N=194058, N_branch=500, dt_b=-0.0001, dt_f=0.0001, rtol=1e-9
T_min=0, T_max_b=-6.283185307179586, T_max_f=12.566370614359172, ZOOM=True
Features: normalized position, unit tangent and residence time blocks.
OE event: first outward crossing of 2.5 lunar SOI along each integration direction, before any detected collision.
Frame: geocentric inertial axes coincident with synodic axes at t=0.
STD: ddof=0; w statistics use offsets from the cluster circular mean (angle_origin_deg).
angle_resultant: 1=concentrated directions; 0=no defined mean direction. Broad angular clouds require caution with linearized moments.
NaN: missing event, undefined parameter/statistic, or missing representative parameter.

K=10, STD=0.01732555745
n = trajectories per cluster; conditions overlap.
n = 1: clusters=0/10 (0.00%); trajectories=0/194058 (0.00%)
n < 10: clusters=0/10 (0.00%); trajectories=0/194058 (0.00%)
n < 100: clusters=0/10 (0.00%); trajectories=0/194058 (0.00%)

K=10, phase=backward, parameter=eps [km^2/s^2]
cluster representative_source n_cluster n_valid n_missing median std p05 p95 width90 minimum maximum range skewness error95 error_max angle_origin_deg angle_resultant
0 181750 47920 47920 0 -0.1268624255 0.03958484292 -0.1951428891 -0.07214178157 0.1230011075 -0.231885591 -0.05881779331 0.1730677977 -0.2012175919 0.06673115148 0.1001899529 nan nan
1 160930 2213 2213 0 -0.1891160267 0.1485722158 -0.2581729977 -0.1144641662 0.1437088315 -1.017669023 -0.04380722131 0.973861802 -4.083612594 0.1367771964 0.8277779123 nan nan
2 31229 4929 4929 0 -0.8340899869 0.05005670683 -0.971691821 -0.8125726177 0.1591192033 -1.020836128 -0.8062084723 0.214627656 -1.233565576 0.1412718929 0.1904162003 nan nan
3 18261 17104 17104 0 -0.9046097251 0.0394933829 -0.9830975392 -0.8570228007 0.1260747385 -0.9915968795 -0.8455281707 0.1460687089 -0.3871236783 0.0680168853 0.07609222085 nan nan
4 216018 8846 8846 0 -0.1866412488 0.05754018777 -0.2525795655 -0.05704691204 0.1955326535 -0.2582250091 -0.04391779137 0.2143072177 0.5955509429 0.1180951884 0.131224309 nan nan
5 56494 18771 18771 0 -0.8653368355 0.02426489885 -0.9018020238 -0.8214332798 0.08036874396 -0.9749900021 -0.8063623697 0.1686276324 0.2224321165 0.05132692856 0.1026400909 nan nan
6 168099 9888 9888 0 -0.187254952 0.04483173043 -0.2554878784 -0.1125023516 0.1429855268 -0.2593276385 -0.0613479254 0.1979797131 0.007860669908 0.08007844747 0.1312328737 nan nan
7 148986 58713 58713 0 -0.2094101114 0.0350063545 -0.2464195337 -0.1361768384 0.1102426954 -0.2581106156 -0.1181607648 0.1399498508 0.5161993763 0.07597142759 0.09398750115 nan nan
8 78072 15687 15687 0 -0.9379211104 0.02132762455 -0.9700138787 -0.9074126708 0.06260120794 -1.020739299 -0.8379491244 0.1827901746 0.5985698374 0.05255630394 0.1219849846 nan nan
9 90582 9987 9987 0 -0.9778494025 0.04058683241 -1.003145312 -0.8743099304 0.1288353818 -1.008654727 -0.8065371397 0.2021175874 1.466697305 0.117398871 0.1851716616 nan nan

K=10, phase=backward, parameter=e [-]
cluster representative_source n_cluster n_valid n_missing median std p05 p95 width90 minimum maximum range skewness error95 error_max angle_origin_deg angle_resultant
0 181750 47920 47920 0 0.6966135158 0.09657687784 0.5278327921 0.8280447895 0.3002119974 0.430304744 0.8598376402 0.4295328961 -0.232343954 0.1630720743 0.2548804603 nan nan
1 160930 2213 2213 0 0.5433192847 0.1211849394 0.3620581969 0.7264546965 0.3643964996 0.1766930037 0.8956261106 0.7189331069 0.04397547138 0.2004961909 0.3643441442 nan nan
2 31229 4929 4929 0 0.2497682056 0.09876937067 0.1887338282 0.5032901938 0.3145563656 0.168193931 0.5729713754 0.4047774444 0.9938119479 0.2629068344 0.332588016 nan nan
3 18261 17104 17104 0 0.3939343779 0.06845231849 0.3014446664 0.5200248257 0.2185801593 0.2759808255 0.5323640389 0.2563832134 0.2308802567 0.1152047796 0.1370728765 nan nan
4 216018 8846 8846 0 0.5495338364 0.144099439 0.3730901406 0.8640779284 0.4909877878 0.3566637373 0.8953605839 0.5386968467 0.5117407432 0.285164054 0.3164467096 nan nan
5 56494 18771 18771 0 0.3198830065 0.05238245846 0.2158190701 0.3896561989 0.1738371288 0.168591401 0.508204182 0.3396127809 -0.5484353587 0.1186819703 0.1738509701 nan nan
6 168099 9888 9888 0 0.5478616795 0.1141071857 0.3645848257 0.73122923 0.3666444043 0.3533386986 0.8538741339 0.5005354353 -0.07460806192 0.1969531982 0.3195981022 nan nan
7 148986 58713 58713 0 0.4909557624 0.08965498592 0.3909252304 0.6738402931 0.2829150627 0.35695268 0.7175385073 0.3605858273 0.4537763174 0.1904535546 0.2341517689 nan nan
8 78072 15687 15687 0 0.4509489253 0.03549017054 0.399670119 0.5008162829 0.101146164 0.2593354528 0.5728514127 0.3135159598 -1.003045081 0.08591258263 0.2262353588 nan nan
9 90582 9987 9987 0 0.5123496972 0.06842659736 0.3378025684 0.5486749157 0.2108723473 0.1693191876 0.5563450703 0.3870258827 -1.82244565 0.1947901171 0.3632734978 nan nan

K=10, phase=backward, parameter=w [deg]
cluster representative_source n_cluster n_valid n_missing median std p05 p95 width90 minimum maximum range skewness error95 error_max angle_origin_deg angle_resultant
0 181750 47920 47920 0 -0.7778838192 4.865121396 -6.096729923 11.38765538 17.4843853 -7.645755836 15.92305254 23.56880837 1.264772522 16.73315398 21.26855113 20.92617163 0.9964049398
1 160930 2213 2213 0 -0.9111820789 33.87873841 -8.46673235 10.35078217 18.81751453 -179.6175364 177.7189919 357.3365283 2.492852224 15.29491456 179.9994481 26.01937945 0.9179925483
2 31229 4929 4929 0 1.619907546 9.218359346 -12.90791635 13.59211426 26.5000306 -32.36340358 16.49449029 48.85789387 -0.772554924 19.98143597 39.4369232 203.8601516 0.9871671387
3 18261 17104 17104 0 -0.386357001 4.509220184 -6.412784829 7.015250888 13.42803572 -8.242992233 22.29846428 30.54145651 0.9745616996 8.849181561 24.13239495 189.4479033 0.9969113527
4 216018 8846 8846 0 1.095560123 7.595962954 -10.71330777 13.49788532 24.2111931 -11.4082143 14.61689941 26.02511371 0.2434646765 21.266634 22.38564808 22.023321 0.9912377831
5 56494 18771 18771 0 0.2577304281 7.534068957 -9.800681128 11.88199666 21.68267778 -34.50243898 14.2737737 48.77621268 -1.372120597 15.61254733 40.31430519 205.9548446 0.9914503906
6 168099 9888 9888 0 -1.164050452 4.982771974 -6.278273319 10.43523539 16.71350871 -15.29308252 11.0584135 26.35149602 0.806574634 10.68712521 15.11308364 25.88075433 0.9962260193
7 148986 58713 58713 0 0.5375990024 4.158532398 -8.530224723 5.646852429 14.17707715 -15.14328589 8.691733889 23.83501978 -0.6988444253 12.85359613 19.4666573 27.65575883 0.9973698314
8 78072 15687 15687 0 -0.347537521 5.37172403 -7.790160982 9.404425629 17.19458661 -27.01485125 19.60530861 46.62015986 0.2909887134 11.0045208 25.59287114 200.6106627 0.9956167684
9 90582 9987 9987 0 -1.672827365 10.3839142 -13.14569692 21.15908352 34.30478044 -14.17226844 25.75356632 39.92583476 0.6976592456 19.33492264 23.92940544 194.2977275 0.9836967546

K=10, phase=forward, parameter=eps [km^2/s^2]
cluster representative_source n_cluster n_valid n_missing median std p05 p95 width90 minimum maximum range skewness error95 error_max angle_origin_deg angle_resultant
0 181750 47920 47920 0 -0.1284283977 0.04146333117 -0.1980216173 -0.07256937494 0.1254522423 -0.2587671269 -0.05885393284 0.199913194 -0.3170381433 0.0733191857 0.1340646953 nan nan
1 160930 2213 2213 0 -0.2568896732 0.3554814254 -0.9654144078 -0.1158355165 0.8495788913 -1.020582924 -0.04380055914 0.9767823647 -0.06985213599 0.8378396496 0.8930081656 nan nan
2 31229 4929 4929 0 -0.2134671131 0.3575322993 -0.9070927873 -0.05288036621 0.8542124211 -1.020384954 -0.04389160369 0.9764933502 -0.1143195297 0.766342789 0.8796349556 nan nan
3 18261 17104 17104 0 -0.9578666484 0.03713329347 -1.00047939 -0.8854113209 0.1150680693 -1.008564402 -0.8473067712 0.1612576305 0.4095961061 0.06486789707 0.1029724468 nan nan
4 216018 8846 8846 0 -0.8437205241 0.04317143498 -0.9627155278 -0.8130923581 0.1496231696 -1.020820046 -0.8067544424 0.2140656036 -1.356171985 0.133191877 0.1912963951 nan nan
5 56494 18771 18771 0 -0.2248127385 0.2080919893 -0.893030635 -0.1527229583 0.7403076767 -1.020656292 -0.07493086741 0.9457254241 -2.617739194 0.6660975947 0.7937232512 nan nan
6 168099 9888 9888 0 -0.1769941611 0.0858059984 -0.2521817079 -0.1114068091 0.1407748988 -1.020807534 -0.0678054649 0.9530020692 -6.909111049 0.07582482981 0.8342948044 nan nan
7 148986 58713 58713 0 -0.9015231566 0.03973265455 -0.9620599041 -0.8403471501 0.121712754 -0.9809766924 -0.8071892914 0.173787401 0.1080518732 0.07589969397 0.09270741361 nan nan
8 78072 15687 15687 0 -0.1995036355 0.2118548603 -0.8938958979 -0.1293897831 0.7645061148 -0.9784930171 -0.1179166154 0.8605764017 -2.672273072 0.6984787476 0.7830758667 nan nan
9 90582 9987 9987 0 -0.8904334328 0.03604230147 -0.9698258158 -0.8527961125 0.1170297033 -0.9852186064 -0.8124351423 0.1727834641 -0.6400517483 0.06825738853 0.09040635698 nan nan

K=10, phase=forward, parameter=e [-]
cluster representative_source n_cluster n_valid n_missing median std p05 p95 width90 minimum maximum range skewness error95 error_max angle_origin_deg angle_resultant
0 181750 47920 47920 0 0.6928875715 0.1016384493 0.5206212112 0.8270159499 0.3063947387 0.3550405676 0.8597500074 0.5047094398 -0.3726386674 0.1814747504 0.3470553939 nan nan
1 160930 2213 2213 0 0.4821415065 0.1611503837 0.2264535993 0.7231820581 0.4967284588 0.1698141831 0.8956399398 0.7258257567 0.2872827058 0.4683853768 0.525024793 nan nan
2 31229 4929 4929 0 0.4854386802 0.2350451966 0.1932458598 0.8740274301 0.6807815703 0.1697123633 0.8954250633 0.7257127 0.234531564 0.4693217313 0.4928552278 nan nan
3 18261 17104 17104 0 0.4820902127 0.05999766325 0.3584643663 0.5449437127 0.1864793464 0.2816146502 0.5562090262 0.274594376 -0.528963866 0.1117018954 0.1885516115 nan nan
4 216018 8846 8846 0 0.2724544526 0.08471098076 0.1905808455 0.4897010009 0.2991201554 0.1700181651 0.5729557573 0.4029375922 1.00317509 0.252360103 0.3356148594 nan nan
5 56494 18771 18771 0 0.4577059812 0.09055205343 0.3616697984 0.6334666035 0.2717968051 0.1685723685 0.8215002751 0.6529279066 0.2441157085 0.1942849474 0.3761316715 nan nan
6 168099 9888 9888 0 0.5735427129 0.1050321325 0.3822780826 0.7338407689 0.3515626863 0.1700666531 0.8384885339 0.6684218808 -0.2997789477 0.1893365214 0.3795638554 nan nan
7 148986 58713 58713 0 0.3891360549 0.07408646519 0.2644442004 0.4887858638 0.2243416634 0.1714017878 0.5165534965 0.3451517087 -0.37927323 0.1315708985 0.1934504146 nan nan
8 78072 15687 15687 0 0.5165804496 0.1009931741 0.3830990296 0.6903954347 0.3072964051 0.1690549787 0.7181299365 0.5490749578 -0.3405509554 0.1798672861 0.3578176084 nan nan
9 90582 9987 9987 0 0.3684441947 0.06435301777 0.2924927915 0.5005505318 0.2080577403 0.1898275721 0.523201918 0.3333743459 0.442821244 0.1135446831 0.2012137009 nan nan

K=10, phase=forward, parameter=w [deg]
cluster representative_source n_cluster n_valid n_missing median std p05 p95 width90 minimum maximum range skewness error95 error_max angle_origin_deg angle_resultant
0 181750 47920 47920 0 -4.272393609 20.48080708 -23.69597627 41.68936592 65.3853422 -25.48015992 91.35225316 116.8324131 0.9942393765 41.63066257 91.29354981 176.356604 0.9384935153
1 160930 2213 2213 0 7.19236569 86.66432332 -107.78712 153.4317968 261.2189168 -179.9073094 179.0446089 358.9519183 0.1052953424 172.6117074 179.8078529 98.74874838 0.1889222571
2 31229 4929 4929 0 22.27527514 78.73191941 -124.1951675 106.1509603 230.3461279 -179.6535291 179.9357284 359.5892575 -0.04512937151 167.7189962 179.6155931 232.1572673 0.2887347778
3 18261 17104 17104 0 -1.643237348 9.997040716 -12.18909186 17.43550341 29.62459527 -13.44711165 49.7196415 63.16675315 1.361130835 23.75899886 56.04313695 302.8566038 0.985004701
4 216018 8846 8846 0 -9.510081796 36.74362846 -42.47348642 68.3945462 110.8680326 -57.06313826 103.5094645 160.5726028 0.5953420908 77.41312584 112.5280442 78.20307377 0.8091178981
5 56494 18771 18771 0 -5.732980767 54.24484957 -142.9922599 63.08250838 206.0747683 -179.8406811 179.8454848 359.6861659 -0.4513461791 159.2209477 179.9845936 195.3951616 0.7225265585
6 168099 9888 9888 0 -1.832047939 30.13129186 -47.2949281 46.92886325 94.22379135 -179.9055297 88.82079937 268.7263291 -1.004383379 58.5360122 171.6714685 282.5054882 0.8836236402
7 148986 58713 58713 0 -2.83786435 16.96219036 -19.90443624 30.44940113 50.35383737 -21.58875603 103.7707953 125.3595513 1.372585951 50.87143866 124.1928328 12.07585042 0.958078047
8 78072 15687 15687 0 -2.952055513 47.16720404 -126.2503114 49.96737129 176.2176827 -179.9317199 179.7359825 359.6677023 -0.8833002212 133.2954473 179.9952685 186.4102998 0.7740405778
9 90582 9987 9987 0 -2.974217142 20.16775117 -23.41979725 40.23579591 63.65559316 -24.9630347 82.83840623 107.8014409 0.8917690867 44.00818394 86.61079426 314.4103347 0.9401998178

K=14, STD=0.01542029775
n = trajectories per cluster; conditions overlap.
n = 1: clusters=0/14 (0.00%); trajectories=0/194058 (0.00%)
n < 10: clusters=0/14 (0.00%); trajectories=0/194058 (0.00%)
n < 100: clusters=0/14 (0.00%); trajectories=0/194058 (0.00%)

K=14, phase=backward, parameter=eps [km^2/s^2]
cluster representative_source n_cluster n_valid n_missing median std p05 p95 width90 minimum maximum range skewness error95 error_max angle_origin_deg angle_resultant
0 181750 47927 47927 0 -0.1268710085 0.0395854861 -0.1951382954 -0.07214376601 0.1229945294 -0.231885591 -0.05881779331 0.1730677977 -0.2009041351 0.06673051089 0.1001899529 nan nan
1 21408 3508 3508 0 -0.8431416795 0.04738859039 -0.970845029 -0.8239996482 0.1468453807 -1.020836128 -0.8067739195 0.2140622089 -1.059073679 0.1389376353 0.1889287347 nan nan
2 23147 2313 2313 0 -0.8263611007 0.03906225562 -0.9471070991 -0.8113596369 0.1357474622 -1.020754723 -0.8062084723 0.214546251 -2.405081035 0.1239666731 0.1976142972 nan nan
3 18261 17002 17002 0 -0.9043494745 0.03932473387 -0.9826920324 -0.8569637564 0.1257282759 -0.9913826165 -0.8455281707 0.1458544458 -0.3915717608 0.06773532849 0.07587795784 nan nan
4 91614 6762 6762 0 -0.1628489791 0.05442891387 -0.2415045915 -0.05191312059 0.1895914709 -0.2582250091 -0.04391779137 0.2143072177 0.3625503235 0.1242252909 0.1322206201 nan nan
5 47096 7989 7989 0 -0.8629924063 0.02536159233 -0.901125513 -0.814189589 0.08693592403 -0.9412522397 -0.8066103601 0.1346418796 0.2124882202 0.05016196283 0.07776794112 nan nan
6 168099 9791 9791 0 -0.1867598859 0.04465001121 -0.2553601414 -0.1124354438 0.1429246976 -0.2593276385 -0.05818313654 0.201144502 0.00320651334 0.08014535526 0.1343976626 nan nan
7 212888 33997 33997 0 -0.2257343095 0.02858099851 -0.2507798045 -0.1590485652 0.09173123937 -0.2581905542 -0.1180494255 0.1401411287 0.9304321021 0.06399222456 0.1049913642 nan nan
8 20330 8785 8785 0 -0.8694265311 0.02244110975 -0.9035036407 -0.837213072 0.06629056873 -0.9143084138 -0.8064508012 0.1078576125 0.2366100453 0.06206958388 0.07287435694 nan nan
9 88967 9827 9827 0 -0.9787832409 0.03769492067 -1.003206752 -0.8878821009 0.1153246511 -1.008654727 -0.8067522516 0.2019024756 1.512984373 0.104564503 0.1856943523 nan nan
10 76092 14108 14108 0 -0.9374990858 0.0197671313 -0.9680398632 -0.9082755456 0.05976431759 -1.020739299 -0.83762378 0.1831155189 0.3570797447 0.05027323454 0.1208798724 nan nan
11 33850 3003 3003 0 -0.90593623 0.04686795442 -0.9771973918 -0.8305316376 0.1466657542 -1.020743755 -0.8063623697 0.2143813855 0.1113910879 0.0760378656 0.1148075252 nan nan
12 164683 1908 1908 0 -0.1914167092 0.1013554182 -0.2569008486 -0.1143606229 0.1425402257 -1.017669023 -0.04380722131 0.973861802 -5.444644661 0.08582404414 0.8239170557 nan nan
13 140919 27138 27138 0 -0.1855747542 0.0328967542 -0.2274106112 -0.1294453077 0.09796530349 -0.2466604243 -0.1187254608 0.1279349635 0.1980122441 0.06108521288 0.07180505982 nan nan

K=14, phase=backward, parameter=e [-]
cluster representative_source n_cluster n_valid n_missing median std p05 p95 width90 minimum maximum range skewness error95 error_max angle_origin_deg angle_resultant
0 181750 47927 47927 0 0.6965929816 0.09657830563 0.527848043 0.8280365819 0.3001885389 0.430304744 0.8598376402 0.4295328961 -0.2320250436 0.1630708758 0.2548804603 nan nan
1 21408 3508 3508 0 0.2713362001 0.09063702224 0.2233319934 0.5019311417 0.2785991482 0.1700425005 0.5729713754 0.402928875 0.8414738261 0.2582078041 0.3292480379 nan nan
2 23147 2313 2313 0 0.2291911822 0.07914985611 0.1850846366 0.4655298446 0.2804452079 0.168193931 0.5728758046 0.4046818736 2.035910316 0.2446860493 0.3520320093 nan nan
3 18261 17002 17002 0 0.3934481495 0.06820765589 0.3013740654 0.519431999 0.2180579336 0.2759808255 0.5320537516 0.2560729261 0.234856944 0.115083081 0.1370728765 nan nan
4 91614 6762 6762 0 0.6089228116 0.1348916443 0.4043111601 0.8763300144 0.4720188543 0.3566637373 0.8953605839 0.5386968467 0.2830355455 0.301170115 0.3202006846 nan nan
5 47096 7989 7989 0 0.3151293082 0.05581301503 0.1944968244 0.3885007758 0.1940039515 0.1695188524 0.4560854316 0.2865665792 -0.5325435254 0.1225204298 0.1466594136 nan nan
6 168099 9791 9791 0 0.5491107944 0.113590826 0.3648648128 0.7313881237 0.3665233109 0.3533386986 0.8614117627 0.5080730641 -0.07995405509 0.1971120919 0.3271357309 nan nan
7 212888 33997 33997 0 0.4479044648 0.07439337913 0.378415683 0.6177715655 0.2393558825 0.3567492646 0.7178105754 0.3610613108 0.8482686792 0.1620491674 0.2620881773 nan nan
8 20330 8785 8785 0 0.3282660847 0.04712122419 0.2567236045 0.3926179549 0.1358943505 0.1690074652 0.4112259775 0.2422185123 -0.5428066897 0.1257641103 0.1443721329 nan nan
9 88967 9827 9827 0 0.5137380636 0.06270167888 0.3640765687 0.5487519423 0.1846753736 0.1702670974 0.5563450703 0.3860779729 -1.873371624 0.1695662689 0.3633757402 nan nan
10 76092 14108 14108 0 0.4502771325 0.03251899595 0.4011763261 0.4978212869 0.09664496081 0.2588803498 0.5728514127 0.3139710628 -0.6459159536 0.08221944692 0.2244893538 nan nan
11 33850 3003 3003 0 0.396867096 0.08674568369 0.2402984861 0.5114912187 0.2711927327 0.168591401 0.5728380059 0.4042466048 -0.4310910177 0.1575878012 0.2280664434 nan nan
12 164683 1908 1908 0 0.5374071439 0.1197810269 0.3633151353 0.7267612439 0.3634461085 0.1766930037 0.8956261106 0.7189331069 0.1891614286 0.1972220781 0.3643811926 nan nan
13 140919 27138 27138 0 0.5517436702 0.08284910788 0.4433600101 0.6902496065 0.2468895964 0.3895813856 0.716173616 0.3265922304 0.1653968159 0.1510626602 0.1769866697 nan nan

K=14, phase=backward, parameter=w [deg]
cluster representative_source n_cluster n_valid n_missing median std p05 p95 width90 minimum maximum range skewness error95 error_max angle_origin_deg angle_resultant
0 181750 47927 47927 0 -0.7772346796 4.865489794 -6.098949819 11.38850053 17.48745035 -7.644742782 15.92406559 23.56880837 1.264498974 16.73298607 21.26855113 20.92515857 0.996404396
1 21408 3508 3508 0 3.405842809 9.767323564 -13.52064449 12.61287413 26.13351862 -34.32500092 14.53007964 48.85508056 -0.9383291357 14.72997412 33.03370385 205.8245623 0.9856091711
2 23147 2313 2313 0 1.888600353 8.302404519 -15.17938263 13.10972806 28.28911068 -32.19086585 16.2520188 48.44288465 -1.012646792 19.74967113 36.76115435 203.6876139 0.9895894529
3 18261 17002 17002 0 -0.3874731588 4.49698774 -6.381412538 7.007295312 13.38870785 -8.192645796 22.29709395 30.48973974 0.9813064495 8.842596316 24.13239495 189.4492737 0.9969280923
4 91614 6762 6762 0 1.456693383 7.119872355 -9.521808431 13.87306466 23.39487309 -10.0335677 16.41446157 26.44802927 0.2984080585 22.10217868 22.61393795 20.6486744 0.9922997971
5 47096 7989 7989 0 0.9561896109 8.190184067 -16.41269078 10.94903983 27.36173061 -35.47319377 13.00183914 48.47503291 -2.337014403 19.16791195 38.22841494 207.0189954 0.989961333
6 168099 9791 9791 0 -1.129261518 4.9497079 -6.210079401 10.49082334 16.70090274 -15.23950186 11.11199416 26.35149602 0.8270959822 10.69181976 15.11308364 25.82717368 0.9962760474
7 212888 33997 33997 0 1.426854508 5.453056636 -9.711797779 7.414041415 17.12583919 -15.34550086 8.967612282 24.31311314 -0.4781341681 13.71096754 15.2645384 27.38324629 0.9954781805
8 20330 8785 8785 0 -1.599629542 5.662465786 -6.679089672 9.523706276 16.20279595 -31.9841108 14.56662326 46.55073406 0.4505132481 13.93742006 28.33375142 205.0945662 0.9951311529
9 88967 9827 9827 0 -1.718558616 10.20817127 -12.81080166 20.71544054 33.52624221 -13.82742453 26.09841024 39.92583476 0.7163621974 18.94951581 24.33248551 193.9528836 0.9842419777
10 76092 14108 14108 0 -0.3416734473 5.140511233 -7.216545803 8.783375092 15.9999209 -28.03695549 18.27271148 46.30966697 0.2790543575 11.09518937 25.84270139 201.2366234 0.9959859439
11 33850 3003 3003 0 -1.555668739 8.811195113 -7.020497035 20.26605607 27.28655311 -26.66661843 22.10959425 48.77621268 0.7846945996 23.5251264 25.06618345 198.1190241 0.9882792465
12 164683 1908 1908 0 -0.8555385044 21.66419115 -7.95137812 10.29456422 18.24594234 -178.9210642 175.4977761 354.4188403 3.877050057 10.63148251 179.4216463 25.92010545 0.9646114454
13 140919 27138 27138 0 0.062657852 2.171725773 -3.62658363 3.322278157 6.948861787 -14.48874479 7.498636413 21.9873812 -0.2933694275 5.229885571 16.05460515 27.8988201 0.9992819844

K=14, phase=forward, parameter=eps [km^2/s^2]
cluster representative_source n_cluster n_valid n_missing median std p05 p95 width90 minimum maximum range skewness error95 error_max angle_origin_deg angle_resultant
0 181750 47927 47927 0 -0.1284401265 0.04228946405 -0.1980587919 -0.07257060039 0.1254881915 -0.8267214822 -0.05885393284 0.7678675493 -0.9249104042 0.07335636032 0.7020190506 nan nan
1 21408 3508 3508 0 -0.142806704 0.2008059487 -0.8383788564 -0.04954368961 0.7888351668 -0.9518524205 -0.04398107964 0.9078713409 -2.828607842 0.7592778904 0.8727514545 nan nan
2 23147 2313 2313 0 -0.8247151568 0.2312226129 -0.9293949212 -0.1581857995 0.7712091218 -1.020440955 -0.04389160369 0.9765493513 2.071083072 0.6680839951 0.7823781908 nan nan
3 18261 17002 17002 0 -0.9581040158 0.03705869931 -1.000500347 -0.8857146769 0.1147856698 -1.008564402 -0.8702924762 0.1382719254 0.4093726333 0.06456454106 0.07998674177 nan nan
4 91614 6762 6762 0 -0.8449926762 0.0455812822 -0.9680299138 -0.8172055626 0.1508243512 -1.020820046 -0.8067544424 0.2140656036 -1.189671766 0.08771402686 0.1179561924 nan nan
5 47096 7989 7989 0 -0.2380381333 0.09121388771 -0.2554764725 -0.2228413275 0.03263514503 -0.9814862737 -0.1783828257 0.803103448 -7.003244732 0.02229084411 0.7384529822 nan nan
6 168099 9791 9791 0 -0.1759551183 0.06615399133 -0.2506009466 -0.1113569677 0.139243979 -1.020392173 -0.0678054649 0.9525867083 -6.41329471 0.07558532672 0.8338794434 nan nan
7 212888 33997 33997 0 -0.869291231 0.03127779006 -0.931307673 -0.8240576361 0.1072500368 -1.020811158 -0.8071000865 0.2137110715 -0.5450991407 0.07488119517 0.1240239249 nan nan
8 20330 8785 8785 0 -0.1912975804 0.1448650148 -0.2254075752 -0.1487060654 0.07670150974 -0.9807716408 -0.1277500247 0.8530216161 -4.490425331 0.06237890184 0.7773513108 nan nan
9 88967 9827 9827 0 -0.8907397534 0.03615328874 -0.969685465 -0.8529556154 0.1167298495 -0.9853012221 -0.8124351423 0.1728660798 -0.6285488359 0.0677256384 0.09100424442 nan nan
10 76092 14108 14108 0 -0.1978129355 0.06933732991 -0.2298572649 -0.1286532837 0.1012039812 -0.8565412752 -0.1181512267 0.7383900485 -6.837522841 0.07058758342 0.6587287539 nan nan
11 33850 3003 3003 0 -0.8988796661 0.04759065868 -0.9765043218 -0.8217675496 0.1547367722 -1.020656292 -0.8063625598 0.2142937317 -0.003838500828 0.1001069006 0.1155118904 nan nan
12 164683 1908 1908 0 -0.2127771967 0.3425428421 -0.9470690349 -0.1157799371 0.8312890979 -1.020582924 -0.04380055914 0.9767823647 -0.4542239471 0.7442107407 0.8177246296 nan nan
13 140919 27138 27138 0 -0.9341567154 0.02399932912 -0.9671044492 -0.8915355843 0.07556886481 -0.9750473145 -0.8092117789 0.1658355356 0.486325319 0.04146463519 0.120397888 nan nan

K=14, phase=forward, parameter=e [-]
cluster representative_source n_cluster n_valid n_missing median std p05 p95 width90 minimum maximum range skewness error95 error_max angle_origin_deg angle_resultant
0 181750 47927 47927 0 0.6928397791 0.1017843435 0.5205739847 0.827014201 0.3064402163 0.2080534199 0.8597500074 0.6516965875 -0.3826701376 0.1815219769 0.4940425416 nan nan
1 21408 3508 3508 0 0.6582125562 0.1569575739 0.3318574077 0.8819618471 0.5501044394 0.1698731259 0.8952125964 0.7253394705 -0.5324015997 0.4796917451 0.6416760269 nan nan
2 23147 2313 2313 0 0.2328156939 0.1426616012 0.1889111505 0.6201217142 0.4312105638 0.1697123633 0.8954250633 0.7257127 1.827177982 0.3913725447 0.6666758938 nan nan
3 18261 17002 17002 0 0.4824432036 0.05984464676 0.3590967933 0.5449630403 0.185866247 0.3288583836 0.5562090262 0.2273506425 -0.5273413819 0.1110694684 0.1413078781 nan nan
4 91614 6762 6762 0 0.2756929357 0.0880742063 0.2033845161 0.4974409887 0.2940564726 0.1700181651 0.5729557573 0.4029375922 0.9059486445 0.1885378612 0.2219042122 nan nan
5 47096 7989 7989 0 0.4148631736 0.02946551558 0.3669164595 0.4574977595 0.09058129997 0.2579132411 0.570856785 0.3129435439 0.02165537647 0.05818731259 0.1699864234 nan nan
6 168099 9791 9791 0 0.5760945294 0.1058970581 0.380150684 0.7339714027 0.3538207187 0.1700666531 0.8384885339 0.6684218808 -0.3475383687 0.1898397439 0.3795638554 nan nan
7 212888 33997 33997 0 0.3279753882 0.06284618525 0.2231409913 0.4402334311 0.2170924398 0.1711237845 0.5729437429 0.4018199583 0.07678393015 0.1592101461 0.2096875927 nan nan
8 20330 8785 8785 0 0.5374469073 0.06983042914 0.453394907 0.6432446203 0.1898497133 0.1771737652 0.6943948676 0.5172211024 -0.9722247542 0.1429412523 0.3287694128 nan nan
9 88967 9827 9827 0 0.3690157903 0.06453964999 0.2928535841 0.5003409267 0.2074873426 0.1898275721 0.5233191431 0.3334915711 0.4329745571 0.113984189 0.2022782796 nan nan
10 76092 14108 14108 0 0.5208389995 0.08982408685 0.4368544301 0.6921505512 0.2552961211 0.1701598274 0.7175698908 0.5474100634 0.07210248279 0.1748255638 0.3505882204 nan nan
11 33850 3003 3003 0 0.3843733085 0.08903840925 0.2142500481 0.5104731873 0.2962231392 0.1685723685 0.5727162374 0.4041438689 -0.3368429681 0.2099138674 0.255591547 nan nan
12 164683 1908 1908 0 0.4871512466 0.160561952 0.2258492654 0.7233155452 0.4974662797 0.1698141831 0.8956399398 0.7258257567 0.1597651935 0.2911780772 0.3876629837 nan nan
13 140919 27138 27138 0 0.4448276853 0.04056040786 0.3708545505 0.4964289864 0.1255744359 0.1789620903 0.5083076615 0.3293455711 -0.8284307884 0.06830086392 0.258345453 nan nan

K=14, phase=forward, parameter=w [deg]
cluster representative_source n_cluster n_valid n_missing median std p05 p95 width90 minimum maximum range skewness error95 error_max angle_origin_deg angle_resultant
0 181750 47927 47927 0 -4.27297964 20.54219366 -23.69430572 41.69294238 65.3872481 -135.1215032 91.35883099 226.4803342 0.9484788472 41.67306142 135.1867844 176.3500262 0.9382578905
1 21408 3508 3508 0 -3.888660429 51.77216894 -39.99424521 73.05476758 113.0490128 -179.6729507 179.762469 359.4354197 0.08486898949 146.0325076 179.8150946 280.8202337 0.7398575879
2 23147 2313 2313 0 -2.139490732 52.14557637 -106.5055892 117.253831 223.7594201 -179.9500709 179.2135923 359.1636632 0.0865728141 128.0100284 179.4446026 160.3954081 0.7213873172
3 18261 17002 17002 0 -1.617657606 9.957698322 -12.15581524 17.22898293 29.38479817 -13.41623394 49.75051921 63.16675315 1.368979019 23.52160067 56.04313695 302.8257261 0.9851234645
4 91614 6762 6762 0 -6.797231709 39.7025038 -49.72654099 65.80089962 115.5274406 -55.27611495 114.177049 169.453164 0.3249923106 66.70380731 115.0799567 89.96640496 0.7767089489
5 47096 7989 7989 0 -2.520982634 28.35686004 -25.86442831 42.38660284 68.25103115 -179.4640841 179.7494607 359.2135448 2.575277105 43.02823583 179.754516 197.2396283 0.9102485114
6 168099 9791 9791 0 -1.668665603 27.73705447 -45.82052198 46.29105932 92.11158131 -173.7011719 159.2992144 333.0003863 0.2628492214 55.24460284 167.4921883 282.4644009 0.8944446157
7 212888 33997 33997 0 -3.976197097 21.59365173 -23.47515637 43.43834252 66.91349888 -26.66602156 136.3980933 163.0641149 1.592425354 44.63270717 137.592458 18.18501203 0.9341282086
8 20330 8785 8785 0 -11.14570888 42.3693996 -27.76250917 52.90442422 80.66693339 -179.9814681 179.9005336 359.8820017 0.3600191037 76.98391745 179.7444488 190.4176907 0.8149223004
9 88967 9827 9827 0 -3.16078237 19.51493413 -22.70486324 39.27064997 61.9755132 -24.17540863 80.42100223 104.5964109 0.8632405499 42.70369707 83.85404933 313.6227087 0.9438059336
10 76092 14108 14108 0 -3.90212433 26.41592555 -26.91118346 42.83352057 69.74470403 -179.7293904 179.8336531 359.5630436 1.249395491 51.42500349 178.7788385 190.9028806 0.9126789893
11 33850 3003 3003 0 2.892227919 31.01704164 -68.84450417 42.75914519 111.6036494 -80.67192928 84.11812731 164.7900566 -0.6894493035 68.36775566 86.70176251 41.7526051 0.8651288215
12 164683 1908 1908 0 -4.727950841 95.24889387 -160.9491016 165.7512984 326.7004 -179.2955402 179.9068353 359.2023754 -0.003327368732 174.1907061 179.9879675 47.6950914 0.1991075257
13 140919 27138 27138 0 -3.092885919 14.94661236 -16.96562743 26.56271483 43.52834226 -17.73665282 73.47534272 91.21199555 1.102478099 39.53174496 86.44437285 8.223747214 0.9668014182

K=18, STD=0.01467682114
n = trajectories per cluster; conditions overlap.
n = 1: clusters=0/18 (0.00%); trajectories=0/194058 (0.00%)
n < 10: clusters=0/18 (0.00%); trajectories=0/194058 (0.00%)
n < 100: clusters=0/18 (0.00%); trajectories=0/194058 (0.00%)

K=18, phase=backward, parameter=eps [km^2/s^2]
cluster representative_source n_cluster n_valid n_missing median std p05 p95 width90 minimum maximum range skewness error95 error_max angle_origin_deg angle_resultant
0 181750 47016 47016 0 -0.1256892131 0.03841309846 -0.1923192041 -0.071977812 0.1203413921 -0.2046430546 -0.05881779331 0.1458252613 -0.1553582097 0.06498573866 0.07294741647 nan nan
1 160348 1625 1625 0 -0.1907891584 0.04671569096 -0.2561315099 -0.1145419392 0.1415895707 -0.2595672675 -0.04380722131 0.2157600462 0.2291370693 0.07427441507 0.1450091329 nan nan
2 22050 1980 1980 0 -0.8248353592 0.025919006 -0.8767683917 -0.8121424141 0.0646259777 -1.020599717 -0.8062084723 0.2143912451 -3.858590584 0.05248109819 0.1963124238 nan nan
3 18261 17002 17002 0 -0.9043494745 0.03932473387 -0.9826920324 -0.8569637564 0.1257282759 -0.9913826165 -0.8455281707 0.1458544458 -0.3915717608 0.06773532849 0.07587795784 nan nan
4 221062 4760 4760 0 -0.2136281061 0.0422133495 -0.2547797686 -0.1219795836 0.132800185 -0.2582250091 -0.09218202284 0.1660429863 0.6396495768 0.08637581936 0.1161733801 nan nan
5 33028 1610 1610 0 -0.824792618 0.01940927991 -0.8627207565 -0.8076127654 0.05510799111 -1.020739299 -0.8066103601 0.2141289389 -1.461365132 0.04049757711 0.1985161196 nan nan
6 165967 4575 4575 0 -0.2471338854 0.01685991217 -0.2580988672 -0.2060656825 0.05203318467 -0.2593276385 -0.1731371094 0.08619052911 1.012484229 0.03902728763 0.07195586074 nan nan
7 149905 30576 30576 0 -0.2209223546 0.02951431168 -0.2466968446 -0.154998874 0.09169797057 -0.2566144246 -0.1178214189 0.1387930057 0.8444245011 0.06736779608 0.1045452511 nan nan
8 88967 9789 9789 0 -0.9788965782 0.03731299472 -1.003211495 -0.8899855013 0.1132259935 -1.008654727 -0.8067522516 0.2019024756 1.531540121 0.1024611026 0.1856943523 nan nan
9 22966 12483 12483 0 -0.8708252564 0.02011180717 -0.9013909335 -0.8389962188 0.06239471472 -0.9100740955 -0.8065266032 0.1035474923 0.1847140466 0.05926844183 0.06795160379 nan nan
10 33619 2966 2966 0 -0.9025506832 0.04684504568 -0.9766717341 -0.8245982787 0.1520734554 -1.020743755 -0.8063623697 0.2143813855 0.07931551126 0.07861041004 0.1176420584 nan nan
11 36141 2070 2070 0 -0.890800603 0.05155638014 -0.9755364483 -0.8295027567 0.1460336916 -1.020778602 -0.8155535203 0.2052250817 -0.2178915555 0.0780343108 0.1137110625 nan nan
12 133750 3905 3905 0 -0.142021609 0.05528697515 -0.2132450217 -0.04729531156 0.1659497101 -0.2446692737 -0.04387907749 0.2007901962 0.2655177161 0.1046156757 0.1080319098 nan nan
13 141808 26930 26930 0 -0.1876432181 0.03321499441 -0.2280378566 -0.1293707743 0.09866708235 -0.2461931169 -0.1187254608 0.1274676561 0.2476354846 0.06163327008 0.07227858355 nan nan
14 34987 344 344 0 -0.8712239591 0.05668103104 -0.9755256861 -0.8190752333 0.1564504528 -1.020754723 -0.8068393667 0.2139153566 -0.4835873635 0.08347943953 0.1203615929 nan nan
15 74518 13884 13884 0 -0.9378370471 0.01848311304 -0.9679415719 -0.9087917988 0.0591497731 -1.016166402 -0.9005575832 0.1156088184 -0.06053292982 0.04953419171 0.0578529356 nan nan
16 45696 4437 4437 0 -0.8500996374 0.02889931302 -0.9085946766 -0.8279367482 0.08065792846 -1.020836128 -0.8067739195 0.2140622089 -1.021555297 0.06200443445 0.1742458862 nan nan
17 153904 8106 8106 0 -0.1692725318 0.03538226274 -0.2095723201 -0.1113858686 0.09818645157 -0.245510047 -0.04413887266 0.2013711743 0.2034224807 0.06273494923 0.129856915 nan nan

K=18, phase=backward, parameter=e [-]
cluster representative_source n_cluster n_valid n_missing median std p05 p95 width90 minimum maximum range skewness error95 error_max angle_origin_deg angle_resultant
0 181750 47016 47016 0 0.6995210411 0.09351187963 0.5351036371 0.8284360195 0.2933323824 0.5030713281 0.8598376402 0.3567663121 -0.1786116725 0.1586453245 0.1821138762 nan nan
1 160348 1625 1625 0 0.5387632892 0.1186066446 0.362819728 0.7262732652 0.3634535372 0.3526417655 0.8956261106 0.5429843451 0.135188855 0.1870382167 0.3518654369 nan nan
2 22050 1980 1980 0 0.2255044964 0.05440915355 0.1874627489 0.3432955509 0.155832802 0.168193931 0.572638391 0.40444446 3.031589712 0.1193971475 0.3487399876 nan nan
3 18261 17002 17002 0 0.3934481495 0.06820765589 0.3013740654 0.519431999 0.2180579336 0.2759808255 0.5320537516 0.2560729261 0.234856944 0.115083081 0.1370728765 nan nan
4 221062 4760 4760 0 0.4803430431 0.1085913025 0.3669092624 0.7087855629 0.3418763006 0.3566637373 0.7802993862 0.423635649 0.5606630557 0.2141373286 0.2856511519 nan nan
5 33028 1610 1610 0 0.2248236392 0.04847835037 0.1728524106 0.314559667 0.1417072564 0.1694347377 0.5728514127 0.4034166749 0.786107708 0.0957412691 0.3540330148 nan nan
6 165967 4575 4575 0 0.3884155327 0.04600109283 0.3570238117 0.498922396 0.1418985842 0.3533386986 0.5839140829 0.2305753842 0.9636020641 0.105127611 0.1901192979 nan nan
7 149905 30576 30576 0 0.4607687899 0.07634134588 0.3902018477 0.627720605 0.2375187572 0.3614360563 0.7187954941 0.3573594377 0.7753675504 0.1714680403 0.2625429294 nan nan
8 88967 9789 9789 0 0.5139402115 0.06202933868 0.3681548196 0.5487932219 0.1806384023 0.1702670974 0.5563450703 0.3860779729 -1.901856451 0.165488018 0.3633757402 nan nan
9 22966 12483 12483 0 0.3309974939 0.04160521003 0.2611266444 0.388870296 0.1277436516 0.1691570339 0.4038803511 0.2347233172 -0.4131845324 0.1202985151 0.1353085701 nan nan
10 33619 2966 2966 0 0.3908161401 0.08737914225 0.2255268192 0.5106781153 0.2851512961 0.168591401 0.5728380059 0.4042466048 -0.4113194553 0.166374178 0.2230357924 nan nan
11 36141 2070 2070 0 0.3692885531 0.09559717967 0.2377311268 0.5089973325 0.2712662058 0.1994812713 0.5728973064 0.3734160352 0.04228146565 0.1616529162 0.199208579 nan nan
12 133750 3905 3905 0 0.6597065511 0.1352113867 0.481244411 0.8873055032 0.4060610922 0.3966677465 0.8954556795 0.498787933 0.2347640854 0.2517574219 0.2599075982 nan nan
13 141808 26930 26930 0 0.5465484159 0.08367483831 0.4416973876 0.6903913729 0.2486939853 0.3922775197 0.716173616 0.3238960963 0.2151961365 0.1524010071 0.1781832502 nan nan
14 34987 344 344 0 0.3315003883 0.1080160859 0.2088826967 0.5090378119 0.3001551151 0.170063584 0.5728758046 0.4028122205 0.2880202713 0.1806568541 0.2167427224 nan nan
15 74518 13884 13884 0 0.4507982109 0.02988675995 0.4019729329 0.4976653814 0.09569244849 0.3876212683 0.5665585489 0.1789372806 -0.01091810862 0.08110703287 0.09544943703 nan nan
16 45696 4437 4437 0 0.2875618704 0.05929544939 0.2340798898 0.4016055616 0.1675256718 0.1700000448 0.5729713754 0.4029713306 0.6081093559 0.1219688508 0.2933346646 nan nan
17 153904 8106 8106 0 0.592742417 0.08760719375 0.4907832328 0.7339133872 0.2431301543 0.3926492482 0.8948398683 0.5021906201 0.1769525086 0.153378348 0.3138277658 nan nan

K=18, phase=backward, parameter=w [deg]
cluster representative_source n_cluster n_valid n_missing median std p05 p95 width90 minimum maximum range skewness error95 error_max angle_origin_deg angle_resultant
0 181750 47016 47016 0 -0.5954591387 4.460666835 -5.841967999 10.01217662 15.85414462 -7.372716305 15.42021461 22.79293091 1.140542561 15.08463569 20.49267367 20.6531321 0.9969762359
1 160348 1625 1625 0 -0.8552364687 5.109841985 -7.20001096 9.968593604 17.16860456 -15.36418652 11.09029515 26.45448167 0.3217734202 9.959103536 15.72091557 25.96696737 0.9960321502
2 22050 1980 1980 0 1.370816615 7.687650299 -14.62641666 12.18365072 26.81006738 -33.16920875 14.47414397 47.64335271 -1.14193298 17.13543776 35.67822984 204.6659568 0.9910724127
3 18261 17002 17002 0 -0.3874731588 4.49698774 -6.381412538 7.007295312 13.38870785 -8.192645796 22.29709395 30.48973974 0.9813064495 8.842596316 24.13239495 189.4492737 0.9969280923
4 221062 4760 4760 0 -1.895201097 8.504622847 -10.25392456 13.16389854 23.4178231 -11.1390664 13.81065283 24.94971924 0.3646203337 19.01601349 19.66276778 22.54974119 0.9890166294
5 33028 1610 1610 0 8.435783523 16.16511186 -31.80261151 13.81211258 45.61472409 -33.15753221 14.12164683 47.27917904 -0.87419271 42.08359208 43.43851278 204.7033338 0.9607862409
6 165967 4575 4575 0 1.976990217 5.305765891 -11.25851758 5.041510452 16.30002803 -17.72327105 5.266195469 22.98946652 -1.082657072 15.21740219 21.68215565 31.67297237 0.9957221035
7 149905 30576 30576 0 1.587685346 5.349460276 -9.716980158 6.357085102 16.07406526 -15.54145707 9.012632561 24.55408963 -0.5554264569 16.12741168 21.9518886 27.33822601 0.9956483129
8 88967 9789 9789 0 -1.718553834 10.17222423 -12.76294176 20.59424332 33.35718507 -13.77890378 26.14693099 39.92583476 0.7147079577 18.77979784 24.33248551 193.9043628 0.9843518895
9 22966 12483 12483 0 -0.1867407108 4.306148369 -5.720828056 6.320535536 12.04136359 -33.9154724 14.53036484 48.44583724 -0.4732930869 9.136963391 31.19664303 205.4904697 0.9971877003
10 33619 2966 2966 0 -1.541917424 8.762612227 -7.092308852 20.2113208 27.30362965 -26.78311595 21.99309674 48.77621268 0.8421038591 23.34353106 24.68897632 198.2355216 0.9884062819
11 36141 2070 2070 0 -1.476247027 9.549974962 -8.702382684 16.18068992 24.8830726 -29.17954047 19.67554008 48.85508056 -0.3341431178 22.34412547 24.47744862 200.6791018 0.9862313098
12 133750 3905 3905 0 1.934622606 6.326668341 -10.8777468 8.448762226 19.32650903 -11.22784996 15.22017931 26.44802927 -0.4929663942 13.55648723 13.90659039 21.84295666 0.9939184169
13 141808 26930 26930 0 0.06213955672 2.255567012 -3.705343336 3.367345181 7.072688517 -14.371036 8.372331862 22.74336786 -0.2513160531 5.413288345 16.00348547 27.78111132 0.9992255079
14 34987 344 344 0 -0.8421718094 10.09172645 -16.12068435 15.35622842 31.47691277 -30.07258159 17.80662718 47.87920878 -0.714194665 21.87778345 24.94632878 201.6754164 0.9846392683
15 74518 13884 13884 0 -0.2413320854 4.653798718 -6.884619422 7.776387484 14.66100691 -27.13697282 12.99261048 40.1295833 0.05490205641 9.967747462 25.00105098 200.8979556 0.9967073699
16 45696 4437 4437 0 1.910239446 7.236310165 -13.43799074 8.101815901 21.53980664 -39.1088275 9.084558247 48.19338574 -2.215862833 16.73022688 42.40106363 210.6125171 0.9921319429
17 153904 8106 8106 0 -0.1924743981 3.592429026 -5.012834819 8.099769286 13.11260411 -13.74273236 12.44991326 26.19264562 0.7197104711 9.246163282 14.44902036 24.33040417 0.9980386506

K=18, phase=forward, parameter=eps [km^2/s^2]
cluster representative_source n_cluster n_valid n_missing median std p05 p95 width90 minimum maximum range skewness error95 error_max angle_origin_deg angle_resultant
0 181750 47016 47016 0 -0.1280195568 0.04135358967 -0.1973813352 -0.0724085488 0.1249727864 -0.8238947527 -0.05885393284 0.7650408199 -0.4805819176 0.07267890364 0.6991923211 nan nan
1 160348 1625 1625 0 -0.2089924519 0.3264260496 -0.935541597 -0.1153405364 0.8202010606 -1.008423351 -0.04380055914 0.9646227914 -0.7398607598 0.7234625559 0.7963443095 nan nan
2 22050 1980 1980 0 -0.8251340134 0.1943226252 -0.8855725242 -0.1196517229 0.7659208013 -1.020173947 -0.04389160369 0.9762823429 3.130692149 0.7020051855 0.7777653047 nan nan
3 18261 17002 17002 0 -0.9581040158 0.03705869931 -1.000500347 -0.8857146769 0.1147856698 -1.008564402 -0.8702924762 0.1382719254 0.4093726333 0.06456454106 0.07998674177 nan nan
4 221062 4760 4760 0 -0.8414475756 0.03094064997 -0.9126151869 -0.8141177146 0.09849747225 -1.020820046 -0.807091806 0.2137282399 -2.587373169 0.07613671826 0.1843415774 nan nan
5 33028 1610 1610 0 -0.2454120164 0.1138073645 -0.2567374321 -0.2037554036 0.05298202852 -0.9806716823 -0.1074576018 0.8732140805 -5.933044802 0.06454813927 0.7384136813 nan nan
6 165967 4575 4575 0 -0.2017529611 0.3358990715 -0.8454908204 -0.1079124911 0.7375783293 -1.020702889 -0.1044223306 0.9162805581 -0.334089375 0.7195753286 0.8947873969 nan nan
7 149905 30576 30576 0 -0.8727768925 0.02655312501 -0.9272376274 -0.8408980659 0.08633956158 -0.9752504411 -0.8072575607 0.1679928804 -0.5515020463 0.08713571234 0.135148526 nan nan
8 88967 9789 9789 0 -0.8906336254 0.0361383759 -0.9695312984 -0.8529168874 0.116614411 -0.9853012221 -0.8124351423 0.1728660798 -0.6309153135 0.06758233041 0.09100424442 nan nan
9 22966 12483 12483 0 -0.224967872 0.1300056608 -0.2489668416 -0.1549549573 0.09401188434 -0.9814862737 -0.1399771522 0.8415091215 -4.717291108 0.07557885257 0.7589925722 nan nan
10 33619 2966 2966 0 -0.8999579795 0.04738341814 -0.9764975334 -0.8203707708 0.1561267626 -1.020656292 -0.8063625598 0.2142937317 0.02172223483 0.102982361 0.1169905721 nan nan
11 36141 2070 2070 0 -0.1819750822 0.2891724478 -0.8921971366 -0.04748620363 0.844710933 -0.9997486344 -0.04398107964 0.9557675548 -1.478625429 0.7440643521 0.8516158499 nan nan
12 133750 3905 3905 0 -0.8635425194 0.05259163379 -0.9735425146 -0.8114597249 0.1620827897 -1.020582924 -0.8067544424 0.2138284815 -0.5490892284 0.09519252492 0.114519513 nan nan
13 141808 26930 26930 0 -0.9351539191 0.02302633904 -0.9673409495 -0.8951190041 0.07222194543 -0.9830183099 -0.8092117789 0.173806531 0.5029608511 0.03972948793 0.1221062663 nan nan
14 34987 344 344 0 -0.2099464619 0.3503347185 -0.9626444732 -0.112899801 0.8497446722 -1.020440955 -0.04492689433 0.9755140607 -0.5011697951 0.8080014147 0.8657978965 nan nan
15 74518 13884 13884 0 -0.1967395651 0.07249118148 -0.2302158754 -0.1288951646 0.1013207108 -0.8565412752 -0.1185237468 0.7380175284 -6.700153675 0.06870922562 0.6604280975 nan nan
16 45696 4437 4437 0 -0.1822321549 0.07634677546 -0.2198691982 -0.09318628962 0.1266829086 -0.97968998 -0.04477505011 0.9349149299 -6.485868372 0.08478691641 0.8110957496 nan nan
17 153904 8106 8106 0 -0.1791930156 0.07908626565 -0.2561235382 -0.1124051942 0.143718344 -1.013242514 -0.04795161883 0.9652908952 -5.793331995 0.08394700232 0.8175527959 nan nan

K=18, phase=forward, parameter=e [-]
cluster representative_source n_cluster n_valid n_missing median std p05 p95 width90 minimum maximum range skewness error95 error_max angle_origin_deg angle_resultant
0 181750 47016 47016 0 0.6938701947 0.1006799002 0.5221900246 0.8274096614 0.3052196369 0.2228652472 0.8597500074 0.6368847602 -0.3403492718 0.179905937 0.4792307143 nan nan
1 160348 1625 1625 0 0.4977543814 0.1620830024 0.224163721 0.7243629235 0.5001992024 0.1698141831 0.8956399398 0.7258257567 0.001941971954 0.2706590673 0.4112520797 nan nan
2 22050 1980 1980 0 0.2302490655 0.1512292541 0.1886112026 0.7139524418 0.5253412392 0.1697123633 0.8954250633 0.7257127 2.785328256 0.4973327038 0.6788053253 nan nan
3 18261 17002 17002 0 0.4824432036 0.05984464676 0.3590967933 0.5449630403 0.185866247 0.3288583836 0.5562090262 0.2273506425 -0.5273413819 0.1110694684 0.1413078781 nan nan
4 221062 4760 4760 0 0.2672635012 0.06182525132 0.1929204285 0.4083997131 0.2154792846 0.1710855758 0.5729557573 0.4018701815 1.829460759 0.1531792773 0.3177353215 nan nan
5 33028 1610 1610 0 0.3974920531 0.05770591674 0.3619040426 0.5154723391 0.1535682965 0.3590706997 0.7437231963 0.3846524966 2.247572894 0.1120389434 0.3402898005 nan nan
6 165967 4575 4575 0 0.5137761052 0.2037499721 0.1847064643 0.7422753837 0.5575689194 0.1711702751 0.7506671371 0.5794968621 -0.1370386423 0.5141960182 0.5277322074 nan nan
7 149905 30576 30576 0 0.3350488079 0.05214240324 0.2658006184 0.4335879215 0.1677873031 0.1716128969 0.508603409 0.3369905121 0.1826385351 0.1698609264 0.244876414 nan nan
8 88967 9789 9789 0 0.3688292638 0.06451761169 0.2927905825 0.5001708257 0.2073802432 0.1898275721 0.5233191431 0.3334915711 0.4357137303 0.1139519576 0.2022782796 nan nan
9 22966 12483 12483 0 0.4519287273 0.08122638571 0.3877983875 0.6278180631 0.2400196755 0.1872196631 0.6645567851 0.477337122 0.4457174001 0.1763128818 0.2687009134 nan nan
10 33619 2966 2966 0 0.3861572141 0.08870785981 0.2105657208 0.5104661979 0.2999004771 0.1685723685 0.5727162374 0.4041438689 -0.3711086523 0.2160874984 0.2580808508 nan nan
11 36141 2070 2070 0 0.5609896916 0.1871095604 0.2729794943 0.8868577582 0.6138782639 0.1702037848 0.8952125964 0.7250088116 0.03207668993 0.3718248932 0.4746006027 nan nan
12 133750 3905 3905 0 0.3165226405 0.1021422959 0.1855132052 0.5060169241 0.3205037189 0.1700181651 0.5726195203 0.4026013552 0.3159582285 0.2114064273 0.2269014674 nan nan
13 141808 26930 26930 0 0.4464494213 0.03879449154 0.3774704074 0.49679943 0.1193290226 0.1789620903 0.5195540133 0.340591923 -0.8869716521 0.06512004734 0.2611599462 nan nan
14 34987 344 344 0 0.4997665773 0.1593093999 0.2280360178 0.7302139262 0.5021779084 0.2028562528 0.8929479705 0.6900917176 0.01534779526 0.4008127952 0.4259925602 nan nan
15 74518 13884 13884 0 0.5236870204 0.09066716091 0.4359035875 0.6915292308 0.2556256433 0.1701598274 0.716669296 0.5465094685 0.002748742977 0.1700725175 0.3549265807 nan nan
16 45696 4437 4437 0 0.5608680943 0.103333258 0.4658948717 0.7778959805 0.3120011088 0.1698731259 0.8933267906 0.7234536647 0.365609477 0.2077224975 0.4252454428 nan nan
17 153904 8106 8106 0 0.5681531223 0.1132301116 0.3632852837 0.7314486537 0.36816337 0.1700666531 0.8857701729 0.7157035198 -0.3991513983 0.2065593562 0.3594033848 nan nan

K=18, phase=forward, parameter=w [deg]
cluster representative_source n_cluster n_valid n_missing median std p05 p95 width90 minimum maximum range skewness error95 error_max angle_origin_deg angle_resultant
0 181750 47016 47016 0 -3.852847664 19.3138537 -22.82801544 38.11572078 60.94373622 -130.86826 81.51713783 212.3853978 0.92019404 37.15828443 131.8332195 175.4503479 0.9450392704
1 160348 1625 1625 0 -0.4792158053 91.56181461 -170.021251 159.6136793 329.6349303 -179.6256924 179.9081834 359.5338758 -0.05426779995 171.6171375 179.9014083 30.10378749 0.2934705933
2 22050 1980 1980 0 -4.000999819 41.51300316 -27.68188846 123.7542949 151.4361833 -177.7216222 178.8888182 356.6104404 1.750697019 137.5734406 177.9830655 162.9053445 0.8270281815
3 18261 17002 17002 0 -1.617657606 9.957698322 -12.15581524 17.22898293 29.38479817 -13.41623394 49.75051921 63.16675315 1.368979019 23.52160067 56.04313695 302.8257261 0.9851234645
4 221062 4760 4760 0 -6.130935628 24.03345463 -24.48493662 52.45228093 76.93721755 -34.61517808 110.9931142 145.6082922 1.356957521 64.16999767 122.7108309 59.90019214 0.9178114733
5 33028 1610 1610 0 -4.83163769 35.58806233 -29.3666977 51.28738001 80.65407771 -179.0413724 177.3349337 356.3763062 -1.74203304 55.8800471 179.9789589 211.2772767 0.8690041224
6 165967 4575 4575 0 -19.75879625 72.56841649 -72.15880314 115.2900672 187.4488703 -179.5950695 179.9247932 359.5198627 0.2129231751 162.293898 179.9848859 290.7107458 0.3820457132
7 149905 30576 30576 0 -2.854274633 17.87511654 -21.30712473 32.5517292 53.85885393 -24.04883589 99.66786152 123.7166974 1.310415514 34.4236208 101.5397531 15.2255161 0.953473258
8 88967 9789 9789 0 -3.233213313 19.45395355 -22.61875395 39.04634199 61.66509595 -24.08003906 80.5163718 104.5964109 0.8659559644 42.38401952 83.85404933 313.5273391 0.9441520798
9 22966 12483 12483 0 -3.945048122 34.86738978 -21.93705797 36.1766133 58.11367127 -179.9109047 179.944766 359.8556706 0.5951416918 45.47352089 179.9662107 185.1606842 0.8888482712
10 33619 2966 2966 0 4.065494276 31.67807098 -69.35638082 42.6559024 112.0122832 -78.90114435 86.26397635 165.1651207 -0.676215952 70.17792833 86.44421112 39.60675606 0.859224641
11 36141 2070 2070 0 -5.191240752 66.43469047 -144.5678035 146.2662074 290.8340109 -179.5566581 179.3098338 358.866492 0.2138286167 163.0762253 179.8799934 307.2115136 0.6035042564
12 133750 3905 3905 0 4.17241478 33.40803787 -56.29640311 49.81998743 106.1163905 -71.78909794 99.89102282 171.6801208 -0.1545945367 60.3720599 101.0704074 119.3699509 0.8409174719
13 141808 26930 26930 0 -3.074638927 15.48177916 -17.6045672 27.27039101 44.8749582 -18.38532232 93.91231299 112.2976353 1.209992361 40.32543942 106.9673614 8.87241671 0.9645925325
14 34987 344 344 0 -2.105326115 98.72802622 -167.8856819 172.1181294 340.0038113 -179.9400063 179.7245895 359.6645958 0.005907982029 176.1865933 179.9613069 55.76434366 0.2144713999
15 74518 13884 13884 0 -3.643730333 25.57377661 -25.38530164 39.51299724 64.89829888 -179.1197549 179.3267236 358.4464785 1.2282032 47.59448752 179.8482216 189.1811918 0.920532107
16 45696 4437 4437 0 -0.9630131485 25.01516151 -34.12039564 32.56637079 66.68676643 -179.3242211 177.3232647 356.6474858 -0.4695915814 42.50152094 179.951937 239.6344723 0.9266416572
17 153904 8106 8106 0 -2.725840704 27.08785948 -39.49129484 45.30968094 84.80097577 -159.6879023 153.2301734 312.9180757 0.7356328588 61.93509394 169.1307872 288.3252954 0.9022283754

K=23, STD=0.01342493769
n = trajectories per cluster; conditions overlap.
n = 1: clusters=0/23 (0.00%); trajectories=0/194058 (0.00%)
n < 10: clusters=0/23 (0.00%); trajectories=0/194058 (0.00%)
n < 100: clusters=0/23 (0.00%); trajectories=0/194058 (0.00%)

K=23, phase=backward, parameter=eps [km^2/s^2]
cluster representative_source n_cluster n_valid n_missing median std p05 p95 width90 minimum maximum range skewness error95 error_max angle_origin_deg angle_resultant
0 181750 46985 46985 0 -0.125612638 0.03838405047 -0.1921832106 -0.07197222354 0.1202109871 -0.2046430546 -0.05881779331 0.1458252613 -0.1554018542 0.06493427107 0.07294741647 nan nan
1 14264 303 303 0 -0.8636095087 0.05430395409 -0.9725918 -0.8190662991 0.1535255009 -1.017669023 -0.8068393667 0.2108296566 -0.6566602291 0.1445632758 0.1896404991 nan nan
2 21401 1060 1060 0 -0.8295157225 0.03961422682 -0.9577616265 -0.8246708107 0.1330908158 -1.020754723 -0.8219637802 0.1987909431 -2.188731411 0.1291509277 0.1921440245 nan nan
3 49068 4841 4841 0 -0.9794157074 0.01267869443 -0.9930684258 -0.953215306 0.03985311971 -0.9964085776 -0.9281148789 0.06829369866 0.7949044488 0.03136413904 0.05646456616 nan nan
4 164821 4138 4138 0 -0.2456352458 0.0175764732 -0.2582107148 -0.2045678683 0.05364284651 -0.2593276385 -0.1731371094 0.08619052911 0.8733543185 0.03992868061 0.07135943949 nan nan
5 33028 1616 1616 0 -0.8247223264 0.01941390781 -0.8625014329 -0.8075627174 0.05493871551 -1.020739299 -0.8064439403 0.2142953587 -1.453074887 0.04027825358 0.1985161196 nan nan
6 111153 11084 11084 0 -0.1741012156 0.02201313603 -0.2099712827 -0.1409118424 0.06905944033 -0.2168571578 -0.1058680932 0.1109890646 0.1395042334 0.03786071302 0.07123501501 nan nan
7 211064 21968 21968 0 -0.2326162859 0.01378974621 -0.2488999405 -0.2036053904 0.04529455007 -0.2581555443 -0.1882043667 0.0699511776 0.5043298837 0.02697761145 0.04227312203 nan nan
8 77722 4814 4814 0 -0.9905960017 0.0123084274 -1.005264963 -0.9665057393 0.03875922416 -1.008654727 -0.9620409644 0.04661376268 0.3558466278 0.03232778197 0.03679255684 nan nan
9 12322 1046 1046 0 -0.815881463 0.03497481241 -0.8250251792 -0.8077015227 0.01732365656 -0.8650264246 -0.2565157609 0.6085106637 15.47794802 0.009563111922 0.5590421508 nan nan
10 98058 3012 3012 0 -0.9091765 0.04194650009 -0.958868283 -0.8216558175 0.1372124655 -0.9716903857 -0.8065266032 0.1651637825 0.4908420991 0.07961413974 0.09474335405 nan nan
11 36141 2038 2038 0 -0.8857261862 0.05186702119 -0.9751358631 -0.8277863759 0.1473494872 -1.020778602 -0.8206074328 0.2001711693 -0.2810597606 0.07992706968 0.1137110625 nan nan
12 160348 1621 1621 0 -0.1906959165 0.04662458716 -0.2558702992 -0.114534197 0.1413361022 -0.2595672675 -0.04380722131 0.2157600462 0.2293970231 0.07428215721 0.1450091329 nan nan
13 144186 25067 25067 0 -0.1885080169 0.03283757503 -0.2271626073 -0.1292537114 0.09790889596 -0.243857736 -0.1190659814 0.1247917546 0.291547493 0.06371730715 0.07390503714 nan nan
14 43405 5467 5467 0 -0.8523895858 0.02676380272 -0.9064921841 -0.8306152083 0.07587697586 -1.020836128 -0.8068607798 0.2139753485 -1.300651139 0.06053663593 0.1748805801 nan nan
15 74518 13110 13110 0 -0.9391491372 0.01754896046 -0.9681002668 -0.9121677423 0.05593252452 -1.016166402 -0.9012620367 0.1149043649 -0.069917142 0.04616256969 0.0578529356 nan nan
16 34315 2523 2523 0 -0.9121023964 0.04694274708 -0.9774212981 -0.8370627978 0.1403585003 -1.020743755 -0.8063623697 0.2143813855 0.2058526591 0.07685546284 0.1081390588 nan nan
17 153904 8089 8089 0 -0.1693591198 0.035342587 -0.2095817455 -0.1114217324 0.0981600131 -0.245510047 -0.04413887266 0.2013711743 0.202712779 0.06269942739 0.129856915 nan nan
18 132574 3863 3863 0 -0.1423796875 0.05549912719 -0.2132392604 -0.04724355705 0.1659957034 -0.2446692737 -0.04387907749 0.2007901962 0.2673211607 0.102733762 0.1060982415 nan nan
19 220939 4674 4674 0 -0.2136673121 0.04240781412 -0.2547289267 -0.1209219386 0.1338069881 -0.2582250091 -0.09022618719 0.1679988219 0.6567816476 0.0860591699 0.1167549214 nan nan
20 45979 11744 11744 0 -0.8751930346 0.02078577108 -0.9060359085 -0.8402786646 0.06575724391 -0.9116388917 -0.8154048336 0.09623405808 0.1158158713 0.03724600233 0.06211983331 nan nan
21 15889 12009 12009 0 -0.8908769874 0.02862545412 -0.9464306012 -0.8548510297 0.09157957142 -0.9620982855 -0.8455281707 0.1165701148 -0.3857667699 0.05281888657 0.06848657085 nan nan
22 8686 2986 2986 0 -0.923089317 0.02509173732 -0.9595133456 -0.8808674787 0.07864586694 -0.9699743336 -0.8508318587 0.1191424749 0.1257567072 0.0428310825 0.07195535759 nan nan

K=23, phase=backward, parameter=e [-]
cluster representative_source n_cluster n_valid n_missing median std p05 p95 width90 minimum maximum range skewness error95 error_max angle_origin_deg angle_resultant
0 181750 46985 46985 0 0.6996110713 0.09343734566 0.535341537 0.8284390304 0.2930974934 0.5036808617 0.8598376402 0.3561567785 -0.1785808373 0.1584517186 0.1815043426 nan nan
1 14264 303 303 0 0.3158932049 0.1041624267 0.2088552062 0.5047185508 0.2958633446 0.170063584 0.568733005 0.398669421 0.4436998273 0.2712983677 0.3353128219 nan nan
2 21401 1060 1060 0 0.2377345616 0.07699048605 0.2249762186 0.4820490239 0.2570728052 0.2175246744 0.5728758046 0.3553511301 1.933973492 0.246753562 0.3375803428 nan nan
3 49068 4841 4841 0 0.5146718216 0.01899192085 0.4749472708 0.5344589103 0.05951163946 0.4351727306 0.5391959438 0.1040232132 -0.8567154414 0.04722067202 0.08699521227 nan nan
4 164821 4138 4138 0 0.3925894206 0.04789081393 0.3566153294 0.5027506621 0.1461353327 0.3533386986 0.5839140829 0.2305753842 0.8264185426 0.1072816173 0.188445038 nan nan
5 33028 1616 1616 0 0.2245900768 0.04850200418 0.1727842518 0.314058372 0.1412741202 0.1689168167 0.5728514127 0.4039345959 0.7800349773 0.09523997416 0.3540330148 nan nan
6 111153 11084 11084 0 0.5804171933 0.05508392736 0.4889478954 0.6622890656 0.1733411702 0.4709049956 0.7475373127 0.2766323172 0.09762641656 0.09567114241 0.1746857238 nan nan
7 211064 21968 21968 0 0.429294307 0.03738853201 0.3838979484 0.5066057782 0.1227078298 0.3568561781 0.5462144328 0.1893582547 0.447095398 0.07338976106 0.1106042055 nan nan
8 77722 4814 4814 0 0.5309196144 0.01784062472 0.4954337911 0.5516127549 0.05617896383 0.4882844047 0.5563450703 0.06806066563 -0.3902550318 0.04724291496 0.05439230139 nan nan
9 12322 1046 1046 0 0.199593777 0.01917491269 0.1734196717 0.2262349876 0.05281531586 0.168193931 0.362070417 0.193876486 2.539082703 0.02840489622 0.1634575652 nan nan
10 98058 3012 3012 0 0.4027428899 0.08076813196 0.2173915188 0.4840427868 0.2666512679 0.1691570339 0.5033967836 0.3342397497 -0.7982751991 0.1717095125 0.2199439974 nan nan
11 36141 2038 2038 0 0.3597693589 0.09677339702 0.233541895 0.5084585169 0.2749166219 0.2110358437 0.5728973064 0.3618614627 0.1072648546 0.1660784624 0.1876540065 nan nan
12 160348 1621 1621 0 0.5390829506 0.118346645 0.3635136138 0.7262887473 0.3627751335 0.3526417655 0.8956261106 0.5429843451 0.1355140177 0.187040831 0.3518654369 nan nan
13 144186 25067 25067 0 0.5443310988 0.08268370659 0.4440450729 0.690662542 0.2466174691 0.397437746 0.7153514309 0.3179136849 0.2590179652 0.1576639015 0.1823527904 nan nan
14 43405 5467 5467 0 0.2924726828 0.05422003636 0.2405368281 0.3979632029 0.1574263747 0.170281969 0.5729713754 0.4026894064 0.8299073707 0.1198394898 0.2948476623 nan nan
15 74518 13110 13110 0 0.4529088563 0.02825253524 0.4079233321 0.4979554552 0.09003212316 0.3888909181 0.5665585489 0.1776676307 0.00133501807 0.07517325548 0.09417978716 nan nan
16 34315 2523 2523 0 0.4076586827 0.08612537684 0.2552215237 0.5118021964 0.2565806727 0.168591401 0.5728380059 0.4042466048 -0.4953332893 0.1539681377 0.239729255 nan nan
17 153904 8089 8089 0 0.5925124808 0.08751245165 0.4907713845 0.7338391798 0.2430677953 0.3926492482 0.8948398683 0.5021906201 0.1762952695 0.1533011364 0.3138277658 nan nan
18 132574 3863 3863 0 0.6588573871 0.1357247714 0.4812853009 0.887427393 0.4061420921 0.3966677465 0.8954556795 0.498787933 0.2369706671 0.2471393876 0.255167674 nan nan
19 220939 4674 4674 0 0.4801497801 0.1089954631 0.3670435144 0.7113346238 0.3442911094 0.3566637373 0.7849756298 0.4283118925 0.5775331636 0.213122989 0.286763995 nan nan
20 45979 11744 11744 0 0.3397310247 0.04189785324 0.264196442 0.397135296 0.132938854 0.1991275711 0.4070149161 0.207887345 -0.2520203871 0.08011012246 0.1451789934 nan nan
21 15889 12009 12009 0 0.3690341631 0.05225978793 0.2967558243 0.4641177814 0.1673619571 0.2759808255 0.4886047653 0.2126239398 0.241848357 0.09186421592 0.1145155813 nan nan
22 8686 2986 2986 0 0.4257261908 0.04296235464 0.3496276676 0.4844458983 0.1348182307 0.2881415249 0.5004312289 0.212289704 -0.2248350751 0.07560827271 0.1370944154 nan nan

K=23, phase=backward, parameter=w [deg]
cluster representative_source n_cluster n_valid n_missing median std p05 p95 width90 minimum maximum range skewness error95 error_max angle_origin_deg angle_resultant
0 181750 46985 46985 0 -0.5884876233 4.445906741 -5.832632315 9.959312038 15.79194435 -7.363374937 15.39767072 22.76104566 1.134655835 15.02242973 20.46078842 20.64379073 0.9969961527
1 14264 303 303 0 -1.21048431 10.61100448 -26.29715647 15.53243247 41.82958894 -30.17113167 17.71307918 47.88421085 -0.7268018524 25.4538892 29.32786441 201.7739665 0.9830297321
2 21401 1060 1060 0 0.4887684952 6.542809637 -12.65898377 10.91847669 23.57746046 -34.93352353 13.02979804 47.96332157 -0.6472547553 12.89801237 33.72614288 206.6680532 0.9935167761
3 49068 4841 4841 0 -1.571143603 5.676950417 -6.596850249 12.14508035 18.7419306 -7.624427436 20.0093453 27.63377274 1.149709387 14.79639338 22.66065833 191.5800669 0.9951068063
4 164821 4138 4138 0 2.120039793 5.309951526 -11.65773165 4.717415828 16.37514748 -18.05981881 4.929647703 22.98946652 -1.227920399 15.3636816 21.76576876 32.00952013 0.9957163902
5 33028 1616 1616 0 8.180866394 16.17388491 -31.9571636 13.80096081 45.75812441 -33.16105057 14.11367593 47.2747265 -0.8902127575 42.23462581 43.43851278 204.7068522 0.9607534403
6 111153 11084 11084 0 1.140573279 4.419702946 -13.45003708 4.098520157 17.54855723 -18.16671446 6.319417242 24.4861317 -2.085277562 15.24506276 19.96174015 29.62679929 0.9970356062
7 211064 21968 21968 0 0.1836066766 5.260396807 -8.261624432 7.509241506 15.77086594 -11.50642039 10.13314579 21.63956618 -0.05567560242 11.00677781 13.6306821 26.21771278 0.9957908466
8 77722 4814 4814 0 -0.6490429812 6.751403977 -9.183404926 11.94643455 21.12983947 -10.76414848 14.52736919 25.29151767 0.3291712483 11.27727116 13.22762503 191.4835909 0.9930734062
9 12322 1046 1046 0 2.637609893 13.7903312 -18.21320649 11.62222172 29.83542821 -175.3524447 17.65158188 193.0040265 -7.779635293 19.40964464 176.5488828 201.4099384 0.9810543519
10 98058 3012 3012 0 2.342169152 9.837503251 -16.32574266 12.69034402 29.01608668 -31.30236027 13.11116049 44.41352077 -0.4200605537 25.17974004 40.15635765 206.9401333 0.9853278242
11 36141 2038 2038 0 -1.598385224 9.481732314 -8.973755411 15.77316841 24.74692382 -29.58418815 19.2708924 48.85508056 -0.408875432 22.37351356 24.47744862 201.0837495 0.9864276249
12 160348 1621 1621 0 -0.8533561081 5.114961741 -7.211920003 9.972757829 17.18467783 -15.36058119 11.09390049 26.45448167 0.3233367347 9.959137331 15.72091557 25.96336204 0.9960242008
13 144186 25067 25067 0 0.03462780742 2.174365024 -3.565661681 3.333623365 6.899285046 -14.24868165 8.010131256 22.2588129 -0.2372069894 5.201494686 15.83700414 27.80285347 0.9992802315
14 43405 5467 5467 0 2.682618611 7.66575896 -11.81936975 9.230684099 21.05005385 -37.70485107 10.48853467 48.19338574 -1.673510626 15.47556289 41.36104421 209.2085407 0.9911506044
15 74518 13110 13110 0 -0.3366561844 4.698048793 -6.811653948 7.996579121 14.80823307 -27.06178081 13.40081972 40.46260054 0.1430189333 10.11145799 25.00105098 200.8227636 0.9966445269
16 34315 2523 2523 0 -0.9616210259 7.626235012 -5.853610022 19.35108457 25.20469459 -25.49251396 23.28369872 48.77621268 0.9257429232 22.68439472 25.96080481 196.9449196 0.9912234443
17 153904 8089 8089 0 -0.1966495057 3.567263807 -4.971987218 8.068639938 13.04062716 -13.74635285 12.44629277 26.19264562 0.7608155939 9.157139582 14.44902036 24.33402466 0.9980659818
18 132574 3863 3863 0 1.936758922 6.337444503 -10.86732735 8.463075334 19.33040268 -11.21519626 15.23283301 26.44802927 -0.4893387957 13.43077786 13.77864677 21.83030296 0.9938976594
19 220939 4674 4674 0 -2.037754605 8.526865691 -10.16704869 13.26251223 23.42956092 -11.10025575 13.90337415 25.0036299 0.3872006034 19.1454056 19.78626752 22.45701987 0.9889595762
20 45979 11744 11744 0 -0.1262012879 3.400055578 -5.282284038 5.638187968 10.92047201 -9.535113246 11.68488675 21.21999999 0.05953667277 6.105132698 11.26255175 205.3733912 0.9982403773
21 15889 12009 12009 0 -0.3796367629 3.496226689 -5.203920729 6.105257168 11.3091779 -6.339737442 7.793111439 14.13284888 0.2553349916 6.436066848 8.123921119 189.9593559 0.9981394537
22 8686 2986 2986 0 -0.3548989749 3.054500869 -2.345120387 1.553146128 3.898266515 -2.80339838 28.81751016 31.62090854 5.354262445 2.359623447 29.62398747 182.9288575 0.998592196

K=23, phase=forward, parameter=eps [km^2/s^2]
cluster representative_source n_cluster n_valid n_missing median std p05 p95 width90 minimum maximum range skewness error95 error_max angle_origin_deg angle_resultant
0 181750 46985 46985 0 -0.1279891791 0.04123189517 -0.1973667626 -0.07239943329 0.1249673293 -0.8238947527 -0.05885393284 0.7650408199 -0.3861224518 0.072664331 0.6991923211 nan nan
1 14264 303 303 0 -0.2056720922 0.3239384027 -0.9407589926 -0.1120210915 0.828737901 -1.020440955 -0.04492689433 0.9755140607 -0.8573006561 0.7347730997 0.8144550622 nan nan
2 21401 1060 1060 0 -0.828393602 0.05309118057 -0.944037857 -0.812508763 0.131529094 -1.020173947 -0.04606809117 0.9741058554 5.107214965 0.1207487349 0.7804413899 nan nan
3 49068 4841 4841 0 -0.9560590943 0.02651966208 -0.9856772288 -0.9054657034 0.08021152539 -0.9895364382 -0.893189437 0.09634700114 0.382127818 0.04709379794 0.0593700643 nan nan
4 164821 4138 4138 0 -0.1950915919 0.3210774722 -0.831682803 -0.1075144 0.724168403 -1.020702889 -0.1044065329 0.9162963557 -0.6238176971 0.7042475702 0.8932676559 nan nan
5 33028 1616 1616 0 -0.2457899883 0.1254864513 -0.2569945552 -0.2051086005 0.0518859547 -0.9806716823 -0.1074576018 0.8732140805 -4.866200201 0.08280963487 0.7384136813 nan nan
6 111153 11084 11084 0 -0.8728798663 0.02562409529 -0.9283610166 -0.8429520038 0.08540901278 -0.9695080842 -0.8352124108 0.1342956734 -0.9051667055 0.082062794 0.1232098616 nan nan
7 211064 21968 21968 0 -0.8756717111 0.029929326 -0.9339504434 -0.8385398087 0.09541063477 -0.9813107123 -0.8071892914 0.1741214208 -0.3744886832 0.05661594199 0.0877123794 nan nan
8 77722 4814 4814 0 -0.8779258097 0.024912529 -0.929166091 -0.8501304599 0.07903563106 -0.9713917668 -0.8124351423 0.1589566245 -0.7269576142 0.04467945136 0.08303467428 nan nan
9 12322 1046 1046 0 -0.8192569278 0.2550286498 -0.8808563332 -0.1113413243 0.769515009 -0.9840399596 -0.04389160369 0.9401483559 1.841579403 0.70775698 0.7752067006 nan nan
10 98058 3012 3012 0 -0.9098822632 0.04032606847 -0.9768415094 -0.8467411049 0.1301004045 -0.9819994091 -0.8085486977 0.1734507113 0.06965954456 0.06973105903 0.1079234662 nan nan
11 36141 2038 2038 0 -0.1718624711 0.2700460732 -0.8884600181 -0.0469145832 0.8415454349 -1.016039863 -0.04398107964 0.9720587837 -1.760911024 0.7403272336 0.8679070788 nan nan
12 160348 1621 1621 0 -0.2088946928 0.3261759447 -0.9356873154 -0.1152981158 0.8203891996 -1.008423351 -0.04380055914 0.9646227914 -0.7477272948 0.7236082743 0.7963443095 nan nan
13 144186 25067 25067 0 -0.9366710237 0.02220685097 -0.9676787586 -0.897496758 0.0701820006 -0.9830183099 -0.8092117789 0.173806531 0.465029218 0.03840988032 0.1246114523 nan nan
14 43405 5467 5467 0 -0.1874817312 0.08226788819 -0.2353008974 -0.09990725935 0.1353936381 -0.97968998 -0.04617033786 0.9335196422 -6.668222454 0.083912791 0.8076337315 nan nan
15 74518 13110 13110 0 -0.1953383576 0.05439465587 -0.228708506 -0.1284386935 0.1002698126 -0.8409721946 -0.1184066481 0.7225655465 -6.942846251 0.06834402645 0.6448590169 nan nan
16 34315 2523 2523 0 -0.9080655263 0.04856553643 -0.9769447073 -0.8135329364 0.1634117709 -1.020656292 -0.8063625598 0.2142937317 0.2153877126 0.09965222495 0.1082914229 nan nan
17 153904 8089 8089 0 -0.178900232 0.07382130197 -0.2559043747 -0.1123931866 0.1435111882 -1.013242514 -0.04795161883 0.9652908952 -5.786387489 0.08385862663 0.8175527959 nan nan
18 132574 3863 3863 0 -0.8635894763 0.05276962559 -0.9737017228 -0.8113581729 0.1623435499 -1.020582924 -0.8067544424 0.2138284815 -0.5418528928 0.09430978488 0.1154494673 nan nan
19 220939 4674 4674 0 -0.8411944381 0.03028678399 -0.9078127125 -0.8141583822 0.09365433033 -1.020820046 -0.807091806 0.2137282399 -2.697251745 0.07103350323 0.1840408367 nan nan
20 45979 11744 11744 0 -0.2252170756 0.05512146087 -0.2467720065 -0.1531432012 0.0936288053 -0.88690913 -0.1391862928 0.7477228372 -7.505712938 0.06916590424 0.6657944771 nan nan
21 15889 12009 12009 0 -0.9648665302 0.0329812725 -1.002243078 -0.9020319541 0.1002111239 -1.008564402 -0.8911740448 0.1173903569 0.3686530887 0.05453313404 0.06539104336 nan nan
22 8686 2986 2986 0 -0.880871795 0.01680077304 -0.8998536793 -0.8611100007 0.03874367858 -0.9807700187 -0.8546976511 0.1260723677 -2.128170546 0.02295584714 0.1038721866 nan nan

K=23, phase=forward, parameter=e [-]
cluster representative_source n_cluster n_valid n_missing median std p05 p95 width90 minimum maximum range skewness error95 error_max angle_origin_deg angle_resultant
0 181750 46985 46985 0 0.6939572999 0.1006608216 0.522215156 0.8274171537 0.3052019977 0.2234408677 0.8597500074 0.6363091397 -0.3392729186 0.1798808056 0.4786550938 nan nan
1 14264 303 303 0 0.5053994009 0.1658486591 0.2232894155 0.732330939 0.5090415236 0.2028562528 0.8929479705 0.6900917176 -0.1087203686 0.2849762267 0.3927938033 nan nan
2 21401 1060 1060 0 0.2348064724 0.08137424826 0.1893133047 0.4624820707 0.273168766 0.1697123633 0.8902517039 0.7205393406 1.97669021 0.2325088762 0.6602785094 nan nan
3 49068 4841 4841 0 0.4794959615 0.04225646712 0.3956093914 0.5238323695 0.1282229781 0.3733614257 0.5294155266 0.156054101 -0.4578552172 0.078246097 0.1004940628 nan nan
4 164821 4138 4138 0 0.5312490995 0.2025114183 0.1911571183 0.743222571 0.5520654527 0.1711702751 0.7507077942 0.5795375191 -0.3228847757 0.504067942 0.5240547852 nan nan
5 33028 1616 1616 0 0.3943979809 0.0555153981 0.3614619257 0.5148087218 0.1533467961 0.2778537311 0.7437231963 0.4658694652 2.209472444 0.1124270355 0.3402898005 nan nan
6 111153 11084 11084 0 0.3350713243 0.04903494914 0.270408978 0.435299324 0.164890346 0.2529841572 0.5001220097 0.2471378525 0.6582697105 0.1571121178 0.2219348035 nan nan
7 211064 21968 21968 0 0.3408092556 0.05896584265 0.2603293706 0.4446549365 0.1843255659 0.1714028297 0.5170446741 0.3456418445 -0.04039357185 0.1168905062 0.2035640792 nan nan
8 77722 4814 4814 0 0.3446038331 0.04726732759 0.2864802832 0.4364754474 0.1499951642 0.1898275721 0.5029569112 0.3131293391 0.4745551506 0.08436106559 0.1747017637 nan nan
9 12322 1046 1046 0 0.2262697907 0.1754617524 0.1884796337 0.7344020464 0.5459224127 0.1715385983 0.8954250633 0.723886465 1.955411798 0.5251778076 0.6862008245 nan nan
10 98058 3012 3012 0 0.403617291 0.0726971975 0.2793064725 0.5109041065 0.231597634 0.1768984382 0.5185090086 0.3416105704 -0.3525848902 0.1356242199 0.2380322541 nan nan
11 36141 2038 2038 0 0.5862761605 0.1835999562 0.2872342388 0.888229983 0.6009957442 0.1705568463 0.8952125964 0.7246557501 -0.008206794684 0.3575701487 0.4742475411 nan nan
12 160348 1621 1621 0 0.4979954763 0.1616498342 0.224441486 0.724472295 0.500030809 0.1698141831 0.8956399398 0.7258257567 0.003013177009 0.2694900059 0.4112520797 nan nan
13 144186 25067 25067 0 0.4488927352 0.03711298129 0.38178622 0.4972731608 0.1154869408 0.1789620903 0.5195540133 0.340591923 -0.8004794969 0.06304551357 0.2652676989 nan nan
14 43405 5467 5467 0 0.547636632 0.1012638644 0.430051921 0.7618083141 0.331756393 0.1698731259 0.8900080584 0.7201349325 0.4887688826 0.2069792735 0.4166765067 nan nan
15 74518 13110 13110 0 0.5271275187 0.08806553224 0.4398915949 0.6926680706 0.2527764756 0.1759040453 0.7169528445 0.5410487992 0.1508108352 0.1691808076 0.3491823628 nan nan
16 34315 2523 2523 0 0.4004045655 0.09145992397 0.1907809865 0.5110743113 0.3202933248 0.1685723685 0.5727162374 0.4041438689 -0.564914988 0.2171241981 0.2393328161 nan nan
17 153904 8089 8089 0 0.5687170319 0.1128063407 0.3636184076 0.7314740597 0.3678556521 0.1700666531 0.8857701729 0.7157035198 -0.3918744353 0.2064266637 0.3594033848 nan nan
18 132574 3863 3863 0 0.3166165834 0.1024810351 0.1850931152 0.5062602715 0.3211671563 0.1700181651 0.5726195203 0.4026013552 0.3110588194 0.2101815362 0.2252564864 nan nan
19 220939 4674 4674 0 0.2668348457 0.06057292018 0.19301518 0.3999561398 0.2069409597 0.1710855758 0.5729557573 0.4018701815 1.896681916 0.1439861561 0.3169857736 nan nan
20 45979 11744 11744 0 0.4492839724 0.08063760124 0.3899662747 0.6323506634 0.2423843887 0.1771737652 0.6664920248 0.4893182596 0.595268719 0.1752873123 0.2825434125 nan nan
21 15889 12009 12009 0 0.4927558524 0.05192629885 0.3891973064 0.5474114598 0.1582141534 0.3693317405 0.5562090262 0.1868772856 -0.4571754792 0.09074591341 0.1106114792 nan nan
22 8686 2986 2986 0 0.3498032664 0.03087819846 0.3099533608 0.3853420695 0.07538870874 0.2961950764 0.516756975 0.2205618986 1.750214584 0.04407288308 0.1746463124 nan nan

K=23, phase=forward, parameter=w [deg]
cluster representative_source n_cluster n_valid n_missing median std p05 p95 width90 minimum maximum range skewness error95 error_max angle_origin_deg angle_resultant
0 181750 46985 46985 0 -3.842370765 19.27278149 -22.80218512 38.0074011 60.80958622 -130.0017786 81.54389911 211.5456778 0.9269809569 37.0272115 130.9934994 175.4235866 0.945248413
1 14264 303 303 0 -0.5294867512 88.32434496 -169.1410554 167.7519134 336.8929688 -179.8188708 179.6748282 359.4936991 -0.08894703409 170.8259358 179.9516473 51.67701313 0.3530159478
2 21401 1060 1060 0 -3.23952228 23.22151131 -23.6321532 47.88655379 71.51870698 -160.2461324 150.5266231 310.7727554 1.346660417 56.92231138 156.7435482 158.8158204 0.9305437848
3 49068 4841 4841 0 -0.7806175211 13.39366094 -19.12956096 24.73514326 43.86470422 -21.80248263 38.39005095 60.19253358 0.4455148335 30.09061433 43.74552203 313.3689688 0.9729896923
4 164821 4138 4138 0 -16.3274421 67.69599033 -60.85835013 118.2104375 179.0687876 -179.9906733 179.1232336 359.1139069 0.3352812507 159.7966447 179.9941467 278.4514019 0.4540116433
5 33028 1616 1616 0 -3.43159927 38.94743679 -28.74824247 57.38032575 86.12856822 -179.0331532 179.5287564 358.5619096 1.171491362 56.48390782 179.357277 211.087095 0.8535778574
6 111153 11084 11084 0 -4.54473457 19.18512562 -22.72337565 35.11942288 57.84279853 -24.31139909 77.43824296 101.7496421 0.7505978925 39.5478669 81.86668698 15.41923694 0.9454181808
7 211064 21968 21968 0 -2.719529298 18.79571177 -20.7950047 33.33250565 54.12751035 -24.28881446 109.45036 133.7391744 1.878903596 36.83932465 112.957179 15.74147986 0.9500205946
8 77722 4814 4814 0 -3.189148974 14.363556 -16.12433221 30.59249986 46.71683208 -17.73217175 65.50910348 83.24127523 1.210367369 33.96793124 68.88453486 308.015807 0.9693031355
9 12322 1046 1046 0 -8.57914484 53.25549812 -36.48127057 127.3631358 163.8444063 -164.5676426 179.667388 344.2350306 1.25896882 142.3702278 179.1144401 171.5067106 0.695700123
10 98058 3012 3012 0 -4.364409058 18.6732652 -22.6008634 36.45096045 59.05182384 -26.00470872 73.77998536 99.78469408 0.9308170824 34.48519051 71.81421541 340.7827816 0.9484927989
11 36141 2038 2038 0 -4.820119309 60.8520968 -39.56705697 146.2377701 185.8048271 -179.0093029 179.7793227 358.7886255 0.4883379105 162.6139183 179.8799934 306.7420247 0.6605795613
12 160348 1621 1621 0 -0.3846648714 91.26131797 -169.8906212 159.3649868 329.2556081 -179.9129464 179.8340693 359.7470157 -0.05941069856 171.6452149 179.9014083 29.92491736 0.2963847921
13 144186 25067 25067 0 -2.867055043 14.85650718 -17.1700224 25.70516244 42.87518485 -17.89205164 90.83716856 108.7292202 1.121813851 37.30736872 102.4393748 8.379146035 0.9672507397
14 43405 5467 5467 0 -0.9639565797 26.77473569 -38.8448609 33.40971615 72.25457706 -179.7420585 179.0180972 358.7601557 -0.2938064227 43.70490859 179.9251401 234.1898728 0.9162589704
15 74518 13110 13110 0 -3.420485645 23.06330424 -25.78537945 38.24529781 64.03067726 -179.4562098 178.1305086 357.5867184 0.5939869454 46.9621857 179.8482216 190.1631123 0.9303229049
16 34315 2523 2523 0 -1.298937333 21.57089907 -44.26294817 36.33810506 80.60105323 -75.14638326 77.0814101 152.2277934 -0.08333977912 48.18161788 88.37922924 48.78932231 0.9323250375
17 153904 8089 8089 0 -2.686539223 26.52325064 -39.47703247 45.10942932 84.58646179 -159.624315 153.2937607 312.9180757 0.5840272747 61.37051119 169.1307872 288.2617081 0.9050284868
18 132574 3863 3863 0 3.977245446 32.98533716 -55.83779704 49.32675817 105.1645552 -69.65694154 99.31070181 168.9676433 -0.1488055631 59.03911898 101.0750972 119.9502719 0.8447351321
19 220939 4674 4674 0 -6.031547529 24.06127018 -24.29665747 53.22398663 77.5206441 -34.55433231 115.4891668 150.0434991 1.390306428 65.00340944 127.2685896 59.83934638 0.9178010001
20 45979 11744 11744 0 -3.157600623 19.46068424 -18.44969622 29.96864485 48.41834108 -179.8148857 178.8264456 358.6413313 2.717085401 44.12420313 179.8157509 181.5914251 0.9554001848
21 15889 12009 12009 0 -0.5042184817 6.784508728 -10.04757562 11.77604162 21.82361724 -11.77057876 21.50741886 33.27799762 0.3468480922 16.50634857 26.23772581 301.6118676 0.9930089951
22 8686 2986 2986 0 -1.749774588 6.3869515 -4.055149785 5.856407234 9.911557019 -4.206934403 57.90757703 62.11451143 4.415960732 9.364633639 61.41580344 293.6164266 0.993966803

K=27, STD=0.01269078413
n = trajectories per cluster; conditions overlap.
n = 1: clusters=0/27 (0.00%); trajectories=0/194058 (0.00%)
n < 10: clusters=0/27 (0.00%); trajectories=0/194058 (0.00%)
n < 100: clusters=0/27 (0.00%); trajectories=0/194058 (0.00%)

K=27, phase=backward, parameter=eps [km^2/s^2]
cluster representative_source n_cluster n_valid n_missing median std p05 p95 width90 minimum maximum range skewness error95 error_max angle_origin_deg angle_resultant
0 97837 25454 25454 0 -0.09915022103 0.02164242653 -0.1397936749 -0.06756000183 0.07223367309 -0.1750987102 -0.05881779331 0.1162809169 -0.540995259 0.05704662894 0.09235166423 nan nan
1 30546 317 317 0 -0.8560646754 0.05826407865 -0.9759384587 -0.8190107186 0.1569277401 -1.020754723 -0.8068393667 0.2139153566 -0.6683060307 0.1462598741 0.1910761387 nan nan
2 21401 1048 1048 0 -0.8294270259 0.03902645514 -0.9566621643 -0.8246578715 0.1320042928 -1.020599717 -0.8219637802 0.1986359372 -2.150264947 0.1280514655 0.1919890186 nan nan
3 49068 4841 4841 0 -0.9794157074 0.01267869443 -0.9930684258 -0.953215306 0.03985311971 -0.9964085776 -0.9281148789 0.06829369866 0.7949044488 0.03136413904 0.05646456616 nan nan
4 146677 3462 3462 0 -0.2268025878 0.02581298643 -0.2583826697 -0.1805067582 0.07787591154 -0.2593276385 -0.1529420685 0.10638557 0.3486620653 0.05349122303 0.08105591265 nan nan
5 33028 1616 1616 0 -0.8247223264 0.01941390781 -0.8625014329 -0.8075627174 0.05493871551 -1.020739299 -0.8064439403 0.2142953587 -1.453074887 0.04027825358 0.1985161196 nan nan
6 209914 4385 4385 0 -0.1790488118 0.04288532813 -0.2379211662 -0.103315751 0.1346054153 -0.2519869348 -0.048768828 0.2032181068 0.2879495192 0.07882724611 0.1121619453 nan nan
7 219125 4220 4220 0 -0.2499496221 0.0102486783 -0.2568553177 -0.2289854014 0.02786991635 -0.2582250091 -0.1792737497 0.07895125944 1.853976383 0.01998608945 0.06969774116 nan nan
8 77722 4814 4814 0 -0.9905960017 0.0123084274 -1.005264963 -0.9665057393 0.03875922416 -1.008654727 -0.9620409644 0.04661376268 0.3558466278 0.03232778197 0.03679255684 nan nan
9 12322 1042 1042 0 -0.8159451055 0.006207035033 -0.825076543 -0.8078107184 0.01726582462 -0.8662232362 -0.8062084723 0.06001476385 -2.270471526 0.009518631368 0.05066532448 nan nan
10 98058 3015 3015 0 -0.9090585539 0.04195695028 -0.9588672085 -0.8215397961 0.1373274124 -0.9716903857 -0.8065266032 0.1651637825 0.4894673834 0.07973016114 0.09474335405 nan nan
11 36141 2030 2030 0 -0.8853855436 0.05149658748 -0.9750117153 -0.827815833 0.1471958823 -1.020778602 -0.8206074328 0.2001711693 -0.2830219552 0.07967135298 0.1137110625 nan nan
12 154799 126 126 0 -0.1820276785 0.1614657879 -0.2568321348 -0.1075920273 0.1492401076 -1.017669023 -0.04383479669 0.9738342267 -3.773186732 0.138622339 0.8351510046 nan nan
13 149609 26477 26477 0 -0.2186536431 0.02883261406 -0.2460267924 -0.1565516586 0.08947513388 -0.2503970475 -0.1191766987 0.1312203489 0.6848356154 0.06589102677 0.1032659867 nan nan
14 43405 5487 5487 0 -0.8524003999 0.02672693397 -0.9064199972 -0.8306225502 0.07579744695 -1.020836128 -0.8068607798 0.2139753485 -1.30198599 0.060464449 0.1748805801 nan nan
15 74518 13094 13094 0 -0.9391816083 0.01753015253 -0.9681121235 -0.9122416173 0.0558705062 -1.016166402 -0.9012620367 0.1149043649 -0.06979944462 0.04607564334 0.0578529356 nan nan
16 34315 2523 2523 0 -0.9121023964 0.04694274708 -0.9774212981 -0.8370627978 0.1403585003 -1.020743755 -0.8063623697 0.2143813855 0.2058526591 0.07685546284 0.1081390588 nan nan
17 193452 20733 20733 0 -0.1639261151 0.02202594993 -0.197254301 -0.1272156669 0.07003863409 -0.2048458532 -0.1134170734 0.09142877973 0.1052319792 0.04643228932 0.06023088279 nan nan
18 168109 1138 1138 0 -0.1935197403 0.04604731481 -0.2548205278 -0.1148667471 0.1399537807 -0.2583596176 -0.04380722131 0.2145523963 0.31894531 0.08237662241 0.1534361482 nan nan
19 134636 3432 3432 0 -0.1492115795 0.05742258872 -0.2135953767 -0.04688355395 0.1667118227 -0.2536803312 -0.04391779137 0.2097625399 0.3513361836 0.106610029 0.1095757916 nan nan
20 46209 11737 11737 0 -0.8752588466 0.02080961458 -0.9061370739 -0.8402964065 0.06584066735 -0.911802526 -0.8154048336 0.09639769236 0.1161651735 0.03760327251 0.06249484546 nan nan
21 15889 12009 12009 0 -0.8908769874 0.02862545412 -0.9464306012 -0.8548510297 0.09157957142 -0.9620982855 -0.8455281707 0.1165701148 -0.3857667699 0.05281888657 0.06848657085 nan nan
22 8686 2986 2986 0 -0.923089317 0.02509173732 -0.9595133456 -0.8808674787 0.07864586694 -0.9699743336 -0.8508318587 0.1191424749 0.1257567072 0.0428310825 0.07195535759 nan nan
23 171756 601 601 0 -0.1916526914 0.04539033731 -0.2566625454 -0.1112995066 0.1453630388 -0.2595672675 -0.04387907749 0.21568819 0.3158067436 0.08124720045 0.1486676295 nan nan
24 173502 13986 13986 0 -0.2190408191 0.01197001714 -0.2330658356 -0.1932763947 0.03978944083 -0.2400354014 -0.1753422535 0.06469314789 0.7795208744 0.02942925833 0.04736339955 nan nan
25 152141 7967 7967 0 -0.165573177 0.03503250621 -0.209193508 -0.111175021 0.09801848698 -0.2327643451 -0.04413887266 0.1886254725 0.1411526128 0.06088732761 0.1279234759 nan nan
26 119322 15518 15518 0 -0.158569025 0.02268583126 -0.1977582878 -0.1258762455 0.0718820423 -0.2071138825 -0.1185014355 0.08861244697 -0.156919669 0.04253430188 0.05188989656 nan nan

K=27, phase=backward, parameter=e [-]
cluster representative_source n_cluster n_valid n_missing median std p05 p95 width90 minimum maximum range skewness error95 error_max angle_origin_deg angle_resultant
0 97837 25454 25454 0 0.7633905329 0.05216213604 0.6649206032 0.8389854627 0.1740648596 0.5777299368 0.8598376402 0.2821077034 -0.5659862717 0.1377466432 0.2249373096 nan nan
1 30546 317 317 0 0.2998412439 0.1106839458 0.2086907259 0.5096443412 0.3009536153 0.170063584 0.5728758046 0.4028122205 0.4834644389 0.2711838492 0.3344153126 nan nan
2 21401 1048 1048 0 0.237590558 0.07618789615 0.2249599935 0.4803476854 0.2553876919 0.2175246744 0.572638391 0.3551137166 1.893573553 0.2450522236 0.3373429292 nan nan
3 49068 4841 4841 0 0.5146718216 0.01899192085 0.4749472708 0.5344589103 0.05951163946 0.4351727306 0.5391959438 0.1040232132 -0.8567154414 0.04722067202 0.08699521227 nan nan
4 146677 3462 3462 0 0.4441958672 0.06896072109 0.356113422 0.5641778675 0.2080644455 0.3533386986 0.6326883515 0.2793496528 0.2867624966 0.1396404929 0.2081509768 nan nan
5 33028 1616 1616 0 0.2245900768 0.04850200418 0.1727842518 0.314058372 0.1412741202 0.1689168167 0.5728514127 0.4039345959 0.7800349773 0.09523997416 0.3540330148 nan nan
6 209914 4385 4385 0 0.5687410884 0.1076334331 0.4151473921 0.7536529872 0.3385055951 0.374302016 0.8838243628 0.5095223468 0.2247780822 0.2016118003 0.2697865881 nan nan
7 219125 4220 4220 0 0.3807610774 0.02851734486 0.3607031738 0.4389288587 0.07822568491 0.3566637373 0.5686278532 0.211964116 1.74209881 0.0546891205 0.184388115 nan nan
8 77722 4814 4814 0 0.5309196144 0.01784062472 0.4954337911 0.5516127549 0.05617896383 0.4882844047 0.5563450703 0.06806066563 -0.3902550318 0.04724291496 0.05439230139 nan nan
9 12322 1042 1042 0 0.199593777 0.01773878415 0.1733887986 0.226157565 0.0527687664 0.168193931 0.3213481076 0.1531541766 1.374727541 0.02834325365 0.1227352558 nan nan
10 98058 3015 3015 0 0.4026541484 0.0807938074 0.2170708525 0.4840344069 0.2669635544 0.1691570339 0.5033967836 0.3342397497 -0.7967916626 0.1720301789 0.2199439974 nan nan
11 36141 2030 2030 0 0.3591204461 0.09619386704 0.2336171539 0.5082517053 0.2746345514 0.2110358437 0.5728973064 0.3618614627 0.1100278736 0.1658943718 0.1876540065 nan nan
12 154799 126 126 0 0.5638353183 0.1317152169 0.3758726059 0.7430136822 0.3671410763 0.2030269335 0.8955575814 0.6925306479 -0.1323516305 0.2903179419 0.3566057439 nan nan
13 149609 26477 26477 0 0.4668782625 0.07466433015 0.3920561268 0.6239059751 0.2318498483 0.3795867698 0.7151012894 0.3355145195 0.6266519082 0.1678622254 0.2590575397 nan nan
14 43405 5487 5487 0 0.2924869347 0.05414802347 0.240573264 0.3979176698 0.1573444058 0.170281969 0.5729713754 0.4026894064 0.8305958437 0.1197939567 0.2948476623 nan nan
15 74518 13094 13094 0 0.4529415068 0.0282198537 0.4080295179 0.497960021 0.08993050307 0.3888909181 0.5665585489 0.1776676307 0.001201862835 0.07506178716 0.09417978716 nan nan
16 34315 2523 2523 0 0.4076586827 0.08612537684 0.2552215237 0.5118021964 0.2565806727 0.168591401 0.5728380059 0.4042466048 -0.4953332893 0.1539681377 0.239729255 nan nan
17 193452 20733 20733 0 0.6062044131 0.05444613184 0.5226796438 0.6958828196 0.1732031758 0.5031430085 0.7292240695 0.226081061 0.08044454295 0.1135852104 0.1469264604 nan nan
18 168109 1138 1138 0 0.531964458 0.1169218412 0.3661897064 0.7255018417 0.3593121353 0.3562459717 0.8956261106 0.539380139 0.2250538653 0.2031506136 0.3732748826 nan nan
19 134636 3432 3432 0 0.6421311682 0.1404547754 0.4803568199 0.8882938887 0.4079370688 0.3705687672 0.8953605839 0.5247918167 0.3216983757 0.2566610503 0.263696682 nan nan
20 46209 11737 11737 0 0.3399048753 0.04193167474 0.2643423373 0.3973148056 0.1329724683 0.1991275711 0.4073045146 0.2081769435 -0.2521697402 0.08069871239 0.1459134786 nan nan
21 15889 12009 12009 0 0.3690341631 0.05225978793 0.2967558243 0.4641177814 0.1673619571 0.2759808255 0.4886047653 0.2126239398 0.241848357 0.09186421592 0.1145155813 nan nan
22 8686 2986 2986 0 0.4257261908 0.04296235464 0.3496276676 0.4844458983 0.1348182307 0.2881415249 0.5004312289 0.212289704 -0.2248350751 0.07560827271 0.1370944154 nan nan
23 171756 601 601 0 0.5363624499 0.1152210704 0.3617207662 0.7341500143 0.3724292481 0.3526417655 0.8954556795 0.5428139139 0.217532542 0.199741013 0.3610466782 nan nan
24 173502 13986 13986 0 0.4657239189 0.03124844676 0.4280795202 0.5321458201 0.1040662999 0.4080731369 0.5773309915 0.1692578545 0.7297975829 0.07640223181 0.1215874032 nan nan
25 152141 7967 7967 0 0.6019355642 0.08665216357 0.4919191625 0.7343898768 0.2424707143 0.4279448335 0.8948398683 0.4668950348 0.1187646598 0.148704809 0.3090165548 nan nan
26 119322 15518 15518 0 0.6190538346 0.05614475222 0.5208745674 0.6988508536 0.1779762862 0.4968320168 0.7167161307 0.2198841139 -0.17981993 0.1064265235 0.1304690741 nan nan

K=27, phase=backward, parameter=w [deg]
cluster representative_source n_cluster n_valid n_missing median std p05 p95 width90 minimum maximum range skewness error95 error_max angle_origin_deg angle_resultant
0 97837 25454 25454 0 -1.103020493 4.60310476 -5.625095534 9.727688694 15.35278423 -6.647659137 13.84234791 20.49000705 0.9428939219 11.13310589 15.2477651 19.92807493 0.9967783102
1 30546 317 317 0 0.215175896 9.332386687 -10.80335279 14.42861763 25.23197042 -31.19203934 16.68716944 47.87920878 -0.5863478674 18.77542543 39.16411198 202.7948741 0.9868396675
2 21401 1048 1048 0 0.5568507452 6.935686502 -12.83251362 11.04668427 23.8791979 -34.80978585 13.15353573 47.96332157 -1.034880138 12.95255808 33.72614288 206.5443155 0.9927346788
3 49068 4841 4841 0 -1.571143603 5.676950417 -6.596850249 12.14508035 18.7419306 -7.624427436 20.0093453 27.63377274 1.149709387 14.79639338 22.66065833 191.5800669 0.9951068063
4 146677 3462 3462 0 1.995058207 4.727141514 -11.46148656 3.319287334 14.7807739 -18.98520009 3.503440231 22.48864032 -1.938823754 14.67799761 22.20171114 33.43572761 0.996607944
5 33028 1616 1616 0 8.180866394 16.17388491 -31.9571636 13.80096081 45.75812441 -33.16105057 14.11367593 47.2747265 -0.8902127575 42.23462581 43.43851278 204.7068522 0.9607534403
6 209914 4385 4385 0 -3.091340504 8.048439173 -8.709868912 15.31896802 24.02883693 -9.747472695 15.97336758 25.72084028 0.7693238647 21.67539199 22.32979155 20.38394195 0.9901705391
7 219125 4220 4220 0 1.057711606 5.406136589 -10.16678983 6.37769782 16.54448765 -14.76859108 7.295668553 22.06425963 -0.5913593336 12.13008323 13.04805396 29.02516912 0.9955560968
8 77722 4814 4814 0 -0.6490429812 6.751403977 -9.183404926 11.94643455 21.12983947 -10.76414848 14.52736919 25.29151767 0.3291712483 11.27727116 13.22762503 191.4835909 0.9930734062
9 12322 1042 1042 0 2.690447406 8.770664137 -18.08666082 11.61729517 29.70395599 -29.75437251 17.81039973 47.56477225 -0.9670678656 19.44191682 31.10962852 201.2511206 0.9883698848
10 98058 3015 3015 0 2.341091032 9.83727729 -16.32285424 12.69267259 29.01552683 -31.2994808 13.11403997 44.41352077 -0.4190120973 25.17973109 40.15635765 206.9372539 0.9853284494
11 36141 2030 2030 0 -1.612145938 9.511968387 -9.00623664 15.89808402 24.90432066 -29.61859402 19.23648653 48.85508056 -0.4064850121 22.54563288 24.47744862 201.1181554 0.9863413078
12 154799 126 126 0 -0.1175209623 37.69302868 -10.65321044 10.4631844 21.11639484 -178.0794066 176.3394337 354.4188403 1.083090531 15.29873887 179.1851102 25.07844788 0.9024709644
13 149609 26477 26477 0 1.767231956 5.387669021 -9.76636116 6.204433947 15.97079511 -14.46758115 8.97082863 23.43840978 -0.5801049532 16.19800383 20.89922382 27.38002994 0.9955858585
14 43405 5487 5487 0 2.701691645 7.670794155 -11.77986413 9.263012161 21.04287629 -37.67089576 10.52248999 48.19338574 -1.656776671 15.47001258 41.36104421 209.1745854 0.99113818
15 74518 13094 13094 0 -0.3450042212 4.698224908 -6.808926602 8.001606003 14.8105326 -27.05662234 13.40597819 40.46260054 0.1450289938 10.11046858 25.00105098 200.8176052 0.99664428
16 34315 2523 2523 0 -0.9616210259 7.626235012 -5.853610022 19.35108457 25.20469459 -25.49251396 23.28369872 48.77621268 0.9257429232 22.68439472 25.96080481 196.9449196 0.9912234443
17 193452 20733 20733 0 -0.2274403478 3.392204119 -4.556694693 3.658285949 8.214980642 -6.717322228 14.06341767 20.7807399 1.649070109 5.876978417 16.28211014 21.04705758 0.9982513002
18 168109 1138 1138 0 -0.795528111 5.430494752 -8.051011335 9.873681955 17.92469329 -15.60223658 10.75115518 26.35339176 0.1737524108 9.958723846 15.8194437 26.20501743 0.9955189703
19 134636 3432 3432 0 1.82063149 5.982953837 -11.08202645 7.14717562 18.22920207 -11.4281554 15.01987387 26.44802927 -0.6247935901 13.67521982 14.02134876 22.0432621 0.9945608159
20 46209 11737 11737 0 -0.1279861897 3.392275907 -5.274255883 5.629744791 10.90400067 -9.544251243 11.03154889 20.57580014 0.05726914243 6.094429033 10.59936507 205.3825292 0.9982484126
21 15889 12009 12009 0 -0.3796367629 3.496226689 -5.203920729 6.105257168 11.3091779 -6.339737442 7.793111439 14.13284888 0.2553349916 6.436066848 8.123921119 189.9593559 0.9981394537
22 8686 2986 2986 0 -0.3548989749 3.054500869 -2.345120387 1.553146128 3.898266515 -2.80339838 28.81751016 31.62090854 5.354262445 2.359623447 29.62398747 182.9288575 0.998592196
23 171756 601 601 0 -1.406425729 5.953658064 -8.165521967 9.901218591 18.06674056 -15.35089898 10.62884349 25.97974247 0.2489520191 11.43948462 14.02825718 26.43264773 0.9946136031
24 173502 13986 13986 0 0.5962423675 2.919652902 -5.765703628 3.407475487 9.173179115 -13.99256123 8.163452034 22.15601327 -0.7771798419 7.360274446 15.58713205 28.17702984 0.9987026511
25 152141 7967 7967 0 -0.1622707851 3.252315228 -4.455112466 6.735013019 11.19012549 -13.67174928 12.16718257 25.83893184 0.7787047434 7.556691673 14.41359741 24.25942109 0.9983920061
26 119322 15518 15518 0 0.1273770561 1.791758452 -2.978129321 2.544103102 5.522232423 -13.92505546 7.850623636 21.77567909 0.04874257573 3.111179993 13.47209457 27.33513077 0.9995112061

K=27, phase=forward, parameter=eps [km^2/s^2]
cluster representative_source n_cluster n_valid n_missing median std p05 p95 width90 minimum maximum range skewness error95 error_max angle_origin_deg angle_resultant
0 97837 25454 25454 0 -0.1541333341 0.03279529007 -0.1971616377 -0.09733594723 0.09982569046 -0.2470828167 -0.08822108875 0.1588617279 0.139142344 0.05446596829 0.1043853369 nan nan
1 30546 317 317 0 -0.2060453966 0.3316111606 -0.9617513089 -0.115385677 0.8463656319 -1.020440955 -0.05154323718 0.9688977179 -0.8066576407 0.7579132132 0.8166028593 nan nan
2 21401 1048 1048 0 -0.828352698 0.04468407554 -0.9301031678 -0.812605958 0.1174972098 -1.020173947 -0.04606809117 0.9741058554 4.07842887 0.1056471839 0.7804413899 nan nan
3 49068 4841 4841 0 -0.9560590943 0.02651966208 -0.9856772288 -0.9054657034 0.08021152539 -0.9895364382 -0.893189437 0.09634700114 0.382127818 0.04709379794 0.0593700643 nan nan
4 146677 3462 3462 0 -0.1735614707 0.06059414435 -0.2052097967 -0.1070013173 0.09820847945 -0.847659622 -0.1043363851 0.743323237 -6.832521683 0.07263309641 0.6685291015 nan nan
5 33028 1616 1616 0 -0.2457899883 0.1254864513 -0.2569945552 -0.2051086005 0.0518859547 -0.9806716823 -0.1074576018 0.8732140805 -4.866200201 0.08280963487 0.7384136813 nan nan
6 209914 4385 4385 0 -0.8424121783 0.02753081281 -0.9139808257 -0.8230652973 0.09091552841 -1.020820046 -0.807091806 0.2137282399 -2.373255439 0.07017985458 0.1770190748 nan nan
7 219125 4220 4220 0 -0.8322573398 0.04250686829 -0.9562772914 -0.8079745373 0.1483027541 -1.020811158 -0.8071000865 0.2137110715 -2.115204662 0.1478770269 0.2124108935 nan nan
8 77722 4814 4814 0 -0.8779258097 0.024912529 -0.929166091 -0.8501304599 0.07903563106 -0.9713917668 -0.8124351423 0.1589566245 -0.7269576142 0.04467945136 0.08303467428 nan nan
9 12322 1042 1042 0 -0.8192911144 0.2557935733 -0.8798661468 -0.1097968632 0.7700692836 -0.9840399596 -0.04389160369 0.9401483559 1.837639175 0.7093014411 0.7752067006 nan nan
10 98058 3015 3015 0 -0.9097739533 0.04037754518 -0.9768387413 -0.8467073538 0.1301313875 -0.9819994091 -0.8085486977 0.1734507113 0.07199209339 0.06976481012 0.1079234662 nan nan
11 36141 2030 2030 0 -0.1717142436 0.2705490718 -0.8884783271 -0.04688029501 0.8415980321 -1.016039863 -0.04398107964 0.9720587837 -1.755188406 0.7403455426 0.8679070788 nan nan
12 154799 126 126 0 -0.2106528771 0.3345613219 -0.9637854037 -0.1150495827 0.848735821 -0.9769988255 -0.04671985241 0.9302789731 -0.7028075194 0.7515088771 0.7647222989 nan nan
13 149609 26477 26477 0 -0.8707109071 0.02379013135 -0.9218806695 -0.8415481166 0.08033255291 -0.9712989713 -0.8108506487 0.1604483226 -0.7936251272 0.08363014959 0.1330484514 nan nan
14 43405 5487 5487 0 -0.1872723713 0.08213229607 -0.2352757868 -0.0999213178 0.135354469 -0.97968998 -0.04617033786 0.9335196422 -6.680329154 0.08386125074 0.8076337315 nan nan
15 74518 13094 13094 0 -0.1952596903 0.05441447424 -0.2286769477 -0.128433337 0.1002436107 -0.8409721946 -0.1184066481 0.7225655465 -6.945764902 0.06834958734 0.6448590169 nan nan
16 34315 2523 2523 0 -0.9080655263 0.04856553643 -0.9769447073 -0.8135329364 0.1634117709 -1.020656292 -0.8063625598 0.2142937317 0.2153877126 0.09965222495 0.1082914229 nan nan
17 193452 20733 20733 0 -0.09843053121 0.03551300216 -0.1840142082 -0.06685420978 0.1171599984 -0.2446092002 -0.05885393284 0.1857552673 -1.366754305 0.09839171664 0.1589867086 nan nan
18 168109 1138 1138 0 -0.1884912807 0.06541638492 -0.2549280928 -0.1141996581 0.1407284346 -0.945320889 -0.04380055914 0.9015203298 -5.170122813 0.08199562322 0.7493386619 nan nan
19 134636 3432 3432 0 -0.8713990367 0.05352676381 -0.9740334776 -0.8105049 0.1635285776 -1.019554213 -0.8067544424 0.2127997709 -0.4090391117 0.0905077783 0.1189272407 nan nan
20 46209 11737 11737 0 -0.2252665601 0.05417657723 -0.2467523954 -0.1531593051 0.09359309025 -0.88690913 -0.1391862928 0.7477228372 -7.522912661 0.06942302826 0.6654416568 nan nan
21 15889 12009 12009 0 -0.9648665302 0.0329812725 -1.002243078 -0.9020319541 0.1002111239 -1.008564402 -0.8911740448 0.1173903569 0.3686530887 0.05453313404 0.06539104336 nan nan
22 8686 2986 2986 0 -0.880871795 0.01680077304 -0.8998536793 -0.8611100007 0.03874367858 -0.9807700187 -0.8546976511 0.1260723677 -2.128170546 0.02295584714 0.1038721866 nan nan
23 171756 601 601 0 -0.8561856549 0.05814510495 -0.9744644486 -0.8156974378 0.1587670108 -1.020582924 -0.2548967586 0.7656861652 1.346964925 0.106095406 0.6135964901 nan nan
24 173502 13986 13986 0 -0.9231680357 0.01988920918 -0.9520954579 -0.8910397935 0.06105566438 -0.9987341336 -0.8093950962 0.1893390374 0.1310055609 0.03353155941 0.1100929591 nan nan
25 152141 7967 7967 0 -0.1788687191 0.05176328801 -0.2549626991 -0.1124292814 0.1425334177 -0.9968920251 -0.0678054649 0.9290865602 -3.925137594 0.07362380703 0.8136055255 nan nan
26 119322 15518 15518 0 -0.9429018553 0.02306147736 -0.9697058904 -0.8969410341 0.07276485634 -0.9750473145 -0.8510394547 0.1240078597 0.4679456307 0.03918545733 0.08267194936 nan nan

K=27, phase=forward, parameter=e [-]
cluster representative_source n_cluster n_valid n_missing median std p05 p95 width90 minimum maximum range skewness error95 error_max angle_origin_deg angle_resultant
0 97837 25454 25454 0 0.6302764653 0.08048400838 0.5227988876 0.7676974931 0.2448986055 0.3881977042 0.7895647552 0.401367051 0.1018325661 0.1354191391 0.2700203225 nan nan
1 30546 317 317 0 0.504256563 0.1539712669 0.2306154518 0.7242488299 0.4936333781 0.2028562528 0.8772211912 0.6743649384 -0.1900599188 0.2871684578 0.3713513493 nan nan
2 21401 1048 1048 0 0.2346504367 0.07829414112 0.1892704966 0.4414774673 0.2522069707 0.1697123633 0.8902517039 0.7205393406 2.078996856 0.2115042728 0.6602785094 nan nan
3 49068 4841 4841 0 0.4794959615 0.04225646712 0.3956093914 0.5238323695 0.1282229781 0.3733614257 0.5294155266 0.156054101 -0.4578552172 0.078246097 0.1004940628 nan nan
4 146677 3462 3462 0 0.5821225796 0.09385560393 0.5021591333 0.7444860682 0.2423269349 0.2062286491 0.7508729048 0.5446442557 -0.1618390795 0.1776121625 0.3620005386 nan nan
5 33028 1616 1616 0 0.3943979809 0.0555153981 0.3614619257 0.5148087218 0.1533467961 0.2778537311 0.7437231963 0.4658694652 2.209472444 0.1124270355 0.3402898005 nan nan
6 209914 4385 4385 0 0.2697224171 0.05522776148 0.2207762325 0.411100067 0.1903238345 0.1710855758 0.5729557573 0.4018701815 1.784589258 0.1379204477 0.299776138 nan nan
7 219125 4220 4220 0 0.2447321042 0.08613949538 0.1740649761 0.4797716104 0.3057066343 0.1711237845 0.5729437429 0.4018199583 1.589135039 0.3046371399 0.3978092724 nan nan
8 77722 4814 4814 0 0.3446038331 0.04726732759 0.2864802832 0.4364754474 0.1499951642 0.1898275721 0.5029569112 0.3131293391 0.4745551506 0.08436106559 0.1747017637 nan nan
9 12322 1042 1042 0 0.2259814872 0.1769793218 0.1885495037 0.7381087389 0.5495592353 0.1722257304 0.8954250633 0.7231993329 1.966499869 0.5288845002 0.6862008245 nan nan
10 98058 3015 3015 0 0.4034629703 0.07283360265 0.2792216686 0.5108993431 0.2316776746 0.1768984382 0.5185090086 0.3416105704 -0.3568446529 0.1357090238 0.2380322541 nan nan
11 36141 2030 2030 0 0.5867339403 0.1839252853 0.2867375137 0.8883047639 0.6015672502 0.1705568463 0.8952125964 0.7246557501 -0.0105691728 0.3580668738 0.4742475411 nan nan
12 154799 126 126 0 0.4947996635 0.1631098698 0.2289472497 0.7250673115 0.4961200618 0.1698141831 0.8887012719 0.7188870888 -0.01044147104 0.2807717926 0.404824026 nan nan
13 149609 26477 26477 0 0.3308726948 0.04637500883 0.2671810472 0.4246043206 0.1574232734 0.1824369508 0.502791275 0.3203543243 0.5342353237 0.165388049 0.2435750034 nan nan
14 43405 5487 5487 0 0.5480056684 0.1011200259 0.4300665446 0.7617791908 0.3317126462 0.1698731259 0.8900080584 0.7201349325 0.4839584538 0.206715381 0.4166765067 nan nan
15 74518 13094 13094 0 0.5273623387 0.08805733188 0.4400545232 0.6926815299 0.2526270066 0.1759040453 0.7169528445 0.5410487992 0.1487830518 0.1692238177 0.3491823628 nan nan
16 34315 2523 2523 0 0.4004045655 0.09145992397 0.1907809865 0.5110743113 0.3202933248 0.1685723685 0.5727162374 0.4041438689 -0.564914988 0.2171241981 0.2393328161 nan nan
17 193452 20733 20733 0 0.7651243358 0.08693560761 0.555458118 0.8406599738 0.2852018557 0.3951421387 0.8597500074 0.4646078687 -1.438684609 0.240437325 0.4007533043 nan nan
18 168109 1138 1138 0 0.5447073223 0.1206120835 0.3672897166 0.7271068286 0.359817112 0.3562089582 0.8956399398 0.5394309816 0.2778757593 0.2015392038 0.370072315 nan nan
19 134636 3432 3432 0 0.3317289404 0.1040976154 0.1827940127 0.5067541134 0.3239601007 0.1700181651 0.5712727564 0.4012545913 0.1814316188 0.2044419678 0.2172178153 nan nan
20 46209 11737 11737 0 0.4491315181 0.08037462631 0.3900062968 0.6322828675 0.2422765706 0.1771737652 0.6664920248 0.4893182596 0.6073725222 0.1759168965 0.2816078208 nan nan
21 15889 12009 12009 0 0.4927558524 0.05192629885 0.3891973064 0.5474114598 0.1582141534 0.3693317405 0.5562090262 0.1868772856 -0.4571754792 0.09074591341 0.1106114792 nan nan
22 8686 2986 2986 0 0.3498032664 0.03087819846 0.3099533608 0.3853420695 0.07538870874 0.2961950764 0.516756975 0.2205618986 1.750214584 0.04407288308 0.1746463124 nan nan
23 171756 601 601 0 0.300238432 0.1016772825 0.2015819606 0.5074793467 0.305897386 0.1700666531 0.5726195203 0.4025528672 0.5566216584 0.1806577703 0.2457979439 nan nan
24 173502 13986 13986 0 0.426709341 0.03374896644 0.3700077569 0.4734975042 0.1034897473 0.1795494123 0.5422283212 0.3626789089 -0.2615699592 0.05643310921 0.2409235346 nan nan
25 152141 7967 7967 0 0.5688045587 0.1116808833 0.3660998808 0.7313889715 0.3652890907 0.1713813095 0.8384885339 0.6671072244 -0.2810815049 0.1921288986 0.3863648302 nan nan
26 119322 15518 15518 0 0.4588515771 0.03788427016 0.380669529 0.5003645264 0.1196949973 0.2898717759 0.5083076615 0.2184358855 -0.5577822644 0.06368619094 0.1540967574 nan nan

K=27, phase=forward, parameter=w [deg]
cluster representative_source n_cluster n_valid n_missing median std p05 p95 width90 minimum maximum range skewness error95 error_max angle_origin_deg angle_resultant
0 97837 25454 25454 0 -3.384144472 18.11813127 -21.8331677 34.60990056 56.44306826 -22.82442447 69.60563917 92.43006364 0.8129947568 47.81775481 82.81349342 173.7008686 0.9512775143
1 30546 317 317 0 -1.463659861 81.29552877 -167.8750684 64.91172036 232.7867887 -179.420791 161.0292214 340.4500124 -0.4853131581 176.3274911 179.9945588 41.49027261 0.3367424232
2 21401 1048 1048 0 -2.65240351 19.42333956 -22.93475699 38.75433512 61.68909211 -57.74175401 151.1879819 208.9297359 1.971063364 46.46132482 156.7435482 158.1544616 0.9479539718
3 49068 4841 4841 0 -0.7806175211 13.39366094 -19.12956096 24.73514326 43.86470422 -21.80248263 38.39005095 60.19253358 0.4455148335 30.09061433 43.74552203 313.3689688 0.9729896923
4 146677 3462 3462 0 -3.67568611 26.54237267 -31.10336993 46.96237341 78.06574334 -179.2611607 179.6982993 358.95946 1.314000045 61.19897547 176.2425084 242.1049913 0.9071046948
5 33028 1616 1616 0 -3.43159927 38.94743679 -28.74824247 57.38032575 86.12856822 -179.0331532 179.5287564 358.5619096 1.171491362 56.48390782 179.357277 211.087095 0.8535778574
6 209914 4385 4385 0 -3.316070812 18.3457368 -18.91343432 35.98353888 54.8969732 -26.1208684 103.6574327 129.7783011 1.820928561 50.75269782 118.4265916 55.4412992 0.9519688372
7 219125 4220 4220 0 -9.83454897 36.17899051 -35.30946299 72.73360118 108.0430642 -37.23278328 127.4811511 164.7139344 0.9660166004 56.38509284 111.1326428 35.69836129 0.818976607
8 77722 4814 4814 0 -3.189148974 14.363556 -16.12433221 30.59249986 46.71683208 -17.73217175 65.50910348 83.24127523 1.210367369 33.96793124 68.88453486 308.015807 0.9693031355
9 12322 1042 1042 0 -8.599851408 53.40438563 -36.43547175 127.4509211 163.8863928 -169.5884331 179.7418819 349.330315 1.230546016 143.0974401 179.1144401 171.4322166 0.6958928398
10 98058 3015 3015 0 -4.372533808 18.67033677 -22.60894216 36.4255047 59.03444686 -26.01743503 73.76725905 99.78469408 0.9291253935 34.47246106 71.81421541 340.7955079 0.9485071104
11 36141 2030 2030 0 -4.724300989 60.93714213 -39.38824712 146.243044 185.6312911 -179.9758758 179.3528949 359.3287708 0.4777804534 162.6397326 179.8799934 306.4972233 0.6605334194
12 154799 126 126 0 -3.691013803 89.51303283 -129.7862242 167.2306417 297.0168659 -179.76852 174.655881 354.424401 0.1070278373 174.1628616 179.5260067 173.0061174 0.2699107702
13 149609 26477 26477 0 -2.547795402 16.83863412 -20.70911832 31.4258679 52.13498623 -23.5590879 96.06193898 119.6210269 1.186537773 30.86684943 95.5029205 15.07713026 0.9583516558
14 43405 5487 5487 0 -0.9527314942 26.85966842 -39.25650255 33.55803628 72.81453883 -179.5815983 179.1785574 358.7601557 -0.2882625193 44.07012418 179.9251401 234.0294127 0.9155171673
15 74518 13094 13094 0 -3.43057636 23.06781872 -25.79271249 38.25484523 64.04755771 -179.4742917 178.1124267 357.5867184 0.5928709255 46.97372718 179.8482216 190.1811942 0.9303021533
16 34315 2523 2523 0 -1.298937333 21.57089907 -44.26294817 36.33810506 80.60105323 -75.14638326 77.0814101 152.2277934 -0.08333977912 48.18161788 88.37922924 48.78932231 0.9323250375
17 193452 20733 20733 0 -3.885904091 18.43098 -21.88828259 37.19008611 59.0783687 -24.3440219 74.36629427 98.71031617 0.9260949126 38.70313669 75.87934485 175.8720426 0.9497205844
18 168109 1138 1138 0 0.2325534755 31.52419656 -47.19934611 52.37308392 99.57243003 -73.38956919 170.0956979 243.4852671 0.5861868304 57.06519064 170.7447105 31.39919011 0.8642769472
19 134636 3432 3432 0 2.166866277 28.25843026 -52.04514594 42.34735844 94.39250438 -63.09130986 76.96696796 140.0582778 -0.2453700595 51.89485944 83.74787254 123.7916599 0.8846147526
20 46209 11737 11737 0 -3.166622613 19.27948832 -18.42639891 29.96914087 48.39553978 -179.790689 178.8506423 358.6413313 2.760095756 44.0554775 179.7889358 181.5672284 0.9558562986
21 15889 12009 12009 0 -0.5042184817 6.784508728 -10.04757562 11.77604162 21.82361724 -11.77057876 21.50741886 33.27799762 0.3468480922 16.50634857 26.23772581 301.6118676 0.9930089951
22 8686 2986 2986 0 -1.749774588 6.3869515 -4.055149785 5.856407234 9.911557019 -4.206934403 57.90757703 62.11451143 4.415960732 9.364633639 61.41580344 293.6164266 0.993966803
23 171756 601 601 0 -1.104681459 34.50599656 -52.46509185 55.20580062 107.6708925 -73.67315261 135.1366222 208.8097748 0.1668941298 62.49151266 142.0488739 216.6514823 0.8317087174
24 173502 13986 13986 0 -3.949084267 15.35973347 -15.56936302 26.76150705 42.33087007 -15.96572732 98.88494907 114.8506764 1.567151316 35.51674413 107.6401862 6.452821712 0.9656101496
25 152141 7967 7967 0 -2.182695328 24.04949346 -41.0541681 41.55301837 82.60718647 -177.09914 138.3775063 315.4766462 -0.07221422187 60.55358994 158.3409422 286.9331787 0.9179963052
26 119322 15518 15518 0 -3.112717868 16.04983252 -18.51693203 31.85916887 50.3761009 -20.22916136 71.63911862 91.86827997 1.15693812 42.86787659 82.64782634 11.09893792 0.9618765436

K=32, STD=0.0120954482
n = trajectories per cluster; conditions overlap.
n = 1: clusters=0/32 (0.00%); trajectories=0/194058 (0.00%)
n < 10: clusters=0/32 (0.00%); trajectories=0/194058 (0.00%)
n < 100: clusters=0/32 (0.00%); trajectories=0/194058 (0.00%)

K=32, phase=backward, parameter=eps [km^2/s^2]
cluster representative_source n_cluster n_valid n_missing median std p05 p95 width90 minimum maximum range skewness error95 error_max angle_origin_deg angle_resultant
0 94651 24762 24762 0 -0.09841787626 0.02342193584 -0.1480864799 -0.06740203364 0.0806844463 -0.1808042275 -0.05881779331 0.1219864342 -0.7829160708 0.06530628805 0.09802403565 nan nan
1 30546 212 212 0 -0.8342532396 0.05993733617 -0.9765592462 -0.8166849573 0.1598742889 -1.018367772 -0.8068393667 0.2115284049 -0.96246108 0.1468806616 0.188689187 nan nan
2 21401 999 999 0 -0.8292127281 0.0372816737 -0.9531998566 -0.8246157818 0.1285840748 -1.003056356 -0.8219637802 0.1810925754 -2.358565964 0.1245891578 0.1744456568 nan nan
3 49068 4837 4837 0 -0.9794128574 0.01267880674 -0.9930670204 -0.9532141028 0.03985291758 -0.9963991166 -0.9281148789 0.06828423769 0.7949786058 0.03136534231 0.05646456616 nan nan
4 203087 3277 3277 0 -0.2017972468 0.01629054663 -0.23257151 -0.1763803992 0.05619111071 -0.2584258867 -0.1236880421 0.1347378446 -0.7418857811 0.03725507237 0.0804066636 nan nan
5 33028 1533 1533 0 -0.8249881002 0.01844007086 -0.8617124987 -0.8076996975 0.05401280125 -1.020739299 -0.8066103601 0.2141289389 -1.400802941 0.03948931935 0.1985161196 nan nan
6 153596 2200 2200 0 -0.1643343069 0.03474463654 -0.2044855916 -0.1065633423 0.09792224936 -0.2339634096 -0.104628734 0.1293346756 0.1921256968 0.06019087529 0.0672834776 nan nan
7 149947 3463 3463 0 -0.2261724861 0.02586262534 -0.2583709249 -0.1828807892 0.07549013567 -0.2593276385 -0.1579865306 0.1013411079 0.2447515292 0.05314338959 0.07803764822 nan nan
8 8686 2980 2980 0 -0.9230219766 0.02510549083 -0.959513099 -0.8808281719 0.07868492716 -0.9699743336 -0.8508318587 0.1191424749 0.1245503063 0.04288252133 0.07195535759 nan nan
9 12322 1022 1022 0 -0.815865569 0.00513197957 -0.8247926064 -0.8079003223 0.01689228409 -0.8436044659 -0.8062084723 0.03739599355 -0.3763184101 0.009317825509 0.02804655418 nan nan
10 26334 1419 1419 0 -0.8665562792 0.03066955476 -0.910274136 -0.8083063687 0.1019677673 -0.923928638 -0.8063623697 0.1175662683 0.3024935853 0.05674297316 0.05896655793 nan nan
11 36819 178 178 0 -0.8853205485 0.04771576544 -0.9670875779 -0.827268171 0.1398194069 -1.020754723 -0.8170902979 0.2036644254 -0.3324018371 0.07523052952 0.1198444892 nan nan
12 133457 3436 3436 0 -0.1495769242 0.05683049967 -0.2133589936 -0.04686795326 0.1664910404 -0.241818408 -0.04387907749 0.1979393305 0.3793755147 0.1047005454 0.1076894212 nan nan
13 149609 26298 26298 0 -0.2186564838 0.02870773511 -0.2459877313 -0.1567377687 0.0892499626 -0.2503484518 -0.1265314213 0.1238170305 0.6807407738 0.06570491664 0.09591126402 nan nan
14 35909 1960 1960 0 -0.8806504842 0.05040230253 -0.973730994 -0.8275601782 0.1461708158 -1.020778602 -0.8206074328 0.2001711693 -0.3678093507 0.07731470333 0.1165295281 nan nan
15 56808 7491 7491 0 -0.8713249852 0.02135367916 -0.9063959565 -0.8381563363 0.06823962015 -0.9412522397 -0.8310290574 0.1102231823 -0.07038999498 0.04079209118 0.06247206394 nan nan
16 45392 1395 1395 0 -0.9555897728 0.02296874681 -0.9784952857 -0.9099128137 0.06858247196 -1.020743755 -0.8503671476 0.1703766076 0.4939261562 0.04855538934 0.10798637 nan nan
17 170313 20200 20200 0 -0.1616167265 0.02336177488 -0.1964302849 -0.1211038699 0.07532641507 -0.203937617 -0.107836621 0.09610099608 0.148513821 0.04845908883 0.06172633774 nan nan
18 208654 3476 3476 0 -0.1634591972 0.03487305579 -0.2125757918 -0.101078093 0.1114976988 -0.2230349469 -0.04455261547 0.1784823314 0.2747684646 0.05847836554 0.1135951251 nan nan
19 164816 2490 2490 0 -0.2422460805 0.01308093538 -0.2572148493 -0.2165551945 0.04065965482 -0.2582250091 -0.2002373017 0.05798770745 0.459103218 0.02655273899 0.04287063179 nan nan
20 45239 4356 4356 0 -0.8492696277 0.02534106199 -0.9039288131 -0.830022057 0.07390675609 -1.020836128 -0.8068572751 0.2139788533 -1.418482276 0.05695289839 0.1738602137 nan nan
21 15889 12009 12009 0 -0.8908769874 0.02862545412 -0.9464306012 -0.8548510297 0.09157957142 -0.9620982855 -0.8455281707 0.1165701148 -0.3857667699 0.05281888657 0.06848657085 nan nan
22 100032 2907 2907 0 -0.9128627858 0.0403851531 -0.9595580205 -0.830988381 0.1285696395 -0.9716903857 -0.8065266032 0.1651637825 0.5114924185 0.07452487406 0.09898665188 nan nan
23 154799 166 166 0 -0.1866236595 0.1423258896 -0.2544858096 -0.1141621117 0.1403236979 -1.017669023 -0.04383479669 0.9738342267 -4.288061427 0.1195549918 0.8351510046 nan nan
24 175498 2817 2817 0 -0.2497905692 0.01056216571 -0.256426513 -0.2278566871 0.02856982592 -0.2572678876 -0.1846891134 0.07257877429 1.771450847 0.01788310709 0.06105068083 nan nan
25 120396 4030 4030 0 -0.1330407272 0.02287508733 -0.17477421 -0.1098373927 0.0649368173 -0.1830416024 -0.04380722131 0.1392343811 0.001785920014 0.05174690784 0.08009743557 nan nan
26 119604 15567 15567 0 -0.1587684137 0.02282603797 -0.1982229368 -0.1259497182 0.07227321866 -0.207662361 -0.1186172049 0.08904515608 -0.1605949599 0.04266526508 0.05210468925 nan nan
27 76930 4797 4797 0 -0.9906993899 0.01226242361 -1.005269379 -0.9666183429 0.03865103597 -1.008654727 -0.9620409644 0.04661376268 0.3615888698 0.03233167159 0.03690905007 nan nan
28 164396 1357 1357 0 -0.1843739242 0.04305290675 -0.2517521612 -0.1146414663 0.1371106949 -0.2595672675 -0.04390831563 0.2156589519 0.1040978477 0.07881637252 0.1495495232 nan nan
29 77279 12294 12294 0 -0.9408099723 0.01668968585 -0.9685113481 -0.9149598249 0.05355152323 -1.017562366 -0.9032646973 0.1142976687 -0.07771785946 0.04410322823 0.05851367663 nan nan
30 41861 6170 6170 0 -0.8847443825 0.02209600578 -0.9135639532 -0.8441510806 0.06941287266 -0.9195189789 -0.8368024549 0.08271652392 0.2681511007 0.0406025285 0.04795115414 nan nan
31 173781 13960 13960 0 -0.2191384704 0.01199522006 -0.2331642953 -0.1932299931 0.03993430221 -0.2432254336 -0.1747129763 0.06851245732 0.7959391497 0.02972517368 0.04824219049 nan nan

K=32, phase=backward, parameter=e [-]
cluster representative_source n_cluster n_valid n_missing median std p05 p95 width90 minimum maximum range skewness error95 error_max angle_origin_deg angle_resultant
0 94651 24762 24762 0 0.7651486445 0.05655290394 0.6446445529 0.8393713183 0.1947267654 0.56341166 0.8598376402 0.2964259802 -0.8118814233 0.1579388121 0.239171705 nan nan
1 30546 212 212 0 0.2499321521 0.1138020985 0.2028444834 0.5105463175 0.3077018341 0.170063584 0.5696766465 0.3996130624 0.8185262075 0.2720858255 0.3312161544 nan nan
2 21401 999 999 0 0.23692809 0.07287143775 0.2249210792 0.4749673384 0.2500462592 0.2175246744 0.5486517184 0.3311270439 2.08953125 0.2396718766 0.3133562565 nan nan
3 49068 4837 4837 0 0.5146467335 0.0189923729 0.4749459566 0.5344405454 0.0594945888 0.4351727306 0.5391917984 0.1040190678 -0.8567633579 0.04722198628 0.08699521227 nan nan
4 203087 3277 3277 0 0.5109268098 0.04261980687 0.4285036785 0.5748909414 0.1463872629 0.356048273 0.7046917262 0.3486434532 -0.9293009886 0.09695373298 0.1994326171 nan nan
5 33028 1533 1533 0 0.2256659571 0.04653539113 0.1732242229 0.3127117047 0.1394874818 0.1694522375 0.5728514127 0.4033991752 0.7115298981 0.09389330688 0.3540330148 nan nan
6 153596 2200 2200 0 0.6049887258 0.08567509439 0.5041087423 0.7455396018 0.2414308595 0.4246648142 0.7501700804 0.3255052663 0.1728622537 0.1464789813 0.1745657171 nan nan
7 149947 3463 3463 0 0.4458512527 0.06914235423 0.3561422048 0.5581653318 0.202023127 0.3533386986 0.6202551083 0.2669164097 0.1939378903 0.1391808233 0.2012705998 nan nan
8 8686 2980 2980 0 0.4255922473 0.04299305971 0.3495274857 0.4844381889 0.1349107032 0.2881415249 0.5004312289 0.212289704 -0.2242813936 0.07570845458 0.1370944154 nan nan
9 12322 1022 1022 0 0.1993812021 0.015496656 0.1737933366 0.2252996836 0.05150634696 0.168193931 0.2696370495 0.1014431185 0.1625330345 0.02805162593 0.07102419771 nan nan
10 26334 1419 1419 0 0.3219557309 0.06821829568 0.1752919286 0.4042840806 0.228992152 0.168591401 0.4276318748 0.2590404737 -0.601045651 0.1433845388 0.1500850664 nan nan
11 36819 178 178 0 0.3593882745 0.08957967498 0.232025371 0.4963180562 0.2642926851 0.2035461622 0.5728758046 0.3693296424 0.05687261701 0.1603973897 0.1851089739 nan nan
12 133457 3436 3436 0 0.6411914425 0.1389336129 0.4809675155 0.8883179735 0.4073504581 0.4030483833 0.8954556795 0.4924072962 0.3511858467 0.2519305152 0.2590682211 nan nan
13 149609 26298 26298 0 0.4668393703 0.07435057923 0.3922037655 0.6234333758 0.2312296103 0.3797481417 0.697340941 0.3175927992 0.6230315063 0.1673896262 0.2412971913 nan nan
14 35909 1960 1960 0 0.3503370306 0.09460830843 0.2327020403 0.5063118074 0.2736097671 0.2110358437 0.5728973064 0.3618614627 0.187655423 0.162282614 0.1826707239 nan nan
15 56808 7491 7491 0 0.3321466908 0.04320960878 0.2591155109 0.3979410905 0.1388255796 0.2412161781 0.4560854316 0.2148692535 -0.08209317899 0.08801262342 0.1091248109 nan nan
16 45392 1395 1395 0 0.4789097444 0.03662792934 0.4039498873 0.5133707719 0.1094208846 0.2884730138 0.5728380059 0.2843649921 -0.5939366751 0.07940095211 0.1944744672 nan nan
17 170313 20200 20200 0 0.6119710973 0.05761268687 0.5247704888 0.7106214863 0.1858509976 0.505519094 0.7425083037 0.2369892097 0.12195377 0.1184028336 0.150289651 nan nan
18 208654 3476 3476 0 0.6076753061 0.08612572375 0.482635291 0.7590055799 0.2763702889 0.4542800632 0.893855155 0.4395750919 0.2317719647 0.1472719804 0.2729838029 nan nan
19 164816 2490 2490 0 0.4026751307 0.03629566708 0.3595930386 0.4728239769 0.1132309383 0.3566637373 0.5156353525 0.1589716153 0.4207157155 0.07341045734 0.116221833 nan nan
20 45239 4356 4356 0 0.2855910366 0.05195321912 0.2391026428 0.3936776461 0.1545750033 0.170281969 0.5729713754 0.4026894064 0.9277040838 0.113183196 0.2924769254 nan nan
21 15889 12009 12009 0 0.3690341631 0.05225978793 0.2967558243 0.4641177814 0.1673619571 0.2759808255 0.4886047653 0.2126239398 0.241848357 0.09186421592 0.1145155813 nan nan
22 100032 2907 2907 0 0.4092145492 0.07643946341 0.2423933631 0.4850592355 0.2426658724 0.1692162104 0.5033967836 0.3341805731 -0.8065934815 0.1542396695 0.2274168221 nan nan
23 154799 166 166 0 0.556302648 0.1243600756 0.3770395515 0.7272060558 0.3501665042 0.2030269335 0.8955575814 0.6925306479 -0.1424581402 0.1990064134 0.3566057439 nan nan
24 175498 2817 2817 0 0.3811601978 0.02941135076 0.3619905427 0.4431280359 0.08113749319 0.3594872152 0.5550590695 0.1955718542 1.674668779 0.05095938915 0.1628904227 nan nan
25 120396 4030 4030 0 0.6815627906 0.05572308236 0.5790649981 0.7376294292 0.1585644311 0.5583616553 0.8956261106 0.3372644553 -0.02369666928 0.1266908201 0.1918876285 nan nan
26 119604 15567 15567 0 0.6185428877 0.05650452332 0.5196491515 0.6987106947 0.1790615432 0.4954111247 0.7164402453 0.2210291206 -0.1837398347 0.1068316693 0.1310696961 nan nan
27 76930 4797 4797 0 0.5310300813 0.01777350027 0.4955594777 0.5516247789 0.05606530116 0.4882844047 0.5563450703 0.06806066563 -0.3963654125 0.04727949371 0.05455456675 nan nan
28 164396 1357 1357 0 0.5549679826 0.1088768598 0.3752565686 0.7260340904 0.3507775219 0.3526417655 0.8953803856 0.5427386201 0.0149159772 0.1940416388 0.363387934 nan nan
29 77279 12294 12294 0 0.4555590086 0.02673021012 0.4128209888 0.4985628537 0.08574186486 0.3924656597 0.5684740189 0.1760083592 0.00789756236 0.07145247079 0.09174546169 nan nan
30 41861 6170 6170 0 0.3581500353 0.04342304932 0.2731902301 0.4101680131 0.1369777831 0.255609074 0.420272338 0.1646632641 -0.3930522536 0.08491014088 0.102491297 nan nan
31 173781 13960 13960 0 0.4655093017 0.03131768049 0.4278037091 0.5322286591 0.10442495 0.3990679859 0.5789026716 0.1798346857 0.7450550396 0.07714944157 0.1238234541 nan nan

K=32, phase=backward, parameter=w [deg]
cluster representative_source n_cluster n_valid n_missing median std p05 p95 width90 minimum maximum range skewness error95 error_max angle_origin_deg angle_resultant
0 94651 24762 24762 0 -1.425087789 4.974880034 -5.842669648 10.54130855 16.3839782 -6.848913307 14.10314975 20.95206305 0.9472145312 11.91765 15.47949119 20.1293291 0.9962376257
1 30546 212 212 0 3.82275117 9.39451558 -12.45216415 13.3133162 25.76548035 -32.71878384 15.06062951 47.77941336 -0.9944516332 18.79769687 39.06431656 204.421414 0.9866858258
2 21401 999 999 0 0.2970499198 6.374143212 -12.41430692 10.68095127 23.09525819 -35.18179486 12.78152671 47.96332157 -0.6506788895 12.70207699 33.72614288 206.9163245 0.9938476055
3 49068 4837 4837 0 -1.57339398 5.677185699 -6.59918465 12.14399441 18.74317906 -7.626779452 20.00699328 27.63377274 1.149959541 14.79765946 22.66065833 191.5824189 0.9951064004
4 203087 3277 3277 0 0.07441019393 4.678006612 -7.01224765 10.3998308 17.41207845 -13.30697133 11.6780717 24.98504302 0.6149985101 14.69285887 15.97109977 25.22394572 0.9966739981
5 33028 1533 1533 0 8.48466224 15.98189768 -31.90124425 13.3329552 45.23419944 -33.66088476 13.61829428 47.27917904 -0.9315063229 41.67887227 43.43851278 205.2066864 0.9616836649
6 153596 2200 2200 0 -0.2689808629 2.965735933 -3.741601532 6.794919383 10.53652091 -6.261277235 12.90001536 19.1612926 1.692918709 6.59459309 12.45026196 23.56726103 0.9986625986
7 149947 3463 3463 0 1.599819997 4.203871508 -10.47204072 2.939560888 13.41160161 -19.3649121 3.123728217 22.48864032 -2.144979919 13.18881984 22.08169122 33.81543962 0.9973167916
8 8686 2980 2980 0 -0.3171454406 2.892250685 -2.305070942 1.562865194 3.867936136 -2.76301023 28.85789831 31.62090854 5.360824638 2.328954363 29.62398747 182.8884693 0.9987369392
9 12322 1022 1022 0 2.635951754 8.626183486 -17.69437914 11.54098602 29.23536516 -28.62223861 17.73409058 46.35632919 -0.9396840683 18.97332599 29.90118547 201.3274297 0.9887454561
10 26334 1419 1419 0 -1.029133112 9.956438034 -19.70175214 20.26765775 39.96940989 -27.77304709 21.0031656 48.77621268 0.08943586705 20.85347735 27.92153228 199.2254527 0.9850659595
11 36819 178 178 0 -0.5325844811 10.00796046 -24.69767359 17.25723701 41.95491061 -27.72278278 19.60535918 47.32814196 -0.5780059568 22.67821781 25.703327 199.2195308 0.9849033187
12 133457 3436 3436 0 1.757710172 6.016029503 -11.2213299 7.624151399 18.8454813 -11.57331571 14.87471355 26.44802927 -0.6054525319 13.54294627 13.89493209 22.18842242 0.9945010628
13 149609 26298 26298 0 1.775997631 5.379658898 -9.770439499 6.181640367 15.95207987 -14.25498085 8.971254606 23.22623545 -0.5847353499 16.20250815 20.68704949 27.37960397 0.9955989454
14 35909 1960 1960 0 -1.664643654 9.626973806 -9.147545499 15.80877126 24.95631676 -29.75823311 19.09684745 48.85508056 -0.4332776542 22.37783806 24.75981918 201.2577945 0.9860104957
15 56808 7491 7491 0 0.2811981466 3.97931148 -5.40401173 4.386122799 9.790134529 -35.73534027 10.66103249 46.39637275 -4.368920338 8.33834794 38.66967648 207.2982281 0.9976249455
16 45392 1395 1395 0 -2.269607286 5.692125366 -4.166761714 13.18827055 17.35503227 -21.02100581 24.41095411 45.43195992 1.509160596 17.1343792 28.31028999 195.2816962 0.9950883559
17 170313 20200 20200 0 -0.05004300587 2.613655949 -3.936540761 3.423050972 7.359591734 -6.033200725 13.77392442 19.80712514 1.301944352 5.697607585 12.30755981 20.56040687 0.9989611256
18 208654 3476 3476 0 -3.503709114 6.991708992 -7.110877692 15.29236616 22.40324385 -8.083826617 17.35432531 25.43815192 0.9073666476 20.011823 22.07378215 18.72029588 0.9925787661
19 164816 2490 2490 0 1.056250038 6.672071783 -10.67813747 7.722467795 18.40060526 -12.79971135 8.110636506 20.91034786 -0.3024523095 17.84149471 19.9630686 28.24667303 0.9932317796
20 45239 4356 4356 0 1.417730575 6.149237474 -11.9145539 7.546459116 19.46101301 -39.51964776 8.51062727 48.03027503 -2.156650357 14.26575884 41.8708527 211.1864481 0.9943034766
21 15889 12009 12009 0 -0.3796367629 3.496226689 -5.203920729 6.105257168 11.3091779 -6.339737442 7.793111439 14.13284888 0.2553349916 6.436066848 8.123921119 189.9593559 0.9981394537
22 100032 2907 2907 0 2.24016496 9.651440629 -16.36577022 12.5895074 28.95527762 -21.99131739 13.01311389 35.00443128 -0.3980646357 24.56700841 30.19255558 207.0381799 0.985871922
23 154799 166 166 0 -0.3335256402 32.91789718 -7.473281909 10.54072652 18.01400843 -178.0018645 176.4169758 354.4188403 1.28768624 14.0066864 179.1851102 25.00090576 0.925368127
24 175498 2817 2817 0 1.233311642 5.632514382 -10.42173956 6.593320118 17.01505968 -14.18023947 6.84487811 21.02511758 -0.5786484827 15.59123628 19.34973619 28.7493581 0.9951763303
25 120396 4030 4030 0 -0.3001098455 2.741947642 -2.008672745 5.08233323 7.091005975 -13.27720983 8.728640974 22.0058508 -1.051484678 7.855270084 11.61632286 23.86488164 0.9988573505
26 119604 15567 15567 0 0.1310620712 1.789086546 -2.975510873 2.534436049 5.509946922 -13.93059685 7.856068546 21.78666539 0.04418760206 3.104160495 13.48535051 27.34067217 0.9995126628
27 76930 4797 4797 0 -0.6378349685 6.720487417 -9.1360088 11.90142033 21.03742913 -10.7119131 14.57960456 25.29151767 0.3332889751 11.21730397 13.37785376 191.4313556 0.9931366142
28 164396 1357 1357 0 -0.6445326165 4.803719549 -6.840358817 10.27361413 17.11397295 -14.94986466 11.46813923 26.41800389 0.479357959 9.861840843 15.78058533 25.58912329 0.996493491
29 77279 12294 12294 0 -0.198131965 4.734670609 -6.896911959 7.961401704 14.85831366 -26.81395313 13.21412315 40.02807628 0.0889227223 9.6960965 25.13807248 200.8598523 0.9965921531
30 41861 6170 6170 0 0.2092093984 2.245338501 -4.20880919 3.245507784 7.454316974 -8.043878744 4.013194828 12.05707357 -0.5074355502 4.940620717 8.775690271 201.6513391 0.9992323969
31 173781 13960 13960 0 0.5887575966 2.922848835 -5.768645832 3.408438049 9.177083882 -14.01022922 8.149335891 22.15956511 -0.7181425702 7.340200625 15.58178401 28.19469783 0.9986997805

K=32, phase=forward, parameter=eps [km^2/s^2]
cluster representative_source n_cluster n_valid n_missing median std p05 p95 width90 minimum maximum range skewness error95 error_max angle_origin_deg angle_resultant
0 94651 24762 24762 0 -0.1550460086 0.03122309273 -0.1963361807 -0.09922578579 0.09711039494 -0.2077171826 -0.09048652349 0.1172306591 0.24242568 0.05283607445 0.06419802325 nan nan
1 30546 212 212 0 -0.1861861926 0.1457844686 -0.2587857622 -0.1117857133 0.1470000489 -0.9500665357 -0.05154323718 0.8985232986 -4.010266379 0.1270790647 0.74622844 nan nan
2 21401 999 999 0 -0.828121699 0.04686466787 -0.8918225677 -0.812470865 0.0793517027 -1.020173947 -0.04477593561 0.975398011 8.930607001 0.06858137435 0.7817335455 nan nan
3 49068 4837 4837 0 -0.9561452879 0.02649547506 -0.985677308 -0.9055337972 0.08014351078 -0.9895364382 -0.8934464325 0.09609000571 0.3826132855 0.04702570413 0.05911306887 nan nan
4 203087 3277 3277 0 -0.1694926269 0.09868693556 -0.2121567723 -0.1104299779 0.1017267944 -1.019554213 -0.05998416039 0.9595700528 -6.164589958 0.06487047069 0.8453049395 nan nan
5 33028 1533 1533 0 -0.2456584284 0.07325457477 -0.2565610292 -0.2036343688 0.05292666034 -0.9806716823 -0.1074576018 0.8732140805 -9.079859514 0.04498389689 0.7384136813 nan nan
6 153596 2200 2200 0 -0.2357354347 0.02054802752 -0.258456839 -0.1973364398 0.06112039927 -0.2593009963 -0.1808312795 0.07846971676 0.3845572136 0.04230959572 0.05881475596 nan nan
7 149947 3463 3463 0 -0.1665056623 0.05006002713 -0.2045090933 -0.1065108651 0.09799822813 -0.8269552674 -0.1040787045 0.7228765629 -6.483204877 0.06048303451 0.6604496051 nan nan
8 8686 2980 2980 0 -0.8808496632 0.01643776757 -0.8996555438 -0.8611061618 0.03854938201 -0.9799422865 -0.8546976511 0.1252446354 -2.066862988 0.02275771173 0.1030444544 nan nan
9 12322 1022 1022 0 -0.8191396615 0.2552611232 -0.8756299153 -0.1097968632 0.7658330521 -0.9840399596 -0.04389160369 0.9401483559 1.840688864 0.7093014411 0.7752067006 nan nan
10 26334 1419 1419 0 -0.9065198499 0.04895188104 -0.9775180107 -0.8199194786 0.1575985321 -1.020656292 -0.8063625598 0.2142937317 0.1404000475 0.1178204062 0.1313773251 nan nan
11 36819 178 178 0 -0.8801411844 0.2264462644 -0.9763017613 -0.1991292132 0.7771725481 -1.020440955 -0.0600863321 0.9603546229 2.287903415 0.6319961023 0.7710389834 nan nan
12 133457 3436 3436 0 -0.8726361033 0.05379723246 -0.9742995956 -0.8104932789 0.1638063168 -1.020582924 -0.8067544424 0.2138284815 -0.3894866388 0.08868407553 0.1218787702 nan nan
13 149609 26298 26298 0 -0.8705733256 0.0237870276 -0.9217903467 -0.8415094238 0.08028092286 -0.9715083996 -0.8087495535 0.1627588461 -0.781486002 0.08353982682 0.1332578797 nan nan
14 35909 1960 1960 0 -0.1652126149 0.2438110751 -0.8799393983 -0.04683032316 0.8331090751 -0.9997486344 -0.04398107964 0.9557675548 -2.129562807 0.725691406 0.8455006421 nan nan
15 56808 7491 7491 0 -0.235162727 0.008975967872 -0.2482137232 -0.2193235071 0.02889021617 -0.2580287886 -0.2043553618 0.05367342679 0.1982848942 0.01913304117 0.033689305 nan nan
16 45392 1395 1395 0 -0.9038264207 0.04835392697 -0.9760009522 -0.8126469382 0.1633540141 -1.020384954 -0.8064880706 0.2138968834 0.1723879439 0.1007533388 0.1071582416 nan nan
17 170313 20200 20200 0 -0.09574267919 0.02739260722 -0.1540419682 -0.06671064433 0.08733132385 -0.1958973255 -0.05885393284 0.1370433927 -0.8990328525 0.07628623265 0.11814159 nan nan
18 208654 3476 3476 0 -0.8433006061 0.02830766248 -0.9180911169 -0.8245419838 0.09354913319 -1.020820046 -0.8081579121 0.2126621338 -2.246947197 0.07435035009 0.1770792791 nan nan
19 164816 2490 2490 0 -0.8419509892 0.04723705042 -0.9701896419 -0.8117729952 0.1584166467 -1.020811158 -0.807091806 0.2137193519 -1.405484672 0.08986523767 0.1404867537 nan nan
20 45239 4356 4356 0 -0.187053788 0.05957597511 -0.2185614848 -0.09510111766 0.1234603672 -0.8943866426 -0.04617033786 0.8482163047 -5.903110971 0.08148697659 0.7213139879 nan nan
21 15889 12009 12009 0 -0.9648665302 0.0329812725 -1.002243078 -0.9020319541 0.1002111239 -1.008564402 -0.8911740448 0.1173903569 0.3686530887 0.05453313404 0.06539104336 nan nan
22 100032 2907 2907 0 -0.9110054575 0.03955495329 -0.9769740865 -0.8478191762 0.1291549103 -0.9819994091 -0.8085486977 0.1734507113 0.02998143522 0.07164447592 0.1109149544 nan nan
23 154799 166 166 0 -0.5323956447 0.3646526375 -0.9721057388 -0.1160022892 0.8561034496 -0.9769988255 -0.04671985241 0.9302789731 -0.005246768206 0.7598292122 0.7647222989 nan nan
24 175498 2817 2817 0 -0.825630019 0.02119841874 -0.8603858791 -0.8077745274 0.05261135166 -0.9841565378 -0.8071892914 0.1769672464 -2.346452481 0.05092800714 0.1746986659 nan nan
25 120396 4030 4030 0 -0.1690326653 0.07880668168 -0.2108531285 -0.1132612197 0.0975919088 -0.8469894842 -0.06269689419 0.78429259 -6.582674921 0.06397279171 0.6703692667 nan nan
26 119604 15567 15567 0 -0.9430115048 0.02299334104 -0.9697017178 -0.8971434554 0.07255826239 -0.9750473145 -0.8510394547 0.1240078597 0.4701828123 0.03906369715 0.08302791285 nan nan
27 76930 4797 4797 0 -0.8779848255 0.02481695636 -0.9287926652 -0.8501526975 0.07863996764 -0.9713917668 -0.8124351423 0.1589566245 -0.7207811208 0.04408673857 0.08255921306 nan nan
28 164396 1357 1357 0 -0.2108679238 0.32800928 -0.9236400768 -0.115212926 0.8084271509 -1.008423351 -0.04380055914 0.9646227914 -0.6609773856 0.7229162829 0.8076995566 nan nan
29 77279 12294 12294 0 -0.1975187587 0.04498191829 -0.2282519331 -0.1280298936 0.1002220394 -0.835388617 -0.1184066481 0.7169819689 -5.866403325 0.06991834988 0.6378172925 nan nan
30 41861 6170 6170 0 -0.1768625594 0.08218990263 -0.2161905499 -0.1432015521 0.07298899774 -0.8364723675 -0.1351944619 0.7012779056 -7.004916774 0.04411417126 0.664395989 nan nan
31 173781 13960 13960 0 -0.9230109182 0.01980390352 -0.9520647876 -0.8910839655 0.06098082205 -1.010504219 -0.8503133897 0.1601908292 0.04519502615 0.03358259513 0.09133987284 nan nan

K=32, phase=forward, parameter=e [-]
cluster representative_source n_cluster n_valid n_missing median std p05 p95 width90 minimum maximum range skewness error95 error_max angle_origin_deg angle_resultant
0 94651 24762 24762 0 0.6280911249 0.07649715115 0.5249876583 0.7631727598 0.2381851015 0.494597556 0.784138242 0.289540686 0.217949116 0.1312240511 0.1616141535 nan nan
1 30546 212 212 0 0.550849569 0.1188555743 0.3605050772 0.7328992486 0.3723941713 0.2053839746 0.8772211912 0.6718372166 -0.2901257713 0.2384699416 0.3713513493 nan nan
2 21401 999 999 0 0.2341120993 0.07053098558 0.1891772138 0.3771851269 0.1880079131 0.1697123633 0.8933250748 0.7236127115 2.846940767 0.1472119324 0.6633518803 nan nan
3 49068 4837 4837 0 0.4795150738 0.04221388477 0.3957330107 0.5238395792 0.1281065685 0.3738368212 0.5294155266 0.1555787054 -0.4582413843 0.07812247776 0.1000186672 nan nan
4 203087 3277 3277 0 0.5922710926 0.09889826063 0.4846217438 0.7362116464 0.2515899026 0.1700666531 0.8571224749 0.6870558218 -0.4652267021 0.1583946483 0.410325733 nan nan
5 33028 1533 1533 0 0.3943448478 0.05508810097 0.3618081821 0.5153675985 0.1535594164 0.3590706997 0.7437231963 0.3846524966 2.413463668 0.1119342027 0.3402898005 nan nan
6 153596 2200 2200 0 0.4197859043 0.05564761317 0.3559623489 0.5214013554 0.1654390066 0.3534727016 0.5633284053 0.2098557037 0.3378347245 0.1124154463 0.1543424961 nan nan
7 149947 3463 3463 0 0.5996629366 0.08974248286 0.5040218952 0.745624122 0.2416022268 0.2062286491 0.7514951974 0.5452665482 -0.07057388392 0.147194452 0.3934342875 nan nan
8 8686 2980 2980 0 0.3496817315 0.03030425048 0.3099467214 0.3849353403 0.07498861882 0.2961950764 0.5154629321 0.2192678558 1.692990608 0.04358878444 0.1733522696 nan nan
9 12322 1022 1022 0 0.2253029553 0.1765430682 0.188528956 0.7381087389 0.549579783 0.1722257304 0.8954250633 0.7231993329 1.995601226 0.5288845002 0.6862008245 nan nan
10 26334 1419 1419 0 0.3976686974 0.09131384379 0.2090829044 0.5119769131 0.3028940086 0.1685723685 0.5727162374 0.4041438689 -0.4703251241 0.2412902005 0.2818007365 nan nan
11 36819 178 178 0 0.3991838872 0.1291773192 0.2150801879 0.5673767854 0.3522965974 0.1860069399 0.8568787149 0.670871775 0.3931182679 0.3252187907 0.6147207203 nan nan
12 133457 3436 3436 0 0.3342742534 0.104530573 0.1827353203 0.5071604609 0.3244251406 0.1700181651 0.5726195203 0.4026013552 0.1628438506 0.2010345804 0.2137517355 nan nan
13 149609 26298 26298 0 0.3305531801 0.04647562486 0.2670898627 0.4243881049 0.1572982422 0.1759690755 0.503102651 0.3271335755 0.5016775998 0.1651718333 0.2438863794 nan nan
14 35909 1960 1960 0 0.6028530399 0.1781816959 0.3119451731 0.8884129541 0.576467781 0.1705568463 0.8952125964 0.7246557501 -0.03566240383 0.3178662803 0.459254607 nan nan
15 56808 7491 7491 0 0.4224186365 0.02465585033 0.3859039079 0.4652035495 0.07929964163 0.3572200901 0.5050407908 0.1478207006 0.1541006217 0.05200270399 0.09024762953 nan nan
16 45392 1395 1395 0 0.3929350108 0.09189485924 0.1883841561 0.509691679 0.321307523 0.1690549787 0.5723421521 0.4032871734 -0.5280716944 0.2210235966 0.2403527739 nan nan
17 170313 20200 20200 0 0.7715700421 0.06624548344 0.6300014389 0.8410081624 0.2110067235 0.5250959763 0.8597500074 0.3346540311 -0.9317146336 0.1846342359 0.2895396985 nan nan
18 208654 3476 3476 0 0.2719095802 0.05647971817 0.2253424617 0.4183728943 0.1930304327 0.1746764944 0.5729557573 0.3982792629 1.703939887 0.145295 0.2998778629 nan nan
19 164816 2490 2490 0 0.2681016817 0.09205794566 0.1852826438 0.5010042288 0.315721585 0.1710855758 0.5729437429 0.4018581671 1.02882617 0.1718529832 0.2234778883 nan nan
20 45239 4356 4356 0 0.5485279269 0.1000999567 0.4667792344 0.7733189835 0.3065397491 0.1698731259 0.8900080584 0.7201349325 0.5961624683 0.200515242 0.4141434505 nan nan
21 15889 12009 12009 0 0.4927558524 0.05192629885 0.3891973064 0.5474114598 0.1582141534 0.3693317405 0.5562090262 0.1868772856 -0.4571754792 0.09074591341 0.1106114792 nan nan
22 100032 2907 2907 0 0.4054907847 0.0706886945 0.2820763872 0.511202756 0.2291263688 0.1768984382 0.5185090086 0.3416105704 -0.2798068707 0.1379575509 0.2431354998 nan nan
23 154799 166 166 0 0.4830561686 0.1478905172 0.2367664594 0.722883856 0.4861173966 0.1698141831 0.8887012719 0.7188870888 0.2418856047 0.2612655594 0.404824026 nan nan
24 175498 2817 2817 0 0.2282209705 0.05043499791 0.173366193 0.3100969971 0.136730804 0.1714017878 0.5212219376 0.3498201498 1.264965279 0.1303567068 0.3414816473 nan nan
25 120396 4030 4030 0 0.5933204423 0.0943968361 0.4875384589 0.729379361 0.241840902 0.1713813095 0.8506606351 0.6792793256 -0.4363126005 0.1564594754 0.403056715 nan nan
26 119604 15567 15567 0 0.4589993732 0.03776575007 0.3811058119 0.5003596915 0.1192538796 0.2898717759 0.5083076615 0.2184358855 -0.5599871496 0.06354557383 0.1546787422 nan nan
27 76930 4797 4797 0 0.3447159958 0.04710400084 0.2866507332 0.4360514189 0.1494006857 0.1898275721 0.5029569112 0.3131293391 0.4673418612 0.08461282667 0.1755917353 nan nan
28 164396 1357 1357 0 0.493244149 0.1656784736 0.2230410913 0.7246779478 0.5016368564 0.1710055509 0.8956399398 0.7246343889 0.1015327218 0.2994744233 0.3821883455 nan nan
29 77279 12294 12294 0 0.521595732 0.08641341602 0.4412313779 0.6936658902 0.2524345123 0.1874282338 0.7169528445 0.5295246106 0.3396841084 0.1731742279 0.3339402792 nan nan
30 41861 6170 6170 0 0.5734359909 0.07137210377 0.4727334307 0.6566521368 0.183918706 0.1861526414 0.6762152457 0.4900626043 -1.634131947 0.1127503923 0.3993311817 nan nan
31 173781 13960 13960 0 0.4264732139 0.03349664147 0.3701029862 0.4734421028 0.1033391166 0.2882582101 0.5587434252 0.2704852151 -0.1501573352 0.05646372112 0.1388187232 nan nan

K=32, phase=forward, parameter=w [deg]
cluster representative_source n_cluster n_valid n_missing median std p05 p95 width90 minimum maximum range skewness error95 error_max angle_origin_deg angle_resultant
0 94651 24762 24762 0 -3.198270733 18.18361228 -22.44403563 34.01324332 56.45727894 -23.53153189 68.44524937 91.97678126 0.730700379 47.10927812 81.54128418 174.407976 0.950839406
1 30546 212 212 0 -3.291039812 43.725124 -59.74084893 60.08801683 119.8288658 -177.6607904 132.7006986 310.361489 -0.7936220303 85.09092598 178.7331392 56.26945524 0.7873917203
2 21401 999 999 0 -1.57420086 17.30521898 -21.2357854 28.27770916 49.51349455 -60.22864666 152.9348834 213.1635301 2.373112184 36.36203728 156.7435482 156.4075601 0.9596438364
3 49068 4837 4837 0 -0.7536044753 13.39203406 -19.12033537 24.72927081 43.84960618 -21.81293268 38.3796009 60.19253358 0.4452527439 30.09519193 43.74552203 313.3794188 0.9729961358
4 203087 3277 3277 0 -3.804345375 30.63755123 -30.35295094 50.58335176 80.93630269 -179.0952783 177.3493988 356.4446771 -0.3607204922 62.52916263 179.8053903 301.9231567 0.8861836253
5 33028 1533 1533 0 -4.589581254 28.40403883 -28.01131746 48.81591024 76.8272277 -178.0934292 178.0569583 356.1503875 -1.015852156 45.34346975 179.357277 210.3293334 0.903325061
6 153596 2200 2200 0 -4.114787755 26.1688829 -32.43567127 51.97038449 84.40605576 -37.17211296 89.86789783 127.0400108 0.7532785704 68.69879941 106.5963127 234.3919595 0.9007919674
7 149947 3463 3463 0 -3.2215662 24.72402258 -30.69763811 44.17806012 74.87569823 -178.6023417 164.1152234 342.7175651 0.5781644233 56.92345666 176.7172156 240.4056323 0.9167244208
8 8686 2980 2980 0 -1.681740401 6.058146883 -3.975930169 5.75722285 9.733153019 -4.127564727 57.98694671 62.11451143 4.310057946 9.186079579 61.41580344 293.5370569 0.9945526445
9 12322 1022 1022 0 -8.08583053 53.02504506 -35.44595117 128.1399916 163.5859428 -179.5690475 178.8354025 358.40445 1.25596762 143.5859438 179.1144401 170.7431461 0.7037592964
10 26334 1419 1419 0 2.246931841 22.05747913 -42.43945688 29.52806551 71.9675224 -67.15737672 85.80543111 152.9628078 -0.2629128496 50.02131127 79.03061275 40.0653013 0.9294040787
11 36819 178 178 0 3.627101047 63.99569286 -63.28118568 143.1531999 206.4343856 -179.8335758 179.951376 359.7849518 0.127742239 169.3627443 176.0220322 233.387683 0.6274594926
12 133457 3436 3436 0 1.777700807 28.90422117 -52.35454459 44.01062059 96.36516519 -64.47063753 94.08998616 158.5606237 -0.1491401943 54.17956721 102.409323 125.1709875 0.8798586291
13 149609 26298 26298 0 -2.446274435 16.54364383 -20.50450111 30.92555846 51.43005956 -23.34726926 96.87289677 120.220166 1.168783604 30.15472134 96.10205965 14.86531163 0.9597546202
14 35909 1960 1960 0 -3.360914427 56.35398483 -36.95113754 147.0722611 184.0233986 -178.2105609 178.9354182 357.1459791 0.4889692987 162.5342383 179.6933104 304.0606791 0.7168818804
15 56808 7491 7491 0 -2.312935847 17.74595723 -23.07464918 28.53014681 51.604796 -26.16921816 87.88507667 114.0542948 0.8897269492 28.3489037 84.62313294 192.0017852 0.9536303445
16 45392 1395 1395 0 -1.253885154 21.96939975 -40.32521823 37.42710576 77.75232399 -74.23639957 59.09371463 133.3301142 -0.1215389308 49.86029381 68.51688988 55.31317434 0.9295336333
17 170313 20200 20200 0 -2.940077261 15.78377498 -19.27004013 30.24641297 49.5164531 -21.41646942 70.08246077 91.4989302 0.9422787675 40.44004873 80.27609653 172.6896142 0.9629200118
18 208654 3476 3476 0 -2.28210799 14.51682769 -16.67895029 27.61455678 44.29350707 -23.99288864 92.99174543 116.9846341 1.430796452 40.37052244 105.7477111 53.31331945 0.9690404515
19 164816 2490 2490 0 -2.043665907 29.3579194 -38.45029083 51.84644785 90.29673868 -43.19170311 103.2679712 146.4596743 0.4882417303 53.1070441 104.5285674 72.06054195 0.8756847281
20 45239 4356 4356 0 -1.66231586 20.61653787 -24.49380187 29.0688133 53.56261517 -176.5182194 176.714946 353.2331654 1.054789756 33.18186525 179.8368195 239.1893303 0.9463846537
21 15889 12009 12009 0 -0.5042184817 6.784508728 -10.04757562 11.77604162 21.82361724 -11.77057876 21.50741886 33.27799762 0.3468480922 16.50634857 26.23772581 301.6118676 0.9930089951
22 100032 2907 2907 0 -4.124573024 17.51072474 -21.56322418 33.86833385 55.43155803 -24.88919389 63.15909641 88.0482903 0.8414199707 31.25831647 60.54907903 339.6672668 0.9544182147
23 154799 166 166 0 31.14924073 79.64718425 -106.1507779 124.4965202 230.6472981 -178.3439151 177.2611682 355.6050833 0.1146305579 171.9268732 179.5260067 230.7350333 0.2876809071
24 175498 2817 2817 0 -3.436210653 16.7258219 -17.52917942 30.06833937 47.59751879 -18.80218955 98.57887815 117.3810677 1.849617044 33.33885269 101.8493915 17.26776755 0.9598699118
25 120396 4030 4030 0 -4.533481903 23.58235428 -20.74144269 38.99138206 59.73282475 -146.3145085 162.0877164 308.4022249 2.453756006 57.27172174 179.8202816 286.4633867 0.9305200837
26 119604 15567 15567 0 -3.089962543 15.98681485 -18.47272948 31.61200239 50.08473187 -20.19692884 71.67135113 91.86827997 1.154651424 42.57905041 82.63839915 11.06670541 0.9621672946
27 76930 4797 4797 0 -3.171087048 14.2140682 -15.9852308 30.20631606 46.19154685 -17.59012317 65.65115206 83.24127523 1.214968144 33.61131955 69.05615555 307.8737584 0.9699331249
28 164396 1357 1357 0 -1.214839806 94.39491632 -165.5251028 171.4688892 336.993992 -179.3555723 179.8168644 359.1724366 0.01680132373 175.7070047 179.8706739 40.68550568 0.294920804
29 77279 12294 12294 0 -3.320590458 21.99837341 -26.11624911 38.00757661 64.12382571 -179.3493577 170.4858228 349.8351805 0.7219393288 45.42604062 177.7613876 191.2060072 0.9332404926
30 41861 6170 6170 0 -2.999455291 23.40620527 -11.05984584 23.60630572 34.66615156 -179.3669802 179.3931847 358.7601649 3.598952143 31.06022187 179.9224146 173.4449322 0.9539268076
31 173781 13960 13960 0 -4.046585673 15.80900176 -15.64208002 26.96783193 42.60991195 -16.03775582 103.5943173 119.6320731 1.731411756 35.80176037 112.4282457 6.524850209 0.9638752421

K=36, STD=0.01199526131
n = trajectories per cluster; conditions overlap.
n = 1: clusters=0/36 (0.00%); trajectories=0/194058 (0.00%)
n < 10: clusters=0/36 (0.00%); trajectories=0/194058 (0.00%)
n < 100: clusters=2/36 (5.56%); trajectories=100/194058 (0.05%)

K=36, phase=backward, parameter=eps [km^2/s^2]
cluster representative_source n_cluster n_valid n_missing median std p05 p95 width90 minimum maximum range skewness error95 error_max angle_origin_deg angle_resultant
0 94651 24762 24762 0 -0.09841787626 0.02342193584 -0.1480864799 -0.06740203364 0.0806844463 -0.1808042275 -0.05881779331 0.1219864342 -0.7829160708 0.06530628805 0.09802403565 nan nan
1 30556 22 22 0 -0.834599252 0.06249662784 -0.9767959899 -0.8169655079 0.1598304819 -1.017669023 -0.8143434398 0.2033255836 -0.8373443764 0.1424138242 0.1832868577 nan nan
2 21401 997 997 0 -0.8296193441 0.03742161926 -0.9532396066 -0.8255098137 0.1277297929 -1.003056356 -0.8231622318 0.1798941238 -2.200533339 0.1246289078 0.1744456568 nan nan
3 49068 4837 4837 0 -0.9794128574 0.01267880674 -0.9930670204 -0.9532141028 0.03985291758 -0.9963991166 -0.9281148789 0.06828423769 0.7949786058 0.03136534231 0.05646456616 nan nan
4 164816 2490 2490 0 -0.2422460805 0.01308093538 -0.2572148493 -0.2165551945 0.04065965482 -0.2582250091 -0.2002373017 0.05798770745 0.459103218 0.02655273899 0.04287063179 nan nan
5 33028 1492 1492 0 -0.825035859 0.01786003937 -0.8617153971 -0.8076842674 0.05403112972 -0.8945984247 -0.8066103601 0.08798806465 -0.7517379037 0.03949221773 0.07237524537 nan nan
6 153596 2200 2200 0 -0.1643343069 0.03474463654 -0.2044855916 -0.1065633423 0.09792224936 -0.2339634096 -0.104628734 0.1293346756 0.1921256968 0.06019087529 0.0672834776 nan nan
7 149947 3463 3463 0 -0.2261724861 0.02586262534 -0.2583709249 -0.1828807892 0.07549013567 -0.2593276385 -0.1579865306 0.1013411079 0.2447515292 0.05314338959 0.07803764822 nan nan
8 8686 2980 2980 0 -0.9230219766 0.02510549083 -0.959513099 -0.8808281719 0.07868492716 -0.9699743336 -0.8508318587 0.1191424749 0.1245503063 0.04288252133 0.07195535759 nan nan
9 44096 4016 4016 0 -0.8549464462 0.02122351318 -0.9006934198 -0.8327794817 0.06791393809 -0.9330186606 -0.8071570488 0.1258616118 -0.6209975157 0.05167368022 0.08399892099 nan nan
10 26334 1424 1424 0 -0.8665342288 0.0306166863 -0.910226201 -0.8083233188 0.1019028822 -0.923928638 -0.8063623697 0.1175662683 0.3028420592 0.05673869514 0.05896655793 nan nan
11 29633 163 163 0 -0.831133634 0.05197926796 -0.9743092653 -0.8151943911 0.1591148742 -1.020553626 -0.8068393667 0.2137142591 -2.025539792 0.146054602 0.1922989625 nan nan
12 171756 595 595 0 -0.1915556758 0.04514907727 -0.2567129182 -0.1110660881 0.1456468302 -0.2595672675 -0.04387907749 0.21568819 0.3153197291 0.08148061897 0.1486676295 nan nan
13 149609 26298 26298 0 -0.2186564838 0.02870773511 -0.2459877313 -0.1567377687 0.0892499626 -0.2503484518 -0.1265314213 0.1238170305 0.6807407738 0.06570491664 0.09591126402 nan nan
14 37064 1440 1440 0 -0.9113008306 0.04419825762 -0.975053207 -0.8425920531 0.1324611538 -1.020778602 -0.8206074328 0.2001711693 0.06682048833 0.07340619685 0.1080519812 nan nan
15 56810 7021 7021 0 -0.8727458437 0.02153502472 -0.9070585834 -0.8382900352 0.06876854817 -0.9388624392 -0.8312190893 0.1076433498 -0.01199485163 0.04183106914 0.05885131995 nan nan
16 45392 1388 1388 0 -0.9555695943 0.02300696174 -0.9784961448 -0.909908834 0.06858731082 -1.020743755 -0.8503671476 0.1703766076 0.4916097165 0.04855961862 0.10798637 nan nan
17 170313 20200 20200 0 -0.1616167265 0.02336177488 -0.1964302849 -0.1211038699 0.07532641507 -0.203937617 -0.107836621 0.09610099608 0.148513821 0.04845908883 0.06172633774 nan nan
18 133457 3360 3360 0 -0.1488135817 0.05696799556 -0.213363341 -0.0468572275 0.1665061135 -0.241818408 -0.04391779137 0.1979006166 0.3645094405 0.1047112711 0.1076507073 nan nan
19 208654 3475 3475 0 -0.1634829839 0.03487658815 -0.2125804115 -0.1010722332 0.1115081783 -0.2230349469 -0.04455261547 0.1784823314 0.2751875079 0.05848328093 0.1135951251 nan nan
20 35336 1480 1480 0 -0.8352546452 0.03050190057 -0.8640675057 -0.8120406587 0.05202684702 -1.020836128 -0.8067739195 0.2140622089 -4.191264754 0.03132948246 0.1880981051 nan nan
21 15889 12009 12009 0 -0.8908769874 0.02862545412 -0.9464306012 -0.8548510297 0.09157957142 -0.9620982855 -0.8455281707 0.1165701148 -0.3857667699 0.05281888657 0.06848657085 nan nan
22 100032 2907 2907 0 -0.9128627858 0.0403851531 -0.9595580205 -0.830988381 0.1285696395 -0.9716903857 -0.8065266032 0.1651637825 0.5114924185 0.07452487406 0.09898665188 nan nan
23 154799 119 119 0 -0.1801538735 0.04748456049 -0.2506404753 -0.1105161027 0.1401243727 -0.2568940612 -0.04383479669 0.2130592645 0.2679450542 0.07454350175 0.1386832221 nan nan
24 175498 2817 2817 0 -0.2497905692 0.01056216571 -0.256426513 -0.2278566871 0.02856982592 -0.2572678876 -0.1846891134 0.07257877429 1.771450847 0.01788310709 0.06105068083 nan nan
25 120681 4030 4030 0 -0.1330894596 0.02286323492 -0.1748883382 -0.1098536135 0.0650347247 -0.1832290909 -0.04380722131 0.1394218695 -0.01068043429 0.05151837151 0.08045422422 nan nan
26 119604 15567 15567 0 -0.1587684137 0.02282603797 -0.1982229368 -0.1259497182 0.07227321866 -0.207662361 -0.1186172049 0.08904515608 -0.1605949599 0.04266526508 0.05210468925 nan nan
27 76930 4797 4797 0 -0.9906993899 0.01226242361 -1.005269379 -0.9666183429 0.03865103597 -1.008654727 -0.9620409644 0.04661376268 0.3615888698 0.03233167159 0.03690905007 nan nan
28 159766 895 895 0 -0.176444033 0.04174837282 -0.2427760596 -0.1147137006 0.128062359 -0.2582455182 -0.04390831563 0.2143372026 0.1058676827 0.07349857561 0.1443039606 nan nan
29 77279 12289 12289 0 -0.9406213843 0.01663636741 -0.9682290897 -0.9147861573 0.05344293235 -0.9857601319 -0.9032646973 0.08249543459 -0.03783869961 0.04426253213 0.05578399211 nan nan
30 41861 6078 6078 0 -0.8848594419 0.02210526656 -0.9136124637 -0.8440603556 0.06955210804 -0.9195189789 -0.8366000185 0.08291896034 0.2746996516 0.04069325346 0.04815359056 nan nan
31 173781 13960 13960 0 -0.2191384704 0.01199522006 -0.2331642953 -0.1932299931 0.03993430221 -0.2432254336 -0.1747129763 0.06851245732 0.7959391497 0.02972517368 0.04824219049 nan nan
32 36840 78 78 0 -0.920604436 0.04668793007 -0.9767766751 -0.8465604955 0.1302161796 -1.009825645 -0.8292276191 0.1805980263 0.2269836331 0.07422212033 0.09142621897 nan nan
33 36819 162 162 0 -0.8790195563 0.04769575556 -0.9659445586 -0.8270508362 0.1388937224 -1.020754723 -0.8170902979 0.2036644254 -0.4771045179 0.07517719279 0.1198444892 nan nan
34 14797 985 985 0 -0.8163567262 0.006452760673 -0.8254666681 -0.8086132215 0.01685344666 -0.8728654559 -0.8062084723 0.06665698364 -2.825939831 0.009909139526 0.05558350562 nan nan
35 203087 3262 3262 0 -0.201766746 0.01615298062 -0.2320063912 -0.1763918368 0.05561455438 -0.2584258867 -0.1236880421 0.1347378446 -0.7264928712 0.03705959005 0.0804066636 nan nan

K=36, phase=backward, parameter=e [-]
cluster representative_source n_cluster n_valid n_missing median std p05 p95 width90 minimum maximum range skewness error95 error_max angle_origin_deg angle_resultant
0 94651 24762 24762 0 0.7651486445 0.05655290394 0.6446445529 0.8393713183 0.1947267654 0.56341166 0.8598376402 0.2964259802 -0.8118814233 0.1579388121 0.239171705 nan nan
1 30556 22 22 0 0.2508017864 0.1182691192 0.2031691378 0.5108813178 0.30771218 0.1950360604 0.568733005 0.3736969446 0.6569280042 0.2605961117 0.3184477989 nan nan
2 21401 997 997 0 0.2380406694 0.07338729807 0.2272396665 0.4750294048 0.2477897384 0.2208808744 0.5486517184 0.327770844 1.903207199 0.239733943 0.3133562565 nan nan
3 49068 4837 4837 0 0.5146467335 0.0189923729 0.4749459566 0.5344405454 0.0594945888 0.4351727306 0.5391917984 0.1040190678 -0.8567633579 0.04722198628 0.08699521227 nan nan
4 164816 2490 2490 0 0.4026751307 0.03629566708 0.3595930386 0.4728239769 0.1132309383 0.3566637373 0.5156353525 0.1589716153 0.4207157155 0.07341045734 0.116221833 nan nan
5 33028 1492 1492 0 0.2257564707 0.04590180588 0.173052169 0.3127224172 0.1396702482 0.1694522375 0.3748351913 0.2053829538 0.4869751331 0.09390401935 0.1560167934 nan nan
6 153596 2200 2200 0 0.6049887258 0.08567509439 0.5041087423 0.7455396018 0.2414308595 0.4246648142 0.7501700804 0.3255052663 0.1728622537 0.1464789813 0.1745657171 nan nan
7 149947 3463 3463 0 0.4458512527 0.06914235423 0.3561422048 0.5581653318 0.202023127 0.3533386986 0.6202551083 0.2669164097 0.1939378903 0.1391808233 0.2012705998 nan nan
8 8686 2980 2980 0 0.4255922473 0.04299305971 0.3495274857 0.4844381889 0.1349107032 0.2881415249 0.5004312289 0.212289704 -0.2242813936 0.07570845458 0.1370944154 nan nan
9 44096 4016 4016 0 0.2980878566 0.04443661318 0.245923309 0.3878484051 0.141925096 0.1717022615 0.4422958856 0.270593624 0.3573666023 0.1034138495 0.1572478401 nan nan
10 26334 1424 1424 0 0.3219122884 0.06809875984 0.1753493685 0.4041996139 0.2288502454 0.168591401 0.4276318748 0.2590404737 -0.6026718071 0.1433270989 0.1500850664 nan nan
11 29633 163 163 0 0.2422048845 0.09812808028 0.1961786246 0.5072395867 0.3110609622 0.170063584 0.5726100257 0.4025464416 1.814397559 0.2724905461 0.337860985 nan nan
12 171756 595 595 0 0.5368152326 0.1145670563 0.3613847574 0.7347113117 0.3733265543 0.3526417655 0.8954556795 0.5428139139 0.2149826019 0.2003023104 0.3610466782 nan nan
13 149609 26298 26298 0 0.4668393703 0.07435057923 0.3922037655 0.6234333758 0.2312296103 0.3797481417 0.697340941 0.3175927992 0.6230315063 0.1673896262 0.2412971913 nan nan
14 37064 1440 1440 0 0.4060854506 0.0795092592 0.2693034575 0.5083436981 0.2390402406 0.2110358437 0.5728973064 0.3618614627 -0.2713348971 0.1460838965 0.1975386248 nan nan
15 56810 7021 7021 0 0.3349641483 0.04352203662 0.2595208663 0.3990520753 0.139531209 0.2417095063 0.4514569889 0.2097474826 -0.1356181224 0.08992165593 0.1076268611 nan nan
16 45392 1388 1388 0 0.4788365574 0.0366887848 0.4038162654 0.5133943664 0.109578101 0.2884730138 0.5728380059 0.2843649921 -0.5913788837 0.07945475445 0.1944744672 nan nan
17 170313 20200 20200 0 0.6119710973 0.05761268687 0.5247704888 0.7106214863 0.1858509976 0.505519094 0.7425083037 0.2369892097 0.12195377 0.1184028336 0.150289651 nan nan
18 133457 3360 3360 0 0.6429823331 0.1392596713 0.4809200128 0.888347115 0.4074271022 0.4030483833 0.8953605839 0.4923122007 0.3364464643 0.2519596567 0.2589731256 nan nan
19 208654 3475 3475 0 0.6076005365 0.0861343907 0.4826346786 0.7590198111 0.2763851326 0.4542800632 0.893855155 0.4395750919 0.2321947034 0.1472746409 0.2729838029 nan nan
20 35336 1480 1480 0 0.2525683896 0.05810385188 0.1880388925 0.3177577518 0.1297188593 0.1700000448 0.5729713754 0.4029713306 3.487915695 0.07635605155 0.3265749462 nan nan
21 15889 12009 12009 0 0.3690341631 0.05225978793 0.2967558243 0.4641177814 0.1673619571 0.2759808255 0.4886047653 0.2126239398 0.241848357 0.09186421592 0.1145155813 nan nan
22 100032 2907 2907 0 0.4092145492 0.07643946341 0.2423933631 0.4850592355 0.2426658724 0.1692162104 0.5033967836 0.3341805731 -0.8065934815 0.1542396695 0.2274168221 nan nan
23 154799 119 119 0 0.5655670918 0.1190512131 0.378198836 0.7359103191 0.3577114831 0.3602762196 0.8955575814 0.5352813618 0.1761713155 0.1980962981 0.335924904 nan nan
24 175498 2817 2817 0 0.3811601978 0.02941135076 0.3619905427 0.4431280359 0.08113749319 0.3594872152 0.5550590695 0.1955718542 1.674668779 0.05095938915 0.1628904227 nan nan
25 120681 4030 4030 0 0.6814471429 0.05569854283 0.5787688984 0.7376001277 0.1588312294 0.5578856971 0.8956261106 0.3377404135 -0.03579222351 0.1260895901 0.1927502093 nan nan
26 119604 15567 15567 0 0.6185428877 0.05650452332 0.5196491515 0.6987106947 0.1790615432 0.4954111247 0.7164402453 0.2210291206 -0.1837398347 0.1068316693 0.1310696961 nan nan
27 76930 4797 4797 0 0.5310300813 0.01777350027 0.4955594777 0.5516247789 0.05606530116 0.4882844047 0.5563450703 0.06806066563 -0.3963654125 0.04727949371 0.05455456675 nan nan
28 159766 895 895 0 0.5749239097 0.1049418068 0.4003827979 0.7258782324 0.3254954345 0.3564966793 0.8953803856 0.5388837063 0.0223090915 0.1814720926 0.3500933085 nan nan
29 77279 12289 12289 0 0.4552993946 0.02667794502 0.4124961915 0.4981366242 0.08564043267 0.3924656597 0.5235637949 0.1310981352 -0.02652556506 0.07171492984 0.09174546169 nan nan
30 41861 6078 6078 0 0.358282296 0.04343379916 0.2729884771 0.4102606973 0.1372722202 0.2551070033 0.420272338 0.1651653347 -0.4001705415 0.08511189384 0.1029933676 nan nan
31 173781 13960 13960 0 0.4655093017 0.03131768049 0.4278037091 0.5322286591 0.10442495 0.3990679859 0.5789026716 0.1798346857 0.7450550396 0.07714944157 0.1238234541 nan nan
32 36840 78 78 0 0.4223360274 0.0824990081 0.2782576511 0.5108756422 0.2326179911 0.2366828967 0.5580308942 0.3213479975 -0.4029607679 0.1402626972 0.1816190108 nan nan
33 36819 162 162 0 0.3471414852 0.08982781205 0.2308599727 0.494773471 0.2639134983 0.2035461622 0.5728758046 0.3693296424 0.211010982 0.1603619502 0.1851089739 nan nan
34 14797 985 985 0 0.2011139769 0.01808683419 0.1761194254 0.2269419243 0.05082249897 0.168193931 0.335628798 0.167434867 1.805995759 0.03102260985 0.1317534028 nan nan
35 203087 3262 3262 0 0.5109379867 0.04223708341 0.430012933 0.5748531633 0.1448402303 0.356048273 0.7046917262 0.3486434532 -0.9150871441 0.09561608816 0.1994326171 nan nan

K=36, phase=backward, parameter=w [deg]
cluster representative_source n_cluster n_valid n_missing median std p05 p95 width90 minimum maximum range skewness error95 error_max angle_origin_deg angle_resultant
0 94651 24762 24762 0 -1.425087789 4.974880034 -5.842669648 10.54130855 16.3839782 -6.848913307 14.10314975 20.95206305 0.9472145312 11.91765 15.47949119 20.1293291 0.9962376257
1 30556 22 22 0 3.017512895 8.269515287 -11.54213857 12.26146023 23.8035988 -15.3402233 13.71769956 29.05792286 -0.3618630643 16.7689493 20.56703403 204.045284 0.9896186599
2 21401 997 997 0 0.04353854388 6.419875956 -12.54843586 10.40593835 22.95437421 -35.4569891 12.50633247 47.96332157 -0.3815105559 12.39522116 33.72614288 207.1915187 0.9937497846
3 49068 4837 4837 0 -1.57339398 5.677185699 -6.59918465 12.14399441 18.74317906 -7.626779452 20.00699328 27.63377274 1.149959541 14.79765946 22.66065833 191.5824189 0.9951064004
4 164816 2490 2490 0 1.056250038 6.672071783 -10.67813747 7.722467795 18.40060526 -12.79971135 8.110636506 20.91034786 -0.3024523095 17.84149471 19.9630686 28.24667303 0.9932317796
5 33028 1492 1492 0 8.660840342 16.10884155 -31.79696813 13.47530923 45.27227735 -33.45951814 13.81520836 47.2747265 -0.906069017 41.77596277 43.43851278 205.0053197 0.9610669388
6 153596 2200 2200 0 -0.2689808629 2.965735933 -3.741601532 6.794919383 10.53652091 -6.261277235 12.90001536 19.1612926 1.692918709 6.59459309 12.45026196 23.56726103 0.9986625986
7 149947 3463 3463 0 1.599819997 4.203871508 -10.47204072 2.939560888 13.41160161 -19.3649121 3.123728217 22.48864032 -2.144979919 13.18881984 22.08169122 33.81543962 0.9973167916
8 8686 2980 2980 0 -0.3171454406 2.892250685 -2.305070942 1.562865194 3.867936136 -2.76301023 28.85789831 31.62090854 5.360824638 2.328954363 29.62398747 182.8884693 0.9987369392
9 44096 4016 4016 0 1.808793648 6.592024034 -11.29916802 7.862192658 19.16136068 -38.66247218 9.470587952 48.13306013 -2.115635627 13.37701203 40.74031619 210.22536 0.993462084
10 26334 1424 1424 0 -1.008592211 9.962407397 -19.80345723 20.28237694 40.08583416 -27.75462882 21.02158387 48.77621268 0.08126232336 20.85362719 27.92153228 199.2070345 0.9850485334
11 29633 163 163 0 2.338501561 9.11107474 -19.86854746 11.46444663 31.33299409 -32.66545186 12.48350398 45.14895584 -1.690447786 23.09817846 35.89508286 207.4561287 0.9875249082
12 171756 595 595 0 -1.36508155 5.96803555 -8.209674975 9.961708111 18.17138309 -15.30773695 10.67200552 25.97974247 0.2454273581 11.44707756 14.02825718 26.3894857 0.9945877073
13 149609 26298 26298 0 1.775997631 5.379658898 -9.770439499 6.181640367 15.95207987 -14.25498085 8.971254606 23.22623545 -0.5847353499 16.20250815 20.68704949 27.37960397 0.9955989454
14 37064 1440 1440 0 -0.03473142466 8.318357738 -20.66036651 15.51273039 36.1730969 -25.76716814 22.98033896 48.74750711 -0.4273818156 22.44083877 24.94342874 197.2667295 0.9895688403
15 56810 7021 7021 0 0.2099162093 3.487769457 -4.869779288 4.045403547 8.915182835 -35.62790685 10.72213226 46.35003912 -4.450023912 7.62508608 38.31917136 207.2371283 0.9981720893
16 45392 1388 1388 0 -2.250203822 5.678550098 -4.141120842 13.25460846 17.3957293 -20.99288176 24.43907816 45.43195992 1.526059753 17.14920667 28.31028999 195.2535722 0.9951119808
17 170313 20200 20200 0 -0.05004300587 2.613655949 -3.936540761 3.423050972 7.359591734 -6.033200725 13.77392442 19.80712514 1.301944352 5.697607585 12.30755981 20.56040687 0.9989611256
18 133457 3360 3360 0 1.813996508 5.946387211 -11.16649684 7.057369322 18.22386617 -11.51655779 14.93147148 26.44802927 -0.6683650839 13.54487114 13.89493209 22.13166449 0.9946271858
19 208654 3475 3475 0 -3.503552505 6.992126117 -7.109524739 15.29449091 22.40401565 -8.082273674 17.35587825 25.43815192 0.9079972468 20.01239481 22.07378215 18.71874293 0.9925778911
20 35336 1480 1480 0 0.8075003615 6.663873819 -13.72702832 8.014988518 21.74201684 -35.43787678 9.142410467 44.58028725 -2.370626005 15.11620522 36.82705368 211.2122315 0.9933193245
21 15889 12009 12009 0 -0.3796367629 3.496226689 -5.203920729 6.105257168 11.3091779 -6.339737442 7.793111439 14.13284888 0.2553349916 6.436066848 8.123921119 189.9593559 0.9981394537
22 100032 2907 2907 0 2.24016496 9.651440629 -16.36577022 12.5895074 28.95527762 -21.99131739 13.01311389 35.00443128 -0.3980646357 24.56700841 30.19255558 207.0381799 0.985871922
23 154799 119 119 0 0.03370193454 4.443128314 -7.008201302 8.797482609 15.80568391 -14.15690168 11.21027705 25.36717873 -0.1367302956 9.501285872 15.3609394 24.98011373 0.9970007749
24 175498 2817 2817 0 1.233311642 5.632514382 -10.42173956 6.593320118 17.01505968 -14.18023947 6.84487811 21.02511758 -0.5786484827 15.59123628 19.34973619 28.7493581 0.9951763303
25 120681 4030 4030 0 -0.3002767564 2.734848025 -2.013291267 5.077181919 7.090473186 -13.28236114 8.723489663 22.0058508 -1.039346524 7.822431313 11.63233646 23.87003295 0.9988632483
26 119604 15567 15567 0 0.1310620712 1.789086546 -2.975510873 2.534436049 5.509946922 -13.93059685 7.856068546 21.78666539 0.04418760206 3.104160495 13.48535051 27.34067217 0.9995126628
27 76930 4797 4797 0 -0.6378349685 6.720487417 -9.1360088 11.90142033 21.03742913 -10.7119131 14.57960456 25.29151767 0.3332889751 11.21730397 13.37785376 191.4313556 0.9931366142
28 159766 895 895 0 -0.1925143737 4.337094445 -6.599779819 9.970484799 16.57026462 -14.39014384 11.92677014 26.31691398 0.1742171193 9.586572682 15.67931924 25.02940247 0.9971420467
29 77279 12289 12289 0 -0.2494597485 4.747811092 -6.950715206 8.152171828 15.10288703 -26.91591521 13.59722395 40.51313915 0.260589302 9.953137258 25.13807248 200.9618144 0.9965722873
30 41861 6078 6078 0 0.2336358687 2.250146372 -4.246951059 3.234271379 7.481222438 -8.062424153 3.99464942 12.05707357 -0.5266809043 4.960217177 8.775690271 201.6698845 0.9992291091
31 173781 13960 13960 0 0.5887575966 2.922848835 -5.768645832 3.408438049 9.177083882 -14.01022922 8.149335891 22.15956511 -0.7181425702 7.340200625 15.58178401 28.19469783 0.9986997805
32 36840 78 78 0 0.09085194142 7.638837859 -7.399510987 13.33683562 20.7363466 -24.94161171 19.82218574 44.76379744 -0.845708424 20.40665273 22.60983403 196.6442419 0.9911967187
33 36819 162 162 0 -0.5051234776 10.08751266 -24.87803918 16.92172445 41.79976363 -28.05980933 19.26833264 47.32814196 -0.6499742826 22.52155685 25.703327 199.5565574 0.9846661158
34 14797 985 985 0 2.664092615 8.616471284 -18.24895879 12.23000357 30.47896236 -28.8954036 17.60817515 46.50357875 -0.9887105398 20.92599474 31.57243955 201.6005947 0.9887772202
35 203087 3262 3262 0 0.1015174064 4.645830522 -6.979233431 10.38005231 17.35928574 -13.26873753 11.59460552 24.86334304 0.6163500752 14.63484659 15.84939979 25.18571192 0.9967195811

K=36, phase=forward, parameter=eps [km^2/s^2]
cluster representative_source n_cluster n_valid n_missing median std p05 p95 width90 minimum maximum range skewness error95 error_max angle_origin_deg angle_resultant
0 94651 24762 24762 0 -0.1550460086 0.03122309273 -0.1963361807 -0.09922578579 0.09711039494 -0.2077171826 -0.09048652349 0.1172306591 0.24242568 0.05283607445 0.06419802325 nan nan
1 30556 22 22 0 -0.2428582097 0.3655906513 -0.9751307281 -0.06935693811 0.90577379 -1.020440955 -0.05015293497 0.9702880201 -0.3737026552 0.7661028679 0.8114130948 nan nan
2 21401 997 997 0 -0.8284763821 0.03114148781 -0.9054274318 -0.8126387392 0.09278869257 -1.020173947 -0.8066806263 0.2134933203 -2.382524721 0.07891795069 0.1936644655 nan nan
3 49068 4837 4837 0 -0.9561452879 0.02649547506 -0.985677308 -0.9055337972 0.08014351078 -0.9895364382 -0.8934464325 0.09609000571 0.3826132855 0.04702570413 0.05911306887 nan nan
4 164816 2490 2490 0 -0.8419509892 0.04723705042 -0.9701896419 -0.8117729952 0.1584166467 -1.020811158 -0.807091806 0.2137193519 -1.405484672 0.08986523767 0.1404867537 nan nan
5 33028 1492 1492 0 -0.246271525 0.07313506814 -0.2565701578 -0.2141166734 0.04245348447 -0.9806716823 -0.1350790688 0.8455926135 -9.339488376 0.03334994865 0.7384136813 nan nan
6 153596 2200 2200 0 -0.2357354347 0.02054802752 -0.258456839 -0.1973364398 0.06112039927 -0.2593009963 -0.1808312795 0.07846971676 0.3845572136 0.04230959572 0.05881475596 nan nan
7 149947 3463 3463 0 -0.1665056623 0.05006002713 -0.2045090933 -0.1065108651 0.09799822813 -0.8269552674 -0.1040787045 0.7228765629 -6.483204877 0.06048303451 0.6604496051 nan nan
8 8686 2980 2980 0 -0.8808496632 0.01643776757 -0.8996555438 -0.8611061618 0.03854938201 -0.9799422865 -0.8546976511 0.1252446354 -2.066862988 0.02275771173 0.1030444544 nan nan
9 44096 4016 4016 0 -0.1966551222 0.04594311113 -0.2254938718 -0.1258027142 0.09969115759 -0.8483447053 -0.06639890081 0.7819458045 -7.812899186 0.06533286658 0.6587090075 nan nan
10 26334 1424 1424 0 -0.9063986092 0.04887429651 -0.9775033919 -0.8200262511 0.1574771409 -1.020656292 -0.8063625598 0.2142937317 0.1374085839 0.1177136337 0.1313773251 nan nan
11 29633 163 163 0 -0.1826566287 0.1438839545 -0.2583238913 -0.1003416735 0.1579822177 -0.9500665357 -0.04492689433 0.9051396414 -4.147755216 0.1316986413 0.7720149253 nan nan
12 171756 595 595 0 -0.8574761345 0.05288218882 -0.9746885965 -0.8178153238 0.1568732727 -1.020582924 -0.8067458812 0.2138370426 -0.7761344906 0.1061953478 0.1520896751 nan nan
13 149609 26298 26298 0 -0.8705733256 0.0237870276 -0.9217903467 -0.8415094238 0.08028092286 -0.9715083996 -0.8087495535 0.1627588461 -0.781486002 0.08353982682 0.1332578797 nan nan
14 37064 1440 1440 0 -0.1934182425 0.2267594075 -0.8791396948 -0.1158507159 0.763288979 -0.9997486344 -0.04453695844 0.955211676 -2.319530909 0.6825523934 0.803161333 nan nan
15 56810 7021 7021 0 -0.2357051707 0.008245564078 -0.2482329952 -0.2213078394 0.02692515576 -0.2579895405 -0.2109453176 0.04704422286 0.1050452818 0.01804958111 0.02818995465 nan nan
16 45392 1388 1388 0 -0.9040113891 0.04836205158 -0.9760011561 -0.8126102048 0.1633909512 -1.020384954 -0.8064880706 0.2138968834 0.179878817 0.1008701198 0.1071582416 nan nan
17 170313 20200 20200 0 -0.09574267919 0.02739260722 -0.1540419682 -0.06671064433 0.08733132385 -0.1958973255 -0.05885393284 0.1370433927 -0.8990328525 0.07628623265 0.11814159 nan nan
18 133457 3360 3360 0 -0.8719237105 0.05344417895 -0.973741848 -0.81038575 0.163356098 -1.019546536 -0.8067544424 0.2127920935 -0.3905913725 0.08866255165 0.1208423822 nan nan
19 208654 3475 3475 0 -0.8433009132 0.02830858667 -0.9180927095 -0.8245404392 0.09355227024 -1.020820046 -0.8081579121 0.2126621338 -2.246810282 0.07435194263 0.1770792791 nan nan
20 35336 1480 1480 0 -0.104518972 0.1136533233 -0.2161976587 -0.04639488166 0.1698027771 -0.892977089 -0.04398107964 0.8489960093 -5.189280467 0.1217420931 0.7985215234 nan nan
21 15889 12009 12009 0 -0.9648665302 0.0329812725 -1.002243078 -0.9020319541 0.1002111239 -1.008564402 -0.8911740448 0.1173903569 0.3686530887 0.05453313404 0.06539104336 nan nan
22 100032 2907 2907 0 -0.9110054575 0.03955495329 -0.9769740865 -0.8478191762 0.1291549103 -0.9819994091 -0.8085486977 0.1734507113 0.02998143522 0.07164447592 0.1109149544 nan nan
23 154799 119 119 0 -0.2122682204 0.3326477164 -0.9595375801 -0.115571007 0.8439665731 -0.9769988255 -0.04671985241 0.9302789731 -0.6926413591 0.7472610535 0.7647222989 nan nan
24 175498 2817 2817 0 -0.825630019 0.02119841874 -0.8603858791 -0.8077745274 0.05261135166 -0.9841565378 -0.8071892914 0.1769672464 -2.346452481 0.05092800714 0.1746986659 nan nan
25 120681 4030 4030 0 -0.168940916 0.07945736689 -0.2108129375 -0.1132612197 0.09755171772 -0.8469894842 -0.06269689419 0.78429259 -6.55740019 0.06336359743 0.670978461 nan nan
26 119604 15567 15567 0 -0.9430115048 0.02299334104 -0.9697017178 -0.8971434554 0.07255826239 -0.9750473145 -0.8510394547 0.1240078597 0.4701828123 0.03906369715 0.08302791285 nan nan
27 76930 4797 4797 0 -0.8779848255 0.02481695636 -0.9287926652 -0.8501526975 0.07863996764 -0.9713917668 -0.8124351423 0.1589566245 -0.7207811208 0.04408673857 0.08255921306 nan nan
28 159766 895 895 0 -0.1888369802 0.04852541731 -0.2557993172 -0.114449511 0.1413498062 -0.2583674984 -0.04380055914 0.2145669393 0.3738054386 0.09201964283 0.1626685947 nan nan
29 77279 12289 12289 0 -0.1970238809 0.04494787943 -0.2279330609 -0.1278212577 0.1001118032 -0.835388617 -0.1182603225 0.7171282945 -5.894462911 0.07009191995 0.6378172925 nan nan
30 41861 6078 6078 0 -0.1769810928 0.08278987709 -0.2162015641 -0.1431327929 0.07306877119 -0.8364723675 -0.1351944619 0.7012779056 -6.951704706 0.04412518552 0.664395989 nan nan
31 173781 13960 13960 0 -0.9230109182 0.01980390352 -0.9520647876 -0.8910839655 0.06098082205 -1.010504219 -0.8503133897 0.1601908292 0.04519502615 0.03358259513 0.09133987284 nan nan
32 36840 78 78 0 -0.1766692942 0.1610745806 -0.3376102112 -0.1153685355 0.2222416757 -0.9518381539 -0.0600863321 0.8917518218 -3.817514851 0.2160655958 0.7461660617 nan nan
33 36819 162 162 0 -0.8937942908 0.1449206821 -0.9762434999 -0.8168779545 0.1593655454 -1.019495257 -0.2218674128 0.7976278443 3.308688072 0.1835039356 0.6092579028 nan nan
34 14797 985 985 0 -0.8209782976 0.1865210792 -0.8809112525 -0.2043267453 0.6765845073 -0.9840399596 -0.04389160369 0.9401483559 2.980729447 0.6157050806 0.7761402221 nan nan
35 203087 3262 3262 0 -0.1689366664 0.08526870418 -0.2118254214 -0.1104224821 0.1014029393 -1.019554213 -0.05008364352 0.9694705697 -7.06382945 0.06469514919 0.8453049395 nan nan

K=36, phase=forward, parameter=e [-]
cluster representative_source n_cluster n_valid n_missing median std p05 p95 width90 minimum maximum range skewness error95 error_max angle_origin_deg angle_resultant
0 94651 24762 24762 0 0.6280911249 0.07649715115 0.5249876583 0.7631727598 0.2381851015 0.494597556 0.784138242 0.289540686 0.217949116 0.1312240511 0.1616141535 nan nan
1 30556 22 22 0 0.4783307556 0.1677305818 0.2539756947 0.8347477957 0.580772101 0.2473577244 0.8805307354 0.633173011 0.7846394711 0.3434754914 0.3884304586 nan nan
2 21401 997 997 0 0.234985657 0.06526429559 0.1893026027 0.3957836298 0.2064810271 0.1697258553 0.5721043294 0.4023784741 1.835919876 0.1658104354 0.3421311349 nan nan
3 49068 4837 4837 0 0.4795150738 0.04221388477 0.3957330107 0.5238395792 0.1281065685 0.3738368212 0.5294155266 0.1555787054 -0.4582413843 0.07812247776 0.1000186672 nan nan
4 164816 2490 2490 0 0.2681016817 0.09205794566 0.1852826438 0.5010042288 0.315721585 0.1710855758 0.5729437429 0.4018581671 1.02882617 0.1718529832 0.2234778883 nan nan
5 33028 1492 1492 0 0.3923080409 0.04673053021 0.3617574024 0.4932600457 0.1315026433 0.3590706997 0.6771546294 0.3180839297 2.195658105 0.08982664999 0.2737212336 nan nan
6 153596 2200 2200 0 0.4197859043 0.05564761317 0.3559623489 0.5214013554 0.1654390066 0.3534727016 0.5633284053 0.2098557037 0.3378347245 0.1124154463 0.1543424961 nan nan
7 149947 3463 3463 0 0.5996629366 0.08974248286 0.5040218952 0.745624122 0.2416022268 0.2062286491 0.7514951974 0.5452665482 -0.07057388392 0.147194452 0.3934342875 nan nan
8 8686 2980 2980 0 0.3496817315 0.03030425048 0.3099467214 0.3849353403 0.07498861882 0.2961950764 0.5154629321 0.2192678558 1.692990608 0.04358878444 0.1733522696 nan nan
9 44096 4016 4016 0 0.5243765321 0.07600317636 0.44873471 0.6994618636 0.2507271536 0.1698731259 0.8418395036 0.6719663777 0.7989129873 0.161264783 0.3726590091 nan nan
10 26334 1424 1424 0 0.3975605886 0.09116029427 0.2093828596 0.511950665 0.3025678054 0.1685723685 0.5727162374 0.4041438689 -0.4688656218 0.2409902454 0.2818007365 nan nan
11 29633 163 163 0 0.5601699736 0.1254527246 0.3586723451 0.7607464908 0.4020741457 0.2313130226 0.8929479705 0.6616349479 0.2350503182 0.2267404206 0.3396017365 nan nan
12 171756 595 595 0 0.3028948151 0.1021690851 0.2056364014 0.5077797291 0.3021433278 0.1700666531 0.5726195203 0.4025528672 0.5383801196 0.1809581528 0.2457979439 nan nan
13 149609 26298 26298 0 0.3305531801 0.04647562486 0.2670898627 0.4243881049 0.1572982422 0.1759690755 0.503102651 0.3271335755 0.5016775998 0.1651718333 0.2438863794 nan nan
14 37064 1440 1440 0 0.5325468555 0.1290306855 0.3301094609 0.7231238299 0.393014369 0.206361592 0.8938855077 0.6875239157 0.02359941184 0.2502877577 0.3698826017 nan nan
15 56810 7021 7021 0 0.4208711192 0.02265150451 0.3857763195 0.4596006473 0.07382432782 0.3573783224 0.4879559415 0.1305776191 0.05459307157 0.04865203582 0.07625076914 nan nan
16 45392 1388 1388 0 0.3932516194 0.09192658275 0.1881498314 0.5097233038 0.3215734724 0.1690549787 0.5723421521 0.4032871734 -0.5366567168 0.2212579213 0.2403527739 nan nan
17 170313 20200 20200 0 0.7715700421 0.06624548344 0.6300014389 0.8410081624 0.2110067235 0.5250959763 0.8597500074 0.3346540311 -0.9317146336 0.1846342359 0.2895396985 nan nan
18 133457 3360 3360 0 0.3328016156 0.1040448507 0.1823682053 0.5064149355 0.3240467302 0.1700181651 0.5711940404 0.4011758753 0.1650961213 0.2014016954 0.2137517355 nan nan
19 208654 3475 3475 0 0.2719137988 0.0564800329 0.2253382636 0.4183755836 0.19303732 0.1746764944 0.5729557573 0.3982792629 1.703826493 0.1452976893 0.2998778629 nan nan
20 35336 1480 1480 0 0.750588553 0.1342782713 0.4734370107 0.8894655896 0.4160285789 0.1705568463 0.8952125964 0.7246557501 -1.093097715 0.3014216372 0.6043018015 nan nan
21 15889 12009 12009 0 0.4927558524 0.05192629885 0.3891973064 0.5474114598 0.1582141534 0.3693317405 0.5562090262 0.1868772856 -0.4571754792 0.09074591341 0.1106114792 nan nan
22 100032 2907 2907 0 0.4054907847 0.0706886945 0.2820763872 0.511202756 0.2291263688 0.1768984382 0.5185090086 0.3416105704 -0.2798068707 0.1379575509 0.2431354998 nan nan
23 154799 119 119 0 0.4937768616 0.1608011597 0.2281175563 0.7238154278 0.4956978715 0.1698141831 0.8887012719 0.7188870888 -0.04315352043 0.2682110495 0.404824026 nan nan
24 175498 2817 2817 0 0.2282209705 0.05043499791 0.173366193 0.3100969971 0.136730804 0.1714017878 0.5212219376 0.3498201498 1.264965279 0.1303567068 0.3414816473 nan nan
25 120681 4030 4030 0 0.5935641431 0.09441357154 0.4875935241 0.729379361 0.2417858369 0.1713813095 0.8506606351 0.6792793256 -0.445832064 0.1549290697 0.4045787158 nan nan
26 119604 15567 15567 0 0.4589993732 0.03776575007 0.3811058119 0.5003596915 0.1192538796 0.2898717759 0.5083076615 0.2184358855 -0.5599871496 0.06354557383 0.1546787422 nan nan
27 76930 4797 4797 0 0.3447159958 0.04710400084 0.2866507332 0.4360514189 0.1494006857 0.1898275721 0.5029569112 0.3131293391 0.4673418612 0.08461282667 0.1755917353 nan nan
28 159766 895 895 0 0.5437293304 0.122746601 0.3637147248 0.7265033933 0.3627886685 0.3562089582 0.8956399398 0.5394309816 0.260344626 0.2278150188 0.3969515653 nan nan
29 77279 12289 12289 0 0.5228640874 0.0862023391 0.4421443022 0.6941649661 0.2520206639 0.1874282338 0.7173034092 0.5298751754 0.3417142189 0.1736257661 0.3339402792 nan nan
30 41861 6078 6078 0 0.5732653028 0.07183381608 0.4726933783 0.6568862419 0.1841928636 0.1861526414 0.6762152457 0.4900626043 -1.620090518 0.1127904448 0.3993311817 nan nan
31 173781 13960 13960 0 0.4264732139 0.03349664147 0.3701029862 0.4734421028 0.1033391166 0.2882582101 0.5587434252 0.2704852151 -0.1501573352 0.05646372112 0.1388187232 nan nan
32 36840 78 78 0 0.5742790928 0.1103587323 0.3918211732 0.7242744641 0.3324532909 0.2153038587 0.8568787149 0.6415748562 -0.4569834678 0.2248731678 0.3556661391 nan nan
33 36819 162 162 0 0.3826340381 0.1135871548 0.2115768587 0.5101027045 0.2985258457 0.1860069399 0.5711935452 0.3851866053 -0.08984326989 0.2679447098 0.3290355505 nan nan
34 14797 985 985 0 0.2230210251 0.1261940044 0.1883682544 0.5081706184 0.319802364 0.1697123633 0.8954250633 0.7257127 2.912342799 0.2962270286 0.6834814736 nan nan
35 203087 3262 3262 0 0.5935070431 0.09518005104 0.486010574 0.736236717 0.250226143 0.1707323136 0.8806958367 0.7099635231 -0.209008816 0.1579732124 0.4096600725 nan nan

K=36, phase=forward, parameter=w [deg]
cluster representative_source n_cluster n_valid n_missing median std p05 p95 width90 minimum maximum range skewness error95 error_max angle_origin_deg angle_resultant
0 94651 24762 24762 0 -3.198270733 18.18361228 -22.44403563 34.01324332 56.45727894 -23.53153189 68.44524937 91.97678126 0.730700379 47.10927812 81.54128418 174.407976 0.950839406
1 30556 22 22 0 0.1540782098 95.9163302 -164.8058171 117.6305151 282.4363322 -166.7406477 175.7866609 342.5273085 -0.00165680905 177.0424663 179.5622049 145.4164969 0.1583798478
2 21401 997 997 0 -1.392553384 15.68781725 -20.78571094 27.41936806 48.20507899 -55.58612834 91.94696876 147.5330971 1.399826677 35.61229563 95.34690947 155.998836 0.9644249016
3 49068 4837 4837 0 -0.7536044753 13.39203406 -19.12033537 24.72927081 43.84960618 -21.81293268 38.3796009 60.19253358 0.4452527439 30.09519193 43.74552203 313.3794188 0.9729961358
4 164816 2490 2490 0 -2.043665907 29.3579194 -38.45029083 51.84644785 90.29673868 -43.19170311 103.2679712 146.4596743 0.4882417303 53.1070441 104.5285674 72.06054195 0.8756847281
5 33028 1492 1492 0 -3.97944447 27.29793088 -26.66480081 44.12564135 70.79044216 -176.7042486 179.4461389 356.1503875 -1.235424179 40.62403285 179.357277 208.9401529 0.9121454274
6 153596 2200 2200 0 -4.114787755 26.1688829 -32.43567127 51.97038449 84.40605576 -37.17211296 89.86789783 127.0400108 0.7532785704 68.69879941 106.5963127 234.3919595 0.9007919674
7 149947 3463 3463 0 -3.2215662 24.72402258 -30.69763811 44.17806012 74.87569823 -178.6023417 164.1152234 342.7175651 0.5781644233 56.92345666 176.7172156 240.4056323 0.9167244208
8 8686 2980 2980 0 -1.681740401 6.058146883 -3.975930169 5.75722285 9.733153019 -4.127564727 57.98694671 62.11451143 4.310057946 9.186079579 61.41580344 293.5370569 0.9945526445
9 44096 4016 4016 0 -2.158350672 18.84838769 -22.71926426 31.34569512 54.06495938 -176.4620727 174.9098111 351.3718838 1.846973353 32.99520039 176.1449209 232.366349 0.9536555587
10 26334 1424 1424 0 2.156460962 22.14473145 -42.53238554 30.41326088 72.94564641 -67.28225348 85.68055434 152.9628078 -0.2548804169 50.00206989 79.03061275 40.19017806 0.9288459576
11 29633 163 163 0 5.555056506 40.83777327 -67.55882821 48.2996763 115.8585045 -155.3521027 66.01924024 221.3713429 -1.477841555 71.99318142 159.7864559 33.37906099 0.8038468612
12 171756 595 595 0 -1.561398943 33.42128531 -50.67871946 54.45951546 105.1382349 -67.31331833 96.04319893 163.3565173 0.1172024714 62.04493891 103.6286224 217.3246541 0.8404092408
13 149609 26298 26298 0 -2.446274435 16.54364383 -20.50450111 30.92555846 51.43005956 -23.34726926 96.87289677 120.220166 1.168783604 30.15472134 96.10205965 14.86531163 0.9597546202
14 37064 1440 1440 0 -4.250194474 51.94590121 -33.12071282 140.6714211 173.7921339 -179.3454078 178.5138905 357.8592983 1.128258563 161.0431876 179.8957629 312.4339572 0.7424402747
15 56810 7021 7021 0 -2.053663346 16.22582592 -21.30220069 25.29907164 46.60127232 -24.18009698 83.11340231 107.2934993 0.9529565398 25.94749378 80.01793196 189.865345 0.9611423661
16 45392 1388 1388 0 -1.190066091 21.87156421 -40.222643 37.47482178 77.69746478 -74.07176108 59.25835311 133.3301142 -0.1297979122 49.44702899 68.51688988 55.14853586 0.9301424054
17 170313 20200 20200 0 -2.940077261 15.78377498 -19.27004013 30.24641297 49.5164531 -21.41646942 70.08246077 91.4989302 0.9422787675 40.44004873 80.27609653 172.6896142 0.9629200118
18 133457 3360 3360 0 2.080889633 27.99806636 -51.60652238 42.05024709 93.65676947 -63.37308403 76.68519378 140.0582778 -0.2418293961 51.61343287 83.90697717 124.073434 0.8866553358
19 208654 3475 3475 0 -2.293893431 14.5185534 -16.67812501 27.6187076 44.29683262 -23.99103166 92.99360241 116.9846341 1.431037165 40.37281629 105.7477111 53.31146247 0.9690332617
20 35336 1480 1480 0 -1.897161607 27.20369493 -22.75692608 33.51105366 56.26797974 -166.3656786 169.1521246 335.5178032 -1.372954399 43.17425304 176.1988134 266.1725796 0.9225793521
21 15889 12009 12009 0 -0.5042184817 6.784508728 -10.04757562 11.77604162 21.82361724 -11.77057876 21.50741886 33.27799762 0.3468480922 16.50634857 26.23772581 301.6118676 0.9930089951
22 100032 2907 2907 0 -4.124573024 17.51072474 -21.56322418 33.86833385 55.43155803 -24.88919389 63.15909641 88.0482903 0.8414199707 31.25831647 60.54907903 339.6672668 0.9544182147
23 154799 119 119 0 -3.547737799 89.98307747 -132.1831179 168.064349 300.247467 -179.5395469 174.8848541 354.424401 0.1054331929 174.5845325 179.5260067 172.7771444 0.2681619448
24 175498 2817 2817 0 -3.436210653 16.7258219 -17.52917942 30.06833937 47.59751879 -18.80218955 98.57887815 117.3810677 1.849617044 33.33885269 101.8493915 17.26776755 0.9598699118
25 120681 4030 4030 0 -4.501859422 23.60219053 -20.68736104 38.7584247 59.44578573 -146.2604269 162.141798 308.4022249 2.478748365 57.09472899 179.6677493 286.409305 0.930590957
26 119604 15567 15567 0 -3.089962543 15.98681485 -18.47272948 31.61200239 50.08473187 -20.19692884 71.67135113 91.86827997 1.154651424 42.57905041 82.63839915 11.06670541 0.9621672946
27 76930 4797 4797 0 -3.171087048 14.2140682 -15.9852308 30.20631606 46.19154685 -17.59012317 65.65115206 83.24127523 1.214968144 33.61131955 69.05615555 307.8737584 0.9699331249
28 159766 895 895 0 -1.671908856 26.45290762 -47.71783341 46.3155661 94.03339951 -70.27487783 84.24083487 154.5157127 0.1559911579 55.27002959 91.19527048 40.47633323 0.8994341365
29 77279 12289 12289 0 -3.265988964 21.90521352 -26.18898505 37.85837187 64.04735692 -179.4211639 170.4140166 349.8351805 0.6814043962 45.39183832 177.7613876 191.2778134 0.933700183
30 41861 6078 6078 0 -2.761107175 23.3520956 -10.68280264 21.78160024 32.46440288 -178.9838149 179.77635 358.7601649 3.703041593 28.86618717 179.9224146 173.0617668 0.9550258914
31 173781 13960 13960 0 -4.046585673 15.80900176 -15.64208002 26.96783193 42.60991195 -16.03775582 103.5943173 119.6320731 1.731411756 35.80176037 112.4282457 6.524850209 0.9638752421
32 36840 78 78 0 -0.2128517313 40.19317511 -58.2678685 40.90602053 99.17388904 -165.1147186 140.0690845 305.1838031 -1.243540357 78.65314636 176.1268484 74.83919251 0.8327285027
33 36819 162 162 0 4.966433561 46.76370991 -58.35971984 61.78976703 120.1494869 -179.7437406 170.2274908 349.9712314 0.6696252025 66.9032841 176.0220322 230.0851624 0.7581692903
34 14797 985 985 0 -3.669175214 43.01996564 -30.18022563 127.9595065 158.1397321 -178.623057 176.9431729 355.5662299 1.598979628 139.2310418 177.1505735 164.8509898 0.8187808232
35 203087 3262 3262 0 -4.032629382 29.62478223 -30.40899892 51.621754 82.03075293 -179.5718399 176.8728372 356.4446771 -0.1143968748 60.86692618 179.8053903 302.3997183 0.8922929203

K=41, STD=0.01180905032
n = trajectories per cluster; conditions overlap.
n = 1: clusters=0/41 (0.00%); trajectories=0/194058 (0.00%)
n < 10: clusters=1/41 (2.44%); trajectories=3/194058 (0.00%)
n < 100: clusters=3/41 (7.32%); trajectories=97/194058 (0.05%)

K=41, phase=backward, parameter=eps [km^2/s^2]
cluster representative_source n_cluster n_valid n_missing median std p05 p95 width90 minimum maximum range skewness error95 error_max angle_origin_deg angle_resultant
0 94651 24762 24762 0 -0.09841787626 0.02342193584 -0.1480864799 -0.06740203364 0.0806844463 -0.1808042275 -0.05881779331 0.1219864342 -0.7829160708 0.06530628805 0.09802403565 nan nan
1 18323 3 3 0 -0.9166889312 0.08195725275 -1.007571014 -0.8268939994 0.1806770147 -1.017669023 -0.8169167848 0.2007522386 -0.01805089286 0.1906542294 0.2007522386 nan nan
2 47219 635 635 0 -0.9535148096 0.02695118942 -0.9763162685 -0.9155116553 0.06080461325 -1.020836128 -0.8306298735 0.1902062549 1.220866473 0.04505369653 0.1259428238 nan nan
3 49068 4837 4837 0 -0.9794128574 0.01267880674 -0.9930670204 -0.9532141028 0.03985291758 -0.9963991166 -0.9281148789 0.06828423769 0.7949786058 0.03136534231 0.05646456616 nan nan
4 164816 2490 2490 0 -0.2422460805 0.01308093538 -0.2572148493 -0.2165551945 0.04065965482 -0.2582250091 -0.2002373017 0.05798770745 0.459103218 0.02655273899 0.04287063179 nan nan
5 55906 7148 7148 0 -0.8698051299 0.0195634363 -0.9001849173 -0.8377685745 0.06241634282 -0.9170556707 -0.8307370134 0.08631865729 0.0430675504 0.03980244965 0.04683401072 nan nan
6 153596 2200 2200 0 -0.1643343069 0.03474463654 -0.2044855916 -0.1065633423 0.09792224936 -0.2339634096 -0.104628734 0.1293346756 0.1921256968 0.06019087529 0.0672834776 nan nan
7 149947 3463 3463 0 -0.2261724861 0.02586262534 -0.2583709249 -0.1828807892 0.07549013567 -0.2593276385 -0.1579865306 0.1013411079 0.2447515292 0.05314338959 0.07803764822 nan nan
8 8686 2980 2980 0 -0.9230219766 0.02510549083 -0.959513099 -0.8808281719 0.07868492716 -0.9699743336 -0.8508318587 0.1191424749 0.1245503063 0.04288252133 0.07195535759 nan nan
9 36956 3046 3046 0 -0.8423616306 0.01899535523 -0.8908289934 -0.8281883927 0.06264060072 -0.9300604102 -0.8091804744 0.1208799358 -1.479571693 0.0492985749 0.08852999164 nan nan
10 627 1081 1081 0 -0.8504690416 0.02869806839 -0.8947760676 -0.807005486 0.08777058158 -0.9082102148 -0.8063623697 0.1018478451 -0.05359960634 0.06368906742 0.07712321464 nan nan
11 103221 457 457 0 -0.9442105178 0.04578678589 -0.9793097961 -0.8449468092 0.1343629869 -1.020134973 -0.8253323812 0.1948025916 0.6198191562 0.1166839337 0.1362983617 nan nan
12 171756 595 595 0 -0.1915556758 0.04514907727 -0.2567129182 -0.1110660881 0.1456468302 -0.2595672675 -0.04387907749 0.21568819 0.3153197291 0.08148061897 0.1486676295 nan nan
13 149609 26298 26298 0 -0.2186564838 0.02870773511 -0.2459877313 -0.1567377687 0.0892499626 -0.2503484518 -0.1265314213 0.1238170305 0.6807407738 0.06570491664 0.09591126402 nan nan
14 28726 134 134 0 -0.8282285571 0.02845764526 -0.8671833649 -0.8109504019 0.05623296303 -1.002368343 -0.8068393667 0.195528976 -4.189662736 0.04032155964 0.1755065374 nan nan
15 50594 6466 6466 0 -0.9285951905 0.017912179 -0.9586722359 -0.9022086066 0.05646362931 -0.9621851412 -0.8976239548 0.06456118645 -0.09910647801 0.030857058 0.03436996334 nan nan
16 38705 1511 1511 0 -0.9374692633 0.03184346065 -0.977632308 -0.8802248595 0.09740744857 -1.020743755 -0.8612263078 0.1595174474 0.2852400533 0.05919250965 0.08168234881 nan nan
17 170313 20200 20200 0 -0.1616167265 0.02336177488 -0.1964302849 -0.1211038699 0.07532641507 -0.203937617 -0.107836621 0.09610099608 0.148513821 0.04845908883 0.06172633774 nan nan
18 133457 3360 3360 0 -0.1488135817 0.05696799556 -0.213363341 -0.0468572275 0.1665061135 -0.241818408 -0.04391779137 0.1979006166 0.3645094405 0.1047112711 0.1076507073 nan nan
19 208654 3475 3475 0 -0.1634829839 0.03487658815 -0.2125804115 -0.1010722332 0.1115081783 -0.2230349469 -0.04455261547 0.1784823314 0.2751875079 0.05848328093 0.1135951251 nan nan
20 33137 998 998 0 -0.8559656205 0.02881915859 -0.9081851988 -0.8213603652 0.08682483365 -0.9182613159 -0.8067811617 0.1114801541 -0.2392910183 0.06116461189 0.07574381533 nan nan
21 15889 12009 12009 0 -0.8908769874 0.02862545412 -0.9464306012 -0.8548510297 0.09157957142 -0.9620982855 -0.8455281707 0.1165701148 -0.3857667699 0.05281888657 0.06848657085 nan nan
22 100032 2776 2776 0 -0.913966173 0.03739645638 -0.9597251543 -0.8451396829 0.1145854714 -0.9716903857 -0.8142035456 0.1574868402 0.3976946854 0.06251923699 0.09130970952 nan nan
23 154799 119 119 0 -0.1801538735 0.04748456049 -0.2506404753 -0.1105161027 0.1401243727 -0.2568940612 -0.04383479669 0.2130592645 0.2679450542 0.07454350175 0.1386832221 nan nan
24 175498 2817 2817 0 -0.2497905692 0.01056216571 -0.256426513 -0.2278566871 0.02856982592 -0.2572678876 -0.1846891134 0.07257877429 1.771450847 0.01788310709 0.06105068083 nan nan
25 120681 4030 4030 0 -0.1330894596 0.02286323492 -0.1748883382 -0.1098536135 0.0650347247 -0.1832290909 -0.04380722131 0.1394218695 -0.01068043429 0.05151837151 0.08045422422 nan nan
26 119604 15567 15567 0 -0.1587684137 0.02282603797 -0.1982229368 -0.1259497182 0.07227321866 -0.207662361 -0.1186172049 0.08904515608 -0.1605949599 0.04266526508 0.05210468925 nan nan
27 86919 1975 1975 0 -0.9660738353 0.01135112231 -0.9741077269 -0.9376883411 0.03641938574 -1.018791062 -0.9079699057 0.1108211566 1.997761742 0.03242394282 0.06165360099 nan nan
28 159766 895 895 0 -0.176444033 0.04174837282 -0.2427760596 -0.1147137006 0.128062359 -0.2582455182 -0.04390831563 0.2143372026 0.1058676827 0.07349857561 0.1443039606 nan nan
29 80822 6642 6642 0 -0.9341799504 0.01784789256 -0.9580491897 -0.9036311913 0.0544179984 -1.020739299 -0.8445990068 0.1761402922 0.4433940823 0.03135093878 0.09290568444 nan nan
30 79949 388 388 0 -0.8722753301 0.03375616541 -0.9430888907 -0.823802589 0.1192863017 -0.974388389 -0.8098334714 0.1645549176 -0.7105486654 0.0685229541 0.09282165636 nan nan
31 173781 13960 13960 0 -0.2191384704 0.01199522006 -0.2331642953 -0.1932299931 0.03993430221 -0.2432254336 -0.1747129763 0.06851245732 0.7959391497 0.02972517368 0.04824219049 nan nan
32 30556 19 19 0 -0.8343821657 0.05618286179 -0.9726501129 -0.8175364672 0.1551136457 -0.977039865 -0.8143434398 0.1626964252 -0.8595585615 0.1382679472 0.1426576993 nan nan
33 36819 126 126 0 -0.8787034939 0.05131264328 -0.9680736106 -0.8259333446 0.142140266 -1.020754723 -0.8170902979 0.2036644254 -0.4502897853 0.07706589796 0.1198444892 nan nan
34 14609 958 958 0 -0.815865569 0.004920606688 -0.8243245556 -0.808343178 0.01598137752 -0.8436044659 -0.8062084723 0.03739599355 -0.4029849475 0.009542458281 0.02648138956 nan nan
35 203087 3262 3262 0 -0.201766746 0.01615298062 -0.2320063912 -0.1763918368 0.05561455438 -0.2584258867 -0.1236880421 0.1347378446 -0.7264928712 0.03705959005 0.0804066636 nan nan
36 21211 5233 5233 0 -0.8691014263 0.01697396225 -0.895737519 -0.8420937489 0.05364377008 -0.9042881153 -0.8360870524 0.06820106289 0.0115706766 0.05229376462 0.0608443609 nan nan
37 76930 4765 4765 0 -0.9908258757 0.01227333047 -1.00528243 -0.9665761351 0.03870629445 -1.008654727 -0.9620409644 0.04661376268 0.3751733394 0.03237387938 0.03690905007 nan nan
38 36840 75 75 0 -0.9183994264 0.04705133827 -0.9768221312 -0.8464498431 0.1303722881 -1.009825645 -0.8292276191 0.1805980263 0.1717876617 0.07618155362 0.09142621897 nan nan
39 33028 1561 1561 0 -0.8244832322 0.01768765077 -0.8615943854 -0.80769725 0.05389713538 -0.8945984247 -0.8068572751 0.08774114964 -0.7754646662 0.039371206 0.07237524537 nan nan
40 22279 742 742 0 -0.8282063617 0.02983626605 -0.8459384543 -0.8248445999 0.02109385442 -1.003056356 -0.8227577141 0.1802986415 -4.359721488 0.01740267464 0.174520576 nan nan

K=41, phase=backward, parameter=e [-]
cluster representative_source n_cluster n_valid n_missing median std p05 p95 width90 minimum maximum range skewness error95 error_max angle_origin_deg angle_resultant
0 94651 24762 24762 0 0.7651486445 0.05655290394 0.6446445529 0.8393713183 0.1947267654 0.56341166 0.8598376402 0.2964259802 -0.8118814233 0.1579388121 0.239171705 nan nan
1 18323 3 3 0 0.4154081001 0.1499463671 0.2242650501 0.5534005145 0.3291354644 0.2030269335 0.568733005 0.3657060716 -0.4768223781 0.3503735811 0.3657060716 nan nan
2 47219 635 635 0 0.4755796585 0.04531173553 0.41337666 0.5101838856 0.09680722561 0.2404244555 0.5729713754 0.3325469199 -1.890170583 0.07213947056 0.2397951841 nan nan
3 49068 4837 4837 0 0.5146467335 0.0189923729 0.4749459566 0.5344405454 0.0594945888 0.4351727306 0.5391917984 0.1040190678 -0.8567633579 0.04722198628 0.08699521227 nan nan
4 164816 2490 2490 0 0.4026751307 0.03629566708 0.3595930386 0.4728239769 0.1132309383 0.3566637373 0.5156353525 0.1589716153 0.4207157155 0.07341045734 0.116221833 nan nan
5 55906 7148 7148 0 0.3291406883 0.0401511017 0.2582942063 0.3868174367 0.1285232304 0.2404826827 0.4149566623 0.1744739796 -0.1801561467 0.08630727463 0.1041187983 nan nan
6 153596 2200 2200 0 0.6049887258 0.08567509439 0.5041087423 0.7455396018 0.2414308595 0.4246648142 0.7501700804 0.3255052663 0.1728622537 0.1464789813 0.1745657171 nan nan
7 149947 3463 3463 0 0.4458512527 0.06914235423 0.3561422048 0.5581653318 0.202023127 0.3533386986 0.6202551083 0.2669164097 0.1939378903 0.1391808233 0.2012705998 nan nan
8 8686 2980 2980 0 0.4255922473 0.04299305971 0.3495274857 0.4844381889 0.1349107032 0.2881415249 0.5004312289 0.212289704 -0.2242813936 0.07570845458 0.1370944154 nan nan
9 36956 3046 3046 0 0.2697136661 0.04069025806 0.234671768 0.3698715741 0.1351998061 0.1790067128 0.4383655404 0.2593588277 1.200929687 0.1021724858 0.1706664521 nan nan
10 627 1081 1081 0 0.2877208641 0.06769121448 0.1709233665 0.3767734929 0.2058501264 0.168591401 0.4006738904 0.2320824894 -0.1760808968 0.1377549082 0.1616553058 nan nan
11 103221 457 457 0 0.4612042885 0.08028178457 0.2752509489 0.5145913436 0.2393403947 0.2275051331 0.5719985499 0.3444934168 -0.7785343168 0.2130075078 0.2607533236 nan nan
12 171756 595 595 0 0.5368152326 0.1145670563 0.3613847574 0.7347113117 0.3733265543 0.3526417655 0.8954556795 0.5428139139 0.2149826019 0.2003023104 0.3610466782 nan nan
13 149609 26298 26298 0 0.4668393703 0.07435057923 0.3922037655 0.6234333758 0.2312296103 0.3797481417 0.697340941 0.3175927992 0.6230315063 0.1673896262 0.2412971913 nan nan
14 28726 134 134 0 0.2347654262 0.05660219808 0.1848545197 0.3240740381 0.1392195184 0.170063584 0.5476911816 0.3776275976 3.414513453 0.09300279752 0.3166199411 nan nan
15 50594 6466 6466 0 0.435573383 0.02958893045 0.3902145451 0.4835983929 0.09338384775 0.382072802 0.4890036008 0.1069307988 0.03880530802 0.05019024435 0.05471197417 nan nan
16 38705 1511 1511 0 0.4500010524 0.05294548373 0.3491862092 0.5121252967 0.1629390876 0.3108366203 0.5728380059 0.2620013856 -0.4092804494 0.1040207577 0.1416828312 nan nan
17 170313 20200 20200 0 0.6119710973 0.05761268687 0.5247704888 0.7106214863 0.1858509976 0.505519094 0.7425083037 0.2369892097 0.12195377 0.1184028336 0.150289651 nan nan
18 133457 3360 3360 0 0.6429823331 0.1392596713 0.4809200128 0.888347115 0.4074271022 0.4030483833 0.8953605839 0.4923122007 0.3364464643 0.2519596567 0.2589731256 nan nan
19 208654 3475 3475 0 0.6076005365 0.0861343907 0.4826346786 0.7590198111 0.2763851326 0.4542800632 0.893855155 0.4395750919 0.2321947034 0.1472746409 0.2729838029 nan nan
20 33137 998 998 0 0.2993961752 0.06192408283 0.2148301088 0.4005825052 0.1857523964 0.1701338413 0.4170346165 0.2469007752 0.02115018647 0.138844253 0.1835405205 nan nan
21 15889 12009 12009 0 0.3690341631 0.05225978793 0.2967558243 0.4641177814 0.1673619571 0.2759808255 0.4886047653 0.2126239398 0.241848357 0.09186421592 0.1145155813 nan nan
22 100032 2776 2776 0 0.4111400102 0.06853984488 0.2755919855 0.4853236165 0.209731631 0.1954087348 0.5033967836 0.3079880488 -0.6078344594 0.1210410471 0.2012242978 nan nan
23 154799 119 119 0 0.5655670918 0.1190512131 0.378198836 0.7359103191 0.3577114831 0.3602762196 0.8955575814 0.5352813618 0.1761713155 0.1980962981 0.335924904 nan nan
24 175498 2817 2817 0 0.3811601978 0.02941135076 0.3619905427 0.4431280359 0.08113749319 0.3594872152 0.5550590695 0.1955718542 1.674668779 0.05095938915 0.1628904227 nan nan
25 120681 4030 4030 0 0.6814471429 0.05569854283 0.5787688984 0.7376001277 0.1588312294 0.5578856971 0.8956261106 0.3377404135 -0.03579222351 0.1260895901 0.1927502093 nan nan
26 119604 15567 15567 0 0.6185428877 0.05650452332 0.5196491515 0.6987106947 0.1790615432 0.4954111247 0.7164402453 0.2210291206 -0.1837398347 0.1068316693 0.1310696961 nan nan
27 86919 1975 1975 0 0.494863901 0.0176667462 0.4507738282 0.5069049545 0.05613112624 0.4009259596 0.5702470566 0.169321097 -2.15557791 0.05028777462 0.09934577899 nan nan
28 159766 895 895 0 0.5749239097 0.1049418068 0.4003827979 0.7258782324 0.3254954345 0.3564966793 0.8953803856 0.5388837063 0.0223090915 0.1814720926 0.3500933085 nan nan
29 80822 6642 6642 0 0.4449899119 0.02968352518 0.3931569127 0.4826824771 0.08952556438 0.2753767297 0.5728514127 0.297474683 -0.6558846908 0.05081825064 0.159181402 nan nan
30 79949 388 388 0 0.3343774449 0.06643211686 0.2227681206 0.4590025437 0.236234423 0.1808808282 0.5073758416 0.3264950133 0.2521515939 0.1402446322 0.1717167836 nan nan
31 173781 13960 13960 0 0.4655093017 0.03131768049 0.4278037091 0.5322286591 0.10442495 0.3990679859 0.5789026716 0.1798346857 0.7450550396 0.07714944157 0.1238234541 nan nan
32 30556 19 19 0 0.2502852061 0.1084994055 0.2047875247 0.5046788148 0.2998912901 0.1950360604 0.5112461709 0.3162101106 0.7433585616 0.2543936087 0.2609609648 nan nan
33 36819 126 126 0 0.3468631226 0.09673426754 0.2275270982 0.4977996024 0.2702725043 0.2035461622 0.5728758046 0.3693296424 0.219422238 0.1648880943 0.1851089739 nan nan
34 14609 958 958 0 0.1993812021 0.01486946514 0.1752863545 0.2240488082 0.0487624537 0.168193931 0.2696370495 0.1014431185 0.1818046028 0.02964472697 0.06623788988 nan nan
35 203087 3262 3262 0 0.5109379867 0.04223708341 0.430012933 0.5748531633 0.1448402303 0.356048273 0.7046917262 0.3486434532 -0.9150871441 0.09561608816 0.1994326171 nan nan
36 21211 5233 5233 0 0.3275209249 0.03474372954 0.2683119468 0.3784913064 0.1101793596 0.2538554647 0.3938184558 0.1399629911 -0.1251684919 0.106909299 0.1222364484 nan nan
37 76930 4765 4765 0 0.5312400573 0.01779024724 0.4955473692 0.5516691658 0.05612179657 0.4882844047 0.5563450703 0.06806066563 -0.4099245787 0.04729160224 0.05455456675 nan nan
38 36840 75 75 0 0.4183019075 0.08310141642 0.2776853923 0.5109400546 0.2332546623 0.2366828967 0.5580308942 0.3213479975 -0.3454667803 0.1407964076 0.1816190108 nan nan
39 33028 1561 1561 0 0.2242464312 0.04549271242 0.1732008777 0.3123151885 0.1391143107 0.1702876292 0.3748351913 0.204547562 0.5112331827 0.09349679059 0.1560167934 nan nan
40 22279 742 742 0 0.234334417 0.05610236969 0.2255172958 0.278435871 0.0529185752 0.2197531228 0.5486517184 0.3288985955 4.266617929 0.04329327974 0.3135091271 nan nan

K=41, phase=backward, parameter=w [deg]
cluster representative_source n_cluster n_valid n_missing median std p05 p95 width90 minimum maximum range skewness error95 error_max angle_origin_deg angle_resultant
0 94651 24762 24762 0 -1.425087789 4.974880034 -5.842669648 10.54130855 16.3839782 -6.848913307 14.10314975 20.95206305 0.9472145312 11.91765 15.47949119 20.1293291 0.9962376257
1 18323 3 3 0 -1.76804214 7.573281901 -7.603324026 8.861258507 16.46458253 -8.25168868 10.04229191 18.29398059 0.829860646 17.64561594 18.29398059 196.9567494 0.9912834638
2 47219 635 635 0 -1.982335382 6.297617394 -3.653429012 13.92146317 17.57489218 -22.09044896 20.16321546 42.25366441 0.6211322097 17.79959221 23.65529694 195.7259986 0.9939940924
3 49068 4837 4837 0 -1.57339398 5.677185699 -6.59918465 12.14399441 18.74317906 -7.626779452 20.00699328 27.63377274 1.149959541 14.79765946 22.66065833 191.5824189 0.9951064004
4 164816 2490 2490 0 1.056250038 6.672071783 -10.67813747 7.722467795 18.40060526 -12.79971135 8.110636506 20.91034786 -0.3024523095 17.84149471 19.9630686 28.24667303 0.9932317796
5 55906 7148 7148 0 0.2442452724 4.027978992 -5.396158773 4.432546851 9.828705624 -35.95624089 11.12745342 47.08369431 -4.317905176 8.117143919 38.65211539 207.5191287 0.9975676825
6 153596 2200 2200 0 -0.2689808629 2.965735933 -3.741601532 6.794919383 10.53652091 -6.261277235 12.90001536 19.1612926 1.692918709 6.59459309 12.45026196 23.56726103 0.9986625986
7 149947 3463 3463 0 1.599819997 4.203871508 -10.47204072 2.939560888 13.41160161 -19.3649121 3.123728217 22.48864032 -2.144979919 13.18881984 22.08169122 33.81543962 0.9973167916
8 8686 2980 2980 0 -0.3171454406 2.892250685 -2.305070942 1.562865194 3.867936136 -2.76301023 28.85789831 31.62090854 5.360824638 2.328954363 29.62398747 182.8884693 0.9987369392
9 36956 3046 3046 0 0.5124323953 5.065052655 -9.674313847 6.829482223 16.50379607 -39.98380705 7.598655538 47.58246259 -1.806160876 8.798629895 38.59857922 212.0984198 0.9961216727
10 627 1081 1081 0 -2.524128276 11.94225158 -25.09347814 18.23948169 43.33295984 -30.14349438 18.63271831 48.77621268 -0.2960666471 45.88068942 46.27392603 201.5959 0.9785176963
11 103221 457 457 0 -2.342898644 9.385327335 -9.140694454 19.17888037 28.31957482 -27.14974398 19.68293788 46.83268186 0.5503471676 15.72656665 31.05316299 200.0130101 0.9866723914
12 171756 595 595 0 -1.36508155 5.96803555 -8.209674975 9.961708111 18.17138309 -15.30773695 10.67200552 25.97974247 0.2454273581 11.44707756 14.02825718 26.3894857 0.9945877073
13 149609 26298 26298 0 1.775997631 5.379658898 -9.770439499 6.181640367 15.95207987 -14.25498085 8.971254606 23.22623545 -0.5847353499 16.20250815 20.68704949 27.37960397 0.9955989454
14 28726 134 134 0 1.962200421 9.238629041 -23.9490601 10.52118957 34.47024966 -34.04878305 11.50769246 45.55647551 -2.250120408 26.56681365 36.6665366 207.9743511 0.9872346842
15 50594 6466 6466 0 -0.1104844023 2.815809842 -4.40030657 4.831355839 9.231662409 -7.584917904 14.40348588 21.98840378 0.1535276093 5.248617124 14.67922687 198.171502 0.9987930037
16 38705 1511 1511 0 -1.507293194 5.104835952 -4.180412803 11.62196168 15.80237448 -23.82114818 21.1766609 44.99780908 1.654785124 15.56434236 24.77695974 195.4833692 0.9960502678
17 170313 20200 20200 0 -0.05004300587 2.613655949 -3.936540761 3.423050972 7.359591734 -6.033200725 13.77392442 19.80712514 1.301944352 5.697607585 12.30755981 20.56040687 0.9989611256
18 133457 3360 3360 0 1.813996508 5.946387211 -11.16649684 7.057369322 18.22386617 -11.51655779 14.93147148 26.44802927 -0.6683650839 13.54487114 13.89493209 22.13166449 0.9946271858
19 208654 3475 3475 0 -3.503552505 6.992126117 -7.109524739 15.29449091 22.40401565 -8.082273674 17.35587825 25.43815192 0.9079972468 20.01239481 22.07378215 18.71874293 0.9925778911
20 33137 998 998 0 -0.3872377355 9.973524214 -27.10288224 11.15607278 38.25895501 -28.54674958 20.30833098 48.85508056 -1.145094217 26.07511124 27.51897858 200.0463109 0.9850392273
21 15889 12009 12009 0 -0.3796367629 3.496226689 -5.203920729 6.105257168 11.3091779 -6.339737442 7.793111439 14.13284888 0.2553349916 6.436066848 8.123921119 189.9593559 0.9981394537
22 100032 2776 2776 0 2.185277679 9.596457061 -16.29032001 12.64706398 28.93738399 -16.93702663 13.06979239 30.00681902 -0.3755664902 24.54823669 25.19494332 206.9815014 0.986031063
23 154799 119 119 0 0.03370193454 4.443128314 -7.008201302 8.797482609 15.80568391 -14.15690168 11.21027705 25.36717873 -0.1367302956 9.501285872 15.3609394 24.98011373 0.9970007749
24 175498 2817 2817 0 1.233311642 5.632514382 -10.42173956 6.593320118 17.01505968 -14.18023947 6.84487811 21.02511758 -0.5786484827 15.59123628 19.34973619 28.7493581 0.9951763303
25 120681 4030 4030 0 -0.3002767564 2.734848025 -2.013291267 5.077181919 7.090473186 -13.28236114 8.723489663 22.0058508 -1.039346524 7.822431313 11.63233646 23.87003295 0.9988632483
26 119604 15567 15567 0 0.1310620712 1.789086546 -2.975510873 2.534436049 5.509946922 -13.93059685 7.856068546 21.78666539 0.04418760206 3.104160495 13.48535051 27.34067217 0.9995126628
27 86919 1975 1975 0 -0.9641422094 4.800200377 -5.441598797 10.00201587 15.44361467 -23.57317236 15.05464691 38.62781927 0.6112364923 10.20635278 23.71328825 199.0809875 0.9965003608
28 159766 895 895 0 -0.1925143737 4.337094445 -6.599779819 9.970484799 16.57026462 -14.39014384 11.92677014 26.31691398 0.1742171193 9.586572682 15.67931924 25.02940247 0.9971420467
29 80822 6642 6642 0 -0.07391616844 4.312698243 -5.417831692 7.029070255 12.44690195 -31.59741065 14.61212635 46.209537 -0.8302967516 8.753736505 32.55937729 204.7355742 0.9971800332
30 79949 388 388 0 7.14737604 10.5311424 -16.18181887 10.06066736 26.24248623 -37.0719696 11.12913356 48.20110316 -0.8708156942 23.85300007 44.7431508 208.5687176 0.9832488535
31 173781 13960 13960 0 0.5887575966 2.922848835 -5.768645832 3.408438049 9.177083882 -14.01022922 8.149335891 22.15956511 -0.7181425702 7.340200625 15.58178401 28.19469783 0.9986997805
32 30556 19 19 0 3.077289215 7.80927038 -12.11305522 11.55170865 23.66476387 -12.69133731 12.6006276 25.29196491 -0.460114055 16.22279399 16.80107608 205.1623559 0.9907404137
33 36819 126 126 0 -0.4592288133 10.36707443 -25.16552391 16.40212224 41.56764615 -28.2174159 17.63680325 45.85421914 -0.6993641462 22.40879501 25.460687 199.9568039 0.9837979914
34 14609 958 958 0 2.569432708 8.113547038 -16.70818518 9.734679442 26.44286462 -28.78406974 17.57225945 46.35632919 -0.9927242833 19.39000433 31.4658889 201.4892608 0.9900381413
35 203087 3262 3262 0 0.1015174064 4.645830522 -6.979233431 10.38005231 17.35928574 -13.26873753 11.59460552 24.86334304 0.6163500752 14.63484659 15.84939979 25.18571192 0.9967195811
36 21211 5233 5233 0 -0.7394696581 3.763593281 -4.3172781 9.751145046 14.06842315 -8.30930107 10.68371882 18.99301989 1.487461566 11.59397422 12.52654799 203.3035309 0.9978464073
37 76930 4765 4765 0 -0.6784116409 6.736665551 -9.120354378 11.93000923 21.05036361 -10.69273158 14.59878608 25.29151767 0.3401098446 11.22610166 13.37785376 191.412174 0.9931035798
38 36840 75 75 0 0.005908822957 7.109022089 -4.810595127 11.0668074 15.87740253 -25.08297953 19.68081791 44.76379744 -0.8362056519 19.99405336 22.60983403 196.7856097 0.9923747014
39 33028 1561 1561 0 8.467249205 15.8126221 -32.13279036 13.01697401 45.14976437 -33.96748111 13.31169793 47.27917904 -0.9748183404 41.60382203 43.43851278 205.5132827 0.9625016984
40 22279 742 742 0 0.4948438794 4.075366569 -5.388095846 3.965114748 9.353210594 -34.53181269 12.71392289 47.24573558 -1.094230861 10.9790692 34.29912699 206.2663423 0.9974834131

K=41, phase=forward, parameter=eps [km^2/s^2]
cluster representative_source n_cluster n_valid n_missing median std p05 p95 width90 minimum maximum range skewness error95 error_max angle_origin_deg angle_resultant
0 94651 24762 24762 0 -0.1550460086 0.03122309273 -0.1963361807 -0.09922578579 0.09711039494 -0.2077171826 -0.09048652349 0.1172306591 0.24242568 0.05283607445 0.06419802325 nan nan
1 18323 3 3 0 -0.2096074205 0.3376741215 -0.8174655543 -0.1413830744 0.6760824799 -0.885005347 -0.1338025915 0.7512027555 -1.666813731 0.7436222726 0.7512027555 nan nan
2 47219 635 635 0 -0.1887445205 0.07153105075 -0.2532058142 -0.1165823228 0.1366234913 -0.955561638 -0.08271191838 0.8728497196 -6.391266421 0.08398431936 0.755430691 nan nan
3 49068 4837 4837 0 -0.9561452879 0.02649547506 -0.985677308 -0.9055337972 0.08014351078 -0.9895364382 -0.8934464325 0.09609000571 0.3826132855 0.04702570413 0.05911306887 nan nan
4 164816 2490 2490 0 -0.8419509892 0.04723705042 -0.9701896419 -0.8117729952 0.1584166467 -1.020811158 -0.807091806 0.2137193519 -1.405484672 0.08986523767 0.1404867537 nan nan
5 55906 7148 7148 0 -0.2355229383 0.00993832337 -0.2481331217 -0.2157696911 0.03236343065 -0.2579895405 -0.1911870323 0.06680250825 0.5373544284 0.0228875729 0.0474702317 nan nan
6 153596 2200 2200 0 -0.2357354347 0.02054802752 -0.258456839 -0.1973364398 0.06112039927 -0.2593009963 -0.1808312795 0.07846971676 0.3845572136 0.04230959572 0.05881475596 nan nan
7 149947 3463 3463 0 -0.1665056623 0.05006002713 -0.2045090933 -0.1065108651 0.09799822813 -0.8269552674 -0.1040787045 0.7228765629 -6.483204877 0.06048303451 0.6604496051 nan nan
8 8686 2980 2980 0 -0.8808496632 0.01643776757 -0.8996555438 -0.8611061618 0.03854938201 -0.9799422865 -0.8546976511 0.1252446354 -2.066862988 0.02275771173 0.1030444544 nan nan
9 36956 3046 3046 0 -0.1598695223 0.05788728808 -0.2149903001 -0.05958613888 0.1554041612 -0.8435749702 -0.04437929461 0.7991956756 -3.825022788 0.08630074768 0.703093972 nan nan
10 627 1081 1081 0 -0.9218102736 0.04774224247 -0.9786239621 -0.8462978424 0.1323261198 -1.020656292 -0.8063625598 0.2142937317 0.2765754875 0.06761621797 0.108353508 nan nan
11 103221 457 457 0 -0.8554818577 0.03153364654 -0.9224154263 -0.8135238223 0.108891604 -0.9674652361 -0.8067424946 0.1607227415 -0.6054603521 0.06471529143 0.09072662283 nan nan
12 171756 595 595 0 -0.8574761345 0.05288218882 -0.9746885965 -0.8178153238 0.1568732727 -1.020582924 -0.8067458812 0.2138370426 -0.7761344906 0.1061953478 0.1520896751 nan nan
13 149609 26298 26298 0 -0.8705733256 0.0237870276 -0.9217903467 -0.8415094238 0.08028092286 -0.9715083996 -0.8087495535 0.1627588461 -0.781486002 0.08353982682 0.1332578797 nan nan
14 28726 134 134 0 -0.1912223008 0.1867039256 -0.8360398144 -0.1071050382 0.7289347762 -0.9840399596 -0.04492689433 0.9391130653 -3.155674156 0.6360051192 0.7840052644 nan nan
15 50594 6466 6466 0 -0.1731513623 0.06594855903 -0.2152351328 -0.1319145685 0.08332056427 -0.8369784331 -0.1248024561 0.7121759769 -8.088474768 0.04549203495 0.6672353352 nan nan
16 38705 1511 1511 0 -0.9135214046 0.04361365835 -0.9765345815 -0.8488454345 0.127689147 -1.020384954 -0.8064411635 0.2139437904 0.33010294 0.07119505786 0.1130334329 nan nan
17 170313 20200 20200 0 -0.09574267919 0.02739260722 -0.1540419682 -0.06671064433 0.08733132385 -0.1958973255 -0.05885393284 0.1370433927 -0.8990328525 0.07628623265 0.11814159 nan nan
18 133457 3360 3360 0 -0.8719237105 0.05344417895 -0.973741848 -0.81038575 0.163356098 -1.019546536 -0.8067544424 0.2127920935 -0.3905913725 0.08866255165 0.1208423822 nan nan
19 208654 3475 3475 0 -0.8433009132 0.02830858667 -0.9180927095 -0.8245404392 0.09355227024 -1.020820046 -0.8081579121 0.2126621338 -2.246810282 0.07435194263 0.1770792791 nan nan
20 33137 998 998 0 -0.1533641741 0.114848626 -0.2250505515 -0.0464265814 0.1786239701 -0.9434475411 -0.04398107964 0.8994664615 -4.218592431 0.1446818468 0.7532596527 nan nan
21 15889 12009 12009 0 -0.9648665302 0.0329812725 -1.002243078 -0.9020319541 0.1002111239 -1.008564402 -0.8911740448 0.1173903569 0.3686530887 0.05453313404 0.06539104336 nan nan
22 100032 2776 2776 0 -0.9102123225 0.03895568715 -0.9769052462 -0.8483873875 0.1285178588 -0.9819994091 -0.8085486977 0.1734507113 -0.01184048545 0.07107626466 0.1109149544 nan nan
23 154799 119 119 0 -0.2122682204 0.3326477164 -0.9595375801 -0.115571007 0.8439665731 -0.9769988255 -0.04671985241 0.9302789731 -0.6926413591 0.7472610535 0.7647222989 nan nan
24 175498 2817 2817 0 -0.825630019 0.02119841874 -0.8603858791 -0.8077745274 0.05261135166 -0.9841565378 -0.8071892914 0.1769672464 -2.346452481 0.05092800714 0.1746986659 nan nan
25 120681 4030 4030 0 -0.168940916 0.07945736689 -0.2108129375 -0.1132612197 0.09755171772 -0.8469894842 -0.06269689419 0.78429259 -6.55740019 0.06336359743 0.670978461 nan nan
26 119604 15567 15567 0 -0.9430115048 0.02299334104 -0.9697017178 -0.8971434554 0.07255826239 -0.9750473145 -0.8510394547 0.1240078597 0.4701828123 0.03906369715 0.08302791285 nan nan
27 86919 1975 1975 0 -0.1416619938 0.1212770812 -0.2139890269 -0.1208000618 0.09318896509 -0.8391354673 -0.1182603225 0.7208751447 -5.017207195 0.08335225463 0.708498695 nan nan
28 159766 895 895 0 -0.1888369802 0.04852541731 -0.2557993172 -0.114449511 0.1413498062 -0.2583674984 -0.04380055914 0.2145669393 0.3738054386 0.09201964283 0.1626685947 nan nan
29 80822 6642 6642 0 -0.2180851374 0.01592631194 -0.2321772098 -0.1825228819 0.04965432791 -0.2580287886 -0.1323541814 0.1256746073 1.406253644 0.0384747579 0.08864345846 nan nan
30 79949 388 388 0 -0.8337161671 0.1144617548 -0.966360988 -0.8110461863 0.1553148017 -1.017761335 -0.1167188357 0.9010424997 4.611900111 0.1410263119 0.7152977921 nan nan
31 173781 13960 13960 0 -0.9230109182 0.01980390352 -0.9520647876 -0.8910839655 0.06098082205 -1.010504219 -0.8503133897 0.1601908292 0.04519502615 0.03358259513 0.09133987284 nan nan
32 30556 19 19 0 -0.2450692753 0.3686554833 -0.9797511724 -0.06517782928 0.9145733432 -1.020440955 -0.05015293497 0.9702880201 -0.3230576843 0.7707233123 0.8114130948 nan nan
33 36819 126 126 0 -0.8523362844 0.1564167617 -0.9754208847 -0.3965059343 0.5789149504 -1.019495257 -0.2218674128 0.7976278443 3.022312992 0.4767512371 0.6092579028 nan nan
34 14609 958 958 0 -0.8195488075 0.2347694012 -0.8737696896 -0.1187004791 0.7550692105 -0.9766414134 -0.04389160369 0.9327498097 2.185252772 0.7015511259 0.7763600013 nan nan
35 203087 3262 3262 0 -0.1689366664 0.08526870418 -0.2118254214 -0.1104224821 0.1014029393 -1.019554213 -0.05008364352 0.9694705697 -7.06382945 0.06469514919 0.8453049395 nan nan
36 21211 5233 5233 0 -0.1861972384 0.08730892572 -0.2187398384 -0.1496460109 0.06909382751 -0.8370536649 -0.1416671724 0.6953864925 -6.59452653 0.0440159987 0.6454790853 nan nan
37 76930 4765 4765 0 -0.878198847 0.02444096954 -0.9288619575 -0.8504857957 0.07837616182 -0.9713917668 -0.8235430112 0.1478487556 -0.8056089313 0.04248410216 0.08255921306 nan nan
38 36840 75 75 0 -0.1736383083 0.1389645298 -0.2225217415 -0.1154561984 0.1070655432 -0.882756198 -0.0600863321 0.8226698659 -4.284707642 0.1123123566 0.6770841058 nan nan
39 33028 1561 1561 0 -0.2447082522 0.02044355678 -0.256438828 -0.2004906064 0.0559482216 -0.2574162916 -0.123869064 0.1335472276 2.384933803 0.04176739453 0.118388937 nan nan
40 22279 742 742 0 -0.8276560348 0.05567606887 -0.8818986207 -0.8122337995 0.06966482121 -1.020173947 -0.04477593561 0.975398011 10.22898305 0.05673849876 0.7807535866 nan nan

K=41, phase=forward, parameter=e [-]
cluster representative_source n_cluster n_valid n_missing median std p05 p95 width90 minimum maximum range skewness error95 error_max angle_origin_deg angle_resultant
0 94651 24762 24762 0 0.6280911249 0.07649715115 0.5249876583 0.7631727598 0.2381851015 0.494597556 0.784138242 0.289540686 0.217949116 0.1312240511 0.1616141535 nan nan
1 18323 3 3 0 0.490918675 0.1318585966 0.3716430864 0.6608554518 0.2892123654 0.3583902432 0.6797373159 0.3213470727 0.5157834327 0.3024652086 0.3213470727 nan nan
2 47219 635 635 0 0.5445114406 0.1041403615 0.3720947783 0.7213638774 0.3492690991 0.1702037848 0.8029346747 0.6327308899 -0.1189006712 0.2073554723 0.3447491282 nan nan
3 49068 4837 4837 0 0.4795150738 0.04221388477 0.3957330107 0.5238395792 0.1281065685 0.3738368212 0.5294155266 0.1555787054 -0.4582413843 0.07812247776 0.1000186672 nan nan
4 164816 2490 2490 0 0.2681016817 0.09205794566 0.1852826438 0.5010042288 0.315721585 0.1710855758 0.5729437429 0.4018581671 1.02882617 0.1718529832 0.2234778883 nan nan
5 55906 7148 7148 0 0.4213770225 0.02720256518 0.3860821589 0.474911269 0.08882911012 0.3573783224 0.5386737053 0.1812953829 0.4872412056 0.06182420181 0.1255866381 nan nan
6 153596 2200 2200 0 0.4197859043 0.05564761317 0.3559623489 0.5214013554 0.1654390066 0.3534727016 0.5633284053 0.2098557037 0.3378347245 0.1124154463 0.1543424961 nan nan
7 149947 3463 3463 0 0.5996629366 0.08974248286 0.5040218952 0.745624122 0.2416022268 0.2062286491 0.7514951974 0.5452665482 -0.07057388392 0.147194452 0.3934342875 nan nan
8 8686 2980 2980 0 0.3496817315 0.03030425048 0.3099467214 0.3849353403 0.07498861882 0.2961950764 0.5154629321 0.2192678558 1.692990608 0.04358878444 0.1733522696 nan nan
9 36956 3046 3046 0 0.6166548981 0.1155485724 0.4766289847 0.8580633295 0.3814343448 0.1942188516 0.8942666422 0.7000477906 0.3780532058 0.209206168 0.4698134716 nan nan
10 627 1081 1081 0 0.4240272976 0.08659197219 0.2783603628 0.5135884449 0.2352280821 0.1685723685 0.5727162374 0.4041438689 -0.5550560093 0.1310765842 0.2391923226 nan nan
11 103221 457 457 0 0.2985956654 0.06683846232 0.1904751977 0.4244981673 0.2340229696 0.1698731259 0.4970718704 0.3271987445 0.178450378 0.1523258326 0.1725524202 nan nan
12 171756 595 595 0 0.3028948151 0.1021690851 0.2056364014 0.5077797291 0.3021433278 0.1700666531 0.5726195203 0.4025528672 0.5383801196 0.1809581528 0.2457979439 nan nan
13 149609 26298 26298 0 0.3305531801 0.04647562486 0.2670898627 0.4243881049 0.1572982422 0.1759690755 0.503102651 0.3271335755 0.5016775998 0.1651718333 0.2438863794 nan nan
14 28726 134 134 0 0.5382577814 0.1321912977 0.3565108906 0.7442039537 0.3876930631 0.1749042742 0.8929479705 0.7180436963 0.01515663919 0.236209994 0.3776043562 nan nan
15 50594 6466 6466 0 0.5829016239 0.07454494026 0.4754074859 0.6841970784 0.2087895925 0.1870894911 0.7014729021 0.514383411 -0.9166825518 0.1159771588 0.4042951535 nan nan
16 38705 1511 1511 0 0.4098392963 0.08067205864 0.2837627657 0.510511264 0.2267484983 0.1689234382 0.5723421521 0.4034187139 -0.7597576824 0.1369811441 0.251185475 nan nan
17 170313 20200 20200 0 0.7715700421 0.06624548344 0.6300014389 0.8410081624 0.2110067235 0.5250959763 0.8597500074 0.3346540311 -0.9317146336 0.1846342359 0.2895396985 nan nan
18 133457 3360 3360 0 0.3328016156 0.1040448507 0.1823682053 0.5064149355 0.3240467302 0.1700181651 0.5711940404 0.4011758753 0.1650961213 0.2014016954 0.2137517355 nan nan
19 208654 3475 3475 0 0.2719137988 0.0564800329 0.2253382636 0.4183755836 0.19303732 0.1746764944 0.5729557573 0.3982792629 1.703826493 0.1452976893 0.2998778629 nan nan
20 33137 998 998 0 0.6320638896 0.1556525483 0.4523519006 0.8893938907 0.4370419901 0.2178510741 0.8952125964 0.6773615223 0.1137806252 0.3491292537 0.3549479594 nan nan
21 15889 12009 12009 0 0.4927558524 0.05192629885 0.3891973064 0.5474114598 0.1582141534 0.3693317405 0.5562090262 0.1868772856 -0.4571754792 0.09074591341 0.1106114792 nan nan
22 100032 2776 2776 0 0.4045973698 0.06939790067 0.2829240852 0.5109741756 0.2280500904 0.1768984382 0.5185090086 0.3416105704 -0.2261500114 0.1371098528 0.2431354998 nan nan
23 154799 119 119 0 0.4937768616 0.1608011597 0.2281175563 0.7238154278 0.4956978715 0.1698141831 0.8887012719 0.7188870888 -0.04315352043 0.2682110495 0.404824026 nan nan
24 175498 2817 2817 0 0.2282209705 0.05043499791 0.173366193 0.3100969971 0.136730804 0.1714017878 0.5212219376 0.3498201498 1.264965279 0.1303567068 0.3414816473 nan nan
25 120681 4030 4030 0 0.5935641431 0.09441357154 0.4875935241 0.729379361 0.2417858369 0.1713813095 0.8506606351 0.6792793256 -0.445832064 0.1549290697 0.4045787158 nan nan
26 119604 15567 15567 0 0.4589993732 0.03776575007 0.3811058119 0.5003596915 0.1192538796 0.2898717759 0.5083076615 0.2184358855 -0.5599871496 0.06354557383 0.1546787422 nan nan
27 86919 1975 1975 0 0.6605849601 0.0954935455 0.4782031819 0.7111448247 0.2329416428 0.169493203 0.7173034092 0.5478102063 -3.02403568 0.2091799644 0.5178899433 nan nan
28 159766 895 895 0 0.5437293304 0.122746601 0.3637147248 0.7265033933 0.3627886685 0.3562089582 0.8956399398 0.5394309816 0.260344626 0.2278150188 0.3969515653 nan nan
29 80822 6642 6642 0 0.4684604742 0.04127427538 0.4305750503 0.5595712473 0.128996197 0.3572200901 0.6832326819 0.3260125917 1.286463964 0.09984466642 0.222183592 nan nan
30 79949 388 388 0 0.2524537883 0.1050444393 0.2014481014 0.5014222129 0.2999741115 0.1697123633 0.7210519795 0.5513396162 1.001767127 0.257023841 0.4766536076 nan nan
31 173781 13960 13960 0 0.4264732139 0.03349664147 0.3701029862 0.4734421028 0.1033391166 0.2882582101 0.5587434252 0.2704852151 -0.1501573352 0.05646372112 0.1388187232 nan nan
32 30556 19 19 0 0.4705035457 0.1726004782 0.2499845159 0.8447480883 0.5947635724 0.2473577244 0.8805307354 0.633173011 0.8460037775 0.3526478116 0.3884304586 nan nan
33 36819 126 126 0 0.347153322 0.1107819147 0.2066525064 0.5088944081 0.3022419017 0.1860069399 0.5711935452 0.3851866053 0.2963453777 0.2667364135 0.3290355505 nan nan
34 14609 958 958 0 0.2234002854 0.1652145597 0.188546077 0.7162238146 0.5276777376 0.1722257304 0.8954250633 0.7231993329 2.272530082 0.5036487918 0.6828500405 nan nan
35 203087 3262 3262 0 0.5935070431 0.09518005104 0.486010574 0.736236717 0.250226143 0.1707323136 0.8806958367 0.7099635231 -0.209008816 0.1579732124 0.4096600725 nan nan
36 21211 5233 5233 0 0.5500151134 0.0703943694 0.4659043778 0.6408966251 0.1749922473 0.1690605644 0.6604308114 0.491370247 -1.77010135 0.109700127 0.367255728 nan nan
37 76930 4765 4765 0 0.3450971577 0.04607489446 0.2872609223 0.4361707744 0.1489098521 0.2226371844 0.5029569112 0.2803197268 0.5997115973 0.0835343275 0.1427821229 nan nan
38 36840 75 75 0 0.5818549461 0.1078265115 0.4562725169 0.7240824855 0.2678099685 0.2153038587 0.8568787149 0.6415748562 -0.502322329 0.2231829215 0.3556661391 nan nan
39 33028 1561 1561 0 0.3956749544 0.05461846422 0.3618921619 0.5139919899 0.152099828 0.3590706997 0.7042509992 0.3451802995 2.191345398 0.1105585941 0.3008176034 nan nan
40 22279 742 742 0 0.2328981744 0.06821986847 0.1885797512 0.3539342452 0.1653544941 0.1697682665 0.8933250748 0.7235568083 4.143113153 0.1265945933 0.6659854228 nan nan

K=41, phase=forward, parameter=w [deg]
cluster representative_source n_cluster n_valid n_missing median std p05 p95 width90 minimum maximum range skewness error95 error_max angle_origin_deg angle_resultant
0 94651 24762 24762 0 -3.198270733 18.18361228 -22.44403563 34.01324332 56.45727894 -23.53153189 68.44524937 91.97678126 0.730700379 47.10927812 81.54128418 174.407976 0.950839406
1 18323 3 3 0 17.47436192 58.6920137 -80.49148636 41.69076968 122.182256 -91.37658061 44.38148165 135.7580623 -1.463046384 133.0673503 135.7580623 220.0108864 0.5481755456
2 47219 635 635 0 -1.797069348 26.88781192 -31.48712716 40.96879302 72.45592018 -163.7364781 169.9077498 333.6442279 0.2158778031 55.9865092 178.2295456 317.8249721 0.9077287252
3 49068 4837 4837 0 -0.7536044753 13.39203406 -19.12033537 24.72927081 43.84960618 -21.81293268 38.3796009 60.19253358 0.4452527439 30.09519193 43.74552203 313.3794188 0.9729961358
4 164816 2490 2490 0 -2.043665907 29.3579194 -38.45029083 51.84644785 90.29673868 -43.19170311 103.2679712 146.4596743 0.4882417303 53.1070441 104.5285674 72.06054195 0.8756847281
5 55906 7148 7148 0 -2.107216511 18.49538449 -25.30785503 30.99917604 56.30703107 -29.74105445 81.74837006 111.4894245 0.6099834071 30.4743806 79.91873536 193.1880134 0.9493142071
6 153596 2200 2200 0 -4.114787755 26.1688829 -32.43567127 51.97038449 84.40605576 -37.17211296 89.86789783 127.0400108 0.7532785704 68.69879941 106.5963127 234.3919595 0.9007919674
7 149947 3463 3463 0 -3.2215662 24.72402258 -30.69763811 44.17806012 74.87569823 -178.6023417 164.1152234 342.7175651 0.5781644233 56.92345666 176.7172156 240.4056323 0.9167244208
8 8686 2980 2980 0 -1.681740401 6.058146883 -3.975930169 5.75722285 9.733153019 -4.127564727 57.98694671 62.11451143 4.310057946 9.186079579 61.41580344 293.5370569 0.9945526445
9 36956 3046 3046 0 -1.690870546 17.22991293 -19.63933686 27.00436412 46.64370097 -43.17616845 175.3397049 218.5158733 2.178678907 29.07909944 174.6577493 247.9367084 0.9602066674
10 627 1081 1081 0 5.272473589 23.31643298 -41.29051343 31.57592353 72.86643695 -62.48682032 85.91140643 148.3982267 -0.2650239554 50.0176417 78.80439578 36.61658205 0.9203007748
11 103221 457 457 0 -1.441845061 21.18254155 -28.47313182 37.31769842 65.79083024 -33.13166534 62.19365843 95.32532376 0.4724344052 41.51053683 66.38649684 74.70974394 0.9334666237
12 171756 595 595 0 -1.561398943 33.42128531 -50.67871946 54.45951546 105.1382349 -67.31331833 96.04319893 163.3565173 0.1172024714 62.04493891 103.6286224 217.3246541 0.8404092408
13 149609 26298 26298 0 -2.446274435 16.54364383 -20.50450111 30.92555846 51.43005956 -23.34726926 96.87289677 120.220166 1.168783604 30.15472134 96.10205965 14.86531163 0.9597546202
14 28726 134 134 0 -0.09111479859 46.12439139 -123.1270373 41.46169362 164.588731 -164.4681392 161.0200512 325.4881904 -1.477055642 139.6476481 168.5004412 42.49509749 0.7884599443
15 50594 6466 6466 0 -3.098546297 19.05159555 -10.79047537 25.15281658 35.94329195 -179.7675242 179.7380074 359.5055317 2.95252044 33.18697005 179.8837618 173.2336706 0.9659315222
16 38705 1511 1511 0 -4.238993681 21.22898545 -35.46830798 39.16531448 74.63362246 -68.13108701 69.57711885 137.7082059 0.2879133383 47.95853824 77.14753914 50.22523317 0.9342441505
17 170313 20200 20200 0 -2.940077261 15.78377498 -19.27004013 30.24641297 49.5164531 -21.41646942 70.08246077 91.4989302 0.9422787675 40.44004873 80.27609653 172.6896142 0.9629200118
18 133457 3360 3360 0 2.080889633 27.99806636 -51.60652238 42.05024709 93.65676947 -63.37308403 76.68519378 140.0582778 -0.2418293961 51.61343287 83.90697717 124.073434 0.8866553358
19 208654 3475 3475 0 -2.293893431 14.5185534 -16.67812501 27.6187076 44.29683262 -23.99103166 92.99360241 116.9846341 1.431037165 40.37281629 105.7477111 53.31146247 0.9690332617
20 33137 998 998 0 -3.445023545 26.76235375 -24.86772006 34.87572344 59.7434435 -47.83773298 170.4426694 218.2804024 3.482631704 44.74273647 179.6903176 299.1635046 0.923353809
21 15889 12009 12009 0 -0.5042184817 6.784508728 -10.04757562 11.77604162 21.82361724 -11.77057876 21.50741886 33.27799762 0.3468480922 16.50634857 26.23772581 301.6118676 0.9930089951
22 100032 2776 2776 0 -3.788996945 15.88152688 -20.23814916 30.82313919 51.06128835 -23.37846685 50.23627453 73.61474138 0.7211538422 27.1665562 46.11553011 338.1565397 0.9622532304
23 154799 119 119 0 -3.547737799 89.98307747 -132.1831179 168.064349 300.247467 -179.5395469 174.8848541 354.424401 0.1054331929 174.5845325 179.5260067 172.7771444 0.2681619448
24 175498 2817 2817 0 -3.436210653 16.7258219 -17.52917942 30.06833937 47.59751879 -18.80218955 98.57887815 117.3810677 1.849617044 33.33885269 101.8493915 17.26776755 0.9598699118
25 120681 4030 4030 0 -4.501859422 23.60219053 -20.68736104 38.7584247 59.44578573 -146.2604269 162.141798 308.4022249 2.478748365 57.09472899 179.6677493 286.409305 0.930590957
26 119604 15567 15567 0 -3.089962543 15.98681485 -18.47272948 31.61200239 50.08473187 -20.19692884 71.67135113 91.86827997 1.154651424 42.57905041 82.63839915 11.06670541 0.9621672946
27 86919 1975 1975 0 -3.623689739 33.9764984 -22.45351486 42.20217907 64.65569392 -179.5162746 179.8701979 359.3864725 2.032258616 46.9689125 179.9106072 205.3979375 0.8897627132
28 159766 895 895 0 -1.671908856 26.45290762 -47.71783341 46.3155661 94.03339951 -70.27487783 84.24083487 154.5157127 0.1559911579 55.27002959 91.19527048 40.47633323 0.8994341365
29 80822 6642 6642 0 -1.772276975 19.79463306 -27.3954249 35.12586807 62.52129297 -32.41241005 90.26230106 122.6747111 0.6236186896 35.23219292 85.16270107 201.3025766 0.9421815967
30 79949 388 388 0 -1.858210429 29.95493771 -34.23061396 36.97789781 71.20851176 -173.9442792 65.36212192 239.3064011 -2.944177367 51.36130064 171.2902498 154.1390831 0.907952482
31 173781 13960 13960 0 -4.046585673 15.80900176 -15.64208002 26.96783193 42.60991195 -16.03775582 103.5943173 119.6320731 1.731411756 35.80176037 112.4282457 6.524850209 0.9638752421
32 30556 19 19 0 -0.03944279106 84.99533302 -141.0024696 74.6621273 215.6645969 -156.7278919 107.2693359 263.9972278 -0.2035026762 177.3740671 179.5622049 117.9310497 0.1808014768
33 36819 126 126 0 0.2216262845 42.08055567 -53.53357532 110.5191748 164.0527501 -63.75380855 165.9857446 229.7395532 1.726317921 128.5113979 176.0220322 244.3556771 0.8073402081
34 14609 958 958 0 -6.759704493 48.08975843 -32.32416346 128.2059053 160.5300687 -179.5782896 178.7640408 358.3423303 1.665221809 143.2725338 177.0901675 169.1568381 0.7576930309
35 203087 3262 3262 0 -4.032629382 29.62478223 -30.40899892 51.621754 82.03075293 -179.5718399 176.8728372 356.4446771 -0.1143968748 60.86692618 179.8053903 302.3997183 0.8922929203
36 21211 5233 5233 0 -5.758293336 28.74914308 -18.46175248 43.07634155 61.53809403 -179.4135262 179.9130014 359.3265276 2.602708731 45.69605249 179.5106876 181.863538 0.9148768948
37 76930 4765 4765 0 -2.994784201 13.55045984 -15.67536164 29.11323513 44.78859677 -17.27292344 54.257859 71.53078244 1.054348253 32.20103889 57.34566276 307.5565587 0.9725276042
38 36840 75 75 0 -0.9993113001 36.60711485 -51.31472515 37.27664165 88.59136679 -165.9427296 59.51043263 225.4531622 -2.410603015 61.49884397 176.1268484 75.66720352 0.860218869
39 33028 1561 1561 0 -5.023757415 24.55787321 -28.97924435 50.48651241 79.46575676 -30.86058872 80.67776464 111.5383534 0.8890645582 46.37416838 76.56542061 211.7751398 0.9124257184
40 22279 742 742 0 -2.068753277 17.97073223 -21.62858269 29.48913091 51.1177136 -48.12882396 156.4635855 204.5924095 3.445414604 36.70767366 162.3891828 157.7459538 0.959208267

K=45, STD=0.01164591482
n = trajectories per cluster; conditions overlap.
n = 1: clusters=0/45 (0.00%); trajectories=0/194058 (0.00%)
n < 10: clusters=1/45 (2.22%); trajectories=3/194058 (0.00%)
n < 100: clusters=3/45 (6.67%); trajectories=101/194058 (0.05%)

K=45, phase=backward, parameter=eps [km^2/s^2]
cluster representative_source n_cluster n_valid n_missing median std p05 p95 width90 minimum maximum range skewness error95 error_max angle_origin_deg angle_resultant
0 96248 24772 24772 0 -0.09842230894 0.02312997848 -0.1468723419 -0.06740221785 0.079470124 -0.1786091601 -0.05881779331 0.1197913668 -0.7428092716 0.06410581787 0.09584263608 nan nan
1 18323 3 3 0 -0.9166889312 0.08195725275 -1.007571014 -0.8268939994 0.1806770147 -1.017669023 -0.8169167848 0.2007522386 -0.01805089286 0.1906542294 0.2007522386 nan nan
2 47219 635 635 0 -0.9534411134 0.02702123426 -0.9763162685 -0.9153400405 0.060976228 -1.020836128 -0.8306298735 0.1902062549 1.211137169 0.04536688779 0.1259428238 nan nan
3 49068 4837 4837 0 -0.9794128574 0.01267880674 -0.9930670204 -0.9532141028 0.03985291758 -0.9963991166 -0.9281148789 0.06828423769 0.7949786058 0.03136534231 0.05646456616 nan nan
4 153922 2482 2482 0 -0.1821679915 0.03374172939 -0.2140458172 -0.1173385117 0.09670730551 -0.241818408 -0.07131109248 0.1705073155 0.3904042934 0.06570705039 0.1117344696 nan nan
5 55906 7148 7148 0 -0.8698051299 0.0195634363 -0.9001849173 -0.8377685745 0.06241634282 -0.9170556707 -0.8307370134 0.08631865729 0.0430675504 0.03980244965 0.04683401072 nan nan
6 90596 1053 1053 0 -0.06099121116 0.02521812095 -0.1242195904 -0.04526274501 0.07895684538 -0.15590669 -0.04391779137 0.1119888986 -1.300016754 0.07605708532 0.1077441849 nan nan
7 147571 3536 3536 0 -0.2240091695 0.02666875368 -0.2583520897 -0.1805781039 0.07777398578 -0.2593276385 -0.1554722219 0.1038554166 0.2086612001 0.05384301574 0.07894889777 nan nan
8 8686 2980 2980 0 -0.9230219766 0.02510549083 -0.959513099 -0.8808281719 0.07868492716 -0.9699743336 -0.8508318587 0.1191424749 0.1245503063 0.04288252133 0.07195535759 nan nan
9 36956 3049 3049 0 -0.842378691 0.01897086326 -0.8907650294 -0.8281946958 0.06257033359 -0.9300604102 -0.8091804744 0.1208799358 -1.480783147 0.04923461088 0.08852999164 nan nan
10 34995 682 682 0 -0.9083913754 0.0415863355 -0.9762520048 -0.8479215943 0.1283304106 -1.020599717 -0.8293731532 0.1912265642 -0.07442651403 0.06970427551 0.1136981082 nan nan
11 36842 152 152 0 -0.9227835423 0.03741808786 -0.9765667704 -0.859981118 0.1165856524 -1.020754723 -0.8457974606 0.1749572626 0.1103054922 0.06175573518 0.1005860138 nan nan
12 154799 117 117 0 -0.1825180188 0.04696912952 -0.2501443165 -0.1120244057 0.1381199109 -0.2568940612 -0.04383479669 0.2130592645 0.2200751711 0.07417787806 0.1386832221 nan nan
13 160486 2573 2573 0 -0.2413711384 0.01373691125 -0.2572007588 -0.2136417391 0.04355901974 -0.2582250091 -0.2002373017 0.05798770745 0.4859490097 0.02696095226 0.04036538972 nan nan
14 28726 134 134 0 -0.8283744869 0.02849121186 -0.8677114693 -0.813066566 0.05464490332 -1.002368343 -0.8068393667 0.195528976 -4.145016702 0.04084966399 0.1755065374 nan nan
15 50594 6477 6477 0 -0.9286273594 0.01792306289 -0.9587243324 -0.9022121881 0.0565121443 -0.9621851412 -0.8976239548 0.06456118645 -0.09721670676 0.0309091545 0.03436996334 nan nan
16 33705 575 575 0 -0.8192563885 0.01939019186 -0.8696287216 -0.8066535835 0.06297513814 -0.8872465342 -0.8063623697 0.08088416447 -1.269042098 0.0500165923 0.06763440486 nan nan
17 170313 20082 20082 0 -0.1616625005 0.02328067128 -0.1964502886 -0.1213648789 0.07508540966 -0.203937617 -0.1081074022 0.09583021483 0.1464524866 0.04819807978 0.06145555649 nan nan
18 115049 3885 3885 0 -0.1325522063 0.02101589684 -0.1717707018 -0.1102528118 0.06151789001 -0.1797376577 -0.04380722131 0.1359304364 -0.1957966552 0.05369057758 0.07458537944 nan nan
19 173781 13959 13959 0 -0.2191380912 0.01199554947 -0.2331643891 -0.193229485 0.03993490402 -0.2432254336 -0.1747129763 0.06851245732 0.7958348592 0.02972568177 0.04824219049 nan nan
20 33137 1000 1000 0 -0.855860308 0.02864605087 -0.9081762173 -0.8216041935 0.08657202382 -0.9182613159 -0.8068788425 0.1113824734 -0.2578431281 0.06092078358 0.07564613457 nan nan
21 15889 12009 12009 0 -0.8908769874 0.02862545412 -0.9464306012 -0.8548510297 0.09157957142 -0.9620982855 -0.8455281707 0.1165701148 -0.3857667699 0.05281888657 0.06848657085 nan nan
22 100814 2690 2690 0 -0.9167432813 0.03492353411 -0.9603584488 -0.8513012444 0.1090572044 -0.9716903857 -0.8341808548 0.1375095309 0.3323648448 0.05856340797 0.0729168869 nan nan
23 164532 437 437 0 -0.2456138617 0.01496207643 -0.2582475171 -0.2150827159 0.04316480122 -0.2595672675 -0.1950068654 0.06456040205 0.7656091906 0.02864146155 0.04871731195 nan nan
24 175498 2816 2816 0 -0.2498239754 0.01047472848 -0.2564319712 -0.2283197507 0.02811222046 -0.2572678876 -0.1846891134 0.07257877429 1.774995141 0.01742004343 0.06105068083 nan nan
25 153596 2199 2199 0 -0.1643438646 0.03471995052 -0.2044817455 -0.106560978 0.09792076749 -0.2299576379 -0.104628734 0.1253289039 0.1958090547 0.06017909298 0.06327770591 nan nan
26 208835 3407 3407 0 -0.1620807107 0.03372017498 -0.2120240147 -0.1027633169 0.1092606978 -0.2203894656 -0.06934862161 0.1510408439 0.2046284826 0.05857419388 0.08816555602 nan nan
27 86919 1980 1980 0 -0.9660742666 0.01134062951 -0.9741072059 -0.937727093 0.03638011296 -1.018791062 -0.9079699057 0.1108211566 1.999032652 0.03238504871 0.06165360099 nan nan
28 156534 394 394 0 -0.1737239244 0.041167953 -0.2246767399 -0.1068948224 0.1177819176 -0.2582562534 -0.04387907749 0.2143771759 0.2384165872 0.07027449425 0.1293162316 nan nan
29 80822 6644 6644 0 -0.9341833147 0.01785109946 -0.9580510688 -0.903633831 0.05441723773 -1.020739299 -0.8445990068 0.1761402922 0.4433637038 0.0313602755 0.09290568444 nan nan
30 65633 329 329 0 -0.8573129951 0.02355209413 -0.8843132722 -0.8193770287 0.06493624351 -0.9018884827 -0.8098334714 0.09205501125 0.1912838491 0.04482477559 0.05436833285 nan nan
31 149609 26214 26214 0 -0.2186970118 0.02864609838 -0.2459916944 -0.1568585402 0.0891331542 -0.2503484518 -0.1268813095 0.1234671424 0.6782569209 0.06558414513 0.09556137589 nan nan
32 30556 19 19 0 -0.8343821657 0.05618286179 -0.9726501129 -0.8175364672 0.1551136457 -0.977039865 -0.8143434398 0.1626964252 -0.8595585615 0.1382679472 0.1426576993 nan nan
33 35895 116 116 0 -0.874241423 0.04749357349 -0.9651598668 -0.8256571234 0.1395027434 -1.017355824 -0.8170902979 0.2002655262 -0.6772250478 0.07402952465 0.1240626146 nan nan
34 12157 870 870 0 -0.8149765951 0.004480160125 -0.8229484615 -0.8077779555 0.01517050597 -0.8336168262 -0.8062084723 0.02740835392 -0.2625032717 0.00838565312 0.01820172337 nan nan
35 202055 3121 3121 0 -0.199948483 0.01205318307 -0.2109791333 -0.1760693475 0.03490978589 -0.2436661117 -0.1383691119 0.1052969998 0.6515412538 0.03001935969 0.0675888334 nan nan
36 21211 5243 5243 0 -0.8689999585 0.01696636079 -0.8957359512 -0.8420984535 0.05363749771 -0.9042881153 -0.8360870524 0.06820106289 0.005849020538 0.05229219683 0.0608443609 nan nan
37 76930 4756 4756 0 -0.9908763299 0.01223158496 -1.005283807 -0.9667084288 0.03857537864 -1.008654727 -0.9620409644 0.04661376268 0.3758013556 0.03224158569 0.03690905007 nan nan
38 36840 79 79 0 -0.9205435099 0.0463441865 -0.976761523 -0.8465973796 0.1301641435 -1.009825645 -0.8292276191 0.1805980263 0.2261799365 0.07370449176 0.09142621897 nan nan
39 33028 1558 1558 0 -0.8245400834 0.01768034717 -0.8616086243 -0.8077046926 0.0539039317 -0.8945984247 -0.8068572751 0.08774114964 -0.7743012118 0.03938544495 0.07237524537 nan nan
40 22717 761 761 0 -0.8279116687 0.01887809394 -0.8336219798 -0.8236821533 0.009939826534 -1.003056356 -0.8217358295 0.1813205262 -7.240409841 0.005851956273 0.1750109495 nan nan
41 103221 393 393 0 -0.9516814012 0.04473049197 -0.9794440606 -0.8445208414 0.1349232192 -1.020134973 -0.8253323812 0.1948025916 0.9315429614 0.1171099015 0.1362983617 nan nan
42 34318 1446 1446 0 -0.9153553573 0.04184583636 -0.9774545174 -0.8503926211 0.1270618963 -1.020743755 -0.8226048578 0.1981388974 0.05329709083 0.0648682268 0.1055166562 nan nan
43 150382 884 884 0 -0.1698157713 0.03772325365 -0.2125668539 -0.1145400036 0.0980268503 -0.2477566111 -0.04390831563 0.2038482955 0.3488919012 0.06136882441 0.1318982222 nan nan
44 119604 15562 15562 0 -0.1587882022 0.02282320527 -0.198222968 -0.1259632916 0.07225967641 -0.207662361 -0.1186172049 0.08904515608 -0.1607014167 0.04266529626 0.05210468925 nan nan

K=45, phase=backward, parameter=e [-]
cluster representative_source n_cluster n_valid n_missing median std p05 p95 width90 minimum maximum range skewness error95 error_max angle_origin_deg angle_resultant
0 96248 24772 24772 0 0.7651404224 0.05582791348 0.6476178413 0.8393687304 0.1917508891 0.5689293309 0.8598376402 0.2909083092 -0.7707148258 0.1550005028 0.2336890131 nan nan
1 18323 3 3 0 0.4154081001 0.1499463671 0.2242650501 0.5534005145 0.3291354644 0.2030269335 0.568733005 0.3657060716 -0.4768223781 0.3503735811 0.3657060716 nan nan
2 47219 635 635 0 0.4752332963 0.04542224443 0.4131423605 0.5101838856 0.09704152507 0.2404244555 0.5729713754 0.3325469199 -1.875517643 0.07294322735 0.2397951841 nan nan
3 49068 4837 4837 0 0.5146467335 0.0189923729 0.4749459566 0.5344405454 0.0594945888 0.4351727306 0.5391917984 0.1040190678 -0.8567633579 0.04722198628 0.08699521227 nan nan
4 153922 2482 2482 0 0.5604656152 0.08396994956 0.4791589768 0.7195144953 0.2403555184 0.4030483833 0.8301322493 0.427083866 0.3649017615 0.1612212535 0.2718390075 nan nan
5 55906 7148 7148 0 0.3291406883 0.0401511017 0.2582942063 0.3868174367 0.1285232304 0.2404826827 0.4149566623 0.1744739796 -0.1801561467 0.08630727463 0.1041187983 nan nan
6 90596 1053 1053 0 0.8547225352 0.06048348751 0.7028050954 0.892159765 0.1893546696 0.6254295658 0.8953605839 0.2699310182 -1.311436818 0.1824258057 0.2598013354 nan nan
7 147571 3536 3536 0 0.4515809281 0.07115230074 0.3562768612 0.5639865674 0.2077097063 0.3533386986 0.6264576821 0.2731189835 0.1574092705 0.1406027485 0.2030738632 nan nan
8 8686 2980 2980 0 0.4255922473 0.04299305971 0.3495274857 0.4844381889 0.1349107032 0.2881415249 0.5004312289 0.212289704 -0.2242813936 0.07570845458 0.1370944154 nan nan
9 36956 3049 3049 0 0.2697531516 0.04063560868 0.2346910978 0.3698048116 0.1351137138 0.1790067128 0.4383655404 0.2593588277 1.202649612 0.1021057233 0.1706664521 nan nan
10 34995 682 682 0 0.4009932017 0.07365949135 0.2811679427 0.5100759 0.2289079572 0.2346139723 0.572638391 0.3380244187 -0.1082408445 0.1178237632 0.1742594998 nan nan
11 36842 152 152 0 0.4257190324 0.0642944217 0.3082507055 0.5105288647 0.2022781592 0.2768028649 0.5728758046 0.2960729397 -0.3080886306 0.1164028594 0.1515708296 nan nan
12 154799 117 117 0 0.5596326774 0.1181291745 0.3806838148 0.7323107082 0.3516268934 0.3602762196 0.8955575814 0.5352813618 0.1310721067 0.1957940031 0.335924904 nan nan
13 160486 2573 2573 0 0.4050850113 0.03801313189 0.3596969506 0.4804581063 0.1207611557 0.3566637373 0.5156353525 0.1589716153 0.4450854165 0.07406293054 0.1092401768 nan nan
14 28726 134 134 0 0.2350781942 0.05663891787 0.191721033 0.325219723 0.13349869 0.170063584 0.5476911816 0.3776275976 3.381888946 0.09414848244 0.3166199411 nan nan
15 50594 6477 6477 0 0.4356211893 0.02960555169 0.3902154932 0.4836050551 0.09338956191 0.382072802 0.4890036008 0.1069307988 0.036994639 0.05019654388 0.05471197417 nan nan
16 33705 575 575 0 0.2098332463 0.04934934444 0.1696589438 0.3292202164 0.1595612725 0.168591401 0.3634442972 0.1948528961 0.979399923 0.117632062 0.1518561428 nan nan
17 170313 20082 20082 0 0.6118326826 0.05741579969 0.5247395798 0.7099484069 0.1852088271 0.505519094 0.7418535504 0.2363344564 0.1197865685 0.1177297541 0.1496348976 nan nan
18 115049 3885 3885 0 0.6826163951 0.05120893782 0.586545104 0.7366273402 0.1500822361 0.5666517826 0.8956261106 0.3289743281 -0.2141968732 0.1312789612 0.1785796901 nan nan
19 173781 13959 13959 0 0.4655101407 0.0313185194 0.4278036223 0.5322291203 0.104425498 0.3990679859 0.5789026716 0.1798346857 0.7449496923 0.07714990283 0.1238234541 nan nan
20 33137 1000 1000 0 0.299032645 0.06139886885 0.216334333 0.4005757274 0.1842413944 0.170281969 0.4170346165 0.2467526475 0.05023152113 0.1373400289 0.1833923928 nan nan
21 15889 12009 12009 0 0.3690341631 0.05225978793 0.2967558243 0.4641177814 0.1673619571 0.2759808255 0.4886047653 0.2126239398 0.241848357 0.09186421592 0.1145155813 nan nan
22 100814 2690 2690 0 0.4159177857 0.06255850516 0.2897161916 0.4862892284 0.1965730368 0.2504473987 0.5033967836 0.2529493849 -0.4933530887 0.1097042825 0.1489730754 nan nan
23 164532 437 437 0 0.393085671 0.04117724227 0.3565800366 0.475721174 0.1191411375 0.3526417655 0.5274000099 0.1747582444 0.7121639835 0.0780621914 0.1297410273 nan nan
24 175498 2816 2816 0 0.380998909 0.02917402217 0.3619653789 0.4418774595 0.07991208061 0.3594872152 0.5550590695 0.1955718542 1.677323722 0.04970881277 0.1628904227 nan nan
25 153596 2199 2199 0 0.6049579918 0.08560734597 0.504116215 0.745544803 0.241428588 0.4355737086 0.7501700804 0.3145963719 0.1769843843 0.1464570777 0.1636568227 nan nan
26 208835 3407 3407 0 0.6110020118 0.08327113781 0.4844778552 0.754973851 0.2704959958 0.4613377806 0.8348095937 0.3734718131 0.1630666018 0.1479818623 0.2123777218 nan nan
27 86919 1980 1980 0 0.4948678818 0.01765005883 0.4508357827 0.5069042901 0.0560685074 0.4009259596 0.5702470566 0.169321097 -2.157028593 0.05022551797 0.09934577899 nan nan
28 156534 394 394 0 0.581641198 0.1024825543 0.4504374548 0.7447138367 0.2942763819 0.3566079724 0.8954556795 0.5388477071 0.172873051 0.1840995188 0.3124193839 nan nan
29 80822 6644 6644 0 0.445022718 0.02968827395 0.3931639892 0.4826866517 0.08952266248 0.2753767297 0.5728514127 0.297474683 -0.6557630921 0.05084548028 0.159181402 nan nan
30 65633 329 329 0 0.3033801879 0.05345244849 0.2102530251 0.3578243965 0.1475713713 0.1808808282 0.3901875215 0.2093066933 -0.3156856613 0.1077754822 0.1371476791 nan nan
31 149609 26214 26214 0 0.4667500213 0.07419960779 0.3921666432 0.6231256687 0.2309590255 0.3797481417 0.6964939302 0.3167457884 0.6207134438 0.167081919 0.2404501805 nan nan
32 30556 19 19 0 0.2502852061 0.1084994055 0.2047875247 0.5046788148 0.2998912901 0.1950360604 0.5112461709 0.3162101106 0.7433585616 0.2543936087 0.2609609648 nan nan
33 35895 116 116 0 0.3379421642 0.09065653903 0.2273661843 0.49355077 0.2661845857 0.2035461622 0.5683087456 0.3647625834 0.424458367 0.148065423 0.1943892378 nan nan
34 12157 870 870 0 0.1965914054 0.01374764257 0.173288847 0.220220831 0.04693198401 0.168193931 0.2454770032 0.07728307222 0.09438358059 0.02647423062 0.04730338535 nan nan
35 202055 3121 3121 0 0.5156447678 0.0306385939 0.4871067487 0.5756549495 0.08854820077 0.3978301313 0.6691821538 0.2713520226 0.6010873285 0.07580416643 0.168768988 nan nan
36 21211 5243 5243 0 0.3272620887 0.03472988602 0.268333381 0.378489423 0.110156042 0.2538554647 0.3938184558 0.1399629911 -0.1194674923 0.1069074156 0.1222364484 nan nan
37 76930 4756 4756 0 0.5313538547 0.01772884151 0.4957009057 0.5516774395 0.05597653378 0.4882844047 0.5563450703 0.06806066563 -0.4108675397 0.04713806573 0.05455456675 nan nan
38 36840 79 79 0 0.4219425043 0.08185933076 0.278448404 0.5108541715 0.2324057674 0.2366828967 0.5580308942 0.3213479975 -0.4025942669 0.1400847937 0.1816190108 nan nan
39 33028 1558 1558 0 0.224315928 0.04546121815 0.1732545369 0.3123618109 0.139107274 0.1702876292 0.3748351913 0.204547562 0.5100451958 0.09354341308 0.1560167934 nan nan
40 22717 761 761 0 0.2333861018 0.0358223613 0.2222279663 0.2483762585 0.02614829224 0.2169060916 0.5486517184 0.3317456268 6.899300383 0.01554273268 0.3147628944 nan nan
41 103221 393 393 0 0.4725678109 0.07861198023 0.2742133276 0.5147667247 0.2405533971 0.2275051331 0.5719985499 0.3444934168 -1.101440378 0.2140451291 0.2607533236 nan nan
42 34318 1446 1446 0 0.4131634828 0.07341056804 0.2876637199 0.511860039 0.2241963191 0.2165533359 0.5728380059 0.35628467 -0.2166563946 0.1253443629 0.1962880814 nan nan
43 150382 884 884 0 0.5913730534 0.09356949789 0.483018649 0.7262771357 0.2432584867 0.3865429644 0.8953803856 0.5088374212 0.3014022428 0.1501727748 0.3189307891 nan nan
44 119604 15562 15562 0 0.6185402132 0.056497808 0.519639526 0.6986828304 0.1790433044 0.4954111247 0.7164383143 0.2210271896 -0.1838396992 0.1068412948 0.1310696961 nan nan

K=45, phase=backward, parameter=w [deg]
cluster representative_source n_cluster n_valid n_missing median std p05 p95 width90 minimum maximum range skewness error95 error_max angle_origin_deg angle_resultant
0 96248 24772 24772 0 -1.40010141 4.923769432 -5.798222919 10.43691695 16.23513986 -6.804473807 13.95439395 20.75886775 0.9455542759 11.88350506 15.40098206 20.0848896 0.9963143977
1 18323 3 3 0 -1.76804214 7.573281901 -7.603324026 8.861258507 16.46458253 -8.25168868 10.04229191 18.29398059 0.829860646 17.64561594 18.29398059 196.9567494 0.9912834638
2 47219 635 635 0 -2.013799409 6.3434906 -3.687500636 13.96562027 17.6531209 -22.12689295 20.12677146 42.25366441 0.6370842398 17.8230485 23.65529694 195.7624426 0.9939065686
3 49068 4837 4837 0 -1.57339398 5.677185699 -6.59918465 12.14399441 18.74317906 -7.626779452 20.00699328 27.63377274 1.149959541 14.79765946 22.66065833 191.5824189 0.9951064004
4 153922 2482 2482 0 0.2247551989 3.674206483 -6.102754534 7.097789812 13.20054435 -14.14468643 12.23474415 26.37943058 -0.04695106868 9.030275425 15.70919352 24.82839182 0.9979483064
5 55906 7148 7148 0 0.2442452724 4.027978992 -5.396158773 4.432546851 9.828705624 -35.95624089 11.12745342 47.08369431 -4.317905176 8.117143919 38.65211539 207.5191287 0.9975676825
6 90596 1053 1053 0 -3.061878242 5.695708189 -4.586577617 12.106144 16.69272161 -4.760347053 16.09929717 20.85964422 1.147103193 13.52147278 17.51462595 15.37545375 0.9950712138
7 147571 3536 3536 0 1.486165746 4.075411781 -10.20075942 2.876640406 13.07739982 -19.42547105 3.063169274 22.48864032 -2.22209506 12.91698854 22.14170016 33.87599856 0.9974783015
8 8686 2980 2980 0 -0.3171454406 2.892250685 -2.305070942 1.562865194 3.867936136 -2.76301023 28.85789831 31.62090854 5.360824638 2.328954363 29.62398747 182.8884693 0.9987369392
9 36956 3049 3049 0 0.5095612588 5.069275619 -9.683372881 6.835202297 16.51857518 -39.99351778 7.588944805 47.58246259 -1.801892798 8.798334976 38.59857922 212.1081306 0.9961151737
10 34995 682 682 0 0.1872791522 6.600003406 -4.201138704 8.935856639 13.13699534 -24.34581439 23.87701898 48.22283337 -0.5675608561 20.73845412 24.23350451 195.8109633 0.9934313094
11 36842 152 152 0 -0.7528705078 5.168562596 -4.051774951 9.082036536 13.13381149 -23.09357209 22.72862773 45.82219983 0.4192972063 11.94451431 24.64871636 195.9568382 0.9959567356
12 154799 117 117 0 -0.007377493727 4.441342708 -6.215043807 9.1238104 15.33885421 -14.30915137 11.05802736 25.36717873 0.002338882335 9.372459212 15.3609394 25.13236341 0.9970031404
13 160486 2573 2573 0 1.18968829 6.796080931 -10.94496017 7.753882401 18.69884257 -12.77291159 8.137436267 20.91034786 -0.3140998397 18.38588879 20.21384022 28.21987327 0.9929782646
14 28726 134 134 0 1.869325803 9.269829427 -24.08164557 10.55696179 34.63860736 -34.18136852 11.37510699 45.55647551 -2.254997786 26.56681365 36.6665366 208.1069366 0.9871506591
15 50594 6477 6477 0 -0.1082373227 2.830206324 -4.414883674 4.841891518 9.256775192 -7.602166207 14.408548 22.01071421 0.1471935927 5.278485062 14.67922687 198.1664399 0.9987806445
16 33705 575 575 0 6.113814198 13.44043043 -28.61618631 12.07579244 40.69197876 -34.85247553 12.12076432 46.97323985 -1.029685579 36.97806433 43.21435355 208.107854 0.9728378637
17 170313 20082 20082 0 -0.02667835086 2.545327072 -3.917825709 3.418977228 7.336802937 -6.010414864 13.50504167 19.51545653 1.139058259 5.667543521 12.02256939 20.54429921 0.9990145601
18 115049 3885 3885 0 -0.4676110068 2.504626195 -2.099776496 5.315271175 7.415047671 -13.41796445 8.954462977 22.37242743 0.06619332424 7.76305796 11.47774545 24.00563627 0.9990460469
19 173781 13959 13959 0 0.5885392655 2.92233776 -5.768540961 3.407712783 9.176253744 -14.00972215 8.149842963 22.15956511 -0.719071853 7.340602825 15.58178401 28.19419076 0.9987002347
20 33137 1000 1000 0 -0.5286909827 10.02764461 -27.30815337 10.99257821 38.30073158 -28.75951835 20.09556221 48.85508056 -1.147258346 26.0676136 27.51897858 200.2590797 0.9848791024
21 15889 12009 12009 0 -0.3796367629 3.496226689 -5.203920729 6.105257168 11.3091779 -6.339737442 7.793111439 14.13284888 0.2553349916 6.436066848 8.123921119 189.9593559 0.9981394537
22 100814 2690 2690 0 2.136468256 9.470833071 -15.98425248 12.96241255 28.94666503 -16.60134485 13.40547418 30.00681902 -0.3501670079 24.3878656 25.00495796 206.6458197 0.9863931978
23 164532 437 437 0 2.510391668 5.473122874 -11.99162408 4.585221236 16.57684532 -15.63071596 5.203340989 20.83405695 -1.235084678 15.75149872 19.3905906 31.83885536 0.9954494319
24 175498 2816 2816 0 1.22879838 5.609195442 -10.40925661 6.569899697 16.9791563 -14.20366456 6.821453017 21.02511758 -0.5798595427 15.55532824 19.34973619 28.7727832 0.9952161453
25 153596 2199 2199 0 -0.262493207 2.953355506 -3.735493834 6.7358166 10.47131043 -6.254565738 12.90672686 19.1612926 1.684791007 6.563810069 12.45026196 23.56054953 0.9986737186
26 208835 3407 3407 0 -3.582871252 6.957209295 -7.102022636 15.07962618 22.18164882 -8.058864858 17.32128785 25.38015271 0.8753895192 19.94191318 22.18357485 18.75333333 0.9926509545
27 86919 1980 1980 0 -0.959557659 4.807681788 -5.456555131 9.98396601 15.44052114 -23.56692809 15.06089118 38.62781927 0.6058692994 10.20298541 23.71328825 199.0747433 0.9964894231
28 156534 394 394 0 -0.2378414588 4.765900591 -7.422754947 11.17340834 18.59616329 -13.32045298 12.6550608 25.97551378 0.298534728 11.74938174 13.46332541 24.40220173 0.9965504532
29 80822 6644 6644 0 -0.07397111848 4.312064273 -5.417657555 7.027503206 12.44516076 -31.5974656 14.6120714 46.209537 -0.8304508883 8.752841717 32.55937729 204.7356292 0.9971808621
30 65633 329 329 0 3.861870846 9.056191403 -14.26993708 6.394157628 20.66409471 -40.65869045 7.54241271 48.20110316 -2.622050936 19.19171368 45.58046704 212.1554385 0.9877857723
31 149609 26214 26214 0 1.780567776 5.371605588 -9.758512542 6.169543407 15.92805595 -14.1033524 8.97605982 23.07941222 -0.5870018105 16.1953864 20.54022626 27.37479875 0.9956120826
32 30556 19 19 0 3.077289215 7.80927038 -12.11305522 11.55170865 23.66476387 -12.69133731 12.6006276 25.29196491 -0.460114055 16.22279399 16.80107608 205.1623559 0.9907404137
33 35895 116 116 0 -0.5790894647 10.93175806 -26.99784344 16.21313921 43.21098266 -28.56495304 18.52054892 47.08550196 -0.7964803948 24.87457326 26.44168285 200.3043411 0.9820056409
34 12157 870 870 0 2.342203297 8.018133282 -16.2540031 9.398357207 25.65236031 -26.51539648 17.87450949 44.38990597 -0.8740050511 18.16153993 28.42293331 200.582079 0.9902641671
35 202055 3121 3121 0 0.6746151111 3.882936483 -6.355682653 9.293807894 15.64949055 -12.12150612 11.80303248 23.9245386 0.4577353597 12.38841469 14.89763928 24.52584034 0.9977081528
36 21211 5243 5243 0 -0.7385310752 3.765569397 -4.35337435 9.759645071 14.11301942 -8.300199553 10.69282034 18.99301989 1.486132076 11.59337272 12.52654799 203.2944294 0.9978441477
37 76930 4756 4756 0 -0.6589588434 6.704269181 -9.088096885 11.8544495 20.94254638 -10.65909782 14.51451012 25.17360794 0.3357325147 11.17366022 13.25994403 191.3785403 0.9931695683
38 36840 79 79 0 -0.1398518552 7.080770548 -4.948669519 10.47539941 15.42406893 -25.22874021 19.53505723 44.76379744 -0.8187512528 19.84418104 22.60983403 196.9313704 0.9924333957
39 33028 1558 1558 0 8.503657422 15.822041 -32.15284478 12.99949706 45.15234185 -33.98633844 13.2928406 47.27917904 -0.9778429046 41.60501912 43.43851278 205.53214 0.962458453
40 22717 761 761 0 0.3018769735 3.262275304 -4.911131763 3.574035045 8.485166808 -14.74713299 12.47013523 27.21726822 0.3758168396 5.577340963 14.61045456 206.5913851 0.9983824216
41 103221 393 393 0 -2.466992244 9.677056381 -9.793861962 18.79599454 28.5898565 -26.40475142 19.02951165 45.43426306 0.4582290687 15.72786536 29.65573866 200.6654418 0.985823082
42 34318 1446 1446 0 -0.6159050473 6.103256087 -5.042515149 13.29428478 18.33679993 -24.86717266 23.87244504 48.7396177 0.9452468807 18.45127985 26.33537271 196.3195783 0.9943726069
43 150382 884 884 0 -0.1929409769 4.33838805 -6.425749826 9.63954341 16.06529324 -14.42815043 11.35396875 25.78211918 0.09562276942 10.22047044 15.20178298 25.03093128 0.9971406113
44 119604 15562 15562 0 0.1309438961 1.78801227 -2.972921613 2.533485781 5.506407394 -13.93077909 7.855886302 21.78666539 0.0440791727 3.103161577 13.48535051 27.34085441 0.9995132479

K=45, phase=forward, parameter=eps [km^2/s^2]
cluster representative_source n_cluster n_valid n_missing median std p05 p95 width90 minimum maximum range skewness error95 error_max angle_origin_deg angle_resultant
0 96248 24772 24772 0 -0.1548288666 0.03122160193 -0.1962509625 -0.09915604973 0.09709491278 -0.2077171826 -0.09048652349 0.1172306591 0.2387665576 0.05326395133 0.06473017138 nan nan
1 18323 3 3 0 -0.2096074205 0.3376741215 -0.8174655543 -0.1413830744 0.6760824799 -0.885005347 -0.1338025915 0.7512027555 -1.666813731 0.7436222726 0.7512027555 nan nan
2 47219 635 635 0 -0.1887296631 0.06474562439 -0.2531628355 -0.1165823228 0.1365805127 -0.8447394359 -0.08271191838 0.7620275175 -6.03567838 0.08394881572 0.6446084889 nan nan
3 49068 4837 4837 0 -0.9561452879 0.02649547506 -0.985677308 -0.9055337972 0.08014351078 -0.9895364382 -0.8934464325 0.09609000571 0.3826132855 0.04702570413 0.05911306887 nan nan
4 153922 2482 2482 0 -0.901987372 0.05098862285 -0.9751426737 -0.8100192042 0.1651234694 -1.020341507 -0.8067932353 0.2135482713 0.1444214166 0.09735997851 0.1133561333 nan nan
5 55906 7148 7148 0 -0.2355229383 0.00993832337 -0.2481331217 -0.2157696911 0.03236343065 -0.2579895405 -0.1911870323 0.06680250825 0.5373544284 0.0228875729 0.0474702317 nan nan
6 90596 1053 1053 0 -0.8318243309 0.01378405176 -0.862183327 -0.8142841429 0.04789918412 -0.9299306525 -0.8067544424 0.1231762102 -2.480127063 0.03280595955 0.1005532851 nan nan
7 147571 3536 3536 0 -0.1649859742 0.05319745789 -0.2043533404 -0.1064058852 0.09794745516 -0.8272064173 -0.1040049514 0.7232014659 -6.916451869 0.05687267309 0.6642750156 nan nan
8 8686 2980 2980 0 -0.8808496632 0.01643776757 -0.8996555438 -0.8611061618 0.03854938201 -0.9799422865 -0.8546976511 0.1252446354 -2.066862988 0.02275771173 0.1030444544 nan nan
9 36956 3049 3049 0 -0.1599796164 0.06169588037 -0.2150913627 -0.05960622682 0.1554851359 -0.8431204557 -0.04437929461 0.7987411611 -4.445957054 0.08675636137 0.7026394575 nan nan
10 34995 682 682 0 -0.968952467 0.01631602505 -0.9787194887 -0.942180292 0.03653919668 -1.020656292 -0.8541548202 0.1665014713 2.047576687 0.03143790445 0.1173592073 nan nan
11 36842 152 152 0 -0.9200384054 0.04785835895 -0.9760321333 -0.8272595238 0.1487726095 -1.017761335 -0.8073250056 0.2104363298 0.4408842498 0.08442806804 0.1088198354 nan nan
12 154799 117 117 0 -0.2091738413 0.3237077234 -0.9540650784 -0.1154907879 0.8385742905 -0.9769988255 -0.04671985241 0.9302789731 -0.8264997412 0.7417885518 0.7647222989 nan nan
13 160486 2573 2573 0 -0.8418125185 0.04682021374 -0.9694743391 -0.8114762692 0.1579980699 -1.020820046 -0.807091806 0.2137282399 -1.434255056 0.0906385775 0.1419842843 nan nan
14 28726 134 134 0 -0.1897374275 0.1777873382 -0.8150579178 -0.1071050382 0.7079528796 -0.9840399596 -0.04492689433 0.9391130653 -3.35753078 0.6150232227 0.7840052644 nan nan
15 50594 6477 6477 0 -0.1731778783 0.07094594228 -0.215446465 -0.1319409895 0.08350547542 -0.8369784331 -0.1248024561 0.7121759769 -7.679332034 0.04570336711 0.6672353352 nan nan
16 33705 575 575 0 -0.900067498 0.04405603993 -0.9784782558 -0.8485427358 0.12993552 -0.9808685396 -0.8245596771 0.1563088625 -0.2662829145 0.08529995291 0.08769023673 nan nan
17 170313 20082 20082 0 -0.09556727666 0.02736822723 -0.1542147208 -0.06669478058 0.08751994027 -0.1958973255 -0.05885393284 0.1370433927 -0.9078193401 0.07645898531 0.11814159 nan nan
18 115049 3885 3885 0 -0.1688502641 0.0418536224 -0.2106193297 -0.1133265139 0.09729281575 -0.8254380749 -0.06884440419 0.7565936707 -4.665870014 0.06338902383 0.6487833285 nan nan
19 173781 13959 13959 0 -0.9230106472 0.01979066834 -0.952063645 -0.8910839631 0.06097968189 -0.9987341336 -0.8503133897 0.1484207439 0.05058898568 0.03357927938 0.07956978753 nan nan
20 33137 1000 1000 0 -0.1518963961 0.1039277588 -0.2160811147 -0.04642975572 0.169651359 -0.8983129842 -0.04398107964 0.8543319046 -4.289001794 0.1443214921 0.7081250958 nan nan
21 15889 12009 12009 0 -0.9648665302 0.0329812725 -1.002243078 -0.9020319541 0.1002111239 -1.008564402 -0.8911740448 0.1173903569 0.3686530887 0.05453313404 0.06539104336 nan nan
22 100814 2690 2690 0 -0.9089680127 0.03884683485 -0.9764881419 -0.8483462653 0.1281418766 -0.9819994091 -0.8085486977 0.1734507113 -0.04289882501 0.06794041207 0.1077379797 nan nan
23 164532 437 437 0 -0.2051615859 0.268535404 -0.9009597377 -0.1168524239 0.7841073139 -0.9826458788 -0.05348394016 0.9291619387 -1.576261071 0.6887436321 0.7704297732 nan nan
24 175498 2816 2816 0 -0.8256394656 0.02144663866 -0.8605676081 -0.8077675631 0.05280004498 -0.9841565378 -0.8071892914 0.1769672464 -2.390847402 0.0511097362 0.1746986659 nan nan
25 153596 2199 2199 0 -0.2357349789 0.02054642002 -0.2584570218 -0.1973359754 0.06112104636 -0.2593009963 -0.1808312795 0.07846971676 0.3837710134 0.04231006008 0.05881475596 nan nan
26 208835 3407 3407 0 -0.8435928541 0.02872963115 -0.9189796902 -0.82579027 0.09318942023 -1.020773905 -0.8081579121 0.2126159928 -2.103603512 0.0758859189 0.1776801336 nan nan
27 86919 1980 1980 0 -0.1416990409 0.1254145646 -0.2156299052 -0.1208002374 0.09482966783 -0.8428286073 -0.1182603225 0.7245682847 -4.835119126 0.08499313292 0.712191835 nan nan
28 156534 394 394 0 -0.8437479799 0.05409418026 -0.9745949741 -0.8177857332 0.1568092408 -1.020582924 -0.8071752183 0.2134077055 -0.9558856221 0.1456840401 0.1916719899 nan nan
29 80822 6644 6644 0 -0.2180889439 0.01926103438 -0.2321799771 -0.1825234155 0.04965656163 -0.8409721946 -0.1323541814 0.7086180133 -9.445543036 0.03863923952 0.6199745548 nan nan
30 65633 329 329 0 -0.8328806286 0.04599451862 -0.8962660213 -0.8160974345 0.08016858686 -0.9997486344 -0.2576051967 0.7421434377 5.46450079 0.07425115249 0.5694159107 nan nan
31 149609 26214 26214 0 -0.8705482361 0.02369384222 -0.9217413299 -0.8415516632 0.08018966669 -0.9715083996 -0.8087495535 0.1627588461 -0.7892555672 0.08349081006 0.1332578797 nan nan
32 30556 19 19 0 -0.2450692753 0.3686554833 -0.9797511724 -0.06517782928 0.9145733432 -1.020440955 -0.05015293497 0.9702880201 -0.3230576843 0.7707233123 0.8114130948 nan nan
33 35895 116 116 0 -0.8509934087 0.1392348039 -0.972531889 -0.8154668159 0.1570650731 -1.019495257 -0.2218674128 0.7976278443 3.385053384 0.1856012145 0.6086893911 nan nan
34 12157 870 870 0 -0.8188934487 0.2437911205 -0.872949598 -0.1196393494 0.7533102485 -0.9761500819 -0.04389160369 0.9322584782 1.988268277 0.6999915432 0.7757392889 nan nan
35 202055 3121 3121 0 -0.1654116719 0.08240637508 -0.2090489661 -0.1102777555 0.09877121058 -1.019554213 -0.05008364352 0.9694705697 -7.282160169 0.06153979095 0.8486201783 nan nan
36 21211 5243 5243 0 -0.1862323945 0.09122735341 -0.2190998867 -0.1496569938 0.06944289295 -0.8370536649 -0.1416671724 0.6953864925 -6.308654611 0.044236602 0.6454790853 nan nan
37 76930 4756 4756 0 -0.8782212652 0.02442543963 -0.9289140022 -0.8505114042 0.07840259792 -0.9713917668 -0.8235430112 0.1478487556 -0.8047991825 0.04248595572 0.08255921306 nan nan
38 36840 79 79 0 -0.1805218675 0.1676695262 -0.8212242061 -0.1154669875 0.7057572186 -0.882756198 -0.0600863321 0.8226698659 -3.355403276 0.6155521139 0.6770841058 nan nan
39 33028 1558 1558 0 -0.244757334 0.02042562884 -0.2564392602 -0.2004837172 0.055955543 -0.2574162916 -0.123869064 0.1335472276 2.398575744 0.04177428376 0.118388937 nan nan
40 22717 761 761 0 -0.8271887024 0.04519331062 -0.8762390007 -0.8121785849 0.06406041582 -1.014791276 -0.04477593561 0.9700153405 13.31510916 0.05451900536 0.7787325791 nan nan
41 103221 393 393 0 -0.8590507659 0.03108474296 -0.9224157258 -0.8148398932 0.1075758326 -0.9674652361 -0.8067424946 0.1607227415 -0.5190181505 0.0652921031 0.09072662283 nan nan
42 34318 1446 1446 0 -0.898956598 0.0358421201 -0.947233376 -0.8143039065 0.1329294695 -0.9645044297 -0.8064411635 0.1580632662 0.5352667268 0.0823362079 0.09019895088 nan nan
43 150382 884 884 0 -0.1920493445 0.1942734854 -0.8675214364 -0.1145605203 0.752960916 -0.9533668881 -0.04380055914 0.9095663289 -2.869121286 0.6651892355 0.7510346872 nan nan
44 119604 15562 15562 0 -0.9430115572 0.02299553304 -0.9697032494 -0.8971415794 0.07256167005 -0.9750473145 -0.8510394547 0.1240078597 0.4701946639 0.0390643342 0.08302791285 nan nan

K=45, phase=forward, parameter=e [-]
cluster representative_source n_cluster n_valid n_missing median std p05 p95 width90 minimum maximum range skewness error95 error_max angle_origin_deg angle_resultant
0 96248 24772 24772 0 0.6286844111 0.07649029395 0.5251233719 0.763331444 0.2382080721 0.494597556 0.784138242 0.289540686 0.2142922714 0.1323873674 0.1629131834 nan nan
1 18323 3 3 0 0.490918675 0.1318585966 0.3716430864 0.6608554518 0.2892123654 0.3583902432 0.6797373159 0.3213470727 0.5157834327 0.3024652086 0.3213470727 nan nan
2 47219 635 635 0 0.5445812576 0.1042935706 0.3720947783 0.7213638774 0.3492690991 0.1702037848 0.8029346747 0.6327308899 -0.1226426619 0.2073554723 0.3447491282 nan nan
3 49068 4837 4837 0 0.4795150738 0.04221388477 0.3957330107 0.5238395792 0.1281065685 0.3738368212 0.5294155266 0.1555787054 -0.4582413843 0.07812247776 0.1000186672 nan nan
4 153922 2482 2482 0 0.389555631 0.09791464203 0.1807051245 0.5084799883 0.3277748637 0.1700719612 0.5723271846 0.4022552234 -0.4658680708 0.2178441976 0.2284773609 nan nan
5 55906 7148 7148 0 0.4213770225 0.02720256518 0.3860821589 0.474911269 0.08882911012 0.3573783224 0.5386737053 0.1812953829 0.4872412056 0.06182420181 0.1255866381 nan nan
6 90596 1053 1053 0 0.2438036983 0.03238128059 0.1942994431 0.3136783705 0.1193789274 0.1700181651 0.4376589476 0.2676407825 1.609123267 0.07596148621 0.1999420633 nan nan
7 147571 3536 3536 0 0.6034345921 0.0894350665 0.5044430719 0.7459065762 0.2414635043 0.2062286491 0.7516742699 0.5454456207 -0.1082960199 0.1383027658 0.4022759376 nan nan
8 8686 2980 2980 0 0.3496817315 0.03030425048 0.3099467214 0.3849353403 0.07498861882 0.2961950764 0.5154629321 0.2192678558 1.692990608 0.04358878444 0.1733522696 nan nan
9 36956 3049 3049 0 0.6163081294 0.1162282444 0.4764192416 0.8580159348 0.3815966931 0.1942188516 0.8942666422 0.7000477906 0.3427963405 0.2106082786 0.4698134716 nan nan
10 34995 682 682 0 0.4992032864 0.02602355231 0.4575241365 0.5137433427 0.05621920619 0.2968132707 0.5727162374 0.2759029667 -2.664455828 0.04862611421 0.206311944 nan nan
11 36842 152 152 0 0.421084548 0.0892536247 0.2309258511 0.5097931078 0.2788672567 0.1724339664 0.5688579778 0.3964240114 -0.7550032936 0.1710432162 0.2295351009 nan nan
12 154799 117 117 0 0.4971960729 0.1649980479 0.227708522 0.7240080253 0.4962995033 0.1698141831 0.8887012719 0.7188870888 -0.1127401463 0.2701434715 0.404824026 nan nan
13 160486 2573 2573 0 0.2677866303 0.09135938433 0.1844907162 0.4999269903 0.3154362741 0.1710855758 0.5729557573 0.4018701815 1.050245504 0.1687789966 0.2263766448 nan nan
14 28726 134 134 0 0.5420246694 0.1315301699 0.3565108906 0.7442039537 0.3876930631 0.1749042742 0.8929479705 0.7180436963 -0.0067295605 0.236209994 0.3776043562 nan nan
15 50594 6477 6477 0 0.5828654518 0.07611275269 0.4748549175 0.6841474417 0.2092925241 0.177443952 0.7014729021 0.5240289502 -1.048025409 0.1165297272 0.4139406927 nan nan
16 33705 575 575 0 0.3861955078 0.07799995056 0.2833899288 0.5133419138 0.229951985 0.2254118767 0.5168726041 0.2914607274 0.1336738564 0.1398982463 0.1481854085 nan nan
17 170313 20082 20082 0 0.7720083958 0.0661871651 0.6295750121 0.8410415569 0.2114665448 0.5250959763 0.8597500074 0.3346540311 -0.9405904085 0.1850606628 0.2895396985 nan nan
18 115049 3885 3885 0 0.5936800607 0.08745485081 0.4880992269 0.7292126047 0.2411133777 0.1713813095 0.8360123577 0.6646310483 -0.0003786616699 0.1550433346 0.402968365 nan nan
19 173781 13959 13959 0 0.4264707125 0.0334787097 0.3701017796 0.4734404336 0.1033386541 0.2882582101 0.5422283212 0.2539701111 -0.1541179152 0.05646134737 0.1316664918 nan nan
20 33137 1000 1000 0 0.6354150749 0.1541225399 0.4726331263 0.8893863754 0.4167532491 0.2618911883 0.8952125964 0.6333214081 0.1503536142 0.3491217384 0.3549479594 nan nan
21 15889 12009 12009 0 0.4927558524 0.05192629885 0.3891973064 0.5474114598 0.1582141534 0.3693317405 0.5562090262 0.1868772856 -0.4571754792 0.09074591341 0.1106114792 nan nan
22 100814 2690 2690 0 0.4019301089 0.06929709388 0.2827858861 0.510377242 0.2275913559 0.1768984382 0.5185090086 0.3416105704 -0.1904748505 0.1318254154 0.2377128632 nan nan
23 164532 437 437 0 0.5055448662 0.1343422589 0.2441551299 0.7206887392 0.4765336093 0.1715385983 0.8726010776 0.7010624792 -0.1899695737 0.2441518725 0.3886664641 nan nan
24 175498 2816 2816 0 0.2282382696 0.05082355514 0.1733583108 0.3104779579 0.1371196472 0.1714017878 0.5212219376 0.3498201498 1.301478568 0.1307376677 0.3414816473 nan nan
25 153596 2199 2199 0 0.419803658 0.05564278445 0.3559621802 0.5214024853 0.1654403051 0.3534727016 0.5633284053 0.2098557037 0.3370333134 0.1124165761 0.1543424961 nan nan
26 208835 3407 3407 0 0.2725017134 0.05727912191 0.2287134443 0.4198771556 0.1911637113 0.1746764944 0.5728986793 0.3982221849 1.620653472 0.1483325891 0.3013541128 nan nan
27 86919 1980 1980 0 0.6604806309 0.09792538062 0.4738827402 0.7111409822 0.237258242 0.169493203 0.7173034092 0.5478102063 -2.998856033 0.213500406 0.5178899433 nan nan
28 156534 394 394 0 0.2733419815 0.1041214547 0.2053297618 0.5076416662 0.3023119044 0.1710055509 0.5726195203 0.4016139694 0.7428490532 0.2718098201 0.3367876742 nan nan
29 80822 6644 6644 0 0.4684512431 0.04143571946 0.43051617 0.5595678165 0.1290516465 0.2582699332 0.6832326819 0.4249627486 1.233896308 0.1009115529 0.222183592 nan nan
30 65633 329 329 0 0.2464500757 0.0670562197 0.2014689967 0.3797677556 0.1782987588 0.1697123633 0.5436662257 0.3739538624 1.613619057 0.1483132946 0.3122117648 nan nan
31 149609 26214 26214 0 0.3305194024 0.04626022507 0.2672042614 0.424279022 0.1570747606 0.1759690755 0.503102651 0.3271335755 0.519155258 0.1650627504 0.2438863794 nan nan
32 30556 19 19 0 0.4705035457 0.1726004782 0.2499845159 0.8447480883 0.5947635724 0.2473577244 0.8805307354 0.633173011 0.8460037775 0.3526478116 0.3884304586 nan nan
33 35895 116 116 0 0.3229051087 0.1064587672 0.2061297002 0.5045422724 0.2984125723 0.1860069399 0.5711935452 0.3851866053 0.4426416764 0.2638370667 0.3304883394 nan nan
34 12157 870 870 0 0.2228198177 0.167058165 0.1885595516 0.7139779169 0.5254183653 0.1722257304 0.8954250633 0.7231993329 2.116505861 0.5032052094 0.6846523558 nan nan
35 202055 3121 3121 0 0.6023228841 0.09474454289 0.492698211 0.7365641872 0.2438659762 0.1700666531 0.8806958367 0.7106291836 -0.3243238165 0.1498071657 0.4185789094 nan nan
36 21211 5243 5243 0 0.5498922166 0.07219858297 0.4649802858 0.6408760905 0.1758958047 0.1685723685 0.6604308114 0.4918584429 -1.873889893 0.1102366407 0.3677439239 nan nan
37 76930 4756 4756 0 0.3452617341 0.04603675854 0.2872694915 0.4362179446 0.1489484531 0.2226371844 0.5029569112 0.2803197268 0.5986400672 0.0835339731 0.1427821229 nan nan
38 36840 79 79 0 0.5646429096 0.1233436367 0.34843339 0.7240622154 0.3756288254 0.2153038587 0.8568787149 0.6415748562 -0.7248308837 0.2452512515 0.3556661391 nan nan
39 33028 1558 1558 0 0.3953915459 0.054566225 0.3618831339 0.5140835499 0.1522004161 0.3590706997 0.7042509992 0.3451802995 2.204474113 0.1106501542 0.3008176034 nan nan
40 22717 761 761 0 0.2315649414 0.0567357154 0.1877371125 0.3457463801 0.1580092676 0.1697682665 0.8933250748 0.7235568083 5.282631136 0.1239248167 0.6715035114 nan nan
41 103221 393 393 0 0.3059111747 0.06556042025 0.1944073359 0.424792805 0.2303854691 0.1698731259 0.4970718704 0.3271987445 0.08066772385 0.148853713 0.1725524202 nan nan
42 34318 1446 1446 0 0.3844119088 0.07138791266 0.1927983784 0.4656614276 0.2728630492 0.1688956561 0.4923822458 0.3234865897 -0.9774079895 0.1871851139 0.2110878362 nan nan
43 150382 884 884 0 0.5355976731 0.1307650181 0.3566472246 0.7262413463 0.3695941217 0.272354854 0.8956399398 0.6232850858 0.1668251485 0.2174237994 0.3863135142 nan nan
44 119604 15562 15562 0 0.45900568 0.03776947886 0.3811018408 0.5003614699 0.1192596291 0.2898717759 0.5083076615 0.2184358855 -0.5599776184 0.06354703816 0.1546787422 nan nan

K=45, phase=forward, parameter=w [deg]
cluster representative_source n_cluster n_valid n_missing median std p05 p95 width90 minimum maximum range skewness error95 error_max angle_origin_deg angle_resultant
0 96248 24772 24772 0 -3.185697924 18.07372362 -22.30239105 33.83525459 56.13764564 -23.37566884 67.05708169 90.43275053 0.7288322662 47.18118104 80.40300814 174.252113 0.9514145752
1 18323 3 3 0 17.47436192 58.6920137 -80.49148636 41.69076968 122.182256 -91.37658061 44.38148165 135.7580623 -1.463046384 133.0673503 135.7580623 220.0108864 0.5481755456
2 47219 635 635 0 -1.901971418 26.34248787 -31.4003157 41.04558303 72.44589873 -163.8671596 169.7770683 333.6442279 0.4557479563 55.9865092 178.2295456 317.9556536 0.9100893639
3 49068 4837 4837 0 -0.7536044753 13.39203406 -19.12033537 24.72927081 43.84960618 -21.81293268 38.3796009 60.19253358 0.4452527439 30.09519193 43.74552203 313.3794188 0.9729961358
4 153922 2482 2482 0 -2.089041189 20.70008447 -29.6807228 36.12110365 65.80182645 -60.77549125 79.67872421 140.4542155 0.2949536905 53.44069585 96.99831641 136.4294791 0.9373542529
5 55906 7148 7148 0 -2.107216511 18.49538449 -25.30785503 30.99917604 56.30703107 -29.74105445 81.74837006 111.4894245 0.6099834071 30.4743806 79.91873536 193.1880134 0.9493142071
6 90596 1053 1053 0 -4.039508283 23.13101865 -27.60284189 41.65887578 69.26171767 -34.67991126 93.3334004 128.0133117 1.057866742 45.33436045 97.00888506 91.82815288 0.9229404616
7 147571 3536 3536 0 -2.882486359 24.45951755 -30.29283227 42.11089348 72.40372576 -178.7297648 165.4832743 344.2130391 0.3636844373 54.92477676 177.7996592 239.0375815 0.9200360471
8 8686 2980 2980 0 -1.681740401 6.058146883 -3.975930169 5.75722285 9.733153019 -4.127564727 57.98694671 62.11451143 4.310057946 9.186079579 61.41580344 293.5370569 0.9945526445
9 36956 3049 3049 0 -1.701414605 18.03064565 -19.66729561 27.19449771 46.86179332 -43.20534298 176.1049639 219.3103069 2.634080594 29.16480391 175.4521829 247.965883 0.9580168059
10 34995 682 682 0 -2.584148574 15.87574445 -16.96399452 33.95739865 50.92139317 -47.7270837 64.50244952 112.2295332 1.121693786 38.71465019 64.79394466 62.39415555 0.9629018958
11 36842 152 152 0 0.4252460971 28.73379576 -64.48302343 41.73373581 106.2167592 -76.70543039 73.86261099 150.5680414 -0.7072783701 61.40455072 83.72152463 163.6863816 0.8841847972
12 154799 117 117 0 -1.648472049 90.76755643 -155.8001632 170.9240119 326.7241751 -178.484016 177.5511011 356.0351171 0.0831312765 174.6250375 179.5260067 165.2149701 0.3065840287
13 160486 2573 2573 0 -2.645334302 28.76972553 -37.08181056 51.43122316 88.51303371 -41.90532808 100.1191394 142.0244675 0.5308485783 53.34591951 102.0338357 70.77416692 0.8804869275
14 28726 134 134 0 -0.26039794 45.15034893 -95.89158865 41.29241048 137.1839991 -164.6374223 160.850768 325.4881904 -1.50285941 139.6476481 168.5004412 42.66438063 0.7982558796
15 50594 6477 6477 0 -3.086178422 20.18016305 -10.77572751 25.2944382 36.07016571 -179.745615 179.7599167 359.5055317 2.158670354 33.46169365 179.8837618 173.2117614 0.9627066207
16 33705 575 575 0 -0.3691165326 19.14638537 -28.79284463 31.46624571 60.25909034 -45.42949779 50.03717508 95.46667287 0.07836774436 43.09691317 61.66784253 16.2845347 0.9455454589
17 170313 20082 20082 0 -2.898692432 15.66199216 -19.19681093 29.8551406 49.05195153 -21.36984205 67.61850498 88.98834703 0.9249584663 40.0216728 77.78503718 172.6625106 0.9634645973
18 115049 3885 3885 0 -4.321986362 19.11701759 -20.7308178 36.10752328 56.83834108 -160.9600329 138.9036263 299.8636592 0.6149699974 52.80383757 155.1903184 286.4070587 0.9474795468
19 173781 13959 13959 0 -4.044255894 15.79048827 -15.63789671 26.9566127 42.59450941 -16.03350049 103.5985726 119.6320731 1.724833506 35.78628581 112.4282457 6.520594885 0.9639468786
20 33137 1000 1000 0 -3.471835743 24.5543113 -24.87440442 34.54309481 59.41749923 -48.12871574 167.1257008 215.2544166 3.287627084 44.70109059 177.2836966 299.4544874 0.9311832304
21 15889 12009 12009 0 -0.5042184817 6.784508728 -10.04757562 11.77604162 21.82361724 -11.77057876 21.50741886 33.27799762 0.3468480922 16.50634857 26.23772581 301.6118676 0.9930089951
22 100814 2690 2690 0 -3.372932128 14.900932 -19.32593118 28.85683385 48.18276503 -22.34019966 47.82514185 70.16534151 0.6735889569 25.84275133 43.71216725 337.1182725 0.9666791076
23 164532 437 437 0 -0.2766485243 71.2894886 -156.4161956 77.93105114 234.3472467 -179.9675264 178.9051404 358.8726668 -0.3719939218 169.3038679 177.9316528 355.760305 0.547281087
24 175498 2816 2816 0 -3.452410069 16.86792626 -17.5382414 30.13615864 47.67440004 -18.81100527 98.57006242 117.3810677 1.901730966 33.41548769 101.8493915 17.27658328 0.9593131514
25 153596 2199 2199 0 -4.114710708 26.11564044 -32.40679485 51.90178202 84.30857687 -37.14256754 89.89744325 127.0400108 0.7487277987 68.60065151 106.5963127 234.3624141 0.9011531437
26 208835 3407 3407 0 -2.189081205 13.94527954 -16.34751627 25.90257885 42.25009512 -23.5114701 93.47316397 116.9846341 1.305875442 37.42796584 104.998551 52.83190091 0.9712737995
27 86919 1980 1980 0 -3.620413721 34.99930567 -22.4772727 42.26132482 64.73859753 -179.5086347 179.8778378 359.3864725 1.792405288 47.62678713 179.9106072 205.3902976 0.885044772
28 156534 394 394 0 -0.0478342892 28.2404647 -51.48445158 42.64937946 94.13383104 -67.49467589 79.86481727 147.3594932 0.03243840128 55.37751603 80.69654596 233.5030357 0.8850104302
29 80822 6644 6644 0 -1.766672287 20.00876185 -27.39735424 35.15586121 62.55321545 -32.41568598 169.9870257 202.4027117 0.7788656339 35.25560669 164.8907016 201.3058525 0.9416018133
30 65633 329 329 0 -1.249233245 18.96585558 -24.23418165 26.56623831 50.80041996 -162.9399073 71.70009922 234.6400066 -1.540490603 39.92417759 155.2518612 147.8011058 0.9536974624
31 149609 26214 26214 0 -2.407840201 16.40493137 -20.40355713 30.69312991 51.09668704 -23.23841511 91.97393831 115.2123534 1.155226433 29.81343865 91.09424705 14.75645748 0.9603912125
32 30556 19 19 0 -0.03944279106 84.99533302 -141.0024696 74.6621273 215.6645969 -156.7278919 107.2693359 263.9972278 -0.2035026762 177.3740671 179.5622049 117.9310497 0.1808014768
33 35895 116 116 0 -0.7045814402 37.22919845 -49.79647514 49.06739532 98.86387046 -64.90912137 154.7374499 219.6465712 1.809702091 68.80408532 174.4741399 245.5752033 0.842575509
34 12157 870 870 0 -8.457628164 49.75564321 -29.13734782 127.5188005 156.6561483 -156.3398103 179.3437136 335.6835238 1.631972316 142.7800373 178.7847882 171.830385 0.7335768262
35 202055 3121 3121 0 -2.697054383 25.4055291 -26.61311286 39.19875192 65.81186478 -174.7980763 179.4503671 354.2484434 -0.6601722056 44.81813403 177.7102716 297.6259547 0.9218988999
36 21211 5243 5243 0 -5.748493186 29.6001294 -18.4548999 43.14144888 61.59634878 -179.3772323 179.9492954 359.3265276 2.159669334 45.83737201 179.5106876 181.827244 0.9113413111
37 76930 4756 4756 0 -3.03354291 13.61998994 -15.67118668 29.29486107 44.96604775 -17.26734257 54.26343987 71.53078244 1.079471482 32.37708397 57.34566276 307.5509778 0.972260123
38 36840 79 79 0 -0.0197111874 43.66324474 -133.2729147 38.29881857 171.5717333 -164.3038596 61.1493026 225.4531622 -2.226676304 145.0959035 176.1268484 74.02833354 0.8123093596
39 33028 1558 1558 0 -4.932835543 24.41183767 -28.87754853 50.22473853 79.10228706 -30.75007388 80.78827948 111.5383534 0.8848683959 46.00187967 76.56542061 211.6646249 0.913410725
40 22717 761 761 0 -2.073686667 16.013212 -19.7217314 19.93914184 39.66087324 -31.51526975 151.7042037 183.2194734 3.508433093 25.94808785 157.7131497 157.6382398 0.9666417786
41 103221 393 393 0 -1.841168451 20.65053433 -28.39580924 35.97274745 64.36855669 -35.45196162 54.72840481 90.18036643 0.4131240455 41.67528485 60.43094221 76.21944293 0.9366230254
42 34318 1446 1446 0 -3.028774231 18.28991051 -30.95145429 33.83952822 64.7909825 -71.90940529 67.08368324 138.9930885 0.3410249662 44.54060113 77.48625675 45.55234434 0.9510533601
43 150382 884 884 0 -2.542228775 46.63482076 -52.26556722 134.9957454 187.2613126 -73.00255465 179.7456672 252.7482218 1.625300217 149.7137164 179.9017924 43.20401005 0.7654587349
44 119604 15562 15562 0 -3.088766565 15.96778682 -18.46018809 31.56364601 50.0238341 -20.18398514 71.68429483 91.86827997 1.15284497 42.51775032 82.63839915 11.05376171 0.9622534902

K=50, STD=0.01139538716
n = trajectories per cluster; conditions overlap.
n = 1: clusters=0/50 (0.00%); trajectories=0/194058 (0.00%)
n < 10: clusters=1/50 (2.00%); trajectories=3/194058 (0.00%)
n < 100: clusters=5/50 (10.00%); trajectories=274/194058 (0.14%)

K=50, phase=backward, parameter=eps [km^2/s^2]
cluster representative_source n_cluster n_valid n_missing median std p05 p95 width90 minimum maximum range skewness error95 error_max angle_origin_deg angle_resultant
0 96248 24774 24774 0 -0.09842318372 0.02314157646 -0.1469216561 -0.06740225469 0.07951940138 -0.1789111959 -0.05881779331 0.1200934026 -0.7446261032 0.0641551321 0.09614467197 nan nan
1 18323 3 3 0 -0.9166889312 0.08195725275 -1.007571014 -0.8268939994 0.1806770147 -1.017669023 -0.8169167848 0.2007522386 -0.01805089286 0.1906542294 0.2007522386 nan nan
2 49728 567 567 0 -0.9533666576 0.02383105733 -0.9762271135 -0.9171353136 0.05909179989 -1.020778602 -0.8306298735 0.1901487286 0.9838272443 0.0461227513 0.1313615335 nan nan
3 49068 4837 4837 0 -0.9794128574 0.01267880674 -0.9930670204 -0.9532141028 0.03985291758 -0.9963991166 -0.9281148789 0.06828423769 0.7949786058 0.03136534231 0.05646456616 nan nan
4 149492 708 708 0 -0.1718288733 0.03793396572 -0.21256954 -0.1147382888 0.09783125128 -0.2492528809 -0.04383479669 0.2054180843 0.3041055688 0.05985045627 0.1305041302 nan nan
5 55617 6329 6329 0 -0.869289401 0.0195265033 -0.900188039 -0.8377541053 0.06243393365 -0.9059461126 -0.8310290574 0.07491705522 0.02150717463 0.04002763572 0.04675268363 nan nan
6 90596 1051 1051 0 -0.06078208847 0.02560548984 -0.1246444313 -0.04526150534 0.07938292594 -0.15590669 -0.04391779137 0.1119888986 -1.279423701 0.07648192621 0.1077441849 nan nan
7 171344 397 397 0 -0.2487208542 0.01119336378 -0.2582782488 -0.2247207154 0.03355753344 -0.2595672675 -0.2126801189 0.04688714863 0.7222634517 0.02253568502 0.03457628154 nan nan
8 8686 2980 2980 0 -0.9230219766 0.02510549083 -0.959513099 -0.8808281719 0.07868492716 -0.9699743336 -0.8508318587 0.1191424749 0.1245503063 0.04288252133 0.07195535759 nan nan
9 29836 447 447 0 -0.8155626964 0.0097344387 -0.8366262644 -0.8070636537 0.02956261075 -0.8405419667 -0.8067739195 0.03376804718 -0.623078319 0.0191714953 0.02308719751 nan nan
10 33850 1686 1686 0 -0.8991980015 0.03368866356 -0.9553048156 -0.8482015486 0.1071032669 -0.962065782 -0.8261789952 0.1358867868 -0.05934317901 0.05773468139 0.07975723478 nan nan
11 54902 66 66 0 -0.9637164774 0.02788653347 -0.977048711 -0.9030537095 0.07399500152 -1.020754723 -0.8908830375 0.1298716858 0.5410785354 0.06691457899 0.07908525097 nan nan
12 154799 111 111 0 -0.1825180188 0.04364450246 -0.2503078294 -0.1142363452 0.1360714842 -0.2568940612 -0.08004922341 0.1768448378 0.0313099783 0.07224458996 0.1024687954 nan nan
13 163665 2364 2364 0 -0.2414452992 0.01362935665 -0.257183962 -0.2153313225 0.04185263948 -0.2582250091 -0.1866171407 0.07160786835 0.6952407759 0.02603995963 0.0547541414 nan nan
14 37147 95 95 0 -0.8235128849 0.02557561864 -0.8911765376 -0.8095558143 0.08162072335 -0.9206653621 -0.8062327658 0.1144325963 -1.502161265 0.06796904498 0.09745786943 nan nan
15 50370 5798 5798 0 -0.9320504794 0.01651352414 -0.9593569087 -0.9077328847 0.05162402392 -0.9621988601 -0.9034845845 0.05871427565 -0.08422535685 0.02947927563 0.0323212271 nan nan
16 103221 419 419 0 -0.9447860274 0.04442148687 -0.9793046902 -0.8447831573 0.1345215329 -1.020134973 -0.8253323812 0.1948025916 0.7130904447 0.1168475856 0.1362983617 nan nan
17 170313 20091 20091 0 -0.1616757661 0.02327963402 -0.1964502597 -0.1213687868 0.07508147287 -0.203937617 -0.1081074022 0.09583021483 0.1473019864 0.04819417191 0.06145555649 nan nan
18 117580 3497 3497 0 -0.1295950983 0.01903000604 -0.1652760279 -0.1100910742 0.05518495379 -0.1718629699 -0.04380722131 0.1280557486 -0.1261999882 0.04463975049 0.07715995191 nan nan
19 110095 10667 10667 0 -0.1712633122 0.02181381643 -0.2085888415 -0.1399496294 0.06863921211 -0.2140533454 -0.1178214189 0.09623192651 0.03778078871 0.04291757692 0.0496628346 nan nan
20 38447 494 494 0 -0.9126387501 0.03980867351 -0.9750362982 -0.8532587939 0.1217775043 -1.020836128 -0.8454109413 0.175425187 -0.2441144079 0.06567790856 0.1075472339 nan nan
21 15889 12009 12009 0 -0.8908769874 0.02862545412 -0.9464306012 -0.8548510297 0.09157957142 -0.9620982855 -0.8455281707 0.1165701148 -0.3857667699 0.05281888657 0.06848657085 nan nan
22 33705 564 564 0 -0.8190167536 0.01872605455 -0.8677345748 -0.8066531479 0.06108142689 -0.8848100518 -0.8063623697 0.07844768204 -1.248102648 0.04812244547 0.06519792244 nan nan
23 153922 2514 2514 0 -0.1824758276 0.03370365594 -0.2140576043 -0.1173824495 0.09667515485 -0.241818408 -0.07131109248 0.1705073155 0.3950525494 0.06566311257 0.1117344696 nan nan
24 175498 2691 2691 0 -0.249973464 0.01028939372 -0.2564340454 -0.2294776919 0.02695635358 -0.2572635189 -0.1846891134 0.07257440558 1.821798763 0.01626210232 0.06105068083 nan nan
25 153596 2192 2192 0 -0.1639601134 0.0347637476 -0.2044884682 -0.1065444283 0.09794403988 -0.2299576379 -0.104628734 0.1253289039 0.1870356127 0.06018343471 0.06327770591 nan nan
26 209733 3164 3164 0 -0.1688456184 0.03567118227 -0.2156299555 -0.1006316296 0.1149983259 -0.227674715 -0.06934862161 0.1583260934 0.371094504 0.06204437188 0.08951860692 nan nan
27 88936 1984 1984 0 -0.9657877232 0.01233069808 -0.973682232 -0.9335706889 0.04011154305 -1.018791062 -0.9074849518 0.1113061104 2.035285683 0.03554530575 0.06132587647 nan nan
28 156534 402 402 0 -0.1739984577 0.04160415971 -0.227303043 -0.1069176816 0.1203853614 -0.2582562534 -0.04387907749 0.2143771759 0.2169465173 0.07191625086 0.1293162316 nan nan
29 80421 6371 6371 0 -0.9339928784 0.01629775449 -0.9572109987 -0.9059327972 0.05127820148 -0.9621743863 -0.8955709665 0.06660341981 0.1628787236 0.02948226507 0.03411060965 nan nan
30 65633 325 325 0 -0.8573532559 0.02380070832 -0.8843422771 -0.8191523952 0.06518988183 -0.9018884827 -0.8098334714 0.09205501125 0.193796032 0.04504940903 0.05436833285 nan nan
31 211064 21322 21322 0 -0.2311473928 0.01440943757 -0.2468897486 -0.1998154534 0.04707429514 -0.2581555443 -0.1788779667 0.07927757753 0.7164688263 0.03066203529 0.05159952196 nan nan
32 30556 17 17 0 -0.8343821657 0.05226767919 -0.9530612447 -0.8171816864 0.1358795583 -0.9721623627 -0.8143434398 0.1578189229 -0.7472849581 0.118679079 0.137780197 nan nan
33 32446 119 119 0 -0.8636095087 0.03960926528 -0.9334634756 -0.8214805079 0.1119829676 -0.9620789445 -0.8074723231 0.1546066214 -0.6393742821 0.06214997427 0.08613538845 nan nan
34 33137 688 688 0 -0.8726023335 0.02335879706 -0.9106354974 -0.8326253476 0.07801014985 -0.9182613159 -0.8258646601 0.09239665578 -0.02041600116 0.04989962948 0.05666031697 nan nan
35 181866 2664 2664 0 -0.1992999063 0.01286521858 -0.2108384879 -0.1729526331 0.03788585485 -0.2360208545 -0.1453121119 0.09070874251 0.5105057834 0.03188101504 0.05952153619 nan nan
36 40012 5056 5056 0 -0.8770470149 0.01912098073 -0.9025519581 -0.8427632255 0.05978873254 -0.908339576 -0.8366000185 0.07173955748 0.2294886445 0.0357020597 0.04186526672 nan nan
37 76930 4721 4721 0 -0.9910435985 0.01224302425 -1.005292022 -0.9666324119 0.03865960966 -1.008654727 -0.9620409644 0.04661376268 0.3908827199 0.03231760261 0.03690905007 nan nan
38 28967 93 93 0 -0.8334882107 0.03430947172 -0.9241728367 -0.8279214707 0.09625136603 -1.002368343 -0.8250490688 0.1773192739 -2.854773691 0.089626548 0.167822054 nan nan
39 33028 1409 1409 0 -0.825913423 0.01690135842 -0.8603865193 -0.8077768365 0.0526096828 -0.8765472862 -0.8071063255 0.06944096069 -0.543609493 0.0381633399 0.05432410683 nan nan
40 22717 754 754 0 -0.8278308214 0.0157330034 -0.8335507553 -0.823638896 0.009911859232 -0.9767857541 -0.8215743452 0.1552114088 -8.18452133 0.005774413737 0.1487403479 nan nan
41 36842 148 148 0 -0.920802164 0.03637386292 -0.9758594934 -0.8596898912 0.1161696022 -0.9803732372 -0.8457974606 0.1345757766 0.1680297589 0.06071408701 0.07437124882 nan nan
42 56628 508 508 0 -0.9745919336 0.006370407314 -0.9800161831 -0.9631701548 0.01684602836 -1.020743755 -0.9487677666 0.07197598867 -1.20513638 0.01033258679 0.04738390245 nan nan
43 204665 1058 1058 0 -0.1905678465 0.02808045191 -0.2140396113 -0.126356483 0.08768312836 -0.228668364 -0.04680867502 0.181859689 1.280341771 0.0562302927 0.1357781007 nan nan
44 144185 24308 24308 0 -0.1890323676 0.03285675749 -0.2270536837 -0.1291051035 0.09794858022 -0.2321301622 -0.1191832072 0.112946955 0.3122394943 0.06343910692 0.07336100313 nan nan
45 12322 735 735 0 -0.815613074 0.004109182272 -0.8233117443 -0.810558642 0.01275310239 -0.8336168262 -0.8062084723 0.02740835392 -0.453709643 0.008181203572 0.01805891455 nan nan
46 46161 3495 3495 0 -0.8541096001 0.01841919344 -0.8947828681 -0.8345950353 0.06018783274 -0.919547973 -0.8288569264 0.09069104663 -0.6982761105 0.04491184726 0.06967695221 nan nan
47 100814 2667 2667 0 -0.9170838148 0.03502003849 -0.9603199877 -0.8512113061 0.1091086816 -0.9716903857 -0.8341808548 0.1375095309 0.3401042533 0.05853072411 0.0729168869 nan nan
48 35340 1181 1181 0 -0.8355208083 0.00542846347 -0.8428399784 -0.8246603681 0.01817961033 -0.8505173187 -0.8192115265 0.03130579222 0.353716986 0.01132600485 0.01588425838 nan nan
49 147868 3518 3518 0 -0.2240794029 0.02657647653 -0.2583563435 -0.1806659695 0.07769037395 -0.2593276385 -0.1554722219 0.1038554166 0.2100293429 0.05399308456 0.07918683223 nan nan

K=50, phase=backward, parameter=e [-]
cluster representative_source n_cluster n_valid n_missing median std p05 p95 width90 minimum maximum range skewness error95 error_max angle_origin_deg angle_resultant
0 96248 24774 24774 0 0.7651366041 0.05585680542 0.6474881593 0.8393682128 0.1918800535 0.5681711988 0.8598376402 0.2916664414 -0.7726080698 0.1551301848 0.2344471453 nan nan
1 18323 3 3 0 0.4154081001 0.1499463671 0.2242650501 0.5534005145 0.3291354644 0.2030269335 0.568733005 0.3657060716 -0.4768223781 0.3503735811 0.3657060716 nan nan
2 49728 567 567 0 0.4752332963 0.03925579896 0.4161514466 0.5100492115 0.09389776492 0.2404244555 0.5728973064 0.3324728509 -1.595200888 0.07394441687 0.248132686 nan nan
3 49068 4837 4837 0 0.5146467335 0.0189923729 0.4749459566 0.5344405454 0.0594945888 0.4351727306 0.5391917984 0.1040190678 -0.8567633579 0.04722198628 0.08699521227 nan nan
4 149492 708 708 0 0.5861512461 0.0942482561 0.4830094768 0.7258135519 0.2428040751 0.3820793341 0.8955575814 0.5134782473 0.2523995922 0.1464929587 0.3154441754 nan nan
5 55617 6329 6329 0 0.3280902457 0.04012129178 0.2580983563 0.3868937133 0.128795357 0.2412161781 0.3970846757 0.1558684976 -0.1577016855 0.08690785069 0.1037900289 nan nan
6 90596 1051 1051 0 0.8551167501 0.06141493756 0.7017819548 0.8921617369 0.1903797821 0.6254295658 0.8953605839 0.2699310182 -1.289997534 0.1834489463 0.2598013354 nan nan
7 171344 397 397 0 0.3838355947 0.03124445973 0.3564924501 0.4496979956 0.09320554547 0.3526417655 0.4834426848 0.1308009193 0.690126974 0.06197221699 0.09571690622 nan nan
8 8686 2980 2980 0 0.4255922473 0.04299305971 0.3495274857 0.4844381889 0.1349107032 0.2881415249 0.5004312289 0.212289704 -0.2242813936 0.07570845458 0.1370944154 nan nan
9 29836 447 447 0 0.1989896325 0.02828785987 0.1710047189 0.2564563296 0.08545161073 0.1700000448 0.2658803183 0.09588027346 0.5004626529 0.05122634381 0.06065033247 nan nan
10 33850 1686 1686 0 0.3847982051 0.06159454587 0.2822942468 0.4782595987 0.1959653519 0.2262177443 0.4889179694 0.2627002251 -0.1102626799 0.1143635976 0.1704401001 nan nan
11 54902 66 66 0 0.4913033613 0.04426810237 0.3915664665 0.5112694182 0.1197029518 0.369427837 0.5728758046 0.2034479676 -0.7152401427 0.1090872847 0.1312259141 nan nan
12 154799 111 111 0 0.5596326774 0.1099407337 0.3798188296 0.7270283725 0.3472095429 0.3602762196 0.8092903385 0.4490141189 -0.04431229398 0.1851037766 0.2496576611 nan nan
13 163665 2364 2364 0 0.4049136435 0.03762249803 0.3597092796 0.4759389492 0.1162296696 0.3566637373 0.5502077474 0.1935440101 0.6273280458 0.07164157583 0.145910374 nan nan
14 37147 95 95 0 0.2220119594 0.05887799521 0.1784189213 0.3707323114 0.1923133901 0.1683444931 0.4227295506 0.2543850575 1.267836153 0.1490363352 0.2010335743 nan nan
15 50370 5798 5798 0 0.4412782645 0.0270428814 0.4000626883 0.4845951099 0.08453242155 0.3926558089 0.489078051 0.09642224213 0.03274217082 0.0468989963 0.05138193747 nan nan
16 103221 419 419 0 0.4619760145 0.07797951177 0.2754004269 0.5145864691 0.2391860422 0.2275051331 0.5719985499 0.3444934168 -0.8879824319 0.2128580298 0.2607533236 nan nan
17 170313 20091 20091 0 0.6118005977 0.05741376616 0.5247406393 0.7099326596 0.1851920203 0.505519094 0.7418535504 0.2363344564 0.1206490386 0.1177140069 0.1496348976 nan nan
18 117580 3497 3497 0 0.6899465445 0.04627496382 0.6025661156 0.7370217595 0.1344556439 0.5858489384 0.8956261106 0.3097771722 -0.1447765412 0.1090666604 0.1847922938 nan nan
19 110095 10667 10667 0 0.587485928 0.05456619772 0.4926230698 0.6646174669 0.1719943971 0.4783620982 0.7183625567 0.2400004585 0.001262419476 0.1083674877 0.121475267 nan nan
20 38447 494 494 0 0.4083565283 0.06909814687 0.2943346257 0.5082844922 0.2139498665 0.2759678569 0.5729713754 0.2970035186 0.02985253336 0.1239461486 0.1634042343 nan nan
21 15889 12009 12009 0 0.3690341631 0.05225978793 0.2967558243 0.4641177814 0.1673619571 0.2759808255 0.4886047653 0.2126239398 0.241848357 0.09186421592 0.1145155813 nan nan
22 33705 564 564 0 0.2092110141 0.04799662987 0.1696394429 0.3253803831 0.1557409402 0.168591401 0.3588525073 0.1902611063 0.9602696784 0.1137922287 0.1472643529 nan nan
23 153922 2514 2514 0 0.5596652504 0.0838795942 0.4791274091 0.7194440419 0.2403166328 0.4030483833 0.8301322493 0.427083866 0.3692806088 0.1611508001 0.2718390075 nan nan
24 175498 2691 2691 0 0.3806404296 0.02864541276 0.3619578006 0.4377829701 0.07582516951 0.3595597356 0.5550590695 0.1954993339 1.72021958 0.04561432339 0.1628904227 nan nan
25 153596 2192 2192 0 0.6059653254 0.08571861475 0.5041067377 0.7455812113 0.2414744736 0.4355737086 0.7501700804 0.3145963719 0.1682603261 0.1464636388 0.1636568227 nan nan
26 209733 3164 3164 0 0.5943116115 0.08831244361 0.4749664481 0.7600773297 0.2851108816 0.4417591419 0.8348095937 0.3930504518 0.3236324166 0.1555901234 0.2156928178 nan nan
27 88936 1984 1984 0 0.4944557761 0.01929104315 0.4441020523 0.5062796942 0.06217764185 0.4000752559 0.5702470566 0.1701718007 -2.164898501 0.05545276782 0.09898548156 nan nan
28 156534 402 402 0 0.5807365664 0.1036838664 0.4427906316 0.7446535386 0.301862907 0.3566079724 0.8954556795 0.5388477071 0.149100218 0.1877137234 0.3124193839 nan nan
29 80421 6371 6371 0 0.4446099292 0.02680707602 0.3971340758 0.4814494434 0.08431536767 0.3786095637 0.4890097732 0.1104002095 -0.2241648386 0.04772169338 0.0563266345 nan nan
30 65633 325 325 0 0.3035910272 0.05407334896 0.2096421748 0.3578784439 0.1482362691 0.1808808282 0.3901875215 0.2093066933 -0.3158659068 0.1083863325 0.1371476791 nan nan
31 211064 21322 21322 0 0.4333372077 0.03875119789 0.3896151489 0.5164634699 0.126848321 0.3568561781 0.5695377247 0.2126815466 0.6602935598 0.08085324264 0.1339274974 nan nan
32 30556 17 17 0 0.2502852061 0.1028891222 0.2037040286 0.4748962674 0.2711922388 0.1950360604 0.5039491085 0.3089130482 0.6031569223 0.2246110614 0.2536639024 nan nan
33 32446 119 119 0 0.3158932049 0.07969060322 0.2162867913 0.4434605395 0.2271737482 0.1728107296 0.4887002064 0.3158894768 0.3830725356 0.1380319333 0.1680987806 nan nan
34 33137 688 688 0 0.334065394 0.04740820502 0.2450753624 0.4046288214 0.159553459 0.2254549829 0.4170346165 0.1915796336 -0.1581344827 0.1085989994 0.1282193789 nan nan
35 181866 2664 2664 0 0.5172909684 0.032653849 0.4875958156 0.583638819 0.09604300343 0.4208176164 0.652304838 0.2314872217 0.4866271148 0.08072656568 0.1493309781 nan nan
36 40012 5056 5056 0 0.3433077028 0.03851710172 0.2699284934 0.3908150802 0.1208865868 0.2551070033 0.4008475452 0.1457405419 -0.3408328383 0.07607575974 0.09089724987 nan nan
37 76930 4721 4721 0 0.5314974035 0.01774689378 0.4956795801 0.551699396 0.05601981595 0.4882844047 0.5563450703 0.06806066563 -0.4259053805 0.04715939136 0.05455456675 nan nan
38 28967 93 93 0 0.2481086945 0.06574685284 0.2334635836 0.4273119872 0.1938484036 0.2262039148 0.5476911816 0.3214872668 2.514693431 0.1766860559 0.2970652504 nan nan
39 33028 1409 1409 0 0.2283451236 0.04401164472 0.1734288798 0.3099479754 0.1365190955 0.1711268948 0.3402609225 0.1691340277 0.3427668093 0.09112957749 0.1214425246 nan nan
40 22717 754 754 0 0.2332335373 0.03035369823 0.2221407134 0.2481973657 0.02605665225 0.2164241313 0.5108531897 0.2944290584 7.678566509 0.01514591027 0.2769643658 nan nan
41 36842 148 148 0 0.4223772439 0.06289825269 0.3076316015 0.5092983559 0.2016667544 0.2768028649 0.5161493138 0.2393464489 -0.3465583744 0.1136733734 0.1445021101 nan nan
42 56628 508 508 0 0.5075806824 0.00942055161 0.490412887 0.5156077607 0.02519487373 0.4683908338 0.5728380059 0.1044471721 0.9613252883 0.01544048009 0.06711235502 nan nan
43 204665 1058 1058 0 0.5395483482 0.06987168795 0.4780641567 0.6977688978 0.2197047411 0.4390734632 0.8884901536 0.4494166904 1.218679319 0.1376881898 0.3284094456 nan nan
44 144185 24308 24308 0 0.543031573 0.08271992033 0.4443126767 0.6910557188 0.2467430421 0.430629085 0.7150700487 0.2844409637 0.2801328992 0.1569672373 0.1809815673 nan nan
45 12322 735 735 0 0.1985326893 0.01243122326 0.1826997348 0.2212304768 0.03853074195 0.168193931 0.2454770032 0.07728307222 0.2707148184 0.02402691285 0.04686415138 nan nan
46 46161 3495 3495 0 0.2963381249 0.03857281671 0.2505476252 0.377240038 0.1266924128 0.2355968514 0.4208422722 0.1852454208 0.5350932841 0.09023388292 0.1338361171 nan nan
47 100814 2667 2667 0 0.4164752237 0.06275564272 0.2895292032 0.4862085684 0.1966793652 0.2504473987 0.5033967836 0.2529493849 -0.4992131902 0.1098912708 0.1489730754 nan nan
48 35340 1181 1181 0 0.2531458915 0.01368722066 0.2252267657 0.2710710905 0.04584432476 0.2098502277 0.2887982437 0.07894801598 -0.4700940044 0.02894755655 0.04124235733 nan nan
49 147868 3518 3518 0 0.4513982658 0.07091372488 0.3562501163 0.5637555189 0.2075054026 0.3533386986 0.6264576821 0.2731189835 0.1582931868 0.14102455 0.2037267133 nan nan

K=50, phase=backward, parameter=w [deg]
cluster representative_source n_cluster n_valid n_missing median std p05 p95 width90 minimum maximum range skewness error95 error_max angle_origin_deg angle_resultant
0 96248 24774 24774 0 -1.401067738 4.925251005 -5.799371482 10.4393031 16.23867458 -6.805623816 13.96776695 20.77339077 0.9458970372 11.88704122 15.41550507 20.08603961 0.9963121856
1 18323 3 3 0 -1.76804214 7.573281901 -7.603324026 8.861258507 16.46458253 -8.25168868 10.04229191 18.29398059 0.829860646 17.64561594 18.29398059 196.9567494 0.9912834638
2 49728 567 567 0 -2.1206188 5.887033517 -3.66239067 13.71624723 17.3786379 -22.15356383 19.71843818 41.87200201 1.007631175 17.74089098 23.23274128 195.7891135 0.9947495356
3 49068 4837 4837 0 -1.57339398 5.677185699 -6.59918465 12.14399441 18.74317906 -7.626779452 20.00699328 27.63377274 1.149959541 14.79765946 22.66065833 191.5824189 0.9951064004
4 149492 708 708 0 0.002789108358 3.893985077 -6.03744077 8.461327298 14.49876807 -14.17677433 12.14013965 26.31691398 0.09832795297 9.586826215 15.07048127 24.81603297 0.9976961716
5 55617 6329 6329 0 0.08361538648 3.061978179 -4.522792982 3.889285186 8.412078168 -35.93147334 10.41856578 46.35003912 -4.066924653 7.105125489 38.44695678 207.5406948 0.9985880309
6 90596 1051 1051 0 -3.03051223 5.724780402 -4.700174073 11.95999642 16.66017049 -4.873715272 15.98592895 20.85964422 1.094381398 13.48869342 17.51462595 15.48882197 0.9950203572
7 171344 397 397 0 2.12036605 5.541263854 -11.31833644 5.258666813 16.57700325 -14.72084273 5.876628634 20.59747136 -0.9579744589 15.22850191 18.6310082 31.16556772 0.9953333194
8 8686 2980 2980 0 -0.3171454406 2.892250685 -2.305070942 1.562865194 3.867936136 -2.76301023 28.85789831 31.62090854 5.360824638 2.328954363 29.62398747 182.8884693 0.9987369392
9 29836 447 447 0 4.914031023 13.17869813 -26.83251149 13.13782597 39.97033746 -31.91051752 13.36311324 45.27363076 -0.8551820803 35.60635177 40.68435781 206.001851 0.973831497
10 33850 1686 1686 0 -0.1815580021 6.699218066 -5.356728764 15.68921713 21.0459459 -25.20601208 23.54707994 48.75309202 0.6347322985 20.61878811 25.04306278 196.6584177 0.993227835
11 54902 66 66 0 -0.8672123329 5.598783255 -3.784603831 7.870319723 11.65492355 -21.94846656 18.33938482 40.28785137 0.06953527766 13.54779915 21.35771203 195.7423243 0.9952513822
12 154799 111 111 0 0.06591706188 3.995592289 -5.461774689 8.357933448 13.81970814 -14.23585681 11.13132192 25.36717873 0.0365999079 8.485647367 15.3609394 25.05906885 0.997574164
13 163665 2364 2364 0 0.3007827283 6.465751378 -10.0121126 7.639779055 17.65189165 -13.45729571 8.223248558 21.68054427 -0.2474775961 17.1542993 20.59948241 28.1037624 0.9936436195
14 37147 95 95 0 1.965808342 12.02237538 -33.29026244 10.68011466 43.97037709 -36.1640702 11.61915781 47.78322802 -1.832148523 42.18821228 45.06202005 208.3204749 0.9784150452
15 50370 5798 5798 0 -0.1038017788 2.708692171 -4.159067937 4.682519256 8.841587193 -7.235731671 17.10289028 24.33862195 0.2606817859 5.203992299 17.43725167 197.8000053 0.9988831548
16 103221 419 419 0 -2.482629104 9.452505654 -9.696234256 18.60846779 28.30470205 -26.32177947 19.11248359 45.43426306 0.4794278257 15.71905051 29.65573866 200.5824699 0.9864722598
17 170313 20091 20091 0 -0.03452171306 2.56901605 -3.927643902 3.41856289 7.346206792 -6.020427717 13.59037434 19.61080205 1.196149459 5.686349323 12.11791492 20.55431206 0.9989961919
18 117580 3497 3497 0 -0.4702645105 2.340831499 -1.912389284 4.988034669 6.900423952 -13.21689992 9.071693292 22.28859321 0.1833784524 7.125512397 11.54094391 23.80457173 0.9991666865
19 110095 10667 10667 0 0.4912596706 2.781765698 -5.13152445 3.155177869 8.286702319 -18.28710671 5.16251556 23.44962227 -2.16416612 5.176137525 17.9231136 30.32485213 0.9988242253
20 38447 494 494 0 2.454818864 9.990405198 -21.17176961 7.808640084 28.98040969 -21.35620131 26.59409955 47.95030086 -1.004063947 24.01004625 24.19447795 192.9020029 0.9849357179
21 15889 12009 12009 0 -0.3796367629 3.496226689 -5.203920729 6.105257168 11.3091779 -6.339737442 7.793111439 14.13284888 0.2553349916 6.436066848 8.123921119 189.9593559 0.9981394537
22 33705 564 564 0 6.14152624 13.70717219 -28.9520922 12.22414594 41.17623814 -35.55897384 12.4954122 48.05438604 -1.005949083 37.6886181 44.29549973 207.7332061 0.971757553
23 153922 2514 2514 0 0.1979391881 3.74234839 -6.246395481 7.530084191 13.77647967 -14.18152406 12.19790653 26.37943058 0.01507154744 9.077338041 15.70919352 24.86522944 0.9978714489
24 175498 2691 2691 0 1.160515822 5.529617017 -10.18984636 6.47489917 16.66474553 -14.30993477 6.715182812 21.02511758 -0.5833149094 15.22964778 19.34973619 28.8790534 0.9953508177
25 153596 2192 2192 0 -0.2666848577 2.928790974 -3.560193642 6.670584235 10.23077788 -6.272818586 12.88847401 19.1612926 1.719824292 6.534752998 12.45026196 23.57880238 0.9986956831
26 209733 3164 3164 0 -3.263924928 7.209021573 -6.569657132 17.00394837 23.5736055 -7.457110003 18.20573106 25.66284107 1.263049324 21.31528405 22.51706674 18.15157847 0.9921193854
27 88936 1984 1984 0 -1.158650525 4.924372958 -5.678916021 10.43565836 16.11457438 -22.5242627 14.71547594 37.23973864 0.8336539907 10.27963587 22.83213343 199.4379453 0.9963155882
28 156534 402 402 0 -0.3040636559 4.810732533 -7.115107525 11.22820634 18.34331386 -13.39269666 12.58281711 25.97551378 0.332671185 11.78808485 13.46332541 24.47444541 0.9964853048
29 80421 6371 6371 0 -0.2074269403 3.360018403 -4.880225904 5.905524056 10.78574996 -12.13777008 10.17293972 22.31070981 0.2831968052 6.354297975 12.8723032 204.8277794 0.9982822056
30 65633 325 325 0 3.849477842 8.846182796 -14.27448311 6.187645302 20.46212842 -40.64808465 7.331896763 47.97998141 -2.637554508 19.20686551 45.58046704 212.1448327 0.9883401712
31 211064 21322 21322 0 0.2222828506 5.376952021 -8.545773133 7.54702001 16.09279314 -11.74386634 10.38423841 22.12810475 -0.08115692912 10.79346371 13.6306821 25.96662017 0.9956025614
32 30556 17 17 0 2.181994148 8.00462246 -11.95951118 11.8860528 23.84556398 -12.4735397 12.81842521 25.29196491 -0.3291543179 16.28704756 16.80107608 204.9445583 0.990271176
33 32446 119 119 0 -0.6389949999 10.94647757 -27.82403238 15.97828014 43.80231252 -28.80863369 18.31362612 47.12225981 -0.9605558364 27.31707024 28.30167154 200.5112639 0.9819750398
34 33137 688 688 0 1.032824972 9.373439297 -25.54590795 18.94566975 44.4915777 -26.38114931 22.36635779 48.74750711 -1.030651714 26.68373721 27.51897858 197.8807107 0.9868001455
35 181866 2664 2664 0 0.9223565787 2.467185611 -4.972508064 1.766388422 6.738896485 -11.71224981 11.96783223 23.68008205 -1.423323214 6.097916007 12.62836318 24.36104059 0.9990741778
36 40012 5056 5056 0 0.11591485 1.987399804 -3.562027258 2.927684106 6.489711364 -8.264706932 3.618394768 11.8831017 -0.5135556106 4.306047164 9.008726839 202.1441939 0.9993986043
37 76930 4721 4721 0 -0.6747138253 6.708616285 -9.050186091 11.930322 20.98050809 -10.61696085 14.55664709 25.17360794 0.3498975171 11.18019988 13.25994403 191.3364033 0.9931608128
38 28967 93 93 0 1.495781957 5.264883079 -8.605879253 3.988174006 12.59405326 -14.66975716 12.68078762 27.35054479 -0.3993632749 10.70244286 16.16553912 206.8012559 0.9957873294
39 33028 1409 1409 0 9.00127798 15.89244554 -31.95466299 12.77968593 44.73434892 -34.14102221 13.06228954 47.20331176 -0.975685144 41.18288505 43.36924428 205.7560923 0.9621188991
40 22717 754 754 0 0.2963886915 3.13351944 -4.875247225 3.530259986 8.405507211 -14.79519927 12.42206895 27.21726822 0.5216000575 5.412624926 14.61045456 206.6394513 0.9985073202
41 36842 148 148 0 -0.7842068803 5.12756189 -4.075735525 9.094612331 13.17034786 -23.12490847 22.69729136 45.82219983 0.460385912 12.12453635 24.64871636 195.9881745 0.9960212931
42 56628 508 508 0 -0.9696576203 3.796717076 -3.763047694 7.132098714 10.89514641 -20.06624902 11.84243831 31.90868733 0.1049317864 9.879685836 17.45039308 195.2735308 0.997808835
43 204665 1058 1058 0 -1.157050145 6.517620703 -8.317900806 10.00877497 18.32667578 -15.41836288 10.3677397 25.78610258 0.08085183044 18.29126491 18.65022963 26.02114373 0.9935440036
44 144185 24308 24308 0 0.04608760368 2.137411052 -3.526455538 3.30026252 6.826718058 -14.15107502 8.051786306 22.20286133 -0.2279357957 5.117783229 15.71079765 27.76119842 0.9993044589
45 12322 735 735 0 2.237577004 7.276903931 -14.43161191 7.915079642 22.34669155 -26.98413018 17.40577578 44.38990597 -1.075005342 15.9871758 28.53969408 201.0508127 0.991983479
46 46161 3495 3495 0 1.274661145 5.293045205 -10.95599974 7.262608792 18.21860854 -39.4950658 8.51879968 48.01386548 -1.265423033 13.09757946 41.63664552 210.9987554 0.9957519535
47 100814 2667 2667 0 2.122543106 9.45917275 -16.05849623 12.91656162 28.97505785 -16.66271656 13.34410247 30.00681902 -0.3635306913 24.40073764 25.00495796 206.7071914 0.986427077
48 35340 1181 1181 0 -0.01875614168 3.02683945 -5.337017358 6.048844385 11.38586174 -10.46631331 8.49839257 18.96470588 0.1130860394 7.423233682 10.58425048 211.8562494 0.9986060535
49 147868 3518 3518 0 1.504349639 4.100027416 -10.24863703 2.881613979 13.130251 -19.67075509 3.067400023 22.73815512 -2.230505943 12.96973694 22.39185501 33.87176782 0.9974479082

K=50, phase=forward, parameter=eps [km^2/s^2]
cluster representative_source n_cluster n_valid n_missing median std p05 p95 width90 minimum maximum range skewness error95 error_max angle_origin_deg angle_resultant
0 96248 24774 24774 0 -0.1548212785 0.03121749654 -0.1962449979 -0.09915635489 0.09708864302 -0.2077171826 -0.09048652349 0.1172306591 0.2387736504 0.05325798673 0.06473017138 nan nan
1 18323 3 3 0 -0.2096074205 0.3376741215 -0.8174655543 -0.1413830744 0.6760824799 -0.885005347 -0.1338025915 0.7512027555 -1.666813731 0.7436222726 0.7512027555 nan nan
2 49728 567 567 0 -0.1814671548 0.07580200727 -0.2135214526 -0.1161791465 0.09734230613 -0.8447394359 -0.08271191838 0.7620275175 -6.622250184 0.04960229856 0.6799090667 nan nan
3 49068 4837 4837 0 -0.9561452879 0.02649547506 -0.985677308 -0.9055337972 0.08014351078 -0.9895364382 -0.8934464325 0.09609000571 0.3826132855 0.04702570413 0.05911306887 nan nan
4 149492 708 708 0 -0.183269487 0.1179726823 -0.2472580358 -0.1152507481 0.1320072877 -0.9533668881 -0.08886516406 0.864501724 -5.300853804 0.09357220183 0.7452041162 nan nan
5 55617 6329 6329 0 -0.2364821294 0.007932888178 -0.2478900886 -0.2217928292 0.02609725942 -0.2507429723 -0.2095942485 0.04114872379 0.2566702325 0.01762845751 0.02982703817 nan nan
6 90596 1051 1051 0 -0.8316381516 0.01409582369 -0.8625750209 -0.8142622227 0.04831279822 -0.9299306525 -0.8067544424 0.1231762102 -2.553804957 0.03319765346 0.1005532851 nan nan
7 171344 397 397 0 -0.2053702708 0.2896527651 -0.9156191143 -0.1164393854 0.7991797289 -1.016916367 -0.05348394016 0.9634324271 -1.313344495 0.7084820128 0.8097792658 nan nan
8 8686 2980 2980 0 -0.8808496632 0.01643776757 -0.8996555438 -0.8611061618 0.03854938201 -0.9799422865 -0.8546976511 0.1252446354 -2.066862988 0.02275771173 0.1030444544 nan nan
9 29836 447 447 0 -0.1772861906 0.1262236052 -0.2159658686 -0.07660740194 0.1393584667 -0.9020521112 -0.04437929461 0.8576728166 -4.425499258 0.1334704472 0.7090330627 nan nan
10 33850 1686 1686 0 -0.9171360961 0.04723453418 -0.9774161749 -0.810773664 0.1666425109 -1.020656292 -0.8063625598 0.2142937317 0.4179422102 0.1111007862 0.1155118904 nan nan
11 54902 66 66 0 -0.1998007865 0.3103295563 -0.8872925643 -0.115676483 0.7716160813 -0.9710629263 -0.05154323718 0.9195196891 -1.012169998 0.7581438033 0.8419141653 nan nan
12 154799 111 111 0 -0.2103713249 0.3276972753 -0.9558721998 -0.1152501305 0.8406220693 -0.9769988255 -0.04671985241 0.9302789731 -0.7493177941 0.7435956732 0.7647222989 nan nan
13 163665 2364 2364 0 -0.8378033504 0.04491722418 -0.9635865637 -0.8090753527 0.154511211 -1.020820046 -0.807091806 0.2137282399 -1.742219844 0.1244997786 0.1817332609 nan nan
14 37147 95 95 0 -0.1939698926 0.04598643929 -0.2417189223 -0.1053908579 0.1363280644 -0.2591843722 -0.04389160369 0.2152927685 0.8868145162 0.09350352406 0.1550027782 nan nan
15 50370 5798 5798 0 -0.1723488014 0.07480000624 -0.2133907488 -0.1314474257 0.08194332311 -0.8369784331 -0.1248024561 0.7121759769 -7.433852499 0.0471348504 0.6707225347 nan nan
16 103221 419 419 0 -0.855503073 0.03156190654 -0.9219383246 -0.814879958 0.1070583666 -0.9674652361 -0.8067424946 0.1607227415 -0.5729173578 0.06407068455 0.09072662283 nan nan
17 170313 20091 20091 0 -0.09558892393 0.02734107762 -0.1539636972 -0.06669579673 0.08726790047 -0.1958973255 -0.05885393284 0.1370433927 -0.9062783418 0.07620796166 0.11814159 nan nan
18 117580 3497 3497 0 -0.1673897438 0.04905187611 -0.2103933657 -0.1133758312 0.09701753455 -0.8278975938 -0.08936145692 0.7385361369 -6.686303936 0.0605014075 0.6540827894 nan nan
19 110095 10667 10667 0 -0.8768875629 0.02570207566 -0.9300477318 -0.8434084933 0.08663923844 -0.9688373888 -0.8370670676 0.1317703212 -0.7493625274 0.05888532776 0.09767498476 nan nan
20 38447 494 494 0 -0.2429922391 0.01478637253 -0.2577602069 -0.2123246014 0.04543560559 -0.2581545765 -0.1965307061 0.06162387048 0.6119237217 0.03242592167 0.04821981697 nan nan
21 15889 12009 12009 0 -0.9648665302 0.0329812725 -1.002243078 -0.9020319541 0.1002111239 -1.008564402 -0.8911740448 0.1173903569 0.3686530887 0.05453313404 0.06539104336 nan nan
22 33705 564 564 0 -0.9028138061 0.04385062646 -0.9786973896 -0.8497548732 0.1289425164 -0.9808685396 -0.8444524682 0.1364160714 -0.2203826606 0.08551908675 0.08769023673 nan nan
23 153922 2514 2514 0 -0.9018045494 0.05084328701 -0.975101874 -0.8100349036 0.1650669704 -1.019554213 -0.8067932353 0.2127609779 0.1344283891 0.09727444669 0.1125688399 nan nan
24 175498 2691 2691 0 -0.8258203572 0.01734633036 -0.8586143078 -0.8078100546 0.05080425323 -0.9773952787 -0.8072241291 0.1701711496 -1.205624327 0.04915643593 0.1679374068 nan nan
25 153596 2192 2192 0 -0.2357601013 0.0203672757 -0.2584583009 -0.1976829906 0.0607753103 -0.2593009963 -0.1827438537 0.07655714261 0.3698797974 0.04196304491 0.05690218181 nan nan
26 209733 3164 3164 0 -0.8424668255 0.01786715947 -0.875963113 -0.8301930223 0.04577009068 -1.018986003 -0.8081915054 0.2107944972 -3.032558425 0.03385555661 0.1754841972 nan nan
27 88936 1984 1984 0 -0.1414959831 0.09642391503 -0.1878668391 -0.1207958925 0.06707094658 -0.8391354673 -0.1182603225 0.7208751447 -6.420036599 0.05697108696 0.7082397151 nan nan
28 156534 402 402 0 -0.8462097167 0.05383459341 -0.9746058073 -0.81779277 0.1568130373 -1.020582924 -0.8071752183 0.2134077055 -0.9625385672 0.1456948733 0.1916719899 nan nan
29 80421 6371 6371 0 -0.218425551 0.01787268158 -0.2315751701 -0.1867952011 0.04477996897 -0.8409721946 -0.1466032541 0.6943689406 -12.62248175 0.0354365658 0.6188383389 nan nan
30 65633 325 325 0 -0.8328677518 0.032780685 -0.8951939601 -0.8162065877 0.07898737237 -1.016039863 -0.806680498 0.2093593654 -2.335604533 0.06817285268 0.189018756 nan nan
31 211064 21322 21322 0 -0.8771919131 0.02808999154 -0.9343798543 -0.84223466 0.09214519435 -0.9809766924 -0.8338374534 0.147139239 -0.6117215006 0.05308127579 0.08737835951 nan nan
32 30556 17 17 0 -0.2406471442 0.3744971905 -0.9842722594 -0.1036632146 0.8806090448 -1.020440955 -0.05015293497 0.9702880201 -0.1344550075 0.7752443992 0.8114130948 nan nan
33 32446 119 119 0 -0.8512903733 0.2191137989 -0.9735070312 -0.1528386968 0.8206683344 -1.019495257 -0.1150857631 0.904409494 2.407776553 0.681052613 0.7188055467 nan nan
34 33137 688 688 0 -0.1751918169 0.1103281314 -0.21469777 -0.05217870772 0.1625190622 -0.8983129842 -0.04398107964 0.8543319046 -4.721323742 0.1422368772 0.7081250958 nan nan
35 181866 2664 2664 0 -0.1570822221 0.07743925515 -0.208160261 -0.1104039061 0.0977563549 -1.020807534 -0.1064580462 0.9143494879 -8.483989146 0.05912996176 0.8515705913 nan nan
36 40012 5056 5056 0 -0.1790499492 0.09173515942 -0.2172110496 -0.1470593907 0.07015165884 -0.8370536649 -0.1395522048 0.6975014601 -6.328191788 0.04291628221 0.6627588976 nan nan
37 76930 4721 4721 0 -0.878405176 0.02443557683 -0.9290979889 -0.8505955085 0.07850248036 -0.9713917668 -0.8235430112 0.1478487556 -0.8035037962 0.0423775922 0.08255921306 nan nan
38 28967 93 93 0 -0.1907902559 0.1961213893 -0.8127266162 -0.1083963839 0.7043302323 -0.9500665357 -0.06684726198 0.8832192738 -2.770765807 0.607966666 0.7453065855 nan nan
39 33028 1409 1409 0 -0.2466556916 0.01222493861 -0.2565022293 -0.2230579944 0.03344423489 -0.2574162916 -0.1774991663 0.07991712527 1.222670535 0.01920000655 0.06475883465 nan nan
40 22717 754 754 0 -0.8272288143 0.01797140513 -0.8755001263 -0.8123365634 0.06316356293 -0.9766414134 -0.8067015667 0.1699398467 -2.607073223 0.05199161155 0.1531328986 nan nan
41 36842 148 148 0 -0.9200384054 0.04775528317 -0.9761166799 -0.8271629689 0.148953711 -1.017761335 -0.8073250056 0.2104363298 0.4510114032 0.08553054187 0.1088198354 nan nan
42 56628 508 508 0 -0.921264893 0.04597832386 -0.9770263079 -0.8238508665 0.1531754414 -1.020173947 -0.8065969142 0.2135770324 0.4773101253 0.1056803294 0.1229342817 nan nan
43 204665 1058 1058 0 -0.1972056607 0.1035364585 -0.2569132147 -0.1082039621 0.1487092526 -0.9015089415 -0.04380055914 0.8577083824 -4.779969943 0.1318677468 0.695761215 nan nan
44 144185 24308 24308 0 -0.9376396839 0.02100531139 -0.9678249858 -0.9000025341 0.06782245176 -0.9830183099 -0.8503133897 0.1327049202 0.220022953 0.03707395861 0.08468645496 nan nan
45 12322 735 735 0 -0.8207854428 0.04604582188 -0.8765561577 -0.8124267213 0.06412943642 -0.9761500819 -0.05092914045 0.9252209414 10.83298123 0.06012314637 0.7681691638 nan nan
46 46161 3495 3495 0 -0.1950472268 0.04810442457 -0.2210210718 -0.1289241148 0.09209695698 -0.9787945031 -0.06639890081 0.9123956023 -9.528791102 0.05932116391 0.7925701467 nan nan
47 100814 2667 2667 0 -0.9092630959 0.03832951426 -0.9765302494 -0.8493176174 0.127212632 -0.9819994091 -0.8085486977 0.1734507113 -0.06864605765 0.06696905995 0.1077379797 nan nan
48 35340 1181 1181 0 -0.09060193791 0.06709041117 -0.1538854186 -0.0461864724 0.1076989462 -0.8449529213 -0.04458452764 0.8003683936 -7.677095255 0.07432502536 0.765392528 nan nan
49 147868 3518 3518 0 -0.1654699223 0.05982111691 -0.2043927455 -0.1064611975 0.09793154796 -0.8272064173 -0.1040320726 0.7231743447 -7.132039877 0.06059734359 0.660545277 nan nan

K=50, phase=forward, parameter=e [-]
cluster representative_source n_cluster n_valid n_missing median std p05 p95 width90 minimum maximum range skewness error95 error_max angle_origin_deg angle_resultant
0 96248 24774 24774 0 0.6286861658 0.07648000162 0.5251379829 0.7633306438 0.2381926609 0.494597556 0.784138242 0.289540686 0.214300709 0.1323727564 0.1629131834 nan nan
1 18323 3 3 0 0.490918675 0.1318585966 0.3716430864 0.6608554518 0.2892123654 0.3583902432 0.6797373159 0.3213470727 0.5157834327 0.3024652086 0.3213470727 nan nan
2 49728 567 567 0 0.5622638038 0.09380357147 0.4805492248 0.7223135958 0.241764371 0.1702037848 0.8029346747 0.6327308899 -0.1841864835 0.1237245828 0.4335216064 nan nan
3 49068 4837 4837 0 0.4795150738 0.04221388477 0.3957330107 0.5238395792 0.1281065685 0.3738368212 0.5294155266 0.1555787054 -0.4582413843 0.07812247776 0.1000186672 nan nan
4 149492 708 708 0 0.5577184949 0.09713770613 0.4050629089 0.7245861643 0.3195232555 0.317284889 0.7879482855 0.4706633965 -0.03454737635 0.2298725299 0.2932346511 nan nan
5 55617 6329 6329 0 0.4187956584 0.02176226246 0.3867769982 0.4583078349 0.07153083677 0.3786585479 0.4914756193 0.1128170714 0.2202843433 0.04737803212 0.0805458165 nan nan
6 90596 1051 1051 0 0.2433648932 0.03296679557 0.1942560307 0.3146779281 0.1204218974 0.1700181651 0.4376589476 0.2676407825 1.684105809 0.0769610438 0.1999420633 nan nan
7 171344 397 397 0 0.5056755552 0.1401263155 0.2429741443 0.7217217722 0.4787476279 0.1715385983 0.8726010776 0.7010624792 -0.1877689917 0.2583210759 0.3756238744 nan nan
8 8686 2980 2980 0 0.3496817315 0.03030425048 0.3099467214 0.3849353403 0.07498861882 0.2961950764 0.5154629321 0.2192678558 1.692990608 0.04358878444 0.1733522696 nan nan
9 29836 447 447 0 0.5727170191 0.1191771913 0.474081641 0.8175009734 0.3434193324 0.2132005794 0.8942666422 0.6810660628 0.08928661413 0.3047073086 0.3612055532 nan nan
10 33850 1686 1686 0 0.4161082184 0.08845509394 0.1839032292 0.5117880099 0.3278847807 0.1685723685 0.5727162374 0.4041438689 -0.8200603294 0.2402606863 0.255591547 nan nan
11 54902 66 66 0 0.5161023227 0.1649002205 0.2205663404 0.7235504071 0.5029840667 0.204969503 0.8772211912 0.6722516882 -0.206568074 0.4704583341 0.4860551715 nan nan
12 154799 111 111 0 0.4951531584 0.1634307146 0.2264814191 0.7245858178 0.4981043986 0.1698141831 0.8887012719 0.7188870888 -0.09611393938 0.2759407376 0.404824026 nan nan
13 163665 2364 2364 0 0.2580355219 0.08915355596 0.177585148 0.4910704759 0.3134853279 0.1710855758 0.5729557573 0.4018701815 1.243346106 0.2321880746 0.314073356 nan nan
14 37147 95 95 0 0.5306821497 0.1149440911 0.4031782097 0.7483095837 0.345131374 0.3535949382 0.8954250633 0.5418301251 0.781865488 0.2301846574 0.377300137 nan nan
15 50370 5798 5798 0 0.5848246279 0.07636331518 0.4802758049 0.6853490149 0.2050732101 0.177443952 0.7014729021 0.5240289502 -1.195650347 0.1197737815 0.4226056344 nan nan
16 103221 419 419 0 0.298896849 0.06649903732 0.1945287623 0.4243508485 0.2298220862 0.1698731259 0.4970718704 0.3271987445 0.1687480463 0.1484092255 0.1725524202 nan nan
17 170313 20091 20091 0 0.7719081696 0.06612007726 0.6301861981 0.8410401226 0.2108539245 0.5250959763 0.8597500074 0.3346540311 -0.9390536838 0.1844494767 0.2895396985 nan nan
18 117580 3497 3497 0 0.5974063909 0.08757503006 0.4886922576 0.7290763492 0.2403840916 0.1713813095 0.7870521522 0.6156708428 -0.1228556231 0.1479509641 0.4100573172 nan nan
19 110095 10667 10667 0 0.3429771904 0.04904556843 0.2714400205 0.4381177934 0.1666777729 0.2562301628 0.4991200569 0.2428898942 0.4981789712 0.1065906125 0.1675928761 nan nan
20 38447 494 494 0 0.4004430935 0.04055381294 0.3579904477 0.4825787436 0.1245882959 0.3568115374 0.5235158782 0.1667043408 0.5621112874 0.0877735952 0.1287107298 nan nan
21 15889 12009 12009 0 0.4927558524 0.05192629885 0.3891973064 0.5474114598 0.1582141534 0.3693317405 0.5562090262 0.1868772856 -0.4571754792 0.09074591341 0.1106114792 nan nan
22 33705 564 564 0 0.3910692704 0.07728316782 0.2857593888 0.5136510445 0.2278916556 0.2735320715 0.5168726041 0.2433405326 0.09510174186 0.1400537592 0.1432753189 nan nan
23 153922 2514 2514 0 0.3892156133 0.09753208388 0.1810779691 0.5083780968 0.3273001278 0.1700719612 0.5712727564 0.4012007953 -0.4575132916 0.217471353 0.2284773609 nan nan
24 175498 2691 2691 0 0.2287167687 0.04422336207 0.1734347044 0.3063514632 0.1329167587 0.1715852171 0.5112576671 0.3396724499 0.5534109889 0.1266111729 0.3315173768 nan nan
25 153596 2192 2192 0 0.4196989235 0.05519022059 0.3559609998 0.5205147306 0.1645537307 0.3534727016 0.5585088111 0.2050361095 0.3243172602 0.1115288214 0.149522902 nan nan
26 209733 3164 3164 0 0.2698888702 0.03740665351 0.2392652846 0.3417200872 0.1024548026 0.1747194828 0.5704249133 0.3957054305 2.003600477 0.07855513642 0.2979786139 nan nan
27 88936 1984 1984 0 0.6609774262 0.07971141392 0.5457099325 0.7111743524 0.1654644199 0.1755630098 0.7173034092 0.5417403995 -3.137181025 0.1410462309 0.5111931536 nan nan
28 156534 402 402 0 0.2783736523 0.1035095601 0.2056016623 0.5076680082 0.3020663459 0.1710055509 0.5726195203 0.4016139694 0.7436406756 0.2718361621 0.3367876742 nan nan
29 80421 6371 6371 0 0.4675185646 0.03658447461 0.4322244635 0.5487842333 0.1165597698 0.2582699332 0.6485272865 0.3902573533 1.304318491 0.0910375589 0.1997322163 nan nan
30 65633 325 325 0 0.2463444255 0.06685400265 0.2013854156 0.37752106 0.1761356445 0.1697123633 0.5665258078 0.3968134446 1.689687998 0.1460665991 0.3350713469 nan nan
31 211064 21322 21322 0 0.3437845453 0.05345814292 0.2689399986 0.4453422531 0.1764022544 0.2483060776 0.5165534965 0.268247419 0.3818469887 0.1089797142 0.1415865876 nan nan
32 30556 17 17 0 0.4861579655 0.1609053487 0.2496926502 0.75233285 0.5026401999 0.2473577244 0.8805307354 0.633173011 0.5944936401 0.2734801336 0.3884304586 nan nan
33 32446 119 119 0 0.3551226797 0.1321973489 0.2131819084 0.6332776376 0.4200957292 0.1860069399 0.7249603189 0.538953379 0.7989410952 0.3841917922 0.4758744735 nan nan
34 33137 688 688 0 0.5779630682 0.1285886271 0.4774111415 0.8757074247 0.3982962833 0.2618911883 0.8952125964 0.6333214081 0.5440874183 0.3354427877 0.3549479594 nan nan
35 181866 2664 2664 0 0.6228952334 0.08570221391 0.4949442344 0.7362745306 0.2413302962 0.2142340612 0.745760726 0.5315266648 -0.1504513868 0.1435590872 0.3786207629 nan nan
36 40012 5056 5056 0 0.5679998678 0.07306388098 0.4700371599 0.6472720327 0.1772348728 0.1771737652 0.6655965217 0.4884227564 -1.834386115 0.1098979385 0.4027613332 nan nan
37 76930 4721 4721 0 0.3454377258 0.04603994639 0.2874667751 0.4363388146 0.1488720395 0.2226371844 0.5029569112 0.2803197268 0.598881428 0.08331835636 0.1427821229 nan nan
38 28967 93 93 0 0.5393552204 0.1424051074 0.2944792612 0.7412649226 0.4467856613 0.1716030474 0.8407722387 0.6691691913 -0.5211277066 0.2972850708 0.3375066128 nan nan
39 33028 1409 1409 0 0.3901776791 0.0338706701 0.3617217313 0.4547400046 0.0930182733 0.3590706997 0.5730574674 0.2139867677 1.137410226 0.05130660885 0.1696240717 nan nan
40 22717 754 754 0 0.2315577189 0.04163652162 0.1880691322 0.3408310355 0.1527619034 0.1697682665 0.5106369833 0.3408687168 1.980144982 0.1190094721 0.2888154199 nan nan
41 36842 148 148 0 0.421084548 0.08909168209 0.2304671005 0.5099169465 0.279449846 0.1724339664 0.5688579778 0.3964240114 -0.7699830141 0.1715019668 0.2295351009 nan nan
42 56628 508 508 0 0.423150054 0.08536769951 0.2227685884 0.5112229526 0.2884543642 0.169493203 0.5721043294 0.4026111264 -0.8924657593 0.2141958265 0.2674712119 nan nan
43 204665 1058 1058 0 0.5227688295 0.1219067551 0.3618265337 0.7415696872 0.3797431535 0.1700666531 0.8956399398 0.7255732867 0.4049119748 0.2822780225 0.3947239259 nan nan
44 144185 24308 24308 0 0.4504647927 0.03446429216 0.3863080316 0.4975162379 0.1112082063 0.2882582101 0.5195540133 0.2312958032 -0.3185672845 0.06066653032 0.1578886472 nan nan
45 12322 735 735 0 0.2147010766 0.06092362677 0.1882761578 0.3475151713 0.1592390135 0.1722257304 0.8786828486 0.7064571182 4.434647704 0.1382909326 0.6694586098 nan nan
46 46161 3495 3495 0 0.5287225626 0.0709450849 0.4618575564 0.6917802773 0.2299227209 0.1988113311 0.8418395036 0.6430281725 0.8174100343 0.1435077736 0.352316578 nan nan
47 100814 2667 2667 0 0.4030249044 0.06799958644 0.2849962572 0.5105119356 0.2255156784 0.1768984382 0.5185090086 0.3416105704 -0.1447799533 0.1296150442 0.2377128632 nan nan
48 35340 1181 1181 0 0.7840751317 0.09668050272 0.6308076883 0.8899496835 0.2591419953 0.1705568463 0.893771873 0.7232150267 -1.259905905 0.1796407837 0.6398916256 nan nan
49 147868 3518 3518 0 0.6021749702 0.09076622271 0.5043229025 0.7457550789 0.2414321763 0.2062286491 0.7516027216 0.5453740725 -0.2122504365 0.1474302792 0.3930494139 nan nan

K=50, phase=forward, parameter=w [deg]
cluster representative_source n_cluster n_valid n_missing median std p05 p95 width90 minimum maximum range skewness error95 error_max angle_origin_deg angle_resultant
0 96248 24774 24774 0 -3.186760931 18.07213261 -22.30367551 33.77771493 56.08139043 -23.37701517 67.05573536 90.43275053 0.7281181908 47.1249877 80.40300814 174.2534593 0.9514221639
1 18323 3 3 0 17.47436192 58.6920137 -80.49148636 41.69076968 122.182256 -91.37658061 44.38148165 135.7580623 -1.463046384 133.0673503 135.7580623 220.0108864 0.5481755456
2 49728 567 567 0 -2.507186115 26.09032522 -27.43900225 38.91121187 66.35021412 -166.1227841 167.5214438 333.6442279 0.9889149041 58.64622848 179.1452834 320.2112781 0.9172179187
3 49068 4837 4837 0 -0.7536044753 13.39203406 -19.12033537 24.72927081 43.84960618 -21.81293268 38.3796009 60.19253358 0.4452527439 30.09519193 43.74552203 313.3794188 0.9729961358
4 149492 708 708 0 -4.165868481 31.56964317 -26.77253931 54.64415132 81.41669063 -52.58152325 174.1822472 226.7637704 2.450090435 50.30516813 169.8028918 48.76743005 0.8853832591
5 55617 6329 6329 0 -1.564782327 14.73939217 -21.09549792 24.78711302 45.88261094 -24.20967084 40.41213066 64.6218015 0.3100453571 26.07777837 36.35624405 189.7057821 0.9672926716
6 90596 1051 1051 0 -4.09626104 23.31180973 -27.65696251 42.01466937 69.67163188 -34.69360301 103.9626939 138.6562969 1.100943556 45.83838796 107.7864124 91.9763868 0.922008966
7 171344 397 397 0 0.4816715056 77.4306796 -160.3619552 142.6065539 302.9685091 -179.7537542 176.9554506 356.7092048 -0.2520747604 168.9618851 179.6304085 353.5421584 0.4667750256
8 8686 2980 2980 0 -1.681740401 6.058146883 -3.975930169 5.75722285 9.733153019 -4.127564727 57.98694671 62.11451143 4.310057946 9.186079579 61.41580344 293.5370569 0.9945526445
9 29836 447 447 0 -1.319681568 31.58524011 -24.40706748 42.29689099 66.70395848 -30.15230867 166.2356653 196.387974 3.162507205 58.76297114 179.8855537 271.6763381 0.8973276908
10 33850 1686 1686 0 -2.556293139 19.11416418 -32.89486069 30.44641349 63.34127418 -72.85676022 76.23833828 149.0950985 0.3432925199 46.40334082 83.35901859 46.2896502 0.9471100606
11 54902 66 66 0 -3.575300716 82.74585632 -164.3812878 154.9884753 319.369763 -174.8999142 163.9652227 338.8651368 -0.02084319316 165.2326167 174.2093641 82.36966966 0.4256570834
12 154799 111 111 0 -3.886710071 88.85101349 -129.4512687 168.2850944 297.7363632 -177.3913052 179.9500867 357.3413919 0.1604686627 174.7465522 179.5260067 173.2875108 0.2912171507
13 163665 2364 2364 0 -1.891880342 28.35123322 -36.61925408 52.47080192 89.090056 -41.21216992 105.1023565 146.3145265 0.563162948 58.36203061 83.56090301 70.22615659 0.8840216253
14 37147 95 95 0 1.152107739 36.68178664 -61.41827939 57.86597465 119.284254 -74.65243851 72.89932851 147.551767 -0.06490987787 68.1728263 78.97580835 26.49897271 0.8093336056
15 50370 5798 5798 0 -3.050718998 21.23179048 -11.35066918 25.82212223 37.17279141 -179.112418 179.4661027 358.5785208 2.007843184 34.21848557 179.9972489 174.0000437 0.9589050413
16 103221 419 419 0 -1.135797194 20.53222003 -28.77455708 36.7861713 65.56072838 -34.20461852 55.97574791 90.18036643 0.444891722 41.2413656 60.43094221 74.97209983 0.9374167832
17 170313 20091 20091 0 -2.898225028 15.67370402 -19.2113096 29.95288776 49.16419736 -21.38526404 67.60308299 88.98834703 0.9224196434 40.13484196 77.78503718 172.6779326 0.9634075104
18 117580 3497 3497 0 -3.39526739 18.42661555 -20.25145112 31.75000805 52.00145918 -160.3871677 159.8410873 320.228255 0.9772111673 48.66454496 176.7123065 285.8341934 0.953042998
19 110095 10667 10667 0 -4.810355544 18.50199603 -20.65166878 35.05776723 55.70943601 -21.8047703 72.59062014 94.39539044 0.9066719097 48.85831498 86.39116789 12.61753888 0.9492517352
20 38447 494 494 0 -3.956403897 24.85125476 -30.60576538 45.191962 75.79772739 -36.01841753 95.55012097 131.5685385 0.8724138082 55.60421122 105.9623702 249.3110775 0.9109214824
21 15889 12009 12009 0 -0.5042184817 6.784508728 -10.04757562 11.77604162 21.82361724 -11.77057876 21.50741886 33.27799762 0.3468480922 16.50634857 26.23772581 301.6118676 0.9930089951
22 33705 564 564 0 -0.2585761278 19.17026936 -28.96631761 31.79209387 60.75841148 -45.66340176 54.08099532 99.74439709 0.09651554921 43.6566653 65.94556675 16.51843867 0.9454693463
23 153922 2514 2514 0 -1.948247757 21.00314953 -28.24981693 36.84431672 65.09413364 -60.8693174 79.11494483 139.9842622 0.3223453259 54.72768829 96.99831641 136.9932584 0.935505006
24 175498 2691 2691 0 -2.5671201 13.40172049 -15.86767337 25.17672932 41.04440269 -17.09811331 90.53084482 107.6289581 1.190256668 26.7431664 92.0972819 15.56369131 0.9733285084
25 153596 2192 2192 0 -4.277255528 26.14758895 -32.43883231 52.05634671 84.49517902 -37.16992203 87.16124835 124.3311704 0.7381205892 68.78257069 103.8874723 234.3897686 0.9008460261
26 209733 3164 3164 0 -1.562395853 13.36622351 -16.88316119 23.43023426 40.31339545 -22.74577623 94.42561248 117.1713887 1.375779977 33.11673044 104.1121087 51.8794524 0.9736550816
27 88936 1984 1984 0 -3.282724305 28.44363815 -22.34691866 39.38693641 61.73385507 -169.2492927 173.839235 343.0885277 2.923641837 41.77265539 176.1709261 205.5078674 0.914535642
28 156534 402 402 0 0.1322621132 28.87247092 -51.51305948 43.78030381 95.29336329 -66.734665 80.62482815 147.3594932 0.02496016409 56.55537998 80.69654596 232.7430248 0.8799122371
29 80421 6371 6371 0 -1.389112145 18.67634954 -26.38182859 31.59681514 57.97864373 -31.40487979 172.5423168 203.9471966 0.6851344122 34.18835184 166.3441325 198.7505615 0.94887991
30 65633 325 325 0 -1.568547086 16.09177334 -19.68343649 25.00231207 44.68574856 -66.197865 71.27618379 137.4740488 0.7073896144 35.62618023 79.38814534 148.2250212 0.9624093309
31 211064 21322 21322 0 -2.787781726 18.74542529 -20.95771206 33.94834539 54.90605745 -24.30880144 109.2039395 133.5127409 1.759184628 37.70158488 112.957179 15.98790034 0.9500007526
32 30556 17 17 0 11.36699403 88.65077937 -132.8402472 88.194642 221.0348892 -146.8184004 117.1788274 263.9972278 -0.06578874018 177.6171936 179.5622049 108.0215582 0.09505745077
33 32446 119 119 0 -0.9275070085 56.06360058 -56.93242854 137.111551 194.0439795 -176.5182255 170.9451388 347.4633644 0.3142880457 159.4876359 177.7628157 245.3681456 0.7286339709
34 33137 688 688 0 -4.124828468 26.42246442 -23.17644117 34.94548061 58.12192177 -38.78344843 163.4862388 202.2696873 3.40085834 48.7429384 177.2836966 303.0939494 0.9233087059
35 181866 2664 2664 0 -0.8682517614 19.72739142 -19.44834231 22.94140887 42.38975118 -179.9504726 179.1879824 359.138455 -3.684655295 33.76907292 171.2143611 287.7117049 0.9575920664
36 40012 5056 5056 0 -2.457777264 25.74544107 -11.49485893 22.86688738 34.36174631 -179.8555678 179.8956752 359.751243 3.236385355 30.02801715 179.8966086 174.1822767 0.9463918136
37 76930 4721 4721 0 -2.811890435 13.14028252 -15.37526315 27.54091348 42.91617663 -16.96983164 52.99763838 69.96747002 1.004532464 30.32562545 55.78235035 307.2534669 0.9741190379
38 28967 93 93 0 -2.056900463 54.12318033 -91.68971418 59.84021466 151.5299288 -166.0741184 170.9269999 337.0011183 -0.2358157033 165.063551 171.1386496 50.02231199 0.730900739
39 33028 1409 1409 0 -3.11951565 19.61245091 -24.43165426 34.62972358 59.06137784 -26.12686511 79.21233384 105.339199 0.8883217095 34.56431263 70.36626621 207.0414162 0.9434488675
40 22717 754 754 0 -1.928395924 13.38758532 -19.14161181 18.52755136 37.66916317 -30.14590003 80.79569474 110.9415948 2.045461805 24.44761653 86.59685497 157.4304541 0.9740397315
41 36842 148 148 0 0.3123459028 27.74175248 -63.94082203 40.67778078 104.6186028 -76.13662872 53.63495445 129.7715832 -0.8666770276 60.70149536 66.84651676 163.1175799 0.8916859292
42 56628 508 508 0 2.202230068 27.47821365 -65.15574686 32.72370259 97.87944945 -76.13197465 74.90399393 151.0359686 -0.9542716189 64.15729443 76.98723547 58.07324227 0.8938894635
43 204665 1058 1058 0 -2.66572688 28.99573864 -25.05470141 37.4167873 62.47148871 -175.4411813 174.2653633 349.7065446 -1.678424772 38.51653107 178.6104854 332.1485401 0.911662541
44 144185 24308 24308 0 -2.794466591 14.82984901 -17.27652386 25.53447971 42.81100357 -18.06115981 90.66806039 108.7292202 1.123928897 36.89581528 102.029396 8.548254197 0.9673745234
45 12322 735 735 0 -2.459496687 16.76033288 -22.51247828 26.79113601 49.30361429 -56.80850552 160.6608119 217.4693174 2.879004947 34.87375792 167.6624133 163.9004016 0.9635159903
46 46161 3495 3495 0 -1.48338884 17.26399099 -20.50408112 27.44389318 47.9479743 -176.1062748 168.957783 345.0640578 0.6192334961 28.77315476 175.3415762 232.0105511 0.9622202856
47 100814 2667 2667 0 -3.463105577 14.9542048 -19.28730518 28.96175994 48.24906512 -22.28128631 47.8840552 70.16534151 0.6889055304 25.91270632 43.71216725 337.0593592 0.9664487333
48 35340 1181 1181 0 -2.201415813 20.98626096 -22.83026494 35.46386223 58.29412717 -166.6201513 156.849361 323.4695123 0.09234923922 39.14737064 163.2415741 266.4270523 0.9431461287
49 147868 3518 3518 0 -2.874120267 25.36244049 -30.26896535 41.84002629 72.10899164 -178.7335895 166.2037919 344.9373814 -0.06986267909 54.54481455 178.1958846 239.0414061 0.9178298581
