K,cluster,representative_source,phase,parameter,unit,n_cluster,n_valid,n_missing,median,std,p05,p95,width90,minimum,maximum,range,skewness,error95,error_max,angle_origin_deg,angle_resultant
10,0,181750,backward,eps,km^2/s^2,47920,47920.0,0.0,-0.1268624255483246,0.03958484291607163,-0.19514288908902241,-0.07214178157467117,0.12300110751435124,-0.23188559099245654,-0.058817793307683885,0.17306779768477265,-0.20121759194690159,0.0667311514758222,0.10018995289403498,nan,nan
10,1,160930,backward,eps,km^2/s^2,2213,2213.0,0.0,-0.1891160267483658,0.14857221575077528,-0.2581729976883146,-0.11446416621659683,0.14370883147171776,-1.0176690233481307,-0.04380722131250103,0.9738618020356297,-4.08361259408129,0.13677719643740682,0.827777912298839,nan,nan
10,2,31229,backward,eps,km^2/s^2,4929,4929.0,0.0,-0.8340899868629321,0.050056706829434895,-0.9716918209682286,-0.8125726176646915,0.15911920330353713,-1.020836128343177,-0.806208472304013,0.214627656039164,-1.2335655756292696,0.14127189292116604,0.1904162002961145,nan,nan
10,3,18261,backward,eps,km^2/s^2,17104,17104.0,0.0,-0.9046097251364508,0.03949338290193682,-0.9830975391538543,-0.8570228006711142,0.1260747384827401,-0.9915968795283152,-0.8455281706683686,0.1460687088599466,-0.38712367827340133,0.06801688530320879,0.07609222084973943,nan,nan
10,4,216018,backward,eps,km^2/s^2,8846,8846.0,0.0,-0.18664124882494443,0.05754018776967219,-0.2525795655148276,-0.057046912037895775,0.1955326534769318,-0.2582250091029896,-0.04391779137377705,0.21430721772921257,0.5955509428942671,0.118095188362669,0.13122430902678772,nan,nan
10,5,56494,backward,eps,km^2/s^2,18771,18771.0,0.0,-0.8653368355079021,0.024264898845304705,-0.9018020237993214,-0.8214332798409507,0.08036874395837068,-0.9749900020885928,-0.8063623697289342,0.1686276323596586,0.22243211649504124,0.051326928555717244,0.10264009086237114,nan,nan
10,6,168099,backward,eps,km^2/s^2,9888,9888.0,0.0,-0.1872549520257425,0.0448317304325529,-0.2554878784414146,-0.11250235163138964,0.14298552681002494,-0.2593276385082858,-0.06134792539939993,0.19797971310888585,0.00786066990799007,0.08007844746602436,0.13123287369801406,nan,nan
10,7,148986,backward,eps,km^2/s^2,58713,58713.0,0.0,-0.20941011142656085,0.03500635450012105,-0.24641953373008954,-0.13617683837630554,0.110242695353784,-0.2581106155868368,-0.1181607648246098,0.139949850762227,0.5161993763084199,0.07597142759344568,0.09398750114514143,nan,nan
10,8,78072,backward,eps,km^2/s^2,15687,15687.0,0.0,-0.9379211104348922,0.021327624553329403,-0.9700138787386136,-0.9074126707950066,0.0626012079436069,-1.0207392989867343,-0.8379491244275502,0.18279017455918412,0.5985698374062527,0.05255630393755985,0.12198498458644613,nan,nan
10,9,90582,backward,eps,km^2/s^2,9987,9987.0,0.0,-0.9778494024656433,0.040586832406388405,-1.0031453121275171,-0.8743099303548127,0.12883538177270437,-1.0086547271271056,-0.8065371397178525,0.20211758740925312,1.4666973050325516,0.11739887098446908,0.1851716616214294,nan,nan
10,0,181750,backward,e,-,47920,47920.0,0.0,0.6966135158101143,0.09657687783707926,0.5278327920876272,0.8280447894748089,0.30021199738718163,0.4303047440421292,0.8598376401626954,0.42953289612056617,-0.2323439539709534,0.16307207433236456,0.25488046026411465,nan,nan
10,1,160930,backward,e,-,2213,2213.0,0.0,0.543319284668522,0.12118493938908459,0.36205819687377194,0.7264546964733397,0.36439649959956777,0.17669300373752553,0.8956261106421681,0.7189331069046426,0.04397547137675462,0.2004961909498465,0.36434414421012606,nan,nan
10,2,31229,backward,e,-,4929,4929.0,0.0,0.24976820564799854,0.09876937066553367,0.1887338282317431,0.5032901938486999,0.31455636561695677,0.16819393098549065,0.5729713754320799,0.40477744444658925,0.993811947902334,0.2629068344244906,0.3325880160078706,nan,nan
10,3,18261,backward,e,-,17104,17104.0,0.0,0.3939343778811228,0.06845231849269859,0.3014446663783621,0.5200248256593544,0.21858015928099228,0.2759808255270147,0.5323640389430679,0.25638321341605325,0.23088025665203282,0.11520477959176852,0.13707287653760747,nan,nan
10,4,216018,backward,e,-,8846,8846.0,0.0,0.5495338363600569,0.14409943899092525,0.3730901406213935,0.8640779283981701,0.4909877877767766,0.3566637372686819,0.8953605839444655,0.5386968466757835,0.5117407432087111,0.2851640540182097,0.31644670956450505,nan,nan
10,5,56494,backward,e,-,18771,18771.0,0.0,0.3198830065426336,0.05238245846482147,0.21581907010826906,0.38965619888030073,0.17383712877203167,0.1685914010438332,0.5082041819629666,0.3396127809191334,-0.5484353587459898,0.11868197033568663,0.17385097009061634,nan,nan
10,6,168099,backward,e,-,9888,9888.0,0.0,0.5478616795329212,0.11410718565552487,0.36458482570861045,0.731229229981191,0.36664440427258055,0.35333869863390605,0.8538741339376211,0.500535435303715,-0.07460806191810976,0.19695319819357926,0.3195981021500094,nan,nan
10,7,148986,backward,e,-,58713,58713.0,0.0,0.49095576239867217,0.08965498591957662,0.3909252304086693,0.6738402931010777,0.28291506269240846,0.3569526799940352,0.7175385073147877,0.36058582732075256,0.45377631737550056,0.19045355464393612,0.23415176885764616,nan,nan
10,8,78072,backward,e,-,15687,15687.0,0.0,0.4509489253317804,0.035490170540742834,0.39967011896715715,0.5008162829250875,0.10114616395793036,0.2593354528371107,0.57285141266025,0.3135159598231393,-1.0030450813580547,0.08591258263440657,0.22623535877528766,nan,nan
10,9,90582,backward,e,-,9987,9987.0,0.0,0.5123496971638883,0.06842659736248742,0.33780256836805855,0.5486749156645216,0.2108723472964631,0.16931918759634287,0.5563450703171937,0.3870258827208508,-1.8224456501664381,0.1947901170543933,0.36327349782610907,nan,nan
10,0,181750,backward,w,deg,47920,47920.0,0.0,-0.777883819203808,4.865121395691584,-6.096729923402781,11.387655381163025,17.484385304565805,-7.64575583619083,15.923052538204445,23.568808374395275,1.2647725223260644,16.73315397628269,21.26855113332411,20.9261716265286,0.9964049398117478
10,1,160930,backward,w,deg,2213,2213.0,0.0,-0.9111820788918976,33.87873841384028,-8.466732350300548,10.350782174802942,18.81751452510349,-179.61753642738927,177.71899188775762,357.3365283151469,2.49285222437626,15.294914561263159,179.9994480679319,26.019379451837125,0.9179925483289676
10,2,31229,backward,w,deg,4929,4929.0,0.0,1.6199075456550531,9.218359346411626,-12.907916346664155,13.5921142564735,26.500030603137656,-32.363403581117495,16.494490292386246,48.85789387350374,-0.7725549240362778,19.98143596694144,39.43692320139479,203.860151628186,0.9871671387216405
10,3,18261,backward,w,deg,17104,17104.0,0.0,-0.3863570009741579,4.509220184439508,-6.412784829285386,7.0152508876823445,13.428035716967731,-8.242992232687328,22.298464276757272,30.5414565094446,0.9745616995950153,8.849181560678192,24.13239494975312,189.44790333005344,0.9969113527441253
10,4,216018,backward,w,deg,8846,8846.0,0.0,1.0955601228647112,7.595962954478626,-10.713307774398885,13.497885323101464,24.21119309750035,-11.408214303421772,14.616899407345898,26.02511371076767,0.24346467653652587,21.266634000133962,22.385648084378374,22.023321004728597,0.9912377830972892
10,5,56494,backward,w,deg,18771,18771.0,0.0,0.25773042809615276,7.534068956754776,-9.800681128414709,11.881996656483935,21.682677784898644,-34.50243898467539,14.273773699949857,48.77621268462525,-1.3721205971866115,15.612547330266665,40.31430518652735,205.95484463667432,0.9914503906067619
10,6,168099,backward,w,deg,9888,9888.0,0.0,-1.1640504517665704,4.982771974329356,-6.278273319003606,10.435235386822185,16.71350870582579,-15.293082519231007,11.058413504527124,26.35149602375813,0.8065746340408793,10.687125209159811,15.113083643274706,25.880754333090817,0.9962260193307628
10,7,148986,backward,w,deg,58713,58713.0,0.0,0.5375990024407429,4.158532397688839,-8.530224723041652,5.646852428990666,14.177077152032318,-15.143285892670377,8.691733889289878,23.835019781960256,-0.6988444253470697,12.853596131787224,19.46665730141592,27.65575883420884,0.9973698314016807
10,8,78072,backward,w,deg,15687,15687.0,0.0,-0.34753752104995783,5.371724030225457,-7.790160982274861,9.404425629080913,17.194586611355774,-27.014851251809546,19.60530860629001,46.620159858099555,0.2909887133554408,11.004520802712486,25.592871143867995,200.61066268816654,0.9956167683563817
10,9,90582,backward,w,deg,9987,9987.0,0.0,-1.6728273653236272,10.383914203750926,-13.145696916277842,21.15908352189191,34.30478043816976,-14.17226844430266,25.75356632032546,39.92583476462812,0.6976592455662791,19.33492264024053,23.92940543867408,194.2977275155445,0.9836967545632417
10,0,181750,forward,eps,km^2/s^2,47920,47920.0,0.0,-0.12842839768721115,0.041463331166054176,-0.19802161728002157,-0.07256937493764941,0.12545224234237218,-0.2587671268542854,-0.05885393284037144,0.19991319401391394,-0.31703814331827396,0.07331918569516993,0.13406469526943376,nan,nan
10,1,160930,forward,eps,km^2/s^2,2213,2213.0,0.0,-0.2568896731780902,0.355481425401782,-0.9654144077815168,-0.11583551645148284,0.849578891330034,-1.0205829238249695,-0.04380055913553149,0.976782364689438,-0.06985213599080226,0.8378396495993657,0.8930081656428185,nan,nan
10,2,31229,forward,eps,km^2/s^2,4929,4929.0,0.0,-0.21346711311523436,0.3575322992969388,-0.9070927873229703,-0.05288036621261127,0.854212421110359,-1.0203849539144754,-0.04389160369217371,0.9764933502223017,-0.11431952968334184,0.7663427889722519,0.8796349555637573,nan,nan
10,3,18261,forward,eps,km^2/s^2,17104,17104.0,0.0,-0.957866648363648,0.037133293467415625,-1.0004793902784446,-0.8854113209372119,0.1150680693412327,-1.0085644016778017,-0.8473067712219301,0.1612576304558716,0.40959610606315594,0.0648678970717586,0.10297244678704043,nan,nan
10,4,216018,forward,eps,km^2/s^2,8846,8846.0,0.0,-0.8437205241028478,0.04317143498096724,-0.9627155277664469,-0.8130923581375682,0.14962316962887867,-1.020820045950525,-0.8067544423545633,0.21406560359596172,-1.3561719845687963,0.13319187695441195,0.19129639513849006,nan,nan
10,5,56494,forward,eps,km^2/s^2,18771,18771.0,0.0,-0.2248127385134958,0.20809198934984685,-0.89303063497599,-0.15272295827695836,0.7403076766990316,-1.0206562915180895,-0.07493086740941213,0.9457254241086773,-2.617739193925543,0.6660975946650647,0.7937232512071641,nan,nan
10,6,168099,forward,eps,km^2/s^2,9888,9888.0,0.0,-0.17699416108144694,0.08580599839534672,-0.2521817078861784,-0.11140680908695834,0.14077489879922006,-1.0208075341283356,-0.06780546489835193,0.9530020692299837,-6.909111049008261,0.07582482980774995,0.8342948043711245,nan,nan
10,7,148986,forward,eps,km^2/s^2,58713,58713.0,0.0,-0.9015231566130261,0.039732654545212735,-0.9620599041013599,-0.8403471500723069,0.12171275402905302,-0.9809766924051869,-0.8071892914486543,0.17378740095653267,0.1080518732272237,0.07589969397059546,0.09270741361119916,nan,nan
10,8,78072,forward,eps,km^2/s^2,15687,15687.0,0.0,-0.1995036355183687,0.21185486032349465,-0.8938958978630585,-0.1293897830755178,0.7645061147875407,-0.9784930170578151,-0.11791661537917486,0.8605764016786402,-2.672273071505123,0.698478747551641,0.7830758667463977,nan,nan
10,9,90582,forward,eps,km^2/s^2,9987,9987.0,0.0,-0.890433432782255,0.036042301470580275,-0.9698258158182618,-0.8527961124806561,0.11702970333760565,-0.9852186064369326,-0.8124351423138624,0.17278346412307022,-0.640051748289707,0.06825738852835347,0.09040635697770194,nan,nan
10,0,181750,forward,e,-,47920,47920.0,0.0,0.6928875715028996,0.10163844934205128,0.5206212111640647,0.8270159499003877,0.30639473873632306,0.35504056762874453,0.8597500074356198,0.5047094398068752,-0.37263866742338614,0.1814747503747626,0.3470553939100827,nan,nan
10,1,160930,forward,e,-,2213,2213.0,0.0,0.48214150652521154,0.16115038369832213,0.22645359930496925,0.7231820580594678,0.49672845875449856,0.1698141830836259,0.8956399397956282,0.7258257567120023,0.28728270581350446,0.46838537682281645,0.5250247930441598,nan,nan
10,2,31229,forward,e,-,4929,4929.0,0.0,0.48543868023635134,0.23504519658319956,0.19324585977086542,0.8740274301142518,0.6807815703433864,0.16971236327555636,0.8954250633070769,0.7257127000315206,0.2345315639820123,0.4693217312873394,0.49285522778264845,nan,nan
10,3,18261,forward,e,-,17104,17104.0,0.0,0.4820902126775943,0.0599976632487934,0.3584643663262826,0.5449437126792985,0.18647934635301594,0.281614650199177,0.5562090261526239,0.27459437595344693,-0.5289638659928132,0.11170189539755992,0.1885516115246656,nan,nan
10,4,216018,forward,e,-,8846,8846.0,0.0,0.27245445262523116,0.0847109807591196,0.19058084551738252,0.48970100087372104,0.2991201553563385,0.17001816509090778,0.572955757279698,0.4029375921887903,1.0031750904946417,0.25236010302848955,0.33561485943446656,nan,nan
10,5,56494,forward,e,-,18771,18771.0,0.0,0.4577059812295445,0.09055205343054645,0.3616697984249154,0.6334666035180953,0.2717968050931798,0.16857236846964585,0.821500275083474,0.6529279066138282,0.24411570854525455,0.194284947394762,0.37613167145849274,nan,nan
10,6,168099,forward,e,-,9888,9888.0,0.0,0.5735427128670743,0.10503213251226846,0.3822780826038914,0.7338407688932796,0.35156268628938825,0.17006665311222163,0.8384885339059525,0.6684218807937308,-0.2997789477270116,0.18933652139892704,0.37956385543827137,nan,nan
10,7,148986,forward,e,-,58713,58713.0,0.0,0.38913605488630076,0.07408646519027089,0.26444420040905675,0.48878586383606515,0.2243416634270084,0.17140178779317194,0.5165534965409148,0.3451517087477428,-0.3792732300461238,0.13157089847921516,0.1934504146156968,nan,nan
10,8,78072,forward,e,-,15687,15687.0,0.0,0.516580449596846,0.10099317408394085,0.3830990295703107,0.6903954346682424,0.30729640509793166,0.1690549787012258,0.718129936460833,0.5490749577596072,-0.34055095535115354,0.17986728612702202,0.3578176083896639,nan,nan
10,9,90582,forward,e,-,9987,9987.0,0.0,0.3684441946840756,0.06435301777499848,0.292492791520293,0.5005505317937218,0.20805774027342877,0.18982757206028292,0.5232019180088082,0.33337434594852533,0.4428212440473761,0.11354468307490014,0.20121370094771765,nan,nan
10,0,181750,forward,w,deg,47920,47920.0,0.0,-4.2723936094465955,20.480807075013825,-23.69597627381162,41.68936592150977,65.38534219532139,-25.480159915359252,91.35225315787602,116.83241307323527,0.9942393765182785,41.63066257099812,91.2935498073644,176.35660403699396,0.9384935153201566
10,1,160930,forward,w,deg,2213,2213.0,0.0,7.192365690091663,86.66432332404696,-107.78711998512665,153.4317968207561,261.2189168058827,-179.90730938613,179.04460889546715,358.95191828159716,0.10529534241135305,172.61170738532937,179.80785285303625,98.74874837508261,0.1889222570755915
10,2,31229,forward,w,deg,4929,4929.0,0.0,22.27527513563132,78.73191940652627,-124.1951675358936,106.15096034251367,230.3461278784073,-179.65352905287185,179.9357284088319,359.5892574617037,-0.04512937151284813,167.71899616545457,179.61559309125371,232.15726733170766,0.28873477778408835
10,3,18261,forward,w,deg,17104,17104.0,0.0,-1.6432373475107624,9.997040715907302,-12.189091864399611,17.435503407615087,29.624595272014698,-13.44711164530122,49.719641504121114,63.166753149422334,1.3611308353180611,23.758998855304,56.04313695181003,302.8566037961781,0.9850047010239468
10,4,216018,forward,w,deg,8846,8846.0,0.0,-9.510081795845835,36.743628457284615,-42.47348642283468,68.39454619766978,110.86803262050447,-57.06313825867606,103.50946450782578,160.57260276650186,0.595342090753579,77.41312584026966,112.52804415042567,78.20307377420698,0.8091178981114617
10,5,56494,forward,w,deg,18771,18771.0,0.0,-5.73298076692538,54.24484957243155,-142.99225992985708,63.08250837812932,206.0747683079864,-179.84068114533946,179.84548478517547,359.6861659305149,-0.4513461790833925,159.22094774727887,179.984593599521,195.3951615923063,0.7225265585136927
10,6,168099,forward,w,deg,9888,9888.0,0.0,-1.8320479392724565,30.131291855659786,-47.294928102192884,46.92886324795737,94.22379135015026,-179.9055296836301,88.8207993693585,268.7263290529886,-1.0043833789924512,58.536012202653225,171.67146851684998,282.50548815444375,0.8836236401578481
10,7,148986,forward,w,deg,58713,58713.0,0.0,-2.837864350119247,16.96219035585694,-19.904436235027514,30.449401134553664,50.35383736958118,-21.58875602533817,103.77079528805177,125.35955131338994,1.3725859509437115,50.871438664464655,124.19283281796277,12.07585041700054,0.9580780470219441
10,8,78072,forward,w,deg,15687,15687.0,0.0,-2.9520555134907625,47.16720403724541,-126.25031139579121,49.96737128752666,176.2176826833179,-179.93171985480106,179.73598245453343,359.66770230933446,-0.8833002211882602,133.2954473029185,179.9952684806143,186.41029977229186,0.7740405778361344
10,9,90582,forward,w,deg,9987,9987.0,0.0,-2.974217142490261,20.16775117450044,-23.41979724928146,40.235795914131614,63.65559316341307,-24.963034699024774,82.83840622692003,107.8014409259448,0.8917690866729542,44.00818394435376,86.61079425714217,314.4103347478542,0.9401998177684987
14,0,181750,backward,eps,km^2/s^2,47927,47927.0,0.0,-0.12687100848309396,0.03958548609989342,-0.19513829542350994,-0.07214376600652826,0.12299452941698168,-0.23188559099245654,-0.058817793307683885,0.17306779768477265,-0.20090413507106514,0.06673051088928099,0.10018995289403498,nan,nan
14,1,21408,backward,eps,km^2/s^2,3508,3508.0,0.0,-0.8431416795420051,0.047388590388232836,-0.9708450289599789,-0.8239996482136098,0.1468453807463691,-1.020836128343177,-0.8067739194775032,0.21406220886567384,-1.0590736794717246,0.13893763529064268,0.18892873467384086,nan,nan
14,2,23147,backward,eps,km^2/s^2,2313,2313.0,0.0,-0.826361100719134,0.03906225562370842,-0.9471070991238125,-0.8113596369135816,0.13574746221023093,-1.020754723273971,-0.806208472304013,0.21454625096995805,-2.405081035035825,0.12396667306089697,0.1976142972110554,nan,nan
14,3,18261,backward,eps,km^2/s^2,17002,17002.0,0.0,-0.9043494745306471,0.03932473387001867,-0.9826920323660695,-0.8569637564438795,0.12572827592219005,-0.9913826165166824,-0.8455281706683686,0.14585444584831375,-0.3915717608327568,0.06773532848744436,0.07587795783810658,nan,nan
14,4,91614,backward,eps,km^2/s^2,6762,6762.0,0.0,-0.16284897914388063,0.05442891387131448,-0.24150459154321022,-0.05191312059486146,0.18959147094834877,-0.2582250091029896,-0.04391779137377705,0.21430721772921257,0.3625503234805682,0.12422529089374619,0.1322206201148306,nan,nan
14,5,47096,backward,eps,km^2/s^2,7989,7989.0,0.0,-0.8629924062956539,0.02536159232771608,-0.9011255130295835,-0.8141895890023771,0.0869359240272064,-0.9412522397006342,-0.8066103600792471,0.13464187962138707,0.21248822015742658,0.05016196282880262,0.07776794111917051,nan,nan
14,6,168099,backward,eps,km^2/s^2,9791,9791.0,0.0,-0.18675988594356263,0.04465001120529623,-0.25536014143054137,-0.11243544383359744,0.14292469759694393,-0.2593276385082858,-0.05818313654169116,0.2011445019665946,0.0032065133396190185,0.08014535526381655,0.13439766255572283,nan,nan
14,7,212888,backward,eps,km^2/s^2,33997,33997.0,0.0,-0.22573430954609386,0.028580998506217245,-0.25077980452928617,-0.15904856516096394,0.09173123936832223,-0.25819055416029335,-0.11804942548627029,0.14014112867402306,0.9304321021048729,0.06399222456463433,0.10499136423932798,nan,nan
14,8,20330,backward,eps,km^2/s^2,8785,8785.0,0.0,-0.8694265310764981,0.0224411097462972,-0.9035036407093833,-0.8372130719807831,0.06629056872860017,-0.9143084137733086,-0.8064508012302118,0.10785761254309678,0.23661004534913652,0.06206958387728902,0.07287435694121436,nan,nan
14,9,88967,backward,eps,km^2/s^2,9827,9827.0,0.0,-0.9787832408794249,0.037694920671761376,-1.0032067519864347,-0.887882100856361,0.11532465113007373,-1.0086547271271056,-0.8067522515618202,0.2019024755652854,1.5129843729682888,0.10456450302492996,0.18569435231947073,nan,nan
14,10,76092,backward,eps,km^2/s^2,14108,14108.0,0.0,-0.937499085836466,0.019767131300331413,-0.968039863177371,-0.9082755455909549,0.059764317586416094,-1.0207392989867343,-0.8376237800441377,0.1831155189425966,0.3570797447149211,0.05027323454333281,0.120879872353991,nan,nan
14,11,33850,backward,eps,km^2/s^2,3003,3003.0,0.0,-0.9059362300099925,0.04686795442221277,-0.9771973918384461,-0.8305316376328127,0.14666575420563344,-1.0207437552380227,-0.8063623697289342,0.21438138550908858,0.11139108787745103,0.07603786560478663,0.11480752522803028,nan,nan
14,12,164683,backward,eps,km^2/s^2,1908,1908.0,0.0,-0.19141670923902798,0.10135541818907358,-0.25690084861222034,-0.11436062292840193,0.1425402256838184,-1.0176690233481307,-0.04380722131250103,0.9738618020356297,-5.444644661484589,0.08582404413669509,0.8239170557409793,nan,nan
14,13,140919,backward,eps,km^2/s^2,27138,27138.0,0.0,-0.18557475423345976,0.032896754201024,-0.2274106112012705,-0.12944530771605928,0.09796530348521124,-0.24666042427620471,-0.11872546078199386,0.12793496349421085,0.19801224408931847,0.06108521288348306,0.07180505981754848,nan,nan
14,0,181750,backward,e,-,47927,47927.0,0.0,0.6965929816433682,0.0965783056342793,0.5278480430066952,0.8280365818820297,0.3001885388753345,0.4303047440421292,0.8598376401626954,0.42953289612056617,-0.23202504358796577,0.1630708758040114,0.25488046026411465,nan,nan
14,1,21408,backward,e,-,3508,3508.0,0.0,0.27133620007403825,0.09063702224148684,0.22333199344121218,0.5019311416720544,0.27859914823084225,0.17004250047813105,0.5729713754320799,0.4029288749539488,0.8414738261142306,0.2582078041439652,0.3292480379039906,nan,nan
14,2,23147,backward,e,-,2313,2313.0,0.0,0.2291911821961681,0.07914985610957938,0.185084636616153,0.4655298445578674,0.2804452079417144,0.16819393098549065,0.5728758045889726,0.40468187360348196,2.035910315893557,0.24468604927397652,0.3520320093050817,nan,nan
14,3,18261,backward,e,-,17002,17002.0,0.0,0.3934481494648829,0.06820765589164389,0.30137406538567224,0.5194319989899862,0.2180579336043139,0.2759808255270147,0.5320537516304692,0.2560729261034545,0.23485694404921967,0.1150830809773126,0.13707287653760747,nan,nan
14,4,91614,backward,e,-,6762,6762.0,0.0,0.6089228115604173,0.13489164427939074,0.40431116010355667,0.8763300143964446,0.472018854292888,0.3566637372686819,0.8953605839444655,0.5386968466757835,0.28303554547381965,0.30117011502390106,0.32020068457192186,nan,nan
14,5,47096,backward,e,-,7989,7989.0,0.0,0.31512930824860536,0.0558130150318954,0.19449682435166574,0.38850077584058457,0.19400395148891883,0.16951885238982295,0.4560854315612715,0.28656657917144857,-0.5325435253725523,0.12252042982466511,0.14665941356448187,nan,nan
14,6,168099,backward,e,-,9791,9791.0,0.0,0.5491107943586229,0.11359082599035103,0.3648648127655927,0.731388123666394,0.36652331090080137,0.35333869863390605,0.8614117627195158,0.5080730640856097,-0.07995405509138852,0.19711209187878231,0.32713573093190407,nan,nan
14,7,212888,backward,e,-,33997,33997.0,0.0,0.4479044647949377,0.07439337913422858,0.37841568299630746,0.6177715655077203,0.23935588251141282,0.35674926462937173,0.7178105754287298,0.3610613107993581,0.8482686792257854,0.1620491673665145,0.2620881772875241,nan,nan
14,8,20330,backward,e,-,8785,8785.0,0.0,0.32826608468192436,0.047121224191715806,0.2567236044730875,0.3926179549258339,0.1358943504527464,0.16900746521572002,0.4112259775205007,0.2422185123047807,-0.5428066896734324,0.12576411034278506,0.14437213293745188,nan,nan
14,9,88967,backward,e,-,9827,9827.0,0.0,0.513738063580505,0.06270167888429873,0.3640765686958251,0.5487519422500348,0.18467537355420965,0.17026709740166077,0.5563450703171937,0.3860779729155329,-1.8733716235564404,0.16956626891625623,0.36337574021042063,nan,nan
14,10,76092,backward,e,-,14108,14108.0,0.0,0.45027713248144113,0.03251899594609723,0.40117632612850407,0.49782128694017,0.09664496081166596,0.258880349837726,0.57285141266025,0.31397106282252396,-0.6459159535744047,0.08221944691540944,0.22448935376317808,nan,nan
14,11,33850,backward,e,-,3003,3003.0,0.0,0.39686709597750086,0.08674568369162991,0.24029848606327417,0.5114912187332219,0.2711927326699477,0.1685914010438332,0.5728380058839121,0.4042466048400789,-0.43109101767292013,0.157587801202147,0.22806644336639437,nan,nan
14,12,164683,backward,e,-,1908,1908.0,0.0,0.5374071439434086,0.11978102693672042,0.36331513532313525,0.7267612438667632,0.36344610854362797,0.17669300373752553,0.8956261106421681,0.7189331069046426,0.18916142859626472,0.19722207810634604,0.3643811925698538,nan,nan
14,13,140919,backward,e,-,27138,27138.0,0.0,0.5517436701840048,0.08284910788084857,0.4433600100939076,0.690249606487396,0.2468895963934884,0.38958138560541716,0.7161736159758938,0.32659223037047663,0.16539681587945787,0.1510626602397741,0.17698666972827193,nan,nan
14,0,181750,backward,w,deg,47927,47927.0,0.0,-0.7772346796369618,4.865489794305726,-6.098949818789208,11.388500526398895,17.4874503451881,-7.644742781752541,15.924065592642762,23.568808374395303,1.2644989739232408,16.73298606708024,21.26855113332411,20.925158572090293,0.9964043959645721
14,1,21408,backward,w,deg,3508,3508.0,0.0,3.4058428092813244,9.767323564277662,-13.520644491764529,12.612874132158733,26.133518623923262,-34.325000915745136,14.530079639810651,48.85508055555579,-0.9383291357138016,14.729974123212553,33.033703853516926,205.8245622807616,0.9856091711249941
14,2,23147,backward,w,deg,2313,2313.0,0.0,1.8886003533028486,8.302404518509016,-15.179382626021203,13.109728058344253,28.289110684365454,-32.19086584720321,16.25201880270592,48.44288464990913,-1.0126467916513984,19.74967113313215,36.76115435431416,203.68761389427172,0.989589452947676
14,3,18261,backward,w,deg,17002,17002.0,0.0,-0.3874731587799687,4.496987739928353,-6.381412538424179,7.0072953117045005,13.388707850128679,-8.192645795535554,22.297093945083788,30.489739740619342,0.9813064494653917,8.842596316373834,24.13239494975312,189.44927366172692,0.9969280923419861
14,4,91614,backward,w,deg,6762,6762.0,0.0,1.4566933834748141,7.119872354872912,-9.52180843103499,13.873064658897096,23.394873089932087,-10.033567701771972,16.41446156646157,26.44802926823354,0.2984080584762054,22.102178682562986,22.613937953299967,20.648674403078804,0.9922997970688988
14,5,47096,backward,w,deg,7989,7989.0,0.0,0.9561896109393899,8.19018406651254,-16.41269078063782,10.949039829292808,27.36173060993063,-35.473193770699595,13.001839143204563,48.47503291390416,-2.337014402601984,19.167911951107683,38.22841494116955,207.01899536580225,0.9899613329777601
14,6,168099,backward,w,deg,9791,9791.0,0.0,-1.1292615184698889,4.949707899615035,-6.2100794007471904,10.490823343339414,16.700902744086605,-15.239501864335097,11.111994159423062,26.35149602375816,0.8270959821557585,10.691819762413331,15.113083643274706,25.82717367819488,0.9962760473660563
14,7,212888,backward,w,deg,33997,33997.0,0.0,1.4268545078311092,5.453056635993709,-9.71179777900935,7.414041414553081,17.12583919356243,-15.345500862625983,8.9676122816266,24.313113144252583,-0.4781341681068913,13.710967536518261,15.264538403591786,27.38324629059362,0.9954781804935666
14,8,20330,backward,w,deg,8785,8785.0,0.0,-1.5996295424883158,5.66246578598066,-6.679089672040822,9.523706275574982,16.202795947615805,-31.984110801742133,14.56662326026651,46.550734062008644,0.45051324811023824,13.937420064132679,28.33375142258589,205.0945661908565,0.9951311528558316
14,9,88967,backward,w,deg,9827,9827.0,0.0,-1.7185586159697834,10.2081712725698,-12.81080166456476,20.71544054053473,33.52624220509949,-13.827424526040971,26.09841023858715,39.92583476462812,0.7163621974416079,18.94951581264857,24.33248551070099,193.9528835972828,0.9842419776784692
14,10,76092,backward,w,deg,14108,14108.0,0.0,-0.34167344729213767,5.140511232890338,-7.216545803001267,8.783375092003968,15.999920895005236,-28.036955487454264,18.27271148474091,46.309666972195174,0.2790543574966375,11.095189365750395,25.842701388920034,201.2366234387062,0.9959859439017599
14,11,33850,backward,w,deg,3003,3003.0,0.0,-1.5556687389213266,8.81119511321,-7.020497035468011,20.266056073066736,27.286553108534747,-26.66661843322359,22.10959425140166,48.77621268462525,0.7846945995923476,23.525126401464764,25.066183449661736,198.11902408522252,0.9882792465478552
14,12,164683,backward,w,deg,1908,1908.0,0.0,-0.8555385044042794,21.66419114957056,-7.951378120011493,10.294564217179687,18.24594233719118,-178.92106418570313,175.49777614349057,354.4188403291937,3.877050056756788,10.63148250753638,179.42164629233395,25.92010545036909,0.964611445385527
14,13,140919,backward,w,deg,27138,27138.0,0.0,0.06265785200191942,2.1717257726520054,-3.626583630270052,3.322278156748423,6.948861787018474,-14.48874478630944,7.4986364134187795,21.98738119972822,-0.29336942752062645,5.229885570810876,16.05460514632341,27.8988201037044,0.9992819844422152
14,0,181750,forward,eps,km^2/s^2,47927,47927.0,0.0,-0.12844012645255665,0.04228946405432182,-0.19805879190862974,-0.07257060039177274,0.125488191516857,-0.8267214821822352,-0.05885393284037144,0.7678675493418637,-0.9249104042328348,0.07335636032377814,0.7020190505973836,nan,nan
14,1,21408,forward,eps,km^2/s^2,3508,3508.0,0.0,-0.14280670396871636,0.20080594872133156,-0.8383788564397118,-0.04954368961367361,0.7888351668260382,-0.9518524205414443,-0.043981079635574294,0.90787134090587,-2.8286078421115826,0.7592778903754657,0.8727514544771986,nan,nan
14,2,23147,forward,eps,km^2/s^2,2313,2313.0,0.0,-0.824715156798348,0.23122261289874949,-0.9293949212151492,-0.15818579945861433,0.7712091217565349,-1.020440955040417,-0.04389160369217371,0.9765493513482433,2.07108307174977,0.6680839950526811,0.7823781908191217,nan,nan
14,3,18261,forward,eps,km^2/s^2,17002,17002.0,0.0,-0.9581040158116451,0.0370586993143972,-1.0005003467767535,-0.8857146769452874,0.1147856698314661,-1.0085644016778017,-0.8702924762423527,0.13827192543544897,0.40937263327372114,0.06456454106368312,0.0799867417666178,nan,nan
14,4,91614,forward,eps,km^2/s^2,6762,6762.0,0.0,-0.8449926762132579,0.0455812822019586,-0.9680299138287864,-0.8172055626262098,0.15082435120257665,-1.020820045950525,-0.8067544423545633,0.21406560359596172,-1.1896717660138811,0.08771402686180982,0.11795619244357569,nan,nan
14,5,47096,forward,eps,km^2/s^2,7989,7989.0,0.0,-0.23803813327982315,0.09121388771486319,-0.2554764725183348,-0.2228413274873033,0.03263514503103149,-0.9814862737065534,-0.17838282572151665,0.8031034479850367,-7.003244732066782,0.022290844107421964,0.738452982232019,nan,nan
14,6,168099,forward,eps,km^2/s^2,9791,9791.0,0.0,-0.17595511827369537,0.06615399133472441,-0.25060094663701826,-0.11135696766442993,0.13924397897258833,-1.0203921731849346,-0.06780546489835193,0.9525867082865827,-6.413294709714679,0.07558532672418555,0.8338794434277235,nan,nan
14,7,212888,forward,eps,km^2/s^2,33997,33997.0,0.0,-0.8692912309514361,0.031277790056832684,-0.9313076729657289,-0.8240576361494029,0.10725003681632606,-1.0208111579248749,-0.8071000864686817,0.21371107145619317,-0.5450991406825748,0.07488119516771946,0.12402392492292802,nan,nan
14,8,20330,forward,eps,km^2/s^2,8785,8785.0,0.0,-0.19129758043624234,0.1448650147746855,-0.2254075751630273,-0.1487060654265696,0.0767015097364577,-0.9807716408007237,-0.1277500247015778,0.8530216160991458,-4.490425331411816,0.0623789018426326,0.7773513108025634,nan,nan
14,9,88967,forward,eps,km^2/s^2,9827,9827.0,0.0,-0.8907397534031848,0.036153288739753216,-0.9696854649686306,-0.8529556154377116,0.11672984953091903,-0.9853012221195793,-0.8124351423138624,0.1728660798057169,-0.6285488358575716,0.06772563840204292,0.09100424442497435,nan,nan
14,10,76092,forward,eps,km^2/s^2,14108,14108.0,0.0,-0.19781293553021506,0.06933732990957105,-0.22985726485967686,-0.12865328369706425,0.10120398116261262,-0.856541275200087,-0.11815122666057387,0.7383900485395132,-6.837522841449089,0.07058758341931569,0.6587287538614275,nan,nan
14,11,33850,forward,eps,km^2/s^2,3003,3003.0,0.0,-0.898879666122988,0.047590658675925455,-0.9765043217845689,-0.8217675495533222,0.1547367722312467,-1.0206562915180895,-0.8063625597697947,0.2142937317482948,-0.0038385008282389157,0.10010690063773185,0.11551189042125942,nan,nan
14,12,164683,forward,eps,km^2/s^2,1908,1908.0,0.0,-0.21277719669381429,0.34254284208788144,-0.9470690349368913,-0.11577993706286341,0.8312890978740279,-1.0205829238249695,-0.04380055913553149,0.976782364689438,-0.4542239471462854,0.7442107407284733,0.8177246296165515,nan,nan
14,13,140919,forward,eps,km^2/s^2,27138,27138.0,0.0,-0.9341567153971281,0.02399932912464561,-0.9671044491531804,-0.8915355843420164,0.07556886481116398,-0.9750473144925218,-0.8092117788852258,0.16583553560729603,0.48632531896957854,0.04146463519150474,0.1203978879843226,nan,nan
14,0,181750,forward,e,-,47927,47927.0,0.0,0.6928397790875286,0.10178434351575623,0.5205739846777044,0.8270142009691592,0.3064402162914548,0.20805341990197607,0.8597500074356198,0.6516965875336438,-0.38267013759076807,0.1815219768611228,0.4940425416368512,nan,nan
14,1,21408,forward,e,-,3508,3508.0,0.0,0.6582125561895973,0.1569575739233635,0.33185740773505873,0.8819618471281545,0.5501044393930958,0.16987312589813894,0.8952125964134294,0.7253394705152905,-0.5324015997003279,0.4796917450824316,0.6416760269193514,nan,nan
14,2,23147,forward,e,-,2313,2313.0,0.0,0.23281569394116947,0.14266160118202384,0.18891115047659326,0.6201217142299396,0.4312105637533463,0.16971236327555636,0.8954250633070769,0.7257127000315206,1.8271779821401595,0.3913725446960914,0.6666758937732288,nan,nan
14,3,18261,forward,e,-,17002,17002.0,0.0,0.4824432036395456,0.05984464675972911,0.35909679332705746,0.5449630402774397,0.18586624695038223,0.3288583836429478,0.5562090261526239,0.22735064250967613,-0.5273413819299919,0.11106946839678508,0.1413078780808948,nan,nan
14,4,91614,forward,e,-,6762,6762.0,0.0,0.27569293568425124,0.08807420629803586,0.20338451611637975,0.4974409887425238,0.29405647262614404,0.17001816509090778,0.572955757279698,0.4029375921887903,0.9059486445104608,0.18853786120094057,0.2219042122264126,nan,nan
14,5,47096,forward,e,-,7989,7989.0,0.0,0.41486317361706854,0.029465515577083098,0.3669164594909854,0.457497759462358,0.0905812999713726,0.2579132410817341,0.5708567850164614,0.31294354393472734,0.021655376468545543,0.05818731258568574,0.16998642343926812,nan,nan
14,6,168099,forward,e,-,9791,9791.0,0.0,0.576094529432728,0.10589705807204498,0.38015068397346763,0.7339714026770394,0.3538207187035718,0.17006665311222163,0.8384885339059525,0.6684218807937308,-0.3475383686621094,0.1898397438850835,0.37956385543827137,nan,nan
14,7,212888,forward,e,-,33997,33997.0,0.0,0.3279753882497264,0.06284618524766238,0.2231409912823438,0.4402334311134247,0.21709243983108092,0.17112378451425372,0.5729437428642237,0.40181995834997,0.07678393015325236,0.15921014611907636,0.209687592732238,nan,nan
14,8,20330,forward,e,-,8785,8785.0,0.0,0.5374469072761041,0.0698304291430983,0.45339490702594615,0.6432446202981076,0.18984971327216144,0.17717376521115666,0.6943948676297711,0.5172211024186144,-0.9722247541651443,0.1429412523319772,0.32876941278269456,nan,nan
14,9,88967,forward,e,-,9827,9827.0,0.0,0.3690157902726238,0.0645396499933008,0.29285358410858586,0.5003409267000641,0.20748734259147827,0.18982757206028292,0.5233191431124038,0.3334915710521209,0.43297455706927657,0.11398418896939137,0.20227827955954306,nan,nan
14,10,76092,forward,e,-,14108,14108.0,0.0,0.5208389994865743,0.08982408684551844,0.4368544300845082,0.6921505512119666,0.25529612112745836,0.17015982740479887,0.7175698908386217,0.5474100634338228,0.072102482788457,0.17482556384681,0.35058822043325744,nan,nan
14,11,33850,forward,e,-,3003,3003.0,0.0,0.38437330853509016,0.0890384092498035,0.21425004809883744,0.51047318731859,0.29622313921975263,0.16857236846964585,0.572716237374,0.40414386890435416,-0.3368429681393297,0.20991386740884901,0.2555915470380406,nan,nan
14,12,164683,forward,e,-,1908,1908.0,0.0,0.48715124660950015,0.16056195200438486,0.22584926543508077,0.7233155451617783,0.49746627972669755,0.1698141830836259,0.8956399397956282,0.7258257567120023,0.1597651934661624,0.29117807722102973,0.3876629836824631,nan,nan
14,13,140919,forward,e,-,27138,27138.0,0.0,0.4448276853128627,0.04056040785739481,0.3708545505399958,0.4964289864053565,0.1255744358653607,0.17896209033512667,0.5083076614849963,0.3293455711498696,-0.8284307884363682,0.06830086391529835,0.2583454530362816,nan,nan
14,0,181750,forward,w,deg,47927,47927.0,0.0,-4.272979640377088,20.54219365836056,-23.694305720718454,41.69294237634525,65.3872480970637,-135.12150322144123,91.35883098901002,226.48033421045125,0.9484788471687428,41.67306142367602,135.18678440308682,176.35002620586002,0.9382578905449327
14,1,21408,forward,w,deg,3508,3508.0,0.0,-3.8886604289414493,51.77216893753315,-39.99424520765531,73.05476757507634,113.04901278273165,-179.6729506825269,179.76246898107036,359.43541966359726,0.08486898948783597,146.0325075795869,179.81509455565794,280.82023374205505,0.739857587880447
14,2,23147,forward,w,deg,2313,2313.0,0.0,-2.1394907317132663,52.145576370856425,-106.5055891885505,117.25383095925966,223.75942014781015,-179.95007094609048,179.21359225884623,359.1636632049367,0.08657281410067019,128.01002835031656,179.44460259803316,160.39540805296238,0.7213873171959251
14,3,18261,forward,w,deg,17002,17002.0,0.0,-1.6176576056362535,9.95769832167489,-12.155815244560916,17.228982930205003,29.38479817476592,-13.416233940102586,49.75051920931975,63.166753149422334,1.3689790189809157,23.521600672695282,56.04313695181003,302.82572609097946,0.9851234645178998
14,4,91614,forward,w,deg,6762,6762.0,0.0,-6.797231708665265,39.70250379721982,-49.726540992057956,65.80089961546068,115.52744060751863,-55.27611494709289,114.17704904265128,169.45316398974416,0.32499231063557804,66.70380730783191,115.0799567350225,89.96640496100014,0.7767089489139052
14,5,47096,forward,w,deg,7989,7989.0,0.0,-2.5209826344032535,28.356860038808833,-25.864428307009653,42.38660284046117,68.25103114747083,-179.46408410672467,179.74946067150796,359.21354477823263,2.5752771045362275,43.02823583444637,179.7545159591183,197.23962832369125,0.9102485113808712
14,6,168099,forward,w,deg,9791,9791.0,0.0,-1.6686656030100266,27.737054468136325,-45.820521984230865,46.2910593230975,92.11158130732836,-173.70117188971244,159.29921439262773,333.0003862823402,0.2628492214044446,55.24460284138664,167.4921882636578,282.4644008586937,0.8944446156885365
14,7,212888,forward,w,deg,33997,33997.0,0.0,-3.9761970968954756,21.593651726520807,-23.475156365023597,43.438342519287325,66.91349888431093,-26.6660215568445,136.3980933273399,163.0641148841844,1.592425353548649,44.63270716987197,137.5924579779246,18.18501202533927,0.9341282086328725
14,8,20330,forward,w,deg,8785,8785.0,0.0,-11.145708877908021,42.36939960377995,-27.762509172557383,52.904424218852746,80.66693339141013,-179.98146810011403,179.90053363512584,359.8820017352399,0.3600191037121784,76.98391744758452,179.74444877440396,190.41769065274855,0.8149223003934069
14,9,88967,forward,w,deg,9827,9827.0,0.0,-3.16078236959072,19.514934132528726,-22.7048632350721,39.27064996656142,61.97551320163352,-24.17540862974795,80.42100223231483,104.59641086206278,0.8632405498552529,42.70369706710406,83.85404933285747,313.6227086785774,0.9438059335677395
14,10,76092,forward,w,deg,14108,14108.0,0.0,-3.9021243302348836,26.41592555024795,-26.91118346413024,42.83352057038923,69.74470403451947,-179.72939040197252,179.83365314954767,359.5630435515202,1.2493954906888816,51.42500349034865,178.77883846129728,190.9028805754467,0.91267898929876
14,11,33850,forward,w,deg,3003,3003.0,0.0,2.892227918733198,31.017041638585724,-68.84450416648926,42.759145186018436,111.60364935250769,-80.67192928420934,84.1181273117503,164.79005659595964,-0.6894493034634107,68.36775565689975,86.70176251488817,41.752605095883276,0.8651288215300261
14,12,164683,forward,w,deg,1908,1908.0,0.0,-4.727950840732177,95.24889386787177,-160.94910157589172,165.75129841412536,326.7003999900171,-179.2955401520784,179.90683527065823,359.2023754227366,-0.00332736873171851,174.19070607392652,179.98796753224485,47.69509140268706,0.19910752570605106
14,13,140919,forward,w,deg,27138,27138.0,0.0,-3.092885919114778,14.946612355041536,-16.96562743046768,26.56271483448205,43.52834226494973,-17.736652821886537,73.47534272346928,91.21199554535582,1.1024780988946785,39.53174495879794,86.44437284778519,8.223747213549037,0.9668014182169311
18,0,181750,backward,eps,km^2/s^2,47016,47016.0,0.0,-0.1256892131192489,0.038413098460374925,-0.19231920411551826,-0.071977811998097,0.12034139211742126,-0.20464305456607867,-0.058817793307683885,0.1458252612583948,-0.15535820973147432,0.06498573865579832,0.07294741646765712,nan,nan
18,1,160348,backward,eps,km^2/s^2,1625,1625.0,0.0,-0.1907891583961261,0.04671569096427249,-0.25613150991355793,-0.11454193916701456,0.14158957074654338,-0.2595672674968075,-0.04380722131250103,0.21576004618430644,0.22913706934772793,0.07427441506771519,0.14500913292222872,nan,nan
18,2,22050,backward,eps,km^2/s^2,1980,1980.0,0.0,-0.8248353591907587,0.025919005999309887,-0.8767683917469743,-0.8121424140505275,0.06462597769644685,-1.020599717396067,-0.806208472304013,0.21439124509205398,-3.858590583524518,0.052481098194952044,0.1963124238440448,nan,nan
18,3,18261,backward,eps,km^2/s^2,17002,17002.0,0.0,-0.9043494745306471,0.03932473387001867,-0.9826920323660695,-0.8569637564438795,0.12572827592219005,-0.9913826165166824,-0.8455281706683686,0.14585444584831375,-0.3915717608327568,0.06773532848744436,0.07587795783810658,nan,nan
18,4,221062,backward,eps,km^2/s^2,4760,4760.0,0.0,-0.213628106057427,0.04221334950168496,-0.2547797685916524,-0.12197958360099626,0.13280018499065616,-0.2582250091029896,-0.09218202284132537,0.16604298626166425,0.6396495767780692,0.08637581935592153,0.11617338011559242,nan,nan
18,5,33028,backward,eps,km^2/s^2,1610,1610.0,0.0,-0.8247926179520997,0.019409279913939988,-0.862720756470196,-0.8076127653554376,0.05510799111475839,-1.0207392989867343,-0.8066103600792471,0.2141289389074872,-1.4613651317056096,0.0404975771135453,0.19851611963008364,nan,nan
18,6,165967,backward,eps,km^2/s^2,4575,4575.0,0.0,-0.2471338854438334,0.016859912168400368,-0.2580988671722275,-0.20606568250205176,0.05203318467017576,-0.2593276385082858,-0.17313710940135152,0.08619052910693425,1.012484228933956,0.03902728763438973,0.07195586073508997,nan,nan
18,7,149905,backward,eps,km^2/s^2,30576,30576.0,0.0,-0.22092235462033571,0.02951431168220773,-0.24669684456493615,-0.1549988739921267,0.09169797057280946,-0.2566144246479153,-0.1178214189298119,0.13879300571810338,0.8444245010641132,0.06736779607557081,0.1045452511378856,nan,nan
18,8,88967,backward,eps,km^2/s^2,9789,9789.0,0.0,-0.978896578206823,0.037312994722059206,-1.0032114948449748,-0.8899855013208436,0.11322599352413121,-1.0086547271271056,-0.8067522515618202,0.2019024755652854,1.5315401213791857,0.10246110256044724,0.18569435231947073,nan,nan
18,9,22966,backward,eps,km^2/s^2,12483,12483.0,0.0,-0.8708252564135432,0.02011180717308913,-0.9013909334953675,-0.8389962187720462,0.062394714723321254,-0.9100740954632947,-0.8065266032009923,0.10354749226230231,0.18471404657665938,0.0592684418254809,0.06795160379340803,nan,nan
18,10,33619,backward,eps,km^2/s^2,2966,2966.0,0.0,-0.9025506832313193,0.04684504568088642,-0.9766717341354405,-0.8245982787214956,0.1520734554139449,-1.0207437552380227,-0.8063623697289342,0.21438138550908858,0.0793155112633134,0.07861041004386266,0.1176420584134652,nan,nan
18,11,36141,backward,eps,km^2/s^2,2070,2070.0,0.0,-0.8908006030154701,0.051556380140171665,-0.9755364482807898,-0.8295027566831975,0.14603369159759227,-1.0207786020554366,-0.8155535203312436,0.20522508172419296,-0.21789155553902803,0.07803431079800456,0.11371106250473129,nan,nan
18,12,133750,backward,eps,km^2/s^2,3905,3905.0,0.0,-0.14202160897381866,0.05528697515171047,-0.21324502169746357,-0.047295311559766726,0.16594971013769683,-0.2446692737261582,-0.043879077490019736,0.20079019623613847,0.26551771612835345,0.10461567568101672,0.10803190975076371,nan,nan
18,13,141808,backward,eps,km^2/s^2,26930,26930.0,0.0,-0.18764321806238632,0.03321499441475775,-0.22803785660533157,-0.12937077425338875,0.09866708235194283,-0.2461931168506617,-0.11872546078199386,0.12746765606866783,0.24763548461178914,0.061633270083071366,0.07227858355446626,nan,nan
18,14,34987,backward,eps,km^2/s^2,344,344.0,0.0,-0.8712239591347537,0.05668103103970224,-0.9755256860851005,-0.8190752333032835,0.15645045278181702,-1.020754723273971,-0.8068393667227801,0.21391535655119098,-0.483587363474775,0.08347943952998284,0.12036159287297932,nan,nan
18,15,74518,backward,eps,km^2/s^2,13884,13884.0,0.0,-0.9378370471273207,0.01848311303549663,-0.967941571905638,-0.9087917988086023,0.05914977309703573,-1.016166401552411,-0.9005575831799184,0.1156088183724926,-0.06053292982296696,0.04953419170989658,0.0578529355971108,nan,nan
18,16,45696,backward,eps,km^2/s^2,4437,4437.0,0.0,-0.8500996374215837,0.028899313018424255,-0.9085946766398706,-0.8279367481757075,0.08065792846416309,-1.020836128343177,-0.8067739194775032,0.21406220886567384,-1.021555297002477,0.06200443444964367,0.1742458861529501,nan,nan
18,17,153904,backward,eps,km^2/s^2,8106,8106.0,0.0,-0.1692725318094564,0.03538226273877511,-0.20957232013419072,-0.11138586856885435,0.09818645156533637,-0.24551004699574264,-0.044138872659411854,0.20137117433633078,0.20342248068300375,0.0627349492327614,0.1298569149722194,nan,nan
18,0,181750,backward,e,-,47016,47016.0,0.0,0.6995210410782056,0.09351187962899463,0.5351036370798539,0.8284360195106499,0.29333238243079607,0.5030713280754915,0.8598376401626954,0.3567663120872039,-0.17861167254204893,0.15864532453586858,0.18211387623075237,nan,nan
18,1,160348,backward,e,-,1625,1625.0,0.0,0.538763289226887,0.11860664456005296,0.36281972796949524,0.7262732652171712,0.36345353724767593,0.35264176551903914,0.8956261106421681,0.542984345123129,0.1351888550196347,0.1870382167304512,0.35186543692633354,nan,nan
18,2,22050,backward,e,-,1980,1980.0,0.0,0.22550449641537468,0.054409153554481435,0.1874627489230382,0.3432955508911075,0.1558328019680693,0.16819393098549065,0.5726383910271284,0.4044444600416378,3.031589711686197,0.11939714747389961,0.34873998760992053,nan,nan
18,3,18261,backward,e,-,17002,17002.0,0.0,0.3934481494648829,0.06820765589164389,0.30137406538567224,0.5194319989899862,0.2180579336043139,0.2759808255270147,0.5320537516304692,0.2560729261034545,0.23485694404921967,0.1150830809773126,0.13707287653760747,nan,nan
18,4,221062,backward,e,-,4760,4760.0,0.0,0.4803430431372485,0.10859130250404574,0.366909262359408,0.7087855629416633,0.34187630058225527,0.3566637372686819,0.7802993862489727,0.42363564898029077,0.5606630557156908,0.21413732864214194,0.28565115194945134,nan,nan
18,5,33028,backward,e,-,1610,1610.0,0.0,0.22482363921716175,0.04847835036714141,0.17285241056855255,0.31455966696599125,0.1417072563974387,0.16943473771526985,0.57285141266025,0.4034166749449801,0.786107708011661,0.09574126909996614,0.3540330147942249,nan,nan
18,6,165967,backward,e,-,4575,4575.0,0.0,0.38841553267491663,0.046001092831872384,0.35702381174747344,0.49892239599714683,0.1418985842496734,0.35333869863390605,0.5839140828773423,0.2305753842434362,0.9636020640706446,0.10512761102219335,0.1901192979023888,nan,nan
18,7,149905,backward,e,-,30576,30576.0,0.0,0.4607687898742832,0.07634134588379395,0.3902018477393685,0.6277206049562687,0.2375187572169002,0.36143605631330555,0.7187954940562306,0.357359437742925,0.7753675503883776,0.1714680402784965,0.26254292937845836,nan,nan
18,8,88967,backward,e,-,9789,9789.0,0.0,0.513940211536716,0.06202933868247344,0.36815481961437324,0.5487932218975698,0.1806384022831966,0.17026709740166077,0.5563450703171937,0.3860779729155329,-1.9018564512568983,0.1654880179977083,0.36337574021042063,nan,nan
18,9,22966,backward,e,-,12483,12483.0,0.0,0.33099749389784283,0.041605210034494466,0.2611266443874948,0.38887029601092926,0.12774365162343448,0.16915703389195855,0.4038803510565166,0.23472331716455805,-0.41318453241228664,0.12029851505626409,0.13530857010185143,nan,nan
18,10,33619,backward,e,-,2966,2966.0,0.0,0.39081614009797466,0.08737914224506844,0.22552681919616044,0.5106781153110583,0.28515129611489787,0.1685914010438332,0.5728380058839121,0.4042466048400789,-0.41131945534991377,0.16637417798648368,0.22303579235661808,nan,nan
18,11,36141,backward,e,-,2070,2070.0,0.0,0.3692885531400188,0.09559717966590765,0.2377311267501397,0.5089973325235417,0.27126620577340205,0.1994812712580871,0.5728973064372875,0.3734160351792004,0.04228146565160883,0.16165291620266334,0.19920857898605512,nan,nan
18,12,133750,backward,e,-,3905,3905.0,0.0,0.6597065510860516,0.13521138671815322,0.48124441101787535,0.8873055031945952,0.4060610921767199,0.3966677464947184,0.8954556794646302,0.4987879329699118,0.23476408536836255,0.25175742192165856,0.2599075981916935,nan,nan
18,13,141808,backward,e,-,26930,26930.0,0.0,0.546548415936734,0.08367483830566397,0.44169738757473137,0.6903913728739921,0.24869398529926073,0.3922775196778131,0.7161736159758938,0.3238960962980807,0.21519613649439798,0.15240100711485588,0.17818325021675752,nan,nan
18,14,34987,backward,e,-,344,344.0,0.0,0.33150038830969564,0.10801608587896516,0.20888269672238186,0.5090378118680721,0.3001551151456902,0.17006358404121355,0.5728758045889726,0.402812220547759,0.2880202712911342,0.180656854115482,0.21674272238058515,nan,nan
18,15,74518,backward,e,-,13884,13884.0,0.0,0.45079821091276506,0.029886759954689552,0.40197293292511044,0.4976653814184749,0.09569244849336445,0.3876212682531129,0.5665585488567753,0.17893728060366237,-0.010918108622083514,0.08110703286982976,0.09544943702913372,nan,nan
18,16,45696,backward,e,-,4437,4437.0,0.0,0.28756187041772324,0.059295449387712855,0.2340798898189478,0.4016055616056036,0.1675256717866558,0.17000004480164355,0.5729713754320799,0.40297133063043633,0.6081093558790008,0.12196885078349333,0.2933346646099696,nan,nan
18,17,153904,backward,e,-,8106,8106.0,0.0,0.5927424169998126,0.08760719375412426,0.4907832328245677,0.7339133871547184,0.24313015433015073,0.39264924823488095,0.8948398682898845,0.5021906200550035,0.17695250862736311,0.1533783480172597,0.31382776582585825,nan,nan
18,0,181750,backward,w,deg,47016,47016.0,0.0,-0.5954591386867634,4.460666834879148,-5.841967999003558,10.012176621285995,15.854144620289553,-7.372716304823712,15.420214607237625,22.792930912061337,1.1405425609221462,15.084635685038542,20.492673670990172,20.653132095161485,0.9969762358605005
18,1,160348,backward,w,deg,1625,1625.0,0.0,-0.8552364686847511,5.1098419849234595,-7.200010959929619,9.968593604088818,17.168604564018437,-15.364186520428632,11.090295153825792,26.454481674254424,0.3217734202427138,9.959103536102367,15.720915566727854,25.966967373753995,0.9960321501551471
18,2,22050,backward,w,deg,1980,1980.0,0.0,1.370816614520038,7.687650299496861,-14.626416662976881,12.183650717968222,26.810067380945103,-33.169208746816594,14.474143965630958,47.64335271244755,-1.1419329798270048,17.135437759460498,35.678229843300215,204.6659567938851,0.9910724127329398
18,3,18261,backward,w,deg,17002,17002.0,0.0,-0.3874731587799687,4.496987739928353,-6.381412538424179,7.0072953117045005,13.388707850128679,-8.192645795535554,22.297093945083788,30.489739740619342,0.9813064494653917,8.842596316373834,24.13239494975312,189.44927366172692,0.9969280923419861
18,4,221062,backward,w,deg,4760,4760.0,0.0,-1.895201096539921,8.504622847235533,-10.253924564034396,13.16389853635465,23.417823100389043,-11.139066402679106,13.810652832402184,24.94971923508129,0.3646203337255227,19.016013487967427,19.66276778401496,22.549741187447786,0.9890166294021803
18,5,33028,backward,w,deg,1610,1610.0,0.0,8.4357835228585,16.16511185688698,-31.802611507506093,13.812112578407232,45.61472408591332,-33.15753220878062,14.121646829921872,47.279179038702495,-0.8741927100304704,42.0835920799073,43.43851278118183,204.70333380388328,0.9607862408551845
18,6,165967,backward,w,deg,4575,4575.0,0.0,1.9769902170648948,5.305765891260297,-11.258517579112056,5.041510451589363,16.30002803070142,-17.723271047034984,5.266195468885911,22.989466515920896,-1.0826570723784508,15.217402186735047,21.682155654658004,31.67297236873204,0.995722103514645
18,7,149905,backward,w,deg,30576,30576.0,0.0,1.5876853458621127,5.349460275676101,-9.716980157993696,6.357085102058164,16.07406526005186,-15.541457071577668,9.01263256123832,24.554089632815987,-0.5554264568731337,16.12741168479976,21.951888598383732,27.338226010981884,0.9956483129375765
18,8,88967,backward,w,deg,9789,9789.0,0.0,-1.7185538339902848,10.172224227988634,-12.762941755045711,20.594243317008534,33.35718507205424,-13.778903776700872,26.14693098792725,39.92583476462812,0.7147079576903412,18.779797839782276,24.33248551070099,193.9043628479427,0.9843518894878782
18,9,22966,backward,w,deg,12483,12483.0,0.0,-0.18674071083407284,4.306148368782216,-5.720828055951785,6.32053553642636,12.041363592378143,-33.91547240005474,14.53036484196656,48.4458372420213,-0.4732930869186813,9.13696339071151,31.19664303261021,205.49046966704026,0.9971877003460942
18,10,33619,backward,w,deg,2966,2966.0,0.0,-1.5419174235707516,8.762612226574518,-7.092308851853566,20.211320797545355,27.30362964939892,-26.78311594593339,21.99309673869186,48.77621268462525,0.842103859072461,23.343531063430802,24.68897632188819,198.23552159793232,0.9884062819369288
18,11,36141,backward,w,deg,2070,2070.0,0.0,-1.4762470272443409,9.549974961575263,-8.702382683873099,16.180689916124994,24.883072599998094,-29.179540471601683,19.675540083954104,48.85508055555579,-0.3341431177795436,22.344125466535466,24.477448620525905,200.67910183661814,0.9862313098049094
18,12,133750,backward,w,deg,3905,3905.0,0.0,1.9346226061896061,6.3266683413337095,-10.87774679887633,8.448762226319213,19.32650902519554,-11.227849956806068,15.2201793114275,26.44802926823357,-0.4929663941977843,13.556487229306105,13.906590387235838,21.84295665811289,0.9939184168804577
18,13,141808,backward,w,deg,26930,26930.0,0.0,0.06213955672367888,2.255567011689274,-3.7053433355332275,3.367345181152997,7.072688516686224,-14.371036001933021,8.372331862142232,22.743367864075253,-0.2513160530610189,5.413288344744498,16.003485471387165,27.781111319327962,0.9992255079481281
18,14,34987,backward,w,deg,344,344.0,0.0,-0.8421718093603374,10.091726451640795,-16.120684346543342,15.356228419627065,31.476912766170408,-30.072581593701017,17.806627182802032,47.87920877650305,-0.7141946650450297,21.87778345077785,24.946328778242247,201.6754163728931,0.9846392683073488
18,15,74518,backward,w,deg,13884,13884.0,0.0,-0.24133208543651108,4.653798718228052,-6.884619421981296,7.776387483570307,14.661006905551602,-27.13697281565075,12.992610482125912,40.12958329777666,0.05490205640936698,9.96774746183678,25.00105097569181,200.89795564271975,0.996707369891203
18,16,45696,backward,w,deg,4437,4437.0,0.0,1.9102394457687524,7.236310164746304,-13.437990741555842,8.101815901400288,21.53980664295613,-39.10882749656807,9.08455824699908,48.19338574356715,-2.2158628326329133,16.730226877080955,42.401063632093184,210.61251711393743,0.9921319429074977
18,17,153904,backward,w,deg,8106,8106.0,0.0,-0.1924743980720791,3.592429026110802,-5.0128348194357955,8.099769286274942,13.112604105710737,-13.742732359254461,12.4499132626446,26.19264562189906,0.7197104710818741,9.24616328223938,14.449020359013815,24.330404173114268,0.9980386505562983
18,0,181750,forward,eps,km^2/s^2,47016,47016.0,0.0,-0.12801955678547433,0.041353589668892264,-0.19738133522941254,-0.07240854879686837,0.12497278643254417,-0.8238947527169365,-0.05885393284037144,0.765040819876565,-0.48058191764080704,0.07267890364456092,0.6991923211320848,nan,nan
18,1,160348,forward,eps,km^2/s^2,1625,1625.0,0.0,-0.20899245185100002,0.3264260495821186,-0.935541596967512,-0.1153405364114213,0.8202010605560908,-1.0084233505739606,-0.04380055913553149,0.9646227914384291,-0.7398607598389679,0.7234625558700424,0.7963443094764909,nan,nan
18,2,22050,forward,eps,km^2/s^2,1980,1980.0,0.0,-0.8251340133917715,0.1943226252092296,-0.8855725242413289,-0.11965172291520942,0.7659208013261195,-1.0201739466041788,-0.04389160369217371,0.9762823429120051,3.130692148726189,0.702005185502238,0.7777653047252737,nan,nan
18,3,18261,forward,eps,km^2/s^2,17002,17002.0,0.0,-0.9581040158116451,0.0370586993143972,-1.0005003467767535,-0.8857146769452874,0.1147856698314661,-1.0085644016778017,-0.8702924762423527,0.13827192543544897,0.40937263327372114,0.06456454106368312,0.0799867417666178,nan,nan
18,4,221062,forward,eps,km^2/s^2,4760,4760.0,0.0,-0.8414475755557865,0.03094064996702473,-0.9126151868510249,-0.8141177145971826,0.09849747225384231,-1.020820045950525,-0.8070918060031312,0.21372823994739376,-2.5873731694547755,0.07613671825699667,0.1843415773564967,nan,nan
18,5,33028,forward,eps,km^2/s^2,1610,1610.0,0.0,-0.2454120164490891,0.11380736451969165,-0.2567374321194024,-0.20375540360103428,0.05298202851836814,-0.980671682301569,-0.10745760176690045,0.8732140805346685,-5.933044802242702,0.06454813926707245,0.7384136813241222,nan,nan
18,6,165967,forward,eps,km^2/s^2,4575,4575.0,0.0,-0.20175296114398789,0.33589907147652237,-0.8454908203716837,-0.10791249111553805,0.7375783292561456,-1.0207028886856082,-0.10442233059405415,0.9162805580915541,-0.3340893750047264,0.7195753286179658,0.8947873969318904,nan,nan
18,7,149905,forward,eps,km^2/s^2,30576,30576.0,0.0,-0.872776892457725,0.026553125007831184,-0.927237627446802,-0.8408980658663165,0.0863395615804855,-0.9752504411045678,-0.8072575607210861,0.1679928803834817,-0.5515020463334326,0.0871357123418551,0.1351485259996209,nan,nan
18,8,88967,forward,eps,km^2/s^2,9789,9789.0,0.0,-0.8906336253840332,0.03613837590052767,-0.9695312984169541,-0.8529168873882039,0.11661441102875014,-0.9853012221195793,-0.8124351423138624,0.1728660798057169,-0.6309153135190163,0.06758233041332266,0.09100424442497435,nan,nan
18,9,22966,forward,eps,km^2/s^2,12483,12483.0,0.0,-0.22496787201704493,0.13000566084992954,-0.24896684159221066,-0.15495495725294753,0.09401188433926314,-0.9814862737065534,-0.139977152220932,0.8415091214856214,-4.717291107625146,0.07557885257258791,0.7589925721996886,nan,nan
18,10,33619,forward,eps,km^2/s^2,2966,2966.0,0.0,-0.8999579794938545,0.047383418142997145,-0.976497533378667,-0.8203707708076788,0.15612676257098812,-1.0206562915180895,-0.8063625597697947,0.2142937317482948,0.021722234827520788,0.10298236103946912,0.1169905720773533,nan,nan
18,11,36141,forward,eps,km^2/s^2,2070,2070.0,0.0,-0.18197508216423347,0.2891724477594002,-0.8921971366103294,-0.04748620362826265,0.8447109329820668,-0.9997486343995929,-0.043981079635574294,0.9557675547640186,-1.4786254285671163,0.7440643520729334,0.851615849862197,nan,nan
18,12,133750,forward,eps,km^2/s^2,3905,3905.0,0.0,-0.8635425194381255,0.05259163379361395,-0.9735425145968862,-0.8114597248645742,0.16208278973231205,-1.0205829238249695,-0.8067544423545633,0.21382848147040623,-0.549089228433045,0.09519252491631697,0.11451951298816199,nan,nan
18,13,141808,forward,eps,km^2/s^2,26930,26930.0,0.0,-0.9351539191118167,0.02302633904104117,-0.9673409494777018,-0.8951190040501263,0.07222194542757543,-0.9830183099074399,-0.8092117788852258,0.1738065310222141,0.5029608511160937,0.039729487928097426,0.12210626627949295,nan,nan
18,14,34987,forward,eps,km^2/s^2,344,344.0,0.0,-0.20994646186703186,0.35033471854001597,-0.9626444731851037,-0.11289980100633326,0.8497446721787705,-1.020440955040417,-0.04492689432768027,0.9755140607127367,-0.5011697951300077,0.8080014146748205,0.8657978965301337,nan,nan
18,15,74518,forward,eps,km^2/s^2,13884,13884.0,0.0,-0.19673956509126683,0.07249118148016219,-0.23021587540331861,-0.12889516455618882,0.10132071084712979,-0.856541275200087,-0.11852374682378519,0.7380175283763019,-6.700153675437183,0.0687092256246048,0.6604280975123632,nan,nan
18,16,45696,forward,eps,km^2/s^2,4437,4437.0,0.0,-0.1822321548858341,0.07634677545516493,-0.21986919824123946,-0.09318628962332778,0.12668290861791168,-0.979689980049135,-0.04477505011331018,0.9349149299358248,-6.485868371510715,0.08478691641067941,0.8110957496334525,nan,nan
18,17,153904,forward,eps,km^2/s^2,8106,8106.0,0.0,-0.17919301562283835,0.07908626564840145,-0.25612353820006983,-0.11240519415778705,0.1437183440422828,-1.0132425140509675,-0.04795161883069632,0.9652908952202712,-5.7933319951694715,0.08394700231956939,0.8175527958757384,nan,nan
18,0,181750,forward,e,-,47016,47016.0,0.0,0.6938701947040842,0.1006799001976915,0.5221900245797715,0.8274096614309763,0.3052196368512048,0.2228652472327296,0.8597500074356198,0.6368847602028902,-0.3403492717644597,0.17990593695905582,0.47923071430609765,nan,nan
18,1,160348,forward,e,-,1625,1625.0,0.0,0.4977543814454893,0.1620830024288028,0.22416372104987706,0.7243629234807244,0.5001992024308474,0.1698141830836259,0.8956399397956282,0.7258257567120023,0.001941971954265702,0.2706590672903901,0.4112520797425073,nan,nan
18,2,22050,forward,e,-,1980,1980.0,0.0,0.23024906551197638,0.151229254099272,0.18861120259963285,0.7139524418046428,0.52534123920501,0.16971236327555636,0.8954250633070769,0.7257127000315206,2.7853282559328965,0.4973327038325434,0.6788053253349775,nan,nan
18,3,18261,forward,e,-,17002,17002.0,0.0,0.4824432036395456,0.05984464675972911,0.35909679332705746,0.5449630402774397,0.18586624695038223,0.3288583836429478,0.5562090261526239,0.22735064250967613,-0.5273413819299919,0.11106946839678508,0.1413078780808948,nan,nan
18,4,221062,forward,e,-,4760,4760.0,0.0,0.26726350116161696,0.061825251317001825,0.1929204284911962,0.4083997130697846,0.21547928457858842,0.17108557576733655,0.572955757279698,0.40187018151236154,1.8294607593563692,0.1531792773165584,0.3177353215264718,nan,nan
18,5,33028,forward,e,-,1610,1610.0,0.0,0.39749205311734115,0.05770591673722463,0.3619040426118751,0.5154723390952999,0.1535682964834248,0.35907069968116695,0.7437231962695249,0.38465249658835793,2.2475728942222437,0.11203894336723072,0.3402898005414557,nan,nan
18,6,165967,forward,e,-,4575,4575.0,0.0,0.5137761052333801,0.20374997209309514,0.18470646427102946,0.7422753836751209,0.5575689194040915,0.17117027507337262,0.7506671371342102,0.5794968620608376,-0.13703864228078552,0.5141960181677546,0.5277322073654114,nan,nan
18,7,149905,forward,e,-,30576,30576.0,0.0,0.33504880792153585,0.05214240323577027,0.2658006184132817,0.4335879214918952,0.1677873030786135,0.1716128968919359,0.5086034090391451,0.3369905121472092,0.182638535120203,0.16986092642184888,0.24487641396909882,nan,nan
18,8,88967,forward,e,-,9789,9789.0,0.0,0.3688292638210215,0.06451761169411478,0.2927905824531208,0.5001708256738424,0.20738024322072163,0.18982757206028292,0.5233191431124038,0.3334915710521209,0.43571373030033755,0.1139519575952326,0.20227827955954306,nan,nan
18,9,22966,forward,e,-,12483,12483.0,0.0,0.45192872729910927,0.08122638571152241,0.3877983875453561,0.6278180630899263,0.24001967554457015,0.1872196631360865,0.664556785088244,0.4773371219521575,0.44571740007919713,0.1763128817517947,0.2687009133877773,nan,nan
18,10,33619,forward,e,-,2966,2966.0,0.0,0.38615721408225556,0.08870785980701848,0.21056572081586483,0.5104661978929008,0.299900477077036,0.16857236846964585,0.572716237374,0.40414386890435416,-0.3711086523288567,0.21608749842048647,0.25808085076670545,nan,nan
18,11,36141,forward,e,-,2070,2070.0,0.0,0.5609896916198194,0.18710956035886225,0.2729794942908165,0.8868577581908592,0.6138782639000426,0.17020378480203383,0.8952125964134294,0.7250088116113956,0.032076689926552465,0.37182489319755835,0.4746006026863411,nan,nan
18,12,133750,forward,e,-,3905,3905.0,0.0,0.3165226404688883,0.10214229585700553,0.18551320517890077,0.5060169240678982,0.3205037188889974,0.17001816509090778,0.572619520313711,0.4026013552228032,0.31595822849107036,0.21140642728360257,0.2269014673715956,nan,nan
18,13,141808,forward,e,-,26930,26930.0,0.0,0.44644942133506893,0.038794491542315374,0.3774704073575173,0.4967994299825778,0.11932902262506051,0.17896209033512667,0.5195540133056853,0.3405919229705586,-0.886971652109279,0.06512004734470475,0.26115994622705274,nan,nan
18,14,34987,forward,e,-,344,344.0,0.0,0.49976657732017626,0.15930939985855477,0.2280360177804181,0.7302139261865048,0.5021779084060867,0.20285625283815495,0.892947970469117,0.690091717630962,0.015347795263249935,0.4008127952202415,0.4259925601625047,nan,nan
18,15,74518,forward,e,-,13884,13884.0,0.0,0.5236870204399371,0.0906671609073606,0.43590358746960023,0.6915292307734872,0.25562564330388693,0.17015982740479887,0.7166692959535834,0.5465094685487846,0.0027487429772807153,0.17007251746756205,0.35492658074530314,nan,nan
18,16,45696,forward,e,-,4437,4437.0,0.0,0.5608680943343475,0.10333325803786715,0.4658948716985413,0.7778959804569034,0.3120011087583621,0.16987312589813894,0.8933267906436945,0.7234536647455555,0.36560947696896795,0.20772249745558394,0.42524544279171284,nan,nan
18,17,153904,forward,e,-,8106,8106.0,0.0,0.5681531222908587,0.11323011159571403,0.363285283680164,0.7314486537217363,0.3681633700415723,0.17006665311222163,0.88577017291152,0.7157035197992985,-0.39915139825797175,0.20655935615655208,0.35940338482568623,nan,nan
18,0,181750,forward,w,deg,47016,47016.0,0.0,-3.8528476641615015,19.313853699734093,-22.828015435986543,38.115720784843106,60.94373622082965,-130.86826000618697,81.5171378272048,212.38539783339178,0.9201940399730936,37.15828443434099,131.83321947114186,175.45034792255072,0.9450392704320585
18,1,160348,forward,w,deg,1625,1625.0,0.0,-0.47921580529438756,91.56181460930581,-170.02125099113604,159.6136793187522,329.6349303098882,-179.6256923671782,179.90818344922332,359.5338758164015,-0.05426779994690754,171.61713747767078,179.90140828906345,30.10378749356102,0.2934705932523645
18,2,22050,forward,w,deg,1980,1980.0,0.0,-4.000999818985278,41.513003159794685,-27.681888458421934,123.75429487091392,151.43618332933585,-177.72162216530887,178.88881820430447,356.61044036961334,1.750697019252349,137.5734405673664,177.98306545257583,162.9053444727954,0.8270281814697062
18,3,18261,forward,w,deg,17002,17002.0,0.0,-1.6176576056362535,9.95769832167489,-12.155815244560916,17.228982930205003,29.38479817476592,-13.416233940102586,49.75051920931975,63.166753149422334,1.3689790189809157,23.521600672695282,56.04313695181003,302.82572609097946,0.9851234645178998
18,4,221062,forward,w,deg,4760,4760.0,0.0,-6.130935627935628,24.03345462635457,-24.484936622910286,52.45228092684624,76.93721754975653,-34.61517807538513,110.99311415062948,145.6082922260146,1.3569575205652251,64.16999767457744,122.71083089836065,59.90019214458925,0.9178114732959769
18,5,33028,forward,w,deg,1610,1610.0,0.0,-4.831637689689643,35.5880623300076,-29.366697704529628,51.287380009632976,80.65407771416261,-179.04137243731114,177.33493372984958,356.3763061671607,-1.7420330401053,55.880047100400986,179.9789589053716,211.27727665125627,0.8690041223610951
18,6,165967,forward,w,deg,4575,4575.0,0.0,-19.758796245707003,72.56841648557962,-72.15880313935462,115.29006717409793,187.44887031345255,-179.5950694535785,179.92479321738978,359.5198626709683,0.21292317508235215,162.29389800939524,179.98488585706338,290.7107458096475,0.38204571321344877
18,7,149905,forward,w,deg,30576,30576.0,0.0,-2.8542746329532775,17.875116536063057,-21.3071247267045,32.55172919873163,53.85885392543613,-24.04883588962798,99.66786151638217,123.71669740601016,1.3104155142870413,34.42362079811212,101.53975311576266,15.225516099404931,0.9534732579886618
18,8,88967,forward,w,deg,9789,9789.0,0.0,-3.2332133125434552,19.453953546895313,-22.618753953389557,39.046341991637306,61.66509594502686,-24.080039061580294,80.51637180048249,104.59641086206278,0.865955964350382,42.38401952401229,83.85404933285747,313.52733911040974,0.9441520798467562
18,9,22966,forward,w,deg,12483,12483.0,0.0,-3.945048121705554,34.86738978396639,-21.937057970560595,36.17661329626978,58.11367126683037,-179.91090465291225,179.9447659582098,359.85567061112204,0.5951416918054813,45.47352088895053,179.9662106691335,185.1606841702829,0.888848271205239
18,10,33619,forward,w,deg,2966,2966.0,0.0,4.065494276033675,31.678070978662728,-69.35638082304561,42.655902397939066,112.01228322098467,-78.90114435339189,86.26397634955629,165.16512070294817,-0.6762159519644716,70.1779283255909,86.44421111658528,39.60675605807727,0.8592246410218723
18,11,36141,forward,w,deg,2070,2070.0,0.0,-5.19124075160417,66.43469047083805,-144.56780350707433,146.26620738741315,290.8340108944875,-179.55665814382132,179.3098338344401,358.8664919782614,0.21382861671241513,163.0762253186155,179.87999342054036,307.2115135738516,0.6035042564043862
18,12,133750,forward,w,deg,3905,3905.0,0.0,4.172414779690541,33.40803787254236,-56.2964031143956,49.8199874278072,106.1163905422028,-71.78909794420258,99.89102281837796,171.68012076258054,-0.15459453665805337,60.37205990239117,101.07040736358391,119.36995086077953,0.840917471891313
18,13,141808,forward,w,deg,26930,26930.0,0.0,-3.074638926810451,15.48177916388458,-17.60456719774761,27.27039100628071,44.87495820402832,-18.38532231805857,93.91231299035428,112.29763530841285,1.2099923610953287,40.3254394164264,106.96736140050001,8.872416709721014,0.9645925324928589
18,14,34987,forward,w,deg,344,344.0,0.0,-2.105326114742553,98.7280262245098,-167.88568187339249,172.11812944319922,340.00381131659174,-179.94000630853418,179.72458948925225,359.66459579778643,0.005907982028944891,176.1865932688501,179.9613068527558,55.764343657647764,0.21447139986286168
18,15,74518,forward,w,deg,13884,13884.0,0.0,-3.6437303332815674,25.573776611331635,-25.385301639518165,39.51299724083382,64.89829888035199,-179.11975490392217,179.32672356951753,358.4464784734397,1.228203199798554,47.594487518387545,179.84822163002002,189.18119184272047,0.9205321070372317
18,16,45696,forward,w,deg,4437,4437.0,0.0,-0.9630131484517506,25.01516150910253,-34.120395636093534,32.56637079063432,66.68676642672786,-179.32422110725614,177.32326469886385,356.64748580612,-0.4695915814346607,42.50152094131584,179.95193703359348,239.6344723423402,0.9266416572103096
18,17,153904,forward,w,deg,8106,8106.0,0.0,-2.725840704497813,27.08785948166636,-39.49129483605872,45.30968093602928,84.80097577208801,-159.68790228422571,153.23017336633518,312.9180756505609,0.7356328587900356,61.93509393740837,169.1307872404717,288.32529539037495,0.9022283753859344
23,0,181750,backward,eps,km^2/s^2,46985,46985.0,0.0,-0.12561263795959532,0.038384050472753936,-0.19218321059592253,-0.07197222354229385,0.12021098705362868,-0.20464305456607867,-0.058817793307683885,0.1458252612583948,-0.15540185422838548,0.0649342710704837,0.07294741646765712,nan,nan
23,1,14264,backward,eps,km^2/s^2,303,303.0,0.0,-0.8636095087329121,0.05430395408895146,-0.9725918000101466,-0.8190662990865747,0.15352550092357187,-1.0176690233481307,-0.8068393667227801,0.21082965662535058,-0.6566602290887771,0.14456327577829936,0.18964049911628356,nan,nan
23,2,21401,backward,eps,km^2/s^2,1060,1060.0,0.0,-0.8295157225101386,0.03961422681707354,-0.9577616265244581,-0.8246708106950172,0.13309081582944082,-1.020754723273971,-0.8219637802093935,0.19879094306457756,-2.1887314112434972,0.1291509277078816,0.19214402445739465,nan,nan
23,3,49068,backward,eps,km^2/s^2,4841,4841.0,0.0,-0.9794157073754236,0.012678694425641296,-0.993068425757468,-0.9532153060499318,0.039853119707536244,-0.9964085775907987,-0.9281148789320531,0.06829369865874557,0.7949044488043127,0.03136413903890867,0.0564645661567873,nan,nan
23,4,164821,backward,eps,km^2/s^2,4138,4138.0,0.0,-0.24563524583524976,0.01757647319683666,-0.25821071479776203,-0.20456786828468101,0.053642846513081016,-0.2593276385082858,-0.17313710940135152,0.08619052910693425,0.8733543184887671,0.03992868060979778,0.07135943949312729,nan,nan
23,5,33028,backward,eps,km^2/s^2,1616,1616.0,0.0,-0.8247223264130898,0.019413907811702238,-0.8625014329320803,-0.8075627174221641,0.054938715509916136,-1.0207392989867343,-0.8064439402549758,0.21429535873175853,-1.4530748869675205,0.04027825357542961,0.19851611963008364,nan,nan
23,6,111153,backward,eps,km^2/s^2,11084,11084.0,0.0,-0.17410121564233755,0.02201313603390708,-0.20997128272373394,-0.14091184239326449,0.06905944033046946,-0.21685715784823323,-0.10586809319886892,0.11098906464936431,0.13950423336794587,0.03786071301904595,0.07123501500772678,nan,nan
23,7,211064,backward,eps,km^2/s^2,21968,21968.0,0.0,-0.23261628589215577,0.013789746214763364,-0.24889994045179725,-0.20360539037913158,0.04529455007266567,-0.258155544271637,-0.1882043666753258,0.0699511775963112,0.5043298837366514,0.02697761144708904,0.04227312202874289,nan,nan
23,8,77722,backward,eps,km^2/s^2,4814,4814.0,0.0,-0.9905960016553238,0.01230842740474369,-1.0052649634777957,-0.9665057393142114,0.03875922416358435,-1.0086547271271056,-0.9620409644423636,0.04661376268474193,0.35584662784432564,0.03232778196668246,0.03679255683853022,nan,nan
23,9,12322,backward,eps,km^2/s^2,1046,1046.0,0.0,-0.815881463023524,0.03497481241290803,-0.8250251792222838,-0.8077015226601277,0.017323656562156065,-0.8650264245822996,-0.25651576091074857,0.608510663671551,15.477948018344918,0.009563111922326867,0.55904215076444,nan,nan
23,10,98058,backward,eps,km^2/s^2,3012,3012.0,0.0,-0.9091764999549611,0.041946500088728945,-0.9588682829659676,-0.8216558175115534,0.13721246545441423,-0.9716903857139396,-0.8065266032009923,0.16516378251294728,0.49084209908484255,0.07961413974415295,0.09474335405471401,nan,nan
23,11,36141,backward,eps,km^2/s^2,2038,2038.0,0.0,-0.8857261862226224,0.05186702119077061,-0.9751358631283465,-0.8277863759082275,0.1473494872201191,-1.0207786020554366,-0.8206074327557955,0.20017116929964107,-0.2810597606499147,0.07992706967641258,0.11371106250473129,nan,nan
23,12,160348,backward,eps,km^2/s^2,1621,1621.0,0.0,-0.1906959164699964,0.04662458716286116,-0.2558702991789714,-0.11453419702501833,0.1413361021539531,-0.2595672674968075,-0.04380722131250103,0.21576004618430644,0.22939702308742585,0.07428215720971143,0.14500913292222872,nan,nan
23,13,144186,backward,eps,km^2/s^2,25067,25067.0,0.0,-0.18850801690213503,0.03283757503320042,-0.22716260732388152,-0.12925371135976121,0.09790889596412031,-0.24385773599363303,-0.11906598136760416,0.12479175462602887,0.29154749297557286,0.06371730714909336,0.07390503714125041,nan,nan
23,14,43405,backward,eps,km^2/s^2,5467,5467.0,0.0,-0.8523895857659934,0.026763802721899557,-0.9064921841248896,-0.8306152082661613,0.07587697585872832,-1.020836128343177,-0.8068607798424272,0.21397534850074984,-1.3006511386471657,0.06053663593039293,0.17488058014868035,nan,nan
23,15,74518,backward,eps,km^2/s^2,13110,13110.0,0.0,-0.9391491372391254,0.017548960463649153,-0.9681002668179766,-0.9121677422960253,0.0559325245219513,-1.016166401552411,-0.9012620367006913,0.11490436485171973,-0.06991714200141258,0.046162569689309346,0.0578529355971108,nan,nan
23,16,34315,backward,eps,km^2/s^2,2523,2523.0,0.0,-0.9121023964438718,0.04694274708155066,-0.977421298085389,-0.8370627977661079,0.1403585003192811,-1.0207437552380227,-0.8063623697289342,0.21438138550908858,0.205852659052059,0.07685546283606721,0.10813905884841246,nan,nan
23,17,153904,backward,eps,km^2/s^2,8089,8089.0,0.0,-0.169359119760501,0.03534258699503865,-0.20958174550046424,-0.11142173240493831,0.09816001309552592,-0.24551004699574264,-0.044138872659411854,0.20137117433633078,0.20271277900489865,0.06269942738730055,0.1298569149722194,nan,nan
23,18,132574,backward,eps,km^2/s^2,3863,3863.0,0.0,-0.14237968751367092,0.05549912718741714,-0.21323926040372776,-0.047243557051964966,0.16599570335176278,-0.2446692737261582,-0.043879077490019736,0.20079019623613847,0.2673211607473512,0.10273376197601498,0.10609824153796021,nan,nan
23,19,220939,backward,eps,km^2/s^2,4674,4674.0,0.0,-0.21366731205626516,0.04240781411941865,-0.25472892674134173,-0.12092193864679053,0.13380698809455122,-0.2582250091029896,-0.09022618718507691,0.1679988219179127,0.6567816475736268,0.08605916990499422,0.11675492136670784,nan,nan
23,20,45979,backward,eps,km^2/s^2,11744,11744.0,0.0,-0.8751930345920531,0.020785771076627827,-0.9060359084835206,-0.8402786645699681,0.06575724391355242,-0.9116388916753617,-0.8154048335959787,0.09623405807938301,0.11581587133246168,0.037246002332143674,0.06211983330613313,nan,nan
23,21,15889,backward,eps,km^2/s^2,12009,12009.0,0.0,-0.8908769874277576,0.028625454119216416,-0.9464306011634044,-0.8548510297422829,0.0915795714211215,-0.9620982854500806,-0.8455281706683686,0.11657011478171198,-0.3857667698955782,0.052818886566146646,0.06848657085282284,nan,nan
23,22,8686,backward,eps,km^2/s^2,2986,2986.0,0.0,-0.9230893170050957,0.025091737322012673,-0.959513345631655,-0.8808674786926141,0.07864586693904096,-0.9699743335828579,-0.8508318586618089,0.11914247492104901,0.12575670724068735,0.04283108250132714,0.0719553575876466,nan,nan
23,0,181750,backward,e,-,46985,46985.0,0.0,0.6996110712790037,0.09343734566263621,0.535341537021517,0.8284390304146669,0.29309749339314994,0.5036808616913682,0.8598376401626954,0.3561567784713272,-0.17858083731963742,0.15845171860661578,0.1815043426148757,nan,nan
23,1,14264,backward,e,-,303,303.0,0.0,0.3158932049182244,0.10416242667999456,0.2088552061943191,0.5047185508032559,0.2958633446089368,0.17006358404121355,0.5687330050081139,0.3986694209669003,0.44369982733933205,0.27129836767652354,0.33531282188138156,nan,nan
23,2,21401,backward,e,-,1060,1060.0,0.0,0.2377345615639249,0.07699048605055725,0.22497621862968142,0.4820490238536508,0.25707280522396936,0.21752467444325066,0.5728758045889726,0.35535113014572195,1.9339734916409363,0.2467535620348325,0.33758034277015436,nan,nan
23,3,49068,backward,e,-,4841,4841.0,0.0,0.5146718215812315,0.0189919208496091,0.47494727082351273,0.5344589102878458,0.05951163946433302,0.4351727305718936,0.5391959438023879,0.1040232132304943,-0.8567154413668011,0.047220672017932896,0.08699521226955204,nan,nan
23,4,164821,backward,e,-,4138,4138.0,0.0,0.3925894205723405,0.04789081393190939,0.35661532937925067,0.5027506620867195,0.1461353327074688,0.35333869863390605,0.5839140828773423,0.2305753842434362,0.8264185425796082,0.10728161725105763,0.1884450380416804,nan,nan
23,5,33028,backward,e,-,1616,1616.0,0.0,0.2245900768140284,0.04850200418421135,0.1727842517881981,0.3140583720290795,0.1412741202408814,0.16891681672627307,0.57285141266025,0.4039345959339769,0.7800349773028635,0.09523997416305437,0.3540330147942249,nan,nan
23,6,111153,backward,e,-,11084,11084.0,0.0,0.580417193290407,0.055083927358438575,0.4889478953763851,0.6622890656191976,0.17334117024281254,0.47090499557657944,0.7475373127371864,0.27663231716060693,0.0976264165585616,0.09567114240660296,0.1746857237666133,nan,nan
23,7,211064,backward,e,-,21968,21968.0,0.0,0.429294307038487,0.03738853201365815,0.3838979483753468,0.5066057781654724,0.12270782979012557,0.35685617807242725,0.5462144328054643,0.18935825473303708,0.44709539801529846,0.07338976105942319,0.11060420551916889,nan,nan
23,8,77722,backward,e,-,4814,4814.0,0.0,0.5309196144226955,0.01784062472131406,0.49543379111316,0.551612754938406,0.05617896382524601,0.48828440468421264,0.5563450703171937,0.06806066563298108,-0.39025503178433707,0.04724291495627574,0.05439230138522311,nan,nan
23,9,12322,backward,e,-,1046,1046.0,0.0,0.1995937769927799,0.019174912694675136,0.1734196717298369,0.22623498759249108,0.05281531586265417,0.16819393098549065,0.36207041698533016,0.1938764859998395,2.5390827032155743,0.028404896221176243,0.16345756516683485,nan,nan
23,10,98058,backward,e,-,3012,3012.0,0.0,0.4027428898653088,0.08076813196194361,0.21739151884369437,0.48404278678005835,0.26665126793636396,0.16915703389195855,0.5033967835729937,0.3342397496810351,-0.7982751991151895,0.1717095124826361,0.219943997434372,nan,nan
23,11,36141,backward,e,-,2038,2038.0,0.0,0.35976935891476236,0.0967733970209395,0.23354189500133493,0.5084585168686258,0.2749166218672908,0.21103584373457032,0.5728973064372875,0.36186146270271724,0.10726485456702539,0.16607846238144525,0.1876540065095719,nan,nan
23,12,160348,backward,e,-,1621,1621.0,0.0,0.5390829506142782,0.11834664498466266,0.36351361381092867,0.7262887472745538,0.36277513346362517,0.35264176551903914,0.8956261106421681,0.542984345123129,0.13551401765445745,0.18704083095624968,0.35186543692633354,nan,nan
23,13,144186,backward,e,-,25067,25067.0,0.0,0.5443310988004709,0.08268370658936636,0.4440450729257798,0.6906625420453681,0.24661746911958832,0.39743774603883136,0.7153514309286378,0.3179136848898065,0.25901796515794073,0.1576639014917775,0.18235279037504715,nan,nan
23,14,43405,backward,e,-,5467,5467.0,0.0,0.29247268284910477,0.05422003636090232,0.24053682814743135,0.39796320286967124,0.1574263747222399,0.17028196900333534,0.5729713754320799,0.4026894064287445,0.8299073706747184,0.1198394897558819,0.2948476623182905,nan,nan
23,15,74518,backward,e,-,13110,13110.0,0.0,0.4529088563221043,0.028252535236678863,0.4079233320751711,0.4979554552306937,0.09003212315552256,0.3888909181254845,0.5665585488567753,0.17766763073129077,0.0013350180700673487,0.07517325547628524,0.09417978715676212,nan,nan
23,16,34315,backward,e,-,2523,2523.0,0.0,0.4076586826812764,0.08612537684128962,0.25522152371437706,0.5118021964436525,0.2565806727292755,0.1685914010438332,0.5728380058839121,0.4042466048400789,-0.49533328934297244,0.15396813766108436,0.2397292549677037,nan,nan
23,17,153904,backward,e,-,8089,8089.0,0.0,0.5925124807598169,0.08751245165484092,0.49077138448881624,0.7338391797854543,0.24306779529663808,0.39264924823488095,0.8948398682898845,0.5021906200550035,0.17629526953064625,0.15330113635610673,0.31382776582585825,nan,nan
23,18,132574,backward,e,-,3863,3863.0,0.0,0.6588573871245886,0.13572477135899286,0.4812853009002951,0.8874273929909063,0.40614209209061125,0.3966677464947184,0.8954556794646302,0.4987879329699118,0.2369706671202064,0.24713938756112203,0.25516767403484597,nan,nan
23,19,220939,backward,e,-,4674,4674.0,0.0,0.4801497800659419,0.10899546310566369,0.36704351441637495,0.7113346238433076,0.34429110942693264,0.3566637372686819,0.7849756298108841,0.4283118925422022,0.5775331636259461,0.21312298903187937,0.2867639949994558,nan,nan
23,20,45979,backward,e,-,11744,11744.0,0.0,0.3397310247224449,0.04189785323640651,0.2641964419679159,0.3971352959575203,0.13293885398960437,0.19912757106917733,0.4070149161079655,0.20788734503878814,-0.2520203870688496,0.0801101224608812,0.14517899335961976,nan,nan
23,21,15889,backward,e,-,12009,12009.0,0.0,0.36903416311321446,0.052259787929831325,0.2967558243399063,0.4641177814029626,0.1673619570630563,0.2759808255270147,0.4886047653412886,0.2126239398142739,0.24184835701711227,0.09186421592256272,0.11451558132695816,nan,nan
23,22,8686,backward,e,-,2986,2986.0,0.0,0.42572619076164897,0.0429623546446225,0.34962766756604635,0.4844458982616254,0.13481823069557902,0.2881415248747148,0.5004312289167241,0.2122897040420093,-0.224835075137665,0.07560827271033647,0.13709441540166806,nan,nan
23,0,181750,backward,w,deg,46985,46985.0,0.0,-0.5884876233208729,4.445906741276407,-5.832632314826912,9.959312037649555,15.791944352476467,-7.363374936636859,15.397670719771327,22.761045656408186,1.134655834965006,15.02242973321525,20.460788415336992,20.64379072697462,0.9969961527188497
23,1,14264,backward,w,deg,303,303.0,0.0,-1.2104843096000195,10.611004478049539,-26.297156466882672,15.532432474909386,41.82958894179206,-30.17113167311163,17.713079175500752,47.88421084861238,-0.726801852382408,25.453889203143767,29.32786440937278,201.7739664523037,0.9830297321269664
23,2,21401,backward,w,deg,1060,1060.0,0.0,0.4887684952408762,6.542809637162364,-12.65898377242014,10.918476690757744,23.577460463177886,-34.93352352876104,13.029798044527809,47.96332157328885,-0.6472547553484012,12.898012367234893,33.726142878565554,206.66805316120275,0.9935167761056628
23,3,49068,backward,w,deg,4841,4841.0,0.0,-1.571143603136619,5.676950416863734,-6.596850249113686,12.145080349352128,18.741930598465814,-7.624427436282929,20.009345299851077,27.633772736134006,1.1497093872592246,14.7963933830913,22.66065833359025,191.5800669196594,0.9951068062569152
23,4,164821,backward,w,deg,4138,4138.0,0.0,2.1200397929380017,5.3099515264324735,-11.65773165352476,4.717415827685059,16.37514748120982,-18.059818812566107,4.929647703354789,22.989466515920896,-1.2279203989680263,15.363681596852919,21.7657687558943,32.00952013426316,0.9957163902060678
23,5,33028,backward,w,deg,1616,1616.0,0.0,8.180866393964365,16.173884910262792,-31.957163602236697,13.80096080664525,45.75812440888195,-33.16105057152629,14.113675926132117,47.274726497658406,-0.8902127575233015,42.234625811892236,43.43851278118183,204.70685216662895,0.9607534402899793
23,6,111153,backward,w,deg,11084,11084.0,0.0,1.1405732789267375,4.419702945674002,-13.450037076414528,4.0985201573942,17.54855723380873,-18.16671446194448,6.319417242056289,24.48613170400077,-2.085277561811035,15.245062759836571,19.961740145366548,29.626799287837073,0.9970356062305317
23,7,211064,backward,w,deg,21968,21968.0,0.0,0.18360667659442242,5.260396806900752,-8.261624431642817,7.509241506020735,15.770865937663551,-11.506420387744953,10.133145794650858,21.63956618239581,-0.055675602422674095,11.006777814466565,13.630682103096717,26.21771277756935,0.9957908465756886
23,8,77722,backward,w,deg,4814,4814.0,0.0,-0.6490429811539116,6.75140397735399,-9.183404925878582,11.946434546567508,21.12983947244609,-10.764148477674638,14.527369188028302,25.29151766570294,0.3291712482816885,11.277271159908056,13.22762503179706,191.483590937996,0.9930734061864724
23,9,12322,backward,w,deg,1046,1046.0,0.0,2.637609892743484,13.790331202267907,-18.213206488408396,11.622221722085783,29.83542821049418,-175.3524446639486,17.651581877266864,193.00402654121547,-7.779635292972632,19.409644637328576,176.54888281286878,201.40993841690175,0.9810543518661586
23,10,98058,backward,w,deg,3012,3012.0,0.0,2.342169152434181,9.837503250552114,-16.32574266454484,12.690344016027282,29.016086680572123,-31.302360272831322,13.111160494797872,44.413520767629194,-0.42006055370928136,25.179740042857226,40.15635765114371,206.94013334107208,0.9853278242439031
23,11,36141,backward,w,deg,2038,2038.0,0.0,-1.5983852235069378,9.481732313807939,-8.973755411271714,15.773168411380665,24.746923822652377,-29.584188151504634,19.270892404051153,48.85508055555579,-0.4088754319571942,22.373513558425472,24.477448620525905,201.0837495165211,0.9864276248816618
23,12,160348,backward,w,deg,1621,1621.0,0.0,-0.853356108093493,5.114961740518022,-7.211920003076187,9.972757828893606,17.184677831969793,-15.360581186131839,11.093900488122586,26.454481674254424,0.3233367347066999,9.95913733138886,15.720915566727854,25.963362039457206,0.996024200829311
23,13,144186,backward,w,deg,25067,25067.0,0.0,0.03462780741915594,2.174365023742914,-3.5656616807767847,3.333623365080864,6.899285045857649,-14.248681645147286,8.010131255538994,22.25881290068628,-0.23720698938291443,5.201494686016147,15.837004142571402,27.80285346630064,0.9992802315291325
23,14,43405,backward,w,deg,5467,5467.0,0.0,2.682618610872737,7.665758959935602,-11.819369747135127,9.230684098754963,21.05005384589009,-37.70485107200918,10.488534671557971,48.19338574356715,-1.6735106260764918,15.475562887364203,41.361044212238255,209.20854068937854,0.9911506044010817
23,15,74518,backward,w,deg,13110,13110.0,0.0,-0.33665618438237743,4.698048792576015,-6.811653947619736,7.996579121093296,14.808233068713033,-27.06178081282181,13.400819724326794,40.4626005371486,0.14301893325203252,10.111457985980472,25.00105097569181,200.8227636398908,0.9966445269326314
23,16,34315,backward,w,deg,2523,2523.0,0.0,-0.9616210258596425,7.626235012331594,-5.853610022098519,19.35108456951847,25.204694591616988,-25.4925139603576,23.28369872426765,48.77621268462525,0.9257429232090029,22.684394716395484,25.960804811004294,196.94491961235653,0.9912234443053113
23,17,153904,backward,w,deg,8089,8089.0,0.0,-0.19664950568815698,3.5672638074986414,-4.971987218168163,8.068639938344134,13.040627156512297,-13.746352849027915,12.446292772871146,26.19264562189906,0.7608155939268781,9.157139582003541,14.449020359013815,24.334024662887703,0.998065981812527
23,18,132574,backward,w,deg,3863,3863.0,0.0,1.9367589217060015,6.337444503029992,-10.867327346591074,8.463075334467414,19.330402681058487,-11.21519625975506,15.232833008478508,26.44802926823357,-0.4893387956920135,13.430777859275272,13.77864677243926,21.830302961061882,0.9938976594044208
23,19,220939,backward,w,deg,4674,4674.0,0.0,-2.0377546051566924,8.526865691160658,-10.167048689669345,13.262512226975208,23.429560916644554,-11.10025575070182,13.903374149767103,25.003629900468923,0.38720060338173684,19.145405600624986,19.786267523416882,22.45701987008286,0.9889595761550763
23,20,45979,backward,w,deg,11744,11744.0,0.0,-0.12620128792441676,3.4000555776410257,-5.282284038293073,5.638187967840207,10.92047200613328,-9.53511324558454,11.684886749140617,21.219999994725157,0.05953667276949214,6.105132698396117,11.262551754057966,205.37339115887474,0.9982403773298643
23,21,15889,backward,w,deg,12009,12009.0,0.0,-0.37963676289268733,3.4962266885366184,-5.203920729441347,6.105257168144732,11.309177897586078,-6.339737441892737,7.793111439348763,14.1328488812415,0.2553349916248376,6.436066848214551,8.123921119418583,189.95935590899776,0.9981394537177564
23,22,8686,backward,w,deg,2986,2986.0,0.0,-0.35489897493006595,3.054500868867138,-2.3451203870047905,1.5531461277471195,3.89826651475191,-2.803398379652691,28.81751015591618,31.620908535568873,5.354262444643621,2.3596234468194623,29.623987474988525,182.92885745089453,0.9985921960296885
23,0,181750,forward,eps,km^2/s^2,46985,46985.0,0.0,-0.12798917905389284,0.04123189517129651,-0.19736676258536812,-0.07239943328886551,0.1249673292965026,-0.8238947527169365,-0.05885393284037144,0.765040819876565,-0.38612245183008653,0.07266433100051647,0.6991923211320848,nan,nan
23,1,14264,forward,eps,km^2/s^2,303,303.0,0.0,-0.2056720922204861,0.32393840271103463,-0.9407589925845269,-0.1120210915439255,0.8287379010406014,-1.020440955040417,-0.04492689432768027,0.9755140607127367,-0.8573006560641172,0.7347730997007963,0.8144550621566866,nan,nan
23,2,21401,forward,eps,km^2/s^2,1060,1060.0,0.0,-0.8283936020434629,0.05309118057454023,-0.9440378570461992,-0.8125087630281989,0.1315290940180004,-1.0201739466041788,-0.04606809117142474,0.9741058554327541,5.1072149649345056,0.12074873494873523,0.7804413898990897,nan,nan
23,3,49068,forward,eps,km^2/s^2,4841,4841.0,0.0,-0.9560590943436192,0.02651966208354353,-0.98567722879244,-0.9054657034014768,0.08021152539096321,-0.9895364381834701,-0.8931894370421036,0.09634700114136652,0.38212781799456946,0.04709379793955204,0.05937006429892522,nan,nan
23,4,164821,forward,eps,km^2/s^2,4138,4138.0,0.0,-0.19509159186648256,0.3210774721919534,-0.8316828030247331,-0.10751440002193428,0.7241684030027988,-1.0207028886856082,-0.10440653294033575,0.9162963557452725,-0.6238176970520808,0.7042475701905906,0.8932676558514657,nan,nan
23,5,33028,forward,eps,km^2/s^2,1616,1616.0,0.0,-0.24578998830869947,0.12548645133176403,-0.25699455516197073,-0.2051086004597237,0.05188595470224702,-0.980671682301569,-0.10745760176690045,0.8732140805346685,-4.86620020123634,0.08280963486843448,0.7384136813241222,nan,nan
23,6,111153,forward,eps,km^2/s^2,11084,11084.0,0.0,-0.8728798663364731,0.025624095288878088,-0.9283610165809696,-0.8429520037984918,0.08540901278247781,-0.969508084199429,-0.83521241080708,0.13429567339234905,-0.9051667054944844,0.08206279399853465,0.1232098616169941,nan,nan
23,7,211064,forward,eps,km^2/s^2,21968,21968.0,0.0,-0.8756717110913045,0.029929325999653603,-0.933950443426423,-0.838539808657657,0.09541063476876599,-0.9813107122921834,-0.8071892914486543,0.1741214208435291,-0.37448868320606077,0.05661594199223863,0.08771237939608378,nan,nan
23,8,77722,forward,eps,km^2/s^2,4814,4814.0,0.0,-0.8779258096508264,0.024912528999643763,-0.9291660909577614,-0.8501304598952725,0.0790356310624889,-0.971391766789463,-0.8124351423138624,0.15895662447560066,-0.726957614207456,0.04467945135923411,0.08303467428098865,nan,nan
23,9,12322,forward,eps,km^2/s^2,1046,1046.0,0.0,-0.8192569278278552,0.25502864976584544,-0.8808563332176775,-0.11134132425757981,0.7695150089600977,-0.9840399596112792,-0.04389160369217371,0.9401483559191055,1.8415794025727559,0.7077569800359262,0.7752067006013323,nan,nan
23,10,98058,forward,eps,km^2/s^2,3012,3012.0,0.0,-0.9098822632462022,0.04032606846546463,-0.9768415094436115,-0.846741104904735,0.1301004045388765,-0.9819994090634598,-0.8085486977147093,0.17345071134875056,0.06965954456419506,0.06973105903077956,0.10792346622080529,nan,nan
23,11,36141,forward,eps,km^2/s^2,2038,2038.0,0.0,-0.17186247108120462,0.27004607319978796,-0.8884600180887557,-0.04691458320489184,0.8415454348838639,-1.0160398633790297,-0.043981079635574294,0.9720587837434554,-1.7609110240782893,0.7403272335513598,0.8679070788416338,nan,nan
23,12,160348,forward,eps,km^2/s^2,1621,1621.0,0.0,-0.20889469278042327,0.32617594472656836,-0.9356873153958161,-0.11529811583040805,0.820389199565408,-1.0084233505739606,-0.04380055913553149,0.9646227914384291,-0.7477272947899773,0.7236082742983464,0.7963443094764909,nan,nan
23,13,144186,forward,eps,km^2/s^2,25067,25067.0,0.0,-0.9366710236595754,0.022206850966965647,-0.967678758605393,-0.8974967580039263,0.07018200060146673,-0.9830183099074399,-0.8092117788852258,0.1738065310222141,0.46502921804949915,0.038409880316340295,0.1246114522777384,nan,nan
23,14,43405,forward,eps,km^2/s^2,5467,5467.0,0.0,-0.18748173118159694,0.08226788819474182,-0.2353008974239818,-0.09990725934869278,0.13539363807528904,-0.979689980049135,-0.0461703378629178,0.9335196421862172,-6.6682224539662585,0.08391279100268677,0.8076337314886086,nan,nan
23,15,74518,forward,eps,km^2/s^2,13110,13110.0,0.0,-0.19533835760660312,0.05439465586977768,-0.2287085060457422,-0.12843869346834175,0.10026981257740045,-0.8409721946254286,-0.11840664812713053,0.7225655464982981,-6.942846251196421,0.06834402645399082,0.6448590169377048,nan,nan
23,16,34315,forward,eps,km^2/s^2,2523,2523.0,0.0,-0.908065526349429,0.04856553643044309,-0.9769447073396669,-0.8135329364485694,0.16341177089109749,-1.0206562915180895,-0.8063625597697947,0.2142937317482948,0.2153877125760402,0.09965222494520401,0.1082914228660724,nan,nan
23,17,153904,forward,eps,km^2/s^2,8089,8089.0,0.0,-0.17890023203736616,0.07382130197037187,-0.2559043747209999,-0.11239318656989807,0.14351118815110186,-1.0132425140509675,-0.04795161883069632,0.9652908952202712,-5.786387488708272,0.08385862663318792,0.8175527958757384,nan,nan
23,18,132574,forward,eps,km^2/s^2,3863,3863.0,0.0,-0.8635894762551523,0.05276962558553003,-0.9737017227817178,-0.8113581728938501,0.1623435498878677,-1.0205829238249695,-0.8067544423545633,0.21382848147040623,-0.5418528928170244,0.09430978487551175,0.11544946728933025,nan,nan
23,19,220939,forward,eps,km^2/s^2,4674,4674.0,0.0,-0.8411944380832603,0.03028678398892446,-0.9078127124912476,-0.8141583821647687,0.09365433032647896,-1.020820045950525,-0.8070918060031312,0.21372823994739376,-2.697251744952271,0.07103350322611662,0.18404083668539406,nan,nan
23,20,45979,forward,eps,km^2/s^2,11744,11744.0,0.0,-0.22521707564369048,0.055121460874875135,-0.24677200647284034,-0.1531432011691161,0.09362880530372425,-0.8869091299979199,-0.13918629282039252,0.7477228371775274,-7.505712937937703,0.0691659042445379,0.6657944771030587,nan,nan
23,21,15889,forward,eps,km^2/s^2,12009,12009.0,0.0,-0.9648665302134715,0.03298127249702342,-1.0022430780117184,-0.9020319541123349,0.10021112389938347,-1.0085644016778017,-0.8911740447928009,0.11739035688500077,0.36865308870090835,0.05453313403636977,0.06539104335590373,nan,nan
23,22,8686,forward,eps,km^2/s^2,2986,2986.0,0.0,-0.8808717949585241,0.016800773037909705,-0.8998536792518612,-0.8611100006759711,0.03874367857589012,-0.9807700187474337,-0.854697651065499,0.12607236768193475,-2.1281705461558875,0.02295584713719448,0.10387218663276698,nan,nan
23,0,181750,forward,e,-,46985,46985.0,0.0,0.6939572999269561,0.10066082162632195,0.5222151559739325,0.8274171536890269,0.3052019977150944,0.22344086774111824,0.8597500074356198,0.6363091396945015,-0.3392729186102384,0.17988080556489466,0.478655093797709,nan,nan
23,1,14264,forward,e,-,303,303.0,0.0,0.5053994008820625,0.1658486590555463,0.22328941548926698,0.7323309390476439,0.509041523558377,0.20285625283815495,0.892947970469117,0.690091717630962,-0.10872036861986166,0.28497622667232897,0.39279380330911795,nan,nan
23,2,21401,forward,e,-,1060,1060.0,0.0,0.23480647243663647,0.08137424826487492,0.18931330470546723,0.4624820706925157,0.2731687659870484,0.16971236327555636,0.8902517038777613,0.7205393406022049,1.9766902101495556,0.2325088762330058,0.6602785094182515,nan,nan
23,3,49068,forward,e,-,4841,4841.0,0.0,0.4794959614901874,0.04225646712444543,0.39560939143295365,0.5238323695015679,0.1282229780686142,0.37336142565604225,0.5294155266261129,0.15605410097007066,-0.4578552171696399,0.07824609699577317,0.10049406277268458,nan,nan
23,4,164821,forward,e,-,4138,4138.0,0.0,0.5312490995343142,0.20251141834076078,0.1911571182546803,0.7432225710029697,0.5520654527482894,0.17117027507337262,0.7507077942208744,0.5795375191475018,-0.3228847756938425,0.5040679420252933,0.5240547852066009,nan,nan
23,5,33028,forward,e,-,1616,1616.0,0.0,0.3943979809219317,0.05551539809560487,0.3614619256997434,0.5148087218110258,0.15334679611128238,0.27785373109047,0.7437231962695249,0.46586946517905486,2.2094724442065776,0.11242703548755933,0.3402898005414557,nan,nan
23,6,111153,forward,e,-,11084,11084.0,0.0,0.3350713242991509,0.049034949136648916,0.2704089780220299,0.4352993240383793,0.1648903460163494,0.25298415724703893,0.500122009708595,0.24713785246155606,0.6582697105388612,0.157112117829632,0.22193480349984768,nan,nan
23,7,211064,forward,e,-,21968,21968.0,0.0,0.34080925557417896,0.05896584264734138,0.2603293706231769,0.44465493653163873,0.18432556590846183,0.17140282966523954,0.5170446741396225,0.34564184447438295,-0.04039357184562279,0.11689050621016327,0.20356407924729533,nan,nan
23,8,77722,forward,e,-,4814,4814.0,0.0,0.3446038331193597,0.04726732759408834,0.28648028322414265,0.4364754473783706,0.14999516415422792,0.18982757206028292,0.5029569112002404,0.31312933913995755,0.4745551506408454,0.08436106559208371,0.1747017636870292,nan,nan
23,9,12322,forward,e,-,1046,1046.0,0.0,0.22626979066771577,0.175461752415979,0.18847963367954457,0.7344020463638002,0.5459224126842557,0.17153859831983675,0.8954250633070769,0.7238864649872402,1.955411798056112,0.5251778075948147,0.6862008245380914,nan,nan
23,10,98058,forward,e,-,3012,3012.0,0.0,0.403617291012629,0.07269719750196929,0.2793064725052132,0.510904106503591,0.2315976339983778,0.17689843824555226,0.5185090086168794,0.34161057037132714,-0.35258489017510564,0.13562421986973316,0.23803225412939408,nan,nan
23,11,36141,forward,e,-,2038,2038.0,0.0,0.5862761605054799,0.18359995623169542,0.2872342387797566,0.888229982955324,0.6009957441755673,0.1705568463462666,0.8952125964134294,0.7246557500671629,-0.008206794683768092,0.3575701487086181,0.47424754114210826,nan,nan
23,12,160348,forward,e,-,1621,1621.0,0.0,0.49799547626124196,0.16164983415714573,0.22444148598574243,0.7244722949577331,0.5000308089719907,0.1698141830836259,0.8956399397956282,0.7258257567120023,0.0030131770087396823,0.26949000590437877,0.4112520797425073,nan,nan
23,13,144186,forward,e,-,25067,25067.0,0.0,0.44889273519480394,0.03711298129090948,0.38178622004707,0.4972731608019477,0.1154869407548777,0.17896209033512667,0.5195540133056853,0.3405919229705586,-0.8004794968924747,0.063045513574773,0.26526769890330065,nan,nan
23,14,43405,forward,e,-,5467,5467.0,0.0,0.547636632046969,0.10126386440603141,0.4300519210259835,0.7618083140757672,0.3317563930497837,0.16987312589813894,0.890008058378988,0.720134932480849,0.48876888257790546,0.20697927347783732,0.4166765067018854,nan,nan
23,15,74518,forward,e,-,13110,13110.0,0.0,0.5271275186830944,0.08806553224370789,0.43989159493816243,0.6926680705669499,0.25277647562878747,0.1759040453018719,0.7169528444652796,0.5410487991634078,0.1508108351513881,0.16918080757729326,0.3491823628482301,nan,nan
23,16,34315,forward,e,-,2523,2523.0,0.0,0.4004045655323409,0.09145992397499349,0.1907809864676036,0.5110743112892582,0.32029332482165457,0.16857236846964585,0.572716237374,0.40414386890435416,-0.5649149879668456,0.21712419814524025,0.2393328161431978,nan,nan
23,17,153904,forward,e,-,8089,8089.0,0.0,0.5687170318638177,0.11280634071759622,0.3636184076026932,0.731474059735331,0.36785565213263777,0.17006665311222163,0.88577017291152,0.7157035197992985,-0.3918744353058547,0.2064266637310024,0.35940338482568623,nan,nan
23,18,132574,forward,e,-,3863,3863.0,0.0,0.3166165833779649,0.10248103507047991,0.18509311524541522,0.5062602715078474,0.32116715626243214,0.17001816509090778,0.572619520313711,0.4026013552228032,0.311058819375362,0.21018153620052138,0.22525648635502898,nan,nan
23,19,220939,forward,e,-,4674,4674.0,0.0,0.2668348457201626,0.060572920181436195,0.19301518004931806,0.39995613975493555,0.2069409597056175,0.17108557576733655,0.572955757279698,0.40187018151236154,1.8966819161149147,0.14398615608240503,0.3169857736071675,nan,nan
23,20,45979,forward,e,-,11744,11744.0,0.0,0.44928397236366846,0.08063760124399214,0.3899662746779661,0.6323506633528023,0.24238438867483625,0.17717376521115666,0.6664920247996247,0.489318259588468,0.595268719036019,0.175287312275636,0.2825434124713688,nan,nan
23,21,15889,forward,e,-,12009,12009.0,0.0,0.4927558523990591,0.051926298846462715,0.389197306358187,0.5474114597804919,0.15821415342230488,0.36933174053788914,0.5562090261526239,0.18687728561473477,-0.4571754791686682,0.09074591341426112,0.110611479234559,nan,nan
23,22,8686,forward,e,-,2986,2986.0,0.0,0.34980326636100667,0.03087819846342721,0.3099533607886297,0.38534206952410754,0.07538870873547787,0.2961950763715573,0.5167569749855222,0.2205618986139649,1.75021458421457,0.044072883082868414,0.17464631244933854,nan,nan
23,0,181750,forward,w,deg,46985,46985.0,0.0,-3.8423707645986838,19.27278149366189,-22.80218512005189,38.00740109865183,60.80958621870373,-130.00177864591555,81.54389911328644,211.545677759202,0.9269809568713573,37.027211497549644,130.99349939695207,175.42358663646908,0.9452484129711294
23,1,14264,forward,w,deg,303,303.0,0.0,-0.5294867512391761,88.32434495788613,-169.14105539955673,167.75191340970053,336.89296880925724,-179.81887084460823,179.67482824720503,359.49369909181326,-0.0889470340935654,170.825935799464,179.95164725919028,51.67701313426312,0.353015947781671
23,2,21401,forward,w,deg,1060,1060.0,0.0,-3.2395222800472823,23.22151131374949,-23.632153195019118,47.88655378689002,71.51870698190913,-160.24613235225132,150.5266230801558,310.7727554324071,1.3466604165476537,56.92231138264564,156.74354823345777,158.8158204233627,0.9305437848490816
23,3,49068,forward,w,deg,4841,4841.0,0.0,-0.7806175210718607,13.393660938774905,-19.12956096187753,24.735143256387346,43.864704218264876,-21.802482630362306,38.39005095248746,60.19253358284976,0.44551483347661686,30.090614329280527,43.74552202538064,313.3689687830132,0.972989692257557
23,4,164821,forward,w,deg,4138,4138.0,0.0,-16.327442095358634,67.69599033249077,-60.858350125562986,118.21043748405897,179.06878760962195,-179.99067325055552,179.12323362592315,359.11390687647867,0.33528125070076525,159.79664467813456,179.99414668391654,278.45140186500487,0.45401164333083777
23,5,33028,forward,w,deg,1616,1616.0,0.0,-3.431599269884387,38.947436787879944,-28.748242467266273,57.38032575046543,86.1285682177317,-179.0331531681186,179.52875641166372,358.5619095797823,1.1714913621675538,56.48390782346178,179.35727701335395,211.08709501541165,0.853577857432162
23,6,111153,forward,w,deg,11084,11084.0,0.0,-4.54473456974047,19.185125619519575,-22.72337565297143,35.1194228755792,57.84279852855063,-24.311399093371847,77.43824296180105,101.7496420551729,0.7505978925192001,39.5478668962657,81.86668698248758,15.419236935485685,0.9454181807574443
23,7,211064,forward,w,deg,21968,21968.0,0.0,-2.7195292982101336,18.795711771325216,-20.795004703254573,33.33250564580049,54.12751034905506,-24.288814461523316,109.45035998672813,133.73917444825145,1.8789035957828433,36.8393246520319,112.95717899295948,15.741479857012013,0.9500205946188195
23,8,77722,forward,w,deg,4814,4814.0,0.0,-3.1891489743810553,14.363555996059269,-16.12433221345031,30.592499863416517,46.71683207686682,-17.73217174693292,65.50910348304569,83.24127522997861,1.2103673691101204,33.967931243781,68.88453486341018,308.0158070049077,0.9693031354603445
23,9,12322,forward,w,deg,1046,1046.0,0.0,-8.57914484011927,53.25549812001268,-36.48127056783379,127.36313575234183,163.8444063201756,-164.56764260824292,179.66738797577005,344.235030584013,1.2589688202801543,142.3702277696683,179.11444011904496,171.50671059081816,0.6957001230183992
23,10,98058,forward,w,deg,3012,3012.0,0.0,-4.364409058269018,18.67326520091973,-22.600863395705,36.45096044651893,59.051823842223925,-26.00470872474682,73.77998535578251,99.78469408052933,0.9308170823980384,34.485190505622306,71.8142154148859,340.78278160841353,0.9484927989018603
23,11,36141,forward,w,deg,2038,2038.0,0.0,-4.820119309099397,60.85209680363513,-39.567056973117865,146.23777008130608,185.80482705442395,-179.00930286482617,179.77932267052603,358.7886255353522,0.48833791054934184,162.6139182514392,179.87999342054036,306.7420247377657,0.6605795612691506
23,12,160348,forward,w,deg,1621,1621.0,0.0,-0.3846648713820855,91.26131796739018,-169.89062122456522,159.36498684652554,329.25560807109076,-179.91294642025832,179.8340693137893,359.74701573404764,-0.0594106985552222,171.64521491994196,179.90140828906345,29.92491736304259,0.2963847921199869
23,13,144186,forward,w,deg,25067,25067.0,0.0,-2.867055043061356,14.856507183883767,-17.17002240407221,25.705162441812703,42.87518484588492,-17.892051643766763,90.8371685553987,108.72922019916547,1.121813850966808,37.30736871585558,102.43937482944159,8.379146035429173,0.9672507397157204
23,14,43405,forward,w,deg,5467,5467.0,0.0,-0.963956579747304,26.774735689243236,-38.84486090397253,33.40971615432282,72.25457705829535,-179.74205845289583,179.01809723765092,358.76015569054675,-0.2938064227242025,43.704908591851996,179.92514005647865,234.18987283014545,0.9162589704280623
23,15,74518,forward,w,deg,13110,13110.0,0.0,-3.420485645394919,23.06330423509195,-25.785379448314984,38.24529781194544,64.03067726026043,-179.4562098450753,178.1305085829697,357.586718428045,0.5939869453889358,46.962185700028876,179.84822163002002,190.16311230878082,0.9303229049480763
23,16,34315,forward,w,deg,2523,2523.0,0.0,-1.2989373325081033,21.570899065084276,-44.26294817096304,36.33810505574585,80.6010532267089,-75.14638325578551,77.08141010233783,152.22779335812334,-0.08333977911606873,48.18161788358679,88.37922924444842,48.78932230529577,0.9323250374731388
23,17,153904,forward,w,deg,8089,8089.0,0.0,-2.686539222699878,26.523250636410165,-39.47703247164262,45.109429320947484,84.58646179259011,-159.62431496900288,153.29376068155796,312.9180756505608,0.5840272746971487,61.370511193085065,169.1307872404717,288.2617080751521,0.9050284868109305
23,18,132574,forward,w,deg,3863,3863.0,0.0,3.9772454464348357,32.98533715892682,-55.837797040003316,49.32675817210864,105.16455521211196,-69.6569415384661,99.3107018059095,168.9676433443756,-0.148805563125239,59.03911898262041,101.07509719934319,119.95027187324797,0.8447351320875858
23,19,220939,forward,w,deg,4674,4674.0,0.0,-6.031547529158686,24.061270178027545,-24.296657474942897,53.22398662758827,77.52064410253116,-34.55433230710349,115.48916676009162,150.0434990671951,1.3903064280900306,65.00340944175845,127.2685895742618,59.839346376307596,0.9178010001399971
23,20,45979,forward,w,deg,11744,11744.0,0.0,-3.157600622973362,19.46068424292345,-18.449696223976225,29.968644854320388,48.41834107829661,-179.81488569545957,178.8264455902081,358.64133128566766,2.717085401121727,44.12420312780255,179.81575087125879,181.59142507691357,0.9554001848023687
23,21,15889,forward,w,deg,12009,12009.0,0.0,-0.5042184816846316,6.784508727778861,-10.047575620866576,11.776041622741346,21.82361724360792,-11.77057875573962,21.507418860547887,33.27799761628751,0.34684809218284174,16.506348568030333,26.237725805836874,301.6118675794645,0.9930089951288807
23,22,8686,forward,w,deg,2986,2986.0,0.0,-1.7497745881254048,6.386951499823796,-4.055149785029286,5.8564072338734405,9.911557018902727,-4.206934403020796,57.907577031506605,62.1145114345274,4.41596073243538,9.364633639355432,61.4158034369886,293.61642655389767,0.9939668030369576
27,0,97837,backward,eps,km^2/s^2,25454,25454.0,0.0,-0.09915022103214383,0.021642426526747666,-0.1397936749268534,-0.06756000183357437,0.07223367309327904,-0.1750987102168181,-0.058817793307683885,0.11628091690913422,-0.540995258950081,0.057046628943447635,0.09235166423341234,nan,nan
27,1,30546,backward,eps,km^2/s^2,317,317.0,0.0,-0.8560646753774963,0.05826407865397755,-0.9759384587363742,-0.8190107185897068,0.15692774014666744,-1.020754723273971,-0.8068393667227801,0.21391535655119098,-0.668306030685107,0.14625987413767433,0.1910761386752713,nan,nan
27,2,21401,backward,eps,km^2/s^2,1048,1048.0,0.0,-0.8294270259252241,0.03902645513604495,-0.9566621642876595,-0.8246578714711907,0.13200429281646875,-1.020599717396067,-0.8219637802093935,0.1986359371866735,-2.150264946869379,0.128051465471083,0.19198901857949058,nan,nan
27,3,49068,backward,eps,km^2/s^2,4841,4841.0,0.0,-0.9794157073754236,0.012678694425641296,-0.993068425757468,-0.9532153060499318,0.039853119707536244,-0.9964085775907987,-0.9281148789320531,0.06829369865874557,0.7949044488043127,0.03136413903890867,0.0564645661567873,nan,nan
27,4,146677,backward,eps,km^2/s^2,3462,3462.0,0.0,-0.22680258781793888,0.025812986432929806,-0.2583826697016131,-0.1805067581649304,0.07787591153668272,-0.2593276385082858,-0.15294206854965076,0.10638556995863502,0.3486620653091141,0.053491223030774734,0.08105591264605438,nan,nan
27,5,33028,backward,eps,km^2/s^2,1616,1616.0,0.0,-0.8247223264130898,0.019413907811702238,-0.8625014329320803,-0.8075627174221641,0.054938715509916136,-1.0207392989867343,-0.8064439402549758,0.21429535873175853,-1.4530748869675205,0.04027825357542961,0.19851611963008364,nan,nan
27,6,209914,backward,eps,km^2/s^2,4385,4385.0,0.0,-0.17904881177373255,0.04288532813460448,-0.23792116624780896,-0.10331575095729323,0.13460541529051573,-0.25198693484168744,-0.04876882800468796,0.20321810683699948,0.2879495191684191,0.07882724611326228,0.1121619453275241,nan,nan
27,7,219125,backward,eps,km^2/s^2,4220,4220.0,0.0,-0.2499496221313217,0.010248678304287847,-0.2568553177228579,-0.22898540137542767,0.027869916347430246,-0.2582250091029896,-0.17927374966223075,0.07895125944075887,1.853976383283916,0.019986089450081408,0.06969774116327832,nan,nan
27,8,77722,backward,eps,km^2/s^2,4814,4814.0,0.0,-0.9905960016553238,0.01230842740474369,-1.0052649634777957,-0.9665057393142114,0.03875922416358435,-1.0086547271271056,-0.9620409644423636,0.04661376268474193,0.35584662784432564,0.03232778196668246,0.03679255683853022,nan,nan
27,9,12322,backward,eps,km^2/s^2,1042,1042.0,0.0,-0.81594510553671,0.006207035032985408,-0.8250765430435866,-0.8078107184243434,0.017265824619243197,-0.8662232361574104,-0.806208472304013,0.060014763853397324,-2.270471526085302,0.009518631368398039,0.05066532448222183,nan,nan
27,10,98058,backward,eps,km^2/s^2,3015,3015.0,0.0,-0.9090585538667888,0.041956950275422206,-0.9588672085269699,-0.8215397961158004,0.13732741241116952,-0.9716903857139396,-0.8065266032009923,0.16516378251294728,0.4894673834124592,0.07973016113990594,0.09474335405471401,nan,nan
27,11,36141,backward,eps,km^2/s^2,2030,2030.0,0.0,-0.8853855436491982,0.05149658747686802,-0.9750117153159008,-0.8278158329971831,0.14719588231871772,-1.0207786020554366,-0.8206074327557955,0.20017116929964107,-0.2830219551800206,0.07967135297707707,0.11371106250473129,nan,nan
27,12,154799,backward,eps,km^2/s^2,126,126.0,0.0,-0.18202767846882972,0.16146578788521238,-0.25683213481697253,-0.10759202726338929,0.14924010755358325,-1.0176690233481307,-0.043834796693581146,0.9738342266545496,-3.773186732228777,0.1386223390434292,0.8351510045779862,nan,nan
27,13,149609,backward,eps,km^2/s^2,26477,26477.0,0.0,-0.21865364307143487,0.028832614064208208,-0.24602679244843098,-0.15655165857202424,0.08947513387640674,-0.25039704754313097,-0.11917669865826308,0.1312203488848679,0.6848356154137043,0.06589102676566383,0.10326598667942499,nan,nan
27,14,43405,backward,eps,km^2/s^2,5487,5487.0,0.0,-0.8524003999393915,0.026726933971140465,-0.9064199971935545,-0.8306225502465602,0.0757974469469943,-1.020836128343177,-0.8068607798424272,0.21397534850074984,-1.3019859897064074,0.06046444899905782,0.17488058014868035,nan,nan
27,15,74518,backward,eps,km^2/s^2,13094,13094.0,0.0,-0.9391816082967618,0.01753015252574644,-0.9681121234646312,-0.9122416172627009,0.05587050620193024,-1.016166401552411,-0.9012620367006913,0.11490436485171973,-0.06979944462493357,0.04607564334152411,0.0578529355971108,nan,nan
27,16,34315,backward,eps,km^2/s^2,2523,2523.0,0.0,-0.9121023964438718,0.04694274708155066,-0.977421298085389,-0.8370627977661079,0.1403585003192811,-1.0207437552380227,-0.8063623697289342,0.21438138550908858,0.205852659052059,0.07685546283606721,0.10813905884841246,nan,nan
27,17,193452,backward,eps,km^2/s^2,20733,20733.0,0.0,-0.16392611505262022,0.022025949928961546,-0.19725430100678348,-0.12721566691651462,0.07003863409026886,-0.20484585318262583,-0.11341707344999652,0.0914287797326293,0.10523197916141191,0.04643228931866519,0.06023088278518329,nan,nan
27,18,168109,backward,eps,km^2/s^2,1138,1138.0,0.0,-0.1935197403144719,0.04604731481420248,-0.254820527794188,-0.11486674711566945,0.13995378067851855,-0.25835961762247284,-0.04380722131250103,0.2145523963099718,0.31894531002864335,0.08237662241242373,0.15343614821559215,nan,nan
27,19,134636,backward,eps,km^2/s^2,3432,3432.0,0.0,-0.14921157948799157,0.05742258872419686,-0.21359537668933878,-0.046883553948670206,0.1667118227406686,-0.25368033123087885,-0.04391779137377705,0.2097625398571018,0.35133618356653723,0.10661002897689327,0.10957579155178643,nan,nan
27,20,46209,backward,eps,km^2/s^2,11737,11737.0,0.0,-0.8752588466335263,0.02080961457867635,-0.9061370738923865,-0.8402964065401379,0.06584066735224858,-0.9118025259588078,-0.8154048335959787,0.09639769236282913,0.11616517349434727,0.03760327251126489,0.062494845455424164,nan,nan
27,21,15889,backward,eps,km^2/s^2,12009,12009.0,0.0,-0.8908769874277576,0.028625454119216416,-0.9464306011634044,-0.8548510297422829,0.0915795714211215,-0.9620982854500806,-0.8455281706683686,0.11657011478171198,-0.3857667698955782,0.052818886566146646,0.06848657085282284,nan,nan
27,22,8686,backward,eps,km^2/s^2,2986,2986.0,0.0,-0.9230893170050957,0.025091737322012673,-0.959513345631655,-0.8808674786926141,0.07864586693904096,-0.9699743335828579,-0.8508318586618089,0.11914247492104901,0.12575670724068735,0.04283108250132714,0.0719553575876466,nan,nan
27,23,171756,backward,eps,km^2/s^2,601,601.0,0.0,-0.1916526914338631,0.045390337312677505,-0.2566625454317857,-0.11129950658372156,0.14536303884806412,-0.2595672674968075,-0.043879077490019736,0.21568819000678774,0.31580674359806665,0.08124720044962042,0.14866762954332224,nan,nan
27,24,173502,backward,eps,km^2/s^2,13986,13986.0,0.0,-0.21904081914313317,0.011970017135284993,-0.23306583555485674,-0.1932763947222896,0.039789440832567136,-0.24003540139887936,-0.17534225350574362,0.06469314789313574,0.7795208744480316,0.029429258331114344,0.047363399547660334,nan,nan
27,25,152141,backward,eps,km^2/s^2,7967,7967.0,0.0,-0.16557317697798613,0.03503250620662762,-0.20919350795407773,-0.1111750209761338,0.09801848697794394,-0.23276434514685485,-0.044138872659411854,0.188625472487443,0.14115261281556482,0.06088732761258669,0.12792347592930864,nan,nan
27,26,119322,backward,eps,km^2/s^2,15518,15518.0,0.0,-0.15856902498097353,0.022685831256908668,-0.1977582877954958,-0.12587624549169302,0.0718820423038028,-0.2071138824787392,-0.1185014355040731,0.08861244697466608,-0.15691966903515678,0.042534301879707366,0.05188989656295073,nan,nan
27,0,97837,backward,e,-,25454,25454.0,0.0,0.7633905328908399,0.05216213604038163,0.6649206031929016,0.838985462743307,0.1740648595504054,0.5777299368054237,0.8598376401626954,0.28210770335727164,-0.5659862716557971,0.1377466432298264,0.2249373096173043,nan,nan
27,1,30546,backward,e,-,317,317.0,0.0,0.2998412439213567,0.11068394577445506,0.2086907258878557,0.5096443411833754,0.3009536152955197,0.17006358404121355,0.5728758045889726,0.402812220547759,0.48346443892022756,0.2711838491799683,0.3344153125855655,nan,nan
27,2,21401,backward,e,-,1048,1048.0,0.0,0.23759055796055117,0.07618789615135081,0.22495999352570656,0.48034768543000883,0.25538769190430227,0.21752467444325066,0.5726383910271284,0.3551137165838778,1.893573553487298,0.24505222361119058,0.3373429292083102,nan,nan
27,3,49068,backward,e,-,4841,4841.0,0.0,0.5146718215812315,0.0189919208496091,0.47494727082351273,0.5344589102878458,0.05951163946433302,0.4351727305718936,0.5391959438023879,0.1040232132304943,-0.8567154413668011,0.047220672017932896,0.08699521226955204,nan,nan
27,4,146677,backward,e,-,3462,3462.0,0.0,0.4441958672375421,0.06896072109258604,0.35611342197206297,0.5641778675190631,0.2080644455470001,0.35333869863390605,0.6326883514582192,0.2793496528243132,0.28676249657600444,0.13964049285129518,0.2081509767904513,nan,nan
27,5,33028,backward,e,-,1616,1616.0,0.0,0.2245900768140284,0.04850200418421135,0.1727842517881981,0.3140583720290795,0.1412741202408814,0.16891681672627307,0.57285141266025,0.4039345959339769,0.7800349773028635,0.09523997416305437,0.3540330147942249,nan,nan
27,6,209914,backward,e,-,4385,4385.0,0.0,0.5687410883662106,0.10763343312253455,0.4151473921420906,0.7536529871973554,0.3385055950552648,0.3743020159916167,0.883824362832667,0.5095223468410502,0.2247780822285207,0.2016118002972806,0.26978658812228784,nan,nan
27,7,219125,backward,e,-,4220,4220.0,0.0,0.3807610773639525,0.02851734486048989,0.3607031737931041,0.43892885870311027,0.07822568491000614,0.3566637372686819,0.5686278532387624,0.21196411597008052,1.7420988103590012,0.0546891205035217,0.18438811503917385,nan,nan
27,8,77722,backward,e,-,4814,4814.0,0.0,0.5309196144226955,0.01784062472131406,0.49543379111316,0.551612754938406,0.05617896382524601,0.48828440468421264,0.5563450703171937,0.06806066563298108,-0.39025503178433707,0.04724291495627574,0.05439230138522311,nan,nan
27,9,12322,backward,e,-,1042,1042.0,0.0,0.1995937769927799,0.017738784148432395,0.17338879862389245,0.2261575650226268,0.052768766398734346,0.16819393098549065,0.3213481075818065,0.15315417659631583,1.3747275411098956,0.028343253650378337,0.12273525576331118,nan,nan
27,10,98058,backward,e,-,3015,3015.0,0.0,0.4026541483517731,0.08079380740046518,0.21707085247483734,0.4840344068627535,0.2669635543879162,0.16915703389195855,0.5033967835729937,0.3342397496810351,-0.7967916625593177,0.17203017885149316,0.219943997434372,nan,nan
27,11,36141,backward,e,-,2030,2030.0,0.0,0.3591204461196975,0.09619386703683597,0.23361715386895845,0.5082517052989741,0.2746345514300157,0.21103584373457032,0.5728973064372875,0.36186146270271724,0.11002787361048072,0.165894371785709,0.1876540065095719,nan,nan
27,12,154799,backward,e,-,126,126.0,0.0,0.5638353182796756,0.13171521689520288,0.3758726058628006,0.7430136821574629,0.3671410762946623,0.20302693345651393,0.8955575813930169,0.692530647936503,-0.13235163047190995,0.29031794186906834,0.35660574393299493,nan,nan
27,13,149609,backward,e,-,26477,26477.0,0.0,0.4668782625106261,0.07466433014677372,0.3920561268029313,0.6239059750832903,0.23184984828035898,0.37958676983966266,0.715101289363275,0.33551451952361233,0.6266519082303352,0.16786222543105117,0.2590575397110359,nan,nan
27,14,43405,backward,e,-,5487,5487.0,0.0,0.2924869347191872,0.05414802347126922,0.24057326395626993,0.3979176697676858,0.15734440581141584,0.17028196900333534,0.5729713754320799,0.4026894064287445,0.8305958437146095,0.11979395665389642,0.2948476623182905,nan,nan
27,15,74518,backward,e,-,13094,13094.0,0.0,0.45294150681583206,0.02821985370127249,0.4080295178960701,0.4979600209693997,0.08993050307332956,0.3888909181254845,0.5665585488567753,0.17766763073129077,0.0012018628348539687,0.07506178715724778,0.09417978715676212,nan,nan
27,16,34315,backward,e,-,2523,2523.0,0.0,0.4076586826812764,0.08612537684128962,0.25522152371437706,0.5118021964436525,0.2565806727292755,0.1685914010438332,0.5728380058839121,0.4042466048400789,-0.49533328934297244,0.15396813766108436,0.2397292549677037,nan,nan
27,17,193452,backward,e,-,20733,20733.0,0.0,0.6062044130606707,0.05444613183568759,0.5226796437890647,0.6958828195700344,0.17320317578096966,0.5031430085291696,0.729224069522131,0.22608106099296144,0.08044454295014306,0.1135852104147019,0.14692646036679857,nan,nan
27,18,168109,backward,e,-,1138,1138.0,0.0,0.5319644579585328,0.11692184118386999,0.36618970639666065,0.7255018416932345,0.35931213529657385,0.3562459716788956,0.8956261106421681,0.5393801389632725,0.22505386529113408,0.20315061364384368,0.3732748825927773,nan,nan
27,19,134636,backward,e,-,3432,3432.0,0.0,0.6421311681551133,0.14045477544016216,0.4803568199316685,0.8882938886858431,0.4079370687541746,0.3705687672005976,0.8953605839444655,0.5247918167438679,0.3216983756549734,0.25666105027804326,0.26369668202041074,nan,nan
27,20,46209,backward,e,-,11737,11737.0,0.0,0.3399048752785207,0.041931674743207165,0.2643423373028556,0.39731480560809224,0.13297246830523662,0.19912757106917733,0.4073045145669734,0.20817694349779609,-0.2521697402284629,0.08069871238891543,0.14591347862259374,nan,nan
27,21,15889,backward,e,-,12009,12009.0,0.0,0.36903416311321446,0.052259787929831325,0.2967558243399063,0.4641177814029626,0.1673619570630563,0.2759808255270147,0.4886047653412886,0.2126239398142739,0.24184835701711227,0.09186421592256272,0.11451558132695816,nan,nan
27,22,8686,backward,e,-,2986,2986.0,0.0,0.42572619076164897,0.0429623546446225,0.34962766756604635,0.4844458982616254,0.13481823069557902,0.2881415248747148,0.5004312289167241,0.2122897040420093,-0.224835075137665,0.07560827271033647,0.13709441540166806,nan,nan
27,23,171756,backward,e,-,601,601.0,0.0,0.536362449850919,0.11522107036337903,0.3617207661592415,0.7341500142749875,0.372429248115746,0.35264176551903914,0.8954556794646302,0.5428139139455911,0.2175325420444605,0.19974101297005842,0.36104667815970115,nan,nan
27,24,173502,backward,e,-,13986,13986.0,0.0,0.4657239189376987,0.031248446761368287,0.4280795201800431,0.5321458200678988,0.1040662998878557,0.4080731369167677,0.5773309914616982,0.16925785454493047,0.7297975829451786,0.0764022318062739,0.12158740320007327,nan,nan
27,25,152141,backward,e,-,7967,7967.0,0.0,0.6019355641919009,0.08665216356782045,0.49191916249801454,0.7343898767688221,0.24247071427080752,0.4279448335007615,0.8948398682898845,0.466895034789123,0.1187646597829041,0.14870480904722946,0.3090165548145113,nan,nan
27,26,119322,backward,e,-,15518,15518.0,0.0,0.6190538345963661,0.056144752220197165,0.5208745673639015,0.6988508535746244,0.17797628621072292,0.49683201679212097,0.7167161307309861,0.2198841139388651,-0.1798199299725335,0.10642652347933426,0.13046907405111474,nan,nan
27,0,97837,backward,w,deg,25454,25454.0,0.0,-1.1030204930936804,4.603104760051071,-5.625095534488001,9.72768869393885,15.352784228426852,-6.647659137276435,13.84234790806579,20.490007045342225,0.9428939219204132,11.133105889986714,15.247765104113682,19.928074927614194,0.9967783102077017
27,1,30546,backward,w,deg,317,317.0,0.0,0.21517589602368048,9.332386686989476,-10.803352793407878,14.42861763120133,25.23197042460921,-31.192039341075997,16.68716943542705,47.87920877650305,-0.5863478673559552,18.775425430449683,39.1641119781178,202.79487412026808,0.9868396675036591
27,2,21401,backward,w,deg,1048,1048.0,0.0,0.5568507452114062,6.935686502112256,-12.832513624589096,11.046684270949749,23.879197895538844,-34.80978584570434,13.153535727584512,47.96332157328885,-1.0348801377819314,12.952558084673045,33.726142878565554,206.54431547814605,0.9927346787733209
27,3,49068,backward,w,deg,4841,4841.0,0.0,-1.571143603136619,5.676950416863734,-6.596850249113686,12.145080349352128,18.741930598465814,-7.624427436282929,20.009345299851077,27.633772736134006,1.1497093872592246,14.7963933830913,22.66065833359025,191.5800669196594,0.9951068062569152
27,4,146677,backward,w,deg,3462,3462.0,0.0,1.9950582074302474,4.727141513547178,-11.461486564296315,3.319287333923317,14.780773898219632,-18.985200088391707,3.503440231067998,22.488640319459705,-1.938823754355928,14.677997614067808,22.201711138163205,33.43572760654994,0.9966079439921289
27,5,33028,backward,w,deg,1616,1616.0,0.0,8.180866393964365,16.173884910262792,-31.957163602236697,13.80096080664525,45.75812440888195,-33.16105057152629,14.113675926132117,47.274726497658406,-0.8902127575233015,42.234625811892236,43.43851278118183,204.70685216662895,0.9607534402899793
27,6,209914,backward,w,deg,4385,4385.0,0.0,-3.0913405039682402,8.048439173445562,-8.709868911802397,15.31896802126696,24.028836933069357,-9.747472695300132,15.973367583168681,25.720840278468813,0.769323864746689,21.675391988376283,22.329791550278003,20.383941953826813,0.9901705390652166
27,7,219125,backward,w,deg,4220,4220.0,0.0,1.0577116061450624,5.406136589185877,-10.166789833049876,6.377697820349097,16.544487653398974,-14.768591078498673,7.2956685532214465,22.06425963172012,-0.5913593335573628,12.13008322686876,13.048053959741083,29.025169124777772,0.9955560967888291
27,8,77722,backward,w,deg,4814,4814.0,0.0,-0.6490429811539116,6.75140397735399,-9.183404925878582,11.946434546567508,21.12983947244609,-10.764148477674638,14.527369188028302,25.29151766570294,0.3291712482816885,11.277271159908056,13.22762503179706,191.483590937996,0.9930734061864724
27,9,12322,backward,w,deg,1042,1042.0,0.0,2.690447406213039,8.770664136597638,-18.086660819842592,11.617295174326319,29.70395599416891,-29.75437251429588,17.81039973280423,47.56477224710011,-0.9670678655618289,19.441916824300126,31.109628518753425,201.2511205613644,0.988369884845263
27,10,98058,backward,w,deg,3015,3015.0,0.0,2.341091032101957,9.837277290318589,-16.322854240246762,12.692672589443445,29.01552682969021,-31.29948080162825,13.114039966000945,44.413520767629194,-0.41901209733079164,25.17973108976222,40.15635765114371,206.937253869869,0.9853284493578016
27,11,36141,backward,w,deg,2030,2030.0,0.0,-1.6121459377905012,9.511968386542183,-9.006236640320832,15.898084024641967,24.9043206649628,-29.61859402093623,19.23648653461956,48.85508055555579,-0.4064850121001765,22.545632876090664,24.477448620525905,201.1181553859527,0.9863413077965553
27,12,154799,backward,w,deg,126,126.0,0.0,-0.11752096225512787,37.69302867773515,-10.653210444569545,10.463184396130131,21.116394840699677,-178.07940661816383,176.33943371102993,354.41884032919376,1.08309053054741,15.298738874078317,179.18511017495655,25.078447882829735,0.902470964399857
27,13,149609,backward,w,deg,26477,26477.0,0.0,1.7672319564368308,5.387669021389822,-9.766361160399446,6.204433946654631,15.970795107054077,-14.46758114628335,8.970828630307551,23.438409776590902,-0.580104953199245,16.198003831224366,20.899223817108293,27.38002994191267,0.9955858584627457
27,14,43405,backward,w,deg,5487,5487.0,0.0,2.7016916447119,7.670794155268377,-11.779864127420021,9.263012160765685,21.042876288185706,-37.67089575507288,10.522489988494272,48.19338574356715,-1.6567766710605536,15.4700125845854,41.361044212238255,209.17458537244224,0.9911381800130796
27,15,74518,backward,w,deg,13094,13094.0,0.0,-0.3450042212029558,4.69822490814683,-6.808926601628516,8.001606003369428,14.810532604997945,-27.056622343013487,13.405978194135116,40.4626005371486,0.14502899381165574,10.110468580058955,25.00105097569181,200.8176051700825,0.9966442800453101
27,16,34315,backward,w,deg,2523,2523.0,0.0,-0.9616210258596425,7.626235012331594,-5.853610022098519,19.35108456951847,25.204694591616988,-25.4925139603576,23.28369872426765,48.77621268462525,0.9257429232090029,22.684394716395484,25.960804811004294,196.94491961235653,0.9912234443053113
27,17,193452,backward,w,deg,20733,20733.0,0.0,-0.22744034778918376,3.392204118598298,-4.5566946930395655,3.658285949066798,8.214980642106363,-6.717322228166438,14.063417672185437,20.780739900351875,1.6490701091074353,5.876978417414066,16.282110140532723,21.047057580277254,0.9982513001671935
27,18,168109,backward,w,deg,1138,1138.0,0.0,-0.7955281110013459,5.430494752191877,-8.05101133501682,9.873681955029804,17.924693290046626,-15.60223658025211,10.75115517937428,26.35339175962639,0.17375241078485887,9.9587238462427,15.819443696812243,26.20501743357748,0.9955189703238742
27,19,134636,backward,w,deg,3432,3432.0,0.0,1.8206314896522144,5.982953836620402,-11.082026453453894,7.147175619541597,18.22920207299549,-11.428155395493178,15.019873872740362,26.44802926823354,-0.6247935900637299,13.675219822106955,14.02134876414624,22.043262096800014,0.9945608159277195
27,20,46209,backward,w,deg,11737,11737.0,0.0,-0.12798618972624354,3.3922759068708617,-5.27425588290132,5.629744790759781,10.904000673661102,-9.544251242549308,11.031548892536307,20.575800135085615,0.057269142427904686,6.094429033338769,10.599365072359348,205.3825291558395,0.9982484125763883
27,21,15889,backward,w,deg,12009,12009.0,0.0,-0.37963676289268733,3.4962266885366184,-5.203920729441347,6.105257168144732,11.309177897586078,-6.339737441892737,7.793111439348763,14.1328488812415,0.2553349916248376,6.436066848214551,8.123921119418583,189.95935590899776,0.9981394537177564
27,22,8686,backward,w,deg,2986,2986.0,0.0,-0.35489897493006595,3.054500868867138,-2.3451203870047905,1.5531461277471195,3.89826651475191,-2.803398379652691,28.81751015591618,31.620908535568873,5.354262444643621,2.3596234468194623,29.623987474988525,182.92885745089453,0.9985921960296885
27,23,171756,backward,w,deg,601,601.0,0.0,-1.4064257290094986,5.953658064054425,-8.165521967311776,9.901218591114485,18.06674055842626,-15.350898983289653,10.628843485095047,25.9797424683847,0.24895201912038936,11.43948462449032,14.0282571820143,26.432647732639055,0.9946136030998012
27,24,173502,backward,w,deg,13986,13986.0,0.0,0.5962423675056812,2.9196529020768587,-5.765703628431048,3.4074754866396972,9.173179115070745,-13.992561234505246,8.163452033676208,22.156013268181454,-0.7771798418563026,7.36027444635171,15.587132052425915,28.1770298419871,0.9987026510724664
27,25,152141,backward,w,deg,7967,7967.0,0.0,-0.16227078507270676,3.252315227677709,-4.455112466330425,6.735013018675433,11.190125485005858,-13.67174927727234,12.167182565386753,25.838931842659093,0.7787047434239603,7.556691672548586,14.413597407761472,24.259421091132136,0.998392006072635
27,26,119322,backward,w,deg,15518,15518.0,0.0,0.12737705610666694,1.7917584524689278,-2.978129320810943,2.544103102003453,5.522232422814396,-13.925055455540075,7.850623635931328,21.775679091471403,0.04874257573070022,3.1111799930487223,13.472094569154848,27.33513077293504,0.9995112061387368
27,0,97837,forward,eps,km^2/s^2,25454,25454.0,0.0,-0.15413333412847735,0.03279529007289423,-0.19716163768225042,-0.0973359472254659,0.09982569045678452,-0.24708281665803833,-0.0882210887501893,0.15886172790784903,0.13914234401630562,0.054465968289861715,0.10438533688943852,nan,nan
27,1,30546,forward,eps,km^2/s^2,317,317.0,0.0,-0.2060453966259589,0.3316111605558974,-0.9617513089383435,-0.1153856769964905,0.846365631941853,-1.020440955040417,-0.051543237175719625,0.9688977178646974,-0.8066576407439869,0.7579132131807524,0.8166028592828259,nan,nan
27,2,21401,forward,eps,km^2/s^2,1048,1048.0,0.0,-0.8283526980161933,0.044684075535387224,-0.9301031678483632,-0.8126059580068501,0.11749720984151313,-1.0201739466041788,-0.04606809117142474,0.9741058554327541,4.078428869631438,0.10564718386124827,0.7804413898990897,nan,nan
27,3,49068,forward,eps,km^2/s^2,4841,4841.0,0.0,-0.9560590943436192,0.02651966208354353,-0.98567722879244,-0.9054657034014768,0.08021152539096321,-0.9895364381834701,-0.8931894370421036,0.09634700114136652,0.38212781799456946,0.04709379793955204,0.05937006429892522,nan,nan
27,4,146677,forward,eps,km^2/s^2,3462,3462.0,0.0,-0.17356147073056782,0.06059414434913648,-0.2052097967104553,-0.10700131726155812,0.09820847944889718,-0.8476596220473298,-0.10433638509149645,0.7433232369558334,-6.83252168347365,0.07263309640563811,0.6685291015304032,nan,nan
27,5,33028,forward,eps,km^2/s^2,1616,1616.0,0.0,-0.24578998830869947,0.12548645133176403,-0.25699455516197073,-0.2051086004597237,0.05188595470224702,-0.980671682301569,-0.10745760176690045,0.8732140805346685,-4.86620020123634,0.08280963486843448,0.7384136813241222,nan,nan
27,6,209914,forward,eps,km^2/s^2,4385,4385.0,0.0,-0.8424121783250782,0.027530812813153564,-0.9139808257073108,-0.8230652972967143,0.09091552841059647,-1.020820045950525,-0.8070918060031312,0.21372823994739376,-2.3732554394299847,0.0701798545818935,0.1770190748251077,nan,nan
27,7,219125,forward,eps,km^2/s^2,4220,4220.0,0.0,-0.8322573398016868,0.04250686829069952,-0.9562772913937119,-0.8079745372854429,0.14830275410826899,-1.0208111579248749,-0.8071000864686817,0.21371107145619317,-2.115204662348623,0.14787702693713184,0.2124108934682949,nan,nan
27,8,77722,forward,eps,km^2/s^2,4814,4814.0,0.0,-0.8779258096508264,0.024912528999643763,-0.9291660909577614,-0.8501304598952725,0.0790356310624889,-0.971391766789463,-0.8124351423138624,0.15895662447560066,-0.726957614207456,0.04467945135923411,0.08303467428098865,nan,nan
27,9,12322,forward,eps,km^2/s^2,1042,1042.0,0.0,-0.8192911143965952,0.25579357332628594,-0.8798661468353278,-0.10979686318657772,0.7700692836487502,-0.9840399596112792,-0.04389160369217371,0.9401483559191055,1.837639174706494,0.7093014411069284,0.7752067006013323,nan,nan
27,10,98058,forward,eps,km^2/s^2,3015,3015.0,0.0,-0.9097739533152212,0.0403775451809752,-0.9768387413005732,-0.8467073538162115,0.1301313874843617,-0.9819994090634598,-0.8085486977147093,0.17345071134875056,0.07199209339496264,0.069764810119303,0.10792346622080529,nan,nan
27,11,36141,forward,eps,km^2/s^2,2030,2030.0,0.0,-0.17171424356412213,0.2705490718310327,-0.8884783270963382,-0.04688029501167533,0.8415980320846629,-1.0160398633790297,-0.043981079635574294,0.9720587837434554,-1.755188406288385,0.7403455425589422,0.8679070788416338,nan,nan
27,12,154799,forward,eps,km^2/s^2,126,126.0,0.0,-0.21065287712109587,0.33456132194473576,-0.963785403693878,-0.11504958267369061,0.8487358210201874,-0.9769988255449953,-0.046719852405381124,0.9302789731396142,-0.7028075193838477,0.7515088770924786,0.7647222989435959,nan,nan
27,13,149609,forward,eps,km^2/s^2,26477,26477.0,0.0,-0.8707109071130789,0.02379013135206107,-0.9218806694736279,-0.841548116559646,0.08033255291398189,-0.9712989713042742,-0.8108506487456871,0.1604483225585871,-0.7936251272219096,0.08363014959296976,0.1330484514236161,nan,nan
27,14,43405,forward,eps,km^2/s^2,5487,5487.0,0.0,-0.18727237127621743,0.08213229606902189,-0.23527578684382372,-0.09992131780068872,0.135354469043135,-0.979689980049135,-0.0461703378629178,0.9335196421862172,-6.680329153649545,0.08386125073846783,0.8076337314886086,nan,nan
27,15,74518,forward,eps,km^2/s^2,13094,13094.0,0.0,-0.1952596902740663,0.05441447423899248,-0.22867694768982585,-0.12843333701893622,0.10024361067088963,-0.8409721946254286,-0.11840664812713053,0.7225655464982981,-6.945764902030465,0.06834958734481338,0.6448590169377048,nan,nan
27,16,34315,forward,eps,km^2/s^2,2523,2523.0,0.0,-0.908065526349429,0.04856553643044309,-0.9769447073396669,-0.8135329364485694,0.16341177089109749,-1.0206562915180895,-0.8063625597697947,0.2142937317482948,0.2153877125760402,0.09965222494520401,0.1082914228660724,nan,nan
27,17,193452,forward,eps,km^2/s^2,20733,20733.0,0.0,-0.09843053121069179,0.03551300215617366,-0.1840142081946489,-0.06685420978456039,0.1171599984100885,-0.2446092001612038,-0.05885393284037144,0.18575526732083236,-1.3667543047814938,0.09839171663552783,0.15898670860208275,nan,nan
27,18,168109,forward,eps,km^2/s^2,1138,1138.0,0.0,-0.1884912806541485,0.06541638492398223,-0.2549280927550627,-0.11419965813360233,0.14072843462146034,-0.9453208889543383,-0.04380055913553149,0.9015203298188068,-5.170122813491427,0.08199562322479595,0.7493386619075892,nan,nan
27,19,134636,forward,eps,km^2/s^2,3432,3432.0,0.0,-0.8713990366504835,0.05352676380890758,-0.9740334775527058,-0.8105048999675224,0.16352857758518335,-1.0195542132081998,-0.8067544423545633,0.21279977085363655,-0.40903911168285495,0.09050777830013929,0.11892724065820581,nan,nan
27,20,46209,forward,eps,km^2/s^2,11737,11737.0,0.0,-0.2252665601425483,0.054176577228633886,-0.24675239539572894,-0.15315930514280104,0.09359309025292789,-0.8869091299979199,-0.13918629282039252,0.7477228371775274,-7.522912660921069,0.06942302825771668,0.6654416568417667,nan,nan
27,21,15889,forward,eps,km^2/s^2,12009,12009.0,0.0,-0.9648665302134715,0.03298127249702342,-1.0022430780117184,-0.9020319541123349,0.10021112389938347,-1.0085644016778017,-0.8911740447928009,0.11739035688500077,0.36865308870090835,0.05453313403636977,0.06539104335590373,nan,nan
27,22,8686,forward,eps,km^2/s^2,2986,2986.0,0.0,-0.8808717949585241,0.016800773037909705,-0.8998536792518612,-0.8611100006759711,0.03874367857589012,-0.9807700187474337,-0.854697651065499,0.12607236768193475,-2.1281705461558875,0.02295584713719448,0.10387218663276698,nan,nan
27,23,171756,forward,eps,km^2/s^2,601,601.0,0.0,-0.8561856548886155,0.05814510494977754,-0.974464448612036,-0.8156974377726366,0.15876701083939937,-1.0205829238249695,-0.2548967586088483,0.7656861652161212,1.346964925486762,0.10609540596222922,0.6135964901265258,nan,nan
27,24,173502,forward,eps,km^2/s^2,13986,13986.0,0.0,-0.9231680357173067,0.01988920918429974,-0.9520954579029167,-0.891039793523813,0.0610556643791037,-0.9987341335954162,-0.8093950962020211,0.18933903739339508,0.13100556087744059,0.03353155940872474,0.11009295907159466,nan,nan
27,25,152141,forward,eps,km^2/s^2,7967,7967.0,0.0,-0.17886871906060808,0.05176328801115579,-0.2549626990981876,-0.11242928144610723,0.14253341765208036,-0.9968920251449903,-0.06780546489835193,0.9290865602466384,-3.9251375943833247,0.07362380702578955,0.8136055254810748,nan,nan
27,26,119322,forward,eps,km^2/s^2,15518,15518.0,0.0,-0.9429018553381978,0.023061477358219368,-0.9697058903962812,-0.896941034056791,0.07276485633949015,-0.9750473144925218,-0.8510394547458431,0.12400785974667872,0.4679456307204765,0.039185457328301566,0.08267194935875055,nan,nan
27,0,97837,forward,e,-,25454,25454.0,0.0,0.6302764653262001,0.08048400838279317,0.522798887610004,0.7676974930782552,0.24489860546825115,0.388197704222218,0.7895647552290961,0.4013670510068781,0.1018325660547721,0.13541913909736908,0.27002032248515506,nan,nan
27,1,30546,forward,e,-,317,317.0,0.0,0.5042565629602026,0.15397126686502197,0.23061545181457624,0.7242488299299722,0.493633378115396,0.20285625283815495,0.8772211912241045,0.6743649383859496,-0.19005991878602801,0.2871684578035423,0.3713513493395916,nan,nan
27,2,21401,forward,e,-,1048,1048.0,0.0,0.2346504366581118,0.07829414112287264,0.1892704965887821,0.44147746725676257,0.2522069706679805,0.16971236327555636,0.8902517038777613,0.7205393406022049,2.0789968563622687,0.21150427279725267,0.6602785094182515,nan,nan
27,3,49068,forward,e,-,4841,4841.0,0.0,0.4794959614901874,0.04225646712444543,0.39560939143295365,0.5238323695015679,0.1282229780686142,0.37336142565604225,0.5294155266261129,0.15605410097007066,-0.4578552171696399,0.07824609699577317,0.10049406277268458,nan,nan
27,4,146677,forward,e,-,3462,3462.0,0.0,0.5821225795541664,0.0938556039263728,0.5021591333375907,0.7444860681930442,0.24232693485545354,0.2062286491345052,0.7508729048001415,0.5446442556656362,-0.16183907946285211,0.17761216252759524,0.36200053859917725,nan,nan
27,5,33028,forward,e,-,1616,1616.0,0.0,0.3943979809219317,0.05551539809560487,0.3614619256997434,0.5148087218110258,0.15334679611128238,0.27785373109047,0.7437231962695249,0.46586946517905486,2.2094724442065776,0.11242703548755933,0.3402898005414557,nan,nan
27,6,209914,forward,e,-,4385,4385.0,0.0,0.269722417113168,0.055227761476878065,0.22077623248284467,0.4111000669861805,0.19032383450333584,0.17108557576733655,0.572955757279698,0.40187018151236154,1.7845892575975797,0.1379204476776553,0.29977613797117286,nan,nan
27,7,219125,forward,e,-,4220,4220.0,0.0,0.24473210415017194,0.08613949537706514,0.17406497608499813,0.4797716104140557,0.30570663432905754,0.17112378451425372,0.5729437428642237,0.40181995834997,1.5891350385149705,0.3046371399018948,0.39780927235206276,nan,nan
27,8,77722,forward,e,-,4814,4814.0,0.0,0.3446038331193597,0.04726732759408834,0.28648028322414265,0.4364754473783706,0.14999516415422792,0.18982757206028292,0.5029569112002404,0.31312933913995755,0.4745551506408454,0.08436106559208371,0.1747017636870292,nan,nan
27,9,12322,forward,e,-,1042,1042.0,0.0,0.22598148719687267,0.17697932178439696,0.18854950367704343,0.7381087389475771,0.5495592352705336,0.17222573043226008,0.8954250633070769,0.7231993328748169,1.9664998690976132,0.5288845001785916,0.6862008245380914,nan,nan
27,10,98058,forward,e,-,3015,3015.0,0.0,0.4034629703008607,0.07283360264803859,0.2792216685583149,0.5108993431321044,0.23167767457378952,0.17689843824555226,0.5185090086168794,0.34161057037132714,-0.35684465290285877,0.13570902381663144,0.23803225412939408,nan,nan
27,11,36141,forward,e,-,2030,2030.0,0.0,0.5867339403349887,0.18392528530028276,0.28673751370091166,0.8883047639079376,0.601567250207026,0.1705568463462666,0.8952125964134294,0.7246557500671629,-0.010569172799674325,0.35806687378746316,0.47424754114210826,nan,nan
27,12,154799,forward,e,-,126,126.0,0.0,0.4947996634970178,0.16310986981278272,0.22894724965222976,0.7250673114919484,0.4961200618397186,0.1698141830836259,0.8887012718543874,0.7188870887707615,-0.010441471038322454,0.2807717926214173,0.4048240259543841,nan,nan
27,13,149609,forward,e,-,26477,26477.0,0.0,0.3308726948174282,0.04637500882676958,0.2671810471681478,0.4246043205537525,0.15742327338560475,0.18243695076172362,0.5027912750382381,0.32035432427651445,0.5342353237006493,0.16538804895865677,0.2435750034431423,nan,nan
27,14,43405,forward,e,-,5487,5487.0,0.0,0.5480056684286156,0.10112002593896617,0.43006654457408755,0.761779190820293,0.33171264624620544,0.16987312589813894,0.890008058378988,0.720134932480849,0.48395845381658903,0.20671538101534484,0.4166765067018854,nan,nan
27,15,74518,forward,e,-,13094,13094.0,0.0,0.5273623386524164,0.0880573318831845,0.4400545232429017,0.6926815298740348,0.2526270066311331,0.1759040453018719,0.7169528444652796,0.5410487991634078,0.1487830517822497,0.16922381765403902,0.3491823628482301,nan,nan
27,16,34315,forward,e,-,2523,2523.0,0.0,0.4004045655323409,0.09145992397499349,0.1907809864676036,0.5110743112892582,0.32029332482165457,0.16857236846964585,0.572716237374,0.40414386890435416,-0.5649149879668456,0.21712419814524025,0.2393328161431978,nan,nan
27,17,193452,forward,e,-,20733,20733.0,0.0,0.765124335752525,0.08693560761055567,0.5554581180421816,0.8406599737540686,0.28520185571188705,0.39514213872149,0.8597500074356198,0.4646078687141298,-1.4386846085970604,0.2404373249683386,0.4007533042890307,nan,nan
27,18,168109,forward,e,-,1138,1138.0,0.0,0.5447073223025627,0.12061208352158916,0.36728971663443993,0.7271068286460962,0.3598171120116563,0.3562089582089487,0.8956399397956282,0.5394309815866795,0.27787575930415076,0.20153920381619905,0.370072314965731,nan,nan
27,19,134636,forward,e,-,3432,3432.0,0.0,0.33172894042103357,0.10409761536806171,0.18279401265668982,0.5067541133607659,0.3239601007040761,0.17001816509090778,0.571272756412367,0.4012545913214592,0.18143161882093517,0.2044419677701413,0.21721781533592333,nan,nan
27,20,46209,forward,e,-,11737,11737.0,0.0,0.44913151805724866,0.08037462631136068,0.3900062968172087,0.6322828674653659,0.24227657064815716,0.17717376521115666,0.6664920247996247,0.489318259588468,0.607372522217195,0.17591689649899014,0.2816078207555387,nan,nan
27,21,15889,forward,e,-,12009,12009.0,0.0,0.4927558523990591,0.051926298846462715,0.389197306358187,0.5474114597804919,0.15821415342230488,0.36933174053788914,0.5562090261526239,0.18687728561473477,-0.4571754791686682,0.09074591341426112,0.110611479234559,nan,nan
27,22,8686,forward,e,-,2986,2986.0,0.0,0.34980326636100667,0.03087819846342721,0.3099533607886297,0.38534206952410754,0.07538870873547787,0.2961950763715573,0.5167569749855222,0.2205618986139649,1.75021458421457,0.044072883082868414,0.17464631244933854,nan,nan
27,23,171756,forward,e,-,601,601.0,0.0,0.3002384319823208,0.10167728250687229,0.20158196063939773,0.5074793466530131,0.3058973860136154,0.17006665311222163,0.572619520313711,0.40255286720148936,0.5566216583595086,0.18065777027790547,0.24579794393860338,nan,nan
27,24,173502,forward,e,-,13986,13986.0,0.0,0.42670934103039226,0.03374896643990007,0.37000775688409127,0.4734975042108906,0.10348974732679933,0.17954941229196014,0.5422283212035953,0.3626789089116352,-0.2615699592194345,0.05643310921241114,0.24092353460471966,nan,nan
27,25,152141,forward,e,-,7967,7967.0,0.0,0.5688045586989412,0.1116808833187117,0.3660998807590732,0.7313889714767734,0.3652890907177002,0.1713813094736515,0.8384885339059525,0.667107224432301,-0.28108150493330464,0.1921288986498681,0.3863648301636783,nan,nan
27,26,119322,forward,e,-,15518,15518.0,0.0,0.458851577118799,0.0378842701588075,0.3806695290483063,0.5003645263743693,0.11969499732606304,0.28987177594082353,0.5083076614849963,0.21843588554417276,-0.5577822644126906,0.06368619093870033,0.15409675739632234,nan,nan
27,0,97837,forward,w,deg,25454,25454.0,0.0,-3.384144471746268,18.11813126750619,-21.833167703311556,34.60990055878181,56.44306826209336,-22.824424471749666,69.60563916726863,92.4300636390183,0.8129947568180228,47.81775480652478,82.81349341501164,173.70086859338437,0.951277514321076
27,1,30546,forward,w,deg,317,317.0,0.0,-1.46365986092934,81.29552877070974,-167.87506836397887,64.9117203564467,232.78678872042556,-179.42079100943158,161.0292214102442,340.4500124196758,-0.4853131580549781,176.32749106568625,179.9945588267364,41.49027261111367,0.3367424231608993
27,2,21401,forward,w,deg,1048,1048.0,0.0,-2.6524035101428183,19.42333956263922,-22.934756988955414,38.75433512253859,61.689092111494006,-57.74175400648262,151.18798185738763,208.92973586387023,1.971063364436381,46.46132481647803,156.74354823345777,158.1544616461309,0.9479539717651017
27,3,49068,forward,w,deg,4841,4841.0,0.0,-0.7806175210718607,13.393660938774905,-19.12956096187753,24.735143256387346,43.864704218264876,-21.802482630362306,38.39005095248746,60.19253358284976,0.44551483347661686,30.090614329280527,43.74552202538064,313.3689687830132,0.972989692257557
27,4,146677,forward,w,deg,3462,3462.0,0.0,-3.6756861098221236,26.542372673699106,-31.10336993008889,46.962373406108775,78.06574333619767,-179.26116065132243,179.69829934456425,358.9594599958867,1.3140000451558826,61.19897546918237,176.24250835708705,242.10499127983348,0.9071046948171073
27,5,33028,forward,w,deg,1616,1616.0,0.0,-3.431599269884387,38.947436787879944,-28.748242467266273,57.38032575046543,86.1285682177317,-179.0331531681186,179.52875641166372,358.5619095797823,1.1714913621675538,56.48390782346178,179.35727701335395,211.08709501541165,0.853577857432162
27,6,209914,forward,w,deg,4385,4385.0,0.0,-3.316070812468098,18.345736804149645,-18.91343431591527,35.983538884793624,54.8969732007089,-26.12086839829709,103.65743266192248,129.77830106021958,1.8209285605293466,50.752697821454426,118.42659159858323,55.44129920477895,0.951968837228249
27,7,219125,forward,w,deg,4220,4220.0,0.0,-9.834548970163894,36.17899051336413,-35.30946298768839,72.733601180415,108.04306416810338,-37.23278328205811,127.48115114224089,164.713934424299,0.9660166003739379,56.385092835466494,111.13264279729242,35.6983612901848,0.8189766070127127
27,8,77722,forward,w,deg,4814,4814.0,0.0,-3.1891489743810553,14.363555996059269,-16.12433221345031,30.592499863416517,46.71683207686682,-17.73217174693292,65.50910348304569,83.24127522997861,1.2103673691101204,33.967931243781,68.88453486341018,308.0158070049077,0.9693031354603445
27,9,12322,forward,w,deg,1042,1042.0,0.0,-8.59985140805182,53.40438563056507,-36.43547175074469,127.45092107810852,163.88639282885322,-169.58843306707973,179.74188192605186,349.3303149931316,1.2305460156750252,143.09744010235696,179.11444011904496,171.43221664053635,0.695892839816022
27,10,98058,forward,w,deg,3015,3015.0,0.0,-4.372533808461526,18.670336769059293,-22.608942162688056,36.425504699407654,59.034446862095706,-26.017435026613157,73.76725905391618,99.78469408052933,0.9291253935422472,34.47246106037737,71.8142154148859,340.79550791027987,0.9485071103765725
27,11,36141,forward,w,deg,2030,2030.0,0.0,-4.7243009892928,60.9371421290363,-39.388247120145444,146.24304399224602,185.63129111239147,-179.9758758418671,179.35289493211633,359.3287707739834,0.47778045342124786,162.63973261297826,179.87999342054036,306.4972232501588,0.6605334194480122
27,12,154799,forward,w,deg,126,126.0,0.0,-3.691013803181704,89.51303283310223,-129.78622419856396,167.23064172787628,297.01686592644023,-179.76851999877056,174.65588103064135,354.4244010294119,0.1070278373107096,174.16286157476335,179.52600672896733,173.00611744175416,0.269910770225764
27,13,149609,forward,w,deg,26477,26477.0,0.0,-2.547795402399572,16.83863411934952,-20.70911832212396,31.425867904843894,52.134986226967854,-23.559087898761618,96.06193898195801,119.62102688071963,1.186537772633156,30.866849427293197,95.50292050440726,15.07713026490831,0.9583516557752442
27,14,43405,forward,w,deg,5487,5487.0,0.0,-0.9527314942060627,26.859668415337726,-39.256502550017906,33.55803627715714,72.81453882717506,-179.58159831022985,179.17855738031687,358.76015569054675,-0.2882625192867529,44.07012418265387,179.92514005647865,234.02941268747946,0.9155171672923569
27,15,74518,forward,w,deg,13094,13094.0,0.0,-3.4305763598382555,23.06781872309567,-25.792712489135774,38.254845225496645,64.04755771463242,-179.47429171352493,178.11242671452004,357.58671842804495,0.5928709254722869,46.97372717778964,179.84822163002002,190.18119417723045,0.930302153307659
27,16,34315,forward,w,deg,2523,2523.0,0.0,-1.2989373325081033,21.570899065084276,-44.26294817096304,36.33810505574585,80.6010532267089,-75.14638325578551,77.08141010233783,152.22779335812334,-0.08333977911606873,48.18161788358679,88.37922924444842,48.78932230529577,0.9323250374731388
27,17,193452,forward,w,deg,20733,20733.0,0.0,-3.8859040914942398,18.430979996347375,-21.888282590771745,37.190086107689375,59.07836869846112,-24.344021895704884,74.36629427267297,98.71031616837786,0.9260949126049279,38.70313668568968,75.87934485067328,175.87204256033348,0.9497205844371713
27,18,168109,forward,w,deg,1138,1138.0,0.0,0.23255347552779426,31.52419656116053,-47.19934611379687,52.37308392072708,99.57243003452396,-73.38956919148734,170.09569786568596,243.4852670571733,0.5861868304424943,57.06519064416008,170.7447105473637,31.399190106622953,0.8642769471793887
27,19,134636,forward,w,deg,3432,3432.0,0.0,2.1668662773689675,28.25843025966774,-52.04514594006554,42.34735843832325,94.3925043783888,-63.09130985625174,76.96696796120057,140.0582778174523,-0.24537005954044447,51.894859443137214,83.74787253567519,123.79165985056756,0.8846147525919802
27,20,46209,forward,w,deg,11737,11737.0,0.0,-3.1666226131935957,19.27948832082803,-18.42639891194122,29.969140870117744,48.39553978205896,-179.79068899044356,178.85064229522413,358.64133128566766,2.7600957558500587,44.055477499927875,179.78893575295263,181.56722837189756,0.9558562986460297
27,21,15889,forward,w,deg,12009,12009.0,0.0,-0.5042184816846316,6.784508727778861,-10.047575620866576,11.776041622741346,21.82361724360792,-11.77057875573962,21.507418860547887,33.27799761628751,0.34684809218284174,16.506348568030333,26.237725805836874,301.6118675794645,0.9930089951288807
27,22,8686,forward,w,deg,2986,2986.0,0.0,-1.7497745881254048,6.386951499823796,-4.055149785029286,5.8564072338734405,9.911557018902727,-4.206934403020796,57.907577031506605,62.1145114345274,4.41596073243538,9.364633639355432,61.4158034369886,293.61642655389767,0.9939668030369576
27,23,171756,forward,w,deg,601,601.0,0.0,-1.1046814594276668,34.50599655715731,-52.465091852437894,55.20580062317538,107.67089247561327,-73.67315260851501,135.13662216194462,208.80977477045963,0.16689412983609023,62.4915126617646,142.0488738761847,216.6514823225715,0.8317087174399868
27,24,173502,forward,w,deg,13986,13986.0,0.0,-3.949084266501899,15.359733465945459,-15.569363022769892,26.76150704676259,42.33087006953248,-15.965727319978782,98.88494907336525,114.85067639334403,1.5671513161523432,35.51674413405641,107.64018616065908,6.452821711641184,0.9656101495724366
27,25,152141,forward,w,deg,7967,7967.0,0.0,-2.182695328048169,24.04949346417007,-41.054168097694514,41.55301837263217,82.60718647032668,-177.09913995930367,138.37750626943523,315.4766462287389,-0.0722142218716615,60.55358994312425,158.34094224987064,286.9331786782272,0.9179963051571427
27,26,119322,forward,w,deg,15518,15518.0,0.0,-3.1127178675865963,16.04983252475693,-18.51693202575161,31.859168870142202,50.37610089589381,-20.229161355479846,71.63911861702707,91.86827997250691,1.1569381201220674,42.86787658829722,82.64782633518212,11.098937924043625,0.9618765436167821
32,0,94651,backward,eps,km^2/s^2,24762,24762.0,0.0,-0.09841787626004417,0.023421935844789212,-0.14808647994125845,-0.06740203363738317,0.08068444630387528,-0.1808042275346745,-0.058817793307683885,0.12198643422699063,-0.7829160707583965,0.06530628805337844,0.09802403564679452,nan,nan
32,1,30546,backward,eps,km^2/s^2,212,212.0,0.0,-0.8342532395613855,0.059937336172486824,-0.9765592462425804,-0.8166849573085311,0.1598742889340493,-1.0183677716126565,-0.8068393667227801,0.21152840488987634,-0.9624610800368512,0.14688066164388056,0.18868918701395665,nan,nan
32,2,21401,backward,eps,km^2/s^2,999,999.0,0.0,-0.8292127280655119,0.037281673697099366,-0.9531998566164358,-0.8246157818204698,0.128584074795966,-1.0030563556592664,-0.8219637802093935,0.1810925754498729,-2.358565964306255,0.12458915779985937,0.17444565684268998,nan,nan
32,3,49068,backward,eps,km^2/s^2,4837,4837.0,0.0,-0.9794128573983533,0.01267880674493001,-0.993067020353092,-0.9532141027752343,0.039852917577857694,-0.996399116625677,-0.9281148789320531,0.0682842376936239,0.7949786057781114,0.031365342313606145,0.0564645661567873,nan,nan
32,4,203087,backward,eps,km^2/s^2,3277,3277.0,0.0,-0.20179724677924127,0.016290546631611526,-0.2325715099558084,-0.17638039924450138,0.056191110711307,-0.2584258866957744,-0.12368804208487294,0.13473784461090144,-0.7418857810606894,0.037255072365123466,0.08040666360454041,nan,nan
32,5,33028,backward,eps,km^2/s^2,1533,1533.0,0.0,-0.8249881002018923,0.018440070856749383,-0.8617124987070144,-0.8076996974538289,0.05401280125318553,-1.0207392989867343,-0.8066103600792471,0.2141289389074872,-1.4008029411566378,0.03948931935036365,0.19851611963008364,nan,nan
32,6,153596,backward,eps,km^2/s^2,2200,2200.0,0.0,-0.16433430693407486,0.0347446365437862,-0.2044855916444756,-0.10656334228710894,0.09792224935736667,-0.23396340960576145,-0.10462873397446115,0.1293346756313003,0.19212569677461727,0.060190875287018324,0.06728347759562725,nan,nan
32,7,149947,backward,eps,km^2/s^2,3463,3463.0,0.0,-0.22617248610432839,0.025862625338479762,-0.2583709249195812,-0.18288078924637724,0.07549013567320395,-0.2593276385082858,-0.15798653060821344,0.10134110790007234,0.24475152921111387,0.053143389585394045,0.07803764822355785,nan,nan
32,8,8686,backward,eps,km^2/s^2,2980,2980.0,0.0,-0.9230219765937426,0.02510549082960722,-0.9595130990412114,-0.8808281718834704,0.078684927157741,-0.9699743335828579,-0.8508318586618089,0.11914247492104901,0.1245503063134246,0.042882521334938487,0.0719553575876466,nan,nan
32,9,12322,backward,eps,km^2/s^2,1022,1022.0,0.0,-0.8158655690205665,0.0051319795699961415,-0.8247926063953844,-0.8079003223050687,0.016892284090315735,-0.8436044658510862,-0.806208472304013,0.037395993547073125,-0.3763184100997902,0.009317825508593239,0.02804655417589763,nan,nan
32,10,26334,backward,eps,km^2/s^2,1419,1419.0,0.0,-0.8665562791955077,0.030669554760042614,-0.9102741360373515,-0.8083063687206195,0.10196776731673207,-0.9239286379840658,-0.8063623697289342,0.11756626825513161,0.30249358526250264,0.056742973157370764,0.05896655792847827,nan,nan
32,11,36819,backward,eps,km^2/s^2,178,178.0,0.0,-0.8853205485374248,0.047715765439676046,-0.9670875779155097,-0.827268170988635,0.13981940692687467,-1.020754723273971,-0.8170902978840135,0.20366442538995755,-0.3324018371281421,0.07523052951939761,0.11984448919744306,nan,nan
32,12,133457,backward,eps,km^2/s^2,3436,3436.0,0.0,-0.14957692422725227,0.056830499667465256,-0.21335899362043848,-0.04686795326158108,0.1664910403588574,-0.24181840798177956,-0.043879077490019736,0.19793933049175982,0.37937551473517733,0.10470054537957033,0.10768942115113167,nan,nan
32,13,149609,backward,eps,km^2/s^2,26298,26298.0,0.0,-0.2186564838046559,0.02870773511288704,-0.24598773129894233,-0.15673776869454648,0.08924996260439585,-0.2503484518318607,-0.1265314213170705,0.1238170305147902,0.6807407737689708,0.06570491664314158,0.09591126402061756,nan,nan
32,14,35909,backward,eps,km^2/s^2,1960,1960.0,0.0,-0.8806504842039898,0.05040230252820008,-0.9737309940354147,-0.8275601781962149,0.14617081583919989,-1.0207786020554366,-0.8206074327557955,0.20017116929964107,-0.36780935072149,0.0773147033315035,0.11652952806906614,nan,nan
32,15,56808,backward,eps,km^2/s^2,7491,7491.0,0.0,-0.8713249851916769,0.021353679157731096,-0.906395956469077,-0.8381563363207825,0.06823962014829454,-0.9412522397006342,-0.8310290574037036,0.11022318229693062,-0.07038999497605464,0.04079209117587157,0.062472063936213074,nan,nan
32,16,45392,backward,eps,km^2/s^2,1395,1395.0,0.0,-0.955589772827463,0.022968746805367264,-0.9784952856977471,-0.9099128137388752,0.0685824719588719,-1.0207437552380227,-0.850367147645064,0.1703766075929587,0.4939261561578747,0.048555389343154155,0.10798637004524991,nan,nan
32,17,170313,backward,eps,km^2/s^2,20200,20200.0,0.0,-0.16161672654657733,0.023361774876633126,-0.19643028493235018,-0.12110386986325938,0.0753264150690908,-0.20393761703701752,-0.10783662095679791,0.0961009960802196,0.14851382102325297,0.048459088834570174,0.061726337741031645,nan,nan
32,18,208654,backward,eps,km^2/s^2,3476,3476.0,0.0,-0.16345919724894825,0.034873055788439966,-0.212575791801787,-0.10107809303587267,0.11149769876591434,-0.2230349468747932,-0.0445526154721928,0.1784823314026004,0.27476846455225973,0.05847836554396424,0.11359512511048331,nan,nan
32,19,164816,backward,eps,km^2/s^2,2490,2490.0,0.0,-0.24224608048710733,0.013080935375335065,-0.2572148492725731,-0.21655519445427632,0.04065965481829678,-0.2582250091029896,-0.20023730165444997,0.05798770744853965,0.45910321804915966,0.026552738989517582,0.042870631789343916,nan,nan
32,20,45239,backward,eps,km^2/s^2,4356,4356.0,0.0,-0.8492696276714651,0.025341061991176774,-0.9039288130550454,-0.8300220569670781,0.07390675608796726,-1.020836128343177,-0.8068572750885142,0.21397885325466282,-1.418482275730805,0.056952898388652695,0.1738602136767844,nan,nan
32,21,15889,backward,eps,km^2/s^2,12009,12009.0,0.0,-0.8908769874277576,0.028625454119216416,-0.9464306011634044,-0.8548510297422829,0.0915795714211215,-0.9620982854500806,-0.8455281706683686,0.11657011478171198,-0.3857667698955782,0.052818886566146646,0.06848657085282284,nan,nan
32,22,100032,backward,eps,km^2/s^2,2907,2907.0,0.0,-0.9128627857527436,0.04038515309806189,-0.9595580205311431,-0.830988381027299,0.12856963950384415,-0.9716903857139396,-0.8065266032009923,0.16516378251294728,0.5114924185302638,0.07452487405755887,0.09898665188386557,nan,nan
32,23,154799,backward,eps,km^2/s^2,166,166.0,0.0,-0.1866236594854731,0.14232588956968417,-0.25448580959259437,-0.11416211169477747,0.1403236978978169,-1.0176690233481307,-0.043834796693581146,0.9738342266545496,-4.288061426524611,0.11955499175532847,0.8351510045779862,nan,nan
32,24,175498,backward,eps,km^2/s^2,2817,2817.0,0.0,-0.2497905691598532,0.010562165705643521,-0.25642651301088115,-0.22785668709301635,0.028569825917864805,-0.25726788764161435,-0.18468911335516458,0.07257877428644977,1.7714508466459178,0.017883107087203507,0.06105068082505527,nan,nan
32,25,120396,backward,eps,km^2/s^2,4030,4030.0,0.0,-0.13304072721329036,0.022875087329874293,-0.1747742099917394,-0.10983739269151621,0.06493681730022319,-0.18304160244530832,-0.04380722131250103,0.13923438113280728,0.0017859200144068907,0.05174690783648998,0.08009743557048032,nan,nan
32,26,119604,backward,eps,km^2/s^2,15567,15567.0,0.0,-0.15876841369797223,0.022826037974776583,-0.19822293684765283,-0.12594971819081435,0.07227321865683847,-0.207662361019049,-0.11861720493557071,0.0890451560834783,-0.1605949598695109,0.04266526507728167,0.05210468924867784,nan,nan
32,27,76930,backward,eps,km^2/s^2,4797,4797.0,0.0,-0.9906993898578029,0.012262423613556063,-1.0052693788989768,-0.9666183429246511,0.03865103597432573,-1.0086547271271056,-0.9620409644423636,0.04661376268474193,0.3615888698036948,0.03233167159065644,0.03690905007294387,nan,nan
32,28,164396,backward,eps,km^2/s^2,1357,1357.0,0.0,-0.18437392421204502,0.043052906751973714,-0.25175216115714777,-0.1146414662683705,0.13711069488877725,-0.2595672674968075,-0.04390831562550124,0.21565895187130624,0.10409784773408634,0.07881637251650726,0.14954952315937653,nan,nan
32,29,77279,backward,eps,km^2/s^2,12294,12294.0,0.0,-0.9408099723222805,0.0166896858548055,-0.9685113480921468,-0.9149598248586431,0.05355152323350365,-1.0175623660736905,-0.9032646973374825,0.11429766873620806,-0.0777178594571689,0.044103228231635726,0.05851367662944773,nan,nan
32,30,41861,backward,eps,km^2/s^2,6170,6170.0,0.0,-0.8847443825459003,0.022096005777007672,-0.9135639532410915,-0.8441510805786114,0.06941287266248009,-0.9195189788611466,-0.8368024549426645,0.08271652391848217,0.2681511007475731,0.04060252850302811,0.047951154138975105,nan,nan
32,31,173781,backward,eps,km^2/s^2,13960,13960.0,0.0,-0.2191384703962882,0.011995220061075703,-0.23316429534632685,-0.19322999314069353,0.03993430220563332,-0.24322543364234006,-0.17471297632550709,0.06851245731683298,0.7959391496567748,0.02972517367519003,0.04824219049037648,nan,nan
32,0,94651,backward,e,-,24762,24762.0,0.0,0.76514864450281,0.05655290394407974,0.6446445529428695,0.8393713183048696,0.19472676536200006,0.5634116600032416,0.8598376401626954,0.29642598015945376,-0.8118814232847232,0.15793881208960137,0.23917170502922924,nan,nan
32,1,30546,backward,e,-,212,212.0,0.0,0.24993215210841624,0.11380209849681801,0.20284448342538766,0.5105463175208699,0.30770183409548224,0.17006358404121355,0.5696766464524057,0.3996130624111921,0.818526207459848,0.2720858255174628,0.3312161544489986,nan,nan
32,2,21401,backward,e,-,999,999.0,0.0,0.23692809000976528,0.07287143774864807,0.22492107921614926,0.4749673383694477,0.2500462591532985,0.21752467444325066,0.548651718359921,0.33112704391667036,2.0895312498115124,0.23967187655062946,0.3133562565411028,nan,nan
32,3,49068,backward,e,-,4837,4837.0,0.0,0.5146467335355054,0.01899237290308235,0.47494595655868244,0.5344405453593595,0.05949458880067704,0.4351727305718936,0.5391917984091384,0.10401906783724485,-0.8567633578593199,0.047221986282763195,0.08699521226955204,nan,nan
32,4,203087,backward,e,-,3277,3277.0,0.0,0.5109268098383889,0.042619806871110624,0.4285036784834483,0.5748909413644508,0.14638726288100257,0.35604827303698017,0.7046917262443643,0.3486434532073841,-0.9293009885769692,0.09695373297831802,0.1994326171405476,nan,nan
32,5,33028,backward,e,-,1533,1533.0,0.0,0.2256659571125598,0.04653539113420274,0.17322422292734826,0.31271170474568327,0.139487481818335,0.16945223746756752,0.57285141266025,0.4033991751926824,0.7115298981155553,0.09389330687965816,0.3540330147942249,nan,nan
32,6,153596,backward,e,-,2200,2200.0,0.0,0.6049887257624533,0.08567509438819304,0.504108742300824,0.745539601785734,0.24143085948490994,0.4246648141608949,0.7501700804378386,0.3255052662769437,0.17286225373213607,0.1464789813461016,0.17456571711814722,nan,nan
32,7,149947,backward,e,-,3463,3463.0,0.0,0.44585125272313686,0.06914235422989927,0.3561422047808574,0.5581653318030149,0.20202312702215747,0.35333869863390605,0.6202551083088614,0.2669164096749554,0.19393789028930203,0.13918082333500373,0.20127059984085033,nan,nan
32,8,8686,backward,e,-,2980,2980.0,0.0,0.42559224729697614,0.0429930597121223,0.3495274856938692,0.4844381888737181,0.13491070317984888,0.2881415248747148,0.5004312289167241,0.2122897040420093,-0.22428139364186003,0.07570845458251362,0.13709441540166806,nan,nan
32,9,12322,backward,e,-,1022,1022.0,0.0,0.1993812021472356,0.015496655995056117,0.1737933365886513,0.22529968355344435,0.05150634696479306,0.16819393098549065,0.26963704952433076,0.10144311853884011,0.16253303449908077,0.028051625929134086,0.07102419770583546,nan,nan
32,10,26334,backward,e,-,1419,1419.0,0.0,0.3219557309037834,0.06821829567983445,0.17529192859926165,0.4042840806473952,0.22899215204813353,0.1685914010438332,0.42763187478898884,0.25904047374515565,-0.6010456509704474,0.14338453880553836,0.15008506636096686,nan,nan
32,11,36819,backward,e,-,178,178.0,0.0,0.35938827445573623,0.08957967498013852,0.2320253710161579,0.4963180561618524,0.2642926851456945,0.20354616221157962,0.5728758045889726,0.36932964237739296,0.05687261700761962,0.16039738970502274,0.18510897389574404,nan,nan
32,12,133457,backward,e,-,3436,3436.0,0.0,0.6411914424692573,0.13893361289551892,0.4809675154556988,0.8883179735460044,0.40735045809030557,0.4030483832654117,0.8954556794646302,0.4924072961992185,0.351185846710605,0.25193051523108434,0.2590682211497102,nan,nan
32,13,149609,backward,e,-,26298,26298.0,0.0,0.4668393702993868,0.07435057922712365,0.3922037655154741,0.6234333758415872,0.2312296103261131,0.37974814173539173,0.6973409409567167,0.317592799221325,0.6230315063311588,0.16738962618934813,0.24129719130447763,nan,nan
32,14,35909,backward,e,-,1960,1960.0,0.0,0.3503370306295972,0.09460830842654126,0.23270204029336908,0.5063118074178011,0.2736097671244321,0.21103584373457032,0.5728973064372875,0.36186146270271724,0.187655422977294,0.16228261403183805,0.1826707238958085,nan,nan
32,15,56808,backward,e,-,7491,7491.0,0.0,0.3321466908258163,0.043209608779302904,0.25911551088679763,0.39794109049647297,0.13882557960967534,0.2412161780719966,0.4560854315612715,0.2148692534892749,-0.0820931789912616,0.08801262342238758,0.10912481094381593,nan,nan
32,16,45392,backward,e,-,1395,1395.0,0.0,0.4789097443732382,0.036627929336441704,0.403949887281656,0.5133707719293786,0.10942088464772265,0.2884730137980067,0.5728380058839121,0.2843649920859054,-0.5939366751195887,0.07940095211071765,0.1944744672214893,nan,nan
32,17,170313,backward,e,-,20200,20200.0,0.0,0.6119710972886552,0.05761268687115333,0.5247704887656347,0.7106214863238581,0.18585099755822343,0.5055190939696781,0.7425083036760617,0.2369892097063836,0.12195376996143176,0.11840283360878194,0.15028965096098545,nan,nan
32,18,208654,backward,e,-,3476,3476.0,0.0,0.6076753060661217,0.0861257237538447,0.4826352909616668,0.7590055798634219,0.2763702889017551,0.4542800631742791,0.8938551550362668,0.4395750918619877,0.23177196470902503,0.14727198039415143,0.27298380286146207,nan,nan
32,19,164816,backward,e,-,2490,2490.0,0.0,0.4026751306550852,0.03629566708254615,0.3595930386048614,0.4728239768921798,0.1132309382873184,0.3566637372686819,0.5156353525338632,0.15897161526518128,0.4207157154701089,0.07341045733627125,0.11622183297795458,nan,nan
32,20,45239,backward,e,-,4356,4356.0,0.0,0.28559103659326734,0.05195321911700304,0.2391026427603622,0.39367764605888356,0.15457500329852136,0.17028196900333534,0.5729713754320799,0.4026894064287445,0.9277040838427743,0.11318319602200225,0.29247692539519854,nan,nan
32,21,15889,backward,e,-,12009,12009.0,0.0,0.36903416311321446,0.052259787929831325,0.2967558243399063,0.4641177814029626,0.1673619570630563,0.2759808255270147,0.4886047653412886,0.2126239398142739,0.24184835701711227,0.09186421592256272,0.11451558132695816,nan,nan
32,22,100032,backward,e,-,2907,2907.0,0.0,0.4092145491696885,0.07643946340862767,0.24239336309912574,0.4850592354795631,0.24266587238043735,0.16921621043999194,0.5033967835729937,0.33418057313300176,-0.8065934814656505,0.15423966945335751,0.22741682211249145,nan,nan
32,23,154799,backward,e,-,166,166.0,0.0,0.5563026480464747,0.12436007555946,0.3770395515430949,0.727206055772548,0.35016650422945317,0.20302693345651393,0.8955575813930169,0.692530647936503,-0.1424581402482259,0.19900641344307474,0.35660574393299493,nan,nan
32,24,175498,backward,e,-,2817,2817.0,0.0,0.3811601977955376,0.029411350760265815,0.36199054269389686,0.44312803587969163,0.08113749318579477,0.359487215227587,0.5550590694566417,0.19557185422905476,1.6746687792131378,0.05095938914573226,0.1628904227226824,nan,nan
32,25,120396,backward,e,-,4030,4030.0,0.0,0.6815627905534867,0.0557230823552769,0.5790649981414593,0.7376294292395054,0.15856443109804608,0.558361655347144,0.8956261106421681,0.33726445529502413,-0.02369666927974867,0.12669082007344143,0.19188762846743979,nan,nan
32,26,119604,backward,e,-,15567,15567.0,0.0,0.6185428877340845,0.05650452332349515,0.5196491514960847,0.6987106947317114,0.17906154323562673,0.4954111246894626,0.7164402452571084,0.2210291205676458,-0.18373983472941005,0.10683166926489647,0.13106969607151864,nan,nan
32,27,76930,backward,e,-,4797,4797.0,0.0,0.5310300812604193,0.017773500274367943,0.495559477723592,0.5516247788791696,0.05606530115557762,0.48828440468421264,0.5563450703171937,0.06806066563298108,-0.3963654125081061,0.04727949371426986,0.054554566753649225,nan,nan
32,28,164396,backward,e,-,1357,1357.0,0.0,0.5549679826083719,0.10887685979019261,0.37525656858198103,0.7260340904440894,0.35077752186210837,0.35264176551903914,0.8953803856012519,0.5427386200822127,0.01491597720260962,0.19404163879348213,0.3633879339506446,nan,nan
32,29,77279,backward,e,-,12294,12294.0,0.0,0.45555900856793013,0.02673021012302849,0.41282098883652363,0.49856285369640363,0.08574186485988,0.392465659703418,0.5684740189318007,0.1760083592283827,0.007897562360475069,0.07145247079357923,0.09174546168511377,nan,nan
32,30,41861,backward,e,-,6170,6170.0,0.0,0.3581500353262621,0.043423049324018075,0.2731902300551486,0.41016801311989837,0.13697778306474978,0.25560907397241645,0.4202723380253809,0.16466326405296444,-0.39305225356370016,0.08491014088284493,0.10249129696557713,nan,nan
32,31,173781,backward,e,-,13960,13960.0,0.0,0.4655093016860727,0.03131768048938068,0.42780370905817533,0.5322286590670662,0.10442495000889085,0.3990679858608867,0.5789026716100169,0.17983468574913014,0.7450550396230756,0.07714944156905976,0.1238234541120104,nan,nan
32,0,94651,backward,w,deg,24762,24762.0,0.0,-1.4250877886956062,4.974880033639727,-5.84266964782648,10.541308553310847,16.383978201137328,-6.8489133070413,14.103149746541732,20.952063053583032,0.9472145312083693,11.917649998075268,15.479491191306153,20.129329097379074,0.9962376257150964
32,1,30546,backward,w,deg,212,212.0,0.0,3.8227511695504006,9.394515579918771,-12.452164152228423,13.313316196596933,25.765480348825356,-32.71878384347815,15.060629513531723,47.77941335700987,-0.9944516332415658,18.7976968673749,39.064316558624625,204.4214140421634,0.9866858258452095
32,2,21401,backward,w,deg,999,999.0,0.0,0.29704991983405193,6.374143212340903,-12.414306921722144,10.680951266065634,23.095258187787778,-35.181794863996856,12.781526709291995,47.96332157328885,-0.6506788894671581,12.702076992202947,33.726142878565554,206.91632449643856,0.9938476055412666
32,3,49068,backward,w,deg,4837,4837.0,0.0,-1.573393979961196,5.67718569912385,-6.599184650487632,12.143994409645693,18.743179060133325,-7.626779452412677,20.00699328372133,27.633772736134006,1.149959541386901,14.797659459514612,22.66065833359025,191.58241893578915,0.9951064004453587
32,4,203087,backward,w,deg,3277,3277.0,0.0,0.07441019393169768,4.678006612070614,-7.012247649593593,10.399830797782776,17.41207844737637,-13.306971326242149,11.678071695037403,24.98504302127955,0.614998510127478,14.692858871454682,15.971099768709308,25.223945718717093,0.9966739981441705
32,5,33028,backward,w,deg,1533,1533.0,0.0,8.484662239879924,15.981897684375431,-31.90124424745746,13.332955196299418,45.23419944375688,-33.66088475797815,13.618294280724342,47.279179038702495,-0.9315063229197953,41.67887227066112,43.43851278118183,205.2066863530808,0.9616836648773036
32,6,153596,backward,w,deg,2200,2200.0,0.0,-0.26898086285812894,2.9657359330537894,-3.74160153209384,6.794919382699739,10.536520914793579,-6.261277234553404,12.900015364465247,19.16129259901865,1.6929187090673976,6.594593090066255,12.450261962164205,23.567261026949655,0.9986625986237677
32,7,149947,backward,w,deg,3463,3463.0,0.0,1.5998199965190736,4.203871507729882,-10.472040721607296,2.939560888166065,13.411601609773362,-19.36491210252788,3.123728216931852,22.488640319459734,-2.144979919245208,13.188819840222962,22.081691221143558,33.81543962068609,0.9973167916372472
32,8,8686,backward,w,deg,2980,2980.0,0.0,-0.3171454406088543,2.8922506846844316,-2.3050709422068194,1.5628651942527938,3.867936136459613,-2.763010229741326,28.857898305827547,31.620908535568873,5.36082463817999,2.3289543634137715,29.623987474988525,182.88846930098316,0.9987369391949039
32,9,12322,backward,w,deg,1022,1022.0,0.0,2.635951754204072,8.626183485586155,-17.694379136880755,11.540986021083047,29.235365157963802,-28.62223861400369,17.734090579560956,46.35632919356465,-0.9396840682801851,18.973325988095024,29.901185465217964,201.32742971460766,0.9887454560857772
32,10,26334,backward,w,deg,1419,1419.0,0.0,-1.0291331117174707,9.956438034237683,-19.70175214341071,20.26765774980011,39.96940989321082,-27.773047086917842,21.003165597707408,48.77621268462525,0.08943586704823535,20.853477345948438,27.92153227894815,199.22545273891677,0.9850659594546746
32,11,36819,backward,w,deg,178,178.0,0.0,-0.5325844811078468,10.007960456688487,-24.697673593880985,17.257237011767423,41.95491060564841,-27.72278278405608,19.605359179343395,47.328141963399474,-0.578005956767746,22.678217806992517,25.703326997167608,199.2195308311246,0.98490331871555
32,12,133457,backward,w,deg,3436,3436.0,0.0,1.75771017211909,6.016029503023912,-11.221329899624166,7.624151399263809,18.845481298887975,-11.573315714298388,14.87471355393518,26.44802926823357,-0.6054525318873938,13.542946272693811,13.894932087368034,22.188422415605217,0.9945010628303268
32,13,149609,backward,w,deg,26298,26298.0,0.0,1.775997630806856,5.379658897769029,-9.770439498993927,6.181640367037967,15.952079866031895,-14.254980847083175,8.971254605879494,23.22623545296267,-0.5847353498914664,16.202508145390784,20.687049493480032,27.37960396634073,0.9955989454269724
32,14,35909,backward,w,deg,1960,1960.0,0.0,-1.6646436537859444,9.626973806172195,-9.147545498994605,15.808771263201436,24.95631676219604,-29.758233105029262,19.096847450526525,48.85508055555579,-0.43327765419219394,22.377838062222953,24.75981918171516,201.25779447004572,0.9860104956704235
32,15,56808,backward,w,deg,7491,7491.0,0.0,0.2811981465996496,3.9793114797665265,-5.40401172988004,4.386122799065674,9.790134528945714,-35.73534026559199,10.661032487336996,46.39637275292898,-4.368920337863067,8.338347940103347,38.669676475815294,207.29822807852955,0.9976249454962784
32,16,45392,backward,w,deg,1395,1395.0,0.0,-2.2696072861423886,5.6921253662081295,-4.166761714092962,13.188270551274645,17.355032265367605,-21.021005806331573,24.410954109265674,45.43195991559725,1.5091605957456637,17.134379195299086,28.310289987745676,195.28169622292614,0.9950883559364102
32,17,170313,backward,w,deg,20200,20200.0,0.0,-0.05004300587074795,2.613655948625159,-3.9365407614359653,3.4230509721931552,7.35959173362912,-6.033200724864969,13.773924419911936,19.807125144776904,1.3019443522589833,5.697607584853853,12.307559811736468,20.560406870770606,0.9989611256425739
32,18,208654,backward,w,deg,3476,3476.0,0.0,-3.503709114133329,6.991708992354697,-7.11087769228773,15.292366160405912,22.40324385269364,-8.083826616776577,17.354325307905214,25.43815192468179,0.9073666476370299,20.011822999571507,22.07378214707083,18.720295875303282,0.9925787660866451
32,19,164816,backward,w,deg,2490,2490.0,0.0,1.0562500376780832,6.672071782551993,-10.678137466327033,7.722467794994811,18.400605261321843,-12.799711354406469,8.110636506314478,20.910347860720947,-0.30245230953854196,17.841494714141252,19.963068602220687,28.246673030681013,0.9932317796054708
32,20,45239,backward,w,deg,4356,4356.0,0.0,1.4177305746942892,6.149237473765618,-11.914553895220187,7.546459116265233,19.46101301148542,-39.51964775820389,8.510627270080107,48.030275028283995,-2.156650357338219,14.265758840755318,41.87085270373902,211.1864480908564,0.9943034765971412
32,21,15889,backward,w,deg,12009,12009.0,0.0,-0.37963676289268733,3.4962266885366184,-5.203920729441347,6.105257168144732,11.309177897586078,-6.339737441892737,7.793111439348763,14.1328488812415,0.2553349916248376,6.436066848214551,8.123921119418583,189.95935590899776,0.9981394537177564
32,22,100032,backward,w,deg,2907,2907.0,0.0,2.2401649600266182,9.651440628833132,-16.36577022256946,12.589507398090236,28.955277620659693,-21.991317390253784,13.013113893925606,35.00443128417939,-0.398064635704502,24.56700840986587,30.192555577550195,207.03817994194435,0.9858719219947963
32,23,154799,backward,w,deg,166,166.0,0.0,-0.33352564020397324,32.917897183580045,-7.473281909465207,10.540726516557001,18.014008426022208,-178.00186449773696,176.4169758314568,354.41884032919376,1.287686239614226,14.006686398141028,179.18511017495655,25.000905762402876,0.9253681269614425
32,24,175498,backward,w,deg,2817,2817.0,0.0,1.2333116416045016,5.632514381803125,-10.42173955761989,6.593320118376084,17.015059675995975,-14.180239469634785,6.844878109939685,21.02511757957447,-0.5786484827042787,15.591236282706426,19.349736194721316,28.749358104376885,0.9951763302697062
32,25,120396,backward,w,deg,4030,4030.0,0.0,-0.300109845465542,2.741947641723275,-2.0086727445233876,5.082333230398076,7.091005974921464,-13.277209827596465,8.728640974088933,22.005850801685398,-1.0514846780577327,7.855270083969604,11.61632286257273,23.864881641456268,0.9988573504553175
32,26,119604,backward,w,deg,15567,15567.0,0.0,0.13106207123152558,1.7890865464518955,-2.9755108728398114,2.534436049016804,5.509946921856615,-13.930596848549499,7.856068545616068,21.786665394165567,0.04418760205840006,3.104160494748959,13.485350510437428,27.34067216594444,0.9995126628257025
32,27,76930,backward,w,deg,4797,4797.0,0.0,-0.6378349685194848,6.720487416604485,-9.136008800082106,11.901420329175442,21.037429129257546,-10.711913102806164,14.579604562896776,25.29151766570294,0.33328897510264344,11.217303965783508,13.377853762121276,191.43135556312754,0.9931366141591068
32,28,164396,backward,w,deg,1357,1357.0,0.0,-0.6445326164909488,4.803719548937005,-6.8403588170131,10.273614131246779,17.113972948259878,-14.949864658483165,11.468139234056878,26.418003892540042,0.4793579590015885,9.86184084287844,15.780585330468057,25.58912329352292,0.9964934910045076
32,29,77279,backward,w,deg,12294,12294.0,0.0,-0.19813196498300556,4.734670609412351,-6.896911959068501,7.961401704063815,14.858313663132316,-26.813953127565867,13.214123151346456,40.02807627891232,0.0889227222993938,9.696096499732995,25.138072480401462,200.8598522989673,0.9965921530639282
32,30,41861,backward,w,deg,6170,6170.0,0.0,0.20920939840074482,2.245338501122221,-4.208809190114037,3.2455077838021755,7.454316973916212,-8.0438787444279,4.013194828429988,12.057073572857888,-0.5074355501689798,4.940620716634838,8.7756902709487,201.6513391106395,0.9992323969486352
32,31,173781,backward,w,deg,13960,13960.0,0.0,0.5887575965562633,2.922848835393668,-5.768645832426944,3.408438049347697,9.17708388177464,-14.01022922115041,8.149335890562469,22.15956511171288,-0.7181425701661761,7.34020062450345,15.581784013226923,28.194697828632254,0.9986997804977473
32,0,94651,forward,eps,km^2/s^2,24762,24762.0,0.0,-0.1550460085916292,0.03122309272875761,-0.1963361807308062,-0.0992257857875493,0.09711039494325689,-0.20771718255735483,-0.09048652349403596,0.11723065906331886,0.24242567998674916,0.05283607445046748,0.06419802324807644,nan,nan
32,1,30546,forward,eps,km^2/s^2,212,212.0,0.0,-0.18618619258813557,0.1457844686090219,-0.258785762154908,-0.11178571330471197,0.14700004885019602,-0.9500665357404836,-0.051543237175719625,0.898523298564764,-4.01026637902771,0.12707906465999716,0.7462284399828926,nan,nan
32,2,21401,forward,eps,km^2/s^2,999,999.0,0.0,-0.8281216990183274,0.046864667870283594,-0.8918225677332283,-0.8124708650351169,0.07935170269811143,-1.0201739466041788,-0.04477593560856841,0.9753980109956104,8.930607000725766,0.0685813743506155,0.7817335454619461,nan,nan
32,3,49068,forward,eps,km^2/s^2,4837,4837.0,0.0,-0.9561452878994219,0.02649547506430825,-0.9856773079948123,-0.9055337972102661,0.08014351078454629,-0.9895364381834701,-0.8934464324712942,0.09609000571217596,0.3826132854609396,0.04702570413076275,0.059113068869734664,nan,nan
32,4,203087,forward,eps,km^2/s^2,3277,3277.0,0.0,-0.1694926269446544,0.09868693556222122,-0.21215677228341917,-0.11042997789789477,0.1017267943855244,-1.0195542132081998,-0.059984160387641094,0.9595700528205587,-6.164589958061282,0.06487047068548761,0.8453049395214016,nan,nan
32,5,33028,forward,eps,km^2/s^2,1533,1533.0,0.0,-0.2456584283533657,0.0732545747691741,-0.25656102916999346,-0.20363436883447597,0.05292666033551749,-0.980671682301569,-0.10745760176690045,0.8732140805346685,-9.079859514110494,0.044983896889671554,0.7384136813241222,nan,nan
32,6,153596,forward,eps,km^2/s^2,2200,2200.0,0.0,-0.2357354347198964,0.02054802751632085,-0.25845683904688227,-0.19733643977475934,0.06112039927212293,-0.25930099629598635,-0.18083127953353884,0.07846971676244752,0.38455721356335754,0.042309595720171345,0.05881475596139185,nan,nan
32,7,149947,forward,eps,km^2/s^2,3463,3463.0,0.0,-0.16650566229370367,0.05006002712977163,-0.20450909326600406,-0.1065108651397831,0.09799822812622096,-0.8269552673886098,-0.10407870452841517,0.7228765628601946,-6.4832048765457895,0.06048303451088002,0.6604496050949061,nan,nan
32,8,8686,forward,eps,km^2/s^2,2980,2980.0,0.0,-0.8808496631831284,0.01643776756875796,-0.8996555438415175,-0.8611061618330317,0.03854938200848579,-0.979942286512975,-0.854697651065499,0.125244635447476,-2.066862988357452,0.022757711726850736,0.10304445439830823,nan,nan
32,9,12322,forward,eps,km^2/s^2,1022,1022.0,0.0,-0.8191396614895639,0.25526112324867667,-0.8756299153177212,-0.10979686318657772,0.7658330521311434,-0.9840399596112792,-0.04389160369217371,0.9401483559191055,1.8406888641908494,0.7093014411069284,0.7752067006013323,nan,nan
32,10,26334,forward,eps,km^2/s^2,1419,1419.0,0.0,-0.9065198499305012,0.0489518810359726,-0.977518010693339,-0.8199194786431808,0.15759853205015817,-1.0206562915180895,-0.8063625597697947,0.2142937317482948,0.14040004752603238,0.11782040618050917,0.13137732505389532,nan,nan
32,11,36819,forward,eps,km^2/s^2,178,178.0,0.0,-0.880141184369723,0.22644626438735796,-0.9763017613357471,-0.19912921323907024,0.7771725480966769,-1.020440955040417,-0.060086332099685946,0.960354622940731,2.2879034146464625,0.6319961023035162,0.7710389834429004,nan,nan
32,12,133457,forward,eps,km^2/s^2,3436,3436.0,0.0,-0.8726361032629517,0.053797232459494956,-0.9742995956431959,-0.8104932788912261,0.16380631675196977,-1.0205829238249695,-0.8067544423545633,0.21382848147040623,-0.38948663877647866,0.08868407553477123,0.12187877015670356,nan,nan
32,13,149609,forward,eps,km^2/s^2,26298,26298.0,0.0,-0.8705733256140776,0.02378702759875945,-0.9217903466989528,-0.8415094238392847,0.08028092285966804,-0.9715083996257589,-0.8087495535208197,0.16275884610493918,-0.7814860020004323,0.08353982681829465,0.13325787974510073,nan,nan
32,14,35909,forward,eps,km^2/s^2,1960,1960.0,0.0,-0.16521261491527028,0.24381107506267388,-0.8799393982503173,-0.04683032316180248,0.8331090750885148,-0.9997486343995929,-0.043981079635574294,0.9557675547640186,-2.1295628065503553,0.7256914059649962,0.8455006421142718,nan,nan
32,15,56808,forward,eps,km^2/s^2,7491,7491.0,0.0,-0.23516272700095076,0.008975967872270077,-0.24821372324395274,-0.21932350706941828,0.028890216174534467,-0.25802878862821066,-0.20435536184316894,0.05367342678504172,0.19828489418166614,0.019133041165691977,0.03368930500494394,nan,nan
32,16,45392,forward,eps,km^2/s^2,1395,1395.0,0.0,-0.9038264206621626,0.04835392697411721,-0.9760009522345212,-0.8126469381770147,0.1633540140575065,-1.0203849539144754,-0.8064880705613207,0.2138968833531547,0.17238794388674322,0.10075333880979839,0.10715824158825416,nan,nan
32,17,170313,forward,eps,km^2/s^2,20200,20200.0,0.0,-0.09574267919233598,0.027392607217001028,-0.15404196818234947,-0.06671064433269983,0.08733132384964964,-0.19589732550508676,-0.05885393284037144,0.13704339266471532,-0.8990328525348524,0.0762862326450415,0.11814158996777879,nan,nan
32,18,208654,forward,eps,km^2/s^2,3476,3476.0,0.0,-0.8433006060972188,0.028307662481613163,-0.9180911169449634,-0.8245419837545733,0.09354913319039004,-1.020820045950525,-0.8081579121131915,0.21266213383733346,-2.2469471968309107,0.07435035008880084,0.1770792790943625,nan,nan
32,19,164816,forward,eps,km^2/s^2,2490,2490.0,0.0,-0.8419509892147359,0.047237050415452876,-0.9701896419285633,-0.811772995219169,0.15841664670939426,-1.0208111579248749,-0.8070918060031312,0.21371935192174363,-1.4054846719120262,0.08986523766839825,0.14048675366470986,nan,nan
32,20,45239,forward,eps,km^2/s^2,4356,4356.0,0.0,-0.18705378796199656,0.05957597510759834,-0.21856148484304927,-0.09510111765501075,0.12346036718803852,-0.8943866425699905,-0.0461703378629178,0.8482163047070727,-5.9031109708173295,0.08148697658950774,0.7213139879074164,nan,nan
32,21,15889,forward,eps,km^2/s^2,12009,12009.0,0.0,-0.9648665302134715,0.03298127249702342,-1.0022430780117184,-0.9020319541123349,0.10021112389938347,-1.0085644016778017,-0.8911740447928009,0.11739035688500077,0.36865308870090835,0.05453313403636977,0.06539104335590373,nan,nan
32,22,100032,forward,eps,km^2/s^2,2907,2907.0,0.0,-0.9110054575291521,0.039554953286980554,-0.976974086468468,-0.8478191761938169,0.1291549102746511,-0.9819994090634598,-0.8085486977147093,0.17345071134875056,0.02998143521948406,0.07164447591726045,0.110914954396368,nan,nan
32,23,154799,forward,eps,km^2/s^2,166,166.0,0.0,-0.5323956446752762,0.3646526374881774,-0.9721057388321941,-0.11600228923691402,0.8561034495952801,-0.9769988255449953,-0.046719852405381124,0.9302789731396142,-0.005246768205538195,0.7598292122307948,0.7647222989435959,nan,nan
32,24,175498,forward,eps,km^2/s^2,2817,2817.0,0.0,-0.8256300190341046,0.021198418736117497,-0.8603858790591007,-0.8077745273975341,0.05261135166156661,-0.9841565378209203,-0.8071892914486543,0.17696724637226602,-2.3464524812607612,0.05092800714305028,0.17469866590486982,nan,nan
32,25,120396,forward,eps,km^2/s^2,4030,4030.0,0.0,-0.16903266529050714,0.07880668167518198,-0.21085312852976626,-0.11326121973226483,0.09759190879750143,-0.8469894841534737,-0.06269689419354152,0.7842925899599322,-6.58267492053776,0.06397279171036564,0.6703692667204055,nan,nan
32,26,119604,forward,eps,km^2/s^2,15567,15567.0,0.0,-0.9430115048371573,0.022993341038726328,-0.9697017177555666,-0.8971434553649487,0.07255826239061791,-0.9750473144925218,-0.8510394547458431,0.12400785974667872,0.4701828123073475,0.03906369714914584,0.08302791284699307,nan,nan
32,27,76930,forward,eps,km^2/s^2,4797,4797.0,0.0,-0.8779848254737488,0.024816956355063573,-0.9287926651737746,-0.8501526975378819,0.07863996763589265,-0.971391766789463,-0.8124351423138624,0.15895662447560066,-0.7207811207787741,0.044086738570645365,0.08255921305721448,nan,nan
32,28,164396,forward,eps,km^2/s^2,1357,1357.0,0.0,-0.21086792375783892,0.32800928000427704,-0.9236400768450896,-0.11521292596192775,0.8084271508831619,-1.0084233505739606,-0.04380055913553149,0.9646227914384291,-0.6609773855530503,0.7229162828970213,0.8076995566258921,nan,nan
32,29,77279,forward,eps,km^2/s^2,12294,12294.0,0.0,-0.1975187587059119,0.04498191829484951,-0.22825193307761216,-0.12802989363449752,0.10022203944311464,-0.8353886169974348,-0.11840664812713053,0.7169819688703043,-5.866403324690573,0.0699183498756537,0.6378172925413629,nan,nan
32,30,41861,forward,eps,km^2/s^2,6170,6170.0,0.0,-0.1768625594395154,0.08218990263151975,-0.21619054985431022,-0.14320155211894936,0.07298899773536086,-0.8364723675436735,-0.13519446193763418,0.7012779056060393,-7.004916774068724,0.04411417126191865,0.6643959889512819,nan,nan
32,31,173781,forward,eps,km^2/s^2,13960,13960.0,0.0,-0.923010918159745,0.019803903524555435,-0.9520647875820687,-0.8910839655281859,0.06098082205388278,-1.0105042189071916,-0.8503133897439553,0.16019082916323624,0.045195026145760736,0.03358259513371474,0.0913398728413215,nan,nan
32,0,94651,forward,e,-,24762,24762.0,0.0,0.6280911249288582,0.0764971511452591,0.5249876583184834,0.763172759776761,0.23818510145827765,0.4945975559633394,0.7841382419656238,0.2895406860022844,0.2179491160057943,0.13122405113974112,0.16161415349488512,nan,nan
32,1,30546,forward,e,-,212,212.0,0.0,0.5508495689882944,0.1188555742820719,0.3605050772200461,0.7328992485517817,0.3723941713317356,0.2053839745854985,0.8772211912241045,0.671837216638606,-0.29012577127314626,0.23846994163881713,0.3713513493395916,nan,nan
32,2,21401,forward,e,-,999,999.0,0.0,0.23411209933287455,0.07053098558116686,0.18917721375643898,0.37718512686976824,0.18800791311332926,0.16971236327555636,0.8933250748032786,0.7236127115277222,2.8469407668498645,0.14721193241025837,0.6633518803437688,nan,nan
32,3,49068,forward,e,-,4837,4837.0,0.0,0.47951507377919944,0.04221388477469184,0.3957330106697318,0.5238395791535931,0.12810656848386132,0.3738368212161587,0.5294155266261129,0.15557870540995422,-0.4582413843444016,0.07812247775899497,0.10001866721256814,nan,nan
32,4,203087,forward,e,-,3277,3277.0,0.0,0.5922710925887155,0.09889826063044937,0.4846217437955458,0.7362116463527781,0.25158990255723235,0.17006665311222163,0.8571224749469785,0.6870558218347569,-0.46522670209625744,0.15839464833006844,0.41032573304321235,nan,nan
32,5,33028,forward,e,-,1533,1533.0,0.0,0.3943448478121595,0.055088100972308714,0.3618081821049505,0.5153675984573667,0.15355941635241616,0.35907069968116695,0.7437231962695249,0.38465249658835793,2.4134636675888,0.11193420272929744,0.3402898005414557,nan,nan
32,6,153596,forward,e,-,2200,2200.0,0.0,0.4197859043466321,0.0556476131681218,0.3559623488607874,0.5214013554399549,0.1654390065791675,0.3534727015855489,0.5633284052797051,0.20985570369415618,0.3378347244789111,0.11241544628116468,0.15434249612091483,nan,nan
32,7,149947,forward,e,-,3463,3463.0,0.0,0.5996629366045887,0.08974248286068359,0.5040218951994587,0.745624121956671,0.24160222675721232,0.2062286491345052,0.7514951973571784,0.5452665482226732,-0.07057388391915176,0.14719445203569803,0.39343428747008347,nan,nan
32,8,8686,forward,e,-,2980,2980.0,0.0,0.3496817315302656,0.030304250479301974,0.3099467214323015,0.3849353402527902,0.07498861882048868,0.2961950763715573,0.5154629321271346,0.21926785575557728,1.6929906082506312,0.04358878443884012,0.1733522695909509,nan,nan
32,9,12322,forward,e,-,1022,1022.0,0.0,0.2253029552786363,0.17654306821491383,0.18852895596075353,0.7381087389475771,0.5495797829868236,0.17222573043226008,0.8954250633070769,0.7231993328748169,1.995601226145674,0.5288845001785916,0.6862008245380914,nan,nan
32,10,26334,forward,e,-,1419,1419.0,0.0,0.397668697355547,0.09131384379192914,0.20908290443390196,0.5119769130762929,0.3028940086423909,0.16857236846964585,0.572716237374,0.40414386890435416,-0.47032512405525784,0.24129020053019146,0.28180073649444765,nan,nan
32,11,36819,forward,e,-,178,178.0,0.0,0.3991838872181054,0.12917731924753298,0.21508018793949357,0.567376785350875,0.3522965974113814,0.18600693989988665,0.8568787149132043,0.6708717750133177,0.39311826789650994,0.3252187907067013,0.6147207202690307,nan,nan
32,12,133457,forward,e,-,3436,3436.0,0.0,0.33427425343332634,0.10453057296469496,0.1827353202815963,0.507160460911681,0.32442514063008465,0.17001816509090778,0.572619520313711,0.4026013552228032,0.16284385063449514,0.20103458035338465,0.21375173554407317,nan,nan
32,13,149609,forward,e,-,26298,26298.0,0.0,0.330553180084597,0.046475624861375325,0.26708986268244866,0.42438810492542106,0.1572982422429724,0.175969075502094,0.5031026509987027,0.32713357549660865,0.5016775998472938,0.1651718333303253,0.2438863794036069,nan,nan
32,14,35909,forward,e,-,1960,1960.0,0.0,0.6028530398589415,0.17818169589429647,0.311945173118594,0.8884129541034246,0.5764677809848306,0.1705568463462666,0.8952125964134294,0.7246557500671629,-0.035662403830629935,0.3178662802701325,0.45925460704245985,nan,nan
32,15,56808,forward,e,-,7491,7491.0,0.0,0.4224186365417482,0.02465585032870661,0.38590390790748336,0.46520354953913456,0.07929964163165121,0.3572200901263215,0.5050407907697425,0.147820700643421,0.15410062172803277,0.05200270399244891,0.09024762952713933,nan,nan
32,16,45392,forward,e,-,1395,1395.0,0.0,0.3929350108499928,0.09189485924307829,0.1883841560618571,0.5096916790258256,0.3213075229639685,0.1690549787012258,0.5723421520948844,0.4032871733936586,-0.528071694427198,0.221023596557109,0.24035277391774032,nan,nan
32,17,170313,forward,e,-,20200,20200.0,0.0,0.7715700420546533,0.06624548343780945,0.6300014389042744,0.8410081624008632,0.21100672349658878,0.5250959763492817,0.8597500074356198,0.33465403108633807,-0.931714633570283,0.18463423594145703,0.28953969849644967,nan,nan
32,18,208654,forward,e,-,3476,3476.0,0.0,0.2719095802055,0.05647971817028988,0.22534246166084954,0.4183728943494821,0.19303043268863257,0.17467649438969368,0.572955757279698,0.39827926289000437,1.703939886566473,0.14529500000475032,0.29987786293496627,nan,nan
32,19,164816,forward,e,-,2490,2490.0,0.0,0.2681016816929064,0.09205794565722,0.18528264377497816,0.5010042288205943,0.3157215850456161,0.17108557576733655,0.5729437428642237,0.40185816709688715,1.0288261702316632,0.17185298323431555,0.22347788831973053,nan,nan
32,20,45239,forward,e,-,4356,4356.0,0.0,0.5485279269066269,0.10009995670857579,0.4667792344315697,0.7733189835414872,0.3065397491099175,0.16987312589813894,0.890008058378988,0.720134932480849,0.5961624683172076,0.20051524198701184,0.4141434505437003,nan,nan
32,21,15889,forward,e,-,12009,12009.0,0.0,0.4927558523990591,0.051926298846462715,0.389197306358187,0.5474114597804919,0.15821415342230488,0.36933174053788914,0.5562090261526239,0.18687728561473477,-0.4571754791686682,0.09074591341426112,0.110611479234559,nan,nan
32,22,100032,forward,e,-,2907,2907.0,0.0,0.40549078465520527,0.07068869450439542,0.2820763871903614,0.5112027559631586,0.22912636877279718,0.17689843824555226,0.5185090086168794,0.34161057037132714,-0.279806870728129,0.13795755087561776,0.2431354998204269,nan,nan
32,23,154799,forward,e,-,166,166.0,0.0,0.4830561685887842,0.14789051720962101,0.23676645936543195,0.722883855963224,0.4861173965977921,0.1698141830836259,0.8887012718543874,0.7188870887707615,0.2418856047346831,0.2612655593621596,0.4048240259543841,nan,nan
32,24,175498,forward,e,-,2817,2817.0,0.0,0.22822097048534584,0.050434997912917265,0.17336619304412565,0.3100969970508512,0.13673080400672555,0.17140178779317194,0.5212219375949423,0.34982014980177034,1.2649652785447643,0.13035670678182132,0.3414816473259124,nan,nan
32,25,120396,forward,e,-,4030,4030.0,0.0,0.5933204422558259,0.09439683610133219,0.4875384589360844,0.7293793609747571,0.2418409020386727,0.1713813094736515,0.8506606350833577,0.6792793256097062,-0.43631260048457565,0.1564594753550656,0.40305671503100915,nan,nan
32,26,119604,forward,e,-,15567,15567.0,0.0,0.45899937323257295,0.037765750066117314,0.3811058118509253,0.5003596914603511,0.1192538796094258,0.28987177594082353,0.5083076614849963,0.21843588554417276,-0.5599871495688521,0.06354557382663582,0.15467874215706706,nan,nan
32,27,76930,forward,e,-,4797,4797.0,0.0,0.34471599575440176,0.047104000844355384,0.2866507331978071,0.436051418921259,0.1494006857234519,0.18982757206028292,0.5029569112002404,0.31312933913995755,0.4673418612241763,0.08461282666988225,0.17559173527228703,nan,nan
32,28,164396,forward,e,-,1357,1357.0,0.0,0.4932441489788795,0.16567847355756035,0.2230410913440916,0.7246779477844999,0.5016368564404083,0.17100555090973987,0.8956399397956282,0.7246343888858883,0.10153272175787142,0.2994744233395853,0.3821883454924,nan,nan
32,29,77279,forward,e,-,12294,12294.0,0.0,0.5215957320159379,0.08641341602052423,0.4412313778567546,0.6936658901943457,0.25243451233759107,0.1874282338484579,0.7169528444652796,0.5295246106168218,0.33968410839168217,0.17317422790761722,0.33394027915444635,nan,nan
32,30,41861,forward,e,-,6170,6170.0,0.0,0.5734359909133395,0.07137210376744889,0.4727334307468294,0.6566521367678272,0.1839187060209978,0.18615264140574067,0.6762152456966782,0.49006260429093756,-1.6341319473181277,0.11275039233043481,0.39933118167152354,nan,nan
32,31,173781,forward,e,-,13960,13960.0,0.0,0.4264732138680448,0.033496641465277775,0.3701029861835046,0.47344210275641224,0.10333911657290762,0.288258210095421,0.5587434251500458,0.2704852150546248,-0.15015733520471009,0.05646372111774907,0.13881872324463468,nan,nan
32,0,94651,forward,w,deg,24762,24762.0,0.0,-3.1982707329133433,18.183612281640148,-22.44403562614528,34.01324331726869,56.45727894341397,-23.531531890114536,68.44524937089787,91.9767812610124,0.7307003790032636,47.10927812361845,81.54128417724763,174.40797601174924,0.9508394059770844
32,1,30546,forward,w,deg,212,212.0,0.0,-3.2910398119084334,43.72512399916267,-59.74084893343907,60.088016829495054,119.82886576293413,-177.66079037888227,132.7006985805018,310.3614889593841,-0.7936220303214533,85.09092597890029,178.7331391544568,56.269455239280276,0.787391720288669
32,2,21401,forward,w,deg,999,999.0,0.0,-1.5742008598585073,17.3052189756669,-21.23578539529257,28.277709159662773,49.513494554955344,-60.22864665838047,152.93488342721162,213.16353008559207,2.3731121844083827,36.362037275700914,156.74354823345777,156.40756007630685,0.9596438363724786
32,3,49068,forward,w,deg,4837,4837.0,0.0,-0.7536044753006763,13.392034058388465,-19.120335374897433,24.72927080717462,43.84960618207205,-21.81293268107072,38.37960090177904,60.19253358284976,0.44525274387513974,30.095191930776213,43.74552202538064,313.3794188337216,0.9729961358106123
32,4,203087,forward,w,deg,3277,3277.0,0.0,-3.8043453746492446,30.637551233639545,-30.352950936275725,50.58335175721231,80.93630269348805,-179.09527832132432,177.34939876445998,356.4446770857843,-0.36072049223508645,62.52916262937565,179.80539033112257,301.923156733199,0.8861836253250128
32,5,33028,forward,w,deg,1533,1533.0,0.0,-4.589581254336991,28.404038834504785,-28.01131745668755,48.81591024449652,76.82722770118407,-178.0934291902254,178.05695832311375,356.1503875133392,-1.0158521562079204,45.34346974628059,179.35727701335395,210.32933340417054,0.9033250609596164
32,6,153596,forward,w,deg,2200,2200.0,0.0,-4.114787754542093,26.16888289511011,-32.43567127089003,51.97038449406343,84.40605576495346,-37.172112958489635,89.8678978291291,127.04001078761874,0.7532785704472176,68.69879940553467,106.59631274060035,234.39195954861668,0.9007919674379006
32,7,149947,forward,w,deg,3463,3463.0,0.0,-3.2215662001381133,24.724022577297205,-30.69763810915089,44.178060119132574,74.87569822828347,-178.60234171934852,164.1152234007809,342.7175651201294,0.5781644233399708,56.923456662055955,176.71721559910668,240.40563234374622,0.9167244208105213
32,8,8686,forward,w,deg,2980,2980.0,0.0,-1.681740401113899,6.058146883433887,-3.975930169195408,5.757222850267495,9.733153019462904,-4.127564726612832,57.98694670791457,62.1145114345274,4.310057945562125,9.186079579341524,61.4158034369886,293.5370568774897,0.9945526444618998
32,9,12322,forward,w,deg,1022,1022.0,0.0,-8.085830529830929,53.02504505559084,-35.44595117122243,128.13999163112015,163.58594280234257,-179.56904752093646,178.83540250417366,358.4044500251101,1.2559676200775336,143.58594375466822,179.11444011904496,170.7431460875247,0.703759296442256
32,10,26334,forward,w,deg,1419,1419.0,0.0,2.246931840992147,22.057479127966104,-42.43945688344047,29.528065514584377,71.96752239802484,-67.15737671718159,85.80543111216576,152.96280782934735,-0.2629128495688018,50.021311269752324,79.03061274860102,40.06530129546783,0.9294040786958563
32,11,36819,forward,w,deg,178,178.0,0.0,3.6271010472239453,63.995692861259364,-63.28118567788515,143.15319988196876,206.43438555985392,-179.83357583196255,179.9513759718543,359.78495180381685,0.12774223897088324,169.3627443389717,176.02203221645618,233.38768304351078,0.6274594925858786
32,12,133457,forward,w,deg,3436,3436.0,0.0,1.7777008070920175,28.904221169785906,-52.354544592208526,44.01062059305879,96.36516518526732,-64.47063752943642,94.08998615540526,158.5606236848417,-0.14914019428770015,54.17956721034503,102.40932303836934,125.17098752375223,0.8798586290501085
32,13,149609,forward,w,deg,26298,26298.0,0.0,-2.446274435074045,16.54364382796079,-20.50450110623808,30.925558456070213,51.430059562308294,-23.347269264264696,96.87289676503792,120.22016602930262,1.168783604438414,30.154721344022626,96.1020596529903,14.865311630411426,0.959754620224921
32,14,35909,forward,w,deg,1960,1960.0,0.0,-3.3609144269110516,56.3539848348744,-36.95113753562071,147.07226105870615,184.02339859432686,-178.21056091166858,178.9354181698801,357.1459790815487,0.48896929872603134,162.53423827986902,179.6933103939577,304.06067909394375,0.716881880401641
32,15,56808,forward,w,deg,7491,7491.0,0.0,-2.312935846930401,17.745957230316066,-23.07464918340932,28.530146812470733,51.60479599588005,-26.16921816207264,87.88507666743737,114.05429482951001,0.8897269491502194,28.348903697993833,84.6231329386012,192.00178515335267,0.9536303444518861
32,16,45392,forward,w,deg,1395,1395.0,0.0,-1.2538851537755136,21.96939974509902,-40.32521822968812,37.42710575811012,77.75232398779823,-74.23639956634923,59.093714625996995,133.33011419234623,-0.12153893083559943,49.860293808454585,68.51688987911365,55.31317434086531,0.9295336333285412
32,17,170313,forward,w,deg,20200,20200.0,0.0,-2.9400772609590575,15.78377497995064,-19.270040130635174,30.246412973185137,49.51645310382031,-21.41646942292519,70.08246077324887,91.49893019617406,0.9422787674933716,40.44004872838725,80.27609652845098,172.68961418031708,0.9629200118017123
32,18,208654,forward,w,deg,3476,3476.0,0.0,-2.282107990052623,14.516827686779008,-16.678950288819216,27.61455677847917,44.293507067298385,-23.992888639499512,92.99174543437016,116.98463407386967,1.4307964516419251,40.37052244098996,105.74771109688089,53.313319445981364,0.9690404514586867
32,19,164816,forward,w,deg,2490,2490.0,0.0,-2.043665907223499,29.35791939986759,-38.45029083412595,51.846447845362604,90.29673867948856,-43.19170310966359,103.26797118719196,146.45967429685555,0.4882417302531413,53.107044104545835,104.52856744637518,72.06054194920729,0.8756847281337662
32,20,45239,forward,w,deg,4356,4356.0,0.0,-1.662315859826606,20.616537873815222,-24.493801868012888,29.06881330028665,53.56261516829954,-176.51821941460904,176.7149459943313,353.2331654089403,1.0547897563290975,33.18186524999009,179.83681949735055,239.18933033763363,0.9463846537360489
32,21,15889,forward,w,deg,12009,12009.0,0.0,-0.5042184816846316,6.784508727778861,-10.047575620866576,11.776041622741346,21.82361724360792,-11.77057875573962,21.507418860547887,33.27799761628751,0.34684809218284174,16.506348568030333,26.237725805836874,301.6118675794645,0.9930089951288807
32,22,100032,forward,w,deg,2907,2907.0,0.0,-4.124573023708365,17.51072473930713,-21.563224179684607,33.868333850783024,55.43155803046763,-24.889193888578802,63.15909640933336,88.04829029791216,0.8414199707105756,31.258316474056308,60.54907903260664,339.6672667722455,0.9544182146577652
32,23,154799,forward,w,deg,166,166.0,0.0,31.149240731696636,79.64718425388362,-106.15077788665305,124.49652023661204,230.6472981232651,-178.34391509437143,177.26116817882672,355.60508327319815,0.11463055790336063,171.92687316725352,179.52600672896733,230.73503329601633,0.28768090712840716
32,24,175498,forward,w,deg,2817,2817.0,0.0,-3.436210652768665,16.725821896174033,-17.529179419167985,30.068339369596405,47.59751878876439,-18.802189545037436,98.57887815188826,117.3810676969257,1.849617043742386,33.33885268725123,101.8493914695431,17.26776755316406,0.9598699117654399
32,25,120396,forward,w,deg,4030,4030.0,0.0,-4.533481902975211,23.58235427945272,-20.74144269073891,38.991382056860694,59.73282474759961,-146.3145085355537,162.08771639358218,308.40222492913585,2.4537560058025085,57.271721744896745,179.8202816033393,286.4633866632686,0.9305200837267962
32,26,119604,forward,w,deg,15567,15567.0,0.0,-3.089962543260185,15.986814848870377,-18.472729483649733,31.61200238885318,50.084731872502914,-20.196928842839498,71.67135112966739,91.86827997250688,1.1546514238273473,42.57905040875388,82.6383991495681,11.06670541140332,0.9621672946000146
32,27,76930,forward,w,deg,4797,4797.0,0.0,-3.171087047553897,14.214068197262508,-15.985230796933127,30.206316056359743,46.19154685329287,-17.590123171543212,65.6511520584354,83.24127522997861,1.214968144122855,33.61131955197214,69.05615555404779,307.873758429518,0.969933124933535
32,28,164396,forward,w,deg,1357,1357.0,0.0,-1.2148398058101293,94.39491632477454,-165.52510282273664,171.46888915337604,336.9939919761127,-179.35557225503135,179.81686436817898,359.17243662321033,0.016801323731322367,175.7070047357783,179.87067385891805,40.685505680104065,0.294920803974949
32,29,77279,forward,w,deg,12294,12294.0,0.0,-3.320590457904686,21.998373405114016,-26.11624910737458,38.00757660692792,64.1238257143025,-179.34935767173872,170.4858228310443,349.83518050278303,0.7219393288285508,45.4260406217651,177.76138761408083,191.20600720171893,0.9332404925719509
32,30,41861,forward,w,deg,6170,6170.0,0.0,-2.9994552908309373,23.40620526892356,-11.059845841869585,23.60630572249987,34.66615156436946,-179.36698022649955,179.39318466178253,358.7601648882821,3.5989521432384985,31.060221874201773,179.9224146180352,173.44493215320966,0.9539268076025688
32,31,173781,forward,w,deg,13960,13960.0,0.0,-4.046585672528366,15.80900176367501,-15.642080022176923,26.967831930059404,42.60991195223633,-16.037755817267453,103.59431728000527,119.63207309727272,1.731411755533161,35.80176036526113,112.42824571520703,6.524850208929961,0.9638752421113888
36,0,94651,backward,eps,km^2/s^2,24762,24762.0,0.0,-0.09841787626004417,0.023421935844789212,-0.14808647994125845,-0.06740203363738317,0.08068444630387528,-0.1808042275346745,-0.058817793307683885,0.12198643422699063,-0.7829160707583965,0.06530628805337844,0.09802403564679452,nan,nan
36,1,30556,backward,eps,km^2/s^2,22,22.0,0.0,-0.8345992520102872,0.06249662784218442,-0.9767959898897766,-0.8169655079408062,0.15983048194897032,-1.0176690233481307,-0.8143434397753737,0.20332558357275698,-0.8373443764110585,0.1424138242182554,0.18328685767660957,nan,nan
36,2,21401,backward,eps,km^2/s^2,997,997.0,0.0,-0.8296193441400004,0.037421619256798606,-0.9532396065723328,-0.8255098137082437,0.12772979286408903,-1.0030563556592664,-0.8231622318495087,0.17989412380975778,-2.2005333392484574,0.12462890775575627,0.17444565684268998,nan,nan
36,3,49068,backward,eps,km^2/s^2,4837,4837.0,0.0,-0.9794128573983533,0.01267880674493001,-0.993067020353092,-0.9532141027752343,0.039852917577857694,-0.996399116625677,-0.9281148789320531,0.0682842376936239,0.7949786057781114,0.031365342313606145,0.0564645661567873,nan,nan
36,4,164816,backward,eps,km^2/s^2,2490,2490.0,0.0,-0.24224608048710733,0.013080935375335065,-0.2572148492725731,-0.21655519445427632,0.04065965481829678,-0.2582250091029896,-0.20023730165444997,0.05798770744853965,0.45910321804915966,0.026552738989517582,0.042870631789343916,nan,nan
36,5,33028,backward,eps,km^2/s^2,1492,1492.0,0.0,-0.8250358589898866,0.01786003936728882,-0.8617153970855367,-0.80768426736834,0.0540311297171967,-0.8945984247315625,-0.8066103600792471,0.08798806465231535,-0.7517379037412286,0.03949221772888598,0.0723752453749118,nan,nan
36,6,153596,backward,eps,km^2/s^2,2200,2200.0,0.0,-0.16433430693407486,0.0347446365437862,-0.2044855916444756,-0.10656334228710894,0.09792224935736667,-0.23396340960576145,-0.10462873397446115,0.1293346756313003,0.19212569677461727,0.060190875287018324,0.06728347759562725,nan,nan
36,7,149947,backward,eps,km^2/s^2,3463,3463.0,0.0,-0.22617248610432839,0.025862625338479762,-0.2583709249195812,-0.18288078924637724,0.07549013567320395,-0.2593276385082858,-0.15798653060821344,0.10134110790007234,0.24475152921111387,0.053143389585394045,0.07803764822355785,nan,nan
36,8,8686,backward,eps,km^2/s^2,2980,2980.0,0.0,-0.9230219765937426,0.02510549082960722,-0.9595130990412114,-0.8808281718834704,0.078684927157741,-0.9699743335828579,-0.8508318586618089,0.11914247492104901,0.1245503063134246,0.042882521334938487,0.0719553575876466,nan,nan
36,9,44096,backward,eps,km^2/s^2,4016,4016.0,0.0,-0.8549464461714744,0.021223513179000533,-0.9006934198299485,-0.8327794817419742,0.0679139380879743,-0.9330186606019313,-0.8071570488018404,0.12586161180009092,-0.620997515680334,0.05167368021598767,0.08399892098797035,nan,nan
36,10,26334,backward,eps,km^2/s^2,1424,1424.0,0.0,-0.8665342287714226,0.030616686295009292,-0.9102262009852542,-0.8083233187750567,0.1019028822101975,-0.9239286379840658,-0.8063623697289342,0.11756626825513161,0.3028420592035488,0.05673869513667224,0.05896655792847827,nan,nan
36,11,29633,backward,eps,km^2/s^2,163,163.0,0.0,-0.8311336339810305,0.05197926795884768,-0.9743092652696747,-0.815194391087656,0.15911487418201864,-1.0205536257856416,-0.8068393667227801,0.21371425906286146,-2.025539791878019,0.1460546019782841,0.19229896249425105,nan,nan
36,12,171756,backward,eps,km^2/s^2,595,595.0,0.0,-0.1915556757534308,0.0451490772711121,-0.25671291822795206,-0.1110660880647373,0.14564683016321475,-0.2595672674968075,-0.043879077490019736,0.21568819000678774,0.3153197291317986,0.08148061896860467,0.14866762954332224,nan,nan
36,13,149609,backward,eps,km^2/s^2,26298,26298.0,0.0,-0.2186564838046559,0.02870773511288704,-0.24598773129894233,-0.15673776869454648,0.08924996260439585,-0.2503484518318607,-0.1265314213170705,0.1238170305147902,0.6807407737689708,0.06570491664314158,0.09591126402061756,nan,nan
36,14,37064,backward,eps,km^2/s^2,1440,1440.0,0.0,-0.9113008306251644,0.04419825762313565,-0.9750532069749824,-0.8425920531325231,0.13246115384245938,-1.0207786020554366,-0.8206074327557955,0.20017116929964107,0.06682048832862487,0.073406196852212,0.10805198120543436,nan,nan
36,15,56810,backward,eps,km^2/s^2,7021,7021.0,0.0,-0.8727458436897417,0.021535024722704615,-0.9070585833596152,-0.8382900351930832,0.068768548166532,-0.9388624391512141,-0.8312190893467137,0.10764334980450041,-0.011994851630466707,0.04183106914274248,0.058851319946756186,nan,nan
36,16,45392,backward,eps,km^2/s^2,1388,1388.0,0.0,-0.9555695942666793,0.023006961744021528,-0.9784961447947428,-0.909908833974283,0.06858731082045977,-1.0207437552380227,-0.850367147645064,0.1703766075929587,0.4916097165002631,0.04855961861899498,0.10798637004524991,nan,nan
36,17,170313,backward,eps,km^2/s^2,20200,20200.0,0.0,-0.16161672654657733,0.023361774876633126,-0.19643028493235018,-0.12110386986325938,0.0753264150690908,-0.20393761703701752,-0.10783662095679791,0.0961009960802196,0.14851382102325297,0.048459088834570174,0.061726337741031645,nan,nan
36,18,133457,backward,eps,km^2/s^2,3360,3360.0,0.0,-0.14881358169255104,0.05696799556457439,-0.2133633410335512,-0.04685722750056977,0.16650611353298145,-0.24181840798177956,-0.04391779137377705,0.1979006166080025,0.364509440480115,0.10471127114058164,0.10765070726737436,nan,nan
36,19,208654,backward,eps,km^2/s^2,3475,3475.0,0.0,-0.16348298391669058,0.0348765881485087,-0.2125804114783368,-0.10107223322308193,0.11150817825525489,-0.2230349468747932,-0.0445526154721928,0.1784823314026004,0.27518750786058077,0.05848328093048737,0.11359512511048331,nan,nan
36,20,35336,backward,eps,km^2/s^2,1480,1480.0,0.0,-0.8352546452142993,0.03050190056768176,-0.8640675057098567,-0.8120406586926843,0.05202684701717242,-1.020836128343177,-0.8067739194775032,0.21406220886567384,-4.191264754023008,0.03132948245730877,0.1880981050906292,nan,nan
36,21,15889,backward,eps,km^2/s^2,12009,12009.0,0.0,-0.8908769874277576,0.028625454119216416,-0.9464306011634044,-0.8548510297422829,0.0915795714211215,-0.9620982854500806,-0.8455281706683686,0.11657011478171198,-0.3857667698955782,0.052818886566146646,0.06848657085282284,nan,nan
36,22,100032,backward,eps,km^2/s^2,2907,2907.0,0.0,-0.9128627857527436,0.04038515309806189,-0.9595580205311431,-0.830988381027299,0.12856963950384415,-0.9716903857139396,-0.8065266032009923,0.16516378251294728,0.5114924185302638,0.07452487405755887,0.09898665188386557,nan,nan
36,23,154799,backward,eps,km^2/s^2,119,119.0,0.0,-0.18015387349125223,0.04748456048910699,-0.2506404753434187,-0.11051610268285617,0.14012437266056255,-0.25689406117484503,-0.043834796693581146,0.2130592644812639,0.2679450542020013,0.07454350175411625,0.13868322207656336,nan,nan
36,24,175498,backward,eps,km^2/s^2,2817,2817.0,0.0,-0.2497905691598532,0.010562165705643521,-0.25642651301088115,-0.22785668709301635,0.028569825917864805,-0.25726788764161435,-0.18468911335516458,0.07257877428644977,1.7714508466459178,0.017883107087203507,0.06105068082505527,nan,nan
36,25,120681,backward,eps,km^2/s^2,4030,4030.0,0.0,-0.1330894596198378,0.022863234920914507,-0.17488833824344993,-0.10985361354758309,0.06503472469586684,-0.18322909085835581,-0.04380722131250103,0.13942186954585478,-0.01068043429167016,0.05151837151083981,0.08045422421750448,nan,nan
36,26,119604,backward,eps,km^2/s^2,15567,15567.0,0.0,-0.15876841369797223,0.022826037974776583,-0.19822293684765283,-0.12594971819081435,0.07227321865683847,-0.207662361019049,-0.11861720493557071,0.0890451560834783,-0.1605949598695109,0.04266526507728167,0.05210468924867784,nan,nan
36,27,76930,backward,eps,km^2/s^2,4797,4797.0,0.0,-0.9906993898578029,0.012262423613556063,-1.0052693788989768,-0.9666183429246511,0.03865103597432573,-1.0086547271271056,-0.9620409644423636,0.04661376268474193,0.3615888698036948,0.03233167159065644,0.03690905007294387,nan,nan
36,28,159766,backward,eps,km^2/s^2,895,895.0,0.0,-0.176444032973878,0.04174837281866522,-0.2427760595794379,-0.11471370061511985,0.12806235896431806,-0.2582455182035083,-0.04390831562550124,0.21433720257800704,0.10586768266881877,0.07349857561468323,0.14430396060430184,nan,nan
36,29,77279,backward,eps,km^2/s^2,12289,12289.0,0.0,-0.940621384285434,0.01663636741356162,-0.9682290896629675,-0.9147861573107405,0.05344293235222697,-0.9857601319323316,-0.9032646973374825,0.08249543459484909,-0.03783869960579738,0.044262532133502265,0.05578399210676033,nan,nan
36,30,41861,backward,eps,km^2/s^2,6078,6078.0,0.0,-0.8848594419081474,0.022105266558899325,-0.9136124636630879,-0.8440603556185647,0.06955210804452316,-0.9195189788611466,-0.8366000185173516,0.08291896034379509,0.2746996515770638,0.04069325346307488,0.04815359056428803,nan,nan
36,31,173781,backward,eps,km^2/s^2,13960,13960.0,0.0,-0.2191384703962882,0.011995220061075703,-0.23316429534632685,-0.19322999314069353,0.03993430220563332,-0.24322543364234006,-0.17471297632550709,0.06851245731683298,0.7959391496567748,0.02972517367519003,0.04824219049037648,nan,nan
36,32,36840,backward,eps,km^2/s^2,78,78.0,0.0,-0.9206044359963452,0.04668793007328727,-0.9767766750870376,-0.8465604954794052,0.13021617960763243,-1.0098256453763166,-0.8292276190621979,0.1805980263141187,0.22698363314407888,0.07422212032850903,0.09142621896787151,nan,nan
36,33,36819,backward,eps,km^2/s^2,162,162.0,0.0,-0.8790195562937055,0.04769575555733733,-0.9659445585634134,-0.8270508361767694,0.138893722386644,-1.020754723273971,-0.8170902978840135,0.20366442538995755,-0.4771045178765717,0.07517719279323422,0.11984448919744306,nan,nan
36,34,14797,backward,eps,km^2/s^2,985,985.0,0.0,-0.8163567261788648,0.006452760672857468,-0.8254666681237044,-0.8086132214641448,0.016853446659559568,-0.8728654559422513,-0.806208472304013,0.06665698363823824,-2.825939831241816,0.009909139525747412,0.055583505616827344,nan,nan
36,35,203087,backward,eps,km^2/s^2,3262,3262.0,0.0,-0.20176674600266747,0.016152980615176983,-0.23200639117468133,-0.17639183679062245,0.05561455438405888,-0.2584258866957744,-0.12368804208487294,0.13473784461090144,-0.7264928712273235,0.037059590049154136,0.08040666360454041,nan,nan
36,0,94651,backward,e,-,24762,24762.0,0.0,0.76514864450281,0.05655290394407974,0.6446445529428695,0.8393713183048696,0.19472676536200006,0.5634116600032416,0.8598376401626954,0.29642598015945376,-0.8118814232847232,0.15793881208960137,0.23917170502922924,nan,nan
36,1,30556,backward,e,-,22,22.0,0.0,0.25080178644423157,0.11826911920063321,0.20316913781918286,0.5108813178028535,0.3077121799836706,0.1950360603659501,0.5687330050081139,0.37369694464216374,0.6569280041930683,0.2605961117082889,0.3184477989135492,nan,nan
36,2,21401,backward,e,-,997,997.0,0.0,0.23804066941694482,0.07338729807266266,0.22723966645444937,0.47502940484539696,0.2477897383909476,0.22088087435477594,0.548651718359921,0.32777084400514506,1.9032071985712877,0.23973394302657872,0.3133562565411028,nan,nan
36,3,49068,backward,e,-,4837,4837.0,0.0,0.5146467335355054,0.01899237290308235,0.47494595655868244,0.5344405453593595,0.05949458880067704,0.4351727305718936,0.5391917984091384,0.10401906783724485,-0.8567633578593199,0.047221986282763195,0.08699521226955204,nan,nan
36,4,164816,backward,e,-,2490,2490.0,0.0,0.4026751306550852,0.03629566708254615,0.3595930386048614,0.4728239768921798,0.1132309382873184,0.3566637372686819,0.5156353525338632,0.15897161526518128,0.4207157154701089,0.07341045733627125,0.11622183297795458,nan,nan
36,5,33028,backward,e,-,1492,1492.0,0.0,0.22575647074394106,0.04590180588187917,0.17305216903925183,0.3127224172132133,0.13967024817396148,0.16945223746756752,0.374835191266243,0.20538295379867547,0.48697513309731916,0.09390401934718821,0.15601679340021787,nan,nan
36,6,153596,backward,e,-,2200,2200.0,0.0,0.6049887257624533,0.08567509438819304,0.504108742300824,0.745539601785734,0.24143085948490994,0.4246648141608949,0.7501700804378386,0.3255052662769437,0.17286225373213607,0.1464789813461016,0.17456571711814722,nan,nan
36,7,149947,backward,e,-,3463,3463.0,0.0,0.44585125272313686,0.06914235422989927,0.3561422047808574,0.5581653318030149,0.20202312702215747,0.35333869863390605,0.6202551083088614,0.2669164096749554,0.19393789028930203,0.13918082333500373,0.20127059984085033,nan,nan
36,8,8686,backward,e,-,2980,2980.0,0.0,0.42559224729697614,0.0429930597121223,0.3495274856938692,0.4844381888737181,0.13491070317984888,0.2881415248747148,0.5004312289167241,0.2122897040420093,-0.22428139364186003,0.07570845458251362,0.13709441540166806,nan,nan
36,9,44096,backward,e,-,4016,4016.0,0.0,0.2980878565963375,0.04443661318219198,0.24592330904810034,0.38784840508124274,0.1419250960331424,0.17170226153904442,0.44229588556186106,0.2705936240228166,0.357366602305634,0.10341384953161009,0.15724784009374326,nan,nan
36,10,26334,backward,e,-,1424,1424.0,0.0,0.32191228843569375,0.06809875984457779,0.17534936848199445,0.4041996139157953,0.22885024543380084,0.1685914010438332,0.42763187478898884,0.25904047374515565,-0.6026718071149997,0.14332709892280557,0.15008506636096686,nan,nan
36,11,29633,backward,e,-,163,163.0,0.0,0.2422048844873889,0.09812808027982255,0.19617862459460514,0.5072395867490042,0.31106096215439905,0.17006358404121355,0.5726100256578895,0.40254644161667597,1.8143975585504244,0.272490546103516,0.3378609850124014,nan,nan
36,12,171756,backward,e,-,595,595.0,0.0,0.5368152326049789,0.11456705626904154,0.36138475738798026,0.7347113116826651,0.37332655429468486,0.35264176551903914,0.8954556794646302,0.5428139139455911,0.21498260194588573,0.20030231037773602,0.36104667815970115,nan,nan
36,13,149609,backward,e,-,26298,26298.0,0.0,0.4668393702993868,0.07435057922712365,0.3922037655154741,0.6234333758415872,0.2312296103261131,0.37974814173539173,0.6973409409567167,0.317592799221325,0.6230315063311588,0.16738962618934813,0.24129719130447763,nan,nan
36,14,37064,backward,e,-,1440,1440.0,0.0,0.40608545064093315,0.07950925919742227,0.26930345747654894,0.5083436980574424,0.23904024058089346,0.21103584373457032,0.5728973064372875,0.36186146270271724,-0.2713348971408343,0.14608389652541276,0.1975386248464807,nan,nan
36,15,56810,backward,e,-,7021,7021.0,0.0,0.33496414826009857,0.04352203662150592,0.2595208662979823,0.3990520752888279,0.1395312089908456,0.24170950630493326,0.4514569888620769,0.20974748255714365,-0.13561812237751672,0.08992165593327123,0.10762686107213276,nan,nan
36,16,45392,backward,e,-,1388,1388.0,0.0,0.478836557432774,0.03668878480444838,0.40381626540219867,0.5133943664314338,0.1095781010292351,0.2884730137980067,0.5728380058839121,0.2843649920859054,-0.5913788837231542,0.0794547544465811,0.1944744672214893,nan,nan
36,17,170313,backward,e,-,20200,20200.0,0.0,0.6119710972886552,0.05761268687115333,0.5247704887656347,0.7106214863238581,0.18585099755822343,0.5055190939696781,0.7425083036760617,0.2369892097063836,0.12195376996143176,0.11840283360878194,0.15028965096098545,nan,nan
36,18,133457,backward,e,-,3360,3360.0,0.0,0.6429823331319237,0.13925967128463024,0.48092001280909613,0.8883471150135654,0.4074271022044693,0.4030483832654117,0.8953605839444655,0.4923122006790538,0.33644646427702674,0.25195965669864534,0.25897312562954544,nan,nan
36,19,208654,backward,e,-,3475,3475.0,0.0,0.6076005364962784,0.08613439070234565,0.48263467855741315,0.7590198111407466,0.2763851325833334,0.4542800631742791,0.8938551550362668,0.4395750918619877,0.23219470337777548,0.14727464086956757,0.27298380286146207,nan,nan
36,20,35336,backward,e,-,1480,1480.0,0.0,0.2525683895540093,0.05810385187966499,0.1880388925107118,0.3177577518304475,0.12971885931973573,0.17000004480164355,0.5729713754320799,0.40297133063043633,3.4879156951442827,0.07635605155422635,0.3265749461835469,nan,nan
36,21,15889,backward,e,-,12009,12009.0,0.0,0.36903416311321446,0.052259787929831325,0.2967558243399063,0.4641177814029626,0.1673619570630563,0.2759808255270147,0.4886047653412886,0.2126239398142739,0.24184835701711227,0.09186421592256272,0.11451558132695816,nan,nan
36,22,100032,backward,e,-,2907,2907.0,0.0,0.4092145491696885,0.07643946340862767,0.24239336309912574,0.4850592354795631,0.24266587238043735,0.16921621043999194,0.5033967835729937,0.33418057313300176,-0.8065934814656505,0.15423966945335751,0.22741682211249145,nan,nan
36,23,154799,backward,e,-,119,119.0,0.0,0.5655670917595074,0.11905121310820464,0.37819883601528836,0.7359103191134807,0.35771148309819234,0.360276219593914,0.8955575813930169,0.5352813617991029,0.17617131549243162,0.19809629812652246,0.33592490400350805,nan,nan
36,24,175498,backward,e,-,2817,2817.0,0.0,0.3811601977955376,0.029411350760265815,0.36199054269389686,0.44312803587969163,0.08113749318579477,0.359487215227587,0.5550590694566417,0.19557185422905476,1.6746687792131378,0.05095938914573226,0.1628904227226824,nan,nan
36,25,120681,backward,e,-,4030,4030.0,0.0,0.6814471428626543,0.0556985428254244,0.5787688983550446,0.7376001277159097,0.15883122936086502,0.5578856971294038,0.8956261106421681,0.3377404135127643,-0.03579222350781447,0.12608959009195905,0.1927502093216421,nan,nan
36,26,119604,backward,e,-,15567,15567.0,0.0,0.6185428877340845,0.05650452332349515,0.5196491514960847,0.6987106947317114,0.17906154323562673,0.4954111246894626,0.7164402452571084,0.2210291205676458,-0.18373983472941005,0.10683166926489647,0.13106969607151864,nan,nan
36,27,76930,backward,e,-,4797,4797.0,0.0,0.5310300812604193,0.017773500274367943,0.495559477723592,0.5516247788791696,0.05606530115557762,0.48828440468421264,0.5563450703171937,0.06806066563298108,-0.3963654125081061,0.04727949371426986,0.054554566753649225,nan,nan
36,28,159766,backward,e,-,895,895.0,0.0,0.574923909724604,0.104941806763327,0.4003827978721222,0.7258782324093734,0.3254954345372512,0.35649667926110623,0.8953803856012519,0.5388837063401457,0.022309091496340076,0.18147209258025265,0.35009330849561626,nan,nan
36,29,77279,backward,e,-,12289,12289.0,0.0,0.4552993946190876,0.026677945019750775,0.4124961915466673,0.4981366242201309,0.0856404326734636,0.392465659703418,0.5235637949059072,0.1310981352024892,-0.026525565063216277,0.07171492984186448,0.09174546168511377,nan,nan
36,30,41861,backward,e,-,6078,6078.0,0.0,0.3582822960175681,0.04343379915987456,0.272988477098438,0.4102606973120105,0.1372722202135725,0.25510700329387204,0.4202723380253809,0.16516533473150885,-0.4001705415033479,0.08511189383955553,0.10299336764412154,nan,nan
36,31,173781,backward,e,-,13960,13960.0,0.0,0.4655093016860727,0.03131768048938068,0.42780370905817533,0.5322286590670662,0.10442495000889085,0.3990679858608867,0.5789026716100169,0.17983468574913014,0.7450550396230756,0.07714944156905976,0.1238234541120104,nan,nan
36,32,36840,backward,e,-,78,78.0,0.0,0.4223360274439191,0.08249900810379637,0.27825765112163153,0.5108756422479449,0.23261799112631337,0.23668289670937526,0.558030894240901,0.32134799753152576,-0.4029607679068713,0.14026269715869408,0.18161901078045023,nan,nan
36,33,36819,backward,e,-,162,162.0,0.0,0.3471414851517788,0.08982781204921517,0.23085997273090494,0.49477347101002783,0.2639134982791229,0.20354616221157962,0.5728758045889726,0.36932964237739296,0.2110109820058233,0.1603619502255286,0.18510897389574404,nan,nan
36,34,14797,backward,e,-,985,985.0,0.0,0.2011139769118933,0.0180868341934532,0.17611942535201613,0.22694192432526042,0.050822498973244284,0.16819393098549065,0.3356287979580305,0.16743486697253987,1.8059957586929942,0.03102260984751961,0.1317534027608603,nan,nan
36,35,203087,backward,e,-,3262,3262.0,0.0,0.5109379867163812,0.04223708341470744,0.4300129330312672,0.5748531633039137,0.14484023027264648,0.35604827303698017,0.7046917262443643,0.3486434532073841,-0.9150871441103887,0.09561608816435987,0.1994326171405476,nan,nan
36,0,94651,backward,w,deg,24762,24762.0,0.0,-1.4250877886956062,4.974880033639727,-5.84266964782648,10.541308553310847,16.383978201137328,-6.8489133070413,14.103149746541732,20.952063053583032,0.9472145312083693,11.917649998075268,15.479491191306153,20.129329097379074,0.9962376257150964
36,1,30556,backward,w,deg,22,22.0,0.0,3.0175128954368517,8.269515287248929,-11.542138567198581,12.261460231487046,23.803598798685627,-15.340223302535634,13.71769956071671,29.057922863252344,-0.3618630642692748,16.76894929524227,20.567034030579322,204.04528397500698,0.9896186599129775
36,2,21401,backward,w,deg,997,997.0,0.0,0.04353854388182299,6.4198759564243435,-12.548435864229901,10.40593834719138,22.954374211421282,-35.456989102747656,12.506332470541196,47.96332157328885,-0.38151055591354177,12.39522116414207,33.726142878565554,207.19151873518936,0.9937497845762999
36,3,49068,backward,w,deg,4837,4837.0,0.0,-1.573393979961196,5.67718569912385,-6.599184650487632,12.143994409645693,18.743179060133325,-7.626779452412677,20.00699328372133,27.633772736134006,1.149959541386901,14.797659459514612,22.66065833359025,191.58241893578915,0.9951064004453587
36,4,164816,backward,w,deg,2490,2490.0,0.0,1.0562500376780832,6.672071782551993,-10.678137466327033,7.722467794994811,18.400605261321843,-12.799711354406469,8.110636506314478,20.910347860720947,-0.30245230953854196,17.841494714141252,19.963068602220687,28.246673030681013,0.9932317796054708
36,5,33028,backward,w,deg,1492,1492.0,0.0,8.66084034191941,16.108841553478612,-31.796968125578953,13.475309225791658,45.27227735137061,-33.459518138305725,13.815208359352681,47.274726497658406,-0.9060690170188835,41.77596276845506,43.43851278118183,205.00531973340838,0.9610669388225368
36,6,153596,backward,w,deg,2200,2200.0,0.0,-0.26898086285812894,2.9657359330537894,-3.74160153209384,6.794919382699739,10.536520914793579,-6.261277234553404,12.900015364465247,19.16129259901865,1.6929187090673976,6.594593090066255,12.450261962164205,23.567261026949655,0.9986625986237677
36,7,149947,backward,w,deg,3463,3463.0,0.0,1.5998199965190736,4.203871507729882,-10.472040721607296,2.939560888166065,13.411601609773362,-19.36491210252788,3.123728216931852,22.488640319459734,-2.144979919245208,13.188819840222962,22.081691221143558,33.81543962068609,0.9973167916372472
36,8,8686,backward,w,deg,2980,2980.0,0.0,-0.3171454406088543,2.8922506846844316,-2.3050709422068194,1.5628651942527938,3.867936136459613,-2.763010229741326,28.857898305827547,31.620908535568873,5.36082463817999,2.3289543634137715,29.623987474988525,182.88846930098316,0.9987369391949039
36,9,44096,backward,w,deg,4016,4016.0,0.0,1.8087936481853575,6.592024034415355,-11.299168024166939,7.862192657576003,19.16136068174294,-38.662472177090905,9.470587952039551,48.133060129130456,-2.1156356268694454,13.377012034746237,40.7403161876702,210.22535999002847,0.9934620840095759
36,10,26334,backward,w,deg,1424,1424.0,0.0,-1.0085922110758645,9.962407397027654,-19.803457225192833,20.282376939185742,40.085834164378575,-27.75462881565366,21.02158386897159,48.77621268462525,0.08126232335676976,20.853627190980948,27.92153227894815,199.2070344676526,0.9850485333714063
36,11,29633,backward,w,deg,163,163.0,0.0,2.3385015605680053,9.111074740483716,-19.868547455891534,11.464446634260472,31.332994090152006,-32.665451855809124,12.483503979481128,45.14895583529025,-1.6904477862782856,23.098178458089713,35.8950828580073,207.4561287174965,0.9875249082352986
36,12,171756,backward,w,deg,595,595.0,0.0,-1.3650815499801467,5.968035549737761,-8.209674975109843,9.961708110651028,18.171383085760873,-15.307736946867351,10.672005521517349,25.9797424683847,0.24542735814736005,11.447077559622132,14.0282571820143,26.38948569621673,0.9945877073093836
36,13,149609,backward,w,deg,26298,26298.0,0.0,1.775997630806856,5.379658897769029,-9.770439498993927,6.181640367037967,15.952079866031895,-14.254980847083175,8.971254605879494,23.22623545296267,-0.5847353498914664,16.202508145390784,20.687049493480032,27.37960396634073,0.9955989454269724
36,14,37064,backward,w,deg,1440,1440.0,0.0,-0.034731424662510335,8.318357738033498,-20.660366512442458,15.512730387601604,36.17309690004406,-25.767168143588663,22.98033896165748,48.74750710524614,-0.42738181559206345,22.440838774544623,24.943428739426906,197.26672950860512,0.9895688403285645
36,15,56810,backward,w,deg,7021,7021.0,0.0,0.20991620931195598,3.487769456723498,-4.869779287633435,4.045403547399587,8.915182835033022,-35.62790685383342,10.722132264952023,46.350039118785446,-4.450023911775973,7.625086079848671,38.319171363342974,207.23712830091452,0.9981720893481197
36,16,45392,backward,w,deg,1388,1388.0,0.0,-2.250203821530164,5.678550097901856,-4.141120841576611,13.254608462682793,17.395729304259405,-20.992881756384406,24.43907815921284,45.43195991559725,1.5260597531842577,17.149206673987855,28.310289987745676,195.25357217297898,0.9951119808457947
36,17,170313,backward,w,deg,20200,20200.0,0.0,-0.05004300587074795,2.613655948625159,-3.9365407614359653,3.4230509721931552,7.35959173362912,-6.033200724864969,13.773924419911936,19.807125144776904,1.3019443522589833,5.697607584853853,12.307559811736468,20.560406870770606,0.9989611256425739
36,18,133457,backward,w,deg,3360,3360.0,0.0,1.8139965082757783,5.946387211280128,-11.166496843490346,7.057369322268683,18.22386616575903,-11.516557786500016,14.931471481733553,26.44802926823357,-0.6683650838882887,13.54487114435839,13.894932087368034,22.13166448780684,0.9946271858050645
36,19,208654,backward,w,deg,3475,3475.0,0.0,-3.503552505474289,6.992126117146353,-7.109524738547686,15.29449091042585,22.404015648973534,-8.08227367369804,17.35587825098375,25.43815192468179,0.9079972468132554,20.01239480651291,22.07378214707083,18.718742932224746,0.9925778911383301
36,20,35336,backward,w,deg,1480,1480.0,0.0,0.8075003615174268,6.663873819282845,-13.727028321657883,8.014988518417143,21.742016840075024,-35.43787678306734,9.142410467445558,44.580287250512896,-2.3706260053365815,15.116205217575322,36.82705367898478,211.2122314531267,0.9933193244811005
36,21,15889,backward,w,deg,12009,12009.0,0.0,-0.37963676289268733,3.4962266885366184,-5.203920729441347,6.105257168144732,11.309177897586078,-6.339737441892737,7.793111439348763,14.1328488812415,0.2553349916248376,6.436066848214551,8.123921119418583,189.95935590899776,0.9981394537177564
36,22,100032,backward,w,deg,2907,2907.0,0.0,2.2401649600266182,9.651440628833132,-16.36577022256946,12.589507398090236,28.955277620659693,-21.991317390253784,13.013113893925606,35.00443128417939,-0.398064635704502,24.56700840986587,30.192555577550195,207.03817994194435,0.9858719219947963
36,23,154799,backward,w,deg,119,119.0,0.0,0.033701934537418765,4.443128313611123,-7.008201301512739,8.79748260863717,15.80568391014991,-14.156901684665769,11.2102770453225,25.367178729988268,-0.13673029555235566,9.50128587184728,15.360939397790446,24.980113726497752,0.9970007748570825
36,24,175498,backward,w,deg,2817,2817.0,0.0,1.2333116416045016,5.632514381803125,-10.42173955761989,6.593320118376084,17.015059675995975,-14.180239469634785,6.844878109939685,21.02511757957447,-0.5786484827042787,15.591236282706426,19.349736194721316,28.749358104376885,0.9951763302697062
36,25,120681,backward,w,deg,4030,4030.0,0.0,-0.3002767563695272,2.734848024841869,-2.013291266647221,5.077181919199871,7.090473185847092,-13.28236113879467,8.723489662890728,22.005850801685398,-1.0393465237910955,7.822431312961241,11.632336462687249,23.870032952654476,0.9988632482777615
36,26,119604,backward,w,deg,15567,15567.0,0.0,0.13106207123152558,1.7890865464518955,-2.9755108728398114,2.534436049016804,5.509946921856615,-13.930596848549499,7.856068545616068,21.786665394165567,0.04418760205840006,3.104160494748959,13.485350510437428,27.34067216594444,0.9995126628257025
36,27,76930,backward,w,deg,4797,4797.0,0.0,-0.6378349685194848,6.720487416604485,-9.136008800082106,11.901420329175442,21.037429129257546,-10.711913102806164,14.579604562896776,25.29151766570294,0.33328897510264344,11.217303965783508,13.377853762121276,191.43135556312754,0.9931366141591068
36,28,159766,backward,w,deg,895,895.0,0.0,-0.19251437372483338,4.337094445134003,-6.599779819005863,9.970484798886773,16.570264617892636,-14.390143835680277,11.92677014223176,26.316913977912037,0.17421711927603886,9.586572681616245,15.679319240952196,25.029402470720015,0.997142046664505
36,29,77279,backward,w,deg,12289,12289.0,0.0,-0.24945974849143226,4.747811092270647,-6.950715205695781,8.15217182836283,15.102887034058611,-26.91591520606292,13.597223947938403,40.51313915400132,0.26058930201110325,9.953137257624686,25.138072480401462,200.96181437746435,0.9965722873123682
36,30,41861,backward,w,deg,6078,6078.0,0.0,0.23363586874101827,2.250146372139959,-4.246951059338568,3.2342713786182755,7.481222437956843,-8.06242415323257,3.9946494196253184,12.057073572857888,-0.5266809043296279,4.960217177054698,8.7756902709487,201.66988451944417,0.9992291091178954
36,31,173781,backward,w,deg,13960,13960.0,0.0,0.5887575965562633,2.922848835393668,-5.768645832426944,3.408438049347697,9.17708388177464,-14.01022922115041,8.149335890562469,22.15956511171288,-0.7181425701661761,7.34020062450345,15.581784013226923,28.194697828632254,0.9986997804977473
36,32,36840,backward,w,deg,78,78.0,0.0,0.09085194142275554,7.638837858634304,-7.399510986788549,13.336835617722098,20.736346604510647,-24.94161170578451,19.82218573734491,44.76379744312942,-0.8457084240484691,20.406652733480854,22.609834031667873,196.64424190446977,0.9911967186864287
36,33,36819,backward,w,deg,162,162.0,0.0,-0.5051234776229876,10.087512657244883,-24.87803917542071,16.921724450720337,41.79976362614104,-28.059809325916802,19.268332637482672,47.328141963399474,-0.6499742825525748,22.52155684667151,25.703326997167608,199.5565573729853,0.9846661157700581
36,34,14797,backward,w,deg,985,985.0,0.0,2.6640926149113113,8.616471283656178,-18.248958788219703,12.23000356961159,30.478962357831293,-28.89540360219189,17.608175146005806,46.5035787481977,-0.9887105398194084,20.925994738597225,31.57243955256942,201.60059470279586,0.9887772202291669
36,35,203087,backward,w,deg,3262,3262.0,0.0,0.10151740640371543,4.645830522488205,-6.979233431032031,10.380052313079343,17.359285744111375,-13.268737527237704,11.594605516046215,24.86334304328392,0.616350075247095,14.634846587746777,15.849399790713676,25.185711919712634,0.9967195811132035
36,0,94651,forward,eps,km^2/s^2,24762,24762.0,0.0,-0.1550460085916292,0.03122309272875761,-0.1963361807308062,-0.0992257857875493,0.09711039494325689,-0.20771718255735483,-0.09048652349403596,0.11723065906331886,0.24242567998674916,0.05283607445046748,0.06419802324807644,nan,nan
36,1,30556,forward,eps,km^2/s^2,22,22.0,0.0,-0.24285820973743572,0.36559065128253,-0.9751307280931807,-0.06935693810828789,0.9057737899848928,-1.020440955040417,-0.05015293496594231,0.9702880200744747,-0.37370265515447326,0.7661028678998698,0.8114130948471061,nan,nan
36,2,21401,forward,eps,km^2/s^2,997,997.0,0.0,-0.8284763820504596,0.031141487814315312,-0.9054274317610465,-0.8126387391931071,0.09278869256793931,-1.0201739466041788,-0.8066806263009065,0.21349332030327228,-2.3825247206799705,0.07891795069053181,0.19366446553366434,nan,nan
36,3,49068,forward,eps,km^2/s^2,4837,4837.0,0.0,-0.9561452878994219,0.02649547506430825,-0.9856773079948123,-0.9055337972102661,0.08014351078454629,-0.9895364381834701,-0.8934464324712942,0.09609000571217596,0.3826132854609396,0.04702570413076275,0.059113068869734664,nan,nan
36,4,164816,forward,eps,km^2/s^2,2490,2490.0,0.0,-0.8419509892147359,0.047237050415452876,-0.9701896419285633,-0.811772995219169,0.15841664670939426,-1.0208111579248749,-0.8070918060031312,0.21371935192174363,-1.4054846719120262,0.08986523766839825,0.14048675366470986,nan,nan
36,5,33028,forward,eps,km^2/s^2,1492,1492.0,0.0,-0.24627152504211097,0.07313506813517907,-0.25657015781778014,-0.21411667335141701,0.04245348446636313,-0.980671682301569,-0.13507906878736053,0.8455926135142084,-9.339488376094472,0.03334994864886671,0.7384136813241222,nan,nan
36,6,153596,forward,eps,km^2/s^2,2200,2200.0,0.0,-0.2357354347198964,0.02054802751632085,-0.25845683904688227,-0.19733643977475934,0.06112039927212293,-0.25930099629598635,-0.18083127953353884,0.07846971676244752,0.38455721356335754,0.042309595720171345,0.05881475596139185,nan,nan
36,7,149947,forward,eps,km^2/s^2,3463,3463.0,0.0,-0.16650566229370367,0.05006002712977163,-0.20450909326600406,-0.1065108651397831,0.09799822812622096,-0.8269552673886098,-0.10407870452841517,0.7228765628601946,-6.4832048765457895,0.06048303451088002,0.6604496050949061,nan,nan
36,8,8686,forward,eps,km^2/s^2,2980,2980.0,0.0,-0.8808496631831284,0.01643776756875796,-0.8996555438415175,-0.8611061618330317,0.03854938200848579,-0.979942286512975,-0.854697651065499,0.125244635447476,-2.066862988357452,0.022757711726850736,0.10304445439830823,nan,nan
36,9,44096,forward,eps,km^2/s^2,4016,4016.0,0.0,-0.19665512216256276,0.04594311112651014,-0.22549387176487967,-0.12580271417361155,0.09969115759126812,-0.8483447052761657,-0.06639890080672017,0.7819458044694455,-7.812899186252717,0.06533286657593013,0.6587090075092432,nan,nan
36,10,26334,forward,eps,km^2/s^2,1424,1424.0,0.0,-0.9063986091632117,0.04887429651090334,-0.9775033919354013,-0.8200262510759679,0.15747714085943332,-1.0206562915180895,-0.8063625597697947,0.2142937317482948,0.13740858390013974,0.11771363374772201,0.13137732505389532,nan,nan
36,11,29633,forward,eps,km^2/s^2,163,163.0,0.0,-0.1826566286983905,0.14388395446060803,-0.2583238912869573,-0.10034167353941392,0.1579822177475434,-0.9500665357404836,-0.04492689432768027,0.9051396414128033,-4.147755215986749,0.13169864127415387,0.7720149253296852,nan,nan
36,12,171756,forward,eps,km^2/s^2,595,595.0,0.0,-0.8574761344778813,0.05288218882398767,-0.9746885965054155,-0.8178153238227032,0.15687327268271234,-1.0205829238249695,-0.8067458812098439,0.2138370426151256,-0.7761344906034324,0.10619534777004139,0.15208967508959537,nan,nan
36,13,149609,forward,eps,km^2/s^2,26298,26298.0,0.0,-0.8705733256140776,0.02378702759875945,-0.9217903466989528,-0.8415094238392847,0.08028092285966804,-0.9715083996257589,-0.8087495535208197,0.16275884610493918,-0.7814860020004323,0.08353982681829465,0.13325787974510073,nan,nan
36,14,37064,forward,eps,km^2/s^2,1440,1440.0,0.0,-0.19341824246118106,0.22675940749655432,-0.8791396948374516,-0.11585071588558891,0.7632889789518627,-0.9997486343995929,-0.04453695843987415,0.9552116759597188,-2.319530909038499,0.6825523933961366,0.803161332958278,nan,nan
36,15,56810,forward,eps,km^2/s^2,7021,7021.0,0.0,-0.23570517070236907,0.008245564077645833,-0.2482329951693455,-0.2213078394124478,0.02692515575689769,-0.2579895405119418,-0.21094531764733926,0.047044222864602525,0.105045281776538,0.018049581113602442,0.02818995464908869,nan,nan
36,16,45392,forward,eps,km^2/s^2,1388,1388.0,0.0,-0.9040113890638681,0.048362051583623646,-0.9760011560519681,-0.8126102048227859,0.16339095122918224,-1.0203849539144754,-0.8064880705613207,0.2138968833531547,0.17987881702042183,0.10087011975395488,0.10715824158825416,nan,nan
36,17,170313,forward,eps,km^2/s^2,20200,20200.0,0.0,-0.09574267919233598,0.027392607217001028,-0.15404196818234947,-0.06671064433269983,0.08733132384964964,-0.19589732550508676,-0.05885393284037144,0.13704339266471532,-0.8990328525348524,0.0762862326450415,0.11814158996777879,nan,nan
36,18,133457,forward,eps,km^2/s^2,3360,3360.0,0.0,-0.8719237104779736,0.053444178952268134,-0.9737418480101814,-0.8103857499869561,0.16335609802322526,-1.0195465359042162,-0.8067544423545633,0.2127920935496529,-0.3905913724595756,0.08866255164865502,0.12084238223595023,nan,nan
36,19,208654,forward,eps,km^2/s^2,3475,3475.0,0.0,-0.8433009131723173,0.028308586671850898,-0.9180927094872593,-0.8245404392445952,0.0935522702426641,-1.020820045950525,-0.8081579121131915,0.21266213383733346,-2.2468102823318663,0.07435194263109679,0.1770792790943625,nan,nan
36,20,35336,forward,eps,km^2/s^2,1480,1480.0,0.0,-0.10451897203962546,0.11365332333492446,-0.21619765871574614,-0.046394881664191964,0.16980277705155417,-0.8929770889638025,-0.043981079635574294,0.8489960093282282,-5.189280467110519,0.12174209311043864,0.798521523358495,nan,nan
36,21,15889,forward,eps,km^2/s^2,12009,12009.0,0.0,-0.9648665302134715,0.03298127249702342,-1.0022430780117184,-0.9020319541123349,0.10021112389938347,-1.0085644016778017,-0.8911740447928009,0.11739035688500077,0.36865308870090835,0.05453313403636977,0.06539104335590373,nan,nan
36,22,100032,forward,eps,km^2/s^2,2907,2907.0,0.0,-0.9110054575291521,0.039554953286980554,-0.976974086468468,-0.8478191761938169,0.1291549102746511,-0.9819994090634598,-0.8085486977147093,0.17345071134875056,0.02998143521948406,0.07164447591726045,0.110914954396368,nan,nan
36,23,154799,forward,eps,km^2/s^2,119,119.0,0.0,-0.2122682203705939,0.3326477163993433,-0.9595375800994861,-0.11557100701630235,0.8439665730831838,-0.9769988255449953,-0.046719852405381124,0.9302789731396142,-0.692641359148149,0.7472610534980867,0.7647222989435959,nan,nan
36,24,175498,forward,eps,km^2/s^2,2817,2817.0,0.0,-0.8256300190341046,0.021198418736117497,-0.8603858790591007,-0.8077745273975341,0.05261135166156661,-0.9841565378209203,-0.8071892914486543,0.17696724637226602,-2.3464524812607612,0.05092800714305028,0.17469866590486982,nan,nan
36,25,120681,forward,eps,km^2/s^2,4030,4030.0,0.0,-0.16894091600741779,0.07945736688542047,-0.21081293745070964,-0.11326121973226483,0.09755171771844481,-0.8469894841534737,-0.06269689419354152,0.7842925899599322,-6.557400189817049,0.06336359743077126,0.6709784609999999,nan,nan
36,26,119604,forward,eps,km^2/s^2,15567,15567.0,0.0,-0.9430115048371573,0.022993341038726328,-0.9697017177555666,-0.8971434553649487,0.07255826239061791,-0.9750473144925218,-0.8510394547458431,0.12400785974667872,0.4701828123073475,0.03906369714914584,0.08302791284699307,nan,nan
36,27,76930,forward,eps,km^2/s^2,4797,4797.0,0.0,-0.8779848254737488,0.024816956355063573,-0.9287926651737746,-0.8501526975378819,0.07863996763589265,-0.971391766789463,-0.8124351423138624,0.15895662447560066,-0.7207811207787741,0.044086738570645365,0.08255921305721448,nan,nan
36,28,159766,forward,eps,km^2/s^2,895,895.0,0.0,-0.18883698019699258,0.0485254173102733,-0.2557993171558904,-0.11444951095411253,0.14134980620177784,-0.25836749841118056,-0.04380055913553149,0.21456693927564907,0.37380543857617404,0.09201964283274063,0.16266859465132166,nan,nan
36,29,77279,forward,eps,km^2/s^2,12289,12289.0,0.0,-0.19702388085053957,0.044947879429334474,-0.2279330608511954,-0.12782125766041533,0.10011180319078009,-0.8353886169974348,-0.11826032251542584,0.717128294482009,-5.894462910703391,0.07009191994772801,0.6378172925413629,nan,nan
36,30,41861,forward,eps,km^2/s^2,6078,6078.0,0.0,-0.17698109275382934,0.08278987708513237,-0.21620156411329644,-0.14313279291833955,0.07306877119495689,-0.8364723675436735,-0.13519446193763418,0.7012779056060393,-6.951704705734428,0.04412518552090489,0.6643959889512819,nan,nan
36,31,173781,forward,eps,km^2/s^2,13960,13960.0,0.0,-0.923010918159745,0.019803903524555435,-0.9520647875820687,-0.8910839655281859,0.06098082205388278,-1.0105042189071916,-0.8503133897439553,0.16019082916323624,0.045195026145760736,0.03358259513371474,0.0913398728413215,nan,nan
36,32,36840,forward,eps,km^2/s^2,78,78.0,0.0,-0.17666929419866512,0.16107458063377156,-0.33761021116980905,-0.11536853551847279,0.22224167565133626,-0.9518381539462294,-0.060086332099685946,0.8917518218465434,-3.8175148508448387,0.2160655957750916,0.7461660617257433,nan,nan
36,33,36819,forward,eps,km^2/s^2,162,162.0,0.0,-0.8937942907544771,0.14492068209522913,-0.9762434999374007,-0.8168779545166264,0.1593655454207743,-1.0194952570673936,-0.22186741275669564,0.797627844310698,3.3086880723310643,0.18350393557536646,0.6092579027858908,nan,nan
36,34,14797,forward,eps,km^2/s^2,985,985.0,0.0,-0.8209782975834068,0.18652107922047861,-0.8809112525193715,-0.20432674525823075,0.6765845072611407,-0.9840399596112792,-0.04389160369217371,0.9401483559191055,2.980729446959784,0.6157050805738536,0.7761402221399106,nan,nan
36,35,203087,forward,eps,km^2/s^2,3262,3262.0,0.0,-0.16893666640404142,0.08526870418155955,-0.21182542143250285,-0.11042248213398993,0.10140293929851292,-1.0195542132081998,-0.0500836435186548,0.969470569689545,-7.063829449503143,0.0646951491946035,0.8453049395214016,nan,nan
36,0,94651,forward,e,-,24762,24762.0,0.0,0.6280911249288582,0.0764971511452591,0.5249876583184834,0.763172759776761,0.23818510145827765,0.4945975559633394,0.7841382419656238,0.2895406860022844,0.2179491160057943,0.13122405113974112,0.16161415349488512,nan,nan
36,1,30556,forward,e,-,22,22.0,0.0,0.4783307556153082,0.16773058184107537,0.25397569469705883,0.8347477956627875,0.5807721009657286,0.24735772442992304,0.8805307353897781,0.633173010959855,0.7846394711338818,0.34347549140287115,0.38843045860723185,nan,nan
36,2,21401,forward,e,-,997,997.0,0.0,0.23498565701897692,0.06526429559447838,0.18930260267629595,0.3957836298240227,0.20648102714772676,0.16972585532011825,0.5721043294030014,0.40237847408288313,1.8359198757826711,0.16581043536451281,0.3421311349434915,nan,nan
36,3,49068,forward,e,-,4837,4837.0,0.0,0.47951507377919944,0.04221388477469184,0.3957330106697318,0.5238395791535931,0.12810656848386132,0.3738368212161587,0.5294155266261129,0.15557870540995422,-0.4582413843444016,0.07812247775899497,0.10001866721256814,nan,nan
36,4,164816,forward,e,-,2490,2490.0,0.0,0.2681016816929064,0.09205794565722,0.18528264377497816,0.5010042288205943,0.3157215850456161,0.17108557576733655,0.5729437428642237,0.40185816709688715,1.0288261702316632,0.17185298323431555,0.22347788831973053,nan,nan
36,5,33028,forward,e,-,1492,1492.0,0.0,0.39230804094183624,0.046730530213141094,0.3617574023790491,0.4932600457214599,0.13150264334241085,0.35907069968116695,0.6771546293749113,0.3180839296937444,2.1956581054015136,0.08982664999339071,0.27372123364684214,nan,nan
36,6,153596,forward,e,-,2200,2200.0,0.0,0.4197859043466321,0.0556476131681218,0.3559623488607874,0.5214013554399549,0.1654390065791675,0.3534727015855489,0.5633284052797051,0.20985570369415618,0.3378347244789111,0.11241544628116468,0.15434249612091483,nan,nan
36,7,149947,forward,e,-,3463,3463.0,0.0,0.5996629366045887,0.08974248286068359,0.5040218951994587,0.745624121956671,0.24160222675721232,0.2062286491345052,0.7514951973571784,0.5452665482226732,-0.07057388391915176,0.14719445203569803,0.39343428747008347,nan,nan
36,8,8686,forward,e,-,2980,2980.0,0.0,0.3496817315302656,0.030304250479301974,0.3099467214323015,0.3849353402527902,0.07498861882048868,0.2961950763715573,0.5154629321271346,0.21926785575557728,1.6929906082506312,0.04358878443884012,0.1733522695909509,nan,nan
36,9,44096,forward,e,-,4016,4016.0,0.0,0.5243765321357077,0.07600317635591132,0.44873471001445187,0.6994618635888491,0.25072715357439723,0.16987312589813894,0.8418395035620365,0.6719663776638976,0.7989129873319667,0.16126478302968023,0.3726590091016343,nan,nan
36,10,26334,forward,e,-,1424,1424.0,0.0,0.3975605886480742,0.09116029427332364,0.20938285961008465,0.5119506650053702,0.3025678053952856,0.16857236846964585,0.572716237374,0.40414386890435416,-0.4688656218470457,0.24099024535400873,0.28180073649444765,nan,nan
36,11,29633,forward,e,-,163,163.0,0.0,0.5601699735549482,0.12545272459628187,0.3586723451154635,0.7607464908034315,0.402074145687968,0.231313022616615,0.892947970469117,0.661634947852502,0.23505031824724,0.22674042060390842,0.3396017365252253,nan,nan
36,12,171756,forward,e,-,595,595.0,0.0,0.3028948150694927,0.10216908509333225,0.20563640137216854,0.507779729143428,0.3021433277712594,0.17006665311222163,0.572619520313711,0.40255286720148936,0.5383801195947838,0.1809581527683203,0.24579794393860338,nan,nan
36,13,149609,forward,e,-,26298,26298.0,0.0,0.330553180084597,0.046475624861375325,0.26708986268244866,0.42438810492542106,0.1572982422429724,0.175969075502094,0.5031026509987027,0.32713357549660865,0.5016775998472938,0.1651718333303253,0.2438863794036069,nan,nan
36,14,37064,forward,e,-,1440,1440.0,0.0,0.5325468555184902,0.12903068552531033,0.3301094609174695,0.723123829875623,0.39301436895815345,0.20636159197904336,0.8938855077288688,0.6875239157498254,0.023599411837270472,0.25028775772525197,0.3698826016969212,nan,nan
36,15,56810,forward,e,-,7021,7021.0,0.0,0.42087111916283243,0.022651504506148442,0.38577631947695007,0.4596006472928861,0.07382432781593601,0.35737832241848155,0.48795594154789335,0.1305776191294118,0.054593071569497706,0.04865203581762856,0.07625076913792522,nan,nan
36,16,45392,forward,e,-,1388,1388.0,0.0,0.3932516194048019,0.09192658275159643,0.18814983136204602,0.5097233037855367,0.32157347242349066,0.1690549787012258,0.5723421520948844,0.4032871733936586,-0.5366567168195849,0.22125792125692,0.24035277391774032,nan,nan
36,17,170313,forward,e,-,20200,20200.0,0.0,0.7715700420546533,0.06624548343780945,0.6300014389042744,0.8410081624008632,0.21100672349658878,0.5250959763492817,0.8597500074356198,0.33465403108633807,-0.931714633570283,0.18463423594145703,0.28953969849644967,nan,nan
36,18,133457,forward,e,-,3360,3360.0,0.0,0.3328016155872189,0.1040448506949342,0.1823682052564788,0.5064149354809875,0.3240467302245087,0.17001816509090778,0.5711940403640638,0.40117587527315607,0.16509612126859194,0.2014016953785021,0.21375173554407317,nan,nan
36,19,208654,forward,e,-,3475,3475.0,0.0,0.27191379877557836,0.056480032896576694,0.22533826362079076,0.4183755836251029,0.19303732000431215,0.17467649438969368,0.572955757279698,0.39827926289000437,1.703826492793688,0.14529768928037112,0.29987786293496627,nan,nan
36,20,35336,forward,e,-,1480,1480.0,0.0,0.7505885529550566,0.13427827126177422,0.4734370106738475,0.8894655896072562,0.41602857893340867,0.1705568463462666,0.8952125964134294,0.7246557500671629,-1.0930977148813938,0.3014216372173842,0.6043018015449653,nan,nan
36,21,15889,forward,e,-,12009,12009.0,0.0,0.4927558523990591,0.051926298846462715,0.389197306358187,0.5474114597804919,0.15821415342230488,0.36933174053788914,0.5562090261526239,0.18687728561473477,-0.4571754791686682,0.09074591341426112,0.110611479234559,nan,nan
36,22,100032,forward,e,-,2907,2907.0,0.0,0.40549078465520527,0.07068869450439542,0.2820763871903614,0.5112027559631586,0.22912636877279718,0.17689843824555226,0.5185090086168794,0.34161057037132714,-0.279806870728129,0.13795755087561776,0.2431354998204269,nan,nan
36,23,154799,forward,e,-,119,119.0,0.0,0.4937768615589787,0.16080115974881024,0.22811755629880573,0.7238154277710623,0.49569787147225663,0.1698141830836259,0.8887012718543874,0.7188870887707615,-0.043153520433008435,0.2682110494791606,0.4048240259543841,nan,nan
36,24,175498,forward,e,-,2817,2817.0,0.0,0.22822097048534584,0.050434997912917265,0.17336619304412565,0.3100969970508512,0.13673080400672555,0.17140178779317194,0.5212219375949423,0.34982014980177034,1.2649652785447643,0.13035670678182132,0.3414816473259124,nan,nan
36,25,120681,forward,e,-,4030,4030.0,0.0,0.5935641431014141,0.09441357154189664,0.4875935241212416,0.7293793609747571,0.2417858368535155,0.1713813094736515,0.8506606350833577,0.6792793256097062,-0.44583206396442027,0.1549290697190835,0.4045787158004728,nan,nan
36,26,119604,forward,e,-,15567,15567.0,0.0,0.45899937323257295,0.037765750066117314,0.3811058118509253,0.5003596914603511,0.1192538796094258,0.28987177594082353,0.5083076614849963,0.21843588554417276,-0.5599871495688521,0.06354557382663582,0.15467874215706706,nan,nan
36,27,76930,forward,e,-,4797,4797.0,0.0,0.34471599575440176,0.047104000844355384,0.2866507331978071,0.436051418921259,0.1494006857234519,0.18982757206028292,0.5029569112002404,0.31312933913995755,0.4673418612241763,0.08461282666988225,0.17559173527228703,nan,nan
36,28,159766,forward,e,-,895,895.0,0.0,0.5437293304335695,0.1227466009907398,0.3637147248321948,0.7265033932977233,0.3627886684655285,0.3562089582089487,0.8956399397956282,0.5394309815866795,0.2603446260133129,0.22781501884341449,0.39695156534131937,nan,nan
36,29,77279,forward,e,-,12289,12289.0,0.0,0.5228640874380018,0.08620233909679231,0.4421443021816802,0.6941649660730757,0.25202066389139544,0.1874282338484579,0.717303409218294,0.5298751753698362,0.34171421889535925,0.17362576612652164,0.33394027915444635,nan,nan
36,30,41861,forward,e,-,6078,6078.0,0.0,0.5732653028381276,0.07183381607999959,0.47269337827459496,0.6568862418622475,0.18419286358765258,0.18615264140574067,0.6762152456966782,0.49006260429093756,-1.6200905178986502,0.11279044480266924,0.39933118167152354,nan,nan
36,31,173781,forward,e,-,13960,13960.0,0.0,0.4264732138680448,0.033496641465277775,0.3701029861835046,0.47344210275641224,0.10333911657290762,0.288258210095421,0.5587434251500458,0.2704852150546248,-0.15015733520471009,0.05646372111774907,0.13881872324463468,nan,nan
36,32,36840,forward,e,-,78,78.0,0.0,0.5742790928116022,0.11035873228269041,0.39182117315882015,0.7242744640503189,0.3324532908914988,0.21530385870088578,0.8568787149132043,0.6415748562123186,-0.4569834678167196,0.2248731678486222,0.3556661391124557,nan,nan
36,33,36819,forward,e,-,162,162.0,0.0,0.3826340381108679,0.1135871548230594,0.21157685872398382,0.5101027044629163,0.2985258457389325,0.18600693989988665,0.5711935451900068,0.3851866052901201,-0.08984326988598207,0.26794470981874263,0.3290355505458331,nan,nan
36,34,14797,forward,e,-,985,985.0,0.0,0.22302102507810484,0.126194004448884,0.1883682543903808,0.508170618358027,0.3198023639676462,0.16971236327555636,0.8954250633070769,0.7257127000315206,2.9123427990329156,0.2962270286245111,0.683481473573561,nan,nan
36,35,203087,forward,e,-,3262,3262.0,0.0,0.5935070431115577,0.09518005104354334,0.4860105740321596,0.7362367170250925,0.25022614299293294,0.17073231361406763,0.8806958366908055,0.7099635230767379,-0.20900881595529489,0.15797321239556297,0.4096600725413664,nan,nan
36,0,94651,forward,w,deg,24762,24762.0,0.0,-3.1982707329133433,18.183612281640148,-22.44403562614528,34.01324331726869,56.45727894341397,-23.531531890114536,68.44524937089787,91.9767812610124,0.7307003790032636,47.10927812361845,81.54128417724763,174.40797601174924,0.9508394059770844
36,1,30556,forward,w,deg,22,22.0,0.0,0.1540782098036999,95.9163301950349,-164.80581710933888,117.63051513592728,282.43633224526616,-166.7406476533679,175.78666086057137,342.52730851393926,-0.0016568090497364864,177.0424663362517,179.5622048523453,145.41649693722343,0.15837984784163395
36,2,21401,forward,w,deg,997,997.0,0.0,-1.392553384473473,15.687817254393531,-20.785710935998775,27.419368056512344,48.20507899251112,-55.586128343866406,91.94696876050978,147.53309710437617,1.399826676836276,35.61229563272246,95.3469094739637,155.99883598351468,0.9644249016289673
36,3,49068,forward,w,deg,4837,4837.0,0.0,-0.7536044753006763,13.392034058388465,-19.120335374897433,24.72927080717462,43.84960618207205,-21.81293268107072,38.37960090177904,60.19253358284976,0.44525274387513974,30.095191930776213,43.74552202538064,313.3794188337216,0.9729961358106123
36,4,164816,forward,w,deg,2490,2490.0,0.0,-2.043665907223499,29.35791939986759,-38.45029083412595,51.846447845362604,90.29673867948856,-43.19170310966359,103.26797118719196,146.45967429685555,0.4882417302531413,53.107044104545835,104.52856744637518,72.06054194920729,0.8756847281337662
36,5,33028,forward,w,deg,1492,1492.0,0.0,-3.979444469807831,27.297930882057212,-26.664800808336,44.125641351884305,70.79044216022031,-176.70424864020183,179.44613887313733,356.1503875133392,-1.2354241786849625,40.62403285309657,179.35727701335395,208.94015285414696,0.9121454273602843
36,6,153596,forward,w,deg,2200,2200.0,0.0,-4.114787754542093,26.16888289511011,-32.43567127089003,51.97038449406343,84.40605576495346,-37.172112958489635,89.8678978291291,127.04001078761874,0.7532785704472176,68.69879940553467,106.59631274060035,234.39195954861668,0.9007919674379006
36,7,149947,forward,w,deg,3463,3463.0,0.0,-3.2215662001381133,24.724022577297205,-30.69763810915089,44.178060119132574,74.87569822828347,-178.60234171934852,164.1152234007809,342.7175651201294,0.5781644233399708,56.923456662055955,176.71721559910668,240.40563234374622,0.9167244208105213
36,8,8686,forward,w,deg,2980,2980.0,0.0,-1.681740401113899,6.058146883433887,-3.975930169195408,5.757222850267495,9.733153019462904,-4.127564726612832,57.98694670791457,62.1145114345274,4.310057945562125,9.186079579341524,61.4158034369886,293.5370568774897,0.9945526444618998
36,9,44096,forward,w,deg,4016,4016.0,0.0,-2.158350671735974,18.848387689866264,-22.719264262492374,31.345695118947177,54.06495938143955,-176.46207266006164,174.9098111399482,351.37188380000987,1.8469733534986759,32.995200394614606,176.14492089325813,232.3663489920266,0.9536555586726194
36,10,26334,forward,w,deg,1424,1424.0,0.0,2.1564609623852533,22.14473145499787,-42.5323855387808,30.413260875274215,72.94564641405502,-67.28225348437252,85.6805543449749,152.9628078293474,-0.25488041689034013,50.00206989494863,79.03061274860102,40.19017806265872,0.9288459575821961
36,11,29633,forward,w,deg,163,163.0,0.0,5.555056505961005,40.837773273841655,-67.5588282146721,48.29967629508325,115.85850450975536,-155.35210269107574,66.01924023752821,221.37134292860395,-1.4778415553385955,71.99318142096716,159.7864558973708,33.37906098916214,0.8038468611508452
36,12,171756,forward,w,deg,595,595.0,0.0,-1.5613989432420112,33.42128530968028,-50.67871946397488,54.45951546153997,105.13823492551485,-67.31331833038311,96.04319892996466,163.35651726034777,0.11720247143922878,62.04493891365285,103.62862238207754,217.3246540604443,0.8404092407711494
36,13,149609,forward,w,deg,26298,26298.0,0.0,-2.446274435074045,16.54364382796079,-20.50450110623808,30.925558456070213,51.430059562308294,-23.347269264264696,96.87289676503792,120.22016602930262,1.168783604438414,30.154721344022626,96.1020596529903,14.865311630411426,0.959754620224921
36,14,37064,forward,w,deg,1440,1440.0,0.0,-4.250194474202459,51.945901210167094,-33.120712816628966,140.6714211005328,173.79213391716178,-179.34540778009756,178.51389051616695,357.8592982962645,1.1282585633675042,161.0431875590745,179.89576292129442,312.4339572204949,0.7424402747447606
36,15,56810,forward,w,deg,7021,7021.0,0.0,-2.053663346151609,16.22582591534045,-21.302200685248323,25.299071637121813,46.601272322370136,-24.18009697742042,83.11340231326278,107.2934992906832,0.9529565397774912,25.94749378368286,80.01793195974597,189.8653450127005,0.9611423660910362
36,16,45392,forward,w,deg,1388,1388.0,0.0,-1.190066090613243,21.87156421237664,-40.22264300326012,37.47482177970132,77.69746478296145,-74.07176108233858,59.25835311000765,133.33011419234623,-0.12979791224171577,49.44702899282943,68.51688987911365,55.14853585685466,0.9301424053645159
36,17,170313,forward,w,deg,20200,20200.0,0.0,-2.9400772609590575,15.78377497995064,-19.270040130635174,30.246412973185137,49.51645310382031,-21.41646942292519,70.08246077324887,91.49893019617406,0.9422787674933716,40.44004872838725,80.27609652845098,172.68961418031708,0.9629200118017123
36,18,133457,forward,w,deg,3360,3360.0,0.0,2.0808896326907274,27.99806635575048,-51.606522382546494,42.05024708952537,93.65676947207186,-63.37308403326672,76.68519378418557,140.05827781745228,-0.2418293961264918,51.613432873090204,83.90697717097999,124.07343402758254,0.886655335821868
36,19,208654,forward,w,deg,3475,3475.0,0.0,-2.293893430746607,14.51855340414144,-16.67812501431071,27.618707601834505,44.29683261614521,-23.991031663893637,92.993602409976,116.98463407386964,1.4310371648336926,40.37281628873942,105.74771109688089,53.311462470375496,0.9690332617153123
36,20,35336,forward,w,deg,1480,1480.0,0.0,-1.8971616074763347,27.20369492881793,-22.7569260766707,33.511053662640734,56.267979739311436,-166.3656785838266,169.15212464188102,335.5178032257076,-1.3729543988022133,43.17425304087399,176.19881344558866,266.1725795789336,0.9225793521054825
36,21,15889,forward,w,deg,12009,12009.0,0.0,-0.5042184816846316,6.784508727778861,-10.047575620866576,11.776041622741346,21.82361724360792,-11.77057875573962,21.507418860547887,33.27799761628751,0.34684809218284174,16.506348568030333,26.237725805836874,301.6118675794645,0.9930089951288807
36,22,100032,forward,w,deg,2907,2907.0,0.0,-4.124573023708365,17.51072473930713,-21.563224179684607,33.868333850783024,55.43155803046763,-24.889193888578802,63.15909640933336,88.04829029791216,0.8414199707105756,31.258316474056308,60.54907903260664,339.6672667722455,0.9544182146577652
36,23,154799,forward,w,deg,119,119.0,0.0,-3.5477377985567102,89.98307747228733,-132.18311793865337,168.06434901233433,300.2474669509877,-179.53954694254656,174.88485408686535,354.4244010294119,0.10543319287176539,174.58453254547914,179.52600672896733,172.77714438553016,0.2681619447683756
36,24,175498,forward,w,deg,2817,2817.0,0.0,-3.436210652768665,16.725821896174033,-17.529179419167985,30.068339369596405,47.59751878876439,-18.802189545037436,98.57887815188826,117.3810676969257,1.849617043742386,33.33885268725123,101.8493914695431,17.26776755316406,0.9598699117654399
36,25,120681,forward,w,deg,4030,4030.0,0.0,-4.5018594219972385,23.60219052678036,-20.687361036672673,38.758424697017574,59.44578573369024,-146.26042688148746,162.14179804764842,308.40222492913585,2.478748364500253,57.09472899337327,179.66774928655104,286.40930500920234,0.9305909570171992
36,26,119604,forward,w,deg,15567,15567.0,0.0,-3.089962543260185,15.986814848870377,-18.472729483649733,31.61200238885318,50.084731872502914,-20.196928842839498,71.67135112966739,91.86827997250688,1.1546514238273473,42.57905040875388,82.6383991495681,11.06670541140332,0.9621672946000146
36,27,76930,forward,w,deg,4797,4797.0,0.0,-3.171087047553897,14.214068197262508,-15.985230796933127,30.206316056359743,46.19154685329287,-17.590123171543212,65.6511520584354,83.24127522997861,1.214968144122855,33.61131955197214,69.05615555404779,307.873758429518,0.969933124933535
36,28,159766,forward,w,deg,895,895.0,0.0,-1.6719088563106652,26.452907615278534,-47.71783340682138,46.31556610090042,94.0333995077218,-70.27487783017756,84.24083486708372,154.51571269726128,0.15599115785730616,55.270029592755115,91.19527047743156,40.47633322785208,0.899434136541149
36,29,77279,forward,w,deg,12289,12289.0,0.0,-3.2659889643143742,21.905213523145274,-26.18898505112832,37.858371873576836,64.04735692470516,-179.42116385670582,170.4140166460772,349.83518050278303,0.6814043962316284,45.39183832343484,177.76138761408083,191.27781338668603,0.9337001830373874
36,30,41861,forward,w,deg,6078,6078.0,0.0,-2.7611071745361215,23.35209559862687,-10.682802644481315,21.781600238904012,32.464402883385326,-178.9838149147513,179.77634997353073,358.760164888282,3.70304159251084,28.866187169543483,179.9224146180352,173.06176684146143,0.9550258914065918
36,31,173781,forward,w,deg,13960,13960.0,0.0,-4.046585672528366,15.80900176367501,-15.642080022176923,26.967831930059404,42.60991195223633,-16.037755817267453,103.59431728000527,119.63207309727272,1.731411755533161,35.80176036526113,112.42824571520703,6.524850208929961,0.9638752421113888
36,32,36840,forward,w,deg,78,78.0,0.0,-0.21285173134420177,40.19317511102323,-58.267868504577194,40.90602053203236,99.17388903660955,-165.11471857529722,140.06908452542575,305.18380310072297,-1.2435403574897386,78.65314636349198,176.12684841003846,74.83919250898526,0.8327285026683457
36,33,36819,forward,w,deg,162,162.0,0.0,4.966433560637142,46.76370991020774,-58.35971984108175,61.789767027101746,120.14948686818349,-179.7437406485776,170.2274907544089,349.9712314029865,0.6696252024727243,66.90328410252118,176.02203221645618,230.08516242398642,0.7581692902846656
36,34,14797,forward,w,deg,985,985.0,0.0,-3.6691752138171694,43.0199656422032,-30.180225628163946,127.95950649442398,158.13973212258793,-178.62305698027274,176.9431729080336,355.56622988830634,1.5989796278025492,139.23104178333358,177.1505735420094,164.85098976906625,0.8187808231543486
36,35,203087,forward,w,deg,3262,3262.0,0.0,-4.032629382279765,29.624782228823932,-30.4089989230315,51.6217540025001,82.0307529255316,-179.57183985945284,176.87283722633146,356.4446770857843,-0.11439687484821215,60.86692617820933,179.80539033112257,302.3997182713275,0.8922929202542558
41,0,94651,backward,eps,km^2/s^2,24762,24762.0,0.0,-0.09841787626004417,0.023421935844789212,-0.14808647994125845,-0.06740203363738317,0.08068444630387528,-0.1808042275346745,-0.058817793307683885,0.12198643422699063,-0.7829160707583965,0.06530628805337844,0.09802403564679452,nan,nan
41,1,18323,backward,eps,km^2/s^2,3,3.0,0.0,-0.9166889311745429,0.08195725274902142,-1.0075710141307719,-0.8268939994167189,0.18067701471405295,-1.0176690233481307,-0.8169167847769607,0.20075223857116997,-0.018050892859940604,0.19065422935381118,0.20075223857116997,nan,nan
41,2,47219,backward,eps,km^2/s^2,635,635.0,0.0,-0.9535148095580194,0.026951189422083653,-0.9763162685471378,-0.9155116552992687,0.06080461324786912,-1.020836128343177,-0.8306298734844577,0.19020625485871934,1.220866473243739,0.04505369653228709,0.12594282384756117,nan,nan
41,3,49068,backward,eps,km^2/s^2,4837,4837.0,0.0,-0.9794128573983533,0.01267880674493001,-0.993067020353092,-0.9532141027752343,0.039852917577857694,-0.996399116625677,-0.9281148789320531,0.0682842376936239,0.7949786057781114,0.031365342313606145,0.0564645661567873,nan,nan
41,4,164816,backward,eps,km^2/s^2,2490,2490.0,0.0,-0.24224608048710733,0.013080935375335065,-0.2572148492725731,-0.21655519445427632,0.04065965481829678,-0.2582250091029896,-0.20023730165444997,0.05798770744853965,0.45910321804915966,0.026552738989517582,0.042870631789343916,nan,nan
41,5,55906,backward,eps,km^2/s^2,7148,7148.0,0.0,-0.8698051298719512,0.01956343629692267,-0.9001849172768384,-0.8377685744528068,0.06241634282403152,-0.9170556706825014,-0.8307370133883297,0.08631865729417165,0.04306755040436646,0.03980244965174404,0.046834010716221175,nan,nan
41,6,153596,backward,eps,km^2/s^2,2200,2200.0,0.0,-0.16433430693407486,0.0347446365437862,-0.2044855916444756,-0.10656334228710894,0.09792224935736667,-0.23396340960576145,-0.10462873397446115,0.1293346756313003,0.19212569677461727,0.060190875287018324,0.06728347759562725,nan,nan
41,7,149947,backward,eps,km^2/s^2,3463,3463.0,0.0,-0.22617248610432839,0.025862625338479762,-0.2583709249195812,-0.18288078924637724,0.07549013567320395,-0.2593276385082858,-0.15798653060821344,0.10134110790007234,0.24475152921111387,0.053143389585394045,0.07803764822355785,nan,nan
41,8,8686,backward,eps,km^2/s^2,2980,2980.0,0.0,-0.9230219765937426,0.02510549082960722,-0.9595130990412114,-0.8808281718834704,0.078684927157741,-0.9699743335828579,-0.8508318586618089,0.11914247492104901,0.1245503063134246,0.042882521334938487,0.0719553575876466,nan,nan
41,9,36956,backward,eps,km^2/s^2,3046,3046.0,0.0,-0.8423616305951556,0.018995355229709972,-0.890828993437215,-0.8281883927137664,0.06264060072344857,-0.9300604101788505,-0.8091804743558173,0.12087993582303325,-1.4795716933888183,0.049298574903232945,0.08852999164486852,nan,nan
41,10,627,backward,eps,km^2/s^2,1081,1081.0,0.0,-0.8504690416455956,0.02869806838972178,-0.8947760676000018,-0.8070054860199507,0.08777058158005113,-0.9082102148223694,-0.8063623697289342,0.10184784509343525,-0.05359960634010247,0.06368906742035974,0.07712321464272731,nan,nan
41,11,103221,backward,eps,km^2/s^2,457,457.0,0.0,-0.9442105178328883,0.04578678589129514,-0.9793097960580316,-0.8449468091924291,0.13436298686560244,-1.0201349727623945,-0.8253323811976936,0.19480259156470092,0.619819156195192,0.1166839337010763,0.1362983616958119,nan,nan
41,12,171756,backward,eps,km^2/s^2,595,595.0,0.0,-0.1915556757534308,0.0451490772711121,-0.25671291822795206,-0.1110660880647373,0.14564683016321475,-0.2595672674968075,-0.043879077490019736,0.21568819000678774,0.3153197291317986,0.08148061896860467,0.14866762954332224,nan,nan
41,13,149609,backward,eps,km^2/s^2,26298,26298.0,0.0,-0.2186564838046559,0.02870773511288704,-0.24598773129894233,-0.15673776869454648,0.08924996260439585,-0.2503484518318607,-0.1265314213170705,0.1238170305147902,0.6807407737689708,0.06570491664314158,0.09591126402061756,nan,nan
41,14,28726,backward,eps,km^2/s^2,134,134.0,0.0,-0.8282285571003813,0.028457645260037787,-0.8671833649359785,-0.8109504019034937,0.05623296303248482,-1.0023683426834398,-0.8068393667227801,0.19552897596065966,-4.189662736140224,0.0403215596371886,0.17550653738464994,nan,nan
41,15,50594,backward,eps,km^2/s^2,6466,6466.0,0.0,-0.9285951904943213,0.01791217900227645,-0.958672235876864,-0.9022086065674737,0.056463629309390306,-0.9621851412202,-0.897623954772557,0.06456118644764308,-0.09910647800602199,0.030857057998547655,0.03436996334188369,nan,nan
41,16,38705,backward,eps,km^2/s^2,1511,1511.0,0.0,-0.9374692633330666,0.03184346065394902,-0.9776323080419974,-0.880224859468255,0.0974074485737424,-1.0207437552380227,-0.8612263078471072,0.15951744739091556,0.28524005330780916,0.05919250964873213,0.08168234881020653,nan,nan
41,17,170313,backward,eps,km^2/s^2,20200,20200.0,0.0,-0.16161672654657733,0.023361774876633126,-0.19643028493235018,-0.12110386986325938,0.0753264150690908,-0.20393761703701752,-0.10783662095679791,0.0961009960802196,0.14851382102325297,0.048459088834570174,0.061726337741031645,nan,nan
41,18,133457,backward,eps,km^2/s^2,3360,3360.0,0.0,-0.14881358169255104,0.05696799556457439,-0.2133633410335512,-0.04685722750056977,0.16650611353298145,-0.24181840798177956,-0.04391779137377705,0.1979006166080025,0.364509440480115,0.10471127114058164,0.10765070726737436,nan,nan
41,19,208654,backward,eps,km^2/s^2,3475,3475.0,0.0,-0.16348298391669058,0.0348765881485087,-0.2125804114783368,-0.10107223322308193,0.11150817825525489,-0.2230349468747932,-0.0445526154721928,0.1784823314026004,0.27518750786058077,0.05848328093048737,0.11359512511048331,nan,nan
41,20,33137,backward,eps,km^2/s^2,998,998.0,0.0,-0.8559656204890276,0.02881915859148606,-0.9081851988032184,-0.8213603651564338,0.0868248336467845,-0.9182613158571666,-0.8067811617171288,0.11148015414003787,-0.23929101832254265,0.06116461188919715,0.07574381532850227,nan,nan
41,21,15889,backward,eps,km^2/s^2,12009,12009.0,0.0,-0.8908769874277576,0.028625454119216416,-0.9464306011634044,-0.8548510297422829,0.0915795714211215,-0.9620982854500806,-0.8455281706683686,0.11657011478171198,-0.3857667698955782,0.052818886566146646,0.06848657085282284,nan,nan
41,22,100032,backward,eps,km^2/s^2,2776,2776.0,0.0,-0.9139661729767696,0.037396456376547565,-0.9597251542787122,-0.8451396829169047,0.11458547136180752,-0.9716903857139396,-0.8142035455630828,0.1574868401508568,0.3976946853669535,0.06251923698544293,0.09130970952177508,nan,nan
41,23,154799,backward,eps,km^2/s^2,119,119.0,0.0,-0.18015387349125223,0.04748456048910699,-0.2506404753434187,-0.11051610268285617,0.14012437266056255,-0.25689406117484503,-0.043834796693581146,0.2130592644812639,0.2679450542020013,0.07454350175411625,0.13868322207656336,nan,nan
41,24,175498,backward,eps,km^2/s^2,2817,2817.0,0.0,-0.2497905691598532,0.010562165705643521,-0.25642651301088115,-0.22785668709301635,0.028569825917864805,-0.25726788764161435,-0.18468911335516458,0.07257877428644977,1.7714508466459178,0.017883107087203507,0.06105068082505527,nan,nan
41,25,120681,backward,eps,km^2/s^2,4030,4030.0,0.0,-0.1330894596198378,0.022863234920914507,-0.17488833824344993,-0.10985361354758309,0.06503472469586684,-0.18322909085835581,-0.04380722131250103,0.13942186954585478,-0.01068043429167016,0.05151837151083981,0.08045422421750448,nan,nan
41,26,119604,backward,eps,km^2/s^2,15567,15567.0,0.0,-0.15876841369797223,0.022826037974776583,-0.19822293684765283,-0.12594971819081435,0.07227321865683847,-0.207662361019049,-0.11861720493557071,0.0890451560834783,-0.1605949598695109,0.04266526507728167,0.05210468924867784,nan,nan
41,27,86919,backward,eps,km^2/s^2,1975,1975.0,0.0,-0.9660738352569807,0.011351122310259913,-0.9741077268673318,-0.9376883411278182,0.03641938573951364,-1.0187910622265253,-0.9079699056587968,0.11082115656772851,1.9977617419981881,0.03242394282314524,0.06165360099370365,nan,nan
41,28,159766,backward,eps,km^2/s^2,895,895.0,0.0,-0.176444032973878,0.04174837281866522,-0.2427760595794379,-0.11471370061511985,0.12806235896431806,-0.2582455182035083,-0.04390831562550124,0.21433720257800704,0.10586768266881877,0.07349857561468323,0.14430396060430184,nan,nan
41,29,80822,backward,eps,km^2/s^2,6642,6642.0,0.0,-0.9341799504249753,0.017847892562977787,-0.9580491897178445,-0.9036311913170721,0.05441799840077233,-1.0207392989867343,-0.8445990067783913,0.17614029220834304,0.4433940822974884,0.03135093877602951,0.09290568443966041,nan,nan
41,30,79949,backward,eps,km^2/s^2,388,388.0,0.0,-0.8722753300935394,0.03375616541188686,-0.9430888907338194,-0.8238025890361236,0.11928630169769583,-0.9743883889697256,-0.8098334714099431,0.16455491755978247,-0.7105486654294804,0.06852295410379483,0.09282165636380879,nan,nan
41,31,173781,backward,eps,km^2/s^2,13960,13960.0,0.0,-0.2191384703962882,0.011995220061075703,-0.23316429534632685,-0.19322999314069353,0.03993430220563332,-0.24322543364234006,-0.17471297632550709,0.06851245731683298,0.7959391496567748,0.02972517367519003,0.04824219049037648,nan,nan
41,32,30556,backward,eps,km^2/s^2,19,19.0,0.0,-0.8343821656715211,0.05618286179086043,-0.9726501129205941,-0.8175364672260207,0.15511364569457342,-0.9770398650056108,-0.8143434397753737,0.16269642523023709,-0.8595585615311192,0.13826794724907301,0.14265769933408967,nan,nan
41,33,36819,backward,eps,km^2/s^2,126,126.0,0.0,-0.8787034939013458,0.051312643277354374,-0.9680736106354604,-0.8259333445860059,0.1421402660494545,-1.020754723273971,-0.8170902978840135,0.20366442538995755,-0.45028978528299873,0.07706589795664176,0.11984448919744306,nan,nan
41,34,14609,backward,eps,km^2/s^2,958,958.0,0.0,-0.8158655690205665,0.004920606687699672,-0.8243245555630999,-0.8083431780480398,0.015981377515060124,-0.8436044658510862,-0.806208472304013,0.037395993547073125,-0.4029849475054344,0.00954245828069462,0.026481389563755675,nan,nan
41,35,203087,backward,eps,km^2/s^2,3262,3262.0,0.0,-0.20176674600266747,0.016152980615176983,-0.23200639117468133,-0.17639183679062245,0.05561455438405888,-0.2584258866957744,-0.12368804208487294,0.13473784461090144,-0.7264928712273235,0.037059590049154136,0.08040666360454041,nan,nan
41,36,21211,backward,eps,km^2/s^2,5233,5233.0,0.0,-0.8691014262506046,0.016973962254809846,-0.895737519013083,-0.8420937489359458,0.053643770077137165,-0.904288115293169,-0.8360870524005242,0.06820106289264483,0.01157067659641754,0.05229376461784596,0.06084436089793199,nan,nan
41,37,76930,backward,eps,km^2/s^2,4765,4765.0,0.0,-0.9908258756830809,0.012273330471342284,-1.0052824295863692,-0.9665761351387424,0.03870629444762674,-1.0086547271271056,-0.9620409644423636,0.04661376268474193,0.3751733394407703,0.032373879376565114,0.03690905007294387,nan,nan
41,38,36840,backward,eps,km^2/s^2,75,75.0,0.0,-0.9183994264084451,0.0470513382667705,-0.9768221312089863,-0.8464498431440408,0.1303722880649455,-1.0098256453763166,-0.8292276190621979,0.1805980263141187,0.17178766168315854,0.0761815536233631,0.09142621896787151,nan,nan
41,39,33028,backward,eps,km^2/s^2,1561,1561.0,0.0,-0.8244832322061153,0.01768765076770929,-0.8615943853562142,-0.8076972499811648,0.053897135375049476,-0.8945984247315625,-0.8068572750885142,0.08774114964304824,-0.7754646662058345,0.03937120599956356,0.0723752453749118,nan,nan
41,40,22279,backward,eps,km^2/s^2,742,742.0,0.0,-0.8282063616911588,0.02983626604968955,-0.845938454275342,-0.8248445998578405,0.021093854417501445,-1.0030563556592664,-0.8227577141319229,0.18029864152734354,-4.359721487555408,0.017402674644722338,0.1745205760286468,nan,nan
41,0,94651,backward,e,-,24762,24762.0,0.0,0.76514864450281,0.05655290394407974,0.6446445529428695,0.8393713183048696,0.19472676536200006,0.5634116600032416,0.8598376401626954,0.29642598015945376,-0.8118814232847232,0.15793881208960137,0.23917170502922924,nan,nan
41,1,18323,backward,e,-,3,3.0,0.0,0.4154081001457174,0.14994636714692136,0.22426505012543427,0.5534005145218742,0.3291354643964399,0.20302693345651393,0.5687330050081139,0.36570607155159995,-0.47682237814283474,0.3503735810653603,0.36570607155159995,nan,nan
41,2,47219,backward,e,-,635,635.0,0.0,0.4755796585342314,0.04531173552777093,0.4133766599670153,0.5101838855770461,0.0968072256100308,0.24042445551844907,0.5729713754320799,0.33254691991363083,-1.8901705829071231,0.07213947055610992,0.23979518406066544,nan,nan
41,3,49068,backward,e,-,4837,4837.0,0.0,0.5146467335355054,0.01899237290308235,0.47494595655868244,0.5344405453593595,0.05949458880067704,0.4351727305718936,0.5391917984091384,0.10401906783724485,-0.8567633578593199,0.047221986282763195,0.08699521226955204,nan,nan
41,4,164816,backward,e,-,2490,2490.0,0.0,0.4026751306550852,0.03629566708254615,0.3595930386048614,0.4728239768921798,0.1132309382873184,0.3566637372686819,0.5156353525338632,0.15897161526518128,0.4207157154701089,0.07341045733627125,0.11622183297795458,nan,nan
41,5,55906,backward,e,-,7148,7148.0,0.0,0.32914068825317194,0.04015110169611126,0.25829420629111205,0.38681743665801027,0.12852323036689822,0.24048268265404665,0.41495666228850414,0.1744739796344575,-0.18015614667198687,0.08630727462827095,0.10411879826533638,nan,nan
41,6,153596,backward,e,-,2200,2200.0,0.0,0.6049887257624533,0.08567509438819304,0.504108742300824,0.745539601785734,0.24143085948490994,0.4246648141608949,0.7501700804378386,0.3255052662769437,0.17286225373213607,0.1464789813461016,0.17456571711814722,nan,nan
41,7,149947,backward,e,-,3463,3463.0,0.0,0.44585125272313686,0.06914235422989927,0.3561422047808574,0.5581653318030149,0.20202312702215747,0.35333869863390605,0.6202551083088614,0.2669164096749554,0.19393789028930203,0.13918082333500373,0.20127059984085033,nan,nan
41,8,8686,backward,e,-,2980,2980.0,0.0,0.42559224729697614,0.0429930597121223,0.3495274856938692,0.4844381888737181,0.13491070317984888,0.2881415248747148,0.5004312289167241,0.2122897040420093,-0.22428139364186003,0.07570845458251362,0.13709441540166806,nan,nan
41,9,36956,backward,e,-,3046,3046.0,0.0,0.2697136660503259,0.04069025806155069,0.23467176798046332,0.3698715740758605,0.1351998060953972,0.17900671278708546,0.43836554044252235,0.2593588276554369,1.2009296866986086,0.10217248575241598,0.17066645211907783,nan,nan
41,10,627,backward,e,-,1081,1081.0,0.0,0.2877208640822052,0.06769121447507363,0.17092336650120182,0.3767734929093685,0.2058501264081667,0.1685914010438332,0.4006738904469983,0.23208248940316512,-0.17608089679739367,0.1377549082307334,0.1616553057683632,nan,nan
41,11,103221,backward,e,-,457,457.0,0.0,0.4612042884640881,0.08028178457184879,0.27525094889979057,0.5145913436052588,0.23934039470546825,0.2275051331493695,0.5719985499113021,0.34449341676193257,-0.7785343168369975,0.21300750780300792,0.260753323553429,nan,nan
41,12,171756,backward,e,-,595,595.0,0.0,0.5368152326049789,0.11456705626904154,0.36138475738798026,0.7347113116826651,0.37332655429468486,0.35264176551903914,0.8954556794646302,0.5428139139455911,0.21498260194588573,0.20030231037773602,0.36104667815970115,nan,nan
41,13,149609,backward,e,-,26298,26298.0,0.0,0.4668393702993868,0.07435057922712365,0.3922037655154741,0.6234333758415872,0.2312296103261131,0.37974814173539173,0.6973409409567167,0.317592799221325,0.6230315063311588,0.16738962618934813,0.24129719130447763,nan,nan
41,14,28726,backward,e,-,134,134.0,0.0,0.23476542616916984,0.056602198083806746,0.1848545197063982,0.3240740380684565,0.13921951836205831,0.17006358404121355,0.5476911816377198,0.3776275975965062,3.4145134534116037,0.09300279751937508,0.31661994108863833,nan,nan
41,15,50594,backward,e,-,6466,6466.0,0.0,0.43557338299501586,0.02958893044859007,0.3902145451226117,0.4835983928765989,0.09338384775398717,0.38207280198254234,0.48900360080603733,0.10693079882349499,0.03880530802309123,0.05019024435353504,0.05471197417350754,nan,nan
41,16,38705,backward,e,-,1511,1511.0,0.0,0.4500010524423204,0.052945483729353635,0.3491862091662995,0.5121252967214504,0.16293908755515085,0.31083662027351033,0.5728380058839121,0.26200138561040176,-0.4092804494235745,0.10402075766495922,0.1416828312456907,nan,nan
41,17,170313,backward,e,-,20200,20200.0,0.0,0.6119710972886552,0.05761268687115333,0.5247704887656347,0.7106214863238581,0.18585099755822343,0.5055190939696781,0.7425083036760617,0.2369892097063836,0.12195376996143176,0.11840283360878194,0.15028965096098545,nan,nan
41,18,133457,backward,e,-,3360,3360.0,0.0,0.6429823331319237,0.13925967128463024,0.48092001280909613,0.8883471150135654,0.4074271022044693,0.4030483832654117,0.8953605839444655,0.4923122006790538,0.33644646427702674,0.25195965669864534,0.25897312562954544,nan,nan
41,19,208654,backward,e,-,3475,3475.0,0.0,0.6076005364962784,0.08613439070234565,0.48263467855741315,0.7590198111407466,0.2763851325833334,0.4542800631742791,0.8938551550362668,0.4395750918619877,0.23219470337777548,0.14727464086956757,0.27298380286146207,nan,nan
41,20,33137,backward,e,-,998,998.0,0.0,0.2993961751532417,0.06192408283282185,0.21483010884244022,0.40058250521001815,0.18575239636757793,0.17013384133816603,0.4170346165478668,0.24690077520970075,0.021150186474796356,0.1388442529694049,0.1835405204736791,nan,nan
41,21,15889,backward,e,-,12009,12009.0,0.0,0.36903416311321446,0.052259787929831325,0.2967558243399063,0.4641177814029626,0.1673619570630563,0.2759808255270147,0.4886047653412886,0.2126239398142739,0.24184835701711227,0.09186421592256272,0.11451558132695816,nan,nan
41,22,100032,backward,e,-,2776,2776.0,0.0,0.4111400102004624,0.06853984488380839,0.27559198545666125,0.4853236164905757,0.20973163103391446,0.19540873475755022,0.5033967835729937,0.30798804881544345,-0.6078344593656965,0.12104104709582215,0.20122429779493317,nan,nan
41,23,154799,backward,e,-,119,119.0,0.0,0.5655670917595074,0.11905121310820464,0.37819883601528836,0.7359103191134807,0.35771148309819234,0.360276219593914,0.8955575813930169,0.5352813617991029,0.17617131549243162,0.19809629812652246,0.33592490400350805,nan,nan
41,24,175498,backward,e,-,2817,2817.0,0.0,0.3811601977955376,0.029411350760265815,0.36199054269389686,0.44312803587969163,0.08113749318579477,0.359487215227587,0.5550590694566417,0.19557185422905476,1.6746687792131378,0.05095938914573226,0.1628904227226824,nan,nan
41,25,120681,backward,e,-,4030,4030.0,0.0,0.6814471428626543,0.0556985428254244,0.5787688983550446,0.7376001277159097,0.15883122936086502,0.5578856971294038,0.8956261106421681,0.3377404135127643,-0.03579222350781447,0.12608959009195905,0.1927502093216421,nan,nan
41,26,119604,backward,e,-,15567,15567.0,0.0,0.6185428877340845,0.05650452332349515,0.5196491514960847,0.6987106947317114,0.17906154323562673,0.4954111246894626,0.7164402452571084,0.2210291205676458,-0.18373983472941005,0.10683166926489647,0.13106969607151864,nan,nan
41,27,86919,backward,e,-,1975,1975.0,0.0,0.49486390095604676,0.017666746197205603,0.4507738282305279,0.5069049544666274,0.056131126236099504,0.4009259596277857,0.5702470566398834,0.1693210970120977,-2.1555779104912873,0.05028777462417441,0.09934577898711244,nan,nan
41,28,159766,backward,e,-,895,895.0,0.0,0.574923909724604,0.104941806763327,0.4003827978721222,0.7258782324093734,0.3254954345372512,0.35649667926110623,0.8953803856012519,0.5388837063401457,0.022309091496340076,0.18147209258025265,0.35009330849561626,nan,nan
41,29,80822,backward,e,-,6642,6642.0,0.0,0.44498991189909237,0.029683525178905164,0.39315691274439407,0.4826824771197665,0.0895255643753724,0.2753767296821692,0.57285141266025,0.2974746829780808,-0.655884690801714,0.05081825064449785,0.15918140198023634,nan,nan
41,30,79949,backward,e,-,388,388.0,0.0,0.33437744490312227,0.06643211685690463,0.22276812063518747,0.4590025436812224,0.23623442304603492,0.18088082821592322,0.5073758415575593,0.3264950133416361,0.2521515938870657,0.1402446321902886,0.17171678355000092,nan,nan
41,31,173781,backward,e,-,13960,13960.0,0.0,0.4655093016860727,0.03131768048938068,0.42780370905817533,0.5322286590670662,0.10442495000889085,0.3990679858608867,0.5789026716100169,0.17983468574913014,0.7450550396230756,0.07714944156905976,0.1238234541120104,nan,nan
41,32,30556,backward,e,-,19,19.0,0.0,0.25028520609456467,0.1084994055168834,0.2047875246754984,0.504678814775094,0.2998912900995956,0.1950360603659501,0.5112461709221335,0.3162101105561834,0.7433585615863305,0.25439360868052935,0.26096096482756886,nan,nan
41,33,36819,backward,e,-,126,126.0,0.0,0.346863122582177,0.09673426754265871,0.22752709816014927,0.4977996024305765,0.27027250427042726,0.20354616221157962,0.5728758045889726,0.36932964237739296,0.21942223800071745,0.1648880942793015,0.18510897389574404,nan,nan
41,34,14609,backward,e,-,958,958.0,0.0,0.1993812021472356,0.014869465135619294,0.17528635445336468,0.2240488081516657,0.04876245369830101,0.16819393098549065,0.26963704952433076,0.10144311853884011,0.18180460276066102,0.029644726973329157,0.0662378898841649,nan,nan
41,35,203087,backward,e,-,3262,3262.0,0.0,0.5109379867163812,0.04223708341470744,0.4300129330312672,0.5748531633039137,0.14484023027264648,0.35604827303698017,0.7046917262443643,0.3486434532073841,-0.9150871441103887,0.09561608816435987,0.1994326171405476,nan,nan
41,36,21211,backward,e,-,5233,5233.0,0.0,0.3275209248589696,0.0347437295362151,0.2683119467589499,0.37849130639319767,0.11017935963424774,0.25385546470789666,0.3938184557892106,0.13996299108131394,-0.1251684919468916,0.10690929898313745,0.12223644837915038,nan,nan
41,37,76930,backward,e,-,4765,4765.0,0.0,0.5312400572789304,0.017790247237603102,0.4955473692009221,0.5516691657740697,0.05612179657314753,0.48828440468421264,0.5563450703171937,0.06806066563298108,-0.4099245787059745,0.04729160223693973,0.054554566753649225,nan,nan
41,38,36840,backward,e,-,75,75.0,0.0,0.4183019074898255,0.08310141642189356,0.2776853923392188,0.5109400546020519,0.23325466226283315,0.23668289670937526,0.558030894240901,0.32134799753152576,-0.3454667802907434,0.1407964075663127,0.18161901078045023,nan,nan
41,39,33028,backward,e,-,1561,1561.0,0.0,0.2242464312445732,0.04549271241842858,0.17320087773553236,0.31231518846094425,0.1391143107254119,0.170287629232786,0.374835191266243,0.20454756203345698,0.511233182714377,0.09349679059491914,0.15601679340021787,nan,nan
41,40,22279,backward,e,-,742,742.0,0.0,0.2343344170369884,0.05610236969380169,0.22551729584971827,0.2784358710474952,0.0529185751977769,0.2197531228206078,0.548651718359921,0.3288985955393132,4.266617928879148,0.04329327974459792,0.3135091270570237,nan,nan
41,0,94651,backward,w,deg,24762,24762.0,0.0,-1.4250877886956062,4.974880033639727,-5.84266964782648,10.541308553310847,16.383978201137328,-6.8489133070413,14.103149746541732,20.952063053583032,0.9472145312083693,11.917649998075268,15.479491191306153,20.129329097379074,0.9962376257150964
41,1,18323,backward,w,deg,3,3.0,0.0,-1.7680421398964086,7.573281901149228,-7.603324025829002,8.861258507146111,16.464582532975115,-8.251688679821513,10.04229191237306,18.293980592194572,0.8298606459739539,17.64561593820206,18.293980592194572,196.95674935229286,0.9912834637877667
41,2,47219,backward,w,deg,635,635.0,0.0,-1.9823353820044645,6.297617394082939,-3.6534290123953923,13.921463166203248,17.57489217859864,-22.090448956630524,20.163215455642415,42.25366441227294,0.621132209667987,17.79959221373465,23.655296942712198,195.72599864948162,0.9939940923990574
41,3,49068,backward,w,deg,4837,4837.0,0.0,-1.573393979961196,5.67718569912385,-6.599184650487632,12.143994409645693,18.743179060133325,-7.626779452412677,20.00699328372133,27.633772736134006,1.149959541386901,14.797659459514612,22.66065833359025,191.58241893578915,0.9951064004453587
41,4,164816,backward,w,deg,2490,2490.0,0.0,1.0562500376780832,6.672071782551993,-10.678137466327033,7.722467794994811,18.400605261321843,-12.799711354406469,8.110636506314478,20.910347860720947,-0.30245230953854196,17.841494714141252,19.963068602220687,28.246673030681013,0.9932317796054708
41,5,55906,backward,w,deg,7148,7148.0,0.0,0.24424527235387927,4.027978991644308,-5.396158772887274,4.4325468510393815,9.828705623926655,-35.95624088769068,11.127453420200652,47.083694307891335,-4.317905176375751,8.117143919339728,38.65211538664394,207.51912870062824,0.9975676824915206
41,6,153596,backward,w,deg,2200,2200.0,0.0,-0.26898086285812894,2.9657359330537894,-3.74160153209384,6.794919382699739,10.536520914793579,-6.261277234553404,12.900015364465247,19.16129259901865,1.6929187090673976,6.594593090066255,12.450261962164205,23.567261026949655,0.9986625986237677
41,7,149947,backward,w,deg,3463,3463.0,0.0,1.5998199965190736,4.203871507729882,-10.472040721607296,2.939560888166065,13.411601609773362,-19.36491210252788,3.123728216931852,22.488640319459734,-2.144979919245208,13.188819840222962,22.081691221143558,33.81543962068609,0.9973167916372472
41,8,8686,backward,w,deg,2980,2980.0,0.0,-0.3171454406088543,2.8922506846844316,-2.3050709422068194,1.5628651942527938,3.867936136459613,-2.763010229741326,28.857898305827547,31.620908535568873,5.36082463817999,2.3289543634137715,29.623987474988525,182.88846930098316,0.9987369391949039
41,9,36956,backward,w,deg,3046,3046.0,0.0,0.5124323953419889,5.065052655089153,-9.674313847307225,6.829482223362113,16.50379607066934,-39.98380704928269,7.598655538048575,47.582462587331264,-1.806160876086355,8.798629895118168,38.59857921698787,212.09841982288793,0.9961216726979323
41,10,627,backward,w,deg,1081,1081.0,0.0,-2.524128276202248,11.942251578399992,-25.093478143359874,18.239481693798098,43.33295983715797,-30.143494378532097,18.632718306093153,48.77621268462525,-0.2960666470868209,45.88068942203108,46.27392603432614,201.59590003053103,0.9785176962874675
41,11,103221,backward,w,deg,457,457.0,0.0,-2.3428986439314485,9.38532733485969,-9.14069445353358,19.17888036741055,28.31957482094413,-27.149743977800227,19.682937881784994,46.83268185958522,0.5503471675533107,15.726566646921492,31.053162993204154,200.01301006028302,0.9866723914235236
41,12,171756,backward,w,deg,595,595.0,0.0,-1.3650815499801467,5.968035549737761,-8.209674975109843,9.961708110651028,18.171383085760873,-15.307736946867351,10.672005521517349,25.9797424683847,0.24542735814736005,11.447077559622132,14.0282571820143,26.38948569621673,0.9945877073093836
41,13,149609,backward,w,deg,26298,26298.0,0.0,1.775997630806856,5.379658897769029,-9.770439498993927,6.181640367037967,15.952079866031895,-14.254980847083175,8.971254605879494,23.22623545296267,-0.5847353498914664,16.202508145390784,20.687049493480032,27.37960396634073,0.9955989454269724
41,14,28726,backward,w,deg,134,134.0,0.0,1.9622004206697596,9.238629040941117,-23.949060099387765,10.521189565424475,34.47024966481224,-34.04878305138939,11.507692460738639,45.55647551212803,-2.2501204082700057,26.566813648535085,36.666536600536745,207.9743510949565,0.9872346842262875
41,15,50594,backward,w,deg,6466,6466.0,0.0,-0.11048440234334578,2.815809841893927,-4.400306569840019,4.831355838799681,9.2316624086397,-7.5849179035153895,14.403485879902092,21.988403783417482,0.15352760925174586,5.248617124433281,14.6792268733318,198.1715019957181,0.9987930037400379
41,16,38705,backward,w,deg,1511,1511.0,0.0,-1.5072931938859995,5.104835952363193,-4.18041280308384,11.621961679518122,15.802374482601962,-23.82114818216516,21.17666089982069,44.99780908198585,1.6547851244226064,15.564342360226561,24.776959742552407,195.48336919389857,0.9960502678161993
41,17,170313,backward,w,deg,20200,20200.0,0.0,-0.05004300587074795,2.613655948625159,-3.9365407614359653,3.4230509721931552,7.35959173362912,-6.033200724864969,13.773924419911936,19.807125144776904,1.3019443522589833,5.697607584853853,12.307559811736468,20.560406870770606,0.9989611256425739
41,18,133457,backward,w,deg,3360,3360.0,0.0,1.8139965082757783,5.946387211280128,-11.166496843490346,7.057369322268683,18.22386616575903,-11.516557786500016,14.931471481733553,26.44802926823357,-0.6683650838882887,13.54487114435839,13.894932087368034,22.13166448780684,0.9946271858050645
41,19,208654,backward,w,deg,3475,3475.0,0.0,-3.503552505474289,6.992126117146353,-7.109524738547686,15.29449091042585,22.404015648973534,-8.08227367369804,17.35587825098375,25.43815192468179,0.9079972468132554,20.01239480651291,22.07378214707083,18.718742932224746,0.9925778911383301
41,20,33137,backward,w,deg,998,998.0,0.0,-0.3872377355154981,9.97352421421164,-27.102882237222637,11.156072775171758,38.258955012394395,-28.54674957798241,20.308330977573377,48.85508055555579,-1.1450942167008256,26.075111237903194,27.518978578662967,200.04631094299887,0.9850392272796772
41,21,15889,backward,w,deg,12009,12009.0,0.0,-0.37963676289268733,3.4962266885366184,-5.203920729441347,6.105257168144732,11.309177897586078,-6.339737441892737,7.793111439348763,14.1328488812415,0.2553349916248376,6.436066848214551,8.123921119418583,189.95935590899776,0.9981394537177564
41,22,100032,backward,w,deg,2776,2776.0,0.0,2.1852776793489426,9.596457061430874,-16.290320012444326,12.64706398229282,28.937383994737147,-16.937026634865333,13.069792388570903,30.006819023436236,-0.375566490239146,24.548236694386034,25.19494331680704,206.98150144729905,0.986031063038186
41,23,154799,backward,w,deg,119,119.0,0.0,0.033701934537418765,4.443128313611123,-7.008201301512739,8.79748260863717,15.80568391014991,-14.156901684665769,11.2102770453225,25.367178729988268,-0.13673029555235566,9.50128587184728,15.360939397790446,24.980113726497752,0.9970007748570825
41,24,175498,backward,w,deg,2817,2817.0,0.0,1.2333116416045016,5.632514381803125,-10.42173955761989,6.593320118376084,17.015059675995975,-14.180239469634785,6.844878109939685,21.02511757957447,-0.5786484827042787,15.591236282706426,19.349736194721316,28.749358104376885,0.9951763302697062
41,25,120681,backward,w,deg,4030,4030.0,0.0,-0.3002767563695272,2.734848024841869,-2.013291266647221,5.077181919199871,7.090473185847092,-13.28236113879467,8.723489662890728,22.005850801685398,-1.0393465237910955,7.822431312961241,11.632336462687249,23.870032952654476,0.9988632482777615
41,26,119604,backward,w,deg,15567,15567.0,0.0,0.13106207123152558,1.7890865464518955,-2.9755108728398114,2.534436049016804,5.509946921856615,-13.930596848549499,7.856068545616068,21.786665394165567,0.04418760205840006,3.104160494748959,13.485350510437428,27.34067216594444,0.9995126628257025
41,27,86919,backward,w,deg,1975,1975.0,0.0,-0.9641422093515644,4.800200376619205,-5.441598796808288,10.00201587277537,15.443614669583658,-23.573172358583292,15.054646913899859,38.62781927248315,0.6112364923221554,10.206352781796584,23.71328824741741,199.0809875432161,0.9965003608190418
41,28,159766,backward,w,deg,895,895.0,0.0,-0.19251437372483338,4.337094445134003,-6.599779819005863,9.970484798886773,16.570264617892636,-14.390143835680277,11.92677014223176,26.316913977912037,0.17421711927603886,9.586572681616245,15.679319240952196,25.029402470720015,0.997142046664505
41,29,80822,backward,w,deg,6642,6642.0,0.0,-0.07391616843905524,4.312698243490048,-5.417831691811808,7.029070255417014,12.446901947228822,-31.5974106513259,14.612126350739004,46.209537002064906,-0.830296751577748,8.753736505312263,32.55937728986842,204.73557420921165,0.9971800331539679
41,30,79949,backward,w,deg,388,388.0,0.0,7.14737604001121,10.531142395226587,-16.181818869957176,10.060667358770155,26.24248622872733,-37.07196960060199,11.129133558060062,48.20110315866205,-0.8708156942268609,23.853000067127798,44.743150797772614,208.5687176476705,0.9832488535086202
41,31,173781,backward,w,deg,13960,13960.0,0.0,0.5887575965562633,2.922848835393668,-5.768645832426944,3.408438049347697,9.17708388177464,-14.01022922115041,8.149335890562469,22.15956511171288,-0.7181425701661761,7.34020062450345,15.581784013226923,28.194697828632254,0.9986997804977473
41,32,30556,backward,w,deg,19,19.0,0.0,3.0772892150291113,7.8092703797343255,-12.11305521864133,11.551708646635594,23.664763865276925,-12.69133730651592,12.60062760405907,25.29196491057499,-0.46011405504036496,16.222793990027377,16.801076077901968,205.16235593166462,0.9907404136628765
41,33,36819,backward,w,deg,126,126.0,0.0,-0.4592288132919293,10.367074427792986,-25.165523908460628,16.402122243139665,41.56764615160029,-28.217415898111625,17.636803245294175,45.8542191434058,-0.6993641461812174,22.40879500889953,25.46068699855053,199.9568039437972,0.9837979914300662
41,34,14609,backward,w,deg,958,958.0,0.0,2.569432707905662,8.1135470382018,-16.708185177430174,9.734679442131126,26.4428646195613,-28.78406974423703,17.572259449327618,46.35632919356465,-0.9927242832863545,19.390004330392333,31.465888897199193,201.489260844841,0.9900381413322906
41,35,203087,backward,w,deg,3262,3262.0,0.0,0.10151740640371543,4.645830522488205,-6.979233431032031,10.380052313079343,17.359285744111375,-13.268737527237704,11.594605516046215,24.86334304328392,0.616350075247095,14.634846587746777,15.849399790713676,25.185711919712634,0.9967195811132035
41,36,21211,backward,w,deg,5233,5233.0,0.0,-0.7394696580777804,3.763593280550222,-4.317278099878342,9.751145045865785,14.068423145744127,-8.309301070128157,10.683718820110471,18.993019890238628,1.4874615663558466,11.593974215666394,12.52654798991108,203.30353089691792,0.9978464073288276
41,37,76930,backward,w,deg,4765,4765.0,0.0,-0.678411640932211,6.736665551284836,-9.120354378136266,11.930009233134122,21.050363611270388,-10.692731584522363,14.598786081180577,25.29151766570294,0.34010984460418403,11.226101663619836,13.377853762121276,191.41217404484374,0.9931035797712295
41,38,36840,backward,w,deg,75,75.0,0.0,0.005908822956797621,7.109022089136934,-4.81059512730184,11.066807400856362,15.877402528158203,-25.08297953362063,19.68081790950879,44.76379744312942,-0.8362056518856121,19.99405336294441,22.609834031667873,196.7856097323059,0.9923747013961353
41,39,33028,backward,w,deg,1561,1561.0,0.0,8.46724920502649,15.812622096278268,-32.13279035526443,13.016974012820839,45.14976436808527,-33.96748111017453,13.311697928527963,47.279179038702495,-0.9748183404056738,41.60382202627173,43.43851278118183,205.5132827052772,0.9625016984108885
41,40,22279,backward,w,deg,742,742.0,0.0,0.49484387940636054,4.0753665689865475,-5.388095845609961,3.9651147482060374,9.353210593815998,-34.53181269081023,12.713922885035885,47.24573557584611,-1.0942308608419458,10.979069202385855,34.29912699453121,206.26634232325193,0.9974834131014442
41,0,94651,forward,eps,km^2/s^2,24762,24762.0,0.0,-0.1550460085916292,0.03122309272875761,-0.1963361807308062,-0.0992257857875493,0.09711039494325689,-0.20771718255735483,-0.09048652349403596,0.11723065906331886,0.24242567998674916,0.05283607445046748,0.06419802324807644,nan,nan
41,1,18323,forward,eps,km^2/s^2,3,3.0,0.0,-0.20960742047084435,0.3376741215025931,-0.8174655543037679,-0.14138307439475498,0.6760824799090129,-0.8850053469518705,-0.1338025914974117,0.7512027554544588,-1.6668137306863346,0.7436222725571155,0.7512027554544588,nan,nan
41,2,47219,forward,eps,km^2/s^2,635,635.0,0.0,-0.18874452048561963,0.07153105075040594,-0.25320581415799437,-0.11658232282495648,0.1366234913330379,-0.955561637951809,-0.0827119183779711,0.872849719573838,-6.391266421398841,0.08398431936270766,0.7554306909548415,nan,nan
41,3,49068,forward,eps,km^2/s^2,4837,4837.0,0.0,-0.9561452878994219,0.02649547506430825,-0.9856773079948123,-0.9055337972102661,0.08014351078454629,-0.9895364381834701,-0.8934464324712942,0.09609000571217596,0.3826132854609396,0.04702570413076275,0.059113068869734664,nan,nan
41,4,164816,forward,eps,km^2/s^2,2490,2490.0,0.0,-0.8419509892147359,0.047237050415452876,-0.9701896419285633,-0.811772995219169,0.15841664670939426,-1.0208111579248749,-0.8070918060031312,0.21371935192174363,-1.4054846719120262,0.08986523766839825,0.14048675366470986,nan,nan
41,5,55906,forward,eps,km^2/s^2,7148,7148.0,0.0,-0.23552293831818655,0.009938323369763895,-0.24813312171648863,-0.21576969106813318,0.03236343064835545,-0.2579895405119418,-0.1911870322661362,0.06680250824580558,0.5373544284234115,0.022887572900353134,0.047470231702350096,nan,nan
41,6,153596,forward,eps,km^2/s^2,2200,2200.0,0.0,-0.2357354347198964,0.02054802751632085,-0.25845683904688227,-0.19733643977475934,0.06112039927212293,-0.25930099629598635,-0.18083127953353884,0.07846971676244752,0.38455721356335754,0.042309595720171345,0.05881475596139185,nan,nan
41,7,149947,forward,eps,km^2/s^2,3463,3463.0,0.0,-0.16650566229370367,0.05006002712977163,-0.20450909326600406,-0.1065108651397831,0.09799822812622096,-0.8269552673886098,-0.10407870452841517,0.7228765628601946,-6.4832048765457895,0.06048303451088002,0.6604496050949061,nan,nan
41,8,8686,forward,eps,km^2/s^2,2980,2980.0,0.0,-0.8808496631831284,0.01643776756875796,-0.8996555438415175,-0.8611061618330317,0.03854938200848579,-0.979942286512975,-0.854697651065499,0.125244635447476,-2.066862988357452,0.022757711726850736,0.10304445439830823,nan,nan
41,9,36956,forward,eps,km^2/s^2,3046,3046.0,0.0,-0.15986952225387785,0.05788728808305113,-0.2149903000866544,-0.0595861388848925,0.1554041612017619,-0.8435749701859686,-0.04437929460744894,0.7991956755785197,-3.8250227882133627,0.0863007476791687,0.7030939719904963,nan,nan
41,10,627,forward,eps,km^2/s^2,1081,1081.0,0.0,-0.9218102735625054,0.04774224246557756,-0.9786239621409232,-0.8462978423584875,0.1323261197824357,-1.0206562915180895,-0.8063625597697947,0.2142937317482948,0.2765754874750414,0.06761621796592565,0.10835350798356602,nan,nan
41,11,103221,forward,eps,km^2/s^2,457,457.0,0.0,-0.8554818577319564,0.03153364653573241,-0.9224154262881173,-0.8135238223099408,0.10889160397817654,-0.9674652360500271,-0.8067424945822104,0.16072274146781673,-0.6054603520658458,0.06471529143204613,0.09072662283052801,nan,nan
41,12,171756,forward,eps,km^2/s^2,595,595.0,0.0,-0.8574761344778813,0.05288218882398767,-0.9746885965054155,-0.8178153238227032,0.15687327268271234,-1.0205829238249695,-0.8067458812098439,0.2138370426151256,-0.7761344906034324,0.10619534777004139,0.15208967508959537,nan,nan
41,13,149609,forward,eps,km^2/s^2,26298,26298.0,0.0,-0.8705733256140776,0.02378702759875945,-0.9217903466989528,-0.8415094238392847,0.08028092285966804,-0.9715083996257589,-0.8087495535208197,0.16275884610493918,-0.7814860020004323,0.08353982681829465,0.13325787974510073,nan,nan
41,14,28726,forward,eps,km^2/s^2,134,134.0,0.0,-0.19122230077015712,0.1867039256277985,-0.8360398143819455,-0.1071050382125507,0.7289347761693948,-0.9840399596112792,-0.04492689432768027,0.939113065283599,-3.1556741555466523,0.6360051192108996,0.7840052644402334,nan,nan
41,15,50594,forward,eps,km^2/s^2,6466,6466.0,0.0,-0.1731513623201517,0.06594855902559982,-0.21523513279064282,-0.13191456851932667,0.08332056427131615,-0.8369784330673861,-0.12480245613478136,0.7121759769326047,-8.08847476834365,0.04549203494645976,0.667235335223203,nan,nan
41,16,38705,forward,eps,km^2/s^2,1511,1511.0,0.0,-0.9135214045734468,0.04361365834569654,-0.9765345815120634,-0.8488454345001502,0.12768914701191325,-1.0203849539144754,-0.8064411635281616,0.21394379038631373,0.33010294003960633,0.07119505785622737,0.1130334329073468,nan,nan
41,17,170313,forward,eps,km^2/s^2,20200,20200.0,0.0,-0.09574267919233598,0.027392607217001028,-0.15404196818234947,-0.06671064433269983,0.08733132384964964,-0.19589732550508676,-0.05885393284037144,0.13704339266471532,-0.8990328525348524,0.0762862326450415,0.11814158996777879,nan,nan
41,18,133457,forward,eps,km^2/s^2,3360,3360.0,0.0,-0.8719237104779736,0.053444178952268134,-0.9737418480101814,-0.8103857499869561,0.16335609802322526,-1.0195465359042162,-0.8067544423545633,0.2127920935496529,-0.3905913724595756,0.08866255164865502,0.12084238223595023,nan,nan
41,19,208654,forward,eps,km^2/s^2,3475,3475.0,0.0,-0.8433009131723173,0.028308586671850898,-0.9180927094872593,-0.8245404392445952,0.0935522702426641,-1.020820045950525,-0.8081579121131915,0.21266213383733346,-2.2468102823318663,0.07435194263109679,0.1770792790943625,nan,nan
41,20,33137,forward,eps,km^2/s^2,998,998.0,0.0,-0.15336417410606767,0.11484862603956147,-0.22505055145256034,-0.046426581402396166,0.17862397005016417,-0.9434475411241393,-0.043981079635574294,0.899466461488565,-4.218592431178523,0.14468184682779828,0.753259652661015,nan,nan
41,21,15889,forward,eps,km^2/s^2,12009,12009.0,0.0,-0.9648665302134715,0.03298127249702342,-1.0022430780117184,-0.9020319541123349,0.10021112389938347,-1.0085644016778017,-0.8911740447928009,0.11739035688500077,0.36865308870090835,0.05453313403636977,0.06539104335590373,nan,nan
41,22,100032,forward,eps,km^2/s^2,2776,2776.0,0.0,-0.9102123225388844,0.038955687151090226,-0.9769052462131517,-0.8483873874517154,0.1285178587614363,-0.9819994090634598,-0.8085486977147093,0.17345071134875056,-0.011840485448324695,0.07107626465936195,0.110914954396368,nan,nan
41,23,154799,forward,eps,km^2/s^2,119,119.0,0.0,-0.2122682203705939,0.3326477163993433,-0.9595375800994861,-0.11557100701630235,0.8439665730831838,-0.9769988255449953,-0.046719852405381124,0.9302789731396142,-0.692641359148149,0.7472610534980867,0.7647222989435959,nan,nan
41,24,175498,forward,eps,km^2/s^2,2817,2817.0,0.0,-0.8256300190341046,0.021198418736117497,-0.8603858790591007,-0.8077745273975341,0.05261135166156661,-0.9841565378209203,-0.8071892914486543,0.17696724637226602,-2.3464524812607612,0.05092800714305028,0.17469866590486982,nan,nan
41,25,120681,forward,eps,km^2/s^2,4030,4030.0,0.0,-0.16894091600741779,0.07945736688542047,-0.21081293745070964,-0.11326121973226483,0.09755171771844481,-0.8469894841534737,-0.06269689419354152,0.7842925899599322,-6.557400189817049,0.06336359743077126,0.6709784609999999,nan,nan
41,26,119604,forward,eps,km^2/s^2,15567,15567.0,0.0,-0.9430115048371573,0.022993341038726328,-0.9697017177555666,-0.8971434553649487,0.07255826239061791,-0.9750473144925218,-0.8510394547458431,0.12400785974667872,0.4701828123073475,0.03906369714914584,0.08302791284699307,nan,nan
41,27,86919,forward,eps,km^2/s^2,1975,1975.0,0.0,-0.14166199376998168,0.12127708116913964,-0.21398902688779606,-0.12080006179353464,0.09318896509426142,-0.8391354672506938,-0.11826032251542584,0.7208751447352679,-5.017207194603381,0.08335225462508863,0.7084986949879863,nan,nan
41,28,159766,forward,eps,km^2/s^2,895,895.0,0.0,-0.18883698019699258,0.0485254173102733,-0.2557993171558904,-0.11444951095411253,0.14134980620177784,-0.25836749841118056,-0.04380055913553149,0.21456693927564907,0.37380543857617404,0.09201964283274063,0.16266859465132166,nan,nan
41,29,80822,forward,eps,km^2/s^2,6642,6642.0,0.0,-0.2180851374202063,0.015926311944711793,-0.2321772098255534,-0.18252288191946411,0.049654327906089285,-0.25802878862821066,-0.1323541813583886,0.12567460726982205,1.4062536442333007,0.038474757896457136,0.08864345845753263,nan,nan
41,30,79949,forward,eps,km^2/s^2,388,388.0,0.0,-0.8337161670844483,0.11446175478760995,-0.9663609879517479,-0.8110461862724453,0.15531480167930256,-1.0177613353840123,-0.116718835724553,0.9010424996594593,4.61190011107333,0.14102631185202225,0.7152977921469034,nan,nan
41,31,173781,forward,eps,km^2/s^2,13960,13960.0,0.0,-0.923010918159745,0.019803903524555435,-0.9520647875820687,-0.8910839655281859,0.06098082205388278,-1.0105042189071916,-0.8503133897439553,0.16019082916323624,0.045195026145760736,0.03358259513371474,0.0913398728413215,nan,nan
41,32,30556,forward,eps,km^2/s^2,19,19.0,0.0,-0.24506927529095335,0.3686554833480044,-0.9797511724472803,-0.06517782927925665,0.9145733431680236,-1.020440955040417,-0.05015293496594231,0.9702880200744747,-0.323057684291347,0.7707233122539694,0.8114130948471061,nan,nan
41,33,36819,forward,eps,km^2/s^2,126,126.0,0.0,-0.8523362843923652,0.15641676168792293,-0.9754208847154295,-0.396505934291966,0.5789149504234635,-1.0194952570673936,-0.22186741275669564,0.797627844310698,3.0223129921932648,0.4767512371281091,0.6092579027858908,nan,nan
41,34,14609,forward,eps,km^2/s^2,958,958.0,0.0,-0.819548807525118,0.23476940115984957,-0.8737696896090453,-0.11870047907222549,0.7550692105368199,-0.9766414133636984,-0.04389160369217371,0.9327498096715247,2.185252771910842,0.7015511258816094,0.7763600012616612,nan,nan
41,35,203087,forward,eps,km^2/s^2,3262,3262.0,0.0,-0.16893666640404142,0.08526870418155955,-0.21182542143250285,-0.11042248213398993,0.10140293929851292,-1.0195542132081998,-0.0500836435186548,0.969470569689545,-7.063829449503143,0.0646951491946035,0.8453049395214016,nan,nan
41,36,21211,forward,eps,km^2/s^2,5233,5233.0,0.0,-0.1861972383530538,0.0873089257179504,-0.2187398383754254,-0.14964601086045246,0.06909382751497295,-0.8370536649126132,-0.14166717243900762,0.6953864924736056,-6.594526530094006,0.04401599870419106,0.6454790853336863,nan,nan
41,37,76930,forward,eps,km^2/s^2,4765,4765.0,0.0,-0.8781988469652747,0.02444096953704817,-0.9288619575479826,-0.8504857957300772,0.07837616181790541,-0.971391766789463,-0.8235430112332104,0.14784875555625265,-0.8056089312615361,0.04248410216111185,0.08255921305721448,nan,nan
41,38,36840,forward,eps,km^2/s^2,75,75.0,0.0,-0.17363830834839,0.13896452979839777,-0.2225217415323603,-0.11545619837842076,0.10706554315393953,-0.8827561980116676,-0.060086332099685946,0.8226698659119817,-4.284707641646804,0.11231235657373498,0.6770841057911815,nan,nan
41,39,33028,forward,eps,km^2/s^2,1561,1561.0,0.0,-0.24470825215367042,0.020443556775487086,-0.25643882804093565,-0.20049060644547456,0.05594822159546109,-0.2574162916054966,-0.12386906400087427,0.13354722760462234,2.3849338027040328,0.0417673945319722,0.11838893697657249,nan,nan
41,40,22279,forward,eps,km^2/s^2,742,742.0,0.0,-0.8276560347947666,0.05567606887347033,-0.8818986207073858,-0.8122337994999658,0.06966482120742001,-1.0201739466041788,-0.04477593560856841,0.9753980109956104,10.228983049405084,0.056738498760315385,0.7807535866455626,nan,nan
41,0,94651,forward,e,-,24762,24762.0,0.0,0.6280911249288582,0.0764971511452591,0.5249876583184834,0.763172759776761,0.23818510145827765,0.4945975559633394,0.7841382419656238,0.2895406860022844,0.2179491160057943,0.13122405113974112,0.16161415349488512,nan,nan
41,1,18323,forward,e,-,3,3.0,0.0,0.4909186749852805,0.13185859662563443,0.371643086377117,0.6608554518209706,0.2892123654438536,0.35839024319843216,0.679737315913825,0.32134707271539287,0.5157834326817468,0.3024652086225384,0.32134707271539287,nan,nan
41,2,47219,forward,e,-,635,635.0,0.0,0.5445114406325833,0.10414036153392361,0.37209477826979914,0.721363877368978,0.34926909909917886,0.17020378480203383,0.8029346747167724,0.6327308899147386,-0.11890067115633501,0.20735547233202667,0.3447491282398676,nan,nan
41,3,49068,forward,e,-,4837,4837.0,0.0,0.47951507377919944,0.04221388477469184,0.3957330106697318,0.5238395791535931,0.12810656848386132,0.3738368212161587,0.5294155266261129,0.15557870540995422,-0.4582413843444016,0.07812247775899497,0.10001866721256814,nan,nan
41,4,164816,forward,e,-,2490,2490.0,0.0,0.2681016816929064,0.09205794565722,0.18528264377497816,0.5010042288205943,0.3157215850456161,0.17108557576733655,0.5729437428642237,0.40185816709688715,1.0288261702316632,0.17185298323431555,0.22347788831973053,nan,nan
41,5,55906,forward,e,-,7148,7148.0,0.0,0.42137702252825887,0.02720256517788079,0.3860821588865486,0.47491126900192693,0.0888291101153783,0.35737832241848155,0.5386737053151543,0.1812953828966728,0.4872412055851306,0.061824201808079404,0.12558663812130683,nan,nan
41,6,153596,forward,e,-,2200,2200.0,0.0,0.4197859043466321,0.0556476131681218,0.3559623488607874,0.5214013554399549,0.1654390065791675,0.3534727015855489,0.5633284052797051,0.20985570369415618,0.3378347244789111,0.11241544628116468,0.15434249612091483,nan,nan
41,7,149947,forward,e,-,3463,3463.0,0.0,0.5996629366045887,0.08974248286068359,0.5040218951994587,0.745624121956671,0.24160222675721232,0.2062286491345052,0.7514951973571784,0.5452665482226732,-0.07057388391915176,0.14719445203569803,0.39343428747008347,nan,nan
41,8,8686,forward,e,-,2980,2980.0,0.0,0.3496817315302656,0.030304250479301974,0.3099467214323015,0.3849353402527902,0.07498861882048868,0.2961950763715573,0.5154629321271346,0.21926785575557728,1.6929906082506312,0.04358878443884012,0.1733522695909509,nan,nan
41,9,36956,forward,e,-,3046,3046.0,0.0,0.6166548981272342,0.11554857238039767,0.47662898473654036,0.8580633295380171,0.38143434480147675,0.19421885160693464,0.8942666422086608,0.7000477906017262,0.37805320582167545,0.2092061679903859,0.4698134716148846,nan,nan
41,10,627,forward,e,-,1081,1081.0,0.0,0.4240272976164108,0.08659197219131042,0.27836036283040394,0.5135884449149755,0.23522808208457152,0.16857236846964585,0.572716237374,0.40414386890435416,-0.5550560092939599,0.1310765841739382,0.23919232258558154,nan,nan
41,11,103221,forward,e,-,457,457.0,0.0,0.29859566538870164,0.06683846232106645,0.19047519768237592,0.42449816732539547,0.23402296964301955,0.16987312589813894,0.49707187044589213,0.3271987445477532,0.1784503780330573,0.15232583260128096,0.17255242016136998,nan,nan
41,12,171756,forward,e,-,595,595.0,0.0,0.3028948150694927,0.10216908509333225,0.20563640137216854,0.507779729143428,0.3021433277712594,0.17006665311222163,0.572619520313711,0.40255286720148936,0.5383801195947838,0.1809581527683203,0.24579794393860338,nan,nan
41,13,149609,forward,e,-,26298,26298.0,0.0,0.330553180084597,0.046475624861375325,0.26708986268244866,0.42438810492542106,0.1572982422429724,0.175969075502094,0.5031026509987027,0.32713357549660865,0.5016775998472938,0.1651718333303253,0.2438863794036069,nan,nan
41,14,28726,forward,e,-,134,134.0,0.0,0.5382577813750746,0.13219129765439472,0.35651089059138535,0.7442039536950807,0.3876930631036954,0.1749042741804052,0.892947970469117,0.7180436962887118,0.015156639186247434,0.23620999403223453,0.37760435616350874,nan,nan
41,15,50594,forward,e,-,6466,6466.0,0.0,0.5829016239083269,0.0745449402635987,0.47540748591697624,0.6841970784213754,0.2087895925043992,0.18708949114852477,0.7014729021211635,0.5143834109726387,-0.9166825518206014,0.11597715878134153,0.40429515354979295,nan,nan
41,16,38705,forward,e,-,1511,1511.0,0.0,0.40983929625244114,0.080672058641723,0.2837627657259858,0.5105112640191294,0.22674849829314359,0.16892343819593658,0.5723421520948844,0.4034187138989478,-0.7597576824416007,0.1369811441226192,0.25118547496023624,nan,nan
41,17,170313,forward,e,-,20200,20200.0,0.0,0.7715700420546533,0.06624548343780945,0.6300014389042744,0.8410081624008632,0.21100672349658878,0.5250959763492817,0.8597500074356198,0.33465403108633807,-0.931714633570283,0.18463423594145703,0.28953969849644967,nan,nan
41,18,133457,forward,e,-,3360,3360.0,0.0,0.3328016155872189,0.1040448506949342,0.1823682052564788,0.5064149354809875,0.3240467302245087,0.17001816509090778,0.5711940403640638,0.40117587527315607,0.16509612126859194,0.2014016953785021,0.21375173554407317,nan,nan
41,19,208654,forward,e,-,3475,3475.0,0.0,0.27191379877557836,0.056480032896576694,0.22533826362079076,0.4183755836251029,0.19303732000431215,0.17467649438969368,0.572955757279698,0.39827926289000437,1.703826492793688,0.14529768928037112,0.29987786293496627,nan,nan
41,20,33137,forward,e,-,998,998.0,0.0,0.6320638895518637,0.1556525482558457,0.4523519005732203,0.8893938907007222,0.4370419901275019,0.21785107411311996,0.8952125964134294,0.6773615223003094,0.11378062524707742,0.34912925371148845,0.35494795942419566,nan,nan
41,21,15889,forward,e,-,12009,12009.0,0.0,0.4927558523990591,0.051926298846462715,0.389197306358187,0.5474114597804919,0.15821415342230488,0.36933174053788914,0.5562090261526239,0.18687728561473477,-0.4571754791686682,0.09074591341426112,0.110611479234559,nan,nan
41,22,100032,forward,e,-,2776,2776.0,0.0,0.4045973697560281,0.06939790067252208,0.2829240852257385,0.5109741755864188,0.2280500903606803,0.17689843824555226,0.5185090086168794,0.34161057037132714,-0.22615001142763688,0.1371098528402407,0.2431354998204269,nan,nan
41,23,154799,forward,e,-,119,119.0,0.0,0.4937768615589787,0.16080115974881024,0.22811755629880573,0.7238154277710623,0.49569787147225663,0.1698141830836259,0.8887012718543874,0.7188870887707615,-0.043153520433008435,0.2682110494791606,0.4048240259543841,nan,nan
41,24,175498,forward,e,-,2817,2817.0,0.0,0.22822097048534584,0.050434997912917265,0.17336619304412565,0.3100969970508512,0.13673080400672555,0.17140178779317194,0.5212219375949423,0.34982014980177034,1.2649652785447643,0.13035670678182132,0.3414816473259124,nan,nan
41,25,120681,forward,e,-,4030,4030.0,0.0,0.5935641431014141,0.09441357154189664,0.4875935241212416,0.7293793609747571,0.2417858368535155,0.1713813094736515,0.8506606350833577,0.6792793256097062,-0.44583206396442027,0.1549290697190835,0.4045787158004728,nan,nan
41,26,119604,forward,e,-,15567,15567.0,0.0,0.45899937323257295,0.037765750066117314,0.3811058118509253,0.5003596914603511,0.1192538796094258,0.28987177594082353,0.5083076614849963,0.21843588554417276,-0.5599871495688521,0.06354557382663582,0.15467874215706706,nan,nan
41,27,86919,forward,e,-,1975,1975.0,0.0,0.660584960125247,0.09549354550220374,0.4782031819083181,0.7111448247075818,0.23294164279926366,0.16949320295763892,0.717303409218294,0.5478102062606551,-3.024035680090853,0.20917996435447578,0.517889943305155,nan,nan
41,28,159766,forward,e,-,895,895.0,0.0,0.5437293304335695,0.1227466009907398,0.3637147248321948,0.7265033932977233,0.3627886684655285,0.3562089582089487,0.8956399397956282,0.5394309815866795,0.2603446260133129,0.22781501884341449,0.39695156534131937,nan,nan
41,29,80822,forward,e,-,6642,6642.0,0.0,0.4684604742305891,0.041274275384395896,0.4305750502817068,0.5595712472577085,0.12899619697600168,0.3572200901263215,0.6832326818608986,0.3260125917345771,1.2864639636583308,0.0998446664179282,0.22218359204551102,nan,nan
41,30,79949,forward,e,-,388,388.0,0.0,0.2524537882993323,0.10504443927133655,0.20144810144059777,0.5014222129421362,0.2999741115015384,0.16971236327555636,0.7210519795222733,0.5513396162467169,1.001767127012092,0.257023841010382,0.47665360759051906,nan,nan
41,31,173781,forward,e,-,13960,13960.0,0.0,0.4264732138680448,0.033496641465277775,0.3701029861835046,0.47344210275641224,0.10333911657290762,0.288258210095421,0.5587434251500458,0.2704852150546248,-0.15015733520471009,0.05646372111774907,0.13881872324463468,nan,nan
41,32,30556,forward,e,-,19,19.0,0.0,0.4705035456942431,0.17260047824648903,0.24998451588871495,0.8447480883345494,0.5947635724458344,0.24735772442992304,0.8805307353897781,0.633173010959855,0.8460037775350211,0.35264781155200314,0.38843045860723185,nan,nan
41,33,36819,forward,e,-,126,126.0,0.0,0.3471533220196389,0.11078191472350171,0.20665250643482488,0.5088944081405649,0.30224190170573995,0.18600693989988665,0.5711935451900068,0.3851866052901201,0.2963453776557353,0.26673641349639116,0.3290355505458331,nan,nan
41,34,14609,forward,e,-,958,958.0,0.0,0.22340028542134036,0.16521455969236273,0.1885460769591045,0.7162238145919112,0.5276777376328067,0.17222573043226008,0.8954250633070769,0.7231993328748169,2.2725300817255536,0.5036487917908512,0.6828500405060169,nan,nan
41,35,203087,forward,e,-,3262,3262.0,0.0,0.5935070431115577,0.09518005104354334,0.4860105740321596,0.7362367170250925,0.25022614299293294,0.17073231361406763,0.8806958366908055,0.7099635230767379,-0.20900881595529489,0.15797321239556297,0.4096600725413664,nan,nan
41,36,21211,forward,e,-,5233,5233.0,0.0,0.5500151133749239,0.07039436940359928,0.4659043777897428,0.6408966250543876,0.1749922472646448,0.16906056437399272,0.6604308114173666,0.49137024704337384,-1.770101350144932,0.10970012696937893,0.3672557279568187,nan,nan
41,37,76930,forward,e,-,4765,4765.0,0.0,0.3450971577392699,0.04607489445625448,0.28726092228180333,0.4361707743857102,0.1489098521039069,0.22263718442495697,0.5029569112002404,0.2803197267752835,0.5997115972564865,0.08353432749912969,0.14278212290761297,nan,nan
41,38,36840,forward,e,-,75,75.0,0.0,0.581854946126294,0.107826511540007,0.4562725169458055,0.7240824854638346,0.2678099685180291,0.21530385870088578,0.8568787149132043,0.6415748562123186,-0.5023223290365123,0.22318292145123594,0.3556661391124557,nan,nan
41,39,33028,forward,e,-,1561,1561.0,0.0,0.3956749544084125,0.05461846421845296,0.36189216190113815,0.5139919898549435,0.1520998279538054,0.35907069968116695,0.7042509991652085,0.34518029948404155,2.191345398446683,0.11055859412687435,0.3008176034371393,nan,nan
41,40,22279,forward,e,-,742,742.0,0.0,0.23289817442625682,0.06821986847277624,0.18857975116087264,0.35393424524773853,0.1653544940868659,0.16976826648044613,0.8933250748032786,0.7235568083228325,4.143113153012879,0.12659459325976,0.6659854228153,nan,nan
41,0,94651,forward,w,deg,24762,24762.0,0.0,-3.1982707329133433,18.183612281640148,-22.44403562614528,34.01324331726869,56.45727894341397,-23.531531890114536,68.44524937089787,91.9767812610124,0.7307003790032636,47.10927812361845,81.54128417724763,174.40797601174924,0.9508394059770844
41,1,18323,forward,w,deg,3,3.0,0.0,17.47436192330744,58.692013702964005,-80.4914863577908,41.69076968010982,122.18225603790063,-91.37658061124617,44.38148165308786,135.75806226433403,-1.4630463835063343,133.067350291356,135.75806226433406,220.0108864065519,0.5481755456118705
41,2,47219,forward,w,deg,635,635.0,0.0,-1.7970693478188764,26.887811918644072,-31.48712716417065,40.96879301756506,72.4559201817357,-163.7364781007392,169.9077497524537,333.6442278531929,0.21587780307170212,55.98650919627505,178.22954561618974,317.8249721204858,0.9077287251635526
41,3,49068,forward,w,deg,4837,4837.0,0.0,-0.7536044753006763,13.392034058388465,-19.120335374897433,24.72927080717462,43.84960618207205,-21.81293268107072,38.37960090177904,60.19253358284976,0.44525274387513974,30.095191930776213,43.74552202538064,313.3794188337216,0.9729961358106123
41,4,164816,forward,w,deg,2490,2490.0,0.0,-2.043665907223499,29.35791939986759,-38.45029083412595,51.846447845362604,90.29673867948856,-43.19170310966359,103.26797118719196,146.45967429685555,0.4882417302531413,53.107044104545835,104.52856744637518,72.06054194920729,0.8756847281337662
41,5,55906,forward,w,deg,7148,7148.0,0.0,-2.1072165106451024,18.49538449166607,-25.307855029967854,30.999176043029024,56.30703107299688,-29.741054451990408,81.74837005652148,111.48942450851189,0.6099834071442115,30.474380599747636,79.91873535628133,193.18801335744573,0.9493142070565753
41,6,153596,forward,w,deg,2200,2200.0,0.0,-4.114787754542093,26.16888289511011,-32.43567127089003,51.97038449406343,84.40605576495346,-37.172112958489635,89.8678978291291,127.04001078761874,0.7532785704472176,68.69879940553467,106.59631274060035,234.39195954861668,0.9007919674379006
41,7,149947,forward,w,deg,3463,3463.0,0.0,-3.2215662001381133,24.724022577297205,-30.69763810915089,44.178060119132574,74.87569822828347,-178.60234171934852,164.1152234007809,342.7175651201294,0.5781644233399708,56.923456662055955,176.71721559910668,240.40563234374622,0.9167244208105213
41,8,8686,forward,w,deg,2980,2980.0,0.0,-1.681740401113899,6.058146883433887,-3.975930169195408,5.757222850267495,9.733153019462904,-4.127564726612832,57.98694670791457,62.1145114345274,4.310057945562125,9.186079579341524,61.4158034369886,293.5370568774897,0.9945526444618998
41,9,36956,forward,w,deg,3046,3046.0,0.0,-1.6908705462837617,17.229912928829126,-19.63933685540617,27.004364117360623,46.643700972766794,-43.17616845467563,175.33970487711053,218.51587333178617,2.17867890670335,29.07909943896196,174.65774934094458,247.93670843020823,0.9602066674477022
41,10,627,forward,w,deg,1081,1081.0,0.0,5.2724735885879,23.316432981380835,-41.29051342618476,31.575923528491472,72.86643695467623,-62.486820319268816,85.91140642986937,148.3982267491382,-0.26502395535342527,50.01764169674453,78.80439578323501,36.6165820521662,0.9203007747925489
41,11,103221,forward,w,deg,457,457.0,0.0,-1.4418450611830167,21.182541548661835,-28.473131820281118,37.31769841914806,65.79083023942917,-33.13166533653376,62.193658425644486,95.32532376217824,0.4724344051593473,41.510536829194535,66.38649683569096,74.7097439376681,0.9334666237076826
41,12,171756,forward,w,deg,595,595.0,0.0,-1.5613989432420112,33.42128530968028,-50.67871946397488,54.45951546153997,105.13823492551485,-67.31331833038311,96.04319892996466,163.35651726034777,0.11720247143922878,62.04493891365285,103.62862238207754,217.3246540604443,0.8404092407711494
41,13,149609,forward,w,deg,26298,26298.0,0.0,-2.446274435074045,16.54364382796079,-20.50450110623808,30.925558456070213,51.430059562308294,-23.347269264264696,96.87289676503792,120.22016602930262,1.168783604438414,30.154721344022626,96.1020596529903,14.865311630411426,0.959754620224921
41,14,28726,forward,w,deg,134,134.0,0.0,-0.09111479859384986,46.124391387392706,-123.12703734305721,41.46169362029029,164.5887309633475,-164.46813919037288,161.02005117994884,325.4881903703217,-1.4770556416791352,139.64764810695462,168.50044117994435,42.4950974884593,0.7884599442918333
41,15,50594,forward,w,deg,6466,6466.0,0.0,-3.0985462969040327,19.051595550224558,-10.79047537039213,25.152816579285933,35.94329194967806,-179.76752422517166,179.73800743538504,359.5055316605567,2.9525204399086458,33.18697005054659,179.88376175152462,173.23367061283582,0.965931522205261
41,16,38705,forward,w,deg,1511,1511.0,0.0,-4.238993681024567,21.22898545193887,-35.468307976158826,39.165314479570355,74.63362245572918,-68.13108701056467,69.57711884871225,137.70820585927692,0.28791333834785676,47.95853824478709,77.14753913749985,50.225233166605506,0.9342441505355641
41,17,170313,forward,w,deg,20200,20200.0,0.0,-2.9400772609590575,15.78377497995064,-19.270040130635174,30.246412973185137,49.51645310382031,-21.41646942292519,70.08246077324887,91.49893019617406,0.9422787674933716,40.44004872838725,80.27609652845098,172.68961418031708,0.9629200118017123
41,18,133457,forward,w,deg,3360,3360.0,0.0,2.0808896326907274,27.99806635575048,-51.606522382546494,42.05024708952537,93.65676947207186,-63.37308403326672,76.68519378418557,140.05827781745228,-0.2418293961264918,51.613432873090204,83.90697717097999,124.07343402758254,0.886655335821868
41,19,208654,forward,w,deg,3475,3475.0,0.0,-2.293893430746607,14.51855340414144,-16.67812501431071,27.618707601834505,44.29683261614521,-23.991031663893637,92.993602409976,116.98463407386964,1.4310371648336926,40.37281628873942,105.74771109688089,53.311462470375496,0.9690332617153123
41,20,33137,forward,w,deg,998,998.0,0.0,-3.445023544817559,26.762353747813247,-24.867720063622293,34.87572343927359,59.743443502895886,-47.8377329841899,170.4426693721358,218.2804023563257,3.4826317043874426,44.74273646655177,179.690317600586,299.16350460689415,0.9233538090012895
41,21,15889,forward,w,deg,12009,12009.0,0.0,-0.5042184816846316,6.784508727778861,-10.047575620866576,11.776041622741346,21.82361724360792,-11.77057875573962,21.507418860547887,33.27799761628751,0.34684809218284174,16.506348568030333,26.237725805836874,301.6118675794645,0.9930089951288807
41,22,100032,forward,w,deg,2776,2776.0,0.0,-3.7889969454026016,15.881526883021017,-20.238149163035573,30.823139191746577,51.06128835478215,-23.37846685333318,50.23627452616347,73.61474137949665,0.7211538421691253,27.166556197159508,46.11553011419113,338.1565397369999,0.9622532304120575
41,23,154799,forward,w,deg,119,119.0,0.0,-3.5477377985567102,89.98307747228733,-132.18311793865337,168.06434901233433,300.2474669509877,-179.53954694254656,174.88485408686535,354.4244010294119,0.10543319287176539,174.58453254547914,179.52600672896733,172.77714438553016,0.2681619447683756
41,24,175498,forward,w,deg,2817,2817.0,0.0,-3.436210652768665,16.725821896174033,-17.529179419167985,30.068339369596405,47.59751878876439,-18.802189545037436,98.57887815188826,117.3810676969257,1.849617043742386,33.33885268725123,101.8493914695431,17.26776755316406,0.9598699117654399
41,25,120681,forward,w,deg,4030,4030.0,0.0,-4.5018594219972385,23.60219052678036,-20.687361036672673,38.758424697017574,59.44578573369024,-146.26042688148746,162.14179804764842,308.40222492913585,2.478748364500253,57.09472899337327,179.66774928655104,286.40930500920234,0.9305909570171992
41,26,119604,forward,w,deg,15567,15567.0,0.0,-3.089962543260185,15.986814848870377,-18.472729483649733,31.61200238885318,50.084731872502914,-20.196928842839498,71.67135112966739,91.86827997250688,1.1546514238273473,42.57905040875388,82.6383991495681,11.06670541140332,0.9621672946000146
41,27,86919,forward,w,deg,1975,1975.0,0.0,-3.623689739110546,33.97649839596784,-22.45351485518072,42.202179066199456,64.65569392138018,-179.51627462346875,179.87019785508494,359.3864724785537,2.0322586164743948,46.96891250270205,179.91060724296494,205.3979375270031,0.889762713169176
41,28,159766,forward,w,deg,895,895.0,0.0,-1.6719088563106652,26.452907615278534,-47.71783340682138,46.31556610090042,94.0333995077218,-70.27487783017756,84.24083486708372,154.51571269726128,0.15599115785730616,55.270029592755115,91.19527047743156,40.47633322785208,0.899434136541149
41,29,80822,forward,w,deg,6642,6642.0,0.0,-1.772276975025278,19.79463306061999,-27.39542489743004,35.1258680718508,62.52129296928084,-32.41241005134998,90.26230105527651,122.67471110662649,0.623618689627102,35.232192922067576,85.16270107153008,201.30257661514077,0.9421815966607823
41,30,79949,forward,w,deg,388,388.0,0.0,-1.8582104287054335,29.954937705545518,-34.23061395782439,36.9778978069689,71.20851176479329,-173.9442791997127,65.3621219245538,239.3064011242665,-2.9441773669962816,51.36130064334219,171.29024978060738,154.139083078609,0.9079524819656669
41,31,173781,forward,w,deg,13960,13960.0,0.0,-4.046585672528366,15.80900176367501,-15.642080022176923,26.967831930059404,42.60991195223633,-16.037755817267453,103.59431728000527,119.63207309727272,1.731411755533161,35.80176036526113,112.42824571520703,6.524850208929961,0.9638752421113888
41,32,30556,forward,w,deg,19,19.0,0.0,-0.039442791059059346,84.99533302206939,-141.0024695652053,74.66212729706695,215.66459686227225,-156.72789190265996,107.2693358967245,263.99722779938446,-0.20350267617914,177.37406713989677,179.5622048523453,117.93104970045478,0.18080147678085778
41,33,36819,forward,w,deg,126,126.0,0.0,0.22162628448857902,42.080555672631704,-53.53357531595121,110.5191747898149,164.0527501057661,-63.75380855183266,165.98574464730723,229.7395531991399,1.7263179212641093,128.51139792605147,176.02203221645618,244.35567712810155,0.8073402080765564
41,34,14609,forward,w,deg,958,958.0,0.0,-6.7597044932895045,48.08975843054705,-32.32416346189879,128.2059052558952,160.530068717794,-179.57828955011587,178.7640407704787,358.34233032059456,1.6652218086312909,143.27253384690508,177.0901674858295,169.15683814181418,0.757693030926465
41,35,203087,forward,w,deg,3262,3262.0,0.0,-4.032629382279765,29.624782228823932,-30.4089989230315,51.6217540025001,82.0307529255316,-179.57183985945284,176.87283722633146,356.4446770857843,-0.11439687484821215,60.86692617820933,179.80539033112257,302.3997182713275,0.8922929202542558
41,36,21211,forward,w,deg,5233,5233.0,0.0,-5.758293335532869,28.749143083300616,-18.46175247877474,43.07634154924448,61.53809402801922,-179.41352623362553,179.91300140727276,359.3265276408983,2.602708730681702,45.69605249102377,179.51068761110957,181.8635379741812,0.9148768948408049
41,37,76930,forward,w,deg,4765,4765.0,0.0,-2.994784201368361,13.550459838202398,-15.675361644056375,29.1132351274086,44.788596771464974,-17.272923438455905,54.257858999527,71.53078243798291,1.0543482533978816,32.201038889933685,57.345662762052086,307.55655869643067,0.9725276042006931
41,38,36840,forward,w,deg,75,75.0,0.0,-0.9993113000762435,36.60711484744844,-51.314725147577185,37.2766416461001,88.59136679367728,-165.9427295834841,59.51043262988793,225.45316221337202,-2.4106030147209565,61.498843974131546,176.12684841003846,75.66720351717213,0.8602188689505452
41,39,33028,forward,w,deg,1561,1561.0,0.0,-5.023757414738753,24.557873214749492,-28.979244354775147,50.48651240768723,79.46575676246238,-30.86058871530335,80.67776464079657,111.53835335609992,0.8890645581773547,46.37416838150983,76.56542061461914,211.775139767642,0.9124257184287726
41,40,22279,forward,w,deg,742,742.0,0.0,-2.068753276728316,17.970732234145398,-21.628582690816806,29.4891309065887,51.117713597405505,-48.12882395842857,156.46358554815106,204.59240950657963,3.4454146043425307,36.70767366345982,162.3891828111539,157.74595383977922,0.9592082669718623
45,0,96248,backward,eps,km^2/s^2,24772,24772.0,0.0,-0.0984223089373345,0.023129978475500013,-0.14687234185125705,-0.0674022178502448,0.07947012400101225,-0.1786091600636054,-0.058817793307683885,0.1197913667559215,-0.7428092715673895,0.06410581787001787,0.0958426360823662,nan,nan
45,1,18323,backward,eps,km^2/s^2,3,3.0,0.0,-0.9166889311745429,0.08195725274902142,-1.0075710141307719,-0.8268939994167189,0.18067701471405295,-1.0176690233481307,-0.8169167847769607,0.20075223857116997,-0.018050892859940604,0.19065422935381118,0.20075223857116997,nan,nan
45,2,47219,backward,eps,km^2/s^2,635,635.0,0.0,-0.9534411133915695,0.02702123425790787,-0.9763162685471378,-0.9153400405468107,0.06097622800032709,-1.020836128343177,-0.8306298734844577,0.19020625485871934,1.2111371686839996,0.04536688778875202,0.12594282384756117,nan,nan
45,3,49068,backward,eps,km^2/s^2,4837,4837.0,0.0,-0.9794128573983533,0.01267880674493001,-0.993067020353092,-0.9532141027752343,0.039852917577857694,-0.996399116625677,-0.9281148789320531,0.0682842376936239,0.7949786057781114,0.031365342313606145,0.0564645661567873,nan,nan
45,4,153922,backward,eps,km^2/s^2,2482,2482.0,0.0,-0.18216799151514446,0.03374172939278114,-0.21404581717686574,-0.11733851166677413,0.09670730551009162,-0.24181840798177956,-0.0713110924760273,0.17050731550575227,0.3904042934400664,0.06570705039209433,0.11173446958284117,nan,nan
45,5,55906,backward,eps,km^2/s^2,7148,7148.0,0.0,-0.8698051298719512,0.01956343629692267,-0.9001849172768384,-0.8377685744528068,0.06241634282403152,-0.9170556706825014,-0.8307370133883297,0.08631865729417165,0.04306755040436646,0.03980244965174404,0.046834010716221175,nan,nan
45,6,90596,backward,eps,km^2/s^2,1053,1053.0,0.0,-0.060991211155174696,0.025218120945730945,-0.1242195903978687,-0.04526274501492087,0.07895684538294784,-0.15590668998104462,-0.04391779137377705,0.11198889860726757,-1.3000167536623493,0.0760570853213456,0.10774418490452153,nan,nan
45,7,147571,backward,eps,km^2/s^2,3536,3536.0,0.0,-0.2240091694640045,0.02666875367537506,-0.25835208966907575,-0.18057810388958612,0.07777398577948963,-0.2593276385082858,-0.15547222186136178,0.10385541664692399,0.20866120012064338,0.05384301574213818,0.07894889777036251,nan,nan
45,8,8686,backward,eps,km^2/s^2,2980,2980.0,0.0,-0.9230219765937426,0.02510549082960722,-0.9595130990412114,-0.8808281718834704,0.078684927157741,-0.9699743335828579,-0.8508318586618089,0.11914247492104901,0.1245503063134246,0.042882521334938487,0.0719553575876466,nan,nan
45,9,36956,backward,eps,km^2/s^2,3049,3049.0,0.0,-0.8423786910360164,0.018970863259332428,-0.89076502941776,-0.828194695824073,0.06257033359368702,-0.9300604101788505,-0.8091804743558173,0.12087993582303325,-1.4807831473871047,0.04923461088377798,0.08852999164486852,nan,nan
45,10,34995,backward,eps,km^2/s^2,682,682.0,0.0,-0.9083913753953763,0.04158633550051585,-0.9762520048079116,-0.8479215942508028,0.1283304105571088,-1.020599717396067,-0.8293731531565931,0.19122656423947393,-0.07442651402641617,0.06970427551232881,0.11369810823028303,nan,nan
45,11,36842,backward,eps,km^2/s^2,152,152.0,0.0,-0.922783542323953,0.037418087858711944,-0.9765667703620446,-0.8599811179661407,0.1165856523959039,-1.020754723273971,-0.8457974606450449,0.1749572626289262,0.11030549224961361,0.061755735184616245,0.10058601381010968,nan,nan
45,12,154799,backward,eps,km^2/s^2,117,117.0,0.0,-0.1825180187701445,0.04696912952238725,-0.25014431652602703,-0.11202440565498238,0.13811991087104464,-0.25689406117484503,-0.043834796693581146,0.2130592644812639,0.2200751711253152,0.07417787805950844,0.13868322207656336,nan,nan
45,13,160486,backward,eps,km^2/s^2,2573,2573.0,0.0,-0.2413711384112882,0.013736911249822627,-0.25720075884908916,-0.21364173911072212,0.04355901973836704,-0.2582250091029896,-0.20023730165444997,0.05798770744853965,0.485949009733925,0.026960952263511164,0.04036538971978332,nan,nan
45,14,28726,backward,eps,km^2/s^2,134,134.0,0.0,-0.8283744869005404,0.028491211864434637,-0.8677114692937866,-0.8130665659774174,0.054644903316369176,-1.0023683426834398,-0.8068393667227801,0.19552897596065966,-4.145016701682301,0.040849663994996704,0.17550653738464994,nan,nan
45,15,50594,backward,eps,km^2/s^2,6477,6477.0,0.0,-0.9286273593507935,0.01792306289041225,-0.9587243323825536,-0.9022121880821719,0.05651214430038176,-0.9621851412202,-0.897623954772557,0.06456118644764308,-0.09721670675543857,0.030909154504237278,0.03436996334188369,nan,nan
45,16,33705,backward,eps,km^2/s^2,575,575.0,0.0,-0.8192563885436897,0.019390191855418324,-0.8696287216370117,-0.8066535834932284,0.0629751381437833,-0.8872465341949634,-0.8063623697289342,0.0808841644660292,-1.269042098439288,0.05001659230033293,0.06763440485828465,nan,nan
45,17,170313,backward,eps,km^2/s^2,20082,20082.0,0.0,-0.16166250050379438,0.023280671280217748,-0.1964502885772614,-0.12136487891791055,0.07508540965935086,-0.20393761703701752,-0.10810740220807047,0.09583021482894705,0.14645248660729768,0.04819807977991901,0.06145555648975909,nan,nan
45,18,115049,backward,eps,km^2/s^2,3885,3885.0,0.0,-0.13255220627581799,0.021015896842393893,-0.171770701802223,-0.11025281179396643,0.06151789000825658,-0.17973765772346484,-0.04380722131250103,0.1359304364109638,-0.19579665521066472,0.05369057757525079,0.07458537944445365,nan,nan
45,19,173781,backward,eps,km^2/s^2,13959,13959.0,0.0,-0.21913809122148675,0.011995549468417771,-0.23316438906635545,-0.19322948504886714,0.03993490401748831,-0.24322543364234006,-0.17471297632550709,0.06851245731683298,0.7958348592321695,0.02972568176701644,0.04824219049037648,nan,nan
45,20,33137,backward,eps,km^2/s^2,1000,1000.0,0.0,-0.8558603079827115,0.02864605087390711,-0.90817621729005,-0.8216041934676042,0.08657202382244589,-0.9182613158571666,-0.8068788424719994,0.11138247338516727,-0.25784312809026166,0.060920783578026924,0.07564613457363167,nan,nan
45,21,15889,backward,eps,km^2/s^2,12009,12009.0,0.0,-0.8908769874277576,0.028625454119216416,-0.9464306011634044,-0.8548510297422829,0.0915795714211215,-0.9620982854500806,-0.8455281706683686,0.11657011478171198,-0.3857667698955782,0.052818886566146646,0.06848657085282284,nan,nan
45,22,100814,backward,eps,km^2/s^2,2690,2690.0,0.0,-0.9167432813134473,0.034923534110172655,-0.9603584488210591,-0.8513012443740035,0.10905720444705569,-0.9716903857139396,-0.8341808548242309,0.13750953088970874,0.3323648447991904,0.058563407974139926,0.07291688689879183,nan,nan
45,23,164532,backward,eps,km^2/s^2,437,437.0,0.0,-0.2456138617132929,0.014962076427179402,-0.258247517075433,-0.21508271585049293,0.04316480122494004,-0.2595672674968075,-0.19500686544302792,0.06456040205377955,0.7656091905772007,0.028641461546761334,0.04871731195422635,nan,nan
45,24,175498,backward,eps,km^2/s^2,2816,2816.0,0.0,-0.24982397540214946,0.010474728478660194,-0.2564319712090561,-0.22831975074688213,0.02811222046217396,-0.25726788764161435,-0.18468911335516458,0.07257877428644977,1.7749951408036724,0.017420043433337723,0.06105068082505527,nan,nan
45,25,153596,backward,eps,km^2/s^2,2199,2199.0,0.0,-0.1643438646102814,0.03471995052101552,-0.2044817455257063,-0.10656097803914251,0.0979207674865638,-0.22995763791597346,-0.10462873397446115,0.1253289039415123,0.19580905471679494,0.06017909298059516,0.06327770590583925,nan,nan
45,26,208835,backward,eps,km^2/s^2,3407,3407.0,0.0,-0.16208071072188335,0.03372017498393448,-0.2120240146569283,-0.10276331689719893,0.10926069775972937,-0.2203894655574713,-0.06934862161182309,0.1510408439456482,0.20462848260055636,0.058574193882497315,0.08816555602235643,nan,nan
45,27,86919,backward,eps,km^2/s^2,1980,1980.0,0.0,-0.9660742665521759,0.011340629505887195,-0.974107205937338,-0.9377270929749656,0.036380112962372424,-1.0187910622265253,-0.9079699056587968,0.11082115656772851,1.9990326522407837,0.03238504870623258,0.06165360099370365,nan,nan
45,28,156534,backward,eps,km^2/s^2,394,394.0,0.0,-0.1737239244214338,0.041167952999759005,-0.2246767399402889,-0.10689482235648622,0.11778191758380267,-0.25825625342541136,-0.043879077490019736,0.21437717593539163,0.23841658716998543,0.07027449424977145,0.12931623158035188,nan,nan
45,29,80822,backward,eps,km^2/s^2,6644,6644.0,0.0,-0.9341833147131301,0.017851099455890723,-0.9580510687791561,-0.9036338310443175,0.05441723773483864,-1.0207392989867343,-0.8445990067783913,0.17614029220834304,0.4433637037882387,0.0313602754973613,0.09290568443966041,nan,nan
45,30,65633,backward,eps,km^2/s^2,329,329.0,0.0,-0.8573129951438473,0.023552094128369377,-0.8843132721819723,-0.8193770286731066,0.06493624350886573,-0.9018884826586886,-0.8098334714099431,0.09205501124874549,0.1912838491439319,0.04482477558598274,0.05436833284914622,nan,nan
45,31,149609,backward,eps,km^2/s^2,26214,26214.0,0.0,-0.21869701176173567,0.028646098376864385,-0.24599169440787935,-0.15685854020819529,0.08913315419968407,-0.2503484518318607,-0.12688130945069476,0.12346714238116596,0.6782569208980423,0.0655841451294928,0.09556137588699332,nan,nan
45,32,30556,backward,eps,km^2/s^2,19,19.0,0.0,-0.8343821656715211,0.05618286179086043,-0.9726501129205941,-0.8175364672260207,0.15511364569457342,-0.9770398650056108,-0.8143434397753737,0.16269642523023709,-0.8595585615311192,0.13826794724907301,0.14265769933408967,nan,nan
45,33,35895,backward,eps,km^2/s^2,116,116.0,0.0,-0.874241422959376,0.0474935734935194,-0.9651598667666452,-0.8256571233848694,0.13950274338177582,-1.017355824091562,-0.8170902978840135,0.20026552620754856,-0.6772250478257004,0.07402952465031512,0.12406261457792933,nan,nan
45,34,12157,backward,eps,km^2/s^2,870,870.0,0.0,-0.8149765950692334,0.004480160124759881,-0.8229484614990116,-0.8077779555275554,0.015170505971456194,-0.8336168262263908,-0.806208472304013,0.027408353922377726,-0.2625032716788431,0.008385653120263719,0.01820172336929604,nan,nan
45,35,202055,backward,eps,km^2/s^2,3121,3121.0,0.0,-0.1999484830241095,0.012053183069585329,-0.21097913334718743,-0.17606934745248537,0.03490978589470206,-0.2436661116814287,-0.13836911192247414,0.10529699975895457,0.6515412537632889,0.030019359691132896,0.06758883340368205,nan,nan
45,36,21211,backward,eps,km^2/s^2,5243,5243.0,0.0,-0.8689999585161665,0.016966360794208154,-0.8957359512243203,-0.8420984535148421,0.05363749770947812,-0.904288115293169,-0.8360870524005242,0.06820106289264483,0.005849020537913402,0.052292196829083225,0.06084436089793199,nan,nan
45,37,76930,backward,eps,km^2/s^2,4756,4756.0,0.0,-0.9908763298800751,0.012231584956883939,-1.0052838074694888,-0.9667084288259457,0.0385753786435431,-1.0086547271271056,-0.9620409644423636,0.04661376268474193,0.3758013555775387,0.03224158568936186,0.03690905007294387,nan,nan
45,38,36840,backward,eps,km^2/s^2,79,79.0,0.0,-0.9205435099332107,0.04634418649561667,-0.976761523046388,-0.8465973795911932,0.13016414345519478,-1.0098256453763166,-0.8292276190621979,0.1805980263141187,0.22617993652470803,0.07370449176074595,0.09142621896787151,nan,nan
45,39,33028,backward,eps,km^2/s^2,1558,1558.0,0.0,-0.8245400833729063,0.017680347166953565,-0.8616086243046075,-0.8077046926067246,0.05390393169788288,-0.8945984247315625,-0.8068572750885142,0.08774114964304824,-0.7743012118200095,0.03938544494795678,0.0723752453749118,nan,nan
45,40,22717,backward,eps,km^2/s^2,761,761.0,0.0,-0.8279116686914266,0.018878093939718867,-0.8336219798204962,-0.8236821532865851,0.009939826533911122,-1.0030563556592664,-0.8217358294589623,0.18132052620030414,-7.240409841139567,0.0058519562732239905,0.17501094950505047,nan,nan
45,41,103221,backward,eps,km^2/s^2,393,393.0,0.0,-0.951681401246703,0.04473049196957908,-0.9794440605578466,-0.8445208413817723,0.1349232191760743,-1.0201349727623945,-0.8253323811976936,0.19480259156470092,0.9315429614063634,0.11710990151173314,0.1362983616958119,nan,nan
45,42,34318,backward,eps,km^2/s^2,1446,1446.0,0.0,-0.9153553572514297,0.04184583635923362,-0.9774545174486768,-0.8503926211451969,0.12706189630347997,-1.0207437552380227,-0.8226048578410228,0.19813889739699997,0.053297090825644856,0.06486822679703308,0.10551665624817874,nan,nan
45,43,150382,backward,eps,km^2/s^2,884,884.0,0.0,-0.16981577129831743,0.037723253653164965,-0.21256685392751984,-0.11454000363151551,0.09802685029600433,-0.24775661109713343,-0.04390831562550124,0.2038482954716322,0.3488919011674677,0.061368824414179284,0.13189822216693592,nan,nan
45,44,119604,backward,eps,km^2/s^2,15562,15562.0,0.0,-0.1587882021775287,0.02282320526520835,-0.19822296803050576,-0.1259632916162603,0.07225967641424547,-0.207662361019049,-0.11861720493557071,0.0890451560834783,-0.16070141665219154,0.04266529626013461,0.05210468924867784,nan,nan
45,0,96248,backward,e,-,24772,24772.0,0.0,0.7651404224339945,0.05582791347759147,0.6476178413112432,0.8393687303621615,0.1917508890509183,0.5689293309489403,0.8598376401626954,0.2909083092137551,-0.7707148258324398,0.15500050277730712,0.2336890131396101,nan,nan
45,1,18323,backward,e,-,3,3.0,0.0,0.4154081001457174,0.14994636714692136,0.22426505012543427,0.5534005145218742,0.3291354643964399,0.20302693345651393,0.5687330050081139,0.36570607155159995,-0.47682237814283474,0.3503735810653603,0.36570607155159995,nan,nan
45,2,47219,backward,e,-,635,635.0,0.0,0.4752332963071045,0.04542224442603133,0.4131423605102791,0.5101838855770461,0.097041525066767,0.24042445551844907,0.5729713754320799,0.33254691991363083,-1.875517642554683,0.07294322734625548,0.23979518406066544,nan,nan
45,3,49068,backward,e,-,4837,4837.0,0.0,0.5146467335355054,0.01899237290308235,0.47494595655868244,0.5344405453593595,0.05949458880067704,0.4351727305718936,0.5391917984091384,0.10401906783724485,-0.8567633578593199,0.047221986282763195,0.08699521226955204,nan,nan
45,4,153922,backward,e,-,2482,2482.0,0.0,0.5604656151832386,0.08396994955601784,0.4791589768101667,0.7195144952524862,0.2403555184423195,0.4030483832654117,0.8301322492789376,0.4270838660135259,0.36490176148495657,0.16122125349313357,0.2718390075195849,nan,nan
45,5,55906,backward,e,-,7148,7148.0,0.0,0.32914068825317194,0.04015110169611126,0.25829420629111205,0.38681743665801027,0.12852323036689822,0.24048268265404665,0.41495666228850414,0.1744739796344575,-0.18015614667198687,0.08630727462827095,0.10411879826533638,nan,nan
45,6,90596,backward,e,-,1053,1053.0,0.0,0.8547225352312381,0.06048348751076914,0.702805095403205,0.892159765007481,0.18935466960427594,0.6254295657568893,0.8953605839444655,0.26993101818757614,-1.3114368179579674,0.18242580572983472,0.25980133537615036,nan,nan
45,7,147571,backward,e,-,3536,3536.0,0.0,0.4515809280752514,0.07115230073642723,0.3562768611884349,0.5639865674448389,0.207709706256404,0.35333869863390605,0.6264576821344308,0.2731189835005247,0.15740927053371764,0.14060274854705007,0.20307386323664195,nan,nan
45,8,8686,backward,e,-,2980,2980.0,0.0,0.42559224729697614,0.0429930597121223,0.3495274856938692,0.4844381888737181,0.13491070317984888,0.2881415248747148,0.5004312289167241,0.2122897040420093,-0.22428139364186003,0.07570845458251362,0.13709441540166806,nan,nan
45,9,36956,backward,e,-,3049,3049.0,0.0,0.2697531515705249,0.040635608679092966,0.23469109779860076,0.36980481158960693,0.13511371379100617,0.17900671278708546,0.43836554044252235,0.2593588276554369,1.2026496118163599,0.1021057232661624,0.17066645211907783,nan,nan
45,10,34995,backward,e,-,682,682.0,0.0,0.4009932017433159,0.0736594913469712,0.2811679427188718,0.5100758999581446,0.22890795723927282,0.2346139723161538,0.5726383910271284,0.33802441871097466,-0.10824084454940859,0.11782376318649057,0.1742594997557948,nan,nan
45,11,36842,backward,e,-,152,152.0,0.0,0.4257190323668305,0.0642944217031944,0.3082507054945945,0.5105288647403035,0.20227815924570897,0.27680286487863687,0.5728758045889726,0.2960729397103357,-0.3080886305911563,0.11640285940181665,0.15157082961439639,nan,nan
45,12,154799,backward,e,-,117,117.0,0.0,0.5596326773895088,0.11812917450644997,0.3806838148362269,0.7323107082479943,0.3516268934117674,0.360276219593914,0.8955575813930169,0.5352813617991029,0.13107210674783723,0.19579400313673553,0.33592490400350805,nan,nan
45,13,160486,backward,e,-,2573,2573.0,0.0,0.40508501128830876,0.03801313189354011,0.3596969506004041,0.480458106282992,0.12076115568258794,0.3566637372686819,0.5156353525338632,0.15897161526518128,0.4450854165373621,0.07406293053999352,0.10924017679086467,nan,nan
45,14,28726,backward,e,-,134,134.0,0.0,0.23507819421611867,0.05663891786788729,0.19172103298567197,0.32521972299040464,0.13349869000473266,0.17006358404121355,0.5476911816377198,0.3776275975965062,3.3818889463971664,0.09414848244132316,0.31661994108863833,nan,nan
45,15,50594,backward,e,-,6477,6477.0,0.0,0.4356211892586721,0.02960555169026331,0.39021549315692633,0.4836050550652721,0.0933895619083458,0.38207280198254234,0.48900360080603733,0.10693079882349499,0.03699463899553879,0.05019654387524346,0.05471197417350754,nan,nan
45,16,33705,backward,e,-,575,575.0,0.0,0.2098332462658755,0.04934934444496927,0.16965894383393187,0.3292202163762552,0.15956127254232333,0.1685914010438332,0.363444297152148,0.1948528961083148,0.9793999229958984,0.11763206199630667,0.15185614277219947,nan,nan
45,17,170313,backward,e,-,20082,20082.0,0.0,0.611832682570087,0.057415799689991706,0.5247395797862138,0.7099484068598636,0.18520882707364983,0.5055190939696781,0.7418535503586249,0.2363344563889468,0.1197865684637291,0.11772975414478734,0.14963489764354865,nan,nan
45,18,115049,backward,e,-,3885,3885.0,0.0,0.6826163951190952,0.051208937815688124,0.5865451040453661,0.736627340150697,0.1500822361053309,0.5666517825576979,0.8956261106421681,0.32897432808447025,-0.2141968731813061,0.1312789611550925,0.17857969014060981,nan,nan
45,19,173781,backward,e,-,13959,13959.0,0.0,0.4655101406783436,0.03131851940464564,0.42780362233446123,0.532229120325618,0.10442549799115675,0.3990679858608867,0.5789026716100169,0.17983468574913014,0.7449496923233554,0.07714990282761157,0.1238234541120104,nan,nan
45,20,33137,backward,e,-,1000,1000.0,0.0,0.29903264496733073,0.06139886885257427,0.21633433295893434,0.4005757273899902,0.18424139443105586,0.17028196900333534,0.4170346165478668,0.24675264754453144,0.05023152113114354,0.13734002885291077,0.1833923928085098,nan,nan
45,21,15889,backward,e,-,12009,12009.0,0.0,0.36903416311321446,0.052259787929831325,0.2967558243399063,0.4641177814029626,0.1673619570630563,0.2759808255270147,0.4886047653412886,0.2126239398142739,0.24184835701711227,0.09186421592256272,0.11451558132695816,nan,nan
45,22,100814,backward,e,-,2690,2690.0,0.0,0.415917785722991,0.06255850516322686,0.28971619161733436,0.48628922842457484,0.19657303680724048,0.25044739869082505,0.5033967835729937,0.2529493848821686,-0.49335308870448635,0.10970428246754434,0.1489730753940537,nan,nan
45,23,164532,backward,e,-,437,437.0,0.0,0.3930856709847962,0.041177242268023176,0.3565800365644204,0.475721174020091,0.11914113745567062,0.35264176551903914,0.5274000099238709,0.1747582444048318,0.7121639835166261,0.0780621914034954,0.12974102730727533,nan,nan
45,24,175498,backward,e,-,2816,2816.0,0.0,0.3809989090057319,0.029174022171765925,0.3619653788891403,0.4418774595010948,0.07991208061195448,0.359487215227587,0.5550590694566417,0.19557185422905476,1.677323722423525,0.04970881276713547,0.1628904227226824,nan,nan
45,25,153596,backward,e,-,2199,2199.0,0.0,0.6049579917845312,0.0856073459658318,0.5041162149872365,0.7455448029770647,0.24142858798982825,0.4355737085618785,0.7501700804378386,0.3145963718759601,0.17698438433698802,0.14645707772166766,0.16365682271716364,nan,nan
45,26,208835,backward,e,-,3407,3407.0,0.0,0.6110020117693934,0.08327113781141016,0.4844778551725364,0.7549738510113841,0.27049599583884776,0.461337780577163,0.8348095937025558,0.3734718131253928,0.16306660175155901,0.1479818622747804,0.21237772183439085,nan,nan
45,27,86919,backward,e,-,1980,1980.0,0.0,0.4948678817725921,0.01765005883400116,0.4508357827427906,0.5069042901457281,0.056068507402937506,0.4009259596277857,0.5702470566398834,0.1693210970120977,-2.1570285933176545,0.050225517973854376,0.09934577898711244,nan,nan
45,28,156534,backward,e,-,394,394.0,0.0,0.5816411979501819,0.10248255428871682,0.4504374548048107,0.7447138366956833,0.2942763818908726,0.35660797237421576,0.8954556794646302,0.5388477070904145,0.17287305100431732,0.18409951883012016,0.3124193838568129,nan,nan
45,29,80822,backward,e,-,6644,6644.0,0.0,0.4450227179543804,0.0296882739476509,0.3931639891960569,0.4826866516808857,0.08952266248482882,0.2753767296821692,0.57285141266025,0.2974746829780808,-0.6557630920574156,0.05084548027790658,0.15918140198023634,nan,nan
45,30,65633,backward,e,-,329,329.0,0.0,0.3033801878968393,0.05345244849475138,0.21025302512029592,0.35782439646830616,0.14757137134801024,0.18088082821592322,0.3901875215225572,0.20930669330663398,-0.3156856612570194,0.10777548218904963,0.13714767909342235,nan,nan
45,31,149609,backward,e,-,26214,26214.0,0.0,0.4667500213437973,0.07419960778572723,0.3921666431988977,0.6231256686950727,0.23095902549617497,0.37974814173539173,0.6964939301588654,0.3167457884234737,0.6207134438179254,0.16708191904283362,0.2404501805066263,nan,nan
45,32,30556,backward,e,-,19,19.0,0.0,0.25028520609456467,0.1084994055168834,0.2047875246754984,0.504678814775094,0.2998912900995956,0.1950360603659501,0.5112461709221335,0.3162101105561834,0.7433585615863305,0.25439360868052935,0.26096096482756886,nan,nan
45,33,35895,backward,e,-,116,116.0,0.0,0.33794216424492607,0.09065653903349905,0.22736618428395128,0.4935507700215196,0.2661845857375683,0.20354616221157962,0.5683087456411934,0.36476258342961376,0.4244583670174636,0.1480654230328879,0.1943892378023016,nan,nan
45,34,12157,backward,e,-,870,870.0,0.0,0.19659140536540215,0.013747642566823396,0.173288847008835,0.22022083101803766,0.04693198400920265,0.16819393098549065,0.2454770032032327,0.07728307221774205,0.0943835805945039,0.02647423062279015,0.0473033853476231,nan,nan
45,35,202055,backward,e,-,3121,3121.0,0.0,0.515644767798268,0.030638593903560492,0.48710674869638476,0.5756549494697336,0.08854820077334885,0.39783013127783434,0.6691821538316122,0.2713520225537778,0.6010873285208841,0.07580416642740173,0.16876898803777485,nan,nan
45,36,21211,backward,e,-,5243,5243.0,0.0,0.3272620887494913,0.03472988602033881,0.26833338099935466,0.3784894229941219,0.11015604199476725,0.25385546470789666,0.3938184557892106,0.13996299108131394,-0.11946749227556461,0.1069074155840617,0.12223644837915038,nan,nan
45,37,76930,backward,e,-,4756,4756.0,0.0,0.5313538546781527,0.01772884150777683,0.4957009057043911,0.5516774394819715,0.05597653377758033,0.48828440468421264,0.5563450703171937,0.06806066563298108,-0.4108675396797157,0.04713806573347072,0.054554566753649225,nan,nan
45,38,36840,backward,e,-,79,79.0,0.0,0.4219425043215633,0.08185933076190112,0.2784484040491024,0.5108541714632426,0.2324057674141402,0.23668289670937526,0.558030894240901,0.32134799753152576,-0.4025942669158545,0.1400847936894879,0.18161901078045023,nan,nan
45,39,33028,backward,e,-,1558,1558.0,0.0,0.22431592803593753,0.04546121815467321,0.17325453692973924,0.31236181094261906,0.1391072740128798,0.170287629232786,0.374835191266243,0.20454756203345698,0.5100451957575148,0.09354341307659395,0.15601679340021787,nan,nan
45,40,22717,backward,e,-,761,761.0,0.0,0.23338610179732017,0.035822361298729045,0.22222796629889918,0.24837625854344358,0.026148292244544402,0.21690609159077215,0.548651718359921,0.33174562676914887,6.89930038263371,0.01554273267511308,0.3147628944359867,nan,nan
45,41,103221,backward,e,-,393,393.0,0.0,0.4725678108616181,0.07861198022983787,0.274213327555694,0.514766724696777,0.24055339714108298,0.2275051331493695,0.5719985499113021,0.34449341676193257,-1.1014403781133046,0.2140451291471045,0.260753323553429,nan,nan
45,42,34318,backward,e,-,1446,1446.0,0.0,0.41316348279567827,0.07341056804272662,0.2876637199097582,0.5118600389598549,0.22419631905009668,0.21655333588664194,0.5728380058839121,0.35628466999727015,-0.2166563945601411,0.1253443628515759,0.19628808137526838,nan,nan
45,43,150382,backward,e,-,884,884.0,0.0,0.5913730534127805,0.09356949789384152,0.4830186490116985,0.7262771357315169,0.24325848671981837,0.3865429643644677,0.8953803856012519,0.5088374212367841,0.30140224282199746,0.15017277477247828,0.3189307890920188,nan,nan
45,44,119604,backward,e,-,15562,15562.0,0.0,0.618540213213302,0.05649780799588201,0.5196395259520212,0.6986828303638547,0.17904330441183347,0.4954111246894626,0.7164383143040373,0.22102718961457468,-0.18383969915346526,0.10684129480895994,0.13106969607151864,nan,nan
45,0,96248,backward,w,deg,24772,24772.0,0.0,-1.400101409664714,4.92376943212896,-5.79822291891858,10.436916945241432,16.23513986416001,-6.804473807188117,13.95439394603656,20.758867753224678,0.9455542758871871,11.883505055374894,15.400982056170022,20.08488959752589,0.996314397654515
45,1,18323,backward,w,deg,3,3.0,0.0,-1.7680421398964086,7.573281901149228,-7.603324025829002,8.861258507146111,16.464582532975115,-8.251688679821513,10.04229191237306,18.293980592194572,0.8298606459739539,17.64561593820206,18.293980592194572,196.95674935229286,0.9912834637877667
45,2,47219,backward,w,deg,635,635.0,0.0,-2.013799408528655,6.343490600175538,-3.687500636296164,13.965620268023804,17.65312090431997,-22.12689295331282,20.12677145896012,42.25366441227294,0.6370842398472589,17.823048496702025,23.655296942712198,195.76244264616392,0.9939065686305993
45,3,49068,backward,w,deg,4837,4837.0,0.0,-1.573393979961196,5.67718569912385,-6.599184650487632,12.143994409645693,18.743179060133325,-7.626779452412677,20.00699328372133,27.633772736134006,1.149959541386901,14.797659459514612,22.66065833359025,191.58241893578915,0.9951064004453587
45,4,153922,backward,w,deg,2482,2482.0,0.0,0.22475519892913098,3.674206483049609,-6.1027545339780005,7.0977898121478145,13.200544346125815,-14.144686427061146,12.2347441539753,26.379430581036445,-0.04695106867928879,9.030275424636093,15.709193523708223,24.828391815565073,0.9979483064099931
45,5,55906,backward,w,deg,7148,7148.0,0.0,0.24424527235387927,4.027978991644308,-5.396158772887274,4.4325468510393815,9.828705623926655,-35.95624088769068,11.127453420200652,47.083694307891335,-4.317905176375751,8.117143919339728,38.65211538664394,207.51912870062824,0.9975676824915206
45,6,90596,backward,w,deg,1053,1053.0,0.0,-3.061878241708314,5.695708188737335,-4.5865776174578174,12.106143997357604,16.692721614815422,-4.760347052771664,16.09929717023857,20.859644223010235,1.1471031926899262,13.52147277568096,17.51462594856193,15.375453754078487,0.9950712138043029
45,7,147571,backward,w,deg,3536,3536.0,0.0,1.4861657457927322,4.0754117809544415,-10.200759418744745,2.8766404061403534,13.077399824885099,-19.42547104588442,3.0631692735752836,22.488640319459705,-2.222095060335787,12.916988535513376,22.14170016265308,33.87599856404265,0.997478301509283
45,8,8686,backward,w,deg,2980,2980.0,0.0,-0.3171454406088543,2.8922506846844316,-2.3050709422068194,1.5628651942527938,3.867936136459613,-2.763010229741326,28.857898305827547,31.620908535568873,5.36082463817999,2.3289543634137715,29.623987474988525,182.88846930098316,0.9987369391949039
45,9,36956,backward,w,deg,3049,3049.0,0.0,0.5095612588423535,5.069275619034273,-9.683372881273522,6.835202297453935,16.518575178727456,-39.993517782097825,7.588944805233439,47.582462587331264,-1.8018927981545603,8.798334976165181,38.59857921698787,212.10813055570307,0.9961151737238789
45,10,34995,backward,w,deg,682,682.0,0.0,0.1872791522421977,6.60000340627812,-4.20113870391482,8.93585663943495,13.13699534334977,-24.34581439023006,23.877018981618875,48.222833371848935,-0.567560856111058,20.73845411659175,24.233504511301902,195.81096325417005,0.9934313093610129
45,11,36842,backward,w,deg,152,152.0,0.0,-0.7528705077788231,5.16856259559136,-4.051774951028986,9.082036535696625,13.133811486725612,-23.093572094348133,22.728627732417806,45.82219982676594,0.4192972062612951,11.944514305473842,24.648716359382746,195.95683817683093,0.9959567355641591
45,12,154799,backward,w,deg,117,117.0,0.0,-0.007377493726579587,4.441342708075586,-6.215043807240414,9.12381039968563,15.338854206926044,-14.30915136680511,11.058027363183157,25.367178729988268,0.002338882334801926,9.372459212375507,15.360939397790446,25.13236340863709,0.997003140403654
45,13,160486,backward,w,deg,2573,2573.0,0.0,1.1896882900127252,6.796080930617886,-10.944960168109503,7.753882401490881,18.698842569600384,-12.772911594046548,8.1374362666744,20.910347860720947,-0.3140998397350082,18.38588879082573,20.213840216762776,28.219873270321095,0.9929782645891916
45,14,28726,backward,w,deg,134,134.0,0.0,1.8693258029618818,9.26982942742304,-24.081645566585962,10.556961791606678,34.638607358192644,-34.18136851858759,11.375106993540442,45.55647551212803,-2.254997785685816,26.566813648535085,36.666536600536745,208.1069365621547,0.98715065909583
45,15,50594,backward,w,deg,6477,6477.0,0.0,-0.10823732269972197,2.8302063242197333,-4.4148836740269015,4.841891517701696,9.256775191728597,-7.602166206762206,14.408547999915413,22.01071420667762,0.14719359268463603,5.278485062488822,14.6792268733318,198.16643987570478,0.9987806445332359
45,16,33705,backward,w,deg,575,575.0,0.0,6.113814197991104,13.440430430464065,-28.616186314489585,12.075792444798793,40.691978759288375,-34.85247553107206,12.120764320774214,46.97323985184627,-1.0296855789955621,36.97806432903802,43.2143535456205,208.10785401584997,0.9728378637325753
45,17,170313,backward,w,deg,20082,20082.0,0.0,-0.02667835086111836,2.545327071655585,-3.9178257090077295,3.4189772282415336,7.336802937249264,-6.010414864319927,13.505041666233637,19.515456530553564,1.1390582587377387,5.6675435213162135,12.022569393848045,20.54429920656049,0.9990145601241939
45,18,115049,backward,w,deg,3885,3885.0,0.0,-0.4676110068022865,2.5046261945526975,-2.0997764961989276,5.315271175048208,7.415047671247136,-13.417964451153665,8.954462976862857,22.372427428016522,0.06619332424188881,7.763057960390962,11.477745445504013,24.00563626501347,0.9990460468994654
45,19,173781,backward,w,deg,13959,13959.0,0.0,0.5885392655234511,2.9223377599825993,-5.768540960641337,3.407712783135373,9.17625374377671,-14.009722148921924,8.149842962790956,22.15956511171288,-0.7190718529872481,7.340602824946324,15.581784013226923,28.194190756403763,0.998700234723745
45,20,33137,backward,w,deg,1000,1000.0,0.0,-0.5286909826539983,10.027644613733216,-27.30815336915727,10.992578209549404,38.300731578706674,-28.759518347808864,20.095562207746923,48.85508055555579,-1.1472583457027,26.06761360001137,27.518978578662967,200.25907971282533,0.9848791023722269
45,21,15889,backward,w,deg,12009,12009.0,0.0,-0.37963676289268733,3.4962266885366184,-5.203920729441347,6.105257168144732,11.309177897586078,-6.339737441892737,7.793111439348763,14.1328488812415,0.2553349916248376,6.436066848214551,8.123921119418583,189.95935590899776,0.9981394537177564
45,22,100814,backward,w,deg,2690,2690.0,0.0,2.1364682563458217,9.470833071194129,-15.984252483109199,12.962412545314798,28.946665028423997,-16.601344845796262,13.405474177639974,30.006819023436236,-0.3501670078714673,24.387865598661897,25.004957961348964,206.64581965822998,0.9863931978208892
45,23,164532,backward,w,deg,437,437.0,0.0,2.510391667818567,5.473122874455201,-11.991624080147044,4.585221235958488,16.576845316105533,-15.630715962786354,5.20334098855659,20.834056951342944,-1.2350846780999798,15.751498715308127,19.390590597947437,31.83885536377809,0.9954494319027181
45,24,175498,backward,w,deg,2816,2816.0,0.0,1.2287983799994038,5.609195441970792,-10.40925660703084,6.569899697060528,16.97915630409137,-14.203664563026393,6.821453016548048,21.02511757957444,-0.579859542732716,15.555328238725757,19.349736194721316,28.772783197768504,0.9952161453328007
45,25,153596,backward,w,deg,2199,2199.0,0.0,-0.26249320700833323,2.953355505863535,-3.735493833715995,6.7358165995997,10.471310433315695,-6.2545657381815545,12.906726860837125,19.16129259901868,1.6847910073981371,6.5638100694407395,12.450261962164205,23.560549530577784,0.9986737186140515
45,26,208835,backward,w,deg,3407,3407.0,0.0,-3.5828712524671005,6.957209294722682,-7.102022636133387,15.079626179671349,22.181648815804735,-8.058864857737035,17.32128785457388,25.380152712310917,0.8753895191988209,19.941913178685578,22.183574853588084,18.75333332863463,0.9926509544982084
45,27,86919,backward,w,deg,1980,1980.0,0.0,-0.9595576589617423,4.807681788493239,-5.456555130732523,9.983966009785025,15.440521140517548,-23.566928093424906,15.060891179058245,38.62781927248315,0.6058692994365588,10.202985408373623,23.71328824741741,199.07474327805772,0.9964894231064989
45,28,156534,backward,w,deg,394,394.0,0.0,-0.23784145883554686,4.7659005908592205,-7.422754947162319,11.173408343913016,18.596163291075335,-13.320452977394979,12.655060800835429,25.975513778230408,0.29853472802086245,11.749381735865798,13.463325408894661,24.402201726744366,0.9965504531691168
45,29,80822,backward,w,deg,6644,6644.0,0.0,-0.07397111848338511,4.312064272732038,-5.417657554512759,7.027503206169252,12.445160760682011,-31.59746560137023,14.612071400694674,46.209537002064906,-0.8304508882567933,8.752841716584435,32.55937728986842,204.73562915925598,0.9971808621344462
45,30,65633,backward,w,deg,329,329.0,0.0,3.8618708459408992,9.056191403186393,-14.269937080656735,6.394157627587617,20.664094708244352,-40.658690448292276,7.542412710369774,48.20110315866205,-2.622050936480421,19.191713677213457,45.580467044849,212.15543849536078,0.9877857723276942
45,31,149609,backward,w,deg,26214,26214.0,0.0,1.780567775653111,5.3716055876912545,-9.758512541677721,6.169543406546845,15.928055948224566,-14.10335239601531,8.976059820382744,23.079412216398055,-0.5870018105401515,16.195386402577853,20.540226256915446,27.37479875183747,0.9956120826178849
45,32,30556,backward,w,deg,19,19.0,0.0,3.0772892150291113,7.8092703797343255,-12.11305521864133,11.551708646635594,23.664763865276925,-12.69133730651592,12.60062760405907,25.29196491057499,-0.46011405504036496,16.222793990027377,16.801076077901968,205.16235593166462,0.9907404136628765
45,33,35895,backward,w,deg,116,116.0,0.0,-0.5790894647323483,10.931758064851646,-26.997843444108206,16.21313921346531,43.21098265757352,-28.56495304208204,18.520548922700357,47.085501964782395,-0.7964803948207685,24.8745732569053,26.441682854879133,200.30434108776763,0.9820056409382009
45,34,12157,backward,w,deg,870,870.0,0.0,2.3422032972704443,8.01813328208269,-16.254003098797785,9.398357206905672,25.652360305703457,-26.515396477942943,17.87450949085158,44.38990596879452,-0.87400505108988,18.161539926062648,28.422933305207806,200.58207896076664,0.990264167137205
45,35,202055,backward,w,deg,3121,3121.0,0.0,0.6746151111015877,3.8829364829494057,-6.3556826533956325,9.293807893599904,15.649490546995537,-12.121506116161044,11.803032483254412,23.924538599415456,0.4577353596938096,12.38841468712377,14.897639276778307,24.525840340941773,0.9977081527979494
45,36,21211,backward,w,deg,5243,5243.0,0.0,-0.7385310751717213,3.7655693973359954,-4.353374350420569,9.75964507074013,14.113019421160697,-8.30019955296757,10.692820337271058,18.993019890238628,1.486132075848,11.593372723380151,12.52654798991108,203.29442937975733,0.9978441477304022
45,37,76930,backward,w,deg,4756,4756.0,0.0,-0.6589588433590876,6.704269181253989,-9.088096885271,11.85444949822859,20.94254638349959,-10.659097820055678,14.51451011710435,25.17360793716003,0.3357325147031612,11.173660218490745,13.259944033578364,191.37854028037705,0.993169568345061
45,38,36840,backward,w,deg,79,79.0,0.0,-0.13985185520110122,7.080770548150704,-4.948669518700987,10.475399409890734,15.424068928591721,-25.22874021177853,19.53505723135089,44.76379744312942,-0.8187512528256566,19.84418103861856,22.609834031667873,196.93137041046378,0.9924333957301985
45,39,33028,backward,w,deg,1558,1558.0,0.0,8.503657422413,15.822041001450716,-32.15284478421469,12.99949706168052,45.152341845895215,-33.98633844241667,13.292840596285828,47.279179038702495,-0.9778429046285125,41.605019122979854,43.43851278118183,205.53214003751933,0.9624584529652017
45,40,22717,backward,w,deg,761,761.0,0.0,0.3018769734701152,3.26227530368555,-4.911131763345537,3.574035044954371,8.485166808299908,-14.747132990693132,12.470135229126072,27.217268219819204,0.37581683962370466,5.5773409634320785,14.610454557375249,206.59138506504254,0.9983824215773921
45,41,103221,backward,w,deg,393,393.0,0.0,-2.4669922439693153,9.677056381196442,-9.793861961982538,18.795994535199277,28.589856497181813,-26.404751416271665,19.02951164848855,45.434263064760216,0.45822906866379703,15.727865357642361,29.65573865909238,200.66544183286624,0.9858230819956277
45,42,34318,backward,w,deg,1446,1446.0,0.0,-0.615905047252582,6.103256087376673,-5.042515149445556,13.294284777200815,18.33679992664637,-24.867172657520058,23.8724450417846,48.73961769930466,0.9452468806647186,18.45127984552399,26.335372705660376,196.319578309519,0.9943726068788389
45,43,150382,backward,w,deg,884,884.0,0.0,-0.19294097689518708,4.338388050380326,-6.425749825989014,9.639543410210587,16.0652932361996,-14.428150431646799,11.353968750952703,25.7821191825995,0.0956227694191308,10.220470439325307,15.201782977277787,25.03093128497217,0.9971406113162145
45,44,119604,backward,w,deg,15562,15562.0,0.0,0.13094389605804224,1.7880122695166014,-2.9729216130249343,2.53348578097581,5.506407394000744,-13.93077909240884,7.855886301756726,21.786665394165567,0.04407917269879925,3.1031615765665417,13.485350510437428,27.340854409803793,0.9995132478784053
45,0,96248,forward,eps,km^2/s^2,24772,24772.0,0.0,-0.1548288665653566,0.031221601933274733,-0.19625096250808674,-0.09915604972808663,0.09709491278000011,-0.20771718255735483,-0.09048652349403596,0.11723065906331886,0.23876655759461668,0.053263951332985456,0.06473017138225357,nan,nan
45,1,18323,forward,eps,km^2/s^2,3,3.0,0.0,-0.20960742047084435,0.3376741215025931,-0.8174655543037679,-0.14138307439475498,0.6760824799090129,-0.8850053469518705,-0.1338025914974117,0.7512027554544588,-1.6668137306863346,0.7436222725571155,0.7512027554544588,nan,nan
45,2,47219,forward,eps,km^2/s^2,635,635.0,0.0,-0.1887296630544717,0.0647456243882807,-0.25316283554457397,-0.11658232282495648,0.1365805127196175,-0.844739435893465,-0.0827119183779711,0.7620275175154939,-6.035678380273028,0.08394881571995806,0.6446084888964975,nan,nan
45,3,49068,forward,eps,km^2/s^2,4837,4837.0,0.0,-0.9561452878994219,0.02649547506430825,-0.9856773079948123,-0.9055337972102661,0.08014351078454629,-0.9895364381834701,-0.8934464324712942,0.09609000571217596,0.3826132854609396,0.04702570413076275,0.059113068869734664,nan,nan
45,4,153922,forward,eps,km^2/s^2,2482,2482.0,0.0,-0.901987372003339,0.050988622849718265,-0.9751426736837284,-0.8100192042381174,0.16512346944561107,-1.0203415065849981,-0.8067932352844152,0.21354827130058296,0.14442141660183969,0.09735997851330447,0.11335613328969063,nan,nan
45,5,55906,forward,eps,km^2/s^2,7148,7148.0,0.0,-0.23552293831818655,0.009938323369763895,-0.24813312171648863,-0.21576969106813318,0.03236343064835545,-0.2579895405119418,-0.1911870322661362,0.06680250824580558,0.5373544284234115,0.022887572900353134,0.047470231702350096,nan,nan
45,6,90596,forward,eps,km^2/s^2,1053,1053.0,0.0,-0.831824330910986,0.013784051755744509,-0.8621833269828446,-0.8142841428578858,0.04789918412495886,-0.9299306525236736,-0.8067544423545633,0.12317621016911029,-2.480127063317872,0.0328059595503894,0.10055328509121841,nan,nan
45,7,147571,forward,eps,km^2/s^2,3536,3536.0,0.0,-0.1649859742274058,0.053197457891690385,-0.2043533403590452,-0.10640588519746025,0.09794745516158496,-0.827206417347204,-0.10400495141764432,0.7232014659295597,-6.916451868604994,0.05687267309211849,0.6642750155537724,nan,nan
45,8,8686,forward,eps,km^2/s^2,2980,2980.0,0.0,-0.8808496631831284,0.01643776756875796,-0.8996555438415175,-0.8611061618330317,0.03854938200848579,-0.979942286512975,-0.854697651065499,0.125244635447476,-2.066862988357452,0.022757711726850736,0.10304445439830823,nan,nan
45,9,36956,forward,eps,km^2/s^2,3049,3049.0,0.0,-0.15997961642694847,0.061695880369113144,-0.2150913626747853,-0.05960622681970841,0.1554851358550769,-0.8431204557180201,-0.04437929460744894,0.7987411611105711,-4.445957054334654,0.08675636137418487,0.7026394575225478,nan,nan
45,10,34995,forward,eps,km^2/s^2,682,682.0,0.0,-0.9689524669833535,0.016316025049829288,-0.9787194887164828,-0.9421802920342793,0.03653919668220351,-1.0206562915180895,-0.8541548202285008,0.1665014712895887,2.0475766873663517,0.03143790445317258,0.11735920733610627,nan,nan
45,11,36842,forward,eps,km^2/s^2,152,152.0,0.0,-0.9200384054020103,0.04785835895485049,-0.9760321332512069,-0.8272595237593425,0.14877260949186433,-1.0177613353840123,-0.8073250055508394,0.21043632983317284,0.4408842498017235,0.0844280680371798,0.10881983543842189,nan,nan
45,12,154799,forward,eps,km^2/s^2,117,117.0,0.0,-0.20917384130448713,0.3237077233969549,-0.9540650784227165,-0.11549078788666979,0.8385742905360467,-0.9769988255449953,-0.046719852405381124,0.9302789731396142,-0.8264997412425548,0.741788551821317,0.7647222989435959,nan,nan
45,13,160486,forward,eps,km^2/s^2,2573,2573.0,0.0,-0.8418125184885319,0.046820213743210846,-0.9694743391205598,-0.811476269206756,0.15799806991380383,-1.020820045950525,-0.8070918060031312,0.21372823994739376,-1.4342550560437226,0.09063857749762115,0.14198428432758636,nan,nan
45,14,28726,forward,eps,km^2/s^2,134,134.0,0.0,-0.18973742748872618,0.17778733821044077,-0.8150579178250509,-0.1071050382125507,0.7079528796125002,-0.9840399596112792,-0.04492689432768027,0.939113065283599,-3.3575307796490526,0.615023222654005,0.7840052644402334,nan,nan
45,15,50594,forward,eps,km^2/s^2,6477,6477.0,0.0,-0.17317787825720976,0.07094594228251119,-0.21544646495394632,-0.1319409895358794,0.08350547541806691,-0.8369784330673861,-0.12480245613478136,0.7121759769326047,-7.679332033863178,0.04570336710976325,0.667235335223203,nan,nan
45,16,33705,forward,eps,km^2/s^2,575,575.0,0.0,-0.9000674980465777,0.04405603993319449,-0.9784782557690747,-0.848542735812697,0.12993551995637764,-0.9808685395888803,-0.824559677102751,0.1563088624861293,-0.26628291448945296,0.08529995290938124,0.08769023672918685,nan,nan
45,17,170313,forward,eps,km^2/s^2,20082,20082.0,0.0,-0.09556727665967618,0.027368227230289796,-0.15421472084371535,-0.06669478057653801,0.08751994026717734,-0.19589732550508676,-0.05885393284037144,0.13704339266471532,-0.9078193400901735,0.07645898530640746,0.11814158996777879,nan,nan
45,18,115049,forward,eps,km^2/s^2,3885,3885.0,0.0,-0.16885026409950643,0.0418536223993763,-0.21061932968671898,-0.1133265139377585,0.09729281574896048,-0.8254380749160841,-0.06884440418762927,0.7565936707284548,-4.665870013724301,0.06338902382976275,0.648783328481934,nan,nan
45,19,173781,forward,eps,km^2/s^2,13959,13959.0,0.0,-0.9230106471863522,0.019790668338355005,-0.9520636449813794,-0.8910839630921743,0.060979681889205106,-0.9987341335954162,-0.8503133897439553,0.14842074385146087,0.05058898567792738,0.03357927938440694,0.07956978752954613,nan,nan
45,20,33137,forward,eps,km^2/s^2,1000,1000.0,0.0,-0.15189639611902667,0.103927758849029,-0.21608111473696634,-0.04642975571852939,0.16965135901843695,-0.8983129842325612,-0.043981079635574294,0.8543319045969869,-4.28900179357995,0.1443214920634594,0.7081250957694369,nan,nan
45,21,15889,forward,eps,km^2/s^2,12009,12009.0,0.0,-0.9648665302134715,0.03298127249702342,-1.0022430780117184,-0.9020319541123349,0.10021112389938347,-1.0085644016778017,-0.8911740447928009,0.11739035688500077,0.36865308870090835,0.05453313403636977,0.06539104335590373,nan,nan
45,22,100814,forward,eps,km^2/s^2,2690,2690.0,0.0,-0.9089680126562051,0.038846834845910574,-0.9764881419317657,-0.8483462653170438,0.12814187661472187,-0.9819994090634598,-0.8085486977147093,0.17345071134875056,-0.042898825012226235,0.06794041206550869,0.10773797966784326,nan,nan
45,23,164532,forward,eps,km^2/s^2,437,437.0,0.0,-0.20516158591622546,0.26853540402531595,-0.9009597377486916,-0.11685242387472801,0.7841073138739636,-0.9826458788423504,-0.05348394015975977,0.9291619386825907,-1.5762610708001314,0.6887436321271254,0.7704297732207842,nan,nan
45,24,175498,forward,eps,km^2/s^2,2816,2816.0,0.0,-0.8256394656285289,0.02144663866065557,-0.8605676081136396,-0.8077675631335961,0.05280004498004354,-0.9841565378209203,-0.8071892914486543,0.17696724637226602,-2.390847402496771,0.05110973619758921,0.17469866590486982,nan,nan
45,25,153596,forward,eps,km^2/s^2,2199,2199.0,0.0,-0.23573497892601292,0.02054642002207212,-0.2584570217763191,-0.19733597541952308,0.061121046356795994,-0.25930099629598635,-0.18083127953353884,0.07846971676244752,0.38377101335908986,0.042310060075407614,0.05881475596139185,nan,nan
45,26,208835,forward,eps,km^2/s^2,3407,3407.0,0.0,-0.8435928541434496,0.02872963115112052,-0.9189796901936417,-0.8257902699616351,0.0931894202320066,-1.0207739049268336,-0.8081579121131915,0.21261599281364207,-2.103603512326325,0.07588591889512597,0.17768013362831792,nan,nan
45,27,86919,forward,eps,km^2/s^2,1980,1980.0,0.0,-0.14169904090555901,0.12541456461470835,-0.21562990518207345,-0.12080023735297524,0.09482966782909821,-0.8428286072582323,-0.11826032251542584,0.7245682847428064,-4.835119126192901,0.08499313291936596,0.7121918349955249,nan,nan
45,28,156534,forward,eps,km^2/s^2,394,394.0,0.0,-0.8437479798868308,0.05409418025885611,-0.9745949740612703,-0.8177857332385798,0.15680924082269043,-1.0205829238249695,-0.8071752182898347,0.21340770553513477,-0.955885622136882,0.1456840401024071,0.19167198986610634,nan,nan
45,29,80822,forward,eps,km^2/s^2,6644,6644.0,0.0,-0.2180889438792647,0.019261034381621467,-0.23217997710636876,-0.1825234154768309,0.049656561629537854,-0.8409721946254286,-0.1323541813583886,0.70861801326704,-9.445543036040185,0.03863923952220465,0.6199745548095074,nan,nan
45,30,65633,forward,eps,km^2/s^2,329,329.0,0.0,-0.8328806285552142,0.045994518622061574,-0.8962660213464586,-0.8160974344837059,0.08016858686275274,-0.9997486343995929,-0.25760519674345783,0.7421434376561351,5.464500790422282,0.07425115248778995,0.5694159106748462,nan,nan
45,31,149609,forward,eps,km^2/s^2,26214,26214.0,0.0,-0.8705482361289432,0.02369384222109612,-0.9217413299384003,-0.8415516632499407,0.08018966668845962,-0.9715083996257589,-0.8087495535208197,0.16275884610493918,-0.7892555672019718,0.08349081005774214,0.13325787974510073,nan,nan
45,32,30556,forward,eps,km^2/s^2,19,19.0,0.0,-0.24506927529095335,0.3686554833480044,-0.9797511724472803,-0.06517782927925665,0.9145733431680236,-1.020440955040417,-0.05015293496594231,0.9702880200744747,-0.323057684291347,0.7707233122539694,0.8114130948471061,nan,nan
45,33,35895,forward,eps,km^2/s^2,116,116.0,0.0,-0.8509934086996389,0.13923480386387488,-0.9725318890036763,-0.8154668159128469,0.1570650730908294,-1.0194952570673936,-0.22186741275669564,0.797627844310698,3.385053383765089,0.18560121451525624,0.6086893910663714,nan,nan
45,34,12157,forward,eps,km^2/s^2,870,870.0,0.0,-0.8188934486838092,0.2437911204511261,-0.8729495979642319,-0.11963934943120093,0.753310248533031,-0.9761500818909934,-0.04389160369217371,0.9322584781988197,1.988268277445496,0.6999915431883648,0.775739288927392,nan,nan
45,35,202055,forward,eps,km^2/s^2,3121,3121.0,0.0,-0.165411671943122,0.08240637507866942,-0.20904896610115276,-0.11027775551876084,0.09877121058239191,-1.0195542132081998,-0.0500836435186548,0.969470569689545,-7.282160169054463,0.06153979095299966,0.8486201783145131,nan,nan
45,36,21211,forward,eps,km^2/s^2,5243,5243.0,0.0,-0.18623239449993234,0.09122735341261966,-0.21909988673227832,-0.1496569937840222,0.06944289294825612,-0.8370536649126132,-0.14166717243900762,0.6953864924736056,-6.308654611468176,0.044236601996618524,0.6454790853336863,nan,nan
45,37,76930,forward,eps,km^2/s^2,4756,4756.0,0.0,-0.8782212651909816,0.024425439632441034,-0.9289140021503737,-0.8505114042321734,0.07840259791820026,-0.971391766789463,-0.8235430112332104,0.14784875555625265,-0.8047991824566987,0.042485955721316276,0.08255921305721448,nan,nan
45,38,36840,forward,eps,km^2/s^2,79,79.0,0.0,-0.1805218674846154,0.1676695261845417,-0.8212242061251354,-0.11546698747602338,0.705757218649112,-0.8827561980116676,-0.060086332099685946,0.8226698659119817,-3.3554032761964994,0.6155521139046493,0.6770841057911815,nan,nan
45,39,33028,forward,eps,km^2/s^2,1558,1558.0,0.0,-0.24475733397714594,0.020425628836712548,-0.25643926021856595,-0.20048371721575817,0.05595554300280778,-0.2574162916054966,-0.12386906400087427,0.13354722760462234,2.3985757440904325,0.041774283761688596,0.11838893697657249,nan,nan
45,40,22717,forward,eps,km^2/s^2,761,761.0,0.0,-0.8271887024387172,0.0451933106224661,-0.8762390006803344,-0.8121785848572282,0.06406041582310629,-1.0147912761328661,-0.04477593560856841,0.9700153405242977,13.315109156445512,0.05451900535844434,0.7787325791438365,nan,nan
45,41,103221,forward,eps,km^2/s^2,393,393.0,0.0,-0.8590507658522474,0.03108474296046403,-0.9224157257799079,-0.8148398931933188,0.10757583258658909,-0.9674652360500271,-0.8067424945822104,0.16072274146781673,-0.5190181505017267,0.06529210310267496,0.09072662283052801,nan,nan
45,42,34318,forward,eps,km^2/s^2,1446,1446.0,0.0,-0.8989565979926547,0.03584212009985433,-0.9472333760291262,-0.8143039065057671,0.13292946952335905,-0.9645044296906837,-0.8064411635281616,0.1580632661625221,0.5352667267868453,0.08233620790168134,0.09019895087928687,nan,nan
45,43,150382,forward,eps,km^2/s^2,884,884.0,0.0,-0.19204934448874567,0.19427348539069866,-0.8675214363802461,-0.11456052034353646,0.7529609160367097,-0.9533668880587026,-0.04380055913553149,0.9095663289231711,-2.869121285763916,0.6651892355289315,0.7510346872073881,nan,nan
45,44,119604,forward,eps,km^2/s^2,15562,15562.0,0.0,-0.9430115572261191,0.02299553304351682,-0.9697032494469122,-0.8971415793951777,0.07256167005173453,-0.9750473144925218,-0.8510394547458431,0.12400785974667872,0.47019466386851966,0.039064334201215245,0.08302791284699307,nan,nan
45,0,96248,forward,e,-,24772,24772.0,0.0,0.6286844110857253,0.07649029395032321,0.5251233719140792,0.7633314439918597,0.2382080720777805,0.4945975559633394,0.7841382419656238,0.2895406860022844,0.21429227140867135,0.1323873674000521,0.16291318335079202,nan,nan
45,1,18323,forward,e,-,3,3.0,0.0,0.4909186749852805,0.13185859662563443,0.371643086377117,0.6608554518209706,0.2892123654438536,0.35839024319843216,0.679737315913825,0.32134707271539287,0.5157834326817468,0.3024652086225384,0.32134707271539287,nan,nan
45,2,47219,forward,e,-,635,635.0,0.0,0.5445812575554867,0.1042935705561816,0.37209477826979914,0.721363877368978,0.34926909909917886,0.17020378480203383,0.8029346747167724,0.6327308899147386,-0.1226426619012322,0.20735547233202667,0.3447491282398676,nan,nan
45,3,49068,forward,e,-,4837,4837.0,0.0,0.47951507377919944,0.04221388477469184,0.3957330106697318,0.5238395791535931,0.12810656848386132,0.3738368212161587,0.5294155266261129,0.15557870540995422,-0.4582413843444016,0.07812247775899497,0.10001866721256814,nan,nan
45,4,153922,forward,e,-,2482,2482.0,0.0,0.3895556310302702,0.09791464202963708,0.18070512450529866,0.5084799882541817,0.3277748637488831,0.17007196115669213,0.5723271845626726,0.4022552234059805,-0.4658680708214673,0.2178441975690816,0.2284773609176882,nan,nan
45,5,55906,forward,e,-,7148,7148.0,0.0,0.42137702252825887,0.02720256517788079,0.3860821588865486,0.47491126900192693,0.0888291101153783,0.35737832241848155,0.5386737053151543,0.1812953828966728,0.4872412055851306,0.061824201808079404,0.12558663812130683,nan,nan
45,6,90596,forward,e,-,1053,1053.0,0.0,0.24380369827890444,0.03238128058720359,0.19429944310418076,0.3136783705055165,0.11937892740133574,0.17001816509090778,0.43765894760485785,0.26764078251395007,1.6091232670501108,0.07596148621436268,0.19994206331370404,nan,nan
45,7,147571,forward,e,-,3536,3536.0,0.0,0.6034345921079005,0.08943506650208559,0.5044430718660347,0.7459065761924704,0.2414635043264357,0.2062286491345052,0.7516742698788982,0.545445620744393,-0.10829601989555446,0.13830276575878192,0.4022759376221997,nan,nan
45,8,8686,forward,e,-,2980,2980.0,0.0,0.3496817315302656,0.030304250479301974,0.3099467214323015,0.3849353402527902,0.07498861882048868,0.2961950763715573,0.5154629321271346,0.21926785575557728,1.6929906082506312,0.04358878443884012,0.1733522695909509,nan,nan
45,9,36956,forward,e,-,3049,3049.0,0.0,0.6163081294422263,0.11622824438952342,0.47641924161643695,0.8580159347592892,0.3815966931428522,0.19421885160693464,0.8942666422086608,0.7000477906017262,0.3427963404527745,0.21060827861669856,0.4698134716148846,nan,nan
45,10,34995,forward,e,-,682,682.0,0.0,0.4992032864488137,0.02602355230832394,0.45752413653108726,0.5137433427195658,0.05621920618847853,0.2968132707033585,0.572716237374,0.2759029666706415,-2.664455828182991,0.048626114214195354,0.20631194404118713,nan,nan
45,11,36842,forward,e,-,152,152.0,0.0,0.4210845480234051,0.08925362469631819,0.23092585108729588,0.5097931077816837,0.27886725669438783,0.17243396639415698,0.5688579777800702,0.3964240113859132,-0.755003293596695,0.17104321618468676,0.2295351008778257,nan,nan
45,12,154799,forward,e,-,117,117.0,0.0,0.4971960729238388,0.16499804794349315,0.22770852200526756,0.7240080252665833,0.49629950326131567,0.1698141830836259,0.8887012718543874,0.7188870887707615,-0.11274014628686994,0.2701434715010461,0.4048240259543841,nan,nan
45,13,160486,forward,e,-,2573,2573.0,0.0,0.2677866303053106,0.09135938433225341,0.1844907161972633,0.499926990327213,0.3154362741299497,0.17108557576733655,0.572955757279698,0.40187018151236154,1.0502455039066314,0.1687789966486345,0.22637664478156144,nan,nan
45,14,28726,forward,e,-,134,134.0,0.0,0.5420246693879509,0.13153016993438135,0.35651089059138535,0.7442039536950807,0.3876930631036954,0.1749042741804052,0.892947970469117,0.7180436962887118,-0.006729560499883737,0.23620999403223453,0.37760435616350874,nan,nan
45,15,50594,forward,e,-,6477,6477.0,0.0,0.5828654518488985,0.07611275268729663,0.4748549175418478,0.6841474416551405,0.20929252411329274,0.17744395196510176,0.7014729021211635,0.5240289501560618,-1.048025409266493,0.11652972715646993,0.413940692733216,nan,nan
45,16,33705,forward,e,-,575,575.0,0.0,0.38619550776859435,0.07799995056264913,0.2833899288325328,0.5133419137834516,0.22995198495091884,0.22541187670380058,0.5168726041016974,0.29146072739789686,0.13367385644287813,0.13989824628215922,0.14818540853534318,nan,nan
45,17,170313,forward,e,-,20082,20082.0,0.0,0.7720083958103324,0.0661871651016823,0.6295750120695349,0.8410415568856523,0.21146654481611737,0.5250959763492817,0.8597500074356198,0.33465403108633807,-0.9405904085316745,0.18506066277619668,0.28953969849644967,nan,nan
45,18,115049,forward,e,-,3885,3885.0,0.0,0.5936800607168028,0.08745485080993766,0.48809922694892544,0.7292126046608268,0.2411133777119014,0.1713813094736515,0.8360123577457311,0.6646310482720796,-0.00037866166987235114,0.15504333457935784,0.40296836497927624,nan,nan
45,19,173781,forward,e,-,13959,13959.0,0.0,0.4264707125307222,0.033478709701016164,0.3701017795653307,0.47344043361609167,0.10333865405076098,0.288258210095421,0.5422283212035953,0.2539701111081743,-0.15411791518938636,0.05646134737070496,0.13166649180999013,nan,nan
45,20,33137,forward,e,-,1000,1000.0,0.0,0.635415074867853,0.15412253985226218,0.4726331262852348,0.8893863753989496,0.4167532491137148,0.2618911883232883,0.8952125964134294,0.6333214080901411,0.15035361421635818,0.3491217384097159,0.35494795942419566,nan,nan
45,21,15889,forward,e,-,12009,12009.0,0.0,0.4927558523990591,0.051926298846462715,0.389197306358187,0.5474114597804919,0.15821415342230488,0.36933174053788914,0.5562090261526239,0.18687728561473477,-0.4571754791686682,0.09074591341426112,0.110611479234559,nan,nan
45,22,100814,forward,e,-,2690,2690.0,0.0,0.4019301088937599,0.06929709388025221,0.2827858860821655,0.510377242011882,0.22759135592971647,0.17689843824555226,0.5185090086168794,0.34161057037132714,-0.1904748504656094,0.13182541535174697,0.23771286318836019,nan,nan
45,23,164532,forward,e,-,437,437.0,0.0,0.5055448662396629,0.13434225894703253,0.24415512986913185,0.7206887391992751,0.47653360933014327,0.17153859831983675,0.8726010775688735,0.7010624792490368,-0.18996957368081152,0.24415187252088313,0.388666464087795,nan,nan
45,24,175498,forward,e,-,2816,2816.0,0.0,0.228238269593927,0.05082355514432945,0.1733583107776662,0.31047795793007404,0.13711964715240785,0.17140178779317194,0.5212219375949423,0.34982014980177034,1.3014785675266312,0.13073766766104417,0.3414816473259124,nan,nan
45,25,153596,forward,e,-,2199,2199.0,0.0,0.4198036580093029,0.055642784450175654,0.3559621802294557,0.5214024853064663,0.16544030507701057,0.3534727015855489,0.5633284052797051,0.20985570369415618,0.3370333134451085,0.11241657614767603,0.15434249612091483,nan,nan
45,26,208835,forward,e,-,3407,3407.0,0.0,0.27250171339981466,0.05727912191476229,0.22871344430810348,0.41987715557186356,0.19116371126376008,0.17467649438969368,0.5728986792600154,0.3982221848703217,1.6206534719596326,0.14833258912393096,0.3013541128120828,nan,nan
45,27,86919,forward,e,-,1980,1980.0,0.0,0.6604806309247595,0.09792538061619743,0.4738827402436206,0.7111409822115663,0.2372582419679457,0.16949320295763892,0.717303409218294,0.5478102062606551,-2.998856032781747,0.21350040601917314,0.517889943305155,nan,nan
45,28,156534,forward,e,-,394,394.0,0.0,0.2733419814633692,0.1041214546502765,0.2053297618276373,0.507641666227901,0.3023119044002637,0.17100555090973987,0.572619520313711,0.4016139694039711,0.7428490532443395,0.27180982010854565,0.33678767419435574,nan,nan
45,29,80822,forward,e,-,6644,6644.0,0.0,0.4684512431060125,0.04143571945916304,0.4305161700248637,0.5595678164870513,0.12905164646218764,0.25826993322717556,0.6832326818608986,0.424962748633723,1.233896308112882,0.10091155286928147,0.22218359204551102,nan,nan
45,30,65633,forward,e,-,329,329.0,0.0,0.24645007566532157,0.06705621969573075,0.20146899672891921,0.3797677555556625,0.1782987588267433,0.16971236327555636,0.5436662256937932,0.3739538624182368,1.6136190566409807,0.14831329462088202,0.3122117647590127,nan,nan
45,31,149609,forward,e,-,26214,26214.0,0.0,0.3305194023994741,0.046260225067674555,0.2672042614262688,0.4242790219812574,0.1570747605549886,0.175969075502094,0.5031026509987027,0.32713357549660865,0.5191552579830584,0.16506275038616164,0.2438863794036069,nan,nan
45,32,30556,forward,e,-,19,19.0,0.0,0.4705035456942431,0.17260047824648903,0.24998451588871495,0.8447480883345494,0.5947635724458344,0.24735772442992304,0.8805307353897781,0.633173010959855,0.8460037775350211,0.35264781155200314,0.38843045860723185,nan,nan
45,33,35895,forward,e,-,116,116.0,0.0,0.3229051086547986,0.10645876721270932,0.2061297001654199,0.5045422724406676,0.29841257227524776,0.18600693989988665,0.5711935451900068,0.3851866052901201,0.4426416764118179,0.2638370666609604,0.3304883394102996,nan,nan
45,34,12157,forward,e,-,870,870.0,0.0,0.22281981773675724,0.16705816499884163,0.18855955161001245,0.7139779169423909,0.5254183653323784,0.17222573043226008,0.8954250633070769,0.7231993328748169,2.116505861212034,0.5032052094157383,0.6846523557804244,nan,nan
45,35,202055,forward,e,-,3121,3121.0,0.0,0.6023228841336644,0.09474454288646193,0.49269821104986317,0.7365641872468425,0.2438659761969793,0.17006665311222163,0.8806958366908055,0.7106291835785838,-0.3243238164810038,0.14980716571551944,0.41857890944976245,nan,nan
45,36,21211,forward,e,-,5243,5243.0,0.0,0.5498922165728277,0.07219858297136743,0.4649802858253675,0.6408760905394032,0.1758958047140357,0.16857236846964585,0.6604308114173666,0.49185844294772074,-1.8738898925762617,0.11023664070249196,0.3677439238611656,nan,nan
45,37,76930,forward,e,-,4756,4756.0,0.0,0.34526173411232525,0.04603675853807303,0.2872694914846312,0.4362179445528459,0.1489484530682147,0.22263718442495697,0.5029569112002404,0.2803197267752835,0.5986400672442783,0.08353397309831709,0.14278212290761297,nan,nan
45,38,36840,forward,e,-,79,79.0,0.0,0.5646429096126052,0.1233436366905742,0.3484333899968581,0.7240622153538864,0.3756288253570283,0.21530385870088578,0.8568787149132043,0.6415748562123186,-0.7248308836839638,0.24525125153166788,0.3556661391124557,nan,nan
45,39,33028,forward,e,-,1558,1558.0,0.0,0.39539154590516534,0.05456622500018881,0.36188313386399745,0.5140835499295239,0.15220041606552642,0.35907069968116695,0.7042509991652085,0.34518029948404155,2.2044741133157784,0.11065015420145465,0.3008176034371393,nan,nan
45,40,22717,forward,e,-,761,761.0,0.0,0.2315649414161234,0.05673571540482487,0.18773711248808778,0.345746380107013,0.1580092676189252,0.16976826648044613,0.8933250748032786,0.7235568083228325,5.282631135675776,0.12392481667543964,0.6715035113717053,nan,nan
45,41,103221,forward,e,-,393,393.0,0.0,0.30591117468255846,0.06556042024876897,0.19440733590355658,0.42479280500233035,0.23038546909877378,0.16987312589813894,0.49707187044589213,0.3271987445477532,0.08066772385250622,0.14885371299558206,0.17255242016136998,nan,nan
45,42,34318,forward,e,-,1446,1446.0,0.0,0.38441190879757536,0.0713879126619383,0.1927983784307877,0.46566142761245793,0.27286304918167026,0.16889565608930196,0.4923822458233116,0.3234865897340096,-0.9774079895245009,0.18718511389695583,0.21108783623844157,nan,nan
45,43,150382,forward,e,-,884,884.0,0.0,0.5355976730953752,0.1307650181061941,0.3566472245591584,0.7262413462799112,0.3695941217207528,0.27235485399620946,0.8956399397956282,0.6232850857994188,0.16682514846301116,0.21742379941873202,0.3863135142100116,nan,nan
45,44,119604,forward,e,-,15562,15562.0,0.0,0.4590056800280913,0.03776947886419249,0.38110184083748094,0.5003614699385499,0.11925962910106896,0.28987177594082353,0.5083076614849963,0.21843588554417276,-0.5599776184462804,0.0635470381563857,0.15467874215706706,nan,nan
45,0,96248,forward,w,deg,24772,24772.0,0.0,-3.185697924464904,18.0737236214,-22.30239104959434,33.835254593155966,56.13764564275031,-23.37566884008197,67.05708169073546,90.43275053081743,0.7288322661789997,47.18118104076409,80.40300813834358,174.25211296171668,0.951414575165509
45,1,18323,forward,w,deg,3,3.0,0.0,17.47436192330744,58.692013702964005,-80.4914863577908,41.69076968010982,122.18225603790063,-91.37658061124617,44.38148165308786,135.75806226433403,-1.4630463835063343,133.067350291356,135.75806226433406,220.0108864065519,0.5481755456118705
45,2,47219,forward,w,deg,635,635.0,0.0,-1.9019714183215228,26.3424878666991,-31.40031569841736,41.045583029690675,72.44589872810803,-163.86715955953247,169.77706829366042,333.6442278531929,0.45574795632725834,55.98650919627505,178.22954561618974,317.9556535792791,0.9100893639317349
45,3,49068,forward,w,deg,4837,4837.0,0.0,-0.7536044753006763,13.392034058388465,-19.120335374897433,24.72927080717462,43.84960618207205,-21.81293268107072,38.37960090177904,60.19253358284976,0.44525274387513974,30.095191930776213,43.74552202538064,313.3794188337216,0.9729961358106123
45,4,153922,forward,w,deg,2482,2482.0,0.0,-2.089041188755644,20.70008446820542,-29.68072280492313,36.12110364894738,65.80182645387052,-60.77549124604663,79.67872420837693,140.45421545442355,0.29495369051913684,53.440695848620464,96.99831640805002,136.42947905466536,0.9373542528818942
45,5,55906,forward,w,deg,7148,7148.0,0.0,-2.1072165106451024,18.49538449166607,-25.307855029967854,30.999176043029024,56.30703107299688,-29.741054451990408,81.74837005652148,111.48942450851189,0.6099834071442115,30.474380599747636,79.91873535628133,193.18801335744573,0.9493142070565753
45,6,90596,forward,w,deg,1053,1053.0,0.0,-4.039508282658204,23.131018649078342,-27.602841887190152,41.65887577821332,69.26171766540347,-34.67991125686649,93.33340039548938,128.01331165235587,1.0578667422950068,45.334360446626825,97.00888506390288,91.82815288146763,0.9229404616312135
45,7,147571,forward,w,deg,3536,3536.0,0.0,-2.882486359170713,24.45951755090704,-30.292832274438574,42.11089348318238,72.40372575762095,-178.72976482796892,165.48327426888045,344.21303909684934,0.36368443730840855,54.9247767574728,177.79965917065817,239.03758147564668,0.9200360470567406
45,8,8686,forward,w,deg,2980,2980.0,0.0,-1.681740401113899,6.058146883433887,-3.975930169195408,5.757222850267495,9.733153019462904,-4.127564726612832,57.98694670791457,62.1145114345274,4.310057945562125,9.186079579341524,61.4158034369886,293.5370568774897,0.9945526444618998
45,9,36956,forward,w,deg,3049,3049.0,0.0,-1.7014146045127632,18.030645647359083,-19.667295608901206,27.194497714377196,46.861793323278405,-43.205342979552,176.1049639485986,219.3103069281506,2.634080594151412,29.16480391417612,175.45218293730903,247.9658829550846,0.9580168058602548
45,10,34995,forward,w,deg,682,682.0,0.0,-2.584148573539764,15.875744452244195,-16.963994522176307,33.957398648458316,50.92139317063462,-47.727083696880214,64.50244951856959,112.2295332154498,1.1216937857808478,38.714650192620645,64.7939446596985,62.39415554809395,0.9629018958104741
45,11,36842,forward,w,deg,152,152.0,0.0,0.4252460971007537,28.733795756196063,-64.48302343453175,41.733735810510204,106.21675924504194,-76.7054303925646,73.86261099488118,150.56804138744576,-0.7072783701388455,61.404550721385164,83.72152463023156,163.68638157052584,0.8841847972142374
45,12,154799,forward,w,deg,117,117.0,0.0,-1.648472049012014,90.76755643342089,-155.80016323574554,170.92401185258396,326.7241750883295,-178.4840159698478,177.55110108926317,356.035117059111,0.08313127649539612,174.6250374610744,179.52600672896733,165.21497009326583,0.3065840286867596
45,13,160486,forward,w,deg,2573,2573.0,0.0,-2.645334301872765,28.76972553385027,-37.08181055549248,51.43122315635259,88.51303371184507,-41.905328080444235,100.11913937523082,142.02446745567505,0.5308485783282214,53.34591951168579,102.03383573056402,70.7741669199879,0.8804869274703826
45,14,28726,forward,w,deg,134,134.0,0.0,-0.26039793997355787,45.15034892955619,-95.89158864761731,41.29241047891058,137.1839991265279,-164.6374223317526,160.85076803856907,325.48819037032166,-1.5028594096698968,139.64764810695462,168.50044117994435,42.66438062983901,0.7982558796027571
45,15,50594,forward,w,deg,6477,6477.0,0.0,-3.0861784222292385,20.180163045535096,-10.775727510036052,25.294438199396335,36.07016570943239,-179.74561499428313,179.75991666627357,359.5055316605567,2.1586703538396903,33.46169364927945,179.88376175152462,173.21176138194733,0.9627066207498369
45,16,33705,forward,w,deg,575,575.0,0.0,-0.36911653264115785,19.146385369842115,-28.79284462736054,31.4662457096889,60.25909033704944,-45.42949779349033,50.03717507539159,95.46667286888191,0.07836774435953756,43.096913168238345,61.667842533940984,16.284534702981205,0.9455454588599022
45,17,170313,forward,w,deg,20082,20082.0,0.0,-2.898692432195702,15.661992155835865,-19.196810930293587,29.855140598500967,49.051951528794554,-21.3698420453791,67.61850498492754,88.98834703030664,0.9249584662645685,40.02167279534517,77.78503718177171,172.66251062195917,0.9634645972953781
45,18,115049,forward,w,deg,3885,3885.0,0.0,-4.321986362477844,19.117017590834877,-20.73081780485436,36.107523275334124,56.838341080188485,-160.9600329388025,138.90362628581767,299.86365922462016,0.614969997418814,52.803837574070975,155.19031839949957,286.40705866184476,0.9474795467962724
45,19,173781,forward,w,deg,13959,13959.0,0.0,-4.044255894049826,15.790488267828472,-15.637896709197332,26.95661270007571,42.594509409273044,-16.033500492969665,103.59857260430317,119.63207309727284,1.7248335057866908,35.786285810979564,112.42824571520703,6.520594884632072,0.9639468785713523
45,20,33137,forward,w,deg,1000,1000.0,0.0,-3.471835743008114,24.55431129657229,-24.874404422197415,34.54309480556634,59.417499227763756,-48.12871574441485,167.12570082571716,215.254416570132,3.2876270836206443,44.701090593069466,177.2836966132203,299.4544873671191,0.9311832304454714
45,21,15889,forward,w,deg,12009,12009.0,0.0,-0.5042184816846316,6.784508727778861,-10.047575620866576,11.776041622741346,21.82361724360792,-11.77057875573962,21.507418860547887,33.27799761628751,0.34684809218284174,16.506348568030333,26.237725805836874,301.6118675794645,0.9930089951288807
45,22,100814,forward,w,deg,2690,2690.0,0.0,-3.372932128393643,14.900931999480425,-19.32593117840348,28.856833846759667,48.18276502516315,-22.340199660550752,47.82514184883121,70.16534150938196,0.6735889568869409,25.84275132907387,43.712167253758764,337.11827254421746,0.966679107610776
45,23,164532,forward,w,deg,437,437.0,0.0,-0.2766485243169541,71.28948859862378,-156.41619555704108,77.93105114352423,234.3472467005653,-179.9675263725993,178.9051404482692,358.8726668208685,-0.3719939218383576,169.30386790321313,177.9316527790154,355.7603049501142,0.5472810870164357
45,24,175498,forward,w,deg,2816,2816.0,0.0,-3.4524100693488435,16.867926259638757,-17.538241395948774,30.136158644071926,47.6744000400207,-18.81100527195258,98.570062424973,117.38106769692558,1.901730965793068,33.41548768864197,101.8493914695431,17.27658328007929,0.9593131514164801
45,25,153596,forward,w,deg,2199,2199.0,0.0,-4.114710707733508,26.115640437112035,-32.406794846521954,51.901782020670986,84.30857686719294,-37.142567538244094,89.89744324937465,127.04001078761874,0.748727798659,68.60065151189669,106.59631274060035,234.36241412837114,0.9011531437481862
45,26,208835,forward,w,deg,3407,3407.0,0.0,-2.189081204584113,13.94527953830587,-16.347516270926867,25.902578852751756,42.25009512367862,-23.511470102199866,93.4731639716698,116.98463407386967,1.3058754423891754,37.42796583872389,104.9985509576419,52.831900908681725,0.971273799542382
45,27,86919,forward,w,deg,1980,1980.0,0.0,-3.6204137211695695,34.999305671650646,-22.477272702524573,42.26132482390176,64.73859752642633,-179.50863471550917,179.87783776304445,359.3864724785536,1.7924052877831138,47.62678712776647,179.91060724296494,205.39029761904354,0.8850447720087289
45,28,156534,forward,w,deg,394,394.0,0.0,-0.04783428920485733,28.240464696035573,-51.484451584049154,42.649379460491375,94.13383104454053,-67.494675885118,79.86481727053683,147.35949315565483,0.03243840128196594,55.37751603092933,80.69654595701763,233.50303571987212,0.8850104302143025
45,29,80822,forward,w,deg,6644,6644.0,0.0,-1.7666722866637343,20.00876185221365,-27.397354240683807,35.155861210850865,62.55321545153467,-32.415685983983906,169.9870256862335,202.4027116702174,0.7788656339192376,35.25560669010009,164.890701635121,201.3058525477747,0.9416018133151934
45,30,65633,forward,w,deg,329,329.0,0.0,-1.2492332453618644,18.965855579944826,-24.234181648419614,26.566238307862317,50.80041995628193,-162.9399073296803,71.70009922089056,234.64000655057086,-1.5404906028114143,39.92417758814321,155.25186121006936,147.80110578227223,0.9536974623634356
45,31,149609,forward,w,deg,26214,26214.0,0.0,-2.4078402008922524,16.404931370908397,-20.403557130024417,30.69312991255411,51.09668704257852,-23.238415110107667,91.973938312102,115.21235342220967,1.1552264328058461,29.81343864634951,91.09424704589742,14.75645747625441,0.960391212469552
45,32,30556,forward,w,deg,19,19.0,0.0,-0.039442791059059346,84.99533302206939,-141.0024695652053,74.66212729706695,215.66459686227225,-156.72789190265996,107.2693358967245,263.99722779938446,-0.20350267617914,177.37406713989677,179.5622048523453,117.93104970045478,0.18080147678085778
45,33,35895,forward,w,deg,116,116.0,0.0,-0.7045814402304416,37.22919844816472,-49.79647514253692,49.067395317491545,98.86387046002847,-64.90912136513847,154.73744985850544,219.64657122364392,1.8097020914694353,68.80408532151698,174.47413986253093,245.57520331988985,0.8425755089644162
45,34,12157,forward,w,deg,870,870.0,0.0,-8.457628163674997,49.75564321264152,-29.137347821641594,127.51880052123292,156.6561483428745,-156.33981025135807,179.3437135575104,335.6835238088685,1.6319723157276493,142.78003725474414,178.78478824032857,171.83038500907782,0.7335768262115983
45,35,202055,forward,w,deg,3121,3121.0,0.0,-2.6970543833368197,25.40552909934078,-26.61311286292488,39.198751919190954,65.81186478211583,-174.79807626056657,179.4503671326238,354.24844339319037,-0.6601722056217362,44.818134025981976,177.7102715731561,297.62595467244125,0.9218988998626375
45,36,21211,forward,w,deg,5243,5243.0,0.0,-5.748493185533107,29.60012939956595,-18.454899896870096,43.14144888192431,61.59634877879441,-179.37723226311982,179.94929537777853,359.32652764089835,2.1596693341561264,45.837372011480326,179.51068761110957,181.8272440036755,0.911341311059033
45,37,76930,forward,w,deg,4756,4756.0,0.0,-3.033542910073294,13.619989942858046,-15.671186675752239,29.294861072745263,44.9660477484975,-17.267342569481627,54.26343986850128,71.53078243798291,1.0794714822858056,32.37708396629607,57.345662762052086,307.5509778274564,0.972260123001631
45,38,36840,forward,w,deg,79,79.0,0.0,-0.01971118739851363,43.66324473549371,-133.27291468221858,38.29881857097436,171.57173325319295,-164.30385960939032,61.14930260398165,225.45316221337197,-2.226676303619469,145.09590348286665,176.12684841003846,74.02833354307838,0.8123093595869255
45,39,33028,forward,w,deg,1558,1558.0,0.0,-4.932835542672066,24.411837666137725,-28.877548529194122,50.22473853261544,79.10228706180956,-30.750073880594044,80.78827947550587,111.53835335609992,0.8848683959416868,46.00187967172874,76.56542061461914,211.6646249329327,0.913410724967673
45,40,22717,forward,w,deg,761,761.0,0.0,-2.0736866665387765,16.013212001457028,-19.721731402873843,19.93914183743712,39.66087324031096,-31.515269753646464,151.70420366061973,183.2194734142662,3.508433092588039,25.94808784720138,157.71314967038398,157.63823984289877,0.9666417785908075
45,41,103221,forward,w,deg,393,393.0,0.0,-1.841168451312143,20.65053432737137,-28.395809244008888,35.972747449789786,64.36855669379867,-35.45196162169128,54.728404807912796,90.18036642960408,0.41312404554724586,41.6752848509172,60.43094220904021,76.21944292874903,0.9366230254094022
45,42,34318,forward,w,deg,1446,1446.0,0.0,-3.028774231461398,18.28991051490383,-30.95145428575821,33.839528216884766,64.79098250264298,-71.90940529161372,67.08368324464445,138.99308853625817,0.34102496619390504,44.54060112585699,77.48625674683524,45.552344341123934,0.951053360077701
45,43,150382,forward,w,deg,884,884.0,0.0,-2.542228774580039,46.63482076096662,-52.26556721628586,134.99574536034518,187.26131257663104,-73.00255464742906,179.7456671781199,252.74822182554897,1.6253002167434354,149.7137163836787,179.90179237090513,43.20401004510359,0.7654587349150254
45,44,119604,forward,w,deg,15562,15562.0,0.0,-3.0887665650282514,15.967786824625312,-18.46018809433581,31.563646005974253,50.02383410031006,-20.18398514023056,71.68429483227641,91.86827997250697,1.1528449703310706,42.517750323265915,82.6383991495681,11.053761708794305,0.9622534902140888
50,0,96248,backward,eps,km^2/s^2,24774,24774.0,0.0,-0.09842318372413306,0.023141576463885368,-0.14692165607748922,-0.06740225469281713,0.07951940138467209,-0.17891119594782734,-0.058817793307683885,0.12009340264014345,-0.7446261032410508,0.06415513209625003,0.09614467196658816,nan,nan
50,1,18323,backward,eps,km^2/s^2,3,3.0,0.0,-0.9166889311745429,0.08195725274902142,-1.0075710141307719,-0.8268939994167189,0.18067701471405295,-1.0176690233481307,-0.8169167847769607,0.20075223857116997,-0.018050892859940604,0.19065422935381118,0.20075223857116997,nan,nan
50,2,49728,backward,eps,km^2/s^2,567,567.0,0.0,-0.9533666575963756,0.02383105732831442,-0.9762271135263896,-0.9171353136314964,0.059091799894893215,-1.0207786020554366,-0.8306298734844577,0.19014872857097886,0.9838272443012301,0.046122751295751156,0.13136153351385205,nan,nan
50,3,49068,backward,eps,km^2/s^2,4837,4837.0,0.0,-0.9794128573983533,0.01267880674493001,-0.993067020353092,-0.9532141027752343,0.039852917577857694,-0.996399116625677,-0.9281148789320531,0.0682842376936239,0.7949786057781114,0.031365342313606145,0.0564645661567873,nan,nan
50,4,149492,backward,eps,km^2/s^2,708,708.0,0.0,-0.17182887327876417,0.03793396572396919,-0.21256954003476755,-0.11473828875697296,0.09783125127779459,-0.24925288094409226,-0.043834796693581146,0.2054180842505111,0.3041055687875645,0.05985045626867068,0.1305041301597577,nan,nan
50,5,55617,backward,eps,km^2/s^2,6329,6329.0,0.0,-0.8692894010089782,0.01952650329874514,-0.9001880389545128,-0.8377541053079807,0.06243393364653216,-0.9059461126228705,-0.8310290574037036,0.07491705521916692,0.02150717462643901,0.04002763572317751,0.04675268362745455,nan,nan
50,6,90596,backward,eps,km^2/s^2,1051,1051.0,0.0,-0.060782088472268625,0.025605489837711187,-0.12464443128531394,-0.04526150534390072,0.07938292594141322,-0.15590668998104462,-0.04391779137377705,0.11198889860726757,-1.279423700996303,0.07648192620879085,0.10774418490452153,nan,nan
50,7,171344,backward,eps,km^2/s^2,397,397.0,0.0,-0.2487208542411793,0.011193363784159237,-0.25827824882623246,-0.22472071538862812,0.03355753343760434,-0.2595672674968075,-0.2126801188692632,0.046887148627544284,0.722263451688585,0.022535685018721316,0.03457628153808623,nan,nan
50,8,8686,backward,eps,km^2/s^2,2980,2980.0,0.0,-0.9230219765937426,0.02510549082960722,-0.9595130990412114,-0.8808281718834704,0.078684927157741,-0.9699743335828579,-0.8508318586618089,0.11914247492104901,0.1245503063134246,0.042882521334938487,0.0719553575876466,nan,nan
50,9,29836,backward,eps,km^2/s^2,447,447.0,0.0,-0.8155626964037431,0.009734438700061234,-0.8366262644458706,-0.807063653693383,0.029562610752487672,-0.840541966654622,-0.8067739194775032,0.03376804717711879,-0.6230783190226842,0.019171495299004502,0.023087197507755897,nan,nan
50,10,33850,backward,eps,km^2/s^2,1686,1686.0,0.0,-0.8991980015436656,0.033688663563585186,-0.9553048155683755,-0.8482015486239582,0.1071032669444173,-0.962065782035503,-0.8261789952345342,0.13588678680096877,-0.05934317900919376,0.05773468138603419,0.07975723477545826,nan,nan
50,11,54902,backward,eps,km^2/s^2,66,66.0,0.0,-0.9637164773588149,0.027886533470169686,-0.9770487110124091,-0.9030537094878708,0.0739950015245383,-1.020754723273971,-0.8908830375065291,0.129871685767442,0.5410785353555764,0.06691457898800227,0.07908525096934393,nan,nan
50,12,154799,backward,eps,km^2/s^2,111,111.0,0.0,-0.1825180187701445,0.043644502457596004,-0.2503078294151353,-0.11423634520780934,0.13607148420732595,-0.25689406117484503,-0.0800492234137743,0.17684483776107074,0.031309978303700435,0.07224458995778366,0.10246879535637021,nan,nan
50,13,163665,backward,eps,km^2/s^2,2364,2364.0,0.0,-0.24144529919391527,0.013629356652545253,-0.2571839619947314,-0.21533132251818193,0.04185263947654949,-0.2582250091029896,-0.18661714074914093,0.07160786835384869,0.6952407759272936,0.026039959626820416,0.05475414139586143,nan,nan
50,14,37147,backward,eps,km^2/s^2,95,95.0,0.0,-0.8235128848709095,0.025575618641498547,-0.8911765376176544,-0.8095558142682356,0.08162072334941872,-0.9206653620594798,-0.8062327657692095,0.11443259629027025,-1.5021612650265617,0.06796904498476876,0.09745786942659418,nan,nan
50,15,50370,backward,eps,km^2/s^2,5798,5798.0,0.0,-0.9320504794416795,0.016513524136972987,-0.9593569086522444,-0.907732884733612,0.05162402391863241,-0.9621988601257904,-0.9034845844710969,0.05871427565469345,-0.08422535685030061,0.02947927563011806,0.03232122710366403,nan,nan
50,16,103221,backward,eps,km^2/s^2,419,419.0,0.0,-0.9447860273860973,0.04442148686504764,-0.9793046901776261,-0.8447831572861281,0.13452153289149804,-1.0201349727623945,-0.8253323811976936,0.19480259156470092,0.7130904446702483,0.11684758560737746,0.1362983616958119,nan,nan
50,17,170313,backward,eps,km^2/s^2,20091,20091.0,0.0,-0.16167576612683843,0.023279634022796838,-0.1964502596582589,-0.12136878678370222,0.07508147287455669,-0.20393761703701752,-0.10810740220807047,0.09583021482894705,0.1473019863678721,0.04819417191412734,0.06145555648975909,nan,nan
50,18,117580,backward,eps,km^2/s^2,3497,3497.0,0.0,-0.12959509828493632,0.019030006036358734,-0.1652760279443632,-0.1100910741587107,0.055184953785652496,-0.17186296994633743,-0.04380722131250103,0.1280557486338364,-0.12619998819054892,0.04463975048731389,0.077159951909341,nan,nan
50,19,110095,backward,eps,km^2/s^2,10667,10667.0,0.0,-0.17126331223936309,0.02181381642662609,-0.2085888415178431,-0.13994962940311045,0.06863921211473265,-0.21405334544024213,-0.1178214189298119,0.09623192651043022,0.037780788705612814,0.04291757691960006,0.04966283459822596,nan,nan
50,20,38447,backward,eps,km^2/s^2,494,494.0,0.0,-0.912638750147889,0.03980867350796142,-0.975036298207062,-0.8532587939167032,0.12177750429035872,-1.020836128343177,-0.8454109413360686,0.1754251870071084,-0.24411440791783826,0.06567790856470056,0.10754723389786791,nan,nan
50,21,15889,backward,eps,km^2/s^2,12009,12009.0,0.0,-0.8908769874277576,0.028625454119216416,-0.9464306011634044,-0.8548510297422829,0.0915795714211215,-0.9620982854500806,-0.8455281706683686,0.11657011478171198,-0.3857667698955782,0.052818886566146646,0.06848657085282284,nan,nan
50,22,33705,backward,eps,km^2/s^2,564,564.0,0.0,-0.819016753587665,0.018726054546674305,-0.8677345748094264,-0.8066531479146287,0.061081426894797675,-0.8848100517728593,-0.8063623697289342,0.07844768204392516,-1.2481026482512696,0.048122445472747646,0.06519792243618061,nan,nan
50,23,153922,backward,eps,km^2/s^2,2514,2514.0,0.0,-0.18247582757728842,0.03370365593816243,-0.2140576043417176,-0.11738244948855912,0.09667515485315849,-0.24181840798177956,-0.0713110924760273,0.17050731550575227,0.3950525493709229,0.06566311257030934,0.11173446958284117,nan,nan
50,24,175498,backward,eps,km^2/s^2,2691,2691.0,0.0,-0.24997346398186016,0.010289393724871867,-0.25643404543958026,-0.2294776918565089,0.026956353583071357,-0.25726351893733923,-0.18468911335516458,0.07257440558217465,1.8217987626208176,0.016262102323710947,0.06105068082505527,nan,nan
50,25,153596,backward,eps,km^2/s^2,2192,2192.0,0.0,-0.16396011340551975,0.034763747595631174,-0.20448846817929356,-0.10654442830337754,0.09794403987591602,-0.22995763791597346,-0.10462873397446115,0.1253289039415123,0.18703561271451558,0.06018343470728479,0.06327770590583925,nan,nan
50,26,209733,backward,eps,km^2/s^2,3164,3164.0,0.0,-0.1688456184143578,0.035671182270718936,-0.21562995552532074,-0.10063162958622399,0.11499832593909676,-0.22767471502874403,-0.06934862161182309,0.15832609341692094,0.37109450402708555,0.06204437188391981,0.08951860692015712,nan,nan
50,27,88936,backward,eps,km^2/s^2,1984,1984.0,0.0,-0.9657877232058887,0.012330698081254246,-0.9736822319526804,-0.933570688907378,0.0401115430453024,-1.0187910622265253,-0.9074849518250743,0.111306110401451,2.0352856829365495,0.035545305754586434,0.06132587646780341,nan,nan
50,28,156534,backward,eps,km^2/s^2,402,402.0,0.0,-0.1739984576567833,0.04160415970920175,-0.22730304298318185,-0.10691768163025984,0.12038536135292201,-0.25825625342541136,-0.043879077490019736,0.21437717593539163,0.2169465172795633,0.07191625085639203,0.12931623158035188,nan,nan
50,29,80421,backward,eps,km^2/s^2,6371,6371.0,0.0,-0.9339928783518603,0.016297754489417355,-0.9572109986978039,-0.9059327972225368,0.05127820147526707,-0.9621743862905279,-0.8955709664766951,0.06660341981383278,0.16287872360730182,0.029482265074699365,0.034110609645165324,nan,nan
50,30,65633,backward,eps,km^2/s^2,325,325.0,0.0,-0.8573532559029418,0.023800708319991037,-0.884342277053734,-0.8191523952277242,0.06518988182600982,-0.9018884826586886,-0.8098334714099431,0.09205501124874549,0.19379603201876733,0.045049409031365076,0.05436833284914622,nan,nan
50,31,211064,backward,eps,km^2/s^2,21322,21322.0,0.0,-0.23114739279825397,0.014409437566911739,-0.2468897485519797,-0.19981545340908197,0.04707429514289774,-0.258155544271637,-0.17887796674198686,0.07927757752965015,0.7164688262516137,0.030662035294986727,0.05159952196208184,nan,nan
50,32,30556,backward,eps,km^2/s^2,17,17.0,0.0,-0.8343821656715211,0.05226767919150358,-0.9530612446655167,-0.817181686398171,0.13587955826734566,-0.9721623626889256,-0.8143434397753737,0.15781892291355193,-0.7472849580699157,0.11867907899399555,0.13778019701740452,nan,nan
50,33,32446,backward,eps,km^2/s^2,119,119.0,0.0,-0.8636095087329121,0.039609265284023094,-0.9334634755700689,-0.8214805079243261,0.11198296764574278,-0.9620789445470141,-0.8074723231445518,0.1546066214024624,-0.6393742821143423,0.06214997427484562,0.08613538844744151,nan,nan
50,34,33137,backward,eps,km^2/s^2,688,688.0,0.0,-0.8726023335045847,0.023358797059051768,-0.91063549741226,-0.8326253475615915,0.07801014985066856,-0.9182613158571666,-0.8258646600734283,0.09239665578373835,-0.02041600116434238,0.049899629484039594,0.05666031697220275,nan,nan
50,35,181866,backward,eps,km^2/s^2,2664,2664.0,0.0,-0.1992999063073833,0.012865218576536672,-0.21083848794994073,-0.17295263309781767,0.03788585485212306,-0.23602085445509702,-0.14531211194980354,0.09070874250529348,0.5105057834178907,0.03188101504329726,0.0595215361913114,nan,nan
50,36,40012,backward,eps,km^2/s^2,5056,5056.0,0.0,-0.877047014887003,0.019120980730289748,-0.9025519580769548,-0.8427632255358635,0.059788732541091294,-0.9083395759997465,-0.8366000185173516,0.07173955748239491,0.22948864448153408,0.03570205970160928,0.04186526672012125,nan,nan
50,37,76930,backward,eps,km^2/s^2,4721,4721.0,0.0,-0.9910435984871532,0.012243024254974524,-1.0052920215676535,-0.9666324119041931,0.03865960966346038,-1.0086547271271056,-0.9620409644423636,0.04661376268474193,0.3908827198552053,0.03231760261111438,0.03690905007294387,nan,nan
50,38,28967,backward,eps,km^2/s^2,93,93.0,0.0,-0.8334882106656412,0.034309471724875855,-0.9241728367139196,-0.8279214706877382,0.09625136602618134,-1.0023683426834398,-0.8250490688292091,0.17731927385423063,-2.85477369106666,0.08962654800427014,0.16782205397379057,nan,nan
50,39,33028,backward,eps,km^2/s^2,1409,1409.0,0.0,-0.8259134229659268,0.016901358422441292,-0.8603865192592245,-0.807776836457214,0.052609682802010505,-0.8765472861822211,-0.8071063254947568,0.0694409606874643,-0.5436094929629808,0.038163339902573784,0.05432410682557043,nan,nan
50,40,22717,backward,eps,km^2/s^2,754,754.0,0.0,-0.8278308213691112,0.015733003401955773,-0.8335507552791352,-0.8236388960471285,0.00991185923200677,-0.9767857540615593,-0.8215743452134329,0.15521140884812645,-8.184521330341388,0.005774413736974255,0.14874034790734336,nan,nan
50,41,36842,backward,eps,km^2/s^2,148,148.0,0.0,-0.9208021640126378,0.03637386291682687,-0.9758594934050193,-0.8596898912177169,0.11616960218730243,-0.9803732372391757,-0.8457974606450449,0.13457577659413078,0.1680297589496197,0.06071408700768616,0.07437124881881652,nan,nan
50,42,56628,backward,eps,km^2/s^2,508,508.0,0.0,-0.9745919336317483,0.006370407313509989,-0.9800161831409099,-0.9631701547825027,0.016846028358407206,-1.0207437552380227,-0.9487677665709078,0.07197598866711497,-1.2051363802486177,0.010332586787750094,0.04738390245334001,nan,nan
50,43,204665,backward,eps,km^2/s^2,1058,1058.0,0.0,-0.19056784652732445,0.028080451908909957,-0.21403961133345517,-0.1263564829780002,0.08768312835545497,-0.22866836401087975,-0.04680867501884445,0.1818596889920353,1.2803417707605231,0.056230292702939756,0.1357781006620955,nan,nan
50,44,144185,backward,eps,km^2/s^2,24308,24308.0,0.0,-0.189032367577756,0.03285675749252403,-0.22705368367536768,-0.1291051034523938,0.0979485802229739,-0.23213016221654925,-0.11918320724966502,0.11294695496688423,0.31223949429505976,0.06343910692396326,0.07336100312669203,nan,nan
50,45,12322,backward,eps,km^2/s^2,735,735.0,0.0,-0.8156130739791547,0.004109182272195438,-0.8233117443406336,-0.8105586419529105,0.012753102387723092,-0.8336168262263908,-0.806208472304013,0.027408353922377726,-0.453709643018196,0.008181203571584927,0.018058914551202232,nan,nan
50,46,46161,backward,eps,km^2/s^2,3495,3495.0,0.0,-0.8541096000940276,0.018419193437873002,-0.8947828680850396,-0.8345950353479342,0.06018783273710537,-0.919547973027429,-0.8288569264007043,0.09069104662672467,-0.6982761105039414,0.04491184726313201,0.06967695220552139,nan,nan
50,47,100814,backward,eps,km^2/s^2,2667,2667.0,0.0,-0.9170838148343506,0.035020038493070914,-0.9603199876527772,-0.8512113060657321,0.10910868158704501,-0.9716903857139396,-0.8341808548242309,0.13750953088970874,0.3401042532964737,0.0585307241093221,0.07291688689879183,nan,nan
50,48,35340,backward,eps,km^2/s^2,1181,1181.0,0.0,-0.8355208082801447,0.005428463469556923,-0.8428399784242917,-0.8246603680975562,0.01817961032673554,-0.8505173187426425,-0.8192115265176463,0.03130579222499619,0.35371698596904144,0.01132600484840407,0.015884258383283445,nan,nan
50,49,147868,backward,eps,km^2/s^2,3518,3518.0,0.0,-0.22407940292435902,0.026576476529167864,-0.2583563434744581,-0.18066596952462474,0.07769037394983339,-0.2593276385082858,-0.15547222186136178,0.10385541664692399,0.21002934286004835,0.053993084562963714,0.07918683222622669,nan,nan
50,0,96248,backward,e,-,24774,24774.0,0.0,0.765136604071097,0.055856805422559996,0.6474881593174551,0.83936821277362,0.19188005345616488,0.5681711988082472,0.8598376401626954,0.2916664413544482,-0.7726080698069835,0.15513018477109528,0.2344471452803032,nan,nan
50,1,18323,backward,e,-,3,3.0,0.0,0.4154081001457174,0.14994636714692136,0.22426505012543427,0.5534005145218742,0.3291354643964399,0.20302693345651393,0.5687330050081139,0.36570607155159995,-0.47682237814283474,0.3503735810653603,0.36570607155159995,nan,nan
50,2,49728,backward,e,-,567,567.0,0.0,0.4752332963071045,0.0392557989633864,0.41615144661708614,0.5100492115376027,0.0938977649205166,0.24042445551844907,0.5728973064372875,0.3324728509188385,-1.5952008876334351,0.07394441686620964,0.2481326860332456,nan,nan
50,3,49068,backward,e,-,4837,4837.0,0.0,0.5146467335355054,0.01899237290308235,0.47494595655868244,0.5344405453593595,0.05949458880067704,0.4351727305718936,0.5391917984091384,0.10401906783724485,-0.8567633578593199,0.047221986282763195,0.08699521226955204,nan,nan
50,4,149492,backward,e,-,708,708.0,0.0,0.5861512460927693,0.09424825610235027,0.48300947678512735,0.7258135518732235,0.24280407508809615,0.3820793340539469,0.8955575813930169,0.51347824733907,0.2523995922291528,0.14649295870000972,0.31544417541747316,nan,nan
50,5,55617,backward,e,-,6329,6329.0,0.0,0.3280902457432337,0.04012129178028314,0.2580983563264003,0.3868937133446873,0.12879535701828698,0.2412161780719966,0.3970846757071267,0.15586849763513008,-0.15770168553701255,0.08690785069405153,0.10379002894845527,nan,nan
50,6,90596,backward,e,-,1051,1051.0,0.0,0.855116750122679,0.06141493755615082,0.7017819547858248,0.8921617368837295,0.19037978209790463,0.6254295657568893,0.8953605839444655,0.26993101818757614,-1.2899975343900763,0.18344894634721481,0.25980133537615036,nan,nan
50,7,171344,backward,e,-,397,397.0,0.0,0.38383559465493194,0.03124445972909342,0.35649245014008624,0.4496979956112459,0.09320554547115967,0.35264176551903914,0.48344268483640773,0.1308009193173686,0.690126974041832,0.0619722169940807,0.0957169062192425,nan,nan
50,8,8686,backward,e,-,2980,2980.0,0.0,0.42559224729697614,0.0429930597121223,0.3495274856938692,0.4844381888737181,0.13491070317984888,0.2881415248747148,0.5004312289167241,0.2122897040420093,-0.22428139364186003,0.07570845458251362,0.13709441540166806,nan,nan
50,9,29836,backward,e,-,447,447.0,0.0,0.19898963248837634,0.028287859868207487,0.17100471887555974,0.2564563296007107,0.08545161072515095,0.17000004480164355,0.2658803182594515,0.09588027345780797,0.5004626528504278,0.05122634381099915,0.06065033246973997,nan,nan
50,10,33850,backward,e,-,1686,1686.0,0.0,0.3847982051109923,0.0615945458666563,0.2822942467830822,0.4782595986640649,0.19596535188098274,0.22621774428384717,0.4889179694282377,0.2627002251443905,-0.11026267993975603,0.11436359762714536,0.1704401001263804,nan,nan
50,11,54902,backward,e,-,66,66.0,0.0,0.4913033612535931,0.044268102366643206,0.39156646646437143,0.51126941824689,0.11970295178251855,0.3694278370040943,0.5728758045889726,0.20344796758487826,-0.7152401427421087,0.10908728467657482,0.13122591413685192,nan,nan
50,12,154799,backward,e,-,111,111.0,0.0,0.5596326773895088,0.10994073366815094,0.37981882957484764,0.727028372453542,0.3472095428786944,0.360276219593914,0.8092903384959702,0.4490141189020562,-0.04431229397661209,0.1851037766254075,0.24965766110646137,nan,nan
50,13,163665,backward,e,-,2364,2364.0,0.0,0.4049136435458886,0.037622498031877005,0.3597092795906774,0.4759389491817993,0.11622966959112191,0.3566637372686819,0.5502077473549134,0.1935440100862315,0.6273280457563574,0.07164157582755103,0.14591037400066514,nan,nan
50,14,37147,backward,e,-,95,95.0,0.0,0.22201195943940125,0.05887799520787075,0.17841892134055834,0.3707323114037241,0.19231339006316575,0.168344493093901,0.4227295505662749,0.25438505747237394,1.2678361530547557,0.14903633516018697,0.20103357432273783,nan,nan
50,15,50370,backward,e,-,5798,5798.0,0.0,0.4412782645489495,0.027042881404228624,0.4000626883131142,0.48459510986566945,0.08453242155255525,0.39265580891513585,0.4890780510419404,0.09642224212680456,0.032742170818519864,0.046898996298217664,0.051381937474488604,nan,nan
50,16,103221,backward,e,-,419,419.0,0.0,0.46197601450315834,0.0779795117719222,0.27540042693937905,0.5145864691106771,0.23918604217129802,0.2275051331493695,0.5719985499113021,0.34449341676193257,-0.8879824318859557,0.21285802976341942,0.260753323553429,nan,nan
50,17,170313,backward,e,-,20091,20091.0,0.0,0.6118005976814948,0.05741376616019247,0.5247406392709411,0.7099326595864579,0.18519202031551685,0.5055190939696781,0.7418535503586249,0.2363344563889468,0.12064903859586616,0.11771400687138162,0.14963489764354865,nan,nan
50,18,117580,backward,e,-,3497,3497.0,0.0,0.6899465445062395,0.046274963816787466,0.6025661155972935,0.7370217594853883,0.13445564388809483,0.5858489384316479,0.8956261106421681,0.30977717221052026,-0.1447765412285211,0.10906666037791087,0.18479229381265905,nan,nan
50,19,110095,backward,e,-,10667,10667.0,0.0,0.5874859280225704,0.054566197717296996,0.492623069836338,0.6646174669295708,0.17199439709323278,0.47836209815909864,0.7183625566981128,0.24000045853901414,0.0012624194758720012,0.10836748773656459,0.12147526698818223,nan,nan
50,20,38447,backward,e,-,494,494.0,0.0,0.4083565283437072,0.06909814687047068,0.29433462570570035,0.5082844921804237,0.21394986647472336,0.27596785685332237,0.5729713754320799,0.2970035185787575,0.029852533359402262,0.1239461486170394,0.1634042342828424,nan,nan
50,21,15889,backward,e,-,12009,12009.0,0.0,0.36903416311321446,0.052259787929831325,0.2967558243399063,0.4641177814029626,0.1673619570630563,0.2759808255270147,0.4886047653412886,0.2126239398142739,0.24184835701711227,0.09186421592256272,0.11451558132695816,nan,nan
50,22,33705,backward,e,-,564,564.0,0.0,0.2092110141269368,0.04799662987293898,0.16963944290700697,0.325380383096954,0.15574094018994702,0.1685914010438332,0.3588525073059772,0.190261106262144,0.9602696783958437,0.11379222871700546,0.14726435292602866,nan,nan
50,23,153922,backward,e,-,2514,2514.0,0.0,0.5596652504447363,0.08387959419923402,0.47912740906259826,0.7194440419049349,0.24031663284233667,0.4030483832654117,0.8301322492789376,0.4270838660135259,0.36928060884781333,0.16115080014558222,0.2718390075195849,nan,nan
50,24,175498,backward,e,-,2691,2691.0,0.0,0.3806404295815619,0.02864541276146964,0.36195780061497546,0.4377829701272864,0.07582516951231094,0.35955973559991417,0.5550590694566417,0.19549933385672758,1.7202195801798323,0.04561432339332705,0.1628904227226824,nan,nan
50,25,153596,backward,e,-,2192,2192.0,0.0,0.6059653254215507,0.08571861475141011,0.5041067376803973,0.7455812113163793,0.24147447363598207,0.4355737085618785,0.7501700804378386,0.3145963718759601,0.16826032612978067,0.14646363882856392,0.16365682271716364,nan,nan
50,26,209733,backward,e,-,3164,3164.0,0.0,0.5943116114598809,0.08831244361045068,0.47496644809425104,0.7600773297438348,0.28511088164958376,0.4417591418536942,0.8348095937025558,0.3930504518488616,0.32363241660722225,0.1555901234416475,0.215692817826593,nan,nan
50,27,88936,backward,e,-,1984,1984.0,0.0,0.4944557761131262,0.0192910431451577,0.44410205234531197,0.5062796941908165,0.06217764184550456,0.4000752559244471,0.5702470566398834,0.1701718007154363,-2.164898501288104,0.05545276781968241,0.09898548156413389,nan,nan
50,28,156534,backward,e,-,402,402.0,0.0,0.5807365664172592,0.10368386642890366,0.4427906315620677,0.7446535385557069,0.3018629069936392,0.35660797237421576,0.8954556794646302,0.5388477070904145,0.1491002179963416,0.18771372336123293,0.3124193838568129,nan,nan
50,29,80421,backward,e,-,6371,6371.0,0.0,0.44460992923037146,0.026807076016651533,0.39713407575615295,0.48144944343021323,0.08431536767406028,0.37860956366479837,0.48900977315892075,0.11040020949412238,-0.22416483858137395,0.04772169337721752,0.056326634499156925,nan,nan
50,30,65633,backward,e,-,325,325.0,0.0,0.3035910272329913,0.05407334895623955,0.20964217481435246,0.3578784438786878,0.14823626906433532,0.18088082821592322,0.3901875215225572,0.20930669330663398,-0.3158659067729243,0.1083863324949931,0.13714767909342235,nan,nan
50,31,211064,backward,e,-,21322,21322.0,0.0,0.4333372077216302,0.03875119789287744,0.38961514888011456,0.5164634699289173,0.12684832104880278,0.35685617807242725,0.5695377246821902,0.21268154660976296,0.6602935597987526,0.08085324264262185,0.13392749739589477,nan,nan
50,32,30556,backward,e,-,17,17.0,0.0,0.25028520609456467,0.10288912224676561,0.20370402864110415,0.4748962674456066,0.27119223880450244,0.1950360603659501,0.5039491085365341,0.30891304817058396,0.6031569223385645,0.2246110613510419,0.2536639024419694,nan,nan
50,33,32446,backward,e,-,119,119.0,0.0,0.3158932049182244,0.07969060322232355,0.21628679134457018,0.44346053953888426,0.22717374819431407,0.17281072957280652,0.4887002063670536,0.31588947679424706,0.38307253556524806,0.13803193327549265,0.16809878060973904,nan,nan
50,34,33137,backward,e,-,688,688.0,0.0,0.3340653940462086,0.047408205017315214,0.24507536239177877,0.40462882141686296,0.1595534590250842,0.22545498294582936,0.4170346165478668,0.19157963360203742,-0.15813448268261826,0.10859899942006634,0.12821937886601578,nan,nan
50,35,181866,backward,e,-,2664,2664.0,0.0,0.5172909683546578,0.03265384900110718,0.48759581560856025,0.5836388190344076,0.09604300342584737,0.4208176163509968,0.6523048380459139,0.2314872216949171,0.48662711482399423,0.08072656568292352,0.14933097812056462,nan,nan
50,36,40012,backward,e,-,5056,5056.0,0.0,0.3433077027624435,0.03851710171640722,0.2699284934183963,0.3908150802080097,0.12088658678961339,0.25510700329387204,0.40084754521189775,0.1457405419180257,-0.3408328383013323,0.07607575974341305,0.09089724986793735,nan,nan
50,37,76930,backward,e,-,4721,4721.0,0.0,0.5314974034827472,0.01774689377660059,0.49567958008054636,0.551699396030996,0.05601981595044969,0.48828440468421264,0.5563450703171937,0.06806066563298108,-0.4259053805214787,0.047159391357315505,0.054554566753649225,nan,nan
50,38,28967,backward,e,-,93,93.0,0.0,0.24810869448595627,0.06574685283826322,0.23346358361024613,0.42731198718106744,0.1938484035708213,0.22620391484974076,0.5476911816377198,0.321487266787979,2.5146934309016094,0.176686055949371,0.2970652504060234,nan,nan
50,39,33028,backward,e,-,1409,1409.0,0.0,0.22834512357904832,0.04401164472144533,0.17342887981785754,0.3099479753586744,0.13651909554081687,0.17112689483884924,0.3402609224953388,0.16913402765648955,0.3427668092604795,0.09112957749264929,0.12144252462931368,nan,nan
50,40,22717,backward,e,-,754,754.0,0.0,0.2332335373432493,0.0303536982341036,0.2221407134121555,0.24819736566258288,0.026056652250427387,0.21642413130941254,0.5108531897156712,0.29442905840625866,7.678566508954969,0.01514591026839577,0.2769643657917369,nan,nan
50,41,36842,backward,e,-,148,148.0,0.0,0.42237724386459996,0.0628982526945347,0.30763160154301916,0.5092983559408034,0.20166675439778425,0.27680286487863687,0.5161493137998848,0.23934644892124796,-0.34655837440924075,0.11367337343155703,0.14450211009593933,nan,nan
50,42,56628,backward,e,-,508,508.0,0.0,0.5075806824493144,0.009420551609839203,0.4904128869708896,0.5156077607049004,0.02519487373401086,0.4683908338031087,0.5728380058839121,0.1044471720808034,0.9613252882546198,0.015440480085892045,0.067112355021126,nan,nan
50,43,204665,backward,e,-,1058,1058.0,0.0,0.5395483481961174,0.06987168794524637,0.4780641567070587,0.6977688977812458,0.21970474107418714,0.43907346317125606,0.8884901535808974,0.4494166904096414,1.2186793190618601,0.13768818979493969,0.3284094455945913,nan,nan
50,44,144185,backward,e,-,24308,24308.0,0.0,0.5430315729650943,0.08271992033484134,0.4443126766965604,0.6910557188002977,0.24674304210373732,0.43062908504429315,0.7150700487396036,0.2844409636953104,0.2801328992106312,0.15696723733631043,0.18098156727561632,nan,nan
50,45,12322,backward,e,-,735,735.0,0.0,0.19853268928469073,0.01243122326229896,0.18269973483936602,0.2212304767937334,0.03853074195436737,0.16819393098549065,0.2454770032032327,0.07728307221774205,0.27071481839624556,0.02402691284678805,0.0468641513847374,nan,nan
50,46,46161,backward,e,-,3495,3495.0,0.0,0.29633812494832307,0.03857281671360307,0.2505476251992122,0.37724003800747163,0.12669241280825944,0.23559685136174488,0.4208422722003064,0.18524542083856152,0.5350932840791699,0.09023388292461974,0.13383611711745452,nan,nan
50,47,100814,backward,e,-,2667,2667.0,0.0,0.4164752237025203,0.06275564272187577,0.2895292032465363,0.4862085684473177,0.1966793652007814,0.25044739869082505,0.5033967835729937,0.2529493848821686,-0.4992131901610801,0.10989127083834244,0.1489730753940537,nan,nan
50,48,35340,backward,e,-,1181,1181.0,0.0,0.2531458914595676,0.01368722066197141,0.22522676572475883,0.27107109048278893,0.0458443247580301,0.2098502277444101,0.2887982437203462,0.07894801597593609,-0.4700940044421473,0.028947556553537895,0.04124235732570697,nan,nan
50,49,147868,backward,e,-,3518,3518.0,0.0,0.451398265823111,0.07091372487884762,0.3562501162789983,0.5637555188890573,0.207505402610059,0.35333869863390605,0.6264576821344308,0.2731189835005247,0.15829318678529225,0.14102455002289951,0.20372671326827302,nan,nan
50,0,96248,backward,w,deg,24774,24774.0,0.0,-1.4010677375697895,4.925251004597861,-5.79937148191245,10.439303102494378,16.23867458440683,-6.805623815992931,13.96776694959118,20.77339076558411,0.9458970372341854,11.887041221432654,15.415505068529455,20.0860396063307,0.9963121855787558
50,1,18323,backward,w,deg,3,3.0,0.0,-1.7680421398964086,7.573281901149228,-7.603324025829002,8.861258507146111,16.464582532975115,-8.251688679821513,10.04229191237306,18.293980592194572,0.8298606459739539,17.64561593820206,18.293980592194572,196.95674935229286,0.9912834637877667
50,2,49728,backward,w,deg,567,567.0,0.0,-2.1206187998978407,5.887033516673729,-3.6623906700698425,13.716247227046917,17.37863789711676,-22.153563833316753,19.71843817680096,41.87200201011771,1.0076311745945035,17.74089098008473,23.232741278520223,195.78911352616785,0.9947495355911412
50,3,49068,backward,w,deg,4837,4837.0,0.0,-1.573393979961196,5.67718569912385,-6.599184650487632,12.143994409645693,18.743179060133325,-7.626779452412677,20.00699328372133,27.633772736134006,1.149959541386901,14.797659459514612,22.66065833359025,191.58241893578915,0.9951064004453587
50,4,149492,backward,w,deg,708,708.0,0.0,0.0027891083578310827,3.8939850770645172,-6.0374407699472155,8.461327298404635,14.49876806835185,-14.176774331814386,12.140139646097651,26.316913977912037,0.0983279529670847,9.586826215475995,15.070481265314697,24.816032966854127,0.9976961715593654
50,5,55617,backward,w,deg,6329,6329.0,0.0,0.08361538647511679,3.061978179347326,-4.522792982006939,3.889285185908411,8.41207816791535,-35.931473341491625,10.418565777293821,46.350039118785446,-4.066924653262881,7.1051254890477535,38.44695678072836,207.54069478857272,0.9985880308546009
50,6,90596,backward,w,deg,1051,1051.0,0.0,-3.0305122297585,5.724780402476919,-4.700174073287158,11.959996419132025,16.660170492419184,-4.8737152720659935,15.985928950944242,20.859644223010235,1.0943813975091257,13.488693416749712,17.51462594856193,15.488821973372831,0.9950203572047251
50,7,171344,backward,w,deg,397,397.0,0.0,2.1203660501684283,5.5412638538393155,-11.318336435018505,5.258666813371633,16.577003248390138,-14.720842728470757,5.876628633685129,20.597471362155886,-0.9579744589284103,15.228501907870008,18.63100820132226,31.16556771864955,0.9953333194121594
50,8,8686,backward,w,deg,2980,2980.0,0.0,-0.3171454406088543,2.8922506846844316,-2.3050709422068194,1.5628651942527938,3.867936136459613,-2.763010229741326,28.857898305827547,31.620908535568873,5.36082463817999,2.3289543634137715,29.623987474988525,182.88846930098316,0.9987369391949039
50,9,29836,backward,w,deg,447,447.0,0.0,4.914031023348969,13.178698128320358,-26.832511489560783,13.137825973305235,39.97033746286602,-31.910517521495393,13.363113240528321,45.273630762023714,-0.8551820803414717,35.60635177497918,40.684357806913795,206.00185099611542,0.973831496985398
50,10,33850,backward,w,deg,1686,1686.0,0.0,-0.18155800209984818,6.699218065609469,-5.356728763774385,15.689217133483886,21.04594589725827,-25.206012080664095,23.547079937771997,48.75309201843609,0.6347322984586169,20.618788114543705,25.04306278347258,196.65841773266303,0.9932278349723537
50,11,54902,backward,w,deg,66,66.0,0.0,-0.8672123329470764,5.598783254942682,-3.7846038311904877,7.87031972312537,11.654923554315857,-21.948466558719076,18.339384815821433,40.28785137454051,0.06953527765861159,13.547799145383046,21.357712025169747,195.74232429098734,0.9952513822358832
50,12,154799,backward,w,deg,111,111.0,0.0,0.06591706188075364,3.9955922887532482,-5.461774688815197,8.357933447790089,13.819708136605286,-14.235856811197777,11.13132191879049,25.367178729988268,0.03659990789877912,8.485647366666555,15.360939397790446,25.05906885302976,0.997574164015968
50,13,163665,backward,w,deg,2364,2364.0,0.0,0.30078272828048114,6.46575137799344,-10.012112595872182,7.639779055451944,17.651891651324128,-13.45729570912411,8.223248558442549,21.68054426756666,-0.2474775961088483,17.154299295287434,20.599482408539387,28.10376239599183,0.993643619507746
50,14,37147,backward,w,deg,95,95.0,0.0,1.9658083420670778,12.02237538301599,-33.290262435253986,10.680114658755402,43.970377094009386,-36.16407020422017,11.619157812527448,47.783228016747614,-1.8321485234995694,42.18821228447623,45.06202005344241,208.3204748844502,0.9784150452074646
50,15,50370,backward,w,deg,5798,5798.0,0.0,-0.10380177875519792,2.7086921713085603,-4.159067937079958,4.682519255652691,8.84158719273265,-7.235731671307661,17.1028902796358,24.338621950943462,0.2606817858628034,5.203992298850063,17.437251669583333,197.80000534025024,0.9988831547874926
50,16,103221,backward,w,deg,419,419.0,0.0,-2.4826291042599564,9.452505653876509,-9.69623425585812,18.608467791760088,28.304702047618207,-26.321779473825842,19.112483590934374,45.434263064760216,0.4794278256755268,15.719050510088902,29.65573865909238,200.5824698904204,0.9864722598126296
50,17,170313,backward,w,deg,20091,20091.0,0.0,-0.03452171306369678,2.569016050471353,-3.9276439023096543,3.4185628896908895,7.346206792000544,-6.020427716929277,13.590374337885379,19.610802054814656,1.1961494586120014,5.686349322841693,12.117914918109108,20.55431205916982,0.9989961918544423
50,18,117580,backward,w,deg,3497,3497.0,0.0,-0.4702645104901535,2.340831499094164,-1.9123892837208132,4.988034668517875,6.900423952238688,-13.21689992092496,9.071693291625422,22.28859321255038,0.1833784524418771,7.125512396952566,11.54094391222452,23.804571734784755,0.9991666865464327
50,19,110095,backward,w,deg,10667,10667.0,0.0,0.49125967058537867,2.7817656981495893,-5.131524449589341,3.1551778693243873,8.286702318913727,-18.287106705140815,5.16251556019796,23.449622265338775,-2.1641661201090274,5.1761375246280705,17.9231136002648,30.32485213310846,0.9988242252783767
50,20,38447,backward,w,deg,494,494.0,0.0,2.454818864473836,9.990405197606469,-21.171769606900625,7.808640084301872,28.980409691202496,-21.356201309741635,26.594099551743767,47.9503008614854,-1.0040639472071138,24.010046245234065,24.194477948075075,192.9020029048443,0.984935717910787
50,21,15889,backward,w,deg,12009,12009.0,0.0,-0.37963676289268733,3.4962266885366184,-5.203920729441347,6.105257168144732,11.309177897586078,-6.339737441892737,7.793111439348763,14.1328488812415,0.2553349916248376,6.436066848214551,8.123921119418583,189.95935590899776,0.9981394537177564
50,22,33705,backward,w,deg,564,564.0,0.0,6.1415262396708385,13.70717219343513,-28.952092201472666,12.224145942782952,41.17623814425562,-35.55897383579199,12.49541220251217,48.05438603830416,-1.005949082649818,37.68861809775907,44.29549973207838,207.733206134112,0.9717575530369384
50,23,153922,backward,w,deg,2514,2514.0,0.0,0.19793918810736955,3.7423483901736256,-6.246395480901967,7.530084191288341,13.776479672190309,-14.18152405555918,12.197906525477265,26.379430581036445,0.015071547435467196,9.077338040638896,15.709193523708223,24.865229444063107,0.9978714488765059
50,24,175498,backward,w,deg,2691,2691.0,0.0,1.1605158223768512,5.529617017246911,-10.189846357299913,6.474899169900553,16.664745527200466,-14.309934767983833,6.715182811590637,21.02511757957447,-0.583314909372784,15.229647784037397,19.349736194721316,28.879053402725937,0.9953508176521967
50,25,153596,backward,w,deg,2192,2192.0,0.0,-0.2666848576682952,2.9287909742728018,-3.5601936420507267,6.670584235090407,10.230777877141135,-6.272818586207734,12.888474012810946,19.16129259901868,1.7198242917914248,6.5347529978563035,12.450261962164205,23.578802378603967,0.9986956830652829
50,26,209733,backward,w,deg,3164,3164.0,0.0,-3.2639249283448635,7.209021572739021,-6.56965713230746,17.003948372208296,23.573605504515754,-7.45711000340134,18.205731062696543,25.662841066097883,1.2630493243124497,21.315284054162017,22.517066744650265,18.15157847429893,0.9921193854154563
50,27,88936,backward,w,deg,1984,1984.0,0.0,-1.1586505249866974,4.924372957906991,-5.67891602112808,10.435658355503394,16.114574376631474,-22.524262696825076,14.715475941371835,37.23973863819691,0.8336539906938215,10.279635869296671,22.83213342651115,199.43794529707432,0.9963155882470963
50,28,156534,backward,w,deg,402,402.0,0.0,-0.3040636559228318,4.81073253260503,-7.115107525223345,11.228206336155145,18.34331386137849,-13.392696663576828,12.58281711465358,25.975513778230408,0.33267118503244547,11.788084845237751,13.463325408894661,24.47444541292621,0.9964853048376852
50,29,80421,backward,w,deg,6371,6371.0,0.0,-0.2074269403181006,3.360018402859544,-4.880225903650796,5.905524056282886,10.785749959933682,-12.137770084714731,10.172939720714936,22.310709805429667,0.28319680521858176,6.3542979752717486,12.872303203058124,204.82777943321062,0.9982822056117604
50,30,65633,backward,w,deg,325,325.0,0.0,3.849477841636599,8.84618279580786,-14.27448311437754,6.187645301939632,20.46212841631717,-40.64808465196589,7.33189676263882,47.97998141460471,-2.6375545081591643,19.206865507260655,45.580467044849,212.1448326990344,0.9883401711668468
50,31,211064,backward,w,deg,21322,21322.0,0.0,0.2222828505823884,5.376952020640025,-8.545773132773487,7.54702000963761,16.092793142411097,-11.743866343632533,10.38423840675091,22.128104750383443,-0.08115692911799606,10.793463705983417,13.630682103096717,25.966620165469305,0.9956025613828061
50,32,30556,backward,w,deg,17,17.0,0.0,2.1819941476967983,8.004622459996806,-11.959511180821057,11.8860528006001,23.845563981421158,-12.473539703376247,12.818425207198743,25.29196491057499,-0.3291543178766065,16.287047555346778,16.801076077901968,204.94455832852495,0.9902711760006186
50,33,32446,backward,w,deg,119,119.0,0.0,-0.6389949998896327,10.946477568665554,-27.82403238406966,15.978280137251337,43.802312521321,-28.80863369169373,18.313626120088998,47.122259811782726,-0.960555836385039,27.3170702356112,28.301671543235273,200.51126389037898,0.9819750398109272
50,34,33137,backward,w,deg,688,688.0,0.0,1.0328249721825102,9.373439297436015,-25.545907949624727,18.945669746324796,44.49157769594952,-26.38114931455229,22.366357790693854,48.74750710524614,-1.030651714098565,26.683737213735405,27.518978578662967,197.88071067956875,0.9868001454738079
50,35,181866,backward,w,deg,2664,2664.0,0.0,0.9223565787044521,2.4671856114342785,-4.972508063648847,1.766388421649141,6.738896485297987,-11.71224981411487,11.967832231863724,23.680082045978594,-1.4233232142193006,6.097916007226568,12.628363178590632,24.361040592332486,0.9990741777854999
50,36,40012,backward,w,deg,5056,5056.0,0.0,0.11591484995776113,1.987399803502529,-3.5620272575561955,2.927684106418134,6.48971136397433,-8.264706932035324,3.618394767611676,11.883101699647,-0.5135556105974006,4.3060471643583185,9.008726838837447,202.1441938506947,0.9993986043447394
50,37,76930,backward,w,deg,4721,4721.0,0.0,-0.674713825286517,6.708616284698127,-9.050186091329437,11.930321997660997,20.980508088990433,-10.616960850772585,14.556647086387443,25.17360793716003,0.34989751705614797,11.180199878403585,13.259944033578364,191.33640331109396,0.9931608128360805
50,38,28967,backward,w,deg,93,93.0,0.0,1.495781957243537,5.2648830791513745,-8.605879253480328,3.988174006425498,12.594053259905825,-14.66975716461613,12.680787621054094,27.350544785670223,-0.39936327494444174,10.702442862330576,16.165539121859666,206.80125593464103,0.9957873294446631
50,39,33028,backward,w,deg,1409,1409.0,0.0,9.001277980296663,15.892445538550389,-31.95466299144232,12.779685929250945,44.734348920693265,-34.141022214095756,13.062289540919465,47.20331175501522,-0.9756851440060758,41.18288505447245,43.36924427712589,205.75609231325436,0.9621188990738503
50,40,22717,backward,w,deg,754,754.0,0.0,0.29638869154757685,3.1335194400115123,-4.875247224696023,3.5302599863355697,8.405507211031592,-14.795199272816262,12.422068947002941,27.217268219819204,0.52160005749146,5.4126249257788475,14.610454557375249,206.63945134716568,0.9985073202117105
50,41,36842,backward,w,deg,148,148.0,0.0,-0.7842068802986262,5.127561889671119,-4.07573552457116,9.094612331009852,13.170347855581012,-23.124908466867936,22.697291359898003,45.82219982676594,0.46038591196328027,12.124536353369534,24.648716359382746,195.98817454935073,0.9960212931180097
50,42,56628,backward,w,deg,508,508.0,0.0,-0.9696576203413798,3.7967170756958346,-3.763047694248044,7.132098713511949,10.895146407759993,-20.0662490215212,11.842438305943716,31.908687327464918,0.1049317863749694,9.879685835678682,17.450393076846325,195.27353079873555,0.9978088349646963
50,43,204665,backward,w,deg,1058,1058.0,0.0,-1.1570501454857123,6.517620702788404,-8.317900806401827,10.008774970357061,18.32667577675889,-15.418362881046704,10.367739696301214,25.78610257734792,0.08085183043916132,18.291264908675068,18.650229634619222,26.021143734372064,0.9935440036050663
50,44,144185,backward,w,deg,24308,24308.0,0.0,0.046087603681328915,2.1374110521230065,-3.5264555375331597,3.300262520106986,6.826718057640146,-14.151075023581,8.051786305880682,22.202861329461683,-0.22793579572705228,5.117783228621186,15.710797647081307,27.761198415958948,0.9993044588823619
50,45,12322,backward,w,deg,735,735.0,0.0,2.2375770039916176,7.276903931197587,-14.431611905732739,7.9150796416744935,22.346691547407232,-26.984130184430427,17.405775784364096,44.38990596879452,-1.0750053415015637,15.987175804300549,28.53969408299824,201.05081266725412,0.9919834790213534
50,46,46161,backward,w,deg,3495,3495.0,0.0,1.2746611446711995,5.293045205398656,-10.955999744285345,7.262608792199233,18.218608536484577,-39.49506579696774,8.518799680355926,48.01386547732366,-1.2654230328161127,13.097579462742281,41.636645515424675,210.9987554143371,0.9957519534708104
50,47,100814,backward,w,deg,2667,2667.0,0.0,2.1225431057286244,9.459172749826926,-16.05849623086595,12.916561616527055,28.975057847393003,-16.662716557164828,13.344102466271409,30.006819023436236,-0.3635306912628986,24.40073763505008,25.004957961348964,206.70719136959855,0.9864270769958824
50,48,35340,backward,w,deg,1181,1181.0,0.0,-0.01875614167906292,3.026839450359324,-5.33701735823837,6.04884438453513,11.3858617427735,-10.466313310842423,8.498392569931667,18.96470588077409,0.11308603938795492,7.423233682392464,10.584250479920826,211.85624935064058,0.9986060534880828
50,49,147868,backward,w,deg,3518,3518.0,0.0,1.50434963927259,4.10002741569674,-10.248637025988458,2.8816139788446535,13.130251004833111,-19.67075509255298,3.067400022540994,22.738155115093974,-2.2305059434625147,12.969736941526183,22.391855008090715,33.87176781507697,0.9974479081943567
50,0,96248,forward,eps,km^2/s^2,24774,24774.0,0.0,-0.154821278536586,0.031217496538281663,-0.19624499790929037,-0.09915635488987448,0.09708864301941589,-0.20771718255735483,-0.09048652349403596,0.11723065906331886,0.23877365042209187,0.0532579867341891,0.06473017138225357,nan,nan
50,1,18323,forward,eps,km^2/s^2,3,3.0,0.0,-0.20960742047084435,0.3376741215025931,-0.8174655543037679,-0.14138307439475498,0.6760824799090129,-0.8850053469518705,-0.1338025914974117,0.7512027554544588,-1.6668137306863346,0.7436222725571155,0.7512027554544588,nan,nan
50,2,49728,forward,eps,km^2/s^2,567,567.0,0.0,-0.18146715480709874,0.0758020072651522,-0.2135214526170272,-0.11617914648997875,0.09734230612704846,-0.844739435893465,-0.0827119183779711,0.7620275175154939,-6.6222501842222465,0.04960229855858413,0.6799090667164609,nan,nan
50,3,49068,forward,eps,km^2/s^2,4837,4837.0,0.0,-0.9561452878994219,0.02649547506430825,-0.9856773079948123,-0.9055337972102661,0.08014351078454629,-0.9895364381834701,-0.8934464324712942,0.09609000571217596,0.3826132854609396,0.04702570413076275,0.059113068869734664,nan,nan
50,4,149492,forward,eps,km^2/s^2,708,708.0,0.0,-0.18326948698367113,0.11797268232536869,-0.24725803582399447,-0.11525074810992923,0.13200728771406522,-0.9533668880587026,-0.08886516405552436,0.8645017240031783,-5.3008538043203615,0.0935722018316544,0.7452041161583769,nan,nan
50,5,55617,forward,eps,km^2/s^2,6329,6329.0,0.0,-0.23648212940221935,0.007932888177995966,-0.24789008862249354,-0.2217928292057154,0.026097259416778124,-0.2507429723332959,-0.20959424853870934,0.04114872379458656,0.2566702325177324,0.017628457507791403,0.029827038174797482,nan,nan
50,6,90596,forward,eps,km^2/s^2,1051,1051.0,0.0,-0.831638151550746,0.014095823690110126,-0.8625750208965005,-0.8142622226788456,0.048312798217654884,-0.9299306525236736,-0.8067544423545633,0.12317621016911029,-2.5538049570249006,0.03319765346404535,0.10055328509121841,nan,nan
50,7,171344,forward,eps,km^2/s^2,397,397.0,0.0,-0.2053702708470675,0.28965276511113847,-0.9156191142604135,-0.11643938538509502,0.7991797288753185,-1.0169163672704298,-0.05348394015975977,0.96343242711067,-1.3133444954529012,0.7084820127871092,0.8097792657971256,nan,nan
50,8,8686,forward,eps,km^2/s^2,2980,2980.0,0.0,-0.8808496631831284,0.01643776756875796,-0.8996555438415175,-0.8611061618330317,0.03854938200848579,-0.979942286512975,-0.854697651065499,0.125244635447476,-2.066862988357452,0.022757711726850736,0.10304445439830823,nan,nan
50,9,29836,forward,eps,km^2/s^2,447,447.0,0.0,-0.1772861905561648,0.12622360516844133,-0.2159658686187609,-0.07660740194319983,0.13935846667556107,-0.9020521112336378,-0.04437929460744894,0.8576728166261889,-4.42549925820768,0.13347044720784462,0.709033062694023,nan,nan
50,10,33850,forward,eps,km^2/s^2,1686,1686.0,0.0,-0.9171360960655752,0.04723453418396211,-0.97741617492647,-0.8107736640202661,0.16664251090620397,-1.0206562915180895,-0.8063625597697947,0.2142937317482948,0.41794221023963674,0.11110078617078803,0.11551189042125942,nan,nan
50,11,54902,forward,eps,km^2/s^2,66,66.0,0.0,-0.19980078649713068,0.31032955632546144,-0.8872925643092303,-0.1156764829620622,0.7716160813471681,-0.9710629262839117,-0.051543237175719625,0.919519689108192,-1.0121699975822203,0.7581438033036251,0.8419141652783064,nan,nan
50,12,154799,forward,eps,km^2/s^2,111,111.0,0.0,-0.21037132486747934,0.32769727534798115,-0.9558721998056747,-0.11525013049777205,0.8406220693079027,-0.9769988255449953,-0.046719852405381124,0.9302789731396142,-0.7493177941401091,0.7435956732042754,0.7647222989435959,nan,nan
50,13,163665,forward,eps,km^2/s^2,2364,2364.0,0.0,-0.8378033503871914,0.04491722417517898,-0.9635865636893034,-0.8090753527117612,0.15451121097754217,-1.020820045950525,-0.8070918060031312,0.21372823994739376,-1.7422198438167835,0.1244997786336115,0.1817332608948331,nan,nan
50,14,37147,forward,eps,km^2/s^2,95,95.0,0.0,-0.19396989261782316,0.045986439290184436,-0.24171892229420516,-0.10539085785958673,0.13632806443461842,-0.25918437217042745,-0.04389160369217371,0.21529276847825374,0.8868145161612447,0.09350352406322034,0.15500277823063335,nan,nan
50,15,50370,forward,eps,km^2/s^2,5798,5798.0,0.0,-0.17234880141580916,0.07480000623728897,-0.21339074880911413,-0.13144742569525786,0.08194332311385627,-0.8369784330673861,-0.12480245613478136,0.7121759769326047,-7.433852498656337,0.0471348504024056,0.6707225346606775,nan,nan
50,16,103221,forward,eps,km^2/s^2,419,419.0,0.0,-0.8555030730026285,0.031561906538156166,-0.9219383245777167,-0.8148799580154852,0.10705836656223156,-0.9674652360500271,-0.8067424945822104,0.16072274146781673,-0.5729173577890987,0.06407068455435351,0.09072662283052801,nan,nan
50,17,170313,forward,eps,km^2/s^2,20091,20091.0,0.0,-0.09558892392966478,0.027341077624503884,-0.15396369720024855,-0.06669579673056203,0.08726790046968652,-0.19589732550508676,-0.05885393284037144,0.13704339266471532,-0.9062783418055848,0.07620796166294058,0.11814158996777879,nan,nan
50,18,117580,forward,eps,km^2/s^2,3497,3497.0,0.0,-0.1673897438342401,0.049051876108697344,-0.21039336572889591,-0.11337583117850598,0.09701753455038993,-0.8278975938041224,-0.08936145691604247,0.73853613688808,-6.686303935846456,0.060501407500046796,0.6540827894008806,nan,nan
50,19,110095,forward,eps,km^2/s^2,10667,10667.0,0.0,-0.8768875628600827,0.025702075658692276,-0.9300477317897687,-0.843408493349279,0.08663923844048971,-0.9688373887895807,-0.8370670675867341,0.1317703212028466,-0.7493625273710938,0.058885327759975924,0.09767498475978786,nan,nan
50,20,38447,forward,eps,km^2/s^2,494,494.0,0.0,-0.24299223908233636,0.014786372525196462,-0.2577602069454149,-0.21232460135719616,0.04543560558821874,-0.2581545765448341,-0.19653070606419965,0.061623870480634446,0.61192372173506,0.03242592167257425,0.04821981696557076,nan,nan
50,21,15889,forward,eps,km^2/s^2,12009,12009.0,0.0,-0.9648665302134715,0.03298127249702342,-1.0022430780117184,-0.9020319541123349,0.10021112389938347,-1.0085644016778017,-0.8911740447928009,0.11739035688500077,0.36865308870090835,0.05453313403636977,0.06539104335590373,nan,nan
50,22,33705,forward,eps,km^2/s^2,564,564.0,0.0,-0.902813806082085,0.043850626459928266,-0.9786973896080293,-0.8497548731957155,0.1289425164123138,-0.9808685395888803,-0.8444524682382689,0.1364160713506114,-0.2203826605758933,0.08551908674833592,0.08769023672918685,nan,nan
50,23,153922,forward,eps,km^2/s^2,2514,2514.0,0.0,-0.9018045494072029,0.05084328701021879,-0.9751018739668986,-0.8100349035625717,0.16506697040432694,-1.0195542132081998,-0.8067932352844152,0.21276097792378468,0.13442838912128935,0.09727444668899234,0.11256883991289235,nan,nan
50,24,175498,forward,eps,km^2/s^2,2691,2691.0,0.0,-0.8258203571749508,0.01734633036103187,-0.8586143078430766,-0.8078100546173639,0.05080425322571269,-0.9773952787250383,-0.8072241291328361,0.17017114959220214,-1.2056243265884579,0.049156435927026065,0.16793740680898783,nan,nan
50,25,153596,forward,eps,km^2/s^2,2192,2192.0,0.0,-0.2357601012706036,0.020367275700751263,-0.2584583008823764,-0.19768299058056135,0.06077531030181507,-0.25930099629598635,-0.1827438536840812,0.07655714261190516,0.36987979743055693,0.04196304491436935,0.056902181810849495,nan,nan
50,26,209733,forward,eps,km^2/s^2,3164,3164.0,0.0,-0.8424668254894969,0.017867159466473846,-0.8759631129627976,-0.8301930222836534,0.04577009067914417,-1.0189860025559738,-0.8081915053688878,0.21079449718708598,-3.0325584250290842,0.03385555661387037,0.17548419715757557,nan,nan
50,27,88936,forward,eps,km^2/s^2,1984,1984.0,0.0,-0.14149598311836187,0.09642391503210485,-0.1878668390601469,-0.12079589248233064,0.06707094657781626,-0.8391354672506938,-0.11826032251542584,0.7208751447352679,-6.420036599064463,0.056971086955810636,0.7082397151463575,nan,nan
50,28,156534,forward,eps,km^2/s^2,402,402.0,0.0,-0.8462097166975175,0.053834593414257274,-0.9746058072561279,-0.8177927699943807,0.15681303726174722,-1.0205829238249695,-0.8071752182898347,0.21340770553513477,-0.9625385671886332,0.1456948732972647,0.19167198986610634,nan,nan
50,29,80421,forward,eps,km^2/s^2,6371,6371.0,0.0,-0.21842555100235572,0.017872681582515666,-0.23157517005917816,-0.18679520109304876,0.0447799689661294,-0.8409721946254286,-0.1466032540739206,0.694368940551508,-12.622481746938004,0.03543656579629223,0.6188383388570153,nan,nan
50,30,65633,forward,eps,km^2/s^2,325,325.0,0.0,-0.8328677518385807,0.03278068499601455,-0.8951939600968684,-0.816206587728523,0.07898737236834541,-1.0160398633790297,-0.8066804979910285,0.20935936538800126,-2.3356045331089144,0.0681728526785643,0.1890187559607257,nan,nan
50,31,211064,forward,eps,km^2/s^2,21322,21322.0,0.0,-0.8771919130526932,0.028089991541542143,-0.9343798543078755,-0.8422346599609353,0.09214519434694024,-0.9809766924051869,-0.833837453408951,0.14713923899623593,-0.6117215005770475,0.05308127578705846,0.08737835950908734,nan,nan
50,32,30556,forward,eps,km^2/s^2,17,17.0,0.0,-0.24064714418391808,0.37449719053009556,-0.9842722594020733,-0.1036632146186071,0.8806090447834662,-1.020440955040417,-0.05015293496594231,0.9702880200744747,-0.13445500747288197,0.7752443992087624,0.8114130948471061,nan,nan
50,33,32446,forward,eps,km^2/s^2,119,119.0,0.0,-0.8512903732778663,0.21911379891620256,-0.973507031224415,-0.15283869677984974,0.8206683344445652,-1.0194952570673936,-0.11508576308121943,0.9044094939861742,2.407776552534957,0.6810526129917526,0.7188055466903829,nan,nan
50,34,33137,forward,eps,km^2/s^2,688,688.0,0.0,-0.1751918168703573,0.11032813138498083,-0.21469776995592602,-0.05217870771525344,0.16251906224067258,-0.8983129842325612,-0.043981079635574294,0.8543319045969869,-4.721323742172984,0.14223687723426104,0.7081250957694369,nan,nan
50,35,181866,forward,eps,km^2/s^2,2664,2664.0,0.0,-0.15708222209943723,0.07743925514776907,-0.2081602609571032,-0.11040390605303635,0.09775635490406684,-1.0208075341283356,-0.10645804622269162,0.914349487905644,-8.483989145502251,0.05912996176433437,0.8515705913183133,nan,nan
50,36,40012,forward,eps,km^2/s^2,5056,5056.0,0.0,-0.17904994923651812,0.09173515942490372,-0.21721104956532916,-0.1470593907278118,0.07015165883751737,-0.8370536649126132,-0.1395522047675518,0.6975014601450614,-6.3281917884209165,0.04291628221397786,0.6627588975612619,nan,nan
50,37,76930,forward,eps,km^2/s^2,4721,4721.0,0.0,-0.8784051759537073,0.02443557683208492,-0.9290979888753611,-0.8505955085198396,0.07850248035552154,-0.971391766789463,-0.8235430112332104,0.14784875555625265,-0.8035037962034559,0.04237759220342663,0.08255921305721448,nan,nan
50,38,28967,forward,eps,km^2/s^2,93,93.0,0.0,-0.1907902559397736,0.19612138925978082,-0.8127266162200125,-0.1083963838889733,0.7043302323310392,-0.9500665357404836,-0.06684726198073598,0.8832192737597476,-2.7707658073409553,0.6079666660083433,0.7453065855288145,nan,nan
50,39,33028,forward,eps,km^2/s^2,1409,1409.0,0.0,-0.24665569155292444,0.01222493860630839,-0.2565022293148943,-0.22305799442546287,0.033444234889431435,-0.2574162916054966,-0.17749916633200213,0.07991712527349448,1.222670534525792,0.019200006551983884,0.06475883464544463,nan,nan
50,40,22717,forward,eps,km^2/s^2,754,754.0,0.0,-0.8272288143358424,0.017971405132916562,-0.8755001263067264,-0.812336563381689,0.06316356292503733,-0.9766414133636984,-0.8067015667098498,0.16993984665384854,-2.6070732231716014,0.051991611554321464,0.15313289861129342,nan,nan
50,41,36842,forward,eps,km^2/s^2,148,148.0,0.0,-0.9200384054020103,0.04775528317224267,-0.9761166799256844,-0.8271629689464087,0.14895371097927568,-1.0177613353840123,-0.8073250055508394,0.21043632983317284,0.4510114031795072,0.0855305418662306,0.10881983543842189,nan,nan
50,42,56628,forward,eps,km^2/s^2,508,508.0,0.0,-0.9212648929942301,0.0459783238552513,-0.9770263079038708,-0.8238508664925519,0.1531754414113189,-1.0201739466041788,-0.806596914213894,0.2135770323902848,0.4773101253268776,0.10568032942084479,0.12293428169950271,nan,nan
50,43,204665,forward,eps,km^2/s^2,1058,1058.0,0.0,-0.19720566070411988,0.10353645851077063,-0.25691321471573597,-0.10820396213113181,0.14870925258460416,-0.9015089415325607,-0.04380055913553149,0.8577083823970292,-4.779969942782736,0.13186774677787852,0.6957612150493965,nan,nan
50,44,144185,forward,eps,km^2/s^2,24308,24308.0,0.0,-0.9376396838561132,0.021005311392674194,-0.9678249858217658,-0.9000025340633261,0.0678224517584397,-0.9830183099074399,-0.8503133897439553,0.13270492016348456,0.2200229530202868,0.0370739586129494,0.0846864549625631,nan,nan
50,45,12322,forward,eps,km^2/s^2,735,735.0,0.0,-0.8207854428475605,0.04604582188234974,-0.8765561576969995,-0.812426721274518,0.06412943642248148,-0.9761500818909934,-0.05092914045345631,0.9252209414375371,10.832981232998874,0.06012314637056079,0.7681691638400497,nan,nan
50,46,46161,forward,eps,km^2/s^2,3495,3495.0,0.0,-0.19504722679688735,0.04810442456703828,-0.22102107178453076,-0.12892411480528498,0.09209695697924578,-0.9787945030681119,-0.06639890080672017,0.9123956022613917,-9.528791102344135,0.05932116390709092,0.7925701466976098,nan,nan
50,47,100814,forward,eps,km^2/s^2,2667,2667.0,0.0,-0.9092630959044372,0.03832951426394326,-0.9765302494445792,-0.8493176174285608,0.1272126320160184,-0.9819994090634598,-0.8085486977147093,0.17345071134875056,-0.0686460576527719,0.0669690599539917,0.10773797966784326,nan,nan
50,48,35340,forward,eps,km^2/s^2,1181,1181.0,0.0,-0.09060193791050708,0.06709041117129014,-0.1538854186163945,-0.04618647239777951,0.10769894621861498,-0.8449529212585979,-0.044584527638278915,0.800368393620319,-7.677095255024146,0.07432502536243668,0.7653925280046401,nan,nan
50,49,147868,forward,eps,km^2/s^2,3518,3518.0,0.0,-0.1654699222668079,0.059821116908048776,-0.20439274551226191,-0.10646119754850819,0.09793154796375372,-0.827206417347204,-0.10403207262275582,0.7231743447244482,-7.132039876937123,0.060597343587604616,0.6605452770243447,nan,nan
50,0,96248,forward,e,-,24774,24774.0,0.0,0.6286861657780685,0.07648000161852886,0.5251379828728758,0.7633306438189401,0.23819266094606428,0.4945975559633394,0.7841382419656238,0.2895406860022844,0.21430070900364162,0.1323727564412556,0.16291318335079202,nan,nan
50,1,18323,forward,e,-,3,3.0,0.0,0.4909186749852805,0.13185859662563443,0.371643086377117,0.6608554518209706,0.2892123654438536,0.35839024319843216,0.679737315913825,0.32134707271539287,0.5157834326817468,0.3024652086225384,0.32134707271539287,nan,nan
50,2,49728,forward,e,-,567,567.0,0.0,0.5622638037639975,0.0938035714653071,0.48054922476856,0.7223135957524274,0.24176437098386738,0.17020378480203383,0.8029346747167724,0.6327308899147386,-0.18418648354766198,0.12372458276639528,0.43352160644047655,nan,nan
50,3,49068,forward,e,-,4837,4837.0,0.0,0.47951507377919944,0.04221388477469184,0.3957330106697318,0.5238395791535931,0.12810656848386132,0.3738368212161587,0.5294155266261129,0.15557870540995422,-0.4582413843444016,0.07812247775899497,0.10001866721256814,nan,nan
50,4,149492,forward,e,-,708,708.0,0.0,0.5577184949310052,0.09713770613168984,0.4050629088630747,0.7245861643476321,0.3195232554845574,0.3172848890380982,0.7879482855063908,0.47066339646829264,-0.03454737635466473,0.2298725299000995,0.29323465105885826,nan,nan
50,5,55617,forward,e,-,6329,6329.0,0.0,0.4187956584106924,0.021762262456781298,0.3867769981571221,0.45830783492510735,0.07153083676798527,0.3786585479129101,0.4914756193092673,0.11281707139635722,0.22028434328500524,0.047378032120774995,0.08054581650493498,nan,nan
50,6,90596,forward,e,-,1051,1051.0,0.0,0.24336489323341326,0.03296679556730871,0.19425603066311814,0.31467792809269973,0.12042189742958159,0.17001816509090778,0.43765894760485785,0.26764078251395007,1.6841058092786496,0.07696104380154592,0.19994206331370404,nan,nan
50,7,171344,forward,e,-,397,397.0,0.0,0.5056755551813156,0.1401263155064279,0.24297414425717292,0.7217217722009145,0.4787476279437416,0.17153859831983675,0.8726010775688735,0.7010624792490368,-0.1877689917068542,0.2583210759090407,0.3756238744215588,nan,nan
50,8,8686,forward,e,-,2980,2980.0,0.0,0.3496817315302656,0.030304250479301974,0.3099467214323015,0.3849353402527902,0.07498861882048868,0.2961950763715573,0.5154629321271346,0.21926785575557728,1.6929906082506312,0.04358878443884012,0.1733522695909509,nan,nan
50,9,29836,forward,e,-,447,447.0,0.0,0.5727170191332941,0.11917719127195343,0.47408164097795186,0.8175009733543609,0.34341933237640904,0.21320057943695322,0.8942666422086608,0.6810660627717076,0.0892866141299491,0.30470730859047707,0.3612055531620538,nan,nan
50,10,33850,forward,e,-,1686,1686.0,0.0,0.4161082183960113,0.0884550939392305,0.18390322924379318,0.5117880099472465,0.3278847807034533,0.16857236846964585,0.572716237374,0.40414386890435416,-0.8200603294436485,0.24026068626389327,0.2555915470380406,nan,nan
50,11,54902,forward,e,-,66,66.0,0.0,0.5161023226552421,0.16490022053157058,0.22056634038722278,0.7235504071255489,0.5029840667383261,0.20496950297464175,0.8772211912241045,0.6722516882494627,-0.20656807399437607,0.47045833408774007,0.48605517150032107,nan,nan
50,12,154799,forward,e,-,111,111.0,0.0,0.49515315839102225,0.1634307145660668,0.226481419124653,0.7245858177531461,0.4981043986284931,0.1698141830836259,0.8887012718543874,0.7188870887707615,-0.09611393937518689,0.27594073756670323,0.4048240259543841,nan,nan
50,13,163665,forward,e,-,2364,2364.0,0.0,0.25803552191779955,0.08915355595773572,0.17758514799572858,0.49107047585996383,0.3134853278642352,0.17108557576733655,0.572955757279698,0.40187018151236154,1.2433461058644413,0.232188074579471,0.3140733559992052,nan,nan
50,14,37147,forward,e,-,95,95.0,0.0,0.5306821497444668,0.11494409111482166,0.40317820973406193,0.7483095836867353,0.34513137395267335,0.3535949382275066,0.8954250633070769,0.5418301250795703,0.7818654879542803,0.23018465737389782,0.3773001369942395,nan,nan
50,15,50370,forward,e,-,5798,5798.0,0.0,0.5848246278779092,0.07636331517823466,0.4802758048655975,0.6853490149288203,0.20507321006322277,0.17744395196510176,0.7014729021211635,0.5240289501560618,-1.195650347450115,0.1197737815408476,0.42260563444134336,nan,nan
50,16,103221,forward,e,-,419,419.0,0.0,0.29889684896841096,0.0664990373174326,0.19452876232362107,0.42435084848692795,0.22982208616330688,0.16987312589813894,0.49707187044589213,0.3271987445477532,0.16874804630854995,0.14840922549595642,0.17255242016136998,nan,nan
50,17,170313,forward,e,-,20091,20091.0,0.0,0.7719081695597125,0.06612007725963925,0.6301861981120891,0.8410401226443056,0.21085392453221652,0.5250959763492817,0.8597500074356198,0.33465403108633807,-0.9390536838351637,0.18444947673364226,0.28953969849644967,nan,nan
50,18,117580,forward,e,-,3497,3497.0,0.0,0.5974063908775006,0.08757503005528361,0.48869225761665824,0.7290763491863577,0.24038409156969942,0.1713813094736515,0.7870521522376309,0.6156708427639794,-0.12285562313899985,0.1479509640739026,0.4100573171507427,nan,nan
50,19,110095,forward,e,-,10667,10667.0,0.0,0.34297719042253777,0.04904556843248187,0.27144002049842847,0.43811779338057605,0.16667777288214758,0.25623016275322663,0.49912005693640565,0.24288989418317902,0.49817897123309285,0.10659061253853289,0.16759287609436252,nan,nan
50,20,38447,forward,e,-,494,494.0,0.0,0.4004430935302782,0.04055381293896017,0.35799044767851435,0.4825787436098467,0.12458829593133236,0.35681153740641086,0.5235158781737677,0.1667043407673568,0.5621112873576752,0.08777359519577972,0.12871072975970066,nan,nan
50,21,15889,forward,e,-,12009,12009.0,0.0,0.4927558523990591,0.051926298846462715,0.389197306358187,0.5474114597804919,0.15821415342230488,0.36933174053788914,0.5562090261526239,0.18687728561473477,-0.4571754791686682,0.09074591341426112,0.110611479234559,nan,nan
50,22,33705,forward,e,-,564,564.0,0.0,0.39106927035992095,0.0772831678176849,0.285759388830451,0.5136510444554359,0.22789165562498487,0.2735320714630962,0.5168726041016974,0.24334053263860123,0.09510174186093241,0.1400537592162921,0.14327531886255368,nan,nan
50,23,153922,forward,e,-,2514,2514.0,0.0,0.38921561328447807,0.09753208388433031,0.1810779690811645,0.5083780968441989,0.3273001277630344,0.17007196115669213,0.571272756412367,0.40120079525567487,-0.4575132915968452,0.21747135299321582,0.2284773609176882,nan,nan
50,24,175498,forward,e,-,2691,2691.0,0.0,0.2287167686730509,0.044223362072324836,0.17343470443733025,0.30635146318116985,0.1329167587438396,0.17158521713978328,0.5112576670542122,0.3396724499144289,0.5534109889420314,0.12661117291213997,0.3315173767851823,nan,nan
50,25,153596,forward,e,-,2192,2192.0,0.0,0.4196989234957552,0.055190220594893855,0.3559609998101333,0.5205147305522678,0.16455373074213453,0.3534727015855489,0.5585088111332429,0.20503610954769402,0.3243172601566916,0.11152882139347757,0.14952290197445267,nan,nan
50,26,209733,forward,e,-,3164,3164.0,0.0,0.2698888701763415,0.037406653510875694,0.23926528460338853,0.3417200872135408,0.10245480261015227,0.1747194828488213,0.5704249133153078,0.39570543046648643,2.003600477058733,0.07855513642394625,0.2979786139306271,nan,nan
50,27,88936,forward,e,-,1984,1984.0,0.0,0.6609774262354019,0.07971141392181978,0.5457099324573436,0.7111743523575089,0.16546441990016536,0.17556300975449943,0.717303409218294,0.5417403994637946,-3.1371810254697383,0.14104623090575122,0.5111931536085954,nan,nan
50,28,156534,forward,e,-,402,402.0,0.0,0.27837365234070915,0.10350956011943067,0.20560166232924312,0.5076680081876355,0.3020663458583923,0.17100555090973987,0.572619520313711,0.4016139694039711,0.7436406755798833,0.2718361620682802,0.33678767419435574,nan,nan
50,29,80421,forward,e,-,6371,6371.0,0.0,0.4675185646446811,0.03658447460623961,0.43222446346655335,0.5487842333133752,0.11655976984682187,0.25826993322717556,0.6485272865241738,0.39025735329699823,1.30431849123411,0.09103755889804527,0.19973221627145904,nan,nan
50,30,65633,forward,e,-,325,325.0,0.0,0.2463444254905611,0.06685400265338509,0.20138541557563336,0.37752106004439573,0.17613564446876237,0.16971236327555636,0.5665258078421068,0.39681344456655043,1.6896879976914223,0.14606659910961525,0.3350713469073263,nan,nan
50,31,211064,forward,e,-,21322,21322.0,0.0,0.34378454528307467,0.05345814291574966,0.2689399986071156,0.44534225305509867,0.17640225444798308,0.2483060775823996,0.5165534965409148,0.26824741895851517,0.3818469886815439,0.10897971418863657,0.1415865876283799,nan,nan
50,32,30556,forward,e,-,17,17.0,0.0,0.4861579655363733,0.1609053486902823,0.24969265017107142,0.7523328500240121,0.5026401998529406,0.24735772442992304,0.8805307353897781,0.633173010959855,0.5944936401210945,0.27348013360354484,0.38843045860723185,nan,nan
50,33,32446,forward,e,-,119,119.0,0.0,0.3551226796749921,0.13219734893146534,0.21318190842980925,0.6332776375813798,0.42009572915157056,0.18600693989988665,0.7249603188597574,0.5389533789598708,0.7989410951593484,0.3841917922219865,0.47587447350036416,nan,nan
50,34,33137,forward,e,-,688,688.0,0.0,0.5779630681511734,0.12858862707492402,0.47741114145902025,0.8757074247164589,0.39829628325743865,0.2618911883232883,0.8952125964134294,0.6333214080901411,0.5440874183223058,0.3354427877272251,0.35494795942419566,nan,nan
50,35,181866,forward,e,-,2664,2664.0,0.0,0.6228952333741227,0.08570221391219421,0.4949442344272798,0.7362745305862852,0.24133029615900542,0.21423406116930319,0.7457607260053382,0.531526664836035,-0.15045138684025294,0.14355908716118315,0.378620762887075,nan,nan
50,36,40012,forward,e,-,5056,5056.0,0.0,0.5679998678222876,0.07306388097715501,0.47003715994665507,0.6472720327028713,0.1772348727562162,0.17717376521115666,0.6655965216564113,0.48842275644525457,-1.8343861153142793,0.10989793851275784,0.40276133324825625,nan,nan
50,37,76930,forward,e,-,4721,4721.0,0.0,0.34543772581110965,0.04603994639357458,0.2874667750551172,0.4363388145562057,0.14887203950108852,0.22263718442495697,0.5029569112002404,0.2803197267752835,0.5988814279876843,0.08331835636364904,0.14278212290761297,nan,nan
50,38,28967,forward,e,-,93,93.0,0.0,0.5393552203888015,0.14240510736041867,0.2944792612301251,0.7412649225607757,0.4467856613306506,0.17160304738794754,0.8407722386617463,0.6691691912737988,-0.5211277066388005,0.2972850707844554,0.3375066128278553,nan,nan
50,39,33028,forward,e,-,1409,1409.0,0.0,0.39017767907786527,0.03387067009657878,0.3617217312796566,0.4547400045751441,0.09301827329548745,0.35907069968116695,0.5730574673820573,0.21398676770089037,1.1374102261148116,0.05130660884707491,0.16962407165398813,nan,nan
50,40,22717,forward,e,-,754,754.0,0.0,0.23155771893242733,0.04163652161813467,0.18806913217086998,0.34083103552303845,0.15276190335216847,0.16976826648044613,0.5106369833131255,0.34086871683267933,1.9801449824102453,0.11900947209146509,0.2888154198815521,nan,nan
50,41,36842,forward,e,-,148,148.0,0.0,0.4210845480234051,0.08909168208632164,0.2304671004968,0.5099169464541767,0.27944984595737676,0.17243396639415698,0.5688579777800702,0.3964240113859132,-0.7699830140624409,0.17150196677518267,0.2295351008778257,nan,nan
50,42,56628,forward,e,-,508,508.0,0.0,0.42315005395192695,0.08536769951212259,0.22276858840219949,0.5112229526355362,0.2884543642333367,0.16949320295763892,0.5721043294030014,0.40261112644536245,-0.8924657593209941,0.21419582645508156,0.26747121189964296,nan,nan
50,43,204665,forward,e,-,1058,1058.0,0.0,0.5227688295468498,0.12190675512501865,0.36182653372750984,0.7415696872301346,0.3797431535026248,0.17006665311222163,0.8956399397956282,0.7255732866834066,0.40491197480462565,0.28227802253639334,0.39472392585545957,nan,nan
50,44,144185,forward,e,-,24308,24308.0,0.0,0.4504647927045041,0.03446429215831644,0.3863080316362129,0.49751623794216077,0.11120820630594785,0.288258210095421,0.5195540133056853,0.23129580321026427,-0.3185672845386716,0.06066653032049701,0.15788864721898466,nan,nan
50,45,12322,forward,e,-,735,735.0,0.0,0.21470107656801132,0.06092362677337275,0.18827615784424034,0.34751517133162,0.15923901348737968,0.17222573043226008,0.8786828485823137,0.7064571181500536,4.434647704459736,0.13829093256263444,0.6694586098133282,nan,nan
50,46,46161,forward,e,-,3495,3495.0,0.0,0.5287225625713585,0.07094508490223098,0.46185755636874365,0.691780277251532,0.22992272088278837,0.1988113310901953,0.8418395035620365,0.6430281724718412,0.8174100343178099,0.14350777356703995,0.35231657802708627,nan,nan
50,47,100814,forward,e,-,2667,2667.0,0.0,0.4030249043689167,0.06799958643913408,0.2849962571866691,0.5105119355550024,0.2255156783683333,0.17689843824555226,0.5185090086168794,0.34161057037132714,-0.1447799532980159,0.12961504424724332,0.23771286318836019,nan,nan
50,48,35340,forward,e,-,1181,1181.0,0.0,0.7840751317227941,0.09668050271624944,0.630807688255253,0.8899496835368755,0.2591419952816225,0.1705568463462666,0.8937718730301397,0.723215026683873,-1.2599059054878743,0.17964078370194392,0.6398916256109304,nan,nan
50,49,147868,forward,e,-,3518,3518.0,0.0,0.6021749702196822,0.09076622271112622,0.5043229025252043,0.7457550788664004,0.24143217634119607,0.2062286491345052,0.7516027215897535,0.5453740724552483,-0.21225043648528708,0.1474302792046426,0.3930494138594559,nan,nan
50,0,96248,forward,w,deg,24774,24774.0,0.0,-3.186760931253133,18.07213260748836,-22.303675509239024,33.77771492509559,56.08139043433461,-23.377015171845358,67.05573535897207,90.43275053081743,0.7281181907993964,47.124987704467095,80.40300813834358,174.25345929348006,0.951422163855769
50,1,18323,forward,w,deg,3,3.0,0.0,17.47436192330744,58.692013702964005,-80.4914863577908,41.69076968010982,122.18225603790063,-91.37658061124617,44.38148165308786,135.75806226433403,-1.4630463835063343,133.067350291356,135.75806226433406,220.0108864065519,0.5481755456118705
50,2,49728,forward,w,deg,567,567.0,0.0,-2.5071861149316987,26.090325215454566,-27.439002246069048,38.911211874145685,66.35021412021473,-166.12278409631415,167.52144375687874,333.6442278531929,0.988914904103443,58.64622848119619,179.1452834289943,320.2112781160608,0.9172179187073477
50,3,49068,forward,w,deg,4837,4837.0,0.0,-0.7536044753006763,13.392034058388465,-19.120335374897433,24.72927080717462,43.84960618207205,-21.81293268107072,38.37960090177904,60.19253358284976,0.44525274387513974,30.095191930776213,43.74552202538064,313.3794188337216,0.9729961358106123
50,4,149492,forward,w,deg,708,708.0,0.0,-4.165868480850676,31.56964317216011,-26.772539314092455,54.64415131534068,81.41669062943313,-52.58152325234755,174.18224717800058,226.76377043034813,2.450090434604135,50.3051681258125,169.80289180327924,48.767430045222916,0.8853832590863169
50,5,55617,forward,w,deg,6329,6329.0,0.0,-1.5647823269415824,14.739392174107135,-21.095497915584993,24.78711302138642,45.88261093697142,-24.209670843806776,40.41213065546745,64.62180149927423,0.3100453570780623,26.077778372488282,36.356244052676715,189.70578210207535,0.9672926715825235
50,6,90596,forward,w,deg,1051,1051.0,0.0,-4.096261039918829,23.31180972861495,-27.65696250911938,42.01466937363898,69.67163188275836,-34.69360300920647,103.96269385119024,138.6562968603967,1.1009435555606009,45.83838795710392,107.78641243465518,91.97638679651905,0.9220089659534277
50,7,171344,forward,w,deg,397,397.0,0.0,0.4816715056464318,77.43067959550123,-160.36195515667976,142.6065539348278,302.96850909150754,-179.75375419109994,176.95545058588067,356.70920477698064,-0.25207476039483645,168.96188509483687,179.63040848042334,353.5421584377528,0.4667750255705454
50,8,8686,forward,w,deg,2980,2980.0,0.0,-1.681740401113899,6.058146883433887,-3.975930169195408,5.757222850267495,9.733153019462904,-4.127564726612832,57.98694670791457,62.1145114345274,4.310057945562125,9.186079579341524,61.4158034369886,293.5370568774897,0.9945526444618998
50,9,29836,forward,w,deg,447,447.0,0.0,-1.3196815684204353,31.585240110617953,-24.407067481578647,42.29689099388478,66.70395847546342,-30.152308671681112,166.23566533548285,196.38797400716396,3.162507204960227,58.76297113815691,179.88555369313494,271.6763380582217,0.8973276908120378
50,10,33850,forward,w,deg,1686,1686.0,0.0,-2.556293139185442,19.11416417963702,-32.89486069258005,30.446413485103193,63.341274177683246,-72.85676022049847,76.23833828209263,149.0950985025911,0.34329251989749376,46.4033408168592,83.35901858929014,46.28965019994296,0.9471100606051726
50,11,54902,forward,w,deg,66,66.0,0.0,-3.575300715734585,82.74585632282695,-164.38128777170064,154.98847526915796,319.36976304085863,-174.899914167087,163.96522267518844,338.86513684227543,-0.020843193158637825,165.2326167243461,174.20936413037657,82.36966965994307,0.4256570833708842
50,12,154799,forward,w,deg,111,111.0,0.0,-3.8867100712756724,88.85101349063628,-129.45126874420816,168.28509441856568,297.73636316277384,-177.39130519893718,179.9500866815365,357.3413918804737,0.16046866272074542,174.7465522078602,179.52600672896733,173.28751076144712,0.2912171506686804
50,13,163665,forward,w,deg,2364,2364.0,0.0,-1.8918803415365346,28.35123321783177,-36.619254081221335,52.47080191517597,89.0900559963973,-41.212169922591954,105.10235654431119,146.31452646690315,0.5631629479758018,58.3620306148871,83.56090300716596,70.22615659208805,0.8840216253182626
50,14,37147,forward,w,deg,95,95.0,0.0,1.152107738633731,36.68178664336593,-61.41827939269878,57.86597464811634,119.28425404081511,-74.65243851263887,72.89932851379513,147.551767026434,-0.06490987786542858,68.17282630326885,78.97580834796997,26.498972712895252,0.8093336056139991
50,15,50370,forward,w,deg,5798,5798.0,0.0,-3.0507189978166736,21.231790483163394,-11.350669176646653,25.822122234523828,37.17279141117048,-179.11241804337737,179.46610273128715,358.5785207746645,2.007843184284904,34.218485572132664,179.9972488817291,174.00004365637704,0.9589050413130077
50,16,103221,forward,w,deg,419,419.0,0.0,-1.13579719410194,20.532220029996292,-28.774557079056102,36.78617130233352,65.56072838138962,-34.2046185196881,55.97574790991598,90.18036642960408,0.4448917220410858,41.24136560145775,60.43094220904021,74.97209982674585,0.9374167832409712
50,17,170313,forward,w,deg,20091,20091.0,0.0,-2.8982250281425195,15.67370402300169,-19.211309598729315,29.95288776049695,49.164197359226264,-21.38526404390595,67.6030829864007,88.98834703030664,0.9224196433728925,40.134841955868,77.78503718177171,172.67793262048602,0.9634075103825737
50,18,117580,forward,w,deg,3497,3497.0,0.0,-3.395267389973128,18.42661555445655,-20.251451124057155,31.750008052135943,52.001459176193094,-160.38716771388118,159.84108725534043,320.2282549692216,0.9772111673065503,48.664544956275435,176.71230647491586,285.83419343692344,0.9530429980356356
50,19,110095,forward,w,deg,10667,10667.0,0.0,-4.8103555436542536,18.501996025458432,-20.651668777042357,35.057767228760646,55.709436005803,-21.804770301488816,72.59062014216269,94.39539044365151,0.9066719096601678,48.85831497677381,86.3911678901759,12.617538875897024,0.9492517351601932
50,20,38447,forward,w,deg,494,494.0,0.0,-3.956403897247583,24.851254759015788,-30.605765382288535,45.19196200419994,75.79772738648848,-36.01841753386833,95.55012097351732,131.56853850738565,0.8724138082358623,55.60421122060059,105.96237018991803,249.31107747907456,0.9109214824370838
50,21,15889,forward,w,deg,12009,12009.0,0.0,-0.5042184816846316,6.784508727778861,-10.047575620866576,11.776041622741346,21.82361724360792,-11.77057875573962,21.507418860547887,33.27799761628751,0.34684809218284174,16.506348568030333,26.237725805836874,301.6118675794645,0.9930089951288807
50,22,33705,forward,w,deg,564,564.0,0.0,-0.25857612780211525,19.170269364376754,-28.966317609270696,31.792093873589728,60.758411482860424,-45.663401763625814,54.080995321492196,99.74439708511801,0.09651554921375448,43.65666530227464,65.94556675017714,16.51843867311671,0.9454693462748407
50,23,153922,forward,w,deg,2514,2514.0,0.0,-1.9482477568310372,21.00314953467366,-28.249816928352814,36.84431671538174,65.09413364373455,-60.86931739886947,79.11494482921137,139.98426222808084,0.3223453258919273,54.727688294220386,96.99831640805002,136.99325843383093,0.9355050060156739
50,24,175498,forward,w,deg,2691,2691.0,0.0,-2.5671200997738026,13.401720487754176,-15.867673369972806,25.17672931856417,41.04440268853698,-17.098113306386722,90.53084481912458,107.6289581255113,1.1902566684625406,26.743166397568373,92.09728189812881,15.563691314513438,0.9733285084181914
50,25,153596,forward,w,deg,2192,2192.0,0.0,-4.277255527574184,26.1475889545998,-32.43883231350936,52.05634670666015,84.4951790201695,-37.169922034089296,87.16124834989864,124.33117038398794,0.738120589214977,68.78257069373106,103.88747233696955,234.38976862421634,0.9008460260669207
50,26,209733,forward,w,deg,3164,3164.0,0.0,-1.5623958528775574,13.36622350972441,-16.883161185252586,23.43023426361995,40.31339544887254,-22.745776229786543,94.42561248237917,117.17138871216571,1.375779977417862,33.11673044113045,104.11210865988966,51.879452397972344,0.9736550815938327
50,27,88936,forward,w,deg,1984,1984.0,0.0,-3.28272430486129,28.44363815110512,-22.346918660860844,39.386936413316434,61.73385507417728,-169.24929274972303,173.83923495920482,343.0885277089278,2.923641837134903,41.772655392505065,176.1709260801881,205.50786739937558,0.9145356419864
50,28,156534,forward,w,deg,402,402.0,0.0,0.13226211315614478,28.872470916706952,-51.51305947620719,43.78030380989508,95.29336328610228,-66.73466500422168,80.62482815143312,147.3594931556548,0.024960164091306275,56.55537997643662,80.69654595701763,232.7430248389758,0.8799122371310948
50,29,80421,forward,w,deg,6371,6371.0,0.0,-1.3891121448442334,18.676349538869164,-26.38182859005363,31.596815140762203,57.97864373081583,-31.404879788690778,172.54231677527764,203.94719656396842,0.6851344122185146,34.18835183722733,166.34413248664566,198.75056145873054,0.9488799100067411
50,30,65633,forward,w,deg,325,325.0,0.0,-1.5685470863624573,16.091773344874074,-19.683436492005754,25.002312068220125,44.685748560225875,-66.19786499508741,71.27618379231646,137.4740487874039,0.7073896143846424,35.626180230376804,79.38814534050152,148.22502121084634,0.962409330866388
50,31,211064,forward,w,deg,21322,21322.0,0.0,-2.7877817260832103,18.74542528834333,-20.957712062887584,33.948345388444885,54.90605745133247,-24.308801436872272,109.20393950250235,133.51274093937462,1.759184628256471,37.70158487890202,112.95717899295948,15.987900341237754,0.9500007525886497
50,32,30556,forward,w,deg,17,17.0,0.0,11.36699403113289,88.65077937328482,-132.84024718761174,88.19464200100636,221.03488918861808,-146.81840037646032,117.17882742292414,263.99722779938446,-0.06578874018247809,177.61719355239106,179.5622048523453,108.02155817425512,0.09505745076773905
50,33,32446,forward,w,deg,119,119.0,0.0,-0.9275070084975994,56.0636005758224,-56.932428537237755,137.1115509638009,194.04397950103868,-176.51822552153214,170.94513883075092,347.46336435228307,0.3142880457281587,159.48763589851225,177.76281570431303,245.36814555373866,0.7286339709266918
50,34,33137,forward,w,deg,688,688.0,0.0,-4.124828468350728,26.422464422209067,-23.176441167953833,34.945480605958274,58.121921773912106,-38.78344842840312,163.48623882180237,202.2696872502055,3.4008583399318937,48.742938397376186,177.2836966132203,303.0939493710339,0.9233087058604902
50,35,181866,forward,w,deg,2664,2664.0,0.0,-0.8682517613924006,19.727391418029416,-19.448342307471794,22.941408871726935,42.389751179198726,-179.95047259076307,179.18798238661748,359.13845497738055,-3.68465529491408,33.769072918542,171.2143610622043,287.71170489805763,0.9575920664313691
50,36,40012,forward,w,deg,5056,5056.0,0.0,-2.457777264077265,25.745441070243558,-11.494858931223284,22.866887380364133,34.36174631158742,-179.85556782352387,179.8956751982272,359.75124302175107,3.2363853548643315,30.028017153839883,179.89660857890965,174.18227672848295,0.9463918136366226
50,37,76930,forward,w,deg,4721,4721.0,0.0,-2.8118904351575793,13.140282518856953,-15.375263148761633,27.540913482295707,42.91617663105734,-16.9698316413577,52.997638381217655,69.96747002257536,1.0045324643068843,30.325625447722587,55.782350346644535,307.25346689933247,0.9741190378711331
50,38,28967,forward,w,deg,93,93.0,0.0,-2.0569004629237497,54.123180330398775,-91.6897141822434,59.84021465841677,151.52992884066018,-166.07411840852518,170.92699993430637,337.00111834283155,-0.23581570334568067,165.06355096213207,171.1386496118667,50.022311994893954,0.730900739012274
50,39,33028,forward,w,deg,1409,1409.0,0.0,-3.1195156498836525,19.61245090920505,-24.431654259315593,34.629723576213635,59.06137783552923,-26.126865113521575,79.21233383771823,105.33919895123981,0.8883217095147753,34.564312628348496,70.36626620975909,207.04141616586023,0.9434488675083208
50,40,22717,forward,w,deg,754,754.0,0.0,-1.9283959242012259,13.387585320831901,-19.141611814438097,18.527551355364427,37.66916316980252,-30.14590002694416,80.79569474322216,110.94159477016632,2.045461805258165,24.44761652539755,86.59685497027698,157.4304540601893,0.9740397314710121
50,41,36842,forward,w,deg,148,148.0,0.0,0.3123459027931119,27.74175247762918,-63.94082202501193,40.67778078441955,104.61860280943148,-76.1366287213193,53.63495445397362,129.7715831752929,-0.8666770275502557,60.70149535820134,66.84651675721425,163.11757989928054,0.8916859291661398
50,42,56628,forward,w,deg,508,508.0,0.0,2.202230067812721,27.478213651363276,-65.15574686214987,32.72370258588877,97.87944944803864,-76.13197464747219,74.90399393116192,151.0359685786341,-0.9542716189250666,64.15729443054998,76.98723546556101,58.0732422654957,0.8938894634985896
50,43,204665,forward,w,deg,1058,1058.0,0.0,-2.665726880064625,28.99573863555797,-25.05470141083877,37.41678729744526,62.47148870828403,-175.44118129937607,174.26536327889414,349.7065445782702,-1.6784247724645385,38.5165310669949,178.61048544367333,332.1485401258432,0.9116625410386592
50,44,144185,forward,w,deg,24308,24308.0,0.0,-2.794466591111899,14.829849011290968,-17.276523855259125,25.534479712480437,42.81100356773956,-18.061159805568877,90.66806039359653,108.72922019916541,1.1239288974565034,36.895815277780315,102.02939595889643,8.548254197231335,0.9673745234230161
50,45,12322,forward,w,deg,735,735.0,0.0,-2.459496687364833,16.760332883919865,-22.51247828228202,26.79113600579171,49.30361428807373,-56.808505522428845,160.66081191280523,217.46931743523407,2.879004947226233,34.87375792169851,167.66241332642687,163.90040156790465,0.9635159903111679
50,46,46161,forward,w,deg,3495,3495.0,0.0,-1.4833888397151611,17.263990989457028,-20.504081119079416,27.443893180302005,47.94797429938142,-176.10627477152852,168.95778300373325,345.06405777526174,0.6192334960941843,28.77315476010114,175.34157623044914,232.01055110349347,0.9622202855854293
50,47,100814,forward,w,deg,2667,2667.0,0.0,-3.4631055769235672,14.954204795662784,-19.287305184584323,28.9617599385485,48.24906512313282,-22.28128630931934,47.88405520006262,70.16534150938196,0.6889055303729368,25.91270632035772,43.712167253758764,337.05935919298605,0.9664487333189653
50,48,35340,forward,w,deg,1181,1181.0,0.0,-2.2014158125180643,20.986260960979212,-22.830264943386254,35.463862230688335,58.29412717407459,-166.6201512825338,156.84936102967794,323.46951231221175,0.09234923921796957,39.14737064066043,163.24157411065676,266.4270522776408,0.9431461286893268
50,49,147868,forward,w,deg,3518,3518.0,0.0,-2.8741202668392702,25.36244048798219,-30.26896534940109,41.84002629269644,72.10899164209754,-178.73358949144472,166.2037919322422,344.93738142368693,-0.06986267908706874,54.54481455253559,178.19588455901754,239.04140613912247,0.9178298581324724
