N=194058, N_branch=500, dt_b=-0.0001, dt_f=0.0001, rtol=1e-9
T_min=0, T_max_b=-6.283185307179586, T_max_f=12.566370614359172, ZOOM=True
Features: unchanged normalized position and unit tangent blocks.
OE event: first outward crossing of 2.5 lunar SOI along each integration direction, before any detected collision.
Frame: geocentric inertial axes coincident with synodic axes at t=0.
STD: ddof=0; w statistics use offsets from the cluster circular mean (angle_origin_deg).
angle_resultant: 1=concentrated directions; 0=no defined mean direction. Broad angular clouds require caution with linearized moments.
NaN: missing event, undefined parameter/statistic, or missing representative parameter.
STD media geometrica < 0.01, minimo 50, massimo 1940 cluster, MAX_SIGMA=2.5
Forma geometrica: DIP_ALPHA=0.01, GAP_FRACTION=0.2, STRONG_GAP_FRACTION=0.5, OUTLIER_SIGMA=3.0
STD, sigma e KMeans usano tutte le feature; PCA solo per individuare vuoti.

K=234, STD=0.006837519823
Non assegnate: 5089/194058 (2.62%)
n = trajectories per cluster; conditions overlap.
n = 1: clusters=0/234 (0.00%); trajectories=0/194058 (0.00%)
n < 10: clusters=0/234 (0.00%); trajectories=0/194058 (0.00%)
n < 100: clusters=52/234 (22.22%); trajectories=3616/194058 (1.86%)

K=234, phase=backward, parameter=eps [km^2/s^2]
cluster representative_source n_cluster n_valid n_missing median std p05 p95 width90 minimum maximum range skewness error95 error_max angle_origin_deg angle_resultant
0 85169 232 232 0 -0.8741566084 0.01386778759 -0.8930702899 -0.8521598228 0.04091046707 -0.8965840026 -0.829937594 0.06664640852 0.3595438791 0.02764477282 0.04986700158 nan nan
1 83961 230 230 0 -0.8729474277 0.01517663928 -0.8974056232 -0.8507368198 0.0466688034 -0.9009288536 -0.8440812502 0.05684760337 -0.0588402234 0.03061997576 0.03727554536 nan nan
2 24775 53 53 0 -0.8548096026 0.01234925087 -0.8815980754 -0.8434275158 0.03817055963 -0.8850762759 -0.8429117003 0.04216457557 -0.7000702643 0.02058573285 0.02146050366 nan nan
3 30334 107 107 0 -0.8359907769 0.01606438142 -0.8748649361 -0.8290637853 0.04580115077 -0.9182613159 -0.827181099 0.09108021681 -2.853788059 0.03780735211 0.0812037319 nan nan
4 65627 243 243 0 -0.8535981521 0.01438664796 -0.8827771079 -0.8302971691 0.05247993882 -0.9133889261 -0.8233641224 0.09002480377 -0.7589475026 0.03263565064 0.05249353989 nan nan
5 32672 154 154 0 -0.8730628902 0.01664939825 -0.899736962 -0.8471446981 0.05259226394 -0.9052031451 -0.8454109413 0.05979220378 -0.09047236803 0.02867528985 0.03017793071 nan nan
6 62747 194 194 0 -0.8650823835 0.008107696637 -0.8739216407 -0.8507997192 0.02312192153 -0.8767120667 -0.8276595703 0.04905249646 1.070034614 0.01524142345 0.03173393379 nan nan
7 23789 730 730 0 -0.8130909384 0.006352164316 -0.8258500828 -0.8074647294 0.01838535343 -0.8380437398 -0.8071063255 0.03093741427 -0.8626177669 0.01144314208 0.02363679906 nan nan
8 41757 56 56 0 -0.8285640829 0.005450308775 -0.8368642157 -0.8203323915 0.01653182415 -0.837462288 -0.8187877628 0.01867452523 0.03757274948 0.009738013382 0.01033608574 nan nan
9 29488 139 139 0 -0.8747800443 0.01703083357 -0.896621932 -0.8446591173 0.0519628148 -0.9010929889 -0.8432744396 0.05781854935 0.2204512089 0.02986262751 0.03124730518 nan nan
10 40144 62 62 0 -0.8268225967 0.005315475627 -0.8360166224 -0.8196441225 0.01637249987 -0.8369840626 -0.8182117467 0.01877231592 -0.2327766519 0.01076336464 0.0117308049 nan nan
11 22902 236 236 0 -0.8106827168 0.004341599721 -0.8197965233 -0.8068922211 0.01290430221 -0.8240305466 -0.8062327658 0.01779778083 -0.7412079434 0.006872246952 0.01110627023 nan nan
12 16592 145 145 0 -0.8097698635 0.00398652584 -0.8182807758 -0.8064532111 0.01182756475 -0.8216094354 -0.8063623697 0.01524706564 -0.7642543791 0.008998626368 0.01232728593 nan nan
13 35004 102 102 0 -0.9131989051 0.01099757347 -0.9344198298 -0.8993504876 0.03506934221 -0.9405970615 -0.8945841756 0.04601288586 -0.4579641116 0.01997557165 0.02603142514 nan nan
14 33596 557 557 0 -0.8790729246 0.02291840104 -0.9132266988 -0.8437304755 0.06949622328 -0.9200317444 -0.8306884695 0.08934327484 0.07748051004 0.04163147412 0.05467348014 nan nan
15 19609 87 87 0 -0.8108982612 0.004386041207 -0.8195540831 -0.8065736017 0.01298048133 -0.8238701325 -0.8065266032 0.01734352929 -0.6123471084 0.008818265337 0.01313431476 nan nan
16 20264 58 58 0 -0.8097043368 0.0036083401 -0.8171931603 -0.8066250194 0.01056814097 -0.8183915972 -0.8066103601 0.01178123712 -0.6406679084 0.005966449847 0.007164886699 nan nan
17 11041 433 433 0 -0.8142231329 0.003292592889 -0.8222120015 -0.8121876231 0.01002437836 -0.8231747489 -0.8071711649 0.01600358399 -0.8002395516 0.007498576476 0.008339989101 nan nan
18 40776 317 317 0 -0.9392016626 0.01363235834 -0.96023962 -0.9180746288 0.04216499124 -0.9620497148 -0.9067427765 0.05530693826 0.08641396416 0.02321147493 0.03097369333 nan nan
19 7288 1665 1665 0 -0.9184603796 0.02341802371 -0.958294086 -0.8842207101 0.07407337589 -0.9620594369 -0.8748332834 0.08722615348 -0.1104437442 0.03926764412 0.04738486976 nan nan
20 6462 649 649 0 -0.895157687 0.0176429472 -0.9270093945 -0.8727301724 0.05427922203 -0.9368895291 -0.8478918883 0.08899764075 -0.1681208015 0.03490420396 0.04565473866 nan nan
21 51090 73 73 0 -0.9671454677 0.002800721262 -0.9709372535 -0.9627410332 0.008196220339 -0.9717403763 -0.9623327911 0.009407585196 0.1014727788 0.005605615315 0.006013857425 nan nan
22 8503 3741 3741 0 -0.8776201586 0.01615828396 -0.910952373 -0.8582283881 0.05272398487 -0.9189904981 -0.8455281707 0.07346232744 -0.4807972383 0.03643852705 0.0444766522 nan nan
23 54158 64 64 0 -0.9674736882 0.002540104369 -0.9708952942 -0.9632170861 0.007678208155 -0.9715854693 -0.9622868814 0.009298587965 0.1662823427 0.007448673873 0.008378878591 nan nan
24 73762 62 62 0 -0.9771198435 0.009739878346 -1.000755722 -0.9721855818 0.02857014013 -1.020134973 -0.9711903885 0.04894458431 -3.383726189 0.02143715159 0.04056545041 nan nan
25 23245 3717 3717 0 -0.8729772343 0.01668837222 -0.9026129575 -0.8506637203 0.05194923719 -0.9069858195 -0.8457326256 0.06125319382 -0.213885204 0.02821928464 0.03315037931 nan nan
26 15530 594 594 0 -0.9459137102 0.01012518012 -0.9606337071 -0.9286631235 0.03197058362 -0.9620841421 -0.9247576362 0.0373265059 0.141948729 0.01703035052 0.01974630728 nan nan
27 19633 224 224 0 -0.8209075967 0.003877229268 -0.8264006312 -0.8143544807 0.01204615043 -0.8272559658 -0.813065782 0.01419018374 0.1277981429 0.006489761401 0.007370269355 nan nan
28 20669 2122 2122 0 -0.9374858062 0.01318593603 -0.9599978267 -0.9194248446 0.04057298213 -0.9671048884 -0.9069751562 0.06012973218 -0.1271710811 0.02340943457 0.03030702383 nan nan
29 15491 1117 1117 0 -0.9004886603 0.01017325717 -0.9164256679 -0.8842672657 0.03215840214 -0.9186076962 -0.8798547506 0.03875294562 0.04257856139 0.0171569644 0.02139849811 nan nan
30 26123 374 374 0 -0.8659937299 0.01574565915 -0.8957803618 -0.8467157064 0.04906465541 -0.9139558058 -0.8447556527 0.06920015311 -0.5864579695 0.02793664843 0.04056406123 nan nan
31 72592 55 55 0 -0.9742175914 0.01142586525 -1.010642502 -0.9719312977 0.03871120439 -1.018791062 -0.9712539454 0.04753711688 -2.771822672 0.03569574398 0.04384430416 nan nan
32 27918 89 89 0 -0.8779352626 0.02165243858 -0.9118275663 -0.8458234476 0.06600411871 -0.916460485 -0.844952826 0.071507659 -0.05414536374 0.03389230371 0.03852522238 nan nan
33 27233 134 134 0 -0.8683168666 0.01356392486 -0.8876733879 -0.8447661057 0.04290728223 -0.890833641 -0.8434458439 0.04738779708 0.1601434648 0.02466234837 0.02598261018 nan nan
34 18133 158 158 0 -0.8272879238 0.001060462314 -0.8294805299 -0.8260572274 0.003423302557 -0.8309379471 -0.8256110037 0.005326943345 -1.115542837 0.002067048865 0.003524465991 nan nan
35 20500 54 54 0 -0.8184712066 0.002318698025 -0.821647888 -0.8153334628 0.006314425198 -0.8251357663 -0.8145480048 0.0105877614 -0.5037694851 0.004469776197 0.006020727247 nan nan
36 23823 203 203 0 -0.8288674816 0.001228910147 -0.8305282122 -0.8271833141 0.003344898072 -0.834156213 -0.8267510137 0.007405199277 -1.194676676 0.002089533475 0.005023991355 nan nan
37 31986 60 60 0 -0.8627990099 0.0169829438 -0.8914554301 -0.8420855718 0.04936985834 -0.8943677023 -0.8414928443 0.05287485798 -0.2088712548 0.03050786083 0.03110058826 nan nan
38 31558 150 150 0 -0.8963495896 0.02300044376 -0.9149533727 -0.8469669965 0.06798637617 -0.9171684542 -0.8454063984 0.07176205579 0.6621334885 0.04506321318 0.0466238113 nan nan
39 42087 7240 7240 0 -0.8696892134 0.02239787139 -0.9060244728 -0.8391947901 0.0668296827 -0.9147321985 -0.8292228132 0.08550938529 -0.1122334887 0.0425277641 0.05249974094 nan nan
40 64725 2768 2768 0 -0.9903046226 0.009263871792 -1.001011238 -0.9726349685 0.02837626931 -1.003272727 -0.9622578453 0.04101488136 0.4277835426 0.02729890389 0.03767602707 nan nan
41 28142 51 51 0 -0.8785586414 0.02069947858 -0.9118300314 -0.8489892248 0.06284080657 -0.919351223 -0.8473898559 0.0719613671 -0.1100207504 0.03429481099 0.04181600261 nan nan
42 31322 199 199 0 -0.8789620745 0.01974025845 -0.9114152929 -0.849167833 0.0622474599 -0.916474881 -0.846083214 0.07039166697 -0.07333365677 0.03575295822 0.0388375772 nan nan
43 22231 190 190 0 -0.9657397222 0.002254059716 -0.9695653265 -0.9625151967 0.007050129817 -0.9700381596 -0.9621064395 0.007931720174 -0.128097202 0.004050818154 0.004459575353 nan nan
44 29031 129 129 0 -0.8708753683 0.01456377263 -0.892327814 -0.8471118505 0.04521596352 -0.8973890374 -0.8457244135 0.05166462388 0.04734162301 0.0243761418 0.02620647976 nan nan
45 46651 3125 3125 0 -0.8600162097 0.01476096499 -0.8827433195 -0.8359436259 0.04679969362 -0.8862177649 -0.8320976724 0.05412009249 0.04488728545 0.03395278154 0.03779873505 nan nan
46 43447 765 765 0 -0.855916218 0.01582947562 -0.8832404146 -0.8358794093 0.0473610053 -0.8856621012 -0.8318110891 0.05385101215 -0.1501072747 0.03384764867 0.03791596888 nan nan
47 40685 599 599 0 -0.861121879 0.01394211661 -0.8818591731 -0.8385850715 0.04327410155 -0.8843265337 -0.8359799093 0.04834662433 0.06144222929 0.02939135101 0.0319965132 nan nan
48 29871 91 91 0 -0.832668526 0.003461410399 -0.843840968 -0.8298220509 0.01401891704 -0.8453617799 -0.8286523971 0.01670938275 -2.528959279 0.01069690679 0.01221771867 nan nan
49 28066 53 53 0 -0.8326265155 0.004702346912 -0.84609588 -0.8297730048 0.01632287521 -0.8470097264 -0.8289523426 0.01805738384 -1.974313771 0.01301989531 0.01393374169 nan nan
50 30539 226 226 0 -0.8264774892 0.002944303754 -0.83032518 -0.820981958 0.009343221973 -0.8357591913 -0.8192115265 0.01654766483 0.112945662 0.00588986303 0.009236327613 nan nan
51 22053 163 163 0 -0.8257669649 0.001892869648 -0.8282268943 -0.8234187641 0.004808130155 -0.8339351705 -0.822424858 0.0115103125 -1.793482824 0.002972188186 0.008324932752 nan nan
52 28876 1820 1820 0 -0.9295195682 0.01603200402 -0.9587530583 -0.9088037968 0.04994926155 -0.9621117232 -0.9065143343 0.05559738898 -0.2535073066 0.03033305213 0.03369171704 nan nan
53 31921 185 185 0 -0.8352842183 0.001399564681 -0.8369525148 -0.8322389173 0.004713597523 -0.8373682535 -0.8308395604 0.006528693121 0.8727599961 0.003211619641 0.00461097657 nan nan
54 72626 1104 1104 0 -1.00257862 0.007410277409 -1.007359003 -0.9826078928 0.02475111049 -1.008654727 -0.9721977064 0.03645702073 1.798564287 0.02204727276 0.03245745914 nan nan
55 31181 387 387 0 -0.9667995068 0.002474247762 -0.9702582406 -0.9626844057 0.007573834877 -0.9718840456 -0.9622137061 0.0096703395 0.04231476497 0.005481438928 0.005952138589 nan nan
56 29750 172 172 0 -0.899285162 0.00982963921 -0.9117556706 -0.8801435813 0.0316120893 -0.9132539309 -0.8680440738 0.04520985714 0.6522527629 0.02037932742 0.03247883498 nan nan
57 27602 50 50 0 -0.8262638271 0.002288408192 -0.8295006914 -0.8229720062 0.006528685198 -0.8334337096 -0.8224598996 0.01097380995 -0.4444606991 0.003478127249 0.007278120393 nan nan
58 54409 2019 2019 0 -0.9869962333 0.007043454922 -0.9949059357 -0.9726212812 0.02228465451 -0.9967768258 -0.9702849856 0.02649184018 0.4524408744 0.01952824296 0.02186453854 nan nan
59 33278 72 72 0 -0.832009978 0.001180386964 -0.833683666 -0.8299801973 0.003703468761 -0.8340333371 -0.8292209721 0.004812365099 0.2529345957 0.002263522631 0.003022747845 nan nan
60 34339 307 307 0 -0.9377512727 0.01435189548 -0.9601167464 -0.9160009145 0.04411583194 -0.9620493319 -0.9134511683 0.04859816366 -0.0181852698 0.02520680913 0.02713939461 nan nan
61 36155 156 156 0 -0.9218263603 0.01846042176 -0.9552520884 -0.8973641868 0.05788790156 -0.9583357308 -0.8932320067 0.06510372408 -0.2176002244 0.03620197517 0.0392856176 nan nan
62 37409 329 329 0 -0.8381682877 0.002434955728 -0.8421025229 -0.8338495091 0.008253013862 -0.8436351393 -0.832146067 0.01148907236 0.1599321402 0.004752303831 0.006019071877 nan nan
63 37864 203 203 0 -0.8351630009 0.003974827961 -0.8424806774 -0.8299857054 0.01249497195 -0.8442131448 -0.8285142214 0.01569892339 -0.2720964323 0.00768289475 0.009415362192 nan nan
64 41990 90 90 0 -0.8281483907 0.004590945407 -0.8356646644 -0.8215100649 0.01415459947 -0.8365128555 -0.8206631985 0.01584965707 -0.06811556982 0.007533643775 0.008226927352 nan nan
65 38246 250 250 0 -0.9411433657 0.01296356977 -0.9599284467 -0.9206020693 0.03932637739 -0.9621434814 -0.9061307151 0.05601276624 0.154125978 0.02233491467 0.03314847195 nan nan
66 43376 227 227 0 -0.8303029218 0.003777881877 -0.8362796621 -0.8243758147 0.01190384732 -0.8371666218 -0.8229896004 0.01417702147 0.006409569661 0.007411843195 0.008798057555 nan nan
67 40092 173 173 0 -0.9458749943 0.0136998879 -0.9611502899 -0.9192107235 0.0419395664 -0.9621331631 -0.9034595309 0.05867363224 0.4626419837 0.02412350419 0.03987469682 nan nan
68 45402 372 372 0 -0.966872686 0.002580589656 -0.9706400709 -0.9626722914 0.007967779486 -0.9717923426 -0.9621573751 0.009634967546 0.03133593246 0.006049587512 0.006564503905 nan nan
69 107717 185 185 0 -0.9513253256 0.009088959052 -0.9614598053 -0.9327744115 0.02868539383 -0.962249148 -0.9269919278 0.03525722028 0.5628446847 0.01987634999 0.0256588337 nan nan
70 39842 124 124 0 -0.9296882357 0.01560262391 -0.9565821521 -0.9084418893 0.04814026285 -0.9590791068 -0.9060112605 0.05306784633 -0.1730933033 0.03146879355 0.03396574823 nan nan
71 49473 3919 3919 0 -0.940160052 0.01514416359 -0.9605928453 -0.9143312169 0.04626162838 -0.9622160199 -0.9001017544 0.06211426549 0.2281171505 0.02471498263 0.03660589914 nan nan
72 65069 1436 1436 0 -0.9821536349 0.004827165865 -0.9880400281 -0.9725134837 0.01552654439 -0.9895840458 -0.9706611525 0.01892289327 0.3997260387 0.01091892328 0.01277125452 nan nan
73 61738 2258 2258 0 -0.8853971823 0.01397447439 -0.8953739297 -0.8543169993 0.04105693043 -0.8995996014 -0.8491940112 0.05040559023 0.5665549366 0.0275574537 0.03268044176 nan nan
74 107740 92 92 0 -0.9674674657 0.002756613098 -0.9714844208 -0.9628175247 0.008666896087 -0.971838457 -0.9624102349 0.009428222124 0.09489669652 0.005017638752 0.005424928624 nan nan
75 47001 70 70 0 -0.967549048 0.002641816785 -0.9708595324 -0.962730184 0.00812934832 -0.9716903857 -0.9621646574 0.009525728339 0.2739785319 0.00458146519 0.005093361648 nan nan
76 51135 146 146 0 -0.843019007 0.003482596867 -0.848379314 -0.8376995407 0.01067977333 -0.8494641893 -0.8370440477 0.01242014167 -0.01281374757 0.006530431293 0.007615306637 nan nan
77 76905 98 98 0 -0.9763424272 0.00565360736 -0.9781469925 -0.9719851458 0.006161846696 -1.020599717 -0.9710711336 0.04952858378 -5.921076294 0.006159507873 0.0427251881 nan nan
78 58115 1951 1951 0 -0.9155539179 0.006031640536 -0.9280249173 -0.9075919484 0.02043296889 -0.9325917363 -0.9042572417 0.0283344946 -0.5030524983 0.01191027745 0.01647709653 nan nan
79 53280 83 83 0 -0.8432256354 0.004090704594 -0.8497619493 -0.8371607609 0.01260118841 -0.8505173187 -0.8363612138 0.01415610492 -0.05377099134 0.007372701734 0.008128071136 nan nan
80 58189 196 196 0 -0.9788317705 0.003033791805 -0.9815963752 -0.9725026386 0.009093736624 -0.9819108873 -0.9709711234 0.01093976384 0.5998786264 0.005730065818 0.007261580974 nan nan
81 54901 84 84 0 -0.9676130472 0.002680567705 -0.9711227875 -0.9628256532 0.008297134246 -0.9717269745 -0.9622334444 0.009493530078 0.2599414716 0.006191460826 0.006783669633 nan nan
82 52575 120 120 0 -0.0798394847 0.02776895409 -0.1367549428 -0.05129691995 0.08545802284 -0.1464965213 -0.0451798456 0.1013166757 -0.5558248883 0.04944795459 0.05918953308 nan nan
83 61551 74 74 0 -0.05433462659 0.02087758526 -0.1083290814 -0.04412417837 0.06420490299 -0.1393796374 -0.04391779137 0.09546184603 -1.812798361 0.0443838171 0.07543437314 nan nan
84 68805 401 401 0 -0.05546673525 0.02270385147 -0.1163092955 -0.04570388297 0.07060541257 -0.1527607885 -0.04451538371 0.1082454048 -1.699503961 0.05806564736 0.09451714033 nan nan
85 57546 58 58 0 -0.9669536245 0.002727000213 -0.9707729597 -0.9625970351 0.008175924555 -0.9711752014 -0.9622035491 0.008971652262 0.1370282479 0.006363500984 0.006756986972 nan nan
86 70955 1361 1361 0 -0.9029518977 0.0048430818 -0.9124262673 -0.8964597486 0.0159665187 -0.9200900754 -0.8949534731 0.0251366023 -0.6335245931 0.009554964794 0.01721877293 nan nan
87 61172 155 155 0 -0.9768559164 0.002195917038 -0.9788579309 -0.9721492003 0.006708730607 -0.979183958 -0.9711616715 0.00802228652 0.6348256703 0.004092951811 0.005080480582 nan nan
88 65016 2308 2308 0 -0.9352494193 0.0128228105 -0.9594902874 -0.9214071701 0.03808311728 -0.9621743863 -0.9164232 0.04575118628 -0.2942216969 0.02103614004 0.02360855426 nan nan
89 67628 834 834 0 -0.9653459785 0.002495974495 -0.9707372595 -0.9624771709 0.008260088537 -0.9716180494 -0.9622104592 0.00940759022 -0.5816152913 0.00466938812 0.005550178087 nan nan
90 60926 5598 5598 0 -0.1085190729 0.02587452187 -0.1697782129 -0.08867869338 0.08109951951 -0.1862278788 -0.08012626751 0.1061016113 -0.8647925904 0.05733513714 0.0737848031 nan nan
91 76764 72 72 0 -0.8751654201 0.009591723677 -0.8832535666 -0.853536435 0.02971713163 -0.8842262576 -0.8522325946 0.03199366302 0.6372285326 0.02567883197 0.02698267238 nan nan
92 67639 110 110 0 -0.9751581197 0.001536970149 -0.9766345802 -0.9719100207 0.004724559489 -0.9766986509 -0.9712291763 0.005469474643 0.6199298703 0.00363625242 0.00431709682 nan nan
93 136323 17136 17136 0 -0.09167099356 0.02673912879 -0.149556453 -0.06552226636 0.08403418668 -0.1621058486 -0.05881779331 0.1032880553 -0.5632400573 0.05368868535 0.06623808087 nan nan
94 90021 86 86 0 -0.8781758687 0.01624798681 -0.9052518112 -0.8530146239 0.05223718729 -0.908825358 -0.8511069587 0.05771839937 -0.04988021536 0.03225645078 0.03416411601 nan nan
95 133163 579 579 0 -0.149977319 0.02543245599 -0.1954921734 -0.1163578054 0.07913436804 -0.202722612 -0.1155256974 0.0871969146 -0.2378991186 0.04426638585 0.05149682444 nan nan
96 86786 53 53 0 -0.8754096917 0.01256907232 -0.8911888981 -0.8552097504 0.03597914776 -0.8927720759 -0.8514787904 0.04129328546 0.1886362061 0.02582118786 0.02955214783 nan nan
97 75322 202 202 0 -0.9727912969 0.000881956849 -0.9744233158 -0.9716026712 0.002820644585 -0.9746987526 -0.9712994604 0.003399292214 -0.2978696331 0.002121463634 0.002424674503 nan nan
98 82346 95 95 0 -0.8749245812 0.0117450358 -0.8902335544 -0.854767713 0.0354658414 -0.8949300185 -0.8529789131 0.04195110538 0.1660377156 0.02249069144 0.02427949135 nan nan
99 119562 80 80 0 -0.1429164905 0.0184480206 -0.1741809444 -0.117770726 0.05641021839 -0.1895767276 -0.1170191919 0.07255753575 -0.3717456095 0.04159770294 0.05699348618 nan nan
100 87684 2981 2981 0 -0.9420341392 0.00852752391 -0.9553070816 -0.9272698727 0.02803720896 -0.962117556 -0.9156752633 0.04644229267 0.2059858389 0.01617328397 0.02497438854 nan nan
101 72016 907 907 0 -0.1507477046 0.01981477468 -0.1825800481 -0.1213013967 0.06127865141 -0.1922492162 -0.1160091218 0.07624009439 -0.07550776496 0.03295769047 0.03974956726 nan nan
102 86918 382 382 0 -0.9682874323 0.002350134887 -0.9709270316 -0.9631962346 0.007730796996 -0.9715090915 -0.9622781139 0.009230977608 0.6246508135 0.005670896732 0.00658901739 nan nan
103 78981 1187 1187 0 -0.0988821102 0.007860214055 -0.117810857 -0.09408348292 0.02372737411 -0.1253619796 -0.09292385695 0.03243812267 -0.8715360524 0.01823600905 0.02578713164 nan nan
104 68925 542 542 0 -0.1346670173 0.01467930695 -0.1605461917 -0.1137245414 0.04682165026 -0.1673338712 -0.1078576151 0.05947625613 -0.1723405294 0.02569000039 0.03099921154 nan nan
105 70032 142 142 0 -0.1213508617 0.01282180408 -0.1432175965 -0.1059899638 0.03722763273 -0.1496828323 -0.1042740224 0.04540880991 -0.3176791115 0.0216109536 0.02807618938 nan nan
106 77806 336 336 0 -0.1118849636 0.01171782924 -0.1419754181 -0.1048150008 0.03716041733 -0.1603355043 -0.1033013871 0.05703411724 -1.836350739 0.03190815096 0.05026823718 nan nan
107 107834 478 478 0 -0.1135606488 0.01693167915 -0.1562097907 -0.1056071682 0.05060262247 -0.1863200722 -0.1049736007 0.08134647151 -1.377292331 0.04816823107 0.07827851259 nan nan
108 138156 340 340 0 -0.1415652216 0.01605229856 -0.1643774243 -0.1163349245 0.04804249978 -0.1840671277 -0.1102989329 0.07376819479 -0.1195184587 0.02828231847 0.04281074107 nan nan
109 84739 139 139 0 -0.1669214802 0.01506044815 -0.1936791724 -0.1453401968 0.04833897558 -0.1996059073 -0.1399665388 0.05963936847 -0.2027370363 0.02679468779 0.0299033304 nan nan
110 131982 357 357 0 -0.1405081307 0.02479687125 -0.1932221499 -0.1147485311 0.07847361881 -0.2007767029 -0.112289017 0.08848768597 -0.5633034612 0.04678423329 0.05433878632 nan nan
111 127281 82 82 0 -0.1251699774 0.01984118772 -0.1672683071 -0.1067816384 0.06048666867 -0.1751025294 -0.1065462382 0.06855629118 -0.6165468442 0.04047993843 0.0483141607 nan nan
112 74330 486 486 0 -0.1469506579 0.01935148792 -0.1832241547 -0.1213237949 0.06190035981 -0.1909113031 -0.1166586498 0.07425265325 -0.3004474425 0.03727665544 0.04496380382 nan nan
113 104488 1278 1278 0 -0.1144986174 0.006068921276 -0.1282971799 -0.1093138983 0.01898328166 -0.1456773626 -0.108027616 0.03764974655 -1.281523929 0.01586316139 0.03324334403 nan nan
114 118398 2392 2392 0 -0.1064785107 0.00773375635 -0.1229913182 -0.09905411739 0.02393720082 -0.1257461702 -0.0978164433 0.02792972686 -0.5676081102 0.0167723171 0.01952716905 nan nan
115 113342 265 265 0 -0.1229227266 0.009625612267 -0.1417574048 -0.113598877 0.02815852781 -0.1557088515 -0.1132006541 0.04250819744 -0.5750207223 0.02114240459 0.03509385128 nan nan
116 122399 112 112 0 -0.1340962128 0.01858421265 -0.1693811401 -0.1142486906 0.05513244945 -0.1777142609 -0.1080591655 0.06965509539 -0.3672767218 0.03805808154 0.04639120241 nan nan
117 125857 141 141 0 -0.131749253 0.02160478775 -0.1796098544 -0.1161151626 0.06349469178 -0.186562929 -0.1149695666 0.07159336233 -0.6595078654 0.03932235082 0.04627542538 nan nan
118 122402 184 184 0 -0.1401084246 0.02013607039 -0.1743447094 -0.115378331 0.05896637839 -0.1782642028 -0.09295377894 0.08531042381 -0.1461010403 0.04121634525 0.04513583858 nan nan
119 141158 246 246 0 -0.1633933533 0.0278634347 -0.1999570611 -0.1167152594 0.08324180164 -0.2043377036 -0.1025671963 0.1017705073 0.185229571 0.0469098579 0.06105792103 nan nan
120 74706 84 84 0 -0.1408775633 0.02338334735 -0.1876823822 -0.1175874546 0.07009492763 -0.1945673014 -0.1163446458 0.07822265565 -0.481310459 0.04885296145 0.05573788064 nan nan
121 78627 66 66 0 -0.1261871168 0.01263768571 -0.1542208384 -0.1177039319 0.03651690649 -0.1667154117 -0.1174798605 0.04923555119 -0.9269485 0.03000171532 0.04249628862 nan nan
122 124420 576 576 0 -0.1374315797 0.02272583139 -0.1864836736 -0.1185040886 0.06797958503 -0.1936454891 -0.117820242 0.07582524709 -0.6398972168 0.0450531303 0.0522149458 nan nan
123 120702 327 327 0 -0.1362063037 0.01636086626 -0.1682098581 -0.1192993153 0.04891054281 -0.1774514659 -0.1188422508 0.05860921514 -0.4651194491 0.03130581299 0.04054742075 nan nan
124 87559 124 124 0 -0.1668694168 0.02054799643 -0.2001519274 -0.1307310583 0.06942086909 -0.2049010401 -0.1233996255 0.08150141466 0.2556122211 0.03826579368 0.04559722654 nan nan
125 121586 9769 9769 0 -0.1505892924 0.02056541128 -0.1896377717 -0.1248183033 0.06481946841 -0.1988011716 -0.1194066425 0.0793945291 -0.3630192445 0.03531924429 0.04448264419 nan nan
126 120587 1112 1112 0 -0.2088675679 0.01936107675 -0.2337683327 -0.1707735765 0.06299475611 -0.2371551384 -0.1584480133 0.07870712511 0.4124297938 0.040438571 0.05276413427 nan nan
127 107934 3031 3031 0 -0.1586586777 0.01586846313 -0.1951883392 -0.1443100814 0.0508782578 -0.2065730934 -0.1410941311 0.06547896222 -0.7665306152 0.0328056995 0.0441904537 nan nan
128 121146 127 127 0 -0.2037928526 0.01915801631 -0.2295993187 -0.1777489034 0.05185041538 -0.2327785217 -0.1471843365 0.08559418519 0.4508473159 0.03028435979 0.06084892665 nan nan
129 115982 2728 2728 0 -0.1669186077 0.02034919299 -0.1990526214 -0.1386269953 0.06042562607 -0.2049665961 -0.1357929667 0.06917362931 -0.09246274287 0.03158665273 0.03728780718 nan nan
130 158319 109 109 0 -0.2028022003 0.03385222977 -0.2158335738 -0.1198818963 0.09595167744 -0.2160029038 -0.1172502069 0.09875269692 0.8168386804 0.07104372571 0.07367541517 nan nan
131 127892 138 138 0 -0.1477085006 0.0259671321 -0.1882591452 -0.1121848561 0.07607428917 -0.1928741589 -0.07692565609 0.1159485029 0.173534416 0.04396018662 0.06866495939 nan nan
132 124671 570 570 0 -0.1179036616 0.01363222142 -0.1425704723 -0.1037335317 0.03883694065 -0.147318692 -0.1029785486 0.04434014349 -0.3136289864 0.02360815193 0.02835637163 nan nan
133 146384 322 322 0 -0.05906818647 0.01313363147 -0.08242132089 -0.04511618347 0.03730513742 -0.09969395197 -0.04468617941 0.05500777256 -0.3112345958 0.02414189127 0.04141452236 nan nan
134 95195 1932 1932 0 -0.1669670919 0.006813986452 -0.1804686633 -0.1569223305 0.02354633274 -0.1880348987 -0.1543224875 0.03371241122 -0.5074025601 0.01742656257 0.02499279797 nan nan
135 106920 590 590 0 -0.1974186101 0.008932546867 -0.2124128019 -0.1843006294 0.02811217251 -0.2157579758 -0.1805034389 0.03525453686 -0.09967977294 0.01521506897 0.01809373339 nan nan
136 108772 416 416 0 -0.9393016489 0.01852475684 -0.960390445 -0.9019655562 0.05842488874 -0.9622229839 -0.8926664219 0.069556562 0.4810787844 0.03101108394 0.04031021827 nan nan
137 99266 294 294 0 -0.9174073686 0.008097576336 -0.9297138664 -0.9037589616 0.02595490481 -0.9352937153 -0.8980684508 0.0372252645 0.08047228523 0.01510521826 0.01904067523 nan nan
138 107029 73 73 0 -0.9827834537 0.007092565011 -0.9952224715 -0.9734244927 0.0217979788 -0.9985887565 -0.9724555516 0.02613320486 -0.2883067272 0.01235822507 0.013459042 nan nan
139 109837 586 586 0 -0.9375199764 0.01844356721 -0.9601539634 -0.9016638171 0.05849014634 -0.9622636701 -0.8933663378 0.06889733225 0.392946016 0.03134429543 0.03672862466 nan nan
140 103920 150 150 0 -0.9218207715 0.01462664837 -0.9510528743 -0.9015692613 0.04948361294 -0.9601814729 -0.8979073627 0.06227411027 -0.4571498117 0.0326443181 0.04177291677 nan nan
141 169244 55 55 0 -0.2038411284 0.0145786571 -0.2129732488 -0.1693949619 0.04357828694 -0.2130645909 -0.1613497122 0.05171487871 0.9603224443 0.02944918951 0.03749443922 nan nan
142 106530 197 197 0 -0.1920630709 0.004885034557 -0.2003323383 -0.1837518768 0.0165804615 -0.2039233633 -0.1800951275 0.02382823577 0.0003976851858 0.009656750578 0.01252637036 nan nan
143 107327 78 78 0 -0.9395579877 0.017442958 -0.9604120245 -0.9063258657 0.05408615881 -0.9621339488 -0.9022436899 0.05989025894 0.3695028621 0.03163521263 0.03571738847 nan nan
144 167802 745 745 0 -0.1846912352 0.01367353104 -0.2044273957 -0.162465784 0.04196161171 -0.213253997 -0.1560286658 0.05722533126 0.1247258977 0.02366350523 0.0298728947 nan nan
145 173458 98 98 0 -0.2068729017 0.01165375208 -0.2176979732 -0.183426895 0.0342710782 -0.2321509386 -0.177257826 0.05489311257 0.3160441499 0.02409086688 0.02799987118 nan nan
146 123438 209 209 0 -0.2139993446 0.01556543531 -0.2383418832 -0.1907663115 0.04757557174 -0.2432835423 -0.1852619248 0.05802161747 -0.02505049656 0.02628305242 0.03036136966 nan nan
147 176484 108 108 0 -0.2049514867 0.01078523402 -0.2211558646 -0.1870479749 0.03410788974 -0.2350407397 -0.1776720427 0.05736869704 -0.02473413887 0.02139492427 0.02885255698 nan nan
148 146480 671 671 0 -0.1524622327 0.01376212176 -0.1695574743 -0.1235090139 0.0460484604 -0.175642192 -0.1071466567 0.06849553534 0.6652141449 0.02814700476 0.04450936201 nan nan
149 110855 52 52 0 -0.1959178497 0.006420520225 -0.2043318799 -0.1846866971 0.01964518279 -0.205395887 -0.1827571759 0.02263871115 0.2493672683 0.01070853321 0.01177643493 nan nan
150 203913 141 141 0 -0.2095123834 0.008918100445 -0.2177260852 -0.19020124 0.02752484524 -0.2313119632 -0.1863308301 0.04498113305 0.2510971263 0.02028760521 0.02379022689 nan nan
151 132564 484 484 0 -0.1405749586 0.01581070992 -0.1719409731 -0.1224362267 0.04950474639 -0.1760693475 -0.1161164356 0.05995291182 -0.4091466973 0.02789986367 0.03184366036 nan nan
152 109896 130 130 0 -0.9674206471 0.002787272887 -0.9714686426 -0.9628927634 0.008575879179 -0.9718979176 -0.9623254089 0.009572508713 0.09259682128 0.005049528626 0.005616883117 nan nan
153 117706 1239 1239 0 -0.1840531655 0.006999125306 -0.1959317911 -0.1743579718 0.02157381928 -0.1975937345 -0.168440538 0.02915319651 -0.08673984691 0.01192247785 0.01624775213 nan nan
154 122287 51 51 0 -0.2077568506 0.01055335017 -0.2230473987 -0.1924729651 0.0305744336 -0.2267519265 -0.1862599627 0.04049196382 0.07335816783 0.01725461678 0.0232171284 nan nan
155 125160 270 270 0 -0.2118247057 0.009234805477 -0.228658726 -0.1989896478 0.02966907818 -0.2309549977 -0.1946118169 0.03634318085 -0.1736595662 0.01604133231 0.01859820873 nan nan
156 112612 80 80 0 -0.96740556 0.002842272459 -0.9716189928 -0.9628574697 0.008761523138 -0.9720003459 -0.9623928651 0.009607480711 0.05694762153 0.004868510327 0.005333114834 nan nan
157 141979 2111 2111 0 -0.119607208 0.01501276574 -0.1459785281 -0.1002614799 0.04571704817 -0.1514746603 -0.09800025162 0.05347440863 -0.2215373574 0.02562084987 0.03111698204 nan nan
158 152539 1899 1899 0 -0.2122826688 0.008750595199 -0.2255566057 -0.1970866348 0.02846997095 -0.2303355935 -0.1921844171 0.03815117634 0.1000927087 0.02007563606 0.02497785372 nan nan
159 160687 10375 10375 0 -0.2110875176 0.01649252935 -0.2268652005 -0.1724254613 0.05443973925 -0.2298905045 -0.1624263692 0.06746413527 0.8594975837 0.03776843922 0.0477675313 nan nan
160 139237 180 180 0 -0.219914266 0.0100443159 -0.2327329548 -0.1993204298 0.03341252505 -0.2345759592 -0.1931167803 0.04145917894 0.4713479553 0.02611452446 0.03231817399 nan nan
161 141438 1237 1237 0 -0.154814158 0.01396790306 -0.1742493125 -0.1286024028 0.04564690969 -0.1811516663 -0.1174357056 0.0637159607 0.3167415264 0.02615990322 0.03715601929 nan nan
162 141302 53 53 0 -0.2208466737 0.007994104177 -0.2367360923 -0.2079516645 0.02878442783 -0.2390957182 -0.2063622346 0.03273348368 -0.03214202928 0.01607002089 0.01673990803 nan nan
163 143407 647 647 0 -0.2294103125 0.01434383047 -0.2488207055 -0.2012011807 0.04761952477 -0.250732455 -0.1848121589 0.06592029618 0.5281644043 0.03073820302 0.0471272249 nan nan
164 136225 1363 1363 0 -0.2057165405 0.00715336231 -0.2147503174 -0.1907107055 0.02403961195 -0.2159780285 -0.1848391973 0.03113883123 0.5930835753 0.014326016 0.02019752423 nan nan
165 171505 814 814 0 -0.2069557638 0.01789165681 -0.2170109123 -0.1587578654 0.05825304688 -0.2176833103 -0.1395843152 0.07809899509 1.475815365 0.04630041521 0.06547396548 nan nan
166 151417 51 51 0 -0.2338514343 0.01221132254 -0.251270124 -0.2156767688 0.03559335519 -0.2535468949 -0.2030556682 0.05049122677 0.3090043005 0.01978058939 0.03240169004 nan nan
167 153567 2544 2544 0 -0.1512076093 0.01256337583 -0.167058063 -0.1278996307 0.03915843234 -0.1720191524 -0.1238597723 0.04815938009 0.2554570026 0.02169238198 0.02562744259 nan nan
168 145934 130 130 0 -0.1788424548 0.008486058727 -0.1921847526 -0.1650467471 0.02713800547 -0.1957203034 -0.1606696226 0.03505068073 0.02464681119 0.0162505202 0.01822845376 nan nan
169 166807 839 839 0 -0.2363449165 0.01219927804 -0.2546745898 -0.2212226795 0.03345191023 -0.2573379056 -0.1957143894 0.06162351622 0.2183307476 0.01945402142 0.04496231156 nan nan
170 174618 3242 3242 0 -0.2279843128 0.00819927933 -0.233714744 -0.2072385385 0.02647620556 -0.2349930504 -0.1990076666 0.03598538386 1.134589463 0.01965332938 0.02788420127 nan nan
171 174565 84 84 0 -0.2062215654 0.01366052374 -0.2156105919 -0.1751339764 0.04047661549 -0.2160973189 -0.1661214806 0.04997583826 0.8797038619 0.03121817269 0.04023066843 nan nan
172 153918 52 52 0 -0.1806239372 0.008497386814 -0.1909234449 -0.1644024006 0.02652104431 -0.1916829905 -0.1611437224 0.0305392681 0.3661752339 0.01669076939 0.0199494476 nan nan
173 154611 1445 1445 0 -0.2224468801 0.004528181875 -0.2294266652 -0.2156888523 0.0137378129 -0.2302849654 -0.2112671387 0.01901782673 0.1034902927 0.008428688748 0.01285040242 nan nan
174 187351 67 67 0 -0.2100053601 0.01061720639 -0.2157071981 -0.1863147738 0.02939242424 -0.2158094205 -0.1730608012 0.0427486192 1.145173624 0.02752973023 0.04078370283 nan nan
175 169643 442 442 0 -0.2381772415 0.01445103469 -0.2556428728 -0.2112618977 0.04438097514 -0.2570269391 -0.1769919623 0.08003497684 1.449957164 0.0313490889 0.06561902436 nan nan
176 168958 282 282 0 -0.1958065904 0.01107125162 -0.2117709821 -0.1778516073 0.03391937479 -0.2121203769 -0.1723476885 0.03977268835 0.07962121851 0.01934062038 0.02484453913 nan nan
177 170926 727 727 0 -0.1932994852 0.01081726307 -0.2090802387 -0.1753877012 0.03369253752 -0.2097355649 -0.1691356444 0.04059992047 0.1314040162 0.02104546595 0.02729752268 nan nan
178 173453 326 326 0 -0.2041278679 0.01053923114 -0.2133578794 -0.1815280059 0.03182987349 -0.2152369384 -0.1778122781 0.03742466028 0.5920340284 0.02153901632 0.02525474411 nan nan
179 183842 352 352 0 -0.2522070333 0.007498935242 -0.2577771313 -0.2357866262 0.02199050511 -0.2581213791 -0.2294878563 0.02863352278 0.7483581655 0.01632730967 0.02262607958 nan nan
180 182265 1084 1084 0 -0.2544664621 0.006572886476 -0.2588912106 -0.2386091378 0.02028207283 -0.2593276385 -0.2305740639 0.02875357457 1.048703241 0.0141716958 0.02220676961 nan nan
181 174823 856 856 0 -0.1976933799 0.01016867676 -0.208192694 -0.1782405418 0.02995215224 -0.2089841966 -0.1712926993 0.03769149729 0.4596707417 0.02032432585 0.02727216829 nan nan
182 173712 483 483 0 -0.1946768582 0.0121318212 -0.2054034941 -0.1685668324 0.03683666175 -0.2058988721 -0.1644693535 0.04142951855 0.6090401234 0.02553223465 0.0296297135 nan nan
183 184891 124 124 0 -0.2526797721 0.005841307834 -0.2582813977 -0.2412602191 0.01702117863 -0.2583596176 -0.2335462409 0.0248133767 0.7548877022 0.01190828908 0.01962226728 nan nan
184 174489 5009 5009 0 -0.1663479052 0.01303294932 -0.1834352409 -0.1393284656 0.04410677527 -0.1895661765 -0.1160674398 0.07349873673 0.6650966554 0.02777977011 0.05104079599 nan nan
185 169367 173 173 0 -0.2438112691 0.01089806085 -0.2552944024 -0.2224765624 0.03281784001 -0.2572230316 -0.199454891 0.05776814051 1.038733069 0.02189723622 0.04491890757 nan nan
186 186077 253 253 0 -0.214128663 0.006896247576 -0.2185012505 -0.196616647 0.02188460349 -0.2187775889 -0.1874846593 0.0312929296 1.376371859 0.01890665322 0.02803864086 nan nan
187 158732 188 188 0 -0.2380376715 0.01619127157 -0.2459370359 -0.1954185561 0.05051847985 -0.2476196786 -0.1691623175 0.07845736108 2.177408526 0.04178757737 0.06804381592 nan nan
188 170213 56 56 0 -0.2459163035 0.01667823134 -0.2568143103 -0.2059910304 0.05082327995 -0.2572678876 -0.1933222185 0.06394566919 1.226732926 0.03875376964 0.05142258156 nan nan
189 180073 2019 2019 0 -0.2319345692 0.004944779597 -0.2368772583 -0.2217875168 0.01508974148 -0.2377361674 -0.2173849556 0.02035121181 0.5764971 0.01120610933 0.01560867057 nan nan
190 182088 2067 2067 0 -0.1819018752 0.005106892448 -0.1892334948 -0.1721452239 0.01708827098 -0.1904598044 -0.1666004884 0.02385931597 0.4396729816 0.0107407684 0.01628550382 nan nan
191 177383 3466 3466 0 -0.233754684 0.004754770018 -0.2401360361 -0.2245687527 0.01556728338 -0.2416810239 -0.2211421196 0.02053890424 0.3777532023 0.0119758129 0.01540244598 nan nan
192 174403 229 229 0 -0.2462618389 0.01445571032 -0.2565824698 -0.2109671193 0.04561535053 -0.2571981952 -0.1825082858 0.07468990945 1.758369096 0.03587554682 0.06433438034 nan nan
193 178238 102 102 0 -0.2508130973 0.004755962992 -0.2578396784 -0.2425721895 0.01526748888 -0.2580872762 -0.2407577809 0.01732949529 0.1956721403 0.008054782151 0.009269659013 nan nan
194 170665 53 53 0 -0.203446369 0.004621357868 -0.2105786417 -0.1967704402 0.01380820155 -0.2113766982 -0.1960126269 0.01536407137 0.004047342577 0.008746084054 0.009503897365 nan nan
195 186177 644 644 0 -0.2498810127 0.004573205283 -0.2556292619 -0.241742202 0.01388705996 -0.2571659068 -0.2384850591 0.01868084776 0.2923761717 0.008911634998 0.01216877787 nan nan
196 181587 273 273 0 -0.199304643 0.00657928461 -0.2039031993 -0.1836411929 0.02026200642 -0.204194622 -0.1792236516 0.02497097035 0.9043013625 0.01483054423 0.01924808551 nan nan
197 179171 684 684 0 -0.1928462676 0.006069484395 -0.2026966972 -0.1842738877 0.01842280952 -0.2034217318 -0.1753568298 0.02806490192 0.0527505927 0.01068641485 0.01960347265 nan nan
198 209870 258 258 0 -0.2483741198 0.005620991115 -0.257901808 -0.2415173737 0.01638443422 -0.2582250091 -0.2346888443 0.02353616477 -0.114951185 0.008353790612 0.01514691293 nan nan
199 183992 55 55 0 -0.2122937365 0.004920332699 -0.2161547092 -0.2017521878 0.01440252146 -0.2162447446 -0.2009898138 0.01525493082 0.6245059775 0.01089289916 0.01165527312 nan nan
200 187670 1992 1992 0 -0.2374303685 0.003933328936 -0.2411492177 -0.2284209007 0.01272831699 -0.243910179 -0.2244292897 0.01948088921 0.8579070735 0.009772383801 0.01376399474 nan nan
201 183195 183 183 0 -0.2081350214 0.006361652882 -0.2126575891 -0.1926008773 0.02005671184 -0.2129068123 -0.1859877467 0.0269190656 1.162290238 0.01624446086 0.0228575914 nan nan
202 187458 267 267 0 -0.2535527392 0.0034095098 -0.2568786194 -0.2453668193 0.01151180008 -0.2572350506 -0.2403820897 0.01685296087 1.270282656 0.006278480451 0.01126321007 nan nan
203 188365 144 144 0 -0.2109987224 0.007444722433 -0.2163258172 -0.1939651301 0.02236068712 -0.2165330622 -0.1896902247 0.02684283747 0.8620467077 0.02088812522 0.02516303058 nan nan
204 191955 61 61 0 -0.2561137211 0.003208415711 -0.2581106156 -0.2477073096 0.01040330601 -0.2581555443 -0.2451893752 0.0129661691 1.374014878 0.007672623031 0.01019055744 nan nan
205 196937 542 542 0 -0.1201181981 0.02510335217 -0.1596816795 -0.08558054741 0.07410113205 -0.169906277 -0.07994879025 0.08995748673 -0.1122180938 0.03981267398 0.04852738345 nan nan
206 184764 798 798 0 -0.2066551766 0.006158961067 -0.2111312409 -0.1911580142 0.01997322671 -0.2118318783 -0.1833751639 0.02845671443 1.309012727 0.01661059498 0.02439344523 nan nan
207 185292 271 271 0 -0.2105849374 0.005395589673 -0.2141261295 -0.1974845555 0.016641574 -0.214444764 -0.187148362 0.02729640207 1.580002647 0.01388406933 0.0242202628 nan nan
208 192657 903 903 0 -0.2474341913 0.002581204192 -0.2498693934 -0.2417929998 0.008076393663 -0.25029538 -0.2402149176 0.01008046233 0.6400120813 0.005232541984 0.006810624101 nan nan
209 207954 523 523 0 -0.2106777341 0.00606362178 -0.217854801 -0.1997397577 0.01811504336 -0.2184819934 -0.1970453152 0.02143667814 0.2796449398 0.01041852273 0.01104571505 nan nan
210 185518 1011 1011 0 -0.1945654326 0.003225977052 -0.2011944611 -0.1904878579 0.01070660321 -0.202180002 -0.1890668881 0.01311311383 -0.5163644574 0.005731731443 0.006653553416 nan nan
211 208699 814 814 0 -0.2169050941 0.004147010591 -0.2227316402 -0.2080686489 0.01466299123 -0.223817063 -0.2050141193 0.01880294378 0.5192633845 0.008533476885 0.009425779206 nan nan
212 195967 1518 1518 0 -0.2441962153 0.001669618973 -0.2464704515 -0.2407622957 0.005708155757 -0.2470812365 -0.2393200187 0.007761217768 0.5384505383 0.003935396339 0.005377673334 nan nan
213 221491 287 287 0 -0.2453924371 0.00976343535 -0.2545683065 -0.2253225822 0.02924572429 -0.2555986766 -0.2092593156 0.04633936097 0.8422468958 0.0199102101 0.03597347672 nan nan
214 198357 528 528 0 -0.1977965643 0.006954753981 -0.2003894219 -0.1811654936 0.0192239283 -0.2009263309 -0.175081258 0.02584507289 0.7419091336 0.01684428029 0.02292851593 nan nan
215 207478 1091 1091 0 -0.2413245972 0.001745511033 -0.2431620715 -0.2374869297 0.005675141823 -0.2435398719 -0.2357648775 0.007774994345 0.7498655954 0.00404313961 0.005765191818 nan nan
216 201577 432 432 0 -0.1369188124 0.01570399298 -0.16120749 -0.111044471 0.05016301898 -0.1682501012 -0.1074113674 0.06083873371 0.0403407009 0.02683193798 0.0323213523 nan nan
217 215999 177 177 0 -0.2553234398 0.00888877106 -0.2567543733 -0.227789146 0.02896522726 -0.2569216698 -0.213835576 0.04308609385 2.379481646 0.02549652753 0.03945009757 nan nan
218 200025 634 634 0 -0.2471985908 0.001118998008 -0.248507954 -0.2447297478 0.003778206233 -0.2488294586 -0.2433469625 0.005482496088 0.8658901804 0.002909122507 0.004291907818 nan nan
219 212975 194 194 0 -0.2557765591 0.001259800317 -0.2566740835 -0.2526534984 0.004020585094 -0.2568907276 -0.2508055879 0.00608513971 1.332655577 0.002228274124 0.004076184593 nan nan
220 199435 1347 1347 0 -0.1806677608 0.01125616816 -0.1959256079 -0.1613390399 0.03458656794 -0.1977779683 -0.1525163557 0.04526161254 0.2723028883 0.01973939067 0.02856207488 nan nan
221 210407 105 105 0 -0.2501161139 0.0008118098544 -0.2507110104 -0.2481476209 0.002563389422 -0.2507823362 -0.2473135431 0.00346879306 1.249527208 0.00190655915 0.00274063696 nan nan
222 211697 262 262 0 -0.1675648412 0.008306228733 -0.1797185129 -0.1527027559 0.02701575701 -0.1874263487 -0.143470393 0.04395595564 0.271043733 0.01611090636 0.02354471309 nan nan
223 213762 96 96 0 -0.2557445148 0.001446264034 -0.256555097 -0.251695345 0.00485975199 -0.2566631714 -0.2508006199 0.00586255157 1.566105228 0.003254765509 0.004149490666 nan nan
224 216403 906 906 0 -0.1984759646 0.007622345866 -0.2096277093 -0.1839224898 0.02570521952 -0.2127780639 -0.175101763 0.03767630091 0.4275750243 0.01446296826 0.02327588757 nan nan
225 217741 444 444 0 -0.1860585719 0.01294847547 -0.2051496778 -0.1641034837 0.0410461941 -0.2073677007 -0.1567641275 0.05060357317 0.1715497592 0.02181220676 0.02915156296 nan nan
226 213015 149 149 0 -0.1808995391 0.007398453732 -0.1916816549 -0.1686630328 0.02301862202 -0.1936589756 -0.1666886573 0.02697031839 0.1120250503 0.01271909987 0.01469347547 nan nan
227 217754 418 418 0 -0.1927506697 0.01178573983 -0.2141355733 -0.1762933084 0.03784226489 -0.2160045204 -0.1706596469 0.04534487346 -0.292032802 0.0200537809 0.02430264735 nan nan
228 215359 911 911 0 -0.2145220822 0.006407089446 -0.2227561239 -0.2030904679 0.01966565599 -0.2240511977 -0.1958628283 0.02818836942 0.3635856367 0.01154379655 0.01877143616 nan nan
229 218639 215 215 0 -0.2403154693 0.002841558352 -0.2439154596 -0.2354983511 0.008417108525 -0.2447445974 -0.234142363 0.01060223439 0.1753724448 0.004522802811 0.005731822735 nan nan
230 222316 89 89 0 -0.2094447083 0.01274463521 -0.2242958892 -0.1843202355 0.03997565368 -0.2258334189 -0.1794978718 0.04633554709 0.5005995046 0.02512447287 0.02994683651 nan nan
231 220314 258 258 0 -0.2149624228 0.005923344941 -0.2207815366 -0.2031905176 0.017591019 -0.2216390569 -0.2021678764 0.01947118041 0.376042888 0.01022943016 0.01125207131 nan nan
232 221556 378 378 0 -0.2256940739 0.009593419431 -0.2392880522 -0.2096819295 0.02960612274 -0.2407706386 -0.2075739619 0.03319667676 0.1172651708 0.01624950167 0.0183574693 nan nan
233 222949 55 55 0 -0.2399319648 0.006234589818 -0.2473170863 -0.2287463456 0.01857074075 -0.2480053478 -0.2274683587 0.02053698912 0.292388543 0.01078394039 0.01206192723 nan nan

K=234, phase=backward, parameter=e [-]
cluster representative_source n_cluster n_valid n_missing median std p05 p95 width90 minimum maximum range skewness error95 error_max angle_origin_deg angle_resultant
0 85169 232 232 0 0.3382478023 0.02826663959 0.2924484486 0.3742434203 0.08179497174 0.2360715447 0.3806617202 0.1445901755 -0.5614955602 0.05682568097 0.1132025848 nan nan
1 83961 230 230 0 0.3358073025 0.03035639726 0.2892731857 0.382125782 0.0928525963 0.2738898852 0.3884704594 0.1145805742 -0.04248638058 0.06296476538 0.0783480659 nan nan
2 24775 53 53 0 0.2970404703 0.02624235991 0.2712394457 0.3518231604 0.08058371467 0.2700155835 0.358471297 0.08845571344 0.6131619383 0.04460882234 0.0458326845 nan nan
3 30334 107 107 0 0.2541315508 0.03441951477 0.2361527351 0.3395973757 0.1034446406 0.2288859488 0.4170346165 0.1881486677 2.530931025 0.08278544763 0.1602226885 nan nan
4 65627 243 243 0 0.2951881352 0.03171981475 0.2370432948 0.3524622149 0.1154189201 0.2187022509 0.4085963503 0.1898940994 0.2480624209 0.0770230542 0.0974230814 nan nan
5 32672 154 154 0 0.3342985663 0.03327053676 0.2799848251 0.3851779556 0.1051931305 0.2759678569 0.3954239435 0.1194560866 0.001287916925 0.06023346304 0.06425043126 nan nan
6 62747 194 194 0 0.3198733619 0.01760341171 0.2893594359 0.3377050208 0.04834558495 0.2301578066 0.341842394 0.1116845874 -1.399681097 0.031138234 0.07781961679 nan nan
7 23789 730 730 0 0.1908748255 0.01875981439 0.1723633595 0.2273456341 0.05498227464 0.1711268948 0.2563636563 0.08523676148 0.653822662 0.03144018081 0.06045820298 nan nan
8 41757 56 56 0 0.2361158719 0.01494181981 0.2108673741 0.2570668144 0.04619944028 0.205884798 0.2585244724 0.05263967439 -0.1648482828 0.02511877122 0.02644563516 nan nan
9 29488 139 139 0 0.3385653155 0.03452038109 0.2741192319 0.3799710907 0.1058518588 0.2708518085 0.3867290038 0.1158771953 -0.3132035094 0.06391955788 0.06718698135 nan nan
10 40144 62 62 0 0.231540535 0.01418200051 0.2116294409 0.2550092184 0.04337977744 0.2075154217 0.257373865 0.04985844329 0.1585065749 0.02768456949 0.03004921609 nan nan
11 22902 236 236 0 0.1835376077 0.01356121377 0.1704575168 0.2113196622 0.04086214536 0.1683444931 0.2204659612 0.05212146812 0.5893842962 0.02121551322 0.02911839716 nan nan
12 16592 145 145 0 0.1799093057 0.01263861884 0.1689521417 0.2067430348 0.03779089309 0.168591401 0.2138109154 0.04521951435 0.6497671206 0.02728738832 0.03435526894 nan nan
13 35004 102 102 0 0.4090186235 0.01880931063 0.3854608874 0.4449931042 0.05953221682 0.3770014114 0.4549990498 0.07799763834 0.41294276 0.03464251154 0.04328411869 nan nan
14 33596 557 557 0 0.3470078047 0.04541822156 0.2719848524 0.4094337372 0.1374488847 0.2405535293 0.4210795933 0.180526064 -0.2150611802 0.08709580083 0.1185271239 nan nan
15 19609 87 87 0 0.1843176714 0.01413560604 0.1694678992 0.2114121007 0.04194420151 0.1691570339 0.2235505337 0.05439349977 0.5343478417 0.02709442928 0.03923286224 nan nan
16 20264 58 58 0 0.1807742249 0.01181833586 0.1696168337 0.2044808113 0.03486397764 0.1694347377 0.2080188144 0.03858407666 0.5985936504 0.01857111803 0.0221091211 nan nan
17 11041 433 433 0 0.1942422868 0.010124664 0.1875538266 0.2181170908 0.03056326422 0.1711891509 0.2208437953 0.0496546444 0.7264389181 0.02222600729 0.02515047869 nan nan
18 40776 317 317 0 0.4528256313 0.02201354276 0.4177616564 0.4858754929 0.06811383645 0.398778248 0.4888892717 0.09011102368 -0.1282692384 0.03692164242 0.05159510701 nan nan
19 7288 1665 1665 0 0.4178813552 0.03994473444 0.3560389483 0.4825345924 0.126495644 0.3377461022 0.4883512624 0.1506051603 0.01858659996 0.06819335368 0.08648619986 nan nan
20 6462 649 649 0 0.3767014452 0.03228114211 0.3335815678 0.4323704822 0.09878891436 0.2814658972 0.4486722445 0.1672063473 0.05025695295 0.06182111536 0.09218690139 nan nan
21 51090 73 73 0 0.4965955191 0.004264342488 0.4895521956 0.5021874086 0.012635213 0.4890601892 0.5034610518 0.01440086261 -0.1115513722 0.008640005925 0.009132012327 nan nan
22 8503 3741 3741 0 0.3435484388 0.0310213675 0.3038909508 0.4050160802 0.1011251293 0.2759808255 0.4189085526 0.1429277271 0.3719499179 0.06762873202 0.08152120448 nan nan
23 54158 64 64 0 0.4968809265 0.003839471039 0.4906029706 0.5020652339 0.0114622633 0.4892529377 0.5032275587 0.01397462099 -0.1584946791 0.01108982946 0.0124398624 nan nan
24 73762 62 62 0 0.5113679949 0.0138406414 0.5041182615 0.5453821386 0.04126387714 0.5024870994 0.5719985499 0.06951145055 3.338670999 0.03081699793 0.05703226777 nan nan
25 23245 3717 3717 0 0.3346507289 0.0331071464 0.2876038688 0.3905699801 0.1029661113 0.276432379 0.3982607268 0.1218283477 0.1237245311 0.05882134633 0.06999283608 nan nan
26 15530 594 594 0 0.4631777528 0.01618403752 0.4351037496 0.4862095654 0.05110581576 0.4285371558 0.4884696332 0.05993247741 -0.1759763596 0.02693852158 0.03240691952 nan nan
27 19633 224 224 0 0.2145279029 0.01115936164 0.1949202497 0.2296296316 0.03470938198 0.1907567952 0.231974539 0.04121774379 -0.199930973 0.0187771873 0.02242136082 nan nan
28 20669 2122 2122 0 0.4497265897 0.02135089235 0.4196773792 0.4853218004 0.06564442123 0.3984155248 0.4962043162 0.09778879144 0.08198450361 0.03722976004 0.0510006822 nan nan
29 15491 1117 1117 0 0.3866166274 0.01838336363 0.3564762296 0.4145914027 0.05811517316 0.3479477507 0.4183027183 0.07035496761 -0.08971340291 0.03149656987 0.04002504876 nan nan
30 26123 374 374 0 0.3207408253 0.03178159511 0.2787888542 0.3783654099 0.09957655568 0.2742212581 0.4106147697 0.1363935116 0.4430358451 0.05896365843 0.07489843467 nan nan
31 72592 55 55 0 0.5070725708 0.01628786052 0.5036956759 0.559143396 0.05544772009 0.5026080263 0.5702470566 0.06763903037 2.753098053 0.05099467845 0.0620983391 nan nan
32 27918 89 89 0 0.3446960133 0.04258724568 0.2767470461 0.4069335818 0.1301865358 0.2747103972 0.4149245157 0.1402141184 -0.0561546579 0.06865078359 0.07022850234 nan nan
33 27233 134 134 0 0.3255517192 0.02803114186 0.2743464045 0.3633849911 0.08903858655 0.2712327918 0.3692949884 0.09806219655 -0.2491158482 0.05346448236 0.0565780951 nan nan
34 18133 158 158 0 0.231758261 0.002880675241 0.2281677506 0.237496657 0.009328906386 0.2269701229 0.2414574582 0.01448733529 1.029457573 0.005481003637 0.009441804797 nan nan
35 20500 54 54 0 0.2076085585 0.00684897139 0.1981660196 0.2168974044 0.01873138471 0.1957081476 0.2268204972 0.03111234961 0.4565149281 0.01348157314 0.01732906384 nan nan
36 23823 203 203 0 0.2361206436 0.003236184243 0.2314025819 0.2403380374 0.008935455473 0.2300429725 0.2497363466 0.01969337411 1.109207345 0.005778940074 0.01297941434 nan nan
37 31986 60 60 0 0.3142524313 0.03537913047 0.2681454996 0.3705335327 0.102388033 0.2667267157 0.3759049427 0.109178227 0.1212447663 0.06613174556 0.0675505295 nan nan
38 31558 150 150 0 0.379444829 0.04490584478 0.279448225 0.4123637343 0.1329155093 0.2758219191 0.4161593051 0.140337386 -0.7373131803 0.0920580141 0.09568432003 nan nan
39 42087 7240 7240 0 0.3287809012 0.04536412791 0.2617757108 0.3969668133 0.1351911025 0.2365649529 0.4120741818 0.1755092289 -0.003850896058 0.09055465397 0.1157654119 nan nan
40 64725 2768 2768 0 0.5305217146 0.01344137835 0.5046104099 0.5456659012 0.04105549123 0.4886183531 0.5488352672 0.06021691408 -0.462234473 0.03958145935 0.05557351619 nan nan
41 28142 51 51 0 0.3459197159 0.04038106967 0.2840261459 0.4069409904 0.1229148445 0.280379309 0.4198623626 0.1394830537 -0.001682150929 0.06419656102 0.07594091576 nan nan
42 31322 199 199 0 0.3467455539 0.03854308327 0.2844986844 0.4062554853 0.1217568009 0.2774225877 0.4149839451 0.1375613574 -0.03714212363 0.07369763766 0.08077373436 nan nan
43 22231 190 190 0 0.4939984365 0.003429117964 0.4890477337 0.499780195 0.01073246125 0.488446606 0.500507732 0.01206112605 0.1220285019 0.006203003272 0.006804131032 nan nan
44 29031 129 129 0 0.3307641436 0.02958393702 0.2798263801 0.3720901433 0.09226376314 0.2766103821 0.381366331 0.104755949 -0.1330375592 0.05155936979 0.05477536786 nan nan
45 46651 3125 3125 0 0.3088406673 0.03173415742 0.2537267607 0.3545144867 0.100787726 0.2440036392 0.3611127376 0.1171090984 -0.1546529102 0.07551071027 0.08523383173 nan nan
46 43447 765 765 0 0.2998893563 0.03393879368 0.2536346081 0.3553828601 0.101748252 0.2432905367 0.3600178546 0.1167273178 0.06144645057 0.07518573984 0.08552981117 nan nan
47 40685 599 599 0 0.3109998602 0.02979589351 0.2600182676 0.3527089772 0.09269070957 0.2536125957 0.357425067 0.1038124712 -0.1538600088 0.06519856547 0.07160423735 nan nan
48 29871 91 91 0 0.2460005749 0.00860390919 0.2385383581 0.2735255378 0.0349871797 0.2351622996 0.2770403287 0.04187802908 2.456539203 0.02633786488 0.02985265582 nan nan
49 28066 53 53 0 0.2458578565 0.01161720073 0.2383342781 0.2787959365 0.04046165844 0.2359818865 0.2808802038 0.04489831728 1.929264984 0.03185287341 0.03393714068 nan nan
50 30539 226 226 0 0.2301110084 0.007936107808 0.2149564712 0.2402044444 0.02524797317 0.2098502277 0.2535933361 0.04374310832 -0.1961510364 0.01631119813 0.02333196071 nan nan
51 22053 163 163 0 0.2279085309 0.005107415549 0.2214322331 0.2346528821 0.01322064895 0.2187718624 0.2497682056 0.03099634328 1.783868573 0.008080721113 0.02232419175 nan nan
52 28876 1820 1820 0 0.4368110224 0.02631415278 0.4016025697 0.4835096215 0.08190705178 0.397474709 0.4888060065 0.09133129757 0.2048333039 0.04849831787 0.0537947029 nan nan
53 31921 185 185 0 0.252548634 0.003569670084 0.2446325971 0.256661778 0.01202918089 0.2409685974 0.2577016493 0.01673305189 -0.9494126125 0.008331880298 0.01199588 nan nan
54 72626 1104 1104 0 0.5479017316 0.01055190473 0.5192663766 0.5545481913 0.03528181475 0.5041951745 0.5563450703 0.05214989581 -1.830101739 0.03155909539 0.04663029745 nan nan
55 31181 387 387 0 0.4957271558 0.003773634485 0.4894875773 0.5010140695 0.01152649219 0.4886581369 0.5037014209 0.015043284 -0.02987939371 0.008264934357 0.009094374798 nan nan
56 29750 172 172 0 0.3847159236 0.01804381906 0.3489602894 0.4067911669 0.05783087753 0.3249214057 0.4093961631 0.08447475745 -0.7367741678 0.0379839617 0.06202284542 nan nan
57 27602 50 50 0 0.2294381669 0.006132334332 0.2204671717 0.2379496333 0.01748246162 0.2190381305 0.2485684402 0.02953030967 0.4216306001 0.009349291421 0.01941115781 nan nan
58 54409 2019 2019 0 0.5257395356 0.01029520988 0.5045586807 0.5370505457 0.03249186495 0.500899332 0.53971891 0.03881957801 -0.4749103335 0.0285524932 0.03221184187 nan nan
59 33278 72 72 0 0.2444901009 0.003000706454 0.2392722183 0.248675139 0.009402920702 0.2372854716 0.2495778728 0.01229240119 -0.2742724766 0.005804559746 0.007791306442 nan nan
60 34339 307 307 0 0.4503672429 0.02326884233 0.4141264308 0.4857408016 0.07161437081 0.4097295579 0.4885902368 0.07886067892 -0.02233499637 0.03999764893 0.04284708413 nan nan
61 36155 156 156 0 0.4240759041 0.03091324617 0.3813137106 0.478154311 0.09684060044 0.3737583104 0.4829304413 0.1091721308 0.1544998303 0.05875622243 0.06353235264 nan nan
62 37409 329 329 0 0.2597102646 0.005916012151 0.2491393687 0.2692112493 0.02007188056 0.2448781998 0.2728398548 0.02796165497 -0.1846476851 0.01158973819 0.01441327971 nan nan
63 37864 203 203 0 0.2525163589 0.009793790381 0.239383522 0.2701524964 0.03076897443 0.2355604488 0.2742080198 0.03864757102 0.2281261051 0.01855789129 0.02261341468 nan nan
64 41990 90 90 0 0.2349941109 0.01205285407 0.216947074 0.2541004335 0.03715335949 0.2145468137 0.2561878164 0.04164100274 0.01334628981 0.01959219845 0.02083280076 nan nan
65 38246 250 250 0 0.4559284438 0.02088835209 0.4222501158 0.4854474047 0.06319728889 0.3977040448 0.4887657189 0.09106167406 -0.1976347334 0.0352191649 0.05516081955 nan nan
66 43376 227 227 0 0.2405636736 0.009747226039 0.2247989358 0.2555241663 0.03072523054 0.2209668765 0.2577333385 0.03676646199 -0.05376384274 0.0195337678 0.02336582704 nan nan
67 40092 173 173 0 0.4634288832 0.02207506788 0.4196560641 0.4873586706 0.06770260647 0.3929832826 0.4889179694 0.09593468683 -0.5124097349 0.03972566887 0.06639845037 nan nan
68 45402 372 372 0 0.4959164137 0.003926704145 0.4895928842 0.501634252 0.0120413678 0.4886885333 0.5035549831 0.01486644978 -0.02938940786 0.009118149917 0.01002250075 nan nan
69 107717 185 185 0 0.4724028787 0.01430506319 0.4428235738 0.4878818866 0.04505831274 0.4333141655 0.4892135299 0.05589936447 -0.596854851 0.0316362667 0.04114567504 nan nan
70 39842 124 124 0 0.4372611264 0.02565111176 0.4011325477 0.480244267 0.07911171933 0.3968516536 0.4841010107 0.08724935703 0.1257340567 0.05058379814 0.05444054179 nan nan
71 49473 3919 3919 0 0.4544934146 0.02455457849 0.411484451 0.4865238239 0.07503937298 0.3869821423 0.4891161724 0.1021340301 -0.2750006554 0.03946452858 0.06185842526 nan nan
72 65069 1436 1436 0 0.5187414949 0.007096460118 0.5044026605 0.5272605255 0.02285786501 0.501580768 0.5294884982 0.02790773015 -0.4192476517 0.01617662061 0.01899851305 nan nan
73 61738 2258 2258 0 0.359634847 0.02760947432 0.2967460417 0.3781347238 0.08138868204 0.2853588682 0.3856748798 0.1003160116 -0.6236374547 0.05623237338 0.06761954694 nan nan
74 107740 92 92 0 0.4970060891 0.004169303485 0.490049074 0.5031056719 0.0130565979 0.4891838872 0.5036407297 0.01445684252 -0.09838707857 0.007610564816 0.008475751589 nan nan
75 47001 70 70 0 0.4970792314 0.003989553597 0.4897594974 0.502100246 0.01234074859 0.4887721887 0.5033967836 0.01462459486 -0.2740748597 0.006905320423 0.007748244422 nan nan
76 51135 146 146 0 0.2716663606 0.008131119919 0.2590000772 0.2839571276 0.02495705047 0.2573975056 0.2864004311 0.0290029255 -0.01574602387 0.01503303238 0.01747633579 nan nan
77 76905 98 98 0 0.5102171288 0.008075876195 0.503698553 0.5128616149 0.009163061879 0.5023005923 0.572638391 0.07033779877 5.767836259 0.009217245646 0.06015181139 nan nan
78 58115 1951 1951 0 0.4137923805 0.0102630737 0.3999394636 0.4346897631 0.03475029955 0.3942075295 0.4422552737 0.04804774415 0.4625874417 0.02008755766 0.02756540429 nan nan
79 53280 83 83 0 0.2721912301 0.009527128125 0.2577666613 0.2871125916 0.02934593025 0.2558045319 0.2887982437 0.03299371178 0.02005641817 0.01686496723 0.01855061935 nan nan
80 58189 196 196 0 0.513891391 0.00448478245 0.5044172894 0.5179435955 0.01352630608 0.5021169931 0.5183802202 0.0162632271 -0.6122266909 0.008524423769 0.01082472009 nan nan
81 54901 84 84 0 0.4971753488 0.004068081702 0.4899693292 0.5025357242 0.01256639504 0.4889319192 0.5034345694 0.01450265026 -0.2630606797 0.009258012851 0.01029542288 nan nan
82 52575 120 120 0 0.8095684523 0.06672697137 0.6723152745 0.8777554463 0.2054401718 0.6485084413 0.8923465739 0.2438381326 -0.5646121022 0.1193688456 0.1431756789 nan nan
83 61551 74 74 0 0.8705380637 0.0500386902 0.7411731418 0.8948672003 0.1536940584 0.6659131168 0.8953605839 0.2294474672 -1.825239483 0.1063896357 0.1816496607 nan nan
84 68805 401 401 0 0.8678777484 0.05444915943 0.7219200371 0.8911097286 0.1691896915 0.6331268806 0.893936355 0.2608094744 -1.7110754 0.1392557668 0.2280489233 nan nan
85 57546 58 58 0 0.4961401754 0.004132439667 0.4895715184 0.5018904028 0.01231888435 0.4888996391 0.5024935995 0.01359396044 -0.1384171783 0.009586098299 0.01025797762 nan nan
86 70955 1361 1361 0 0.3918065231 0.008585078296 0.3801134445 0.4085263258 0.02841288125 0.3774251735 0.4216217542 0.04419658068 0.6003339506 0.01679612741 0.02989155581 nan nan
87 61172 155 155 0 0.5109782025 0.003264800803 0.5039506199 0.5139101714 0.009959551488 0.5024241316 0.5143965332 0.01197240162 -0.6468942266 0.006069236532 0.007595724816 nan nan
88 65016 2308 2308 0 0.4465888234 0.0205695679 0.423789965 0.4849133874 0.06112342244 0.4153844061 0.4890097732 0.07362536702 0.2658451795 0.03327507482 0.03703788742 nan nan
89 67628 834 834 0 0.4937719602 0.003764798025 0.4894278192 0.5018810944 0.01245327521 0.4889435716 0.5032629303 0.01431935873 0.5740883984 0.007030770476 0.008412606354 nan nan
90 60926 5598 5598 0 0.740729399 0.06294500304 0.5910242399 0.7884770627 0.1974528228 0.5497079352 0.808890904 0.2591829688 -0.8815635486 0.1402526078 0.1815689125 nan nan
91 76764 72 72 0 0.3401567603 0.01941035906 0.2953612663 0.355812842 0.06045157562 0.292497074 0.3576622542 0.06516518021 -0.6872228265 0.05268827697 0.05555246928 nan nan
92 67639 110 110 0 0.5084659624 0.002291816803 0.5036440014 0.5106513413 0.007007339906 0.5025565204 0.5107605156 0.008203995286 -0.6300787733 0.005373509256 0.006460990309 nan nan
93 136323 17136 17136 0 0.781316937 0.06429970326 0.6416279473 0.8438486403 0.202220693 0.6108169777 0.8598376402 0.2490206625 -0.5729467998 0.1296977728 0.1605087424 nan nan
94 90021 86 86 0 0.3461180347 0.03161813323 0.2943493341 0.3961816894 0.1018323553 0.2901170513 0.4024549491 0.1123378978 -0.04181462054 0.06537613614 0.06960841893 nan nan
95 133163 579 579 0 0.6402880054 0.06261017316 0.5267883062 0.7219115209 0.1951232147 0.5082890493 0.7239075555 0.2156185062 -0.2601976165 0.110438902 0.1289381589 nan nan
96 86786 53 53 0 0.3407223639 0.02507594702 0.2991247774 0.370783799 0.07165902158 0.2909406603 0.3737052929 0.08276463261 -0.2418779945 0.0525186721 0.0607027892 nan nan
97 75322 202 202 0 0.5049882343 0.001315635296 0.5031644976 0.5074035521 0.004239054482 0.5026964732 0.5078050618 0.005108588587 0.2854187203 0.003181000093 0.003649024464 nan nan
98 82346 95 95 0 0.3397495795 0.02341024836 0.2981495534 0.3689994419 0.07084988843 0.2942455082 0.377638359 0.08339285072 -0.2280966132 0.04617322898 0.05007727418 nan nan
99 119562 80 80 0 0.6574328877 0.04525161249 0.5800815967 0.7185001665 0.1384185698 0.5412521032 0.7203017546 0.1790496514 -0.3974331685 0.1026014267 0.1414309202 nan nan
100 87684 2981 2981 0 0.4576815351 0.01364355259 0.4336544685 0.4785013111 0.04484684257 0.4141268088 0.4889389529 0.07481214402 -0.2574917546 0.02580078366 0.04131612326 nan nan
101 72016 907 907 0 0.6381078639 0.04879116205 0.5589420178 0.7098788794 0.1509368615 0.5344293756 0.7226760965 0.1882467209 -0.09232320918 0.08110104379 0.09936858537 nan nan
102 86918 382 382 0 0.4982200113 0.003519111252 0.4906054389 0.5022147814 0.01160934244 0.4892310772 0.5030785973 0.01384752004 -0.6285665142 0.008532703149 0.009907064863 nan nan
103 78981 1187 1187 0 0.7639655584 0.01894311284 0.7183262158 0.7755017176 0.0571755018 0.7000470902 0.7782846341 0.07823754392 -0.8736986158 0.04396534245 0.06224446806 nan nan
104 68925 542 542 0 0.6774382749 0.03581508807 0.6139581989 0.7282062387 0.1142480398 0.5971252358 0.742357222 0.1452319861 -0.1836209327 0.06236070735 0.07625135744 nan nan
105 70032 142 142 0 0.7097711205 0.03108627734 0.6565753082 0.7468642102 0.09028890202 0.6407317948 0.7509988956 0.1102671008 -0.322841063 0.05257667256 0.06842018593 nan nan
106 77806 336 336 0 0.7326527651 0.02845186935 0.6596137223 0.7497163006 0.09010257839 0.6144831659 0.7533538306 0.1388706647 -1.851826697 0.07742730282 0.1225578592 nan nan
107 107834 478 478 0 0.7286646669 0.04116719615 0.6247310873 0.747823276 0.1230921888 0.549505056 0.7493412417 0.1998361856 -1.398268374 0.1172562007 0.1924822319 nan nan
108 138156 340 340 0 0.6609077212 0.03923060956 0.6049169688 0.7220312932 0.1171143245 0.5552031745 0.7365600596 0.181356885 -0.1423059082 0.068464006 0.1064582773 nan nan
109 84739 139 139 0 0.5981517907 0.03756548173 0.5307899904 0.6513793625 0.1205893721 0.5155955902 0.6645194152 0.148923825 -0.22361659 0.06717346669 0.07563523594 nan nan
110 131982 357 357 0 0.663431557 0.06094159472 0.5325912517 0.7257793415 0.1931880898 0.5133173077 0.7316840118 0.2183667041 -0.5852945556 0.1163680345 0.1356419785 nan nan
111 127281 82 82 0 0.7006997208 0.04829996244 0.5977614019 0.7449962498 0.1472348479 0.57774631 0.7455576376 0.1678113275 -0.630005452 0.09902341619 0.1190385081 nan nan
112 74330 486 486 0 0.6474408322 0.04766239252 0.5573353076 0.7098463568 0.1525110492 0.5378545054 0.7211359231 0.1832814177 -0.3186093347 0.09256361391 0.1120444161 nan nan
113 104488 1278 1278 0 0.7263774958 0.01466818284 0.692984101 0.7388901032 0.0459060022 0.6505635522 0.7419902712 0.09142671905 -1.291213102 0.03841123175 0.08083178058 nan nan
114 118398 2392 2392 0 0.7457773323 0.01859411479 0.7060102284 0.7635933912 0.05758316279 0.6993511513 0.7665712316 0.06722008027 -0.5702087902 0.04039562389 0.04705470095 nan nan
115 113342 265 265 0 0.7060968079 0.02331453406 0.6603932823 0.7285623151 0.06816903271 0.625914591 0.7295186442 0.1036040532 -0.584133981 0.05127457202 0.0857532634 nan nan
116 122399 112 112 0 0.679028072 0.04535880414 0.5924554365 0.7269799936 0.1345245571 0.5716855341 0.7419365959 0.1702510618 -0.3785805798 0.09330368584 0.1140735882 nan nan
117 125857 141 141 0 0.6847111107 0.05288220185 0.5669114225 0.7224793897 0.1555679672 0.5494446083 0.7252453436 0.1758007353 -0.6725288269 0.09704375708 0.1145105713 nan nan
118 122402 184 184 0 0.6643993872 0.04919186138 0.580090384 0.724271408 0.144181024 0.570297069 0.7784640281 0.2081669591 -0.1597616511 0.1012818602 0.1110751753 nan nan
119 141158 246 246 0 0.6070997553 0.0687846758 0.5153934939 0.7210464545 0.2056529606 0.5041441461 0.7554491541 0.251305008 0.1638884845 0.1143414423 0.1487441419 nan nan
120 74706 84 84 0 0.6623068176 0.05759697811 0.5460595866 0.7189092124 0.1728496257 0.5285301802 0.7219242143 0.1933940341 -0.4984344146 0.1212491848 0.1387785912 nan nan
121 78627 66 66 0 0.6981247542 0.03083197762 0.6295834729 0.7186469657 0.08906349285 0.5986753368 0.7191868528 0.1205115159 -0.9371191963 0.07326217342 0.1041703095 nan nan
122 124420 576 576 0 0.6708964116 0.05579721933 0.5495950308 0.7167134993 0.1671184685 0.5314499072 0.7183625567 0.1869126495 -0.6552642012 0.1115620907 0.1297072143 nan nan
123 120702 327 327 0 0.673871793 0.03999776499 0.5950366365 0.7147986132 0.1197619767 0.5718683232 0.7158933088 0.1440249856 -0.4791447338 0.07713885292 0.1003071663 nan nan
124 87559 124 124 0 0.5982964953 0.05119646361 0.5142029325 0.6870384148 0.1728354823 0.5019330137 0.704838126 0.2029051123 0.2248768722 0.09403440728 0.1118341185 nan nan
125 121586 9769 9769 0 0.6386813114 0.05069634334 0.5415717683 0.7014460536 0.1598742853 0.5182350138 0.7145288093 0.1962937954 -0.3823684332 0.08797444973 0.1113112042 nan nan
126 120587 1112 1112 0 0.491705651 0.05020658749 0.4251782155 0.5885568212 0.1633786058 0.4158999336 0.6201895839 0.2042896504 0.367487285 0.1030898533 0.134722616 nan nan
127 107934 3031 3031 0 0.6186858738 0.03953635732 0.5271789401 0.6539493397 0.1267703996 0.497595728 0.661814963 0.164219235 -0.7856277145 0.08236422079 0.1119474329 nan nan
128 121146 127 127 0 0.5064295489 0.04939342983 0.4365764067 0.5711561501 0.1345797434 0.4279320906 0.6477421206 0.2198100301 0.4018130957 0.0773439761 0.1539299467 nan nan
129 115982 2728 2728 0 0.5983313405 0.05063634219 0.5173455874 0.6678372117 0.1504916243 0.5021187201 0.6747545728 0.1726358527 -0.1099320107 0.07909818618 0.09432505345 nan nan
130 158319 109 109 0 0.5080593066 0.08447742147 0.4744418824 0.7133877975 0.2389459151 0.4739962458 0.7197426857 0.2457464399 0.7975072371 0.1750125847 0.1813674729 nan nan
131 127892 138 138 0 0.645829957 0.06365922446 0.5451227788 0.7323736227 0.1872508439 0.5334261729 0.8167420041 0.2833158312 0.14697146 0.1091539377 0.1657336219 nan nan
132 124671 570 570 0 0.7182644395 0.03292679152 0.658475361 0.7523281917 0.09385283069 0.6468772029 0.7541364709 0.1072592679 -0.3187419411 0.05723430127 0.06883245932 nan nan
133 146384 322 322 0 0.8592993814 0.03129062133 0.8036167263 0.8925075683 0.08889084195 0.7623160728 0.893530945 0.1312148722 -0.312643348 0.05755986727 0.09886052074 nan nan
134 95195 1932 1932 0 0.5981317605 0.01697842081 0.5643059154 0.6229664743 0.05866055888 0.5451891117 0.6293826821 0.08419357034 -0.5261419378 0.04353988268 0.06265668641 nan nan
135 106920 590 590 0 0.5211922008 0.02296279175 0.4823040822 0.5545946932 0.072290611 0.4735056981 0.5641680825 0.09066238434 -0.1156617416 0.03919164443 0.04600226757 nan nan
136 108772 416 416 0 0.4533958788 0.03040967381 0.3903378405 0.4863931575 0.09605531702 0.3734975172 0.4891831368 0.1156856196 -0.549230676 0.05282185947 0.06966218268 nan nan
137 99266 294 294 0 0.4171909708 0.01382193801 0.3934921013 0.4377824436 0.04429034227 0.3833201215 0.4468938474 0.06357372584 -0.1241983202 0.02577905117 0.03190941638 nan nan
138 107029 73 73 0 0.5197632164 0.01027779487 0.5060186902 0.537616058 0.03159736779 0.5045809625 0.5423682232 0.0377872607 0.2669054114 0.01811698194 0.01920236138 nan nan
139 109837 586 586 0 0.4505386627 0.03030034377 0.3898083648 0.4860413611 0.0962329963 0.3747940674 0.4892541955 0.1144601282 -0.4618243587 0.05040753575 0.06365740115 nan nan
140 103920 150 150 0 0.4246854263 0.02434034691 0.3896269375 0.4719715315 0.08234459394 0.383049444 0.4860573583 0.1030079143 0.37568373 0.05304741062 0.06713323743 nan nan
141 169244 55 55 0 0.5054429124 0.03693505651 0.4819576614 0.5924118932 0.1104542318 0.4817209678 0.6123327079 0.1306117401 0.942132996 0.07415725865 0.0940780734 nan nan
142 106530 197 197 0 0.534937397 0.0124554828 0.513749002 0.5560203666 0.04227136453 0.5044722699 0.5652370919 0.06076482197 -0.01521861153 0.0246488287 0.03216380548 nan nan
143 107327 78 78 0 0.4537912704 0.02844334282 0.3980517499 0.4864079165 0.08835616665 0.3908256334 0.4890300711 0.0982044377 -0.4259490892 0.0531740817 0.06040019819 nan nan
144 167802 745 745 0 0.5544643588 0.03439799405 0.5042396103 0.6096608908 0.1054212805 0.480123692 0.6255059897 0.1453822978 0.10684662 0.05899260335 0.07427431621 nan nan
145 173458 98 98 0 0.4975786855 0.03010337661 0.4684877981 0.5573159163 0.08882811824 0.4295498262 0.5727907345 0.1432409083 0.2470003858 0.06424124352 0.07219567027 nan nan
146 123438 209 209 0 0.4781700449 0.04103837127 0.41263182 0.5382217904 0.1255899703 0.3988969847 0.5521863226 0.153289338 -0.0593739871 0.06938577118 0.08210239866 nan nan
147 176484 108 108 0 0.5027510854 0.02798665152 0.4604755073 0.5482010156 0.0877255083 0.4217229841 0.5726336059 0.1509106218 -0.09699508246 0.05453845915 0.07677655561 nan nan
148 146480 671 671 0 0.6342637683 0.03364301935 0.5921118936 0.7047256119 0.1126137183 0.5769651104 0.744126266 0.1671611556 0.6471370389 0.06846539937 0.1078660535 nan nan
149 110855 52 52 0 0.5251031152 0.016422761 0.50343172 0.5536776834 0.05024596332 0.5006715254 0.5585518239 0.05788029843 0.2388190007 0.02757487371 0.02990695852 nan nan
150 203913 141 141 0 0.490779733 0.02330363482 0.4683399798 0.5408985057 0.07255852597 0.4319051754 0.550009876 0.1181047005 0.1785988293 0.0522985835 0.06039014253 nan nan
151 132564 484 484 0 0.6632842528 0.03869211051 0.5860987807 0.7072763816 0.1211776008 0.5758026334 0.7225175698 0.1467149365 -0.4212182309 0.068296852 0.07857268714 nan nan
152 109896 130 130 0 0.4970452595 0.00419081677 0.4902051021 0.5031045065 0.01289940437 0.4893428501 0.5037432805 0.01440043035 -0.1000791562 0.007622818074 0.008485070084 nan nan
153 117706 1239 1239 0 0.5554075948 0.01768432871 0.5252233677 0.5797481241 0.05452475641 0.5209875315 0.5945129882 0.07352545667 -0.09677219431 0.03025226772 0.0407285538 nan nan
154 122287 51 51 0 0.4945314882 0.027804904 0.4541798883 0.5348062781 0.08062638976 0.4442656674 0.5510565045 0.1067908371 0.06481730402 0.0458393342 0.06101119771 nan nan
155 125160 270 270 0 0.4838974038 0.02428949285 0.4391149447 0.5172119562 0.07809701147 0.4328890518 0.5284415106 0.09555245878 -0.1954851624 0.04241809416 0.04817891161 nan nan
156 112612 80 80 0 0.4970310158 0.004273073648 0.4901616798 0.5033366361 0.01317495633 0.4894544793 0.5039025528 0.01444807353 -0.06452235471 0.00735091138 0.008058111878 nan nan
157 141979 2111 2111 0 0.7142393213 0.03627511747 0.6502580168 0.760737624 0.1104796072 0.6368184247 0.7661445542 0.1293261295 -0.2280717255 0.06215507459 0.07559466664 nan nan
158 152539 1899 1899 0 0.4833225367 0.02297873173 0.4478741867 0.5230905314 0.07521634465 0.434559952 0.53589312 0.1013331681 0.08271775927 0.0529023702 0.06570495884 nan nan
159 160687 10375 10375 0 0.4863720879 0.04234108346 0.4449132451 0.5846655468 0.1397523017 0.4367605412 0.6094928773 0.1727323361 0.8250594943 0.09597954105 0.1208068716 nan nan
160 139237 180 180 0 0.4632565332 0.02681859672 0.4280630603 0.5179434099 0.08988034955 0.4230254054 0.5337749855 0.1107495802 0.4442512574 0.07012877525 0.08596035092 nan nan
161 141438 1237 1237 0 0.6284496789 0.03427154128 0.5803878332 0.6923832789 0.1119954457 0.5631287928 0.7193668252 0.1562380324 0.3011557045 0.06399885023 0.09035743032 nan nan
162 141302 53 53 0 0.4601492171 0.02134526021 0.4172152131 0.494003036 0.07678782296 0.4107129962 0.4981390674 0.08742607128 -0.07507356529 0.04284465946 0.04399854644 nan nan
163 143407 647 647 0 0.4370365854 0.03886395116 0.3832474961 0.5127806377 0.1295331417 0.3778026318 0.5538701869 0.1760675552 0.4782783216 0.08262882564 0.1237183748 nan nan
164 136225 1363 1363 0 0.5000026361 0.01848279924 0.4764742075 0.538566458 0.06209225048 0.4731721593 0.5534403888 0.08026822951 0.5728898882 0.03675052203 0.05162445292 nan nan
165 171505 814 814 0 0.4977131097 0.045243473 0.4713495 0.6186985962 0.1473490962 0.4695850382 0.6656593996 0.1960743614 1.438366767 0.1164642494 0.1634250528 nan nan
166 151417 51 51 0 0.4249847093 0.03339340691 0.376346845 0.473758376 0.09741153095 0.3698489646 0.5083795152 0.1385305505 0.2732101864 0.05317348707 0.08779462627 nan nan
167 153567 2544 2544 0 0.6374228431 0.03071857968 0.5984027069 0.6941577727 0.09575506583 0.5861145864 0.7038911111 0.1177765248 0.24628431 0.05292115418 0.06226141058 nan nan
168 145934 130 130 0 0.5688037448 0.02126508165 0.5351555378 0.6031536953 0.06799815746 0.526156893 0.613974339 0.08781744606 0.009770667283 0.0404627985 0.04602731855 nan nan
169 166807 839 839 0 0.4188092688 0.03356545438 0.3671883253 0.4594574156 0.09226909032 0.3592937852 0.5271831742 0.167889389 0.1846622514 0.05313761417 0.1208633727 nan nan
170 174618 3242 3242 0 0.4417486783 0.02161845662 0.426281754 0.496217991 0.06993623699 0.4227900782 0.5174321383 0.09464206011 1.113239878 0.05173397643 0.07294812377 nan nan
171 174565 84 84 0 0.4995404105 0.03482410572 0.4749994027 0.5788270343 0.1038276316 0.4737659152 0.6005090784 0.1267431632 0.855453792 0.07990837121 0.1015904153 nan nan
172 153918 52 52 0 0.5643891501 0.02126756297 0.5384230467 0.6047916976 0.06636865097 0.5364978166 0.6128443456 0.07634652903 0.3548473757 0.0415788772 0.04963152522 nan nan
173 154611 1445 1445 0 0.4561326088 0.01227918338 0.4373640289 0.4745806303 0.0372166014 0.4349733609 0.4869874347 0.05201407379 0.1234914082 0.02296001385 0.03536681828 nan nan
174 187351 67 67 0 0.489477888 0.0272455929 0.4747755516 0.5500366132 0.07526106162 0.4745118769 0.5832673046 0.1087554277 1.111272447 0.07050466103 0.1037353525 nan nan
175 169643 442 442 0 0.4134996242 0.03940040204 0.3643671023 0.4871286025 0.1227615002 0.360240844 0.5743230304 0.2140821863 1.342630818 0.08620197737 0.1733964052 nan nan
176 168958 282 282 0 0.526030236 0.02815332896 0.4850850162 0.5713469927 0.08626197655 0.4841898711 0.5850794565 0.1008895855 0.0659691298 0.04885338244 0.06258584626 nan nan
177 170926 727 727 0 0.5326001296 0.02742199585 0.4921546074 0.5775160639 0.08536145651 0.4904614713 0.5930915644 0.1026300931 0.1126624746 0.05305027634 0.06862577688 nan nan
178 173453 326 326 0 0.5047970623 0.02689833015 0.4809330832 0.5621127759 0.08117969267 0.4759611066 0.5714225708 0.09546146417 0.5772271595 0.05469047021 0.06400026512 nan nan
179 183842 352 352 0 0.3743156068 0.02130400077 0.3580064395 0.4200960644 0.06208962494 0.357007043 0.438733325 0.08172628194 0.734196422 0.04612222542 0.06475948595 nan nan
180 182265 1084 1084 0 0.3674035347 0.01871175017 0.3546318426 0.4122598603 0.05762801765 0.3533386986 0.4357902544 0.08245155575 1.033780998 0.04027965613 0.06381005022 nan nan
181 174823 856 856 0 0.5213373511 0.02578536437 0.4944539747 0.5704222093 0.0759682346 0.492408835 0.5877320816 0.09532324655 0.4483378143 0.0513734004 0.06868327264 nan nan
182 173712 483 483 0 0.5290045273 0.03060555361 0.5017057063 0.594552373 0.09284666671 0.5004384467 0.6047011897 0.104262743 0.5942617888 0.06407897294 0.07422778962 nan nan
183 184891 124 124 0 0.3728466204 0.01670110762 0.3564787055 0.4045386443 0.04805993879 0.3562459717 0.427676771 0.0714307993 0.7642821545 0.03362267602 0.05676080271 nan nan
184 174489 5009 5009 0 0.6003765321 0.03218610889 0.5575144061 0.666680437 0.1091660309 0.5421064163 0.7229337994 0.180827383 0.6374729101 0.06832360982 0.1245769722 nan nan
185 169367 173 173 0 0.3975763775 0.03040370153 0.3649747409 0.4575556249 0.09258088402 0.3595833381 0.5176264594 0.1580431213 0.9759807942 0.0616355695 0.121706404 nan nan
186 186077 253 253 0 0.4791208703 0.01777890967 0.4674280947 0.5238762573 0.05644816264 0.4666877848 0.5470641559 0.08037637115 1.342145029 0.04879327648 0.07198117507 nan nan
187 158732 188 188 0 0.4135791931 0.04332894324 0.3915841338 0.527927248 0.1363431142 0.3867884544 0.5937701879 0.2069817335 2.091142897 0.1120614267 0.1779043665 nan nan
188 170213 56 56 0 0.3923206805 0.045983662 0.3608976568 0.5008063674 0.1399087106 0.3594872152 0.5332563751 0.1737691598 1.152395473 0.1059231358 0.1383731435 nan nan
189 180073 2019 2019 0 0.4311130824 0.01343385913 0.4175872634 0.4585166147 0.04092935126 0.415204411 0.4707264805 0.05552206944 0.5758563835 0.0305633909 0.04277325671 nan nan
190 182088 2067 2067 0 0.5615256909 0.01279520523 0.5430418644 0.5858732165 0.04283135206 0.5399685452 0.5998387328 0.05987018761 0.4243938235 0.02686193539 0.04082745169 nan nan
191 177383 3466 3466 0 0.426276638 0.01325617265 0.4084163029 0.4517431378 0.04332683489 0.404232818 0.4610297338 0.05679691572 0.3718329958 0.03365305636 0.04293965236 nan nan
192 174403 229 229 0 0.3919674742 0.03976251432 0.3617534348 0.4878945473 0.1261411125 0.3596848681 0.5605318669 0.2008469988 1.645785898 0.09890848374 0.1715458033 nan nan
193 178238 102 102 0 0.3776622961 0.01344595389 0.357929936 0.4008999909 0.04297005489 0.3570528254 0.4060009044 0.04894807898 0.1887861655 0.02273782556 0.0261025963 nan nan
194 170665 53 53 0 0.5063643728 0.01189777303 0.4879310474 0.523478179 0.0355471316 0.4858603836 0.5254115853 0.03955120175 -0.002070254487 0.02244590842 0.02437931475 nan nan
195 186177 644 644 0 0.3805866002 0.01289702928 0.3643049906 0.4034831847 0.03917819412 0.3597980089 0.4139995371 0.05420152813 0.2892176988 0.02519331704 0.0357096694 nan nan
196 181587 273 273 0 0.5172557505 0.01668148414 0.5055947848 0.5569328744 0.05133808962 0.5048583916 0.5680114743 0.06315308274 0.8919371113 0.0375486257 0.0486272256 nan nan
197 179171 684 684 0 0.5337340494 0.01539574199 0.5087044058 0.5553546507 0.04665024495 0.5068446237 0.5781617783 0.07131715467 0.04940703238 0.02700830088 0.04981542846 nan nan
198 209870 258 258 0 0.3854588574 0.01642518441 0.357596977 0.4053916892 0.04779471224 0.3566637373 0.4245376536 0.0678739163 -0.1260597383 0.02427270584 0.0431300518 nan nan
199 183992 55 55 0 0.4835351781 0.01272216245 0.4735967113 0.5107520398 0.03715532853 0.4733621728 0.5127092885 0.03934711569 0.6133178082 0.02812593494 0.03008318358 nan nan
200 187670 1992 1992 0 0.4161519613 0.0109287409 0.405631656 0.4411872734 0.03555561734 0.3976691335 0.4519930221 0.05432388857 0.8438803346 0.02744739865 0.03825314736 nan nan
201 183195 183 183 0 0.4947300885 0.01645134764 0.4827991436 0.5347934826 0.05199433898 0.4821491253 0.5515420553 0.06939292993 1.160097381 0.04223268946 0.05898126209 nan nan
202 187458 267 267 0 0.3702794201 0.009874311248 0.3607319556 0.3936947523 0.03296279664 0.3596072515 0.4087004978 0.04909324631 1.29981084 0.01825389152 0.03325963709 nan nan
203 188365 144 144 0 0.4871201087 0.01938445068 0.4731516918 0.5313501293 0.05819843748 0.4726145348 0.542204684 0.06959014922 0.8489373628 0.05445695545 0.06531151015 nan nan
204 191955 61 61 0 0.362518387 0.009202046934 0.3569747293 0.3864695379 0.0294948086 0.3568561781 0.3951039833 0.03824780524 1.416547148 0.02186043136 0.03049487676 nan nan
205 196937 542 542 0 0.7132814742 0.06059772208 0.6171377203 0.7960744666 0.1789367463 0.5919128982 0.8095222712 0.217609373 -0.1213849122 0.09599355352 0.1183302448 nan nan
206 184764 798 798 0 0.4984472703 0.01589313338 0.4867825924 0.5384501494 0.05166755702 0.4849825385 0.558107872 0.07312533341 1.302822127 0.04305633322 0.06271405576 nan nan
207 185292 271 271 0 0.4882408497 0.01400530583 0.4789253169 0.5223401502 0.04341483327 0.4781004739 0.5486185456 0.07051807168 1.576132782 0.03634242253 0.0626208179 nan nan
208 192657 903 903 0 0.3880764759 0.00712988552 0.3811467247 0.4034603515 0.02231362673 0.3799223867 0.4078065848 0.02788419807 0.616509606 0.01452934541 0.01887557875 nan nan
209 207954 523 523 0 0.4883018898 0.01588870547 0.4691741502 0.5166120919 0.04743794176 0.4677938234 0.5235187581 0.05572493468 0.2630225979 0.02753056109 0.02891088783 nan nan
210 185518 1011 1011 0 0.5295314619 0.008226672607 0.5125996834 0.5397723581 0.02717267467 0.5100549902 0.5437050664 0.03365007624 -0.5193071134 0.01455301454 0.01721255224 nan nan
211 208699 814 814 0 0.471858439 0.01095202227 0.456419017 0.495100852 0.03868183503 0.4534498712 0.5030195811 0.04956970981 0.5089939351 0.02233865021 0.02509484014 nan nan
212 195967 1518 1518 0 0.3972705207 0.004661077911 0.3908516662 0.406470567 0.01561890079 0.3891070738 0.410423965 0.0213168912 0.4632712633 0.01080790253 0.01476130057 nan nan
213 221491 287 287 0 0.3945766266 0.02736018528 0.367799878 0.449953613 0.08215373496 0.364703141 0.4923445485 0.1276414075 0.7757277324 0.05493022784 0.09732116336 nan nan
214 198357 528 528 0 0.5212925945 0.01773485132 0.5146610565 0.5636226806 0.04896162415 0.5132980738 0.5788464462 0.06554837243 0.7333100058 0.04278818961 0.05801195518 nan nan
215 207478 1091 1091 0 0.405426202 0.005077508695 0.400111809 0.4164586825 0.01634687352 0.3990286836 0.4213056525 0.02227696891 0.7112268286 0.01150050575 0.01634747574 nan nan
216 201577 432 432 0 0.6726649047 0.03810763317 0.6133409781 0.7350967206 0.1217557424 0.5959623857 0.7438227878 0.1478604021 0.029617816 0.06506454124 0.07910402628 nan nan
217 215999 177 177 0 0.364998545 0.02523450701 0.3610344561 0.4433082812 0.08227382513 0.3605610023 0.4804016798 0.1198406775 2.318747968 0.07169442806 0.1087878267 nan nan
218 200025 634 634 0 0.3887670256 0.003277730466 0.3850544072 0.3961543773 0.01109997006 0.3841356929 0.4001181336 0.01598244068 0.9313826962 0.008765098532 0.01272885484 nan nan
219 212975 194 194 0 0.3639089595 0.003782400966 0.3612494416 0.3735018361 0.01225239452 0.3606158504 0.3789319284 0.01831607809 1.406473529 0.006679162725 0.01210925504 nan nan
220 199435 1347 1347 0 0.564844937 0.02822072194 0.5261265257 0.6128690943 0.08674256856 0.521409096 0.6345381306 0.1131290346 0.2556970345 0.04908110056 0.07075013691 nan nan
221 210407 105 105 0 0.3804986778 0.002441061869 0.3787286706 0.3864285074 0.007699836813 0.3785284065 0.3888499056 0.01032149918 1.236858818 0.005631288157 0.008052686435 nan nan
222 211697 262 262 0 0.5976761644 0.02052411083 0.56746547 0.6342314596 0.06676598968 0.5481199489 0.656758244 0.1086382951 0.2549265479 0.03959302471 0.05772204707 nan nan
223 213762 96 96 0 0.3642512185 0.004356240567 0.3617064246 0.376359849 0.01465342437 0.3613652174 0.3789593991 0.01759418177 1.522287203 0.009710032119 0.01230958224 nan nan
224 216403 906 906 0 0.5199523596 0.01945204053 0.4912741536 0.5569226474 0.06564849374 0.4830079384 0.5789524872 0.09594454881 0.4043376601 0.03690614505 0.05869530128 nan nan
225 217741 444 444 0 0.5515782046 0.03257108784 0.5029512812 0.6062427435 0.1032914623 0.4972173123 0.6242854906 0.1270681783 0.1502384322 0.05467515962 0.07234360923 nan nan
226 213015 149 149 0 0.5644598409 0.01853403105 0.5372609324 0.5949340296 0.05767309725 0.5322242765 0.5998132819 0.06758900532 0.101230601 0.03167827382 0.03655752606 nan nan
227 217754 418 418 0 0.5346333949 0.03005626494 0.479512077 0.5759945918 0.09648251477 0.4745815537 0.5899924662 0.1154109125 -0.3179601772 0.05141158572 0.06097878663 nan nan
228 215359 911 911 0 0.4783988866 0.01677957141 0.456598568 0.5080831435 0.05148457543 0.4530425819 0.5265907168 0.07354813494 0.3437890519 0.0300105146 0.04851808794 nan nan
229 218639 215 215 0 0.4087117389 0.007962389535 0.3985496021 0.4221385984 0.02358899638 0.3962043779 0.4258970616 0.02969268369 0.1644674499 0.01273679775 0.01592995224 nan nan
230 222316 89 89 0 0.4918663019 0.03290991425 0.4527097679 0.5559884355 0.1032786676 0.4485865453 0.5680700685 0.1194835232 0.472535216 0.06412213357 0.0762037666 nan nan
231 220314 258 258 0 0.4773565892 0.01549046647 0.4619815654 0.5079604409 0.04597887544 0.4596676605 0.5105972859 0.05092962539 0.3655579585 0.02655829874 0.02919514375 nan nan
232 221556 378 378 0 0.448881296 0.02576540786 0.4116569908 0.4911990799 0.07954208911 0.4074807995 0.496673568 0.08919276848 0.09042233542 0.04295584154 0.04843032965 nan nan
233 222949 55 55 0 0.4100246306 0.0173350932 0.389127329 0.4407514871 0.05162415818 0.3871492391 0.4442042744 0.05705503534 0.2710102919 0.02960769288 0.03306048017 nan nan

K=234, phase=backward, parameter=w [deg]
cluster representative_source n_cluster n_valid n_missing median std p05 p95 width90 minimum maximum range skewness error95 error_max angle_origin_deg angle_resultant
0 85169 232 232 0 1.304004968 7.882669759 -0.7132411465 2.635042916 3.348284063 -45.63343479 2.822174 48.45560879 -5.383551268 1.8663501 46.57220233 217.2030406 0.9909801611
1 83961 230 230 0 0.6978725383 6.122897102 -1.868164955 2.590501454 4.45866641 -45.17106895 2.773300091 47.94436904 -6.895914199 2.503762945 45.80666694 216.744255 0.9945592291
2 24775 53 53 0 0.4227613832 4.593727374 -1.626463271 1.743231155 3.369694426 -26.48969629 19.05182235 45.54151864 -2.329683895 2.605380751 27.3860729 197.9902071 0.9968311604
3 30334 107 107 0 1.417205197 9.152414259 -23.00094734 12.56254243 35.56348978 -34.04968775 13.73472768 47.78441543 -2.24736661 26.72880171 36.63342832 205.7523179 0.9874944566
4 65627 243 243 0 20.9515776 22.65494629 -25.11534346 21.68555336 46.80089682 -25.24878604 21.85850124 47.10728729 -0.1117992419 46.40421669 46.53765928 196.7945876 0.9228598666
5 32672 154 154 0 4.063702821 9.962812868 -23.90447628 5.168750686 29.07322697 -23.96111873 5.224082368 29.18520109 -1.947791739 28.55960326 28.61624571 195.5240065 0.985065031
6 62747 194 194 0 2.280943603 10.4165612 -40.49564678 3.228875421 43.7245222 -43.64447032 3.600166987 47.24463731 -3.854161107 42.88205424 46.03087778 215.2257111 0.9841813713
7 23789 730 730 0 2.968842692 13.93143818 -22.73777681 17.07614306 39.81391987 -25.64795093 19.10999476 44.75794569 -0.3422060133 35.78780936 38.69798348 198.7319242 0.9706819664
8 41757 56 56 0 5.717150061 14.78592768 -36.82225768 6.624668461 43.44692614 -37.53990473 6.660461712 44.20036644 -2.085660092 42.29376357 43.01141062 213.0356653 0.967657243
9 29488 139 139 0 0.2181974528 3.995151962 -1.70785889 1.348301439 3.056160329 -26.14703451 19.3837415 45.53077601 -2.475480677 2.660033722 26.96308661 198.1248181 0.9976016249
10 40144 62 62 0 1.359003723 7.500429084 -1.304051826 2.665949728 3.970001553 -41.24588965 2.705784035 43.95167368 -5.241160668 2.400620053 42.34245788 217.1687325 0.9917679384
11 22902 236 236 0 2.612648759 11.90132074 -21.91584856 14.54281701 36.45866557 -24.52019304 15.63456974 40.15476278 -0.5061838532 33.18634221 35.79068669 200.4464887 0.9785820934
12 16592 145 145 0 1.920816051 12.10406883 -20.58456479 15.4935146 36.07807939 -22.94220618 16.76808291 39.71028909 -0.3224560143 29.30415831 31.66179971 199.5895985 0.9778326218
13 35004 102 102 0 -0.3260622047 5.293735399 -2.391897772 1.676461998 4.068359771 -22.39823972 21.38848766 43.78672738 0.9119221064 19.29683977 21.94523845 194.6742312 0.9957782119
14 33596 557 557 0 0.05733174982 3.556309325 -3.593783346 1.631103597 5.224886943 -26.34613522 20.75549548 47.1016307 1.057991463 4.360534659 26.29777856 198.7265481 0.9980882291
15 19609 87 87 0 3.747778692 11.66791888 -21.96288759 13.12927147 35.09215906 -24.79501316 14.57587595 39.37088912 -0.638534486 28.83062868 31.66275425 203.2434936 0.9794134782
16 20264 58 58 0 2.753855734 10.42543942 -19.72426331 12.08179116 31.80605448 -23.3974322 12.67628245 36.07371465 -0.7069891296 27.20696976 30.88013865 202.9371492 0.9835523233
17 11041 433 433 0 0.8970568963 5.728671959 -11.05438695 6.98173725 18.0361242 -16.17508702 10.39255413 26.56764115 -0.636874377 13.27071995 18.39142002 199.3314787 0.9950125194
18 40776 317 317 0 -2.479013565 6.617018032 -3.473509467 15.18662048 18.66012995 -21.91309603 18.88535937 40.7984554 1.121873792 18.65958467 21.63732503 195.5486457 0.9933689784
19 7288 1665 1665 0 -0.04878796845 0.8532388938 -1.317793385 1.445423316 2.763216701 -1.624695509 1.995273027 3.619968536 0.1608242029 1.920828149 2.47067786 181.7501546 0.9998891211
20 6462 649 649 0 -1.014063288 3.486365846 -1.858807939 10.76257657 12.62138451 -2.007638386 12.96223922 14.96987761 2.844988006 11.70119242 13.90085507 184.8082778 0.9981541705
21 51090 73 73 0 -2.564098568 5.108727118 -2.979931743 8.426451912 11.40638365 -19.20364807 9.129974296 28.33362237 0.09148755035 11.2102464 16.59545973 194.4109298 0.9960358825
22 8503 3741 3741 0 -0.6244459276 3.095679058 -3.81105102 6.953110063 10.76416108 -4.710032065 9.34059817 14.05063024 0.9691648289 7.365393579 9.752881687 188.3878553 0.9985417083
23 54158 64 64 0 -2.650563011 5.126645192 -3.068724012 8.036138039 11.10486205 -19.23299706 8.704041032 27.93703809 -0.1181904861 10.61616659 16.79645136 194.8425393 0.9960084709
24 73762 62 62 0 0.5174022967 4.859125244 -11.42681736 5.137949088 16.56476645 -18.90920331 5.526952367 24.43615568 -2.165953276 11.6243758 19.06264913 194.9831769 0.9964220233
25 23245 3717 3717 0 -0.05249872793 1.7445883 -2.849882857 2.877579616 5.727462473 -4.383081384 3.638686207 8.021767591 -0.01534725234 4.322443504 5.85564203 193.7959023 0.9995365157
26 15530 594 594 0 0.02265231043 0.7300869667 -1.164862037 1.249483608 2.414345645 -1.433420012 1.885360198 3.31878021 0.1560735332 1.336434672 1.893977217 183.0880345 0.999918818
27 19633 224 224 0 0.6135850965 2.040861264 -4.259508697 2.229097786 6.488606483 -6.508638728 2.513932705 9.022571433 -1.113030776 4.762689275 7.011819306 206.2759679 0.9993658541
28 20669 2122 2122 0 -0.4240468598 2.776782548 -2.678561778 4.488817555 7.167379333 -3.159053619 21.35393391 24.51298752 3.888142931 5.289972207 22.15508856 186.5854781 0.9988317042
29 15491 1117 1117 0 0.066511814 1.031245045 -1.792043958 1.618357162 3.41040112 -2.550028874 2.294239628 4.844268501 -0.1821321189 1.902614313 2.512391264 188.4113025 0.9998380349
30 26123 374 374 0 0.2963476101 1.00788533 -1.800582187 1.059856136 2.860438323 -4.041424392 1.205748737 5.247173129 -1.497338786 2.265630439 4.506472644 197.1372828 0.9998453017
31 72592 55 55 0 0.526688008 4.466414232 -8.970951502 4.28829283 13.25924433 -17.80448782 4.768607879 22.5730957 -2.723262098 9.650631069 18.48416739 194.9755984 0.9969777972
32 27918 89 89 0 0.3389114807 1.652504724 -3.079208442 1.882925806 4.962134248 -3.6142028 1.933178769 5.547381569 -0.6396659989 4.143827239 4.678821597 196.5024567 0.9995841425
33 27233 134 134 0 0.2294193844 0.7493912734 -1.357828896 0.844502815 2.202331711 -1.839600372 0.9068281676 2.74642854 -0.6744531369 1.989419071 2.471190548 198.2680552 0.9999144681
34 18133 158 158 0 0.07245645834 1.687185641 -2.721710446 2.662062462 5.383772908 -3.21093034 4.055754644 7.266684984 -0.002224281537 2.954049243 4.129116558 203.7961088 0.9995665063
35 20500 54 54 0 -0.3492050876 2.591613429 -2.558292932 7.224306417 9.782599349 -3.522607973 9.132094438 12.65470241 2.205054761 7.256546545 9.164334566 207.8332647 0.9989783938
36 23823 203 203 0 0.5695470832 1.942785325 -4.032840227 2.171535419 6.204375645 -5.419143913 4.12864067 9.547784583 -0.892173552 4.460754773 5.847058459 206.3926048 0.9994253008
37 31986 60 60 0 0.1917212079 1.012237512 -1.635958716 1.214345603 2.85030432 -1.874831241 1.261658909 3.136490149 -0.3427051535 2.540060805 2.778933329 199.5721173 0.9998439473
38 31558 150 150 0 -0.1241755627 1.689459561 -2.486530651 2.663924473 5.150455124 -2.842206744 2.763875137 5.606081881 0.1428222553 2.850649945 3.206326038 196.2261084 0.9995653257
39 42087 7240 7240 0 -1.771012199 5.268475221 -6.188730533 9.552319155 15.74104969 -8.751971657 14.92292679 23.67489845 0.8864860627 11.01146428 16.38207192 204.5772248 0.9957802911
40 64725 2768 2768 0 -1.342500764 6.503307187 -8.472633401 10.83031692 19.30295032 -9.904142667 12.9114311 22.81557377 0.2979963795 11.05372389 13.13483807 190.6235851 0.9935702263
41 28142 51 51 0 0.5217148482 1.687057111 -3.1670063 1.783910723 4.950917023 -4.011784131 1.821970349 5.833754479 -0.8186997289 4.189230274 5.034008104 196.7219111 0.999566579
42 31322 199 199 0 0.5752442991 1.646226752 -3.210127361 1.724412146 4.934539507 -3.862131106 2.111388509 5.973519615 -0.7542416141 3.370510679 4.022514424 197.6117887 0.9995872992
43 22231 190 190 0 0.02671914247 0.764959607 -1.286072934 1.145623844 2.431696777 -1.677541574 1.337135109 3.014676683 -0.1894267914 1.51514689 1.90661553 182.7076506 0.9999108773
44 29031 129 129 0 0.1971882959 0.798936358 -1.438688041 0.9146654366 2.353353478 -2.000856878 0.9761169834 2.976973861 -0.6535259809 2.137068034 2.699236871 198.6964858 0.9999027851
45 46651 3125 3125 0 0.3369791949 2.231641416 -4.711614537 2.933776715 7.645391253 -6.931868551 3.531624333 10.46349288 -0.8876801653 5.164273599 7.384527613 207.4698544 0.9992417923
46 43447 765 765 0 0.1542828332 1.925700749 -3.753559442 3.580549801 7.334109244 -5.721991856 4.251840086 9.973831942 -0.34191487 4.178813254 6.147245667 206.0186591 0.9994353891
47 40685 599 599 0 0.5686647286 1.384818726 -3.26572641 1.241943505 4.507669915 -4.523765472 1.40116791 5.924933382 -1.558465457 4.242616196 5.500655258 204.5791816 0.9997079782
48 29871 91 91 0 0.1758733904 3.258919194 -4.93143767 8.888397193 13.81983486 -6.443067197 8.937704411 15.38077161 1.08914937 8.362204732 8.41151195 208.7287764 0.998384603
49 28066 53 53 0 -0.3663842273 4.121926247 -5.607970525 9.723056567 15.33102709 -6.490345134 9.734151394 16.22449653 1.209662334 10.76113845 10.77223327 209.2461138 0.9974167376
50 30539 226 226 0 -0.01905283932 1.388819271 -1.60829241 1.130032038 2.738324448 -8.090707046 7.91760059 16.00830764 1.499652038 2.57478761 8.738429116 211.1842314 0.9997065011
51 22053 163 163 0 -0.5350250918 2.333616186 -1.865197869 3.209791668 5.074989537 -2.627331181 11.29292886 13.92026004 3.334566993 3.64053866 11.72367586 207.1985313 0.9991723347
52 28876 1820 1820 0 -0.1661397744 1.355272945 -1.66809609 2.177192427 3.845288517 -2.012570067 15.84929598 17.86186605 3.500143098 2.179010842 15.48341281 189.5375353 0.9997207377
53 31921 185 185 0 0.5046347044 1.88289986 -3.778080054 2.22947606 6.007556114 -4.876681692 2.654398955 7.531080647 -0.7993118645 4.483018203 5.581619842 209.0298062 0.9994601489
54 72626 1104 1104 0 -0.2427073083 4.887298574 -7.092024623 10.26177845 17.35380307 -8.959422703 13.46964806 22.42907076 0.5892179914 9.547666441 12.73513157 190.296957 0.9963688305
55 31181 387 387 0 -3.18285485 7.071016405 -5.170086284 14.62439072 19.79447701 -5.558695867 15.49433534 21.0530312 1.417619558 18.38252297 19.25246758 189.3606563 0.9924154212
56 29750 172 172 0 -0.07917302506 1.166180415 -1.67712334 2.150003192 3.827126532 -1.969154382 2.958627955 4.927782337 0.402294561 2.467720661 3.276345424 194.7240529 0.9997928809
57 27602 50 50 0 -0.1179965829 1.315513351 -0.7108157585 0.2399017573 0.9507175158 -0.8956378531 8.979248759 9.874886613 6.526200644 0.8074838788 8.957528066 210.1026846 0.9997369207
58 54409 2019 2019 0 -1.127157596 4.140630636 -4.998707566 8.677197161 13.67590473 -6.213452128 12.06054716 18.27399929 0.901123432 9.540781374 12.92413138 190.2932787 0.9973921644
59 33278 72 72 0 0.01046130277 0.3311093474 -0.5148929575 0.5241442911 1.039037249 -0.6442229784 0.6273358194 1.271558798 0.0404482355 0.734703167 0.864033188 211.3345516 0.999983302
60 34339 307 307 0 -0.3825603854 1.622590892 -1.07188655 1.457879671 2.529766221 -1.18401938 15.19555577 16.37957515 6.567794711 1.757202249 15.49487835 191.2515685 0.9996005373
61 36155 156 156 0 -0.2463685049 1.664285386 -2.071610101 2.818358792 4.889968893 -2.150238225 3.383400901 5.533639125 0.3486711218 2.623451907 3.188494016 193.7585189 0.9995781824
62 37409 329 329 0 0.07664851292 0.9866186745 -1.849004775 1.423827641 3.272832416 -3.143446514 1.861198036 5.00464455 -0.6156787315 1.884432028 3.101928014 212.2315204 0.9998517522
63 37864 203 203 0 0.03789613265 0.6060977703 -0.97298599 0.9256640496 1.89865004 -1.287052144 1.057152264 2.344204408 -0.1213202887 1.063827 1.179574653 213.5008245 0.9999440497
64 41990 90 90 0 0.1684564356 0.8629553502 -1.581289619 1.180833727 2.762123346 -1.814521437 1.253298534 3.067819971 -0.4617296422 1.76569754 1.998929357 218.0050828 0.9998865814
65 38246 250 250 0 -2.948716063 6.639327591 -3.708284791 15.88097981 19.5892646 -4.122616651 19.72690809 23.84952474 1.800028951 19.04477953 22.89070781 194.8567982 0.9933200357
66 43376 227 227 0 0.09086505645 0.6649184993 -1.102150819 0.9362051434 2.038355962 -1.925834504 1.148249371 3.074083875 -0.5483165216 1.433559157 2.257242842 217.3420998 0.999932664
67 40092 173 173 0 -2.834841264 6.006670711 -3.361158267 14.34583803 17.7069963 -4.104117227 20.10696128 24.2110785 1.812537085 17.43244098 23.19356423 194.833109 0.9945279447
68 45402 372 372 0 -3.005615055 6.108184712 -4.593483474 11.4734624 16.06694587 -4.883301165 12.22030965 17.10361082 1.16646457 13.80052253 14.54736979 192.2796681 0.9943305053
69 107717 185 185 0 0.4529882454 4.106779345 -2.290980198 4.112840225 6.403820423 -18.69550432 5.03826408 23.7337684 -3.036619051 4.882128705 18.66670297 206.7081035 0.9974459845
70 39842 124 124 0 -0.2361208504 1.295894493 -1.534874256 2.236840054 3.77171431 -1.602748146 2.516362419 4.119110565 0.3891731807 2.000894559 2.280416923 194.1352491 0.999744241
71 49473 3919 3919 0 -1.544956839 4.920177274 -4.65399048 11.86330203 16.51729251 -5.433406738 16.94340776 22.3768145 1.672451566 13.96571116 19.04581689 198.1234161 0.9963242054
72 65069 1436 1436 0 -0.8990043191 3.635831905 -4.580089965 6.940104796 11.52019476 -5.541669844 8.564240921 14.10591077 0.6022694316 7.32522929 8.949365415 193.3061209 0.9979881178
73 61738 2258 2258 0 1.036481965 2.608113349 -4.787323844 3.062508194 7.849832039 -5.823409531 3.579682019 9.40309155 -0.6503997505 6.266443737 7.302529424 209.5669684 0.9989643241
74 107740 92 92 0 2.700841158 5.636991453 -10.07369756 4.443370809 14.51706837 -10.16442265 4.695854145 14.8602768 -1.173847273 13.39467539 13.48540048 200.3914434 0.9951697988
75 47001 70 70 0 4.204735098 5.848218152 -6.334763356 6.777793914 13.11255727 -6.402638165 7.213035379 13.61567354 -0.03116104832 12.93508854 13.37033 196.8133868 0.9947955828
76 51135 146 146 0 0.009079226064 0.238207454 -0.3832982779 0.3793033451 0.7626016231 -0.5116203445 0.4171371694 0.9287575139 -0.09625626654 0.4930550714 0.6213771379 218.3889719 0.9999913576
77 76905 98 98 0 -0.4816841966 2.508180039 -2.661174123 4.341051655 7.002225779 -11.53577354 5.342388629 16.87816217 -0.4663777013 3.779818145 12.22601731 195.2930548 0.9990427552
78 58115 1951 1951 0 -0.3111469245 2.575400281 -3.511557411 4.599926693 8.111484104 -4.434555164 5.903650395 10.33820556 0.3709918207 5.073504688 6.37722839 203.0023075 0.9989901349
79 53280 83 83 0 -0.005760286878 0.128304207 -0.2383555023 0.1708115889 0.4091670912 -0.3005475672 0.1718421334 0.4723897006 -0.3864421646 0.345422256 0.4076143209 219.3508713 0.9999974927
80 58189 196 196 0 -0.5674537258 2.929560493 -3.74701251 5.129790943 8.876803453 -3.993521169 5.891700399 9.885221567 0.3958781715 7.826961101 8.588870557 194.9947192 0.9986933752
81 54901 84 84 0 -3.148933205 4.258141206 -3.701979784 6.468996715 10.1709765 -3.764994607 7.243641763 11.00863637 0.5090500904 9.660848239 10.43549329 196.0553804 0.9972400937
82 52575 120 120 0 -0.3643618024 5.332440945 -8.595361728 8.5774952 17.17285693 -10.74408145 9.727571032 20.47165248 0.004913744889 9.896229439 12.04494916 21.39417758 0.9956758591
83 61551 74 74 0 -2.337150236 5.263633293 -4.627721132 10.85594636 15.4836675 -4.65029941 15.03562121 19.68592062 1.108993171 7.910133822 12.08980867 15.26540611 0.9957895004
84 68805 401 401 0 -1.887008972 5.365064743 -5.006458409 11.27584143 16.28229984 -5.373392873 15.85266616 21.22605904 1.072966811 10.44512092 15.02194565 15.9898634 0.9956258845
85 57546 58 58 0 -1.794089677 3.441722589 -2.268174749 7.081065855 9.349240604 -2.307535425 7.888495267 10.19603069 1.308609758 8.846878874 9.654308286 195.2915242 0.9981973486
86 70955 1361 1361 0 0.0956029959 1.801031769 -3.038884658 2.697107452 5.735992111 -3.857500062 3.305468422 7.162968484 -0.1812363087 4.433099514 5.251714917 207.2382132 0.9995060342
87 61172 155 155 0 -0.4431220006 2.273521507 -2.835035107 4.142393172 6.977428279 -3.219217074 5.133572932 8.352790006 0.5271473908 6.037525798 7.028705559 195.1229141 0.9992129541
88 65016 2308 2308 0 -0.8802499822 2.567528751 -3.176021097 4.823721629 7.999742726 -3.683236169 6.661828555 10.34506472 0.5800369917 5.696021193 7.53412812 201.0230017 0.9989963265
89 67628 834 834 0 -0.2454732628 2.331771821 -3.275034059 3.919601093 7.194635152 -3.78004508 5.94436187 9.72440695 0.2754333257 4.919089464 6.943850242 197.1111897 0.999172101
90 60926 5598 5598 0 -0.1049048442 4.745108202 -7.084597861 7.961758917 15.04635678 -7.760776973 9.520609149 17.28138612 0.09937443287 7.910226708 9.113001831 25.3231804 0.9965744545
91 76764 72 72 0 -0.05619878818 0.6776202481 -0.881870303 0.9585210018 1.840391305 -0.927032471 1.75365973 2.680692201 0.4758019168 1.604136297 2.399275026 216.6629246 0.9999300664
92 67639 110 110 0 -0.4175446779 1.908292904 -2.426716896 3.442600723 5.869317619 -2.625891516 4.14888635 6.774777866 0.499860771 4.546184882 5.252470509 195.7243064 0.999445461
93 136323 17136 17136 0 -0.1307110753 2.068537291 -3.062567488 4.03752179 7.100089278 -3.854343803 6.799300519 10.65364432 0.5594947529 4.509559803 7.271338532 17.13475959 0.9993485148
94 90021 86 86 0 0.2245560188 1.492651416 -2.714357582 1.987201845 4.701559428 -3.465609622 2.011302681 5.476912303 -0.5029119506 2.451257502 3.202509542 218.1807207 0.9996606968
95 133163 579 579 0 -0.1032351028 2.097804982 -1.997928775 2.425167849 4.423096624 -13.21008049 9.25747724 22.46755773 -0.288995605 3.601311578 12.70064415 25.00773851 0.9993307207
96 86786 53 53 0 0.07873926747 0.994695196 -1.568596295 1.300939807 2.869536102 -1.648489786 1.319560756 2.968050542 -0.1556050948 1.730011377 1.748632327 218.6616527 0.999849309
97 75322 202 202 0 -0.03482895292 1.206520918 -1.895980582 1.960555781 3.856536362 -2.376006599 2.618853008 4.994859607 0.1008610498 2.202709493 2.861006721 196.6054212 0.9997783026
98 82346 95 95 0 0.0147065086 0.9720147936 -1.534733873 1.335812073 2.870545946 -2.129754928 1.359658551 3.489413479 -0.2038022416 1.560746398 1.915804743 218.3108116 0.9998561032
99 119562 80 80 0 -1.119125342 2.955191503 -2.370336365 6.450582119 8.820918485 -2.401665029 8.872549433 11.27421446 1.627448192 8.537926528 10.95989384 25.61717409 0.9986711991
100 87684 2981 2981 0 -0.1106047301 2.500307676 -3.658387682 4.417463719 8.075851401 -4.328004311 6.327509856 10.65551417 0.2877926669 4.5396091 5.794599693 204.1310698 0.9990481783
101 72016 907 907 0 0.1455069618 2.436672625 -3.98670387 3.545210766 7.531914636 -4.76813119 4.305721046 9.073852236 -0.1423283722 4.346302619 5.12772994 30.70635153 0.9990959369
102 86918 382 382 0 -0.02999994177 1.959481114 -3.039042882 3.115048896 6.154091777 -3.673917615 3.876570881 7.550488496 0.02141976259 3.348611741 3.842095808 199.1838318 0.999415309
103 78981 1187 1187 0 -0.3425925281 2.107491861 -2.841796203 3.544804099 6.386600302 -3.29399568 4.674748777 7.968744457 0.311093515 3.702591613 4.832536292 22.48550672 0.9993236587
104 68925 542 542 0 -0.01994287354 2.115462916 -3.476054747 3.293061299 6.769116046 -4.596723911 4.003410808 8.600134719 -0.06873234144 3.709712713 4.789852114 28.55231114 0.9993185481
105 70032 142 142 0 0.08730367238 2.172142729 -2.948499861 3.372539114 6.321038975 -3.417361617 4.204274908 7.621636525 0.1425983567 3.412786975 4.077700619 26.22916287 0.9992815156
106 77806 336 336 0 -0.4861132028 2.658818485 -2.951698819 5.389852501 8.34155132 -3.012358779 7.701134241 10.71349302 0.892933829 5.424725986 7.736007727 24.01385289 0.9989238925
107 107834 478 478 0 -1.008520877 2.656646093 -2.060579918 6.006289588 8.066869506 -2.139960465 11.07976962 13.21973008 1.972206913 7.956352731 13.02983276 23.26752662 0.9989263362
108 138156 340 340 0 -1.000790306 3.112369269 -2.424356907 7.906091419 10.33044833 -2.485625248 10.40264813 12.88827338 1.940988303 9.186825656 11.68338237 23.74275632 0.9985266676
109 84739 139 139 0 0.002494056763 1.586796639 -2.57667729 2.49179362 5.06847091 -3.297719327 2.933183386 6.230902712 -0.04246142625 2.863842733 3.584884769 32.48376433 0.9996165484
110 131982 357 357 0 -0.5828374072 2.249451145 -2.176006174 4.864300758 7.040306932 -2.245034071 9.833371417 12.07840549 1.774145772 5.84643106 10.81550172 24.94404048 0.9992299783
111 127281 82 82 0 -0.8208068501 2.424664423 -1.920168363 6.408640385 8.328808747 -1.944680347 9.931334617 11.87601496 2.142752459 7.971351301 11.49404553 23.34790667 0.9991055663
112 74330 486 486 0 -0.08519030427 2.506006284 -4.054033233 3.997412818 8.051446051 -5.041682766 4.639578471 9.681261236 0.01285394783 4.354502344 4.850887981 30.00930958 0.9990437908
113 104488 1278 1278 0 -0.6326572457 1.48196069 -1.40751033 3.19495648 4.60246681 -1.570120629 6.460378909 8.030499538 1.421974964 4.195655004 7.461077433 23.22552773 0.9996655835
114 118398 2392 2392 0 -0.2296764083 1.048443801 -1.204827897 2.35174596 3.556573856 -1.437077202 4.093698523 5.530775724 1.37730471 2.972305864 4.714258427 20.6120322 0.9998325989
115 113342 265 265 0 -0.3533015664 1.217125461 -0.7358064312 2.167708242 2.903514674 -0.7897471801 7.728071153 8.517818333 3.810037945 2.85339913 8.413762041 23.26215477 0.9997745376
116 122399 112 112 0 -0.8888948088 2.48043487 -2.016993234 5.839099034 7.856092268 -3.076609208 7.248672528 10.32528174 1.596712713 7.513625852 8.923199345 24.67903327 0.9990635823
117 125857 141 141 0 -0.5255051072 2.344421893 -1.300548889 2.173745563 3.474294452 -12.56439033 9.403239651 21.96762998 -0.9122564723 4.84156411 12.05276636 24.36228298 0.9991646473
118 122402 184 184 0 -0.1890250934 2.141622098 -1.539404107 3.363229768 4.902633875 -13.31365309 6.345068882 19.65872197 -1.828271084 5.347090618 12.1585256 24.41444474 0.9993029113
119 141158 246 246 0 0.1569331505 2.116935575 -2.403010865 1.857663695 4.260674561 -13.91966424 7.589592414 21.50925666 -0.5638892795 3.021886836 13.84664606 25.33116 0.9993183949
120 74706 84 84 0 -0.2454978363 3.269094372 -4.677971065 5.155043094 9.833014159 -5.280829764 5.717762856 10.99859262 0.1166774822 5.706532542 6.269252304 29.18643751 0.9983730587
121 78627 66 66 0 -0.3554727973 2.652460544 -2.9798634 4.42869206 7.408555459 -3.000586518 5.928971568 8.929558086 0.4685198338 4.683186034 6.183465543 26.30150315 0.998928786
122 124420 576 576 0 -0.3634832627 1.665117585 -1.832495051 3.137877262 4.970372313 -1.932778764 6.049187511 7.981966275 0.946362548 4.195345966 7.106656215 25.25110127 0.9995778125
123 120702 327 327 0 -0.9142149618 2.572441785 -2.105330335 6.52158481 8.626915145 -2.169880703 7.665800015 9.835680718 1.595714149 8.189057219 9.333272423 25.67463685 0.9989928583
124 87559 124 124 0 -0.03671434598 2.375583378 -5.021479679 3.072361448 8.093841127 -6.504566339 3.360018102 9.864584441 -0.7229628256 5.212053559 6.69514022 32.20069736 0.9991408281
125 121586 9769 9769 0 0.06528594595 1.361124779 -2.29093847 2.028585027 4.319523497 -2.955008518 5.289232069 8.244240587 0.003604667156 2.409177378 5.401388223 26.56043345 0.9997178576
126 120587 1112 1112 0 1.550667634 4.802330928 -16.93564703 2.238246381 19.17389341 -21.26218892 2.358360095 23.62054902 -3.38311068 18.71844002 23.04498192 34.42045461 0.9965147656
127 107934 3031 3031 0 -0.3458522315 1.542540844 -1.936729477 2.856758333 4.79348781 -15.02176101 5.574106513 20.59586752 0.6138141525 3.537597672 14.34812915 30.04429972 0.9996377351
128 121146 127 127 0 4.287502209 8.2858066 -14.88644059 6.15734785 21.04378844 -17.25077113 6.370296955 23.62106808 -1.050627436 20.40679487 22.7711254 29.98383399 0.9895837356
129 115982 2728 2728 0 0.1055789756 1.460722517 -2.197079244 1.924132301 4.121211545 -2.548045897 4.286951129 6.834997026 0.01731835541 2.202848274 4.431718796 29.41112072 0.9996750517
130 158319 109 109 0 0.06797359087 1.835410821 -3.226346798 2.264846007 5.491192805 -5.740359565 2.348210896 8.088570461 -0.7464972496 5.469460317 7.983473083 24.71635209 0.9994870507
131 127892 138 138 0 1.076303302 4.192100268 -12.03017223 3.27595579 15.30612802 -12.8444753 3.388084941 16.23256024 -2.291885451 12.73023128 13.54453436 23.65551165 0.9973316118
132 124671 570 570 0 -0.1042973703 0.4958062433 -0.6184699096 0.8825600677 1.501029977 -0.7075849509 1.591901991 2.299486942 0.6256321043 1.334197236 2.043539159 21.46879597 0.9999625595
133 146384 322 322 0 -0.2941304029 0.7452294999 -0.5349343716 1.759580311 2.294514682 -0.5900231311 3.25610121 3.846124342 2.221135636 2.179455261 3.67597616 11.35868408 0.9999154217
134 95195 1932 1932 0 -0.2136171683 1.053245316 -1.352885605 2.228220455 3.58110606 -1.639435538 2.961425027 4.600860566 0.870731174 2.579732432 3.312937005 31.05294077 0.9998310547
135 106920 590 590 0 0.03691114834 0.6196098984 -1.04559997 0.8857097449 1.931309714 -1.421223324 1.081315404 2.502538729 -0.2182166972 1.132786254 1.508409609 35.60036456 0.9999415273
136 108772 416 416 0 -0.2973868091 3.143509538 -4.533352735 5.374393249 9.907745984 -5.156724433 6.416291903 11.57301634 0.2352722671 5.380009268 5.977851725 210.2522956 0.9984956652
137 99266 294 294 0 -0.06397446503 1.354390042 -2.074226443 2.217128148 4.291354591 -3.075271454 3.092697305 6.167968759 0.0975856053 2.51715262 3.365659254 212.1799549 0.9997206375
138 107029 73 73 0 0.3796309393 2.186070778 -3.79291341 2.879007481 6.671920892 -5.178824886 3.19397459 8.372799475 -0.4949335451 3.528424802 4.822415467 200.6843997 0.9992723308
139 109837 586 586 0 -0.1661899834 3.0476009 -4.505658823 5.053934618 9.559593441 -6.671689772 6.076522517 12.74821229 0.1255895128 5.671976909 7.838007858 210.8270788 0.9985860244
140 103920 150 150 0 0.3898453142 2.501544018 -5.194546148 3.272882555 8.467428703 -7.422922348 3.735760548 11.1586829 -0.8401810003 6.13166873 8.36004493 212.1954862 0.99904738
141 169244 55 55 0 0.6246248259 2.741327706 -4.274766047 1.469927393 5.74469344 -5.808853994 10.56488778 16.37374178 1.059133723 7.056018203 9.096209727 25.02166777 0.9988569688
142 106530 197 197 0 -0.008721374023 0.4154732464 -0.6775447983 0.694922238 1.372467036 -1.033512804 0.9741348343 2.007647639 0.03291599403 0.8107079245 1.007024093 34.44534615 0.9999737091
143 107327 78 78 0 -0.1645700668 3.271496111 -4.819677421 5.269482709 10.08916013 -5.303493364 5.790867023 11.09436039 0.1138107279 5.360871991 5.616185522 209.4522295 0.9983706886
144 167802 745 745 0 0.3676465941 2.324107329 -4.57762598 1.053806974 5.631432953 -6.526486992 12.32475795 18.85124495 1.457730236 6.289624891 11.41729941 23.83247078 0.9991788712
145 173458 98 98 0 0.5226582539 4.472457444 -6.443762611 10.22691287 16.67067548 -7.900874057 11.18637996 19.08725401 0.8944526856 9.291993581 10.25146067 25.87675601 0.9969593626
146 123438 209 209 0 0.7025872253 3.185280514 -0.8337450228 1.13583492 1.969579943 -20.6105776 1.672378152 22.28295575 -5.422318718 1.642404991 21.41923756 35.28379446 0.9984670731
147 176484 108 108 0 0.2297957569 5.843615727 -7.925427944 10.65352352 18.57895146 -11.48503 11.48881494 22.97384494 0.4760269259 10.09731594 12.41549962 25.56354208 0.994810508
148 146480 671 671 0 0.06635090036 0.719603717 -1.360200736 1.086601437 2.446802173 -1.601167831 1.461476943 3.062644774 -0.3340781842 1.442359709 1.683326804 22.76758906 0.9999211326
149 110855 52 52 0 0.08053977204 0.5549905271 -0.9723600778 0.7064703085 1.678830386 -1.186257149 0.7964198656 1.982677015 -0.4374490025 0.9465211104 1.160418182 34.51290473 0.9999530875
150 203913 141 141 0 -0.898203144 5.473871645 -6.593794492 11.36651171 17.96030621 -7.058086154 12.06890343 19.12698959 1.030708807 14.76718616 15.46957788 24.99258778 0.9954471279
151 132564 484 484 0 -0.3490746063 1.021861319 -1.172424587 1.839646827 3.012071413 -1.26662535 2.071411782 3.338037132 0.5470617642 1.871020218 2.102785173 23.60578242 0.9998409672
152 109896 130 130 0 -0.02461392739 0.7040851707 -1.132950343 1.089686539 2.222636881 -1.382720581 1.331218882 2.713939463 -0.00728241976 1.244782111 1.486314454 204.3347219 0.999924497
153 117706 1239 1239 0 0.03403211342 0.6259525148 -1.088256864 0.956679141 2.044936005 -1.718997933 1.234943976 2.95394191 -0.2538912789 1.19110672 1.82184779 31.71976288 0.9999403243
154 122287 51 51 0 4.117609313 8.067855505 -15.68259777 4.73510484 20.41770261 -16.06357687 4.798452833 20.86202971 -1.416369351 19.91803622 20.29901532 31.36876754 0.9901339854
155 125160 270 270 0 0.07549972157 0.4296553106 -0.7904402937 0.5054656181 1.295905912 -1.193864949 0.5332987314 1.72716368 -0.591151978 0.9344700127 1.337894668 35.73628369 0.9999718836
156 112612 80 80 0 0.01059393528 0.6777669378 -1.037760407 1.062143128 2.099903535 -1.275307161 1.306396837 2.581703998 8.976229736e-05 1.124431276 1.358811273 204.9295745 0.9999300358
157 141979 2111 2111 0 -0.1116674444 0.8140997087 -1.272697364 1.392334415 2.665031779 -1.747779502 1.771235944 3.519015446 0.1633130069 1.53107318 1.884148985 19.31141507 0.9998990598
158 152539 1899 1899 0 4.319596255 6.152021761 -9.280415715 4.94039962 14.22081533 -9.834893916 8.771082984 18.6059769 -0.5636132249 14.05828973 14.61276793 27.55396794 0.9942432955
159 160687 10375 10375 0 0.4122180787 1.813019085 -3.854199314 2.266537497 6.120736812 -6.1937273 2.826829933 9.020557233 -1.037471312 5.270619351 7.610147337 28.34141198 0.999499511
160 139237 180 180 0 6.267769677 9.000099744 -13.84415125 6.602767317 20.44691857 -14.37916406 6.836325076 21.21548913 -0.6985901007 20.41011761 20.94513041 29.52406894 0.9877008359
161 141438 1237 1237 0 0.1164684392 0.91481142 -1.679228275 1.255325025 2.9345533 -2.189530997 1.667239566 3.856770563 -0.4128925536 1.736577589 2.24688031 23.85809608 0.9998725418
162 141302 53 53 0 -0.0206316908 0.2989928952 -0.5902399736 0.4311574343 1.021397408 -0.805403865 0.4584260957 1.263829961 -0.6307525995 0.5447470375 0.7360212745 35.35455863 0.9999863842
163 143407 647 647 0 2.15446261 5.320578438 -14.86881539 2.505015282 17.37383067 -19.78545691 2.563927076 22.34938399 -2.475021858 17.25475537 22.17139688 34.37524076 0.9957127046
164 136225 1363 1363 0 0.05573966953 0.5254377472 -1.078508101 0.7512058944 1.829713995 -1.545413688 0.9823145252 2.527728213 -0.6574222853 1.028141934 1.375610447 32.82472931 0.9999579508
165 171505 814 814 0 1.023542339 2.684315803 -5.551394691 2.561378611 8.112773303 -6.642955196 2.632159397 9.275114594 -0.9518451984 8.016027308 9.107587813 24.64462368 0.9989030602
166 151417 51 51 0 1.134757902 3.613489243 -1.619343424 1.37567836 2.995021784 -19.08488921 1.384973532 20.46986274 -4.570079749 2.820839888 20.28638568 34.95550834 0.9980257348
167 153567 2544 2544 0 -0.02600404545 0.707900774 -1.139995758 1.199945252 2.33994101 -1.693988349 1.806512953 3.500501302 0.0984385506 1.351861021 1.852079636 21.67500463 0.9999236768
168 145934 130 130 0 0.06637673147 0.4490567624 -0.7835767877 0.6020285952 1.385605383 -1.101233956 0.6968436572 1.798077613 -0.4125942604 0.7587167745 1.076373943 26.707893 0.999969287
169 166807 839 839 0 3.492741339 5.913063399 -13.09144382 4.398573787 17.49001761 -16.119463 4.471217116 20.59068011 -1.259120876 16.30147539 19.32949457 31.30302784 0.9946898361
170 174618 3242 3242 0 0.7100443704 2.515170456 -4.949828329 2.78529328 7.735121609 -6.307155174 2.98106298 9.288218153 -0.7232828423 6.45200214 7.809328984 28.82880594 0.9990368462
171 174565 84 84 0 1.592206366 3.191443537 -5.921482112 2.756852304 8.678334415 -10.33111032 2.769166857 13.10027718 -1.348158877 8.425911845 12.83554006 24.29416069 0.9984503117
172 153918 52 52 0 0.1342578915 0.411330356 -0.8020869312 0.4539882368 1.256075168 -1.019097103 0.4582965715 1.477393674 -0.7853337004 0.943697581 1.160707753 25.95420597 0.9999742308
173 154611 1445 1445 0 1.790179755 4.906065581 -12.73740055 2.508456863 15.24585741 -13.41083302 2.630765326 16.04159835 -2.166130444 14.79722676 15.47065924 31.24892677 0.9963468841
174 187351 67 67 0 0.8201920974 2.865889706 -5.227380934 3.203774351 8.431155285 -5.709296957 3.225683932 8.934980889 -0.6341321014 7.145102126 7.627018149 23.76498084 0.9987495703
175 169643 442 442 0 4.139820186 6.437174832 -13.65834312 5.427057465 19.08540059 -16.02981308 5.436564714 21.4663778 -0.9764567494 17.89080497 20.26227493 30.1576715 0.9937064459
176 168958 282 282 0 0.6194359917 1.529902854 -3.365387829 0.8792838044 4.244671634 -7.18461625 0.8821476266 8.066763877 -2.643086647 4.244929476 8.064157898 25.39770621 0.9996437153
177 170926 727 727 0 1.385805296 2.571122781 -5.657656346 1.966797086 7.624453432 -6.523563543 2.039849769 8.563413312 -1.287923984 7.401402628 8.267309824 24.0959012 0.9989936705
178 173453 326 326 0 1.123139165 2.148552318 -4.906177415 1.632547023 6.538724438 -7.124229086 1.881273594 9.00550268 -1.520312564 6.364956034 8.583007705 25.00308633 0.9992972534
179 183842 352 352 0 1.133298758 5.231816431 -9.60323707 6.160025854 15.76326292 -11.29688102 6.484816932 17.78169795 -0.5504316401 13.50423113 15.19787508 29.67109359 0.9958370005
180 182265 1084 1084 0 1.265290304 4.654464696 -8.790414251 5.513180527 14.30359478 -12.15310015 5.844405586 17.99750573 -0.7177065789 12.22987581 15.59256171 30.62483578 0.9967048619
181 174823 856 856 0 0.7577183548 1.533821688 -3.529332314 1.201968311 4.731300625 -5.485961575 1.27722289 6.763184465 -1.627335787 4.558463865 6.515093125 24.49631471 0.9996417781
182 173712 483 483 0 0.842996598 1.881683728 -4.386336254 1.498537945 5.884874199 -6.15332248 1.515337571 7.668660051 -1.567021788 5.888749652 7.655735877 23.52499254 0.9994609309
183 184891 124 124 0 1.728326395 4.6414785 -9.373703164 4.847475909 14.22117907 -11.89342325 5.391405319 17.28482857 -0.941582768 12.12548958 14.64520967 30.82518921 0.9967237352
184 174489 5009 5009 0 0.07605412714 2.296611258 -4.25159057 3.440240755 7.691831324 -5.709927912 4.049167601 9.759095513 -0.2946870496 5.224481163 6.682818504 20.09453172 0.9991969198
185 169367 173 173 0 3.346039078 6.619922205 -11.30930572 6.40875634 17.71806206 -13.51283787 6.419865208 19.93270308 -0.6237269238 17.0881288 19.29166095 29.04551877 0.993338501
186 186077 253 253 0 -0.05161345885 2.456433669 -3.565384362 3.296702413 6.862086775 -3.965242913 3.299079523 7.264322436 -0.01861426187 5.717734755 6.117593306 24.04816597 0.999081176
187 158732 188 188 0 5.181846845 8.174452777 -14.2844101 5.81035666 20.09476676 -15.79121241 6.226445259 22.01765767 -0.8978159485 19.98128309 21.4880854 29.54987054 0.989855213
188 170213 56 56 0 3.416100242 7.157958876 -10.97741281 8.245380989 19.22279379 -11.92914895 8.333294101 20.26244305 -0.3764601781 18.66547235 19.6172085 27.05421402 0.9922114468
189 180073 2019 2019 0 0.6029246022 3.4125764 -5.745791955 4.286620233 10.03241219 -6.894833308 4.690715564 11.58554887 -0.3482256371 8.66408673 9.813128083 27.51680096 0.9982271857
190 182088 2067 2067 0 0.1222136568 1.4359375 -2.472063773 2.565894003 5.037957776 -3.681037206 2.969238718 6.650275924 -0.0983097678 3.238491361 4.447464794 21.24858497 0.999685994
191 177383 3466 3466 0 -2.609886524 5.284892268 -6.251820629 7.363408316 13.61522894 -7.379724865 7.928010503 15.30773537 0.3038130241 12.15760353 13.28550777 25.74270757 0.9957500287
192 174403 229 229 0 1.330263805 6.710312615 -10.54646253 8.049279852 18.59574238 -12.58919024 8.126899005 20.71608924 -0.2633746163 17.88523711 19.92796481 27.03971776 0.9931539517
193 178238 102 102 0 0.7685604367 2.299695895 -5.149115647 2.326983983 7.47609963 -6.812218831 2.573189996 9.385408827 -1.380748626 6.300322621 7.963425805 33.1491954 0.9991949474
194 170665 53 53 0 0.1010218609 0.1414177767 -0.2716959568 0.1106537009 0.3823496576 -0.3634374564 0.1107724689 0.4742099254 -1.13673465 0.2895305897 0.3812720893 27.30682591 0.999996954
195 186177 644 644 0 1.31472612 3.278913021 -7.313363183 3.052660934 10.36602412 -11.58021071 3.289904861 14.87011557 -1.44891947 8.263441291 12.53028881 31.78882093 0.9983644798
196 181587 273 273 0 0.7043195422 1.582529315 -3.366072658 1.414173177 4.780245835 -4.477436786 1.423809597 5.901246383 -1.122500876 4.473923394 5.585287522 23.24524382 0.9996186349
197 179171 684 684 0 0.6323066158 1.581054751 -3.866685816 1.176897435 5.04358325 -6.069299776 1.211275145 7.280574921 -1.971938979 4.802005602 7.004619562 23.30835928 0.9996194175
198 209870 258 258 0 -1.605337057 4.179582545 -4.500758502 7.887290035 12.38804854 -7.15031338 9.028027986 16.17834137 0.7139082882 7.800353899 8.94109185 26.29315794 0.9973419502
199 183992 55 55 0 0.4772841385 1.923562117 -4.046282148 1.965423735 6.011705883 -5.102369008 1.968312738 7.070681746 -1.020941746 5.081061483 6.137148343 25.09277647 0.9994366054
200 187670 1992 1992 0 0.213146094 2.994855717 -5.063056736 4.212982737 9.276039472 -6.094356457 4.825617165 10.91997362 -0.2135147952 7.455394621 8.486694343 27.48553873 0.9986344993
201 183195 183 183 0 0.8303051665 2.570347282 -5.032565467 2.773455121 7.806020588 -5.825912277 2.785087258 8.610999535 -0.7618938095 7.063190298 7.856537108 23.63583605 0.9989941325
202 187458 267 267 0 0.7950757755 3.667827743 -6.775476124 4.243562666 11.01903879 -8.603724977 5.434847949 14.03857293 -0.5849063908 10.21872455 12.0469734 29.22443823 0.997952561
203 188365 144 144 0 -0.163613072 2.775709337 -4.052844395 4.289870198 8.342714593 -4.522289282 4.566998478 9.08928776 0.07089259459 7.215095952 7.684540839 22.48493271 0.9988269239
204 191955 61 61 0 0.3823324775 2.295868333 -3.933817226 2.822624346 6.756441572 -9.226004645 3.845790411 13.07179506 -1.230179567 5.106479852 10.39866727 31.26819117 0.9991977776
205 196937 542 542 0 -0.2202748725 0.807456277 -1.080842611 1.347398544 2.428241155 -1.206946209 1.732407959 2.939354168 0.337841242 1.442201485 1.827210899 12.27143471 0.9999006999
206 184764 798 798 0 0.7283173209 2.435071275 -4.724634252 2.675548793 7.400183045 -5.572162406 2.787904197 8.360066603 -0.6945765917 6.667467316 7.514995471 23.26565226 0.9990971784
207 185292 271 271 0 0.7224857396 2.377582737 -4.781912768 2.597158405 7.379071173 -6.062425508 2.756498426 8.818923934 -0.8011594422 6.532159607 7.812672348 23.9288192 0.9991393269
208 192657 903 903 0 0.6147607932 2.512490877 -4.684437647 3.127832434 7.812270081 -5.698483686 3.60499397 9.303477656 -0.5568532192 6.037449899 7.051495939 29.15418387 0.9990388635
209 207954 523 523 0 -0.9121953305 2.357014237 -2.378861111 5.052988244 7.431849356 -2.670354297 5.907190935 8.577545232 1.07206252 5.92038359 6.774586281 21.0705841 0.999154191
210 185518 1011 1011 0 0.1033187085 0.965755041 -1.645929611 1.340568539 2.98649815 -3.585679999 1.809327266 5.395007264 -0.6411606726 2.442267025 4.382017412 22.45561026 0.9998579554
211 208699 814 814 0 -0.2292204539 1.566873274 -2.013795019 3.622316172 5.636111191 -2.438219225 5.033139717 7.471358942 1.151676084 4.538238587 5.949062132 21.89934632 0.9996261672
212 195967 1518 1518 0 -0.04003020297 2.344924221 -3.716242083 3.631039752 7.347281836 -4.75154011 4.310810241 9.062350351 -0.00165624859 5.463455439 6.498753466 27.51295091 0.9991627279
213 221491 287 287 0 -0.3319343306 3.080553355 -4.032989717 4.232232169 8.265221886 -5.695565984 10.97053014 16.66609613 0.9522071508 5.130343212 11.30246447 21.99758492 0.9985561707
214 198357 528 528 0 0.6969685668 1.869922762 -2.854587179 2.468554764 5.323141944 -3.557592151 2.846475441 6.404067593 -0.2492553356 3.167455174 3.870460146 20.80590292 0.9994675082
215 207478 1091 1091 0 -0.3086852011 2.573901677 -3.592071507 4.175737474 7.767808981 -4.293675752 4.621658021 8.915333772 0.2022382508 4.479322719 4.925243266 25.92134312 0.9989912545
216 201577 432 432 0 -0.05469868882 0.6996710315 -1.021643177 1.236426134 2.258069311 -1.209924191 1.595948572 2.805872763 0.254154522 1.309810264 1.669332701 13.0444398 0.9999254408
217 215999 177 177 0 1.635812641 4.237657357 -9.251916802 4.462183337 13.71410014 -10.86788068 4.727381316 15.59526199 -1.093683297 7.076798061 8.381966478 27.59573067 0.9972685721
218 200025 634 634 0 0.1069812425 1.951613906 -3.268656749 2.907228369 6.175885118 -3.819310249 3.326778021 7.14608827 -0.1614059313 4.84314013 5.39379363 27.24274139 0.9994199945
219 212975 194 194 0 0.3234157624 2.150781242 -3.921505466 3.157124382 7.078629848 -4.829130785 3.481731926 8.310862711 -0.3887185284 5.370882495 5.695490039 28.55113105 0.9992956295
220 199435 1347 1347 0 -0.1560309811 1.428405316 -2.101778457 2.271243202 4.373021659 -2.748610566 2.718259003 5.46686957 0.1135756639 2.426691227 2.825074419 18.75227753 0.999689267
221 210407 105 105 0 -0.1263903673 1.47367181 -2.251262862 2.547474329 4.798737191 -2.68895379 3.348925946 6.037879736 0.21303053 3.215422889 4.016874507 26.91643625 0.9996692696
222 211697 262 262 0 0.04774792438 0.4373172037 -0.8015561613 0.6225564289 1.42411259 -1.228821365 1.022314167 2.251135532 -0.4274888262 0.8447284286 1.194048686 14.33172605 0.9999708719
223 213762 96 96 0 0.1961077791 1.289169677 -2.64809447 1.780910859 4.42900533 -2.903109723 2.134086031 5.037195754 -0.5621092429 2.325018616 2.561147951 26.54280576 0.9997468968
224 216403 906 906 0 0.1125863165 0.6943509761 -1.323290443 0.9428316574 2.2661221 -1.939729408 1.380622809 3.320352217 -0.5543521737 1.300693662 1.84110875 16.98185221 0.9999265708
225 217741 444 444 0 -0.02058567589 0.8102188801 -1.223965818 1.34820326 2.572169078 -1.481634966 1.613915807 3.095550773 0.1171011018 1.418910422 1.684552377 15.12105872 0.9999000195
226 213015 149 149 0 -0.05392198942 0.6731245156 -0.9763011616 1.136250666 2.112551828 -1.08633669 1.508634785 2.594971475 0.2473855738 1.23404032 1.606424439 15.73879881 0.999930991
227 217754 418 418 0 -0.2126566515 0.9189817804 -1.126659538 1.779483707 2.906143245 -1.346094507 2.104366389 3.450460896 0.8080098547 1.803775651 2.128658333 16.13460124 0.9998713781
228 215359 911 911 0 -0.03405514978 0.7735244676 -1.147672442 1.344382921 2.492055363 -1.546870572 1.891450795 3.438321367 0.2247374476 1.393180508 1.74038432 19.11093061 0.9999088706
229 218639 215 215 0 -0.006550158945 0.810228142 -1.161158481 1.232350393 2.393508874 -1.67496743 1.347797656 3.022765086 0.05299392504 1.359710706 1.555670094 22.08141288 0.9999000167
230 222316 89 89 0 0.05595035016 1.049828772 -1.719474654 1.582148199 3.301622852 -1.983025069 1.760471757 3.743496826 -0.1682587009 1.775425004 2.03897542 16.22274545 0.9998321435
231 220314 258 258 0 0.04966664641 0.6662855416 -1.001631954 0.955331707 1.956963661 -1.178622299 1.19721096 2.375833258 -0.09327079496 1.055374479 1.229447795 17.64886678 0.9999323859
232 221556 378 378 0 -0.1446532294 1.455851587 -2.044488428 2.477408713 4.521897142 -2.287420038 3.028765605 5.316185643 0.2660562082 2.602271865 3.153628757 18.91238247 0.9996772141
233 222949 55 55 0 0.008237262467 1.180574967 -1.764692936 1.743207645 3.507900581 -1.935695259 1.946883882 3.882579142 -0.01599192727 1.863675949 1.997403462 19.93922969 0.9997877314

K=234, phase=forward, parameter=eps [km^2/s^2]
cluster representative_source n_cluster n_valid n_missing median std p05 p95 width90 minimum maximum range skewness error95 error_max angle_origin_deg angle_resultant
0 85169 232 232 0 -0.9233918725 0.02422435923 -0.960735914 -0.888269018 0.07246689597 -0.97968998 -0.8822001414 0.09748983867 -0.1549105222 0.04186801469 0.06082208074 nan nan
1 83961 230 230 0 -0.1361979829 0.04196632229 -0.1840473148 -0.04801752116 0.1360297937 -0.200225469 -0.04398107964 0.1562443894 0.7352005288 0.08537703656 0.08941347809 nan nan
2 24775 53 53 0 -0.8508686815 0.01688032088 -0.8943003808 -0.8373326829 0.05696769788 -0.9010426754 -0.8194461221 0.08159655328 -1.347768507 0.04952264906 0.05626494359 nan nan
3 30334 107 107 0 -0.09573948864 0.02922722186 -0.1711323172 -0.07340194772 0.09773036948 -0.2118222487 -0.06859500255 0.1432272462 -1.753650376 0.07985964226 0.1205495738 nan nan
4 65627 243 243 0 -0.2502727159 0.008080629369 -0.2561781406 -0.2290532671 0.02712487348 -0.2574162916 -0.2159223971 0.04149389447 1.305216996 0.0167325321 0.02986340208 nan nan
5 32672 154 154 0 -0.2475938645 0.01056502649 -0.2577931135 -0.2231271988 0.0346659147 -0.2579895405 -0.2209532228 0.03703631775 0.8000154626 0.02419644979 0.02637042584 nan nan
6 62747 194 194 0 -0.1880950997 0.04334523563 -0.2320654746 -0.09948465182 0.1325808228 -0.2353484286 -0.08455291787 0.1507955108 0.5068838249 0.08346265154 0.09839438549 nan nan
7 23789 730 730 0 -0.2393350282 0.01310670389 -0.2554716391 -0.2123190813 0.04315255777 -0.2591843722 -0.1857744585 0.07340991362 1.185742505 0.02709068651 0.05363530928 nan nan
8 41757 56 56 0 -0.9298988369 0.01984432721 -0.96950219 -0.8998383733 0.06966381671 -0.9779051831 -0.8928059759 0.0850992072 -0.3301571436 0.04616558776 0.05456858093 nan nan
9 29488 139 139 0 -0.9518517056 0.01148311378 -0.9668986106 -0.9313826736 0.03551593698 -0.9773947175 -0.9140392112 0.06335550627 0.3404020762 0.02387398595 0.03243628393 nan nan
10 40144 62 62 0 -0.8746507616 0.02467908441 -0.9351990095 -0.8475698008 0.08762920868 -0.952328116 -0.8450556654 0.1072724506 -1.096016068 0.05750341007 0.07463251654 nan nan
11 22902 236 236 0 -0.1739714723 0.03690169989 -0.2153597684 -0.1172285008 0.09813126763 -0.2396948266 -0.08427765103 0.1554171756 0.2380835633 0.06475843718 0.09770928693 nan nan
12 16592 145 145 0 -0.8803067176 0.02468429089 -0.922698007 -0.8474742055 0.07522380143 -0.9607537122 -0.8446410291 0.1161126832 -0.6235279494 0.04403898075 0.08209468602 nan nan
13 35004 102 102 0 -0.9504628045 0.01231154595 -0.9686403404 -0.9299229373 0.03871740314 -0.9774214634 -0.9069427346 0.07047872884 0.224698553 0.02503985399 0.03731109297 nan nan
14 33596 557 557 0 -0.1765386792 0.03892462322 -0.2141865169 -0.1161809158 0.09800560111 -0.2430715336 -0.0451112052 0.1979603284 0.6458386945 0.06102991144 0.1320770942 nan nan
15 19609 87 87 0 -0.9384548188 0.01642282568 -0.9598910265 -0.906900475 0.05299055148 -0.964223629 -0.9026093022 0.06161432687 0.2853537378 0.03274974697 0.03708234953 nan nan
16 20264 58 58 0 -0.9748511171 0.004979215531 -0.9805041085 -0.9662550314 0.01424907713 -0.9806716823 -0.9634386404 0.01723304193 0.3383452921 0.01079319116 0.01360958218 nan nan
17 11041 433 433 0 -0.8166480024 0.009786879565 -0.8263957111 -0.8124405121 0.01395519895 -0.9196454531 -0.8122099493 0.1074355039 -6.590784724 0.009098076483 0.1023478185 nan nan
18 40776 317 317 0 -0.1820189206 0.03418160009 -0.2132783483 -0.1167389206 0.09653942764 -0.2428842689 -0.0600863321 0.1827979368 0.4654051208 0.06308775904 0.1195844331 nan nan
19 7288 1665 1665 0 -0.8727727989 0.008469244168 -0.8866852825 -0.8593261707 0.02735911182 -0.895641131 -0.8546976511 0.04094347995 -0.06787679146 0.01722724829 0.02618309679 nan nan
20 6462 649 649 0 -0.8902082199 0.01511092265 -0.9397429508 -0.8844755011 0.05526744978 -0.9678900821 -0.8830410809 0.08484900114 -2.514210781 0.05030452386 0.07845165508 nan nan
21 51090 73 73 0 -0.9091428425 0.01990230355 -0.9386235377 -0.875128166 0.06349537176 -0.947084038 -0.8648154288 0.08226860917 0.1532467532 0.03717717858 0.04476845307 nan nan
22 8503 3741 3741 0 -0.9250885397 0.02273202433 -0.9662678397 -0.8974027338 0.06886510597 -0.9718052606 -0.8914251487 0.08038011189 -0.2196507025 0.0437588054 0.04929622627 nan nan
23 54158 64 64 0 -0.9658880838 0.01217852984 -0.9775756788 -0.93990823 0.03766744873 -0.9778685511 -0.9325803614 0.04528818967 0.7459774585 0.02321235676 0.03054022541 nan nan
24 73762 62 62 0 -0.8552733982 0.01970319318 -0.9037175708 -0.8436277313 0.06008983952 -0.9560318439 -0.8420585396 0.1139733043 -2.608375362 0.05553718507 0.1078514582 nan nan
25 23245 3717 3717 0 -0.9934685653 0.01049348288 -1.005764777 -0.9725879172 0.03317686028 -1.008564402 -0.9677912489 0.04077315279 0.3940860573 0.02888776243 0.0336844307 nan nan
26 15530 594 594 0 -0.8867191334 0.008900687192 -0.9033123211 -0.8745466023 0.02876571878 -0.9124766658 -0.8723924535 0.04008421228 -0.4051292637 0.01572383327 0.02488817792 nan nan
27 19633 224 224 0 -0.8269738352 0.001344444664 -0.8283528361 -0.8239086038 0.0044442323 -0.8287324047 -0.8219919826 0.006740422121 1.038423001 0.003398484489 0.005315105737 nan nan
28 20669 2122 2122 0 -0.936596812 0.02226326505 -0.9666211357 -0.8981056928 0.06851544293 -0.9802756499 -0.8910648751 0.08921077484 0.1758877632 0.03688872377 0.04928815161 nan nan
29 15491 1117 1117 0 -0.9455932193 0.01202789 -0.9670001734 -0.9287358552 0.03826431823 -0.9702280501 -0.9230776072 0.04715044297 -0.1718735254 0.02093994109 0.0238076322 nan nan
30 26123 374 374 0 -0.8921689986 0.02965808605 -0.9348022543 -0.8431143072 0.09168794716 -0.9434590916 -0.8372065781 0.1062525135 0.1038823713 0.06041950498 0.066327234 nan nan
31 72592 55 55 0 -0.1918114654 0.0287974874 -0.226038552 -0.1440773601 0.08196119194 -0.2561700971 -0.08486866038 0.1713014367 1.624083139 0.06197293256 0.1195934163 nan nan
32 27918 89 89 0 -0.8223415127 0.006252332653 -0.8326156767 -0.8129633118 0.01965236494 -0.8351471671 -0.8118778807 0.02326928642 0.01823364275 0.01515781925 0.01624325035 nan nan
33 27233 134 134 0 -0.8833955756 0.01355209912 -0.9044151906 -0.8611710249 0.04324416573 -0.910800315 -0.8544815994 0.05631871562 0.08484859619 0.02518930106 0.03069302468 nan nan
34 18133 158 158 0 -0.8213535492 0.005279146682 -0.8284888043 -0.8123986377 0.01609016655 -0.8296320987 -0.8119186839 0.01771341476 0.1264977173 0.008860641232 0.009340595021 nan nan
35 20500 54 54 0 -0.8546175885 0.08526950987 -0.8858763682 -0.8382623455 0.04761402269 -0.9209647822 -0.2406471442 0.680317638 6.912262842 0.03433244358 0.6124236384 nan nan
36 23823 203 203 0 -0.8289551218 0.02387458094 -0.8306966352 -0.8264194385 0.004277196652 -0.9730567569 -0.8246485675 0.1484081894 -5.148752256 0.003157501568 0.1444892081 nan nan
37 31986 60 60 0 -0.2279412828 0.003799530082 -0.2315422977 -0.2200827332 0.01145956453 -0.2328204888 -0.213475359 0.01934512977 1.044934724 0.007329161053 0.01103814757 nan nan
38 31558 150 150 0 -0.8666272862 0.01267215168 -0.8902617225 -0.8508040292 0.0394576933 -0.8938500901 -0.8485196591 0.04533043096 -0.3238679173 0.02936908548 0.03295745306 nan nan
39 42087 7240 7240 0 -0.1790615993 0.02180645287 -0.2094914321 -0.1432499917 0.06624144036 -0.2250887962 -0.1020921665 0.1229966297 0.2614882731 0.03875698963 0.07941591125 nan nan
40 64725 2768 2768 0 -0.8852091773 0.02100587714 -0.9262068027 -0.8580438077 0.06816299505 -0.9661585448 -0.8525909279 0.1135676168 -0.8657564969 0.03789458599 0.07386918473 nan nan
41 28142 51 51 0 -0.8217631749 0.0183814101 -0.8621117609 -0.8088830854 0.05322867547 -0.8790241354 -0.8083122659 0.07071186944 -0.9442042176 0.04784518597 0.06475756045 nan nan
42 31322 199 199 0 -0.9170007048 0.01219296277 -0.9382567053 -0.900277265 0.03797944037 -0.9529777302 -0.895428894 0.05754883626 -0.4120935348 0.02487974914 0.03960077406 nan nan
43 22231 190 190 0 -0.8759201294 0.009748822541 -0.8910254803 -0.8606885525 0.0303369278 -0.8931413299 -0.8572327599 0.03590856993 0.005109560577 0.01738190147 0.02083769403 nan nan
44 29031 129 129 0 -0.974274137 0.005031522468 -0.9792804034 -0.9638873756 0.01539302778 -0.9794883117 -0.9602167946 0.01927151714 0.7651361116 0.01339473949 0.01706532056 nan nan
45 46651 3125 3125 0 -0.2420982045 0.00420947443 -0.2489765772 -0.2352668108 0.01370976645 -0.2507429723 -0.2329724119 0.0177705604 0.01559645768 0.007784115245 0.009192691167 nan nan
46 43447 765 765 0 -0.2292248579 0.003330414819 -0.2341967254 -0.2233545939 0.01084213152 -0.2377025336 -0.2211856973 0.01651683625 0.138492304 0.006066736939 0.008903211455 nan nan
47 40685 599 599 0 -0.2178517959 0.004246453241 -0.2247840175 -0.2110502109 0.01373380659 -0.2289901047 -0.2097338484 0.0192562563 -0.05694015235 0.007931705117 0.01213779231 nan nan
48 29871 91 91 0 -0.8676408481 0.01982008774 -0.8823062293 -0.8246932676 0.05761296169 -0.883409345 -0.8173151339 0.06609421107 0.6588116096 0.04045360499 0.04783173869 nan nan
49 28066 53 53 0 -0.8185548036 0.01806595775 -0.8457524308 -0.8086434806 0.03710895015 -0.9113018885 -0.8073260956 0.1039757929 -2.859019659 0.03062818741 0.09617764512 nan nan
50 30539 226 226 0 -0.06367655353 0.04052088356 -0.1767606501 -0.04595097758 0.1308096726 -0.2302338401 -0.04551379848 0.1847200416 -2.031886852 0.1099912707 0.1634644607 nan nan
51 22053 163 163 0 -0.8171194677 0.01496991305 -0.8333822838 -0.8120547712 0.02132751269 -0.926975094 -0.8080350414 0.1189400526 -5.024508453 0.01570783638 0.1093006465 nan nan
52 28876 1820 1820 0 -0.9868506753 0.007498160888 -0.9953180037 -0.9718867852 0.02343121845 -0.9973256832 -0.9646248948 0.03270078834 0.47481221 0.02184828531 0.02911017573 nan nan
53 31921 185 185 0 -0.05365088123 0.01813247067 -0.1026957928 -0.04493142971 0.0577643631 -0.1365873582 -0.04458452764 0.09200283057 -2.132555454 0.03521806496 0.06910963036 nan nan
54 72626 1104 1104 0 -0.8576622928 0.009424168539 -0.8789922831 -0.8489243956 0.03006788751 -0.8893164889 -0.8467056529 0.04261083598 -0.8738741475 0.01891061287 0.02923481867 nan nan
55 31181 387 387 0 -0.9324150673 0.02239930631 -0.9662457927 -0.8965304795 0.06971531321 -0.9744481104 -0.8926858942 0.08176221625 0.05666346037 0.04654067799 0.05474299573 nan nan
56 29750 172 172 0 -0.910727827 0.02310833063 -0.9328621561 -0.8627226728 0.07013948332 -0.9366731795 -0.8572598572 0.0794133223 0.52722981 0.04927177411 0.05473458966 nan nan
57 27602 50 50 0 -0.8711736244 0.02323412977 -0.8843557788 -0.8253029516 0.05905282719 -0.9500665357 -0.8206734364 0.1293930993 -0.342557616 0.05984746474 0.06620857257 nan nan
58 54409 2019 2019 0 -0.9325878917 0.01823099576 -0.9591979707 -0.9008647691 0.05833320159 -0.9622595486 -0.8920807194 0.07017882918 0.1660116845 0.03212518593 0.03572632903 nan nan
59 33278 72 72 0 -0.05517167277 0.02697445334 -0.1376602695 -0.04546382022 0.09219644926 -0.1570703658 -0.04529663132 0.1117737345 -2.056306696 0.08753483093 0.1069449272 nan nan
60 34339 307 307 0 -0.8984879614 0.02841331355 -0.9334174613 -0.8456021083 0.08781535307 -0.9406750576 -0.837105613 0.1035694446 0.2765349694 0.05858536284 0.0670818581 nan nan
61 36155 156 156 0 -0.9751779703 0.008065934429 -0.9786641566 -0.9641765477 0.01448760887 -1.020384954 -0.9604946895 0.05989026445 -3.043536592 0.01515751794 0.04265125575 nan nan
62 37409 329 329 0 -0.1135252218 0.02581368698 -0.1524282105 -0.07217390397 0.08025430657 -0.1572171195 -0.06753245555 0.08968466398 0.04006181766 0.04289519703 0.04768410602 nan nan
63 37864 203 203 0 -0.1216008589 0.02001495957 -0.1497020822 -0.08759971905 0.0621023631 -0.1546260321 -0.07751886226 0.07710716987 0.167224575 0.03321288918 0.04164777984 nan nan
64 41990 90 90 0 -0.1886399551 0.03400159588 -0.2154707551 -0.1190099598 0.09646079527 -0.215964979 -0.1172903056 0.09867467346 0.5308831931 0.0624991279 0.06421878215 nan nan
65 38246 250 250 0 -0.8928339414 0.02531319962 -0.9389004482 -0.8544766522 0.08442379604 -0.9548175775 -0.8097326895 0.145084888 0.002909049515 0.05247822628 0.07795123733 nan nan
66 43376 227 227 0 -0.2527595761 0.004008147253 -0.2567062817 -0.2441482881 0.01255799355 -0.2571532787 -0.2348440175 0.02230926114 1.44473384 0.007099609007 0.01640387959 nan nan
67 40092 173 173 0 -0.944232731 0.01812214741 -0.9750327719 -0.9182670477 0.05676572417 -0.9774905606 -0.9003179365 0.07717262411 -0.1022120302 0.04000126638 0.04245905512 nan nan
68 45402 372 372 0 -0.9804852332 0.007276632352 -0.9886865144 -0.9665620155 0.02212449882 -0.9895364382 -0.9621636336 0.02737280457 0.5599383292 0.0115829123 0.01576876505 nan nan
69 107717 185 185 0 -0.9774470739 0.005849313631 -0.9826282964 -0.9651840414 0.01744425499 -0.9829416255 -0.9625188659 0.02042275962 0.6460227689 0.01471616915 0.01738134462 nan nan
70 39842 124 124 0 -0.24348399 0.01248841013 -0.2579647086 -0.2214340431 0.03653066553 -0.2581306086 -0.2154419983 0.04268861026 0.3222190899 0.02199652821 0.02798857295 nan nan
71 49473 3919 3919 0 -0.1526873451 0.01824176021 -0.1817254851 -0.1267972871 0.05492819804 -0.2086742811 -0.1181512267 0.09052305439 -0.1241900791 0.03118648004 0.05623085837 nan nan
72 65069 1436 1436 0 -0.9788954419 0.00734400456 -0.986723771 -0.9640052157 0.02271855535 -0.9884443673 -0.9621481556 0.02629621173 0.4408319149 0.01573183861 0.01758889873 nan nan
73 61738 2258 2258 0 -0.2264145008 0.009032944652 -0.2384231905 -0.2104566168 0.02796657367 -0.2400697697 -0.2057101331 0.03435963663 0.2317413897 0.01855935286 0.02330583663 nan nan
74 107740 92 92 0 -0.9337864685 0.01272576202 -0.9658583209 -0.9248176751 0.04104064586 -0.9699837358 -0.9218561655 0.04812757029 -1.229424038 0.03343720893 0.03756262383 nan nan
75 47001 70 70 0 -0.9066572276 0.02495179381 -0.9488867957 -0.8635659915 0.08532080423 -0.9557082226 -0.8571485538 0.09855966873 0.05143688912 0.04960616844 0.05642759531 nan nan
76 51135 146 146 0 -0.2555074001 0.002358906377 -0.2567939008 -0.2494268238 0.007367077023 -0.2569134696 -0.2440368364 0.01287663324 3.114602096 0.005670845981 0.01106083338 nan nan
77 76905 98 98 0 -0.9690270001 0.01287133887 -0.9776514891 -0.9472810102 0.03037047894 -1.020173947 -0.9397661975 0.08040774914 -0.853581297 0.02098547396 0.05313394161 nan nan
78 58115 1951 1951 0 -0.2121104863 0.01675743317 -0.2319370971 -0.1819244571 0.05001264005 -0.2333836252 -0.1742352401 0.05914838514 0.3514146382 0.03183172743 0.03952094444 nan nan
79 53280 83 83 0 -0.2025002578 0.03487782607 -0.2161193515 -0.1298907241 0.08622862741 -0.21618697 -0.1213125256 0.09487444439 0.1735559928 0.0575954673 0.0576630858 nan nan
80 58189 196 196 0 -0.8915728903 0.02785038538 -0.9264050008 -0.8415705846 0.08483441617 -0.9390185147 -0.8351913057 0.103827209 0.2511165252 0.04695182031 0.05214128123 nan nan
81 54901 84 84 0 -0.1872770183 0.03532911093 -0.2133021248 -0.1172322848 0.09606983993 -0.2263762848 -0.1158721306 0.1105041542 0.4011897053 0.0621510302 0.06351118445 nan nan
82 52575 120 120 0 -0.8233120804 0.06584928482 -0.8297434171 -0.8192987231 0.01044469397 -0.9067957897 -0.1064650305 0.8003307592 10.65471874 0.006557060962 0.7190936134 nan nan
83 61551 74 74 0 -0.8640191966 0.01984901635 -0.8777130807 -0.8162876134 0.0614254673 -0.9120395118 -0.8118189567 0.1002205551 0.7161100035 0.04831368175 0.05106476268 nan nan
84 68805 401 401 0 -0.830382435 0.008987110243 -0.8354359648 -0.8225605655 0.01287539927 -0.9299306525 -0.8202492724 0.1096813801 -8.275934952 0.008078858861 0.09955311691 nan nan
85 57546 58 58 0 -0.1805907964 0.02442466165 -0.2207152726 -0.1496285509 0.07108672165 -0.2290819113 -0.1462787093 0.08280320191 -0.1910783164 0.03911518179 0.04175355915 nan nan
86 70955 1361 1361 0 -0.2298657925 0.01029072275 -0.2362984257 -0.2042122912 0.03208613444 -0.2375138738 -0.1946136333 0.0429002405 1.053611902 0.02542304629 0.03502170426 nan nan
87 61172 155 155 0 -0.9094665553 0.02189200342 -0.9426466125 -0.8745428027 0.06810380973 -0.9521296514 -0.8635497068 0.08857994462 0.08020602594 0.03822249215 0.04638674009 nan nan
88 65016 2308 2308 0 -0.207894355 0.01421031586 -0.2287625455 -0.1870958982 0.04166664731 -0.2304734479 -0.1811947247 0.04927872311 0.05891129176 0.02376969111 0.02967086456 nan nan
89 67628 834 834 0 -0.1537943894 0.02013302134 -0.1821522733 -0.123447946 0.05870432733 -0.1880494435 -0.1203444104 0.06770503311 -0.01921049815 0.03291401288 0.0388111831 nan nan
90 60926 5598 5598 0 -0.1598200949 0.03356674213 -0.2012470703 -0.1070214709 0.09422559943 -0.2039515331 -0.09858153335 0.1053699997 0.101432086 0.05212194031 0.06056187784 nan nan
91 76764 72 72 0 -0.8320315001 0.00203452156 -0.8338769366 -0.8276027322 0.006274204458 -0.8340140205 -0.8264254095 0.007588611032 0.7193473266 0.003905334616 0.005082657254 nan nan
92 67639 110 110 0 -0.1763510851 0.03419099843 -0.2130479076 -0.1156610471 0.09738686053 -0.2133542779 -0.1149958038 0.09835847413 0.2107874468 0.06505208621 0.06571732949 nan nan
93 136323 17136 17136 0 -0.157469931 0.02350398732 -0.1932489064 -0.1180549614 0.07519394501 -0.1998623779 -0.1050944008 0.09476797709 0.08358684989 0.04187032327 0.04828360694 nan nan
94 90021 86 86 0 -0.853948776 0.01903018918 -0.9047203427 -0.8450544464 0.0596658963 -0.9222794763 -0.8446865656 0.0775929107 -1.825084767 0.05465904109 0.07221817465 nan nan
95 133163 579 579 0 -0.8938239878 0.02829658294 -0.9362895865 -0.8579780477 0.07831153888 -0.9749030088 -0.8067932353 0.1681097735 0.3618918475 0.05823437769 0.08458768517 nan nan
96 86786 53 53 0 -0.8749173637 0.01679600263 -0.926074365 -0.8645694527 0.06150491233 -0.9359516733 -0.8618337771 0.07411789618 -2.291982578 0.05379169672 0.06366900495 nan nan
97 75322 202 202 0 -0.1259190467 0.01370025525 -0.1619894898 -0.121256889 0.04073260074 -0.1782957625 -0.1207995702 0.05749619227 -1.348123777 0.03532393612 0.05163020885 nan nan
98 82346 95 95 0 -0.9757166039 0.006178981965 -0.9811806896 -0.962742095 0.01843859459 -0.9813413598 -0.959564944 0.0217764158 0.6060897814 0.01513906284 0.01831621383 nan nan
99 119562 80 80 0 -0.8191268672 0.02430297406 -0.8782241115 -0.8075311604 0.07069295111 -0.900356223 -0.8068388271 0.09351739588 -1.106722775 0.06370129202 0.08583340349 nan nan
100 87684 2981 2981 0 -0.2168137178 0.009156989054 -0.224934845 -0.1948022211 0.0301326239 -0.2269615253 -0.1823318516 0.04462967366 1.168273007 0.02183485166 0.03430522115 nan nan
101 72016 907 907 0 -0.1179401267 0.01287205132 -0.145379946 -0.1041007257 0.04127922025 -0.1609405427 -0.1022830289 0.05865751379 -0.7561451724 0.02553519262 0.04109578935 nan nan
102 86918 382 382 0 -0.1375539105 0.01010859759 -0.1537192236 -0.1204543422 0.03326488135 -0.1565868055 -0.1197477876 0.03683901797 0.04738722477 0.01732034953 0.01926096895 nan nan
103 78981 1187 1187 0 -0.1002590186 0.00401651552 -0.1091255487 -0.09574425872 0.01338129002 -0.1160108859 -0.09455937668 0.02145150926 -1.048948867 0.009782289979 0.01666762718 nan nan
104 68925 542 542 0 -0.1083444143 0.009869676571 -0.131509185 -0.1019366751 0.02957250989 -0.1406692558 -0.1014286444 0.0392406114 -0.9745914942 0.02152326565 0.0306833365 nan nan
105 70032 142 142 0 -0.1422316975 0.01726827667 -0.1755216417 -0.123744102 0.05177753972 -0.1814849849 -0.1193719733 0.06211301155 -0.4740437772 0.02898315383 0.03202645744 nan nan
106 77806 336 336 0 -0.1968228007 0.01815492866 -0.2175925866 -0.1598254302 0.05776715642 -0.2219751204 -0.1538472573 0.06812786314 0.5102414249 0.04042251624 0.04640068916 nan nan
107 107834 478 478 0 -0.2372324584 0.01175197405 -0.2583673031 -0.2216524165 0.03671488661 -0.2586408872 -0.2153022319 0.0433386553 -0.200647362 0.01957658365 0.02352173412 nan nan
108 138156 340 340 0 -0.2531866883 0.0061458532 -0.2586949831 -0.2392204775 0.01947450557 -0.2589215434 -0.2360316404 0.02288990299 0.7984930006 0.01103462593 0.01422346308 nan nan
109 84739 139 139 0 -0.1597086117 0.01954602123 -0.1995999767 -0.1382426014 0.0613573753 -0.2103042566 -0.1328168619 0.07748739476 -0.5575703042 0.03324139455 0.04302648282 nan nan
110 131982 357 357 0 -0.1919932291 0.03527032262 -0.2126943678 -0.1156888041 0.09700556367 -0.2580658749 -0.1145243585 0.1435415164 0.501220786 0.0615332855 0.08153471784 nan nan
111 127281 82 82 0 -0.8287071191 0.004982933849 -0.8345234165 -0.8181171146 0.0164063019 -0.8346665396 -0.8170563063 0.01761023326 0.4731416605 0.01563581845 0.01669662672 nan nan
112 74330 486 486 0 -0.1822852777 0.03332187795 -0.2115371176 -0.1155955414 0.0959415762 -0.2121265505 -0.1134776817 0.09864886886 0.4269298607 0.06526002706 0.0673778868 nan nan
113 104488 1278 1278 0 -0.1744101384 0.03257771936 -0.2107683109 -0.1146509831 0.09611732787 -0.2117475551 -0.1127513457 0.09899620934 0.3089386478 0.0602340888 0.06213372615 nan nan
114 118398 2392 2392 0 -0.1001562127 0.01651557421 -0.1419829725 -0.08881057555 0.05317239697 -0.1566943981 -0.08690089978 0.06979349827 -1.081554703 0.04579519356 0.0605066191 nan nan
115 113342 265 265 0 -0.1271704945 0.02430227864 -0.1837968149 -0.1121409345 0.07165588032 -0.1936272803 -0.1116172005 0.08201007982 -0.8972457837 0.05170766771 0.06153813317 nan nan
116 122399 112 112 0 -0.2306258881 0.01901735846 -0.257284214 -0.1995971181 0.05768709589 -0.2582142253 -0.1911619555 0.06705226976 0.1717300066 0.03380636118 0.0422415237 nan nan
117 125857 141 141 0 -0.8533652848 0.02569106806 -0.9249286043 -0.8436194498 0.08130915445 -0.9546121363 -0.8428345035 0.1117776328 -1.759738709 0.07616304415 0.1058465762 nan nan
118 122402 184 184 0 -0.9738744305 0.0075252985 -0.9768768507 -0.9638747713 0.01300207933 -1.013659331 -0.9626456433 0.05101368785 -2.714473783 0.01193371643 0.03900290196 nan nan
119 141158 246 246 0 -0.9409062581 0.02067167784 -0.9633041314 -0.9021373755 0.06116675593 -0.976930498 -0.8976449868 0.0792855112 0.362719824 0.03513187648 0.04058153065 nan nan
120 74706 84 84 0 -0.8634971145 0.02058139532 -0.9073245426 -0.8444513452 0.06287319741 -0.9275140312 -0.8427470217 0.08476700948 -0.7407643954 0.04006042888 0.06024991749 nan nan
121 78627 66 66 0 -0.8641023833 0.01403711425 -0.889171017 -0.8381509551 0.05102006193 -0.8954777848 -0.8297115529 0.06576623193 0.1926519997 0.0287476777 0.03319487841 nan nan
122 124420 576 576 0 -0.9147336493 0.01653628797 -0.937592649 -0.882249351 0.05534329799 -0.9537595063 -0.8645784698 0.08918103643 0.3227856435 0.0334621966 0.04581376314 nan nan
123 120702 327 327 0 -0.9461029641 0.01106146392 -0.9660835671 -0.9301011272 0.03598243989 -0.9727353176 -0.9267025092 0.04603280841 -0.2215581176 0.02741690764 0.03406865811 nan nan
124 87559 124 124 0 -0.9664773649 0.003566119169 -0.9713849825 -0.9605468711 0.01083811146 -0.9716818662 -0.9577103669 0.01397149927 0.3575432264 0.005943045898 0.007866643647 nan nan
125 121586 9769 9769 0 -0.9524374586 0.01750927613 -0.9707350706 -0.9140143457 0.05672072482 -0.9746681534 -0.9021029491 0.07256520433 0.6584194386 0.03096787531 0.04287927193 nan nan
126 120587 1112 1112 0 -0.1202776333 0.02421753664 -0.1766039452 -0.1043510066 0.07225293859 -0.2557234333 -0.1033524743 0.152370959 -1.327286047 0.06475240483 0.143871893 nan nan
127 107934 3031 3031 0 -0.883065305 0.01719698492 -0.9273990061 -0.8717116275 0.0556873786 -0.958358395 -0.852211152 0.106147243 -1.477801909 0.04973572613 0.08069511498 nan nan
128 121146 127 127 0 -0.8525369476 0.03218886001 -0.9531756485 -0.842343292 0.1108323565 -0.9754450865 -0.8410529504 0.1343921362 -2.174237402 0.09573090097 0.118000339 nan nan
129 115982 2728 2728 0 -0.898612951 0.01434810221 -0.936462834 -0.8869457389 0.04951709506 -0.9619283668 -0.8841936211 0.0777347457 -1.789365694 0.04319033954 0.06865587233 nan nan
130 158319 109 109 0 -0.8224995127 0.004736535 -0.8305244663 -0.8163711643 0.01415330195 -0.830946676 -0.8149597117 0.01598696423 -0.1778769822 0.01333474542 0.01375695512 nan nan
131 127892 138 138 0 -0.847470228 0.008576947297 -0.8673152793 -0.8380391265 0.02927615272 -0.8756743674 -0.8353898788 0.04028448856 -1.019760937 0.02304906938 0.03140815749 nan nan
132 124671 570 570 0 -0.1648392616 0.01672409272 -0.1957296639 -0.1378953157 0.05783434818 -0.2085034376 -0.1317394261 0.07676401156 -0.1893872846 0.03242891237 0.0452026861 nan nan
133 146384 322 322 0 -0.8351068507 0.002734279376 -0.8374029305 -0.8281708087 0.009232121815 -0.8379247843 -0.8258948013 0.01202998304 1.035794593 0.005113533044 0.006539646006 nan nan
134 95195 1932 1932 0 -0.8582341378 0.01175151157 -0.8815251426 -0.8421591665 0.03936597611 -0.9038727188 -0.8394589889 0.06441372992 -0.7942478781 0.0303533603 0.05270093649 nan nan
135 106920 590 590 0 -0.1853967772 0.01734542368 -0.2039340833 -0.1512797213 0.05265436192 -0.2045097721 -0.1412734651 0.06323630708 0.4965639559 0.03186582178 0.04187207805 nan nan
136 108772 416 416 0 -0.9303175812 0.01532010856 -0.9563212485 -0.9064152617 0.04990598677 -0.9613123859 -0.8992771558 0.06203523015 -0.03093814436 0.02705095972 0.03248381537 nan nan
137 99266 294 294 0 -0.2058928824 0.01189150673 -0.217375054 -0.1808586202 0.03651643376 -0.2178312564 -0.1731390888 0.04469216755 0.574313533 0.02350959486 0.03122912625 nan nan
138 107029 73 73 0 -0.848799586 0.0026285991 -0.853948654 -0.8463394667 0.007609187311 -0.8564376183 -0.8460323563 0.01040526199 -0.7922246086 0.005081923325 0.007570887597 nan nan
139 109837 586 586 0 -0.8802102633 0.01859933401 -0.9087860076 -0.8499563281 0.05882967951 -0.9268426779 -0.8451594744 0.08168320349 -0.02577955364 0.03472801274 0.052784683 nan nan
140 103920 150 150 0 -0.9768869571 0.005732839764 -0.9817788511 -0.9639093076 0.01786954358 -0.9819994091 -0.9623547536 0.01964465545 0.7287514555 0.01261825743 0.01417281138 nan nan
141 169244 55 55 0 -0.88338656 0.02701955705 -0.9342083243 -0.8481792626 0.08602906177 -0.9435423847 -0.8434668272 0.1000755575 -0.2513953279 0.05288099643 0.06221505677 nan nan
142 106530 197 197 0 -0.8967008455 0.01905798373 -0.9210568686 -0.8611371019 0.05991976672 -0.9316681217 -0.8548858371 0.07678228456 0.3202827245 0.03568971819 0.04119409558 nan nan
143 107327 78 78 0 -0.9535284527 0.01249056015 -0.9684615472 -0.9276710182 0.04079052903 -0.9719059759 -0.9198940422 0.05201193369 0.6527680086 0.02603914907 0.03381612512 nan nan
144 167802 745 745 0 -0.2088046286 0.02513579547 -0.2341862949 -0.1459101691 0.08827612583 -0.2467892162 -0.1351056762 0.11168354 1.010202988 0.06159672929 0.07240122217 nan nan
145 173458 98 98 0 -0.8334928922 0.02648817937 -0.8811772934 -0.80928411 0.07189318338 -0.9296299484 -0.8082181176 0.1214118308 -1.023031867 0.04739497425 0.0958476293 nan nan
146 123438 209 209 0 -0.1813896438 0.03475789677 -0.2115986438 -0.1147022661 0.09689637767 -0.2122176495 -0.05348394016 0.1587337093 0.5656422954 0.06333692367 0.1245552496 nan nan
147 176484 108 108 0 -0.8651901564 0.03283366574 -0.9405939632 -0.8347970769 0.1057968863 -0.9725732575 -0.8330852921 0.1394879654 -1.069708802 0.08446553727 0.1164448316 nan nan
148 146480 671 671 0 -0.1645576876 0.03027189897 -0.2143056967 -0.1229265061 0.09137919056 -0.2203314283 -0.1189309226 0.1014005056 -0.1221158591 0.04904728031 0.05304286383 nan nan
149 110855 52 52 0 -0.8438001841 0.002528297504 -0.8496485925 -0.8413949567 0.008253635808 -0.8503340173 -0.8410314398 0.009302577481 -0.7560821314 0.00442329578 0.005108720536 nan nan
150 203913 141 141 0 -0.8549553744 0.02490620804 -0.9135883699 -0.8347771599 0.07881120997 -0.9639146843 -0.807230381 0.1566843033 -1.301017029 0.0586329955 0.1089593099 nan nan
151 132564 484 484 0 -0.1258390665 0.01932454359 -0.1655113196 -0.1112240011 0.05428731852 -0.1939106072 -0.1105449062 0.08336570092 -0.9122203374 0.05026306827 0.07866235585 nan nan
152 109896 130 130 0 -0.8994849349 0.01332833195 -0.9202428038 -0.8789506511 0.04129215269 -0.9254007605 -0.8753597731 0.05004098739 -0.008474370676 0.02238154657 0.02515737846 nan nan
153 117706 1239 1239 0 -0.8536533629 0.009332862306 -0.8696853566 -0.8400171339 0.02966822271 -0.8722238464 -0.8382109056 0.03401294083 -0.1289068364 0.01854801753 0.02108650732 nan nan
154 122287 51 51 0 -0.8623773568 0.009956147749 -0.8756012398 -0.846760959 0.02884028077 -0.8769259366 -0.8452459049 0.03168003171 0.1766933737 0.01721218408 0.01872723824 nan nan
155 125160 270 270 0 -0.896671991 0.01944128673 -0.9277713814 -0.8659174752 0.06185390613 -0.9332146761 -0.8558665334 0.07734814274 0.03390819663 0.03483877331 0.04488971519 nan nan
156 112612 80 80 0 -0.8601576891 0.008744131087 -0.8735033388 -0.8466648785 0.0268384603 -0.8762739824 -0.8461090121 0.03016497032 -0.01987129574 0.01508803283 0.01785867644 nan nan
157 141979 2111 2111 0 -0.09860150144 0.01013227676 -0.1200314791 -0.08609400779 0.03393747134 -0.1308253038 -0.0829019303 0.04792337352 -0.6560763733 0.02085489948 0.03164872417 nan nan
158 152539 1899 1899 0 -0.8880297216 0.01765284114 -0.9316610745 -0.8746264762 0.05703459827 -0.9565596163 -0.8714309425 0.0851286738 -0.919766964 0.05134832209 0.0762468639 nan nan
159 160687 10375 10375 0 -0.9338167065 0.01467380706 -0.9550378173 -0.9085795341 0.04645828318 -0.9598146955 -0.9017065806 0.05810811496 0.1596179937 0.02533771537 0.02996106275 nan nan
160 139237 180 180 0 -0.847884606 0.02463158626 -0.9140479394 -0.8304556062 0.08359233323 -0.9425932918 -0.8113509578 0.131242334 -1.690263498 0.06761872964 0.09616408196 nan nan
161 141438 1237 1237 0 -0.1906829839 0.03139174393 -0.2098547406 -0.1162603613 0.09359437924 -0.2108052098 -0.1113996206 0.09940558922 0.8166512923 0.06862094959 0.07348169033 nan nan
162 141302 53 53 0 -1.000862451 0.01687441722 -1.020787357 -0.9737070271 0.04708032954 -1.020820046 -0.9707013663 0.05011867967 0.1875177198 0.02847313085 0.02850582019 nan nan
163 143407 647 647 0 -0.1970919107 0.02071158171 -0.248111172 -0.1709130342 0.07719813785 -0.2583674984 -0.1587722864 0.09959521198 -1.056535573 0.0536843947 0.06394072107 nan nan
164 136225 1363 1363 0 -0.857429578 0.0107067404 -0.8711225092 -0.8389085184 0.0322139908 -0.8731829074 -0.8367763598 0.0364065476 0.2008641294 0.02518643472 0.02731859328 nan nan
165 171505 814 814 0 -0.8989619282 0.01766882949 -0.9227370427 -0.8666753721 0.05606167062 -0.9288025648 -0.8602118115 0.06859075331 0.2756667241 0.03190166709 0.03836522765 nan nan
166 151417 51 51 0 -0.9746142036 0.007620759079 -0.9807058536 -0.9718685935 0.008837260097 -1.015713282 -0.9715390217 0.04417426055 -4.469988211 0.00723654019 0.04042096423 nan nan
167 153567 2544 2544 0 -0.08555355394 0.01244292625 -0.1168930311 -0.07736744898 0.03952558211 -0.1339432526 -0.07556741856 0.05837583405 -1.369343264 0.03505853408 0.05210875561 nan nan
168 145934 130 130 0 -0.9370875312 0.004657534803 -0.9439125979 -0.9285073342 0.01540526363 -0.9446370003 -0.9270998942 0.01753710612 0.2852875412 0.008260364672 0.009667804712 nan nan
169 166807 839 839 0 -0.8267696312 0.02851883283 -0.8877199411 -0.8084817099 0.07923823115 -0.9707778875 -0.807091806 0.1636860815 -1.584749532 0.06977698877 0.1528349352 nan nan
170 174618 3242 3242 0 -0.9080741628 0.009040902087 -0.9240753728 -0.8945793742 0.02949599867 -0.9319327115 -0.8902340725 0.04169863907 -0.2036002212 0.01842728411 0.02628462282 nan nan
171 174565 84 84 0 -0.8269882331 0.01085132319 -0.8365480711 -0.8073742668 0.02917380433 -0.8385387825 -0.8068641415 0.03167464106 0.1301874424 0.02291643899 0.02490715041 nan nan
172 153918 52 52 0 -0.142142338 0.01955978366 -0.1724778787 -0.1147144311 0.05776344756 -0.1763117915 -0.1143440489 0.06196774269 -0.0176778229 0.03946896371 0.04330287657 nan nan
173 154611 1445 1445 0 -0.8583165259 0.01065850843 -0.8725380551 -0.8383389351 0.03419912007 -0.8755730373 -0.8357705154 0.0398025219 0.252011875 0.02000292396 0.02303790611 nan nan
174 187351 67 67 0 -0.8082961912 0.002731555025 -0.8148261437 -0.8069154437 0.007910699994 -0.8204196789 -0.8068966784 0.01352300044 -2.225745079 0.00701249829 0.01260603343 nan nan
175 169643 442 442 0 -0.8084060459 0.01492728062 -0.8441322363 -0.8074363959 0.03669584037 -0.8517491521 -0.8072575607 0.04449159142 -0.5898526857 0.0363840216 0.04400093744 nan nan
176 168958 282 282 0 -0.1368073543 0.02699111041 -0.1923596536 -0.1102644404 0.08209521314 -0.1995762862 -0.109594726 0.08998156024 -0.576549905 0.05164048474 0.05885711739 nan nan
177 170926 727 727 0 -0.1618082604 0.02696394555 -0.1972227633 -0.1122353302 0.08498743312 -0.207482243 -0.1102346101 0.09724763292 0.1969980454 0.04721364014 0.04896292715 nan nan
178 173453 326 326 0 -0.9637847454 0.01388495453 -0.9761124496 -0.9377375727 0.03837487688 -1.018186568 -0.9312346719 0.08695189629 0.1507208062 0.02128299768 0.05965311459 nan nan
179 183842 352 352 0 -0.8618578085 0.02808827315 -0.9074242988 -0.8148883771 0.09253592172 -0.9762341106 -0.8087254773 0.1675086333 -0.9275266387 0.05045498529 0.1192647971 nan nan
180 182265 1084 1084 0 -0.1456836079 0.03411821044 -0.2043289622 -0.1067734575 0.09755550474 -0.2058128086 -0.105427127 0.1003856815 -0.2335119101 0.05588718456 0.0573710309 nan nan
181 174823 856 856 0 -0.1997660763 0.01171205945 -0.2085772608 -0.1715005463 0.0370767145 -0.2092012032 -0.1623387285 0.04686247469 1.061171888 0.0265632518 0.03572506957 nan nan
182 173712 483 483 0 -0.252458516 0.007235001041 -0.2590084187 -0.2373899902 0.02161842849 -0.2593009963 -0.2340041887 0.02529680758 0.5557770225 0.01477865699 0.01816445851 nan nan
183 184891 124 124 0 -0.1766968551 0.03522794361 -0.2121211623 -0.1151642712 0.09695689106 -0.2467206425 -0.06609019004 0.1806304525 0.3564216417 0.0704710422 0.1195451234 nan nan
184 174489 5009 5009 0 -0.09402585876 0.01162013261 -0.1110385641 -0.07415673406 0.03688183003 -0.1165158109 -0.06698051137 0.04953529952 0.1378545635 0.0210326339 0.02643849518 nan nan
185 169367 173 173 0 -0.8085034652 0.005480348717 -0.8097796735 -0.8072632998 0.002516373726 -0.8358489057 -0.8071892914 0.02865961429 -4.274057693 0.002101673023 0.02817090527 nan nan
186 186077 253 253 0 -0.9368775629 0.005653370759 -0.9409180832 -0.9236238946 0.01729418867 -0.9416775527 -0.9223298488 0.01934770384 0.8915029597 0.009546525863 0.01084057159 nan nan
187 158732 188 188 0 -0.8116844423 0.04117998962 -0.8308544823 -0.8095603214 0.02129416098 -0.8342524459 -0.255689085 0.5785633609 13.16786322 0.0193018838 0.5559995828 nan nan
188 170213 56 56 0 -0.8101296035 0.004231816884 -0.8130772758 -0.8091408402 0.003936435585 -0.8329499099 -0.8091131929 0.02383671701 -4.712512704 0.003105187412 0.0229778215 nan nan
189 180073 2019 2019 0 -0.8981778683 0.009502274784 -0.9162875644 -0.8850801641 0.03120740027 -0.9239308484 -0.881548163 0.0423826854 -0.3336239809 0.0244088576 0.03205214161 nan nan
190 182088 2067 2067 0 -0.0743819795 0.01420905381 -0.1177100794 -0.06693305296 0.05077702647 -0.1366936405 -0.06361026077 0.07308337973 -2.387653027 0.04454789806 0.06353145912 nan nan
191 177383 3466 3466 0 -0.8660610142 0.01391173008 -0.8863295549 -0.8414922982 0.04483725669 -0.8956822362 -0.8348845658 0.06079767049 0.1550300808 0.02637461127 0.03267276148 nan nan
192 174403 229 229 0 -0.8177990377 0.006248370071 -0.8326013582 -0.8132947446 0.01930661355 -0.8335859625 -0.8093950962 0.02419086631 -0.6955047013 0.01844983992 0.01943444426 nan nan
193 178238 102 102 0 -0.9246925221 0.01546018542 -0.9459436744 -0.898871782 0.04707189238 -0.9589914793 -0.8850234814 0.07396799793 0.2338739254 0.02967878751 0.04078286776 nan nan
194 170665 53 53 0 -0.9350700639 0.001617252247 -0.93824586 -0.9335193568 0.004726503236 -0.9389654933 -0.9327426617 0.006222831581 -0.5607970886 0.003115549398 0.003835182709 nan nan
195 186177 644 644 0 -0.8217307112 0.004168504247 -0.8283081627 -0.8153399245 0.01296823822 -0.8298325448 -0.8142767474 0.01555579742 -0.01927753933 0.01148270611 0.01300708825 nan nan
196 181587 273 273 0 -0.1818202768 0.009198980578 -0.1969653061 -0.1682960143 0.02866929176 -0.2033922112 -0.1671901528 0.03620205843 -0.2841359345 0.01755602534 0.02398293051 nan nan
197 179171 684 684 0 -0.1423692567 0.02525772445 -0.1689061435 -0.09123882213 0.07766732137 -0.188457318 -0.08132203451 0.1071352835 0.4260562025 0.0468581835 0.05561379112 nan nan
198 209870 258 258 0 -0.8789013312 0.04341737042 -0.9507054872 -0.8341880111 0.1165174761 -0.9670765462 -0.8334158927 0.1336606535 -0.3794734616 0.1148704477 0.1312415067 nan nan
199 183992 55 55 0 -0.8448163515 0.003375579879 -0.8499562321 -0.8390179361 0.01093829598 -0.850302346 -0.8376874266 0.01261491944 0.1084368721 0.008620740737 0.008966854711 nan nan
200 187670 1992 1992 0 -0.88739818 0.01136397186 -0.8997822148 -0.8531625253 0.04661968958 -0.9051806614 -0.8439282917 0.06125236976 1.733248639 0.02974605049 0.03898028408 nan nan
201 183195 183 183 0 -0.1723303366 0.03302747215 -0.2115567344 -0.1172760486 0.09428068581 -0.2567242632 -0.1142070331 0.14251723 0.1242386779 0.06040525647 0.07960884907 nan nan
202 187458 267 267 0 -0.8305565977 0.009521959445 -0.8337464507 -0.8107773897 0.02296906103 -0.8344266655 -0.8097511261 0.02467553941 0.4731746726 0.01977920799 0.02080547162 nan nan
203 188365 144 144 0 -0.8628640027 0.009555070984 -0.88385585 -0.8530795699 0.03077628014 -0.8893703719 -0.8509488112 0.03842156062 -0.771342755 0.0191921811 0.02470670292 nan nan
204 191955 61 61 0 -0.9643945971 0.01518078935 -0.9753307326 -0.9205421071 0.05478862554 -0.9754743872 -0.9127594787 0.06271490858 1.589920084 0.04387056121 0.05165318964 nan nan
205 196937 542 542 0 -0.8374994021 0.0176959497 -0.8427945807 -0.8312237174 0.01157086337 -0.9750875882 -0.8289442731 0.146143315 -6.202538685 0.009580688537 0.1351848181 nan nan
206 184764 798 798 0 -0.1253683953 0.01648968047 -0.1577907585 -0.108936427 0.04885433147 -0.1641859396 -0.1080917175 0.05609422212 -0.4327124484 0.03398308058 0.04037826164 nan nan
207 185292 271 271 0 -0.9050714735 0.02034146613 -0.9350670398 -0.8722344591 0.06283258068 -0.9539136856 -0.862606324 0.09130736159 0.08961322577 0.03574400336 0.05439725062 nan nan
208 192657 903 903 0 -0.8409789234 0.00357575778 -0.846890247 -0.8354830556 0.01140719148 -0.8516405022 -0.8341071866 0.01753331563 -0.2632175205 0.006730417761 0.01009893214 nan nan
209 207954 523 523 0 -0.9301817887 0.006269853421 -0.9380879474 -0.9184918191 0.01959612827 -0.9391496062 -0.9138465369 0.02530306933 0.3636188713 0.01717756009 0.02182284228 nan nan
210 185518 1011 1011 0 -0.07610532083 0.02385888955 -0.1326639709 -0.06546914854 0.06719482237 -0.1542641838 -0.06441410327 0.08985008055 -0.9847365444 0.04693721501 0.06853742792 nan nan
211 208699 814 814 0 -0.9367266031 0.006102471609 -0.9435217209 -0.9245239787 0.01899774226 -0.9445526958 -0.920304283 0.02424841278 0.4819887412 0.01222346032 0.01644315599 nan nan
212 195967 1518 1518 0 -0.8618534552 0.0050581056 -0.8708338695 -0.8544932916 0.01634057793 -0.8730551993 -0.8505557459 0.02249945339 -0.1229179322 0.009222613025 0.012728417 nan nan
213 221491 287 287 0 -0.8589160433 0.02169464081 -0.9352846464 -0.8539208198 0.0813638266 -0.9656442364 -0.849485632 0.1161586044 -3.55404267 0.07654583029 0.1069054202 nan nan
214 198357 528 528 0 -0.09742984606 0.01853605417 -0.136753128 -0.07227889338 0.06447423463 -0.1636694319 -0.06387042503 0.09979900683 -0.7865973608 0.04191738663 0.06883369049 nan nan
215 207478 1091 1091 0 -0.8723566042 0.006696308058 -0.8790278977 -0.859027889 0.02000000877 -0.8806875002 -0.8477705198 0.03291698034 1.189834318 0.01679037462 0.02804774375 nan nan
216 201577 432 432 0 -0.839665216 0.00370825937 -0.8474007887 -0.83403344 0.01336734874 -0.8502688082 -0.8317775726 0.01849123556 -0.4402985632 0.009056616257 0.01192463569 nan nan
217 215999 177 177 0 -0.8415466341 0.003521153535 -0.8481724148 -0.8368028542 0.0113695606 -0.8493888576 -0.8333589814 0.01602987618 -0.3461517136 0.009228994662 0.01044543751 nan nan
218 200025 634 634 0 -0.8502968885 0.002919605169 -0.8551423854 -0.8457958148 0.009346570566 -0.8563912183 -0.8442777274 0.01211349093 -0.08215399317 0.005165716808 0.006629645042 nan nan
219 212975 194 194 0 -0.8444924252 0.003528983496 -0.8485067152 -0.838294575 0.01021214022 -0.8495680695 -0.837518759 0.01204931049 0.3071550393 0.007262722958 0.008324077239 nan nan
220 199435 1347 1347 0 -0.06558819921 0.01188351226 -0.09702368439 -0.06019841184 0.03682527254 -0.1418300551 -0.05885393284 0.08297612228 -2.20891491 0.03565325753 0.08045962826 nan nan
221 210407 105 105 0 -0.8337219129 0.000746553348 -0.8349826219 -0.8325965779 0.002386043965 -0.8355022102 -0.8322936649 0.003208545296 -0.2723023174 0.001496489852 0.002016078169 nan nan
222 211697 262 262 0 -0.8454053334 0.001551842594 -0.8474874708 -0.8425860846 0.004901386235 -0.8484062097 -0.841651812 0.006754397668 0.2618388239 0.002778441299 0.003407203585 nan nan
223 213762 96 96 0 -0.8514633956 0.001461673029 -0.8539214163 -0.8494171369 0.004504279375 -0.8544207718 -0.8490641732 0.005356598539 -0.147930692 0.002407200673 0.002722203113 nan nan
224 216403 906 906 0 -0.862794575 0.01339800926 -0.8959154858 -0.8535014786 0.04241400726 -0.9099110746 -0.8465535571 0.06335751747 -1.132665184 0.03395863206 0.04795422082 nan nan
225 217741 444 444 0 -0.8421897411 0.004153188879 -0.846143611 -0.8330279776 0.01311563346 -0.8470448371 -0.8313957379 0.01564909922 0.6614575029 0.008553077008 0.01018531666 nan nan
226 213015 149 149 0 -0.8632329134 0.01102871323 -0.8862988855 -0.851925571 0.03437331446 -0.8979255047 -0.8493949134 0.04853059124 -0.7496671454 0.02664316936 0.03826978854 nan nan
227 217754 418 418 0 -0.8506557653 0.002308104855 -0.8557019756 -0.8478914713 0.007810504336 -0.8574578979 -0.8472736749 0.010184223 -0.7125649511 0.004619354515 0.006375276754 nan nan
228 215359 911 911 0 -0.8815690653 0.01088346057 -0.9015989081 -0.866926752 0.03467215612 -0.9129311867 -0.864227961 0.04870322576 -0.3592607808 0.01943039265 0.02828217785 nan nan
229 218639 215 215 0 -0.8457459108 0.003157790792 -0.8511044428 -0.8410346455 0.01006979724 -0.8526933228 -0.8400081813 0.01268514148 -0.1356258694 0.005582198533 0.006947412004 nan nan
230 222316 89 89 0 -0.8675095232 0.003406945639 -0.8714194687 -0.8604093717 0.01101009706 -0.8720791862 -0.8580410239 0.01403816236 0.5529182553 0.007869635922 0.01023798371 nan nan
231 220314 258 258 0 -0.8502932626 0.002663632242 -0.8552488784 -0.8465236135 0.008725264912 -0.8567022865 -0.8451873195 0.01151496692 -0.2922692663 0.005154100087 0.006140260649 nan nan
232 221556 378 378 0 -0.8376061247 0.003346282361 -0.8432329867 -0.8324724523 0.01076053437 -0.8449067919 -0.8317229476 0.01318384427 -0.09849589514 0.006498982095 0.008172787286 nan nan
233 222949 55 55 0 -0.1897234054 0.01482476184 -0.2057983138 -0.1633428261 0.04245548771 -0.2059039987 -0.1614943849 0.04440961383 0.4078234979 0.02329043667 0.02513887786 nan nan

K=234, phase=forward, parameter=e [-]
cluster representative_source n_cluster n_valid n_missing median std p05 p95 width90 minimum maximum range skewness error95 error_max angle_origin_deg angle_resultant
0 85169 232 232 0 0.4266780028 0.04071723111 0.3644575548 0.4867281384 0.1222705836 0.3529399738 0.5151144933 0.1621745195 0.05591004367 0.06770163407 0.09608798891 nan nan
1 83961 230 230 0 0.6738984499 0.1016382464 0.5557470209 0.8856123423 0.3298653214 0.5146666517 0.8952125964 0.3805459447 0.7085340738 0.2049029617 0.2145032159 nan nan
2 24775 53 53 0 0.288306615 0.03565847994 0.2581618362 0.3764504547 0.1182886185 0.2110774913 0.3886786196 0.1776011283 1.045740972 0.1020967104 0.1143248752 nan nan
3 30334 107 107 0 0.7717931733 0.07114667328 0.588093308 0.8251425038 0.2370491958 0.4848679251 0.8366037708 0.3517358457 -1.793051273 0.1943838583 0.2976092412 nan nan
4 65627 243 243 0 0.3804062254 0.02259154925 0.3629309615 0.4392524681 0.07632150668 0.3590706997 0.4749130794 0.1158423797 1.238852341 0.04579520674 0.08145581801 nan nan
5 32672 154 154 0 0.3871962937 0.02946264426 0.3579491651 0.4540648542 0.0961156891 0.3573783224 0.4598450495 0.1024667271 0.7539935699 0.06649530305 0.07227549831 nan nan
6 62747 194 194 0 0.5464885578 0.1081585707 0.4317052861 0.7628345618 0.3311292757 0.4227068251 0.7985382134 0.3758313883 0.4611375209 0.2034006039 0.2391042555 nan nan
7 23789 730 730 0 0.4102629051 0.03590021761 0.3644955859 0.4843640448 0.1198684589 0.3535949382 0.5523281162 0.1987331779 1.097133899 0.07458406756 0.1425481389 nan nan
8 41757 56 56 0 0.4375289125 0.03264688477 0.3857302194 0.4999177379 0.1141875185 0.3729081006 0.5125649915 0.1396568909 0.2053660052 0.07332441197 0.08597166555 nan nan
9 29488 139 139 0 0.4728460947 0.01822066287 0.4400023445 0.4961798372 0.05617749266 0.4097228277 0.5117710008 0.1020481731 -0.4287798509 0.03716569033 0.05223763596 nan nan
10 40144 62 62 0 0.338234663 0.04668046984 0.2807838033 0.4467557835 0.1659719802 0.2749510046 0.4739528811 0.1990018766 0.8518204193 0.1025275158 0.1297246135 nan nan
11 22902 236 236 0 0.5809973713 0.09179221823 0.4756526632 0.7198013218 0.2441486587 0.4088129448 0.7991960764 0.3903831316 0.207580028 0.1588667221 0.2382614767 nan nan
12 16592 145 145 0 0.3502280043 0.04684773866 0.2805709867 0.4260245338 0.1454535471 0.2739853834 0.4869251522 0.2129397688 0.3981032133 0.07991279891 0.1408134173 nan nan
13 35004 102 102 0 0.4708559511 0.01954319413 0.437598722 0.4988361097 0.06123738774 0.3983974504 0.5118121445 0.1134146941 -0.3281721469 0.0389686522 0.06244796313 nan nan
14 33596 557 557 0 0.5746005775 0.09638650892 0.4788352033 0.7223158093 0.243480606 0.3994920436 0.8925239691 0.4930319255 0.5996022544 0.1495655408 0.3195458718 nan nan
15 19609 87 87 0 0.4515128817 0.02691450923 0.3983153873 0.4853900155 0.08707462814 0.3907045494 0.4919250977 0.1012205483 -0.3507772586 0.05243102537 0.05896610756 nan nan
16 20264 58 58 0 0.507927018 0.007436906498 0.4950109772 0.5163271466 0.02131616933 0.4907275574 0.5165734292 0.02584587185 -0.3531459992 0.01629919221 0.02058261206 nan nan
17 11041 433 433 0 0.2015963715 0.02353386766 0.1882715652 0.2293286164 0.04105705125 0.187579646 0.4204453479 0.2328657019 4.856569896 0.02544141301 0.2165581445 nan nan
18 40776 317 317 0 0.5608789961 0.08495954929 0.4811750585 0.7209997745 0.239824716 0.4000146229 0.8568787149 0.456864092 0.433171091 0.154604623 0.2901095637 nan nan
19 7288 1665 1665 0 0.3339379206 0.01687987163 0.3061253202 0.3607657204 0.05464040022 0.2961950764 0.3773671439 0.08117206756 -0.006969057587 0.03356903312 0.05017045663 nan nan
20 6462 649 649 0 0.3675394263 0.0264804867 0.356718234 0.4541104795 0.09739224552 0.3539981226 0.4977505891 0.1437524665 2.463420451 0.0880879689 0.1317280786 nan nan
21 51090 73 73 0 0.402307184 0.03527670465 0.3392371878 0.4520071212 0.1127699334 0.318381187 0.4653525611 0.1469713741 -0.2591924432 0.06419011051 0.07511749554 nan nan
22 8503 3741 3741 0 0.4290846126 0.03763012901 0.3807896359 0.4948398688 0.1140502329 0.36981521 0.5036010336 0.1337858236 0.1580971167 0.07008650688 0.07884767164 nan nan
23 54158 64 64 0 0.4944795005 0.01880430623 0.4538895921 0.5120365464 0.05814695435 0.4411584312 0.5124644318 0.07130600067 -0.804660804 0.0363795318 0.04911069269 nan nan
24 73762 62 62 0 0.2981034275 0.03837463346 0.271704431 0.3934399475 0.1217355165 0.2694811779 0.4797314376 0.2102502596 2.227389583 0.1111652368 0.1974567268 nan nan
25 23245 3717 3717 0 0.5349789028 0.01515065994 0.5044998978 0.5523377645 0.04783786664 0.4976087052 0.5562090262 0.05860032094 -0.422870071 0.04188003022 0.04877122282 nan nan
26 15530 594 594 0 0.3611981134 0.01673461344 0.3375345361 0.3916906256 0.05415608946 0.3331697072 0.4078469346 0.07467722742 0.339939027 0.02945879903 0.04503468 nan nan
27 19633 224 224 0 0.2309836331 0.003559449105 0.2228406897 0.2346406236 0.01179993395 0.2175441972 0.2356510465 0.01810684931 -1.052843098 0.009106768918 0.0144032614 nan nan
28 20669 2122 2122 0 0.4482966286 0.03677416831 0.3822661169 0.4955599071 0.1132937902 0.3692309094 0.5158410698 0.1466101604 -0.2442585673 0.06024972105 0.07671980289 nan nan
29 15491 1117 1117 0 0.4627299998 0.01908638473 0.4353083445 0.4959695047 0.06066116024 0.4258770809 0.5008442491 0.07496716825 0.132182819 0.03302094175 0.03889393917 nan nan
30 26123 374 374 0 0.3725932943 0.05621140834 0.2719721491 0.4461428016 0.1741706525 0.2579132411 0.4600455455 0.2021323044 -0.2460185417 0.1211672785 0.1352261866 nan nan
31 72592 55 55 0 0.5355676188 0.07270564375 0.4461682022 0.6551413879 0.2089731857 0.3623378093 0.7977850458 0.4354472365 1.455944863 0.1627212806 0.2947153558 nan nan
32 27918 89 89 0 0.2193250329 0.0175298097 0.1915367098 0.2465432608 0.05500655099 0.1880788024 0.2528674276 0.06478862514 -0.116211115 0.04343176612 0.04688967353 nan nan
33 27233 134 134 0 0.3552782342 0.02611483068 0.3107284015 0.3939419546 0.0832135531 0.2963352509 0.405169946 0.1088346951 -0.1820001685 0.04838459382 0.05621596903 nan nan
34 18133 158 158 0 0.2158135463 0.01517101999 0.188539292 0.2350679531 0.04652866118 0.1867751686 0.2379003508 0.05112518224 -0.2265215223 0.02701618669 0.0287803101 nan nan
35 20500 54 54 0 0.2989193349 0.03634936696 0.2650000446 0.3636644357 0.09866439101 0.239959274 0.421665223 0.181705949 0.819946324 0.06932653511 0.1273273225 nan nan
36 23823 203 203 0 0.2362618764 0.04550660327 0.2297110303 0.2408333437 0.01112231335 0.2249323821 0.5053994009 0.2804670188 5.117727773 0.008360900947 0.2700325807 nan nan
37 31986 60 60 0 0.4419549137 0.01032527554 0.4312972156 0.4621115678 0.03081435219 0.4278196485 0.4813589951 0.05353934664 1.065445414 0.01979704288 0.03107779178 nan nan
38 31558 150 150 0 0.3220932713 0.02574645887 0.2881769666 0.3682351325 0.08005816593 0.2830160012 0.3748722451 0.09185624394 0.2502547471 0.05809156014 0.06472867272 nan nan
39 42087 7240 7240 0 0.5683079598 0.05454234461 0.4905162265 0.6566306257 0.1661143992 0.45051842 0.7565838101 0.3060653901 0.2284303472 0.09651826308 0.1947260627 nan nan
40 64725 2768 2768 0 0.3585696468 0.03885685547 0.3036772065 0.4313495461 0.1276723396 0.2916400388 0.4951215475 0.2034815087 0.6447322366 0.07433478264 0.1232877824 nan nan
41 28142 51 51 0 0.2142373045 0.04608246885 0.1761990399 0.3106939026 0.1344948628 0.1744012197 0.3451331912 0.1707319715 0.7352173627 0.1180068085 0.1524460971 nan nan
42 31322 199 199 0 0.415877183 0.02078285304 0.3865616417 0.4516677652 0.06510612345 0.377251649 0.4749607454 0.09770909647 0.3434377387 0.04201822822 0.06531120849 nan nan
43 22231 190 190 0 0.3404073198 0.01931499146 0.3092306439 0.3693423153 0.06011167142 0.3017816544 0.3732561611 0.07147450668 -0.06292504553 0.0354005575 0.04284954704 nan nan
44 29031 129 129 0 0.5072186283 0.007554961006 0.491425314 0.5145414279 0.02311611393 0.485812868 0.5148484247 0.0290355567 -0.785995988 0.0202183968 0.02583084279 nan nan
45 46651 3125 3125 0 0.4033027871 0.01176086677 0.3835993847 0.4221401124 0.03854072762 0.3786585479 0.4279442274 0.04928567948 -0.01626165576 0.02158376697 0.02573102306 nan nan
46 43447 765 765 0 0.438192313 0.008999702509 0.4253503462 0.4539137793 0.02856343306 0.4160862756 0.4595598971 0.04347362157 0.158454882 0.01665480139 0.02304059526 nan nan
47 40685 599 599 0 0.4682248569 0.01124622927 0.4498168618 0.4861927707 0.03637590891 0.4384716141 0.4896628509 0.05119123679 -0.07281133515 0.02114327019 0.0324885179 nan nan
48 29871 91 91 0 0.3250861638 0.04400126406 0.2253981108 0.3540084277 0.1286103169 0.204174473 0.3561092636 0.1519347906 -0.7974651419 0.09458219635 0.1158058341 nan nan
49 28066 53 53 0 0.2063782754 0.04271446475 0.1768485073 0.2746298508 0.09778134348 0.1716030474 0.4049402828 0.2333372355 2.156505216 0.0766261157 0.2069365478 nan nan
50 30539 226 226 0 0.8483211328 0.09856305689 0.5741364269 0.8905165726 0.3163801456 0.4347641629 0.8915573273 0.4567931644 -2.069885535 0.2668124851 0.4061847492 nan nan
51 22053 163 163 0 0.2034434337 0.03419489767 0.1871941871 0.2477457406 0.06055155359 0.1749042742 0.4327603401 0.2578560659 4.224881392 0.04286879712 0.2276693233 nan nan
52 28876 1820 1820 0 0.5255017602 0.01095516055 0.5033737057 0.5376919139 0.03431820821 0.4923779036 0.540506714 0.04812881047 -0.5001539229 0.03206276532 0.04305856747 nan nan
53 31921 185 185 0 0.8721993517 0.04343531731 0.7547368602 0.8929455285 0.1382086683 0.6727240538 0.893771873 0.2210478193 -2.144180486 0.08438904888 0.1664018553 nan nan
54 72626 1104 1104 0 0.3030797569 0.01971407531 0.2836458122 0.346642355 0.06299654274 0.2786443418 0.3663314646 0.0876871228 0.7858747141 0.03839998589 0.05808909552 nan nan
55 31181 387 387 0 0.4415270841 0.03713611185 0.3794898685 0.4949731816 0.1154833131 0.3724001939 0.5074896888 0.1350894949 -0.1250154416 0.07468840109 0.08720490833 nan nan
56 29750 172 172 0 0.4057558021 0.04198359841 0.3150644855 0.442981092 0.1279166065 0.303537633 0.449171075 0.145633442 -0.6173607471 0.09288631936 0.1044131718 nan nan
57 27602 50 50 0 0.3322143671 0.04870150916 0.2272646408 0.3579093225 0.1306446817 0.2144121885 0.470062037 0.2556498485 -0.1796739058 0.1297033505 0.1425558028 nan nan
58 54409 2019 2019 0 0.4419123127 0.03021269335 0.3873747749 0.4842125486 0.09683777368 0.3713059076 0.4892253215 0.1179194139 -0.2345914691 0.05259404745 0.06266604388 nan nan
59 33278 72 72 0 0.8685413072 0.06486048942 0.6701035274 0.8916738964 0.221570369 0.6225088404 0.8920725405 0.2695637001 -2.069286178 0.2104871635 0.2580818505 nan nan
60 34339 307 307 0 0.3841025675 0.05347851704 0.2777197677 0.4438751813 0.1661554136 0.2576614476 0.4555890731 0.1979276256 -0.4089013297 0.1165684412 0.1366267613 nan nan
61 36155 156 156 0 0.5084921751 0.01171105186 0.4918725945 0.5136433833 0.02177078883 0.4862417267 0.5723421521 0.0861004254 2.795158156 0.02277877454 0.06004555327 nan nan
62 37409 329 329 0 0.7291396902 0.06210932693 0.6348944671 0.8280677525 0.1931732854 0.6231597659 0.8391347166 0.2159749507 0.03030152078 0.1038351468 0.115569848 nan nan
63 37864 203 203 0 0.7096945262 0.0482332456 0.641547897 0.7912498696 0.1497019726 0.6295049446 0.8153188933 0.1858139487 0.1583284193 0.08024020151 0.0997583808 nan nan
64 41990 90 90 0 0.5441626248 0.08460361135 0.4754813884 0.7155110379 0.2400296495 0.4740753114 0.7196418164 0.245566505 0.5095682781 0.1533777661 0.1575085445 nan nan
65 38246 250 250 0 0.3730154754 0.04791658337 0.2963458435 0.4522740134 0.1559281699 0.1788678319 0.4778075445 0.2989397127 -0.389515326 0.09108616228 0.1845564741 nan nan
66 43376 227 227 0 0.3725092316 0.01161812277 0.3610291809 0.3980915244 0.03706234352 0.3598464799 0.4240768876 0.06423040768 1.482711497 0.02153071199 0.04751607522 nan nan
67 40092 173 173 0 0.4611246165 0.02898014102 0.4180511786 0.5082931145 0.0902419359 0.3853222361 0.5119137313 0.1265914952 0.03233879523 0.0623055596 0.06592617638 nan nan
68 45402 372 372 0 0.5161846752 0.01076583603 0.4953872527 0.5281825629 0.03279531016 0.4886899658 0.5294155266 0.04072556083 -0.5880476804 0.01725051336 0.02394780028 nan nan
69 107717 185 185 0 0.5117653315 0.008728306052 0.4933642909 0.5194439141 0.02607962324 0.4893024473 0.5198946333 0.03059218606 -0.6603773063 0.02212930075 0.02619114435 nan nan
70 39842 124 124 0 0.3983509926 0.03464939928 0.3573957184 0.4585033037 0.1011075853 0.3569379297 0.4762015159 0.1192635862 0.2993370296 0.06000180313 0.07770001526 nan nan
71 49473 3919 3919 0 0.6335059335 0.0449096098 0.561472752 0.6966406248 0.1351678728 0.4921241588 0.7175698908 0.225445732 -0.1451753395 0.07700977994 0.1420149387 nan nan
72 65069 1436 1436 0 0.5139805206 0.01091345087 0.4916307917 0.525372347 0.03374155532 0.4887024871 0.5278521997 0.03914971259 -0.460752905 0.02364067851 0.02656898312 nan nan
73 61738 2258 2258 0 0.4464694931 0.02431965978 0.4133819691 0.4887512804 0.07536931139 0.4088214422 0.5014692633 0.09264782111 0.2038754963 0.04908118803 0.06179917086 nan nan
74 107740 92 92 0 0.4438899556 0.02027377558 0.4290425656 0.4946686327 0.06562606713 0.4240608997 0.5008580527 0.07679715303 1.18723693 0.05301888614 0.05920830616 nan nan
75 47001 70 70 0 0.3986371191 0.04410507948 0.3167962526 0.4685839382 0.1517876856 0.3032819915 0.4791917148 0.1759097233 -0.2295647452 0.08305694301 0.09366471958 nan nan
76 51135 146 146 0 0.3647047877 0.006978917561 0.3609407485 0.3829858965 0.02204514809 0.3605768019 0.3984148641 0.03783806211 3.111222587 0.01738850709 0.03281747461 nan nan
77 76905 98 98 0 0.499229467 0.01931045444 0.4656623783 0.5121508099 0.0464884316 0.4529210066 0.5721043294 0.1191833228 0.6501769616 0.03251254029 0.07587619709 nan nan
78 58115 1951 1951 0 0.48358931 0.04346943693 0.4311949596 0.5609053628 0.1297104032 0.4272993779 0.5801467681 0.1528473901 0.3283341661 0.08159930367 0.100840709 nan nan
79 53280 83 83 0 0.5088297987 0.08748328695 0.4736830086 0.6892105978 0.2155275891 0.4735232145 0.7099590733 0.2364358588 0.1640481514 0.1455950463 0.1457548404 nan nan
80 58189 196 196 0 0.3714774565 0.053669185 0.2683397336 0.4323388848 0.1639991512 0.2529533275 0.4529274001 0.1999740726 -0.3851592427 0.09439211413 0.1097785202 nan nan
81 54901 84 84 0 0.5476406072 0.08788382027 0.4810713268 0.7197627989 0.2386914721 0.4452556559 0.7230573605 0.2778017045 0.3800831065 0.1522701957 0.1555647572 nan nan
82 52575 120 120 0 0.221939575 0.05119633683 0.2103535079 0.2385080642 0.02815455621 0.1809474942 0.7457509923 0.5648034981 8.996024794 0.01836065881 0.5181498087 nan nan
83 61551 74 74 0 0.3176770948 0.04502947401 0.2015278573 0.3451460037 0.1436181464 0.1875519034 0.4062393371 0.2186874337 -1.018796732 0.1137726784 0.1277486324 nan nan
84 68805 401 401 0 0.2402908997 0.01918763697 0.2194319362 0.2529423939 0.03351045771 0.2128649497 0.4376589476 0.2247939979 6.773339562 0.02160892728 0.1973680479 nan nan
85 57546 58 58 0 0.5639805765 0.0620051131 0.4611046254 0.6408825219 0.1797778965 0.4379578304 0.6491004436 0.2111426132 -0.2194866091 0.09986453386 0.1090052371 nan nan
86 70955 1361 1361 0 0.4367056473 0.02752754276 0.419127815 0.5051629264 0.08603511142 0.4159278241 0.5297888721 0.1138610481 1.031717419 0.06731589896 0.09194184465 nan nan
87 61172 155 155 0 0.4028777391 0.0386706367 0.338088558 0.4585928558 0.1205042978 0.3157506531 0.4736399672 0.1578893141 -0.1814582962 0.06823609975 0.080579141 nan nan
88 65016 2308 2308 0 0.4947492427 0.03688400459 0.4398740401 0.5479438531 0.108069813 0.4352080028 0.5627669135 0.1275589107 0.04023025504 0.06096830417 0.07579136453 nan nan
89 67628 834 834 0 0.6308658047 0.04941790095 0.5604619084 0.704746792 0.1442848836 0.5455915835 0.7122572643 0.1666656808 -0.03167373829 0.08158404697 0.09645437189 nan nan
90 60926 5598 5598 0 0.6162176184 0.08263283276 0.5124486046 0.74449948 0.2320508754 0.5054648578 0.7647524702 0.2592876124 0.08563827744 0.1266147368 0.1468677271 nan nan
91 76764 72 72 0 0.2444257677 0.005192681277 0.2329886253 0.2489697178 0.01598109252 0.2298694275 0.2493253697 0.01945594228 -0.7423399834 0.01011548933 0.01323468713 nan nan
92 67639 110 110 0 0.5750811131 0.08494781268 0.4817705415 0.7235806987 0.2418101572 0.4809949078 0.7251866045 0.2441916967 0.1899592957 0.1594213195 0.1610272253 nan nan
93 136323 17136 17136 0 0.6221360453 0.05785271042 0.5328745669 0.7180912124 0.1852166456 0.5159875073 0.7493011938 0.2333136866 0.0610764221 0.1038292981 0.1205908532 nan nan
94 90021 86 86 0 0.2951002268 0.03792034716 0.2749255328 0.3952172088 0.120291676 0.2740657562 0.4254501939 0.1513844377 1.708306189 0.1087799564 0.1390129416 nan nan
95 133163 579 579 0 0.3748668177 0.05526295744 0.3039912093 0.4484749627 0.1444837534 0.1700719612 0.5081326674 0.3380607062 -0.99478115 0.09899238395 0.2002898591 nan nan
96 86786 53 53 0 0.338756161 0.03087234586 0.3177872267 0.4317845629 0.1139973363 0.3120702123 0.4479799114 0.1359096992 2.184705712 0.09827559007 0.1144709386 nan nan
97 75322 202 202 0 0.6988023528 0.03352529607 0.6104024275 0.7100456605 0.09964323295 0.5697493752 0.7111555837 0.1414062085 -1.359264355 0.08651634788 0.1271694001 nan nan
98 82346 95 95 0 0.5092110775 0.009244232069 0.4896584157 0.5173139843 0.02765556854 0.4847861299 0.5175630429 0.03277691298 -0.6250840157 0.02287650916 0.02774879494 nan nan
99 119562 80 80 0 0.206909706 0.0589323952 0.1731642319 0.346015767 0.1728515351 0.1704928964 0.3853930497 0.2149001533 0.9240554084 0.1525372815 0.1919145642 nan nan
100 87684 2981 2981 0 0.4718541563 0.02384876182 0.45018702 0.5288041627 0.07861714275 0.4447656631 0.5600445805 0.1152789174 1.129477065 0.05621926434 0.08745968204 nan nan
101 72016 907 907 0 0.7181782514 0.03114512415 0.6516142895 0.7514631445 0.099848855 0.6134302589 0.7558248663 0.1423946074 -0.7673754032 0.06196845141 0.100152482 nan nan
102 86918 382 382 0 0.6705750553 0.02459249272 0.6310656191 0.7120036495 0.08093803036 0.6240242206 0.7137089865 0.08968476588 0.03924226517 0.0421287067 0.04711323801 nan nan
103 78981 1187 1187 0 0.7606975384 0.009640556389 0.7394136566 0.7715159311 0.0321022745 0.7228381547 0.7743671427 0.05152898802 -1.050057909 0.02347889067 0.0400543925 nan nan
104 68925 542 542 0 0.7411892971 0.02386797509 0.6851247492 0.756642878 0.07151812881 0.6628021279 0.7578615478 0.09505941998 -0.979018005 0.05210700886 0.07442963016 nan nan
105 70032 142 142 0 0.6589841082 0.04242675857 0.5766935149 0.7039702598 0.1272767448 0.5617146175 0.7145570807 0.1528424632 -0.48731222 0.07073134597 0.07956537711 nan nan
106 77806 336 336 0 0.5232481492 0.04617879854 0.4686777932 0.6157407419 0.1470629487 0.4570346456 0.6304873444 0.1734526988 0.4808260524 0.1018014088 0.1165480112 nan nan
107 107834 478 478 0 0.4159459405 0.03265206537 0.356242759 0.4579701342 0.1017273752 0.3554143259 0.4765724846 0.1211581588 -0.2291854399 0.0551317499 0.06529135858 nan nan
108 138156 340 340 0 0.3709833816 0.01746234354 0.3552764338 0.4107159341 0.05543950034 0.3545469167 0.4189689496 0.06442203292 0.7697129818 0.03152577606 0.03977879154 nan nan
109 84739 139 139 0 0.6160331106 0.04875007092 0.5156111813 0.6687269621 0.1531157807 0.4878522073 0.6819461696 0.1940939623 -0.5856046151 0.08377406348 0.1094144362 nan nan
110 131982 357 357 0 0.5362971846 0.08804002953 0.4827109491 0.7235334015 0.2408224525 0.3570046691 0.7263236078 0.3693189386 0.448649129 0.1505560549 0.2176329203 nan nan
111 127281 82 82 0 0.2359293208 0.01324110388 0.2066115 0.2506008906 0.04398939059 0.2034498778 0.2509655416 0.04751566377 -0.5590025877 0.04215519008 0.04531681225 nan nan
112 74330 486 486 0 0.5602286789 0.0826854452 0.4857397014 0.723717597 0.2379778956 0.4841984636 0.7288523347 0.2446538712 0.4060565636 0.1598982238 0.1650329616 nan nan
113 104488 1278 1278 0 0.5799525167 0.08076413218 0.4877497989 0.7260017392 0.2382519403 0.4851753749 0.7306067435 0.2454313686 0.2862434341 0.1472360188 0.1518410232 nan nan
114 118398 2392 2392 0 0.7608816347 0.03992251665 0.6595883209 0.7881487836 0.1285604627 0.6234726993 0.7927236044 0.1692509051 -1.090563026 0.1108387792 0.1469544007 nan nan
115 113342 265 265 0 0.6956771459 0.05968364561 0.5558912875 0.7320791749 0.1761878874 0.5309292221 0.733337725 0.2024085029 -0.9141423758 0.1278349057 0.152796971 nan nan
116 122399 112 112 0 0.4337599199 0.05153993475 0.3597215308 0.5156251062 0.1559035754 0.3567731364 0.5387460415 0.1819729051 0.1320311076 0.08942354437 0.1125444797 nan nan
117 125857 141 141 0 0.2939420747 0.04964520069 0.2717227015 0.4298758591 0.1581531576 0.269857647 0.4774889916 0.2076313445 1.574442176 0.1462370693 0.1938502017 nan nan
118 122402 184 184 0 0.5065656371 0.01093671565 0.4916583033 0.5110068795 0.0193485762 0.489669898 0.5632849945 0.07361509647 2.554545798 0.01806726446 0.05551724262 nan nan
119 141158 246 246 0 0.4555152714 0.0339453197 0.3895099834 0.4905591956 0.1010492122 0.3818552988 0.5110924251 0.1292371263 -0.4300696524 0.05985552779 0.06629922906 nan nan
120 74706 84 84 0 0.3156448194 0.04082250531 0.2736699687 0.3991357061 0.1254657374 0.2696425293 0.433634973 0.1639924437 0.59857636 0.07568583607 0.110185103 nan nan
121 78627 66 66 0 0.3179074781 0.029545442 0.2601705334 0.366993084 0.1068225505 0.2390818978 0.3786293168 0.139547419 -0.4096184984 0.05731118796 0.0750463144 nan nan
122 124420 576 576 0 0.4126394542 0.02888465587 0.3539470382 0.4506221738 0.0966751356 0.318888434 0.4761653448 0.1572769108 -0.4644043388 0.05828856089 0.08625841282 nan nan
123 120702 327 327 0 0.4641906856 0.01737791574 0.4384241567 0.4949331172 0.05650896053 0.4328140987 0.5049185142 0.07210441545 0.1788170576 0.04258685994 0.0525722569 nan nan
124 87559 124 124 0 0.4954057539 0.005420169102 0.4863639042 0.5029150753 0.01655117108 0.4819971122 0.5033578711 0.02136075889 -0.3731950072 0.009078564958 0.01204281833 nan nan
125 121586 9769 9769 0 0.4739232834 0.02807689203 0.4109120244 0.5018782719 0.09096624752 0.3900349249 0.5077452478 0.1177103229 -0.7281273291 0.05121524433 0.07209234386 nan nan
126 120587 1112 1112 0 0.7124507111 0.05939606938 0.5742626346 0.7508500502 0.1765874156 0.3637167203 0.7532387399 0.3895220196 -1.385199436 0.1585701277 0.3691160419 nan nan
127 107934 3031 3031 0 0.3548817817 0.0309656719 0.33260292 0.4334824145 0.1008794945 0.2922757074 0.4832534509 0.1909777435 1.348091298 0.08907787772 0.1388489141 nan nan
128 121146 127 127 0 0.2921712174 0.05956888986 0.2687964286 0.4749437548 0.2061473262 0.2657171078 0.5089094773 0.2431923695 1.98896697 0.1720535195 0.206019242 nan nan
129 115982 2728 2728 0 0.3837729382 0.02474285584 0.36224719 0.4483706993 0.08612350929 0.3570667969 0.4884786794 0.1314118826 1.667088779 0.0743438303 0.1144518105 nan nan
130 158319 109 109 0 0.219712316 0.01310704697 0.2020010954 0.24116885 0.03916775454 0.1977049379 0.2422506948 0.04454575683 0.1252721116 0.0367255856 0.03780743041 nan nan
131 127892 138 138 0 0.281957791 0.01884166943 0.2598947293 0.3244594144 0.06456468509 0.2534233822 0.3411610849 0.08773770277 0.8858133306 0.0498403981 0.06654206861 nan nan
132 124671 570 570 0 0.6033185962 0.04164151864 0.525539908 0.6695607173 0.1440208092 0.4925484064 0.6845508153 0.1920024089 -0.2208784884 0.08159009635 0.114581598 nan nan
133 146384 322 322 0 0.2521742037 0.006863738937 0.2346391094 0.2577761437 0.02313703428 0.2285973727 0.2590421672 0.03044479449 -1.064239336 0.01272467763 0.01697468894 nan nan
134 95195 1932 1932 0 0.3046649321 0.02470551348 0.2684205216 0.351803059 0.08338253742 0.2619586413 0.3930788656 0.1311202243 0.6044659036 0.0626218268 0.1038976334 nan nan
135 106920 590 590 0 0.5525247881 0.04338663183 0.5055030434 0.6371781181 0.1316750747 0.5040131172 0.6616296223 0.1576165051 0.477035041 0.07900960674 0.103461111 nan nan
136 108772 416 416 0 0.4381912922 0.02528564319 0.3974275873 0.4797697259 0.08234213864 0.3846765935 0.4874617701 0.1027851767 -0.03016231706 0.04533337488 0.05590236808 nan nan
137 99266 294 294 0 0.5002414098 0.03043377041 0.4704056208 0.5637505621 0.09334494125 0.4691532151 0.5830623472 0.1139091321 0.5509150177 0.05974576187 0.07905754696 nan nan
138 107029 73 73 0 0.2835141553 0.00593865714 0.2778076344 0.2950426724 0.01723503791 0.277126544 0.3004899893 0.02336344527 0.7584410853 0.01139171014 0.01683902705 nan nan
139 109837 586 586 0 0.3490985397 0.03642620716 0.2861585166 0.4016115645 0.1154530479 0.2751346524 0.4330619659 0.1579273136 -0.09125663921 0.06458078007 0.09603118148 nan nan
140 103920 150 150 0 0.5109592721 0.008582109546 0.4914304898 0.5181890953 0.02675860554 0.4890584919 0.5185090086 0.02945051668 -0.7512820828 0.01897740119 0.02134939905 nan nan
141 169244 55 55 0 0.3553079131 0.05089276017 0.2822760013 0.4446611953 0.1623851941 0.2713446185 0.4597301042 0.1883854856 0.09845107858 0.09330317832 0.1083720871 nan nan
142 106530 197 197 0 0.3801749098 0.03561843291 0.3107693583 0.4228486875 0.1120793292 0.2973441121 0.4410021188 0.1436580067 -0.4185571035 0.06827561776 0.08170086402 nan nan
143 107327 78 78 0 0.4758189014 0.01966485739 0.4344347666 0.4985778037 0.06414303714 0.4214351522 0.5037172937 0.08228214149 -0.7078833637 0.0416661265 0.05466574087 nan nan
144 167802 745 745 0 0.4919529528 0.06434562945 0.4240165012 0.6499630923 0.225946591 0.3890383637 0.6763504319 0.2873120683 0.94069629 0.1548406182 0.1812279579 nan nan
145 173458 98 98 0 0.2451212356 0.06173012819 0.1775263645 0.3493096688 0.1717833042 0.1742305955 0.4362649276 0.2620343321 0.7025453212 0.1034630371 0.1904182959 nan nan
146 123438 209 209 0 0.5624766898 0.0860086405 0.4856051958 0.7259123936 0.2403071978 0.4839347578 0.8726010776 0.3886663197 0.5376261273 0.1550391509 0.3017278349 nan nan
147 176484 108 108 0 0.3192007244 0.06187399503 0.2513015112 0.4551603328 0.2038588216 0.2471301049 0.5045641791 0.2574340742 0.8636515692 0.15515878 0.2045626262 nan nan
148 146480 671 671 0 0.6040025923 0.07558054461 0.4773422095 0.7059324869 0.2285902774 0.4613968454 0.7156045611 0.2542077157 -0.1504014745 0.1221687752 0.1300547944 nan nan
149 110855 52 52 0 0.2722350753 0.005887279001 0.2665068595 0.285705023 0.01919816353 0.2656485089 0.2872494647 0.02160095583 0.7273135435 0.010136123 0.01168056467 nan nan
150 203913 141 141 0 0.2974523402 0.05024739928 0.2516119639 0.4100524474 0.1584404835 0.1711696775 0.4914886223 0.3203189447 0.9075644508 0.1142486461 0.1940362821 nan nan
151 132564 484 484 0 0.6989799108 0.04722732169 0.6016623182 0.7342860262 0.132623708 0.5302051715 0.7359195157 0.2057143442 -0.9386870154 0.1229547038 0.1944118505 nan nan
152 109896 130 130 0 0.3850477827 0.02409950027 0.346621609 0.421332841 0.07471123196 0.3395825955 0.4300208064 0.09043821095 -0.04940373849 0.04146726308 0.04732361398 nan nan
153 117706 1239 1239 0 0.2948078326 0.02052228009 0.2633561832 0.328588742 0.06523255888 0.2589975502 0.3336602237 0.0746626735 0.05558648228 0.03938017066 0.04445165231 nan nan
154 122287 51 51 0 0.3133756281 0.02094070429 0.279820526 0.3402479388 0.06042741276 0.2762704908 0.3428518014 0.06658131055 -0.2160750595 0.03688887743 0.04043891262 nan nan
155 125160 270 270 0 0.3801197715 0.03555741226 0.3207377771 0.4340916235 0.1133538464 0.2994807075 0.44306315 0.1435824425 -0.1436020282 0.06676471945 0.08802178902 nan nan
156 112612 80 80 0 0.3084833965 0.01862079969 0.2786183043 0.3359026327 0.05728432832 0.2773252396 0.3413905713 0.06406533168 -0.03673883929 0.03114060105 0.03662853967 nan nan
157 141979 2111 2111 0 0.7647458798 0.02432838232 0.7132130518 0.7946969798 0.08148392802 0.6871132564 0.8023155303 0.1152022739 -0.6620213373 0.05014817305 0.07624796843 nan nan
158 152539 1899 1899 0 0.3643814774 0.03175597027 0.3385937622 0.4409520683 0.1023583061 0.3321582169 0.4804906954 0.1483324785 0.8322915062 0.09123567752 0.1307743047 nan nan
159 160687 10375 10375 0 0.4442766361 0.0241433544 0.401552152 0.4780567081 0.07650455605 0.3893461831 0.485419105 0.09607292187 -0.2145941312 0.04150263892 0.05140016298 nan nan
160 139237 180 180 0 0.2816893124 0.05022482821 0.2397837456 0.4114370875 0.1716533419 0.1840619675 0.4586330503 0.2745710829 1.373965515 0.1330921965 0.1802881594 nan nan
161 141438 1237 1237 0 0.5390750037 0.07791228283 0.4901492725 0.7221848237 0.2320355512 0.4876547954 0.7338802656 0.2462254702 0.7948657972 0.1684580675 0.1801535094 nan nan
162 141302 53 53 0 0.5452430583 0.02398734482 0.5060015209 0.57291628 0.06691475904 0.5012463609 0.5729557573 0.07170939641 -0.2112252594 0.03986117344 0.03990065075 nan nan
163 143407 647 647 0 0.5229027433 0.05449947376 0.3861306141 0.5887257723 0.2025951582 0.3562089582 0.6187627708 0.2625538125 -1.181190384 0.1435244668 0.1734461227 nan nan
164 136225 1363 1363 0 0.3030734461 0.02344431671 0.2607960211 0.3315589654 0.0707629443 0.2555273662 0.3356637619 0.08013639569 -0.266898418 0.05638614561 0.06165480053 nan nan
165 171505 814 814 0 0.3849224993 0.03233148419 0.3231879633 0.4261858252 0.1029978619 0.3097781141 0.4362639235 0.1264858094 -0.365654369 0.06104645831 0.07445630751 nan nan
166 151417 51 51 0 0.5076425919 0.01089588245 0.5035828378 0.5163829747 0.01280013688 0.5030339724 0.5660817502 0.06304777787 4.441287014 0.01044891949 0.05740346195 nan nan
167 153567 2544 2544 0 0.7959418577 0.02992478007 0.7205372642 0.8155324474 0.0949951832 0.6791918443 0.8198460473 0.140654203 -1.375523674 0.08430454593 0.1256499658 nan nan
168 145934 130 130 0 0.4497950481 0.007534182148 0.4357971132 0.4607145687 0.02491745548 0.433470247 0.4618650804 0.02839483338 -0.3049836656 0.01348330515 0.01581017131 nan nan
169 166807 839 839 0 0.2278242954 0.06471499833 0.1759354984 0.3628528492 0.1869173508 0.1710855758 0.5013612178 0.330275642 1.109484951 0.1593175288 0.2978258974 nan nan
170 174618 3242 3242 0 0.4008234051 0.01584263999 0.376584736 0.4282758418 0.05169110583 0.3684861099 0.4412969111 0.07281080112 0.1511449403 0.03174200205 0.04476307132 nan nan
171 174565 84 84 0 0.2318838545 0.03067020004 0.1717645275 0.2562613607 0.08449683319 0.1702295385 0.2610880469 0.09085850838 -0.1993914255 0.06268691417 0.06751360039 nan nan
172 153918 52 52 0 0.6594464357 0.04777725699 0.5847488527 0.7258707213 0.1411218686 0.5751869624 0.7267625339 0.1515755715 -0.02945650604 0.09691722078 0.1064791111 nan nan
173 154611 1445 1445 0 0.3051292595 0.02338720965 0.2594380472 0.3344363266 0.07499827938 0.2530886994 0.3405061375 0.08741743807 -0.3441698656 0.04198572872 0.04805553964 nan nan
174 187351 67 67 0 0.1749012736 0.009061610826 0.1705322128 0.1972756903 0.0267434774 0.1704350893 0.213839238 0.04340414867 2.037994628 0.02311278921 0.03967633693 nan nan
175 169643 442 442 0 0.17540896 0.04230053948 0.1722257029 0.2742727622 0.1020470593 0.1716128969 0.2914886008 0.1198757039 0.5593081529 0.1008053243 0.1180211629 nan nan
176 168958 282 282 0 0.6722335539 0.06643634145 0.5341628335 0.7365915283 0.2024286948 0.5156766846 0.7382129666 0.222536282 -0.6003330409 0.1285255948 0.1470117437 nan nan
177 170926 727 727 0 0.6112374969 0.06635315994 0.5227198759 0.7318787384 0.2091588625 0.4963274105 0.7366803261 0.2403529156 0.1730624969 0.1158399361 0.1213539218 nan nan
178 173453 326 326 0 0.4914041553 0.02137105185 0.4504117027 0.5098823597 0.05947065705 0.4397946277 0.5693291022 0.1295344745 -0.2358893372 0.03319319053 0.08607991231 nan nan
179 183842 352 352 0 0.3123309476 0.05867531502 0.194588585 0.3995462641 0.2049576791 0.1758338409 0.5100357641 0.3342019232 0.1961488408 0.120548766 0.2081837761 nan nan
180 182265 1084 1084 0 0.6507007489 0.08403432436 0.5045395863 0.7449958305 0.2404562442 0.5006638482 0.7482513907 0.2475875425 -0.2516817436 0.1395776682 0.1434534063 nan nan
181 174823 856 856 0 0.5161561918 0.02963870602 0.4934150945 0.5872220899 0.0938069954 0.4918321856 0.6099293871 0.1180972014 1.037334126 0.06689380063 0.08960109783 nan nan
182 173712 483 483 0 0.373411926 0.02052068553 0.3543927274 0.4160010405 0.06160831317 0.3534727016 0.4264309629 0.0729582613 0.5352689989 0.04094252119 0.05137244355 nan nan
183 184891 124 124 0 0.5737571625 0.08735298571 0.4842275784 0.7247948229 0.2405672445 0.3908187966 0.842575963 0.4517571664 0.3178691913 0.1729991493 0.2907802894 nan nan
184 174489 5009 5009 0 0.7757220837 0.02780737421 0.7349654346 0.8232063834 0.08824094873 0.7214374488 0.8403985721 0.1189611233 0.1344597092 0.050396644 0.06376693826 nan nan
185 169367 173 173 0 0.1762950083 0.01588723483 0.1717109974 0.1807575937 0.009046596221 0.1713656097 0.2545200833 0.08315447357 4.217210236 0.007247426495 0.08100991609 nan nan
186 186077 253 253 0 0.449443201 0.009220806949 0.4276824391 0.4559043732 0.02822193414 0.4255131169 0.4571189875 0.03160587062 -0.9083624813 0.01575073232 0.01792005452 nan nan
187 158732 188 188 0 0.1872943381 0.0227835849 0.1802180945 0.2422612123 0.06204311778 0.1792024833 0.3637110832 0.1845085999 3.078662502 0.05499426866 0.1764441396 nan nan
188 170213 56 56 0 0.1820797819 0.01220157905 0.1787687922 0.191711623 0.01294283074 0.1786603785 0.2473084623 0.06864808383 4.59286287 0.01010510112 0.06570194045 nan nan
189 180073 2019 2019 0 0.3832249126 0.01711899702 0.3589018298 0.4151366487 0.05623481895 0.3521154198 0.4280646574 0.07594923759 0.2750228056 0.04347136719 0.05639937581 nan nan
190 182088 2067 2067 0 0.8227386683 0.03414839409 0.7185530414 0.8404897802 0.1219367388 0.6724834423 0.8484060437 0.1759226015 -2.398593807 0.107063599 0.1531331981 nan nan
191 177383 3466 3466 0 0.3215089378 0.02916177997 0.2671177415 0.3614293314 0.09431158982 0.2509088292 0.3787971323 0.1278883031 -0.2781103123 0.05732463022 0.07353354252 nan nan
192 174403 229 229 0 0.2061992087 0.01764659165 0.1923925628 0.246384488 0.05399192524 0.1795494123 0.2488566445 0.06930723216 0.6168402873 0.05124767151 0.05371982795 nan nan
193 178238 102 102 0 0.4289556447 0.02648242448 0.3827181683 0.4635704814 0.0808523131 0.3567869823 0.4839630297 0.1271760473 -0.3586700173 0.05426700882 0.06595585153 nan nan
194 170665 53 53 0 0.4465288782 0.002617357456 0.4440081798 0.4516537546 0.00764557478 0.4427405759 0.4528099334 0.01006935743 0.5550681889 0.005029966708 0.006186145468 nan nan
195 186177 644 644 0 0.2174573852 0.01175225558 0.1987347768 0.2353542676 0.03661949073 0.19546198 0.2393299128 0.04386793276 -0.04559475833 0.03211486656 0.03609051176 nan nan
196 181587 273 273 0 0.5608459406 0.02322609257 0.5223476603 0.594708094 0.07236043371 0.5057899588 0.5974589832 0.0916690244 -0.2998606965 0.0445648354 0.06112253696 nan nan
197 179171 684 684 0 0.6586204162 0.06149920219 0.5931842959 0.7822736223 0.1890893265 0.5440502209 0.8060407374 0.2619905165 0.4077957512 0.1135600223 0.1341521734 nan nan
198 209870 258 258 0 0.3467051465 0.08458877245 0.2493711689 0.47141501 0.222043841 0.2474028211 0.4964828271 0.249080006 0.2788763712 0.2179521856 0.2430200028 nan nan
199 183992 55 55 0 0.2758771274 0.007805134844 0.2622456746 0.2875357464 0.02529007179 0.2590375259 0.2883104283 0.02927290241 -0.1462167805 0.0197744295 0.02054911141 nan nan
200 187670 1992 1992 0 0.3634043163 0.02256122946 0.2939278825 0.386192234 0.09226435149 0.2729211737 0.3958390216 0.1229178479 -1.92291289 0.06088637544 0.08189308424 nan nan
201 183195 183 183 0 0.5851182259 0.08208174348 0.4855791357 0.7196607825 0.2340816467 0.3607574164 0.7270899802 0.3663325638 0.08468435114 0.1478436904 0.2124218491 nan nan
202 187458 267 267 0 0.2411801795 0.02694128055 0.1842147979 0.2492960725 0.06508127466 0.1807469155 0.2509870427 0.07024012724 -0.4863770118 0.05696538162 0.06043326402 nan nan
203 188365 144 144 0 0.31532197 0.01940268588 0.2944427989 0.3569932461 0.06255044717 0.2897420696 0.3673618946 0.07761982501 0.6944876724 0.03793952327 0.04830817182 nan nan
204 191955 61 61 0 0.4922358084 0.02433384855 0.4209417894 0.5087187302 0.0877769408 0.4074968614 0.5089454078 0.1014485465 -1.708547672 0.07132118881 0.08476611687 nan nan
205 196937 542 542 0 0.2579604361 0.03362679809 0.2422343206 0.270735848 0.02850152748 0.2358425257 0.5083892962 0.2725467705 5.82439496 0.02394924714 0.2446012112 nan nan
206 184764 798 798 0 0.7002096541 0.0400249364 0.6211506059 0.7397896375 0.1186390316 0.605380263 0.7418360474 0.1364557844 -0.4406067364 0.08282928508 0.09859962793 nan nan
207 185292 271 271 0 0.3951733177 0.03638198962 0.3335311685 0.4460752857 0.1125441172 0.3138170666 0.4760937726 0.162276706 -0.1900439758 0.06302877711 0.09084797231 nan nan
208 192657 903 903 0 0.2660042005 0.008556691247 0.2524998465 0.2798156003 0.02731575377 0.2489836246 0.290574265 0.04159064047 0.1935296549 0.01642982038 0.02324953705 nan nan
209 207954 523 523 0 0.4385201471 0.01037188049 0.4189058007 0.4513594651 0.0324536644 0.410965131 0.4530676766 0.04210254559 -0.3935150116 0.02856910531 0.03650977498 nan nan
210 185518 1011 1011 0 0.8185265094 0.05739623661 0.6822888478 0.8439638565 0.1616750087 0.6294346258 0.8464854474 0.2170508215 -0.9896490837 0.1131980251 0.166052247 nan nan
211 208699 814 814 0 0.4491216108 0.009957436163 0.4290576227 0.4600546171 0.0309969944 0.4219727233 0.4616939842 0.03972126087 -0.5019525015 0.02010215407 0.02718705346 nan nan
212 195967 1518 1518 0 0.3127204923 0.01061680379 0.2968738313 0.331195747 0.03432191574 0.2882801873 0.3356421915 0.04736200418 0.07880541602 0.01925782701 0.0273953631 nan nan
213 221491 287 287 0 0.3069882546 0.03898443171 0.2962188691 0.4455935537 0.1493746846 0.2864102618 0.4935853339 0.2071750721 3.45535493 0.1389937072 0.1869854874 nan nan
214 198357 528 528 0 0.7674041861 0.04469611475 0.6723274845 0.8276655178 0.1553380333 0.6061941232 0.8477633629 0.2415692397 -0.8065829427 0.1013083857 0.167441747 nan nan
215 207478 1091 1091 0 0.3342374053 0.01375227822 0.3068049363 0.3473873679 0.04058243157 0.2819939407 0.3506113448 0.06861740406 -1.29211368 0.0343336627 0.05914465831 nan nan
216 201577 432 432 0 0.2634312396 0.008829143817 0.249706101 0.2815206346 0.03181453359 0.2440225201 0.2879847739 0.04396225377 0.3733895695 0.02124569497 0.02770983427 nan nan
217 215999 177 177 0 0.2682056918 0.00826071786 0.2568304738 0.2834603711 0.02662989724 0.2482743886 0.2862312878 0.03795689915 0.300059777 0.02147034887 0.02424126557 nan nan
218 200025 634 634 0 0.2876327481 0.006550689178 0.2773376283 0.2983550677 0.02101743945 0.2737840015 0.3010587942 0.02727479265 0.05405496665 0.01165108905 0.01518433076 nan nan
219 212975 194 194 0 0.2750788768 0.00822769538 0.260443284 0.2842281209 0.02378483691 0.2585586724 0.2866374337 0.0280787613 -0.3299355878 0.01675314531 0.01916245811 nan nan
220 199435 1347 1347 0 0.8436647442 0.02848161599 0.7683790296 0.8565485644 0.08816953481 0.6599356217 0.8597500074 0.1998143858 -2.2187847 0.08536673333 0.1938101413 nan nan
221 210407 105 105 0 0.2480664075 0.00190763148 0.2452198271 0.2513087641 0.006088936984 0.2444564497 0.2526239671 0.008167517458 0.2676757788 0.003792944846 0.005108147858 nan nan
222 211697 262 262 0 0.2768637504 0.003585849183 0.2702795835 0.2816417355 0.011362152 0.268077694 0.2837752252 0.01569753126 -0.2766037091 0.006483578169 0.007856111056 nan nan
223 213762 96 96 0 0.2908482452 0.003232993143 0.2862871869 0.296245513 0.009958326075 0.2854766908 0.297335828 0.01185913713 0.1367078562 0.005353523176 0.005984905658 nan nan
224 216403 906 906 0 0.314934847 0.02661535803 0.2950612394 0.3792634193 0.0842021799 0.2793274859 0.404175805 0.1248483191 1.030887497 0.06608031607 0.09099270172 nan nan
225 217741 444 444 0 0.2691508226 0.01010792436 0.2465382653 0.278407075 0.03186880964 0.2422886218 0.280528759 0.0382401372 -0.7053137546 0.02115563566 0.02540527915 nan nan
226 213015 149 149 0 0.3158761157 0.02235151393 0.2916569587 0.3614561676 0.06979920894 0.2860122317 0.3829135008 0.09690126904 0.6580533442 0.05308968388 0.07454701699 nan nan
227 217754 418 418 0 0.2887539939 0.005109333965 0.2825468285 0.2997846382 0.01723780969 0.2809913148 0.3035904699 0.02259915511 0.6721114374 0.01010683401 0.01391266571 nan nan
228 215359 911 911 0 0.3524256591 0.0207346071 0.3234129973 0.3895073717 0.06609437443 0.3178536648 0.4094103611 0.09155669633 0.2851660266 0.03730538953 0.05110340942 nan nan
229 218639 215 215 0 0.2773381472 0.007300740826 0.266243059 0.2895420948 0.02329903577 0.2637643908 0.2930669546 0.02930256379 0.1017055804 0.01300687719 0.01572880744 nan nan
230 222316 89 89 0 0.3248381314 0.006999445198 0.3101268453 0.3327311659 0.02260432059 0.3051387243 0.3340459546 0.02890723032 -0.5792486648 0.01627317921 0.02126130025 nan nan
231 220314 258 258 0 0.2878031793 0.005969137874 0.2792170142 0.2987751748 0.01955816057 0.2761151355 0.3019345659 0.02581943044 0.2536012326 0.01137349263 0.01351915049 nan nan
232 221556 378 378 0 0.2579703486 0.008252025167 0.2450523622 0.2715651755 0.02651281328 0.2430977559 0.2754876901 0.03238993427 0.05688413656 0.01574627378 0.01966878843 nan nan
233 222949 55 55 0 0.5420598524 0.03729720546 0.5007102355 0.6074792961 0.1067690606 0.5004053736 0.6120442733 0.1116388998 0.3928336173 0.05811130325 0.06267628049 nan nan

K=234, phase=forward, parameter=w [deg]
cluster representative_source n_cluster n_valid n_missing median std p05 p95 width90 minimum maximum range skewness error95 error_max angle_origin_deg angle_resultant
0 85169 232 232 0 -3.181298796 15.19771801 -12.05949292 25.38184435 37.44133727 -13.7873201 76.24347842 90.03079852 3.064886913 31.35044481 82.21207888 354.700048 0.9675916899
1 83961 230 230 0 -8.323652902 25.01118283 -22.02252274 52.82463339 74.84715614 -24.8810997 151.5001509 176.3812506 1.909983468 64.47508806 163.1506056 249.3873797 0.9157076842
2 24775 53 53 0 -12.97379601 21.603856 -19.55593643 36.37241284 55.92834927 -21.55507593 67.60935587 89.1644318 0.976664288 52.21536461 83.45230765 65.47919357 0.9313836021
3 30334 107 107 0 -7.631149316 48.48797169 -16.62535858 115.9093481 132.5347067 -171.1732047 175.6888624 346.8620672 1.486097155 139.6699444 179.3532418 276.6947015 0.774994242
4 65627 243 243 0 -4.521977164 17.76935838 -20.0933701 40.16320723 60.25657733 -22.69275737 71.78242602 94.4751834 1.484860571 39.53333279 71.15255158 218.3754105 0.9538867768
5 32672 154 154 0 -2.478857102 22.53884894 -33.50486255 41.88068155 75.38554411 -39.32729146 58.45351736 97.78080882 0.4866187026 53.13745924 69.71029505 250.7601823 0.9251708035
6 62747 194 194 0 -2.601985116 19.33944717 -23.0072871 37.91838297 60.92567007 -26.62880124 95.21476422 121.8435655 1.453378612 45.07318151 102.3695628 245.4868102 0.9464648808
7 23789 730 730 0 -5.392088232 24.29538315 -26.988729 48.05804592 75.04677493 -27.6690547 166.906969 194.5760237 1.289854263 73.59099107 167.5600859 208.5836058 0.9171640733
8 41757 56 56 0 -6.661792089 17.58201903 -13.65399249 38.85143042 52.50542291 -14.59109256 50.17254107 64.76363363 1.681044006 45.8615766 57.18268725 13.25274752 0.9545154445
9 29488 139 139 0 -3.667479568 12.15260187 -11.31995732 16.36673232 27.68668964 -12.74814296 66.16220672 78.91034968 2.72908777 22.77857753 72.57405193 53.14594463 0.978619193
10 40144 62 62 0 -4.18902095 13.63371252 -9.458825027 30.10076705 39.55959208 -10.7467587 58.83173826 69.57849696 2.380211461 36.18763754 64.91860874 7.489971523 0.9727476858
11 22902 236 236 0 -2.855373509 21.9953763 -21.95109321 31.99226394 53.94335715 -177.1964488 117.8510374 295.0474862 -1.037645542 53.61260113 157.9735039 276.59475 0.9424008639
12 16592 145 145 0 -2.776688151 13.10502685 -16.13733809 27.67833353 43.81567162 -18.39665219 39.48949667 57.88614886 1.00461808 38.9841386 50.79530173 23.2497275 0.97425649
13 35004 102 102 0 -5.711217192 16.46689139 -11.9758164 37.85604995 49.83186635 -13.15445546 66.39496068 79.54941614 2.485695778 46.01356955 74.55248028 53.40739134 0.9612369526
14 33596 557 557 0 -5.218662306 18.64465007 -16.36327057 34.10386577 50.46713633 -32.7779001 127.3194547 160.0973548 1.868518492 50.62100439 143.8365933 304.2898171 0.9508577506
15 19609 87 87 0 -1.639213816 11.66455753 -16.51715925 20.89197627 37.40913552 -19.7961031 30.53699564 50.33309874 0.4654372366 28.01441049 37.65942986 24.13132272 0.9794483816
16 20264 58 58 0 -1.21180533 8.269929088 -11.20398293 15.98367976 27.18766269 -14.59358006 19.97657465 34.57015471 0.4881671736 16.76585908 20.75875397 36.69070421 0.9896303903
17 11041 433 433 0 -3.147743987 13.90005759 -13.24376963 23.57662673 36.82039635 -15.73779424 80.53789242 96.27568666 2.58294069 31.92559644 88.88686214 167.823303 0.9723953774
18 40776 317 317 0 -6.758834189 29.90529676 -24.14175398 44.32464889 68.46640286 -138.2035954 178.8297583 317.0333537 1.887627363 70.39155324 172.7327793 316.3478779 0.89459486
19 7288 1665 1665 0 -0.2694597635 2.568181453 -3.509656295 4.361007113 7.870663409 -4.032992076 6.821419887 10.85441196 0.3294324194 5.760972277 8.221385051 293.4536803 0.9989957849
20 6462 649 649 0 -2.526168582 7.266104245 -5.518169905 19.51357077 25.03174067 -5.628486172 27.92998848 33.55847465 2.06600164 22.17153535 30.58795306 295.0676017 0.9920295153
21 51090 73 73 0 -6.176703603 12.59394999 -12.36314002 21.94224387 34.3053839 -12.82144173 25.95763268 38.7790744 0.6638382734 31.41169731 35.42708611 56.80257516 0.9760127206
22 8503 3741 3741 0 -0.6760959424 6.277519109 -7.317000025 14.35324337 21.67024339 -8.345599498 24.8003749 33.1459744 1.31205716 16.03505247 26.482184 298.3189115 0.9940275722
23 54158 64 64 0 -0.470717984 13.12078657 -17.27725764 22.2683639 39.54562154 -19.29010459 27.9549909 47.24509549 0.3485620539 32.21868308 37.90531008 74.03100975 0.9740043947
24 73762 62 62 0 -7.245046659 18.49551895 -18.2688787 33.25329545 51.52217415 -19.90263338 64.19081717 84.09345054 1.360933179 42.61430341 73.55182513 72.7125852 0.9496683339
25 23245 3717 3717 0 -0.4009624803 4.633803422 -6.695612537 8.491002909 15.18661545 -7.910395572 14.83060769 22.74100326 0.5039853796 8.295302416 14.6349072 306.4001323 0.9967345365
26 15530 594 594 0 -0.3496548691 0.9658090355 -0.8597912327 2.1233537 2.983144932 -0.8983604289 4.130393504 5.028753933 1.794133293 2.684858078 4.691897883 290.3078526 0.9998579489
27 19633 224 224 0 -1.125769039 4.268065847 -5.501315742 7.847584526 13.34890027 -5.788633177 10.75004528 16.53867846 0.54067386 10.35709936 13.25956011 155.8251043 0.9972283145
28 20669 2122 2122 0 -1.920664314 8.05063615 -8.028488567 17.51564143 25.54413 -8.633776383 40.53720972 49.17098611 1.918316561 20.57219429 43.59376259 298.3401139 0.9902480855
29 15491 1117 1117 0 -0.02821824933 1.408805153 -2.271929503 2.376528067 4.648457569 -2.847220708 3.158471147 6.005691855 0.06574809434 2.612444737 3.393717356 295.906155 0.9996977407
30 26123 374 374 0 -0.6094935736 5.114170161 -7.076280439 8.796298329 15.87257877 -8.229001773 14.99251336 23.22151513 0.4416155346 13.74527987 19.9414949 325.2254757 0.9960227763
31 72592 55 55 0 -8.738164961 44.58713203 -21.11578745 113.01386 134.1296474 -25.03230606 160.4980898 185.5303958 2.034034941 121.7520249 169.2362547 251.1151846 0.7797671535
32 27918 89 89 0 -0.08150350919 6.531908206 -8.864051688 10.11246798 18.97651967 -11.28558853 17.96577406 29.2513626 0.5283878691 16.70580769 24.55911377 345.4450619 0.9935206045
33 27233 134 134 0 -0.8285745391 3.700492951 -4.449760767 8.513970196 12.96373096 -4.843008077 9.016342455 13.85935053 0.9641191155 10.56828495 11.07065721 38.81751271 0.9979166128
34 18133 158 158 0 -1.812646649 7.047673528 -8.982426795 12.68643104 21.66885783 -10.37366139 16.41804944 26.79171082 0.50282191 17.34007242 21.07169082 161.1593322 0.9924543675
35 20500 54 54 0 -7.995155676 18.16391364 -11.64197001 23.65645175 35.29842176 -11.89279994 90.94269253 102.8354925 2.69160779 34.79865395 102.0848947 145.6573663 0.9545710714
36 23823 203 203 0 -2.488428054 19.94825376 -8.003049765 7.703233222 15.70628299 -8.437918232 123.3316246 131.7695429 4.769932603 14.37624241 130.0046338 158.5194889 0.9534805649
37 31986 60 60 0 -4.049264253 19.81178844 -9.628590353 71.83369824 81.46228859 -10.50718658 80.07981047 90.58699704 3.391723953 79.61574436 87.86185659 230.7995393 0.9474521083
38 31558 150 150 0 -1.146179559 4.225717046 -4.627498977 7.0764711 11.70397008 -4.736587552 10.14806636 14.88465392 0.4664126096 8.800964328 11.87255959 38.35964306 0.9972825734
39 42087 7240 7240 0 -11.88217432 30.35264951 -30.81217071 54.32563573 85.13780645 -31.68183413 140.9852707 172.6671048 0.7480740727 82.6240137 169.2836486 193.671769 0.8673024226
40 64725 2768 2768 0 -3.476677239 10.58348144 -11.90436858 17.26951451 29.17388309 -12.98848433 40.20416367 53.192648 0.9274846137 19.38537016 42.32001932 303.823316 0.9831106667
41 28142 51 51 0 1.268379318 14.19151701 -20.68880354 23.48416472 44.17296826 -24.58686495 29.10939752 53.69626247 0.07201707801 34.33497186 39.96020467 58.89011397 0.9696353383
42 31322 199 199 0 -3.486884946 10.25244003 -8.057679619 26.69537189 34.75305151 -8.840005456 49.6830455 58.52305096 2.33754154 31.95418307 54.94185668 43.20631108 0.9843468884
43 22231 190 190 0 -0.3325286792 1.05437802 -0.9713442091 2.24708528 3.218429489 -1.073526551 4.321022701 5.394549252 1.906192482 3.058718636 5.132656057 291.3544868 0.9998307081
44 29031 129 129 0 0.1001026224 4.871991202 -7.562039987 7.708754482 15.27079447 -9.950366726 11.76526423 21.71563096 0.07095652193 10.95815848 13.34648521 58.83888146 0.9963897205
45 46651 3125 3125 0 -0.9917832642 11.71322566 -16.94797879 21.41976448 38.36774327 -20.18921701 34.1705199 54.3597369 0.4336447682 33.84358496 46.59434038 191.9306517 0.9792866359
46 43447 765 765 0 -11.04361172 21.88294072 -18.06246504 40.91863896 58.981104 -19.66916346 47.61607262 67.28523608 0.9792824569 56.00021922 62.69765288 186.3068048 0.9290281191
47 40685 599 599 0 -1.376567009 5.489466053 -6.57791256 10.61546999 17.19338255 -7.553637192 13.96166159 21.51529878 0.645779757 14.18501341 17.53120501 172.3043745 0.995418447
48 29871 91 91 0 -1.26498668 7.283119248 -8.766571997 13.77454995 22.54112195 -9.93186652 22.42306192 32.35492844 0.8894524309 21.7908863 30.43939827 142.781465 0.9919567114
49 28066 53 53 0 -4.169343506 32.33552298 -36.65730089 55.53671776 92.19401865 -39.22908396 105.8085118 145.0375957 0.8531540061 87.78656676 138.0583608 182.5517087 0.8543059293
50 30539 226 226 0 -5.599462849 38.04735228 -21.62492185 113.6032526 135.2281744 -23.44437453 158.72861 182.1729845 2.467023277 131.145864 176.2712214 286.1793417 0.8427313928
51 22053 163 163 0 -4.819576428 22.22957681 -12.05871406 39.81917091 51.87788497 -157.7142619 84.46948781 242.1837497 -0.4445078031 49.6906979 150.3327393 162.4773435 0.9415564756
52 28876 1820 1820 0 -0.2823362973 4.414553677 -6.382750709 7.147167255 13.52991796 -7.881868137 34.90352054 42.78538868 1.232011357 7.820780889 33.89173074 306.5396242 0.9970464416
53 31921 185 185 0 -2.071376363 11.78059973 -15.22473726 22.53757265 37.76230991 -17.2140903 30.34501652 47.55910682 0.638224945 26.39895321 28.38830624 284.3225575 0.9790493921
54 72626 1104 1104 0 -1.467599263 6.183055717 -7.245216953 12.89437191 20.13958887 -8.589899631 16.60867973 25.19857937 0.9022199664 13.22067604 16.93498386 305.8027131 0.9941935092
55 31181 387 387 0 -6.332297103 15.053251 -13.18607525 28.2741087 41.46018395 -14.04993515 40.1601395 54.21007465 1.105148419 36.99930014 48.88533094 305.3402347 0.9660046269
56 29750 172 172 0 -1.186571839 3.276345811 -3.624153605 6.604753255 10.22890686 -3.976857812 8.104352873 12.08121069 0.8673691562 8.186034996 9.685634614 318.7549307 0.9983661977
57 27602 50 50 0 -3.248119005 16.23838455 -7.893388572 15.16048739 23.05387596 -8.075457551 103.2401017 111.3155592 5.205281871 12.01122504 100.0908393 140.7080919 0.9676246326
58 54409 2019 2019 0 -1.354624098 8.906272687 -12.43856983 17.11325138 29.55182121 -15.36710466 27.1101275 42.47723217 0.55364843 19.14554784 29.14242397 307.2894612 0.9879817731
59 33278 72 72 0 -2.990715965 13.00126682 -15.05171171 27.20007432 42.25178602 -16.27445556 31.70226604 47.97672159 0.7965926502 36.13150751 40.63369923 283.4709209 0.9745432136
60 34339 307 307 0 -1.302397747 6.813059472 -7.472918364 10.41322304 17.8861414 -8.928491437 45.25103496 54.17952639 2.757487278 13.66892243 48.50673436 324.810402 0.9930724
61 36155 156 156 0 -1.28232629 9.341726746 -8.460479469 8.368566756 16.82904622 -9.914883267 52.05580336 61.97068663 3.525489331 10.59369254 50.92186546 59.24121686 0.9872263907
62 37409 329 329 0 -0.1956818255 7.485296724 -11.58113583 12.00226084 23.58339667 -13.18110288 15.9544987 29.13560157 0.06703079868 12.85360346 15.24619675 254.1273411 0.9914895097
63 37864 203 203 0 -0.2043557873 5.893400359 -8.995829649 9.687123438 18.68295309 -10.55534959 11.87351417 22.42886376 0.09522339735 9.963223619 11.48285297 252.0582363 0.9947187203
64 41990 90 90 0 -4.118617406 12.60638802 -13.97150467 26.01983919 39.99134386 -14.60199703 30.9114121 45.51340914 0.8638003155 38.59129828 43.48287119 260.8249775 0.9760479842
65 38246 250 250 0 -8.170797394 18.9779232 -13.60407345 43.13297297 56.73704642 -14.53667623 55.27573143 69.81240766 1.446093965 54.80227597 66.94503442 49.47804269 0.9469033444
66 43376 227 227 0 -3.810791681 12.53044001 -13.23610037 22.89143156 36.12753194 -13.88057449 48.97239106 62.85296555 1.099874481 35.05947218 61.14043167 195.6138594 0.9764506186
67 40092 173 173 0 -8.590448725 20.58620613 -20.1809417 43.20353855 63.38448025 -22.53178709 52.01478706 74.54657416 0.9860954061 56.48901344 65.30026195 60.62124052 0.9373311333
68 45402 372 372 0 -4.191889467 12.17086345 -12.89173949 22.62306948 35.51480897 -14.26502495 25.61354099 39.87856594 0.8834272891 22.21361746 25.20408897 318.6784654 0.97763126
69 107717 185 185 0 1.195458476 6.862246422 -6.872769889 7.67687459 14.54964448 -35.72373583 8.995519303 44.71925514 -2.491253502 11.89226833 40.74323427 342.7635004 0.9929222193
70 39842 124 124 0 -5.903650566 23.05572723 -26.45344542 46.31916497 72.77261039 -29.31753532 64.86859161 94.18612692 0.9303161237 58.86280434 77.41223097 252.5976521 0.9222633177
71 49473 3919 3919 0 -6.731387546 20.3293428 -20.46569533 40.01306793 60.47876326 -157.9056232 89.92203545 247.8276587 1.118568867 54.62089685 143.4031168 185.5567037 0.9401826636
72 65069 1436 1436 0 -0.2731436608 7.705354803 -12.03066264 13.11807025 25.14873289 -15.92266675 19.59532024 35.51798699 0.1701259168 16.38606769 20.2780718 321.9698691 0.9909880757
73 61738 2258 2258 0 6.67761371 19.22994703 -31.63689688 23.68114722 55.3180441 -33.05927756 30.46899838 63.52827593 -0.4314948394 38.56370304 39.98608372 196.5932818 0.9445738618
74 107740 92 92 0 -2.760970349 7.060820288 -5.412829439 16.37223241 21.78506185 -6.183070562 17.83360544 24.016676 1.669739541 19.12231298 20.58368601 329.4059624 0.9924456672
75 47001 70 70 0 -2.104204607 44.94043225 -147.2435628 15.50540708 162.7489699 -175.9789645 24.07799254 200.0569571 -2.831707095 138.4044542 167.1398559 338.5183886 0.8257827003
76 51135 146 146 0 -0.3826141134 8.339296305 -9.673860794 15.83499291 25.50885371 -10.58689362 30.17693908 40.7638327 1.220103071 22.77718331 37.11912948 197.3195862 0.9894913412
77 76905 98 98 0 -1.017400516 14.09078109 -16.57265059 30.52500254 47.09765313 -19.74512876 54.64217678 74.38730554 1.913968897 34.1372035 58.25437775 78.33505942 0.9709142678
78 58115 1951 1951 0 -6.282764096 12.64665572 -10.19476914 28.46747263 38.66224177 -10.52881599 37.30304565 47.83186163 1.289138634 35.05379478 43.8893678 172.5299132 0.9759756668
79 53280 83 83 0 -1.539514244 6.929807692 -8.064047646 11.1154809 19.17952855 -8.538117069 11.33315139 19.87126846 0.3503646907 18.75256015 18.97023064 251.5402931 0.9927000452
80 58189 196 196 0 -0.5413576523 7.491935278 -11.10534985 15.63261096 26.73796081 -13.33414151 18.949305 32.28344651 0.5331255013 21.60401527 24.9207093 342.8651127 0.9914857694
81 54901 84 84 0 -1.071608193 18.92723706 -22.81390438 32.05771862 54.871623 -24.58524667 61.31429021 85.89953687 0.6706155338 53.15561101 82.4121826 326.0432582 0.9468568104
82 52575 120 120 0 -3.322193835 22.655717 -22.35680951 33.37268329 55.7294928 -45.75099273 127.5630839 173.3140766 2.002311989 42.15822934 129.5778629 114.1898299 0.9321757835
83 61551 74 74 0 -2.093621732 19.6433113 -26.4476145 29.49107256 55.93868706 -30.04174067 84.82467999 114.8664207 1.103765393 31.18866792 82.08512191 90.74209066 0.9444150957
84 68805 401 401 0 -1.538106175 19.24618033 -26.64805457 32.54945879 59.19751336 -30.39728771 80.42477531 110.822063 0.71361577 31.87521697 79.75053349 95.73526212 0.9454602189
85 57546 58 58 0 -6.905048042 22.06943459 -19.15306814 31.10283891 50.25590705 -21.08627055 115.7049183 136.7911888 2.664390871 34.31354359 118.915623 232.1737335 0.9365851304
86 70955 1361 1361 0 -3.397476656 17.21145322 -22.62343444 30.24143774 52.86487218 -24.84454746 35.30536178 60.14990924 0.4270447002 32.28839621 34.50950923 188.4100136 0.9555394042
87 61172 155 155 0 -1.804166759 9.752672813 -11.06921409 19.13241787 30.20163196 -12.41833234 35.70911794 48.12745028 1.636075573 26.1494278 42.72612788 59.62952341 0.9857273865
88 65016 2308 2308 0 -2.3174224 10.20322498 -12.27729569 20.42281679 32.70011248 -14.38765471 33.78549151 48.17314622 0.9235544818 26.95413381 40.31680852 179.163316 0.9842828247
89 67628 834 834 0 -3.547490521 12.3014985 -11.37636198 28.20145283 39.57781481 -12.87452159 54.45559055 67.33011214 1.944230841 36.17559928 62.42973699 193.1916699 0.9775561732
90 60926 5598 5598 0 -2.554961252 20.26593162 -28.2126277 37.60206003 65.81468773 -33.16067877 63.90106345 97.06174221 0.5257128868 44.00205812 70.30106153 186.3795366 0.9391423246
91 76764 72 72 0 -1.24417476 7.795443899 -9.294162607 15.60423983 24.89840244 -9.601366966 18.52287371 28.12424068 0.6738060649 22.20169504 25.12032892 149.529929 0.9907793771
92 67639 110 110 0 -2.993455388 12.23738085 -15.44898217 23.38158272 38.8305649 -17.69300751 39.80075088 57.49375839 0.9657536067 36.50460103 52.92376918 324.0987017 0.9774996192
93 136323 17136 17136 0 -3.270963476 12.59103791 -13.48021591 25.38495538 38.86517129 -14.10541963 49.4414778 63.54689743 1.058806062 38.39447128 62.45099369 164.9818638 0.9761970721
94 90021 86 86 0 -4.467801552 12.56755247 -11.40923109 29.87492163 41.28415272 -13.86076914 32.53052489 46.39129403 1.43001854 35.89515727 38.55076054 356.3209759 0.9763046135
95 133163 579 579 0 -5.177887967 15.7132308 -10.29823815 35.45390177 45.75213991 -47.07861756 75.0939678 122.1725854 1.857922697 44.61652549 84.25659152 125.0583073 0.9642177164
96 86786 53 53 0 -2.829409611 10.29923512 -7.419969061 27.64677504 35.0667441 -8.196893944 35.57558919 43.77248314 2.518472042 32.65803743 40.58685158 349.2340708 0.9841884806
97 75322 202 202 0 -1.206470086 9.408260608 -12.90322176 16.82574788 29.72896963 -14.64308976 26.42450962 41.06759937 0.4814275376 16.7557433 26.35450504 214.1353761 0.9865925611
98 82346 95 95 0 -0.08596724869 5.216931027 -8.446262909 8.67557152 17.12183443 -10.72015244 12.3573193 23.07747174 0.0785115097 11.69397801 13.96786754 6.659225079 0.9958617293
99 119562 80 80 0 -2.374941695 30.53680216 -51.88877854 63.18628194 115.0750605 -55.75527683 78.79737465 134.5526515 0.3361697008 69.0663766 84.6774693 135.9164909 0.8682164577
100 87684 2981 2981 0 -0.5377548559 15.97703392 -25.60299751 27.1795709 52.78256842 -33.18206224 44.12466119 77.30672343 0.1601029294 36.55778213 44.13684686 204.4371544 0.9617200926
101 72016 907 907 0 0.01728751184 6.646778306 -10.67090476 10.92629439 21.59719915 -14.01826641 16.16508172 30.18334814 0.04738061917 12.2471882 16.14779421 197.929557 0.9932876183
102 86918 382 382 0 -1.560723927 8.455221771 -10.98203852 15.67940092 26.66143944 -12.93779601 28.7765861 41.71438211 0.8658536972 16.12136842 29.2185536 199.710829 0.9891791678
103 78981 1187 1187 0 -0.5707569572 7.33702784 -11.27052993 12.91713072 24.18766065 -14.87585235 18.48002076 33.35587311 0.259283249 13.55981157 18.15128379 179.6338062 0.991827278
104 68925 542 542 0 -0.4271358256 6.88469841 -10.37657051 12.03911105 22.41568156 -14.17114545 18.84761222 33.01875767 0.3227484601 12.95221513 17.90076876 205.6399017 0.9928022407
105 70032 142 142 0 0.4021825333 10.30642306 -13.28660827 16.99804188 30.28465014 -15.01612144 21.77862481 36.79474625 0.2444168751 16.15477816 20.23847375 210.1058187 0.9838943109
106 77806 336 336 0 -3.111687899 20.28370774 -16.13818963 22.71865306 38.8568427 -19.8551005 114.3039015 134.159002 3.415312649 21.42106214 112.9885447 216.9950062 0.947561999
107 107834 478 478 0 -5.102984326 27.85419485 -31.35506988 54.63544963 85.99051952 -33.90829176 83.96975428 117.878046 0.8063476531 71.3181458 100.6524504 240.2901031 0.8882035939
108 138156 340 340 0 -3.060569536 22.75707045 -29.97158562 41.84817282 71.81975844 -32.59569829 72.05660756 104.6523059 0.5774285007 62.51158608 92.72002083 246.7941165 0.9237995614
109 84739 139 139 0 -0.6821242777 9.027103019 -13.55364703 15.30035856 28.85400559 -17.27394396 19.93672632 37.21067028 0.1634295523 16.4819929 18.80475056 234.078144 0.9876419252
110 131982 357 357 0 -4.834945235 23.71749453 -23.01912112 41.42687072 64.44599184 -24.87086181 143.849765 168.7206268 2.121825036 65.5556963 167.9785906 45.43463042 0.9257059422
111 127281 82 82 0 -5.365566303 12.62585523 -11.87522676 27.20208584 39.0773126 -12.50304274 38.54865549 51.05169823 1.298625855 36.8137594 48.16032905 221.3215308 0.9760848567
112 74330 486 486 0 -1.964498759 14.97131371 -19.71793857 29.26969819 48.98763676 -26.15834583 48.46261698 74.62096281 0.7140492786 40.18682967 59.37974846 313.1958904 0.9664504873
113 104488 1278 1278 0 -3.165228733 15.10757818 -18.13458334 31.16396777 49.29855111 -21.12985748 53.94162868 75.07148616 0.9571415765 44.38624342 67.16390432 286.7008847 0.9659168102
114 118398 2392 2392 0 -0.9637878392 10.12223516 -14.15357196 17.51576862 31.66934059 -16.85106206 31.4336011 48.28466316 0.3692881751 21.3751625 35.29299498 176.9105812 0.9844862703
115 113342 265 265 0 -2.901324754 14.46428949 -16.73957238 28.50944837 45.24902075 -19.44845451 49.40920597 68.85766048 1.073285115 29.66215612 50.56191371 298.3478028 0.968780662
116 122399 112 112 0 -12.22771127 33.27644792 -31.49986237 70.6127506 102.112613 -33.48831183 94.32234816 127.81066 1.095323798 86.00592312 109.7155207 344.9384483 0.8452837316
117 125857 141 141 0 -10.34993639 22.51967384 -18.40034188 49.49532615 67.89566803 -19.41584571 66.78773771 86.20358341 1.331888935 64.11811501 81.41052656 138.4072492 0.9261746207
118 122402 184 184 0 -4.135141432 14.13120354 -15.05568224 31.23067404 46.28635628 -16.18319135 49.85410491 66.03729627 1.377669864 33.03160346 51.65503433 150.8248906 0.9702152227
119 141158 246 246 0 -5.32104309 16.1768975 -15.21883245 33.23862362 48.45745607 -17.66194743 58.27650438 75.93845181 1.50344431 42.32190407 67.35978484 134.8797941 0.9613730048
120 74706 84 84 0 -0.6045774831 11.7079955 -17.42119524 18.0622442 35.48343943 -19.83721585 22.44458574 42.2818016 0.1412444695 22.400464 26.78280555 155.9967363 0.9792539589
121 78627 66 66 0 -0.3937065024 13.38652574 -17.49920903 22.25119452 39.75040355 -22.3314626 30.93256842 53.26403102 0.3503446569 22.81591908 29.36726799 69.2079135 0.9729688593
122 124420 576 576 0 -3.483105445 11.50539147 -12.12826043 23.35245667 35.4807171 -13.13002248 35.35628239 48.48630487 0.9625978445 30.18228636 42.18611208 43.58540159 0.9800419174
123 120702 327 327 0 -4.860729238 13.42564856 -13.54870041 27.23711549 40.78581589 -15.1622143 36.62229071 51.78450501 0.931540717 36.56854663 45.95372186 42.50184917 0.9728874484
124 87559 124 124 0 -1.121835545 10.01439795 -13.14086467 19.81209487 32.95295954 -15.83909689 23.08695099 38.92604788 0.5519694681 23.90792929 27.18278541 64.02029617 0.9848189796
125 121586 9769 9769 0 -2.11299555 13.09612563 -16.39992203 25.78410258 42.18402461 -19.18074411 50.92142536 70.10216947 0.9238213188 35.47538982 60.6127126 13.36577618 0.9742902384
126 120587 1112 1112 0 -4.895777041 26.06500815 -18.68299663 56.71374111 75.39673775 -167.5775536 143.3325934 310.910147 0.3868809308 67.56957438 160.7413997 229.4286862 0.9191018694
127 107934 3031 3031 0 -4.603455309 17.72591355 -17.85971454 36.40349471 54.26320925 -18.79621041 79.79714427 98.59335468 1.307114997 48.49358871 91.88723827 10.45567125 0.9538845738
128 121146 127 127 0 -5.824161988 31.31067332 -18.42807889 92.9575361 111.385615 -18.72337965 122.0616573 140.785037 2.508809708 95.66764681 124.771768 54.02250227 0.8802739066
129 115982 2728 2728 0 -6.78643365 15.39520261 -10.43681169 37.35286005 47.78967174 -10.51329516 60.62544288 71.13873804 1.878939987 44.77316846 68.04575129 1.000389552 0.9651711035
130 158319 109 109 0 -0.1917645596 7.81687765 -13.20250328 11.29574583 24.4982491 -15.2781772 18.40649782 33.68467502 0.07949686042 14.28477469 21.39552669 70.35673832 0.9907291601
131 127892 138 138 0 -1.653520452 6.666060759 -7.57738825 13.88874829 21.46613654 -8.695895611 19.71783354 28.41372915 1.102835384 15.87053864 21.69962388 52.56003975 0.9932590116
132 124671 570 570 0 -1.375229922 7.81865272 -10.66592862 15.3947262 26.06065482 -12.45334532 24.57693311 37.03027844 0.690962763 18.00552149 27.1877284 193.4021457 0.9907316507
133 146384 322 322 0 -0.9681445728 9.024695074 -12.28432461 15.29166696 27.57599156 -17.44872307 20.1353828 37.58410587 0.3457220274 20.43861368 25.28232952 74.73150686 0.9876471376
134 95195 1932 1932 0 -0.5887089006 10.74092743 -16.28239749 18.23094686 34.51334435 -19.79267072 22.70118423 42.49385495 0.1580919918 18.6928375 21.67365728 18.84409622 0.9825312508
135 106920 590 590 0 -4.839042148 14.20683091 -15.31156669 30.09149307 45.40305976 -17.33098066 41.36886797 58.69984863 1.038647533 37.93522077 49.21259567 221.5889332 0.9697452004
136 108772 416 416 0 -0.5033694707 6.955889887 -10.44468785 11.91570313 22.36039098 -13.15800475 16.63381774 29.79182249 0.2277523871 12.56572354 15.46320692 336.4541547 0.9926500056
137 99266 294 294 0 -3.69134842 12.32393093 -15.21945595 22.69599383 37.91544978 -18.2733198 29.5071547 47.7804745 0.655813003 30.63808232 37.44924319 229.0455465 0.9770740776
138 107029 73 73 0 -0.3525789952 2.238421506 -3.130320822 3.909760529 7.040081352 -4.364776289 5.444091053 9.808867343 0.4289726581 4.302901318 5.796670049 323.6299319 0.9992370959
139 109837 586 586 0 -1.603073698 10.04607517 -10.37842549 27.1232935 37.50171899 -12.0743958 50.26022958 62.33462537 2.202497356 29.54271177 52.67964784 334.0194995 0.9849721006
140 103920 150 150 0 -0.02728884381 4.427765259 -7.601948711 7.135916081 14.73786479 -10.37174993 9.811154064 20.18290399 -0.03565352561 8.260965333 10.74691886 353.4352439 0.9970176048
141 169244 55 55 0 -2.46455543 16.47308486 -18.96858007 36.22836232 55.19694239 -19.59729155 52.54428888 72.14158042 1.298473431 49.93172062 66.24764717 256.8995021 0.9599164334
142 106530 197 197 0 -1.768464116 6.208880975 -5.52143583 8.796174788 14.31761062 -6.263304654 44.50361643 50.76692109 3.926268151 10.37253013 46.07997177 46.21212291 0.9942808225
143 107327 78 78 0 -1.029839376 5.130760556 -7.567103301 7.985838113 15.55294141 -8.498243758 11.80911343 20.30735719 0.3029724821 8.322374743 11.73580037 357.7270088 0.9959959637
144 167802 745 745 0 -5.988496577 31.86317362 -29.04045031 87.42229033 116.4627406 -32.24569035 133.2625956 165.508286 1.839427516 97.93565101 143.7759563 216.9676881 0.8683768703
145 173458 98 98 0 0.09489801398 20.63898733 -30.57690068 29.75428996 60.33119063 -45.99696149 81.47458065 127.4715421 0.5947409148 42.55250681 81.60321591 148.804213 0.938187277
146 123438 209 209 0 -4.566700223 21.93495563 -22.02119368 37.54441571 59.5656094 -25.24562388 96.97167271 122.2172966 1.99690675 52.17024191 111.5974989 343.5608677 0.9334910497
147 176484 108 108 0 -9.147429909 27.10273836 -23.72894082 54.02292352 77.75186434 -25.77364982 116.7856267 142.5592765 1.540069654 74.56251345 137.3252167 145.8867273 0.898558046
148 146480 671 671 0 -2.565863834 22.01030271 -12.81300366 13.65111622 26.46411989 -13.97778977 123.9197133 137.8975031 4.13550538 15.22041633 125.4890134 192.2640445 0.943567089
149 110855 52 52 0 0.0471123436 3.20275598 -5.40062419 5.042974208 10.4435984 -5.973535791 7.212259368 13.18579516 0.0003632427397 6.0800592 8.24934436 49.32869044 0.9984386057
150 203913 141 141 0 -6.947598212 25.08010173 -23.21454428 43.16234315 66.37688743 -26.56134289 114.7248286 141.2861715 1.713623929 52.6436095 124.206095 152.3174285 0.9137131178
151 132564 484 484 0 -1.521152808 11.23789245 -13.02928833 23.02724535 36.05653369 -13.90899764 32.2426992 46.15169684 0.848055923 27.59715789 36.81261174 278.9178747 0.980945976
152 109896 130 130 0 -0.2857308568 1.892745532 -2.606099097 3.420373479 6.026472576 -3.124196738 5.371411053 8.495607792 0.5778235419 3.989077941 5.940115515 321.7528896 0.9994544898
153 117706 1239 1239 0 -1.248575764 6.202360058 -7.736391711 11.38192368 19.1183154 -9.476253151 14.92391703 24.40017018 0.5055206487 10.98945926 14.5314526 4.628270889 0.9941528683
154 122287 51 51 0 1.663833867 7.207478926 -11.80232234 9.388843039 21.19116538 -12.47639791 11.47110859 23.9475065 -0.5172366141 14.32812899 15.00220456 48.54859453 0.9921097432
155 125160 270 270 0 -0.6060544321 7.553682213 -10.96529797 12.50177522 23.46707319 -12.24903252 18.19018109 30.43921361 0.2599927731 12.83959505 18.52800092 56.6537559 0.9913354727
156 112612 80 80 0 -0.8299213591 3.490185532 -4.37467761 6.604338995 10.97901661 -5.092103512 8.867202693 13.9593062 0.6639687441 7.035775672 9.298639369 324.5880263 0.9981460594
157 141979 2111 2111 0 -0.2336747816 2.478116742 -3.551377004 4.216262601 7.767639605 -4.39965153 8.280499718 12.68015125 0.4333435342 4.958148098 9.022385215 157.1787513 0.9990650454
158 152539 1899 1899 0 -12.39889262 19.81114986 -15.14191391 38.32567659 53.4675905 -15.52991331 98.43797534 113.9678887 1.230292965 51.59514413 111.7074429 6.397962612 0.9426257976
159 160687 10375 10375 0 -2.996802795 12.17546352 -14.04433312 22.72768138 36.7720145 -14.97556382 30.09780401 45.07336783 0.609813043 30.03477809 37.40490071 5.649441783 0.9776040578
160 139237 180 180 0 -10.51298924 27.13927293 -18.92568209 56.09648903 75.02217112 -21.00025675 91.99214766 112.9924044 1.440738712 64.87357262 100.7692312 73.69176851 0.8953132899
161 141438 1237 1237 0 -4.82146134 13.23837299 -12.58105624 28.92828192 41.50933816 -12.92998189 39.38170696 52.31168885 1.115697087 39.55032961 50.00375464 277.5416573 0.9736815582
162 141302 53 53 0 -0.5247992389 8.412603844 -16.31570609 13.18339833 29.49910442 -20.15952019 21.96629413 42.12581432 -0.1271575693 17.31244652 26.09534232 99.91773465 0.9892903276
163 143407 647 647 0 -9.763003359 42.67275416 -27.8411905 108.5294335 136.370624 -179.7859612 158.0435198 337.8294811 1.456389274 132.3422762 176.8804093 251.0936428 0.7920229986
164 136225 1363 1363 0 -1.955032986 6.469432399 -7.200059954 12.84924033 20.04930028 -7.928053753 15.76094776 23.68900151 0.7407451189 17.82787604 20.73958347 1.729162453 0.9936413468
165 171505 814 814 0 -1.398452627 7.33637302 -9.803787819 13.39682677 23.20061458 -11.97531489 17.79525733 29.77057222 0.4805504396 19.47734801 23.87577858 45.84846874 0.9918268634
166 151417 51 51 0 -1.969383288 11.9100751 -13.57723412 23.88301717 37.46025129 -15.43546284 38.236153 53.67161585 1.619662994 25.21693083 39.38140679 100.411665 0.9788466343
167 153567 2544 2544 0 -1.141262285 5.830739793 -7.936777175 10.63870843 18.57548561 -10.38018402 15.35730421 25.73748823 0.4864130415 13.24039911 17.95899489 167.2483086 0.9948320781
168 145934 130 130 0 -0.04558293833 1.063859449 -1.686963052 1.671056056 3.358019108 -2.02748676 1.981204776 4.008691537 -0.02195173022 1.874607035 2.184755756 28.3609022 0.9998276273
169 166807 839 839 0 -1.630372532 20.07625897 -28.37111038 35.40056096 63.77167135 -35.49991221 102.7274053 138.2273175 1.070005439 54.67922824 122.0060726 72.60110781 0.9419685881
170 174618 3242 3242 0 -1.992231263 7.660015194 -8.762101928 15.58159423 24.34369616 -9.121543841 20.82112266 29.9426665 0.8071082127 19.8102052 25.04973364 359.7435615 0.9910986591
171 174565 84 84 0 -0.1599938323 13.87525822 -20.78509845 25.28181417 46.06691263 -23.08946045 31.08182223 54.17128268 0.2498615954 24.365243 30.13868164 75.64436823 0.9709992135
172 153918 52 52 0 -3.960910772 8.993362322 -7.847867157 21.75689015 29.60475731 -8.194537321 28.087287 36.28182432 1.646441895 23.77330748 30.10370434 28.71822614 0.9878032406
173 154611 1445 1445 0 -2.861627651 9.123512388 -10.1339135 17.75703421 27.89094772 -11.15314732 19.64384699 30.7969943 0.7321963445 19.93575529 21.82256806 5.67655904 0.9873827145
174 187351 67 67 0 -1.859203509 13.80775283 -20.2573153 24.14010624 44.39742154 -24.78733581 34.80925267 59.59658848 0.4365806213 30.07514078 40.74428721 103.0868014 0.9713298833
175 169643 442 442 0 0.8659857395 13.70041294 -26.36207931 22.27905184 48.64113116 -27.77171379 31.97950742 59.7512212 -0.2066804711 26.19402154 35.89447712 26.68442494 0.9717696009
176 168958 282 282 0 -2.299881105 15.14075344 -19.21507456 28.15403022 47.36910478 -21.80226589 49.12777682 70.93004271 0.6936236985 29.52233198 50.49607858 302.9264396 0.9656593197
177 170926 727 727 0 -5.306543706 16.44595526 -15.3420288 33.55147603 48.89350484 -17.26533799 68.83651682 86.10185481 1.711447886 43.86255104 79.14759183 282.9133147 0.9604648725
178 173453 326 326 0 -0.7627657622 13.66756859 -19.363038 24.62078164 43.98381964 -24.43288072 43.4637895 67.89667022 0.5359599356 33.89107772 52.73408558 149.4249677 0.9719397191
179 183842 352 352 0 -2.816617497 28.11636139 -26.03689971 42.42146141 68.45836112 -54.67291801 153.5773727 208.2502907 2.480065227 55.9213291 167.0772404 94.54786554 0.905592494
180 182265 1084 1084 0 -1.985863136 18.82550428 -25.66478378 34.68029429 60.34507808 -31.76845885 177.6770248 209.4454836 1.257987077 54.07612275 162.9271468 259.690016 0.9497754998
181 174823 856 856 0 -1.056441527 18.60644611 -25.42863047 33.21133562 58.63996609 -27.90826958 48.75409413 76.66236371 0.3805648499 45.40506175 60.94782026 293.875421 0.9483027045
182 173712 483 483 0 -3.420485054 22.70331575 -31.53923859 41.57140125 73.11063985 -37.1822171 59.08449585 96.26671295 0.466680041 54.00763324 59.65061174 252.2958237 0.9239063281
183 184891 124 124 0 -1.892919664 23.7990407 -27.35103357 32.90599068 60.25702425 -32.11482118 128.6317291 160.7465503 1.902586533 53.49115489 149.2168933 15.72600817 0.9247101777
184 174489 5009 5009 0 -1.411156438 9.722204091 -12.89611616 18.78482525 31.68094141 -14.25287119 26.18449055 40.43736174 0.5521484554 27.00110704 34.40077233 167.3335898 0.9856880989
185 169367 173 173 0 2.307680402 16.09878412 -23.60981949 24.96277571 48.57259519 -38.90118336 31.08160902 69.98279238 -0.1559716948 27.32906119 37.51928926 37.78692768 0.9610448548
186 186077 253 253 0 1.058731684 3.811379414 -6.328236778 5.21215091 11.54038769 -8.190642319 5.978794541 14.16943686 -0.4036051962 7.675787012 8.442430642 38.78485798 0.9977890472
187 158732 188 188 0 -7.838298386 21.38043117 -14.58194985 42.98199451 57.56394436 -15.81889639 167.3479578 183.1668542 3.255963946 55.18373422 179.5496975 22.03362732 0.9438645006
188 170213 56 56 0 1.566147809 11.33920437 -22.03533101 15.7065699 37.74190091 -25.69785133 33.24184798 58.93969932 -0.1800335581 28.00238639 45.53766448 38.26443759 0.9806389362
189 180073 2019 2019 0 -2.399571883 8.455777453 -9.664273635 16.14612976 25.81040339 -10.28861361 19.07934009 29.36795369 0.643387177 23.0629012 25.99611152 3.127249762 0.9891527586
190 182088 2067 2067 0 -0.4043829704 5.59654194 -8.414846604 9.558662518 17.97350912 -9.909229008 13.4058619 23.31509091 0.2571673465 14.73379748 18.58099686 172.8802472 0.9952376345
191 177383 3466 3466 0 0.8831136688 8.67113361 -13.24854908 14.91654073 28.16508981 -15.57360062 22.31446471 37.88806534 0.1170198442 27.03842235 34.43634634 11.96378026 0.9885992333
192 174403 229 229 0 0.5280377679 14.60254243 -22.44529939 26.033305 48.47860439 -24.04004221 37.83366437 61.87370658 0.3369931668 30.03939868 41.83975804 22.50562022 0.9679566554
193 178238 102 102 0 -1.77871504 9.140903914 -10.89003172 17.97256331 28.86259503 -12.92022703 30.38969908 43.30992611 1.135851621 23.782082 36.19921777 90.38146361 0.987384473
194 170665 53 53 0 -0.467182839 0.9580218844 -1.252901947 1.726506698 2.979408645 -1.566320695 2.167929843 3.734250538 0.579427219 1.734153704 1.904301798 31.29000458 0.9998602176
195 186177 644 644 0 -1.879830967 6.910233189 -7.646125754 14.70194391 22.34806967 -8.263315304 24.04658825 32.30990355 1.138539154 17.1743758 26.51902014 6.72954635 0.9927603363
196 181587 273 273 0 -1.446510259 10.116898 -12.9966277 18.89168991 31.88831761 -15.61138969 24.47202519 40.08341488 0.4728012021 23.95040531 29.53074059 209.4695768 0.9845014026
197 179171 684 684 0 -2.538301255 12.89508092 -15.48977524 26.77347236 42.2632476 -18.611798 39.8548486 58.4666466 0.9184862494 30.13444649 43.21582273 196.2109722 0.9750163706
198 209870 258 258 0 2.5759395 38.64433346 -39.58342187 62.9462318 102.5296537 -41.56590237 76.79128536 118.3571877 0.3064988387 103.3064499 117.1515034 71.80308269 0.785361464
199 183992 55 55 0 -1.348614582 6.433429565 -8.057398093 12.55355266 20.61095075 -9.718369931 15.10973278 24.82810272 0.6883110456 14.03102265 16.58720277 60.39371733 0.9937130525
200 187670 1992 1992 0 -0.6961437368 5.448818533 -7.525677346 9.719476549 17.2451539 -8.727203472 12.54848382 21.27568729 0.3548184762 14.89339334 17.72240061 3.847050244 0.9954851003
201 183195 183 183 0 -3.03923556 17.35591936 -22.12968125 30.46635851 52.59603976 -24.79744817 90.2726223 115.0700705 1.249896866 48.92146609 108.7277299 51.81972592 0.9561704764
202 187458 267 267 0 -1.394868408 12.70560915 -15.2576439 24.37877605 39.63641995 -15.62794621 38.67673118 54.30467739 0.7087351955 39.9785199 54.27647503 14.11887085 0.9756980663
203 188365 144 144 0 0.5573361929 7.397550364 -11.88334257 12.18706027 24.07040284 -14.47693113 15.50140239 29.97833352 -0.02903430463 21.03734158 24.35168369 62.10446696 0.9916886856
204 191955 61 61 0 -0.2850171772 9.266867407 -16.74944529 13.58486193 30.33430722 -19.4455083 16.45128107 35.89678937 -0.2445578613 15.98325584 18.40422242 109.8046217 0.9869835973
205 196937 542 542 0 -2.067783781 18.99916208 -13.01219281 15.37962063 28.39181344 -15.88890496 132.5071712 148.3960761 4.716851771 19.20235998 136.3299105 60.55378662 0.9576290145
206 184764 798 798 0 -1.426608358 13.22385188 -18.10210935 24.80264933 42.90475869 -21.21977965 45.51418343 66.73396308 0.668618503 34.84221169 55.55374579 294.0868159 0.9737393633
207 185292 271 271 0 -2.092748265 10.28142386 -13.375337 20.49108311 33.86642011 -14.76831938 33.17155099 47.93987037 0.7265173779 28.39269682 41.0731647 135.8067984 0.9840212625
208 192657 903 903 0 0.4372214514 4.885864272 -8.97347381 7.276578775 16.25005259 -11.32854774 9.661852259 20.9904 -0.3192711274 10.17696031 12.56223379 21.27391275 0.9963692483
209 207954 523 523 0 1.698365321 7.847434603 -14.54400442 9.920910372 24.46491479 -16.16143933 11.53969019 27.70112952 -0.5393679241 23.65198519 25.2694201 38.69677705 0.9906510156
210 185518 1011 1011 0 -2.989838467 9.407807851 -9.367169767 20.84681012 30.21397989 -10.62784732 35.83487798 46.4627253 1.484248715 22.61465585 37.60272371 185.6807886 0.9866619018
211 208699 814 814 0 1.091373228 5.975568176 -9.872765046 8.185448914 18.05821396 -12.1290504 12.4303686 24.559419 -0.2352354973 10.66616912 12.75159815 31.28471431 0.9945705394
212 195967 1518 1518 0 -0.6033574526 4.040895121 -5.330159366 7.917069617 13.24722898 -7.637901081 13.27664425 20.91454533 0.7169422122 11.10883218 16.46840681 8.775338157 0.9975161774
213 221491 287 287 0 -3.663181988 21.20774722 -13.53751795 72.89183032 86.42934827 -14.69181307 92.03736907 106.7291821 3.140213954 80.7285509 99.87408964 23.80927664 0.9406321165
214 198357 528 528 0 -2.660301913 10.31356385 -12.1412167 20.41208701 32.55330371 -13.10162553 29.50381867 42.6054442 0.778636428 21.98906496 31.08079661 199.9848862 0.9839163189
215 207478 1091 1091 0 -1.085531197 5.490987252 -6.478033401 8.576580683 15.05461408 -7.221686021 17.56464702 24.78633304 0.8586419947 9.66211188 18.65017822 8.077272345 0.9954190438
216 201577 432 432 0 0.1026378904 4.770720736 -7.975412151 7.161822208 15.13723436 -9.862678708 9.967504444 19.83018315 -0.06046412395 8.620041399 9.946188285 46.8569218 0.9965375971
217 215999 177 177 0 -1.910005697 7.742757191 -8.246785113 13.95024185 22.19702697 -9.494451095 23.30020123 32.79465232 0.8668320001 14.60043214 23.95039151 8.887298346 0.9909090159
218 200025 634 634 0 -0.3837188806 3.498132297 -5.121252405 6.535133396 11.6563858 -6.028089238 9.297291641 15.32538088 0.4204541177 9.264647832 12.02680608 15.79515732 0.9981376276
219 212975 194 194 0 -1.08581892 4.682557205 -5.564923568 10.55695044 16.12187401 -5.915459031 18.71990973 24.63536876 1.586690003 10.19390466 18.35686395 5.640704259 0.9966709937
220 199435 1347 1347 0 -1.226992315 7.856024386 -10.08185217 14.92597403 25.0078262 -12.22276937 31.78212658 44.00489595 0.8429724832 17.77272479 34.62887734 193.8114855 0.9906503265
221 210407 105 105 0 -0.2047636266 2.463976051 -3.545799029 3.97429548 7.52009451 -4.173816593 5.340474161 9.514290754 0.253992506 4.959419523 5.587437087 34.07675516 0.9990755876
222 211697 262 262 0 -0.3406271052 2.310493359 -3.006593048 4.534380831 7.540973879 -3.466874301 7.204080849 10.67095515 0.7671375571 4.670112473 7.339812492 39.67620595 0.9991872592
223 213762 96 96 0 -1.697905996 4.417626682 -4.782413599 8.711953371 13.49436697 -5.221506114 12.77616723 17.99767334 1.127859527 11.54616669 15.61038054 10.35574212 0.9970324471
224 216403 906 906 0 -0.1689514965 3.013496257 -3.760576409 4.267142533 8.027718942 -5.462438005 37.79253983 43.25497784 4.502360212 4.963721871 38.48911917 28.10755939 0.9986339537
225 217741 444 444 0 -1.364516423 6.175082781 -8.160540437 11.80903378 19.96957422 -9.11317366 16.98190301 26.09507667 0.680675451 12.5706944 17.74356363 46.38647349 0.9942069185
226 213015 149 149 0 -0.2425420631 2.249253026 -2.902764184 3.815655519 6.718419703 -3.244470338 4.417262388 7.661732726 0.3120231954 4.030332069 4.631938938 32.48962506 0.9992296299
227 217754 418 418 0 0.7794325241 3.008594053 -6.147106159 3.623342551 9.77044871 -7.227033904 4.017558873 11.24459278 -0.8111228527 5.74832443 6.828252175 32.32234389 0.9986221897
228 215359 911 911 0 -0.29681907 2.927012808 -4.183910653 5.328956994 9.512867647 -5.236111691 10.80079423 16.03690593 0.6823061133 6.111110207 11.58294745 21.55392105 0.9986960909
229 218639 215 215 0 -0.1360898132 2.86577134 -4.488574907 4.595418378 9.083993285 -6.209935554 5.829252298 12.03918785 0.0334295222 5.190165979 6.300579101 27.09509287 0.9987496921
230 222316 89 89 0 0.6163839116 4.572315867 -7.192294899 7.73327621 14.92557111 -8.608243632 10.33033544 18.93857907 0.07610955216 10.05918331 12.65624254 34.0107387 0.996819538
231 220314 258 258 0 0.3109104024 2.888990423 -5.234179366 4.289535276 9.523714642 -5.928307551 5.147690553 11.0759981 -0.3415714832 5.181461646 5.713507775 30.55016126 0.9987293796
232 221556 378 378 0 -0.7604801485 4.986359759 -6.65819602 8.837932395 15.49612842 -8.489699975 13.7007664 22.19046638 0.520313026 8.626179257 12.85426403 42.16713237 0.9962188887
233 222949 55 55 0 -5.282179966 11.99462479 -12.28810415 23.39891508 35.68701923 -15.49461087 36.31200686 51.80661774 1.137357245 30.90111192 43.81420371 286.2769469 0.9783701213
