K,cluster,representative_source,phase,parameter,unit,n_cluster,n_valid,n_missing,median,std,p05,p95,width90,minimum,maximum,range,skewness,error95,error_max,angle_origin_deg,angle_resultant
234,0,85169,backward,eps,km^2/s^2,232,232.0,0.0,-0.8741566083963356,0.013867787592290366,-0.8930702898553676,-0.8521598227874188,0.040910467067948875,-0.8965840025547173,-0.8299375940303476,0.06664640852436965,0.35954387909475277,0.027644772824455155,0.04986700158152624,nan,nan
234,1,83961,backward,eps,km^2/s^2,230,230.0,0.0,-0.8729474277123941,0.015176639275860025,-0.8974056232408165,-0.8507368198423371,0.04666880339847945,-0.9009288536135459,-0.844081250244892,0.05684760336865391,-0.05884022339548181,0.030619975761292776,0.037275545358737894,nan,nan
234,2,24775,backward,eps,km^2/s^2,53,53.0,0.0,-0.8548096026381614,0.012349250874866557,-0.8815980754214667,-0.8434275157915854,0.03817055962988136,-0.8850762759165224,-0.8429117003437209,0.04216457557280151,-0.700070264262248,0.020585732850975334,0.02146050365695229,nan,nan
234,3,30334,backward,eps,km^2/s^2,107,107.0,0.0,-0.8359907768535305,0.016064381418909805,-0.8748649360627991,-0.8290637852967548,0.045801150766044296,-0.9182613158571666,-0.8271810990468699,0.09108021681029677,-2.8537880588204176,0.037807352110621036,0.08120373190498864,nan,nan
234,4,65627,backward,eps,km^2/s^2,243,243.0,0.0,-0.8535981521316647,0.01438664796469719,-0.8827771079234401,-0.8302971691052354,0.052479938818204674,-0.9133889261418141,-0.823364122375434,0.09002480376638011,-0.7589475026412321,0.03263565064033365,0.05249353989465899,nan,nan
234,5,32672,backward,eps,km^2/s^2,154,154.0,0.0,-0.8730628902325537,0.016649398251470465,-0.8997369620076161,-0.8471446980712992,0.052592263936316885,-0.9052031451202621,-0.8454109413360686,0.059792203784193476,-0.09047236803423968,0.02867528985177341,0.030177930711018264,nan,nan
234,6,62747,backward,eps,km^2/s^2,194,194.0,0.0,-0.8650823834505866,0.008107696637291755,-0.8739216407170544,-0.8507997191898137,0.023121921527240685,-0.8767120667479725,-0.8276595702926368,0.049052496455335715,1.0700346135275665,0.01524142345004168,0.031733933785063284,nan,nan
234,7,23789,backward,eps,km^2/s^2,730,730.0,0.0,-0.8130909383593672,0.006352164316420118,-0.8258500827903903,-0.8074647293634268,0.018385353426963458,-0.8380437397613013,-0.8071063254947568,0.030937414266544505,-0.8626177669073186,0.011443142084923674,0.023636799055834712,nan,nan
234,8,41757,backward,eps,km^2/s^2,56,56.0,0.0,-0.8285640828658987,0.005450308774574561,-0.8368642156729031,-0.8203323915252005,0.0165318241477026,-0.8374622880289289,-0.8187877628022078,0.018674525226721084,0.037572749482135515,0.009738013382008137,0.010336085738033907,nan,nan
234,9,29488,backward,eps,km^2/s^2,139,139.0,0.0,-0.8747800442983522,0.017030833566669505,-0.896621932048293,-0.8446591172500382,0.05196281479825482,-0.9010929889318617,-0.8432744395821887,0.05781854934967301,0.2204512088914687,0.029862627508843175,0.031247305176692608,nan,nan
234,10,40144,backward,eps,km^2/s^2,62,62.0,0.0,-0.8268225967018791,0.00531547562670766,-0.8360166223768523,-0.8196441225063649,0.01637249987048739,-0.836984062634023,-0.8182117467102836,0.018772315923739402,-0.23277665186592947,0.010763364642825478,0.011730804899996228,nan,nan
234,11,22902,backward,eps,km^2/s^2,236,236.0,0.0,-0.8106827168354822,0.0043415997214076105,-0.8197965233262571,-0.8068922211210882,0.012904302205168916,-0.8240305466006668,-0.8062327657692095,0.01779778083145722,-0.7412079433788066,0.006872246951510924,0.01110627022592059,nan,nan
234,12,16592,backward,eps,km^2/s^2,145,145.0,0.0,-0.8097698635149295,0.003986525839670654,-0.8182807758087203,-0.806453211060173,0.011827564748547292,-0.8216094353722193,-0.8063623697289342,0.015247065643285151,-0.7642543791286116,0.00899862636787651,0.012327285931375553,nan,nan
234,13,35004,backward,eps,km^2/s^2,102,102.0,0.0,-0.9131989051187097,0.010997573468984778,-0.9344198297912539,-0.899350487585689,0.0350693422055649,-0.9405970614980781,-0.894584175641889,0.04601288585618912,-0.457964111634799,0.019975571651605576,0.026031425137928443,nan,nan
234,14,33596,backward,eps,km^2/s^2,557,557.0,0.0,-0.8790729246062209,0.022918401039814355,-0.9132266988161251,-0.8437304755406488,0.06949622327547622,-0.9200317443576512,-0.830688469514143,0.08934327484350824,0.07748051003986857,0.041631474116149106,0.05467348014265494,nan,nan
234,15,19609,backward,eps,km^2/s^2,87,87.0,0.0,-0.810898261211582,0.0043860412074575444,-0.8195540830660138,-0.8065736017391018,0.012980481326912097,-0.8238701324899536,-0.8065266032009923,0.017343529288961212,-0.6123471083988764,0.008818265337016708,0.01313431476095639,nan,nan
234,16,20264,backward,eps,km^2/s^2,58,58.0,0.0,-0.8097043368375645,0.00360834009973529,-0.8171931603489808,-0.8066250193745194,0.01056814097446146,-0.8183915972005158,-0.8066103600792471,0.011781237121268662,-0.6406679084031047,0.005966449847444076,0.007164886698979078,nan,nan
234,17,11041,backward,eps,km^2/s^2,433,433.0,0.0,-0.8142231329290528,0.0032925928894057305,-0.822212001478709,-0.8121876231164173,0.010024378362291642,-0.8231747489326944,-0.8071711649461454,0.016003583986548997,-0.8002395516247656,0.0074985764761157135,0.008339989101280643,nan,nan
234,18,40776,backward,eps,km^2/s^2,317,317.0,0.0,-0.9392016626402129,0.013632358337328196,-0.9602396200391282,-0.918074628803931,0.042164991235197236,-0.9620497148006023,-0.9067427765455196,0.055306938255082705,0.08641396415939427,0.023211474929929986,0.03097369333333111,nan,nan
234,19,7288,backward,eps,km^2/s^2,1665,1665.0,0.0,-0.9184603795506807,0.023418023712789653,-0.9582940859935175,-0.8842207100993548,0.07407337589416274,-0.9620594368974392,-0.874833283422235,0.08722615347520424,-0.11044374418977713,0.03926764411779342,0.047384869764672044,nan,nan
234,20,6462,backward,eps,km^2/s^2,649,649.0,0.0,-0.8951576869567868,0.017642947204077837,-0.9270093944629691,-0.8727301724374601,0.054279222025509055,-0.9368895290794864,-0.8478918883286577,0.08899764075082872,-0.16812080149530087,0.034904203964162585,0.045654738657896266,nan,nan
234,21,51090,backward,eps,km^2/s^2,73,73.0,0.0,-0.9671454677232534,0.0028007212620510613,-0.9709372535220123,-0.9627410331828186,0.00819622033919376,-0.9717403762683301,-0.962332791072601,0.009407585195729151,0.10147277882007649,0.005605615314786072,0.00601385742500371,nan,nan
234,22,8503,backward,eps,km^2/s^2,3741,3741.0,0.0,-0.8776201585530513,0.016158283957555936,-0.9109523729612069,-0.8582283880950601,0.05272398486614682,-0.9189904981104295,-0.8455281706683686,0.07346232744206094,-0.48079723833562454,0.036438527045960734,0.044476652195183375,nan,nan
234,23,54158,backward,eps,km^2/s^2,64,64.0,0.0,-0.9674736882367259,0.0025401043688428808,-0.9708952942258052,-0.9632170860709451,0.007678208154860089,-0.9715854693185693,-0.9622868813532287,0.009298587965340555,0.1662823427228994,0.007448673873359739,0.008378878591076222,nan,nan
234,24,73762,backward,eps,km^2/s^2,62,62.0,0.0,-0.9771198434804189,0.009739878345748163,-1.0007557219620842,-0.9721855818345064,0.028570140127577748,-1.0201349727623945,-0.9711903884558035,0.04894458430659099,-3.3837261894959765,0.02143715158534861,0.04056545041418458,nan,nan
234,25,23245,backward,eps,km^2/s^2,3717,3717.0,0.0,-0.8729772342892076,0.016688372220465673,-0.9026129574981302,-0.8506637203130629,0.051949237185067276,-0.9069858194609481,-0.8457326256389384,0.06125319382200978,-0.21388520398117786,0.02821928463633261,0.03315037931045717,nan,nan
234,26,15530,backward,eps,km^2/s^2,594,594.0,0.0,-0.945913710188396,0.010125180116968939,-0.9606337071234613,-0.928663123501115,0.03197058362234628,-0.9620841420559074,-0.9247576361561847,0.03732650589972275,0.14194872902785444,0.01703035051806693,0.019746307280798958,nan,nan
234,27,19633,backward,eps,km^2/s^2,224,224.0,0.0,-0.8209075966908208,0.003877229268082256,-0.8264006311771377,-0.8143544807458957,0.01204615043124202,-0.8272559657581708,-0.8130657820231428,0.014190183735028006,0.12779814290992633,0.006489761400782717,0.007370269354942671,nan,nan
234,28,20669,backward,eps,km^2/s^2,2122,2122.0,0.0,-0.9374858061555966,0.013185936032344608,-0.9599978266937739,-0.919424844561768,0.040572982132005886,-0.967104888356982,-0.9069751561796123,0.06012973217736972,-0.1271710810627769,0.023409434568843906,0.030307023826262047,nan,nan
234,29,15491,backward,eps,km^2/s^2,1117,1117.0,0.0,-0.9004886603233345,0.010173257165728004,-0.9164256678730969,-0.8842672657300327,0.0321584021430642,-0.9186076961746414,-0.8798547505560422,0.03875294561859921,0.04257856138756411,0.017156964398691722,0.02139849810960215,nan,nan
234,30,26123,backward,eps,km^2/s^2,374,374.0,0.0,-0.8659937298799165,0.015745659150430098,-0.8957803618137916,-0.8467157064031842,0.04906465541060745,-0.9139558057903792,-0.8447556526842595,0.06920015310611971,-0.5864579695114349,0.027936648427766223,0.0405640612273227,nan,nan
234,31,72592,backward,eps,km^2/s^2,55,55.0,0.0,-0.9742175914305428,0.011425865250046937,-1.0106425020516754,-0.9719312976586342,0.03871120439304121,-1.0187910622265253,-0.971253945350389,0.047537116876136265,-2.771822671982389,0.03569574398389244,0.04384430415874241,nan,nan
234,32,27918,backward,eps,km^2/s^2,89,89.0,0.0,-0.8779352626078247,0.021652438578994845,-0.9118275663141562,-0.8458234476019302,0.066004118712226,-0.9164604849888515,-0.8449528259853027,0.07150765900354872,-0.054145363742782185,0.03389230370633142,0.038525222381026736,nan,nan
234,33,27233,backward,eps,km^2/s^2,134,134.0,0.0,-0.868316866563211,0.013563924862257685,-0.8876733879440597,-0.8447661057096847,0.04290728223437501,-0.8908336409843788,-0.8434458439048679,0.04738779707951091,0.1601434647641261,0.024662348372713448,0.02598261017753023,nan,nan
234,34,18133,backward,eps,km^2/s^2,158,158.0,0.0,-0.8272879237746354,0.001060462314184018,-0.8294805299367028,-0.8260572273800592,0.0034233025566436925,-0.8309379470627104,-0.8256110037177793,0.005326943344931112,-1.1155428369173646,0.002067048865241946,0.003524465991249448,nan,nan
234,35,20500,backward,eps,km^2/s^2,54,54.0,0.0,-0.818471206551914,0.002318698025430435,-0.8216478879721351,-0.8153334627736628,0.006314425198472251,-0.8251357662526708,-0.8145480048479967,0.010587761404674101,-0.5037694851258454,0.0044697761966959616,0.00602072724741376,nan,nan
234,36,23823,backward,eps,km^2/s^2,203,203.0,0.0,-0.8288674816181796,0.0012289101465159933,-0.830528212173308,-0.8271833141008943,0.003344898072413671,-0.8341562129663894,-0.8267510136890155,0.007405199277373931,-1.1946766757114495,0.0020895334751097837,0.005023991355218693,nan,nan
234,37,31986,backward,eps,km^2/s^2,60,60.0,0.0,-0.8627990099426368,0.016982943797108546,-0.8914554301053403,-0.842085571764196,0.04936985834114438,-0.8943677023157438,-0.8414928443388374,0.052874857976906386,-0.2088712548381911,0.030507860831496335,0.03110058825685491,nan,nan
234,38,31558,backward,eps,km^2/s^2,150,150.0,0.0,-0.8963495895875402,0.023000443755219046,-0.9149533727126583,-0.8469669965411103,0.06798637617154801,-0.9171684542099265,-0.8454063984208333,0.07176205578909323,0.6621334885404694,0.045063213182817245,0.04662381130309423,nan,nan
234,39,42087,backward,eps,km^2/s^2,7240,7240.0,0.0,-0.8696892133568119,0.022397871385334913,-0.9060244727772492,-0.839194790076448,0.06682968270080114,-0.9147321985222939,-0.8292228132355899,0.08550938528670404,-0.11223348868833358,0.04252776410214333,0.05249974094300147,nan,nan
234,40,64725,backward,eps,km^2/s^2,2768,2768.0,0.0,-0.9903046225964791,0.009263871791866598,-1.001011237805122,-0.9726349684951028,0.02837626931001913,-1.003272726678028,-0.9622578453184445,0.04101488135958342,0.4277835426314134,0.027298903890478766,0.03767602706713702,nan,nan
234,41,28142,backward,eps,km^2/s^2,51,51.0,0.0,-0.8785586413547695,0.02069947857842661,-0.9118300313697949,-0.8489892247974669,0.06284080657232805,-0.9193512229883614,-0.8473898558922195,0.07196136709614187,-0.11002075037973313,0.03429481098970727,0.04181600260827367,nan,nan
234,42,31322,backward,eps,km^2/s^2,199,199.0,0.0,-0.8789620744531834,0.01974025844549128,-0.9114152928987456,-0.8491678329955272,0.06224745990321834,-0.9164748809868377,-0.8460832140192083,0.07039166696762944,-0.0733336567684542,0.03575295822335533,0.03883757719967429,nan,nan
234,43,22231,backward,eps,km^2/s^2,190,190.0,0.0,-0.9657397221783004,0.0022540597164908893,-0.969565326489744,-0.962515196672989,0.007050129816755013,-0.9700381596489043,-0.962106439474604,0.007931720174300327,-0.12809720198831182,0.004050818154227198,0.004459575352612211,nan,nan
234,44,29031,backward,eps,km^2/s^2,129,129.0,0.0,-0.8708753682893219,0.014563772628181234,-0.8923278140065846,-0.8471118504855784,0.04521596352100621,-0.8973890374088601,-0.8457244135311331,0.05166462387772697,0.047341623010479714,0.02437614180165082,0.02620647975995316,nan,nan
234,45,46651,backward,eps,km^2/s^2,3125,3125.0,0.0,-0.8600162096503823,0.014760964986436073,-0.8827433195026744,-0.8359436258784331,0.0467996936242413,-0.8862177648585982,-0.8320976723729611,0.054120092485637095,0.044887285453984585,0.03395278154062537,0.03779873504609743,nan,nan
234,46,43447,backward,eps,km^2/s^2,765,765.0,0.0,-0.8559162180475895,0.015829475622230284,-0.8832404146086171,-0.8358794093076904,0.047361005300926684,-0.8856621012487044,-0.831811089102109,0.05385101214659538,-0.15010727473688873,0.03384764867322863,0.0379159688788101,nan,nan
234,47,40685,backward,eps,km^2/s^2,599,599.0,0.0,-0.8611218790141649,0.01394211660522707,-0.8818591730836154,-0.8385850715375351,0.043274101546080246,-0.8843265336771303,-0.8359799093476665,0.048346624329463794,0.06144222928779085,0.029391351005239656,0.03199651319510832,nan,nan
234,48,29871,backward,eps,km^2/s^2,91,91.0,0.0,-0.8326685259949533,0.003461410398510266,-0.8438409679859737,-0.8298220509458512,0.014018917040122592,-0.8453617798646811,-0.8286523971153555,0.01670938274932554,-2.5289592790771347,0.010696906790431115,0.012217718669138455,nan,nan
234,49,28066,backward,eps,km^2/s^2,53,53.0,0.0,-0.8326265155201213,0.004702346911932735,-0.8460958800121469,-0.8297730048027143,0.01632287520943254,-0.8470097263948642,-0.8289523425515554,0.018057383843308794,-1.974313771393458,0.013019895309370888,0.013933741692088164,nan,nan
234,50,30539,backward,eps,km^2/s^2,226,226.0,0.0,-0.8264774892230793,0.002944303754115946,-0.8303251800122617,-0.8209819580393771,0.009343221972884619,-0.8357591913439546,-0.8192115265176463,0.016547664826308317,0.11294566200148871,0.005889863030316356,0.009236327613003525,nan,nan
234,51,22053,backward,eps,km^2/s^2,163,163.0,0.0,-0.8257669649073658,0.0018928696481463696,-0.8282268942674309,-0.8234187641127606,0.004808130154670298,-0.8339351704781143,-0.8224248579824378,0.011510312495676467,-1.7934828237758302,0.002972188186059944,0.008324932752197811,nan,nan
234,52,28876,backward,eps,km^2/s^2,1820,1820.0,0.0,-0.9295195682436717,0.01603200402016782,-0.9587530583182735,-0.9088037967720642,0.04994926154620927,-0.9621117232342506,-0.9065143342531322,0.055597388981118434,-0.25350730659104487,0.03033305212889481,0.03369171704487195,nan,nan
234,53,31921,backward,eps,km^2/s^2,185,185.0,0.0,-0.8352842183329764,0.0013995646811179334,-0.8369525148099732,-0.8322389172869045,0.004713597523068769,-0.8373682534794786,-0.8308395603581431,0.006528693121335527,0.8727599961322381,0.003211619641196872,0.004610976569958236,nan,nan
234,54,72626,backward,eps,km^2/s^2,1104,1104.0,0.0,-1.0025786203637312,0.00741027740889532,-1.0073590032644886,-0.9826078927719382,0.02475111049255041,-1.0086547271271056,-0.9721977063988028,0.036457020728302814,1.79856428749964,0.022047272762708812,0.03245745913584419,nan,nan
234,55,31181,backward,eps,km^2/s^2,387,387.0,0.0,-0.9667995068182303,0.0024742477616338503,-0.9702582406205621,-0.9626844057438164,0.007573834876745678,-0.9718840455818851,-0.9622137060821228,0.00967033949976237,0.04231476497386436,0.005481438927611992,0.0059521385893056555,nan,nan
234,56,29750,backward,eps,km^2/s^2,172,172.0,0.0,-0.8992851620125605,0.009829639210304685,-0.9117556706483804,-0.8801435813469393,0.031612089301441104,-0.913253930919702,-0.8680440737818429,0.04520985713785908,0.652252762862994,0.020379327416037013,0.03247883498113335,nan,nan
234,57,27602,backward,eps,km^2/s^2,50,50.0,0.0,-0.826263827090031,0.0022884081917828223,-0.8295006914450037,-0.8229720062474806,0.006528685197523143,-0.8334337095572709,-0.8224598996040453,0.01097380995322561,-0.4444606991420951,0.0034781272488888793,0.007278120392864462,nan,nan
234,58,54409,backward,eps,km^2/s^2,2019,2019.0,0.0,-0.9869962332678246,0.00704345492158562,-0.9949059356709816,-0.9726212811655457,0.02228465450543593,-0.9967768257595514,-0.9702849855823915,0.026491840177159887,0.452440874368229,0.019528242958139805,0.021864538541294,nan,nan
234,59,33278,backward,eps,km^2/s^2,72,72.0,0.0,-0.83200997803237,0.0011803869635322757,-0.833683666024895,-0.8299801972640616,0.003703468760833384,-0.8340333371496091,-0.8292209720504969,0.0048123650991122036,0.25293459574095983,0.002263522631395637,0.0030227478449602607,nan,nan
234,60,34339,backward,eps,km^2/s^2,307,307.0,0.0,-0.9377512727119309,0.01435189547919031,-0.9601167464332183,-0.9160009144945097,0.044115831938708605,-0.9620493319176107,-0.9134511682563293,0.048598163661281335,-0.018185269799753,0.02520680912986776,0.02713939461426007,nan,nan
234,61,36155,backward,eps,km^2/s^2,156,156.0,0.0,-0.9218263602653041,0.018460421760614267,-0.9552520883731719,-0.8973641868150066,0.057887901558165256,-0.9583357308041675,-0.893232006725961,0.06510372407820642,-0.21760022444397475,0.03620197516599985,0.03928561759699545,nan,nan
234,62,37409,backward,eps,km^2/s^2,329,329.0,0.0,-0.8381682877347512,0.0024349557282631,-0.8421025229415613,-0.8338495090797048,0.008253013861856506,-0.8436351393262305,-0.8321460669661208,0.011489072360109653,0.1599321402406445,0.004752303830810178,0.006019071877181759,nan,nan
234,63,37864,backward,eps,km^2/s^2,203,203.0,0.0,-0.8351630008560715,0.003974827960917491,-0.8424806773524451,-0.8299857054071307,0.01249497194531446,-0.8442131447946846,-0.828514221405553,0.01569892338913159,-0.2720964323321235,0.007682894750252307,0.009415362192491727,nan,nan
234,64,41990,backward,eps,km^2/s^2,90,90.0,0.0,-0.8281483906840628,0.004590945406528069,-0.835664664373877,-0.821510064902808,0.014154599471069007,-0.8365128555260903,-0.8206631984538733,0.015849657072217083,-0.06811556982487245,0.007533643774983983,0.008226927351996594,nan,nan
234,65,38246,backward,eps,km^2/s^2,250,250.0,0.0,-0.9411433657396059,0.01296356976904867,-0.9599284466855541,-0.920602069299001,0.03932637738655309,-0.9621434813573366,-0.9061307151205165,0.056012766236820166,0.154125978022662,0.02233491466940411,0.03314847195111015,nan,nan
234,66,43376,backward,eps,km^2/s^2,227,227.0,0.0,-0.8303029218154281,0.0037778818772079828,-0.8362796620530638,-0.8243758147358505,0.011903847317213279,-0.8371666218409668,-0.8229896003757611,0.01417702146520572,0.0064095696605253405,0.007411843195340427,0.008798057555429839,nan,nan
234,67,40092,backward,eps,km^2/s^2,173,173.0,0.0,-0.9458749943030078,0.013699887901831487,-0.961150289888242,-0.9192107234883845,0.04193956639985752,-0.9621331630885683,-0.9034595308510454,0.05867363223752298,0.4626419837133164,0.02412350418604279,0.03987469682338196,nan,nan
234,68,45402,backward,eps,km^2/s^2,372,372.0,0.0,-0.966872686032064,0.0025805896558929835,-0.9706400709325075,-0.9626722914463486,0.007967779486158899,-0.9717923425995896,-0.962157375053101,0.009634967546488626,0.03133593246128417,0.006049587511952569,0.006564503905200247,nan,nan
234,69,107717,backward,eps,km^2/s^2,185,185.0,0.0,-0.9513253255956178,0.009088959052022437,-0.9614598053127216,-0.9327744114777328,0.028685393834988804,-0.962249148042282,-0.9269919277654372,0.03525722027684486,0.5628446846931181,0.01987634998504739,0.02565883369734301,nan,nan
234,70,39842,backward,eps,km^2/s^2,124,124.0,0.0,-0.9296882357341589,0.015602623910898103,-0.9565821521204327,-0.9084418892694001,0.04814026285103268,-0.9590791068066544,-0.9060112604739509,0.05306784633270356,-0.17309330332331146,0.03146879354504903,0.03396574823127074,nan,nan
234,71,49473,backward,eps,km^2/s^2,3919,3919.0,0.0,-0.940160051952521,0.01514416359354641,-0.9605928452571699,-0.9143312168769937,0.04626162838017622,-0.9622160199056999,-0.9001017544177632,0.06211426548793675,0.22811715053874015,0.024714982630047278,0.0366058991364393,nan,nan
234,72,65069,backward,eps,km^2/s^2,1436,1436.0,0.0,-0.9821536349204107,0.00482716586480044,-0.9880400281306772,-0.9725134837403924,0.01552654439028478,-0.989584045770987,-0.9706611524999427,0.01892289327104435,0.3997260387320881,0.010918923276564962,0.012771254517014663,nan,nan
234,73,61738,backward,eps,km^2/s^2,2258,2258.0,0.0,-0.8853971823266846,0.013974474394663084,-0.8953739296795995,-0.8543169992541783,0.041056930425421245,-0.8995996014305077,-0.8491940111987137,0.05040559023179392,0.5665549366336362,0.027557453703239615,0.032680441758704104,nan,nan
234,74,107740,backward,eps,km^2/s^2,92,92.0,0.0,-0.96746746573808,0.002756613097691035,-0.9714844208299419,-0.9628175247432692,0.008666896086672704,-0.9718384569961505,-0.9624102348718373,0.009428222124313157,0.09489669651612966,0.005017638752318021,0.005424928623749881,nan,nan
234,75,47001,backward,eps,km^2/s^2,70,70.0,0.0,-0.9675490479979003,0.002641816785497793,-0.9708595323660462,-0.9627301840463376,0.008129348319708574,-0.9716903857139396,-0.9621646573746935,0.009525728339246142,0.27397853186115306,0.004581465190409467,0.005093361648197181,nan,nan
234,76,51135,backward,eps,km^2/s^2,146,146.0,0.0,-0.8430190070143677,0.003482596867060202,-0.8483793140045953,-0.8376995406753807,0.010679773329214659,-0.849464189347956,-0.8370440476770604,0.012420141670895557,-0.012813747574427797,0.006530431293422234,0.0076153066367828925,nan,nan
234,77,76905,backward,eps,km^2/s^2,98,98.0,0.0,-0.9763424271721075,0.0056536073599126185,-0.9781469925022829,-0.9719851458067809,0.006161846695502016,-1.020599717396067,-0.9710711336137433,0.04952858378232372,-5.92107629441788,0.0061595078732841575,0.042725188100975364,nan,nan
234,78,58115,backward,eps,km^2/s^2,1951,1951.0,0.0,-0.9155539178926233,0.006031640536135704,-0.9280249172601351,-0.9075919483661771,0.02043296889395807,-0.9325917363453256,-0.9042572417453106,0.028334494600014914,-0.5030524983159735,0.011910277448299922,0.016477096533490276,nan,nan
234,79,53280,backward,eps,km^2/s^2,83,83.0,0.0,-0.8432256353641221,0.004090704594188284,-0.8497619493415495,-0.8371607609305777,0.012601188410971798,-0.8505173187426425,-0.8363612138256434,0.014156104916999035,-0.05377099133529741,0.007372701734463514,0.00812807113555647,nan,nan
234,80,58189,backward,eps,km^2/s^2,196,196.0,0.0,-0.9788317704645265,0.0030337918054964288,-0.9815963752215388,-0.9725026385975168,0.009093736624021909,-0.9819108872776826,-0.9709711234412813,0.010939763836401273,0.5998786264257213,0.005730065818141117,0.00726158097437668,nan,nan
234,81,54901,backward,eps,km^2/s^2,84,84.0,0.0,-0.967613047231158,0.00268056770506281,-0.9711227874707136,-0.9628256532247725,0.008297134245941029,-0.971726974496194,-0.9622334444179231,0.009493530078270918,0.2599414716405915,0.006191460825675504,0.006783669632524858,nan,nan
234,82,52575,backward,eps,km^2/s^2,120,120.0,0.0,-0.0798394847001031,0.02776895408538703,-0.13675494279264677,-0.05129691994813043,0.08545802284451634,-0.14649652128164092,-0.045179845595740065,0.10131667568590086,-0.5558248883070448,0.04944795459435091,0.05918953308334507,nan,nan
234,83,61551,backward,eps,km^2/s^2,74,74.0,0.0,-0.054334626587303037,0.020877585257206992,-0.10832908136404348,-0.04412417837477754,0.06420490298926594,-0.13937963740260306,-0.04391779137377705,0.09546184602882601,-1.812798360555846,0.044383817099846574,0.07543437313840617,nan,nan
234,84,68805,backward,eps,km^2/s^2,401,401.0,0.0,-0.05546673525410917,0.022703851473046942,-0.11630929553740377,-0.045703882970468346,0.07060541256693542,-0.1527607885094704,-0.044515383712472656,0.10824540479699774,-1.6995039613907734,0.05806564735838604,0.09451714033045266,nan,nan
234,85,57546,backward,eps,km^2/s^2,58,58.0,0.0,-0.9669536245217925,0.0027270002132809535,-0.9707729596682898,-0.9625970351128751,0.008175924555414715,-0.971175201385955,-0.9622035491243005,0.008971652261654528,0.137028247937607,0.0063635009836828516,0.006756986972257462,nan,nan
234,86,70955,backward,eps,km^2/s^2,1361,1361.0,0.0,-0.9029518977373902,0.004843081799884298,-0.9124262672687857,-0.8964597485646888,0.015966518704096933,-0.9200900753998749,-0.8949534730963298,0.025136602303545086,-0.6335245931412513,0.009554964793999754,0.017218772925088888,nan,nan
234,87,61172,backward,eps,km^2/s^2,155,155.0,0.0,-0.9768559164248791,0.0021959170375845955,-0.978857930885314,-0.9721492002787009,0.006708730606613145,-0.9791839580278743,-0.9711616715076881,0.008022286520186217,0.634825670316781,0.004092951811136156,0.0050804805821489385,nan,nan
234,88,65016,backward,eps,km^2/s^2,2308,2308.0,0.0,-0.9352494193475214,0.012822810502422939,-0.9594902874157379,-0.9214071701317798,0.03808311728395819,-0.9621743862905279,-0.9164232000149174,0.04575118627561048,-0.294221696864054,0.021036140038869562,0.02360855426245534,nan,nan
234,89,67628,backward,eps,km^2/s^2,834,834.0,0.0,-0.9653459785428848,0.002495974494967633,-0.9707372594555116,-0.9624771709189658,0.008260088536545807,-0.9716180494229181,-0.9622104592025917,0.009407590220326334,-0.5816152912872359,0.004669388119781748,0.005550178087188273,nan,nan
234,90,60926,backward,eps,km^2/s^2,5598,5598.0,0.0,-0.10851907285687534,0.025874521874767905,-0.16977821288782782,-0.08867869338184034,0.08109951950598748,-0.18622787884803937,-0.08012626751437013,0.10610161133366924,-0.8647925904139261,0.057335137136372054,0.07378480309658364,nan,nan
234,91,76764,backward,eps,km^2/s^2,72,72.0,0.0,-0.8751654200687451,0.00959172367684869,-0.8832535665928749,-0.8535364349666753,0.0297171316261996,-0.8842262575666869,-0.8522325945512491,0.03199366301543782,0.6372285326057073,0.02567883196615847,0.026982672381584694,nan,nan
234,92,67639,backward,eps,km^2/s^2,110,110.0,0.0,-0.9751581196989239,0.0015369701486864875,-0.9766345801700607,-0.9719100206813311,0.004724559488729518,-0.9766986509237002,-0.9712291762811464,0.005469474642553873,0.6199298702823485,0.003636252420086372,0.004317096820271149,nan,nan
234,93,136323,backward,eps,km^2/s^2,17136,17136.0,0.0,-0.0916709935616552,0.026739128788032737,-0.1495564530382687,-0.06552226635734601,0.08403418668092269,-0.16210584856470844,-0.058817793307683885,0.10328805525702456,-0.5632400572815627,0.05368868534838511,0.06623808087482486,nan,nan
234,94,90021,backward,eps,km^2/s^2,86,86.0,0.0,-0.8781758687320802,0.016247986810937125,-0.905251811177472,-0.8530146238908418,0.05223718728663018,-0.9088253580326086,-0.8511069586611474,0.05771839937146117,-0.04988021536260209,0.03225645077946318,0.034164116009157586,nan,nan
234,95,133163,backward,eps,km^2/s^2,579,579.0,0.0,-0.14997731902797995,0.02543245599198651,-0.19549217338784836,-0.11635780535059334,0.07913436803725502,-0.20272261197777708,-0.11552569737299123,0.08719691460478585,-0.23789911862594323,0.044266385847089494,0.051496824437018196,nan,nan
234,96,86786,backward,eps,km^2/s^2,53,53.0,0.0,-0.8754096916893732,0.012569072316335984,-0.8911888981254266,-0.8552097503620872,0.035979147763339325,-0.8927720758557143,-0.8514787903909852,0.0412932854647291,0.18863620608973955,0.025821187862482553,0.02955214783358462,nan,nan
234,97,75322,backward,eps,km^2/s^2,202,202.0,0.0,-0.9727912968736783,0.0008819568490352424,-0.9744233158298252,-0.971602671244453,0.002820644585372234,-0.9746987525900147,-0.9712994603756779,0.0033992922143367688,-0.2978696330944612,0.0021214636341248647,0.0024246745028999594,nan,nan
234,98,82346,backward,eps,km^2/s^2,95,95.0,0.0,-0.8749245811774802,0.011745035800252124,-0.8902335544255106,-0.8547677130208633,0.03546584140464726,-0.8949300184923137,-0.8529789131105712,0.041951105381742515,0.1660377155556856,0.022490691435688756,0.02427949134598084,nan,nan
234,99,119562,backward,eps,km^2/s^2,80,80.0,0.0,-0.14291649045043187,0.018448020597513957,-0.17418094438694687,-0.11777072599673666,0.05641021839021021,-0.18957672762278988,-0.11701919187465604,0.07255753574813384,-0.37174560954086067,0.041597702943212855,0.05699348617905586,nan,nan
234,100,87684,backward,eps,km^2/s^2,2981,2981.0,0.0,-0.9420341392465126,0.008527523909969362,-0.9553070816244448,-0.9272698726598759,0.02803720896456885,-0.9621175559892541,-0.9156752633208957,0.04644229266835842,0.20598583888072922,0.016173283970031593,0.024974388540812797,nan,nan
234,101,72016,backward,eps,km^2/s^2,907,907.0,0.0,-0.1507477045624751,0.019814774680552365,-0.1825800481056707,-0.12130139669886804,0.06127865140680265,-0.19224921623188163,-0.1160091218386653,0.07624009439321633,-0.0755077649563013,0.03295769046906967,0.0397495672620799,nan,nan
234,102,86918,backward,eps,km^2/s^2,382,382.0,0.0,-0.9682874323423799,0.0023501348870825153,-0.9709270315712196,-0.9631962345749465,0.007730796996273104,-0.9715090915253787,-0.9622781139171421,0.009230977608236546,0.6246508134773788,0.005670896731733149,0.006589017389537544,nan,nan
234,103,78981,backward,eps,km^2/s^2,1187,1187.0,0.0,-0.09888211020316351,0.00786021405530156,-0.11781085703237248,-0.09408348292005858,0.023727374112313904,-0.1253619796178279,-0.09292385694951244,0.03243812266831547,-0.8715360523745065,0.018236009052360672,0.025787131637816096,nan,nan
234,104,68925,backward,eps,km^2/s^2,542,542.0,0.0,-0.13466701732459063,0.014679306950185853,-0.1605461917071946,-0.11372454144690254,0.04682165026029207,-0.16733387123140908,-0.10785761510499259,0.059476256126416494,-0.172340529446936,0.025690000386751684,0.03099921153984808,nan,nan
234,105,70032,backward,eps,km^2/s^2,142,142.0,0.0,-0.12135086165814607,0.012821804075662017,-0.14321759649647942,-0.10598996376273266,0.037227632733746754,-0.14968283227373025,-0.10427402236417649,0.04540880990955376,-0.31767911148685724,0.021610953602938354,0.028076189380189187,nan,nan
234,106,77806,backward,eps,km^2/s^2,336,336.0,0.0,-0.11188496357073324,0.011717829242484401,-0.141975418097485,-0.10481500076949155,0.03716041732799347,-0.16033550431874655,-0.10330138708029202,0.05703411723845453,-1.8363507389075417,0.031908150960783116,0.05026823718204465,nan,nan
234,107,107834,backward,eps,km^2/s^2,478,478.0,0.0,-0.11356064879075878,0.016931679148424725,-0.15620979071873828,-0.10560716824775819,0.05060262247098009,-0.18632007223689973,-0.10497360072505824,0.08134647151184149,-1.3772923308845642,0.04816823107368882,0.07827851259185026,nan,nan
234,108,138156,backward,eps,km^2/s^2,340,340.0,0.0,-0.14156522159545365,0.016052298563385192,-0.16437742431976074,-0.11633492454450979,0.04804249977525095,-0.18406712765205357,-0.11029893286364112,0.07376819478841246,-0.1195184586699442,0.028282318465779846,0.042810741065512525,nan,nan
234,109,84739,backward,eps,km^2/s^2,139,139.0,0.0,-0.16692148019578767,0.015060448151006966,-0.1936791724041452,-0.1453401968262199,0.0483389755779253,-0.19960590728821093,-0.13996653881321608,0.05963936847499485,-0.20273703626156464,0.02679468778835724,0.029903330403052264,nan,nan
234,110,131982,backward,eps,km^2/s^2,357,357.0,0.0,-0.14050813065695777,0.02479687124701564,-0.19322214989593847,-0.11474853108876662,0.07847361880717185,-0.20077670292973804,-0.11228901695880367,0.08848768597093437,-0.5633034611994332,0.046784233289664544,0.05433878632346412,nan,nan
234,111,127281,backward,eps,km^2/s^2,82,82.0,0.0,-0.12516997740676866,0.01984118771572264,-0.16726830708475302,-0.10678163841639933,0.060486668668353685,-0.17510252935835025,-0.1065462381788227,0.06855629117952755,-0.6165468441911583,0.04047993842731,0.048314160700907216,nan,nan
234,112,74330,backward,eps,km^2/s^2,486,486.0,0.0,-0.14695065790896372,0.019351487915345637,-0.18322415467896136,-0.1213237948674111,0.06190035981155026,-0.19091130305989368,-0.11665864980508611,0.07425265325480757,-0.30044744247223637,0.037276655443559736,0.044963803824492055,nan,nan
234,113,104488,backward,eps,km^2/s^2,1278,1278.0,0.0,-0.11449861742943485,0.006068921276132139,-0.1282971799431368,-0.10931389828599472,0.01898328165714208,-0.1456773625798049,-0.10802761602992184,0.03764974654988307,-1.2815239287864217,0.015863161388954224,0.033243344025622346,nan,nan
234,114,118398,backward,eps,km^2/s^2,2392,2392.0,0.0,-0.10647851067979641,0.007733756350194779,-0.1229913182068789,-0.09905411739008069,0.023937200816798218,-0.1257461701574586,-0.09781644329863137,0.02792972685882722,-0.567608110246038,0.016772317098364114,0.019527169048943804,nan,nan
234,115,113342,backward,eps,km^2/s^2,265,265.0,0.0,-0.12292272658567305,0.009625612267095287,-0.1417574048245806,-0.11359887701510481,0.028158527809475795,-0.15570885151548886,-0.11320065407664137,0.042508197438847484,-0.5750207222874866,0.021142404592406502,0.03509385128331477,nan,nan
234,116,122399,backward,eps,km^2/s^2,112,112.0,0.0,-0.1340962128204919,0.018584212652281235,-0.16938114005185292,-0.11424869060502954,0.055132449446823384,-0.17771426092469755,-0.10805916553719896,0.06965509538749859,-0.3672767217777046,0.03805808154157532,0.04639120241441996,nan,nan
234,117,125857,backward,eps,km^2/s^2,141,141.0,0.0,-0.13174925304743024,0.021604787753441577,-0.1796098544022947,-0.11611516262501942,0.06349469177727529,-0.18656292895750037,-0.11496956662796964,0.07159336232953073,-0.6595078654085292,0.039322350823653096,0.04627542537885876,nan,nan
234,118,122402,backward,eps,km^2/s^2,184,184.0,0.0,-0.14010842463863643,0.02013607038614165,-0.17434470941649866,-0.11537833102168946,0.0589663783948092,-0.17826420275028432,-0.09295377893680912,0.0853104238134752,-0.14610104030068494,0.04121634525024403,0.0451358385840297,nan,nan
234,119,141158,backward,eps,km^2/s^2,246,246.0,0.0,-0.16339335325276683,0.02786343470410552,-0.19995706108672456,-0.11671525944457659,0.08324180164214798,-0.20433770359495673,-0.10256719630618161,0.10177050728877512,0.18522957098434958,0.046909857895192336,0.061057921033587315,nan,nan
234,120,74706,backward,eps,km^2/s^2,84,84.0,0.0,-0.1408775633092912,0.02338334735075467,-0.18768238224960274,-0.11758745461502473,0.070094927634578,-0.19456730144515944,-0.11634464579792092,0.07822265564723851,-0.48131045897621694,0.04885296144808322,0.05573788064363994,nan,nan
234,121,78627,backward,eps,km^2/s^2,66,66.0,0.0,-0.12618711679831562,0.012637685706002611,-0.15422083838918954,-0.11770393190028369,0.03651690648890585,-0.1667154116901477,-0.11747986050366244,0.04923555118648526,-0.9269484999698062,0.030001715318911493,0.04249628861986965,nan,nan
234,122,124420,backward,eps,km^2/s^2,576,576.0,0.0,-0.1374315796768733,0.022725831388689513,-0.1864836736252685,-0.11850408859932485,0.06797958502594365,-0.19364548911903867,-0.11782024202792607,0.0758252470911126,-0.6398972167681993,0.04505313030463928,0.05221494579840946,nan,nan
234,123,120702,backward,eps,km^2/s^2,327,327.0,0.0,-0.1362063037364597,0.016360866260651336,-0.1682098581255457,-0.11929931531691249,0.04891054280863322,-0.17745146588943217,-0.11884225075162991,0.05860921513780226,-0.465119449060475,0.031305812985167575,0.04054742074905404,nan,nan
234,124,87559,backward,eps,km^2/s^2,124,124.0,0.0,-0.16686941676763462,0.02054799643331924,-0.2001519274215202,-0.13073105832918108,0.0694208690923391,-0.20490104013062438,-0.12339962547203553,0.08150141465858884,0.2556122210876986,0.03826579368251216,0.0455972265396577,nan,nan
234,125,121586,backward,eps,km^2/s^2,9769,9769.0,0.0,-0.15058929236137375,0.020565411283453773,-0.18963777166230253,-0.12481830325234644,0.06481946840995609,-0.19880117156321597,-0.11940664246463983,0.07939452909857614,-0.3630192444628064,0.035319244293186315,0.04448264419409975,nan,nan
234,126,120587,backward,eps,km^2/s^2,1112,1112.0,0.0,-0.20886756793569283,0.01936107674797621,-0.23376833265081973,-0.17077357654012856,0.06299475611069116,-0.23715513838209212,-0.15844801327373337,0.07870712510835876,0.412429793845789,0.04043857100224692,0.05276413426864213,nan,nan
234,127,107934,backward,eps,km^2/s^2,3031,3031.0,0.0,-0.1586586777022425,0.015868463129794008,-0.19518833916284406,-0.14431008135938017,0.05087825780346389,-0.2065730933606592,-0.1410941311427012,0.06547896221795801,-0.7665306151767814,0.032805699501615826,0.044190453699430976,nan,nan
234,128,121146,backward,eps,km^2/s^2,127,127.0,0.0,-0.20379285262398172,0.019158016305147445,-0.2295993187376183,-0.17774890335872673,0.05185041537889157,-0.232778521686842,-0.1471843364933817,0.08559418519346029,0.45084731589972715,0.030284359789413344,0.060848926654758384,nan,nan
234,129,115982,backward,eps,km^2/s^2,2728,2728.0,0.0,-0.1669186076871257,0.02034919298503447,-0.19905262139314842,-0.13862699532756345,0.060425626065584964,-0.20496659605954715,-0.13579296674937902,0.06917362931016813,-0.09246274287133184,0.03158665272954712,0.037287807179889776,nan,nan
234,130,158319,backward,eps,km^2/s^2,109,109.0,0.0,-0.20280220032746676,0.03385222976772503,-0.2158335737872176,-0.11988189634653433,0.09595167744068327,-0.21600290380572618,-0.11725020688455035,0.09875269692117583,0.8168386804093257,0.07104372570515761,0.0736754151671416,nan,nan
234,131,127892,backward,eps,km^2/s^2,138,138.0,0.0,-0.14770850063000768,0.02596713209869036,-0.18825914524642476,-0.11218485607458023,0.07607428917184453,-0.19287415894593907,-0.07692565609414981,0.11594850285178926,0.1735344159528196,0.043960186620065345,0.06866495938807704,nan,nan
234,132,124671,backward,eps,km^2/s^2,570,570.0,0.0,-0.11790366159991594,0.013632221415208996,-0.14257047234766462,-0.10373353169269836,0.03883694065496626,-0.14731869204701076,-0.10297854855842747,0.044340143488583283,-0.3136289864264512,0.023608151931470357,0.0283563716308165,nan,nan
234,133,146384,backward,eps,km^2/s^2,322,322.0,0.0,-0.059068186470943196,0.013133631466519389,-0.08242132088815012,-0.04511618346703518,0.03730513742111494,-0.09969395197132769,-0.04468617940659536,0.05500777256473233,-0.3112345958429861,0.02414189127342512,0.0414145223566027,nan,nan
234,134,95195,backward,eps,km^2/s^2,1932,1932.0,0.0,-0.16696709188170067,0.00681398645249857,-0.18046866328622524,-0.15692233054947544,0.023546332736749803,-0.18803489869109002,-0.15432248746657973,0.0337124112245103,-0.507402560147859,0.017426562568730534,0.024992797973595327,nan,nan
234,135,106920,backward,eps,km^2/s^2,590,590.0,0.0,-0.1974186100773609,0.008932546867195454,-0.21241280192057985,-0.18430062941446027,0.02811217250611958,-0.21575797575492783,-0.18050343889693088,0.035254536857996954,-0.09967977293898356,0.015215068969148697,0.018093733394674683,nan,nan
234,136,108772,backward,eps,km^2/s^2,416,416.0,0.0,-0.9393016488826946,0.01852475684313749,-0.9603904449588344,-0.9019655562202977,0.058424888738536684,-0.962222983890116,-0.8926664218883469,0.06955656200176907,0.4810787844378979,0.031011083935245293,0.04031021826719616,nan,nan
234,137,99266,backward,eps,km^2/s^2,294,294.0,0.0,-0.9174073685739232,0.008097576335680735,-0.9297138663962182,-0.9037589615881815,0.02595490480803675,-0.9352937153371288,-0.8980684508393021,0.037225264497826704,0.08047228522537153,0.015105218255352949,0.01904067523495545,nan,nan
234,138,107029,backward,eps,km^2/s^2,73,73.0,0.0,-0.9827834537237213,0.0070925650107658425,-0.9952224715122946,-0.9734244927084438,0.021797978803850815,-0.9985887564650576,-0.9724555516097251,0.026133204855332548,-0.2883067272407987,0.012358225065162175,0.013459041995074528,nan,nan
234,139,109837,backward,eps,km^2/s^2,586,586.0,0.0,-0.9375199764179638,0.01844356721420957,-0.9601539634364696,-0.9016638170937579,0.05849014634271177,-0.9622636700867738,-0.8933663378411721,0.06889733224560168,0.3929460159875565,0.03134429542822717,0.03672862465543958,nan,nan
234,140,103920,backward,eps,km^2/s^2,150,150.0,0.0,-0.921820771531796,0.014626648371831079,-0.9510528742661878,-0.9015692613229704,0.04948361294321735,-0.9601814729409615,-0.8979073626758558,0.06227411026510565,-0.4571498117103158,0.03264431809711883,0.04177291677189254,nan,nan
234,141,169244,backward,eps,km^2/s^2,55,55.0,0.0,-0.20384112841666369,0.014578657099307054,-0.2129732487995874,-0.16939496186066644,0.04357828693892096,-0.21306459086269347,-0.1613497121548071,0.05171487870788638,0.9603224443471319,0.029449189510202207,0.03749443921606155,nan,nan
234,142,106530,backward,eps,km^2/s^2,197,197.0,0.0,-0.19206307092075836,0.0048850345566598076,-0.2003323383499886,-0.18375187684561134,0.016580461504377253,-0.20392336325426386,-0.1800951274824566,0.02382823577180726,0.0003976851858406628,0.009656750578144876,0.01252637036178239,nan,nan
234,143,107327,backward,eps,km^2/s^2,78,78.0,0.0,-0.9395579876844327,0.017442958003387233,-0.9604120245067145,-0.9063258656929006,0.054086158813813845,-0.9621339487969547,-0.9022436898566857,0.059890258940269,0.36950286209624833,0.03163521263483699,0.03571738847105199,nan,nan
234,144,167802,backward,eps,km^2/s^2,745,745.0,0.0,-0.1846912351575546,0.013673531036492126,-0.20442739571189134,-0.16246578400423792,0.04196161170765342,-0.21325399701790615,-0.1560286657613592,0.05722533125654694,0.12472589772629836,0.023663505227823473,0.029872894698382946,nan,nan
234,145,173458,backward,eps,km^2/s^2,98,98.0,0.0,-0.20687290174419892,0.011653752078369993,-0.21769797316775516,-0.18342689496345874,0.034271078204296423,-0.23215093861253766,-0.17725782604139906,0.0548931125711386,0.3160441498692664,0.02409086688455903,0.02799987118296432,nan,nan
234,146,123438,backward,eps,km^2/s^2,209,209.0,0.0,-0.21399934460818593,0.01556543530541754,-0.23834188321769664,-0.1907663114779669,0.04757557173972973,-0.2432835422894356,-0.18526192481590742,0.058021617473528186,-0.02505049656241425,0.026283052417351425,0.03036136965742997,nan,nan
234,147,176484,backward,eps,km^2/s^2,108,108.0,0.0,-0.20495148674317215,0.0107852340242795,-0.22115586460790657,-0.18704797487104444,0.03410788973686213,-0.23504073970582628,-0.17767204267081782,0.057368697035008465,-0.024734138865307953,0.021394924267059693,0.028852556979670152,nan,nan
234,148,146480,backward,eps,km^2/s^2,671,671.0,0.0,-0.1524622327092252,0.01376212175931242,-0.16955747434043916,-0.12350901394503327,0.04604846039540589,-0.17564219203187914,-0.1071466566954884,0.06849553533639074,0.6652141448603986,0.028147004757078153,0.04450936200662303,nan,nan
234,149,110855,backward,eps,km^2/s^2,52,52.0,0.0,-0.19591784974786525,0.006420520224836148,-0.20433187987888715,-0.1846866970890956,0.01964518278979155,-0.20539588704871115,-0.1827571758997102,0.022638711149000956,0.24936726825465322,0.010708533207159197,0.01177643493146463,nan,nan
234,150,203913,backward,eps,km^2/s^2,141,141.0,0.0,-0.2095123833616921,0.008918100444702228,-0.21772608523256975,-0.19020123999323524,0.027524845239334517,-0.23131196318271208,-0.1863308301337716,0.04498113304894047,0.2510971262502228,0.020287605208822668,0.02379022689357757,nan,nan
234,151,132564,backward,eps,km^2/s^2,484,484.0,0.0,-0.14057495859132257,0.0158107099209891,-0.1719409730512615,-0.12243622666429642,0.04950474638696507,-0.17606934745248537,-0.11611643563718321,0.05995291181530216,-0.409146697342618,0.027899863672018264,0.031843660360137416,nan,nan
234,152,109896,backward,eps,km^2/s^2,130,130.0,0.0,-0.967420647105256,0.0027872728867106697,-0.9714686425695941,-0.9628927633909207,0.008575879178673418,-0.9718979176125936,-0.9623254088997772,0.009572508712816341,0.09259682128383791,0.00504952862551723,0.0056168831166606425,nan,nan
234,153,117706,backward,eps,km^2/s^2,1239,1239.0,0.0,-0.18405316554271367,0.0069991253058863225,-0.19593179110331202,-0.17435797181838839,0.021573819284923634,-0.19759373454301477,-0.16844053803059156,0.029153196512423207,-0.08673984691374742,0.011922477845585354,0.016247752132154458,nan,nan
234,154,122287,backward,eps,km^2/s^2,51,51.0,0.0,-0.2077568505784535,0.010553350165429867,-0.22304739874288404,-0.19247296513894036,0.030574433603943685,-0.22675192647267073,-0.18625996265503164,0.04049196381763909,0.07335816783284672,0.017254616777575615,0.023217128398871356,nan,nan
234,155,125160,backward,eps,km^2/s^2,270,270.0,0.0,-0.21182470568209233,0.009234805476661145,-0.22865872600233803,-0.19898964781788245,0.029669078184455577,-0.23095499771394834,-0.19461181686172346,0.03634318085222488,-0.17365956622961873,0.016041332308065846,0.01859820872921114,nan,nan
234,156,112612,backward,eps,km^2/s^2,80,80.0,0.0,-0.9674055599612184,0.002842272459451059,-0.9716189927922793,-0.9628574696546394,0.008761523137639893,-0.9720003458590097,-0.9623928651483739,0.009607480710635885,0.05694762152864959,0.0048685103274864186,0.005333114833751873,nan,nan
234,157,141979,backward,eps,km^2/s^2,2111,2111.0,0.0,-0.1196072080030971,0.015012765738734144,-0.14597852808324402,-0.10026147991352918,0.045717048169714836,-0.151474660251109,-0.09800025162485526,0.053474408626253744,-0.2215373574148262,0.025620849872655727,0.031116982040520713,nan,nan
234,158,152539,backward,eps,km^2/s^2,1899,1899.0,0.0,-0.21228266878055746,0.008750595199107746,-0.2255566057272145,-0.19708663477457528,0.02846997095263923,-0.23033559346606303,-0.19218441712123047,0.03815117634483256,0.10009270866477606,0.020075636064755552,0.02497785371810035,nan,nan
234,159,160687,backward,eps,km^2/s^2,10375,10375.0,0.0,-0.21108751762390188,0.01649252935428725,-0.22686520052098338,-0.17242546127562883,0.05443973924535456,-0.22989050446425008,-0.16242636919537956,0.06746413526887052,0.8594975837240724,0.03776843922341536,0.04776753130366462,nan,nan
234,160,139237,backward,eps,km^2/s^2,180,180.0,0.0,-0.21991426601058262,0.010044315904298325,-0.23273295484520848,-0.19932042979407238,0.033412525051136094,-0.2345759592020109,-0.19311678026522439,0.04145917893678652,0.47134795531245216,0.026114524457700784,0.03231817398654879,nan,nan
234,161,141438,backward,eps,km^2/s^2,1237,1237.0,0.0,-0.15481415799200215,0.01396790305887566,-0.174249312502032,-0.1286024028074386,0.045646909694593396,-0.18115166631081103,-0.11743570560948957,0.06371596070132146,0.316741526386983,0.026159903217633333,0.03715601929180545,nan,nan
234,162,141302,backward,eps,km^2/s^2,53,53.0,0.0,-0.22084667373373923,0.007994104176650026,-0.23673609233238094,-0.2079516645031451,0.028784427829235848,-0.23909571824622644,-0.20636223456546676,0.03273348368075968,-0.03214202927628465,0.016070020889775584,0.01673990803419334,nan,nan
234,163,143407,backward,eps,km^2/s^2,647,647.0,0.0,-0.22941031248061938,0.01434383046683096,-0.2488207055049241,-0.20120118073561322,0.04761952476931089,-0.2507324550443265,-0.18481215886163505,0.06592029618269146,0.5281644043014339,0.030738203023611514,0.04712722489758969,nan,nan
234,164,136225,backward,eps,km^2/s^2,1363,1363.0,0.0,-0.205716540507218,0.007153362310487979,-0.21475031742879855,-0.19071070547583996,0.02403961195295859,-0.2159780284819811,-0.18483919725193654,0.031138831230044572,0.5930835752953508,0.014326016003771976,0.0201975242276754,nan,nan
234,165,171505,backward,eps,km^2/s^2,814,814.0,0.0,-0.20695576381522285,0.017891656807192183,-0.21701091230626873,-0.15875786542228268,0.058253046883986054,-0.2176833102504272,-0.13958431515595104,0.07809899509447615,1.4758153650935557,0.04630041521225733,0.06547396547858897,nan,nan
234,166,151417,backward,eps,km^2/s^2,51,51.0,0.0,-0.2338514342697371,0.012211322544669528,-0.2512701239996658,-0.21567676880673659,0.03559335519292922,-0.2535468949271472,-0.20305566816171783,0.05049122676542939,0.3090043005330113,0.01978058939075511,0.03240169003577387,nan,nan
234,167,153567,backward,eps,km^2/s^2,2544,2544.0,0.0,-0.15120760932611232,0.012563375828902332,-0.1670580630155971,-0.12789963067128848,0.03915843234430863,-0.17201915240789856,-0.12385977231294143,0.04815938009495713,0.2554570025954678,0.021692381984383533,0.02562744259238492,nan,nan
234,168,145934,backward,eps,km^2/s^2,130,130.0,0.0,-0.17884245482069305,0.008486058726853502,-0.19218475259063011,-0.16504674711874842,0.027138005471881693,-0.1957203033527498,-0.16066962261974127,0.035050680733008543,0.024646811191829727,0.016250520199265386,0.01822845375894533,nan,nan
234,169,166807,backward,eps,km^2/s^2,839,839.0,0.0,-0.23634491646271416,0.012199278035010258,-0.25467458977009605,-0.22122267954175884,0.03345191022833721,-0.2573379056203583,-0.19571438940496866,0.06162351621538964,0.2183307476237058,0.019454021423999057,0.044962311560789225,nan,nan
234,170,174618,backward,eps,km^2/s^2,3242,3242.0,0.0,-0.2279843127698058,0.008199279330495414,-0.23371474402640072,-0.20723853847095364,0.02647620555544708,-0.23499305044106766,-0.1990076665840339,0.03598538385703376,1.1345894634927718,0.019653329383496287,0.02788420127041602,nan,nan
234,171,174565,backward,eps,km^2/s^2,84,84.0,0.0,-0.20622156540347758,0.013660523739573657,-0.21561059185063902,-0.17513397635645078,0.04047661549418824,-0.21609731886983863,-0.1661214806119018,0.04997583825793683,0.8797038618556405,0.03121817268931227,0.04023066843386125,nan,nan
234,172,153918,backward,eps,km^2/s^2,52,52.0,0.0,-0.18062393720212055,0.00849738681400324,-0.19092344493815597,-0.16440240063250683,0.02652104430564914,-0.19168299052023208,-0.1611437224199891,0.03053926810024299,0.3661752338851242,0.016690769391457014,0.019949447603974768,nan,nan
234,173,154611,backward,eps,km^2/s^2,1445,1445.0,0.0,-0.22244688011797975,0.004528181875125514,-0.22942666522751726,-0.21568885233217505,0.013737812895342205,-0.2302849653909943,-0.21126713865953028,0.019017826731464016,0.10349029273960231,0.008428688748418288,0.012850402421063056,nan,nan
234,174,187351,backward,eps,km^2/s^2,67,67.0,0.0,-0.2100053600660322,0.0106172063939183,-0.21570719807968647,-0.18631477384221196,0.029392424237474513,-0.21580942045235008,-0.1730608012479694,0.04274861920438067,1.1451736238570098,0.027529730232252803,0.04078370282649535,nan,nan
234,175,169643,backward,eps,km^2/s^2,442,442.0,0.0,-0.2381772414681187,0.01445103468938602,-0.2556428728433327,-0.21126189770454432,0.04438097513878839,-0.25702693908731455,-0.17699196225024794,0.08003497683706662,1.4499571635341268,0.03134908890239615,0.06561902435669253,nan,nan
234,176,168958,backward,eps,km^2/s^2,282,282.0,0.0,-0.1958065904191209,0.011071251621845886,-0.21177098206857597,-0.17785160727475832,0.03391937479381765,-0.21212037687633956,-0.1723476885249713,0.03977268835136827,0.07962121850877685,0.01934062037938403,0.02484453912917106,nan,nan
234,177,170926,backward,eps,km^2/s^2,727,727.0,0.0,-0.1932994851823162,0.010817263065747335,-0.20908023868650108,-0.17538770116828703,0.03369253751821405,-0.20973556491082568,-0.1691356444422759,0.040599920468549766,0.13140401618650294,0.021045465954470793,0.02729752268048191,nan,nan
234,178,173453,backward,eps,km^2/s^2,326,326.0,0.0,-0.20412786785449566,0.010539231143363428,-0.21335787936057604,-0.18152800586939763,0.03182987349117841,-0.21523693836047397,-0.17781227807871047,0.0374246602817635,0.5920340284243979,0.02153901632355329,0.025254744114240446,nan,nan
234,179,183842,backward,eps,km^2/s^2,352,352.0,0.0,-0.2522070333226592,0.007498935241918065,-0.2577771313392874,-0.23578662623234437,0.02199050510694306,-0.2581213790987834,-0.22948785631636126,0.02863352278242215,0.7483581655340468,0.01632730966841023,0.022626079584393333,nan,nan
234,180,182265,backward,eps,km^2/s^2,1084,1084.0,0.0,-0.25446646208790064,0.006572886476004865,-0.2588912105898834,-0.23860913775689005,0.020282072832993353,-0.2593276385082858,-0.2305740639408318,0.028753574567453977,1.0487032412411728,0.014171695796060719,0.02220676961211898,nan,nan
234,181,174823,backward,eps,km^2/s^2,856,856.0,0.0,-0.19769337994217512,0.010168676763438985,-0.2081926940200555,-0.17824054177557566,0.029952152244479835,-0.2089841966272823,-0.17129269933501,0.03769149729227228,0.45967074172475564,0.020324325845329866,0.027272168285895515,nan,nan
234,182,173712,backward,eps,km^2/s^2,483,483.0,0.0,-0.19467685822759473,0.012131821201689432,-0.2054034941186113,-0.16856683237057038,0.03683666174804093,-0.20589887206558433,-0.16446935351843384,0.04142951854715049,0.6090401234139147,0.025532234646637637,0.02962971349877419,nan,nan
234,183,184891,backward,eps,km^2/s^2,124,124.0,0.0,-0.25267977214285725,0.005841307834207892,-0.25828139774959313,-0.24126021911544585,0.017021178634147288,-0.25835961762247284,-0.23354624091825726,0.024813376704215573,0.75488770219603,0.011908289081598338,0.01962226727878691,nan,nan
234,184,174489,backward,eps,km^2/s^2,5009,5009.0,0.0,-0.1663479052404675,0.01303294931714607,-0.1834352409042407,-0.13932846563826964,0.044106775265971065,-0.18956617648353458,-0.11606743975397138,0.0734987367295632,0.6650966553549728,0.0277797701103791,0.05104079599467737,nan,nan
234,185,169367,backward,eps,km^2/s^2,173,173.0,0.0,-0.24381126910895468,0.010898060854391007,-0.2552944023997766,-0.22247656239285643,0.032817840006920146,-0.25722303156115534,-0.19945489104750547,0.05776814051364987,1.0387330685307965,0.021897236224843054,0.04491890757019401,nan,nan
234,186,186077,backward,eps,km^2/s^2,253,253.0,0.0,-0.2141286630064514,0.006896247576144123,-0.21850125047301933,-0.19661664698026596,0.02188460349275337,-0.21877758894278854,-0.18748465934025071,0.03129292960253782,1.3763718593552208,0.01890665322344051,0.028038640863455755,nan,nan
234,187,158732,backward,eps,km^2/s^2,188,188.0,0.0,-0.238037671463734,0.016191271568723836,-0.24593703591676266,-0.19541855606206715,0.050518479854695514,-0.24761967858891454,-0.16916231750845845,0.07845736108045609,2.177408525854531,0.04178757736568205,0.06804381591929076,nan,nan
234,188,170213,backward,eps,km^2/s^2,56,56.0,0.0,-0.24591630346704096,0.016678231341899226,-0.25681431033182955,-0.20599103037777203,0.050823279954057526,-0.25726788764161435,-0.19332221845315156,0.06394566918846278,1.226732926435243,0.038753769639724406,0.05142258156434487,nan,nan
234,189,180073,backward,eps,km^2/s^2,2019,2019.0,0.0,-0.2319345692092344,0.0049447795966534105,-0.2368772582915991,-0.22178751681553519,0.015089741476063928,-0.2377361673820212,-0.21738495557262905,0.020351211809392145,0.5764970999827542,0.011206109329996914,0.01560867057290305,nan,nan
234,190,182088,backward,eps,km^2/s^2,2067,2067.0,0.0,-0.181901875174042,0.005106892448170317,-0.18923349484767524,-0.17214522386530318,0.01708827098237206,-0.19045980441711263,-0.16660048844317799,0.023859315973934647,0.4396729815838863,0.010740768401215302,0.016285503823340486,nan,nan
234,191,177383,backward,eps,km^2/s^2,3466,3466.0,0.0,-0.23375468402939759,0.004754770017794908,-0.24013603608503722,-0.22456875270011778,0.015567283384919445,-0.2416810238635061,-0.22114211961853358,0.02053890424497251,0.37775320231851456,0.011975812901083405,0.0154024459826676,nan,nan
234,192,174403,backward,eps,km^2/s^2,229,229.0,0.0,-0.2462618388545218,0.014455710321522312,-0.2565824697968307,-0.21096711926890332,0.04561535052792737,-0.2571981952077945,-0.18250828575553768,0.07468990945225684,1.7583690955165214,0.03587554682203719,0.06433438033540284,nan,nan
234,193,178238,backward,eps,km^2/s^2,102,102.0,0.0,-0.2508130972780942,0.00475596299174629,-0.2578396783686987,-0.24257218948946477,0.015267488879233931,-0.25808727620606,-0.24075778091177813,0.01732949529428185,0.19567214027286456,0.008054782151103834,0.009269659012645537,nan,nan
234,194,170665,backward,eps,km^2/s^2,53,53.0,0.0,-0.2034463689971473,0.0046213578680228615,-0.21057864172546073,-0.19677044017409662,0.013808201551364113,-0.21137669823697203,-0.1960126268630964,0.015364071373875632,0.004047342577335975,0.008746084053607994,0.009503897364608216,nan,nan
234,195,186177,backward,eps,km^2/s^2,644,644.0,0.0,-0.24988101268444546,0.004573205283059084,-0.2556292619225209,-0.2417422019630705,0.013887059959450387,-0.2571659068465004,-0.23848505909097972,0.018680847755520702,0.29237617166959595,0.008911634998310259,0.012168777870401049,nan,nan
234,196,181587,backward,eps,km^2/s^2,273,273.0,0.0,-0.1993046430359724,0.0065792846102037525,-0.2039031993337616,-0.1836411929131103,0.02026200642065132,-0.2041946219733788,-0.17922365162630804,0.024970970347070742,0.9043013625378244,0.014830544225440872,0.019248085512243107,nan,nan
234,197,179171,backward,eps,km^2/s^2,684,684.0,0.0,-0.1928462676017666,0.006069484395277105,-0.20269669716714325,-0.18427388765040179,0.018422809516741467,-0.20342173177288925,-0.1753568298490763,0.028064901923812946,0.052750592704124355,0.010686414847558147,0.019603472648883624,nan,nan
234,198,209870,backward,eps,km^2/s^2,258,258.0,0.0,-0.2483741198293371,0.005620991114715077,-0.2579018079574786,-0.24151737374137558,0.016384434216103,-0.2582250091029896,-0.23468884433751525,0.023536164765474377,-0.11495118495552449,0.008353790611897003,0.015146912930106282,nan,nan
234,199,183992,backward,eps,km^2/s^2,55,55.0,0.0,-0.21229373650650385,0.004920332699463725,-0.21615470924660007,-0.20175218778544488,0.014402521461155199,-0.21624474464990007,-0.2009898138290337,0.015254930820866375,0.6245059774688632,0.010892899164589053,0.011655273121000231,nan,nan
234,200,187670,backward,eps,km^2/s^2,1992,1992.0,0.0,-0.237430368463671,0.003933328936280059,-0.24114921767992062,-0.2284209006853953,0.012728316994525313,-0.24391017896286493,-0.22442928974972687,0.019480889213138064,0.8579070735043663,0.009772383801460413,0.01376399473712886,nan,nan
234,201,183195,backward,eps,km^2/s^2,183,183.0,0.0,-0.20813502141467544,0.0063616528820965995,-0.21265758912167648,-0.19260087728223205,0.020056711839444435,-0.21290681234841413,-0.18598774674464336,0.026919065603770775,1.162290238029773,0.01624446086367019,0.02285759140125887,nan,nan
234,202,187458,backward,eps,km^2/s^2,267,267.0,0.0,-0.2535527391680986,0.0034095097998755835,-0.2568786194127362,-0.24536681933155882,0.011511800081177387,-0.2572350505806992,-0.24038208970942243,0.016852960871276745,1.270282656086483,0.006278480451313057,0.011263210073449437,nan,nan
234,203,188365,backward,eps,km^2/s^2,144,144.0,0.0,-0.21099872239383455,0.007444722433416927,-0.21632581722547084,-0.19396513010657748,0.022360687118893358,-0.2165330622211794,-0.189690224746479,0.0268428374747004,0.8620467076882725,0.020888125216016976,0.025163030576115464,nan,nan
234,204,191955,backward,eps,km^2/s^2,61,61.0,0.0,-0.25611372106681607,0.0032084157111260314,-0.2581106155868368,-0.24770730957849796,0.01040330600833883,-0.258155544271637,-0.24518937517101724,0.012966169100619762,1.374014877699186,0.007672623031029224,0.01019055743850994,nan,nan
234,205,196937,backward,eps,km^2/s^2,542,542.0,0.0,-0.12011819812129498,0.025103352169505235,-0.15968167946008688,-0.08558054740610062,0.07410113205398626,-0.16990627698144833,-0.07994879025114099,0.08995748673030735,-0.11221809375378029,0.039812673983192236,0.048527383451343,nan,nan
234,206,184764,backward,eps,km^2/s^2,798,798.0,0.0,-0.20665517659590854,0.006158961066834505,-0.21113124086284507,-0.19115801415313033,0.019973226709714742,-0.21183187833241046,-0.18337516389885988,0.02845671443355058,1.3090127271360472,0.01661059497743605,0.0243934452317065,nan,nan
234,207,185292,backward,eps,km^2/s^2,271,271.0,0.0,-0.21058493740216278,0.005395589672552867,-0.21412612945477355,-0.19748455545529264,0.016641573999480908,-0.21444476404696744,-0.18714836197739593,0.027296402069571513,1.5800026472316546,0.013884069326417503,0.02422026280431422,nan,nan
234,208,192657,backward,eps,km^2/s^2,903,903.0,0.0,-0.2474341912993253,0.0025812041918813087,-0.24986939342942122,-0.2417929997666734,0.008076393662747816,-0.2502953799807951,-0.24021491764940628,0.010080462331388818,0.6400120813022346,0.005232541983866412,0.006810624101133533,nan,nan
234,209,207954,backward,eps,km^2/s^2,523,523.0,0.0,-0.2106777341381113,0.006063621780303629,-0.21785480102890664,-0.19973975766772223,0.018115043361184413,-0.2184819933520571,-0.19704531521069768,0.02143667814135941,0.27964493981394434,0.010418522730452727,0.011045715053603189,nan,nan
234,210,185518,backward,eps,km^2/s^2,1011,1011.0,0.0,-0.19456543261509962,0.0032259770521626805,-0.2011944611342199,-0.1904878579225356,0.010706603211684318,-0.20218000195324337,-0.18906688812455152,0.013113113828691847,-0.5163644573589729,0.005731731442791321,0.006653553415736035,nan,nan
234,211,208699,backward,eps,km^2/s^2,814,814.0,0.0,-0.21690509410259579,0.004147010590902683,-0.2227316401594454,-0.2080686489342555,0.014662991225189909,-0.2238170630376396,-0.20501411926083213,0.018802943776807468,0.5192633844839951,0.008533476885110856,0.009425779206399643,nan,nan
234,212,195967,backward,eps,km^2/s^2,1518,1518.0,0.0,-0.24419621534536162,0.0016696189725018404,-0.2464704514518209,-0.2407622956952284,0.005708155756592503,-0.2470812364682049,-0.23932001870004727,0.0077612177681576355,0.5384505382691126,0.003935396338718591,0.005377673333899713,nan,nan
234,213,221491,backward,eps,km^2/s^2,287,287.0,0.0,-0.24539243707987746,0.009763435349853234,-0.25456830653108675,-0.2253225822374109,0.029245724293675862,-0.2555986765839434,-0.20925931561483868,0.04633936096910474,0.842246895828603,0.01991021009534763,0.03597347671791984,nan,nan
234,214,198357,backward,eps,km^2/s^2,528,528.0,0.0,-0.1977965643061872,0.006954753980549775,-0.20038942191196507,-0.18116549360919032,0.01922392830277475,-0.2009263308543886,-0.17508125796734053,0.02584507288704807,0.7419091336097975,0.016844280286825178,0.022928515928674953,nan,nan
234,215,207478,backward,eps,km^2/s^2,1091,1091.0,0.0,-0.24132459716403343,0.001745511033094938,-0.24316207153742025,-0.23748692971423696,0.005675141823183294,-0.24353987185136594,-0.2357648775061737,0.007774994345192243,0.7498655953858938,0.004043139609759716,0.005765191817822979,nan,nan
234,216,201577,backward,eps,km^2/s^2,432,432.0,0.0,-0.1369188123783041,0.01570399297968027,-0.16120748995535195,-0.11104447097673079,0.05016301897862116,-0.16825010116186145,-0.1074113674471664,0.06083873371469506,0.040340700903846304,0.02683193797607681,0.032321352297358885,nan,nan
234,217,215999,backward,eps,km^2/s^2,177,177.0,0.0,-0.2553234397789029,0.00888877106000643,-0.2567543732575855,-0.22778914599831832,0.028965227259267173,-0.25692166980755216,-0.21383557595853042,0.043086093849021734,2.379481645569769,0.02549652752660873,0.039450097566396614,nan,nan
234,218,200025,backward,eps,km^2/s^2,634,634.0,0.0,-0.24719859083878515,0.0011189980078073788,-0.24850795401792694,-0.24472974778482223,0.0037782062331047084,-0.24882945856186556,-0.2433469624737612,0.0054824960881043605,0.8658901804033716,0.0029091225067832296,0.004291907817844276,nan,nan
234,219,212975,backward,eps,km^2/s^2,194,194.0,0.0,-0.2557765590513337,0.001259800317400942,-0.25667408349912546,-0.25265349840508083,0.004020585094044626,-0.25689072764600973,-0.25080558793645924,0.006085139709550491,1.3326555767394306,0.0022282741244812766,0.004076184593102883,nan,nan
234,220,199435,backward,eps,km^2/s^2,1347,1347.0,0.0,-0.1806677608376669,0.01125616816394698,-0.19592560788724053,-0.1613390399494444,0.03458656793779613,-0.19777796828104965,-0.1525163557371867,0.04526161254386296,0.27230288829156374,0.019739390668475545,0.028562074880733257,nan,nan
234,221,210407,backward,eps,km^2/s^2,105,105.0,0.0,-0.2501161139451423,0.000811809854380306,-0.25071101036165944,-0.24814762093946938,0.00256338942219006,-0.2507823361889968,-0.24731354312920284,0.003468793059793973,1.2495272079427118,0.0019065591501174145,0.0027406369603839575,nan,nan
234,222,211697,backward,eps,km^2/s^2,262,262.0,0.0,-0.16756484122685522,0.00830622873346957,-0.17971851288862858,-0.1527027558822389,0.027015757006389696,-0.18742634867305363,-0.1434703930344292,0.04395595563862442,0.27104373300352824,0.01611090636247854,0.023544713093029968,nan,nan
234,223,213762,backward,eps,km^2/s^2,96,96.0,0.0,-0.2557445148255131,0.0014462640339860972,-0.2565550970030805,-0.2516953450128749,0.0048597519902056074,-0.2566631714267311,-0.2508006198565398,0.005862551570191332,1.5661052276134941,0.003254765509494717,0.004149490665829814,nan,nan
234,224,216403,backward,eps,km^2/s^2,906,906.0,0.0,-0.1984759645725382,0.007622345865931604,-0.20962770934416344,-0.18392248982080633,0.02570521952335711,-0.2127780639426019,-0.17510176302808989,0.03767630091451202,0.4275750243343136,0.014462968259072534,0.023275887566495013,nan,nan
234,225,217741,backward,eps,km^2/s^2,444,444.0,0.0,-0.18605857194451347,0.012948475473906824,-0.20514967778893528,-0.1641034836841101,0.041046194104825184,-0.20736770065473187,-0.15676412748496094,0.05060357316977093,0.17154975916780973,0.02181220676319741,0.029151562962346556,nan,nan
234,226,213015,backward,eps,km^2/s^2,149,149.0,0.0,-0.1808995390840743,0.007398453732432856,-0.1916816548700327,-0.16866303284563586,0.023018622024396834,-0.19365897563956835,-0.1666886572511479,0.026970318388420456,0.11202505028906015,0.012719099870898386,0.014693475465386352,nan,nan
234,227,217754,backward,eps,km^2/s^2,418,418.0,0.0,-0.1927506697420865,0.01178573983124084,-0.2141355732692715,-0.17629330837723642,0.03784226489203507,-0.21600452035426532,-0.17065964689107904,0.045344873463186275,-0.29203280196165576,0.020053780900965178,0.02430264734622334,nan,nan
234,228,215359,backward,eps,km^2/s^2,911,911.0,0.0,-0.21452208219415103,0.0064070894463118455,-0.22275612386166893,-0.20309046786915724,0.019665655992511688,-0.22405119767830828,-0.19586282825750356,0.028188369420804715,0.36358563665738536,0.011543796549779162,0.018771436161432842,nan,nan
234,229,218639,backward,eps,km^2/s^2,215,215.0,0.0,-0.24031546930484293,0.002841558351978009,-0.24391545960141253,-0.23549835107616496,0.008417108525247574,-0.24474459740700938,-0.23414236302125968,0.010602234385749698,0.1753724448261011,0.004522802810582615,0.00573182273514794,nan,nan
234,230,222316,backward,eps,km^2/s^2,89,89.0,0.0,-0.20944470833698503,0.01274463521417612,-0.22429588915177787,-0.18432023546727636,0.03997565368450151,-0.2258334189131661,-0.179497871824165,0.04633554708900112,0.5005995045893992,0.025124472869708665,0.02994683651282004,nan,nan
234,231,220314,backward,eps,km^2/s^2,258,258.0,0.0,-0.2149624227763967,0.00592334494059475,-0.22078153659896782,-0.2031905175940088,0.01759101900495902,-0.2216390568527441,-0.2021678764444942,0.01947118040824991,0.376042888041902,0.010229430164395325,0.011252071313909928,nan,nan
234,232,221556,backward,eps,km^2/s^2,378,378.0,0.0,-0.22569407390979662,0.009593419430855357,-0.23928805222854801,-0.2096819294844397,0.029606122744108315,-0.24077063862510262,-0.20757396186101273,0.03319667676408988,0.11726517077187688,0.01624950167388435,0.018357469297311302,nan,nan
234,233,222949,backward,eps,km^2/s^2,55,55.0,0.0,-0.23993196484930113,0.006234589818447072,-0.24731708630927687,-0.22874634555673395,0.01857074075254292,-0.24800534783917172,-0.22746835871999926,0.020536989119172455,0.2923885429519642,0.010783940393970192,0.012061927230704872,nan,nan
234,0,85169,backward,e,-,232,232.0,0.0,0.3382478023441613,0.028266639587011262,0.29244844858295,0.37424342032327146,0.08179497174032146,0.23607154471813227,0.3806617202199294,0.14459017550179712,-0.5614955602209161,0.05682568097051668,0.11320258483533438,nan,nan
234,1,83961,backward,e,-,230,230.0,0.0,0.3358073024717833,0.03035639726395855,0.28927318569742544,0.38212578199685165,0.09285259629942622,0.27388988517601276,0.38847045941130764,0.11458057423529489,-0.042486380575205825,0.06296476538136496,0.07834806590277765,nan,nan
234,2,24775,backward,e,-,53,53.0,0.0,0.29704047033394754,0.02624235990740233,0.27123944569043157,0.3518231603556162,0.08058371466518466,0.27001558353882477,0.3584712969784406,0.08845571343961584,0.6131619383087439,0.044608822344756625,0.04583268449636341,nan,nan
234,3,30334,backward,e,-,107,107.0,0.0,0.25413155084263084,0.03441951476866906,0.23615273507951418,0.3395973757185018,0.10344464063898762,0.22888594880575935,0.4170346165478668,0.18814866774210742,2.530931025010093,0.08278544763080664,0.16022268846017163,nan,nan
234,4,65627,backward,e,-,243,243.0,0.0,0.2951881351523473,0.031719814746192405,0.23704329482727737,0.3524622148773348,0.11541892005005744,0.21870225090466192,0.408596350340445,0.1898940994357831,0.24806242091500819,0.07702305420096558,0.09742308140046207,nan,nan
234,5,32672,backward,e,-,154,154.0,0.0,0.3342985663114669,0.03327053676490288,0.2799848250718191,0.38517795556714257,0.10519313049532347,0.27596785685332237,0.39542394346451176,0.1194560866111894,0.0012879169252807206,0.06023346304259852,0.06425043126109525,nan,nan
234,6,62747,backward,e,-,194,194.0,0.0,0.31987336186963344,0.01760341171244727,0.28935943588209584,0.33770502083353193,0.048345584951436094,0.23015780659652163,0.34184239401866434,0.11168458742214271,-1.3996810971684914,0.031138233996373374,0.07781961678574673,nan,nan
234,7,23789,backward,e,-,730,730.0,0.0,0.19087482546440676,0.018759814394700154,0.17236335950360135,0.22734563414641348,0.054982274642812135,0.17112689483884924,0.25636365632001007,0.08523676148116083,0.6538226619982352,0.03144018080676521,0.06045820298036178,nan,nan
234,8,41757,backward,e,-,56,56.0,0.0,0.23611587188270955,0.014941819810183516,0.21086737413894258,0.2570668144157968,0.04619944027685424,0.20588479803580592,0.2585244724226615,0.0526396743868556,-0.16484828280159508,0.02511877122085708,0.02644563516420098,nan,nan
234,9,29488,backward,e,-,139,139.0,0.0,0.33856531551171587,0.03452038109295962,0.2741192319480723,0.3799710907255767,0.10585185877750442,0.27085180847831347,0.38672900376302116,0.11587719528470769,-0.31320350941947483,0.06391955788465706,0.06718698135441586,nan,nan
234,10,40144,backward,e,-,62,62.0,0.0,0.23154053498103067,0.014182000507544524,0.21162944092225777,0.25500921835877544,0.043379777436517664,0.20751542166712175,0.25737386495763187,0.04985844329051012,0.15850657494911627,0.027684569490495952,0.030049216089352376,nan,nan
234,11,22902,backward,e,-,236,236.0,0.0,0.18353760768858784,0.013561213771736741,0.17045751681454907,0.2113196621750421,0.04086214536049304,0.168344493093901,0.22046596121630352,0.05212146812240251,0.589384296242581,0.021215513221636867,0.029118397157639142,nan,nan
234,12,16592,backward,e,-,145,145.0,0.0,0.17990930567290508,0.01263861883778894,0.16895214168194087,0.20674303477386077,0.03779089309191991,0.1685914010438332,0.21381091539714397,0.045219514353310786,0.6497671205721075,0.0272873883181541,0.03435526894143731,nan,nan
234,13,35004,backward,e,-,102,102.0,0.0,0.4090186234877272,0.01880931063107989,0.38546088735376666,0.4449931041725177,0.05953221681875104,0.37700141143888366,0.45499904977508954,0.07799763833620588,0.4129427600287706,0.034642511537796745,0.043284118690881,nan,nan
234,14,33596,backward,e,-,557,557.0,0.0,0.3470078046667726,0.04541822156172012,0.2719848524439828,0.409433737168213,0.13744888472423022,0.24055352934387586,0.42107959334341294,0.18052606399953708,-0.21506118020735082,0.08709580083199511,0.11852712393210207,nan,nan
234,15,19609,backward,e,-,87,87.0,0.0,0.18431767141794922,0.014135606042301999,0.16946789918678715,0.21141210069865557,0.04194420151186842,0.16915703389195855,0.2235505336603189,0.05439349976836036,0.5343478416939468,0.027094429280706347,0.03923286224236969,nan,nan
234,16,20264,backward,e,-,58,58.0,0.0,0.18077422488987005,0.011818335855992146,0.16961683366000588,0.2044808112998787,0.03486397763987281,0.16943473771526985,0.20801881437302658,0.03858407665775673,0.5985936504260162,0.018571118029442023,0.022109121102589918,nan,nan
234,17,11041,backward,e,-,433,433.0,0.0,0.1942422868187002,0.01012466399896836,0.18755382661934134,0.21811709084337064,0.030563264224029302,0.1711891508875431,0.22084379528389084,0.04965464439634773,0.7264389180676326,0.02222600729235844,0.025150478685659616,nan,nan
234,18,40776,backward,e,-,317,317.0,0.0,0.4528256312839073,0.022013542763404496,0.41776165640716223,0.48587549285801035,0.06811383645084812,0.3987782480245444,0.4888892717027585,0.09011102367821405,-0.12826923843271507,0.03692164242417871,0.05159510701354031,nan,nan
234,19,7288,backward,e,-,1665,1665.0,0.0,0.41788135520986697,0.03994473443526687,0.35603894834210226,0.48253459238858115,0.1264956440464789,0.33774610216234235,0.48835126243022825,0.1506051602678859,0.018586599959598073,0.06819335367936193,0.08648619985912182,nan,nan
234,20,6462,backward,e,-,649,649.0,0.0,0.3767014452381565,0.03228114210978074,0.3335815678121051,0.43237048217264623,0.09878891436054116,0.28146589720662524,0.4486722445072781,0.16720634730065287,0.05025695294518552,0.06182111535777904,0.092186901386345,nan,nan
234,21,51090,backward,e,-,73,73.0,0.0,0.49659551908336896,0.0042643424878587854,0.48955219561375446,0.5021874086180995,0.012635213004345058,0.48906018921186206,0.5034610518249861,0.014400862613124066,-0.11155137224514448,0.008640005925168823,0.009132012327061234,nan,nan
234,22,8503,backward,e,-,3741,3741.0,0.0,0.3435484387589317,0.03102136749867876,0.3038909508341702,0.40501608018122653,0.10112512934705631,0.2759808255270147,0.4189085526392734,0.1429277271122587,0.3719499178606773,0.06762873202365716,0.08152120448170402,nan,nan
234,23,54158,backward,e,-,64,64.0,0.0,0.49688092652314714,0.003839471038833346,0.49060297062448727,0.5020652339223455,0.01146226329785821,0.4892529376814987,0.5032275586726771,0.01397462099117841,-0.15849467914168777,0.011089829461282287,0.012439862404270863,nan,nan
234,24,73762,backward,e,-,62,62.0,0.0,0.5113679949304581,0.013840641403168848,0.50411826146112,0.5453821386042152,0.04126387714309521,0.5024870993627557,0.5719985499113021,0.06951145054854635,3.3386709992735475,0.03081699792927431,0.057032267765986355,nan,nan
234,25,23245,backward,e,-,3717,3717.0,0.0,0.3346507288710069,0.033107146398009754,0.28760386877710503,0.3905699800508313,0.10296611127372629,0.27643237903283735,0.3982607267526326,0.12182834771979523,0.12372453113759865,0.058821346334599955,0.06999283607886764,nan,nan
234,26,15530,backward,e,-,594,594.0,0.0,0.4631777527955072,0.016184037518543384,0.4351037496144263,0.4862095653713528,0.051105815756926465,0.42853715578671603,0.4884696331935053,0.05993247740678925,-0.17597635964166009,0.02693852157673956,0.032406919521113575,nan,nan
234,27,19633,backward,e,-,224,224.0,0.0,0.21452790292636398,0.011159361641155364,0.19492024965024213,0.22962963162563355,0.03470938197539142,0.19075679515617813,0.23197453895000578,0.041217743793827644,-0.19993097297145407,0.01877718729652749,0.022421360816882535,nan,nan
234,28,20669,backward,e,-,2122,2122.0,0.0,0.4497265897147301,0.02135089235408356,0.41967737918029535,0.4853218004116759,0.06564442123138053,0.39841552479804604,0.49620431624179806,0.09778879144375202,0.08198450360858088,0.03722976004276473,0.051000682196097824,nan,nan
234,29,15491,backward,e,-,1117,1117.0,0.0,0.3866166273700305,0.01838336362605071,0.35647622956922326,0.4145914027264277,0.058115173157204436,0.3479477506733332,0.41830271828320476,0.07035496760987153,-0.08971340291468519,0.03149656986666646,0.04002504876255647,nan,nan
234,30,26123,backward,e,-,374,374.0,0.0,0.3207408253076469,0.031781595106208024,0.2787888542017689,0.3783654098832845,0.09957655568151558,0.2742212580613012,0.41061476969177485,0.13639351163047364,0.4430358451175511,0.058963658429162694,0.07489843467220425,nan,nan
234,31,72592,backward,e,-,55,55.0,0.0,0.5070725708283254,0.016287860522894076,0.5036956758885406,0.5591433959831431,0.055447720094602526,0.5026080262650328,0.5702470566398834,0.06763903037485064,2.7530980533728533,0.05099467844537039,0.06209833910211071,nan,nan
234,32,27918,backward,e,-,89,89.0,0.0,0.34469601333703553,0.04258724567654046,0.2767470460560954,0.4069335818180336,0.13018653576193817,0.2747103972290217,0.41492451567764593,0.14021411844862425,-0.056154657898242366,0.06865078359185918,0.0702285023406104,nan,nan
234,33,27233,backward,e,-,134,134.0,0.0,0.3255517191951941,0.028031141857503977,0.2743464045426742,0.36338499109330186,0.08903858655062763,0.2712327918060805,0.3692949883571356,0.09806219655105508,-0.2491158482180812,0.05346448236265454,0.05657809509924827,nan,nan
234,34,18133,backward,e,-,158,158.0,0.0,0.23175826101367097,0.0028806752409588662,0.22816775062555963,0.2374966570117085,0.00932890638614886,0.22697012288530996,0.24145745817241349,0.014487335287103525,1.0294575733242493,0.005481003636518582,0.009441804797223563,nan,nan
234,35,20500,backward,e,-,54,54.0,0.0,0.20760855848937687,0.006848971389797755,0.19816601964946046,0.21689740435988922,0.01873138471042876,0.195708147593476,0.22682049720706662,0.031112349613590634,0.4565149280606113,0.013481573140562825,0.017329063835190867,nan,nan
234,36,23823,backward,e,-,203,203.0,0.0,0.23612064362737956,0.0032361842432428807,0.23140258190529997,0.24033803737842377,0.008935455473123799,0.23004297251779773,0.24973634662494215,0.019693374107144418,1.1092073450932403,0.0057789400741873635,0.012979414339055917,nan,nan
234,37,31986,backward,e,-,60,60.0,0.0,0.314252431273819,0.03537913046674421,0.26814549964322937,0.3705335326583602,0.10238803301513083,0.2667267157008259,0.37590494272108793,0.10917822702026203,0.12124476626132111,0.06613174555562981,0.06755052949803331,nan,nan
234,38,31558,backward,e,-,150,150.0,0.0,0.3794448290442578,0.04490584477662091,0.27944822502379263,0.4123637343303382,0.13291550930654555,0.2758219190962874,0.4161593051164969,0.1403373860202095,-0.7373131803170099,0.09205801409986894,0.0956843200273742,nan,nan
234,39,42087,backward,e,-,7240,7240.0,0.0,0.3287809011745252,0.045364127905853584,0.2617757107874236,0.3969668132578343,0.13519110247041066,0.23656495286726012,0.41207418177196375,0.17550922890470363,-0.003850896058398925,0.09055465396893915,0.11576541188910269,nan,nan
234,40,64725,backward,e,-,2768,2768.0,0.0,0.5305217146361649,0.013441378346983985,0.5046104099236297,0.5456659011507753,0.04105549122714558,0.4886183530827207,0.5488352671626194,0.06021691407989871,-0.4622344730088483,0.039581459346211906,0.05557351618712092,nan,nan
234,41,28142,backward,e,-,51,51.0,0.0,0.3459197159405236,0.040381069673710974,0.2840261458918859,0.40694099039070675,0.12291484449882084,0.2803793089712146,0.41986236264783616,0.13948305367662156,-0.0016821509292819833,0.06419656101709956,0.07594091575778056,nan,nan
234,42,31322,backward,e,-,199,199.0,0.0,0.34674555386118916,0.03854308326999284,0.2844986843632012,0.4062554852636132,0.12175680090041202,0.2774225876638169,0.4149839450791293,0.1375613574153124,-0.0371421236285128,0.07369763765753284,0.08077373435691715,nan,nan
234,43,22231,backward,e,-,190,190.0,0.0,0.4939984365342238,0.003429117964112302,0.4890477337264571,0.49978019497974446,0.010732461253287362,0.4884466059664154,0.5005077320149278,0.012061126048512394,0.12202850187894343,0.00620300327211303,0.006804131032154714,nan,nan
234,44,29031,backward,e,-,129,129.0,0.0,0.3307641435633884,0.029583937022356805,0.27982638012960703,0.3720901432663079,0.09226376313670087,0.2766103820570296,0.38136633104588036,0.10475594898885077,-0.13303755919170218,0.05155936978686457,0.05477536785944204,nan,nan
234,45,46651,backward,e,-,3125,3125.0,0.0,0.3088406672838342,0.0317341574249606,0.25372676066748934,0.35451448665416635,0.10078772598667701,0.24400363921040583,0.3611127375638791,0.1171090983534733,-0.15465291019780156,0.07551071027301219,0.08523383173009572,nan,nan
234,46,43447,backward,e,-,765,765.0,0.0,0.29988935630365926,0.03393879368126577,0.2536346080574326,0.35538286005267405,0.10174825199524146,0.24329053672978884,0.3600178545575231,0.11672731782773427,0.06144645056899524,0.07518573984267149,0.08552981117031527,nan,nan
234,47,40685,backward,e,-,599,599.0,0.0,0.3109998601808699,0.02979589350833775,0.26001826762467395,0.3527089771929453,0.09269070956827136,0.2536125957449537,0.35742506697415977,0.10381247122920606,-0.15386000877351869,0.06519856547097569,0.07160423735069593,nan,nan
234,48,29871,backward,e,-,91,91.0,0.0,0.24600057489641533,0.008603909190275188,0.23853835808227716,0.27352553778588307,0.0349871797036059,0.23516229964617463,0.27704032872647444,0.041878029080299806,2.456539202918939,0.026337864875090128,0.0298526558156815,nan,nan
234,49,28066,backward,e,-,53,53.0,0.0,0.24585785654031225,0.011617200729166971,0.23833427806261345,0.2787959365034734,0.04046165844085994,0.23598188649475876,0.280880203778739,0.04489831728398025,1.929264984398038,0.031852873406562565,0.03393714068182818,nan,nan
234,50,30539,backward,e,-,226,226.0,0.0,0.23011100843324825,0.00793610780829495,0.2149564711863562,0.24020444435424382,0.025247973167887627,0.2098502277444101,0.2535933360638609,0.04374310831945083,-0.19615103640451378,0.016311198134003474,0.023331960713126848,nan,nan
234,51,22053,backward,e,-,163,163.0,0.0,0.22790853091272528,0.00510741554896333,0.22143223310621368,0.23465288205765586,0.013220648951442177,0.21877186236440171,0.24976820564799854,0.030996343283596822,1.7838685732852955,0.00808072111265582,0.022324191749562072,nan,nan
234,52,28876,backward,e,-,1820,1820.0,0.0,0.43681102239504105,0.026314152775286415,0.401602569722212,0.4835096215038165,0.08190705178160451,0.39747470896539655,0.4888060065334816,0.09133129756808506,0.2048333038938051,0.048498317869362706,0.053794702899027824,nan,nan
234,53,31921,backward,e,-,185,185.0,0.0,0.25254863395843735,0.0035696700835248975,0.24463259709970334,0.2566617779943906,0.01202918089468727,0.24096859739564136,0.2577016492854846,0.016733051889843253,-0.949412612472073,0.008331880297785215,0.011995880001847203,nan,nan
234,54,72626,backward,e,-,1104,1104.0,0.0,0.5479017316040827,0.010551904726534011,0.5192663765647885,0.5545481913156797,0.035281814750891205,0.5041951745065744,0.5563450703171937,0.05214989581061935,-1.830101738709869,0.031559095389453014,0.04663029744766711,nan,nan
234,55,31181,backward,e,-,387,387.0,0.0,0.4957271558044765,0.0037736344847353245,0.48948757731502385,0.5010140695090592,0.011526492194035398,0.48865813687464693,0.5037014208772111,0.015043284002564217,-0.02987939371210782,0.008264934357386315,0.009094374797763205,nan,nan
234,56,29750,backward,e,-,172,172.0,0.0,0.38471592364563384,0.018043819061791734,0.3489602894192955,0.40679116694833667,0.05783087752904115,0.32492140569341904,0.4093961631481476,0.08447475745472854,-0.7367741678273841,0.03798396169792651,0.06202284542380304,nan,nan
234,57,27602,backward,e,-,50,50.0,0.0,0.2294381668515647,0.006132334332101353,0.22046717167659277,0.237949633294698,0.01748246161810524,0.21903813049538776,0.24856844016144405,0.029530309666056298,0.42163060011762477,0.009349291420950891,0.019411157809486823,nan,nan
234,58,54409,backward,e,-,2019,2019.0,0.0,0.5257395356441075,0.010295209882907167,0.5045586807029064,0.5370505456562978,0.0324918649533914,0.5008993320350494,0.5397189100461961,0.03881957801114666,-0.4749103335237077,0.02855249320238872,0.03221184187024573,nan,nan
234,59,33278,backward,e,-,72,72.0,0.0,0.24449010094957663,0.0030007064540384216,0.23927221829158046,0.24867513899327684,0.009402920701696377,0.23728547159507252,0.24957787278677154,0.012292401191699026,-0.2742724765989485,0.005804559745991586,0.007791306442499535,nan,nan
234,60,34339,backward,e,-,307,307.0,0.0,0.4503672429424811,0.023268842332479785,0.4141264307870751,0.48574080159778876,0.07161437081071365,0.40972955787993537,0.4885902367963204,0.07886067891638504,-0.02233499636844737,0.03999764893091954,0.04284708412945121,nan,nan
234,61,36155,backward,e,-,156,156.0,0.0,0.42407590414648433,0.03091324616557999,0.38131371060958885,0.4781543110490269,0.09684060043943804,0.3737583104179514,0.4829304412544794,0.10917213083652805,0.15449983026905445,0.058756222431921676,0.06353235263737422,nan,nan
234,62,37409,backward,e,-,329,329.0,0.0,0.2597102646191233,0.005916012151359142,0.24913936873106463,0.26921124928753876,0.02007188055647413,0.24487819983521739,0.272839854801933,0.027961654966715627,-0.18464768512906307,0.01158973818959674,0.014413279713482496,nan,nan
234,63,37864,backward,e,-,203,203.0,0.0,0.2525163588810318,0.009793790380849043,0.23938352198032173,0.2701524964100164,0.030768974429694645,0.23556044878370072,0.274208019799522,0.03864757101582125,0.22812610505940756,0.018557891286611373,0.022613414676116994,nan,nan
234,64,41990,backward,e,-,90,90.0,0.0,0.23499411092740535,0.01205285406778077,0.21694707403897143,0.2541004335281966,0.037153359489225185,0.2145468136605742,0.25618781640035454,0.04164100273978033,0.01334628980939111,0.019592198454435154,0.020832800763574244,nan,nan
234,65,38246,backward,e,-,250,250.0,0.0,0.45592844378547576,0.020888352092605044,0.4222501157688041,0.4854474046573061,0.06319728888850201,0.3977040448386532,0.48876571890134446,0.09106167406269128,-0.1976347334325059,0.035219164904815296,0.05516081955451707,nan,nan
234,66,43376,backward,e,-,227,227.0,0.0,0.2405636736087914,0.009747226038711183,0.22479893576897936,0.25552416630434965,0.030725230535370296,0.22096687652364883,0.2577333385153127,0.03676646199166389,-0.053763842739877214,0.01953376779764849,0.023365827042979015,nan,nan
234,67,40092,backward,e,-,173,173.0,0.0,0.46342888324147763,0.022075067883115567,0.4196560641011525,0.4873586705749355,0.06770260647378296,0.3929832826022949,0.4889179694282377,0.09593468682594275,-0.5124097348960688,0.03972566887050147,0.06639845036935904,nan,nan
234,68,45402,backward,e,-,372,372.0,0.0,0.4959164136564965,0.003926704144720239,0.48959288417055674,0.5016342519744103,0.012041367803853509,0.4886885333390999,0.5035549831188735,0.014866449779773583,-0.02938940786215534,0.00911814991693662,0.010022500748393448,nan,nan
234,69,107717,backward,e,-,185,185.0,0.0,0.47240287870621844,0.01430506319093297,0.44282357382740395,0.4878818865644175,0.04505831273701355,0.43331416547955093,0.48921352994497685,0.05589936446542593,-0.5968548509926745,0.03163626669576831,0.04114567504362132,nan,nan
234,70,39842,backward,e,-,124,124.0,0.0,0.4372611264141426,0.025651111763274188,0.40113254767095297,0.48024426700548506,0.0791117193345321,0.39685165361584707,0.4841010106501571,0.08724935703431003,0.1257340566626352,0.050583798144378876,0.05444054178905089,nan,nan
234,71,49473,backward,e,-,3919,3919.0,0.0,0.45449341457202896,0.024554578487803805,0.41148445096152575,0.4865238239374112,0.07503937297588548,0.3869821422972816,0.48911617240255295,0.10213403010527133,-0.2750006553899665,0.03946452857824065,0.0618584252599646,nan,nan
234,72,65069,backward,e,-,1436,1436.0,0.0,0.518741494869241,0.007096460118139436,0.5044026604582215,0.5272605254645336,0.02285786500631215,0.501580768019946,0.5294884981732325,0.027907730153286514,-0.41924765171451106,0.0161766206147802,0.018998513053055666,nan,nan
234,73,61738,backward,e,-,2258,2258.0,0.0,0.35963484697346154,0.02760947431756943,0.2967460417409944,0.3781347237788173,0.0813886820378229,0.28535886818075995,0.3856748797533862,0.10031601157262626,-0.62363745466063,0.05623237338271902,0.06761954694295347,nan,nan
234,74,107740,backward,e,-,92,92.0,0.0,0.49700608914389044,0.004169303484990148,0.49004907395940117,0.5031056718589371,0.013056597899535893,0.4891838871865257,0.5036407297108636,0.014456842524337876,-0.09838707856964748,0.007610564815662346,0.008475751588537805,nan,nan
234,75,47001,backward,e,-,70,70.0,0.0,0.49707923142950394,0.00398955359683748,0.48975949742096553,0.5021002460101088,0.012340748589143302,0.48877218871128936,0.5033967835729937,0.01462459486170431,-0.27407485965235007,0.006905320423186714,0.007748244422268402,nan,nan
234,76,51135,backward,e,-,146,146.0,0.0,0.27166636058765165,0.00813111991871477,0.2590000771765807,0.28395712764333286,0.024957050466752173,0.2573975055559161,0.28640043105449436,0.029002925498578247,-0.01574602387127266,0.015033032382834224,0.017476335793995712,nan,nan
234,77,76905,backward,e,-,98,98.0,0.0,0.5102171287671962,0.008075876194728791,0.5036985529718508,0.5128616148507819,0.009163061878931011,0.5023005922591539,0.5726383910271284,0.07033779876797452,5.7678362586110135,0.009217245646261162,0.06015181139193193,nan,nan
234,78,58115,backward,e,-,1951,1951.0,0.0,0.41379238046216693,0.010263073695931562,0.3999394635519862,0.4346897631029599,0.03475029955097375,0.39420752951241594,0.44225527366574224,0.0480477441533263,0.46258744168639776,0.020087557660416422,0.02756540428527282,nan,nan
234,79,53280,backward,e,-,83,83.0,0.0,0.27219123005339757,0.009527128125231673,0.2577666613460146,0.2871125915999849,0.02934593025397031,0.25580453194154495,0.2887982437203462,0.03299371177880123,0.020056418168770525,0.016864967230061464,0.018550619350422737,nan,nan
234,80,58189,backward,e,-,196,196.0,0.0,0.5138913910255514,0.004484782449716357,0.5044172894186227,0.5179435954957184,0.013526306077095707,0.5021169930934879,0.5183802201933475,0.016263227099859612,-0.6122266908953111,0.008524423769150663,0.010824720094285478,nan,nan
234,81,54901,backward,e,-,84,84.0,0.0,0.497175348756539,0.004068081702098568,0.4899693292055267,0.5025357242481648,0.012566395042638123,0.4889319191758305,0.5034345694407357,0.014502650264905215,-0.26306067972445596,0.00925801285113723,0.01029542288083346,nan,nan
234,82,52575,backward,e,-,120,120.0,0.0,0.8095684523459308,0.06672697136882053,0.6723152745392168,0.8777554463099649,0.20544017177074814,0.6485084412733179,0.8923465738520258,0.2438381325787079,-0.5646121022464271,0.11936884560777974,0.14317567887367866,nan,nan
234,83,61551,backward,e,-,74,74.0,0.0,0.8705380636523008,0.05003869019893525,0.7411731418248003,0.8948672002663535,0.15369405844155315,0.6659131167795999,0.8953605839444655,0.22944746716486564,-1.825239482827695,0.10638963568355818,0.18164966072875866,nan,nan
234,84,68805,backward,e,-,401,401.0,0.0,0.8678777484174259,0.054449159429158143,0.721920037067383,0.8911097285752244,0.16918969150784147,0.6331268806144849,0.8939363550439875,0.26080947442950264,-1.7110754004286617,0.13925576682478558,0.22804892327768367,nan,nan
234,85,57546,backward,e,-,58,58.0,0.0,0.496140175410044,0.004132439667130601,0.48957151841280433,0.5018904027592028,0.012318884346398495,0.48889963909577183,0.5024935995352887,0.013593960439516883,-0.13841717828647315,0.009586098298625865,0.010257977615658387,nan,nan
234,86,70955,backward,e,-,1361,1361.0,0.0,0.3918065231188925,0.008585078295888138,0.3801134445451225,0.4085263257908755,0.028412881245752974,0.37742517350625704,0.4216217541851729,0.04419658067891585,0.6003339506125684,0.01679612741150749,0.02989155580580488,nan,nan
234,87,61172,backward,e,-,155,155.0,0.0,0.5109782024943946,0.003264800802852098,0.5039506199009529,0.5139101713885111,0.009959551487558227,0.502424131617599,0.5143965332405188,0.011972401622919793,-0.6468942266326017,0.006069236532324783,0.007595724815678717,nan,nan
234,88,65016,backward,e,-,2308,2308.0,0.0,0.4465888234498845,0.02056956789719744,0.4237899649523392,0.48491338739488893,0.0611234224425497,0.41538440613989913,0.48900977315892075,0.07362536701902161,0.2658451795093362,0.03327507482274593,0.037037887415950155,nan,nan
234,89,67628,backward,e,-,834,834.0,0.0,0.4937719601956756,0.0037647980248223505,0.48942781923395035,0.5018810944466785,0.012453275212728154,0.4889435715903573,0.5032629303245983,0.014319358734241061,0.5740883983813595,0.007030770476482267,0.008412606354402163,nan,nan
234,90,60926,backward,e,-,5598,5598.0,0.0,0.740729399006966,0.06294500303933329,0.591024239914781,0.7884770626869321,0.19745282277215104,0.5497079352367575,0.808890904016371,0.25918296877961344,-0.881563548648297,0.14025260781790277,0.18156891249592633,nan,nan
234,91,76764,backward,e,-,72,72.0,0.0,0.3401567603227541,0.019410359061431123,0.2953612663383309,0.3558128419550247,0.06045157561669384,0.29249707403098235,0.35766225423716136,0.06516518020617901,-0.6872228264730128,0.05268827696983581,0.055552469277184324,nan,nan
234,92,67639,backward,e,-,110,110.0,0.0,0.5084659624233407,0.0022918168033626146,0.5036440014083252,0.51065134131432,0.0070073399059947805,0.5025565203557019,0.5107605156418258,0.008203995286123922,-0.6300787733318017,0.005373509256085179,0.006460990308708503,nan,nan
234,93,136323,backward,e,-,17136,17136.0,0.0,0.781316937023087,0.06429970325863849,0.6416279473208574,0.8438486402850878,0.2022206929642304,0.6108169776506331,0.8598376401626954,0.24902066251206223,-0.5729467998250437,0.12969777276263264,0.16050874243285684,nan,nan
234,94,90021,backward,e,-,86,86.0,0.0,0.34611803474357217,0.0316181332302983,0.29434933411538783,0.3961816894434331,0.1018323553280453,0.2901170513263949,0.4024549491245202,0.11233789779812525,-0.04181462053744231,0.06537613614397397,0.06960841893296688,nan,nan
234,95,133163,backward,e,-,579,579.0,0.0,0.6402880054297843,0.06261017316377035,0.5267883062294944,0.7219115209015748,0.1951232146720805,0.5082890492646698,0.7239075554939984,0.21561850622932865,-0.2601976164747788,0.11043890196587443,0.12893815893069893,nan,nan
234,96,86786,backward,e,-,53,53.0,0.0,0.3407223638986293,0.025075947015836247,0.29912477739871673,0.37078379897656794,0.0716590215778512,0.2909406602957886,0.3737052929082112,0.08276463261242262,-0.24187799445177785,0.05251867209843273,0.06070278920136091,nan,nan
234,97,75322,backward,e,-,202,202.0,0.0,0.5049882343338421,0.0013156352961220079,0.503164497575876,0.5074035520575163,0.004239054481640303,0.5026964732042412,0.5078050617908615,0.005108588586620333,0.28541872027387283,0.003181000092530389,0.0036490244641652625,nan,nan
234,98,82346,backward,e,-,95,95.0,0.0,0.3397495795310591,0.023410248363199212,0.2981495534272949,0.3689994418579502,0.07084988843065532,0.294245508231272,0.37763835895103604,0.08339285071976404,-0.22809661315885013,0.04617322897972116,0.050077274175744035,nan,nan
234,99,119562,backward,e,-,80,80.0,0.0,0.6574328876794391,0.04525161249403944,0.580081596677145,0.7185001664518804,0.13841856977473543,0.5412521031845737,0.7203017546150186,0.17904965143044482,-0.39743316848961274,0.10260142671192247,0.14143092020449377,nan,nan
234,100,87684,backward,e,-,2981,2981.0,0.0,0.45768153510827003,0.013643552588776328,0.4336544685333156,0.47850131110406297,0.04484684257074739,0.4141268088415494,0.48893895286275385,0.07481214402120445,-0.25749175464152835,0.025800783663156912,0.04131612325503753,nan,nan
234,101,72016,backward,e,-,907,907.0,0.0,0.6381078638608659,0.04879116204589373,0.5589420178072109,0.7098788793531257,0.1509368615459148,0.5344293755734173,0.7226760964605726,0.18824672088715533,-0.09232320917730123,0.08110104379275318,0.09936858537227244,nan,nan
234,102,86918,backward,e,-,382,382.0,0.0,0.49822001131311733,0.003519111251804242,0.49060543892514696,0.5022147813645804,0.011609342439433457,0.48923107721115994,0.5030785972503965,0.01384752003923656,-0.6285665141637061,0.008532703148547753,0.009907064862534787,nan,nan
234,103,78981,backward,e,-,1187,1187.0,0.0,0.7639655584210897,0.018943112839017423,0.7183262157594806,0.7755017175601506,0.05717550180066999,0.7000470901552012,0.7782846340772296,0.07823754392202842,-0.8736986158026241,0.04396534245145862,0.06224446805573802,nan,nan
234,104,68925,backward,e,-,542,542.0,0.0,0.6774382748909407,0.035815088073636696,0.6139581988737949,0.7282062387151945,0.11424803984139964,0.5971252358487503,0.7423572219612767,0.1452319861125264,-0.18362093267968693,0.0623607073547847,0.07625135744194633,nan,nan
234,105,70032,backward,e,-,142,142.0,0.0,0.7097711205279564,0.031086277342788644,0.6565753081660712,0.7468642101854193,0.09028890201934803,0.6407317947934801,0.7509988956242616,0.1102671008307815,-0.3228410630172198,0.05257667255744919,0.0684201859300404,nan,nan
234,106,77806,backward,e,-,336,336.0,0.0,0.7326527650873024,0.028451869349951926,0.6596137222558225,0.749716300643018,0.09010257838719549,0.6144831659058215,0.7533538306128083,0.13887066470698672,-1.851826696668123,0.07742730281530061,0.1225578591653016,nan,nan
234,107,107834,backward,e,-,478,478.0,0.0,0.7286646668572636,0.041167196145263985,0.6247310872530196,0.7478232760276969,0.12309218877467731,0.5495050560073405,0.7493412416519477,0.19983618564460726,-1.3982683744981848,0.1172562006787338,0.19248223192441294,nan,nan
234,108,138156,backward,e,-,340,340.0,0.0,0.6609077211990868,0.039230609558277986,0.604916968753253,0.7220312932309514,0.11711432447769843,0.5552031745424881,0.7365600595691076,0.1813568850266195,-0.14230590818943434,0.06846400599603095,0.10645827731394464,nan,nan
234,109,84739,backward,e,-,139,139.0,0.0,0.5981517907100738,0.037565481734408136,0.5307899903725544,0.6513793624578672,0.12058937208531284,0.515595590220466,0.6645194151997827,0.14892382497931678,-0.22361658996357456,0.06717346669004264,0.07563523593540966,nan,nan
234,110,131982,backward,e,-,357,357.0,0.0,0.6634315569569752,0.06094159471976522,0.5325912516768453,0.7257793414690296,0.19318808979218427,0.5133173077369122,0.731684011802545,0.21836670406563286,-0.5852945556086204,0.11636803452831672,0.13564197846824977,nan,nan
234,111,127281,backward,e,-,82,82.0,0.0,0.7006997207993677,0.04829996244097001,0.5977614019112396,0.7449962498146598,0.14723484790342023,0.5777463100446156,0.7455576375661149,0.1678113275214993,-0.6300054520282717,0.09902341618762447,0.11903850805424843,nan,nan
234,112,74330,backward,e,-,486,486.0,0.0,0.6474408322422892,0.047662392522485934,0.5573353075858838,0.7098463567508984,0.15251104916501457,0.5378545053918847,0.7211359230972182,0.18328141770533346,-0.31860933471464276,0.09256361390521978,0.11204441609921889,nan,nan
234,113,104488,backward,e,-,1278,1278.0,0.0,0.7263774958306206,0.014668182837790722,0.6929841010087942,0.7388901032119863,0.04590600220319219,0.6505635521856986,0.7419902712377794,0.09142671905208077,-1.2912131022133322,0.03841123175425275,0.0808317805773483,nan,nan
234,114,118398,backward,e,-,2392,2392.0,0.0,0.7457773322588301,0.018594114786202973,0.7060102283722607,0.7635933911591545,0.05758316278689379,0.6993511513116838,0.7665712315839607,0.06722008027227688,-0.5702087902140813,0.040395623893595536,0.04705470095417241,nan,nan
234,115,113342,backward,e,-,265,265.0,0.0,0.7060968078789054,0.02331453406308439,0.6603932823469398,0.728562315059055,0.06816903271211516,0.6259145909663422,0.7295186441790855,0.10360405321274335,-0.5841339810246096,0.05127457201514482,0.08575326339574252,nan,nan
234,116,122399,backward,e,-,112,112.0,0.0,0.6790280720096484,0.045358804136980145,0.5924554364735847,0.7269799935731603,0.13452455709957567,0.5716855340752643,0.7419365958669654,0.17025106179170102,-0.37858057976991166,0.09330368583768443,0.11407358823600477,nan,nan
234,117,125857,backward,e,-,141,141.0,0.0,0.6847111107107069,0.05288220184807245,0.5669114224844967,0.7224793896507271,0.15556796716623045,0.5494446083055475,0.7252453435795094,0.1758007352739619,-0.6725288268621672,0.09704375707725077,0.1145105712561999,nan,nan
234,118,122402,backward,e,-,184,184.0,0.0,0.66439938717165,0.04919186138419329,0.5800903840452477,0.7242714080066799,0.14418102396143218,0.570297068967333,0.778464028055359,0.20816695908802596,-0.15976165110944074,0.10128186021740962,0.11107517529532429,nan,nan
234,119,141158,backward,e,-,246,246.0,0.0,0.6070997553127966,0.06878467579809545,0.5153934939182938,0.7210464544965574,0.20565296057826354,0.5041441461067093,0.7554491541387836,0.25130500803207423,0.16388848445632603,0.11434144230624027,0.14874414194846652,nan,nan
234,120,74706,backward,e,-,84,84.0,0.0,0.6623068176438873,0.057596978105065824,0.5460595866287973,0.7189092123531103,0.17284962572431306,0.5285301802305017,0.7219242143061037,0.19339403407560196,-0.49843441459676946,0.12124918484549813,0.13877859124379377,nan,nan
234,121,78627,backward,e,-,66,66.0,0.0,0.6981247542008681,0.030831977623745038,0.6295834728951167,0.7186469657425714,0.08906349284745463,0.5986753368087283,0.7191868527529784,0.12051151594425014,-0.937119196303124,0.07326217342272642,0.10417030950911488,nan,nan
234,122,124420,backward,e,-,576,576.0,0.0,0.6708964115614968,0.05579721932521646,0.5495950308203225,0.71671349929513,0.1671184684748075,0.5314499072225305,0.7183625566981128,0.18691264947558228,-0.65526420115749,0.11156209065354147,0.12970721425133347,nan,nan
234,123,120702,backward,e,-,327,327.0,0.0,0.6738717929724977,0.039997764988040876,0.5950366365177774,0.7147986132441648,0.11976197672638744,0.5718683231859042,0.7158933087804634,0.14402498559455923,-0.47914473377544975,0.07713885292470446,0.10030716625657765,nan,nan
234,124,87559,backward,e,-,124,124.0,0.0,0.5982964952990808,0.05119646361463889,0.5142029324772199,0.6870384148237195,0.1728354823464996,0.5019330137132412,0.7048381260371558,0.20290511232391462,0.2248768721783083,0.09403440727927524,0.11183411849271152,nan,nan
234,125,121586,backward,e,-,9769,9769.0,0.0,0.6386813114315415,0.05069634333577882,0.5415717683055947,0.7014460536099153,0.15987428530432057,0.518235013820149,0.7145288092698866,0.19629379544973757,-0.38236843324131453,0.08797444973160695,0.11131120421705265,nan,nan
234,126,120587,backward,e,-,1112,1112.0,0.0,0.491705650971876,0.05020658749322063,0.4251782154701701,0.5885568212319457,0.16337860576177565,0.41589993359297794,0.6201895839455795,0.2042896503526016,0.36748728496730854,0.103089853258248,0.13472261597188184,nan,nan
234,127,107934,backward,e,-,3031,3031.0,0.0,0.6186858737922155,0.03953635732463537,0.5271789400846507,0.6539493397084141,0.12677039962376335,0.49759572796651025,0.6618149630016263,0.1642192350351161,-0.7856277145214309,0.08236422078515532,0.11194743290329584,nan,nan
234,128,121146,backward,e,-,127,127.0,0.0,0.5064295489099058,0.04939342983253453,0.43657640666873787,0.5711561500683326,0.13457974339959478,0.42793209057728354,0.6477421206495736,0.21981003007229005,0.40181309567940066,0.07734397609555603,0.15392994667679694,nan,nan
234,129,115982,backward,e,-,2728,2728.0,0.0,0.5983313405208317,0.0506363421917004,0.5173455873975994,0.6678372116905221,0.15049162429292273,0.5021187201294517,0.6747545728387497,0.17263585270929804,-0.10993201074864853,0.0790981861838136,0.0943250534519613,nan,nan
234,130,158319,backward,e,-,109,109.0,0.0,0.5080593065908886,0.08447742146530392,0.4744418824078339,0.713387797539158,0.23894591513132413,0.4739962457946916,0.7197426856560316,0.24574643986134004,0.797507237084668,0.17501258473593098,0.18136747285280452,nan,nan
234,131,127892,backward,e,-,138,138.0,0.0,0.6458299570016233,0.06365922445513804,0.5451227788023771,0.7323736227056109,0.18725084390323377,0.5334261728909745,0.8167420041262122,0.28331583123523774,0.14697145996210567,0.1091539377194252,0.1657336218952442,nan,nan
234,132,124671,backward,e,-,570,570.0,0.0,0.7182644395252096,0.032926791523341215,0.6584753609955764,0.7523281916898037,0.09385283069422734,0.6468772029465003,0.7541364708767636,0.1072592679302633,-0.31874194114021326,0.057234301274426067,0.06883245932350213,nan,nan
234,133,146384,backward,e,-,322,322.0,0.0,0.8592993813595355,0.03129062132523889,0.8036167263094841,0.8925075682631864,0.08889084195370234,0.7623160728388821,0.8935309450285249,0.13121487218964278,-0.3126433479681479,0.057559867266810345,0.09886052073741236,nan,nan
234,134,95195,backward,e,-,1932,1932.0,0.0,0.5981317604933578,0.016978420811306415,0.5643059154488219,0.6229664743253889,0.05866055887656696,0.5451891117184846,0.6293826820629305,0.08419357034444586,-0.5261419378169524,0.043539882682747486,0.06265668641308486,nan,nan
234,135,106920,backward,e,-,590,590.0,0.0,0.5211922008167148,0.022962791745116472,0.4823040821994035,0.5545946931961545,0.07229061099675099,0.47350569811669097,0.5641680824525461,0.09066238433585516,-0.11566174158437444,0.039191644434421274,0.04600226757480819,nan,nan
234,136,108772,backward,e,-,416,416.0,0.0,0.45339587883453264,0.030409673806205687,0.39033784046191294,0.4863931574857956,0.09605531702388265,0.373497517244675,0.4891831368084508,0.11568561956377582,-0.5492306759547495,0.052821859467465856,0.06966218268470381,nan,nan
234,137,99266,backward,e,-,294,294.0,0.0,0.4171909708092839,0.013821938008608068,0.3934921012831613,0.43778244355812534,0.044290342274964034,0.38332012153024714,0.4468938473659206,0.06357372583567344,-0.12419832024570347,0.025779051173445956,0.03190941638041289,nan,nan
234,138,107029,backward,e,-,73,73.0,0.0,0.5197632163913245,0.010277794872549578,0.5060186901806915,0.5376160579706551,0.03159736778996369,0.5045809624663379,0.5423682231620461,0.03778726069570826,0.26690541142816887,0.018116981942214002,0.019202361380104338,nan,nan
234,139,109837,backward,e,-,586,586.0,0.0,0.45053866265807696,0.030300343772762157,0.3898083648006568,0.4860413611043698,0.09623299630371301,0.3747940673572011,0.48925419553529326,0.11446012817809215,-0.4618243586981208,0.050407535748757365,0.06365740114883328,nan,nan
234,140,103920,backward,e,-,150,150.0,0.0,0.42468542630078476,0.024340346905962772,0.3896269375236553,0.47197153146111553,0.08234459393746024,0.3830494440083351,0.4860573582695975,0.10300791426126238,0.37568372996518323,0.05304741062212783,0.06713323743060978,nan,nan
234,141,169244,backward,e,-,55,55.0,0.0,0.5054429123916637,0.03693505650511247,0.48195766138385276,0.5924118931591316,0.1104542317752788,0.4817209678053581,0.6123327079088415,0.13061174010348342,0.9421329959924672,0.07415725864743757,0.09407807339714758,nan,nan
234,142,106530,backward,e,-,197,197.0,0.0,0.5349373969591843,0.012455482804586224,0.5137490020492456,0.5560203665754514,0.042271364526205835,0.5044722699396509,0.5652370919103594,0.06076482197070854,-0.015218611531411786,0.024648828697903982,0.03216380548447795,nan,nan
234,143,107327,backward,e,-,78,78.0,0.0,0.45379127035484906,0.02844334282389023,0.39805174986005043,0.4864079165147747,0.08835616665472429,0.39082563337321347,0.48903007107701874,0.09820443770380527,-0.4259490892272596,0.05317408169973638,0.06040019818657333,nan,nan
234,144,167802,backward,e,-,745,745.0,0.0,0.5544643588074861,0.03439799405205029,0.5042396102593374,0.6096608907943264,0.105421280534989,0.48012369196045235,0.625505989728084,0.14538229776763167,0.10684661997327846,0.0589926033467686,0.0742743162149393,nan,nan
234,145,173458,backward,e,-,98,98.0,0.0,0.497578685535642,0.03010337661194686,0.46848779808424923,0.5573159163282452,0.08882811824399595,0.42954982619881665,0.5727907344999604,0.14324090830114378,0.24700038575788,0.064241243520079,0.07219567026966878,nan,nan
234,146,123438,backward,e,-,209,209.0,0.0,0.47817004494035026,0.04103837126589187,0.41263182004446114,0.5382217903835579,0.12558997033909675,0.39889698465292456,0.5521863226336859,0.1532893379807614,-0.0593739870957712,0.06938577118457606,0.08210239866378094,nan,nan
234,147,176484,backward,e,-,108,108.0,0.0,0.5027510853884811,0.027986651524819554,0.46047550733024384,0.5482010156272018,0.08772550829695797,0.4217229840936672,0.5726336058978806,0.15091062180421339,-0.09699508246164618,0.054538459146725095,0.07677655560566932,nan,nan
234,148,146480,backward,e,-,671,671.0,0.0,0.6342637683087704,0.03364301935358808,0.592111893588822,0.7047256118595857,0.11261371827076372,0.5769651104313792,0.7441262659872028,0.16716115555582356,0.6471370388731814,0.06846539937291263,0.10786605350052969,nan,nan
234,149,110855,backward,e,-,52,52.0,0.0,0.5251031152474599,0.016422760998698445,0.5034317200349602,0.5536776833527475,0.0502459633177873,0.500671525421665,0.5585518238547512,0.057880298433086175,0.23881900065622638,0.027574873708934747,0.029906958519239746,nan,nan
234,150,203913,backward,e,-,141,141.0,0.0,0.4907797329681426,0.02330363482387315,0.46833997975720487,0.5408985057274815,0.07255852597027668,0.4319051754211993,0.550009875963117,0.11810470054191768,0.17859882934959442,0.052298583503025686,0.060390142531920266,nan,nan
234,151,132564,backward,e,-,484,484.0,0.0,0.6632842528258331,0.03869211051246003,0.5860987807334656,0.707276381557906,0.1211776008244404,0.5758026333714137,0.7225175698320163,0.14671493646060263,-0.42121823093174354,0.06829685199636167,0.07857268714047538,nan,nan
234,152,109896,backward,e,-,130,130.0,0.0,0.4970452595151468,0.004190816769725901,0.4902051021326228,0.503104506507235,0.012899404374612233,0.48934285012208534,0.5037432804678549,0.014400430345769544,-0.10007915621290935,0.0076228180737226755,0.008485070084260138,nan,nan
234,153,117706,backward,e,-,1239,1239.0,0.0,0.5554075948089682,0.017684328713943608,0.5252233676561151,0.5797481240642546,0.054524756408139474,0.5209875315252762,0.5945129881984039,0.07352545667312771,-0.09677219431411359,0.03025226771714726,0.04072855379838358,nan,nan
234,154,122287,backward,e,-,51,51.0,0.0,0.49453148820549,0.02780490400053527,0.4541798883201352,0.5348062780777367,0.0806263897576015,0.4442656674213891,0.5510565045032796,0.10679083708189047,0.0648173040226466,0.04583933420113598,0.061011197706948905,nan,nan
234,155,125160,backward,e,-,270,270.0,0.0,0.48389740382539526,0.02428949285122588,0.4391149447286208,0.5172119562001167,0.07809701147149595,0.43288905180675885,0.5284415105892741,0.09555245878251528,-0.19548516237750233,0.04241809415930709,0.04817891161470916,nan,nan
234,156,112612,backward,e,-,80,80.0,0.0,0.4970310157587096,0.004273073648412519,0.4901616798197429,0.5033366361469406,0.013174956327197673,0.4894544793219187,0.5039025528484515,0.014448073526532823,-0.06452235471137958,0.0073509113802799194,0.008058111878104124,nan,nan
234,157,141979,backward,e,-,2111,2111.0,0.0,0.7142393212649965,0.03627511746585329,0.6502580167562265,0.7607376239505356,0.11047960719430905,0.6368184247051893,0.7661445542386246,0.12932612953343525,-0.22807172550945087,0.06215507459170866,0.07559466664274583,nan,nan
234,158,152539,backward,e,-,1899,1899.0,0.0,0.4833225367073078,0.02297873172976699,0.4478741867343938,0.5230905313843889,0.0752163446499951,0.43455995195243086,0.5358931200290443,0.10133316807661347,0.08271775926774626,0.05290237019579338,0.06570495884044886,nan,nan
234,159,160687,backward,e,-,10375,10375.0,0.0,0.486372087885679,0.042341083458312896,0.44491324506456625,0.5846655467540326,0.13975230168946634,0.4367605412066932,0.6094928773328165,0.17273233612612332,0.8250594942775075,0.09597954104639395,0.12080687162517795,nan,nan
234,160,139237,backward,e,-,180,180.0,0.0,0.4632565331651942,0.026818596720355307,0.42806306032160096,0.5179434098709073,0.0898803495493063,0.42302540535926536,0.533774985541308,0.11074958018204262,0.44425125740822113,0.070128775246666,0.08596035091706672,nan,nan
234,161,141438,backward,e,-,1237,1237.0,0.0,0.6284496788517395,0.03427154128292543,0.5803878331974223,0.6923832789207509,0.11199544572332865,0.5631287927980806,0.7193668251707819,0.15623803237270129,0.3011557044880328,0.06399885022634978,0.09035743032171228,nan,nan
234,162,141302,backward,e,-,53,53.0,0.0,0.4601492171083206,0.0213452602052535,0.41721521307608783,0.4940030360335926,0.07678782295750475,0.41071299615151935,0.4981390674318704,0.08742607128035107,-0.07507356529062302,0.042844659457176144,0.043998546435277175,nan,nan
234,163,143407,backward,e,-,647,647.0,0.0,0.4370365854009258,0.03886395115944329,0.38324749606345176,0.5127806377468968,0.12953314168344499,0.37780263179237916,0.5538701869424058,0.1760675551500266,0.4782783215726905,0.08262882564214181,0.12371837483765086,nan,nan
234,164,136225,backward,e,-,1363,1363.0,0.0,0.5000026360879282,0.018482799236997815,0.4764742074746589,0.5385664579594295,0.06209225048477057,0.4731721593308475,0.5534403888400282,0.08026822950918072,0.5728898881917012,0.0367505220348012,0.051624452915399965,nan,nan
234,165,171505,backward,e,-,814,814.0,0.0,0.4977131097493811,0.04524347300223397,0.47134949997400455,0.618698596185707,0.14734909621170245,0.4695850381703544,0.6656593996004365,0.1960743614300821,1.438366766613779,0.1164642493847054,0.16342505279943498,nan,nan
234,166,151417,backward,e,-,51,51.0,0.0,0.42498470928324916,0.03339340691272333,0.3763468450153335,0.4737583759637073,0.09741153094837379,0.36984896464723227,0.5083795151689838,0.13853055052175156,0.27321018644595124,0.05317348706819347,0.08779462627347001,nan,nan
234,167,153567,backward,e,-,2544,2544.0,0.0,0.6374228431188184,0.030718579676270102,0.5984027068658937,0.6941577726964362,0.0957550658305425,0.586114586360766,0.7038911111468292,0.11777652478606326,0.2462843099509314,0.052921154176643885,0.062261410584420473,nan,nan
234,168,145934,backward,e,-,130,130.0,0.0,0.568803744758141,0.02126508164918208,0.5351555378338901,0.6031536952934845,0.06799815745959437,0.5261568929707106,0.6139743390290117,0.08781744605830111,0.009770667283420272,0.0404627985033516,0.04602731854690789,nan,nan
234,169,166807,backward,e,-,839,839.0,0.0,0.41880926878087865,0.0335654543772812,0.36718832531761464,0.4594574156381538,0.09226909032053915,0.35929378517650423,0.527183174161085,0.16788938898458072,0.18466225139148731,0.053137614173947655,0.1208633726968788,nan,nan
234,170,174618,backward,e,-,3242,3242.0,0.0,0.44174867828427267,0.021618456623238223,0.42628175400630836,0.4962179909985832,0.06993623699227486,0.42279007822231995,0.5174321383342738,0.09464206011195386,1.1132398775055665,0.0517339764341585,0.0729481237698491,nan,nan
234,171,174565,backward,e,-,84,84.0,0.0,0.49954041049775144,0.034824105722986116,0.47499940269450114,0.5788270342868169,0.10382763159231578,0.4737659151850185,0.6005090784172958,0.12674316323227736,0.8554537920375054,0.07990837120632593,0.1015904153368049,nan,nan
234,172,153918,backward,e,-,52,52.0,0.0,0.5643891500783647,0.021267562973729334,0.5384230466533018,0.6047916976185497,0.06636865096524791,0.536497816603442,0.6128443456360011,0.07634652903255912,0.35484737567659647,0.04157887720134836,0.049631525218799766,nan,nan
234,173,154611,backward,e,-,1445,1445.0,0.0,0.45613260882837947,0.012279183375614067,0.4373640288782787,0.47458063027746517,0.03721660139918648,0.4349733609204509,0.4869874347114626,0.052014073791011695,0.12349140816175526,0.02296001384941323,0.03536681828341065,nan,nan
234,174,187351,backward,e,-,67,67.0,0.0,0.48947788795301433,0.027245592897994286,0.4747755515818915,0.5500366132037924,0.07526106162190088,0.47451187691645613,0.5832673046419593,0.10875542772550317,1.111272447427516,0.07050466102906625,0.10373535246723314,nan,nan
234,175,169643,backward,e,-,442,442.0,0.0,0.4134996241796246,0.039400402038112216,0.36436710233176717,0.48712860251778595,0.12276150018601878,0.36024084404966233,0.5743230303820994,0.21408218633243709,1.3426308179665563,0.08620197737313215,0.17339640523744565,nan,nan
234,176,168958,backward,e,-,282,282.0,0.0,0.5260302359617229,0.02815332895947685,0.4850850161826469,0.5713469927306946,0.08626197654804768,0.4841898710883665,0.5850794565462953,0.10088958545792887,0.06596912980318981,0.048853382444528075,0.06258584626012886,nan,nan
234,177,170926,backward,e,-,727,727.0,0.0,0.5326001295798326,0.02742199585349675,0.4921546073665295,0.5775160638791678,0.08536145651263827,0.49046147126338313,0.5930915644112864,0.10263009314790328,0.11266247462755975,0.05305027634334832,0.068625776875467,nan,nan
234,178,173453,backward,e,-,326,326.0,0.0,0.5047970622946851,0.02689833014669824,0.4809330831871487,0.5621127758529907,0.08117969266584196,0.47596110659772567,0.5714225707635652,0.0954614641658395,0.5772271595178765,0.05469047021336734,0.06400026512394186,nan,nan
234,179,183842,backward,e,-,352,352.0,0.0,0.37431560677734876,0.021304000771289914,0.3580064394848011,0.4200960644294628,0.06208962494466169,0.3570070430257313,0.43873332496157885,0.08172628193584758,0.7341964219970688,0.046122225418604154,0.06475948595072023,nan,nan
234,180,182265,backward,e,-,1084,1084.0,0.0,0.367403534708977,0.018711750166284003,0.35463184264918635,0.4122598602959766,0.057628017646790264,0.35333869863390605,0.4357902543812492,0.08245155574734314,1.0337809975668897,0.040279656131008264,0.06381005021628083,nan,nan
234,181,174823,backward,e,-,856,856.0,0.0,0.5213373510796158,0.02578536436520524,0.49445397472617747,0.5704222093254708,0.07596823459929336,0.49240883502121674,0.587732081567459,0.0953232465462423,0.44833781428820596,0.0513734003961549,0.06868327263814311,nan,nan
234,182,173712,backward,e,-,483,483.0,0.0,0.5290045273272796,0.030605553605357796,0.5017057063352612,0.5945523730471348,0.09284666671187358,0.500438446729183,0.6047011897236579,0.10426274299447491,0.5942617888408149,0.06407897294482368,0.0742277896213468,nan,nan
234,183,184891,backward,e,-,124,124.0,0.0,0.37284662039821886,0.016701107617728115,0.35647870549677135,0.40453864428532793,0.04805993878855658,0.3562459716788956,0.4276767709750961,0.0714307992962005,0.7642821545151157,0.03362267601954582,0.056760802709313996,nan,nan
234,184,174489,backward,e,-,5009,5009.0,0.0,0.600376532090132,0.03218610888962644,0.5575144060689838,0.6666804369990799,0.10916603093009603,0.5421064163429077,0.7229337993847793,0.18082738304187163,0.6374729100785061,0.06832360982421473,0.12457697220991415,nan,nan
234,185,169367,backward,e,-,173,173.0,0.0,0.3975763774664878,0.030403701531093744,0.36497474087056936,0.45755562489509344,0.09258088402452408,0.3595833380615438,0.5176264593631952,0.15804312130165138,0.9759807941922124,0.06163556950271462,0.12170640397081639,nan,nan
234,186,186077,backward,e,-,253,253.0,0.0,0.4791208703240446,0.01777890966703607,0.4674280947108854,0.523876257348246,0.05644816263736063,0.46668778478744255,0.5470641559420747,0.08037637115463214,1.3421450287413839,0.04879327647961528,0.07198117507344387,nan,nan
234,187,158732,backward,e,-,188,188.0,0.0,0.41357919313714675,0.04332894324321677,0.3915841338319583,0.5279272480002196,0.13634311416826134,0.3867884543836856,0.5937701878901771,0.20698173350649152,2.091142897374699,0.1120614266530444,0.1779043665430019,nan,nan
234,188,170213,backward,e,-,56,56.0,0.0,0.39232068050525015,0.04598366199932462,0.36089765677350927,0.5008063674164392,0.13990871064292998,0.359487215227587,0.5332563750723839,0.1737691598447969,1.1523954726307377,0.1059231357946087,0.1383731434505533,nan,nan
234,189,180073,backward,e,-,2019,2019.0,0.0,0.43111308243273805,0.013433859130560074,0.4175872634237931,0.458516614680831,0.040929351257037894,0.41520441104795747,0.4707264804919329,0.05552206944397542,0.575856383482115,0.030563390902359173,0.04277325671346105,nan,nan
234,190,182088,backward,e,-,2067,2067.0,0.0,0.5615256908591026,0.012795205227762098,0.5430418644443501,0.5858732165019198,0.042831352057569716,0.5399685451959509,0.5998387328022723,0.059870187606321346,0.4243938234623975,0.026861935387657975,0.040827451688010497,nan,nan
234,191,177383,backward,e,-,3466,3466.0,0.0,0.42627663800799004,0.013256172648901967,0.4084163028680228,0.45174313775870434,0.043326834890681565,0.4042328180372783,0.4610297337602567,0.0567969157229784,0.3718329957731955,0.03365305636203372,0.042939652363586045,nan,nan
234,192,174403,backward,e,-,229,229.0,0.0,0.3919674741536719,0.039762514323386344,0.3617534348194503,0.48789454732520454,0.12614111250575422,0.35968486807961964,0.5605318668984304,0.20084699881881074,1.6457858978392519,0.09890848373600752,0.17154580330923336,nan,nan
234,193,178238,backward,e,-,102,102.0,0.0,0.3776622961361981,0.013445953894455293,0.3579299360144651,0.4008999909050801,0.042970054890615006,0.3570528254058298,0.40600090438844894,0.04894807898261916,0.18878616548705182,0.022737825559891383,0.026102596302125913,nan,nan
234,194,170665,backward,e,-,53,53.0,0.0,0.5063643727755405,0.011897773034485705,0.4879310473891853,0.5234781789917451,0.03554713160255979,0.4858603835677727,0.5254115853203304,0.03955120175255766,-0.0020702544869611464,0.02244590842080263,0.024379314749387926,nan,nan
234,195,186177,backward,e,-,644,644.0,0.0,0.38058660024710633,0.012897029279811905,0.3643049905875872,0.40348318470617645,0.03917819411858925,0.3597980089295201,0.4139995370625824,0.05420152813306234,0.2892176987761498,0.025193317038948563,0.035709669395354526,nan,nan
234,196,181587,backward,e,-,273,273.0,0.0,0.5172557504675279,0.016681484140020894,0.5055947848198894,0.5569328744412773,0.05133808962138786,0.5048583916114735,0.568011474347186,0.06315308273571252,0.8919371112502951,0.03754862569540241,0.048627225601311164,nan,nan
234,197,179171,backward,e,-,684,684.0,0.0,0.5337340493926127,0.015395741986232102,0.50870440578969,0.5553546507420043,0.04665024495231429,0.5068446236537004,0.578161778319435,0.07131715466573463,0.0494070323794397,0.027008300880004825,0.049815428457435584,nan,nan
234,198,209870,backward,e,-,258,258.0,0.0,0.38545885737588087,0.01642518441282482,0.35759697699839443,0.40539168924178004,0.047794712243385606,0.3566637372686819,0.4245376535655505,0.06787391629686862,-0.12605973825574313,0.024272705835273824,0.043130051804039116,nan,nan
234,199,183992,backward,e,-,55,55.0,0.0,0.48353517811937713,0.012722162450425742,0.4735967113052371,0.5107520398338304,0.03715532852859332,0.4733621727850124,0.5127092884786859,0.039347115693673496,0.6133178081510259,0.028125934935968343,0.03008318358082379,nan,nan
234,200,187670,backward,e,-,1992,1992.0,0.0,0.4161519613416426,0.010928740903388127,0.4056316560245447,0.4411872733676501,0.03555561734310542,0.39766913350310495,0.45199302207755704,0.054323888574452084,0.8438803346356779,0.027447398650772267,0.038253147360679196,nan,nan
234,201,183195,backward,e,-,183,183.0,0.0,0.4947300884549202,0.016451347635054254,0.4827991436469014,0.5347934826249481,0.05199433897804667,0.4821491253228055,0.5515420552547626,0.06939292993195711,1.1600973808142694,0.04223268946406537,0.05898126209387994,nan,nan
234,202,187458,backward,e,-,267,267.0,0.0,0.3702794200863552,0.009874311248293112,0.3607319556212824,0.39369475226105355,0.03296279663977114,0.35960725151534445,0.4087004978251006,0.049093246309756144,1.2998108395231358,0.01825389152182647,0.03325963708587354,nan,nan
234,203,188365,backward,e,-,144,144.0,0.0,0.4871201086549014,0.019384450679164073,0.4731516918396882,0.5313501293233829,0.05819843748369469,0.47261453480224913,0.5422046840206005,0.06959014921835138,0.8489373627756157,0.05445695545094531,0.065311510148163,nan,nan
234,204,191955,backward,e,-,61,61.0,0.0,0.3625183870020224,0.009202046934175775,0.3569747293193739,0.3864695379144225,0.029494808595048605,0.35685617807242725,0.3951039833132414,0.03824780524081417,1.4165471482299008,0.021860431360330057,0.03049487675914897,nan,nan
234,205,196937,backward,e,-,542,542.0,0.0,0.7132814741727571,0.06059772208410358,0.6171377202803596,0.7960744665844776,0.17893674630411793,0.59191289818626,0.8095222711850493,0.21760937299878924,-0.1213849122402106,0.0959935535183588,0.11833024481415666,nan,nan
234,206,184764,backward,e,-,798,798.0,0.0,0.49844727030807534,0.01589313338220684,0.48678259239403066,0.5384501494109197,0.051667557016889076,0.48498253854235157,0.55810787195104,0.07312533340868838,1.3028221270120115,0.043056333223181656,0.06271405576330186,nan,nan
234,207,185292,backward,e,-,271,271.0,0.0,0.4882408496652236,0.014005305827437323,0.47892531693689017,0.5223401502044618,0.04341483326757162,0.4781004738980794,0.5486185455757747,0.0705180716776953,1.5761327823462163,0.036342422525816154,0.06262081789712903,nan,nan
234,208,192657,backward,e,-,903,903.0,0.0,0.38807647590070027,0.007129885519991697,0.3811467247364562,0.4034603514651929,0.022313626728736657,0.379922386736078,0.4078065848027483,0.027884198066670307,0.6165096060419207,0.014529345407595633,0.018875578745151056,nan,nan
234,209,207954,backward,e,-,523,523.0,0.0,0.4883018897927819,0.015888705470577826,0.4691741501611376,0.5166120919238932,0.04743794176275562,0.4677938234206521,0.5235187581004297,0.05572493467977757,0.2630225978574714,0.027530561090194822,0.0289108878306803,nan,nan
234,210,185518,backward,e,-,1011,1011.0,0.0,0.5295314619265551,0.008226672606573046,0.5125996834167165,0.5397723580914727,0.02717267467475626,0.5100549901702848,0.5437050664105104,0.033650076240225646,-0.5193071134124013,0.01455301454291874,0.017212552235505107,nan,nan
234,211,208699,backward,e,-,814,814.0,0.0,0.47185843903267677,0.010952022267084091,0.4564190169837156,0.4951008520138526,0.038681835030137,0.4534498712412935,0.5030195810519097,0.0495697098106162,0.5089939351273313,0.02233865021060632,0.025094840142001806,nan,nan
234,212,195967,backward,e,-,1518,1518.0,0.0,0.39727052074407093,0.004661077910869984,0.39085166616282563,0.4064705669509419,0.015618900788116286,0.38910707378758297,0.4104239649908245,0.02131689120324154,0.4632712633111747,0.010807902534062422,0.014761300573945035,nan,nan
234,213,221491,backward,e,-,287,287.0,0.0,0.3945766266451981,0.027360185279727847,0.3677998780229718,0.4499536129809151,0.08215373495794326,0.36470314103059087,0.49234454850049153,0.12764140746990066,0.7757277323933975,0.05493022783979042,0.09732116335936686,nan,nan
234,214,198357,backward,e,-,528,528.0,0.0,0.5212925945122231,0.01773485131650171,0.5146610564949069,0.563622680645688,0.04896162415078109,0.5132980737853959,0.5788464462134273,0.06554837242803135,0.7333100057650584,0.04278818961140719,0.05801195517914648,nan,nan
234,215,207478,backward,e,-,1091,1091.0,0.0,0.4054262019975685,0.005077508695045667,0.4001118089858982,0.416458682502289,0.016346873516390803,0.39902868358218746,0.42130565249070184,0.022276968908514383,0.7112268285894846,0.011500505748862438,0.016347475737275297,nan,nan
234,216,201577,backward,e,-,432,432.0,0.0,0.6726649046951942,0.038107633170531424,0.613340978109018,0.7350967205501733,0.12175574244115528,0.5959623856975321,0.7438227877631978,0.14786040206566564,0.02961781599547973,0.06506454123978686,0.0791040262809275,nan,nan
234,217,215999,backward,e,-,177,177.0,0.0,0.3649985449806168,0.025234507009267354,0.36103445605235995,0.4433082811838915,0.08227382513153153,0.36056100233147914,0.48040167982057164,0.1198406774890925,2.318747968214944,0.07169442805636325,0.10878782669304343,nan,nan
234,218,200025,backward,e,-,634,634.0,0.0,0.3887670255588601,0.003277730466459594,0.38505440723662104,0.3961543773011975,0.01109997006457647,0.38413569293193167,0.40011813361330173,0.015982440681370058,0.9313826962397119,0.00876509853234573,0.012728854844449966,nan,nan
234,219,212975,backward,e,-,194,194.0,0.0,0.3639089595482873,0.003782400966031147,0.36124944160362105,0.37350183612242477,0.012252394518803722,0.360615850352643,0.378931928440335,0.018316078087692034,1.406473528938381,0.006679162724857674,0.012109255042767941,nan,nan
234,220,199435,backward,e,-,1347,1347.0,0.0,0.5648449370357147,0.028220721939758598,0.5261265257321828,0.6128690942957248,0.08674256856354201,0.5214090960396196,0.6345381306377347,0.11312903459811507,0.25569703454838516,0.04908110056367561,0.07075013690568555,nan,nan
234,221,210407,backward,e,-,105,105.0,0.0,0.38049867776201163,0.002441061868597612,0.3787286705551755,0.38642850736855183,0.007699836813376326,0.3785284064637415,0.3888499056462263,0.010321499182484817,1.2368588175122857,0.005631288157406299,0.00805268643508078,nan,nan
234,222,211697,backward,e,-,262,262.0,0.0,0.5976761643617327,0.020524110831299174,0.5674654699571587,0.6342314596377375,0.06676598968057879,0.5481199488825286,0.6567582439757683,0.10863829509323975,0.25492654785023755,0.03959302471362448,0.057722047070205895,nan,nan
234,223,213762,backward,e,-,96,96.0,0.0,0.3642512184863402,0.004356240566757024,0.3617064246449013,0.3763598490141828,0.014653424369281465,0.36136521736792077,0.3789593991379493,0.017594181770028527,1.522287202705101,0.00971003211896014,0.012309582242726658,nan,nan
234,224,216403,backward,e,-,906,906.0,0.0,0.5199523596409299,0.01945204052758726,0.49127415364416366,0.5569226473834917,0.06564849373932807,0.483007938363728,0.5789524871775651,0.09594454881383707,0.40433766012785144,0.03690614505069875,0.05869530128485745,nan,nan
234,225,217741,backward,e,-,444,444.0,0.0,0.5515782046322756,0.032571087839014655,0.5029512812325992,0.606242743523233,0.1032914622906338,0.4972173123328481,0.6242854906078582,0.1270681782750101,0.15023843221423355,0.05467515961533632,0.07234360922628447,nan,nan
234,226,213015,backward,e,-,149,149.0,0.0,0.5644598408877356,0.018534031050376754,0.5372609323555549,0.5949340296084281,0.05767309725287317,0.5322242765365274,0.5998132818569735,0.0675890053204461,0.1012306009689689,0.031678273815484485,0.036557526064029844,nan,nan
234,227,217754,backward,e,-,418,418.0,0.0,0.5346333948771393,0.03005626494433682,0.47951207704799853,0.5759945918146863,0.09648251476668773,0.47458155373086436,0.5899924662450987,0.11541091251423435,-0.31796017723781317,0.051411585718661466,0.060978786630113024,nan,nan
234,228,215359,backward,e,-,911,911.0,0.0,0.47839888660095475,0.016779571406791302,0.4565985680295237,0.508083143463651,0.05148457543412732,0.4530425818680313,0.5265907168041057,0.07354813493607443,0.34378905188030384,0.030010514603356075,0.04851808794381074,nan,nan
234,229,218639,backward,e,-,215,215.0,0.0,0.40871173891376583,0.007962389535052152,0.39854960205825724,0.4221385984383711,0.023588996380113858,0.3962043778779372,0.4258970615699035,0.02969268369196626,0.16446744993195914,0.012736797750864575,0.015929952244885304,nan,nan
234,230,222316,backward,e,-,89,89.0,0.0,0.49186630191050573,0.03290991424817774,0.45270976785440037,0.5559884354807181,0.10327866762631771,0.44858654534458164,0.5680700685073313,0.11948352316274968,0.4725352159616768,0.0641221335702123,0.0762037665968256,nan,nan
234,231,220314,backward,e,-,258,258.0,0.0,0.4773565892077828,0.01549046647129388,0.4619815654177776,0.5079604408538001,0.045978875436022526,0.459667660476186,0.5105972858686504,0.05092962539246437,0.36555795849948475,0.0265582987377489,0.02919514375259924,nan,nan
234,232,221556,backward,e,-,378,378.0,0.0,0.4488812960014467,0.025765407859462144,0.41165699075971635,0.4911990798735716,0.07954208911385524,0.4074807995033616,0.49667356798721973,0.08919276848385815,0.09042233542398491,0.04295584153916997,0.04843032965281813,nan,nan
234,233,222949,backward,e,-,55,55.0,0.0,0.41002463064656103,0.01733509320090473,0.3891273289614768,0.44075148714131185,0.05162415817983507,0.3871492390890442,0.4442042744309888,0.057055035341944615,0.27101029191802034,0.0296076928830347,0.03306048017271168,nan,nan
234,0,85169,backward,w,deg,232,232.0,0.0,1.304004968466046,7.882669759258671,-0.7132411464831405,2.6350429160253115,3.3482840625084522,-45.63343479390653,2.8221740002902607,48.45560879419679,-5.383551268477389,1.8663500998434301,46.57220232810678,217.2030405628205,0.9909801611092394
234,1,83961,backward,w,deg,230,230.0,0.0,0.697872538281942,6.122897102471025,-1.8681649552755895,2.5905014542361626,4.458666409511752,-45.17106894827549,2.7733000914550416,47.94436903973053,-6.895914198817325,2.503762945157923,45.80666693815783,216.74425500323798,0.9945592290747725
234,2,24775,backward,w,deg,53,53.0,0.0,0.42276138320681866,4.593727373812506,-1.6264632709719535,1.7432311549261557,3.369694425898109,-26.48969628820521,19.051822350825034,45.541518639030244,-2.32968389513751,2.6053807510471585,27.386072897467074,197.9902071141919,0.9968311603742301
234,3,30334,backward,w,deg,107,107.0,0.0,1.41720519701812,9.152414259151689,-23.000947344534396,12.562542432765865,35.56348977730026,-34.049687749764104,13.734727679355103,47.78441542911921,-2.2473666098066047,26.728801707373034,36.63342832066863,205.75231794844936,0.9874944566433927
234,4,65627,backward,w,deg,243,243.0,0.0,20.95157760323781,22.654946289812326,-25.11534345603123,21.685553359704063,46.80089681573529,-25.24878604398282,21.858501241547145,47.107287285529964,-0.11179924185170684,46.404216694181784,46.537659282133376,196.79458763908548,0.922859866578507
234,5,32672,backward,w,deg,154,154.0,0.0,4.063702821024208,9.962812868023745,-23.90447628087972,5.168750685693183,29.073226966572904,-23.96111872516181,5.224082367558083,29.185201092719893,-1.947791738789862,28.559603263961208,28.616245708243298,195.52400653809937,0.9850650309514182
234,6,62747,backward,w,deg,194,194.0,0.0,2.280943603353151,10.416561202016043,-40.495646778086375,3.2288754206506396,43.72452219873701,-43.64447031871683,3.6001669867287944,47.24463730544562,-3.8541611072373163,42.88205424381188,46.03087778444234,215.22571111761545,0.9841813713342858
234,7,23789,backward,w,deg,730,730.0,0.0,2.968842692462019,13.931438175834938,-22.737776807283648,17.07614305857221,39.81391986585586,-25.647950932910447,19.109994759299582,44.75794569221003,-0.3422060133365181,35.78780935538715,38.69798348101395,198.73192415594693,0.9706819663534033
234,8,41757,backward,w,deg,56,56.0,0.0,5.7171500614493596,14.785927676657936,-36.82225767894335,6.6246684609234805,43.44692613986683,-37.53990473130693,6.660461711821682,44.200366443128615,-2.0856600920515818,42.293763569602625,43.011410621966206,213.03566532807216,0.9676572430333695
234,9,29488,backward,w,deg,139,139.0,0.0,0.2181974527670434,3.9951519622027702,-1.7078588898186269,1.3483014393962263,3.056160329214853,-26.147034511304525,19.383741503270272,45.5307760145748,-2.4754806766602218,2.6600337220856227,26.963086610965917,198.12481805473365,0.9976016249071765
234,10,40144,backward,w,deg,62,62.0,0.0,1.359003723047806,7.500429084446495,-1.3040518259325011,2.6659497275043633,3.9700015534368642,-41.24588964850159,2.7057840354572704,43.95167368395886,-5.241160668371209,2.400620052780648,42.34245787534974,217.1687324569459,0.9917679383566822
234,11,22902,backward,w,deg,236,236.0,0.0,2.612648758901159,11.901320744112839,-21.915848563670217,14.542817010717684,36.4586655743879,-24.520193044692803,15.634569739405606,40.15476278409841,-0.506183853168092,33.18634220954079,35.790686690563376,200.44648868351396,0.9785820933908348
234,12,16592,backward,w,deg,145,145.0,0.0,1.9208160506691456,12.104068828442415,-20.584564787105013,15.493514599102417,36.07807938620743,-22.942206179307817,16.76808290611885,39.710289085426666,-0.3224560142937707,29.304158314807136,31.661799707009948,199.5895984945249,0.9778326218056169
234,13,35004,backward,w,deg,102,102.0,0.0,-0.32606220472406733,5.2937353991104965,-2.3918977724454575,1.6764619984301545,4.068359770875612,-22.398239719967904,21.388487658949686,43.78672737891759,0.9119221064027707,19.29683976606543,21.94523845343545,194.67423119144073,0.9957782119392594
234,14,33596,backward,w,deg,557,557.0,0.0,0.0573317498202357,3.556309325365032,-3.593783346098087,1.6311035971120986,5.224886943210185,-26.346135222856617,20.75549547768435,47.101630700540966,1.0579914632534881,4.360534658791111,26.297778556926175,198.72654807801078,0.998088229094507
234,15,19609,backward,w,deg,87,87.0,0.0,3.747778691860077,11.667918875456639,-21.962887592002772,13.129271465486655,35.092159057489425,-24.795013162631022,14.575875952958711,39.37088911558973,-0.6385344860012454,28.83062867969625,31.662754250324497,203.24349355765253,0.9794134781878382
234,16,20264,backward,w,deg,58,58.0,0.0,2.753855734009207,10.425439419065302,-19.72426331369076,12.08179116348837,31.80605447717913,-23.397432200798704,12.676282445517558,36.07371464631626,-0.7069891295852857,27.206969758340648,30.880138645448596,202.9371492433776,0.9835523233087647
234,17,11041,backward,w,deg,433,433.0,0.0,0.8970568963233063,5.7286719591818045,-11.054386949927322,6.981737250262198,18.03612420018952,-16.175087021988986,10.392554128510056,26.567641150499043,-0.6368743770197741,13.270719945883611,18.39142001794528,199.3314787167679,0.995012519356956
234,18,40776,backward,w,deg,317,317.0,0.0,-2.4790135647122895,6.617018032397784,-3.4735094673328604,15.186620480383349,18.660129947716207,-21.913096031351586,18.88535936573703,40.79845539708862,1.1218737919240342,18.659584672770055,21.637325026441175,195.5486457242027,0.9933689783769791
234,19,7288,backward,w,deg,1665,1665.0,0.0,-0.048787968449460095,0.8532388938252722,-1.3177933849886245,1.4454233161897432,2.7632167011783677,-1.6246955089699213,1.9952730272362942,3.6199685362062155,0.16082420287034757,1.9208281493307706,2.4706778603773216,181.75015458021176,0.9998891211091715
234,20,6462,backward,w,deg,649,649.0,0.0,-1.0140632883117746,3.4863658460839586,-1.8588079391896883,10.762576573189673,12.621384512379361,-2.007638385600785,12.962239220449618,14.969877606050403,2.844988005801836,11.701192422101652,13.900855069361597,184.80827784053193,0.9981541705430808
234,21,51090,backward,w,deg,73,73.0,0.0,-2.564098568422537,5.108727117737135,-2.9799317425902245,8.426451912223387,11.406383654813611,-19.20364806889026,9.129974296407198,28.333622365297458,0.09148755035382518,11.210246402797011,16.595459731546896,194.4109298461046,0.9960358824617649
234,22,8503,backward,w,deg,3741,3741.0,0.0,-0.6244459275896759,3.095679057623784,-3.8110510196305256,6.953110062769525,10.76416108240005,-4.7100320648477805,9.340598170276508,14.050630235124288,0.9691648288694868,7.365393579140061,9.752881686647044,188.38785527248356,0.9985417082848187
234,23,54158,backward,w,deg,64,64.0,0.0,-2.650563010831007,5.12664519151667,-3.068724011892745,8.036138039027929,11.104862050920673,-19.232997058051183,8.704041031977312,27.937038090028494,-0.11819048612025748,10.61616658745509,16.796451364778733,194.84253927297218,0.9960084709259809
234,24,73762,backward,w,deg,62,62.0,0.0,0.5174022967071892,4.859125243967571,-11.426817363517998,5.137949088154939,16.564766451672938,-18.909203310418377,5.526952367051848,24.436155677470225,-2.16595327550844,11.62437580407216,19.062649127618215,194.98317688779593,0.9964220233015347
234,25,23245,backward,w,deg,3717,3717.0,0.0,-0.05249872793243071,1.7445883004146028,-2.849882856676538,2.877579616090264,5.727462472766803,-4.383081383618617,3.6386862068891617,8.021767590507778,-0.015347252343600376,4.322443503554403,5.855642030496483,193.79590234009166,0.99953651566808
234,26,15530,backward,w,deg,594,594.0,0.0,0.022652310426252598,0.73008696666651,-1.1648620371135763,1.2494836075694182,2.4143456446829945,-1.4334200117608589,1.8853601982152952,3.318780209976154,0.156073533205661,1.336434672048138,1.893977217488498,183.08803445344427,0.9999188179707065
234,27,19633,backward,w,deg,224,224.0,0.0,0.6135850964610796,2.0408612640591475,-4.259508696568768,2.2290977861757084,6.488606482744476,-6.508638727553972,2.5139327054978082,9.02257143305178,-1.113030776337165,4.76268927496424,7.0118193059494445,206.2759679082127,0.9993658540643867
234,28,20669,backward,w,deg,2122,2122.0,0.0,-0.4240468598182332,2.776782548123781,-2.6785617780557374,4.488817555228036,7.167379333283773,-3.1590536189859506,21.353933905599973,24.512987524585924,3.888142930670997,5.289972207384591,22.155088557756528,186.58547811827168,0.9988317042104391
234,29,15491,backward,w,deg,1117,1117.0,0.0,0.06651181400278006,1.0312450454675253,-1.792043957870976,1.6183571619819135,3.4104011198528896,-2.5500288738724635,2.294239627579799,4.844268501452262,-0.18213211891027062,1.9026143130749007,2.512391264021005,188.41130253266047,0.9998380349218108
234,30,26123,backward,w,deg,374,374.0,0.0,0.29634761008284727,1.0078853302696007,-1.8005821872087238,1.059856136103299,2.8604383233120227,-4.041424392164913,1.2057487367152646,5.247173128880178,-1.4973387860753509,2.2656304391612596,4.506472644117451,197.13728280016505,0.9998453016967972
234,31,72592,backward,w,deg,55,55.0,0.0,0.526688008006289,4.466414231702486,-8.970951501535133,4.288292829816362,13.259244331351494,-17.80448782249286,4.768607878588284,22.573095701081144,-2.723262098414449,9.650631069300223,18.484167390257966,194.97559842763695,0.9969777972208038
234,32,27918,backward,w,deg,89,89.0,0.0,0.33891148073169575,1.6525047238479982,-3.0792084415888894,1.882925806289404,4.962134247878294,-3.614202800450329,1.9331787686742246,5.547381569124553,-0.6396659989039771,4.143827238618143,4.678821597479583,196.5024566785038,0.9995841424991082
234,33,27233,backward,w,deg,134,134.0,0.0,0.22941938443592846,0.7493912733889164,-1.3578288956098163,0.8445028150359817,2.2023317106457982,-1.8396003721953207,0.906828167615771,2.7464285398110917,-0.6744531369097653,1.9894190712228577,2.4711905478083622,198.26805521118553,0.9999144681214379
234,34,18133,backward,w,deg,158,158.0,0.0,0.0724564583436802,1.6871856414118533,-2.721710446399534,2.6620624616921944,5.3837729080917285,-3.2109303400006013,4.055754644224294,7.266684984224895,-0.0022242815368154157,2.954049243054786,4.129116558209944,203.79610876334723,0.9995665062551627
234,35,20500,backward,w,deg,54,54.0,0.0,-0.34920508757662105,2.5916134288094064,-2.55829293158299,7.224306416987605,9.782599348570596,-3.5226079731631614,9.132094437750055,12.654702410913217,2.205054761208154,7.256546545378842,9.164334566141292,207.83326468766833,0.9989783938003418
234,36,23823,backward,w,deg,203,203.0,0.0,0.5695470831652187,1.9427853254953649,-4.03284022660111,2.1715354186294205,6.20437564523053,-5.419143912738946,4.1286406697843745,9.54778458252332,-0.8921735519989218,4.460754772809734,5.847058458947572,206.39260475139105,0.9994253008483919
234,37,31986,backward,w,deg,60,60.0,0.0,0.19172120785366076,1.0122375116549047,-1.6359587161333748,1.2143456034879718,2.8503043196213467,-1.8748312406532648,1.2616589087726027,3.1364901494258675,-0.34270515352499625,2.540060804524147,2.778933329044037,199.5721173071995,0.9998439473123
234,38,31558,backward,w,deg,150,150.0,0.0,-0.12417556267209306,1.6894595612605587,-2.4865306507530818,2.663924472938032,5.150455123691113,-2.842206744074872,2.763875136849407,5.606081880924279,0.14282225528366096,2.850649945139252,3.206326038461043,196.2261084041494,0.9995653257001411
234,39,42087,backward,w,deg,7240,7240.0,0.0,-1.7710121988210972,5.268475220517147,-6.18873053285486,9.552319155389071,15.741049688243931,-8.751971657080247,14.922926788443448,23.674898445523695,0.8864860627464531,11.011464284659652,16.38207191771403,204.57722476260267,0.995780291073958
234,40,64725,backward,w,deg,2768,2768.0,0.0,-1.3425007641572932,6.503307187265121,-8.472633400527364,10.830316919918038,19.302950320445404,-9.904142667233515,12.911431099748086,22.8155737669816,0.29799637954929864,11.053723891884777,13.134838071714825,190.6235851275549,0.9935702262594694
234,41,28142,backward,w,deg,51,51.0,0.0,0.5217148481652885,1.687057110690191,-3.1670063001254647,1.7839107232115055,4.95091702333697,-4.011784130634254,1.8219703487118863,5.83375447934614,-0.8186997289370352,4.189230273501366,5.034008104010155,196.72191111442544,0.9995665789573528
234,42,31322,backward,w,deg,199,199.0,0.0,0.5752442991216071,1.6462267517184117,-3.210127360596087,1.724412145937856,4.934539506533943,-3.8621311057885634,2.1113885090096574,5.973519614798221,-0.7542416141133117,3.370510679062019,4.022514424254496,197.61178867251604,0.9995872991502683
234,43,22231,backward,w,deg,190,190.0,0.0,0.02671914246585061,0.764959607018986,-1.2860729338341854,1.1456238435713668,2.431696777405552,-1.6775415740359847,1.3371351092034445,3.014676683239429,-0.18942679135221294,1.515146889899307,1.9066155301011065,182.70765060940508,0.9999108772683607
234,44,29031,backward,w,deg,129,129.0,0.0,0.19718829589180586,0.7989363579699439,-1.438688040963632,0.9146654366336576,2.3533534775972895,-2.000856877903459,0.976116983386845,2.976973861290304,-0.6535259808966671,2.1370680343042974,2.699236871244125,198.6964857506953,0.9999027850901049
234,45,46651,backward,w,deg,3125,3125.0,0.0,0.3369791948525176,2.2316414162169433,-4.711614537125024,2.9337767154696666,7.645391252594691,-6.93186855061262,3.5316243328801136,10.463492883492734,-0.8876801652826447,5.1642735993446465,7.384527612832244,207.4698544296578,0.9992417922614496
234,46,43447,backward,w,deg,765,765.0,0.0,0.1542828331743351,1.9257007490972315,-3.753559442080365,3.580549801431567,7.334109243511932,-5.721991855745472,4.251840086002488,9.97383194174796,-0.3419148700201278,4.178813253694192,6.1472456673593,206.01865914792853,0.9994353890512779
234,47,40685,backward,w,deg,599,599.0,0.0,0.5686647285976107,1.3848187263587692,-3.2657264096859704,1.2419435049309868,4.507669914616957,-4.5237654715099325,1.401167910359959,5.9249333818698915,-1.558465456507888,4.24261619649558,5.50065525831954,204.57918160875192,0.9997079781745841
234,48,29871,backward,w,deg,91,91.0,0.0,0.17587339043583938,3.2589191937401574,-4.931437669545545,8.88839719287968,13.819834862425225,-6.443067197119177,8.937704411289474,15.38077160840865,1.0891493700296866,8.362204732047147,8.41151195045694,208.72877641651974,0.9983846030147555
234,49,28066,backward,w,deg,53,53.0,0.0,-0.3663842272652573,4.121926247184201,-5.607970524915106,9.723056567004017,15.331027091919122,-6.4903451342178755,9.734151393736369,16.224496527954244,1.209662333833899,10.761138448143464,10.772233274875816,209.24611381455145,0.9974167375615448
234,50,30539,backward,w,deg,226,226.0,0.0,-0.019052839318007386,1.3888192712337635,-1.6082924101221039,1.1300320382318887,2.7383244483539926,-8.09070704556018,7.9176005897380435,16.008307635298223,1.499652038441078,2.574787609748931,8.738429116480773,211.1842314142837,0.9997065010847339
234,51,22053,backward,w,deg,163,163.0,0.0,-0.5350250918079951,2.333616185830797,-1.8651978690124338,3.2097916681089207,5.074989537121354,-2.6273311807333073,11.29292886370294,13.920260044436247,3.334566993457298,3.6405386595525333,11.723675855146553,207.1985313422927,0.9991723347494338
234,52,28876,backward,w,deg,1820,1820.0,0.0,-0.16613977438059635,1.355272944504917,-1.6680960903580726,2.17719242683034,3.845288517188413,-2.01257006744882,15.849295983156935,17.861866050605755,3.5001430977468897,2.179010841785005,15.48341280662396,189.53753526545688,0.9997207376645955
234,53,31921,backward,w,deg,185,185.0,0.0,0.5046347043814876,1.8828998595503057,-3.778080053873725,2.2294760599992793,6.0075561138730045,-4.876681692435369,2.6543989548461298,7.531080647281499,-0.7993118645072044,4.483018203468889,5.581619842030534,209.02980621576225,0.9994601488572622
234,54,72626,backward,w,deg,1104,1104.0,0.0,-0.24270730825001863,4.887298573763837,-7.09202462335054,10.261778449286904,17.353803072637444,-8.95942270306793,13.46964805701387,22.4290707600818,0.5892179914446825,9.547666441013114,12.73513157407163,190.29695697523854,0.9963688304850168
234,55,31181,backward,w,deg,387,387.0,0.0,-3.182854850285594,7.071016404669214,-5.17008628434404,14.624390724726975,19.794477009071016,-5.5586958672361675,15.49433533653513,21.053031203771297,1.4176195578388928,18.382522968724583,19.252467580532738,189.3606563252299,0.9924154212492187
234,56,29750,backward,w,deg,172,172.0,0.0,-0.07917302506456281,1.1661804145847428,-1.6771233401034407,2.1500031920275045,3.8271265321309453,-1.9691543821640778,2.9586279550530605,4.927782337217138,0.4022945610001488,2.4677206608707603,3.2763454238963163,194.72405286944417,0.9997928809336081
234,57,27602,backward,w,deg,50,50.0,0.0,-0.11799658286643933,1.3155133505598517,-0.7108157585294166,0.2399017572940493,0.9507175158234659,-0.8956378531455869,8.979248759418482,9.874886612564069,6.526200643611455,0.8074838787771097,8.95752806644498,210.10268463380024,0.9997369206653554
234,58,54409,backward,w,deg,2019,2019.0,0.0,-1.1271575957620428,4.140630636493615,-4.998707565870285,8.677197160775204,13.67590472664549,-6.213452127528342,12.060547161423642,18.273999288951984,0.90112343204991,9.540781374400108,12.924131375048546,190.29327874277078,0.9973921643840504
234,59,33278,backward,w,deg,72,72.0,0.0,0.010461302770053749,0.3311093473559799,-0.5148929574619459,0.5241442910601635,1.0390372485221093,-0.6442229784470044,0.6273358194412708,1.2715587978882752,0.040448235495657035,0.7347031669977256,0.8640331879827841,211.3345516296828,0.9999833019691262
234,60,34339,backward,w,deg,307,307.0,0.0,-0.382560385417122,1.622590891656707,-1.071886549846991,1.4578796714683588,2.5297662213153496,-1.1840193802772205,15.195555773461592,16.379575153738813,6.567794711402999,1.7572022494115882,15.494878351404822,191.25156853653107,0.9996005373409744
234,61,36155,backward,w,deg,156,156.0,0.0,-0.24636850485863704,1.6642853857242623,-2.071610100740834,2.818358792228679,4.889968892969513,-2.1502382248590663,3.383400900527022,5.533639125386088,0.34867112178279547,2.623451907447304,3.188494015745647,193.75851889943124,0.9995781824336597
234,62,37409,backward,w,deg,329,329.0,0.0,0.07664851292059893,0.9866186745138787,-1.8490047753482826,1.423827640618355,3.2728324159666373,-3.143446514175821,1.8611980361450264,5.004644550320847,-0.6156787314672046,1.8844320278428424,3.1019280137118983,212.23152042365518,0.9998517521949747
234,63,37864,backward,w,deg,203,203.0,0.0,0.03789613264970626,0.6060977702932615,-0.9729859899615718,0.9256640496190156,1.8986500395805874,-1.2870521438906053,1.0571522636159045,2.34420440750651,-0.1213202887449097,1.0638270004729262,1.1795746525372692,213.5008244726142,0.9999440497241733
234,64,41990,backward,w,deg,90,90.0,0.0,0.16845643555559775,0.8629553502075704,-1.5812896192825392,1.1808337269325164,2.7621233462150556,-1.81452143656648,1.2532985343016492,3.067819970868129,-0.4617296422416484,1.765697539561681,1.998929356845622,218.00508284056312,0.9998865813976544
234,65,38246,backward,w,deg,250,250.0,0.0,-2.948716062672119,6.639327591101236,-3.708284791240904,15.880979807299468,19.58926459854037,-4.122616651277127,19.726908089242727,23.849524740519854,1.8000289510658858,19.04477952860725,22.89070781055051,194.85679824253754,0.9933200356509279
234,66,43376,backward,w,deg,227,227.0,0.0,0.09086505644646081,0.6649184993377745,-1.1021508187458893,0.9362051434325394,2.0383559621784286,-1.9258345043527072,1.1482493707995047,3.074083875152212,-0.5483165215741816,1.4335591565182482,2.2572428421250663,217.34209978151665,0.9999326639660928
234,67,40092,backward,w,deg,173,173.0,0.0,-2.8348412636572107,6.006670710650464,-3.3611582673931593,14.345838030703119,17.70699629809628,-4.104117226710798,20.106961277247535,24.211078503958333,1.8125370854610494,17.432440981378686,23.193564227923105,194.833109044912,0.9945279446732245
234,68,45402,backward,w,deg,372,372.0,0.0,-3.005615054990173,6.108184712426785,-4.5934834739677965,11.473462398991808,16.066945872959604,-4.88330116463041,12.22030965060921,17.10361081523962,1.166464570191704,13.800522534703612,14.547369786321013,192.27966813879772,0.9943305053212088
234,69,107717,backward,w,deg,185,185.0,0.0,0.4529882453683456,4.106779344864527,-2.290980198416872,4.112840224517445,6.4038204229343165,-18.695504318209913,5.038264079768169,23.733768397978082,-3.036619050537902,4.882128705371136,18.666702970037818,206.70810352704254,0.9974459845250314
234,70,39842,backward,w,deg,124,124.0,0.0,-0.23612085037544261,1.2958944925836913,-1.5348742559321493,2.2368400541498032,3.7717143100819523,-1.6027481463323738,2.51636241881576,4.119110565148134,0.38917318070564816,2.0008945588093012,2.280416923475258,194.13524914857197,0.9997442410374607
234,71,49473,backward,w,deg,3919,3919.0,0.0,-1.5449568392082256,4.920177274095325,-4.653990480050607,11.863302028637658,16.517292508688264,-5.433406738072989,16.943407761920525,22.376814499993515,1.67245156647711,13.965711155136855,19.045816888419722,198.12341608656888,0.9963242054443469
234,72,65069,backward,w,deg,1436,1436.0,0.0,-0.8990043190988075,3.635831905488059,-4.580089965111718,6.940104796307487,11.520194761419205,-5.5416698444156225,8.564240921411567,14.10591076582719,0.6022694316269065,7.325229290025256,8.949365415129336,193.3061208804775,0.9979881178254717
234,73,61738,backward,w,deg,2258,2258.0,0.0,1.036481965388461,2.608113348519254,-4.787323844271438,3.062508194334709,7.849832038606147,-5.8234095306615075,3.579682019007805,9.403091549669313,-0.6503997504520668,6.266443737264322,7.302529423654391,209.5669684309735,0.9989643240735877
234,74,107740,backward,w,deg,92,92.0,0.0,2.700841157903426,5.63699145254125,-10.073697556254658,4.443370808999601,14.517068365254259,-10.164422652292615,4.695854144870253,14.860276797162868,-1.173847272703972,13.394675388852946,13.485400484890903,200.39144335127412,0.9951697987819774
234,75,47001,backward,w,deg,70,70.0,0.0,4.2047350980037805,5.848218151653277,-6.3347633560068655,6.777793914107191,13.112557270114056,-6.402638165241683,7.213035379162477,13.61567354440416,-0.031161048315384885,12.935088536480988,13.370330001536274,196.81338680282232,0.994795582789109
234,76,51135,backward,w,deg,146,146.0,0.0,0.009079226063903434,0.2382074539836255,-0.3832982779399501,0.37930334511822394,0.762601623058174,-0.511620344489188,0.4171371694485799,0.928757513937768,-0.0962562665438334,0.49305507139180094,0.6213771379410389,218.38897185626828,0.9999913576040057
234,77,76905,backward,w,deg,98,98.0,0.0,-0.48168419661244855,2.5081800386917434,-2.661174123139965,4.341051655394583,7.002225778534548,-11.535773537720132,5.342388628534309,16.87816216625444,-0.46637770130329664,3.7798181451460326,12.22601730924518,195.29305481497184,0.9990427552479257
234,78,58115,backward,w,deg,1951,1951.0,0.0,-0.31114692451220094,2.5754002811029735,-3.5115574106320224,4.599926693424251,8.111484104056274,-4.434555163684365,5.90365039545182,10.338205559136185,0.3709918206727689,5.0735046884606305,6.377228390488199,203.00230750183476,0.9989901348945374
234,79,53280,backward,w,deg,83,83.0,0.0,-0.005760286877773524,0.12830420703755835,-0.23835550228981786,0.17081158888560424,0.4091670911754221,-0.3005475672364355,0.17184213341246846,0.47238970064890395,-0.38644216461029884,0.3454222559765127,0.40761432092313044,219.3508713321741,0.9999974927011425
234,80,58189,backward,w,deg,196,196.0,0.0,-0.5674537257519319,2.9295604929611914,-3.7470125100132847,5.129790943442295,8.87680345345558,-3.9935211685350964,5.89170039868489,9.885221567219986,0.39587817147908705,7.826961101342853,8.588870556585448,194.9947192222228,0.9986933751733711
234,81,54901,backward,w,deg,84,84.0,0.0,-3.1489332046123764,4.258141205733689,-3.7019797837760846,6.468996714740021,10.170976498516104,-3.764994606607246,7.2436417633090855,11.008636369916331,0.5090500903937952,9.660848238868416,10.435493287437481,196.0553803712144,0.9972400936515481
234,82,52575,backward,w,deg,120,120.0,0.0,-0.3643618023943844,5.332440945454119,-8.59536172782152,8.577495199641517,17.172856927463037,-10.744081451252413,9.727571031736346,20.47165248298876,0.004913744889351389,9.896229439331767,12.044949162762634,21.394177582328354,0.9956758590948686
234,83,61551,backward,w,deg,74,74.0,0.0,-2.3371502357778695,5.2636332930765075,-4.627721131521595,10.855946363776564,15.483667495298159,-4.65029940965897,15.035621214844781,19.68592062450375,1.1089931713100114,7.910133822391839,12.089808673460055,15.2654061109658,0.9957895003959347
234,84,68805,backward,w,deg,401,401.0,0.0,-1.8870089716786254,5.365064742998048,-5.006458409132335,11.27584143015244,16.282299839284775,-5.373392872964615,15.852666163533655,21.22605903649827,1.0729668110985286,10.445120920632974,15.02194565401419,15.989863404322781,0.9956258844885404
234,85,57546,backward,w,deg,58,58.0,0.0,-1.7940896765986594,3.4417225890799092,-2.26817474879316,7.081065855113637,9.349240603906797,-2.307535424579669,7.888495266724817,10.196030691304486,1.3086097578031777,8.846878874029544,9.654308285640724,195.29152424675863,0.9981973485618734
234,86,70955,backward,w,deg,1361,1361.0,0.0,0.09560299589503529,1.8010317692739917,-3.038884658448467,2.6971074522838308,5.7359921107322975,-3.857500061701188,3.305468422494812,7.162968484196,-0.18123630866030266,4.433099514146136,5.251714917398857,207.23821319787217,0.9995060342291919
234,87,61172,backward,w,deg,155,155.0,0.0,-0.4431220006116803,2.273521507010599,-2.835035107385127,4.142393171547008,6.977428278932135,-3.2192170737248205,5.133572931824489,8.35279000554931,0.5271473908167222,6.037525798440351,7.0287055587178315,195.12291408339425,0.9992129540554349
234,88,65016,backward,w,deg,2308,2308.0,0.0,-0.8802499822356111,2.567528750883979,-3.1760210974250613,4.823721628613893,7.999742726038955,-3.683236168877073,6.661828555325712,10.345064724202786,0.5800369917170327,5.696021192793379,7.534128119505198,201.0230016785342,0.9989963264694792
234,89,67628,backward,w,deg,834,834.0,0.0,-0.24547326281671644,2.331771820906445,-3.275034059435191,3.9196010925704967,7.194635152005688,-3.780045079801937,5.944361870486318,9.724406950288255,0.2754333256550201,4.919089463837275,6.943850241753097,197.1111897135926,0.9991721010017477
234,90,60926,backward,w,deg,5598,5598.0,0.0,-0.1049048441807372,4.745108201617738,-7.084597860994603,7.961758916620576,15.04635677761518,-7.760776972548285,9.520609149233536,17.28138612178182,0.09937443287134665,7.910226707897839,9.113001831004112,25.323180403178373,0.9965744545081805
234,91,76764,backward,w,deg,72,72.0,0.0,-0.056198788176814674,0.677620248138761,-0.881870303015505,0.9585210017980274,1.8403913048135323,-0.9270324710412297,1.753659730387227,2.6806922014284567,0.4758019168182297,1.6041362971153261,2.399275025704526,216.66292463661898,0.9999300663595613
234,92,67639,backward,w,deg,110,110.0,0.0,-0.4175446779163394,1.9082929042097383,-2.4267168962584806,3.442600723209069,5.86931761946755,-2.6258915158031186,4.1488863504016535,6.774777866204772,0.49986077101846643,4.546184881909597,5.2524705091021815,195.72430644223886,0.9994454610399734
234,93,136323,backward,w,deg,17136,17136.0,0.0,-0.1307110753427594,2.068537291010647,-3.0625674882538263,4.037521789768398,7.1000892780222244,-3.854343803068417,6.799300518744673,10.65364432181309,0.5594947528770566,4.5095598033800925,7.271338532356367,17.134759593406176,0.9993485147516095
234,94,90021,backward,w,deg,86,86.0,0.0,0.22455601879418907,1.4926514162614568,-2.71435758235382,1.987201845376191,4.701559427730011,-3.465609621911284,2.011302681082441,5.476912302993725,-0.5029119506247482,2.4512575022169827,3.2025095417744467,218.18072067022115,0.99966069679313
234,95,133163,backward,w,deg,579,579.0,0.0,-0.10323510275941317,2.0978049823352247,-1.9979287752386994,2.425167848911572,4.423096624150272,-13.210080488550773,9.25747723957764,22.467557728128412,-0.2889956049985709,3.6013115784151712,12.700644145364237,25.007738510588798,0.9993307206981632
234,96,86786,backward,w,deg,53,53.0,0.0,0.07873926746700022,0.9946951960411875,-1.5685962952896033,1.300939806670931,2.8695361019605343,-1.6484897859349985,1.3195607561761165,2.968050542111115,-0.15560509476346035,1.7300113771820294,1.7486323266872148,218.66165267237554,0.9998493090104472
234,97,75322,backward,w,deg,202,202.0,0.0,-0.03482895291969612,1.2065209176426341,-1.8959805815092934,1.9605557807204206,3.856536362229714,-2.376006598801382,2.6188530081023202,4.994859606903702,0.10086104979701402,2.2027094932166107,2.8610067205985104,196.60542115686772,0.9997783026396729
234,98,82346,backward,w,deg,95,95.0,0.0,0.014706508602557733,0.972014793597687,-1.5347338731494204,1.3358120729782512,2.8705459461276717,-2.129754927768687,1.3596585514458752,3.489413479214562,-0.20380224158366236,1.5607463984976306,1.9158047425440259,218.3108116167499,0.9998561031532218
234,99,119562,backward,w,deg,80,80.0,0.0,-1.1191253416540263,2.955191503055907,-2.370336365209134,6.450582119317588,8.820918484526722,-2.4016650285011565,8.872549433200163,11.27421446170132,1.6274481924622257,8.537926527814946,10.959893841697522,25.617174086065308,0.9986711991048248
234,100,87684,backward,w,deg,2981,2981.0,0.0,-0.1106047301205706,2.5003076756425067,-3.6583876819102272,4.41746371939746,8.075851401307688,-4.328004311058294,6.327509856197651,10.655514167255944,0.28779266691083116,4.539609099979117,5.794599693156783,204.13106982770577,0.9990481782776794
234,101,72016,backward,w,deg,907,907.0,0.0,0.1455069617885556,2.4366726252163784,-3.9867038698977497,3.545210766412947,7.531914636310697,-4.768131190285089,4.305721045527463,9.073852235812552,-0.14232837220539696,4.3463026193217305,5.12772993970907,30.706351527679036,0.9990959368950056
234,102,86918,backward,w,deg,382,382.0,0.0,-0.029999941774718764,1.9594811140482822,-3.0390428816982533,3.1150488957867553,6.154091777485009,-3.6739176149256707,3.8765708814714515,7.550488496397122,0.02141976259034804,3.3486117407223586,3.8420958075154488,199.18383179862983,0.9994153089520067
234,103,78981,backward,w,deg,1187,1187.0,0.0,-0.3425925280946842,2.1074918612179023,-2.8417962033334248,3.5448040986077984,6.386600301941224,-3.293995679759348,4.674748777335083,7.968744457094431,0.31109351500170523,3.702591613305785,4.832536292033069,22.485506719870244,0.9993236586972436
234,104,68925,backward,w,deg,542,542.0,0.0,-0.019942873535484296,2.115462915574109,-3.4760547467437077,3.293061298802547,6.769116045546255,-4.596723911263638,4.003410807648578,8.600134718912216,-0.06873234143604988,3.7097127128786624,4.789852113927992,28.552311136553516,0.9993185480816845
234,105,70032,backward,w,deg,142,142.0,0.0,0.08730367238308645,2.172142728925286,-2.948499860839736,3.37253911410342,6.321038974943156,-3.4173616168394005,4.204274908100331,7.621636524939731,0.14259835672636292,3.4127869748131388,4.077700618696724,26.229162874704965,0.9992815156404039
234,106,77806,backward,w,deg,336,336.0,0.0,-0.4861132028056119,2.6588184853665306,-2.951698819499626,5.389852500653603,8.34155132015323,-3.01235877853307,7.701134240943219,10.713493019476289,0.8929338289814418,5.424725986381354,7.736007726670948,24.013852889906563,0.9989238924827103
234,107,107834,backward,w,deg,478,478.0,0.0,-1.0085208774079888,2.6566460929729736,-2.0605799176253186,6.006289588370155,8.066869505995474,-2.1399604646332193,11.079769618803795,13.219730083437014,1.9722069133128184,7.956352730746122,13.029832761179762,23.267526624020896,0.998926336227353
234,108,138156,backward,w,deg,340,340.0,0.0,-1.000790306388879,3.1123692685618964,-2.4243569071379283,7.906091419046945,10.330448326184873,-2.485625248491175,10.402648133879495,12.88827338237067,1.940988302801991,9.186825656249665,11.683382371082217,23.742756318431823,0.9985266676311758
234,109,84739,backward,w,deg,139,139.0,0.0,0.0024940567631119848,1.5867966392923205,-2.5766772904581585,2.4917936198176243,5.068470910275783,-3.2977193265971607,2.9331833856654725,6.230902712262633,-0.04246142624773505,2.8638427327944154,3.5848847689333923,32.48376433483137,0.9996165483996966
234,110,131982,backward,w,deg,357,357.0,0.0,-0.5828374072311249,2.2494511447565144,-2.1760061742728225,4.864300757585742,7.040306931858565,-2.2450340714463266,9.833371417376526,12.078405488822852,1.774145772270041,5.8464310596432405,10.815501719434053,24.944040481935932,0.9992299782701011
234,111,127281,backward,w,deg,82,82.0,0.0,-0.8208068501246402,2.424664423348624,-1.920168362621655,6.408640384515871,8.328808747137526,-1.944680347013417,9.931334617262138,11.876014964275555,2.142752458877526,7.971351300540101,11.494045533286368,23.347906672277603,0.9991055663425157
234,112,74330,backward,w,deg,486,486.0,0.0,-0.08519030427017071,2.50600628424538,-4.054033233071607,3.9974128175564374,8.051446050628044,-5.0416827656191,4.639578470526828,9.681261236145929,0.012853947825355712,4.354502343501338,4.850887980589732,30.00930957680802,0.9990437907515212
234,113,104488,backward,w,deg,1278,1278.0,0.0,-0.6326572456936788,1.481960690033821,-1.407510330116955,3.194956480132851,4.6024668102498065,-1.5701206287326386,6.4603789092412,8.030499537973839,1.4219749641203034,4.195655003928272,7.461077433036621,23.22552772570799,0.9996655834534475
234,114,118398,backward,w,deg,2392,2392.0,0.0,-0.22967640825508795,1.0484438005513192,-1.2048278969084862,2.3517459595407697,3.5565738564492557,-1.4370772015617206,4.0936985228787535,5.530775724440474,1.3773047096643003,2.9723058636553543,4.714258426993354,20.61203219687424,0.9998325988798812
234,115,113342,backward,w,deg,265,265.0,0.0,-0.35330156639693655,1.2171254610709294,-0.7358064311713861,2.1677082423869787,2.903514673558365,-0.7897471801272502,7.728071153076627,8.517818333203877,3.810037944726689,2.8533991302063177,8.413762040895989,23.26215476902154,0.9997745376329359
234,116,122399,backward,w,deg,112,112.0,0.0,-0.8888948088445545,2.4804348700618504,-2.0169932336500267,5.8390990341852245,7.856092267835251,-3.0766092078113445,7.248672527814676,10.325281735626021,1.5967127128659775,7.513625851810702,8.923199345440139,24.67903327352528,0.9990635823334474
234,117,125857,backward,w,deg,141,141.0,0.0,-0.5255051071867456,2.3444218930455123,-1.3005488887398826,2.1737455634620346,3.4742944522019172,-12.564390330736472,9.40323965089678,21.96762998163325,-0.9122564723333114,4.841564110474707,12.052766359241133,24.362282981511864,0.9991646472874562
234,118,122402,backward,w,deg,184,184.0,0.0,-0.18902509337252127,2.1416220982822494,-1.5394041070891447,3.363229768357392,4.902633875446536,-13.313653088849492,6.345068881515289,19.65872197036478,-1.8282710837463283,5.347090618297278,12.15852559952316,24.41444474196815,0.9993029112656898
234,119,141158,backward,w,deg,246,246.0,0.0,0.15693315051774448,2.11693557493557,-2.4030108653704545,1.8576636951421293,4.260674560512584,-13.919664242123787,7.58959241366307,21.509256655786857,-0.5638892794576934,3.0218868360906868,13.846646063842883,25.331159997406505,0.9993183948887515
234,120,74706,backward,w,deg,84,84.0,0.0,-0.2454978363251712,3.2690943719592758,-4.677971065043359,5.155043093926719,9.833014158970077,-5.280829764448697,5.717762855738414,10.998592620187111,0.11667748222864724,5.70653254244989,6.269252304261556,29.186437509411757,0.9983730586537655
234,121,78627,backward,w,deg,66,66.0,0.0,-0.3554727973270957,2.652460544081996,-2.9798633995083676,4.428692059603392,7.40855545911176,-3.0005865179527405,5.928971568016607,8.929558085969347,0.46851983378321366,4.6831860342305305,6.183465542643745,26.301503154203164,0.998928786037687
234,122,124420,backward,w,deg,576,576.0,0.0,-0.3634832627436424,1.6651175854294664,-1.8324950505096638,3.137877262255813,4.970372312765477,-1.932778763844567,6.04918751071196,7.981966274556527,0.946362547978579,4.195345966297452,7.106656214753599,25.251101270168586,0.9995778125410616
234,123,120702,backward,w,deg,327,327.0,0.0,-0.9142149617806297,2.572441784556306,-2.1053303350027277,6.521584810257931,8.626915145260659,-2.169880702974865,7.66580001520299,9.835680718177855,1.5957141487302968,8.189057218520016,9.333272423465075,25.674636849435693,0.9989928582938201
234,124,87559,backward,w,deg,124,124.0,0.0,-0.03671434598319934,2.3755833781870144,-5.021479678855293,3.0723614482382597,8.093841127093553,-6.504566339461348,3.360018101534223,9.864584440995571,-0.7229628256083781,5.212053559405179,6.695140220011211,32.20069736256634,0.9991408280814499
234,125,121586,backward,w,deg,9769,9769.0,0.0,0.0652859459499382,1.361124778742945,-2.2909384698908584,2.028585027251393,4.319523497142251,-2.955008518301497,5.289232068726392,8.244240587027889,0.003604667155836596,2.409177377988755,5.401388223142931,26.560433452009317,0.9997178575617861
234,126,120587,backward,w,deg,1112,1112.0,0.0,1.5506676339777385,4.802330928102017,-16.93564702535339,2.238246381041763,19.173893406395152,-21.262188924367166,2.3583600953069777,23.620549019674144,-3.383110680130799,18.718440017347184,23.04498191636094,34.42045461224521,0.9965147656092906
234,127,107934,backward,w,deg,3031,3031.0,0.0,-0.3458522314885215,1.5425408436339032,-1.9367294768128573,2.856758332932472,4.793487809745329,-15.021761010563637,5.574106513139014,20.59586752370265,0.6138141525339702,3.5375976721485074,14.348129147589304,30.044299719535598,0.9996377351434788
234,128,121146,backward,w,deg,127,127.0,0.0,4.287502208688494,8.285806599505188,-14.886440593179836,6.157347849607274,21.04378844278711,-17.250771126834707,6.370296955479802,23.62106808231451,-1.05062743604951,20.406794868246443,22.771125401901315,29.9838339934235,0.9895837356106586
234,129,115982,backward,w,deg,2728,2728.0,0.0,0.10557897557384877,1.4607225169152618,-2.197079243933733,1.924132301233297,4.12121154516703,-2.5480458967390405,4.2869511294792915,6.834997026218332,0.01731835540630563,2.202848273622607,4.431718796248617,29.411120718413567,0.9996750516638916
234,130,158319,backward,w,deg,109,109.0,0.0,0.06797359087460109,1.8354108206562532,-3.2263467982874143,2.2648460067375593,5.491192805024974,-5.740359564919856,2.3482108964542476,8.088570461374104,-0.7464972496204773,5.469460316689921,7.983473083322366,24.716352089959518,0.9994870506633877
234,131,127892,backward,w,deg,138,138.0,0.0,1.0763033015235663,4.192100267751895,-12.030172227154665,3.2759557898946765,15.306128017049343,-12.844475303631953,3.3880849410720657,16.23256024470402,-2.2918854510433673,12.730231279912816,13.544534356390102,23.655511654851388,0.9973316118449942
234,132,124671,backward,w,deg,570,570.0,0.0,-0.10429737031924446,0.4958062433019012,-0.6184699096165914,0.8825600677235438,1.5010299773401352,-0.7075849508667318,1.5919019911720511,2.299486942038783,0.6256321042841482,1.3341972357184626,2.0435391591669827,21.468795965866715,0.9999625594864521
234,133,146384,backward,w,deg,322,322.0,0.0,-0.29413040287410297,0.745229499858715,-0.5349343715647464,1.7595803106323382,2.2945146821970845,-0.590023131085303,3.25610121044366,3.846124341528963,2.22113563600012,2.1794552606652013,3.675976160476523,11.358684075889016,0.9999154217338079
234,134,95195,backward,w,deg,1932,1932.0,0.0,-0.21361716830243438,1.0532453164931015,-1.352885605496276,2.228220454743748,3.5811060602400238,-1.6394355383321795,2.9614250274472056,4.600860565779385,0.8707311739755114,2.5797324322848416,3.3129370049882993,31.05294076786747,0.9998310547436
234,135,106920,backward,w,deg,590,590.0,0.0,0.03691114834197151,0.6196098984119586,-1.045599969594754,0.8857097448955213,1.9313097144902753,-1.421223324291475,1.0813154043218844,2.5025387286133594,-0.21821669719973746,1.1327862540181635,1.508409608714885,35.6003645572067,0.9999415273176795
234,136,108772,backward,w,deg,416,416.0,0.0,-0.2973868090631129,3.143509538020857,-4.533352734650016,5.374393249075105,9.907745983725121,-5.156724433193773,6.416291902874093,11.573016336067866,0.23527226707801713,5.380009268365804,5.977851725107769,210.2522955996474,0.9984956652032372
234,137,99266,backward,w,deg,294,294.0,0.0,-0.0639744650270444,1.354390042268587,-2.0742264427237727,2.21712814812472,4.291354590848492,-3.0752714540243744,3.0926973045503985,6.167968758574773,0.09758560529500442,2.5171526199997456,3.3656592543270847,212.17995493013478,0.9997206374745077
234,138,107029,backward,w,deg,73,73.0,0.0,0.3796309393331967,2.186070778107575,-3.792913410392077,2.879007481430948,6.671920891823025,-5.178824885628444,3.1939745897233536,8.372799475351798,-0.49493354509,3.528424801736548,4.82241546693345,200.6843997378076,0.9992723307629086
234,139,109837,backward,w,deg,586,586.0,0.0,-0.16618998337717983,3.0476008997427053,-4.505658822866067,5.053934618283705,9.559593441149772,-6.671689772189978,6.076522516828334,12.748212289018312,0.12558951275666458,5.671976908894791,7.8380078582187025,210.82707882859907,0.9985860244154474
234,140,103920,backward,w,deg,150,150.0,0.0,0.38984531423864155,2.50154401796364,-5.194546147998084,3.272882555293257,8.46742870329134,-7.4229223477260575,3.7357605479261906,11.158682895652248,-0.8401810003080313,6.13166873031524,8.360044930043216,212.1954862428254,0.9990473800016609
234,141,169244,backward,w,deg,55,55.0,0.0,0.6246248259037941,2.741327706175673,-4.274766047051083,1.46992739335476,5.744693440405843,-5.808853993697198,10.564887784488292,16.37374177818549,1.0591337232570204,7.056018203086952,9.096209726949326,25.021667773179725,0.9988569688282743
234,142,106530,backward,w,deg,197,197.0,0.0,-0.008721374023195949,0.4154732463715225,-0.6775447982619709,0.6949222380012252,1.372467036263196,-1.0335128043007558,0.9741348343012817,2.0076476386020374,0.03291599402955466,0.8107079245360523,1.0070240934268497,34.445346152985955,0.9999737090742556
234,143,107327,backward,w,deg,78,78.0,0.0,-0.16457006677129016,3.2714961106572833,-4.819677421075893,5.269482708520448,10.08916012959634,-5.303493364211391,5.7908670231350925,11.094360387346484,0.11381072793456606,5.360871991265191,5.616185521537261,209.45222954487082,0.9983706885772246
234,144,167802,backward,w,deg,745,745.0,0.0,0.3676465941400977,2.32410732893716,-4.577625979568381,1.0538069736420652,5.631432953210447,-6.526486992204838,12.324757953835388,18.851244946040225,1.4577302361245368,6.289624890943807,11.417299411423016,23.832470784601092,0.9991788711763431
234,145,173458,backward,w,deg,98,98.0,0.0,0.5226582538862772,4.472457443523951,-6.443762611131696,10.2269128718335,16.670675482965194,-7.9008740571270835,11.186379957057852,19.087254014184936,0.8944526855568501,9.29199358083794,10.251460666062286,25.876756012482527,0.9969593625952458
234,146,123438,backward,w,deg,209,209.0,0.0,0.7025872253183536,3.185280514087174,-0.833745022778379,1.1358349199916233,1.9695799427700025,-20.610577596401413,1.6723781519324348,22.282955748333848,-5.422318717876779,1.6424049909700835,21.419237564593118,35.28379446101934,0.9984670731398971
234,147,176484,backward,w,deg,108,108.0,0.0,0.2297957569149105,5.843615726880344,-7.925427943952799,10.653523520764946,18.578951464717743,-11.485030002678712,11.488814937082168,22.97384493976088,0.4760269258769302,10.097315942847935,12.415499618653286,25.563542075128204,0.9948105080447925
234,148,146480,backward,w,deg,671,671.0,0.0,0.06635090036056113,0.7196037169640745,-1.3602007362289328,1.0866014367254593,2.446802172954392,-1.601167830840751,1.461476943318388,3.062644774159139,-0.3340781841547469,1.44235970945401,1.6833268040658425,22.767589060346683,0.9999211325606658
234,149,110855,backward,w,deg,52,52.0,0.0,0.08053977204258445,0.5549905271026194,-0.9723600777528076,0.7064703084755762,1.678830386228384,-1.1862571493026053,0.7964198656385122,1.9826770149411175,-0.4374490024877787,0.9465211104351393,1.1604181819849373,34.51290472694717,0.9999530874672756
234,150,203913,backward,w,deg,141,141.0,0.0,-0.8982031440142464,5.473871645430041,-6.593794492120736,11.366511714570635,17.96030620669137,-7.058086154499989,12.068903434740065,19.126989589240054,1.030708807041477,14.767186158929576,15.469577879099006,24.992587782994033,0.9954471278818477
234,151,132564,backward,w,deg,484,484.0,0.0,-0.34907460633368714,1.0218613187667815,-1.1724245866531604,1.8396468266182264,3.0120714132713866,-1.2666253496110755,2.071411782214568,3.3380371318256437,0.5470617641762444,1.8710202178320028,2.1027851734283445,23.605782415505683,0.999840967155502
234,152,109896,backward,w,deg,130,130.0,0.0,-0.02461392739303392,0.7040851706764873,-1.1329503425091474,1.0896865389185932,2.2226368814277406,-1.382720580750231,1.331218882265489,2.71393946301572,-0.007282419759973173,1.2447821110586204,1.486314454405516,204.3347218954733,0.9999244969606949
234,153,117706,backward,w,deg,1239,1239.0,0.0,0.034032113416429866,0.6259525148490048,-1.088256863641203,0.9566791409725054,2.0449360046137084,-1.71899793341845,1.2349439760820928,2.953941909500543,-0.2538912789130852,1.1911067203534285,1.8218477901306755,31.719762884926688,0.9999403243292909
234,154,122287,backward,w,deg,51,51.0,0.0,4.117609312565236,8.067855504817237,-15.682597774120168,4.735104839876129,20.417702613996298,-16.063576871922805,4.798452833232034,20.86202970515484,-1.4163693513540658,19.91803622461326,20.299015322415897,31.368767541993794,0.9901339854108878
234,155,125160,backward,w,deg,270,270.0,0.0,0.07549972157414686,0.42965531060859097,-0.7904402937134876,0.5054656181025649,1.2959059118160523,-1.1938649487453858,0.5332987314045283,1.7271636801499142,-0.5911519780293559,0.9344700126582944,1.3378946676901933,35.73628368935101,0.9999718835543379
234,156,112612,backward,w,deg,80,80.0,0.0,0.010593935277853461,0.6777669378438804,-1.037760406700663,1.0621431279547706,2.0999035346554336,-1.27530716133748,1.3063968370512953,2.5817039983887753,8.976229736080093e-05,1.1244312762144288,1.3588112727113355,204.92957454401613,0.9999300357808646
234,157,141979,backward,w,deg,2111,2111.0,0.0,-0.11166744442661525,0.814099708721417,-1.2726973636578833,1.3923344148775527,2.665031778535436,-1.7477795018716904,1.7712359438903604,3.519015445762051,0.16331300693770553,1.5310731796484305,1.884148985287709,19.31141506854612,0.9998990598495812
234,158,152539,backward,w,deg,1899,1899.0,0.0,4.319596254900034,6.152021760840654,-9.28041571492923,4.940399619848546,14.220815334777775,-9.834893915906832,8.77108298364027,18.6059768995471,-0.5636132249181727,14.05828973383171,14.612767934809312,27.55396794499332,0.9942432954779931
234,159,160687,backward,w,deg,10375,10375.0,0.0,0.41221807871943383,1.813019085421009,-3.8541993141140836,2.2665374974799786,6.120736811594062,-6.193727300111419,2.826829933188634,9.020557233300053,-1.0374713120433998,5.270619351357905,7.610147337355244,28.341411980705956,0.9994995110455224
234,160,139237,backward,w,deg,180,180.0,0.0,6.267769677443738,9.000099744404048,-13.844151249091798,6.602767316766403,20.4469185658582,-14.379164058206925,6.8363250763828205,21.215489134589745,-0.6985901006575301,20.41011760561659,20.945130414731693,29.524068943467128,0.9877008358603462
234,161,141438,backward,w,deg,1237,1237.0,0.0,0.11646843921371897,0.9148114200460579,-1.6792282749841718,1.2553250249634629,2.934553299947635,-2.189530996735101,1.66723956649966,3.856770563234761,-0.41289255361301214,1.7365775885020185,2.2468803102529478,23.858096084857657,0.9998725418395632
234,162,141302,backward,w,deg,53,53.0,0.0,-0.02063169080176408,0.29899289521131345,-0.5902399736309348,0.4311574343109498,1.0213974079418846,-0.8054038649802067,0.45842609574799553,1.2638299607282022,-0.6307525994758324,0.5447470375135708,0.7360212744791852,35.354558626091624,0.9999863841944552
234,163,143407,backward,w,deg,647,647.0,0.0,2.1544626097666253,5.320578438343656,-14.868815391022963,2.505015282408698,17.373830673431662,-19.785456909021775,2.563927076030666,22.34938398505244,-2.4750218582390655,17.254755366585663,22.171396884584567,34.375240761587285,0.9957127046161766
234,164,136225,backward,w,deg,1363,1363.0,0.0,0.05573966952655951,0.5254377471569667,-1.0785081009153628,0.7512058943799186,1.8297139952952812,-1.545413687860588,0.9823145251921801,2.527728213052768,-0.6574222853449936,1.0281419337640698,1.3756104467823604,32.8247293070211,0.9999579507900807
234,165,171505,backward,w,deg,814,814.0,0.0,1.0235423392614393,2.684315803230753,-5.551394691148016,2.561378611433322,8.112773302581338,-6.642955196454523,2.632159397179322,9.275114593633845,-0.951845198410884,8.016027307511091,9.107587812817599,24.64462367772267,0.998903060217049
234,166,151417,backward,w,deg,51,51.0,0.0,1.1347579016044733,3.6134892425607847,-1.619343423995005,1.3756783604353586,2.9950217844303637,-19.084889211245297,1.3849735323406662,20.469862743585963,-4.570079748742803,2.8208398880947954,20.286385675345088,34.95550834332263,0.9980257348473887
234,167,153567,backward,w,deg,2544,2544.0,0.0,-0.02600404544598689,0.7079007739649843,-1.1399957579335676,1.1999452518308855,2.339941009764453,-1.6939883492981949,1.806512952871799,3.500501302169994,0.09843855060278382,1.351861021474033,1.8520796360419922,21.675004632073005,0.9999236768432767
234,168,145934,backward,w,deg,130,130.0,0.0,0.06637673146624934,0.4490567624146625,-0.7835767876725427,0.6020285952147801,1.3856053828873227,-1.1012339563422415,0.6968436571565348,1.7980776134987764,-0.41259426043879327,0.7587167744665351,1.0763739431362183,26.7078929985012,0.9999692870060027
234,169,166807,backward,w,deg,839,839.0,0.0,3.492741339177485,5.913063399115344,-13.091443817828088,4.398573787227687,17.490017605055776,-16.119462995099013,4.471217115772447,20.59068011087146,-1.2591208764199102,16.30147539263583,19.329494569906757,31.303027838539016,0.9946898360854741
234,170,174618,backward,w,deg,3242,3242.0,0.0,0.710044370368621,2.5151704562345047,-4.949828329469867,2.7852932795027683,7.735121608972635,-6.307155173734856,2.981062979521255,9.28821815325611,-0.7232828422952435,6.452002139624411,7.809328983889401,28.828805943851936,0.9990368461740774
234,171,174565,backward,w,deg,84,84.0,0.0,1.5922063664047812,3.1914435368806253,-5.9214821115403,2.7568523036173573,8.678334415157657,-10.331110324165053,2.7691668573779964,13.10027718154305,-1.3481588773045206,8.425911845192285,12.835540057817042,24.294160685851047,0.9984503116866768
234,172,153918,backward,w,deg,52,52.0,0.0,0.13425789151899892,0.41133035598568835,-0.8020869312462068,0.45398823684834466,1.2560751680945514,-1.0190971029869615,0.45829657147277203,1.4773936744597336,-0.7853337004487897,0.9436975810444593,1.160707752785214,25.954205974456812,0.9999742307655196
234,173,154611,backward,w,deg,1445,1445.0,0.0,1.7901797546446971,4.906065581203757,-12.737400547478291,2.5084568634138407,15.245857410892132,-13.410833023430314,2.630765326227362,16.041598349657676,-2.1661304435983646,14.797226759596118,15.47065923554814,31.24892677061908,0.9963468841041083
234,174,187351,backward,w,deg,67,67.0,0.0,0.8201920974488246,2.8658897056845056,-5.2273809338175425,3.2037743511251078,8.431155284942651,-5.709296957351512,3.2256839318800985,8.93498088923161,-0.6341321013511537,7.145102125558353,7.627018149092322,23.76498084300131,0.9987495703294834
234,175,169643,backward,w,deg,442,442.0,0.0,4.1398201861991595,6.437174831911851,-13.65834312331201,5.427057464746102,19.08540058805811,-16.02981308488225,5.436564713826954,21.466377798709203,-0.9764567494233454,17.890804965625094,20.262274927195335,30.157671500489595,0.9937064459360513
234,176,168958,backward,w,deg,282,282.0,0.0,0.6194359916633516,1.5299028540177237,-3.365387829231342,0.8792838044443897,4.244671633675732,-7.184616250302895,0.8821476265822241,8.066763876885119,-2.6430866473191506,4.244929476468716,8.064157897540298,25.397706207544516,0.9996437152933955
234,177,170926,backward,w,deg,727,727.0,0.0,1.3858052960913483,2.5711227807352275,-5.65765634608816,1.9667970856976495,7.62445343178581,-6.523563542517934,2.0398497694100115,8.563413311927945,-1.2879239837359329,7.401402627997929,8.267309824427684,24.095901201877265,0.9989936705224511
234,178,173453,backward,w,deg,326,326.0,0.0,1.1231391646316098,2.1485523182782265,-4.906177414651715,1.6325470228959276,6.538724437547643,-7.124229085866375,1.8812735940301764,9.005502679896551,-1.5203125642388868,6.364956033545916,8.583007704760576,25.00308632890459,0.9992972534254055
234,179,183842,backward,w,deg,352,352.0,0.0,1.1332987581385083,5.231816430904979,-9.603237070288507,6.160025853700094,15.763262923988602,-11.296881018071474,6.484816932116075,17.78169795018755,-0.550431640130026,13.504231130585275,15.197875078368213,29.671093593937897,0.9958370004894505
234,180,182265,backward,w,deg,1084,1084.0,0.0,1.2652903043463368,4.654464695778397,-8.79041425101764,5.513180526895873,14.303594777913514,-12.153100147779924,5.844405585712877,17.9975057334928,-0.7177065788623789,12.229875811736749,15.592561708499034,30.62483577511137,0.9967048618754801
234,181,174823,backward,w,deg,856,856.0,0.0,0.7577183547712565,1.533821688172233,-3.529332314083412,1.2019683110078674,4.731300625091279,-5.485961574702344,1.2772228901902167,6.763184464892561,-1.6273357870316665,4.558463864664404,6.515093125283329,24.49631470672115,0.9996417781218201
234,182,173712,backward,w,deg,483,483.0,0.0,0.8429965979891847,1.8816837280215053,-4.386336254173005,1.498537945038427,5.884874199211432,-6.153322479706645,1.5153375712209538,7.668660050927599,-1.56702178769845,5.888749651690534,7.655735877224174,23.52499253792482,0.9994609309427271
234,183,184891,backward,w,deg,124,124.0,0.0,1.728326395444995,4.641478500227175,-9.373703164205672,4.847475908953107,14.22117907315878,-11.893423253115458,5.391405318884324,17.284828571999782,-0.941582768049216,12.12548958164681,14.645209670556596,30.825189207375036,0.9967237352146681
234,184,174489,backward,w,deg,5009,5009.0,0.0,0.07605412714431736,2.2966112581730314,-4.251590569647038,3.440240754533022,7.69183132418006,-5.709927911550579,4.0491676011832,9.75909551273378,-0.2946870496025914,5.224481162567912,6.68281850447147,20.094531717702196,0.999196919800593
234,185,169367,backward,w,deg,173,173.0,0.0,3.3460390779856652,6.619922205244508,-11.309305724344664,6.408756340104384,17.71806206444905,-13.512837873354783,6.4198652084880905,19.932703081842874,-0.6237269238376206,17.08812880278047,19.291660951790618,29.045518773184682,0.9933385009935171
234,186,186077,backward,w,deg,253,253.0,0.0,-0.05161345884567936,2.456433668626374,-3.5653843616008656,3.29670241310352,6.862086774704386,-3.965242912686847,3.2990795230222147,7.264322435709062,-0.018614261873642745,5.717734754650564,6.117593305736534,24.048165966413553,0.9990811760059817
234,187,158732,backward,w,deg,188,188.0,0.0,5.181846845193007,8.174452776686744,-14.284410096733435,5.81035666023615,20.094766756969584,-15.791212409184936,6.226445258933865,22.0176576681188,-0.8978159485068364,19.981283088775992,21.488085401227494,29.549870538032675,0.989855212962814
234,188,170213,backward,w,deg,56,56.0,0.0,3.416100242292387,7.157958875501929,-10.977412805872412,8.245380988528595,19.222793794401007,-11.929148953378274,8.333294101494289,20.262443054872563,-0.3764601780624546,18.665472348559923,19.617208496065786,27.054214017137543,0.9922114467632163
234,189,180073,backward,w,deg,2019,2019.0,0.0,0.6029246022139603,3.4125764004398382,-5.745791955366317,4.286620232885468,10.032412188251786,-6.894833307847762,4.69071556418092,11.585548872028681,-0.34822563711240606,8.66408673048551,9.813128082966955,27.51680095967665,0.9982271856924653
234,190,182088,backward,w,deg,2067,2067.0,0.0,0.12221365676089135,1.435937499565112,-2.4720637727277333,2.5658940032930735,5.037957776020807,-3.6810372057816494,2.9692387178830586,6.650275923664708,-0.09830976780445544,3.2384913607522026,4.447464793806091,21.248584968676177,0.999685993986764
234,191,177383,backward,w,deg,3466,3466.0,0.0,-2.60988652359552,5.28489226760618,-6.251820629139388,7.3634083157311,13.615228944870488,-7.379724865285311,7.928010503097909,15.30773536838322,0.3038130240954102,12.157603534404245,13.285507770550169,25.74270756703261,0.9957500286693014
234,192,174403,backward,w,deg,229,229.0,0.0,1.3302638052187774,6.7103126151670764,-10.546462531327455,8.049279852058692,18.595742383386145,-12.589190237544898,8.126899005122425,20.716089242667323,-0.2633746163498217,17.885237108483725,19.92796481470117,27.03971775570311,0.9931539517018748
234,193,178238,backward,w,deg,102,102.0,0.0,0.7685604367065366,2.2996958950540654,-5.149115647100817,2.326983983356635,7.476099630457451,-6.812218831049478,2.573189996374367,9.385408827423845,-1.3807486257821917,6.300322621269145,7.96342580521781,33.14919539881435,0.999194947368185
234,194,170665,backward,w,deg,53,53.0,0.0,0.10102186091219778,0.1414177766967877,-0.2716959567772335,0.11065370086371899,0.3823496576409525,-0.3634374564130951,0.11077246894905102,0.4742099253621461,-1.136734649870684,0.2895305897135188,0.3812720893493804,27.30682590662472,0.9999969539846028
234,195,186177,backward,w,deg,644,644.0,0.0,1.3147261199600564,3.2789130205017796,-7.313363183001033,3.052660933911493,10.366024116912525,-11.580210705850817,3.289904861497007,14.870115567347824,-1.4489194695645804,8.263441291021763,12.53028881387155,31.78882093376689,0.9983644798078746
234,196,181587,backward,w,deg,273,273.0,0.0,0.7043195422363908,1.5825293150932864,-3.366072658049461,1.4141731766660144,4.780245834715475,-4.477436786163082,1.4238095970923155,5.901246383255398,-1.1225008763079443,4.4739233936746965,5.585287521788331,23.245243815682905,0.9996186348697006
234,197,179171,backward,w,deg,684,684.0,0.0,0.6323066157675328,1.5810547507421484,-3.8666858155876653,1.1768974347558598,5.043583250343525,-6.069299775559813,1.2112751454318413,7.280574920991654,-1.971938978668439,4.8020056015379655,7.004619561510083,23.308359275269815,0.9996194175339486
234,198,209870,backward,w,deg,258,258.0,0.0,-1.6053370574274055,4.179582545261201,-4.500758502098854,7.887290034895712,12.388048536994567,-7.150313379696513,9.02802798567663,16.178341365373143,0.7139082882260915,7.800353899394242,8.941091850175184,26.29315794265181,0.9973419502233658
234,199,183992,backward,w,deg,55,55.0,0.0,0.4772841385310471,1.923562116969668,-4.046282147638348,1.9654237350586612,6.01170588269701,-5.102369007878735,1.9683127381144345,7.07068174599317,-1.0209417460774404,5.0810614825289,6.1371483427692795,25.09277646789349,0.9994366054127363
234,200,187670,backward,w,deg,1992,1992.0,0.0,0.2131460940219796,2.9948557173002692,-5.063056735504159,4.212982736632286,9.276039472136446,-6.0943564567769215,4.825617165131689,10.91997362190861,-0.21351479523920916,7.455394621371636,8.48669434264437,27.48553873093119,0.9986344993342817
234,201,183195,backward,w,deg,183,183.0,0.0,0.8303051664700263,2.570347281905483,-5.032565467167052,2.7734551207950515,7.806020587962103,-5.825912276501896,2.785087258024987,8.610999534526883,-0.7618938094882071,7.063190298247125,7.856537107581943,23.63583604658456,0.9989941324614204
234,202,187458,backward,w,deg,267,267.0,0.0,0.7950757754686322,3.6678277433167152,-6.775476123717951,4.243562666483893,11.019038790201844,-8.603724977318251,5.434847948536543,14.038572925854794,-0.5849063908263632,10.218724547029176,12.046973400629497,29.224438230257313,0.9979525610305242
234,203,188365,backward,w,deg,144,144.0,0.0,-0.16361307199352382,2.7757093369050705,-4.052844395113048,4.289870197669892,8.34271459278294,-4.522289281985678,4.566998477697723,9.089287759683401,0.07089259459292087,7.215095952440116,7.684540839312746,22.484932706193938,0.9988269238870033
234,204,191955,backward,w,deg,61,61.0,0.0,0.3823324774889443,2.2958683331128453,-3.933817226320315,2.822624345571626,6.756441571891941,-9.226004644772786,3.8457904110193795,13.071795055792165,-1.2301795672853688,5.106479852346382,10.398667270798853,31.268191172016508,0.9991977775705595
234,205,196937,backward,w,deg,542,542.0,0.0,-0.22027487251865807,0.8074562769981215,-1.0808426110347185,1.3473985444212473,2.4282411554559657,-1.2069462093702725,1.7324079587973245,2.939354168167597,0.33784124195132426,1.4422014849171148,1.8272108992931635,12.271434708576196,0.9999006998745109
234,206,184764,backward,w,deg,798,798.0,0.0,0.7283173209002456,2.435071274633848,-4.724634251795631,2.675548793403145,7.400183045198776,-5.572162406428163,2.7879041966468776,8.36006660307504,-0.6945765917121755,6.667467316069661,7.5149954707022175,23.265652260975592,0.9990971784288645
234,207,185292,backward,w,deg,271,271.0,0.0,0.7224857395848119,2.3775827366715108,-4.781912767801657,2.5971584049945307,7.379071172796188,-6.062425508451071,2.756498425664063,8.818923934115134,-0.8011594422323302,6.532159607150064,7.812672347799463,23.928819204802647,0.9991393268780855
234,208,192657,backward,w,deg,903,903.0,0.0,0.614760793194705,2.512490877176709,-4.684437646670153,3.1278324340238695,7.812270080694022,-5.698483686474759,3.6049939699543074,9.303477656429067,-0.5568532191577681,6.037449899473904,7.05149593927851,29.15418387451702,0.9990388635062692
234,209,207954,backward,w,deg,523,523.0,0.0,-0.9121953304621115,2.357014237224109,-2.3788611113971827,5.052988244426078,7.43184935582326,-2.670354296763662,5.907190935361797,8.577545232125459,1.0720625202955767,5.920383589572228,6.774586280507947,21.070584100584377,0.9991541909549495
234,210,185518,backward,w,deg,1011,1011.0,0.0,0.1033187084845224,0.9657550410222208,-1.6459296114783086,1.3405685385676236,2.986498150045932,-3.585679998607503,1.8093272657706336,5.395007264378137,-0.641160672565456,2.4422670246545124,4.382017411783693,22.45561026309073,0.9998579554134742
234,211,208699,backward,w,deg,814,814.0,0.0,-0.2292204539472209,1.5668732742395282,-2.0137950189086666,3.6223161722078703,5.636111191116537,-2.4382192246990257,5.033139717455242,7.471358942154268,1.1516760843004228,4.538238586741823,5.949062131989194,21.899346315174558,0.9996261672175664
234,212,195967,backward,w,deg,1518,1518.0,0.0,-0.040030202972374695,2.344924220741979,-3.716242083328055,3.6310397522110778,7.347281835539133,-4.751540110491192,4.310810240663926,9.062350351155118,-0.0016562485902596035,5.46345543927849,6.498753466441627,27.51295090977549,0.9991627279430851
234,213,221491,backward,w,deg,287,287.0,0.0,-0.3319343306176279,3.080553355063194,-4.0329897171350435,4.232232169104704,8.265221886239747,-5.695565984110203,10.970530141445238,16.66609612555544,0.9522071507536772,5.130343211697981,11.302464472062866,21.99758491652578,0.9985561706752886
234,214,198357,backward,w,deg,528,528.0,0.0,0.6969685668306482,1.869922762244189,-2.854587179432761,2.468554764325526,5.323141943758287,-3.557592151384995,2.8464754411543254,6.40406759253932,-0.24925533556985782,3.1674551742405774,3.8704601461927837,20.80590292119919,0.9994675081880001
234,215,207478,backward,w,deg,1091,1091.0,0.0,-0.3086852010865755,2.573901676670071,-3.5920715074628333,4.175737473682489,7.767808981145322,-4.293675751570163,4.621658020816966,8.915333772387129,0.2022382508282154,4.479322719013595,4.9252432661480725,25.92134312412475,0.998991254490506
234,216,201577,backward,w,deg,432,432.0,0.0,-0.05469868882212836,0.6996710314685923,-1.0216431766772742,1.2364261343171916,2.2580693109944656,-1.2099241911132879,1.5959485721193403,2.805872763232628,0.2541545220053677,1.309810263593269,1.669332701395433,13.044439795788506,0.9999254408146661
234,217,215999,backward,w,deg,177,177.0,0.0,1.6358126408596831,4.23765735723429,-9.25191680184265,4.462183336775632,13.714100138618281,-10.867880676189486,4.727381315561047,15.595261991750533,-1.0936832968811612,7.076798060719829,8.381966477714741,27.595730673072676,0.9972685721373472
234,218,200025,backward,w,deg,634,634.0,0.0,0.10698124249248053,1.9516139062315827,-3.268656749149038,2.9072283688943488,6.175885118043387,-3.819310248812002,3.3267780213483036,7.1460882701603055,-0.16140593130083988,4.843140130231142,5.393793629894105,27.242741386941134,0.9994199945198982
234,219,212975,backward,w,deg,194,194.0,0.0,0.3234157624060856,2.1507812421947614,-3.921505466231318,3.1571243816557097,7.0786298478870275,-4.829130784775401,3.4817319263467823,8.310862711122184,-0.3887185283514505,5.370882494753445,5.695490039444508,28.55113105013876,0.9992956294514341
234,220,199435,backward,w,deg,1347,1347.0,0.0,-0.15603098114002023,1.4284053160658052,-2.1017784574076783,2.2712432017075117,4.3730216591151905,-2.748610566460087,2.7182590033856684,5.4668695698457554,0.11357566390598843,2.4266912269908008,2.8250744188102317,18.752277528170943,0.9996892669767933
234,221,210407,backward,w,deg,105,105.0,0.0,-0.12639036725386177,1.4736718100004575,-2.251262861804645,2.5474743289063837,4.798737190711028,-2.6889537898605624,3.3489259462907057,6.037879736151268,0.2130305299550734,3.2154228891534102,4.016874506537704,26.916436246615326,0.9996692696006346
234,222,211697,backward,w,deg,262,262.0,0.0,0.04774792437558517,0.4373172036758542,-0.8015561612544048,0.6225564289249205,1.4241125901793252,-1.2288213648169517,1.0223141667543985,2.25113553157135,-0.4274888262370645,0.8447284285980229,1.1940486857781707,14.331726051772117,0.9999708719038852
234,223,213762,backward,w,deg,96,96.0,0.0,0.19610777912973276,1.2891696771206271,-2.648094470492744,1.7809108592845604,4.429005329777304,-2.903109723305249,2.1340860310596383,5.0371957543648875,-0.5621092428962672,2.3250186155080357,2.561147950976647,26.54280575533682,0.9997468968220032
234,224,216403,backward,w,deg,906,906.0,0.0,0.11258631645580408,0.6943509760836236,-1.3232904425238559,0.9428316573843389,2.266122099908195,-1.9397294076877358,1.3806228094593678,3.3203522171471036,-0.5543521737032918,1.3006936622125451,1.8411087497299263,16.98185220957451,0.999926570812557
234,225,217741,backward,w,deg,444,444.0,0.0,-0.020585675891865662,0.8102188800767732,-1.2239658178899702,1.3482032601044576,2.5721690779944275,-1.4816349660325159,1.6139158073517308,3.0955507733842467,0.117101101760567,1.4189104223002953,1.6845523772662148,15.121058722983792,0.9999000194831413
234,226,213015,backward,w,deg,149,149.0,0.0,-0.05392198941501647,0.673124515593808,-0.9763011616296353,1.1362506663476664,2.1125518279773017,-1.0863366898351217,1.5086347853207656,2.594971475155887,0.2473855737724216,1.2340403201400703,1.606424439113141,15.73879880889563,0.9999309910467181
234,227,217754,backward,w,deg,418,418.0,0.0,-0.21265665147973323,0.9189817803686485,-1.1266595380281388,1.7794837073576204,2.906143245385759,-1.3460945074531026,2.1043663887112416,3.450460896164344,0.8080098547362436,1.803775651319249,2.1286583326728703,16.13460124379561,0.999871378070134
234,228,215359,backward,w,deg,911,911.0,0.0,-0.034055149779334215,0.7735244675817218,-1.147672442161337,1.3443829208924711,2.492055363053808,-1.5468705717920557,1.891450795485838,3.4383213672778936,0.22473744761704698,1.3931805078497206,1.7403843198081859,19.11093060714832,0.9999088706340679
234,229,218639,backward,w,deg,215,215.0,0.0,-0.006550158945088924,0.8102281419919236,-1.1611584807727326,1.2323503929962498,2.3935088737689822,-1.6749674299181265,1.347797656165767,3.0227650860838935,0.05299392503853086,1.3597107056316955,1.5556700938951735,22.08141288276795,0.9999000167403428
234,230,222316,backward,w,deg,89,89.0,0.0,0.05595035016492034,1.0498287720298223,-1.7194746535596266,1.5821481985617196,3.301622852121346,-1.9830250693610765,1.7604717566317447,3.743496825992821,-0.16825870087798767,1.7754250037245467,2.038975419525997,16.22274544733311,0.9998321434528603
234,231,220314,backward,w,deg,258,258.0,0.0,0.049666646408098813,0.6662855416298394,-1.001631953958895,0.9553317070359991,1.956963660994894,-1.1786222985787447,1.1972109598626162,2.375833258441361,-0.09327079496363716,1.0553744789108914,1.229447794695261,17.648866784098455,0.9999323858746937
234,232,221556,backward,w,deg,378,378.0,0.0,-0.14465322941009617,1.4558515868234967,-2.0444884282359395,2.4774087134631597,4.5218971416991,-2.2874200375409544,3.028765605011131,5.316185642552085,0.2660562082341886,2.602271865011353,3.1536287565593284,18.912382467903438,0.9996772140630881
234,233,222949,backward,w,deg,55,55.0,0.0,0.008237262467389428,1.1805749673651518,-1.764692935959158,1.7432076454543417,3.5079005814135,-1.935695259318237,1.9468838824996624,3.8825791418178994,-0.01599192727273654,1.863675949354598,1.9974034622225645,19.939229688871436,0.9997877314257234
234,0,85169,forward,eps,km^2/s^2,232,232.0,0.0,-0.9233918724666182,0.02422435923484848,-0.9607359140043013,-0.8882690180343572,0.07246689596994405,-0.979689980049135,-0.8822001413796086,0.09748983866952643,-0.15491052218750145,0.04186801469496135,0.060822080739795115,nan,nan
234,1,83961,forward,eps,km^2/s^2,230,230.0,0.0,-0.13619798294153818,0.04196632229208263,-0.18404731483266887,-0.04801752116455575,0.13602979366811313,-0.2002254690351134,-0.043981079635574294,0.1562443893995391,0.7352005288255717,0.08537703656128388,0.08941347809026534,nan,nan
234,2,24775,forward,eps,km^2/s^2,53,53.0,0.0,-0.8508686814506881,0.01688032088090502,-0.8943003808226988,-0.8373326829439307,0.0569676978787681,-0.9010426753542777,-0.8194461220733051,0.0815965532809726,-1.3477685074880292,0.049522649056259284,0.05626494358783818,nan,nan
234,3,30334,forward,eps,km^2/s^2,107,107.0,0.0,-0.09573948864163828,0.02922722186469903,-0.17113231720160785,-0.07340194772472769,0.09773036947688016,-0.21182224871855038,-0.06859500255108952,0.14322724616746085,-1.7536503762939097,0.07985964225917154,0.12054957377611408,nan,nan
234,4,65627,forward,eps,km^2/s^2,243,243.0,0.0,-0.25027271590323363,0.00808062936949508,-0.25617814059396804,-0.22905326711755117,0.027124873476416872,-0.2574162916054966,-0.21592239713938544,0.04149389446611118,1.3052169960332711,0.016732532102204805,0.029863402080370527,nan,nan
234,5,32672,forward,eps,km^2/s^2,154,154.0,0.0,-0.24759386454531895,0.010565026487622673,-0.2577931135135838,-0.22312719881625137,0.034665914697332434,-0.2579895405119418,-0.2209532227606541,0.037036317751287684,0.8000154626076468,0.02419644978936737,0.02637042584496463,nan,nan
234,6,62747,forward,eps,km^2/s^2,194,194.0,0.0,-0.18809509971880656,0.04334523562847918,-0.2320654746071036,-0.09948465181572844,0.13258082279137517,-0.23534842863952155,-0.0845529178665998,0.15079551077292175,0.5068838248835158,0.08346265153664176,0.0983943854857704,nan,nan
234,7,23789,forward,eps,km^2/s^2,730,730.0,0.0,-0.2393350282335504,0.013106703888544081,-0.25547163909007375,-0.21231908131649893,0.04315255777357482,-0.25918437217042745,-0.18577445854907626,0.07340991362135119,1.1857425045401946,0.027090686508135467,0.05363530927555815,nan,nan
234,8,41757,forward,eps,km^2/s^2,56,56.0,0.0,-0.9298988368751733,0.019844327210367167,-0.9695021899622371,-0.8998383732504018,0.0696638167118353,-0.9779051831301051,-0.8928059759286299,0.08509920720147524,-0.33015714359362747,0.046165587763072086,0.05456858093094008,nan,nan
234,9,29488,forward,eps,km^2/s^2,139,139.0,0.0,-0.9518517055858867,0.011483113781902698,-0.9668986105706838,-0.9313826735932819,0.03551593697740196,-0.977394717498867,-0.9140392112335199,0.06335550626534703,0.3404020762360357,0.023873985946718166,0.03243628393498177,nan,nan
234,10,40144,forward,eps,km^2/s^2,62,62.0,0.0,-0.8746507615959449,0.024679084409826385,-0.9351990095040159,-0.8475698008247,0.0876292086793159,-0.9523281159741239,-0.8450556653834792,0.10727245059064472,-1.0960160681784898,0.05750341007201716,0.07463251654212522,nan,nan
234,11,22902,forward,eps,km^2/s^2,236,236.0,0.0,-0.1739714723225072,0.036901699886806166,-0.21535976841369955,-0.11722850078382285,0.0981312676298767,-0.2396948266468577,-0.08427765103091878,0.15541717561593893,0.2380835632944306,0.06475843718180319,0.09770928693470726,nan,nan
234,12,16592,forward,eps,km^2/s^2,145,145.0,0.0,-0.8803067176263473,0.024684290889170592,-0.9226980069581264,-0.8474742055273954,0.07522380143073104,-0.9607537122324092,-0.8446410290621753,0.11611268317023393,-0.623527949416228,0.04403898074985362,0.0820946860241365,nan,nan
234,13,35004,forward,eps,km^2/s^2,102,102.0,0.0,-0.9504628044514887,0.012311545948747869,-0.9686403404321569,-0.9299229372911476,0.03871740314100924,-0.9774214633996238,-0.9069427345568966,0.07047872884272721,0.22469855302373248,0.025039853989504254,0.037311092971913595,nan,nan
234,14,33596,forward,eps,km^2/s^2,557,557.0,0.0,-0.17653867924545696,0.038924623219521386,-0.21418651693209373,-0.11618091581953456,0.09800560111255917,-0.24307153364418455,-0.045111205201251114,0.19796032844293343,0.6458386945234037,0.06102991144350418,0.13207709416730107,nan,nan
234,15,19609,forward,eps,km^2/s^2,87,87.0,0.0,-0.9384548188001948,0.016422825677230288,-0.9598910264836558,-0.9069004750080861,0.052990551475569636,-0.9642236290463657,-0.9026093021787569,0.061614326867608815,0.2853537378482924,0.03274974696674109,0.037082349529451,nan,nan
234,16,20264,forward,eps,km^2/s^2,58,58.0,0.0,-0.9748511170744792,0.004979215530642316,-0.9805041085192484,-0.9662550313937283,0.014249077125520149,-0.980671682301569,-0.9634386403747246,0.017233041926844384,0.3383452920541538,0.010793191160319215,0.013609582179322843,nan,nan
234,17,11041,forward,eps,km^2/s^2,433,433.0,0.0,-0.8166480024129862,0.009786879565451635,-0.8263957110908413,-0.812440512138919,0.01395519895192232,-0.9196454531341249,-0.8122099492838558,0.10743550385026912,-6.590784724069418,0.009098076483248296,0.10234781852653196,nan,nan
234,18,40776,forward,eps,km^2/s^2,317,317.0,0.0,-0.18201892059646985,0.03418160009147294,-0.2132783482728764,-0.11673892063273875,0.09653942764013765,-0.2428842688754288,-0.060086332099685946,0.18279793677574285,0.46540512080643764,0.063087759036632,0.11958443313502409,nan,nan
234,19,7288,forward,eps,km^2/s^2,1665,1665.0,0.0,-0.8727727989144851,0.00846924416755211,-0.8866852825125292,-0.8593261706941577,0.027359111818371473,-0.8956411310163378,-0.854697651065499,0.0409434799508388,-0.06787679145761523,0.01722724828682858,0.026183096790637128,nan,nan
234,20,6462,forward,eps,km^2/s^2,649,649.0,0.0,-0.8902082198664276,0.015110922649695949,-0.9397429508403281,-0.8844755010610333,0.055267449779294764,-0.9678900820581271,-0.8830410809151017,0.0848490011430254,-2.5142107811555356,0.05030452386465595,0.07845165508245489,nan,nan
234,21,51090,forward,eps,km^2/s^2,73,73.0,0.0,-0.9091428424906971,0.019902303546495057,-0.938623537732289,-0.8751281659708033,0.06349537176148567,-0.9470840379968666,-0.8648154288237613,0.0822686091731053,0.15324675321626424,0.03717717858036822,0.04476845306898669,nan,nan
234,22,8503,forward,eps,km^2/s^2,3741,3741.0,0.0,-0.9250885396688009,0.022732024329607897,-0.9662678397219524,-0.897402733750383,0.06886510597156936,-0.9718052605953298,-0.8914251487079715,0.08038011188735827,-0.21965070246910737,0.04375880539690791,0.04929622627028529,nan,nan
234,23,54158,forward,eps,km^2/s^2,64,64.0,0.0,-0.965888083760704,0.01217852984059752,-0.9775756787692281,-0.9399082300367467,0.0376674487324814,-0.9778685510574656,-0.93258036138701,0.04528818967045567,0.7459774584897522,0.023212356759342676,0.030540225409079413,nan,nan
234,24,73762,forward,eps,km^2/s^2,62,62.0,0.0,-0.8552733981839051,0.01970319318410102,-0.9037175707879503,-0.8436277312729297,0.06008983951502067,-0.9560318439377138,-0.8420585395984426,0.11397330433927122,-2.608375361775478,0.0555371850693988,0.10785145821916231,nan,nan
234,25,23245,forward,eps,km^2/s^2,3717,3717.0,0.0,-0.9934685652589832,0.0104934828800757,-1.0057647774376859,-0.972587917160149,0.03317686027753686,-1.0085644016778017,-0.9677912488896288,0.04077315278817295,0.3940860573001135,0.02888776243313893,0.03368443070365923,nan,nan
234,26,15530,forward,eps,km^2/s^2,594,594.0,0.0,-0.88671913339044,0.008900687192120307,-0.9033123211248546,-0.874546602342318,0.028765718782536642,-0.9124766657737159,-0.8723924534960201,0.04008421227769576,-0.40512926369763536,0.015723833267236195,0.02488817791609743,nan,nan
234,27,19633,forward,eps,km^2/s^2,224,224.0,0.0,-0.8269738351904101,0.0013444446643055745,-0.8283528361364525,-0.8239086038366674,0.004444232299785078,-0.8287324047091904,-0.8219919825881637,0.006740422121026657,1.0384230014709481,0.003398484488700465,0.005315105737204173,nan,nan
234,28,20669,forward,eps,km^2/s^2,2122,2122.0,0.0,-0.9365968119792346,0.02226326505071876,-0.9666211357018922,-0.8981056927687413,0.06851544293315093,-0.9802756499467664,-0.8910648751043301,0.08921077484243634,0.1758877632059646,0.036888723773516756,0.04928815160559041,nan,nan
234,29,15491,forward,eps,km^2/s^2,1117,1117.0,0.0,-0.945593219302745,0.012027889998147924,-0.9670001734447372,-0.9287358552156684,0.03826431822906884,-0.9702280501268701,-0.9230776071610528,0.047150442965817274,-0.17187352542142792,0.020939941093674787,0.023807632201168105,nan,nan
234,30,26123,forward,eps,km^2/s^2,374,374.0,0.0,-0.8921689986442787,0.029658086049233208,-0.9348022543165062,-0.8431143071611228,0.09168794715538342,-0.9434590916225462,-0.8372065781429702,0.10625251347957598,0.10388237125586361,0.06041950498379783,0.0663272340019504,nan,nan
234,31,72592,forward,eps,km^2/s^2,55,55.0,0.0,-0.1918114653573325,0.02879748740375469,-0.2260385520432206,-0.14407736010426989,0.08196119193895071,-0.25617009708914673,-0.08486866037502272,0.171301436714124,1.6240831392185515,0.061972932558830254,0.11959341632381904,nan,nan
234,32,27918,forward,eps,km^2/s^2,89,89.0,0.0,-0.8223415126896351,0.006252332652646999,-0.8326156767338948,-0.812963311790426,0.01965236494346878,-0.8351471671132114,-0.8118778806895706,0.02326928642364079,0.018233642751989562,0.01515781924615207,0.016243250347007576,nan,nan
234,33,27233,forward,eps,km^2/s^2,134,134.0,0.0,-0.8833955756094801,0.013552099118031225,-0.9044151906309421,-0.8611710249046736,0.043244165726268546,-0.9108003150246984,-0.8544815994024848,0.05631871562221358,0.08484859619045369,0.02518930105845681,0.030693024680602532,nan,nan
234,34,18133,forward,eps,km^2/s^2,158,158.0,0.0,-0.8213535492314232,0.005279146681688313,-0.8284888042725563,-0.8123986377185548,0.016090166554001528,-0.8296320986874177,-0.8119186839293515,0.017713414758066204,0.1264977172864015,0.008860641231738664,0.009340595020941977,nan,nan
234,35,20500,forward,eps,km^2/s^2,54,54.0,0.0,-0.8546175884820157,0.08526950986834281,-0.8858763682198314,-0.8382623455306483,0.04761402268918313,-0.9209647821518743,-0.24064714418391808,0.6803176379679562,6.9122628420913355,0.03433244357795039,0.6124236383814524,nan,nan
234,36,23823,forward,eps,km^2/s^2,203,203.0,0.0,-0.8289551218393361,0.023874580936191686,-0.8306966351774538,-0.8264194385250403,0.004277196652413551,-0.9730567568783053,-0.824648567522529,0.14840818935577627,-5.148752256035019,0.0031575015676569584,0.14448920809948818,nan,nan
234,37,31986,forward,eps,km^2/s^2,60,60.0,0.0,-0.2279412828146576,0.003799530082155178,-0.2315422977218059,-0.2200827331956473,0.011459564526158594,-0.2328204887765395,-0.2134753590053835,0.01934512977115599,1.0449347235715571,0.007329161053465099,0.011038147573347423,nan,nan
234,38,31558,forward,eps,km^2/s^2,150,150.0,0.0,-0.866627286196631,0.012672151683376024,-0.890261722486743,-0.8508040291904894,0.03945769329625359,-0.8938500900701633,-0.848519659109418,0.045330430960745294,-0.3238679173437983,0.029369085476314373,0.03295745305973463,nan,nan
234,39,42087,forward,eps,km^2/s^2,7240,7240.0,0.0,-0.1790615992944814,0.02180645287252132,-0.20949143209250484,-0.14324999172866212,0.06624144036384272,-0.22508879621257272,-0.10209216652271147,0.12299662968986125,0.26148827314088646,0.03875698963366223,0.07941591125444669,nan,nan
234,40,64725,forward,eps,km^2/s^2,2768,2768.0,0.0,-0.8852091772701247,0.021005877143697893,-0.926206802745778,-0.8580438076942868,0.06816299505149126,-0.966158544766741,-0.8525909279240426,0.11356761684269845,-0.8657564968882108,0.037894585985972694,0.07386918472998294,nan,nan
234,41,28142,forward,eps,km^2/s^2,51,51.0,0.0,-0.8217631749058742,0.018381410097197785,-0.86211176090108,-0.808883085432307,0.05322867546877297,-0.8790241353821124,-0.8083122659415304,0.07071186944058205,-0.9442042175512478,0.04784518596813453,0.06475756044916692,nan,nan
234,42,31322,forward,eps,km^2/s^2,199,199.0,0.0,-0.9170007047868518,0.012192962773822858,-0.9382567053169744,-0.9002772649519553,0.0379794403650191,-0.9529777302413501,-0.8954288939831165,0.05754883625823359,-0.4120935347883187,0.024879749136856755,0.039600774061232524,nan,nan
234,43,22231,forward,eps,km^2/s^2,190,190.0,0.0,-0.8759201293520709,0.00974882254101861,-0.8910254802968013,-0.8606885525002937,0.03033692779650754,-0.8931413298713268,-0.8572327599373897,0.035908569933937096,0.0051095605769091055,0.017381901466038772,0.020837694028942866,nan,nan
234,44,29031,forward,eps,km^2/s^2,129,129.0,0.0,-0.9742741370206636,0.005031522467651288,-0.9792804034192613,-0.9638873756437918,0.01539302777546947,-0.9794883117171838,-0.9602167945747793,0.019271517142404493,0.7651361115737354,0.013394739486034356,0.017065320555046837,nan,nan
234,45,46651,forward,eps,km^2/s^2,3125,3125.0,0.0,-0.24209820446882313,0.004209474430326067,-0.24897657722761618,-0.23526681078202882,0.013709766445587357,-0.2507429723332959,-0.23297241193506157,0.017770560398234325,0.015596457683534863,0.00778411524486875,0.009192691167374534,nan,nan
234,46,43447,forward,eps,km^2/s^2,765,765.0,0.0,-0.22922485788814118,0.0033304148189953055,-0.23419672539702757,-0.2233545938723444,0.010842131524683163,-0.23770253355579996,-0.22118569730694537,0.016516836248854583,0.1384923040132428,0.006066736939452233,0.008903211455104088,nan,nan
234,47,40685,forward,eps,km^2/s^2,599,599.0,0.0,-0.21785179593818582,0.004246453240796198,-0.22478401753084812,-0.21105021093684564,0.013733806594002473,-0.22899010472875403,-0.209733848430957,0.019256256297797036,-0.05694015235132055,0.007931705116864607,0.012137792314770524,nan,nan
234,48,29871,forward,eps,km^2/s^2,91,91.0,0.0,-0.8676408480574357,0.01982008773654126,-0.8823062292947388,-0.8246932676076915,0.057612961687047326,-0.8834093449771363,-0.8173151339064554,0.06609421107068092,0.6588116095924286,0.04045360498962847,0.047831738690864545,nan,nan
234,49,28066,forward,eps,km^2/s^2,53,53.0,0.0,-0.8185548036266193,0.01806595774904058,-0.8457524307717705,-0.8086434806206036,0.037108950151166886,-0.9113018884893549,-0.8073260955590305,0.10397579293032444,-2.859019659159666,0.03062818740688762,0.09617764512447202,nan,nan
234,50,30539,forward,eps,km^2/s^2,226,226.0,0.0,-0.06367655352789425,0.04052088356138902,-0.17676065013256176,-0.04595097757960942,0.13080967255295234,-0.23023384008443049,-0.04551379848167092,0.18472004160275957,-2.0318868524951688,0.109991270746223,0.16346446069809173,nan,nan
234,51,22053,forward,eps,km^2/s^2,163,163.0,0.0,-0.817119467688266,0.014969913047390917,-0.8333822838425634,-0.8120547711510374,0.021327512691525996,-0.9269750939990756,-0.8080350413936265,0.11894005260544915,-5.024508452996351,0.01570783637898441,0.10930064653549665,nan,nan
234,52,28876,forward,eps,km^2/s^2,1820,1820.0,0.0,-0.9868506752562507,0.007498160887777019,-0.9953180036945746,-0.9718867852458133,0.023431218448761282,-0.9973256831678137,-0.9646248948232158,0.032700788344597886,0.47481220996489754,0.02184828530990038,0.029110175732497856,nan,nan
234,53,31921,forward,eps,km^2/s^2,185,185.0,0.0,-0.05365088123024342,0.018132470667610825,-0.10269579281280664,-0.044931429713778885,0.05776436309902775,-0.13658735821298595,-0.044584527638278915,0.09200283057470704,-2.1325554539946503,0.03521806495720415,0.06910963035738349,nan,nan
234,54,72626,forward,eps,km^2/s^2,1104,1104.0,0.0,-0.8576622927681434,0.00942416853938933,-0.8789922831031755,-0.8489243955968472,0.030067887506328272,-0.889316488900239,-0.846705652917265,0.042610835982973994,-0.8738741474879193,0.018910612869300052,0.02923481866636357,nan,nan
234,55,31181,forward,eps,km^2/s^2,387,387.0,0.0,-0.9324150673118489,0.02239930630829842,-0.9662457926599187,-0.896530479451115,0.06971531320880375,-0.9744481103999344,-0.8926858941535795,0.08176221624635494,0.05666346037044415,0.04654067799194994,0.054742995731965616,nan,nan
234,56,29750,forward,eps,km^2/s^2,172,172.0,0.0,-0.9107278270445598,0.02310833063034388,-0.9328621560735523,-0.8627226727521586,0.07013948332139364,-0.9366731795107708,-0.8572598572089308,0.07941332230183995,0.5272298100016718,0.04927177411257826,0.05473458965580602,nan,nan
234,57,27602,forward,eps,km^2/s^2,50,50.0,0.0,-0.8711736243713815,0.023234129772539736,-0.8843557787726011,-0.8253029515849272,0.059052827187673906,-0.9500665357404836,-0.8206734364427035,0.1293930992977801,-0.34255761596375245,0.05984746474424756,0.06620857257340429,nan,nan
234,58,54409,forward,eps,km^2/s^2,2019,2019.0,0.0,-0.9325878916834378,0.018230995760463418,-0.9591979707320769,-0.9008647691379288,0.05833320159414812,-0.9622595485555905,-0.892080719373112,0.07017882918247853,0.1660116845066552,0.03212518593368384,0.035726329028979986,nan,nan
234,59,33278,forward,eps,km^2/s^2,72,72.0,0.0,-0.05517167276510704,0.026974453338529943,-0.13766026947680352,-0.04546382022017935,0.09219644925662417,-0.15707036579194067,-0.04529663132408823,0.11177373446785244,-2.0563066963386047,0.08753483092923395,0.1069449272443711,nan,nan
234,60,34339,forward,eps,km^2/s^2,307,307.0,0.0,-0.8984879614218599,0.028413313547594125,-0.9334174613308474,-0.8456021082597267,0.08781535307112065,-0.9406750575605036,-0.8371056130050512,0.10356944455545247,0.2765349693626413,0.05858536284216637,0.06708185809684197,nan,nan
234,61,36155,forward,eps,km^2/s^2,156,156.0,0.0,-0.9751779703414252,0.008065934429460868,-0.978664156574417,-0.9641765477044406,0.014487608869976354,-1.0203849539144754,-0.9604946894615205,0.05989026445295487,-3.043536592070758,0.015157517938988785,0.0426512557455242,nan,nan
234,62,37409,forward,eps,km^2/s^2,329,329.0,0.0,-0.11352522181426838,0.02581368697500304,-0.15242821054343816,-0.07217390396891323,0.08025430657452494,-0.15721711953366624,-0.06753245555277676,0.08968466398088948,0.04006181766458261,0.0428951970281305,0.047684106018358596,nan,nan
234,63,37864,forward,eps,km^2/s^2,203,203.0,0.0,-0.12160085885484617,0.020014959574093112,-0.14970208215603834,-0.08759971905499164,0.06210236310104669,-0.1546260321336409,-0.07751886226213622,0.07710716987150468,0.16722457502810595,0.033212889181373995,0.04164777983649992,nan,nan
234,64,41990,forward,eps,km^2/s^2,90,90.0,0.0,-0.18863995511975418,0.03400159588397457,-0.21547075511958025,-0.11900995984661526,0.09646079527296499,-0.21596497904742196,-0.11729030559003706,0.0986746734573849,0.5308831930799792,0.062499127898262466,0.06421878215484067,nan,nan
234,65,38246,forward,eps,km^2/s^2,250,250.0,0.0,-0.8928339414397646,0.025313199619279268,-0.9389004482464469,-0.8544766522067334,0.0844237960397135,-0.9548175774941673,-0.8097326895153509,0.14508488797881636,0.002909049514720798,0.052478226282471195,0.07795123732734344,nan,nan
234,66,43376,forward,eps,km^2/s^2,227,227.0,0.0,-0.25275957605248756,0.0040081472526866556,-0.25670628167873977,-0.2441482881250662,0.012557993553673569,-0.25715327868748183,-0.2348440175451616,0.022309261142320236,1.4447338395379163,0.007099609007414665,0.01640387958731926,nan,nan
234,67,40092,forward,eps,km^2/s^2,173,173.0,0.0,-0.9442327309668034,0.018122147409364197,-0.975032771883212,-0.9182670477172108,0.05676572416600123,-0.9774905606309643,-0.9003179365171242,0.07717262411384007,-0.10221203020415616,0.04000126637565846,0.04245905512341075,nan,nan
234,68,45402,forward,eps,km^2/s^2,372,372.0,0.0,-0.9804852331662534,0.0072766323516014345,-0.9886865143598144,-0.9665620155387737,0.022124498821040617,-0.9895364381834701,-0.9621636336164077,0.02737280456706248,0.5599383292446874,0.011582912295913045,0.01576876504729141,nan,nan
234,69,107717,forward,eps,km^2/s^2,185,185.0,0.0,-0.9774470739262235,0.005849313631037219,-0.9826282963858373,-0.9651840413914099,0.017444254994427366,-0.9829416255408093,-0.9625188659211551,0.02042275961965423,0.6460227689324881,0.014716169154488805,0.01738134462474361,nan,nan
234,70,39842,forward,eps,km^2/s^2,124,124.0,0.0,-0.24348399002951454,0.012488410131711163,-0.25796470858607223,-0.2214340430585848,0.03653066552748743,-0.25813060857751946,-0.21544199832089816,0.042688610256621295,0.3222190899287474,0.02199652821102606,0.02798857294871271,nan,nan
234,71,49473,forward,eps,km^2/s^2,3919,3919.0,0.0,-0.15268734505180326,0.018241760208915984,-0.18172548509304,-0.12679728705066398,0.05492819804237603,-0.20867428105471109,-0.11815122666057387,0.09052305439413721,-0.12419007909529928,0.031186480037270748,0.056230858367280034,nan,nan
234,72,65069,forward,eps,km^2/s^2,1436,1436.0,0.0,-0.9788954419388807,0.007344004559525268,-0.986723771044991,-0.9640052156985078,0.02271855534648315,-0.988444367298666,-0.9621481555695366,0.026296211729129437,0.44083191488903994,0.015731838605886755,0.017588898734858027,nan,nan
234,73,61738,forward,eps,km^2/s^2,2258,2258.0,0.0,-0.22641450078773273,0.00903294465249804,-0.23842319049269745,-0.21045661682015157,0.027966573672545875,-0.24006976968528193,-0.2057101330548644,0.03435963663041752,0.23174138974735262,0.018559352860605866,0.02330583662589303,nan,nan
234,74,107740,forward,eps,km^2/s^2,92,92.0,0.0,-0.9337864684772635,0.012725762019465847,-0.9658583209165351,-0.9248176750538285,0.041040645862706615,-0.969983735817014,-0.9218561655251895,0.04812757029182457,-1.2294240382933068,0.03343720892596967,0.03756262382644859,nan,nan
234,75,47001,forward,eps,km^2/s^2,70,70.0,0.0,-0.9066572275581681,0.024951793811295538,-0.9488867956975622,-0.8635659914645079,0.08532080423305433,-0.9557082225645168,-0.8571485538382729,0.09855966872624389,0.05143688912132597,0.049606168442293694,0.056427595309248346,nan,nan
234,76,51135,forward,eps,km^2/s^2,146,146.0,0.0,-0.2555074001084358,0.0023589063769123317,-0.2567939007862765,-0.24942682376306755,0.007367077023208962,-0.2569134696103087,-0.24403683636849194,0.01287663324181676,3.114602096454299,0.005670845980709244,0.011060833375284851,nan,nan
234,77,76905,forward,eps,km^2/s^2,98,98.0,0.0,-0.9690270001342391,0.012871338866332627,-0.9776514891425165,-0.9472810102054569,0.030370478937059686,-1.0201739466041788,-0.939766197466685,0.08040774913749382,-0.8535812969547819,0.020985473962857302,0.05313394160553708,nan,nan
234,78,58115,forward,eps,km^2/s^2,1951,1951.0,0.0,-0.21211048626882534,0.016757433169068085,-0.231937097113529,-0.18192445706708904,0.05001264004643996,-0.23338362519097233,-0.17423524005573898,0.05914838513523335,0.3514146382113039,0.03183172742634344,0.039520944437693495,nan,nan
234,79,53280,forward,eps,km^2/s^2,83,83.0,0.0,-0.2025002577972922,0.03487782606941323,-0.2161193515045134,-0.12989072409187732,0.08622862741263607,-0.21618697000563947,-0.1213125256171097,0.09487444438852977,0.17355599280231496,0.05759546729767723,0.057663085798803304,nan,nan
234,80,58189,forward,eps,km^2/s^2,196,196.0,0.0,-0.891572890328725,0.027850385377685558,-0.9264050007548242,-0.8415705845882859,0.0848344161665383,-0.9390185147248035,-0.8351913057027869,0.10382720902201659,0.2511165251955903,0.046951820313541115,0.052141281231689596,nan,nan
234,81,54901,forward,eps,km^2/s^2,84,84.0,0.0,-0.1872770182986253,0.035329110927346585,-0.21330212475487986,-0.11723228482086465,0.09606983993401522,-0.2263762847710391,-0.11587213057337631,0.1105041541976628,0.4011897053096249,0.06215103020025062,0.06351118444773896,nan,nan
234,82,52575,forward,eps,km^2/s^2,120,120.0,0.0,-0.823312080416412,0.06584928481923992,-0.8297434170762295,-0.81929872310856,0.01044469396766945,-0.9067957896907118,-0.10646503045023847,0.8003307592404734,10.654718742920824,0.006557060961588284,0.7190936133938731,nan,nan
234,83,61551,forward,eps,km^2/s^2,74,74.0,0.0,-0.8640191965559636,0.019849016353430848,-0.8777130806964698,-0.8162876133958024,0.06142546730066745,-0.9120395118195719,-0.8118189566979244,0.10022055512164751,0.7161100034760328,0.04831368175303139,0.0510647626840951,nan,nan
234,84,68805,forward,eps,km^2/s^2,401,401.0,0.0,-0.8303824350243988,0.008987110242894501,-0.8354359647571465,-0.8225605654835834,0.012875399273563182,-0.9299306525236736,-0.820249272417482,0.10968138010619155,-8.275934951877936,0.008078858861279792,0.09955311691268187,nan,nan
234,85,57546,forward,eps,km^2/s^2,58,58.0,0.0,-0.1805907963631067,0.024424661648571024,-0.2207152725614129,-0.14962855090749103,0.07108672165392188,-0.22908191125513677,-0.1462787093495055,0.08280320190563129,-0.19107831638682266,0.03911518178787716,0.0417535591507896,nan,nan
234,86,70955,forward,eps,km^2/s^2,1361,1361.0,0.0,-0.22986579251749506,0.010290722751278202,-0.23629842568474313,-0.20421229124558749,0.032086134439155645,-0.2375138737743414,-0.1946136332752787,0.042900240499062714,1.0536119019679664,0.02542304629419212,0.03502170426450091,nan,nan
234,87,61172,forward,eps,km^2/s^2,155,155.0,0.0,-0.9094665553226944,0.02189200341797207,-0.9426466124583223,-0.8745428027297416,0.06810380972858066,-0.9521296513962793,-0.8635497067795531,0.08857994461672614,0.08020602594061409,0.03822249215347525,0.046386740093013246,nan,nan
234,88,65016,forward,eps,km^2/s^2,2308,2308.0,0.0,-0.20789435502794923,0.014210315861445335,-0.22876254549917308,-0.18709589819038475,0.04166664730878833,-0.23047344785175838,-0.1811947247415182,0.049278723110240175,0.05891129176380987,0.0237696911069858,0.029670864555852328,nan,nan
234,89,67628,forward,eps,km^2/s^2,834,834.0,0.0,-0.15379438942344847,0.02013302133504256,-0.1821522732996642,-0.12344794597427669,0.05870432732538752,-0.18804944351570319,-0.12034441040619903,0.06770503310950415,-0.019210498152118814,0.03291401288074924,0.038811183096788215,nan,nan
234,90,60926,forward,eps,km^2/s^2,5598,5598.0,0.0,-0.15982009491733634,0.033566742126817366,-0.20124707030924113,-0.10702147087570721,0.09422559943353392,-0.20395153307639113,-0.09858153335282749,0.10536999972356365,0.10143208603591222,0.0521219403130068,0.06056187783588651,nan,nan
234,91,76764,forward,eps,km^2/s^2,72,72.0,0.0,-0.8320315001001706,0.0020345215596961515,-0.83387693660927,-0.8276027321511703,0.006274204458099675,-0.8340140205442146,-0.8264254095126582,0.0075886110315563915,0.7193473265701237,0.0039053346157764818,0.005082657254288581,nan,nan
234,92,67639,forward,eps,km^2/s^2,110,110.0,0.0,-0.1763510851349585,0.03419099843152306,-0.2130479076038175,-0.11566104706940253,0.09738686053441498,-0.21335427791398442,-0.11499580378777352,0.0983584741262109,0.21078744676504374,0.06505208620516453,0.06571732948679354,nan,nan
234,93,136323,forward,eps,km^2/s^2,17136,17136.0,0.0,-0.15746993101463275,0.023503987317622762,-0.19324890637773284,-0.11805496137092353,0.07519394500680932,-0.19986237786773697,-0.10509440077512588,0.09476797709261109,0.08358684989441019,0.04187032327099566,0.04828360693873435,nan,nan
234,94,90021,forward,eps,km^2/s^2,86,86.0,0.0,-0.8539487760340664,0.019030189182094384,-0.9047203427095901,-0.8450544464065798,0.059665896303010335,-0.9222794762668595,-0.8446865655685978,0.07759291069826169,-1.8250847670545378,0.05465904109058037,0.07221817464784974,nan,nan
234,95,133163,forward,eps,km^2/s^2,579,579.0,0.0,-0.893823987826143,0.02829658293963938,-0.9362895865459474,-0.857978047667615,0.07831153887833242,-0.9749030087503369,-0.8067932352844152,0.1681097734659217,0.3618918475003446,0.05823437768689033,0.08458768517171933,nan,nan
234,96,86786,forward,eps,km^2/s^2,53,53.0,0.0,-0.8749173636780206,0.016796002630233335,-0.9260743650493412,-0.864569452721531,0.06150491232781019,-0.9359516732780504,-0.8618337770932814,0.07411789618476905,-2.291982578243815,0.05379169671749451,0.06366900494620376,nan,nan
234,97,75322,forward,eps,km^2/s^2,202,202.0,0.0,-0.12591904665944742,0.01370025525375674,-0.161989489762769,-0.12125688902134311,0.04073260074142589,-0.17829576249431267,-0.12079957022710097,0.0574961922672117,-1.3481237774556596,0.03532393611821564,0.05163020884975933,nan,nan
234,98,82346,forward,eps,km^2/s^2,95,95.0,0.0,-0.9757166039365286,0.006178981964984997,-0.9811806895581734,-0.9627420949728507,0.01843859458532271,-0.9813413597811118,-0.9595649439839876,0.021776415797124193,0.6060897814147902,0.015139062836166027,0.018316213825029126,nan,nan
234,99,119562,forward,eps,km^2/s^2,80,80.0,0.0,-0.8191268671983643,0.024302974062708496,-0.8782241115400732,-0.80753116042654,0.07069295111353313,-0.9003562230132143,-0.8068388271316619,0.09351739588155239,-1.1067227753911595,0.06370129201908442,0.08583340349222557,nan,nan
234,100,87684,forward,eps,km^2/s^2,2981,2981.0,0.0,-0.21681371780448233,0.00915698905373552,-0.2249348449915477,-0.19480222109006795,0.03013262390147975,-0.22696152526714863,-0.18233185160503074,0.0446296736621179,1.16827300692952,0.02183485166262733,0.034305221147664544,nan,nan
234,101,72016,forward,eps,km^2/s^2,907,907.0,0.0,-0.11794012671409926,0.012872051319616386,-0.14537994599258294,-0.10410072574387992,0.04127922024870302,-0.1609405427182169,-0.10228302892429653,0.05865751379392037,-0.7561451724092538,0.025535192621948,0.04109578934758196,nan,nan
234,102,86918,forward,eps,km^2/s^2,382,382.0,0.0,-0.13755391048510024,0.010108597588998758,-0.15371922357581724,-0.12045434222385085,0.0332648813519664,-0.1565868055387286,-0.1197477875681392,0.036839017970589416,0.04738722476823175,0.01732034952676694,0.019260968952183988,nan,nan
234,103,78981,forward,eps,km^2/s^2,1187,1187.0,0.0,-0.10025901856421593,0.004016515520282735,-0.10912554873928758,-0.09574425871534085,0.013381290023946724,-0.11601088594110653,-0.09455937668385161,0.02145150925725492,-1.0489488669512204,0.009782289979446074,0.01666762718126502,nan,nan
234,104,68925,forward,eps,km^2/s^2,542,542.0,0.0,-0.10834441429298014,0.009869676570862214,-0.13150918495987157,-0.10193667506736641,0.029572509892505164,-0.1406692558066016,-0.10142864440865995,0.03924061139794166,-0.9745914941813524,0.021523265653407394,0.030683336500137437,nan,nan
234,105,70032,forward,eps,km^2/s^2,142,142.0,0.0,-0.14223169749691444,0.017268276668917767,-0.17552164170355863,-0.1237441019813417,0.051777539722216936,-0.18148498487288567,-0.11937197331797167,0.062113011554914,-0.4740437772425472,0.02898315382998092,0.03202645744282928,nan,nan
234,106,77806,forward,eps,km^2/s^2,336,336.0,0.0,-0.19682280074076686,0.01815492866456501,-0.21759258663180514,-0.15982543021423665,0.057767156417568494,-0.22197512043322132,-0.1538472572897216,0.06812786314349972,0.5102414248510936,0.04042251623871265,0.046400689163227704,nan,nan
234,107,107834,forward,eps,km^2/s^2,478,478.0,0.0,-0.2372324584333132,0.011751974050379735,-0.25836730313095246,-0.2216524165230142,0.03671488660793826,-0.25864088723287426,-0.2153022319370569,0.043338655295817374,-0.20064736200013655,0.019576583654480985,0.023521734115913295,nan,nan
234,108,138156,forward,eps,km^2/s^2,340,340.0,0.0,-0.2531866883435651,0.006145853200353309,-0.25869498311055183,-0.2392204775429019,0.01947450556764993,-0.2589215433846118,-0.2360316403946412,0.022889902989970623,0.7984930006361641,0.011034625929413826,0.014223463077674525,nan,nan
234,109,84739,forward,eps,km^2/s^2,139,139.0,0.0,-0.15970861173750206,0.019546021229926065,-0.1995999767322233,-0.13824260143604772,0.061357375296175576,-0.2103042566473029,-0.1328168618860457,0.07748739476125721,-0.5575703041899521,0.033241394551792515,0.04302648281521515,nan,nan
234,110,131982,forward,eps,km^2/s^2,357,357.0,0.0,-0.1919932291230464,0.03527032262091767,-0.21269436778090955,-0.1156888041127746,0.09700556366813495,-0.25806587489234245,-0.11452435848276576,0.14354151640957669,0.5012207859955559,0.061533285497194896,0.08153471784085475,nan,nan
234,111,127281,forward,eps,km^2/s^2,82,82.0,0.0,-0.828707119122696,0.004982933849439067,-0.8345234164958566,-0.8181171145981975,0.016406301897659126,-0.8346665395918738,-0.8170563063290546,0.017610233262819186,0.473141660474876,0.015635818449513762,0.016696626718656682,nan,nan
234,112,74330,forward,eps,km^2/s^2,486,486.0,0.0,-0.18228527770021014,0.0333218779463297,-0.21153711760926064,-0.1155955414081958,0.09594157620106483,-0.21212655052798968,-0.11347768166353078,0.0986488688644589,0.4269298606531147,0.06526002705886116,0.06737788680352619,nan,nan
234,113,104488,forward,eps,km^2/s^2,1278,1278.0,0.0,-0.17441013835666852,0.03257771936172791,-0.21076831094920562,-0.11465098307885872,0.0961173278703469,-0.21174755505844822,-0.11275134572326329,0.09899620933518494,0.3089386478287259,0.06023408879818477,0.06213372615378021,nan,nan
234,114,118398,forward,eps,km^2/s^2,2392,2392.0,0.0,-0.10015621267692842,0.016515574210909576,-0.1419829725200371,-0.08881057554606678,0.05317239697397033,-0.15669439805157204,-0.08690089978149562,0.06979349827007642,-1.0815547028395027,0.045795193564604715,0.060506619096139636,nan,nan
234,115,113342,forward,eps,km^2/s^2,265,265.0,0.0,-0.12717049451206297,0.02430227863874136,-0.18379681486210403,-0.11214093454705361,0.07165588031505042,-0.1936272803215524,-0.11161720050153401,0.0820100798200184,-0.8972457836651582,0.05170766771300212,0.06153813317245049,nan,nan
234,116,122399,forward,eps,km^2/s^2,112,112.0,0.0,-0.23062588806217155,0.01901735846437769,-0.25728421395095724,-0.1995971180593009,0.057687095891656354,-0.25821422529699,-0.19116195553917936,0.06705226975781065,0.17173000657310428,0.03380636117993277,0.042241523700054295,nan,nan
234,117,125857,forward,eps,km^2/s^2,141,141.0,0.0,-0.8533652847883522,0.02569106806354067,-0.9249286042655881,-0.8436194498170756,0.0813091544485125,-0.9546121363425971,-0.8428345034993286,0.11177763284326847,-1.7597387090058698,0.07616304414984199,0.10584657622685101,nan,nan
234,118,122402,forward,eps,km^2/s^2,184,184.0,0.0,-0.9738744304895398,0.007525298500201316,-0.9768768506747414,-0.9638747713444287,0.013002079330312721,-1.0136593311399253,-0.9626456432935948,0.051013687846330535,-2.7144737834682986,0.011933716433757836,0.039002901959535485,nan,nan
234,119,141158,forward,eps,km^2/s^2,246,246.0,0.0,-0.9409062580974936,0.020671677844282952,-0.963304131449559,-0.9021373755187809,0.06116675593077803,-0.9769304979550307,-0.8976449867588843,0.07928551119614646,0.36271982400189606,0.03513187648213356,0.040581530648246766,nan,nan
234,120,74706,forward,eps,km^2/s^2,84,84.0,0.0,-0.8634971145158065,0.020581395316362407,-0.9073245426123469,-0.8444513452043015,0.06287319740804531,-0.927514031221048,-0.8427470217364765,0.0847670094845715,-0.7407643953632528,0.04006042888190018,0.06024991749060138,nan,nan
234,121,78627,forward,eps,km^2/s^2,66,66.0,0.0,-0.864102383251023,0.014037114252278203,-0.8891710169805647,-0.838150955055244,0.051020061925320714,-0.8954777848382302,-0.8297115529073839,0.0657662319308463,0.19265199966631572,0.028747677700921986,0.03319487840802127,nan,nan
234,122,124420,forward,eps,km^2/s^2,576,576.0,0.0,-0.914733649271912,0.016536287969094045,-0.9375926490206473,-0.8822493510294651,0.055343297991182205,-0.9537595062657083,-0.8645784698347136,0.08918103643099462,0.32278564352003347,0.033462196598346844,0.04581376313887886,nan,nan
234,123,120702,forward,eps,km^2/s^2,327,327.0,0.0,-0.9461029640714855,0.01106146391742439,-0.9660835671074406,-0.9301011272124918,0.03598243989494876,-0.9727353175755271,-0.9267025091648164,0.04603280841071067,-0.22155811762532834,0.02741690764286526,0.03406865811095183,nan,nan
234,124,87559,forward,eps,km^2/s^2,124,124.0,0.0,-0.9664773649157309,0.003566119168858029,-0.9713849825073985,-0.9605468710503519,0.010838111457046606,-0.9716818662066301,-0.957710366934253,0.013971499272377064,0.357543226357853,0.005943045898181376,0.007866643646571525,nan,nan
234,125,121586,forward,eps,km^2/s^2,9769,9769.0,0.0,-0.9524374586159261,0.017509276128506553,-0.9707350705535377,-0.9140143457296742,0.05672072482386348,-0.9746681534326995,-0.9021029491044347,0.07256520432826485,0.6584194386086769,0.03096787530504937,0.042879271930288954,nan,nan
234,126,120587,forward,eps,km^2/s^2,1112,1112.0,0.0,-0.12027763329254992,0.024217536637134413,-0.1766039451736932,-0.10435100658600635,0.07225293858768686,-0.255723433347136,-0.10335247433800487,0.1523709590091311,-1.3272860467799852,0.0647524048331039,0.14387189300654668,nan,nan
234,127,107934,forward,eps,km^2/s^2,3031,3031.0,0.0,-0.8830653050039986,0.017196984920660786,-0.927399006132559,-0.8717116275301398,0.055687378602419235,-0.9583583949801766,-0.8522111520188346,0.10614724296134204,-1.4778019090199777,0.04973572613053473,0.0806951149781523,nan,nan
234,128,121146,forward,eps,km^2/s^2,127,127.0,0.0,-0.8525369475641023,0.03218886000676589,-0.9531756484608401,-0.842343291953484,0.11083235650735612,-0.9754450865192523,-0.8410529503665216,0.1343921361527307,-2.174237401722784,0.09573090097486917,0.11800033903328144,nan,nan
234,129,115982,forward,eps,km^2/s^2,2728,2728.0,0.0,-0.8986129510095944,0.014348102211784007,-0.9364628340127689,-0.8869457389495552,0.04951709506321367,-0.961928366800241,-0.8841936210976994,0.07773474570254157,-1.7893656942701577,0.043190339542801014,0.06865587233027315,nan,nan
234,130,158319,forward,eps,km^2/s^2,109,109.0,0.0,-0.8224995127170209,0.004736535000094041,-0.8305244662728426,-0.8163711643252848,0.014153301947557817,-0.8309466759725264,-0.814959711737784,0.01598696423474233,-0.17787698217686976,0.013334745420922367,0.013756955120606151,nan,nan
234,131,127892,forward,eps,km^2/s^2,138,138.0,0.0,-0.8474702280425115,0.008576947296807151,-0.8673152792663766,-0.8380391265484439,0.029276152717932713,-0.8756743673764281,-0.8353898788129963,0.04028448856343181,-1.0197609368931362,0.02304906937675314,0.03140815748680459,nan,nan
234,132,124671,forward,eps,km^2/s^2,570,570.0,0.0,-0.16483926156571727,0.01672409271634385,-0.19572966388184548,-0.13789531570343358,0.057834348178411904,-0.20850343761967804,-0.13173942605828026,0.07676401156139778,-0.18938728458244664,0.032428912365794864,0.04520268610362743,nan,nan
234,133,146384,forward,eps,km^2/s^2,322,322.0,0.0,-0.8351068507287545,0.002734279376285614,-0.8374029305452001,-0.8281708087302314,0.009232121814968686,-0.8379247843312286,-0.8258948012952755,0.012029983035953151,1.0357945930906198,0.005113533044452811,0.006539646006433197,nan,nan
234,134,95195,forward,eps,km^2/s^2,1932,1932.0,0.0,-0.858234137818827,0.011751511566434301,-0.8815251425812841,-0.8421591664692835,0.039365976112000656,-0.903872718777012,-0.8394589888601847,0.06441372991682737,-0.7942478781478557,0.030353360297403768,0.05270093649313168,nan,nan
234,135,106920,forward,eps,km^2/s^2,590,590.0,0.0,-0.18539677717661807,0.017345423683341563,-0.203934083258747,-0.1512797213381797,0.0526543619205673,-0.20450977214971122,-0.14127346506719096,0.06323630708252026,0.49656395590974833,0.031865821779831736,0.041872078050820494,nan,nan
234,136,108772,forward,eps,km^2/s^2,416,416.0,0.0,-0.9303175811903894,0.015320108557742398,-0.9563212484584538,-0.9064152616850654,0.04990598677338842,-0.9613123859208916,-0.8992771557686832,0.062035230152208465,-0.03093814436015928,0.027050959720799878,0.032483815366336266,nan,nan
234,137,99266,forward,eps,km^2/s^2,294,294.0,0.0,-0.2058928824397861,0.011891506732708423,-0.2173750539959452,-0.18085862023654187,0.03651643375940333,-0.21783125639360412,-0.17313908883920104,0.044692167554403084,0.5743135330228286,0.023509594857394463,0.031229126254735284,nan,nan
234,138,107029,forward,eps,km^2/s^2,73,73.0,0.0,-0.8487995860128544,0.002628599100253763,-0.8539486539791306,-0.846339466667664,0.0076091873114665365,-0.856437618250805,-0.846032356260004,0.010405261990801051,-0.7922246085807219,0.005081923325334369,0.007570887597008857,nan,nan
234,139,109837,forward,eps,km^2/s^2,586,586.0,0.0,-0.880210263252466,0.018599334008515874,-0.9087860076077326,-0.8499563280983076,0.05882967950942508,-0.926842677868405,-0.8451594743766324,0.0816832034917726,-0.02577955364269453,0.034728012742026526,0.052784683002698896,nan,nan
234,140,103920,forward,eps,km^2/s^2,150,150.0,0.0,-0.9768869571157843,0.00573283976388174,-0.9817788511480845,-0.9639093075645574,0.017869543583527103,-0.9819994090634598,-0.9623547536161658,0.01964465544729399,0.7287514554548633,0.012618257432707367,0.014172811381098938,nan,nan
234,141,169244,forward,eps,km^2/s^2,55,55.0,0.0,-0.8833865600480753,0.02701955704911867,-0.9342083243312503,-0.8481792625579769,0.08602906177327341,-0.9435423846650738,-0.8434668271798885,0.10007555748518526,-0.2513953279375107,0.052880996431967295,0.062215056765790755,nan,nan
234,142,106530,forward,eps,km^2/s^2,197,197.0,0.0,-0.8967008454766927,0.019057983728691195,-0.9210568686152122,-0.8611371018922119,0.059919766723000256,-0.9316681216821543,-0.8548858371174632,0.07678228456469105,0.3202827244849815,0.035689718185899805,0.04119409557842002,nan,nan
234,143,107327,forward,eps,km^2/s^2,78,78.0,0.0,-0.9535284527237906,0.012490560148923366,-0.9684615472460217,-0.9276710182164561,0.04079052902956559,-0.971905975854449,-0.9198940421646263,0.05201193368982271,0.6527680086387668,0.026039149071658343,0.033816125123488194,nan,nan
234,144,167802,forward,eps,km^2/s^2,745,745.0,0.0,-0.20880462857989535,0.025135795465721252,-0.2341862949265835,-0.14591016909313545,0.08827612583344804,-0.2467892162185632,-0.13510567620773628,0.11168354001082692,1.0102029877167626,0.06159672928801932,0.07240122217341849,nan,nan
234,145,173458,forward,eps,km^2/s^2,98,98.0,0.0,-0.8334928921772653,0.02648817936592654,-0.8811772933718354,-0.8092841099889846,0.07189318338285078,-0.9296299484193472,-0.8082181176032168,0.12141183081613038,-1.023031867259233,0.04739497425438236,0.09584762930189428,nan,nan
234,146,123438,forward,eps,km^2/s^2,209,209.0,0.0,-0.18138964378174371,0.034757896767550325,-0.21159864376089216,-0.11470226608886909,0.09689637767202307,-0.21221764950653355,-0.05348394015975977,0.15873370934677378,0.5656422954011342,0.06333692367228565,0.12455524960139497,nan,nan
234,147,176484,forward,eps,km^2/s^2,108,108.0,0.0,-0.865190156369732,0.03283366574052005,-0.9405939631991591,-0.8347970769303918,0.10579688626876727,-0.9725732575321463,-0.8330852921045315,0.13948796542761477,-1.0697088015299525,0.08446553726888208,0.11644483160186925,nan,nan
234,148,146480,forward,eps,km^2/s^2,671,671.0,0.0,-0.16455768755472244,0.03027189896781861,-0.2143056967066858,-0.12292650614616973,0.09137919056051608,-0.22033142826886087,-0.11893092262073013,0.10140050564813075,-0.12211585912809482,0.04904728030839611,0.05304286383383572,nan,nan
234,149,110855,forward,eps,km^2/s^2,52,52.0,0.0,-0.8438001841405827,0.0025282975043581166,-0.8496485925287866,-0.841394956720778,0.00825363580800853,-0.8503340172848961,-0.8410314398034127,0.009302577481483443,-0.7560821313853132,0.004423295779718888,0.005108720535828448,nan,nan
234,150,203913,forward,eps,km^2/s^2,141,141.0,0.0,-0.8549553744146019,0.024906208036823255,-0.9135883699149033,-0.8347771599404479,0.07881120997445545,-0.9639146843038221,-0.8072303809631377,0.1566843033406844,-1.3010170291583618,0.05863299550030143,0.1089593098892202,nan,nan
234,151,132564,forward,eps,km^2/s^2,484,484.0,0.0,-0.12583906646367554,0.019324543585898576,-0.16551131959093598,-0.1112240010732185,0.05428731851771748,-0.19391060716621245,-0.11054490624845503,0.08336570091775741,-0.9122203373992924,0.05026306827045884,0.07866235584573533,nan,nan
234,152,109896,forward,eps,km^2/s^2,130,130.0,0.0,-0.8994849349004015,0.013328331945550168,-0.9202428038005228,-0.8789506511119889,0.04129215268853392,-0.9254007604547596,-0.8753597730678883,0.05004098738687135,-0.008474370675570629,0.022381546572139293,0.025157378458603108,nan,nan
234,153,117706,forward,eps,km^2/s^2,1239,1239.0,0.0,-0.8536533629205171,0.009332862305961365,-0.8696853566166242,-0.8400171339076505,0.029668222708973624,-0.8722238464039634,-0.8382109055751715,0.034012940828791915,-0.12890683638111278,0.018548017531900152,0.021086507319239445,nan,nan
234,154,122287,forward,eps,km^2/s^2,51,51.0,0.0,-0.8623773567637011,0.009956147748796076,-0.875601239790819,-0.8467609590225843,0.02884028076823475,-0.8769259365663151,-0.8452459048608503,0.03168003170546485,0.17669337368178423,0.0172121840791436,0.01872723824087763,nan,nan
234,155,125160,forward,eps,km^2/s^2,270,270.0,0.0,-0.8966719910168479,0.01944128673071153,-0.9277713813643864,-0.8659174752335632,0.0618539061308232,-0.9332146760991548,-0.8558665333552644,0.07734814274389035,0.033908196627493455,0.03483877331115346,0.044889715189452284,nan,nan
234,156,112612,forward,eps,km^2/s^2,80,80.0,0.0,-0.8601576890702984,0.008744131087369341,-0.8735033387978342,-0.8466648784984161,0.026838460299418054,-0.8762739824029742,-0.8461090120856156,0.03016497031735854,-0.019871295740862254,0.015088032832684267,0.01785867643782424,nan,nan
234,157,141979,forward,eps,km^2/s^2,2111,2111.0,0.0,-0.09860150144199542,0.010132276761595517,-0.12003147913195883,-0.08609400778730014,0.03393747134465869,-0.13082530381951307,-0.08290193029551496,0.047923373523998114,-0.6560763732577172,0.020854899483358003,0.031648724170912246,nan,nan
234,158,152539,forward,eps,km^2/s^2,1899,1899.0,0.0,-0.8880297215560453,0.01765284114368095,-0.9316610745194205,-0.8746264762486629,0.05703459827075763,-0.9565596163217607,-0.8714309425243318,0.08512867379742883,-0.9197669639619004,0.051348322092710216,0.07624686389505042,nan,nan
234,159,160687,forward,eps,km^2/s^2,10375,10375.0,0.0,-0.9338167065132339,0.014673807060321948,-0.955037817279694,-0.9085795340974467,0.046458283182247206,-0.9598146955208926,-0.9017065805656097,0.0581081149552829,0.15961799374367394,0.025337715366897905,0.02996106275147603,nan,nan
234,160,139237,forward,eps,km^2/s^2,180,180.0,0.0,-0.847884605963666,0.024631586259565505,-0.9140479394325133,-0.8304556062001675,0.08359233323234583,-0.9425932917528252,-0.8113509577607547,0.13124233399207053,-1.6902634981016216,0.06761872963867754,0.09616408195898951,nan,nan
234,161,141438,forward,eps,km^2/s^2,1237,1237.0,0.0,-0.1906829838901999,0.031391743925053596,-0.2098547405795266,-0.11626036133577189,0.09359437924375472,-0.21080520982235162,-0.11139962060535435,0.09940558921699727,0.8166512922892651,0.06862094959484599,0.07348169032526353,nan,nan
234,162,141302,forward,eps,km^2/s^2,53,53.0,0.0,-1.000862451485899,0.016874417224293684,-1.0207873566074344,-0.9737070270699412,0.04708032953749319,-1.020820045950525,-0.9707013662835944,0.05011867966693062,0.18751771978832563,0.028473130850436613,0.02850582019352721,nan,nan
234,163,143407,forward,eps,km^2/s^2,647,647.0,0.0,-0.1970919107280824,0.020711581713026908,-0.24811117204348548,-0.17091303419016196,0.07719813785332352,-0.25836749841118056,-0.15877228642783925,0.09959521198334131,-1.056535573265733,0.05368439469947119,0.0639407210671663,nan,nan
234,164,136225,forward,eps,km^2/s^2,1363,1363.0,0.0,-0.8574295780076439,0.010706740398198593,-0.8711225091649845,-0.8389085183603315,0.032213990804652926,-0.873182907400531,-0.8367763597993657,0.03640654760116524,0.20086412941613863,0.025186434722332025,0.027318593283297887,nan,nan
234,165,171505,forward,eps,km^2/s^2,814,814.0,0.0,-0.89896192815508,0.017668829491383785,-0.9227370427142156,-0.8666753720928345,0.05606167062138112,-0.9288025648446241,-0.8602118115330148,0.06859075331160924,0.27566672412164656,0.031901667085378976,0.038365227645198674,nan,nan
234,166,151417,forward,eps,km^2/s^2,51,51.0,0.0,-0.9746142035864592,0.007620759079374041,-0.9807058536437987,-0.9718685935464072,0.008837260097391497,-1.0157132822729746,-0.971539021724982,0.04417426054799267,-4.469988211220781,0.007236540189671126,0.040420964226178024,nan,nan
234,167,153567,forward,eps,km^2/s^2,2544,2544.0,0.0,-0.08555355393605346,0.012442926252828161,-0.11689303108196572,-0.07736744897685761,0.039525582105108106,-0.1339432526076949,-0.07556741856135607,0.05837583404633884,-1.3693432636613434,0.03505853407970397,0.052108755605433155,nan,nan
234,168,145934,forward,eps,km^2/s^2,130,130.0,0.0,-0.9370875312169564,0.004657534802899158,-0.9439125978527696,-0.9285073342231096,0.015405263629659993,-0.9446370003001752,-0.9270998941823907,0.017537106117784473,0.28528754121911715,0.008260364671561653,0.00966780471228057,nan,nan
234,169,166807,forward,eps,km^2/s^2,839,839.0,0.0,-0.8267696312395474,0.02851883282969044,-0.8877199410931538,-0.8084817099436441,0.07923823114950967,-0.9707778875247337,-0.8070918060031312,0.16368608152160247,-1.584749531625566,0.06977698876650014,0.15283493519808034,nan,nan
234,170,174618,forward,eps,km^2/s^2,3242,3242.0,0.0,-0.908074162776031,0.009040902087327631,-0.9240753728280794,-0.8945793741618392,0.029495998666240197,-0.9319327115439962,-0.8902340724760844,0.041698639067911714,-0.20360022121075247,0.018427284108890933,0.026284622824807702,nan,nan
234,171,174565,forward,eps,km^2/s^2,84,84.0,0.0,-0.8269882331030244,0.01085132318525904,-0.8365480710952566,-0.8073742667685558,0.029173804326700803,-0.8385387825152246,-0.8068641414561557,0.03167464105906892,0.13018744239443233,0.022916438994764934,0.024907150414732904,nan,nan
234,172,153918,forward,eps,km^2/s^2,52,52.0,0.0,-0.14214233798897297,0.01955978366264083,-0.17247787868192374,-0.11471443112076334,0.057763447561160405,-0.1763117915426009,-0.1143440488533739,0.061967742689227,-0.01767782290085868,0.03946896371078541,0.04330287657146259,nan,nan
234,173,154611,forward,eps,km^2/s^2,1445,1445.0,0.0,-0.8583165258786755,0.010658508431285027,-0.8725380551207889,-0.8383389350557705,0.03419912006501835,-0.8755730372673317,-0.835770515362673,0.039802521904658716,0.25201187504935096,0.02000292396283494,0.023037906109377837,nan,nan
234,174,187351,forward,eps,km^2/s^2,67,67.0,0.0,-0.8082961912068782,0.0027315550247587047,-0.8148261437171229,-0.8069154437228243,0.007910699994298609,-0.8204196788557477,-0.8068966784152277,0.013523000440520017,-2.2257450792955575,0.007012498290427537,0.01260603342905231,nan,nan
234,175,169643,forward,eps,km^2/s^2,442,442.0,0.0,-0.8084060459185284,0.014927280623754384,-0.8441322363078825,-0.8074363959344026,0.03669584037347984,-0.8517491521414863,-0.8072575607210861,0.044491591420400156,-0.5898526856545209,0.036384021603351135,0.04400093743695488,nan,nan
234,176,168958,forward,eps,km^2/s^2,282,282.0,0.0,-0.13680735428113266,0.02699111041041488,-0.1923596535651033,-0.1102644404208741,0.08209521314422918,-0.1995762862104884,-0.10959472597095066,0.08998156023953774,-0.576549904985792,0.05164048473971547,0.05885711738510058,nan,nan
234,177,170926,forward,eps,km^2/s^2,727,727.0,0.0,-0.16180826040407004,0.02696394555480676,-0.1972227632938128,-0.11223533017760218,0.08498743311621063,-0.20748224298369333,-0.11023461006335222,0.09724763292034111,0.19699804542212931,0.047213640138998425,0.0489629271524229,nan,nan
234,178,173453,forward,eps,km^2/s^2,326,326.0,0.0,-0.9637847454022177,0.013884954533141085,-0.9761124495889835,-0.9377375727115603,0.038374876877423136,-1.0181865681958364,-0.9312346719035883,0.08695189629224809,0.15072080619375558,0.02128299767683317,0.059653114587297384,nan,nan
234,179,183842,forward,eps,km^2/s^2,352,352.0,0.0,-0.8618578085345274,0.02808827315373224,-0.9074242988214335,-0.8148883771055475,0.09253592171588598,-0.9762341106304422,-0.808725477283583,0.16750863334685917,-0.9275266386871153,0.05045498528903556,0.11926479709804427,nan,nan
234,180,182265,forward,eps,km^2/s^2,1084,1084.0,0.0,-0.14568360792687762,0.03411821044236554,-0.20432896220626076,-0.10677345746833537,0.09755550473792539,-0.20581280855094808,-0.10542712702726975,0.10038568152367833,-0.23351191007937896,0.05588718455718969,0.05737103090187701,nan,nan
234,181,174823,forward,eps,km^2/s^2,856,856.0,0.0,-0.19976607626822918,0.01171205945231011,-0.20857726079906078,-0.17150054629764297,0.03707671450141781,-0.20920120321987212,-0.1623387285296577,0.04686247469021443,1.0611718876140515,0.02656325180090771,0.035725069568892986,nan,nan
234,182,173712,forward,eps,km^2/s^2,483,483.0,0.0,-0.25245851597343894,0.007235001040854865,-0.2590084187231695,-0.23738999023716317,0.021618428486006314,-0.25930099629598635,-0.23400418871386275,0.025296807582123604,0.5557770225025005,0.01477865699107933,0.018164458514379755,nan,nan
234,183,184891,forward,eps,km^2/s^2,124,124.0,0.0,-0.17669685511073735,0.035227943606164984,-0.212121162267968,-0.11516427120298824,0.09695689106497977,-0.24672064250116477,-0.06609019004209948,0.18063045245906528,0.3564216417259796,0.07047104220052568,0.11954512336141443,nan,nan
234,184,174489,forward,eps,km^2/s^2,5009,5009.0,0.0,-0.09402585875816682,0.011620132612828031,-0.11103856409529078,-0.07415673406331026,0.03688183003198052,-0.11651581089650775,-0.06698051137327277,0.04953529952323499,0.13785456349624067,0.021032633900504822,0.026438495184460842,nan,nan
234,185,169367,forward,eps,km^2/s^2,173,173.0,0.0,-0.8085034651626675,0.005480348716563744,-0.8097796734908786,-0.80726329976496,0.002516373725918619,-0.8358489057417723,-0.8071892914486543,0.02865961429311803,-4.274057693482017,0.0021016730234501247,0.028170905274343738,nan,nan
234,186,186077,forward,eps,km^2/s^2,253,253.0,0.0,-0.9368775629149815,0.0056533707593755525,-0.9409180832391627,-0.9236238945692185,0.017294188669944255,-0.9416775526862986,-0.9223298488420593,0.01934770384423934,0.8915029597497791,0.009546525862987564,0.01084057159014673,nan,nan
234,187,158732,forward,eps,km^2/s^2,188,188.0,0.0,-0.8116844423081437,0.041179989618444365,-0.8308544823387813,-0.8095603213629141,0.021294160975867227,-0.8342524458875841,-0.2556890849972303,0.5785633608903538,13.167863215304385,0.019301883804177234,0.5559995827523803,nan,nan
234,188,170213,forward,eps,km^2/s^2,56,56.0,0.0,-0.8101296034951742,0.004231816884098707,-0.813077275769355,-0.8091408401840626,0.0039364355852923305,-0.8329499098611499,-0.8091131928517981,0.02383671700935186,-4.712512704240467,0.0031051874117402067,0.022977821503535223,nan,nan
234,189,180073,forward,eps,km^2/s^2,2019,2019.0,0.0,-0.8981778683168059,0.009502274783633155,-0.9162875643995402,-0.8850801641289036,0.03120740027063662,-0.9239308484101707,-0.8815481630122497,0.042382685397921005,-0.3336239809124004,0.02440885760053196,0.03205214161116243,nan,nan
234,190,182088,forward,eps,km^2/s^2,2067,2067.0,0.0,-0.07438197950033676,0.014209053810534313,-0.11771007942582232,-0.06693305295601337,0.050777026469808945,-0.13669364049408217,-0.06361026076674614,0.07308337972733603,-2.387653027086043,0.04454789805601028,0.06353145912427016,nan,nan
234,191,177383,forward,eps,km^2/s^2,3466,3466.0,0.0,-0.8660610142308789,0.013911730075888685,-0.8863295549396115,-0.8414922982485089,0.04483725669110261,-0.895682236241628,-0.8348845657518389,0.060797670489789124,0.15503008079397138,0.02637461126953672,0.03267276148065401,nan,nan
234,192,174403,forward,eps,km^2/s^2,229,229.0,0.0,-0.817799037699394,0.006248370070524472,-0.8326013581646937,-0.8132947446192714,0.01930661354542229,-0.8335859625135484,-0.8093950962020211,0.024190866311527337,-0.6955047013176845,0.01844983991517781,0.019434444264032513,nan,nan
234,193,178238,forward,eps,km^2/s^2,102,102.0,0.0,-0.9246925221491631,0.015460185424232697,-0.945943674363458,-0.8988717819823061,0.04707189238115195,-0.958991479308148,-0.885023481380403,0.073967997927745,0.2338739253973746,0.029678787512218117,0.04078286776453366,nan,nan
234,194,170665,forward,eps,km^2/s^2,53,53.0,0.0,-0.9350700639286322,0.0016172522473695558,-0.9382458600097694,-0.9335193567735605,0.004726503236208934,-0.9389654933212742,-0.9327426617403013,0.006222831580972921,-0.560797088633569,0.0031155493977855107,0.0038351827092902857,nan,nan
234,195,186177,forward,eps,km^2/s^2,644,644.0,0.0,-0.8217307111630479,0.0041685042472359235,-0.8283081627067104,-0.8153399244831147,0.012968238223595718,-0.8298325448478419,-0.8142767474242074,0.015555797423634443,-0.019277539325316253,0.011482706109573282,0.013007088250704735,nan,nan
234,196,181587,forward,eps,km^2/s^2,273,273.0,0.0,-0.18182027676783785,0.009198980577648412,-0.19696530605901935,-0.1682960142945542,0.028669291764465143,-0.2033922112355655,-0.16719015280358052,0.036202058431984985,-0.28413593454153474,0.017556025335712253,0.023982930512258416,nan,nan
234,197,179171,forward,eps,km^2/s^2,684,684.0,0.0,-0.1423692567212579,0.02525772445335025,-0.168906143504269,-0.09123882213012102,0.07766732137414797,-0.18845731804863475,-0.08132203450758102,0.10713528354105373,0.4260562024635829,0.046858183501794166,0.05561379112123055,nan,nan
234,198,209870,forward,eps,km^2/s^2,258,258.0,0.0,-0.8789013311520271,0.04341737042116109,-0.9507054871565588,-0.8341880110614192,0.11651747609513963,-0.9670765461885524,-0.8334158926569565,0.13366065353159595,-0.3794734615984418,0.11487044771019457,0.13124150674218826,nan,nan
234,199,183992,forward,eps,km^2/s^2,55,55.0,0.0,-0.8448163515106933,0.003375579879231387,-0.8499562320638194,-0.8390179360847808,0.010938295979038615,-0.8503023460374874,-0.8376874265955079,0.012614919441979566,0.10843687210223689,0.008620740737461262,0.008966854711129235,nan,nan
234,200,187670,forward,eps,km^2/s^2,1992,1992.0,0.0,-0.887398180037756,0.011363971862868034,-0.8997822148466259,-0.8531625252658267,0.046619689580799206,-0.9051806614341823,-0.8439282916758375,0.061252369758344805,1.7332486394034339,0.02974605049341592,0.03898028408340515,nan,nan
234,201,183195,forward,eps,km^2/s^2,183,183.0,0.0,-0.17233033655551722,0.03302747215404372,-0.21155673443203155,-0.1172760486194811,0.09428068581255045,-0.2567242631919826,-0.11420703314564817,0.14251723004633443,0.12423867788388901,0.060405256471323554,0.07960884906604049,nan,nan
234,202,187458,forward,eps,km^2/s^2,267,267.0,0.0,-0.8305565976950305,0.009521959445413208,-0.8337464507378965,-0.81077738970419,0.02296906103370655,-0.8344266654823471,-0.8097511260757663,0.02467553940658085,0.473174672581639,0.019779207990840587,0.02080547161926427,nan,nan
234,203,188365,forward,eps,km^2/s^2,144,144.0,0.0,-0.8628640027262551,0.009555070983813047,-0.8838558500447203,-0.853079569907755,0.030776280136965317,-0.8893703718606734,-0.8509488112398986,0.03842156062077473,-0.7713427550206318,0.01919218110422102,0.024706702920174073,nan,nan
234,204,191955,forward,eps,km^2/s^2,61,61.0,0.0,-0.9643945970525041,0.015180789345198446,-0.9753307326380123,-0.9205421071007339,0.05478862553727837,-0.9754743872492277,-0.9127594786713633,0.06271490857786444,1.589920083950924,0.04387056120629507,0.051653189635665675,nan,nan
234,205,196937,forward,eps,km^2/s^2,542,542.0,0.0,-0.8374994020889142,0.017695949696161218,-0.8427945807267022,-0.8312237173600163,0.01157086336668589,-0.9750875881502592,-0.8289442731375865,0.14614331501267275,-6.202538684577437,0.009580688536876205,0.13518481810184446,nan,nan
234,206,184764,forward,eps,km^2/s^2,798,798.0,0.0,-0.12536839527472943,0.016489680470547097,-0.15779075850447238,-0.10893642703210171,0.04885433147237067,-0.16418593957204253,-0.10809171745130197,0.056094222120740556,-0.43271244841006545,0.033983080576514724,0.04037826164408487,nan,nan
234,207,185292,forward,eps,km^2/s^2,271,271.0,0.0,-0.9050714735279257,0.0203414661290098,-0.935067039775151,-0.8722344590936219,0.0628325806815292,-0.9539136856057935,-0.8626063240197755,0.09130736158601793,0.08961322576518674,0.035744003356283915,0.05439725061993106,nan,nan
234,208,192657,forward,eps,km^2/s^2,903,903.0,0.0,-0.840978923402646,0.0035757577796351634,-0.8468902470391505,-0.8354830555628128,0.01140719147633773,-0.8516405022120249,-0.834107186583119,0.01753331562890592,-0.26321752053185565,0.006730417761263007,0.010098932143114303,nan,nan
234,209,207954,forward,eps,km^2/s^2,523,523.0,0.0,-0.9301817886792242,0.006269853421485396,-0.9380879473699717,-0.9184918190995317,0.019596128270439994,-0.9391496062385936,-0.9138465369133085,0.025303069325285032,0.36361887128745857,0.017177560093678396,0.02182284227990161,nan,nan
234,210,185518,forward,eps,km^2/s^2,1011,1011.0,0.0,-0.07610532083457233,0.023858889552237895,-0.13266397090701965,-0.06546914853704638,0.06719482236997326,-0.1542641838168728,-0.06441410327057195,0.08985008054630084,-0.9847365443743562,0.046937215007555544,0.06853742791740869,nan,nan
234,211,208699,forward,eps,km^2/s^2,814,814.0,0.0,-0.9367266031256836,0.006102471609210573,-0.943521720925274,-0.9245239786687618,0.018997742256512185,-0.9445526957773182,-0.9203042829966113,0.024248412780706885,0.4819887411840431,0.012223460320864911,0.01644315599301549,nan,nan
234,212,195967,forward,eps,km^2/s^2,1518,1518.0,0.0,-0.8618534552002932,0.0050581055998756164,-0.870833869521312,-0.854493291587645,0.016340577933667055,-0.8730551992783955,-0.8505557458879118,0.022499453390483648,-0.12291793216991453,0.009222613025045874,0.012728416999953196,nan,nan
234,213,221491,forward,eps,km^2/s^2,287,287.0,0.0,-0.8589160432618345,0.021694640813059683,-0.9352846464334605,-0.8539208198313804,0.08136382660208019,-0.9656442363810558,-0.8494856319972685,0.11615860438378733,-3.554042670185871,0.07654583029247873,0.1069054202400741,nan,nan
234,214,198357,forward,eps,km^2/s^2,528,528.0,0.0,-0.09742984605857724,0.018536054172516733,-0.1367531280098555,-0.0722788933781202,0.06447423463173531,-0.16366943186370964,-0.06387042503161067,0.09979900683209897,-0.786597360810606,0.04191738663444787,0.06883369048830201,nan,nan
234,215,207478,forward,eps,km^2/s^2,1091,1091.0,0.0,-0.8723566041783851,0.006696308057507742,-0.8790278977313505,-0.8590278889600353,0.020000008771315136,-0.8806875001667049,-0.8477705198297293,0.032916980336975654,1.1898343177172865,0.016790374620064052,0.028047743750370113,nan,nan
234,216,201577,forward,eps,km^2/s^2,432,432.0,0.0,-0.8396652159717626,0.003708259369666502,-0.8474007887439724,-0.8340334400019895,0.013367348741982865,-0.8502688081734673,-0.8317775726151537,0.018491235558313557,-0.44029856323500866,0.009056616256820593,0.011924635686315521,nan,nan
234,217,215999,forward,eps,km^2/s^2,177,177.0,0.0,-0.8415466341432696,0.003521153535018154,-0.8481724147701105,-0.8368028541736429,0.011369560596467654,-0.8493888576143785,-0.8333589814304172,0.016029876183961345,-0.34615171359654107,0.00922899466242042,0.01044543750668847,nan,nan
234,218,200025,forward,eps,km^2/s^2,634,634.0,0.0,-0.8502968884916269,0.0029196051690686714,-0.8551423853692812,-0.8457958148032552,0.009346570566026058,-0.8563912183156567,-0.8442777273817352,0.012113490933921445,-0.08215399317379406,0.005165716808211368,0.0066296450419133235,nan,nan
234,219,212975,forward,eps,km^2/s^2,194,194.0,0.0,-0.8444924251971263,0.0035289834963193136,-0.8485067151886185,-0.8382945749710891,0.010212140217529475,-0.8495680694695622,-0.8375187589757919,0.012049310493770338,0.3071550392552163,0.007262722957876511,0.008324077238820227,nan,nan
234,220,199435,forward,eps,km^2/s^2,1347,1347.0,0.0,-0.06558819920856196,0.011883512260974885,-0.09702368438582452,-0.06019841184278568,0.03682527254303884,-0.14183005511583802,-0.05885393284037144,0.08297612227546658,-2.2089149104506194,0.035653257530213756,0.08045962826022723,nan,nan
234,221,210407,forward,eps,km^2/s^2,105,105.0,0.0,-0.8337219128633121,0.0007465533479577426,-0.834982621894008,-0.8325965779289102,0.002386043965097784,-0.8355022102111689,-0.8322936649151608,0.003208545296008114,-0.27230231739109034,0.0014964898522233261,0.0020160781693842056,nan,nan
234,222,211697,forward,eps,km^2/s^2,262,262.0,0.0,-0.8454053334363376,0.0015518425941268045,-0.8474874708465316,-0.8425860846115732,0.004901386234958394,-0.848406209690817,-0.841651812022884,0.006754397667933065,0.26183882385815294,0.0027784412986133593,0.0034072035853960347,nan,nan
234,223,213762,forward,eps,km^2/s^2,96,96.0,0.0,-0.8514633955880233,0.001461673029334356,-0.8539214163168298,-0.8494171369422535,0.004504279374576314,-0.8544207717688623,-0.8490641732301888,0.00535659853867354,-0.14793069199291842,0.0024072006728116657,0.0027222031127083213,nan,nan
234,224,216403,forward,eps,km^2/s^2,906,906.0,0.0,-0.8627945749659212,0.013398009255503742,-0.8959154858084686,-0.8535014785533492,0.042414007255119346,-0.9099110745688631,-0.8465535570958638,0.06335751747299934,-1.1326651841620932,0.033958632062010496,0.04795422082240497,nan,nan
234,225,217741,forward,eps,km^2/s^2,444,444.0,0.0,-0.8421897411024967,0.004153188879093686,-0.8461436110230472,-0.8330279775592574,0.013115633463789855,-0.8470448371254411,-0.8313957379088144,0.015649099216626716,0.6614575028643488,0.008553077008123586,0.01018531665856659,nan,nan
234,226,213015,forward,eps,km^2/s^2,149,149.0,0.0,-0.8632329133576735,0.01102871322919026,-0.8862988854923428,-0.8519255710291642,0.034373314463178595,-0.8979255046738682,-0.8493949134346742,0.04853059123919401,-0.7496671453733548,0.026643169363225548,0.03826978854475094,nan,nan
234,227,217754,forward,eps,km^2/s^2,418,418.0,0.0,-0.8506557652639936,0.0023081048549059998,-0.8557019756177263,-0.8478914712820743,0.007810504335652002,-0.8574578978561107,-0.8472736748566777,0.010184222999433001,-0.7125649511255079,0.004619354515241918,0.006375276753626258,nan,nan
234,228,215359,forward,eps,km^2/s^2,911,911.0,0.0,-0.8815690653470893,0.010883460573524205,-0.9015989081012927,-0.8669267519831968,0.03467215611809593,-0.9129311867173947,-0.8642279609561421,0.04870322576125263,-0.3592607808214136,0.019430392648826456,0.028282177849287993,nan,nan
234,229,218639,forward,eps,km^2/s^2,215,215.0,0.0,-0.8457459108052288,0.003157790792246424,-0.8511044427528982,-0.8410346455092885,0.01006979724360968,-0.8526933228090499,-0.8400081813248191,0.012685141484230722,-0.1356258694306965,0.005582198533239355,0.006947412003821096,nan,nan
234,230,222316,forward,eps,km^2/s^2,89,89.0,0.0,-0.8675095231600435,0.0034069456390441516,-0.8714194687305061,-0.8604093716719144,0.011010097058591684,-0.8720791862470496,-0.8580410238849621,0.014038162362087547,0.5529182553164336,0.007869635922283244,0.010237983709235676,nan,nan
234,231,220314,forward,eps,km^2/s^2,258,258.0,0.0,-0.8502932625574934,0.0026636322418016785,-0.8552488784040336,-0.846523613491848,0.008725264912185615,-0.856702286454514,-0.8451873195309632,0.011514966923550807,-0.2922692663311391,0.005154100086848222,0.0061402606486020694,nan,nan
234,232,221556,forward,eps,km^2/s^2,378,378.0,0.0,-0.8376061247098409,0.0033462823610509876,-0.8432329867064933,-0.8324724523315856,0.010760534374907649,-0.8449067918976444,-0.8317229476273148,0.013183844270329592,-0.09849589513638923,0.006498982094664972,0.008172787285816052,nan,nan
234,233,222949,forward,eps,km^2/s^2,55,55.0,0.0,-0.18972340535184107,0.01482476184325014,-0.205798313803687,-0.16334282609359027,0.04245548771009672,-0.2059039987312633,-0.1614943849013588,0.04440961382990449,0.40782349788041455,0.023290436666946454,0.0251388778591779,nan,nan
234,0,85169,forward,e,-,232,232.0,0.0,0.42667800284415996,0.040717231105251626,0.3644575548249883,0.4867281384278788,0.1222705836028905,0.35293997377018016,0.515114493258837,0.1621745194886568,0.055910043674522146,0.06770163407477073,0.09608798890572884,nan,nan
234,1,83961,forward,e,-,230,230.0,0.0,0.6738984498796823,0.10163824638808885,0.5557470209112017,0.8856123422665443,0.32986532135534263,0.5146666516939032,0.8952125964134294,0.3805459447195262,0.708534073820172,0.20490296173053724,0.21450321587742238,nan,nan
234,2,24775,forward,e,-,53,53.0,0.0,0.28830661503718574,0.0356584799448683,0.2581618362195255,0.37645045474314626,0.11828861852362077,0.21107749128631684,0.3886786195637249,0.17760112827740807,1.0457409717062243,0.10209671037479034,0.11432487519536899,nan,nan
234,3,30334,forward,e,-,107,107.0,0.0,0.7717931732759712,0.07114667327867769,0.5880933079634272,0.8251425037942761,0.23704919583084894,0.4848679250953015,0.8366037708007492,0.3517358457054477,-1.7930512727656747,0.19438385833764338,0.29760924120576904,nan,nan
234,4,65627,forward,e,-,243,243.0,0.0,0.3804062254202293,0.022591549247518952,0.3629309614676136,0.4392524681492323,0.07632150668161869,0.35907069968116695,0.474913079424237,0.11584237974307005,1.2388523406229022,0.045795206735836584,0.08145581801084129,nan,nan
234,5,32672,forward,e,-,154,154.0,0.0,0.387196293725599,0.02946264426384273,0.35794916514614517,0.45406485424780246,0.0961156891016573,0.35737832241848155,0.4598450495012657,0.10246672708278415,0.7539935699242829,0.06649530305462971,0.07227549830809293,nan,nan
234,6,62747,forward,e,-,194,194.0,0.0,0.5464885578356683,0.10815857066525884,0.43170528611767717,0.7628345618128736,0.3311292756951964,0.422706825109242,0.7985382134418484,0.3758313883326064,0.46113752090580123,0.20340060390486955,0.2391042555338444,nan,nan
234,7,23789,forward,e,-,730,730.0,0.0,0.41026290508780844,0.035900217609636305,0.364495585911056,0.48436404481116235,0.11986845890010633,0.3535949382275066,0.5523281161650861,0.19873317793757955,1.0971338991259552,0.07458406756008257,0.14254813891400636,nan,nan
234,8,41757,forward,e,-,56,56.0,0.0,0.4375289125073586,0.032646884767564534,0.3857302194236714,0.49991773791827193,0.11418751849460052,0.37290810061712465,0.5125649915000515,0.13965689088292688,0.20536600523418092,0.0733244119701344,0.08597166555191399,nan,nan
234,9,29488,forward,e,-,139,139.0,0.0,0.47284609472369254,0.018220662870287587,0.44000234452007214,0.4961798371831451,0.05617749266307298,0.40972282772520857,0.5117710008049133,0.10204817307970476,-0.4287798509171394,0.037165690326331775,0.05223763595723541,nan,nan
234,10,40144,forward,e,-,62,62.0,0.0,0.3382346629667371,0.046680469837820524,0.28078380327827646,0.4467557834530128,0.16597198017473636,0.2749510045526037,0.47395288113673273,0.19900187658412904,0.8518204193271763,0.10252751584208578,0.12972461352580572,nan,nan
234,11,22902,forward,e,-,236,236.0,0.0,0.5809973713169276,0.0917922182332346,0.475652663161911,0.7198013218298924,0.2441486586679814,0.4088129448085465,0.7991960764417296,0.3903831316331831,0.20758002800522227,0.15886672208262825,0.2382614766944655,nan,nan
234,12,16592,forward,e,-,145,145.0,0.0,0.350228004270995,0.046847738656266624,0.280570986721887,0.4260245337796676,0.14545354705778057,0.2739853834429117,0.48692515219686106,0.21293976875394938,0.39810321329290316,0.07991279891048662,0.1408134173276801,nan,nan
234,13,35004,forward,e,-,102,102.0,0.0,0.4708559510502698,0.019543194130845896,0.4375987219871643,0.4988361097269091,0.0612373877397448,0.39839745035135493,0.5118121444529572,0.11341469410160226,-0.32817214688330937,0.03896865220453107,0.06244796313408152,nan,nan
234,14,33596,forward,e,-,557,557.0,0.0,0.5746005775067564,0.09638650891658088,0.478835203346196,0.7223158093199696,0.24348060597377363,0.3994920435869055,0.8925239691142616,0.4930319255273561,0.5996022543869436,0.14956554079386064,0.31954587182159966,nan,nan
234,15,19609,forward,e,-,87,87.0,0.0,0.4515128817310442,0.02691450923141372,0.39831538733902017,0.4853900154820505,0.08707462814303035,0.39070454941629357,0.49192509766930853,0.10122054825301496,-0.35077725856143993,0.0524310253746997,0.05896610756195769,nan,nan
234,16,20264,forward,e,-,58,58.0,0.0,0.5079270179589144,0.007436906498151384,0.49501097724391835,0.5163271465730035,0.021316169329085144,0.490727557390829,0.5165734292377884,0.025845871846959356,-0.3531459991905109,0.016299192210952846,0.02058261206404216,nan,nan
234,17,11041,forward,e,-,433,433.0,0.0,0.2015963715113907,0.02353386766447242,0.18827156515122032,0.2293286164059793,0.041057051254758975,0.18757964597583954,0.4204453478611887,0.23286570188534916,4.856569895809892,0.02544141300530433,0.21655814446051375,nan,nan
234,18,40776,forward,e,-,317,317.0,0.0,0.5608789960726448,0.08495954929309256,0.4811750585173421,0.720999774515607,0.23982471599826494,0.40001462293755025,0.8568787149132043,0.4568640919756541,0.43317109102432194,0.15460462300652378,0.2901095637283695,nan,nan
234,19,7288,forward,e,-,1665,1665.0,0.0,0.3339379205846291,0.01687987162819364,0.3061253201891594,0.3607657204134814,0.05464040022432204,0.2961950763715573,0.37736714392947907,0.08117206755792178,-0.006969057586672356,0.0335690331174285,0.05017045663342612,nan,nan
234,20,6462,forward,e,-,649,649.0,0.0,0.36753942632318287,0.026480486702932893,0.35671823396417457,0.4541104794802712,0.09739224551609665,0.35399812264717917,0.49775058914379794,0.14375246649661877,2.463420450614892,0.08808796889547903,0.13172807855900576,nan,nan
234,21,51090,forward,e,-,73,73.0,0.0,0.402307183989117,0.03527670464705095,0.3392371878419859,0.4520071212137609,0.11276993337177499,0.3183811869666149,0.46535256108264206,0.14697137411602718,-0.259192443168136,0.0641901105132238,0.07511749554451969,nan,nan
234,22,8503,forward,e,-,3741,3741.0,0.0,0.429084612631652,0.037630129009525,0.38078963588576614,0.49483986882165826,0.11405023293589212,0.3698152099729438,0.5036010335877416,0.13378582361479774,0.1580971167447071,0.07008650687763185,0.07884767164371514,nan,nan
234,23,54158,forward,e,-,64,64.0,0.0,0.4944795004525583,0.018804306231269163,0.45388959205886,0.5120365464077336,0.05814695434887357,0.44115843117486253,0.5124644318436571,0.07130600066879456,-0.8046608040162286,0.036379531802771835,0.04911069268676932,nan,nan
234,24,73762,forward,e,-,62,62.0,0.0,0.29810342753092456,0.038374633459338565,0.27170443099335956,0.39343994753555017,0.12173551654219061,0.2694811779305446,0.47973143757008113,0.21025025963953653,2.227389583000195,0.11116523675728993,0.19745672679182086,nan,nan
234,25,23245,forward,e,-,3717,3717.0,0.0,0.5349789027760474,0.015150659941985941,0.5044998978124416,0.5523377644514498,0.04783786663900813,0.4976087052151129,0.5562090261526239,0.058600320937511,-0.42287007096960383,0.04188003021823663,0.04877122281556534,nan,nan
234,26,15530,forward,e,-,594,594.0,0.0,0.36119811343977903,0.01673461343500002,0.3375345361466262,0.3916906256070642,0.054156089460437984,0.33316970722275574,0.4078469346459699,0.07467722742321414,0.33993902697218936,0.029458799027405114,0.04503467999519223,nan,nan
234,27,19633,forward,e,-,224,224.0,0.0,0.23098363310296555,0.0035594491046006915,0.22284068967359236,0.2346406236247998,0.01179993395120743,0.2175441971940636,0.23565104649909455,0.018106849305030953,-1.0528430976211738,0.00910676891826659,0.014403261397795353,nan,nan
234,28,20669,forward,e,-,2122,2122.0,0.0,0.4482966285856247,0.03677416831156449,0.3822661169226845,0.49555990711858033,0.11329379019589586,0.369230909421271,0.5158410698124051,0.14661016039113406,-0.24425856730273507,0.06024972105290252,0.07671980288830305,nan,nan
234,29,15491,forward,e,-,1117,1117.0,0.0,0.46272999977367374,0.01908638473118105,0.43530834445068584,0.49596950469444806,0.060661160243762224,0.42587708085337467,0.50084424910561,0.07496716825223532,0.13218281895851328,0.03302094175151972,0.038893939170717706,nan,nan
234,30,26123,forward,e,-,374,374.0,0.0,0.37259329428475396,0.05621140833781573,0.27197214909754297,0.4461428015940517,0.1741706524965087,0.2579132410817341,0.460045545457609,0.20213230437587493,-0.24601854167468956,0.12116727854439188,0.13522618656020086,nan,nan
234,31,72592,forward,e,-,55,55.0,0.0,0.5355676187754347,0.07270564375440962,0.44616820222973697,0.6551413879329935,0.20897318570325651,0.3623378093246287,0.7977850458000278,0.4354472364753991,1.455944862909614,0.16272128058142046,0.29471535581284514,nan,nan
234,32,27918,forward,e,-,89,89.0,0.0,0.2193250329025008,0.017529809701548837,0.19153670984599216,0.24654326083545733,0.055006550989465164,0.18807880243534977,0.2528674275757733,0.06478862514042352,-0.11621111502651454,0.0434317661164644,0.046889673527106795,nan,nan
234,33,27233,forward,e,-,134,134.0,0.0,0.3552782341751406,0.026114830676916057,0.3107284014967835,0.3939419546008341,0.0832135531040506,0.2963352509221499,0.40516994599741957,0.10883469507526966,-0.18200016850877343,0.048384593821145835,0.05621596903259829,nan,nan
234,34,18133,forward,e,-,158,158.0,0.0,0.21581354630138505,0.015171019985828189,0.18853929196626668,0.2350679531453129,0.04652866117904622,0.18677516855818777,0.2379003507990038,0.051125182240816025,-0.22652152232366737,0.02701618669185482,0.02878031009993373,nan,nan
234,35,20500,forward,e,-,54,54.0,0.0,0.2989193348543647,0.036349366961826265,0.26500004464607685,0.3636644356536835,0.09866439100760666,0.23995927397650393,0.4216652230146359,0.18170594903813195,0.8199463239503906,0.06932653511024153,0.12732732247119388,nan,nan
234,36,23823,forward,e,-,203,203.0,0.0,0.23626187641706387,0.045506603274897674,0.22971103030691764,0.240833343657296,0.01112231335037836,0.22493238210420877,0.5053994008820625,0.28046701877785374,5.117727772664339,0.008360900947107593,0.2700325806554714,nan,nan
234,37,31986,forward,e,-,60,60.0,0.0,0.4419549137314972,0.010325275538078535,0.4312972155664168,0.4621115677535698,0.030814352187153005,0.4278196484788681,0.48135899511418956,0.05353934663532145,1.0654454144897312,0.01979704287875119,0.031077791775338093,nan,nan
234,38,31558,forward,e,-,150,150.0,0.0,0.3220932713448573,0.02574645886769921,0.28817696659868486,0.36823513252811063,0.08005816592942577,0.2830160011744991,0.37487224511212347,0.09185624393762437,0.25025474711861373,0.05809156013898226,0.0647286727229951,nan,nan
234,39,42087,forward,e,-,7240,7240.0,0.0,0.568307959794665,0.0545423446108203,0.490516226495306,0.656630625733569,0.166114399238263,0.45051841999342396,0.7565838101009909,0.3060653901075669,0.22843034721139818,0.09651826307720619,0.19472606272460746,nan,nan
234,40,64725,forward,e,-,2768,2768.0,0.0,0.3585696468142191,0.03885685547257408,0.30367720645165464,0.4313495460878132,0.12767233963615854,0.29164003882012174,0.4951215474935958,0.2034815086734741,0.6447322366114168,0.07433478264498279,0.12328778241891236,nan,nan
234,41,28142,forward,e,-,51,51.0,0.0,0.21423730447236292,0.046082468848679066,0.17619903987520463,0.3106939026253198,0.13449486275011518,0.17440121974359496,0.3451331912419165,0.17073197149832153,0.7352173627027512,0.11800680851669904,0.15244609713329574,nan,nan
234,42,31322,forward,e,-,199,199.0,0.0,0.41587718302290116,0.020782853036163066,0.38656164172079516,0.4516677651698756,0.06510612344908046,0.37725164897633734,0.47496074544204564,0.0977090964657083,0.34343773868209365,0.042018228215491935,0.06531120848766198,nan,nan
234,43,22231,forward,e,-,190,190.0,0.0,0.34040731980372707,0.019314991463261717,0.30923064392168026,0.3693423153403965,0.06011167141871626,0.30178165437825594,0.3732561610570858,0.07147450667882987,-0.06292504553262399,0.03540055749635018,0.042849547039774505,nan,nan
234,44,29031,forward,e,-,129,129.0,0.0,0.5072186283345398,0.00755496100600032,0.49142531399103834,0.5145414279239452,0.023116113932906857,0.48581286800478146,0.5148484247040384,0.029035556699256893,-0.7859959879754921,0.020218396800421867,0.025830842786678743,nan,nan
234,45,46651,forward,e,-,3125,3125.0,0.0,0.4033027871498578,0.011760866773378264,0.3835993847444131,0.42214011236339133,0.038540727618978254,0.3786585479129101,0.42794422739391674,0.04928567948100665,-0.016261655759350298,0.021583766974245352,0.02573102305944658,nan,nan
234,46,43447,forward,e,-,765,765.0,0.0,0.4381923130331127,0.008999702508874658,0.42535034619294976,0.45391377925553666,0.028563433062586907,0.41608627555604477,0.4595598971264087,0.04347362157036394,0.1584548819735662,0.016654801390945384,0.023040595262702135,nan,nan
234,47,40685,forward,e,-,599,599.0,0.0,0.46822485687321824,0.011246229272488159,0.4498168618111722,0.4861927707166446,0.036375908905472376,0.4384716140979996,0.48966285089165473,0.051191236793655115,-0.07281133514710598,0.021143270187152022,0.03248851790032459,nan,nan
234,48,29871,forward,e,-,91,91.0,0.0,0.3250861638048072,0.04400126406205289,0.22539811080203903,0.35400842774604957,0.12861031694401054,0.2041744730091901,0.3561092636360912,0.1519347906269011,-0.7974651418545073,0.09458219634819974,0.1158058341410487,nan,nan
234,49,28066,forward,e,-,53,53.0,0.0,0.20637827535872702,0.04271446475109736,0.1768485072812579,0.27462985075966206,0.09778134347840417,0.17160304738794754,0.4049402828404531,0.23333723545250554,2.15650521601265,0.07662611569740202,0.20693654777819304,nan,nan
234,50,30539,forward,e,-,226,226.0,0.0,0.8483211327525417,0.09856305689380301,0.5741364269297254,0.8905165725729481,0.3163801456432227,0.4347641628794435,0.8915573272660413,0.4567931643865978,-2.0698855354622734,0.26681248513321887,0.4061847491835008,nan,nan
234,51,22053,forward,e,-,163,163.0,0.0,0.20344343374601526,0.034194897666270554,0.18719418705997784,0.2477457406476249,0.06055155358764705,0.1749042741804052,0.4327603401228782,0.257856065942473,4.224881391906503,0.04286879711641977,0.2276693233082019,nan,nan
234,52,28876,forward,e,-,1820,1820.0,0.0,0.5255017601513161,0.010955160547374734,0.5033737057146211,0.5376919139196817,0.034318208205060596,0.492377903567087,0.5405067140396358,0.0481288104725488,-0.5001539228738126,0.03206276532468674,0.04305856747222092,nan,nan
234,53,31921,forward,e,-,185,185.0,0.0,0.8721993517034772,0.04343531731142852,0.7547368601901311,0.8929455285395641,0.13820866834943302,0.6727240537625354,0.8937718730301397,0.2210478192676043,-2.144180486120801,0.08438904888079538,0.16640185530839113,nan,nan
234,54,72626,forward,e,-,1104,1104.0,0.0,0.303079756946136,0.01971407531029705,0.28364581222646984,0.3466423549626866,0.06299654273621674,0.2786443417847646,0.36633146458633475,0.08768712280157015,0.7858747140940744,0.03839998589321614,0.05808909551686431,nan,nan
234,55,31181,forward,e,-,387,387.0,0.0,0.4415270840908709,0.03713611184811185,0.37948986845649973,0.4949731815844247,0.11548331312792498,0.37240019388600487,0.5074896888236444,0.13508949493763955,-0.12501544161987393,0.07468840108842513,0.08720490832764483,nan,nan
234,56,29750,forward,e,-,172,172.0,0.0,0.4057558021323991,0.041983598409395306,0.3150644854571324,0.44298109198483165,0.12791660652769926,0.30353763299443476,0.4491710749828073,0.14563344198837253,-0.6173607470891178,0.09288631935989979,0.10441317182259746,nan,nan
234,57,27602,forward,e,-,50,50.0,0.0,0.33221436712391794,0.048701509160342236,0.22726464084289005,0.35790932254092084,0.13064468169803078,0.21441218852957494,0.47006203701851446,0.2556498484889395,-0.17967390576196332,0.12970335046694398,0.1425558027802591,nan,nan
234,58,54409,forward,e,-,2019,2019.0,0.0,0.4419123126512692,0.030212693347675616,0.38737477488399524,0.48421254856759177,0.09683777368359653,0.3713059076223891,0.4892253215317986,0.11791941390940952,-0.2345914691432089,0.05259404744544556,0.06266604388338243,nan,nan
234,59,33278,forward,e,-,72,72.0,0.0,0.8685413071633792,0.06486048942007117,0.6701035274319861,0.8916738963869736,0.2215703689549875,0.6225088404107689,0.8920725405468457,0.2695637001360768,-2.069286177817846,0.2104871634546733,0.2580818504758904,nan,nan
234,60,34339,forward,e,-,307,307.0,0.0,0.38410256747639365,0.05347851703853443,0.27771976766160417,0.4438751812700155,0.16615541360841135,0.25766144755602977,0.45558907312239616,0.1979276255663664,-0.40890132971148246,0.1165684411514814,0.1366267612570558,nan,nan
234,61,36155,forward,e,-,156,156.0,0.0,0.5084921750746934,0.011711051863138235,0.49187259447384496,0.5136433833019177,0.021770788828072762,0.4862417266994129,0.5723421520948844,0.08610042539547147,2.7951581562994545,0.022778774540127847,0.06004555327477323,nan,nan
234,62,37409,forward,e,-,329,329.0,0.0,0.7291396901982429,0.062109326930403164,0.6348944671275563,0.8280677525168973,0.1931732853893411,0.6231597659289662,0.8391347166159274,0.21597495068696126,0.030301520782690966,0.1038351467745958,0.11556984797318592,nan,nan
234,63,37864,forward,e,-,203,203.0,0.0,0.7096945262402568,0.04823324560263258,0.6415478970392774,0.7912498696446267,0.14970197260534934,0.6295049445858013,0.815318893298448,0.18581394871264667,0.158328419333516,0.08024020151055387,0.0997583807982324,nan,nan
234,64,41990,forward,e,-,90,90.0,0.0,0.5441626248436822,0.08460361135458212,0.4754813883806852,0.7155110379093839,0.24002964952869865,0.4740753113743567,0.7196418163822855,0.24556650500792881,0.5095682780740183,0.15337776607186704,0.1575085445447687,nan,nan
234,65,38246,forward,e,-,250,250.0,0.0,0.3730154754232208,0.04791658337454577,0.2963458434833995,0.4522740133680284,0.15592816988462893,0.17886783189695032,0.47780754454934976,0.29893971265239944,-0.389515326017876,0.09108616228105439,0.18455647411846648,nan,nan
234,66,43376,forward,e,-,227,227.0,0.0,0.37250923159238386,0.011618122768241639,0.36102918085726765,0.3980915243730026,0.03706234351573495,0.3598464799153661,0.4240768875977294,0.06423040768236327,1.4827114972157236,0.021530711990558903,0.04751607521528567,nan,nan
234,67,40092,forward,e,-,173,173.0,0.0,0.4611246165253416,0.028980141021897058,0.41805117862181496,0.5082931145219743,0.09024193590015939,0.38532223614850575,0.5119137312985075,0.12659149515000173,0.032338795228451366,0.062305559602241746,0.0659261763787749,nan,nan
234,68,45402,forward,e,-,372,372.0,0.0,0.5161846751771595,0.010765836025487766,0.4953872527125541,0.5281825628772149,0.03279531016466075,0.48868996579258717,0.5294155266261129,0.04072556083352574,-0.5880476803563217,0.017250513364954083,0.02394780028492105,nan,nan
234,69,107717,forward,e,-,185,185.0,0.0,0.51176533147849,0.008728306052350749,0.4933642908820399,0.5194439141228074,0.026079623240767513,0.4893024472776549,0.5198946333383061,0.030592186060651227,-0.6603773062620285,0.02212930074593379,0.02619114435031883,nan,nan
234,70,39842,forward,e,-,124,124.0,0.0,0.39835099262116325,0.03464939927790413,0.3573957184463729,0.4585033037287929,0.10110758528241998,0.3569379296820441,0.4762015158666529,0.1192635861846088,0.2993370296264898,0.06000180312680365,0.07770001526466364,nan,nan
234,71,49473,forward,e,-,3919,3919.0,0.0,0.6335059335318047,0.04490960980275634,0.5614727520082214,0.696640624837911,0.13516787282968956,0.49212415880836236,0.7175698908386217,0.2254457320302593,-0.14517533950386755,0.07700977993926808,0.14201493865337456,nan,nan
234,72,65069,forward,e,-,1436,1436.0,0.0,0.5139805205771638,0.010913450866569974,0.4916307916894358,0.5253723470111041,0.03374155532166834,0.48870248708006797,0.5278521996736902,0.039149712593622266,-0.4607529049780778,0.02364067851352368,0.02656898312289152,nan,nan
234,73,61738,forward,e,-,2258,2258.0,0.0,0.44646949308693096,0.024319659778970687,0.4133819690606119,0.4887512804496798,0.07536931138906788,0.40882144216114535,0.5014692632759685,0.09264782111482317,0.203875496263334,0.04908118803356199,0.061799170859850705,nan,nan
234,74,107740,forward,e,-,92,92.0,0.0,0.4438899556205813,0.020273775584619,0.4290425655693713,0.4946686326992737,0.06562606712990238,0.424060899686456,0.5008580527169868,0.07679715303053081,1.1872369301748131,0.053018886144358186,0.05920830616207129,nan,nan
234,75,47001,forward,e,-,70,70.0,0.0,0.398637119096353,0.04410507947784584,0.31679625264454364,0.4685839382357877,0.15178768559124406,0.30328199149450996,0.4791917148068046,0.17590972331229465,-0.2295647451712727,0.08305694300925,0.0936647195802669,nan,nan
234,76,51135,forward,e,-,146,146.0,0.0,0.3647047877177996,0.006978917560580322,0.36094074845060964,0.38298589653754134,0.0220451480869317,0.3605768019452502,0.39841486405842336,0.03783806211317314,3.111222587007918,0.017388507087498672,0.03281747460838069,nan,nan
234,77,76905,forward,e,-,98,98.0,0.0,0.4992294669684336,0.019310454441218067,0.4656623783374593,0.5121508099406441,0.04648843160318478,0.45292100663488205,0.5721043294030014,0.11918332276811933,0.6501769615953593,0.03251254029082711,0.07587619709481397,nan,nan
234,78,58115,forward,e,-,1951,1951.0,0.0,0.48358931002452993,0.04346943693232046,0.43119495955223064,0.5609053627886595,0.1297104032364289,0.42729937794594197,0.5801467680699264,0.1528473901239844,0.32833416614292343,0.08159930367046275,0.10084070895172953,nan,nan
234,79,53280,forward,e,-,83,83.0,0.0,0.5088297986692447,0.0874832869497075,0.47368300864244783,0.6892105977713052,0.2155275891288574,0.47352321453483115,0.7099590733422753,0.2364358588074441,0.16404815141437182,0.14559504628680078,0.14575484039441744,nan,nan
234,80,58189,forward,e,-,196,196.0,0.0,0.3714774564954594,0.0536691850047312,0.2683397336113742,0.4323388848075282,0.163999151196154,0.25295332753768157,0.4529274001265221,0.19997407258884053,-0.3851592427033664,0.09439211412705449,0.10977852020074713,nan,nan
234,81,54901,forward,e,-,84,84.0,0.0,0.5476406071656925,0.0878838202656296,0.4810713268378158,0.7197627989042711,0.2386914720664553,0.44525565594380084,0.7230573604741507,0.27780170453034986,0.38008310652741367,0.15227019565822933,0.15556475722810892,nan,nan
234,82,52575,forward,e,-,120,120.0,0.0,0.22193957496126293,0.05119633682978367,0.21035350794762256,0.23850806416254833,0.02815455621492577,0.18094749421274092,0.745750992301869,0.5648034980891281,8.996024794139714,0.018360658806842955,0.5181498087488816,nan,nan
234,83,61551,forward,e,-,74,74.0,0.0,0.31767709477507566,0.04502947401323295,0.20152785732022183,0.3451460037001716,0.1436181463799498,0.18755190340125613,0.4062393371021524,0.21868743370089624,-1.018796731692076,0.11377267844429481,0.12774863236326053,nan,nan
234,84,68805,forward,e,-,401,401.0,0.0,0.24029089973614884,0.019187636968514762,0.2194319362169833,0.2529423939223685,0.033510457705385216,0.21286494971779568,0.43765894760485785,0.22479399788706217,6.773339561553771,0.021608927284860496,0.197368047868709,nan,nan
234,85,57546,forward,e,-,58,58.0,0.0,0.5639805764580825,0.06200511309597424,0.46110462540060976,0.6408825218882881,0.17977789648767833,0.43795783041166797,0.6491004436059065,0.2111426131942385,-0.21948660908972906,0.09986453386024233,0.10900523705014392,nan,nan
234,86,70955,forward,e,-,1361,1361.0,0.0,0.4367056472778832,0.02752754275674429,0.41912781501647245,0.505162926436082,0.08603511141960951,0.41592782407227896,0.5297888721306561,0.1138610480583771,1.0317174191869605,0.06731589895734102,0.09194184465191513,nan,nan
234,87,61172,forward,e,-,155,155.0,0.0,0.4028777391159889,0.0386706366986348,0.33808855799649834,0.45859285578999137,0.12050429779349303,0.31575065305961636,0.4736399671618833,0.15788931410226692,-0.1814582961888775,0.06823609975213331,0.08057914099812113,nan,nan
234,88,65016,forward,e,-,2308,2308.0,0.0,0.4947492427120257,0.03688400459461728,0.43987404014108494,0.5479438530933389,0.10806981295225399,0.4352080027829305,0.5627669134538433,0.12755891067091285,0.04023025504322926,0.06096830417151575,0.07579136453202012,nan,nan
234,89,67628,forward,e,-,834,834.0,0.0,0.6308658046860173,0.049417900948480274,0.5604619084208458,0.7047467920085984,0.1442848835877526,0.5455915835032809,0.7122572643470222,0.16666568084374134,-0.03167373828742103,0.08158404696997375,0.09645437188753869,nan,nan
234,90,60926,forward,e,-,5598,5598.0,0.0,0.6162176183848661,0.08263283276140275,0.5124486046044883,0.744499479955892,0.23205087535140378,0.5054648578290029,0.7647524702317807,0.25928761240277787,0.08563827743924923,0.12661473677668122,0.1468677270525699,nan,nan
234,91,76764,forward,e,-,72,72.0,0.0,0.24442576772730304,0.005192681276799774,0.232988625269219,0.24896971778750732,0.015981092518288303,0.22986942746647882,0.24932536974822223,0.01945594228174341,-0.7423399834308679,0.010115489326478513,0.013234687129218714,nan,nan
234,92,67639,forward,e,-,110,110.0,0.0,0.5750811130801214,0.08494781268246733,0.48177054147781206,0.7235806986538781,0.24181015717606602,0.48099490780519705,0.7251866044830467,0.24419169667784968,0.1899592956837213,0.15942131951223884,0.16102722534140745,nan,nan
234,93,136323,forward,e,-,17136,17136.0,0.0,0.6221360453014795,0.05785271041714345,0.5328745668682292,0.7180912124386536,0.1852166455704244,0.5159875072816033,0.7493011938380704,0.23331368655646711,0.06107642209972074,0.10382929813208072,0.12059085324233665,nan,nan
234,94,90021,forward,e,-,86,86.0,0.0,0.2951002268407061,0.03792034715832142,0.274925532787535,0.3952172087606192,0.12029167597308421,0.2740657562008528,0.4254501939164571,0.15138443771560434,1.7083061891065046,0.10877995643303151,0.1390129415888694,nan,nan
234,95,133163,forward,e,-,579,579.0,0.0,0.3748668177296458,0.05526295744480046,0.30399120931968904,0.44847496269661336,0.14448375337692432,0.17007196115669213,0.5081326673677927,0.3380607062111006,-0.9947811499702766,0.09899238395047844,0.20028985914651246,nan,nan
234,96,86786,forward,e,-,53,53.0,0.0,0.33875616104312334,0.03087234586211974,0.31778722667785575,0.4317845629346777,0.11399733625682196,0.31207021226691445,0.44797991142783555,0.1359096991609211,2.1847057124460294,0.0982755900687568,0.11447093856191465,nan,nan
234,97,75322,forward,e,-,202,202.0,0.0,0.6988023527726295,0.033525296067132136,0.6104024275056004,0.710045660450797,0.09964323294519661,0.5697493752442186,0.7111555836964252,0.14140620845220653,-1.359264355330032,0.08651634788415898,0.12716940014554068,nan,nan
234,98,82346,forward,e,-,95,95.0,0.0,0.5092110775433433,0.009244232069260502,0.4896584157260273,0.5173139842631146,0.027655568537087283,0.48478612994476356,0.5175630429277318,0.032776912982968254,-0.6250840157364015,0.02287650916038011,0.02774879494164384,nan,nan
234,99,119562,forward,e,-,80,80.0,0.0,0.20690970595203068,0.05893239520208658,0.17316423192052996,0.346015767043634,0.17285153512310406,0.17049289640178886,0.3853930497406448,0.21490015333885595,0.9240554084082767,0.15253728154739246,0.19191456424440329,nan,nan
234,100,87684,forward,e,-,2981,2981.0,0.0,0.4718541563072824,0.023848761822457036,0.450187019994035,0.5288041627483663,0.07861714275433129,0.44476566306299425,0.5600445804509838,0.11527891738798957,1.129477064957422,0.05621926434050739,0.08745968204312493,nan,nan
234,101,72016,forward,e,-,907,907.0,0.0,0.718178251360075,0.03114512415462137,0.651614289527354,0.7514631445231597,0.09984885499580565,0.6134302589119836,0.7558248662900419,0.1423946073780583,-0.7673754031727869,0.0619684514068209,0.1001524820221914,nan,nan
234,102,86918,forward,e,-,382,382.0,0.0,0.6705750553089023,0.02459249272013834,0.6310656191450119,0.712003649503538,0.08093803035852609,0.6240242206286394,0.7137089865115709,0.0896847658829315,0.0392422651685463,0.04212870670046774,0.047113238006904146,nan,nan
234,103,78981,forward,e,-,1187,1187.0,0.0,0.7606975383561903,0.009640556389484557,0.7394136565600259,0.7715159310626154,0.03210227450258951,0.7228381547311189,0.7743671427462919,0.05152898801517303,-1.0500579089155282,0.023478890671352337,0.04005439250025933,nan,nan
234,104,68925,forward,e,-,542,542.0,0.0,0.741189297066444,0.023867975094650277,0.6851247491596765,0.7566428779662466,0.07151812880657016,0.6628021278626011,0.7578615478458812,0.09505941998328016,-0.9790180050364716,0.0521070088630988,0.07442963016017423,nan,nan
234,105,70032,forward,e,-,142,142.0,0.0,0.658984108243494,0.042426758566089295,0.5766935149329787,0.7039702597675394,0.12727674483456064,0.5617146174737713,0.714557080718681,0.1528424632449097,-0.48731222000992236,0.07073134596616736,0.07956537711153855,nan,nan
234,106,77806,forward,e,-,336,336.0,0.0,0.523248149241796,0.04617879854257426,0.4686777931866417,0.6157407419041457,0.14706294871750403,0.4570346455986231,0.6304873443846123,0.17345269878598918,0.4808260523757088,0.10180140875196408,0.11654801123243064,nan,nan
234,107,107834,forward,e,-,478,478.0,0.0,0.41594594049674105,0.032652065366827424,0.35624275899667684,0.4579701342209388,0.10172737522426195,0.35541432589346594,0.47657248464822777,0.12115815875476182,-0.2291854398600166,0.055131749897846596,0.0652913585759774,nan,nan
234,108,138156,forward,e,-,340,340.0,0.0,0.3709833815953983,0.0174623435395985,0.3552764338075049,0.4107159341467767,0.05543950033927181,0.35454691671163496,0.4189689496272721,0.06442203291563714,0.7697129818267894,0.03152577606339347,0.03977879154388886,nan,nan
234,109,84739,forward,e,-,139,139.0,0.0,0.6160331105710907,0.04875007092297622,0.5156111813105043,0.6687269620570809,0.1531157807465766,0.4878522072992191,0.681946169629871,0.1940939623306519,-0.5856046151281961,0.08377406347926838,0.10941443619921021,nan,nan
234,110,131982,forward,e,-,357,357.0,0.0,0.5362971846256968,0.0880400295252795,0.4827109490854696,0.7235334015402725,0.24082245245480288,0.3570046691330681,0.7263236077680046,0.36931893863493653,0.4486491289981764,0.15055605488710824,0.21763292028127107,nan,nan
234,111,127281,forward,e,-,82,82.0,0.0,0.23592932075503123,0.013241103880274234,0.20661149997936037,0.2506008905730758,0.0439893905937154,0.2034498778135151,0.25096554158407536,0.04751566377056027,-0.5590025877438298,0.04215519008324837,0.045316812249093646,nan,nan
234,112,74330,forward,e,-,486,486.0,0.0,0.5602286788783366,0.08268544520411737,0.4857397013865006,0.72371759699064,0.2379778956041394,0.4841984635547125,0.7288523347402147,0.2446538711855022,0.40605656363877574,0.15989822381488888,0.16503296156446357,nan,nan
234,113,104488,forward,e,-,1278,1278.0,0.0,0.5799525166879667,0.08076413217830784,0.48774979890456965,0.7260017391686745,0.23825194026410484,0.4851753749397023,0.7306067435498895,0.24543136861018722,0.28624343406275654,0.14723601881516332,0.15184102319637838,nan,nan
234,114,118398,forward,e,-,2392,2392.0,0.0,0.7608816346844278,0.03992251665040503,0.6595883208991845,0.78814878357944,0.12856046268025545,0.6234726993066778,0.7927236043635948,0.16925090505691698,-1.0905630255367118,0.11083877915392376,0.1469544007464305,nan,nan
234,115,113342,forward,e,-,265,265.0,0.0,0.6956771458591902,0.05968364561005226,0.55589128747381,0.7320791749118104,0.1761878874380004,0.5309292221357677,0.7333377250291881,0.2024085028934205,-0.9141423757956753,0.1278349056761152,0.15279697101415757,nan,nan
234,116,122399,forward,e,-,112,112.0,0.0,0.4337599199070439,0.05153993475102209,0.3597215307594139,0.5156251061953099,0.155903575435896,0.3567731363998195,0.5387460415225256,0.18197290512270609,0.1320311076265809,0.08942354436810142,0.11254447969531717,nan,nan
234,117,125857,forward,e,-,141,141.0,0.0,0.29394207465676636,0.04964520069321358,0.27172270148474686,0.42987585908454096,0.1581531575997941,0.26985764702023757,0.47748899156422653,0.20763134454398896,1.5744421760629008,0.14623706925131924,0.1938502017310048,nan,nan
234,118,122402,forward,e,-,184,184.0,0.0,0.5065656371221648,0.01093671565446473,0.49165830329674337,0.5110068794984501,0.01934857620170677,0.48966989800437066,0.5632849944755314,0.07361509647116071,2.5545457977025094,0.01806726445897333,0.055517242623914664,nan,nan
234,119,141158,forward,e,-,246,246.0,0.0,0.4555152714135451,0.03394531970313259,0.3895099834379173,0.4905591956408829,0.10104921220296559,0.3818552988061586,0.5110924250893107,0.12923712628315215,-0.43006965235431943,0.059855527785366514,0.06629922906468144,nan,nan
234,120,74706,forward,e,-,84,84.0,0.0,0.31564481941412725,0.04082250530529815,0.2736699686750817,0.3991357060616896,0.12546573738660788,0.26964252929233734,0.43363497300734827,0.16399244371501093,0.5985763600035096,0.0756858360739873,0.11018510301964601,nan,nan
234,121,78627,forward,e,-,66,66.0,0.0,0.31790747814969067,0.029545441995552747,0.26017053342906005,0.3669930839679495,0.10682255053888945,0.23908189779827999,0.37862931680802886,0.13954741900974887,-0.40961849838806347,0.05731118796034948,0.07504631440227749,nan,nan
234,122,124420,forward,e,-,576,576.0,0.0,0.4126394541952023,0.028884655869974206,0.35394703817412004,0.4506221737745166,0.09667513560039653,0.31888843395606736,0.4761653447781783,0.15727691082211093,-0.4644043387660817,0.058288560894421304,0.08625841282185187,nan,nan
234,123,120702,forward,e,-,327,327.0,0.0,0.46419068559560034,0.017377915743931074,0.4384241566794084,0.4949331172131376,0.05650896053372917,0.43281409873150134,0.5049185141818385,0.07210441545033719,0.17881705756908634,0.04258685993526587,0.052572256903966774,nan,nan
234,124,87559,forward,e,-,124,124.0,0.0,0.4954057538766681,0.005420169102475709,0.486363904184007,0.502915075268355,0.016551171084348004,0.48199711217678115,0.5033578710716218,0.021360758894840626,-0.3731950071697556,0.009078564958282343,0.012042818329119909,nan,nan
234,125,121586,forward,e,-,9769,9769.0,0.0,0.47392328338803247,0.028076892025582192,0.4109120243953761,0.5018782719123627,0.09096624751698656,0.3900349248681931,0.5077452477731084,0.11771032290491529,-0.7281273290549563,0.051215244334823586,0.07209234386200664,nan,nan
234,126,120587,forward,e,-,1112,1112.0,0.0,0.7124507110781486,0.059396069382467685,0.5742626345765335,0.7508500501953391,0.17658741561880564,0.3637167203095289,0.753238739862689,0.38952201955316007,-1.3851994362908788,0.15857012767793044,0.369116041944935,nan,nan
234,127,107934,forward,e,-,3031,3031.0,0.0,0.3548817817226421,0.030965671895913458,0.33260291997551983,0.43348241449431407,0.10087949451879424,0.2922757074230768,0.48325345090566535,0.19097774348258856,1.3480912977491422,0.08907787772137732,0.1388489141327286,nan,nan
234,128,121146,forward,e,-,127,127.0,0.0,0.2921712173574046,0.05956888985506873,0.26879642856348757,0.47494375477796935,0.20614732621448179,0.26571710780756386,0.5089094773038363,0.24319236949627243,1.9889669704237847,0.1720535194917162,0.20601924201758315,nan,nan
234,129,115982,forward,e,-,2728,2728.0,0.0,0.3837729382417939,0.02474285583584862,0.36224718995883215,0.4483706992505692,0.08612350929173707,0.35706679686522536,0.48847867942581336,0.131411882560588,1.667088778656591,0.07434383030346914,0.11445181047871328,nan,nan
234,130,158319,forward,e,-,109,109.0,0.0,0.21971231595561636,0.013107046966969304,0.20200109542528258,0.24116884996729956,0.039167754542016986,0.1977049379497293,0.24225069477983507,0.04454575683010578,0.12527211161217117,0.036725585599828726,0.03780743041236423,nan,nan
234,131,127892,forward,e,-,138,138.0,0.0,0.28195779104707774,0.018841669433463413,0.25989472934115526,0.3244594144275922,0.06456468508643692,0.25342338216991295,0.341161084938604,0.08773770276869103,0.8858133306153243,0.049840398100239484,0.06654206861125128,nan,nan
234,132,124671,forward,e,-,570,570.0,0.0,0.6033185961691022,0.0416415186370738,0.5255399080361491,0.6695607172718,0.14402080923565086,0.49254840640655634,0.6845508153100269,0.1920024089034706,-0.22087848842244415,0.08159009634679157,0.1145815979763844,nan,nan
234,133,146384,forward,e,-,322,322.0,0.0,0.2521742036675435,0.006863738936691521,0.23463910940733718,0.25777614368357255,0.02313703427623537,0.22859737273417677,0.25904216722625956,0.03044479449208279,-1.0642393356937214,0.012724677625569234,0.0169746889411794,nan,nan
234,134,95195,forward,e,-,1932,1932.0,0.0,0.30466493206368345,0.02470551347735349,0.2684205215599516,0.3518030589760248,0.08338253741607321,0.26195864129273383,0.39307886556230026,0.13112022426956643,0.6044659036206517,0.06262182680131385,0.10389763338758928,nan,nan
234,135,106920,forward,e,-,590,590.0,0.0,0.552524788138421,0.04338663183277017,0.5055030433634787,0.6371781180563008,0.13167507469282203,0.5040131172458164,0.6616296223370366,0.15761650509122016,0.477035041014759,0.07900960674478846,0.10346111102552435,nan,nan
234,136,108772,forward,e,-,416,416.0,0.0,0.4381912921915341,0.025285643189527588,0.3974275872638781,0.4797697259019088,0.08234213863803069,0.3846765934786986,0.4874617701414431,0.1027851766627445,-0.030162317055929033,0.045333374878644486,0.055902368075319675,nan,nan
234,137,99266,forward,e,-,294,294.0,0.0,0.5002414097845411,0.03043377041209063,0.4704056208231059,0.563750562068566,0.09334494124546011,0.4691532150525562,0.5830623471612643,0.11390913210870807,0.5509150176642936,0.05974576186925325,0.07905754696195155,nan,nan
234,138,107029,forward,e,-,73,73.0,0.0,0.2835141553468509,0.005938657140214176,0.277807634449187,0.2950426723564685,0.017235037907281536,0.2771265440012598,0.30048998927162945,0.023363445270369654,0.7584410853097157,0.01139171013942245,0.0168390270545834,nan,nan
234,139,109837,forward,e,-,586,586.0,0.0,0.3490985396769416,0.03642620715925308,0.2861585165704229,0.40161156450925833,0.11545304793883543,0.2751346523706724,0.43306196592088125,0.15792731355020884,-0.0912566392111194,0.06458078006643592,0.09603118147805884,nan,nan
234,140,103920,forward,e,-,150,150.0,0.0,0.5109592720787763,0.008582109545593707,0.4914304897859693,0.5181890953230217,0.026758605537052393,0.48905849193317646,0.5185090086168794,0.029450516683702965,-0.751282082811601,0.01897740119426802,0.021349399047060846,nan,nan
234,141,169244,forward,e,-,55,55.0,0.0,0.35530791312316024,0.05089276017018629,0.28227600125364544,0.44466119534939474,0.1623851940957493,0.2713446185273366,0.4597301041768526,0.18838548564951602,0.09845107858198417,0.0933031783203884,0.1083720871478463,nan,nan
234,142,106530,forward,e,-,197,197.0,0.0,0.3801749097656876,0.03561843290915637,0.31076935832301533,0.4228486874859946,0.11207932916297925,0.29734411206446704,0.4410021187990546,0.14365800673458756,-0.4185571034704042,0.0682756177589976,0.08170086401754595,nan,nan
234,143,107327,forward,e,-,78,78.0,0.0,0.4758189014475418,0.019664857392836965,0.43443476656877084,0.4985778037092051,0.06414303714043429,0.42143515220107497,0.503717293687674,0.08228214148659907,-0.7078833636889807,0.041666126500020086,0.05466574086771597,nan,nan
234,144,167802,forward,e,-,745,745.0,0.0,0.4919529527907208,0.06434562944527272,0.42401650124460316,0.6499630922771384,0.22594659103253528,0.38903836366948896,0.6763504319264438,0.2873120682569549,0.9406962899909203,0.15484061823746298,0.18122795788676838,nan,nan
234,145,173458,forward,e,-,98,98.0,0.0,0.24512123560942062,0.061730128191989496,0.17752636454402895,0.3493096687591663,0.17178330421513735,0.17423059549629938,0.4362649275976648,0.2620343321013654,0.7025453211585162,0.10346303710895277,0.19041829594745127,nan,nan
234,146,123438,forward,e,-,209,209.0,0.0,0.5624766897788325,0.08600864049968901,0.48560519582769507,0.7259123936042972,0.2403071977766021,0.48393475783594403,0.8726010775688735,0.3886663197329295,0.53762612728496,0.15503915090849865,0.301727834873075,nan,nan
234,147,176484,forward,e,-,108,108.0,0.0,0.31920072443096803,0.06187399503070082,0.25130151124902866,0.45516033283236024,0.20385882158333157,0.24713010486506257,0.5045641790888539,0.2574340742237913,0.8636515692052065,0.15515877995287888,0.2045626262093725,nan,nan
234,148,146480,forward,e,-,671,671.0,0.0,0.6040025922937183,0.07558054460520833,0.47734220946997274,0.7059324868595622,0.22859027738958948,0.4613968454487337,0.7156045611397269,0.2542077156909932,-0.15040147452967711,0.12216877522072417,0.13005479439973877,nan,nan
234,149,110855,forward,e,-,52,52.0,0.0,0.27223507528061686,0.005887279000707367,0.26650685949177627,0.28570502302445,0.01919816353267373,0.2656485088725183,0.28724946469969254,0.02160095582717425,0.7273135435281968,0.010136122996908263,0.011680564672150784,nan,nan
234,150,203913,forward,e,-,141,141.0,0.0,0.29745234017573163,0.05024739928251316,0.25161196391072727,0.4100524474054502,0.15844048349472295,0.1711696775463333,0.49148862227255236,0.320318944726219,0.9075644508145538,0.11424864609593316,0.19403628209682072,nan,nan
234,151,132564,forward,e,-,484,484.0,0.0,0.6989799107910668,0.04722732168503543,0.6016623181913647,0.734286026187862,0.13262370799649725,0.5302051714864937,0.7359195157070855,0.20571434422059176,-0.9386870154203997,0.12295470380006905,0.19441185050494014,nan,nan
234,152,109896,forward,e,-,130,130.0,0.0,0.38504778274226,0.02409950026548094,0.3466216090061062,0.4213328409680858,0.0747112319619796,0.3395825954626509,0.43002080641455465,0.09043821095190374,-0.049403738485585394,0.04146726307552192,0.04732361397958995,nan,nan
234,153,117706,forward,e,-,1239,1239.0,0.0,0.29480783262849103,0.020522280090168248,0.26335618316275805,0.32858874204351185,0.0652325588807538,0.258997550190743,0.3336602236877605,0.0746626734970175,0.05558648227567836,0.03938017066098758,0.04445165230523623,nan,nan
234,154,122287,forward,e,-,51,51.0,0.0,0.31337562807661645,0.020940704289274584,0.2798205260398373,0.3402479387999096,0.0604274127600723,0.2762704908494713,0.34285180139579524,0.06658131054632394,-0.21607505948325592,0.03688887743203745,0.040438912622403456,nan,nan
234,155,125160,forward,e,-,270,270.0,0.0,0.3801197714842241,0.035557412258542136,0.3207377771081511,0.4340916235181169,0.11335384640996582,0.29948070754611456,0.44306315001722324,0.14358244247110868,-0.14360202822529144,0.06676471945482568,0.0880217890168622,nan,nan
234,156,112612,forward,e,-,80,80.0,0.0,0.3084833964702727,0.01862079969310586,0.27861830433761986,0.3359026326549915,0.057284328317371624,0.2773252395931423,0.3413905712701579,0.06406533167701561,-0.03673883929318346,0.03114060105303137,0.03662853966819779,nan,nan
234,157,141979,forward,e,-,2111,2111.0,0.0,0.76474587979577,0.02432838231822383,0.7132130518091473,0.7946969798254551,0.08148392801630777,0.6871132564248251,0.8023155303039098,0.11520227387908466,-0.662021337287604,0.05014817305015751,0.07624796843447967,nan,nan
234,158,152539,forward,e,-,1899,1899.0,0.0,0.3643814774018301,0.03175597026974763,0.33859376219913667,0.44095206827737415,0.10235830607823748,0.33215821692069386,0.48049069540621847,0.1483324784855246,0.8322915061611288,0.09123567752443175,0.13077430465327605,nan,nan
234,159,160687,forward,e,-,10375,10375.0,0.0,0.4442766360999933,0.024143354402283372,0.4015521520388959,0.4780567080866631,0.07650455604776724,0.3893461830915118,0.485419104956855,0.09607292186534316,-0.2145941312360804,0.041502638921664455,0.051400162981201425,nan,nan
234,160,139237,forward,e,-,180,180.0,0.0,0.28168931244279366,0.05022482820792623,0.23978374555161086,0.4114370874715802,0.17165334191996934,0.18406196746162073,0.45863305032872526,0.2745710828671045,1.3739655152713106,0.13309219650387588,0.18028815936102094,nan,nan
234,161,141438,forward,e,-,1237,1237.0,0.0,0.5390750036558715,0.0779122828276878,0.4901492725318223,0.7221848236844736,0.2320355511526513,0.4876547953861214,0.73388026556231,0.24622547017618862,0.7948657972071187,0.1684580674830748,0.18015350936091123,nan,nan
234,162,141302,forward,e,-,53,53.0,0.0,0.5452430582513418,0.023987344821401867,0.5060015209240345,0.5729162799669496,0.0669147590429151,0.5012463608685801,0.572955757279698,0.07170939641111795,-0.21122525944203527,0.0398611734365534,0.039900650749301825,nan,nan
234,163,143407,forward,e,-,647,647.0,0.0,0.5229027433145955,0.05449947376288369,0.38613061410685545,0.588725772259914,0.2025951581530585,0.3562089582089487,0.6187627707506994,0.2625538125417507,-1.181190383540375,0.1435244668305927,0.17344612272849946,nan,nan
234,164,136225,forward,e,-,1363,1363.0,0.0,0.3030734460511814,0.023444316710268833,0.2607960211092619,0.3315589654054528,0.0707629442961909,0.2555273661873299,0.3356637618764648,0.08013639568913489,-0.26689841795541835,0.05638614560757359,0.061654800529505616,nan,nan
234,165,171505,forward,e,-,814,814.0,0.0,0.384922499252194,0.03233148418773568,0.3231879632852965,0.4261858251941879,0.10299786190889143,0.3097781140805341,0.4362639234909301,0.126485809410396,-0.3656543689561878,0.061046458310072195,0.07445630751483462,nan,nan
234,166,151417,forward,e,-,51,51.0,0.0,0.5076425919463401,0.010895882453629201,0.5035828377831935,0.5163829746614704,0.012800136878276969,0.503033972363202,0.5660817502295632,0.06304777786636118,4.441287014114651,0.01044891949002541,0.05740346194766177,nan,nan
234,167,153567,forward,e,-,2544,2544.0,0.0,0.7959418577028485,0.029924780066112495,0.7205372641635174,0.8155324473659574,0.09499518320244005,0.679191844305218,0.819846047255856,0.14065420295063802,-1.3755236744686952,0.08430454593293688,0.12564996579123633,nan,nan
234,168,145934,forward,e,-,130,130.0,0.0,0.4497950480903783,0.007534182147679838,0.4357971131752801,0.4607145686536067,0.024917455478326633,0.4334702470234423,0.46186508040356894,0.02839483338012666,-0.30498366555684875,0.013483305153781128,0.01581017130561896,nan,nan
234,169,166807,forward,e,-,839,839.0,0.0,0.22782429538327686,0.0647149983262562,0.17593549835987404,0.3628528491859353,0.18691735082606126,0.17108557576733655,0.5013612177782875,0.33027564201095094,1.1094849514242977,0.15931752876956387,0.297825897361916,nan,nan
234,170,174618,forward,e,-,3242,3242.0,0.0,0.4008234051233747,0.015842639987291435,0.3765847359535163,0.4282758417806594,0.05169110582714309,0.3684861099294247,0.4412969110514798,0.07281080112205507,0.15114494033976958,0.031742002050070404,0.044763071320890746,nan,nan
234,171,174565,forward,e,-,84,84.0,0.0,0.23188385448781654,0.030670200043270476,0.17176452745942825,0.25626136065284427,0.08449683319341603,0.17022953849297173,0.26108804686802367,0.09085850837505194,-0.19939142552506442,0.06268691417379711,0.06751360038897652,nan,nan
234,172,153918,forward,e,-,52,52.0,0.0,0.6594464357482827,0.04777725699393962,0.5847488527135623,0.7258707213021051,0.1411218685885428,0.5751869623708888,0.7267625338725181,0.15157557150162926,-0.029456506038231654,0.09691722077816789,0.1064791111208413,nan,nan
234,173,154611,forward,e,-,1445,1445.0,0.0,0.30512925951603626,0.023387209646163313,0.2594380471962415,0.3344363265802721,0.07499827938403064,0.25308869942906403,0.34050613749861164,0.0874174380695476,-0.34416986563127644,0.04198572872181876,0.048055539640158296,nan,nan
234,174,187351,forward,e,-,67,67.0,0.0,0.17490127357887547,0.009061610825536604,0.1705322128489901,0.19727569025314087,0.026743477404150784,0.17043508929575893,0.2138392379654721,0.04340414866971318,2.037994627900378,0.023112789213388007,0.03967633692571923,nan,nan
234,175,169643,forward,e,-,442,442.0,0.0,0.17540895995926467,0.04230053948488071,0.17222570294170486,0.2742727622336974,0.10204705929199254,0.1716128968919359,0.29148860081139855,0.11987570391946265,0.5593081529395357,0.10080532427249625,0.11802116285019737,nan,nan
234,176,168958,forward,e,-,282,282.0,0.0,0.6722335538914148,0.0664363414485379,0.534162833496995,0.7365915282777927,0.20242869478079772,0.5156766845731713,0.7382129665591353,0.22253628198596398,-0.6003330408975975,0.12852559481784423,0.14701174374166792,nan,nan
234,177,170926,forward,e,-,727,727.0,0.0,0.6112374969244435,0.06635315993717014,0.5227198759047704,0.7318787384354656,0.20915886253069516,0.49632741050534285,0.7366803260603209,0.240352915554978,0.1730624968886697,0.11583993614375801,0.12135392183550814,nan,nan
234,178,173453,forward,e,-,326,326.0,0.0,0.4914041553400108,0.021371051854994647,0.45041170268477726,0.5098823597375254,0.05947065705274812,0.4397946277086484,0.56932910221214,0.12953447450349154,-0.23588933723848804,0.03319319053155305,0.08607991230531403,nan,nan
234,179,183842,forward,e,-,352,352.0,0.0,0.3123309475861811,0.058675315020186546,0.19458858501975415,0.39954626410921895,0.2049576790894648,0.17583384093400584,0.5100357641299618,0.33420192319595593,0.19614884081234432,0.12054876599793049,0.2081837760869899,nan,nan
234,180,182265,forward,e,-,1084,1084.0,0.0,0.65070074892116,0.08403432436427039,0.5045395863174762,0.7449958305401808,0.24045624422270462,0.5006638482365117,0.7482513906873838,0.2475875424508721,-0.25168174362318496,0.13957766820679088,0.14345340628775538,nan,nan
234,181,174823,forward,e,-,856,856.0,0.0,0.5161561917895421,0.0296387060182473,0.4934150944610895,0.5872220898641938,0.09380699540310428,0.4918321856304661,0.6099293870648335,0.11809720143436736,1.0373341260391546,0.06689380062523503,0.08960109782587478,nan,nan
234,182,173712,forward,e,-,483,483.0,0.0,0.3734119259831255,0.020520685530565415,0.3543927273607959,0.4160010405268983,0.06160831316610238,0.3534727015855489,0.42643096289046817,0.07295826130491928,0.5352689988584884,0.040942521189263205,0.0513724435528331,nan,nan
234,183,184891,forward,e,-,124,124.0,0.0,0.5737571624500062,0.08735298570859268,0.4842275784381175,0.7247948228900875,0.24056724445196997,0.39081879661453073,0.8425759630388887,0.451757166424358,0.3178691912949269,0.17299914928730878,0.29078028943611,nan,nan
234,184,174489,forward,e,-,5009,5009.0,0.0,0.7757220837262776,0.027807374211411735,0.7349654346269052,0.8232063833521546,0.08824094872524935,0.7214374487693315,0.8403985720890511,0.11896112331971964,0.13445970921709008,0.05039664399520107,0.06376693826276436,nan,nan
234,185,169367,forward,e,-,173,173.0,0.0,0.17629500827682296,0.015887234831980006,0.17171099743774934,0.18075759365829525,0.009046596220545905,0.1713656096855857,0.2545200832543059,0.08315447356872022,4.217210236405847,0.007247426495152614,0.08100991609116329,nan,nan
234,186,186077,forward,e,-,253,253.0,0.0,0.4494432010340902,0.009220806949023375,0.4276824390625722,0.45590437320732,0.02822193414474783,0.4255131168679892,0.4571189874927219,0.03160587062473269,-0.9083624812653586,0.01575073232127655,0.01792005451585954,nan,nan
234,187,158732,forward,e,-,188,188.0,0.0,0.18729433814027138,0.0227835848976737,0.18021809454383886,0.24226121232677908,0.06204311778294022,0.17920248327938595,0.3637110832287303,0.18450859994934435,3.0786625016385876,0.05499426865682462,0.17644413955877586,nan,nan
234,188,170213,forward,e,-,56,56.0,0.0,0.18207978186641935,0.012201579051414377,0.1787687922442069,0.1917116229835495,0.012942830739342603,0.1786603784825785,0.24730846231494985,0.06864808383237134,4.592862870174643,0.010105101120432267,0.06570194045183264,nan,nan
234,189,180073,forward,e,-,2019,2019.0,0.0,0.3832249125517558,0.017118997021956964,0.3589018297918762,0.41513664874439826,0.05623481895252208,0.3521154197814481,0.42806465736828925,0.07594923758684113,0.27502280562190984,0.04347136718661743,0.05639937581050841,nan,nan
234,190,182088,forward,e,-,2067,2067.0,0.0,0.8227386683461085,0.03414839409435044,0.7185530413866411,0.8404897802217726,0.12193673883513145,0.6724834422668574,0.8484060437359374,0.17592260146908,-2.3985938070848944,0.10706359902863541,0.1531331981484192,nan,nan
234,191,177383,forward,e,-,3466,3466.0,0.0,0.32150893780417866,0.02916177997460557,0.2671177415354604,0.36142933135317246,0.09431158981771204,0.2509088292410806,0.37879713232127843,0.12788830308019783,-0.2781103122877291,0.05732463022335996,0.07353354251773975,nan,nan
234,192,174403,forward,e,-,229,229.0,0.0,0.20619920868286315,0.01764659164969393,0.1923925627703824,0.2463844880133679,0.05399192524298549,0.17954941229196014,0.24885664445362365,0.06930723216166351,0.6168402873318277,0.05124767150857401,0.05371982794882976,nan,nan
234,193,178238,forward,e,-,102,102.0,0.0,0.4289556447306927,0.02648242448348545,0.38271816830137934,0.46357048139807655,0.08085231309669721,0.3567869823410035,0.4839630296677794,0.1271760473267759,-0.35867001727488096,0.05426700881631404,0.06595585152750139,nan,nan
234,194,170665,forward,e,-,53,53.0,0.0,0.44652887816701975,0.002617357455907412,0.4440081798121723,0.4516537545923573,0.007645574780185016,0.44274057591770466,0.45280993335227193,0.010069357434567272,0.5550681889332063,0.005029966707998667,0.0061861454679132954,nan,nan
234,195,186177,forward,e,-,644,644.0,0.0,0.21745738520011726,0.011752255582949137,0.19873477684226767,0.23535426757273667,0.036619490730468995,0.19546198001058368,0.23932991277425575,0.04386793276367207,-0.04559475832987036,0.03211486655586064,0.036090511757379706,nan,nan
234,196,181587,forward,e,-,273,273.0,0.0,0.5608459406022845,0.02322609256803741,0.522347660333027,0.5947080940451183,0.07236043371209122,0.505789958780674,0.5974589831823857,0.09166902440171165,-0.29986069652221037,0.04456483540472548,0.06112253695707848,nan,nan
234,197,179171,forward,e,-,684,684.0,0.0,0.6586204162248839,0.06149920218927197,0.5931842958729625,0.7822736223290163,0.1890893264560538,0.5440502208788411,0.8060407373741304,0.26199051649528926,0.4077957512026917,0.11356002225007555,0.13415217342651975,nan,nan
234,198,209870,forward,e,-,258,258.0,0.0,0.3467051464857872,0.08458877244830293,0.24937116892563393,0.47141500996146196,0.22204384103582803,0.24740282110900852,0.49648282713049796,0.24908000602148944,0.2788763711595573,0.21795218564469565,0.24302000281373165,nan,nan
234,199,183992,forward,e,-,55,55.0,0.0,0.27587712742434867,0.007805134844041837,0.26224567456667636,0.2875357463610451,0.025290071794368763,0.2590375258566332,0.28831042827045694,0.029272902413823743,-0.14621678047838693,0.01977442949993583,0.020549111409347676,nan,nan
234,200,187670,forward,e,-,1992,1992.0,0.0,0.36340431633135817,0.022561229461047872,0.2939278824685599,0.3861922339564075,0.09226435148784762,0.2729211736658949,0.3958390215827385,0.12291784791684357,-1.9229128895173722,0.060886375441590306,0.08189308424425534,nan,nan
234,201,183195,forward,e,-,183,183.0,0.0,0.5851182259033885,0.0820817434806926,0.4855791357459689,0.7196607824841886,0.23408164673821974,0.36075741637874237,0.7270899802107073,0.3663325638319649,0.08468435114131632,0.14784369041418574,0.21242184909461304,nan,nan
234,202,187458,forward,e,-,267,267.0,0.0,0.24118017949310103,0.02694128055062867,0.18421479787402062,0.24929607253495817,0.06508127466093755,0.18074691547201577,0.2509870427131667,0.07024012724115092,-0.4863770118157436,0.0569653816190804,0.06043326402108526,nan,nan
234,203,188365,forward,e,-,144,144.0,0.0,0.3153219699989684,0.019402685883041563,0.2944427989304811,0.3569932461028683,0.06255044717238722,0.28974206964041627,0.367361894647465,0.07761982500704873,0.6944876723576224,0.03793952327085853,0.048308171815455214,nan,nan
234,204,191955,forward,e,-,61,61.0,0.0,0.49223580836202185,0.024333848549014322,0.42094178943543337,0.508718730232214,0.08777694079678067,0.40749686137363955,0.508945407826089,0.10144854645244944,-1.7085476719073136,0.07132118880639987,0.08476611686819369,nan,nan
234,205,196937,forward,e,-,542,542.0,0.0,0.257960436050876,0.033626798089907844,0.24223432055417918,0.270735848030378,0.0285015274761988,0.23584252570704772,0.5083892962430153,0.2725467705359676,5.824394959917779,0.023949247142302538,0.244601211183883,nan,nan
234,206,184764,forward,e,-,798,798.0,0.0,0.7002096540836621,0.04002493640230573,0.6211506058829782,0.7397896374852627,0.1186390316022845,0.6053802630275186,0.7418360474460247,0.13645578441850614,-0.44060673635017905,0.08282928507758534,0.098599627933045,nan,nan
234,207,185292,forward,e,-,271,271.0,0.0,0.39517331766318897,0.03638198962196427,0.33353116852097753,0.44607528570305,0.11254411718207247,0.31381706660249664,0.4760937726429392,0.16227670604044253,-0.19004397579173657,0.06302877711342425,0.09084797231202557,nan,nan
234,208,192657,forward,e,-,903,903.0,0.0,0.2660042004769141,0.008556691246922038,0.25249984653056173,0.27981560030098973,0.027315753770427997,0.2489836245812507,0.2905742650463381,0.0415906404650874,0.1935296549418875,0.016429820378144742,0.023249537052829894,nan,nan
234,209,207954,forward,e,-,523,523.0,0.0,0.4385201471168778,0.010371880492201616,0.41890580070276945,0.4513594650982537,0.03245366439548425,0.41096513103634613,0.4530676766225665,0.04210254558622034,-0.39351501157711893,0.02856910531176952,0.036509774978192855,nan,nan
234,210,185518,forward,e,-,1011,1011.0,0.0,0.818526509388483,0.05739623660584683,0.6822888477595053,0.8439638564854826,0.1616750087259773,0.6294346258378707,0.8464854473870952,0.2170508215492245,-0.9896490837381784,0.11319802512440141,0.16605224704603605,nan,nan
234,211,208699,forward,e,-,814,814.0,0.0,0.44912161078673196,0.009957436162985465,0.42905762267840564,0.4600546170818223,0.03099699440341669,0.4219727232896477,0.4616939841598514,0.03972126087020372,-0.5019525014989404,0.020102154073814014,0.027187053462571997,nan,nan
234,212,195967,forward,e,-,1518,1518.0,0.0,0.31272049225238197,0.01061680379401741,0.29687383130873296,0.33119574704747423,0.03432191573874127,0.288280187301043,0.3356421914808403,0.0473620041797973,0.07880541602140935,0.01925782700612527,0.02739536309879964,nan,nan
234,213,221491,forward,e,-,287,287.0,0.0,0.3069882545598738,0.038984431707505304,0.2962188691125991,0.44559355371839565,0.14937468460579656,0.2864102618330705,0.4935853339020496,0.20717507206897912,3.4553549296174153,0.13899370717770831,0.18698548736136228,nan,nan
234,214,198357,forward,e,-,528,528.0,0.0,0.7674041860802563,0.04469611475063336,0.6723274844939927,0.8276655177608025,0.15533803326680984,0.60619412320655,0.8477633629237413,0.24156923971719135,-0.8065829427496516,0.10130838569869963,0.16744174698614245,nan,nan
234,215,207478,forward,e,-,1091,1091.0,0.0,0.3342374053312647,0.01375227821691303,0.30680493631037764,0.3473873678847248,0.040582431574347155,0.2819939407008997,0.3506113447628706,0.06861740406197087,-1.292113679775381,0.034333662695973016,0.05914465830545096,nan,nan
234,216,201577,forward,e,-,432,432.0,0.0,0.26343123958825887,0.008829143817446754,0.2497061010143687,0.28152063460121574,0.03181453358684705,0.24402252013210052,0.2879847739028322,0.04396225377073171,0.3733895694657231,0.021245694972888415,0.027709834274504908,nan,nan
234,217,215999,forward,e,-,177,177.0,0.0,0.2682056917689971,0.008260717859797616,0.2568304738454542,0.28346037108548133,0.026629897240027123,0.2482743886390094,0.2862312877893624,0.037956899150352996,0.30005977702810827,0.021470348868226307,0.024241265572107373,nan,nan
234,218,200025,forward,e,-,634,634.0,0.0,0.2876327480788708,0.006550689178264019,0.2773376282955464,0.2983550677462133,0.021017439450666864,0.2737840015149589,0.3010587941606653,0.02727479264570637,0.054054966648701956,0.011651089050831712,0.015184330762943954,nan,nan
234,219,212975,forward,e,-,194,194.0,0.0,0.2750788767900055,0.008227695380139835,0.260443284020799,0.2842281209320651,0.023784836911266094,0.2585586724370194,0.2866374337345912,0.028078761297571808,-0.32993558777990883,0.016753145308281994,0.019162458110808078,nan,nan
234,220,199435,forward,e,-,1347,1347.0,0.0,0.8436647441549044,0.02848161598555332,0.7683790296305605,0.8565485644422351,0.08816953481167467,0.6599356216598226,0.8597500074356198,0.19981438577579724,-2.2187846998361516,0.08536673333137182,0.19381014130210972,nan,nan
234,221,210407,forward,e,-,105,105.0,0.0,0.2480664074745499,0.0019076314801761709,0.24521982712516166,0.2513087641095577,0.006088936984396054,0.24445644966461746,0.2526239671221815,0.008167517457564027,0.2676757787706909,0.0037929448457139857,0.0051081478583377415,nan,nan
234,222,211697,forward,e,-,262,262.0,0.0,0.2768637504234854,0.0035858491825215993,0.2702795834531569,0.28164173545122173,0.01136215199806484,0.268077693967228,0.2837752252319461,0.015697531264718068,-0.276603709065944,0.006483578168764884,0.007856111055786874,nan,nan
234,223,213762,forward,e,-,96,96.0,0.0,0.29084824524831454,0.0032329931431577317,0.28628718690390703,0.2962455129793201,0.009958326075413082,0.2854766908496904,0.2973358279838737,0.011859137134183295,0.1367078561555853,0.005353523175699468,0.00598490565797799,nan,nan
234,224,216403,forward,e,-,906,906.0,0.0,0.3149348470081954,0.02661535802638923,0.29506123941280826,0.3792634193154908,0.08420217990268253,0.2793274858512206,0.4041758049614247,0.12484831911020411,1.0308874968934432,0.06608031607428652,0.09099270172022039,nan,nan
234,225,217741,forward,e,-,444,444.0,0.0,0.26915082257737266,0.010107924356065456,0.2465382653062452,0.27840707495019934,0.03186880964395414,0.2422886218192287,0.28052875901998486,0.03824013720075617,-0.7053137546378717,0.021155635663178365,0.025405279150194887,nan,nan
234,226,213015,forward,e,-,149,149.0,0.0,0.3158761157237116,0.02235151393306816,0.2916569587033944,0.36145616764192123,0.06979920893852681,0.2860122317181005,0.3829135007586,0.0969012690404995,0.6580533441976876,0.0530896838766144,0.07454701699329314,nan,nan
234,227,217754,forward,e,-,418,418.0,0.0,0.2887539938874011,0.005109333964816201,0.2825468285368175,0.29978463823143897,0.017237809694621464,0.2809913148306598,0.30359046993828737,0.022599155107627555,0.6721114373950162,0.010106834005186928,0.01391266571203531,nan,nan
234,228,215359,forward,e,-,911,911.0,0.0,0.35242565909536866,0.02073460709573495,0.32341299729858264,0.3895073717272923,0.06609437442870963,0.31785366476203114,0.40941036109480666,0.09155669633277552,0.28516602658006124,0.03730538952835952,0.051103409419911594,nan,nan
234,229,218639,forward,e,-,215,215.0,0.0,0.2773381471513723,0.007300740826470066,0.266243059007674,0.28954209478172893,0.023299035774054955,0.2637643908008682,0.29306695459459997,0.02930256379373175,0.10170558035013942,0.013006877194831384,0.015728807443227688,nan,nan
234,230,222316,forward,e,-,89,89.0,0.0,0.32483813140505946,0.006999445197773605,0.31012684531872414,0.3327311659115768,0.022604320592852667,0.3051387242809251,0.33404595460282027,0.028907230321895183,-0.5792486648160006,0.016273179210316232,0.02126130024811529,nan,nan
234,231,220314,forward,e,-,258,258.0,0.0,0.28780317928381294,0.005969137874330851,0.2792170141951865,0.29877517476724724,0.019558160572060723,0.276115135475551,0.3019345659197822,0.025819430444231184,0.2536012325688311,0.011373492628969629,0.01351915048568969,nan,nan
234,232,221556,forward,e,-,378,378.0,0.0,0.2579703485971338,0.008252025167461739,0.24505236219973,0.2715651754820573,0.02651281328232727,0.24309775585736618,0.27548769012582286,0.03238993426845668,0.05688413656486053,0.01574627378170471,0.019668788425470318,nan,nan
234,233,222949,forward,e,-,55,55.0,0.0,0.5420598524300339,0.037297205463742454,0.5007102355075603,0.6074792960833579,0.1067690605757976,0.5004053735603766,0.6120442733224908,0.11163889976211416,0.39283361726678007,0.05811130324775531,0.06267628048688811,nan,nan
234,0,85169,forward,w,deg,232,232.0,0.0,-3.1812987963994885,15.197718013316129,-12.059492915457113,25.381844353898348,37.44133726935546,-13.787320096649239,76.24347842321043,90.03079851985967,3.064886912995177,31.350444807879942,82.21207887719203,354.70004798189626,0.9675916898534673
234,1,83961,forward,w,deg,230,230.0,0.0,-8.323652901830187,25.011182825632606,-22.02252274442594,52.82463339290439,74.84715613733033,-24.881099702117325,151.50015093243127,176.3812506345486,1.9099834677960146,64.47508806009932,163.1506055996262,249.38737973859992,0.9157076842493442
234,2,24775,forward,w,deg,53,53.0,0.0,-12.973796014568677,21.603855996339338,-19.555936432143646,36.37241283585481,55.928349267998456,-21.55507593303389,67.60935587023644,89.16443180327033,0.9766642879944742,52.21536461355651,83.45230764793814,65.4791935701609,0.9313836021193089
234,3,30334,forward,w,deg,107,107.0,0.0,-7.631149316384949,48.487971690435444,-16.625358576245457,115.9093480812056,132.53470665745104,-171.1732047419539,175.68886244100173,346.8620671829556,1.4860971548490975,139.6699443552936,179.3532417591024,276.69470153685245,0.7749942420360975
234,4,65627,forward,w,deg,243,243.0,0.0,-4.5219771641272075,17.7693583792396,-20.09337010466413,40.16320722976756,60.25657733443169,-22.692757373519328,71.78242602317152,94.47518339669085,1.4848605709084528,39.53333279084831,71.15255158425228,218.37541045510517,0.9538867767506398
234,5,32672,forward,w,deg,154,154.0,0.0,-2.478857102231288,22.53884893766897,-33.50486255249426,41.88068155394587,75.38554410644014,-39.32729146368371,58.4535173602024,97.7808088238861,0.48661870264305146,53.13745924454836,69.71029505080489,250.76018232001167,0.9251708034796943
234,6,62747,forward,w,deg,194,194.0,0.0,-2.6019851163763406,19.33944716991618,-23.007287097991252,37.91838297091861,60.92567006890986,-26.62880123583659,95.21476421996022,121.8435654557968,1.4533786118393692,45.073181510214205,102.36956275925581,245.48681017994573,0.9464648807576027
234,7,23789,forward,w,deg,730,730.0,0.0,-5.392088231637388,24.29538315126811,-26.988729000757044,48.05804592441567,75.04677492517271,-27.669054702995055,166.90696900238606,194.57602370538112,1.2898542633932844,73.59099106789341,167.56008585413622,208.5836057553337,0.9171640732990752
234,8,41757,forward,w,deg,56,56.0,0.0,-6.6617920887992454,17.582019032780476,-13.653992486596792,38.851430421678415,52.50542290827521,-14.591092563852271,50.17254106864041,64.76363363249268,1.6810440064875063,45.86157660489119,57.18268725185317,13.252747518292951,0.9545154445488695
234,9,29488,forward,w,deg,139,139.0,0.0,-3.667479568275553,12.152601865913113,-11.319957323335895,16.366732318009582,27.686689641345477,-12.748142957299194,66.16220671801346,78.91034967531266,2.729087769889106,22.778577532569642,72.57405193257352,53.14594463315945,0.9786191929682173
234,10,40144,forward,w,deg,62,62.0,0.0,-4.189020949918557,13.633712520518863,-9.458825026778731,30.100767052603146,39.55959207938188,-10.746758702503826,58.83173825576688,69.5784969582707,2.380211460867252,36.1876375397635,64.91860874292723,7.489971522605912,0.9727476857744811
234,11,22902,forward,w,deg,236,236.0,0.0,-2.8553735085778555,21.995376300272557,-21.951093211045126,31.99226393702466,53.943357148069786,-177.19644880304952,117.85103735638268,295.0474861594322,-1.0376455421381912,53.61260113044571,157.97350389211158,276.5947500297399,0.9424008639037568
234,12,16592,forward,w,deg,145,145.0,0.0,-2.776688150908285,13.105026848491208,-16.13733808513417,27.6783335330555,43.81567161818967,-18.396652193466082,39.48949666887319,57.88614886233927,1.0046180804765983,38.98413859866892,50.7953017344866,23.249727497992254,0.9742564900097949
234,13,35004,forward,w,deg,102,102.0,0.0,-5.7112171920253445,16.466891394898607,-11.975816400554843,37.856049947833604,49.831866348388445,-13.154455459292876,66.39496067661005,79.54941613590293,2.4856957783101543,46.013569551377195,74.55248028015362,53.407391338707704,0.9612369526077613
234,14,33596,forward,w,deg,557,557.0,0.0,-5.218662305599821,18.644650065991982,-16.363270565206754,34.103865769161146,50.4671363343679,-32.77790010451821,127.31945472257541,160.09735482709362,1.8685184917711744,50.621004386096004,143.83659333951027,304.28981708914415,0.9508577505889583
234,15,19609,forward,w,deg,87,87.0,0.0,-1.6392138163255368,11.664557525246869,-16.51715924951137,20.891976268277812,37.40913551778918,-19.79610309730134,30.53699563924721,50.33309873654855,0.465437236636321,28.014410486944097,37.659429857913466,24.131322715622254,0.9794483816025993
234,16,20264,forward,w,deg,58,58.0,0.0,-1.2118053303802157,8.26992908792331,-11.203982929325807,15.983679757272597,27.187662686598404,-14.593580062450883,19.97657464777336,34.570154710224244,0.4881671736054868,16.765859083149703,20.75875397365047,36.690704214324896,0.989630390314182
234,17,11041,forward,w,deg,433,433.0,0.0,-3.147743986810724,13.900057594625629,-13.243769627904442,23.576626725432362,36.820396353336804,-15.737794236415851,80.53789242465598,96.27568666107183,2.5829406899912892,31.925596436073562,88.88686213529718,167.82330296738706,0.9723953773536692
234,18,40776,forward,w,deg,317,317.0,0.0,-6.758834188695289,29.905296758492874,-24.141753975935536,44.32464888856268,68.4664028644982,-138.20359544303764,178.82975829102384,317.0333537340615,1.887627363296383,70.39155323806145,172.73277933696312,316.3478778560362,0.8945948600158813
234,19,7288,forward,w,deg,1665,1665.0,0.0,-0.2694597634688307,2.56818145288336,-3.5096562952461796,4.361007113395988,7.870663408642168,-4.032992075556592,6.821419887406535,10.854411962963127,0.32943241940081996,5.760972277331905,8.221385051342452,293.45368026623106,0.9989957848964349
234,20,6462,forward,w,deg,649,649.0,0.0,-2.526168581902766,7.266104245403372,-5.5181699053703825,19.513570768657488,25.03174067402787,-5.6284861721321136,27.929988478532607,33.55847465066472,2.0660016399123773,22.171535354986375,30.587953064861495,295.0676016843554,0.992029515307722
234,21,51090,forward,w,deg,73,73.0,0.0,-6.176703603161627,12.593949994435842,-12.363140021464892,21.942243874793583,34.305383896258476,-12.821441726538865,25.957632675805144,38.77907440234401,0.6638382734377455,31.41169731155788,35.42708611256944,56.8025751584723,0.9760127206264748
234,22,8503,forward,w,deg,3741,3741.0,0.0,-0.6760959424327666,6.277519109180294,-7.317000025249229,14.353243369142149,21.670243394391377,-8.34559949796494,24.80037490164517,33.14597439961011,1.3120571595917652,16.035052465987462,26.482183998490484,298.3189115383672,0.9940275721658379
234,23,54158,forward,w,deg,64,64.0,0.0,-0.4707179839959963,13.1207865747438,-17.277257641631937,22.26836390082609,39.54562154245802,-19.2901045855931,27.95499090164128,47.24509548723438,0.34856205391299294,32.21868308268183,37.905310083497,74.03100974628441,0.9740043947242668
234,24,73762,forward,w,deg,62,62.0,0.0,-7.245046659190393,18.495518954512853,-18.26887870065687,33.253295446054274,51.522174146711144,-19.9026333785568,64.19081716547043,84.09345054402723,1.3609331789843577,42.6143034089582,73.55182512837436,72.71258519784216,0.9496683339312455
234,25,23245,forward,w,deg,3717,3717.0,0.0,-0.4009624802658891,4.633803422253573,-6.695612537481736,8.49100290874865,15.186615446230386,-7.910395572197672,14.830607690986142,22.741003263183813,0.5039853795727552,8.295302415827146,14.634907198064639,306.4001323229187,0.9967345364906017
234,26,15530,forward,w,deg,594,594.0,0.0,-0.3496548691140049,0.9658090354934437,-0.8597912326755648,2.1233536996526627,2.9831449323282273,-0.8983604289205687,4.130393504300059,5.028753933220628,1.794133292552738,2.68485807827407,4.691897882921467,290.30785257979744,0.9998579488865666
234,27,19633,forward,w,deg,224,224.0,0.0,-1.1257690394103435,4.268065846563196,-5.501315741765717,7.847584526259543,13.348900268025261,-5.788633176574535,10.75004528017817,16.538678456752706,0.5406738600322311,10.357099357305293,13.25956011122392,155.8251042888553,0.9972283145307018
234,28,20669,forward,w,deg,2122,2122.0,0.0,-1.9206643143320719,8.050636150493009,-8.028488566562851,17.51564142945972,25.54412999602257,-8.633776382989879,40.537209724714444,49.17098610770432,1.918316561095748,20.572194291580274,43.593762586835,298.3401139004773,0.9902480854916622
234,29,15491,forward,w,deg,1117,1117.0,0.0,-0.028218249330791423,1.4088051534295096,-2.2719295029537308,2.3765280665213595,4.64845756947509,-2.847220708157238,3.158471146523482,6.00569185468072,0.06574809433614491,2.6124447370959163,3.3937173558712743,295.90615503426585,0.9996977407120005
234,30,26123,forward,w,deg,374,374.0,0.0,-0.6094935736167315,5.114170160743771,-7.076280438803877,8.796298328832325,15.872578767636202,-8.229001772684626,14.992513359484406,23.22151513216903,0.4416155346182726,13.745279869027616,19.941494899679697,325.2254757404602,0.9960227762881375
234,31,72592,forward,w,deg,55,55.0,0.0,-8.738164960838873,44.58713202701894,-21.11578745306579,113.01385996505981,134.1296474181256,-25.032306056364973,160.49808976445019,185.53039582081516,2.034034940992788,121.75202492589871,169.2362547252891,251.11518456379426,0.7797671535052931
234,32,27918,forward,w,deg,89,89.0,0.0,-0.08150350919481752,6.531908205988397,-8.864051687840048,10.112467984445175,18.97651967228522,-11.285588534309568,17.9657740608705,29.25136259518007,0.528387869135132,16.70580768871565,24.559113765140978,345.4450619287264,0.9935206045391135
234,33,27233,forward,w,deg,134,134.0,0.0,-0.8285745390818846,3.700492951068453,-4.449760767242414,8.513970196094766,12.96373096333718,-4.843008076556231,9.016342454930708,13.859350531486939,0.9641191154856464,10.568284951444502,11.070657210280444,38.817512711914375,0.9979166128231103
234,34,18133,forward,w,deg,158,158.0,0.0,-1.812646649446748,7.047673528052937,-8.98242679513993,12.686431037918899,21.66885783305883,-10.373661385420178,16.41804943706822,26.791710822488398,0.5028219100205815,17.340072424743187,21.07169082389251,161.15933224326767,0.9924543674717234
234,35,20500,forward,w,deg,54,54.0,0.0,-7.995155676117463,18.163913636817288,-11.64197000797943,23.656451754755768,35.298421762735195,-11.89279994206828,90.94269252704538,102.83549246911366,2.6916077895525126,34.79865395437436,102.08489472666395,145.6573663326039,0.9545710713616339
234,36,23823,forward,w,deg,203,203.0,0.0,-2.4884280535573566,19.948253760855888,-8.003049765362444,7.703233222073328,15.706282987435772,-8.437918232418696,123.331624619276,131.7695428516947,4.769932603361374,14.37624241074352,130.00463380794622,158.51948890405347,0.9534805648802307
234,37,31986,forward,w,deg,60,60.0,0.0,-4.04926425344722,19.811788435855018,-9.628590352629862,71.83369824017099,81.46228859280085,-10.507186576684546,80.07981046698444,90.58699704366899,3.391723952915479,79.61574436147042,87.8618565882839,230.79953930305376,0.9474521082958298
234,38,31558,forward,w,deg,150,150.0,0.0,-1.1461795585386483,4.225717045642959,-4.6274989769982,7.076471099524688,11.703970076522888,-4.736587552271743,10.148066362914562,14.884653915186306,0.4664126096262587,8.800964327524206,11.87255959091408,38.35964306492647,0.997282573377569
234,39,42087,forward,w,deg,7240,7240.0,0.0,-11.882174318339437,30.35264950567531,-30.812170712511275,54.32563573250413,85.1378064450154,-31.68183413005238,140.9852706807887,172.66710481084107,0.7480740726649713,82.62401369812379,169.28364864640832,193.67176900082103,0.8673024226376053
234,40,64725,forward,w,deg,2768,2768.0,0.0,-3.4766772388511242,10.583481444208925,-11.904368579095896,17.26951450933919,29.173883088435083,-12.9884843289679,40.20416367301539,53.19264800198329,0.9274846137194359,19.385370156167397,42.320019319843595,303.82331595658667,0.9831106667368987
234,41,28142,forward,w,deg,51,51.0,0.0,1.2683793179056408,14.191517011401173,-20.688803539313284,23.48416471707999,44.172968256393276,-24.58686495177983,29.10939752286231,53.69626247464214,0.07201707801216212,34.334971861812846,39.96020466759518,58.89011397018668,0.969635338311335
234,42,31322,forward,w,deg,199,199.0,0.0,-3.4868849459193427,10.25244002600356,-8.057679618933648,26.695371889867026,34.753051508800674,-8.840005455983345,49.68304550241106,58.52305095839441,2.3375415399164234,31.954183069125403,54.941856681669464,43.20631108032902,0.9843468883716595
234,43,22231,forward,w,deg,190,190.0,0.0,-0.33252867920631957,1.0543780202759538,-0.9713442090757809,2.247085279938372,3.2184294890141527,-1.0735265508866974,4.321022701188781,5.394549252075478,1.9061924816356752,3.058718635652238,5.132656056902647,291.35448675200564,0.9998307080788361
234,44,29031,forward,w,deg,129,129.0,0.0,0.10010262240638212,4.871991202377106,-7.5620399872417865,7.708754481772137,15.270794469013923,-9.950366725898789,11.765264229159328,21.715630955058117,0.07095652192893344,10.958158475998781,13.346485214655786,58.83888146347784,0.99638972048916
234,45,46651,forward,w,deg,3125,3125.0,0.0,-0.9917832641556288,11.713225660903063,-16.94797878605383,21.419764480371988,38.36774326642582,-20.189217007708436,34.17051989625196,54.359736903960396,0.4336447682491585,33.84358496464794,46.59434038052791,191.93065167033342,0.9792866358927719
234,46,43447,forward,w,deg,765,765.0,0.0,-11.043611715439994,21.88294072288053,-18.062465044854957,40.91863895763944,58.98110400249439,-19.669163461262116,47.61607261505395,67.28523607631607,0.9792824568750892,56.00021921996085,62.69765287737536,186.30680484735083,0.9290281190581775
234,47,40685,forward,w,deg,599,599.0,0.0,-1.3765670088544653,5.489466052960973,-6.577912560258545,10.615469986617622,17.193382546876165,-7.5536371916342375,13.961661586840819,21.515298778475056,0.6457797569511476,14.185013412872532,17.53120501309573,172.30437448817244,0.9954184470449762
234,48,29871,forward,w,deg,91,91.0,0.0,-1.2649866799132496,7.283119247855481,-8.766571997231338,13.77454995014827,22.541121947379608,-9.931866520093564,22.423061922804862,32.35492844289843,0.8894524309113947,21.79088629759849,30.439398270255083,142.7814650425291,0.9919567114417931
234,49,28066,forward,w,deg,53,53.0,0.0,-4.1693435057391355,32.33552298135412,-36.657300890714026,55.536717763914396,92.19401865462842,-39.229083964871734,105.80851178035789,145.03759574522962,0.8531540060795225,87.78656675564343,138.05836077208693,182.55170867945333,0.854305929286793
234,50,30539,forward,w,deg,226,226.0,0.0,-5.599462848504828,38.047352283468776,-21.62492184561806,113.6032525527797,135.22817439839775,-23.44437453347558,158.72860998699667,182.17298452047226,2.4670232771957603,131.14586400287465,176.27122143709164,286.1793416883722,0.8427313928395229
234,51,22053,forward,w,deg,163,163.0,0.0,-4.81957642755458,22.22957681016046,-12.058714060650214,39.8191709055665,51.87788496621671,-157.71426186642236,84.46948781439335,242.1837496808157,-0.4445078030893465,49.690697899351136,150.3327392755701,162.4773435378353,0.9415564756155949
234,52,28876,forward,w,deg,1820,1820.0,0.0,-0.28233629725338005,4.4145536767000255,-6.382750709277635,7.147167255423406,13.529917964701042,-7.881868137490699,34.903520537954535,42.78538867544523,1.2320113572991236,7.820780889302918,33.891730736213276,306.5396242342282,0.9970464416021749
234,53,31921,forward,w,deg,185,185.0,0.0,-2.071376362761214,11.780599730245854,-15.224737263608915,22.537572647772823,37.762309911381735,-17.214090300179635,30.345016515752548,47.55910681593218,0.6382249449915253,26.39895320639249,28.38830624296321,284.3225575447143,0.9790493920959382
234,54,72626,forward,w,deg,1104,1104.0,0.0,-1.4675992629896655,6.1830557171171145,-7.2452169534087485,12.894371912130577,20.139588865539324,-8.589899630685807,16.608679734450277,25.198579365136084,0.9022199664167375,13.220676038598707,16.934983860918408,305.8027131329438,0.9941935092297648
234,55,31181,forward,w,deg,387,387.0,0.0,-6.332297102721384,15.053250999919351,-13.186075246005498,28.274108704681343,41.46018395068684,-14.049935151907562,40.16013950058391,54.21007465249147,1.105148418684308,36.99930014027672,48.88533093617929,305.34023470494134,0.9660046268869602
234,56,29750,forward,w,deg,172,172.0,0.0,-1.1865718385503214,3.276345810719154,-3.6241536047597207,6.604753255305736,10.228906860065457,-3.9768578118656706,8.104352873460812,12.081210685326482,0.8673691561830141,8.186034995649306,9.685634613804382,318.7549306955324,0.9983661976875547
234,57,27602,forward,w,deg,50,50.0,0.0,-3.2481190052294124,16.23838454874552,-7.893388572175755,15.160487387252095,23.05387595942785,-8.075457551223138,103.24010169448638,111.31555924570952,5.2052818710145985,12.011225039100912,100.0908393463352,140.7080918918824,0.9676246325846454
234,58,54409,forward,w,deg,2019,2019.0,0.0,-1.3546240975001638,8.90627268695743,-12.43856983245908,17.113251380163685,29.551821212622766,-15.367104664159797,27.11012750378916,42.477232167948955,0.5536484300159144,19.145547843101124,29.142423966726597,307.2894611837345,0.9879817731242345
234,59,33278,forward,w,deg,72,72.0,0.0,-2.990715964653532,13.001266822742293,-15.051711708037164,27.20007431577252,42.251786023809686,-16.27445555724995,31.702266037091817,47.97672159434177,0.796592650152999,36.131507512057645,40.633699233376944,283.47092088234683,0.9745432135804558
234,60,34339,forward,w,deg,307,307.0,0.0,-1.302397747242992,6.813059471519906,-7.47291836406967,10.413223035757705,17.886141399827373,-8.928491437140849,45.251034957378295,54.179526394519144,2.757487277626332,13.668922434875975,48.506734356496565,324.81040198142,0.9930724000148726
234,61,36155,forward,w,deg,156,156.0,0.0,-1.2823262899278234,9.34172674556889,-8.460479468547767,8.368566756088029,16.829046224635796,-9.914883267449028,52.05580336175578,61.970686629204806,3.525489331420097,10.593692540025273,50.92186545797193,59.24121685882061,0.9872263907107527
234,62,37409,forward,w,deg,329,329.0,0.0,-0.19568182548223945,7.485296724222185,-11.581135832224016,12.002260836041506,23.58339666826552,-13.181102876109122,15.954498695759952,29.135601571869074,0.06703079868192047,12.85360345798046,15.246196753736939,254.12734111311298,0.9914895097163497
234,63,37864,forward,w,deg,203,203.0,0.0,-0.2043557873383577,5.893400359060473,-8.995829648684317,9.6871234383259,18.68295308701022,-10.555349590521587,11.87351417061231,22.428863761133897,0.09522339734852543,9.96322361899386,11.482852972356824,252.05823632523553,0.9947187203221993
234,64,41990,forward,w,deg,90,90.0,0.0,-4.118617406131278,12.606388020979056,-13.97150467020171,26.01983919365042,39.99134386385213,-14.601997033964494,30.911412101070653,45.51340913503515,0.8638003154924391,38.5912982806667,43.48287118808693,260.8249774522333,0.9760479842407818
234,65,38246,forward,w,deg,250,250.0,0.0,-8.170797394215683,18.977923201654757,-13.604073449016445,43.132972974177626,56.73704642319407,-14.536676234302917,55.27573142591899,69.81240766022191,1.4460939652777849,54.80227597284448,66.94503442458586,49.47804268725593,0.9469033444365813
234,66,43376,forward,w,deg,227,227.0,0.0,-3.810791681222895,12.530440011876683,-13.236100374768295,22.891431564889647,36.12753193965794,-13.880574489805184,48.972391055648586,62.85296554545377,1.0998744805401848,35.05947218015073,61.14043167090966,195.61385941937732,0.9764506186266384
234,67,40092,forward,w,deg,173,173.0,0.0,-8.59044872464571,20.586206132203323,-20.180941695527103,43.20353855339175,63.384480248918855,-22.531787091005242,52.01478706445812,74.54657415546336,0.9860954061112676,56.48901344384831,65.30026195491467,60.621240521310256,0.9373311333294636
234,68,45402,forward,w,deg,372,372.0,0.0,-4.191889467244266,12.170863452085959,-12.891739489739303,22.623069478963536,35.51480896870284,-14.265024949301392,25.613540991081436,39.87856594038283,0.883427289129232,22.213617462824054,25.204088974941953,318.67846541313213,0.9776312600270576
234,69,107717,forward,w,deg,185,185.0,0.0,1.1954584762523268,6.8622464222381625,-6.872769888755112,7.676874589701613,14.549644478456724,-35.723735832990485,8.995519303250433,44.71925513624092,-2.491253501524526,11.892268330683015,40.74323427491839,342.7635004322502,0.9929222192835647
234,70,39842,forward,w,deg,124,124.0,0.0,-5.903650565719786,23.055727230306733,-26.453445417367718,46.3191649732961,72.77261039066381,-29.317535316918367,64.86859160782166,94.18612692474002,0.930316123717035,58.862804338150966,77.41223097267653,252.5976520952857,0.9222633177044265
234,71,49473,forward,w,deg,3919,3919.0,0.0,-6.731387545644196,20.329342802507906,-20.46569532882942,40.013067929129654,60.47876325795907,-157.9056232098837,89.9220354454497,247.82765865533338,1.118568867082517,54.62089684904392,143.40311678710685,185.55670366141266,0.9401826636454418
234,72,65069,forward,w,deg,1436,1436.0,0.0,-0.27314366079650654,7.705354802983632,-12.030662642399463,13.118070248465955,25.148732890865418,-15.922666750595454,19.595320240765318,35.51798699136077,0.17012591681742123,16.386067691979903,20.278071800175894,321.96986908788784,0.9909880756980718
234,73,61738,forward,w,deg,2258,2258.0,0.0,6.677613709975276,19.229947026289512,-31.636896879242325,23.68114721633419,55.31804409557651,-33.05927755789929,30.468998375696913,63.528275933596206,-0.4314948393871131,38.5637030378113,39.98608371646827,196.59328175973243,0.9445738618214985
234,74,107740,forward,w,deg,92,92.0,0.0,-2.7609703490433617,7.060820288362003,-5.412829439174513,16.372232411550446,21.785061850724958,-6.183070561948796,17.833605437424012,24.016675999372808,1.6697395407998072,19.12231297920636,20.583686005079926,329.4059623920773,0.9924456671900577
234,75,47001,forward,w,deg,70,70.0,0.0,-2.104204606527418,44.94043224769528,-147.2435628344177,15.505407075181722,162.74896990959942,-175.97896454871054,24.0779925437526,200.05695709246314,-2.8317070949916907,138.40445420003115,167.139855914324,338.5183885877042,0.8257827002976055
234,76,51135,forward,w,deg,146,146.0,0.0,-0.3826141134412069,8.339296304835914,-9.673860793823259,15.83499291482115,25.50885370864441,-10.58689361520615,30.176939082154774,40.763832697360925,1.220103070706153,22.7771833096296,37.119129476963224,197.31958615604728,0.9894913411500822
234,77,76905,forward,w,deg,98,98.0,0.0,-1.0174005158153108,14.09078109478725,-16.572650590558876,30.525002538932732,47.097653129491604,-19.745128760309626,54.642176779698616,74.38730554000824,1.9139688974994769,34.137203504271554,58.25437774503746,78.335059416959,0.9709142678194274
234,78,58115,forward,w,deg,1951,1951.0,0.0,-6.282764096187407,12.646655723825813,-10.194769139375225,28.467472630566064,38.66224176994129,-10.528815986589905,37.30304564595201,47.831861632541916,1.2891386340878013,35.05379478456034,43.889367799946285,172.52991315769978,0.9759756668153565
234,79,53280,forward,w,deg,83,83.0,0.0,-1.539514243978914,6.929807691996149,-8.064047645943225,11.115480899748814,19.179528545692037,-8.53811706855646,11.33315138944036,19.87126845799682,0.35036469072550985,18.752560154605316,18.970230644296862,251.54029313285136,0.9927000451952297
234,80,58189,forward,w,deg,196,196.0,0.0,-0.5413576523057486,7.491935277671581,-11.105349848406675,15.632610958760253,26.737960807166928,-13.334141511674147,18.949304996445164,32.28344650811931,0.5331255012795707,21.604015267175768,24.92070930486068,342.8651126995125,0.9914857693969827
234,81,54901,forward,w,deg,84,84.0,0.0,-1.071608193136285,18.927237064557012,-22.813904379315993,32.057718620377926,54.87162299969392,-24.585246666278067,61.31429020588007,85.89953687215814,0.6706155337852613,53.155611010237095,82.41218259573924,326.04325823539676,0.946856810406902
234,82,52575,forward,w,deg,120,120.0,0.0,-3.3221938346992914,22.65571700472173,-22.35680950638319,33.37268329395891,55.7294928003421,-45.75099272522374,127.56308391878997,173.3140766440137,2.0023119887610847,42.158229337979215,129.57786294267385,114.18982985368869,0.9321757835200133
234,83,61551,forward,w,deg,74,74.0,0.0,-2.093621732331357,19.643311302595365,-26.447614499602274,29.491072564921275,55.93868706452355,-30.041740668925456,84.82467999459413,114.86642066351959,1.1037653928633175,31.188667916243023,82.085121910066,90.74209066324127,0.9444150956894438
234,84,68805,forward,w,deg,401,401.0,0.0,-1.5381061754721088,19.24618032719248,-26.64805456724693,32.54945879060534,59.19751335785227,-30.397287714713627,80.42477530595096,110.82206302066459,0.7136157700081872,31.875216971774734,79.75053348712038,95.73526212199455,0.9454602189289768
234,85,57546,forward,w,deg,58,58.0,0.0,-6.905048041632284,22.06943458895954,-19.153068136211672,31.10283891075992,50.25590704697159,-21.086270552251392,115.70491828189336,136.79118883414475,2.664390870926706,34.31354358684076,118.91562295797416,232.17373353091267,0.9365851303845528
234,86,70955,forward,w,deg,1361,1361.0,0.0,-3.397476655979972,17.211453223893415,-22.623434438545814,30.241437742334,52.864872180879814,-24.844547457889888,35.30536178175956,60.149909239649446,0.427044700192246,32.28839621376889,34.509509233112965,188.41001358970047,0.9555394042187966
234,87,61172,forward,w,deg,155,155.0,0.0,-1.8041667587904726,9.75267281269206,-11.069214092296633,19.13241787023388,30.201631962530513,-12.41833233643385,35.70911794379063,48.12745028022448,1.6360755728638938,26.149427802496,42.72612787605277,59.62952341039089,0.9857273864944545
234,88,65016,forward,w,deg,2308,2308.0,0.0,-2.317422400032129,10.203224982496984,-12.27729568619854,20.422816794718127,32.700112480916665,-14.38765470928638,33.785491508382336,48.173146217668716,0.9235544817774549,26.9541338072527,40.31680852091691,179.163315987139,0.9842828247213639
234,89,67628,forward,w,deg,834,834.0,0.0,-3.5474905207268534,12.301498496883935,-11.37636197607385,28.20145283315029,39.577814809224144,-12.874521585116184,54.455590550451234,67.33011213556742,1.9442308411709868,36.17559927687845,62.42973699417939,193.19166993241947,0.9775561731721983
234,90,60926,forward,w,deg,5598,5598.0,0.0,-2.554961251809047,20.265931624810143,-28.212627698802446,37.60206003047864,65.81468772928109,-33.16067876642282,63.90106344681544,97.06174221323826,0.5257128867680457,44.00205811620421,70.30106153254101,186.3795365886352,0.9391423246215617
234,91,76764,forward,w,deg,72,72.0,0.0,-1.2441747600126263,7.79544389931482,-9.294162607445463,15.60423982823434,24.898402435679802,-9.601366966157002,18.5228737088799,28.1242406750369,0.6738060648721192,22.201695039145335,25.120328919790893,149.52992901557775,0.9907793770886976
234,92,67639,forward,w,deg,110,110.0,0.0,-2.993455388437525,12.237380849921655,-15.448982172696702,23.38158272495676,38.83056489765346,-17.69300750962418,39.80075087916822,57.4937583887924,0.965753606723638,36.50460102927153,52.92376918348299,324.0987016552491,0.9774996191690526
234,93,136323,forward,w,deg,17136,17136.0,0.0,-3.2709634756053703,12.591037913502278,-13.480215909723455,25.384955383747673,38.86517129347113,-14.10541963446886,49.44147780017914,63.546897434648,1.0588060621078605,38.39447127730785,62.45099369373932,164.98186375610356,0.9761970720505336
234,94,90021,forward,w,deg,86,86.0,0.0,-4.467801552338443,12.567552466410339,-11.409231093504289,29.874921625644475,41.284152719148764,-13.860769142827849,32.53052489144312,46.39129403427097,1.4300185403369168,35.89515727117808,38.550760536976725,356.3209759206637,0.9763046135132667
234,95,133163,forward,w,deg,579,579.0,0.0,-5.177887967357492,15.713230795853091,-10.298238147753256,35.4539017652999,45.752139913053156,-47.07861755831911,75.09396779605731,122.17258535437642,1.857922696685668,44.61652549115388,84.25659152191133,125.05830733608535,0.9642177163912423
234,96,86786,forward,w,deg,53,53.0,0.0,-2.8294096106004645,10.299235119455256,-7.4199690610758235,27.646775040649878,35.0667441017257,-8.196893944048668,35.57558919486911,43.77248313891778,2.5184720422781823,32.658037425041265,40.5868515792605,349.23407075635095,0.9841884805822197
234,97,75322,forward,w,deg,202,202.0,0.0,-1.206470085827334,9.408260608430016,-12.903221757174604,16.82574787716412,29.728969634338725,-14.64308975532515,26.424509616077415,41.067599371402565,0.48142753755219553,16.755743296442503,26.3545050353558,214.13537608002144,0.986592561096273
234,98,82346,forward,w,deg,95,95.0,0.0,-0.08596724868644401,5.21693102711896,-8.446262909175834,8.675571519661467,17.121834428837303,-10.720152444775522,12.357319297691276,23.0774717424668,0.078511509695693,11.693978007476153,13.967867543075727,6.659225078665799,0.9958617292898478
234,99,119562,forward,w,deg,80,80.0,0.0,-2.3749416950687703,30.53680216083616,-51.88877853882739,63.18628194075639,115.07506047958378,-55.75527682864637,78.79737464547156,134.55265147411794,0.3361697008265516,69.06637659928349,84.67746930399863,135.91649091637234,0.8682164577310928
234,100,87684,forward,w,deg,2981,2981.0,0.0,-0.5377548559225147,15.977033922650229,-25.60299751258151,27.17957090275334,52.78256841533485,-33.1820622387616,44.12466119429055,77.30672343305216,0.16010292940443374,36.55778213035421,44.136846856534305,204.43715435930562,0.9617200925810067
234,101,72016,forward,w,deg,907,907.0,0.0,0.017287511842653203,6.64677830583524,-10.670904758867142,10.926294394220214,21.597199153087356,-14.01826641091418,16.16508172499593,30.18334813591011,0.04738061916509591,12.247188197848144,16.147794213153276,197.929556972403,0.9932876183014708
234,102,86918,forward,w,deg,382,382.0,0.0,-1.5607239272933384,8.455221771410743,-10.982038522312232,15.679400917229625,26.66143943954186,-12.93779601104643,28.776586101891837,41.71438211293827,0.8658536971655232,16.12136841759462,29.218553602256833,199.71082901540584,0.9891791678434951
234,103,78981,forward,w,deg,1187,1187.0,0.0,-0.5707569572431623,7.337027840495914,-11.270529931996053,12.91713071617096,24.18766064816701,-14.875852352927723,18.480020757676925,33.35587311060465,0.2592832490361355,13.559811568795261,18.151283792975022,179.63380623282725,0.9918272780177635
234,104,68925,forward,w,deg,542,542.0,0.0,-0.4271358255933393,6.884698409615358,-10.37657051205964,12.039111052599319,22.41568156465896,-14.171145450745144,18.84761221981725,33.018757670562394,0.32274846013882463,12.952215125003972,17.90076876093488,205.63990168749996,0.9928022406677636
234,105,70032,forward,w,deg,142,142.0,0.0,0.40218253325340925,10.306423059815268,-13.286608265617526,16.99804187645777,30.284650142075293,-15.016121444564789,21.77862480964646,36.79474625421125,0.24441687510892593,16.154778157815564,20.23847374714049,210.10581871360588,0.9838943108538343
234,106,77806,forward,w,deg,336,336.0,0.0,-3.1116878989188734,20.283707736793353,-16.138189634073093,22.718653062649736,38.85684269672283,-19.855100500239217,114.30390151203119,134.1590020122704,3.415312648978455,21.421062135054378,112.98854468771867,216.9950061539164,0.9475619989890461
234,107,107834,forward,w,deg,478,478.0,0.0,-5.1029843257290395,27.85419485240601,-31.35506988365867,54.63544963432925,85.99051951798792,-33.908291762776514,83.96975428044607,117.87804604322258,0.8063476530579239,71.31814579641961,100.65245044253646,240.2901030972997,0.8882035938514603
234,108,138156,forward,w,deg,340,340.0,0.0,-3.060569536425703,22.757070452668202,-29.97158562077295,41.84817282155907,71.81975844233202,-32.59569829256813,72.05660756345353,104.65230585602166,0.5774285007378613,62.51158608459783,92.72002082649226,246.7941165291625,0.9237995613658007
234,109,84739,forward,w,deg,139,139.0,0.0,-0.6821242776665315,9.02710301872204,-13.553647027992767,15.300358562213095,28.854005590205862,-17.273943960741377,19.936726322422828,37.210670283164205,0.16342955228310194,16.481992901305436,18.80475056040052,234.07814401815034,0.9876419252474246
234,110,131982,forward,w,deg,357,357.0,0.0,-4.834945234818633,23.717494531995712,-23.01912111786561,41.42687071943847,64.44599183730408,-24.870861808967817,143.84976502696333,168.72062683593114,2.1218250358347968,65.55569629833688,167.97859060586177,45.43463041711325,0.9257059422472902
234,111,127281,forward,w,deg,82,82.0,0.0,-5.365566303130322,12.625855225238086,-11.875226757058288,27.20208584286355,39.07731259992184,-12.503042739370386,38.548655490340764,51.05169822971115,1.2986258551010514,36.813759402389714,48.16032904986693,221.32153077435498,0.9760848566510867
234,112,74330,forward,w,deg,486,486.0,0.0,-1.9644987586848401,14.971313709974902,-19.717938567491856,29.269698192064567,48.98763675955642,-26.158345830969097,48.462616981746066,74.62096281271516,0.7140492785668902,40.18682966634108,59.37974845602258,313.1958904089031,0.9664504872910463
234,113,104488,forward,w,deg,1278,1278.0,0.0,-3.1652287331610296,15.107578176464276,-18.134583337965598,31.163967769405712,49.29855110737131,-21.12985748231472,53.94162867689971,75.07148615921443,0.9571415765132115,44.38624341680646,67.16390432430046,286.70088468814856,0.9659168102223928
234,114,118398,forward,w,deg,2392,2392.0,0.0,-0.9637878392200889,10.122235155348756,-14.153571964953185,17.5157686249486,31.669340589901786,-16.85106206114071,31.433601101456702,48.28466316259741,0.36928817510495104,21.375162502406475,35.29299497891458,176.91058115022201,0.9844862703129335
234,115,113342,forward,w,deg,265,265.0,0.0,-2.9013247539273266,14.464289493168407,-16.73957237504418,28.50944837363952,45.2490207486837,-19.448454513220724,49.40920596792495,68.85766048114567,1.0732851145463524,29.662156120051268,50.5619137143367,298.3478028419739,0.9687806620423477
234,116,122399,forward,w,deg,112,112.0,0.0,-12.227711266888292,33.27644792356612,-31.49986236735957,70.61275059733696,102.11261296469652,-33.48831183417593,94.32234816030018,127.81065999447611,1.095323798480897,86.00592311867614,109.71552068163936,344.93844829914514,0.8452837315533692
234,117,125857,forward,w,deg,141,141.0,0.0,-10.349936394257384,22.51967384438461,-18.400341879511927,49.495326149966274,67.8956680294782,-19.41584570832896,66.78773770559098,86.20358341391994,1.331888935401672,64.11811500633235,81.41052656195706,138.40724916199872,0.9261746206887413
234,118,122402,forward,w,deg,184,184.0,0.0,-4.135141431541868,14.131203542778495,-15.055682236471258,31.23067404492634,46.286356281397595,-16.183191354547517,49.85410491353218,66.0372962680797,1.3776698640221232,33.03160346492175,51.655034333527595,150.82489056801526,0.9702152227161727
234,119,141158,forward,w,deg,246,246.0,0.0,-5.321043089604643,16.176897499087318,-15.218832450519791,33.23862361744727,48.45745606796706,-17.66194742946942,58.2765043813165,75.93845181078592,1.503444310481077,42.321904072021255,67.35978483589048,134.87979411511486,0.9613730048179931
234,120,74706,forward,w,deg,84,84.0,0.0,-0.6045774830860609,11.707995499279766,-17.421195237832247,18.062244196728688,35.483439434560935,-19.83721585415151,22.444585744720456,42.281801598871965,0.1412444695135583,22.400464000233928,26.782805548225696,155.9967362962114,0.9792539589431748
234,121,78627,forward,w,deg,66,66.0,0.0,-0.39370650240593363,13.386525740653745,-17.499209033157058,22.25119452068749,39.75040355384455,-22.33146260479964,30.93256841923042,53.26403102403006,0.3503446568967504,22.815919083554427,29.367267992131815,69.20791350424365,0.9729688593297465
234,122,124420,forward,w,deg,576,576.0,0.0,-3.483105445132523,11.505391473673399,-12.128260426266351,23.35245666915364,35.48071709541999,-13.130022475701082,35.35628239151302,48.4863048672141,0.9625978445038275,30.182286360471608,42.186112082831016,43.58540158658585,0.9800419174208403
234,123,120702,forward,w,deg,327,327.0,0.0,-4.860729237627254,13.425648562089055,-13.548700407449697,27.2371154860623,40.785815893511995,-15.162214297793383,36.62229071264727,51.784505010440654,0.9315407169592282,36.56854662931005,45.953721855895026,42.50184917444146,0.9728874484484361
234,124,87559,forward,w,deg,124,124.0,0.0,-1.1218355447092279,10.01439795187725,-13.140864671878981,19.812094865627767,32.95295953750675,-15.839096892144823,23.08695098503506,38.92604787717988,0.5519694681084877,23.90792929022667,27.182785409633965,64.02029617024091,0.9848189796062905
234,125,121586,forward,w,deg,9769,9769.0,0.0,-2.112995549601777,13.096125627718033,-16.399922031338566,25.78410257991584,42.1840246112544,-19.180744109193483,50.92142535943904,70.10216946863252,0.9238213188023771,35.475389821310216,60.61271260083342,13.365776180553775,0.9742902384282244
234,126,120587,forward,w,deg,1112,1112.0,0.0,-4.895777040577244,26.065008147546298,-18.68299663345256,56.71374111307949,75.39673774653205,-167.5775535615875,143.3325934291231,310.9101469907106,0.3868809307541706,67.56957438102752,160.7413997067655,229.4286862175634,0.9191018694355029
234,127,107934,forward,w,deg,3031,3031.0,0.0,-4.603455309169675,17.72591354672791,-17.85971453773618,36.403494710476,54.26320924821218,-18.79621041079008,79.79714426845823,98.5933546792483,1.3071149970402913,48.49358871435601,91.88723827233821,10.455671246424645,0.953884573811036
234,128,121146,forward,w,deg,127,127.0,0.0,-5.824161987508887,31.310673316959775,-18.42807889078235,92.95753609720597,111.38561498798832,-18.723379648643174,122.06165731490205,140.78503696354522,2.5088097076032994,95.66764680655373,124.77176802424981,54.02250227377646,0.880273906642788
234,129,115982,forward,w,deg,2728,2728.0,0.0,-6.786433649838784,15.395202607671122,-10.436811692399521,37.35286005141984,47.78967174381936,-10.513295160320126,60.62544288077672,71.13873804109684,1.8789399871506516,44.7731684648818,68.0457512942387,1.000389551982555,0.9651711035323832
234,130,158319,forward,w,deg,109,109.0,0.0,-0.19176455962468708,7.816877649656636,-13.20250327939604,11.295745825102232,24.49824910449827,-15.278177195618781,18.40649782488518,33.68467502050396,0.07949686042169746,14.284774690358663,21.395526690141594,70.35673832101799,0.9907291601028824
234,131,127892,forward,w,deg,138,138.0,0.0,-1.6535204524521703,6.666060758859914,-7.577388250129884,13.888748293777734,21.466136543907616,-8.695895610931217,19.717833537316324,28.41372914824754,1.1028353836658482,15.870538636314432,21.69962387985302,52.56003975314278,0.9932590116356442
234,132,124671,forward,w,deg,570,570.0,0.0,-1.3752299223433653,7.818652720285215,-10.665928621534576,15.394726201484094,26.06065482301867,-12.453345322706241,24.576933112886707,37.03027843559295,0.690962763048192,18.005521485807083,27.187728397209696,193.40214574296735,0.9907316507380801
234,133,146384,forward,w,deg,322,322.0,0.0,-0.9681445727762394,9.024695074265432,-12.28432460544681,15.291666955470566,27.575991560917377,-17.448723071539916,20.135382798670094,37.58410587021001,0.34572202735292495,20.438613675543287,25.282329518742813,74.7315068588525,0.9876471375866295
234,134,95195,forward,w,deg,1932,1932.0,0.0,-0.5887089005713335,10.740927428435814,-16.282397493517553,18.230946858049617,34.51334435156717,-19.79267072486141,22.701184226220647,42.49385495108206,0.1580919917920947,18.692837502495873,21.673657281583928,18.84409621715441,0.9825312507772707
234,135,106920,forward,w,deg,590,590.0,0.0,-4.839042147822241,14.20683091294172,-15.311566687477056,30.091493067812365,45.40305975528942,-17.33098065563405,41.368867970936805,58.699848626570855,1.0386475334363876,37.935220766678924,49.21259566980336,221.58893322140383,0.9697452004181563
234,136,108772,forward,w,deg,416,416.0,0.0,-0.5033694707371694,6.955889886807223,-10.444687846882985,11.915703129351684,22.36039097623467,-13.158004750162831,16.633817740098152,29.791822490260984,0.22775238710852122,12.565723536392753,15.463206915625335,336.4541546992997,0.9926500056355064
234,137,99266,forward,w,deg,294,294.0,0.0,-3.691348419832579,12.323930929500262,-15.219455954075633,22.695993829668875,37.915449783744506,-18.273319800768604,29.507154700639035,47.78047450140764,0.6558130029899294,30.638082320133545,37.449243191103704,229.04554647427295,0.9770740775776455
234,138,107029,forward,w,deg,73,73.0,0.0,-0.3525789952058176,2.238421506053132,-3.1303208221586827,3.909760529453483,7.040081351612166,-4.364776289191752,5.44409105344846,9.808867342640212,0.42897265808603235,4.302901317650554,5.796670048654278,323.6299319135153,0.9992370959450738
234,139,109837,forward,w,deg,586,586.0,0.0,-1.6030736982589815,10.046075168215184,-10.37842549034437,27.12329349927299,37.50171898961736,-12.07439579803912,50.26022957600355,62.33462537404267,2.2024973559039256,29.542711766470433,52.679647843200996,334.01949949834943,0.98497210060124
234,140,103920,forward,w,deg,150,150.0,0.0,-0.027288843807468766,4.427765259237655,-7.601948710616147,7.135916080889242,14.73786479150539,-10.371749929975579,9.811154064295067,20.182903994270646,-0.03565352561168511,8.2609653326153,10.746918862296809,353.4352438509244,0.9970176048068146
234,141,169244,forward,w,deg,55,55.0,0.0,-2.4645554295078114,16.47308486390677,-18.968580071010358,36.228362319722294,55.19694239073265,-19.597291547651082,52.544288875736356,72.14158042338744,1.2984734306035766,49.93172061835358,66.24764717436764,256.8995021138752,0.9599164333951363
234,142,106530,forward,w,deg,197,197.0,0.0,-1.768464115747122,6.208880974995643,-5.521435830242564,8.796174788316725,14.31761061855929,-6.263304654167143,44.503616432622835,50.76692108678998,3.9262681512153943,10.372530126884234,46.079971771190344,46.21212291180984,0.9942808225134526
234,143,107327,forward,w,deg,78,78.0,0.0,-1.0298393759611315,5.1307605563445495,-7.567103300901101,7.985838113059425,15.552941413960525,-8.498243757876196,11.809113428659145,20.30735718653534,0.30297248206243804,8.322374743344827,11.73580037224724,357.7270087835637,0.9959959636917713
234,144,167802,forward,w,deg,745,745.0,0.0,-5.988496576606195,31.863173617524804,-29.040450307445848,87.42229032607814,116.46274063352399,-32.245690346556785,133.26259562546352,165.5082859720203,1.8394275157874005,97.93565100882499,143.7759563082103,216.9676880608938,0.8683768703226665
234,145,173458,forward,w,deg,98,98.0,0.0,0.09489801398279951,20.638987325354535,-30.576900675530982,29.754289957357393,60.33119063288838,-45.99696148846709,81.47458064722707,127.47154213569416,0.5947409148352655,42.552506813404705,81.6032159125865,148.80421303927443,0.9381872770059944
234,146,123438,forward,w,deg,209,209.0,0.0,-4.566700223241014,21.93495563390016,-22.021193684759158,37.54441571445251,59.56560939921167,-25.245623879454115,96.97167270620497,122.21729658565908,1.996906750018159,52.17024190675916,111.59749889851162,343.56086768383,0.9334910497077827
234,147,176484,forward,w,deg,108,108.0,0.0,-9.147429908981323,27.102738362467655,-23.728940822323096,54.022923516832456,77.75186433915556,-25.77364981511056,116.78562672367553,142.5592765387861,1.5400696543980954,74.56251345352058,137.32521666036365,145.88672725908003,0.8985580460112591
234,148,146480,forward,w,deg,671,671.0,0.0,-2.5658638339612594,22.010302711215953,-12.813003663848846,13.65111622488817,26.464119888737017,-13.977789773078058,123.91971328117609,137.89750305425414,4.1355053801122965,15.220416326737393,125.48901338302528,192.26404446875748,0.9435670890026779
234,149,110855,forward,w,deg,52,52.0,0.0,0.047112343604396756,3.2027559797462684,-5.400624190094487,5.04297420835335,10.443598398447836,-5.973535791207155,7.212259368355603,13.185795159562758,0.0003632427397206441,6.080059199907261,8.249344359909514,49.32869043730214,0.9984386056504256
234,150,203913,forward,w,deg,141,141.0,0.0,-6.947598212299596,25.08010173174723,-23.21454427738223,43.16234314953155,66.37688742691378,-26.561342887340572,114.72482864213362,141.2861715294742,1.7136239286784796,52.64360949775735,124.20609499035936,152.31742852806386,0.913713117782698
234,151,132564,forward,w,deg,484,484.0,0.0,-1.5211528079420873,11.237892454361845,-13.029288333059151,23.027245352044762,36.056533685103915,-13.908997640096459,32.24269920185657,46.151696841953026,0.8480559230041536,27.597157887895495,36.8126117377073,278.9178746893032,0.9809459760250046
234,152,109896,forward,w,deg,130,130.0,0.0,-0.2857308568416954,1.8927455322204565,-2.606099097254642,3.4203734788411735,6.0264725760958155,-3.1241967381760674,5.3714110533981625,8.49560779157423,0.5778235419148186,3.9890779408629156,5.940115515419905,321.75288955575445,0.999454489775067
234,153,117706,forward,w,deg,1239,1239.0,0.0,-1.248575764305059,6.202360057535273,-7.736391710914654,11.381923684422972,19.118315395337625,-9.476253151067226,14.923917028542434,24.40017017960966,0.505520648739474,10.989459257998377,14.531452602117838,4.628270888515213,0.9941528683376408
234,154,122287,forward,w,deg,51,51.0,0.0,1.6638338674938495,7.2074789261966306,-11.802322339894573,9.3888430388036,21.191165378698173,-12.476397912000095,11.471108585527816,23.94750649752791,-0.5172366141432617,14.328128985159339,15.00220455726486,48.54859452601381,0.9921097431646461
234,155,125160,forward,w,deg,270,270.0,0.0,-0.6060544320509678,7.553682212747973,-10.965297972729516,12.501775220343822,23.46707319307334,-12.249032518825771,18.190181093107213,30.439213611932985,0.2599927730790685,12.839595050701226,18.528000923464617,56.6537559030571,0.9913354727432927
234,156,112612,forward,w,deg,80,80.0,0.0,-0.8299213591211299,3.4901855322601354,-4.374677610312207,6.6043389949002425,10.97901660521245,-5.092103511688322,8.867202692652256,13.959306204340578,0.6639687440921446,7.035775671745764,9.298639369497778,324.5880263153612,0.9981460594192744
234,157,141979,forward,w,deg,2111,2111.0,0.0,-0.23367478155429922,2.478116742206757,-3.551377004182612,4.216262601222098,7.76763960540471,-4.399651529639698,8.280499717861659,12.680151247501357,0.43334353421454025,4.958148098275444,9.022385214915005,157.17875132226484,0.99906504544826
234,158,152539,forward,w,deg,1899,1899.0,0.0,-12.398892622732774,19.811149859205074,-15.141913910749007,38.32567659166026,53.467590502409266,-15.529913309563085,98.4379753406617,113.96788865022478,1.2302929647681047,51.59514412916145,111.70744287816291,6.397962612436612,0.9426257975652561
234,159,160687,forward,w,deg,10375,10375.0,0.0,-2.9968027948433758,12.175463517304278,-14.044333117284362,22.727681379515566,36.772014496799926,-14.975563819653189,30.09780400632144,45.07336782597463,0.6098130429664957,30.034778085887883,37.404900712693745,5.6494417834555515,0.9776040578198973
234,160,139237,forward,w,deg,180,180.0,0.0,-10.512989235131883,27.139272933537185,-18.925682086155128,56.09648902988516,75.02217111604028,-21.00025675461228,91.9921476589285,112.99240441354078,1.4407387119242019,64.87357261683948,100.76923124588279,73.69176850800548,0.8953132899001401
234,161,141438,forward,w,deg,1237,1237.0,0.0,-4.821461339983841,13.238372991134362,-12.581056239601583,28.928281922886683,41.50933816248826,-12.929981888093835,39.38170695735835,52.31168884545218,1.115697087051261,39.550329605562624,50.00375464003429,277.54165732171083,0.9736815582318856
234,162,141302,forward,w,deg,53,53.0,0.0,-0.5247992388935927,8.412603844141856,-16.315706089860043,13.183398329831377,29.49910441969142,-20.15952019426274,21.96629412747754,42.12581432174028,-0.12715756928945662,17.312446521534028,26.09534231918019,99.91773464618714,0.9892903276230482
234,163,143407,forward,w,deg,647,647.0,0.0,-9.763003358560638,42.67275416119768,-27.841190501729308,108.5294334528164,136.37062395454572,-179.7859612216032,158.04351984756943,337.82948106917263,1.4563892743284768,132.34227620133657,176.88040926699887,251.09364279665158,0.7920229986088729
234,164,136225,forward,w,deg,1363,1363.0,0.0,-1.9550329860348938,6.469432398775647,-7.200059954382141,12.849240329390257,20.049300283772396,-7.928053752798178,15.760947755413127,23.689001508211305,0.740745118852437,17.8278760434404,20.739583469463298,1.7291624532852188,0.9936413467938773
234,165,171505,forward,w,deg,814,814.0,0.0,-1.3984526269954927,7.336373020313267,-9.803787818753975,13.396826766233483,23.200614584987456,-11.97531488855995,17.795257329562872,29.770572218122823,0.4805504396300767,19.477348014763166,23.875778578092564,45.84846873978311,0.991826863383952
234,166,151417,forward,w,deg,51,51.0,0.0,-1.969383287916088,11.9100751032171,-13.577234121779298,23.8830171704698,37.4602512922491,-15.435462841683204,38.236153004099066,53.67161584578227,1.6196629938444007,25.21693082527051,39.38140679117021,100.41166497718353,0.9788466342788162
234,167,153567,forward,w,deg,2544,2544.0,0.0,-1.141262284502119,5.8307397930108,-7.9367771750981975,10.638708432169832,18.57548560726803,-10.38018401826676,15.357304209806443,25.737488228073204,0.48641304146595504,13.240399111472325,17.958994889108936,167.2483086281585,0.9948320780556706
234,168,145934,forward,w,deg,130,130.0,0.0,-0.045582938326177214,1.0638594492457265,-1.6869630523558343,1.6710560555196778,3.358019107875512,-2.027486760352957,1.9812047764191334,4.008691536772091,-0.021951730224193253,1.8746070346053116,2.184755755504767,28.360902204153252,0.9998276272584709
234,169,166807,forward,w,deg,839,839.0,0.0,-1.6303725319307887,20.076258971712456,-28.37111038432413,35.40056096230431,63.77167134662844,-35.49991221081814,102.72740532586505,138.2273175366832,1.0700054387095261,54.679228237439034,122.0060726009998,72.60110781053419,0.9419685881497786
234,170,174618,forward,w,deg,3242,3242.0,0.0,-1.9922312626210896,7.6600151941996035,-8.762101927911178,15.581594228498354,24.343696156409532,-9.121543840689355,20.82112266378175,29.942666504471106,0.8071082127195048,19.810205201405246,25.049733636688643,359.74356147304235,0.9910986590649001
234,171,174565,forward,w,deg,84,84.0,0.0,-0.15999383232600906,13.875258223169222,-20.785098454888587,25.28181417454504,46.06691262943363,-23.089460453890695,31.081822226997872,54.17128268088857,0.24986159537951283,24.36524300419501,30.138681639186927,75.64436823277678,0.9709992135461899
234,172,153918,forward,w,deg,52,52.0,0.0,-3.9609107719782486,8.993362322434155,-7.847867156569137,21.75689014928214,29.604757305851276,-8.194537321094742,28.087287001469974,36.28182432256472,1.6464418948843578,23.773307483165024,30.10370433535286,28.71822613942447,0.98780324057356
234,173,154611,forward,w,deg,1445,1445.0,0.0,-2.8616276511702665,9.123512388433715,-10.133913504110478,17.757034212942273,27.89094771705275,-11.15314731774265,19.643846987229608,30.79699430497226,0.7321963445014701,19.93575528509246,21.82256805937979,5.676559040177881,0.9873827145430487
234,174,187351,forward,w,deg,67,67.0,0.0,-1.859203508976293,13.807752831897492,-20.257315296098472,24.140106244903087,44.39742154100156,-24.787335811891666,34.80925266948054,59.59658848137221,0.4365806213429621,30.07514078163866,40.74428720621614,103.08680135296247,0.971329883265132
234,175,169643,forward,w,deg,442,442.0,0.0,0.8659857394867032,13.70041294094876,-26.36207931408466,22.279051844009913,48.64113115809457,-27.771713785038287,31.979507418957382,59.75122120399567,-0.20668047106870027,26.194021540646347,35.894477115593816,26.684424935394876,0.9717696008617771
234,176,168958,forward,w,deg,282,282.0,0.0,-2.299881104622955,15.140753443851732,-19.215074560663925,28.15403021970728,47.3691047803712,-21.802265889380863,49.127776821322016,70.93004271070288,0.6936236984774752,29.522331980171245,50.49607858178598,302.9264395687687,0.9656593197446999
234,177,170926,forward,w,deg,727,727.0,0.0,-5.306543705707668,16.44595525996815,-15.342028802740469,33.551476033275904,48.893504836016376,-17.265337994104755,68.83651682059883,86.10185481470359,1.711447885659454,43.86255104279111,79.14759183011404,282.9133147202274,0.9604648724696453
234,178,173453,forward,w,deg,326,326.0,0.0,-0.7627657622197717,13.667568593270126,-19.363037998791484,24.620781640493476,43.98381963928496,-24.432880722776616,43.46378950143634,67.89667022421295,0.5359599355565546,33.891077719667976,52.73408558061084,149.42496771946517,0.9719397191073588
234,179,183842,forward,w,deg,352,352.0,0.0,-2.8166174969230156,28.116361393747166,-26.03689971044848,42.42146140825042,68.4583611186989,-54.672918009155694,153.57737269713823,208.25029070629392,2.480065227013424,55.92132910390663,167.07724039279447,94.5478655431384,0.9055924940464193
234,180,182265,forward,w,deg,1084,1084.0,0.0,-1.9858631357892875,18.82550428194619,-25.66478378141421,34.68029429499218,60.345078076406395,-31.7684588482648,177.67702475339433,209.44548360165913,1.257987076951311,54.07612274500637,162.9271467965915,259.6900160080231,0.9497754997583242
234,181,174823,forward,w,deg,856,856.0,0.0,-1.0564415272498309,18.606446111171994,-25.428630474242226,33.211335617677705,58.63996609191993,-27.90826957908888,48.75409413007384,76.66236370916272,0.3805648499428652,45.40506175198037,60.9478202643765,293.87542101435827,0.9483027045442176
234,182,173712,forward,w,deg,483,483.0,0.0,-3.420485053961869,22.703315745152715,-31.539238594420596,41.5714012542159,73.1106398486365,-37.18221709695348,59.084495850565816,96.2667129475193,0.466680041048553,54.0076332352979,59.650611737830786,252.29582371059763,0.9239063280712518
234,183,184891,forward,w,deg,124,124.0,0.0,-1.892919664070746,23.7990407006984,-27.351033570724002,32.90599067696964,60.257024247693636,-32.11482117615532,128.63172908066826,160.74655025682358,1.9025865325710045,53.49115488946474,149.21689329316342,15.726008167592662,0.9247101777251803
234,184,174489,forward,w,deg,5009,5009.0,0.0,-1.4111564377039372,9.722204090605063,-12.896116156931408,18.78482525333989,31.680941410271295,-14.25287119350267,26.184490549749853,40.437361743252524,0.5521484554274734,27.00110703627395,34.400772332683914,167.3335898385246,0.9856880988699844
234,185,169367,forward,w,deg,173,173.0,0.0,2.3076804016087067,16.098784123662643,-23.609819485744616,24.962775705857094,48.57259519160171,-38.901183358729554,31.081609023611264,69.98279238234082,-0.15597169475910058,27.32906119370228,37.519289259856066,37.786927679988544,0.9610448548067336
234,186,186077,forward,w,deg,253,253.0,0.0,1.0587316839593086,3.8113794141753887,-6.328236777990685,5.212150910463322,11.540387688454008,-8.190642318833937,5.978794540527588,14.169436859361525,-0.40360519615834917,7.675787012145918,8.442430642210184,38.7848579829471,0.9977890472242776
234,187,158732,forward,w,deg,188,188.0,0.0,-7.83829838582345,21.380431172458234,-14.58194984688425,42.98199450876448,57.56394435564873,-15.818896391874887,167.3479578133199,183.1668542051948,3.2559639463554433,55.18373422354425,179.54969752809967,22.033627324250737,0.9438645006286711
234,188,170213,forward,w,deg,56,56.0,0.0,1.5661478090159733,11.339204374274132,-22.035331011384777,15.706569898055669,37.741900909440446,-25.697851333148094,33.241847984218424,58.93969931736652,-0.18003355805003554,28.002386394851605,45.53766448101439,38.264437591432205,0.9806389361509176
234,189,180073,forward,w,deg,2019,2019.0,0.0,-2.399571883441382,8.455777452868617,-9.66427363539906,16.14612975816989,25.81040339356895,-10.288613606003992,19.079340086683715,29.367953692687706,0.6433871769796113,23.062901195274993,25.99611152378884,3.1272497617259436,0.9891527586179125
234,190,182088,forward,w,deg,2067,2067.0,0.0,-0.40438297043033344,5.59654194020276,-8.41484660372838,9.558662518465807,17.973509122194187,-9.909229007658865,13.405861903323995,23.31509091098286,0.2571673464821096,14.733797477121383,18.58099686197957,172.88024722973591,0.9952376345370024
234,191,177383,forward,w,deg,3466,3466.0,0.0,0.8831136687900738,8.671133610311518,-13.248549082798519,14.916540729803422,28.16508981260194,-15.573600622358072,22.314464714245958,37.88806533660403,0.11701984421256455,27.038422351887277,34.43634633632979,11.963780258967578,0.9885992333039013
234,192,174403,forward,w,deg,229,229.0,0.0,0.5280377679355581,14.602542426250773,-22.445299392973435,26.033305001949085,48.47860439492252,-24.040042212977255,37.83366436990903,61.873706582886285,0.3369931668490062,30.039398675578465,41.83975804353841,22.505620221103946,0.967956655350911
234,193,178238,forward,w,deg,102,102.0,0.0,-1.778715040180927,9.140903914062594,-10.89003171979116,17.972563312750932,28.862595032542092,-12.92022703156971,30.389699079359616,43.309926110929325,1.1358516214331396,23.782082001079626,36.19921776768831,90.38146361498185,0.9873844730210752
234,194,170665,forward,w,deg,53,53.0,0.0,-0.467182838979312,0.9580218844295035,-1.2529019474947631,1.7265066975647243,2.9794086450594874,-1.5663206952918074,2.167929843048597,3.7342505383404045,0.5794272190473797,1.7341537044405468,1.9043017975208159,31.29000457956099,0.9998602175581559
234,195,186177,forward,w,deg,644,644.0,0.0,-1.8798309671224303,6.9102331891142335,-7.646125754252006,14.701943911097356,22.348069665349364,-8.263315304044681,24.046588249591707,32.30990355363639,1.1385391539384853,17.174375800990205,26.51902013948458,6.729546350009595,0.9927603363216986
234,196,181587,forward,w,deg,273,273.0,0.0,-1.4465102591487096,10.116897996406136,-12.996627701897443,18.891689912965738,31.888317614863183,-15.611389688768526,24.472025189440814,40.08341487820934,0.4728012021076325,23.95040531030542,29.530740586780496,209.4695767555825,0.9845014025864413
234,197,179171,forward,w,deg,684,684.0,0.0,-2.5383012549415866,12.895080917473303,-15.489775236922112,26.773472364031665,42.263247600953775,-18.611798000646075,39.85484860379211,58.46664660443818,0.9184862494199136,30.134446492777887,43.21582273253833,196.21097217664547,0.975016370579907
234,198,209870,forward,w,deg,258,258.0,0.0,2.5759395002618817,38.64433345765112,-39.58342187211154,62.94623180310583,102.52965367521738,-41.565902373866805,76.79128535919915,118.35718773306596,0.3064988386633857,103.30644986083573,117.15150341692907,71.80308269123472,0.7853614639820413
234,199,183992,forward,w,deg,55,55.0,0.0,-1.348614582368782,6.433429565022317,-8.057398092683531,12.553552656475729,20.610950749159258,-9.71836993093126,15.109732784222189,24.82810271515345,0.6883110455555156,14.031022646587903,16.587202774334344,60.39371733054758,0.9937130525336396
234,200,187670,forward,w,deg,1992,1992.0,0.0,-0.696143736772882,5.448818533362114,-7.525677346108455,9.719476548953313,17.24515389506177,-8.727203472110205,12.548483820174198,21.275687292284402,0.35481847623188134,14.89339334222935,17.722400613450247,3.8470502437252962,0.9954851003475681
234,201,183195,forward,w,deg,183,183.0,0.0,-3.03923556007328,17.355919360995266,-22.129681253190142,30.466358505737837,52.59603975892798,-24.79744816999687,90.27262229942596,115.07007046942283,1.2498968657073528,48.92146608839834,108.72772988208646,51.819725920797595,0.9561704763730591
234,202,187458,forward,w,deg,267,267.0,0.0,-1.3948684078905274,12.705609151899194,-15.257643898473225,24.37877604682927,39.63641994530249,-15.627946210390633,38.6767311765158,54.304677386906434,0.7087351954846267,39.97851990356128,54.276475033247834,14.118870853744225,0.9756980663135246
234,203,188365,forward,w,deg,144,144.0,0.0,0.5573361928577043,7.397550363533917,-11.883342568057552,12.187060270739291,24.070402838796845,-14.476931130025719,15.501402385051335,29.978333515077054,-0.02903430463353079,21.037341575466826,24.351683689778895,62.10446695984547,0.9916886855764774
234,204,191955,forward,w,deg,61,61.0,0.0,-0.2850171771576129,9.266867406551452,-16.749445293665303,13.584861925149085,30.334307218814388,-19.44550829680091,16.45128107075189,35.8967893675528,-0.24455786130196538,15.98325584074098,18.40422242382249,109.80462171635152,0.986983597267356
234,205,196937,forward,w,deg,542,542.0,0.0,-2.0677837808305526,18.99916208108165,-13.012192812333064,15.379620625278067,28.39181343761113,-15.888904964508129,132.50717118363633,148.39607614814446,4.716851771287125,19.20235997569178,136.3299105340501,60.55378662222395,0.9576290144574487
234,206,184764,forward,w,deg,798,798.0,0.0,-1.4266083576613084,13.223851882092939,-18.102109354870816,24.802649332168343,42.90475868703916,-21.219779650443456,45.51418343311644,66.7339630835599,0.6686185030053541,34.84221168813637,55.55374578908447,294.0868158708844,0.9737393632800022
234,207,185292,forward,w,deg,271,271.0,0.0,-2.0927482645132898,10.28142386179242,-13.37533699753564,20.4910831095563,33.86642010709194,-14.768319379911361,33.17155099202196,47.939870371933324,0.7265173779331359,28.39269681727906,41.07316469974472,135.80679836211158,0.9840212624782798
234,208,192657,forward,w,deg,903,903.0,0.0,0.43722145143118496,4.8858642723550405,-8.973473810118353,7.276578774952821,16.250052585071174,-11.328547742760634,9.661852259157655,20.99040000191829,-0.3192711274466066,10.176960309550374,12.562233793755183,21.273912749916377,0.9963692482985227
234,209,207954,forward,w,deg,523,523.0,0.0,1.6983653207543625,7.847434602617351,-14.544004417974614,9.920910371641765,24.46491478961638,-16.16143932912101,11.539690190634133,27.701129519755142,-0.5393679240670046,23.651985187967885,25.269420099114285,38.69677705490605,0.9906510155946583
234,210,185518,forward,w,deg,1011,1011.0,0.0,-2.989838466687104,9.407807850964225,-9.367169767390095,20.846810124674107,30.213979892064202,-10.627847317767845,35.83487798138759,46.46272529915544,1.4842487151706836,22.61465584895143,37.602723705664914,185.68078860604857,0.9866619017674131
234,211,208699,forward,w,deg,814,814.0,0.0,1.0913732278193038,5.97556817643146,-9.872765046485569,8.185448913765589,18.05821396025116,-12.12905040171836,12.430368598845263,24.559419000563622,-0.23523549731489396,10.666169121387483,12.751598147094512,31.28471431106281,0.9945705394302035
234,212,195967,forward,w,deg,1518,1518.0,0.0,-0.6033574526170469,4.040895121418709,-5.330159366426371,7.9170696169572805,13.247228983383652,-7.637901081391021,13.27664424646403,20.914545327855052,0.7169422122316081,11.108832184873892,16.468406814380614,8.775338157211891,0.9975161774394298
234,213,221491,forward,w,deg,287,287.0,0.0,-3.6631819878488443,21.207747216617527,-13.537517952977463,72.89183031695893,86.4293482699364,-14.691813074288888,92.0373690657035,106.72918213999239,3.140213954151835,80.72855089545365,99.87408964419825,23.809276639348774,0.9406321164529429
234,214,198357,forward,w,deg,528,528.0,0.0,-2.6603019130672863,10.313563854393474,-12.141216697705994,20.41208701499325,32.55330371269925,-13.10162553228514,29.503818666066365,42.605444198351506,0.7786364280452038,21.989064960886356,31.08079661195947,199.98488622844596,0.9839163189302129
234,215,207478,forward,w,deg,1091,1091.0,0.0,-1.0855311968568344,5.49098725227933,-6.478033400502113,8.576580683168132,15.054614083670245,-7.221686020671257,17.56464701814778,24.786333038819038,0.8586419946692436,9.662111880024966,18.650178215004615,8.077272344847733,0.9954190437923518
234,216,201577,forward,w,deg,432,432.0,0.0,0.10263789043735017,4.770720736367122,-7.975412150766575,7.161822208301928,15.137234359068502,-9.862678707613298,9.967504443894825,19.830183151508123,-0.060464123954389846,8.620041399419705,9.946188284696206,46.856921803298704,0.9965375970605709
234,217,215999,forward,w,deg,177,177.0,0.0,-1.9100056968119077,7.742757191127011,-8.246785112991665,13.9502418547634,22.197026967755065,-9.49445109468627,23.300201228844458,32.79465232353073,0.8668320001062466,14.600432135090873,23.950391509171908,8.887298346251992,0.9909090159290952
234,218,200025,forward,w,deg,634,634.0,0.0,-0.38371888064767745,3.4981322966488597,-5.121252405083931,6.5351333960782485,11.65638580116218,-6.028089238141632,9.29729164148074,15.325380879622372,0.42045411774305685,9.264647832137051,12.026806077539561,15.795157324130523,0.9981376275552273
234,219,212975,forward,w,deg,194,194.0,0.0,-1.0858189200222768,4.682557204754965,-5.564923568317326,10.55695044125126,16.121874009568586,-5.915459031071123,18.719909727180834,24.635368758251957,1.5866900029788893,10.193904663993308,18.356863949922882,5.640704258933755,0.9966709937475153
234,220,199435,forward,w,deg,1347,1347.0,0.0,-1.2269923146651536,7.856024385967979,-10.081852172348226,14.925974031621335,25.00782620396956,-12.222769368068782,31.782126578353115,44.0048959464219,0.8429724832473127,17.772724790745116,34.628877337476894,193.81148550119298,0.990650326545772
234,221,210407,forward,w,deg,105,105.0,0.0,-0.20476362662671477,2.4639760509378985,-3.545799029463086,3.9742954804742676,7.520094509937353,-4.1738165934670235,5.340474160747249,9.514290754214272,0.25399250599921114,4.959419523384429,5.587437087388366,34.07675515564535,0.9990755875843529
234,222,211697,forward,w,deg,262,262.0,0.0,-0.34062710519512507,2.310493358521461,-3.0065930482353607,4.53438083098549,7.54097387922085,-3.466874301462127,7.204080849434035,10.670955150896162,0.7671375570511548,4.670112473466694,7.339812491915239,39.67620594899488,0.9991872591608548
234,223,213762,forward,w,deg,96,96.0,0.0,-1.697905995564426,4.417626681585371,-4.7824135992666825,8.711953370947867,13.49436697021455,-5.221506114396107,12.776167226514616,17.997673340910723,1.1278595271088963,11.546166687813503,15.610380543380245,10.355742116388463,0.997032447118511
234,224,216403,forward,w,deg,906,906.0,0.0,-0.16895149654997965,3.013496256985452,-3.7605764086838818,4.267142532866664,8.027718941550546,-5.462438004900918,37.79253983372337,43.254977838624285,4.502360211919542,4.963721871492439,38.48911917234915,28.10755938722117,0.9986339536754097
234,225,217741,forward,w,deg,444,444.0,0.0,-1.3645164226784772,6.175082781175408,-8.16054043723115,11.809033781444061,19.969574218675213,-9.113173659534283,16.981903014658513,26.095076674192796,0.6806754509747343,12.570694399537036,17.74356363275146,46.38647349011078,0.9942069184549537
234,226,213015,forward,w,deg,149,149.0,0.0,-0.24254206309061033,2.2492530261021644,-2.902764183686776,3.815655519255432,6.718419702942208,-3.244470338084767,4.417262388175573,7.66173272626034,0.31202319542326656,4.030332068966874,4.631938937887014,32.48962505923938,0.9992296298626223
234,227,217754,forward,w,deg,418,418.0,0.0,0.779432524081642,3.008594053406704,-6.1471061588519635,3.623342551342543,9.770448710194506,-7.227033903980697,4.017558872768234,11.24459277674893,-0.8111228527110027,5.748324429646897,6.828252174775628,32.32234388832227,0.9986221896936655
234,228,215359,forward,w,deg,911,911.0,0.0,-0.2968190700011064,2.927012808275167,-4.183910652645338,5.3289569943248125,9.51286764697015,-5.236111690744963,10.800794234908352,16.036905925653315,0.6823061133295943,6.111110206715296,11.582947447298835,21.553921054515474,0.9986960909018677
234,229,218639,forward,w,deg,215,215.0,0.0,-0.13608981320203384,2.8657713401380653,-4.488574907392487,4.595418378095609,9.083993285488095,-6.209935553985247,5.829252298222514,12.03918785220776,0.033429522199050765,5.190165978901387,6.300579100871374,27.095092868700323,0.9987496921212892
234,230,222316,forward,w,deg,89,89.0,0.0,0.6163839115778842,4.572315867143856,-7.192294898683957,7.733276209627769,14.925571108311726,-8.608243632446516,10.330335437308179,18.938579069754695,0.07610955215996637,10.05918331392345,12.65624254160386,34.01073870347416,0.9968195380227605
234,231,220314,forward,w,deg,258,258.0,0.0,0.3109104023750575,2.8889904233266277,-5.2341793656229285,4.289535276238227,9.523714641861154,-5.928307550981856,5.147690552810616,11.075998103792472,-0.34157148315201397,5.181461645624611,5.71350777459179,30.55016126360167,0.9987293796412727
234,232,221556,forward,w,deg,378,378.0,0.0,-0.7604801485070993,4.986359759214564,-6.658196020357818,8.837932395346806,15.496128415704625,-8.489699975328904,13.700766402306954,22.190466377635857,0.520313026036283,8.626179257380452,12.854264031753672,42.167132368565056,0.9962188886525741
234,233,222949,forward,w,deg,55,55.0,0.0,-5.28217996602001,11.99462478972257,-12.288104151849769,23.398915075084325,35.6870192269341,-15.494610874372029,36.31200686206773,51.80661773643976,1.1373572445022324,30.90111192401063,43.814203710994036,286.2769468925958,0.9783701213136208
