N=194124, N_branch=500, dt_b=-0.0001, dt_f=0.0001, rtol=1e-9
T_min=0, T_max_b=-6.283185307179586, T_max_f=12.566370614359172, ZOOM=False
Features: normalized position and unit tangent blocks.
Perigee: first noninitial geocentric minimum outside lunar SOI within each interval, before any detected surface entry.
Frame: geocentric inertial axes coincident with synodic axes at t=0.
STD: ddof=0; w statistics use offsets from the cluster circular mean (angle_origin_deg).
angle_resultant: 1=concentrated directions; 0=no defined mean direction. Broad angular clouds require caution with linearized moments.
NaN: missing event, undefined parameter/statistic, or missing representative parameter.

K=10, STD=0.01603226725
n = trajectories per cluster; conditions overlap.
n = 1: clusters=0/10 (0.00%); trajectories=0/194124 (0.00%)
n < 10: clusters=0/10 (0.00%); trajectories=0/194124 (0.00%)
n < 100: clusters=0/10 (0.00%); trajectories=0/194124 (0.00%)

K=10, phase=backward, parameter=a [km]
cluster representative_source n_cluster n_valid n_missing median std p05 p95 width90 minimum maximum range skewness error95 error_max angle_origin_deg angle_resultant
0 147032 56047 0 56047 nan nan nan nan nan nan nan nan nan nan nan nan nan
1 33467 11708 11708 0 200954.788 7477.645843 196477.0575 217423.7901 20946.73257 193076.1974 241038.0446 47961.84713 2.339886923 17022.55928 40636.81373 nan nan
2 52405 8936 8936 0 227099.9395 6220.90199 218038.0692 239244.8876 21206.81834 201816.8399 240932.038 39115.1981 0.2359910369 14578.18162 22872.47845 nan nan
3 156649 34130 0 34130 nan nan nan nan nan nan nan nan nan nan nan nan nan
4 40474 10599 10599 0 226820.1961 6131.443096 217104.3003 235666.841 18562.5407 213489.1343 241125.0718 27635.93744 0.02904919007 12928.22204 18386.45283 nan nan
5 138247 28418 0 28418 nan nan nan nan nan nan nan nan nan nan nan nan nan
6 32694 5549 5549 0 224215.2727 11548.93972 203478.6703 239273.2645 35794.59424 193064.5732 241085.7226 48021.14943 -0.265239459 19338.11905 26880.64448 nan nan
7 16324 15123 15123 0 218384.0864 7716.33323 204117.2651 228512.7681 24395.50302 199408.0302 241117.2713 41709.24112 -0.2717036805 13255.32664 24218.56467 nan nan
8 57507 14674 14674 0 209611.2062 4276.172115 203180.9973 216199.6101 13018.61281 193052.5207 233183.6866 40131.16585 0.4061096866 7267.037161 23029.44458 nan nan
9 221423 8940 0 8940 nan nan nan nan nan nan nan nan nan nan nan nan nan

K=10, phase=backward, parameter=e [-]
cluster representative_source n_cluster n_valid n_missing median std p05 p95 width90 minimum maximum range skewness error95 error_max angle_origin_deg angle_resultant
0 147032 56047 0 56047 nan nan nan nan nan nan nan nan nan nan nan nan nan
1 33467 11708 11708 0 0.5120884896 0.05874533874 0.3877221319 0.54520004 0.1574779082 0.1708203432 0.570313305 0.3994929619 -2.635475095 0.1285839798 0.3454857685 nan nan
2 52405 8936 8936 0 0.3085332649 0.05515962428 0.1924267302 0.3823749095 0.1899481794 0.1719701926 0.5056374904 0.3336672979 -0.4483255834 0.1366167652 0.1769049482 nan nan
3 156649 34130 0 34130 nan nan nan nan nan nan nan nan nan nan nan nan nan
4 40474 10599 10599 0 0.3109466768 0.05310507726 0.2294707014 0.3898983397 0.1604276382 0.1697173735 0.4185724086 0.2488550351 -0.1767540367 0.1155650942 0.1753184221 nan nan
5 138247 28418 0 28418 nan nan nan nan nan nan nan nan nan nan nan nan nan
6 32694 5549 5549 0 0.3328667494 0.09712211975 0.1918791829 0.4933008467 0.3014216638 0.1700108998 0.5704147561 0.4004038563 0.1193372427 0.1758580163 0.202746157 nan nan
7 16324 15123 15123 0 0.3802596219 0.06051216329 0.2971282814 0.488653612 0.1915253306 0.1699124926 0.5235340682 0.3536215756 0.1911751335 0.103873884 0.221965831 nan nan
8 57507 14674 14674 0 0.4472451475 0.03263106617 0.3967767223 0.4954721601 0.09869543779 0.2534330042 0.5704977882 0.317064784 -0.5265528769 0.05488085633 0.1897863273 nan nan
9 221423 8940 0 8940 nan nan nan nan nan nan nan nan nan nan nan nan nan

K=10, phase=backward, parameter=w [deg]
cluster representative_source n_cluster n_valid n_missing median std p05 p95 width90 minimum maximum range skewness error95 error_max angle_origin_deg angle_resultant
0 147032 56047 0 56047 nan nan nan nan nan nan nan nan nan nan nan nan nan
1 33467 11708 11708 0 -1.287065863 8.974661292 -11.55183847 18.12215549 29.67399396 -19.25824985 26.03650694 45.29475678 0.7142395052 25.44431473 33.35866618 190.8579686 0.987805353
2 52405 8936 8936 0 1.663453227 8.929617155 -22.27637759 11.04777842 33.32415601 -36.35815739 14.1584782 50.51663559 -2.360764735 26.4567658 40.53854559 203.4134237 0.9880858965
3 156649 34130 0 34130 nan nan nan nan nan nan nan nan nan nan nan nan nan
4 40474 10599 10599 0 -1.416104606 6.897251439 -7.454373152 12.12260495 19.5769781 -35.32526039 14.53667005 49.86193044 -0.72183244 14.5287658 33.33371065 202.3090524 0.9928149693
5 138247 28418 0 28418 nan nan nan nan nan nan nan nan nan nan nan nan nan
6 32694 5549 5549 0 -3.099786485 9.857803681 -9.930703576 17.26709371 27.19779729 -32.30365403 18.12259216 50.42624619 0.05816642919 21.93346547 27.94941716 199.2173624 0.985320448
7 16324 15123 15123 0 -0.3902189054 4.728414529 -6.071531156 6.238906636 12.31043779 -20.31353047 29.24349652 49.55702699 1.794147047 7.630779355 30.61544092 187.4858557 0.996613843
8 57507 14674 14674 0 -0.2186224093 5.222961586 -7.436892715 8.707311682 16.1442044 -28.71657293 16.73815653 45.45472946 0.05923880685 10.99784936 26.58612048 199.5907664 0.9958567466
9 221423 8940 0 8940 nan nan nan nan nan nan nan nan nan nan nan nan nan

K=10, phase=forward, parameter=a [km]
cluster representative_source n_cluster n_valid n_missing median std p05 p95 width90 minimum maximum range skewness error95 error_max angle_origin_deg angle_resultant
0 147032 56047 56044 3 194018.5851 193048.2932 188159.2093 405028.0257 216868.8164 187998.576 5805939.396 5617940.82 8.422726413 216176.3744 5617087.744 nan nan
1 33467 11708 11705 3 218431.2722 11897.9503 200544.03 229036.3763 28492.34628 189501.6338 574894.6302 385392.9964 8.217269875 20085.05536 354372.6936 nan nan
2 52405 8936 7420 1516 200235.1358 297528.5577 189199.3886 226754.5556 37555.16703 188847.325 18789119.65 18600272.33 39.47764771 35377.36653 18597742.47 nan nan
3 156649 34130 34129 1 208935.4551 670462.817 189246.7578 263595.202 74348.44419 188203.6546 76282242.54 76094038.88 62.63742769 56115.01418 76074762.35 nan nan
4 40474 10599 10597 2 211084.1936 268618.3593 190270.465 790928.443 600657.978 188375.5304 7565177.716 7376802.185 8.037524074 579921.2576 7354170.53 nan nan
5 138247 28418 28418 0 199415.3395 276211.9307 188804.4598 209827.4127 21022.95297 188334.9515 7484171.573 7295836.621 14.19267785 11331.82221 7285675.982 nan nan
6 32694 5549 5548 1 214568.2453 342027.8243 201223.5875 733056.7496 531833.1622 189478.0538 8837569.013 8648090.959 9.942955224 523244.4806 8627756.744 nan nan
7 16324 15123 15122 1 205324.5659 8693.49965 196747.1085 219849.7399 23102.63142 190385.976 541344.5833 350958.6074 5.340268382 12943.60959 334407.085 nan nan
8 57507 14674 14669 5 199243.7595 67421.78164 188793.6368 253021.7037 64228.06694 188390.3736 7296020.845 7107630.472 80.12539526 57507.82142 7100506.963 nan nan
9 221423 8940 8940 0 213702.0601 362622.8956 189141.8302 890600.5664 701458.7362 188291.556 16453922.65 16265631.1 18.27706089 677336.7935 16240658.88 nan nan

K=10, phase=forward, parameter=e [-]
cluster representative_source n_cluster n_valid n_missing median std p05 p95 width90 minimum maximum range skewness error95 error_max angle_origin_deg angle_resultant
0 147032 56047 56044 3 0.9195634237 0.2221468227 0.2650320779 0.9991658815 0.7341338036 3.774545329e-05 1 0.9999622545 -2.032892587 0.7140965146 0.979090847 nan nan
1 33467 11708 11705 3 0.3797907383 0.08820079696 0.2924388124 0.5187969957 0.2263581833 0.09405040396 0.9999353848 0.9058849809 1.10076918 0.1564723863 0.6366532532 nan nan
2 52405 8936 7420 1516 0.8611318484 0.1617869233 0.6102432587 0.9980832781 0.3878400194 0.09315892252 0.9999999998 0.9068410773 -1.817358638 0.3540811821 0.8711655182 nan nan
3 156649 34130 34129 1 0.7480909494 0.2234307884 0.211495662 0.9962364324 0.7847407704 0.0007192626071 0.9999999976 0.9992807349 -1.131349113 0.5550494161 0.7658258154 nan nan
4 40474 10599 10597 2 0.7001310389 0.1703919726 0.36247646 0.984849485 0.622373025 0.007668268694 0.9999999988 0.9923317301 -1.042392192 0.3458655039 0.7006736952 nan nan
5 138247 28418 28418 0 0.8493750155 0.1161803887 0.7146216759 0.99717476 0.2825530841 0.0001671890931 0.9999999981 0.999832809 -1.759058333 0.1441462398 0.8586007267 nan nan
6 32694 5549 5548 1 0.4576655286 0.2221374316 0.08490880117 0.8576210401 0.7727122389 0.0006053674971 0.9999965192 0.9993911517 -0.08095219741 0.5700518641 0.6543552978 nan nan
7 16324 15123 15122 1 0.4855413951 0.06813267345 0.3688577017 0.5479255892 0.1790678876 0.09062998825 0.9847060068 0.8940760185 -0.07612719261 0.1115166708 0.516987155 nan nan
8 57507 14674 14669 5 0.8545327234 0.1779422707 0.4488783901 0.9976692254 0.5487908353 1.887149263e-05 0.9999999977 0.9999811262 -2.205002457 0.4479259612 0.8967854799 nan nan
9 221423 8940 8940 0 0.6906630588 0.2724769777 0.1779301984 0.9946421948 0.8167119964 0.002519224893 0.9999999862 0.9974807613 -0.4867876121 0.5498760877 0.7252870612 nan nan

K=10, phase=forward, parameter=w [deg]
cluster representative_source n_cluster n_valid n_missing median std p05 p95 width90 minimum maximum range skewness error95 error_max angle_origin_deg angle_resultant
0 147032 56047 56044 3 -5.231953216 84.33618637 -55.34950184 146.8309751 202.180477 -174.212694 149.9215745 324.1342686 0.2371936427 176.9277523 179.9983618 312.4165926 0.1696370644
1 33467 11708 11705 3 -3.712597473 21.06231026 -20.62961365 38.45336035 59.082974 -174.6669835 153.3784098 328.0453933 1.948851191 57.01647686 171.9046265 314.0298991 0.9394124509
2 52405 8936 7420 1516 -8.434064126 50.59037773 -11.74800689 124.3016257 136.0496326 -175.782546 177.9950675 353.7776135 1.739832586 130.4976146 179.8465688 298.279115 0.7267094282
3 156649 34130 34129 1 -15.7743984 65.41237735 -36.95570025 137.2697462 174.2254465 -179.2380685 178.668344 357.9064125 0.8672254938 169.1059137 179.9924003 306.9441162 0.5130095091
4 40474 10599 10597 2 -15.16667848 56.40369967 -19.38420788 124.7255858 144.1097937 -177.6908281 164.8621674 342.5529955 1.11742659 145.0916379 176.9981182 305.250928 0.635113209
5 138247 28418 28418 0 -3.16472287 66.53320801 -175.7281116 34.92625497 210.6543666 -179.999884 179.9985319 359.9984159 -0.9639994309 171.9671959 179.9280019 266.9330324 0.682548376
6 32694 5549 5548 1 -6.088547995 57.75927282 -43.46927086 121.0748431 164.544114 -179.9723752 179.4693529 359.4417281 0.7770419251 160.8905123 169.2122855 333.5922276 0.6099521093
7 16324 15123 15122 1 -1.737835927 13.46456954 -10.76213343 13.90797428 24.67010771 -138.3241799 161.8283498 300.1525297 4.909788784 20.55286453 168.3678617 304.0698707 0.977207132
8 57507 14674 14669 5 -16.29693098 45.52353322 -33.89713301 90.74535534 124.6424884 -144.9180015 162.6703011 307.5883026 0.8175576942 118.1273583 178.6189492 323.1028188 0.7269715397
9 221423 8940 8940 0 11.01927354 66.21541527 -131.4923899 70.25751648 201.7499063 -132.7119679 150.6067284 283.3186963 -0.4277189757 138.5287294 174.9794201 29.35373293 0.4693254221

K=14, STD=0.01429118132
n = trajectories per cluster; conditions overlap.
n = 1: clusters=0/14 (0.00%); trajectories=0/194124 (0.00%)
n < 10: clusters=0/14 (0.00%); trajectories=0/194124 (0.00%)
n < 100: clusters=0/14 (0.00%); trajectories=0/194124 (0.00%)

K=14, phase=backward, parameter=a [km]
cluster representative_source n_cluster n_valid n_missing median std p05 p95 width90 minimum maximum range skewness error95 error_max angle_origin_deg angle_resultant
0 128398 31854 0 31854 nan nan nan nan nan nan nan nan nan nan nan nan nan
1 39208 8671 8671 0 199847.8106 4401.724924 196266.2907 203690.2415 7423.950747 193076.1974 241020.0564 47943.85896 6.513232418 4431.966095 41751.4474 nan nan
2 49624 8687 8687 0 225211.6232 5075.490539 217125.5012 233103.2969 15977.79568 201816.8399 237539.0238 35722.18394 -0.1129360252 10358.95479 20984.05368 nan nan
3 171855 22666 0 22666 nan nan nan nan nan nan nan nan nan nan nan nan nan
4 40478 9300 9300 0 226428.7683 5937.493893 216635.999 234649.6451 18013.64604 213489.1343 240408.6803 26919.54597 -0.1232505217 12560.02962 18319.06487 nan nan
5 140920 27743 0 27743 nan nan nan nan nan nan nan nan nan nan nan nan nan
6 28932 2844 2844 0 238270.738 3544.36515 228522.2388 240799.2732 12277.03448 225111.6683 241125.0718 16013.40353 -1.421989603 9539.372924 12949.94343 nan nan
7 5959 5526 5526 0 214087.2661 8000.612225 205230.8915 231188.96 25958.06851 203296.7562 238584.8954 35288.13918 0.7265022704 18627.40272 26023.33808 nan nan
8 57825 14071 14071 0 209412.5771 4125.716312 203147.548 215690.3471 12542.79907 193052.5207 233183.6866 40131.16585 0.3876680082 6969.228062 23471.74195 nan nan
9 221020 5971 0 5971 nan nan nan nan nan nan nan nan nan nan nan nan nan
10 16751 14024 14024 0 218623.7742 7686.040145 204341.3163 228540.0661 24198.74987 199433.0219 238135.7503 38702.72836 -0.3015867246 13093.65233 21138.82343 nan nan
11 101915 13142 0 13142 nan nan nan nan nan nan nan nan nan nan nan nan nan
12 34081 3466 3466 0 220170.7393 11900.03858 201789.6614 236298.2541 34508.59271 193064.5732 240809.2817 47744.70855 -0.05552522307 20372.70391 24874.50134 nan nan
13 161766 26159 0 26159 nan nan nan nan nan nan nan nan nan nan nan nan nan

K=14, phase=backward, parameter=e [-]
cluster representative_source n_cluster n_valid n_missing median std p05 p95 width90 minimum maximum range skewness error95 error_max angle_origin_deg angle_resultant
0 128398 31854 0 31854 nan nan nan nan nan nan nan nan nan nan nan nan nan
1 39208 8671 8671 0 0.5202981862 0.03575823224 0.4917751686 0.5467649715 0.05498980294 0.1708328431 0.570313305 0.3994804619 -7.102401083 0.03298788935 0.3538336576 nan nan
2 49624 8687 8687 0 0.3244497448 0.04254785815 0.2550941495 0.3895318075 0.134437658 0.2132346145 0.5056374904 0.292402876 0.01973842374 0.08960701728 0.1612676939 nan nan
3 171855 22666 0 22666 nan nan nan nan nan nan nan nan nan nan nan nan nan
4 40478 9300 9300 0 0.3144138081 0.0505484077 0.2399154593 0.3936168639 0.1537014045 0.1774577432 0.4185724086 0.2411146654 0.0352093589 0.1104008591 0.1728585752 nan nan
5 140920 27743 0 27743 nan nan nan nan nan nan nan nan nan nan nan nan nan
6 28932 2844 2844 0 0.2027243394 0.03532142414 0.1736646129 0.296116351 0.1224517381 0.1697173735 0.3249543206 0.155236947 1.220409456 0.09198977612 0.1208277456 nan nan
7 5959 5526 5526 0 0.413530656 0.06419598309 0.2726459537 0.4803276768 0.2076817231 0.1981994993 0.4947375159 0.2965380166 -0.8685566991 0.1527841351 0.2272305895 nan nan
8 57825 14071 14071 0 0.4487569873 0.0314406226 0.4007554179 0.4957573314 0.09500191348 0.2534330042 0.5704977882 0.317064784 -0.5069644594 0.05265964963 0.193134032 nan nan
9 221020 5971 0 5971 nan nan nan nan nan nan nan nan nan nan nan nan nan
10 16751 14024 14024 0 0.3783699711 0.06023936719 0.2968773279 0.4870035828 0.1901262548 0.2031482782 0.523353664 0.3202053858 0.2349553345 0.1028868881 0.1879591655 nan nan
11 101915 13142 0 13142 nan nan nan nan nan nan nan nan nan nan nan nan nan
12 34081 3466 3466 0 0.3657046749 0.09734851685 0.2233538351 0.5058882343 0.2825343992 0.172956805 0.5704147561 0.3974579512 -0.0458926299 0.175797889 0.2261949191 nan nan
13 161766 26159 0 26159 nan nan nan nan nan nan nan nan nan nan nan nan nan

K=14, phase=backward, parameter=w [deg]
cluster representative_source n_cluster n_valid n_missing median std p05 p95 width90 minimum maximum range skewness error95 error_max angle_origin_deg angle_resultant
0 128398 31854 0 31854 nan nan nan nan nan nan nan nan nan nan nan nan nan
1 39208 8671 8671 0 -0.6592310991 6.258771083 -9.130202391 11.01989429 20.15009668 -17.8338 25.64794124 43.48174124 0.4026714802 17.30908127 31.93712822 190.8692694 0.9940497
2 49624 8687 8687 0 0.4983163842 5.345920816 -7.43598169 5.383561065 12.81954275 -37.25880391 13.19580904 50.45461295 -3.316344522 8.7418539 37.46370442 204.3760928 0.9957204212
3 171855 22666 0 22666 nan nan nan nan nan nan nan nan nan nan nan nan nan
4 40478 9300 9300 0 -1.751110211 6.585248205 -7.091071394 12.24606853 19.33713993 -35.12359686 14.73833359 49.86193044 -0.462791737 14.84009585 32.83053946 202.1073889 0.9934459718
5 140920 27743 0 27743 nan nan nan nan nan nan nan nan nan nan nan nan nan
6 28932 2844 2844 0 2.281166936 14.51370479 -28.3122914 17.39474713 45.70703853 -30.69971058 18.23670876 48.93641933 -0.5727616963 38.30256284 40.68998202 197.7549768 0.9682952164
7 5959 5526 5526 0 -3.448581383 14.12009574 -14.55410849 22.67782197 37.23193046 -26.43861897 23.78251749 50.22113646 0.4091433662 37.8932876 38.99798311 193.3976654 0.969868963
8 57825 14071 14071 0 -0.2573113602 5.146351374 -7.312010323 8.75272792 16.06473824 -28.39517635 16.78984736 45.18502372 0.1142968026 11.22832435 26.07317173 199.5390756 0.9959769142
9 221020 5971 0 5971 nan nan nan nan nan nan nan nan nan nan nan nan nan
10 16751 14024 14024 0 -0.3859001702 4.284773721 -5.43493679 5.897316868 11.33225366 -20.42245638 29.10876513 49.53122151 1.845003038 7.16219904 30.35765619 187.5947816 0.9972175818
11 101915 13142 0 13142 nan nan nan nan nan nan nan nan nan nan nan nan nan
12 34081 3466 3466 0 -2.210432045 8.672158848 -7.884231165 17.7379115 25.62214266 -31.02144181 19.40480439 50.42624619 0.2208038493 23.34889487 25.90295822 197.9351501 0.988642227
13 161766 26159 0 26159 nan nan nan nan nan nan nan nan nan nan nan nan nan

K=14, phase=forward, parameter=a [km]
cluster representative_source n_cluster n_valid n_missing median std p05 p95 width90 minimum maximum range skewness error95 error_max angle_origin_deg angle_resultant
0 128398 31854 31853 1 194166.5254 228058.634 188141.2679 463057.8057 274916.5379 187998.576 3928762.039 3740763.463 6.160106383 274245.4602 3739949.693 nan nan
1 39208 8671 8668 3 216721.6999 10273.44846 200281.8073 229437.0497 29155.2424 199228.2887 291191.5237 91963.23492 0.8350676316 19279.8421 71722.69186 nan nan
2 49624 8687 8562 125 200586.5202 64010.65845 189208.8305 224726.7666 35517.936 188824.4665 1412762.242 1223937.775 11.97067638 24253.87496 1212289.35 nan nan
3 171855 22666 22666 0 203135.805 747631.4569 189184.4706 275440.3571 86255.88646 188380.7335 76282242.54 76093861.8 63.13414229 72332.11323 76079134.29 nan nan
4 40478 9300 9299 1 211192.5734 240418.5429 190547.3 754690.4851 564143.1851 188375.5304 3868441.785 3680066.255 5.57931423 543833.1255 3657584.425 nan nan
5 140920 27743 27743 0 199041.3855 289000.1995 188778.3503 209190.9987 20412.64846 188318.9015 8775147.526 8586828.625 15.36178869 11658.9225 8577615.45 nan nan
6 28932 2844 1447 1397 308921.1539 920678.6525 189952.6104 1879565.816 1689613.206 188375.8048 18789119.65 18600743.85 8.203846581 nan nan nan nan
7 5959 5526 5526 0 220924.928 30333.81893 201624.2758 228382.5968 26758.32099 189478.0538 734752.1598 545274.106 11.88153203 25430.96063 508139.6541 nan nan
8 57825 14071 14071 0 199210.0082 67926.60302 188781.2622 254631.121 65849.85887 188390.3736 7296020.845 7107630.472 81.488511 59226.39462 7100616.119 nan nan
9 221020 5971 5971 0 232512.2184 681284.0525 190188.6583 250487.8476 60299.18926 188203.6546 21659266.51 21471062.85 26.32417783 51340.44858 21418912.28 nan nan
10 16751 14024 14023 1 204430.9326 7568.066233 196681.2198 218161.7238 21480.50396 195345.8198 290701.7456 95355.92582 1.512664983 11913.2111 84453.23294 nan nan
11 101915 13142 13141 1 212196.4978 246247.2141 190649.6227 863184.3196 672534.6969 188218.9593 5864673.427 5676454.467 5.546804656 642944.7472 5644433.854 nan nan
12 34081 3466 3465 1 209985.5444 78042.73379 201484.888 432402.8716 230917.9836 189787.3275 837709.3564 647922.0289 2.716456468 222787.4585 628093.9433 nan nan
13 161766 26159 26157 2 194095.0632 147561.6169 188196.8802 347683.0651 159486.185 188007.4237 9903671.596 9715664.173 30.92698031 159167.9433 9715156.474 nan nan

K=14, phase=forward, parameter=e [-]
cluster representative_source n_cluster n_valid n_missing median std p05 p95 width90 minimum maximum range skewness error95 error_max angle_origin_deg angle_resultant
0 128398 31854 31853 1 0.9158135793 0.2197092875 0.2720996192 0.9990712329 0.7269716137 3.774545329e-05 1 0.9999622545 -2.056684045 0.7079849341 0.9800468079 nan nan
1 39208 8671 8668 3 0.3931313674 0.08753840728 0.2888921635 0.5197434491 0.2308512856 0.09405040396 0.7120607419 0.618010338 0.5370250939 0.1493488665 0.3404284716 nan nan
2 49624 8687 8562 125 0.8558296735 0.1583607067 0.614946218 0.997914645 0.382968427 0.09315892252 0.9999999998 0.9068410773 -1.787346061 0.2337679063 0.7555552018 nan nan
3 171855 22666 22666 0 0.8321716867 0.1962830392 0.3542167333 0.9979172428 0.6437005095 0.0007192626071 0.9999999976 0.9992807349 -1.647807596 0.4639382435 0.8174357142 nan nan
4 40478 9300 9299 1 0.6948225352 0.166227492 0.3582408565 0.9815485149 0.6233076584 0.007668268694 0.9999999988 0.9923317301 -1.065672968 0.3481323532 0.698704941 nan nan
5 140920 27743 27743 0 0.8554428511 0.1135407247 0.7212378256 0.9974877412 0.2762499156 0.0001671890931 0.9999999981 0.999832809 -1.75957342 0.1499671751 0.8710378115 nan nan
6 28932 2844 1447 1397 0.6004754929 0.2265555732 0.2735330436 0.9830691551 0.7095361114 0.0358819124 0.9999986823 0.9641167699 0.04572802096 nan nan nan nan
7 5959 5526 5526 0 0.360413145 0.1178929454 0.3000696285 0.6353289609 0.3352593324 0.06631223318 0.9999965192 0.933684286 2.76722285 0.3215794529 0.6862470112 nan nan
8 57825 14071 14071 0 0.8549214916 0.1741428926 0.478271086 0.9976689417 0.5193978558 1.887149263e-05 0.9999999977 0.9999811262 -2.24607314 0.419587944 0.8978401584 nan nan
9 221020 5971 5971 0 0.264896913 0.2925119343 0.1738805087 0.9728839678 0.7990034591 0.004732944403 0.9999998456 0.9952669012 0.7169886406 0.7927784441 0.8198943219 nan nan
10 16751 14024 14023 1 0.4885654996 0.05866561808 0.3821221957 0.5453931884 0.1632709927 0.09456188752 0.6997273372 0.6051654497 -0.5843642401 0.09449208802 0.3783062724 nan nan
11 101915 13142 13141 1 0.6843952452 0.1444741676 0.4334463755 0.9678107719 0.5343643964 0.006136354059 0.9999999862 0.9938636321 -0.3522154602 0.3734870552 0.5965765603 nan nan
12 34081 3466 3465 1 0.6476961162 0.2421451871 0.04486586227 0.8559589096 0.8110930474 0.0006053674971 0.9951765647 0.9945711972 -0.7459138203 0.6115715052 0.655832 nan nan
13 161766 26159 26157 2 0.9229926617 0.2274242348 0.2533461671 0.9992476443 0.7459014772 0.0002919113415 0.9999999998 0.9997080885 -1.947999157 0.7351512027 0.9882054584 nan nan

K=14, phase=forward, parameter=w [deg]
cluster representative_source n_cluster n_valid n_missing median std p05 p95 width90 minimum maximum range skewness error95 error_max angle_origin_deg angle_resultant
0 128398 31854 31853 1 -21.56768223 77.61889776 -65.14800708 125.1264769 190.274484 -142.3463544 130.3154634 272.6618179 0.2491635498 178.0542222 179.9998246 327.6629174 0.2623602724
1 39208 8671 8668 3 -2.258905273 18.1713554 -18.63498466 27.2482554 45.88324006 -62.89012702 153.6036895 216.4938165 2.625815765 43.95763484 170.2389888 313.8046194 0.9556327938
2 49624 8687 8562 125 -9.468490805 49.36262773 -12.94022115 122.5752157 135.5154369 -92.71402456 163.244455 255.9584796 1.684242935 134.2242609 174.8935002 299.3159686 0.7285331998
3 171855 22666 22666 0 -14.52158178 71.29148634 -37.08552191 139.8979533 176.9834752 -179.8565956 177.6821583 357.5387539 0.7293182269 171.3584894 179.9982663 307.9303019 0.4234867318
4 40478 9300 9299 1 -13.08808039 55.33354551 -17.0034377 141.030663 158.0341007 -167.5357275 167.2236223 334.7593498 1.271976103 157.7749726 177.1169609 302.8894731 0.6583313175
5 140920 27743 27743 0 -2.73814398 66.63564726 -175.5452663 27.62629154 203.1715578 -179.9974589 179.9997144 359.9971732 -1.178637655 171.9002919 179.8781245 266.0294487 0.6721766952
6 28932 2844 1447 1397 -5.608961319 64.99642101 -123.5623067 82.41362802 205.9759347 -179.5779585 177.9788386 357.5567971 -0.1823028067 nan nan 59.8803902 0.5836220457
7 5959 5526 5526 0 -0.9105876749 31.83632303 -26.69387989 51.16399195 77.85787185 -179.7717318 168.4254524 348.1971842 0.7573762481 70.30452598 178.9958169 319.1346475 0.8709269839
8 57825 14071 14071 0 -16.00851764 45.04298375 -33.81099448 89.86110774 123.6721022 -145.0531415 154.517788 299.5709295 0.8139063835 116.7024883 178.6872618 323.2379589 0.7320376522
9 221020 5971 5971 0 -3.078245368 34.433698 -63.28914522 62.00415815 125.2933034 -81.01781215 161.2121737 242.2299858 0.5161556973 110.176061 127.8368274 18.74828768 0.8408587454
10 16751 14024 14023 1 -1.481357297 12.60685575 -10.54782048 13.11072384 23.65854432 -94.17767936 161.7739314 255.9516107 5.342708871 19.36643796 168.0176284 304.1242892 0.9799991502
11 101915 13142 13141 1 -10.93755217 52.07828199 -36.97996257 121.8744453 158.8544079 -177.1307721 177.6257377 354.7565099 1.393840936 127.4924846 176.7873944 294.6176716 0.6898866416
12 34081 3466 3465 1 -13.31493315 49.48052167 -41.80633 139.0810192 180.8873492 -167.2534321 146.457334 313.7107661 1.395181441 158.8460775 166.2223923 315.0020424 0.7272058453
13 161766 26159 26157 2 18.45502646 92.5077696 -149.1139452 97.65506034 246.7690055 -179.8968967 179.613547 359.5104437 0.01065362802 167.5157716 177.5524589 238.4457184 0.047165748

K=18, STD=0.01335125524
n = trajectories per cluster; conditions overlap.
n = 1: clusters=0/18 (0.00%); trajectories=0/194124 (0.00%)
n < 10: clusters=0/18 (0.00%); trajectories=0/194124 (0.00%)
n < 100: clusters=0/18 (0.00%); trajectories=0/194124 (0.00%)

K=18, phase=backward, parameter=a [km]
cluster representative_source n_cluster n_valid n_missing median std p05 p95 width90 minimum maximum range skewness error95 error_max angle_origin_deg angle_resultant
0 128398 31228 0 31228 nan nan nan nan nan nan nan nan nan nan nan nan nan
1 21987 4740 4740 0 209545.3062 3295.835727 204404.4576 214375.9069 9971.449318 202704.067 219301.3814 16597.31448 -0.05160052769 5704.050936 9347.243881 nan nan
2 49166 7431 7431 0 225778.2736 4700.278472 218274.9664 233202.4938 14927.52743 210622.9716 235821.537 25198.56542 -0.04332833506 9933.277166 12667.72715 nan nan
3 208293 6000 0 6000 nan nan nan nan nan nan nan nan nan nan nan nan nan
4 48796 7234 7234 0 207982.4446 7022.565329 202579.1089 232235.6185 29656.50963 193116.9663 235187.1916 42070.22535 2.057305173 23098.84726 26050.42035 nan nan
5 122456 16862 0 16862 nan nan nan nan nan nan nan nan nan nan nan nan nan
6 28932 2738 2738 0 238223.7571 3488.980097 229566.968 240776.5449 11209.57695 225046.9058 241125.0718 16078.166 -1.436563016 8494.643719 13014.70591 nan nan
7 5959 5138 5138 0 214048.7272 7433.170407 205149.5296 229178.0407 24028.5111 203161.0183 237040.0644 33879.04611 0.6409407024 16616.48341 24478.50709 nan nan
8 81619 8172 8172 0 211113.7713 4111.560711 205538.2761 217208.3459 11670.06979 193052.5207 234227.4184 41174.89767 0.6402926503 7033.201329 21844.42116 nan nan
9 219846 5600 0 5600 nan nan nan nan nan nan nan nan nan nan nan nan nan
10 13960 9062 9062 0 222667.9549 4230.859427 215743.9253 229162.9827 13419.05741 214335.9655 240981.4134 26645.44791 0.04387238411 7257.99095 18893.71094 nan nan
11 154309 27447 0 27447 nan nan nan nan nan nan nan nan nan nan nan nan nan
12 34080 3292 3292 0 221479.8295 11437.7394 202829.6617 236423.7436 33594.0819 193064.5732 240995.6976 47931.12436 -0.1262961718 20299.70728 24868.63245 nan nan
13 161766 26156 0 26156 nan nan nan nan nan nan nan nan nan nan nan nan nan
14 168732 14242 0 14242 nan nan nan nan nan nan nan nan nan nan nan nan nan
15 74960 5227 5227 0 199225.9737 9045.184162 195999.3666 232165.3559 36165.98937 193076.1974 241041.6789 47965.48147 3.42859884 35109.44751 43985.77049 nan nan
16 41395 9307 9307 0 226195.4926 5595.916928 217120.3182 234557.4573 17437.13908 213489.1343 240408.6803 26919.54597 -0.06041041252 12000.45381 17851.67681 nan nan
17 50657 4248 4248 0 200527.6649 2411.632581 198224.915 203782.8783 5557.963251 193167.7014 234645.8409 41478.13946 6.665268949 4372.234528 35214.95523 nan nan

K=18, phase=backward, parameter=e [-]
cluster representative_source n_cluster n_valid n_missing median std p05 p95 width90 minimum maximum range skewness error95 error_max angle_origin_deg angle_resultant
0 128398 31228 0 31228 nan nan nan nan nan nan nan nan nan nan nan nan nan
1 21987 4740 4740 0 0.448092401 0.02484338922 0.4113473643 0.4865376625 0.07519029821 0.3721604675 0.4991741591 0.1270136916 0.03670465586 0.04284647857 0.07285516435 nan nan
2 49166 7431 7431 0 0.3196882568 0.03968512314 0.2541774762 0.3806019675 0.1264244913 0.2309938547 0.4402835466 0.2092896919 -0.0365276045 0.08625137934 0.1093702625 nan nan
3 208293 6000 0 6000 nan nan nan nan nan nan nan nan nan nan nan nan nan
4 48796 7234 7234 0 0.4595901994 0.05605071295 0.2623746692 0.4999825933 0.2376079242 0.2349466751 0.5700086311 0.3350619559 -2.239132563 0.1886036086 0.2160316026 nan nan
5 122456 16862 0 16862 nan nan nan nan nan nan nan nan nan nan nan nan nan
6 28932 2738 2738 0 0.2034065922 0.03477381798 0.1739703976 0.2892967911 0.1153263935 0.1697173735 0.3254896844 0.1557723109 1.226871116 0.08517021617 0.1213631095 nan nan
7 5959 5138 5138 0 0.4137887149 0.05904577598 0.2906825476 0.4809391946 0.1902566471 0.2185341854 0.4958656011 0.2773314156 -0.7720091547 0.1347475412 0.2068959034 nan nan
8 81619 8172 8172 0 0.4358341003 0.03170967537 0.3889014049 0.4778668324 0.08896542748 0.2439052728 0.5704977882 0.3265925154 -0.8194400025 0.05329049276 0.1822159324 nan nan
9 219846 5600 0 5600 nan nan nan nan nan nan nan nan nan nan nan nan nan
10 13960 9062 9062 0 0.3461119989 0.0345555346 0.2913804719 0.4008527423 0.1094722704 0.1716762051 0.4116261463 0.2399499412 -0.1396395943 0.05949610853 0.1791256068 nan nan
11 154309 27447 0 27447 nan nan nan nan nan nan nan nan nan nan nan nan nan
12 34080 3292 3292 0 0.3551899684 0.09409570087 0.2221748925 0.4981657513 0.2759908589 0.1711241814 0.5704147561 0.3992905748 0.01834850903 0.1754840275 0.2265347386 nan nan
13 161766 26156 0 26156 nan nan nan nan nan nan nan nan nan nan nan nan nan
14 168732 14242 0 14242 nan nan nan nan nan nan nan nan nan nan nan nan nan
15 74960 5227 5227 0 0.5248309641 0.07402690187 0.2629794375 0.5487616646 0.2857822271 0.170592258 0.570313305 0.399721047 -3.534196883 0.2779383848 0.3703255644 nan nan
16 41395 9307 9307 0 0.3163703577 0.04765432651 0.2408399775 0.3897688329 0.1489288554 0.1774577432 0.4185724086 0.2411146654 -0.03121456669 0.1056610112 0.1690432455 nan nan
17 50657 4248 4248 0 0.5152890205 0.01858050476 0.4910082331 0.532334328 0.0413260949 0.2392747466 0.5696656159 0.3303908693 -7.383305252 0.0324750983 0.2841436565 nan nan

K=18, phase=backward, parameter=w [deg]
cluster representative_source n_cluster n_valid n_missing median std p05 p95 width90 minimum maximum range skewness error95 error_max angle_origin_deg angle_resultant
0 128398 31228 0 31228 nan nan nan nan nan nan nan nan nan nan nan nan nan
1 21987 4740 4740 0 -0.8273534465 5.439856534 -5.000513554 17.13354583 22.13405938 -14.43170994 27.33667826 41.7683882 2.69496363 19.29106328 29.49419571 186.9639518 0.9955294004
2 49166 7431 7431 0 0.6488421105 5.514508455 -7.411361078 5.209160071 12.62052115 -37.1558511 13.31839143 50.47424254 -3.563939357 8.78872744 37.69797678 204.2535104 0.9954535243
3 208293 6000 0 6000 nan nan nan nan nan nan nan nan nan nan nan nan nan
4 48796 7234 7234 0 -1.173888517 4.819117262 -5.107963153 10.42791501 15.53587817 -24.96174255 19.78080843 44.74255098 1.457774338 13.45837512 22.7991532 196.8638418 0.9964743442
5 122456 16862 0 16862 nan nan nan nan nan nan nan nan nan nan nan nan nan
6 28932 2738 2738 0 2.280011223 14.47883778 -28.36400442 17.33479196 45.69879638 -30.72801564 18.20840369 48.93641933 -0.5818901854 38.3259708 40.68998202 197.7832819 0.9684489821
7 5959 5138 5138 0 -3.357938569 13.90011218 -13.79998285 23.10905415 36.90903699 -25.65821567 24.55352964 50.2117453 0.4975622966 37.54411647 38.98859196 192.6172621 0.9708065753
8 81619 8172 8172 0 -0.2473407393 4.307437295 -5.010206003 7.040095669 12.05030167 -31.60283969 14.09103174 45.69387144 -0.8903227152 7.819885946 33.98213981 202.5699373 0.9971890415
9 219846 5600 0 5600 nan nan nan nan nan nan nan nan nan nan nan nan nan
10 13960 9062 9062 0 0.06798550406 3.937994676 -5.896761641 5.526702183 11.42346382 -20.85881 28.69821699 49.55702699 0.9588276088 6.181497132 29.11009812 188.0311352 0.9976473496
11 154309 27447 0 27447 nan nan nan nan nan nan nan nan nan nan nan nan nan
12 34080 3292 3292 0 -2.343892355 8.917602961 -8.069493885 17.64724567 25.71673955 -31.24686324 19.17938295 50.42624619 0.1338518841 23.32152623 26.02526399 198.1605716 0.987993346
13 161766 26156 0 26156 nan nan nan nan nan nan nan nan nan nan nan nan nan
14 168732 14242 0 14242 nan nan nan nan nan nan nan nan nan nan nan nan nan
15 74960 5227 5227 0 -0.986604616 8.166774555 -10.56283049 12.78099826 23.34382875 -21.24561865 25.44604539 46.69166404 0.6997088996 13.33191581 25.7505241 191.6345052 0.9898977718
16 41395 9307 9307 0 -1.740048201 6.476561682 -7.013919065 12.23366835 19.24758742 -35.2722822 14.58964825 49.86193044 -0.4361771269 14.10968178 33.60889059 202.2560742 0.9936592419
17 50657 4248 4248 0 -1.015034405 5.170078039 -6.773488577 9.860094198 16.63358278 -16.04237542 25.65570422 41.69807965 0.8615952901 12.62788927 28.4164508 190.7996014 0.9959399379

K=18, phase=forward, parameter=a [km]
cluster representative_source n_cluster n_valid n_missing median std p05 p95 width90 minimum maximum range skewness error95 error_max angle_origin_deg angle_resultant
0 128398 31228 31227 1 193954.9608 121934.3528 188138.7626 363904.9046 175766.1421 187998.576 3928762.039 3740763.463 8.387333534 175092.5591 3739949.693 nan nan
1 21987 4740 4740 0 205446.1156 7787.46134 198480.3284 219190.8072 20710.47878 197729.1971 290701.7456 92972.54845 1.996985735 11000.02624 82510.96465 nan nan
2 49166 7431 7288 143 200586.5202 55390.99635 189225.5826 224054.4652 34828.88258 188871.8027 1306594.606 1117722.804 13.3326567 23550.43273 1106090.574 nan nan
3 208293 6000 6000 0 214426.0016 581368.7073 189189.0829 1487381.551 1298192.468 188318.3353 6533945.639 6345627.304 3.3682811 1202889.871 6249453.96 nan nan
4 48796 7234 7234 0 202916.7491 60885.74381 193580.6834 208673.9733 15093.28991 189382.2047 1452087.88 1262705.676 14.7567811 10888.6445 1248311.083 nan nan
5 122456 16862 16862 0 202429.1467 276208.7226 190707.3548 209305.1037 18597.74886 188358.2289 5879060.796 5690702.567 10.50821032 12471.08332 5676583.186 nan nan
6 28932 2738 1360 1378 497006.5095 942802.4967 189758.152 1920467.777 1730709.625 188375.8048 18789119.65 18600743.85 8.047111984 nan nan nan nan
7 5959 5138 5138 0 221221.2231 31189.72428 201616.7885 228276.9588 26660.17033 189478.0538 734752.1598 545274.106 11.69128935 25452.05573 508139.6541 nan nan
8 81619 8172 8171 1 192802.7496 89545.40209 188653.7463 291560.0027 102906.2563 188390.3736 7296020.845 7107630.472 61.22336264 53026.9198 7057487.762 nan nan
9 219846 5600 5600 0 232639.5109 837569.3228 189917.9889 260440.3133 70522.32439 188203.6546 21659266.51 21471062.85 19.70900237 51626.01101 21418663.44 nan nan
10 13960 9062 9061 1 204256.3473 7776.544375 196334.9242 218032.7281 21697.8039 195345.8198 291060.468 95714.64819 1.466046982 11961.78152 84989.52143 nan nan
11 154309 27447 27446 1 209197.3089 633471.0813 189348.219 260266.8257 70918.60671 188218.9593 76282242.54 76094023.58 82.89796433 50826.561 76072802.27 nan nan
12 34080 3292 3291 1 210014.0024 81270.1715 201421.4892 440457.2254 239035.7361 189506.1369 837709.3564 648203.2195 2.617743678 230847.9995 628100.1306 nan nan
13 161766 26156 26154 2 194071.1713 136736.2567 188196.8549 346836.1527 158639.2978 188007.4237 9903671.596 9715664.173 35.50613358 158321.0309 9715156.474 nan nan
14 168732 14242 14242 0 193653.6337 282742.2736 188656.3556 230809.4832 42153.12762 188334.9515 9922280.832 9733945.88 26.65996757 38394.62736 9729865.976 nan nan
15 74960 5227 5224 3 222592.709 7379.839274 207941.4027 229891.3062 21949.90356 192452.9924 290535.2968 98082.30436 0.5900714527 13857.83429 69560.4748 nan nan
16 41395 9307 9306 1 211406.102 237351.1922 190984.5158 752423.6791 561439.1633 188375.5304 3868441.785 3680066.255 5.719090226 541945.6108 3657963.717 nan nan
17 50657 4248 4248 0 206855.692 8109.165783 199902.7178 217551.2522 17648.53441 199228.2887 291191.5237 91963.23492 4.322180846 9456.698999 83096.97042 nan nan

K=18, phase=forward, parameter=e [-]
cluster representative_source n_cluster n_valid n_missing median std p05 p95 width90 minimum maximum range skewness error95 error_max angle_origin_deg angle_resultant
0 128398 31228 31227 1 0.91883878 0.2206699061 0.265438038 0.9991107169 0.7336726789 3.774545329e-05 1 0.9999622545 -2.099806661 0.7146465153 0.9800468079 nan nan
1 21987 4740 4740 0 0.4835277017 0.06457262724 0.3740141818 0.5327361755 0.1587219937 0.09456188752 0.7304106308 0.6358487433 -0.2520838052 0.09097394965 0.3637316665 nan nan
2 49166 7431 7288 143 0.8545901302 0.1603862764 0.6152614365 0.9978312886 0.3825698521 0.09315892252 0.999999994 0.9068410715 -1.839644207 0.233784879 0.755887393 nan nan
3 208293 6000 6000 0 0.7413363265 0.2204213569 0.2628744872 0.9928201051 0.7299456178 0.005575633586 0.9999999862 0.9944243526 -0.624328305 0.6493637108 0.6565435919 nan nan
4 48796 7234 7234 0 0.7922755988 0.0995081568 0.6947080187 0.9203020888 0.2255940702 0.08097545257 0.999999759 0.9190243064 -2.695467422 0.1491082021 0.6993971209 nan nan
5 122456 16862 16862 0 0.80068227 0.08059408157 0.7139173082 0.9597309639 0.2458136557 0.07142839092 0.9998779725 0.9284495816 -0.0326959804 0.159462855 0.7314867996 nan nan
6 28932 2738 1360 1378 0.6263671999 0.2282434469 0.2698087884 0.9846865403 0.714877752 0.0358819124 0.9999986823 0.9641167699 -0.07047140428 nan nan nan nan
7 5959 5138 5138 0 0.3580341244 0.1173564155 0.3009303201 0.5146536472 0.213723327 0.06921333456 0.9999965192 0.9307831846 2.950523995 0.2013667342 0.6862470112 nan nan
8 81619 8172 8171 1 0.9441631378 0.2191242562 0.2778614417 0.999373752 0.7215123103 1.887149263e-05 0.9999999998 0.9999811283 -2.247562903 0.4006225356 0.5993202591 nan nan
9 219846 5600 5600 0 0.2638055869 0.2987090237 0.1737880527 0.9744561754 0.8006681228 0.004732944403 0.9999998456 0.9952669012 0.6607320409 0.7979581317 0.8235018019 nan nan
10 13960 9062 9061 1 0.4905337161 0.06069269137 0.3831693974 0.5479036939 0.1647342965 0.09428293306 0.6997273372 0.6054444041 -0.5526335623 0.09585227475 0.3799398189 nan nan
11 154309 27447 27446 1 0.7443883309 0.1785199719 0.4679207655 0.9956637789 0.5277430134 0.0007192626071 0.9999999976 0.9992807349 -1.176389115 0.2771449891 0.744346492 nan nan
12 34080 3292 3291 1 0.6467530963 0.2455702752 0.04275520692 0.8580033583 0.8152481514 0.0006053674971 0.9999926079 0.9993872404 -0.667578969 0.6143024872 0.6564523267 nan nan
13 161766 26156 26154 2 0.923235825 0.2274830252 0.2523551659 0.9992476702 0.7468925044 0.0002919113415 0.9999999998 0.9997080885 -1.948398583 0.7361422039 0.9882054584 nan nan
14 168732 14242 14242 0 0.9379823093 0.1562723005 0.582392581 0.9994739101 0.4170813291 0.0001671890931 0.9999999981 0.999832809 -2.728099243 0.3602350236 0.9424604155 nan nan
15 74960 5227 5224 3 0.3465478088 0.06836531702 0.2848866763 0.4701705507 0.1852838743 0.09487697468 0.975389122 0.8805121473 1.909058256 0.1211837346 0.6158176632 nan nan
16 41395 9307 9306 1 0.6942750855 0.160773468 0.3934076648 0.9762138967 0.5828062319 0.007668268694 0.9999999988 0.9923317301 -1.109515223 0.3233357297 0.7090751259 nan nan
17 50657 4248 4248 0 0.4752423492 0.06795349508 0.3867234514 0.5240220381 0.1372985867 0.09405040396 0.7019706172 0.6079202133 -0.4706541631 0.1850353071 0.3649118345 nan nan

K=18, phase=forward, parameter=w [deg]
cluster representative_source n_cluster n_valid n_missing median std p05 p95 width90 minimum maximum range skewness error95 error_max angle_origin_deg angle_resultant
0 128398 31228 31227 1 -19.41698665 77.81938811 -61.01319377 129.4157306 190.4289243 -138.1418068 134.5200111 272.6618179 0.289738715 178.0976248 179.9998246 323.4583697 0.2662354836
1 21987 4740 4740 0 -2.621467358 16.51004739 -12.45899301 35.23288533 47.69187834 -179.3657293 174.7062701 354.0719994 3.651105527 41.95348374 179.0485923 305.1388493 0.9660271845
2 49166 7431 7288 143 -6.478096855 45.41985932 -9.654274853 125.8295964 135.4838713 -89.50288755 166.455592 255.9584796 2.047802578 134.1974509 174.8234465 296.1048316 0.7789737859
3 208293 6000 6000 0 37.27642211 69.4602499 -104.4943108 94.87310089 199.3674117 -104.9222123 124.7644234 229.6866357 -0.1424076472 159.4267401 159.8546416 1.559687534 0.3936368882
4 48796 7234 7234 0 -5.017727718 20.12596823 -15.99045443 34.55672198 50.54717642 -73.47151522 148.7074512 222.1789664 2.906839187 45.2866785 158.5500846 304.9283322 0.9484846819
5 122456 16862 16862 0 -3.94488131 22.68093156 -10.22723563 27.80987672 38.03711235 -179.6411795 178.8972038 358.5383834 3.587091488 33.89206119 179.8196535 268.0562618 0.9508861887
6 28932 2738 1360 1378 19.66876739 66.1554214 -125.4147101 98.79599808 224.2107082 -179.5782288 179.9444929 359.5227217 -0.1498454278 nan nan 62.83262481 0.5749526346
7 5959 5138 5138 0 -1.768440081 31.05901514 -25.08005059 48.13014734 73.21019793 -178.1796893 156.7971601 334.9768495 0.8304617487 66.22309308 173.4904627 317.542605 0.8781348653
8 81619 8172 8171 1 -12.92338197 53.21943213 -58.28004231 69.40009855 127.6801409 -170.8759273 74.9457972 245.8217245 -0.06302536295 116.2142659 177.8626395 347.9829717 0.6176852364
9 219846 5600 5600 0 -3.029051366 33.40812436 -64.43254191 62.31707289 126.7496148 -79.85065638 162.3793294 242.2299858 0.6089166681 103.6009103 123.5816316 17.58113191 0.8516464463
10 13960 9062 9061 1 -1.10577901 12.0521312 -9.341077056 11.68786405 21.02894111 -137.8100481 162.3424816 300.1525297 6.349725774 16.35327501 166.9902469 303.555739 0.9826594928
11 154309 27447 27446 1 -8.945554575 62.99057757 -26.18192267 144.5364113 170.718334 -179.0208314 179.8325086 358.85334 1.23583301 165.3845668 179.9910691 296.8650994 0.5846177599
12 34080 3292 3291 1 -14.06026601 50.89099375 -41.61224564 139.5016321 181.1138778 -166.8846699 146.8260962 313.7107661 1.343035894 159.1359374 166.4604015 314.6332802 0.7127852319
13 161766 26156 26154 2 17.63569525 92.54470145 -149.8952699 97.07781401 246.9730839 -176.7838816 179.9358972 356.7197788 0.009761673645 167.4849932 175.8146021 239.2683805 0.04789603555
14 168732 14242 14242 0 -2.471324018 106.5950419 -177.9677452 178.0096217 355.9773669 -179.9977043 179.9957319 359.9934363 0.01586282269 178.9959844 179.9990792 268.37245 0.2433065714
15 74960 5227 5224 3 -5.057272223 21.92658573 -19.68893093 52.53327475 72.22220568 -45.82866757 172.8878911 218.7165586 1.941432167 60.92390508 178.7214786 314.6722088 0.9330035764
16 41395 9307 9306 1 -14.01238709 55.93546448 -17.54734355 138.8232138 156.3705574 -168.0864689 166.6728809 334.7593498 1.224639535 156.3461799 176.8890458 303.4402145 0.6475585826
17 50657 4248 4248 0 -0.8281191524 17.90130469 -18.68859085 21.03715646 39.72574731 -64.79483617 151.6989804 216.4938165 3.408739643 28.36950157 158.8098671 315.7093286 0.9594514668

K=23, STD=0.0127557911
n = trajectories per cluster; conditions overlap.
n = 1: clusters=0/23 (0.00%); trajectories=0/194124 (0.00%)
n < 10: clusters=0/23 (0.00%); trajectories=0/194124 (0.00%)
n < 100: clusters=0/23 (0.00%); trajectories=0/194124 (0.00%)

K=23, phase=backward, parameter=a [km]
cluster representative_source n_cluster n_valid n_missing median std p05 p95 width90 minimum maximum range skewness error95 error_max angle_origin_deg angle_resultant
0 128106 30980 0 30980 nan nan nan nan nan nan nan nan nan nan nan nan nan
1 22427 4532 4532 0 209453.7929 3271.147257 204299.3091 214283.6131 9984.303986 202700.1039 217606.5195 14906.41558 -0.06858111545 5632.195571 7780.899904 nan nan
2 30751 1720 1720 0 237081.5706 4111.983665 228020.8432 240774.2673 12753.42407 221385.0169 241125.0718 19740.05487 -0.7550068474 9703.057855 16338.88418 nan nan
3 221317 4362 0 4362 nan nan nan nan nan nan nan nan nan nan nan nan nan
4 58136 12619 12619 0 210305.8169 3671.296312 205152.7182 216174.3101 11021.59196 193076.8534 233101.946 40025.09255 0.5557035552 6009.442965 22267.70114 nan nan
5 127595 3652 0 3652 nan nan nan nan nan nan nan nan nan nan nan nan nan
6 22050 1731 1731 0 236430.1233 3412.62534 228722.9846 239425.2947 10702.31014 193730.153 240928.0182 47197.8652 -3.137123236 7880.171411 42873.003 nan nan
7 8822 3027 3027 0 213017.4064 5486.752699 204946.9075 222188.2306 17241.32305 202792.8172 230330.5164 27537.69915 0.14716712 9831.982553 17974.26835 nan nan
8 67258 1766 1766 0 203420.2955 1161.701627 201985.1988 204411.7544 2426.555601 193052.5207 205098.0362 12045.51548 -4.280453755 1453.817315 10382.10987 nan nan
9 172743 4515 0 4515 nan nan nan nan nan nan nan nan nan nan nan nan nan
10 14142 8910 8910 0 222698.2786 4212.984691 215679.3247 229147.1384 13467.81373 214335.9655 236918.5975 22582.63199 -0.03426062089 7267.092176 14886.08603 nan nan
11 154309 27438 0 27438 nan nan nan nan nan nan nan nan nan nan nan nan nan
12 99245 2857 2857 0 215691.9522 8021.354837 205248.9985 229918.7072 24669.70863 202648.2251 234460.7239 31812.49886 0.2553639955 12922.15768 17068.88911 nan nan
13 161476 25184 0 25184 nan nan nan nan nan nan nan nan nan nan nan nan nan
14 168732 15039 0 15039 nan nan nan nan nan nan nan nan nan nan nan nan nan
15 76537 4877 4877 0 198883.927 2434.233812 195972.5674 203584.4529 7611.885455 193076.1974 204540.1463 11463.94884 0.3297232808 6475.006145 7430.699565 nan nan
16 42086 8720 8720 0 225253.0232 5280.033027 216965.2383 232967.8884 16002.65004 213489.1343 240667.1935 27178.05911 -0.01196999164 10509.2133 18208.51839 nan nan
17 49752 4179 4179 0 200481.353 1674.715425 198214.7589 203744.4014 5529.642546 193167.7014 204535.186 11367.48462 0.2687531625 4242.173731 6342.069315 nan nan
18 122456 16365 0 16365 nan nan nan nan nan nan nan nan nan nan nan nan nan
19 30062 578 578 0 238862.6328 3315.927759 230355.9105 241011.2306 10655.32016 224532.5509 241117.2713 16584.72049 -1.492226436 8279.358607 14102.71824 nan nan
20 34315 1955 1955 0 214962.0533 9198.316777 201688.3764 230322.6503 28634.27395 193064.5732 235307.188 42242.61479 0.1320894485 15273.01562 22012.96588 nan nan
21 34650 1529 1529 0 233665.7271 8547.430939 207024.8174 236570.2166 29545.39917 196651.6886 240371.9135 43720.22484 -2.401248324 27199.95208 37573.08085 nan nan
22 49623 7589 7589 0 225350.7569 4910.919088 217570.5619 233140.5126 15569.95068 201816.8399 234943.4829 33126.64306 -0.04632387921 10216.24261 21137.31319 nan nan

K=23, phase=backward, parameter=e [-]
cluster representative_source n_cluster n_valid n_missing median std p05 p95 width90 minimum maximum range skewness error95 error_max angle_origin_deg angle_resultant
0 128106 30980 0 30980 nan nan nan nan nan nan nan nan nan nan nan nan nan
1 22427 4532 4532 0 0.4487513443 0.02464785724 0.4120448724 0.4873296289 0.07528475646 0.3855433448 0.4992001343 0.1136567895 0.05505647538 0.04235397585 0.06043954095 nan nan
2 30751 1720 1720 0 0.2155302721 0.04089132924 0.1740068359 0.3001909676 0.1261841317 0.1697173735 0.3572216957 0.1875043222 0.5996064379 0.09242224747 0.1494529756 nan nan
3 221317 4362 0 4362 nan nan nan nan nan nan nan nan nan nan nan nan nan
4 58136 12619 12619 0 0.4420162102 0.02809840353 0.3970029454 0.480762187 0.08375924158 0.2542095916 0.5703110008 0.3161014093 -0.6850555143 0.04548140128 0.1838462294 nan nan
5 127595 3652 0 3652 nan nan nan nan nan nan nan nan nan nan nan nan nan
6 22050 1731 1731 0 0.2219934701 0.03201722047 0.1904136768 0.2941089119 0.1036952351 0.1717564826 0.5654637168 0.3937072342 2.512959466 0.07388779577 0.3452426007 nan nan
7 8822 3027 3027 0 0.4217163444 0.04209895583 0.3502496029 0.4825885637 0.1323389607 0.2809948888 0.4985953263 0.2176004375 -0.1871332133 0.07669142552 0.1459461396 nan nan
8 67258 1766 1766 0 0.4937139047 0.008631298322 0.4863117088 0.5044112757 0.01809956691 0.4810981699 0.5704977882 0.08939961828 4.248236337 0.01079442283 0.0768683567 nan nan
9 172743 4515 0 4515 nan nan nan nan nan nan nan nan nan nan nan nan nan
10 14142 8910 8910 0 0.3458856803 0.03429962415 0.2916568631 0.4013294479 0.1096725848 0.2198026407 0.4116261463 0.1918235056 -0.02733470852 0.05973097656 0.131441143 nan nan
11 154309 27438 0 27438 nan nan nan nan nan nan nan nan nan nan nan nan nan
12 99245 2857 2857 0 0.4008953322 0.06354157159 0.2841428077 0.4799356383 0.1957928306 0.2410840803 0.4993476049 0.2582635246 -0.329200311 0.1044712593 0.1461283091 nan nan
13 161476 25184 0 25184 nan nan nan nan nan nan nan nan nan nan nan nan nan
14 168732 15039 0 15039 nan nan nan nan nan nan nan nan nan nan nan nan nan
15 76537 4877 4877 0 0.5274335888 0.01803745692 0.4925384912 0.548961979 0.05642348773 0.4852357324 0.570313305 0.0850775726 -0.3333136875 0.04798050839 0.05528326719 nan nan
16 42086 8720 8720 0 0.3242698781 0.04451629724 0.2561733564 0.3910188482 0.1348454917 0.174739804 0.4185724086 0.2438326046 -0.07370826317 0.0911167516 0.172550304 nan nan
17 49752 4179 4179 0 0.5155941598 0.01240906639 0.4913990442 0.5323777289 0.04097868466 0.4852822681 0.5696656159 0.08438334781 -0.2719081044 0.03152044286 0.04682744836 nan nan
18 122456 16365 0 16365 nan nan nan nan nan nan nan nan nan nan nan nan nan
19 30062 578 578 0 0.19581361 0.03384826997 0.1710558234 0.2821095132 0.1110536898 0.1699124926 0.329711172 0.1597986794 1.268101205 0.08449474996 0.1320964088 nan nan
20 34315 1955 1955 0 0.4065612305 0.07220166465 0.2807048721 0.5065892073 0.2258843351 0.2337934825 0.5704147561 0.3366212737 -0.2042702558 0.1252883798 0.1719922079 nan nan
21 34650 1529 1529 0 0.2493503147 0.07048718476 0.220272639 0.4667393295 0.2464666904 0.1778942874 0.5438525635 0.3659582761 2.306473523 0.2229315845 0.3000448186 nan nan
22 49623 7589 7589 0 0.3232989382 0.04128806835 0.2547653859 0.3861309093 0.1313655235 0.2375146427 0.5056374904 0.2681228478 -0.03907249432 0.08848395002 0.1625215011 nan nan

K=23, phase=backward, parameter=w [deg]
cluster representative_source n_cluster n_valid n_missing median std p05 p95 width90 minimum maximum range skewness error95 error_max angle_origin_deg angle_resultant
0 128106 30980 0 30980 nan nan nan nan nan nan nan nan nan nan nan nan nan
1 22427 4532 4532 0 -0.7644326307 5.209774202 -4.74618254 16.86159046 21.607773 -14.45630755 26.49638979 40.95269734 2.801725323 18.94862959 28.58342892 186.9885495 0.9958988201
2 30751 1720 1720 0 7.298041699 16.68685338 -31.29443749 15.91248943 47.20692692 -32.41683841 16.28028577 48.69712418 -0.728538128 40.46350983 41.58591075 199.4721047 0.9581921608
3 221317 4362 0 4362 nan nan nan nan nan nan nan nan nan nan nan nan nan
4 58136 12619 12619 0 -0.003549286744 5.155552642 -7.685652451 8.482456741 16.16810919 -29.12013981 16.24168553 45.36182534 -0.00955679104 10.58123924 27.16961009 200.0872374 0.9959625485
5 127595 3652 0 3652 nan nan nan nan nan nan nan nan nan nan nan nan nan
6 22050 1731 1731 0 1.182113742 7.822367984 -15.2167725 14.40828908 29.62506158 -31.84794138 16.71337752 48.56131891 -0.9786842648 17.66152593 34.29269481 199.1920988 0.9907623254
7 8822 3027 3027 0 -1.903414739 7.017926672 -3.738995904 21.73723662 25.47623253 -4.201499343 34.33428252 38.53578187 3.278562949 24.01125477 36.60830067 182.3782612 0.9926211725
8 67258 1766 1766 0 0.01560621005 3.223925004 -4.227680362 4.707341433 8.935021795 -22.2563991 6.707644271 28.96404338 -1.572548216 6.281353255 20.93469683 196.0551304 0.9984217922
9 172743 4515 0 4515 nan nan nan nan nan nan nan nan nan nan nan nan nan
10 14142 8910 8910 0 0.06841282948 3.772052217 -5.708025073 5.432236433 11.14026151 -20.906051 28.62517051 49.53122151 0.7637314215 6.008137186 29.01231439 188.0783762 0.9978401972
11 154309 27438 0 27438 nan nan nan nan nan nan nan nan nan nan nan nan nan
12 99245 2857 2857 0 2.879744902 10.00390863 -14.97707772 12.52356079 27.50063852 -37.3037495 12.98943814 50.29318764 -0.3264776365 24.69986825 47.02654002 204.2627959 0.9848233979
13 161476 25184 0 25184 nan nan nan nan nan nan nan nan nan nan nan nan nan
14 168732 15039 0 15039 nan nan nan nan nan nan nan nan nan nan nan nan nan
15 76537 4877 4877 0 -0.5178660536 6.795640041 -9.553090973 11.72843691 21.28152788 -11.29301615 14.25794726 25.55096341 0.2564192589 11.36050483 13.25946378 190.6372528 0.9929822558
16 42086 8720 8720 0 -1.699709843 6.598148146 -6.74544033 12.70048618 19.44592651 -34.88871945 14.97321099 49.86193044 -0.360671357 13.95870214 33.84389919 201.8725115 0.9934216037
17 49752 4179 4179 0 -0.9780883496 4.981905476 -6.677392918 9.807268427 16.48466134 -15.9724649 13.50029339 29.47275829 0.6131692832 12.71751056 16.40982749 190.7296909 0.9962260998
18 122456 16365 0 16365 nan nan nan nan nan nan nan nan nan nan nan nan nan
19 30062 578 578 0 2.896733646 15.00338171 -27.46938925 17.86841291 45.33780216 -30.88416469 19.31146554 50.19563023 -0.525164031 38.80878792 42.22356335 197.8210678 0.9661083682
20 34315 1955 1955 0 -1.560325012 7.826795872 -5.395361736 19.49919146 24.89455319 -28.42992392 21.99632227 50.42624619 0.7999296662 23.82798919 25.45112209 195.3436322 0.9907614967
21 34650 1529 1529 0 1.086011741 6.032128385 -12.99146145 9.579410353 22.57087181 -35.51366031 10.85185726 46.36551756 -1.012917673 14.64415664 37.1663555 205.8091118 0.9944816122
22 49623 7589 7589 0 0.6461677369 5.175588616 -7.305874841 5.018957696 12.32483254 -37.167358 13.30688453 50.47424254 -3.778616934 8.218187874 37.6170157 204.2650173 0.9959931122

K=23, phase=forward, parameter=a [km]
cluster representative_source n_cluster n_valid n_missing median std p05 p95 width90 minimum maximum range skewness error95 error_max angle_origin_deg angle_resultant
0 128106 30980 30979 1 193900.5051 99999.14023 188137.9546 355076.4718 166938.5173 187998.576 3928762.039 3740763.463 8.617238198 166280.0005 3739965.567 nan nan
1 22427 4532 4532 0 204879.3567 7499.450865 198459.1441 218334.6258 19875.48175 197729.1971 290701.7456 92972.54845 2.140850536 10563.79921 82930.91897 nan nan
2 30751 1720 295 1425 201659.9126 1379421.777 188498.983 970969.9139 782470.9309 188375.8048 18789119.65 18600743.85 9.823089692 nan nan nan nan
3 221317 4362 4362 0 221493.9705 217892.2743 190424.3093 838235.961 647811.6517 188318.3353 931315.1968 742996.8615 1.86698379 630736.0352 723815.271 nan nan
4 58136 12619 12619 0 198144.3872 31641.00365 188751.5554 259627.5028 70875.94738 188390.3736 526976.2772 338585.9036 4.587695302 64751.31391 332100.0883 nan nan
5 127595 3652 3652 0 203153.0903 822911.0439 188903.9742 2327031.461 2138127.487 188331.8518 6054964.57 5866632.718 2.102293859 2129663.439 5857596.547 nan nan
6 22050 1731 1731 0 406426.6634 640615.7261 193937.719 1658691.083 1464753.364 189482.7134 8837569.013 8648086.299 4.562324076 1187768.803 8366646.732 nan nan
7 8822 3027 3027 0 222415.0294 6035.291803 208736.9491 227496.0278 18759.07866 200496.666 290687.8457 90191.17974 -0.895635236 15315.75061 67299.7476 nan nan
8 67258 1766 1766 0 202527.2533 12084.645 194042.3223 207685.3841 13643.06184 191900.3895 291166.9449 99266.55542 5.801662147 7728.326235 90228.71194 nan nan
9 172743 4515 4515 0 204864.5268 922371.2688 188642.5781 244035.5108 55392.93276 188196.3826 21659266.51 21471070.13 17.54446787 45589.96534 21460820.96 nan nan
10 14142 8910 8909 1 204036.3492 7544.948497 196328.8356 217512.3204 21183.48484 195345.8198 291060.468 95714.64819 1.356738672 11662.89919 85211.04676 nan nan
11 154309 27438 27437 1 209180.9118 633820.6568 189348.8091 260733.5853 71384.77624 188218.9593 76282242.54 76094023.58 82.78629 51293.32059 76072802.27 nan nan
12 99245 2857 2857 0 215224.2884 9049.831024 202016.8579 229825.8573 27808.99945 189478.0538 281126.0799 91648.02608 0.326181403 15338.2599 65012.07896 nan nan
13 161476 25184 25182 2 193922.0021 111388.9161 188192.0086 349017.2136 160825.205 188007.4237 5805939.396 5617931.972 21.80181889 160467.7151 5617389.897 nan nan
14 168732 15039 15039 0 194342.7096 307306.5621 188667.6193 240622.81 51955.19071 188339.4372 16453922.65 16265583.22 29.77581119 48207.95417 16261507.8 nan nan
15 76537 4877 4874 3 223007.423 6509.278458 210049.621 229874.565 19824.94402 202955.6949 290425.8947 87470.1998 0.8723226953 12256.57142 69338.86985 nan nan
16 42086 8720 8718 2 211022.1559 185987.9417 190784.6581 323361.7182 132577.0601 188375.5304 7296020.845 7107645.315 12.10679132 113330.5249 7085989.652 nan nan
17 49752 4179 4179 0 206765.5862 8032.478609 199895.0126 217425.3617 17530.34914 199228.2887 290667.2668 91438.97806 4.251191075 9115.337974 82241.70584 nan nan
18 122456 16365 16365 0 202430.9958 134252.3237 190717.7355 209031.6874 18313.95187 188358.2289 5879060.796 5690702.567 27.57300086 11966.48339 5676583.186 nan nan
19 30062 578 578 0 211856.7078 10805.38466 200818.966 230028.2647 29209.29864 189465.639 302735.8728 113270.2339 0.9828234271 16639.33014 85396.33896 nan nan
20 34315 1955 1954 1 209808.0432 13879.02502 208533.3908 240768.7957 32235.40495 206005.9538 342072.9036 136066.9498 3.860163015 31146.0848 132450.1927 nan nan
21 34650 1529 1524 5 211353.1239 414340.3356 189683.5489 1194193.594 1004510.045 189245.1579 3634819.281 3445574.123 2.676491779 542931.598 2983557.284 nan nan
22 49623 7589 7498 91 199988.1637 51965.36545 189195.0664 223676.1592 34481.09286 188845.741 1306594.606 1117748.865 14.06294091 23439.32623 1106357.774 nan nan

K=23, phase=forward, parameter=e [-]
cluster representative_source n_cluster n_valid n_missing median std p05 p95 width90 minimum maximum range skewness error95 error_max angle_origin_deg angle_resultant
0 128106 30980 30979 1 0.9194409504 0.2210986946 0.2640506522 0.9991221544 0.7350715021 3.774545329e-05 1 0.9999622545 -2.101586904 0.7163244607 0.9803373675 nan nan
1 22427 4532 4532 0 0.4865173985 0.06013132501 0.380683633 0.532118684 0.151435051 0.09456188752 0.698019206 0.6034573185 -0.4862630851 0.08530353804 0.3668811871 nan nan
2 30751 1720 295 1425 0.8238815445 0.258037854 0.2157077624 0.9979837974 0.7822760351 0.07453607635 0.9999986823 0.925462606 -0.7186098517 nan nan nan nan
3 221317 4362 4362 0 0.6281082636 0.2513461004 0.1766291113 0.9852466029 0.8086174916 0.008107592114 0.9999999862 0.9918923941 -0.1744144963 0.6083055645 0.7768270838 nan nan
4 58136 12619 12619 0 0.871676414 0.1789901369 0.460520209 0.9982848285 0.5377646194 1.887149263e-05 0.9999999977 0.9999811262 -2.246347874 0.4455658135 0.906067151 nan nan
5 127595 3652 3652 0 0.8043590233 0.1672183404 0.4982590344 0.9915260793 0.4932670449 0.005575633586 0.9999999262 0.9944242926 -1.075952916 0.3622144477 0.8548978485 nan nan
6 22050 1731 1731 0 0.5526015083 0.3139416375 0.0254176165 0.9417352179 0.9163176014 0.0006053674971 0.9999926079 0.9993872404 -0.1834735377 0.7599030485 0.8181604385 nan nan
7 8822 3027 3027 0 0.3483049505 0.06134631086 0.3061486689 0.4946869266 0.1885382577 0.09457712793 0.7031667327 0.6085896048 2.547117569 0.1547043726 0.3628017741 nan nan
8 67258 1766 1766 0 0.7907347037 0.1206489431 0.7020218304 0.9113565274 0.209334697 0.09393560652 0.9416817914 0.8477461849 -3.77856383 0.1158147299 0.7210088803 nan nan
9 172743 4515 4515 0 0.7597068231 0.3374010957 0.1775239197 0.9938773325 0.8163534128 0.004732944403 0.9999999967 0.9952670523 -0.1054481005 0.6626391971 0.8354301724 nan nan
10 14142 8910 8909 1 0.4916635435 0.05840561551 0.3872836722 0.5476364647 0.1603527925 0.09428293306 0.6997273372 0.6054444041 -0.6043656941 0.09211395316 0.3815921648 nan nan
11 154309 27438 27437 1 0.7439809024 0.1802631905 0.4497065876 0.9956531229 0.5459465353 0.0007192626071 0.9999999976 0.9992807349 -1.186241861 0.295359167 0.744346492 nan nan
12 99245 2857 2857 0 0.4046833857 0.1290685456 0.2847372643 0.6717814318 0.3870441675 0.1152101058 0.9999965192 0.8847864133 1.783229573 0.2741360187 0.6021939799 nan nan
13 161476 25184 25182 2 0.9252992073 0.2289850445 0.2492313156 0.9992637307 0.7500324152 0.0002919113415 0.9999999998 0.9997080885 -1.933381278 0.738598508 0.9875379122 nan nan
14 168732 15039 15039 0 0.9294683938 0.2120281265 0.2829567909 0.9994052419 0.7164484511 0.0001671890931 0.9999999981 0.999832809 -2.137134911 0.6596708138 0.9424604155 nan nan
15 76537 4877 4874 3 0.3431641971 0.06513696478 0.2850017436 0.4438844937 0.1588827501 0.09506332243 0.7257047055 0.6306413831 2.331111746 0.09642074805 0.3670342313 nan nan
16 42086 8720 8718 2 0.6971237996 0.1581383658 0.4048220498 0.9782224304 0.5734003806 0.007668268694 0.9999999988 0.9923317301 -1.155379081 0.3188164135 0.7159701946 nan nan
17 49752 4179 4179 0 0.4741906389 0.06485605355 0.3876861603 0.5227817981 0.1350956379 0.09462640143 0.7006735322 0.6060471308 -0.6713196573 0.1782016762 0.3618505137 nan nan
18 122456 16365 16365 0 0.7996908459 0.08028272652 0.7140527225 0.9595877479 0.2455350253 0.1222139117 0.9984655107 0.876251599 0.06456875628 0.1590047338 0.6807012788 nan nan
19 30062 578 578 0 0.4325797512 0.1558152425 0.283615294 0.7958988383 0.5122835443 0.07425558741 0.9998594752 0.9256038878 1.522805793 0.4076529552 0.6116135921 nan nan
20 34315 1955 1954 1 0.6514247987 0.1583457092 0.1737332228 0.6854413613 0.5117081385 0.07522005048 0.7312966128 0.6560765623 -1.968854569 0.4820665889 0.5805797612 nan nan
21 34650 1529 1524 5 0.7065922403 0.2091395872 0.3206144907 0.9939810988 0.6733666081 0.06921333456 0.999999759 0.9307864244 -0.7064642243 0.6000558446 0.6060745047 nan nan
22 49623 7589 7498 91 0.8615522798 0.1583201003 0.6193314171 0.9980780245 0.3787466074 0.09315892252 0.9999999998 0.9068410773 -1.858528899 0.2324833491 0.7586558437 nan nan

K=23, phase=forward, parameter=w [deg]
cluster representative_source n_cluster n_valid n_missing median std p05 p95 width90 minimum maximum range skewness error95 error_max angle_origin_deg angle_resultant
0 128106 30980 30979 1 -19.35340147 77.79906021 -60.79553202 129.538985 190.3345171 -137.9752181 134.678219 272.6534371 0.2922915671 178.0795972 179.9998664 323.2917811 0.2670198989
1 22427 4532 4532 0 -2.389657526 16.16278708 -12.39983714 34.48930979 46.88914694 -179.5433526 174.5286468 354.0719994 3.747098633 40.94940034 179.2069108 305.3164726 0.9676281887
2 30751 1720 295 1425 -6.281597332 66.68398244 -118.0069175 68.42686927 186.4337868 -177.1766732 169.8680328 347.044706 -0.3311282143 nan nan 338.1320728 0.4635327575
3 221317 4362 4362 0 20.66754823 54.85932718 -69.45081537 80.25711207 149.7079274 -119.3909231 119.7113029 239.1022259 -0.06601886209 140.4671388 179.9213296 16.35063725 0.5981319861
4 58136 12619 12619 0 -21.62591481 47.96283297 -35.64653224 89.6877688 125.334301 -146.5444678 112.2573346 258.8018024 0.6835884948 119.3458904 141.9154561 324.7292852 0.6945666569
5 127595 3652 3652 0 -24.65036796 78.98646552 -77.94970984 121.9789573 199.9286672 -78.22960997 131.9543825 210.1839925 0.1025971434 171.129046 179.9182798 334.7865608 0.2194248883
6 22050 1731 1731 0 27.10912205 81.8595185 -151.9694617 35.10498558 187.0744473 -177.671545 179.9998378 357.6713829 -0.3362630815 178.7158167 179.9997855 64.35675051 0.2606753915
7 8822 3027 3027 0 -4.314336861 15.13617666 -7.663431322 48.22975166 55.89318298 -8.146732636 70.56435648 78.71108912 2.902927979 55.02914148 77.3637463 299.9589342 0.967185616
8 67258 1766 1766 0 -0.4712879392 11.10113617 -9.694034459 12.00262084 21.6966553 -67.98110488 95.45828483 163.4393897 1.113466953 18.06767899 100.5452943 314.7990443 0.9826168838
9 172743 4515 4515 0 -0.728736974 28.85246092 -32.08719384 45.86242604 77.94961988 -85.10639188 172.5308763 257.6372681 1.864418098 59.63458512 178.8371593 7.429585085 0.8979867269
10 14142 8910 8909 1 -0.9903811507 11.36884546 -9.268093961 11.64521251 20.91330648 -137.8015487 140.2341458 278.0356945 6.420988534 16.23220053 144.8115325 303.5472396 0.9844398088
11 154309 27438 27437 1 -9.147677026 63.02515595 -26.37104217 144.2575639 170.628606 -179.1993689 179.6539711 358.85334 1.225422766 165.2840121 179.9910691 297.043637 0.5826988554
12 99245 2857 2857 0 -2.393935874 27.83089949 -42.37905299 38.60663995 80.98569294 -175.6648614 179.3623989 355.0272603 1.755249036 49.62939332 178.6154301 336.9155657 0.906228625
13 161476 25184 25182 2 45.17644098 88.20453428 -122.4584547 101.6307475 224.0892022 -174.4361694 175.0767112 349.5128806 -0.02803284649 167.5929793 175.8029475 211.5466208 0.07604333971
14 168732 15039 15039 0 -11.20327702 86.11710334 -20.28303281 173.6074612 193.890494 -178.5083006 179.332123 357.8404237 0.4052218771 178.9371669 179.9990792 281.6608217 0.2132602136
15 76537 4877 4874 3 -3.061111123 14.83563528 -16.41628549 30.78562981 47.20191531 -42.41453386 99.28636916 141.700903 1.411479131 35.43235884 103.8677567 311.2580751 0.9675420788
16 42086 8720 8718 2 -11.33193098 48.44737488 -14.36523557 116.7481494 131.113385 -163.8225221 169.8444374 333.6669594 1.521543398 131.233224 175.750591 300.268658 0.7331630645
17 49752 4179 4179 0 -0.7459726359 17.64759406 -18.48958111 20.82088538 39.31046649 -64.67087306 151.8229435 216.4938165 3.50600326 28.65458423 159.4220029 315.5853655 0.9607936184
18 122456 16365 16365 0 -3.794168739 14.9166521 -9.929527461 24.92835283 34.85788029 -179.3878118 175.7894809 355.1772927 2.47979737 30.3775669 178.9963339 267.802894 0.9731913505
19 30062 578 578 0 -0.3990206614 33.93536258 -83.86084762 49.1082394 132.969087 -179.8162631 150.5186733 330.3349365 -0.1826376596 72.19133273 165.5370543 24.56403062 0.8573530883
20 34315 1955 1954 1 -11.14292082 30.0183058 -18.90603177 69.87215528 88.77818705 -99.22351656 137.7852225 237.0087391 1.322992456 86.16771012 154.0807774 312.2087814 0.8780705618
21 34650 1529 1524 5 6.729906692 70.02892462 -94.64694545 84.08126137 178.7282068 -173.2030911 162.4333988 335.6364899 -0.1106755926 159.4587767 179.7007294 7.178294156 0.3789170695
22 49623 7589 7498 91 -7.63031646 47.01841092 -10.86880275 124.5342673 135.40307 -90.76580555 149.9399643 240.7057698 1.902127215 134.1377481 159.5434451 297.3677496 0.7591168868

K=27, STD=0.01205830023
n = trajectories per cluster; conditions overlap.
n = 1: clusters=0/27 (0.00%); trajectories=0/194124 (0.00%)
n < 10: clusters=0/27 (0.00%); trajectories=0/194124 (0.00%)
n < 100: clusters=0/27 (0.00%); trajectories=0/194124 (0.00%)

K=27, phase=backward, parameter=a [km]
cluster representative_source n_cluster n_valid n_missing median std p05 p95 width90 minimum maximum range skewness error95 error_max angle_origin_deg angle_resultant
0 144351 45542 0 45542 nan nan nan nan nan nan nan nan nan nan nan nan nan
1 22427 4532 4532 0 209453.7929 3271.147257 204299.3091 214283.6131 9984.303986 202700.1039 217606.5195 14906.41558 -0.06858111545 5632.195571 7780.899904 nan nan
2 30751 1717 1717 0 237082.7117 4110.050131 228017.4589 240774.3712 12756.91239 221385.0169 241125.0718 19740.05487 -0.7581239679 9706.442239 16338.88418 nan nan
3 221195 4355 0 4355 nan nan nan nan nan nan nan nan nan nan nan nan nan
4 50147 6044 6044 0 209780.6939 3575.378978 204844.8807 215811.7274 10966.84668 204471.9973 219129.5993 14657.60196 0.1794720768 5876.189205 8468.005628 nan nan
5 127305 3336 0 3336 nan nan nan nan nan nan nan nan nan nan nan nan nan
6 22050 1731 1731 0 236430.1233 3412.62534 228722.9846 239425.2947 10702.31014 193730.153 240928.0182 47197.8652 -3.137123236 7880.171411 42873.003 nan nan
7 8822 3015 3015 0 213055.6444 5482.797401 204942.6373 222193.7446 17251.10736 202792.8172 230330.5164 27537.69915 0.1403975378 9837.496632 17974.26835 nan nan
8 80416 7406 7406 0 211266.0741 4028.659054 205871.336 217369.556 11498.22007 193076.8534 233667.577 40590.72364 0.7165741293 6828.433211 21130.12907 nan nan
9 175498 2919 0 2919 nan nan nan nan nan nan nan nan nan nan nan nan nan
10 14142 8910 8910 0 222698.2786 4212.984691 215679.3247 229147.1384 13467.81373 214335.9655 236918.5975 22582.63199 -0.03426062089 7267.092176 14886.08603 nan nan
11 176287 17402 0 17402 nan nan nan nan nan nan nan nan nan nan nan nan nan
12 99245 2846 2846 0 215721.2485 8019.608053 205259.0116 229926.9593 24667.94779 202648.2251 234460.7239 31812.49886 0.2506773234 12923.55773 17068.88911 nan nan
13 156237 2360 0 2360 nan nan nan nan nan nan nan nan nan nan nan nan nan
14 168732 13781 0 13781 nan nan nan nan nan nan nan nan nan nan nan nan nan
15 76537 4874 4874 0 198883.6153 2434.036023 195972.5379 203584.9669 7612.428971 193076.1974 204540.1463 11463.94884 0.3311949054 6475.520198 7430.699565 nan nan
16 41854 8536 8536 0 225554.1973 5105.159633 217475.2643 232986.7323 15511.46807 213489.1343 240667.1935 27178.05911 -0.007877642703 10281.12518 17961.58629 nan nan
17 49752 4179 4179 0 200481.353 1674.715425 198214.7589 203744.4014 5529.642546 193167.7014 204535.186 11367.48462 0.2687531625 4242.173731 6342.069315 nan nan
18 125038 14730 0 14730 nan nan nan nan nan nan nan nan nan nan nan nan nan
19 30062 578 578 0 238862.6328 3315.927759 230355.9105 241011.2306 10655.32016 224532.5509 241117.2713 16584.72049 -1.492226436 8279.358607 14102.71824 nan nan
20 34315 1949 1949 0 214979.2661 9204.356922 201686.6433 230327.9859 28641.34268 193064.5732 235307.188 42242.61479 0.1279036962 15282.42641 22012.96588 nan nan
21 34650 1433 1433 0 233774.5219 6982.75867 216537.3603 236627.2563 20089.89599 196651.6886 240371.9135 43720.22484 -3.567569953 17687.40916 37573.08085 nan nan
22 48939 7080 7080 0 225750.1812 4638.899947 218450.3623 233205.8668 14755.50444 212870.5637 234943.4829 22072.91927 -0.01247125998 9836.884387 11561.25074 nan nan
23 151127 3687 0 3687 nan nan nan nan nan nan nan nan nan nan nan nan nan
24 67258 1759 1759 0 203418.5555 1132.156657 201986.9688 204401.0167 2414.047929 193052.5207 204531.0789 11478.55822 -4.306569847 1447.661755 10382.10987 nan nan
25 117692 12103 0 12103 nan nan nan nan nan nan nan nan nan nan nan nan nan
26 149482 7320 0 7320 nan nan nan nan nan nan nan nan nan nan nan nan nan

K=27, phase=backward, parameter=e [-]
cluster representative_source n_cluster n_valid n_missing median std p05 p95 width90 minimum maximum range skewness error95 error_max angle_origin_deg angle_resultant
0 144351 45542 0 45542 nan nan nan nan nan nan nan nan nan nan nan nan nan
1 22427 4532 4532 0 0.4487513443 0.02464785724 0.4120448724 0.4873296289 0.07528475646 0.3855433448 0.4992001343 0.1136567895 0.05505647538 0.04235397585 0.06043954095 nan nan
2 30751 1717 1717 0 0.2154936292 0.04086891842 0.1740035456 0.300223135 0.1262195894 0.1697173735 0.3572216957 0.1875043222 0.6023675297 0.09245441494 0.1494529756 nan nan
3 221195 4355 0 4355 nan nan nan nan nan nan nan nan nan nan nan nan nan
4 50147 6044 6044 0 0.446065912 0.02710455567 0.3999855328 0.4830973242 0.08311179136 0.3735294591 0.4859440262 0.1124145672 -0.1970288051 0.04433490452 0.06589689283 nan nan
5 127305 3336 0 3336 nan nan nan nan nan nan nan nan nan nan nan nan nan
6 22050 1731 1731 0 0.2219934701 0.03201722047 0.1904136768 0.2941089119 0.1036952351 0.1717564826 0.5654637168 0.3937072342 2.512959466 0.07388779577 0.3452426007 nan nan
7 8822 3015 3015 0 0.4214487139 0.04207121356 0.3502162464 0.4826050497 0.1323888033 0.2809948888 0.4985953263 0.2176004375 -0.1804691982 0.07672478209 0.1459461396 nan nan
8 80416 7406 7406 0 0.4346440314 0.03110725498 0.3876357821 0.4753624447 0.08772666261 0.2488059092 0.5703110008 0.3215050916 -0.8932800642 0.05178162271 0.1761396582 nan nan
9 175498 2919 0 2919 nan nan nan nan nan nan nan nan nan nan nan nan nan
10 14142 8910 8910 0 0.3458856803 0.03429962415 0.2916568631 0.4013294479 0.1096725848 0.2198026407 0.4116261463 0.1918235056 -0.02733470852 0.05973097656 0.131441143 nan nan
11 176287 17402 0 17402 nan nan nan nan nan nan nan nan nan nan nan nan nan
12 99245 2846 2846 0 0.4005212246 0.06353177023 0.2840725345 0.4799018451 0.1958293106 0.2410840803 0.4993476049 0.2582635246 -0.3246497952 0.1046319292 0.1461283091 nan nan
13 156237 2360 0 2360 nan nan nan nan nan nan nan nan nan nan nan nan nan
14 168732 13781 0 13781 nan nan nan nan nan nan nan nan nan nan nan nan nan
15 76537 4874 4874 0 0.5274500633 0.01803598104 0.4925371164 0.5489643512 0.05642723478 0.4852357324 0.570313305 0.0850775726 -0.3347886917 0.04798188323 0.05528326719 nan nan
16 41854 8536 8536 0 0.3217232798 0.04316985169 0.2561190762 0.3869890108 0.1308699346 0.174739804 0.4185724086 0.2438326046 -0.07879800563 0.08916232697 0.1705415991 nan nan
17 49752 4179 4179 0 0.5155941598 0.01240906639 0.4913990442 0.5323777289 0.04097868466 0.4852822681 0.5696656159 0.08438334781 -0.2719081044 0.03152044286 0.04682744836 nan nan
18 125038 14730 0 14730 nan nan nan nan nan nan nan nan nan nan nan nan nan
19 30062 578 578 0 0.19581361 0.03384826997 0.1710558234 0.2821095132 0.1110536898 0.1699124926 0.329711172 0.1597986794 1.268101205 0.08449474996 0.1320964088 nan nan
20 34315 1949 1949 0 0.4064974615 0.0722494262 0.2806838559 0.5066253397 0.2259414838 0.2337934825 0.5704147561 0.3366212737 -0.2001043082 0.1252952614 0.1719922079 nan nan
21 34650 1433 1433 0 0.2482122566 0.05742552289 0.2196881086 0.3944460388 0.1747579302 0.1778942874 0.5438525635 0.3659582761 3.398266199 0.1506382939 0.3000448186 nan nan
22 48939 7080 7080 0 0.3199371552 0.0392054353 0.2541061502 0.3791336024 0.1250274522 0.2375146427 0.4229543097 0.185439667 -0.06687496913 0.08550980413 0.1021013117 nan nan
23 151127 3687 0 3687 nan nan nan nan nan nan nan nan nan nan nan nan nan
24 67258 1759 1759 0 0.4937322114 0.008411195733 0.4863972115 0.5043899061 0.0179926946 0.4853384813 0.5704977882 0.08515930688 4.273306158 0.01076047466 0.0768683567 nan nan
25 117692 12103 0 12103 nan nan nan nan nan nan nan nan nan nan nan nan nan
26 149482 7320 0 7320 nan nan nan nan nan nan nan nan nan nan nan nan nan

K=27, phase=backward, parameter=w [deg]
cluster representative_source n_cluster n_valid n_missing median std p05 p95 width90 minimum maximum range skewness error95 error_max angle_origin_deg angle_resultant
0 144351 45542 0 45542 nan nan nan nan nan nan nan nan nan nan nan nan nan
1 22427 4532 4532 0 -0.7644326307 5.209774202 -4.74618254 16.86159046 21.607773 -14.45630755 26.49638979 40.95269734 2.801725323 18.94862959 28.58342892 186.9885495 0.9958988201
2 30751 1717 1717 0 7.302502067 16.6787317 -31.2988164 15.90221465 47.20103105 -32.42549753 16.25344567 48.67894321 -0.7288801721 40.45922962 41.58591075 199.4807638 0.9582323978
3 221195 4355 0 4355 nan nan nan nan nan nan nan nan nan nan nan nan nan
4 50147 6044 6044 0 -0.9302472328 4.679168348 -5.093393761 10.99955637 16.09295013 -25.12561668 17.20174176 42.32735844 1.363377745 12.54674327 23.70162027 196.8144465 0.9966763533
5 127305 3336 0 3336 nan nan nan nan nan nan nan nan nan nan nan nan nan
6 22050 1731 1731 0 1.182113742 7.822367984 -15.2167725 14.40828908 29.62506158 -31.84794138 16.71337752 48.56131891 -0.9786842648 17.66152593 34.29269481 199.1920988 0.9907623254
7 8822 3015 3015 0 -1.883570016 7.019812777 -3.713418764 21.79366604 25.50708481 -4.174768217 34.36101365 38.53578187 3.297299225 24.04095306 36.60830067 182.35153 0.9926180699
8 80416 7406 7406 0 -0.229215943 4.05824205 -4.788769562 6.538744553 11.32751412 -32.06486971 13.38985975 45.45472946 -0.9455389891 7.237584184 33.93557129 202.9390632 0.9975048298
9 175498 2919 0 2919 nan nan nan nan nan nan nan nan nan nan nan nan nan
10 14142 8910 8910 0 0.06841282948 3.772052217 -5.708025073 5.432236433 11.14026151 -20.906051 28.62517051 49.53122151 0.7637314215 6.008137186 29.01231439 188.0783762 0.9978401972
11 176287 17402 0 17402 nan nan nan nan nan nan nan nan nan nan nan nan nan
12 99245 2846 2846 0 2.875344317 10.00059268 -14.99059489 12.50749331 27.49808819 -37.31988224 12.9733054 50.29318764 -0.3275415238 24.69725267 47.02654002 204.2789286 0.9848334903
13 156237 2360 0 2360 nan nan nan nan nan nan nan nan nan nan nan nan nan
14 168732 13781 0 13781 nan nan nan nan nan nan nan nan nan nan nan nan nan
15 76537 4874 4874 0 -0.5190713702 6.797246711 -9.551744121 11.73067701 21.28242113 -11.29102905 14.25993436 25.55096341 0.2571932274 11.36078677 13.25946378 190.6352657 0.9929789415
16 41854 8536 8536 0 -1.644392501 6.540244933 -6.72124908 12.61074962 19.3319987 -34.99311952 14.86881092 49.86193044 -0.4398053349 13.88506079 33.93519706 201.9769115 0.9935381371
17 49752 4179 4179 0 -0.9780883496 4.981905476 -6.677392918 9.807268427 16.48466134 -15.9724649 13.50029339 29.47275829 0.6131692832 12.71751056 16.40982749 190.7296909 0.9962260998
18 125038 14730 0 14730 nan nan nan nan nan nan nan nan nan nan nan nan nan
19 30062 578 578 0 2.896733646 15.00338171 -27.46938925 17.86841291 45.33780216 -30.88416469 19.31146554 50.19563023 -0.525164031 38.80878792 42.22356335 197.8210678 0.9661083682
20 34315 1949 1949 0 -1.554768462 7.819438178 -5.378806753 19.53120602 24.91001277 -28.42586896 22.00037723 50.42624619 0.7991126783 23.83060605 25.45112209 195.3395773 0.9907790924
21 34650 1433 1433 0 0.581375172 5.279821982 -11.58964245 8.991454374 20.58109682 -36.17939383 10.18612374 46.36551756 -1.035614994 12.57660412 37.1663555 206.4748453 0.9957726891
22 48939 7080 7080 0 0.6835643131 5.269345558 -7.328150536 5.05892855 12.38707909 -37.11018205 13.36406049 50.47424254 -3.752409023 8.312102852 37.67098648 204.2078414 0.9958477182
23 151127 3687 0 3687 nan nan nan nan nan nan nan nan nan nan nan nan nan
24 67258 1759 1759 0 0.008857593649 3.152499115 -4.206103279 4.600415251 8.806518529 -22.24675235 6.707668862 28.95442121 -1.504753463 6.155784574 20.93469683 196.0454836 0.9984906937
25 117692 12103 0 12103 nan nan nan nan nan nan nan nan nan nan nan nan nan
26 149482 7320 0 7320 nan nan nan nan nan nan nan nan nan nan nan nan nan

K=27, phase=forward, parameter=a [km]
cluster representative_source n_cluster n_valid n_missing median std p05 p95 width90 minimum maximum range skewness error95 error_max angle_origin_deg angle_resultant
0 144351 45542 45540 2 193384.2857 89419.20004 188131.7288 364712.439 176580.7102 187998.576 4480813.766 4292815.19 6.936067087 175719.7808 4291821.108 nan nan
1 22427 4532 4532 0 204879.3567 7499.450865 198459.1441 218334.6258 19875.48175 197729.1971 290701.7456 92972.54845 2.140850536 10563.79921 82930.91897 nan nan
2 30751 1717 294 1423 201637.4935 1381635.777 188498.1634 971264.5224 782766.359 188375.8048 18789119.65 18600743.85 9.807000997 nan nan nan nan
3 221195 4355 4355 0 220767.0351 218261.7083 190026.1812 838608.9729 648582.7917 188318.3353 923942.512 735624.1767 1.851487705 632726.8701 718060.4091 nan nan
4 50147 6044 6044 0 202476.3981 6739.650408 192695.2095 208683.2076 15987.99811 190787.5147 291771.3033 100983.7886 3.921547554 9714.38734 89621.87214 nan nan
5 127305 3336 3336 0 203438.4897 860393.0187 188811.1207 2423082.157 2234271.036 188331.8518 6283699.162 6095367.31 2.043947567 2225633.435 6086250.441 nan nan
6 22050 1731 1731 0 406426.6634 640615.7261 193937.719 1658691.083 1464753.364 189482.7134 8837569.013 8648086.299 4.562324076 1187768.803 8366646.732 nan nan
7 8822 3015 3015 0 222400.7062 5955.772847 208726.4196 227412.5673 18686.14772 200496.666 290687.8457 90191.17974 -0.9890286407 15060.11566 67299.7476 nan nan
8 80416 7406 7403 3 192370.9337 92094.12499 188633.3799 295021.8007 106388.4209 188390.3736 7296020.845 7107630.472 61.85480712 71267.26275 7072266.307 nan nan
9 175498 2919 2919 0 236777.0477 1109889.066 228015.6018 240774.9338 12759.33195 202732.8438 21659266.51 21456533.67 14.86686533 13299.62384 21418864.46 nan nan
10 14142 8910 8909 1 204036.3492 7544.948497 196328.8356 217512.3204 21183.48484 195345.8198 291060.468 95714.64819 1.356738672 11662.89919 85211.04676 nan nan
11 176287 17402 17402 0 202465.1333 814316.961 189249.2031 255567.658 66318.45485 188553.8771 76282242.54 76093688.66 62.35626243 52180.07273 76078854.95 nan nan
12 99245 2846 2846 0 215156.4713 8961.334688 202014.1162 229745.0811 27730.96489 189478.0538 281126.0799 91648.02608 0.3060479433 15252.29975 65012.07896 nan nan
13 156237 2360 2360 0 194713.0319 91585.94141 188285.1384 278542.1497 90257.01126 188188.9864 3928762.039 3740573.052 29.30277996 89122.61927 3739342.508 nan nan
14 168732 13781 13781 0 193944.4914 235013.2578 188675.8137 234235.4341 45559.62038 188339.4372 8775147.526 8586808.089 29.40032919 41820.57825 8582732.67 nan nan
15 76537 4874 4871 3 223012.0709 6499.61392 210112.7906 229876.3245 19763.53397 202955.6949 290425.8947 87470.1998 0.8809726622 12216.17715 69338.86985 nan nan
16 41854 8536 8534 2 211157.4698 172332.6345 190744.0515 324079.0588 133335.0072 188375.5304 3868441.785 3680066.255 7.551867766 113887.3649 3658250.091 nan nan
17 49752 4179 4179 0 206765.5862 8032.478609 199895.0126 217425.3617 17530.34914 199228.2887 290667.2668 91438.97806 4.251191075 9115.337974 82241.70584 nan nan
18 125038 14730 14730 0 201624.892 98180.45596 190064.5974 207807.6112 17743.01377 188359.5922 4813753.221 4625393.629 34.41486824 11265.08179 4612545.685 nan nan
19 30062 578 578 0 211856.7078 10805.38466 200818.966 230028.2647 29209.29864 189465.639 302735.8728 113270.2339 0.9828234271 16639.33014 85396.33896 nan nan
20 34315 1949 1948 1 209806.8457 13847.80667 208532.3548 240766.4781 32234.12331 206005.9538 342072.9036 136066.9498 3.897660869 31143.76717 132450.1927 nan nan
21 34650 1433 1430 3 213041.1858 424158.4055 189637.8899 1223515.072 1033877.182 189245.1579 3634819.281 3445574.123 2.569730295 572253.0758 2983557.284 nan nan
22 48939 7080 6988 92 200511.381 50827.68144 189225.5826 223883.8031 34658.22051 188882.7471 1306594.606 1117711.859 14.15914002 23123.69393 1105834.497 nan nan
23 151127 3687 3687 0 196513.4972 227650.0387 188356.5352 292445.9492 104089.414 188188.6076 9903671.596 9715482.989 37.37401487 100969.8043 9712195.451 nan nan
24 67258 1759 1759 0 202513.9698 11752.18543 194039.5183 207678.4365 13638.91822 191900.3895 291166.9449 99266.55542 5.902695087 7700.961531 90228.71194 nan nan
25 117692 12103 12102 1 211445.4924 150263.6389 191770.0145 253186.0353 61416.02089 188218.9593 5951144.654 5762925.694 26.54764488 40351.64852 5738310.267 nan nan
26 149482 7320 7319 1 196938.2153 193452.0724 188407.235 327286.1488 138878.9138 188239.9341 5805939.396 5617699.462 14.48017753 136178.8461 5614832.093 nan nan

K=27, phase=forward, parameter=e [-]
cluster representative_source n_cluster n_valid n_missing median std p05 p95 width90 minimum maximum range skewness error95 error_max angle_origin_deg angle_resultant
0 144351 45542 45540 2 0.9294181304 0.2336044366 0.2385392352 0.9992975637 0.7607583285 3.774545329e-05 1 0.9999622545 -1.942415653 0.7381564597 0.9766579495 nan nan
1 22427 4532 4532 0 0.4865173985 0.06013132501 0.380683633 0.532118684 0.151435051 0.09456188752 0.698019206 0.6034573185 -0.4862630851 0.08530353804 0.3668811871 nan nan
2 30751 1717 294 1423 0.8262651087 0.2584562157 0.2151774824 0.9979952318 0.7828177494 0.07453607635 0.9999986823 0.925462606 -0.7154141592 nan nan nan nan
3 221195 4355 4355 0 0.631277152 0.2516885859 0.1800441853 0.9880518688 0.8080076835 0.006136354059 0.9999999862 0.9938636321 -0.1834512767 0.6218638989 0.7957717301 nan nan
4 50147 6044 6044 0 0.8008394623 0.09229680647 0.6954132345 0.9314393948 0.2360261603 0.09275924696 0.9582645629 0.8655053159 -2.365818078 0.1294556015 0.7138432187 nan nan
5 127305 3336 3336 0 0.8045611832 0.1674954802 0.5051774476 0.9926311439 0.4874536962 0.005575633586 0.9999999262 0.9944242926 -1.177388965 0.3541828207 0.8537846348 nan nan
6 22050 1731 1731 0 0.5526015083 0.3139416375 0.0254176165 0.9417352179 0.9163176014 0.0006053674971 0.9999926079 0.9993872404 -0.1834735377 0.7599030485 0.8181604385 nan nan
7 8822 3015 3015 0 0.3484475401 0.06067591827 0.306803137 0.4949987798 0.1881956428 0.09457712793 0.7031667327 0.6085896048 2.680221649 0.1548485334 0.3628017741 nan nan
8 80416 7406 7403 3 0.9532946867 0.2251475172 0.2602365718 0.9994792636 0.7392426919 1.887149263e-05 0.9999999998 0.9999811283 -2.16502492 0.4434172537 0.703634954 nan nan
9 175498 2919 2919 0 0.2187715577 0.08232358115 0.1743142906 0.3021951086 0.127880818 0.09280181753 0.9799570657 0.8871552482 5.445935353 0.1243042855 0.8020662426 nan nan
10 14142 8910 8909 1 0.4916635435 0.05840561551 0.3872836722 0.5476364647 0.1603527925 0.09428293306 0.6997273372 0.6054444041 -0.6043656941 0.09211395316 0.3815921648 nan nan
11 176287 17402 17402 0 0.8397276237 0.1754945249 0.4991631537 0.9977270569 0.4985639032 0.002972835345 0.9999999976 0.9970271622 -1.572208117 0.3169464944 0.8131368127 nan nan
12 99245 2846 2846 0 0.4051454242 0.1285639778 0.2859492975 0.6718085569 0.3858592593 0.1152101058 0.9999965192 0.8847864133 1.812034217 0.2741543419 0.6021939799 nan nan
13 156237 2360 2360 0 0.9085787896 0.1862443335 0.3954878231 0.9988802449 0.6033924217 0.001314468504 0.9999999847 0.9986855162 -2.502270517 0.5776939268 0.9718672814 nan nan
14 168732 13781 13781 0 0.9342085288 0.1548232565 0.5870574321 0.9994848862 0.4124274542 0.0001671890931 0.9999999981 0.999832809 -2.761147878 0.3555701726 0.9424604155 nan nan
15 76537 4874 4871 3 0.3431426656 0.06449933491 0.2850015849 0.4433802041 0.1583786192 0.09506332243 0.7015280165 0.6064646941 2.29489195 0.09588848918 0.3428575423 nan nan
16 41854 8536 8534 2 0.6958559891 0.1589349697 0.4052765609 0.9796309431 0.5743543823 0.007668268694 0.9999999988 0.9923317301 -1.135243126 0.3170664191 0.7146747113 nan nan
17 49752 4179 4179 0 0.4741906389 0.06485605355 0.3876861603 0.5227817981 0.1350956379 0.09462640143 0.7006735322 0.6060471308 -0.6713196573 0.1782016762 0.3618505137 nan nan
18 125038 14730 14730 0 0.8106260048 0.07917218488 0.7263389032 0.9695822601 0.2432433569 0.148581549 0.9999342557 0.8513527067 0.1656688474 0.1520925237 0.6701219153 nan nan
19 30062 578 578 0 0.4325797512 0.1558152425 0.283615294 0.7958988383 0.5122835443 0.07425558741 0.9998594752 0.9256038878 1.522805793 0.4076529552 0.6116135921 nan nan
20 34315 1949 1948 1 0.6514576853 0.1573470342 0.1739530269 0.6854587898 0.511505763 0.07522005048 0.7312966128 0.6560765623 -1.991902264 0.4818467848 0.5805797612 nan nan
21 34650 1433 1430 3 0.7115341238 0.2158735295 0.3191570073 0.9949685901 0.6758115828 0.06921333456 0.999999759 0.9307864244 -0.6916875027 0.6010433359 0.6060745047 nan nan
22 48939 7080 6988 92 0.8547801566 0.1594977964 0.6169643002 0.9978081299 0.3808438297 0.09315892252 0.999999994 0.9068410715 -1.832756281 0.2291069337 0.7529123113 nan nan
23 151127 3687 3687 0 0.8787845831 0.1996567016 0.3164683542 0.9980323777 0.6815640235 0.004732944403 0.9999999967 0.9952670523 -2.344082777 0.6247089226 0.9364443323 nan nan
24 67258 1759 1759 0 0.7911078562 0.118665881 0.7022795049 0.9115566877 0.2092771828 0.09393560652 0.9416817914 0.8477461849 -3.784038628 0.1154269811 0.7210088803 nan nan
25 117692 12103 12102 1 0.691145443 0.1411602662 0.529197484 0.9498476232 0.4206501391 0.0007192626071 0.9999999262 0.9992806636 -1.622406866 0.3055407718 0.6897408245 nan nan
26 149482 7320 7319 1 0.8737261837 0.1751972131 0.4513800154 0.9980412224 0.546661207 0.0005999373988 0.9999999761 0.9994000387 -2.412240287 0.4971571709 0.9479372489 nan nan

K=27, phase=forward, parameter=w [deg]
cluster representative_source n_cluster n_valid n_missing median std p05 p95 width90 minimum maximum range skewness error95 error_max angle_origin_deg angle_resultant
0 144351 45542 45540 2 -21.20631334 85.66672028 -80.73618944 120.8290267 201.5652162 -149.7044637 123.8250126 273.5294763 0.06945324862 177.6822218 179.9999975 338.5131545 0.1073121445
1 22427 4532 4532 0 -2.389657526 16.16278708 -12.39983714 34.48930979 46.88914694 -179.5433526 174.5286468 354.0719994 3.747098633 40.94940034 179.2069108 305.3164726 0.9676281887
2 30751 1717 294 1423 -6.156734327 66.70935418 -117.6978623 68.77188533 186.4697476 -176.8547016 170.1900045 347.044706 -0.3251872555 nan nan 337.8101012 0.462925344
3 221195 4355 4355 0 21.32899103 55.73552691 -69.84367279 80.89731085 150.7409836 -119.5441498 119.7984598 239.3426096 -0.0709772014 141.0006293 179.9017783 16.26348033 0.5871810331
4 50147 6044 6044 0 -5.472684869 17.16252083 -13.32129511 39.47190539 52.7932005 -60.85147524 135.3141781 196.1656533 1.999690896 48.32945709 143.9497687 301.6724417 0.9577295629
5 127305 3336 3336 0 57.98683393 79.76294857 -84.05838141 116.3076744 200.3660559 -84.25499499 125.8539691 210.1089641 0.05630985332 171.980791 179.9896191 340.8869742 0.2042619146
6 22050 1731 1731 0 27.10912205 81.8595185 -151.9694617 35.10498558 187.0744473 -177.671545 179.9998378 357.6713829 -0.3362630815 178.7158167 179.9997855 64.35675051 0.2606753915
7 8822 3015 3015 0 -4.124053805 14.70715866 -7.462794997 47.014243 54.47703799 -7.945048278 70.76604084 78.71108912 2.972124521 53.61194846 77.3637463 299.7572499 0.9689950798
8 80416 7406 7403 3 7.015971844 53.65689438 -64.20730602 63.40388965 127.6111957 -177.4220253 68.59613658 246.0181619 -0.2326050973 117.5305451 175.927526 354.5290698 0.6132078346
9 175498 2919 2919 0 -4.003070067 18.63043524 -19.09296819 35.35834974 54.45131793 -38.05944805 125.6890943 163.7485424 1.887904204 36.56476252 126.8650836 23.17664235 0.9512052396
10 14142 8910 8909 1 -0.9903811507 11.36884546 -9.268093961 11.64521251 20.91330648 -137.8015487 140.2341458 278.0356945 6.420988534 16.23220053 144.8115325 303.5472396 0.9844398088
11 176287 17402 17402 0 -14.95417547 67.97238269 -33.67382975 134.96352 168.6373497 -174.9689866 177.6169215 352.5859081 0.844391192 164.8974246 179.9933548 307.9955387 0.4741371599
12 99245 2846 2846 0 -2.292117324 27.72998587 -42.25476145 37.70143772 79.95619917 -175.4975096 179.5297507 355.0272603 1.778107379 49.61261521 178.6154301 336.7482138 0.9071483888
13 156237 2360 2360 0 1.810696829 82.99190019 -164.5703948 43.26114258 207.8315374 -170.2871954 120.3463894 290.6335848 -0.5215142234 166.0192502 171.7360508 255.1978647 0.2783664886
14 168732 13781 13781 0 -1.594306704 104.7582463 -178.0503239 178.046625 356.0969489 -179.9971808 179.9899517 359.9871325 0.04816638944 179.0367774 179.9990792 266.5367462 0.2301463371
15 76537 4874 4871 3 -3.088006871 14.84008943 -16.41577241 30.79565014 47.21142255 -42.41342725 99.28747577 141.700903 1.411262088 35.44380829 103.8677567 311.2569685 0.9675226723
16 41854 8536 8534 2 -11.2728885 49.01042452 -14.29981807 117.2370926 131.5369106 -163.7543669 169.9125925 333.6669594 1.50745485 131.6690755 175.7507097 300.2005029 0.7276313893
17 49752 4179 4179 0 -0.7459726359 17.64759406 -18.48958111 20.82088538 39.31046649 -64.67087306 151.8229435 216.4938165 3.50600326 28.65458423 159.4220029 315.5853655 0.9607936184
18 125038 14730 14730 0 -3.639440727 12.93577888 -8.742987912 22.86120189 31.60418981 -174.9840421 176.9910885 351.9751306 3.277402143 27.99145179 177.9435976 266.6012864 0.9789615995
19 30062 578 578 0 -0.3990206614 33.93536258 -83.86084762 49.1082394 132.969087 -179.8162631 150.5186733 330.3349365 -0.1826376596 72.19133273 165.5370543 24.56403062 0.8573530883
20 34315 1949 1948 1 -11.0439723 29.82037968 -18.78810899 69.80107544 88.58918444 -99.10455899 137.9041801 237.0087391 1.317417969 85.97767271 154.0807774 312.0898239 0.8794812146
21 34650 1433 1430 3 33.52694149 70.548133 -103.0997499 76.23050614 179.330256 -174.8177918 178.538258 353.3560498 -0.2171386124 159.5169287 179.7007294 15.43694513 0.377737496
22 48939 7080 6988 92 -6.099905868 44.22457052 -9.202710345 126.1668826 135.3695929 -86.54457022 151.4101387 237.9547089 2.150602713 134.1891212 159.4323773 295.6971355 0.7913768911
23 151127 3687 3687 0 -3.818401096 37.16221365 -30.54106061 93.18668147 123.7277421 -179.3641973 179.8230471 359.1872444 1.011171604 99.40723962 179.5557087 357.2515606 0.847878237
24 67258 1759 1759 0 -0.5104639535 10.92442735 -9.646026657 11.73841697 21.38444363 -67.97015912 95.46923059 163.4393897 1.320639677 17.70937639 100.5452943 314.7880985 0.9831713977
25 117692 12103 12102 1 -4.436112393 40.10495308 -25.70793359 131.9833203 157.6912539 -179.3443748 179.9133564 359.2577312 2.631791253 142.7949462 179.7725385 284.0751356 0.8403299333
26 149482 7320 7319 1 -9.786818173 82.54542748 -174.726266 66.8206207 241.5468867 -179.9910478 179.9960147 359.9870625 -0.4864755148 165.479806 179.6239292 268.2519269 0.4657951703

K=32, STD=0.01188521411
n = trajectories per cluster; conditions overlap.
n = 1: clusters=0/32 (0.00%); trajectories=0/194124 (0.00%)
n < 10: clusters=1/32 (3.12%); trajectories=2/194124 (0.00%)
n < 100: clusters=1/32 (3.12%); trajectories=2/194124 (0.00%)

K=32, phase=backward, parameter=a [km]
cluster representative_source n_cluster n_valid n_missing median std p05 p95 width90 minimum maximum range skewness error95 error_max angle_origin_deg angle_resultant
0 144351 45542 0 45542 nan nan nan nan nan nan nan nan nan nan nan nan nan
1 23915 4584 4584 0 222557.4308 5429.031269 212415.4853 229548.9056 17133.42027 210110.2001 230946.3375 20836.13746 -0.3098903284 9223.338523 11474.60653 nan nan
2 19832 1037 1037 0 239369.7516 1678.624472 235652.5578 240829.3112 5176.753317 233258.8286 241125.0718 7866.243139 -0.8454322396 3876.160327 6269.889529 nan nan
3 221195 4355 0 4355 nan nan nan nan nan nan nan nan nan nan nan nan nan
4 57501 12952 12952 0 210619.4008 3793.677147 205200.6523 216649.1124 11448.46016 193076.8534 232771.8916 39695.03821 0.4014491728 6216.978384 21577.24906 nan nan
5 127305 3336 0 3336 nan nan nan nan nan nan nan nan nan nan nan nan nan
6 30062 489 489 0 238954.2451 2679.573037 233695.3081 241018.1872 7322.879054 224637.9314 241085.7226 16447.79122 -1.388875372 4939.960951 13997.33771 nan nan
7 8552 2732 2732 0 213273.2551 5281.345504 205122.5504 221984.7592 16862.20882 202792.8172 227268.7839 24475.96668 0.06687765189 9385.997871 14565.61278 nan nan
8 36833 1166 1166 0 216577.0983 9650.450176 201904.1725 231487.5417 29583.36923 201557.3693 235537.6775 33980.30826 0.08161603904 16342.4595 20392.59535 nan nan
9 175498 2918 0 2918 nan nan nan nan nan nan nan nan nan nan nan nan nan
10 9615 5112 5112 0 221781.7793 4069.638412 214968.8295 227759.1509 12790.32141 213266.0292 236918.5975 23652.56829 -0.03419480121 7827.718668 14251.1226 nan nan
11 176287 17401 0 17401 nan nan nan nan nan nan nan nan nan nan nan nan nan
12 31323 1001 1001 0 223045.6533 5210.78463 215109.25 231050.5949 15941.34493 213449.8032 236243.055 22793.25177 0.07037855827 9748.801129 14941.26123 nan nan
13 156237 2360 0 2360 nan nan nan nan nan nan nan nan nan nan nan nan nan
14 168732 13781 0 13781 nan nan nan nan nan nan nan nan nan nan nan nan nan
15 71849 4669 4669 0 198690.3178 2325.654873 195961.0438 203273.0249 7311.981101 193076.1974 204519.6663 11443.46887 0.3796362109 6341.2476 7587.888973 nan nan
16 35338 1353 1353 0 233865.1196 1919.314664 231876.124 236684.4952 4808.371167 201887.6693 240886.9993 38999.32997 -6.641249349 2925.223562 32379.84019 nan nan
17 49752 4091 4091 0 200436.7205 1661.266677 198213.2603 203711.4735 5498.213168 193167.7014 204535.186 11367.48462 0.2911413865 4213.370987 6342.069315 nan nan
18 125038 14730 0 14730 nan nan nan nan nan nan nan nan nan nan nan nan nan
19 28151 1511 1511 0 223319.6276 4948.518523 214270.3832 230328.4369 16058.05367 211742.4001 235305.5147 23563.11458 -0.2240452623 9025.416856 13646.32068 nan nan
20 110896 1936 1936 0 208847.5925 6066.316675 203505.9511 219486.6346 15980.68353 202568.3077 233556.6779 30988.37021 1.724533126 10457.41418 24527.45748 nan nan
21 22279 837 837 0 235497.9239 4512.16212 226121.4611 236448.6923 10327.23123 193730.153 237006.9879 43276.83489 -5.355133977 9372.35177 41763.65985 nan nan
22 66366 884 884 0 231444.1018 4296.942228 223274.8745 236279.4552 13004.58071 209704.2418 237569.9708 27865.72894 -1.133813214 9289.746366 17461.12945 nan nan
23 151127 3687 0 3687 nan nan nan nan nan nan nan nan nan nan nan nan nan
24 68757 1657 1657 0 203450.2485 1184.623247 202072.2656 204421.8751 2349.609542 193052.5207 205285.7742 12233.2535 -4.440379437 1377.054043 10384.65519 nan nan
25 117692 12103 0 12103 nan nan nan nan nan nan nan nan nan nan nan nan nan
26 149482 7320 0 7320 nan nan nan nan nan nan nan nan nan nan nan nan nan
27 167957 2 0 2 nan nan nan nan nan nan nan nan nan nan nan nan nan
28 14797 923 923 0 238450.3867 1240.96544 236397.3559 239878.5609 3481.204968 230330.4829 241117.2713 10786.78844 -1.054000231 2212.646527 8031.976603 nan nan
29 24197 3808 3808 0 208466.532 3053.88277 203908.9302 213581.071 9672.140868 202700.1039 215886.1181 13186.01422 0.1265276173 5383.176003 7076.514529 nan nan
30 45752 14799 14799 0 225619.6963 4838.39 217986.1843 232990.3731 15004.18884 212913.3141 236341.027 23427.71294 -0.01488094466 10039.59161 13390.24553 nan nan
31 45851 1048 1048 0 206011.1324 4216.845114 201302.7566 213672.4331 12369.67654 193064.5732 216862.9569 23798.38374 0.2935770596 8635.692782 12000.28061 nan nan

K=32, phase=backward, parameter=e [-]
cluster representative_source n_cluster n_valid n_missing median std p05 p95 width90 minimum maximum range skewness error95 error_max angle_origin_deg angle_resultant
0 144351 45542 0 45542 nan nan nan nan nan nan nan nan nan nan nan nan nan
1 23915 4584 4584 0 0.3468254552 0.04379684672 0.2881592386 0.4262819653 0.1381227268 0.275559612 0.4437822963 0.1682226843 0.2502522372 0.07438840378 0.0891053175 nan nan
2 19832 1037 1037 0 0.1906705714 0.01853083527 0.1733560655 0.2302701371 0.05691407155 0.1697173735 0.2527365927 0.08301921918 0.7410495991 0.04241944967 0.06488590529 nan nan
3 221195 4355 0 4355 nan nan nan nan nan nan nan nan nan nan nan nan nan
4 57501 12952 12952 0 0.4396326073 0.02901043043 0.3933273369 0.4804003028 0.08707296584 0.2573310192 0.5703110008 0.3129799817 -0.5018821702 0.0470324978 0.1779889548 nan nan
5 127305 3336 0 3336 nan nan nan nan nan nan nan nan nan nan nan nan nan
6 30062 489 489 0 0.1952223107 0.02793374349 0.1709338646 0.2488295261 0.07789566147 0.1700108998 0.3288357062 0.1588248064 1.091241193 0.05121476282 0.1312209429 nan nan
7 8552 2732 2732 0 0.4199058391 0.04049369818 0.3519112653 0.48130842 0.1293971547 0.3066374234 0.4985953263 0.1919579029 -0.1016524697 0.07267543611 0.1176652383 nan nan
8 36833 1166 1166 0 0.3940949602 0.07650811907 0.2704739732 0.5050120757 0.2345381026 0.2316081199 0.5075841067 0.2759759867 -0.1748227639 0.1347621435 0.1736279967 nan nan
9 175498 2918 0 2918 nan nan nan nan nan nan nan nan nan nan nan nan nan
10 9615 5112 5112 0 0.3533350052 0.03283674768 0.3037361211 0.4068786467 0.1031425257 0.2198026407 0.4199660774 0.2001634367 -0.03104854398 0.06221741687 0.1264138531 nan nan
11 176287 17401 0 17401 nan nan nan nan nan nan nan nan nan nan nan nan nan
12 31323 1001 1001 0 0.342557261 0.04292360098 0.2743921758 0.405522457 0.1311302813 0.2268033251 0.4188749109 0.1920715858 -0.1394724883 0.08243993052 0.1300287812 nan nan
13 156237 2360 0 2360 nan nan nan nan nan nan nan nan nan nan nan nan nan
14 168732 13781 0 13781 nan nan nan nan nan nan nan nan nan nan nan nan nan
15 71849 4669 4669 0 0.5288616037 0.01721729546 0.4948678298 0.54905003 0.05418220027 0.4853942529 0.570313305 0.0849190521 -0.3810166871 0.04697350083 0.05644707767 nan nan
16 35338 1353 1353 0 0.2473022057 0.01747305016 0.2190765998 0.2658830833 0.04680648345 0.1732171762 0.5051342118 0.3319170356 4.433932021 0.02836089651 0.2617703437 nan nan
17 49752 4091 4091 0 0.5159282896 0.01230958618 0.4916605485 0.5323919722 0.04073142374 0.4852822681 0.5696656159 0.08438334781 -0.2945953389 0.0312654087 0.04682744836 nan nan
18 125038 14730 0 14730 nan nan nan nan nan nan nan nan nan nan nan nan nan
19 28151 1511 1511 0 0.3401186485 0.04055879744 0.2807939951 0.4120364452 0.1312424501 0.2333426646 0.4313572139 0.1980145492 0.1425762485 0.07417598982 0.1206620998 nan nan
20 110896 1936 1936 0 0.4530251582 0.04781295007 0.3706706931 0.4929660983 0.1222954052 0.2498427172 0.499945338 0.2501026208 -1.889562828 0.08081418814 0.2016421641 nan nan
21 22279 837 837 0 0.2316926972 0.0381013103 0.2216752675 0.3164839146 0.09480864713 0.2159397247 0.5654637168 0.3495239921 4.902876267 0.08483287929 0.3338126814 nan nan
22 66366 884 884 0 0.2704130073 0.03818504891 0.2234612115 0.3420464498 0.1185852383 0.2093301456 0.4471993284 0.2378691828 0.9104117564 0.08513869065 0.139628888 nan nan
23 151127 3687 0 3687 nan nan nan nan nan nan nan nan nan nan nan nan nan
24 68757 1657 1657 0 0.4934616734 0.008800964815 0.4862506289 0.5037485119 0.01749788303 0.4796914982 0.5704977882 0.09080628997 4.408485488 0.01025145147 0.07689220556 nan nan
25 117692 12103 0 12103 nan nan nan nan nan nan nan nan nan nan nan nan nan
26 149482 7320 0 7320 nan nan nan nan nan nan nan nan nan nan nan nan nan
27 167957 2 0 2 nan nan nan nan nan nan nan nan nan nan nan nan nan
28 14797 923 923 0 0.2006963245 0.01327852151 0.1844369271 0.2224273465 0.03799041944 0.1699124926 0.2825662538 0.1126537611 0.908393358 0.02484306123 0.08095840726 nan nan
29 24197 3808 3808 0 0.4561717408 0.02297202789 0.4174771851 0.4902219231 0.07274473798 0.3995874669 0.4992001343 0.09961266735 -0.1402586083 0.04050955645 0.05404385511 nan nan
30 45752 14799 14799 0 0.3210787443 0.04084558188 0.2561175129 0.3828838209 0.126766308 0.222687985 0.4229543097 0.2002663247 -0.05696375853 0.0870931194 0.1205226473 nan nan
31 45851 1048 1048 0 0.4744017151 0.03169140031 0.416592227 0.5094805933 0.09288836636 0.3913454111 0.5704147561 0.179069345 -0.3126714997 0.06520741549 0.09021993189 nan nan

K=32, phase=backward, parameter=w [deg]
cluster representative_source n_cluster n_valid n_missing median std p05 p95 width90 minimum maximum range skewness error95 error_max angle_origin_deg angle_resultant
0 144351 45542 0 45542 nan nan nan nan nan nan nan nan nan nan nan nan nan
1 23915 4584 4584 0 -0.1053110118 1.786080359 -2.826822105 3.046735267 5.873557372 -3.749901184 3.915608716 7.665509899 0.1329235021 4.554847506 5.477926584 190.3246459 0.9995142069
2 19832 1037 1037 0 2.944951001 14.23055663 -23.80854253 17.92673327 41.7352758 -26.25958581 20.64518801 46.90477382 -0.3535203826 31.86428381 34.31532709 194.3502242 0.969430667
3 221195 4355 0 4355 nan nan nan nan nan nan nan nan nan nan nan nan nan
4 57501 12952 12952 0 -0.1587859185 5.058199935 -7.409787006 8.455871973 15.86565898 -29.31361123 16.14111824 45.45472946 0.07488223675 10.56995186 27.3619126 200.1878047 0.9961133709
5 127305 3336 0 3336 nan nan nan nan nan nan nan nan nan nan nan nan nan
6 30062 489 489 0 4.92853212 15.21072324 -28.44673225 16.48168364 44.92841588 -32.38104245 17.79304633 50.17408878 -0.6399635475 38.26830633 42.20261653 199.3388924 0.9651818418
7 8552 2732 2732 0 -1.266122594 6.12072487 -3.051776 9.343572365 12.39534836 -3.480440522 35.01979573 38.50023625 4.247049633 10.91892589 36.59514925 181.6572023 0.9944064148
8 36833 1166 1166 0 -0.4974261797 7.224217343 -4.474648601 16.6092778 21.0839264 -28.30735934 21.4049931 49.71235244 -0.2779521702 21.10960072 26.3899587 195.3075506 0.9921386915
9 175498 2918 0 2918 nan nan nan nan nan nan nan nan nan nan nan nan nan
10 9615 5112 5112 0 -0.4956574786 3.692086164 -3.970976993 7.692240508 11.6632175 -18.41961338 30.90698594 49.32659932 2.934919645 8.386032704 31.55355835 185.8223662 0.99793951
11 176287 17401 0 17401 nan nan nan nan nan nan nan nan nan nan nan nan nan
12 31323 1001 1001 0 -1.316025334 9.480532379 -4.743288426 20.31506333 25.05835176 -29.46345805 20.96278814 50.42624619 0.09674877853 22.09805723 28.26554735 196.3771664 0.9864925383
13 156237 2360 0 2360 nan nan nan nan nan nan nan nan nan nan nan nan nan
14 168732 13781 0 13781 nan nan nan nan nan nan nan nan nan nan nan nan nan
15 71849 4669 4669 0 -0.4160336225 6.447025849 -9.057529143 11.1632639 20.22079304 -10.75837877 14.08878253 24.8471613 0.2552031478 10.79940491 13.48201137 190.1026154 0.9936823787
16 35338 1353 1353 0 -0.22184876 4.508083902 -6.096949857 7.972706459 14.06965632 -40.59217671 9.269753734 49.86193044 -2.364661656 8.293924129 40.93660347 207.5759687 0.9969415277
17 49752 4091 4091 0 -0.9798961487 4.98904162 -6.697683479 9.812458054 16.51014153 -15.96756023 13.11407049 29.08163072 0.612358644 12.71777805 16.01869992 190.7247862 0.9962152993
18 125038 14730 0 14730 nan nan nan nan nan nan nan nan nan nan nan nan nan
19 28151 1511 1511 0 -5.658875986 10.75258563 -9.686145945 16.4625078 26.14865374 -33.47011623 16.81175827 50.2818745 0.518757314 22.93703665 27.04927359 200.4291626 0.9825005322
20 110896 1936 1936 0 2.666960734 9.557566052 -15.61911698 10.48606657 26.10518355 -25.8750713 12.60891347 38.48398477 -1.080228197 19.87093888 30.1268932 204.4716372 0.986188689
21 22279 837 837 0 -0.6993099825 5.238327622 -6.530606819 11.79429887 18.32490569 -31.35732593 14.23553976 45.59286569 0.8603622204 13.78477262 29.40937672 202.8337506 0.9958365067
22 66366 884 884 0 9.824702012 19.00219808 -37.1753239 11.10341643 48.27874033 -37.40723563 11.32981275 48.73704839 -1.32635418 48.03546027 48.267372 204.4625019 0.9464418504
23 151127 3687 0 3687 nan nan nan nan nan nan nan nan nan nan nan nan nan
24 68757 1657 1657 0 0.0120779257 3.187163215 -3.91516154 4.625999207 8.541160746 -22.46016733 6.752598586 29.21276591 -1.79287637 6.10336977 21.2368351 196.2588986 0.9984581185
25 117692 12103 0 12103 nan nan nan nan nan nan nan nan nan nan nan nan nan
26 149482 7320 0 7320 nan nan nan nan nan nan nan nan nan nan nan nan nan
27 167957 2 0 2 nan nan nan nan nan nan nan nan nan nan nan nan nan
28 14797 923 923 0 2.48993565 8.762722004 -17.24060498 11.89501897 29.13562395 -28.28327206 18.69616484 46.97943689 -0.9520154137 19.26335387 30.30602094 195.6274295 0.9883959539
29 24197 3808 3808 0 -1.006834932 5.437225712 -4.612280958 17.4222846 22.03456556 -14.3869071 24.57753183 38.96443893 2.777237 19.32745678 26.48270401 186.919149 0.9955335229
30 45752 14799 14799 0 -0.1536928649 5.114542682 -7.057431971 7.430665647 14.48809762 -36.52357617 14.03965283 50.56322901 -0.5965638959 8.330826548 35.89877701 203.532249 0.9960372169
31 45851 1048 1048 0 -3.141454508 6.459425092 -4.546170767 15.32787589 19.87404666 -20.68737679 19.64639283 40.33376962 1.468173668 19.57531577 23.89383271 194.4098589 0.9936738314

K=32, phase=forward, parameter=a [km]
cluster representative_source n_cluster n_valid n_missing median std p05 p95 width90 minimum maximum range skewness error95 error_max angle_origin_deg angle_resultant
0 144351 45542 45540 2 193384.2857 89419.20004 188131.7288 364712.439 176580.7102 187998.576 4480813.766 4292815.19 6.936067087 175719.7808 4291821.108 nan nan
1 23915 4584 4583 1 198434.2658 1922.041736 195965.1665 202226.7548 6261.588343 195345.8198 203390.351 8044.531271 0.3614180308 5378.652208 6542.248433 nan nan
2 19832 1037 325 712 201357.0378 1317771.066 188512.786 947274.144 758761.358 188375.8048 18789119.65 18600743.85 10.29722965 nan nan nan nan
3 221195 4355 4355 0 220767.0351 218261.7083 190026.1812 838608.9729 648582.7917 188318.3353 923942.512 735624.1767 1.851487705 632726.8701 718060.4091 nan nan
4 57501 12952 12952 0 198224.086 31407.92372 188761.5622 258571.4015 69809.83932 188390.3736 526976.2772 338585.9036 4.633257616 63244.93526 331649.811 nan nan
5 127305 3336 3336 0 203438.4897 860393.0187 188811.1207 2423082.157 2234271.036 188331.8518 6283699.162 6095367.31 2.043947567 2225633.435 6086250.441 nan nan
6 30062 489 489 0 214203.8024 9814.999002 201024.1332 230276.6896 29252.55639 190129.8758 239637.9267 49508.05089 0.1181359382 16419.15386 27209.65809 nan nan
7 8552 2732 2732 0 222497.8836 5262.184105 209779.4002 226860.8761 17081.47592 200496.666 290687.8457 90191.17974 -1.145325929 13990.94073 67318.44955 nan nan
8 36833 1166 1166 0 209546.5248 181928.1955 206881.4993 284446.5893 77565.09007 188400.7196 2060429.552 1872028.832 7.388397316 75084.24357 1851067.206 nan nan
9 175498 2918 2918 0 236778.2562 1110077.391 228020.7864 240775.0091 12754.22264 202732.8438 21659266.51 21456533.67 14.86429423 13282.87486 21418864.46 nan nan
10 9615 5112 5112 0 210588.9482 5687.087039 203580.5237 218763.8451 15183.32141 202451.942 281126.0799 78674.13788 2.389752893 8808.99495 68867.65227 nan nan
11 176287 17401 17401 0 202464.8165 814340.3383 189249.2018 255568.0432 66318.84141 188553.8771 76282242.54 76093688.66 62.35447073 52180.45792 76078854.95 nan nan
12 31323 1001 1001 0 209998.2752 15816.63772 209581.1517 240982.0269 31400.87521 207676.2372 348486.9407 140810.7034 3.572652489 31194.65156 138699.5653 nan nan
13 156237 2360 2360 0 194713.0319 91585.94141 188285.1384 278542.1497 90257.01126 188188.9864 3928762.039 3740573.052 29.30277996 89122.61927 3739342.508 nan nan
14 168732 13781 13781 0 193944.4914 235013.2578 188675.8137 234235.4341 45559.62038 188339.4372 8775147.526 8586808.089 29.40032919 41820.57825 8582732.67 nan nan
15 71849 4669 4666 3 223134.1724 6322.983154 210551.0154 229888.9381 19337.92273 202668.2523 290136.3455 87468.09312 0.4972938541 11617.59577 69069.72412 nan nan
16 35338 1353 1349 4 215713.8963 475198.8029 189611.0391 1261360.651 1071749.612 189245.1579 7296020.845 7106775.687 4.098467245 672124.3431 6434449.398 nan nan
17 49752 4091 4091 0 206734.2321 7989.59718 199890.3315 217457.9141 17567.58253 199228.2887 290667.2668 91438.97806 4.141173369 9136.730351 82241.70584 nan nan
18 125038 14730 14730 0 201624.892 98180.45596 190064.5974 207807.6112 17743.01377 188359.5922 4813753.221 4625393.629 34.41486824 11265.08179 4612545.685 nan nan
19 28151 1511 1511 0 213735.4868 11732.70232 200704.3049 236445.465 35741.16013 189478.0538 291060.468 101582.4142 1.107866346 23023.41621 74203.69944 nan nan
20 110896 1936 1936 0 216978.3415 8652.266529 203588.9477 230027.0485 26438.10076 200762.5351 240626.526 39863.99088 0.1476918322 14570.07957 23707.36744 nan nan
21 22279 837 837 0 348541.2823 130459.8506 192645.1883 565631.732 372986.5438 189482.7134 870325.3669 680842.6535 0.8662156971 361416.4579 666110.0928 nan nan
22 66366 884 80 804 278875.2358 156891.3244 209613.3031 742286.8255 532673.5224 208958.4106 762407.8213 553449.4108 2.314528914 nan nan nan nan
23 151127 3687 3687 0 196513.4972 227650.0387 188356.5352 292445.9492 104089.414 188188.6076 9903671.596 9715482.989 37.37401487 100969.8043 9712195.451 nan nan
24 68757 1657 1657 0 202152.2573 12475.98769 193972.1922 206886.5183 12914.32619 191900.3895 291166.9449 99266.55542 5.832304168 7473.300159 90848.35833 nan nan
25 117692 12103 12102 1 211445.4924 150263.6389 191770.0145 253186.0353 61416.02089 188218.9593 5951144.654 5762925.694 26.54764488 40351.64852 5738310.267 nan nan
26 149482 7320 7319 1 196938.2153 193452.0724 188407.235 327286.1488 138878.9138 188239.9341 5805939.396 5617699.462 14.48017753 136178.8461 5614832.093 nan nan
27 167957 2 2 0 206129.3612 512.6989975 205667.9321 206590.7903 922.8581956 205616.6622 206642.0602 1025.397995 nan 974.1280953 1025.397995 nan nan
28 14797 923 923 0 657308.8941 794230.0765 203568.598 2160715.266 1957146.668 189465.639 8837569.013 8648103.374 3.604941464 1479695.492 8156549.239 nan nan
29 24197 3808 3808 0 205661.9764 7211.40706 198991.5718 218246.9062 19255.33436 198317.9059 290701.7456 92383.83972 2.537069223 11032.40418 83487.24362 nan nan
30 45752 14799 14796 3 208289.4575 124352.4456 189430.9659 264142.1449 74711.17905 188375.5304 3868441.785 3680066.255 10.27349241 57883.70503 3662183.345 nan nan
31 45851 1048 1047 1 209440.4707 11976.16966 208268.4158 239897.5251 31629.10936 206005.9538 290545.4692 84539.51533 4.461455994 30476.85677 81124.80081 nan nan

K=32, phase=forward, parameter=e [-]
cluster representative_source n_cluster n_valid n_missing median std p05 p95 width90 minimum maximum range skewness error95 error_max angle_origin_deg angle_resultant
0 144351 45542 45540 2 0.9294181304 0.2336044366 0.2385392352 0.9992975637 0.7607583285 3.774545329e-05 1 0.9999622545 -1.942415653 0.7381564597 0.9766579495 nan nan
1 23915 4584 4583 1 0.5307945403 0.0142064453 0.5026930612 0.5490117931 0.04631873188 0.4938233022 0.5535822468 0.0597589446 -0.3643751003 0.03976722363 0.04863698263 nan nan
2 19832 1037 325 712 0.8335390019 0.2363594931 0.3682123161 0.9971509283 0.6289386123 0.07453607635 0.9999986823 0.925462606 -0.8275629012 nan nan nan nan
3 221195 4355 4355 0 0.631277152 0.2516885859 0.1800441853 0.9880518688 0.8080076835 0.006136354059 0.9999999862 0.9938636321 -0.1834512767 0.6218638989 0.7957717301 nan nan
4 57501 12952 12952 0 0.8709391091 0.1766469497 0.4752249366 0.9983178889 0.5230929523 1.887149263e-05 0.9999999998 0.9999811283 -2.267796336 0.4251330235 0.9003390887 nan nan
5 127305 3336 3336 0 0.8045611832 0.1674954802 0.5051774476 0.9926311439 0.4874536962 0.005575633586 0.9999999262 0.9944242926 -1.177388965 0.3541828207 0.8537846348 nan nan
6 30062 489 489 0 0.4125385756 0.1026258513 0.2814203877 0.5125580433 0.2311376555 0.1894484677 0.9882747201 0.7988262524 1.885997035 0.1250903887 0.600028837 nan nan
7 8552 2732 2732 0 0.3476908302 0.04713236547 0.3115058324 0.4459996431 0.1344938107 0.09457712793 0.7031667327 0.6085896048 2.910913171 0.112047692 0.3626421791 nan nan
8 36833 1166 1166 0 0.6777041204 0.1279385468 0.5785384761 0.7188280557 0.1402895796 0.06891838147 0.9999707994 0.9310524179 -3.687672181 0.2552234254 0.6099352082 nan nan
9 175498 2918 2918 0 0.2187355471 0.08183226942 0.1743142489 0.30217711 0.1278628611 0.09280181753 0.9799570657 0.8871552482 5.478196269 0.1242862869 0.8020662426 nan nan
10 9615 5112 5112 0 0.4409952499 0.0510740293 0.3773988591 0.4950999559 0.1177010967 0.1152101058 0.6999896911 0.5847795853 0.5400519488 0.06845716975 0.3124662233 nan nan
11 176287 17401 17401 0 0.8397301855 0.1754987237 0.4991353921 0.9977273224 0.4985919303 0.002972835345 0.9999999976 0.9970271622 -1.572252221 0.316974256 0.8131368127 nan nan
12 31323 1001 1001 0 0.6430175073 0.1708622911 0.1711040953 0.6641758948 0.4930717995 0.05186042414 0.7010822006 0.6492217765 -1.554689988 0.4777285152 0.5969721864 nan nan
13 156237 2360 2360 0 0.9085787896 0.1862443335 0.3954878231 0.9988802449 0.6033924217 0.001314468504 0.9999999847 0.9986855162 -2.502270517 0.5776939268 0.9718672814 nan nan
14 168732 13781 13781 0 0.9342085288 0.1548232565 0.5870574321 0.9994848862 0.4124274542 0.0001671890931 0.9999999981 0.999832809 -2.761147878 0.3555701726 0.9424604155 nan nan
15 71849 4669 4666 3 0.3421204775 0.05932258916 0.284903738 0.4402979216 0.1553941836 0.09556496941 0.7257047055 0.6301397361 2.058777936 0.09199348238 0.3668654312 nan nan
16 35338 1353 1349 4 0.7521078241 0.2128131103 0.3244820294 0.9952803414 0.670798312 0.08097545257 0.999999759 0.9190243064 -0.6553148488 0.4565068727 0.4608375231 nan nan
17 49752 4091 4091 0 0.4729454635 0.06236210743 0.3874365047 0.521852341 0.1344158363 0.09462640143 0.7006735322 0.6060471308 -0.8847293804 0.0799805324 0.3618505137 nan nan
18 125038 14730 14730 0 0.8106260048 0.07917218488 0.7263389032 0.9695822601 0.2432433569 0.148581549 0.9999342557 0.8513527067 0.1656688474 0.1520925237 0.6701219153 nan nan
19 28151 1511 1511 0 0.4162570453 0.1766061691 0.2210936533 0.8178709041 0.5967772508 0.09428293306 0.9999965192 0.9057135861 1.032412896 0.4264722747 0.6085978897 nan nan
20 110896 1936 1936 0 0.3910892519 0.09275866854 0.2834991628 0.5130200796 0.2295209169 0.1749300872 0.7038176037 0.5288875165 1.017165116 0.2163308535 0.3122677843 nan nan
21 22279 837 837 0 0.2947445144 0.3823372276 0.01456876332 0.9626490702 0.9480803069 0.0006053674971 0.9999353848 0.9993300174 0.194672639 0.8121984656 0.8261618614 nan nan
22 66366 884 80 804 0.1304702317 0.2434935373 0.1090758801 0.6844918011 0.575415921 0.1030813481 0.692508506 0.5894271578 0.6962551285 nan nan nan nan
23 151127 3687 3687 0 0.8787845831 0.1996567016 0.3164683542 0.9980323777 0.6815640235 0.004732944403 0.9999999967 0.9952670523 -2.344082777 0.6247089226 0.9364443323 nan nan
24 68757 1657 1657 0 0.7969348844 0.1203219391 0.7166898836 0.9125624955 0.1958726119 0.09393560652 0.9416817914 0.8477461849 -3.993557738 0.1131103155 0.7298248435 nan nan
25 117692 12103 12102 1 0.691145443 0.1411602662 0.529197484 0.9498476232 0.4206501391 0.0007192626071 0.9999999262 0.9992806636 -1.622406866 0.3055407718 0.6897408245 nan nan
26 149482 7320 7319 1 0.8737261837 0.1751972131 0.4513800154 0.9980412224 0.546661207 0.0005999373988 0.9999999761 0.9994000387 -2.412240287 0.4971571709 0.9479372489 nan nan
27 167957 2 2 0 0.7303968877 0.006826872716 0.7242527023 0.7365410732 0.01228837089 0.723570015 0.7372237604 0.01365374543 nan 0.01297105816 0.01365374543 nan nan
28 14797 923 923 0 0.6033862494 0.2231640619 0.1768971918 0.9031276909 0.7262304991 0.07425558741 0.9998594752 0.9256038878 -0.2563607981 0.4771418868 0.5738736711 nan nan
29 24197 3808 3808 0 0.4798011939 0.05698368507 0.3813364236 0.5278962863 0.1465598627 0.09456188752 0.698019206 0.6034573185 -0.4735186888 0.08795269851 0.3710443434 nan nan
30 45752 14799 14796 3 0.7598856702 0.1636017957 0.5565836414 0.9954743676 0.4388907263 0.007668268694 0.9999999988 0.9923317301 -1.050987991 0.2224098734 0.7699218083 nan nan
31 45851 1048 1047 1 0.6651838188 0.1427489369 0.1862978894 0.6909042495 0.5046063601 0.0948389445 0.7312966128 0.6364576683 -2.482297501 0.4784950718 0.5699540167 nan nan

K=32, phase=forward, parameter=w [deg]
cluster representative_source n_cluster n_valid n_missing median std p05 p95 width90 minimum maximum range skewness error95 error_max angle_origin_deg angle_resultant
0 144351 45542 45540 2 -21.20631334 85.66672028 -80.73618944 120.8290267 201.5652162 -149.7044637 123.8250126 273.5294763 0.06945324862 177.6822218 179.9999975 338.5131545 0.1073121445
1 23915 4584 4583 1 -0.4304511931 4.311938665 -6.191108956 7.971138001 14.16224696 -7.380502945 15.01403691 22.39453985 0.5765621677 8.339899749 15.38279865 307.1114042 0.9971721661
2 19832 1037 325 712 -10.5180868 64.06285777 -121.0078579 60.64628619 181.6541441 -178.6236844 172.7200222 351.3437066 -0.4600163855 nan nan 348.2353774 0.513617742
3 221195 4355 4355 0 21.32899103 55.73552691 -69.84367279 80.89731085 150.7409836 -119.5441498 119.7984598 239.3426096 -0.0709772014 141.0006293 179.9017783 16.26348033 0.5871810331
4 57501 12952 12952 0 -21.34650686 48.18812677 -35.43559492 90.94037976 126.3759747 -146.7231034 98.96701296 245.6901163 0.7045673335 120.3772075 128.4038407 323.8301478 0.6925083779
5 127305 3336 3336 0 57.98683393 79.76294857 -84.05838141 116.3076744 200.3660559 -84.25499499 125.8539691 210.1089641 0.05630985332 171.980791 179.9896191 340.8869742 0.2042619146
6 30062 489 489 0 -1.991128135 19.63548892 -23.61526104 37.06307899 60.67834003 -34.78633967 149.8424234 184.6287631 1.707639048 52.75770984 165.5370543 25.24028054 0.9465300986
7 8552 2732 2732 0 -3.068900002 12.7947204 -6.000164935 20.46438968 26.46455461 -6.400028425 71.3126961 77.71272452 3.807011223 25.49446741 76.34277383 298.2840621 0.976797039
8 36833 1166 1166 0 -4.395805937 24.44815638 -26.75061686 46.5438796 73.29449646 -145.0227688 151.0941172 296.116886 0.5941665177 59.25428142 157.8324447 298.8998868 0.923376334
9 175498 2918 2918 0 -4.008357315 18.61989546 -19.095085 35.34667801 54.44176301 -33.16477783 125.6763694 158.8411472 1.892688006 36.53539215 126.8650836 23.18936729 0.9512614089
10 9615 5112 5112 0 -1.712506195 13.58475714 -6.865738259 14.29602731 21.16176557 -86.35999449 157.9097977 244.2697922 7.15774746 17.09632242 160.6700399 300.1983247 0.9792955448
11 176287 17401 17401 0 -14.94918333 67.97366259 -33.66769479 134.9700151 168.6377098 -174.9627724 177.6231358 352.5859081 0.8444816144 164.8974654 179.9933548 307.9893244 0.4741387573
12 31323 1001 1001 0 -11.14929475 37.82529073 -16.22682058 85.23432069 101.4611413 -171.9830863 139.9069769 311.8900631 0.9681688163 100.8560719 158.6574122 308.4292223 0.8195426181
13 156237 2360 2360 0 1.810696829 82.99190019 -164.5703948 43.26114258 207.8315374 -170.2871954 120.3463894 290.6335848 -0.5215142234 166.0192502 171.7360508 255.1978647 0.2783664886
14 168732 13781 13781 0 -1.594306704 104.7582463 -178.0503239 178.046625 356.0969489 -179.9971808 179.9899517 359.9871325 0.04816638944 179.0367774 179.9990792 266.5367462 0.2301463371
15 71849 4669 4666 3 -3.173505978 14.53535817 -15.75180147 30.71029122 46.46209269 -38.86030219 100.0496959 138.9099981 1.529970614 35.75168859 105.0910933 310.4947484 0.9688843849
16 35338 1353 1349 4 23.99598698 70.27462843 -113.3503768 65.9560563 179.3064332 -178.1359033 174.6717252 352.8076285 -0.3830101497 157.073068 178.0181801 25.94742813 0.3988298536
17 49752 4091 4091 0 -0.7849859228 17.73393025 -18.54820062 21.00405911 39.55225973 -64.68091682 151.8128997 216.4938165 3.489677821 28.72494989 159.4220029 315.5954092 0.9604263799
18 125038 14730 14730 0 -3.639440727 12.93577888 -8.742987912 22.86120189 31.60418981 -174.9840421 176.9910885 351.9751306 3.277402143 27.99145179 177.9435976 266.6012864 0.9789615995
19 28151 1511 1511 0 -5.610432884 37.36031131 -40.44370674 82.48432977 122.9280365 -177.2221603 179.5614557 356.783616 1.022683233 97.2511908 179.7313903 333.5001248 0.8369802264
20 110896 1936 1936 0 -0.8795373598 19.08511141 -36.01925337 30.4950813 66.51433467 -41.19788845 163.7636643 204.9615527 1.479165485 36.23177671 167.1249092 335.5992514 0.9506377105
21 22279 837 837 0 -7.248928661 77.22100136 -30.65373306 151.9143714 182.5681045 -164.8220142 158.6703046 323.4923188 0.6809079403 160.5633944 167.3193276 302.7890718 0.378242906
22 66366 884 80 804 -13.92974149 32.35214512 -29.72638824 52.35609514 82.08248338 -32.3894421 53.81056663 86.20000873 0.8191542435 nan nan 238.9913861 0.8484329824
23 151127 3687 3687 0 -3.818401096 37.16221365 -30.54106061 93.18668147 123.7277421 -179.3641973 179.8230471 359.1872444 1.011171604 99.40723962 179.5557087 357.2515606 0.847878237
24 68757 1657 1657 0 -0.2961839037 10.59047641 -9.700364867 11.96697773 21.6673426 -68.05062173 90.42049605 158.4711178 0.1554272787 17.72560351 94.94717031 314.8685611 0.9839504789
25 117692 12103 12102 1 -4.436112393 40.10495308 -25.70793359 131.9833203 157.6912539 -179.3443748 179.9133564 359.2577312 2.631791253 142.7949462 179.7725385 284.0751356 0.8403299333
26 149482 7320 7319 1 -9.786818173 82.54542748 -174.726266 66.8206207 241.5468867 -179.9910478 179.9960147 359.9870625 -0.4864755148 165.479806 179.6239292 268.2519269 0.4657951703
27 167957 2 2 0 -2.842170943e-14 13.18302478 -11.8647223 11.8647223 23.72944461 -13.18302478 13.18302478 26.36604956 nan 25.04774708 26.36604956 358.3002191 0.9736465144
28 14797 923 923 0 8.211909214 48.29533967 -122.7949026 17.4120506 140.2069532 -178.3796898 179.3459343 357.7256241 -0.4363367158 149.5271517 179.7747905 86.0890376 0.7889155609
29 24197 3808 3808 0 -3.627317621 16.08206905 -12.45598895 35.6697774 48.12576635 -61.32386614 172.2171997 233.5410659 3.785175978 41.61363633 177.808688 305.5385471 0.9666347045
30 45752 14799 14796 3 -9.640135087 48.25588636 -13.00471415 122.2146827 135.2193969 -147.7042466 171.1019977 318.8062443 1.726557728 134.9958887 176.1167963 299.0110977 0.7407723372
31 45851 1048 1047 1 -7.842974907 24.99905972 -20.64103142 59.51837112 80.15940254 -69.04115579 119.9544586 188.9956144 1.695061764 70.75012848 131.186216 317.0321611 0.9136594219

K=36, STD=0.0117181581
n = trajectories per cluster; conditions overlap.
n = 1: clusters=0/36 (0.00%); trajectories=0/194124 (0.00%)
n < 10: clusters=1/36 (2.78%); trajectories=2/194124 (0.00%)
n < 100: clusters=1/36 (2.78%); trajectories=2/194124 (0.00%)

K=36, phase=backward, parameter=a [km]
cluster representative_source n_cluster n_valid n_missing median std p05 p95 width90 minimum maximum range skewness error95 error_max angle_origin_deg angle_resultant
0 144351 45608 0 45608 nan nan nan nan nan nan nan nan nan nan nan nan nan
1 22426 4437 4437 0 209631.7611 3279.479671 204457.9404 214438.8905 9980.950149 202759.8231 216408.4283 13648.60518 -0.08415735718 5642.929474 7311.167435 nan nan
2 23568 924 924 0 239189.0452 1736.932319 235633.0061 240797.7074 5164.701296 234680.5837 241125.0718 6444.488132 -0.5186685841 3640.510738 4592.933222 nan nan
3 167952 2151 0 2151 nan nan nan nan nan nan nan nan nan nan nan nan nan
4 57501 12856 12856 0 210574.0237 3623.955851 205195.5691 216558.0687 11362.49967 193076.8534 218538.0342 25461.18084 0.03509329577 6122.616196 18117.78915 nan nan
5 51611 1265 0 1265 nan nan nan nan nan nan nan nan nan nan nan nan nan
6 30062 484 484 0 239012.4375 2490.445431 233846.5092 241018.4885 7171.979348 225611.663 241085.7226 15474.05958 -1.03372995 4788.75991 13023.60606 nan nan
7 8156 2692 2692 0 214027.2958 5253.330383 205612.0891 222452.9825 16840.89333 204384.0732 227268.7839 22884.71068 0.02470703593 9055.108534 13651.14076 nan nan
8 36833 1049 1049 0 215584.3224 9316.888088 201889.3385 230842.1718 28952.83331 201557.3693 235537.6775 33980.30826 0.1270320343 15697.08964 20392.59535 nan nan
9 175498 2784 0 2784 nan nan nan nan nan nan nan nan nan nan nan nan nan
10 14141 8611 8611 0 222722.4235 4143.173617 215833.2106 229075.5031 13242.29253 214604.9342 235166.0842 20561.14993 -0.0444573522 7145.727335 12941.80322 nan nan
11 210090 3056 0 3056 nan nan nan nan nan nan nan nan nan nan nan nan nan
12 31322 1011 1011 0 223402.0824 5230.180619 215197.236 231230.254 16033.01791 213970.0286 236641.2536 22671.22502 0.0402857409 9753.50228 15164.5019 nan nan
13 156237 2361 0 2361 nan nan nan nan nan nan nan nan nan nan nan nan nan
14 169016 13583 0 13583 nan nan nan nan nan nan nan nan nan nan nan nan nan
15 43359 2169 2169 0 199355.6122 2212.824843 197057.0266 203763.7435 6706.716944 193076.1974 204479.9056 11403.70818 0.4297858332 5459.162705 6175.324801 nan nan
16 35110 1280 1280 0 233907.7758 3559.67749 232012.0787 236684.4657 4672.387026 196651.6886 240886.9993 44235.31063 -7.508327561 2980.417672 37437.04176 nan nan
17 46767 998 998 0 206108.6771 4184.139664 201304.2246 213686.0886 12381.86399 193064.5732 216862.9569 23798.38374 0.304041565 8955.561754 12123.46043 nan nan
18 125038 14677 0 14677 nan nan nan nan nan nan nan nan nan nan nan nan nan
19 28151 1463 1463 0 223346.6086 4950.177409 214235.7546 230330.1005 16094.34591 211742.4001 235305.5147 23563.11458 -0.2385463719 9027.512403 13646.32068 nan nan
20 109846 1878 1878 0 209336.3192 5964.026163 204637.0785 219787.7151 15150.63655 203312.5696 233637.4261 30324.85655 1.765365532 9624.085858 23473.79693 nan nan
21 22279 816 816 0 235517.989 3965.725955 226864.8609 236452.7355 9587.8746 193730.153 237006.9879 43276.83489 -5.541609398 8628.951925 41763.65985 nan nan
22 65627 754 754 0 230843.2172 4014.653886 222841.3803 234942.5468 12101.1665 209704.2418 236339.9388 26635.69696 -1.409056956 7791.348877 17793.55412 nan nan
23 153188 3577 0 3577 nan nan nan nan nan nan nan nan nan nan nan nan nan
24 68757 1651 1651 0 203457.9832 1174.970938 202073.2245 204422.117 2348.892565 193052.5207 205285.7742 12233.2535 -4.469499861 1376.683275 10384.65519 nan nan
25 167830 1819 0 1819 nan nan nan nan nan nan nan nan nan nan nan nan nan
26 148588 7200 0 7200 nan nan nan nan nan nan nan nan nan nan nan nan nan
27 167957 2 0 2 nan nan nan nan nan nan nan nan nan nan nan nan nan
28 14797 918 918 0 238456.1337 1309.797763 236408.2814 239883.9999 3475.718525 229129.6108 241117.2713 11987.66053 -1.588405796 2210.024974 9232.848693 nan nan
29 34556 459 459 0 212995.5697 9275.413223 202994.1121 231223.8698 28229.75775 201409.1485 235702.6984 34293.54986 0.4005524705 18630.30045 23109.12904 nan nan
30 45751 14092 14092 0 225643.0901 4870.322665 218015.2942 233022.061 15006.76678 212913.3141 237537.1806 24623.86651 -0.01298886794 9916.673076 14430.51022 nan nan
31 88569 2863 2863 0 198431.9183 2508.558552 195781.2184 203343.0542 7561.835848 193088.3021 204531.5637 11443.26164 0.3954113247 5845.308258 7033.817798 nan nan
32 176287 17501 0 17501 nan nan nan nan nan nan nan nan nan nan nan nan nan
33 117130 11951 0 11951 nan nan nan nan nan nan nan nan nan nan nan nan nan
34 72822 1214 1214 0 227629.4207 6669.255719 218135.8583 240080.2277 21944.36937 215679.6042 240975.8804 25296.27624 0.2331599181 13926.03278 14821.68553 nan nan
35 51108 3970 3970 0 200481.7123 1657.653783 198290.65 203769.303 5478.653044 193167.7014 204535.186 11367.48462 0.2953475451 4275.859095 6327.766148 nan nan

K=36, phase=backward, parameter=e [-]
cluster representative_source n_cluster n_valid n_missing median std p05 p95 width90 minimum maximum range skewness error95 error_max angle_origin_deg angle_resultant
0 144351 45608 0 45608 nan nan nan nan nan nan nan nan nan nan nan nan nan
1 22426 4437 4437 0 0.4473956777 0.02471867858 0.4108308735 0.4861714033 0.07534052983 0.3955290482 0.4987502492 0.1032212009 0.07085220089 0.04232831246 0.05462145445 nan nan
2 23568 924 924 0 0.1928642685 0.01905772395 0.173743316 0.2302050483 0.05646173223 0.1697173735 0.2390341306 0.06931675712 0.4401657111 0.03959681891 0.04842590131 nan nan
3 167952 2151 0 2151 nan nan nan nan nan nan nan nan nan nan nan nan nan
4 57501 12856 12856 0 0.4399966204 0.0275474135 0.394026327 0.4804292728 0.08640294581 0.3783457485 0.5703110008 0.1919652523 -0.05439068729 0.04641453482 0.1349910268 nan nan
5 51611 1265 0 1265 nan nan nan nan nan nan nan nan nan nan nan nan nan
6 30062 484 484 0 0.1944869262 0.02632819942 0.1709320397 0.2475177885 0.07658574881 0.1700108998 0.3206930717 0.1506821719 0.8339283953 0.04990302523 0.1230783084 nan nan
7 8156 2692 2692 0 0.4141894391 0.04038318077 0.3481258029 0.4775877678 0.1294619648 0.3066374234 0.4867764236 0.1801390002 -0.06186838301 0.06944116246 0.1106881875 nan nan
8 36833 1049 1049 0 0.4018451653 0.07345849984 0.2762696446 0.5051144618 0.2288448172 0.2316081199 0.5075841067 0.2759759867 -0.2098270563 0.128966472 0.1736279967 nan nan
9 175498 2784 0 2784 nan nan nan nan nan nan nan nan nan nan nan nan nan
10 14141 8611 8611 0 0.3456606308 0.03372191118 0.2922342813 0.4001110796 0.1078767983 0.237597162 0.4095666379 0.1719694759 -0.01289377933 0.05803940803 0.112096102 nan nan
11 210090 3056 0 3056 nan nan nan nan nan nan nan nan nan nan nan nan nan
12 31322 1011 1011 0 0.3397921268 0.04318739015 0.2726157963 0.404865014 0.1322492177 0.2227071244 0.4143196414 0.191612517 -0.1123440854 0.08280731879 0.1327159907 nan nan
13 156237 2361 0 2361 nan nan nan nan nan nan nan nan nan nan nan nan nan
14 169016 13583 0 13583 nan nan nan nan nan nan nan nan nan nan nan nan nan
15 43359 2169 2169 0 0.523981429 0.01636248417 0.4913882426 0.5409677387 0.04957949605 0.4856928452 0.570313305 0.08462045983 -0.4325638121 0.04039125804 0.04608665547 nan nan
16 35110 1280 1280 0 0.246991808 0.0297768198 0.2190835255 0.2645652296 0.0454817041 0.1732171762 0.5438525635 0.3706353873 6.685932416 0.02894941436 0.2987278895 nan nan
17 46767 998 998 0 0.4737020054 0.03145418136 0.4164875674 0.5094398307 0.09295226326 0.3913454111 0.5704147561 0.179069345 -0.3226993206 0.06756155252 0.09264398632 nan nan
18 125038 14677 0 14677 nan nan nan nan nan nan nan nan nan nan nan nan nan
19 28151 1463 1463 0 0.3398436546 0.04057316214 0.2809964819 0.412303822 0.13130734 0.2333426646 0.4313572139 0.1980145492 0.1561469983 0.07428839114 0.1206620998 nan nan
20 109846 1878 1878 0 0.4492729881 0.04717436183 0.3682772009 0.4846188973 0.1163416965 0.2490672735 0.4944114742 0.2453442007 -1.924393706 0.07461502064 0.193824948 nan nan
21 22279 816 816 0 0.2313813923 0.03384354189 0.221647502 0.3101580817 0.08851057969 0.2159397247 0.5654637168 0.3495239921 5.028349995 0.07850704635 0.3338126814 nan nan
22 65627 754 754 0 0.2756487499 0.03503597751 0.2370639118 0.34511426 0.1080503483 0.2257344318 0.4471993284 0.2214648966 1.209180458 0.06991970186 0.1424878253 nan nan
23 153188 3577 0 3577 nan nan nan nan nan nan nan nan nan nan nan nan nan
24 68757 1651 1651 0 0.4934523684 0.008729671217 0.4862465057 0.5037426262 0.01749612055 0.4796914982 0.5704977882 0.09080628997 4.436972361 0.01023813058 0.07689220556 nan nan
25 167830 1819 0 1819 nan nan nan nan nan nan nan nan nan nan nan nan nan
26 148588 7200 0 7200 nan nan nan nan nan nan nan nan nan nan nan nan nan
27 167957 2 0 2 nan nan nan nan nan nan nan nan nan nan nan nan nan
28 14797 918 918 0 0.2006624639 0.01387268963 0.1843511761 0.2222968538 0.03794567762 0.1699124926 0.291390064 0.1214775713 1.329854417 0.02483750955 0.08978221744 nan nan
29 34556 459 459 0 0.4217607755 0.07320151067 0.2725654987 0.4968240278 0.2242585291 0.2287229791 0.5086743537 0.2799513746 -0.4711882281 0.1522924284 0.196134948 nan nan
30 45751 14092 14092 0 0.3209388112 0.04112837536 0.2558552106 0.3827214177 0.1268662072 0.2096293158 0.4229543097 0.2133249939 -0.0583622826 0.08607880626 0.132304701 nan nan
31 88569 2863 2863 0 0.5307959894 0.01861625267 0.494243071 0.5503527019 0.05610963091 0.4852904289 0.5702432147 0.08495278586 -0.3985007633 0.04338127142 0.05233391353 nan nan
32 176287 17501 0 17501 nan nan nan nan nan nan nan nan nan nan nan nan nan
33 117130 11951 0 11951 nan nan nan nan nan nan nan nan nan nan nan nan nan
34 72822 1214 1214 0 0.3038852511 0.06004322257 0.1816658292 0.3813958167 0.1997299875 0.1714430126 0.4005991307 0.2291561181 -0.4108139445 0.134480018 0.1447028345 nan nan
35 51108 3970 3970 0 0.515585766 0.01227969039 0.4912811652 0.5318254086 0.0405442434 0.4852822681 0.5696656159 0.08438334781 -0.2977876427 0.03167824631 0.04672723506 nan nan

K=36, phase=backward, parameter=w [deg]
cluster representative_source n_cluster n_valid n_missing median std p05 p95 width90 minimum maximum range skewness error95 error_max angle_origin_deg angle_resultant
0 144351 45608 0 45608 nan nan nan nan nan nan nan nan nan nan nan nan nan
1 22426 4437 4437 0 -0.6098488787 4.782156887 -4.466009366 3.891983831 8.357993198 -5.182627023 23.6924346 28.87506163 3.005531703 5.610767414 25.41121818 186.7464223 0.9965435175
2 23568 924 924 0 3.193155101 14.47229375 -24.36239815 17.47541358 41.83781173 -26.49512787 18.63860641 45.13373428 -0.3750470277 34.37456012 36.50728984 195.0326073 0.968389115
3 167952 2151 0 2151 nan nan nan nan nan nan nan nan nan nan nan nan nan
4 57501 12856 12856 0 -0.09112909616 4.84696507 -7.238365134 7.97702661 15.21539174 -29.13816705 13.65674106 42.79490812 -0.08475166971 9.834659294 27.3619126 200.0123606 0.9964303697
5 51611 1265 0 1265 nan nan nan nan nan nan nan nan nan nan nan nan nan
6 30062 484 484 0 4.888424658 15.116486 -28.14764152 16.49071069 44.63835221 -32.31169761 17.86146699 50.17316461 -0.6324452674 38.03856044 42.20261653 199.2695476 0.9656051819
7 8156 2692 2692 0 -0.6524048719 4.440153043 -2.478852082 1.293307262 3.772159344 -2.917318265 35.58291799 38.50023625 5.708171026 2.179247943 36.46885867 181.0940801 0.9970557225
8 36833 1049 1049 0 -0.4770838151 4.989091293 -4.084676304 10.20928016 14.29395646 -26.0106367 21.67684865 47.68748535 0.7418977802 13.32467978 24.41410834 194.9866783 0.9962357594
9 175498 2784 0 2784 nan nan nan nan nan nan nan nan nan nan nan nan nan
10 14141 8611 8611 0 0.1293516336 3.384202654 -5.520166672 5.29296133 10.813128 -19.90413087 6.979682473 26.88381335 -0.1051176303 5.836127123 19.70890833 187.9858007 0.9982567502
11 210090 3056 0 3056 nan nan nan nan nan nan nan nan nan nan nan nan nan
12 31322 1011 1011 0 -1.684033246 9.725107118 -5.082130115 20.0845386 25.16666872 -29.92104577 20.50520042 50.42624619 0.1702245269 21.97109853 28.3836 196.8347541 0.9857808186
13 156237 2361 0 2361 nan nan nan nan nan nan nan nan nan nan nan nan nan
14 169016 13583 0 13583 nan nan nan nan nan nan nan nan nan nan nan nan nan
15 43359 2169 2169 0 -1.898401424 5.74701978 -6.352127232 12.40215603 18.75428326 -7.563852283 17.04752473 24.61137701 1.044625453 14.1156244 18.7609931 186.9080889 0.9949832466
16 35110 1280 1280 0 0.1968483608 3.846823016 -6.773667314 6.941255657 13.71492297 -36.58941657 9.776100997 46.36551756 -1.607239579 8.46142341 37.30386606 206.8848681 0.9977591888
17 46767 998 998 0 -3.249203612 6.610917425 -4.635756233 15.6500018 20.28575804 -20.78078949 19.55298013 40.33376962 1.450090894 19.89878826 23.80176659 194.5032716 0.9933739763
18 125038 14677 0 14677 nan nan nan nan nan nan nan nan nan nan nan nan nan
19 28151 1463 1463 0 -5.728794635 10.78191936 -9.737799646 16.42068122 26.15848087 -33.52252107 16.75935343 50.2818745 0.5223820006 22.9401832 27.04927359 200.4815675 0.9824028645
20 109846 1878 1878 0 3.714567173 10.77050453 -24.41523056 11.05850944 35.47374 -25.50673663 13.10730207 38.6140387 -1.048898658 29.97928872 31.0707948 203.9732486 0.9824780005
21 22279 816 816 0 -0.5055953165 4.846457815 -6.229624441 11.75929687 17.98892131 -31.09518889 14.1943904 45.28957929 0.807378095 13.46475897 29.40937672 202.5716135 0.9964359018
22 65627 754 754 0 11.22584484 20.04876607 -36.17633626 12.14013347 48.31646972 -36.38998259 12.3470658 48.73704839 -1.148374675 48.19144202 48.40508835 203.4452489 0.9402698903
23 153188 3577 0 3577 nan nan nan nan nan nan nan nan nan nan nan nan nan
24 68757 1651 1651 0 0.01068806667 3.18085665 -3.90072666 4.567561974 8.468288634 -22.46155719 6.751208727 29.21276591 -1.806266423 6.044411893 21.2368351 196.2602885 0.9984642457
25 167830 1819 0 1819 nan nan nan nan nan nan nan nan nan nan nan nan nan
26 148588 7200 0 7200 nan nan nan nan nan nan nan nan nan nan nan nan nan
27 167957 2 0 2 nan nan nan nan nan nan nan nan nan nan nan nan nan
28 14797 918 918 0 2.424270702 8.584175609 -16.80466959 10.66399381 27.4686634 -28.28649247 18.69294442 46.97943689 -0.9525564097 18.82419807 30.30602094 195.6306499 0.9888607896
29 34556 459 459 0 -3.040135871 9.179257246 -8.074968499 18.46585958 26.54082808 -30.55439117 19.00263582 49.55702699 0.5119459594 25.27740097 25.81417721 197.7267164 0.9872542656
30 45751 14092 14092 0 -0.0211737921 4.445830373 -6.639873232 6.847925539 13.48779877 -35.85049068 14.42872516 50.27921583 -0.5273372246 7.433578878 35.74533908 203.1431767 0.996998795
31 88569 2863 2863 0 -0.04983459168 6.21161089 -10.48372701 9.799657558 20.28338457 -13.35210242 12.22666519 25.57876761 -0.07810284793 11.43046101 14.29883642 193.0164322 0.9941353739
32 176287 17501 0 17501 nan nan nan nan nan nan nan nan nan nan nan nan nan
33 117130 11951 0 11951 nan nan nan nan nan nan nan nan nan nan nan nan nan
34 72822 1214 1214 0 4.862561646 12.74345402 -39.81813477 7.161766938 46.97990171 -42.19974221 7.43335472 49.63309692 -2.377159179 46.81941406 49.2010215 209.1835342 0.9760227514
35 51108 3970 3970 0 -1.032714976 4.905825986 -6.484254837 9.721833113 16.20608795 -15.28088101 13.15039918 28.43128019 0.6509610518 12.19488917 15.62241786 190.6884576 0.9963403709

K=36, phase=forward, parameter=a [km]
cluster representative_source n_cluster n_valid n_missing median std p05 p95 width90 minimum maximum range skewness error95 error_max angle_origin_deg angle_resultant
0 144351 45608 45606 2 193386.241 88570.93803 188131.8933 364521.5159 176389.6226 187998.576 4480813.766 4292815.19 6.852186406 175528.8577 4291821.108 nan nan
1 22426 4437 4437 0 204540.1569 6580.34424 198413.6421 218041.9278 19628.28566 197703.0841 219669.6919 21966.60781 0.5078031783 10766.63203 12394.3961 nan nan
2 23568 924 105 819 254022.7348 2113395.657 188450.8545 991305.9807 802855.1262 188375.8048 18789119.65 18600743.85 6.949801879 nan nan nan nan
3 167952 2151 2151 0 227722.9161 350264.1979 207177.6318 278322.9313 71145.29953 188577.4119 16453922.65 16265345.24 46.18070863 47240.34722 16222840.07 nan nan
4 57501 12856 12856 0 198328.9253 31229.58417 188764.3815 258537.7013 69773.31983 188402.7716 519281.0089 330878.2372 4.609647141 63211.23503 323954.5426 nan nan
5 51611 1265 1265 0 1350310.142 913037.1988 200863.2869 3162531.029 2961667.742 197260.9786 4679542.026 4482281.047 0.6644294198 2345276.367 2348878.676 nan nan
6 30062 484 484 0 214088.6583 9806.115111 201023.5993 230295.8053 29272.20599 190129.8758 239637.9267 49508.05089 0.1406423663 16435.73196 27209.65809 nan nan
7 8156 2692 2692 0 222347.9142 4331.042773 218136.7082 226535.7434 8399.035165 200496.666 290687.8457 90191.17974 -0.1577901931 5425.214377 67756.87359 nan nan
8 36833 1049 1049 0 209387.5412 14775.46022 206939.6699 213222.0854 6282.415464 202643.5048 342290.1338 139646.6291 7.247978638 3891.444935 132927.7881 nan nan
9 175498 2784 2784 0 236483.1695 1094419.157 227990.2954 240748.9788 12758.68341 204934.3944 21659266.51 21454332.12 15.11213229 13328.45157 21418864.46 nan nan
10 14141 8611 8610 1 203724.4032 7082.980574 196303.4321 217167.5553 20864.12329 195345.8198 280584.762 85238.94227 0.8642591412 11493.63508 74910.84178 nan nan
11 210090 3056 3056 0 216058.1738 324886.6281 189579.3699 989007.9428 799428.573 188318.3353 1139139.376 950821.0407 0.6179433656 570626.9831 571888.0177 nan nan
12 31322 1011 1011 0 210012.1067 15499.34172 209580.9785 240977.9201 31396.94167 207676.2372 342072.9036 134396.6664 3.29140012 31165.29569 132260.2792 nan nan
13 156237 2361 2361 0 194718.429 91566.66979 188285.2053 278504.942 90219.73663 188188.9864 3928762.039 3740573.052 29.30896091 89085.41159 3739342.508 nan nan
14 169016 13583 13583 0 193907.0274 140683.0975 188679.3215 231813.9159 43134.59439 188339.4372 7921254.632 7732915.195 47.67148255 39422.26803 7728862.984 nan nan
15 43359 2169 2169 0 220515.1571 5655.470198 209293.4914 227420.8378 18127.34636 202188.8047 290122.6827 87933.87809 0.372986273 11330.66953 69866.58977 nan nan
16 35110 1280 1278 2 218383.2909 433462.3259 189579.9409 1261233.892 1071653.951 189245.1579 3634819.281 3445574.123 2.378750276 610821.3487 2984406.738 nan nan
17 46767 998 997 1 209440.8934 11302.28569 208265.4505 234326.6834 26061.23293 206187.6341 290545.4692 84357.83506 4.39491975 24998.87743 81217.66316 nan nan
18 125038 14677 14677 0 201588.976 71888.8642 190053.0888 207750.6082 17697.51938 188458.069 5879060.796 5690602.727 59.15538066 11227.11746 5677853.259 nan nan
19 28151 1463 1463 0 214007.8344 11342.6354 200684.1283 236312.9433 35628.81505 189478.0538 291060.468 101582.4142 0.6998999367 22891.25026 74203.69944 nan nan
20 109846 1878 1878 0 215937.4586 8919.496072 202560.3494 229592.9988 27032.64942 200515.153 240591.3772 40076.22421 0.1640187726 14564.01168 25490.62951 nan nan
21 22279 816 816 0 349857.3246 131084.021 192705.008 568024.9623 375319.9542 189482.7134 870325.3669 680842.6535 0.8270463513 363809.6882 666110.0928 nan nan
22 65627 754 66 688 277888.6905 31037.20963 209499.9239 284818.3901 75318.46619 208958.4106 286748.0602 77789.64968 -1.017572254 nan nan nan nan
23 153188 3577 3577 0 196593.8934 230964.993 188350.7103 292485.7052 104134.9949 188188.6076 9903671.596 9715482.989 36.88387113 101510.0494 9712695.94 nan nan
24 68757 1651 1651 0 202117.3283 12252.11377 193968.4286 206863.8346 12895.40592 191900.3895 291166.9449 99266.55542 5.95821894 7446.105161 90848.35833 nan nan
25 167830 1819 1819 0 195534.5038 720193.2869 188440.3389 358580.331 170139.9921 188330.2529 8775147.526 8586817.273 8.182129924 170169.9686 8586737.164 nan nan
26 148588 7200 7199 1 196829.5955 178099.8284 188407.235 285209.9192 96802.68422 188239.9341 5805939.396 5617699.462 18.21916157 93884.76669 5614614.243 nan nan
27 167957 2 2 0 206129.3612 512.6989975 205667.9321 206590.7903 922.8581956 205616.6622 206642.0602 1025.397995 nan 974.1280953 1025.397995 nan nan
28 14797 918 918 0 653370.1089 793386.049 204370.8966 2160127.417 1955756.52 189465.639 8837569.013 8648103.374 3.646639789 1479107.643 8156549.239 nan nan
29 34556 459 459 0 210428.9282 16048.27541 207953.8337 240193.8296 32239.99598 206005.9538 290701.7456 84695.79177 2.583243048 29578.31408 80086.23003 nan nan
30 45751 14092 14090 2 208213.4946 95033.20167 189457.4411 230782.7407 41325.29961 188863.8067 1894268.983 1705405.176 9.288732136 24650.34761 1688136.59 nan nan
31 88569 2863 2860 3 225138.9705 6470.663939 211739.6876 230344.5735 18604.88584 205904.3071 290425.8947 84521.58757 1.207770624 13709.68494 65813.5999 nan nan
32 176287 17501 17501 0 202551.546 812023.9809 189247.2697 255805.0526 66557.78287 188430.0851 76282242.54 76093812.45 62.5302192 52417.46734 76078854.95 nan nan
33 117130 11951 11950 1 211396.6405 137957.8994 192007.3041 236100.5976 44093.29352 188218.9593 5951144.654 5762925.694 30.26857155 24541.20982 5738382.344 nan nan
34 72822 1214 1202 12 202898.5201 483199.4642 188751.0688 1087733.54 898982.4711 188375.5304 7296020.845 7107645.315 6.999570846 896357.4092 7104644.714 nan nan
35 51108 3970 3970 0 206108.8351 7516.796666 199874.3066 216619.5027 16745.19612 199228.2887 290667.2668 91438.97806 4.524978739 9347.108807 83394.87288 nan nan

K=36, phase=forward, parameter=e [-]
cluster representative_source n_cluster n_valid n_missing median std p05 p95 width90 minimum maximum range skewness error95 error_max angle_origin_deg angle_resultant
0 144351 45608 45606 2 0.9293881747 0.2335349538 0.2385906496 0.9992971695 0.7607065199 3.774545329e-05 1 0.9999622545 -1.943548306 0.7381050454 0.9766579495 nan nan
1 22426 4437 4437 0 0.4853430076 0.0494830242 0.3829562699 0.5309104546 0.1479541847 0.3702257677 0.5361603402 0.1659345725 -0.5260502233 0.08220055905 0.09493106124 nan nan
2 23568 924 105 819 0.5795410887 0.2405003446 0.3771305002 0.9991190222 0.6219885221 0.3615873894 0.9999986823 0.638411293 0.2203880594 nan nan nan nan
3 167952 2151 2151 0 0.5929572501 0.2401362118 0.1240807315 0.7438179708 0.6197372393 0.09023827666 0.9998966324 0.9096583557 -0.05241104784 0.4679356156 0.7240142772 nan nan
4 57501 12856 12856 0 0.8699784342 0.1765382161 0.4761584926 0.9982906468 0.5221321542 1.887149263e-05 0.9999999977 0.9999811262 -2.254755471 0.4241994676 0.9003390887 nan nan
5 51611 1265 1265 0 0.7542033735 0.08574599459 0.5931027725 0.8621849262 0.2690821537 0.5052535179 0.906897413 0.4016438951 -0.2562493508 0.2349449634 0.322794218 nan nan
6 30062 484 484 0 0.4134244356 0.1036112723 0.2812495605 0.5128253878 0.2315758273 0.1894484677 0.9882747201 0.7988262524 1.866873842 0.1252143958 0.600028837 nan nan
7 8156 2692 2692 0 0.3488717632 0.0337910491 0.3142386808 0.3824542707 0.06821558991 0.09457712793 0.6366377307 0.5420606028 1.337715282 0.04329186015 0.2925300932 nan nan
8 36833 1049 1049 0 0.6788535897 0.08829101938 0.6324284344 0.7157538005 0.08332536608 0.06891838147 0.8399006845 0.7709823031 -5.624858808 0.0473191335 0.6099352082 nan nan
9 175498 2784 2784 0 0.2219939556 0.07987745841 0.1747272146 0.3024129751 0.1276857605 0.09280181753 0.9799570657 0.8871552482 5.533926057 0.124522152 0.8020662426 nan nan
10 14141 8611 8610 1 0.4916686261 0.05245620317 0.3899575836 0.5465480733 0.1565904897 0.1162355997 0.6971690835 0.5809334838 -0.557942232 0.08727815737 0.3609494201 nan nan
11 210090 3056 3056 0 0.6411492096 0.2151658151 0.3855336222 0.9911365617 0.6056029395 0.006136354059 0.9999999862 0.9938636321 -0.1167131271 0.5970172674 0.6058806919 nan nan
12 31322 1011 1011 0 0.6428460467 0.1732043655 0.1714212722 0.6630440115 0.4916227393 0.07522005048 0.7010822006 0.6258621501 -1.435211783 0.4783004129 0.5745016346 nan nan
13 156237 2361 2361 0 0.9084953571 0.1862096222 0.3956364098 0.9988799911 0.6032435814 0.001314468504 0.9999999847 0.9986855162 -2.502186 0.5775453401 0.9718672814 nan nan
14 169016 13583 13583 0 0.9347889084 0.1520373573 0.6021196854 0.999495644 0.3973759587 0.07995581711 0.9999999981 0.920044181 -2.79311211 0.3408710783 0.8630349466 nan nan
15 43359 2169 2169 0 0.3633195548 0.04715026651 0.3066194122 0.4496643591 0.1430449468 0.09560699903 0.70083585 0.6052288509 1.263046134 0.08731497352 0.3354674392 nan nan
16 35110 1280 1278 2 0.7336654985 0.2252006599 0.3158480353 0.9960360794 0.6801880441 0.0714927134 0.999999759 0.9285070456 -0.670255082 0.6030768297 0.6070405092 nan nan
17 46767 998 997 1 0.6651704486 0.1435059683 0.2423908281 0.6907495397 0.4483587116 0.0948389445 0.7287331323 0.6338941878 -2.364329527 0.4245259127 0.5720777963 nan nan
18 125038 14677 14677 0 0.8112959844 0.07870299134 0.7267551939 0.9697506766 0.2429954827 0.2833096679 0.9988950289 0.715585361 0.2433347835 0.1520737523 0.5353937964 nan nan
19 28151 1463 1463 0 0.4140514616 0.1759274456 0.2224554121 0.822289913 0.5998345009 0.09428293306 0.9999965192 0.9057135861 1.121383398 0.4308912835 0.6085978897 nan nan
20 109846 1878 1878 0 0.3991758542 0.08894846053 0.2873077023 0.5129620741 0.2256543718 0.1753152589 0.7038176037 0.5285023448 0.7860841863 0.1902328352 0.2981665022 nan nan
21 22279 816 816 0 0.287084058 0.385536437 0.01451885725 0.9567461971 0.9422273398 0.0006053674971 0.9999353848 0.9993300174 0.1835998708 0.8122483717 0.8261618614 nan nan
22 65627 754 66 688 0.125456886 0.2458610501 0.1075848614 0.685705866 0.5781210047 0.1030813481 0.692508506 0.5894271578 1.043742094 nan nan nan nan
23 153188 3577 3577 0 0.8780067926 0.2003094518 0.3096980706 0.9980048455 0.6883067749 0.004732944403 0.9999999967 0.9952670523 -2.338207885 0.6390449628 0.944010089 nan nan
24 68757 1651 1651 0 0.7971265083 0.1175473615 0.7189675985 0.9125785017 0.1936109032 0.09393560652 0.9416817914 0.8477461849 -4.061121717 0.1109959101 0.7298248435 nan nan
25 167830 1819 1819 0 0.9056520889 0.2149788776 0.2701106902 0.9989395781 0.7288288879 0.0001671890931 0.9999999262 0.9998327371 -2.123928806 0.7256243042 0.9955678053 nan nan
26 148588 7200 7199 1 0.8751450392 0.1724043528 0.449095393 0.9979687113 0.5488733183 0.0005999373988 0.9999999761 0.9994000387 -2.545577098 0.4961545449 0.9446500005 nan nan
27 167957 2 2 0 0.7303968877 0.006826872716 0.7242527023 0.7365410732 0.01228837089 0.723570015 0.7372237604 0.01365374543 nan 0.01297105816 0.01365374543 nan nan
28 14797 918 918 0 0.6009566266 0.2233470901 0.1764176685 0.903544133 0.7271264645 0.07425558741 0.9998594752 0.9256038878 -0.247944553 0.4775583289 0.5738736711 nan nan
29 34556 459 459 0 0.6447119239 0.1914843464 0.1824039083 0.6960035138 0.5135996055 0.09456188752 0.7312966128 0.6367347252 -1.279616306 0.4549386281 0.542780649 nan nan
30 45751 14092 14090 2 0.7610955801 0.1560216972 0.5962020514 0.9954682852 0.3992662338 0.04519834317 0.9999999998 0.9548016566 -0.9882276944 0.2200405801 0.7343837809 nan nan
31 88569 2863 2860 3 0.3255174498 0.06711734073 0.2808990433 0.4309086198 0.1500095765 0.09506332243 0.726945815 0.6318824926 2.732392599 0.1092279122 0.3969890816 nan nan
32 176287 17501 17501 0 0.8393476353 0.1753269151 0.5011596694 0.9977684032 0.4966087338 0.002972835345 0.9999999976 0.9970271622 -1.568005122 0.3149499787 0.8131368127 nan nan
33 117130 11951 11950 1 0.6914954755 0.1376330226 0.5840996378 0.9465689276 0.3624692898 0.0007192626071 0.9999997581 0.9992804955 -1.629336536 0.3034126834 0.6899823048 nan nan
34 72822 1214 1202 12 0.8020802625 0.2527219755 0.1831007428 0.9956440336 0.8125432908 0.007668268694 0.9999999988 0.9923317301 -0.8825496878 0.7641825176 0.9396149917 nan nan
35 51108 3970 3970 0 0.4767476871 0.05599888052 0.3939681141 0.5213429309 0.1273748168 0.09462640143 0.7006735322 0.6060471308 -1.249964403 0.07769960009 0.370501238 nan nan

K=36, phase=forward, parameter=w [deg]
cluster representative_source n_cluster n_valid n_missing median std p05 p95 width90 minimum maximum range skewness error95 error_max angle_origin_deg angle_resultant
0 144351 45608 45606 2 -20.87581362 85.61279638 -80.73340785 120.8264647 201.5598726 -150.6328208 123.8275454 274.4603662 0.07023014046 177.6810424 179.9999975 338.5106217 0.108540834
1 22426 4437 4437 0 -2.08315956 11.29539994 -11.67063774 15.66360889 27.33424663 -12.31886792 48.11695442 60.43582234 1.899709586 21.01607778 53.46942332 304.6310199 0.98104163
2 23568 924 105 819 19.16882006 56.2024901 -64.99153549 115.0335986 180.0251341 -74.74147311 127.0433406 201.7848137 0.5173362855 nan nan 284.9159093 0.6040862005
3 167952 2151 2151 0 7.730842994 54.53183435 -76.98720035 74.09929093 151.0864913 -84.20745223 111.8800606 196.0875129 -0.07776310404 153.9902092 161.2104611 24.1818795 0.5969720355
4 57501 12856 12856 0 -21.0863412 48.33016386 -34.85964088 91.65681868 126.5164596 -142.9285833 99.64910028 242.5776835 0.7332475078 120.4115591 128.4038407 323.1480605 0.6911858873
5 51611 1265 1265 0 5.077611959 59.27547398 -133.1285525 41.11898358 174.247536 -141.8722239 55.9345997 197.8068236 -1.188547623 164.4482046 173.191876 41.71458778 0.6064286963
6 30062 484 484 0 -1.956358846 19.52087821 -23.28595261 37.07701811 60.36297072 -34.58189202 149.621106 184.202998 1.756339375 52.99296639 165.5370543 25.46159796 0.94719655
7 8156 2692 2692 0 -2.153343726 9.785281245 -4.959576228 5.660276376 10.6198526 -5.082237956 72.35760168 77.43983963 4.831402363 9.653423355 76.35074866 297.2391565 0.9864021507
8 36833 1049 1049 0 -4.960113038 15.91514095 -9.298270873 37.38535252 46.68362339 -71.24492773 80.21447692 151.4594047 1.199796499 48.33884808 87.76717399 299.7142564 0.9633852346
9 175498 2784 2784 0 -3.172959973 16.67841598 -17.4956015 29.74734082 47.24294232 -31.47026109 127.3708862 158.8411472 2.203696475 29.32942633 126.8650836 21.49485055 0.9612358121
10 14141 8611 8610 1 -0.7130706674 6.926079091 -8.927837177 11.37351712 20.3013543 -10.56473269 115.3654316 125.9301643 3.262945942 15.5449164 119.5368309 303.3118576 0.9930643863
11 210090 3056 3056 0 37.1524406 59.02322823 -105.1532667 83.21787351 188.3711403 -106.1343693 123.5479765 229.6823458 -0.2880806402 149.0320403 150.0131429 2.776134397 0.5485260275
12 31322 1011 1011 0 -12.59404011 37.39878243 -17.58131254 81.51044187 99.09175441 -152.7303049 138.4069915 291.1372963 0.8827815677 98.70353088 153.5133497 309.9292076 0.8191829226
13 156237 2361 2361 0 1.728494793 83.0127154 -164.6539131 43.35377942 208.0076925 -170.3712478 120.262337 290.6335848 -0.5214120899 166.018716 171.7360508 255.2819172 0.2783613198
14 169016 13583 13583 0 -1.673203568 105.0862093 -178.065366 178.0626599 356.1280259 -179.9942637 179.9987401 359.9930038 0.04009827674 179.024544 179.9996462 266.8657492 0.2390063273
15 43359 2169 2169 0 -4.418429989 11.53144727 -9.459875866 25.22388935 34.68376521 -31.63481689 61.90005649 93.53487338 1.965453619 30.51928151 67.19544866 303.2692631 0.9802322935
16 35110 1280 1278 2 24.16495538 71.79232568 -113.6806991 65.92530594 179.606005 -178.2285157 167.9351626 346.1636783 -0.3487912828 159.4329134 179.7442873 26.04004049 0.3650241049
17 46767 998 997 1 -8.130346504 24.18711675 -20.55985538 57.7843619 78.34421728 -69.21267288 95.99096494 165.2036378 1.522516569 68.82298924 107.0295923 317.2036782 0.9175614147
18 125038 14677 14677 0 -3.60481303 12.000653 -8.648432448 22.50976242 31.15819487 -171.4527658 177.0666318 348.5193975 3.760078029 27.52041319 177.9435976 266.5257431 0.9809170099
19 28151 1463 1463 0 -5.750363902 36.31713179 -40.90294875 82.11150199 123.0144507 -177.7796864 179.0039295 356.783616 1.140544182 96.68083503 179.7313903 334.057651 0.8432657041
20 109846 1878 1878 0 -0.01727069947 18.85793252 -37.59109685 29.78456865 67.3756655 -41.11903224 163.8425205 204.9615527 0.3285117441 37.66977449 164.4459172 335.5203952 0.9490706518
21 22279 816 816 0 -4.396057437 78.00607004 -27.61938571 154.9678116 182.5871973 -161.7766503 161.7156685 323.4923188 0.6977141376 160.5714706 167.3193276 299.7437079 0.3766610665
22 65627 754 66 688 -13.12776473 31.27162359 -28.05259518 51.90486007 79.95745525 -29.926888 52.83587616 82.76276417 0.8952630829 nan nan 238.8446943 0.8584224672
23 153188 3577 3577 0 -3.5668346 36.07199285 -29.8098752 88.77742566 118.5873009 -179.198224 179.9890204 359.1872444 1.066593999 94.98964167 178.7959108 357.0855873 0.8575279178
24 68757 1651 1651 0 -0.288689598 10.46084697 -9.637897144 11.96767046 21.6055676 -67.9948524 90.47626538 158.4711178 0.09394861271 17.54064212 94.94717031 314.8127918 0.9843504642
25 167830 1819 1819 0 8.089552352 86.12275633 -161.3289311 54.01432534 215.3432565 -165.1212408 154.7202566 319.8414974 -0.3073160931 170.7010299 174.4933396 248.899075 0.2168332448
26 148588 7200 7199 1 -9.026204072 80.03203036 -174.4550913 53.56413814 228.0192294 -179.99189 179.9832225 359.9751126 -0.6490002089 165.5881785 179.5593365 267.2747596 0.4812383146
27 167957 2 2 0 -2.842170943e-14 13.18302478 -11.8647223 11.8647223 23.72944461 -13.18302478 13.18302478 26.36604956 nan 25.04774708 26.36604956 358.3002191 0.9736465144
28 14797 918 918 0 8.162300498 47.14921058 -133.141304 16.70920955 149.8505135 -178.4275233 179.2981008 357.7256241 -0.6364935497 149.7577964 179.7747905 86.13687108 0.7968196717
29 34556 459 459 0 -8.893223035 55.35522325 -41.28565237 106.1474609 147.4331132 -123.4855599 167.7481259 291.2336858 0.817751058 138.863671 179.1291598 333.4321698 0.6261777534
30 45751 14092 14090 2 -7.926278519 46.95776088 -11.15341024 124.2039133 135.3573235 -80.5869764 154.3533311 234.9403075 1.983790336 135.1207167 165.2701345 297.1930136 0.761717043
31 88569 2863 2860 3 -2.867400074 14.52228483 -15.68726557 30.66104704 46.34831261 -47.67996873 94.02093429 141.700903 1.574662351 36.53181135 99.88412436 316.52351 0.9689566945
32 176287 17501 17501 0 -14.9738011 68.17979453 -33.76898107 135.1009018 168.8698828 -175.0824386 177.5034695 352.5859081 0.8373360269 165.1274794 179.9933548 308.1089907 0.4709112065
33 117130 11951 11950 1 -4.253781429 38.57265909 -25.30050765 130.966414 156.2669217 -178.9774515 178.8412275 357.8186789 2.746778208 141.4484425 179.7260165 283.7082123 0.8520573093
34 72822 1214 1202 12 0.3955812199 60.18325588 -131.4417767 54.53007923 185.971856 -179.7678398 179.1543873 358.9222271 -0.5759096909 142.6637835 176.7625167 357.9526571 0.6117540414
35 51108 3970 3970 0 -0.6176481867 15.63261826 -18.0841641 20.57367581 38.65783991 -62.71542043 148.1997616 210.9151821 3.07750113 26.82300575 154.3926579 315.6496384 0.9677135613

K=41, STD=0.01140843192
n = trajectories per cluster; conditions overlap.
n = 1: clusters=0/41 (0.00%); trajectories=0/194124 (0.00%)
n < 10: clusters=1/41 (2.44%); trajectories=2/194124 (0.00%)
n < 100: clusters=1/41 (2.44%); trajectories=2/194124 (0.00%)

K=41, phase=backward, parameter=a [km]
cluster representative_source n_cluster n_valid n_missing median std p05 p95 width90 minimum maximum range skewness error95 error_max angle_origin_deg angle_resultant
0 144351 45608 0 45608 nan nan nan nan nan nan nan nan nan nan nan nan nan
1 22426 4427 4427 0 209614.3735 3275.613772 204456.0675 214433.5067 9977.43921 202759.8231 216408.4283 13648.60518 -0.08385828308 5642.054989 7311.167435 nan nan
2 24011 832 832 0 238948.2836 1773.50513 235508.7702 240775.1642 5266.393972 234826.5462 240887.1301 6060.583874 -0.4141080005 3671.05397 4353.277936 nan nan
3 167952 2141 0 2141 nan nan nan nan nan nan nan nan nan nan nan nan nan
4 48782 6034 6034 0 210921.4954 4062.654346 204971.1086 217544.7171 12573.60843 204471.9973 219270.4558 14798.45852 0.09838892901 6866.575621 7517.348617 nan nan
5 51611 1255 0 1255 nan nan nan nan nan nan nan nan nan nan nan nan nan
6 35310 324 324 0 237430.1085 5047.474683 225211.2287 241027.4922 15816.26347 221252.7269 241085.7226 19832.99575 -0.9991413122 12422.84218 16381.34403 nan nan
7 28151 1477 1477 0 223208.947 4864.043887 214140.0853 230162.9201 16022.83487 210871.0534 232773.9144 21902.861 -0.310426994 9017.439475 11114.72045 nan nan
8 40315 899 899 0 211450.4889 7649.213345 201752.0204 224639.1193 22887.0989 193116.9663 228741.806 35624.83977 0.1901912152 14789.30205 18803.58901 nan nan
9 175498 2764 0 2764 nan nan nan nan nan nan nan nan nan nan nan nan nan
10 14141 8568 8568 0 222728.721 4139.610662 215830.9101 229066.8716 13235.96149 214604.9342 231002.7232 16397.78898 -0.05056426059 7145.315888 8778.442274 nan nan
11 210090 3039 0 3039 nan nan nan nan nan nan nan nan nan nan nan nan nan
12 31323 851 851 0 223104.326 5239.636461 214427.9685 230858.569 16430.60045 211654.7017 236243.055 24588.35335 -0.09380034729 9582.670001 14941.26123 nan nan
13 156237 2361 0 2361 nan nan nan nan nan nan nan nan nan nan nan nan nan
14 165903 8837 0 8837 nan nan nan nan nan nan nan nan nan nan nan nan nan
15 43359 2143 2143 0 199311.2082 2188.660069 197050.0255 203720.0638 6670.038321 193076.1974 204439.709 11363.51161 0.4495704163 5415.483009 6135.128227 nan nan
16 50026 1254 1254 0 229058.3529 4265.254635 220560.3143 234911.5114 14351.19716 213489.1343 235537.6775 22048.5432 -0.4087173805 9252.053674 16323.23362 nan nan
17 61172 452 452 0 201816.0505 1531.096272 201056.1728 204304.5179 3248.345166 193064.5732 208778.8647 15714.29156 -0.9747770579 2781.411156 8562.803952 nan nan
18 120454 12566 0 12566 nan nan nan nan nan nan nan nan nan nan nan nan nan
19 32794 303 303 0 238361.1117 2426.523676 233721.5469 240988.9406 7267.393755 232642.0481 241041.6789 8399.630838 -0.3818685814 4348.928301 5428.427097 nan nan
20 110558 1907 1907 0 208476.0279 5732.687871 204365.197 218941.6196 14576.42265 202591.0563 232899.4332 30308.37691 1.813697186 10621.23062 24579.04422 nan nan
21 22279 803 803 0 235527.9731 2813.316458 228792.5347 236457.9883 7665.453634 210930.0619 237006.9879 26076.92601 -3.819706657 6701.278169 24563.75098 nan nan
22 65627 743 743 0 230768.2312 3812.757051 223272.7802 234819.4061 11546.62587 210622.9716 236067.3488 25444.37722 -1.264393769 7606.162853 16874.82434 nan nan
23 153188 3577 0 3577 nan nan nan nan nan nan nan nan nan nan nan nan nan
24 69136 1600 1600 0 203459.1679 1026.273537 202076.721 204408.9784 2332.257306 193052.5207 204528.5522 11476.03145 -4.244369804 1274.449346 10298.64968 nan nan
25 167830 1814 0 1814 nan nan nan nan nan nan nan nan nan nan nan nan nan
26 148588 7200 0 7200 nan nan nan nan nan nan nan nan nan nan nan nan nan
27 167957 2 0 2 nan nan nan nan nan nan nan nan nan nan nan nan nan
28 14797 846 846 0 238461.4779 1224.836721 236425.5539 239575.4167 3149.862849 230330.4829 240991.0145 10660.5316 -1.185279517 2155.985531 8031.976603 nan nan
29 32944 457 457 0 215282.2562 9328.240742 203775.2495 231412.6364 27637.38687 202615.5526 236483.6659 33868.11332 0.2520683284 15659.01376 20730.04327 nan nan
30 45291 13142 13142 0 225808.8942 4592.611496 218684.6759 232900.4035 14215.72753 212638.556 234943.4829 22304.92696 -0.01013336028 9460.947571 11503.52312 nan nan
31 88569 2774 2774 0 198271.1805 2475.483619 195778.9103 203338.304 7559.393675 195334.9647 204531.5637 9196.599051 0.4705969127 5840.558035 7033.817798 nan nan
32 176015 15556 0 15556 nan nan nan nan nan nan nan nan nan nan nan nan nan
33 116002 11138 0 11138 nan nan nan nan nan nan nan nan nan nan nan nan nan
34 31657 487 487 0 238151.6561 2454.250989 233481.5965 240897.3664 7415.769917 230074.3959 241125.0718 11050.67586 -0.5733941333 4661.105393 8068.305952 nan nan
35 51108 3933 3933 0 200461.5325 1664.458641 198290.2078 203770.0771 5479.869243 193167.7014 204535.186 11367.48462 0.3054455635 4279.844775 6327.766148 nan nan
36 8025 2574 2574 0 214569.2454 5140.014673 206090.9514 222687.2529 16596.30147 204384.0732 230380.8092 25996.73602 -0.009103076555 9091.227948 16201.11263 nan nan
37 165874 9677 0 9677 nan nan nan nan nan nan nan nan nan nan nan nan nan
38 35110 1219 1219 0 233858.1712 1914.478401 231974.2758 236513.0364 4538.760661 201887.6693 237600.0027 35712.33342 -7.824972189 2852.407753 32201.06111 nan nan
39 80819 7678 7678 0 210987.8083 3989.696556 205593.1119 217407.5476 11814.43573 193076.8534 232937.5355 39860.68214 0.5411643063 6826.208591 20654.21995 nan nan
40 38011 862 862 0 209701.2776 4192.479104 203642.7142 217263.3421 13620.62792 202619.3808 230038.8539 27419.47306 0.3985875719 7375.412662 19896.66209 nan nan

K=41, phase=backward, parameter=e [-]
cluster representative_source n_cluster n_valid n_missing median std p05 p95 width90 minimum maximum range skewness error95 error_max angle_origin_deg angle_resultant
0 144351 45608 0 45608 nan nan nan nan nan nan nan nan nan nan nan nan nan
1 22426 4427 4427 0 0.4474971635 0.02468886411 0.4108797439 0.4861893783 0.0753096344 0.3955290482 0.4987502492 0.1032212009 0.07060672592 0.04230854534 0.05462145445 nan nan
2 24011 832 832 0 0.1953081986 0.01940909873 0.1739936237 0.2314468033 0.05745317959 0.1726509316 0.2385571771 0.06590624552 0.3363478008 0.03977144292 0.0468818167 nan nan
3 167952 2141 0 2141 nan nan nan nan nan nan nan nan nan nan nan nan nan
4 48782 6034 6034 0 0.4374698138 0.03090660245 0.3864523437 0.4821628368 0.09571049309 0.3724094463 0.4859440262 0.1135345799 -0.1174959376 0.05195736128 0.05872929188 nan nan
5 51611 1255 0 1255 nan nan nan nan nan nan nan nan nan nan nan nan nan
6 35310 324 324 0 0.2120066961 0.04907614909 0.170858377 0.3240503359 0.1531919589 0.1700108998 0.3565319822 0.1865210825 0.8161485437 0.1154985623 0.1479802086 nan nan
7 28151 1477 1477 0 0.3409631376 0.03971602751 0.2824373441 0.4129993075 0.1305619634 0.2572773386 0.4379717606 0.180694422 0.2414123591 0.07387457177 0.09672742589 nan nan
8 40315 899 899 0 0.433529306 0.05882442584 0.3295836778 0.5061504817 0.1765668039 0.2948031214 0.5700086311 0.2752055097 -0.2370582782 0.1161434118 0.1501844293 nan nan
9 175498 2764 0 2764 nan nan nan nan nan nan nan nan nan nan nan nan nan
10 14141 8568 8568 0 0.3456328856 0.03368784015 0.2922760853 0.4001568461 0.1078807608 0.2750330387 0.4095666379 0.1345335992 -0.005849948117 0.05801317249 0.07466022534 nan nan
11 210090 3039 0 3039 nan nan nan nan nan nan nan nan nan nan nan nan nan
12 31323 851 851 0 0.342108795 0.04297085353 0.2761939034 0.4107058081 0.1345119047 0.2268033251 0.4320062009 0.2052028758 0.01652928232 0.08063820292 0.1300287812 nan nan
13 156237 2361 0 2361 nan nan nan nan nan nan nan nan nan nan nan nan nan
14 165903 8837 0 8837 nan nan nan nan nan nan nan nan nan nan nan nan nan
15 43359 2143 2143 0 0.524352813 0.01617750458 0.4916752089 0.5410091314 0.04933392253 0.4859946634 0.570313305 0.08431864159 -0.4515752461 0.04010429179 0.04578483723 nan nan
16 50026 1254 1254 0 0.2916402801 0.03689455853 0.2378568479 0.3621281982 0.1242713503 0.2316081199 0.4185724086 0.1869642887 0.312301771 0.07751395303 0.1339581635 nan nan
17 61172 452 452 0 0.505673395 0.01138272559 0.4872327454 0.5113026879 0.02406994243 0.4533990627 0.5704147561 0.1170156934 0.924593365 0.02068721999 0.0633214489 nan nan
18 120454 12566 0 12566 nan nan nan nan nan nan nan nan nan nan nan nan nan
19 32794 303 303 0 0.2019016957 0.02583047016 0.171306385 0.2482588036 0.07695241857 0.170592258 0.2616884088 0.09109615075 0.2981836529 0.04441435082 0.05784395599 nan nan
20 110558 1907 1907 0 0.4558935295 0.04512853268 0.3750002908 0.4867853413 0.1117850505 0.2561010856 0.499793732 0.2436926464 -1.974197165 0.08184299091 0.2007421962 nan nan
21 22279 803 803 0 0.2312681902 0.02516083078 0.2216095222 0.2934990911 0.07188956889 0.2159397247 0.4379670055 0.2220272808 3.624886571 0.06184805577 0.2063159702 nan nan
22 65627 743 743 0 0.2763981646 0.03338920277 0.2383395847 0.3420636712 0.1037240865 0.2285235433 0.4402835466 0.2117600033 1.089605296 0.06807272295 0.1355720434 nan nan
23 153188 3577 0 3577 nan nan nan nan nan nan nan nan nan nan nan nan nan
24 69136 1600 1600 0 0.4934292767 0.007629590979 0.4863384167 0.5037022537 0.01736383693 0.4853613783 0.5704977882 0.08513640983 4.208735689 0.009457046095 0.07625258061 nan nan
25 167830 1814 0 1814 nan nan nan nan nan nan nan nan nan nan nan nan nan
26 148588 7200 0 7200 nan nan nan nan nan nan nan nan nan nan nan nan nan
27 167957 2 0 2 nan nan nan nan nan nan nan nan nan nan nan nan nan
28 14797 846 846 0 0.2005840189 0.0130549052 0.1886938842 0.2221177756 0.03342389142 0.1714609126 0.2825662538 0.1111053411 1.038432732 0.02419440432 0.08095840726 nan nan
29 32944 457 457 0 0.4042162478 0.07403848555 0.2708915389 0.4910564049 0.220164866 0.2207230158 0.4996431885 0.2789201727 -0.3217985239 0.129678276 0.1798467991 nan nan
30 45291 13142 13142 0 0.3195388528 0.03883534624 0.256939765 0.3773918021 0.1204520371 0.2375146427 0.425040494 0.1875258513 -0.06055111802 0.08228319416 0.1016915351 nan nan
31 88569 2774 2774 0 0.5319282097 0.01837087367 0.4942965906 0.5503954846 0.05609889397 0.4852904289 0.5536543787 0.06836394981 -0.4737205596 0.04332775177 0.05233391353 nan nan
32 176015 15556 0 15556 nan nan nan nan nan nan nan nan nan nan nan nan nan
33 116002 11138 0 11138 nan nan nan nan nan nan nan nan nan nan nan nan nan
34 31657 487 487 0 0.2043391417 0.02599966873 0.1724709361 0.2505838047 0.07811286854 0.1697173735 0.2848499342 0.1151325606 0.4782874422 0.04749189766 0.08175802716 nan nan
35 51108 3933 3933 0 0.5157840545 0.01233011093 0.4912616635 0.5318328113 0.04057114774 0.4852822681 0.5696656159 0.08438334781 -0.3080262093 0.03171631015 0.04672723506 nan nan
36 8025 2574 2574 0 0.4100507631 0.03959757856 0.3462359049 0.4740714561 0.1278355513 0.2805506333 0.4867764236 0.2062257903 -0.03395596277 0.06993162051 0.1324713745 nan nan
37 165874 9677 0 9677 nan nan nan nan nan nan nan nan nan nan nan nan nan
38 35110 1219 1219 0 0.2475157002 0.01712048605 0.2208722956 0.2648620741 0.04398977848 0.2094598728 0.5051342118 0.295674339 5.697695899 0.02775163927 0.2600095377 nan nan
39 80819 7678 7678 0 0.4367592825 0.0306725468 0.3872948793 0.4774414736 0.09014659439 0.2557673096 0.5703110008 0.3145436912 -0.6742975147 0.05165263127 0.1711206095 nan nan
40 38011 862 862 0 0.446582264 0.03190896333 0.3885221675 0.4919954056 0.103473238 0.2823809241 0.4996205578 0.2172396338 -0.4507806532 0.05579250702 0.1610815504 nan nan

K=41, phase=backward, parameter=w [deg]
cluster representative_source n_cluster n_valid n_missing median std p05 p95 width90 minimum maximum range skewness error95 error_max angle_origin_deg angle_resultant
0 144351 45608 0 45608 nan nan nan nan nan nan nan nan nan nan nan nan nan
1 22426 4427 4427 0 -0.6140045781 4.782545289 -4.456929981 3.861141063 8.318071044 -5.149766145 23.68822892 28.83799507 3.010183151 5.584130327 25.41121818 186.750628 0.996542986
2 24011 832 832 0 3.783789539 14.78512903 -25.0634377 17.1429358 42.2063735 -26.97313933 18.21417894 45.18731827 -0.4284582375 34.84424333 36.75394496 195.5106187 0.9670226206
3 167952 2141 0 2141 nan nan nan nan nan nan nan nan nan nan nan nan nan
4 48782 6034 6034 0 -0.8346516078 4.271223229 -4.726889685 10.04831558 14.77520527 -24.25655515 17.17264414 41.42919928 1.614185884 11.41055863 22.91276836 196.9901992 0.9972298556
5 51611 1255 0 1255 nan nan nan nan nan nan nan nan nan nan nan nan nan
6 35310 324 324 0 7.248739657 16.98129587 -32.85799351 15.97236961 48.83036312 -34.28768341 16.05821999 50.3459034 -0.7518483718 43.28266598 44.71235589 201.2245866 0.9567465273
7 28151 1477 1477 0 -5.8237151 10.74514806 -9.965187918 16.26882769 26.23401561 -33.6703791 16.60646648 50.27684558 0.5338145649 22.92707428 27.05047004 200.6282291 0.9825167726
8 40315 899 899 0 -0.8148217835 5.132176511 -4.033801754 11.27860671 15.31240847 -25.06221467 19.45864225 44.52085691 0.6069601711 15.96240824 22.96263586 194.8602353 0.996012644
9 175498 2764 0 2764 nan nan nan nan nan nan nan nan nan nan nan nan nan
10 14141 8568 8568 0 0.1172885709 3.352137504 -5.488697232 5.267860419 10.75655765 -6.680013818 6.565895735 13.24590955 -0.06179158426 5.799891718 6.780401565 188.005084 0.9982894904
11 210090 3039 0 3039 nan nan nan nan nan nan nan nan nan nan nan nan nan
12 31323 851 851 0 -0.4004427993 7.428834893 -4.087169316 19.84906519 23.9362345 -28.52416286 21.90208334 50.42624619 0.1291901251 21.20977041 28.26554735 195.4378712 0.9917053662
13 156237 2361 0 2361 nan nan nan nan nan nan nan nan nan nan nan nan nan
14 165903 8837 0 8837 nan nan nan nan nan nan nan nan nan nan nan nan nan
15 43359 2143 2143 0 -1.805729638 5.529214493 -6.178452167 11.69708215 17.87553432 -7.384286458 17.10695598 24.49124244 1.021230162 13.23098471 18.64085854 186.7285231 0.9953552073
16 50026 1254 1254 0 3.884236822 10.4211842 -13.09145572 9.488342385 22.57979811 -39.86437858 9.81535636 49.67973494 -1.780325792 17.81343836 44.58636122 206.8481706 0.9837723579
17 61172 452 452 0 -0.8747276781 4.011958853 -4.028526205 7.289629503 11.31815571 -20.50698847 13.1678719 33.67486037 0.05500573113 9.644668402 18.4556781 194.2294705 0.9975548072
18 120454 12566 0 12566 nan nan nan nan nan nan nan nan nan nan nan nan nan
19 32794 303 303 0 5.55149497 14.22396537 -30.08937163 13.6961969 43.78556852 -34.74336037 14.40137039 49.14473076 -0.9873400928 38.54223687 43.19622561 201.9871999 0.9696144761
20 110558 1907 1907 0 4.50577861 11.87746384 -23.2861244 12.02208052 35.30820491 -24.15932562 14.53976151 38.69908713 -0.9326750797 28.70234593 29.57554715 202.5407891 0.9786977247
21 22279 803 803 0 -0.4899710947 4.682992922 -6.125140536 11.70781648 17.83295702 -31.08026221 13.34878949 44.42905171 0.8507120905 13.40854189 29.40937672 202.5566869 0.9966722438
22 65627 743 743 0 11.08463981 20.08395084 -36.40102345 11.92806473 48.32908817 -36.61310646 12.12394193 48.73704839 -1.170903276 48.19300534 48.40508835 203.6683727 0.940089175
23 153188 3577 0 3577 nan nan nan nan nan nan nan nan nan nan nan nan nan
24 69136 1600 1600 0 0.005086197801 3.043333648 -3.811620203 4.457152066 8.268772269 -22.37316238 6.581258833 28.95442121 -1.846717019 5.714877784 21.24774005 196.1718936 0.9985940605
25 167830 1814 0 1814 nan nan nan nan nan nan nan nan nan nan nan nan nan
26 148588 7200 0 7200 nan nan nan nan nan nan nan nan nan nan nan nan nan
27 167957 2 0 2 nan nan nan nan nan nan nan nan nan nan nan nan nan
28 14797 846 846 0 2.474110445 8.294732878 -16.32768399 9.096259367 25.42394336 -27.84843481 19.13100208 46.97943689 -1.015063822 18.78527013 30.30602094 195.1925923 0.9895972467
29 32944 457 457 0 -3.021732968 9.862429812 -8.207762876 18.48582441 26.69358729 -30.61470626 18.94232073 49.55702699 0.2212179417 24.09640497 25.0785435 197.7870315 0.9853097401
30 45291 13142 13142 0 -0.1116492058 4.45177601 -6.594256919 6.82190575 13.41616267 -35.78450027 14.38373627 50.16823654 -0.5158454771 7.437789393 35.70148379 203.1881656 0.9969914194
31 88569 2774 2774 0 -0.09334983412 6.222100135 -10.40336706 9.936884707 20.34025176 -13.22565892 12.2355838 25.46124272 -0.05385059799 11.47654456 14.29883642 192.8899887 0.9941155546
32 176015 15556 0 15556 nan nan nan nan nan nan nan nan nan nan nan nan nan
33 116002 11138 0 11138 nan nan nan nan nan nan nan nan nan nan nan nan nan
34 31657 487 487 0 4.4242575 14.77599639 -29.49500085 15.78744462 45.28244547 -32.45182449 16.53118826 48.98301276 -0.7988989881 39.76602372 42.72284736 199.4604973 0.9671757161
35 51108 3933 3933 0 -1.065919373 4.917923183 -6.467682658 9.745467479 16.21315014 -15.26098223 13.17029796 28.43128019 0.6698106137 12.19844668 15.62241786 190.6685588 0.9963223331
36 8025 2574 2574 0 -0.3806141348 3.253635373 -2.246081545 1.289494801 3.535576347 -2.69091829 35.80931796 38.50023625 6.449814201 2.06369611 36.3217269 180.8676801 0.9984127693
37 165874 9677 0 9677 nan nan nan nan nan nan nan nan nan nan nan nan nan
38 35110 1219 1219 0 -0.1821122427 3.380820104 -5.657645195 7.13256185 12.79020705 -13.40463701 9.227582521 22.63221953 0.3466547406 8.261641321 13.57056803 207.4333865 0.9982613237
39 80819 7678 7678 0 -0.140873687 4.04971731 -5.056650802 6.323118944 11.37976975 -32.00583044 13.54476118 45.55059162 -0.9010527293 7.421695583 33.9017142 202.7841618 0.9975142061
40 38011 862 862 0 -4.372126224 8.241158915 -5.694033391 17.36288101 23.05691441 -25.92236972 21.15203817 47.07440789 1.181317773 22.25142233 26.04057948 195.5551409 0.9897088615

K=41, phase=forward, parameter=a [km]
cluster representative_source n_cluster n_valid n_missing median std p05 p95 width90 minimum maximum range skewness error95 error_max angle_origin_deg angle_resultant
0 144351 45608 45606 2 193386.241 88570.93803 188131.8933 364521.5159 176389.6226 187998.576 4480813.766 4292815.19 6.852186406 175528.8577 4291821.108 nan nan
1 22426 4427 4427 0 204530.0435 6568.483933 198413.5941 218012.2156 19598.62156 197703.0841 219585.1097 21882.02564 0.5087377386 10736.91985 12309.81393 nan nan
2 24011 832 5 827 742223.093 7219802.769 730932.0082 15180776.82 14449844.81 728603.8283 18789119.65 18060515.83 2.23606392 nan nan nan nan
3 167952 2141 2141 0 227771.1668 351075.2481 207237.8978 278298.2665 71060.36872 188577.4119 16453922.65 16265345.24 46.07490938 47215.68239 16222840.07 nan nan
4 48782 6034 6034 0 203037.0146 5499.411553 194161.66 209020.3652 14858.70521 192028.5859 291771.3033 99742.71734 3.096166375 9236.109317 88471.42654 nan nan
5 51611 1255 1255 0 1358904.704 910119.9285 200877.0847 3167321.276 2966444.191 197260.9786 4679542.026 4482281.047 0.6633311644 2345262.569 2348878.676 nan nan
6 35310 324 324 0 224827.1117 7123.160962 211320.789 230746.955 19426.16605 204851.5384 287295.2488 82443.71042 1.641967613 13832.66424 62869.82934 nan nan
7 28151 1477 1477 0 214600.4832 11376.26823 200684.9224 236333.4773 35648.55489 189478.0538 289862.8952 100384.8414 0.8029311893 22787.30891 73006.12664 nan nan
8 40315 899 899 0 208767.944 10756.05795 206850.0359 211562.6696 4712.633739 206194.4575 290782.827 84588.3695 6.46717527 3000.600463 82220.75784 nan nan
9 175498 2764 2764 0 236502.4206 1039463.824 228107.8665 240748.9788 12641.11236 204934.3944 21659266.51 21454332.12 16.31530591 13062.03401 21418864.46 nan nan
10 14141 8568 8567 1 203665.6855 6871.703963 196301.0687 217037.3563 20736.28767 195345.8198 219508.9834 24163.16362 0.4215283174 11363.43607 13835.06313 nan nan
11 210090 3039 3039 0 216242.0392 325238.4909 189571.3715 989726.2698 800154.8984 188318.3353 1139139.376 950821.0407 0.6093670821 570634.9815 571888.0177 nan nan
12 31323 851 851 0 209958.947 15311.02339 209660.6373 240977.9201 31317.28288 207676.2372 348486.9407 140810.7034 4.114714681 31190.54481 138699.5653 nan nan
13 156237 2361 2361 0 194718.429 91566.66979 188285.2053 278504.942 90219.73663 188188.9864 3928762.039 3740573.052 29.30896091 89085.41159 3739342.508 nan nan
14 165903 8837 8837 0 199586.3563 290845.4411 188931.3 285720.1119 96788.81186 188334.8655 9318019.704 9129684.839 24.39133007 87698.32565 9119997.918 nan nan
15 43359 2143 2143 0 220539.9305 5550.107444 209642.9168 227410.0701 17767.15325 202188.8047 290122.6827 87933.87809 0.4043536946 11121.51837 69866.58977 nan nan
16 50026 1254 1252 2 212604.1406 397663.9975 189439.6265 1010644.454 821204.8276 188375.5304 7296020.845 7107645.315 6.855745638 726242.7293 7011619.12 nan nan
17 61172 452 452 0 209433.1015 16598.66594 208159.3124 240908.332 32749.01962 203213.3496 291191.5237 87978.17409 3.675262179 31312.30423 81595.49587 nan nan
18 120454 12566 12566 0 202952.9928 57691.24318 193445.1449 208001.7848 14556.63995 190143.7384 4813753.221 4623609.483 57.45942686 9194.004065 4611195.132 nan nan
19 32794 303 303 0 206506.7201 6588.445683 198773.0163 216437.6148 17664.59845 189530.1516 239637.9267 50107.77504 0.7726017194 13929.42812 32075.40563 nan nan
20 110558 1907 1907 0 216031.4147 8799.411539 201911.0177 228382.4941 26471.47636 200496.666 239161.4418 38664.77588 -0.0006661438316 15799.70074 26578.64853 nan nan
21 22279 803 803 0 350727.9558 131478.1024 192713.9718 568348.0846 375634.1128 189482.7134 870325.3669 680842.6535 0.8064516145 364132.8105 666110.0928 nan nan
22 65627 743 57 686 279202.9569 27594.16724 209717.8878 284307.3799 74589.49208 209339.7838 286486.0277 77146.24389 -1.558629616 nan nan nan nan
23 153188 3577 3577 0 196593.8934 230964.993 188350.7103 292485.7052 104134.9949 188188.6076 9903671.596 9715482.989 36.88387113 101510.0494 9712695.94 nan nan
24 69136 1600 1600 0 201887.4961 10805.49474 193931.1377 206513.7013 12582.5636 191900.3895 291166.9449 99266.55542 6.471298812 7367.557437 90628.6836 nan nan
25 167830 1814 1814 0 195500.2342 729207.5603 188440.2917 355424.7289 166984.4371 188330.2529 8775147.526 8586817.273 8.200907989 167014.3665 8586737.164 nan nan
26 148588 7200 7199 1 196829.5955 178099.8284 188407.235 285209.9192 96802.68422 188239.9341 5805939.396 5617699.462 18.21916157 93884.76669 5614614.243 nan nan
27 167957 2 2 0 206129.3612 512.6989975 205667.9321 206590.7903 922.8581956 205616.6622 206642.0602 1025.397995 nan 974.1280953 1025.397995 nan nan
28 14797 846 846 0 669070.7878 792754.9497 205602.3059 2155396.756 1949794.45 189465.639 8837569.013 8648103.374 3.826768318 1474376.982 8156549.239 nan nan
29 32944 457 457 0 210529.3556 16673.50243 207959.7183 240122.5333 32162.81496 206005.9538 291060.468 85054.51413 2.55377196 29714.42336 80652.35804 nan nan
30 45291 13142 13141 1 208319.2222 88814.75991 189508.465 226823.8175 37315.3525 188899.2487 1894268.983 1705369.734 9.821415271 20372.84012 1687818.006 nan nan
31 88569 2774 2771 3 225269.4063 5459.248604 213458.6794 230294.786 16836.10659 205932.0361 239831.0223 33898.98617 -0.7799344738 11910.19056 18680.25863 nan nan
32 176015 15556 15556 0 203112.5411 858748.5985 189274.2199 244876.8042 55602.5843 188430.0851 76282242.54 76093812.45 59.61504512 40075.91086 76077441.64 nan nan
33 116002 11138 11137 1 211676.295 114685.804 192057.6287 224256.9605 32199.33181 188218.9593 5864673.427 5676454.467 32.5498805 24643.76818 5651487.421 nan nan
34 31657 487 483 4 203025.5626 804249.5342 188693.3202 1251970.407 1063277.087 188375.8048 9733554.719 9545178.914 6.600478162 1060524.295 9542108.607 nan nan
35 51108 3933 3933 0 206042.6339 7120.763176 199870.5709 216488.97 16618.39906 199228.2887 290343.2259 91114.93714 4.313033693 9216.576037 83070.83196 nan nan
36 8025 2574 2574 0 222145.1608 3803.673274 218234.0679 226211.2792 7977.211316 200604.1069 290687.8457 90083.73885 1.099954221 4698.655599 68157.17616 nan nan
37 165874 9677 9677 0 191481.4129 60724.20509 188607.0529 205237.0802 16630.02729 188345.5209 5879060.796 5690715.275 85.37371931 14557.23172 5688380.947 nan nan
38 35110 1219 1216 3 217119.0325 430111.7648 189562.229 1261932.05 1072369.821 189369.5122 2802071.047 2612701.535 2.198572248 611519.5065 2151658.504 nan nan
39 80819 7678 7678 0 192079.3316 40733.03719 188638.7183 293774.2455 105135.5272 188390.3736 526976.2772 338585.9036 3.435169967 68757.49082 301959.5226 nan nan
40 38011 862 861 1 209493.5134 12517.0476 208357.9 240389.7365 32031.83649 200845.7083 290444.1243 89598.41602 3.183252193 31041.70098 81096.08878 nan nan

K=41, phase=forward, parameter=e [-]
cluster representative_source n_cluster n_valid n_missing median std p05 p95 width90 minimum maximum range skewness error95 error_max angle_origin_deg angle_resultant
0 144351 45608 45606 2 0.9293881747 0.2335349538 0.2385906496 0.9992971695 0.7607065199 3.774545329e-05 1 0.9999622545 -1.943548306 0.7381050454 0.9766579495 nan nan
1 22426 4427 4427 0 0.4855141309 0.04939054756 0.383260986 0.5309161955 0.1476552094 0.3708560992 0.5361603402 0.165304241 -0.5269134617 0.08189584289 0.09430072969 nan nan
2 24011 832 5 827 0.3739290622 0.2421870762 0.36370829 0.8572178126 0.4935095226 0.3615873894 0.9768786834 0.615291294 2.233107008 nan nan nan nan
3 167952 2141 2141 0 0.5916888243 0.2400139954 0.12417667 0.743379759 0.619203089 0.09023827666 0.9998966324 0.9096583557 -0.04398653595 0.4674974037 0.7240142772 nan nan
4 48782 6034 6034 0 0.7934768463 0.07470441999 0.7043775878 0.9116268986 0.2072493108 0.09275924696 0.9402915517 0.8475323047 -1.812111986 0.1211005187 0.6991440957 nan nan
5 51611 1255 1255 0 0.7532736626 0.08595712004 0.5929160978 0.8624693794 0.2695532817 0.5052535179 0.906897413 0.4016438951 -0.2447063139 0.2351316381 0.322794218 nan nan
6 35310 324 324 0 0.3279781264 0.05190134217 0.2770132532 0.4341081957 0.1570949425 0.1010133401 0.4829304419 0.3819171018 0.3164669423 0.1120031088 0.2304100185 nan nan
7 28151 1477 1477 0 0.4091269101 0.1753412297 0.2222443378 0.8210236945 0.5987793567 0.09601369634 0.9999965192 0.9039828228 1.163775541 0.429625065 0.6085978897 nan nan
8 40315 899 899 0 0.6869512845 0.09608142043 0.6487570985 0.7171143651 0.06835726659 0.09444405182 0.7287803729 0.6343363211 -5.121370559 0.04151123235 0.5958242791 nan nan
9 175498 2764 2764 0 0.2214585214 0.08020712444 0.1746597854 0.3013459565 0.1266861712 0.09280181753 0.9799570657 0.8871552482 5.366521411 0.1234551335 0.8020662426 nan nan
10 14141 8568 8567 1 0.4921073938 0.05146177209 0.390933055 0.5465492514 0.1556161964 0.371547187 0.5535822468 0.1820350598 -0.4400633117 0.08625196479 0.1056378328 nan nan
11 210090 3039 3039 0 0.6402653665 0.2150541347 0.3856584763 0.9911636103 0.6055051339 0.008107592114 0.9999999862 0.9918923941 -0.1059681393 0.597044316 0.6058806919 nan nan
12 31323 851 851 0 0.6436573373 0.1547581067 0.1714212722 0.6611117197 0.4896904475 0.05186042414 0.7010822006 0.6492217765 -2.185255283 0.4774113384 0.5969721864 nan nan
13 156237 2361 2361 0 0.9084953571 0.1862096222 0.3956364098 0.9988799911 0.6032435814 0.001314468504 0.9999999847 0.9986855162 -2.502186 0.5775453401 0.9718672814 nan nan
14 165903 8837 8837 0 0.866460517 0.2096795204 0.3096833535 0.9983152512 0.6886318977 0.002475218115 0.9999998997 0.9975246816 -1.903867888 0.5647242883 0.8719324238 nan nan
15 43359 2143 2143 0 0.3631012949 0.04689072815 0.3067200258 0.4472781711 0.1405581453 0.09560699903 0.7015280165 0.6059210175 1.46970119 0.08568547206 0.3361596057 nan nan
16 50026 1254 1252 2 0.6546105201 0.2681601945 0.1023375174 0.9932051253 0.8908676079 0.007668268694 0.9999999988 0.9923317301 -0.6674164689 0.6493461067 0.6561409802 nan nan
17 61172 452 452 0 0.6670720099 0.1602883757 0.1724260868 0.6921407931 0.5197147063 0.09405040396 0.7287331323 0.6346827283 -2.443265654 0.491041792 0.5694174748 nan nan
18 120454 12566 12566 0 0.7921564287 0.06275223885 0.7243918745 0.9202896951 0.1958978207 0.3969617276 0.9645353351 0.5675736075 0.2647645236 0.1212438136 0.4029972684 nan nan
19 32794 303 303 0 0.4861369414 0.134546523 0.3962211164 0.8813251517 0.4851040352 0.1894484677 0.997886357 0.8084378893 2.0086378 0.4184196316 0.5349808369 nan nan
20 110558 1907 1907 0 0.3982550704 0.07271007663 0.2982159077 0.5068452611 0.2086293535 0.1917320865 0.7038176037 0.5120855172 0.2461377419 0.12826433 0.2788479566 nan nan
21 22279 803 803 0 0.2867885366 0.3869965513 0.01448122665 0.9614276033 0.9469463767 0.0006053674971 0.9999353848 0.9993300174 0.1881917943 0.8122860022 0.8261618614 nan nan
22 65627 743 57 686 0.1221957145 0.2186437026 0.1087563761 0.6830595971 0.574303221 0.1037537261 0.6878381081 0.5840843821 1.5946699 nan nan nan nan
23 153188 3577 3577 0 0.8780067926 0.2003094518 0.3096980706 0.9980048455 0.6883067749 0.004732944403 0.9999999967 0.9952670523 -2.338207885 0.6390449628 0.944010089 nan nan
24 69136 1600 1600 0 0.8001794321 0.1089620239 0.7271095209 0.9128364769 0.185726956 0.09393560652 0.9416817914 0.8477461849 -4.156190824 0.1081212482 0.7265868529 nan nan
25 167830 1814 1814 0 0.9060447747 0.2144977677 0.2707703969 0.9989561229 0.7281857259 0.0001671890931 0.9999999262 0.9998327371 -2.134137762 0.7249645975 0.9955678053 nan nan
26 148588 7200 7199 1 0.8751450392 0.1724043528 0.449095393 0.9979687113 0.5488733183 0.0005999373988 0.9999999761 0.9994000387 -2.545577098 0.4961545449 0.9446500005 nan nan
27 167957 2 2 0 0.7303968877 0.006826872716 0.7242527023 0.7365410732 0.01228837089 0.723570015 0.7372237604 0.01365374543 nan 0.01297105816 0.01365374543 nan nan
28 14797 846 846 0 0.5728349353 0.2241215217 0.1714317201 0.8944197425 0.7229880224 0.07425558741 0.9998594752 0.9256038878 -0.1675166512 0.4684339385 0.5738736711 nan nan
29 32944 457 457 0 0.6433163952 0.1912029106 0.1825692996 0.6958741816 0.513304882 0.09428293306 0.7312966128 0.6370136797 -1.24443685 0.4546870452 0.5429734117 nan nan
30 45291 13142 13141 1 0.760862557 0.1499064309 0.6000308533 0.9948614394 0.3948305861 0.09315892252 0.999999994 0.9068410715 -0.7975423556 0.222786672 0.6832467012 nan nan
31 88569 2774 2771 3 0.3244098394 0.05067013453 0.2812312811 0.4179497588 0.1367184777 0.1841024584 0.7003952306 0.5162927722 2.101320234 0.0947119033 0.3704384972 nan nan
32 176015 15556 15556 0 0.8327793597 0.1683591949 0.5657904686 0.9976632665 0.4318727979 0.002972835345 0.9999999976 0.9970271622 -1.487339157 0.2347953984 0.7976130316 nan nan
33 116002 11138 11137 1 0.6885955453 0.1219871396 0.5961691222 0.9453716225 0.3492025003 0.0007192626071 0.9999999262 0.9992806636 -1.051209846 0.2963871315 0.6846320462 nan nan
34 31657 487 483 4 0.8082940211 0.2202368544 0.3764147313 0.9967473134 0.6203325821 0.0358819124 0.9999986823 0.9641167699 -1.010414612 0.5696384048 0.9101712236 nan nan
35 51108 3933 3933 0 0.4765660555 0.0517865946 0.3949998522 0.5209216564 0.1259218042 0.09516883222 0.7006735322 0.6055047 -1.198508899 0.07370622917 0.3699588072 nan nan
36 8025 2574 2574 0 0.3504772827 0.02950527599 0.3170220298 0.3816941197 0.06467208988 0.09457712793 0.6366377307 0.5420606028 0.9486827704 0.03809015088 0.2892767805 nan nan
37 165874 9677 9677 0 0.9592009074 0.09658418303 0.8079187045 0.9995342651 0.1916155606 0.07995581711 0.9999999981 0.920044181 -5.033713299 0.1560322795 0.8839951669 nan nan
38 35110 1219 1216 3 0.7519832053 0.2155492093 0.3235043255 0.9967793134 0.6732749879 0.08097545257 0.999999759 0.9190243064 -0.5835153385 0.6038200637 0.6070405092 nan nan
39 80819 7678 7678 0 0.9526260189 0.2227655234 0.2699858022 0.9994680676 0.7294822654 1.887149263e-05 0.9999999998 0.9999811283 -2.225234343 0.4242264212 0.6941933519 nan nan
40 38011 862 861 1 0.6621257459 0.1735096928 0.1776207948 0.6890230715 0.5114022767 0.09500276807 0.7144767977 0.6194740297 -1.374332616 0.4875395154 0.5701575422 nan nan

K=41, phase=forward, parameter=w [deg]
cluster representative_source n_cluster n_valid n_missing median std p05 p95 width90 minimum maximum range skewness error95 error_max angle_origin_deg angle_resultant
0 144351 45608 45606 2 -20.87581362 85.61279638 -80.73340785 120.8264647 201.5598726 -150.6328208 123.8275454 274.4603662 0.07023014046 177.6810424 179.9999975 338.5106217 0.108540834
1 22426 4427 4427 0 -2.090540488 11.29583602 -11.66215302 15.68051655 27.34266957 -12.32800892 48.10781342 60.43582234 1.902519756 21.04212645 53.46942332 304.6401609 0.9810406662
2 24011 832 5 827 -7.645346311 21.05706996 -15.83044588 32.71154849 48.54199437 -17.33901504 41.83170691 59.17072195 1.985560738 nan nan 229.3351756 0.9348064063
3 167952 2141 2141 0 8.043422074 54.54608561 -77.28471827 73.78213073 151.066849 -84.52777402 111.5597388 196.0875129 -0.08525125184 153.9674053 161.2104611 24.50220128 0.5968070555
4 48782 6034 6034 0 -5.105479748 15.89523393 -11.77348389 39.69197616 51.46546005 -55.70718966 108.3970023 164.104192 2.094842383 47.31497343 115.963777 299.1217081 0.9633086207
5 51611 1255 1255 0 4.546342833 58.76978753 -133.6898306 40.57385396 174.2636846 -142.4985014 55.30832222 197.8068236 -1.226172392 164.3832052 173.191876 42.34086526 0.6153470086
6 35310 324 324 0 -3.822699883 20.63100008 -25.81846483 37.07806141 62.89652624 -30.3177754 87.05972921 117.3775046 0.9520865824 49.10334613 99.08501394 18.83849136 0.9377284386
7 28151 1477 1477 0 -5.424422817 34.47566533 -40.88053345 78.69931486 119.5798483 -177.7660988 179.0175172 356.783616 1.11079472 95.24535116 175.6554769 334.0440633 0.8549154524
8 40315 899 899 0 -6.892146462 18.92550682 -11.90964547 38.95966385 50.86930932 -69.45592229 134.6426965 204.0986188 1.855781935 47.1408987 140.4766398 302.3439233 0.9509867338
9 175498 2764 2764 0 -3.32712693 16.42758126 -17.34116619 29.55210703 46.89327322 -31.2997445 127.5414027 158.8411472 2.090379762 29.01173193 126.8650836 21.32433395 0.9620912533
10 14141 8568 8567 1 -0.6672613552 6.228282012 -8.875812631 11.32738423 20.20319686 -10.53230354 20.83522774 31.36753128 0.5349522962 15.46635436 24.97419788 303.2794285 0.9941078234
11 210090 3039 3039 0 36.91524925 59.01598098 -105.44377 83.01277309 188.4565431 -106.416753 123.2655928 229.6823458 -0.2956377975 149.0401599 150.0131429 3.058518039 0.5488952501
12 31323 851 851 0 -6.621921112 32.79858163 -11.68518046 83.95283992 95.63802039 -146.168854 144.5113114 290.6801654 1.282398476 92.80395512 153.232651 303.8248877 0.8645301422
13 156237 2361 2361 0 1.728494793 83.0127154 -164.6539131 43.35377942 208.0076925 -170.3712478 120.262337 290.6335848 -0.5214120899 166.018716 171.7360508 255.2819172 0.2783613198
14 165903 8837 8837 0 -13.06636482 84.04138254 -19.58765872 163.9056842 183.4933429 -178.8550359 179.8457039 358.7007398 0.4523418326 177.4869965 179.9895522 286.0036753 0.2408870644
15 43359 2143 2143 0 -4.158329277 11.02019298 -9.107531731 24.12164465 33.22917638 -31.27243376 62.26243962 93.53487338 2.008383601 29.05465369 67.19544866 302.90688 0.9819278614
16 50026 1254 1252 2 -30.45531815 64.23671469 -101.8880074 87.42243442 189.3104419 -177.2177963 179.9501694 357.1679657 -0.004655905276 171.13651 179.9769217 328.8674825 0.4958768241
17 61172 452 452 0 -4.509890066 24.49930501 -14.82092076 70.49888057 85.31980132 -74.47808077 111.9200241 186.3981048 2.142439915 78.28900037 119.7101439 322.4690861 0.9207378323
18 120454 12566 12566 0 -3.140789024 12.07664623 -9.919132609 23.17640447 33.09553708 -172.6989066 175.8204909 348.5193975 3.42964687 28.1353795 179.2661943 267.771884 0.980223378
19 32794 303 303 0 -3.469321976 23.6642131 -25.01741224 39.50658173 64.52399396 -31.56402302 144.950388 176.5144111 2.321254204 52.53498467 157.978791 30.13231592 0.9276579193
20 110558 1907 1907 0 0.6809258388 19.42995232 -37.42205709 28.3683305 65.7903876 -40.20204788 140.9400824 181.1421303 -0.003016861635 38.75623904 139.8546207 333.3996827 0.9452313421
21 22279 803 803 0 -3.56151111 78.13935693 -26.72893635 155.8646179 182.5935543 -146.6895609 162.5958919 309.2854527 0.7147207909 160.5880536 167.3193276 298.8634845 0.3747141784
22 65627 743 57 686 -8.489811471 27.7843018 -21.84298363 56.96038884 78.80337247 -24.19236634 57.56717622 81.75954256 1.38851176 nan nan 233.1101726 0.8897564525
23 153188 3577 3577 0 -3.5668346 36.07199285 -29.8098752 88.77742566 118.5873009 -179.198224 179.9890204 359.1872444 1.066593999 94.98964167 178.7959108 357.0855873 0.8575279178
24 69136 1600 1600 0 -0.3234593466 9.850496457 -9.387985038 11.19233084 20.58031588 -67.84332158 89.82219081 157.6655124 0.1296162379 15.85078057 93.86149192 314.661261 0.9860666402
25 167830 1814 1814 0 8.236688027 86.13994555 -161.1812228 54.20399329 215.3852161 -164.9710393 154.8704581 319.8414974 -0.3050054477 170.7035231 174.4933396 248.7488735 0.2159750449
26 148588 7200 7199 1 -9.026204072 80.03203036 -174.4550913 53.56413814 228.0192294 -179.99189 179.9832225 359.9751126 -0.6490002089 165.5881785 179.5593365 267.2747596 0.4812383146
27 167957 2 2 0 -2.842170943e-14 13.18302478 -11.8647223 11.8647223 23.72944461 -13.18302478 13.18302478 26.36604956 nan 25.04774708 26.36604956 358.3002191 0.9736465144
28 14797 846 846 0 6.124350981 39.40105299 -61.88302966 13.22011375 75.10314341 -178.5244656 176.4246927 354.9491583 -1.749558363 129.7093113 179.7747905 88.20241621 0.8486160813
29 32944 457 457 0 -2.427918411 58.22608589 -42.52512087 106.7249079 149.2500287 -173.3896951 170.2850353 343.6747303 0.6182204835 142.5173855 179.0028024 334.6403993 0.604070222
30 45291 13142 13141 1 -7.371493434 45.38809423 -10.53615409 124.641105 135.1772591 -86.02795674 154.0535725 240.0815292 2.101147662 134.9518721 164.3643396 296.5804352 0.7786727124
31 88569 2774 2771 3 -2.877621255 13.91128087 -15.32606988 29.30499868 44.63106856 -17.10150596 70.06624212 87.16774809 1.466014128 34.76398285 75.52522629 316.1193041 0.9713117278
32 176015 15556 15556 0 -14.1013368 65.39269022 -31.21643625 132.9136043 164.1300405 -174.2224313 178.3634768 352.5859081 0.9496039649 161.21738 179.9914736 307.2489834 0.5166610926
33 116002 11138 11137 1 -4.232726296 36.3215692 -25.98260169 128.0112678 153.9938695 -29.31452937 178.2620339 207.5765633 2.83601177 138.4391778 176.1222411 284.2874059 0.8643294104
34 31657 487 483 4 19.68171736 65.04393252 -121.8655303 61.04652943 182.9120597 -159.1960453 176.4404446 335.6364899 -0.3423759505 151.5081037 177.8053316 353.1712484 0.5079873878
35 51108 3933 3933 0 -0.5563160967 15.34203644 -17.93377524 20.53669645 38.4704717 -62.55275701 148.3624251 210.9151821 3.223545536 26.6494761 154.3926579 315.486975 0.9691733958
36 8025 2574 2574 0 -1.681130043 7.544817118 -4.444478504 5.636944609 10.08142311 -4.562663783 72.87717585 77.43983963 5.368127502 9.162083703 76.40231494 296.7195824 0.9918146383
37 165874 9677 9677 0 3.478222372 78.92802468 -168.3204791 9.260633824 177.5811129 -173.6142537 149.5098549 323.1241086 -0.8239690906 173.5250872 178.8188618 257.5237327 0.4147805609
38 35110 1219 1216 3 21.29784784 70.72278221 -115.0572714 62.84653882 177.9038102 -177.5683063 178.6515353 356.2198416 -0.4021266241 159.208674 179.7442873 29.15998949 0.3880872167
39 80819 7678 7678 0 -6.076075585 53.18507279 -61.62630319 65.35294287 126.9792461 -175.5913502 70.64557126 246.2369215 -0.1717132618 116.2111398 176.4966036 352.6983947 0.6187818245
40 38011 862 861 1 -12.78080722 27.80777686 -22.08390801 61.50654544 83.59045345 -83.86604777 90.10078546 173.9668332 1.151863206 78.82228892 107.4165289 316.2346331 0.8898909356

K=45, STD=0.01120689812
n = trajectories per cluster; conditions overlap.
n = 1: clusters=0/45 (0.00%); trajectories=0/194124 (0.00%)
n < 10: clusters=1/45 (2.22%); trajectories=2/194124 (0.00%)
n < 100: clusters=1/45 (2.22%); trajectories=2/194124 (0.00%)

K=45, phase=backward, parameter=a [km]
cluster representative_source n_cluster n_valid n_missing median std p05 p95 width90 minimum maximum range skewness error95 error_max angle_origin_deg angle_resultant
0 144351 45608 0 45608 nan nan nan nan nan nan nan nan nan nan nan nan nan
1 23915 4561 4561 0 222616.9834 5384.75778 212550.9214 229550.8926 16999.97116 210266.2303 230946.3375 20680.10726 -0.3096351106 9116.591333 11318.57632 nan nan
2 23568 825 825 0 238993.3012 1747.083295 235591.247 240775.3498 5184.102797 234753.7266 240887.1301 6133.403545 -0.4187963073 3682.269916 4519.790297 nan nan
3 167952 2141 0 2141 nan nan nan nan nan nan nan nan nan nan nan nan nan
4 48782 6026 6026 0 210921.4954 4065.271238 204961.3276 217545.2238 12583.89615 204471.9973 219270.4558 14798.45852 0.09790754989 6867.885834 7517.348617 nan nan
5 51611 1255 0 1255 nan nan nan nan nan nan nan nan nan nan nan nan nan
6 34556 417 417 0 211058.1719 8755.950524 203078.3584 231308.668 28230.30964 201468.0126 235702.6984 34234.68584 0.7228702389 18715.09866 23109.12904 nan nan
7 28151 1230 1230 0 223004.1206 4924.475398 213999.5979 230052.2149 16052.61696 211162.2985 231375.1727 20212.87414 -0.2788234686 8868.209876 10496.89548 nan nan
8 40083 898 898 0 211917.6903 7888.462517 201751.0001 225284.2506 23533.25046 193116.9663 234286.7149 41169.74864 0.185469786 15144.24266 24061.57432 nan nan
9 175498 2764 0 2764 nan nan nan nan nan nan nan nan nan nan nan nan nan
10 9905 4957 4957 0 221740.1908 4019.654934 214942.5033 227634.7527 12692.24941 213219.7551 235166.0842 21946.32902 -0.07728201746 7560.91294 12786.45182 nan nan
11 210090 3039 0 3039 nan nan nan nan nan nan nan nan nan nan nan nan nan
12 22717 781 781 0 235639.3307 1213.425547 234263.0266 236750.0797 2487.05302 210930.0619 237268.7766 26338.71476 -11.09865621 1447.18623 24696.10581 nan nan
13 156237 2361 0 2361 nan nan nan nan nan nan nan nan nan nan nan nan nan
14 165903 8837 0 8837 nan nan nan nan nan nan nan nan nan nan nan nan nan
15 43359 2140 2140 0 199332.707 2204.187959 197049.2698 203758.2482 6708.978364 193076.1974 204479.9056 11403.70818 0.4449615272 5453.667352 6175.324801 nan nan
16 50026 1248 1248 0 229198.737 4272.050732 220554.0164 234805.4127 14251.39633 217418.0871 235537.6775 18119.59048 -0.4311539942 9258.35157 12394.2809 nan nan
17 61863 434 434 0 201838.2684 1336.704678 201062.8354 204157.1715 3094.336097 193064.5732 204479.1362 11414.56302 -2.587416752 2595.649504 8585.080674 nan nan
18 120454 12566 0 12566 nan nan nan nan nan nan nan nan nan nan nan nan nan
19 32794 286 286 0 238478.8664 2430.102895 233685.4928 240990.5305 7305.037664 232642.0481 241041.6789 8399.630838 -0.4420279336 4384.982362 5428.427097 nan nan
20 110203 1784 1784 0 209041.5686 5966.725892 204437.1891 219605.3685 15168.17941 202591.0563 232899.4332 30308.37691 1.68964025 10229.17442 23523.23911 nan nan
21 59987 335 335 0 227397.4172 5571.26534 221755.7048 237526.7559 15771.0511 213590.7585 239054.1228 25463.36435 0.2919078821 9129.07321 14897.64581 nan nan
22 65627 751 751 0 230844.9648 3842.647456 223289.5344 234943.1758 11653.64139 210622.9716 236339.9388 25716.96717 -1.242409631 7719.913208 16874.82434 nan nan
23 153188 3577 0 3577 nan nan nan nan nan nan nan nan nan nan nan nan nan
24 69136 1596 1596 0 203464.2011 1028.742041 202075.6517 204408.9908 2333.339053 193052.5207 204528.5522 11476.03145 -4.225690933 1275.518685 10298.64968 nan nan
25 167830 1814 0 1814 nan nan nan nan nan nan nan nan nan nan nan nan nan
26 148588 7200 0 7200 nan nan nan nan nan nan nan nan nan nan nan nan nan
27 167957 2 0 2 nan nan nan nan nan nan nan nan nan nan nan nan nan
28 12157 744 744 0 238673.6371 1087.405664 236789.8091 239749.5638 2959.754643 230330.4829 240991.0145 10660.5316 -1.25085197 2073.804369 8482.938635 nan nan
29 24196 3709 3709 0 208535.0777 3049.145277 203976.8943 213622.0465 9645.152115 202700.1039 216161.9384 13461.83452 0.1212930698 5435.764649 7105.650965 nan nan
30 45291 13141 13141 0 225808.709 4592.756369 218684.5753 232900.4269 14215.85167 212638.556 236341.027 23702.47105 -0.00967510716 9460.972859 12901.06721 nan nan
31 88569 2769 2769 0 198259.5707 2473.532118 195778.7194 203324.1621 7545.442746 195334.9647 204531.5637 9196.599051 0.4728649504 5826.416166 7033.817798 nan nan
32 176015 15556 0 15556 nan nan nan nan nan nan nan nan nan nan nan nan nan
33 116002 11138 0 11138 nan nan nan nan nan nan nan nan nan nan nan nan nan
34 29608 452 452 0 238484.4333 2357.175572 233822.004 240901.3026 7079.298596 230736.6687 241125.0718 10388.40307 -0.6252969573 4712.214417 7797.549735 nan nan
35 52314 3886 3886 0 200423.9635 1637.143309 198281.3403 203689.9723 5408.631986 193167.7014 204535.186 11367.48462 0.316302798 4363.434218 6169.618991 nan nan
36 31348 168 168 0 216830.0217 8556.838572 202754.1002 230805.6925 28051.5923 201334.3447 231255.9631 29921.6184 -0.05683855886 14403.77981 15360.00786 nan nan
37 165874 9677 0 9677 nan nan nan nan nan nan nan nan nan nan nan nan nan
38 33505 629 629 0 234677.7057 1386.003037 233363.6235 237017.295 3653.671479 221829.8368 237938.2375 16108.40066 -2.124542608 2406.740662 12851.44609 nan nan
39 80819 7644 7644 0 210961.9473 3769.518726 205591.9167 217326.2232 11734.30647 193076.8534 220362.5187 27285.66525 0.04221412683 6759.518199 19206.46219 nan nan
40 37316 871 871 0 210049.8422 4517.530328 204096.829 217968.2538 13871.42478 202619.3808 230341.1439 27721.76307 0.7902683962 7820.19261 19539.95975 nan nan
41 8287 2550 2550 0 213718.3975 5179.099002 205589.6522 222187.5021 16597.84996 204384.0732 224374.649 19990.57576 0.04754825912 8908.589315 11059.60618 nan nan
42 33249 308 308 0 237766.3691 4741.611156 225768.184 241034.0323 15265.84827 222403.7412 241085.7226 18681.98141 -1.088104459 12293.45328 15657.89612 nan nan
43 30636 813 813 0 223543.8327 4951.875703 215419.7995 230931.3235 15511.52398 212798.2372 236243.055 23444.81783 -0.07166500171 8821.506171 14014.67338 nan nan
44 39017 636 636 0 233045.9626 1045.562439 231148.3858 234813.2719 3664.886066 230091.8706 235531.2309 5439.360253 -0.2128538678 2239.568029 3296.083224 nan nan

K=45, phase=backward, parameter=e [-]
cluster representative_source n_cluster n_valid n_missing median std p05 p95 width90 minimum maximum range skewness error95 error_max angle_origin_deg angle_resultant
0 144351 45608 0 45608 nan nan nan nan nan nan nan nan nan nan nan nan nan
1 23915 4561 4561 0 0.3464292673 0.04346187587 0.2881157263 0.4252536321 0.1371379058 0.275559612 0.4426000064 0.1670403944 0.2502037773 0.07384227176 0.08792302762 nan nan
2 23568 825 825 0 0.1951159669 0.01915298001 0.1739824946 0.2306212149 0.05663872035 0.1726509316 0.2385571771 0.06590624552 0.3428357317 0.04001298557 0.04794894774 nan nan
3 167952 2141 0 2141 nan nan nan nan nan nan nan nan nan nan nan nan nan
4 48782 6026 6026 0 0.4374698138 0.0309260892 0.386438029 0.482171061 0.09573303195 0.3724094463 0.4859440262 0.1135345799 -0.1169774195 0.05195846275 0.05872929188 nan nan
5 51611 1255 0 1255 nan nan nan nan nan nan nan nan nan nan nan nan nan
6 34556 417 417 0 0.4365459012 0.06912911181 0.2717403926 0.4961886015 0.2244482089 0.2287229791 0.5082489392 0.2795259601 -0.8044922757 0.1531175345 0.196134948 nan nan
7 28151 1230 1230 0 0.3427753756 0.04015684205 0.283386542 0.4140953933 0.1307088513 0.2731942552 0.4357631563 0.1625689011 0.2151232574 0.07255205547 0.08175839188 nan nan
8 40083 898 898 0 0.4299772731 0.06079560697 0.3242145483 0.5061572426 0.1819426943 0.243522727 0.5700086311 0.326485904 -0.2375795762 0.1193195089 0.1992950725 nan nan
9 175498 2764 0 2764 nan nan nan nan nan nan nan nan nan nan nan nan nan
10 9905 4957 4957 0 0.3536626883 0.0323711248 0.3048307084 0.407054736 0.1022240276 0.237597162 0.4203174498 0.1827202878 0.02098303326 0.05986038682 0.1109444641 nan nan
11 210090 3039 0 3039 nan nan nan nan nan nan nan nan nan nan nan nan nan
12 22717 781 781 0 0.2301495437 0.01106531916 0.2186552448 0.2434522286 0.02479698377 0.2131739998 0.4379670055 0.2247930057 8.819472894 0.01423757895 0.2076806016 nan nan
13 156237 2361 0 2361 nan nan nan nan nan nan nan nan nan nan nan nan nan
14 165903 8837 0 8837 nan nan nan nan nan nan nan nan nan nan nan nan nan
15 43359 2140 2140 0 0.5241559929 0.01629551411 0.4914330202 0.5410122148 0.04957919468 0.4856928452 0.570313305 0.08462045983 -0.4474825084 0.04034648049 0.04608665547 nan nan
16 50026 1248 1248 0 0.2903486112 0.03695380844 0.2389389054 0.3621834486 0.1232445432 0.2316081199 0.3875788574 0.1559707374 0.3419124761 0.07756920348 0.1029646122 nan nan
17 61863 434 434 0 0.5055178682 0.009907829886 0.4882704565 0.5112686052 0.02299814872 0.4857160248 0.5704147561 0.08469873131 2.56869704 0.01925746698 0.06348908267 nan nan
18 120454 12566 0 12566 nan nan nan nan nan nan nan nan nan nan nan nan nan
19 32794 286 286 0 0.2002163177 0.02587087917 0.1712653513 0.2486120019 0.07734665064 0.170592258 0.2616884088 0.09109615075 0.3565642266 0.04476754916 0.05784395599 nan nan
20 110203 1784 1784 0 0.4514619997 0.04704818654 0.3697345451 0.486274987 0.1165404419 0.2561010856 0.499793732 0.2436926464 -1.845849843 0.07912746664 0.1927609261 nan nan
21 59987 335 335 0 0.306308976 0.04989153045 0.2103257869 0.3525352708 0.1422094838 0.19321746 0.4172034625 0.2239860026 -0.4075183694 0.08676690547 0.1210451613 nan nan
22 65627 751 751 0 0.2756219366 0.03370893702 0.2370426957 0.3419259001 0.1048832044 0.2257344318 0.4402835466 0.2145491148 1.06480247 0.06940240982 0.1355720434 nan nan
23 153188 3577 0 3577 nan nan nan nan nan nan nan nan nan nan nan nan nan
24 69136 1596 1596 0 0.4933903916 0.007647912608 0.4863371003 0.5037194626 0.01738236224 0.4853613783 0.5704977882 0.08513640983 4.190328384 0.009474254982 0.07625258061 nan nan
25 167830 1814 0 1814 nan nan nan nan nan nan nan nan nan nan nan nan nan
26 148588 7200 0 7200 nan nan nan nan nan nan nan nan nan nan nan nan nan
27 167957 2 0 2 nan nan nan nan nan nan nan nan nan nan nan nan nan
28 12157 744 744 0 0.1984365912 0.01171197933 0.1865073396 0.2182993672 0.03179202765 0.1713995508 0.2825662538 0.111166703 1.086114043 0.02303882405 0.08581657942 nan nan
29 24196 3709 3709 0 0.4556621831 0.0229379245 0.4171242161 0.489711788 0.07258757185 0.39744991 0.4992001343 0.1017502243 -0.1353007238 0.04080242895 0.05432304452 nan nan
30 45291 13141 13141 0 0.3195428575 0.03883711869 0.2569385935 0.3773921106 0.1204535171 0.222687985 0.425040494 0.202352509 -0.06113275905 0.08228401573 0.1165181928 nan nan
31 88569 2769 2769 0 0.5320472175 0.01835658076 0.4943772251 0.5504010925 0.05602386735 0.4852904289 0.5536543787 0.06836394981 -0.475973338 0.04324711728 0.05233391353 nan nan
32 176015 15556 0 15556 nan nan nan nan nan nan nan nan nan nan nan nan nan
33 116002 11138 0 11138 nan nan nan nan nan nan nan nan nan nan nan nan nan
34 29608 452 452 0 0.2001557868 0.02510813005 0.1723634115 0.2478027583 0.07543934676 0.1697173735 0.2789814627 0.1092640892 0.5362022436 0.04901637107 0.08019507549 nan nan
35 52314 3886 3886 0 0.5160013441 0.01212865454 0.4918179954 0.5318900409 0.04007204555 0.4852822681 0.5696656159 0.08438334781 -0.3191949684 0.03236696296 0.0455611293 nan nan
36 31348 168 168 0 0.3922226773 0.06742913308 0.2767181726 0.4986627904 0.2219446178 0.2726984998 0.50927785 0.2365793502 -0.02026792119 0.1165605553 0.1205802281 nan nan
37 165874 9677 0 9677 nan nan nan nan nan nan nan nan nan nan nan nan nan
38 33505 629 629 0 0.2395129641 0.01344901187 0.2156262324 0.2521894514 0.03656321897 0.2058615393 0.3525235059 0.1466619666 1.464735378 0.02434039949 0.11318226 nan nan
39 80819 7644 7644 0 0.4370031141 0.0287404838 0.387945231 0.4774856839 0.08954045289 0.3637166333 0.5703110008 0.2065943675 -0.06844979846 0.05114886194 0.1434230817 nan nan
40 37316 871 871 0 0.4441834541 0.03470467922 0.3829808454 0.4886799953 0.10569915 0.2796496828 0.4996205578 0.219970875 -0.9162478522 0.05924862525 0.1588250397 nan nan
41 8287 2550 2550 0 0.4165754369 0.03976772705 0.3502597999 0.4778087467 0.1275489468 0.3324734694 0.4867764236 0.1543029542 -0.08212726648 0.06937740851 0.08716373901 nan nan
42 33249 308 308 0 0.2077882704 0.04645988299 0.1708123573 0.3193724656 0.1485601083 0.1700108998 0.3472114889 0.1772005891 0.8971556173 0.1154502234 0.1432892467 nan nan
43 30636 813 813 0 0.3387266024 0.04079590457 0.275546791 0.4031467419 0.1275999508 0.2268033251 0.4232942501 0.196490925 -0.003957357789 0.07398400584 0.122554061 nan nan
44 39017 636 636 0 0.2550827772 0.009823691244 0.2379566189 0.2724236405 0.03446702161 0.2308126439 0.281913467 0.05110082306 0.124713732 0.02075337886 0.03012155461 nan nan

K=45, phase=backward, parameter=w [deg]
cluster representative_source n_cluster n_valid n_missing median std p05 p95 width90 minimum maximum range skewness error95 error_max angle_origin_deg angle_resultant
0 144351 45608 0 45608 nan nan nan nan nan nan nan nan nan nan nan nan nan
1 23915 4561 4561 0 -0.1016255549 1.779867428 -2.815848007 3.037232118 5.853080125 -3.768105895 3.92398483 7.692090725 0.1360555203 4.525668696 5.477926584 190.3428506 0.9995175802
2 23568 825 825 0 3.770499265 14.72593779 -24.91227858 17.17247496 42.08475353 -26.85543572 18.27829856 45.13373428 -0.4236201368 34.5641327 36.50728984 195.3929151 0.9672832485
3 167952 2141 0 2141 nan nan nan nan nan nan nan nan nan nan nan nan nan
4 48782 6026 6026 0 -0.8364095492 4.246265201 -4.721452421 9.942929527 14.66438195 -23.75902223 17.17014886 40.92917109 1.660445622 11.38833073 22.41274017 196.9926944 0.9972619303
5 51611 1255 0 1255 nan nan nan nan nan nan nan nan nan nan nan nan nan
6 34556 417 417 0 -3.463713004 9.175203494 -8.155693989 18.13053267 26.28622666 -30.60984507 18.92137644 49.53122151 0.4675448593 24.99752796 25.78837173 197.7821703 0.9872570571
7 28151 1230 1230 0 -5.168650906 10.6028225 -9.233983257 17.13594742 26.36993067 -32.85717691 17.41966866 50.27684558 0.7112592888 22.96060163 27.05047004 199.8150269 0.9829887632
8 40083 898 898 0 -0.6829509988 5.121504252 -3.974126944 10.44843142 14.42255836 -25.03742194 19.48343498 44.52085691 0.312635354 15.60410282 22.86421617 194.8354426 0.9960308616
9 175498 2764 0 2764 nan nan nan nan nan nan nan nan nan nan nan nan nan
10 9905 4957 4957 0 -0.3007007033 2.887436253 -3.672016151 6.892273452 10.5642896 -18.16429035 11.16401198 29.32830233 1.008676855 7.265895106 17.84207653 185.5670432 0.9987315922
11 210090 3039 0 3039 nan nan nan nan nan nan nan nan nan nan nan nan nan
12 22717 781 781 0 0.09994770077 3.388457945 -5.146901386 3.858907039 9.005808425 -30.1380807 14.17043696 44.30851765 0.09668826621 5.518570101 29.80354434 201.6145053 0.9982583008
13 156237 2361 0 2361 nan nan nan nan nan nan nan nan nan nan nan nan nan
14 165903 8837 0 8837 nan nan nan nan nan nan nan nan nan nan nan nan nan
15 43359 2140 2140 0 -1.869719888 5.650873062 -6.242524595 12.1432079 18.3857325 -7.448142697 17.16323431 24.61137701 1.051277511 13.74096669 18.7609931 186.7923793 0.9951493467
16 50026 1248 1248 0 3.773724044 10.40307732 -13.23757704 9.403360889 22.64093793 -39.94956503 9.730169915 49.67973494 -1.853214971 17.87437324 44.58636122 206.9333571 0.9838420583
17 61863 434 434 0 -0.8604127832 3.53763773 -3.823165496 6.726378157 10.54954365 -20.36886689 10.13863533 30.50750222 0.126136364 8.729020504 18.6148614 194.091349 0.9980969715
18 120454 12566 0 12566 nan nan nan nan nan nan nan nan nan nan nan nan nan
19 32794 286 286 0 5.402165761 14.22473028 -29.96427143 13.79210869 43.75638013 -34.67294025 14.44183622 49.11477647 -0.9618236644 38.4875568 43.19622561 201.9167798 0.969605471
20 110203 1784 1784 0 3.44859232 10.65186922 -24.78218341 10.59090443 35.37308784 -25.82279842 12.79124028 38.6140387 -1.186777506 29.36531534 30.40593035 204.2893103 0.9828766855
21 59987 335 335 0 5.401067199 9.434675405 -14.57420858 7.375011043 21.94921962 -41.34173649 8.235203101 49.57693959 -1.963860839 20.73306545 47.50059336 208.4941491 0.9866823576
22 65627 751 751 0 11.01586631 20.03159083 -36.43845293 11.88828175 48.32673468 -36.6516729 12.08537549 48.73704839 -1.17874334 48.19186838 48.40508835 203.7069392 0.9404051312
23 153188 3577 0 3577 nan nan nan nan nan nan nan nan nan nan nan nan nan
24 69136 1596 1596 0 0.0006274978867 3.027066996 -3.787670711 4.365435179 8.15310589 -22.38155348 6.57286773 28.95442121 -1.872738408 5.713543011 21.24774005 196.1802848 0.9986091027
25 167830 1814 0 1814 nan nan nan nan nan nan nan nan nan nan nan nan nan
26 148588 7200 0 7200 nan nan nan nan nan nan nan nan nan nan nan nan nan
27 167957 2 0 2 nan nan nan nan nan nan nan nan nan nan nan nan nan
28 12157 744 744 0 2.263127795 8.053315717 -15.78972527 9.177509668 24.96723494 -26.84090466 19.92277086 46.76367551 -0.9473608762 17.56574025 28.11692603 194.1850621 0.9901864583
29 24196 3709 3709 0 -0.8522234086 5.101481353 -4.374090316 17.13028621 21.50437653 -5.122624058 23.71537101 28.83799507 2.990955075 18.71131001 25.29639481 186.7234859 0.9960681091
30 45291 13141 13141 0 -0.1116188044 4.450386308 -6.593361289 6.820242606 13.41360389 -35.78360034 14.3846362 50.16823654 -0.5179495422 7.436735301 35.70148379 203.1872656 0.9969932936
31 88569 2769 2769 0 -0.08881400191 6.229198524 -10.41457966 9.845426124 20.26000578 -13.23079847 12.34796913 25.57876761 -0.05582131247 11.48261761 14.29883642 192.8951283 0.9941021109
32 176015 15556 0 15556 nan nan nan nan nan nan nan nan nan nan nan nan nan
33 116002 11138 0 11138 nan nan nan nan nan nan nan nan nan nan nan nan nan
34 29608 452 452 0 4.634174705 14.85740242 -28.81280535 16.00847447 44.82127983 -31.83887121 17.12886344 48.96773465 -0.7288271276 38.67703381 41.70309967 198.8628222 0.966792118
35 52314 3886 3886 0 -1.025489678 4.931539925 -6.547667738 9.689488942 16.23715668 -15.31811156 13.11316862 28.43128019 0.6390183609 12.05298944 15.38927212 190.7256881 0.9963019218
36 31348 168 168 0 -0.9240871982 4.711749752 -3.967283302 7.692958295 11.6602416 -4.029825221 22.55357923 26.58340445 3.041459044 8.773274583 23.63389552 193.2815304 0.9966443252
37 165874 9677 0 9677 nan nan nan nan nan nan nan nan nan nan nan nan nan
38 33505 629 629 0 0.5870795003 2.968499454 -6.088261174 2.260002324 8.348263498 -9.774298883 11.15763479 20.93193367 -0.2035833816 8.635352664 11.64353216 205.3595759 0.9986598415
39 80819 7644 7644 0 -0.09752661144 3.962448274 -5.006551714 6.115201491 11.1217532 -31.95069787 11.51439955 43.46509742 -1.080892824 7.341184602 33.9017142 202.7290292 0.9976201838
40 37316 871 871 0 -4.437218464 8.434143627 -5.778165938 17.75893604 23.53710198 -26.00994557 21.62268737 47.63263294 1.212074996 22.57665913 26.44041046 195.6427167 0.9892249772
41 8287 2550 2550 0 -0.3858178569 3.553725552 -2.151487719 1.221717367 3.373205086 -2.568639291 34.18405137 36.75269066 7.032561308 1.899047041 34.76178933 180.7454011 0.9981134667
42 33249 308 308 0 6.731664975 17.05626476 -32.04994129 16.84691108 48.89685237 -33.34866223 16.99174754 50.34040977 -0.6662935996 42.50999261 43.80871355 200.2855654 0.956330121
43 30636 813 813 0 -0.3611655903 7.561454598 -3.774815521 20.36400995 24.13882548 -28.55626173 21.86998446 50.42624619 0.04335057047 21.18504326 28.58875035 195.4699701 0.9914112533
44 39017 636 636 0 -0.9298309444 2.9952095 -3.19398514 6.12235984 9.31634498 -8.117539893 6.822223279 14.93976317 0.9303915196 6.971742476 7.656326176 210.0234992 0.9986345505

K=45, phase=forward, parameter=a [km]
cluster representative_source n_cluster n_valid n_missing median std p05 p95 width90 minimum maximum range skewness error95 error_max angle_origin_deg angle_resultant
0 144351 45608 45606 2 193386.241 88570.93803 188131.8933 364521.5159 176389.6226 187998.576 4480813.766 4292815.19 6.852186406 175528.8577 4291821.108 nan nan
1 23915 4561 4560 1 198427.886 1924.897351 195964.5166 202231.8482 6267.331536 195345.8198 203423.1868 8077.367004 0.3674859412 5383.745537 6575.084165 nan nan
2 23568 825 6 819 741233.9103 6769286.859 336171.6691 14278691.11 13942519.44 205360.9493 18789119.65 18583758.71 2.444856066 nan nan nan nan
3 167952 2141 2141 0 227771.1668 351075.2481 207237.8978 278298.2665 71060.36872 188577.4119 16453922.65 16265345.24 46.07490938 47215.68239 16222840.07 nan nan
4 48782 6026 6026 0 203024.9051 5194.134132 194160.2613 208995.958 14835.69677 192028.5859 291771.3033 99742.71734 2.452291301 9193.755102 88471.42654 nan nan
5 51611 1255 1255 0 1358904.704 910119.9285 200877.0847 3167321.276 2966444.191 197260.9786 4679542.026 4482281.047 0.6633311644 2345262.569 2348878.676 nan nan
6 34556 417 417 0 210279.1327 15114.10297 207951.7583 239961.35 32009.59167 206005.9538 290701.7456 84695.79177 2.877846115 29345.83445 80086.23003 nan nan
7 28151 1230 1230 0 214620.1915 9444.740772 202559.8787 231395.8238 28835.94507 200634.2129 289862.8952 89228.68228 1.823491856 15994.22319 73006.12664 nan nan
8 40083 898 898 0 208797.8451 10851.69479 206843.5435 211602.4994 4758.95594 206147.831 290782.827 84634.99604 6.888343435 3019.173979 82199.50156 nan nan
9 175498 2764 2764 0 236502.4206 1039463.824 228107.8665 240748.9788 12641.11236 204934.3944 21659266.51 21454332.12 16.31530591 13062.03401 21418864.46 nan nan
10 9905 4957 4957 0 210608.9142 5467.864004 203578.0936 218590.292 15012.19837 202485.611 280584.762 78099.15108 2.123714559 8598.024449 68491.28308 nan nan
11 210090 3039 3039 0 216242.0392 325238.4909 189571.3715 989726.2698 800154.8984 188318.3353 1139139.376 950821.0407 0.6093670821 570634.9815 571888.0177 nan nan
12 22717 781 781 0 355790.5788 130205.3965 192838.263 569078.2422 376239.9792 189787.3275 830639.948 640852.6206 0.5005357897 367649.4172 629211.1231 nan nan
13 156237 2361 2361 0 194718.429 91566.66979 188285.2053 278504.942 90219.73663 188188.9864 3928762.039 3740573.052 29.30896091 89085.41159 3739342.508 nan nan
14 165903 8837 8837 0 199586.3563 290845.4411 188931.3 285720.1119 96788.81186 188334.8655 9318019.704 9129684.839 24.39133007 87698.32565 9119997.918 nan nan
15 43359 2140 2140 0 220529.3318 5531.642584 209456.5156 227336.141 17879.62545 202188.8047 290122.6827 87933.87809 0.3368271285 11044.0664 69866.58977 nan nan
16 50026 1248 1246 2 212404.5001 347399.7546 189420.7087 1009909.524 820488.8152 188375.5304 3868441.785 3680066.255 3.974341594 725507.7992 3584040.06 nan nan
17 61863 434 434 0 209363.1398 16021.9381 208196.8516 240887.3188 32690.4672 203213.3496 291191.5237 87978.17409 3.753424234 31668.88938 81973.09426 nan nan
18 120454 12566 12566 0 202952.9928 57691.24318 193445.1449 208001.7848 14556.63995 190143.7384 4813753.221 4623609.483 57.45942686 9194.004065 4611195.132 nan nan
19 32794 286 286 0 206552.009 6296.704429 200780.5235 216887.6796 16107.15606 190020.7154 239637.9267 49617.21127 1.031976142 10786.42464 32075.40563 nan nan
20 110203 1784 1784 0 215454.8224 8431.899959 202014.898 228337.6183 26322.72022 200507.2677 236969.4175 36462.1498 0.01922639873 14676.80301 23308.60224 nan nan
21 59987 335 335 0 210646.571 303968.4545 189670.8607 1004028.355 814357.4941 189478.0538 2186715.112 1997237.058 3.02998862 814208.9995 1996895.756 nan nan
22 65627 751 57 694 279202.9569 27594.16724 209717.8878 284307.3799 74589.49208 209339.7838 286486.0277 77146.24389 -1.558629616 nan nan nan nan
23 153188 3577 3577 0 196593.8934 230964.993 188350.7103 292485.7052 104134.9949 188188.6076 9903671.596 9715482.989 36.88387113 101510.0494 9712695.94 nan nan
24 69136 1596 1596 0 201864.272 10581.11154 193927.9052 206459.3512 12531.44601 191900.3895 291166.9449 99266.55542 6.802108336 7289.850411 90628.6836 nan nan
25 167830 1814 1814 0 195500.2342 729207.5603 188440.2917 355424.7289 166984.4371 188330.2529 8775147.526 8586817.273 8.200907989 167014.3665 8586737.164 nan nan
26 148588 7200 7199 1 196829.5955 178099.8284 188407.235 285209.9192 96802.68422 188239.9341 5805939.396 5617699.462 18.21916157 93884.76669 5614614.243 nan nan
27 167957 2 2 0 206129.3612 512.6989975 205667.9321 206590.7903 922.8581956 205616.6622 206642.0602 1025.397995 nan 974.1280953 1025.397995 nan nan
28 12157 744 744 0 686833.5224 829921.4771 206128.3362 2206630.705 2000502.369 189465.639 8837569.013 8648103.374 3.705008128 1427577.589 8058515.897 nan nan
29 24196 3709 3709 0 205279.9318 6202.171963 198944.3616 217929.1312 18984.76957 198294.0356 219585.1097 21291.07412 0.4830494675 11271.06803 12927.04655 nan nan
30 45291 13141 13140 1 208319.7372 89093.91337 189508.4648 226824.1616 37315.69684 188899.2487 1894268.983 1705369.734 9.784626784 20373.18424 1687818.006 nan nan
31 88569 2769 2766 3 225266.8596 5458.291442 213445.4275 230286.1057 16840.67824 205932.0361 239831.0223 33898.98617 -0.7966035641 11841.85408 18680.25863 nan nan
32 176015 15556 15556 0 203112.5411 858748.5985 189274.2199 244876.8042 55602.5843 188430.0851 76282242.54 76093812.45 59.61504512 40075.91086 76077441.64 nan nan
33 116002 11138 11137 1 211676.295 114685.804 192057.6287 224256.9605 32199.33181 188218.9593 5864673.427 5676454.467 32.5498805 24643.76818 5651487.421 nan nan
34 29608 452 452 0 202869.7476 812190.5164 188661.5888 1242149.436 1053487.847 188375.8048 9733554.719 9545178.914 6.724033735 1049787.953 9541193.237 nan nan
35 52314 3886 3886 0 206192.3546 7237.58217 199869.6372 216511.6365 16641.99936 199228.2887 290667.2668 91438.97806 4.571977223 9174.691122 83330.32137 nan nan
36 31348 168 168 0 237119.8043 4518.54468 234019.377 239861.7746 5842.39761 209014.8963 240403.8576 31388.96133 -4.956546915 5016.713192 30021.1939 nan nan
37 165874 9677 9677 0 191481.4129 60724.20509 188607.0529 205237.0802 16630.02729 188345.5209 5879060.796 5690715.275 85.37371931 14557.23172 5688380.947 nan nan
38 33505 629 629 0 214569.3413 444697.0243 189803.2307 1253705.475 1063902.245 189428.3972 3634819.281 3445390.884 2.744016069 550632.9147 2894744.104 nan nan
39 80819 7644 7644 0 192063.1356 40816.83912 188639.8795 294040.1194 105400.2398 188400.4916 526976.2772 338575.7856 3.426789118 69023.36472 301959.5226 nan nan
40 37316 871 870 1 209529.0825 12186.79203 208364.6715 240425.1461 32060.47462 200845.7083 290444.1243 89598.41602 3.25646804 31025.75426 81044.73243 nan nan
41 8287 2550 2550 0 222454.5769 3502.842732 218805.0848 226417.8463 7612.761454 200496.666 227568.7264 27072.06044 -2.701980337 4358.377318 22572.27567 nan nan
42 33249 308 308 0 224508.9424 7208.872122 210773.8463 230774.0099 20000.16364 204851.5384 287295.2488 82443.71042 1.722359813 14077.16363 62871.15814 nan nan
43 30636 813 813 0 209972.894 15247.37851 209691.9608 241009.6713 31317.71046 207916.3375 342072.9036 134156.5661 3.716341981 31194.54365 132257.776 nan nan
44 39017 636 629 7 225352.7856 505681.2311 189465.1704 1280312.579 1090847.409 188390.3736 7296020.845 7107630.472 5.038590081 1078106.076 7093814.342 nan nan

K=45, phase=forward, parameter=e [-]
cluster representative_source n_cluster n_valid n_missing median std p05 p95 width90 minimum maximum range skewness error95 error_max angle_origin_deg angle_resultant
0 144351 45608 45606 2 0.9293881747 0.2335349538 0.2385906496 0.9992971695 0.7607065199 3.774545329e-05 1 0.9999622545 -1.943548306 0.7381050454 0.9766579495 nan nan
1 23915 4561 4560 1 0.5308435878 0.01422789472 0.5026797588 0.5490152655 0.04633550673 0.4935720996 0.5535822468 0.06001014718 -0.3705670464 0.03978052604 0.0488881852 nan nan
2 23568 825 6 819 0.3762516959 0.2592886691 0.3642385152 0.946692318 0.5824538028 0.3615873894 0.9768786834 0.615291294 1.044467278 nan nan nan nan
3 167952 2141 2141 0 0.5916888243 0.2400139954 0.12417667 0.743379759 0.619203089 0.09023827666 0.9998966324 0.9096583557 -0.04398653595 0.4674974037 0.7240142772 nan nan
4 48782 6026 6026 0 0.7936050526 0.0701587935 0.704759873 0.9117266174 0.2069667444 0.09275924696 0.9402915517 0.8475323047 -1.054831858 0.1206092938 0.6991440957 nan nan
5 51611 1255 1255 0 0.7532736626 0.08595712004 0.5929160978 0.8624693794 0.2695532817 0.5052535179 0.906897413 0.4016438951 -0.2447063139 0.2351316381 0.322794218 nan nan
6 34556 417 417 0 0.6492740356 0.1802117884 0.185295608 0.6960438698 0.5107482619 0.09456188752 0.7312966128 0.6367347252 -1.548780599 0.4520469285 0.542780649 nan nan
7 28151 1230 1230 0 0.408851163 0.1204656473 0.2700787545 0.6597815607 0.3897028062 0.09601369634 0.6757404128 0.5797267164 0.6113458782 0.2688773468 0.2953849331 nan nan
8 40083 898 898 0 0.6867267799 0.08254283197 0.6494847947 0.7174482332 0.06796343859 0.09444405182 0.8039502461 0.7095061943 -6.372830088 0.0410694121 0.5958171536 nan nan
9 175498 2764 2764 0 0.2214585214 0.08020712444 0.1746597854 0.3013459565 0.1266861712 0.09280181753 0.9799570657 0.8871552482 5.366521411 0.1234551335 0.8020662426 nan nan
10 9905 4957 4957 0 0.4403675004 0.04069025292 0.3787953437 0.4928340708 0.1140387271 0.1162355997 0.6971690835 0.5809334838 -0.8233887017 0.06455450982 0.3126905085 nan nan
11 210090 3039 3039 0 0.6402653665 0.2150541347 0.3856584763 0.9911636103 0.6055051339 0.008107592114 0.9999999862 0.9918923941 -0.1059681393 0.597044316 0.6058806919 nan nan
12 22717 781 781 0 0.229012764 0.3792583295 0.0144709121 0.9534639128 0.9389930007 0.0006053674971 0.9951765647 0.9945711972 0.4011578758 0.8421506538 0.8560161984 nan nan
13 156237 2361 2361 0 0.9084953571 0.1862096222 0.3956364098 0.9988799911 0.6032435814 0.001314468504 0.9999999847 0.9986855162 -2.502186 0.5775453401 0.9718672814 nan nan
14 165903 8837 8837 0 0.866460517 0.2096795204 0.3096833535 0.9983152512 0.6886318977 0.002475218115 0.9999998997 0.9975246816 -1.903867888 0.5647242883 0.8719324238 nan nan
15 43359 2140 2140 0 0.3632249301 0.04558944808 0.3072717529 0.4485655511 0.1412937982 0.09560699903 0.70083585 0.6052288509 1.35780827 0.0847448096 0.3354674392 nan nan
16 50026 1248 1246 2 0.6843319879 0.2637124943 0.1081872666 0.9932412307 0.8850539641 0.007668268694 0.9999999988 0.9923317301 -0.7177354173 0.6493822121 0.6561409802 nan nan
17 61863 434 434 0 0.6675795474 0.1605292572 0.1729574559 0.6913884926 0.5184310367 0.09405040396 0.7285025794 0.6344521754 -2.310549635 0.4976540692 0.5765611212 nan nan
18 120454 12566 12566 0 0.7921564287 0.06275223885 0.7243918745 0.9202896951 0.1958978207 0.3969617276 0.9645353351 0.5675736075 0.2647645236 0.1212438136 0.4029972684 nan nan
19 32794 286 286 0 0.4789606457 0.1088740603 0.391772979 0.6939689896 0.3021960106 0.1894484677 0.9898254606 0.8003769929 2.420321206 0.2646043987 0.5269199405 nan nan
20 110203 1784 1784 0 0.4027040527 0.07266614481 0.2986767757 0.5081111436 0.2094343679 0.2192722954 0.7038176037 0.4845453083 0.5155213052 0.1219907383 0.2870917105 nan nan
21 59987 335 335 0 0.70947321 0.2309925672 0.2755837278 0.9973061855 0.7217224577 0.06443574578 0.9999965192 0.9355607734 -0.7574928616 0.7229608574 0.9341088394 nan nan
22 65627 751 57 694 0.1221957145 0.2186437026 0.1087563761 0.6830595971 0.574303221 0.1037537261 0.6878381081 0.5840843821 1.5946699 nan nan nan nan
23 153188 3577 3577 0 0.8780067926 0.2003094518 0.3096980706 0.9980048455 0.6883067749 0.004732944403 0.9999999967 0.9952670523 -2.338207885 0.6390449628 0.944010089 nan nan
24 69136 1596 1596 0 0.8004894028 0.1022305615 0.7275523384 0.9128635814 0.185311243 0.09393560652 0.9416817914 0.8477461849 -4.32891059 0.1053904441 0.7265868529 nan nan
25 167830 1814 1814 0 0.9060447747 0.2144977677 0.2707703969 0.9989561229 0.7281857259 0.0001671890931 0.9999999262 0.9998327371 -2.134137762 0.7249645975 0.9955678053 nan nan
26 148588 7200 7199 1 0.8751450392 0.1724043528 0.449095393 0.9979687113 0.5488733183 0.0005999373988 0.9999999761 0.9994000387 -2.545577098 0.4961545449 0.9446500005 nan nan
27 167957 2 2 0 0.7303968877 0.006826872716 0.7242527023 0.7365410732 0.01228837089 0.723570015 0.7372237604 0.01365374543 nan 0.01297105816 0.01365374543 nan nan
28 12157 744 744 0 0.5927947354 0.2122877402 0.2093313973 0.8866443318 0.6773129345 0.07425558741 0.9996046857 0.9253490983 -0.1889754837 0.3925534527 0.5029433236 nan nan
29 24196 3709 3709 0 0.479958872 0.04667117672 0.3838851965 0.5269698443 0.1430846478 0.3708560992 0.5317778053 0.160921706 -0.5029142478 0.08588513184 0.09891422908 nan nan
30 45291 13141 13140 1 0.7608560648 0.1497995274 0.6002352658 0.9948629955 0.3946277297 0.09315892252 0.999999994 0.9068410715 -0.7929316695 0.2227853463 0.6832467012 nan nan
31 88569 2769 2766 3 0.3244461062 0.04985965577 0.2812787034 0.4179503889 0.1366716855 0.1841024584 0.7003952306 0.5162927722 1.994518001 0.09442422657 0.3704384972 nan nan
32 176015 15556 15556 0 0.8327793597 0.1683591949 0.5657904686 0.9976632665 0.4318727979 0.002972835345 0.9999999976 0.9970271622 -1.487339157 0.2347953984 0.7976130316 nan nan
33 116002 11138 11137 1 0.6885955453 0.1219871396 0.5961691222 0.9453716225 0.3492025003 0.0007192626071 0.9999999262 0.9992806636 -1.051209846 0.2963871315 0.6846320462 nan nan
34 29608 452 452 0 0.8082714564 0.2226946091 0.3742366046 0.9968181096 0.622581505 0.0358819124 0.9999986823 0.9641167699 -0.9950786986 0.5584544178 0.89680911 nan nan
35 52314 3886 3886 0 0.4755260219 0.05236910872 0.3948553601 0.5210974613 0.1262421012 0.09462640143 0.7006735322 0.6060471308 -1.081063741 0.07405328512 0.3700164474 nan nan
36 31348 168 168 0 0.2140550226 0.07214697377 0.1837133032 0.2453727132 0.06165940997 0.1774501763 0.6907080506 0.5132578743 5.702540729 0.05224232595 0.4975776634 nan nan
37 165874 9677 9677 0 0.9592009074 0.09658418303 0.8079187045 0.9995342651 0.1916155606 0.07995581711 0.9999999981 0.920044181 -5.033713299 0.1560322795 0.8839951669 nan nan
38 33505 629 629 0 0.7492086556 0.243080328 0.1898415229 0.9923608228 0.8025193 0.0714927134 0.9999962319 0.9285035185 -0.8605175012 0.5268762272 0.5345116363 nan nan
39 80819 7644 7644 0 0.9527477922 0.2231877868 0.2684027835 0.9994669134 0.7310641299 1.887149263e-05 0.9999999998 0.9999811283 -2.220479476 0.4258094399 0.6941933519 nan nan
40 37316 871 870 1 0.6611972092 0.1700498067 0.1772116583 0.6890112521 0.5117995938 0.09500276807 0.7144767977 0.6194740297 -1.474950681 0.4864206004 0.5686294906 nan nan
41 8287 2550 2550 0 0.347943479 0.02755820128 0.3152411866 0.3772061628 0.0619649762 0.3055709633 0.5154599078 0.2098889445 2.481135995 0.03549319141 0.1724785831 nan nan
42 33249 308 308 0 0.3303313582 0.05230411278 0.2769299086 0.43827091 0.1613410014 0.1010133401 0.4829304419 0.3819171018 0.2678922471 0.1125439946 0.2304207091 nan nan
43 30636 813 813 0 0.6431536864 0.1574747461 0.1709802915 0.6588824739 0.4879021824 0.07522005048 0.6967274249 0.6215073745 -2.091530983 0.4769332252 0.5726934662 nan nan
44 39017 636 629 7 0.7480353473 0.2048248271 0.3923300346 0.999049932 0.6067198974 0.09343203222 0.999999759 0.9065677267 -0.2734332009 0.4913700766 0.7902680789 nan nan

K=45, phase=forward, parameter=w [deg]
cluster representative_source n_cluster n_valid n_missing median std p05 p95 width90 minimum maximum range skewness error95 error_max angle_origin_deg angle_resultant
0 144351 45608 45606 2 -20.87581362 85.61279638 -80.73340785 120.8264647 201.5598726 -150.6328208 123.8275454 274.4603662 0.07023014046 177.6810424 179.9999975 338.5106217 0.108540834
1 23915 4561 4560 1 -0.4364287133 4.31950451 -6.200957984 8.047692373 14.24865036 -7.39311265 15.0014272 22.39453985 0.5774472177 8.429063825 15.38279865 307.1240139 0.9971622411
2 23568 825 6 819 -8.007026137 69.07716766 -136.6529664 31.14524053 167.7982069 -176.6621941 42.54543856 219.2076327 -1.990857805 nan nan 228.621444 0.6125609618
3 167952 2141 2141 0 8.043422074 54.54608561 -77.28471827 73.78213073 151.066849 -84.52777402 111.5597388 196.0875129 -0.08525125184 153.9674053 161.2104611 24.50220128 0.5968070555
4 48782 6026 6026 0 -5.043492474 15.60646103 -11.69251262 39.37312302 51.06563563 -53.95365897 108.4768533 162.4305122 2.060311042 46.86004672 115.963777 299.0418572 0.9644929951
5 51611 1255 1255 0 4.546342833 58.76978753 -133.6898306 40.57385396 174.2636846 -142.4985014 55.30832222 197.8068236 -1.226172392 164.3832052 173.191876 42.34086526 0.6153470086
6 34556 417 417 0 -4.108057892 51.52184236 -39.32472646 107.1661943 146.4909208 -121.5475377 154.2789724 275.8265101 0.9237370843 137.9443823 179.1291598 331.4941476 0.6731335145
7 28151 1230 1230 0 -3.709978015 24.11886557 -36.95160689 40.8272953 77.77890219 -118.1821601 101.8516142 220.0337743 0.2209975241 50.9519162 111.8200049 330.1185344 0.9160920085
8 40083 898 898 0 -6.396870853 16.44316321 -10.89845813 34.84482302 45.74328116 -68.44471636 53.60409259 122.0488089 0.6366753988 42.93044836 63.26451373 301.3327173 0.9604671703
9 175498 2764 2764 0 -3.32712693 16.42758126 -17.34116619 29.55210703 46.89327322 -31.2997445 127.5414027 158.8411472 2.090379762 29.01173193 126.8650836 21.32433395 0.9620912533
10 9905 4957 4957 0 -1.386939958 10.41831374 -6.455688072 13.96323216 20.41892023 -86.0017655 140.8349286 226.8366941 8.354394403 16.6159307 143.4579467 299.8400957 0.987391318
11 210090 3039 3039 0 36.91524925 59.01598098 -105.44377 83.01277309 188.4565431 -106.416753 123.2655928 229.6823458 -0.2956377975 149.0401599 150.0131429 3.058518039 0.5488952501
12 22717 781 781 0 -4.469470459 81.6709309 -27.60306744 154.9600893 182.5631567 -152.0219541 161.688812 313.7107661 0.531345097 159.8864401 166.6151628 299.7705644 0.2864889889
13 156237 2361 2361 0 1.728494793 83.0127154 -164.6539131 43.35377942 208.0076925 -170.3712478 120.262337 290.6335848 -0.5214120899 166.018716 171.7360508 255.2819172 0.2783613198
14 165903 8837 8837 0 -13.06636482 84.04138254 -19.58765872 163.9056842 183.4933429 -178.8550359 179.8457039 358.7007398 0.4523418326 177.4869965 179.9895522 286.0036753 0.2408870644
15 43359 2140 2140 0 -4.168592044 10.85924649 -9.117118054 24.54797797 33.66509602 -31.2811269 61.62294144 92.90406834 1.853447098 29.48968014 66.56464362 302.9155731 0.9823823632
16 50026 1248 1246 2 -29.84843881 63.77593228 -101.4377624 88.2842761 189.7220385 -179.2010339 123.5276589 302.7286928 -0.01156890822 171.0409057 179.9769217 328.0186858 0.5036975952
17 61863 434 434 0 -4.951883352 23.52960437 -14.94570124 68.02997111 82.97567235 -74.56292745 101.8711095 176.434037 2.182963168 76.35399391 110.1951323 322.5539328 0.9256432032
18 120454 12566 12566 0 -3.140789024 12.07664623 -9.919132609 23.17640447 33.09553708 -172.6989066 175.8204909 348.5193975 3.42964687 28.1353795 179.2661943 267.771884 0.980223378
19 32794 286 286 0 -3.030217065 24.03109692 -23.34317613 37.85184261 61.19501874 -29.69099349 148.4744729 178.1654664 2.884037832 48.99992836 159.6225587 28.25199872 0.9296972965
20 110203 1784 1784 0 -0.5303940406 17.24802907 -36.91202811 27.30477439 64.2168025 -41.04868752 137.3529728 178.4016603 -0.05182181771 36.89915108 137.9230094 335.5852675 0.9564141316
21 59987 335 335 0 29.63445383 75.60540727 -91.96441405 124.8007446 216.7651586 -165.8828768 178.9901755 344.8730524 0.04686439393 159.3525039 176.1637311 24.26767775 0.3244232834
22 65627 751 57 694 -8.489811471 27.7843018 -21.84298363 56.96038884 78.80337247 -24.19236634 57.56717622 81.75954256 1.38851176 nan nan 233.1101726 0.8897564525
23 153188 3577 3577 0 -3.5668346 36.07199285 -29.8098752 88.77742566 118.5873009 -179.198224 179.9890204 359.1872444 1.066593999 94.98964167 178.7959108 357.0855873 0.8575279178
24 69136 1596 1596 0 -0.1742957786 9.307533036 -9.200644936 11.1278409 20.32848583 -67.65528563 90.81583215 158.4711178 -0.3636000334 15.5808973 94.66709732 314.473225 0.987590124
25 167830 1814 1814 0 8.236688027 86.13994555 -161.1812228 54.20399329 215.3852161 -164.9710393 154.8704581 319.8414974 -0.3050054477 170.7035231 174.4933396 248.7488735 0.2159750449
26 148588 7200 7199 1 -9.026204072 80.03203036 -174.4550913 53.56413814 228.0192294 -179.99189 179.9832225 359.9751126 -0.6490002089 165.5881785 179.5593365 267.2747596 0.4812383146
27 167957 2 2 0 -2.842170943e-14 13.18302478 -11.8647223 11.8647223 23.72944461 -13.18302478 13.18302478 26.36604956 nan 25.04774708 26.36604956 358.3002191 0.9736465144
28 12157 744 744 0 6.760360445 38.64754734 -58.53248646 13.961037 72.49352346 -177.972863 176.9762953 354.9491583 -1.610777863 79.50935137 178.7545723 87.65081356 0.8523959343
29 24196 3709 3709 0 -3.273234563 12.02619789 -11.88060893 32.54803131 44.42864024 -12.6899522 47.74587014 60.43582234 1.833079348 37.33137207 52.52921091 305.0021042 0.9785170215
30 45291 13141 13140 1 -7.371365389 45.40593641 -10.53548211 124.6432874 135.1787695 -86.02728263 154.0542466 240.0815292 2.100524748 134.9533804 164.3643396 296.5797611 0.7785299123
31 88569 2769 2766 3 -2.831497071 13.80727872 -15.27776067 29.09456049 44.37232116 -17.04862433 70.11912376 87.16774809 1.454251615 34.50066302 75.52522629 316.0664224 0.9717251501
32 176015 15556 15556 0 -14.1013368 65.39269022 -31.21643625 132.9136043 164.1300405 -174.2224313 178.3634768 352.5859081 0.9496039649 161.21738 179.9914736 307.2489834 0.5166610926
33 116002 11138 11137 1 -4.232726296 36.3215692 -25.98260169 128.0112678 153.9938695 -29.31452937 178.2620339 207.5765633 2.83601177 138.4391778 176.1222411 284.2874059 0.8643294104
34 29608 452 452 0 22.82599916 65.07192253 -119.5775489 61.99393385 181.5714827 -155.9722813 179.6642086 335.6364899 -0.3080325638 153.0799105 177.1693073 349.9474844 0.5053556469
35 52314 3886 3886 0 -0.4885043021 14.89486313 -18.01808706 20.48514204 38.5032291 -62.57246042 148.3427216 210.9151821 2.941711781 26.2340411 154.0061509 315.5066784 0.9704581562
36 31348 168 168 0 -1.3170365 15.73966457 -13.67740497 27.64615544 41.32356041 -61.57677598 52.10539914 113.6821751 -0.2823346237 39.59264825 63.51229108 353.3369353 0.9641989622
37 165874 9677 9677 0 3.478222372 78.92802468 -168.3204791 9.260633824 177.5811129 -173.6142537 149.5098549 323.1241086 -0.8239690906 173.5250872 178.8188618 257.5237327 0.4147805609
38 33505 629 629 0 43.49565872 72.32089794 -90.65720757 87.7845756 178.4417832 -126.7968573 104.7845145 231.5813718 0.007725943497 169.4294616 178.1850922 4.243688064 0.3211420362
39 80819 7644 7644 0 -4.950591504 53.29532916 -61.6968416 65.30236492 126.9992065 -175.6490711 70.58785035 246.2369215 -0.1730270226 116.2239573 176.4966036 352.7561156 0.6172220249
40 37316 871 870 1 -12.75880507 28.15413232 -21.79169953 62.08142569 83.87312522 -83.51989645 96.65574173 180.1756382 1.186215762 79.56142709 114.1357431 315.8884817 0.8874634468
41 8287 2550 2550 0 -1.486706251 7.123039995 -4.184723524 5.180325238 9.365048761 -4.302552916 68.57616356 72.87871648 6.061395014 8.405359584 71.80119791 296.4594715 0.9927538906
42 33249 308 308 0 -4.276142854 20.5935332 -26.47437174 38.22656041 64.70093215 -30.46189479 85.94886222 116.410757 0.9095604254 50.45692394 98.17922575 19.94935836 0.9379072948
43 30636 813 813 0 -7.666727301 33.10909391 -12.64201331 83.30293804 95.94495135 -91.97901113 138.8171094 230.7961206 1.54899788 92.9339614 148.4481328 304.964276 0.8603065
44 39017 636 629 7 8.692313044 65.37055293 -148.0818566 47.37342523 195.4552818 -179.3100091 179.0156662 358.3256753 -0.6869058739 165.7418591 179.6747834 43.52473382 0.5465674279

K=50, STD=0.01004631963
n = trajectories per cluster; conditions overlap.
n = 1: clusters=1/50 (2.00%); trajectories=1/194124 (0.00%)
n < 10: clusters=1/50 (2.00%); trajectories=1/194124 (0.00%)
n < 100: clusters=1/50 (2.00%); trajectories=1/194124 (0.00%)

K=50, phase=backward, parameter=a [km]
cluster representative_source n_cluster n_valid n_missing median std p05 p95 width90 minimum maximum range skewness error95 error_max angle_origin_deg angle_resultant
0 155584 12184 0 12184 nan nan nan nan nan nan nan nan nan nan nan nan nan
1 24196 3715 3715 0 208532.7898 3048.217928 203979.1715 213621.1441 9641.972553 202700.1039 216161.9384 13461.83452 0.1219495225 5435.567885 7105.650965 nan nan
2 23568 824 824 0 238995.3154 1757.496265 235563.1615 240775.3763 5212.214802 233499.791 240887.1301 7387.339134 -0.4487043942 3710.355411 5773.725885 nan nan
3 171049 2417 0 2417 nan nan nan nan nan nan nan nan nan nan nan nan nan
4 50148 5559 5559 0 209628.3675 3495.91891 204827.8818 215627.5283 10799.64644 204471.9973 217576.1751 13104.17774 0.1735336207 5742.141119 7098.82247 nan nan
5 51611 1286 0 1286 nan nan nan nan nan nan nan nan nan nan nan nan nan
6 20504 378 378 0 237376.0089 1086.858251 235904.8618 239089.0548 3184.193035 234416.5233 240550.088 6133.564677 0.3279617535 1885.303305 3094.661419 nan nan
7 27924 1214 1214 0 223200.7895 4879.272831 214251.3 230173.1197 15921.81969 211452.7525 232857.8625 21405.10999 -0.2820678562 8702.125199 10771.58629 nan nan
8 76903 285 285 0 202098.0782 2998.551426 195435.6655 204068.479 8632.813565 193052.5207 233991.1882 40938.66749 3.150475846 6909.400573 32334.75384 nan nan
9 78960 18817 0 18817 nan nan nan nan nan nan nan nan nan nan nan nan nan
10 9905 4965 4965 0 221736.3872 4019.905776 214943.5849 227636.0173 12692.4324 213219.7551 235166.0842 21946.32902 -0.07495111102 7562.542755 12786.45182 nan nan
11 210447 3063 0 3063 nan nan nan nan nan nan nan nan nan nan nan nan nan
12 22498 655 655 0 235503.3148 1221.3673 234235.908 236231.3033 1995.395396 210930.0619 236704.8036 25774.74172 -12.65959496 1324.318291 24630.16438 nan nan
13 152421 1773 0 1773 nan nan nan nan nan nan nan nan nan nan nan nan nan
14 166474 8815 0 8815 nan nan nan nan nan nan nan nan nan nan nan nan nan
15 43359 2140 2140 0 199332.707 2204.187959 197049.2698 203758.2482 6708.978364 193076.1974 204479.9056 11403.70818 0.4449615272 5453.667352 6175.324801 nan nan
16 41854 7409 7409 0 225643.4926 5153.455132 217383.0443 232850.6363 15467.59192 215422.8506 235326.9601 19904.10953 -0.07147947114 10145.02911 12621.35297 nan nan
17 61863 433 433 0 201843.4653 1276.152276 201065.5022 204157.5642 3092.061963 193064.5732 204479.1362 11414.56302 -2.371084671 2572.203976 8585.080674 nan nan
18 120454 12525 0 12525 nan nan nan nan nan nan nan nan nan nan nan nan nan
19 30745 271 271 0 238584.8954 2421.77174 233776.3566 240998.3912 7222.03464 232642.0481 241041.6789 8399.630838 -0.4547023276 4695.423555 5829.732056 nan nan
20 110203 1784 1784 0 209112.9824 6002.03642 204437.1891 219741.2028 15304.01365 202591.0563 233065.61 30474.55367 1.689181607 10365.00866 23689.41587 nan nan
21 78354 269 269 0 224776.0203 4572.869849 217475.2014 234677.0023 17201.80088 209021.0362 235570.6547 26549.61848 -0.07452425618 12279.11134 13449.72359 nan nan
22 65262 717 717 0 231105.9229 3611.263325 225141.5234 235023.0295 9881.506112 210622.9716 236339.9388 25716.96717 -1.274444707 7640.5219 16972.2879 nan nan
23 151422 3376 0 3376 nan nan nan nan nan nan nan nan nan nan nan nan nan
24 69514 1548 1548 0 203503.6042 697.0525673 202207.539 204411.4757 2203.936695 201890.0448 204528.5522 2638.507395 -0.3086715045 1194.557468 1375.227432 nan nan
25 168114 1774 0 1774 nan nan nan nan nan nan nan nan nan nan nan nan nan
26 148588 6986 0 6986 nan nan nan nan nan nan nan nan nan nan nan nan nan
27 167957 1 0 1 nan nan nan nan nan nan nan nan nan nan nan nan nan
28 12828 588 588 0 238881.773 1336.08147 236481.0186 239958.0843 3477.065687 229129.6108 240991.0145 11861.40369 -2.111826809 2223.482624 9542.554851 nan nan
29 34556 417 417 0 211058.1719 8701.054086 203078.3584 231227.9657 28149.60733 201468.0126 234569.7243 33101.7117 0.7054468625 18634.39635 21976.15491 nan nan
30 48939 6961 6961 0 225731.8103 4654.503186 218450.4306 233230.8514 14780.42078 212870.5637 236341.027 23470.46337 -0.001372832242 9864.718738 12958.79484 nan nan
31 88569 2769 2769 0 198259.5707 2473.532118 195778.7194 203324.1621 7545.442746 195334.9647 204531.5637 9196.599051 0.4728649504 5826.416166 7033.817798 nan nan
32 176015 15599 0 15599 nan nan nan nan nan nan nan nan nan nan nan nan nan
33 116002 11190 0 11190 nan nan nan nan nan nan nan nan nan nan nan nan nan
34 29608 442 442 0 238637.8102 2094.967731 234387.9888 240901.9736 6513.984859 233631.3229 241125.0718 7493.748847 -0.4872310846 4146.229692 4902.89551 nan nan
35 52314 3885 3885 0 200423.8136 1637.103275 198281.296 203690.0733 5408.777388 193167.7014 204535.186 11367.48462 0.3169159008 4363.60377 6169.618991 nan nan
36 31348 165 165 0 216694.3526 8607.923287 202728.3127 230813.1683 28084.85554 201334.3447 231255.9631 29921.6184 -0.03304936835 14410.94126 15360.00786 nan nan
37 165589 9558 0 9558 nan nan nan nan nan nan nan nan nan nan nan nan nan
38 35110 1164 1164 0 233888.7908 1295.156297 232179.0468 236513.065 4334.018263 230315.5884 237642.5613 7326.97287 0.4487134038 2594.772511 3773.142003 nan nan
39 80416 7244 7244 0 211200.9678 3562.238626 205942.5019 217116.9538 11174.45193 202642.9673 219276.2447 16633.27733 0.0866600322 6599.538077 9894.480641 nan nan
40 37316 864 864 0 210002.4027 4208.828654 204090.3252 217579.8226 13489.49746 202619.3808 230038.8539 27419.47306 0.3582435823 7655.497716 19237.66974 nan nan
41 8157 2550 2550 0 213699.8942 5187.150993 205589.6522 222187.5021 16597.84996 204384.0732 224732.4004 20348.32721 0.0508969006 8908.388695 11380.67449 nan nan
42 35310 320 320 0 237230.9754 5095.136582 225068.3945 241020.4708 15952.07637 221252.7269 241085.7226 19832.99575 -0.9749024155 12565.67642 16381.34403 nan nan
43 30636 801 801 0 223552.6476 4977.306206 215398.709 230957.244 15558.53498 212798.2372 236243.055 23444.81783 -0.06854923487 8822.213282 14014.67338 nan nan
44 83559 808 808 0 224447.5166 4857.587766 216741.382 232514.6964 15773.31431 214788.0643 235481.1536 20693.08937 0.05834318627 10013.6612 12980.11847 nan nan
45 23915 4561 4561 0 222616.9834 5384.75778 212550.9214 229550.8926 16999.97116 210266.2303 230946.3375 20680.10726 -0.3096351106 9116.591333 11318.57632 nan nan
46 35907 884 884 0 218690.2873 8336.62574 205876.6594 231637.604 25760.94463 204490.4459 235537.6775 31047.23166 0.09111064011 14280.94624 18181.01976 nan nan
47 170879 15630 0 15630 nan nan nan nan nan nan nan nan nan nan nan nan nan
48 179044 1231 0 1231 nan nan nan nan nan nan nan nan nan nan nan nan nan
49 222546 1310 0 1310 nan nan nan nan nan nan nan nan nan nan nan nan nan

K=50, phase=backward, parameter=e [-]
cluster representative_source n_cluster n_valid n_missing median std p05 p95 width90 minimum maximum range skewness error95 error_max angle_origin_deg angle_resultant
0 155584 12184 0 12184 nan nan nan nan nan nan nan nan nan nan nan nan nan
1 24196 3715 3715 0 0.4556711184 0.02293094195 0.4171343064 0.4897016336 0.07256732716 0.39744991 0.4992001343 0.1017502243 -0.1359697526 0.04078344546 0.05432304452 nan nan
2 23568 824 824 0 0.1951034257 0.01929287384 0.1739809047 0.2309128631 0.0569319584 0.1726509316 0.2504354263 0.07778449472 0.3756747967 0.04030463374 0.05982719694 nan nan
3 171049 2417 0 2417 nan nan nan nan nan nan nan nan nan nan nan nan nan
4 50148 5559 5559 0 0.4471815577 0.02647507086 0.4013869038 0.4832338078 0.08184690399 0.3857847462 0.4859440262 0.10015928 -0.1879376862 0.04331059022 0.055039311 nan nan
5 51611 1286 0 1286 nan nan nan nan nan nan nan nan nan nan nan nan nan
6 20504 378 378 0 0.212040458 0.01151930747 0.1936098845 0.227312317 0.0337024325 0.1768589676 0.2415276911 0.06466872345 -0.4098214729 0.01935822558 0.03375884227 nan nan
7 27924 1214 1214 0 0.3410863047 0.0398484439 0.2823702474 0.4121882064 0.129817959 0.2564852446 0.4335582843 0.1770730397 0.2181937395 0.0719144815 0.09407101647 nan nan
8 76903 285 285 0 0.5035947607 0.02302516104 0.4889712783 0.5528494834 0.06387820513 0.2463159419 0.5704977882 0.3241818463 -3.945375769 0.05111059879 0.2605158533 nan nan
9 78960 18817 0 18817 nan nan nan nan nan nan nan nan nan nan nan nan nan
10 9905 4965 4965 0 0.3536956796 0.03237439196 0.304823735 0.4070519656 0.1022282306 0.237597162 0.4203174498 0.1827202878 0.01850456636 0.05988107664 0.1109444641 nan nan
11 210447 3063 0 3063 nan nan nan nan nan nan nan nan nan nan nan nan nan
12 22498 655 655 0 0.2315387103 0.01088545816 0.224074557 0.2438978899 0.01982333291 0.2191744919 0.4379670055 0.2187925136 10.74001229 0.01293085395 0.2069999695 nan nan
13 152421 1773 0 1773 nan nan nan nan nan nan nan nan nan nan nan nan nan
14 166474 8815 0 8815 nan nan nan nan nan nan nan nan nan nan nan nan nan
15 43359 2140 2140 0 0.5241559929 0.01629551411 0.4914330202 0.5410122148 0.04957919468 0.4856928452 0.570313305 0.08462045983 -0.4474825084 0.04034648049 0.04608665547 nan nan
16 41854 7409 7409 0 0.3209979654 0.04344236537 0.2573509761 0.3876953276 0.1303443515 0.2337113159 0.4030672241 0.1693559082 0.003974483733 0.08793042702 0.1115700872 nan nan
17 61863 433 433 0 0.5054934039 0.009460910468 0.4882672349 0.511241274 0.02297403909 0.4857160248 0.5704147561 0.08469873131 2.351989814 0.01917297715 0.06348908267 nan nan
18 120454 12525 0 12525 nan nan nan nan nan nan nan nan nan nan nan nan nan
19 30745 271 271 0 0.1991468507 0.02584104604 0.1712405673 0.247734315 0.07649374765 0.1705551028 0.2616884088 0.09113330598 0.372358723 0.04829694803 0.0622510418 nan nan
20 110203 1784 1784 0 0.4508833125 0.04734859191 0.3686510963 0.486274987 0.1176238906 0.2545274949 0.499793732 0.2452662371 -1.845011723 0.0802109154 0.1943345169 nan nan
21 78354 269 269 0 0.3279344547 0.03870916532 0.2390812344 0.3869083695 0.1478271351 0.2312524612 0.4515697256 0.2203172644 -0.114574221 0.1076609793 0.1154897526 nan nan
22 65262 717 717 0 0.2732100268 0.03186913886 0.236115383 0.3251078175 0.08899243448 0.2257344318 0.4402835466 0.2145491148 1.081502849 0.06920331802 0.1364109296 nan nan
23 151422 3376 0 3376 nan nan nan nan nan nan nan nan nan nan nan nan nan
24 69514 1548 1548 0 0.4930948636 0.005194082028 0.4863122265 0.5027395573 0.01642733078 0.4853613783 0.5050900128 0.01972863449 0.3060479805 0.008904474056 0.01020606719 nan nan
25 168114 1774 0 1774 nan nan nan nan nan nan nan nan nan nan nan nan nan
26 148588 6986 0 6986 nan nan nan nan nan nan nan nan nan nan nan nan nan
27 167957 1 0 1 nan nan nan nan nan nan nan nan nan nan nan nan nan
28 12828 588 588 0 0.1962687017 0.01415166613 0.1830383336 0.2215740186 0.03853568497 0.1713995508 0.291390064 0.1199905132 1.795834614 0.02448653096 0.09310073984 nan nan
29 34556 417 417 0 0.4365459012 0.06858786914 0.2725223289 0.4961886015 0.2236662726 0.2400240368 0.5082489392 0.2682249024 -0.7820801521 0.1523355982 0.1848338902 nan nan
30 48939 6961 6961 0 0.3200893624 0.03934508625 0.2539053642 0.3791208889 0.1252155247 0.222687985 0.4229543097 0.2002663247 -0.07741189567 0.08571059019 0.1169279694 nan nan
31 88569 2769 2769 0 0.5320472175 0.01835658076 0.4943772251 0.5504010925 0.05602386735 0.4852904289 0.5536543787 0.06836394981 -0.475973338 0.04324711728 0.05233391353 nan nan
32 176015 15599 0 15599 nan nan nan nan nan nan nan nan nan nan nan nan nan
33 116002 11190 0 11190 nan nan nan nan nan nan nan nan nan nan nan nan nan
34 29608 442 442 0 0.1986693622 0.0224847628 0.1723534028 0.2419180389 0.06956463619 0.1697173735 0.2491447977 0.07942742422 0.3928925807 0.04313165172 0.05035841051 nan nan
35 52314 3885 3885 0 0.5160033986 0.01212835206 0.4918179846 0.5318902087 0.04007222408 0.4852822681 0.5696656159 0.08438334781 -0.3198092377 0.0323695889 0.0455611293 nan nan
36 31348 165 165 0 0.3932787279 0.06783778793 0.2766516429 0.4988307983 0.2221791554 0.2726984998 0.50927785 0.2365793502 -0.04342082648 0.116627085 0.1205802281 nan nan
37 165589 9558 0 9558 nan nan nan nan nan nan nan nan nan nan nan nan nan
38 35110 1164 1164 0 0.2470995959 0.01262904857 0.2208606397 0.2631207154 0.04226007575 0.2090315258 0.2799001314 0.07086860556 -0.5511201434 0.02566750969 0.03609314825 nan nan
39 80416 7244 7244 0 0.4351567504 0.02716794786 0.3895787727 0.4748074157 0.08522864297 0.3725228284 0.4994531554 0.126930327 -0.1062003696 0.05003431748 0.074507588 nan nan
40 37316 864 864 0 0.4443935284 0.03206385063 0.3861615465 0.4887893901 0.1026278436 0.2823809241 0.4996205578 0.2172396338 -0.4093425798 0.05858811455 0.1560937984 nan nan
41 8157 2550 2550 0 0.4167021026 0.03983287132 0.3502597999 0.4778087467 0.1275489468 0.3289110522 0.4867764236 0.1578653714 -0.08561255036 0.06909935823 0.09044810593 nan nan
42 35310 320 320 0 0.2132075908 0.04945038302 0.1709101272 0.3252440681 0.1543339409 0.1700108998 0.3565319822 0.1865210825 0.7911910063 0.1166922945 0.1479802086 nan nan
43 30636 801 801 0 0.3387266024 0.04098973196 0.2753026674 0.4033130123 0.1280103449 0.2268033251 0.4232942501 0.196490925 -0.004538220484 0.07405471869 0.122554061 nan nan
44 83559 808 808 0 0.3307683367 0.04056429078 0.2600988025 0.3923327268 0.1322339243 0.2321358755 0.4075102382 0.1753743627 -0.141348802 0.08635170812 0.1143146352 nan nan
45 23915 4561 4561 0 0.3464292673 0.04346187587 0.2881157263 0.4252536321 0.1371379058 0.275559612 0.4426000064 0.1670403944 0.2502037773 0.07384227176 0.08792302762 nan nan
46 35907 884 884 0 0.3775832038 0.06700698262 0.2691218211 0.475356467 0.2062346458 0.2316081199 0.4858310559 0.254222936 -0.193139113 0.1189291144 0.1564428156 nan nan
47 170879 15630 0 15630 nan nan nan nan nan nan nan nan nan nan nan nan nan
48 179044 1231 0 1231 nan nan nan nan nan nan nan nan nan nan nan nan nan
49 222546 1310 0 1310 nan nan nan nan nan nan nan nan nan nan nan nan nan

K=50, phase=backward, parameter=w [deg]
cluster representative_source n_cluster n_valid n_missing median std p05 p95 width90 minimum maximum range skewness error95 error_max angle_origin_deg angle_resultant
0 155584 12184 0 12184 nan nan nan nan nan nan nan nan nan nan nan nan nan
1 24196 3715 3715 0 -0.8478808314 5.100864416 -4.376466859 17.13691502 21.51338188 -5.115055052 23.72294001 28.83799507 2.990384641 18.71036982 25.29639481 186.7159169 0.9960690655
2 23568 824 824 0 3.617982898 14.8085221 -24.81532755 17.40473062 42.22005817 -26.92349139 19.77856283 46.70205421 -0.4063122982 34.75680656 36.8649704 195.1032902 0.9669156952
3 171049 2417 0 2417 nan nan nan nan nan nan nan nan nan nan nan nan nan
4 50148 5559 5559 0 -0.8333018878 4.183772895 -4.645118681 9.711241331 14.35636001 -24.22190538 16.51257319 40.73447857 1.397783126 11.38853016 22.64535105 196.8382985 0.997341036
5 51611 1286 0 1286 nan nan nan nan nan nan nan nan nan nan nan nan nan
6 20504 378 378 0 0.422334979 5.002671047 -5.816650766 8.135147269 13.95179804 -28.86573592 13.54418498 42.4099209 -1.900125608 9.851291019 28.66748169 201.5021812 0.9962191681
7 27924 1214 1214 0 -5.236295897 10.61870879 -9.217656493 17.04968356 26.26734005 -32.94657147 17.33027411 50.27684558 0.6953586499 22.78475141 27.22720377 199.9044214 0.9829371524
8 76903 285 285 0 0.1962154507 5.223000303 -12.68099842 6.951327169 19.63232559 -19.2688548 9.858103458 29.12695826 -1.656053951 14.25387023 20.84172662 193.6696305 0.9958649333
9 78960 18817 0 18817 nan nan nan nan nan nan nan nan nan nan nan nan nan
10 9905 4965 4965 0 -0.2992759437 2.892761184 -3.677581936 6.912773448 10.59035538 -18.16233869 11.16596365 29.32830233 1.008428906 7.26656668 17.84207653 185.5650916 0.9987269109
11 210447 3063 0 3063 nan nan nan nan nan nan nan nan nan nan nan nan nan
12 22498 655 655 0 -0.008464933747 3.619239014 -5.157850407 4.076366231 9.234216637 -29.98108925 14.3274284 44.30851765 0.1843382591 5.527823899 29.60627204 201.4575139 0.9980132696
13 152421 1773 0 1773 nan nan nan nan nan nan nan nan nan nan nan nan nan
14 166474 8815 0 8815 nan nan nan nan nan nan nan nan nan nan nan nan nan
15 43359 2140 2140 0 -1.869719888 5.650873062 -6.242524595 12.1432079 18.3857325 -7.448142697 17.16323431 24.61137701 1.051277511 13.74096669 18.7609931 186.7923793 0.9951493467
16 41854 7409 7409 0 -1.401047037 4.82969526 -5.782423706 9.046164016 14.82858772 -34.75115067 15.11077977 49.86193044 0.6525471174 9.8697704 33.93519706 201.7349427 0.9964543137
17 61863 433 433 0 -0.8513034136 3.529359603 -3.817091045 6.718376809 10.53546785 -20.38305719 10.12444503 30.50750222 0.1274465561 8.735242429 18.6148614 194.1055393 0.9981058749
18 120454 12525 0 12525 nan nan nan nan nan nan nan nan nan nan nan nan nan
19 30745 271 271 0 5.418088379 14.40505351 -29.82633367 14.10585454 43.93218821 -34.31304096 14.52020778 48.83324874 -0.9211078741 37.73194434 42.21865164 201.5568805 0.9688236827
20 110203 1784 1784 0 3.398650137 10.5693071 -24.79821056 10.62808258 35.42629314 -25.80356149 12.7412981 38.54485959 -1.181341091 29.33140031 30.33675124 204.3392525 0.9831388708
21 78354 269 269 0 5.151516418 10.68811812 -16.11287508 6.845158622 22.95803371 -41.88771181 7.689227774 49.57693959 -2.048319358 20.82504909 46.59988582 209.0401244 0.9829587869
22 65262 717 717 0 10.19309589 19.68230641 -37.27780241 11.03462164 48.31242405 -37.49507586 11.2280909 48.72316676 -1.291717739 48.17877884 48.39605229 204.5503421 0.9425643051
23 151422 3376 0 3376 nan nan nan nan nan nan nan nan nan nan nan nan nan
24 69514 1548 1548 0 -0.09337990374 2.626894591 -3.84162092 4.298390868 8.140011788 -22.53311785 6.42130336 28.95442121 -0.6382200757 5.576793519 21.2585318 196.3318491 0.9989505644
25 168114 1774 0 1774 nan nan nan nan nan nan nan nan nan nan nan nan nan
26 148588 6986 0 6986 nan nan nan nan nan nan nan nan nan nan nan nan nan
27 167957 1 0 1 nan nan nan nan nan nan nan nan nan nan nan nan nan
28 12828 588 588 0 1.25128365 8.241093104 -15.11838383 10.45901676 25.57740058 -25.59843521 20.15231611 45.75075132 -0.7206218697 18.22081829 28.70086968 192.9425927 0.9897199806
29 34556 417 417 0 -3.363345168 9.051935549 -8.010677251 18.03569649 26.04637374 -30.46482833 19.06639318 49.53122151 0.4799041626 24.75767505 25.78837173 197.6371535 0.987597206
30 48939 6961 6961 0 0.5282709422 4.182282473 -7.210988199 4.786777985 11.99776618 -37.23709921 13.21751375 50.45461295 -3.188994391 7.655406782 37.65135689 204.3543881 0.9973661203
31 88569 2769 2769 0 -0.08881400191 6.229198524 -10.41457966 9.845426124 20.26000578 -13.23079847 12.34796913 25.57876761 -0.05582131247 11.48261761 14.29883642 192.8951283 0.9941021109
32 176015 15599 0 15599 nan nan nan nan nan nan nan nan nan nan nan nan nan
33 116002 11190 0 11190 nan nan nan nan nan nan nan nan nan nan nan nan nan
34 29608 442 442 0 4.13616203 14.10490709 -27.60057282 15.52178076 43.12235358 -30.89531285 16.87646535 47.7717782 -0.7398953036 37.21240319 40.50714322 199.1152202 0.9700425414
35 52314 3885 3885 0 -1.028002379 4.932130455 -6.547427648 9.689867459 16.23729511 -15.31777469 13.1135055 28.43128019 0.639152263 12.05880202 15.38927212 190.7253512 0.9963010366
36 31348 165 165 0 -0.7204469051 4.052267428 -3.704614048 6.342706694 10.04732074 -3.766769512 22.11962463 25.88639414 2.989958755 7.159967273 22.93688521 193.0184747 0.9975140111
37 165589 9558 0 9558 nan nan nan nan nan nan nan nan nan nan nan nan nan
38 35110 1164 1164 0 -0.0616249657 2.966103338 -5.052561268 6.275952476 11.32851374 -10.7614497 9.326894486 20.08834418 0.1574096928 6.933682183 11.02669268 207.3340746 0.9986614158
39 80416 7244 7244 0 -0.1379593748 3.638979848 -4.562306129 5.656838346 10.21914447 -31.89584774 10.89906038 42.79490812 -1.276747226 6.784061692 33.93557129 202.7700412 0.9979927712
40 37316 864 864 0 -4.282061095 8.252412621 -5.614255944 17.57636621 23.19062216 -25.84402271 21.23038518 47.07440789 1.228580979 22.22816645 25.88218542 195.4767938 0.9896827003
41 8157 2550 2550 0 -0.4254991802 3.755961563 -2.19035351 1.191517367 3.381870878 -2.604215662 34.32434967 36.92856533 6.844284397 1.896044055 35.00730636 180.7809775 0.9978943611
42 35310 320 320 0 7.570377085 17.0385718 -33.14142031 15.77042734 48.91184764 -34.49252305 15.85338035 50.3459034 -0.7747483049 43.36125314 44.71235589 201.4294262 0.9564668409
43 30636 801 801 0 -0.1789789619 7.183373692 -3.497837501 20.19950534 23.69734284 -28.3323381 22.0939081 50.42624619 -0.09104407631 21.11579159 28.58875035 195.2460464 0.9922500735
44 83559 808 808 0 2.740934153 10.90338468 -43.21256945 4.337298995 47.54986845 -45.09423294 4.522464759 49.6166977 -3.552638435 46.3336923 48.21535579 212.0944242 0.9826674002
45 23915 4561 4561 0 -0.1016255549 1.779867428 -2.815848007 3.037232118 5.853080125 -3.768105895 3.92398483 7.692090725 0.1360555203 4.525668696 5.477926584 190.3428506 0.9995175802
46 35907 884 884 0 0.01268997523 5.377010311 -4.044778371 8.576674077 12.62145245 -27.01852396 21.75656298 48.77508694 -0.1862129929 14.20959992 26.58652124 194.906964 0.9956370868
47 170879 15630 0 15630 nan nan nan nan nan nan nan nan nan nan nan nan nan
48 179044 1231 0 1231 nan nan nan nan nan nan nan nan nan nan nan nan nan
49 222546 1310 0 1310 nan nan nan nan nan nan nan nan nan nan nan nan nan

K=50, phase=forward, parameter=a [km]
cluster representative_source n_cluster n_valid n_missing median std p05 p95 width90 minimum maximum range skewness error95 error_max angle_origin_deg angle_resultant
0 155584 12184 12183 1 193121.205 84087.10716 188044.6684 341792.64 153747.9716 187998.576 1093940.343 905941.7669 5.296019038 153788.192 905935.895 nan nan
1 24196 3715 3715 0 205307.0761 6217.754816 198944.477 217961.714 19017.23705 198294.0356 219640.8443 21346.80871 0.482272867 11303.65089 12982.78114 nan nan
2 23568 824 6 818 741233.9103 6769286.859 336171.6691 14278691.11 13942519.44 205360.9493 18789119.65 18583758.71 2.444856066 nan nan nan nan
3 171049 2417 2417 0 229975.9463 330420.3862 208241.2763 277947.2914 69706.01513 188577.4119 16453922.65 16265345.24 48.94321157 45251.83663 16221227.2 nan nan
4 50148 5559 5559 0 202020.2785 5750.899508 192513.9176 208139.6041 15625.68643 190787.5147 291771.3033 100983.7886 3.244796336 9711.22551 89594.91489 nan nan
5 51611 1286 1286 0 1337879.928 917075.7785 200604.0462 3147351.651 2946747.605 197260.9786 4679542.026 4482281.047 0.6715621595 2345535.608 2348878.676 nan nan
6 20504 378 378 0 582505.3702 422225.4083 194635.2056 1182076.913 987441.7073 189498.2159 4513902.019 4324403.803 3.557560293 506146.3017 3837971.408 nan nan
7 27924 1214 1214 0 214823.881 9476.625205 202582.6407 231578.5953 28995.95461 200634.2129 289862.8952 89228.68228 1.807971295 16289.47707 72262.32304 nan nan
8 76903 285 285 0 207430.4198 26855.74279 206321.2897 290343.8214 84022.53165 201920.2899 291166.9449 89246.65501 2.359963219 83268.0379 84091.16144 nan nan
9 78960 18817 18817 0 193764.8775 93194.65055 188185.2499 361052.0029 172866.753 188028.9339 2140816.243 1952787.309 6.408731688 170854.3923 1950618.633 nan nan
10 9905 4965 4965 0 210620.2156 5471.744253 203579.7869 218605.5104 15025.72353 202485.611 280584.762 78099.15108 2.114978415 8597.330139 68491.28308 nan nan
11 210447 3063 3063 0 216009.8623 324186.0638 189582.2791 987177.0199 797594.7407 188318.3353 1139139.376 950821.0407 0.6250580914 562127.0316 563390.9755 nan nan
12 22498 655 655 0 349160.9182 107720.2811 192775.0868 482664.7181 289889.6313 189787.3275 711869.2181 522081.8906 0.5790850939 173781.2617 347043.8361 nan nan
13 152421 1773 1773 0 194782.2514 99499.41931 188307.0946 261669.7604 73362.66577 188195.978 3928762.039 3740566.061 30.11171484 71477.63316 3738569.911 nan nan
14 166474 8815 8815 0 199233.2801 180175.3259 188923.7582 285124.6074 96200.84915 188339.4372 7339324.742 7150985.305 32.23832628 87527.17705 7141727.312 nan nan
15 43359 2140 2140 0 220529.3318 5531.642584 209456.5156 227336.141 17879.62545 202188.8047 290122.6827 87933.87809 0.3368271285 11044.0664 69866.58977 nan nan
16 41854 7409 7408 1 211221.4264 120328.7659 191181.5194 280104.2456 88922.7262 189237.1821 1894268.983 1705031.801 7.410883955 69912.55178 1684077.289 nan nan
17 61863 433 433 0 209362.9502 15618.3799 208196.157 240876.6261 32680.46905 203213.3496 291191.5237 87978.17409 3.82840535 31658.19668 81973.09426 nan nan
18 120454 12525 12525 0 202967.0719 57783.04317 193495.9688 208005.7324 14509.76364 190143.7384 4813753.221 4623609.483 57.37181852 9136.542526 4611195.132 nan nan
19 30745 271 271 0 206698.8613 5584.357603 200887.0618 216362.6055 15475.54366 200728.3962 239637.9267 38909.53052 1.414655005 8074.411639 30800.97035 nan nan
20 110203 1784 1784 0 215402.1496 8407.123806 202014.898 228337.6183 26322.72022 200507.2677 236969.4175 36462.1498 0.02980832912 14676.80301 23308.60224 nan nan
21 78354 269 269 0 209165.7718 25824.57704 189651.8275 237595.7519 47943.92438 189478.0538 344661.8056 155183.7518 3.410804409 47480.59406 154546.6477 nan nan
22 65262 717 40 677 280725.2705 3108.377208 275452.6272 285066.1856 9613.558462 273988.6148 286486.0277 12497.41294 -0.196684369 nan nan nan nan
23 151422 3376 3376 0 196421.4042 237250.9707 188347.1748 292494.9166 104147.7419 188188.6076 9903671.596 9715482.989 36.04504998 101641.0679 9712817.748 nan nan
24 69514 1548 1548 0 201684.4377 5420.420613 193898.2841 206122.7783 12224.49421 191900.3895 288333.7519 96433.36243 6.15613617 7156.363067 87563.13099 nan nan
25 168114 1774 1774 0 195651.5257 752479.7707 188446.4706 367119.9688 178673.4982 188331.8518 8775147.526 8586815.674 7.84241041 178721.073 8586748.63 nan nan
26 148588 6986 6985 1 197104.3807 168617.5169 188416.1499 276791.4079 88375.25793 188239.9341 5805939.396 5617699.462 20.92238649 85466.2553 5614614.243 nan nan
27 167957 1 1 0 206642.0602 0 206642.0602 206642.0602 0 206642.0602 206642.0602 0 nan 0 0 nan nan
28 12828 588 588 0 686833.5224 887293.811 206365.4665 2354516.05 2148150.584 189465.639 8837569.013 8648103.374 3.535752394 1633055.65 8116108.613 nan nan
29 34556 417 417 0 210286.453 15110.23121 207951.7583 239961.35 32009.59167 206005.9538 290701.7456 84695.79177 2.878178975 29345.83445 80086.23003 nan nan
30 48939 6961 6954 7 200451.6626 51254.23952 189223.8825 223317.4394 34093.55691 188882.7471 1306594.606 1117711.859 14.3054885 22557.33028 1105834.497 nan nan
31 88569 2769 2766 3 225266.8596 5458.291442 213445.4275 230286.1057 16840.67824 205932.0361 239831.0223 33898.98617 -0.7966035641 11841.85408 18680.25863 nan nan
32 176015 15599 15599 0 203062.1217 683570.4036 189270.7575 243782.9113 54512.15384 188430.0851 76282242.54 76093812.45 96.56506698 38982.01799 76077441.64 nan nan
33 116002 11190 11189 1 211660.1007 120136.1671 192037.3283 224429.5564 32392.22801 188218.9593 5951144.654 5762925.694 33.8773555 24676.08307 5737958.648 nan nan
34 29608 442 442 0 203718.0023 836495.8341 188628.7942 1334530.045 1145901.251 188375.8048 9733554.719 9545178.914 6.351790609 1142168.563 9541193.237 nan nan
35 52314 3885 3885 0 206185.7634 7238.501385 199869.5038 216512.1577 16642.65393 199228.2887 290667.2668 91438.97806 4.571500508 9175.212307 83330.32137 nan nan
36 31348 165 165 0 237164.9242 4554.481347 234005.1681 239867.3347 5862.166637 209014.8963 240403.8576 31388.96133 -4.94564526 5030.922091 30021.1939 nan nan
37 165589 9558 9558 0 191480.039 61456.79053 188605.2028 205194.913 16589.71028 188345.5209 5879060.796 5690715.275 83.50210397 14475.33548 5688341.218 nan nan
38 35110 1164 1161 3 220399.0249 436402.0653 189532.2698 1288201.307 1098669.037 189245.1579 2802071.047 2612825.889 2.140292738 637788.7637 2151658.504 nan nan
39 80416 7244 7244 0 192356.3109 40876.34368 188634.7578 294603.5044 105968.7466 188402.7716 519281.0089 330878.2372 3.390025543 70848.96642 295526.4709 nan nan
40 37316 864 863 1 209523.9202 12156.30197 208339.3105 240447.6795 32108.36906 200845.7083 290444.1243 89598.41602 3.326158418 31048.28766 81044.73243 nan nan
41 8157 2550 2550 0 222483.2624 3584.453819 218761.7002 226461.1507 7699.450514 200496.666 227636.6918 27140.0258 -2.749754369 4451.917557 22716.95176 nan nan
42 35310 320 320 0 225023.9643 7092.492233 211224.5942 230755.8041 19531.2099 204851.5384 287295.2488 82443.71042 1.681404726 13927.12354 62869.82934 nan nan
43 30636 801 801 0 209963.9404 14932.39702 209692.6343 240982.0269 31289.39262 207916.3375 342072.9036 134156.5661 3.862952656 31166.89925 132257.776 nan nan
44 83559 808 791 17 200537.2996 469757.2344 188681.8903 1150504.359 961822.4682 188375.5304 7296020.845 7107645.315 6.222430926 959216.0209 7104732.507 nan nan
45 23915 4561 4560 1 198427.886 1924.897351 195964.5166 202231.8482 6267.331536 195345.8198 203423.1868 8077.367004 0.3674859412 5383.745537 6575.084165 nan nan
46 35907 884 884 0 209970.6226 24058.41332 207244.0606 214647.9743 7403.913742 199350.4792 342290.1338 142939.6546 4.518937969 6980.031112 132530.9141 nan nan
47 170879 15630 15629 1 192958.5633 95678.38789 188152.6215 383471.6155 195318.9939 188018.3425 4480813.766 4292795.424 9.177490208 195151.2755 4292493.426 nan nan
48 179044 1231 1231 0 237598.2471 3998.899706 234734.4881 239970.8971 5236.40904 204432.3038 291975.7241 87543.42031 2.943191869 3460.406352 53810.43282 nan nan
49 222546 1310 1310 0 231528.9192 2381283.547 226347.9855 287563.6252 61215.63963 202433.2601 36245110.86 36042677.6 8.679675573 57542.60779 36015089.84 nan nan

K=50, phase=forward, parameter=e [-]
cluster representative_source n_cluster n_valid n_missing median std p05 p95 width90 minimum maximum range skewness error95 error_max angle_origin_deg angle_resultant
0 155584 12184 12183 1 0.9449181322 0.2321239587 0.2563573019 0.9995433155 0.7431860136 5.248673245e-05 0.9999999985 0.9999475117 -1.893519449 0.7424578591 0.9987626743 nan nan
1 24196 3715 3715 0 0.4798586796 0.04679217797 0.3836065341 0.5269524457 0.1433459115 0.3704104316 0.5317778053 0.1613673737 -0.5022079757 0.08616379418 0.09935989676 nan nan
2 23568 824 6 818 0.3762516959 0.2592886691 0.3642385152 0.946692318 0.5824538028 0.3615873894 0.9768786834 0.615291294 1.044467278 nan nan nan nan
3 171049 2417 2417 0 0.290273116 0.2398830385 0.1257433664 0.7356442962 0.6099009298 0.09023827666 0.9998966324 0.9096583557 0.1980862166 0.4744758928 0.7387282289 nan nan
4 50148 5559 5559 0 0.8074879844 0.07636236705 0.7126704297 0.9336343178 0.2209638881 0.09275924696 0.9582645629 0.8655053159 -1.279879006 0.1287726778 0.7131740851 nan nan
5 51611 1286 1286 0 0.7565922726 0.08607012213 0.5921108329 0.8618392758 0.2697284429 0.5052535179 0.906897413 0.4016438951 -0.2794533689 0.235936903 0.322794218 nan nan
6 20504 378 378 0 0.4630629758 0.2278894106 0.183067643 0.9315080632 0.7484404202 0.1143021633 0.9998594752 0.8855573119 0.4445552231 0.5112975137 0.5796489257 nan nan
7 27924 1214 1214 0 0.4074588415 0.1196883622 0.2684007442 0.6579275923 0.3895268481 0.09601369634 0.6677377578 0.5717240615 0.6130427228 0.2727889755 0.2895567715 nan nan
8 76903 285 285 0 0.7073971588 0.1998706623 0.09524372944 0.7277489064 0.6325051769 0.09393560652 0.8485104772 0.7545748707 -2.344260699 0.6184076885 0.6197158114 nan nan
9 78960 18817 18817 0 0.916019148 0.2206325663 0.2559862455 0.9988477782 0.7428615327 3.774545329e-05 1 0.9999622545 -2.169373821 0.7027049892 0.9586534893 nan nan
10 9905 4965 4965 0 0.4402053787 0.04082263327 0.3786624914 0.4929063537 0.1142438624 0.1162355997 0.6971690835 0.5809334838 -0.7928767899 0.06455464088 0.3126905085 nan nan
11 210447 3063 3063 0 0.6429509962 0.2150374861 0.3866693575 0.9911289731 0.6044596157 0.006136354059 0.9999999862 0.9938636321 -0.1163292971 0.6040662917 0.6129373047 nan nan
12 22498 655 655 0 0.1978036381 0.4053867458 0.01230919755 0.9543492705 0.942040073 0.0006053674971 0.9951765647 0.9945711972 0.1880586093 0.9195036676 0.9603309618 nan nan
13 152421 1773 1773 0 0.9029255428 0.1718850499 0.4641815552 0.9985871462 0.534405591 0.001314468504 0.9999999847 0.9986855162 -2.763364584 0.4966533729 0.9595204596 nan nan
14 166474 8815 8815 0 0.8703164346 0.2063229422 0.3122229662 0.9984266335 0.6862036673 0.002475218115 0.9999998997 0.9975246816 -1.988633931 0.5672765536 0.8770243017 nan nan
15 43359 2140 2140 0 0.3632249301 0.04558944808 0.3072717529 0.4485655511 0.1412937982 0.09560699903 0.70083585 0.6052288509 1.35780827 0.0847448096 0.3354674392 nan nan
16 41854 7409 7408 1 0.70001378 0.1413913397 0.4909998903 0.977094884 0.4860949937 0.06411024398 0.9999999416 0.9358896977 -0.980363989 0.2769368173 0.658232736 nan nan
17 61863 433 433 0 0.66760742 0.1587998591 0.1731665445 0.6914040379 0.5182374934 0.09405040396 0.7285025794 0.6344521754 -2.336275627 0.4974449806 0.5765611212 nan nan
18 120454 12525 12525 0 0.7920181007 0.06254366661 0.7243838939 0.9195327826 0.1951488887 0.3969617276 0.9645353351 0.5675736075 0.2620739704 0.1204989905 0.4029972684 nan nan
19 30745 271 271 0 0.4777544563 0.06810769577 0.3958601393 0.6369903132 0.2411301738 0.1894484677 0.836910641 0.6474621733 1.390960294 0.1919019986 0.3835809993 nan nan
20 110203 1784 1784 0 0.4032303734 0.07213273571 0.2986767757 0.5080662341 0.2093894584 0.2192722954 0.7038176037 0.4845453083 0.4813392737 0.1217104101 0.2870917105 nan nan
21 78354 269 269 0 0.7425215787 0.2430442157 0.2087604426 0.9971167561 0.7883563135 0.06443574578 0.9999965192 0.9355607734 -1.084260932 0.7875201188 0.9318448156 nan nan
22 65262 717 40 677 0.1173607598 0.008704209553 0.1070106619 0.133586487 0.02657582517 0.1037537261 0.1392947052 0.03554097919 0.4218594701 nan nan nan nan
23 151422 3376 3376 0 0.8827802413 0.2014918057 0.3092800604 0.9980620078 0.6887819474 0.004732944403 0.9999999967 0.9952670523 -2.334231249 0.641310445 0.9458575609 nan nan
24 69514 1548 1548 0 0.8033438321 0.07159542701 0.7330708171 0.9132484015 0.1801775844 0.09959542631 0.9416817914 0.8420863651 -2.964544926 0.1009405517 0.7174935391 nan nan
25 168114 1774 1774 0 0.9045002726 0.2163513122 0.267594913 0.9988720141 0.7312771012 0.0001671890931 0.9999999262 0.9998327371 -2.094506353 0.7285098364 0.9959375602 nan nan
26 148588 6986 6985 1 0.871212578 0.1703159962 0.4586008366 0.9979079987 0.5393071621 0.0005999373988 0.9999999761 0.9994000387 -2.546134252 0.4866491012 0.9446500005 nan nan
27 167957 1 1 0 0.723570015 0 0.723570015 0.723570015 0 0.723570015 0.723570015 0 nan 0 0 nan nan
28 12828 588 588 0 0.6089812039 0.2284507925 0.1661773976 0.888680768 0.7225033705 0.07425558741 0.9996046857 0.9253490983 -0.3319183687 0.431082288 0.5420062057 nan nan
29 34556 417 417 0 0.6486197221 0.1801547907 0.185295608 0.6960438698 0.5107482619 0.09456188752 0.7312966128 0.6367347252 -1.548522643 0.4520469285 0.542780649 nan nan
30 48939 6961 6954 7 0.8558296735 0.1523641183 0.6209822335 0.9978265426 0.3768443091 0.09315892252 0.999999994 0.9068410715 -1.713119148 0.2250890004 0.7529123113 nan nan
31 88569 2769 2766 3 0.3244461062 0.04985965577 0.2812787034 0.4179503889 0.1366716855 0.1841024584 0.7003952306 0.5162927722 1.994518001 0.09442422657 0.3704384972 nan nan
32 176015 15599 15599 0 0.8330189509 0.1675204337 0.5672429247 0.9976653231 0.4304223983 0.002972835345 0.9999999976 0.9970271622 -1.471961893 0.2333429423 0.7976130316 nan nan
33 116002 11190 11189 1 0.688768952 0.1233483397 0.5953831879 0.9459616719 0.350578484 0.0007192626071 0.9999999262 0.9992806636 -1.107866543 0.2974360099 0.6846320462 nan nan
34 29608 442 442 0 0.7999577899 0.2220958938 0.3718602677 0.9967473405 0.6248870728 0.0358819124 0.9999986823 0.9641167699 -0.9457013052 0.5608307547 0.89680911 nan nan
35 52314 3885 3885 0 0.4755254436 0.05224863175 0.3948517679 0.5210574215 0.1262056537 0.09462640143 0.7006735322 0.6060471308 -1.106697465 0.07391969088 0.3700164474 nan nan
36 31348 165 165 0 0.2135847873 0.07278001662 0.1836442404 0.2455095845 0.06186534409 0.1774501763 0.6907080506 0.5132578743 5.665275483 0.05237919731 0.4975776634 nan nan
37 165589 9558 9558 0 0.9589914572 0.1012281708 0.8079926952 0.9995299883 0.1915372931 0.07995581711 0.9999999981 0.920044181 -5.082931653 0.1553527698 0.8833896479 nan nan
38 35110 1164 1161 3 0.740846388 0.2152970689 0.3247895188 0.9974160291 0.6726265103 0.08097545257 0.999999759 0.9190243064 -0.4813285526 0.6044567794 0.6070405092 nan nan
39 80416 7244 7244 0 0.9535509849 0.2230696246 0.2762005466 0.999480459 0.7232799124 1.887149263e-05 0.9999999998 0.9999811283 -2.182408969 0.4274532789 0.703634954 nan nan
40 37316 864 863 1 0.6614729336 0.1684969279 0.1769512987 0.6892163697 0.512265071 0.09500276807 0.7144767977 0.6194740297 -1.531410283 0.48668096 0.5686294906 nan nan
41 8157 2550 2550 0 0.3477746215 0.02817274104 0.3149144682 0.3775546297 0.06264016154 0.3049777139 0.5154599078 0.2104821939 2.532604388 0.03617759317 0.1736537013 nan nan
42 35310 320 320 0 0.3264637361 0.05158089871 0.2769802598 0.4348410924 0.1578608326 0.1010133401 0.4829304419 0.3819171018 0.3231833422 0.1121707103 0.2304100185 nan nan
43 30636 801 801 0 0.6432626297 0.1538025494 0.1711040953 0.6588521829 0.4877480876 0.07522005048 0.6967274249 0.6215073745 -2.216901259 0.4768094214 0.5726934662 nan nan
44 83559 808 791 17 0.8383669277 0.2464831165 0.1339768562 0.9968675875 0.8628907314 0.007668268694 0.9999999988 0.9923317301 -1.303914286 0.8146840789 0.9409926664 nan nan
45 23915 4561 4560 1 0.5308435878 0.01422789472 0.5026797588 0.5490152655 0.04633550673 0.4935720996 0.5535822468 0.06001014718 -0.3705670464 0.03978052604 0.0488881852 nan nan
46 35907 884 884 0 0.6709540656 0.1269171709 0.6271436884 0.7109107078 0.08376701937 0.06891838147 0.8399006845 0.7709823031 -3.929765817 0.1513871137 0.6045813775 nan nan
47 170879 15630 15629 1 0.936805538 0.2479188925 0.2089854541 0.999382771 0.7903973169 0.0002919113415 0.9999999998 0.9997080885 -1.759662315 0.7908650166 0.9995585593 nan nan
48 179044 1231 1231 0 0.2090898764 0.04468296148 0.1827295862 0.2384545817 0.05572499551 0.09239031795 0.754074265 0.661683947 9.844634548 0.03585883848 0.5511721516 nan nan
49 222546 1310 1310 0 0.2708909177 0.1399812752 0.1742213744 0.3220802723 0.1478588979 0.09248305988 0.9880261434 0.8955430835 3.542980963 0.1895979186 0.7054473885 nan nan

K=50, phase=forward, parameter=w [deg]
cluster representative_source n_cluster n_valid n_missing median std p05 p95 width90 minimum maximum range skewness error95 error_max angle_origin_deg angle_resultant
0 155584 12184 12183 1 -1.289460051 88.20665127 -14.25352963 173.5253163 187.7788459 -179.9399521 179.953092 359.8930441 0.3353830038 179.2622874 179.9992218 95.88640938 0.2318916987
1 24196 3715 3715 0 -3.29358947 12.02643436 -11.86869526 32.51637255 44.38506781 -12.67028553 47.76553681 60.43582234 1.833226727 37.28004665 52.52921091 304.9824375 0.9785163624
2 23568 824 6 818 -8.007026137 69.07716766 -136.6529664 31.14524053 167.7982069 -176.6621941 42.54543856 219.2076327 -1.990857805 nan nan 228.621444 0.6125609618
3 171049 2417 2417 0 11.4111488 51.62161469 -80.09946888 68.84876102 148.9482299 -87.75622019 108.3312927 196.0875129 -0.2145991969 126.181459 133.8382103 27.73064746 0.6390393889
4 50148 5559 5559 0 -4.985030628 15.47739135 -12.69744336 36.79773385 49.49517721 -58.02342078 106.4892867 164.5127075 1.765982094 44.63946628 114.2378218 301.0294237 0.9648428967
5 51611 1286 1286 0 5.848683677 60.29827285 -132.5028481 41.92473672 174.4275848 -140.8430813 56.96374226 197.8068236 -1.128371067 164.8516428 173.191876 40.68544522 0.5899523014
6 20504 378 378 0 7.602292628 31.64270305 -44.30816158 8.768138301 53.07629989 -145.1658427 90.8335272 235.9993699 -2.42899938 73.20083869 152.5899337 85.89294442 0.8873557744
7 27924 1214 1214 0 -3.764554524 24.04871798 -37.14139289 40.65853369 77.79992658 -118.4988453 101.534929 220.0337743 0.2235076338 50.43160459 111.1668886 330.4352195 0.9166059535
8 76903 285 285 0 2.934149165 17.25127945 -45.72516784 17.25886122 62.98402905 -61.02449081 20.75387162 81.77836243 -1.978040058 52.54150751 67.84083048 310.5579187 0.9569179417
9 78960 18817 18817 0 -18.0417256 66.0893742 -49.97095665 118.3203012 168.2912578 -132.8701524 126.410732 259.2808844 0.5089635347 148.2343255 156.3247563 318.9314224 0.4605972059
10 9905 4965 4965 0 -1.391950855 10.41351437 -6.452026446 13.98764677 20.43967321 -85.99958853 140.8371056 226.8366941 8.353685553 16.61602149 143.4579467 299.8379187 0.9874005517
11 210447 3063 3063 0 36.72939405 59.15943828 -105.5943546 83.7263425 189.3206971 -106.5837692 123.0985767 229.6823458 -0.2870491758 150.0102415 150.9996561 3.22553422 0.5472304554
12 22498 655 655 0 3.451639318 72.40462742 -18.68038841 163.8751017 182.5554901 -124.2595144 170.647579 294.9070934 1.159332018 179.187598 179.9656135 290.8117974 0.5183563517
13 152421 1773 1773 0 -5.014872265 78.1292812 -170.9846652 39.40501949 210.3896846 -177.5915431 113.0420417 290.6335848 -0.8845718945 165.3276224 171.9345004 262.5022124 0.4273193495
14 166474 8815 8815 0 -11.73636332 84.23129292 -18.17898637 165.4375371 183.6165235 -179.7288148 176.176793 355.9056078 0.4619846918 177.7141679 179.9973859 284.535405 0.2412188712
15 43359 2140 2140 0 -4.168592044 10.85924649 -9.117118054 24.54797797 33.66509602 -31.2811269 61.62294144 92.90406834 1.853447098 29.48968014 66.56464362 302.9155731 0.9823823632
16 41854 7409 7408 1 -9.463240015 48.67146331 -11.84460591 120.6152283 132.4598342 -148.9791391 153.7495536 302.7286928 1.841340139 132.6391334 165.6825396 297.7967911 0.7417052347
17 61863 433 433 0 -4.976052169 23.4466975 -15.0078314 67.94967746 82.95750887 -74.66548462 101.7685524 176.434037 2.216292252 76.37625744 110.1951323 322.65649 0.9261745454
18 120454 12525 12525 0 -3.14113194 12.09213674 -9.944522009 23.23011257 33.17463458 -172.7253339 175.7940636 348.5193975 3.425973869 28.17713961 179.2661943 267.7983113 0.9801735444
19 30745 271 271 0 -1.94680463 18.50671167 -21.53673209 29.13599346 50.67272556 -25.37610015 148.5377568 173.9138569 2.721130451 39.01351519 158.4152785 26.54494717 0.9552648825
20 110203 1784 1784 0 -0.6475319027 17.07433683 -36.76855825 27.32818294 64.09674119 -40.99317253 137.2358349 178.2290075 -0.03250679633 36.7657135 137.9230094 335.7024054 0.9572779876
21 78354 269 269 0 -29.50003513 78.83824306 -76.76958643 157.5452103 234.3147968 -176.9012694 176.9692828 353.8705522 0.1978379331 157.8013771 173.2282603 348.7764081 0.333967372
22 65262 717 40 677 0.3375060468 7.323300117 -10.66272328 12.15037012 22.8130934 -13.19493487 17.20163043 30.3965653 0.1648323564 nan nan 222.1127411 0.9918574021
23 151422 3376 3376 0 -3.54428672 35.64753976 -28.2394767 68.6892078 96.92868449 -179.966426 179.2208184 359.1872444 1.13185393 94.98990773 178.7271397 357.8537893 0.8611791927
24 69514 1548 1548 0 -0.5338237027 7.905484973 -9.369189051 10.76839394 20.137583 -68.05368593 90.41743185 158.4711178 2.056113196 14.80856572 94.38640542 314.8716253 0.9909890889
25 168114 1774 1774 0 8.198019799 86.82610004 -161.2420486 56.77026572 218.0123144 -165.0115334 154.829964 319.8414974 -0.2746007012 170.771631 174.5411158 248.7893676 0.2059414114
26 148588 6986 6985 1 -9.060177114 80.16108315 -174.6236308 51.69252592 226.3161567 -179.9844755 179.9821904 359.9666659 -0.6485116279 165.5417791 179.5593365 267.5306321 0.4802373686
27 167957 1 1 0 0 0 0 0 0 0 0 0 nan 0 0 345.1171943 1
28 12828 588 588 0 5.785934499 40.8590431 -62.69508793 12.97735422 75.67244215 -179.3874166 175.5617417 354.9491583 -1.630886291 138.284363 178.6981433 89.06536716 0.8429862332
29 34556 417 417 0 -11.22662404 51.55174145 -38.55502756 107.9358932 146.4909208 -120.7778388 155.0486713 275.8265101 0.9485603151 137.9443823 179.1291598 330.7244487 0.6739439487
30 48939 6961 6954 7 -6.421240993 43.99274687 -9.481693648 125.8494957 135.3311894 -86.76672946 153.426855 240.1935845 2.204412202 134.2026385 161.7799978 296.0280396 0.7934791248
31 88569 2769 2766 3 -2.831497071 13.80727872 -15.27776067 29.09456049 44.37232116 -17.04862433 70.11912376 87.16774809 1.454251615 34.50066302 75.52522629 316.0664224 0.9717251501
32 176015 15599 15599 0 -14.02760359 65.30233587 -31.17258414 133.0724497 164.2450339 -159.7085144 178.4978703 338.2063848 0.9610004079 161.2697309 179.9914736 307.1145899 0.5173385062
33 116002 11190 11189 1 -4.218354443 36.467281 -25.91813883 128.2088427 154.1269815 -179.4900085 178.3286704 357.8186789 2.816060177 138.6198575 177.2169439 284.2207694 0.8636863085
34 29608 442 442 0 23.38008208 65.00567455 -120.639169 59.29064771 179.9298168 -157.6628618 177.9736281 335.6364899 -0.3653905193 152.4509501 177.1693073 351.6380649 0.5041111153
35 52314 3885 3885 0 -0.4891056661 14.89648332 -18.01976212 20.48588521 38.50564732 -62.57390668 148.3412754 210.9151821 2.941221109 26.2343159 154.0061509 315.5081247 0.9704517207
36 31348 165 165 0 -1.00399134 14.79714329 -13.17546997 22.27516982 35.45063979 -61.11193622 47.78371238 108.8956486 -0.7356618847 30.72963686 63.51229108 352.8720956 0.9682874163
37 165589 9558 9558 0 3.462159427 78.97683231 -168.1801757 9.142355764 177.3225315 -179.7727937 179.3886534 359.1614471 -0.8106306916 173.3283195 178.7536811 257.5215603 0.4182102297
38 35110 1164 1161 3 17.44931919 71.16577341 -119.8164155 58.23878812 178.0552036 -179.3838825 177.8229721 357.2068546 -0.4607234068 159.0955884 179.7442873 33.768711 0.3890920601
39 80416 7244 7244 0 12.56522607 53.97619536 -64.37708186 63.33190557 127.7089874 -173.62274 68.436632 242.059372 -0.217147257 117.5408163 175.927526 354.6885743 0.6070571008
40 37316 864 863 1 -12.53900413 27.95691975 -21.4088263 62.53494721 83.94377351 -83.13286918 97.04276901 180.1756382 1.224753854 79.62792133 114.1357431 315.5014545 0.8892162499
41 8157 2550 2550 0 -1.556881404 7.476383578 -4.267606848 5.191668592 9.45927544 -4.38543624 68.49328024 72.87871648 5.994612007 8.37293631 71.67454795 296.5423548 0.9920444364
42 35310 320 320 0 -3.686024604 20.50295203 -25.63523443 37.29319956 62.928434 -30.06768716 87.30981745 117.3775046 0.9481244332 49.06839605 99.08501394 18.58840312 0.9384913259
43 30636 801 801 0 -7.183379785 32.81487629 -12.11734498 84.16638481 96.2837298 -91.4927189 139.3034017 230.7961206 1.710036463 93.31111593 148.4481328 304.4779838 0.8642718814
44 83559 808 791 17 11.46685037 55.48440125 -122.5730904 28.96625542 151.5393458 -179.8252071 178.6866663 358.5118734 -1.110135659 140.1674478 179.165063 342.4169752 0.6563631188
45 23915 4561 4560 1 -0.4364287133 4.31950451 -6.200957984 8.047692373 14.24865036 -7.39311265 15.0014272 22.39453985 0.5774472177 8.429063825 15.38279865 307.1240139 0.9971622411
46 35907 884 884 0 -2.174928358 16.4237678 -5.657544845 37.56852869 43.22607353 -141.4546663 84.59694907 226.0516153 0.08286833129 50.26118186 137.2992859 295.3317842 0.9632644111
47 170879 15630 15629 1 -45.36177153 85.99475552 -58.26470009 119.0221493 177.2868493 -179.9106592 179.9944252 359.9050844 0.09787412326 163.2188616 173.4324408 146.8204143 0.1210976236
48 179044 1231 1231 0 -2.867660922 12.51528421 -13.83524391 24.54095252 38.37619643 -34.19350775 50.49635412 84.68986186 1.235239815 22.02994019 47.89578022 17.52084022 0.976569288
49 222546 1310 1310 0 -1.705617673 21.057106 -16.63600426 19.72097095 36.35697521 -38.27880583 144.7917124 183.0705183 3.652682802 33.59108645 128.6244047 20.69697627 0.9464627268
