K,cluster,representative_source,phase,parameter,unit,n_cluster,n_valid,n_missing,median,std,p05,p95,width90,minimum,maximum,range,skewness,error95,error_max,angle_origin_deg,angle_resultant
10,0,147032,backward,a,km,56047,0.0,56047.0,nan,nan,nan,nan,nan,nan,nan,nan,nan,nan,nan,nan,nan
10,1,33467,backward,a,km,11708,11708.0,0.0,200954.78804240312,7477.645843468104,196477.0575309839,217423.7901027952,20946.7325718113,193076.19742837848,241038.04455535414,47961.847126975656,2.339886922683225,17022.55927577322,40636.81372833214,nan,nan
10,2,52405,backward,a,km,8936,8936.0,0.0,227099.93945548803,6220.901990468618,218038.06921425444,239244.8875537605,21206.818339506048,201816.83987880102,240932.03797429483,39115.198095493804,0.23599103685100414,14578.18161534171,22872.478447697184,nan,nan
10,3,156649,backward,a,km,34130,0.0,34130.0,nan,nan,nan,nan,nan,nan,nan,nan,nan,nan,nan,nan,nan
10,4,40474,backward,a,km,10599,10599.0,0.0,226820.19609454196,6131.443095895945,217104.30030257386,235666.84100006506,18562.540697491204,213489.13434544232,241125.0717833503,27635.937437907967,0.02904919006574914,12928.222044165766,18386.452827450994,nan,nan
10,5,138247,backward,a,km,28418,0.0,28418.0,nan,nan,nan,nan,nan,nan,nan,nan,nan,nan,nan,nan,nan
10,6,32694,backward,a,km,5549,5549.0,0.0,224215.27268844467,11548.93972211489,203478.6702847759,239273.2645222125,35794.5942374366,193064.57318591388,241085.72261298014,48021.149427066266,-0.2652394589558674,19338.119052901937,26880.64448255804,nan,nan
10,7,16324,backward,a,km,15123,15123.0,0.0,218384.08638747188,7716.333230271836,204117.26512078758,228512.7681361115,24395.50301532392,199408.0302344442,241117.27134957447,41709.24111513028,-0.27170368050693666,13255.3266388997,24218.564672650828,nan,nan
10,8,57507,backward,a,km,14674,14674.0,0.0,209611.20623252692,4276.172115445081,203180.99727443114,216199.61008146656,13018.612807035417,193052.52070609113,233183.68655768142,40131.16585159028,0.40610968657155044,7267.0371614584765,23029.444580870884,nan,nan
10,9,221423,backward,a,km,8940,0.0,8940.0,nan,nan,nan,nan,nan,nan,nan,nan,nan,nan,nan,nan,nan
10,0,147032,backward,e,-,56047,0.0,56047.0,nan,nan,nan,nan,nan,nan,nan,nan,nan,nan,nan,nan,nan
10,1,33467,backward,e,-,11708,11708.0,0.0,0.5120884896108042,0.058745338735616576,0.38772213185945276,0.5452000400311916,0.15747790817173885,0.17082034316511632,0.5703133050206662,0.39949296185554994,-2.635475094738411,0.12858397977343533,0.3454857684677718,nan,nan
10,2,52405,backward,e,-,8936,8936.0,0.0,0.3085332648756204,0.05515962427561453,0.1924267301539023,0.3823749095322827,0.1899481793783804,0.17197019256768084,0.5056374904404745,0.3336672978727936,-0.44832558339984213,0.1366167651992371,0.1769049481871347,nan,nan
10,3,156649,backward,e,-,34130,0.0,34130.0,nan,nan,nan,nan,nan,nan,nan,nan,nan,nan,nan,nan,nan
10,4,40474,backward,e,-,10599,10599.0,0.0,0.3109466768211535,0.05310507726271838,0.22947070140838258,0.3898983396503907,0.16042763824200815,0.16971737352447916,0.4185724086187985,0.24885503509431936,-0.17675403669677453,0.11556509419054359,0.175318422074447,nan,nan
10,5,138247,backward,e,-,28418,0.0,28418.0,nan,nan,nan,nan,nan,nan,nan,nan,nan,nan,nan,nan,nan
10,6,32694,backward,e,-,5549,5549.0,0.0,0.33286674936554056,0.09712211974866268,0.19187918287387581,0.4933008466560506,0.30142166378217483,0.1700108997958378,0.5704147561273051,0.40040385633146724,0.11933724268196123,0.17585801630246006,0.20274615696014064,nan,nan
10,7,16324,backward,e,-,15123,15123.0,0.0,0.380259621930534,0.06051216329017096,0.2971282814251704,0.48865361199063095,0.19152533056546056,0.16991249264860656,0.5235340682380699,0.3536215755894634,0.19117513350915458,0.10387388397761374,0.2219658309513415,nan,nan
10,8,57507,backward,e,-,14674,14674.0,0.0,0.4472451475298882,0.03263106616504496,0.3967767222993131,0.49547216008582073,0.09869543778650763,0.25343300416088815,0.5704977881826699,0.3170647840217818,-0.5265528769277836,0.054880856329414376,0.18978632730767797,nan,nan
10,9,221423,backward,e,-,8940,0.0,8940.0,nan,nan,nan,nan,nan,nan,nan,nan,nan,nan,nan,nan,nan
10,0,147032,backward,w,deg,56047,0.0,56047.0,nan,nan,nan,nan,nan,nan,nan,nan,nan,nan,nan,nan,nan
10,1,33467,backward,w,deg,11708,11708.0,0.0,-1.287065863272474,8.974661292254034,-11.551838469388548,18.122155485684953,29.6739939550735,-19.2582498480121,26.036506935326344,45.29475678333844,0.7142395052431216,25.444314732854377,33.35866618249577,190.8579686232495,0.9878053529706146
10,2,52405,backward,w,deg,8936,8936.0,0.0,1.6634532268104323,8.92961715488006,-22.276377592355793,11.047778416643276,33.32415600899907,-36.358157391101486,14.158478195561003,50.51663558666249,-2.3607647347786838,26.45676579614291,40.5385455948886,203.41342365649547,0.988085896502431
10,3,156649,backward,w,deg,34130,0.0,34130.0,nan,nan,nan,nan,nan,nan,nan,nan,nan,nan,nan,nan,nan
10,4,40474,backward,w,deg,10599,10599.0,0.0,-1.416104606190288,6.897251439308294,-7.45437315188862,12.122604949668528,19.57697810155715,-35.32526038992333,14.536670052592598,49.86193044251593,-0.7218324399796877,14.528765796400295,33.3337106453246,202.30905241613536,0.9928149692891456
10,5,138247,backward,w,deg,28418,0.0,28418.0,nan,nan,nan,nan,nan,nan,nan,nan,nan,nan,nan,nan,nan
10,6,32694,backward,w,deg,5549,5549.0,0.0,-3.0997864845028857,9.857803680925116,-9.930703576497512,17.267093713988654,27.197797290486164,-32.30365403286922,18.122592161875247,50.426246194744465,0.058166429187042276,21.93346546544902,27.949417164609343,199.217362361509,0.9853204479990588
10,7,16324,backward,w,deg,15123,15123.0,0.0,-0.39021890538356274,4.728414528543174,-6.071531155968072,6.238906635632762,12.310437791600833,-20.313530471353545,29.243496518255625,49.55702698960917,1.7941470466934588,7.630779354765201,30.615440918172908,187.4858556682824,0.9966138429625632
10,8,57507,backward,w,deg,14674,14674.0,0.0,-0.21862240930383336,5.222961586038551,-7.436892715440338,8.707311682016867,16.144204397457205,-28.71657292983093,16.738156534297104,45.454729464128036,0.05923880685068217,10.997849362555073,26.5861204774055,199.5907664290226,0.9958567466078023
10,9,221423,backward,w,deg,8940,0.0,8940.0,nan,nan,nan,nan,nan,nan,nan,nan,nan,nan,nan,nan,nan
10,0,147032,forward,a,km,56047,56044.0,3.0,194018.58507423993,193048.29317935903,188159.20931142825,405028.02568526333,216868.81637383508,187998.5760196105,5805939.395762876,5617940.819743265,8.422726412726375,216176.37436681462,5617087.744444427,nan,nan
10,1,33467,forward,a,km,11708,11705.0,3.0,218431.27215561294,11897.95030353134,200544.03003399872,229036.3763151937,28492.346281194972,189501.63376256367,574894.6302004855,385392.99643792177,8.217269874729618,20085.055360556027,354372.69360699377,nan,nan
10,2,52405,forward,a,km,8936,7420.0,1516.0,200235.13578453183,297528.55773747154,189199.38857995978,226754.55560614544,37555.16702618566,188847.32503854466,18789119.654603433,18600272.329564888,39.47764771473263,35377.3665293917,18597742.465526678,nan,nan
10,3,156649,forward,a,km,34130,34129.0,1.0,208935.45505475375,670462.8169982343,189246.75783415747,263595.202019518,74348.44418536054,188203.65455202223,76282242.53663798,76094038.88208595,62.63742769452995,56115.01417656452,76074762.34879503,nan,nan
10,4,40474,forward,a,km,10599,10597.0,2.0,211084.19363029834,268618.3592700535,190270.46498180044,790928.4430157447,600657.9780339443,188375.53043617887,7565177.71552683,7376802.185090652,8.03752407449038,579921.2575577432,7354170.530068829,nan,nan
10,5,138247,forward,a,km,28418,28418.0,0.0,199415.3395240042,276211.9307151942,188804.45976103313,209827.41272675805,21022.952965724922,188334.95154567817,7484171.572504597,7295836.620958919,14.192677850253428,11331.822208550333,7285675.9819863895,nan,nan
10,6,32694,forward,a,km,5549,5548.0,1.0,214568.24527665105,342027.8243104579,201223.58745331064,733056.7496224069,531833.1621690963,189478.0537984315,8837569.012635829,8648090.958837397,9.942955223775721,523244.4805988295,8627756.743612252,nan,nan
10,7,16324,forward,a,km,15123,15122.0,1.0,205324.56588304188,8693.499650154106,196747.10850075918,219849.73991836765,23102.63141760847,190385.97596945174,541344.5833305756,350958.6073611239,5.340268382239868,12943.609588803272,334407.0850274487,nan,nan
10,8,57507,forward,a,km,14674,14669.0,5.0,199243.75948641263,67421.78164147139,188793.6367654286,253021.70370663865,64228.06694121007,188390.37359828094,7296020.845171034,7107630.471572753,80.12539526098207,57507.82142000527,7100506.962884401,nan,nan
10,9,221423,forward,a,km,8940,8940.0,0.0,213702.0601057664,362622.89557076636,189141.83021554706,890600.5664094231,701458.736193876,188291.55598892045,16453922.652284192,16265631.096295271,18.277060889402506,677336.7935469171,16240658.879421687,nan,nan
10,0,147032,forward,e,-,56047,56044.0,3.0,0.9195634237337539,0.22214682272444453,0.26503207791043437,0.9991658815226562,0.7341338036122218,3.7745453292730234e-05,0.9999999999764257,0.999962254523133,-2.0328925869293073,0.7140965145838846,0.9790908470410262,nan,nan
10,1,33467,forward,e,-,11708,11705.0,3.0,0.3797907383212366,0.08820079695620418,0.2924388123573184,0.5187969956994788,0.2263581833421604,0.0940504039598227,0.9999353848497212,0.9058849808898986,1.1007691803855395,0.15647238628594914,0.6366532531863214,nan,nan
10,2,52405,forward,e,-,8936,7420.0,1516.0,0.8611318484374391,0.16178692331575417,0.6102432586766751,0.9980832780682793,0.3878400193916043,0.09315892251543226,0.9999999997858843,0.906841077270452,-1.8173586376922168,0.35408118205360944,0.8711655182148524,nan,nan
10,3,156649,forward,e,-,34130,34129.0,1.0,0.7480909493843909,0.22343078843497532,0.21149566196767125,0.9962364323794668,0.7847407704117956,0.0007192626070873285,0.9999999975559938,0.9992807349489065,-1.1313491128293616,0.5550494160830466,0.7658258154436306,nan,nan
10,4,40474,forward,e,-,10599,10597.0,2.0,0.7001310389355482,0.17039197263344488,0.36247646000366424,0.9848494849754081,0.6223730249717438,0.007668268693724633,0.9999999987577085,0.9923317300639839,-1.0423921915353132,0.345865503863729,0.7006736951736693,nan,nan
10,5,138247,forward,e,-,28418,28418.0,0.0,0.8493750154926092,0.11618038867135352,0.7146216759341764,0.9971747600242276,0.2825530840900512,0.0001671890931137829,0.9999999981425329,0.9998328090494192,-1.7590583325312472,0.14414623984915603,0.8586007266902187,nan,nan
10,6,32694,forward,e,-,5549,5548.0,1.0,0.45766552859328113,0.22213743161503618,0.08490880117304575,0.8576210401220269,0.7727122389489811,0.0006053674970887042,0.9999965191846149,0.9993911516875261,-0.0809521974055944,0.5700518641087263,0.6543552977846835,nan,nan
10,7,16324,forward,e,-,15123,15122.0,1.0,0.4855413951178932,0.06813267345350607,0.36885770166830456,0.5479255892353344,0.17906788756702985,0.09062998825043303,0.9847060067994474,0.8940760185490144,-0.07612719260594232,0.11151667076080347,0.516987155020227,nan,nan
10,8,57507,forward,e,-,14674,14669.0,5.0,0.8545327233818957,0.17794227068054222,0.4488783901323995,0.9976692254196561,0.5487908352872566,1.8871492630350324e-05,0.9999999977253894,0.999981126232759,-2.2050024571987112,0.4479259612215435,0.8967854798613132,nan,nan
10,9,221423,forward,e,-,8940,8940.0,0.0,0.6906630588283208,0.2724769777480217,0.17793019841911967,0.9946421948363926,0.8167119964172729,0.002519224892914626,0.9999999861717173,0.9974807612788026,-0.4867876120706996,0.5498760876742589,0.7252870612004638,nan,nan
10,0,147032,forward,w,deg,56047,56044.0,3.0,-5.231953216323035,84.33618637331435,-55.34950184013966,146.83097512657557,202.18047696671522,-174.21269403777362,149.9215745229344,324.13426856070805,0.23719364273913593,176.92775225022328,179.9983617954041,312.41659260305437,0.16963706439396836
10,1,33467,forward,w,deg,11708,11705.0,3.0,-3.7125974732755367,21.062310260961347,-20.629613650399744,38.45336034891586,59.0829739993156,-174.66698348901016,153.37840980746228,328.0453932964724,1.9488511911498034,57.0164768569583,171.90462646295288,314.02989914878174,0.9394124508865102
10,2,52405,forward,w,deg,8936,7420.0,1516.0,-8.434064125982161,50.59037773420669,-11.748006894606968,124.30162573706035,136.04963263166732,-175.78254599231718,177.99506747050663,353.7776134628238,1.739832585551373,130.49761458622663,179.84656880215226,298.2791149547777,0.726709428185682
10,3,156649,forward,w,deg,34130,34129.0,1.0,-15.774398398118251,65.41237735222384,-36.95570025120397,137.2697462340197,174.22544648522367,-179.23806854409838,178.6683439876174,357.9064125317158,0.8672254938386684,169.1059136531007,179.9924003009736,306.94411621059413,0.5130095090588982
10,4,40474,forward,w,deg,10599,10597.0,2.0,-15.166678484612419,56.403699666804265,-19.384207882105205,124.72558576939446,144.10979365149967,-177.6908281059188,164.86216740208567,342.55299550800447,1.1174265897058813,145.09163792543464,176.99811822979106,305.2509280059704,0.6351132089529231
10,5,138247,forward,w,deg,28418,28418.0,0.0,-3.164722869586683,66.53320801384494,-175.7281115829259,34.92625497146185,210.65436655438774,-179.9998840193719,179.9985319301416,359.9984159495135,-0.9639994308730978,171.96719586729176,179.92800193054205,266.9330324333606,0.682548375958149
10,6,32694,forward,w,deg,5549,5548.0,1.0,-6.088547995021827,57.759272822136325,-43.46927085507917,121.07484310800025,164.54411396307944,-179.972375197557,179.46935294914653,359.44172814670355,0.7770419250888807,160.89051225433164,169.21228550533476,333.59222758858596,0.6099521093110344
10,7,16324,forward,w,deg,15123,15122.0,1.0,-1.7378359265464098,13.464569535055542,-10.762133433498297,13.907974278480303,24.670107711978602,-138.32417986085682,161.8283498252972,300.152529686154,4.9097887839901935,20.552864533218198,168.36786167274414,304.0698707493356,0.9772071320339023
10,8,57507,forward,w,deg,14674,14669.0,5.0,-16.296930984549988,45.52353322303398,-33.89713301331152,90.74535534308369,124.6424883563952,-144.91800147399525,162.67030114438154,307.5883026183768,0.8175576941502481,118.12735825002063,178.6189491973828,323.10281883094706,0.7269715396787345
10,9,221423,forward,w,deg,8940,8940.0,0.0,11.019273541394071,66.21541526729855,-131.49238986017664,70.257516477165,201.74990633734166,-132.71196787537872,150.60672841763983,283.31869629301855,-0.4277189756797701,138.52872942158655,174.97942013453996,29.35373293029929,0.46932542210019407
14,0,128398,backward,a,km,31854,0.0,31854.0,nan,nan,nan,nan,nan,nan,nan,nan,nan,nan,nan,nan,nan
14,1,39208,backward,a,km,8671,8671.0,0.0,199847.81055959628,4401.724924040011,196266.29072679344,203690.2414734781,7423.950746684655,193076.19742837848,241020.05639046791,47943.858962089434,6.513232417579503,4431.96609466603,41751.44740172534,nan,nan
14,2,49624,backward,a,km,8687,8687.0,0.0,225211.62319699407,5075.49053909595,217125.50124978978,233103.29692999288,15977.795680203097,201816.83987880102,237539.02381947645,35722.18394067543,-0.1129360252357783,10358.954794013276,20984.053678392665,nan,nan
14,3,171855,backward,a,km,22666,0.0,22666.0,nan,nan,nan,nan,nan,nan,nan,nan,nan,nan,nan,nan,nan
14,4,40478,backward,a,km,9300,9300.0,0.0,226428.76830294688,5937.493893307985,216635.99903000175,234649.64507181538,18013.646041813627,213489.13434544232,240408.680319823,26919.545974380686,-0.12325052168753889,12560.029617196711,18319.06486520433,nan,nan
14,5,140920,backward,a,km,27743,0.0,27743.0,nan,nan,nan,nan,nan,nan,nan,nan,nan,nan,nan,nan,nan
14,6,28932,backward,a,km,2844,2844.0,0.0,238270.73795142723,3544.3651495190916,228522.23876532723,240799.2732441674,12277.034478840156,225111.66825814891,241125.0717833503,16013.403525201371,-1.4219896034510495,9539.372923533154,12949.943430711486,nan,nan
14,7,5959,backward,a,km,5526,5526.0,0.0,214087.26607130762,8000.612224506931,205230.8915077151,231188.9600161755,25958.06850846039,203296.75619687256,238584.89537475747,35288.13917788491,0.7265022704001584,18627.402718158824,26023.338076740794,nan,nan
14,8,57825,backward,a,km,14071,14071.0,0.0,209412.57708004647,4125.716312312491,203147.5480041983,215690.34707553821,12542.79907133992,193052.52070609113,233183.68655768142,40131.16585159028,0.387668008195842,6969.228062182563,23471.741945585934,nan,nan
14,9,221020,backward,a,km,5971,0.0,5971.0,nan,nan,nan,nan,nan,nan,nan,nan,nan,nan,nan,nan,nan
14,10,16751,backward,a,km,14024,14024.0,0.0,218623.77421225506,7686.0401452852975,204341.31626207643,228540.06613371297,24198.749871636537,199433.02190385474,238135.75026090152,38702.728357046784,-0.3015867246122677,13093.652331280831,21138.823427979747,nan,nan
14,11,101915,backward,a,km,13142,0.0,13142.0,nan,nan,nan,nan,nan,nan,nan,nan,nan,nan,nan,nan,nan
14,12,34081,backward,a,km,3466,3466.0,0.0,220170.73930246627,11900.038579432054,201789.66136042934,236298.2540714064,34508.59271097707,193064.57318591388,240809.28174063432,47744.70855472045,-0.055525223070983044,20372.70391096569,24874.501339134848,nan,nan
14,13,161766,backward,a,km,26159,0.0,26159.0,nan,nan,nan,nan,nan,nan,nan,nan,nan,nan,nan,nan,nan
14,0,128398,backward,e,-,31854,0.0,31854.0,nan,nan,nan,nan,nan,nan,nan,nan,nan,nan,nan,nan,nan
14,1,39208,backward,e,-,8671,8671.0,0.0,0.5202981861610362,0.035758232236287685,0.49177516860023207,0.5467649715417867,0.054989802941554644,0.1708328431259994,0.5703133050206662,0.39948046189466685,-7.102401083356238,0.032987889349793936,0.35383365764842006,nan,nan
14,2,49624,backward,e,-,8687,8687.0,0.0,0.3244497448155176,0.04254785815269894,0.25509414950288956,0.38953180746936616,0.1344376579664766,0.21323461446626185,0.5056374904404745,0.2924028759742126,0.019738423740839034,0.08960701728353145,0.16126769393711876,nan,nan
14,3,171855,backward,e,-,22666,0.0,22666.0,nan,nan,nan,nan,nan,nan,nan,nan,nan,nan,nan,nan,nan
14,4,40478,backward,e,-,9300,9300.0,0.0,0.3144138081219211,0.0505484076996729,0.239915459331348,0.39361686385374495,0.15370140452239694,0.17745774320710586,0.4185724086187985,0.24111466541169266,0.03520935890474677,0.11040085912015712,0.17285857524439927,nan,nan
14,5,140920,backward,e,-,27743,0.0,27743.0,nan,nan,nan,nan,nan,nan,nan,nan,nan,nan,nan,nan,nan
14,6,28932,backward,e,-,2844,2844.0,0.0,0.20272433938414558,0.03532142413814641,0.17366461294660218,0.29611635102685463,0.12245173808025245,0.16971737352447916,0.32495432055655515,0.155236947032076,1.2204094561141803,0.09198977611689137,0.1208277456465919,nan,nan
14,7,5959,backward,e,-,5526,5526.0,0.0,0.41353065599045913,0.06419598308670026,0.2726459536911277,0.4803276767998703,0.2076817231087426,0.19819949929961653,0.49473751592081017,0.2965380166211936,-0.8685566990872967,0.1527841351102271,0.22723058950173827,nan,nan
14,8,57825,backward,e,-,14071,14071.0,0.0,0.4487569873386424,0.031440622603712186,0.4007554178674423,0.49575733135163935,0.09500191348419706,0.25343300416088815,0.5704977881826699,0.3170647840217818,-0.5069644593898737,0.05265964962578987,0.19313403202663837,nan,nan
14,9,221020,backward,e,-,5971,0.0,5971.0,nan,nan,nan,nan,nan,nan,nan,nan,nan,nan,nan,nan,nan
14,10,16751,backward,e,-,14024,14024.0,0.0,0.3783699710640198,0.060239367194436795,0.296877327909003,0.4870035827513795,0.1901262548423765,0.20314827815017453,0.5233536639819132,0.32020538583173863,0.2349553344726135,0.10288688814467407,0.1879591655489021,nan,nan
14,11,101915,backward,e,-,13142,0.0,13142.0,nan,nan,nan,nan,nan,nan,nan,nan,nan,nan,nan,nan,nan
14,12,34081,backward,e,-,3466,3466.0,0.0,0.36570467490475916,0.0973485168541736,0.22335383509687523,0.5058882342812296,0.2825343991843544,0.17295680496682322,0.5704147561273051,0.3974579511604819,-0.04589262990252337,0.1757978889969708,0.2261949191270228,nan,nan
14,13,161766,backward,e,-,26159,0.0,26159.0,nan,nan,nan,nan,nan,nan,nan,nan,nan,nan,nan,nan,nan
14,0,128398,backward,w,deg,31854,0.0,31854.0,nan,nan,nan,nan,nan,nan,nan,nan,nan,nan,nan,nan,nan
14,1,39208,backward,w,deg,8671,8671.0,0.0,-0.6592310990583314,6.258771082652473,-9.130202390956626,11.019894290326263,20.15009668128289,-17.83380000247618,25.647941240161458,43.48174124263764,0.40267148020521076,17.309081268155566,31.93712821799076,190.86926940713238,0.9940497000402589
14,2,49624,backward,w,deg,8687,8687.0,0.0,0.4983163842336751,5.345920816237976,-7.435981689871263,5.383561064557145,12.819542754428408,-37.25880391162812,13.195809040312184,50.454612951940305,-3.3163445215041194,8.741853900140185,37.463704417480926,204.3760928117443,0.9957204211514212
14,3,171855,backward,w,deg,22666,0.0,22666.0,nan,nan,nan,nan,nan,nan,nan,nan,nan,nan,nan,nan,nan
14,4,40478,backward,w,deg,9300,9300.0,0.0,-1.7511102112945167,6.585248205391122,-7.091071394470966,12.246068533923962,19.337139928394926,-35.12359685657751,14.73833358593842,49.86193044251593,-0.4627917369734621,14.840095853417887,32.830539457639304,202.10738888278954,0.9934459717932632
14,5,140920,backward,w,deg,27743,0.0,27743.0,nan,nan,nan,nan,nan,nan,nan,nan,nan,nan,nan,nan,nan
14,6,28932,backward,w,deg,2844,2844.0,0.0,2.281166935637671,14.513704792964703,-28.312291397002895,17.39474713405497,45.70703853105786,-30.69971057693553,18.236708756509046,48.936419333444576,-0.5727616963181177,38.30256284014058,40.68998202007322,197.7549768423295,0.9682952164463909
14,7,5959,backward,w,deg,5526,5526.0,0.0,-3.4485813832125984,14.12009574124221,-14.554108490345001,22.677821966971266,37.23193045731627,-26.438618970694137,23.782517485664926,50.22113645635906,0.4091433661999396,37.89328759507356,38.99798311376722,193.39766538417382,0.9698689629565378
14,8,57825,backward,w,deg,14071,14071.0,0.0,-0.25731136021602197,5.146351373659073,-7.312010322643886,8.752727919982775,16.06473824262666,-28.39517635308505,16.789847364666883,45.18502371775193,0.11429680257984441,11.2283243541263,26.073171733643136,199.53907559865283,0.9959769142064796
14,9,221020,backward,w,deg,5971,0.0,5971.0,nan,nan,nan,nan,nan,nan,nan,nan,nan,nan,nan,nan,nan
14,10,16751,backward,w,deg,14024,14024.0,0.0,-0.3859001701867584,4.284773720732788,-5.434936789599462,5.8973168679261825,11.332253657525644,-20.42245638267721,29.108765129329072,49.53122151200628,1.8450030383382607,7.1621990404806954,30.35765619239521,187.59478157960606,0.9972175818320546
14,11,101915,backward,w,deg,13142,0.0,13142.0,nan,nan,nan,nan,nan,nan,nan,nan,nan,nan,nan,nan,nan
14,12,34081,backward,w,deg,3466,3466.0,0.0,-2.210432044980948,8.67215884810762,-7.884231164905756,17.73791150002723,25.622142664932987,-31.02144180930884,19.404804385435625,50.426246194744465,0.22080384925525123,23.34889486510663,25.90295821807956,197.93515013794863,0.9886422269580151
14,13,161766,backward,w,deg,26159,0.0,26159.0,nan,nan,nan,nan,nan,nan,nan,nan,nan,nan,nan,nan,nan
14,0,128398,forward,a,km,31854,31853.0,1.0,194166.5253810977,228058.63401699116,188141.26786706498,463057.8057393482,274916.5378722832,187998.5760196105,3928762.0386776994,3740763.4626580887,6.160106382751064,274245.4602472161,3739949.6931855674,nan,nan
14,1,39208,forward,a,km,8671,8668.0,3.0,216721.69994774956,10273.448462073782,200281.80733947043,229437.04973881703,29155.242399346607,199228.2887395546,291191.52366276993,91963.23492321532,0.8350676315705485,19279.842101622067,71722.6918586092,nan,nan
14,2,49624,forward,a,km,8687,8562.0,125.0,200586.5202422652,64010.65845034878,189208.83054882928,224726.7665504817,35517.936001652415,188824.46645180116,1412762.2416887071,1223937.775236906,11.970676380582479,24253.874964043272,1212289.3501022686,nan,nan
14,3,171855,forward,a,km,22666,22666.0,0.0,203135.80499412701,747631.4568985639,189184.47061290982,275440.35707510315,86255.88646219333,188380.73352003994,76282242.53663798,76093861.80311793,63.13414229184892,72332.11322920625,76079134.29279208,nan,nan
14,4,40478,forward,a,km,9300,9299.0,1.0,211192.57338181083,240418.54288762473,190547.30003872412,754690.4851388028,564143.1851000787,188375.53043617887,3868441.785110482,3680066.2546743033,5.579314229805648,543833.1254577581,3657584.4254294373,nan,nan
14,5,140920,forward,a,km,27743,27743.0,0.0,199041.38547231606,289000.19952802977,188778.35025000843,209190.99871056146,20412.648460553028,188318.90154976404,8775147.52614534,8586828.624595577,15.36178868652944,11658.922502909454,8577615.449937688,nan,nan
14,6,28932,forward,a,km,2844,1447.0,1397.0,308921.1539120137,920678.6525005188,189952.61044855413,1879565.8164665408,1689613.2060179866,188375.804803439,18789119.654603433,18600743.849799994,8.203846580523189,nan,nan,nan,nan
14,7,5959,forward,a,km,5526,5526.0,0.0,220924.92797663528,30333.818930214555,201624.2758078757,228382.59679470563,26758.32098682993,189478.0537984315,734752.1598002376,545274.1060018061,11.881532025318652,25430.960629937275,508139.65414550435,nan,nan
14,8,57825,forward,a,km,14071,14071.0,0.0,199210.00824912827,67926.60301728765,188781.26217744584,254631.12104913825,65849.85887169241,188390.37359828094,7296020.845171034,7107630.471572753,81.48851100071381,59226.394621862346,7100616.118743759,nan,nan
14,9,221020,forward,a,km,5971,5971.0,0.0,232512.21835579118,681284.0525199409,190188.65834506467,250487.8476042584,60299.18925919372,188203.65455202223,21659266.509478975,21471062.85492695,26.32417782918732,51340.448576844356,21418912.28486172,nan,nan
14,10,16751,forward,a,km,14024,14023.0,1.0,204430.93258439223,7568.0662325338,196681.21979984193,218161.72375974586,21480.50395990393,195345.81977728716,290701.74559951737,95355.9258222302,1.5126649834949715,11913.211104137059,84453.23294390857,nan,nan
14,11,101915,forward,a,km,13142,13141.0,1.0,212196.4978267829,246247.21406933933,190649.62266203016,863184.3195755222,672534.696913492,188218.95933743392,5864673.426761146,5676454.467423712,5.546804655722534,642944.7472123699,5644433.854397994,nan,nan
14,12,34081,forward,a,km,3466,3465.0,1.0,209985.54437817234,78042.7337932702,201484.88802798238,432402.8716268151,230917.98359883274,189787.3274702801,837709.3564002042,647922.0289299241,2.7164564683963337,222787.45853324563,628093.9433066347,nan,nan
14,13,161766,forward,a,km,26159,26157.0,2.0,194095.06319293816,147561.61693126184,188196.88017457677,347683.0651394394,159486.18496486265,188007.42370019617,9903671.596219368,9715664.172519172,30.926980311073557,159167.94332994372,9715156.474409873,nan,nan
14,0,128398,forward,e,-,31854,31853.0,1.0,0.9158135793026771,0.21970928747142013,0.27209961923451603,0.999071232913037,0.7269716136785209,3.7745453292730234e-05,0.9999999999764257,0.999962254523133,-2.056684045389675,0.7079849341218153,0.9800468079030389,nan,nan
14,1,39208,forward,e,-,8671,8668.0,3.0,0.3931313673867167,0.08753840727803203,0.28889216351941704,0.519743449111077,0.2308512855916599,0.0940504039598227,0.71206074191041,0.6180103379505874,0.5370250938932213,0.14934886650672743,0.34042847164424495,nan,nan
14,2,49624,forward,e,-,8687,8562.0,125.0,0.8558296734634891,0.15836070665764174,0.6149462180014715,0.997914644992094,0.3829684269906225,0.09315892251543226,0.9999999997858843,0.906841077270452,-1.787346061360268,0.2337679063161742,0.7555552018022136,nan,nan
14,3,171855,forward,e,-,22666,22666.0,0.0,0.8321716866918296,0.19628303924002188,0.3542167333080946,0.9979172427897788,0.6437005094816841,0.0007192626070873285,0.9999999975559938,0.9992807349489065,-1.6478075956708316,0.4639382434835057,0.817435714184513,nan,nan
14,4,40478,forward,e,-,9300,9299.0,1.0,0.6948225352221719,0.1662274919720083,0.3582408565010454,0.981548514851074,0.6233076583500285,0.007668268693724633,0.9999999987577085,0.9923317300639839,-1.0656729683835122,0.3481323532294649,0.6987049410367856,nan,nan
14,5,140920,forward,e,-,27743,27743.0,0.0,0.8554428510958649,0.11354072473656913,0.7212378255874777,0.997487741191517,0.2762499156040392,0.0001671890931137829,0.9999999981425329,0.9998328090494192,-1.7595734199625703,0.14996717505167437,0.8710378115460383,nan,nan
14,6,28932,forward,e,-,2844,1447.0,1397.0,0.6004754929404823,0.22655557315518954,0.2735330436371141,0.9830691550765692,0.7095361114394552,0.035881912404411236,0.9999986823448612,0.96411676994045,0.04572802095923902,nan,nan,nan,nan
14,7,5959,forward,e,-,5526,5526.0,0.0,0.3604131450341568,0.1178929454331767,0.3000696285019461,0.6353289608817153,0.33525933237976924,0.06631223318119307,0.9999965191846149,0.9336842860034218,2.767222849932185,0.32157945292718515,0.6862470112300847,nan,nan
14,8,57825,forward,e,-,14071,14071.0,0.0,0.8549214916296833,0.1741428926000628,0.4782710859576304,0.9976689417274968,0.5193978557698664,1.8871492630350324e-05,0.9999999977253894,0.999981126232759,-2.246073140488197,0.41958794396039506,0.8978401584253951,nan,nan
14,9,221020,forward,e,-,5971,5971.0,0.0,0.26489691302762103,0.2925119342692312,0.17388050872509897,0.972883967829653,0.7990034591045541,0.004732944403399251,0.9999998456155298,0.9952669012121306,0.7169886406142677,0.7927784441106513,0.8198943218965281,nan,nan
14,10,16751,forward,e,-,14024,14023.0,1.0,0.4885654995924689,0.05866561808406841,0.3821221956794005,0.5453931884285785,0.16327099274917806,0.09456188751738724,0.6997273371887751,0.6051654496713879,-0.584364240097316,0.09449208802174593,0.3783062723911591,nan,nan
14,11,101915,forward,e,-,13142,13141.0,1.0,0.6843952451544488,0.14447416763450582,0.4334463754621122,0.9678107718990188,0.5343643964369066,0.006136354059061621,0.9999999861717173,0.9938636321126556,-0.35221546016577326,0.373487055171839,0.5965765603339174,nan,nan
14,12,34081,forward,e,-,3466,3465.0,1.0,0.6476961161780393,0.24214518710886407,0.04486586227368118,0.8559589096262926,0.8110930473526115,0.0006053674970887042,0.995176564733925,0.9945711972368363,-0.7459138202717454,0.6115715052481011,0.6558320000246937,nan,nan
14,13,161766,forward,e,-,26159,26157.0,2.0,0.9229926616549415,0.22742423475974594,0.2533461671192975,0.9992476442891747,0.7459014771698771,0.0002919113414979114,0.9999999998125809,0.9997080884710831,-1.947999157336238,0.7351512026563428,0.9882054584341436,nan,nan
14,0,128398,forward,w,deg,31854,31853.0,1.0,-21.567682226024658,77.61889775982497,-65.14800707512451,125.12647694951892,190.2744840246434,-142.3463544375587,130.31546341430294,272.66181785186166,0.24916354983939912,178.05422218869072,179.9998246023121,327.6629174198263,0.26236027240924165
14,1,39208,forward,w,deg,8671,8668.0,3.0,-2.258905273181284,18.171355397361843,-18.63498465856694,27.248255404257783,45.883240062824726,-62.8901270152823,153.60368951467444,216.49381652995675,2.6258157652911662,43.957634836732204,170.23898880326982,313.80461944156957,0.9556327938058089
14,2,49624,forward,w,deg,8687,8562.0,125.0,-9.468490805084684,49.36262773281817,-12.940221148726739,122.5752157159373,135.51543686466405,-92.71402456372078,163.24445500217473,255.95847956589552,1.6842429348575434,134.22426091045423,174.89350019669166,299.31596858343124,0.7285331998147984
14,3,171855,forward,w,deg,22666,22666.0,0.0,-14.521581776676356,71.29148634104021,-37.08552190964875,139.8979532800995,176.98347518974825,-179.8565956207042,177.68215830060808,357.53875392131226,0.7293182268990758,171.35848944788538,179.99826626711894,307.93030189760344,0.423486731817755
14,4,40478,forward,w,deg,9300,9299.0,1.0,-13.088080394099393,55.333545510224845,-17.003437700943834,141.03066296485042,158.03410066579426,-167.53572753876202,167.22362228924453,334.7593498280065,1.271976102802318,157.7749726365651,177.11696087744699,302.8894731188116,0.6583313175209873
14,5,140920,forward,w,deg,27743,27743.0,0.0,-2.7381439803640433,66.63564725772734,-175.54526626956513,27.626291540268525,203.17155780983364,-179.99745885144955,179.9997143713909,359.99717322284044,-1.1786376550327946,171.90029191627974,179.87812452940506,266.02944873028815,0.6721766952217072
14,6,28932,forward,w,deg,2844,1447.0,1397.0,-5.6089613194464505,64.9964210078552,-123.56230668988147,82.41362802235983,205.9759347122413,-179.57795847380714,177.97883859471688,357.556797068524,-0.182302806664641,nan,nan,59.8803902015598,0.5836220457459921
14,7,5959,forward,w,deg,5526,5526.0,0.0,-0.9105876749426614,31.836323032970686,-26.693879892398925,51.16399195311509,77.85787184551401,-179.77173184667757,168.42545239360248,348.1971842402801,0.7573762481092964,70.30452597776168,178.99581688815,319.13464750644914,0.8709269838806567
14,8,57825,forward,w,deg,14071,14071.0,0.0,-16.0085176421955,45.04298375198088,-33.81099447849357,89.86110774297828,123.67210222147185,-145.0531415242754,154.51778796479311,299.5709294890685,0.8139063834713838,116.70248825253296,178.68726181192716,323.2379588812272,0.7320376522160347
14,9,221020,forward,w,deg,5971,5971.0,0.0,-3.0782453675726913,34.43369799814396,-63.289145217292344,62.00415814538418,125.29330336267653,-81.01781215094866,161.2121736714396,242.22998582238824,0.5161556973035232,110.17606099004212,127.83682737862671,18.74828767649955,0.8408587453924012
14,10,16751,forward,w,deg,14024,14023.0,1.0,-1.4813572969030133,12.606855745601738,-10.547820478465763,13.110723841658917,23.65854432012468,-94.17767936253824,161.77393135298757,255.95161071552582,5.342708871266199,19.366437955908488,168.0176283570603,304.12428922164526,0.9799991501592924
14,11,101915,forward,w,deg,13142,13141.0,1.0,-10.937552171723212,52.078281985003024,-36.979962573993134,121.87444528384134,158.85440785783447,-177.13077212950589,177.62573772200966,354.75650985151555,1.3938409361234236,127.49248463917769,176.78739444156218,294.61767155481175,0.6898866415624145
14,12,34081,forward,w,deg,3466,3465.0,1.0,-13.314933154955838,49.48052167193476,-41.80633000032365,139.08101917946283,180.88734917978647,-167.253432080501,146.45733400574073,313.71076608624173,1.3951814407490475,158.846077521069,166.2223923473469,315.0020423793668,0.7272058452676549
14,13,161766,forward,w,deg,26159,26157.0,2.0,18.455026456084823,92.50776959968836,-149.11394518894627,97.65506034192872,246.769005530875,-179.8968967343917,179.61354698532165,359.51044371971335,0.01065362802313215,167.51577158347527,177.55245885752333,238.4457184136672,0.04716574799651806
18,0,128398,backward,a,km,31228,0.0,31228.0,nan,nan,nan,nan,nan,nan,nan,nan,nan,nan,nan,nan,nan
18,1,21987,backward,a,km,4740,4740.0,0.0,209545.30622051875,3295.835727487429,204404.45759811634,214375.90691573225,9971.449317615916,202704.06696709988,219301.38144561969,16597.31447851981,-0.051600527687825824,5704.05093601255,9347.243880567199,nan,nan
18,2,49166,backward,a,km,7431,7431.0,0.0,225778.27358028135,4700.278471653398,218274.9664069076,233202.49383337417,14927.527426466579,210622.97161221624,235821.53702991724,25198.565417701,-0.04332833506041321,9933.27716626419,12667.727146133955,nan,nan
18,3,208293,backward,a,km,6000,0.0,6000.0,nan,nan,nan,nan,nan,nan,nan,nan,nan,nan,nan,nan,nan
18,4,48796,backward,a,km,7234,7234.0,0.0,207982.44456686114,7022.565328597901,202579.10890087724,232235.61853207258,29656.50963119534,193116.96626675624,235187.19161805304,42070.2253512968,2.057305172589381,23098.847264239404,26050.42035021988,nan,nan
18,5,122456,backward,a,km,16862,0.0,16862.0,nan,nan,nan,nan,nan,nan,nan,nan,nan,nan,nan,nan,nan
18,6,28932,backward,a,km,2738,2738.0,0.0,238223.7570872644,3488.9800970957526,229566.96796938477,240776.54492320103,11209.576953816257,225046.90577984726,241125.0717833503,16078.166003503022,-1.4365630164831722,8494.643719475642,13014.705909013137,nan,nan
18,7,5959,backward,a,km,5138,5138.0,0.0,214048.72719477466,7433.17040749792,205149.52960842266,229178.04070704695,24028.511098624294,203161.0182858594,237040.06439197538,33879.04610611597,0.6409407024200288,16616.483409030272,24478.507093958702,nan,nan
18,8,81619,backward,a,km,8172,8172.0,0.0,211113.77132124716,4111.560711474073,205538.2760655501,217208.34585161132,11670.069786061213,193052.52070609113,234227.41837971634,41174.89767362521,0.6402926503260208,7033.201329405979,21844.421163217805,nan,nan
18,9,219846,backward,a,km,5600,0.0,5600.0,nan,nan,nan,nan,nan,nan,nan,nan,nan,nan,nan,nan,nan
18,10,13960,backward,a,km,9062,9062.0,0.0,222667.95488317183,4230.859426634665,215743.92526923108,229162.9826779237,13419.057408692606,214335.96546506853,240981.41337410384,26645.447909035312,0.04387238410647737,7257.990950172462,18893.71094239538,nan,nan
18,11,154309,backward,a,km,27447,0.0,27447.0,nan,nan,nan,nan,nan,nan,nan,nan,nan,nan,nan,nan,nan
18,12,34080,backward,a,km,3292,3292.0,0.0,221479.82949115027,11437.73940102976,202829.661674821,236423.74357596377,33594.08190114278,193064.57318591388,240995.69755015333,47931.124364239455,-0.12629617183293432,20299.70728150895,24868.632452987513,nan,nan
18,13,161766,backward,a,km,26156,0.0,26156.0,nan,nan,nan,nan,nan,nan,nan,nan,nan,nan,nan,nan,nan
18,14,168732,backward,a,km,14242,0.0,14242.0,nan,nan,nan,nan,nan,nan,nan,nan,nan,nan,nan,nan,nan
18,15,74960,backward,a,km,5227,5227.0,0.0,199225.97366729775,9045.184162343789,195999.36655358702,232165.35592493982,36165.9893713528,193076.19742837848,241041.67889637285,47965.48146799437,3.4285988398425724,35109.447514706124,43985.77048613914,nan,nan
18,16,41395,backward,a,km,9307,9307.0,0.0,226195.49256488495,5595.916928314164,217120.31824134025,234557.45732226374,17437.139080923487,213489.13434544232,240408.680319823,26919.545974380686,-0.06041041252342758,12000.453809555684,17851.67680711494,nan,nan
18,17,50657,backward,a,km,4248,4248.0,0.0,200527.66490873846,2411.6325809559885,198224.91502804845,203782.87827879973,5557.963250751287,193167.70139503328,234645.8408577507,41478.13946271743,6.665268948634577,4372.234528263321,35214.95523252239,nan,nan
18,0,128398,backward,e,-,31228,0.0,31228.0,nan,nan,nan,nan,nan,nan,nan,nan,nan,nan,nan,nan,nan
18,1,21987,backward,e,-,4740,4740.0,0.0,0.448092400990282,0.024843389218999846,0.41134736433579705,0.4865376625438456,0.07519029820804857,0.3721604674722524,0.49917415908112234,0.12701369160886994,0.03670465585516776,0.042846478566992384,0.07285516435458944,nan,nan
18,2,49166,backward,e,-,7431,7431.0,0.0,0.31968825680597535,0.03968512314075396,0.25417747617321385,0.3806019675104684,0.12642449133725453,0.23099385466730604,0.44028354661417857,0.20928969194687252,-0.036527604498435985,0.08625137933950741,0.10937026248253662,nan,nan
18,3,208293,backward,e,-,6000,0.0,6000.0,nan,nan,nan,nan,nan,nan,nan,nan,nan,nan,nan,nan,nan
18,4,48796,backward,e,-,7234,7234.0,0.0,0.45959019941009016,0.05605071295376224,0.26237466916784047,0.499982593320698,0.23760792415285753,0.23494667514474468,0.5700086310735369,0.3350619559287923,-2.239132562811587,0.18860360857424718,0.21603160259734308,nan,nan
18,5,122456,backward,e,-,16862,0.0,16862.0,nan,nan,nan,nan,nan,nan,nan,nan,nan,nan,nan,nan,nan
18,6,28932,backward,e,-,2738,2738.0,0.0,0.2034065922215455,0.03477381798027792,0.17397039763188965,0.28929679108296547,0.11532639345107581,0.16971737352447916,0.3254896844004733,0.15577231087599416,1.2268711156716516,0.08517021617300224,0.12136310949051007,nan,nan
18,7,5959,backward,e,-,5138,5138.0,0.0,0.4137887148510326,0.059045775977212854,0.29068254755558814,0.4809391946309059,0.19025664707531775,0.21853418544534284,0.4958656010724452,0.2773314156271024,-0.7720091547431679,0.13474754124576654,0.20689590335601196,nan,nan
18,8,81619,backward,e,-,8172,8172.0,0.0,0.4358341003258019,0.03170967537185121,0.38890140493889847,0.47786683241925065,0.08896542748035219,0.24390527279026994,0.5704977881826699,0.3265925153924,-0.8194400025162861,0.053290492755589586,0.18221593241628684,nan,nan
18,9,219846,backward,e,-,5600,0.0,5600.0,nan,nan,nan,nan,nan,nan,nan,nan,nan,nan,nan,nan,nan
18,10,13960,backward,e,-,9062,9062.0,0.0,0.34611199891122896,0.034555534602680335,0.2913804718623817,0.4008527422738354,0.10947227041145369,0.17167620513217016,0.4116261463233183,0.23994994119114813,-0.13963959434720535,0.059496108534430915,0.17912560682336806,nan,nan
18,11,154309,backward,e,-,27447,0.0,27447.0,nan,nan,nan,nan,nan,nan,nan,nan,nan,nan,nan,nan,nan
18,12,34080,backward,e,-,3292,3292.0,0.0,0.35518996839747907,0.0940957008650054,0.22217489247570338,0.49816575134989327,0.2759908588741899,0.1711241813510572,0.5704147561273051,0.39929057477624785,0.018348509029429843,0.1754840275039105,0.2265347386285567,nan,nan
18,13,161766,backward,e,-,26156,0.0,26156.0,nan,nan,nan,nan,nan,nan,nan,nan,nan,nan,nan,nan,nan
18,14,168732,backward,e,-,14242,0.0,14242.0,nan,nan,nan,nan,nan,nan,nan,nan,nan,nan,nan,nan,nan
18,15,74960,backward,e,-,5227,5227.0,0.0,0.5248309640979252,0.07402690187026918,0.2629794375238041,0.5487616646255254,0.28578222710172135,0.1705922580032535,0.5703133050206662,0.39972104701741273,-3.534196882966188,0.2779383848338932,0.37032556435444386,nan,nan
18,16,41395,backward,e,-,9307,9307.0,0.0,0.3163703576557675,0.04765432651070194,0.2408399774963972,0.3897688328846065,0.1489288553882093,0.17745774320710586,0.4185724086187985,0.24111466541169266,-0.03121456668769618,0.10566101117688893,0.1690432454661803,nan,nan
18,17,50657,backward,e,-,4248,4248.0,0.0,0.5152890204655957,0.018580504757864023,0.4910082330846313,0.5323343279862797,0.04132609490164835,0.23927474655904415,0.5696656158767904,0.3303908693177463,-7.383305251725844,0.03247509830320756,0.2841436565405733,nan,nan
18,0,128398,backward,w,deg,31228,0.0,31228.0,nan,nan,nan,nan,nan,nan,nan,nan,nan,nan,nan,nan,nan
18,1,21987,backward,w,deg,4740,4740.0,0.0,-0.8273534465468515,5.4398565337083005,-5.0005135535046055,17.133545825417713,22.134059378922316,-14.431709943601078,27.336678257260417,41.768388200861494,2.6949636303108253,19.29106327698966,29.494195708832365,186.96395184912706,0.9955294004365081
18,2,49166,backward,w,deg,7431,7431.0,0.0,0.6488421104520512,5.514508454952006,-7.411361077891996,5.209160071182438,12.620521149074435,-37.1558511040262,13.318391434633384,50.47424253865958,-3.5639393573257103,8.788727439743298,37.6979767792983,204.2535104174231,0.9954535242755683
18,3,208293,backward,w,deg,6000,0.0,6000.0,nan,nan,nan,nan,nan,nan,nan,nan,nan,nan,nan,nan,nan
18,4,48796,backward,w,deg,7234,7234.0,0.0,-1.1738885170357491,4.819117261749823,-5.107963153122695,10.427915013087787,15.535878166210482,-24.961742546148997,19.780808434491775,44.74255098064077,1.4577743384988422,13.458375117417116,22.799153202666076,196.86384175607887,0.9964743441737529
18,5,122456,backward,w,deg,16862,0.0,16862.0,nan,nan,nan,nan,nan,nan,nan,nan,nan,nan,nan,nan,nan
18,6,28932,backward,w,deg,2738,2738.0,0.0,2.2800112234843795,14.478837778381884,-28.364004417734705,17.33479196394332,45.69879638167802,-30.728015641316603,18.208403692127973,48.936419333444576,-0.5818901853694732,38.32597079649132,40.68998202007322,197.78328190671058,0.9684489821314515
18,7,5959,backward,w,deg,5138,5138.0,0.0,-3.357938569334763,13.900112180036377,-13.79998284829105,23.109054145447054,36.909036993738106,-25.65821566802586,24.55352963552545,50.21174530355131,0.4975622965846188,37.54411647088107,38.98859196095947,192.61726208150554,0.9708065752803257
18,8,81619,backward,w,deg,8172,8172.0,0.0,-0.24734073933795742,4.307437294971276,-5.010206003376107,7.040095668790286,12.050301672166393,-31.60283969355757,14.091031742214426,45.693871435771996,-0.8903227151830252,7.819885945650818,33.98213980745328,202.56993731956032,0.9971890414617481
18,9,219846,backward,w,deg,5600,0.0,5600.0,nan,nan,nan,nan,nan,nan,nan,nan,nan,nan,nan,nan,nan
18,10,13960,backward,w,deg,9062,9062.0,0.0,0.06798550406465154,3.9379946759034365,-5.8967616410407615,5.5267021827052965,11.423463823746058,-20.858809999657353,28.698216989951817,49.55702698960917,0.9588276088421803,6.181497131547976,29.110098116637346,188.0311351965862,0.9976473496419456
18,11,154309,backward,w,deg,27447,0.0,27447.0,nan,nan,nan,nan,nan,nan,nan,nan,nan,nan,nan,nan,nan
18,12,34080,backward,w,deg,3292,3292.0,0.0,-2.343892355207828,8.917602961155676,-8.069493884762558,17.647245669229964,25.71673955399252,-31.24686324050859,19.179382954235876,50.426246194744465,0.13385188411500148,23.32152623167424,26.025263985761512,198.16057156914837,0.9879933459594527
18,13,161766,backward,w,deg,26156,0.0,26156.0,nan,nan,nan,nan,nan,nan,nan,nan,nan,nan,nan,nan,nan
18,14,168732,backward,w,deg,14242,0.0,14242.0,nan,nan,nan,nan,nan,nan,nan,nan,nan,nan,nan,nan,nan
18,15,74960,backward,w,deg,5227,5227.0,0.0,-0.9866046160139774,8.166774554565452,-10.562830491070505,12.780998255641805,23.343828746712312,-21.245618647764417,25.4460453873329,46.69166403509732,0.6997088996037865,13.331915810253028,25.750524098501927,191.63450524032393,0.9898977718440709
18,16,41395,backward,w,deg,9307,9307.0,0.0,-1.7400482014473084,6.47656168210569,-7.013919064974004,12.23366835034483,19.247587415318833,-35.27228219563574,14.589648246880188,49.86193044251593,-0.4361771268582863,14.109681777626054,33.60889058537228,202.25607422184777,0.9936592418699425
18,17,50657,backward,w,deg,4248,4248.0,0.0,-1.0150344054516296,5.170078039283202,-6.77348857722226,9.860094197808333,16.633582775030593,-16.042375424874592,25.655704220887174,41.698079645761766,0.8615952901101669,12.627889271320349,28.416450804622542,190.7996014442008,0.9959399379032218
18,0,128398,forward,a,km,31228,31227.0,1.0,193954.96081092366,121934.35283699677,188138.7625755993,363904.90464205295,175766.14206645364,187998.5760196105,3928762.0386776994,3740763.4626580887,8.387333533964062,175092.55914992085,3739949.6931855674,nan,nan
18,1,21987,forward,a,km,4740,4740.0,0.0,205446.11560620344,7787.461340288231,198480.32841180905,219190.80719305642,20710.478781247366,197729.197149964,290701.74559951737,92972.54844955337,1.9969857345301225,11000.026243650504,82510.96465011145,nan,nan
18,2,49166,forward,a,km,7431,7288.0,143.0,200586.5202422652,55390.99635078204,189225.58257985697,224054.46515655206,34828.88257669509,188871.80269064973,1306594.606488906,1117722.8037982564,13.332656698421584,23550.432732125948,1106090.57406448,nan,nan
18,3,208293,forward,a,km,6000,6000.0,0.0,214426.00155807327,581368.7073262029,189189.08289571377,1487381.5510269338,1298192.46813122,188318.3352690733,6533945.63914891,6345627.303879837,3.3682811002582644,1202889.8713905877,6249453.959512563,nan,nan
18,4,48796,forward,a,km,7234,7234.0,0.0,202916.7491192537,60885.74380605905,193580.68340159487,208673.97331090883,15093.289909313957,189382.20466072994,1452087.880416266,1262705.675755536,14.756781101268716,10888.644499266924,1248311.083353317,nan,nan
18,5,122456,forward,a,km,16862,16862.0,0.0,202429.14668469396,276208.7226410995,190707.3548062119,209305.1036618381,18597.74885562621,188358.22886030158,5879060.795607735,5690702.5667474335,10.508210316257165,12471.083323818992,5676583.185781997,nan,nan
18,6,28932,forward,a,km,2738,1360.0,1378.0,497006.50945132226,942802.4967149016,189758.15204275493,1920467.7772917012,1730709.6252489462,188375.804803439,18789119.654603433,18600743.849799994,8.047111984032611,nan,nan,nan,nan
18,7,5959,forward,a,km,5138,5138.0,0.0,221221.22305602184,31189.724276699642,201616.78851300242,228276.95884181178,26660.170328809356,189478.0537984315,734752.1598002376,545274.1060018061,11.691289350301199,25452.05573295853,508139.65414550435,nan,nan
18,8,81619,forward,a,km,8172,8171.0,1.0,192802.74958530656,89545.40209028544,188653.7463408949,291560.0026748609,102906.25633396598,188390.37359828094,7296020.845171034,7107630.471572753,61.223362640758985,53026.91979980795,7057487.762295982,nan,nan
18,9,219846,forward,a,km,5600,5600.0,0.0,232639.5108796389,837569.3227901001,189917.98892275788,260440.3133132271,70522.3243904692,188203.65455202223,21659266.509478975,21471062.85492695,19.709002368214012,51626.01101479837,21418663.44276567,nan,nan
18,10,13960,forward,a,km,9062,9061.0,1.0,204256.34732636745,7776.544374969121,196334.92415834687,218032.72805473255,21697.80389638568,195345.81977728716,291060.4679646602,95714.64818737304,1.4660469819142141,11961.78152417671,84989.52143410436,nan,nan
18,11,154309,forward,a,km,27447,27446.0,1.0,209197.30890785262,633471.0813454519,189348.218996373,260266.82571061546,70918.60671424246,188218.95933743392,76282242.53663798,76094023.57730055,82.89796433009687,50826.56100121761,76072802.27192858,nan,nan
18,12,34080,forward,a,km,3292,3291.0,1.0,210014.00239766948,81270.17150035664,201421.48923316255,440457.2253632687,239035.73613010615,189506.13689307935,837709.3564002042,648203.2195071249,2.6177436780365784,230847.99952318688,628100.1305601224,nan,nan
18,13,161766,forward,a,km,26156,26154.0,2.0,194071.1713266555,136736.25669141195,188196.8549049295,346836.15273132833,158639.29782639883,188007.42370019617,9903671.596219368,9715664.172519172,35.5061335838206,158321.03092183263,9715156.474409873,nan,nan
18,14,168732,forward,a,km,14242,14242.0,0.0,193653.63373136573,282742.27359214274,188656.35556617798,230809.4831862937,42153.12762011573,188334.95154567817,9922280.831982374,9733945.880436696,26.65996756599677,38394.62735533144,9729865.976151412,nan,nan
18,15,74960,forward,a,km,5227,5224.0,3.0,222592.7089645859,7379.83927435162,207941.40267443753,229891.30623716203,21949.903562724503,192452.99240589963,290535.29676490603,98082.3043590064,0.5900714527006258,13857.834288987235,69560.47479836794,nan,nan
18,16,41395,forward,a,km,9307,9306.0,1.0,211406.10204508365,237351.19222194472,190984.51578459522,752423.6790611623,561439.1632765671,188375.53043617887,3868441.785110482,3680066.2546743033,5.719090225727134,541945.6108410052,3657963.716890325,nan,nan
18,17,50657,forward,a,km,4248,4248.0,0.0,206855.69201730244,8109.165782676602,199902.7178312507,217551.2522417686,17648.534410517925,199228.2887395546,291191.52366276993,91963.23492321532,4.322180845559458,9456.698998632128,83096.97041963346,nan,nan
18,0,128398,forward,e,-,31228,31227.0,1.0,0.9188387800492673,0.2206699060556754,0.2654380380448109,0.9991107169349508,0.7336726788901399,3.7745453292730234e-05,0.9999999999764257,0.999962254523133,-2.0998066610525443,0.7146465153115197,0.9800468079030389,nan,nan
18,1,21987,forward,e,-,4740,4740.0,0.0,0.4835277017218418,0.06457262724071043,0.3740141818239944,0.5327361755014801,0.15872199367748574,0.09456188751738724,0.7304106308176984,0.6358487433003112,-0.2520838052148581,0.09097394964639409,0.36373166646957356,nan,nan
18,2,49166,forward,e,-,7431,7288.0,143.0,0.8545901302041394,0.16038627640975728,0.6152614365036962,0.9978312885855651,0.3825698520818689,0.09315892251543226,0.9999999939659421,0.9068410714505099,-1.8396442067749659,0.23378487902479564,0.7558873930130596,nan,nan
18,3,208293,forward,e,-,6000,6000.0,0.0,0.7413363264828515,0.22042135690730638,0.2628744872315767,0.9928201050781246,0.7299456178465479,0.00557563358574388,0.9999999861717173,0.9944243525859734,-0.6243283050073717,0.6493637107600857,0.6565435918536784,nan,nan
18,4,48796,forward,e,-,7234,7234.0,0.0,0.7922755988457562,0.09950815680458677,0.6947080186603026,0.9203020888439815,0.22559407018367883,0.08097545256986279,0.999999758967776,0.9190243063979132,-2.6954674215583956,0.14910820214289733,0.6993971209241145,nan,nan
18,5,122456,forward,e,-,16862,16862.0,0.0,0.8006822700009085,0.08059408156762027,0.7139173082223584,0.9597309638973863,0.2458136556750279,0.07142839091930268,0.9998779724928507,0.9284495815735481,-0.03269598039557514,0.15946285498255852,0.7314867995727351,nan,nan
18,6,28932,forward,e,-,2738,1360.0,1378.0,0.6263671999207544,0.2282434468793955,0.26980878836316646,0.9846865403175423,0.7148777519543759,0.035881912404411236,0.9999986823448612,0.96411676994045,-0.07047140428101026,nan,nan,nan,nan
18,7,5959,forward,e,-,5138,5138.0,0.0,0.35803412435080834,0.11735641554596463,0.30093032014878285,0.5146536471809084,0.2137233270321256,0.06921333455576802,0.9999965191846149,0.9307831846288468,2.9505239945632695,0.20136673421731938,0.6862470112300847,nan,nan
18,8,81619,forward,e,-,8172,8171.0,1.0,0.9441631377516583,0.21912425621014767,0.27786144172539695,0.999373752007516,0.721512310282119,1.8871492630350324e-05,0.9999999997858843,0.9999811282932539,-2.2475629027552704,0.40062253563363975,0.5993202590808249,nan,nan
18,9,219846,forward,e,-,5600,5600.0,0.0,0.26380558687878847,0.29870902370652525,0.1737880526696194,0.9744561754405751,0.8006681227709557,0.004732944403399251,0.9999998456155298,0.9952669012121306,0.6607320408908463,0.7979581316764542,0.823501801851409,nan,nan
18,10,13960,forward,e,-,9062,9061.0,1.0,0.4905337161097752,0.06069269136733727,0.3831693973932625,0.5479036939301959,0.1647342965369334,0.09428293306474804,0.6997273371887751,0.6054444041240271,-0.5526335623399804,0.09585227474576674,0.37993981886020584,nan,nan
18,11,154309,forward,e,-,27447,27446.0,1.0,0.7443883309014566,0.1785199718585954,0.46792076548536216,0.9956637788745675,0.5277430133892054,0.0007192626070873285,0.9999999975559938,0.9992807349489065,-1.1763891149322887,0.27714498909220714,0.744346491970482,nan,nan
18,12,34080,forward,e,-,3292,3291.0,1.0,0.6467530963071507,0.2455702751931532,0.04275520691649455,0.8580033583107536,0.815248151394259,0.0006053674970887042,0.9999926078868219,0.9993872403897331,-0.6675789690415519,0.6143024872382663,0.6564523266576722,nan,nan
18,13,161766,forward,e,-,26156,26154.0,2.0,0.9232358250010695,0.22748302520666555,0.2523551658600456,0.9992476702407946,0.7468925043807491,0.0002919113414979114,0.9999999998125809,0.9997080884710831,-1.9483985833971915,0.7361422039155954,0.9882054584341436,nan,nan
18,14,168732,forward,e,-,14242,14242.0,0.0,0.9379823093338713,0.15627230048099133,0.5823925809920378,0.9994739100605349,0.41708132906849704,0.0001671890931137829,0.9999999981425329,0.9998328090494192,-2.7280992425398014,0.3602350236342511,0.9424604155331753,nan,nan
18,15,74960,forward,e,-,5227,5224.0,3.0,0.34654780875896357,0.06836531702337473,0.28488667632812953,0.4701705506656183,0.18528387433748877,0.09487697468254028,0.9753891220230995,0.8805121473405592,1.9090582561400706,0.1211837345515156,0.6158176632432697,nan,nan
18,16,41395,forward,e,-,9307,9306.0,1.0,0.6942750855112261,0.16077346804469167,0.3934076648492819,0.9762138967342979,0.582806231885016,0.007668268693724633,0.9999999987577085,0.9923317300639839,-1.1095152230598753,0.32333572974128344,0.7090751258968407,nan,nan
18,17,50657,forward,e,-,4248,4248.0,0.0,0.47524234923461695,0.06795349507752835,0.38672345138338027,0.5240220380633259,0.13729858667994566,0.0940504039598227,0.701970617216923,0.6079202132571003,-0.470654163092007,0.18503530709005436,0.36491183448849707,nan,nan
18,0,128398,forward,w,deg,31228,31227.0,1.0,-19.41698664860104,77.81938811409952,-61.013193765128484,129.41573056044524,190.42892432557372,-138.14180676027266,134.5200110915889,272.66181785186154,0.28973871504258075,178.09762478189788,179.9998246023121,323.45836974254024,0.26623548363348143
18,1,21987,forward,w,deg,4740,4740.0,0.0,-2.6214673578251393,16.510047391215185,-12.45899300855883,35.23288532955466,47.69187833811349,-179.36572928103408,174.70627010282323,354.0719993838573,3.6511055270724317,41.95348374321999,179.0485922924069,305.1388492563627,0.9660271845223799
18,2,49166,forward,w,deg,7431,7288.0,143.0,-6.478096854746383,45.4198593155541,-9.654274852880596,125.82959641124526,135.48387126412587,-89.50288754750159,166.45559201839387,255.95847956589546,2.0478025784677834,134.19745091801613,174.82344652516474,296.10483156721205,0.7789737859402117
18,3,208293,forward,w,deg,6000,6000.0,0.0,37.27642211348052,69.46024989938205,-104.49431083184696,94.8731008917752,199.36741172362215,-104.92221231512463,124.76442335408899,229.68663566921362,-0.1424076472163993,159.42674013677816,159.85464162005576,1.5596875337219247,0.3936368881947411
18,4,48796,forward,w,deg,7234,7234.0,0.0,-5.017727718362295,20.12596823468744,-15.990454434713746,34.55672198494581,50.54717641965956,-73.4715152242558,148.70745118152757,222.17896640578337,2.9068391866052488,45.28667850118382,158.5500845653886,304.92833221773617,0.9484846819176934
18,5,122456,forward,w,deg,16862,16862.0,0.0,-3.944881309790759,22.68093156239985,-10.227235633441873,27.809876716333694,38.03711234977557,-179.641179515486,178.89720384822397,358.53838336370995,3.5870914878681424,33.89206118839986,179.81965345151286,268.05626175141504,0.9508861886606027
18,6,28932,forward,w,deg,2738,1360.0,1378.0,19.668767391330817,66.15542140420038,-125.41471007559102,98.79599807683762,224.21070815242865,-179.57822878542459,179.9444929003132,359.5227216857378,-0.14984542782309046,nan,nan,62.83262480738217,0.5749526345655778
18,7,5959,forward,w,deg,5138,5138.0,0.0,-1.7684400813847674,31.059015135587924,-25.08005058623074,48.130147339363745,73.21019792559449,-178.17968932178948,156.79716013983182,334.9768494616213,0.8304617486887068,66.22309308141455,173.49046265035696,317.54260498156106,0.8781348653131565
18,8,81619,forward,w,deg,8172,8171.0,1.0,-12.923381972406446,53.21943212797861,-58.28004230859469,69.40009854961733,127.68014085821201,-170.87592725672496,74.94579719573738,245.82172445246235,-0.06302536295246944,116.21426590151091,177.86263953940613,347.982971721636,0.6176852364443952
18,9,219846,forward,w,deg,5600,5600.0,0.0,-3.029051365588387,33.40812435953885,-64.43254191039817,62.31707288714369,126.74961479754185,-79.85065638379251,162.37932943859568,242.2299858223882,0.608916668139059,103.60091027088707,123.58163158903665,17.581131909343426,0.8516464462871394
18,10,13960,forward,w,deg,9062,9061.0,1.0,-1.1057790096857616,12.052131196472477,-9.341077055856317,11.687864054178704,21.02894111003502,-137.8100480688493,162.3424816173047,300.152529686154,6.349725773903781,16.353275007134187,166.99024689813882,303.5557389573281,0.9826594927707949
18,11,154309,forward,w,deg,27447,27446.0,1.0,-8.945554575132178,62.9905775718017,-26.181922673782765,144.53641131145838,170.71833398524115,-179.0208313711117,179.83250862491315,358.85333999602483,1.2358330096670649,165.38456684650868,179.9910691385462,296.86509940844155,0.5846177598887945
18,12,34080,forward,w,deg,3292,3291.0,1.0,-14.060266010835903,50.89099375103247,-41.61224564363479,139.50163211048,181.11387775411478,-166.88466990064688,146.82609618559485,313.71076608624173,1.3430358938632532,159.1359374055407,166.46040148065555,314.6332801995127,0.7127852318922214
18,13,161766,forward,w,deg,26156,26154.0,2.0,17.635695247029304,92.54470144647276,-149.89526993455357,97.07781400689865,246.97308394145222,-176.78388155167903,179.9358972357179,356.71977878739693,0.009761673645466987,167.4849932438807,175.81460208699838,239.26838048174403,0.047896035551058175
18,14,168732,forward,w,deg,14242,14242.0,0.0,-2.4713240180165315,106.59504192351636,-177.96774516838184,178.00962171649394,355.9773668848758,-179.99770434703964,179.99573191586398,359.99343626290363,0.01586282269494845,178.99598438474752,179.9990792453649,268.3724500323429,0.24330657141065973
18,15,74960,forward,w,deg,5227,5224.0,3.0,-5.057272222849207,21.926585730354084,-19.688930934316254,52.533274747243276,72.22220568155953,-45.828667567815216,172.887891082179,218.71655864999423,1.9414321665581042,60.92390507835487,178.7214785867094,314.6722088178726,0.9330035764422195
18,16,41395,forward,w,deg,9307,9306.0,1.0,-14.012387088107118,55.93546448432167,-17.547343547328353,138.82321380520418,156.37055735253253,-168.08646891051185,166.6728809174947,334.7593498280065,1.224639535139119,156.34617988644865,176.88904583966703,303.44021449056146,0.6475585825909335
18,17,50657,forward,w,deg,4248,4248.0,0.0,-0.8281191523772691,17.901304693263384,-18.68859084858118,21.03715645770422,39.7257473062854,-64.79483617250554,151.6989803574512,216.49381652995675,3.4087396431989148,28.36950156539895,158.80986713985715,315.7093285987928,0.9594514668141938
23,0,128106,backward,a,km,30980,0.0,30980.0,nan,nan,nan,nan,nan,nan,nan,nan,nan,nan,nan,nan,nan
23,1,22427,backward,a,km,4532,4532.0,0.0,209453.7928518666,3271.1472565825525,204299.30907720962,214283.6130632295,9984.303986019891,202700.10388098448,217606.51945727307,14906.415576288593,-0.06858111544865812,5632.195571019962,7780.8999042990035,nan,nan
23,2,30751,backward,a,km,1720,1720.0,0.0,237081.57058381956,4111.983665091215,228020.84323870984,240774.26730734998,12753.424068640132,221385.0169119857,241125.0717833503,19740.054871364584,-0.7550068473705424,9703.057855441655,16338.884182165784,nan,nan
23,3,221317,backward,a,km,4362,0.0,4362.0,nan,nan,nan,nan,nan,nan,nan,nan,nan,nan,nan,nan,nan
23,4,58136,backward,a,km,12619,12619.0,0.0,210305.8169412465,3671.296311861482,205152.71817240352,216174.3101369589,11021.59196455538,193076.85340608083,233101.94595122794,40025.09254514711,0.5557035552164619,6009.442965058923,22267.701141339727,nan,nan
23,5,127595,backward,a,km,3652,0.0,3652.0,nan,nan,nan,nan,nan,nan,nan,nan,nan,nan,nan,nan,nan
23,6,22050,backward,a,km,1731,1731.0,0.0,236430.12326164683,3412.6253396724537,228722.98458367493,239425.29472222418,10702.310138549248,193730.1529935547,240928.01819279918,47197.865199244494,-3.1371232364537103,7880.171411353367,42873.00300147361,nan,nan
23,7,8822,backward,a,km,3027,3027.0,0.0,213017.40639902014,5486.75269872155,204946.90752467912,222188.23057068707,17241.32304600795,202792.8172183175,230330.5163694553,27537.699151137786,0.14716711998211737,9831.982552993273,17974.268351761508,nan,nan
23,8,67258,backward,a,km,1766,1766.0,0.0,203420.29545579362,1161.7016269355524,201985.1988413551,204411.7544419958,2426.5556006407132,193052.52070609113,205098.036190955,12045.515484863863,-4.280453754873424,1453.8173151192095,10382.109865476377,nan,nan
23,9,172743,backward,a,km,4515,0.0,4515.0,nan,nan,nan,nan,nan,nan,nan,nan,nan,nan,nan,nan,nan
23,10,14142,backward,a,km,8910,8910.0,0.0,222698.2786107283,4212.984690553892,215679.32471423552,229147.13844909036,13467.813734854833,214335.96546506853,236918.59745136162,22582.631986293098,-0.03426062088887946,7267.092175887507,14886.086025638157,nan,nan
23,11,154309,backward,a,km,27438,0.0,27438.0,nan,nan,nan,nan,nan,nan,nan,nan,nan,nan,nan,nan,nan
23,12,99245,backward,a,km,2857,2857.0,0.0,215691.9521661288,8021.354837272265,205248.99853076087,229918.70716132942,24669.70863056855,202648.2250671624,234460.72393056788,31812.49886340549,0.25536399548399896,12922.157678902271,17068.88911114089,nan,nan
23,13,161476,backward,a,km,25184,0.0,25184.0,nan,nan,nan,nan,nan,nan,nan,nan,nan,nan,nan,nan,nan
23,14,168732,backward,a,km,15039,0.0,15039.0,nan,nan,nan,nan,nan,nan,nan,nan,nan,nan,nan,nan,nan
23,15,76537,backward,a,km,4877,4877.0,0.0,198883.92704776782,2434.2338119297733,195972.5673959587,203584.45285066008,7611.885454701376,193076.19742837848,204540.14627026598,11463.948841887497,0.3297232807899879,6475.006145419232,7430.699565025134,nan,nan
23,16,42086,backward,a,km,8720,8720.0,0.0,225253.023208886,5280.033027083712,216965.23832227272,232967.88835796417,16002.650035691448,213489.13434544232,240667.193450618,27178.059105175693,-0.011969991638350844,10509.213299465833,18208.518392119673,nan,nan
23,17,49752,backward,a,km,4179,4179.0,0.0,200481.35302308464,1674.7154248212505,198214.75886089905,203744.4014072321,5529.642546333052,193167.70139503328,204535.18601765996,11367.484622626682,0.2687531624656078,4242.173730713515,6342.069315089902,nan,nan
23,18,122456,backward,a,km,16365,0.0,16365.0,nan,nan,nan,nan,nan,nan,nan,nan,nan,nan,nan,nan,nan
23,19,30062,backward,a,km,578,578.0,0.0,238862.63278185498,3315.9277590244687,230355.91049221673,241011.2306480565,10655.320155839756,224532.55086048384,241117.27134957447,16584.72048909063,-1.4922264361308843,8279.358607334278,14102.71823906718,nan,nan
23,20,34315,backward,a,km,1955,1955.0,0.0,214962.05331811766,9198.316776743382,201688.37637100657,230322.650318306,28634.27394729943,193064.57318591388,235307.18797893968,42242.6147930258,0.13208944854746368,15273.015622252824,22012.96588205872,nan,nan
23,21,34650,backward,a,km,1529,1529.0,0.0,233665.72712354752,8547.430939316913,207024.8174178894,236570.21658635634,29545.399168466945,196651.68864595043,240371.9134828722,43720.224836921756,-2.4012483240535025,27199.952077093018,37573.080849031976,nan,nan
23,22,49623,backward,a,km,7589,7589.0,0.0,225350.7568730579,4910.919087788074,217570.56189370374,233140.51257751076,15569.950683807023,201816.83987880102,234943.48293659065,33126.643057789624,-0.046323879205356674,10216.24261308058,21137.31318519285,nan,nan
23,0,128106,backward,e,-,30980,0.0,30980.0,nan,nan,nan,nan,nan,nan,nan,nan,nan,nan,nan,nan,nan
23,1,22427,backward,e,-,4532,4532.0,0.0,0.4487513443163445,0.02464785724018114,0.4120448724330775,0.487329628894868,0.0752847564617905,0.38554334477914687,0.49920013426704896,0.11365678948790209,0.055056475384821196,0.0423539758512999,0.06043954094680071,nan,nan
23,2,30751,backward,e,-,1720,1720.0,0.0,0.2155302721001972,0.040891329243724184,0.17400683587933038,0.300190967564521,0.12618413168519063,0.16971737352447916,0.35722169571424983,0.18750432218977067,0.5996064378870989,0.09242224747406409,0.14945297562379292,nan,nan
23,3,221317,backward,e,-,4362,0.0,4362.0,nan,nan,nan,nan,nan,nan,nan,nan,nan,nan,nan,nan,nan
23,4,58136,backward,e,-,12619,12619.0,0.0,0.4420162101648904,0.028098403529991576,0.39700294538267245,0.4807621869663584,0.08375924158368597,0.2542095915691607,0.5703110008196094,0.3161014092504487,-0.6850555142730101,0.045481401281020364,0.18384622938631145,nan,nan
23,5,127595,backward,e,-,3652,0.0,3652.0,nan,nan,nan,nan,nan,nan,nan,nan,nan,nan,nan,nan,nan
23,6,22050,backward,e,-,1731,1731.0,0.0,0.22199347009280967,0.032017220465661696,0.19041367680165844,0.294108911898324,0.10369523509666556,0.17175648255967124,0.5654637167835049,0.3937072342238337,2.5129594655184695,0.07388779577169224,0.3452426006568732,nan,nan
23,7,8822,backward,e,-,3027,3027.0,0.0,0.42171634436452915,0.042098955834685335,0.35024960294284746,0.48258856365251246,0.132338960709665,0.2809948888174109,0.4985953263215379,0.217600437504127,-0.1871332133165673,0.07669142551922196,0.14594613964465852,nan,nan
23,8,67258,backward,e,-,1766,1766.0,0.0,0.49371390474182963,0.008631298322336676,0.48631170881842817,0.5044112757298056,0.01809956691137743,0.481098169905808,0.5704977881826699,0.08939961827686194,4.248236337341742,0.010794422826958278,0.07686835670229825,nan,nan
23,9,172743,backward,e,-,4515,0.0,4515.0,nan,nan,nan,nan,nan,nan,nan,nan,nan,nan,nan,nan,nan
23,10,14142,backward,e,-,8910,8910.0,0.0,0.34588568033034184,0.034299624148262334,0.29165686308829936,0.4013294479113703,0.10967258482307096,0.21980264071367572,0.4116261463233183,0.19182350560964256,-0.027334708524609654,0.05973097655736217,0.1314411430448112,nan,nan
23,11,154309,backward,e,-,27438,0.0,27438.0,nan,nan,nan,nan,nan,nan,nan,nan,nan,nan,nan,nan,nan
23,12,99245,backward,e,-,2857,2857.0,0.0,0.40089533222949897,0.06354157159486014,0.2841428076902743,0.4799356383117036,0.19579283062142933,0.24108408034691758,0.49934760494719616,0.25826352460027857,-0.32920031101118563,0.10447125933279815,0.14612830912737773,nan,nan
23,13,161476,backward,e,-,25184,0.0,25184.0,nan,nan,nan,nan,nan,nan,nan,nan,nan,nan,nan,nan,nan
23,14,168732,backward,e,-,15039,0.0,15039.0,nan,nan,nan,nan,nan,nan,nan,nan,nan,nan,nan,nan,nan
23,15,76537,backward,e,-,4877,4877.0,0.0,0.5274335888387442,0.0180374569175851,0.49253849121714544,0.5489619789520077,0.05642348773486228,0.48523573241765816,0.5703133050206662,0.08507757260300808,-0.33331368753453533,0.04798050839062472,0.055283267190112007,nan,nan
23,16,42086,backward,e,-,8720,8720.0,0.0,0.3242698780622337,0.04451629723892948,0.25617335643190803,0.3910188481578086,0.13484549172590055,0.17473980399091757,0.4185724086187985,0.24383260462788095,-0.07370826317370908,0.09111675159622788,0.17255030403721835,nan,nan
23,17,49752,backward,e,-,4179,4179.0,0.0,0.5155941598244711,0.012409066393318485,0.49139904420161074,0.5323777288571628,0.0409786846555521,0.48528226806734476,0.5696656158767904,0.08438334780944567,-0.27190810435815504,0.031520442861275234,0.04682744836494712,nan,nan
23,18,122456,backward,e,-,16365,0.0,16365.0,nan,nan,nan,nan,nan,nan,nan,nan,nan,nan,nan,nan,nan
23,19,30062,backward,e,-,578,578.0,0.0,0.19581360997728303,0.03384826997367566,0.1710558234209014,0.2821095132107949,0.11105368978989352,0.16991249264860656,0.329711172004183,0.15979867935557643,1.268101204686362,0.08449474996454626,0.1320964087579343,nan,nan
23,20,34315,backward,e,-,1955,1955.0,0.0,0.40656123053146775,0.07220166464761339,0.280704872149393,0.5065892072798535,0.22588433513046047,0.23379348246123696,0.5704147561273051,0.3366212736660681,-0.20427025580262265,0.12528837983770658,0.17199220793992906,nan,nan
23,21,34650,backward,e,-,1529,1529.0,0.0,0.24935031465661558,0.07048718476486146,0.22027263902955313,0.46673932946669505,0.24646669043714192,0.17789428743011265,0.5438525635315687,0.3659582761014561,2.306473522537996,0.22293158454236253,0.3000448186072362,nan,nan
23,22,49623,backward,e,-,7589,7589.0,0.0,0.32329893819765987,0.041288068345562964,0.2547653858788577,0.3861309093344472,0.1313655234555895,0.2375146426520632,0.5056374904404745,0.2681228477884112,-0.03907249431600983,0.08848395001901456,0.16252150109745034,nan,nan
23,0,128106,backward,w,deg,30980,0.0,30980.0,nan,nan,nan,nan,nan,nan,nan,nan,nan,nan,nan,nan,nan
23,1,22427,backward,w,deg,4532,4532.0,0.0,-0.7644326307455458,5.2097742016740405,-4.746182539780885,16.861590459201988,21.607772998982874,-14.45630754942377,26.496389788231454,40.95269733765522,2.8017253234259014,18.948629586963715,28.58342891599318,186.98854945494975,0.9958988200822245
23,2,30751,backward,w,deg,1720,1720.0,0.0,7.298041698946847,16.686853381422843,-31.29443749359297,15.912489427926431,47.2069269215194,-32.41683841424407,16.280285765864647,48.697124180108716,-0.7285381280215577,40.46350982563038,41.585910746281485,199.47210467963805,0.9581921608457121
23,3,221317,backward,w,deg,4362,0.0,4362.0,nan,nan,nan,nan,nan,nan,nan,nan,nan,nan,nan,nan,nan
23,4,58136,backward,w,deg,12619,12619.0,0.0,-0.0035492867444304466,5.155552641635275,-7.685652451006922,8.482456741358806,16.168109192365726,-29.120139806189854,16.241685531127104,45.36182533731696,-0.00955679103951825,10.581239244801367,27.169610085074567,200.0872374321926,0.9959625484939588
23,5,127595,backward,w,deg,3652,0.0,3652.0,nan,nan,nan,nan,nan,nan,nan,nan,nan,nan,nan,nan,nan
23,6,22050,backward,w,deg,1731,1731.0,0.0,1.1821137417069565,7.822367983826829,-15.216772498202289,14.408289084580787,29.625061582783076,-31.847941384564336,16.71337752365673,48.56131890822107,-0.9786842648335734,17.661525927614406,34.29269481397645,199.19209883368748,0.9907623253695874
23,7,8822,backward,w,deg,3027,3027.0,0.0,-1.903414738824381,7.017926672484342,-3.73899590404595,21.73723662178167,25.47623252582762,-4.20149934316666,34.33428252409749,38.53578186726415,3.2785629494030952,24.011254769178883,36.6083006714947,182.37826117025278,0.9926211724798191
23,8,67258,backward,w,deg,1766,1766.0,0.0,0.015606210050123082,3.223925003640616,-4.227680362189453,4.70734143280545,8.935021794994903,-22.256399104351544,6.707644271368736,28.96404337572028,-1.5725482160808706,6.281353254826406,20.934696833032604,196.05513037667936,0.9984217922008767
23,9,172743,backward,w,deg,4515,0.0,4515.0,nan,nan,nan,nan,nan,nan,nan,nan,nan,nan,nan,nan,nan
23,10,14142,backward,w,deg,8910,8910.0,0.0,0.06841282948072092,3.772052217149948,-5.708025072929966,5.432236433171862,11.140261506101828,-20.906050997405032,28.62517051460125,49.53122151200628,0.7637314214741814,6.0081371863995665,29.01231439070267,188.07837619433388,0.9978401972281035
23,11,154309,backward,w,deg,27438,0.0,27438.0,nan,nan,nan,nan,nan,nan,nan,nan,nan,nan,nan,nan,nan
23,12,99245,backward,w,deg,2857,2857.0,0.0,2.8797449018132113,10.00390863355643,-14.977077722584472,12.523560794352397,27.500638516936867,-37.303749499794094,12.98943813961418,50.29318763940827,-0.32647763648872385,24.699868245018752,47.026540022228374,204.26279591327378,0.984823397928621
23,13,161476,backward,w,deg,25184,0.0,25184.0,nan,nan,nan,nan,nan,nan,nan,nan,nan,nan,nan,nan,nan
23,14,168732,backward,w,deg,15039,0.0,15039.0,nan,nan,nan,nan,nan,nan,nan,nan,nan,nan,nan,nan,nan
23,15,76537,backward,w,deg,4877,4877.0,0.0,-0.5178660536327868,6.795640040626356,-9.5530909729631,11.728436906556283,21.28152787951938,-11.293016152579355,14.257947256128261,25.550963408707617,0.25641925891928175,11.360504829148004,13.25946377575491,190.63725278118753,0.9929822558305829
23,16,42086,backward,w,deg,8720,8720.0,0.0,-1.6997098426358832,6.598148146488476,-6.745440330235494,12.70048617547565,19.445926505711142,-34.888719452190855,14.973210990325072,49.86193044251593,-0.3606713569563137,13.958702143689493,33.84389919267713,201.87251147840288,0.9934216037483695
23,17,49752,backward,w,deg,4179,4179.0,0.0,-0.9780883495865282,4.981905475572521,-6.67739291801706,9.807268426556579,16.484661344573638,-15.972464897357469,13.500293388480713,29.472758285838182,0.6131692832416729,12.71751056039859,16.40982749192611,190.72969091668367,0.9962260998290714
23,18,122456,backward,w,deg,16365,0.0,16365.0,nan,nan,nan,nan,nan,nan,nan,nan,nan,nan,nan,nan,nan
23,19,30062,backward,w,deg,578,578.0,0.0,2.896733646030256,15.00338170916138,-27.469389252081772,17.86841290824005,45.33780216032182,-30.884164687236705,19.31146554496911,50.195630232205815,-0.5251640310466766,38.80878791759294,42.223563352747874,197.82106782866646,0.9661083681895458
23,20,34315,backward,w,deg,1955,1955.0,0.0,-1.5603250119766017,7.8267958722742375,-5.395361735605602,19.499191459172543,24.894553194778144,-28.429923921027637,21.996322273716828,50.426246194744465,0.7999296662442402,23.827989193810147,25.45112209360238,195.34363224966742,0.9907614966587193
23,21,34650,backward,w,deg,1529,1529.0,0.0,1.0860117407640928,6.032128385413887,-12.991461453369249,9.579410353056714,22.570871806425963,-35.513660308859755,10.851857255235359,46.365517564095114,-1.0129176729304388,14.644156643547026,37.166355499037536,205.8091118065394,0.994481612205801
23,22,49623,backward,w,deg,7589,7589.0,0.0,0.6461677369062784,5.175588615894775,-7.3058748405151395,5.018957695739612,12.324832536254752,-37.16735800369693,13.306884534962649,50.47424253865958,-3.778616934484036,8.218187874391596,37.617015700532335,204.26501731709382,0.9959931121974412
23,0,128106,forward,a,km,30980,30979.0,1.0,193900.50512674983,99999.14023494454,188137.95458006463,355076.47183600324,166938.5172559386,187998.5760196105,3928762.0386776994,3740763.4626580887,8.61723819764526,166280.00051571155,3739965.567357408,nan,nan
23,1,22427,forward,a,km,4532,4532.0,0.0,204879.35668918706,7499.450864712886,198459.14409682035,218334.62584190283,19875.481745082478,197729.197149964,290701.74559951737,92972.54844955337,2.1408505361205425,10563.799211617332,82930.91896923186,nan,nan
23,2,30751,forward,a,km,1720,295.0,1425.0,201659.9125659797,1379421.776940503,188498.982971205,970969.913907324,782470.9309361189,188375.804803439,18789119.654603433,18600743.849799994,9.823089692169752,nan,nan,nan,nan
23,3,221317,forward,a,km,4362,4362.0,0.0,221493.97051613117,217892.27429465906,190424.3093103088,838235.9610432483,647811.6517329395,188318.3352690733,931315.1967975253,742996.861528452,1.8669837896491468,630736.0352241653,723815.2709784422,nan,nan
23,4,58136,forward,a,km,12619,12619.0,0.0,198144.38718723913,31641.003650692724,188751.55544058268,259627.5028173908,70875.94737680812,188390.37359828094,526976.2772455813,338585.9036473003,4.5876953022860345,64751.31390645758,332100.08833464806,nan,nan
23,5,127595,forward,a,km,3652,3652.0,0.0,203153.09027309174,822911.0438781079,188903.9741532287,2327031.4611882637,2138127.487035035,188331.85178434118,6054964.569696488,5866632.717912147,2.1022938586516715,2129663.438757089,5857596.547265314,nan,nan
23,6,22050,forward,a,km,1731,1731.0,0.0,406426.6633720213,640615.72605705,193937.71897021224,1658691.082844587,1464753.363874375,189482.7134296974,8837569.012635829,8648086.299206132,4.562324075644781,1187768.8026397186,8366646.732430961,nan,nan
23,7,8822,forward,a,km,3027,3027.0,0.0,222415.02936463663,6035.291802906647,208736.94910440905,227496.0277635439,18759.07865913486,200496.66596701712,290687.84570345504,90191.17973643792,-0.8956352360055212,15315.75061219153,67299.74759639852,nan,nan
23,8,67258,forward,a,km,1766,1766.0,0.0,202527.25331535138,12084.645000023565,194042.32228646547,207685.38413106647,13643.061844601005,191900.38951117196,291166.9449285549,99266.55541738292,5.801662146826812,7728.326235495697,90228.71194229549,nan,nan
23,9,172743,forward,a,km,4515,4515.0,0.0,204864.526767071,922371.2687636127,188642.57808710533,244035.51084784605,55392.93276074072,188196.38255569845,21659266.509478975,21471070.126923278,17.544467867002925,45589.96533711871,21460820.963968247,nan,nan
23,10,14142,forward,a,km,8910,8909.0,1.0,204036.34917912012,7544.948497316352,196328.8355509255,217512.32039455246,21183.484843626968,195345.81977728716,291060.4679646602,95714.64818737304,1.3567386717756922,11662.899192683726,85211.04676279146,nan,nan
23,11,154309,forward,a,km,27438,27437.0,1.0,209180.91177363522,633820.6568422341,189348.80905453776,260733.58529737088,71384.77624283312,188218.95933743392,76282242.53663798,76094023.57730055,82.78628999520582,51293.32058797304,76072802.27192858,nan,nan
23,12,99245,forward,a,km,2857,2857.0,0.0,215224.2883621013,9049.831023947203,202016.8578885209,229825.8573405788,27808.999452057906,189478.0537984315,281126.07987644715,91648.02607801565,0.3261814029952953,15338.25989558852,65012.07896100698,nan,nan
23,13,161476,forward,a,km,25184,25182.0,2.0,193922.00212194448,111388.91614730416,188192.00858936968,349017.2135687322,160825.20497936252,188007.42370019617,5805939.395762876,5617931.97206268,21.801818891277637,160467.7150658956,5617389.897260039,nan,nan
23,14,168732,forward,a,km,15039,15039.0,0.0,194342.70962666004,307306.5620531524,188667.61929640776,240622.81000269807,51955.190706290305,188339.4371717637,16453922.652284192,16265583.21511243,29.77581118782222,48207.9541717358,16261507.79645323,nan,nan
23,15,76537,forward,a,km,4877,4874.0,3.0,223007.42299786498,6509.278457790107,210049.62099025835,229874.5650078614,19824.944017603062,202955.69485671844,290425.8946530084,87470.19979628993,0.8723226953048729,12256.571417044972,69338.86984716161,nan,nan
23,16,42086,forward,a,km,8720,8718.0,2.0,211022.1559100996,185987.94167653026,190784.65807027312,323361.7182116714,132577.06014139828,188375.53043617887,7296020.845171034,7107645.314734856,12.106791323272185,113330.52489254036,7085989.651851904,nan,nan
23,17,49752,forward,a,km,4179,4179.0,0.0,206765.5862496837,8032.478608767926,199895.01259269996,217425.3617374831,17530.349144783133,199228.2887395546,290667.26679682866,91438.97805727404,4.251191075316228,9115.337974394504,82241.7058410699,nan,nan
23,18,122456,forward,a,km,16365,16365.0,0.0,202430.9957676429,134252.32370381168,190717.7354922054,209031.68735808908,18313.95186588369,188358.22886030158,5879060.795607735,5690702.5667474335,27.5730008641196,11966.483389057963,5676583.185781997,nan,nan
23,19,30062,forward,a,km,578,578.0,0.0,211856.70779696212,10805.384660586702,200818.96601169452,230028.26465551284,29209.29864381833,189465.6389608437,302735.87284276326,113270.23388191956,0.9828234271323057,16639.330139021204,85396.33896116374,nan,nan
23,20,34315,forward,a,km,1955,1954.0,1.0,209808.04324936727,13879.02501886959,208533.3907908256,240768.79574475213,32235.40495392654,206005.95383112482,342072.9035982871,136066.94976716227,3.8601630147159174,31146.08479758833,132450.19265112327,nan,nan
23,21,34650,forward,a,km,1529,1524.0,5.0,211353.12392253446,414340.335564185,189683.5489452778,1194193.5943394213,1004510.0453941434,189245.15791219994,3634819.2808617484,3445574.1229495485,2.6764917794507643,542931.5979613772,2983557.2844837043,nan,nan
23,22,49623,forward,a,km,7589,7498.0,91.0,199988.16374396707,51965.365447392855,189195.0663518838,223676.1592139056,34481.09286202179,188845.7410245247,1306594.606488906,1117748.8654643814,14.062940914933558,23439.326228950642,1106357.773503951,nan,nan
23,0,128106,forward,e,-,30980,30979.0,1.0,0.9194409504419985,0.22109869462282095,0.264050652247266,0.9991221543580682,0.7350715021108022,3.7745453292730234e-05,0.9999999999764257,0.999962254523133,-2.1015869041495296,0.7163244606720539,0.9803373674660278,nan,nan
23,1,22427,forward,e,-,4532,4532.0,0.0,0.4865173985382293,0.06013132500502896,0.3806836329547631,0.5321186839761665,0.15143505102140337,0.09456188751738724,0.6980192060123513,0.6034573184949641,-0.48626308513110605,0.08530353804103642,0.3668811871346698,nan,nan
23,2,30751,forward,e,-,1720,295.0,1425.0,0.8238815444539446,0.258037853970789,0.21570776235056488,0.9979837974045712,0.7822760350540063,0.07453607635440619,0.9999986823448612,0.925462605990455,-0.718609851737813,nan,nan,nan,nan
23,3,221317,forward,e,-,4362,4362.0,0.0,0.6281082635717863,0.2513461004233791,0.17662911133208395,0.9852466029303308,0.8086174915982469,0.0081075921141327,0.9999999861717173,0.9918923940575846,-0.17441449628435107,0.6083055645367712,0.7768270837547224,nan,nan
23,4,58136,forward,e,-,12619,12619.0,0.0,0.8716764140079513,0.17899013692009577,0.46052020904486135,0.9982848284860085,0.5377646194411472,1.8871492630350324e-05,0.9999999977253894,0.999981126232759,-2.2463478736700657,0.44556581347983676,0.9060671510320678,nan,nan
23,5,127595,forward,e,-,3652,3652.0,0.0,0.8043590232548414,0.16721834035415384,0.49825903435837404,0.9915260792659529,0.4932670449075789,0.00557563358574388,0.9999999261774133,0.9944242925916694,-1.075952915556857,0.36221444773757877,0.854897848510209,nan,nan
23,6,22050,forward,e,-,1731,1731.0,0.0,0.552601508302529,0.3139416375146922,0.025417616496290322,0.9417352178627514,0.916317601366461,0.0006053674970887042,0.9999926078868219,0.9993872403897331,-0.1834735376548303,0.7599030484785112,0.8181604385025817,nan,nan
23,7,8822,forward,e,-,3027,3027.0,0.0,0.3483049505169489,0.06134631086005207,0.30614866892211284,0.4946869265826173,0.18853825766050447,0.09457712793416218,0.7031667327390482,0.608589604804886,2.547117568990025,0.1547043726219442,0.36280177407026737,nan,nan
23,8,67258,forward,e,-,1766,1766.0,0.0,0.7907347036808917,0.12064894311638351,0.7020218304110295,0.9113565274298561,0.20933469701882657,0.09393560652035103,0.9416817914491904,0.8477461849288394,-3.7785638295620427,0.11581472987878227,0.721008880331427,nan,nan
23,9,172743,forward,e,-,4515,4515.0,0.0,0.7597068230790923,0.33740109572284976,0.17752391972760498,0.9938773324893889,0.816353412761784,0.004732944403399251,0.9999999967431887,0.9952670523397895,-0.10544810052615813,0.6626391971073455,0.8354301724315513,nan,nan
23,10,14142,forward,e,-,8910,8909.0,1.0,0.4916635434897332,0.05840561550920033,0.3872836722455681,0.5476364646963281,0.16035279245076,0.09428293306474804,0.6997273371887751,0.6054444041240271,-0.6043656941137578,0.09211395316484809,0.3815921647506144,nan,nan
23,11,154309,forward,e,-,27438,27437.0,1.0,0.7439809023725078,0.1802631904799472,0.449706587553479,0.9956531228735213,0.5459465353200423,0.0007192626070873285,0.9999999975559938,0.9992807349489065,-1.186241860610933,0.2953591670240892,0.744346491970482,nan,nan
23,12,99245,forward,e,-,2857,2857.0,0.0,0.40468338568570633,0.1290685455716267,0.2847372643341417,0.6717814317933771,0.3870441674592354,0.11521010583700424,0.9999965191846149,0.8847864133476107,1.7832295726850493,0.2741360186584629,0.602193979861553,nan,nan
23,13,161476,forward,e,-,25184,25182.0,2.0,0.9252992072609147,0.2289850445324085,0.2492313155775803,0.9992637307440746,0.7500324151664943,0.0002919113414979114,0.9999999998125809,0.9997080884710831,-1.9333812784477158,0.7385985079525857,0.9875379121886685,nan,nan
23,14,168732,forward,e,-,15039,15039.0,0.0,0.9294683937685168,0.2120281264835696,0.2829567908604255,0.9994052419399181,0.7164484510794926,0.0001671890931137829,0.9999999981425329,0.9998328090494192,-2.137134910950374,0.6596708137658632,0.9424604155331753,nan,nan
23,15,76537,forward,e,-,4877,4874.0,3.0,0.3431641970532102,0.06513696478008252,0.28500174360431607,0.44388449372116867,0.1588827501168526,0.0950633224314452,0.7257047055098821,0.6306413830784369,2.3311117463869446,0.09642074804693161,0.36703423130678786,nan,nan
23,16,42086,forward,e,-,8720,8718.0,2.0,0.6971237995922754,0.15813836580043014,0.4048220497611151,0.9782224303807943,0.5734003806196792,0.007668268693724633,0.9999999987577085,0.9923317300639839,-1.155379081011149,0.3188164135004838,0.7159701945678749,nan,nan
23,17,49752,forward,e,-,4179,4179.0,0.0,0.4741906389485851,0.06485605355268602,0.3876861602583927,0.5227817981223953,0.13509563786400264,0.0946264014349636,0.7006735321850669,0.6060471307501033,-0.6713196573152911,0.17820167620786118,0.3618505137488216,nan,nan
23,18,122456,forward,e,-,16365,16365.0,0.0,0.7996908458737538,0.08028272651686175,0.7140527225448952,0.9595877478840507,0.2455350253391555,0.12221391166700613,0.9984655106810174,0.8762515990140113,0.06456875628376535,0.15900473382208105,0.6807012788250316,nan,nan
23,19,30062,forward,e,-,578,578.0,0.0,0.4325797511983666,0.1558152425094441,0.2836152940210592,0.7958988383172159,0.5122835442961566,0.07425558740802864,0.9998594751901325,0.9256038877821039,1.522805792951193,0.4076529551818069,0.6116135920547235,nan,nan
23,20,34315,forward,e,-,1955,1954.0,1.0,0.6514247986591348,0.15834570921483682,0.17373322283394685,0.6854413613248674,0.5117081384909206,0.0752200504805888,0.7312966127561726,0.6560765622755839,-1.9688545693295088,0.4820665888648803,0.5805797612182384,nan,nan
23,21,34650,forward,e,-,1529,1524.0,5.0,0.706592240283695,0.2091395872128051,0.32061449071254255,0.9939810988099159,0.6733666080973734,0.06921333455576802,0.999999758967776,0.930786424412008,-0.7064642242848358,0.6000558445768193,0.6060745047346794,nan,nan
23,22,49623,forward,e,-,7589,7498.0,91.0,0.861552279829414,0.15832010027231394,0.6193314171262806,0.9980780244977826,0.378746607371502,0.09315892251543226,0.9999999997858843,0.906841077270452,-1.8585288990608593,0.23248334906766302,0.7586558436785115,nan,nan
23,0,128106,forward,w,deg,30980,30979.0,1.0,-19.353401472483938,77.79906020574687,-60.79553202025431,129.53898504710372,190.33451706735804,-137.9752181484143,134.67821898787753,272.6534371362918,0.2922915671258974,178.0795972125608,179.99986639601377,323.2917811306819,0.2670198988782605
23,1,22427,forward,w,deg,4532,4532.0,0.0,-2.3896575261061628,16.162787083271713,-12.3998371449112,34.489309790639474,46.88914693555067,-179.5433525976121,174.5286467862452,354.0719993838573,3.7470986325832945,40.94940033695001,179.2069107929974,305.3164725729407,0.9676281886909921
23,2,30751,forward,w,deg,1720,295.0,1425.0,-6.2815973318777765,66.68398244236174,-118.00691749557078,68.42686927426493,186.4337867698357,-177.17667323666154,169.8680327938083,347.04470603046985,-0.3311282142656235,nan,nan,338.1320728210327,0.4635327574608202
23,3,221317,forward,w,deg,4362,4362.0,0.0,20.667548228965813,54.85932718495279,-69.4508153737846,80.25711206732971,149.7079274411143,-119.39092305261039,119.71130286977319,239.10222592238358,-0.06601886209210837,140.46713884676777,179.92132964921126,16.350637250644482,0.5981319860606351
23,4,58136,forward,w,deg,12619,12619.0,0.0,-21.625914812731082,47.96283297186541,-35.646532240623024,89.68776880098443,125.33430104160746,-146.5444678333117,112.25733456395335,258.8018023972651,0.6835884947616507,119.34589037292085,141.91545613588977,324.7292851902635,0.6945666568803397
23,5,127595,forward,w,deg,3652,3652.0,0.0,-24.650367962578457,78.98646552455195,-77.94970983525289,121.97895732650352,199.9286671617564,-78.22960996919204,131.95438252791075,210.1839924971028,0.10259714341310659,171.12904599869458,179.91827981243978,334.7865608260776,0.21942488829137213
23,6,22050,forward,w,deg,1731,1731.0,0.0,27.109122052637417,81.85951849630071,-151.96946167504345,35.1049855789079,187.07444725395135,-177.67154504231223,179.99983783118944,357.67138287350167,-0.33626308148776257,178.71581668823222,179.99978552616824,64.35675051448658,0.2606753914665005
23,7,8822,forward,w,deg,3027,3027.0,0.0,-4.314336860516619,15.136176660193021,-7.663431321758759,48.229751658570606,55.893182980329364,-8.146732635670162,70.56435648431602,78.71108911998618,2.9029279787349243,55.02914147608426,77.36374630182968,299.9589342496065,0.9671856159968417
23,8,67258,forward,w,deg,1766,1766.0,0.0,-0.47128793920617795,11.101136171306342,-9.694034459434477,12.00262084266825,21.696655302102727,-67.98110488304826,95.45828483278086,163.43938971582912,1.1134669534004873,18.067678994817285,100.54529434675368,314.79904426547625,0.982616883805906
23,9,172743,forward,w,deg,4515,4515.0,0.0,-0.7287369740202507,28.852460918172135,-32.08719384020771,45.862426039823774,77.94961988003149,-85.10639188116664,172.5308762631189,257.63726814428554,1.864418097598061,59.63458512048009,178.83715926438342,7.429585084820224,0.8979867268691436
23,10,14142,forward,w,deg,8910,8909.0,1.0,-0.9903811506918601,11.36884546232112,-9.268093960809006,11.645212514728282,20.91330647553729,-137.8015486943592,140.2341458444356,278.0356945387948,6.420988533586389,16.232200526341398,144.81153245087432,303.547239582838,0.9844398087872366
23,11,154309,forward,w,deg,27438,27437.0,1.0,-9.14767702648561,63.02515595425314,-26.371042170157853,144.25756386483985,170.62860603499772,-179.19936893175063,179.65397106427423,358.85333999602483,1.2254227656050984,165.28401212284874,179.9910691385462,297.04363696908047,0.5826988554067503
23,12,99245,forward,w,deg,2857,2857.0,0.0,-2.393935873997293,27.830899494550433,-42.37905298577585,38.60663995281824,80.9856929385941,-175.66486142696218,179.36239889362838,355.0272603205906,1.7552490357482236,49.62939332009785,178.61543012697246,336.91556566860254,0.9062286249700963
23,13,161476,forward,w,deg,25184,25182.0,2.0,45.17644097666073,88.20453427908978,-122.45845474160592,101.63074747015615,224.08920221176209,-174.43616940726187,175.07671115231813,349.51288055958,-0.028032846487464753,167.59297928324193,175.8029474758082,211.54662076108994,0.0760433397146722
23,14,168732,forward,w,deg,15039,15039.0,0.0,-11.203277023365501,86.11710333693503,-20.283032811048884,173.6074611936252,193.89049400467408,-178.5083006228763,179.3321230332868,357.8404236561631,0.4052218770994387,178.93716691728787,179.9990792453649,281.66082165899434,0.21326021363563316
23,15,76537,forward,w,deg,4877,4874.0,3.0,-3.061111122566615,14.835635279016593,-16.416285494390557,30.78562981264524,47.2019153070358,-42.4145338605598,99.28636915913933,141.70090301969913,1.4114791311633044,35.43235883957741,103.86775667837651,311.2580751106172,0.9675420788015295
23,16,42086,forward,w,deg,8720,8718.0,2.0,-11.331930983791267,48.44737488387241,-14.365235566768987,116.74814939003278,131.11338495680178,-163.82252205290368,169.84443736449225,333.6669594173959,1.5215433976448836,131.23322402439535,175.75059095772926,300.26865804356385,0.7331630644915202
23,17,49752,forward,w,deg,4179,4179.0,0.0,-0.7459726359494425,17.647594057657965,-18.489581111934456,20.820885382187413,39.31046649412187,-64.67087305705701,151.82294347289974,216.49381652995675,3.5060032599764366,28.654584227417743,159.42200286208595,315.5853654833443,0.9607936183653946
23,18,122456,forward,w,deg,16365,16365.0,0.0,-3.7941687387028082,14.916652100384868,-9.929527461153736,24.92835282752534,34.85788028867908,-179.3878117783919,175.7894808829658,355.1772926613577,2.4797973697220876,30.377566897046872,178.99633385766185,267.80289401432094,0.9731913504722784
23,19,30062,forward,w,deg,578,578.0,0.0,-0.39902066139094927,33.93536257593101,-83.86084762452303,49.10823939990156,132.9690870244246,-179.81626312796323,150.51867333416794,330.33493646213117,-0.1826376596059319,72.19133272666387,165.53705426345988,24.564030617649358,0.8573530882964658
23,20,34315,forward,w,deg,1955,1954.0,1.0,-11.142920817719926,30.018305804575217,-18.906031767084762,69.87215528124393,88.7781870483287,-99.22351656208721,137.78522252455434,237.00873908664155,1.3229924559236594,86.16771011576357,154.08077735907398,312.2087814309349,0.8780705617809116
23,21,34650,forward,w,deg,1529,1524.0,5.0,6.729906692442043,70.02892462422426,-94.64694545264636,84.08126136634526,178.72820681899162,-173.20309106146522,162.4333988092361,335.6364898707013,-0.1106755925586182,159.4587766799569,179.70072939402888,7.178294155997111,0.37891706952231735
23,22,49623,forward,w,deg,7589,7498.0,91.0,-7.630316459946783,47.01841092216048,-10.868802754548767,124.53426726806968,135.40307002261846,-90.7658055498249,149.93996428135029,240.7057698311752,1.9021272151793025,134.1377481285165,159.54344514179712,297.36774956953536,0.7591168867678338
27,0,144351,backward,a,km,45542,0.0,45542.0,nan,nan,nan,nan,nan,nan,nan,nan,nan,nan,nan,nan,nan
27,1,22427,backward,a,km,4532,4532.0,0.0,209453.7928518666,3271.1472565825525,204299.30907720962,214283.6130632295,9984.303986019891,202700.10388098448,217606.51945727307,14906.415576288593,-0.06858111544865812,5632.195571019962,7780.8999042990035,nan,nan
27,2,30751,backward,a,km,1717,1717.0,0.0,237082.71173394087,4110.050131338739,228017.4588547528,240774.371247986,12756.912393233215,221385.0169119857,241125.0717833503,19740.054871364584,-0.7581239678963305,9706.44223939868,16338.884182165784,nan,nan
27,3,221195,backward,a,km,4355,0.0,4355.0,nan,nan,nan,nan,nan,nan,nan,nan,nan,nan,nan,nan,nan
27,4,50147,backward,a,km,6044,6044.0,0.0,209780.69394898147,3575.378977683465,204844.88074330462,215811.72742577008,10966.84668246546,204471.997323538,219129.5992796918,14657.601956153812,0.17947207677657745,5876.189205056482,8468.005627809063,nan,nan
27,5,127305,backward,a,km,3336,0.0,3336.0,nan,nan,nan,nan,nan,nan,nan,nan,nan,nan,nan,nan,nan
27,6,22050,backward,a,km,1731,1731.0,0.0,236430.12326164683,3412.6253396724537,228722.98458367493,239425.29472222418,10702.310138549248,193730.1529935547,240928.01819279918,47197.865199244494,-3.1371232364537103,7880.171411353367,42873.00300147361,nan,nan
27,7,8822,backward,a,km,3015,3015.0,0.0,213055.64442107466,5482.79740127912,204942.63728602792,222193.74464946555,17251.107363437623,202792.8172183175,230330.5163694553,27537.699151137786,0.1403975378457882,9837.496631771777,17974.268351761508,nan,nan
27,8,80416,backward,a,km,7406,7406.0,0.0,211266.07411446847,4028.6590540756065,205871.33596900626,217369.55603601702,11498.220067010756,193076.85340608083,233667.5770486465,40590.72364256566,0.7165741292546347,6828.433211422605,21130.129071946838,nan,nan
27,9,175498,backward,a,km,2919,0.0,2919.0,nan,nan,nan,nan,nan,nan,nan,nan,nan,nan,nan,nan,nan
27,10,14142,backward,a,km,8910,8910.0,0.0,222698.2786107283,4212.984690553892,215679.32471423552,229147.13844909036,13467.813734854833,214335.96546506853,236918.59745136162,22582.631986293098,-0.03426062088887946,7267.092175887507,14886.086025638157,nan,nan
27,11,176287,backward,a,km,17402,0.0,17402.0,nan,nan,nan,nan,nan,nan,nan,nan,nan,nan,nan,nan,nan
27,12,99245,backward,a,km,2846,2846.0,0.0,215721.2485206307,8019.608053264684,205259.0115615793,229926.95934991038,24667.947788331076,202648.2250671624,234460.72393056788,31812.49886340549,0.2506773233917293,12923.557728628293,17068.88911114089,nan,nan
27,13,156237,backward,a,km,2360,0.0,2360.0,nan,nan,nan,nan,nan,nan,nan,nan,nan,nan,nan,nan,nan
27,14,168732,backward,a,km,13781,0.0,13781.0,nan,nan,nan,nan,nan,nan,nan,nan,nan,nan,nan,nan,nan
27,15,76537,backward,a,km,4874,4874.0,0.0,198883.61531745974,2434.0360230333645,195972.5379322427,203584.96690277552,7612.428970532812,193076.19742837848,204540.14627026598,11463.948841887497,0.33119490540832985,6475.52019753467,7430.699565025134,nan,nan
27,16,41854,backward,a,km,8536,8536.0,0.0,225554.19725581666,5105.1596333077605,217475.26427658397,232986.73234358735,15511.468067003385,213489.13434544232,240667.193450618,27178.059105175693,-0.007877642702919093,10281.125183081393,17961.586290112056,nan,nan
27,17,49752,backward,a,km,4179,4179.0,0.0,200481.35302308464,1674.7154248212505,198214.75886089905,203744.4014072321,5529.642546333052,193167.70139503328,204535.18601765996,11367.484622626682,0.2687531624656078,4242.173730713515,6342.069315089902,nan,nan
27,18,125038,backward,a,km,14730,0.0,14730.0,nan,nan,nan,nan,nan,nan,nan,nan,nan,nan,nan,nan,nan
27,19,30062,backward,a,km,578,578.0,0.0,238862.63278185498,3315.9277590244687,230355.91049221673,241011.2306480565,10655.320155839756,224532.55086048384,241117.27134957447,16584.72048909063,-1.4922264361308843,8279.358607334278,14102.71823906718,nan,nan
27,20,34315,backward,a,km,1949,1949.0,0.0,214979.26614525449,9204.35692214787,201686.6432511812,230327.98592920028,28641.34267801908,193064.57318591388,235307.18797893968,42242.6147930258,0.12790369617952876,15282.426414889793,22012.96588205872,nan,nan
27,21,34650,backward,a,km,1433,1433.0,0.0,233774.52188072237,6982.758669765356,216537.36033392916,236627.25632022615,20089.895986296993,196651.68864595043,240371.9134828722,43720.224836921756,-3.567569953060765,17687.409161053234,37573.080849031976,nan,nan
27,22,48939,backward,a,km,7080,7080.0,0.0,225750.1812364658,4638.899946692652,218450.36231503758,233205.86675378212,14755.504438744538,212870.56366316316,234943.48293659065,22072.919273427484,-0.012471259984182649,9836.884387248743,11561.250744419725,nan,nan
27,23,151127,backward,a,km,3687,0.0,3687.0,nan,nan,nan,nan,nan,nan,nan,nan,nan,nan,nan,nan,nan
27,24,67258,backward,a,km,1759,1759.0,0.0,203418.5554707322,1132.1566571221097,201986.96881648846,204401.016745898,2414.047929409542,193052.52070609113,204531.0789257748,11478.558219683677,-4.306569847221758,1447.6617550790454,10382.109865476377,nan,nan
27,25,117692,backward,a,km,12103,0.0,12103.0,nan,nan,nan,nan,nan,nan,nan,nan,nan,nan,nan,nan,nan
27,26,149482,backward,a,km,7320,0.0,7320.0,nan,nan,nan,nan,nan,nan,nan,nan,nan,nan,nan,nan,nan
27,0,144351,backward,e,-,45542,0.0,45542.0,nan,nan,nan,nan,nan,nan,nan,nan,nan,nan,nan,nan,nan
27,1,22427,backward,e,-,4532,4532.0,0.0,0.4487513443163445,0.02464785724018114,0.4120448724330775,0.487329628894868,0.0752847564617905,0.38554334477914687,0.49920013426704896,0.11365678948790209,0.055056475384821196,0.0423539758512999,0.06043954094680071,nan,nan
27,2,30751,backward,e,-,1717,1717.0,0.0,0.2154936292338651,0.0408689184167291,0.17400354562258197,0.30022313503363235,0.12621958941105038,0.16971737352447916,0.35722169571424983,0.18750432218977067,0.6023675297343853,0.09245441494317547,0.14945297562379292,nan,nan
27,3,221195,backward,e,-,4355,0.0,4355.0,nan,nan,nan,nan,nan,nan,nan,nan,nan,nan,nan,nan,nan
27,4,50147,backward,e,-,6044,6044.0,0.0,0.4460659120349711,0.02710455567198456,0.39998553283588595,0.4830973241996026,0.08311179136371666,0.3735294590574417,0.48594402621755617,0.11241456716011444,-0.19702880508678022,0.04433490452482272,0.06589689283179762,nan,nan
27,5,127305,backward,e,-,3336,0.0,3336.0,nan,nan,nan,nan,nan,nan,nan,nan,nan,nan,nan,nan,nan
27,6,22050,backward,e,-,1731,1731.0,0.0,0.22199347009280967,0.032017220465661696,0.19041367680165844,0.294108911898324,0.10369523509666556,0.17175648255967124,0.5654637167835049,0.3937072342238337,2.5129594655184695,0.07388779577169224,0.3452426006568732,nan,nan
27,7,8822,backward,e,-,3015,3015.0,0.0,0.4214487138755704,0.04207121355539404,0.35021624637643295,0.4826050496970601,0.13238880332062714,0.2809948888174109,0.4985953263215379,0.217600437504127,-0.18046919820324459,0.07672478208563649,0.14594613964465852,nan,nan
27,8,80416,backward,e,-,7406,7406.0,0.0,0.4346440313811545,0.031107254977375803,0.3876357820773697,0.47536244468972294,0.08772666261235323,0.2488059092221393,0.5703110008196094,0.3215050915974701,-0.893280064176089,0.051781622712600645,0.17613965816188054,nan,nan
27,9,175498,backward,e,-,2919,0.0,2919.0,nan,nan,nan,nan,nan,nan,nan,nan,nan,nan,nan,nan,nan
27,10,14142,backward,e,-,8910,8910.0,0.0,0.34588568033034184,0.034299624148262334,0.29165686308829936,0.4013294479113703,0.10967258482307096,0.21980264071367572,0.4116261463233183,0.19182350560964256,-0.027334708524609654,0.05973097655736217,0.1314411430448112,nan,nan
27,11,176287,backward,e,-,17402,0.0,17402.0,nan,nan,nan,nan,nan,nan,nan,nan,nan,nan,nan,nan,nan
27,12,99245,backward,e,-,2846,2846.0,0.0,0.4005212246339509,0.06353177023392123,0.2840725345019211,0.47990184506727046,0.19582931056534936,0.24108408034691758,0.49934760494719616,0.25826352460027857,-0.32464979515517206,0.10463192922393737,0.14612830912737773,nan,nan
27,13,156237,backward,e,-,2360,0.0,2360.0,nan,nan,nan,nan,nan,nan,nan,nan,nan,nan,nan,nan,nan
27,14,168732,backward,e,-,13781,0.0,13781.0,nan,nan,nan,nan,nan,nan,nan,nan,nan,nan,nan,nan,nan
27,15,76537,backward,e,-,4874,4874.0,0.0,0.5274500632839623,0.01803598104320723,0.4925371163786724,0.5489643511588131,0.05642723478014072,0.48523573241765816,0.5703133050206662,0.08507757260300808,-0.33478869174788817,0.04798188322909773,0.055283267190112007,nan,nan
27,16,41854,backward,e,-,8536,8536.0,0.0,0.32172327977376447,0.04316985168615403,0.25611907615693463,0.38698901075637415,0.13086993459943952,0.17473980399091757,0.4185724086187985,0.24383260462788095,-0.07879800563055354,0.08916232696529279,0.17054159913130987,nan,nan
27,17,49752,backward,e,-,4179,4179.0,0.0,0.5155941598244711,0.012409066393318485,0.49139904420161074,0.5323777288571628,0.0409786846555521,0.48528226806734476,0.5696656158767904,0.08438334780944567,-0.27190810435815504,0.031520442861275234,0.04682744836494712,nan,nan
27,18,125038,backward,e,-,14730,0.0,14730.0,nan,nan,nan,nan,nan,nan,nan,nan,nan,nan,nan,nan,nan
27,19,30062,backward,e,-,578,578.0,0.0,0.19581360997728303,0.03384826997367566,0.1710558234209014,0.2821095132107949,0.11105368978989352,0.16991249264860656,0.329711172004183,0.15979867935557643,1.268101204686362,0.08449474996454626,0.1320964087579343,nan,nan
27,20,34315,backward,e,-,1949,1949.0,0.0,0.4064974615378605,0.07224942620348299,0.28068385588160344,0.5066253397290349,0.22594148384743146,0.23379348246123696,0.5704147561273051,0.3366212736660681,-0.20010430820810057,0.12529526144907221,0.17199220793992906,nan,nan
27,21,34650,backward,e,-,1433,1433.0,0.0,0.24821225659295523,0.057425522889000796,0.2196881085808438,0.3944460388040734,0.1747579302232296,0.17789428743011265,0.5438525635315687,0.3659582761014561,3.3982661988516076,0.15063829387974084,0.3000448186072362,nan,nan
27,22,48939,backward,e,-,7080,7080.0,0.0,0.319937155227507,0.039205435295236755,0.2541061502440574,0.379133602422391,0.1250274521783336,0.2375146426520632,0.42295430966723885,0.18543966701517564,-0.06687496912987251,0.08550980412668026,0.10210131171867451,nan,nan
27,23,151127,backward,e,-,3687,0.0,3687.0,nan,nan,nan,nan,nan,nan,nan,nan,nan,nan,nan,nan,nan
27,24,67258,backward,e,-,1759,1759.0,0.0,0.4937322114267593,0.00841119573250291,0.48639721153864174,0.504389906141089,0.01799269460244729,0.48533848130451274,0.5704977881826699,0.0851593068781572,4.273306158212862,0.010760474660717324,0.07686835670229825,nan,nan
27,25,117692,backward,e,-,12103,0.0,12103.0,nan,nan,nan,nan,nan,nan,nan,nan,nan,nan,nan,nan,nan
27,26,149482,backward,e,-,7320,0.0,7320.0,nan,nan,nan,nan,nan,nan,nan,nan,nan,nan,nan,nan,nan
27,0,144351,backward,w,deg,45542,0.0,45542.0,nan,nan,nan,nan,nan,nan,nan,nan,nan,nan,nan,nan,nan
27,1,22427,backward,w,deg,4532,4532.0,0.0,-0.7644326307455458,5.2097742016740405,-4.746182539780885,16.861590459201988,21.607772998982874,-14.45630754942377,26.496389788231454,40.95269733765522,2.8017253234259014,18.948629586963715,28.58342891599318,186.98854945494975,0.9958988200822245
27,2,30751,backward,w,deg,1717,1717.0,0.0,7.30250206659062,16.67873169547637,-31.298816401250747,15.902214646806561,47.20103104805731,-32.42549753161404,16.2534456749608,48.67894320657484,-0.7288801721378123,40.45922961591819,41.585910746281485,199.48076379700802,0.9582323978187333
27,3,221195,backward,w,deg,4355,0.0,4355.0,nan,nan,nan,nan,nan,nan,nan,nan,nan,nan,nan,nan,nan
27,4,50147,backward,w,deg,6044,6044.0,0.0,-0.9302472327599531,4.67916834773518,-5.093393760849234,10.999556366196796,16.09295012704603,-25.1256166787077,17.201741759057313,42.327358437765014,1.3633777450441062,12.546743266566038,23.70162026816456,196.81444649920041,0.996676353289781
27,5,127305,backward,w,deg,3336,0.0,3336.0,nan,nan,nan,nan,nan,nan,nan,nan,nan,nan,nan,nan,nan
27,6,22050,backward,w,deg,1731,1731.0,0.0,1.1821137417069565,7.822367983826829,-15.216772498202289,14.408289084580787,29.625061582783076,-31.847941384564336,16.71337752365673,48.56131890822107,-0.9786842648335734,17.661525927614406,34.29269481397645,199.19209883368748,0.9907623253695874
27,7,8822,backward,w,deg,3015,3015.0,0.0,-1.883570015872749,7.019812777277273,-3.7134187639652283,21.793666042452816,25.507084806418046,-4.1747682165805315,34.36101365068362,38.53578186726415,3.297299225054147,24.040953063263903,36.6083006714947,182.35153004366666,0.9926180699464078
27,8,80416,backward,w,deg,7406,7406.0,0.0,-0.22921594297611136,4.058242050434981,-4.788769562061354,6.538744553076036,11.32751411513739,-32.064869710034486,13.38985975409355,45.454729464128036,-0.9455389891294207,7.237584183579713,33.93557129259986,202.93906320922616,0.9975048298119686
27,9,175498,backward,w,deg,2919,0.0,2919.0,nan,nan,nan,nan,nan,nan,nan,nan,nan,nan,nan,nan,nan
27,10,14142,backward,w,deg,8910,8910.0,0.0,0.06841282948072092,3.772052217149948,-5.708025072929966,5.432236433171862,11.140261506101828,-20.906050997405032,28.62517051460125,49.53122151200628,0.7637314214741814,6.0081371863995665,29.01231439070267,188.07837619433388,0.9978401972281035
27,11,176287,backward,w,deg,17402,0.0,17402.0,nan,nan,nan,nan,nan,nan,nan,nan,nan,nan,nan,nan,nan
27,12,99245,backward,w,deg,2846,2846.0,0.0,2.8753443172705317,10.000592684881113,-14.990594885714472,12.507493305025669,27.49808819074014,-37.31988223615434,12.973305403253931,50.29318763940827,-0.32754152380506474,24.697252671788505,47.026540022228374,204.27892864963403,0.9848334902644904
27,13,156237,backward,w,deg,2360,0.0,2360.0,nan,nan,nan,nan,nan,nan,nan,nan,nan,nan,nan,nan,nan
27,14,168732,backward,w,deg,13781,0.0,13781.0,nan,nan,nan,nan,nan,nan,nan,nan,nan,nan,nan,nan,nan
27,15,76537,backward,w,deg,4874,4874.0,0.0,-0.5190713701665288,6.797246710871173,-9.551744121115856,11.730677009128938,21.282421130244792,-11.291029049824743,14.259934358882873,25.550963408707617,0.2571932273798548,11.360786769215247,13.25946377575491,190.63526567843292,0.9929789415078093
27,16,41854,backward,w,deg,8536,8536.0,0.0,-1.6443925010904081,6.54024493250246,-6.721249080102581,12.610749617541295,19.331998697643876,-34.99311951785276,14.868810924663165,49.86193044251593,-0.43980533487731294,13.88506078647054,33.93519705743944,201.9769115440648,0.9935381370567078
27,17,49752,backward,w,deg,4179,4179.0,0.0,-0.9780883495865282,4.981905475572521,-6.67739291801706,9.807268426556579,16.484661344573638,-15.972464897357469,13.500293388480713,29.472758285838182,0.6131692832416729,12.71751056039859,16.40982749192611,190.72969091668367,0.9962260998290714
27,18,125038,backward,w,deg,14730,0.0,14730.0,nan,nan,nan,nan,nan,nan,nan,nan,nan,nan,nan,nan,nan
27,19,30062,backward,w,deg,578,578.0,0.0,2.896733646030256,15.00338170916138,-27.469389252081772,17.86841290824005,45.33780216032182,-30.884164687236705,19.31146554496911,50.195630232205815,-0.5251640310466766,38.80878791759294,42.223563352747874,197.82106782866646,0.9661083681895458
27,20,34315,backward,w,deg,1949,1949.0,0.0,-1.5547684618513244,7.819438178396485,-5.378806753098246,19.53120601922903,24.910012772327278,-28.42586896265496,22.000377232089505,50.426246194744465,0.7991126782727783,23.830606050776243,25.45112209360238,195.33957729129475,0.9907790923859848
27,21,34650,backward,w,deg,1433,1433.0,0.0,0.581375171951521,5.279821981542382,-11.589642446507035,8.991454374035198,20.581096820542236,-36.179393825699606,10.186123738395509,46.365517564095114,-1.0356149944037356,12.576604119844955,37.166355499037536,206.47484532337924,0.9957726891297196
27,22,48939,backward,w,deg,7080,7080.0,0.0,0.6835643131343261,5.269345558192455,-7.32815053558078,5.058928550291995,12.387079085872774,-37.11018204973908,13.3640604889205,50.47424253865958,-3.752409022609108,8.312102851880809,37.67098647991659,204.20784136313597,0.9958477181888017
27,23,151127,backward,w,deg,3687,0.0,3687.0,nan,nan,nan,nan,nan,nan,nan,nan,nan,nan,nan,nan,nan
27,24,67258,backward,w,deg,1759,1759.0,0.0,0.008857593648713191,3.152499114930539,-4.206103278884726,4.600415250591129,8.806518529475856,-22.246752348677177,6.70766886186567,28.954421210542847,-1.5047534627066002,6.155784574447267,20.934696833032604,196.045483621005,0.9984906936816892
27,25,117692,backward,w,deg,12103,0.0,12103.0,nan,nan,nan,nan,nan,nan,nan,nan,nan,nan,nan,nan,nan
27,26,149482,backward,w,deg,7320,0.0,7320.0,nan,nan,nan,nan,nan,nan,nan,nan,nan,nan,nan,nan,nan
27,0,144351,forward,a,km,45542,45540.0,2.0,193384.28574980114,89419.20003505885,188131.72884125006,364712.43901104125,176580.7101697912,187998.5760196105,4480813.766287021,4292815.190267411,6.936067087329983,175719.7807786155,4291821.108054596,nan,nan
27,1,22427,forward,a,km,4532,4532.0,0.0,204879.35668918706,7499.450864712886,198459.14409682035,218334.62584190283,19875.481745082478,197729.197149964,290701.74559951737,92972.54844955337,2.1408505361205425,10563.799211617332,82930.91896923186,nan,nan
27,2,30751,forward,a,km,1717,294.0,1423.0,201637.49350949744,1381635.777206408,188498.163424308,971264.5224034372,782766.3589791292,188375.804803439,18789119.654603433,18600743.849799994,9.807000996821518,nan,nan,nan,nan
27,3,221195,forward,a,km,4355,4355.0,0.0,220767.03507306473,218261.70832746036,190026.1812445304,838608.9729411921,648582.7916966617,188318.3352690733,923942.5119828188,735624.1767137456,1.8514877054626229,632726.8700836792,718060.409125306,nan,nan
27,4,50147,forward,a,km,6044,6044.0,0.0,202476.39811893442,6739.650408059833,192695.2094590121,208683.20756696718,15987.998107955063,190787.5146539424,291771.3032776867,100983.7886237443,3.9215475538727604,9714.387339982708,89621.87214366332,nan,nan
27,5,127305,forward,a,km,3336,3336.0,0.0,203438.4897180815,860393.0186808459,188811.12071529712,2423082.156521001,2234271.0358057036,188331.85178434118,6283699.162271793,6095367.310487452,2.0439475671559655,2225633.435036077,6086250.440786869,nan,nan
27,6,22050,forward,a,km,1731,1731.0,0.0,406426.6633720213,640615.72605705,193937.71897021224,1658691.082844587,1464753.363874375,189482.7134296974,8837569.012635829,8648086.299206132,4.562324075644781,1187768.8026397186,8366646.732430961,nan,nan
27,7,8822,forward,a,km,3015,3015.0,0.0,222400.70622328302,5955.772847298038,208726.41961567695,227412.56733259303,18686.14771691608,200496.66596701712,290687.84570345504,90191.17973643792,-0.989028640717499,15060.115655606887,67299.74759639852,nan,nan
27,8,80416,forward,a,km,7406,7403.0,3.0,192370.93372315026,92094.1249861864,188633.3798705788,295021.80074745684,106388.42087687805,188390.37359828094,7296020.845171034,7107630.471572753,61.85480712204014,71267.26274973773,7072266.307173315,nan,nan
27,9,175498,forward,a,km,2919,2919.0,0.0,236777.04770662836,1109889.065889186,228015.6018067518,240774.93375607286,12759.331949321058,202732.8437989057,21659266.509478975,21456533.66568007,14.866865329005984,13299.623841413937,21418864.459130064,nan,nan
27,10,14142,forward,a,km,8910,8909.0,1.0,204036.34917912012,7544.948497316352,196328.8355509255,217512.32039455246,21183.484843626968,195345.81977728716,291060.4679646602,95714.64818737304,1.3567386717756922,11662.899192683726,85211.04676279146,nan,nan
27,11,176287,forward,a,km,17402,17402.0,0.0,202465.13327836708,814316.9610136184,189249.20312396134,255567.65797101057,66318.45484704923,188553.87714718163,76282242.53663798,76093688.6594908,62.35626243107603,52180.07272719612,76078854.95139416,nan,nan
27,12,99245,forward,a,km,2846,2846.0,0.0,215156.47133660485,8961.334688286519,202014.11623626587,229745.08113047306,27730.964894207194,189478.0537984315,281126.07987644715,91648.02607801565,0.30604794329192825,15252.299752538675,65012.07896100698,nan,nan
27,13,156237,forward,a,km,2360,2360.0,0.0,194713.03189035394,91585.94141253029,188285.13838896298,278542.14965260663,90257.01126364365,188188.9864256621,3928762.0386776994,3740573.0522520375,29.302779957119334,89122.61926913408,3739342.5082942266,nan,nan
27,14,168732,forward,a,km,13781,13781.0,0.0,193944.49143997705,235013.25777597414,188675.813701268,234235.43408164076,45559.62038037277,188339.4371717637,8775147.52614534,8586808.088973578,29.400329187770076,41820.57825067849,8582732.670314379,nan,nan
27,15,76537,forward,a,km,4874,4871.0,3.0,223012.07092024357,6499.6139204773035,210112.79055840924,229876.3245261507,19763.533967741474,202955.69485671844,290425.8946530084,87470.19979628993,0.8809726621692108,12216.17715030427,69338.86984716161,nan,nan
27,16,41854,forward,a,km,8536,8534.0,2.0,211157.46979144443,172332.6344627612,190744.05154929226,324079.05875144503,133335.00720215277,188375.53043617887,3868441.785110482,3680066.2546743033,7.5518677659371205,113887.36490771365,3658250.091266751,nan,nan
27,17,49752,forward,a,km,4179,4179.0,0.0,206765.5862496837,8032.478608767926,199895.01259269996,217425.3617374831,17530.349144783133,199228.2887395546,290667.26679682866,91438.97805727404,4.251191075316228,9115.337974394504,82241.7058410699,nan,nan
27,18,125038,forward,a,km,14730,14730.0,0.0,201624.89203373197,98180.45596494505,190064.5974062066,207807.6111736302,17743.013767423603,188359.5921713815,4813753.221105198,4625393.628933817,34.41486824278342,11265.081785911292,4612545.684871693,nan,nan
27,19,30062,forward,a,km,578,578.0,0.0,211856.70779696212,10805.384660586702,200818.96601169452,230028.26465551284,29209.29864381833,189465.6389608437,302735.87284276326,113270.23388191956,0.9828234271323057,16639.330139021204,85396.33896116374,nan,nan
27,20,34315,forward,a,km,1949,1948.0,1.0,209806.84567971388,13847.80667202414,208532.35481287053,240766.47811810084,32234.123305230314,206005.95383112482,342072.9035982871,136066.94976716227,3.8976608694226176,31143.767170937033,132450.19265112327,nan,nan
27,21,34650,forward,a,km,1433,1430.0,3.0,213041.18575230206,424158.4054899722,189637.88994170446,1223515.0722105147,1033877.1822688102,189245.15791219994,3634819.2808617484,3445574.1229495485,2.569730295273061,572253.0758324707,2983557.2844837043,nan,nan
27,22,48939,forward,a,km,7080,6988.0,92.0,200511.38104815895,50827.68144178232,189225.58257985697,223883.80309073604,34658.220510879066,188882.74714420384,1306594.606488906,1117711.8593447022,14.159140015927575,23123.69393488882,1105834.4973330589,nan,nan
27,23,151127,forward,a,km,3687,3687.0,0.0,196513.49724353413,227650.0387411215,188356.5351797846,292445.94920518843,104089.41402540382,188188.60761124425,9903671.596219368,9715482.988608124,37.37401486843139,100969.8042878752,9712195.451302055,nan,nan
27,24,67258,forward,a,km,1759,1759.0,0.0,202513.9698453808,11752.185434418037,194039.51832715908,207678.4365434316,13638.91821627252,191900.38951117196,291166.9449285549,99266.55541738292,5.902695087354626,7700.961530683954,90228.71194229549,nan,nan
27,25,117692,forward,a,km,12103,12102.0,1.0,211445.4924300008,150263.63886131995,191770.01445880925,253186.0353454846,61416.02088667534,188218.95933743392,5951144.653607789,5762925.694270356,26.5476448780575,40351.64851709581,5738310.2667794,nan,nan
27,26,149482,forward,a,km,7320,7319.0,1.0,196938.2152922054,193452.07240874393,188407.23502098297,327286.14880890667,138878.9137879237,188239.9341200278,5805939.395762876,5617699.461642848,14.480177528294412,136178.846071915,5614832.093025884,nan,nan
27,0,144351,forward,e,-,45542,45540.0,2.0,0.9294181304420155,0.23360443663344027,0.23853923522775627,0.9992975637274776,0.7607583284997212,3.7745453292730234e-05,0.9999999999764257,0.999962254523133,-1.942415652728536,0.738156459718007,0.9766579494924705,nan,nan
27,1,22427,forward,e,-,4532,4532.0,0.0,0.4865173985382293,0.06013132500502896,0.3806836329547631,0.5321186839761665,0.15143505102140337,0.09456188751738724,0.6980192060123513,0.6034573184949641,-0.48626308513110605,0.08530353804103642,0.3668811871346698,nan,nan
27,2,30751,forward,e,-,1717,294.0,1423.0,0.8262651086736092,0.25845621572767,0.2151774823618305,0.9979952317551315,0.782817749393301,0.07453607635440619,0.9999986823448612,0.925462605990455,-0.7154141592007427,nan,nan,nan,nan
27,3,221195,forward,e,-,4355,4355.0,0.0,0.6312771520431336,0.2516885859194878,0.18004418529846405,0.9880518687946023,0.8080076834961383,0.006136354059061621,0.9999999861717173,0.9938636321126556,-0.18345127673806158,0.621863898900322,0.795771730139724,nan,nan
27,4,50147,forward,e,-,6044,6044.0,0.0,0.8008394623263945,0.09229680646559918,0.6954132344957316,0.9314393948055906,0.236026160309859,0.09275924696437038,0.9582645628572232,0.8655053158928527,-2.36581807848434,0.12945560145865279,0.7138432187248638,nan,nan
27,5,127305,forward,e,-,3336,3336.0,0.0,0.8045611832282066,0.16749548020584024,0.5051774476480688,0.9926311438601185,0.4874536962120497,0.00557563358574388,0.9999999261774133,0.9944242925916694,-1.1773889648403244,0.35418282071505647,0.8537846347773814,nan,nan
27,6,22050,forward,e,-,1731,1731.0,0.0,0.552601508302529,0.3139416375146922,0.025417616496290322,0.9417352178627514,0.916317601366461,0.0006053674970887042,0.9999926078868219,0.9993872403897331,-0.1834735376548303,0.7599030484785112,0.8181604385025817,nan,nan
27,7,8822,forward,e,-,3015,3015.0,0.0,0.34844754010954226,0.06067591826943529,0.3068031370362409,0.494998779804887,0.1881956427686461,0.09457712793416218,0.7031667327390482,0.608589604804886,2.680221649087092,0.1548485334082516,0.36280177407026737,nan,nan
27,8,80416,forward,e,-,7406,7403.0,3.0,0.9532946866956553,0.22514751723577095,0.2602365717551031,0.9994792636053276,0.7392426918502244,1.8871492630350324e-05,0.9999999997858843,0.9999811282932539,-2.1650249204500467,0.44341725372819435,0.7036349539906676,nan,nan
27,9,175498,forward,e,-,2919,2919.0,0.0,0.21877155773347345,0.08232358114604615,0.17431429062935758,0.30219510860327575,0.12788081797391818,0.09280181752639455,0.9799570656874331,0.8871552481610385,5.445935352739452,0.12430428552719791,0.8020662426113553,nan,nan
27,10,14142,forward,e,-,8910,8909.0,1.0,0.4916635434897332,0.05840561550920033,0.3872836722455681,0.5476364646963281,0.16035279245076,0.09428293306474804,0.6997273371887751,0.6054444041240271,-0.6043656941137578,0.09211395316484809,0.3815921647506144,nan,nan
27,11,176287,forward,e,-,17402,17402.0,0.0,0.8397276236786633,0.17549452489194212,0.4991631537161028,0.9977270569131711,0.4985639031970683,0.002972835344965402,0.9999999975559938,0.9970271622110284,-1.5722081174399842,0.31694649435588834,0.8131368127270253,nan,nan
27,12,99245,forward,e,-,2846,2846.0,0.0,0.40514542424406275,0.1285639778268843,0.2859492975463654,0.6718085568668142,0.3858592593204488,0.11521010583700424,0.9999965191846149,0.8847864133476107,1.812034216975581,0.27415434190573174,0.602193979861553,nan,nan
27,13,156237,forward,e,-,2360,2360.0,0.0,0.9085787896123544,0.1862443334533107,0.39548782311532693,0.9988802448651225,0.6033924217497956,0.0013144685037486037,0.9999999847142538,0.9986855162105052,-2.502270516829795,0.5776939267768523,0.9718672813884314,nan,nan
27,14,168732,forward,e,-,13781,13781.0,0.0,0.9342085288340032,0.15482325647467002,0.5870574320538973,0.9994848862341326,0.4124274541802353,0.0001671890931137829,0.9999999981425329,0.9998328090494192,-2.7611478784877375,0.35557017257239176,0.9424604155331753,nan,nan
27,15,76537,forward,e,-,4874,4871.0,3.0,0.3431426655557141,0.0644993349063145,0.2850015848657388,0.4433802040520684,0.15837861918632962,0.0950633224314452,0.7015280165081241,0.6064646940766789,2.294891950029217,0.09588848918489962,0.3428575423050299,nan,nan
27,16,41854,forward,e,-,8536,8534.0,2.0,0.6958559890927152,0.15893496970398646,0.40527656086842057,0.9796309431198651,0.5743543822514445,0.007668268693724633,0.9999999987577085,0.9923317300639839,-1.135243125844404,0.3170664191317195,0.7146747113064155,nan,nan
27,17,49752,forward,e,-,4179,4179.0,0.0,0.4741906389485851,0.06485605355268602,0.3876861602583927,0.5227817981223953,0.13509563786400264,0.0946264014349636,0.7006735321850669,0.6060471307501033,-0.6713196573152911,0.17820167620786118,0.3618505137488216,nan,nan
27,18,125038,forward,e,-,14730,14730.0,0.0,0.810626004837369,0.07917218487928597,0.7263389032017006,0.9695822601453291,0.24324335694362853,0.14858154900675377,0.9999342556818411,0.8513527066750873,0.1656688473988322,0.1520925237079424,0.6701219153078711,nan,nan
27,19,30062,forward,e,-,578,578.0,0.0,0.4325797511983666,0.1558152425094441,0.2836152940210592,0.7958988383172159,0.5122835442961566,0.07425558740802864,0.9998594751901325,0.9256038877821039,1.522805792951193,0.4076529551818069,0.6116135920547235,nan,nan
27,20,34315,forward,e,-,1949,1948.0,1.0,0.6514576853358338,0.15734703423562388,0.17395302686365943,0.6854587898336054,0.511505762969946,0.0752200504805888,0.7312966127561726,0.6560765622755839,-1.9919022638526627,0.4818467848351677,0.5805797612182384,nan,nan
27,21,34650,forward,e,-,1433,1430.0,3.0,0.7115341238158066,0.21587352953966865,0.31915700734285685,0.9949685901137715,0.6758115827709146,0.06921333455576802,0.999999758967776,0.930786424412008,-0.6916875026954143,0.6010433358806748,0.6060745047346794,nan,nan
27,22,48939,forward,e,-,7080,6988.0,92.0,0.8547801565652483,0.15949779640304376,0.6169643002121796,0.9978081298941275,0.38084382968194785,0.09315892251543226,0.9999999939659421,0.9068410714505099,-1.83275628076424,0.22910693365200577,0.7529123113487532,nan,nan
27,23,151127,forward,e,-,3687,3687.0,0.0,0.8787845830816287,0.199656701594224,0.31646835415653357,0.9980323776614817,0.681564023504948,0.004732944403399251,0.9999999967431887,0.9952670523397895,-2.3440827769154486,0.62470892256213,0.9364443323152651,nan,nan
27,24,67258,forward,e,-,1759,1759.0,0.0,0.7911078562287757,0.11866588104178614,0.7022795048835238,0.9115566877247594,0.20927718284123564,0.09393560652035103,0.9416817914491904,0.8477461849288394,-3.784038627935232,0.11542698106945595,0.721008880331427,nan,nan
27,25,117692,forward,e,-,12103,12102.0,1.0,0.6911454430157911,0.14116026623798897,0.5291974840422985,0.9498476231662479,0.42065013912394944,0.0007192626070873285,0.999999926182087,0.9992806635749997,-1.6224068658778787,0.30554077184826967,0.689740824452587,nan,nan
27,26,149482,forward,e,-,7320,7319.0,1.0,0.8737261836596683,0.17519721309961508,0.4513800154459347,0.9980412224417059,0.5466612069957713,0.000599937398841331,0.9999999760915884,0.9994000386927471,-2.4122402874754543,0.49715717085328204,0.9479372489003755,nan,nan
27,0,144351,forward,w,deg,45542,45540.0,2.0,-21.20631333575696,85.66672028056607,-80.73618943519405,120.8290267158422,201.56521615103625,-149.70446374520648,123.82501259668913,273.5294763418956,0.06945324861893552,177.682221751719,179.99999750566982,338.5131545292996,0.10731214454757665
27,1,22427,forward,w,deg,4532,4532.0,0.0,-2.3896575261061628,16.162787083271713,-12.3998371449112,34.489309790639474,46.88914693555067,-179.5433525976121,174.5286467862452,354.0719993838573,3.7470986325832945,40.94940033695001,179.2069107929974,305.3164725729407,0.9676281886909921
27,2,30751,forward,w,deg,1717,294.0,1423.0,-6.15673432688024,66.70935418089643,-117.69786228203138,68.77188532735269,186.46974760938406,-176.85470157698984,170.19000445348001,347.04470603046985,-0.32518725545460686,nan,nan,337.810101161361,0.4629253440264832
27,3,221195,forward,w,deg,4355,4355.0,0.0,21.328991034011437,55.735526907167674,-69.84367279388123,80.89731085364966,150.74098364753087,-119.54414980294564,119.7984597875028,239.34260959044843,-0.07097720139868643,141.00062931733382,179.90177825118695,16.26348033291489,0.5871810330878403
27,4,50147,forward,w,deg,6044,6044.0,0.0,-5.472684868882368,17.16252082792961,-13.321295111426789,39.471905385809045,52.79320049723583,-60.851475237933215,135.3141780641987,196.16565330213191,1.9996908957327115,48.329457091888685,143.9497686701353,301.67244169001816,0.9577295628704392
27,5,127305,forward,w,deg,3336,3336.0,0.0,57.986833929356294,79.76294857404676,-84.05838141090965,116.30767444047159,200.36605585138125,-84.25499499043576,125.85396911611622,210.10896410655198,0.05630985331916099,171.98079100671157,179.9896190917937,340.88697423787215,0.20426191459916626
27,6,22050,forward,w,deg,1731,1731.0,0.0,27.109122052637417,81.85951849630071,-151.96946167504345,35.1049855789079,187.07444725395135,-177.67154504231223,179.99983783118944,357.67138287350167,-0.33626308148776257,178.71581668823222,179.99978552616824,64.35675051448658,0.2606753914665005
27,7,8822,forward,w,deg,3015,3015.0,0.0,-4.1240538051322915,14.70715865605798,-7.462794997023968,47.01424299700172,54.47703799402569,-7.945048278460206,70.76604084152598,78.71108911998618,2.972124521413591,53.611948457305424,77.36374630182968,299.75724989239654,0.9689950798147331
27,8,80416,forward,w,deg,7406,7403.0,3.0,7.015971843815976,53.65689437758378,-64.20730602393395,63.40388964724174,127.6111956711757,-177.42202530477996,68.59613657521936,246.01816187999933,-0.23260509726446302,117.53054507195095,175.92752603625036,354.529069769691,0.6132078345991949
27,9,175498,forward,w,deg,2919,2919.0,0.0,-4.003070066846078,18.63043523805688,-19.092968190802612,35.358349740766094,54.45131793156871,-38.05944805024626,125.68909434865031,163.74854239889657,1.8879042037056992,36.56476251933772,126.86508355455749,23.176642349707823,0.9512052395596885
27,10,14142,forward,w,deg,8910,8909.0,1.0,-0.9903811506918601,11.36884546232112,-9.268093960809006,11.645212514728282,20.91330647553729,-137.8015486943592,140.2341458444356,278.0356945387948,6.420988533586389,16.232200526341398,144.81153245087432,303.547239582838,0.9844398087872366
27,11,176287,forward,w,deg,17402,17402.0,0.0,-14.954175473106687,67.97238268644932,-33.67382975383807,134.96351997186767,168.63734972570575,-174.96898659007346,177.61692152792932,352.58590811800275,0.8443911919533432,164.8974246327004,179.9933547929014,307.9955386702822,0.4741371599150505
27,12,99245,forward,w,deg,2846,2846.0,0.0,-2.292117324148194,27.729985870718288,-42.2547614498245,37.701437721956694,79.9561991717812,-175.49750960109438,179.52975071949618,355.0272603205906,1.7781073791696282,49.61261521263201,178.61543012697246,336.74821384273474,0.9071483888032928
27,13,156237,forward,w,deg,2360,2360.0,0.0,1.8106968285099185,82.9919001882032,-164.57039477621527,43.26114258432721,207.83153736054248,-170.28719540056437,120.34638940349936,290.63358480406373,-0.5215142233508747,166.01925018284433,171.7360508071934,255.19786470332704,0.2783664886012544
27,14,168732,forward,w,deg,13781,13781.0,0.0,-1.5943067038548975,104.75824634451834,-178.05032389252582,178.04662496684512,356.09694885937097,-179.99718078872758,179.98995170671367,359.98713249544124,0.048166389442774335,179.03677744505313,179.9990792453649,266.5367461827059,0.23014633714393826
27,15,76537,forward,w,deg,4874,4871.0,3.0,-3.0880068708218005,14.84008943447918,-16.415772411530924,30.795650139713473,47.2114225512444,-42.41342725244681,99.28747576725232,141.70090301969913,1.4112620875419304,35.443808293387065,103.86775667837651,311.2569685025042,0.9675226723235486
27,16,41854,forward,w,deg,8536,8534.0,2.0,-11.272888503100347,49.01042452114224,-14.299818066922132,117.23709257970661,131.53691064662874,-163.75436691067753,169.9125925067184,333.6669594173959,1.5074548501709744,131.66907551842453,175.75070968844787,300.2005029013377,0.7276313892983209
27,17,49752,forward,w,deg,4179,4179.0,0.0,-0.7459726359494425,17.647594057657965,-18.489581111934456,20.820885382187413,39.31046649412187,-64.67087305705701,151.82294347289974,216.49381652995675,3.5060032599764366,28.654584227417743,159.42200286208595,315.5853654833443,0.9607936183653946
27,18,125038,forward,w,deg,14730,14730.0,0.0,-3.6394407272736657,12.935778875285372,-8.742987911749282,22.86120189496142,31.604189806710703,-174.98404209752815,176.99108851303924,351.97513061056736,3.2774021432170746,27.99145178551655,177.94359760333958,266.6012863842475,0.9789615994592572
27,19,30062,forward,w,deg,578,578.0,0.0,-0.39902066139094927,33.93536257593101,-83.86084762452303,49.10823939990156,132.9690870244246,-179.81626312796323,150.51867333416794,330.33493646213117,-0.1826376596059319,72.19133272666387,165.53705426345988,24.564030617649358,0.8573530882964658
27,20,34315,forward,w,deg,1949,1948.0,1.0,-11.043972295244657,29.820379678822174,-18.78810899405766,69.80107544219025,88.5891844362479,-99.10455899378005,137.90418009286157,237.0087390866416,1.3174179686585445,85.97767270840272,154.08077735907398,312.0898238626277,0.8794812146458686
27,21,34650,forward,w,deg,1433,1430.0,3.0,33.526941494761914,70.54813299562801,-103.09974988873073,76.23050614201131,179.33025603074202,-174.8177918163558,178.53825796600552,353.3560497823613,-0.217138612376421,159.51692867119928,179.70072939402888,15.436945128526327,0.3777374960084365
27,22,48939,forward,w,deg,7080,6988.0,92.0,-6.0999058676027005,44.22457052043178,-9.202710345182556,126.16688260270615,135.36959294788872,-86.5445702211938,151.41013871472404,237.95470893591784,2.1506027128847935,134.1891211959374,159.43237730795528,295.69713546408,0.7913768910671952
27,23,151127,forward,w,deg,3687,3687.0,0.0,-3.8184010960435444,37.16221365391617,-30.54106060525387,93.1866814704329,123.72774207568676,-179.36419727151167,179.82304708471986,359.18724435623153,1.0111716044579337,99.40723961600064,179.55570873792522,357.25156060428094,0.8478782370024115
27,24,67258,forward,w,deg,1759,1759.0,0.0,-0.5104639534541775,10.924427352130834,-9.646026657221574,11.73841697208021,21.384443629301785,-67.97015912354016,95.46923059228897,163.43938971582912,1.3206396765059598,17.709376386488245,100.54529434675368,314.78809850596815,0.9831713977458827
27,25,117692,forward,w,deg,12103,12102.0,1.0,-4.436112393014923,40.104953077944124,-25.70793359013716,131.98332033205781,157.69125392219496,-179.34437476751896,179.91335643442522,359.2577312019442,2.6317912531128678,142.7949461672139,179.77253845884417,284.07513564023185,0.8403299333479187
27,26,149482,forward,w,deg,7320,7319.0,1.0,-9.786818172856385,82.54542747676447,-174.72626598544826,66.82062070212721,241.54688668757547,-179.99104781671173,179.99601472959017,359.9870625463019,-0.4864755148122498,165.47980595371195,179.62392918331454,268.25192692387304,0.4657951703241087
32,0,144351,backward,a,km,45542,0.0,45542.0,nan,nan,nan,nan,nan,nan,nan,nan,nan,nan,nan,nan,nan
32,1,23915,backward,a,km,4584,4584.0,0.0,222557.430754657,5429.031269419225,212415.48533755544,229548.90560936963,17133.42027181419,210110.2000746457,230946.33753623147,20836.13746158578,-0.30989032838096464,9223.338522588085,11474.60652572522,nan,nan
32,2,19832,backward,a,km,1037,1037.0,0.0,239369.7516494154,1678.6244722570088,235652.5578464912,240829.3111635794,5176.753317088209,233258.8286443843,241125.0717833503,7866.243138965976,-0.845432239647935,3876.1603270183305,6269.889529125212,nan,nan
32,3,221195,backward,a,km,4355,0.0,4355.0,nan,nan,nan,nan,nan,nan,nan,nan,nan,nan,nan,nan,nan
32,4,57501,backward,a,km,12952,12952.0,0.0,210619.40076433352,3793.6771474959723,205200.65228114152,216649.11244088353,11448.460159742011,193076.85340608083,232771.89161674088,39695.038210660045,0.4014491727602851,6216.978384146904,21577.249058581743,nan,nan
32,5,127305,backward,a,km,3336,0.0,3336.0,nan,nan,nan,nan,nan,nan,nan,nan,nan,nan,nan,nan,nan
32,6,30062,backward,a,km,489,489.0,0.0,238954.245087354,2679.5730368373765,233695.30814831398,241018.18720202375,7322.879053709767,224637.93139173288,241085.72261298014,16447.79122124726,-1.3888753720396463,4939.96095123703,13997.337707818137,nan,nan
32,7,8552,backward,a,km,2732,2732.0,0.0,213273.25509751265,5281.345503811268,205122.55036075696,221984.75918099578,16862.208820238826,202792.8172183175,227268.78389933836,24475.96668102086,0.06687765188875354,9385.997871051492,14565.612780714553,nan,nan
32,8,36833,backward,a,km,1166,1166.0,0.0,216577.09825584455,9650.450175805754,201904.17247373698,231487.54169998626,29583.369226249284,201557.36928268868,235537.67754293766,33980.308260248974,0.08161603903616135,16342.45950418798,20392.595347139373,nan,nan
32,9,175498,backward,a,km,2918,0.0,2918.0,nan,nan,nan,nan,nan,nan,nan,nan,nan,nan,nan,nan,nan
32,10,9615,backward,a,km,5112,5112.0,0.0,221781.77934997765,4069.6384115655715,214968.82953627466,227759.15094717228,12790.321410897624,213266.02915721605,236918.59745136162,23652.568294145574,-0.034194801209641246,7827.718667786149,14251.122599644237,nan,nan
32,11,176287,backward,a,km,17401,0.0,17401.0,nan,nan,nan,nan,nan,nan,nan,nan,nan,nan,nan,nan,nan
32,12,31323,backward,a,km,1001,1001.0,0.0,223045.6532747433,5210.784630360264,215109.24997434363,231050.5948994237,15941.344925080077,213449.80323535844,236243.05500202722,22793.251766668778,0.0703785582650925,9748.801128982595,14941.261231586104,nan,nan
32,13,156237,backward,a,km,2360,0.0,2360.0,nan,nan,nan,nan,nan,nan,nan,nan,nan,nan,nan,nan,nan
32,14,168732,backward,a,km,13781,0.0,13781.0,nan,nan,nan,nan,nan,nan,nan,nan,nan,nan,nan,nan,nan
32,15,71849,backward,a,km,4669,4669.0,0.0,198690.31776019483,2325.6548728133275,195961.04382550396,203273.02492636122,7311.981100857258,193076.19742837848,204519.66630017356,11443.468871795078,0.37963621090929245,6341.247599640564,7587.8889734529075,nan,nan
32,16,35338,backward,a,km,1353,1353.0,0.0,233865.11957630448,1919.3146635722019,231876.1240476745,236684.49521454767,4808.37116687317,201887.66930026145,240886.9992718097,38999.32997154826,-6.641249349246435,2925.223562006433,32379.84018907929,nan,nan
32,17,49752,backward,a,km,4091,4091.0,0.0,200436.72047349944,1661.2666768215965,198213.26031411148,203711.4734819762,5498.213167864713,193167.70139503328,204535.18601765996,11367.484622626682,0.2911413865216965,4213.370987129121,6342.069315089902,nan,nan
32,18,125038,backward,a,km,14730,0.0,14730.0,nan,nan,nan,nan,nan,nan,nan,nan,nan,nan,nan,nan,nan
32,19,28151,backward,a,km,1511,1511.0,0.0,223319.627591512,4948.518522813492,214270.38323944164,230328.43690648113,16058.053667039494,211742.4000928871,235305.51466956985,23563.11457668274,-0.22404526233630676,9025.416856185999,13646.320678443037,nan,nan
32,20,110896,backward,a,km,1936,1936.0,0.0,208847.59246656013,6066.316675004291,203505.95110314814,219486.63463476635,15980.683531618211,202568.3077230764,233556.67793204272,30988.370208966313,1.7245331258834096,10457.414184029803,24527.457481306163,nan,nan
32,21,22279,backward,a,km,837,837.0,0.0,235497.92388275434,4512.16211961628,226121.4610750916,236448.69230917777,10327.231234086183,193730.1529935547,237006.98787960492,43276.83488605023,-5.35513397660974,9372.351769557768,41763.65985109468,nan,nan
32,22,66366,backward,a,km,884,884.0,0.0,231444.10183330736,4296.9422277247195,223274.87449162712,236279.45520525382,13004.580713626696,209704.241824849,237569.9707637158,27865.728938866785,-1.1338132143729143,9289.746365864039,17461.129449764732,nan,nan
32,23,151127,backward,a,km,3687,0.0,3687.0,nan,nan,nan,nan,nan,nan,nan,nan,nan,nan,nan,nan,nan
32,24,68757,backward,a,km,1657,1657.0,0.0,203450.24854270113,1184.623247069968,202072.26559045207,204421.8751329491,2349.6095424970263,193052.52070609113,205285.77420648374,12233.253500392602,-4.440379437088014,1377.054043079499,10384.655185257288,nan,nan
32,25,117692,backward,a,km,12103,0.0,12103.0,nan,nan,nan,nan,nan,nan,nan,nan,nan,nan,nan,nan,nan
32,26,149482,backward,a,km,7320,0.0,7320.0,nan,nan,nan,nan,nan,nan,nan,nan,nan,nan,nan,nan,nan
32,27,167957,backward,a,km,2,0.0,2.0,nan,nan,nan,nan,nan,nan,nan,nan,nan,nan,nan,nan,nan
32,28,14797,backward,a,km,923,923.0,0.0,238450.38671321346,1240.9654397471572,236397.35589405335,239878.56086175126,3481.2049676979077,230330.48290942452,241117.27134957447,10786.788440149947,-1.0540002310420329,2212.6465266984856,8031.976602729352,nan,nan
32,29,24197,backward,a,km,3808,3808.0,0.0,208466.5319594792,3053.88276970898,203908.9301766397,213581.07104423636,9672.140867596667,202700.10388098448,215886.11810031158,13186.014219327102,0.1265276173045975,5383.1760032997245,7076.514528862899,nan,nan
32,30,45752,backward,a,km,14799,14799.0,0.0,225619.6962603083,4838.3900001530865,217986.1842784816,232990.37311354533,15004.188835063716,212913.31409225767,236341.0270321517,23427.71293989403,-0.014880944660428113,10039.591607493341,13390.245526099723,nan,nan
32,31,45851,backward,a,km,1048,1048.0,0.0,206011.13235596672,4216.845113827853,201302.75655715255,213672.43309369468,12369.67653654213,193064.57318591388,216862.95692411234,23798.383738198463,0.2935770595849372,8635.692781741329,12000.28061289512,nan,nan
32,0,144351,backward,e,-,45542,0.0,45542.0,nan,nan,nan,nan,nan,nan,nan,nan,nan,nan,nan,nan,nan
32,1,23915,backward,e,-,4584,4584.0,0.0,0.3468254551886553,0.043796846720733654,0.2881592385778558,0.4262819653467251,0.13812272676886928,0.27555961201693546,0.44378229629495497,0.1682226842780195,0.2502522371798202,0.07438840378489482,0.08910531749873385,nan,nan
32,2,19832,backward,e,-,1037,1037.0,0.0,0.1906705714247659,0.018530835268425968,0.1733560655404876,0.23027013709004265,0.05691407154955505,0.16971737352447916,0.25273659270704196,0.0830192191825628,0.7410495990997633,0.04241944967437698,0.06488590529137628,nan,nan
32,3,221195,backward,e,-,4355,0.0,4355.0,nan,nan,nan,nan,nan,nan,nan,nan,nan,nan,nan,nan,nan
32,4,57501,backward,e,-,12952,12952.0,0.0,0.4396326073089878,0.029010430434958767,0.3933273369238868,0.48040030276861473,0.08707296584472796,0.2573310191606162,0.5703110008196094,0.3129799816589932,-0.501882170226565,0.04703249780245079,0.1779889548429578,nan,nan
32,5,127305,backward,e,-,3336,0.0,3336.0,nan,nan,nan,nan,nan,nan,nan,nan,nan,nan,nan,nan,nan
32,6,30062,backward,e,-,489,489.0,0.0,0.19522231065316178,0.027933743485622727,0.17093386460247423,0.24882952606820016,0.07789566146572593,0.1700108997958378,0.32883570616947094,0.15882480637363314,1.091241192973356,0.05121476282195149,0.13122094292322226,nan,nan
32,7,8552,backward,e,-,2732,2732.0,0.0,0.41990583909107154,0.04049369818029137,0.3519112652836466,0.4813084199591749,0.12939715467552831,0.30663742340029904,0.4985953263215379,0.19195790292123888,-0.10165246973687886,0.07267543611461874,0.11766523831434655,nan,nan
32,8,36833,backward,e,-,1166,1166.0,0.0,0.3940949602067015,0.07650811907175863,0.27047397315662913,0.5050120757137484,0.23453810255711927,0.2316081199446042,0.5075841066797082,0.27597598673510404,-0.1748227638778075,0.1347621435268422,0.1736279967388671,nan,nan
32,9,175498,backward,e,-,2918,0.0,2918.0,nan,nan,nan,nan,nan,nan,nan,nan,nan,nan,nan,nan,nan
32,10,9615,backward,e,-,5112,5112.0,0.0,0.3533350051703702,0.032836747676468186,0.303736121082496,0.40687864673388957,0.10314252565139359,0.21980264071367572,0.41996607738917896,0.20016343667550324,-0.03104854397594471,0.062217416867809607,0.12641385310401732,nan,nan
32,11,176287,backward,e,-,17401,0.0,17401.0,nan,nan,nan,nan,nan,nan,nan,nan,nan,nan,nan,nan,nan
32,12,31323,backward,e,-,1001,1001.0,0.0,0.3425572609506013,0.04292360097931443,0.27439217575995944,0.4055224570154472,0.13113028125548776,0.2268033250953236,0.4188749108956796,0.19207158580035597,-0.13947248827251843,0.08243993052458115,0.13002878118921699,nan,nan
32,13,156237,backward,e,-,2360,0.0,2360.0,nan,nan,nan,nan,nan,nan,nan,nan,nan,nan,nan,nan,nan
32,14,168732,backward,e,-,13781,0.0,13781.0,nan,nan,nan,nan,nan,nan,nan,nan,nan,nan,nan,nan,nan
32,15,71849,backward,e,-,4669,4669.0,0.0,0.5288616037499507,0.01721729546006308,0.4948678297651527,0.5490500300329322,0.05418220026777948,0.485394252922674,0.5703133050206662,0.08491905209799222,-0.3810166871422658,0.046973500832283875,0.056447077674762536,nan,nan
32,16,35338,backward,e,-,1353,1353.0,0.0,0.24730220571525188,0.017473050164986466,0.21907659982451902,0.26588308327016985,0.04680648344565083,0.17321717623343344,0.5051342117999409,0.3319170355665074,4.43393202149318,0.028360896510267002,0.2617703436607911,nan,nan
32,17,49752,backward,e,-,4091,4091.0,0.0,0.5159282896458345,0.012309586176794722,0.4916605485093405,0.5323919722476715,0.04073142373833105,0.48528226806734476,0.5696656158767904,0.08438334780944567,-0.2945953389201379,0.031265408703873315,0.04682744836494712,nan,nan
32,18,125038,backward,e,-,14730,0.0,14730.0,nan,nan,nan,nan,nan,nan,nan,nan,nan,nan,nan,nan,nan
32,19,28151,backward,e,-,1511,1511.0,0.0,0.34011864854003515,0.040558797440750666,0.28079399510237363,0.41203644517379473,0.1312424500714211,0.2333426646191569,0.43135721385606235,0.19801454923690545,0.14257624846939218,0.07417598981578755,0.12066209982498335,nan,nan
32,20,110896,backward,e,-,1936,1936.0,0.0,0.4530251581757944,0.0478129500681384,0.3706706931413966,0.4929660983473976,0.12229540520600096,0.24984271718396378,0.4999453380292309,0.25010262084526713,-1.88956282822502,0.0808141881411439,0.20164216409857671,nan,nan
32,21,22279,backward,e,-,837,837.0,0.0,0.23169269722679553,0.038101310295592244,0.22167526750983144,0.31648391463553743,0.094808647125706,0.21593972469503336,0.5654637167835049,0.34952399208847157,4.90287626739228,0.08483287928503402,0.3338126814330016,nan,nan
32,22,66366,backward,e,-,884,884.0,0.0,0.27041300734552753,0.038185048909859735,0.22346121149377288,0.3420464498435805,0.11858523834980764,0.20933014561534738,0.4471993284486621,0.23786918283331474,0.9104117563978024,0.08513869065033455,0.13962888802300888,nan,nan
32,23,151127,backward,e,-,3687,0.0,3687.0,nan,nan,nan,nan,nan,nan,nan,nan,nan,nan,nan,nan,nan
32,24,68757,backward,e,-,1657,1657.0,0.0,0.4934616734147998,0.008800964815404922,0.4862506288839097,0.5037485119171572,0.017497883033247508,0.4796914982082088,0.5704977881826699,0.09080628997446116,4.408485487783676,0.010251451468304367,0.07689220556235632,nan,nan
32,25,117692,backward,e,-,12103,0.0,12103.0,nan,nan,nan,nan,nan,nan,nan,nan,nan,nan,nan,nan,nan
32,26,149482,backward,e,-,7320,0.0,7320.0,nan,nan,nan,nan,nan,nan,nan,nan,nan,nan,nan,nan,nan
32,27,167957,backward,e,-,2,0.0,2.0,nan,nan,nan,nan,nan,nan,nan,nan,nan,nan,nan,nan,nan
32,28,14797,backward,e,-,923,923.0,0.0,0.20069632445845947,0.01327852150524787,0.18443692705756737,0.22242734650075344,0.03799041944318607,0.16991249264860656,0.28256625377565203,0.11265376112704548,0.9083933580371613,0.024843061226771213,0.08095840725950071,nan,nan
32,29,24197,backward,e,-,3808,3808.0,0.0,0.45617174079548994,0.022972027893723955,0.4174771850676601,0.49022192305098705,0.07274473798332698,0.39958746692152936,0.49920013426704896,0.0996126673455196,-0.14025860826074116,0.04050955645435686,0.05404385511383164,nan,nan
32,30,45752,backward,e,-,14799,14799.0,0.0,0.32107874429141997,0.04084558188215696,0.2561175128540597,0.38288382089808193,0.12676630804402222,0.22268798498332593,0.42295430966723885,0.20026632468391292,-0.05696375852870444,0.08709311939736049,0.12052264726809425,nan,nan
32,31,45851,backward,e,-,1048,1048.0,0.0,0.474401715054596,0.03169140030963588,0.41659222695944725,0.5094805933237601,0.0928883663643128,0.3913454111223472,0.5704147561273051,0.17906934500495786,-0.31267149966819824,0.0652074154890123,0.09021993188888905,nan,nan
32,0,144351,backward,w,deg,45542,0.0,45542.0,nan,nan,nan,nan,nan,nan,nan,nan,nan,nan,nan,nan,nan
32,1,23915,backward,w,deg,4584,4584.0,0.0,-0.10531101178891333,1.7860803591863401,-2.826822105275012,3.046735267090634,5.873557372365646,-3.7499011836232228,3.9156087157017794,7.665509899325002,0.1329235021212817,4.554847505827736,5.477926584175947,190.32464585475284,0.9995142069414966
32,2,19832,backward,w,deg,1037,1037.0,0.0,2.9449510005182447,14.230556628400867,-23.8085425264833,17.9267332738776,41.735275800360895,-26.259585813019612,20.64518800580575,46.90477381882536,-0.3535203825624664,31.864283805979333,34.315327092515645,194.3502242318494,0.9694306670322459
32,3,221195,backward,w,deg,4355,0.0,4355.0,nan,nan,nan,nan,nan,nan,nan,nan,nan,nan,nan,nan,nan
32,4,57501,backward,w,deg,12952,12952.0,0.0,-0.1587859184642042,5.058199935343314,-7.409787006483641,8.455871973120273,15.865658979603914,-29.31361122564732,16.141118238480715,45.454729464128036,0.07488223675246994,10.569951863009512,27.36191260411823,200.187804724839,0.9961133708925841
32,5,127305,backward,w,deg,3336,0.0,3336.0,nan,nan,nan,nan,nan,nan,nan,nan,nan,nan,nan,nan,nan
32,6,30062,backward,w,deg,489,489.0,0.0,4.928532119641687,15.210723242576867,-28.446732245408974,16.481683639067494,44.928415884476465,-32.38104245138226,17.79304632799122,50.17408877937348,-0.6399635475252301,38.268306325240005,42.202616531213295,199.3388924143466,0.9651818418250544
32,7,8552,backward,w,deg,2732,2732.0,0.0,-1.2661225939636864,6.120724869845292,-3.051776000127063,9.34357236480991,12.395348364936973,-3.4804405216583234,35.019795731768426,38.50023625342675,4.247049633287684,10.918925887634481,36.595149254593,181.65720234874445,0.9944064148270214
32,8,36833,backward,w,deg,1166,1166.0,0.0,-0.49742617973369363,7.2242173426394585,-4.474648601339624,16.60927779954465,21.083926400884273,-28.307359340469958,21.404993098901542,49.7123524393715,-0.27795217018038115,21.10960071999032,26.38995870214555,195.30755059544873,0.9921386914640741
32,9,175498,backward,w,deg,2918,0.0,2918.0,nan,nan,nan,nan,nan,nan,nan,nan,nan,nan,nan,nan,nan
32,10,9615,backward,w,deg,5112,5112.0,0.0,-0.4956574786102692,3.6920861641351412,-3.9709769925664107,7.692240507951149,11.66321750051756,-18.41961338243226,30.90698593876533,49.32659932119759,2.9349196451379385,8.386032704206274,31.553558354627228,185.8223662477727,0.9979395099922306
32,11,176287,backward,w,deg,17401,0.0,17401.0,nan,nan,nan,nan,nan,nan,nan,nan,nan,nan,nan,nan,nan
32,12,31323,backward,w,deg,1001,1001.0,0.0,-1.3160253343764339,9.480532378823812,-4.743288425728252,20.31506333115763,25.058351756885884,-29.46345805248663,20.962788142257835,50.426246194744465,0.0967487785312726,22.098057234527488,28.265547347707724,196.37716638112641,0.9864925382948941
32,13,156237,backward,w,deg,2360,0.0,2360.0,nan,nan,nan,nan,nan,nan,nan,nan,nan,nan,nan,nan,nan
32,14,168732,backward,w,deg,13781,0.0,13781.0,nan,nan,nan,nan,nan,nan,nan,nan,nan,nan,nan,nan,nan
32,15,71849,backward,w,deg,4669,4669.0,0.0,-0.41603362246468123,6.447025849214404,-9.057529143375888,11.163263896411058,20.220793039786948,-10.758378774878082,14.08878252887314,24.84716130375122,0.2552031478422571,10.799404906297251,13.482011365384182,190.10261540348625,0.9936823787171064
32,16,35338,backward,w,deg,1353,1353.0,0.0,-0.22184876003510112,4.508083902022867,-6.096949856787767,7.972706459414601,14.06965631620237,-40.59217670846559,9.26975373405034,49.86193044251593,-2.364661656402782,8.293924128670687,40.93660347213472,207.57596873467762,0.9969415277395522
32,17,49752,backward,w,deg,4091,4091.0,0.0,-0.9798961487472866,4.9890416197501315,-6.697683478774323,9.812458054242256,16.51014153301658,-15.967560228432376,13.114070488350137,29.081630716782513,0.6123586440017291,12.717778053139796,16.01869992287044,190.72478624775857,0.9962152992549194
32,18,125038,backward,w,deg,14730,0.0,14730.0,nan,nan,nan,nan,nan,nan,nan,nan,nan,nan,nan,nan,nan
32,19,28151,backward,w,deg,1511,1511.0,0.0,-5.6588759860548805,10.752585628652897,-9.686145944809951,16.462507797238757,26.148653742048708,-33.47011622924532,16.81175827273421,50.28187450197953,0.5187573139957564,22.937036653422055,27.049273589196616,200.429162642725,0.9825005322322311
32,20,110896,backward,w,deg,1936,1936.0,0.0,2.666960734226464,9.557566051722763,-15.619116979680427,10.486066571968436,26.105183551648864,-25.875071297592655,12.608913469562196,38.48398476715485,-1.08022819748852,19.870938881269836,30.126893199182064,204.47163715809464,0.9861886890276632
32,21,22279,backward,w,deg,837,837.0,0.0,-0.6993099824890123,5.2383276217284775,-6.530606818639233,11.794298866557241,18.324905685196477,-31.357325930929875,14.235539763651985,45.59286569458186,0.8603622203661938,13.784772618540483,29.409376721828323,202.83375058247185,0.9958365067178719
32,22,66366,backward,w,deg,884,884.0,0.0,9.824702011614306,19.002198083746475,-37.17532390033831,11.10341642695425,48.27874032729257,-37.40723563475504,11.329812754372256,48.737048389127295,-1.3263541797459153,48.03546026762034,48.267372002037064,204.46250190014902,0.9464418503688783
32,23,151127,backward,w,deg,3687,0.0,3687.0,nan,nan,nan,nan,nan,nan,nan,nan,nan,nan,nan,nan,nan
32,24,68757,backward,w,deg,1657,1657.0,0.0,0.012077925697838054,3.187163214729885,-3.915161539599592,4.6259992066344635,8.541160746234056,-22.460167328801106,6.752598585921419,29.212765914722524,-1.792876369896866,6.103369769516917,21.23683510122774,196.25889860112892,0.9984581184643465
32,25,117692,backward,w,deg,12103,0.0,12103.0,nan,nan,nan,nan,nan,nan,nan,nan,nan,nan,nan,nan,nan
32,26,149482,backward,w,deg,7320,0.0,7320.0,nan,nan,nan,nan,nan,nan,nan,nan,nan,nan,nan,nan,nan
32,27,167957,backward,w,deg,2,0.0,2.0,nan,nan,nan,nan,nan,nan,nan,nan,nan,nan,nan,nan,nan
32,28,14797,backward,w,deg,923,923.0,0.0,2.489935649977724,8.762722004206136,-17.24060498171248,11.895018968634053,29.135623950346535,-28.28327205702263,18.696164835833514,46.97943689285614,-0.9520154137065259,19.26335386878436,30.306020944094513,195.62742950614577,0.9883959538836309
32,29,24197,backward,w,deg,3808,3808.0,0.0,-1.0068349316631924,5.43722571224818,-4.61228095793714,17.422284602745634,22.034565560682775,-14.386907096698621,24.577531833947035,38.964438930645656,2.7772369996636175,19.327456775687267,26.482704006888667,186.9191490022246,0.995533522882268
32,30,45752,backward,w,deg,14799,14799.0,0.0,-0.15369286485895373,5.114542681755753,-7.057431970790878,7.43066564666273,14.488097617453608,-36.52357617462775,14.039652834178753,50.5632290088065,-0.5965638958585628,8.33082654804786,35.89877701394008,203.53224901787772,0.9960372169492697
32,31,45851,backward,w,deg,1048,1048.0,0.0,-3.1414545084664667,6.459425091511569,-4.546170767211349,15.327875890517488,19.874046657728837,-20.687376790186022,19.64639283060191,40.33376962078793,1.4681736676039587,19.575315768051052,23.893832708135477,194.40985887161293,0.9936738314492646
32,0,144351,forward,a,km,45542,45540.0,2.0,193384.28574980114,89419.20003505885,188131.72884125006,364712.43901104125,176580.7101697912,187998.5760196105,4480813.766287021,4292815.190267411,6.936067087329983,175719.7807786155,4291821.108054596,nan,nan
32,1,23915,forward,a,km,4584,4583.0,1.0,198434.26583771646,1922.0417362104533,195965.16648084988,202226.75482410705,6261.588343257172,195345.81977728716,203390.35104818494,8044.531270897773,0.36141803081257834,5378.652208450142,6542.248432528024,nan,nan
32,2,19832,forward,a,km,1037,325.0,712.0,201357.03778572488,1317771.0659378665,188512.78601535162,947274.1440402411,758761.3580248895,188375.804803439,18789119.654603433,18600743.849799994,10.297229650876641,nan,nan,nan,nan
32,3,221195,forward,a,km,4355,4355.0,0.0,220767.03507306473,218261.70832746036,190026.1812445304,838608.9729411921,648582.7916966617,188318.3352690733,923942.5119828188,735624.1767137456,1.8514877054626229,632726.8700836792,718060.409125306,nan,nan
32,4,57501,forward,a,km,12952,12952.0,0.0,198224.0860190966,31407.923717420523,188761.5622014376,258571.40151890603,69809.83931746843,188390.37359828094,526976.2772455813,338585.9036473003,4.633257616021284,63244.93525740712,331649.81098408235,nan,nan
32,5,127305,forward,a,km,3336,3336.0,0.0,203438.4897180815,860393.0186808459,188811.12071529712,2423082.156521001,2234271.0358057036,188331.85178434118,6283699.162271793,6095367.310487452,2.0439475671559655,2225633.435036077,6086250.440786869,nan,nan
32,6,30062,forward,a,km,489,489.0,0.0,214203.80239102422,9814.999002457413,201024.13317259698,230276.68956220945,29252.556389612466,190129.87579619684,239637.92668135636,49508.05088515952,0.1181359381603036,16419.153859272534,27209.658085402683,nan,nan
32,7,8552,forward,a,km,2732,2732.0,0.0,222497.88361507043,5262.184105468945,209779.40019506047,226860.87611584828,17081.47592078781,200496.66596701712,290687.84570345504,90191.17973643792,-1.1453259287267066,13990.940730950111,67318.44955219387,nan,nan
32,8,36833,forward,a,km,1166,1166.0,0.0,209546.52482905606,181928.195540287,206881.49926514068,284446.58933444927,77565.09006930859,188400.71956387113,2060429.551917915,1872028.8323540438,7.388397316132576,75084.24356576958,1851067.2061492354,nan,nan
32,9,175498,forward,a,km,2918,2918.0,0.0,236778.25617802772,1110077.390973981,228020.78643782996,240775.009077899,12754.222640069056,202732.8437989057,21659266.509478975,21456533.66568007,14.864294230232174,13282.874863135028,21418864.459130064,nan,nan
32,10,9615,forward,a,km,5112,5112.0,0.0,210588.94818583806,5687.087039215836,203580.52369094727,218763.84509988996,15183.321408942691,202451.94199981863,281126.07987644715,78674.13787662852,2.3897528934043306,8808.994949752472,68867.65227368978,nan,nan
32,11,176287,forward,a,km,17401,17401.0,0.0,202464.81647054607,814340.3382983285,189249.2017537046,255568.04316706525,66318.84141336064,188553.87714718163,76282242.53663798,76093688.6594908,62.354470728280795,52180.4579232508,76078854.95139416,nan,nan
32,12,31323,forward,a,km,1001,1001.0,0.0,209998.27524656762,15816.637723598995,209581.1516662718,240982.02688057307,31400.875214301283,207676.23721559945,348486.9406539932,140810.70343839377,3.5726524889324067,31194.651556305675,138699.56532972582,nan,nan
32,13,156237,forward,a,km,2360,2360.0,0.0,194713.03189035394,91585.94141253029,188285.13838896298,278542.14965260663,90257.01126364365,188188.9864256621,3928762.0386776994,3740573.0522520375,29.302779957119334,89122.61926913408,3739342.5082942266,nan,nan
32,14,168732,forward,a,km,13781,13781.0,0.0,193944.49143997705,235013.25777597414,188675.813701268,234235.43408164076,45559.62038037277,188339.4371717637,8775147.52614534,8586808.088973578,29.400329187770076,41820.57825067849,8582732.670314379,nan,nan
32,15,71849,forward,a,km,4669,4666.0,3.0,223134.1724182901,6322.983154047738,210551.01540922845,229888.9381398787,19337.922730650258,202668.2523473369,290136.3454627084,87468.09311537148,0.4972938541353117,11617.59577021029,69069.72412271576,nan,nan
32,16,35338,forward,a,km,1353,1349.0,4.0,215713.89627812692,475198.8028939285,189611.03911874213,1261360.6508098277,1071749.6116910856,189245.15791219994,7296020.845171034,7106775.687258834,4.098467244689905,672124.3430522095,6434449.398277684,nan,nan
32,17,49752,forward,a,km,4091,4091.0,0.0,206734.2321001427,7989.59717966065,199890.3315361458,217457.91406642803,17567.582530282234,199228.2887395546,290667.26679682866,91438.97805727404,4.141173369328798,9136.730351057471,82241.7058410699,nan,nan
32,18,125038,forward,a,km,14730,14730.0,0.0,201624.89203373197,98180.45596494505,190064.5974062066,207807.6111736302,17743.013767423603,188359.5921713815,4813753.221105198,4625393.628933817,34.41486824278342,11265.081785911292,4612545.684871693,nan,nan
32,19,28151,forward,a,km,1511,1511.0,0.0,213735.48676929018,11732.702320694028,200704.30487150507,236445.46500232018,35741.160130815115,189478.0537984315,291060.4679646602,101582.4141662287,1.1078663457738025,23023.416205187692,74203.69944150632,nan,nan
32,20,110896,forward,a,km,1936,1936.0,0.0,216978.34153652692,8652.266528530901,203588.94771540054,230027.0484776054,26438.10076220485,200762.5351433703,240626.52601918572,39863.99087581542,0.14769183218685433,14570.079568747424,23707.36743599872,nan,nan
32,21,22279,forward,a,km,837,837.0,0.0,348541.2823171102,130459.85055634414,192645.18825483412,565631.7320257275,372986.54377089336,189482.7134296974,870325.3668937829,680842.6534640854,0.8662156971011142,361416.4579224343,666110.0927904897,nan,nan
32,22,66366,forward,a,km,884,80.0,804.0,278875.2357723955,156891.3243522582,209613.30314594513,742286.8255483586,532673.5224024134,208958.41055224327,762407.8213408664,553449.4107886232,2.314528913749369,nan,nan,nan,nan
32,23,151127,forward,a,km,3687,3687.0,0.0,196513.49724353413,227650.0387411215,188356.5351797846,292445.94920518843,104089.41402540382,188188.60761124425,9903671.596219368,9715482.988608124,37.37401486843139,100969.8042878752,9712195.451302055,nan,nan
32,24,68757,forward,a,km,1657,1657.0,0.0,202152.2573364686,12475.987691412101,193972.1921561199,206886.5183493375,12914.326193217596,191900.38951117196,291166.9449285549,99266.55541738292,5.832304168027153,7473.300159429339,90848.35833334265,nan,nan
32,25,117692,forward,a,km,12103,12102.0,1.0,211445.4924300008,150263.63886131995,191770.01445880925,253186.0353454846,61416.02088667534,188218.95933743392,5951144.653607789,5762925.694270356,26.5476448780575,40351.64851709581,5738310.2667794,nan,nan
32,26,149482,forward,a,km,7320,7319.0,1.0,196938.2152922054,193452.07240874393,188407.23502098297,327286.14880890667,138878.9137879237,188239.9341200278,5805939.395762876,5617699.461642848,14.480177528294412,136178.846071915,5614832.093025884,nan,nan
32,27,167957,forward,a,km,2,2.0,0.0,206129.3612342882,512.6989975289034,205667.9321365122,206590.7903320642,922.8581955520203,205616.6622367593,206642.0602318171,1025.3979950578068,nan,974.1280953049164,1025.3979950578068,nan,nan
32,28,14797,forward,a,km,923,923.0,0.0,657308.8941391144,794230.0765163997,203568.59799411715,2160715.2655714257,1957146.6675773086,189465.6389608437,8837569.012635829,8648103.373674985,3.6049414641674216,1479695.4916530324,8156549.238717436,nan,nan
32,29,24197,forward,a,km,3808,3808.0,0.0,205661.9763529743,7211.407059953438,198991.57179384166,218246.9061504195,19255.334356577834,198317.90588132537,290701.74559951737,92383.839718192,2.5370692228013505,11032.404175863789,83487.24362496164,nan,nan
32,30,45752,forward,a,km,14799,14796.0,3.0,208289.4575343962,124352.44557110671,189430.9658995829,264142.14494594384,74711.17904636095,188375.53043617887,3868441.785110482,3680066.2546743033,10.273492408904614,57883.7050264882,3662183.3451910266,nan,nan
32,31,45851,forward,a,km,1048,1047.0,1.0,209440.4706927441,11976.169664099065,208268.41575597494,239897.52511612265,31629.109360147704,206005.95383112482,290545.4691616132,84539.51533048839,4.461455993990604,30476.85676769896,81124.8008131895,nan,nan
32,0,144351,forward,e,-,45542,45540.0,2.0,0.9294181304420155,0.23360443663344027,0.23853923522775627,0.9992975637274776,0.7607583284997212,3.7745453292730234e-05,0.9999999999764257,0.999962254523133,-1.942415652728536,0.738156459718007,0.9766579494924705,nan,nan
32,1,23915,forward,e,-,4584,4583.0,1.0,0.530794540255577,0.014206445301387989,0.502693061179245,0.549011793063751,0.04631873188450608,0.4938233021769142,0.5535822467818352,0.05975894460492098,-0.3643751002563923,0.03976722362723693,0.04863698262956767,nan,nan
32,2,19832,forward,e,-,1037,325.0,712.0,0.833539001893241,0.23635949307360068,0.3682123160502203,0.9971509283255382,0.6289386122753179,0.07453607635440619,0.9999986823448612,0.925462605990455,-0.8275629011799848,nan,nan,nan,nan
32,3,221195,forward,e,-,4355,4355.0,0.0,0.6312771520431336,0.2516885859194878,0.18004418529846405,0.9880518687946023,0.8080076834961383,0.006136354059061621,0.9999999861717173,0.9938636321126556,-0.18345127673806158,0.621863898900322,0.795771730139724,nan,nan
32,4,57501,forward,e,-,12952,12952.0,0.0,0.8709391091295532,0.17664694966332123,0.47522493660115356,0.9983178889082922,0.5230929523071386,1.8871492630350324e-05,0.9999999997858843,0.9999811282932539,-2.2677963363788414,0.42513302354401605,0.9003390886525412,nan,nan
32,5,127305,forward,e,-,3336,3336.0,0.0,0.8045611832282066,0.16749548020584024,0.5051774476480688,0.9926311438601185,0.4874536962120497,0.00557563358574388,0.9999999261774133,0.9944242925916694,-1.1773889648403244,0.35418282071505647,0.8537846347773814,nan,nan
32,6,30062,forward,e,-,489,489.0,0.0,0.41253857557059787,0.10262585134289186,0.2814203877335259,0.5125580432619693,0.2311376555284434,0.18944846771352583,0.98827472009377,0.7988262523802442,1.8859970352377193,0.1250903887160084,0.6000288369583611,nan,nan
32,7,8552,forward,e,-,2732,2732.0,0.0,0.3476908301954098,0.047132365474952406,0.3115058323500819,0.44599964307402945,0.13449381072394756,0.09457712793416218,0.7031667327390482,0.608589604804886,2.9109131713993115,0.11204769204614808,0.36264217912913366,nan,nan
32,8,36833,forward,e,-,1166,1166.0,0.0,0.677704120432197,0.12793854675379185,0.5785384760673739,0.7188280556670376,0.1402895795996637,0.06891838146899561,0.9999707993979011,0.9310524179289055,-3.687672180710542,0.255223425384124,0.609935208236445,nan,nan
32,9,175498,forward,e,-,2918,2918.0,0.0,0.21873554713802323,0.08183226942084565,0.17431424885237215,0.3021771099628733,0.12786286111050113,0.09280181752639455,0.9799570656874331,0.8871552481610385,5.478196269499614,0.12428628688679542,0.8020662426113553,nan,nan
32,10,9615,forward,e,-,5112,5112.0,0.0,0.4409952499391656,0.05107402930340321,0.3773988591353705,0.49509995585682154,0.11770109672145102,0.11521010583700424,0.6999896911176052,0.584779585280601,0.5400519488027226,0.06845716974562582,0.3124662232669735,nan,nan
32,11,176287,forward,e,-,17401,17401.0,0.0,0.8397301854917532,0.17549872370335046,0.49913539207988566,0.9977273224112845,0.4985919303313988,0.002972835344965402,0.9999999975559938,0.9970271622110284,-1.5722522205231533,0.31697425599210505,0.8131368127270253,nan,nan
32,12,31323,forward,e,-,1001,1001.0,0.0,0.6430175072612512,0.17086229110343312,0.17110409530488585,0.6641758948164285,0.4930717995115426,0.051860424135324976,0.701082200592771,0.649221776457446,-1.5546899878135219,0.4777285152412552,0.5969721864108161,nan,nan
32,13,156237,forward,e,-,2360,2360.0,0.0,0.9085787896123544,0.1862443334533107,0.39548782311532693,0.9988802448651225,0.6033924217497956,0.0013144685037486037,0.9999999847142538,0.9986855162105052,-2.502270516829795,0.5776939267768523,0.9718672813884314,nan,nan
32,14,168732,forward,e,-,13781,13781.0,0.0,0.9342085288340032,0.15482325647467002,0.5870574320538973,0.9994848862341326,0.4124274541802353,0.0001671890931137829,0.9999999981425329,0.9998328090494192,-2.7611478784877375,0.35557017257239176,0.9424604155331753,nan,nan
32,15,71849,forward,e,-,4669,4666.0,3.0,0.34212047754248975,0.05932258916230328,0.2849037380294894,0.4402979215902386,0.15539418356074924,0.09556496941051823,0.7257047055098821,0.6301397360993639,2.058777936452931,0.09199348237506923,0.3668654311780517,nan,nan
32,16,35338,forward,e,-,1353,1349.0,4.0,0.7521078241180419,0.2128131102572764,0.3244820293991489,0.9952803413676244,0.6707983119684755,0.08097545256986279,0.999999758967776,0.9190243063979132,-0.655314848751234,0.4565068726518269,0.4608375230803239,nan,nan
32,17,49752,forward,e,-,4091,4091.0,0.0,0.47294546351848216,0.06236210742906594,0.3874365046995438,0.5218523410293718,0.134415836329828,0.0946264014349636,0.7006735321850669,0.6060471307501033,-0.8847293803715207,0.07998053239821382,0.3618505137488216,nan,nan
32,18,125038,forward,e,-,14730,14730.0,0.0,0.810626004837369,0.07917218487928597,0.7263389032017006,0.9695822601453291,0.24324335694362853,0.14858154900675377,0.9999342556818411,0.8513527066750873,0.1656688473988322,0.1520925237079424,0.6701219153078711,nan,nan
32,19,28151,forward,e,-,1511,1511.0,0.0,0.4162570453185193,0.17660616912283128,0.2210936533340603,0.8178709041397868,0.5967772508057265,0.09428293306474804,0.9999965191846149,0.9057135861198669,1.0324128960675987,0.42647227467004284,0.6085978897148709,nan,nan
32,20,110896,forward,e,-,1936,1936.0,0.0,0.39108925186944465,0.09275866853880348,0.28349916277011405,0.5130200796448678,0.2295209168747538,0.1749300871705151,0.7038176036858796,0.5288875165153646,1.0171651157223491,0.21633085347187092,0.3122677842782407,nan,nan
32,21,22279,forward,e,-,837,837.0,0.0,0.2947445143883987,0.3823372276455992,0.01456876332024287,0.9626490702366793,0.9480803069164365,0.0006053674970887042,0.9999353848497212,0.9993300173526325,0.1946726389700603,0.8121984655789745,0.8261618614021286,nan,nan
32,22,66366,forward,e,-,884,80.0,804.0,0.13047023165372368,0.24349353726550738,0.10907588012807977,0.6844918011006064,0.5754159209725266,0.10308134813164882,0.692508505953929,0.5894271578222802,0.6962551285115833,nan,nan,nan,nan
32,23,151127,forward,e,-,3687,3687.0,0.0,0.8787845830816287,0.199656701594224,0.31646835415653357,0.9980323776614817,0.681564023504948,0.004732944403399251,0.9999999967431887,0.9952670523397895,-2.3440827769154486,0.62470892256213,0.9364443323152651,nan,nan
32,24,68757,forward,e,-,1657,1657.0,0.0,0.7969348844225884,0.12032193909779783,0.7166898836047735,0.9125624955030641,0.19587261189829064,0.09393560652035103,0.9416817914491904,0.8477461849288394,-3.993557738014626,0.11311031549618088,0.7298248434614636,nan,nan
32,25,117692,forward,e,-,12103,12102.0,1.0,0.6911454430157911,0.14116026623798897,0.5291974840422985,0.9498476231662479,0.42065013912394944,0.0007192626070873285,0.999999926182087,0.9992806635749997,-1.6224068658778787,0.30554077184826967,0.689740824452587,nan,nan
32,26,149482,forward,e,-,7320,7319.0,1.0,0.8737261836596683,0.17519721309961508,0.4513800154459347,0.9980412224417059,0.5466612069957713,0.000599937398841331,0.9999999760915884,0.9994000386927471,-2.4122402874754543,0.49715717085328204,0.9479372489003755,nan,nan
32,27,167957,forward,e,-,2,2.0,0.0,0.7303968877267462,0.00682687271592558,0.7242527022824132,0.7365410731710792,0.012288370888665967,0.7235700150108206,0.7372237604426718,0.01365374543185116,nan,0.012971058160258602,0.01365374543185116,nan,nan
32,28,14797,forward,e,-,923,923.0,0.0,0.6033862494225519,0.22316406189616847,0.17689719180566388,0.9031276908557929,0.726230499050129,0.07425558740802864,0.9998594751901325,0.9256038877821039,-0.2563607980518268,0.4771418867946554,0.573873671128995,nan,nan
32,29,24197,forward,e,-,3808,3808.0,0.0,0.47980119388052245,0.05698368506612276,0.38133642362875664,0.5278962862834284,0.1465598626546718,0.09456188751738724,0.6980192060123513,0.6034573184949641,-0.47351868884878856,0.08795269850950972,0.37104434342278714,nan,nan
32,30,45752,forward,e,-,14799,14796.0,3.0,0.7598856701645976,0.16360179566866134,0.5565836413787999,0.9954743676414164,0.4388907262626165,0.007668268693724633,0.9999999987577085,0.9923317300639839,-1.0509879906261803,0.22240987336646914,0.7699218083356857,nan,nan
32,31,45851,forward,e,-,1048,1047.0,1.0,0.6651838187527914,0.14274893686141366,0.1862978894013106,0.690904249489529,0.5046063600882185,0.09483894450070178,0.7312966127561726,0.6364576682554709,-2.4822975007432144,0.47849507182607376,0.5699540167266827,nan,nan
32,0,144351,forward,w,deg,45542,45540.0,2.0,-21.20631333575696,85.66672028056607,-80.73618943519405,120.8290267158422,201.56521615103625,-149.70446374520648,123.82501259668913,273.5294763418956,0.06945324861893552,177.682221751719,179.99999750566982,338.5131545292996,0.10731214454757665
32,1,23915,forward,w,deg,4584,4583.0,1.0,-0.4304511930864692,4.311938665447316,-6.191108956336433,7.971138001427774,14.162246957764207,-7.380502945036028,15.01403690658367,22.394539851619697,0.5765621676937156,8.339899748868092,15.382798654023986,307.11140421978445,0.9971721660507493
32,2,19832,forward,w,deg,1037,325.0,712.0,-10.518086802227856,64.06285776939303,-121.00785789791215,60.6462861872506,181.65414408516276,-178.62368441650756,172.7200222026304,351.34370661913795,-0.46001638549859325,nan,nan,348.23537738174076,0.5136177420008287
32,3,221195,forward,w,deg,4355,4355.0,0.0,21.328991034011437,55.735526907167674,-69.84367279388123,80.89731085364966,150.74098364753087,-119.54414980294564,119.7984597875028,239.34260959044843,-0.07097720139868643,141.00062931733382,179.90177825118695,16.26348033291489,0.5871810330878403
32,4,57501,forward,w,deg,12952,12952.0,0.0,-21.346506864385134,48.18812676685752,-35.43559491984554,90.94037975820684,126.37597467805239,-146.72310336936502,98.96701295552083,245.69011632488585,0.7045673335491021,120.37720748212628,128.40384067944024,323.83014783427603,0.6925083779079529
32,5,127305,forward,w,deg,3336,3336.0,0.0,57.986833929356294,79.76294857404676,-84.05838141090965,116.30767444047159,200.36605585138125,-84.25499499043576,125.85396911611622,210.10896410655198,0.05630985331916099,171.98079100671157,179.9896190917937,340.88697423787215,0.20426191459916626
32,6,30062,forward,w,deg,489,489.0,0.0,-1.9911281354536925,19.63548891507105,-23.61526104014673,37.063078985990366,60.67834002613709,-34.786339666429,149.84242341095455,184.62876307738355,1.7076390480030084,52.75770983849572,165.53705426345988,25.240280540862802,0.9465300985589131
32,7,8552,forward,w,deg,2732,2732.0,0.0,-3.0689000017063393,12.794720404174427,-6.000164934680484,20.464389678988606,26.46455461366909,-6.400028424835796,71.31269609721352,77.71272452204931,3.8070112230913096,25.494467411414416,76.34277382963933,298.28406212484566,0.9767970389641051
32,8,36833,forward,w,deg,1166,1166.0,0.0,-4.3958059370721685,24.448156384548472,-26.75061685795295,46.54387960333405,73.294496461287,-145.02276881831787,151.0941171997041,296.116886018022,0.5941665176758318,59.25428141594098,157.83244467046723,298.89988675578513,0.9233763339891412
32,9,175498,forward,w,deg,2918,2918.0,0.0,-4.008357314503456,18.619895455567956,-19.095085000575992,35.34667801329389,54.44176301386988,-33.16477783431708,125.67636941328999,158.84114724760707,1.8926880062320797,36.535392154561414,126.86508355455749,23.18936728506819,0.9512614089071249
32,10,9615,forward,w,deg,5112,5112.0,0.0,-1.7125061946996425,13.584757143858626,-6.865738259200759,14.296027308455033,21.16176556765579,-86.35999448615289,157.90979772423879,244.26979221039167,7.157747459676742,17.09632242417407,160.67003991198823,300.1983246710369,0.9792955447949828
32,11,176287,forward,w,deg,17401,17401.0,0.0,-14.94918332673808,67.97366258976025,-33.667694785440915,134.9700150540928,168.63770983953373,-174.96277235502927,177.6231357629735,352.58590811800275,0.8444816144078153,164.8974654211383,179.9933547929014,307.989324435238,0.47413875728556254
32,12,31323,forward,w,deg,1001,1001.0,0.0,-11.149294748073146,37.825290733083,-16.22682057917382,85.23432068902042,101.46114126819424,-171.98308626045517,139.90697686947522,311.89006312993035,0.9681688163346319,100.85607194579723,158.657412176341,308.42922225111533,0.819542618051942
32,13,156237,forward,w,deg,2360,2360.0,0.0,1.8106968285099185,82.9919001882032,-164.57039477621527,43.26114258432721,207.83153736054248,-170.28719540056437,120.34638940349936,290.63358480406373,-0.5215142233508747,166.01925018284433,171.7360508071934,255.19786470332704,0.2783664886012544
32,14,168732,forward,w,deg,13781,13781.0,0.0,-1.5943067038548975,104.75824634451834,-178.05032389252582,178.04662496684512,356.09694885937097,-179.99718078872758,179.98995170671367,359.98713249544124,0.048166389442774335,179.03677744505313,179.9990792453649,266.5367461827059,0.23014633714393826
32,15,71849,forward,w,deg,4669,4666.0,3.0,-3.173505977637774,14.535358166994879,-15.751801471205312,30.710291215145006,46.46209268635032,-38.860302187483285,100.04969588807171,138.909998075555,1.529970613836188,35.751688586917126,105.09109325984389,310.4947483816848,0.9688843848667994
32,16,35338,forward,w,deg,1353,1349.0,4.0,23.9959869774097,70.27462843378434,-113.35037684777298,65.95605630376816,179.30643315154114,-178.13590333143662,174.67172518449001,352.80762851592664,-0.3830101496573274,157.07306802723255,178.01818011416526,25.947428127680542,0.3988298536138558
32,17,49752,forward,w,deg,4091,4091.0,0.0,-0.7849859227704883,17.73393024928343,-18.54820061910891,21.00405910935146,39.55225972846037,-64.68091681797654,151.8128997119802,216.49381652995675,3.489677820794191,28.724949885667144,159.42200286208595,315.5954092442638,0.960426379947961
32,18,125038,forward,w,deg,14730,14730.0,0.0,-3.6394407272736657,12.935778875285372,-8.742987911749282,22.86120189496142,31.604189806710703,-174.98404209752815,176.99108851303924,351.97513061056736,3.2774021432170746,27.99145178551655,177.94359760333958,266.6012863842475,0.9789615994592572
32,19,28151,forward,w,deg,1511,1511.0,0.0,-5.610432884402542,37.3603113112342,-40.4437067377861,82.48432976646691,122.92803650425301,-177.2221602659372,179.56145570956437,356.78361597550156,1.0226832333315063,97.25119080298595,179.73139027238176,333.5001248281681,0.8369802264089466
32,20,110896,forward,w,deg,1936,1936.0,0.0,-0.8795373597633045,19.08511140692258,-36.019253372009416,30.495081299750012,66.51433467175943,-41.197888450432515,163.76366425382605,204.96155270425857,1.4791654850543827,36.2317767146054,167.12490917553316,335.5992514059455,0.9506377104889384
32,21,22279,forward,w,deg,837,837.0,0.0,-7.248928660978834,77.22100135874297,-30.653733056280885,151.91437142759258,182.56810448387347,-164.82201421340793,158.6703045592348,323.49231877264276,0.6809079402752438,160.56339443495585,167.31932756659808,302.7890718258727,0.37824290599216637
32,22,66366,forward,w,deg,884,80.0,804.0,-13.929741485218656,32.35214512290747,-29.726388242281423,52.35609514080558,82.08248338308701,-32.389442104310945,53.810566629309676,86.20000873362062,0.8191542435168047,nan,nan,238.9913861240214,0.8484329823934426
32,23,151127,forward,w,deg,3687,3687.0,0.0,-3.8184010960435444,37.16221365391617,-30.54106060525387,93.1866814704329,123.72774207568676,-179.36419727151167,179.82304708471986,359.18724435623153,1.0111716044579337,99.40723961600064,179.55570873792522,357.25156060428094,0.8478782370024115
32,24,68757,forward,w,deg,1657,1657.0,0.0,-0.29618390367033953,10.590476407521985,-9.700364867463872,11.96697773138179,21.667342598845664,-68.05062172738928,90.42049605445334,158.47111778184262,0.1554272787164541,17.72560350629461,94.94717030678055,314.8685611098173,0.983950478908736
32,25,117692,forward,w,deg,12103,12102.0,1.0,-4.436112393014923,40.104953077944124,-25.70793359013716,131.98332033205781,157.69125392219496,-179.34437476751896,179.91335643442522,359.2577312019442,2.6317912531128678,142.7949461672139,179.77253845884417,284.07513564023185,0.8403299333479187
32,26,149482,forward,w,deg,7320,7319.0,1.0,-9.786818172856385,82.54542747676447,-174.72626598544826,66.82062070212721,241.54688668757547,-179.99104781671173,179.99601472959017,359.9870625463019,-0.4864755148122498,165.47980595371195,179.62392918331454,268.25192692387304,0.4657951703241087
32,27,167957,forward,w,deg,2,2.0,0.0,-2.842170943040401e-14,13.18302478122527,-11.864722303102772,11.864722303102713,23.729444606205483,-13.1830247812253,13.183024781225242,26.36604956245054,nan,25.047747084328012,26.36604956245054,358.3002190806869,0.9736465144449072
32,28,14797,forward,w,deg,923,923.0,0.0,8.211909214394808,48.295339673257665,-122.79490259014511,17.41205060364754,140.20695319379266,-178.37968980676487,179.34593432777058,357.72562413453545,-0.4363367158105245,149.52715173577295,179.7747905194741,86.0890375955362,0.7889155609386402
32,29,24197,forward,w,deg,3808,3808.0,0.0,-3.627317621420616,16.082069052126958,-12.455988948167931,35.6697774015542,48.12576634972213,-61.32386614049585,172.21719974103075,233.5410658815266,3.7851759775959835,41.613636325627645,177.808688041499,305.53854710498956,0.9666347044911415
32,30,45752,forward,w,deg,14799,14796.0,3.0,-9.640135087466064,48.25588635798089,-13.004714150014408,122.21468272394593,135.21939687396033,-147.70424656737336,171.10199770917154,318.80624427654493,1.726557727612308,134.99588873583332,176.1167962789411,299.0110976988846,0.7407723371831726
32,31,45851,forward,w,deg,1048,1047.0,1.0,-7.842974906790118,24.999059721301172,-20.641031423369192,59.51837111508425,80.15940253845343,-69.04115579243506,119.95445862667248,188.99561441910754,1.6950617644366992,70.75012847597142,131.18621598755965,317.0321611275444,0.9136594219460102
36,0,144351,backward,a,km,45608,0.0,45608.0,nan,nan,nan,nan,nan,nan,nan,nan,nan,nan,nan,nan,nan
36,1,22426,backward,a,km,4437,4437.0,0.0,209631.7611441024,3279.4796711597837,204457.94037236826,214438.89052148012,9980.950149111857,202759.82307695845,216408.42825397584,13648.605177017394,-0.08415735718305098,5642.92947401193,7311.167435212468,nan,nan
36,2,23568,backward,a,km,924,924.0,0.0,239189.04519886323,1736.9323189987122,235633.00613491668,240797.70743075502,5164.701295838342,234680.5836513233,241125.0717833503,6444.488132026978,-0.5186685840676322,3640.510738197545,4592.9332217909105,nan,nan
36,3,167952,backward,a,km,2151,0.0,2151.0,nan,nan,nan,nan,nan,nan,nan,nan,nan,nan,nan,nan,nan
36,4,57501,backward,a,km,12856,12856.0,0.0,210574.02367612324,3623.9558509535655,205195.56907582175,216558.0687476957,11362.499671873957,193076.85340608083,218538.0342456014,25461.18083952056,0.03509329577249967,6122.616195564682,18117.7891520783,nan,nan
36,5,51611,backward,a,km,1265,0.0,1265.0,nan,nan,nan,nan,nan,nan,nan,nan,nan,nan,nan,nan,nan
36,6,30062,backward,a,km,484,484.0,0.0,239012.43747586154,2490.445431051098,233846.5091898769,241018.4885376635,7171.979347786604,225611.663036985,241085.72261298014,15474.05957599514,-1.0337299495176095,4788.7599096741205,13023.606062566017,nan,nan
36,7,8156,backward,a,km,2692,2692.0,0.0,214027.2957723284,5253.330382621551,205612.08912377988,222452.9824508313,16840.893327051424,204384.07322285854,227268.78389933836,22884.710676479823,0.02470703592939325,9055.108534390887,13651.140764363518,nan,nan
36,8,36833,backward,a,km,1049,1049.0,0.0,215584.32237222814,9316.888087569534,201889.33852621238,230842.1718322476,28952.83330603523,201557.36928268868,235537.67754293766,33980.308260248974,0.12703203429333043,15697.089636449313,20392.595347139373,nan,nan
36,9,175498,backward,a,km,2784,0.0,2784.0,nan,nan,nan,nan,nan,nan,nan,nan,nan,nan,nan,nan,nan
36,10,14141,backward,a,km,8611,8611.0,0.0,222722.423501105,4143.17361658671,215833.2105502927,229075.50308152824,13242.292531235551,214604.9342253179,235166.0841545898,20561.149929271895,-0.04445735219710441,7145.727335320116,12941.803221514361,nan,nan
36,11,210090,backward,a,km,3056,0.0,3056.0,nan,nan,nan,nan,nan,nan,nan,nan,nan,nan,nan,nan,nan
36,12,31322,backward,a,km,1011,1011.0,0.0,223402.0824277141,5230.180619009746,215197.23604372155,231230.25395103675,16033.017907315196,213970.02855377443,236641.25357464832,22671.225020873884,0.04028574090324238,9753.502280185436,15164.501903797005,nan,nan
36,13,156237,backward,a,km,2361,0.0,2361.0,nan,nan,nan,nan,nan,nan,nan,nan,nan,nan,nan,nan,nan
36,14,169016,backward,a,km,13583,0.0,13583.0,nan,nan,nan,nan,nan,nan,nan,nan,nan,nan,nan,nan,nan
36,15,43359,backward,a,km,2169,2169.0,0.0,199355.61222463739,2212.824842830634,197057.02656752037,203763.74351197065,6706.71694445028,193076.19742837848,204479.9056088811,11403.70818050261,0.4297858331887742,5459.162704513006,6175.324801423441,nan,nan
36,16,35110,backward,a,km,1280,1280.0,0.0,233907.77582092088,3559.677489832917,232012.0786769874,236684.46570279764,4672.387025810225,196651.68864595043,240886.9992718097,44235.310625859274,-7.508327561135639,2980.4176719485376,37437.04176112299,nan,nan
36,17,46767,backward,a,km,998,998.0,0.0,206108.67707051133,4184.139663632163,201304.2246375876,213686.08862620732,12381.863988619705,193064.57318591388,216862.95692411234,23798.383738198463,0.30404156501560603,8955.561753685399,12123.460427466169,nan,nan
36,18,125038,backward,a,km,14677,0.0,14677.0,nan,nan,nan,nan,nan,nan,nan,nan,nan,nan,nan,nan,nan
36,19,28151,backward,a,km,1463,1463.0,0.0,223346.60863858383,4950.177408529936,214235.754564997,230330.10047686045,16094.345911863435,211742.4000928871,235305.51466956985,23563.11457668274,-0.238546371902934,9027.512403292698,13646.320678443037,nan,nan
36,20,109846,backward,a,km,1878,1878.0,0.0,209336.3191643798,5964.02616289255,204637.0785013308,219787.71505371094,15150.636552380136,203312.56957265016,233637.42612410407,30324.856551453908,1.7653655323399358,9624.085857879132,23473.796928272262,nan,nan
36,21,22279,backward,a,km,816,816.0,0.0,235517.9890169438,3965.7259547522767,226864.86091980292,236452.7355193347,9587.874599531788,193730.1529935547,237006.98787960492,43276.83488605023,-5.541609397754503,8628.95192484645,41763.65985109468,nan,nan
36,22,65627,backward,a,km,754,754.0,0.0,230843.21715456172,4014.6538856555644,222841.38028636505,234942.54678598657,12101.166499621526,209704.241824849,236339.93878593136,26635.696961082343,-1.4090569561635202,7791.348877378344,17793.55412291884,nan,nan
36,23,153188,backward,a,km,3577,0.0,3577.0,nan,nan,nan,nan,nan,nan,nan,nan,nan,nan,nan,nan,nan
36,24,68757,backward,a,km,1651,1651.0,0.0,203457.98322122838,1174.9709377748948,202073.22447582515,204422.11704124775,2348.892565422604,193052.52070609113,205285.77420648374,12233.253500392602,-4.4694998609422285,1376.6832754271163,10384.655185257288,nan,nan
36,25,167830,backward,a,km,1819,0.0,1819.0,nan,nan,nan,nan,nan,nan,nan,nan,nan,nan,nan,nan,nan
36,26,148588,backward,a,km,7200,0.0,7200.0,nan,nan,nan,nan,nan,nan,nan,nan,nan,nan,nan,nan,nan
36,27,167957,backward,a,km,2,0.0,2.0,nan,nan,nan,nan,nan,nan,nan,nan,nan,nan,nan,nan,nan
36,28,14797,backward,a,km,918,918.0,0.0,238456.13374879837,1309.7977628725578,236408.28140517502,239883.99993008966,3475.7185249146423,229129.61081924144,241117.27134957447,11987.660530333029,-1.5884057955786974,2210.024974050121,9232.848692912434,nan,nan
36,29,34556,backward,a,km,459,459.0,0.0,212995.56967127547,9275.413223370671,202994.11206702434,231223.86981635145,28229.75774932711,201409.1485489239,235702.69840392916,34293.54985500526,0.4005524704659198,18630.300453507876,23109.129041085573,nan,nan
36,30,45751,backward,a,km,14092,14092.0,0.0,225643.0901393743,4870.322665015489,218015.29416717868,233022.06095007408,15006.7667828954,212913.31409225767,237537.1806014289,24623.866509171232,-0.012988867936853069,9916.67307611079,14430.51022392037,nan,nan
36,31,88569,backward,a,km,2863,2863.0,0.0,198431.91829359476,2508.5585516485567,195781.21835783176,203343.05420549345,7561.835847661685,193088.30211051094,204531.56374610294,11443.261635592004,0.3954113246638358,5845.308257664089,7033.81779827358,nan,nan
36,32,176287,backward,a,km,17501,0.0,17501.0,nan,nan,nan,nan,nan,nan,nan,nan,nan,nan,nan,nan,nan
36,33,117130,backward,a,km,11951,0.0,11951.0,nan,nan,nan,nan,nan,nan,nan,nan,nan,nan,nan,nan,nan
36,34,72822,backward,a,km,1214,1214.0,0.0,227629.42071061034,6669.255719247499,218135.8583058232,240080.22767152355,21944.369365700346,215679.60417734497,240975.8804193274,25296.276241982443,0.2331599180986924,13926.032778960707,14821.685526764573,nan,nan
36,35,51108,backward,a,km,3970,3970.0,0.0,200481.71229555336,1657.6537825532441,198290.65000052055,203769.30304474448,5478.653044223931,193167.70139503328,204535.18601765996,11367.484622626682,0.2953475451432786,4275.859095174499,6327.766148077062,nan,nan
36,0,144351,backward,e,-,45608,0.0,45608.0,nan,nan,nan,nan,nan,nan,nan,nan,nan,nan,nan,nan,nan
36,1,22426,backward,e,-,4437,4437.0,0.0,0.44739567769128447,0.0247186785762202,0.4108308734903173,0.4861714033243545,0.07534052983403716,0.39552904824383295,0.49875024918271166,0.10322120093887871,0.07085220089002829,0.04232831246088614,0.05462145444998062,nan,nan
36,2,23568,backward,e,-,924,924.0,0.0,0.19286426848453037,0.019057723952397923,0.1737433160245693,0.23020504825388824,0.05646173222931894,0.16971737352447916,0.2390341306456251,0.06931675712114593,0.4401657110724597,0.03959681891364798,0.04842590130538485,nan,nan
36,3,167952,backward,e,-,2151,0.0,2151.0,nan,nan,nan,nan,nan,nan,nan,nan,nan,nan,nan,nan,nan
36,4,57501,backward,e,-,12856,12856.0,0.0,0.43999662037690557,0.027547413500811094,0.3940263270112042,0.4804292728257718,0.08640294581456759,0.3783457484827418,0.5703110008196094,0.19196525233686762,-0.05439068729266285,0.0464145348189723,0.13499102681603542,nan,nan
36,5,51611,backward,e,-,1265,0.0,1265.0,nan,nan,nan,nan,nan,nan,nan,nan,nan,nan,nan,nan,nan
36,6,30062,backward,e,-,484,484.0,0.0,0.1944869262341169,0.026328199418832143,0.1709320396669336,0.24751778848072586,0.07658574881379226,0.1700108997958378,0.32069307169031025,0.15068217189447244,0.8339283952868075,0.04990302523447718,0.12307830844406156,nan,nan
36,7,8156,backward,e,-,2692,2692.0,0.0,0.414189439056868,0.04038318076807637,0.348125802920384,0.47758776775314127,0.1294619648327573,0.30663742340029904,0.4867764235864514,0.18013900018615236,-0.06186838300828342,0.06944116245655096,0.11068818751041537,nan,nan
36,8,36833,backward,e,-,1049,1049.0,0.0,0.40184516533642983,0.07345849984354148,0.27626964464190984,0.5051144618133058,0.22884481717139593,0.2316081199446042,0.5075841066797082,0.27597598673510404,-0.20982705630714657,0.12896647204156142,0.1736279967388671,nan,nan
36,9,175498,backward,e,-,2784,0.0,2784.0,nan,nan,nan,nan,nan,nan,nan,nan,nan,nan,nan,nan,nan
36,10,14141,backward,e,-,8611,8611.0,0.0,0.3456606308053344,0.03372191118302848,0.29223428131879714,0.4001110796009733,0.10787679828217617,0.2375971620123465,0.4095666378845623,0.1719694758722158,-0.012893779330627712,0.058039408031495376,0.1120961020178238,nan,nan
36,11,210090,backward,e,-,3056,0.0,3056.0,nan,nan,nan,nan,nan,nan,nan,nan,nan,nan,nan,nan,nan
36,12,31322,backward,e,-,1011,1011.0,0.0,0.3397921268196973,0.04318739015093859,0.2726157962906331,0.4048650140296033,0.1322492177389702,0.22270712441686166,0.4143196413962025,0.1916125169793408,-0.11234408535325018,0.082807318787263,0.13271599066103443,nan,nan
36,13,156237,backward,e,-,2361,0.0,2361.0,nan,nan,nan,nan,nan,nan,nan,nan,nan,nan,nan,nan,nan
36,14,169016,backward,e,-,13583,0.0,13583.0,nan,nan,nan,nan,nan,nan,nan,nan,nan,nan,nan,nan,nan
36,15,43359,backward,e,-,2169,2169.0,0.0,0.5239814289717906,0.01636248417435572,0.4913882426206165,0.5409677386661387,0.0495794960455222,0.48569284519327055,0.5703133050206662,0.08462045982739569,-0.4325638120741625,0.04039125804071257,0.04608665546805851,nan,nan
36,16,35110,backward,e,-,1280,1280.0,0.0,0.2469918079788364,0.02977681980338305,0.2190835255046918,0.26456522959996576,0.04548170409527397,0.17321717623343344,0.5438525635315687,0.3706353872981353,6.68593241607046,0.028949414359855357,0.29872788947899853,nan,nan
36,17,46767,backward,e,-,998,998.0,0.0,0.4737020054062768,0.03145418136172602,0.4164875674035599,0.5094398306604986,0.09295226325693867,0.3913454111223472,0.5704147561273051,0.17906934500495786,-0.3226993205567498,0.06756155251675691,0.09264398632325455,nan,nan
36,18,125038,backward,e,-,14677,0.0,14677.0,nan,nan,nan,nan,nan,nan,nan,nan,nan,nan,nan,nan,nan
36,19,28151,backward,e,-,1463,1463.0,0.0,0.33984365464400634,0.04057316213523722,0.28099648192413496,0.4123038219604748,0.13130734003633987,0.2333426646191569,0.43135721385606235,0.19801454923690545,0.15614699826605327,0.07428839114467886,0.12066209982498335,nan,nan
36,20,109846,backward,e,-,1878,1878.0,0.0,0.4492729881081724,0.047174361829200394,0.3682772008838368,0.4846188973488744,0.11634169646503761,0.24906727348174465,0.49441147415843567,0.24534420067669102,-1.9243937063112189,0.07461502063524308,0.19382494803733527,nan,nan
36,21,22279,backward,e,-,816,816.0,0.0,0.23138139225113435,0.03384354189193018,0.2216475020111898,0.3101580817054782,0.08851057969428841,0.21593972469503336,0.5654637167835049,0.34952399208847157,5.028349994939778,0.07850704635497485,0.3338126814330016,nan,nan
36,22,65627,backward,e,-,754,754.0,0.0,0.27564874989062693,0.03503597751280495,0.23706391175546124,0.34511426003013385,0.10805034827467261,0.22573443184795422,0.4471993284486621,0.2214648966007079,1.2091804582921808,0.06991970186489259,0.1424878252684464,nan,nan
36,23,153188,backward,e,-,3577,0.0,3577.0,nan,nan,nan,nan,nan,nan,nan,nan,nan,nan,nan,nan,nan
36,24,68757,backward,e,-,1651,1651.0,0.0,0.4934523684471919,0.008729671216995695,0.4862465056546559,0.5037426262058748,0.017496120551218963,0.4796914982082088,0.5704977881826699,0.09080628997446116,4.436972360958336,0.010238130583207161,0.07689220556235632,nan,nan
36,25,167830,backward,e,-,1819,0.0,1819.0,nan,nan,nan,nan,nan,nan,nan,nan,nan,nan,nan,nan,nan
36,26,148588,backward,e,-,7200,0.0,7200.0,nan,nan,nan,nan,nan,nan,nan,nan,nan,nan,nan,nan,nan
36,27,167957,backward,e,-,2,0.0,2.0,nan,nan,nan,nan,nan,nan,nan,nan,nan,nan,nan,nan,nan
36,28,14797,backward,e,-,918,918.0,0.0,0.20066246386341163,0.013872689629731927,0.1843511761481103,0.22229685376777614,0.03794567761966583,0.16991249264860656,0.2913900639593804,0.12147757131077383,1.3298544173731832,0.024837509547046943,0.08978221744322906,nan,nan
36,29,34556,backward,e,-,459,459.0,0.0,0.42176077550201524,0.07320151067413677,0.2725654987234614,0.49682402779885215,0.22425852907539073,0.22872297909796435,0.5086743536525744,0.27995137455461006,-0.4711882280802177,0.15229242836355775,0.19613494798905484,nan,nan
36,30,45751,backward,e,-,14092,14092.0,0.0,0.32093881116541056,0.04112837536152207,0.25585521056611843,0.3827214177185809,0.1268662071524625,0.20962931580813512,0.42295430966723885,0.21332499385910372,-0.058362282596898366,0.08607880625849848,0.1323047010164818,nan,nan
36,31,88569,backward,e,-,2863,2863.0,0.0,0.5307959893877969,0.018616252672570385,0.4942430709977602,0.5503527019035136,0.05610963090575338,0.4852904288833956,0.5702432147387427,0.08495278585534716,-0.39850076328685846,0.043381271415028455,0.052333913529393095,nan,nan
36,32,176287,backward,e,-,17501,0.0,17501.0,nan,nan,nan,nan,nan,nan,nan,nan,nan,nan,nan,nan,nan
36,33,117130,backward,e,-,11951,0.0,11951.0,nan,nan,nan,nan,nan,nan,nan,nan,nan,nan,nan,nan,nan
36,34,72822,backward,e,-,1214,1214.0,0.0,0.30388525110432585,0.06004322256985529,0.18166582915290058,0.3813958166886496,0.199729987535749,0.17144301261840666,0.400599130714438,0.2291561180960313,-0.4108139444934166,0.13448001801235682,0.14470283454685073,nan,nan
36,35,51108,backward,e,-,3970,3970.0,0.0,0.515585765979415,0.012279690393520188,0.4912811652274904,0.5318254086305256,0.04054424340303525,0.48528226806734476,0.5696656158767904,0.08438334780944567,-0.2977876427199942,0.03167824631055423,0.04672723506469678,nan,nan
36,0,144351,backward,w,deg,45608,0.0,45608.0,nan,nan,nan,nan,nan,nan,nan,nan,nan,nan,nan,nan,nan
36,1,22426,backward,w,deg,4437,4437.0,0.0,-0.6098488787445717,4.782156886648119,-4.466009366495081,3.8919838314782713,8.357993197973352,-5.182627022768969,23.692434602293957,28.875061625062926,3.005531703267259,5.61076741375716,25.411218184572846,186.74642229040896,0.9965435175011962
36,2,23568,backward,w,deg,924,924.0,0.0,3.1931551005316408,14.472293746822103,-24.362398151589144,17.475413580673553,41.83781173226269,-26.495127870243977,18.638606410989667,45.13373428123364,-0.3750470277058033,34.37456012139783,36.507289840052664,195.03260728931582,0.9683891149579174
36,3,167952,backward,w,deg,2151,0.0,2151.0,nan,nan,nan,nan,nan,nan,nan,nan,nan,nan,nan,nan,nan
36,4,57501,backward,w,deg,12856,12856.0,0.0,-0.0911290961613247,4.846965069944074,-7.2383651344555915,7.977026609650139,15.21539174410573,-29.138167054072227,13.656741064192829,42.794908118265056,-0.08475166971265531,9.8346592938845,27.36191260411823,200.0123605532639,0.9964303696823004
36,5,51611,backward,w,deg,1265,0.0,1265.0,nan,nan,nan,nan,nan,nan,nan,nan,nan,nan,nan,nan,nan
36,6,30062,backward,w,deg,484,484.0,0.0,4.888424658320872,15.116485996674975,-28.147641521908447,16.49071068876021,44.63835221066866,-32.31169761374096,17.861466994119752,50.17316460786071,-0.632445267378812,38.038560439380774,42.202616531213295,199.2695475767053,0.9656051818603033
36,7,8156,backward,w,deg,2692,2692.0,0.0,-0.652404871946004,4.440153043337876,-2.4788520822692717,1.29330726157852,3.7721593438477914,-2.9173182648603984,35.58291798856635,38.50023625342675,5.708171025955818,2.1792479428329163,36.46885866982075,181.09408009194652,0.9970557224572145
36,8,36833,backward,w,deg,1049,1049.0,0.0,-0.4770838151197836,4.989091293367477,-4.08467630426731,10.209280160546854,14.293956464814164,-26.010636696316283,21.676848651467168,47.68748534778345,0.7418977802212836,13.324679781001327,24.414108338350275,194.98667831509033,0.9962357593907113
36,9,175498,backward,w,deg,2784,0.0,2784.0,nan,nan,nan,nan,nan,nan,nan,nan,nan,nan,nan,nan,nan
36,10,14141,backward,w,deg,8611,8611.0,0.0,0.12935163360342017,3.3842026541396466,-5.5201666716199185,5.292961330193506,10.813128001813425,-19.904130874653333,6.979682472543061,26.883813347196394,-0.10511763028737,5.836127122810126,19.708908332104357,187.9858007433545,0.998256750194881
36,11,210090,backward,w,deg,3056,0.0,3056.0,nan,nan,nan,nan,nan,nan,nan,nan,nan,nan,nan,nan,nan
36,12,31322,backward,w,deg,1011,1011.0,0.0,-1.6840332456802685,9.725107117602937,-5.082130114509752,20.08453860215141,25.166668716661164,-29.921045773293798,20.505200421450667,50.426246194744465,0.17022452693300014,21.9710985265164,28.3835999992761,196.83475410193358,0.9857808185555192
36,13,156237,backward,w,deg,2361,0.0,2361.0,nan,nan,nan,nan,nan,nan,nan,nan,nan,nan,nan,nan,nan
36,14,169016,backward,w,deg,13583,0.0,13583.0,nan,nan,nan,nan,nan,nan,nan,nan,nan,nan,nan,nan,nan
36,15,43359,backward,w,deg,2169,2169.0,0.0,-1.8984014242070373,5.747019780048809,-6.352127231842616,12.40215602618801,18.754283258030625,-7.563852283107508,17.047524726178295,24.611377009285803,1.044625453203715,14.115624402557103,18.76099310254739,186.90808891171568,0.9949832466165326
36,16,35110,backward,w,deg,1280,1280.0,0.0,0.1968483607709004,3.8468230163236883,-6.773667314234162,6.941255656630368,13.71492297086453,-36.589416566874945,9.77610099722017,46.365517564095114,-1.6072395793352485,8.461423410058025,37.303866056572815,206.88486806455458,0.9977591888288644
36,17,46767,backward,w,deg,998,998.0,0.0,-3.249203612156066,6.610917424907033,-4.6357562333554,15.650001803876096,20.285758037231496,-20.78078949051445,19.552980130273482,40.33376962078793,1.4500908935396897,19.898788264776318,23.801766591173703,194.50327157194135,0.993373976349609
36,18,125038,backward,w,deg,14677,0.0,14677.0,nan,nan,nan,nan,nan,nan,nan,nan,nan,nan,nan,nan,nan
36,19,28151,backward,w,deg,1463,1463.0,0.0,-5.728794635182226,10.781919362575138,-9.737799646045232,16.42068122380238,26.15848086984761,-33.52252107203364,16.75935342994589,50.28187450197953,0.522382000616532,22.940183202723723,27.049273589196616,200.48156748551332,0.9824028644621293
36,20,109846,backward,w,deg,1878,1878.0,0.0,3.7145671734227363,10.770504529749388,-24.41523055634302,11.058509443117122,35.47373999946014,-25.506736632736903,13.107302069555232,38.614038702292135,-1.0488986577125181,29.979288720610224,31.070794797004112,203.9732485581016,0.9824780004533988
36,21,22279,backward,w,deg,816,816.0,0.0,-0.5055953165172298,4.8464578145005275,-6.229624440924383,11.75929686940355,17.98892131032793,-31.09518888994009,14.194390398831388,45.28957928877148,0.807378094979918,13.464758967799789,29.409376721828323,202.57161354148207,0.9964359018155089
36,22,65627,backward,w,deg,754,754.0,0.0,11.225844838309186,20.048766067705028,-36.1763362579861,12.140133466599826,48.31646972458593,-36.38998258904627,12.347065800081026,48.737048389127295,-1.148374675220027,48.191442018538176,48.405088349598344,203.44524885444025,0.940269890326538
36,23,153188,backward,w,deg,3577,0.0,3577.0,nan,nan,nan,nan,nan,nan,nan,nan,nan,nan,nan,nan,nan
36,24,68757,backward,w,deg,1651,1651.0,0.0,0.010688066665721863,3.180856650277973,-3.900726660049699,4.567561973573348,8.468288633623047,-22.461557187833222,6.751208726889303,29.212765914722524,-1.8062664229344711,6.0444118930223425,21.23683510122774,196.26028846016104,0.9984642457080453
36,25,167830,backward,w,deg,1819,0.0,1819.0,nan,nan,nan,nan,nan,nan,nan,nan,nan,nan,nan,nan,nan
36,26,148588,backward,w,deg,7200,0.0,7200.0,nan,nan,nan,nan,nan,nan,nan,nan,nan,nan,nan,nan,nan
36,27,167957,backward,w,deg,2,0.0,2.0,nan,nan,nan,nan,nan,nan,nan,nan,nan,nan,nan,nan,nan
36,28,14797,backward,w,deg,918,918.0,0.0,2.424270702411903,8.584175609306728,-16.804669594583057,10.66399380579078,27.468663400373835,-28.286492469011193,18.69294442384495,46.97943689285614,-0.9525564097373331,18.824198069666373,30.306020944094513,195.63064991813434,0.9888607895529749
36,29,34556,backward,w,deg,459,459.0,0.0,-3.0401358706463384,9.179257245989106,-8.074968499184715,18.465859584276384,26.5408280834611,-30.55439116711466,19.00263582249451,49.55702698960917,0.5119459594081619,25.277400971151163,25.81417720936929,197.7267163640435,0.9872542655932801
36,30,45751,backward,w,deg,14092,14092.0,0.0,-0.02117379210280035,4.4458303725790485,-6.639873232170641,6.847925539132071,13.48779877130271,-35.85049067607517,14.428725156103809,50.27921583217898,-0.5273372245640312,7.433578877781059,35.745339081206566,203.14317669595266,0.9969987950409291
36,31,88569,backward,w,deg,2863,2863.0,0.0,-0.04983459168425952,6.211610889946518,-10.48372701263953,9.799657557847002,20.283384570486533,-13.352102421894983,12.226665185307155,25.57876760720214,-0.07810284792698113,11.430461011943986,14.29883642119944,193.0164322216391,0.9941353738886523
36,32,176287,backward,w,deg,17501,0.0,17501.0,nan,nan,nan,nan,nan,nan,nan,nan,nan,nan,nan,nan,nan
36,33,117130,backward,w,deg,11951,0.0,11951.0,nan,nan,nan,nan,nan,nan,nan,nan,nan,nan,nan,nan,nan
36,34,72822,backward,w,deg,1214,1214.0,0.0,4.862561645800952,12.7434540159079,-39.81813476737106,7.16176693805251,46.97990170542357,-42.19974220504474,7.433354719910852,49.633096924955595,-2.3771591787786868,46.8194140642929,49.20102150196658,209.18353423125677,0.9760227514054621
36,35,51108,backward,w,deg,3970,3970.0,0.0,-1.0327149761759387,4.90582598622922,-6.484254837426029,9.721833112664592,16.20608795009062,-15.280881005776308,13.150399179408907,28.431280185185216,0.6509610517964136,12.194889169396873,15.622417857983692,190.6884575566998,0.996340370900128
36,0,144351,forward,a,km,45608,45606.0,2.0,193386.24100407236,88570.93802682133,188131.89327688242,364521.5159141908,176389.62263730838,187998.5760196105,4480813.766287021,4292815.190267411,6.852186405787674,175528.85768176508,4291821.108054596,nan,nan
36,1,22426,forward,a,km,4437,4437.0,0.0,204540.15687168046,6580.344240144318,198413.64214005304,218041.9277997458,19628.285659692774,197703.0840563452,219669.69186589596,21966.60780955077,0.5078031783079062,10766.63203247084,12394.396098620986,nan,nan
36,2,23568,forward,a,km,924,105.0,819.0,254022.734798935,2113395.6565046064,188450.8545448203,991305.9807363462,802855.126191526,188375.804803439,18789119.654603433,18600743.849799994,6.949801879450497,nan,nan,nan,nan
36,3,167952,forward,a,km,2151,2151.0,0.0,227722.91611060032,350264.19789944054,207177.63178734056,278322.9313216271,71145.29953428655,188577.4119276811,16453922.652284192,16265345.24035651,46.18070863377681,47240.347218869545,16222840.068181435,nan,nan
36,4,57501,forward,a,km,12856,12856.0,0.0,198328.92532423706,31229.58416589855,188764.3814607637,258537.70128966233,69773.31982889865,188402.7716103915,519281.0088511575,330878.237240766,4.609647141382997,63211.23502816343,323954.5425896586,nan,nan
36,5,51611,forward,a,km,1265,1265.0,0.0,1350310.1417697761,913037.1987509906,200863.28686215304,3162531.0289474167,2961667.7420852636,197260.9785988441,4679542.025910499,4482281.047311654,0.6644294197535513,2345276.3672706895,2348878.6755339983,nan,nan
36,6,30062,forward,a,km,484,484.0,0.0,214088.65834603377,9806.115110610923,201023.5993483566,230295.8053380426,29272.205989686016,190129.87579619684,239637.92668135636,49508.05088515952,0.1406423662954811,16435.731961136153,27209.658085402683,nan,nan
36,7,8156,forward,a,km,2692,2692.0,0.0,222347.91416858754,4331.042772890605,218136.70819873613,226535.74336386722,8399.035165131092,200496.66596701712,290687.84570345504,90191.17973643792,-0.15779019311676284,5425.214377034586,67756.87359364459,nan,nan
36,8,36833,forward,a,km,1049,1049.0,0.0,209387.54122675429,14775.460224049386,206939.6698903338,213222.0853540126,6282.415463678801,202643.50477484212,342290.13382944727,139646.62905460515,7.247978637688126,3891.444935036593,132927.78806076758,nan,nan
36,9,175498,forward,a,km,2784,2784.0,0.0,236483.1694734467,1094419.1573241234,227990.2953973588,240748.97880971804,12758.683412359242,204934.39437342813,21659266.509478975,21454332.115105547,15.112132286619424,13328.451567485354,21418864.459130064,nan,nan
36,10,14141,forward,a,km,8611,8610.0,1.0,203724.40322790958,7082.980573675437,196303.4320579348,217167.5553479311,20864.123289996292,195345.81977728716,280584.76204940403,85238.94227211687,0.8642591412135147,11493.635075558024,74910.84177703096,nan,nan
36,11,210090,forward,a,km,3056,3056.0,0.0,216058.173798651,324886.6280708576,189579.36985215836,989007.9428266884,799428.57297453,188318.3352690733,1139139.3759860804,950821.0407170071,0.61794336555962,570626.9830818921,571888.0176649773,nan,nan
36,12,31322,forward,a,km,1011,1011.0,0.0,210012.1067075604,15499.341719067112,209580.97846472595,240977.92013515974,31396.941670433793,207676.23721559945,342072.9035982871,134396.66638268763,3.291400119546404,31165.295694185887,132260.27915731323,nan,nan
36,13,156237,forward,a,km,2361,2361.0,0.0,194718.42901041068,91566.66978762143,188285.20534805013,278504.94197766803,90219.7366296179,188188.9864256621,3928762.0386776994,3740573.0522520375,29.308960909133543,89085.41159419547,3739342.5082942266,nan,nan
36,14,169016,forward,a,km,13583,13583.0,0.0,193907.0273953624,140683.09748326775,188679.3215458446,231813.91593992972,43134.594394085114,188339.4371717637,7921254.631707217,7732915.194535453,47.671482546759755,39422.268030238185,7728862.983797525,nan,nan
36,15,43359,forward,a,km,2169,2169.0,0.0,220515.15710238664,5655.470198013402,209293.49143499776,227420.83779448355,18127.34635948579,202188.8046506836,290122.6827370288,87933.87808634521,0.3729862730209141,11330.669527398264,69866.58977377479,nan,nan
36,16,35110,forward,a,km,1280,1278.0,2.0,218383.29092714645,433462.3259267298,189579.94090836894,1261233.8920211599,1071653.951112791,189245.15791219994,3634819.2808617484,3445574.1229495485,2.378750276407259,610821.3487225124,2984406.7375631006,nan,nan
36,17,46767,forward,a,km,998,997.0,1.0,209440.893362754,11302.285692603613,208265.45049884758,234326.6834334902,26061.232934642612,206187.63409678248,290545.4691616132,84357.83506483072,4.394919750454676,24998.87742858293,81217.66315670594,nan,nan
36,18,125038,forward,a,km,14677,14677.0,0.0,201588.9760113163,71888.86419758208,190053.08880468644,207750.6081825136,17697.51937782715,188458.06900322306,5879060.795607735,5690602.726604512,59.15538065830227,11227.117456590453,5677853.25937423,nan,nan
36,19,28151,forward,a,km,1463,1463.0,0.0,214007.83444961958,11342.635402031985,200684.12826600432,236312.94331208966,35628.815046085336,189478.0537984315,291060.4679646602,101582.4141662287,0.6998999366905858,22891.25026010209,74203.69944150632,nan,nan
36,20,109846,forward,a,km,1878,1878.0,0.0,215937.4586045376,8919.496071709515,202560.34935749657,229592.99878112154,27032.64942362497,200515.15300148848,240591.37721176303,40076.22421027455,0.16401877264723932,14564.01167720882,25490.62950895395,nan,nan
36,21,22279,forward,a,km,816,816.0,0.0,349857.3245672063,131084.02096872637,192705.00804786303,568024.9622702674,375319.9542224044,189482.7134296974,870325.3668937829,680842.6534640854,0.8270463512861382,363809.6881669742,666110.0927904897,nan,nan
36,22,65627,forward,a,km,754,66.0,688.0,277888.6905242293,31037.209625874,209499.9239498914,284818.3901368925,75318.46618700109,208958.41055224327,286748.0602316734,77789.64967943015,-1.0175722541909569,nan,nan,nan,nan
36,23,153188,forward,a,km,3577,3577.0,0.0,196593.89340461232,230964.99303455465,188350.71030488022,292485.7052446644,104134.99493978417,188188.60761124425,9903671.596219368,9715482.988608124,36.88387112600411,101510.04943103644,9712695.94040574,nan,nan
36,24,68757,forward,a,km,1651,1651.0,0.0,202117.32828644072,12252.113773561367,193968.4286409638,206863.83456441312,12895.405923449318,191900.38951117196,291166.9449285549,99266.55541738292,5.958218940041587,7446.105161169675,90848.35833334265,nan,nan
36,25,167830,forward,a,km,1819,1819.0,0.0,195534.50384486731,720193.2869291276,188440.33889470357,358580.33098137303,170139.99208666946,188330.2529360397,8775147.52614534,8586817.273209302,8.182129923545718,170169.9686185653,8586737.163782533,nan,nan
36,26,148588,forward,a,km,7200,7199.0,1.0,196829.59554488544,178099.8284245598,188407.23502098297,285209.9192389764,96802.6842179934,188239.9341200278,5805939.395762876,5617699.461642848,18.21916156812651,93884.76669030277,5614614.243214202,nan,nan
36,27,167957,forward,a,km,2,2.0,0.0,206129.3612342882,512.6989975289034,205667.9321365122,206590.7903320642,922.8581955520203,205616.6622367593,206642.0602318171,1025.3979950578068,nan,974.1280953049164,1025.3979950578068,nan,nan
36,28,14797,forward,a,km,918,918.0,0.0,653370.1089439034,793386.0490028296,204370.89659902648,2160127.4165642927,1955756.5199652663,189465.6389608437,8837569.012635829,8648103.373674985,3.6466397888510076,1479107.6426458992,8156549.238717436,nan,nan
36,29,34556,forward,a,km,459,459.0,0.0,210428.92817314298,16048.275408143825,207953.83366526602,240193.82964485988,32239.995979593863,206005.95383112482,290701.74559951737,84695.79176839255,2.5832430482852233,29578.314077853414,80086.23003251088,nan,nan
36,30,45751,forward,a,km,14092,14090.0,2.0,208213.4946101174,95033.20166695469,189457.44110486947,230782.74071055787,41325.2996056884,188863.80673978422,1894268.9830253336,1705405.1762855493,9.288732135993696,24650.347605458708,1688136.5899202344,nan,nan
36,31,88569,forward,a,km,2863,2860.0,3.0,225138.97054981868,6470.663938868078,211739.6876208266,230344.57345713847,18604.885836311878,205904.30708631783,290425.8946530084,84521.58756669055,1.207770624415319,13709.684935235722,65813.59990223628,nan,nan
36,32,176287,forward,a,km,17501,17501.0,0.0,202551.54599081876,812023.9808767654,189247.26971245956,255805.05258314376,66557.7828706842,188430.08509725102,76282242.53663798,76093812.45154072,62.53021919747681,52417.467339329305,76078854.95139416,nan,nan
36,33,117130,forward,a,km,11951,11950.0,1.0,211396.64051859346,137957.89938985743,192007.30410871864,236100.59762576237,44093.29351704373,188218.95933743392,5951144.653607789,5762925.694270356,30.26857155074191,24541.209821015746,5738382.344448783,nan,nan
36,34,72822,forward,a,km,1214,1202.0,12.0,202898.52013480713,483199.46422566904,188751.06879694402,1087733.5399265825,898982.4711296385,188375.53043617887,7296020.845171034,7107645.314734856,6.999570846141484,896357.4091687027,7104644.714413155,nan,nan
36,35,51108,forward,a,km,3970,3970.0,0.0,206108.8350525722,7516.796666481851,199874.30660257995,216619.50272712996,16745.196124550013,199228.2887395546,290667.26679682866,91438.97805727404,4.524978739497113,9347.108807247165,83394.87287694585,nan,nan
36,0,144351,forward,e,-,45608,45606.0,2.0,0.9293881746566788,0.2335349538073391,0.23859064956634352,0.9992971695117348,0.7607065199453913,3.7745453292730234e-05,0.9999999999764257,0.999962254523133,-1.943548305523456,0.7381050453794198,0.9766579494924705,nan,nan
36,1,22426,forward,e,-,4437,4437.0,0.0,0.48534300763447175,0.04948302420036059,0.3829562698777794,0.5309104545876758,0.1479541847098964,0.3702257676911781,0.5361603402019792,0.16593457251080113,-0.5260502232735538,0.08220055905090747,0.09493106123750877,nan,nan
36,2,23568,forward,e,-,924,105.0,819.0,0.579541088654104,0.2405003445790706,0.3771305001722011,0.9991190222496142,0.6219885220774131,0.36158738938684937,0.9999986823448612,0.6384112929580119,0.22038805943433895,nan,nan,nan,nan
36,3,167952,forward,e,-,2151,2151.0,0.0,0.5929572501053425,0.2401362117502729,0.12408073148957147,0.7438179707951631,0.6197372393055917,0.09023827665945464,0.9998966323946951,0.9096583557352405,-0.05241104784397226,0.46793561557352564,0.7240142771730577,nan,nan
36,4,57501,forward,e,-,12856,12856.0,0.0,0.8699784342271057,0.17653821606694023,0.4761584925905912,0.9982906467917473,0.5221321542011561,1.8871492630350324e-05,0.9999999977253894,0.999981126232759,-2.254755470905946,0.4241994675545804,0.9003390886525412,nan,nan
36,5,51611,forward,e,-,1265,1265.0,0.0,0.754203373520215,0.08574599458635712,0.5931027724923117,0.8621849261735802,0.26908215368126853,0.5052535178781875,0.9068974130035985,0.401643895125411,-0.25624935077315736,0.2349449633931266,0.32279421800725083,nan,nan
36,6,30062,forward,e,-,484,484.0,0.0,0.41342443563493264,0.10361127226678209,0.28124956049847655,0.5128253877913272,0.2315758272928507,0.18944846771352583,0.98827472009377,0.7988262523802442,1.8668738423748532,0.12521439579075852,0.6000288369583611,nan,nan
36,7,8156,forward,e,-,2692,2692.0,0.0,0.3488717632184253,0.03379104910284099,0.3142386807556171,0.38245427066146037,0.06821558990584325,0.09457712793416218,0.6366377307159241,0.5420606027817619,1.3377152815620326,0.043291860154711745,0.29253009323058393,nan,nan
36,8,36833,forward,e,-,1049,1049.0,0.0,0.6788535897054406,0.08829101937699549,0.632428434435349,0.7157538005160013,0.08332536608065233,0.06891838146899561,0.8399006845297957,0.7709823030608001,-5.624858807973878,0.04731913349772055,0.609935208236445,nan,nan
36,9,175498,forward,e,-,2784,2784.0,0.0,0.22199395561668908,0.07987745841119702,0.17472721459944687,0.30241297509263193,0.12768576049318506,0.09280181752639455,0.9799570656874331,0.8871552481610385,5.533926056939732,0.12452215201655409,0.8020662426113553,nan,nan
36,10,14141,forward,e,-,8611,8610.0,1.0,0.4916686261159886,0.05245620316820443,0.38995758360450367,0.5465480732782125,0.15659048967370887,0.11623559970810658,0.6971690834915624,0.5809334837834558,-0.557942231993524,0.08727815736787997,0.36094942010348574,nan,nan
36,11,210090,forward,e,-,3056,3056.0,0.0,0.6411492095769666,0.21516581506868698,0.38553362217918546,0.9911365617093927,0.6056029395302072,0.006136354059061621,0.9999999861717173,0.9938636321126556,-0.11671312708322917,0.5970172674344625,0.6058806918967871,nan,nan
36,12,31322,forward,e,-,1011,1011.0,0.0,0.6428460466567554,0.17320436547470672,0.17142127216842373,0.663044011492798,0.4916227393243743,0.0752200504805888,0.701082200592771,0.6258621501121823,-1.4352117834048774,0.4783004129077715,0.5745016345956064,nan,nan
36,13,156237,forward,e,-,2361,2361.0,0.0,0.9084953570957659,0.1862096222365555,0.39563640975537684,0.9988799911324365,0.6032435813770597,0.0013144685037486037,0.9999999847142538,0.9986855162105052,-2.5021859995879017,0.5775453401368031,0.9718672813884314,nan,nan
36,14,169016,forward,e,-,13583,13583.0,0.0,0.9347889084061,0.15203735728504267,0.6021196853771481,0.9994956440278592,0.39737595865071107,0.07995581710975462,0.9999999981425329,0.9200441810327783,-2.793112109565601,0.34087107828911983,0.8630349465565135,nan,nan
36,15,43359,forward,e,-,2169,2169.0,0.0,0.3633195548474548,0.04715026651158095,0.3066194122494755,0.4496643590518678,0.14304494680239233,0.0956069990339061,0.7008358499523073,0.6052288509184012,1.2630461342767665,0.08731497352040353,0.3354674391531631,nan,nan
36,16,35110,forward,e,-,1280,1278.0,2.0,0.7336654985216429,0.22520065985433121,0.3158480352611541,0.9960360794002506,0.6801880441390965,0.07149271339993683,0.999999758967776,0.9285070455678393,-0.6702550819656339,0.6030768296753676,0.607040509242893,nan,nan
36,17,46767,forward,e,-,998,997.0,1.0,0.6651704486462721,0.14350596834977308,0.24239082808620008,0.6907495397049358,0.44835871161873575,0.09483894450070178,0.7287331322777189,0.6338941877770171,-2.364329527316432,0.4245259126815158,0.5720777962670142,nan,nan
36,18,125038,forward,e,-,14677,14677.0,0.0,0.8112959843701092,0.07870299134275283,0.7267551938867453,0.9697506766267201,0.24299548273997484,0.28330966790711287,0.9988950288580705,0.7155853609509576,0.2433347835141028,0.1520737522614705,0.5353937964075121,nan,nan
36,19,28151,forward,e,-,1463,1463.0,0.0,0.41405146160963785,0.17592744561953103,0.22245541211586875,0.822289912979333,0.5998345008634642,0.09428293306474804,0.9999965191846149,0.9057135861198669,1.1213833984263835,0.43089128350958894,0.6085978897148709,nan,nan
36,20,109846,forward,e,-,1878,1878.0,0.0,0.39917585415024937,0.0889484605260918,0.2873077022970924,0.512962074100279,0.22565437180318665,0.175315258857519,0.7038176036858796,0.5285023448283607,0.7860841862660386,0.19023283519070497,0.29816650216273377,nan,nan
36,21,22279,forward,e,-,816,816.0,0.0,0.28708405797979664,0.38553643704659596,0.014518857245614518,0.9567461970731597,0.9422273398275451,0.0006053674970887042,0.9999353848497212,0.9993300173526325,0.1835998707791087,0.8122483716536028,0.8261618614021286,nan,nan
36,22,65627,forward,e,-,754,66.0,688.0,0.12545688602005103,0.24586105006365983,0.10758486135409122,0.685705866021822,0.5781210046677309,0.10308134813164882,0.692508505953929,0.5894271578222802,1.0437420943637834,nan,nan,nan,nan
36,23,153188,forward,e,-,3577,3577.0,0.0,0.8780067926156987,0.2003094518341694,0.309698070560376,0.9980048454930524,0.6883067749326763,0.004732944403399251,0.9999999967431887,0.9952670523397895,-2.3382078848469594,0.6390449628212626,0.9440100889782393,nan,nan
36,24,68757,forward,e,-,1651,1651.0,0.0,0.7971265082739688,0.1175473614712331,0.718967598541109,0.9125785017495519,0.19361090320844287,0.09393560652035103,0.9416817914491904,0.8477461849288394,-4.061121717052918,0.11099591005065318,0.7298248434614636,nan,nan
36,25,167830,forward,e,-,1819,1819.0,0.0,0.9056520889381278,0.21497887764463347,0.2701106902354332,0.9989395781294779,0.7288288878940447,0.0001671890931137829,0.9999999261774133,0.9998327370842995,-2.123928805602074,0.7256243041989883,0.9955678053413077,nan,nan
36,26,148588,forward,e,-,7200,7199.0,1.0,0.875145039157724,0.17240435275560956,0.44909539297319107,0.9979687113098603,0.5488733183366692,0.000599937398841331,0.9999999760915884,0.9994000386927471,-2.545577098481316,0.49615454487894683,0.9446500004532966,nan,nan
36,27,167957,forward,e,-,2,2.0,0.0,0.7303968877267462,0.00682687271592558,0.7242527022824132,0.7365410731710792,0.012288370888665967,0.7235700150108206,0.7372237604426718,0.01365374543185116,nan,0.012971058160258602,0.01365374543185116,nan,nan
36,28,14797,forward,e,-,918,918.0,0.0,0.6009566266106439,0.2233470900955105,0.17641766847999887,0.9035441329668621,0.7271264644868632,0.07425558740802864,0.9998594751901325,0.9256038877821039,-0.2479445530248718,0.4775583289057246,0.573873671128995,nan,nan
36,29,34556,forward,e,-,459,459.0,0.0,0.6447119239100675,0.19148434640559236,0.18240390833847822,0.6960035138338918,0.5135996054954136,0.09456188751738724,0.7312966127561726,0.6367347252387854,-1.2796163058381875,0.4549386281482723,0.5427806489693633,nan,nan
36,30,45751,forward,e,-,14092,14090.0,2.0,0.7610955800570574,0.15602169724399897,0.5962020514342109,0.9954682851995261,0.3992662337653152,0.04519834316736965,0.9999999997858843,0.9548016566185147,-0.9882276944331357,0.22004058014897007,0.7343837808800662,nan,nan
36,31,88569,forward,e,-,2863,2860.0,3.0,0.32551744979314345,0.06711734072673148,0.2808990433307812,0.43090861982060263,0.15000957648982144,0.0950633224314452,0.7269458150388706,0.6318824926074254,2.7323925989036244,0.10922791216994203,0.396989081577692,nan,nan
36,32,176287,forward,e,-,17501,17501.0,0.0,0.8393476353162851,0.17532691506128337,0.5011596694043958,0.9977684031691352,0.49660873376473935,0.002972835344965402,0.9999999975559938,0.9970271622110284,-1.5680051216235322,0.3149499786675949,0.8131368127270253,nan,nan
36,33,117130,forward,e,-,11951,11950.0,1.0,0.6914954755374212,0.13763302259018892,0.5840996377524014,0.9465689275580086,0.3624692898056072,0.0007192626070873285,0.9999997580915029,0.9992804954844156,-1.6293365357929954,0.30341268337858457,0.6899823047649367,nan,nan
36,34,72822,forward,e,-,1214,1202.0,12.0,0.8020802625056356,0.25272197548764225,0.18310074279217664,0.9956440335862574,0.8125432907940808,0.007668268693724633,0.9999999987577085,0.9923317300639839,-0.8825496877796436,0.7641825175620705,0.9396149916605224,nan,nan
36,35,51108,forward,e,-,3970,3970.0,0.0,0.47674768711393745,0.05599888052322365,0.3939681141279735,0.5213429309494649,0.12737481682149143,0.0946264014349636,0.7006735321850669,0.6060471307501033,-1.2499644028871966,0.07769960009207091,0.3705012380088256,nan,nan
36,0,144351,forward,w,deg,45608,45606.0,2.0,-20.875813620449293,85.61279637567546,-80.73340785177064,120.82646471461948,201.5598725663901,-150.63282078745897,123.82754544531997,274.46036623277894,0.07023014045548971,177.68104241451977,179.99999750566982,338.5106216806688,0.10854083398982964
36,1,22426,forward,w,deg,4437,4437.0,0.0,-2.0831595604215067,11.295399941128935,-11.67063774452048,15.663608885703617,27.334246630224097,-12.318867918562376,48.11695441855289,60.43582233711527,1.899709585744849,21.01607778399879,53.469423316848065,304.6310198798188,0.9810416299524944
36,2,23568,forward,w,deg,924,105.0,819.0,19.168820064707802,56.20249009775838,-64.99153548877796,115.0335985915491,180.02513408032706,-74.74147310792887,127.04334056334676,201.78481367127563,0.5173362855227229,nan,nan,284.91590932849533,0.6040862005474393
36,3,167952,forward,w,deg,2151,2151.0,0.0,7.73084299397658,54.531834352835496,-76.98720035359008,74.09929092888491,151.08649128247498,-84.20745223049124,111.8800606221198,196.08751285261104,-0.07776310404123954,153.99020921891685,161.210461095818,24.181879498297835,0.5969720355237436
36,4,57501,forward,w,deg,12856,12856.0,0.0,-21.086341202844864,48.33016386254484,-34.85964087832316,91.65681868477436,126.51645956309753,-142.9285832542385,99.64910028222334,242.57768353646185,0.733247507790008,120.4115590819913,128.40384067944024,323.1480605075735,0.6911858873142853
36,5,51611,forward,w,deg,1265,1265.0,0.0,5.0776119590722715,59.27547397923117,-133.12855246486475,41.118983584921274,174.24753604978602,-141.87222389159842,55.93459969525588,197.8068235868543,-1.188547623218576,164.44820455747046,173.19187598420416,41.71458778127359,0.6064286963012793
36,6,30062,forward,w,deg,484,484.0,0.0,-1.956358845990124,19.520878209440053,-23.28595260617364,37.07701811384748,60.362970720021124,-34.58189201930338,149.6211059895619,184.20299800886528,1.7563393752840244,52.99296638774549,165.53705426345988,25.46159796225547,0.947196549966702
36,7,8156,forward,w,deg,2692,2692.0,0.0,-2.1533437261690835,9.785281244859956,-4.959576227820645,5.660276375730609,10.619852603551255,-5.0822379560381705,72.35760167616837,77.43983963220654,4.83140236280289,9.653423354640813,76.35074865507858,297.2391565458908,0.9864021507232594
36,8,36833,forward,w,deg,1049,1049.0,0.0,-4.960113037950634,15.915140954859739,-9.298270872618536,37.38535251613016,46.6836233887487,-71.24492772572785,80.21447692443991,151.45940465016776,1.1997964990264303,48.338848079788185,87.76717399347473,299.7142563540569,0.9633852345809409
36,9,175498,forward,w,deg,2784,2784.0,0.0,-3.172959972533434,16.678415975120295,-17.49560150147054,29.747340821479092,47.24294232294963,-31.470261094269972,127.37088615333704,158.841147247607,2.203696474500187,29.3294263300495,126.86508355455749,21.494850545021105,0.9612358120924068
36,10,14141,forward,w,deg,8611,8610.0,1.0,-0.7130706673571581,6.926079090941818,-8.927837176974586,11.37351711876814,20.301354295742726,-10.564732686082664,115.3654315670517,125.93016425313436,3.26294594200081,15.54491640379492,119.53683085207848,303.31185763474195,0.9930643862995668
36,11,210090,forward,w,deg,3056,3056.0,0.0,37.15244060476019,59.02322823467862,-105.1532667457231,83.21787350928753,188.37114025501063,-106.13436934255952,123.54797649033083,229.68234583289035,-0.2880806402298652,149.03204029239583,150.01314288923226,2.776134397480074,0.5485260274521553
36,12,31322,forward,w,deg,1011,1011.0,0.0,-12.594040110470928,37.39878243364668,-17.581312542695002,81.51044186814667,99.09175441084167,-152.73030485175948,138.40699147255657,291.137296324316,0.8827815676710662,98.70353087888304,153.51334966681827,309.9292076480339,0.8191829226090074
36,13,156237,forward,w,deg,2361,2361.0,0.0,1.7284947930462522,83.01271540417017,-164.65391306145045,43.35377941649864,208.0076924779491,-170.37124784947594,120.2623369545878,290.63358480406373,-0.5214120899128034,166.01871601916793,171.7360508071934,255.28191715223863,0.27836131981355
36,14,169016,forward,w,deg,13583,13583.0,0.0,-1.6732035679397654,105.08620931819482,-178.065366014514,178.06265988918884,356.12802590370285,-179.99426370955265,179.99874012309226,359.99300383264494,0.04009827673582403,179.0245440267998,179.99964623234473,266.8657492024993,0.23900632733316604
36,15,43359,forward,w,deg,2169,2169.0,0.0,-4.418429989456058,11.531447266420736,-9.45987586623471,25.22388934685101,34.68376521308572,-31.63481689357036,61.90005648818385,93.53487338175421,1.9654536188360383,30.519281514712915,67.19544865604576,303.2692630877719,0.9802322934880378
36,16,35110,forward,w,deg,1280,1278.0,2.0,24.164955381235956,71.79232567728171,-113.68069907223459,65.92530593617418,179.60600500840877,-178.22851569065597,167.93516260763192,346.1636782982879,-0.34879128282605587,159.4329133930197,179.7442873191643,26.04004048689992,0.3650241048636692
36,17,46767,forward,w,deg,998,997.0,1.0,-8.130346504134593,24.187116750767846,-20.55985538195415,57.78436190120374,78.34421728315789,-69.21267288229643,95.99096494149296,165.2036378237894,1.5225165687013433,68.82298924053902,107.02959228082824,317.20367821740575,0.9175614147427924
36,18,125038,forward,w,deg,14677,14677.0,0.0,-3.6048130299955687,12.000653004179213,-8.648432447733626,22.509762418103904,31.15819486583753,-171.45276577715333,177.06663175908898,348.5193975362423,3.760078029055563,27.520413191299834,177.94359760333958,266.52574313819775,0.9809170099122448
36,19,28151,forward,w,deg,1463,1463.0,0.0,-5.7503639020102355,36.31713178780058,-40.90294875028527,82.11150199056883,123.0144507408541,-177.77968644706914,179.00392952843242,356.78361597550156,1.1405441818250521,96.68083503184177,179.73139027238176,334.05765100930006,0.8432657040972696
36,20,109846,forward,w,deg,1878,1878.0,0.0,-0.01727069947261839,18.857932515052745,-37.59109684575438,29.784568651354395,67.37566549710877,-41.11903223789972,163.8425204663589,204.96155270425862,0.32851174412678047,37.66977448988684,164.4459172418252,335.5203951934127,0.9490706518156719
36,21,22279,forward,w,deg,816,816.0,0.0,-4.396057437068379,78.00607003700095,-27.619385705475523,154.9678115708661,182.5871972763416,-161.7766502779485,161.71566849469423,323.49231877264276,0.6977141376031291,160.57147064276995,167.31932756659808,299.7437078904133,0.37666106648956765
36,22,65627,forward,w,deg,754,66.0,688.0,-13.127764727738736,31.271623590346422,-28.05259517891288,51.90486007004803,79.95745524896091,-29.926888004436393,52.835876162258444,82.76276416669484,0.8952630828607102,nan,nan,238.84469425111723,0.8584224672491696
36,23,153188,forward,w,deg,3577,3577.0,0.0,-3.566834599516767,36.07199284839336,-29.80987520180603,88.77742565633054,118.58730085813656,-179.19822397069254,179.989020385539,359.18724435623153,1.066593999362354,94.98964167213374,178.7959108119601,357.0855873034618,0.8575279178306687
36,24,68757,forward,w,deg,1651,1651.0,0.0,-0.2886895980334998,10.46084696630211,-9.637897144380844,11.967670460269716,21.60556760465056,-67.9948524047046,90.47626537713802,158.47111778184262,0.0939486127111225,17.540642115644374,94.94717030678055,314.8127917871326,0.984350464166876
36,25,167830,forward,w,deg,1819,1819.0,0.0,8.089552352299677,86.12275632765,-161.32893111327664,54.014325339122024,215.34325645239866,-165.12124081058096,154.72025661131534,319.8414974218963,-0.30731609307771435,170.7010299072277,174.49333960453203,248.89907496076472,0.21683324482774088
36,26,148588,forward,w,deg,7200,7199.0,1.0,-9.02620407210776,80.0320303594983,-174.45509128137925,53.564138137913496,228.01922941929274,-179.99189004554722,179.98322251809594,359.97511256364317,-0.6490002089293633,165.5881785261081,179.55933651385737,267.27475956385274,0.4812383145510412
36,27,167957,forward,w,deg,2,2.0,0.0,-2.842170943040401e-14,13.18302478122527,-11.864722303102772,11.864722303102713,23.729444606205483,-13.1830247812253,13.183024781225242,26.36604956245054,nan,25.047747084328012,26.36604956245054,358.3002190806869,0.9736465144449072
36,28,14797,forward,w,deg,918,918.0,0.0,8.16230049800231,47.149210579109024,-133.14130399453916,16.709209548059423,149.85051354259858,-178.42752329097584,179.2981008435596,357.72562413453545,-0.636493549661573,149.7577964180244,179.7747905194741,86.13687107974715,0.7968196716995657
36,29,34556,forward,w,deg,459,459.0,0.0,-8.893223034692369,55.35522324727778,-41.285652365471904,106.14746086559376,147.43311323106565,-123.48555990267454,167.74812592029036,291.2336858229649,0.8177510580089173,138.8636710435611,179.12915977537176,333.43216976178155,0.6261777533782457
36,30,45751,forward,w,deg,14092,14090.0,2.0,-7.926278518560139,46.957760880367715,-11.153410242352223,124.2039132648638,135.35732350721602,-80.58697639655131,154.35333106906842,234.94030746561972,1.9837903360695712,135.12071668139987,165.2701344856045,297.19301362973516,0.7617170430374733
36,31,88569,forward,w,deg,2863,2860.0,3.0,-2.867400073843754,14.522284831495982,-15.687265569738505,30.661047038745984,46.34831260848449,-47.679968725761455,94.02093429393767,141.70090301969913,1.5746623507182227,36.5318113494925,99.88412435933213,316.52350997581885,0.9689566945005336
36,32,176287,forward,w,deg,17501,17501.0,0.0,-14.973801098078752,68.17979453127383,-33.76898107476012,135.10090176933522,168.86988284409534,-175.08243861221538,177.5034695057874,352.58590811800275,0.8373360268809245,165.12747943947193,179.9933547929014,308.10899069242413,0.4709112064693454
36,33,117130,forward,w,deg,11951,11950.0,1.0,-4.253781428822464,38.57265908783094,-25.300507645008928,130.96641401208123,156.26692165709017,-178.97745145042262,178.84122748457884,357.81867893500146,2.746778207610414,141.44844248346462,179.72601647984345,283.7082123231355,0.8520573092972358
36,34,72822,forward,w,deg,1214,1202.0,12.0,0.395581219928431,60.1832558751931,-131.44177674282835,54.53007923121405,185.9718559740424,-179.76783978853697,179.1543873194222,358.9222271079592,-0.5759096908812437,142.6637835479158,176.76251674494063,357.9526571454888,0.6117540414057101
36,35,51108,forward,w,deg,3970,3970.0,0.0,-0.6176481866988865,15.632618255076872,-18.084164097556695,20.573675807500226,38.65783990505692,-62.71542043432484,148.19976163383387,210.9151820681587,3.07750112969433,26.82300574923009,154.39265788242432,315.64963843573,0.9677135613038031
41,0,144351,backward,a,km,45608,0.0,45608.0,nan,nan,nan,nan,nan,nan,nan,nan,nan,nan,nan,nan,nan
41,1,22426,backward,a,km,4427,4427.0,0.0,209614.37353874178,3275.6137723745564,204456.0674936321,214433.50670335666,9977.439209724573,202759.82307695845,216408.42825397584,13648.605177017394,-0.08385828308113594,5642.054989428905,7311.167435212468,nan,nan
41,2,24011,backward,a,km,832,832.0,0.0,238948.28364074678,1773.5051303430598,235508.77021382822,240775.1641860136,5266.393972185382,234826.5462473232,240887.13012143958,6060.58387411639,-0.41410800053201346,3671.053969669718,4353.277936174738,nan,nan
41,3,167952,backward,a,km,2141,0.0,2141.0,nan,nan,nan,nan,nan,nan,nan,nan,nan,nan,nan,nan,nan
41,4,48782,backward,a,km,6034,6034.0,0.0,210921.49541621524,4062.6543457717967,204971.10861897847,217544.71705038307,12573.608431404602,204471.997323538,219270.45584726302,14798.458523725014,0.09838892900887809,6866.575620879766,7517.34861658662,nan,nan
41,5,51611,backward,a,km,1255,0.0,1255.0,nan,nan,nan,nan,nan,nan,nan,nan,nan,nan,nan,nan,nan
41,6,35310,backward,a,km,324,324.0,0.0,237430.10853207693,5047.474682542919,225211.2287035276,241027.49217594202,15816.26347241443,221252.7268586448,241085.72261298014,19832.995754335338,-0.9991413122391714,12422.842181208218,16381.344026091014,nan,nan
41,7,28151,backward,a,km,1477,1477.0,0.0,223208.94699492486,4864.043886742239,214140.08525580808,230162.92012875178,16022.834872943698,210871.0534367614,232773.9144394497,21902.861002688296,-0.3104269940180213,9017.439474770177,11114.720448322885,nan,nan
41,8,40315,backward,a,km,899,899.0,0.0,211450.48892956457,7649.213345021445,201752.02042515422,224639.1193289298,22887.098903775593,193116.96626675624,228741.80603539565,35624.83976863942,0.19019121520149906,14789.30204796409,18803.58901029543,nan,nan
41,9,175498,backward,a,km,2764,0.0,2764.0,nan,nan,nan,nan,nan,nan,nan,nan,nan,nan,nan,nan,nan
41,10,14141,backward,a,km,8568,8568.0,0.0,222728.72097752508,4139.61066193503,215830.91014086493,229066.87163199057,13235.961491125636,214604.9342253179,231002.72320671633,16397.788981398422,-0.050564260593317485,7145.315887645376,8778.442273640889,nan,nan
41,11,210090,backward,a,km,3039,0.0,3039.0,nan,nan,nan,nan,nan,nan,nan,nan,nan,nan,nan,nan,nan
41,12,31323,backward,a,km,851,851.0,0.0,223104.3259849308,5239.63646079138,214427.96849650482,230858.5689503919,16430.600453887077,211654.70165282194,236243.05500202722,24588.35334920528,-0.09380034728704942,9582.670000907703,14941.261231586104,nan,nan
41,13,156237,backward,a,km,2361,0.0,2361.0,nan,nan,nan,nan,nan,nan,nan,nan,nan,nan,nan,nan,nan
41,14,165903,backward,a,km,8837,0.0,8837.0,nan,nan,nan,nan,nan,nan,nan,nan,nan,nan,nan,nan,nan
41,15,43359,backward,a,km,2143,2143.0,0.0,199311.20818815404,2188.660068532235,197050.0254948628,203720.06381596555,6670.0383211027365,193076.19742837848,204439.70903453688,11363.511606158398,0.44957041632290434,5415.483008507909,6135.128227079229,nan,nan
41,16,50026,backward,a,km,1254,1254.0,0.0,229058.35292181483,4265.254634797225,220560.31428961296,234911.51144954204,14351.197159929085,213489.13434544232,235537.67754293766,22048.54319749534,-0.4087173804511145,9252.053674258561,16323.233618429193,nan,nan
41,17,61172,backward,a,km,452,452.0,0.0,201816.05050672722,1531.096271746038,201056.1727742421,204304.51794073166,3248.3451664895692,193064.57318591388,208778.86474888667,15714.291562972794,-0.9747770578836249,2781.4111562373146,8562.80395238733,nan,nan
41,18,120454,backward,a,km,12566,0.0,12566.0,nan,nan,nan,nan,nan,nan,nan,nan,nan,nan,nan,nan,nan
41,19,32794,backward,a,km,303,303.0,0.0,238361.1117065679,2426.5236758465644,233721.5468546255,240988.94061009883,7267.393755473313,232642.04805865686,241041.67889637285,8399.630837715988,-0.3818685814189507,4348.928300967963,5428.427096936619,nan,nan
41,20,110558,backward,a,km,1907,1907.0,0.0,208476.0279037965,5732.687871490184,204365.196976551,218941.61962517467,14576.422648623673,202591.05632063546,232899.43322680116,30308.376906165708,1.8136971860155315,10621.230621573806,24579.044223200297,nan,nan
41,21,22279,backward,a,km,803,803.0,0.0,235527.97305625572,2813.3164582557724,228792.53467602943,236457.98830978098,7665.453633751546,210930.0618654633,237006.98787960492,26076.926014141616,-3.8197066569482447,6701.27816861994,24563.750979186065,nan,nan
41,22,65627,backward,a,km,743,743.0,0.0,230768.23117276776,3812.7570509040825,223272.78021911223,234819.4060881657,11546.625869053474,210622.97161221624,236067.34883205514,25444.377219838905,-1.2643937693634908,7606.162853001198,16874.824335551617,nan,nan
41,23,153188,backward,a,km,3577,0.0,3577.0,nan,nan,nan,nan,nan,nan,nan,nan,nan,nan,nan,nan,nan
41,24,69136,backward,a,km,1600,1600.0,0.0,203459.1679136756,1026.273537423204,202076.72104429165,204408.97835039234,2332.257306100684,193052.52070609113,204528.55215177848,11476.031445687346,-4.244369803979953,1274.449346082528,10298.649684283038,nan,nan
41,25,167830,backward,a,km,1814,0.0,1814.0,nan,nan,nan,nan,nan,nan,nan,nan,nan,nan,nan,nan,nan
41,26,148588,backward,a,km,7200,0.0,7200.0,nan,nan,nan,nan,nan,nan,nan,nan,nan,nan,nan,nan,nan
41,27,167957,backward,a,km,2,0.0,2.0,nan,nan,nan,nan,nan,nan,nan,nan,nan,nan,nan,nan,nan
41,28,14797,backward,a,km,846,846.0,0.0,238461.4778943027,1224.8367208821512,236425.55387577583,239575.41672435444,3149.862848578603,230330.48290942452,240991.0145124345,10660.531603009993,-1.1852795165978431,2155.9855310386556,8031.976602729352,nan,nan
41,29,32944,backward,a,km,457,457.0,0.0,215282.25615188226,9328.240741766545,203775.2495150527,231412.6363836398,27637.386868587084,202615.5525682319,236483.66589137627,33868.11332314435,0.2520683283625444,15659.013764233474,20730.043271969946,nan,nan
41,30,45291,backward,a,km,13142,13142.0,0.0,225808.89417409746,4592.611495678085,218684.67593056997,232900.403457019,14215.727526449045,212638.55597988612,234943.48293659065,22304.926956704527,-0.01013336028347109,9460.947571106188,11503.523117155739,nan,nan
41,31,88569,backward,a,km,2774,2774.0,0.0,198271.18054815623,2475.483618532527,195778.91030756003,203338.30398288046,7559.3936753204325,195334.9646952492,204531.56374610294,9196.59905085375,0.470596912672502,5840.5580350511145,7033.81779827358,nan,nan
41,32,176015,backward,a,km,15556,0.0,15556.0,nan,nan,nan,nan,nan,nan,nan,nan,nan,nan,nan,nan,nan
41,33,116002,backward,a,km,11138,0.0,11138.0,nan,nan,nan,nan,nan,nan,nan,nan,nan,nan,nan,nan,nan
41,34,31657,backward,a,km,487,487.0,0.0,238151.65609853168,2454.2509886323005,233481.59648059838,240897.3663976068,7415.769917008409,230074.39592183454,241125.0717833503,11050.675861515745,-0.5733941333288665,4661.105393153752,8068.305951917602,nan,nan
41,35,51108,backward,a,km,3933,3933.0,0.0,200461.53249444452,1664.4586414502721,198290.20783020242,203770.0770730608,5479.8692428583745,193167.70139503328,204535.18601765996,11367.484622626682,0.3054455634825023,4279.844775413837,6327.766148077062,nan,nan
41,36,8025,backward,a,km,2574,2574.0,0.0,214569.24536235328,5140.0146731101295,206090.95143736777,222687.25290810602,16596.301470738254,204384.07322285854,230380.80924432346,25996.736021464923,-0.009103076555417118,9091.22794798165,16201.112631665805,nan,nan
41,37,165874,backward,a,km,9677,0.0,9677.0,nan,nan,nan,nan,nan,nan,nan,nan,nan,nan,nan,nan,nan
41,38,35110,backward,a,km,1219,1219.0,0.0,233858.17120963737,1914.478400516202,231974.27577979257,236513.03644059956,4538.760660806991,201887.66930026145,237600.00271761284,35712.33341735139,-7.824972189194649,2852.4077525329903,32201.061106811976,nan,nan
41,39,80819,backward,a,km,7678,7678.0,0.0,210987.80830097228,3989.696555617115,205593.1118795526,217407.54760547198,11814.435725919378,193076.85340608083,232937.5355492051,39860.68214312426,0.5411643062954566,6826.2085910423275,20654.219949470164,nan,nan
41,40,38011,backward,a,km,862,862.0,0.0,209701.27764082665,4192.479103674847,203642.71416720096,217263.3420908404,13620.627923639433,202619.38082314158,230038.85388244968,27419.473059308104,0.3985875718578133,7375.412661727328,19896.662088752608,nan,nan
41,0,144351,backward,e,-,45608,0.0,45608.0,nan,nan,nan,nan,nan,nan,nan,nan,nan,nan,nan,nan,nan
41,1,22426,backward,e,-,4427,4427.0,0.0,0.44749716350734714,0.024688864106281426,0.4108797439231473,0.4861893783250321,0.07530963440188482,0.39552904824383295,0.49875024918271166,0.10322120093887871,0.07060672591922187,0.0423085453445593,0.05462145444998062,nan,nan
41,2,24011,backward,e,-,832,832.0,0.0,0.19530819859899273,0.019409098728380862,0.17399362371618865,0.2314468033023828,0.05745317958619414,0.17265093155954234,0.23855717708359325,0.06590624552405092,0.33634780079109217,0.039771442919523066,0.04688181670073352,nan,nan
41,3,167952,backward,e,-,2141,0.0,2141.0,nan,nan,nan,nan,nan,nan,nan,nan,nan,nan,nan,nan,nan
41,4,48782,backward,e,-,6034,6034.0,0.0,0.4374698137893622,0.030906602453294674,0.38645234368952275,0.4821628367816792,0.09571049309215646,0.37240944630998474,0.48594402621755617,0.11353457990757143,-0.1174959375553858,0.0519573612846306,0.058729291880123824,nan,nan
41,5,51611,backward,e,-,1255,0.0,1255.0,nan,nan,nan,nan,nan,nan,nan,nan,nan,nan,nan,nan,nan
41,6,35310,backward,e,-,324,324.0,0.0,0.2120066960932776,0.049076149094244646,0.17085837703975457,0.32405033589903326,0.1531919588592787,0.1700108997958378,0.3565319822495173,0.18652108245367952,0.8161485436798023,0.11549856229755419,0.14798020864803824,nan,nan
41,7,28151,backward,e,-,1477,1477.0,0.0,0.34096313757424634,0.039716027512090586,0.2824373440861365,0.41299930747821273,0.1305619633920762,0.2572773385549372,0.43797176060074766,0.1806944220458105,0.24141235907270556,0.07387457176781848,0.09672742588920308,nan,nan
41,8,40315,backward,e,-,899,899.0,0.0,0.4335293059683497,0.05882442584259998,0.3295836777947087,0.5061504817275753,0.17656680393286656,0.29480312136844355,0.5700086310735369,0.2752055097050934,-0.2370582782007835,0.1161434117558216,0.15018442927420544,nan,nan
41,9,175498,backward,e,-,2764,0.0,2764.0,nan,nan,nan,nan,nan,nan,nan,nan,nan,nan,nan,nan,nan
41,10,14141,backward,e,-,8568,8568.0,0.0,0.3456328856336948,0.03368784014778491,0.29227608534449395,0.40015684613277774,0.10788076078828379,0.2750330386893604,0.4095666378845623,0.13453359919520191,-0.005849948117204144,0.05801317249062866,0.0746602253408099,nan,nan
41,11,210090,backward,e,-,3039,0.0,3039.0,nan,nan,nan,nan,nan,nan,nan,nan,nan,nan,nan,nan,nan
41,12,31323,backward,e,-,851,851.0,0.0,0.34210879501329516,0.04297085353068135,0.2761939033618282,0.41070580809035867,0.13451190472853047,0.2268033250953236,0.43200620091616776,0.20520287582084415,0.016529282323333297,0.0806382029227124,0.13002878118921699,nan,nan
41,13,156237,backward,e,-,2361,0.0,2361.0,nan,nan,nan,nan,nan,nan,nan,nan,nan,nan,nan,nan,nan
41,14,165903,backward,e,-,8837,0.0,8837.0,nan,nan,nan,nan,nan,nan,nan,nan,nan,nan,nan,nan,nan
41,15,43359,backward,e,-,2143,2143.0,0.0,0.5243528130228844,0.01617750457889143,0.4916752088688542,0.5410091313949331,0.04933392252607893,0.4859946634287721,0.5703133050206662,0.08431864159189412,-0.45157524606619004,0.040104291792474885,0.04578483723255694,nan,nan
41,16,50026,backward,e,-,1254,1254.0,0.0,0.29164028014842547,0.03689455853010727,0.23785684790205128,0.3621281981524394,0.12427135025038813,0.2316081199446042,0.4185724086187985,0.18696428867419432,0.3123017710039257,0.07751395303316644,0.13395816349952555,nan,nan
41,17,61172,backward,e,-,452,452.0,0.0,0.5056733950461764,0.011382725594471866,0.48723274544540723,0.5113026878732821,0.024069942427874913,0.4533990627382326,0.5704147561273051,0.11701569338907247,0.9245933649934543,0.020687219992815482,0.06332144890435087,nan,nan
41,18,120454,backward,e,-,12566,0.0,12566.0,nan,nan,nan,nan,nan,nan,nan,nan,nan,nan,nan,nan,nan
41,19,32794,backward,e,-,303,303.0,0.0,0.20190169565706878,0.025830470162099318,0.17130638502245044,0.2482588035893806,0.07695241856693016,0.1705922580032535,0.2616884087544383,0.09109615075118477,0.29818365293845134,0.04441435082187507,0.05784395598693276,nan,nan
41,20,110558,backward,e,-,1907,1907.0,0.0,0.45589352947432293,0.04512853268107194,0.37500029084025366,0.4867853413252314,0.11178505048497772,0.2561010855958638,0.49979373196666516,0.24369264637080135,-1.9741971652523331,0.08184299090632532,0.2007421961507152,nan,nan
41,21,22279,backward,e,-,803,803.0,0.0,0.23126819023045891,0.025160830779816467,0.2216095222302263,0.293499091120404,0.0718895688901777,0.21593972469503336,0.4379670055016741,0.22202728080664075,3.624886570675166,0.061848055769900614,0.20631597015117073,nan,nan
41,22,65627,backward,e,-,743,743.0,0.0,0.2763981645962018,0.033389202767276534,0.23833958469196098,0.3420636712366192,0.1037240865446582,0.2285235433075518,0.44028354661417857,0.21176000330662675,1.0896052958974278,0.0680727229473025,0.13557204343396284,nan,nan
41,23,153188,backward,e,-,3577,0.0,3577.0,nan,nan,nan,nan,nan,nan,nan,nan,nan,nan,nan,nan,nan
41,24,69136,backward,e,-,1600,1600.0,0.0,0.49342927672124737,0.007629590979207079,0.48633841674146994,0.5037022536706243,0.01736383692915433,0.48536137834930265,0.5704977881826699,0.08513640983336729,4.2087356894462795,0.009457046094742898,0.07625258060678852,nan,nan
41,25,167830,backward,e,-,1814,0.0,1814.0,nan,nan,nan,nan,nan,nan,nan,nan,nan,nan,nan,nan,nan
41,26,148588,backward,e,-,7200,0.0,7200.0,nan,nan,nan,nan,nan,nan,nan,nan,nan,nan,nan,nan,nan
41,27,167957,backward,e,-,2,0.0,2.0,nan,nan,nan,nan,nan,nan,nan,nan,nan,nan,nan,nan,nan
41,28,14797,backward,e,-,846,846.0,0.0,0.2005840188904733,0.013054905195411342,0.18869388417272695,0.22211777559330365,0.033423891420576696,0.17146091264812946,0.28256625377565203,0.11110534112752257,1.03843273210975,0.024194404319243044,0.08095840725950071,nan,nan
41,29,32944,backward,e,-,457,457.0,0.0,0.40421624777386056,0.07403848554987896,0.2708915389369145,0.4910564049316998,0.2201648659947853,0.2207230157947042,0.49964318845046873,0.2789201726557645,-0.3217985239468184,0.12967827598121712,0.17984679912342738,nan,nan
41,30,45291,backward,e,-,13142,13142.0,0.0,0.3195388527643873,0.03883534623799602,0.2569397649727733,0.37739180210170997,0.12045203712893665,0.2375146426520632,0.4250404939759625,0.1875258513238993,-0.06055111801983842,0.08228319415809968,0.10169153508939408,nan,nan
41,31,88569,backward,e,-,2774,2774.0,0.0,0.5319282096799065,0.018370873668787993,0.49429659063900594,0.550395484613331,0.05609889397432505,0.4852904288833956,0.5536543786931964,0.06836394980980087,-0.4737205595970271,0.043327751773782716,0.052333913529393095,nan,nan
41,32,176015,backward,e,-,15556,0.0,15556.0,nan,nan,nan,nan,nan,nan,nan,nan,nan,nan,nan,nan,nan
41,33,116002,backward,e,-,11138,0.0,11138.0,nan,nan,nan,nan,nan,nan,nan,nan,nan,nan,nan,nan,nan
41,34,31657,backward,e,-,487,487.0,0.0,0.20433914170642098,0.025999668727321807,0.17247093611991096,0.25058380466373975,0.07811286854382879,0.16971737352447916,0.2848499341637438,0.11513256063926466,0.47828744219601854,0.047491897663689775,0.08175802716369387,nan,nan
41,35,51108,backward,e,-,3933,3933.0,0.0,0.5157840544714802,0.012330110933790248,0.4912616635388004,0.5318328112739502,0.040571147735149804,0.48528226806734476,0.5696656158767904,0.08438334780944567,-0.3080262093282073,0.03171631014639618,0.04672723506469678,nan,nan
41,36,8025,backward,e,-,2574,2574.0,0.0,0.4100507630643857,0.03959757855812087,0.34623590488352507,0.4740714561480089,0.12783555126448382,0.28055063328830165,0.4867764235864514,0.20622579029814975,-0.03395596277090851,0.06993162050608316,0.13247137450559765,nan,nan
41,37,165874,backward,e,-,9677,0.0,9677.0,nan,nan,nan,nan,nan,nan,nan,nan,nan,nan,nan,nan,nan
41,38,35110,backward,e,-,1219,1219.0,0.0,0.24751570021928332,0.017120486053569934,0.22087229559846966,0.2648620740794821,0.04398977848101243,0.2094598727952054,0.5051342117999409,0.2956743390047355,5.697695899171317,0.027751639270009693,0.2600095377473707,nan,nan
41,39,80819,backward,e,-,7678,7678.0,0.0,0.43675928250347446,0.03067254680295616,0.38729487925079575,0.47744147364410766,0.09014659439331191,0.2557673096093,0.5703110008196094,0.3145436912103094,-0.6742975146869707,0.05165263127106923,0.17112060948823477,nan,nan
41,40,38011,backward,e,-,862,862.0,0.0,0.4465822639798502,0.03190896333404276,0.3885221675233534,0.4919954055634171,0.1034732380400637,0.28238092407879956,0.4996205578360031,0.21723963375720357,-0.4507806532326161,0.0557925070183633,0.16108155044673145,nan,nan
41,0,144351,backward,w,deg,45608,0.0,45608.0,nan,nan,nan,nan,nan,nan,nan,nan,nan,nan,nan,nan,nan
41,1,22426,backward,w,deg,4427,4427.0,0.0,-0.6140045780659307,4.78254528916218,-4.456929980834312,3.8611410631613277,8.31807104399564,-5.149766144751169,23.68822892114096,28.83799506589213,3.0101831508167978,5.584130326593212,25.411218184572846,186.75062797156195,0.9965429860104217
41,2,24011,backward,w,deg,832,832.0,0.0,3.783789538832636,14.785129027402318,-25.063437698352768,17.142935801973863,42.206373500326634,-26.97313932808521,18.214178937963652,45.18731826604886,-0.4284582375020711,34.84424333492523,36.75394496465768,195.51061874715705,0.9670226206234483
41,3,167952,backward,w,deg,2141,0.0,2141.0,nan,nan,nan,nan,nan,nan,nan,nan,nan,nan,nan,nan,nan
41,4,48782,backward,w,deg,6034,6034.0,0.0,-0.8346516078452879,4.271223228504883,-4.726889685240139,10.048315581311128,14.775205266551268,-24.256555145136076,17.17264413835997,41.42919928349605,1.614185884152312,11.410558631590426,22.91276835760678,196.990199155829,0.9972298556039952
41,5,51611,backward,w,deg,1255,0.0,1255.0,nan,nan,nan,nan,nan,nan,nan,nan,nan,nan,nan,nan,nan
41,6,35310,backward,w,deg,324,324.0,0.0,7.248739656726514,16.98129586715906,-32.857993505937486,15.972369613735033,48.83036311967252,-34.28768341090472,16.058219992694518,50.34590340359924,-0.751848371774077,43.28266598430416,44.71235588927141,201.22458655233447,0.9567465272989398
41,7,28151,backward,w,deg,1477,1477.0,0.0,-5.823715099557376,10.745148059086148,-9.965187917914795,16.268827693364862,26.23401561127966,-33.670379100180554,16.606466479161725,50.27684557934228,0.5338145649223859,22.92707428496168,27.050470039711968,200.6282290631449,0.982516772646278
41,8,40315,backward,w,deg,899,899.0,0.0,-0.8148217835256162,5.132176511116528,-4.033801754005998,11.278606711510884,15.312408465516882,-25.062214667589757,19.458642246202487,44.520856913792244,0.6069601710904657,15.962408243067186,22.962635859845506,194.8602353215732,0.9960126439725069
41,9,175498,backward,w,deg,2764,0.0,2764.0,nan,nan,nan,nan,nan,nan,nan,nan,nan,nan,nan,nan,nan
41,10,14141,backward,w,deg,8568,8568.0,0.0,0.11728857088004929,3.352137504059539,-5.488697232151791,5.267860419064764,10.756557651216555,-6.680013817977624,6.565895734832594,13.245909552810218,-0.06179158425944688,5.799891717928574,6.780401564756119,188.00508403072905,0.9982894903729767
41,11,210090,backward,w,deg,3039,0.0,3039.0,nan,nan,nan,nan,nan,nan,nan,nan,nan,nan,nan,nan,nan
41,12,31323,backward,w,deg,851,851.0,0.0,-0.4004427993143054,7.4288348932606505,-4.087169316452076,19.849065188483124,23.9362345049352,-28.52416285971941,21.902083335025054,50.426246194744465,0.1291901250617708,21.209770414044243,28.265547347707724,195.4378711883592,0.9917053662428752
41,13,156237,backward,w,deg,2361,0.0,2361.0,nan,nan,nan,nan,nan,nan,nan,nan,nan,nan,nan,nan,nan
41,14,165903,backward,w,deg,8837,0.0,8837.0,nan,nan,nan,nan,nan,nan,nan,nan,nan,nan,nan,nan,nan
41,15,43359,backward,w,deg,2143,2143.0,0.0,-1.805729637729371,5.529214492937494,-6.178452166882494,11.697082154438604,17.875534321321098,-7.384286458464288,17.10695598430823,24.491242442772517,1.0212301622645226,13.230984706164477,18.640858536034102,186.72852308707246,0.9953552073053282
41,16,50026,backward,w,deg,1254,1254.0,0.0,3.8842368219498127,10.421184203955114,-13.091455722175414,9.488342385409663,22.579798107585077,-39.86437858024999,9.815356360095478,49.67973494034547,-1.780325792478866,17.81343836479927,44.58636122287385,206.84817060646202,0.9837723578968484
41,17,61172,backward,w,deg,452,452.0,0.0,-0.8747276780754873,4.0119588534435096,-4.0285262054804605,7.289629502788283,11.318155708268744,-20.506988467754496,13.167871902759117,33.67486037051361,0.05500573113392539,9.644668401539398,18.455678099203,194.2294705491814,0.9975548071798757
41,18,120454,backward,w,deg,12566,0.0,12566.0,nan,nan,nan,nan,nan,nan,nan,nan,nan,nan,nan,nan,nan
41,19,32794,backward,w,deg,303,303.0,0.0,5.551494969919702,14.223965374174904,-30.089371625814497,13.696196895917705,43.7855685217322,-34.74336036974813,14.401370394645227,49.14473076439336,-0.9873400927770274,38.54223686611434,43.196225610047975,201.9871999207662,0.9696144761053129
41,20,110558,backward,w,deg,1907,1907.0,0.0,4.505778610441553,11.877463842753833,-23.28612439565234,12.022080516154572,35.30820491180691,-24.159325615959887,14.539761512667695,38.69908712862758,-0.9326750796740778,28.702345929782926,29.575547150090472,202.54078911498914,0.9786977247345524
41,21,22279,backward,w,deg,803,803.0,0.0,-0.4899710947084088,4.682992922277513,-6.125140535751939,11.707816480440036,17.832957016191976,-31.080262212872128,13.34878949293011,44.42905170580224,0.8507120904757907,13.408541892180377,29.409376721828323,202.5566868644141,0.9966722438314175
41,22,65627,backward,w,deg,743,743.0,0.0,11.084639806478435,20.083950842551186,-36.40102344618214,11.928064728193714,48.329088174375855,-36.61310645822968,12.123941930897615,48.737048389127295,-1.1709032762222102,48.1930053375508,48.405088349598344,203.66837272362366,0.9400891750481218
41,23,153188,backward,w,deg,3577,0.0,3577.0,nan,nan,nan,nan,nan,nan,nan,nan,nan,nan,nan,nan,nan
41,24,69136,backward,w,deg,1600,1600.0,0.0,0.005086197801006165,3.043333648036691,-3.81162020307208,4.457152066347156,8.268772269419236,-22.373162377186958,6.581258833355889,28.954421210542847,-1.8467170192910758,5.714877783918027,21.247740047028913,196.17189364951477,0.9985940604715529
41,25,167830,backward,w,deg,1814,0.0,1814.0,nan,nan,nan,nan,nan,nan,nan,nan,nan,nan,nan,nan,nan
41,26,148588,backward,w,deg,7200,0.0,7200.0,nan,nan,nan,nan,nan,nan,nan,nan,nan,nan,nan,nan,nan
41,27,167957,backward,w,deg,2,0.0,2.0,nan,nan,nan,nan,nan,nan,nan,nan,nan,nan,nan,nan,nan
41,28,14797,backward,w,deg,846,846.0,0.0,2.4741104454375176,8.294732877781048,-16.327683992382667,9.096259366684322,25.42394335906699,-27.848434809027623,19.13100208382852,46.97943689285614,-1.0150638219243149,18.785270127449557,30.306020944094513,195.19259225815077,0.9895972467373628
41,29,32944,backward,w,deg,457,457.0,0.0,-3.021732968338256,9.862429812183596,-8.207762876174286,18.485824412450654,26.69358728862494,-30.61470626241126,18.94232072719791,49.55702698960917,0.22121794173001996,24.096404971152587,25.078543497667994,197.7870314593401,0.9853097400872437
41,30,45291,backward,w,deg,13142,13142.0,0.0,-0.11164920578686122,4.451776009915498,-6.594256919339396,6.82190574979331,13.416162669132706,-35.78450026861486,14.383736273424432,50.168236542039296,-0.5158454770620746,7.4377893930985195,35.701483785259995,203.18816557863204,0.9969914194372939
41,31,88569,backward,w,deg,2774,2774.0,0.0,-0.09334983412477982,6.222100135383917,-10.403367057942084,9.936884706722042,20.340251764664124,-13.225658923101093,12.235583800766477,25.46124272386757,-0.0538505979890715,11.476544556040428,14.29883642119944,192.8899887228452,0.9941155545987561
41,32,176015,backward,w,deg,15556,0.0,15556.0,nan,nan,nan,nan,nan,nan,nan,nan,nan,nan,nan,nan,nan
41,33,116002,backward,w,deg,11138,0.0,11138.0,nan,nan,nan,nan,nan,nan,nan,nan,nan,nan,nan,nan,nan
41,34,31657,backward,w,deg,487,487.0,0.0,4.424257499885329,14.775996394834479,-29.495000846006572,15.787444621953199,45.282445467959775,-32.45182449330633,16.531188262282257,48.98301275558859,-0.7988989881451175,39.76602371543361,42.722847362733376,199.4604973365563,0.9671757160736416
41,35,51108,backward,w,deg,3933,3933.0,0.0,-1.0659193731973176,4.917923183379607,-6.467682658047925,9.745467479343636,16.213150137391562,-15.26098222829279,13.170297956892426,28.431280185185216,0.6698106137294282,12.198446683122995,15.622417857983692,190.66855877921628,0.9963223331269171
41,36,8025,backward,w,deg,2574,2574.0,0.0,-0.38061413484642515,3.2536353726920026,-2.246081545294686,1.2894948014725867,3.5355763467672725,-2.6909182901343343,35.809317963292415,38.50023625342675,6.44981420108113,2.0636961099507345,36.321726900189304,180.86768011722046,0.9984127692702206
41,37,165874,backward,w,deg,9677,0.0,9677.0,nan,nan,nan,nan,nan,nan,nan,nan,nan,nan,nan,nan,nan
41,38,35110,backward,w,deg,1219,1219.0,0.0,-0.1821122427210753,3.3808201039580617,-5.657645195415583,7.132561849686377,12.79020704510196,-13.40463701427305,9.22758252054399,22.63221953481704,0.346654740607743,8.261641321402996,13.57056802729474,207.43338654123076,0.9982613237074973
41,39,80819,backward,w,deg,7678,7678.0,0.0,-0.14087368695007285,4.049717309571869,-5.0566508018219265,6.32311894401593,11.379769745837857,-32.005830436826045,13.544761178272694,45.55059161509874,-0.9010527293105223,7.421695582871688,33.90171420487053,202.78416178504702,0.997514206143298
41,40,38011,backward,w,deg,862,862.0,0.0,-4.37212622409848,8.24115891529953,-5.694033391320073,17.362881014088835,23.056914405408907,-25.92236972121313,21.152038169158885,47.074407890372015,1.1813177728489617,22.251422326192802,26.040579481262853,195.55514085141064,0.98970886150048
41,0,144351,forward,a,km,45608,45606.0,2.0,193386.24100407236,88570.93802682133,188131.89327688242,364521.5159141908,176389.62263730838,187998.5760196105,4480813.766287021,4292815.190267411,6.852186405787674,175528.85768176508,4291821.108054596,nan,nan
41,1,22426,forward,a,km,4427,4427.0,0.0,204530.04346040118,6568.483933373076,198413.59405438663,218012.2156166465,19598.621562259883,197703.0840563452,219585.10969649066,21882.025640145468,0.5087377386369802,10736.919849371534,12309.813929215685,nan,nan
41,2,24011,forward,a,km,832,5.0,827.0,742223.0929906777,7219802.768564376,730932.0081636602,15180776.819817426,14449844.811653765,728603.8282843106,18789119.654603433,18060515.82631912,2.236063920074641,nan,nan,nan,nan
41,3,167952,forward,a,km,2141,2141.0,0.0,227771.16675487903,351075.2481317191,207237.897769635,278298.26649449405,71060.36872485906,188577.4119276811,16453922.652284192,16265345.24035651,46.07490938167871,47215.68239173651,16222840.068181435,nan,nan
41,4,48782,forward,a,km,6034,6034.0,0.0,203037.01456969016,5499.411553484303,194161.66003684906,209020.36524868544,14858.705211836379,192028.5859380556,291771.3032776867,99742.71733963111,3.0961663751718316,9236.109316523303,88471.42654480343,nan,nan
41,5,51611,forward,a,km,1255,1255.0,0.0,1358904.7041606687,910119.9284773214,200877.08471370104,3167321.27550351,2966444.190789809,197260.9785988441,4679542.025910499,4482281.047311654,0.6633311644132053,2345262.5694191414,2348878.6755339983,nan,nan
41,6,35310,forward,a,km,324,324.0,0.0,224827.11170469108,7123.160961747395,211320.78898854688,230746.95503721834,19426.166048671468,204851.5383793717,287295.248801177,82443.71042180533,1.6419676129954441,13832.66423815264,62869.82933841788,nan,nan
41,7,28151,forward,a,km,1477,1477.0,0.0,214600.48316846674,11376.26823293796,200684.9223857625,236333.47727587496,35648.55489011246,189478.0537984315,289862.8951652621,100384.8413668306,0.8029311892707369,22787.308907602543,73006.12664210823,nan,nan
41,8,40315,forward,a,km,899,899.0,0.0,208767.94396261562,10756.057952124302,206850.03588517357,211562.66962381444,4712.63373864087,206194.4574976778,290782.82700172695,84588.36950404916,6.467175270067609,3000.6004634528636,82220.75784136538,nan,nan
41,9,175498,forward,a,km,2764,2764.0,0.0,236502.42062897308,1039463.8238393785,228107.86645196733,240748.97880971804,12641.11235775071,204934.39437342813,21659266.509478975,21454332.115105547,16.315305905075213,13062.034006522974,21418864.459130064,nan,nan
41,10,14141,forward,a,km,8568,8567.0,1.0,203665.68549855184,6871.70396275578,196301.0686705826,217037.35634556902,20736.287674986408,195345.81977728716,219508.98340095155,24163.163623664383,0.4215283174234897,11363.436073195942,13835.063128578477,nan,nan
41,11,210090,forward,a,km,3039,3039.0,0.0,216242.03918816778,325238.4908949878,189571.3714547623,989726.2698354332,800154.8983806709,188318.3352690733,1139139.3759860804,950821.0407170071,0.609367082051999,570634.9814792883,571888.0176649773,nan,nan
41,12,31323,forward,a,km,851,851.0,0.0,209958.9469629203,15311.023389650423,209660.63725996763,240977.92013515974,31317.28287519212,207676.23721559945,348486.9406539932,140810.70343839377,4.114714681179504,31190.544810892345,138699.56532972582,nan,nan
41,13,156237,forward,a,km,2361,2361.0,0.0,194718.42901041068,91566.66978762143,188285.20534805013,278504.94197766803,90219.7366296179,188188.9864256621,3928762.0386776994,3740573.0522520375,29.308960909133543,89085.41159419547,3739342.5082942266,nan,nan
41,14,165903,forward,a,km,8837,8837.0,0.0,199586.3563069714,290845.44107502897,188931.30003114569,285720.1118915907,96788.81186044501,188334.8655026993,9318019.704069158,9129684.838566458,24.391330068085587,87698.32564683665,9119997.917824404,nan,nan
41,15,43359,forward,a,km,2143,2143.0,0.0,220539.93046760236,5550.107444024352,209642.91684403302,227410.07009282146,17767.15324878844,202188.8046506836,290122.6827370288,87933.87808634521,0.4043536945787588,11121.51836632318,69866.58977377479,nan,nan
41,16,50026,forward,a,km,1254,1252.0,2.0,212604.1406008305,397663.9975348996,189439.62654159017,1010644.4541111306,821204.8275695404,188375.53043617887,7296020.845171034,7107645.314734856,6.85574563832862,726242.7293415709,7011619.120401475,nan,nan
41,17,61172,forward,a,km,452,452.0,0.0,209433.1014538518,16598.66593927641,208159.31240188354,240908.3320246266,32749.01962274307,203213.34957442072,291191.52366276993,87978.17408834922,3.6752621788376145,31312.30423279965,81595.49587094298,nan,nan
41,18,120454,forward,a,km,12566,12566.0,0.0,202952.99275281193,57691.243184178595,193445.14486480772,208001.78481305033,14556.639948242606,190143.73838455413,4813753.221105198,4623609.482720644,57.45942686492336,9194.004065265792,4611195.13174865,nan,nan
41,19,32794,forward,a,km,303,303.0,0.0,206506.72005014366,6588.445682776012,198773.0163227491,216437.6147696766,17664.5984469275,189530.1516444719,239637.92668135636,50107.77503688447,0.7726017193943534,13929.428124290584,32075.405629304267,nan,nan
41,20,110558,forward,a,km,1907,1907.0,0.0,216031.4146520465,8799.411538769626,201911.0177003358,228382.49405627733,26471.47635594153,200496.66596701712,239161.4418441593,38664.77587714218,-0.000666143831566884,15799.700738435999,26578.648526317964,nan,nan
41,21,22279,forward,a,km,803,803.0,0.0,350727.9558291255,131478.10241210603,192713.97181630385,568348.0846033026,375634.1127869988,189482.7134296974,870325.3668937829,680842.6534640854,0.8064516145431325,364132.81050000945,666110.0927904897,nan,nan
41,22,65627,forward,a,km,743,57.0,686.0,279202.95686616923,27594.16723595718,209717.88783744336,284307.3799211555,74589.49208371216,209339.78381393407,286486.02769932157,77146.24388538749,-1.5586296155425978,nan,nan,nan,nan
41,23,153188,forward,a,km,3577,3577.0,0.0,196593.89340461232,230964.99303455465,188350.71030488022,292485.7052446644,104134.99493978417,188188.60761124425,9903671.596219368,9715482.988608124,36.88387112600411,101510.04943103644,9712695.94040574,nan,nan
41,24,69136,forward,a,km,1600,1600.0,0.0,201887.49612815352,10805.494738318417,193931.13774518995,206513.70134094777,12582.56359575782,191900.38951117196,291166.9449285549,99266.55541738292,6.471298812498905,7367.557437130719,90628.68359987886,nan,nan
41,25,167830,forward,a,km,1814,1814.0,0.0,195500.23422129746,729207.5603077676,188440.29174799618,355424.7288777468,166984.43712975061,188330.2529360397,8775147.52614534,8586817.273209302,8.200907988956807,167014.36651493906,8586737.163782533,nan,nan
41,26,148588,forward,a,km,7200,7199.0,1.0,196829.59554488544,178099.8284245598,188407.23502098297,285209.9192389764,96802.6842179934,188239.9341200278,5805939.395762876,5617699.461642848,18.21916156812651,93884.76669030277,5614614.243214202,nan,nan
41,27,167957,forward,a,km,2,2.0,0.0,206129.3612342882,512.6989975289034,205667.9321365122,206590.7903320642,922.8581955520203,205616.6622367593,206642.0602318171,1025.3979950578068,nan,974.1280953049164,1025.3979950578068,nan,nan
41,28,14797,forward,a,km,846,846.0,0.0,669070.7877716243,792754.9496745527,205602.30588567487,2155396.7560213422,1949794.4501356673,189465.6389608437,8837569.012635829,8648103.373674985,3.8267683182646945,1474376.9821029487,8156549.238717436,nan,nan
41,29,32944,forward,a,km,457,457.0,0.0,210529.35562749344,16673.50243093921,207959.71832186962,240122.53327798733,32162.814956117712,206005.95383112482,291060.4679646602,85054.51413353538,2.553771959656851,29714.423357838972,80652.35804451184,nan,nan
41,30,45291,forward,a,km,13142,13141.0,1.0,208319.22216856646,88814.7599144129,189508.46503940376,226823.81753852943,37315.35249912567,188899.24866350187,1894268.9830253336,1705369.7343618318,9.821415271141085,20372.84012493919,1687818.0056117433,nan,nan
41,31,88569,forward,a,km,2774,2771.0,3.0,225269.4063493712,5459.248604190691,213458.67942085475,230294.7860142417,16836.10659338694,205932.03612448802,239831.02229178313,33898.98616729511,-0.7799344738431307,11910.190557676266,18680.258626284078,nan,nan
41,32,176015,forward,a,km,15556,15556.0,0.0,203112.5410769415,858748.5984917029,189274.2198807869,244876.8041765213,55602.584295734414,188430.08509725102,76282242.53663798,76093812.45154072,59.61504511934915,40075.910855373215,76077441.64331684,nan,nan
41,33,116002,forward,a,km,11138,11137.0,1.0,211676.2950257279,114685.80397747472,192057.62869213204,224256.96049765128,32199.331805519236,188218.95933743392,5864673.426761146,5676454.467423712,32.54988050283325,24643.76818256654,5651487.421371384,nan,nan
41,34,31657,forward,a,km,487,483.0,4.0,203025.56255584775,804249.53421477,188693.32019385684,1251970.406859538,1063277.086665681,188375.804803439,9733554.7191025,9545178.914299062,6.6004781616140065,1060524.2947469377,9542108.6069899,nan,nan
41,35,51108,forward,a,km,3933,3933.0,0.0,206042.6338822416,7120.763175639282,199870.5708977391,216488.96995661,16618.399058870913,199228.2887395546,290343.2258768247,91114.93713727008,4.313033693361421,9216.57603672721,83070.8319569419,nan,nan
41,36,8025,forward,a,km,2574,2574.0,0.0,222145.16084701137,3803.6732740878083,218234.06788643668,226211.27920271026,7977.211316273577,200604.10685004428,290687.84570345504,90083.73885341076,1.0999542212188593,4698.655599039895,68157.17615630792,nan,nan
41,37,165874,forward,a,km,9677,9677.0,0.0,191481.41286652736,60724.20509495104,188607.05288349866,205237.0801767373,16630.027293238643,188345.5209016455,5879060.795607735,5690715.27470609,85.37371930539159,14557.231719543328,5688380.9471505415,nan,nan
41,38,35110,forward,a,km,1219,1216.0,3.0,217119.03246118082,430111.76476348314,189562.22902703675,1261932.0498359352,1072369.8208088984,189369.51223050116,2802071.047073763,2612701.534843262,2.198572247857857,611519.5065372877,2151658.503775115,nan,nan
41,39,80819,forward,a,km,7678,7678.0,0.0,192079.33161158254,40733.03718732042,188638.71828441232,293774.245458916,105135.52717450369,188390.37359828094,526976.2772455813,338585.9036473003,3.435169967304992,68757.49081607781,301959.5226027431,nan,nan
41,40,38011,forward,a,km,862,861.0,1.0,209493.51344510037,12517.047598537913,208357.89999157842,240389.73648200618,32031.836490427755,200845.70826264174,290444.12427971314,89598.4160170714,3.1832521934808335,31041.70098439214,81096.0887820991,nan,nan
41,0,144351,forward,e,-,45608,45606.0,2.0,0.9293881746566788,0.2335349538073391,0.23859064956634352,0.9992971695117348,0.7607065199453913,3.7745453292730234e-05,0.9999999999764257,0.999962254523133,-1.943548305523456,0.7381050453794198,0.9766579494924705,nan,nan
41,1,22426,forward,e,-,4427,4427.0,0.0,0.4855141308621176,0.049390547557647976,0.38326098603715747,0.5309161954754605,0.14765520943830307,0.37085609923942275,0.5361603402019792,0.16530424096255647,-0.5269134616565386,0.0818958428915294,0.09430072968926412,nan,nan
41,2,24011,forward,e,-,832,5.0,827.0,0.37392906221058975,0.24218707621050867,0.36370829001466476,0.857217812597599,0.49350952258293423,0.36158738938684937,0.9768786833516471,0.6152912939647976,2.2331070082477353,nan,nan,nan,nan
41,3,167952,forward,e,-,2141,2141.0,0.0,0.5916888243183159,0.2400139954140365,0.12417666999125279,0.7433797589629657,0.619203088971713,0.09023827665945464,0.9998966323946951,0.9096583557352405,-0.04398653594955374,0.4674974037413283,0.7240142771730577,nan,nan
41,4,48782,forward,e,-,6034,6034.0,0.0,0.7934768462730034,0.07470441998554524,0.7043775878493455,0.9116268986223462,0.2072493107730008,0.09275924696437038,0.9402915516863269,0.8475323047219565,-1.812111986476708,0.12110051870516986,0.6991440957003214,nan,nan
41,5,51611,forward,e,-,1255,1255.0,0.0,0.7532736626409212,0.08595712004229389,0.5929160977564814,0.8624693794222871,0.2695532816658057,0.5052535178781875,0.9068974130035985,0.401643895125411,-0.24470631394718875,0.23513163812895693,0.32279421800725083,nan,nan
41,6,35310,forward,e,-,324,324.0,0.0,0.32797812642289415,0.05190134216852514,0.2770132532341216,0.43410819574403703,0.1570949425099154,0.10101334009375809,0.4829304418961387,0.3819171018023806,0.31646694232211187,0.112003108835538,0.2304100185471449,nan,nan
41,7,28151,forward,e,-,1477,1477.0,0.0,0.40912691008640767,0.17534122971392635,0.22224433776535674,0.8210236944608309,0.5987793566954742,0.09601369633866311,0.9999965191846149,0.9039828228459518,1.163775541063817,0.42962506499108694,0.6085978897148709,nan,nan
41,8,40315,forward,e,-,899,899.0,0.0,0.6869512845485773,0.09608142043182528,0.6487570985136193,0.7171143651072256,0.0683572665936063,0.09444405181568447,0.7287803728820967,0.6343363210664122,-5.121370558842936,0.04151123235481995,0.5958242790527548,nan,nan
41,9,175498,forward,e,-,2764,2764.0,0.0,0.22145852136054633,0.08020712444448222,0.17465978539431798,0.3013459565474284,0.12668617115311043,0.09280181752639455,0.9799570656874331,0.8871552481610385,5.366521410595837,0.12345513347135058,0.8020662426113553,nan,nan
41,10,14141,forward,e,-,8568,8567.0,1.0,0.49210739382676383,0.05146177208928347,0.39093305502565334,0.5465492514186269,0.15561619639297353,0.3715471869817158,0.5535822467818352,0.18203505980011941,-0.4400633117444225,0.086251964785939,0.10563783282987654,nan,nan
41,11,210090,forward,e,-,3039,3039.0,0.0,0.6402653664993323,0.21505413472690732,0.38565847634446365,0.9911636102681941,0.6055051339237305,0.0081075921141327,0.9999999861717173,0.9918923940575846,-0.1059681393464861,0.5970443159932639,0.6058806918967871,nan,nan
41,12,31323,forward,e,-,851,851.0,0.0,0.6436573373430751,0.15475810671940504,0.17142127216842373,0.6611117197166748,0.4896904475482511,0.051860424135324976,0.701082200592771,0.649221776457446,-2.185255283496531,0.4774113383777173,0.5969721864108161,nan,nan
41,13,156237,forward,e,-,2361,2361.0,0.0,0.9084953570957659,0.1862096222365555,0.39563640975537684,0.9988799911324365,0.6032435813770597,0.0013144685037486037,0.9999999847142538,0.9986855162105052,-2.5021859995879017,0.5775453401368031,0.9718672813884314,nan,nan
41,14,165903,forward,e,-,8837,8837.0,0.0,0.8664605169847668,0.20967952044205257,0.30968335352771037,0.9983152512241072,0.6886318976963969,0.002475218115014193,0.9999998996737455,0.9975246815587313,-1.9038678876214932,0.5647242883399675,0.8719324237526637,nan,nan
41,15,43359,forward,e,-,2143,2143.0,0.0,0.36310129490163373,0.04689072814563548,0.3067200257718835,0.4472781711178982,0.14055814534601468,0.0956069990339061,0.7015280165081241,0.605921017474218,1.4697011903245092,0.0856854720589451,0.33615960570897996,nan,nan
41,16,50026,forward,e,-,1254,1252.0,2.0,0.6546105200921374,0.26816019449327183,0.10233751737586724,0.9932051252690726,0.8908676078932053,0.007668268693724633,0.9999999987577085,0.9923317300639839,-0.667416468872119,0.6493461066735895,0.6561409801622253,nan,nan
41,17,61172,forward,e,-,452,452.0,0.0,0.6670720098589404,0.16028837567906498,0.17242608675703067,0.6921407930979071,0.5197147063408765,0.0940504039598227,0.7287331322777189,0.6346827283178962,-2.44326565413643,0.49104179204805404,0.5694174748452621,nan,nan
41,18,120454,forward,e,-,12566,12566.0,0.0,0.7921564286918887,0.06275223884502976,0.7243918744613391,0.9202896951347808,0.19589782067344164,0.39696172762441717,0.9645353351205844,0.5675736074961673,0.26476452357628977,0.12124381359226077,0.40299726840073935,nan,nan
41,19,32794,forward,e,-,303,303.0,0.0,0.4861369414056071,0.13454652296735034,0.39622111641252694,0.8813251516517006,0.4851040352391736,0.18944846771352583,0.9978863569999046,0.8084378892863787,2.008637799900011,0.4184196315824254,0.5349808369306295,nan,nan
41,20,110558,forward,e,-,1907,1907.0,0.0,0.39825507038515495,0.07271007663217416,0.29821590765613626,0.5068452611332875,0.20862935347715128,0.19173208647701878,0.7038176036858796,0.5120855172088609,0.2461377418842145,0.12826433003957735,0.27884795664181117,nan,nan
41,21,22279,forward,e,-,803,803.0,0.0,0.2867885365936095,0.38699655125126003,0.014481226653951747,0.9614276033231312,0.9469463766691794,0.0006053674970887042,0.9999353848497212,0.9993300173526325,0.18819179432877342,0.8122860022452655,0.8261618614021286,nan,nan
41,22,65627,forward,e,-,743,57.0,686.0,0.12219571450596667,0.21864370257192337,0.10875637610508222,0.683059597143369,0.5743032210382867,0.10375372605808982,0.6878381081104565,0.5840843820523667,1.5946698997795143,nan,nan,nan,nan
41,23,153188,forward,e,-,3577,3577.0,0.0,0.8780067926156987,0.2003094518341694,0.309698070560376,0.9980048454930524,0.6883067749326763,0.004732944403399251,0.9999999967431887,0.9952670523397895,-2.3382078848469594,0.6390449628212626,0.9440100889782393,nan,nan
41,24,69136,forward,e,-,1600,1600.0,0.0,0.8001794321277476,0.10896202394841537,0.7271095208713682,0.9128364769102035,0.18572695603883538,0.09393560652035103,0.9416817914491904,0.8477461849288394,-4.156190824477044,0.10812124817102618,0.7265868528896184,nan,nan
41,25,167830,forward,e,-,1814,1814.0,0.0,0.906044774724968,0.21449776767620973,0.2707703969268875,0.9989561228726996,0.7281857259458122,0.0001671890931137829,0.9999999261774133,0.9998327370842995,-2.1341377622060125,0.724964597507534,0.9955678053413077,nan,nan
41,26,148588,forward,e,-,7200,7199.0,1.0,0.875145039157724,0.17240435275560956,0.44909539297319107,0.9979687113098603,0.5488733183366692,0.000599937398841331,0.9999999760915884,0.9994000386927471,-2.545577098481316,0.49615454487894683,0.9446500004532966,nan,nan
41,27,167957,forward,e,-,2,2.0,0.0,0.7303968877267462,0.00682687271592558,0.7242527022824132,0.7365410731710792,0.012288370888665967,0.7235700150108206,0.7372237604426718,0.01365374543185116,nan,0.012971058160258602,0.01365374543185116,nan,nan
41,28,14797,forward,e,-,846,846.0,0.0,0.5728349353000805,0.22412152174216907,0.1714317200940625,0.8944197425150293,0.7229880224209668,0.07425558740802864,0.9998594751901325,0.9256038877821039,-0.16751665122993228,0.4684339384538918,0.573873671128995,nan,nan
41,29,32944,forward,e,-,457,457.0,0.0,0.6433163951790916,0.19120291058273384,0.18256929958772494,0.6958741816101565,0.5133048820224315,0.09428293306474804,0.7312966127561726,0.6370136796914246,-1.2444368495298372,0.45468704516141945,0.5429734116843964,nan,nan
41,30,45291,forward,e,-,13142,13141.0,1.0,0.7608625569632398,0.1499064309105881,0.600030853272035,0.9948614394178774,0.39483058614584243,0.09315892251543226,0.9999999939659421,0.9068410714505099,-0.7975423556343363,0.22278667200534685,0.6832467011559412,nan,nan
41,31,88569,forward,e,-,2774,2771.0,3.0,0.324409839375889,0.05067013453326988,0.2812312810990897,0.4179497587851745,0.1367184776860848,0.1841024584093291,0.7003952306261192,0.51629277221679,2.101320233562018,0.09471190330239337,0.37043849716494065,nan,nan
41,32,176015,forward,e,-,15556,15556.0,0.0,0.8327793597400426,0.1683591948589009,0.5657904686155584,0.997663266533501,0.43187279791794264,0.002972835344965402,0.9999999975559938,0.9970271622110284,-1.4873391571654169,0.23479539837055102,0.7976130316411439,nan,nan
41,33,116002,forward,e,-,11138,11137.0,1.0,0.6885955452598729,0.12198713960892954,0.5961691222474795,0.9453716225175584,0.3492025002700788,0.0007192626070873285,0.999999926182087,0.9992806635749997,-1.0512098458425636,0.2963871315018867,0.6846320462083051,nan,nan
41,34,31657,forward,e,-,487,483.0,4.0,0.8082940210725071,0.2202368544474621,0.37641473127605063,0.9967473133592019,0.6203325820831512,0.035881912404411236,0.9999986823448612,0.96411676994045,-1.0104146123518352,0.5696384047700226,0.9101712236416619,nan,nan
41,35,51108,forward,e,-,3933,3933.0,0.0,0.4765660555026766,0.051786594603582405,0.3949998522298541,0.5209216564380257,0.12592180420817156,0.095168832221437,0.7006735321850669,0.6055046999636299,-1.198508898765907,0.07370622916734644,0.3699588072223522,nan,nan
41,36,8025,forward,e,-,2574,2574.0,0.0,0.35047728269158895,0.029505275986915807,0.31702202982417016,0.3816941197072129,0.06467208988304274,0.09457712793416218,0.6366377307159241,0.5420606027817619,0.9486827703761506,0.03809015087741239,0.2892767804785631,nan,nan
41,37,165874,forward,e,-,9677,9677.0,0.0,0.9592009074485195,0.09658418302610443,0.8079187045203085,0.9995342650817491,0.1916155605614407,0.07995581710975462,0.9999999981425329,0.9200441810327783,-5.033713298612287,0.1560322794685409,0.8839951668790949,nan,nan
41,38,35110,forward,e,-,1219,1216.0,3.0,0.7519832053188327,0.21554920928958252,0.32350432552898406,0.9967793133935159,0.6732749878645319,0.08097545256986279,0.999999758967776,0.9190243063979132,-0.5835153385463657,0.6038200636686328,0.607040509242893,nan,nan
41,39,80819,forward,e,-,7678,7678.0,0.0,0.9526260188773806,0.22276552342709524,0.26998580221791807,0.9994680676150669,0.7294822653971489,1.8871492630350324e-05,0.9999999997858843,0.9999811282932539,-2.225234343067439,0.42422642115193676,0.6941933518772251,nan,nan
41,40,38011,forward,e,-,862,861.0,1.0,0.6621257458748645,0.17350969284362436,0.1776207948206435,0.6890230715486814,0.5114022767280378,0.09500276807094252,0.7144767977305191,0.6194740296595765,-1.3743326156553997,0.48753951543963625,0.5701575421893372,nan,nan
41,0,144351,forward,w,deg,45608,45606.0,2.0,-20.875813620449293,85.61279637567546,-80.73340785177064,120.82646471461948,201.5598725663901,-150.63282078745897,123.82754544531997,274.46036623277894,0.07023014045548971,177.68104241451977,179.99999750566982,338.5106216806688,0.10854083398982964
41,1,22426,forward,w,deg,4427,4427.0,0.0,-2.0905404881968366,11.295836024468457,-11.662153019021128,15.680516548226116,27.342669567247242,-12.328008921657386,48.10781341545788,60.43582233711527,1.902519756384376,21.042126449616298,53.469423316848065,304.6401608829138,0.9810406662495486
41,2,24011,forward,w,deg,832,5.0,827.0,-7.64534631091027,21.05706996303356,-15.830445882708734,32.71154848688078,48.54199436958952,-17.339015039745362,41.83170691356369,59.170721953309055,1.985560738380692,nan,nan,229.33517562905612,0.9348064063045429
41,3,167952,forward,w,deg,2141,2141.0,0.0,8.043422074161555,54.546085608700245,-77.28471826821374,73.78213072833086,151.0668489965446,-84.5277740152303,111.55973883738073,196.08751285261104,-0.0852512518358292,153.96740534880144,161.210461095818,24.502201283036914,0.5968070554813034
41,4,48782,forward,w,deg,6034,6034.0,0.0,-5.1054797481643845,15.895233926833562,-11.773483889971647,39.691976159341046,51.465460049312696,-55.70718966356739,108.39700233736426,164.10419200093165,2.094842383196651,47.31497343027982,115.96377696940033,299.1217080890403,0.9633086206545342
41,5,51611,forward,w,deg,1255,1255.0,0.0,4.54634283290676,58.76978752931367,-133.68983061611283,40.573853955523774,174.2636845716366,-142.49850136828286,55.308322218571476,197.80682358685434,-1.2261723917082041,164.3832052320341,173.19187598420416,42.340865257958,0.6153470085643998
41,6,35310,forward,w,deg,324,324.0,0.0,-3.822699883047733,20.631000080734275,-25.818464832984482,37.07806140729289,62.896526240277375,-30.317775399020263,87.05972921006071,117.37750460908097,0.9520865824167393,49.10334613308561,99.08501393585345,18.838491364572103,0.9377284385659572
41,7,28151,forward,w,deg,1477,1477.0,0.0,-5.4244228168084305,34.47566533391536,-40.88053344746292,78.69931486341541,119.57984831087833,-177.76609877265832,179.01751720284324,356.78361597550156,1.110794720003812,95.2453511622453,175.6554769234684,334.04406333488924,0.8549154523600345
41,8,40315,forward,w,deg,899,899.0,0.0,-6.892146462049368,18.92550682353447,-11.909645472695406,38.95966384639292,50.86930931908833,-69.4559222907148,134.64269649602755,204.09861878674235,1.8557819349550675,47.14089869693694,140.47663981465928,302.3439232581893,0.9509867337756409
41,9,175498,forward,w,deg,2764,2764.0,0.0,-3.327126929774181,16.427581255549327,-17.34116619179625,29.552107027934873,46.89327321973113,-31.29974450167407,127.54140274593294,158.841147247607,2.0903797623988014,29.011731930935124,126.86508355455749,21.32433395242518,0.9620912533276692
41,10,14141,forward,w,deg,8568,8567.0,1.0,-0.6672613551978088,6.2282820122284,-8.875812631012684,11.327384225149153,20.20319685616184,-10.532303540712121,20.835227736779075,31.367531277491196,0.534952296179128,15.46635436480539,24.974197876435312,303.2794284893714,0.99410782342781
41,11,210090,forward,w,deg,3039,3039.0,0.0,36.91524925188372,59.0159809841791,-105.44377003376461,83.01277308756713,188.45654312133172,-106.41675298403067,123.26559284885968,229.68234583289035,-0.2956377974721255,149.0401599389662,150.01314288923226,3.058518038951219,0.5488952501001834
41,12,31323,forward,w,deg,851,851.0,0.0,-6.621921111606639,32.79858163475468,-11.685180461461272,83.95283992453074,95.63802038599201,-146.16885400354505,144.51131139442225,290.6801653979673,1.2823984759079974,92.80395512256982,153.2326509535893,303.8248877261683,0.8645301422229166
41,13,156237,forward,w,deg,2361,2361.0,0.0,1.7284947930462522,83.01271540417017,-164.65391306145045,43.35377941649864,208.0076924779491,-170.37124784947594,120.2623369545878,290.63358480406373,-0.5214120899128034,166.01871601916793,171.7360508071934,255.28191715223863,0.27836131981355
41,14,165903,forward,w,deg,8837,8837.0,0.0,-13.066364820138858,84.04138253861339,-19.58765872414807,163.90568421233831,183.49334293648639,-178.85503594269446,179.84570386040616,358.70073980310065,0.45234183261889527,177.48699651719045,179.9895521736637,286.0036752547127,0.24088706440160332
41,15,43359,forward,w,deg,2143,2143.0,0.0,-4.158329276902691,11.02019298391333,-9.107531730669326,24.12164465035239,33.229176381021716,-31.272433764854156,62.26243961690005,93.53487338175421,2.0083836009264635,29.054653689498092,67.19544865604576,302.9068799590557,0.9819278614488337
41,16,50026,forward,w,deg,1254,1252.0,2.0,-30.455318154053543,64.23671468810774,-101.88800744536643,87.42243441777057,189.310441863137,-177.21779629054313,179.95016938890262,357.16796567944573,-0.004655905276252364,171.13651003547855,179.97692165019686,328.8674825442974,0.4958768241352975
41,17,61172,forward,w,deg,452,452.0,0.0,-4.509890065534449,24.499305008789012,-14.820920756463405,70.49888056734696,85.31980132381037,-74.47808076854795,111.92002406351543,186.39810483206338,2.1424399149772926,78.28900037388391,119.71014387005238,322.4690861036573,0.9207378322761169
41,18,120454,forward,w,deg,12566,12566.0,0.0,-3.140789024453767,12.076646232774754,-9.919132608645171,23.176404471563075,33.095537080208246,-172.69890661376763,175.82049092247468,348.5193975362423,3.4296468704096443,28.135379500483353,179.26619431255642,267.77188397481206,0.9802233780209515
41,19,32794,forward,w,deg,303,303.0,0.0,-3.4693219760147542,23.664213099742923,-25.01741223572896,39.5065817265778,64.52399396230676,-31.56402301652048,144.9503880367098,176.51441105323028,2.321254204349134,52.53498467078112,157.97879098091312,30.132315915107522,0.9276579192510546
41,20,110558,forward,w,deg,1907,1907.0,0.0,0.6809258387633008,19.429952324910026,-37.42205709022094,28.368330504926522,65.79038759514746,-40.20204787629359,140.94008241993737,181.14213029623096,-0.0030168616349950856,38.756239043864134,139.8546206967514,333.3996827014555,0.9452313420809152
41,21,22279,forward,w,deg,803,803.0,0.0,-3.561511110139463,78.13935692851477,-26.7289363512229,155.86461791846423,182.59355426968713,-146.68956086678926,162.59589186803458,309.2854527348238,0.714720790923268,160.58805361702773,167.31932756659808,298.86348451707295,0.37471417841825544
41,22,65627,forward,w,deg,743,57.0,686.0,-8.489811470729848,27.784301795974756,-21.842983630474976,56.96038884303139,78.80337247350636,-24.192366341822805,57.567176220411795,81.7595425622346,1.3885117602827524,nan,nan,233.11017258850364,0.889756452451998
41,23,153188,forward,w,deg,3577,3577.0,0.0,-3.566834599516767,36.07199284839336,-29.80987520180603,88.77742565633054,118.58730085813656,-179.19822397069254,179.989020385539,359.18724435623153,1.066593999362354,94.98964167213374,178.7959108119601,357.0855873034618,0.8575279178306687
41,24,69136,forward,w,deg,1600,1600.0,0.0,-0.3234593465608384,9.850496456586516,-9.387985037620911,11.192330839490415,20.580315877111325,-67.84332157651431,89.8221908104315,157.6655123869458,0.1296162378694078,15.850780569635758,93.86149192468577,314.6612609589423,0.9860666401919653
41,25,167830,forward,w,deg,1814,1814.0,0.0,8.23668802689565,86.1399455455949,-161.18122279448323,54.20399328974082,215.38521608422406,-164.97103933007054,154.87045809182575,319.8414974218963,-0.3050054477313571,170.70352306894472,174.49333960453203,248.7488734802543,0.21597504485939079
41,26,148588,forward,w,deg,7200,7199.0,1.0,-9.02620407210776,80.0320303594983,-174.45509128137925,53.564138137913496,228.01922941929274,-179.99189004554722,179.98322251809594,359.97511256364317,-0.6490002089293633,165.5881785261081,179.55933651385737,267.27475956385274,0.4812383145510412
41,27,167957,forward,w,deg,2,2.0,0.0,-2.842170943040401e-14,13.18302478122527,-11.864722303102772,11.864722303102713,23.729444606205483,-13.1830247812253,13.183024781225242,26.36604956245054,nan,25.047747084328012,26.36604956245054,358.3002190806869,0.9736465144449072
41,28,14797,forward,w,deg,846,846.0,0.0,6.124350980872833,39.401052989939224,-61.8830296588047,13.220113747775343,75.10314340658005,-178.5244656028628,176.42469269549372,354.9491582983565,-1.7495583625532891,129.7093112716293,179.7747905194741,88.20241620577303,0.8486160812850083
41,29,32944,forward,w,deg,457,457.0,0.0,-2.427918411293831,58.226085888937895,-42.52512087006046,106.72490786315893,149.25002873321938,-173.38969506790446,170.285035275596,343.6747303435004,0.6182204835103584,142.51738545512177,179.00280235839608,334.6403993095448,0.6040702220445122
41,30,45291,forward,w,deg,13142,13141.0,1.0,-7.371493433618127,45.38809423361852,-10.536154088953992,124.641104990217,135.177259079171,-86.02795673713612,154.05357248035148,240.0815292174876,2.101147661506728,134.95187213189485,164.36433962202932,296.58043523284374,0.778672712363176
41,31,88569,forward,w,deg,2774,2771.0,3.0,-2.877621255047302,13.911280865638371,-15.32606987773238,29.304998682578457,44.63106856031084,-17.101505961467694,70.06624212460031,87.167748086068,1.4660141275853389,34.76398284538078,75.52522628740263,316.1193040732267,0.971311727757559
41,32,176015,forward,w,deg,15556,15556.0,0.0,-14.101336801464981,65.39269022254284,-31.216436252752473,132.91360428071175,164.13004053346424,-174.22243130564934,178.36347681235344,352.58590811800275,0.9496039649490898,161.21738002064373,179.99147362791967,307.2489833858581,0.5166610926250054
41,33,116002,forward,w,deg,11138,11137.0,1.0,-4.232726296019564,36.321569196502,-25.982601691131354,128.01126780966857,153.99386950079992,-29.314529370803967,178.2620339093421,207.57656328014608,2.83601176973117,138.4391777651863,176.1222411102803,284.28740589837224,0.86432941041818
41,34,31657,forward,w,deg,487,483.0,4.0,19.68171735655136,65.04393252348983,-121.86553030776882,61.04652943492959,182.9120597426984,-159.19604526281222,176.4404446078891,335.6364898707013,-0.3423759505243656,151.50810367347512,177.8053315891201,353.1712483573441,0.5079873877634677
41,35,51108,forward,w,deg,3933,3933.0,0.0,-0.5563160966891019,15.34203644395762,-17.933775241233377,20.536696454064412,38.47047169529779,-62.55275700556254,148.36242506259617,210.9151820681587,3.223545536007204,26.649476099220315,154.39265788242432,315.4869750069677,0.969173395795651
41,36,8025,forward,w,deg,2574,2574.0,0.0,-1.6811300425485172,7.544817117633947,-4.444478503604043,5.636944609069019,10.081423112673061,-4.5626637832067445,72.8771758489998,77.43983963220654,5.368127502436823,9.162083702970449,76.40231494290123,296.7195823730594,0.9918146382726922
41,37,165874,forward,w,deg,9677,9677.0,0.0,3.478222371775246,78.92802468259326,-168.32047911764195,9.2606338236145,177.58111294125646,-173.61425372725398,149.50985491262276,323.12410863987674,-0.8239690905593987,173.52508722590144,178.81886183551347,257.52373272524324,0.41478056086178006
41,38,35110,forward,w,deg,1219,1216.0,3.0,21.297847835783443,70.7227822065956,-115.05727140369376,62.846538818147344,177.9038102218411,-177.56830633520764,178.6515353099511,356.21984164515874,-0.4021266241197349,159.20867401591408,179.7442873191643,29.159989486292844,0.38808721667134943
41,39,80819,forward,w,deg,7678,7678.0,0.0,-6.076075584572919,53.18507278640415,-61.626303194016465,65.35294286587691,126.97924605989337,-175.59135022166575,70.64557126407101,246.23692148573676,-0.1717132617519881,116.2111397941296,176.4966035672685,352.69839468657676,0.6187818245455883
41,40,38011,forward,w,deg,862,861.0,1.0,-12.780807219299675,27.80777685971322,-22.083908005659907,61.50654544185625,83.59045344751615,-83.86604777228479,90.10078545971061,173.9668332319954,1.151863205823485,78.82228891583082,107.41652893368519,316.23463305358666,0.8898909355923253
45,0,144351,backward,a,km,45608,0.0,45608.0,nan,nan,nan,nan,nan,nan,nan,nan,nan,nan,nan,nan,nan
45,1,23915,backward,a,km,4561,4561.0,0.0,222616.98342438746,5384.757780267127,212550.92142194117,229550.89257695174,16999.97115501057,210266.23027924792,230946.33753623147,20680.107256983552,-0.30963511061155347,9116.59133280188,11318.576321122993,nan,nan
45,2,23568,backward,a,km,825,825.0,0.0,238993.30123754966,1747.0832953871277,235591.24695697983,240775.34975443373,5184.102797453903,234753.72657635986,240887.13012143958,6133.403545079724,-0.41879630728333567,3682.2699161343967,4519.790296754363,nan,nan
45,3,167952,backward,a,km,2141,0.0,2141.0,nan,nan,nan,nan,nan,nan,nan,nan,nan,nan,nan,nan,nan
45,4,48782,backward,a,km,6026,6026.0,0.0,210921.49541621524,4065.2712379969903,204961.3276454486,217545.22379495171,12583.896149503125,204471.997323538,219270.45584726302,14798.458523725014,0.09790754989141481,6867.885834273315,7517.34861658662,nan,nan
45,5,51611,backward,a,km,1255,0.0,1255.0,nan,nan,nan,nan,nan,nan,nan,nan,nan,nan,nan,nan,nan
45,6,34556,backward,a,km,417,417.0,0.0,211058.1718854128,8755.950524016092,203078.3583867256,231308.66802462086,28230.30963789526,201468.0125684595,235702.69840392916,34234.68583546966,0.72287023889252,18715.09866177726,23109.129041085573,nan,nan
45,7,28151,backward,a,km,1230,1230.0,0.0,223004.12059457134,4924.475397710384,213999.59792741085,230052.21488894147,16052.616961530613,211162.29850989842,231375.1726500322,20212.87414013379,-0.2788234686122376,8868.209875645658,10496.895481228392,nan,nan
45,8,40083,backward,a,km,898,898.0,0.0,211917.6902751873,7888.462516599961,201751.00011043498,225284.25057270602,23533.25046227104,193116.96626675624,234286.71490295764,41169.7486362014,0.18546978598311506,15144.242657643541,24061.57432472316,nan,nan
45,9,175498,backward,a,km,2764,0.0,2764.0,nan,nan,nan,nan,nan,nan,nan,nan,nan,nan,nan,nan,nan
45,10,9905,backward,a,km,4957,4957.0,0.0,221740.19076817628,4019.654934098831,214942.50328454134,227634.7526909372,12692.249406395858,213219.75513014183,235166.0841545898,21946.329024447972,-0.07728201746161213,7560.9129397857405,12786.451818122587,nan,nan
45,11,210090,backward,a,km,3039,0.0,3039.0,nan,nan,nan,nan,nan,nan,nan,nan,nan,nan,nan,nan,nan
45,12,22717,backward,a,km,781,781.0,0.0,235639.3307211969,1213.4255466558761,234263.0266390343,236750.0796587462,2487.0530197118933,210930.0618654633,237268.7766298381,26338.714764374803,-11.098656208034773,1447.1862298749038,24696.105808946624,nan,nan
45,13,156237,backward,a,km,2361,0.0,2361.0,nan,nan,nan,nan,nan,nan,nan,nan,nan,nan,nan,nan,nan
45,14,165903,backward,a,km,8837,0.0,8837.0,nan,nan,nan,nan,nan,nan,nan,nan,nan,nan,nan,nan,nan
45,15,43359,backward,a,km,2140,2140.0,0.0,199332.70699138395,2204.1879588663082,197049.2697958183,203758.24815945295,6708.97836363464,193076.19742837848,204479.9056088811,11403.70818050261,0.4449615272173313,5453.667351995314,6175.324801423441,nan,nan
45,16,50026,backward,a,km,1248,1248.0,0.0,229198.7369653052,4272.050731931224,220554.01639403598,234805.4127245063,14251.396330470336,217418.08706469456,235537.67754293766,18119.590478243103,-0.4311539941916369,9258.351569835522,12394.280899176956,nan,nan
45,17,61863,backward,a,km,434,434.0,0.0,201838.2684267087,1336.7046779304449,201062.83538703067,204157.17148383058,3094.3360967999033,193064.57318591388,204479.13620268233,11414.563016768458,-2.5874167519716136,2595.6495043221103,8585.08067373748,nan,nan
45,18,120454,backward,a,km,12566,0.0,12566.0,nan,nan,nan,nan,nan,nan,nan,nan,nan,nan,nan,nan,nan
45,19,32794,backward,a,km,286,286.0,0.0,238478.8663549617,2430.1028947397463,233685.49279344437,240990.5304574613,7305.037664016942,232642.04805865686,241041.67889637285,8399.630837715988,-0.4420279335614826,4384.982362149116,5428.427096936619,nan,nan
45,20,110203,backward,a,km,1784,1784.0,0.0,209041.56855554605,5966.725891704393,204437.18912778547,219605.36853672224,15168.179408936761,202591.05632063546,232899.43322680116,30308.376906165708,1.689640249602308,10229.17441817294,23523.239108251873,nan,nan
45,21,59987,backward,a,km,335,335.0,0.0,227397.4171669349,5571.265340153498,221755.70479475026,237526.7558978291,15771.051103078848,213590.75845775424,239054.1228053799,25463.36434762567,0.29190788208681256,9129.073209583654,14897.645814829302,nan,nan
45,22,65627,backward,a,km,751,751.0,0.0,230844.96481602133,3842.6474561156547,223289.53439923155,234943.17579318676,11653.641393955215,210622.97161221624,236339.93878593136,25716.967173715122,-1.2424096312001431,7719.913207862497,16874.824335551617,nan,nan
45,23,153188,backward,a,km,3577,0.0,3577.0,nan,nan,nan,nan,nan,nan,nan,nan,nan,nan,nan,nan,nan
45,24,69136,backward,a,km,1596,1596.0,0.0,203464.20114320685,1028.7420410487082,202075.65170490855,204408.99075789587,2333.339052987314,193052.52070609113,204528.55215177848,11476.031445687346,-4.225690933320488,1275.518685465613,10298.649684283038,nan,nan
45,25,167830,backward,a,km,1814,0.0,1814.0,nan,nan,nan,nan,nan,nan,nan,nan,nan,nan,nan,nan,nan
45,26,148588,backward,a,km,7200,0.0,7200.0,nan,nan,nan,nan,nan,nan,nan,nan,nan,nan,nan,nan,nan
45,27,167957,backward,a,km,2,0.0,2.0,nan,nan,nan,nan,nan,nan,nan,nan,nan,nan,nan,nan,nan
45,28,12157,backward,a,km,744,744.0,0.0,238673.63713073544,1087.4056636965392,236789.809149458,239749.56379263962,2959.75464318163,230330.48290942452,240991.0145124345,10660.531603009993,-1.2508519698028644,2073.804369211837,8482.938635419589,nan,nan
45,29,24196,backward,a,km,3709,3709.0,0.0,208535.07766717667,3049.145277292777,203976.89433808834,213622.04645333896,9645.152115250617,202700.10388098448,216161.93840208842,13461.834521103941,0.12129306981664517,5435.764648520941,7105.650964970264,nan,nan
45,30,45291,backward,a,km,13141,13141.0,0.0,225808.70903342596,4592.756369389889,218684.5752518289,232900.42692117355,14215.851669344644,212638.55597988612,236341.0270321517,23702.47105226558,-0.009675107159866721,9460.972858967638,12901.067212716793,nan,nan
45,31,88569,backward,a,km,2769,2769.0,0.0,198259.57074474855,2473.5321181240856,195778.7193682415,203324.16211376194,7545.442745520442,195334.9646952492,204531.56374610294,9196.59905085375,0.4728649503898189,5826.416165932576,7033.81779827358,nan,nan
45,32,176015,backward,a,km,15556,0.0,15556.0,nan,nan,nan,nan,nan,nan,nan,nan,nan,nan,nan,nan,nan
45,33,116002,backward,a,km,11138,0.0,11138.0,nan,nan,nan,nan,nan,nan,nan,nan,nan,nan,nan,nan,nan
45,34,29608,backward,a,km,452,452.0,0.0,238484.43334371678,2357.17557159723,233822.00403004923,240901.3026260052,7079.298595955974,230736.66871143918,241125.0717833503,10388.403071911103,-0.6252969572861102,4712.214416586353,7797.5497351964,nan,nan
45,35,52314,backward,a,km,3886,3886.0,0.0,200423.9634907136,1637.1433090125468,198281.34033054038,203689.97231658024,5408.631986039865,193167.70139503328,204535.18601765996,11367.484622626682,0.3163027979843745,4363.434217558548,6169.618990876275,nan,nan
45,36,31348,backward,a,km,168,168.0,0.0,216830.0217345166,8556.838572283741,202754.10018082653,230805.69248027614,28051.592299449607,201334.34470297335,231255.9631062098,29921.61840323644,-0.056838558862953956,14403.779811144494,15360.00786222893,nan,nan
45,37,165874,backward,a,km,9677,0.0,9677.0,nan,nan,nan,nan,nan,nan,nan,nan,nan,nan,nan,nan,nan
45,38,33505,backward,a,km,629,629.0,0.0,234677.70569967953,1386.0030370773761,233363.62350835593,237017.2949875452,3653.6714791892737,221829.83684148052,237938.23750273677,16108.400661256252,-2.124542607574862,2406.740661953914,12851.44609060543,nan,nan
45,39,80819,backward,a,km,7644,7644.0,0.0,210961.9473293064,3769.5187259652166,205591.91668641812,217326.2231612781,11734.306474859972,193076.85340608083,220362.51865377722,27285.665247696394,0.04221412682577453,6759.518198874417,19206.462193654093,nan,nan
45,40,37316,backward,a,km,871,871.0,0.0,210049.8422290689,4517.530328162693,204096.82904614034,217968.25382772592,13871.424781585578,202619.38082314158,230341.14389758845,27721.763074446877,0.7902683961856506,7820.192609556587,19539.959751997667,nan,nan
45,41,8287,backward,a,km,2550,2550.0,0.0,213718.39750822267,5179.099002216896,205589.65217649183,222187.50213163724,16597.849955145415,204384.07322285854,224374.64898494363,19990.575762085093,0.047548259115511346,8908.589315136502,11059.606178294285,nan,nan
45,42,33249,backward,a,km,308,308.0,0.0,237766.3691464251,4741.611155938587,225768.1840428316,241034.0323144779,15265.848271646304,222403.74120655473,241085.72261298014,18681.981406425417,-1.0881044590263478,12293.453282487077,15657.89611876395,nan,nan
45,43,30636,backward,a,km,813,813.0,0.0,223543.8327340099,4951.875702590256,215419.79950974052,230931.32348527364,15511.523975533113,212798.23717066165,236243.05500202722,23444.817831365566,-0.07166500170915845,8821.506170684337,14014.673384673079,nan,nan
45,44,39017,backward,a,km,636,636.0,0.0,233045.96262608177,1045.5624391797594,231148.38580472625,234813.27187074622,3664.8860660199716,230091.87061,235531.23086323772,5439.360253237712,-0.21285386781453897,2239.568028987793,3296.0832237140276,nan,nan
45,0,144351,backward,e,-,45608,0.0,45608.0,nan,nan,nan,nan,nan,nan,nan,nan,nan,nan,nan,nan,nan
45,1,23915,backward,e,-,4561,4561.0,0.0,0.346429267275651,0.04346187586762205,0.2881157262987362,0.4252536321193555,0.1371379058206193,0.27555961201693546,0.44260000641822184,0.16704039440128637,0.25020377727809373,0.07384227176443975,0.08792302762200072,nan,nan
45,2,23568,backward,e,-,825,825.0,0.0,0.19511596688026012,0.019152980010464792,0.17398249455977324,0.23062121490981824,0.056638720350044996,0.17265093155954234,0.23855717708359325,0.06590624552405092,0.34283573170395903,0.040012985569578004,0.04794894774335301,nan,nan
45,3,167952,backward,e,-,2141,0.0,2141.0,nan,nan,nan,nan,nan,nan,nan,nan,nan,nan,nan,nan,nan
45,4,48782,backward,e,-,6026,6026.0,0.0,0.4374698137893622,0.03092608920043097,0.38643802904209107,0.48217106099572293,0.09573303195363186,0.37240944630998474,0.48594402621755617,0.11353457990757143,-0.11697741951070252,0.05195846274885407,0.058729291880123824,nan,nan
45,5,51611,backward,e,-,1255,0.0,1255.0,nan,nan,nan,nan,nan,nan,nan,nan,nan,nan,nan,nan,nan
45,6,34556,backward,e,-,417,417.0,0.0,0.4365459011705161,0.06912911181088295,0.27174039260594574,0.4961886015326896,0.2244482089267439,0.22872297909796435,0.5082489392345224,0.27952596013655806,-0.8044922757219214,0.15311753448107346,0.19613494798905484,nan,nan
45,7,28151,backward,e,-,1230,1230.0,0.0,0.3427753755748994,0.04015684204593729,0.28338654204700975,0.4140953933420782,0.13070885129506843,0.2731942552037952,0.4357631563204067,0.1625689011166115,0.21512325735295637,0.07255205546513938,0.08175839187626643,nan,nan
45,8,40083,backward,e,-,898,898.0,0.0,0.4299772731244783,0.06079560696595946,0.3242145482893046,0.5061572425605299,0.18194269427122522,0.24352272704061106,0.5700086310735369,0.3264859040329259,-0.23757957616079695,0.11931950894743991,0.1992950725020013,nan,nan
45,9,175498,backward,e,-,2764,0.0,2764.0,nan,nan,nan,nan,nan,nan,nan,nan,nan,nan,nan,nan,nan
45,10,9905,backward,e,-,4957,4957.0,0.0,0.3536626883121486,0.032371124795076034,0.30483070839440657,0.4070547360095424,0.10222402761513583,0.2375971620123465,0.4203174498313905,0.182720287819044,0.020983033257495128,0.05986038681733941,0.11094446413501177,nan,nan
45,11,210090,backward,e,-,3039,0.0,3039.0,nan,nan,nan,nan,nan,nan,nan,nan,nan,nan,nan,nan,nan
45,12,22717,backward,e,-,781,781.0,0.0,0.23014954373014426,0.01106531916198543,0.21865524480064927,0.24345222857413973,0.02479698377349046,0.21317399983351987,0.4379670055016741,0.22479300566815424,8.819472894226474,0.014237578951362434,0.207680601620999,nan,nan
45,13,156237,backward,e,-,2361,0.0,2361.0,nan,nan,nan,nan,nan,nan,nan,nan,nan,nan,nan,nan,nan
45,14,165903,backward,e,-,8837,0.0,8837.0,nan,nan,nan,nan,nan,nan,nan,nan,nan,nan,nan,nan,nan
45,15,43359,backward,e,-,2140,2140.0,0.0,0.524155992895733,0.01629551410986514,0.49143302017070345,0.5410122148479602,0.0495791946772568,0.48569284519327055,0.5703133050206662,0.08462045982739569,-0.4474825083970922,0.04034648049062559,0.04608665546805851,nan,nan
45,16,50026,backward,e,-,1248,1248.0,0.0,0.2903486111601025,0.03695380844092281,0.23893890541292093,0.36218344859917784,0.12324454318625691,0.2316081199446042,0.3875788573591704,0.1559707374145662,0.34191247609611486,0.07756920347990488,0.10296461223989745,nan,nan
45,17,61863,backward,e,-,434,434.0,0.0,0.5055178682266738,0.009907829886192059,0.48827045649283757,0.511268605217503,0.02299814872466538,0.48571602481883036,0.5704147561273051,0.08469873130847472,2.568697040338773,0.019257466980544702,0.06348908267357067,nan,nan
45,18,120454,backward,e,-,12566,0.0,12566.0,nan,nan,nan,nan,nan,nan,nan,nan,nan,nan,nan,nan,nan
45,19,32794,backward,e,-,286,286.0,0.0,0.20021631770252682,0.02587087916829082,0.17126535128365522,0.24861200192728589,0.07734665064363067,0.1705922580032535,0.2616884087544383,0.09109615075118477,0.35656422659959675,0.04476754915978037,0.05784395598693276,nan,nan
45,20,110203,backward,e,-,1784,1784.0,0.0,0.45146199965743883,0.04704818653629862,0.36973454509991893,0.4862749869730906,0.11654044187317164,0.2561010855958638,0.49979373196666516,0.24369264637080135,-1.8458498433260213,0.07912746663647614,0.1927609261405313,nan,nan
45,21,59987,backward,e,-,335,335.0,0.0,0.3063089759599179,0.04989153045043616,0.21032578693197762,0.35253527075101926,0.14220948381904164,0.1932174599686084,0.4172034625227199,0.2239860025541115,-0.40751836939629343,0.08676690546693153,0.12104516125745413,nan,nan
45,22,65627,backward,e,-,751,751.0,0.0,0.27562193661041423,0.03370893701928165,0.23704269573331757,0.34192590009231005,0.10488320435899248,0.22573443184795422,0.44028354661417857,0.21454911476622435,1.0648024704092227,0.0694024098245914,0.13557204343396284,nan,nan
45,23,153188,backward,e,-,3577,0.0,3577.0,nan,nan,nan,nan,nan,nan,nan,nan,nan,nan,nan,nan,nan
45,24,69136,backward,e,-,1596,1596.0,0.0,0.493390391621051,0.007647912607811036,0.4863371003182837,0.5037194625574333,0.017382362239149574,0.48536137834930265,0.5704977881826699,0.08513640983336729,4.1903283835556575,0.0094742549815518,0.07625258060678852,nan,nan
45,25,167830,backward,e,-,1814,0.0,1814.0,nan,nan,nan,nan,nan,nan,nan,nan,nan,nan,nan,nan,nan
45,26,148588,backward,e,-,7200,0.0,7200.0,nan,nan,nan,nan,nan,nan,nan,nan,nan,nan,nan,nan,nan
45,27,167957,backward,e,-,2,0.0,2.0,nan,nan,nan,nan,nan,nan,nan,nan,nan,nan,nan,nan,nan
45,28,12157,backward,e,-,744,744.0,0.0,0.1984365911782855,0.011711979330888302,0.18650733957790158,0.21829936722466442,0.03179202764676284,0.17139955080305702,0.28256625377565203,0.11116670297259501,1.086114043467163,0.023038824045570262,0.08581657942129711,nan,nan
45,29,24196,backward,e,-,3709,3709.0,0.0,0.45566218305956024,0.022937924497260676,0.4171242161037081,0.48971178795490033,0.07258757185119225,0.39744990995991114,0.49920013426704896,0.10175022430713782,-0.13530072380753547,0.04080242895035557,0.05432304451876108,nan,nan
45,30,45291,backward,e,-,13141,13141.0,0.0,0.319542857501969,0.038837118687760956,0.2569385934749135,0.37739211060009475,0.12045351712518126,0.22268798498332593,0.4250404939759625,0.20235250899263657,-0.06113275905479085,0.08228401573133948,0.11651819275813136,nan,nan
45,31,88569,backward,e,-,2769,2769.0,0.0,0.5320472174554005,0.01835658076174142,0.49437722513239846,0.5504010924826515,0.056023867350253,0.4852904288833956,0.5536543786931964,0.06836394980980087,-0.47597333796199653,0.043247117280390227,0.052333913529393095,nan,nan
45,32,176015,backward,e,-,15556,0.0,15556.0,nan,nan,nan,nan,nan,nan,nan,nan,nan,nan,nan,nan,nan
45,33,116002,backward,e,-,11138,0.0,11138.0,nan,nan,nan,nan,nan,nan,nan,nan,nan,nan,nan,nan,nan
45,34,29608,backward,e,-,452,452.0,0.0,0.2001557867633783,0.02510813004755793,0.17236341153892057,0.24780275829621684,0.07543934675729627,0.16971737352447916,0.2789814627215689,0.10926408919708971,0.5362022436485666,0.04901637106610479,0.08019507549145682,nan,nan
45,35,52314,backward,e,-,3886,3886.0,0.0,0.5160013441030842,0.012128654540325894,0.49181799537703463,0.5318900409275864,0.04007204555055177,0.48528226806734476,0.5696656158767904,0.08438334780944567,-0.3191949684420098,0.03236696295894376,0.0455611292970739,nan,nan
45,36,31348,backward,e,-,168,168.0,0.0,0.3922226772517112,0.0674291330834202,0.2767181726031146,0.4986627903890395,0.2219446177859249,0.2726984997920161,0.5092778500225233,0.23657935023050725,-0.02026792119000172,0.11656055529683314,0.12058022810793162,nan,nan
45,37,165874,backward,e,-,9677,0.0,9677.0,nan,nan,nan,nan,nan,nan,nan,nan,nan,nan,nan,nan,nan
45,38,33505,backward,e,-,629,629.0,0.0,0.23951296407996103,0.013449011870223725,0.21562623244690787,0.25218945141991467,0.036563218973006795,0.20586153932574178,0.35252350592089543,0.14666196659515365,1.4647353784196104,0.02434039948654051,0.11318225997740858,nan,nan
45,39,80819,backward,e,-,7644,7644.0,0.0,0.4370031140681919,0.028740483802169047,0.3879452309800859,0.4774856838701306,0.0895404528900447,0.36371663332389803,0.5703110008196094,0.20659436749571136,-0.06844979846202277,0.051148861938613586,0.14342308172207463,nan,nan
45,40,37316,backward,e,-,871,871.0,0.0,0.4441834541102294,0.03470467921760329,0.38298084535891064,0.4886799953318951,0.10569914997298446,0.2796496827944741,0.4996205578360031,0.219970875041529,-0.9162478521970399,0.059248625245778785,0.15882503972578987,nan,nan
45,41,8287,backward,e,-,2550,2550.0,0.0,0.41657543690377974,0.03976772705298103,0.3502597998803573,0.4778087466838803,0.12754894680352297,0.3324734693793473,0.4867764235864514,0.1543029542071041,-0.08212726648227564,0.06937740850635897,0.08716373900736901,nan,nan
45,42,33249,backward,e,-,308,308.0,0.0,0.20778827041532943,0.04645988299417841,0.1708123573262444,0.31937246561771504,0.14856010829147065,0.1700108997958378,0.3472114888587875,0.1772005890629497,0.8971556173275318,0.11545022344185811,0.14328924668293055,nan,nan
45,43,30636,backward,e,-,813,813.0,0.0,0.33872660244857533,0.04079590456701317,0.27554679101882795,0.4031467418557754,0.12759995083694747,0.2268033250953236,0.42329425006632765,0.19649092497100404,-0.003957357788855559,0.07398400584269145,0.12255406102475866,nan,nan
45,44,39017,backward,e,-,636,636.0,0.0,0.2550827771578671,0.009823691244127066,0.23795661885829883,0.2724236404672769,0.03446702160897808,0.23081264393668952,0.28191346699562775,0.05110082305893823,0.12471373203734125,0.02075337886274794,0.030121554610071155,nan,nan
45,0,144351,backward,w,deg,45608,0.0,45608.0,nan,nan,nan,nan,nan,nan,nan,nan,nan,nan,nan,nan,nan
45,1,23915,backward,w,deg,4561,4561.0,0.0,-0.10162555488426506,1.779867427641453,-2.8158480070021312,3.037232117993625,5.853080124995756,-3.768105895194452,3.9239848302340476,7.6920907254285,0.13605552034073132,4.525668695983626,5.477926584175947,190.34285056632407,0.9995175802427623
45,2,23568,backward,w,deg,825,825.0,0.0,3.7704992652470537,14.725937793555367,-24.912278576292017,17.17247495666057,42.08475353295259,-26.8554357188992,18.27829856233444,45.13373428123364,-0.4236201367633983,34.56413269744548,36.507289840052664,195.39291513797104,0.9672832485433411
45,3,167952,backward,w,deg,2141,0.0,2141.0,nan,nan,nan,nan,nan,nan,nan,nan,nan,nan,nan,nan,nan
45,4,48782,backward,w,deg,6026,6026.0,0.0,-0.8364095492090087,4.2462652005982795,-4.721452420850817,9.94292952714779,14.664381947998606,-23.759022234784652,17.170148859159127,40.92917109394378,1.660445622347491,11.388330732303487,22.412740168054512,196.99269443502985,0.997261930328438
45,5,51611,backward,w,deg,1255,0.0,1255.0,nan,nan,nan,nan,nan,nan,nan,nan,nan,nan,nan,nan,nan
45,6,34556,backward,w,deg,417,417.0,0.0,-3.463713003928575,9.175203494338165,-8.155693988913816,18.13053266636931,26.286226655283123,-30.609845069939666,18.921376442066617,49.53122151200628,0.46754485930789863,24.997527956069096,25.788371731766404,197.78217026686852,0.987257057111765
45,7,28151,backward,w,deg,1230,1230.0,0.0,-5.1686509063416395,10.602822501013245,-9.233983257315355,17.13594741571174,26.369930673027095,-32.85717691466692,17.419668664675356,50.27684557934228,0.7112592887547166,22.960601633762284,27.050470039711968,199.81502687763125,0.9829887632061217
45,8,40083,backward,w,deg,898,898.0,0.0,-0.6829509988404965,5.1215042519962255,-3.9741269442515277,10.448431416479593,14.42255836073112,-25.037421938633088,19.483434975159156,44.520856913792244,0.3126353539549648,15.604102817704613,22.864216172170927,194.83544259261654,0.9960308615523515
45,9,175498,backward,w,deg,2764,0.0,2764.0,nan,nan,nan,nan,nan,nan,nan,nan,nan,nan,nan,nan,nan
45,10,9905,backward,w,deg,4957,4957.0,0.0,-0.3007007033015725,2.887436253299916,-3.672016151408269,6.892273452441913,10.564289603850181,-18.164290354224363,11.164011979583819,29.328302333808182,1.0086768552099485,7.265895106266833,17.84207653039161,185.5670432195648,0.998731592241229
45,11,210090,backward,w,deg,3039,0.0,3039.0,nan,nan,nan,nan,nan,nan,nan,nan,nan,nan,nan,nan,nan
45,12,22717,backward,w,deg,781,781.0,0.0,0.09994770077435078,3.388457944797288,-5.146901386005425,3.8589070389359392,9.005808424941364,-30.138080696900147,14.170436955634614,44.30851765253476,0.09668826621396825,5.518570100501506,29.803544336626317,201.61450534844212,0.9982583007992533
45,13,156237,backward,w,deg,2361,0.0,2361.0,nan,nan,nan,nan,nan,nan,nan,nan,nan,nan,nan,nan,nan
45,14,165903,backward,w,deg,8837,0.0,8837.0,nan,nan,nan,nan,nan,nan,nan,nan,nan,nan,nan,nan,nan
45,15,43359,backward,w,deg,2140,2140.0,0.0,-1.8697198881448003,5.650873062009493,-6.242524595349138,12.143207902466058,18.385732497815198,-7.448142696858355,17.16323431242745,24.611377009285803,1.0512775109073713,13.740966692585998,18.76099310254739,186.79237932546653,0.995149346732344
45,16,50026,backward,w,deg,1248,1248.0,0.0,3.77372404403539,10.403077320113127,-13.237577042984658,9.403360889315127,22.640937932299785,-39.949565025203725,9.730169915141744,49.67973494034547,-1.8532149713490056,17.874373240654766,44.58636122287385,206.93335705141575,0.9838420583106964
45,17,61863,backward,w,deg,434,434.0,0.0,-0.8604127832253425,3.5376377295011228,-3.8231654960639845,6.726378156574785,10.54954365263877,-20.36886689143546,10.138635332302016,30.507502223737475,0.1261363640103764,8.72902050399238,18.614861395993813,194.09134897286236,0.9980969715062796
45,18,120454,backward,w,deg,12566,0.0,12566.0,nan,nan,nan,nan,nan,nan,nan,nan,nan,nan,nan,nan,nan
45,19,32794,backward,w,deg,286,286.0,0.0,5.402165760732061,14.224730283218697,-29.96427143450512,13.79210869357685,43.75638012808197,-34.67294024873817,14.441836220320226,49.1147764690584,-0.9618236643656277,38.487556795814925,43.196225610047975,201.91677979975623,0.9696054709673653
45,20,110203,backward,w,deg,1784,1784.0,0.0,3.448592319839065,10.651869220622192,-24.782183409760243,10.590904427233273,35.37308783699352,-25.822798422832136,12.791240279459998,38.614038702292135,-1.1867775061448147,29.365315337420547,30.40593035049244,204.28931034819684,0.982876685491068
45,21,59987,backward,w,deg,335,335.0,0.0,5.401067198758909,9.434675405137554,-14.574208579537508,7.375011043496483,21.94921962303399,-41.341736488518734,8.235203100520323,49.57693958903906,-1.9638608390283239,20.733065447497903,47.50059335647913,208.4941490860177,0.9866823575741123
45,22,65627,backward,w,deg,751,751.0,0.0,11.015866313181789,20.031590831804586,-36.438452926854566,11.888281752339111,48.32673467919368,-36.65167289818402,12.085375490943278,48.737048389127295,-1.1787433400229632,48.19186837826889,48.405088349598344,203.706939163578,0.9404051312397742
45,23,153188,backward,w,deg,3577,0.0,3577.0,nan,nan,nan,nan,nan,nan,nan,nan,nan,nan,nan,nan,nan
45,24,69136,backward,w,deg,1596,1596.0,0.0,0.0006274978867395475,3.027066995941404,-3.7876707108729875,4.36543517898086,8.153105889853848,-22.381553480673404,6.572867729869444,28.954421210542847,-1.8727384075316484,5.713543010541834,21.247740047028913,196.18028475300122,0.9986091026587806
45,25,167830,backward,w,deg,1814,0.0,1814.0,nan,nan,nan,nan,nan,nan,nan,nan,nan,nan,nan,nan,nan
45,26,148588,backward,w,deg,7200,0.0,7200.0,nan,nan,nan,nan,nan,nan,nan,nan,nan,nan,nan,nan,nan
45,27,167957,backward,w,deg,2,0.0,2.0,nan,nan,nan,nan,nan,nan,nan,nan,nan,nan,nan,nan,nan
45,28,12157,backward,w,deg,744,744.0,0.0,2.263127794785788,8.05331571673401,-15.789725274444372,9.177509667744822,24.967234942189194,-26.840904655342314,19.92277085912974,46.763675514472055,-0.9473608762049528,17.56574024871101,28.116926031302228,194.18506210446546,0.9901864583013302
45,29,24196,backward,w,deg,3709,3709.0,0.0,-0.8522234085716889,5.101481353261309,-4.37409031585878,17.1302862102892,21.50437652614798,-5.122624057775596,23.715371008116534,28.83799506589213,2.9909550749949405,18.711310014810607,25.296394812637942,186.72348588458638,0.9960681090835906
45,30,45291,backward,w,deg,13141,13141.0,0.0,-0.11161880438865524,4.450386307819087,-6.593361288647429,6.820242605800445,13.413603894447874,-35.78360033771031,14.384636204328984,50.168236542039296,-0.5179495422060566,7.43673530094037,35.701483785259995,203.1872656477275,0.9969932936159106
45,31,88569,backward,w,deg,2769,2769.0,0.0,-0.08881400190873023,6.229198524379046,-10.414579658642111,9.84542612444786,20.260005783089973,-13.230798474833477,12.347969132368661,25.57876760720214,-0.05582131246870254,11.482617605008071,14.29883642119944,192.8951282745776,0.9941021108797403
45,32,176015,backward,w,deg,15556,0.0,15556.0,nan,nan,nan,nan,nan,nan,nan,nan,nan,nan,nan,nan,nan
45,33,116002,backward,w,deg,11138,0.0,11138.0,nan,nan,nan,nan,nan,nan,nan,nan,nan,nan,nan,nan,nan
45,34,29608,backward,w,deg,452,452.0,0.0,4.634174705136957,14.857402417235479,-28.812805354213825,16.008474474752255,44.821279828966084,-31.838871211474327,17.1288634398081,48.96773465128243,-0.7288271275971329,38.67703381213562,41.703099669396124,198.86282215903046,0.966792117982636
45,35,52314,backward,w,deg,3886,3886.0,0.0,-1.0254896784276752,4.931539925385947,-6.547667737854148,9.689488941604026,16.237156679458174,-15.318111564777752,13.113168620407464,28.431280185185216,0.6390183608645426,12.052989438324516,15.389272117377743,190.72568811570125,0.9963019217822329
45,36,31348,backward,w,deg,168,168.0,0.0,-0.9240871982105858,4.711749752302577,-3.9672833016098847,7.692958294871298,11.660241596481182,-4.029825221008537,22.55357922814281,26.583404449151345,3.0414590441876825,8.773274583363767,23.633895516635278,193.28153039448154,0.9966443251704807
45,37,165874,backward,w,deg,9677,0.0,9677.0,nan,nan,nan,nan,nan,nan,nan,nan,nan,nan,nan,nan,nan
45,38,33505,backward,w,deg,629,629.0,0.0,0.5870795002963405,2.968499454031622,-6.088261174434149,2.2600023235629294,8.348263497997078,-9.77429888269657,11.157634787216239,20.93193366991281,-0.2035833815728168,8.635352663687804,11.643532164553989,205.3595758600776,0.9986598414560617
45,39,80819,backward,w,deg,7644,7644.0,0.0,-0.09752661143956232,3.962448274150168,-5.006551713734571,6.115201491107039,11.12175320484161,-31.950697872735958,11.514399546804555,43.46509741954051,-1.0808928236591222,7.3411846015070985,33.90171420487053,202.72902922095693,0.9976201838374048
45,40,37316,backward,w,deg,871,871.0,0.0,-4.437218463735491,8.434143627242799,-5.778165938154544,17.758936037575054,23.5371019757296,-26.009945565087264,21.62268737273655,47.632632937823814,1.2120749956789512,22.576659128302808,26.440410463464303,195.64271669528478,0.9892249771753562
45,41,8287,backward,w,deg,2550,2550.0,0.0,-0.3858178568768693,3.553725551968443,-2.1514877192622195,1.2217173666743844,3.373205085936604,-2.5686392907134916,34.18405136894225,36.75269065965574,7.032561307927226,1.89904704134157,34.76178932763304,180.74540111779962,0.9981134667372455
45,42,33249,backward,w,deg,308,308.0,0.0,6.731664974630675,17.05626475647567,-32.049941289584496,16.846911077317003,48.8968523669015,-33.34866223106329,16.991747538381958,50.340409769445245,-0.6662935996023829,42.509992613162126,43.80871355464092,200.28556537249304,0.9563301209932178
45,43,30636,backward,w,deg,813,813.0,0.0,-0.361165590303699,7.561454597702745,-3.7748155214899044,20.364009954758547,24.138825476248453,-28.556261734363034,21.86998446038143,50.426246194744465,0.04335057047235369,21.185043259136865,28.58875035060862,195.46997006300282,0.9914112533204834
45,44,39017,backward,w,deg,636,636.0,0.0,-0.9298309444042019,2.995209499698212,-3.1939851401634414,6.122359840048304,9.316344980211746,-8.117539893205873,6.822223278660289,14.939763171866161,0.9303915195755513,6.971742476035104,7.65632617572075,210.02349919006767,0.9986345505013915
45,0,144351,forward,a,km,45608,45606.0,2.0,193386.24100407236,88570.93802682133,188131.89327688242,364521.5159141908,176389.62263730838,187998.5760196105,4480813.766287021,4292815.190267411,6.852186405787674,175528.85768176508,4291821.108054596,nan,nan
45,1,23915,forward,a,km,4561,4560.0,1.0,198427.885994653,1924.897351021394,195964.51661744478,202231.84815304278,6267.331535598001,195345.81977728716,203423.18678095005,8077.36700366289,0.3674859411957382,5383.745537385858,6575.084165293141,nan,nan
45,2,23568,forward,a,km,825,6.0,819.0,741233.9103358679,6769286.859376609,336171.6690506255,14278691.111120928,13942519.442070302,205360.9493060638,18789119.654603433,18583758.70529737,2.444856066140522,nan,nan,nan,nan
45,3,167952,forward,a,km,2141,2141.0,0.0,227771.16675487903,351075.2481317191,207237.897769635,278298.26649449405,71060.36872485906,188577.4119276811,16453922.652284192,16265345.24035651,46.07490938167871,47215.68239173651,16222840.068181435,nan,nan
45,4,48782,forward,a,km,6026,6026.0,0.0,203024.90509897706,5194.134132188516,194160.26125236123,208995.9580266071,14835.69677424588,192028.5859380556,291771.3032776867,99742.71733963111,2.4522913010000953,9193.755102016468,88471.42654480343,nan,nan
45,5,51611,forward,a,km,1255,1255.0,0.0,1358904.7041606687,910119.9284773214,200877.08471370104,3167321.27550351,2966444.190789809,197260.9785988441,4679542.025910499,4482281.047311654,0.6633311644132053,2345262.5694191414,2348878.6755339983,nan,nan
45,6,34556,forward,a,km,417,417.0,0.0,210279.1327273404,15114.10296535655,207951.75834476305,239961.35001747438,32009.591672711336,206005.95383112482,290701.74559951737,84695.79176839255,2.8778461145669536,29345.834450467893,80086.23003251088,nan,nan
45,7,28151,forward,a,km,1230,1230.0,0.0,214620.19146946247,9444.740772391771,202559.87872218905,231395.82378936483,28835.94506717578,200634.2128826396,289862.8951652621,89228.6822826225,1.8234918561641715,15994.223186324758,73006.12664210823,nan,nan
45,8,40083,forward,a,km,898,898.0,0.0,208797.845087733,10851.694785409489,206843.54348446065,211602.499424626,4758.955940165353,206147.83096549657,290782.82700172695,84634.99603623038,6.888343435024798,3019.1739789387325,82199.50155603967,nan,nan
45,9,175498,forward,a,km,2764,2764.0,0.0,236502.42062897308,1039463.8238393785,228107.86645196733,240748.97880971804,12641.11235775071,204934.39437342813,21659266.509478975,21454332.115105547,16.315305905075213,13062.034006522974,21418864.459130064,nan,nan
45,10,9905,forward,a,km,4957,4957.0,0.0,210608.91418256826,5467.864004412721,203578.09361904536,218590.29199289274,15012.19837384738,202485.61096995184,280584.76204940403,78099.15107945219,2.123714559001651,8598.024448529812,68491.28308105297,nan,nan
45,11,210090,forward,a,km,3039,3039.0,0.0,216242.03918816778,325238.4908949878,189571.3714547623,989726.2698354332,800154.8983806709,188318.3352690733,1139139.3759860804,950821.0407170071,0.609367082051999,570634.9814792883,571888.0176649773,nan,nan
45,12,22717,forward,a,km,781,781.0,0.0,355790.5788019183,130205.39647981613,192838.26299422124,569078.2421708883,376239.9791766671,189787.3274702801,830639.9480452716,640852.6205749915,0.5005357897252127,367649.4171866111,629211.1230609943,nan,nan
45,13,156237,forward,a,km,2361,2361.0,0.0,194718.42901041068,91566.66978762143,188285.20534805013,278504.94197766803,90219.7366296179,188188.9864256621,3928762.0386776994,3740573.0522520375,29.308960909133543,89085.41159419547,3739342.5082942266,nan,nan
45,14,165903,forward,a,km,8837,8837.0,0.0,199586.3563069714,290845.44107502897,188931.30003114569,285720.1118915907,96788.81186044501,188334.8655026993,9318019.704069158,9129684.838566458,24.391330068085587,87698.32564683665,9119997.917824404,nan,nan
45,15,43359,forward,a,km,2140,2140.0,0.0,220529.3318330588,5531.642583958463,209456.51558592948,227336.14103238235,17879.625446452876,202188.8046506836,290122.6827370288,87933.87808634521,0.3368271284545814,11044.066397250293,69866.58977377479,nan,nan
45,16,50026,forward,a,km,1248,1246.0,2.0,212404.50007546478,347399.75464953494,189420.70871531902,1009909.5239231758,820488.8152078567,188375.53043617887,3868441.785110482,3680066.2546743033,3.9743415944661744,725507.7991536161,3584040.0603409223,nan,nan
45,17,61863,forward,a,km,434,434.0,0.0,209363.1397880672,16021.93810302352,208196.8515913708,240887.31878701708,32690.467195646284,203213.34957442072,291191.52366276993,87978.17408834922,3.7534242337534995,31668.889382716134,81973.09425846898,nan,nan
45,18,120454,forward,a,km,12566,12566.0,0.0,202952.99275281193,57691.243184178595,193445.14486480772,208001.78481305033,14556.639948242606,190143.73838455413,4813753.221105198,4623609.482720644,57.45942686492336,9194.004065265792,4611195.13174865,nan,nan
45,19,32794,forward,a,km,286,286.0,0.0,206552.00899930182,6296.704429085188,200780.52352569313,216887.67958759345,16107.156061900314,190020.7154140663,239637.92668135636,49617.211267290055,1.0319761424936613,10786.424643999417,32075.405629304267,nan,nan
45,20,110203,forward,a,km,1784,1784.0,0.0,215454.82240356237,8431.899959284296,202014.898037809,228337.61825868182,26322.720220872812,200507.2676885065,236969.41749202771,36462.14980352123,0.019226398725990933,14676.803010200936,23308.602243546833,nan,nan
45,21,59987,forward,a,km,335,335.0,0.0,210646.57103720825,303968.4545275375,189670.86073021468,1004028.3548498607,814357.494119646,189478.0537984315,2186715.1118609584,1997237.0580625269,3.029988620262578,814208.9994878887,1996895.7564989864,nan,nan
45,22,65627,forward,a,km,751,57.0,694.0,279202.95686616923,27594.16723595718,209717.88783744336,284307.3799211555,74589.49208371216,209339.78381393407,286486.02769932157,77146.24388538749,-1.5586296155425978,nan,nan,nan,nan
45,23,153188,forward,a,km,3577,3577.0,0.0,196593.89340461232,230964.99303455465,188350.71030488022,292485.7052446644,104134.99493978417,188188.60761124425,9903671.596219368,9715482.988608124,36.88387112600411,101510.04943103644,9712695.94040574,nan,nan
45,24,69136,forward,a,km,1596,1596.0,0.0,201864.27197285573,10581.111538773659,193927.90524117212,206459.35124845442,12531.446007282299,191900.38951117196,291166.9449285549,99266.55541738292,6.802108335528718,7289.850411368512,90628.68359987886,nan,nan
45,25,167830,forward,a,km,1814,1814.0,0.0,195500.23422129746,729207.5603077676,188440.29174799618,355424.7288777468,166984.43712975061,188330.2529360397,8775147.52614534,8586817.273209302,8.200907988956807,167014.36651493906,8586737.163782533,nan,nan
45,26,148588,forward,a,km,7200,7199.0,1.0,196829.59554488544,178099.8284245598,188407.23502098297,285209.9192389764,96802.6842179934,188239.9341200278,5805939.395762876,5617699.461642848,18.21916156812651,93884.76669030277,5614614.243214202,nan,nan
45,27,167957,forward,a,km,2,2.0,0.0,206129.3612342882,512.6989975289034,205667.9321365122,206590.7903320642,922.8581955520203,205616.6622367593,206642.0602318171,1025.3979950578068,nan,974.1280953049164,1025.3979950578068,nan,nan
45,28,12157,forward,a,km,744,744.0,0.0,686833.5224330535,829921.477052554,206128.33619142402,2206630.7052638773,2000502.3690724534,189465.6389608437,8837569.012635829,8648103.373674985,3.705008127872158,1427577.5894147041,8058515.896786656,nan,nan
45,29,24196,forward,a,km,3709,3709.0,0.0,205279.93184236763,6202.171962945751,198944.3616099573,217929.1311837983,18984.76957384101,198294.0355787079,219585.10969649066,21291.07411778276,0.48304946746910904,11271.068032994417,12927.046545686782,nan,nan
45,30,45291,forward,a,km,13141,13140.0,1.0,208319.73718101816,89093.91337444633,189508.46480958327,226824.1616494384,37315.69683985514,188899.24866350187,1894268.9830253336,1705369.7343618318,9.7846267838204,20373.18423584817,1687818.0056117433,nan,nan
45,31,88569,forward,a,km,2769,2766.0,3.0,225266.85960339618,5458.291442202709,213445.4275010961,230286.1057420757,16840.678240979614,205932.03612448802,239831.02229178313,33898.98616729511,-0.7966035641330487,11841.854081076039,18680.258626284078,nan,nan
45,32,176015,forward,a,km,15556,15556.0,0.0,203112.5410769415,858748.5984917029,189274.2198807869,244876.8041765213,55602.584295734414,188430.08509725102,76282242.53663798,76093812.45154072,59.61504511934915,40075.910855373215,76077441.64331684,nan,nan
45,33,116002,forward,a,km,11138,11137.0,1.0,211676.2950257279,114685.80397747472,192057.62869213204,224256.96049765128,32199.331805519236,188218.95933743392,5864673.426761146,5676454.467423712,32.54988050283325,24643.76818256654,5651487.421371384,nan,nan
45,34,29608,forward,a,km,452,452.0,0.0,202869.74761995595,812190.5164075509,188661.58875165932,1242149.43565042,1053487.8468987606,188375.804803439,9733554.7191025,9545178.914299062,6.724033734729027,1049787.9534418876,9541193.236893969,nan,nan
45,35,52314,forward,a,km,3886,3886.0,0.0,206192.35462215228,7237.58216961643,199869.63718260865,216511.63654524152,16641.999362632865,199228.2887395546,290667.26679682866,91438.97805727404,4.571977222790934,9174.6911224816,83330.32137406874,nan,nan
45,36,31348,forward,a,km,168,168.0,0.0,237119.80428164004,4518.544679792027,234019.37697882825,239861.77458834232,5842.397609514068,209014.8962670985,240403.85759944466,31388.961332346167,-4.9565469146613665,5016.7131917569395,30021.19390348671,nan,nan
45,37,165874,forward,a,km,9677,9677.0,0.0,191481.41286652736,60724.20509495104,188607.05288349866,205237.0801767373,16630.027293238643,188345.5209016455,5879060.795607735,5690715.27470609,85.37371930539159,14557.231719543328,5688380.9471505415,nan,nan
45,38,33505,forward,a,km,629,629.0,0.0,214569.34127341385,444697.02431084326,189803.23074217798,1253705.4752818237,1063902.2445396457,189428.3971717038,3634819.2808617484,3445390.8836900447,2.744016068839284,550632.9147373362,2894744.1043005567,nan,nan
45,39,80819,forward,a,km,7644,7644.0,0.0,192063.13562066795,40816.839121457815,188639.87952744553,294040.1193625314,105400.23983508587,188400.49162319236,526976.2772455813,338575.78562238894,3.426789118453368,69023.36471969323,301959.5226027431,nan,nan
45,40,37316,forward,a,km,871,870.0,1.0,209529.08247292275,12186.79203156579,208364.67149333548,240425.14611487734,32060.474621541856,200845.70826264174,290444.12427971314,89598.4160170714,3.256468040417903,31025.754261051432,81044.73242588722,nan,nan
45,41,8287,forward,a,km,2550,2550.0,0.0,222454.57692092506,3502.842732442126,218805.0848182551,226417.8462724667,7612.761454211606,200496.66596701712,227568.72640726186,27072.060440244735,-2.7019803370985707,4358.3773179546215,22572.27567240037,nan,nan
45,42,33249,forward,a,km,308,308.0,0.0,224508.94239360053,7208.872122435663,210773.84628112018,230774.00992127112,20000.163640150946,204851.5383793717,287295.248801177,82443.71042180533,1.722359813469629,14077.163630315448,62871.15814482665,nan,nan
45,43,30636,forward,a,km,813,813.0,0.0,209972.89402062315,15247.378506471185,209691.96082900086,241009.67128747777,31317.71045847691,207916.33753031833,342072.9035982871,134156.56606796876,3.716341981030103,31194.543654603527,132257.77596541285,nan,nan
45,44,39017,forward,a,km,636,629.0,7.0,225352.78558870647,505681.2311462482,189465.17043316932,1280312.5791018293,1090847.40866866,188390.37359828094,7296020.845171034,7107630.471572753,5.038590081015479,1078106.0762067954,7093814.342276,nan,nan
45,0,144351,forward,e,-,45608,45606.0,2.0,0.9293881746566788,0.2335349538073391,0.23859064956634352,0.9992971695117348,0.7607065199453913,3.7745453292730234e-05,0.9999999999764257,0.999962254523133,-1.943548305523456,0.7381050453794198,0.9766579494924705,nan,nan
45,1,23915,forward,e,-,4561,4560.0,1.0,0.5308435878297371,0.014227894715363254,0.5026797587618798,0.5490152654900262,0.04633550672814646,0.4935720996050526,0.5535822467818352,0.0600101471767826,-0.37056704639417715,0.03978052604460212,0.04888818520142929,nan,nan
45,2,23568,forward,e,-,825,6.0,819.0,0.3762516958959985,0.2592886690977127,0.3642385151716186,0.9466923179664404,0.5824538027948218,0.36158738938684937,0.9768786833516471,0.6152912939647976,1.044467278143826,nan,nan,nan,nan
45,3,167952,forward,e,-,2141,2141.0,0.0,0.5916888243183159,0.2400139954140365,0.12417666999125279,0.7433797589629657,0.619203088971713,0.09023827665945464,0.9998966323946951,0.9096583557352405,-0.04398653594955374,0.4674974037413283,0.7240142771730577,nan,nan
45,4,48782,forward,e,-,6026,6026.0,0.0,0.7936050526398999,0.07015879349692068,0.7047598729806506,0.9117266173681932,0.2069667443875426,0.09275924696437038,0.9402915516863269,0.8475323047219565,-1.0548318581390106,0.12060929382077903,0.6991440957003214,nan,nan
45,5,51611,forward,e,-,1255,1255.0,0.0,0.7532736626409212,0.08595712004229389,0.5929160977564814,0.8624693794222871,0.2695532816658057,0.5052535178781875,0.9068974130035985,0.401643895125411,-0.24470631394718875,0.23513163812895693,0.32279421800725083,nan,nan
45,6,34556,forward,e,-,417,417.0,0.0,0.649274035585781,0.18021178837852725,0.1852956079572231,0.6960438698232647,0.5107482618660416,0.09456188751738724,0.7312966127561726,0.6367347252387854,-1.5487805986744019,0.45204692852952744,0.5427806489693633,nan,nan
45,7,28151,forward,e,-,1230,1230.0,0.0,0.40885116301382823,0.12046564732602036,0.27007875447438706,0.6597815607047268,0.38970280623033976,0.09601369633866311,0.6757404127777504,0.5797267164390874,0.6113458782015374,0.2688773468367379,0.29538493313108083,nan,nan
45,8,40083,forward,e,-,898,898.0,0.0,0.6867267798770784,0.08254283196644893,0.6494847946543307,0.7174482332470794,0.06796343859274867,0.09444405181568447,0.8039502461424611,0.7095061943267766,-6.372830088189366,0.041069412100938944,0.5958171536042786,nan,nan
45,9,175498,forward,e,-,2764,2764.0,0.0,0.22145852136054633,0.08020712444448222,0.17465978539431798,0.3013459565474284,0.12668617115311043,0.09280181752639455,0.9799570656874331,0.8871552481610385,5.366521410595837,0.12345513347135058,0.8020662426113553,nan,nan
45,10,9905,forward,e,-,4957,4957.0,0.0,0.44036750044986006,0.04069025291953156,0.378795343679803,0.49283407076391367,0.11403872708411067,0.11623559970810658,0.6971690834915624,0.5809334837834558,-0.8233887016796588,0.06455450982000561,0.3126905085341104,nan,nan
45,11,210090,forward,e,-,3039,3039.0,0.0,0.6402653664993323,0.21505413472690732,0.38565847634446365,0.9911636102681941,0.6055051339237305,0.0081075921141327,0.9999999861717173,0.9918923940575846,-0.1059681393464861,0.5970443159932639,0.6058806918967871,nan,nan
45,12,22717,forward,e,-,781,781.0,0.0,0.22901276397816298,0.37925832954181193,0.014470912102568002,0.9534639127957304,0.9389930006931624,0.0006053674970887042,0.995176564733925,0.9945711972368363,0.4011578758215216,0.8421506538145831,0.8560161984200624,nan,nan
45,13,156237,forward,e,-,2361,2361.0,0.0,0.9084953570957659,0.1862096222365555,0.39563640975537684,0.9988799911324365,0.6032435813770597,0.0013144685037486037,0.9999999847142538,0.9986855162105052,-2.5021859995879017,0.5775453401368031,0.9718672813884314,nan,nan
45,14,165903,forward,e,-,8837,8837.0,0.0,0.8664605169847668,0.20967952044205257,0.30968335352771037,0.9983152512241072,0.6886318976963969,0.002475218115014193,0.9999998996737455,0.9975246815587313,-1.9038678876214932,0.5647242883399675,0.8719324237526637,nan,nan
45,15,43359,forward,e,-,2140,2140.0,0.0,0.36322493010028045,0.0455894480796292,0.30727175287988323,0.4485655510594165,0.14129379817953325,0.0956069990339061,0.7008358499523073,0.6052288509184012,1.357808269974931,0.0847448095969064,0.3354674391531631,nan,nan
45,16,50026,forward,e,-,1248,1246.0,2.0,0.6843319879037708,0.2637124943016889,0.10818726655767857,0.9932412306832671,0.8850539641255886,0.007668268693724633,0.9999999987577085,0.9923317300639839,-0.7177354173399064,0.649382212087784,0.6561409801622253,nan,nan
45,17,61863,forward,e,-,434,434.0,0.0,0.6675795473924793,0.16052925716227104,0.1729574559080357,0.6913884926304825,0.5184310367224468,0.0940504039598227,0.7285025793733392,0.6344521754135165,-2.3105496352398722,0.4976540692450745,0.5765611211932875,nan,nan
45,18,120454,forward,e,-,12566,12566.0,0.0,0.7921564286918887,0.06275223884502976,0.7243918744613391,0.9202896951347808,0.19589782067344164,0.39696172762441717,0.9645353351205844,0.5675736074961673,0.26476452357628977,0.12124381359226077,0.40299726840073935,nan,nan
45,19,32794,forward,e,-,286,286.0,0.0,0.47896064572473657,0.1088740603420791,0.39177297896040214,0.6939689895911496,0.30219601063074747,0.18944846771352583,0.9898254605752868,0.8003769928617609,2.4203212059762254,0.2646043987149688,0.5269199405060117,nan,nan
45,20,110203,forward,e,-,1784,1784.0,0.0,0.4027040526717142,0.07266614481481497,0.2986767756741793,0.5081111435928607,0.20943436791868142,0.2192722953879464,0.7038176036858796,0.48454530829793324,0.5155213051839654,0.12199073833648949,0.28709171046808973,nan,nan
45,21,59987,forward,e,-,335,335.0,0.0,0.7094732100432084,0.23099256721217043,0.2755837278322452,0.9973061854939309,0.7217224576616856,0.06443574578128845,0.9999965191846149,0.9355607734033264,-0.7574928616185497,0.7229608573842087,0.9341088394351654,nan,nan
45,22,65627,forward,e,-,751,57.0,694.0,0.12219571450596667,0.21864370257192337,0.10875637610508222,0.683059597143369,0.5743032210382867,0.10375372605808982,0.6878381081104565,0.5840843820523667,1.5946698997795143,nan,nan,nan,nan
45,23,153188,forward,e,-,3577,3577.0,0.0,0.8780067926156987,0.2003094518341694,0.309698070560376,0.9980048454930524,0.6883067749326763,0.004732944403399251,0.9999999967431887,0.9952670523397895,-2.3382078848469594,0.6390449628212626,0.9440100889782393,nan,nan
45,24,69136,forward,e,-,1596,1596.0,0.0,0.8004894027961877,0.10223056148753736,0.727552338441159,0.9128635814210946,0.18531124297993562,0.09393560652035103,0.9416817914491904,0.8477461849288394,-4.328910589940252,0.1053904440812932,0.7265868528896184,nan,nan
45,25,167830,forward,e,-,1814,1814.0,0.0,0.906044774724968,0.21449776767620973,0.2707703969268875,0.9989561228726996,0.7281857259458122,0.0001671890931137829,0.9999999261774133,0.9998327370842995,-2.1341377622060125,0.724964597507534,0.9955678053413077,nan,nan
45,26,148588,forward,e,-,7200,7199.0,1.0,0.875145039157724,0.17240435275560956,0.44909539297319107,0.9979687113098603,0.5488733183366692,0.000599937398841331,0.9999999760915884,0.9994000386927471,-2.545577098481316,0.49615454487894683,0.9446500004532966,nan,nan
45,27,167957,forward,e,-,2,2.0,0.0,0.7303968877267462,0.00682687271592558,0.7242527022824132,0.7365410731710792,0.012288370888665967,0.7235700150108206,0.7372237604426718,0.01365374543185116,nan,0.012971058160258602,0.01365374543185116,nan,nan
45,28,12157,forward,e,-,744,744.0,0.0,0.5927947353702776,0.21228774019393237,0.20933139730361416,0.8866443317854147,0.6773129344818005,0.07425558740802864,0.999604685672426,0.9253490982643974,-0.1889754837408061,0.3925534526833545,0.5029433236299831,nan,nan
45,29,24196,forward,e,-,3709,3709.0,0.0,0.479958871971691,0.04667117671846429,0.38388519648236435,0.5269698442668369,0.14308464778447255,0.37085609923942275,0.5317778052638064,0.1609217060243836,-0.5029142477894791,0.0858851318404364,0.09891422908337799,nan,nan
45,30,45291,forward,e,-,13141,13140.0,1.0,0.7608560648090346,0.1497995273693168,0.6002352658019613,0.9948629954735787,0.3946277296716174,0.09315892251543226,0.9999999939659421,0.9068410714505099,-0.7929316694747498,0.22278534631404723,0.6832467011559412,nan,nan
45,31,88569,forward,e,-,2769,2766.0,3.0,0.3244461062144519,0.049859655767755584,0.281278703393529,0.4179503888936267,0.13667168550009767,0.1841024584093291,0.7003952306261192,0.51629277221679,1.9945180011374934,0.09442422657396513,0.37043849716494065,nan,nan
45,32,176015,forward,e,-,15556,15556.0,0.0,0.8327793597400426,0.1683591948589009,0.5657904686155584,0.997663266533501,0.43187279791794264,0.002972835344965402,0.9999999975559938,0.9970271622110284,-1.4873391571654169,0.23479539837055102,0.7976130316411439,nan,nan
45,33,116002,forward,e,-,11138,11137.0,1.0,0.6885955452598729,0.12198713960892954,0.5961691222474795,0.9453716225175584,0.3492025002700788,0.0007192626070873285,0.999999926182087,0.9992806635749997,-1.0512098458425636,0.2963871315018867,0.6846320462083051,nan,nan
45,34,29608,forward,e,-,452,452.0,0.0,0.8082714563828778,0.22269460910430725,0.3742366045905486,0.996818109590592,0.6225815050000434,0.035881912404411236,0.9999986823448612,0.96411676994045,-0.995078698593644,0.5584544177839754,0.8968091099701129,nan,nan
45,35,52314,forward,e,-,3886,3886.0,0.0,0.47552602186612875,0.05236910871500306,0.39485536014892997,0.5210974613177717,0.1262421011688417,0.0946264014349636,0.7006735321850669,0.6060471307501033,-1.0810637408048913,0.07405328511741464,0.37001644741903933,nan,nan
45,36,31348,forward,e,-,168,168.0,0.0,0.21405502259234266,0.0721469737706927,0.18371330320517706,0.2453727131772235,0.06165940997204644,0.17745017632844035,0.6907080506449716,0.5132578743165312,5.702540728842331,0.05224232595183754,0.49757766341958565,nan,nan
45,37,165874,forward,e,-,9677,9677.0,0.0,0.9592009074485195,0.09658418302610443,0.8079187045203085,0.9995342650817491,0.1916155605614407,0.07995581710975462,0.9999999981425329,0.9200441810327783,-5.033713298612287,0.1560322794685409,0.8839951668790949,nan,nan
45,38,33505,forward,e,-,629,629.0,0.0,0.749208655587218,0.2430803279559541,0.1898415228504876,0.9923608228055653,0.8025192999550776,0.07149271339993683,0.9999962318637763,0.9285035184638395,-0.8605175012120438,0.5268762272398472,0.5345116362980582,nan,nan
45,39,80819,forward,e,-,7644,7644.0,0.0,0.9527477921863614,0.22318778680598295,0.2684027834911886,0.9994669134303071,0.7310641299391185,1.8871492630350324e-05,0.9999999997858843,0.9999811282932539,-2.220479475710804,0.4258094398786667,0.6941933518772251,nan,nan
45,40,37316,forward,e,-,871,870.0,1.0,0.6611972091926006,0.17004980673611983,0.17721165832432556,0.6890112521165626,0.511799593792237,0.09500276807094252,0.7144767977305191,0.6194740296595765,-1.4749506813094009,0.48642060036633267,0.5686294906197157,nan,nan
45,41,8287,forward,e,-,2550,2550.0,0.0,0.3479434790416696,0.027558201279490057,0.31524118657920935,0.37720616277761737,0.06196497619840802,0.30557096333355255,0.5154599078002595,0.20988894446670697,2.481135994598491,0.03549319140846689,0.17247858308269998,nan,nan
45,42,33249,forward,e,-,308,308.0,0.0,0.3303313582422393,0.05230411278484377,0.276929908632063,0.4382709099896682,0.1613410013576052,0.10101334009375809,0.4829304418961387,0.3819171018023806,0.26789224707291015,0.112543994580993,0.23042070907350395,nan,nan
45,43,30636,forward,e,-,813,813.0,0.0,0.6431536863832887,0.1574747461374078,0.1709802915134194,0.6588824739264425,0.4879021824130231,0.0752200504805888,0.6967274249490961,0.6215073744685073,-2.0915309830574818,0.47693322519572257,0.5726934662285532,nan,nan
45,44,39017,forward,e,-,636,629.0,7.0,0.7480353472860125,0.20482482708493946,0.3923300345957315,0.9990499319642319,0.6067198973685004,0.09343203222320545,0.999999758967776,0.9065677267445706,-0.27343320086703904,0.4913700765561528,0.7902680789286789,nan,nan
45,0,144351,forward,w,deg,45608,45606.0,2.0,-20.875813620449293,85.61279637567546,-80.73340785177064,120.82646471461948,201.5598725663901,-150.63282078745897,123.82754544531997,274.46036623277894,0.07023014045548971,177.68104241451977,179.99999750566982,338.5106216806688,0.10854083398982964
45,1,23915,forward,w,deg,4561,4560.0,1.0,-0.4364287133173832,4.319504510010588,-6.200957984134201,8.047692372642654,14.248650356776855,-7.393112650435512,15.001427201184185,22.394539851619697,0.5774472176976259,8.429063825482455,15.382798654023986,307.12401392518393,0.9971622410865157
45,2,23568,forward,w,deg,825,6.0,819.0,-8.007026137417611,69.07716766479457,-136.65296641752826,31.145240525528692,167.79820694305695,-176.66219409189543,42.545438558882324,219.20763265077775,-1.9908578047380978,nan,nan,228.6214439837375,0.612560961827379
45,3,167952,forward,w,deg,2141,2141.0,0.0,8.043422074161555,54.546085608700245,-77.28471826821374,73.78213072833086,151.0668489965446,-84.5277740152303,111.55973883738073,196.08751285261104,-0.0852512518358292,153.96740534880144,161.210461095818,24.502201283036914,0.5968070554813034
45,4,48782,forward,w,deg,6026,6026.0,0.0,-5.043492473555858,15.606461025728112,-11.692512615457076,39.373123015828966,51.06563563128604,-53.95365897234748,108.47685326886108,162.43051224120856,2.0603110416837898,46.86004671636822,115.96377696940033,299.0418571575434,0.9644929950511762
45,5,51611,forward,w,deg,1255,1255.0,0.0,4.54634283290676,58.76978752931367,-133.68983061611283,40.573853955523774,174.2636845716366,-142.49850136828286,55.308322218571476,197.80682358685434,-1.2261723917082041,164.3832052320341,173.19187598420416,42.340865257958,0.6153470085643998
45,6,34556,forward,w,deg,417,417.0,0.0,-4.108057891541478,51.521842359798335,-39.32472645843359,107.16619433724834,146.49092079568192,-121.54753773732159,154.2789723789,275.8265101162216,0.9237370843047199,137.9443823498628,179.12915977537176,331.4941475964286,0.6731335144592809
45,7,28151,forward,w,deg,1230,1230.0,0.0,-3.7099780147509307,24.11886557055658,-36.951606888562054,40.82729529852142,77.77890218708347,-118.1821601133623,101.8516141841638,220.0337742975261,0.2209975241095697,50.95191619613281,111.82000488268795,330.11853435187436,0.9160920084849257
45,8,40083,forward,w,deg,898,898.0,0.0,-6.396870853220037,16.443163214184338,-10.898458133419037,34.84482302412019,45.74328115753923,-68.44471636105573,53.604092586668344,122.04880894772407,0.6366753987546759,42.930448361964245,63.26451373336721,301.33271732853024,0.9604671703495115
45,9,175498,forward,w,deg,2764,2764.0,0.0,-3.327126929774181,16.427581255549327,-17.34116619179625,29.552107027934873,46.89327321973113,-31.29974450167407,127.54140274593294,158.841147247607,2.0903797623988014,29.011731930935124,126.86508355455749,21.32433395242518,0.9620912533276692
45,10,9905,forward,w,deg,4957,4957.0,0.0,-1.3869399581947732,10.418313737790038,-6.455688072432065,13.963232155369854,20.41892022780192,-86.00176549913326,140.83492863882827,226.83669413796153,8.354394402748897,16.615930696688668,143.45794672469344,299.8400956840173,0.9873913180397856
45,11,210090,forward,w,deg,3039,3039.0,0.0,36.91524925188372,59.0159809841791,-105.44377003376461,83.01277308756713,188.45654312133172,-106.41675298403067,123.26559284885968,229.68234583289035,-0.2956377974721255,149.0401599389662,150.01314288923226,3.058518038951219,0.5488952501001834
45,12,22717,forward,w,deg,781,781.0,0.0,-4.469470458517492,81.67093090046764,-27.603067441635062,154.96008928610502,182.56315672774008,-152.02195407737526,161.68881200886648,313.71076608624173,0.531345097037007,159.88644011267792,166.61516283543938,299.77056437624105,0.28648898890145763
45,13,156237,forward,w,deg,2361,2361.0,0.0,1.7284947930462522,83.01271540417017,-164.65391306145045,43.35377941649864,208.0076924779491,-170.37124784947594,120.2623369545878,290.63358480406373,-0.5214120899128034,166.01871601916793,171.7360508071934,255.28191715223863,0.27836131981355
45,14,165903,forward,w,deg,8837,8837.0,0.0,-13.066364820138858,84.04138253861339,-19.58765872414807,163.90568421233831,183.49334293648639,-178.85503594269446,179.84570386040616,358.70073980310065,0.45234183261889527,177.48699651719045,179.9895521736637,286.0036752547127,0.24088706440160332
45,15,43359,forward,w,deg,2140,2140.0,0.0,-4.168592043925884,10.85924649082029,-9.117118053659661,24.54797796779785,33.66509602145751,-31.281126902897427,61.62294143861527,92.9040683415127,1.8534470977553488,29.48968014498682,66.56464361580424,302.91557309709896,0.9823823631703575
45,16,50026,forward,w,deg,1248,1246.0,2.0,-29.848438807118953,63.775932277520035,-101.4377623501249,88.28427610452638,189.72203845465128,-179.20103388473527,123.52765888086833,302.72869276560357,-0.011568908215109221,171.0409056557359,179.97692165019686,328.01868581793525,0.5036975952445406
45,17,61863,forward,w,deg,434,434.0,0.0,-4.951883352042046,23.52960437355682,-14.945701244827301,68.0299711066808,82.97567235150811,-74.56292745005362,101.87110953997501,176.43403699002863,2.1829631683854505,76.35399390858571,110.19513234187991,322.55393278516294,0.925643203228401
45,18,120454,forward,w,deg,12566,12566.0,0.0,-3.140789024453767,12.076646232774754,-9.919132608645171,23.176404471563075,33.095537080208246,-172.69890661376763,175.82049092247468,348.5193975362423,3.4296468704096443,28.135379500483353,179.26619431255642,267.77188397481206,0.9802233780209515
45,19,32794,forward,w,deg,286,286.0,0.0,-3.0302170650969487,24.03109691860972,-23.34317612892678,37.851842613237274,61.19501874216405,-29.690993485909928,148.47447290963112,178.16546639554105,2.8840378320199767,48.999928357863276,159.6225586542571,28.251998715530213,0.9296972965034935
45,20,110203,forward,w,deg,1784,1784.0,0.0,-0.5303940405512151,17.24802907360875,-36.91202811413149,27.30477439004372,64.2168025041752,-41.048687522048226,137.35297278638734,178.40166030843557,-0.05182181771245777,36.89915107674114,137.92300936773506,335.58526750539585,0.9564141316354318
45,21,59987,forward,w,deg,335,335.0,0.0,29.634453829775623,75.60540726686045,-91.9644140451222,124.8007445720923,216.7651586172145,-165.88287681537292,178.9901755419869,344.8730523573598,0.04686439392588588,159.35250390190112,176.16373111678686,24.267677747235716,0.3244232834334475
45,22,65627,forward,w,deg,751,57.0,694.0,-8.489811470729848,27.784301795974756,-21.842983630474976,56.96038884303139,78.80337247350636,-24.192366341822805,57.567176220411795,81.7595425622346,1.3885117602827524,nan,nan,233.11017258850364,0.889756452451998
45,23,153188,forward,w,deg,3577,3577.0,0.0,-3.566834599516767,36.07199284839336,-29.80987520180603,88.77742565633054,118.58730085813656,-179.19822397069254,179.989020385539,359.18724435623153,1.066593999362354,94.98964167213374,178.7959108119601,357.0855873034618,0.8575279178306687
45,24,69136,forward,w,deg,1596,1596.0,0.0,-0.1742957785583883,9.307533036345411,-9.200644936149502,11.127840896364972,20.328485832514474,-67.65528562916518,90.81583215267744,158.47111778184262,-0.3636000333704364,15.580897298744347,94.66709731958258,314.4732250115932,0.9875901240087458
45,25,167830,forward,w,deg,1814,1814.0,0.0,8.23668802689565,86.1399455455949,-161.18122279448323,54.20399328974082,215.38521608422406,-164.97103933007054,154.87045809182575,319.8414974218963,-0.3050054477313571,170.70352306894472,174.49333960453203,248.7488734802543,0.21597504485939079
45,26,148588,forward,w,deg,7200,7199.0,1.0,-9.02620407210776,80.0320303594983,-174.45509128137925,53.564138137913496,228.01922941929274,-179.99189004554722,179.98322251809594,359.97511256364317,-0.6490002089293633,165.5881785261081,179.55933651385737,267.27475956385274,0.4812383145510412
45,27,167957,forward,w,deg,2,2.0,0.0,-2.842170943040401e-14,13.18302478122527,-11.864722303102772,11.864722303102713,23.729444606205483,-13.1830247812253,13.183024781225242,26.36604956245054,nan,25.047747084328012,26.36604956245054,358.3002190806869,0.9736465144449072
45,28,12157,forward,w,deg,744,744.0,0.0,6.7603604454661195,38.647547339716574,-58.53248645868884,13.961036997576526,72.49352345626536,-177.97286295377876,176.97629534457775,354.9491582983565,-1.610777862663425,79.50935136950785,178.75457230992953,87.65081355668902,0.8523959342711321
45,29,24196,forward,w,deg,3709,3709.0,0.0,-3.27323456279197,12.02619788846216,-11.88060893173648,32.54803130525959,44.428640236996074,-12.689952196499576,47.74587014061569,60.43582233711527,1.833079347810976,37.3313720745383,52.5292109098944,305.002104157756,0.9785170215376474
45,30,45291,forward,w,deg,13141,13140.0,1.0,-7.371365388700411,45.40593641376432,-10.53548210541155,124.64328739689641,135.17876950230797,-86.02728262889153,154.05424658859607,240.0815292174876,2.1005247483504275,134.95338043032962,164.36433962202932,296.57976112459914,0.7785299123470334
45,31,88569,forward,w,deg,2769,2766.0,3.0,-2.8314970710261207,13.807278719096306,-15.277760671651492,29.09456049191462,44.37232116356611,-17.04862432802696,70.11912375804104,87.167748086068,1.4542516150199103,34.50066302127621,75.52522628740263,316.066422439786,0.9717251501251675
45,32,176015,forward,w,deg,15556,15556.0,0.0,-14.101336801464981,65.39269022254284,-31.216436252752473,132.91360428071175,164.13004053346424,-174.22243130564934,178.36347681235344,352.58590811800275,0.9496039649490898,161.21738002064373,179.99147362791967,307.2489833858581,0.5166610926250054
45,33,116002,forward,w,deg,11138,11137.0,1.0,-4.232726296019564,36.321569196502,-25.982601691131354,128.01126780966857,153.99386950079992,-29.314529370803967,178.2620339093421,207.57656328014608,2.83601176973117,138.4391777651863,176.1222411102803,284.28740589837224,0.86432941041818
45,34,29608,forward,w,deg,452,452.0,0.0,22.82599916029676,65.0719225270492,-119.5775488804316,61.99393384547848,181.57148272591007,-155.97228131566817,179.66420855503316,335.6364898707013,-0.30803256375726734,153.07991046021507,177.16930732218702,349.94748441020005,0.5053556468638475
45,35,52314,forward,w,deg,3886,3886.0,0.0,-0.48850430214983476,14.89486313382708,-18.01808706099432,20.48514203856952,38.50322909956384,-62.57246042034737,148.34272164781135,210.9151820681587,2.941711781458777,26.234041100197402,154.00615086540284,315.50667842175255,0.970458156242412
45,36,31348,forward,w,deg,168,168.0,0.0,-1.3170364999548099,15.7396645671026,-13.677404969327863,27.64615543804879,41.323560407376654,-61.57677597735943,52.10539914179748,113.68217511915691,-0.2823346236945874,39.592648251639645,63.51229107686373,353.3369353352904,0.9641989622273528
45,37,165874,forward,w,deg,9677,9677.0,0.0,3.478222371775246,78.92802468259326,-168.32047911764195,9.2606338236145,177.58111294125646,-173.61425372725398,149.50985491262276,323.12410863987674,-0.8239690905593987,173.52508722590144,178.81886183551347,257.52373272524324,0.41478056086178006
45,38,33505,forward,w,deg,629,629.0,0.0,43.49565872015461,72.32089793786157,-90.6572075670368,87.7845756049218,178.4417831719586,-126.79685732305995,104.78451450535385,231.5813718284138,0.00772594349728913,169.42946164346188,178.18509224698687,4.243688064296079,0.32114203620914544
45,39,80819,forward,w,deg,7644,7644.0,0.0,-4.950591504451779,53.29532915840745,-61.696841595385905,65.30236492036126,126.99920651574716,-175.6490711338822,70.58785035185457,246.23692148573676,-0.17302702261652048,116.2239572832826,176.4966035672685,352.7561155987932,0.6172220248920869
45,40,37316,forward,w,deg,871,870.0,1.0,-12.75880507387322,28.15413232482525,-21.79169953090735,62.08142568704727,83.87312521795462,-83.51989645093965,96.65574173293533,180.17563818387498,1.1862157621680005,79.5614270886939,114.13574313458196,315.88848173224153,0.8874634467879652
45,41,8287,forward,w,deg,2550,2550.0,0.0,-1.4867062508287177,7.123039995296188,-4.184723523604975,5.180325237660906,9.365048761265882,-4.302552915900776,68.57616355937841,72.87871647527919,6.0613950138307455,8.405359584383586,71.8011979061011,296.4594715057534,0.9927538905523254
45,42,33249,forward,w,deg,308,308.0,0.0,-4.276142854116088,20.59353319724731,-26.474371738240364,38.22656040983143,64.70093214807179,-30.461894794435125,85.94886221857757,116.4107570130127,0.9095604253644072,50.4569239412733,98.1792257500195,19.949358356055228,0.9379072948006544
45,43,30636,forward,w,deg,813,813.0,0.0,-7.666727300936429,33.10909390807874,-12.642013307907416,83.30293804197287,95.94495134988028,-91.97901113391461,138.81710942451127,230.79612055842588,1.5489978796419872,92.93396139809163,148.4481327806301,304.9642760027623,0.8603065000186964
45,44,39017,forward,w,deg,636,629.0,7.0,8.692313044321992,65.37055293175803,-148.08185659056352,47.37342522988236,195.45528182044586,-179.31000908923977,179.0156661877342,358.325675276974,-0.6869058739477987,165.74185908037816,179.67478340742684,43.52473381856893,0.5465674278950085
50,0,155584,backward,a,km,12184,0.0,12184.0,nan,nan,nan,nan,nan,nan,nan,nan,nan,nan,nan,nan,nan
50,1,24196,backward,a,km,3715,3715.0,0.0,208532.7898092496,3048.217927938387,203979.1715260562,213621.14407902464,9641.972552968451,202700.10388098448,216161.93840208842,13461.834521103941,0.12194952246505739,5435.56788474608,7105.650964970264,nan,nan
50,2,23568,backward,a,km,824,824.0,0.0,238995.3154025185,1757.4962646234615,235563.16146226242,240775.37626420803,5212.214801945607,233499.79098780866,240887.13012143958,7387.339133630914,-0.4487043942005075,3710.3554108518074,5773.725885305554,nan,nan
50,3,171049,backward,a,km,2417,0.0,2417.0,nan,nan,nan,nan,nan,nan,nan,nan,nan,nan,nan,nan,nan
50,4,50148,backward,a,km,5559,5559.0,0.0,209628.3674910766,3495.918910440675,204827.88180754386,215627.5282510657,10799.646443521837,204471.997323538,217576.17506653996,13104.177743001957,0.17353362070268397,5742.141118827145,7098.822470194806,nan,nan
50,5,51611,backward,a,km,1286,0.0,1286.0,nan,nan,nan,nan,nan,nan,nan,nan,nan,nan,nan,nan,nan
50,6,20504,backward,a,km,378,378.0,0.0,237376.00888897936,1086.8582505412203,235904.861773101,239089.05480818707,3184.193035086064,234416.52332536073,240550.08800193848,6133.564676577749,0.32796175345207396,1885.3033053297293,3094.661418557982,nan,nan
50,7,27924,backward,a,km,1214,1214.0,0.0,223200.78952330336,4879.272831361681,214251.30001493962,230173.11970147456,15921.819686534931,211452.75251763465,232857.86251235692,21405.10999472227,-0.2820678561568503,8702.12519853618,10771.586292639113,nan,nan
50,8,76903,backward,a,km,285,285.0,0.0,202098.07817502553,2998.5514263219343,195435.66546242853,204068.4790278711,8632.813565442571,193052.52070609113,233991.18819677996,40938.66749068882,3.1504758456534168,6909.400572939034,32334.75383818749,nan,nan
50,9,78960,backward,a,km,18817,0.0,18817.0,nan,nan,nan,nan,nan,nan,nan,nan,nan,nan,nan,nan,nan
50,10,9905,backward,a,km,4965,4965.0,0.0,221736.38723927247,4019.9057762105185,214943.58489679403,227636.0172962092,12692.432399415178,213219.75513014183,235166.0841545898,21946.329024447972,-0.07495111101717832,7562.542754858942,12786.451818122587,nan,nan
50,11,210447,backward,a,km,3063,0.0,3063.0,nan,nan,nan,nan,nan,nan,nan,nan,nan,nan,nan,nan,nan
50,12,22498,backward,a,km,655,655.0,0.0,235503.31481006852,1221.3672995277764,234235.90795102474,236231.30334745155,1995.3953964268148,210930.0618654633,236704.8035855689,25774.74172010561,-12.65959496487682,1324.3182905326132,24630.164376094064,nan,nan
50,13,152421,backward,a,km,1773,0.0,1773.0,nan,nan,nan,nan,nan,nan,nan,nan,nan,nan,nan,nan,nan
50,14,166474,backward,a,km,8815,0.0,8815.0,nan,nan,nan,nan,nan,nan,nan,nan,nan,nan,nan,nan,nan
50,15,43359,backward,a,km,2140,2140.0,0.0,199332.70699138395,2204.1879588663082,197049.2697958183,203758.24815945295,6708.97836363464,193076.19742837848,204479.9056088811,11403.70818050261,0.4449615272173313,5453.667351995314,6175.324801423441,nan,nan
50,16,41854,backward,a,km,7409,7409.0,0.0,225643.49262335105,5153.455132427736,217383.044344227,232850.63626575135,15467.591921524348,215422.8506003022,235326.9601283128,19904.109528010624,-0.07147947113962423,10145.029105245407,12621.352967806859,nan,nan
50,17,61863,backward,a,km,433,433.0,0.0,201843.46525544717,1276.1522762011577,201065.50219513787,204157.56415840395,3092.061963266082,193064.57318591388,204479.13620268233,11414.563016768458,-2.3710846708976616,2572.203975654055,8585.08067373748,nan,nan
50,18,120454,backward,a,km,12525,0.0,12525.0,nan,nan,nan,nan,nan,nan,nan,nan,nan,nan,nan,nan,nan
50,19,30745,backward,a,km,271,271.0,0.0,238584.89537475747,2421.77173960268,233776.3565594668,240998.39119939276,7222.034639925958,232642.04805865686,241041.67889637285,8399.630837715988,-0.45470232756881895,4695.423554723151,5829.732055533095,nan,nan
50,20,110203,backward,a,km,1784,1784.0,0.0,209112.98239942233,6002.036419923476,204437.18912778547,219741.20277769055,15304.013649905071,202591.05632063546,233065.60999008888,30474.553669453424,1.6891816072388481,10365.008659141247,23689.41587153959,nan,nan
50,21,78354,backward,a,km,269,269.0,0.0,224776.02034502392,4572.869849421207,217475.20142246172,234677.00230095867,17201.800878496957,209021.03624475945,235570.65472900774,26549.61848424829,-0.07452425618310962,12279.111342816113,13449.723588454479,nan,nan
50,22,65262,backward,a,km,717,717.0,0.0,231105.92291174878,3611.2633248744332,225141.52339126973,235023.02950295506,9881.506111685332,210622.97161221624,236339.93878593136,25716.967173715122,-1.2744447072352574,7640.521900347625,16972.28790147355,nan,nan
50,23,151422,backward,a,km,3376,0.0,3376.0,nan,nan,nan,nan,nan,nan,nan,nan,nan,nan,nan,nan,nan
50,24,69514,backward,a,km,1548,1548.0,0.0,203503.60419815197,697.0525673294154,202207.53904158244,204411.47573678,2203.936695197568,201890.04475685503,204528.55215177848,2638.50739492345,-0.3086715045225223,1194.5574675511466,1375.2274324955943,nan,nan
50,25,168114,backward,a,km,1774,0.0,1774.0,nan,nan,nan,nan,nan,nan,nan,nan,nan,nan,nan,nan,nan
50,26,148588,backward,a,km,6986,0.0,6986.0,nan,nan,nan,nan,nan,nan,nan,nan,nan,nan,nan,nan,nan
50,27,167957,backward,a,km,1,0.0,1.0,nan,nan,nan,nan,nan,nan,nan,nan,nan,nan,nan,nan,nan
50,28,12828,backward,a,km,588,588.0,0.0,238881.77295027662,1336.0814699602047,236481.0186271299,239958.08431367553,3477.065686545626,229129.61081924144,240991.0145124345,11861.403693193075,-2.111826808895688,2223.4826243002417,9542.554850784072,nan,nan
50,29,34556,backward,a,km,417,417.0,0.0,211058.1718854128,8701.054086306542,203078.3583867256,231227.96571779522,28149.607331069623,201468.0125684595,234569.72426813858,33101.71169967909,0.7054468624704153,18634.396354951627,21976.154905295,nan,nan
50,30,48939,backward,a,km,6961,6961.0,0.0,225731.81027156324,4654.503186133067,218450.43061395505,233230.8513919246,14780.420777969557,212870.56366316316,236341.0270321517,23470.463368988538,-0.0013728322417095177,9864.718737877527,12958.79483998078,nan,nan
50,31,88569,backward,a,km,2769,2769.0,0.0,198259.57074474855,2473.5321181240856,195778.7193682415,203324.16211376194,7545.442745520442,195334.9646952492,204531.56374610294,9196.59905085375,0.4728649503898189,5826.416165932576,7033.81779827358,nan,nan
50,32,176015,backward,a,km,15599,0.0,15599.0,nan,nan,nan,nan,nan,nan,nan,nan,nan,nan,nan,nan,nan
50,33,116002,backward,a,km,11190,0.0,11190.0,nan,nan,nan,nan,nan,nan,nan,nan,nan,nan,nan,nan,nan
50,34,29608,backward,a,km,442,442.0,0.0,238637.8102117553,2094.9677310353413,234387.98875414845,240901.9736133902,6513.984859241755,233631.32293629213,241125.0717833503,7493.748847058159,-0.4872310845566099,4146.229692487142,4902.895510343456,nan,nan
50,35,52314,backward,a,km,3885,3885.0,0.0,200423.8136492628,1637.1032753258119,198281.29595154768,203690.07333955192,5408.777388004237,193167.70139503328,204535.18601765996,11367.484622626682,0.31691590084213395,4363.603770281182,6169.618990876275,nan,nan
50,36,31348,backward,a,km,165,165.0,0.0,216694.35256520228,8607.92328730715,202728.31274282307,230813.16828491027,28084.8555420872,201334.34470297335,231255.9631062098,29921.61840323644,-0.03304936834682201,14410.94126436219,15360.00786222893,nan,nan
50,37,165589,backward,a,km,9558,0.0,9558.0,nan,nan,nan,nan,nan,nan,nan,nan,nan,nan,nan,nan,nan
50,38,35110,backward,a,km,1164,1164.0,0.0,233888.79082775634,1295.15629659751,232179.04678169676,236513.06504425465,4334.018262557889,230315.58840448994,237642.5612749539,7326.972870463971,0.44871340382583264,2594.772511272573,3773.1420025834814,nan,nan
50,39,80416,backward,a,km,7244,7244.0,0.0,211200.96779065422,3562.2386264792062,205942.50190078022,217116.95383444472,11174.451933664503,202642.9673353473,219276.24466454628,16633.277329198987,0.08666003220352672,6599.53807736665,9894.480641352362,nan,nan
50,40,37316,backward,a,km,864,864.0,0.0,210002.4027001618,4208.828654352711,204090.32516781145,217579.82262771198,13489.497459900536,202619.38082314158,230038.85388244968,27419.473059308104,0.3582435822929641,7655.497715581794,19237.669736858894,nan,nan
50,41,8157,backward,a,km,2550,2550.0,0.0,213699.89418278757,5187.15099304193,205589.65217649183,222187.50213163724,16597.849955145415,204384.07322285854,224732.4004326567,20348.327209798153,0.050896900603233985,8908.388694764026,11380.674490634148,nan,nan
50,42,35310,backward,a,km,320,320.0,0.0,237230.97535070468,5095.1365818748345,225068.39446183754,241020.47082768104,15952.076365843503,221252.7268586448,241085.72261298014,19832.995754335338,-0.9749024155339772,12565.676422898281,16381.344026091014,nan,nan
50,43,30636,backward,a,km,801,801.0,0.0,223552.6475741174,4977.3062063551115,215398.70899441428,230957.24397354355,15558.534979129268,212798.23717066165,236243.05500202722,23444.817831365566,-0.06854923486602661,8822.21328206957,14014.673384673079,nan,nan
50,44,83559,backward,a,km,808,808.0,0.0,224447.51661726533,4857.587766389915,216741.3820481827,232514.69635843538,15773.314310252666,214788.0642654418,235481.153631595,20693.089366153203,0.05834318627043564,10013.661199556702,12980.118472716305,nan,nan
50,45,23915,backward,a,km,4561,4561.0,0.0,222616.98342438746,5384.757780267127,212550.92142194117,229550.89257695174,16999.97115501057,210266.23027924792,230946.33753623147,20680.107256983552,-0.30963511061155347,9116.59133280188,11318.576321122993,nan,nan
50,46,35907,backward,a,km,884,884.0,0.0,218690.28728704114,8336.625739797444,205876.65938678756,231637.604019343,25760.944632555445,204490.44588288842,235537.67754293766,31047.231660049234,0.09111064010655802,14280.946237796801,18181.01976139145,nan,nan
50,47,170879,backward,a,km,15630,0.0,15630.0,nan,nan,nan,nan,nan,nan,nan,nan,nan,nan,nan,nan,nan
50,48,179044,backward,a,km,1231,0.0,1231.0,nan,nan,nan,nan,nan,nan,nan,nan,nan,nan,nan,nan,nan
50,49,222546,backward,a,km,1310,0.0,1310.0,nan,nan,nan,nan,nan,nan,nan,nan,nan,nan,nan,nan,nan
50,0,155584,backward,e,-,12184,0.0,12184.0,nan,nan,nan,nan,nan,nan,nan,nan,nan,nan,nan,nan,nan
50,1,24196,backward,e,-,3715,3715.0,0.0,0.4556711184029239,0.02293094195101373,0.41713430641267973,0.48970163357645596,0.07256732716377623,0.39744990995991114,0.49920013426704896,0.10175022430713782,-0.13596975255669017,0.04078344546143674,0.05432304451876108,nan,nan
50,2,23568,backward,e,-,824,824.0,0.0,0.19510342571703576,0.019292873840155354,0.17398090468028535,0.23091286308022704,0.056931958399941696,0.17265093155954234,0.2504354262757038,0.07778449471616147,0.37567479673735726,0.0403046337399868,0.05982719693546357,nan,nan
50,3,171049,backward,e,-,2417,0.0,2417.0,nan,nan,nan,nan,nan,nan,nan,nan,nan,nan,nan,nan,nan
50,4,50148,backward,e,-,5559,5559.0,0.0,0.44718155767708745,0.02647507086012427,0.4013869037703418,0.48323380775571845,0.08184690398537664,0.3857847462007491,0.48594402621755617,0.10015928001680707,-0.18793768617986834,0.043310590219573494,0.05503931100454584,nan,nan
50,5,51611,backward,e,-,1286,0.0,1286.0,nan,nan,nan,nan,nan,nan,nan,nan,nan,nan,nan,nan,nan
50,6,20504,backward,e,-,378,378.0,0.0,0.2120404579988716,0.011519307473559238,0.19360988450500122,0.22731231700466098,0.03370243249965976,0.17685896764791362,0.24152769110185737,0.06466872345394375,-0.4098214729450333,0.019358225580468975,0.033758842267922695,nan,nan
50,7,27924,backward,e,-,1214,1214.0,0.0,0.34108630470297846,0.03984844390478949,0.2823702474159484,0.41218820640091836,0.12981795898496995,0.2564852446015339,0.4335582843495905,0.1770730397480566,0.21819373950491397,0.07191448149706936,0.094071016472556,nan,nan
50,8,76903,backward,e,-,285,285.0,0.0,0.5035947607203899,0.023025161039736345,0.4889712783050297,0.5528494834338921,0.06387820512886239,0.2463159418609893,0.5704977881826699,0.3241818463216807,-3.945375768935042,0.05111059879452464,0.2605158532930776,nan,nan
50,9,78960,backward,e,-,18817,0.0,18817.0,nan,nan,nan,nan,nan,nan,nan,nan,nan,nan,nan,nan,nan
50,10,9905,backward,e,-,4965,4965.0,0.0,0.3536956796372435,0.03237439196415826,0.30482373499127025,0.4070519655875158,0.10222823059624553,0.2375971620123465,0.4203174498313905,0.182720287819044,0.018504566357274568,0.059881076642577684,0.11094446413501177,nan,nan
50,11,210447,backward,e,-,3063,0.0,3063.0,nan,nan,nan,nan,nan,nan,nan,nan,nan,nan,nan,nan,nan
50,12,22498,backward,e,-,655,655.0,0.0,0.23153871025195413,0.010885458157671002,0.22407455700306647,0.24389788990849723,0.019823332905430757,0.21917449188883667,0.4379670055016741,0.21879251361283744,10.740012287084182,0.012930853946308177,0.20699996953948505,nan,nan
50,13,152421,backward,e,-,1773,0.0,1773.0,nan,nan,nan,nan,nan,nan,nan,nan,nan,nan,nan,nan,nan
50,14,166474,backward,e,-,8815,0.0,8815.0,nan,nan,nan,nan,nan,nan,nan,nan,nan,nan,nan,nan,nan
50,15,43359,backward,e,-,2140,2140.0,0.0,0.524155992895733,0.01629551410986514,0.49143302017070345,0.5410122148479602,0.0495791946772568,0.48569284519327055,0.5703133050206662,0.08462045982739569,-0.4474825083970922,0.04034648049062559,0.04608665546805851,nan,nan
50,16,41854,backward,e,-,7409,7409.0,0.0,0.32099796536703756,0.04344236537404797,0.25735097610398355,0.38769532764002806,0.1303443515360445,0.23371131588003718,0.40306722412580986,0.16935590824577268,0.003974483732703454,0.0879304270182439,0.11157008724219025,nan,nan
50,17,61863,backward,e,-,433,433.0,0.0,0.5054934038598609,0.009460910468350884,0.4882672348630996,0.5112412739545131,0.022974039091413545,0.48571602481883036,0.5704147561273051,0.08469873130847472,2.351989814300681,0.019172977152262582,0.06348908267357067,nan,nan
50,18,120454,backward,e,-,12525,0.0,12525.0,nan,nan,nan,nan,nan,nan,nan,nan,nan,nan,nan,nan,nan
50,19,30745,backward,e,-,271,271.0,0.0,0.1991468507201693,0.025841046038417383,0.1712405673349922,0.24773431498056595,0.07649374764557373,0.1705551027709381,0.2616884087544383,0.09113330598350017,0.37235872300898115,0.04829694802560966,0.06225104179948199,nan,nan
50,20,110203,backward,e,-,1784,1784.0,0.0,0.4508833124760099,0.04734859190782135,0.36865109634020266,0.4862749869730906,0.11762389063288792,0.2545274948522641,0.49979373196666516,0.24526623711440104,-1.845011723229237,0.08021091539619239,0.194334516884131,nan,nan
50,21,78354,backward,e,-,269,269.0,0.0,0.3279344547098013,0.038709165319790524,0.2390812344088071,0.3869083695460472,0.14782713513724008,0.23125246115302914,0.45156972555265523,0.2203172643996261,-0.11457422104514108,0.10766097929687553,0.11548975255265351,nan,nan
50,22,65262,backward,e,-,717,717.0,0.0,0.27321002681291273,0.03186913885931815,0.2361153829940681,0.32510781747146644,0.08899243447739835,0.22573443184795422,0.44028354661417857,0.21454911476622435,1.0815028489823928,0.06920331802257927,0.13641092960979656,nan,nan
50,23,151422,backward,e,-,3376,0.0,3376.0,nan,nan,nan,nan,nan,nan,nan,nan,nan,nan,nan,nan,nan
50,24,69514,backward,e,-,1548,1548.0,0.0,0.4930948636280841,0.005194082028063084,0.4863122265479249,0.5027395573255321,0.01642733077760722,0.48536137834930265,0.5050900128393001,0.019728634489997454,0.3060479804716527,0.008904474055652874,0.010206067191951662,nan,nan
50,25,168114,backward,e,-,1774,0.0,1774.0,nan,nan,nan,nan,nan,nan,nan,nan,nan,nan,nan,nan,nan
50,26,148588,backward,e,-,6986,0.0,6986.0,nan,nan,nan,nan,nan,nan,nan,nan,nan,nan,nan,nan,nan
50,27,167957,backward,e,-,1,0.0,1.0,nan,nan,nan,nan,nan,nan,nan,nan,nan,nan,nan,nan,nan
50,28,12828,backward,e,-,588,588.0,0.0,0.19626870167677932,0.01415166613224133,0.18303833360618701,0.22157401857550352,0.0385356849693165,0.17139955080305702,0.2913900639593804,0.11999051315632336,1.7958346142379649,0.02448653096081017,0.09310073983814598,nan,nan
50,29,34556,backward,e,-,417,417.0,0.0,0.4365459011705161,0.06858786914304761,0.2725223289126777,0.4961886015326896,0.22366627262001193,0.24002403684091145,0.5082489392345224,0.26822490239361096,-0.7820801521082172,0.15233559817434147,0.18483389024610775,nan,nan
50,30,48939,backward,e,-,6961,6961.0,0.0,0.32008936243131875,0.039345086247784496,0.25390536417764475,0.3791208889088759,0.12521552473123115,0.22268798498332593,0.42295430966723885,0.20026632468391292,-0.07741189566753728,0.08571059019309296,0.11692796938741179,nan,nan
50,31,88569,backward,e,-,2769,2769.0,0.0,0.5320472174554005,0.01835658076174142,0.49437722513239846,0.5504010924826515,0.056023867350253,0.4852904288833956,0.5536543786931964,0.06836394980980087,-0.47597333796199653,0.043247117280390227,0.052333913529393095,nan,nan
50,32,176015,backward,e,-,15599,0.0,15599.0,nan,nan,nan,nan,nan,nan,nan,nan,nan,nan,nan,nan,nan
50,33,116002,backward,e,-,11190,0.0,11190.0,nan,nan,nan,nan,nan,nan,nan,nan,nan,nan,nan,nan,nan
50,34,29608,backward,e,-,442,442.0,0.0,0.198669362187405,0.022484762802878623,0.17235340275952596,0.24191803894860436,0.0695646361890784,0.16971737352447916,0.2491447977448176,0.07942742422033844,0.3928925807034607,0.04313165171849233,0.05035841051470555,nan,nan
50,35,52314,backward,e,-,3885,3885.0,0.0,0.5160033985789744,0.012128352060733994,0.49181798462670934,0.531890208710713,0.04007222408400368,0.48528226806734476,0.5696656158767904,0.08438334780944567,-0.31980923768883507,0.03236958889959221,0.0455611292970739,nan,nan
50,36,31348,backward,e,-,165,165.0,0.0,0.3932787278999477,0.06783778793410654,0.27665164286424454,0.49883079830801486,0.22217915544377032,0.2726984997920161,0.5092778500225233,0.23657935023050725,-0.043420826477831305,0.11662708503570317,0.12058022810793162,nan,nan
50,37,165589,backward,e,-,9558,0.0,9558.0,nan,nan,nan,nan,nan,nan,nan,nan,nan,nan,nan,nan,nan
50,38,35110,backward,e,-,1164,1164.0,0.0,0.24709959593603986,0.012629048570482707,0.22086063968873534,0.26312071544024007,0.04226007575150473,0.2090315258001692,0.2799001313582292,0.07086860555806002,-0.5511201434484038,0.0256675096894786,0.03609314825240101,nan,nan
50,39,80416,backward,e,-,7244,7244.0,0.0,0.43515675037004975,0.027167947862331534,0.38957877274501435,0.47480741571172536,0.08522864296671101,0.372522828354376,0.4994531553838391,0.1269303270294631,-0.10620036958029364,0.050034317479949415,0.07450758799981927,nan,nan
50,40,37316,backward,e,-,864,864.0,0.0,0.44439352842778357,0.032063850634123946,0.3861615465175581,0.48878939010534495,0.10262784358778687,0.28238092407879956,0.4996205578360031,0.21723963375720357,-0.40934257975825966,0.05858811455443713,0.15609379844146443,nan,nan
50,41,8157,backward,e,-,2550,2550.0,0.0,0.4167021025925221,0.039832871323363724,0.3502597998803573,0.4778087466838803,0.12754894680352297,0.32891105218120087,0.4867764235864514,0.15786537140525053,-0.08561255035823229,0.06909935822997935,0.09044810592913582,nan,nan
50,42,35310,backward,e,-,320,320.0,0.0,0.21320759078913326,0.04945038301677626,0.17091012716836929,0.32524406805313505,0.15433394088476576,0.1700108997958378,0.3565319822495173,0.18652108245367952,0.7911910063346225,0.11669229445165599,0.14798020864803824,nan,nan
50,43,30636,backward,e,-,801,801.0,0.0,0.33872660244857533,0.0409897319567367,0.2753026674327217,0.40331301234678274,0.12801034491406105,0.2268033250953236,0.42329425006632765,0.19649092497100404,-0.004538220483714396,0.07405471868736058,0.12255406102475866,nan,nan
50,44,83559,backward,e,-,808,808.0,0.0,0.33076833668284844,0.04056429077760955,0.26009880250450274,0.3923327267985846,0.13223392429408187,0.23213587546972106,0.4075102381519538,0.17537436268223275,-0.14134880199531086,0.08635170812461017,0.11431463515939186,nan,nan
50,45,23915,backward,e,-,4561,4561.0,0.0,0.346429267275651,0.04346187586762205,0.2881157262987362,0.4252536321193555,0.1371379058206193,0.27555961201693546,0.44260000641822184,0.16704039440128637,0.25020377727809373,0.07384227176443975,0.08792302762200072,nan,nan
50,46,35907,backward,e,-,884,884.0,0.0,0.3775832038132434,0.06700698262323157,0.2691218211281974,0.47535646697486755,0.20623464584667017,0.2316081199446042,0.48583105592263,0.2542229359780258,-0.19313911302717132,0.11892911438092257,0.15644281556451575,nan,nan
50,47,170879,backward,e,-,15630,0.0,15630.0,nan,nan,nan,nan,nan,nan,nan,nan,nan,nan,nan,nan,nan
50,48,179044,backward,e,-,1231,0.0,1231.0,nan,nan,nan,nan,nan,nan,nan,nan,nan,nan,nan,nan,nan
50,49,222546,backward,e,-,1310,0.0,1310.0,nan,nan,nan,nan,nan,nan,nan,nan,nan,nan,nan,nan,nan
50,0,155584,backward,w,deg,12184,0.0,12184.0,nan,nan,nan,nan,nan,nan,nan,nan,nan,nan,nan,nan,nan
50,1,24196,backward,w,deg,3715,3715.0,0.0,-0.8478808314414721,5.100864415841148,-4.376466859283809,17.13691501791591,21.51338187719972,-5.11505505243025,23.72294001346188,28.83799506589213,2.990384640760892,18.710369817091973,25.296394812637942,186.71591687924104,0.9960690654755172
50,2,23568,backward,w,deg,824,824.0,0.0,3.6179828976360966,14.808522103187613,-24.815327545592837,17.40473062069865,42.22005816629149,-26.92349138779818,19.77856282523925,46.70205421303743,-0.406312298159719,34.756806555426614,36.864970397631964,195.10329024929072,0.9669156952490651
50,3,171049,backward,w,deg,2417,0.0,2417.0,nan,nan,nan,nan,nan,nan,nan,nan,nan,nan,nan,nan,nan
50,4,50148,backward,w,deg,5559,5559.0,0.0,-0.8333018877625022,4.183772895276181,-4.645118680951193,9.711241330747196,14.356360011698388,-24.221905379599946,16.512573190154882,40.73447856975483,1.3977831261948166,11.388530155081229,22.64535104687201,196.83829846038526,0.9973410360140428
50,5,51611,backward,w,deg,1286,0.0,1286.0,nan,nan,nan,nan,nan,nan,nan,nan,nan,nan,nan,nan,nan
50,6,20504,backward,w,deg,378,378.0,0.0,0.4223349789715627,5.002671047377632,-5.816650766068482,8.135147269355688,13.951798035424169,-28.865735918103326,13.544184977420286,42.40992089552361,-1.900125608135352,9.851291019285739,28.667481692803022,201.50218119895314,0.9962191680809765
50,7,27924,backward,w,deg,1214,1214.0,0.0,-5.236295897214276,10.61870879219994,-9.21765649338409,17.04968355710158,26.26734005048567,-32.94657146793415,17.33027411140813,50.27684557934228,0.6953586498991825,22.78475141492912,27.2272037698593,199.90442143089848,0.9829371524071401
50,8,76903,backward,w,deg,285,285.0,0.0,0.19621545065174928,5.2230003033013945,-12.680998417895852,6.9513271692146485,19.6323255871105,-19.268854804199805,9.858103458294153,29.126958262493957,-1.6560539512756312,14.253870233514384,20.84172661981833,193.66963054423658,0.9958649333347447
50,9,78960,backward,w,deg,18817,0.0,18817.0,nan,nan,nan,nan,nan,nan,nan,nan,nan,nan,nan,nan,nan
50,10,9905,backward,w,deg,4965,4965.0,0.0,-0.2992759437418897,2.8927611835753355,-3.6775819359237234,6.912773448426691,10.590355384350413,-18.162338688325974,11.165963645482208,29.328302333808182,1.0084289059979845,7.266566679729812,17.84207653039161,185.5650915536664,0.9987269108923132
50,11,210447,backward,w,deg,3063,0.0,3063.0,nan,nan,nan,nan,nan,nan,nan,nan,nan,nan,nan,nan,nan
50,12,22498,backward,w,deg,655,655.0,0.0,-0.00846493374712054,3.6192390144612023,-5.1578504066419635,4.076366230678922,9.234216637320886,-29.98108925117495,14.32742840135981,44.30851765253476,0.18433825907383655,5.527823898573797,29.606272041699327,201.45751390271693,0.9980132695972376
50,13,152421,backward,w,deg,1773,0.0,1773.0,nan,nan,nan,nan,nan,nan,nan,nan,nan,nan,nan,nan,nan
50,14,166474,backward,w,deg,8815,0.0,8815.0,nan,nan,nan,nan,nan,nan,nan,nan,nan,nan,nan,nan,nan
50,15,43359,backward,w,deg,2140,2140.0,0.0,-1.8697198881448003,5.650873062009493,-6.242524595349138,12.143207902466058,18.385732497815198,-7.448142696858355,17.16323431242745,24.611377009285803,1.0512775109073713,13.740966692585998,18.76099310254739,186.79237932546653,0.995149346732344
50,16,41854,backward,w,deg,7409,7409.0,0.0,-1.4010470374832664,4.829695259574763,-5.782423706306616,9.046164016024534,14.82858772233115,-34.75115066817736,15.110779774338567,49.86193044251593,0.652547117422735,9.869770400095813,33.93519705743944,201.7349426943894,0.9964543137056286
50,17,61863,backward,w,deg,433,433.0,0.0,-0.8513034136095712,3.5293596027817755,-3.817091045449132,6.718376809305963,10.535467854755094,-20.38305719148073,10.124445032256745,30.507502223737475,0.12744655606042543,8.735242429157651,18.614861395993813,194.10553927290763,0.9981058749140519
50,18,120454,backward,w,deg,12525,0.0,12525.0,nan,nan,nan,nan,nan,nan,nan,nan,nan,nan,nan,nan,nan
50,19,30745,backward,w,deg,271,271.0,0.0,5.418088379493412,14.405053508697566,-29.82633366504095,14.105854541922312,43.93218820696326,-34.31304095901763,14.520207782687493,48.83324874170512,-0.9211078740783692,37.73194434421006,42.21865163818674,201.55688051003568,0.9688236826992989
50,20,110203,backward,w,deg,1784,1784.0,0.0,3.3986501372274347,10.569307101085682,-24.798210561025584,10.628082581169764,35.42629314219535,-25.80356149190672,12.741298096848368,38.54485958875509,-1.1813410908207846,29.331400306074254,30.336751236955394,204.33925253080847,0.9831388708457643
50,21,78354,backward,w,deg,269,269.0,0.0,5.1515164175031884,10.6881181210924,-16.11287508398534,6.845158622492806,22.958033706478147,-41.887711814961534,7.689227774077523,49.57693958903906,-2.0483193583933463,20.825049092001347,46.59988582297754,209.0401244124605,0.9829587868918849
50,22,65262,backward,w,deg,717,717.0,0.0,10.193095888180608,19.682306407132707,-37.277802414856545,11.034621635864067,48.31242405072061,-37.49507586157151,11.22809090097445,48.72316676254596,-1.2917177390686352,48.17877884070605,48.396052287421014,204.5503421269655,0.9425643050555976
50,23,151422,backward,w,deg,3376,0.0,3376.0,nan,nan,nan,nan,nan,nan,nan,nan,nan,nan,nan,nan,nan
50,24,69514,backward,w,deg,1548,1548.0,0.0,-0.09337990374034177,2.626894590862765,-3.8416209196281144,4.298390867965757,8.140011787593872,-22.533117850637723,6.421303359905124,28.954421210542847,-0.6382200757049203,5.576793518516423,21.258531795157182,196.33184912296554,0.9989505644330651
50,25,168114,backward,w,deg,1774,0.0,1774.0,nan,nan,nan,nan,nan,nan,nan,nan,nan,nan,nan,nan,nan
50,26,148588,backward,w,deg,6986,0.0,6986.0,nan,nan,nan,nan,nan,nan,nan,nan,nan,nan,nan,nan,nan
50,27,167957,backward,w,deg,1,0.0,1.0,nan,nan,nan,nan,nan,nan,nan,nan,nan,nan,nan,nan,nan
50,28,12828,backward,w,deg,588,588.0,0.0,1.2512836501880713,8.241093103955995,-15.118383825760706,10.459016756590273,25.57740058235098,-25.59843521251176,20.152316111624685,45.750751324136445,-0.7206218696698901,18.22081829411053,28.700869680861587,192.9425926616349,0.9897199806086843
50,29,34556,backward,w,deg,417,417.0,0.0,-3.363345168082674,9.051935548885112,-8.010677251336636,18.035696493167556,26.046373744504194,-30.464828332362487,19.066393179643796,49.53122151200628,0.4799041625842186,24.757675045290163,25.788371731766404,197.63715352929134,0.9875972059964157
50,30,48939,backward,w,deg,6961,6961.0,0.0,0.5282709421876461,4.182282473331288,-7.210988199222555,4.786777984925095,11.99776618414765,-37.2370992052937,13.217513746646603,50.454612951940305,-3.1889943911929395,7.655406781569241,37.65135689319732,204.35438810540987,0.9973661202555649
50,31,88569,backward,w,deg,2769,2769.0,0.0,-0.08881400190873023,6.229198524379046,-10.414579658642111,9.84542612444786,20.260005783089973,-13.230798474833477,12.347969132368661,25.57876760720214,-0.05582131246870254,11.482617605008071,14.29883642119944,192.8951282745776,0.9941021108797403
50,32,176015,backward,w,deg,15599,0.0,15599.0,nan,nan,nan,nan,nan,nan,nan,nan,nan,nan,nan,nan,nan
50,33,116002,backward,w,deg,11190,0.0,11190.0,nan,nan,nan,nan,nan,nan,nan,nan,nan,nan,nan,nan,nan
50,34,29608,backward,w,deg,442,442.0,0.0,4.136162029852912,14.104907087111018,-27.600572819036252,15.521780757985116,43.12235357702137,-30.89531284877691,16.87646535336799,47.7717782021449,-0.7398953035768853,37.21240319051794,40.5071432202586,199.11522024547057,0.9700425413670359
50,35,52314,backward,w,deg,3885,3885.0,0.0,-1.0280023794267379,4.932130454877653,-6.547427647814817,9.68986745861551,16.237295106430327,-15.317774690060162,13.113505495125054,28.431280185185216,0.6391522630319956,12.058802024209868,15.389272117377743,190.72535124098366,0.9963010365769591
50,36,31348,backward,w,deg,165,165.0,0.0,-0.7204469051208093,4.052267427987888,-3.704614048141741,6.342706693922452,10.047320742064192,-3.7667695115460447,22.11962462939806,25.886394140944105,2.989958755083481,7.159967272952429,22.936885208428038,193.01847468501904,0.9975140110592334
50,37,165589,backward,w,deg,9558,0.0,9558.0,nan,nan,nan,nan,nan,nan,nan,nan,nan,nan,nan,nan,nan
50,38,35110,backward,w,deg,1164,1164.0,0.0,-0.061624965702947065,2.9661033379854915,-5.052561268423383,6.275952475948907,11.328513744372291,-10.761449698047244,9.326894485603617,20.08834418365086,0.15740969281252415,6.933682182773447,11.026692676128562,207.33407457617113,0.9986614158225269
50,39,80416,backward,w,deg,7244,7244.0,0.0,-0.13795937484805165,3.638979848412358,-4.562306128601511,5.656838346330614,10.219144474932126,-31.895847738621512,10.899060379643544,42.794908118265056,-1.2767472262946704,6.784061692266777,33.93557129259986,202.7700412378132,0.9979927712460043
50,40,37316,backward,w,deg,864,864.0,0.0,-4.28206109460524,8.252412620946407,-5.614255943753294,17.576366211571298,23.19062215532459,-25.844022714319152,21.230385176052863,47.074407890372015,1.2285809787678459,22.22816645153094,25.882185416012504,195.47679384451666,0.989682700278349
50,41,8157,backward,w,deg,2550,2550.0,0.0,-0.42549918015707533,3.7559615626624567,-2.1903535104008327,1.1915173671755614,3.381870877576394,-2.6042156621749655,34.324349668796714,36.92856533097168,6.844284396862435,1.8960440552037707,35.00730635649904,180.7809774892611,0.9978943610537773
50,42,35310,backward,w,deg,320,320.0,0.0,7.570377085482264,17.03857179989545,-33.14142030726472,15.770427336618688,48.911847643883405,-34.49252305461974,15.853380348979499,50.34590340359924,-0.774748304855216,43.36125314191639,44.71235588927141,201.4294261960495,0.9564668409238998
50,43,30636,backward,w,deg,801,801.0,0.0,-0.17897896186096318,7.1833736915678115,-3.497837500733567,20.199505337680392,23.69734283841396,-28.33233809514877,22.093908099595694,50.426246194744465,-0.09104407630747455,21.11579159205698,28.58875035060862,195.24604642378856,0.9922500734562485
50,44,83559,backward,w,deg,808,808.0,0.0,2.740934153326293,10.903384684678372,-43.21256945490055,4.337298994550649,47.5498684494512,-45.09423293768583,4.52246475850302,49.61669769618885,-3.552638435156254,46.33369230275765,48.215355785542926,212.0944241926646,0.9826674002009591
50,45,23915,backward,w,deg,4561,4561.0,0.0,-0.10162555488426506,1.779867427641453,-2.8158480070021312,3.037232117993625,5.853080124995756,-3.768105895194452,3.9239848302340476,7.6920907254285,0.13605552034073132,4.525668695983626,5.477926584175947,190.34285056632407,0.9995175802427623
50,46,35907,backward,w,deg,884,884.0,0.0,0.012689975233442397,5.377010310699178,-4.044778370939989,8.576674076664705,12.621452447604694,-27.018523960880714,21.75656298253037,48.77508694341108,-0.18621299287821635,14.209599917914234,26.58652124489882,194.90696398402713,0.9956370867665377
50,47,170879,backward,w,deg,15630,0.0,15630.0,nan,nan,nan,nan,nan,nan,nan,nan,nan,nan,nan,nan,nan
50,48,179044,backward,w,deg,1231,0.0,1231.0,nan,nan,nan,nan,nan,nan,nan,nan,nan,nan,nan,nan,nan
50,49,222546,backward,w,deg,1310,0.0,1310.0,nan,nan,nan,nan,nan,nan,nan,nan,nan,nan,nan,nan,nan
50,0,155584,forward,a,km,12184,12183.0,1.0,193121.20500686893,84087.10716152452,188044.66840808428,341792.6399684197,153747.9715603354,187998.5760196105,1093940.3428843345,905941.766864724,5.2960190384467145,153788.19204212746,905935.8949580423,nan,nan
50,1,24196,forward,a,km,3715,3715.0,0.0,205307.0760579358,6217.754815749948,198944.4769921793,217961.71403763507,19017.237045455782,198294.0355787079,219640.84428640912,21346.808707701217,0.4822728669752882,11303.650886831192,12982.78113560524,nan,nan
50,2,23568,forward,a,km,824,6.0,818.0,741233.9103358679,6769286.859376609,336171.6690506255,14278691.111120928,13942519.442070302,205360.9493060638,18789119.654603433,18583758.70529737,2.444856066140522,nan,nan,nan,nan
50,3,171049,forward,a,km,2417,2417.0,0.0,229975.946325784,330420.3861582619,208241.27628700287,277947.2914190959,69706.01513209302,188577.4119276811,16453922.652284192,16265345.24035651,48.94321157129033,45251.836631116756,16221227.197496213,nan,nan
50,4,50148,forward,a,km,5559,5559.0,0.0,202020.27848354855,5750.899507647087,192513.91763496233,208139.60406418276,15625.686429220426,190787.5146539424,291771.3032776867,100983.7886237443,3.2447963358114684,9711.225509876835,89594.91488791263,nan,nan
50,5,51611,forward,a,km,1286,1286.0,0.0,1337879.9280708171,917075.7784669041,200604.0461775703,3147351.6511807973,2946747.605003227,197260.9785988441,4679542.025910499,4482281.047311654,0.6715621595203003,2345535.6079552723,2348878.6755339983,nan,nan
50,6,20504,forward,a,km,378,378.0,0.0,582505.370197367,422225.4083474397,194635.20560190233,1182076.9128674027,987441.7072655003,189498.21592485532,4513902.019312685,4324403.80338783,3.557560292805669,506146.3016980168,3837971.4081432996,nan,nan
50,7,27924,forward,a,km,1214,1214.0,0.0,214823.88097543415,9476.625205304506,202582.64071816465,231578.5953242184,28995.95460605374,200634.2128826396,289862.8951652621,89228.6822826225,1.8079712953206868,16289.477071918593,72262.32304267093,nan,nan
50,8,76903,forward,a,km,285,285.0,0.0,207430.41979244823,26855.74279365001,206321.28974904004,290343.8213956365,84022.53164659644,201920.28991475803,291166.9449285549,89246.65501379684,2.359963218630402,83268.0379045739,84091.1614374923,nan,nan
50,9,78960,forward,a,km,18817,18817.0,0.0,193764.87750992665,93194.65055496656,188185.24986934816,361052.00286112376,172866.7529917756,188028.93389285708,2140816.2431971706,1952787.3093043135,6.408731687836128,170854.39227524903,1950618.632611296,nan,nan
50,10,9905,forward,a,km,4965,4965.0,0.0,210620.2155896908,5471.744253339727,203579.78685467673,218605.51038273648,15025.723528059752,202485.61096995184,280584.76204940403,78099.15107945219,2.1149784149396433,8597.33013911567,68491.28308105297,nan,nan
50,11,210447,forward,a,km,3063,3063.0,0.0,216009.8623152832,324186.06378879084,189582.2791370925,987177.0198523268,797594.7407152343,188318.3352690733,1139139.3759860804,950821.0407170071,0.6250580914101439,562127.0316353726,563390.9755033917,nan,nan
50,12,22498,forward,a,km,655,655.0,0.0,349160.9181957669,107720.28109557877,192775.08682713468,482664.7181234039,289889.63129626925,189787.3274702801,711869.2180714866,522081.89060120645,0.5790850938685957,173781.2616691164,347043.8360739185,nan,nan
50,13,152421,forward,a,km,1773,1773.0,0.0,194782.25144252495,99499.41930922194,188307.09464587676,261669.76041700182,73362.66577112506,188195.97799839382,3928762.0386776994,3740566.0606793053,30.111714844547418,71477.63315610273,3738569.9114168,nan,nan
50,14,166474,forward,a,km,8815,8815.0,0.0,199233.28005921413,180175.3258751814,188923.75820518157,285124.60735332366,96200.8491481421,188339.4371717637,7339324.741870099,7150985.304698335,32.23832628377615,87527.17704529956,7141727.311562074,nan,nan
50,15,43359,forward,a,km,2140,2140.0,0.0,220529.3318330588,5531.642583958463,209456.51558592948,227336.14103238235,17879.625446452876,202188.8046506836,290122.6827370288,87933.87808634521,0.3368271284545814,11044.066397250293,69866.58977377479,nan,nan
50,16,41854,forward,a,km,7409,7408.0,1.0,211221.42640550295,120328.76594714925,191181.5194254796,280104.24562360864,88922.72619812904,189237.18212356142,1894268.9830253336,1705031.8009017722,7.410883954905838,69912.55177987728,1684077.2891816022,nan,nan
50,17,61863,forward,a,km,433,433.0,0.0,209362.9501919411,15618.379896873123,208196.1570305158,240876.62608281244,32680.469052296627,203213.34957442072,291191.52366276993,87978.17408834922,3.8284053503596156,31658.196678511467,81973.09425846898,nan,nan
50,18,120454,forward,a,km,12525,12525.0,0.0,202967.07188338714,57783.043167006625,193495.96880342352,208005.73243937647,14509.763635952957,190143.73838455413,4813753.221105198,4623609.482720644,57.371818520528194,9136.542525748011,4611195.13174865,nan,nan
50,19,30745,forward,a,km,271,271.0,0.0,206698.8612956424,5584.357602890116,200887.0618429639,216362.60550218532,15475.54365922141,200728.396158775,239637.92668135636,38909.530522581364,1.4146550051797484,8074.411639412559,30800.970351689757,nan,nan
50,20,110203,forward,a,km,1784,1784.0,0.0,215402.14964262955,8407.123806082242,202014.898037809,228337.61825868182,26322.720220872812,200507.2676885065,236969.41749202771,36462.14980352123,0.029808329123162777,14676.803010200936,23308.602243546833,nan,nan
50,21,78354,forward,a,km,269,269.0,0.0,209165.77179290846,25824.577039152817,189651.8275481393,237595.7519325711,47943.9243844318,189478.0537984315,344661.80555128685,155183.75175285534,3.410804409463413,47480.594058589435,154546.64767730518,nan,nan
50,22,65262,forward,a,km,717,40.0,677.0,280725.27046850073,3108.3772080065087,275452.6271509262,285066.18561302155,9613.55846209533,273988.6147549375,286486.02769932157,12497.412944384094,-0.19668436898774597,nan,nan,nan,nan
50,23,151422,forward,a,km,3376,3376.0,0.0,196421.40424092847,237250.970684809,188347.17475209746,292494.9166074502,104147.74185535277,188188.60761124425,9903671.596219368,9715482.988608124,36.045049979405945,101641.06791965922,9712817.747531578,nan,nan
50,24,69514,forward,a,km,1548,1548.0,0.0,201684.437668839,5420.420613038063,193898.2840913849,206122.77829844452,12224.494207059615,191900.38951117196,288333.7519390988,96433.36242792686,6.156136169985723,7156.363067482001,87563.1309932337,nan,nan
50,25,168114,forward,a,km,1774,1774.0,0.0,195651.52572704686,752479.7707141626,188446.47063374697,367119.9688139068,178673.4981801598,188331.85178434118,8775147.52614534,8586815.674361,7.842410409734453,178721.0729629235,8586748.630294358,nan,nan
50,26,148588,forward,a,km,6986,6985.0,1.0,197104.38067844973,168617.5168757186,188416.14992342287,276791.407852351,88375.25792892816,188239.9341200278,5805939.395762876,5617699.461642848,20.922386486675286,85466.25530367742,5614614.243214202,nan,nan
50,27,167957,forward,a,km,1,1.0,0.0,206642.0602318171,0.0,206642.0602318171,206642.0602318171,0.0,206642.0602318171,206642.0602318171,0.0,nan,0.0,0.0,nan,nan
50,28,12828,forward,a,km,588,588.0,0.0,686833.5224330535,887293.8110498652,206365.46649295973,2354516.0500072935,2148150.5835143337,189465.6389608437,8837569.012635829,8648103.373674985,3.5357523941788718,1633055.6500939927,8116108.612722528,nan,nan
50,29,34556,forward,a,km,417,417.0,0.0,210286.4529977407,15110.23121282653,207951.75834476305,239961.35001747438,32009.591672711336,206005.95383112482,290701.74559951737,84695.79176839255,2.8781789747109294,29345.834450467893,80086.23003251088,nan,nan
50,30,48939,forward,a,km,6961,6954.0,7.0,200451.6625636794,51254.23952413845,189223.88252535506,223317.43943940513,34093.556914050074,188882.74714420384,1306594.606488906,1117711.8593447022,14.305488497846687,22557.330283557916,1105834.4973330589,nan,nan
50,31,88569,forward,a,km,2769,2766.0,3.0,225266.85960339618,5458.291442202709,213445.4275010961,230286.1057420757,16840.678240979614,205932.03612448802,239831.02229178313,33898.98616729511,-0.7966035641330487,11841.854081076039,18680.258626284078,nan,nan
50,32,176015,forward,a,km,15599,15599.0,0.0,203062.1217338345,683570.4035560918,189270.7574673587,243782.91131199757,54512.15384463887,188430.08509725102,76282242.53663798,76093812.45154072,96.5650669798274,38982.01799084949,76077441.64331684,nan,nan
50,33,116002,forward,a,km,11190,11189.0,1.0,211660.10065173823,120136.16707433097,192037.32834109536,224429.55635061776,32392.228009522398,188218.95933743392,5951144.653607789,5762925.694270356,33.877355497476486,24676.083074131977,5737958.648218026,nan,nan
50,34,29608,forward,a,km,442,442.0,0.0,203718.00232882926,836495.8340944579,188628.79423177565,1334530.045068001,1145901.2508362252,188375.804803439,9733554.7191025,9545178.914299062,6.351790608601698,1142168.5628594686,9541193.236893969,nan,nan
50,35,52314,forward,a,km,3885,3885.0,0.0,206185.7634086339,7238.501385309491,199869.50379473288,216512.15772964316,16642.653934910282,199228.2887395546,290667.26679682866,91438.97805727404,4.571500508072384,9175.212306883235,83330.32137406874,nan,nan
50,36,31348,forward,a,km,165,165.0,0.0,237164.92423952254,4554.481347474351,234005.16807925698,239867.33471589902,5862.1666366420395,209014.8962670985,240403.85759944466,31388.961332346167,-4.945645259886825,5030.9220913282115,30021.19390348671,nan,nan
50,37,165589,forward,a,km,9558,9558.0,0.0,191480.03901386925,61456.79053153478,188605.2027560485,205194.91304059606,16589.71028454756,188345.5209016455,5879060.795607735,5690715.27470609,83.50210397296087,14475.335476923645,5688341.218044063,nan,nan
50,38,35110,forward,a,km,1164,1161.0,3.0,220399.02492148767,436402.0653133309,189532.26982713668,1288201.3070463545,1098669.0372192177,189245.15791219994,2802071.047073763,2612825.889161563,2.140292737793172,637788.763747707,2151658.503775115,nan,nan
50,39,80416,forward,a,km,7244,7244.0,0.0,192356.31093250593,40876.343682754356,188634.75780349376,294603.50441785133,105968.74661435757,188402.7716103915,519281.0088511575,330878.237240766,3.3900255431440995,70848.96642013224,295526.47085343837,nan,nan
50,40,37316,forward,a,km,864,863.0,1.0,209523.92023943522,12156.301969031369,208339.3104601514,240447.67951761355,32108.369057462143,200845.70826264174,290444.12427971314,89598.4160170714,3.3261584178494847,31048.287663787632,81044.73242588722,nan,nan
50,41,8157,forward,a,km,2550,2550.0,0.0,222483.26238428475,3584.4538188035913,218761.70017010072,226461.1506845782,7699.450514477474,200496.66596701712,227636.69176266794,27140.025795650814,-2.7497543688719364,4451.91755679572,22716.95175987933,nan,nan
50,42,35310,forward,a,km,320,320.0,0.0,225023.96432022203,7092.492233272813,211224.59419232738,230755.8040951064,19531.209902779025,204851.5383793717,287295.248801177,82443.71042180533,1.6814047263148282,13927.123538064798,62869.82933841788,nan,nan
50,43,30636,forward,a,km,801,801.0,0.0,209963.9404064255,14932.397017664747,209692.6342637157,240982.02688057307,31289.392616857367,207916.33753031833,342072.9035982871,134156.56606796876,3.8629526555148566,31166.899247698835,132257.77596541285,nan,nan
50,44,83559,forward,a,km,808,791.0,17.0,200537.2995591184,469757.2344388244,188681.89032298012,1150504.3585366718,961822.4682136917,188375.53043617887,7296020.845171034,7107645.314734856,6.2224309264657816,959216.0208587401,7104732.507493103,nan,nan
50,45,23915,forward,a,km,4561,4560.0,1.0,198427.885994653,1924.897351021394,195964.51661744478,202231.84815304278,6267.331535598001,195345.81977728716,203423.18678095005,8077.36700366289,0.3674859411957382,5383.745537385858,6575.084165293141,nan,nan
50,46,35907,forward,a,km,884,884.0,0.0,209970.6226012453,24058.413317702725,207244.06060783364,214647.9743493968,7403.913741563156,199350.47924682402,342290.13382944727,142939.65458262325,4.518937968955041,6980.031111970339,132530.91413638325,nan,nan
50,47,170879,forward,a,km,15630,15629.0,1.0,192958.5632602306,95678.38789435664,188152.62151787605,383471.61546669365,195318.9939488176,188018.34247662933,4480813.766287021,4292795.423810392,9.17749020811663,195151.27550494878,4292493.4263252765,nan,nan
50,48,179044,forward,a,km,1231,1231.0,0.0,237598.2471398369,3998.899706484463,234734.48809979938,239970.89713952848,5236.4090397291,204432.30383119266,291975.7241434353,87543.42031224264,2.9431918693553745,3460.406351594196,53810.432816732995,nan,nan
50,49,222546,forward,a,km,1310,1310.0,0.0,231528.9192353583,2381283.547308479,226347.98554560437,287563.62517188856,61215.63962628419,202433.26008592913,36245110.86201782,36042677.60193189,8.67967557281874,57542.607790545626,36015089.84463648,nan,nan
50,0,155584,forward,e,-,12184,12183.0,1.0,0.944918132217727,0.2321239587313891,0.2563573019181131,0.9995433155415606,0.7431860136234475,5.2486732450510886e-05,0.9999999984675757,0.9999475117351252,-1.8935194493974743,0.7424578591342269,0.9987626743198895,nan,nan
50,1,24196,forward,e,-,3715,3715.0,0.0,0.47985867957280154,0.04679217797071131,0.3836065341444504,0.5269524456785187,0.14334591153406834,0.3704104315654542,0.5317778052638064,0.16136737369835213,-0.502207975736373,0.08616379417835034,0.09935989675734652,nan,nan
50,2,23568,forward,e,-,824,6.0,818.0,0.3762516958959985,0.2592886690977127,0.3642385151716186,0.9466923179664404,0.5824538027948218,0.36158738938684937,0.9768786833516471,0.6152912939647976,1.044467278143826,nan,nan,nan,nan
50,3,171049,forward,e,-,2417,2417.0,0.0,0.29027311597797256,0.23988303845965178,0.12574336639730693,0.7356442962235742,0.6099009298262672,0.09023827665945464,0.9998966323946951,0.9096583557352405,0.19808621658547085,0.47447589276037105,0.7387282289314919,nan,nan
50,4,50148,forward,e,-,5559,5559.0,0.0,0.8074879843603839,0.07636236704733926,0.7126704296678638,0.933634317774688,0.2209638881068242,0.09275924696437038,0.9582645628572232,0.8655053158928527,-1.2798790055607685,0.12877267776627394,0.7131740850759913,nan,nan
50,5,51611,forward,e,-,1286,1286.0,0.0,0.7565922726039593,0.08607012213417059,0.5921108329147887,0.8618392757724503,0.2697284428576616,0.5052535178781875,0.9068974130035985,0.401643895125411,-0.27945336886313116,0.23593690297064962,0.32279421800725083,nan,nan
50,6,20504,forward,e,-,378,378.0,0.0,0.4630629758403379,0.2278894106204393,0.1830676429639576,0.9315080631974253,0.7484404202334677,0.11430216332126171,0.9998594751901325,0.8855573118688708,0.4445552230545364,0.511297513659599,0.5796489256523061,nan,nan
50,7,27924,forward,e,-,1214,1214.0,0.0,0.40745884151075584,0.11968836221871317,0.26840074420555216,0.6579275923307057,0.3895268481251536,0.09601369633866311,0.6677377578077889,0.5717240614691258,0.6130427227575616,0.2727889755307552,0.28955677146192726,nan,nan
50,8,76903,forward,e,-,285,285.0,0.0,0.7073971587954625,0.1998706623460581,0.0952437294449503,0.7277489063651682,0.6325051769202179,0.09393560652035103,0.8485104771852021,0.7545748706648511,-2.34426069858747,0.6184076885102683,0.6197158114348675,nan,nan
50,9,78960,forward,e,-,18817,18817.0,0.0,0.9160191480392771,0.22063256625570565,0.2559862454917768,0.998847778152493,0.7428615326607162,3.7745453292730234e-05,0.9999999999764257,0.999962254523133,-2.1693738212570453,0.7027049892207421,0.9586534892592261,nan,nan
50,10,9905,forward,e,-,4965,4965.0,0.0,0.44020537872000753,0.04082263327262738,0.37866249136433394,0.49290635373717506,0.11424386237284112,0.11623559970810658,0.6971690834915624,0.5809334837834558,-0.7928767899064045,0.06455464088413969,0.3126905085341104,nan,nan
50,11,210447,forward,e,-,3063,3063.0,0.0,0.6429509961662613,0.21503748610233178,0.38666935745387454,0.9911289731136191,0.6044596156597446,0.006136354059061621,0.9999999861717173,0.9938636321126556,-0.11632929708877644,0.6040662916536561,0.6129373047117543,nan,nan
50,12,22498,forward,e,-,655,655.0,0.0,0.19780363810237078,0.40538674575015776,0.012309197554744838,0.9543492705208008,0.942040072966056,0.0006053674970887042,0.995176564733925,0.9945711972368363,0.18805860926444926,0.9195036675796809,0.9603309617928052,nan,nan
50,13,152421,forward,e,-,1773,1773.0,0.0,0.9029255428039595,0.17188504986828076,0.46418155520155474,0.9985871461849023,0.5344055909833476,0.0013144685037486037,0.9999999847142538,0.9986855162105052,-2.7633645836866614,0.49665337288151923,0.9595204595793264,nan,nan
50,14,166474,forward,e,-,8815,8815.0,0.0,0.8703164345706015,0.20632294222016503,0.31222296624553025,0.9984266335302008,0.6862036672846705,0.002475218115014193,0.9999998996737455,0.9975246815587313,-1.9886339305062424,0.5672765535999345,0.877024301730451,nan,nan
50,15,43359,forward,e,-,2140,2140.0,0.0,0.36322493010028045,0.0455894480796292,0.30727175287988323,0.4485655510594165,0.14129379817953325,0.0956069990339061,0.7008358499523073,0.6052288509184012,1.357808269974931,0.0847448095969064,0.3354674391531631,nan,nan
50,16,41854,forward,e,-,7409,7408.0,1.0,0.7000137799693276,0.14139133970923798,0.4909998902535441,0.977094883974547,0.4860949937210029,0.06411024397518823,0.9999999416475532,0.935889697672365,-0.9803639890497674,0.27693681734765474,0.6582327360249518,nan,nan
50,17,61863,forward,e,-,433,433.0,0.0,0.667607419976171,0.1587998591439451,0.1731665445163432,0.6914040378817016,0.5182374933653584,0.0940504039598227,0.7285025793733392,0.6344521754135165,-2.3362756265267053,0.497444980636767,0.5765611211932875,nan,nan
50,18,120454,forward,e,-,12525,12525.0,0.0,0.7920181007181536,0.06254366661130704,0.724383893922751,0.9195327826454591,0.19514888872270808,0.39696172762441717,0.9645353351205844,0.5675736074961673,0.26207397044393393,0.12049899048838333,0.40299726840073935,nan,nan
50,19,30745,forward,e,-,271,271.0,0.0,0.47775445629256685,0.06810769577192502,0.39586013934934355,0.636990313196988,0.2411301738476444,0.18944846771352583,0.8369106410334418,0.647462173319916,1.39096029364066,0.19190199861008633,0.3835809993221547,nan,nan
50,20,110203,forward,e,-,1784,1784.0,0.0,0.4032303733850969,0.07213273571274137,0.2986767756741793,0.5080662340843831,0.20938945841020384,0.2192722953879464,0.7038176036858796,0.48454530829793324,0.48133927368254126,0.12171041007922731,0.28709171046808973,nan,nan
50,21,78354,forward,e,-,269,269.0,0.0,0.7425215787461242,0.24304421571723306,0.20876044262370275,0.9971167561347047,0.788356313511002,0.06443574578128845,0.9999965191846149,0.9355607734033264,-1.0842609317443674,0.7875201188017958,0.9318448156442104,nan,nan
50,22,65262,forward,e,-,717,40.0,677.0,0.11736075984004236,0.00870420955263094,0.10701066185394151,0.13358648702625786,0.026575825172316353,0.10375372605808982,0.1392947052496487,0.035540979191558894,0.4218594701357557,nan,nan,nan,nan
50,23,151422,forward,e,-,3376,3376.0,0.0,0.8827802412991768,0.2014918057281504,0.3092800603971376,0.9980620077586935,0.6887819473615558,0.004732944403399251,0.9999999967431887,0.9952670523397895,-2.3342312494523942,0.641310444953868,0.9458575609476063,nan,nan
50,24,69514,forward,e,-,1548,1548.0,0.0,0.8033438321400768,0.07159542700849535,0.7330708170658986,0.9132484014770049,0.18017758441110632,0.09959542630996387,0.9416817914491904,0.8420863651392265,-2.96454492638,0.10094055169069359,0.7174935390711286,nan,nan
50,25,168114,forward,e,-,1774,1774.0,0.0,0.9045002725692433,0.21635131217437276,0.2675949129784723,0.9988720141446574,0.7312771011661852,0.0001671890931137829,0.9999999261774133,0.9998327370842995,-2.0945063531822656,0.7285098363575793,0.9959375602429384,nan,nan
50,26,148588,forward,e,-,6986,6985.0,1.0,0.8712125779948718,0.17031599615188545,0.4586008366424143,0.9979079987432585,0.5393071621008443,0.000599937398841331,0.9999999760915884,0.9994000386927471,-2.546134251878082,0.48664910120972305,0.9446500004532966,nan,nan
50,27,167957,forward,e,-,1,1.0,0.0,0.7235700150108206,0.0,0.7235700150108206,0.7235700150108206,0.0,0.7235700150108206,0.7235700150108206,0.0,nan,0.0,0.0,nan,nan
50,28,12828,forward,e,-,588,588.0,0.0,0.6089812038755326,0.2284507925406083,0.1661773975575395,0.8886807680292728,0.7225033704717333,0.07425558740802864,0.999604685672426,0.9253490982643974,-0.33191836870061486,0.4310822880307828,0.542006205673936,nan,nan
50,29,34556,forward,e,-,417,417.0,0.0,0.6486197220606189,0.1801547906914405,0.1852956079572231,0.6960438698232647,0.5107482618660416,0.09456188751738724,0.7312966127561726,0.6367347252387854,-1.54852264295245,0.45204692852952744,0.5427806489693633,nan,nan
50,30,48939,forward,e,-,6961,6954.0,7.0,0.8558296734634891,0.1523641183067031,0.6209822334864028,0.9978265425713386,0.3768443090849358,0.09315892251543226,0.9999999939659421,0.9068410714505099,-1.713119148263304,0.22508900037778268,0.7529123113487532,nan,nan
50,31,88569,forward,e,-,2769,2766.0,3.0,0.3244461062144519,0.049859655767755584,0.281278703393529,0.4179503888936267,0.13667168550009767,0.1841024584093291,0.7003952306261192,0.51629277221679,1.9945180011374934,0.09442422657396513,0.37043849716494065,nan,nan
50,32,176015,forward,e,-,15599,15599.0,0.0,0.8330189509169614,0.16752043366728198,0.5672429247296451,0.997665323074747,0.4304223983451019,0.002972835344965402,0.9999999975559938,0.9970271622110284,-1.471961892920853,0.23334294225646418,0.7976130316411439,nan,nan
50,33,116002,forward,e,-,11190,11189.0,1.0,0.6887689519870259,0.12334833969573872,0.5953831879186178,0.9459616718887862,0.35057848397016844,0.0007192626070873285,0.999999926182087,0.9992806635749997,-1.107866542910952,0.2974360098929753,0.6846320462083051,nan,nan
50,34,29608,forward,e,-,442,442.0,0.0,0.7999577899205148,0.22209589377107655,0.37186026772318204,0.9967473405480103,0.6248870728248282,0.035881912404411236,0.9999986823448612,0.96411676994045,-0.9457013052093013,0.560830754651342,0.8968091099701129,nan,nan
50,35,52314,forward,e,-,3885,3885.0,0.0,0.47552544355616944,0.05224863175395037,0.3948517678511795,0.5210574215200359,0.1262056536688564,0.0946264014349636,0.7006735321850669,0.6060471307501033,-1.1066974645418477,0.07391969088159672,0.37001644741903933,nan,nan
50,36,31348,forward,e,-,165,165.0,0.0,0.2135847872849355,0.07278001661860192,0.1836442404385132,0.24550958453328822,0.06186534409477501,0.17745017632844035,0.6907080506449716,0.5132578743165312,5.665275483402186,0.05237919730790226,0.49757766341958565,nan,nan
50,37,165589,forward,e,-,9558,9558.0,0.0,0.9589914571775054,0.10122817083004225,0.8079926951502823,0.9995299882714018,0.19153729312111956,0.07995581710975462,0.9999999981425329,0.9200441810327783,-5.082931653029923,0.1553527698112222,0.8833896478517499,nan,nan
50,38,35110,forward,e,-,1164,1161.0,3.0,0.7408463879943792,0.2152970689154717,0.32478951879874307,0.9974160291255694,0.6726265103268263,0.08097545256986279,0.999999758967776,0.9190243063979132,-0.48132855256043944,0.6044567794006863,0.607040509242893,nan,nan
50,39,80416,forward,e,-,7244,7244.0,0.0,0.95355098490424,0.22306962457214444,0.2762005465508742,0.9994804589560563,0.7232799124051821,1.8871492630350324e-05,0.9999999997858843,0.9999811282932539,-2.18240896857951,0.42745327893242363,0.7036349539906676,nan,nan
50,40,37316,forward,e,-,864,863.0,1.0,0.6614729335643229,0.1684969278911836,0.1769512987357596,0.6892163696983848,0.5122650709626253,0.09500276807094252,0.7144767977305191,0.6194740296595765,-1.531410282545295,0.48668095995489863,0.5686294906197157,nan,nan
50,41,8157,forward,e,-,2550,2550.0,0.0,0.3477746214872682,0.028172741039054185,0.31491446819957913,0.37755462973647697,0.06264016153689783,0.30497771385333594,0.5154599078002595,0.21048219394692358,2.5326043876669746,0.0361775931666288,0.17365370130209018,nan,nan
50,42,35310,forward,e,-,320,320.0,0.0,0.32646373611640733,0.05158089871017443,0.2769802598054883,0.4348410924335528,0.1578608326280645,0.10101334009375809,0.4829304418961387,0.3819171018023806,0.32318334222358525,0.11217071028027671,0.2304100185471449,nan,nan
50,43,30636,forward,e,-,801,801.0,0.0,0.6432626297143709,0.1538025493859768,0.17110409530488585,0.6588521828719099,0.4877480875670241,0.0752200504805888,0.6967274249490961,0.6215073744685073,-2.2169012593990645,0.47680942140425614,0.5726934662285532,nan,nan
50,44,83559,forward,e,-,808,791.0,17.0,0.8383669276842193,0.24648311647252835,0.13397685618623448,0.9968675875388706,0.8628907313526362,0.007668268693724633,0.9999999987577085,0.9923317300639839,-1.3039142863526023,0.8146840789235767,0.9409926664160866,nan,nan
50,45,23915,forward,e,-,4561,4560.0,1.0,0.5308435878297371,0.014227894715363254,0.5026797587618798,0.5490152654900262,0.04633550672814646,0.4935720996050526,0.5535822467818352,0.0600101471767826,-0.37056704639417715,0.03978052604460212,0.04888818520142929,nan,nan
50,46,35907,forward,e,-,884,884.0,0.0,0.6709540655816004,0.12691717093942342,0.6271436883866602,0.7109107077574232,0.08376701937076292,0.06891838146899561,0.8399006845297957,0.7709823030608001,-3.929765817292429,0.15138711371402255,0.6045813774895976,nan,nan
50,47,170879,forward,e,-,15630,15629.0,1.0,0.9368055380005854,0.24791889245034485,0.20898545408345615,0.9993827710293726,0.7903973169459164,0.0002919113414979114,0.9999999998125809,0.9997080884710831,-1.7596623150984836,0.7908650165869621,0.9995585593289205,nan,nan
50,48,179044,forward,e,-,1231,1231.0,0.0,0.2090898763812687,0.04468296148248362,0.18272958622281718,0.2384545817280053,0.05572499550518811,0.09239031795188604,0.7540742649828266,0.6616839470309406,9.844634547612104,0.035858838483256675,0.5511721515798892,nan,nan
50,49,222546,forward,e,-,1310,1310.0,0.0,0.27089091771145857,0.13998127521202922,0.17422137443709815,0.32208027233194125,0.1478588978948431,0.09248305988012268,0.9880261434192081,0.8955430835390854,3.5429809629042652,0.18959791856648128,0.7054473884586506,nan,nan
50,0,155584,forward,w,deg,12184,12183.0,1.0,-1.2894600507877385,88.20665127278603,-14.253529628769462,173.5253162548039,187.77884588357335,-179.9399521286956,179.95309200959673,359.89304413829234,0.33538300375912383,179.26228735995323,179.99922177055038,95.88640937693762,0.23189169866058837
50,1,24196,forward,w,deg,3715,3715.0,0.0,-3.2935894702747532,12.026434360895855,-11.868695262460136,32.516372550070614,44.38506781253075,-12.670285525321049,47.76553681179422,60.43582233711527,1.8332267266689113,37.280046648170796,52.5292109098944,304.98243748657745,0.9785163623505908
50,2,23568,forward,w,deg,824,6.0,818.0,-8.007026137417611,69.07716766479457,-136.65296641752826,31.145240525528692,167.79820694305695,-176.66219409189543,42.545438558882324,219.20763265077775,-1.9908578047380978,nan,nan,228.6214439837375,0.612560961827379
50,3,171049,forward,w,deg,2417,2417.0,0.0,11.411148798475239,51.62161469105854,-80.09946888004097,68.84876101601469,148.94822989605566,-87.75622018921615,108.33129266339489,196.08751285261104,-0.21459919686152504,126.18145903705695,133.83821034623213,27.730647457022762,0.6390393889382402
50,4,50148,forward,w,deg,5559,5559.0,0.0,-4.985030628412005,15.477391347415576,-12.69744336158156,36.79773384835437,49.49517720993593,-58.02342078094159,106.4892867119662,164.5127074929078,1.7659820935870831,44.639466283696,114.23782184063396,301.0294237144383,0.964842896730405
50,5,51611,forward,w,deg,1286,1286.0,0.0,5.848683677007202,60.29827285428118,-132.50284811685873,41.924736719008465,174.4275848358672,-140.8430813301493,56.963742256705046,197.80682358685434,-1.1283710665330706,164.8516427709136,173.19187598420416,40.68544521982442,0.589952301386916
50,6,20504,forward,w,deg,378,378.0,0.0,7.6022926282625605,31.642703046946657,-44.308161584934076,8.768138300722782,53.07629988565686,-145.16584271461954,90.83352720281414,235.99936991743368,-2.4289993803318572,73.20083869458581,152.5899336564297,85.89294442234717,0.8873557743697951
50,7,27924,forward,w,deg,1214,1214.0,0.0,-3.764554523762257,24.048717983257855,-37.14139289026939,40.65853368762847,77.79992657789785,-118.49884530344977,101.53492899407632,220.0337742975261,0.2235076338220146,50.43160459018569,111.16688858917945,330.4352195419618,0.9166059535307488
50,8,76903,forward,w,deg,285,285.0,0.0,2.934149164518658,17.251279446445018,-45.72516783662701,17.25886121605031,62.984029052677315,-61.02449080741749,20.753871620978316,81.77836242839581,-1.9780400579859376,52.54150750740202,67.84083047819249,310.55791868723503,0.9569179417469399
50,9,78960,forward,w,deg,18817,18817.0,0.0,-18.04172560492998,66.08937420233067,-49.970956650664675,118.32030118396105,168.29125783462572,-132.87015241939778,126.41073199567546,259.2808844150733,0.5089635347098275,148.23432550407992,156.3247563157944,318.9314223504359,0.460597205862079
50,10,9905,forward,w,deg,4965,4965.0,0.0,-1.3919508550017667,10.413514366545423,-6.452026445879312,13.987646768748489,20.439673214627803,-85.99958852929731,140.83710560866422,226.83669413796153,8.353685552849804,16.616021488878868,143.45794672469344,299.83791871418134,0.9874005517345673
50,11,210447,forward,w,deg,3063,3063.0,0.0,36.7293940527818,59.15943827765742,-105.5943545532412,83.72634250416377,189.32069705740497,-106.58376916489135,123.098576667999,229.68234583289035,-0.2870491758306881,150.01024148532196,150.9996560969721,3.2255342198119052,0.5472304554412334
50,12,22498,forward,w,deg,655,655.0,0.0,3.451639318165178,72.40462741648487,-18.68038840607435,163.875101739733,182.55549014580734,-124.25951440190892,170.64757899325076,294.9070933951597,1.1593320182898181,179.18759801563468,179.96561348628268,290.81179739185677,0.5183563517379185
50,13,152421,forward,w,deg,1773,1773.0,0.0,-5.014872264964367,78.1292811981877,-170.98466515557976,39.40501948737554,210.3896846429553,-177.5915431403189,113.04204166374484,290.63358480406373,-0.8845718945241302,165.32762238376017,171.9345003684993,262.5022124430816,0.42731934951977185
50,14,166474,forward,w,deg,8815,8815.0,0.0,-11.73636332023733,84.23129292261524,-18.178986370771973,165.43753713390421,183.6165235046762,-179.72881480012188,176.1767930083348,355.9056078084567,0.4619846918435887,177.71416787945617,179.99738587568453,284.53540502628357,0.2412188712225272
50,15,43359,forward,w,deg,2140,2140.0,0.0,-4.168592043925884,10.85924649082029,-9.117118053659661,24.54797796779785,33.66509602145751,-31.281126902897427,61.62294143861527,92.9040683415127,1.8534470977553488,29.48968014498682,66.56464361580424,302.91557309709896,0.9823823631703575
50,16,41854,forward,w,deg,7409,7408.0,1.0,-9.46324001464211,48.67146330965844,-11.844605913156395,120.61522831872851,132.4598342318849,-148.97913913978212,153.74955362582148,302.72869276560357,1.8413401391370638,132.63913336718934,165.68253960229958,297.7967910729821,0.7417052346732171
50,17,61863,forward,w,deg,433,433.0,0.0,-4.976052169265415,23.44669750014735,-15.007831401059855,67.94967746411878,82.95750886517864,-74.66548462106897,101.7685523689596,176.43403699002857,2.2162922518099526,76.37625743703903,110.19513234187991,322.6564899561783,0.9261745453746683
50,18,120454,forward,w,deg,12525,12525.0,0.0,-3.1411319400236266,12.092136739383697,-9.944522008902174,23.230112574271033,33.17463458317321,-172.7253339198615,175.7940636163808,348.5193975362423,3.4259738694002175,28.17713961198334,179.26619431255642,267.7983112809059,0.9801735444309596
50,19,30745,forward,w,deg,271,271.0,0.0,-1.9468046299536468,18.506711666454972,-21.53673209407313,29.135993462928624,50.672725557001755,-25.37610014647251,148.53775678303896,173.91385692951147,2.7211304507864793,39.01351518521858,158.41527850532896,26.544947168778346,0.9552648824663746
50,20,110203,forward,w,deg,1784,1784.0,0.0,-0.6475319027390753,17.074336825198127,-36.76855824767657,27.328182938826245,64.09674118650281,-40.993172530535674,137.23583492419948,178.22900745473515,-0.03250679633326505,36.765713495767955,137.92300936773506,335.7024053675837,0.9572779876182398
50,21,78354,forward,w,deg,269,269.0,0.0,-29.500035128877983,78.83824305937505,-76.76958643387357,157.5452103441177,234.31479677799126,-176.90126937230008,176.96928279129207,353.87055216359215,0.197837933110328,157.8013770983797,173.22826030734203,348.77640809718673,0.3339673719694791
50,22,65262,forward,w,deg,717,40.0,677.0,0.33750604684887264,7.3233001165447025,-10.662723280205576,12.150370122835676,22.81309340304125,-13.194934874302817,17.201630427851,30.396565302153817,0.16483235640236565,nan,nan,222.11274112098366,0.991857402072258
50,23,151422,forward,w,deg,3376,3376.0,0.0,-3.544286719524564,35.647539755686914,-28.23947669505553,68.6892077971172,96.92868449217274,-179.9664259944069,179.22081836182463,359.18724435623153,1.1318539303049808,94.98990772778582,178.72713974144733,357.8537893271762,0.8611791926650268
50,24,69514,forward,w,deg,1548,1548.0,0.0,-0.5338237026760169,7.905484973023516,-9.369189050771231,10.7683939443486,20.137582995119832,-68.05368593262949,90.41743184921313,158.47111778184262,2.0561131964242527,14.80856571527847,94.38640541788584,314.8716253150575,0.9909890889066717
50,25,168114,forward,w,deg,1774,1774.0,0.0,8.198019798960502,86.82610003889901,-161.24204863049985,56.77026572441378,218.01231435491363,-165.01153343543302,154.82996398646327,319.8414974218963,-0.2746007012394518,170.7716310197276,174.54111582466078,248.7893675856168,0.20594141140043198
50,26,148588,forward,w,deg,6986,6985.0,1.0,-9.060177113747955,80.16108315395437,-174.62363077394866,51.69252592160847,226.31615669555714,-179.98447554176227,179.98219037417073,359.966665915933,-0.6485116278920194,165.54177909669752,179.55933651385737,267.5306321145878,0.4802373685551
50,27,167957,forward,w,deg,1,1.0,0.0,0.0,0.0,0.0,0.0,0.0,0.0,0.0,0.0,nan,0.0,0.0,345.1171942994616,1.0
50,28,12828,forward,w,deg,588,588.0,0.0,5.785934499395893,40.859043096689405,-62.69508793044052,12.977354223127609,75.67244215356813,-179.38741655881643,175.56174173954008,354.9491582983565,-1.630886290643049,138.2843629618874,178.69814327429174,89.06536716172666,0.8429862332378022
50,29,34556,forward,w,deg,417,417.0,0.0,-11.22662403596263,51.551741445061985,-38.555027559312634,107.9358932363693,146.49092079568192,-120.77783883820064,155.04867127802095,275.8265101162216,0.9485603150503972,137.9443823498628,179.12915977537176,330.72444869730765,0.6739439487333534
50,30,48939,forward,w,deg,6961,6954.0,7.0,-6.42124099333418,43.99274687043048,-9.48169364760594,125.84949571070534,135.3311893583113,-86.76672945536538,153.4268550258157,240.1935844811811,2.204412202361818,134.20263845703406,161.77999777214444,296.0280396171775,0.7934791247512232
50,31,88569,forward,w,deg,2769,2766.0,3.0,-2.8314970710261207,13.807278719096306,-15.277760671651492,29.09456049191462,44.37232116356611,-17.04862432802696,70.11912375804104,87.167748086068,1.4542516150199103,34.50066302127621,75.52522628740263,316.066422439786,0.9717251501251675
50,32,176015,forward,w,deg,15599,15599.0,0.0,-14.027603591394893,65.30233587139129,-31.172584139446958,133.0724497485759,164.24503388802287,-159.70851443834457,178.4978703397848,338.2063847781294,0.9610004079209172,161.26973090755956,179.99147362791967,307.1145898584267,0.5173385061756653
50,33,116002,forward,w,deg,11190,11189.0,1.0,-4.21835444331316,36.46728100247156,-25.918138829222517,128.2088426903248,154.12698151954731,-179.4900085105707,178.32867042443075,357.81867893500146,2.816060176914884,138.6198574962918,177.21694394722778,284.2207693832836,0.8636863084803025
50,34,29608,forward,w,deg,442,442.0,0.0,23.380082081479856,65.00567455317528,-120.63916904820749,59.290647708291544,179.92981675649904,-157.66286179935554,177.9736280713458,335.6364898707013,-0.3653905193433139,152.4509501443036,177.16930732218702,351.6380648938874,0.504111115296309
50,35,52314,forward,w,deg,3885,3885.0,0.0,-0.4891056660713389,14.896483323689774,-18.019762118300378,20.48588520557323,38.5056473238736,-62.573906680064766,148.34127538809395,210.9151820681587,2.941221108973153,26.234315897058888,154.00615086540284,315.50812468146995,0.9704517207425255
50,36,31348,forward,w,deg,165,165.0,0.0,-1.0039913396126394,14.797143289058036,-13.175469974013856,22.27516981614981,35.45063979016366,-61.111936215692936,47.78371237975608,108.89564859544902,-0.7356618847484213,30.72963686484061,63.51229107686373,352.8720955736239,0.9682874162818766
50,37,165589,forward,w,deg,9558,9558.0,0.0,3.4621594269411844,78.9768323103674,-168.18017570118099,9.142355764261188,177.32253146544218,-179.77279372426818,179.38865336315132,359.1614470874195,-0.8106306916033473,173.32831953740364,178.75368114949322,257.521560265429,0.4182102296850777
50,38,35110,forward,w,deg,1164,1161.0,3.0,17.44931918643789,71.16577340741671,-119.81641551212192,58.23878812000527,178.0552036321272,-179.38388248815863,177.82297214896568,357.2068546371243,-0.46072340678093415,159.09558841282058,179.7442873191643,33.76871100211956,0.38909206013429953
50,39,80416,forward,w,deg,7244,7244.0,0.0,12.565226074166304,53.97619536209846,-64.37708186053166,63.331905570969774,127.70898743150144,-173.62273995424013,68.43663200447827,242.0593719587184,-0.217147257012699,117.54081633780757,175.92752603625036,354.68857434043207,0.6070571007621143
50,40,37316,forward,w,deg,864,863.0,1.0,-12.539004134526465,27.95691975158382,-21.40882630160604,62.534947205354385,83.94377350696043,-83.13286917883607,97.0427690050389,180.17563818387498,1.2247538535832219,79.62792133489748,114.13574313458196,315.50145446013795,0.889216249859935
50,41,8157,forward,w,deg,2550,2550.0,0.0,-1.5568814035896708,7.476383577535179,-4.267606847675881,5.191668591984291,9.459275439660171,-4.385436239971682,68.49328023530751,72.87871647527919,5.99461200662164,8.372936310168365,71.67454795349158,296.5423548298243,0.9920444364142689
50,42,35310,forward,w,deg,320,320.0,0.0,-3.686024603919904,20.50295202981688,-25.63523443272394,37.293199563192054,62.928433995915995,-30.06768715506979,87.30981745401118,117.37750460908097,0.9481244331861558,49.068396045034326,99.08501393585345,18.588403120621663,0.9384913258885741
50,43,30636,forward,w,deg,801,801.0,0.0,-7.18337978489501,32.814876289284534,-12.117344982107682,84.16638481414026,96.28372979624794,-91.49271889699585,139.30340166143003,230.79612055842588,1.710036462545893,93.31111593334026,148.4481327806301,304.47798376584353,0.8642718813570902
50,44,83559,forward,w,deg,808,791.0,17.0,11.466850367804568,55.48440125286561,-122.57309041286724,28.96625542121214,151.53934583407937,-179.8252071113627,178.68666632930308,358.5118734406658,-1.1101356589337965,140.1674477684948,179.1650630215866,342.4169752304804,0.6563631187716605
50,45,23915,forward,w,deg,4561,4560.0,1.0,-0.4364287133173832,4.319504510010588,-6.200957984134201,8.047692372642654,14.248650356776855,-7.393112650435512,15.001427201184185,22.394539851619697,0.5774472176976259,8.429063825482455,15.382798654023986,307.12401392518393,0.9971622410865157
50,46,35907,forward,w,deg,884,884.0,0.0,-2.174928357812604,16.423767797596266,-5.657544844970775,37.56852868716698,43.226073532137754,-141.45466626770107,84.59694907332846,226.05161534102953,0.08286833129112536,50.261181859835354,137.29928593492238,295.33178420516833,0.963264411122248
50,47,170879,forward,w,deg,15630,15629.0,1.0,-45.361771528098984,85.99475551956454,-58.26470009089486,119.02214925828181,177.2868493491767,-179.91065924796078,179.99442519548268,359.90508444344346,0.09787412326336667,163.2188615619053,173.43244081803283,146.8204143474491,0.12109762363435007
50,48,179044,forward,w,deg,1231,1231.0,0.0,-2.8676609223184073,12.5152842100233,-13.835243909668804,24.540952521012073,38.37619643068088,-34.19350774565788,50.49635411839077,84.68986186404865,1.2352398153629467,22.029940186427027,47.895780221558994,17.520840219360974,0.9765692879673812
50,49,222546,forward,w,deg,1310,1310.0,0.0,-1.7056176729745403,21.057105997543623,-16.636004260095085,19.720970953003626,36.35697521309871,-38.27880582855414,144.7917124334566,183.07051826201075,3.6526828020737097,33.59108645108599,128.62440468304402,20.696976266650477,0.9464627267751395
