N=194058, N_branch=500, dt_b=-0.0001, dt_f=0.0001, rtol=1e-9
T_min=0, T_max_b=-6.283185307179586, T_max_f=12.566370614359172, ZOOM=True
Features: unchanged normalized position and unit tangent blocks.
OE event: first outward crossing of 2.5 lunar SOI along each integration direction, before any detected collision.
Frame: geocentric inertial axes coincident with synodic axes at t=0.
STD: ddof=0; w statistics use offsets from the cluster circular mean (angle_origin_deg).
angle_resultant: 1=concentrated directions; 0=no defined mean direction. Broad angular clouds require caution with linearized moments.
NaN: missing event, undefined parameter/statistic, or missing representative parameter.
Scarto massimo puntuale normalizzato dalla media < 0.01, minimo 50, massimo 1940 cluster, MAX_SIGMA=2.5
Forma geometrica: DIP_ALPHA=0.01, GAP_FRACTION=0.2, STRONG_GAP_FRACTION=0.5, OUTLIER_SIGMA=3.0
Limite su ogni coppia XY di posizioni e tangenti normalizzate, in entrambi i rami.
Confronto allo stesso indice del campionamento in curvatura, non allo stesso tempo.
STD RMS solo diagnostica; sigma e KMeans usano tutte le feature; PCA individua vuoti.

K=522, STD=0.00105313559
Scarto massimo puntuale normalizzato=0.009997182991, limite=0.01
Non assegnate: 134840/194058 (69.48%)
n = trajectories per cluster; conditions overlap.
n = 1: clusters=0/522 (0.00%); trajectories=0/194058 (0.00%)
n < 10: clusters=0/522 (0.00%); trajectories=0/194058 (0.00%)
n < 100: clusters=338/522 (64.75%); trajectories=22874/194058 (11.79%)

K=522, phase=backward, parameter=eps [km^2/s^2]
cluster representative_source n_cluster n_valid n_missing median std p05 p95 width90 minimum maximum range skewness error95 error_max angle_origin_deg angle_resultant
0 18595 122 122 0 -0.8434067504 0.002344163522 -0.8476615046 -0.8404646688 0.007196835844 -0.8489910439 -0.8397885862 0.00920245773 -0.3159675779 0.003964736685 0.00502873543 nan nan
1 19899 97 97 0 -0.8444625856 0.003140158007 -0.8491427534 -0.8397253087 0.009417444781 -0.8497020344 -0.8391274967 0.01057453765 0.01158383473 0.005462193391 0.006021474344 nan nan
2 18590 55 55 0 -0.8418225017 0.001929064221 -0.8450215763 -0.8388262523 0.006195323993 -0.8456820283 -0.8382746583 0.007407369989 -0.07624306039 0.003781880819 0.004442332748 nan nan
3 18148 56 56 0 -0.8344940718 0.001098027975 -0.8364582157 -0.8330466086 0.003411607028 -0.8375797372 -0.8327748343 0.004804902925 -0.6039144852 0.001948372813 0.00298511859 nan nan
4 18805 57 57 0 -0.8418951052 0.002173929561 -0.8448760779 -0.8380034766 0.006872601276 -0.8455707518 -0.8374322302 0.008138521564 0.2285387837 0.004483772635 0.005178446476 nan nan
5 22540 54 54 0 -0.849327992 0.003460400284 -0.8551680448 -0.8443203992 0.01084764558 -0.8558993277 -0.8437352451 0.0121640826 -0.07847327507 0.005836609108 0.006218638311 nan nan
6 23178 95 95 0 -0.8381071248 0.001573908175 -0.8403927092 -0.8354668195 0.004925889694 -0.8408030552 -0.8349358068 0.005867248366 0.09510772925 0.002774615597 0.003133496734 nan nan
7 27210 188 188 0 -0.855004917 0.003983752299 -0.8620194129 -0.8493334154 0.01268599752 -0.8641882244 -0.8475706964 0.01661752802 -0.1929433066 0.007291002539 0.009240518381 nan nan
8 32632 89 89 0 -0.8523751391 0.006519391593 -0.8607490281 -0.8415609427 0.01918808542 -0.8621899679 -0.8404896674 0.02170030047 0.1724752184 0.01023957123 0.01129688008 nan nan
9 29454 75 75 0 -0.8519506653 0.004175027322 -0.8584993607 -0.8458073618 0.0126919989 -0.8593167033 -0.8450213433 0.01429535998 0.02009254634 0.007284838688 0.008070857181 nan nan
10 29914 128 128 0 -0.8555653012 0.004958116737 -0.8632834038 -0.8480750619 0.01520834192 -0.8642244251 -0.8469309246 0.01729350047 -0.02628049198 0.008034059554 0.009073462121 nan nan
11 28999 79 79 0 -0.8522275538 0.003983360626 -0.8578703618 -0.8459623458 0.01190801601 -0.8590285684 -0.8449739337 0.0140546347 -0.0587569923 0.006490737794 0.007648944371 nan nan
12 33080 194 194 0 -0.8467433482 0.003409345975 -0.8516975984 -0.8410947159 0.01060288246 -0.85247498 -0.8401064643 0.01236851573 0.07508213112 0.005983495279 0.006971746941 nan nan
13 30601 94 94 0 -0.8588268697 0.004650978359 -0.8652556826 -0.8511476439 0.01410803866 -0.8664367722 -0.8499130981 0.01652367404 0.1099712855 0.00772356765 0.008764546857 nan nan
14 30368 71 71 0 -0.8562925327 0.004500653809 -0.8625512414 -0.8488305394 0.01372070199 -0.8636292928 -0.8479117601 0.01571753275 0.1048325057 0.007392790958 0.008218875543 nan nan
15 31274 86 86 0 -0.8554454746 0.004955485681 -0.862584485 -0.8473241177 0.01526036731 -0.8632514802 -0.8462105745 0.01704090568 0.07373750697 0.00891012756 0.009577122752 nan nan
16 31696 52 52 0 -0.8364878216 0.0008237956893 -0.8372449406 -0.8346477599 0.002597180713 -0.8373682535 -0.8342709864 0.003097267068 0.7620189698 0.002006348792 0.002383122311 nan nan
17 32867 73 73 0 -0.8551747103 0.004795968631 -0.8621243476 -0.8473952381 0.01472910955 -0.8633059171 -0.846442562 0.01686335514 0.06556647212 0.008016221917 0.008732148313 nan nan
18 33318 61 61 0 -0.8529078559 0.005667452768 -0.8627054532 -0.8453098345 0.01739561871 -0.8637201483 -0.844524336 0.01919581231 -0.2249902021 0.009797597325 0.01081229248 nan nan
19 32403 52 52 0 -0.8477649067 0.002816039778 -0.8532002181 -0.8441014299 0.009098788177 -0.8539846128 -0.8434347669 0.01054984597 -0.3962613062 0.005387909731 0.00605457277 nan nan
20 33089 56 56 0 -0.852491119 0.005388482109 -0.8618593746 -0.8454968031 0.01636257152 -0.8627840325 -0.8447688246 0.01801520785 -0.2485516702 0.009814906295 0.01073956415 nan nan
21 33547 76 76 0 -0.8569858023 0.00554534793 -0.8640454297 -0.8471259805 0.01691944918 -0.8649230189 -0.8461190172 0.01880400163 0.1601934713 0.01026834541 0.01114593463 nan nan
22 31291 114 114 0 -0.8644987809 0.002755914436 -0.8683045261 -0.8595420015 0.008762524574 -0.8696007395 -0.8579095431 0.01169119646 0.2590317275 0.005081203564 0.005976774918 nan nan
23 36300 90 90 0 -0.8581759917 0.005772667006 -0.8663615385 -0.8484158207 0.01794571789 -0.8674381903 -0.8472030846 0.02023510571 0.1630150268 0.01023589953 0.01144863563 nan nan
24 36991 85 85 0 -0.8588775829 0.005529294984 -0.8667321414 -0.8497368601 0.01699528126 -0.8677062008 -0.8485726583 0.01913354241 0.09047078787 0.01106063697 0.01222483873 nan nan
25 37882 55 55 0 -0.8433590168 0.001581690364 -0.8450228363 -0.8402180022 0.004804834055 -0.8454023393 -0.839649141 0.005753198308 0.5072873906 0.003513748076 0.004082609265 nan nan
26 43665 170 170 0 -0.8631475872 0.005384059638 -0.8674371229 -0.8505326328 0.01690449013 -0.8683459426 -0.8480762994 0.02026964319 0.7622785657 0.01291208762 0.01536842105 nan nan
27 39290 77 77 0 -0.8574636072 0.004355701099 -0.8648423393 -0.8502768897 0.01456544958 -0.8661772361 -0.8491765306 0.01700070551 -0.01293345683 0.009071506332 0.01017186542 nan nan
28 34031 89 89 0 -0.8715553803 0.00202398148 -0.8747264295 -0.8683101246 0.006416304878 -0.875197774 -0.8673561933 0.007841580695 0.1278921607 0.003457332309 0.004188899257 nan nan
29 37890 53 53 0 -0.8479392725 0.002517582654 -0.8513790217 -0.8438126925 0.007566329179 -0.8522204875 -0.8427645613 0.009455926172 0.1362705984 0.004287383734 0.005174711157 nan nan
30 35172 69 69 0 -0.8686609925 0.001933624415 -0.8718370681 -0.8657677164 0.006069351682 -0.8729946702 -0.8648128487 0.00818182157 -0.1026383584 0.00360361084 0.004333677751 nan nan
31 39731 54 54 0 -0.848473877 0.002501301723 -0.8515750174 -0.8436684447 0.007906572716 -0.8524500423 -0.8428825634 0.009567478906 0.3622432294 0.004603132739 0.005389014042 nan nan
32 36997 53 53 0 -0.8638091884 0.002817695205 -0.8681648921 -0.8596662315 0.008498660638 -0.8687359807 -0.8590530463 0.009682934415 0.03401930166 0.004753637342 0.005366822563 nan nan
33 36315 67 67 0 -0.8677753219 0.002047643824 -0.8707484767 -0.8645510528 0.00619742394 -0.8711017938 -0.8639498322 0.007151961641 0.05253880274 0.003313847502 0.003825489685 nan nan
34 35874 73 73 0 -0.8778968587 0.001634269491 -0.8804409057 -0.8755270746 0.004913831084 -0.8810098409 -0.8751904946 0.005819346305 -0.01034919099 0.002735338267 0.003043646056 nan nan
35 39284 110 110 0 -0.855046525 0.001876105768 -0.8582423765 -0.8523231574 0.005919219028 -0.858954437 -0.8513818803 0.007572556684 -0.1535846801 0.003572034956 0.004513312067 nan nan
36 37232 63 63 0 -0.8671832472 0.002296870528 -0.8705590487 -0.8634254068 0.007133641871 -0.8709090689 -0.8627550394 0.008154029494 0.0392395649 0.003810264019 0.004468868007 nan nan
37 37025 66 66 0 -0.883091849 0.001440905977 -0.8854593715 -0.8809850817 0.004474289743 -0.8855558881 -0.8806368993 0.004918988715 0.02469770382 0.002734399446 0.002830916023 nan nan
38 38171 77 77 0 -0.8786374018 0.001572273087 -0.8810336736 -0.8761733078 0.004860365774 -0.8811542294 -0.8755491029 0.005605126468 0.05686227864 0.00274413499 0.00284031947 nan nan
39 38415 62 62 0 -0.8880533655 0.001381090191 -0.8902155691 -0.8859320538 0.004283515254 -0.8905812273 -0.8858977086 0.004683518739 -0.02686122167 0.002473354712 0.00250638423 nan nan
40 40228 65 65 0 -0.8694928122 0.003339580432 -0.8745193638 -0.8642445167 0.01027484706 -0.8750202757 -0.8635291864 0.01149108929 0.05155040038 0.005495149869 0.005874174999 nan nan
41 39083 59 59 0 -0.8740706269 0.001693909427 -0.8767893442 -0.8716434364 0.005145907837 -0.8772485439 -0.8713613562 0.005887187697 -0.03144591485 0.00284406886 0.003057646845 nan nan
42 42970 139 139 0 -0.8593924245 0.002992511414 -0.8627321051 -0.8529820354 0.009750069692 -0.8633167345 -0.8511241729 0.0121925616 0.6986465435 0.006515022935 0.00837288539 nan nan
43 41609 67 67 0 -0.8699143474 0.003611563583 -0.8751736379 -0.864051673 0.01112196494 -0.875568143 -0.8635809779 0.01198716507 0.07668218391 0.006565233258 0.007035928348 nan nan
44 39559 74 74 0 -0.8837086954 0.001394741913 -0.8858100312 -0.881461894 0.004348137231 -0.8860877605 -0.8813621195 0.004725640981 0.01804912795 0.002398667388 0.002498441872 nan nan
45 39341 60 60 0 -0.8927773902 0.001328470039 -0.8949899 -0.8909224405 0.004067459449 -0.8953817358 -0.8905761076 0.004805628149 -0.03545609462 0.00221852029 0.0026103561 nan nan
46 40696 57 57 0 -0.8742874276 0.001909392912 -0.8773233996 -0.8714449316 0.005878467935 -0.8778104679 -0.8711484055 0.006662062432 0.003574164799 0.003489011548 0.003785537667 nan nan
47 40498 67 67 0 -0.8968625211 0.001153891411 -0.8986345704 -0.8950201667 0.003614403685 -0.8991386707 -0.8946560511 0.004482619568 0.02345589714 0.001883596104 0.002282281422 nan nan
48 42948 86 86 0 -0.8472873353 0.00112555289 -0.8493705268 -0.8456550795 0.003715447334 -0.849933783 -0.8450201178 0.004913665163 -0.2228435477 0.002076074467 0.002530205733 nan nan
49 41193 67 67 0 -0.9006478134 0.001118961888 -0.902446417 -0.8991161928 0.003330224208 -0.9029790419 -0.8987393528 0.00423968914 -0.03027070318 0.001944243786 0.00227668656 nan nan
50 41642 58 58 0 -0.8924846028 0.001152026665 -0.8942829264 -0.8906828052 0.003600121155 -0.8946386856 -0.8906084707 0.004030214897 -0.02238640301 0.002162889509 0.002237224083 nan nan
51 41888 64 64 0 -0.9044754184 0.00111031726 -0.9060677682 -0.9026192967 0.003448471495 -0.9064790548 -0.9025464755 0.003932579279 -0.0299768124 0.001928055767 0.002003164636 nan nan
52 42128 75 75 0 -0.9116485213 0.001498588397 -0.9139711147 -0.9091944567 0.004776658065 -0.9141056236 -0.9087660655 0.005339558135 0.1071742119 0.002808199633 0.003236590802 nan nan
53 42143 52 52 0 -0.9245659337 0.002135615323 -0.9278117287 -0.9212698621 0.006541866546 -0.928520407 -0.9207625113 0.007757895785 -0.02942836455 0.003481880891 0.003914349368 nan nan
54 45706 72 72 0 -0.8518075569 0.001923506042 -0.8548803872 -0.8488835492 0.005996838008 -0.8557609768 -0.8480264665 0.007734510278 -0.05409017945 0.003355986895 0.003887443578 nan nan
55 45714 72 72 0 -0.8563202064 0.002602197598 -0.8601775751 -0.852227384 0.007950191085 -0.8609802261 -0.8513508369 0.009629389216 0.06132321869 0.004304381403 0.004902833225 nan nan
56 43285 58 58 0 -0.9178755239 0.001087079598 -0.919505275 -0.9163069392 0.003198335774 -0.9203028678 -0.9159458764 0.004356991438 -0.1158210497 0.002084784983 0.00223151654 nan nan
57 47545 58 58 0 -0.8595374662 0.003623887651 -0.8648877831 -0.8538133018 0.01107448127 -0.8654356594 -0.8527686923 0.01266696709 0.1537998366 0.0058647282 0.006839580159 nan nan
58 46184 69 69 0 -0.8626365306 0.002963237661 -0.8662981249 -0.8573070143 0.008991110658 -0.8669231199 -0.856439553 0.01048356684 0.2365702939 0.005329516305 0.006196977551 nan nan
59 43521 72 72 0 -0.9233085296 0.00203606431 -0.9264754508 -0.9201651208 0.006310329949 -0.9269830591 -0.9196984536 0.007284605442 -0.01097149593 0.003408509886 0.003829741945 nan nan
60 46851 61 61 0 -0.8543182279 0.001939515047 -0.8572164657 -0.8510365182 0.006179947434 -0.8581282904 -0.8502678233 0.007860467048 0.07371032272 0.003522083577 0.004013106897 nan nan
61 44223 54 54 0 -0.9375774717 0.003288584667 -0.9432733007 -0.9330526306 0.01022067015 -0.943759735 -0.9322920643 0.01146767075 -0.1509236357 0.00543268722 0.005743897296 nan nan
62 44413 50 50 0 -0.9049490888 0.001416832058 -0.9074436385 -0.9030077975 0.004435841003 -0.9076299633 -0.9029526172 0.004677346154 -0.1723294991 0.002535617783 0.002721942657 nan nan
63 44650 89 89 0 -0.9107369066 0.001692556586 -0.9135183699 -0.9081801382 0.005338231681 -0.9135390577 -0.907654801 0.005884256687 -0.02578707997 0.002783659175 0.003082105654 nan nan
64 47992 65 65 0 -0.8562526243 0.002676935503 -0.8609627167 -0.8525962484 0.008366468259 -0.8621467121 -0.8515765244 0.01057018766 -0.2138637134 0.004785802439 0.00574709715 nan nan
65 45366 70 70 0 -0.9339702897 0.001789210368 -0.9366840625 -0.9311016935 0.005582369006 -0.9370079258 -0.9305996395 0.006408286277 0.06292303061 0.003073781069 0.003289603287 nan nan
66 45581 84 84 0 -0.9222866181 0.002033720169 -0.9254720179 -0.9192081475 0.006263870396 -0.9258820403 -0.9187570832 0.007124957049 -0.07261792997 0.003401153195 0.00381117556 nan nan
67 46660 56 56 0 -0.8754115073 0.002122981351 -0.878530013 -0.8721116327 0.006418380304 -0.879008701 -0.871785979 0.00722272194 0.01863069027 0.003487495081 0.003683390346 nan nan
68 46519 88 88 0 -0.9407008631 0.002128620649 -0.943995037 -0.9374261212 0.006568915803 -0.9448471124 -0.9370470123 0.007800100046 -0.02478425112 0.003730309614 0.004109418516 nan nan
69 47340 52 52 0 -0.8730330942 0.001944718173 -0.8756526516 -0.8694891987 0.006163452904 -0.8763524191 -0.8685662498 0.007786169314 0.2891517065 0.0035290914 0.004278972487 nan nan
70 49590 73 73 0 -0.8600062405 0.002834344573 -0.8642999165 -0.8554045892 0.008895327329 -0.8653601659 -0.8548042438 0.01055592207 0.06007039658 0.004855788167 0.005916037536 nan nan
71 46932 52 52 0 -0.9062687901 0.001549442093 -0.9089064992 -0.9041310214 0.004775477873 -0.9092916865 -0.9036469156 0.005644770831 -0.09744415956 0.002663012166 0.003048199417 nan nan
72 47649 97 97 0 -0.9326925806 0.001965571453 -0.9358486665 -0.9298417317 0.006006934834 -0.936087143 -0.9290808894 0.00700625366 -0.01117777453 0.003351606518 0.003552615641 nan nan
73 49835 155 155 0 -0.870491369 0.0019301991 -0.8737049933 -0.8675342225 0.006170770827 -0.8744460499 -0.8666169846 0.007829065241 -0.06425770153 0.003458948376 0.004251286807 nan nan
74 48348 105 105 0 -0.9488252596 0.002703931182 -0.9530588157 -0.944752523 0.0083062927 -0.95356335 -0.9440166733 0.009546676733 -0.009388590622 0.004949927602 0.005454461918 nan nan
75 49023 105 105 0 -0.9399888936 0.002303223885 -0.9436942667 -0.9365932519 0.007101014759 -0.9441217822 -0.93629236 0.007829422249 -0.04938790287 0.003790634794 0.003974256896 nan nan
76 48297 50 50 0 -0.9057673923 0.001452311534 -0.9079475505 -0.9034018274 0.004545723159 -0.9083211263 -0.9030362747 0.005284851553 0.06112154091 0.002491033936 0.002657894468 nan nan
77 48780 63 63 0 -0.9261476205 0.001480873384 -0.9286271606 -0.9240720992 0.004555061403 -0.9286690541 -0.9236655964 0.005003457659 0.03911148211 0.00249259434 0.002534487819 nan nan
78 49452 81 81 0 -0.9192645142 0.002057815384 -0.922494842 -0.9161592529 0.006335589054 -0.9228853259 -0.9157449423 0.007140383653 -0.04457826429 0.003260772899 0.003620811791 nan nan
79 51427 56 56 0 -0.8635905051 0.002168615957 -0.8667023468 -0.8597593272 0.006943019593 -0.8670943195 -0.8587760689 0.008318250625 0.2336399138 0.00374495781 0.004728216143 nan nan
80 49921 64 64 0 -0.9319896401 0.001859339554 -0.9349180041 -0.9290514903 0.005866513782 -0.9349789046 -0.9286292165 0.006349688149 0.05645483745 0.003346936827 0.003769210677 nan nan
81 51295 137 137 0 -0.9493159557 0.002974739745 -0.9538877672 -0.9446598521 0.009227915135 -0.9547608197 -0.9439286205 0.01083219921 0.016372746 0.00514489195 0.005876123585 nan nan
82 51700 89 89 0 -0.8763001433 0.001172141654 -0.8781045881 -0.8744409573 0.00366363079 -0.8784053258 -0.8739244326 0.004480893217 0.0495441954 0.002002520259 0.002455489383 nan nan
83 52622 68 68 0 -0.8614812932 0.002562749157 -0.8656701019 -0.8576307339 0.008039368018 -0.8665065321 -0.8566647043 0.009841827777 -0.07183118829 0.004481920268 0.005116208006 nan nan
84 50818 58 58 0 -0.9258298407 0.001406385872 -0.9279374252 -0.9237148363 0.004222588948 -0.9282540822 -0.9233618105 0.004892271678 0.05008861263 0.002423789648 0.002470805678 nan nan
85 51058 71 71 0 -0.9387424286 0.002040151025 -0.9417733055 -0.9355769051 0.00619640041 -0.9425744203 -0.9353387542 0.007235666143 -0.04148827623 0.003403412119 0.003810269574 nan nan
86 53315 87 87 0 -0.8608233955 0.003262132699 -0.8664652912 -0.8564932239 0.009972067356 -0.867690661 -0.8555390857 0.01215157531 -0.2312822472 0.00564189576 0.006867265488 nan nan
87 51510 56 56 0 -0.9192994211 0.001487598602 -0.9215641572 -0.9170347609 0.004529396363 -0.9218571313 -0.916401134 0.005455997347 0.04005105412 0.002568439347 0.002776792412 nan nan
88 51777 67 67 0 -0.9315557544 0.001959009336 -0.9345097603 -0.9286603971 0.005849363177 -0.9349232991 -0.9282793925 0.006643906549 -0.05922064062 0.003279255169 0.003355407001 nan nan
89 53908 145 145 0 -0.9504494306 0.00484524188 -0.9579533569 -0.9430561156 0.01489724132 -0.9585517263 -0.9418284385 0.01672328787 0.02535228348 0.007765064229 0.008992741322 nan nan
90 53348 96 96 0 -0.8801307497 0.001098274022 -0.8817737097 -0.8784284511 0.00334525863 -0.8821135534 -0.8778448855 0.004268667915 0.05291962814 0.001956170456 0.002539736008 nan nan
91 52717 59 59 0 -0.9247106418 0.001758962003 -0.9275884 -0.9222734745 0.00531492543 -0.9279631143 -0.9219116753 0.00605143895 -0.1214667792 0.002860754102 0.003222553315 nan nan
92 53196 73 73 0 -0.939148634 0.002440263647 -0.9429735644 -0.9355909878 0.007382576562 -0.9438167992 -0.9353313946 0.008485404617 -0.01890229081 0.003835891479 0.004679126342 nan nan
93 53820 78 78 0 -0.884256636 0.001254952286 -0.8862284986 -0.882339989 0.003888509624 -0.8864557221 -0.8820375537 0.004418168356 -0.01568322728 0.002082317716 0.002320263584 nan nan
94 53403 61 61 0 -0.9188568345 0.001645611315 -0.9211463448 -0.9161303099 0.00501603487 -0.9214056028 -0.9154521259 0.005953476853 0.1813642024 0.002740606365 0.003135447937 nan nan
95 53654 72 72 0 -0.9320485617 0.002212435195 -0.9352049212 -0.9284139212 0.006791000038 -0.935876255 -0.9280089369 0.007867318033 0.05821668585 0.003686145591 0.004203738219 nan nan
96 54763 64 64 0 -0.867079975 0.002102482038 -0.8703601038 -0.8636730173 0.006687086456 -0.8713708865 -0.8625192594 0.008851627184 0.06092306376 0.003967428464 0.004870180175 nan nan
97 55151 94 94 0 -0.9485571709 0.00308024421 -0.9532533584 -0.9438377478 0.009415610619 -0.9541007627 -0.9429968508 0.01110391187 0.01896931782 0.005126974003 0.005554481791 nan nan
98 54334 60 60 0 -0.924559407 0.001818795216 -0.9273884265 -0.9218287825 0.005559643959 -0.9277489118 -0.9214879255 0.006260986297 -0.04736233497 0.003221257283 0.00358174261 nan nan
99 54868 81 81 0 -0.9400037953 0.002693689108 -0.9442733358 -0.9361971247 0.008076211134 -0.9451160099 -0.9353640117 0.009751998226 -0.1127907226 0.004680589895 0.005523264003 nan nan
100 56191 51 51 0 -0.8709695601 0.002325432229 -0.8745470732 -0.8674713143 0.007075758847 -0.8749423415 -0.867081775 0.007860566519 -0.03182077013 0.003892029739 0.004281569047 nan nan
101 55333 62 62 0 -0.8778907722 0.001467493142 -0.8804079634 -0.8757989981 0.00460896534 -0.8808434364 -0.8753664951 0.005476941269 -0.1751112618 0.002442434699 0.002849253119 nan nan
102 55387 71 71 0 -0.9141426053 0.001709905736 -0.9167461226 -0.9115480465 0.005198076135 -0.9170343416 -0.9112073288 0.005827012786 -0.005122259396 0.00290675552 0.003247473223 nan nan
103 56520 68 68 0 -0.8883664184 0.001260857622 -0.8905608488 -0.8866985414 0.003862307339 -0.8908137827 -0.8865177698 0.004296012882 -0.2021323815 0.002113017506 0.002365951425 nan nan
104 55694 76 76 0 -0.9318942301 0.002520711178 -0.935973797 -0.9282277163 0.007746080641 -0.9364440932 -0.9278143766 0.00862971655 -0.08485506341 0.004110016736 0.004580312968 nan nan
105 54985 54 54 0 -0.1176193909 0.00899078886 -0.1319395405 -0.1045047599 0.02743478054 -0.1336863937 -0.1031334194 0.03055297429 -0.06576249313 0.01456434273 0.01631119593 nan nan
106 57123 97 97 0 -0.883534545 0.001386312922 -0.8856859061 -0.8814062031 0.004279702997 -0.8862907856 -0.8806153747 0.005675410888 0.03789936876 0.002374895533 0.002919170296 nan nan
107 56072 73 73 0 -0.09065109566 0.006479830777 -0.1020968529 -0.08201135675 0.02008549619 -0.103969303 -0.08071599248 0.02325331053 -0.2402735867 0.01091308773 0.01174352153 nan nan
108 56076 76 76 0 -0.09269901081 0.00764333256 -0.1082039622 -0.0843728181 0.02383114414 -0.1101034688 -0.08301499271 0.02708847608 -0.500931267 0.0137938946 0.01569340115 nan nan
109 56264 66 66 0 -0.9200920277 0.001760704114 -0.9229031871 -0.9173704619 0.005532725298 -0.9234939784 -0.9171200666 0.006373911793 -0.05293233384 0.002918117006 0.003251844492 nan nan
110 55792 94 94 0 -0.09882820175 0.00741017638 -0.1105336878 -0.08797674265 0.02255694511 -0.1117476828 -0.08559023012 0.02615745266 -0.03847247168 0.01210142626 0.01334593392 nan nan
111 56739 79 79 0 -0.1239640742 0.007310383614 -0.1356038489 -0.1132174524 0.02238639644 -0.137241761 -0.1119303813 0.02531137967 -0.03701543961 0.01281095575 0.01409802682 nan nan
112 58158 99 99 0 -0.9502308607 0.003078552198 -0.954945573 -0.945482264 0.009463309003 -0.9553900168 -0.9442434951 0.01114652166 0.01517509061 0.005133121178 0.005987501007 nan nan
113 57515 87 87 0 -0.9417635018 0.002879851893 -0.9460417934 -0.9371785672 0.008863226203 -0.9469173121 -0.9363056275 0.01061168456 0.03848817545 0.004886331569 0.00549005001 nan nan
114 56729 135 135 0 -0.121722961 0.004899685857 -0.1295554687 -0.1144853458 0.01507012288 -0.1309383296 -0.1120668621 0.01887146754 -0.02339898083 0.008487019146 0.009699212781 nan nan
115 57763 54 54 0 -0.8922327727 0.0008242193971 -0.8934964695 -0.89097896 0.002517509436 -0.8936236419 -0.890876815 0.002746826938 -0.02581960836 0.001428499339 0.001555671797 nan nan
116 57190 67 67 0 -0.9307624968 0.002439910999 -0.9342138593 -0.926769168 0.007444691325 -0.9345958672 -0.9263135073 0.008282359878 0.1108430616 0.004066312648 0.004521973329 nan nan
117 59536 152 152 0 -0.0865085335 0.007407681854 -0.0999857831 -0.07749363004 0.02249215306 -0.1019023055 -0.07580209533 0.02610021013 -0.2540538153 0.0121431973 0.01402500666 nan nan
118 56705 106 106 0 -0.1090339952 0.003030238398 -0.1138128354 -0.1044631695 0.009349665908 -0.1144885524 -0.1037960004 0.01069255206 -0.04646846612 0.004964935087 0.005493997487 nan nan
119 58890 214 214 0 -0.0952647417 0.004905056123 -0.1030031748 -0.08818964563 0.01481352915 -0.1040240845 -0.08601670558 0.01800737887 -0.05582300398 0.00820047762 0.009060915324 nan nan
120 59056 57 57 0 -0.8950727477 0.0008387471511 -0.8964134383 -0.8938537316 0.002559706658 -0.8966430992 -0.893712874 0.002930225192 -0.05190777087 0.001366047332 0.001570351537 nan nan
121 60114 132 132 0 -0.9410820203 0.003649215651 -0.9470716199 -0.9354344419 0.01163717802 -0.9484129854 -0.9348273598 0.01358562556 -0.09796124425 0.006294368418 0.007248107492 nan nan
122 59707 67 67 0 -0.8881209315 0.001348227892 -0.8901921582 -0.8860211071 0.004171051128 -0.8904921236 -0.8855867326 0.004905390932 0.01186964425 0.00226839997 0.002534198878 nan nan
123 59436 70 70 0 -0.9306937133 0.002451607169 -0.9344538876 -0.926932277 0.007521610655 -0.9348421723 -0.92657134 0.008270832338 -0.0191876239 0.003996111917 0.004168180941 nan nan
124 61508 59 59 0 -0.9677795705 0.001016047216 -0.9691032574 -0.9659445995 0.003158657918 -0.9692083771 -0.96528314 0.003925237147 0.3895079347 0.001650056537 0.002301300765 nan nan
125 57957 122 122 0 -0.1142164625 0.006793878597 -0.1228329712 -0.1021354508 0.02069752042 -0.1242885736 -0.1010545059 0.02323406773 0.1968462525 0.01116458951 0.01206144837 nan nan
126 59426 53 53 0 -0.9233886616 0.002089086696 -0.9265893758 -0.9201853973 0.006403978533 -0.9269819825 -0.9198250399 0.007156942606 -0.03096831844 0.003519352808 0.003911959461 nan nan
127 61835 95 95 0 -0.9515873721 0.002834121095 -0.9556275081 -0.9471524307 0.008475077317 -0.9563970244 -0.9459951549 0.01040186948 0.1081958511 0.004710686597 0.00559221719 nan nan
128 60638 72 72 0 -0.1370612949 0.003991716801 -0.143706617 -0.1313271132 0.01237950387 -0.1446422813 -0.1299790851 0.01466319617 -0.08752888469 0.006649118605 0.007353314014 nan nan
129 62811 101 101 0 -0.8975578694 0.0009796938616 -0.89916112 -0.8960308595 0.003130260519 -0.8994491934 -0.8953881968 0.004060996662 0.01120094 0.001769198353 0.002411861102 nan nan
130 58929 74 74 0 -0.1156630359 0.002981507617 -0.1204481903 -0.1110403066 0.009407883707 -0.1220259375 -0.1094079005 0.01261803705 -0.051540679 0.005461309527 0.006433318447 nan nan
131 61929 134 134 0 -0.09394254284 0.005727266462 -0.1036949003 -0.08618759152 0.01750730876 -0.1048927062 -0.08528282696 0.01960987922 -0.1598962906 0.009254673691 0.01026890245 nan nan
132 60628 65 65 0 -0.1326850985 0.00372517776 -0.1385374299 -0.1270398405 0.01149758943 -0.1392027181 -0.1263670713 0.01283564677 -0.04445724426 0.006049866988 0.006517619657 nan nan
133 60758 54 54 0 -0.9166059657 0.00162298192 -0.9189196815 -0.9140118625 0.004907819046 -0.9196000723 -0.9134786439 0.0061214284 0.06882348154 0.002818098476 0.003194734 nan nan
134 63247 61 61 0 -0.9600875062 0.001244055521 -0.9618061731 -0.9579554173 0.003850755753 -0.961854899 -0.9579460351 0.003908863846 0.01192034238 0.002132088918 0.002141471101 nan nan
135 63326 93 93 0 -0.08933931714 0.003571197425 -0.09534330098 -0.08434457822 0.01099872276 -0.09603487303 -0.08315600758 0.01287886545 -0.1416287133 0.006260796043 0.00695236809 nan nan
136 63336 157 157 0 -0.09422175914 0.005681163142 -0.1045169481 -0.08688743952 0.0176295086 -0.1057428173 -0.08569165648 0.02005116085 -0.2548704925 0.009731154156 0.01095702338 nan nan
137 62101 53 53 0 -0.8915155751 0.0009389563648 -0.8930215779 -0.890015939 0.003005638897 -0.8932568549 -0.8895903841 0.003666470786 0.05760703926 0.001707690775 0.002133245685 nan nan
138 61464 67 67 0 -0.9310429597 0.002310386129 -0.9345523876 -0.9274550106 0.007097377011 -0.9349060712 -0.9270962769 0.007809794355 0.03167401172 0.003747246703 0.003946682829 nan nan
139 62167 82 82 0 -0.9387606612 0.002328172188 -0.9424034573 -0.9352855069 0.007117950465 -0.9432042618 -0.9349340457 0.008270216055 -0.07731328532 0.003858133412 0.004232890858 nan nan
140 65106 81 81 0 -0.07639032413 0.004268526064 -0.08391034871 -0.07063041167 0.01327993704 -0.08533012945 -0.06925575979 0.01607436966 -0.2049184833 0.007311703806 0.008346011536 nan nan
141 61309 66 66 0 -0.1308237053 0.003479965454 -0.1367339513 -0.126095377 0.01063857438 -0.1378356547 -0.1255736014 0.01226205328 -0.1872405847 0.005680854684 0.006380978396 nan nan
142 64602 99 99 0 -0.9005009431 0.000992483722 -0.9019734035 -0.8988435262 0.003129877232 -0.9023397175 -0.8979972513 0.00434246625 0.2684258381 0.001792936928 0.002639211883 nan nan
143 61454 53 53 0 -0.92388974 0.002021917158 -0.926767092 -0.9205781432 0.00618894882 -0.9270243955 -0.92020525 0.00681914544 0.1028265889 0.003317696754 0.003575000243 nan nan
144 64686 68 68 0 -0.9643646825 0.001204338532 -0.9660735951 -0.9622955508 0.003778044316 -0.9664940582 -0.9622325368 0.00426152135 0.01626844896 0.002117078703 0.002138705424 nan nan
145 66568 80 80 0 -0.0724970326 0.004954937977 -0.08132002481 -0.06612189357 0.01519813124 -0.08274671016 -0.06565735872 0.01708935144 -0.2261758828 0.007988222682 0.008832183755 nan nan
146 68432 80 80 0 -0.0728071619 0.004493090135 -0.0819461228 -0.06752402093 0.01442210187 -0.0833292122 -0.06639628647 0.01693292573 -0.5016813853 0.008976930325 0.01036001973 nan nan
147 64054 149 149 0 -0.09567065633 0.005004326401 -0.1048246711 -0.08925503992 0.01556963116 -0.1059731909 -0.08809573635 0.01787745453 -0.277201984 0.00841719036 0.00941838099 nan nan
148 61951 118 118 0 -0.1062489494 0.0054809549 -0.1160415151 -0.09885693919 0.01718457589 -0.117526455 -0.09808569941 0.01944075558 -0.23521912 0.009422289235 0.01090722915 nan nan
149 68054 59 59 0 -0.07073315722 0.004341235019 -0.07871817656 -0.06543518725 0.01328298932 -0.07984790927 -0.06501890958 0.01482899969 -0.2979868832 0.007334559961 0.008464292672 nan nan
150 63417 117 117 0 -0.1352492409 0.006994979172 -0.1478803639 -0.1261852501 0.02169511383 -0.1496474093 -0.1252504083 0.02439700102 -0.2521817514 0.01170396408 0.0134710095 nan nan
151 63516 50 50 0 -0.8943051909 0.0008905437494 -0.895613674 -0.8928897441 0.002723929843 -0.8960515533 -0.8923691774 0.003682375844 0.1108879727 0.001635011745 0.001967208713 nan nan
152 65334 124 124 0 -0.9039496903 0.001175927715 -0.9058714157 -0.9021823635 0.003689052182 -0.9063171573 -0.9017269828 0.004590174573 -0.08003176309 0.002027821141 0.002464070088 nan nan
153 63004 122 122 0 -0.1073245823 0.005617939039 -0.1173375282 -0.1000883816 0.01724914662 -0.1191746996 -0.09905944219 0.02011525741 -0.248600354 0.00974722437 0.01158439576 nan nan
154 64033 118 118 0 -0.08432423718 0.002050085061 -0.08763591958 -0.08095196478 0.006683954807 -0.08844369817 -0.07916182201 0.009281876161 0.09349949378 0.003732078824 0.005302173165 nan nan
155 63186 55 55 0 -0.9124974029 0.001450393722 -0.9146427842 -0.9101875301 0.004455254108 -0.9150569647 -0.9098579436 0.00519902114 0.04697966358 0.002464444925 0.002724082827 nan nan
156 63550 56 56 0 -0.9174427848 0.001560051447 -0.9198241978 -0.9151091652 0.004715032553 -0.9202400783 -0.9143790704 0.005861007912 -0.01087658196 0.002652381512 0.002940171198 nan nan
157 63916 70 70 0 -0.9241679998 0.002155963256 -0.9276577376 -0.9209890563 0.00666868135 -0.9280218928 -0.9206249158 0.007396977001 -0.07807395107 0.003486748228 0.003710072642 nan nan
158 63925 66 66 0 -0.9311327467 0.002230826771 -0.9344675394 -0.9276129271 0.00685461229 -0.9348178591 -0.9271557042 0.007662154824 0.02779372031 0.003620334941 0.003913159697 nan nan
159 62333 108 108 0 -0.1226368151 0.006556023955 -0.132799291 -0.1129037386 0.01989555234 -0.1349600476 -0.1114729375 0.0234871101 -0.06929149975 0.01084519525 0.01181742242 nan nan
160 65393 92 92 0 -0.9476309099 0.00264736987 -0.9518597993 -0.9435286719 0.008331127429 -0.9530194534 -0.9426087276 0.01041072578 -0.05043736078 0.004644512013 0.005285740194 nan nan
161 63370 125 125 0 -0.1121215568 0.006885534564 -0.123737592 -0.1037632555 0.01997433655 -0.1257285132 -0.1020700873 0.02365842592 -0.1086301137 0.010742731 0.01256801806 nan nan
162 63762 53 53 0 -0.1313437048 0.003496088741 -0.1366616059 -0.1260862815 0.01057532438 -0.1381007325 -0.1249170042 0.01318372829 -0.0005848867605 0.005965198951 0.007232309466 nan nan
163 66810 101 101 0 -0.9086231365 0.001084790874 -0.9102485876 -0.9068683191 0.003380268502 -0.9105334315 -0.906386957 0.004146474522 0.03565274663 0.001828807255 0.002286965013 nan nan
164 64798 61 61 0 -0.1099484368 0.002907761265 -0.1148438456 -0.1056813892 0.00916245632 -0.1155477896 -0.1045916759 0.01095611376 -0.1048040168 0.005152845275 0.00580326849 nan nan
165 64468 104 104 0 -0.1254769213 0.003701820622 -0.131933834 -0.1196616132 0.01227222079 -0.1345463299 -0.1184224583 0.01612387164 -0.1472016591 0.006803876745 0.009314672566 nan nan
166 65946 84 84 0 -0.1355601211 0.003619480545 -0.1413551089 -0.1296250917 0.01173001723 -0.1434093553 -0.1275090983 0.01590025696 0.02360697937 0.006779125206 0.008591844885 nan nan
167 67738 304 304 0 -0.1062789897 0.007325338695 -0.1193758507 -0.09660884418 0.02276700648 -0.1229138064 -0.09433176073 0.02858204569 -0.2319902437 0.01293231475 0.01647027051 nan nan
168 66448 88 88 0 -0.9132323654 0.001536214538 -0.9155298295 -0.9108025666 0.00472726287 -0.9157987481 -0.9104002988 0.005398449269 0.04258828081 0.002525669791 0.002738642829 nan nan
169 66474 76 76 0 -0.931843229 0.002321697806 -0.9355582133 -0.9284816803 0.007076533014 -0.9362516481 -0.9281715863 0.008080061744 -0.08419463211 0.003742556492 0.004339633759 nan nan
170 69498 67 67 0 -0.9548590549 0.002074585965 -0.9582006323 -0.9515312766 0.006669355702 -0.9586658856 -0.9504865805 0.008179305085 0.02698662131 0.003618701323 0.004503952583 nan nan
171 67716 98 98 0 -0.09388923133 0.002269883972 -0.09745125301 -0.0904429848 0.007008268209 -0.09817366167 -0.08966846933 0.008505192338 -0.02209733655 0.003850187502 0.004437707332 nan nan
172 66464 74 74 0 -0.9245507859 0.001958189503 -0.927505336 -0.9214859916 0.006019344333 -0.9278776454 -0.9211319246 0.006745720815 0.02238668777 0.003203656927 0.003390748122 nan nan
173 68575 63 63 0 -0.1487692915 0.004413804 -0.1554925067 -0.1421085624 0.01338394428 -0.1574325125 -0.1409843197 0.01644819286 -0.007408108657 0.007437060457 0.008663221022 nan nan
174 66296 182 182 0 -0.1270151973 0.005924637817 -0.1367599824 -0.1176476081 0.01911237434 -0.1392842177 -0.1155713531 0.02371286459 -0.03738702317 0.01053683778 0.01194126316 nan nan
175 68567 81 81 0 -0.145790242 0.003621390092 -0.1513085436 -0.1396626859 0.01164585771 -0.152499649 -0.1376386771 0.01486097182 0.1425361863 0.006532668331 0.007574886201 nan nan
176 70594 152 152 0 -0.918278161 0.001402250124 -0.9205972176 -0.9161119654 0.004485252202 -0.9211319024 -0.9151831098 0.00594879265 -0.01642696153 0.002584787307 0.003513642919 nan nan
177 70637 112 112 0 -0.9505842959 0.002670823325 -0.9544287493 -0.9461792528 0.008249496421 -0.9553796574 -0.9449686399 0.01041101748 0.1081817051 0.004669020728 0.005755168985 nan nan
178 68213 55 55 0 -0.1549383957 0.002295711915 -0.1585669762 -0.1516222527 0.006944723435 -0.1591301591 -0.1509110909 0.008219068221 -0.04781673643 0.004053734853 0.004616917819 nan nan
179 71873 220 220 0 -0.07680010018 0.002673469208 -0.08136769153 -0.07283660164 0.008531089896 -0.08255111508 -0.07109727758 0.0114538375 -0.04488921607 0.004812182485 0.006004090185 nan nan
180 72670 184 184 0 -0.09192949464 0.003535838812 -0.09842110999 -0.08736475826 0.01105635174 -0.09971025638 -0.08589556419 0.01381469219 -0.2700040499 0.006521335542 0.007810481926 nan nan
181 71904 217 217 0 -0.09646637571 0.003844449127 -0.1031728373 -0.0910142402 0.01215859711 -0.105463387 -0.08931076219 0.01615262483 -0.1999435184 0.007212727868 0.009503277578 nan nan
182 72029 75 75 0 -0.156914903 0.005314433496 -0.1651764747 -0.1487226244 0.01645385031 -0.1662745645 -0.1477452128 0.01852935172 -0.005525704035 0.009352387089 0.0103297987 nan nan
183 74978 157 157 0 -0.07194168962 0.002952053561 -0.0773563976 -0.06770937419 0.009647023406 -0.07886730927 -0.06649542988 0.01237187938 -0.171751766 0.005448414895 0.006959326562 nan nan
184 70005 224 224 0 -0.1068783384 0.004758518407 -0.1154906753 -0.1007706696 0.01472000573 -0.118990203 -0.09968128925 0.01930891378 -0.3479456974 0.008172932835 0.01167246056 nan nan
185 70467 133 133 0 -0.1468098043 0.005629765057 -0.1558239474 -0.1382618573 0.01756209014 -0.1585597628 -0.1358090632 0.02275069954 -0.06336753938 0.009825591452 0.01174995843 nan nan
186 69107 54 54 0 -0.9441816899 0.001686025732 -0.9466619232 -0.941488531 0.005173392203 -0.9470350928 -0.9407860073 0.006249085426 0.08819288447 0.002831032304 0.003450922681 nan nan
187 70647 59 59 0 -0.95873374 0.001389385485 -0.9604876394 -0.9561660795 0.004321559855 -0.9608547742 -0.956006849 0.004847925176 0.247779666 0.002567660525 0.002726891068 nan nan
188 70270 54 54 0 -0.9640237206 0.0009952971989 -0.9654315476 -0.962336352 0.003095195605 -0.9655772874 -0.962262689 0.003314598388 0.1189977114 0.001703007184 0.001776670193 nan nan
189 69637 263 263 0 -0.1131356863 0.007087148614 -0.1256705004 -0.1034080169 0.0222624835 -0.1312360759 -0.1016717626 0.02956431325 -0.302930484 0.01220652918 0.01777210471 nan nan
190 69469 90 90 0 -0.9323632942 0.002572287018 -0.9363325576 -0.9283418555 0.007990702078 -0.9368635516 -0.9279115048 0.008952046796 0.0008695524302 0.004259515024 0.004594080599 nan nan
191 71008 126 126 0 -0.9402468094 0.002183090506 -0.9433672098 -0.9367090806 0.006658129191 -0.943826988 -0.9358380643 0.00798892368 0.1030095246 0.003613146115 0.004484162351 nan nan
192 74929 57 57 0 -0.9729848109 0.0006359229816 -0.9737834915 -0.9716423512 0.002141140389 -0.9738952914 -0.9715888481 0.002306443241 0.4901808772 0.001659230168 0.001712733204 nan nan
193 68168 74 74 0 -0.1341061595 0.004885626732 -0.1413344014 -0.126178905 0.01515549641 -0.1431919886 -0.1243670534 0.01882493522 0.06983502 0.008583773555 0.009900836419 nan nan
194 72414 70 70 0 -0.1561198821 0.004515537253 -0.1636560833 -0.149910636 0.01374544726 -0.1647356498 -0.1486963436 0.01603930626 -0.1309913638 0.007632130392 0.008846422813 nan nan
195 71369 170 170 0 -0.9245199529 0.002044819164 -0.9276660624 -0.9212886845 0.006377377851 -0.9281572693 -0.9207194208 0.007437848465 0.0190677477 0.003402892064 0.003838764385 nan nan
196 73817 118 118 0 -0.0793546258 0.002368251617 -0.08348215195 -0.07613702396 0.007345127994 -0.0844016249 -0.07546839746 0.008933227443 -0.1558832667 0.004133977058 0.005053450009 nan nan
197 81346 213 213 0 -0.07776247486 0.003084512735 -0.08449517245 -0.074773234 0.009721938453 -0.08592712229 -0.07420988367 0.01171723862 -0.6813995121 0.006722084111 0.00815403395 nan nan
198 69688 54 54 0 -0.1382276647 0.004542889187 -0.1452236396 -0.1307419762 0.01448166341 -0.14706123 -0.1294549305 0.0176062995 0.06973305502 0.008283492732 0.009401047865 nan nan
199 70970 90 90 0 -0.9126851461 0.00162990484 -0.9151095524 -0.9099738816 0.00513567085 -0.9157001018 -0.9092996029 0.006400498968 0.08901094699 0.002943919215 0.003618197916 nan nan
200 75710 53 53 0 -0.9674460093 0.0004403942478 -0.9680776169 -0.9665481096 0.001529507321 -0.9682431333 -0.9665015706 0.001741562751 0.2688369882 0.001075112256 0.001121651256 nan nan
201 73174 75 75 0 -0.1515789492 0.005541379817 -0.1600225344 -0.1431904735 0.01683206088 -0.1617152702 -0.1413120698 0.02040320037 -0.001655693891 0.009239592158 0.010454273 nan nan
202 74484 205 205 0 -0.9320897512 0.002474712325 -0.936062014 -0.9283677116 0.00769430244 -0.9367403235 -0.9271917791 0.009548544364 -0.03105587265 0.004177573308 0.005330569769 nan nan
203 75295 113 113 0 -0.9523735523 0.002583006116 -0.9555085223 -0.9476478152 0.007860707096 -0.955739979 -0.9466895261 0.009050452841 0.2847865012 0.004513991183 0.005472280271 nan nan
204 74995 108 108 0 -0.08281061825 0.001970758771 -0.08625559 -0.08006036665 0.006195223348 -0.0872210084 -0.07909398868 0.008127019727 -0.2055554588 0.00351824486 0.004371665498 nan nan
205 75394 113 113 0 -0.08505361478 0.002014009843 -0.08861121052 -0.08233052386 0.006280686657 -0.08961328295 -0.08138603989 0.008227243057 -0.2201692933 0.003677235522 0.004559668168 nan nan
206 78088 62 62 0 -0.9721189352 0.0004305960304 -0.9729605349 -0.9715936172 0.001366917765 -0.9730934158 -0.9715793683 0.001514047462 -0.3926998872 0.001024899584 0.001039148426 nan nan
207 74751 58 58 0 -0.1586333909 0.00428213187 -0.1655113985 -0.1522542696 0.01325712893 -0.1664964344 -0.1507948796 0.01570155482 -0.04663298682 0.007138944595 0.008207298855 nan nan
208 75684 143 143 0 -0.9471110142 0.001889745395 -0.9499662101 -0.944099923 0.005866287148 -0.9504346439 -0.9434785085 0.006956135326 0.06314753908 0.003172083333 0.003771259096 nan nan
209 77286 80 80 0 -0.9644774733 0.0009087093633 -0.9656444373 -0.9626595893 0.002984847948 -0.9658651747 -0.9624322701 0.003432904631 0.3752091552 0.001896742875 0.002124062072 nan nan
210 75792 97 97 0 -0.0872035893 0.001740225796 -0.09014719085 -0.08461213136 0.005535059497 -0.0912445071 -0.08397461303 0.007269894076 -0.1936410446 0.003088210935 0.00400062055 nan nan
211 75431 122 122 0 -0.106370454 0.003456817811 -0.1127552402 -0.1018485474 0.01090669273 -0.1147792276 -0.1007341879 0.01404503964 -0.3467465857 0.006020408815 0.007829660317 nan nan
212 74738 52 52 0 -0.154380859 0.005389935647 -0.1629026637 -0.1465973245 0.0163053392 -0.1648471943 -0.1451978708 0.01964932349 -0.07963226128 0.009493255066 0.01143778564 nan nan
213 76879 70 70 0 -0.956833194 0.001145188077 -0.9584622643 -0.9549129358 0.003549328517 -0.9588685195 -0.9539876503 0.004880869262 0.2687701189 0.002133931549 0.003059217083 nan nan
214 83339 121 121 0 -0.06646297907 0.002280703516 -0.07092793615 -0.06351868009 0.007409256055 -0.07261776708 -0.06296358809 0.009654178982 -0.4684395001 0.004520619217 0.006210450146 nan nan
215 76462 129 129 0 -0.9391315731 0.001621884424 -0.9417290391 -0.9367552279 0.004973811154 -0.9422761437 -0.9356588281 0.006617315544 -0.01439128315 0.002803486346 0.003531387933 nan nan
216 76343 68 68 0 -0.1666738244 0.003035635967 -0.1716192976 -0.1622850713 0.009334226342 -0.1722632593 -0.161729524 0.01053373524 -0.09414360021 0.00514860442 0.005792566101 nan nan
217 74850 53 53 0 -0.9136245345 0.002067680228 -0.9171020482 -0.9108023587 0.00629968957 -0.9176950206 -0.9102438896 0.007451131025 -0.1190934487 0.003487886563 0.003815556402 nan nan
218 79912 99 99 0 -0.1658827684 0.006321763044 -0.1758978023 -0.1564120299 0.01948577236 -0.1771741467 -0.1543178066 0.02285634011 -0.05480348509 0.01060893472 0.01160217253 nan nan
219 76043 90 90 0 -0.9224091756 0.002032889428 -0.9257715072 -0.9192965453 0.006474961893 -0.9264858582 -0.918379562 0.008106296218 -0.03751572369 0.00369729342 0.004197921275 nan nan
220 80077 76 76 0 -0.9689133933 0.0006410615307 -0.9699829275 -0.9679534014 0.002029526076 -0.9701512302 -0.9672320611 0.002919169091 0.1415643909 0.001228671272 0.001950011588 nan nan
221 86199 237 237 0 -0.09141613473 0.002382022702 -0.09676080513 -0.08918662314 0.007574181994 -0.098850983 -0.08856561861 0.01028536439 -0.8030107839 0.005230027787 0.00732020566 nan nan
222 80174 132 132 0 -0.09649185386 0.001904072904 -0.0997577494 -0.09384258688 0.005915162518 -0.1005097935 -0.09333172798 0.007178065567 -0.2034261464 0.003362828751 0.0041148729 nan nan
223 83275 65 65 0 -0.9593180641 0.0005990665574 -0.9601732808 -0.9582249192 0.001948361528 -0.9603426666 -0.9579342414 0.002408425242 0.3787875409 0.001362133748 0.00165281163 nan nan
224 83256 297 297 0 -0.9449555125 0.002812348135 -0.9497473966 -0.9405742011 0.009173195431 -0.9511851372 -0.9381276463 0.01305749087 -0.04602361991 0.005142367029 0.007394081862 nan nan
225 81258 71 71 0 -0.9532757263 0.001293211364 -0.9548864211 -0.9508733235 0.004013097678 -0.9552462324 -0.9505728309 0.004673401473 0.2591074104 0.002699898617 0.003000391159 nan nan
226 78827 93 93 0 -0.9294927105 0.002392216418 -0.9333381957 -0.9256572519 0.007680943883 -0.9346828468 -0.9243594443 0.01032340256 -0.007670103186 0.004219945514 0.005351167686 nan nan
227 83935 81 81 0 -0.1699972222 0.005468967063 -0.1776921297 -0.1610885255 0.01660360425 -0.178690885 -0.1592999099 0.01939097504 0.1303865666 0.009217119739 0.01100573529 nan nan
228 82985 157 157 0 -0.0982067192 0.002091683632 -0.1018593062 -0.09535142648 0.006507879733 -0.1034932935 -0.09449484447 0.008998449009 -0.2486796499 0.003719619995 0.005353607262 nan nan
229 90600 108 108 0 -0.06310554612 0.001717049131 -0.06665171047 -0.06130562119 0.005346089276 -0.06780594106 -0.06094429545 0.006861645611 -0.5701469386 0.003794051453 0.004948282048 nan nan
230 84985 173 173 0 -0.08905876094 0.001634348881 -0.09249628332 -0.08715168933 0.005344593994 -0.09406159331 -0.08674034435 0.007321248963 -0.7161453879 0.003253011858 0.004818321848 nan nan
231 79611 51 51 0 -0.9200156297 0.002023990833 -0.9233456244 -0.9169692942 0.006376330174 -0.9241424202 -0.9164232 0.007719220155 -0.1208201243 0.003643946688 0.003880403993 nan nan
232 85006 83 83 0 -0.1024982162 0.001702473975 -0.1054888839 -0.1000361571 0.005452726713 -0.1064523342 -0.09951852414 0.006933810059 -0.2825928723 0.00325046202 0.004213912361 nan nan
233 93015 78 78 0 -0.06002457707 0.001671256121 -0.06415835693 -0.05898042886 0.005177928072 -0.06464548546 -0.05881779331 0.005827692155 -0.8591398747 0.00386162079 0.004348749318 nan nan
234 91002 87 87 0 -0.06139391702 0.00162333758 -0.06489106894 -0.05996160508 0.004929463855 -0.06560445352 -0.05973678745 0.00586766607 -0.642322014 0.003204235545 0.003917620133 nan nan
235 80834 71 71 0 -0.9362425761 0.002002267613 -0.9393748811 -0.9328510438 0.006523837287 -0.940125553 -0.9317867962 0.008338756752 0.1123190685 0.003687090425 0.00448918756 nan nan
236 84069 81 81 0 -0.951946313 0.00113040382 -0.953558133 -0.9500090731 0.00354905986 -0.9540148803 -0.9492700561 0.004744824192 0.1873040176 0.002278232435 0.003017249471 nan nan
237 88993 234 234 0 -0.06878291553 0.001643991818 -0.07172883224 -0.06634259424 0.005386237998 -0.07279748766 -0.06582516841 0.006972319247 -0.2469420601 0.002963943069 0.00393047352 nan nan
238 86978 150 150 0 -0.07221598568 0.001256914121 -0.07442204401 -0.07028037734 0.004141666678 -0.07513029713 -0.06978746434 0.005342832789 -0.1467425294 0.002277444255 0.00295162638 nan nan
239 85566 63 63 0 -0.177183209 0.002923877493 -0.1817155888 -0.172681262 0.009034326833 -0.1824177264 -0.1720486493 0.01036907716 0.0006178418657 0.005193072449 0.00582568515 nan nan
240 87788 112 112 0 -0.07416405586 0.001093694296 -0.07610744433 -0.07258070722 0.003526737115 -0.07677954004 -0.07229690095 0.004482639094 -0.2786212099 0.001915208276 0.002536987467 nan nan
241 91438 194 194 0 -0.08518515925 0.001117839078 -0.08757493932 -0.08381441287 0.003760526444 -0.08901896221 -0.08376596906 0.005252993151 -0.8480903099 0.002752012422 0.004196035311 nan nan
242 89844 201 201 0 -0.09865676862 0.001650684355 -0.1018224267 -0.096301383 0.00552104371 -0.1032663679 -0.09549972344 0.007766644436 -0.391944847 0.003450917722 0.00489485889 nan nan
243 95842 263 263 0 -0.07808731194 0.001014860135 -0.08004945997 -0.07656821298 0.003481246999 -0.08106490851 -0.07622895413 0.004835954378 -0.3516208757 0.002571601425 0.003587049961 nan nan
244 83229 56 56 0 -0.9268413649 0.002976884076 -0.9308779627 -0.9217916823 0.00908628043 -0.9313391737 -0.9207653798 0.01057379383 0.1974025588 0.004894366749 0.005733516348 nan nan
245 95443 244 244 0 -0.08045991726 0.0009531126572 -0.08210034754 -0.07900382265 0.00309652489 -0.08334817557 -0.07873161565 0.004616559924 -0.3100173804 0.002125302833 0.003373130865 nan nan
246 93446 224 224 0 -0.08283621036 0.0009153813893 -0.0846058832 -0.0814438428 0.0031620404 -0.08558984308 -0.08127670624 0.004313136841 -0.3506788319 0.002163316118 0.003147275996 nan nan
247 86776 53 53 0 -0.1779179375 0.004828397912 -0.1865571295 -0.1717717415 0.01478538808 -0.1875509899 -0.1708801136 0.01667087626 -0.2671515424 0.008941924437 0.009935784783 nan nan
248 83640 54 54 0 -0.9338823788 0.00244064193 -0.9374612042 -0.929616384 0.007844820253 -0.9385467738 -0.9278458678 0.01070090602 0.2130762073 0.00459497885 0.005366105919 nan nan
249 88110 61 61 0 -0.9553070816 0.0009924525968 -0.9564883902 -0.9533502249 0.003138165349 -0.9566627567 -0.953058913 0.003603843644 0.4236602228 0.002034485081 0.002325796942 nan nan
250 95422 109 109 0 -0.0647647197 0.00126832443 -0.06724932885 -0.06334034183 0.003908987019 -0.06809117557 -0.06312282906 0.004968346506 -0.4795378004 0.002658721395 0.003500568115 nan nan
251 87679 90 90 0 -0.9374028302 0.002955710478 -0.9413874162 -0.9321546475 0.009232768726 -0.9418712919 -0.931367364 0.01050392792 0.2160396225 0.00501197226 0.005799255759 nan nan
252 89293 95 95 0 -0.9349747435 0.002762299327 -0.9375110386 -0.9289591028 0.008551935753 -0.9380249117 -0.9274790784 0.01054583326 0.7251847743 0.005960804127 0.007440828514 nan nan
253 96263 261 261 0 -0.09323621113 0.001178145401 -0.09515466537 -0.09133093529 0.003823730076 -0.09595840737 -0.09096078679 0.004997620579 -0.01177629871 0.002199079076 0.003002821083 nan nan
254 90117 145 145 0 -0.9476872996 0.002644857276 -0.951498476 -0.943225487 0.00827298902 -0.952174219 -0.9415981097 0.01057610931 0.2160248292 0.00470212694 0.005364246437 nan nan
255 91347 55 55 0 -0.9589331957 0.001339532989 -0.9608320046 -0.9564630721 0.004368932439 -0.9612216071 -0.9558131476 0.005408459505 0.2984912731 0.002569733533 0.003219658049 nan nan
256 99061 53 53 0 -0.1092309209 0.0007948980636 -0.1111101765 -0.1086827008 0.002427475771 -0.1117038665 -0.1085467352 0.003157131321 -0.9644125263 0.001714025582 0.002307715541 nan nan
257 97245 79 79 0 -0.1872360296 0.005495380078 -0.1950407237 -0.1782525597 0.01678816396 -0.196166664 -0.1772632886 0.01890337538 0.08567760359 0.008951662337 0.009676498767 nan nan
258 94534 67 67 0 -0.9382636053 0.001091778057 -0.9398190852 -0.9362102375 0.003608847737 -0.9401282178 -0.9358899089 0.004238308843 0.2932476504 0.002835177964 0.003155506551 nan nan
259 100594 214 214 0 -0.08757089486 0.001154259031 -0.0897124051 -0.08588562632 0.003826778779 -0.0901067825 -0.08584789167 0.004258890838 -0.3072799309 0.002431193576 0.002825570984 nan nan
260 89153 54 54 0 -0.1595275504 0.001554993127 -0.161434157 -0.1566835953 0.004750561748 -0.1618939919 -0.1560254534 0.005868538555 0.3354480736 0.002698323104 0.003122153574 nan nan
261 93347 50 50 0 -0.9504653042 0.001342472649 -0.9528697372 -0.9487453423 0.004124394914 -0.9534063981 -0.9482170673 0.005189330804 -0.2588333708 0.002367686447 0.002715175611 nan nan
262 91158 50 50 0 -0.1537423245 0.0008909965586 -0.1552306898 -0.152333187 0.002897502871 -0.1556143182 -0.1521072993 0.003507018924 -0.1141871723 0.001690870934 0.00207449933 nan nan
263 94858 59 59 0 -0.1877827972 0.002994059766 -0.1922054795 -0.1829936456 0.009211833849 -0.1927653617 -0.1824988613 0.01026650038 0.02629629988 0.004982825321 0.005283935874 nan nan
264 98040 75 75 0 -0.1864825723 0.004678490551 -0.1937921971 -0.179445296 0.01434690115 -0.1952280101 -0.1784762558 0.0167517543 -0.0792653526 0.007869306985 0.00867996631 nan nan
265 96139 170 170 0 -0.9442169265 0.002654785782 -0.9479446426 -0.9391925622 0.008752080415 -0.948840695 -0.9378132435 0.01102745157 0.3279871709 0.004953215768 0.00584234451 nan nan
266 99440 76 76 0 -0.09983245811 0.0004155871799 -0.100436247 -0.0991429189 0.001293328066 -0.1006425804 -0.09901560115 0.00162697929 0.07230159306 0.0007717982431 0.0009781317166 nan nan
267 107040 103 103 0 -0.06493844147 0.0006136472291 -0.06584502455 -0.06386896344 0.00197606111 -0.06626722147 -0.06355467181 0.002712549665 0.06020603459 0.001222017664 0.001644214583 nan nan
268 108496 93 93 0 -0.06299405982 0.0006628401005 -0.06430414712 -0.06209551561 0.002208631508 -0.06453543666 -0.06194035262 0.002595084037 -0.4033247744 0.001580381674 0.001811671217 nan nan
269 104081 238 238 0 -0.09680653268 0.001255612752 -0.09893538309 -0.09503094842 0.003904434676 -0.099472036 -0.09475758221 0.004714453793 -0.1679068482 0.002328149407 0.002864802316 nan nan
270 105932 228 228 0 -0.07108764079 0.001158902746 -0.07296624846 -0.06917687611 0.00378937236 -0.07389820557 -0.06866910204 0.005229103521 -0.03546250791 0.002193112213 0.003125069314 nan nan
271 98764 78 78 0 -0.1602244417 0.001136413806 -0.1619978163 -0.1585043398 0.003493476479 -0.1622418571 -0.1581158909 0.004125966261 0.007871390287 0.001936286032 0.002117369433 nan nan
272 110635 198 198 0 -0.07688056202 0.001915747819 -0.08066593745 -0.07471423412 0.005951703327 -0.08183726075 -0.07430739539 0.007529865362 -0.4693511296 0.003725404581 0.004896727885 nan nan
273 111650 210 210 0 -0.0748040212 0.001786418989 -0.07842281496 -0.07278203887 0.0056407761 -0.07966578701 -0.07233742138 0.007328365635 -0.5238199778 0.003558436342 0.004801408388 nan nan
274 99562 56 56 0 -0.164621238 0.001424890718 -0.1670323991 -0.1627154586 0.004316940521 -0.1676773937 -0.1623706182 0.005306775516 -0.1889668638 0.002359091468 0.002896952097 nan nan
275 111641 246 246 0 -0.06811977599 0.001163839709 -0.06984403306 -0.06611758821 0.00372644485 -0.07067943092 -0.06543722147 0.005242209449 0.09935174765 0.002280420124 0.003115817988 nan nan
276 100073 78 78 0 -0.932212394 0.003203625911 -0.93678903 -0.926705793 0.01008323695 -0.9380730213 -0.9256007541 0.01247226717 0.152111994 0.005645607809 0.006835596303 nan nan
277 109268 116 116 0 -0.1030565642 0.001462519364 -0.1056405261 -0.1011514809 0.004489045188 -0.106148395 -0.1008622296 0.005286165382 -0.2326472455 0.002731393758 0.003239262702 nan nan
278 102286 82 82 0 -0.1640634353 0.001063641252 -0.1657515798 -0.1624397755 0.003311804277 -0.1661415545 -0.1622439182 0.003897636367 -0.05056763344 0.001843378743 0.002233353476 nan nan
279 112377 56 56 0 -0.1193379873 0.00317380143 -0.1246153341 -0.1146846447 0.009930689411 -0.1255917063 -0.1137292601 0.01186244621 -0.07407789418 0.005675324446 0.006651696636 nan nan
280 109609 187 187 0 -0.09296849662 0.001755266819 -0.09586100028 -0.09041281766 0.005448182619 -0.0969589921 -0.09004656551 0.006912426583 -0.07741704997 0.002908186586 0.004003811758 nan nan
281 111968 79 79 0 -0.06210125684 0.001068868988 -0.06441244924 -0.06110955293 0.003302896303 -0.06477993869 -0.06090347641 0.003876462274 -0.6540570027 0.002389275931 0.002756765382 nan nan
282 104605 54 54 0 -0.1719727666 0.001965772757 -0.1757502273 -0.1695349991 0.006215228246 -0.1763002982 -0.1689752746 0.007325023609 -0.3809514086 0.003427065046 0.003958208503 nan nan
283 106093 53 53 0 -0.1655703995 0.002084470342 -0.1689275848 -0.1625700583 0.00635752653 -0.1693186912 -0.1621698857 0.007148805413 -0.09415643693 0.003444116395 0.003592501597 nan nan
284 112328 217 217 0 -0.0856811896 0.001525460978 -0.08837131934 -0.08317045341 0.005200865925 -0.08918897291 -0.08243174116 0.00675723175 -0.08597435708 0.002866530763 0.003566791668 nan nan
285 106107 88 88 0 -0.1719290709 0.001665856678 -0.1744729515 -0.1692836203 0.005189331202 -0.1751495812 -0.1689008866 0.006248694599 -0.01670528027 0.00280823733 0.003262002254 nan nan
286 115586 304 304 0 -0.1025505702 0.002254167084 -0.1063907065 -0.09927649332 0.007114213137 -0.106847131 -0.09819965132 0.008647479731 -0.09996030921 0.003987686683 0.004395621854 nan nan
287 117019 59 59 0 -0.1195424143 0.004906141098 -0.1278641116 -0.1128324506 0.01503166106 -0.1288978906 -0.1120838941 0.0168139965 -0.1715889275 0.007954333659 0.008643186037 nan nan
288 109691 57 57 0 -0.1435861098 0.002941258187 -0.1478788675 -0.1389630616 0.008915805931 -0.1485205444 -0.1383142438 0.01020630055 0.0522812211 0.004969564067 0.005611240924 nan nan
289 115814 76 76 0 -0.06144399987 0.00113889529 -0.0636651022 -0.06013760505 0.003527497153 -0.06403659773 -0.0598594765 0.004177121237 -0.403780976 0.002230656649 0.002602152184 nan nan
290 114958 57 57 0 -0.203837657 0.004396326609 -0.2109321249 -0.19754697 0.01338515494 -0.2116933063 -0.1967425369 0.01495076946 -0.06399242447 0.007130498478 0.00793493157 nan nan
291 115594 93 93 0 -0.1081533719 0.002484562753 -0.1127176494 -0.1049801993 0.007737450142 -0.113730442 -0.1044410218 0.009289420215 -0.2848410894 0.00465753953 0.005670332162 nan nan
292 118341 78 78 0 -0.06091382182 0.001432369965 -0.06367336928 -0.05934783772 0.00432553156 -0.06402176407 -0.05905215167 0.004969612393 -0.4016049846 0.002576166375 0.002924561163 nan nan
293 118649 197 197 0 -0.08516510669 0.003037757959 -0.09055727229 -0.08123764443 0.009319627854 -0.09233782123 -0.08044115396 0.01189666727 -0.279954484 0.005392165594 0.00717271454 nan nan
294 114177 173 173 0 -0.09025772079 0.0015844348 -0.09289472134 -0.08757852435 0.005316196993 -0.09395282548 -0.08684043127 0.007112394217 -0.08600025519 0.003169247547 0.003926835909 nan nan
295 111143 59 59 0 -0.1726414809 0.001804574452 -0.1753891017 -0.1698675009 0.005521600802 -0.1756931287 -0.1695123371 0.006180791569 0.00640925213 0.002969768843 0.003324932552 nan nan
296 116981 155 155 0 -0.09470662545 0.001986373495 -0.09779730478 -0.09151639875 0.006280906028 -0.09878672367 -0.09046242331 0.008324300359 -0.006042556558 0.003647097643 0.004387759288 nan nan
297 111154 70 70 0 -0.1774678958 0.001698911682 -0.1800519273 -0.1748659108 0.005186016517 -0.1806203068 -0.1742774525 0.006342854237 0.0180394669 0.002806583302 0.003245263761 nan nan
298 119490 191 191 0 -0.0829065787 0.002614120308 -0.08742576622 -0.07929670252 0.008129063696 -0.08877666644 -0.07843485069 0.01034181575 -0.2052887232 0.004531353373 0.005692371193 nan nan
299 119797 333 333 0 -0.1005953017 0.003139590496 -0.1068982573 -0.09686654687 0.01003171046 -0.1094819162 -0.09581101016 0.013670906 -0.5373824364 0.005926611675 0.008510270504 nan nan
300 114063 61 61 0 -0.1786301928 0.001718945518 -0.1814223695 -0.176147996 0.005274373474 -0.1817291475 -0.1758367529 0.005892394605 -0.06748438322 0.002901699058 0.003212942174 nan nan
301 120605 109 109 0 -0.06749033295 0.001557787376 -0.07021731872 -0.06547713383 0.004740184891 -0.07081717301 -0.06528650129 0.005530671723 -0.2546046849 0.002582870825 0.003182725122 nan nan
302 115680 63 63 0 -0.1573953085 0.002855811023 -0.1617972755 -0.1529430052 0.008854270351 -0.1622959374 -0.1524260394 0.009869897989 0.02787172433 0.004735556126 0.004969269081 nan nan
303 115738 75 75 0 -0.1834775213 0.001786823257 -0.1861391898 -0.1806830222 0.005456167687 -0.1864112365 -0.1803006328 0.006110603759 0.04400525708 0.002945492594 0.00307333171 nan nan
304 118636 108 108 0 -0.07455041927 0.001376752513 -0.07691567468 -0.07246023271 0.004455441969 -0.07780154672 -0.07187417568 0.005927371031 -0.133843533 0.002545503185 0.003221408764 nan nan
305 121513 149 149 0 -0.110585113 0.002795143408 -0.1150322319 -0.1064088018 0.008623430061 -0.1158224963 -0.1055441329 0.01027836341 -0.03701580182 0.004584464834 0.005364657074 nan nan
306 122033 176 176 0 -0.0723518684 0.001353049691 -0.07452730929 -0.07027386037 0.004253448918 -0.07537887202 -0.06991929036 0.00545958166 -0.0909859183 0.002385480849 0.003237043584 nan nan
307 124894 78 78 0 -0.06728824596 0.002005123509 -0.07102220897 -0.06479038838 0.006231820599 -0.07161265058 -0.06458770006 0.007024950523 -0.31091132 0.003255080373 0.003845521977 nan nan
308 126427 54 54 0 -0.1344296792 0.005655988323 -0.1431897771 -0.1255536252 0.01763615192 -0.1441145002 -0.1236312388 0.0204832614 0.06308110001 0.01011173268 0.01203411911 nan nan
309 123246 76 76 0 -0.1254510426 0.004007164461 -0.1314610959 -0.1190589705 0.01240212544 -0.1323759424 -0.117718373 0.01465756942 0.0614430449 0.006816445384 0.007420448375 nan nan
310 122340 174 174 0 -0.09081355418 0.002112898419 -0.09445183295 -0.08754162197 0.006910210979 -0.09556089586 -0.08636776585 0.009193130005 -0.1182121096 0.003993039536 0.0048067993 nan nan
311 126101 274 274 0 -0.1112576161 0.002596109722 -0.1153374157 -0.1073314829 0.008005932858 -0.1160050597 -0.1065471229 0.009457936806 -0.03725621734 0.004258229339 0.004813745787 nan nan
312 127875 66 66 0 -0.1350875797 0.005644593422 -0.1429858958 -0.1255095797 0.01747631606 -0.1437459592 -0.1243534317 0.01939252755 0.1906446618 0.01010862667 0.01126477466 nan nan
313 122137 54 54 0 -0.1441248862 0.002286269663 -0.1478495238 -0.1409067464 0.006942777403 -0.1484858357 -0.1404211064 0.008064729346 -0.1234884065 0.003725776315 0.004188356444 nan nan
314 124351 125 125 0 -0.095758781 0.002096718744 -0.09938731208 -0.09249125899 0.006896053097 -0.1008661344 -0.09130189542 0.009564239023 -0.1328839376 0.004025490278 0.005178775151 nan nan
315 128076 61 61 0 -0.06817132631 0.002037135128 -0.07140359242 -0.06515167669 0.006251915724 -0.07179088611 -0.06493612092 0.006854765195 -0.06032262374 0.003235205395 0.0036195598 nan nan
316 124622 169 169 0 -0.08237775056 0.001944659275 -0.08557199192 -0.07914347278 0.006428519137 -0.08659980794 -0.07817333333 0.008426474615 0.007496330599 0.003659993127 0.004222057388 nan nan
317 126422 67 67 0 -0.1319146176 0.005073925143 -0.1414014299 -0.1260366607 0.01536476924 -0.1425590284 -0.1255110384 0.01704799001 -0.3408075316 0.008776530486 0.009934128968 nan nan
318 130158 229 229 0 -0.1024492397 0.004819380867 -0.1110344371 -0.09724825128 0.01378618579 -0.1125325683 -0.09542681836 0.0171057499 -0.1712519322 0.007489873021 0.008613899649 nan nan
319 130116 73 73 0 -0.06758172887 0.002249346028 -0.07126587391 -0.06440915626 0.006856717647 -0.07176019393 -0.06403795562 0.007722238312 -0.1446551073 0.003667522552 0.003925850886 nan nan
320 129256 184 184 0 -0.08161421124 0.003168879953 -0.08681207931 -0.07711033836 0.009701740955 -0.08820799264 -0.07575245639 0.01245553624 -0.09206459613 0.005417310452 0.006659230187 nan nan
321 130414 84 84 0 -0.07273848633 0.001421628985 -0.07508334966 -0.07068328237 0.00440006729 -0.07567593839 -0.07007950784 0.005596430544 -0.09766272673 0.002549264803 0.003026417841 nan nan
322 129580 258 258 0 -0.1080522098 0.003544172772 -0.1132586618 -0.1021050903 0.01115357151 -0.1147017805 -0.1002537075 0.01444807299 0.1200909601 0.006268249526 0.007423196626 nan nan
323 129834 152 152 0 -0.07715880024 0.001506088113 -0.07957229407 -0.07488393474 0.004688359327 -0.08028786342 -0.07444077703 0.005847086389 -0.04294003363 0.002617678974 0.003333248327 nan nan
324 134590 334 334 0 -0.1254572887 0.005662453351 -0.1343722108 -0.1166210416 0.01775116915 -0.1357917274 -0.1152820364 0.02050969094 -0.005219809109 0.009334028357 0.01050855024 nan nan
325 131876 60 60 0 -0.06724892034 0.001985485854 -0.07038324518 -0.06439538012 0.005987865057 -0.0709303305 -0.06416146331 0.00676886719 -0.07932206081 0.003173408146 0.00359723466 nan nan
326 132535 156 156 0 -0.1260674927 0.004834310222 -0.1339354154 -0.1192294036 0.01470601183 -0.1347044814 -0.1180440197 0.01666046172 -0.1009726327 0.007904194043 0.008606698025 nan nan
327 132832 68 68 0 -0.1272104291 0.003830865203 -0.1333193423 -0.1217273734 0.01159196885 -0.1344976681 -0.1208357525 0.01366191566 -0.1066477142 0.0067164372 0.007608058183 nan nan
328 135139 331 331 0 -0.09570147703 0.004492752232 -0.1032359062 -0.08890402816 0.01433187802 -0.1059386999 -0.08697698247 0.01896171747 -0.1104062297 0.008000582594 0.009924781501 nan nan
329 134556 281 281 0 -0.100214877 0.004088714981 -0.1069097375 -0.09411232999 0.0127974075 -0.1084285966 -0.091907058 0.01652153865 -0.05719136865 0.007120954672 0.008261546179 nan nan
330 136318 288 288 0 -0.09130166144 0.003730787799 -0.0977221106 -0.08580336405 0.01191874655 -0.09976507146 -0.08415758864 0.01560748282 -0.1566532682 0.006749954404 0.008164780145 nan nan
331 133677 189 189 0 -0.1042621636 0.002845778419 -0.1082832752 -0.0989150204 0.009368254841 -0.1094483473 -0.09739910646 0.01204924084 0.3109830886 0.005262800663 0.006396621711 nan nan
332 139913 591 591 0 -0.12649332 0.006185809276 -0.1358322492 -0.1167572582 0.01907499106 -0.1376933389 -0.1150537212 0.02263961772 0.0373406857 0.01011129679 0.01132931893 nan nan
333 136299 65 65 0 -0.07409955287 0.001459662962 -0.07640969686 -0.07199395423 0.004415742629 -0.0770233404 -0.0716030963 0.005420244096 -0.1307773108 0.002473388129 0.00290282357 nan nan
334 137188 83 83 0 -0.07782341694 0.001684939401 -0.08057054839 -0.07541057552 0.005159972868 -0.0813574947 -0.07480527396 0.006552220738 -0.1020620299 0.002962828317 0.003387760519 nan nan
335 135715 128 128 0 -0.08234180906 0.001507574537 -0.08462433446 -0.08002251782 0.004601816641 -0.08579186379 -0.07957597662 0.006215887179 -0.06987756922 0.00273147323 0.003899002567 nan nan
336 137288 72 72 0 -0.1517913516 0.004145785914 -0.1585616582 -0.1454628397 0.01309881853 -0.1598778077 -0.1442256871 0.01565212059 -0.05760229921 0.007316538677 0.008371726544 nan nan
337 142875 411 411 0 -0.1232323489 0.006822303084 -0.1360041452 -0.1143867012 0.02161744398 -0.1381500063 -0.1125318256 0.02561818064 -0.3086275523 0.01234628838 0.01449214945 nan nan
338 141120 68 68 0 -0.1418546621 0.005242837541 -0.1494657937 -0.1334746829 0.01599111082 -0.1504505564 -0.1322711236 0.01817943278 0.06974559826 0.00859622258 0.00940665616 nan nan
339 141333 60 60 0 -0.07532353927 0.002082373794 -0.07857162077 -0.07214708327 0.006424537498 -0.07906940377 -0.07193309683 0.007136306934 -0.02419092086 0.003656104664 0.003870091104 nan nan
340 139865 174 174 0 -0.08831716653 0.002039102968 -0.09190688924 -0.08515196662 0.00675492262 -0.09327099218 -0.08454045575 0.008730536435 -0.2434784144 0.003715647182 0.005033874125 nan nan
341 142570 226 226 0 -0.1173701234 0.004345300446 -0.1247202537 -0.1113538119 0.01336644178 -0.1262970386 -0.1098250001 0.01647203846 -0.1583363665 0.007440089561 0.008922455721 nan nan
342 141926 55 55 0 -0.07478890505 0.002319298534 -0.07832355411 -0.07129976447 0.007023789635 -0.07883116484 -0.07070161759 0.008129547249 0.01914605563 0.003861414763 0.004275290789 nan nan
343 142823 61 61 0 -0.07919434186 0.001584595824 -0.08172372047 -0.07665318835 0.005070532125 -0.08211915014 -0.07626352088 0.005855629257 -0.001322719139 0.00312358964 0.003513257102 nan nan
344 142530 81 81 0 -0.08312964348 0.001620837164 -0.08587098637 -0.08070496913 0.005166017247 -0.08667694757 -0.08009656931 0.006580378261 -0.05018837218 0.0028183857 0.003373267456 nan nan
345 142010 72 72 0 -0.1409875246 0.003573492235 -0.1464218855 -0.1354437578 0.01097812769 -0.1469573898 -0.1348563234 0.01210106634 0.01483665268 0.006037454115 0.00662488847 nan nan
346 141732 56 56 0 -0.1534365504 0.003415787631 -0.1585012149 -0.1482647978 0.01023641705 -0.1593467851 -0.1474119829 0.01193480218 0.04241462322 0.005615339672 0.006135670409 nan nan
347 143454 199 199 0 -0.113463005 0.002969624857 -0.1176804492 -0.1085456316 0.009134817633 -0.1180887634 -0.107413444 0.0106753194 0.1192902308 0.004911209899 0.005703038758 nan nan
348 146472 204 204 0 -0.1463165387 0.00700859294 -0.1579836755 -0.1361497472 0.02183392837 -0.1598499702 -0.1349961588 0.02485381137 -0.1015063035 0.01155636344 0.01308370533 nan nan
349 147951 407 407 0 -0.1419249417 0.003429934521 -0.147270087 -0.1366771538 0.01059293322 -0.1482661215 -0.1351934495 0.013072672 -0.007944541981 0.005739586183 0.006971944632 nan nan
350 147290 84 84 0 -0.08860252894 0.001781419563 -0.09156262365 -0.08586037967 0.005702243982 -0.09258662577 -0.08522247539 0.007364150372 -0.1382921375 0.003180581936 0.003962572655 nan nan
351 146101 112 112 0 -0.09240701838 0.001267489295 -0.09431018017 -0.09030658274 0.004003597429 -0.09523331258 -0.0898512801 0.005382032479 0.03129961122 0.002503729133 0.003426861542 nan nan
352 144922 116 116 0 -0.09795267082 0.002124029701 -0.1010842102 -0.09412682302 0.006957387153 -0.1021923781 -0.09263984336 0.009552534712 0.2384844623 0.004024076278 0.004893018599 nan nan
353 148804 243 243 0 -0.1144872667 0.004576263822 -0.1219943515 -0.1075249791 0.01446937237 -0.1231166262 -0.1054962983 0.01762032784 -0.03620398045 0.008014731934 0.008856417084 nan nan
354 146416 172 172 0 -0.1064048784 0.00322229423 -0.1114976248 -0.1010340185 0.01046360634 -0.1130514243 -0.09920328955 0.01384813478 0.05886671792 0.005921858826 0.007164876384 nan nan
355 149067 59 59 0 -0.08247240469 0.00207241727 -0.08575552121 -0.07934747884 0.006408042365 -0.08614625129 -0.07895771413 0.007188537164 -0.006264659348 0.003691081214 0.004080845924 nan nan
356 149070 74 74 0 -0.08568596213 0.002158262509 -0.0890931594 -0.0824541596 0.006638999796 -0.09000248149 -0.08194807638 0.008054405106 -0.06904961639 0.003737207684 0.004126937713 nan nan
357 148363 60 60 0 -0.2011552259 0.002570891375 -0.205371421 -0.1973208276 0.008050593364 -0.2061980119 -0.1968629547 0.009335057232 -0.09390276844 0.00435435312 0.004984391235 nan nan
358 149113 136 136 0 -0.1236862992 0.003006578552 -0.128119657 -0.1188162469 0.009303410146 -0.128506632 -0.1184061138 0.01010051818 0.1025240089 0.004836532092 0.005197113517 nan nan
359 155018 417 417 0 -0.1396800272 0.008147781495 -0.1524126963 -0.1270127953 0.02539990103 -0.1548376783 -0.1244334458 0.03040423247 0.01432245974 0.013547867 0.01556078769 nan nan
360 149179 55 55 0 -0.1649123995 0.003232376007 -0.1700028278 -0.1599872386 0.01001558924 -0.170474252 -0.1595713328 0.01090291914 -0.02093626492 0.005587698386 0.006003604145 nan nan
361 150562 184 184 0 -0.09786668119 0.002171244564 -0.1013016099 -0.09463491734 0.006666692602 -0.1027242868 -0.09399954908 0.008724737727 -0.07607428104 0.003664437639 0.005058668483 nan nan
362 149387 114 114 0 -0.104548733 0.002369262601 -0.1084982798 -0.1008642897 0.007633990156 -0.1095735857 -0.1000142756 0.009559310129 -0.06490274201 0.00434824961 0.005067235302 nan nan
363 151230 92 92 0 -0.1570156858 0.004491786374 -0.1637048548 -0.1498905785 0.01381427628 -0.1647380932 -0.1489696144 0.01576847885 0.06023521039 0.007415471438 0.008171576756 nan nan
364 151767 121 121 0 -0.122887527 0.00273944741 -0.1272878617 -0.1187290304 0.008558831273 -0.1277210332 -0.1182901169 0.009430916254 0.01229810919 0.004494575398 0.004881699791 nan nan
365 155628 496 496 0 -0.1553572944 0.005092127426 -0.1648417049 -0.1486111201 0.01623058485 -0.1659305861 -0.1475430748 0.01838751131 -0.301870388 0.009199335431 0.01028821656 nan nan
366 153030 50 50 0 -0.1774386728 0.003902326571 -0.1830265134 -0.1710647439 0.01196176953 -0.1837835532 -0.1702681456 0.01351540758 0.07657121421 0.006456017231 0.00713845047 nan nan
367 157373 451 451 0 -0.1508542642 0.006970392978 -0.1612793099 -0.1394290819 0.02185022803 -0.1633625157 -0.1376170801 0.02574543551 0.0652742248 0.01176535604 0.01318850758 nan nan
368 155082 53 53 0 -0.1768969028 0.004290773997 -0.1839203842 -0.1708381202 0.01308226404 -0.1846466941 -0.1691356444 0.01551104965 -0.04436113088 0.00700951449 0.008711990206 nan nan
369 154665 57 57 0 -0.08915999529 0.002081736061 -0.09253897351 -0.0863483764 0.006190597107 -0.09328352129 -0.08564478163 0.007638739665 -0.1414733116 0.003376750981 0.003911669707 nan nan
370 155284 230 230 0 -0.1196218879 0.005196895172 -0.1285708901 -0.1120539915 0.01651689861 -0.1315207487 -0.110037409 0.02148333964 -0.1591028407 0.009286369395 0.01210977834 nan nan
371 153800 92 92 0 -0.1031673881 0.001079122517 -0.1048714419 -0.101473632 0.003397809911 -0.1058128589 -0.1011699798 0.004642879178 -0.1184370928 0.00200753767 0.002948954658 nan nan
372 155671 52 52 0 -0.1787657105 0.003669449722 -0.184046994 -0.1730383298 0.01100866422 -0.184830847 -0.1720170955 0.01281375153 0.1162868746 0.006451640163 0.007472874497 nan nan
373 155862 201 201 0 -0.1143548628 0.003845042023 -0.120392469 -0.1083384606 0.01205400839 -0.1214607052 -0.1066946736 0.01476603166 -0.003448809054 0.006579976843 0.007660189251 nan nan
374 157353 345 345 0 -0.1379513905 0.005001038142 -0.1450417974 -0.1295978849 0.01544391248 -0.1464611247 -0.1284727696 0.01798835511 0.1153433279 0.00832530914 0.00922406405 nan nan
375 155412 52 52 0 -0.1949348843 0.001183866844 -0.1966860663 -0.1930189228 0.003667143477 -0.1969135481 -0.1924890091 0.004424538973 0.1444848725 0.002136575626 0.002666489338 nan nan
376 157023 98 98 0 -0.1065059303 0.001079080188 -0.1081374607 -0.1047427106 0.003394750064 -0.1086854156 -0.1044132211 0.004272194529 0.03421872468 0.001931026426 0.002478981372 nan nan
377 156665 55 55 0 -0.2274354704 0.001234455515 -0.2292628014 -0.2254856093 0.00377719207 -0.2294794186 -0.2252640689 0.004215349681 0.04858215033 0.002025912809 0.002247453249 nan nan
378 160543 182 182 0 -0.1330727896 0.004864487818 -0.1400076904 -0.1245681542 0.01543953626 -0.1421357787 -0.1234509682 0.01868481051 0.1355338737 0.008499884199 0.009773292405 nan nan
379 158469 80 80 0 -0.09740430371 0.002271629465 -0.1008448834 -0.09394406265 0.006900820764 -0.1014048757 -0.09338514009 0.008019735631 0.003763646756 0.003757267076 0.004316189642 nan nan
380 162289 359 359 0 -0.1397430629 0.005914049196 -0.1474936152 -0.129150656 0.01834295924 -0.1491298609 -0.1276290303 0.02150083061 0.2554456528 0.009895565328 0.01136899711 nan nan
381 160886 323 323 0 -0.1676448111 0.003805744995 -0.172099849 -0.1599445378 0.01215531122 -0.1735339258 -0.1589244941 0.01460943165 0.472508641 0.007062672204 0.008082715805 nan nan
382 158191 103 103 0 -0.1100671694 0.001145424357 -0.1119468443 -0.1082820403 0.003664803984 -0.1126689818 -0.1078863754 0.004782606382 -0.07716873939 0.002390789989 0.003112927513 nan nan
383 158857 73 73 0 -0.1686866962 0.002824203527 -0.1729752358 -0.1644418291 0.00853340672 -0.173578739 -0.1636887325 0.009890006421 0.006723768037 0.00460919448 0.004997963665 nan nan
384 160213 66 66 0 -0.09725116027 0.001930517972 -0.10035694 -0.09434371611 0.006013223865 -0.1011922755 -0.09407330146 0.007118974004 -0.1022683298 0.003298951742 0.004134287223 nan nan
385 161388 112 112 0 -0.1139231409 0.001322259361 -0.1159303614 -0.1118459704 0.004084391056 -0.116757132 -0.1114704935 0.005286638499 -0.03018074473 0.002223970785 0.002999291198 nan nan
386 160244 73 73 0 -0.124639781 0.001951005741 -0.127780575 -0.1218050116 0.005975563429 -0.1287014624 -0.1212272758 0.007474186618 -0.09704404062 0.003313584449 0.003752812844 nan nan
387 163792 55 55 0 -0.177420521 0.003482243525 -0.1826105879 -0.1717793959 0.01083119202 -0.1834378638 -0.1706797253 0.0127581385 0.1396859725 0.006173697152 0.007273367706 nan nan
388 163416 115 115 0 -0.118295685 0.001283101342 -0.1202283611 -0.1162680029 0.003960358191 -0.1207857147 -0.1159029667 0.004882748019 0.03507520466 0.002134416062 0.002618248525 nan nan
389 166897 372 372 0 -0.1539418949 0.004701335606 -0.1613632365 -0.1464155867 0.01494764985 -0.1636428651 -0.1449831988 0.01865966632 -0.01912291317 0.008265908388 0.009330525388 nan nan
390 165416 118 118 0 -0.1107518775 0.002478971896 -0.1148402935 -0.1069565471 0.007883746337 -0.1161711963 -0.1058237234 0.01034747293 -0.06724330637 0.004365376704 0.0053095956 nan nan
391 167159 185 185 0 -0.1404593678 0.005355379548 -0.1458417215 -0.1291924369 0.01664928459 -0.1475779168 -0.1277115863 0.01986633047 0.5914034644 0.00993934519 0.01142019577 nan nan
392 165194 220 220 0 -0.1602689092 0.003561485166 -0.1655404647 -0.1543816289 0.0111588358 -0.1671664129 -0.1526695837 0.01449682916 0.09249256949 0.006231500654 0.00733469291 nan nan
393 164102 51 51 0 -0.1911705053 0.003204844993 -0.1958009753 -0.1860232904 0.009777684902 -0.1961451056 -0.1852596914 0.01088541418 0.09298684469 0.006420397587 0.006764527834 nan nan
394 163422 139 139 0 -0.1235666208 0.001641535564 -0.1258454871 -0.1207474432 0.005098043962 -0.1262130154 -0.1202734023 0.005939613158 0.1896558518 0.002711416693 0.003015992946 nan nan
395 166292 170 170 0 -0.1288082853 0.001590835307 -0.1314462885 -0.1263517089 0.005094579609 -0.1319962753 -0.1259733212 0.006022954156 -0.08468572156 0.002812426667 0.003362413504 nan nan
396 167769 244 244 0 -0.1680478313 0.00231152114 -0.171204404 -0.1637935018 0.007410902232 -0.1715980471 -0.1621873981 0.009410648937 0.3396790788 0.00404682989 0.005652933563 nan nan
397 165693 66 66 0 -0.1036613378 0.001928952634 -0.1066052768 -0.1005729972 0.00603227962 -0.1070046941 -0.09973355251 0.007271141626 0.07602406707 0.003338866345 0.003737336285 nan nan
398 169702 428 428 0 -0.1363864612 0.003134742004 -0.1413447593 -0.1315849687 0.009759790561 -0.1425424042 -0.1294350269 0.0131073773 -0.009240718444 0.005487644714 0.007534449845 nan nan
399 171413 186 186 0 -0.1560580412 0.004143571469 -0.1613736344 -0.1481978878 0.01317574651 -0.1630077361 -0.146454361 0.01655337512 0.3691782286 0.007525350222 0.009268877102 nan nan
400 170610 444 444 0 -0.1794127136 0.003112248081 -0.1834952198 -0.1736478834 0.009847336351 -0.1849417473 -0.1721962326 0.01274551472 0.268688351 0.005509620045 0.006787178815 nan nan
401 168550 110 110 0 -0.1179247388 0.002142602959 -0.1210670905 -0.1143727582 0.006694332312 -0.1215350713 -0.1130496358 0.008485435503 0.1734035866 0.003593151925 0.0047556905 nan nan
402 172824 420 420 0 -0.1655950252 0.004101327405 -0.1713056345 -0.1579417545 0.01336387996 -0.173155665 -0.1551781464 0.01797751857 0.3060292432 0.007379410864 0.009988232727 nan nan
403 168840 79 79 0 -0.1232753651 0.001571721704 -0.1260059033 -0.121031394 0.004974509324 -0.1268340869 -0.1204186003 0.006415486651 -0.1980900887 0.002832098549 0.003315647295 nan nan
404 170240 95 95 0 -0.1156111439 0.003677144015 -0.1205262955 -0.1090957906 0.01143050493 -0.12120036 -0.1080039124 0.01319644763 0.1970422989 0.00633183757 0.007423715719 nan nan
405 171408 196 196 0 -0.1519587705 0.00280966266 -0.1573704612 -0.1484300021 0.008940459108 -0.159352659 -0.1471587632 0.01219389586 -0.4167658236 0.005092203291 0.007046202441 nan nan
406 172002 261 261 0 -0.1749020735 0.002555776803 -0.1799705864 -0.1719182637 0.008052322639 -0.1817438735 -0.171532801 0.01021107249 -0.5093394452 0.004440250514 0.006213537611 nan nan
407 171464 129 129 0 -0.1850500856 0.004539543493 -0.1928648172 -0.1795211414 0.01334367585 -0.19346943 -0.1784158186 0.01505361138 -0.2300894943 0.00723474763 0.007727438358 nan nan
408 171959 94 94 0 -0.148327146 0.002438141112 -0.1515971614 -0.1435345549 0.008062606513 -0.1525066284 -0.1424886443 0.01001798408 0.3417532912 0.004503064179 0.005548974763 nan nan
409 175375 52 52 0 -0.1990174703 0.003467682019 -0.2043269814 -0.1938839699 0.01044301151 -0.2048336481 -0.1932364335 0.01159721464 0.017156114 0.006170579782 0.006818116154 nan nan
410 172474 52 52 0 -0.1087839699 0.003176648851 -0.1138688283 -0.104262172 0.00960665634 -0.1148244325 -0.1032758614 0.01154857107 -0.08979617836 0.005410422437 0.006396732965 nan nan
411 172756 62 62 0 -0.1118659066 0.003637880903 -0.1175284597 -0.1064883871 0.0110400726 -0.118504949 -0.1057067075 0.01279824155 -0.03220784968 0.005951417838 0.006449810365 nan nan
412 175360 52 52 0 -0.1936320638 0.003884909999 -0.1986695828 -0.1868667104 0.01180287235 -0.1991691832 -0.1860980714 0.01307111176 0.2048973796 0.006231322222 0.006810736296 nan nan
413 172760 58 58 0 -0.1166216119 0.002341370785 -0.1197438644 -0.1121278875 0.00761597691 -0.1206534928 -0.1110444043 0.009609088495 0.393756245 0.004208814119 0.00491251966 nan nan
414 173885 192 192 0 -0.1279735805 0.002984520956 -0.1326121498 -0.1224594553 0.01015269446 -0.1354593499 -0.1214758776 0.01398347235 0.1026963425 0.006128620894 0.007081285142 nan nan
415 177199 423 423 0 -0.1470084634 0.003153718473 -0.1519505284 -0.142056736 0.009893792371 -0.1528484963 -0.1404074838 0.01244101256 0.01976625869 0.005872265688 0.007521517926 nan nan
416 176447 246 246 0 -0.1892581186 0.002980909763 -0.1932505395 -0.1835952978 0.009655241692 -0.1938685123 -0.1828250947 0.01104341767 0.3166738338 0.005446716179 0.006216919349 nan nan
417 177568 71 71 0 -0.2028137865 0.002930139299 -0.2067646498 -0.1980207933 0.008743856587 -0.2073396481 -0.1970745265 0.01026512164 0.1679383731 0.005168472035 0.006114738841 nan nan
418 174614 50 50 0 -0.2254325401 0.001042033147 -0.226922004 -0.2237388864 0.003183117642 -0.2271025863 -0.2234417156 0.00366087071 0.1384851785 0.001748239895 0.002045410715 nan nan
419 179406 409 409 0 -0.1752209339 0.00315719577 -0.1801252275 -0.1698337822 0.01029144533 -0.1810110769 -0.1678140632 0.01319701372 0.11313446 0.005706661578 0.007406870683 nan nan
420 174982 54 54 0 -0.1239605655 0.002242501817 -0.1282513552 -0.1213933921 0.006857963052 -0.1300885431 -0.1210230501 0.009065493023 -0.5528527162 0.003738430541 0.00557561847 nan nan
421 182350 587 587 0 -0.1821371717 0.003235910641 -0.1859854604 -0.1753581225 0.01062733785 -0.1867947056 -0.1718475851 0.0149471205 0.6638307831 0.006694010116 0.01020454753 nan nan
422 176167 135 135 0 -0.1857004103 0.00140284742 -0.1879913343 -0.1835862767 0.004405057615 -0.1883400086 -0.1830588093 0.005281199324 -0.04143633809 0.002444388574 0.002728168309 nan nan
423 176090 102 102 0 -0.13483457 0.002133374027 -0.1381918331 -0.1313187701 0.006873062989 -0.1392485968 -0.1303269335 0.008921663353 0.02584135185 0.003886147457 0.004588829643 nan nan
424 178568 197 197 0 -0.1582413718 0.00261764455 -0.1621138738 -0.1535741944 0.008539679388 -0.1627883047 -0.1518611146 0.01092719011 0.2039810126 0.004667177401 0.006380257238 nan nan
425 181270 291 291 0 -0.1703571404 0.003169620104 -0.173763567 -0.1636572314 0.01010633553 -0.1743390097 -0.1613722612 0.01296674851 0.6352899186 0.006384427958 0.008669398218 nan nan
426 177717 87 87 0 -0.1256075203 0.003171706255 -0.1305957007 -0.1205091228 0.01008657789 -0.1320704278 -0.1196802362 0.01239019167 -0.02019274899 0.005833014605 0.006652273583 nan nan
427 177980 50 50 0 -0.1187139604 0.00295569287 -0.1241969706 -0.1147443726 0.009452597965 -0.1250810301 -0.1138274437 0.01125358638 -0.2518986248 0.005271708062 0.005931571305 nan nan
428 180183 138 138 0 -0.1555936111 0.002121461346 -0.1589610125 -0.1527184816 0.006242530963 -0.1593840786 -0.1517565311 0.007627547514 -0.0486606097 0.003336231961 0.004251118504 nan nan
429 180996 251 251 0 -0.1648879671 0.002205472397 -0.1686933197 -0.1613549267 0.007338393076 -0.1696153513 -0.1600259023 0.009589448959 -0.06757316904 0.004082486673 0.005181486807 nan nan
430 180156 133 133 0 -0.134866877 0.00309906568 -0.139931094 -0.1296794174 0.01025167662 -0.1415697942 -0.1279567393 0.01361305494 0.02152587255 0.005736807591 0.00691013773 nan nan
431 180831 56 56 0 -0.2167594398 0.0005272428266 -0.2175516951 -0.2159058641 0.001645830983 -0.2176885694 -0.2156562105 0.002032358913 0.05882896881 0.00106197304 0.001311626612 nan nan
432 182115 80 80 0 -0.1973948546 0.0021575286 -0.2004137897 -0.1938125231 0.006601266622 -0.2010006842 -0.1934494634 0.007551220758 0.1203846333 0.003555005651 0.003918907028 nan nan
433 181764 198 198 0 -0.1431625532 0.003635636913 -0.1495032246 -0.1376828088 0.01182041574 -0.1516929184 -0.1358120395 0.01588087894 -0.1606379187 0.006658509019 0.008072883928 nan nan
434 184724 304 304 0 -0.1879325225 0.001299656531 -0.1900655601 -0.1857387363 0.004326823767 -0.1904598044 -0.1847860592 0.005673745239 0.099887839 0.002408877872 0.003248148804 nan nan
435 187065 189 189 0 -0.1988812762 0.002236677937 -0.2011610811 -0.1943553273 0.00680575377 -0.201427371 -0.1936823799 0.00774499112 0.4967816637 0.004525948834 0.005198896268 nan nan
436 188067 561 561 0 -0.1929445677 0.002130747259 -0.1964664998 -0.1895313024 0.006935197346 -0.19742828 -0.1878130045 0.009615275586 -0.01021848478 0.003898507772 0.005521611907 nan nan
437 189830 342 342 0 -0.1976996734 0.001640529994 -0.1997927676 -0.1945542053 0.005238562299 -0.2001506767 -0.1939637534 0.006186923246 0.3470174357 0.003300696491 0.003891148344 nan nan
438 183098 71 71 0 -0.153565088 0.001483780489 -0.1557971955 -0.1509665356 0.004830659884 -0.1561590761 -0.1500339789 0.006125097173 0.2090235204 0.002846857675 0.00377941435 nan nan
439 184903 54 54 0 -0.1321548981 0.003440489092 -0.1373084735 -0.1265141039 0.01079436954 -0.1394375603 -0.1242482467 0.01518931365 0.1416354749 0.006599550297 0.008093722143 nan nan
440 184387 57 57 0 -0.1362710383 0.003162557428 -0.140817325 -0.1308718097 0.009945515349 -0.1422794403 -0.1293175531 0.01296188722 0.1867665448 0.005633647084 0.006764393008 nan nan
441 184939 102 102 0 -0.1600849634 0.001465959052 -0.1622232652 -0.1574029826 0.004820282545 -0.1626537127 -0.155919743 0.006733969652 0.3724583396 0.003037275829 0.004520515422 nan nan
442 196566 50 50 0 -0.2077307892 0.001522750094 -0.2087163962 -0.2044068406 0.004309555652 -0.2087967812 -0.2030448665 0.005751914728 1.034183492 0.004194443082 0.005556417185 nan nan
443 189602 50 50 0 -0.2082387916 0.001316263002 -0.2091459755 -0.2053062772 0.003839698319 -0.2092352644 -0.204918519 0.004316745443 0.7356639798 0.002903056967 0.003290815235 nan nan
444 185571 51 51 0 -0.2194892808 0.0004469153688 -0.2201995147 -0.2188407263 0.001358788383 -0.2203226478 -0.2186921564 0.001630491417 -0.04392125117 0.0007651869347 0.0008333669543 nan nan
445 189295 257 257 0 -0.1770473037 0.001762324014 -0.1800522515 -0.1744365726 0.005615678942 -0.1809463672 -0.1738631562 0.007083211014 -0.1593831469 0.003224746341 0.003752271113 nan nan
446 191075 73 73 0 -0.202116148 0.001137984416 -0.2028375969 -0.1992175935 0.003620003395 -0.2029237613 -0.198473922 0.004449839304 1.170078164 0.00298018822 0.003723859682 nan nan
447 189855 56 56 0 -0.2101741228 0.001073200985 -0.2107692046 -0.2074842416 0.003284962959 -0.2108779925 -0.2071580085 0.003719984045 0.9537670248 0.002343872083 0.002670105198 nan nan
448 191827 62 62 0 -0.2092099132 0.0009414295137 -0.2100144778 -0.2071381453 0.002876332458 -0.2101300546 -0.2065247327 0.003605321805 0.8683674765 0.002466865163 0.00308027771 nan nan
449 187258 117 117 0 -0.1632227639 0.001713576047 -0.1656446763 -0.1600301076 0.005614568675 -0.1662768401 -0.1589078789 0.007368961153 0.3165619385 0.003267248471 0.004389477169 nan nan
450 188633 51 51 0 -0.2214940631 0.0004376732989 -0.2220925312 -0.2206946581 0.001397873118 -0.2222126291 -0.2205723903 0.001640238751 0.2633084261 0.0009355296459 0.00105779738 nan nan
451 186222 117 117 0 -0.1525719484 0.003110232965 -0.1572745208 -0.1471376819 0.01013683889 -0.1585889786 -0.1457283314 0.01286064716 0.1584480105 0.005833410223 0.006730051137 nan nan
452 189839 53 53 0 -0.2026035939 0.001035913727 -0.2033306751 -0.2001624044 0.003168270742 -0.2033999325 -0.1995772353 0.003822697284 0.906212966 0.002175543245 0.002760712359 nan nan
453 191830 77 77 0 -0.2106004348 0.0009487329387 -0.2114231276 -0.2085412792 0.002881848363 -0.2115470803 -0.2082073852 0.00333969513 0.6482469277 0.002423067512 0.002756961531 nan nan
454 187683 56 56 0 -0.2422439903 0.0005169532326 -0.2431575164 -0.2415550663 0.001602450146 -0.2432656025 -0.2414837109 0.001781891626 -0.242787093 0.0008629700563 0.0009710561243 nan nan
455 186729 65 65 0 -0.1471078854 0.002425524475 -0.151696081 -0.1441576386 0.007538442355 -0.1528672201 -0.1431252652 0.009741954852 -0.3766645333 0.004405272281 0.005278549465 nan nan
456 187011 75 75 0 -0.1676164565 0.001004973309 -0.169298684 -0.1661078279 0.003190856086 -0.1695521856 -0.1656932828 0.003858902798 -0.02873970971 0.00173827711 0.002094717891 nan nan
457 187990 64 64 0 -0.1414604482 0.002987369717 -0.1459196167 -0.1364242671 0.009495349633 -0.1469330188 -0.1347852815 0.01214773727 0.1508248825 0.005331916531 0.00694161526 nan nan
458 189387 52 52 0 -0.2227529565 0.0003849921311 -0.2233120353 -0.2220629942 0.001249041061 -0.2233990052 -0.221839998 0.001559007276 0.3283279831 0.0006803714889 0.0009033677587 nan nan
459 189783 146 146 0 -0.1704584142 0.001654946665 -0.1729068679 -0.1674266514 0.005480216484 -0.1735617976 -0.1660216897 0.007540107875 0.3495299909 0.003080653589 0.004471103408 nan nan
460 188251 67 67 0 -0.1487579334 0.003254776431 -0.15288319 -0.1427171154 0.01016607459 -0.1538915852 -0.1417645246 0.01212706067 0.3003812426 0.006040817948 0.006993408804 nan nan
461 189266 101 101 0 -0.1576424149 0.002535637455 -0.1617478694 -0.1535155607 0.008232308735 -0.1627838426 -0.1524126916 0.010371151 -0.007498603597 0.004623908338 0.005435827605 nan nan
462 192539 60 60 0 -0.2016500953 0.0004405717583 -0.2021444019 -0.2007676143 0.001376787615 -0.2021941995 -0.2002396463 0.001954553205 0.8869377369 0.001037697724 0.001565665716 nan nan
463 194466 57 57 0 -0.2078534838 0.000525215068 -0.2083317645 -0.2067044916 0.001627272817 -0.208443773 -0.2060053729 0.002438400078 1.155832764 0.001522835517 0.002221954212 nan nan
464 190255 58 58 0 -0.1530329246 0.002479713487 -0.1568955217 -0.1488545182 0.008041003523 -0.1579247853 -0.1477818447 0.01014294055 0.07348714625 0.004570889791 0.005177478708 nan nan
465 192262 205 205 0 -0.1827262884 0.001793240504 -0.1855584909 -0.1797090973 0.005849393548 -0.1862387169 -0.178141892 0.008096824943 0.1526395193 0.003293905811 0.004801405597 nan nan
466 191270 77 77 0 -0.1737769933 0.001399430362 -0.1759627078 -0.1713727444 0.004589963314 -0.1765888363 -0.1704394142 0.006149422057 0.1405912235 0.002639804275 0.003179727275 nan nan
467 196418 71 71 0 -0.240823396 0.0003100982259 -0.2411493309 -0.2401349372 0.001014393711 -0.2412344649 -0.2398163516 0.001418113221 1.037857711 0.0008428417854 0.001161427314 nan nan
468 191010 60 60 0 -0.1636623362 0.002153133299 -0.1666473246 -0.1597263753 0.006920949353 -0.167248223 -0.158679195 0.008569027982 0.3114650737 0.003987623286 0.005034803548 nan nan
469 198513 53 53 0 -0.2578551642 0.0009358280237 -0.2585939557 -0.2558598289 0.002734126813 -0.2586308475 -0.2553727252 0.003258122316 0.7660360438 0.001773013193 0.002260116913 nan nan
470 191985 57 57 0 -0.1593078054 0.002555035318 -0.1634509884 -0.1552785197 0.00817246867 -0.164422794 -0.1537651477 0.01065764629 0.00310292408 0.004649132917 0.006041783536 nan nan
471 194660 199 199 0 -0.186503533 0.001852790706 -0.1890960371 -0.1830787128 0.006017324299 -0.1899133013 -0.1812817269 0.008631574428 0.3628185538 0.003494365855 0.005084031557 nan nan
472 194555 50 50 0 -0.2425088107 0.0003399988756 -0.2429745313 -0.2419327966 0.001041734618 -0.243018908 -0.2418283894 0.001190518536 0.1440815208 0.000602396687 0.0007068038934 nan nan
473 192238 54 54 0 -0.1672275536 0.001587527988 -0.1696137109 -0.1644254516 0.005188259214 -0.1701393568 -0.1635025773 0.006636779544 0.2531641017 0.002948800888 0.003871675243 nan nan
474 192946 52 52 0 -0.154712861 0.0030585651 -0.159453043 -0.1498921834 0.009560859572 -0.1607734318 -0.1485619893 0.01221144256 0.02878044407 0.005491844811 0.006308552172 nan nan
475 192952 74 74 0 -0.160380573 0.003681339538 -0.1653759049 -0.1534934305 0.01188247441 -0.1667697625 -0.152164007 0.0146057555 0.279772646 0.006536206943 0.00737382956 nan nan
476 195837 172 172 0 -0.1901136688 0.001709619624 -0.1926673002 -0.1870068451 0.005660455113 -0.193229655 -0.1854946728 0.007734982238 0.294626251 0.003152988476 0.004581156379 nan nan
477 193922 82 82 0 -0.1689770627 0.002140633929 -0.1720082181 -0.1651041644 0.006904053691 -0.1730569764 -0.163759134 0.009297842379 0.295809222 0.00398311709 0.005023709089 nan nan
478 194170 92 92 0 -0.1743461651 0.002298700935 -0.1782244773 -0.1707742331 0.007450244229 -0.1792236638 -0.1695711805 0.009652483283 -0.04337040355 0.004153018959 0.004958104734 nan nan
479 195326 55 55 0 -0.1612403838 0.003124522512 -0.1658281168 -0.1559798271 0.009848289716 -0.1667677991 -0.1545270772 0.01224072187 0.1380313408 0.005516547196 0.006561221804 nan nan
480 198461 50 50 0 -0.2414425816 0.000167790392 -0.2416992636 -0.2411398042 0.0005594593506 -0.2417648495 -0.2410525674 0.000712282086 0.1452246786 0.0003812428408 0.0004684796621 nan nan
481 195098 62 62 0 -0.1652060481 0.002923871633 -0.1694544226 -0.1603364187 0.009118003912 -0.1704573357 -0.1587849335 0.01167240214 0.1432462813 0.005173243209 0.006487480521 nan nan
482 195348 65 65 0 -0.1764278772 0.001971800005 -0.1792358562 -0.1729828227 0.006253033471 -0.1799851473 -0.1715530303 0.008432117033 0.2946611914 0.003658828023 0.005088620437 nan nan
483 202149 174 174 0 -0.2437535941 0.0004894213242 -0.2444105458 -0.2427319082 0.001678637502 -0.2446357938 -0.2422415062 0.002394287529 0.6630638297 0.001216323776 0.001706725795 nan nan
484 195821 65 65 0 -0.1801495492 0.001615574286 -0.1826064397 -0.1774385812 0.005167858498 -0.183318649 -0.1764772083 0.0068414407 0.1416423771 0.002995042365 0.003956415248 nan nan
485 197171 62 62 0 -0.160180984 0.002889550427 -0.1646768238 -0.1554181207 0.009258703142 -0.1657387476 -0.1539658936 0.01177285398 0.07951437227 0.005301308932 0.006456807674 nan nan
486 198568 283 283 0 -0.1922907458 0.002889173881 -0.1961568176 -0.1865950911 0.009561726493 -0.1972608224 -0.1851572944 0.01210352807 0.4033974496 0.005569547801 0.007007344523 nan nan
487 196734 72 72 0 -0.1739323022 0.002598356326 -0.177944049 -0.1698007971 0.008143251958 -0.1789281261 -0.1682136999 0.01071442618 0.07101681483 0.00466436843 0.005482884492 nan nan
488 199025 60 60 0 -0.1994655144 0.001592884827 -0.2009359171 -0.1958729642 0.005062952863 -0.2011919059 -0.1952606159 0.005931290042 0.7766918992 0.003448745627 0.004061093954 nan nan
489 202361 116 116 0 -0.2452309477 0.0002477405684 -0.2456196932 -0.2447925586 0.0008271345663 -0.2456934576 -0.2446573862 0.001036071483 0.1788261419 0.0006306975187 0.0007658699647 nan nan
490 197405 62 62 0 -0.1655274746 0.003018866189 -0.1701184027 -0.1603185843 0.009799818379 -0.1715554668 -0.1589042936 0.0126511732 0.09233318981 0.005531005793 0.006399968322 nan nan
491 197412 60 60 0 -0.1700395336 0.002763835355 -0.1741809361 -0.165577092 0.008603844131 -0.1758106563 -0.1641120343 0.01169862203 0.04207021953 0.005247387757 0.006283297724 nan nan
492 198798 65 65 0 -0.1963560205 0.001221582062 -0.1979785586 -0.1942349708 0.003743587825 -0.1983117011 -0.1937036713 0.004608029791 0.2457543857 0.002121049693 0.002652349225 nan nan
493 197879 85 85 0 -0.180218757 0.002122225946 -0.1835420154 -0.1768021562 0.006739859209 -0.1845461671 -0.176095377 0.008450790118 0.0004135127387 0.003831518129 0.004324029272 nan nan
494 206923 205 205 0 -0.244178321 0.0008964972659 -0.2449588526 -0.2421650386 0.00279381403 -0.245082971 -0.2416977113 0.003385259705 0.7193801106 0.001834920629 0.002302247868 nan nan
495 198997 105 105 0 -0.1833582765 0.002566059765 -0.1870931419 -0.1790339197 0.008059222186 -0.1880671836 -0.178175822 0.009891361529 0.1055953055 0.004496164071 0.004983944791 nan nan
496 202580 50 50 0 -0.2486764274 0.0002367806795 -0.2489144418 -0.2481415544 0.0007728874581 -0.2489534879 -0.2480044355 0.0009490524878 0.8249511373 0.0005758057613 0.0007129246626 nan nan
497 202788 55 55 0 -0.2490902544 0.0002409682024 -0.2493315459 -0.2485832293 0.0007483165626 -0.2493832008 -0.2484069251 0.0009762757053 0.6392997937 0.0006253671671 0.0008016713916 nan nan
498 207684 83 83 0 -0.2479132773 0.0004120282079 -0.2482681037 -0.2469279503 0.001340153406 -0.248334502 -0.2466252882 0.001709213821 0.9798180863 0.001057191357 0.0013598535 nan nan
499 203803 129 129 0 -0.2459137968 0.0002993733937 -0.2463566777 -0.2453741739 0.0009825038598 -0.2464534322 -0.2450675936 0.001385838634 0.3787743445 0.0007633502854 0.001069930575 nan nan
500 199856 71 71 0 -0.1685220828 0.002725152433 -0.1720729738 -0.1634384579 0.008634515949 -0.1727134229 -0.1619224945 0.01079092837 0.3265789674 0.005083624935 0.006599588308 nan nan
501 199426 63 63 0 -0.1750249621 0.001634114709 -0.1776657705 -0.1725624011 0.005103369438 -0.1785121152 -0.1718436886 0.006668426686 -0.09150211773 0.002937552861 0.003437135868 nan nan
502 203815 54 54 0 -0.2497688286 0.0002711417951 -0.2501538106 -0.2492537516 0.0009000590064 -0.250230757 -0.2489330143 0.001297742755 0.7445111293 0.0005880154443 0.0009087527823 nan nan
503 203992 55 55 0 -0.2421016505 0.0004225522676 -0.2427427021 -0.2414349509 0.001307751233 -0.2428115959 -0.2412547162 0.001556879764 0.08590740229 0.0007050728184 0.0008469343567 nan nan
504 200743 56 56 0 -0.1830460895 0.001698587453 -0.1852850553 -0.1800908492 0.005194206046 -0.1858020415 -0.1795674068 0.00623463477 0.1953552141 0.002826253747 0.003158286842 nan nan
505 200948 64 64 0 -0.1758710754 0.002068114225 -0.1789263428 -0.1726099291 0.00631641371 -0.1793403514 -0.1714131516 0.0079271998 0.1336165177 0.003508610127 0.00424811613 nan nan
506 203805 57 57 0 -0.2466445807 0.0001636901966 -0.2469071672 -0.246376422 0.0005307452048 -0.2469605152 -0.246288318 0.0006721972202 0.03735141903 0.0003915782556 0.0004796822274 nan nan
507 202015 53 53 0 -0.1828966018 0.001723005227 -0.1853873197 -0.1801128507 0.005274469027 -0.1857116543 -0.1793671151 0.006344539152 0.1195756031 0.002947867826 0.003693603418 nan nan
508 206171 67 67 0 -0.2470868124 0.000269010299 -0.2474136007 -0.2465773258 0.0008362749639 -0.2474628622 -0.2462785724 0.001184289772 0.7065496096 0.0005606196917 0.0008593730348 nan nan
509 205964 67 67 0 -0.242493658 0.0005766990185 -0.243139873 -0.2412696122 0.001870260882 -0.2433025423 -0.2407542135 0.002548328749 0.8313548657 0.001102977234 0.001618375872 nan nan
510 209125 115 115 0 -0.240786685 0.001133566576 -0.2423774877 -0.2388900618 0.00348742585 -0.2428058061 -0.2382410171 0.004564789016 0.1681490204 0.002000810094 0.002576107514 nan nan
511 210724 57 57 0 -0.2363454966 0.001075161105 -0.2380282881 -0.2346063533 0.003421934797 -0.2385090958 -0.2342561894 0.004252906419 -0.10376424 0.001921429539 0.002153249501 nan nan
512 212535 122 122 0 -0.2382548768 0.001105951022 -0.2399035347 -0.2365298052 0.003373729492 -0.2404118806 -0.2359556012 0.004456279471 0.03677407974 0.001904142126 0.002302815327 nan nan
513 214090 65 65 0 -0.2343461341 0.0006588995006 -0.23540746 -0.2333610447 0.0020464153 -0.2357993726 -0.2331131271 0.002686245505 -0.188313964 0.001186638769 0.001411965469 nan nan
514 214080 59 59 0 -0.2303505219 0.001378946249 -0.2322134008 -0.2279528957 0.004260505101 -0.2326342412 -0.227540714 0.005093527151 0.248791913 0.002368634467 0.002780816194 nan nan
515 214857 54 54 0 -0.2386011839 0.0007075392077 -0.2395542194 -0.2373713933 0.002182826063 -0.2397415052 -0.2370282583 0.002713246954 0.1843153899 0.001235895107 0.001579030174 nan nan
516 215211 64 64 0 -0.2310372368 0.001161874996 -0.2327583909 -0.2291932572 0.003565133776 -0.2329770465 -0.2290416751 0.003935371417 -0.0004217430653 0.001916983407 0.002014352284 nan nan
517 215906 72 72 0 -0.216663507 0.001354910525 -0.2187863399 -0.2145875014 0.004198838486 -0.2190347964 -0.2143186778 0.004716118583 0.007324378833 0.002249245647 0.002448747568 nan nan
518 215928 60 60 0 -0.2269398562 0.001224407602 -0.228713534 -0.2249964625 0.003717071536 -0.228943062 -0.2248058125 0.004137249489 0.0599249122 0.002110138128 0.002300788125 nan nan
519 216270 86 86 0 -0.2213164459 0.001313963271 -0.223295787 -0.2192723726 0.004023414452 -0.2235652258 -0.2189639279 0.004601297922 0.02214385112 0.002281871697 0.00259031636 nan nan
520 216466 66 66 0 -0.2307234823 0.001153465737 -0.2324420019 -0.2289495319 0.003492470042 -0.2326737783 -0.2286301729 0.004043605345 0.03444297684 0.001928521895 0.002070559931 nan nan
521 217333 50 50 0 -0.2337298808 0.0009113177612 -0.2351678045 -0.2323920925 0.002775712001 -0.2354006997 -0.2321311128 0.003269586942 -0.03918025669 0.001516770648 0.00169197428 nan nan

K=522, phase=backward, parameter=e [-]
cluster representative_source n_cluster n_valid n_missing median std p05 p95 width90 minimum maximum range skewness error95 error_max angle_origin_deg angle_resultant
0 18595 122 122 0 0.2713726789 0.00551157388 0.2643266137 0.2812850164 0.01695840275 0.2627374469 0.2843014972 0.02156405034 0.2932675139 0.009323928525 0.01161969486 nan nan
1 19899 97 97 0 0.2738962768 0.007351042032 0.2626269196 0.2846769995 0.02205007988 0.2611782444 0.2859301071 0.02475186264 -0.03701925702 0.01259666501 0.01384977259 nan nan
2 18590 55 55 0 0.2677400298 0.004597934219 0.2604910559 0.2752596028 0.01476854699 0.2591416743 0.2767952218 0.0176535475 0.04990105643 0.008933214019 0.01046883297 nan nan
3 18148 56 56 0 0.2500304582 0.002776911765 0.2463416294 0.2549961892 0.00865455977 0.245665895 0.2577245181 0.01205862317 0.5790849407 0.004943506167 0.007440647568 nan nan
4 18805 57 57 0 0.26795358 0.005197040962 0.2585239192 0.2749574457 0.01643352659 0.2571180243 0.2765732117 0.01945518737 -0.2567191996 0.01062385627 0.01223962219 nan nan
5 22540 54 54 0 0.2850130423 0.007818493613 0.273480883 0.2979930456 0.02451216264 0.2721047795 0.2995911405 0.02748636108 0.04606876668 0.01320560733 0.01432543434 nan nan
6 23178 95 95 0 0.2590944258 0.003874115789 0.2525086921 0.2646236153 0.01211492315 0.2511641693 0.265626119 0.01446194968 -0.1123320361 0.00689080177 0.007621333637 nan nan
7 27210 188 188 0 0.2976588678 0.008685525067 0.2850548443 0.3127179067 0.02766306247 0.2810411414 0.3172609232 0.03621978175 0.1549243862 0.0158082611 0.01970465692 nan nan
8 32632 89 89 0 0.2921542706 0.01457574429 0.2673102983 0.3102831621 0.0429728638 0.2647485991 0.3133181082 0.04856950911 -0.2133342181 0.02300869788 0.02446513328 nan nan
9 29454 75 75 0 0.2910703723 0.009280147335 0.2771270586 0.3053495898 0.02822253116 0.2753141154 0.3070907332 0.03177661781 -0.05191301906 0.01646226576 0.01827520903 nan nan
10 29914 128 128 0 0.2989720257 0.01079947591 0.282290457 0.3154143342 0.03312387715 0.2796799591 0.3173726552 0.0376926961 -0.007252373861 0.01768228699 0.02024203851 nan nan
11 28999 79 79 0 0.2916983727 0.008860515582 0.2775154527 0.3040260693 0.0265106166 0.2752215991 0.3064873609 0.03126576178 0.03036402647 0.01460622574 0.01667587787 nan nan
12 33080 194 194 0 0.2795438607 0.007857727641 0.2662766705 0.2907612702 0.02448459967 0.2639020696 0.2924787857 0.02857671619 -0.1045360969 0.01405625198 0.01643085296 nan nan
13 30601 94 94 0 0.3059771404 0.009982920601 0.2891997313 0.3194890491 0.03028931776 0.2864237072 0.3219362153 0.03551250807 -0.1413463806 0.0164782428 0.01923353896 nan nan
14 30368 71 71 0 0.3005761898 0.009792033912 0.2840383345 0.3139127019 0.02987436743 0.2819455821 0.3161541877 0.03420860554 -0.1376807877 0.01617041476 0.01749898501 nan nan
15 31274 86 86 0 0.2987930891 0.01082885347 0.2806672646 0.3140441535 0.03337688887 0.2781061828 0.3154449661 0.0373387833 -0.1085112548 0.01912693938 0.02052775195 nan nan
16 31696 52 52 0 0.255519143 0.002083772176 0.2507888261 0.2573599758 0.006571149638 0.2498462348 0.2577016493 0.00785541453 -0.7725124903 0.005098666678 0.006041258062 nan nan
17 32867 73 73 0 0.2982220889 0.01048800493 0.2808464195 0.3130912355 0.03224481604 0.2786580386 0.3155700565 0.03691201792 -0.1015554931 0.01750571984 0.01956405035 nan nan
18 33318 61 61 0 0.2933071802 0.01246546888 0.2761049611 0.3143785407 0.03827357956 0.2742775489 0.3165003548 0.04222280585 0.1828517857 0.02107136048 0.02319317455 nan nan
19 32403 52 52 0 0.281807513 0.006393067675 0.273339814 0.294005352 0.02066553798 0.2717776232 0.2957321112 0.02395448798 0.3663601816 0.01238714619 0.01394933701 nan nan
20 33089 56 56 0 0.2923978573 0.01186735451 0.2765546694 0.3126118128 0.03605714333 0.274864026 0.3145539774 0.03968995141 0.2101305806 0.02120510038 0.02314726498 nan nan
21 33547 76 76 0 0.3022010924 0.01208052044 0.2802773863 0.3171650355 0.03688764917 0.2779611418 0.3189810598 0.04101991797 -0.1992672658 0.02195380508 0.02376982937 nan nan
22 31291 114 114 0 0.3178832304 0.005744799013 0.3074395189 0.3257068532 0.01826733435 0.3039352246 0.3283461127 0.02441088806 -0.2856145497 0.01055869298 0.01265793166 nan nan
23 36300 90 90 0 0.3047464578 0.01244430712 0.2832068665 0.3219379985 0.03873113204 0.2804383925 0.3241353561 0.0436969636 -0.2054440134 0.02255994847 0.02532842247 nan nan
24 36991 85 85 0 0.3062262012 0.01186185146 0.2861834827 0.3226838314 0.03650034875 0.2835480881 0.3246741637 0.04112607564 -0.1274904502 0.02412989166 0.02676528626 nan nan
25 37882 55 55 0 0.2719633045 0.003772986015 0.264450243 0.2759037985 0.01145355555 0.2630738244 0.2767891406 0.01371531618 -0.5181461295 0.008397816102 0.009774234666 nan nan
26 43665 170 170 0 0.3154312368 0.01152512249 0.2880868458 0.3242764774 0.03618963153 0.2825391232 0.3261334102 0.043594287 -0.8005138968 0.02792120588 0.03346892856 nan nan
27 39290 77 77 0 0.3032978514 0.009386711795 0.2874855468 0.3188750544 0.03138950761 0.2850061897 0.3216339329 0.03662774324 -0.0327004429 0.01983978588 0.02231914296 nan nan
28 34031 89 89 0 0.3322801462 0.004065088435 0.3256858447 0.3385751837 0.01288933899 0.3237344037 0.3395192991 0.0157848954 -0.1437307602 0.006973607653 0.008502658875 nan nan
29 37890 53 53 0 0.2824324844 0.005760467637 0.272882398 0.2901916135 0.01730921554 0.2704093787 0.2920593039 0.02164992521 -0.1612037272 0.009755105406 0.01202310569 nan nan
30 35172 69 69 0 0.3264656142 0.00393666405 0.3205352234 0.332890532 0.0123553086 0.3185495337 0.3352134182 0.01666388452 0.08627507085 0.007331784643 0.008747803983 nan nan
31 39731 54 54 0 0.2837019396 0.005726184509 0.2725836199 0.2906849796 0.01810135965 0.2707319147 0.292623609 0.02189169434 -0.3905020478 0.01065388838 0.01250559364 nan nan
32 36997 53 53 0 0.3165878086 0.005867712331 0.3078567035 0.3255565577 0.01769985413 0.3065522925 0.3267264085 0.02017411602 -0.05087421349 0.009992435938 0.01129684694 nan nan
33 36315 67 67 0 0.32469906 0.004185544942 0.3180564783 0.3307347468 0.01267826851 0.3168236323 0.331451337 0.01462770474 -0.06431167746 0.006724732144 0.00787542773 nan nan
34 35874 73 73 0 0.3448121033 0.003192442377 0.3401456024 0.3497580794 0.009612476936 0.3394804158 0.3508691646 0.0113887488 0.002247101234 0.005355157824 0.005982543986 nan nan
35 39284 110 110 0 0.2981323875 0.004090366967 0.2921448501 0.3050338458 0.01288899578 0.2900120639 0.3065619779 0.01654991404 0.135289294 0.007819726163 0.009952512362 nan nan
36 37232 63 63 0 0.3235065232 0.004709560072 0.3157607211 0.3303850949 0.01462437379 0.3143586068 0.331093286 0.0167346792 -0.05294163379 0.007851688226 0.00924241911 nan nan
37 37025 66 66 0 0.3548605844 0.002755523667 0.3507920794 0.3593466534 0.008554573919 0.350112302 0.3595477689 0.009435466888 -0.03315650322 0.005205814226 0.005406929746 nan nan
38 38171 77 77 0 0.346292435 0.003064633566 0.3414647989 0.3509269152 0.009462116312 0.3402261938 0.3511961358 0.01096994203 -0.06624183264 0.005315346079 0.005526615985 nan nan
39 38415 62 62 0 0.3642548414 0.002590577715 0.3602614248 0.3682918486 0.008030423741 0.3601697012 0.3689491087 0.008779407454 0.01936182413 0.004640596449 0.004732320058 nan nan
40 40228 65 65 0 0.3282764153 0.006774503998 0.3175042139 0.3383432689 0.02083905502 0.3160143737 0.339344436 0.02333006234 -0.07066896113 0.01101914543 0.01177270455 nan nan
41 39083 59 59 0 0.3373716886 0.003363110749 0.3325146661 0.3427362282 0.01022156209 0.331953843 0.3436573597 0.01170351667 0.02323220752 0.00562547799 0.006111139062 nan nan
42 42970 139 139 0 0.3075066746 0.006416229081 0.2936374441 0.314545451 0.02090800687 0.289514535 0.3157608592 0.02624632417 -0.7275126137 0.01410259361 0.01822550271 nan nan
43 41609 67 67 0 0.3291416185 0.00731782296 0.3171235274 0.3396636482 0.02254012078 0.3161338151 0.3404468054 0.0243129903 -0.09673546777 0.01343966397 0.01442937623 nan nan
44 39559 74 74 0 0.3560716511 0.002662444609 0.3517783924 0.3600757111 0.008297318667 0.3515508855 0.3606124088 0.009061523295 -0.02397977139 0.0045797513 0.004807258226 nan nan
45 39341 60 60 0 0.3730329078 0.002448071702 0.3695944594 0.3770996391 0.007505179773 0.3689574714 0.3777979742 0.008840502781 0.02810124073 0.004075002528 0.004773337604 nan nan
46 40696 57 57 0 0.3378425349 0.003787475201 0.3321574394 0.3438155801 0.01165814077 0.3315557242 0.3447874807 0.01323175642 -0.01339888292 0.006959560073 0.00756127521 nan nan
47 40498 67 67 0 0.3805341943 0.002096162812 0.377186484 0.3837480696 0.006561585605 0.3765224439 0.3846300286 0.00810758468 -0.02902331334 0.003409438479 0.004113472153 nan nan
48 42948 86 86 0 0.2810922958 0.002581250178 0.2773243008 0.285868799 0.008544498188 0.2758551636 0.2871247067 0.01126954314 0.1993637496 0.004793095919 0.005737539672 nan nan
49 41193 67 67 0 0.3873667111 0.002006155458 0.3846095687 0.3905843773 0.005974808657 0.3839379689 0.3915188917 0.007580922832 0.02321289763 0.003467917954 0.004094082978 nan nan
50 41642 58 58 0 0.3725395305 0.002126156266 0.3692071795 0.3758364428 0.006629263357 0.3690441656 0.3764822454 0.0074380798 0.01406449483 0.003997425749 0.004160439654 nan nan
51 41888 64 64 0 0.3942135689 0.001966867083 0.3909249435 0.3970088739 0.006083930434 0.3907751749 0.3977289349 0.006953760029 0.02463934909 0.003422083787 0.003520394439 nan nan
52 42128 75 75 0 0.4067743485 0.002600024702 0.4025123606 0.4108136577 0.008301297104 0.401779375 0.4110201429 0.009240767929 -0.1111382779 0.004886250904 0.00561923651 nan nan
53 42143 52 52 0 0.4287792394 0.003575205012 0.4232302617 0.4341841422 0.01095388045 0.4223802673 0.43535654 0.01297627265 0.02157562199 0.005823942144 0.006513245139 nan nan
54 45706 72 72 0 0.2912621351 0.004290046696 0.2846759391 0.2980498233 0.01337388422 0.2827308009 0.2999614028 0.01723060187 0.03349380883 0.007488001817 0.008683027232 nan nan
55 45714 72 72 0 0.3010659989 0.005641973615 0.292091138 0.3093196928 0.01722855477 0.2901407837 0.3110215125 0.02088072876 -0.08175787946 0.009338867924 0.01077619158 nan nan
56 43285 58 58 0 0.4175037669 0.001848967722 0.4148365261 0.4202569276 0.005420401495 0.4142234211 0.4216063355 0.007382914418 0.1085592856 0.00355478081 0.003770662736 nan nan
57 47545 58 58 0 0.307942629 0.00772202971 0.2955691957 0.3191733458 0.02360415016 0.2932595797 0.3202979922 0.02703841256 -0.1792966958 0.01252883033 0.01483844634 nan nan
58 46184 69 69 0 0.3143975112 0.006227187963 0.3030905292 0.3219842735 0.01889374429 0.3012121793 0.3232516502 0.02203947086 -0.2564023924 0.011306982 0.01318533194 nan nan
59 43521 72 72 0 0.4266899721 0.00341922646 0.4213888134 0.4319849315 0.01059611811 0.4206052735 0.4328225112 0.01221723762 0.003557809803 0.005734782925 0.006451645096 nan nan
60 46851 61 61 0 0.2967716344 0.004260330398 0.2895099689 0.3030831764 0.01357320747 0.2877820795 0.3050292047 0.01724712529 -0.09792679463 0.007828716181 0.008691079792 nan nan
61 44223 54 54 0 0.4501882922 0.005316105017 0.4428237929 0.4593424349 0.01651864205 0.4415801012 0.4601164132 0.01853631202 0.1405029207 0.008796256506 0.009348807837 nan nan
62 44413 50 50 0 0.3950986182 0.002507373009 0.3916424312 0.3994881699 0.007845738698 0.3915256028 0.39982154 0.008295937159 0.1657208043 0.004473302994 0.004806673093 nan nan
63 44650 89 89 0 0.4052403883 0.002943840631 0.4007809377 0.410057818 0.0092768803 0.3998722782 0.4101149554 0.01024267722 0.02071301164 0.004822987909 0.005368110079 nan nan
64 47992 65 65 0 0.3009658022 0.005787450918 0.2929597487 0.3110487534 0.01808900467 0.2906997754 0.3135375201 0.02283774473 0.1884237835 0.01045704316 0.01224404695 nan nan
65 45366 70 70 0 0.4443437341 0.002920890712 0.4396469022 0.4487660256 0.009119123425 0.4388267874 0.4492723618 0.01044557439 -0.06842455967 0.005016961571 0.005338305891 nan nan
66 45581 84 84 0 0.425000788 0.003422893617 0.4197889016 0.4303291059 0.01054020435 0.4190400138 0.4310145492 0.01197453545 0.06601113837 0.005692734444 0.006378177735 nan nan
67 46660 56 56 0 0.3401853775 0.004193272889 0.3336237288 0.3463100974 0.01268636865 0.3329655713 0.3472310898 0.01426551851 -0.03013524592 0.006900987377 0.007338506659 nan nan
68 46519 88 88 0 0.4552419675 0.003416873825 0.449959615 0.4604997541 0.01054013905 0.4493590441 0.4618568316 0.01249778752 0.01724616257 0.006012445837 0.006613016722 nan nan
69 47340 52 52 0 0.3355163577 0.003885552859 0.3283940175 0.3407036207 0.01230960311 0.3265181125 0.3420793545 0.01556124202 -0.3052579223 0.007034630199 0.008623050106 nan nan
70 49590 73 73 0 0.3089903239 0.006021662904 0.299101172 0.3180036326 0.01890246065 0.2977904626 0.3201934927 0.02240303012 -0.08384747673 0.0101969019 0.01238676199 nan nan
71 46932 52 52 0 0.397460972 0.002732057367 0.3936690997 0.4020847317 0.008415631993 0.392823981 0.4027577992 0.009933818128 0.09182351635 0.004671930627 0.005344998129 nan nan
72 47649 97 97 0 0.4422687771 0.003218027199 0.4376110306 0.4474472121 0.009836181463 0.4363542802 0.4478092265 0.01145494626 0.005781406724 0.00547645639 0.005782834228 nan nan
73 49835 155 155 0 0.3305010477 0.003883155578 0.3245183183 0.3369132994 0.01239498112 0.3226504046 0.3383780411 0.01572763651 0.05181974132 0.006998851725 0.008610417824 nan nan
74 48348 105 105 0 0.4681686606 0.004257558249 0.4617147243 0.4747896893 0.013074965 0.4605540199 0.4755906007 0.01503658084 0.002166150665 0.007757195666 0.008558107116 nan nan
75 49023 105 105 0 0.454114319 0.003703315905 0.4486326438 0.4600609693 0.01142832548 0.4481652344 0.46074237 0.01257713562 0.0429880961 0.006093226358 0.006407342117 nan nan
76 48297 50 50 0 0.3966059342 0.002566439859 0.3924030426 0.4004319568 0.008028914218 0.3917534676 0.4010858402 0.009332372644 -0.06862444082 0.004397079306 0.004674441967 nan nan
77 48780 63 63 0 0.4315072075 0.002465247605 0.4280263395 0.4356209606 0.007594621179 0.4273562004 0.4356710272 0.008314826777 -0.04330760293 0.004142353345 0.004192419894 nan nan
78 49452 81 81 0 0.4199479889 0.003491185938 0.414666259 0.4254066735 0.01074041454 0.4139540171 0.426059546 0.01210552889 0.03747079154 0.005518626572 0.006111557071 nan nan
79 51427 56 56 0 0.3165132718 0.00452259257 0.3084570999 0.3229416062 0.01448450624 0.306365127 0.3237322195 0.01736709246 -0.2520851416 0.007872326107 0.009964299047 nan nan
80 49921 64 64 0 0.4411555846 0.003050496296 0.4363160487 0.4459526375 0.009636588831 0.4356331012 0.4460353742 0.01040227294 -0.06223793494 0.005514404992 0.00619735243 nan nan
81 51295 137 137 0 0.4689616706 0.004680015912 0.4615911383 0.4761055131 0.01451437488 0.4604187166 0.4774822011 0.01706348457 -0.02491847268 0.008135297867 0.009307719559 nan nan
82 51700 89 89 0 0.342016903 0.002302212109 0.3383604976 0.3455698904 0.007209392805 0.3373746831 0.3461494097 0.008774726552 -0.05566850975 0.003949768588 0.004822841661 nan nan
83 52622 68 68 0 0.3121627895 0.0053851333 0.3039761105 0.3208684317 0.0168923212 0.3019049109 0.3225849133 0.02068000243 0.05150979776 0.009394015417 0.01061776187 nan nan
84 50818 58 58 0 0.4310056117 0.002344113371 0.4274554411 0.434507818 0.007052376881 0.4268735761 0.4350265705 0.008152994488 -0.05521195752 0.00404083328 0.00410703162 nan nan
85 51058 71 71 0 0.4521490695 0.003290868745 0.447018592 0.4570125936 0.009994001664 0.4466383322 0.4583038235 0.01166549132 0.03549717713 0.005492151563 0.006124696001 nan nan
86 53315 87 87 0 0.3107995968 0.00685749882 0.3015667945 0.3225187072 0.02095191264 0.2995097245 0.3250230324 0.02551330789 0.2083431239 0.01171911036 0.01422343556 nan nan
87 51510 56 56 0 0.4200362678 0.00252420061 0.4161830055 0.4238749827 0.007691977214 0.4151051066 0.4243579185 0.00925281189 -0.04448541092 0.00436188544 0.004694615279 nan nan
88 51777 67 67 0 0.4404656405 0.00321593858 0.4356973537 0.4453092176 0.009611863912 0.4350739697 0.445980985 0.01090701533 0.05352629394 0.005399963326 0.005490107102 nan nan
89 53908 145 145 0 0.4707538656 0.007601379757 0.4590639459 0.4824363058 0.02337235985 0.4570935781 0.4833493984 0.02625582029 -0.03848572696 0.01227805186 0.0142484197 nan nan
90 53348 96 96 0 0.3495179658 0.00212158315 0.3462017539 0.3526788172 0.006477063264 0.3451002407 0.3532999489 0.008199708279 -0.06033581013 0.003793059594 0.004894572849 nan nan
91 52717 59 59 0 0.4291506545 0.002939557168 0.4250606236 0.4339469607 0.008886337042 0.4244556251 0.4345643182 0.01010869309 0.1154578456 0.004799869738 0.005404868257 nan nan
92 53196 73 73 0 0.452812698 0.003929950607 0.44706062 0.458950076 0.011889456 0.4466326658 0.4603035965 0.01367093071 0.01181208416 0.006167407361 0.007501163374 nan nan
93 53820 78 78 0 0.3573983873 0.002389344238 0.3537299075 0.3611309762 0.007401068691 0.3531317187 0.361555935 0.008424216271 0.008715478111 0.003964834235 0.004456244022 nan nan
94 53403 61 61 0 0.4192993693 0.002799344917 0.4146515572 0.4231988874 0.008547330205 0.4134969809 0.4236270392 0.01013005828 -0.1878408935 0.004639286632 0.00535442498 nan nan
95 53654 72 72 0 0.4412945892 0.003629569272 0.4353159426 0.4464582818 0.0111423392 0.4346456638 0.4475537141 0.01290805025 -0.06478042024 0.006048921725 0.006870115194 nan nan
96 54763 64 64 0 0.3237436643 0.004299321477 0.3167226594 0.3303907497 0.01366809033 0.314317515 0.3324150933 0.01809757831 -0.08103632355 0.008186931177 0.009858335601 nan nan
97 55151 94 94 0 0.4677998805 0.004853058509 0.460324797 0.4751626839 0.01483788686 0.4589797638 0.4764845102 0.01750474634 -0.02770660693 0.008042401835 0.008805150466 nan nan
98 54334 60 60 0 0.4289208095 0.003040672776 0.4243422538 0.433634457 0.009292203264 0.4237715866 0.4342287934 0.01045720678 0.04112238806 0.005369201084 0.005963537467 nan nan
99 54868 81 81 0 0.4542087992 0.00432799934 0.4480564841 0.4610450363 0.01298855223 0.4467048007 0.4623822303 0.0156774296 0.1043570554 0.007494042828 0.008831236878 nan nan
100 56191 51 51 0 0.3315936237 0.00467073388 0.3245113606 0.3387236351 0.01421227448 0.3237230049 0.3394982902 0.01577528533 0.01863065061 0.007873389846 0.008661745603 nan nan
101 55333 62 62 0 0.3452155258 0.002859619556 0.3411155096 0.3501039933 0.00898848373 0.3402771419 0.3509317728 0.01065463087 0.1681043636 0.004733450004 0.005517815235 nan nan
102 55387 71 71 0 0.4112840756 0.002944630472 0.4067946719 0.4157439702 0.008949298277 0.4062155193 0.4162509271 0.01003540788 -0.0006930083279 0.005022811518 0.005601964139 nan nan
103 56520 68 68 0 0.3651651109 0.002360841252 0.3620244477 0.3692623388 0.007237891172 0.36170705 0.3697222591 0.008015209057 0.1969485112 0.003941023058 0.004400943295 nan nan
104 55694 76 76 0 0.4410704338 0.004131940023 0.4350280973 0.4477230275 0.0126949302 0.4343426595 0.4484912105 0.01414855098 0.07713608044 0.006705068228 0.007473251209 nan nan
105 54985 54 54 0 0.7187614233 0.0217406357 0.6840466418 0.7503916789 0.06634503712 0.6797971049 0.7536915401 0.07389443519 -0.06991157752 0.03530512661 0.03955466346 nan nan
106 57123 97 97 0 0.3560793469 0.002638039098 0.3520225043 0.3601501275 0.008127623285 0.3505121761 0.3612846409 0.01077246474 -0.04379565721 0.004493865939 0.005567170734 nan nan
107 56072 73 73 0 0.7836750465 0.01554701192 0.7561854958 0.8043782572 0.04819276141 0.7516809217 0.8074797004 0.05579877877 -0.2422100009 0.02620042123 0.02821634326 nan nan
108 56076 76 76 0 0.778762733 0.01835709379 0.7414841007 0.7987243214 0.05724022072 0.7369057676 0.8019759041 0.06507013652 -0.5033751119 0.03317195946 0.03775029259 nan nan
109 56264 66 66 0 0.4214246781 0.002979600099 0.4168169505 0.4261730593 0.009356108786 0.41638185 0.427169803 0.01078795295 0.04711525055 0.004939585449 0.005482517957 nan nan
110 55792 94 94 0 0.7640457568 0.0178112606 0.7358693085 0.7900892546 0.05421994608 0.7329417601 0.7958084431 0.06286668301 -0.04081391242 0.02913195189 0.03202238396 nan nan
111 56739 79 79 0 0.7034068293 0.01771970871 0.6751293826 0.7293951605 0.05426577797 0.6711370105 0.732500328 0.06136331746 -0.04084536629 0.03099225479 0.0340974222 nan nan
112 58158 99 99 0 0.4704453999 0.004833122056 0.4629521212 0.4778047287 0.01485260749 0.460984124 0.4785036747 0.01751955068 -0.02431107243 0.008057599401 0.009465653046 nan nan
113 57515 87 87 0 0.4570461161 0.004611107369 0.4496712199 0.4638643361 0.01419311614 0.448252192 0.4652531272 0.01700093514 -0.04746317123 0.007837761997 0.008849945802 nan nan
114 56729 135 135 0 0.7088376976 0.01186353461 0.6898440278 0.7263367825 0.03649275472 0.6864859803 0.7321724274 0.04568644713 -0.02606949024 0.02057800637 0.02352318969 nan nan
115 57763 54 54 0 0.3723678873 0.001522270352 0.3700402592 0.3747032592 0.004663000014 0.3698266368 0.3749051236 0.005078486786 0.02109771961 0.002652915926 0.002854780349 nan nan
116 57190 67 67 0 0.4392188211 0.004015966146 0.432619351 0.4448829803 0.01226362922 0.4318579079 0.4455037362 0.01364582834 -0.1187921732 0.006724591071 0.007486034259 nan nan
117 59536 152 152 0 0.7936095291 0.0177615435 0.7612649997 0.8151957021 0.05393070249 0.7566563315 0.8192426255 0.06258629408 -0.2557666902 0.02910888438 0.03367251619 nan nan
118 56705 106 106 0 0.7394884611 0.007303839874 0.7279612573 0.7504976216 0.02253636422 0.7263316493 0.7521015712 0.02576992185 -0.04761781943 0.01195778007 0.01323013256 nan nan
119 58890 214 214 0 0.7726082575 0.01177799537 0.7540108383 0.7895822657 0.03557142744 0.7515552094 0.7947891892 0.0432339798 -0.05722060675 0.01970609003 0.02173066151 nan nan
120 59056 57 57 0 0.3775739099 0.001531560338 0.3753250882 0.3800111298 0.004686041642 0.3751000337 0.3804264225 0.005326388804 0.04570094664 0.002482890872 0.002852512579 nan nan
121 60114 132 132 0 0.4559722521 0.005847615925 0.4468691611 0.465511252 0.0186420909 0.4458678122 0.4676322744 0.02176446213 0.08514580068 0.01008845984 0.01152053348 nan nan
122 59707 67 67 0 0.3647528081 0.002523155334 0.3608034224 0.3686094055 0.0078059831 0.3599976623 0.3691552134 0.009157551118 -0.01793299027 0.004246952181 0.004755145801 nan nan
123 59436 70 70 0 0.4391265948 0.004033585352 0.4329122627 0.4452877888 0.01237552616 0.4323028351 0.4459190571 0.01361622197 0.01139081821 0.006566942628 0.006901613185 nan nan
124 61508 59 59 0 0.497392618 0.001538835834 0.4946246634 0.4994107058 0.004786042382 0.4936148978 0.499559105 0.005944207174 -0.3944772872 0.002491430759 0.003494038893 nan nan
125 57957 122 122 0 0.7269897022 0.01639511624 0.7061534436 0.7561010179 0.04994757424 0.7026261451 0.7587002805 0.05607413541 0.1942391483 0.02697717171 0.02905370002 nan nan
126 59426 53 53 0 0.4270074694 0.003504084064 0.4216153982 0.4323539448 0.01073854656 0.4209996602 0.4330062043 0.01200654411 0.0237757024 0.005877683578 0.006529943113 nan nan
127 61835 95 95 0 0.4725927894 0.004436039603 0.4656152498 0.4788870811 0.01327183134 0.4637831725 0.4800822954 0.01629912287 -0.1158811774 0.007409358627 0.008809616934 nan nan
128 60638 72 72 0 0.671580253 0.009733611817 0.6553514978 0.6855397793 0.03018828152 0.6530621771 0.6888149144 0.0357527372 -0.09028335046 0.01624000197 0.01796277753 nan nan
129 62811 101 101 0 0.3821459753 0.00176390077 0.3793771392 0.3850088837 0.005631744436 0.3782211247 0.3855122921 0.007291167378 -0.01217911026 0.003188906963 0.0043449215 nan nan
130 58929 74 74 0 0.7234996073 0.007202710506 0.7119297718 0.734657444 0.0227276722 0.7081097481 0.7385940801 0.03048433198 -0.05351455204 0.01319695144 0.01555919898 nan nan
131 61929 134 134 0 0.7757879852 0.01375143088 0.7523514593 0.7943887768 0.04203731746 0.7494685829 0.7965557236 0.04708714073 -0.161406366 0.02222657586 0.02468417915 nan nan
132 60628 65 65 0 0.6822410686 0.009062869078 0.6679831452 0.6959564686 0.02797332339 0.6663609688 0.6975873679 0.03122639915 -0.04665009539 0.01472998575 0.0158800998 nan nan
133 60758 54 54 0 0.4155579032 0.002774275777 0.4111040476 0.4195012112 0.008397163589 0.410179252 0.4206568643 0.01047761232 -0.07544205365 0.004825100021 0.005489201423 nan nan
134 63247 61 61 0 0.4857377416 0.001912079014 0.4824565406 0.4883716442 0.005915103545 0.4824454584 0.488458491 0.006013032623 -0.01477820185 0.003281200947 0.003292283208 nan nan
135 63326 93 93 0 0.7868296452 0.008564756717 0.7724227313 0.7988017421 0.02637901088 0.7707620902 0.8016479073 0.03088581717 -0.1425723046 0.01502301969 0.01668366077 nan nan
136 63336 157 157 0 0.7751198831 0.0136434229 0.7503740947 0.7927144338 0.0423403391 0.7474228512 0.7955790521 0.04815620088 -0.2564750016 0.02339211512 0.02634335858 nan nan
137 62101 53 53 0 0.3710887719 0.00173200482 0.3683122049 0.3738510051 0.005538800216 0.3675230127 0.3742718536 0.006748840909 -0.06229085717 0.003155266166 0.003944458365 nan nan
138 61464 67 67 0 0.4397181375 0.003797742071 0.4337947705 0.445458818 0.01166404751 0.4332011574 0.4460448029 0.01284364551 -0.03850141607 0.00616277208 0.006516980154 nan nan
139 62167 82 82 0 0.452265825 0.00375138036 0.4466420152 0.4581173446 0.01147532935 0.4460732753 0.4593936958 0.01332042044 0.07029761491 0.006218371924 0.006787612927 nan nan
140 65106 81 81 0 0.8178336448 0.01021320797 0.7998325663 0.8316084765 0.0317759102 0.7964319175 0.8348937981 0.03846188062 -0.2058668505 0.01748627756 0.01995813425 nan nan
141 61309 66 66 0 0.6867698625 0.008460777217 0.6723853005 0.698250707 0.02586540645 0.669697613 0.6995165198 0.02981890677 -0.1892940266 0.01379364639 0.01553854116 nan nan
142 64602 99 99 0 0.3874140197 0.001772670714 0.3844750925 0.3900725212 0.005597428637 0.3829624851 0.3906910956 0.007728610481 -0.269744064 0.003210209564 0.004722817023 nan nan
143 61454 53 53 0 0.4278685409 0.003388505246 0.4222961242 0.4326731125 0.01037698831 0.4216600107 0.4330952663 0.01143525552 -0.1094291429 0.005553927862 0.005966512014 nan nan
144 64686 68 68 0 0.4922661303 0.001835116207 0.4890989447 0.494859149 0.005760204282 0.4890147856 0.4954952472 0.006480461678 -0.01847134976 0.003218914695 0.003255129948 nan nan
145 66568 80 80 0 0.8271427501 0.01184931513 0.8060341264 0.8423796482 0.03634552179 0.8026186323 0.8434905037 0.04087187136 -0.226952164 0.01911309146 0.02113488206 nan nan
146 68432 80 80 0 0.8264027546 0.01074637673 0.8045363857 0.8390308837 0.03449449795 0.8012240416 0.8417255439 0.04050150236 -0.5026258094 0.02147854932 0.02479089349 nan nan
147 64054 149 149 0 0.771642753 0.01202200724 0.7496358423 0.7870404823 0.03740464 0.7468708599 0.7898195372 0.04294867729 -0.2787219025 0.02021473378 0.02264968791 nan nan
148 61951 118 118 0 0.7462085919 0.01320477457 0.722589021 0.7639925552 0.04140353421 0.7190007009 0.7658456845 0.04684498357 -0.2373812271 0.02272762478 0.02631594482 nan nan
149 68054 59 59 0 0.8313584527 0.01037928128 0.8122610462 0.8440192109 0.03175816473 0.8095573784 0.8450140049 0.03545662646 -0.2986265211 0.01754251702 0.0202461848 nan nan
150 63417 117 117 0 0.676005708 0.01705400567 0.6451356386 0.6980348858 0.05289924718 0.6408001691 0.7003020633 0.05950189414 -0.2565895607 0.02861055135 0.03294602082 nan nan
151 63516 50 50 0 0.3762222086 0.001627544371 0.3736274416 0.3785989386 0.004971496994 0.3726801455 0.3793939501 0.006713804593 -0.1156014797 0.002981334722 0.003575192146 nan nan
152 65334 124 124 0 0.3936084325 0.00208061452 0.3904513493 0.3969647646 0.00651341528 0.3896690282 0.3977511718 0.008082143691 0.07464437298 0.003585618182 0.004350828381 nan nan
153 63004 122 122 0 0.7436199676 0.01354044163 0.7194581968 0.7610344339 0.04157623706 0.7150168706 0.76350821 0.04849133944 -0.25075438 0.02352172914 0.02796305537 nan nan
154 64033 118 118 0 0.7988467875 0.004910462639 0.7909119434 0.8069209599 0.01600901653 0.7889758524 0.8112052604 0.02222940802 0.09260768331 0.008941150477 0.01269339502 nan nan
155 63186 55 55 0 0.4085308221 0.002507379346 0.4045175685 0.4122210696 0.007703501124 0.4039362232 0.4129371667 0.00900094346 -0.05195129782 0.004271230192 0.004731355913 nan nan
156 63550 56 56 0 0.4170022585 0.002659544827 0.4130160279 0.4210539988 0.008037970893 0.4117496681 0.4217618905 0.01001222242 0.004157095784 0.004505120748 0.00501078 nan nan
157 63916 70 70 0 0.4283516206 0.003607349648 0.4230077468 0.4341687519 0.0111610051 0.4223859888 0.4347711315 0.01238514269 0.07103907971 0.005832942204 0.006204595204 nan nan
158 63925 66 66 0 0.4398857493 0.003667059884 0.4340753071 0.4453450386 0.01126973154 0.4333183304 0.4459134749 0.01259514455 -0.03476863411 0.005943545017 0.00646008094 nan nan
159 62333 108 108 0 0.7066383027 0.01588136554 0.6819707559 0.7301695164 0.04819876048 0.6767123342 0.7336208144 0.05690848023 -0.07245255373 0.02629601932 0.0285652601 nan nan
160 65393 92 92 0 0.4664035506 0.004177765979 0.4599057994 0.473054349 0.01314854961 0.4584338422 0.4748668516 0.01643300943 0.0416871866 0.007367574912 0.008295164785 nan nan
161 63370 125 125 0 0.7320577371 0.01662292908 0.7039741923 0.752198201 0.04822400877 0.6991480166 0.7562709058 0.05712288916 -0.1107831436 0.02597849451 0.03040292828 nan nan
162 63762 53 53 0 0.685512859 0.00849996608 0.6725679588 0.6982798641 0.02571190532 0.6690594984 0.7011149365 0.03205543807 -0.002895359072 0.01449575819 0.01760894277 nan nan
163 66810 101 101 0 0.4018543112 0.001894541403 0.3987495955 0.4046634989 0.005913903371 0.3979203853 0.4051456891 0.00722530383 -0.03902852035 0.00319543429 0.00399376521 nan nan
164 64798 61 61 0 0.737300422 0.007011482426 0.7254888984 0.7475828996 0.02209400123 0.7237880645 0.7502056904 0.02641762593 -0.1062078207 0.01241299626 0.01400462967 nan nan
165 64468 104 104 0 0.6997609195 0.008977680263 0.6840826805 0.7138441493 0.02976146878 0.6777263419 0.7168418279 0.03911548601 -0.15039001 0.01648029003 0.02262931576 nan nan
166 65946 84 84 0 0.6752561203 0.008816730277 0.661118177 0.6896919739 0.02857379693 0.6560962846 0.694828739 0.03873245445 0.01981587013 0.01649829122 0.02089118076 nan nan
167 67738 304 304 0 0.7461484392 0.01765461855 0.714538411 0.7694089554 0.05487054433 0.7059748477 0.774877238 0.06890239023 -0.2348060325 0.03121242064 0.03977598394 nan nan
168 66448 88 88 0 0.4098276759 0.002650111973 0.4056063879 0.4137740699 0.008167681963 0.4048985709 0.414231054 0.009332483079 -0.04871183518 0.004346157592 0.004710917742 nan nan
169 66474 76 76 0 0.4410628927 0.003806056675 0.4355240696 0.4471286742 0.01160460459 0.4350238578 0.4482630313 0.01323917349 0.07718478971 0.006153598216 0.007085011784 nan nan
170 69498 67 67 0 0.4777121689 0.003223715656 0.4725264908 0.4828928146 0.01036632376 0.4708866559 0.483610102 0.01272344613 -0.03634278193 0.005639126108 0.007036553015 nan nan
171 67716 98 98 0 0.7759258258 0.005449361285 0.7673685481 0.7841936005 0.01682505244 0.7656356087 0.7860517686 0.02041615994 -0.0228165048 0.009239075657 0.01064767832 nan nan
172 66464 74 74 0 0.429004564 0.003273546474 0.4238601399 0.4339315859 0.01007144592 0.4232721117 0.4345402715 0.01126815974 -0.02891380561 0.005367420399 0.005638314965 nan nan
173 68575 63 63 0 0.642957038 0.01083287634 0.6264230086 0.6592704489 0.03284744033 0.6216371596 0.6620165859 0.04037942624 -0.01121252851 0.01821820244 0.02131987832 nan nan
174 66296 182 182 0 0.6960345166 0.01437895413 0.6723363201 0.7187208655 0.0463845454 0.6661798247 0.7237375703 0.05755774564 -0.04150176139 0.02552085389 0.02905881056 nan nan
175 68567 81 81 0 0.6502639881 0.008868817168 0.6367273548 0.6652488394 0.02852148457 0.6337979609 0.6701868025 0.03638884152 0.1387743279 0.01602767883 0.01850844645 nan nan
176 70594 152 152 0 0.4184601948 0.002375237136 0.4147996901 0.4223862029 0.007586512759 0.4132274706 0.4232943758 0.01006690513 0.01200552303 0.004389793369 0.005962012857 nan nan
177 70637 112 112 0 0.4710673019 0.004190609387 0.4641304689 0.4770786519 0.01294818309 0.4622051775 0.4785562763 0.01635109883 -0.1163360647 0.007316532405 0.009086140507 nan nan
178 68213 55 55 0 0.6277757066 0.005656722074 0.6188255151 0.6359373542 0.01711183905 0.6174348439 0.63768492 0.02025007615 -0.04987252469 0.009998437598 0.01138910882 nan nan
179 71873 220 220 0 0.8168640196 0.006397076615 0.8059294181 0.8263415332 0.0204121151 0.8030959476 0.8304994574 0.02740350978 -0.04563433593 0.0115189329 0.01435937484 nan nan
180 72670 184 184 0 0.7806339565 0.008487831067 0.7650447213 0.7915830856 0.02653836427 0.7619456283 0.795106015 0.03316038669 -0.2709935488 0.01565992998 0.01875902296 nan nan
181 71904 217 217 0 0.7697443569 0.009237672491 0.7536216439 0.7828349024 0.02921325858 0.7481083644 0.7869221645 0.03881380007 -0.2013337254 0.01733938372 0.02285266313 nan nan
182 72029 75 75 0 0.6229111558 0.01311348602 0.6024654746 0.6430661153 0.04060064069 0.599737212 0.6454633061 0.04572609416 -0.01027207568 0.02301945011 0.02541664099 nan nan
183 74978 157 157 0 0.8284754841 0.007059418991 0.8155256241 0.8385955839 0.02306995975 0.8119102455 0.8414971033 0.02958685777 -0.1723685258 0.01303199744 0.01664737606 nan nan
184 70005 224 224 0 0.744707837 0.01146884879 0.7239346269 0.7594125246 0.03547789772 0.7154756638 0.7620276354 0.04655197154 -0.3500526447 0.0197153939 0.02817435694 nan nan
185 70467 133 133 0 0.6477719396 0.01380252325 0.6256147801 0.6686723251 0.04305754494 0.6188650486 0.6746510909 0.0557860423 -0.06844937504 0.02407374212 0.02890689099 nan nan
186 69107 54 54 0 0.4609736556 0.00268409138 0.456674382 0.4649146651 0.008240283101 0.4555481408 0.4655075715 0.009959430687 -0.09387430414 0.004503721366 0.005515356328 nan nan
187 70647 59 59 0 0.4836984901 0.002142417372 0.4797383596 0.4863923553 0.006653995785 0.4794817491 0.4869513158 0.007469566741 -0.251756991 0.003960130535 0.004216741024 nan nan
188 70270 54 54 0 0.4917664471 0.001515881615 0.4891993117 0.4939126248 0.004713313083 0.4890780779 0.4941413704 0.00506329247 -0.1193427962 0.002592516188 0.002713749987 nan nan
189 69637 263 263 0 0.7296233097 0.01711798801 0.699299982 0.7530721047 0.0537721227 0.6857876925 0.757247667 0.07145997441 -0.3069706121 0.02953191325 0.04304420268 nan nan
190 69469 90 90 0 0.4419372645 0.004212722156 0.435316216 0.448401768 0.01308555201 0.4346091777 0.449271387 0.01466220939 -0.008641950717 0.006998507113 0.007559520463 nan nan
191 71008 126 126 0 0.4547118887 0.003508560548 0.4490026836 0.4596944789 0.01069179528 0.4475789466 0.4604250119 0.0128460653 -0.1111051648 0.005826829385 0.007250566311 nan nan
192 74929 57 57 0 0.5052734985 0.0009541830425 0.5032165736 0.5064398479 0.003223274218 0.5031452636 0.5066136213 0.003468357725 -0.5099171915 0.00249976416 0.002571074228 nan nan
193 68168 74 74 0 0.6788029813 0.0118927304 0.6611748339 0.6980658297 0.0368909958 0.6566342897 0.7024590551 0.04582476533 0.06634943327 0.02085616333 0.02404932767 nan nan
194 72414 70 70 0 0.6248730487 0.01113989095 0.6062397826 0.6401526419 0.03391285925 0.6035613908 0.6431323167 0.03957092587 -0.1350447339 0.01878932787 0.02176900266 nan nan
195 71369 170 170 0 0.4289851515 0.003417309533 0.4235685133 0.4342218256 0.01065331237 0.4226267327 0.4350334445 0.01240671174 -0.02604068522 0.005667536385 0.006428902499 nan nan
196 73817 118 118 0 0.8107534557 0.005669981355 0.8008677097 0.8184536036 0.01758589394 0.798666499 0.820052865 0.02138636608 -0.1563101543 0.009900713771 0.01210192447 nan nan
197 81346 213 213 0 0.8145719237 0.007388276257 0.7984448555 0.8217291975 0.02328434195 0.7950135475 0.8230804382 0.02806689074 -0.6814029257 0.01609978553 0.01953109358 nan nan
198 69688 54 54 0 0.6687615123 0.01108249794 0.6516636368 0.6869878195 0.03532418268 0.6471617656 0.6901154034 0.04295363774 0.06580358527 0.02022700843 0.02288670334 nan nan
199 70970 90 90 0 0.4089177282 0.002814461701 0.4042124332 0.4130772406 0.008864807352 0.4030436932 0.4140800593 0.01103636613 -0.09621694394 0.005098957954 0.006267698024 nan nan
200 75710 53 53 0 0.4969762973 0.0006723889281 0.4955883991 0.4979141765 0.002325777335 0.4955098254 0.4981707644 0.002660938944 -0.2924432343 0.001639705865 0.001718279575 nan nan
201 73174 75 75 0 0.6360691101 0.0136243214 0.6152519149 0.6566367444 0.0413848295 0.6110640919 0.6612282683 0.05016417641 -0.00627466648 0.0226873962 0.02578568939 nan nan
202 74484 205 205 0 0.4414983262 0.00405147978 0.4354122592 0.4479910003 0.01257874111 0.4334659 0.4490789873 0.01561308726 0.02254253851 0.006846987663 0.008761431808 nan nan
203 75295 113 113 0 0.4738825324 0.004041796819 0.4664674414 0.4787675305 0.01230008909 0.4649501793 0.4791238472 0.01417366795 -0.2911527497 0.007090919811 0.008608181914 nan nan
204 74995 108 108 0 0.8024829568 0.004721479323 0.7942298403 0.809070666 0.01484082576 0.7919159966 0.8113845006 0.01946850403 -0.2060664185 0.008430059612 0.01047575615 nan nan
205 75394 113 113 0 0.797114822 0.004827489939 0.7885862653 0.8036392142 0.01505294896 0.7861829611 0.8059014186 0.0197184575 -0.2207071632 0.008812350413 0.01093186087 nan nan
206 78088 62 62 0 0.5039714066 0.0006441001906 0.5031645143 0.5052162864 0.002051772113 0.5031368696 0.5054224916 0.00228562199 0.3745135784 0.00154733895 0.00157498362 nan nan
207 74751 58 58 0 0.618676124 0.01058008453 0.6016421108 0.6343989483 0.03275683745 0.5991954806 0.637986474 0.03879099342 -0.05098611602 0.01767073691 0.02022151242 nan nan
208 75684 143 143 0 0.4656610967 0.002986445427 0.4608659246 0.4701510683 0.00928514364 0.4598940591 0.4708680077 0.01097394861 -0.06895561627 0.005005333258 0.005969948352 nan nan
209 77286 80 80 0 0.4924924064 0.001386477634 0.4897123616 0.4942468575 0.00453449587 0.4893532867 0.4945888282 0.005235541463 -0.3847183334 0.00289221868 0.003251293584 nan nan
210 75792 97 97 0 0.7919646469 0.004172883396 0.7849066148 0.7981791707 0.01327255589 0.7822748867 0.799705732 0.01743084535 -0.1940776912 0.00740698588 0.009594305804 nan nan
211 75431 122 122 0 0.7459433484 0.008330495709 0.7305469571 0.7568304164 0.02628345923 0.7256603045 0.7595105871 0.0338502826 -0.3483400468 0.01451789785 0.01888681125 nan nan
212 74738 52 52 0 0.6291756862 0.01328016992 0.6081241055 0.6482975226 0.04017341714 0.603302816 0.651725539 0.04842272296 -0.08447625469 0.02344365899 0.0282649485 nan nan
213 76879 70 70 0 0.4808027454 0.001774029165 0.4778176586 0.4833219444 0.00550428579 0.4763782718 0.4839516724 0.00757340058 -0.2753400675 0.003315200686 0.004754587542 nan nan
214 83339 121 121 0 0.8415703793 0.005451532979 0.8308988309 0.8486069838 0.0177081529 0.8268583307 0.8499362315 0.02307790083 -0.4685619644 0.01080520059 0.01484570081 nan nan
215 76462 129 129 0 0.4529382939 0.002608071785 0.4491184269 0.4571145952 0.007996168307 0.4473552718 0.457977169 0.01062189718 0.009576159017 0.004499801531 0.005688211716 nan nan
216 76343 68 68 0 0.5987404075 0.007546904439 0.5864228323 0.6096302638 0.0232074315 0.5848157742 0.6110033666 0.02618759237 -0.09725722273 0.01282305007 0.01443010813 nan nan
217 74850 53 53 0 0.4105642528 0.003558909161 0.4056728476 0.4165149584 0.01084211086 0.404711464 0.41752517 0.01281370598 0.1109187461 0.00600201849 0.006594512657 nan nan
218 79912 99 99 0 0.6007253576 0.01570662924 0.5757433918 0.624164273 0.04842088122 0.5725441983 0.6293239168 0.05677971857 -0.06128283831 0.02646195 0.02895219498 nan nan
219 76043 90 90 0 0.4254895712 0.003414278724 0.4202430657 0.4311116893 0.01086862365 0.4186879571 0.4322951785 0.01360722136 0.02880126943 0.006210466973 0.007007732772 nan nan
220 80077 76 76 0 0.4991792057 0.000956277369 0.4977549937 0.5007807411 0.003025747319 0.496678345 0.5010271454 0.004348800407 -0.1378886389 0.00183089587 0.002907544608 nan nan
221 86199 237 237 0 0.7818919602 0.005723270822 0.7690465903 0.7872387693 0.01819217898 0.764023195 0.788729512 0.02470631702 -0.8031353449 0.01256348768 0.01758688298 nan nan
222 80174 132 132 0 0.7696999266 0.004576526036 0.7618478784 0.7760637498 0.01421587142 0.760040732 0.777288482 0.01724774998 -0.2037790772 0.00808276098 0.009889907338 nan nan
223 83275 65 65 0 0.4846669507 0.0009161078718 0.4829958108 0.4859590662 0.002963255469 0.482536187 0.4862171067 0.003680919762 -0.3768780058 0.002065279609 0.002524903407 nan nan
224 83256 297 297 0 0.4622670656 0.004458078271 0.4552882234 0.4698342944 0.01454607101 0.4513664911 0.4720831831 0.02071669199 0.03556327611 0.008101434837 0.01180654639 nan nan
225 81258 71 71 0 0.4753120104 0.00202068309 0.4715603642 0.4778284895 0.006268125373 0.4710878947 0.478385128 0.007297233364 -0.2628373372 0.004220372393 0.004692841883 nan nan
226 78827 93 93 0 0.4372789693 0.003941969191 0.4309314273 0.4435866995 0.01265527223 0.4287708917 0.4457735725 0.01700268077 -0.003239158701 0.006952653318 0.008871649117 nan nan
227 83935 81 81 0 0.5904900466 0.01362463805 0.5712485431 0.612613686 0.04136514297 0.568740552 0.6170362868 0.04829573487 0.1247410253 0.02289160204 0.02731420285 nan nan
228 82985 157 157 0 0.7655863477 0.005029785578 0.7567999038 0.7724463631 0.0156464593 0.7528687995 0.7745040731 0.02163527352 -0.2492300543 0.008946045221 0.01287714943 nan nan
229 90600 108 108 0 0.8495916796 0.004104255675 0.8411170287 0.8538948604 0.01277783167 0.8383587153 0.8547600811 0.01640136583 -0.569790881 0.009066776609 0.01182509002 nan nan
230 84985 173 173 0 0.7875300983 0.003922331473 0.7792840494 0.7921113421 0.01282729273 0.7755261081 0.7930917728 0.01756566475 -0.7168305343 0.007807548357 0.01156548968 nan nan
231 79611 51 51 0 0.4214798681 0.003420383182 0.4163125158 0.4270879352 0.01077541946 0.4153844061 0.4284188219 0.01303441578 0.1114660238 0.006155956939 0.006517540691 nan nan
232 85006 83 83 0 0.7552751894 0.004100571017 0.7480716815 0.7612044316 0.01313275004 0.7457496559 0.7624513722 0.01670171632 -0.2828939913 0.007828895855 0.01015092152 nan nan
233 93015 78 78 0 0.8569477416 0.003994979467 0.8470702863 0.8594452787 0.01237499248 0.8459058091 0.8598376402 0.01393183103 -0.8582521269 0.009226392418 0.01039086955 nan nan
234 91002 87 87 0 0.8536792265 0.003880960075 0.8453208264 0.8571070038 0.01178617736 0.8436175338 0.8576429609 0.01402542718 -0.6414947003 0.00765731481 0.009360607459 nan nan
235 80834 71 71 0 0.4483208086 0.003242273305 0.4428004933 0.45336491 0.0105644167 0.4410643918 0.4545661028 0.01350171102 -0.1213694549 0.005967393717 0.007303851574 nan nan
236 84069 81 81 0 0.4732557798 0.001769926813 0.4702284658 0.4757802418 0.005551776064 0.469070684 0.4764905553 0.007419871296 -0.1918352792 0.003565635321 0.004723417117 nan nan
237 88993 234 234 0 0.8360379029 0.00393141599 0.8289919362 0.8418766273 0.01288469108 0.8264366391 0.8431116949 0.01667505583 -0.2470551556 0.007090080796 0.009399508709 nan nan
238 86978 150 150 0 0.8278371991 0.003007487921 0.8225566639 0.8324666109 0.009909946963 0.8208615471 0.833645594 0.01278404691 -0.1471671417 0.005449977887 0.007061895137 nan nan
239 85566 63 63 0 0.5725030025 0.007335578208 0.5611068816 0.583770488 0.02266360645 0.5593359554 0.5853487797 0.02601282426 -0.003014596843 0.01300287683 0.01458116851 nan nan
240 87788 112 112 0 0.8231823817 0.002618851413 0.8185274075 0.8269695473 0.008442139767 0.816919978 0.8276527449 0.01073276681 -0.2786506414 0.004587027833 0.006072493853 nan nan
241 91438 194 194 0 0.7968301734 0.002683808484 0.7910865723 0.8001066884 0.009020116106 0.7876220739 0.8002327952 0.01261072135 -0.848582079 0.006602597122 0.01006709548 nan nan
242 89844 201 201 0 0.7645234892 0.003971270165 0.7568984528 0.770175001 0.01327654829 0.7534204924 0.7721039135 0.01868342108 -0.3937406783 0.008302782533 0.01178074288 nan nan
243 95842 263 263 0 0.8137965432 0.002430732352 0.8091031519 0.8174387057 0.008335553819 0.8066703384 0.8182587041 0.01158836576 -0.3561560694 0.006165212742 0.008598026254 nan nan
244 83229 56 56 0 0.4329298318 0.004949016919 0.4244901396 0.4395932276 0.01510308793 0.4227609684 0.4403499422 0.01758897379 -0.207827413 0.008106355727 0.009600870565 nan nan
245 95443 244 244 0 0.8081466413 0.00228416254 0.8042059447 0.8116163268 0.007410382075 0.8012064216 0.8122767884 0.01107036677 -0.3144536643 0.005089995612 0.008089518673 nan nan
246 93446 224 224 0 0.8024561423 0.002195435428 0.7981963242 0.8057791562 0.007582832074 0.7958387286 0.8061887813 0.01035005273 -0.3550452446 0.005193330933 0.007550926503 nan nan
247 86776 53 53 0 0.5706661737 0.01213634939 0.5488824652 0.5860514588 0.03716899364 0.5463642727 0.5882765116 0.04191223891 -0.2732486947 0.02254284939 0.02506104188 nan nan
248 83640 54 54 0 0.4445022271 0.003982834942 0.4375098622 0.4503107322 0.01280086997 0.434585726 0.4520624522 0.01747672613 -0.2258581123 0.007461548452 0.008769793364 nan nan
249 88110 61 61 0 0.4785013111 0.001529399082 0.4754730111 0.4803132888 0.004840277678 0.4750273752 0.4805854113 0.005558036097 -0.4247737877 0.003143247702 0.00358888361 nan nan
250 95422 109 109 0 0.8456352734 0.003032494096 0.8396966036 0.8490424509 0.009345847289 0.837684478 0.8495636253 0.01187914727 -0.4791457177 0.006355814134 0.008367939754 nan nan
251 87679 90 90 0 0.4502268926 0.004784539031 0.4416904774 0.4566379151 0.01494743771 0.4404030523 0.4574150131 0.01701196079 -0.225171012 0.008154171255 0.009441596324 nan nan
252 89293 95 95 0 0.4463118816 0.004515675691 0.4364469251 0.4504190609 0.01397213577 0.4339983714 0.4512536167 0.01725524535 -0.7335755478 0.009769465729 0.01221801948 nan nan
253 96263 261 261 0 0.7775348383 0.002826522657 0.7729312074 0.7821073947 0.00917618734 0.7709974913 0.7829927112 0.01199521997 -0.01294442837 0.005278698847 0.007212414996 nan nan
254 90117 145 145 0 0.4666163148 0.004166898848 0.459553215 0.4725855905 0.01303237554 0.4569510218 0.4736427669 0.01669174504 -0.2285368074 0.007412421088 0.008529228329 nan nan
255 91347 55 55 0 0.4840835383 0.002046435522 0.4803059089 0.4869807877 0.006674878808 0.479307705 0.4875704746 0.008262769646 -0.305894593 0.003938263388 0.004936467261 nan nan
256 99061 53 53 0 0.7390982463 0.001905159774 0.7345892472 0.7404120909 0.005822843662 0.7331605679 0.7407383161 0.007577748203 -0.9677284018 0.004114573427 0.00554325274 nan nan
257 97245 79 79 0 0.5471743794 0.01392438252 0.5272994463 0.5698351628 0.04253571652 0.5244192977 0.5723181205 0.04789882286 0.07843322112 0.02277773726 0.02439366817 nan nan
258 94534 67 67 0 0.4516561903 0.001755769532 0.4483489843 0.454141126 0.005792141623 0.4478290066 0.4546381822 0.006809175606 -0.296391145 0.004556168992 0.005076146743 nan nan
259 100594 214 214 0 0.7911137687 0.002761458338 0.7859931189 0.7951551319 0.009162012993 0.785059125 0.7952367443 0.01017761929 -0.3077501354 0.005823278126 0.00675727207 nan nan
260 89153 54 54 0 0.616524629 0.003844379051 0.6118071923 0.6235515695 0.01174437717 0.6106633636 0.6251745064 0.01451114285 0.3334900327 0.006670995848 0.00771109593 nan nan
261 93347 50 50 0 0.4709963421 0.002089335227 0.4683087525 0.4747271276 0.006418375078 0.4674836477 0.4755550777 0.008071430032 0.2529212632 0.003681910043 0.004209460219 nan nan
262 91158 50 50 0 0.630807804 0.00219110605 0.6271500016 0.634274514 0.007124512428 0.6262050183 0.6348299396 0.008624921256 -0.1133462144 0.004158880053 0.005103863273 nan nan
263 94858 59 59 0 0.545767736 0.007593321268 0.5345180936 0.5578841809 0.02336608728 0.5330909486 0.559128723 0.02603777447 0.02205615845 0.01261491843 0.01336098701 nan nan
264 98040 75 75 0 0.5490877647 0.0118527186 0.5304952324 0.5668418493 0.03634661686 0.5268241585 0.5692763878 0.04245222937 -0.0861147601 0.01998436475 0.02189681234 nan nan
265 96139 170 170 0 0.4611654779 0.004211152893 0.4531639438 0.4670495455 0.01388560174 0.4509430718 0.4684521 0.01750902821 -0.3386368314 0.007811113756 0.009333373308 nan nan
266 99440 76 76 0 0.7617157559 0.0009986075115 0.7602504402 0.7633682908 0.003117850589 0.7597476875 0.7636722961 0.00392460857 0.07015020478 0.001863390738 0.002366143479 nan nan
267 107040 103 103 0 0.8452290386 0.001467910442 0.8430602959 0.8477915039 0.004731208021 0.8420486512 0.8485384227 0.006489771513 0.05493408958 0.002926982517 0.003938627194 nan nan
268 108496 93 93 0 0.8498661966 0.001576685879 0.8467620694 0.8520121541 0.005250084695 0.8462128709 0.8523874904 0.006174619477 -0.4003213185 0.003759014852 0.00430821335 nan nan
269 104081 238 238 0 0.7689968978 0.003013333872 0.7638729732 0.7732540671 0.009381093908 0.7625934895 0.7738938844 0.01130039493 -0.1683072393 0.005590668801 0.006870152503 nan nan
270 105932 228 228 0 0.8305454325 0.002765245816 0.826072686 0.8351084722 0.009035786199 0.8238479521 0.8363207256 0.01247277356 -0.03511239156 0.005230268627 0.007455002558 nan nan
271 98764 78 78 0 0.6148374252 0.002807485598 0.6104574756 0.6190873376 0.008629861966 0.6098613101 0.6200512963 0.01018998618 0.007402167876 0.00478411157 0.005227931661 nan nan
272 110635 198 198 0 0.8167146431 0.00456934875 0.8076842005 0.8218856519 0.01420145148 0.804883562 0.8228527976 0.01796923558 -0.4703916072 0.00888954439 0.01169018288 nan nan
273 111650 210 210 0 0.8216820961 0.004259369969 0.8130501018 0.826500982 0.01345088017 0.8100784946 0.8275611525 0.01748265791 -0.5250521247 0.008487179226 0.01145878648 nan nan
274 99562 56 56 0 0.6039468148 0.00353311392 0.5979680441 0.6086672925 0.01069924841 0.5963593241 0.6095272172 0.01316789316 -0.1904161047 0.005851475465 0.007193109613 nan nan
275 111641 246 246 0 0.8376483338 0.002775252765 0.8335374324 0.8424202294 0.008882796989 0.8315399544 0.8440470416 0.01250708713 0.1007943818 0.005436669436 0.007434147417 nan nan
276 100073 78 78 0 0.4418652272 0.005240773487 0.432804883 0.449302759 0.01649787605 0.430968197 0.4513732972 0.02040510026 -0.164212265 0.009269918795 0.01110289999 nan nan
277 109268 116 116 0 0.7539899119 0.003506082734 0.7477856616 0.7585471419 0.01076148028 0.7465718911 0.7592433897 0.01267149858 -0.2334309553 0.006552564196 0.007766334711 nan nan
278 102286 82 82 0 0.6053401514 0.002634600244 0.6011597905 0.6093616886 0.008201898083 0.600198081 0.6098430843 0.00964500335 -0.05089611717 0.004571360891 0.005533070396 nan nan
279 112377 56 56 0 0.7147539909 0.007655945153 0.7020091102 0.7259635525 0.02395444223 0.6996475262 0.7282596248 0.02861209861 -0.07661417374 0.01370446365 0.01606604768 nan nan
280 109609 187 187 0 0.7782082337 0.004202118942 0.7712795424 0.7843158771 0.01303633469 0.7686511066 0.7851912082 0.01654010156 -0.07732669525 0.006957935106 0.009584619548 nan nan
281 111968 79 79 0 0.8520075753 0.002543356386 0.8465094366 0.8543698992 0.007860462619 0.8456354471 0.8548601151 0.009224667979 -0.6546671664 0.005687276233 0.006561265674 nan nan
282 104605 54 54 0 0.5856614728 0.004903986488 0.5762251349 0.59173376 0.01550862508 0.5748481843 0.5931264584 0.0182782741 -0.383448919 0.008545363301 0.009891261387 nan nan
283 106093 53 53 0 0.6016195748 0.005171169766 0.5932839662 0.6090562738 0.01577230756 0.5923101067 0.6100472283 0.01773712165 -0.09626489958 0.008545146081 0.008900703067 nan nan
284 112328 217 217 0 0.7956709075 0.003647732584 0.7892389142 0.8016709301 0.01243201588 0.787277843 0.8034382643 0.01616042129 -0.08554078505 0.006856899465 0.008531781641 nan nan
285 106107 88 88 0 0.5857836236 0.004154908374 0.5794293122 0.5923703268 0.01294101461 0.5777317804 0.5933282968 0.01559651633 -0.01894092757 0.007008505181 0.008152265736 nan nan
286 115586 304 304 0 0.7552149766 0.005407089618 0.7460041263 0.7630707028 0.01706657651 0.7449152623 0.765653655 0.02073839267 -0.1000717824 0.009575905081 0.01054345184 nan nan
287 117019 59 59 0 0.7142736401 0.01184048496 0.6941594074 0.7304373968 0.03627798947 0.6916559475 0.7322385553 0.04058260774 -0.1742829981 0.019222953 0.02089821023 nan nan
288 109691 57 57 0 0.6558129353 0.007181798953 0.6453144701 0.6670864066 0.02177193642 0.643743487 0.6686666421 0.02492315515 0.05017356377 0.01215030569 0.01372128884 nan nan
289 115814 76 76 0 0.8535848172 0.002710780861 0.8482957508 0.8566902248 0.008394473975 0.8474104511 0.8573540491 0.009943597949 -0.4042661836 0.005310815921 0.006196115605 nan nan
290 114958 57 57 0 0.5046657086 0.01138871947 0.4862040434 0.5208827636 0.03467872022 0.4842118031 0.5229446097 0.03873280666 -0.0718101738 0.01841990049 0.02045287692 nan nan
291 115594 93 93 0 0.741744841 0.005970966107 0.7307655727 0.7493609529 0.01859538019 0.7283295547 0.7506504854 0.02232093076 -0.2862058333 0.01119987882 0.01363589682 nan nan
292 118341 78 78 0 0.8548520123 0.003409946215 0.8482791099 0.8585755382 0.01029642825 0.8474481676 0.8592816357 0.01183346804 -0.4022811899 0.006135681979 0.006966624279 nan nan
293 118649 197 197 0 0.7969184096 0.007259538571 0.7840241176 0.8062970089 0.02227289134 0.7797619881 0.8082030879 0.02844109977 -0.2809162053 0.01289429201 0.01715642144 nan nan
294 114177 173 173 0 0.7847210473 0.003790139651 0.7784011802 0.791118501 0.01271732081 0.775870366 0.7928868809 0.01701651485 -0.08584594571 0.007579821998 0.009396447873 nan nan
295 111143 59 59 0 0.5840260881 0.004502996482 0.5771620068 0.5909398613 0.01377785448 0.5764014206 0.5918316503 0.01543022969 0.004371830049 0.007398842627 0.008290631642 nan nan
296 116981 155 155 0 0.7740626981 0.004757244822 0.766646488 0.7816926905 0.0150462025 0.7642768921 0.7842089623 0.01993207013 -0.007783458741 0.008737511492 0.01051489562 nan nan
297 111154 70 70 0 0.571936556 0.004258536321 0.5654535568 0.5784484702 0.0129949134 0.564017918 0.5799258263 0.01590790833 0.01576024451 0.007038061566 0.008128171228 nan nan
298 119490 191 191 0 0.8023203565 0.006244547352 0.7915241063 0.8109438398 0.01941973348 0.7882911987 0.8130025238 0.02471132515 -0.2061327204 0.01082989493 0.01360853483 nan nan
299 119797 333 333 0 0.7599261055 0.007531482663 0.7447991164 0.7688577597 0.02405864324 0.7385872219 0.7713904893 0.03280326741 -0.5394927706 0.01422566232 0.02043755682 nan nan
300 114063 61 61 0 0.5690356027 0.004313556287 0.5620157952 0.5752512095 0.01323541431 0.561244437 0.5760295769 0.01478513992 -0.0695549784 0.007270843487 0.0080492109 nan nan
301 120605 109 109 0 0.8391589037 0.003711908279 0.8326652355 0.8439589533 0.01129371778 0.8312363298 0.8444106984 0.01317436854 -0.2549346113 0.006154520423 0.007583426057 nan nan
302 115680 63 63 0 0.6219224028 0.007037051012 0.6110587237 0.6328759749 0.02181725119 0.6098242052 0.6341477702 0.02432356498 0.02527674557 0.01168395453 0.01222536743 nan nan
303 115738 75 75 0 0.5568261932 0.004505537364 0.5501056141 0.5638680791 0.01376246505 0.5494159496 0.5648309084 0.01541495879 0.04175193135 0.007432004877 0.00774032677 nan nan
304 118636 108 108 0 0.822298609 0.00328553417 0.8166553862 0.8272870413 0.01063165516 0.8145376612 0.8286871297 0.01414946849 -0.134281644 0.00607834403 0.007691878166 nan nan
305 121513 149 149 0 0.7359071324 0.006722172064 0.72520348 0.7459413723 0.0207378923 0.723302394 0.7480133691 0.02471097517 -0.03821387399 0.01101452141 0.01288704563 nan nan
306 122033 176 176 0 0.8275625177 0.003227971297 0.8223683042 0.8325195267 0.01015122248 0.8203302732 0.8333646967 0.01303442351 -0.09114367282 0.005692281847 0.007730312876 nan nan
307 124894 78 78 0 0.8396522641 0.004778970592 0.8307488632 0.8456012479 0.01485238472 0.8293437395 0.8460827716 0.01673903206 -0.311386195 0.007761670164 0.009166793853 nan nan
308 126427 54 54 0 0.678223226 0.01373669349 0.6568992423 0.6997363016 0.04283705933 0.6546436483 0.704384221 0.0497405727 0.05895756051 0.02451436141 0.02916228085 nan nan
309 123246 76 76 0 0.7000070926 0.00969193592 0.6854536478 0.7154486407 0.02999499287 0.6832331407 0.7186830185 0.03544987775 0.05930684294 0.01649480017 0.01797360215 nan nan
310 122340 174 174 0 0.7833989976 0.005056625669 0.7746894971 0.7912280845 0.01653858746 0.7720328791 0.7940388692 0.02200599016 -0.1187739801 0.009556392655 0.01151087247 nan nan
311 126101 274 274 0 0.7343084167 0.006244940026 0.7244876086 0.7437331967 0.01924558815 0.7228736398 0.74561545 0.02274181027 -0.03864958548 0.0102262613 0.01158908059 nan nan
312 127875 66 66 0 0.6766332868 0.0137086308 0.6574058882 0.6998506667 0.04244477854 0.6555515764 0.7026468347 0.04709525822 0.1871317659 0.02450629717 0.02730246509 nan nan
313 122137 54 54 0 0.6545591286 0.005583704652 0.6454542051 0.6624107189 0.01695651381 0.6438965959 0.6635955752 0.01969897933 -0.1251187805 0.009096164476 0.01024124953 nan nan
314 124351 125 125 0 0.7715464508 0.005022893782 0.7628550022 0.7793755027 0.01652050052 0.7593093336 0.7822242364 0.02291490281 -0.1337411802 0.009644007968 0.01241345734 nan nan
315 128076 61 61 0 0.8375514249 0.004855961612 0.8298469019 0.8447488957 0.01490199376 0.8289227727 0.8452595126 0.01633673983 -0.06067612727 0.007708087727 0.008628652107 nan nan
316 124622 169 169 0 0.8036018909 0.004648103009 0.7959658524 0.8113309009 0.01536504845 0.793505464 0.8136495808 0.02014411673 0.006921577165 0.008747117481 0.01009642692 nan nan
317 126422 67 67 0 0.68433931 0.01231871843 0.6612726321 0.6985793787 0.03730674652 0.6584517031 0.6998494022 0.04139769908 -0.3435700783 0.02134376298 0.02416469201 nan nan
318 130158 229 229 0 0.755500839 0.01156939586 0.734875755 0.7679756389 0.03309988385 0.7312679548 0.7723385957 0.04107064084 -0.1725723195 0.01800159203 0.02070943123 nan nan
319 130116 73 73 0 0.8389617393 0.005361594178 0.8301775502 0.8465209884 0.01634343821 0.8289989661 0.8474049071 0.01840594103 -0.1450165181 0.008743064005 0.009354528816 nan nan
320 129256 184 184 0 0.8054405441 0.007570133315 0.7930191064 0.8161933652 0.02317425889 0.7896775984 0.8194382276 0.02976062924 -0.09273423128 0.01293899615 0.01591775651 nan nan
321 130414 84 84 0 0.8266527673 0.003389904937 0.8210598607 0.8315482776 0.01048841686 0.8196472323 0.8329873504 0.01334011811 -0.09799587673 0.006077342421 0.007212968422 nan nan
322 129580 258 258 0 0.7420392802 0.008520821872 0.729511435 0.7563194818 0.02680804688 0.7260293574 0.7607616718 0.03473231438 0.1185199191 0.01508762812 0.01782451899 nan nan
323 129834 152 152 0 0.8160891886 0.003595304253 0.8103252505 0.8215213362 0.01119608567 0.8086143699 0.8225796211 0.0139652512 -0.04315694966 0.006253723252 0.0079646039 nan nan
324 134590 334 334 0 0.700044529 0.01369405031 0.678445745 0.7213815423 0.04293579727 0.6750050191 0.7245960263 0.04959100723 -0.008180603285 0.02261402341 0.02546042275 nan nan
325 131876 60 60 0 0.8397588529 0.004732573076 0.8322857912 0.8465573547 0.0142715635 0.8309819693 0.8471186423 0.01613667295 -0.07965015651 0.007564200233 0.008576784066 nan nan
326 132535 156 156 0 0.6985548071 0.01169683855 0.6794911879 0.7150759222 0.03558473435 0.6776268494 0.7179314023 0.04030455284 -0.1032607844 0.01915027735 0.02085595843 nan nan
327 132832 68 68 0 0.6957846676 0.009272885888 0.6809805736 0.7090392795 0.02805870592 0.6781202344 0.7111906122 0.03307037784 -0.1087872989 0.01624119697 0.01839252968 nan nan
328 135139 331 331 0 0.7717182757 0.01076252545 0.7536554341 0.7879922901 0.03433685598 0.7471658646 0.7926033066 0.04543744206 -0.1120292986 0.01917017292 0.02380576895 nan nan
329 134556 281 281 0 0.7608873331 0.009803992284 0.7448243096 0.7755158132 0.03069150365 0.7411749388 0.7807951252 0.03962018639 -0.05847130004 0.01708848361 0.01982539302 nan nan
330 136318 288 288 0 0.7822714719 0.008928486996 0.766893293 0.7954201573 0.02852686426 0.7619931826 0.7993550898 0.0373619072 -0.1581549457 0.01614515657 0.01956158718 nan nan
331 133677 189 189 0 0.751156718 0.006830959871 0.7415088793 0.763994025 0.02248514573 0.7387051173 0.7676291688 0.02892405154 0.3097803161 0.01263176921 0.01534435367 nan nan
332 139913 591 591 0 0.697571368 0.0149630071 0.6749212848 0.7210619892 0.04614070437 0.6704174812 0.7251793633 0.0547618821 0.03444779289 0.02450794485 0.02745556809 nan nan
333 136299 65 65 0 0.8234163207 0.003481873784 0.8179016083 0.828436166 0.01053455769 0.816438565 0.8293637114 0.01292514647 -0.1309175762 0.005899690567 0.00692461165 nan nan
334 137188 83 83 0 0.8145215667 0.004021000993 0.8079637248 0.8202733864 0.01230966164 0.8060842082 0.8217166366 0.01563242842 -0.1023465638 0.00707134248 0.008080994125 nan nan
335 135715 128 128 0 0.8037141089 0.003602331345 0.798259208 0.8092542624 0.01099505441 0.7954630283 0.810322927 0.01485989867 -0.07053283941 0.006528490106 0.00932466976 nan nan
336 137288 72 72 0 0.6358655446 0.01016769721 0.6192290356 0.6513557526 0.03212671701 0.6159863198 0.6543753205 0.03838900068 -0.06151893528 0.01793559424 0.02057986113 nan nan
337 142875 411 411 0 0.7054579071 0.01649431949 0.6745317582 0.7267986241 0.05226686593 0.6693177396 0.7312720587 0.06195431908 -0.312370804 0.02990647393 0.03512049249 nan nan
338 141120 68 68 0 0.6602196456 0.01277673158 0.6416305625 0.6805999258 0.03896936334 0.63921877 0.6835192798 0.04430050973 0.06626484876 0.02093565145 0.0228687601 nan nan
339 141333 60 60 0 0.8204988795 0.004968614723 0.8127452618 0.828075943 0.01533068126 0.8115618925 0.8285879021 0.01702600963 -0.02445245421 0.00872117078 0.009233129887 nan nan
340 139865 174 174 0 0.7894342705 0.004880576216 0.7808357751 0.7970023736 0.01616659857 0.7775669999 0.7984654788 0.02089847899 -0.2442614323 0.008892759628 0.01205201379 nan nan
341 142570 226 226 0 0.7196312696 0.01047701179 0.7018841905 0.7341198625 0.03223567199 0.6980804531 0.7377995287 0.03971907562 -0.160081457 0.01796251179 0.02153877592 nan nan
342 141926 55 55 0 0.8217774427 0.005533394324 0.8133434012 0.8301014551 0.01675805387 0.8121326152 0.8315291216 0.01939650638 0.01874322851 0.009211983924 0.01020265526 nan nan
343 142823 61 61 0 0.8112528251 0.003782564569 0.8052166796 0.817315729 0.0120990494 0.8042720023 0.8182460503 0.013974048 -0.001872346693 0.007452165962 0.008382487207 nan nan
344 142530 81 81 0 0.8018519801 0.003871053645 0.7952961977 0.8076342691 0.01233807142 0.7933733474 0.8090859353 0.01571258786 -0.05069810838 0.006726834569 0.008057166805 nan nan
345 142010 72 72 0 0.6623392626 0.008705163006 0.6490813885 0.6758246217 0.02674323311 0.6477732866 0.6772496112 0.02947632455 0.01253556407 0.01468907756 0.01611406707 nan nan
346 141732 56 56 0 0.631855841 0.008384267385 0.6194041001 0.6445285945 0.02512449439 0.6173199996 0.6466164648 0.02929646524 0.03967097299 0.013758538 0.0150869948 nan nan
347 143454 199 199 0 0.7290601421 0.007147512638 0.7188949425 0.7408868517 0.02199190917 0.717905753 0.7436072914 0.0257015384 0.1182267246 0.0118126974 0.01371571382 nan nan
348 146472 204 204 0 0.649348425 0.01713228499 0.6207385976 0.6741179791 0.05337938145 0.6161391622 0.676915894 0.06077673172 -0.1065808379 0.02832315941 0.03210771604 nan nan
349 147951 407 407 0 0.6600939047 0.008357943634 0.6470337415 0.6728583005 0.02582455899 0.6446256782 0.6764456878 0.03182000965 -0.01054664808 0.01398373274 0.01694410293 nan nan
350 147290 84 84 0 0.7887627002 0.004259140432 0.7816858747 0.7953173922 0.01363151751 0.779237257 0.7968407297 0.01760347273 -0.1386475262 0.007601604351 0.00947600465 nan nan
351 146101 112 112 0 0.7796487025 0.003034116862 0.775096822 0.7846777436 0.009580921588 0.7728743318 0.7857675016 0.01289316978 0.02984480056 0.005992360969 0.008214851189 nan nan
352 144922 116 116 0 0.7663519696 0.005092440107 0.7588377341 0.7755214481 0.016683714 0.7561785541 0.7790820383 0.02290348422 0.2369833439 0.009641242281 0.01172305384 nan nan
353 148804 243 243 0 0.7266024368 0.01101872545 0.7085089964 0.7433530735 0.03484407702 0.7057998618 0.7482305343 0.04243067252 -0.03822786197 0.01930817754 0.02129625216 nan nan
354 146416 172 172 0 0.7460570161 0.007740888426 0.7338130802 0.7589526828 0.02513960264 0.7300739598 0.7633444082 0.03327044847 0.05731039955 0.01422682529 0.01719801508 nan nan
355 149067 59 59 0 0.8034318829 0.00494976804 0.7955921468 0.8108927659 0.01530061901 0.7946586335 0.8118231961 0.01716456255 -0.006579984154 0.008811570066 0.009742000281 nan nan
356 149070 74 74 0 0.7957464331 0.005157687595 0.7876048174 0.8034696539 0.01586483654 0.7854313557 0.8046751134 0.01924375773 -0.06930402152 0.008926834143 0.009856659407 nan nan
357 148363 60 60 0 0.5120297258 0.006609175716 0.5011637363 0.521862457 0.0206987207 0.4990252524 0.5230284163 0.02400316387 -0.09869758812 0.01116395421 0.01285177796 nan nan
358 149113 136 136 0 0.7043991086 0.007263196821 0.6936841809 0.7161553719 0.02247119098 0.6927363259 0.7171488466 0.02441252074 0.1010720883 0.01168686826 0.01257411995 nan nan
359 155018 417 417 0 0.6656120242 0.01983205737 0.6345105412 0.6963373647 0.0618268235 0.6285711288 0.7025728763 0.07400174747 0.008979184707 0.03304572223 0.03773204043 nan nan
360 149179 55 55 0 0.6035738357 0.007998641373 0.5909554437 0.615741626 0.02478618229 0.5897821596 0.6167633442 0.02698118462 -0.0240052227 0.01380606182 0.01482778002 nan nan
361 150562 184 184 0 0.7665738103 0.005204668294 0.7583343456 0.7743233854 0.01598903976 0.7549168286 0.7758417397 0.0209249111 -0.07757669161 0.008779069316 0.01214217345 nan nan
362 149387 114 114 0 0.7505279872 0.00568952328 0.7410389098 0.7593763547 0.01833744498 0.738453057 0.7614159504 0.02296289333 -0.06603499298 0.01044009154 0.01216560203 nan nan
363 151230 92 92 0 0.623112852 0.01104754193 0.6066207084 0.6405945245 0.03397381608 0.6040621456 0.6428522306 0.03879008496 0.05644135444 0.01820367944 0.02004973367 nan nan
364 151767 121 121 0 0.7063380656 0.006615602597 0.6957124786 0.716375901 0.02066342242 0.6946554403 0.7174394464 0.02278400609 0.01101242467 0.01086549427 0.01180485883 nan nan
365 155628 496 496 0 0.6272207749 0.01251699519 0.6038583228 0.6437770981 0.03991877525 0.6011582644 0.6463528726 0.04519460826 -0.3062548467 0.02266857794 0.02536863642 nan nan
366 153030 50 50 0 0.5723923667 0.009756147747 0.5583797463 0.5882857508 0.02990600447 0.5564773619 0.5902643689 0.03378700693 0.07194774014 0.01613999233 0.01789706383 nan nan
367 157373 451 451 0 0.6383086069 0.01707136938 0.6126797443 0.6661930591 0.05351331479 0.6075506303 0.6705962369 0.06304560655 0.05954814702 0.02882167998 0.03217242235 nan nan
368 155082 53 53 0 0.5737547827 0.0107287002 0.5561463374 0.5888614221 0.03271508472 0.554316642 0.5930915644 0.03877492244 -0.04941821402 0.01748178049 0.02171192275 nan nan
369 154665 57 57 0 0.7874508558 0.004977938057 0.7793694797 0.7941729208 0.01480344111 0.7775882047 0.7958509736 0.01826276888 -0.1420450906 0.008071324309 0.009348284711 nan nan
370 155284 230 230 0 0.7142597057 0.01254011962 0.6926273035 0.7324829098 0.03985560635 0.6854859678 0.7373355932 0.05184962531 -0.1622031914 0.02239854792 0.0292746795 nan nan
371 153800 92 92 0 0.7538676954 0.002591316087 0.7497802455 0.7579332555 0.008153009997 0.7475047671 0.7586594375 0.01115467041 -0.1204260928 0.004814125112 0.007089603553 nan nan
372 155671 52 52 0 0.569077089 0.009185886571 0.5558199671 0.5833781521 0.02755818494 0.5538482077 0.585922903 0.03207469534 0.1120650793 0.01611576792 0.01866051882 nan nan
373 155862 201 201 0 0.7269596089 0.009257265332 0.7124158375 0.7414341323 0.02901829484 0.7098268602 0.7453849086 0.03555804842 -0.005088412219 0.01585803585 0.0184252997 nan nan
374 157353 345 345 0 0.6698413304 0.01215456629 0.6525669194 0.6901041496 0.03753723017 0.6491179518 0.6928338514 0.04371589954 0.1126209584 0.02020015333 0.02245213578 nan nan
375 155412 52 52 0 0.5281071158 0.003016289221 0.5236364684 0.5329823586 0.009345890158 0.523058051 0.5343265119 0.01126846086 0.1419158247 0.005439639552 0.006783792823 nan nan
376 157023 98 98 0 0.7458581991 0.002590933813 0.7419256608 0.7500924841 0.00816682328 0.7406341313 0.7508771832 0.01024305184 0.03490166273 0.004650127048 0.005941656501 nan nan
377 156665 55 55 0 0.4426878979 0.003321253083 0.4377524966 0.4479195736 0.01016707695 0.4371622981 0.4485176948 0.01135539668 0.04542531073 0.005443254562 0.006041375799 nan nan
378 160543 182 182 0 0.681717037 0.0117896388 0.66487088 0.7022976601 0.03742678012 0.6596940163 0.7049957086 0.04530169231 0.1319847499 0.02056207301 0.02374246089 nan nan
379 158469 80 80 0 0.767710621 0.005441205575 0.7594624404 0.7759995711 0.01653713069 0.7581277054 0.7773306613 0.01920295594 0.003191980331 0.008999215518 0.01033030578 nan nan
380 162289 359 359 0 0.665491323 0.01437582508 0.6466102662 0.6912035951 0.04459332891 0.6426367941 0.6948906732 0.05225387908 0.2522388325 0.02401854112 0.0275771069 nan nan
381 160886 323 323 0 0.5969218066 0.009417071904 0.5858314269 0.6159270616 0.03009563474 0.5822545187 0.6184371145 0.03618259579 0.4674397087 0.01744540666 0.01995545959 nan nan
382 158191 103 103 0 0.7372940522 0.002752836006 0.732769466 0.7415818395 0.008812373486 0.7310571524 0.74253909 0.01148193764 -0.07698100045 0.005755679709 0.007467993346 nan nan
383 158857 73 73 0 0.5942909474 0.007006373589 0.5836319208 0.604801719 0.0211697982 0.5821286454 0.6066666205 0.02453797509 0.003996496477 0.01144113979 0.01237567317 nan nan
384 160213 66 66 0 0.7680864351 0.004624512919 0.7606431263 0.7750487819 0.0144056556 0.7586401452 0.775697929 0.0170577838 -0.1032000738 0.007905965087 0.009908946116 nan nan
385 161388 112 112 0 0.7280298121 0.003181778964 0.7231879977 0.7330170473 0.009829049584 0.721213803 0.7339237388 0.01270993582 -0.02977336862 0.005357930202 0.007208993511 nan nan
386 160244 73 73 0 0.7021439332 0.004716920461 0.6945520274 0.7089975175 0.01444549017 0.6923270101 0.71039945 0.01807243984 -0.09733833008 0.008011762179 0.009074199967 nan nan
387 163792 55 55 0 0.5725378158 0.008700548007 0.5595364352 0.5865981433 0.02706170806 0.5574597164 0.5893339006 0.03187418415 0.135566635 0.01539547397 0.01813123124 nan nan
388 163416 115 115 0 0.717498483 0.003091306498 0.7128269319 0.7223793143 0.009552382348 0.7115008571 0.7232542759 0.01175341885 0.03508062209 0.005151603042 0.00629999199 nan nan
389 166897 372 372 0 0.6307865317 0.01152498466 0.6125702551 0.6492073159 0.03663706084 0.6069454334 0.6526951622 0.04574972881 -0.0227808569 0.02021902938 0.02293625187 nan nan
390 165416 118 118 0 0.7356767334 0.005957945399 0.7258449494 0.7447893019 0.01894435248 0.7226444738 0.7475083016 0.02486382774 -0.0683760681 0.01049819257 0.01277009944 nan nan
391 167159 185 185 0 0.6638003291 0.01300983631 0.650684136 0.6911316698 0.04044753385 0.6464482698 0.6947140999 0.04826583004 0.588682435 0.02411242852 0.02769485859 nan nan
392 165194 220 220 0 0.6151944534 0.008773563307 0.6021925072 0.6296765808 0.02748407352 0.5981726239 0.6338724171 0.03569979314 0.08912519182 0.01537100837 0.01801994515 nan nan
393 164102 51 51 0 0.5378408055 0.008120374842 0.5260739642 0.550850697 0.02477673284 0.525200071 0.5527738793 0.02757380834 0.08847440462 0.01629748041 0.01717137361 nan nan
394 163422 139 139 0 0.7047649388 0.003963909691 0.6992700671 0.7115718942 0.01230182708 0.6983850419 0.7127191091 0.01433406718 0.189469901 0.006545596688 0.007288434487 nan nan
395 166292 170 170 0 0.6920899928 0.003846593113 0.6857171762 0.698024313 0.01230713688 0.6843862683 0.6989462998 0.01456003147 -0.08436015418 0.006794605274 0.00812551312 nan nan
396 167769 244 244 0 0.5959669706 0.005723118327 0.588152005 0.6064696624 0.01831765737 0.5871250332 0.6104352095 0.02331017629 0.3351829122 0.009993981332 0.01395952844 nan nan
397 165693 66 66 0 0.752725475 0.004627367163 0.7456573781 0.7601322456 0.01447486757 0.7446970686 0.7621447007 0.0174476321 0.07553255493 0.00800918655 0.008962460961 nan nan
398 169702 428 428 0 0.6737209116 0.007606494154 0.6616672295 0.6853508156 0.02368358609 0.6587589893 0.6905523905 0.03179340124 -0.01127895887 0.01332033492 0.01825408775 nan nan
399 171413 186 186 0 0.6256289486 0.01015969701 0.612558533 0.6448714093 0.03231287622 0.608531722 0.6491263914 0.04059466943 0.3649588449 0.01841898374 0.02267396592 nan nan
400 170610 444 444 0 0.5676333356 0.00777106379 0.5574352658 0.5819932596 0.02455799383 0.5538016399 0.585614568 0.03181292808 0.2666180587 0.013744071 0.01692464382 nan nan
401 168550 110 110 0 0.7184053761 0.005161029777 0.7108298148 0.7269587397 0.01612892482 0.709711838 0.730141737 0.02042989896 0.1716699325 0.00864973473 0.01144196969 nan nan
402 172824 420 420 0 0.6020921519 0.010124296 0.5879809886 0.620960005 0.03297901649 0.5833839174 0.6277360707 0.0443521533 0.3015439407 0.01825267651 0.02458056211 nan nan
403 168840 79 79 0 0.7054887143 0.00379426474 0.6988930533 0.7109019595 0.01200890616 0.6968881439 0.7123757135 0.01548756961 -0.2012289234 0.006843772928 0.008017552295 nan nan
404 170240 95 95 0 0.7240026981 0.008850968007 0.7121573642 0.7396674559 0.0275100917 0.7105262005 0.7422888266 0.03176262611 0.1952315988 0.01522661669 0.01784798732 nan nan
405 171408 196 196 0 0.6357003035 0.006880525495 0.6224278177 0.6443277129 0.02189989513 0.6175592949 0.6474155532 0.0298562583 -0.4208878145 0.0124771965 0.01728786073 nan nan
406 172002 261 261 0 0.5789195467 0.006370580489 0.5662824814 0.5863297528 0.02004727133 0.561837887 0.5873070068 0.02546911979 -0.5125058202 0.01107230521 0.01551689961 nan nan
407 171464 129 129 0 0.5534131193 0.01143769739 0.5336848699 0.5672999721 0.03361510214 0.5321532532 0.5700718264 0.03791857324 -0.2338422667 0.0182630156 0.01952449072 nan nan
408 171959 94 94 0 0.6446127465 0.00594955181 0.6366118071 0.6562899208 0.01967811363 0.6343849446 0.6588351351 0.02445019042 0.3379483781 0.01097703182 0.01352224611 nan nan
409 175375 52 52 0 0.5178758514 0.008859508427 0.5042722561 0.5309581121 0.02668585595 0.5029738599 0.5326001296 0.02962626965 0.01292651222 0.01573331436 0.01737533184 nan nan
410 172474 52 52 0 0.7404428596 0.007630623322 0.7282187589 0.7512964735 0.0230777146 0.7259204859 0.7536619699 0.02774148403 -0.0911546637 0.01298941921 0.01535491565 nan nan
411 172756 62 62 0 0.7330304052 0.008746471965 0.71940581 0.7459486962 0.02654288629 0.7170509497 0.7478247058 0.03077375614 -0.03370267451 0.01429625466 0.01552464804 nan nan
412 175360 52 52 0 0.5316964599 0.009850472407 0.5188855674 0.5488111866 0.02992561922 0.5176156917 0.5507477768 0.03313208503 0.2006876373 0.01579521446 0.01721541523 nan nan
413 172760 58 58 0 0.7215761113 0.005636504862 0.7140520414 0.7323871095 0.01833506805 0.7118556475 0.7349912565 0.02313560899 0.39156083 0.01012234086 0.01181360744 nan nan
414 173885 192 192 0 0.6941437828 0.007218890302 0.6829339516 0.7074829385 0.02454898693 0.6760242797 0.7098473333 0.03382305357 0.1011776489 0.01481011722 0.01715139059 nan nan
415 177199 423 423 0 0.6478981808 0.00770064104 0.6357707644 0.6599312453 0.02416048092 0.6335821577 0.663986542 0.03040438426 0.01686490722 0.01431223709 0.0183675338 nan nan
416 176447 246 246 0 0.5428413156 0.007520618921 0.5327215569 0.5570930279 0.02437147107 0.5311789511 0.5590361311 0.02785718004 0.3119902692 0.01371200375 0.01565510695 nan nan
417 177568 71 71 0 0.5081255034 0.007514469579 0.4979724385 0.5203988219 0.02242638338 0.4964892364 0.5228179075 0.0263286711 0.1648234171 0.01323220098 0.01565128661 nan nan
418 174614 50 50 0 0.4484309299 0.002772053192 0.4444523413 0.4529213144 0.00846897311 0.4439716228 0.4537173104 0.009745687638 0.1367139722 0.004640265069 0.005436261093 nan nan
419 179406 409 409 0 0.5782077188 0.007844046562 0.566001301 0.5915800952 0.02557879428 0.5637953309 0.5965701506 0.03277481965 0.1086372332 0.01416420466 0.0183624318 nan nan
420 174982 54 54 0 0.7038685961 0.005418078758 0.6934980401 0.7100671776 0.01656913744 0.6890517282 0.7109648676 0.0219131394 -0.5541976115 0.009037485412 0.01348379733 nan nan
421 182350 587 587 0 0.560912061 0.008091140523 0.5512273064 0.5778341112 0.02660680485 0.5492244679 0.5865561864 0.03733171844 0.656389233 0.01672058017 0.02544265527 nan nan
422 176167 135 135 0 0.551822425 0.003533868065 0.5460617896 0.5571434147 0.01108162512 0.5451956484 0.5584663168 0.01327066843 -0.04553679011 0.00615589427 0.006867161475 nan nan
423 176090 102 102 0 0.6775302853 0.005176993897 0.6693731798 0.6860507626 0.01667758272 0.6668067365 0.6884585743 0.0216518378 0.02481475839 0.009439691775 0.01114723585 nan nan
424 178568 197 197 0 0.6203152572 0.006430828636 0.610796129 0.6317627898 0.02096666077 0.609130659 0.6359598257 0.02682916672 0.2015466363 0.01144753262 0.01564456853 nan nan
425 181270 291 291 0 0.5903473082 0.007840741244 0.5818997246 0.6069227254 0.0250230008 0.5804844154 0.6125556857 0.03207127031 0.6313099111 0.01578412059 0.02141708096 nan nan
426 177717 87 87 0 0.6999011199 0.007664283961 0.6878390087 0.7122085214 0.02436951273 0.684269177 0.7142123303 0.02994315322 -0.02180926438 0.01408922567 0.01606186758 nan nan
427 177980 50 50 0 0.716553356 0.007124402324 0.7033303759 0.7261167395 0.02278636356 0.7011970081 0.7283219223 0.02712491422 -0.2533599545 0.0127044088 0.01430940822 nan nan
428 180183 138 138 0 0.6268507007 0.005200538507 0.6185780561 0.6338814845 0.01530342845 0.6175285998 0.6362297121 0.01870111229 -0.05185371833 0.008186881128 0.01040187227 nan nan
429 180996 251 251 0 0.6039209279 0.005445061153 0.5945144911 0.6126209969 0.0181065058 0.592234878 0.6158988314 0.02366395341 -0.07148127714 0.0100888925 0.01276623618 nan nan
430 180156 133 133 0 0.6774782022 0.007517892413 0.6651784522 0.6900479475 0.02486949521 0.6611941674 0.6942142031 0.03302003572 0.01886173465 0.01392094925 0.01673600088 nan nan
431 180831 56 56 0 0.4717065814 0.001380034285 0.4696504302 0.4739606648 0.004310234651 0.469286234 0.474628684 0.005342450002 0.05647437628 0.002792649373 0.00346066854 nan nan
432 182115 80 80 0 0.5221629231 0.005484877755 0.5144816531 0.5312628636 0.01678121053 0.5129858327 0.5321787417 0.01919290897 0.1190980558 0.009031766189 0.009972017655 nan nan
433 181764 198 198 0 0.6572935383 0.008859946171 0.6418197626 0.6706270258 0.02880726314 0.6364600038 0.6751691159 0.03870911206 -0.1648693843 0.01625116539 0.01972252411 nan nan
434 184724 304 304 0 0.5463408894 0.003259884156 0.5409221988 0.5517864143 0.01086421548 0.5399685452 0.5541748295 0.01420628431 0.09165906253 0.006026423995 0.008131980288 nan nan
435 187065 189 189 0 0.5184141075 0.00566962403 0.5126781939 0.5299060335 0.01722783954 0.5119994615 0.5316063004 0.01960683885 0.4996099423 0.01149192601 0.01319219292 nan nan
436 188067 561 561 0 0.5336630796 0.005388214034 0.5247177477 0.542226425 0.01750867731 0.5222080966 0.5465309799 0.02432288332 -0.01945980318 0.00985978304 0.01390937627 nan nan
437 189830 342 342 0 0.521495136 0.00415006837 0.5161581036 0.5294633168 0.01330521319 0.5152900054 0.5309175156 0.01562751012 0.3405371564 0.008372128854 0.009826327641 nan nan
438 183098 71 71 0 0.6318484664 0.003644094456 0.6263619804 0.6382303633 0.01186838291 0.62547206 0.6405140435 0.01504198345 0.2070309666 0.006984580534 0.009268260693 nan nan
439 184903 54 54 0 0.6840945728 0.008332787905 0.6715965227 0.6977417307 0.02614520804 0.6664247975 0.7032151654 0.0367903679 0.1382139387 0.01598697913 0.01963463413 nan nan
440 184387 57 57 0 0.6740927919 0.007675822206 0.6630478996 0.6871874868 0.02413958718 0.6594887925 0.6909506074 0.03146181489 0.1841927798 0.01366537483 0.01639455371 nan nan
441 184939 102 102 0 0.61583035 0.003619167029 0.6105502894 0.6224475729 0.01189728357 0.6094787805 0.626096471 0.01661769047 0.3707458757 0.007493563317 0.01114246135 nan nan
442 196566 50 50 0 0.4957058801 0.003971343616 0.4930987115 0.5042424187 0.01114370727 0.4929106872 0.5079713594 0.01506067226 1.038539591 0.01080902277 0.01453796347 nan nan
443 189602 50 50 0 0.4942555674 0.003352563579 0.4919696894 0.5017726999 0.009803010555 0.4917583721 0.5027621232 0.01100375107 0.7450534643 0.007444730028 0.008434153264 nan nan
444 185571 51 51 0 0.4645602212 0.001173266162 0.4626909056 0.4662607893 0.00356988367 0.4623651915 0.466679977 0.00431478555 -0.0468628357 0.00198992577 0.002195029691 nan nan
445 189295 257 257 0 0.5737432879 0.004398977166 0.5662305486 0.5802971028 0.01406655415 0.563990029 0.5817044208 0.01771439184 -0.1634913989 0.007993329791 0.009370750076 nan nan
446 191075 73 73 0 0.5101340726 0.002876230606 0.5083240518 0.517508442 0.009184390143 0.5081311644 0.5194057409 0.01127457652 1.164892802 0.007568727376 0.009466026329 nan nan
447 189855 56 56 0 0.4892223786 0.002732890482 0.4877310345 0.4961278412 0.008396806772 0.4874711373 0.4969662281 0.009495090837 0.9641554509 0.006018983339 0.006857370235 nan nan
448 191827 62 62 0 0.4917319393 0.002402186045 0.489714656 0.4970397171 0.00732506114 0.4894132686 0.4986174461 0.009204177512 0.8441056287 0.006312711309 0.007890440285 nan nan
449 187258 117 117 0 0.6081114127 0.004241543265 0.6020948491 0.615991825 0.0138969759 0.6005259082 0.6187593385 0.01823343031 0.3134934049 0.008070041481 0.01083755493 nan nan
450 188633 51 51 0 0.4593041571 0.001133884771 0.4577234871 0.4613407494 0.0036172623 0.4573982431 0.4616644528 0.004266209694 0.2546932504 0.002430585227 0.002754288664 nan nan
451 186222 117 117 0 0.6343157003 0.007621671149 0.6227742106 0.6476182647 0.0248440541 0.6195424415 0.6510584312 0.03151598968 0.1547220554 0.01431499583 0.01645955258 nan nan
452 189839 53 53 0 0.5088758415 0.002616182256 0.5070501631 0.5150933654 0.008043202255 0.5068926804 0.516586183 0.009693502618 0.9086471919 0.005535781063 0.007028598705 nan nan
453 191830 77 77 0 0.4882269439 0.002463823385 0.4860293747 0.4933913827 0.007362008003 0.4857150886 0.4945731683 0.008858079672 0.6511151921 0.006218120722 0.007399906292 nan nan
454 187683 56 56 0 0.4023902927 0.001430970358 0.3998569494 0.4043105289 0.004453579576 0.3995593041 0.4044592942 0.004899990153 -0.2459605882 0.002387578408 0.002685223701 nan nan
455 186729 65 65 0 0.6477066732 0.005928038085 0.6364791603 0.6549029306 0.01842377034 0.6336098509 0.6574264598 0.0238166088 -0.3787047953 0.01075983365 0.01291921453 nan nan
456 187011 75 75 0 0.5972135286 0.002494496531 0.5930360956 0.6009625615 0.007926465854 0.5924030889 0.6019959747 0.009592885825 -0.03111642239 0.004326355845 0.00519821449 nan nan
457 187990 64 64 0 0.6614979269 0.007269272775 0.6506302103 0.6737358011 0.02310559081 0.6481601201 0.6777132074 0.02955308727 0.1477872799 0.01296414973 0.01686552343 nan nan
458 189387 52 52 0 0.4559338715 0.001000121979 0.454468414 0.4577040139 0.003235599817 0.454245788 0.4582886844 0.004042896339 0.3252657121 0.001760147478 0.0023418991 nan nan
459 189783 146 146 0 0.5901614411 0.004117405126 0.5840873514 0.5977258788 0.01363852734 0.5824530998 0.6012095941 0.01875649427 0.3468757962 0.007661305544 0.01109943268 nan nan
460 188251 67 67 0 0.6436822263 0.00795410856 0.6335836967 0.6584244055 0.02484070882 0.6311147415 0.660745837 0.02963109547 0.2976919946 0.01474217912 0.01706361064 nan nan
461 189266 101 101 0 0.6218830134 0.00623741176 0.611778238 0.6320236026 0.02024536459 0.6092223078 0.6347270983 0.0255047905 -0.0102612059 0.0113940764 0.0133440136 nan nan
462 192539 60 60 0 0.5113937638 0.001109514393 0.5101308895 0.5135903842 0.003459494785 0.5100265447 0.5149414144 0.004914869684 0.8677238434 0.002613849798 0.003964879919 nan nan
463 194466 57 57 0 0.4953223642 0.00138196263 0.4940753244 0.4984225185 0.004347194064 0.4938000141 0.5002559901 0.006455975992 1.224351492 0.004054262899 0.00588773447 nan nan
464 190255 58 58 0 0.6332242931 0.006079427673 0.6237383559 0.643452861 0.01971450504 0.6212077185 0.6460741795 0.02486646097 0.06903772406 0.01121920557 0.01266697868 nan nan
465 192262 205 205 0 0.5595211543 0.004517297109 0.5524031048 0.5671488899 0.01474578505 0.5506640268 0.5710746881 0.02041066124 0.1499146063 0.008328791188 0.01207667934 nan nan
466 191270 77 77 0 0.5819312067 0.003496152322 0.5764819147 0.5879541286 0.01147221393 0.5749177828 0.5902744014 0.01535661853 0.1391170482 0.006598205259 0.007931719266 nan nan
467 196418 71 71 0 0.4066537072 0.0008171315672 0.4057306242 0.4083994318 0.002668807606 0.4054940524 0.409263429 0.003769376676 0.9665453026 0.002222449341 0.003086446538 nan nan
468 191010 60 60 0 0.6070616821 0.005320950832 0.599665291 0.6167723575 0.01710706642 0.5981807781 0.6193501333 0.02116935514 0.3077649522 0.00984105045 0.01241882628 nan nan
469 198513 53 53 0 0.3577561777 0.002683220074 0.3555527408 0.363241569 0.007688828237 0.3554413996 0.3645783914 0.009136991774 0.7248790725 0.00511292065 0.006449743027 nan nan
470 191985 57 57 0 0.6178065617 0.006292430446 0.6075979102 0.6277248411 0.02012693083 0.6051971364 0.6314416384 0.02624450204 0.0001576915118 0.01146354797 0.01485502674 nan nan
471 194660 199 199 0 0.5500187586 0.004694881338 0.543456077 0.558721776 0.01526569903 0.5413843972 0.5632350498 0.02185065257 0.3580104889 0.008836784394 0.01283374048 nan nan
472 194555 50 50 0 0.4018476306 0.0009080729102 0.400613909 0.4033569086 0.002742999519 0.4004945436 0.4036471735 0.003152629941 0.1525617807 0.001612433154 0.001902698124 nan nan
473 192238 54 54 0 0.5982541516 0.003935749905 0.5923209822 0.6051842429 0.01286326073 0.59101745 0.6074645741 0.01644712412 0.2499536656 0.007302135383 0.009582466626 nan nan
474 192946 52 52 0 0.629127999 0.007503779905 0.6174778671 0.6409364741 0.02345860699 0.6142240559 0.6441882348 0.0299641789 0.02491051208 0.01348690602 0.01544626915 nan nan
475 192952 74 74 0 0.6151864473 0.009066842166 0.6028448654 0.6321123518 0.02926748636 0.5993944365 0.6353693504 0.03597491385 0.2745919278 0.01611123424 0.01810938504 nan nan
476 195837 172 172 0 0.5409188517 0.00435477331 0.5344177354 0.5488223298 0.01440459444 0.5329631284 0.5526418372 0.01967870876 0.2886635614 0.008060557505 0.01161621457 nan nan
477 193922 82 82 0 0.5939233409 0.005315811279 0.5863803355 0.6035299256 0.01714959018 0.5837648119 0.6068516435 0.02308683162 0.2907278319 0.00987581927 0.0124447185 nan nan
478 194170 92 92 0 0.5805531438 0.005742750749 0.5708587698 0.5894754851 0.01861671534 0.5683483792 0.5924635288 0.02411514959 -0.04711429393 0.01038033598 0.01235526891 nan nan
479 195326 55 55 0 0.613082536 0.007699647787 0.6017580493 0.6260268886 0.02426883924 0.5994324812 0.629595022 0.03016254082 0.1340123347 0.01358699523 0.01613210316 nan nan
480 198461 50 50 0 0.4049565643 0.0004876951446 0.4041826757 0.4058343547 0.001651678915 0.4040096996 0.4061111889 0.002101489282 0.2242586358 0.001126538494 0.001403372708 nan nan
481 195098 62 62 0 0.6032889129 0.007229028196 0.5927595249 0.6153044214 0.02254489649 0.5902701496 0.6191273801 0.02885723045 0.1392604637 0.01282022183 0.01600542916 nan nan
482 195348 65 65 0 0.5753724831 0.004931477237 0.5683457254 0.5839827651 0.01563703961 0.566460892 0.5875422147 0.02108132264 0.2898210859 0.009135469871 0.01269491948 nan nan
483 202149 174 174 0 0.3984919952 0.001469465464 0.3965756522 0.4015795332 0.005003881034 0.3958972877 0.4030273122 0.007130024523 0.6943849921 0.003609652233 0.005057431204 nan nan
484 195821 65 65 0 0.5660644542 0.004057547145 0.5598898967 0.572868333 0.01297843629 0.5580928673 0.5752707569 0.01717788957 0.1381438334 0.007513530397 0.009915954245 nan nan
485 197171 62 62 0 0.6157221977 0.00711314529 0.6046307344 0.6274260581 0.02279532375 0.6020059469 0.6309869946 0.02898104766 0.07521536777 0.01306202198 0.01586194776 nan nan
486 198568 283 283 0 0.5354677245 0.007357799954 0.5255599522 0.5499075743 0.02434762205 0.5227184598 0.5535270912 0.03080863144 0.3960241713 0.01414485225 0.0177643692 nan nan
487 196734 72 72 0 0.5816365079 0.006474454085 0.5716142941 0.5919089924 0.02029469832 0.56914941 0.5958475489 0.0266981389 0.06674833933 0.01162450729 0.01362933549 nan nan
488 199025 60 60 0 0.5171048878 0.0041146303 0.5132900956 0.5263541833 0.01306408777 0.5126263092 0.527925566 0.0152992568 0.7686032179 0.008873976287 0.0104453589 nan nan
489 202361 116 116 0 0.3943458548 0.0007473053947 0.3932703594 0.3957797592 0.002509399797 0.3930612922 0.3962179613 0.003156669106 0.3609719884 0.001989381811 0.002427583919 nan nan
490 197405 62 62 0 0.6025165753 0.007463822677 0.5911440878 0.6153738455 0.02422975772 0.5875712771 0.6188536487 0.03128237163 0.08729197735 0.01370501263 0.0157832621 nan nan
491 197412 60 60 0 0.5913286619 0.006861720706 0.5810226513 0.6023843071 0.02136165579 0.5769578908 0.6060086402 0.02905074943 0.03739365229 0.01300786657 0.01556414988 nan nan
492 198798 65 65 0 0.5250766467 0.003140842576 0.5209027609 0.5305259105 0.00962314958 0.520040716 0.5318742312 0.0118335152 0.2416796038 0.005449263814 0.006797584546 nan nan
493 197879 85 85 0 0.5659133351 0.00532818124 0.5575684986 0.5744850404 0.01691654182 0.5550374193 0.5762496838 0.02121226448 -0.002773281965 0.009634520686 0.01083014307 nan nan
494 206923 205 205 0 0.397438137 0.002635545907 0.3950832015 0.4032883591 0.008205157624 0.3947251958 0.404642079 0.00991688318 0.6855777551 0.005310660647 0.006664380531 nan nan
495 198997 105 105 0 0.5580531356 0.006462464511 0.5486232982 0.568921263 0.02029796477 0.546158246 0.5710621341 0.02490388811 0.1013252177 0.01129912308 0.01258375799 nan nan
496 202580 50 50 0 0.3845534009 0.0006159826665 0.38387186 0.3858939118 0.002022051843 0.3837806037 0.3862792995 0.002498695756 0.7073845086 0.001521248043 0.0019066357 nan nan
497 202788 55 55 0 0.3833729734 0.0006755715589 0.3826136134 0.3847799043 0.00216629083 0.3825491763 0.3851157457 0.00256656941 0.618221213 0.001815216937 0.002151058409 nan nan
498 207684 83 83 0 0.3867859508 0.001254123926 0.3857396762 0.3898038811 0.004064204901 0.3855506858 0.3906795528 0.00512886698 1.025532254 0.003152405285 0.004028076987 nan nan
499 203803 129 129 0 0.3924332228 0.0008962540933 0.3911448648 0.3941435982 0.00299873336 0.3909009544 0.3950221806 0.004121226185 0.4832062954 0.002341435117 0.003220017582 nan nan
500 199856 71 71 0 0.5951277344 0.006749666583 0.586307097 0.6077016728 0.02139457583 0.5847156739 0.6114385951 0.02672292114 0.3222154937 0.01257393837 0.01631086061 nan nan
501 199426 63 63 0 0.5789257942 0.00407385193 0.5723487663 0.5850688503 0.01272008394 0.5702391261 0.5868570633 0.01661793723 -0.09334050451 0.007314658708 0.008577085432 nan nan
502 203815 54 54 0 0.3813568701 0.0008178494139 0.3803079692 0.3830678524 0.002759883141 0.380095551 0.3840223516 0.003926800643 0.9742412323 0.001896032829 0.002850532094 nan nan
503 203992 55 55 0 0.4032389932 0.00123283271 0.4013156419 0.4051529698 0.003837327987 0.4011244806 0.4056563489 0.004531868351 0.04283486437 0.002071067502 0.002417355687 nan nan
504 200743 56 56 0 0.5588621508 0.004272678808 0.5532202161 0.5662874483 0.01306723217 0.551924445 0.5675919206 0.01566747563 0.1932517188 0.007110453409 0.007923784226 nan nan
505 200948 64 64 0 0.5768562653 0.005161984205 0.5692153526 0.5849797725 0.01576441985 0.5681738677 0.5879605245 0.0197866568 0.1312004977 0.00875075832 0.01058647851 nan nan
506 203805 57 57 0 0.3903637816 0.000482183853 0.3896136368 0.3911148494 0.001501212581 0.3894661337 0.3914774639 0.002011330209 0.1473149722 0.001112251706 0.001474866222 nan nan
507 202015 53 53 0 0.5592482356 0.004333569874 0.5529783505 0.5662494054 0.01327105496 0.5521594141 0.5681228396 0.01596342557 0.1168526988 0.007404021221 0.009277455421 nan nan
508 206171 67 67 0 0.3891237941 0.0008227428793 0.3881245777 0.3907356128 0.002611035087 0.3880367199 0.3915967633 0.003560043382 0.6911412073 0.001710922078 0.002572072567 nan nan
509 205964 67 67 0 0.4021479445 0.001659789161 0.4003217925 0.4056996334 0.005377840876 0.3998279672 0.4071645997 0.007336632554 0.8183643874 0.003160241564 0.004625207878 nan nan
510 209125 115 115 0 0.4070859551 0.003202356307 0.4025733732 0.4124456488 0.009872275625 0.4013441298 0.4142777482 0.01293361834 0.1604114425 0.005689506795 0.007264759871 nan nan
511 210724 57 57 0 0.4194955211 0.002988568707 0.4148140499 0.4243299138 0.009515863872 0.4134609479 0.4252938901 0.01183294213 -0.1132280421 0.005338691397 0.006017626049 nan nan
512 212535 122 122 0 0.4142810716 0.003087468399 0.409664495 0.4191073835 0.009442888515 0.4082143521 0.4206881895 0.0124738374 0.03057190475 0.005310229278 0.006423251843 nan nan
513 214090 65 65 0 0.4251429722 0.001825924887 0.4221620939 0.4278382784 0.005676184445 0.4210675231 0.4285364041 0.007468881005 -0.1967921087 0.003299895093 0.003939464026 nan nan
514 214080 59 59 0 0.4360319751 0.003753506545 0.4309467068 0.442549512 0.01160280526 0.4297860259 0.4436640361 0.01387801027 0.241866295 0.006427840087 0.007542364217 nan nan
515 214857 54 54 0 0.4133889365 0.001979428325 0.4107075002 0.4168174817 0.006109981493 0.4101594048 0.4177812323 0.007621827538 0.1823638992 0.003451400736 0.00441515138 nan nan
516 215211 64 64 0 0.4342116692 0.003172124726 0.4294869182 0.4392165854 0.009729667163 0.4288812169 0.4396555215 0.01077430467 -0.005087210634 0.005220601429 0.005500475871 nan nan
517 215906 72 72 0 0.4727388779 0.003574156271 0.4671227938 0.4782123864 0.01108959257 0.4664636948 0.4789296934 0.01246599867 0.003557433327 0.005936063795 0.006462745239 nan nan
518 215928 60 60 0 0.4453225835 0.003305787138 0.4405241626 0.4505768929 0.01005273028 0.4398961845 0.4510848688 0.01118868427 0.05596885674 0.005693693037 0.006201668954 nan nan
519 216270 86 86 0 0.4604145353 0.003501046031 0.4551246392 0.4658540805 0.01072944137 0.4543898143 0.46668522 0.01229540572 0.01882789265 0.006073142272 0.006904281706 nan nan
520 216466 66 66 0 0.4350930674 0.003146572581 0.4303920259 0.4399238107 0.009531784792 0.4297499663 0.440807315 0.01105734871 0.03035417187 0.005274847515 0.00564692888 nan nan
521 217333 50 50 0 0.426907291 0.002508645797 0.4229501783 0.4305920462 0.007641867889 0.4222980714 0.4313153162 0.00901724478 -0.04286592998 0.004180146742 0.004672786182 nan nan

K=522, phase=backward, parameter=w [deg]
cluster representative_source n_cluster n_valid n_missing median std p05 p95 width90 minimum maximum range skewness error95 error_max angle_origin_deg angle_resultant
0 18595 122 122 0 -0.01956535442 0.8417880012 -1.261739059 1.385679211 2.64741827 -1.585375758 1.572571192 3.15794695 0.08219366039 1.448759055 1.772395754 199.6799529 0.9998920767
1 19899 97 97 0 0.09467852665 0.8898745044 -1.485485284 1.225887502 2.711372786 -1.757961628 1.414035309 3.171996936 -0.2776100304 1.502688398 1.775164742 200.650074 0.9998793948
2 18590 55 55 0 0.06577995056 0.6345235716 -1.140756684 0.889148431 2.029905115 -1.357457463 1.015922024 2.373379487 -0.3648317788 1.16681332 1.293586913 200.7695836 0.9999386788
3 18148 56 56 0 -0.1002564002 0.8145297243 -1.073948999 1.449011205 2.522960204 -1.305738917 2.047182761 3.352921677 0.6564207113 1.729649114 2.32782067 202.1210109 0.9998989541
4 18805 57 57 0 0.1353386635 0.7289430132 -1.350306589 0.945467964 2.295774553 -1.57565238 1.060102997 2.635755377 -0.5436949076 1.438429201 1.553064233 201.3088681 0.999919072
5 22540 54 54 0 0.09735108268 0.6157840324 -1.144013384 0.7866502854 1.93066367 -1.338163281 0.9094588595 2.24762214 -0.5565417262 1.300374635 1.494524531 200.5210467 0.9999422473
6 23178 95 95 0 0.008400573204 0.8509999937 -1.340397949 1.366531979 2.706929928 -1.680508736 1.66122799 3.341736726 -0.02256654018 1.52818774 1.756390157 203.958492 0.9998897021
7 27210 188 188 0 0.03692844713 0.4956856833 -0.9246010638 0.728196737 1.652797801 -1.258144651 0.8467260168 2.104870668 -0.3943573304 1.034210359 1.367753946 201.8808709 0.9999625777
8 32632 89 89 0 0.3209622805 1.031462956 -1.956955538 1.148585953 3.105541491 -2.236017131 1.238294156 3.474311287 -0.711502114 2.066383859 2.345445452 205.6682524 0.999837966
9 29454 75 75 0 0.09775777169 0.5155383371 -0.9006880647 0.6688431688 1.569531234 -1.030004713 0.8046053644 1.834610077 -0.4067782481 1.095706876 1.225023524 203.3895272 0.99995952
10 29914 128 128 0 0.09882011357 0.4322912057 -0.7886418084 0.5718036322 1.360445441 -0.9527978669 0.7064643722 1.659262239 -0.4812813512 0.9393254884 1.103481547 202.9739916 0.9999715375
11 28999 79 79 0 0.05050664274 0.5021762119 -0.8553295001 0.6767327719 1.532062272 -1.034173649 0.7968500531 1.831023702 -0.3366757211 0.8986087916 1.07745294 203.7209546 0.9999615911
12 33080 194 194 0 0.1069423263 0.8603343467 -1.49917653 1.238823615 2.738000145 -2.094899295 1.555239514 3.65013881 -0.3527868439 2.010162802 2.605885568 206.5092128 0.9998872698
13 30601 94 94 0 0.05560599933 0.2900602478 -0.5646098054 0.3935041973 0.9581140027 -0.7525823821 0.4484684879 1.20105087 -0.6581482891 0.6695156763 0.857488253 202.7405268 0.9999871856
14 30368 71 71 0 0.09910944495 0.379857944 -0.6961447776 0.4681066057 1.164251383 -0.8542697142 0.5653397388 1.419609453 -0.6203525536 0.755226744 0.9133516806 203.4355945 0.9999780232
15 31274 86 86 0 0.1270335851 0.4851080143 -0.9200962854 0.6071298748 1.52722616 -1.159993673 0.7398745735 1.899868247 -0.6080160968 0.9001513423 1.14004873 204.3960498 0.9999641577
16 31696 52 52 0 0.09345774601 1.006358596 -1.7919406 1.427661324 3.219601924 -2.358948815 1.6965567 4.055505515 -0.4275152562 2.010377129 2.577385343 209.0181433 0.9998457577
17 32867 73 73 0 0.1018591789 0.4929100524 -0.9586344446 0.6169307523 1.575565197 -1.157737459 0.6911748906 1.848912349 -0.6648264036 1.079495596 1.27859861 204.7003985 0.9999629956
18 33318 61 61 0 0.09192061555 0.7174289645 -1.212760171 0.9677988902 2.180559061 -1.380613073 1.053098937 2.43371201 -0.3119538284 1.304680786 1.472533688 205.5268146 0.9999216079
19 32403 52 52 0 -0.05117350677 0.5358880025 -0.8633856038 0.8575082739 1.720893878 -1.005509381 0.9540711865 1.959580568 0.04481747638 1.206100751 1.348224528 205.6779828 0.9999562613
20 33089 56 56 0 0.07491585209 0.66197184 -1.105778086 0.9113415817 2.017119668 -1.25610863 0.9907612645 2.246869894 -0.2729849772 1.117721525 1.268052068 205.7081938 0.9999332587
21 33547 76 76 0 0.2006517649 0.6171134862 -1.182026898 0.7129103974 1.894937295 -1.382321896 0.8198198837 2.20214178 -0.727835818 1.085607587 1.285902585 205.6131643 0.9999419977
22 31291 114 114 0 -0.01326619576 0.2610060875 -0.3800431523 0.425174549 0.8052177013 -0.4855029444 0.5479662361 1.033469181 0.1343745862 0.4563065305 0.5230852618 201.9817493 0.9999896241
23 36300 90 90 0 0.1451950064 0.5224390924 -1.071413443 0.5964321682 1.667845612 -1.302714767 0.7180030983 2.020717865 -0.8768755929 1.256160579 1.487461903 205.5028891 0.9999584293
24 36991 85 85 0 0.1295277754 0.4232362479 -0.8390775834 0.5170290082 1.356106592 -1.050396658 0.6060552328 1.65645189 -0.7406916061 1.072821695 1.28414077 205.2687135 0.9999727174
25 37882 55 55 0 0.03921055243 1.068307814 -1.808593953 1.484747547 3.293341501 -1.939466266 1.663068595 3.602534862 -0.2128432448 2.074544085 2.205416398 210.2891175 0.9998261821
26 43665 170 170 0 0.2891350578 0.9425461892 -1.726375486 1.119000024 2.845375511 -2.097465454 1.227875741 3.325341195 -0.5571289027 1.700687743 2.071777711 208.1260849 0.9998646962
27 39290 77 77 0 0.09155400271 0.4755545857 -0.9119309376 0.6123987921 1.52432973 -1.081732457 0.7016020368 1.783334494 -0.6282745197 1.081315552 1.251117072 206.8242783 0.9999655555
28 34031 89 89 0 -0.01049557674 0.2695517713 -0.4501405544 0.441738679 0.8918792334 -0.5697107326 0.5478069142 1.117517647 -0.002399458798 0.4900011051 0.5913758422 201.622611 0.9999889336
29 37890 53 53 0 0.08676534074 0.6824891404 -1.132327718 0.9079480812 2.040275799 -1.535253913 1.022183859 2.557437772 -0.4191730935 1.219093059 1.622019253 209.2483154 0.9999290577
30 35172 69 69 0 0.007949980339 0.2080891817 -0.3281848007 0.3113955088 0.6395803096 -0.4127977355 0.3629896549 0.7757873904 -0.0918438144 0.3517388181 0.4240642939 202.7908597 0.9999934049
31 39731 54 54 0 0.1897737527 0.7930586253 -1.449358022 0.9670273883 2.41638541 -1.717590477 1.032366579 2.749957056 -0.6251137596 1.515075084 1.783307539 210.1469826 0.9999042101
32 36997 53 53 0 -0.00317005598 0.1283484172 -0.2028620009 0.2067246117 0.4095866126 -0.2832290491 0.2401128865 0.5233419356 -0.004493864844 0.2453248795 0.3256919277 204.5959007 0.999997491
33 36315 67 67 0 -0.002326347415 0.1873506793 -0.288995204 0.2805360706 0.5695312746 -0.3290769541 0.3138555762 0.6429325303 -0.05866163907 0.3187945164 0.3588762666 203.509651 0.9999946539
34 35874 73 73 0 0.01536112263 0.2741200173 -0.4382165565 0.4472481135 0.88546467 -0.5636599718 0.5424160888 1.106076061 -0.03907192875 0.5282186543 0.6233866296 201.1657896 0.9999885553
35 39284 110 110 0 0.06237023959 0.4042032383 -0.7352597771 0.5676125093 1.302872286 -0.9412544277 0.6720249959 1.613279424 -0.4452339128 0.7209923233 0.9269869739 207.8970876 0.999975116
36 37232 63 63 0 0.00679159631 0.1555560609 -0.2460502411 0.232462387 0.4785126281 -0.2773469999 0.2649909811 0.5423379809 -0.08256231504 0.2532022833 0.2723610526 204.1037463 0.9999963145
37 37025 66 66 0 0.005092316867 0.2919960274 -0.4713407275 0.4742789948 0.9456197223 -0.5867776169 0.5692700585 1.156047675 -0.01332078785 0.5314490668 0.6173421766 200.6549729 0.999987014
38 38171 77 77 0 0.01391869942 0.2915336213 -0.4737855489 0.4673415466 0.9411270955 -0.5777052952 0.5545496268 1.132254922 -0.03185520343 0.5174285271 0.6213482733 202.0523995 0.9999870551
39 38415 62 62 0 0.004712950025 0.306281543 -0.4937496838 0.4778734922 0.9716231759 -0.6623254745 0.5918808573 1.254206332 -0.05401235811 0.5832494567 0.6416040053 200.2146073 0.9999857122
40 40228 65 65 0 0.002456839453 0.1108515595 -0.1701665939 0.1760253119 0.3461919057 -0.2120787638 0.207117388 0.4191961518 0.001288198592 0.2324409433 0.2743531133 205.0033036 0.9999981284
41 39083 59 59 0 -0.01289261268 0.2061438688 -0.3055038725 0.3264757426 0.6319796151 -0.4392394812 0.3857048358 0.824944317 -0.05393071613 0.3450181854 0.4263468685 203.3582044 0.9999935276
42 42970 139 139 0 0.0901576436 0.3964629606 -0.7287871308 0.5436562398 1.272443371 -0.9385203313 0.6468567835 1.585377115 -0.5333367881 1.048241054 1.257974255 208.4610799 0.9999760599
43 41609 67 67 0 0.004772936897 0.1101800047 -0.1665986306 0.169711863 0.3363104936 -0.2398015437 0.1990442192 0.4388457629 -0.09180974733 0.189193313 0.2426124851 205.368303 0.999998151
44 39559 74 74 0 0.004617523602 0.3208804555 -0.5221075261 0.5033272986 1.025434825 -0.7076355645 0.6063029729 1.313938537 -0.07850019688 0.6001784591 0.6704306985 201.6264168 0.9999843177
45 39341 60 60 0 0.0003749809196 0.3343928988 -0.5156006211 0.5118321556 1.027432777 -0.7612544121 0.6502292106 1.411483623 -0.09057572928 0.6117397413 0.7749936037 199.703603 0.9999829692
46 40696 57 57 0 0.002521184698 0.1757716163 -0.2773736498 0.2731933013 0.550566951 -0.3367907314 0.3253888159 0.6621795473 -0.04458630765 0.3131054679 0.3491993104 203.9912706 0.9999952943
47 40498 67 67 0 0.02086275327 0.4054425651 -0.6580015538 0.61968219 1.277683744 -0.8484646655 0.7666666246 1.61513129 -0.07028461222 0.6969398513 0.8191652677 199.4808875 0.9999749631
48 42948 86 86 0 0.06780795233 0.6043837777 -1.040820902 0.8431343617 1.883955264 -1.178234847 0.9369407164 2.115175563 -0.2812868587 1.121890118 1.259304063 212.0962994 0.9999443657
49 41193 67 67 0 0.001407934276 0.4166512024 -0.6459087101 0.6219289833 1.267837693 -0.905372095 0.7460610389 1.651433134 -0.1115086853 0.7684886082 0.8354157737 199.0342971 0.9999735597
50 41642 58 58 0 0.004423030028 0.3335475384 -0.5364979041 0.5076417682 1.044139672 -0.6971561854 0.6150337571 1.312189943 -0.08525107716 0.6322349311 0.6568651721 200.7080117 0.9999830552
51 41888 64 64 0 -4.407385512e-05 0.4083304448 -0.6342740658 0.6478140935 1.282088159 -0.8005792309 0.8422560793 1.64283531 -0.01367253874 0.6930594077 0.8351904385 198.5633246 0.9999746052
52 42128 75 75 0 0.004212355861 0.3810767541 -0.5964710642 0.6029378437 1.199408908 -0.7511681874 0.8372453746 1.588413562 0.01243793978 0.6891269488 0.9201782936 197.4545018 0.999977882
53 42143 52 52 0 0.007917574945 0.2678493061 -0.4287130441 0.4224825774 0.8511956214 -0.5575530791 0.5511602161 1.108713295 -0.03154104003 0.532425597 0.5545896157 195.2967854 0.9999890729
54 45706 72 72 0 0.07618454247 0.6426408129 -1.056466201 0.883807417 1.940273618 -1.158142373 1.037134974 2.195277347 -0.1720683214 1.186499045 1.288175218 212.1723386 0.9999370997
55 45714 72 72 0 0.06037463717 0.3853724188 -0.6476646303 0.5534459973 1.201110628 -0.8164090183 0.6089970643 1.425406083 -0.2878455631 0.6775313777 0.8462757657 211.0167567 0.9999773805
56 43285 58 58 0 -0.004878817038 0.4052919365 -0.6582235181 0.62443937 1.282662888 -0.8153292019 0.7801951125 1.595524314 -0.02437000711 0.6774282995 0.8000516196 196.8017654 0.9999749817
57 47545 58 58 0 0.08840884709 0.373685288 -0.6447320165 0.4646874999 1.109419516 -0.9269928192 0.4988305454 1.425823365 -0.6818523831 0.7420035562 1.024264359 210.9464643 0.9999787317
58 46184 69 69 0 0.001316783693 0.1720398689 -0.2902240989 0.282056075 0.5722801739 -0.3711922973 0.3408151533 0.7120074506 -0.04099770108 0.3334697918 0.4144379901 209.5029109 0.999995492
59 43521 72 72 0 -0.0005779683239 0.3140051117 -0.5039199064 0.5054162891 1.009336195 -0.6539312946 0.6552360208 1.309167315 0.004005855677 0.5842496652 0.7339410075 196.0542526 0.9999849826
60 46851 61 61 0 0.07482823346 0.4654802901 -0.9196849661 0.6530396525 1.572724619 -0.9966268543 0.6987081907 1.695335045 -0.5115271193 0.9575093608 1.034451249 212.2059641 0.9999669994
61 44223 54 54 0 -0.004554452882 0.2916859202 -0.4199005838 0.4703682715 0.8902688553 -0.533718327 0.6023046826 1.13602301 0.1647174496 0.523624169 0.6555605801 194.0061615 0.9999870415
62 44413 50 50 0 -0.02871868638 0.2795078713 -0.4280258336 0.471682843 0.8997086766 -0.5764827444 0.6205128911 1.196995636 0.1690748122 0.4892945532 0.6187704568 199.5291445 0.999988101
63 44650 89 89 0 0.006845711537 0.3995140005 -0.6391917796 0.6704652757 1.309657055 -0.8267835104 0.8811381819 1.707921692 0.1071394061 0.7664462968 0.9322421239 198.6258773 0.99997569
64 47992 65 65 0 0.0526650735 0.435267889 -0.7005334413 0.6244170759 1.324950517 -0.7768970655 0.6581699841 1.43506705 -0.160326149 0.7877885033 0.8641521275 212.0879518 0.9999711441
65 45366 70 70 0 -0.0008911010301 0.3177933537 -0.5247539472 0.5057780574 1.030532005 -0.6916793827 0.6528567465 1.344536129 -0.007195136501 0.5931609613 0.752164835 194.9620974 0.999984618
66 45581 84 84 0 -0.02034775727 0.3479541189 -0.5480516709 0.6120805184 1.160132189 -0.7084521858 0.7717830442 1.48023523 0.1524098285 0.625472681 0.7490069692 196.961104 0.9999815598
67 46660 56 56 0 -0.002846281286 0.1512788985 -0.2219595718 0.2357399618 0.4576995337 -0.2585526072 0.2593250889 0.5178776961 0.04746858685 0.2532157447 0.2768008717 206.6035232 0.9999965144
68 46519 88 88 0 0.002877464889 0.3213432057 -0.5219214313 0.5108736137 1.032795045 -0.6677224487 0.6559089484 1.323631397 -0.06494230033 0.5926433532 0.7303019249 194.3539548 0.9999842725
69 47340 52 52 0 0.001526831598 0.1489128943 -0.2343629282 0.2442696151 0.4786325433 -0.2792980673 0.2856936356 0.5649917028 0.02599110926 0.2878633711 0.3327985101 207.4751313 0.9999966226
70 49590 73 73 0 0.07868944076 0.3373154574 -0.6208531728 0.4693522356 1.090205408 -0.7643014485 0.5051981927 1.269499641 -0.5697874341 0.6453912849 0.7888395607 212.1018604 0.9999826702
71 46932 52 52 0 -0.01186883238 0.2667209058 -0.3857110893 0.4403424752 0.8260535645 -0.4998310843 0.6566110384 1.156442123 0.2770578329 0.5123349552 0.578921359 200.218792 0.9999891648
72 47649 97 97 0 -0.0182316229 0.3725740802 -0.5856175538 0.6309326976 1.216550251 -0.7383744259 0.7823653459 1.520739772 0.09267135001 0.7266661433 0.762252127 196.0085693 0.999978858
73 49835 155 155 0 0.02910035745 0.4703532159 -0.7280685077 0.7131677435 1.441236251 -0.8660938507 0.8153895667 1.681483417 -0.04262453274 0.8815155982 1.019540941 209.0505187 0.9999663048
74 48348 105 105 0 0.002487646835 0.2834802557 -0.4462762381 0.4657382228 0.9120144609 -0.5393961627 0.6080328359 1.147428999 0.1150631967 0.5376379199 0.5891195241 193.83972 0.9999877604
75 49023 105 105 0 -0.002762902895 0.3246978367 -0.5109260849 0.5488457166 1.059771802 -0.6368347873 0.7055702173 1.342405005 0.1203416791 0.5978883537 0.7391907397 195.3304905 0.9999839424
76 48297 50 50 0 0.01804876894 0.2622992224 -0.4357312648 0.4098514214 0.8455826861 -0.5832101387 0.4482955551 1.031505694 -0.2123879345 0.4467534025 0.577756864 200.9633056 0.9999895211
77 48780 63 63 0 -0.009526347835 0.3205994207 -0.5325305329 0.5142104288 1.046740962 -0.6891916218 0.6696368326 1.358828454 0.02721473111 0.6025320749 0.7577416163 197.4317319 0.9999843452
78 49452 81 81 0 -0.009914679868 0.3614980164 -0.5460351383 0.6292892228 1.175324361 -0.8084169028 0.7979740943 1.606390997 0.07090940546 0.7118720576 0.8800861514 198.8641544 0.9999800963
79 51427 56 56 0 -0.02570672056 0.1511984055 -0.2186292331 0.2475919932 0.4662212264 -0.2574363506 0.2711818087 0.5286181592 0.2273312965 0.2484553448 0.2739483595 211.8979903 0.9999965181
80 49921 64 64 0 0.006292346073 0.285921239 -0.482064424 0.4864147422 0.9684791662 -0.6378835235 0.6539376098 1.291821133 0.003464961538 0.5668384112 0.7076910067 196.936103 0.9999875487
81 51295 137 137 0 0.005489378785 0.3027286077 -0.4953458633 0.4815319518 0.9768778152 -0.6457614114 0.6311227817 1.276884193 -0.05096376695 0.5687710489 0.7070270841 194.6882038 0.9999860418
82 51700 89 89 0 0.003317079397 0.418411396 -0.6512122544 0.6452942733 1.296506528 -0.7094603552 0.686467439 1.395927794 -0.006978038697 0.6755698989 0.7014814924 208.7088499 0.9999733358
83 52622 68 68 0 -0.0206437939 0.1448628195 -0.2293172976 0.2342237212 0.4635410188 -0.2737591763 0.2581234299 0.5318826062 0.06656869907 0.2554192596 0.2998611384 213.0477037 0.9999968038
84 50818 58 58 0 0.004683937769 0.2902882617 -0.4490218722 0.4571598261 0.9061816982 -0.5856115496 0.5942115821 1.179823132 -0.04153489504 0.4893187376 0.5971792526 198.3143673 0.9999871654
85 51058 71 71 0 -0.006038952371 0.2701919686 -0.4421731963 0.4293706843 0.8715438805 -0.6019141551 0.5611128761 1.163027031 0.06885657151 0.5058714175 0.5821146895 196.2807914 0.9999888809
86 53315 87 87 0 -0.01424370844 0.1592134157 -0.2251594614 0.2480530286 0.47321249 -0.4019035447 0.2760471286 0.6779506732 -0.2620253696 0.2837473157 0.460491399 213.5218033 0.9999961391
87 51510 56 56 0 -0.0001613885918 0.2903924241 -0.4283148903 0.4664106295 0.8947255198 -0.5642103742 0.6031121653 1.16732254 0.1101202669 0.5705783539 0.583756632 199.7377926 0.9999871562
88 51777 67 67 0 -0.01826418996 0.3023387861 -0.443373628 0.5324083952 0.9757820232 -0.5723553876 0.7267454402 1.299100828 0.2219664168 0.5672237811 0.7185829088 197.6776943 0.9999860777
89 53908 145 145 0 -0.0008515462067 0.2673822645 -0.41448821 0.4743577194 0.8888459294 -0.4925380021 0.6410623728 1.133600375 0.2605322514 0.600263236 0.7669678894 195.4361598 0.999989111
90 53348 96 96 0 -0.01211735833 0.5007033047 -0.7484211 0.7802786769 1.528699777 -0.8354287344 0.8129118607 1.648340595 0.01093167535 0.9561270595 0.9887602433 208.6494795 0.9999618161
91 52717 59 59 0 -0.01033504089 0.275462445 -0.4516936501 0.4285331704 0.8802268205 -0.6014013013 0.5458512432 1.147252545 0.05668595578 0.557544433 0.5797634966 199.156956 0.9999884429
92 53196 73 73 0 -0.01381810194 0.2760121632 -0.4332735727 0.4614566855 0.8947302581 -0.523465722 0.6069953987 1.130461121 0.1437317113 0.5455161164 0.5775846559 196.877139 0.9999883968
93 53820 78 78 0 -0.02852504639 0.3409178458 -0.5231664386 0.5558830458 1.079049484 -0.562584067 0.5860484587 1.148632526 0.05115592725 0.6144441579 0.6446095707 207.805044 0.999982298
94 53403 61 61 0 0.01772050175 0.2616879125 -0.4237949117 0.4150608091 0.8388557208 -0.5632568743 0.44830339 1.011560264 -0.2170910302 0.4415154135 0.5809773761 200.5331535 0.9999895699
95 53654 72 72 0 -0.009571491398 0.3110284563 -0.5154710019 0.5167416051 1.032212607 -0.683659704 0.7357458875 1.419405591 0.1190229256 0.5652548305 0.7152672638 198.3060807 0.9999852659
96 54763 64 64 0 0.02699887755 0.1806956262 -0.2661075658 0.2592298942 0.5253374601 -0.3537969477 0.2751037081 0.6289006558 -0.1492066157 0.3437603388 0.4314497206 212.5936533 0.999995027
97 55151 94 94 0 0.006653635625 0.2296124701 -0.3939814962 0.374606508 0.7685880042 -0.4451226863 0.5085666976 0.9536893839 0.08808348951 0.4134645794 0.5401586846 196.0901692 0.99999197
98 54334 60 60 0 0.005136951442 0.3034602858 -0.5020822298 0.492858898 0.9949411279 -0.6510620662 0.6317332034 1.28279527 0.03949787657 0.5679460575 0.7053054714 199.8425905 0.9999859743
99 54868 81 81 0 -0.01073452985 0.2972698551 -0.4859848792 0.468181894 0.9541667732 -0.5289954609 0.5958309633 1.124826424 0.1548841079 0.541311194 0.5731823968 197.4034582 0.9999865406
100 56191 51 51 0 -0.0002276335112 0.1458199458 -0.2318285325 0.26360365 0.4954321824 -0.2915281023 0.2817964815 0.5733245837 0.01006241894 0.2825211533 0.2913004687 211.9173623 0.9999967614
101 55333 62 62 0 -0.0117709432 0.2448142943 -0.3550428507 0.4283226167 0.7833654674 -0.3810531734 0.4486069588 0.8296601322 0.1384748346 0.4501094851 0.4703938273 209.9190699 0.9999908716
102 55387 71 71 0 -0.01836084019 0.3061158527 -0.5049044172 0.5073126619 1.012217079 -0.6499345907 0.6528141532 1.302748744 0.009026961628 0.5807831634 0.7223056091 202.1028552 0.9999857277
103 56520 68 68 0 0.01660239979 0.3092093466 -0.4508841403 0.4948531722 0.9457373126 -0.4791728944 0.6456681103 1.124841005 0.1772839338 0.5010472982 0.6120627734 207.790371 0.9999854378
104 55694 76 76 0 -0.01412782096 0.3359148266 -0.4986011155 0.6037850425 1.102386158 -0.6341525068 0.7597473527 1.39389986 0.1468651016 0.6002899452 0.7012069636 198.9095577 0.9999828138
105 54985 54 54 0 0.01035226716 1.295292875 -1.977171794 1.97591594 3.953087734 -2.190503523 2.200774631 4.391278154 -0.009868020538 2.101234685 2.228779278 27.11789399 0.9997444785
106 57123 97 97 0 0.01320651966 0.449951354 -0.660930824 0.6756277401 1.336558564 -0.7615049896 0.9358308532 1.697335843 0.0640862035 0.7673784509 0.9169607465 209.1597878 0.9999691645
107 56072 73 73 0 -0.07635789997 1.159580608 -1.673418812 1.90056039 3.573979202 -1.944591167 2.19155796 4.136149127 0.1576289527 1.950510584 2.16908026 22.83584172 0.9997952147
108 56076 76 76 0 -0.2187532076 1.332213605 -1.778914625 2.377540389 4.156455014 -2.008704323 2.673765164 4.682469487 0.4146241834 2.288402695 2.584627471 23.30897737 0.9997297079
109 56264 66 66 0 -0.01800756459 0.3117339152 -0.4663756748 0.5439944345 1.010370109 -0.6082167369 0.6946607839 1.302877521 0.1279541787 0.5767101889 0.7170192733 201.2414502 0.999985199
110 55792 94 94 0 -0.01636618203 1.262481416 -1.946330914 1.895991483 3.842322397 -2.388226857 2.065445004 4.453671861 -0.04429373398 2.037987494 2.403315879 24.11251241 0.9997572591
111 56739 79 79 0 0.01194005224 1.013618378 -1.578448985 1.537543938 3.115992923 -1.751766818 1.76713942 3.518906238 -0.02770945362 1.852711321 2.026029155 27.98903202 0.9998435221
112 58158 99 99 0 0.006577896201 0.2197949437 -0.3450854843 0.3534984614 0.6985839457 -0.4423884707 0.4899210507 0.9323095214 0.04574811003 0.4033239483 0.5397465376 196.6249308 0.999992642
113 57515 87 87 0 -0.02341168295 0.3064832033 -0.4606189859 0.4970061865 0.9576251725 -0.6009293448 0.6375624875 1.238491832 0.1442247031 0.5504740669 0.6884388112 197.8436477 0.9999856934
114 56729 135 135 0 0.003705444305 0.6933019459 -1.060290509 1.07908893 2.139379439 -1.36472235 1.22072336 2.58544571 -0.006950490446 1.169320161 1.310933462 27.56169354 0.9999267918
115 57763 54 54 0 -0.02416094332 0.3713522196 -0.5144557688 0.5839242436 1.098380012 -0.6444215138 0.7304420734 1.374863587 0.06657363616 0.6162829655 0.7628007953 207.4377419 0.9999789964
116 57190 67 67 0 -0.0219291873 0.3178125094 -0.477253672 0.4956935984 0.9729472703 -0.6181770301 0.6371209678 1.255297998 0.007050947547 0.5598130635 0.6931330736 199.6329957 0.9999846162
117 59536 152 152 0 -0.1821332645 1.412481264 -2.045254894 2.247131017 4.292385911 -2.423302311 2.565941958 4.989244269 0.1473367559 2.301084401 2.507867578 21.99120745 0.9996961557
118 56705 106 106 0 -0.002059595925 0.4805263416 -0.7402912292 0.7420075811 1.48229881 -0.8492913729 0.8248045738 1.674095947 0.005091121242 0.7860320701 0.8869980444 25.60433925 0.9999648314
119 58890 214 214 0 0.02004065054 0.8688833215 -1.294838085 1.348247166 2.643085251 -1.624859785 1.504092604 3.128952389 0.02283197439 1.423965431 1.59014366 23.27404532 0.9998850172
120 59056 57 57 0 -0.06657800551 0.3853846762 -0.5476507758 0.5649149555 1.112565731 -0.6862483464 0.6815129618 1.367761308 0.0501635016 0.6450463955 0.7616444017 207.2129043 0.9999773791
121 60114 132 132 0 -0.02000694259 0.3606289496 -0.5372227685 0.6356417103 1.172864479 -0.58949592 0.7936783517 1.383174272 0.2488733091 0.6595662674 0.8176029088 198.5731336 0.9999801919
122 59707 67 67 0 -0.04661374862 0.3377268236 -0.5157717695 0.5471685915 1.062940361 -0.660794788 0.6984033357 1.359198124 0.07452670074 0.6113635238 0.7563865423 208.8200893 0.9999826279
123 59436 70 70 0 0.005524457114 0.3120986873 -0.524818126 0.5039107457 1.028728872 -0.6738122787 0.7100720004 1.383884279 0.03872654692 0.5536109406 0.6931207108 200.1707655 0.9999851644
124 61508 59 59 0 -0.06148418615 0.4016508808 -0.5828432882 0.7053487758 1.288192064 -0.6139801239 0.870149567 1.484129691 0.2556173334 0.7852657802 0.9500665714 194.6927361 0.9999754292
125 57957 122 122 0 0.160730778 1.066598532 -1.792824247 1.480780319 3.273604567 -1.960680058 1.709283333 3.669963391 -0.2523063632 1.787169331 1.955025142 26.11898369 0.9998267377
126 59426 53 53 0 0.01046264614 0.2956103072 -0.4617396143 0.4386533856 0.9003929998 -0.5464481868 0.5759284759 1.122376663 0.007978267803 0.5526825464 0.5654658298 201.5662258 0.9999866905
127 61835 95 95 0 0.01420959408 0.2004184653 -0.3281794202 0.2820450708 0.6102244909 -0.403757585 0.4085850806 0.8123426656 -0.1183276273 0.388616861 0.4179671791 197.2048091 0.9999938821
128 60638 72 72 0 -0.0153091645 0.5103526296 -0.7653441179 0.8050391165 1.570383234 -0.9148354407 0.9040079668 1.818843407 0.05985486788 0.8455498887 0.9360449968 29.64272228 0.9999603302
129 62811 101 101 0 -0.005221211958 0.7023238049 -1.060389208 1.183028839 2.243418048 -1.205777062 1.331347292 2.537124354 0.09288322337 1.186149654 1.334182027 207.614115 0.9999248742
130 58929 74 74 0 -0.0008295765712 0.4748867193 -0.7483607391 0.745059078 1.493419817 -1.041926618 1.01260978 2.054536398 0.01497269612 0.8715345105 1.05051499 26.39649482 0.9999656522
131 61929 134 134 0 -0.01152451532 1.081744307 -1.618622479 1.689428121 3.308050599 -1.792249774 1.90798442 3.700234194 0.0516189146 1.763068824 1.876302396 22.82383117 0.9998217822
132 60628 65 65 0 -0.006051506168 0.4998576636 -0.7646020031 0.7591334183 1.523735421 -0.8434803488 0.8355971276 1.679077476 0.01428290269 0.8165143744 0.8416486338 28.93496438 0.9999619449
133 60758 54 54 0 -0.03638534221 0.2820617935 -0.4830801831 0.4246800156 0.9077601987 -0.633192714 0.5198483715 1.153041085 -0.08988998566 0.5709685628 0.5793082442 203.2019672 0.9999878825
134 63247 61 61 0 -0.00436160091 0.2870777791 -0.4825778507 0.4629576728 0.9455355235 -0.5105054389 0.6249424058 1.135447845 0.05039799406 0.4874023727 0.6293040067 196.1635039 0.9999874477
135 63326 93 93 0 -0.03743513327 0.7248688665 -1.072695589 1.151922894 2.224618483 -1.267456567 1.293516587 2.560973154 0.08431145933 1.214471399 1.351179439 22.00526464 0.9999199736
136 63336 157 157 0 -0.06374179767 1.084493531 -1.594131816 1.774460068 3.368591884 -1.841350694 1.995742852 3.837093546 0.1385647505 1.79669282 1.97358962 22.79403396 0.9998208756
137 62101 53 53 0 0.0544648296 0.3860395467 -0.5504821443 0.5734514322 1.123933576 -0.6930852425 0.6629201283 1.356005371 0.009465608901 0.61234925 0.7549523482 208.7250807 0.9999773021
138 61464 67 67 0 -0.0194975952 0.2905037952 -0.4503625854 0.5081305822 0.9584931675 -0.5902586984 0.6549933057 1.245252004 0.08211501059 0.5510458547 0.6928533766 200.6820854 0.9999871464
139 62167 82 82 0 -0.0225804155 0.2953012241 -0.4501565378 0.5109689984 0.9611255362 -0.594601474 0.6552632791 1.249864753 0.1850142257 0.5555466988 0.6940291619 199.4557342 0.9999867183
140 65106 81 81 0 -0.05677713104 0.9560572745 -1.412454907 1.585963252 2.998418159 -1.72477064 1.832101961 3.556872601 0.1115251702 1.646795162 1.959110896 19.82413414 0.9998607892
141 61309 66 66 0 -0.03477619338 0.4761678922 -0.6944675676 0.7583749216 1.452842489 -0.8136960821 0.9321914393 1.745887521 0.1523526341 0.8005101928 0.8834209151 28.61931181 0.9999654665
142 64602 99 99 0 -0.03431811622 0.6805790354 -1.079100755 0.9912414893 2.070342244 -1.227443609 1.285101223 2.512544832 -0.04637838731 1.189164215 1.337507069 207.3641322 0.999929454
143 61454 53 53 0 0.02063909816 0.2782961041 -0.442340912 0.4480665421 0.8904074541 -0.530567184 0.5913797807 1.121946965 -0.007633354985 0.5533685877 0.5629337252 202.000521 0.9999882039
144 64686 68 68 0 0.01860784926 0.360919799 -0.5969591384 0.596461316 1.193420454 -0.628145887 0.7975449462 1.425690833 0.0531998702 0.6365242721 0.7671567096 195.7516904 0.9999801599
145 66568 80 80 0 -0.07317023882 1.141815228 -1.656487967 1.831434746 3.487922713 -1.852445227 2.079884592 3.93232982 0.09708476822 1.892847363 2.088804624 19.15134866 0.9998014405
146 68432 80 80 0 -0.1174433626 1.0344001 -1.405444176 1.863306676 3.268750851 -1.701828681 2.157611045 3.859439725 0.3740311568 1.916196859 2.210501228 19.16317431 0.9998370416
147 64054 149 149 0 -0.05807038698 0.9568741905 -1.383110295 1.599259812 2.982370106 -1.619399496 1.813154355 3.432553851 0.1806572257 1.587901917 1.720047334 22.93389866 0.999860551
148 61951 118 118 0 -0.0416356134 0.9588091828 -1.414595005 1.579591807 2.994186812 -1.541023244 1.805217281 3.346240525 0.1477910104 1.575570963 1.774975441 24.71250076 0.9998599864
149 68054 59 59 0 -0.1122495987 1.015603779 -1.46655159 1.649129877 3.115681467 -1.601048633 1.874852018 3.475900651 0.1810985641 1.644000218 1.835147864 18.85537206 0.9998429085
150 63417 117 117 0 -0.07157185375 0.929176627 -1.343546723 1.540933859 2.884480582 -1.491584425 1.731828645 3.22341307 0.1821750981 1.519324437 1.693983097 29.18215561 0.9998685067
151 63516 50 50 0 -0.03799094672 0.3759147213 -0.5737332861 0.5559201032 1.129653389 -0.6401902969 0.7039580096 1.344148307 -0.01854261831 0.6817949548 0.7482519656 208.5374897 0.9999784771
152 65334 124 124 0 0.01407231032 0.6420180802 -1.007011085 1.036287668 2.043298754 -1.157967478 1.328287328 2.486254806 0.09358600677 1.038941743 1.310382686 206.8777712 0.9999372216
153 63004 122 122 0 -0.06601198264 0.9881654648 -1.424715662 1.629709571 3.054425233 -1.595140172 1.884964549 3.480104722 0.1654236007 1.655011805 1.910266783 24.82572299 0.9998512817
154 64033 118 118 0 0.001088190252 0.3961474051 -0.6160852148 0.6254883881 1.241573603 -0.9617641205 0.7308851577 1.692649278 -0.05158631619 0.6820272792 0.97311822 21.17622171 0.999976098
155 63186 55 55 0 0.01088502091 0.3015665496 -0.4670515752 0.4486074488 0.915659024 -0.5688419326 0.5901976297 1.159039562 -0.00375814813 0.5748905786 0.5834215976 204.5733979 0.9999861488
156 63550 56 56 0 0.005161931292 0.2821800298 -0.4243199865 0.4382070802 0.8625270668 -0.5636309031 0.5818462535 1.145477157 0.03043659397 0.5674651513 0.5747103057 203.7361545 0.9999878724
157 63916 70 70 0 -0.01959414041 0.2966984719 -0.4460845259 0.5309854502 0.9770699761 -0.582456746 0.6768223951 1.259279141 0.130043005 0.5577657155 0.7027513928 202.5123143 0.9999865923
158 63925 66 66 0 0.0003168727753 0.27557343 -0.4153679681 0.4216882811 0.8370562491 -0.549254516 0.5568239497 1.106078466 0.07978562609 0.546214617 0.5539634387 201.2342327 0.9999884336
159 62333 108 108 0 0.04982133161 1.004155161 -1.525064921 1.543415007 3.068479928 -1.72509705 1.808207922 3.533304972 -0.003792012046 1.67871975 1.860879949 27.15203693 0.9998464299
160 65393 92 92 0 -0.002617266761 0.2334930883 -0.3442418885 0.3681192719 0.7123611604 -0.4711579926 0.5021080233 0.973266016 0.04087726489 0.4206573669 0.5456641993 198.6959666 0.9999916963
161 63370 125 125 0 -0.1562790575 1.125281552 -1.629203903 1.677071323 3.306275226 -1.904098459 1.951028054 3.855126513 0.04585485364 1.755911845 1.947579985 25.62118058 0.9998071479
162 63762 53 53 0 0.01175528995 0.4958431695 -0.7683574293 0.74136135 1.509718779 -0.9317982932 0.9169922119 1.848790505 -0.04538014094 0.8365540045 0.9801549168 28.40940678 0.9999625538
163 66810 101 101 0 -0.02672853545 0.5427399022 -0.8965907039 0.8367244091 1.733315113 -1.047666143 0.9811711635 2.028837307 0.01625623232 0.8771997108 1.020132462 206.3509556 0.9999551356
164 64798 61 61 0 -0.0157873341 0.5077923271 -0.7764232125 0.8092456563 1.585668869 -0.9420761498 0.948870266 1.890946416 0.06582513307 0.9045756576 0.9837255194 25.01216394 0.9999607272
165 64468 104 104 0 -0.007050989313 0.5389771502 -0.8514803895 0.9067330232 1.758213413 -1.070013637 1.252638002 2.322651638 0.08162114882 0.9787690978 1.297898178 27.44322684 0.9999557556
166 65946 84 84 0 0.01897534129 0.4803968718 -0.800741651 0.758040419 1.55878207 -1.072442193 1.014145867 2.08658806 -0.0764051251 0.9089206001 1.156650681 28.89093729 0.9999648505
167 67738 304 304 0 -0.1002137612 1.363971311 -2.079320272 2.143320475 4.222640747 -2.603005255 2.671803866 5.274809122 0.07899360348 2.303649299 2.743121586 24.3014709 0.999716667
168 66448 88 88 0 -0.008945502417 0.3815001069 -0.5895772538 0.5639219501 1.153499204 -0.8709849515 0.8488528991 1.719837851 -0.04347452429 0.7168712784 0.860066408 205.3332826 0.9999778328
169 66474 76 76 0 -0.03948940551 0.2847218082 -0.4619151906 0.4991128965 0.9610280871 -0.602347028 0.6402222163 1.242569244 0.1994369728 0.5541563891 0.6952657089 201.7373582 0.9999876529
170 69498 67 67 0 0.004679166435 0.2098092699 -0.3358515576 0.3028701264 0.638721684 -0.3571510112 0.3150869928 0.6722380041 -0.1234674738 0.330924021 0.3522234746 198.3093189 0.9999932954
171 67716 98 98 0 0.001013438112 0.4794547933 -0.7272050017 0.7418844716 1.469089473 -0.8541061959 0.8125979447 1.666704141 -0.008923910317 0.771818782 0.8987199761 22.31939192 0.9999649881
172 66464 74 74 0 -0.04225989468 0.3116756613 -0.4805337931 0.5040640815 0.9845978746 -0.6183507408 0.645619546 1.263970287 0.001225536118 0.5624377173 0.7039931819 203.1280726 0.9999852046
173 68575 63 63 0 0.001288775437 0.5369607492 -0.8391457293 0.7910401027 1.630185832 -0.9486510182 1.037202419 1.985853438 -0.01601241948 0.9253728485 1.035913644 30.76969641 0.9999560859
174 66296 182 182 0 -0.003431169898 0.8931636697 -1.445498923 1.394726437 2.84022536 -1.805350492 1.726438929 3.531789421 -0.03476036981 1.587630961 1.851032279 27.51978956 0.999878502
175 68567 81 81 0 0.02436557356 0.4481986297 -0.734768196 0.6633180794 1.398086275 -0.9903812105 0.822755298 1.813136509 -0.1770518655 0.7826357405 0.9424477457 30.24319498 0.9999694043
176 70594 152 152 0 -0.06507556224 0.7383398093 -1.062550131 1.199342002 2.261892132 -1.342529769 1.482672099 2.825201868 0.1522762071 1.271024075 1.547565555 205.2541395 0.9999169718
177 70637 112 112 0 -0.002052235531 0.2256400458 -0.4151041225 0.3007848037 0.7158889262 -0.4399113035 0.3948154956 0.8347267991 -0.1616139027 0.4060783256 0.4282989052 199.2762709 0.9999922455
178 68213 55 55 0 -0.004939609989 0.2545549291 -0.3766990904 0.4006521541 0.7773512445 -0.4227038286 0.4452694238 0.8679732525 0.07106489708 0.4391839548 0.4838012245 31.78629003 0.9999901307
179 71873 220 220 0 -0.01659693639 0.6481775627 -0.9907941618 1.022027496 2.012821657 -1.381787548 1.204982565 2.586770113 0.01388553811 1.099252974 1.43452095 19.44122819 0.9999360112
180 72670 184 184 0 -0.06416350429 0.8293371263 -1.216178366 1.355417795 2.571596161 -1.530651572 1.574401448 3.10505302 0.1517407331 1.423324612 1.614106957 21.69549741 0.9998952455
181 71904 217 217 0 -0.03171354646 0.8460926244 -1.283595544 1.359395526 2.64299107 -1.687233012 1.731721454 3.418954466 0.07951386995 1.502478197 1.850679072 22.44059995 0.9998909702
182 72029 75 75 0 0.01624990794 0.5985318475 -0.9365773853 0.9040378384 1.840615224 -1.037219109 1.04228325 2.079502359 -0.04256303367 1.072656827 1.17329855 31.84852839 0.9999454378
183 74978 157 157 0 -0.01921281026 0.7751456586 -1.23316607 1.249642833 2.482808903 -1.63236917 1.603064637 3.235433807 0.02993719204 1.409434235 1.643922282 18.53926375 0.9999084882
184 70005 224 224 0 -0.06407081642 0.9222545179 -1.351227965 1.499326609 2.850554574 -1.477999958 2.056621598 3.534621556 0.2034854206 1.491555922 2.02811281 24.1513685 0.9998704588
185 70467 133 133 0 0.003701589375 0.7105325229 -1.106206955 1.108003534 2.214210488 -1.414984052 1.395222839 2.810206891 -0.008134126448 1.22469979 1.418685642 30.27731647 0.9999231079
186 69107 54 54 0 0.04394243417 0.1818571094 -0.3392440101 0.2637934231 0.6030374332 -0.3501763647 0.3464006434 0.6965770081 -0.09546654319 0.3334023965 0.4160096168 200.1332687 0.9999949629
187 70647 59 59 0 -0.06210085506 0.2722145595 -0.3842534573 0.5039111467 0.8881646041 -0.4014349505 0.6476045506 1.049039501 0.5183593924 0.5801916861 0.72388509 197.990275 0.9999887139
188 70270 54 54 0 -0.02109394796 0.3063100582 -0.4672663714 0.4730960076 0.940362379 -0.4847647197 0.709239892 1.194004612 0.2072682383 0.5049914878 0.7331114083 196.9892429 0.9999857096
189 69637 263 263 0 -0.00902680605 1.281146693 -1.964924669 2.082781573 4.047706241 -2.271344481 2.887634191 5.158978672 0.1083631525 2.205613078 2.834606783 25.089805 0.9997500313
190 69469 90 90 0 -0.05889308129 0.3268639988 -0.4859594363 0.5570204168 1.042979853 -0.6219465457 0.7586281421 1.380574688 0.1541708368 0.6283726149 0.8299803402 202.3300631 0.9999837274
191 71008 126 126 0 -0.03540875414 0.3338866077 -0.592391924 0.5084744352 1.100866359 -0.7354764557 0.6422686133 1.377745069 -0.1080520529 0.5592411387 0.6900095552 201.2184614 0.9999830207
192 74929 57 57 0 -0.2647456112 1.051888894 -1.343803177 1.819879344 3.163682521 -1.615079199 2.19024775 3.805326949 0.4240159685 2.232792355 2.603160761 196.7711505 0.9998314845
193 68168 74 74 0 0.04341855073 0.7059574921 -1.146781244 1.037429813 2.184211057 -1.427848539 1.26604252 2.69389106 -0.1394771809 1.226078552 1.480153412 28.43386658 0.9999240949
194 72414 70 70 0 -0.03310207547 0.5126129445 -0.7522921522 0.8135681141 1.565860266 -0.8655007542 0.9389849573 1.804485711 0.09786644267 0.8847237687 0.9979323707 31.72827936 0.999959978
195 71369 170 170 0 -0.04404730042 0.5132135713 -0.8226088539 0.7954773116 1.618086165 -1.025978221 1.075362572 2.101340793 0.03026477163 0.976488244 1.119623496 204.2517279 0.9999598843
196 73817 118 118 0 -0.01927289902 0.6004791451 -0.8904916393 0.9343939806 1.82488562 -1.020725674 1.114065072 2.134790746 0.06570901383 0.9958930705 1.175564162 19.756317 0.9999450822
197 81346 213 213 0 -0.1056064033 1.012216053 -1.400395308 1.766199799 3.166595107 -1.59651343 2.060354764 3.656868193 0.3010347272 1.837781386 2.131936351 19.01227972 0.9998439553
198 69688 54 54 0 0.001294138539 0.629835005 -1.060217469 0.9294785495 1.989696018 -1.261243641 1.155924923 2.417168563 -0.1243144761 1.144266237 1.345292409 28.99324233 0.9999395816
199 70970 90 90 0 -0.0201974587 0.4181294018 -0.7324823179 0.6899986738 1.422480992 -0.8744826395 0.8364959202 1.71097856 -0.07420862581 0.7157691526 0.8587537053 206.4879113 0.9999733718
200 75710 53 53 0 -0.04502749498 0.7524996843 -1.126730331 1.195031783 2.321762114 -1.359479992 1.464953439 2.824433432 0.0513864995 1.271330191 1.514051096 197.4845735 0.9999137567
201 73174 75 75 0 -0.01038612453 0.6803862021 -1.052432417 1.010133829 2.062566246 -1.284581422 1.193869135 2.478450557 -0.05770580102 1.123607138 1.257462605 30.78618663 0.999929494
202 74484 205 205 0 -0.0498826898 0.5609847305 -0.8776713972 0.9170899528 1.79476135 -1.152487478 1.331360268 2.483847745 0.1392651173 1.073581678 1.380852753 203.4258001 0.9999520687
203 75295 113 113 0 -0.0758648398 0.2799536083 -0.3748088524 0.5183742669 0.8931831193 -0.3931799013 0.8660579001 1.259237801 0.7176833077 0.6094136639 0.9570972971 200.0678999 0.999988063
204 74995 108 108 0 -0.03433156866 0.511183343 -0.7553019539 0.8197930765 1.57509503 -0.9527158092 1.011425385 1.964141195 0.117359009 0.8653232452 1.019708696 20.14312927 0.999960201
205 75394 113 113 0 -0.03670637489 0.5270609674 -0.7728414496 0.8456705792 1.618512029 -0.9710168377 1.042330681 2.013347519 0.1343658633 0.9078536493 1.079037056 20.47187245 0.9999576902
206 78088 62 62 0 -0.01581386269 0.7732677901 -1.164156483 1.343994262 2.508150745 -1.458283706 1.617883973 3.076167679 0.1351495613 1.494513917 1.768403629 197.2108672 0.999908931
207 74751 58 58 0 -0.01200785484 0.4774693963 -0.7564665833 0.7525953846 1.509061968 -0.9302030365 0.8510364159 1.781239452 -0.02422797426 0.8046948306 0.9614925529 31.85757082 0.9999652775
208 75684 143 143 0 0.04264079091 0.3923596778 -0.6320328641 0.5948328586 1.226865723 -0.6498869029 0.7289592111 1.378846114 0.004903643565 0.6812077865 0.815334139 201.009181 0.9999765528
209 77286 80 80 0 -0.09639348712 0.5793317994 -0.7472632379 1.073907572 1.82117081 -0.8963783016 1.599080898 2.495459199 0.6415023539 1.100371728 1.625545054 198.2765247 0.9999488825
210 75792 97 97 0 -0.0187133004 0.4512406887 -0.6848364002 0.7096864182 1.394522818 -0.848759938 0.8845627395 1.733322677 0.07241789553 0.7738879052 0.8827536803 20.73086746 0.9999689875
211 75431 122 122 0 -0.08679099781 0.7369439047 -1.062991837 1.224297796 2.287289633 -1.335263236 1.593083156 2.928346392 0.2429800821 1.270473028 1.520910291 23.62488717 0.9999172856
212 74738 52 52 0 -0.01051854119 0.6474464886 -0.9781468786 0.9864170992 1.964563978 -1.149765389 1.182088936 2.331854326 0.02626874786 1.120376829 1.316048667 31.10264782 0.9999361554
213 76879 70 70 0 0.02933853856 0.3613808776 -0.5306742596 0.5858819582 1.116556218 -0.5439655428 0.5897305522 1.133696095 0.1042720245 0.5686633674 0.5819546506 199.4110945 0.9999801092
214 83339 121 121 0 -0.05000992266 0.7235611721 -1.0957318 1.200407163 2.296138963 -1.37862935 1.640632941 3.019262292 0.1964085596 1.306330667 1.690642864 17.17706164 0.9999202625
215 76462 129 129 0 -0.02890183534 0.4816760887 -0.7147924303 0.787241947 1.502034377 -0.8491788285 1.061543325 1.910722153 0.1411496765 0.8185402325 1.090194172 202.5820159 0.999964663
216 76343 68 68 0 -0.009649134513 0.3095581697 -0.4762077337 0.4856844784 0.9618922121 -0.5188436243 0.5396399162 1.05848354 0.04818668614 0.5297549934 0.5837104312 33.04126465 0.9999854049
217 74850 53 53 0 -0.0380479103 0.3102136466 -0.4810190088 0.5278444773 1.008863486 -0.6216072447 0.6738564713 1.295463716 -0.007233429911 0.5756089987 0.720440372 207.2056408 0.999985343
218 79912 99 99 0 0.01052187873 0.6792079111 -1.056972796 1.042987443 2.09996024 -1.263115767 1.153582958 2.416698725 -0.01249798476 1.131055739 1.257952056 32.5213051 0.9999297379
219 76043 90 90 0 -0.05766284728 0.3855746113 -0.6248400907 0.6367723412 1.261612432 -0.7666912287 0.7794160878 1.546107317 0.08842239717 0.7013999478 0.8388251262 205.6630052 0.9999773568
220 80077 76 76 0 -0.0275968669 0.7529943176 -1.140248564 1.187079358 2.327327921 -1.158383154 1.450132607 2.608515761 0.1346309661 1.213221382 1.476274631 198.0316895 0.9999136432
221 86199 237 237 0 -0.08250512755 0.8273096482 -1.141365746 1.446607831 2.587973577 -1.246079832 1.888295245 3.134375076 0.3374127673 1.488602056 1.930289469 20.65903623 0.9998957573
222 80174 132 132 0 -0.008605048079 0.5164774304 -0.7865921696 0.809479018 1.596071188 -0.8807627432 0.8910787498 1.771841493 0.03425946907 0.8454994809 0.8869753454 21.76266015 0.9999593723
223 83275 65 65 0 -0.04964881608 0.8141957613 -1.140689149 1.369779843 2.510468992 -1.286919259 1.655198379 2.942117639 0.2178367433 1.356535262 1.571790479 200.1863487 0.9998990356
224 83256 297 297 0 -0.008364603911 0.63606502 -0.9333725457 1.066743128 2.000115674 -1.06988441 1.226759273 2.296643683 0.110401257 1.070732617 1.224601172 202.8056812 0.9999383804
225 81258 71 71 0 -0.04014048332 0.3578303459 -0.5176774968 0.6221335716 1.139811068 -0.5890343346 0.8831361575 1.472170492 0.4067002324 0.6620554321 0.9230580181 200.9738091 0.9999804982
226 78827 93 93 0 0.002417460419 0.4225951697 -0.6890336974 0.6957489462 1.384782644 -0.9650490405 0.9770073873 1.942056428 0.01387879363 0.8265167694 0.9771005842 204.8813222 0.9999728
227 83935 81 81 0 0.06369097429 0.5684187291 -0.9207564996 0.8205839756 1.741340475 -1.109624775 0.8781491465 1.987773922 -0.1954757593 0.9996880045 1.18855628 32.86881102 0.9999507898
228 82985 157 157 0 0.003933563306 0.55945169 -0.8529216399 0.8809300057 1.733851646 -0.9620558671 1.165364433 2.1274203 0.06082448001 0.9264596974 1.210894125 21.86395033 0.9999523302
229 90600 108 108 0 -0.06629390061 0.6794151008 -0.9654491358 1.114170244 2.079619379 -1.17830995 1.422054593 2.600364543 0.2317582797 1.275893671 1.58377802 16.30276419 0.9999296952
230 84985 173 173 0 -0.03960872466 0.5130919944 -0.7359183057 0.8904391342 1.62635744 -0.898852583 1.251560891 2.150413474 0.3208892887 0.8988358173 1.258996054 20.37765407 0.9999599033
231 79611 51 51 0 -0.009510586935 0.336502753 -0.5836002584 0.5506731969 1.134273455 -0.7258112423 0.6955041385 1.421315381 -0.09387782413 0.5740204131 0.713917213 206.9893261 0.9999827536
232 85006 83 83 0 -0.02278247307 0.5226116747 -0.7940677597 0.8457983694 1.639866129 -1.039958869 1.067365609 2.107324477 0.06806063281 0.9395057353 1.139072797 22.34161187 0.9999584016
233 93015 78 78 0 -0.1114801862 0.7771194642 -1.06458749 1.331592793 2.396180283 -1.20493274 1.524816857 2.729749597 0.3295534825 1.365436861 1.558660925 15.64773775 0.9999080213
234 91002 87 87 0 -0.02986682111 0.7530794528 -1.056112579 1.231194932 2.287307512 -1.204545944 1.390556988 2.595102932 0.1878154816 1.207021502 1.332713905 15.88606413 0.9999136236
235 80834 71 71 0 0.009302765599 0.4140203536 -0.5991104499 0.6991218244 1.298232274 -0.8022316035 0.9731025508 1.775334154 0.2920753454 0.7514406095 0.9587802112 204.0285535 0.9999738926
236 84069 81 81 0 0.03409916318 0.3957495969 -0.6247074533 0.687040302 1.311747755 -0.7598091438 0.9444454291 1.704254573 0.1990512026 0.7810307663 1.038435894 201.8260139 0.999976146
237 88993 234 234 0 -0.009104680515 0.6140013795 -1.020139713 1.014607635 2.034747348 -1.343373468 1.300145375 2.643518843 -0.005754704719 1.146646437 1.428667477 17.03875906 0.9999425812
238 86978 150 150 0 -0.01988750684 0.4838001959 -0.7390709952 0.7666405983 1.505711593 -0.9275495955 0.9491935998 1.876743195 0.07645339689 0.8274236967 0.9590301001 17.70926443 0.9999643506
239 85566 63 63 0 -0.001768867342 0.2692153551 -0.4236746908 0.4133499136 0.8370246044 -0.4628875844 0.4575888235 0.9204764078 -0.03848140761 0.4662940484 0.505506942 34.05910483 0.9999889612
240 87788 112 112 0 -0.02026796847 0.4766294329 -0.7019494194 0.7547043111 1.45665373 -0.8785719989 0.8816895063 1.760261505 0.07948672628 0.7922305754 0.9275220651 17.93960618 0.9999653995
241 91438 194 194 0 -0.03816427641 0.6076622186 -0.896236234 0.9855682302 1.881804464 -1.084981929 1.322625788 2.407607717 0.157710169 1.072201877 1.409259435 19.35906773 0.9999437605
242 89844 201 201 0 -0.06834052796 0.5350745308 -0.7451751719 0.9318730744 1.677048246 -0.8710142737 1.308457933 2.179472207 0.3789419643 1.031597967 1.408182826 21.44534575 0.999956394
243 95842 263 263 0 -0.08336429581 0.6704652772 -0.9191364526 1.14912178 2.068258232 -1.153240331 1.410262439 2.56350277 0.3023251977 1.253953077 1.515093737 18.01554969 0.9999315351
244 83229 56 56 0 0.01511821594 0.3742970587 -0.5435297591 0.6115577731 1.155087532 -0.6804098699 0.7565364514 1.436946321 0.1653194132 0.7053597234 0.7279306309 206.4769433 0.999978662
245 95443 244 244 0 -0.08315180524 0.6281254929 -0.8654566252 1.084717156 1.950173781 -1.072716762 1.352574769 2.425291532 0.3288652039 1.170442344 1.438299957 18.38130273 0.9999399091
246 93446 224 224 0 -0.06848053867 0.5941302714 -0.8449791305 1.008735701 1.853714832 -1.032032432 1.273165426 2.305197859 0.2644396646 1.038178446 1.302608171 18.81842833 0.9999462374
247 86776 53 53 0 -0.04790209909 0.4432624958 -0.6426201976 0.7246831975 1.367303395 -0.7357237511 0.7999128482 1.535636599 0.186800689 0.7872182889 0.8624479397 34.00473219 0.9999700744
248 83640 54 54 0 -0.07937229115 0.2969078794 -0.3812529633 0.5219804842 0.9032334475 -0.392806441 0.7568993399 1.149705781 0.5652505659 0.4829931552 0.7087005765 205.2062481 0.9999865734
249 88110 61 61 0 0.03559047 0.5758821916 -0.8789528813 0.9456584243 1.824611306 -1.14365894 1.203307464 2.346966404 0.005534106309 1.048398081 1.181339292 201.9444985 0.9999494892
250 95422 109 109 0 -0.01158509804 0.5341849695 -0.8426608788 0.8877611427 1.730422022 -1.059049006 1.137065988 2.196114994 0.05638320029 0.9860505417 1.213100848 16.1612822 0.9999565388
251 87679 90 90 0 0.001583153438 0.2722451959 -0.3875235768 0.4813296709 0.8688532477 -0.5145974038 0.6271590747 1.141756479 0.1940720923 0.5672985928 0.7131279966 205.4298806 0.9999887113
252 89293 95 95 0 -0.02171106331 0.3116649106 -0.4838198183 0.6221817106 1.106001529 -0.5122209243 0.883951978 1.396172902 0.6950899582 0.8545301745 1.116300442 206.3732167 0.9999852056
253 96263 261 261 0 -0.01299597247 0.419812764 -0.6327757731 0.6648084491 1.297584222 -0.7358884372 0.7765865347 1.512474972 0.0654489197 0.7257431999 0.8375212856 20.15306903 0.9999731569
254 90117 145 145 0 0.0988481388 0.527064203 -0.9578939415 0.7334350863 1.691329028 -1.345513498 0.7703034771 2.115816975 -0.547107615 1.186358718 1.573978275 203.7348744 0.9999576899
255 91347 55 55 0 0.03669910222 0.7047615894 -1.127607964 1.105971929 2.233579892 -1.39008259 1.449223942 2.839306532 0.04289426732 1.287463867 1.429359888 201.9244236 0.999924352
256 99061 53 53 0 -0.09311765727 0.323955741 -0.3822852843 0.5977937254 0.9800790097 -0.417735865 0.7058358486 1.123571714 0.5950155586 0.6909113827 0.7989535059 22.32504926 0.9999840157
257 97245 79 79 0 0.02655559711 0.4645319257 -0.7429752479 0.6692701053 1.412245353 -0.8346833131 0.7159344996 1.550617813 -0.1754973983 0.7562411486 0.8479492138 34.56317754 0.9999671336
258 94534 67 67 0 -0.04203288491 0.6000576306 -0.7706141113 1.009134221 1.779748332 -0.7913665596 1.256059736 2.047426295 0.3929325059 1.043250643 1.290176158 206.4909026 0.9999451593
259 100594 214 214 0 0.0003548261985 0.3166338309 -0.5176179133 0.4900819844 1.007699898 -0.6698898873 0.6972674015 1.367157289 -0.02987436107 0.5705769852 0.7396998692 19.00805161 0.9999847301
260 89153 54 54 0 0.01839256482 0.2460725677 -0.4266833505 0.3721392913 0.7988226418 -0.5091996553 0.4795659156 0.9887655709 -0.1951525885 0.4503573055 0.5043956494 30.62153297 0.9999907775
261 93347 50 50 0 0.06233432291 0.6332214486 -1.104250133 0.9591928324 2.063442965 -1.422148312 1.146306717 2.568455029 -0.311360484 1.154846377 1.418307716 203.9299164 0.9999389303
262 91158 50 50 0 0.005568599433 0.1074747218 -0.1729171784 0.1754475508 0.3483647292 -0.2090482101 0.239623266 0.448671476 0.02081532656 0.2220783847 0.2862540998 29.58228262 0.9999982407
263 94858 59 59 0 0.0005809812906 0.245138131 -0.3819110058 0.3622869972 0.744198003 -0.4336403879 0.4246279932 0.8582683811 -0.05256913601 0.4121350284 0.4342213691 34.96450788 0.9999908474
264 98040 75 75 0 -0.005925353108 0.3979359652 -0.6220751663 0.6164005368 1.238475703 -0.6749208066 0.7276654193 1.402586226 0.01752618038 0.6966342202 0.7494798605 34.46126811 0.9999758816
265 96139 170 170 0 -0.1593653086 0.910736357 -1.192951923 1.643067963 2.836019886 -1.590385322 1.919003818 3.50938914 0.3919444168 1.5599511 1.820805844 205.7875431 0.9998736744
266 99440 76 76 0 -0.03327161296 0.3212478302 -0.464845653 0.5692800478 1.034125701 -0.5900336147 0.7488559454 1.33888956 0.3158081898 0.5951422795 0.7747181771 20.83572153 0.9999842818
267 107040 103 103 0 -0.03521020405 0.4491257478 -0.6455152317 0.79989121 1.445406442 -0.8212319544 1.017988227 1.839220181 0.2971181152 0.9038170181 1.121914035 15.41375788 0.9999692776
268 108496 93 93 0 -0.04782328524 0.4081996866 -0.5745871321 0.7200323214 1.294619453 -0.6926982843 0.9652511187 1.657949403 0.386273689 0.7678556066 1.013074404 14.98672328 0.9999746215
269 104081 238 238 0 0.01963261536 0.3535167862 -0.6030030242 0.535597413 1.138600437 -0.8322213134 0.7393242929 1.571545606 -0.1705199942 0.6439161594 0.8087772801 20.0849052 0.9999809655
270 105932 228 228 0 -0.01616432852 0.3500786493 -0.5542673781 0.603234021 1.157501399 -0.7235309558 0.7996543567 1.523185313 0.1318406435 0.6604366208 0.8479377836 16.30111419 0.9999813339
271 98764 78 78 0 0.005013900599 0.1324585579 -0.2169447413 0.2204210798 0.4373658211 -0.2728508404 0.2645216944 0.5373725348 -0.07293579623 0.246756505 0.2893538344 29.92365556 0.9999973277
272 110635 198 198 0 -0.05954584195 0.343442273 -0.4709754789 0.6183455867 1.089321066 -0.5695501605 0.8427939377 1.412344098 0.4539225137 0.6660360642 0.8904844152 16.80244404 0.9999820349
273 111650 210 210 0 -0.06780865326 0.3648216962 -0.4963632178 0.6540721404 1.150435358 -0.6032684864 0.9019490154 1.505217502 0.4658790047 0.7221960873 0.9700729623 16.4529513 0.9999797286
274 99562 56 56 0 0.003745464299 0.1327197634 -0.2153901628 0.2075461743 0.4229363371 -0.2983405825 0.3035953135 0.601935896 -0.01835312517 0.2480511991 0.3163692852 30.55860296 0.9999973172
275 111641 246 246 0 -0.01399359419 0.4015633215 -0.6300756337 0.7026782682 1.332753902 -0.7965553535 1.003474865 1.800030218 0.197304444 0.7851020008 1.085898597 15.45864357 0.99997544
276 100073 78 78 0 -0.06890564192 0.6993555472 -0.9952536103 1.115583182 2.110836792 -1.191171778 1.267541606 2.458713384 0.1591311815 1.140083069 1.329846856 209.1910381 0.9999255078
277 109268 116 116 0 -0.01915505319 0.212037373 -0.3086772316 0.3838366673 0.6925138989 -0.3835017274 0.5740467043 0.9575484317 0.4171090982 0.4032080034 0.5934180404 20.49189838 0.9999931522
278 102286 82 82 0 0.00642607406 0.1284284089 -0.2090602674 0.1948994493 0.4039597168 -0.3100792154 0.2809999163 0.5910791317 -0.1239395996 0.2439590704 0.3163900697 30.20993466 0.9999974878
279 112377 56 56 0 -0.01105065963 0.07787737178 -0.09455131016 0.1382923768 0.232843687 -0.1110165808 0.2962761945 0.4072927753 1.62366033 0.196237087 0.3542209047 22.49611096 0.9999990763
280 109609 187 187 0 -0.00598439572 0.1905977013 -0.2804780116 0.3032453988 0.5837234105 -0.3213061849 0.4031849934 0.7244911782 0.1400318374 0.3462361177 0.4461757122 19.09955913 0.999994467
281 111968 79 79 0 -0.04637825607 0.3386754759 -0.4691627827 0.5726240644 1.041786847 -0.5762994568 0.7528096552 1.329109112 0.3011230274 0.572466496 0.7264141695 14.55490152 0.9999825301
282 104605 54 54 0 -0.003862775836 0.1299446983 -0.2127408246 0.2203454448 0.4330862694 -0.2497470629 0.2749814372 0.5247285001 0.1193099995 0.2486567072 0.2729947109 31.32500179 0.9999974282
283 106093 53 53 0 -0.005905651951 0.1770947924 -0.2706534069 0.2838420367 0.5544954436 -0.3077526491 0.3188598216 0.6266124706 0.07395319905 0.2990400707 0.3157481142 30.09128317 0.9999952232
284 112328 217 217 0 -0.01375373387 0.2675518837 -0.4075944831 0.4763756907 0.8839701737 -0.5179301671 0.6950094395 1.212939607 0.3257869977 0.5072042802 0.725838029 17.83958497 0.9999890972
285 106107 88 88 0 -0.001577235908 0.1559806348 -0.2485563679 0.2607729885 0.5093293564 -0.3245229466 0.3619446239 0.6864675705 0.07150479934 0.2874397154 0.3481390975 31.08480906 0.9999962943
286 115586 304 304 0 -0.01408282813 0.2600210763 -0.3878014352 0.4455831743 0.8333846095 -0.4671818539 0.7391146326 1.206296486 0.3339325616 0.4765298507 0.7700613089 19.83955866 0.9999897023
287 117019 59 59 0 -0.03475757751 0.1071475769 -0.1233399189 0.2204251389 0.3437650578 -0.1417656987 0.2646193556 0.4063850542 0.941664598 0.282858684 0.3270529007 22.15776145 0.9999982514
288 109691 57 57 0 0.00310296223 0.1899412038 -0.2796411918 0.3145347475 0.5941759392 -0.3241270509 0.3553783918 0.6795054428 0.08800052536 0.3721954895 0.4130391339 26.24864348 0.9999945051
289 115814 76 76 0 -0.03559747694 0.2758447742 -0.3971913441 0.4647693943 0.8619607385 -0.4703173561 0.6236454177 1.093962774 0.2946333872 0.549481917 0.7083579404 14.24607412 0.9999884108
290 114958 57 57 0 0.02370599434 0.2602721154 -0.428665438 0.3761047116 0.8047701496 -0.4612690485 0.4002355375 0.8615045859 -0.1087155913 0.4832145657 0.5158181762 35.76396099 0.9999896824
291 115594 93 93 0 -0.005763654042 0.08460221802 -0.1181159673 0.1545805706 0.2726965379 -0.1421526497 0.2564674297 0.3986200794 0.6402960705 0.1783232745 0.2802101335 20.58558272 0.9999989098
292 118341 78 78 0 -0.03899408159 0.268855433 -0.3770205137 0.4752703201 0.8522908338 -0.4451153852 0.5928232052 1.03793859 0.3691021294 0.5409944759 0.6585473609 13.94568776 0.9999889907
293 118649 197 197 0 -0.01866336258 0.1804738479 -0.2660165369 0.3236500951 0.589666632 -0.3515181103 0.5062566953 0.8577748055 0.4269360972 0.3751016906 0.5577082908 17.15712043 0.9999950392
294 114177 173 173 0 -0.01440419714 0.2109606026 -0.3273149614 0.3773717581 0.7046867195 -0.4129338095 0.5277358348 0.9406696443 0.3006164207 0.4005090889 0.5421400319 18.25148031 0.9999932216
295 111143 59 59 0 -0.003155355901 0.1538629793 -0.2378806501 0.2359825934 0.4738632435 -0.3213411812 0.3053827709 0.6267239521 0.005594200851 0.2762892468 0.3507609814 30.6866207 0.9999963943
296 116981 155 155 0 0.01778781293 0.1554458668 -0.2746247868 0.2118416344 0.4864664212 -0.3910619688 0.2595274176 0.6505893863 -0.4239451628 0.2693592952 0.3745972854 18.550984 0.9999963197
297 111154 70 70 0 -8.616096142e-05 0.1425392067 -0.2269778661 0.2249844379 0.4519623041 -0.3161764471 0.3123047452 0.6284811922 0.02986322287 0.2730795423 0.3450018936 31.46308418 0.9999969055
298 119490 191 191 0 -0.00891619698 0.1740943513 -0.2729135984 0.3007451244 0.5736587228 -0.3448750251 0.460010328 0.8048853531 0.2423073463 0.3481409492 0.5074061528 16.7854665 0.9999953837
299 119797 333 333 0 0.02225796454 0.2215945379 -0.3910302708 0.3408437504 0.7318740212 -0.5133178997 0.5339470419 1.047264942 -0.1794903716 0.4208385986 0.5583758533 19.144254 0.999992521
300 114063 61 61 0 0.0005514688629 0.1320544185 -0.2102191214 0.2128728654 0.4230919868 -0.2476323729 0.2481495448 0.4957819177 0.005519569317 0.2473579467 0.2847711982 31.3556592 0.999997344
301 120605 109 109 0 -0.02508982977 0.2130935954 -0.3157264532 0.3903681932 0.7060946464 -0.390168783 0.5330816334 0.9232504164 0.3977310037 0.4295014957 0.572214936 14.58975976 0.9999930839
302 115680 63 63 0 0.008364298705 0.2327914898 -0.3562125688 0.3505994521 0.7068120209 -0.433919271 0.413681553 0.847600824 -0.0310585414 0.4046815943 0.4287578873 27.70181254 0.9999917461
303 115738 75 75 0 -0.0004963904927 0.1395174906 -0.2286966674 0.2241151687 0.4528118362 -0.2798240897 0.2746849931 0.5545090828 -0.03371754249 0.2580270255 0.2793276992 31.88232588 0.9999970353
304 118636 108 108 0 0.002044084482 0.1550126283 -0.2573231706 0.2517347408 0.5090579114 -0.3200754856 0.3669766926 0.6870521782 0.03315516319 0.2881015101 0.3952173468 15.70693887 0.9999963402
305 121513 149 149 0 0.001358606299 0.1024121648 -0.1682211055 0.1547766564 0.322997762 -0.2040721298 0.2062078817 0.4102800115 -0.07044408148 0.1802213286 0.2290182341 20.30250746 0.9999984025
306 122033 176 176 0 0.01134725879 0.2658898816 -0.424907614 0.4115952648 0.8365028788 -0.518184585 0.5545677258 1.072752311 -0.04153917466 0.4659507128 0.6049990138 15.06724422 0.9999892322
307 124894 78 78 0 -0.02204604593 0.1481923132 -0.2037344345 0.2771568725 0.480891307 -0.2487564253 0.4066987472 0.6554551725 0.5994666387 0.331893823 0.4614356976 14.21355523 0.9999966552
308 126427 54 54 0 -0.002960184066 0.2999178797 -0.424908987 0.5204828897 0.9453918766 -0.4746795456 0.5543210894 1.029000635 0.2212000517 0.4982715322 0.5219694178 23.07776966 0.9999862998
309 123246 76 76 0 0.002660880952 0.1744610151 -0.2702095778 0.2689382783 0.5391478561 -0.3193826409 0.3230339466 0.6424165874 -0.01452845183 0.3178991848 0.371994853 22.06023992 0.9999953642
310 122340 174 174 0 -0.001790928216 0.1671526286 -0.2576077333 0.2698849905 0.5274927238 -0.3115427709 0.3759403414 0.6874831123 0.08238930675 0.2913547244 0.3927586498 17.48662078 0.9999957445
311 126101 274 274 0 0.008766156908 0.2107901235 -0.3400223747 0.31522222 0.6552445948 -0.4153285057 0.4004708799 0.8157993856 -0.08582297826 0.3627211202 0.4175661571 19.79565375 0.9999932326
312 127875 66 66 0 0.00800583747 0.3004013759 -0.4582247563 0.4719244886 0.9301492449 -0.5102430263 0.521242633 1.031485659 0.01979348671 0.4918866357 0.5394325728 22.91203859 0.9999862556
313 122137 54 54 0 -0.005586445216 0.1550209244 -0.236187712 0.2486591028 0.4848468148 -0.2744741422 0.2839061146 0.5583802568 0.08459762164 0.2641304634 0.2825181135 24.89455428 0.9999963398
314 124351 125 125 0 0.001158848819 0.123584189 -0.1963861002 0.1965361799 0.3929222801 -0.2520966443 0.2764502788 0.5285469231 0.02884714924 0.2191887051 0.2836542425 17.92169121 0.9999976738
315 128076 61 61 0 -0.003020502167 0.1013175303 -0.1494811095 0.1768222347 0.3263033442 -0.1856815715 0.2626709661 0.4483525376 0.4106635327 0.1927045898 0.2785533213 13.92496691 0.9999984365
316 124622 169 169 0 -0.003190607703 0.2061070502 -0.3198266337 0.3176310819 0.6374577157 -0.3731017482 0.3919668758 0.7650686241 0.0173111152 0.3491712098 0.3902917449 16.10227855 0.9999935299
317 126422 67 67 0 -0.05496496628 0.2709588099 -0.3358263421 0.4994920951 0.8353184373 -0.3854365999 0.541702789 0.9271393889 0.4734163749 0.5252402247 0.5674509186 22.72459367 0.9999888177
318 130158 229 229 0 -0.01716210528 0.1841609578 -0.2749243717 0.3486826465 0.6236070182 -0.3549011572 0.4772256545 0.8321268117 0.4107217612 0.3828349399 0.5113779479 18.41069135 0.9999948344
319 130116 73 73 0 -0.009028158563 0.1046676891 -0.1559672048 0.1881741387 0.3441413436 -0.197602271 0.2501281244 0.4477303954 0.3543751291 0.2058087446 0.2677627303 13.70567288 0.9999983314
320 129256 184 184 0 0.001447441489 0.1332095936 -0.2067915941 0.2040437586 0.4108353527 -0.267719962 0.2636672594 0.5313872214 -0.02047200431 0.2298459934 0.2670468292 15.5452391 0.9999972973
321 130414 84 84 0 -0.004886253218 0.1499027058 -0.2242015914 0.2354969483 0.4596985397 -0.2585776332 0.301773082 0.5603507152 0.10528365 0.2583737432 0.3246498769 14.35124211 0.9999965775
322 129580 258 258 0 -0.0005659505658 0.268160282 -0.4175451678 0.4404786582 0.858023826 -0.5115409604 0.5370977409 1.048638701 0.07416942788 0.4659224548 0.5355602789 18.93637632 0.9999890475
323 129834 152 152 0 0.002401599029 0.2223280349 -0.3446559047 0.3384298694 0.6830857742 -0.3841479851 0.4050192426 0.7891672277 -0.01207541173 0.3740647334 0.4406541066 14.92129971 0.9999924714
324 134590 334 334 0 -0.01675312051 0.2908811079 -0.4463832522 0.477346739 0.9237299912 -0.5872629919 0.6559111836 1.243174175 0.1365923803 0.5202624561 0.6778211826 20.73796387 0.9999871129
325 131876 60 60 0 -0.002258109317 0.08690649362 -0.1313154078 0.1477682335 0.2790836413 -0.1725966116 0.2181452599 0.3907418715 0.252599998 0.1749503363 0.2453273627 13.46677226 0.9999988497
326 132535 156 156 0 -0.01593645789 0.2398364991 -0.3454032963 0.3889619991 0.7343652954 -0.4227877616 0.4999144681 0.9227022297 0.2037971389 0.4098969019 0.5136748963 21.08251302 0.999991239
327 132832 68 68 0 -0.0259946721 0.1801641446 -0.2524677173 0.3033456716 0.5558133889 -0.287947645 0.3471654365 0.6351130815 0.2945556452 0.3073565724 0.3428365 21.29747574 0.9999950562
328 135139 331 331 0 -0.003754318045 0.2006332341 -0.3127782673 0.3131040638 0.6258823311 -0.3758854722 0.4481341137 0.824019586 0.04004983256 0.3489646762 0.4340813085 16.79313335 0.999993869
329 134556 281 281 0 0.002683302605 0.1688278481 -0.2761384043 0.2549612215 0.5310996258 -0.3329865255 0.325434112 0.6584206375 -0.05902643653 0.2924060618 0.3373845694 17.40295638 0.9999956588
330 136318 288 288 0 0.0003005032712 0.1999680066 -0.3163961543 0.3070133971 0.6234095514 -0.3560625211 0.4213789082 0.7774414292 0.001031038444 0.3339816929 0.4396830487 16.13392295 0.9999939096
331 133677 189 189 0 -0.01411773836 0.1811243856 -0.2668506982 0.3006238066 0.5674745048 -0.3051527933 0.3609641415 0.6661169348 0.1877530903 0.3028278416 0.3540743468 17.96810041 0.9999950034
332 139913 591 591 0 -0.003547014344 0.3478009592 -0.5693218772 0.5809717431 1.15029362 -0.7832585689 0.7920701925 1.575328761 0.02417836779 0.6516281689 0.7994259948 20.23962779 0.999981576
333 136299 65 65 0 -0.003182042411 0.1067866926 -0.1647250844 0.1638733737 0.3285984581 -0.188777049 0.1970800461 0.3858570951 0.08255702254 0.1857402789 0.2189469513 13.90790118 0.9999982632
334 137188 83 83 0 -0.006911828287 0.119689501 -0.1819616494 0.1871849894 0.3691466389 -0.2121420684 0.2094304731 0.4215725415 0.01440961076 0.19966669 0.2169419396 14.3240581 0.9999978181
335 135715 128 128 0 -0.0001761737511 0.20749696 -0.3209318759 0.3212720155 0.6422038915 -0.3663122392 0.3598469428 0.7261591819 0.002357599038 0.3690987105 0.4076736377 14.98348426 0.9999934424
336 137288 72 72 0 -0.001219290107 0.2666178906 -0.4098008201 0.4160430333 0.8258438534 -0.4539337122 0.4883782104 0.9423119226 0.02982772101 0.454858055 0.5061707769 24.02834274 0.9999891732
337 142875 411 411 0 -0.03448220543 0.3777169936 -0.5712861854 0.6539253944 1.22521158 -0.751814441 0.8278682966 1.579682738 0.2145509791 0.7044581232 0.8755045012 19.57298032 0.9999782703
338 141120 68 68 0 0.001020083475 0.3134092979 -0.4848289217 0.4931703794 0.9779993011 -0.5296450406 0.5261604271 1.055805468 -0.01226035039 0.511396334 0.5309028885 22.15653887 0.9999850395
339 141333 60 60 0 -0.001538421067 0.07266822445 -0.1101564793 0.109782511 0.2199389903 -0.1303189483 0.137081734 0.2674006822 0.0239760871 0.1216959409 0.1459396604 13.61251235 0.9999991957
340 139865 174 174 0 -2.199515187e-05 0.2917001721 -0.4499058831 0.4431990742 0.8931049573 -0.556320824 0.4906353252 1.046956149 -0.03287300732 0.4849576427 0.5913725836 15.28269092 0.9999870403
341 142570 226 226 0 0.004198077523 0.2523120642 -0.432732178 0.3988128748 0.8315450528 -0.5574536584 0.4960391881 1.053492846 -0.1247601946 0.4681465769 0.5473147892 18.79338766 0.9999903039
342 141926 55 55 0 0.001311437626 0.06245459755 -0.09541754701 0.09384331524 0.1892608623 -0.1065525965 0.1289318542 0.2354844508 0.07815630905 0.1035394865 0.1269940359 13.38696839 0.9999994059
343 142823 61 61 0 0.001916070412 0.09448816318 -0.154764396 0.1397189701 0.2944833662 -0.1938749191 0.1590527123 0.3529276314 -0.1629589199 0.1615721457 0.1830200299 13.9631596 0.9999986402
344 142530 81 81 0 0.0014418674 0.1206553559 -0.1959180505 0.1856673185 0.381585369 -0.2327721693 0.2229313519 0.4557035212 -0.03724459703 0.2094299933 0.2342140367 14.42147634 0.9999977827
345 142010 72 72 0 -0.01098882779 0.2145512155 -0.3356825949 0.3237539233 0.6594365181 -0.3804684662 0.4040277558 0.784496222 0.01915023315 0.3740567506 0.418842622 21.97570356 0.9999929889
346 141732 56 56 0 0.007046240808 0.2243055545 -0.3439785645 0.3442896126 0.6882681771 -0.4354635723 0.3690359726 0.8044995449 -0.05361260283 0.3600299382 0.4374251233 23.6793821 0.9999923369
347 143454 199 199 0 -0.009098733664 0.2027229071 -0.3187733374 0.3550746705 0.6738480079 -0.4092639029 0.453564812 0.8628287149 0.1552307941 0.3795575951 0.4683574588 18.10611764 0.9999937406
348 146472 204 204 0 -0.03199639243 0.4422556573 -0.652548674 0.7029392233 1.355487897 -0.7550105147 0.8905644997 1.645575014 0.1127434043 0.7201091945 0.8761455816 22.16140962 0.9999702102
349 147951 407 407 0 0.004845877753 0.3039248644 -0.5134198415 0.5030677193 1.016487561 -0.6830739918 0.7066129145 1.389686906 -0.003661418851 0.5753851276 0.6983391782 21.34836565 0.9999859313
350 147290 84 84 0 -0.000436926849 0.118585844 -0.196871828 0.1905531996 0.3874250276 -0.2514481423 0.2571085904 0.5085567327 0.01150358616 0.2222726927 0.2858737761 14.62061915 0.9999978581
351 146101 112 112 0 -0.0151329557 0.2418359108 -0.3552480879 0.3920474741 0.747295562 -0.4221602843 0.483238257 0.9053985413 0.1618965877 0.4306088192 0.5217996021 15.14989627 0.9999910923
352 144922 116 116 0 -0.02154832718 0.2222297884 -0.3262217546 0.3588136474 0.685035402 -0.3985859089 0.448375796 0.8469617049 0.1778904944 0.3975198484 0.487081997 15.99141976 0.9999924781
353 148804 243 243 0 0.007525298888 0.2303101866 -0.3878668871 0.3656225712 0.7534894582 -0.5259907506 0.474659705 1.000650456 -0.1010532727 0.4316713534 0.5159658247 17.67809065 0.9999919211
354 146416 172 172 0 0.003446512315 0.2363988342 -0.3863684807 0.3755329728 0.7619014535 -0.5059736144 0.4764494986 0.9824231129 -0.05883683779 0.4298977903 0.511204526 16.89368354 0.9999914883
355 149067 59 59 0 0.002382037098 0.08232789328 -0.1346637215 0.1327361344 0.2673998559 -0.1743724762 0.1693872574 0.3437597335 -0.01588310129 0.1483391502 0.1779407096 13.72819579 0.9999989677
356 149070 74 74 0 0.001396136164 0.1001540379 -0.1684082235 0.165171388 0.3335796115 -0.2214033176 0.2175970913 0.4390004089 -0.03076897088 0.192560857 0.2263134964 14.10039109 0.9999984722
357 148363 60 60 0 0.003135703963 0.04209021462 -0.07435743967 0.0671329133 0.141490353 -0.08922451326 0.07591402014 0.1651385334 -0.1997697453 0.1131865896 0.1280536632 30.11336718 0.9999997302
358 149113 136 136 0 -0.005027776166 0.1932787875 -0.3045643779 0.3225456447 0.6271100226 -0.4131738561 0.4262888903 0.8394627464 0.09435227433 0.3710606428 0.455317716 18.77205164 0.9999943103
359 155018 417 417 0 0.01501758256 0.521548376 -0.8144612865 0.7930358016 1.607497088 -1.003814299 0.9190411115 1.922855411 -0.04265815213 0.8671345792 1.037504122 20.14350458 0.9999585706
360 149179 55 55 0 -0.01380065234 0.199159783 -0.3011479008 0.2858777466 0.5870256474 -0.3501193889 0.3617117261 0.711831115 -0.01810599523 0.3587126175 0.4076841056 24.40736271 0.9999939587
361 150562 184 184 0 -0.01410704152 0.2675303246 -0.4128432817 0.4678468491 0.8806901308 -0.5148931716 0.6417690115 1.156662183 0.2620003425 0.4972823737 0.6573445929 15.37213136 0.9999890989
362 149387 114 114 0 0.004756747427 0.2088176694 -0.3418284162 0.3433646769 0.6851930931 -0.4471320534 0.4445828735 0.8917149269 0.008546894341 0.3965694279 0.4990944214 16.35399306 0.9999933586
363 151230 92 92 0 0.01005071045 0.2802582869 -0.4371351738 0.4239399228 0.8610750966 -0.5363881645 0.5209377202 1.057325885 -0.0569763279 0.4706050783 0.5504875654 22.97659648 0.999988037
364 151767 121 121 0 0.004300255989 0.163647686 -0.2561086663 0.2729843374 0.5290930038 -0.3297161857 0.341124148 0.6708403337 0.07085850299 0.3043706927 0.3725105033 18.39673023 0.9999959211
365 155628 496 496 0 0.02449766942 0.3259229337 -0.5678459584 0.4991940585 1.067040017 -0.823743289 0.7308383986 1.554581688 -0.2372648816 0.602151005 0.796896559 22.22018654 0.999983821
366 153030 50 50 0 -0.0009267257019 0.1933673724 -0.3213940312 0.2832136586 0.6046076898 -0.3385413118 0.2921513171 0.6306926289 -0.1948286715 0.3085018954 0.3241769783 25.56844391 0.999994305
367 157373 451 451 0 -0.004745663363 0.4848623924 -0.7619186754 0.7511567043 1.51307538 -0.9348815021 0.9398000585 1.874681561 -0.002322835412 0.8228881473 0.9521441298 21.28628218 0.9999641939
368 155082 53 53 0 0.02931091579 0.2071019965 -0.3507688871 0.2880363569 0.638805244 -0.4529404669 0.3370156569 0.7899561238 -0.2100720178 0.395290801 0.4974623807 25.39450604 0.9999934673
369 154665 57 57 0 0.008051405725 0.09252210342 -0.1601752949 0.1418337733 0.3020090682 -0.2069373093 0.1858820402 0.3928193495 -0.2233014936 0.1758203427 0.2067508832 13.92000675 0.9999986962
370 155284 230 230 0 -0.05185889221 0.3516864565 -0.5366178467 0.5728124068 1.109430254 -0.662884524 0.6830181971 1.345902721 0.1767102184 0.6201650731 0.7258754047 17.55316184 0.9999811621
371 153800 92 92 0 -0.02570379243 0.2637982766 -0.3722856139 0.4328036357 0.8050892496 -0.4351772743 0.4982227576 0.9334000319 0.1950546885 0.4379602223 0.49584466 15.63206232 0.9999894009
372 155671 52 52 0 0.03323628566 0.1690642139 -0.2672215364 0.2401041482 0.5073256846 -0.3539289656 0.2482385735 0.6021675391 -0.3078016056 0.3122983586 0.3990057877 25.55450852 0.9999956466
373 155862 201 201 0 0.01260184603 0.2540478498 -0.4407778481 0.4042267229 0.845004571 -0.5629408621 0.5398195084 1.102760371 -0.09023313244 0.4902826846 0.572585682 16.8021436 0.99999017
374 157353 345 345 0 0.01332997624 0.3191629544 -0.5370655506 0.5084001486 1.045465699 -0.7083399658 0.673786718 1.382126684 -0.09019519399 0.5885654741 0.6963711297 19.54225244 0.9999844852
375 155412 52 52 0 -0.002262138062 0.07236364102 -0.1070582273 0.1139679021 0.2210261294 -0.1154683234 0.1206163765 0.2360846999 0.0660370173 0.146264646 0.1546747422 28.0357628 0.9999992024
376 157023 98 98 0 -0.02369107088 0.2499142419 -0.3521727983 0.4269503723 0.7791231706 -0.4143669039 0.493286267 0.907653171 0.2431936628 0.4852715957 0.5516074905 15.73350432 0.9999904873
377 156665 55 55 0 0.001099080679 0.07441385279 -0.136904715 0.1325401889 0.2694449039 -0.1419076039 0.1326996022 0.274607206 -0.07445625674 0.1370693253 0.1420722142 33.62476947 0.9999991566
378 160543 182 182 0 -0.01336246188 0.2091898518 -0.3089846602 0.38776291 0.6967475702 -0.3963741059 0.4530341647 0.8494082705 0.2723684258 0.3922810316 0.448379823 18.48486074 0.9999933349
379 158469 80 80 0 0.000563737243 0.1184401433 -0.1919346323 0.1943201206 0.3862547528 -0.2511547193 0.2491863326 0.5003410519 0.007173548122 0.2236031289 0.2773836869 14.50906586 0.9999978634
380 162289 359 359 0 0.01152987692 0.2782709102 -0.4722705039 0.4452010533 0.9174715572 -0.6593078115 0.6319637971 1.291271609 -0.1255682596 0.5179384373 0.670559264 19.0970965 0.9999882061
381 160886 323 323 0 -0.01869375192 0.2505199541 -0.3879268082 0.4397700085 0.8276968167 -0.4970670047 0.6130197703 1.110086775 0.2562361906 0.4474738105 0.5895907042 23.01817969 0.9999904411
382 158191 103 103 0 -0.02219401858 0.2574766445 -0.3638742774 0.4285874991 0.7924617765 -0.4245512757 0.493538794 0.9180900697 0.2013283051 0.4277350794 0.4902266256 15.94441754 0.9999899028
383 158857 73 73 0 0.002290154385 0.1577336092 -0.278135836 0.2640065682 0.5421424042 -0.3002713964 0.2786418311 0.5789132275 -0.09155134575 0.2799363596 0.2974992654 23.56906612 0.9999962106
384 160213 66 66 0 0.001516045914 0.125601232 -0.1988270884 0.2107841192 0.4096112076 -0.245668694 0.2536635426 0.4993322366 0.06230881436 0.2281843221 0.2716389238 14.18120753 0.9999975972
385 161388 112 112 0 -0.01862812761 0.2316542922 -0.3401949729 0.3814430461 0.721638019 -0.4220777362 0.4936178314 0.9156955676 0.2028147444 0.4358964963 0.5480712816 16.13467769 0.9999918266
386 160244 73 73 0 0.01414408113 0.1915445959 -0.353470883 0.2674533101 0.6209241932 -0.46213298 0.3333121447 0.7954451247 -0.3480380792 0.388162128 0.4968242249 17.56200239 0.9999944119
387 163792 55 55 0 0.04225690249 0.1425465795 -0.2383242179 0.1552856539 0.3936098719 -0.3249299564 0.2203583595 0.5452883159 -0.5298152455 0.2865337015 0.3731394399 24.13352599 0.9999969052
388 163416 115 115 0 -0.005835409289 0.2346692304 -0.3442171398 0.3855157203 0.72973286 -0.4684468445 0.518643328 0.9870901725 0.1446398836 0.4220516923 0.5442191385 16.39627057 0.9999916124
389 166897 372 372 0 0.002477963925 0.212119237 -0.3477125753 0.3371357708 0.6848483461 -0.4834330963 0.4384526038 0.9218857001 -0.08005173632 0.3937100553 0.5249950336 20.42950389 0.999993147
390 165416 118 118 0 0.0007578540088 0.1460466495 -0.2380866273 0.2265336914 0.4646203187 -0.3034763394 0.2905666403 0.5940429797 -0.07772332205 0.2696270056 0.3336599546 15.28950667 0.9999967513
391 167159 185 185 0 0.03665500372 0.2657241997 -0.5005656718 0.3605672105 0.8611328823 -0.6009706121 0.4248265099 1.025797122 -0.517710526 0.5372206756 0.6376256159 18.44563983 0.9999892456
392 165194 220 220 0 0.01475913679 0.2370060729 -0.3758156773 0.3608661049 0.7366817822 -0.4613350801 0.4991266559 0.960461736 -0.0372358975 0.4258926112 0.5042414413 21.47378519 0.9999914446
393 164102 51 51 0 -0.01343182148 0.05631604511 -0.1128175359 0.06186625202 0.1746837879 -0.1194551871 0.06198783739 0.1814430245 -0.5318259603 0.09263694135 0.09927459256 25.85677263 0.999999517
394 163422 139 139 0 -0.02396777958 0.2384411258 -0.3354873133 0.4284694491 0.7639567624 -0.4006784492 0.5478764137 0.9485548629 0.335098746 0.4419617966 0.4795798 16.91732174 0.9999913406
395 166292 170 170 0 -0.002800670689 0.2615964882 -0.4101895201 0.4218945037 0.8320840237 -0.4745690548 0.5620680549 1.03663711 0.07725778893 0.4863269845 0.5435241789 17.22077526 0.9999895771
396 167769 244 244 0 -0.01657672348 0.2348461872 -0.3548038713 0.4227080728 0.7775119441 -0.5035677397 0.5218789377 1.025446677 0.1761260602 0.4634603128 0.561960173 22.20574277 0.9999915998
397 165693 66 66 0 0.003523285034 0.1259170685 -0.2077352294 0.2015825222 0.4093177516 -0.2493174617 0.2387703986 0.4880878603 -0.05489301431 0.2439686873 0.2811565638 14.37804406 0.9999975851
398 169702 428 428 0 0.02538443838 0.3493510348 -0.5541087775 0.5319756058 1.086084383 -0.9911061984 0.6506964736 1.641802672 -0.2499219814 0.7640626496 1.20106007 17.66184196 0.9999814114
399 171413 186 186 0 -0.007501916522 0.1233629719 -0.1780255681 0.2118812789 0.389906847 -0.2118044562 0.2296410616 0.4414455178 0.2070041084 0.2125445711 0.2232579726 20.00467921 0.9999976821
400 170610 444 444 0 -0.01063853046 0.3110926343 -0.4977520111 0.5086450733 1.006397084 -0.6503857954 0.6026945055 1.253080301 -0.07049331046 0.5609746792 0.7136084635 23.2365014 0.9999852598
401 168550 110 110 0 -0.009193134102 0.1600457835 -0.2436066716 0.271790547 0.5153972187 -0.3299488995 0.3825380149 0.7124869144 0.1851193581 0.3102626603 0.4210101282 15.72816478 0.9999960987
402 172824 420 420 0 -0.0202231237 0.2322181298 -0.3257711169 0.4100347819 0.7358058988 -0.4139007388 0.5685213925 0.9824221313 0.3566487223 0.4126292882 0.5698185635 21.05825521 0.9999917867
403 168840 79 79 0 0.0205564771 0.1546987149 -0.2621135671 0.2228336354 0.4849472025 -0.2947059385 0.3332975734 0.6280035119 -0.1150851439 0.2838521935 0.3280500082 16.3340695 0.999996355
404 170240 95 95 0 -0.020926582 0.2014398063 -0.2905570234 0.3168990129 0.6074560363 -0.3413146883 0.4152462607 0.7565609491 0.1840774279 0.3506502631 0.3981953946 15.17790004 0.9999938196
405 171408 196 196 0 0.03847602712 0.1823408827 -0.3294238802 0.2367944638 0.566218344 -0.4189584714 0.2767183107 0.6956767821 -0.5189565654 0.3520069289 0.4415415201 19.55171811 0.999994936
406 172002 261 261 0 0.02372832998 0.2306003607 -0.361791576 0.350741648 0.712533224 -0.5168585852 0.4787455571 0.9956041423 -0.1119961657 0.4367621364 0.5588420059 22.55635891 0.9999919008
407 171464 129 129 0 0.04219386597 0.1118400799 -0.2215117618 0.1389469551 0.3604587169 -0.2587459139 0.139665357 0.3984112709 -0.7091405184 0.285697357 0.3229315091 24.07950624 0.9999980949
408 171959 94 94 0 0.01410584315 0.1069568368 -0.2041769511 0.1521628013 0.3563397524 -0.2911503543 0.1678088671 0.4589592214 -0.6069811388 0.2395802846 0.3265536878 18.91506327 0.9999982576
409 175375 52 52 0 0.02113564369 0.156138633 -0.2871453604 0.1919396567 0.4790850171 -0.3767932073 0.1922623723 0.5690555796 -0.8492184377 0.2961946303 0.3858424772 25.65394716 0.9999962868
410 172474 52 52 0 -0.02558689864 0.1343765718 -0.1979592619 0.2309863743 0.4289456362 -0.2266561293 0.2518419823 0.4784981116 0.2986623204 0.2370026138 0.2656994813 14.20158278 0.9999972498
411 172756 62 62 0 -0.01004859838 0.1595316868 -0.2304137685 0.2983272533 0.5287410218 -0.2633626245 0.3213038291 0.5846664537 0.2820539098 0.3037842648 0.3267608406 14.48855087 0.9999961237
412 175360 52 52 0 0.07334222325 0.120417961 -0.2284363723 0.09694997338 0.3253863457 -0.3188897103 0.09708980816 0.4159795185 -1.155215786 0.3072893786 0.3977427166 24.49732708 0.9999977915
413 172760 58 58 0 -0.0109323105 0.1252219602 -0.1617434204 0.2166667384 0.3784101588 -0.1796307269 0.3332099606 0.5128406875 0.5496353493 0.2567919846 0.3733352068 14.97937346 0.9999976117
414 173885 192 192 0 -0.01524701377 0.2821643655 -0.4259383377 0.4692991968 0.8952375345 -0.5601748999 0.5948254328 1.155000333 0.1294172247 0.4840833389 0.5825651681 16.25348192 0.9999878737
415 177199 423 423 0 0.03755451395 0.3910255767 -0.6696419479 0.5993627473 1.269004695 -0.8843223171 0.788609206 1.672931523 -0.2020549216 0.825804281 1.04048465 18.03468472 0.999976712
416 176447 246 246 0 0.02573821213 0.1892498073 -0.3496541374 0.2817982319 0.6314523693 -0.5066251318 0.2890701553 0.795695287 -0.4154813013 0.3957084103 0.5526794047 23.77903672 0.999994545
417 177568 71 71 0 0.02540362959 0.2148990429 -0.3722149476 0.2843670479 0.6565819955 -0.4516222374 0.290345512 0.7419677494 -0.4859363194 0.3861184539 0.4655257438 25.76321095 0.9999929662
418 174614 50 50 0 -0.01415784287 0.2043710418 -0.3203859644 0.3029406263 0.6233265907 -0.3604404413 0.3745118942 0.7349523355 -0.0359101888 0.3315593839 0.3975304137 30.09636369 0.9999936385
419 179406 409 409 0 0.03112443439 0.3487317986 -0.5592098836 0.5358707681 1.095080652 -0.7903403453 0.6197666746 1.41010702 -0.1195072868 0.6912806401 0.9224111018 21.26655434 0.9999814773
420 174982 54 54 0 0.002810794972 0.1647691656 -0.2596182461 0.2594662453 0.5190844914 -0.3260226711 0.3792588399 0.705281511 0.01132841762 0.3271121671 0.3661059667 15.64608941 0.999995865
421 182350 587 587 0 0.06857911003 0.4403427922 -0.7907958368 0.6502373593 1.441033196 -1.120250282 0.812598786 1.932849069 -0.3766799431 0.874828508 1.204282954 21.77146246 0.9999704674
422 176167 135 135 0 -0.0104621859 0.195416673 -0.3306009127 0.2927181911 0.6233191038 -0.4871407864 0.366731971 0.8538727574 -0.2219653352 0.3374689953 0.4705044871 23.3895759 0.9999941837
423 176090 102 102 0 0.0137666404 0.1965905537 -0.3502274106 0.2805069859 0.6307343966 -0.3793261108 0.3334165755 0.7127426863 -0.1543657223 0.3332851035 0.3791571064 16.76746864 0.9999941136
424 178568 197 197 0 -0.001484216999 0.1913665545 -0.2696662994 0.3595859204 0.6292522198 -0.4187771435 0.4517778359 0.8705549794 0.1825383474 0.3500714139 0.439493182 19.26950623 0.9999944223
425 181270 291 291 0 0.03200654811 0.2648036696 -0.5063762713 0.3649248479 0.8713011192 -0.5973533788 0.4471058085 1.044459187 -0.5131996179 0.6209559761 0.7119330836 20.29258899 0.99998932
426 177717 87 87 0 0.02725270171 0.2115597103 -0.331976961 0.2990443141 0.6310212751 -0.437654351 0.3181709857 0.7558253367 -0.2705051944 0.3834368256 0.4891142157 15.45632676 0.9999931831
427 177980 50 50 0 2.502510898e-05 0.1671145951 -0.2861474675 0.2650165208 0.5511639883 -0.3057325152 0.2778036231 0.5835361382 -0.1220068237 0.285411156 0.2958209665 14.64368656 0.9999957464
428 180183 138 138 0 -0.01469248905 0.1877458819 -0.2909875648 0.3045269926 0.5955145574 -0.3821915383 0.3390352921 0.7212268304 -0.1575027235 0.3598679555 0.451071929 18.69457378 0.9999946314
429 180996 251 251 0 0.03149099749 0.2634767447 -0.4811307958 0.3808645533 0.861995349 -0.6571083181 0.4654592587 1.122567577 -0.2666900997 0.5210494151 0.6970269374 19.77669102 0.9999894268
430 180156 133 133 0 0.003966029626 0.2134726687 -0.3423517288 0.315002088 0.6573538168 -0.3779324257 0.3316659827 0.7095984084 -0.1075865862 0.3384099714 0.3706048963 16.18768755 0.9999930592
431 180831 56 56 0 -0.0164790843 0.2034904275 -0.2858628536 0.3298390239 0.6157018775 -0.345467191 0.4683964351 0.8138636261 0.2992467895 0.3497174162 0.4882748274 27.44927118 0.9999936932
432 182115 80 80 0 0.04533036199 0.2443206514 -0.4659140031 0.3018669752 0.7677809783 -0.4937897637 0.3775649483 0.871354712 -0.4319343218 0.5575622459 0.5854380066 23.96112007 0.9999909083
433 181764 198 198 0 -0.002097339911 0.2632083013 -0.3963292673 0.4187224535 0.8150517209 -0.4332991907 0.5935008035 1.026799994 0.2150215314 0.4471703192 0.5867161482 16.99125461 0.9999894483
434 184724 304 304 0 0.02887463054 0.5468289315 -0.8870565735 0.8225885801 1.709645154 -1.061940345 0.9828161683 2.044756514 -0.09946765175 1.033058216 1.207941988 22.14294479 0.999954457
435 187065 189 189 0 0.1284105942 0.5538203389 -1.051601623 0.7090090445 1.760610668 -1.240321541 0.8054425865 2.045764128 -0.5483009378 1.193252061 1.381971979 23.29439249 0.9999532851
436 188067 561 561 0 0.02164272274 0.6093090987 -0.9886317507 0.9405815968 1.929213348 -1.420235503 1.115251489 2.535486991 -0.1085016563 1.085459863 1.517063615 22.35198821 0.9999434553
437 189830 342 342 0 0.1293554874 0.6488070065 -1.066320464 0.9302489407 1.996569405 -1.415699879 1.177529275 2.593229154 -0.2361292063 1.241600646 1.590980062 22.59839433 0.9999358869
438 183098 71 71 0 0.004616140632 0.24678349 -0.3661141918 0.3677481772 0.733862369 -0.4604452444 0.4579794654 0.9184247099 -0.09148994396 0.4530313836 0.4650613851 18.04136938 0.9999907241
439 184903 54 54 0 -0.02782549274 0.1958125827 -0.2876898111 0.2976747835 0.5853645946 -0.4150316761 0.4053695346 0.8204012107 -0.1217182678 0.3504615809 0.4453599703 15.13050476 0.9999941601
440 184387 57 57 0 -0.00729541903 0.2093043053 -0.3518814769 0.3046215344 0.6565030113 -0.4658624159 0.4074429181 0.873305334 -0.33566379 0.356885184 0.4515848835 15.73157686 0.9999933276
441 184939 102 102 0 0.05471682465 0.3166500186 -0.4883747129 0.417272953 0.9056476659 -0.6669610748 0.5051489622 1.172110037 -0.1762228654 0.5468038744 0.7253902363 18.52927982 0.9999847285
442 196566 50 50 0 0.01153527353 1.197641072 -1.813108413 1.844461739 3.657570152 -2.268130713 2.077349147 4.34547986 -0.0519845744 2.070028616 2.233235368 23.05302153 0.9997815523
443 189602 50 50 0 0.1564074096 0.7338268334 -1.332284362 0.9038804063 2.236164768 -1.640431116 0.9948524401 2.635283557 -0.5967648592 1.49304225 1.801189005 24.20046777 0.9999179839
444 185571 51 51 0 -0.00921641464 0.2131600697 -0.3168249016 0.3549885657 0.6718134673 -0.4073755177 0.4411414245 0.8485169422 0.2298184118 0.3822920699 0.4251385041 26.93722916 0.9999930795
445 189295 257 257 0 0.03547756199 0.3751735451 -0.713473152 0.5334434021 1.246916554 -1.062659361 0.5692312151 1.631890576 -0.532711341 0.7136614966 1.062847706 20.07568791 0.999978562
446 191075 73 73 0 0.02955250047 0.7172649168 -1.228337111 1.009603447 2.237940558 -1.403303577 1.072805508 2.476109085 -0.2424508018 1.44527856 1.620245027 22.95524438 0.9999216439
447 189855 56 56 0 0.07512865981 0.7063700296 -1.165603908 0.9596947921 2.1252987 -1.498162624 1.047838779 2.546001403 -0.3163240249 1.470191227 1.802749943 24.25732585 0.9999240061
448 191827 62 62 0 0.0749930463 0.8907463794 -1.473926011 1.222315901 2.696241912 -1.728623184 1.323420518 3.052043701 -0.270936012 1.777881205 2.032578377 23.83517499 0.9998791583
449 187258 117 117 0 0.03234434958 0.3681221654 -0.5963791991 0.5681232796 1.164502479 -0.6863604243 0.6573130747 1.343673499 -0.09452056217 0.6268713959 0.7129361069 18.63076664 0.9999793602
450 188633 51 51 0 0.0009799910215 0.3416150241 -0.518588904 0.5258122499 1.044401154 -0.601620733 0.6884284763 1.290049209 0.07493725642 0.5969160769 0.6874484853 26.70755087 0.9999822256
451 186222 117 117 0 -0.01264096927 0.2862931499 -0.4897208338 0.449329328 0.9390501617 -0.5884123268 0.5403788487 1.128791175 -0.09921947768 0.5495704982 0.5757713575 17.41085472 0.9999875163
452 189839 53 53 0 0.1238570783 0.6569249129 -1.133874115 0.878746979 2.012621094 -1.307692821 0.8940763487 2.201769169 -0.3875293174 1.451138623 1.624957329 23.11201816 0.9999342725
453 191830 77 77 0 0.1145952199 1.037603446 -1.758677806 1.397955927 3.156633733 -2.079233466 1.494886064 3.574119531 -0.3320052887 2.323183645 2.643739306 23.78336002 0.9998360299
454 187683 56 56 0 -0.02894851639 0.2058319976 -0.2921526566 0.3498493038 0.6420019604 -0.3774621948 0.444007279 0.8214694739 0.289186274 0.3687197421 0.4421659174 30.67365306 0.9999935472
455 186729 65 65 0 -0.01287143335 0.2287984189 -0.3851057198 0.370501895 0.7556076148 -0.5045565519 0.464545026 0.9691015779 0.02352440252 0.3932943662 0.492002425 16.74354328 0.9999920269
456 187011 75 75 0 -0.004192735885 0.2241222691 -0.3627078552 0.3471557185 0.7098635736 -0.3732754639 0.4335249388 0.8068004027 0.003293919844 0.3616367152 0.4401045375 19.19266596 0.9999923494
457 187990 64 64 0 0.03314993386 0.2064709898 -0.2830858334 0.3350773133 0.6181631466 -0.3922805464 0.3364698913 0.7287504377 -0.101065343 0.3181809516 0.4273756646 15.80654725 0.9999935071
458 189387 52 52 0 0.007412041226 0.3357352396 -0.5116140674 0.4885231576 1.000137225 -0.6489423836 0.5779932866 1.22693567 -0.06231148397 0.5605950202 0.6182405701 26.77383416 0.9999828321
459 189783 146 146 0 0.01726028136 0.341501932 -0.5170904347 0.4900368889 1.007127324 -0.6730276472 0.5636680145 1.236695662 -0.08661316033 0.5946303943 0.6255717811 19.12854855 0.9999822373
460 188251 67 67 0 0.02800829529 0.2911647462 -0.4654448533 0.408970651 0.8744155043 -0.5661202912 0.4119481319 0.9780684231 -0.2751569132 0.4934531486 0.5941285865 16.60569174 0.9999870878
461 189266 101 101 0 0.007694184933 0.2722882775 -0.4545628868 0.3776108005 0.8321736872 -0.4613612335 0.4592796532 0.9206408868 -0.08901431421 0.4604011238 0.4671994705 17.56505575 0.9999887077
462 192539 60 60 0 0.06089004511 0.4706716515 -0.795186048 0.6553457934 1.450531841 -0.8886951903 0.676863976 1.565559166 -0.2839658243 0.9012256549 0.9947347973 22.72515794 0.9999662591
463 194466 57 57 0 0.1126450088 0.6798051628 -1.253743443 0.8569717639 2.110715207 -1.565450699 1.008468587 2.573919286 -0.580155203 1.265113586 1.576820842 23.38631965 0.9999296148
464 190255 58 58 0 -0.01042498991 0.2424405766 -0.3079976148 0.4587958439 0.7667934587 -0.3859861417 0.5530832586 0.9390694003 0.4068056147 0.4647542543 0.5590416689 16.82331326 0.9999910477
465 192262 205 205 0 0.02180005333 0.4039040099 -0.6673028801 0.6182711982 1.285574078 -0.9147320151 0.7824138632 1.697145878 -0.1436786695 0.7021445015 0.9365320684 20.232584 0.9999751528
466 191270 77 77 0 0.04853549999 0.3036362179 -0.492538335 0.4196575098 0.9121958448 -0.6436291566 0.4972133141 1.140842471 -0.236136279 0.5238028682 0.6179765503 19.23644132 0.999985958
467 196418 71 71 0 0.03130824721 0.7709325319 -1.250124714 1.089896138 2.340020853 -1.396992117 1.274530403 2.67152252 -0.1676691708 1.277538742 1.412040001 28.42523942 0.9999094798
468 191010 60 60 0 0.01224359636 0.2725007659 -0.4302084224 0.3876100494 0.8178184718 -0.5214272472 0.4649109429 0.9863381901 -0.05420496284 0.4477291682 0.5387345469 17.98719321 0.9999886901
469 198513 53 53 0 0.2813774001 2.147380912 -3.615113836 2.961833678 6.576947514 -4.052413774 3.217107385 7.26952116 -0.2676332654 5.262534788 5.699834727 29.63207377 0.9992978207
470 191985 57 57 0 0.0254468516 0.2625032955 -0.4362315797 0.3822261165 0.8184576963 -0.6246434723 0.4672853895 1.091928862 -0.28126089 0.4586337268 0.6470456194 17.3376161 0.9999895048
471 194660 199 199 0 0.02487473956 0.5149860247 -0.8343233885 0.7508891692 1.585212558 -1.069111878 0.891466914 1.960578792 -0.1532745898 0.8611971437 1.022847072 20.31153551 0.9999596066
472 194555 50 50 0 0.01590929717 0.4370675396 -0.7791660375 0.6728762642 1.452042302 -0.9963182262 0.7964179021 1.792736128 -0.2762372437 0.8636849183 1.080837107 29.09244087 0.9999709051
473 192238 54 54 0 0.01517475137 0.2236451281 -0.3364097814 0.3258430302 0.6622528116 -0.4202914057 0.377248988 0.7975403937 -0.05292075169 0.3579994434 0.4418810677 18.22896704 0.999992382
474 192946 52 52 0 0.0001224437194 0.2467455424 -0.372151085 0.4085170459 0.7806681309 -0.4674081615 0.5471356132 1.014543775 0.150593611 0.4620125314 0.5455753788 16.60165114 0.999990727
475 192952 74 74 0 0.01574322303 0.3662903666 -0.6132443039 0.5947658712 1.208010175 -0.7101892878 0.7352232367 1.445412525 0.01500862113 0.6679980426 0.8020590946 17.23029959 0.9999795651
476 195837 172 172 0 0.01916554858 0.5154741939 -0.8144922011 0.7991145461 1.613606747 -0.9868090904 0.9708712553 1.957680346 -0.05597813682 0.8686310339 1.024830919 20.59222666 0.99995953
477 193922 82 82 0 -0.009841290762 0.3256284469 -0.5383842656 0.5199167849 1.058301051 -0.6362095505 0.6953554117 1.331564962 0.03646575194 0.6136724104 0.7076441744 18.14359163 0.9999838502
478 194170 92 92 0 0.006118124292 0.4014396624 -0.6701194669 0.6391393818 1.309258849 -0.8070114885 0.8569344678 1.663945956 -0.03939446289 0.744628111 0.8648847307 18.81950807 0.9999754551
479 195326 55 55 0 -0.01356679325 0.2653745405 -0.4071621039 0.4178776086 0.8250397126 -0.5611719691 0.5055438222 1.066715791 -0.03491697806 0.4696212314 0.538890717 16.9623432 0.9999892739
480 198461 50 50 0 0.02970111293 0.5681086376 -0.8490650095 0.8764184212 1.725483431 -0.9369990116 1.018555635 1.955554647 0.01267893437 0.9292536199 0.9801713967 28.00715591 0.9999508435
481 195098 62 62 0 0.009884513576 0.2748604495 -0.4311280199 0.4431852699 0.8743132898 -0.6079879541 0.5305594439 1.138547398 -0.09816608409 0.5178847269 0.6203723775 17.47625647 0.9999884934
482 195348 65 65 0 0.0162489786 0.3227856881 -0.4949421656 0.4750793607 0.9700215263 -0.6553790221 0.634059438 1.28943846 -0.03276038355 0.5842430285 0.6848731917 18.8352651 0.9999841309
483 202149 174 174 0 0.1036915641 1.085107331 -1.833191561 1.519761531 3.352953092 -2.363459609 1.860576557 4.224036166 -0.2588474871 1.887655949 2.417923997 27.49801211 0.9998206734
484 195821 65 65 0 0.02956894934 0.2880163105 -0.4715045148 0.4512961501 0.9228006649 -0.5564995954 0.5523500203 1.108849616 -0.09045721986 0.5156579135 0.6006529941 19.22033335 0.9999873655
485 197171 62 62 0 -0.001229774018 0.2131479799 -0.3378360762 0.3567759989 0.694612075 -0.4301157427 0.4475909762 0.8777067189 0.1016593878 0.4257266347 0.4420432672 16.52008072 0.9999930803
486 198568 283 283 0 0.03546966923 0.6299625549 -1.080645067 0.9581318542 2.038776921 -1.280886007 1.175092109 2.455978116 -0.1562748603 1.107266871 1.287577744 20.26759532 0.9999395571
487 196734 72 72 0 -0.009433938858 0.2769180362 -0.4407147481 0.4408726676 0.8815874157 -0.6074889576 0.5692469269 1.176735885 -0.009232340011 0.5094677091 0.5947675773 18.24697515 0.9999883205
488 199025 60 60 0 0.06209808347 0.5773401912 -0.9805714915 0.7720266303 1.752598122 -1.140320412 0.8547629656 1.995083377 -0.3279086675 0.9521943484 1.111943269 21.18944777 0.999949233
489 202361 116 116 0 -0.0298083758 0.9864693415 -1.524347951 1.629164883 3.153512834 -1.966802098 1.907809463 3.874611561 0.06991232374 1.883832614 2.326286761 27.41241074 0.9998517924
490 197405 62 62 0 -0.01653847243 0.2597156137 -0.4421134544 0.4129422392 0.8550556935 -0.5392576601 0.5745931312 1.113850791 0.1076166218 0.5033334109 0.5940073213 17.09517185 0.9999897265
491 197412 60 60 0 0.005700079718 0.2679564148 -0.4113354995 0.4403913778 0.8517268773 -0.5763595142 0.6098951402 1.186254654 0.04389209669 0.5086000984 0.5986454829 17.67436688 0.9999890642
492 198798 65 65 0 0.02114944207 0.4000680551 -0.6290419259 0.6273440336 1.256385959 -0.6726340434 0.6679978936 1.340631937 -0.01249918832 0.6713152942 0.7149074117 20.75550266 0.9999756225
493 197879 85 85 0 0.02257052369 0.3352689782 -0.5501485884 0.5159955428 1.066144131 -0.5916574723 0.6160999074 1.20775738 -0.07907250618 0.5901827122 0.6222419855 18.83761538 0.9999828798
494 206923 205 205 0 -0.1025111254 1.17375598 -1.713454824 1.969172764 3.682627588 -2.135232927 2.494158151 4.629391078 0.2190861222 2.152958646 2.677944033 26.40567029 0.9997901786
495 198997 105 105 0 0.003696654483 0.4098974243 -0.6305319019 0.6279734232 1.258505325 -0.71547828 0.7340524686 1.449530749 -0.05605365189 0.6772538634 0.7475887532 19.00356029 0.9999744099
496 202580 50 50 0 0.01295543715 0.8260310341 -1.295161816 1.257077375 2.552239191 -1.436542526 1.387940023 2.82448255 -0.01978997453 1.548392428 1.689773138 28.0898715 0.9998960789
497 202788 55 55 0 0.1687922095 0.9909249156 -1.681552723 1.356681408 3.038234131 -1.862698391 1.525659841 3.388358232 -0.2878912266 2.051323927 2.232469595 28.01132588 0.9998504501
498 207684 83 83 0 0.008957628327 1.112476461 -1.701917166 1.723081509 3.424998676 -1.900737566 2.117130526 4.017868092 0.04933531481 2.164929052 2.558978068 27.16460034 0.9998115133
499 203803 129 129 0 0.03748928364 0.9106874308 -1.448168547 1.370056449 2.818224996 -1.621657778 1.532977596 3.154635374 -0.07687459093 1.586358965 1.759848195 27.37340835 0.9998736874
500 199856 71 71 0 -0.004275101986 0.2334152658 -0.384458111 0.3747767176 0.7592348287 -0.4737434297 0.4658570167 0.9396004464 0.09370375748 0.4249259255 0.4992567519 16.97867736 0.9999917018
501 199426 63 63 0 0.006099332544 0.1619818198 -0.2664349447 0.236752901 0.5031878457 -0.2901540209 0.2614123378 0.5515663587 -0.1515498652 0.2651434315 0.2783546042 17.90805186 0.9999960037
502 203815 54 54 0 0.1749887076 0.8554523984 -1.596474422 1.164913418 2.76138784 -1.920780757 1.422970418 3.343751175 -0.4879622962 1.792992659 2.117298994 28.02072437 0.9998885455
503 203992 55 55 0 -0.09602273483 0.5201819944 -0.6588012347 0.977373963 1.636175198 -0.8238063975 1.303951803 2.127758201 0.6344407517 1.073396698 1.399974538 26.81006226 0.9999587876
504 200743 56 56 0 0.02412715897 0.2361685911 -0.3752776882 0.3350634042 0.7103410924 -0.4744573248 0.400372731 0.8748300558 -0.156637126 0.4263097748 0.4435343128 18.63448079 0.9999915049
505 200948 64 64 0 0.001494552863 0.2317725369 -0.3714339234 0.3357802963 0.7072142197 -0.5392076319 0.4123191348 0.9515267666 -0.2071724476 0.4304776661 0.519707999 17.68226816 0.9999918182
506 203805 57 57 0 0.009034257152 0.5928855875 -0.9100158654 0.8955890916 1.805604957 -1.00927806 1.040803615 2.050081675 0.001769107074 1.019847651 1.119109846 27.52015832 0.9999464623
507 202015 53 53 0 0.003026676868 0.2324400559 -0.3665409322 0.3526466158 0.719187548 -0.5040763718 0.4394425602 0.943518932 -0.06026441514 0.4245821117 0.5071030487 18.36644289 0.999991771
508 206171 67 67 0 -0.04960494617 0.6550485821 -0.9945244198 1.022005591 2.016530011 -1.142412621 1.218573564 2.360986185 0.0672077486 1.103114281 1.187327853 26.98848586 0.9999346474
509 205964 67 67 0 0.01293787583 0.4771154528 -0.8189547821 0.7110041312 1.529958913 -1.089756927 0.8569425808 1.946699507 -0.2216681244 0.8797550435 1.0009156 26.29758891 0.999965329
510 209125 115 115 0 -0.003898017221 0.4862429762 -0.7694617324 0.8024587705 1.571920503 -1.062919634 1.143699682 2.206619316 0.07840389577 0.9316541439 1.141592404 24.92041384 0.9999639898
511 210724 57 57 0 -0.0366669549 0.3447662431 -0.5009769298 0.5989176979 1.099894628 -0.6030836964 0.8137002578 1.416783954 0.3900462808 0.6238997646 0.7887250615 23.73869782 0.9999818961
512 212535 122 122 0 -0.002349527061 0.3691608592 -0.5975151751 0.6175379222 1.215053097 -0.7687954872 0.8461050055 1.614900493 0.08219532676 0.7142306017 0.823287304 23.48161581 0.9999792436
513 214090 65 65 0 -0.01075174083 0.2978847932 -0.4575403165 0.4915839239 0.9491242404 -0.5481972974 0.6914541823 1.23965148 0.1772232776 0.5292234008 0.7022059231 22.50028819 0.9999864849
514 214080 59 59 0 0.003020097155 0.2756746969 -0.4223708689 0.4603859365 0.8827568054 -0.5066482942 0.6021641078 1.108812402 0.1589776384 0.4958082028 0.6169954255 21.87737495 0.9999884251
515 214857 54 54 0 0.01262712048 0.2666742138 -0.4278353296 0.4149957321 0.8428310617 -0.5903173959 0.5996000011 1.189917397 -0.0268164089 0.5031333319 0.6171107421 22.96280577 0.9999891686
516 215211 64 64 0 -0.007907198145 0.2651134269 -0.4201134775 0.4272971808 0.8474106583 -0.5362556655 0.5790410552 1.115296721 0.08998116154 0.472568785 0.5600311527 21.63830942 0.999989295
517 215906 72 72 0 -0.00446705405 0.1989831412 -0.3207386988 0.3123249649 0.6330636637 -0.4470753179 0.4130201054 0.8600954233 -0.01044065408 0.3736218722 0.4772446518 19.37658525 0.9999939695
518 215928 60 60 0 -0.0003816666518 0.2344905341 -0.3614050829 0.3770489351 0.7384540181 -0.4481383393 0.4855046754 0.9336430148 0.04855485847 0.4133932341 0.4761939532 20.85923148 0.9999916252
519 216270 86 86 0 0.000655230552 0.2332312723 -0.3828808727 0.3821296683 0.7650105411 -0.5232820489 0.519651358 1.042933407 -0.007051351789 0.4404523013 0.5576021368 19.93754539 0.9999917149
520 216466 66 66 0 0.002557266198 0.2648949366 -0.4252660568 0.4258986281 0.8511646849 -0.5404692922 0.5806704736 1.121139766 0.04500965428 0.4746014179 0.5630132602 21.22295086 0.9999893126
521 217333 50 50 0 -0.003787372332 0.2458172656 -0.3960334261 0.3992324695 0.7952658956 -0.494367654 0.4964985134 0.9908661673 0.04641824134 0.4536281129 0.4971248967 21.43460413 0.9999907966

K=522, phase=forward, parameter=eps [km^2/s^2]
cluster representative_source n_cluster n_valid n_missing median std p05 p95 width90 minimum maximum range skewness error95 error_max angle_origin_deg angle_resultant
0 18595 122 122 0 -0.1686822816 0.002759657806 -0.1755769183 -0.1659567754 0.009620142889 -0.1757525396 -0.1649938615 0.01075867808 -1.132979646 0.008510956766 0.008686578088 nan nan
1 19899 97 97 0 -0.1748981161 0.002891529169 -0.1793722882 -0.1694954574 0.009876830811 -0.1809847396 -0.1689317955 0.01205294408 0.1006251506 0.007074802387 0.007638464261 nan nan
2 18590 55 55 0 -0.1901847715 0.002878800203 -0.1943434478 -0.1861792545 0.008164193281 -0.195240863 -0.1861640545 0.009076808445 -0.07717065322 0.00649441097 0.007391826142 nan nan
3 18148 56 56 0 -0.2498317556 0.0008497730778 -0.2506929773 -0.2480494993 0.002643478042 -0.2507429723 -0.2477708251 0.00297214725 0.5782939566 0.001763339703 0.002042013896 nan nan
4 18805 57 57 0 -0.2014686199 0.002819206102 -0.2045184387 -0.1964685214 0.008049917359 -0.2053084277 -0.1964523552 0.008856072511 0.1076273958 0.005150022139 0.005940011138 nan nan
5 22540 54 54 0 -0.1668458583 0.003298611892 -0.1730837198 -0.1625912332 0.01049248658 -0.1740300073 -0.1615260054 0.01250400191 -0.3249233704 0.006144114867 0.007090402339 nan nan
6 23178 95 95 0 -0.2496674296 0.0006151381488 -0.250287179 -0.2482865419 0.002000637032 -0.2504223697 -0.2478223584 0.002600011247 0.7628310632 0.001689786253 0.002153969768 nan nan
7 27210 188 188 0 -0.1641114437 0.002817270423 -0.1695041792 -0.1601090294 0.009395149848 -0.1713459677 -0.1595441016 0.01180186602 -0.4391636585 0.005679461524 0.007521249981 nan nan
8 32632 89 89 0 -0.2376166083 0.001047416762 -0.239207946 -0.2355384959 0.003669450051 -0.2397765594 -0.2352829381 0.004493621337 0.3783987543 0.002105790048 0.002300114368 nan nan
9 29454 75 75 0 -0.1967562283 0.002391415699 -0.2015676343 -0.1931919719 0.008375662395 -0.201640198 -0.1923890999 0.00925109806 -0.3137672269 0.005420772459 0.005493336132 nan nan
10 29914 128 128 0 -0.1817609506 0.003182882108 -0.1870215669 -0.1768150429 0.01020652392 -0.1881082154 -0.175635572 0.01247264337 -0.08588192855 0.005736861965 0.006821698285 nan nan
11 28999 79 79 0 -0.2035464078 0.002370826233 -0.2070866613 -0.2000255563 0.007061104976 -0.2075409798 -0.198796719 0.008744260807 0.05689868566 0.003909044705 0.005137881955 nan nan
12 33080 194 194 0 -0.2483509305 0.0006536812231 -0.249370978 -0.2471694823 0.002201495785 -0.2496386668 -0.2466874037 0.002951263048 0.1458131888 0.001299556838 0.001781635364 nan nan
13 30601 94 94 0 -0.1727472622 0.002443098125 -0.176078783 -0.1682661364 0.007812646661 -0.1771618146 -0.1667049918 0.01045682282 0.2981946399 0.004472509639 0.005625123307 nan nan
14 30368 71 71 0 -0.1892671754 0.002058215477 -0.1925754317 -0.1861289096 0.006446522102 -0.1932059163 -0.1851290751 0.008076841238 0.06438199924 0.003590245767 0.004468082315 nan nan
15 31274 86 86 0 -0.2099619275 0.001951725751 -0.2124049596 -0.2065410336 0.005863925981 -0.213008831 -0.2056981077 0.00731072326 0.2694268812 0.003532344986 0.00437527089 nan nan
16 31696 52 52 0 -0.0566620866 0.01244498357 -0.08931749803 -0.04674838925 0.04256910877 -0.09844934082 -0.04526174848 0.05318759233 -1.725177715 0.03785641214 0.04698825493 nan nan
17 32867 73 73 0 -0.2159007836 0.001477268903 -0.2173979131 -0.212864896 0.004533017077 -0.2179083354 -0.2122559015 0.005652433872 0.344161094 0.002548258368 0.003012226285 nan nan
18 33318 61 61 0 -0.2320051148 0.0004828275835 -0.2329194124 -0.2312565895 0.001662822931 -0.2330557708 -0.2308731393 0.002182631507 0.02300798997 0.001007954113 0.001143529084 nan nan
19 32403 52 52 0 -0.2421945932 0.0009145239116 -0.243782514 -0.2406776414 0.00310487268 -0.2441062776 -0.2404761383 0.003630139353 -0.03479444377 0.001880570506 0.002082073569 nan nan
20 33089 56 56 0 -0.2348753108 0.0007450324094 -0.2359822083 -0.233351962 0.002630246247 -0.236338997 -0.2330967657 0.003242231337 0.439557896 0.001520014224 0.001695407064 nan nan
21 33547 76 76 0 -0.2285411504 0.0009278581813 -0.2304108921 -0.2272567947 0.003154097387 -0.2307479054 -0.2269581992 0.003789706162 -0.2705914549 0.00179577014 0.001994208342 nan nan
22 31291 114 114 0 -0.15805547 0.001719340877 -0.1613200726 -0.155533707 0.005786365671 -0.1631543986 -0.1551403698 0.008014028765 -0.4375514443 0.004018723767 0.005853049735 nan nan
23 36300 90 90 0 -0.2246419301 0.001231330564 -0.2265815957 -0.2225683184 0.004013277313 -0.2268575985 -0.2221374007 0.004720197759 0.1655477393 0.002180849357 0.002507924959 nan nan
24 36991 85 85 0 -0.2203674305 0.001390517302 -0.2220101805 -0.2177116442 0.00429853632 -0.2224504518 -0.2172343058 0.005216146021 0.2454104434 0.002382469902 0.002812120987 nan nan
25 37882 55 55 0 -0.1696501258 0.003388695302 -0.1750843258 -0.164630627 0.01045369883 -0.1772540335 -0.1640408188 0.01321321473 -0.182042001 0.005655525242 0.007253353151 nan nan
26 43665 170 170 0 -0.244732651 0.000649347827 -0.2455277518 -0.2433353262 0.002192425628 -0.2457090723 -0.2430588261 0.002650246131 0.5313459748 0.001206426659 0.001438728301 nan nan
27 39290 77 77 0 -0.2400926945 0.0007568533833 -0.2416532351 -0.2397398902 0.001913344862 -0.2417481262 -0.2397352248 0.002012901385 -0.7597089791 0.00180666698 0.001901558043 nan nan
28 34031 89 89 0 -0.1545259827 0.001434211774 -0.1571239052 -0.1523731212 0.004750783984 -0.1578030811 -0.1518924026 0.00591067847 -0.2580634247 0.003762499265 0.004441675188 nan nan
29 37890 53 53 0 -0.2260632713 0.002089550712 -0.2285931807 -0.2222836786 0.00630950208 -0.2291900004 -0.2218227167 0.007367283749 0.2151170733 0.003489262167 0.003950224086 nan nan
30 35172 69 69 0 -0.1673402374 0.003697576004 -0.1729454653 -0.1617392011 0.01120626422 -0.1738825326 -0.1604429818 0.01343955086 0.0215292761 0.006157566121 0.006897255648 nan nan
31 39731 54 54 0 -0.2120001691 0.002250134851 -0.2149289124 -0.2078657301 0.007063182308 -0.2152941936 -0.2068716698 0.008422523806 0.3404251993 0.004151608976 0.005145669241 nan nan
32 36997 53 53 0 -0.202284452 0.001952919322 -0.2049827607 -0.1991292998 0.005853460908 -0.2053033756 -0.1986678282 0.006635547363 0.09016973566 0.003155152193 0.003616623786 nan nan
33 36315 67 67 0 -0.1804567366 0.003560173827 -0.1860176208 -0.1750369705 0.01098065028 -0.1863571315 -0.1743115313 0.0120456002 0.04435584651 0.005848251867 0.00657369105 nan nan
34 35874 73 73 0 -0.1517393545 0.0015727155 -0.1549190931 -0.1498366877 0.005082405359 -0.1566309393 -0.1494608248 0.007170114501 -0.9260051097 0.004406434836 0.006118281068 nan nan
35 39284 110 110 0 -0.2469151621 0.0004906861057 -0.2475856051 -0.245956078 0.001629527147 -0.2477526901 -0.2456260651 0.002126624944 0.4597568942 0.0009905419699 0.001320554832 nan nan
36 37232 63 63 0 -0.1920470935 0.002984388417 -0.1963968027 -0.1870115696 0.009385233118 -0.1969127139 -0.1867709689 0.01014174503 0.07331738409 0.00488097646 0.005390678834 nan nan
37 37025 66 66 0 -0.1494178624 0.001805111801 -0.1540735123 -0.1478277884 0.006245723864 -0.1549154099 -0.1474926655 0.007422744359 -1.159945499 0.005434619284 0.006276516881 nan nan
38 38171 77 77 0 -0.1600071679 0.004391156584 -0.1672983209 -0.1540099021 0.01328841881 -0.1683361113 -0.1531463325 0.01518977874 -0.1547323266 0.007229578738 0.007840556908 nan nan
39 38415 62 62 0 -0.1473523322 0.001254730721 -0.1498348385 -0.1458874536 0.003947384915 -0.1511480092 -0.1455598733 0.005588135831 -0.5878532597 0.003569199054 0.004882369726 nan nan
40 40228 65 65 0 -0.2082849059 0.001822028347 -0.2108864769 -0.2053890632 0.005497413698 -0.2113049154 -0.2047389514 0.006565963992 0.06215607663 0.003404570054 0.004054681901 nan nan
41 39083 59 59 0 -0.1796123656 0.003721707891 -0.185391661 -0.1736551692 0.01173649182 -0.1857315354 -0.173117824 0.01261371132 0.04859924295 0.00595037259 0.006410641833 nan nan
42 42970 139 139 0 -0.2458522747 0.0005349770372 -0.2464840917 -0.244831219 0.001652872758 -0.2466430153 -0.2438933383 0.002749676979 0.7941612428 0.00141765593 0.002355536615 nan nan
43 41609 67 67 0 -0.2141198369 0.001682428524 -0.2166209186 -0.2116027551 0.005018163478 -0.2169016526 -0.2109127841 0.005988868446 0.06219968935 0.002860520285 0.003136801718 nan nan
44 39559 74 74 0 -0.158289679 0.004660597238 -0.1657919272 -0.1517104533 0.01408147396 -0.1669206929 -0.1503198975 0.01660079548 -0.07590870737 0.008422909049 0.009551674768 nan nan
45 39341 60 60 0 -0.1455136886 0.001219719508 -0.1479161039 -0.1439639065 0.003952197341 -0.1484304049 -0.1437640055 0.004666399397 -0.411328757 0.003292322325 0.003806623374 nan nan
46 40696 57 57 0 -0.1914337145 0.003077275391 -0.1959929826 -0.1867398628 0.00925311984 -0.1964452671 -0.1861043241 0.01034094306 0.02688778333 0.004997366216 0.005283460824 nan nan
47 40498 67 67 0 -0.1446167616 0.002848194599 -0.1511987355 -0.1426237152 0.008575020325 -0.1516653928 -0.1423681273 0.009297265405 -0.7004627733 0.00703260383 0.007499261073 nan nan
48 42948 86 86 0 -0.1830101682 0.004115238778 -0.1893751301 -0.1765859209 0.01278920916 -0.1897255621 -0.1756566616 0.01406890057 0.02526545053 0.00676572188 0.00704221389 nan nan
49 41193 67 67 0 -0.1436450855 0.003121587283 -0.1504229162 -0.1412059321 0.009216984117 -0.151313303 -0.1409264834 0.01038681961 -0.6537609383 0.007409825536 0.008300212359 nan nan
50 41642 58 58 0 -0.1549517859 0.004445519937 -0.1623595841 -0.1487676608 0.01359192332 -0.1632323104 -0.1476885167 0.01554379372 -0.153727419 0.007537361485 0.008410087774 nan nan
51 41888 64 64 0 -0.1425097174 0.003138919978 -0.1488767873 -0.1397655361 0.009111251188 -0.150462328 -0.1395460329 0.01091629515 -0.6358241732 0.006120876429 0.007706417098 nan nan
52 42128 75 75 0 -0.1390981949 0.002019425986 -0.1433650996 -0.1372047441 0.006160355564 -0.1442901156 -0.1368522535 0.007437862112 -0.6722879593 0.005118613841 0.006043629795 nan nan
53 42143 52 52 0 -0.1361332062 0.003371571986 -0.1434577494 -0.1332827717 0.01017497769 -0.146913969 -0.1327182525 0.01419571649 -0.9457116588 0.007527388642 0.0109836082 nan nan
54 45706 72 72 0 -0.2008441649 0.002220585742 -0.2046669477 -0.1977307627 0.006936184957 -0.2056656437 -0.1972138568 0.008451786938 -0.1962567177 0.004076964014 0.005075660062 nan nan
55 45714 72 72 0 -0.2260079878 0.001826257088 -0.2288709477 -0.223205635 0.005665312748 -0.2293067326 -0.2223843044 0.006922428224 0.03327376168 0.003139108626 0.003841895499 nan nan
56 43285 58 58 0 -0.1379026752 0.003221876222 -0.1446736743 -0.1352265661 0.009447108213 -0.1454946962 -0.1349554981 0.01053919816 -0.6260552042 0.006766354409 0.007587376319 nan nan
57 47545 58 58 0 -0.2310692536 0.000915297599 -0.2323487859 -0.229770886 0.002577899943 -0.2327198435 -0.2292387911 0.00348105242 0.04582325778 0.001450341227 0.001789265299 nan nan
58 46184 69 69 0 -0.2439918713 0.000555169072 -0.2446117745 -0.2430009157 0.001610858772 -0.2446987585 -0.2427962507 0.001902507789 0.2225343601 0.001007020184 0.001211685163 nan nan
59 43521 72 72 0 -0.1354331558 0.001835666896 -0.1392719213 -0.1333713064 0.005900614896 -0.1393609082 -0.1329675854 0.006393322822 -0.4101184036 0.004340147339 0.004429134283 nan nan
60 46851 61 61 0 -0.2076872153 0.002041468856 -0.2106856304 -0.2042670582 0.006418572215 -0.211168848 -0.2033140644 0.007854783675 0.1811608201 0.003460013284 0.004394770391 nan nan
61 44223 54 54 0 -0.1341432535 0.002992814795 -0.1404225188 -0.1310759082 0.009346610606 -0.1411293052 -0.1306228319 0.01050647328 -0.5933783483 0.005951151264 0.006657937664 nan nan
62 44413 50 50 0 -0.156306947 0.003262764378 -0.1618080625 -0.1515997047 0.01020835781 -0.1627519811 -0.1513740438 0.01137793729 -0.1551871839 0.005674655316 0.006618573956 nan nan
63 44650 89 89 0 -0.1523189621 0.004791828264 -0.1595808511 -0.1449399722 0.01464087885 -0.1611621888 -0.1439647724 0.01719741641 -0.02188288652 0.008230925231 0.009812262997 nan nan
64 47992 65 65 0 -0.2133937141 0.001619445947 -0.2163727644 -0.2113967448 0.004976019595 -0.2172197233 -0.2106400385 0.006579684817 -0.2377996623 0.002886048148 0.003680771338 nan nan
65 45366 70 70 0 -0.1327874142 0.002285383415 -0.1373544906 -0.1305963902 0.006758100382 -0.138138103 -0.1302669589 0.0078711441 -0.5059975633 0.004150840387 0.004934452759 nan nan
66 45581 84 84 0 -0.1460026621 0.003764391077 -0.1519428867 -0.1402415762 0.01170131043 -0.1529425623 -0.1400035033 0.01293905902 -0.06686124572 0.006014290154 0.006998829187 nan nan
67 46660 56 56 0 -0.2302836451 0.001557770687 -0.23268176 -0.2279862161 0.004695543876 -0.2329039536 -0.2277742356 0.005129717959 -0.003008372024 0.002578607848 0.002800801465 nan nan
68 46519 88 88 0 -0.1304484993 0.002204022578 -0.1357096035 -0.1288499088 0.006859694708 -0.1365020935 -0.1284537522 0.008048341237 -0.7692150854 0.00572695701 0.006519447019 nan nan
69 47340 52 52 0 -0.2383231859 0.001161427345 -0.2396890618 -0.2362004673 0.003488594408 -0.2397609647 -0.2359375403 0.003823424409 0.3097434664 0.002325707885 0.002588634971 nan nan
70 49590 73 73 0 -0.218821108 0.001717528617 -0.2211663064 -0.2158192287 0.005347077754 -0.2215405628 -0.2153295996 0.006210963249 0.3197236629 0.003001879359 0.00349150846 nan nan
71 46932 52 52 0 -0.1695056926 0.003112048638 -0.1741751159 -0.1647391059 0.009436009987 -0.175158583 -0.1637282707 0.01143031228 0.04605610993 0.005695472486 0.006706307711 nan nan
72 47649 97 97 0 -0.1468213332 0.004960686682 -0.1542174348 -0.1390439686 0.01517346621 -0.1554362098 -0.1380295273 0.01740668244 0.0186842583 0.008069992021 0.008791805914 nan nan
73 49835 155 155 0 -0.2434685778 0.00054396107 -0.2443790714 -0.2426141621 0.001764909294 -0.2446164252 -0.2423151641 0.002301261187 -0.02788664811 0.001237537317 0.001536535397 nan nan
74 48348 105 105 0 -0.1286551874 0.001708635342 -0.1325284642 -0.1268374696 0.005690994685 -0.134222213 -0.1265658754 0.007656337664 -0.8442472933 0.004478925783 0.006172674591 nan nan
75 49023 105 105 0 -0.144553452 0.004718089369 -0.1516082049 -0.1372243218 0.01438388307 -0.1532515487 -0.1362408943 0.01701065439 -0.004802025744 0.007780607501 0.009011368191 nan nan
76 48297 50 50 0 -0.1797166124 0.00300448145 -0.1846659602 -0.1751122018 0.009553758367 -0.18579377 -0.1750882909 0.0107054791 -0.1059536453 0.004984579625 0.006112389397 nan nan
77 48780 63 63 0 -0.1599904311 0.004056734857 -0.1661091519 -0.1535808116 0.01252834036 -0.1669335598 -0.1526858567 0.01424770309 0.07089363803 0.007270872305 0.00816582715 nan nan
78 49452 81 81 0 -0.1706020311 0.003585100876 -0.1760461632 -0.1650791584 0.01096700484 -0.1773878757 -0.1641540924 0.01323378327 -0.01410698235 0.006588821066 0.007513886996 nan nan
79 51427 56 56 0 -0.2247713848 0.001633697498 -0.2269511206 -0.2224317266 0.004519394064 -0.2269701856 -0.2221198934 0.004850292249 -0.1127167501 0.002381011942 0.002692845115 nan nan
80 49921 64 64 0 -0.1608817445 0.003349922323 -0.166065092 -0.1559286117 0.01013648029 -0.1662732372 -0.1547891193 0.01148411785 0.06142723378 0.005517525453 0.005946644582 nan nan
81 51295 137 137 0 -0.1403845361 0.005007937686 -0.1481735868 -0.1326296654 0.01554392131 -0.1499910037 -0.1305366713 0.01945433247 0.02071833323 0.008859625988 0.01042924821 nan nan
82 51700 89 89 0 -0.242238663 0.0006500987515 -0.2429923373 -0.240669043 0.002323294331 -0.2431104788 -0.2406255429 0.002484935937 0.730936177 0.001796677305 0.001840177376 nan nan
83 52622 68 68 0 -0.2078471811 0.00221976125 -0.2108449789 -0.2045936636 0.006251315334 -0.2108871262 -0.2040408789 0.006846247246 0.04475757339 0.003413312045 0.003966096732 nan nan
84 50818 58 58 0 -0.1731119072 0.003543959861 -0.1782274271 -0.1677391031 0.01048832395 -0.1789297077 -0.1670289393 0.01190076845 0.02383994282 0.005856943967 0.00606004276 nan nan
85 51058 71 71 0 -0.1593222863 0.003442786148 -0.1644643984 -0.1538704369 0.01059396141 -0.1654232799 -0.1522512009 0.01317207896 0.1025380269 0.005756481196 0.006928125849 nan nan
86 53315 87 87 0 -0.198626388 0.003016688264 -0.203322726 -0.1941714389 0.00915128711 -0.2039339554 -0.19355127 0.01038268534 0.06027299505 0.004931500927 0.00524252876 nan nan
87 51510 56 56 0 -0.1835164742 0.003135073445 -0.1881759264 -0.1785432627 0.009632663702 -0.1882589256 -0.1775950919 0.01066383374 0.1211852002 0.004878309459 0.005826480278 nan nan
88 51777 67 67 0 -0.172070102 0.00309918539 -0.1764688177 -0.1671255487 0.009343269059 -0.1781171672 -0.1667399766 0.01137719063 -0.02746923092 0.005134762927 0.005925053327 nan nan
89 53908 145 145 0 -0.1536855143 0.003638773512 -0.1596566065 -0.1467044024 0.01295220402 -0.1612625596 -0.1464420041 0.01482055553 0.07465360753 0.006819513722 0.008425466869 nan nan
90 53348 96 96 0 -0.2411683474 0.000705889374 -0.2419306599 -0.2397502283 0.002180431659 -0.2420573885 -0.2392605183 0.002796870107 0.8584991824 0.001524362098 0.002014072008 nan nan
91 52717 59 59 0 -0.1836812804 0.00270152432 -0.1875486561 -0.1796457118 0.007902944349 -0.1883020225 -0.1787425131 0.00955950936 0.03245287882 0.00460465969 0.004938767281 nan nan
92 53196 73 73 0 -0.1698674502 0.002792728888 -0.1740021983 -0.1653955901 0.008606608218 -0.1749125924 -0.1641361209 0.01077647152 0.07012811578 0.005168194362 0.006427663567 nan nan
93 53820 78 78 0 -0.2387142423 0.001277062553 -0.2404611442 -0.23649184 0.003969304241 -0.2407089464 -0.2361816845 0.004527261894 0.3214879764 0.002206819372 0.002516974879 nan nan
94 53403 61 61 0 -0.1935423579 0.002726297294 -0.1978816196 -0.1890104954 0.008871124155 -0.1986183129 -0.1889388213 0.009679491588 -0.03906551629 0.00458201809 0.005075955038 nan nan
95 53654 72 72 0 -0.1818778942 0.002723166775 -0.1857517811 -0.1774041448 0.008347636353 -0.1867621537 -0.1759038945 0.01085825918 0.1471887197 0.004798525398 0.006040210811 nan nan
96 54763 64 64 0 -0.216066086 0.002745499427 -0.2206476547 -0.2124539876 0.008193667153 -0.2210977405 -0.2116513624 0.009446378133 -0.03798934864 0.004988939842 0.005439025663 nan nan
97 55151 94 94 0 -0.1650273813 0.003005985172 -0.1697360999 -0.1599433931 0.009792706763 -0.1709505208 -0.1589150234 0.01203549737 0.03323313059 0.00542401165 0.006075901786 nan nan
98 54334 60 60 0 -0.1927329944 0.002515241611 -0.1963876624 -0.1889975001 0.007390162277 -0.1971136131 -0.1882788772 0.008834735894 -0.03410008864 0.004350869153 0.004489561716 nan nan
99 54868 81 81 0 -0.1785887223 0.002615571294 -0.1827693132 -0.1744517195 0.008317593704 -0.1840822872 -0.1737466914 0.01033559576 -0.1160564571 0.004785423824 0.005457227993 nan nan
100 56191 51 51 0 -0.2253418432 0.001580363347 -0.2276383587 -0.2226780598 0.004960298936 -0.2278746034 -0.2224081677 0.005466435615 0.09349783254 0.002730863014 0.003000755067 nan nan
101 55333 62 62 0 -0.2399152726 0.001024442507 -0.2414227002 -0.2382091476 0.003213552604 -0.2418276922 -0.2379884776 0.003839214676 0.02690187973 0.001870637168 0.002091307214 nan nan
102 55387 71 71 0 -0.2070177072 0.002703179458 -0.2109843098 -0.2026915795 0.008292730247 -0.2115721164 -0.2022695689 0.009302547488 0.06421035422 0.004421004888 0.005008811549 nan nan
103 56520 68 68 0 -0.238519443 0.0008752144808 -0.2396715709 -0.2368951904 0.002776380553 -0.239871749 -0.2367072262 0.003164522846 0.230284799 0.001738442981 0.001926407184 nan nan
104 55694 76 76 0 -0.1901849084 0.002339008303 -0.193870425 -0.1866053017 0.007265123339 -0.1947917617 -0.1859760141 0.008815747616 -0.05617483596 0.004325863211 0.00495515085 nan nan
105 54985 54 54 0 -0.1807045058 0.003306563767 -0.1866822256 -0.1765387177 0.01014350786 -0.1870563802 -0.1746325161 0.01242386411 -0.1734829004 0.005649750579 0.006479618348 nan nan
106 57123 97 97 0 -0.2401015852 0.0008379107025 -0.2409407751 -0.2382720714 0.002668703611 -0.2411590319 -0.237983923 0.003175108959 0.6759036368 0.001992726914 0.002280875376 nan nan
107 56072 73 73 0 -0.1792845332 0.003580225633 -0.1842624697 -0.1732558703 0.01100659942 -0.1850596222 -0.1723127951 0.01274682716 0.1623358468 0.006028662877 0.006971738123 nan nan
108 56076 76 76 0 -0.1888474382 0.002133215856 -0.1922810838 -0.1853894582 0.006891625619 -0.1926281152 -0.1844295121 0.008198603092 0.1220063263 0.003642127041 0.004470996632 nan nan
109 56264 66 66 0 -0.2041477088 0.002496216155 -0.2078991938 -0.1999359628 0.007963231063 -0.2087724555 -0.1992012825 0.009571173024 0.08630347278 0.004504228029 0.004805863919 nan nan
110 55792 94 94 0 -0.1955804937 0.001613135387 -0.1976938611 -0.192893097 0.004800764129 -0.197855208 -0.1925677833 0.005287424666 0.09420945812 0.002814159436 0.003139473062 nan nan
111 56739 79 79 0 -0.194665021 0.002806991248 -0.1983447824 -0.1897502284 0.008594554067 -0.1991703627 -0.1889021384 0.01026822436 0.1933712022 0.005106677563 0.005954767587 nan nan
112 58158 99 99 0 -0.173972015 0.002918357404 -0.178657709 -0.1695167391 0.009140969941 -0.1801180212 -0.1682106617 0.01190735947 0.008288189324 0.005494976204 0.006200143702 nan nan
113 57515 87 87 0 -0.1863768336 0.002468319908 -0.1902108574 -0.1822326346 0.007978222774 -0.1912322497 -0.1810937617 0.01013848802 0.1107220943 0.004557814599 0.005149476662 nan nan
114 56729 135 135 0 -0.2008354239 0.001013541512 -0.2017436049 -0.198409016 0.003334588893 -0.2019497287 -0.1979623605 0.003987368151 0.8888730086 0.003132576813 0.00357923226 nan nan
115 57763 54 54 0 -0.2371841381 0.001145970964 -0.2384526822 -0.2350849566 0.003367725576 -0.2387479384 -0.2346225495 0.004125388906 0.4473032594 0.002095934042 0.002558341182 nan nan
116 57190 67 67 0 -0.1977518149 0.001935370539 -0.2005617144 -0.1945273439 0.006034370413 -0.2009447857 -0.1935222856 0.007422500072 0.1587552593 0.00340541415 0.003771525202 nan nan
117 59536 152 152 0 -0.198065504 0.00124191846 -0.1998948265 -0.1958928001 0.004002026419 -0.2002561862 -0.1955037089 0.004752477264 0.1458253711 0.002228760021 0.002617851188 nan nan
118 56705 106 106 0 -0.1985208803 0.002325177595 -0.2007836364 -0.194255998 0.006527638326 -0.2010453145 -0.1929922725 0.008053041962 0.4521581168 0.004273601103 0.00553732665 nan nan
119 58890 214 214 0 -0.1978317208 0.00209567512 -0.1998816952 -0.1932918052 0.006589889962 -0.2003267494 -0.192281203 0.008045546393 0.6357920105 0.004158866441 0.005169468644 nan nan
120 59056 57 57 0 -0.2362979391 0.001171767973 -0.2377406358 -0.2342395447 0.003501091068 -0.2379125417 -0.2337207906 0.004191751183 0.4808949122 0.002021125987 0.002539880162 nan nan
121 60114 132 132 0 -0.1952773427 0.002513238258 -0.1992501196 -0.1913463299 0.007903789698 -0.2003375938 -0.190143684 0.01019390976 -0.02709237214 0.004459003904 0.005271010118 nan nan
122 59707 67 67 0 -0.239046263 0.0005119628256 -0.2398346248 -0.23815436 0.001680264865 -0.2399574644 -0.2379287214 0.002028743011 0.20991047 0.0009104114965 0.00111754163 nan nan
123 59436 70 70 0 -0.2040043984 0.001812074454 -0.2067300737 -0.2012582454 0.005471828326 -0.2077752024 -0.2006053184 0.007169884057 -0.03237263624 0.003231393629 0.003729530389 nan nan
124 61508 59 59 0 -0.124973355 0.002723477842 -0.1315401783 -0.1234019397 0.008138238649 -0.1327634727 -0.1231671393 0.009596333383 -0.8810082068 0.006566823281 0.007790117687 nan nan
125 57957 122 122 0 -0.1900404859 0.002457683405 -0.1943220901 -0.1861867689 0.008135321156 -0.1957047711 -0.1852718644 0.01043290674 -0.1294023202 0.005538980092 0.00692166112 nan nan
126 59426 53 53 0 -0.2112251999 0.0015135075 -0.213613524 -0.2088622238 0.004751300194 -0.2141981658 -0.2084435153 0.005754650456 -0.06062339262 0.002632763378 0.003113159226 nan nan
127 61835 95 95 0 -0.1830337763 0.00264319494 -0.1868447902 -0.1784942974 0.008350492746 -0.1880456228 -0.1775640002 0.0104816226 0.1226885334 0.00508869216 0.006018989433 nan nan
128 60638 72 72 0 -0.2017980582 0.001068274938 -0.2024384195 -0.1992031621 0.003235257374 -0.202598064 -0.198664927 0.003933136975 0.9141247583 0.002924117542 0.003462352661 nan nan
129 62811 101 101 0 -0.2362615418 0.0009322319993 -0.2371091892 -0.2342110125 0.00289817679 -0.2373050655 -0.2336409619 0.003664103538 0.7104582054 0.002680399171 0.003250449697 nan nan
130 58929 74 74 0 -0.1780650016 0.003952257077 -0.1837753018 -0.172078513 0.01169678883 -0.1848029261 -0.1718614852 0.0129414409 0.01932510636 0.007130727913 0.007347755731 nan nan
131 61929 134 134 0 -0.1832912336 0.002327064485 -0.1867653733 -0.1792348188 0.007530554517 -0.1882572862 -0.1784128457 0.009844440509 0.08142946968 0.004687326058 0.005509299145 nan nan
132 60628 65 65 0 -0.1895503893 0.002983217311 -0.1939800799 -0.1853055146 0.008674565294 -0.1951699418 -0.1840978928 0.01107204899 0.0570679142 0.005122933766 0.006312795612 nan nan
133 60758 54 54 0 -0.220526806 0.001655544921 -0.2229086567 -0.2176122692 0.005296387572 -0.2235491984 -0.2166081551 0.006941043299 0.2310301881 0.003036875957 0.003541846566 nan nan
134 63247 61 61 0 -0.1636731405 0.004024609346 -0.1695966423 -0.1573521626 0.01224447973 -0.1701592863 -0.1567639222 0.0133953641 0.07790106598 0.006486145805 0.006909218298 nan nan
135 63326 93 93 0 -0.1900304701 0.001957121595 -0.19311173 -0.1866244357 0.006487294297 -0.1940506698 -0.1857839366 0.008266733202 0.06171876267 0.003653240994 0.004267079595 nan nan
136 63336 157 157 0 -0.1756353419 0.002801694047 -0.1800877426 -0.1709831607 0.009104581874 -0.1815784293 -0.1699527411 0.01162568819 -0.03943584077 0.005308788141 0.005959473041 nan nan
137 62101 53 53 0 -0.2379767708 0.0007773367407 -0.2386589687 -0.2362690149 0.002389953754 -0.2388259376 -0.2358268449 0.002999092686 0.7402966662 0.001500398942 0.001942568967 nan nan
138 61464 67 67 0 -0.2099589601 0.001640878444 -0.2121951742 -0.2072221637 0.004973010532 -0.2127541712 -0.2067038606 0.006050310599 0.08828895846 0.002768601037 0.003254700235 nan nan
139 62167 82 82 0 -0.20388549 0.002172740331 -0.2073251663 -0.200528114 0.006797052336 -0.2080864861 -0.1996059185 0.008480567614 0.008286279508 0.00372189643 0.004390365386 nan nan
140 65106 81 81 0 -0.193128089 0.00128182356 -0.1949579025 -0.1912646158 0.003693286643 -0.1953684172 -0.1902719143 0.005096502869 0.2116893746 0.002401936108 0.003394637631 nan nan
141 61309 66 66 0 -0.1756820571 0.003794238117 -0.1807070547 -0.1694745042 0.01123255048 -0.1819620091 -0.1688682033 0.0130938058 0.04469980096 0.006052206593 0.0070114238 nan nan
142 64602 99 99 0 -0.2354584021 0.0008652540382 -0.2363356074 -0.2335463678 0.002789239565 -0.2365522659 -0.2329311118 0.003621154144 0.7430105415 0.002589366852 0.003204622862 nan nan
143 61454 53 53 0 -0.2158706083 0.001379536758 -0.217819957 -0.2136451897 0.004174767261 -0.2183251261 -0.2129175333 0.005407592811 0.137821479 0.00237491774 0.002953074966 nan nan
144 64686 68 68 0 -0.1489781327 0.004425894785 -0.1557991562 -0.1418380613 0.01396109492 -0.1562039028 -0.1399839674 0.01621993536 0.1111443377 0.007916058664 0.00977015255 nan nan
145 66568 80 80 0 -0.1814017612 0.002774812054 -0.1858071108 -0.1768322846 0.008974826236 -0.186602666 -0.1754280869 0.0111745791 0.06066917071 0.005236630565 0.006640828292 nan nan
146 68432 80 80 0 -0.1881635801 0.002002789135 -0.1905151348 -0.1841976475 0.006317487343 -0.1909730621 -0.1827974318 0.008175630238 0.4621541623 0.003668684442 0.004113059537 nan nan
147 64054 149 149 0 -0.16646174 0.003099258414 -0.1714298088 -0.1613505896 0.01007921922 -0.173098119 -0.159385714 0.01371240505 -0.003870512512 0.005857567976 0.007682583308 nan nan
148 61951 118 118 0 -0.1571651959 0.003032987722 -0.1617726263 -0.1517938469 0.009978779405 -0.162838901 -0.1500094111 0.01282948997 0.1405950893 0.005883686068 0.00766812188 nan nan
149 68054 59 59 0 -0.1705150592 0.002768202704 -0.175504004 -0.1662149081 0.009289095959 -0.1763294161 -0.1656295049 0.01069991126 -0.07893539228 0.005017982779 0.005695069758 nan nan
150 63417 117 117 0 -0.1622484388 0.003813419788 -0.168038874 -0.155912333 0.01212654098 -0.1694417204 -0.1545318267 0.01490989368 0.1047682652 0.00663860292 0.008033935214 nan nan
151 63516 50 50 0 -0.2371041416 0.000835888382 -0.2379083563 -0.2353551919 0.00255316445 -0.2380502061 -0.2348928719 0.00315733427 0.6498055974 0.001634346572 0.002096666567 nan nan
152 65334 124 124 0 -0.2346120314 0.0009319038757 -0.2355383433 -0.2325001173 0.003038226023 -0.235715659 -0.2317952937 0.003920365257 0.822786503 0.002613870153 0.003318693694 nan nan
153 63004 122 122 0 -0.1480508408 0.003386057741 -0.153195226 -0.1418857396 0.01130948639 -0.1545505915 -0.1398698968 0.01468069463 0.1379466701 0.006365858967 0.007542875664 nan nan
154 64033 118 118 0 -0.1967814225 0.002045547002 -0.1984508102 -0.1924236913 0.006027118907 -0.1986663902 -0.1911096473 0.007556742823 0.6775046908 0.0039393786 0.005253422512 nan nan
155 63186 55 55 0 -0.2279458986 0.001415742458 -0.2300047809 -0.2253412831 0.004663497789 -0.2304484279 -0.2247489861 0.005699441791 0.2520733184 0.002707274157 0.003299571139 nan nan
156 63550 56 56 0 -0.2250410311 0.001402973922 -0.2271803626 -0.2227044226 0.004475939926 -0.2278404982 -0.222192423 0.005648075198 0.01675499287 0.002597651467 0.002850041213 nan nan
157 63916 70 70 0 -0.2204941237 0.001404035944 -0.222651136 -0.2183293642 0.004321771895 -0.2234549111 -0.2179430983 0.005511812768 -0.06676170057 0.002379615286 0.003058788947 nan nan
158 63925 66 66 0 -0.2150823616 0.001419727483 -0.2171465477 -0.2128375377 0.004309010037 -0.2175422406 -0.2124186434 0.005123597264 0.074448043 0.002376545647 0.002724512093 nan nan
159 62333 108 108 0 -0.1437484063 0.003803018586 -0.1501584173 -0.1375071489 0.01265126845 -0.152545207 -0.1356828248 0.0168623822 -0.1256158566 0.007486199518 0.009872989216 nan nan
160 65393 92 92 0 -0.2007288371 0.002164475385 -0.2040936332 -0.1969569098 0.007136723462 -0.205035297 -0.1959271391 0.009108157839 0.08235277107 0.004166262053 0.004561434857 nan nan
161 63370 125 125 0 -0.1347237454 0.003959656295 -0.1411786019 -0.1287873621 0.0123912398 -0.1430232323 -0.1257860936 0.01723713871 0.1112915543 0.007667335587 0.008699888813 nan nan
162 63762 53 53 0 -0.1362688404 0.003154554643 -0.1414855771 -0.1315714262 0.009914150884 -0.1428192898 -0.1302433027 0.01257598704 -0.1474546947 0.005618291038 0.006288021589 nan nan
163 66810 101 101 0 -0.2335261814 0.0008131124664 -0.2342707371 -0.2316028054 0.002667931679 -0.234423033 -0.2307985984 0.003624434523 1.075141928 0.002222550518 0.003026757489 nan nan
164 64798 61 61 0 -0.127842167 0.002626948349 -0.1316619139 -0.1234337531 0.008228160778 -0.1329027658 -0.1227382718 0.01016449405 0.06281286124 0.00463656913 0.005103895192 nan nan
165 64468 104 104 0 -0.1176547386 0.005123393116 -0.1259735736 -0.1105823331 0.01539124052 -0.1287112457 -0.1099985794 0.01871266629 -0.1041558109 0.008059670328 0.0106333407 nan nan
166 65946 84 84 0 -0.1216473482 0.005460386841 -0.129781879 -0.1135162573 0.01626562168 -0.1313101704 -0.1115752963 0.01973487408 -0.00891057325 0.009263339234 0.0104129641 nan nan
167 67738 304 304 0 -0.1156576037 0.004203757025 -0.1223693815 -0.1094015316 0.0129678499 -0.1241820781 -0.1074855651 0.01669651303 -0.05251184375 0.007249141064 0.008549891364 nan nan
168 66448 88 88 0 -0.2316339556 0.001098420698 -0.2329595794 -0.2293585862 0.003600993183 -0.2333649823 -0.2285154031 0.004849579232 0.4950417761 0.002207621856 0.00305080504 nan nan
169 66474 76 76 0 -0.2197251189 0.001323778411 -0.2218002765 -0.2175911836 0.004209092886 -0.2223151267 -0.2172869974 0.005028129324 0.02087195883 0.002450622284 0.002965472494 nan nan
170 69498 67 67 0 -0.1949493755 0.001913252263 -0.1987336042 -0.192885139 0.005848465236 -0.1994381028 -0.1922403473 0.007197755464 -0.3971017727 0.003242964807 0.003656189856 nan nan
171 67716 98 98 0 -0.155833879 0.003711405456 -0.1614405508 -0.1500783975 0.0113621533 -0.1630776074 -0.148872734 0.01420487342 -0.03481109713 0.0063991912 0.007596627312 nan nan
172 66464 74 74 0 -0.2248767951 0.001277761622 -0.2267680172 -0.2227815855 0.003986431631 -0.2272716308 -0.2222839753 0.004987655481 0.1123339448 0.002271107888 0.002721352757 nan nan
173 68575 63 63 0 -0.1519723744 0.003934378985 -0.1574961197 -0.146119988 0.01137613175 -0.1598332255 -0.1450515995 0.01478162595 0.06327557865 0.006580056195 0.007521317783 nan nan
174 66296 182 182 0 -0.1035276613 0.002320432621 -0.1084776367 -0.1015800595 0.006897577241 -0.1103591271 -0.1011830485 0.009176078543 -0.6713357644 0.005264051195 0.007145541542 nan nan
175 68567 81 81 0 -0.1253970355 0.005807324905 -0.134183983 -0.1163563356 0.01782764741 -0.135897169 -0.1150824566 0.02081471244 0.04427764932 0.009733123936 0.01101380984 nan nan
176 70594 152 152 0 -0.2304649486 0.001020784353 -0.2316187431 -0.2283390229 0.003279720113 -0.2318548091 -0.2275440138 0.004310795277 0.6438623861 0.002844296443 0.003639305579 nan nan
177 70637 112 112 0 -0.2064598124 0.002051194731 -0.2092799166 -0.2027129412 0.006566975443 -0.2104299399 -0.2021246075 0.008305332365 0.04518402766 0.004044203484 0.004632537149 nan nan
178 68213 55 55 0 -0.20204937 0.00149991827 -0.2030246079 -0.1983617515 0.004662856394 -0.2030900149 -0.197721346 0.005368668888 1.005251935 0.004624067932 0.005264473389 nan nan
179 71873 220 220 0 -0.194274401 0.002316776897 -0.1969754535 -0.1896500162 0.007325437334 -0.1976913017 -0.1881234882 0.009567813473 0.4002242647 0.0046230133 0.006149541263 nan nan
180 72670 184 184 0 -0.1423673594 0.003658504946 -0.1479949911 -0.1368802294 0.0111147617 -0.149790616 -0.1345899219 0.0152006941 0.06052461823 0.006519625348 0.008508042258 nan nan
181 71904 217 217 0 -0.1297169822 0.004346568035 -0.1366040238 -0.1227246624 0.01387936148 -0.1386662807 -0.1213127856 0.01735349515 0.002094396608 0.007834306385 0.008769782574 nan nan
182 72029 75 75 0 -0.1811733744 0.003599295229 -0.1871954744 -0.1763920175 0.01080345687 -0.1880275739 -0.1752859035 0.01274167042 0.01799125581 0.006094127767 0.006926227279 nan nan
183 74978 157 157 0 -0.1958674974 0.0008955135109 -0.1973481433 -0.1943541123 0.002994031061 -0.197677057 -0.1937217592 0.003955297748 0.1375259856 0.001793246624 0.002425599688 nan nan
184 70005 224 224 0 -0.1031425383 0.002638269729 -0.1083970838 -0.1001570882 0.008239995525 -0.1093116575 -0.0995016666 0.009809990929 -0.4343460824 0.005229072432 0.006143646182 nan nan
185 70467 133 133 0 -0.106269769 0.003445735238 -0.1130662558 -0.1028146804 0.01025157538 -0.1157003924 -0.1024388648 0.01326152761 -0.5636123872 0.007033858137 0.00966799476 nan nan
186 69107 54 54 0 -0.2134037228 0.001352596298 -0.2154285566 -0.2111932842 0.004235272385 -0.2157734164 -0.2107848742 0.0049885422 0.06003868626 0.002469004565 0.002813864298 nan nan
187 70647 59 59 0 -0.1884368888 0.002395995213 -0.1917926143 -0.1843460086 0.00744660576 -0.1921541847 -0.182703845 0.009450339648 0.2528589405 0.004198042592 0.005062173739 nan nan
188 70270 54 54 0 -0.1659398063 0.003582551491 -0.171478842 -0.1601420154 0.01133682654 -0.1734201179 -0.1586357433 0.01478437463 0.03220210576 0.006632190986 0.007474799372 nan nan
189 69637 263 263 0 -0.1014035581 0.003818554246 -0.1110627761 -0.09936959591 0.01169318014 -0.1185020012 -0.09892430611 0.01957769512 -1.659295142 0.009437694918 0.01687692009 nan nan
190 69469 90 90 0 -0.2236722712 0.001126616918 -0.2254379873 -0.2217403042 0.003697683031 -0.2260729254 -0.221351156 0.004721769351 0.003269328667 0.002075967226 0.002686937193 nan nan
191 71008 126 126 0 -0.2197894049 0.001874849013 -0.2225587275 -0.2168437014 0.005715026099 -0.2229161638 -0.2159302853 0.006985878466 0.1139504026 0.003066809704 0.003803274046 nan nan
192 74929 57 57 0 -0.1236387894 0.00408788553 -0.1345169308 -0.1218919077 0.01262502309 -0.1376490258 -0.1215740264 0.01607499945 -1.476852999 0.01170336532 0.01483546039 nan nan
193 68168 74 74 0 -0.1036623116 0.001926039114 -0.1083326003 -0.1022289139 0.006103686438 -0.108783123 -0.1020233185 0.006759804516 -0.708582928 0.004081319618 0.004531842348 nan nan
194 72414 70 70 0 -0.1682870539 0.004387387685 -0.174117397 -0.1600701826 0.01404721431 -0.1746709392 -0.1595474739 0.01512346536 0.2113901784 0.007383719942 0.007661326144 nan nan
195 71369 170 170 0 -0.2289766138 0.001003840436 -0.2303762934 -0.227068976 0.003307317467 -0.2306834691 -0.2263488638 0.004334605274 0.4483585226 0.002187682697 0.00290779486 nan nan
196 73817 118 118 0 -0.1857764152 0.002154866863 -0.1891247288 -0.1824892257 0.006635503073 -0.1904532839 -0.1814944224 0.008958861484 0.003648155467 0.003881406412 0.005073786939 nan nan
197 81346 213 213 0 -0.1767261019 0.003157600371 -0.1816697459 -0.1714811287 0.01018861713 -0.1836907898 -0.1697064065 0.01398438333 0.04424591316 0.005787237009 0.007155252404 nan nan
198 69688 54 54 0 -0.1158048331 0.006106070437 -0.128283776 -0.1095940996 0.01868967643 -0.1303105815 -0.1090448187 0.02126576283 -0.4833557775 0.01212649521 0.01415330074 nan nan
199 70970 90 90 0 -0.2323224334 0.0007152352389 -0.2332254633 -0.2308657109 0.002359752392 -0.2333836252 -0.2303094215 0.003074203645 0.60647907 0.001535438772 0.002091728103 nan nan
200 75710 53 53 0 -0.1542069973 0.003300250138 -0.1595738378 -0.1487587795 0.01081505833 -0.1604602942 -0.1462883716 0.01417192264 0.1042818792 0.006138603134 0.008387339423 nan nan
201 73174 75 75 0 -0.1039802671 0.001798172579 -0.1078238291 -0.1026226883 0.005201140822 -0.1085095619 -0.102434166 0.006075395914 -0.7357440398 0.00384356204 0.00452929485 nan nan
202 74484 205 205 0 -0.2269598865 0.0009460055521 -0.2283496376 -0.2252644888 0.003085148817 -0.2286332451 -0.2244115103 0.004221734777 0.3122934383 0.002015860975 0.002868839431 nan nan
203 75295 113 113 0 -0.211553957 0.001754670996 -0.2143512918 -0.208327559 0.006023732803 -0.2146931427 -0.2069859993 0.007707143433 0.3130480513 0.00333556659 0.004677126374 nan nan
204 74995 108 108 0 -0.171114307 0.002753425277 -0.1754490638 -0.1667143223 0.008734741516 -0.1763469667 -0.1651233311 0.0112236356 0.1020442866 0.004880791998 0.005933322329 nan nan
205 75394 113 113 0 -0.1620215522 0.003026552005 -0.1666125265 -0.1571108538 0.009501672697 -0.1681355747 -0.1553322561 0.01280331868 0.1157710479 0.005468760827 0.006446009791 nan nan
206 78088 62 62 0 -0.1221461611 0.001561073497 -0.1258888466 -0.1209487606 0.004940086004 -0.1260807541 -0.1207995702 0.005281183881 -0.7009610714 0.004158388623 0.004350296161 nan nan
207 74751 58 58 0 -0.135117675 0.004205754356 -0.1419358582 -0.1289339079 0.01300195034 -0.1433651468 -0.1270459705 0.01631917625 -0.07283805776 0.007298651692 0.008316407281 nan nan
208 75684 143 143 0 -0.2189853041 0.001946883255 -0.2216634751 -0.2156067052 0.006056769941 -0.2222131938 -0.2150855451 0.007127648725 0.1938605487 0.003297771093 0.003765909732 nan nan
209 77286 80 80 0 -0.1741362799 0.003232136648 -0.1789095238 -0.1684730502 0.01043647357 -0.1803074969 -0.1671816602 0.01312583671 0.1185138018 0.006019162116 0.007130119433 nan nan
210 75792 97 97 0 -0.1522359319 0.003068175744 -0.1570938536 -0.1473878584 0.009705995189 -0.1583240871 -0.146514096 0.01180999111 -0.04020613349 0.005225589332 0.006279972906 nan nan
211 75431 122 122 0 -0.1084266247 0.005633547761 -0.1186393529 -0.1009628695 0.01767648334 -0.1209520929 -0.10000699 0.02094510292 -0.369396517 0.01015217097 0.01246491102 nan nan
212 74738 52 52 0 -0.1159917872 0.005539024647 -0.12595313 -0.1100087259 0.01594440406 -0.1275317293 -0.1092699336 0.01826179573 -0.2625973544 0.008583574819 0.009811446672 nan nan
213 76879 70 70 0 -0.2025572515 0.002152340977 -0.206357223 -0.1993634083 0.006993814717 -0.2075164108 -0.198447971 0.00906843978 -0.1676841943 0.003972101185 0.00462714243 nan nan
214 83339 121 121 0 -0.1917673145 0.001848667304 -0.1944527878 -0.1883279379 0.006124849884 -0.1951064546 -0.188010135 0.007096319517 0.2200528887 0.003757284496 0.004075087383 nan nan
215 76462 129 129 0 -0.22494802 0.00089565692 -0.2260944057 -0.2232182877 0.002876118027 -0.2262911549 -0.2227612722 0.003529882704 0.4639261141 0.001969231709 0.002426247191 nan nan
216 76343 68 68 0 -0.2022132761 0.001840427753 -0.2034035025 -0.1981088376 0.00529466494 -0.2035409302 -0.1969225461 0.006618384055 0.9964400224 0.003470064738 0.004656356205 nan nan
217 74850 53 53 0 -0.2277551797 0.001240512957 -0.2297062474 -0.2257178476 0.003988399815 -0.230217401 -0.2252113253 0.005006075759 -0.0194207414 0.002269051444 0.002629487116 nan nan
218 79912 99 99 0 -0.1118658219 0.003880411046 -0.1188823766 -0.1065758307 0.01230654585 -0.1200723063 -0.1055572138 0.01451509244 -0.1509290888 0.006526650037 0.007430317461 nan nan
219 76043 90 90 0 -0.2282917855 0.001217590166 -0.2300065755 -0.2260829162 0.003923659326 -0.2304504699 -0.2251884747 0.005261995176 0.3270196896 0.002221436221 0.00297549525 nan nan
220 80077 76 76 0 -0.1453988856 0.00430443085 -0.1519384227 -0.1385103261 0.01342809663 -0.1535084651 -0.1372228893 0.01628557577 -0.001290141276 0.007550316242 0.008335469832 nan nan
221 86199 237 237 0 -0.1128673142 0.002879103767 -0.1179065344 -0.1089988323 0.008907702078 -0.1187436664 -0.1084511545 0.01029251182 -0.1740241502 0.004942036947 0.005779168883 nan nan
222 80174 132 132 0 -0.1042704085 0.002316360091 -0.1081831433 -0.1008214805 0.007361662857 -0.1084177453 -0.1003119358 0.008105809459 -0.1712908312 0.003888293753 0.004397838389 nan nan
223 83275 65 65 0 -0.198990928 0.002064268319 -0.202589648 -0.1959835267 0.006606121294 -0.203676379 -0.1949138379 0.008762541152 -0.1376657012 0.003889692272 0.004959381136 nan nan
224 83256 297 297 0 -0.2226435362 0.001008238224 -0.2242742352 -0.2209394751 0.003334760018 -0.2245922137 -0.2200210031 0.004571210599 0.08635065922 0.002256851552 0.003175323553 nan nan
225 81258 71 71 0 -0.2152568943 0.001175152834 -0.2171145255 -0.2132374146 0.003877110859 -0.2175770229 -0.2129699156 0.004607107267 0.01527062195 0.002110267194 0.002522233321 nan nan
226 78827 93 93 0 -0.2258244342 0.001228961633 -0.2276141454 -0.2235723757 0.004041769735 -0.227976165 -0.2225312387 0.005444926269 0.2959483918 0.002260022663 0.003090686772 nan nan
227 83935 81 81 0 -0.1043435112 0.0009973536732 -0.10662147 -0.1034173173 0.003204152686 -0.1069244823 -0.103233443 0.003691039289 -0.9095380963 0.002937795467 0.00324080779 nan nan
228 82985 157 157 0 -0.09875709473 0.000860076941 -0.1003726865 -0.09753940855 0.002833277985 -0.1009906315 -0.09716642574 0.003824205798 -0.307889353 0.002143355373 0.002761300377 nan nan
229 90600 108 108 0 -0.184738752 0.002629167545 -0.1884238861 -0.1800911754 0.00833271076 -0.1890105087 -0.1787801012 0.0102304075 0.1930162008 0.004624691078 0.005574682055 nan nan
230 84985 173 173 0 -0.1242791518 0.003990399775 -0.1316817902 -0.1192980628 0.01238372747 -0.1329935939 -0.1187066458 0.01428694805 -0.3311551775 0.007496657069 0.008808460741 nan nan
231 79611 51 51 0 -0.2190480727 0.002116097868 -0.2218987735 -0.2153790318 0.006519741716 -0.2225170967 -0.2146132952 0.007903801464 0.202650117 0.003609826351 0.004142587791 nan nan
232 85006 83 83 0 -0.1167538279 0.006215798523 -0.1272112896 -0.1071259792 0.02008531037 -0.1274401661 -0.1052653406 0.02217482545 -0.110036402 0.01057154683 0.01148848725 nan nan
233 93015 78 78 0 -0.1657928146 0.003422582385 -0.1710422651 -0.1599063537 0.01113591134 -0.1717486042 -0.1576780634 0.01407054078 0.166943381 0.006294639245 0.008522929527 nan nan
234 91002 87 87 0 -0.1760200296 0.002852742301 -0.1803401986 -0.1707020145 0.009638184097 -0.1819848661 -0.1688377343 0.01314713179 0.1835172809 0.005952644299 0.007816924485 nan nan
235 80834 71 71 0 -0.2243531189 0.0009566696114 -0.2256699457 -0.2226288762 0.003041069509 -0.2259393601 -0.2222666768 0.003672683303 0.2815359687 0.001694592223 0.002056791627 nan nan
236 84069 81 81 0 -0.2185459777 0.001189651533 -0.2205218549 -0.2166355184 0.003886336504 -0.2211174376 -0.2158342699 0.005283167647 0.01399186053 0.002172751664 0.002725905788 nan nan
237 88993 234 234 0 -0.1925872461 0.00139785255 -0.1947143906 -0.1901407658 0.004573624837 -0.1950763366 -0.1890008992 0.006075437383 0.238477344 0.002799386025 0.003939252595 nan nan
238 86978 150 150 0 -0.187614768 0.002177263744 -0.1910178709 -0.183878784 0.007139086916 -0.1921960543 -0.1828230523 0.009373001979 0.06830805556 0.004125786443 0.00485302736 nan nan
239 85566 63 63 0 -0.2024119025 0.001737332847 -0.20370092 -0.198440639 0.005260281053 -0.2038460413 -0.1975827116 0.006263329736 0.9020142543 0.002859877532 0.003717804955 nan nan
240 87788 112 112 0 -0.1810181535 0.002047746935 -0.1844900982 -0.1777259877 0.00676411042 -0.1859761255 -0.1770043897 0.008971735773 -0.1096638576 0.003878748906 0.004912234923 nan nan
241 91438 194 194 0 -0.1363074058 0.003241442238 -0.1424162259 -0.1315631126 0.01085311337 -0.1445945105 -0.1307048259 0.01388968455 -0.2937803321 0.005872641959 0.008016737899 nan nan
242 89844 201 201 0 -0.0993666591 0.003416523459 -0.107540223 -0.09661985386 0.01092036916 -0.1107089539 -0.09632501496 0.01438393898 -0.978542002 0.008425128194 0.01159385911 nan nan
243 95842 263 263 0 -0.1646463901 0.003501615028 -0.1706533632 -0.1589639321 0.01168943108 -0.1727267431 -0.1568585786 0.01586816443 -0.02730532513 0.006645326887 0.008308213576 nan nan
244 83229 56 56 0 -0.2116460568 0.002160277811 -0.2143184352 -0.2072973292 0.007021105962 -0.2151152195 -0.2062457857 0.008869433824 0.3692405237 0.003758486814 0.004694663159 nan nan
245 95443 244 244 0 -0.1553899396 0.003552781338 -0.1611679074 -0.1493551245 0.01181278293 -0.1633418953 -0.1471822829 0.01615961247 0.03141973544 0.006716451699 0.00852320413 nan nan
246 93446 224 224 0 -0.1457048788 0.00366912198 -0.1520317829 -0.139745165 0.01228661787 -0.1542642767 -0.1378125786 0.01645169817 -0.05875848175 0.006912580275 0.008719312802 nan nan
247 86776 53 53 0 -0.1701630855 0.003752941019 -0.1758810328 -0.1644587794 0.01142225344 -0.1770839921 -0.16417495 0.01290904211 -0.03112308211 0.006334225768 0.00659651937 nan nan
248 83640 54 54 0 -0.2173360642 0.001445998433 -0.2198259849 -0.2151883247 0.004637660171 -0.220357011 -0.2145582329 0.005798778131 -0.1632409734 0.002600052065 0.002939973938 nan nan
249 88110 61 61 0 -0.2125752111 0.001990118663 -0.2157398185 -0.2097572052 0.005982613313 -0.2161497831 -0.2087553458 0.007394437345 -0.02503210103 0.003528035009 0.003750673346 nan nan
250 95422 109 109 0 -0.1922146661 0.001748221251 -0.194368617 -0.1888702629 0.005498354106 -0.1947712147 -0.1878154658 0.006955748912 0.3850963477 0.003127453994 0.004182251156 nan nan
251 87679 90 90 0 -0.2112165915 0.002281038649 -0.21405075 -0.2070875092 0.006963240834 -0.2148078845 -0.2061356083 0.008672276266 0.3565677631 0.003871675446 0.004749671866 nan nan
252 89293 95 95 0 -0.1996118929 0.002810837449 -0.2038750765 -0.1950952401 0.008779836368 -0.2049826526 -0.1941648611 0.0108177915 0.04683042321 0.004749874488 0.00546512313 nan nan
253 96263 261 261 0 -0.1019294414 0.003320842068 -0.1080276361 -0.09755518576 0.01047245031 -0.1085741129 -0.09706218976 0.01151192314 -0.2427451524 0.006162274733 0.006708751571 nan nan
254 90117 145 145 0 -0.2203712172 0.0007886038039 -0.2213774611 -0.2186991316 0.002678329496 -0.2216158154 -0.2182088837 0.003406931758 0.5422194966 0.002154385924 0.002644633803 nan nan
255 91347 55 55 0 -0.1947721989 0.002708794689 -0.1990815518 -0.1908778302 0.008203721573 -0.2003989073 -0.1905459006 0.009853006683 0.007592721031 0.00476080937 0.006078164884 nan nan
256 99061 53 53 0 -0.2104143328 0.001206243728 -0.2114008741 -0.2074555797 0.003945294416 -0.2114960574 -0.2069580842 0.004537973131 1.295135932 0.002958753029 0.003456248521 nan nan
257 97245 79 79 0 -0.1137943997 0.004555137108 -0.1210555477 -0.1076279618 0.01342758587 -0.1232677495 -0.1067653388 0.01650241064 -0.2005036 0.007891036727 0.0101032385 nan nan
258 94534 67 67 0 -0.2059094066 0.002452476807 -0.2100675428 -0.2018089401 0.008258602699 -0.2105635385 -0.2010349083 0.009528630145 0.02976227469 0.004843116854 0.00561714859 nan nan
259 100594 214 214 0 -0.123410408 0.004885907746 -0.1297841614 -0.1147627754 0.01502138603 -0.1319504789 -0.1133405875 0.01860989145 0.2136217496 0.008618250991 0.01004043892 nan nan
260 89153 54 54 0 -0.8707405766 0.003329676865 -0.8757095402 -0.8656169521 0.01009258806 -0.8780248546 -0.8637493984 0.0142754562 0.08616738949 0.006136947055 0.007835756927 nan nan
261 93347 50 50 0 -0.2173713489 0.0011308573 -0.2193818266 -0.2155616023 0.003820224327 -0.2195435569 -0.214956974 0.004586582823 -0.1138255261 0.002185413624 0.002790041862 nan nan
262 91158 50 50 0 -0.872353819 0.002860485234 -0.8763830297 -0.8672572734 0.009125756361 -0.8772529302 -0.8663644625 0.01088846771 0.2444512791 0.005033696459 0.005521710927 nan nan
263 94858 59 59 0 -0.2027523853 0.00171268014 -0.2039659255 -0.1988679867 0.005097938868 -0.2040791882 -0.1979464511 0.006132737048 0.9611788945 0.003304451359 0.004225986925 nan nan
264 98040 75 75 0 -0.1050353393 0.001811984787 -0.1100247477 -0.1040465181 0.005978229564 -0.1117601472 -0.1039211585 0.007838988691 -1.446746637 0.005920712521 0.007656112063 nan nan
265 96139 170 170 0 -0.2188233723 0.0008768588197 -0.2200012392 -0.2170827259 0.002918513256 -0.2202529539 -0.2164472955 0.003805658357 0.3939727315 0.001958500368 0.002593930758 nan nan
266 99440 76 76 0 -0.1045929142 0.003820026435 -0.1108082773 -0.09881371761 0.01199455974 -0.1132726365 -0.09740222717 0.0158704093 -0.1365158508 0.006702313368 0.008841442718 nan nan
267 107040 103 103 0 -0.1905706352 0.001877880955 -0.1928988747 -0.1869859317 0.005912943079 -0.1933129508 -0.1858209734 0.007491977383 0.3698399052 0.003266256621 0.004431214908 nan nan
268 108496 93 93 0 -0.1854939827 0.002090429226 -0.1887697186 -0.1818340539 0.006935664731 -0.1895051269 -0.180618039 0.0088870879 0.1308264596 0.003893749308 0.00487594364 nan nan
269 104081 238 238 0 -0.09621803129 0.001285433559 -0.09885131129 -0.09472295568 0.004128355607 -0.1013324936 -0.09436034511 0.006972148495 -1.016885714 0.00357311498 0.0060542973 nan nan
270 105932 228 228 0 -0.1843475475 0.002671247028 -0.1882313506 -0.1796169738 0.008614376807 -0.1895736112 -0.1780659687 0.0115076425 0.1059460077 0.005014109826 0.006346676546 nan nan
271 98764 78 78 0 -0.8600449391 0.002125106335 -0.8635497095 -0.8564687983 0.007080911228 -0.8640971075 -0.8556603857 0.00843672178 0.09040377669 0.003828147145 0.004572921865 nan nan
272 110635 198 198 0 -0.1682563289 0.003091144604 -0.1732337564 -0.1631165535 0.01011720295 -0.1744899476 -0.1611898568 0.01330009082 0.05877906183 0.005715834644 0.006769432412 nan nan
273 111650 210 210 0 -0.1752390897 0.002693945919 -0.1792099494 -0.1705650728 0.008644876615 -0.1804357078 -0.1686397625 0.01179594536 0.1512272176 0.005076228667 0.006080623132 nan nan
274 99562 56 56 0 -0.8503288068 0.001880643709 -0.8532988488 -0.8472298264 0.006069022356 -0.8545477833 -0.8460104205 0.008537362876 -0.006958974788 0.003673624463 0.004724254987 nan nan
275 111641 246 246 0 -0.1890296922 0.001274865484 -0.1909963739 -0.1869908715 0.004005502418 -0.1913912166 -0.1859768308 0.005414385835 0.09056009182 0.002565376057 0.003579416761 nan nan
276 100073 78 78 0 -0.2169662683 0.001233335945 -0.2183017413 -0.2144213424 0.003880398922 -0.2183977291 -0.2135790107 0.004818718436 0.638367578 0.003638173093 0.004480504812 nan nan
277 109268 116 116 0 -0.1091374274 0.005511927163 -0.118547347 -0.1013992938 0.01714805323 -0.1200797253 -0.09947188873 0.02060783653 -0.1488907277 0.009424138539 0.01066987913 nan nan
278 102286 82 82 0 -0.857129294 0.002632219612 -0.8612418498 -0.85276213 0.008479719752 -0.8624709745 -0.8515616933 0.01090928118 -0.01119168168 0.004794176585 0.00594335854 nan nan
279 112377 56 56 0 -0.1141452641 0.002657390657 -0.1205667274 -0.1124837495 0.008082977865 -0.1212386567 -0.1123631452 0.008875511472 -0.8701221861 0.005972350453 0.006644279746 nan nan
280 109609 187 187 0 -0.1060351904 0.003752042738 -0.1124933586 -0.1007025817 0.01179077693 -0.1139334909 -0.0992697349 0.01466375598 -0.1676141467 0.006569903978 0.007748689374 nan nan
281 111968 79 79 0 -0.1791691919 0.002354918615 -0.1828729318 -0.1752765715 0.007596360279 -0.1840619465 -0.174020014 0.01004193249 0.02030726021 0.004661219687 0.005917777214 nan nan
282 104605 54 54 0 -0.8408144767 0.0009401086942 -0.8427875277 -0.8397880269 0.002999500855 -0.8430093795 -0.8394589889 0.003550390595 -0.4907570567 0.00200691093 0.002228762664 nan nan
283 106093 53 53 0 -0.862859553 0.001403742763 -0.8652417254 -0.8606758139 0.004565911552 -0.8656965803 -0.8601396593 0.005556920998 -0.07691829058 0.002544985296 0.002837027309 nan nan
284 112328 217 217 0 -0.1371612445 0.004790852423 -0.1448800689 -0.1302559218 0.01462414712 -0.1467197062 -0.1293098695 0.01740983668 -0.1130141613 0.007942532172 0.009392011963 nan nan
285 106107 88 88 0 -0.8460051909 0.002142463173 -0.8493946725 -0.8427580081 0.00663666441 -0.8499612633 -0.8417402097 0.00822105357 -0.01268858301 0.003896461226 0.004463052008 nan nan
286 115586 304 304 0 -0.09397325739 0.002775677102 -0.1006498895 -0.09186451541 0.008785374072 -0.1047942215 -0.09140607512 0.01338814634 -1.282531377 0.007057592944 0.01120192493 nan nan
287 117019 59 59 0 -0.1760110232 0.003368631629 -0.182286804 -0.1721060626 0.01018074138 -0.183533624 -0.1698281464 0.01370547755 -0.2671333279 0.005958687966 0.00708936314 nan nan
288 109691 57 57 0 -0.9283982353 0.0009439230746 -0.9298487077 -0.9270072171 0.002841490568 -0.92993358 -0.9266573533 0.003276226634 0.09699596353 0.001841956976 0.00219182078 nan nan
289 115814 76 76 0 -0.1708585747 0.00308061864 -0.1757533338 -0.1660841461 0.009669187747 -0.1770017122 -0.1646780594 0.0123236528 0.07185510498 0.00581443122 0.007062809575 nan nan
290 114958 57 57 0 -0.105510468 0.001158565108 -0.1082051326 -0.1045133762 0.003691756394 -0.1085910824 -0.1044065329 0.004184549448 -0.8553445339 0.003544605408 0.003930555185 nan nan
291 115594 93 93 0 -0.1260900914 0.006053619771 -0.1363597294 -0.1173165439 0.01904318548 -0.1371440393 -0.1165285987 0.02061544058 -0.1493670003 0.01026963799 0.0110539479 nan nan
292 118341 78 78 0 -0.1596553554 0.004008604516 -0.1655195344 -0.153337328 0.01218220642 -0.1670252921 -0.1511821261 0.01584316604 0.2017233015 0.00716806551 0.008501776425 nan nan
293 118649 197 197 0 -0.1483191237 0.003069546304 -0.1534227604 -0.1432761516 0.01014660872 -0.1552819316 -0.1411220582 0.01415987331 -0.01695655382 0.005913714751 0.007177807013 nan nan
294 114177 173 173 0 -0.1225549494 0.003737810682 -0.1283759012 -0.1168449382 0.01153096296 -0.1294814529 -0.1150242077 0.0144572452 0.01480080637 0.006316115153 0.007530741726 nan nan
295 111143 59 59 0 -0.8600061326 0.001604444663 -0.8623601045 -0.8574724597 0.004887644708 -0.8629562696 -0.8569588725 0.005997397078 0.006663047299 0.002863892356 0.003460057467 nan nan
296 116981 155 155 0 -0.1114844531 0.003572282345 -0.1164930614 -0.1052331106 0.01125995083 -0.1184444581 -0.1036340817 0.01481037634 0.1605716154 0.006393628839 0.007620557073 nan nan
297 111154 70 70 0 -0.8458704385 0.001834088101 -0.8486644268 -0.843018096 0.005646330748 -0.8489059307 -0.8426342992 0.00627163153 -0.00339586271 0.003647347346 0.003888851314 nan nan
298 119490 191 191 0 -0.1569893928 0.002968613201 -0.161566831 -0.1519313299 0.009635501122 -0.1631035314 -0.1507002583 0.01240327305 0.0440456013 0.005492696778 0.006360788903 nan nan
299 119797 333 333 0 -0.09665361438 0.003137706756 -0.1030337489 -0.09307950165 0.009954247209 -0.1054139379 -0.09207996017 0.01333397777 -0.5315076855 0.006381910414 0.008762099496 nan nan
300 114063 61 61 0 -0.8524398734 0.00169095643 -0.8549976879 -0.8498946679 0.00510301996 -0.855361787 -0.849547172 0.005814614966 -0.01678836218 0.003015763741 0.003379862892 nan nan
301 120605 109 109 0 -0.1862515811 0.001790356492 -0.1890017593 -0.1831443806 0.005857378653 -0.1897039768 -0.1819053933 0.007798583518 0.1654012248 0.003370856636 0.004346187814 nan nan
302 115680 63 63 0 -0.9150089074 0.0009712201712 -0.9164606472 -0.9133314237 0.003129223532 -0.9167704597 -0.9132514636 0.003518996046 -0.001448442535 0.001726941306 0.001761552314 nan nan
303 115738 75 75 0 -0.8460780648 0.001966644026 -0.8489446867 -0.8430090752 0.005935611498 -0.8493134167 -0.8426290434 0.006684373389 -0.0251842829 0.003172325927 0.003541055987 nan nan
304 118636 108 108 0 -0.1800422464 0.002031916725 -0.1830336469 -0.1764761829 0.006557463983 -0.1839064645 -0.1751670326 0.008739431956 0.1605637929 0.00376998487 0.004874766005 nan nan
305 121513 149 149 0 -0.1053872031 0.005520270307 -0.115162739 -0.09813455813 0.0170281809 -0.1169341671 -0.09666470604 0.02026946107 -0.2250730538 0.01040515239 0.01217658048 nan nan
306 122033 176 176 0 -0.1852100171 0.001252607224 -0.1870168825 -0.1829443743 0.004072508173 -0.187371391 -0.1816202873 0.00575110371 0.4173228356 0.002781351934 0.004105438923 nan nan
307 124894 78 78 0 -0.181203821 0.001999978596 -0.1845016067 -0.1781255089 0.006376097781 -0.1856099069 -0.1770180233 0.008591883667 -0.06892884707 0.003848052287 0.004590226701 nan nan
308 126427 54 54 0 -0.1131540682 0.002367344004 -0.1190038469 -0.1117853558 0.00721849108 -0.1212923587 -0.1116172005 0.009675158228 -1.419057534 0.005913440368 0.008201952199 nan nan
309 123246 76 76 0 -0.2095951612 0.001675280895 -0.2108002126 -0.2061109917 0.004689220933 -0.2109221043 -0.2060210746 0.004901029664 0.5860387305 0.00462598835 0.004715905418 nan nan
310 122340 174 174 0 -0.1354413591 0.004104457324 -0.1418589557 -0.1292727412 0.01258621445 -0.1435434169 -0.1285543595 0.01498905736 -0.0726131342 0.006842925041 0.007938727782 nan nan
311 126101 274 274 0 -0.09135468331 0.002153172601 -0.09646510203 -0.08955095147 0.006914150561 -0.09869792643 -0.08910036427 0.009597562158 -1.118830223 0.005674146715 0.007906971112 nan nan
312 127875 66 66 0 -0.1379066165 0.004474236293 -0.1470733965 -0.1323831922 0.01469020431 -0.1484750568 -0.1311148179 0.01736023882 -0.4301990378 0.008936123137 0.01033778339 nan nan
313 122137 54 54 0 -0.9690671379 0.0003846874327 -0.9696972577 -0.9684617195 0.00123553823 -0.9698007734 -0.9683024266 0.001498346776 -0.02674378914 0.0007196378485 0.0008789306931 nan nan
314 124351 125 125 0 -0.1227717542 0.003168616255 -0.1279572473 -0.1179916578 0.00996558949 -0.1284157887 -0.1170705112 0.01134527755 -0.02424982432 0.005277442916 0.005786054686 nan nan
315 128076 61 61 0 -0.1751187558 0.002268699169 -0.1784549632 -0.1713060764 0.007148886815 -0.1794504743 -0.1699543352 0.009496139072 0.1795196018 0.004210739092 0.005285399981 nan nan
316 124622 169 169 0 -0.1672079611 0.00405600528 -0.1731461617 -0.1605553342 0.01259082749 -0.1745468248 -0.15899609 0.01555073474 0.07251562669 0.00679538077 0.007815176123 nan nan
317 126422 67 67 0 -0.155690657 0.005299316428 -0.1631576289 -0.1486962193 0.01446140954 -0.1644254672 -0.1483296817 0.01609578544 -0.02524724255 0.007533957552 0.008734810168 nan nan
318 130158 229 229 0 -0.1110039009 0.003908193853 -0.1167622865 -0.103545175 0.01321711144 -0.1184653439 -0.1015236901 0.01694165381 0.2712527215 0.007375433708 0.009274588929 nan nan
319 130116 73 73 0 -0.1670549488 0.003360522221 -0.1717955243 -0.1614566573 0.01033886694 -0.1727703734 -0.159170754 0.01359961939 0.1786660246 0.005863605783 0.008149509072 nan nan
320 129256 184 184 0 -0.1751021924 0.002781748436 -0.1794625903 -0.1702907161 0.009171874222 -0.1811390082 -0.1694488711 0.01169013707 0.05907995357 0.005110357665 0.006119437075 nan nan
321 130414 84 84 0 -0.1830553875 0.001913156036 -0.1858415933 -0.1797090446 0.006132548704 -0.1863309112 -0.1784686231 0.007862288037 0.3075705245 0.003391026413 0.004465275217 nan nan
322 129580 258 258 0 -0.09924036742 0.004804403395 -0.1074970653 -0.09209070842 0.01540635692 -0.1095730178 -0.0911362464 0.01843677136 -0.15529788 0.008791586278 0.01086753871 nan nan
323 129834 152 152 0 -0.1822718955 0.001256315076 -0.1840328189 -0.1798852218 0.00414759712 -0.1844411356 -0.178807362 0.005633773563 0.422552441 0.002924133145 0.004001992958 nan nan
324 134590 334 334 0 -0.09811009946 0.006144743019 -0.1100643936 -0.09083422229 0.01923017135 -0.1122872311 -0.08961199126 0.02267523988 -0.3717756625 0.0116118456 0.0138346831 nan nan
325 131876 60 60 0 -0.1549740598 0.004362448998 -0.1606888969 -0.1476439369 0.01304495996 -0.1626788871 -0.1451080708 0.0175708163 0.1830682989 0.007450032134 0.008937622268 nan nan
326 132535 156 156 0 -0.1232298889 0.007250843369 -0.13440519 -0.1128640411 0.0215411489 -0.1351642099 -0.1107921848 0.02437202506 -0.1034439503 0.01107351728 0.01305946496 nan nan
327 132832 68 68 0 -0.1442764373 0.00580019676 -0.1545075172 -0.1370217335 0.01748578371 -0.1546052248 -0.1358255613 0.0187796635 -0.07033899221 0.01077046446 0.01196663671 nan nan
328 135139 331 331 0 -0.1491936932 0.004405872086 -0.1561378251 -0.1423197624 0.01381806277 -0.1584282833 -0.1405565827 0.01787170059 -0.03036330681 0.00779465278 0.009998233661 nan nan
329 134556 281 281 0 -0.135245541 0.003899646059 -0.1412387054 -0.1290844921 0.0121542133 -0.1431841232 -0.1282179266 0.01496619665 -0.01276905073 0.006583519261 0.008528937094 nan nan
330 136318 288 288 0 -0.1625544462 0.003836711358 -0.1683301678 -0.1563139218 0.01201624594 -0.1696452817 -0.1542350322 0.01541024956 0.09128952822 0.006537019941 0.008408908906 nan nan
331 133677 189 189 0 -0.1217317713 0.004284380804 -0.1276860237 -0.114191009 0.01349501468 -0.128187843 -0.1124389079 0.01574893506 0.2232134243 0.007127560183 0.008552508034 nan nan
332 139913 591 591 0 -0.08768427344 0.001708662931 -0.09046348485 -0.08489243771 0.005571047144 -0.09154882433 -0.08414808923 0.007400735101 -0.0675843438 0.003910914336 0.004996253817 nan nan
333 136299 65 65 0 -0.1743900949 0.003298408147 -0.1790501737 -0.1689099108 0.01014026299 -0.1801148173 -0.1678847555 0.01223006178 0.1204176838 0.005493709177 0.006133534897 nan nan
334 137188 83 83 0 -0.1802522702 0.001906828719 -0.1829781775 -0.1770739796 0.005904197934 -0.1835127365 -0.1758879066 0.007624829885 0.3349523926 0.003245443824 0.004373874844 nan nan
335 135715 128 128 0 -0.1793714455 0.001452001402 -0.1812131683 -0.1764427861 0.004770382205 -0.1815270472 -0.1752633534 0.006263693778 0.5695421301 0.003529222194 0.004708654855 nan nan
336 137288 72 72 0 -0.1219211134 0.00585333556 -0.1317902118 -0.1138901422 0.01790006961 -0.1326857496 -0.1126905678 0.01999518178 -0.1225734272 0.01073353537 0.01162907318 nan nan
337 142875 411 411 0 -0.09331480914 0.003762176059 -0.1010113841 -0.08861932401 0.01239206011 -0.103119978 -0.08730783892 0.01581213909 -0.4213156169 0.006889946836 0.008840036189 nan nan
338 141120 68 68 0 -0.1559217897 0.004880888461 -0.1636493101 -0.1486966725 0.0149526376 -0.165080802 -0.1471159049 0.01796489715 0.02539430047 0.008515396512 0.009211670653 nan nan
339 141333 60 60 0 -0.1620408793 0.003775731991 -0.1673479502 -0.1560588878 0.01128906239 -0.1682968269 -0.1536533732 0.01464345368 0.1569221487 0.006655307958 0.007871869844 nan nan
340 139865 174 174 0 -0.1750607774 0.003049897142 -0.1784446964 -0.1690951112 0.009349585167 -0.1789584158 -0.1681116169 0.01084679886 0.4140392613 0.005584410993 0.006567905291 nan nan
341 142570 226 226 0 -0.1070171691 0.003921906543 -0.114830125 -0.1022366701 0.01259345487 -0.1167223462 -0.1005094381 0.01621290808 -0.3707911494 0.007747805491 0.00835617404 nan nan
342 141926 55 55 0 -0.1484923987 0.004519884586 -0.1552446998 -0.1405398729 0.01470482693 -0.1564836665 -0.1385120255 0.01797164104 0.2507133772 0.009025896297 0.01105374373 nan nan
343 142823 61 61 0 -0.1725052917 0.003106717904 -0.1767151592 -0.1673006735 0.009414485658 -0.1776744976 -0.1664120007 0.01126249698 0.1946490695 0.00508387996 0.005857808974 nan nan
344 142530 81 81 0 -0.1781588009 0.00182112016 -0.1804634432 -0.174640828 0.00582261521 -0.1810148455 -0.1744398297 0.006575015892 0.277100995 0.003441236928 0.003642235303 nan nan
345 142010 72 72 0 -0.133420975 0.00573666144 -0.1427558788 -0.1252635308 0.01749234796 -0.1447496254 -0.1235657827 0.02118384267 -0.09884334285 0.009874968214 0.01124805667 nan nan
346 141732 56 56 0 -0.2090485328 0.00162061783 -0.2099931964 -0.2051554949 0.004837701486 -0.2101355806 -0.2042595651 0.00587601548 1.095543462 0.003006258799 0.003902188664 nan nan
347 143454 199 199 0 -0.1226751245 0.004286117512 -0.1287320611 -0.1147345966 0.01399746456 -0.1302844169 -0.1137707169 0.01651370003 0.1929764969 0.007927687399 0.008891567063 nan nan
348 146472 204 204 0 -0.1138235719 0.005745818904 -0.1233839462 -0.1057525006 0.01763144551 -0.126424928 -0.1040774324 0.02234749561 -0.1441400304 0.009885347218 0.0119061075 nan nan
349 147951 407 407 0 -0.08590329244 0.006160592798 -0.1013263417 -0.0820892229 0.01923711884 -0.1037547807 -0.08135438984 0.02240039086 -0.9414662606 0.01550101492 0.01792945388 nan nan
350 147290 84 84 0 -0.1759629144 0.001455237143 -0.1779446689 -0.1732972539 0.004647414968 -0.1784687291 -0.1726859338 0.005782795294 0.2299143195 0.002633370193 0.003133370224 nan nan
351 146101 112 112 0 -0.1742064358 0.001489644667 -0.1758202832 -0.1708765865 0.004943696686 -0.176104325 -0.1696079298 0.006496395245 0.9120449151 0.004027759395 0.005296416164 nan nan
352 144922 116 116 0 -0.1647298911 0.003532487314 -0.1691901853 -0.15835175 0.01083843529 -0.1705372643 -0.1569360542 0.01360121015 0.2692289092 0.006663104572 0.008078800378 nan nan
353 148804 243 243 0 -0.1342061001 0.00363027481 -0.1405468633 -0.1287470618 0.01179980158 -0.1425175088 -0.1282392212 0.01427828758 -0.1658115453 0.00665409985 0.007338234589 nan nan
354 146416 172 172 0 -0.1487522091 0.004242441955 -0.1554720774 -0.1420532696 0.01341880781 -0.1575060475 -0.1408304792 0.01667556825 -0.0425109014 0.007443951439 0.008899491333 nan nan
355 149067 59 59 0 -0.1592386156 0.004142088396 -0.1651031218 -0.1524107978 0.01269232407 -0.1660650048 -0.1504885973 0.01557640745 0.2037307968 0.007421371673 0.007890557085 nan nan
356 149070 74 74 0 -0.1691402989 0.00300151422 -0.1730930444 -0.1638888405 0.009204203977 -0.1746345969 -0.163839444 0.01079515295 0.2075942558 0.005238065844 0.005537317965 nan nan
357 148363 60 60 0 -0.9239378104 0.0009578024118 -0.9252825041 -0.9223177523 0.002964751828 -0.9252891195 -0.9219465064 0.003342613054 0.2973727486 0.001817887159 0.001824502556 nan nan
358 149113 136 136 0 -0.1132527873 0.003187454785 -0.117328412 -0.1076649213 0.009663490669 -0.1193858093 -0.1059309618 0.01345484753 0.1193171181 0.0059885719 0.00730871233 nan nan
359 155018 417 417 0 -0.09354070774 0.004911871449 -0.1023787423 -0.08671678187 0.0156619604 -0.105902114 -0.08521476643 0.02068734755 -0.2482369346 0.009214252803 0.0127376245 nan nan
360 149179 55 55 0 -0.2085232194 0.001712034171 -0.2097049066 -0.2047977931 0.004907113538 -0.2098245515 -0.2039634417 0.005861109782 0.8997019897 0.003279633938 0.004113985324 nan nan
361 150562 184 184 0 -0.1710599452 0.002117664749 -0.1734668994 -0.1664540832 0.007012816207 -0.173945891 -0.1640478059 0.00989808506 0.9792871887 0.005046092706 0.007452370004 nan nan
362 149387 114 114 0 -0.1588243201 0.003313842268 -0.1640862726 -0.1534841348 0.01060213783 -0.1656042449 -0.1517259894 0.0138782555 0.06897652349 0.006238867325 0.007569941754 nan nan
363 151230 92 92 0 -0.1348778666 0.005786261473 -0.1442770896 -0.126690477 0.01758661263 -0.1450402232 -0.1250850612 0.01995516201 -0.0804467976 0.009674078462 0.01031377562 nan nan
364 151767 121 121 0 -0.1226538585 0.00279481934 -0.1266216466 -0.1170905546 0.009531092042 -0.126943035 -0.1170129504 0.009930084582 0.04426113107 0.005611231566 0.005688835681 nan nan
365 155628 496 496 0 -0.08390178682 0.00727693573 -0.1022354228 -0.07881724902 0.02341817376 -0.1059929984 -0.07736589911 0.0286270993 -1.05833518 0.0182868931 0.02204446872 nan nan
366 153030 50 50 0 -0.1201424196 0.003888196711 -0.1270124313 -0.1150800742 0.01193235704 -0.1277881901 -0.1147116816 0.01307650848 -0.2120959128 0.006957441727 0.007733200585 nan nan
367 157373 451 451 0 -0.08190899505 0.002808585253 -0.08715198716 -0.07827138784 0.008880599314 -0.08902291653 -0.07770718378 0.01131573275 -0.3368069925 0.005424970432 0.0072958998 nan nan
368 155082 53 53 0 -0.1549653112 0.004712603388 -0.1617411164 -0.1475613675 0.01417974885 -0.162161136 -0.1458318265 0.0163293095 0.1009765965 0.007664473851 0.009394014947 nan nan
369 154665 57 57 0 -0.1567927424 0.003928427355 -0.1635914887 -0.1517743714 0.01181711731 -0.1637945408 -0.1512452349 0.01254930592 -0.0777381378 0.006798746294 0.00700179844 nan nan
370 155284 230 230 0 -0.1405707483 0.005213695594 -0.148461781 -0.1316104396 0.01685134137 -0.1500363646 -0.1315350023 0.01850136224 0.1099321875 0.009270517376 0.009345954674 nan nan
371 153800 92 92 0 -0.1681135292 0.002050377491 -0.1697465184 -0.1633284595 0.006418058889 -0.1700652601 -0.1624228046 0.007642455578 0.8532112778 0.004761387743 0.005667042731 nan nan
372 155671 52 52 0 -0.1378073725 0.005202009486 -0.1463561184 -0.1299677339 0.01638838445 -0.1477543176 -0.1286566796 0.01909763797 -0.04023957571 0.008940672242 0.01003123513 nan nan
373 155862 201 201 0 -0.1526369716 0.00367654479 -0.1591444865 -0.1470252894 0.01211919703 -0.1609003855 -0.1451203222 0.01578006327 -0.09079688414 0.00725182705 0.008161341829 nan nan
374 157353 345 345 0 -0.1059531589 0.004445125196 -0.1133012857 -0.09818163377 0.01511965193 -0.1154816924 -0.09572598357 0.01975570887 0.05202701439 0.008191358846 0.01013782385 nan nan
375 155412 52 52 0 -0.9604503232 0.000450406912 -0.9610677038 -0.9596498882 0.001417815524 -0.9612221333 -0.9595717684 0.001650364906 0.3426113858 0.0007699079599 0.0009243374769 nan nan
376 157023 98 98 0 -0.1661336282 0.001756579054 -0.1677563571 -0.1620111009 0.00574525622 -0.1680897255 -0.1611155312 0.006974194277 0.9350081389 0.004741337928 0.005636907644 nan nan
377 156665 55 55 0 -0.8408307782 0.001658040931 -0.8433792132 -0.8383218911 0.005057322053 -0.8437455977 -0.8380624358 0.005683161939 -0.02822115851 0.002680750885 0.00291481955 nan nan
378 160543 182 182 0 -0.1266186021 0.002338554694 -0.1299086834 -0.122294096 0.007614587399 -0.1300253878 -0.121993462 0.0080319258 0.2317765069 0.00424418003 0.00453752928 nan nan
379 158469 80 80 0 -0.1651774728 0.00275050707 -0.1691863406 -0.1602890303 0.008897310247 -0.169804481 -0.1592603656 0.01054411544 0.1812698226 0.00512058984 0.005738730253 nan nan
380 162289 359 359 0 -0.1174608793 0.003561468756 -0.1227456937 -0.1109346906 0.01181100316 -0.124577376 -0.108280072 0.01629730401 0.2390955901 0.006290683613 0.008627930177 nan nan
381 160886 323 323 0 -0.09079147533 0.008968680339 -0.1056695108 -0.07767169409 0.02799781675 -0.1090866218 -0.07672447444 0.03236214735 -0.1077562403 0.0164344751 0.01985158605 nan nan
382 158191 103 103 0 -0.1637463262 0.001985870524 -0.1655827874 -0.1591477352 0.006435052221 -0.165844969 -0.1583108723 0.00753409674 0.8155510844 0.004796825652 0.005633688591 nan nan
383 158857 73 73 0 -0.1221408959 0.00569305013 -0.1317987863 -0.114142775 0.01765601139 -0.1331835131 -0.1131636195 0.02001989365 -0.1496882239 0.01016509941 0.01154982618 nan nan
384 160213 66 66 0 -0.1538043857 0.004584956341 -0.1595427804 -0.1456514332 0.01389134717 -0.1599832292 -0.1448517407 0.01513148857 0.2692486522 0.009604883679 0.01040457621 nan nan
385 161388 112 112 0 -0.1611277177 0.001871559229 -0.163313427 -0.1572949657 0.006018461256 -0.1637509391 -0.1558113606 0.007939578558 0.7067824165 0.004456473878 0.00594007904 nan nan
386 160244 73 73 0 -0.1416251176 0.003031409279 -0.1477129219 -0.1380929798 0.009619942074 -0.1492962023 -0.1365731917 0.01272301063 -0.3247579925 0.006206664544 0.007789945006 nan nan
387 163792 55 55 0 -0.1426889876 0.004924483781 -0.151476425 -0.1365380258 0.01493839919 -0.15337742 -0.1351056762 0.01827174375 -0.2955558873 0.008620959459 0.009804547688 nan nan
388 163416 115 115 0 -0.1579526899 0.001987964762 -0.1602794419 -0.1537888781 0.006490563806 -0.1607246035 -0.1520132512 0.008711352252 0.6277417374 0.00454415641 0.006319783281 nan nan
389 166897 372 372 0 -0.09775900809 0.003362597808 -0.1024124603 -0.09180231942 0.01061014092 -0.1037410084 -0.08979533059 0.01394567778 0.1748429422 0.0059369057 0.007457013589 nan nan
390 165416 118 118 0 -0.1618975349 0.002663290807 -0.1656447604 -0.1571106273 0.008534133167 -0.1668904598 -0.1558819906 0.01100846912 0.2063216776 0.004802966595 0.005532360299 nan nan
391 167159 185 185 0 -0.1298359219 0.003445394296 -0.1364125805 -0.125239215 0.0111733655 -0.1380297935 -0.1237711323 0.01425866123 -0.3145678189 0.006614090118 0.00823130312 nan nan
392 165194 220 220 0 -0.08249715434 0.002269279763 -0.08649831182 -0.07935996658 0.007138345244 -0.08777347282 -0.07812160961 0.00965186321 -0.1842218913 0.004036900908 0.005164122289 nan nan
393 164102 51 51 0 -0.1514876782 0.005540323886 -0.1609869493 -0.146000183 0.01498676635 -0.1612519731 -0.1449741752 0.01627779795 -0.2183192683 0.009982930553 0.01100893834 nan nan
394 163422 139 139 0 -0.1520803154 0.002930177465 -0.155596716 -0.1458676345 0.00972908155 -0.1565120701 -0.1441888496 0.01232322054 0.58393879 0.005306050255 0.006820468616 nan nan
395 166292 170 170 0 -0.1478222197 0.003083619138 -0.1516705814 -0.1420553229 0.009615258411 -0.1527223893 -0.1394339329 0.01328845647 0.4206953159 0.005320952373 0.007663030163 nan nan
396 167769 244 244 0 -0.07704752905 0.001186654688 -0.07939132802 -0.07557966861 0.003811659413 -0.08117292075 -0.07518136044 0.005991560309 -0.7682275592 0.002576606756 0.004358199483 nan nan
397 165693 66 66 0 -0.1479803164 0.004774692745 -0.1550454474 -0.1399679362 0.01507751122 -0.1560393857 -0.1384597386 0.01757964706 0.09536028311 0.008646167149 0.009640105438 nan nan
398 169702 428 428 0 -0.1406747222 0.003874117563 -0.1472840747 -0.1342471672 0.01303690758 -0.1494540035 -0.1326407404 0.01681326306 -0.01146086264 0.008152407283 0.01032233599 nan nan
399 171413 186 186 0 -0.1060970053 0.001888797523 -0.1092629002 -0.1033830108 0.005879889433 -0.1102182657 -0.1029159932 0.007302272463 -0.2416252451 0.003231492187 0.003790248077 nan nan
400 170610 444 444 0 -0.07897748242 0.008177767908 -0.09721408462 -0.07152904565 0.02568503897 -0.102186436 -0.07063927774 0.03154715821 -0.7179408995 0.01802835608 0.02300070742 nan nan
401 168550 110 110 0 -0.1582574733 0.002222441387 -0.1617839118 -0.1546020236 0.007181888119 -0.1627914287 -0.1533763612 0.009415067489 0.06763075189 0.004086898277 0.004962846792 nan nan
402 172824 420 420 0 -0.08979469761 0.0033197885 -0.09506221851 -0.08419760293 0.01086461558 -0.09668576762 -0.08215696664 0.01452880098 0.09127013086 0.006134101661 0.008072318838 nan nan
403 168840 79 79 0 -0.1557796507 0.00112325856 -0.1573053676 -0.1538110318 0.003494335812 -0.1576078784 -0.1529726025 0.004635275857 0.2503820047 0.002016713627 0.002855142955 nan nan
404 170240 95 95 0 -0.1526196695 0.002847669767 -0.1570730161 -0.1479302439 0.009142772255 -0.1588061266 -0.1460591139 0.01274701271 0.02295099017 0.005475236017 0.006976335716 nan nan
405 171408 196 196 0 -0.1134044665 0.003178223692 -0.1192214216 -0.1089666675 0.01025475411 -0.1206255405 -0.1083559306 0.01226960986 -0.3749415074 0.005663072664 0.00706719155 nan nan
406 172002 261 261 0 -0.07463058162 0.001443606414 -0.07733493909 -0.07252142853 0.004813510557 -0.08014710857 -0.07193469179 0.008212416776 -0.6830626736 0.003395422707 0.006207592184 nan nan
407 171464 129 129 0 -0.1139805238 0.006344853356 -0.1227972152 -0.1019321344 0.0208650808 -0.1246149684 -0.1000300062 0.02458496222 0.4093973167 0.01294350817 0.01484563635 nan nan
408 171959 94 94 0 -0.1236409101 0.001617833562 -0.1267274267 -0.1216060145 0.005121412218 -0.1278461602 -0.1211416757 0.006704484559 -0.5700236859 0.003291414216 0.00441014775 nan nan
409 175375 52 52 0 -0.1695511143 0.004460406044 -0.1748244106 -0.1618052258 0.0130191848 -0.1766203266 -0.1615371159 0.01508321066 0.2724458862 0.007924923996 0.008193033814 nan nan
410 172474 52 52 0 -0.1183718662 0.004446849094 -0.125733992 -0.1110008832 0.01473310884 -0.1270920596 -0.1095197941 0.01757226543 -0.03129379798 0.00809890781 0.009534135098 nan nan
411 172756 62 62 0 -0.1293353985 0.004189023548 -0.1363813958 -0.1226813473 0.01370004847 -0.1379671986 -0.1200310614 0.01793613714 -0.01641158054 0.008040768061 0.009069608297 nan nan
412 175360 52 52 0 -0.1693729659 0.003336359571 -0.1755967814 -0.1639774993 0.01161928214 -0.1766438744 -0.1632331343 0.01341074015 -0.05224615727 0.006947250971 0.007691615966 nan nan
413 172760 58 58 0 -0.143205911 0.003936030055 -0.1484577843 -0.1363728201 0.01208496423 -0.1498815216 -0.134327202 0.01555431961 0.2615966012 0.006898281414 0.008345498485 nan nan
414 173885 192 192 0 -0.1509953715 0.002888053627 -0.1542252647 -0.1448634027 0.009361861984 -0.1564139686 -0.143410255 0.01300371357 0.6008709248 0.005853688073 0.007306835804 nan nan
415 177199 423 423 0 -0.1324982683 0.003655996668 -0.1387908864 -0.1267995032 0.0119913832 -0.1410359074 -0.1245186939 0.01651721348 -0.09352430137 0.00702073733 0.008920333119 nan nan
416 176447 246 246 0 -0.09346667073 0.008397047298 -0.1075387155 -0.07971760166 0.02782111389 -0.1094407214 -0.07573366414 0.03370705726 0.002021991515 0.01491745047 0.01751119146 nan nan
417 177568 71 71 0 -0.1233999111 0.005955217902 -0.1325216716 -0.115071072 0.01745059954 -0.1338158237 -0.1142117254 0.01960409835 -0.05324251316 0.009176550175 0.009856060758 nan nan
418 174614 50 50 0 -0.9109113771 0.001050514659 -0.9126740591 -0.9093115953 0.003362463798 -0.9131241529 -0.9087357902 0.004388362674 0.001928769957 0.001946892327 0.002508037356 nan nan
419 179406 409 409 0 -0.08300309841 0.002786864397 -0.08865387033 -0.07973140617 0.008922464162 -0.09079804697 -0.07880782915 0.01199021782 -0.5237898241 0.005377051095 0.007521227734 nan nan
420 174982 54 54 0 -0.1467642918 0.002133173379 -0.1506657561 -0.1441591901 0.006506565993 -0.1514317243 -0.143539045 0.007892679233 -0.3801387464 0.003669172942 0.004286226467 nan nan
421 182350 587 587 0 -0.07475015731 0.002720336202 -0.07917054107 -0.07076419321 0.008406347864 -0.08032449707 -0.07014883277 0.01017566431 -0.100575327 0.004529744076 0.005683700077 nan nan
422 176167 135 135 0 -0.07806551566 0.004433773471 -0.08651684492 -0.07275155009 0.01376529484 -0.08954608032 -0.07165227507 0.01789380525 -0.4418551724 0.009046320752 0.01207555615 nan nan
423 176090 102 102 0 -0.146025116 0.001881313223 -0.1489068583 -0.1428785073 0.006028350987 -0.1493309608 -0.1420510393 0.007279921445 0.1245586066 0.003241114365 0.004037373592 nan nan
424 178568 197 197 0 -0.1162409574 0.002820624293 -0.1208923336 -0.112046467 0.008845866615 -0.1216859893 -0.1107193102 0.01096667911 -0.06951799846 0.004758989282 0.005734032577 nan nan
425 181270 291 291 0 -0.09739765693 0.002641215224 -0.1011860755 -0.09275158161 0.008434493895 -0.1020519644 -0.09108009603 0.01097186836 0.229821661 0.004748657624 0.006031895258 nan nan
426 177717 87 87 0 -0.1374904155 0.003242133224 -0.1428556802 -0.1329507466 0.009904933644 -0.1436844028 -0.1320611481 0.01162325469 -0.08472669293 0.005471322219 0.005995672131 nan nan
427 177980 50 50 0 -0.1124929465 0.004366077908 -0.1205033572 -0.1064497399 0.01405361726 -0.1227821629 -0.1050944008 0.01768776216 -0.3680853772 0.008261129235 0.010539935 nan nan
428 180183 138 138 0 -0.1223119614 0.00218141401 -0.1259660173 -0.1187341074 0.00723190994 -0.127029307 -0.1178245019 0.009204805156 0.02176501642 0.004015502987 0.004757075695 nan nan
429 180996 251 251 0 -0.1065033511 0.003042174664 -0.1113739444 -0.1019253434 0.009448601014 -0.1129294316 -0.1012172898 0.0117121418 -0.09325779067 0.005050636964 0.006362901111 nan nan
430 180156 133 133 0 -0.1376345243 0.003984755488 -0.1432167592 -0.1310462635 0.01217049569 -0.1438089018 -0.1298023727 0.0140065291 0.1527986893 0.006577767369 0.007821658208 nan nan
431 180831 56 56 0 -0.9527239543 0.0008279196821 -0.9538090174 -0.951204112 0.002604905355 -0.9541273631 -0.9511225374 0.003004825678 0.2079231539 0.001475455646 0.001557030261 nan nan
432 182115 80 80 0 -0.132062123 0.005635840363 -0.1412232251 -0.1233932287 0.01782999639 -0.1430380148 -0.1227387994 0.02029921538 -0.1211661344 0.009501100805 0.01038164802 nan nan
433 181764 198 198 0 -0.1345303654 0.004445906994 -0.1416389547 -0.1276120362 0.01402691841 -0.1428806271 -0.1260624138 0.01681821328 -0.03048244899 0.007489273024 0.008615663886 nan nan
434 184724 304 304 0 -0.06938538563 0.001313452392 -0.07163585288 -0.06729576045 0.00434009243 -0.07328184662 -0.06657289663 0.00670894999 -0.2897710087 0.002623784724 0.004269778467 nan nan
435 187065 189 189 0 -0.1100862947 0.006269472403 -0.1201159993 -0.1009156203 0.01920037894 -0.1219966594 -0.09961801629 0.02237864308 -0.07303099866 0.01035239592 0.01223305601 nan nan
436 188067 561 561 0 -0.0702919061 0.004176731384 -0.07928869473 -0.06610107846 0.01318761627 -0.0860768211 -0.06486942453 0.02120739658 -0.920143354 0.00979423544 0.01658236181 nan nan
437 189830 342 342 0 -0.08754553553 0.007655412542 -0.09989784501 -0.07605432568 0.02384351933 -0.1062913584 -0.07311075104 0.03318060733 -0.1218973208 0.01461390005 0.02100741341 nan nan
438 183098 71 71 0 -0.1259368421 0.001540841289 -0.1284536945 -0.1235101497 0.00494354478 -0.1292187088 -0.1230348906 0.006183818189 -0.05130262075 0.002754516939 0.003446140503 nan nan
439 184903 54 54 0 -0.09345416306 0.003949308889 -0.0996253691 -0.08749476575 0.01213060335 -0.1016054594 -0.0860754375 0.01553002192 -0.07070215755 0.007176487939 0.007982776609 nan nan
440 184387 57 57 0 -0.1157125054 0.00302891122 -0.1208796497 -0.1111943636 0.009685286092 -0.122316099 -0.1100062373 0.01230986168 -0.1195254069 0.005518391726 0.006552035472 nan nan
441 184939 102 102 0 -0.1167627037 0.001636559735 -0.1194154137 -0.1142414121 0.005174001643 -0.1203358096 -0.1136099826 0.006725827037 -0.09917909363 0.002993891355 0.003582112672 nan nan
442 196566 50 50 0 -0.1965293967 0.002156238691 -0.2004246722 -0.1930982232 0.007326448928 -0.2012143849 -0.1927341738 0.008480211088 -0.1728889479 0.004089916181 0.004616780957 nan nan
443 189602 50 50 0 -0.1837955974 0.003590461306 -0.1887278929 -0.1771508643 0.01157702852 -0.1895332111 -0.1764786268 0.01305458423 0.1842934982 0.007087292635 0.007759530144 nan nan
444 185571 51 51 0 -0.9509140039 0.0006818495322 -0.9520327435 -0.9498576238 0.00217511966 -0.9522790562 -0.9495953949 0.002683661337 -0.01423342994 0.001245569444 0.001447410571 nan nan
445 189295 257 257 0 -0.087020315 0.003467347852 -0.09263975482 -0.08141662742 0.0112231274 -0.09400446139 -0.08041337197 0.01359108942 -0.01371282083 0.006017114901 0.006984146392 nan nan
446 191075 73 73 0 -0.145256693 0.004394787221 -0.1525970973 -0.1392012241 0.01339587319 -0.1554773621 -0.1383472746 0.01713008744 -0.1190424074 0.008595235186 0.01147549998 nan nan
447 189855 56 56 0 -0.1267803609 0.004269649358 -0.1333653182 -0.1211398431 0.01222547513 -0.1338413492 -0.1205404594 0.01330088983 -0.1183526485 0.006423723621 0.006662325015 nan nan
448 191827 62 62 0 -0.1554008708 0.004436368454 -0.1621419086 -0.1490302938 0.01311161471 -0.1635498194 -0.1487251191 0.01482470036 -0.0122065801 0.007056915856 0.007765227057 nan nan
449 187258 117 117 0 -0.1111678028 0.001766941179 -0.1140707364 -0.1084698374 0.00560089899 -0.114829645 -0.1078591222 0.006970522766 -0.07882583605 0.003066241409 0.003716944808 nan nan
450 188633 51 51 0 -0.9480985873 0.0006166078783 -0.949035216 -0.9471119328 0.001923283209 -0.9490615521 -0.9468443277 0.002217224428 0.1351935518 0.001087165998 0.001118728054 nan nan
451 186222 117 117 0 -0.1215916564 0.003336078607 -0.1264794251 -0.11607683 0.01040259509 -0.1275756351 -0.1151835963 0.01239203871 0.06475587308 0.005477740657 0.006317599443 nan nan
452 189839 53 53 0 -0.158796238 0.004197328775 -0.1662161332 -0.1528638918 0.01335224149 -0.1672222688 -0.1520095308 0.01521273799 -0.06611225527 0.008173702103 0.009179837635 nan nan
453 191830 77 77 0 -0.1096542123 0.001278016959 -0.1127689868 -0.1086769276 0.004092059283 -0.1135836426 -0.1085401164 0.005043526161 -1.055356715 0.003179080561 0.003993736301 nan nan
454 187683 56 56 0 -0.8613873431 0.001804846657 -0.8646682319 -0.8588522002 0.00581603166 -0.8652796133 -0.8586633893 0.006616223969 -0.2545520199 0.00302755995 0.003626176494 nan nan
455 186729 65 65 0 -0.1185827838 0.002695122539 -0.1238488087 -0.1151549324 0.008693876323 -0.1254023561 -0.1148960815 0.01050627464 -0.4375675366 0.005266024942 0.006819572366 nan nan
456 187011 75 75 0 -0.1048711124 0.001640349185 -0.1075532286 -0.1024373297 0.00511589896 -0.1081198529 -0.1022079781 0.005911874732 -0.1051014376 0.002731439334 0.003064490698 nan nan
457 187990 64 64 0 -0.09880029771 0.0039494553 -0.1050679184 -0.09243912193 0.01262879643 -0.1066693014 -0.09081167994 0.01585762151 -0.001227654622 0.00713198592 0.008624574711 nan nan
458 189387 52 52 0 -0.9448818594 0.0008316452252 -0.9462740988 -0.9436646821 0.002609416692 -0.9465873397 -0.9431859904 0.003401349292 -0.003642894196 0.001609385592 0.00208807733 nan nan
459 189783 146 146 0 -0.09832501275 0.002563257144 -0.1022401259 -0.09435869808 0.007881427808 -0.1031997546 -0.09323792165 0.009961832934 0.07320771097 0.00428062016 0.005001879756 nan nan
460 188251 67 67 0 -0.1108425036 0.002301051159 -0.1145002993 -0.1074014942 0.007098805103 -0.1153319725 -0.106588551 0.008743421504 -0.04618691889 0.003815193424 0.004486413393 nan nan
461 189266 101 101 0 -0.1100683488 0.002978631484 -0.1149298774 -0.1056566515 0.009273225964 -0.1152262439 -0.1046472043 0.01057903955 0.007904893564 0.005088702647 0.005354136283 nan nan
462 192539 60 60 0 -0.128702221 0.004919834342 -0.1369988083 -0.1222418708 0.0147569375 -0.139494526 -0.1206161659 0.01887836012 -0.134774345 0.008719597592 0.01121531527 nan nan
463 194466 57 57 0 -0.2074170167 0.001504972337 -0.2081080298 -0.2035799604 0.004528069374 -0.2082013898 -0.202748798 0.005452591796 1.396329338 0.003837056219 0.004668218694 nan nan
464 190255 58 58 0 -0.1028535258 0.002911695478 -0.1060722625 -0.09701430948 0.009057953039 -0.1065402114 -0.09488584112 0.01165437023 0.6270761237 0.005626802281 0.007755270634 nan nan
465 192262 205 205 0 -0.07524760557 0.002776355862 -0.07964479773 -0.0711862969 0.008458500823 -0.08035280488 -0.07036274564 0.00999005924 -0.03170583956 0.004541092085 0.005071517595 nan nan
466 191270 77 77 0 -0.09097676462 0.001667952983 -0.09359589167 -0.08835070769 0.005245183979 -0.09405331064 -0.08787936748 0.006173943153 -0.04291098183 0.002977847528 0.003449187737 nan nan
467 196418 71 71 0 -0.8811979762 0.001591353519 -0.8835799456 -0.8787098447 0.004870100962 -0.8842868789 -0.8782473844 0.006039494563 -0.06256923589 0.00268842247 0.003088902717 nan nan
468 191010 60 60 0 -0.1016071239 0.0018554838 -0.1044044569 -0.0985982146 0.005806242327 -0.1045538478 -0.09816013643 0.006393711333 0.0599463947 0.003022473179 0.003335452235 nan nan
469 198513 53 53 0 -0.1075661086 0.001277463464 -0.1099390046 -0.1059498135 0.003989191083 -0.1110436814 -0.105848205 0.005195476444 -0.6508547351 0.00238423 0.003488906829 nan nan
470 191985 57 57 0 -0.09730602093 0.002435102319 -0.1017169597 -0.0940546076 0.007662352128 -0.1031678297 -0.09357365154 0.009594178159 -0.4194190127 0.004884359285 0.006335229254 nan nan
471 194660 199 199 0 -0.06748473026 0.001684277909 -0.07035877612 -0.06488870095 0.005470075175 -0.07095845761 -0.06405627617 0.006902181433 -0.06826052138 0.003080019004 0.003667849369 nan nan
472 194555 50 50 0 -0.8727623166 0.001127309537 -0.8741940103 -0.8709022998 0.003291710552 -0.8745515304 -0.8702755171 0.004276013276 0.3487734208 0.001933917105 0.002237943552 nan nan
473 192238 54 54 0 -0.09489546298 0.002049360073 -0.09796825827 -0.09164040499 0.006327853272 -0.09854468675 -0.090788431 0.007756255751 0.1274404039 0.003524795624 0.004093698727 nan nan
474 192946 52 52 0 -0.08457684768 0.002614965534 -0.08885926271 -0.08066060893 0.008198653775 -0.09045834147 -0.07920767874 0.01125066273 -0.002764582103 0.004781160527 0.006327860271 nan nan
475 192952 74 74 0 -0.09043945579 0.002214657406 -0.09351399407 -0.08644040724 0.007073586831 -0.09424962626 -0.08511697019 0.009132656075 0.3512466139 0.004006800536 0.005203135207 nan nan
476 195837 172 172 0 -0.06446552593 0.0008765517334 -0.06577953636 -0.06306911545 0.002710420908 -0.06614618684 -0.0627793326 0.003366854247 0.03167670889 0.001655679258 0.002022329745 nan nan
477 193922 82 82 0 -0.08676676834 0.002679358162 -0.09061582889 -0.08179884279 0.008816986102 -0.09174978963 -0.08043424148 0.01131554815 0.2099609404 0.005041406123 0.006406007434 nan nan
478 194170 92 92 0 -0.08177874502 0.002114487665 -0.08584658196 -0.07914068369 0.006705898265 -0.08705641162 -0.07780416117 0.00925225045 -0.3668104533 0.0038207307 0.004716856075 nan nan
479 195326 55 55 0 -0.07427046523 0.002343189161 -0.07787280413 -0.0705088796 0.007363924537 -0.0789381906 -0.0695812178 0.009356972801 -0.07082187485 0.004350296882 0.005415683353 nan nan
480 198461 50 50 0 -0.8800953077 0.001179618774 -0.8818758583 -0.878342383 0.003533475374 -0.8822706395 -0.8776966889 0.004573950567 0.07083047501 0.002107439497 0.002397431176 nan nan
481 195098 62 62 0 -0.07910899722 0.002632501157 -0.08362009639 -0.07498031276 0.008639783639 -0.08473340268 -0.0741049961 0.01062840658 -0.08018026254 0.004835008731 0.005342406291 nan nan
482 195348 65 65 0 -0.07630383434 0.001612417594 -0.07891329947 -0.07378009383 0.005133205633 -0.07938297564 -0.0729130713 0.006469904336 0.1364803037 0.002868272068 0.003306854159 nan nan
483 202149 174 174 0 -0.8705336632 0.00168106273 -0.8726040309 -0.8672446788 0.005359352102 -0.8730551993 -0.8659041585 0.007151040749 0.5993376027 0.003717667511 0.005058187798 nan nan
484 195821 65 65 0 -0.07140817415 0.001585085633 -0.07409481504 -0.06911062062 0.004984194421 -0.0748655718 -0.0683588693 0.006506702505 -0.1520665813 0.002912983091 0.003476113837 nan nan
485 197171 62 62 0 -0.0599116633 0.001314200619 -0.06310115325 -0.05895190743 0.00414924582 -0.0644646992 -0.05885393284 0.005610766356 -1.076855283 0.003352408539 0.004715954485 nan nan
486 198568 283 283 0 -0.06833021016 0.005177322941 -0.07928771639 -0.06363242557 0.01565529082 -0.08717815797 -0.06248964428 0.02468851368 -0.8453985935 0.0117691171 0.01965955868 nan nan
487 196734 72 72 0 -0.07092936296 0.002571645981 -0.07516423061 -0.0669981519 0.008166078709 -0.07649833701 -0.06654937943 0.009948957573 -0.2083015989 0.004640513247 0.005177522763 nan nan
488 199025 60 60 0 -0.1169951001 0.006095107277 -0.1262757922 -0.1071327957 0.01914299643 -0.1293863584 -0.1044144757 0.02497188269 0.0854074023 0.01106802988 0.01317565784 nan nan
489 202361 116 116 0 -0.8639666461 0.001063931172 -0.8657115699 -0.862291108 0.003420461907 -0.8661068485 -0.8615788014 0.004528047181 0.1058311718 0.002213992431 0.002926299081 nan nan
490 197405 62 62 0 -0.06333948036 0.001837254366 -0.06670530365 -0.06085550258 0.005849801071 -0.06774900138 -0.06009912974 0.007649871641 -0.2526782191 0.003396157062 0.004434085774 nan nan
491 197412 60 60 0 -0.0673326419 0.002104760113 -0.07089670642 -0.06436063615 0.006536070279 -0.07271303716 -0.06369185193 0.009021185229 -0.3482419662 0.003937809061 0.005754139795 nan nan
492 198798 65 65 0 -0.08675661562 0.004682091651 -0.09511920989 -0.08141564814 0.01370356175 -0.09944897109 -0.08011994109 0.01932903001 -0.4568500867 0.009788051623 0.01411781283 nan nan
493 197879 85 85 0 -0.06457191634 0.001532596919 -0.06736782904 -0.06237657471 0.004991254329 -0.06813162361 -0.0617377588 0.006393864813 -0.2825109442 0.002898943965 0.003345890732 nan nan
494 206923 205 205 0 -0.8674828355 0.001297735322 -0.8696024239 -0.8656233256 0.003979098256 -0.8700084187 -0.864313602 0.005694816719 -0.001291579439 0.002736697794 0.004046421464 nan nan
495 198997 105 105 0 -0.06214179049 0.0005981658619 -0.06301221496 -0.06114352395 0.001868691009 -0.06356639508 -0.06094663419 0.002619760886 -0.1491442983 0.001105480181 0.001659660302 nan nan
496 202580 50 50 0 -0.8458367236 0.0006810309645 -0.8470270496 -0.8447160552 0.002310994474 -0.8470798224 -0.8445229132 0.002556909191 0.2629651131 0.001388673391 0.001581815302 nan nan
497 202788 55 55 0 -0.8429829639 0.0007467762605 -0.8438664558 -0.841446918 0.002419537789 -0.8441357078 -0.8413588029 0.002776904939 0.4402405884 0.001400599906 0.001488715052 nan nan
498 207684 83 83 0 -0.8500882792 0.0006537214637 -0.8512014308 -0.8492235246 0.001977906189 -0.8515004835 -0.849003816 0.002496667473 -0.06052232895 0.001116029475 0.001415082164 nan nan
499 203803 129 129 0 -0.8610142461 0.001045157799 -0.8626760028 -0.8594257881 0.003250214699 -0.8630500272 -0.8590840507 0.003965976563 -0.02572906934 0.001828461208 0.002143377478 nan nan
500 199856 71 71 0 -0.06309044114 0.005518308437 -0.07656027807 -0.05974605617 0.0168142219 -0.08320883502 -0.05942309979 0.02378573523 -1.464810306 0.01283057445 0.0194791314 nan nan
501 199426 63 63 0 -0.06108745065 0.0008879889079 -0.06323590157 -0.06031767151 0.002918230069 -0.0637272814 -0.06019494718 0.003532334221 -1.030289969 0.002685284383 0.003176664213 nan nan
502 203815 54 54 0 -0.8385649658 0.001406233182 -0.8405085131 -0.8365785593 0.003929953732 -0.84091876 -0.8363143193 0.004604440656 -0.06286856065 0.0023680718 0.002632311823 nan nan
503 203992 55 55 0 -0.877219047 0.001072693171 -0.8792550132 -0.8756897864 0.003565226817 -0.8797168688 -0.8751696846 0.004547184231 -0.2446934816 0.002022832903 0.002337775515 nan nan
504 200743 56 56 0 -0.06442632981 0.002492984604 -0.06946016926 -0.06212328029 0.007336888974 -0.07127411472 -0.0619427991 0.009331315623 -0.6426677843 0.004505398892 0.006319344349 nan nan
505 200948 64 64 0 -0.06836415969 0.005814352936 -0.07998407366 -0.06207066085 0.0179134128 -0.08258656693 -0.06125572438 0.02133084254 -0.4780668873 0.01255508074 0.01515757401 nan nan
506 203805 57 57 0 -0.8581617525 0.0007181876108 -0.8592415212 -0.8571024918 0.002139029391 -0.8593587909 -0.8569600778 0.002398713116 -0.05419928741 0.001144776844 0.001262046557 nan nan
507 202015 53 53 0 -0.08034352398 0.00816891457 -0.09645617317 -0.07083471835 0.02562145482 -0.09722926882 -0.07065410167 0.02657516715 -0.3557759401 0.01329888528 0.01407198093 nan nan
508 206171 67 67 0 -0.8553678456 0.000842961161 -0.856694882 -0.8540369063 0.002657975741 -0.8567681017 -0.8537519417 0.003016160055 0.01934962825 0.001622612182 0.001907576809 nan nan
509 205964 67 67 0 -0.8749463743 0.0009913077888 -0.876393177 -0.8733835027 0.003009674325 -0.8765978647 -0.8730011415 0.003596723211 0.08853256149 0.001617924877 0.001994381932 nan nan
510 209125 115 115 0 -0.8743976196 0.001743679606 -0.8771236325 -0.8718787021 0.005244930474 -0.8780412603 -0.871032684 0.007008576329 -0.05892172049 0.003153648006 0.003999666111 nan nan
511 210724 57 57 0 -0.8819967489 0.001267789813 -0.8841712312 -0.8802846445 0.003886586675 -0.884701151 -0.8798714696 0.004829681467 -0.246176535 0.002214231545 0.002565889478 nan nan
512 212535 122 122 0 -0.8720226744 0.002059600198 -0.875547107 -0.8687495873 0.006797519634 -0.8769717403 -0.8679889644 0.008982775856 -0.1287527217 0.004040016138 0.004620879896 nan nan
513 214090 65 65 0 -0.8750600584 0.002347774237 -0.8782531832 -0.8711151741 0.007138009021 -0.878719792 -0.8702887165 0.008431075505 0.1773012399 0.003972786398 0.00442769148 nan nan
514 214080 59 59 0 -0.881215939 0.001701534059 -0.8836341353 -0.8783087447 0.005325390674 -0.8847437229 -0.8773992224 0.007344500518 0.1378868372 0.003305023147 0.004050566402 nan nan
515 214857 54 54 0 -0.8655761296 0.001448786188 -0.8677349863 -0.8633648331 0.004370153185 -0.8681525943 -0.8627230913 0.005429503013 0.0009986946207 0.002600129674 0.003017737672 nan nan
516 215211 64 64 0 -0.8745210948 0.001562297055 -0.8769036777 -0.872289356 0.004614321678 -0.8778178305 -0.8718279741 0.005989856342 -0.1034388152 0.002653176944 0.002997225221 nan nan
517 215906 72 72 0 -0.8798746749 0.00312822573 -0.8845993858 -0.8748384456 0.00976094023 -0.8862078284 -0.8747535214 0.01145430693 -0.1715586435 0.005342534162 0.006056112074 nan nan
518 215928 60 60 0 -0.8756195027 0.00171915527 -0.8782644197 -0.8731225048 0.005141914838 -0.8789594421 -0.8724616666 0.006497775531 -0.03649600829 0.002993101449 0.003688123874 nan nan
519 216270 86 86 0 -0.8765868214 0.002989236272 -0.8813049961 -0.8721482498 0.00915674632 -0.8822441662 -0.8716086679 0.01063549826 -0.08411630031 0.004886818681 0.005742121931 nan nan
520 216466 66 66 0 -0.8691181193 0.001565873195 -0.8715336507 -0.8667104459 0.004823204797 -0.8719840462 -0.8664641131 0.005519933063 -0.03047737175 0.002935923777 0.003182256617 nan nan
521 217333 50 50 0 -0.8628888214 0.001354419688 -0.8648269356 -0.8606837811 0.004143154527 -0.8652639687 -0.8604745499 0.0047894188 0.01678281124 0.002324460232 0.00253369149 nan nan

K=522, phase=forward, parameter=e [-]
cluster representative_source n_cluster n_valid n_missing median std p05 p95 width90 minimum maximum range skewness error95 error_max angle_origin_deg angle_resultant
0 18595 122 122 0 0.5938628758 0.00688755956 0.5766039556 0.6006320845 0.02402812892 0.5761643537 0.6030081308 0.02684377709 -1.141464141 0.02126240361 0.02170200553 nan nan
1 19899 97 97 0 0.5783569563 0.007230924889 0.5671476047 0.5918485469 0.02470094218 0.5630933756 0.5932477151 0.03015433953 0.09552269472 0.01766747061 0.01906663879 nan nan
2 18590 55 55 0 0.5398415421 0.007314508294 0.5292518686 0.5500048479 0.0207529793 0.5269580215 0.5500438036 0.02308578212 -0.07997272489 0.01651931314 0.01881316025 nan nan
3 18148 56 56 0 0.3811672356 0.002379861254 0.3787882611 0.3860250074 0.007236746274 0.3786585479 0.3867992258 0.008140677855 0.5118624651 0.004910631272 0.005684849659 nan nan
4 18805 57 57 0 0.5109739386 0.007256940839 0.5031010721 0.523829378 0.02072830588 0.5010474397 0.5238714924 0.02282405261 0.1042340954 0.01328058898 0.01533422131 nan nan
5 22540 54 54 0 0.5983943061 0.008209179691 0.5828423885 0.6089545781 0.02611218953 0.5804760447 0.6115943402 0.03111829543 -0.3291554451 0.01531700338 0.01768334717 nan nan
6 23178 95 95 0 0.3817417711 0.001780676677 0.3798810508 0.3857278234 0.005846772587 0.379585134 0.3873140262 0.007728892208 0.8164380275 0.004809895729 0.006396098594 nan nan
7 27210 188 188 0 0.6052083585 0.006980271542 0.5918355989 0.6151141854 0.02327858643 0.5872458632 0.6165114849 0.02926562175 -0.4437463189 0.0140966175 0.01868635329 nan nan
8 32632 89 89 0 0.4150531895 0.002896478295 0.4106313611 0.4207799504 0.01014858926 0.4090448423 0.4214704451 0.01242560283 0.3648343035 0.005805101509 0.006330067712 nan nan
9 29454 75 75 0 0.523097197 0.006131228054 0.5107336403 0.5322240369 0.02149039658 0.5105489459 0.5342706689 0.02372172304 -0.3212611358 0.01393582027 0.01412051475 nan nan
10 29914 128 128 0 0.5611749622 0.008016400107 0.5478798024 0.5735991839 0.02571938158 0.5451307187 0.576555165 0.03142444624 -0.09151956447 0.01448667919 0.0172357628 nan nan
11 28999 79 79 0 0.5056390298 0.006132366891 0.4964617991 0.5147270813 0.01826528216 0.4952838559 0.5178907426 0.02260688677 0.05226810896 0.01009020213 0.01325386345 nan nan
12 33080 194 194 0 0.3854864922 0.00184588723 0.3826322272 0.388946512 0.006314284775 0.3818129891 0.3899896627 0.008176673605 0.1163277121 0.003674976366 0.004718127128 nan nan
13 30601 94 94 0 0.5837633742 0.006096872482 0.5754309684 0.5949286703 0.01949770188 0.5727164329 0.5988107061 0.0260942732 0.2939782622 0.01116046607 0.01400583585 nan nan
14 30368 71 71 0 0.5422085953 0.005227881038 0.5337788693 0.5501590047 0.01638013539 0.5321739568 0.5526944277 0.0205204709 0.06000284024 0.009125918006 0.01132905669 nan nan
15 31274 86 86 0 0.4890060957 0.005093562735 0.4825956716 0.4979091191 0.0153134475 0.4810166242 0.5000954684 0.01907884417 0.2652851232 0.009210199376 0.01139654867 nan nan
16 31696 52 52 0 0.8650301707 0.02975694955 0.786864131 0.8886290867 0.1017649557 0.7649461702 0.8921642491 0.1272180789 -1.733694912 0.09054906863 0.1124670294 nan nan
17 32867 73 73 0 0.4734433341 0.003891070369 0.469480989 0.4814153171 0.01193432813 0.4681248224 0.483013068 0.01488824558 0.3411151558 0.006725752967 0.00792002893 nan nan
18 33318 61 61 0 0.4303805376 0.001315456884 0.4279157516 0.4324421312 0.004526379563 0.4274857573 0.4334759563 0.005990198999 0.03558092881 0.002774139694 0.003144176023 nan nan
19 32403 52 52 0 0.4024275068 0.002537588304 0.3979868518 0.4066017269 0.008614875146 0.3970823479 0.4071628179 0.01008047006 -0.04741585725 0.005193059002 0.005754149993 nan nan
20 33089 56 56 0 0.422558078 0.002055188692 0.4195017866 0.426747053 0.00724526633 0.4185210394 0.4274366965 0.008915657119 0.4274693114 0.004180197845 0.004649710063 nan nan
21 33547 76 76 0 0.4397342249 0.002498737592 0.4347282699 0.4432301987 0.008501928857 0.4338134561 0.4440471294 0.01023367326 -0.2589783836 0.004840534623 0.005404676772 nan nan
22 31291 114 114 0 0.6202030072 0.00423884069 0.61214556 0.6264070261 0.01426146612 0.6076105264 0.6273786767 0.01976815029 -0.4377463636 0.009909835257 0.01444486886 nan nan
23 36300 90 90 0 0.4502573356 0.003294806703 0.4450514174 0.4557823477 0.01073093035 0.4442939574 0.4569567289 0.01266277155 0.1693061533 0.00582042265 0.006725333014 nan nan
24 36991 85 85 0 0.4616527872 0.00369245181 0.457278346 0.468670998 0.01139265203 0.4560766528 0.469943426 0.01386677314 0.2430928799 0.006345367918 0.007493719266 nan nan
25 37882 55 55 0 0.5925362963 0.008395445778 0.5790447346 0.6049391761 0.02589444156 0.5736416959 0.606391456 0.03274976017 -0.1862322247 0.01399962484 0.01802267526 nan nan
26 43665 170 170 0 0.3957345488 0.001684481351 0.3935641773 0.3993049684 0.005740791105 0.3930722866 0.4000960377 0.007023751127 0.5535803607 0.003141698555 0.003884253415 nan nan
27 39290 77 77 0 0.4083164124 0.002085319073 0.4039583062 0.4092388056 0.005280499361 0.4036867038 0.4092516501 0.005564946323 -0.7664140666 0.005012292089 0.005283894469 nan nan
28 34031 89 89 0 0.6288913032 0.003532211437 0.6224944571 0.6341920432 0.01169758607 0.6208370647 0.6353671878 0.01453012316 -0.259606583 0.009263473723 0.01092086619 nan nan
29 37890 53 53 0 0.4478480439 0.00561735608 0.4410268495 0.4579765805 0.01694973099 0.439422797 0.4592224757 0.01979967871 0.2096490217 0.009340464385 0.01058635958 nan nan
30 35172 69 69 0 0.5972406802 0.009182465216 0.5832876775 0.6111183792 0.02783070171 0.5809496444 0.6143210434 0.033371399 0.01777222118 0.01530270321 0.01708036326 nan nan
31 39731 54 54 0 0.4851285349 0.005874675539 0.4774573165 0.4958869107 0.01842959423 0.4764736431 0.4984624356 0.02198879248 0.3326359679 0.01080507845 0.01338060335 nan nan
32 36997 53 53 0 0.50892886 0.005035823251 0.5019527996 0.5170509435 0.01509814388 0.5011174223 0.5182396861 0.01712226375 0.08742306032 0.008122083553 0.00931082612 nan nan
33 36315 67 67 0 0.5644701488 0.008949405183 0.5504571539 0.5780603446 0.02760319076 0.5495962147 0.5798750519 0.03027883718 0.03997730407 0.01466325954 0.01647796681 nan nan
34 35874 73 73 0 0.6357498558 0.003873800943 0.6278972814 0.6404168505 0.01251956902 0.623675986 0.6413404731 0.01766448707 -0.9337870847 0.01085895995 0.01508025539 nan nan
35 39284 110 110 0 0.3895934394 0.001313238602 0.3877057173 0.392053539 0.004347821646 0.3872079633 0.3929886878 0.005780724479 0.3751690363 0.002656701504 0.00359185029 nan nan
36 37232 63 63 0 0.5351574018 0.007595440021 0.5240526181 0.5479416074 0.02388898931 0.5227310568 0.5485539148 0.02582285804 0.06872833376 0.01245504104 0.01376653883 nan nan
37 37025 66 66 0 0.6414524352 0.004443075897 0.6299772816 0.645347454 0.01537017237 0.6279050102 0.6461747696 0.01826975941 -1.165316548 0.01337914532 0.01545141676 nan nan
38 38171 77 77 0 0.6154115714 0.01084710033 0.5973610676 0.6301870965 0.03282602892 0.5947814828 0.6323131246 0.03753164179 -0.1588134511 0.0178083395 0.01942708265 nan nan
39 38415 62 62 0 0.6465190326 0.003077665966 0.6404037318 0.6500992149 0.009695483076 0.6371770421 0.650905599 0.01372855687 -0.5941582581 0.008775560088 0.01200224981 nan nan
40 40228 65 65 0 0.493405846 0.004739347651 0.4866101342 0.5009178366 0.0143077024 0.4855163095 0.5026107182 0.01709440872 0.05884329591 0.008841655031 0.01053453668 nan nan
41 39083 59 59 0 0.5666114022 0.009346475887 0.5520550247 0.5815257985 0.0294707738 0.5511889649 0.5828703262 0.03168136127 0.04409496773 0.01493468475 0.01605152343 nan nan
42 42970 139 139 0 0.3926260177 0.001440335612 0.390910204 0.3952545044 0.004344300394 0.3904725221 0.3978388083 0.007366286187 0.7261538066 0.003669824869 0.006254128772 nan nan
43 41609 67 67 0 0.4781673871 0.0044174904 0.4715944272 0.4847572142 0.01316278702 0.4708199548 0.4865700031 0.01575004836 0.05930836177 0.007503800596 0.008269753251 nan nan
44 39559 74 74 0 0.6196639055 0.01149570755 0.6011112553 0.635844012 0.0347327567 0.598306563 0.639259088 0.04095252504 -0.08024863452 0.02082016617 0.02362485851 nan nan
45 39341 60 60 0 0.6510311203 0.002984381587 0.6451629398 0.6548132477 0.009650307894 0.6438994241 0.6552992829 0.01139985879 -0.4113182993 0.008040555756 0.009304071513 nan nan
46 40696 57 57 0 0.536735225 0.007826023938 0.5251115138 0.5486463012 0.0235347874 0.5239615083 0.5502544087 0.02629290045 0.02267876859 0.01271419439 0.01346896701 nan nan
47 40498 67 67 0 0.6532374485 0.006961793168 0.6371264882 0.6580908853 0.02096439709 0.635977386 0.6587221815 0.0227447955 -0.7030705171 0.01720961897 0.01835872123 nan nan
48 42948 86 86 0 0.5592192892 0.01032656703 0.543201784 0.5752886039 0.03208681989 0.5423017081 0.577602507 0.03530079883 0.01986848617 0.01703181432 0.01773943672 nan nan
49 41193 67 67 0 0.6556165691 0.007625768291 0.6390363866 0.661555344 0.02251895744 0.6368494906 0.6622446806 0.02539518999 -0.6567237195 0.01812373859 0.02031063451 nan nan
50 41642 58 58 0 0.6278975987 0.0109404622 0.6096245002 0.6430770701 0.03345256994 0.60746517 0.6457223739 0.03825720387 -0.1576724422 0.01859278513 0.0207521153 nan nan
51 41888 64 64 0 0.6583955427 0.007662430143 0.6428331346 0.6650723587 0.02223922416 0.638942384 0.6656160079 0.02667362383 -0.6390988138 0.01496267184 0.01885342235 nan nan
52 42128 75 75 0 0.6667291963 0.004915336666 0.65632522 0.6713239184 0.0149986984 0.6540594685 0.6721843479 0.01812487944 -0.6739782727 0.01247002138 0.01473577291 nan nan
53 42143 52 52 0 0.6739159512 0.008234711998 0.6560193815 0.6808684799 0.02484909841 0.6475535647 0.6822455022 0.03469193754 -0.9481557557 0.01838854344 0.02685436032 nan nan
54 45706 72 72 0 0.5139789004 0.005698754256 0.5041559257 0.5219493395 0.01779341378 0.501576888 0.5232590596 0.02168217156 -0.2008583724 0.01048022125 0.01305925898 nan nan
55 45714 72 72 0 0.4479661359 0.004922000547 0.4402232064 0.4554911692 0.01526796274 0.4390194618 0.4576968624 0.01867740053 0.0278000351 0.008480963851 0.01032266026 nan nan
56 43285 58 58 0 0.6696481702 0.007844098865 0.6531380439 0.6761427765 0.02300473266 0.651132693 0.67680164 0.02566894702 -0.6289996435 0.01649753557 0.01850288642 nan nan
57 47545 58 58 0 0.4342409935 0.002504002479 0.4306976551 0.437775863 0.007078207891 0.429712561 0.4392367621 0.009524201134 0.0415576996 0.003989857974 0.004891488113 nan nan
58 46184 69 69 0 0.3980831758 0.001602113349 0.3962851551 0.4009598521 0.004674697045 0.3960151604 0.4015271818 0.005512021447 0.2083206721 0.00287667635 0.003444006082 nan nan
59 43521 72 72 0 0.6756598096 0.004459748723 0.666319477 0.6806632867 0.01434380969 0.6661103932 0.6816420839 0.01553169067 -0.4115720817 0.01055779835 0.01076688221 nan nan
60 46851 61 61 0 0.4963170378 0.005293624465 0.4885321968 0.505157584 0.01662538714 0.4872457676 0.5076170187 0.02037125114 0.1734244329 0.009022071687 0.01134917945 nan nan
61 44223 54 54 0 0.6787539833 0.007296683705 0.6634359349 0.6862269961 0.02279106119 0.6617085777 0.6873235737 0.02561499602 -0.5948231666 0.01451858416 0.01624594135 nan nan
62 44413 50 50 0 0.624587975 0.008036628635 0.6110121568 0.6361577142 0.0251455574 0.6086773683 0.6367065198 0.02802915156 -0.1587056312 0.01399996288 0.01633475142 nan nan
63 44650 89 89 0 0.6344014061 0.0117670436 0.6165243757 0.6524771975 0.0359528218 0.6126152297 0.6548619658 0.04224673617 -0.02600686497 0.0202549438 0.02416408981 nan nan
64 47992 65 65 0 0.4814086189 0.004247494425 0.4736109924 0.4866740562 0.01306306378 0.4713894382 0.4886616527 0.01727221454 -0.2390553792 0.007572869216 0.009668933458 nan nan
65 45366 70 70 0 0.6821032392 0.005545000151 0.6710061687 0.6874028122 0.01639664342 0.6690970792 0.688209917 0.01911283782 -0.5085874891 0.0100867021 0.01199579168 nan nan
66 45581 84 84 0 0.649897791 0.009207130717 0.6353396543 0.663964102 0.02862444771 0.6328859913 0.6645372913 0.03165129995 -0.06985151695 0.0147290924 0.01715489844 nan nan
67 46660 56 56 0 0.4351460289 0.00420795218 0.4286688268 0.4413520165 0.01268318972 0.4280501407 0.4419282633 0.01387812264 -0.006883803447 0.006972674665 0.007591360733 nan nan
68 46519 88 88 0 0.6877656178 0.005341095867 0.675015531 0.6916510171 0.01663548611 0.6730893675 0.6926080455 0.01951867799 -0.771438111 0.0138967693 0.01582293284 nan nan
69 47340 52 52 0 0.4132554995 0.003186107798 0.4095311413 0.4190819758 0.009550834505 0.4093457026 0.419791597 0.0104458944 0.3084933796 0.006369789617 0.007079410794 nan nan
70 49590 73 73 0 0.4671273514 0.004545169438 0.4609071248 0.4750382238 0.01413109906 0.4598988652 0.4763332796 0.01643441442 0.3127934393 0.007910872411 0.009205928225 nan nan
71 46932 52 52 0 0.5919290069 0.007740612822 0.5802894077 0.6037603738 0.02347096608 0.577827565 0.6062619548 0.02843438974 0.04213900271 0.01414311825 0.01664469923 nan nan
72 47649 97 97 0 0.647910906 0.0121362511 0.6297749764 0.6668907494 0.03711577299 0.6267724699 0.6693677904 0.04259532047 0.01493096523 0.01969945127 0.02145688439 nan nan
73 49835 155 155 0 0.3993439566 0.001544484672 0.396763786 0.4018065499 0.005042763887 0.3961403733 0.4027797501 0.006639376809 0.03750189752 0.003494841961 0.004468042154 nan nan
74 48348 105 105 0 0.6921348167 0.004138155672 0.6827519065 0.6965403275 0.01378842098 0.6786384842 0.6971859037 0.01854741953 -0.8432716298 0.01085042075 0.01496384308 nan nan
75 49023 105 105 0 0.6534722858 0.01152721465 0.6361899231 0.6713343615 0.03514443836 0.6321552045 0.6737293287 0.04157412426 -0.008391422051 0.01898511382 0.02207687241 nan nan
76 48297 50 50 0 0.5664124156 0.00754589478 0.5539574964 0.5779495954 0.02399209904 0.5511146136 0.5780084215 0.02689380797 -0.1098646779 0.0125447516 0.01538763438 nan nan
77 48780 63 63 0 0.615544749 0.01001280881 0.6004030012 0.6313288195 0.03092581829 0.5983564583 0.6335284568 0.03517199846 0.06715081408 0.01791209132 0.02011172865 nan nan
78 49452 81 81 0 0.5892250485 0.008926119823 0.5756465521 0.6029391494 0.02729259726 0.5722787198 0.6052436595 0.03296493973 -0.0183062511 0.01636515962 0.01866966977 nan nan
79 51427 56 56 0 0.4512416748 0.004389282312 0.4453633303 0.4575269534 0.01216362314 0.4453089037 0.4583479862 0.01303908257 -0.1165498997 0.006397420115 0.00721845296 nan nan
80 49921 64 64 0 0.6133507589 0.008273870813 0.6005282717 0.6255678324 0.02503956069 0.6000040116 0.6283727459 0.02836873428 0.05836591738 0.01364972761 0.0146579246 nan nan
81 51295 137 137 0 0.6636532343 0.0122057917 0.6446207086 0.6825130157 0.03789230707 0.6401691349 0.687591088 0.04742195314 0.01675979913 0.02153365435 0.02548771832 nan nan
82 51700 89 89 0 0.4027569164 0.001733215897 0.40071873 0.4068967484 0.00617801845 0.4003250441 0.4070455027 0.006720458522 0.7116540207 0.004835724095 0.004984478323 nan nan
83 52622 68 68 0 0.4958690125 0.005761511025 0.4880683542 0.5042878969 0.0162195427 0.4879574404 0.5057298317 0.01777239122 0.04058067274 0.008830017137 0.01027195195 nan nan
84 50818 58 58 0 0.5829906135 0.00884006209 0.5702017408 0.5963586816 0.02615694073 0.5684431429 0.598122344 0.02967920111 0.02000076931 0.01463352329 0.01507597501 nan nan
85 51058 71 71 0 0.6172211257 0.008491784421 0.6045051801 0.6306377525 0.02613257236 0.6021265149 0.6346185143 0.03249199945 0.09900501335 0.01420149789 0.01705086783 nan nan
86 53315 87 87 0 0.5196232637 0.007719596222 0.5075627924 0.5309864938 0.02342370137 0.505980133 0.5325555077 0.02657537475 0.05538596482 0.01263135983 0.0134778973 nan nan
87 51510 56 56 0 0.556896611 0.007898207606 0.5451209654 0.5693927259 0.02427176052 0.5449206668 0.5717655824 0.02684491559 0.1172649741 0.01226787804 0.01463483201 nan nan
88 51777 67 67 0 0.5856027225 0.007723887652 0.5746110757 0.5978922099 0.02328113419 0.5704820354 0.5988575242 0.02837548876 -0.03138026416 0.01278774 0.01481378041 nan nan
89 53908 145 145 0 0.6311077 0.008943223788 0.6164017078 0.6482328999 0.03183119205 0.6124342317 0.6488765999 0.03644236824 0.06983858799 0.01679320426 0.0207606804 nan nan
90 53348 96 96 0 0.4056872339 0.001881802184 0.4037059533 0.4094955878 0.005789634527 0.403280922 0.4108002798 0.007519357729 0.826763598 0.004134223142 0.005438915107 nan nan
91 52717 59 59 0 0.5564931449 0.006806901988 0.5467283842 0.5666382115 0.01990982734 0.5448188508 0.5689000382 0.02408118739 0.02858557497 0.01163687318 0.01240689331 nan nan
92 53196 73 73 0 0.5910991154 0.006945222051 0.5807917732 0.6022051377 0.02141336455 0.5785177652 0.6053254457 0.02680768053 0.06659380284 0.0128373706 0.01595767863 nan nan
93 53820 78 78 0 0.4123696104 0.003460490142 0.4076459053 0.4183992588 0.01075335355 0.4069271073 0.4192245014 0.01229739408 0.3240143848 0.006009036205 0.006834278803 nan nan
94 53403 61 61 0 0.5314927174 0.00694519344 0.5204142524 0.5430144504 0.02260019799 0.5185239661 0.5431852473 0.02466128115 -0.04334714243 0.01164157983 0.01296875128 nan nan
95 53654 72 72 0 0.5610523214 0.006847246056 0.5512906195 0.5722803221 0.02098970255 0.5487265942 0.5760383373 0.02731174306 0.1433325759 0.01207065695 0.01515420816 nan nan
96 54763 64 64 0 0.4743792849 0.007243589886 0.4622432836 0.4838471079 0.02160382432 0.4610221565 0.4859411623 0.02491900574 -0.04479500866 0.01319752164 0.01441864873 nan nan
97 55151 94 94 0 0.6031389987 0.007446676808 0.591442701 0.6157054787 0.02426277776 0.5884174201 0.6182412998 0.02982387974 0.02924341811 0.01343354617 0.01509277479 nan nan
98 54334 60 60 0 0.5335779488 0.0064013757 0.5242460531 0.5430515076 0.01880545455 0.5223871414 0.5448885944 0.022501453 -0.03820504451 0.01110594952 0.0114068874 nan nan
99 54868 81 81 0 0.5693376298 0.006558425812 0.5588206612 0.5796827462 0.02086208492 0.5555164776 0.5814454135 0.02592893591 -0.1205547311 0.01197163804 0.01372142993 nan nan
100 56191 51 51 0 0.4496446199 0.004251971408 0.4434603441 0.4568251555 0.01336481137 0.4428344826 0.4575410349 0.01470655233 0.08847492174 0.007343015127 0.008058894568 nan nan
101 55333 62 62 0 0.4095085103 0.002904082985 0.4052562735 0.4143144045 0.009058130982 0.4040831098 0.4149723225 0.01088921276 0.02146804708 0.005254051424 0.005911969435 nan nan
102 55387 71 71 0 0.4968606968 0.007008435596 0.4865340285 0.5080289956 0.02149496718 0.484993073 0.5091322999 0.02413922682 0.05941721258 0.01149747258 0.01303842801 nan nan
103 56520 68 68 0 0.4130010559 0.002355595923 0.4098649982 0.4173396499 0.007474651762 0.4093426631 0.417830444 0.008487780959 0.2285504244 0.004686428803 0.005177222897 nan nan
104 55694 76 76 0 0.5400717301 0.005936438783 0.5306982441 0.5491433119 0.01844506783 0.5283394137 0.5507346708 0.02239525703 -0.0606416597 0.01096612293 0.01255748176 nan nan
105 54985 54 54 0 0.5647785717 0.0083018281 0.5497323617 0.5752019253 0.02546956361 0.5487880897 0.5799568093 0.0311687197 -0.17899402 0.01422256559 0.01620182744 nan nan
106 57123 97 97 0 0.408815116 0.002423604723 0.4063752106 0.4141084665 0.007733255862 0.4057986102 0.4149408446 0.009142234382 0.6657919029 0.005703952886 0.006536330956 nan nan
107 56072 73 73 0 0.5683294624 0.008963914334 0.5558242932 0.5833800999 0.02755580668 0.553820705 0.585727043 0.03190633794 0.1572615514 0.01505063747 0.01739758056 nan nan
108 56076 76 76 0 0.5442425874 0.005408502629 0.5355102181 0.5529805365 0.01747031835 0.534624761 0.5553984958 0.0207737348 0.1162214517 0.009263608894 0.01129260646 nan nan
109 56264 66 66 0 0.5042963741 0.006445212023 0.4945898899 0.5151501785 0.02056028861 0.4923116988 0.5170395882 0.02472788946 0.08043732963 0.01165639317 0.01237293195 nan nan
110 55792 94 94 0 0.5270755755 0.004132582549 0.5216705182 0.5339596449 0.0122891267 0.5212477166 0.5347922908 0.0135445742 0.09294328699 0.007196397728 0.008029043565 nan nan
111 56739 79 79 0 0.5294480152 0.007170100043 0.5200147103 0.5419627752 0.02194806496 0.5178881766 0.5441118175 0.02622364093 0.1874311363 0.01300264343 0.01515168569 nan nan
112 58158 99 99 0 0.5808881167 0.007285367443 0.5691757469 0.5919976247 0.02282187774 0.5655111828 0.5952480167 0.02973683383 0.00362606064 0.0136884592 0.01552403201 nan nan
113 57515 87 87 0 0.5497475158 0.006236723989 0.5400250319 0.5601888791 0.02016384719 0.5374317394 0.5630578417 0.02562610229 0.1057172587 0.01153367775 0.01305202662 nan nan
114 56729 135 135 0 0.5134844728 0.002561305834 0.5111356999 0.5195907665 0.008455066536 0.5106179353 0.5207373697 0.01011943433 0.8754829172 0.007915192801 0.009061795993 nan nan
115 57763 54 54 0 0.4166391216 0.003078410511 0.4132591037 0.4222891173 0.009030013536 0.4124700108 0.4235608933 0.01109088251 0.4566039104 0.005651598243 0.006923374312 nan nan
116 57190 67 67 0 0.5207930805 0.004955051903 0.5135822889 0.5290252741 0.01544298526 0.5125819131 0.5315945323 0.0190126192 0.1555636522 0.008734671032 0.009635726839 nan nan
117 59536 152 152 0 0.5206534332 0.003199790767 0.515954419 0.5262504642 0.01029604528 0.5149946991 0.5272658829 0.0122711838 0.1429093786 0.00572470391 0.00674012253 nan nan
118 56705 106 106 0 0.5193279087 0.00589877886 0.5136027786 0.5301584996 0.01655572107 0.5129400968 0.5333723246 0.02043222787 0.4540615654 0.01085039861 0.01406422361 nan nan
119 58890 214 214 0 0.5211080665 0.005306869614 0.515931708 0.5326329339 0.01670122593 0.5147904949 0.5351824764 0.02039198153 0.6367014698 0.01055458913 0.0131041316 nan nan
120 59056 57 57 0 0.4191008652 0.003143628715 0.4152131513 0.4246194342 0.009406282826 0.4147733655 0.4260349535 0.01126158798 0.4912417722 0.005446753917 0.006862273213 nan nan
121 60114 132 132 0 0.5271669355 0.006415770181 0.5169746225 0.5371565113 0.02018188887 0.5141779596 0.5402134533 0.02603549364 -0.03307307614 0.01135297368 0.01341573551 nan nan
122 59707 67 67 0 0.4117466779 0.001474934992 0.4095090084 0.4143350103 0.004826001947 0.4091419117 0.4149554157 0.005813504022 0.2403626567 0.002633834998 0.003166071892 nan nan
123 59436 70 70 0 0.5047177793 0.004678089535 0.4976722733 0.5117903801 0.01411810675 0.4949457606 0.5134854537 0.0185396931 -0.03641574668 0.008327444123 0.0096196202 nan nan
124 61508 59 59 0 0.7010759263 0.006585294445 0.6851784398 0.7048592829 0.01968084305 0.6822098975 0.7054247952 0.02321489761 -0.8840343586 0.01589748647 0.01886602875 nan nan
125 57957 122 122 0 0.5408344829 0.006216308492 0.5299828267 0.5505564705 0.02057364384 0.5264707997 0.552857413 0.02638661323 -0.1352883104 0.01402807645 0.01754010341 nan nan
126 59426 53 53 0 0.485948882 0.003950133596 0.4797046102 0.4921167754 0.01241216519 0.4781725948 0.4932076542 0.01503505942 -0.0645664537 0.006881259866 0.008147878499 nan nan
127 61835 95 95 0 0.5581942885 0.006651324612 0.5485827823 0.5695966665 0.02101388415 0.5455425131 0.5719362273 0.0263937142 0.1183949232 0.01278110815 0.01512066893 nan nan
128 60638 72 72 0 0.5109719019 0.002701289947 0.5093545943 0.5175559335 0.008201339186 0.508949831 0.5189255992 0.00997576818 0.9242499144 0.007418982737 0.008788648403 nan nan
129 62811 101 101 0 0.4193411231 0.002517900232 0.4170679782 0.4247417522 0.00767377403 0.4164717478 0.4262868634 0.009815115557 0.6662610731 0.007127862525 0.008672973669 nan nan
130 58929 74 74 0 0.5709362226 0.009882272219 0.5566228949 0.5858688422 0.02924594726 0.5540378292 0.5864130407 0.0323752114 0.0151660481 0.01779190454 0.01833610303 nan nan
131 61929 134 134 0 0.557869639 0.00584399434 0.5491237408 0.5680381231 0.01891438229 0.54535755 0.570083981 0.02472643093 0.07699539622 0.01176116094 0.01380701875 nan nan
132 60628 65 65 0 0.5420587023 0.007539792036 0.5308370152 0.5527608627 0.02192384752 0.5278131681 0.5558029137 0.0279897456 0.05327821349 0.01297146877 0.01599531588 nan nan
133 60758 54 54 0 0.4614921824 0.004380136521 0.4551681981 0.4691917797 0.01402358159 0.4534695839 0.4718387036 0.01836911969 0.2261333098 0.008053163374 0.009396650849 nan nan
134 63247 61 61 0 0.6065073851 0.009955328848 0.5918208616 0.6221059455 0.03028508386 0.5904210095 0.6235558074 0.03313479786 0.07418510848 0.01608637556 0.0170484223 nan nan
135 63326 93 93 0 0.540886456 0.00494806181 0.5330896009 0.5494916303 0.01640202939 0.5307027646 0.5516104952 0.02090773066 0.05799630762 0.009241659611 0.01077104163 nan nan
136 63336 157 157 0 0.5770348016 0.006988607158 0.5658957287 0.5886154574 0.02271972873 0.5621587655 0.5911635376 0.02900477209 -0.04414121856 0.01322395558 0.01482794806 nan nan
137 62101 53 53 0 0.4147771654 0.002230445792 0.4127546933 0.4196199191 0.006865225852 0.4122893488 0.4208403824 0.008551033592 0.7172153579 0.004259962447 0.005480425712 nan nan
138 61464 67 67 0 0.4893113985 0.004269260012 0.4834715189 0.4964107715 0.01293925256 0.481986969 0.4977570257 0.01577005673 0.08518287622 0.00720212406 0.008501856887 nan nan
139 62167 82 82 0 0.5050641424 0.005605589251 0.496158733 0.5136962904 0.0175375574 0.4941804557 0.5160791024 0.02189864664 0.00297259277 0.009622683575 0.01136985654 nan nan
140 65106 81 81 0 0.5333434149 0.003271467746 0.5286620032 0.5380727708 0.009410767585 0.5275971115 0.5405938569 0.01299674543 0.2072290826 0.006115584827 0.008636670983 nan nan
141 61309 66 66 0 0.5768829819 0.009464375509 0.564313265 0.5923304118 0.02801714677 0.5611692771 0.593838509 0.03266923195 0.04077622252 0.015056622 0.01753723086 nan nan
142 64602 99 99 0 0.4215372599 0.002321666886 0.4191211397 0.4265820851 0.007460945495 0.4185834908 0.4282398224 0.009656331592 0.6706033321 0.006847933319 0.00850567056 nan nan
143 61454 53 53 0 0.47380459 0.003623845239 0.4686888924 0.479642682 0.01095378956 0.467330665 0.4815534808 0.01422281575 0.1352418878 0.00624621223 0.007748890846 nan nan
144 64686 68 68 0 0.6426770017 0.01083824013 0.6259418832 0.6601282704 0.03418638721 0.6249388854 0.6646480117 0.03970912629 0.107162724 0.01934946283 0.02386920416 nan nan
145 66568 80 80 0 0.563003492 0.006964628725 0.5519190719 0.5744493911 0.02253031921 0.5499128168 0.5779554107 0.02804259394 0.05469741347 0.01311689691 0.0166229165 nan nan
146 68432 80 80 0 0.5459541409 0.005066194761 0.5399958227 0.5559702099 0.01597438713 0.5388266408 0.559490698 0.02066405718 0.4574668984 0.009293843399 0.01036532012 nan nan
147 64054 149 149 0 0.5998333959 0.007673512134 0.5874999832 0.612461557 0.02496157382 0.5833490639 0.6172986722 0.03394960831 -0.008131212898 0.01453469519 0.01897706747 nan nan
148 61951 118 118 0 0.6227521463 0.007460772751 0.6114022569 0.6359494782 0.02454722136 0.6087705503 0.6403238362 0.03155328589 0.1370694412 0.01445221665 0.01882657462 nan nan
149 68054 59 59 0 0.5901887703 0.006877180327 0.5777747984 0.6008444576 0.02306965918 0.5757129007 0.6022935279 0.02658062723 -0.08352968765 0.01243934227 0.01417982202 nan nan
150 63417 117 117 0 0.6102195414 0.009414559257 0.5958905357 0.6258251638 0.02993462807 0.5924050683 0.6292183686 0.03681330024 0.1007768374 0.01642250972 0.01988606659 nan nan
151 63516 50 50 0 0.4171943993 0.002386790184 0.41484682 0.4221425347 0.00729571465 0.4144613038 0.4234188788 0.008957575017 0.62688554 0.004615118568 0.005891462702 nan nan
152 65334 124 124 0 0.4238884528 0.002477976482 0.4213832925 0.4294274228 0.008044130321 0.4208949297 0.4313424338 0.01044750403 0.7749061774 0.006933983385 0.008848994363 nan nan
153 63004 122 122 0 0.6451150963 0.008280641186 0.6325043755 0.6601661406 0.02766176508 0.629179045 0.6650755471 0.03589650207 0.1338804187 0.01559339678 0.01848153384 nan nan
154 64033 118 118 0 0.5238047431 0.005171554614 0.519632189 0.5348510627 0.01521887371 0.5190622211 0.5381757638 0.01911354271 0.6810522735 0.009982705366 0.01330740642 nan nan
155 63186 55 55 0 0.4417107219 0.00378823333 0.4362152376 0.4486883514 0.01247311384 0.4350177148 0.4502674459 0.01524973104 0.2477007194 0.007231100104 0.008810194546 nan nan
156 63550 56 56 0 0.449518764 0.003736765852 0.4438124117 0.4557419285 0.01192951687 0.442047664 0.457102674 0.01505501007 0.01296267364 0.006932196554 0.007584558507 nan nan
157 63916 70 70 0 0.4616303508 0.003713354855 0.4559108889 0.4673485925 0.01143770355 0.453769484 0.4683711395 0.0146016555 -0.07210166489 0.00629374333 0.008123917809 nan nan
158 63925 66 66 0 0.4759278603 0.003721499771 0.4704841334 0.4817976553 0.01131352194 0.4694419684 0.4828928225 0.01345085407 0.07128028702 0.006250880269 0.007133322398 nan nan
159 62333 108 108 0 0.6556097479 0.009281780259 0.6399429318 0.6708168324 0.03087390066 0.6340916718 0.6752508724 0.04115920059 -0.13033096 0.01829366444 0.02414492436 nan nan
160 65393 92 92 0 0.5132074741 0.005559292241 0.5045556615 0.5228832152 0.01832755368 0.5021211514 0.5255188823 0.0233977309 0.07566901383 0.01067455904 0.01171876646 nan nan
161 63370 125 125 0 0.6775799551 0.009613673984 0.6618831021 0.6919740809 0.03009097889 0.6573869829 0.699238826 0.04185184316 0.1074723827 0.01863549338 0.02116643719 nan nan
162 63762 53 53 0 0.6738203067 0.00766760475 0.661124767 0.6852237319 0.02409896493 0.6578739159 0.6884443238 0.03057040797 -0.1502805635 0.01367631576 0.01530914677 nan nan
163 66810 101 101 0 0.4269765869 0.002142688991 0.4248682585 0.431924551 0.007056292503 0.424467587 0.4340653557 0.009597768746 1.052961006 0.005910686264 0.008051490932 nan nan
164 64798 61 61 0 0.6942672345 0.006358867941 0.6850141878 0.7049301219 0.0199159341 0.6820018527 0.7066108291 0.0246089764 0.06114671171 0.01121294637 0.01234359456 nan nan
165 64468 104 104 0 0.7188723717 0.01235698429 0.6987830405 0.7359013806 0.03711834002 0.6921561497 0.7373050908 0.04514894109 -0.1066907197 0.01941472467 0.02569562523 nan nan
166 65946 84 84 0 0.7092343607 0.01318491335 0.6895614722 0.7288385088 0.03927703663 0.6858558508 0.7335108176 0.04765496682 -0.01159808137 0.02233444616 0.0251905617 nan nan
167 67738 304 304 0 0.7236936902 0.01012845353 0.7075022115 0.7387458109 0.03124359933 0.7031180908 0.7433501359 0.04023204507 -0.05483915151 0.01747914315 0.02063641305 nan nan
168 66448 88 88 0 0.4319109458 0.002927395672 0.4283433657 0.4379719862 0.00962862056 0.4272993779 0.4402439849 0.01294460697 0.5000449012 0.005896270891 0.008168269579 nan nan
169 66474 76 76 0 0.4637423057 0.003492540898 0.4582317675 0.4693535922 0.0111218247 0.4568558711 0.4701525827 0.01329671162 0.01497769379 0.006480630019 0.007856526456 nan nan
170 69498 67 67 0 0.5280246315 0.004881359451 0.5183709129 0.5333011697 0.01493025684 0.5165594861 0.5349466209 0.0183871348 -0.401049417 0.008285263275 0.009355263724 nan nan
171 67716 98 98 0 0.6260432641 0.009121162007 0.6122344293 0.6401598738 0.02792544445 0.6081938602 0.6431130308 0.0349191706 -0.03851835943 0.01574763549 0.01871459834 nan nan
172 66464 74 74 0 0.4500278414 0.003398246261 0.4449955689 0.4555947695 0.01059920063 0.4436346916 0.4569236386 0.01328894704 0.1090596204 0.006046113442 0.007259917384 nan nan
173 68575 63 63 0 0.635490595 0.009646214166 0.6219220265 0.6498122909 0.02789026443 0.6161674297 0.652422942 0.03625551237 0.05977537362 0.01610630632 0.01840472614 nan nan
174 66296 182 182 0 0.7528421439 0.005564849798 0.740959975 0.7574970395 0.01653706453 0.7364366426 0.7584589276 0.02202228499 -0.6741446627 0.01263756498 0.01716089734 nan nan
175 68567 81 81 0 0.7001712528 0.01404449168 0.6788816037 0.7219964576 0.04311485382 0.6747190232 0.7250655261 0.05034650285 0.04109574657 0.02348885585 0.02669483002 nan nan
176 70594 152 152 0 0.4351545462 0.002717827812 0.4321267711 0.4409251438 0.008798372722 0.4314940631 0.4428954217 0.01140135857 0.6039282905 0.007667237723 0.009637515655 nan nan
177 70637 112 112 0 0.4984685642 0.00530764949 0.4911605729 0.5081393243 0.01697875136 0.4881673135 0.5096652009 0.02149788738 0.03956969727 0.01043497102 0.01196084764 nan nan
178 68213 55 55 0 0.5103322091 0.003805156903 0.5078478968 0.5196801552 0.01183225846 0.5076819069 0.5213104457 0.01362853879 0.9907131533 0.01171357499 0.01334386549 nan nan
179 71873 220 220 0 0.5301892302 0.005859044714 0.5233451262 0.5418864461 0.01854131991 0.5215474124 0.5457427346 0.02419532225 0.399052224 0.01169450779 0.01555079633 nan nan
180 72670 184 184 0 0.6590024483 0.008918901439 0.6452566582 0.6723579911 0.02710133291 0.6408610935 0.677922915 0.03706182151 0.0572453649 0.01588521768 0.02070453139 nan nan
181 71904 217 217 0 0.6897322395 0.0105310256 0.6730203316 0.7066495614 0.03362922984 0.6680056189 0.7100604215 0.04205480261 -0.0009260968034 0.01900669033 0.02121046174 nan nan
182 72029 75 75 0 0.5631375787 0.009030128011 0.5479871022 0.5750959697 0.0271088675 0.5458855024 0.5778589453 0.0319734429 0.01377377782 0.01532673763 0.0174283375 nan nan
183 74978 157 157 0 0.5262625706 0.002298612696 0.522440408 0.5301317479 0.007691339885 0.5216050454 0.5317549495 0.01014990411 0.1394982745 0.004594406481 0.00621760807 nan nan
184 70005 224 224 0 0.7537771312 0.006329652872 0.7411669163 0.7609400623 0.01977314602 0.7389635217 0.7625079371 0.02354441535 -0.4357337024 0.01255201611 0.01475541068 nan nan
185 70467 133 133 0 0.7462575569 0.008276278706 0.7299197879 0.7545443424 0.02462455449 0.7235755406 0.7554417968 0.0318662562 -0.5661263053 0.01690907194 0.02325331919 nan nan
186 69107 54 54 0 0.4803932493 0.003530741898 0.4750941371 0.4861674872 0.01107335011 0.4741887424 0.4872227554 0.01303401301 0.05755613579 0.006459174033 0.007364568683 nan nan
187 70647 59 59 0 0.5445916369 0.006060449066 0.5360913811 0.5549211973 0.01882981618 0.5351609948 0.5590583276 0.02389733281 0.2492170807 0.01060646517 0.01277230784 nan nan
188 70270 54 54 0 0.600908239 0.008878665019 0.5871474416 0.6152417731 0.02809433147 0.5823085077 0.6189563021 0.0366477944 0.02634597093 0.01644814587 0.01858330154 nan nan
189 69637 263 263 0 0.7579156635 0.009205127727 0.7346329524 0.7628237858 0.02819083345 0.7166635669 0.763884687 0.04722112011 -1.660873458 0.02274390395 0.04071328941 nan nan
190 69469 90 90 0 0.4533175653 0.002991959297 0.4485973319 0.4584327592 0.00983542733 0.446899007 0.4594667539 0.0125677469 -0.003712899263 0.005525298128 0.007163761615 nan nan
191 71008 126 126 0 0.4636170707 0.004931678957 0.456328037 0.4713765807 0.0150485437 0.4553667611 0.4737814087 0.01841464759 0.1124285226 0.008073338271 0.01000754476 nan nan
192 74929 57 57 0 0.7042623039 0.009935822612 0.6778274622 0.7085152106 0.0306877484 0.6701935857 0.7092837788 0.03909019307 -1.47858672 0.02844046375 0.03607434026 nan nan
193 68168 74 74 0 0.7524768052 0.004642891398 0.7412191475 0.7559336909 0.0147145434 0.7401328542 0.7564297941 0.01629693985 -0.7082456553 0.009836816235 0.01092310946 nan nan
194 72414 70 70 0 0.5952666834 0.0108740616 0.5807712921 0.6155839415 0.03481264948 0.579390801 0.6168720747 0.03748127371 0.2068609206 0.01829177523 0.01904268637 nan nan
195 71369 170 170 0 0.4392339531 0.002646637966 0.4354584666 0.4442342803 0.008775813757 0.4346488929 0.4461519128 0.01150301985 0.4301561324 0.005793294065 0.007710926535 nan nan
196 73817 118 118 0 0.5516400469 0.005425965432 0.5431969613 0.5599070159 0.01671005453 0.539836566 0.5624073811 0.02257081511 0.00024042484 0.009769114991 0.01280492121 nan nan
197 81346 213 213 0 0.5743485763 0.007891862478 0.5619546338 0.5874178728 0.02546323907 0.5568738983 0.5918271687 0.03495327045 0.03869321074 0.01446183061 0.01782899221 nan nan
198 69688 54 54 0 0.7231843756 0.01477041576 0.6929618528 0.7381762167 0.0452143639 0.6880388495 0.7395007705 0.05146192105 -0.4862835784 0.02937097511 0.03429397842 nan nan
199 70970 90 90 0 0.4302532004 0.002007298651 0.427750496 0.4343505486 0.006600052633 0.4273200341 0.43589699 0.008576955844 0.6088080513 0.004275829166 0.005822270526 nan nan
200 75710 53 53 0 0.6298586943 0.008105805665 0.6166549992 0.6432226092 0.02656760998 0.6144661318 0.6492663564 0.03480022456 0.0991102953 0.01508842203 0.02055522414 nan nan
201 73174 75 75 0 0.7517139341 0.004337218109 0.7424482474 0.7549949309 0.01254668348 0.7407941625 0.7554451882 0.01465102569 -0.7349255137 0.009265686695 0.01091977159 nan nan
202 74484 205 205 0 0.4447382342 0.002493703334 0.4409977187 0.4491353778 0.008137659134 0.4402548701 0.4514027812 0.01114791111 0.2905963367 0.005306584083 0.007573987469 nan nan
203 75295 113 113 0 0.48525083 0.004574024718 0.4779647765 0.4936659806 0.01570120417 0.4770507614 0.4971449668 0.02009420544 0.306495762 0.00867766346 0.01215664964 nan nan
204 74995 108 108 0 0.5883024261 0.006843320935 0.5775085932 0.5992196115 0.02171101834 0.5752641839 0.603159099 0.02789491508 0.09827170034 0.01212659058 0.01471364729 nan nan
205 75394 113 113 0 0.6108117639 0.007469955964 0.5994664122 0.6229146444 0.02344823216 0.5956872957 0.6272888321 0.03160153634 0.1118181523 0.01347150191 0.0158727454 nan nan
206 78088 62 62 0 0.7079134722 0.003766163878 0.6988760311 0.7107900662 0.01191403503 0.6984109875 0.7111555837 0.01274459622 -0.7023181184 0.01004161499 0.01050665865 nan nan
207 74751 58 58 0 0.6766099343 0.01021718432 0.6600217055 0.6916087892 0.03158708367 0.6565360797 0.6961783144 0.03964223477 -0.07639601262 0.01770707671 0.02024164442 nan nan
208 75684 143 143 0 0.4657963941 0.005107955928 0.4587570912 0.4746665267 0.0159094355 0.4572943156 0.4760505254 0.01875620984 0.1904914469 0.008651208622 0.009887565596 nan nan
209 77286 80 80 0 0.5805392763 0.008064026734 0.5685927191 0.5946270773 0.02603435818 0.565085957 0.5978336522 0.03274769523 0.1127217059 0.01506283191 0.01773894151 nan nan
210 75792 97 97 0 0.6348859573 0.007523425463 0.6229511516 0.6467505423 0.02379939078 0.6199221952 0.648887401 0.02896520573 -0.04329520285 0.01283370073 0.01542970636 nan nan
211 75431 122 122 0 0.7409871128 0.01358779685 0.7163288954 0.7589630699 0.0426341745 0.710733612 0.7612629211 0.05052930905 -0.3718675821 0.02451154696 0.0301068304 nan nan
212 74738 52 52 0 0.722734106 0.01339596032 0.6986187265 0.7371779794 0.03855925285 0.6947885376 0.7389598113 0.04417127369 -0.2644398954 0.02075458767 0.02376715729 nan nan
213 76879 70 70 0 0.5085638365 0.005538352179 0.4987759652 0.5167756788 0.01799971365 0.4957801601 0.5191166149 0.02333645482 -0.1727633405 0.01021944629 0.01187369531 nan nan
214 83339 121 121 0 0.5367787904 0.004708224509 0.5299234969 0.5455025172 0.01557902035 0.5282480809 0.5463136845 0.01806560362 0.2156460824 0.009544327985 0.01035549521 nan nan
215 76462 129 129 0 0.4501230586 0.002333402752 0.4470969237 0.4545996028 0.00750267915 0.4465876208 0.4558227917 0.009235170845 0.4564586887 0.005155469249 0.006378658088 nan nan
216 76343 68 68 0 0.5098592246 0.004666209606 0.5068885606 0.5203177671 0.01342920642 0.5065339217 0.5233395271 0.0168056054 0.9944776607 0.00884224175 0.01186400177 nan nan
217 74850 53 53 0 0.4428638651 0.003375953677 0.4375682584 0.4484228664 0.01085460801 0.4361787451 0.4497863228 0.01360757769 -0.0246585083 0.006150557887 0.007125277706 nan nan
218 79912 99 99 0 0.7328034039 0.009338615877 0.7159004386 0.7455191581 0.02961871958 0.7130299512 0.7479660034 0.03493605224 -0.1529741011 0.01569056574 0.01785995815 nan nan
219 76043 90 90 0 0.4413019833 0.003339434619 0.4366309705 0.447376305 0.01074533448 0.4353769959 0.449798311 0.01442131513 0.3161258926 0.006102945032 0.008101768559 nan nan
220 80077 76 76 0 0.6514521571 0.01051745683 0.6354370957 0.6682527878 0.03281569207 0.631587257 0.671381094 0.03979383701 -0.004916963669 0.01841447494 0.02041446853 nan nan
221 86199 237 237 0 0.7304324602 0.006930885909 0.7182891518 0.7397307936 0.02144164179 0.7162743541 0.7410488925 0.02477453838 -0.1752656024 0.01190359422 0.01391839197 nan nan
222 80174 132 132 0 0.7510874199 0.005559338972 0.7416875854 0.7593544994 0.01766691399 0.7411213775 0.7605733486 0.01945197111 -0.1725767037 0.009324847349 0.01054369659 nan nan
223 83275 65 65 0 0.517743907 0.005282267434 0.5085212006 0.5254256842 0.01690448369 0.5057302059 0.5281539927 0.02242378686 -0.1419056434 0.009935650272 0.01266383056 nan nan
224 83256 297 297 0 0.4563016244 0.002695223875 0.451960522 0.4608856084 0.008925086392 0.4511400991 0.4632005786 0.01206047953 0.08093292353 0.005991111313 0.008306081505 nan nan
225 81258 71 71 0 0.4756345096 0.003077190514 0.4707715441 0.4809214896 0.0101499455 0.4695554519 0.4816184578 0.01206300594 0.01228317332 0.005527821974 0.006615675305 nan nan
226 78827 93 93 0 0.4480161508 0.003342606821 0.4431253698 0.4541114898 0.01098611998 0.442144144 0.45691721 0.01477306599 0.2886756521 0.006139361938 0.008354378099 nan nan
227 83935 81 81 0 0.7508755561 0.002397977332 0.7453498586 0.7530791117 0.007729253141 0.7446189578 0.7535279948 0.008909036983 -0.9153464477 0.007099203206 0.007830103978 nan nan
228 82985 157 157 0 0.7642886808 0.002060367977 0.7604316392 0.7672155261 0.006783886861 0.7589568711 0.7681091565 0.009152285312 -0.3033963835 0.005128585228 0.006603353302 nan nan
229 90600 108 108 0 0.5545834858 0.006625285045 0.5452768087 0.5662757513 0.02099894257 0.5437891561 0.5695562352 0.02576707915 0.1878422714 0.01168407684 0.01400006681 nan nan
230 84985 173 173 0 0.70290255 0.009649336124 0.6849824652 0.7149299275 0.0299474623 0.6818006944 0.7163545938 0.03455389938 -0.333309339 0.01814847015 0.02133024096 nan nan
231 79611 51 51 0 0.4662783925 0.005624096091 0.4586813638 0.4760046877 0.01732332396 0.4570277307 0.4780205281 0.02099279746 0.1958986953 0.009598582066 0.01095751151 nan nan
232 85006 83 83 0 0.7208853682 0.01502717118 0.6955619485 0.7441173597 0.04855541118 0.6950063958 0.7485988114 0.0535924156 -0.1132604587 0.02551456401 0.02771344318 nan nan
233 93015 78 78 0 0.6018788127 0.008459762605 0.588870785 0.6164001734 0.02752938843 0.5871168234 0.6218811669 0.03476434348 0.1617893823 0.01552935763 0.02101035107 nan nan
234 91002 87 87 0 0.576473017 0.007118150453 0.5656596184 0.5897056007 0.02404598227 0.5615328444 0.5943321138 0.03279926937 0.1764877024 0.0148234153 0.01944932074 nan nan
235 80834 71 71 0 0.4518848868 0.00260949527 0.4483543846 0.4566250776 0.008270693009 0.4476062314 0.4576204503 0.01001421891 0.2813802131 0.00460571427 0.005601086967 nan nan
236 84069 81 81 0 0.4670873736 0.003126466293 0.4618540991 0.4720563911 0.01020229201 0.4602805512 0.4741677619 0.0138872107 0.01241504267 0.005703869952 0.007172977704 nan nan
237 88993 234 234 0 0.5345225679 0.003533039631 0.529123973 0.5406945557 0.01157058271 0.5282383466 0.5435778427 0.01533949613 0.2323373577 0.007067688094 0.009950975135 nan nan
238 86978 150 150 0 0.5470538233 0.00548795258 0.5384530338 0.5564520174 0.01799898352 0.535468404 0.5591051432 0.0236367392 0.06400435359 0.0104019601 0.01221580197 nan nan
239 85566 63 63 0 0.5093483009 0.004413509834 0.5061290074 0.5194650878 0.01333608039 0.5057299942 0.5216507461 0.01592075187 0.8884767886 0.007290942548 0.009476600815 nan nan
240 87788 112 112 0 0.5636128211 0.005135093979 0.5548948516 0.5718578019 0.01696295029 0.5511537123 0.5736664221 0.02251270977 -0.1139300407 0.00972802445 0.01234667109 nan nan
241 91438 194 194 0 0.6737604668 0.007881458675 0.6588907591 0.6852801071 0.02638934803 0.6535769752 0.6873640002 0.03378702498 -0.2970714431 0.01427234035 0.01952918586 nan nan
242 89844 201 201 0 0.7627974992 0.008226332443 0.7431199077 0.7694171776 0.02629726986 0.7354808003 0.7701222042 0.03464140391 -0.9788143015 0.02028469721 0.02792380469 nan nan
243 95842 263 263 0 0.6043472893 0.008663943221 0.5894625811 0.6183843882 0.02892180714 0.5843031116 0.6235713953 0.03926828362 -0.03287991457 0.01648108713 0.02061863579 nan nan
244 83229 56 56 0 0.4857843056 0.005647062746 0.4787906629 0.4971285757 0.01833791277 0.4766916447 0.4998560083 0.02316436361 0.3617949393 0.009808663607 0.01221356856 nan nan
245 95443 244 244 0 0.6271677595 0.008730616674 0.6129361584 0.6419658286 0.02902967024 0.6075647353 0.6472826506 0.03971791532 0.02637369805 0.01654025352 0.02100167426 nan nan
246 93446 224 224 0 0.6508839812 0.008964187277 0.6353907116 0.6654093172 0.03001860551 0.6299123523 0.6701157226 0.0402033703 -0.0632841172 0.01686234237 0.02135514522 nan nan
247 86776 53 53 0 0.590603471 0.009323552973 0.5763683665 0.6047426988 0.02837433231 0.5733631701 0.6054447318 0.03208156172 -0.03501026256 0.01575138282 0.01635221779 nan nan
248 83640 54 54 0 0.4707777267 0.003835599157 0.4641426717 0.4764567027 0.01231403096 0.4627238753 0.4781179916 0.01539411631 -0.1706167306 0.006900209096 0.007837443594 nan nan
249 88110 61 61 0 0.4826871757 0.005178654542 0.4744218077 0.4900101143 0.0155883066 0.4733651731 0.4926059895 0.01924081639 -0.02678612659 0.009192670408 0.009771791334 nan nan
250 95422 109 109 0 0.5355959006 0.004462799626 0.5300753814 0.5441031682 0.01402778674 0.5290373367 0.5467756164 0.01773827974 0.3787215379 0.007957321004 0.01062976922 nan nan
251 87679 90 90 0 0.4868746203 0.00597328193 0.4794229383 0.4976621705 0.01823923223 0.4774179137 0.5001265379 0.02270862421 0.3488543199 0.01015772284 0.01237762021 nan nan
252 89293 95 95 0 0.5169519453 0.007209630853 0.5059789979 0.5285089503 0.02252995238 0.5031174488 0.5308685954 0.0277511466 0.04096963353 0.01215036298 0.01395983743 nan nan
253 96263 261 261 0 0.7567100416 0.007965947565 0.7420696032 0.767185405 0.02511580178 0.7407589313 0.7683653531 0.0276064218 -0.2444523155 0.01479619779 0.01610686971 nan nan
254 90117 145 145 0 0.4624387294 0.002094209262 0.4597819742 0.4667782295 0.006996255329 0.4591549614 0.4681306649 0.008975703446 0.536543466 0.005554510336 0.006906945697 nan nan
255 91347 55 55 0 0.5285481187 0.00690364331 0.5175333747 0.5384479137 0.02091453905 0.5141595115 0.5392871728 0.02512766128 0.003014477536 0.01216163247 0.01553549561 nan nan
256 99061 53 53 0 0.4885736371 0.003088643128 0.4860661636 0.496185512 0.01011934842 0.4858276746 0.4974672734 0.0116395988 1.279705917 0.007611874938 0.008893636334 nan nan
257 97245 79 79 0 0.7281592051 0.01096952472 0.710655333 0.7429894322 0.0323340992 0.705310604 0.7450593659 0.03974876196 -0.2027531217 0.01902121389 0.02436594297 nan nan
258 94534 67 67 0 0.5006909253 0.006367176153 0.4898410333 0.5112864562 0.02144542288 0.4885423408 0.5132742473 0.02473190644 0.01910043598 0.01253006165 0.01451785274 nan nan
259 100594 214 214 0 0.7050130123 0.01180183454 0.6895937845 0.7258725478 0.03627876329 0.6843360216 0.7292962155 0.04496019398 0.2109149479 0.02079682534 0.02421105664 nan nan
260 89153 54 54 0 0.3305948404 0.006716956422 0.3201488977 0.3404885517 0.02033965392 0.3162768477 0.3450279309 0.02875108321 -0.1198996234 0.0123584252 0.01601438461 nan nan
261 93347 50 50 0 0.4701991419 0.002951422387 0.4649636119 0.4749282056 0.009964593693 0.4645305256 0.4765081607 0.01197763508 -0.1076935237 0.005713714411 0.00729366942 nan nan
262 91158 50 50 0 0.3338432124 0.005732830026 0.3235404812 0.3418304005 0.01828991937 0.3217089496 0.3435358059 0.02182685626 -0.2649684305 0.01014377962 0.01120261713 nan nan
263 94858 59 59 0 0.5084646881 0.004348124584 0.5054452801 0.5183691049 0.01292382482 0.5051195944 0.5207182655 0.01559867117 0.9479780317 0.008425262884 0.01077442353 nan nan
264 98040 75 75 0 0.7492102847 0.004373060398 0.7371424864 0.7515656228 0.01442313635 0.7329554703 0.7518764305 0.01892096026 -1.452174764 0.01429017668 0.01847719282 nan nan
265 96139 170 170 0 0.4665700188 0.002348714225 0.4634204276 0.4712782809 0.007857853297 0.4627702335 0.4730133278 0.01024309431 0.4157461492 0.005219918703 0.006954965625 nan nan
266 99440 76 76 0 0.7502170418 0.009198654566 0.735239066 0.7641209352 0.02888186926 0.7292928129 0.7675153488 0.0382225359 -0.1382123421 0.01615096174 0.02131284494 nan nan
267 107040 103 103 0 0.5397520801 0.004782587753 0.5337991754 0.5488567892 0.01505761381 0.5327450832 0.5518050947 0.0190600115 0.3648799573 0.008291618396 0.01123992385 nan nan
268 108496 93 93 0 0.5526551085 0.005274260421 0.5443703744 0.5618718116 0.01750143716 0.5425096178 0.564924686 0.02241506822 0.1257723875 0.009828794621 0.01226957746 nan nan
269 104081 238 238 0 0.7703861239 0.003085296063 0.7640430303 0.7739651334 0.009922103171 0.7580648742 0.7748388818 0.01677400763 -1.023540648 0.008601263677 0.01457941976 nan nan
270 105932 228 228 0 0.5553190306 0.006707883916 0.5455378288 0.5671657809 0.02162795206 0.5421394628 0.5710485567 0.02890909383 0.1014465604 0.01259473968 0.0159081772 nan nan
271 98764 78 78 0 0.3085169069 0.004517057917 0.3008579719 0.3159040652 0.0150460933 0.2991007214 0.317038367 0.01793764563 -0.1113686949 0.008125670283 0.009824922021 nan nan
272 110635 198 198 0 0.5954489872 0.007669082618 0.5830683235 0.6081692232 0.02510089974 0.5799373378 0.6129294066 0.03299206887 0.05354443449 0.01419687585 0.01683616612 nan nan
273 111650 210 210 0 0.5781104534 0.006720448271 0.5681621455 0.589738789 0.02157664354 0.5650993311 0.5945161962 0.02941686511 0.1459691091 0.01265938691 0.01512707905 nan nan
274 99562 56 56 0 0.2873172245 0.00422628516 0.2802828339 0.2939269705 0.01364413661 0.2774759878 0.2966715798 0.01919559205 -0.01961189619 0.008214046454 0.01049467861 nan nan
275 111641 246 246 0 0.5436039591 0.003222414906 0.538600987 0.5487200467 0.0101190597 0.5375886773 0.5512461652 0.01365748789 0.0854640437 0.006465667991 0.008991786443 nan nan
276 100073 78 78 0 0.471585354 0.003240211721 0.4679526892 0.4783546565 0.01040196727 0.4676589409 0.4801327627 0.01247382174 0.6285237438 0.009735333307 0.01151343949 nan nan
277 109268 116 116 0 0.7392644335 0.01329180365 0.7165466783 0.7578980949 0.04135141664 0.7128395773 0.762532399 0.04969282168 -0.1512468395 0.0227548617 0.02576831407 nan nan
278 102286 82 82 0 0.3022993068 0.005687553174 0.2927479799 0.3110746647 0.01832668475 0.2900823784 0.3136602247 0.02357784627 -0.01240991228 0.01047207375 0.01302588598 nan nan
279 112377 56 56 0 0.7272644108 0.006396313687 0.7117905795 0.7312542875 0.01946370803 0.7101683433 0.7315413539 0.02137301059 -0.8731300677 0.01439391661 0.01601615281 nan nan
280 109609 187 187 0 0.7468668317 0.00901385949 0.7313383544 0.7596650076 0.02832665321 0.727873482 0.7630968381 0.03522335603 -0.1695264166 0.01577178011 0.01863543287 nan nan
281 111968 79 79 0 0.5685794284 0.005898145335 0.5592736941 0.5782951903 0.01902149614 0.5562822178 0.581430794 0.0251485762 0.01498862181 0.01165231406 0.01478791778 nan nan
282 104605 54 54 0 0.2652389687 0.002254509931 0.2627478975 0.2699320222 0.007184124757 0.2619586413 0.2704517745 0.008493133257 0.4757035847 0.004786572116 0.005306324435 nan nan
283 106093 53 53 0 0.3144870445 0.002933346696 0.3098972095 0.3194327944 0.009535584934 0.3087609146 0.3203759572 0.01161504258 0.06359113369 0.005283675918 0.005888912711 nan nan
284 112328 217 217 0 0.6717086274 0.01164673079 0.6529110099 0.6884646961 0.03555368619 0.6484161742 0.6907564572 0.04234028299 -0.1161233237 0.01928532136 0.02288674967 nan nan
285 106107 88 88 0 0.2774835265 0.00495925264 0.2698898393 0.2852460009 0.01535616163 0.2674681602 0.2865136104 0.01904545021 -0.008605763781 0.008988666008 0.01020253987 nan nan
286 115586 304 304 0 0.7757680212 0.006676765131 0.7597036771 0.7808233819 0.02111970481 0.7497302083 0.7819277544 0.03219754608 -1.282499623 0.01696780193 0.02694127072 nan nan
287 117019 59 59 0 0.5759600253 0.008423668361 0.5602389352 0.5856936131 0.02545467789 0.5571038692 0.5913597932 0.03425592402 -0.2718794607 0.0149377212 0.01766610079 nan nan
288 109691 57 57 0 0.4351927776 0.001560733086 0.4328999875 0.437592395 0.00469240751 0.4323210171 0.4377375173 0.005416500288 -0.1002446062 0.003048777977 0.003627748394 nan nan
289 115814 76 76 0 0.5893095107 0.007654112366 0.57712232 0.6011427424 0.02402042233 0.574004198 0.6046188724 0.03061467437 0.0671810439 0.01446970446 0.01758782651 nan nan
290 114958 57 57 0 0.7480657361 0.002782487602 0.7415865336 0.7504485168 0.008861983213 0.7406735826 0.7507077942 0.01003421158 -0.8523183968 0.008512313793 0.009425264753 nan nan
291 115594 93 93 0 0.6982764592 0.01468783986 0.6733105928 0.7195189165 0.04620832372 0.6713983489 0.7214239737 0.05002562488 -0.1525946633 0.0249658665 0.02687811038 nan nan
292 118341 78 78 0 0.617011728 0.009863815553 0.6025460183 0.6325266338 0.02998061553 0.5988216006 0.6378021075 0.03898050687 0.1970000477 0.01761350123 0.02086131334 nan nan
293 118649 197 197 0 0.6445055717 0.007510216768 0.6320132304 0.6568375725 0.0248243421 0.6274469119 0.6620942609 0.03464734901 -0.02087140719 0.01449622898 0.01752707122 nan nan
294 114177 173 173 0 0.7070921154 0.009026609267 0.6930183254 0.720865653 0.02784732751 0.6903361736 0.7252494896 0.03491331604 0.01252091919 0.01526014354 0.01815737424 nan nan
295 111143 59 59 0 0.3084981751 0.003409173588 0.303071293 0.3134564413 0.01038514826 0.3019711311 0.3147019178 0.0127307867 -0.01833476585 0.006049540963 0.007295017538 nan nan
296 116981 155 155 0 0.7337742714 0.008592972009 0.7217207991 0.7488016204 0.02708082135 0.7170184324 0.7526408665 0.03562243415 0.1590452098 0.01537341698 0.01831079598 nan nan
297 111154 70 70 0 0.2772060755 0.004250238444 0.2705220684 0.2836004473 0.01307837894 0.2696229399 0.2841535884 0.01453064853 -0.01224686122 0.008384479585 0.008937620686 nan nan
298 119490 191 191 0 0.6232616366 0.007300898486 0.6119914921 0.6356893721 0.02369788006 0.6081917731 0.6387087043 0.03051693118 0.04038977006 0.01350639568 0.0156826488 nan nan
299 119797 333 333 0 0.7693794347 0.00751755626 0.7540844554 0.7779348885 0.02385043308 0.7483735102 0.780332827 0.03195931676 -0.532426523 0.01529776379 0.02100870898 nan nan
300 114063 61 61 0 0.2920975432 0.003751637969 0.2863990475 0.2977297512 0.01133070366 0.285607814 0.2985105986 0.01290278461 0.003813140747 0.006655998927 0.007436846359 nan nan
301 120605 109 109 0 0.5506918992 0.004527970711 0.5437238695 0.5585390254 0.01481515589 0.5419409117 0.5616538522 0.01971294049 0.1611161553 0.008540312969 0.01096195296 nan nan
302 115680 63 63 0 0.4126448683 0.001667807081 0.4097639593 0.4151314957 0.005367536464 0.4096194256 0.415654189 0.006034763462 -0.002955467666 0.002975246591 0.003025442699 nan nan
303 115738 75 75 0 0.2777090194 0.004552246294 0.2705290202 0.2842742839 0.01374526366 0.2696318911 0.2851066991 0.01547480793 0.008667510017 0.00731025931 0.008112453725 nan nan
304 118636 108 108 0 0.5661270636 0.005081799414 0.5586374225 0.5750415856 0.01640416318 0.5564404104 0.5783047114 0.02186430099 0.1574411264 0.009428137626 0.0121750212 nan nan
305 121513 149 149 0 0.7482977508 0.01329748422 0.7247241052 0.7657446722 0.04102056704 0.7204419846 0.7692752302 0.04883324564 -0.2271156309 0.02508838701 0.0293705076 nan nan
306 122033 176 176 0 0.5532326521 0.003137849047 0.5486903221 0.5588737687 0.01018344657 0.5477762866 0.5622002734 0.0144239868 0.4094289366 0.006952841106 0.01027934578 nan nan
307 124894 78 78 0 0.5634342569 0.005024350659 0.5551360739 0.5711560755 0.0160200016 0.5523438341 0.5739207413 0.02157690724 -0.07318598812 0.009682358148 0.01155400786 nan nan
308 126427 54 54 0 0.7296149175 0.005727515874 0.715466271 0.7329332565 0.01746698549 0.7099274902 0.733337725 0.02341023484 -1.418293986 0.01430165429 0.01984043509 nan nan
309 123246 76 76 0 0.4908001342 0.004286146121 0.4876620804 0.499660613 0.01199853262 0.4873369865 0.4998916096 0.01255462309 0.5726524555 0.01185041065 0.01208140729 nan nan
310 122340 174 174 0 0.675900126 0.00996799067 0.6602917211 0.6908552696 0.0305635485 0.6561798133 0.6926009174 0.03642110419 -0.07525882221 0.0166088019 0.01932314892 nan nan
311 126101 274 274 0 0.782063637 0.005177147709 0.769756675 0.7863789791 0.0166223041 0.7643928305 0.7874538113 0.0230609808 -1.119150425 0.01363512947 0.018998974 nan nan
312 127875 66 66 0 0.6697779956 0.01089724513 0.6474227859 0.6831989171 0.03577613118 0.6439947433 0.6862769639 0.04228222059 -0.4341767498 0.02179564667 0.02522368922 nan nan
313 122137 54 54 0 0.499392024 0.0005827932497 0.4984787384 0.5003541454 0.001875407029 0.4982375954 0.500503879 0.002266283575 0.01896904037 0.001091449691 0.001332592628 nan nan
314 124351 125 125 0 0.7065865377 0.007653405632 0.6940469666 0.7181159822 0.02406901557 0.6929383663 0.720331256 0.02739288969 -0.02599541746 0.01273873421 0.01395523784 nan nan
315 128076 61 61 0 0.5786757383 0.005659509888 0.5703428258 0.588175078 0.01783225229 0.5678480457 0.591530679 0.02368263327 0.1751856152 0.01052830913 0.01315432414 nan nan
316 124622 169 169 0 0.5980803065 0.01003833273 0.5833413388 0.6145008474 0.03115950867 0.5798499292 0.6183490376 0.03849910837 0.06841579773 0.01686056513 0.01940394683 nan nan
317 126422 67 67 0 0.626295689 0.01303100671 0.6078902546 0.6434510777 0.03556082306 0.604755668 0.6443497126 0.03959404463 -0.02791084829 0.01854411259 0.02154002105 nan nan
318 130158 229 229 0 0.7349534223 0.009400544825 0.7210813517 0.7528733345 0.03179198273 0.7169797869 0.7577248754 0.04074508853 0.2688767451 0.01773786391 0.02228208044 nan nan
319 130116 73 73 0 0.5987271447 0.008318734067 0.5869633183 0.6125595695 0.02559625127 0.5845436205 0.6181890755 0.03364545499 0.1738429273 0.0144879596 0.02011746556 nan nan
320 129256 184 184 0 0.5785077444 0.006933576256 0.5675978865 0.5904552333 0.0228573469 0.563405242 0.5925566942 0.02915145221 0.05461383772 0.01271936594 0.01529167925 nan nan
321 130414 84 84 0 0.5587249323 0.004825764067 0.5516906 0.5671602913 0.01546969126 0.5504595297 0.5702727157 0.01981318599 0.3027907552 0.008570467084 0.01122846486 nan nan
322 129580 258 258 0 0.763191694 0.01151917637 0.7433785 0.7803162454 0.03693774539 0.7383879891 0.7825986246 0.04421063546 -0.1573398783 0.02109576764 0.02608627856 nan nan
323 129834 152 152 0 0.5606094969 0.003136852068 0.5561977692 0.5665623755 0.01036460622 0.5551760535 0.5692595657 0.01408351222 0.4157436603 0.007294652538 0.009991842767 nan nan
324 134590 334 334 0 0.7657947275 0.01477690326 0.7370203487 0.7832699045 0.04624955581 0.7316607108 0.7861979544 0.05453724359 -0.3737671609 0.02795359953 0.03331323742 nan nan
325 131876 60 60 0 0.6285069707 0.01069852451 0.6144562837 0.6464467205 0.03199043684 0.6095535061 0.652633056 0.04307954991 0.1782764518 0.018227073 0.02184967998 nan nan
326 132535 156 156 0 0.7052044533 0.01757005587 0.6780664737 0.7302669442 0.05220047049 0.6762178874 0.7352649091 0.05904702171 -0.106763044 0.02677631409 0.03156598443 nan nan
327 132832 68 68 0 0.6539712135 0.01421273718 0.6288551995 0.6716912976 0.04283609814 0.6286145723 0.6746061879 0.04599161562 -0.07420101719 0.02633289582 0.02924778612 nan nan
328 135139 331 331 0 0.6424048907 0.01077900984 0.6253846701 0.6591960006 0.03381133043 0.6197467991 0.6635001575 0.04375335845 -0.03435726714 0.01910694152 0.02453316867 nan nan
329 134556 281 281 0 0.6764010645 0.009468203652 0.6618242713 0.6913401114 0.02951584009 0.6570709351 0.6934346679 0.03636373283 -0.0157165037 0.01600306982 0.02075640606 nan nan
330 136318 288 288 0 0.6096068416 0.00946472321 0.5953251252 0.6249775507 0.02965242548 0.5920519569 0.6300818501 0.03802989325 0.08775485599 0.01617191102 0.02069765133 nan nan
331 133677 189 189 0 0.7091105194 0.01034003194 0.6947197493 0.7272841289 0.03256437964 0.69349468 0.7314993134 0.03800463343 0.2210326614 0.01719604355 0.02060787964 nan nan
332 139913 591 591 0 0.790865291 0.004094605623 0.7841894477 0.7975406035 0.01335115586 0.7816147127 0.7993199253 0.01770521254 -0.06892976373 0.009369626277 0.01194436121 nan nan
333 136299 65 65 0 0.5804798361 0.008227670859 0.5688206854 0.5941191072 0.0252984218 0.566155129 0.5966588668 0.03050373777 0.1157700422 0.01372856564 0.01534581401 nan nan
334 137188 83 83 0 0.5657710797 0.004794147673 0.5589093699 0.5737531102 0.01484374038 0.5575604876 0.5767177434 0.01915725583 0.3302477847 0.008172865469 0.01096779151 nan nan
335 135715 128 128 0 0.5678860762 0.00361428849 0.5632862734 0.575181249 0.01189497558 0.5625001559 0.5781197845 0.01561962862 0.5670159408 0.008793878383 0.01173241384 nan nan
336 137288 72 72 0 0.7085264345 0.01414011651 0.6846412591 0.7278868372 0.04324557812 0.6824671624 0.7307720078 0.04830484541 -0.1257246836 0.02597234823 0.02814644493 nan nan
337 142875 411 411 0 0.7773925499 0.00901235248 0.758958116 0.7886508811 0.02969276509 0.7538959519 0.7917825829 0.03788663103 -0.4223544665 0.01649755842 0.02119718773 nan nan
338 141120 68 68 0 0.6253667105 0.01203513589 0.6062625352 0.6431372038 0.03687466859 0.6027116233 0.6470129258 0.04430130246 0.0205638383 0.02106451322 0.02264694323 nan nan
339 141333 60 60 0 0.6111098784 0.009310928335 0.5979903926 0.6258345095 0.02784411696 0.5956402328 0.6317329518 0.03609271908 0.1524611534 0.01637286416 0.01935041793 nan nan
340 139865 174 174 0 0.5786416356 0.007571711863 0.5702261649 0.5934376837 0.0232115188 0.5689460507 0.5958901905 0.02694413971 0.4130001075 0.01385021114 0.01630271788 nan nan
341 142570 226 226 0 0.7445447693 0.009426559725 0.7257542758 0.7560291 0.03027482418 0.7211927824 0.7601715507 0.0389787683 -0.3730570355 0.01860099969 0.02011344619 nan nan
342 141926 55 55 0 0.6443689719 0.01104024177 0.627835055 0.663753006 0.03591795105 0.6247952853 0.6686820589 0.04388677368 0.2458800058 0.02200790522 0.02693695815 nan nan
343 142823 61 61 0 0.5851614737 0.007735017751 0.5746567326 0.598096583 0.02343985039 0.5722586145 0.6003005624 0.02804194786 0.1906038165 0.01262437023 0.01462224554 nan nan
344 142530 81 81 0 0.5710106677 0.004569473566 0.5652166678 0.5798188842 0.01460221635 0.5638260843 0.5803145743 0.01648849004 0.2736973633 0.008618105972 0.0091137961 nan nan
345 142010 72 72 0 0.6804597914 0.01396531751 0.6576892953 0.7002731687 0.04258387346 0.6528121413 0.7043875578 0.05157541658 -0.102489691 0.0240442073 0.02731859431 nan nan
346 141732 56 56 0 0.4923148642 0.004136428348 0.489744679 0.5021364577 0.0123917787 0.4894032188 0.5044399629 0.01503674411 1.094500938 0.007725183348 0.01002868862 nan nan
347 143454 199 199 0 0.7068356823 0.01034708659 0.6921999385 0.725986087 0.03378614849 0.6884370249 0.7283111644 0.03987413951 0.1905884213 0.01911314222 0.02143821964 nan nan
348 146472 204 204 0 0.7279481407 0.01387547753 0.7048286359 0.7474080399 0.04257940408 0.6974558143 0.7514402446 0.05398443037 -0.1468349405 0.02390064967 0.02881323805 nan nan
349 147951 407 407 0 0.7950953577 0.01478910306 0.7580596294 0.8042375048 0.04617787532 0.7522179756 0.8060030803 0.05378510464 -0.9423874585 0.03721747388 0.04305912767 nan nan
350 147290 84 84 0 0.5764817546 0.003644639724 0.5715112565 0.583149935 0.01163867855 0.570202469 0.5846687118 0.01446624285 0.2276774509 0.006600507283 0.007822232165 nan nan
351 146101 112 112 0 0.5807986588 0.003689198176 0.5768047204 0.5890520735 0.01224735318 0.5760872243 0.5921992992 0.0161120749 0.9069245618 0.009983795202 0.01313102086 nan nan
352 144922 116 116 0 0.6042683815 0.008717563603 0.5932305078 0.6199776693 0.02674716146 0.5898843477 0.6234624148 0.0335780671 0.2656094089 0.01641806508 0.01990281063 nan nan
353 148804 243 243 0 0.6789513978 0.008812833789 0.6635319634 0.692175752 0.02864378863 0.6587257994 0.693412302 0.03468650255 -0.1688292056 0.01613268155 0.01785673584 nan nan
354 146416 172 172 0 0.6435188824 0.01037368803 0.6270525851 0.6598656979 0.03281311278 0.6220530816 0.6628489335 0.04079585187 -0.04648614618 0.01816397491 0.02182160798 nan nan
355 149067 59 59 0 0.6180048086 0.01019240212 0.603535748 0.6347746419 0.03123889391 0.6011604693 0.6394780265 0.0383175572 0.1989526594 0.01821482393 0.01946528525 nan nan
356 149070 74 74 0 0.5935175722 0.00745382222 0.5836846717 0.6065265279 0.02284185611 0.5798436922 0.6066505642 0.02680687203 0.2032257194 0.01297179726 0.01378418869 nan nan
357 148363 60 60 0 0.4279106954 0.001610385077 0.4251732948 0.4301629473 0.004989652514 0.4245458642 0.4301754716 0.005629607417 -0.3003425639 0.003053109116 0.00306563346 nan nan
358 149113 136 136 0 0.7295657325 0.007670276078 0.7197460551 0.7430014687 0.02325541365 0.7147856608 0.7471675211 0.03238186034 0.117328091 0.01442898176 0.01757148738 nan nan
359 155018 417 417 0 0.7768838384 0.01176745983 0.755692481 0.7932110049 0.03751852385 0.7472363267 0.7968031417 0.04956681498 -0.2498782939 0.02209001266 0.030546167 nan nan
360 149179 55 55 0 0.4936113004 0.004367064651 0.4905178571 0.5030648435 0.01254698644 0.4902235914 0.5052047904 0.01498119899 0.900024047 0.008423784343 0.01056373123 nan nan
361 150562 184 184 0 0.5886408814 0.005237899721 0.5826611422 0.6000216879 0.01736054574 0.5814755739 0.6059679385 0.02449236456 0.9751285228 0.012480121 0.01842637158 nan nan
362 149387 114 114 0 0.618833011 0.00815021926 0.6058641672 0.6319488312 0.02608466396 0.6021165007 0.6362556402 0.03413913946 0.06485291189 0.01535055557 0.0186583866 nan nan
363 151230 92 92 0 0.6769092153 0.01409496953 0.6539648275 0.6968098041 0.0428449766 0.6520983057 0.7007026068 0.04860430105 -0.08394865802 0.02355376523 0.02518061189 nan nan
364 151767 121 121 0 0.7069129666 0.006746656689 0.6973196094 0.7203298817 0.02301027236 0.6965388189 0.7205136183 0.02397479941 0.042644474 0.01353733371 0.01372107032 nan nan
365 155628 496 496 0 0.7998755793 0.01746031374 0.7558702425 0.8120567904 0.05618654789 0.7468272111 0.8155337902 0.06870657913 -1.060257886 0.04389667957 0.05293971096 nan nan
366 153030 50 50 0 0.7128245413 0.009387278713 0.6962224993 0.7250289544 0.02880645513 0.6943439697 0.7259172142 0.03157324445 -0.2141387767 0.01681358455 0.01869211409 nan nan
367 157373 451 451 0 0.8046981191 0.006710521221 0.7921647425 0.8133891258 0.02122438327 0.7876891452 0.8147295928 0.02704044757 -0.3373416449 0.0129632921 0.01743888941 nan nan
368 155082 53 53 0 0.628089156 0.01157776431 0.6114012137 0.6462381885 0.03483697477 0.6103669923 0.6504662291 0.04009923676 0.0970706836 0.0187886896 0.02301673022 nan nan
369 154665 57 57 0 0.6240148293 0.009657427696 0.6072659713 0.6363283321 0.02906236079 0.606762251 0.6376250514 0.03086280039 -0.08094099974 0.01674885796 0.01725257824 nan nan
370 155284 230 230 0 0.6634990352 0.01268921191 0.6442496088 0.6852599488 0.04101034003 0.6403898274 0.6854514172 0.04506158979 0.1062376317 0.02251947251 0.02271094086 nan nan
371 153800 92 92 0 0.5959673474 0.005053867378 0.5919254096 0.607746783 0.01582137339 0.5911273611 0.6099853444 0.0188579833 0.8534138813 0.01174462349 0.0139831849 nan nan
372 155671 52 52 0 0.6700307555 0.01265791159 0.6491866133 0.6890649387 0.03987832544 0.6457686136 0.692240055 0.04647144143 -0.0440599335 0.02175448128 0.02446638883 nan nan
373 155862 201 201 0 0.6340551357 0.00901189898 0.6180579225 0.6477709669 0.02971304438 0.6137357111 0.6524223581 0.038686647 -0.09540879938 0.01781045732 0.02005521135 nan nan
374 157353 345 345 0 0.7471271937 0.01067464951 0.7294567431 0.765769768 0.03631302484 0.7242089149 0.7716550225 0.04744610757 0.04925276205 0.01966840518 0.02431379417 nan nan
375 155412 52 52 0 0.4863579879 0.0006953353328 0.4851341466 0.4873228922 0.002188745576 0.4850163928 0.4875560386 0.0025396458 -0.3475346055 0.0011910208 0.001424167167 nan nan
376 157023 98 98 0 0.6008523436 0.00432322654 0.5968650406 0.6110026081 0.01413756756 0.5960315853 0.6132146888 0.01718310352 0.9334182832 0.01167403217 0.0138861129 nan nan
377 156665 55 55 0 0.2655061949 0.003984429173 0.2594164802 0.2715651274 0.01214864722 0.2587728604 0.2724325344 0.01365967396 0.01143959816 0.006412988571 0.006926339452 nan nan
378 160543 182 182 0 0.6973511005 0.005657116639 0.6893936464 0.7078094294 0.01841578304 0.6890906081 0.7085293079 0.01943869981 0.2313527065 0.01026861732 0.01096960885 nan nan
379 158469 80 80 0 0.6033201587 0.006805527439 0.5933806882 0.6153927493 0.02201206111 0.5918487787 0.6179248538 0.02607607507 0.1774869704 0.01269041461 0.01422232406 nan nan
380 162289 359 359 0 0.7194626063 0.008581315389 0.7066955753 0.7351684873 0.02847291204 0.7022734042 0.7415524276 0.03927902339 0.2365359728 0.01514105402 0.02076424714 nan nan
381 160886 323 323 0 0.7833540119 0.0215219297 0.7476027959 0.8147951181 0.06719232222 0.7393712833 0.8170611245 0.07768984128 -0.1101866635 0.03948536797 0.0477168806 nan nan
382 158191 103 103 0 0.6067532294 0.004881035205 0.6022434726 0.6180605078 0.01581703521 0.601586836 0.6201242627 0.01853742665 0.8145385626 0.01179774567 0.01386150052 nan nan
383 158857 73 73 0 0.7078338102 0.01379121901 0.6844010099 0.7271720653 0.04277105541 0.6810332432 0.7295351117 0.04850186856 -0.1526347014 0.02466160183 0.02802936857 nan nan
384 160213 66 66 0 0.6313389779 0.01123687707 0.6172398208 0.6512844961 0.03404467535 0.6161567635 0.6532339922 0.03707722872 0.2655683982 0.02350532224 0.02545481832 nan nan
385 161388 112 112 0 0.6132210909 0.004595047022 0.6078389806 0.622628437 0.01478945641 0.6067610952 0.6262710736 0.01950997843 0.7046113995 0.01094311757 0.01458575419 nan nan
386 160244 73 73 0 0.6609418082 0.007383434937 0.646101456 0.6695376904 0.02343623436 0.6422324039 0.6732267911 0.03099438722 -0.3277257708 0.01513150159 0.01900055367 nan nan
387 163792 55 55 0 0.6578470726 0.01205118517 0.6363033279 0.6728607384 0.03655741053 0.6316269929 0.6763504319 0.044723439 -0.2995740974 0.02112807877 0.02393896018 nan nan
388 163416 115 115 0 0.6210297566 0.00487120129 0.6153263825 0.6312358497 0.01590946717 0.6142303664 0.6355882173 0.0213578509 0.625946214 0.01113348852 0.01548585617 nan nan
389 166897 372 372 0 0.7667990778 0.008054211321 0.7556396883 0.7810591446 0.02541945626 0.7524512202 0.7858595791 0.03340835891 0.1732305944 0.01423711167 0.01784601073 nan nan
390 165416 118 118 0 0.6113766073 0.006576212684 0.6021185039 0.6231887198 0.02107021598 0.5990322148 0.6262089276 0.02717671278 0.2023786105 0.01183585131 0.01362364832 nan nan
391 167159 185 185 0 0.6895801181 0.008350795801 0.6736211681 0.7007046491 0.02708348105 0.6696926331 0.704244107 0.03455147391 -0.3188243023 0.01605125304 0.01997978799 nan nan
392 165194 220 220 0 0.8033051662 0.005421375279 0.7937445639 0.8107948026 0.01705023869 0.7906969965 0.813751039 0.02305404255 -0.185301219 0.00964664411 0.01234160489 nan nan
393 164102 51 51 0 0.6366275417 0.01360138966 0.6132683042 0.6500582578 0.03678995361 0.6126139308 0.6525650038 0.039951073 -0.2202787522 0.02446708255 0.02697382857 nan nan
394 163422 139 139 0 0.6354478554 0.007161742703 0.6268236105 0.6506093492 0.0237857387 0.6245792051 0.6547051565 0.03012595139 0.5810290548 0.01296089453 0.01665035298 nan nan
395 166292 170 170 0 0.645855664 0.007516658236 0.6364670742 0.659911234 0.02344415976 0.6338896214 0.6662830232 0.0323934018 0.417930815 0.01299391357 0.0186557335 nan nan
396 167769 244 244 0 0.8163196144 0.002827144794 0.8107296141 0.8198138787 0.009084264626 0.8064793797 0.8207664669 0.01428708716 -0.7664024695 0.006143949454 0.01039418382 nan nan
397 165693 66 66 0 0.6455944772 0.01166469462 0.6282884725 0.6651232762 0.03683480374 0.6258490679 0.6687890234 0.04293995551 0.09113254676 0.02116553674 0.02360494135 nan nan
398 169702 428 428 0 0.6633035953 0.009416985722 0.6471998498 0.6788925501 0.03169270031 0.6419169518 0.6827905005 0.04087354872 -0.01601091824 0.01984222156 0.0251251196 nan nan
399 171413 186 186 0 0.7468091988 0.004534026833 0.7392049865 0.7533279112 0.0141229247 0.7369167469 0.7544548092 0.01753806234 -0.240750402 0.00776533467 0.009097741741 nan nan
400 170610 444 444 0 0.8116607355 0.01959648952 0.7679339659 0.8294879825 0.06155401652 0.7559820896 0.8316177081 0.07563561854 -0.7196815459 0.04322714996 0.05517902629 nan nan
401 168550 110 110 0 0.6203467141 0.005475422375 0.6116425852 0.6293378152 0.01769522997 0.6091582835 0.6323459768 0.02318769325 0.06544645922 0.01005358764 0.01220037817 nan nan
402 172824 420 420 0 0.7858788704 0.00793790196 0.7732760533 0.7992589715 0.02598291813 0.7693844379 0.8041308103 0.03474637236 0.09018244063 0.01465877715 0.01929299956 nan nan
403 168840 79 79 0 0.6264194512 0.002759796121 0.6226647727 0.6312319155 0.008567142811 0.6219069629 0.6332831096 0.01137614676 0.2454082905 0.004943659818 0.006994853985 nan nan
404 170240 95 95 0 0.6342219662 0.006977867816 0.6232885792 0.6456955931 0.02240701392 0.6190296103 0.650262695 0.03123308469 0.01953341556 0.01342920987 0.0170640045 nan nan
405 171408 196 196 0 0.72924345 0.007647428989 0.7152363588 0.7399091145 0.02467275568 0.7118506652 0.7413707529 0.02952008775 -0.3772441837 0.01363843325 0.01702412688 nan nan
406 172002 261 261 0 0.822085446 0.003452873171 0.8156006084 0.82712641 0.01152580162 0.8088636051 0.828531438 0.0196678329 -0.6878327464 0.008134762277 0.01487176556 nan nan
407 171464 129 129 0 0.7275602112 0.01531227727 0.7062421725 0.7565922576 0.05035008509 0.7018382427 0.7611661764 0.05932793372 0.4058083003 0.03119311119 0.03576703 nan nan
408 171959 94 94 0 0.7045699587 0.003905089622 0.6971243505 0.7094905348 0.01236618435 0.6944207238 0.71061464 0.01619391623 -0.5696011543 0.007944048032 0.01064767469 nan nan
409 175375 52 52 0 0.5920731363 0.01106863483 0.5789463379 0.6112488058 0.03230246795 0.5744634968 0.6119109519 0.03744745506 0.2682933302 0.01962094257 0.02028308865 nan nan
410 172474 52 52 0 0.7173803555 0.01071343028 0.6996215957 0.7351181899 0.03549659412 0.6963401718 0.7386777307 0.04233755886 -0.03426868395 0.0195194333 0.0229398267 nan nan
411 172756 62 62 0 0.6909092627 0.01013528336 0.6738360473 0.7069873985 0.03315135125 0.6699855662 0.7133792952 0.04339372905 -0.02031198926 0.01948199012 0.02198370759 nan nan
412 175360 52 52 0 0.592026206 0.008315366779 0.5764806042 0.6054370287 0.02895642457 0.57385574 0.6072819756 0.03342623563 -0.05912291009 0.01727762268 0.01912256957 nan nan
413 172760 58 58 0 0.6572263234 0.009586950656 0.6444145864 0.6738467445 0.0294321581 0.640933795 0.6788120874 0.03787829242 0.2582535685 0.01678324511 0.02028402552 nan nan
414 173885 192 192 0 0.6381619185 0.007069723 0.6302512614 0.653161255 0.02290999364 0.624871361 0.6566914645 0.03182010345 0.5985125123 0.01431856037 0.01784876985 nan nan
415 177199 423 423 0 0.6831618925 0.008858548788 0.6679086553 0.6969627935 0.02905413825 0.6624573337 0.7024671091 0.04000977538 -0.09626934081 0.01702931702 0.02163984914 nan nan
416 176447 246 246 0 0.7769291136 0.02015802663 0.7430947419 0.8098812712 0.06678652924 0.7385119869 0.8194168852 0.08090489835 -0.001166834405 0.03586872515 0.04195573923 nan nan
417 177568 71 71 0 0.7049645778 0.01439371333 0.6828766806 0.7250565378 0.04217985727 0.679736962 0.7271249834 0.04738802139 -0.05583316726 0.02213942652 0.02387393842 nan nan
418 174614 50 50 0 0.4057520251 0.001829607507 0.4029618485 0.4088175263 0.005855677802 0.4019516079 0.4095967577 0.007645149817 -0.008814921602 0.003390048226 0.004382099282 nan nan
419 179406 409 409 0 0.8021313018 0.00665668643 0.788621887 0.8099287877 0.0213069007 0.7834950488 0.8121332374 0.02863818866 -0.5251335402 0.01284799528 0.01797483354 nan nan
420 174982 54 54 0 0.6485271161 0.005212256155 0.6389898535 0.6548943177 0.01590446426 0.6371165956 0.656408896 0.01929230047 -0.3818473527 0.008965671976 0.01048418106 nan nan
421 182350 587 587 0 0.8218371966 0.006489663913 0.8112869111 0.8313321823 0.02004527122 0.8085346142 0.8327986842 0.02426407 -0.1009021034 0.01080395727 0.01355625408 nan nan
422 176167 135 135 0 0.8138397322 0.01061574294 0.7935975932 0.8265561315 0.03295853829 0.7863351118 0.8291890939 0.04285398212 -0.4427599006 0.02166506342 0.02892754481 nan nan
423 176090 102 102 0 0.6503025451 0.004591684212 0.6432616547 0.6579708092 0.01470915455 0.6422278266 0.6599875863 0.01775975975 0.1237086347 0.007915795444 0.009839548935 nan nan
424 178568 197 197 0 0.7224375301 0.006794804399 0.7112233597 0.7325287076 0.02130534795 0.7093169241 0.7357178663 0.02640094226 -0.07104588883 0.01145773979 0.01379260489 nan nan
425 181270 291 291 0 0.7676845596 0.006329334858 0.7586218606 0.7788229822 0.02020112159 0.7565231494 0.7828197782 0.02629662886 0.2284129869 0.01137302657 0.01444125849 nan nan
426 177717 87 87 0 0.6711302641 0.007878459179 0.658071632 0.6821373564 0.02406572444 0.6560491186 0.684291655 0.02824253643 -0.08710539326 0.01329240561 0.01454421612 nan nan
427 177980 50 50 0 0.7315264545 0.01050355706 0.7122389753 0.7460479354 0.03380896013 0.7067423216 0.7493011938 0.0425588722 -0.3706555294 0.01989156689 0.02538822057 nan nan
428 180183 138 138 0 0.7078038745 0.00526733377 0.6989857852 0.716442329 0.01745654387 0.6964194811 0.7186304881 0.02221100701 0.02123404992 0.00969726189 0.01148509505 nan nan
429 180996 251 251 0 0.7458666288 0.007304289082 0.7341593144 0.7568439429 0.02268462841 0.7304223034 0.7585424517 0.02812014828 -0.09397244435 0.01211952105 0.01528238692 nan nan
430 180156 133 133 0 0.670764791 0.009680572694 0.6571773726 0.6867439218 0.02956654919 0.6557373201 0.6897501603 0.03401284019 0.1502163403 0.01595806265 0.01896430113 nan nan
431 180831 56 56 0 0.4744604941 0.001298596449 0.4720839645 0.4761675309 0.004083566412 0.4719523312 0.4766617091 0.004709377903 -0.2097693568 0.002311166613 0.002442799897 nan nan
432 182115 80 80 0 0.6837535163 0.01370795716 0.66142565 0.7047951709 0.04336952089 0.6569893558 0.7063801841 0.04939082833 -0.1248742149 0.02316169393 0.02531960043 nan nan
433 181764 198 198 0 0.67827649 0.01078817358 0.6609998062 0.6950408241 0.03404101792 0.6579826636 0.69877837 0.04079570639 -0.03349558085 0.01813794765 0.0208566724 nan nan
434 184724 304 304 0 0.8346180898 0.003142233183 0.8292236658 0.8396149651 0.01039129927 0.8252847133 0.8413373057 0.01605259241 -0.2952879185 0.006285495573 0.01022444813 nan nan
435 187065 189 189 0 0.7369500754 0.01511930735 0.7127295852 0.7590310666 0.04630148137 0.7081781638 0.7621514262 0.05397326239 -0.07559301626 0.0250000564 0.02955147787 nan nan
436 188067 561 561 0 0.8324278089 0.009991105126 0.8109026348 0.8424620819 0.03155944708 0.794648955 0.8453870384 0.05073808341 -0.921028619 0.02343237268 0.03968605255 nan nan
437 189830 342 342 0 0.7911267737 0.01835485559 0.7614770667 0.8186444773 0.05716741062 0.7460930125 0.8256857304 0.07959271786 -0.1244468262 0.03506930987 0.05045336403 nan nan
438 183098 71 71 0 0.6990684667 0.003721562546 0.6929877745 0.7049276502 0.01193987566 0.6911417093 0.7060719495 0.0149302402 -0.0523689558 0.006650671155 0.00832656416 nan nan
439 184903 54 54 0 0.7771872775 0.009451575727 0.762409961 0.7914418938 0.02903193286 0.7576628771 0.7948346071 0.03717173002 -0.0721580632 0.01717884615 0.01912240782 nan nan
440 184387 57 57 0 0.7237757606 0.007292722314 0.7113186345 0.7346387444 0.02332010988 0.7078542794 0.7374940936 0.02963981415 -0.1216549606 0.01329886814 0.01579292455 nan nan
441 184939 102 102 0 0.721204937 0.003940002488 0.7148136439 0.7272683591 0.01245471515 0.7126027212 0.728786271 0.01618354978 -0.09956216734 0.007203136318 0.008622020615 nan nan
442 196566 50 50 0 0.5242505633 0.00549388784 0.51431173 0.5329805185 0.0186687885 0.5122897439 0.5339061746 0.02161643065 -0.1775587589 0.0104243553 0.01178974462 nan nan
443 189602 50 50 0 0.5564831999 0.009023284893 0.5440462862 0.5731419351 0.02909564893 0.5420135627 0.5748220082 0.03280844557 0.1783553574 0.01777217202 0.01945224515 nan nan
444 185571 51 51 0 0.4716412037 0.001072114748 0.469985187 0.473402542 0.003417354976 0.4695724947 0.4737883994 0.004215904705 0.01231542798 0.001957717171 0.002274429055 nan nan
445 189295 257 257 0 0.7925429898 0.008291642968 0.7791026432 0.8059340003 0.02683135716 0.7758369055 0.8083337495 0.032496844 -0.01466876681 0.01439356236 0.01670608434 nan nan
446 191075 73 73 0 0.6515584695 0.0107672922 0.6335398469 0.6663600192 0.0328201723 0.6264476045 0.6684436016 0.04199599712 -0.1230008428 0.02108885819 0.02818110066 nan nan
447 189855 56 56 0 0.6967908149 0.01033537076 0.680832576 0.7104250381 0.02959246208 0.6796763075 0.7118735811 0.03219727362 -0.1200790564 0.01553832567 0.01610461255 nan nan
448 191827 62 62 0 0.627030454 0.0109054002 0.6104259728 0.6426557941 0.03222982128 0.6069492364 0.6434032992 0.03645406276 -0.0155932233 0.01730974002 0.01913793047 nan nan
449 187258 117 117 0 0.7346672223 0.004247174218 0.727693677 0.7411484238 0.01345474686 0.7258676197 0.7426128992 0.01674527953 -0.07933563035 0.007372001217 0.008936760531 nan nan
450 188633 51 51 0 0.4672273785 0.0009758856515 0.4656598402 0.4687048542 0.003045014052 0.4652322898 0.4687471276 0.003514837798 -0.1389885608 0.001718677781 0.001778334712 nan nan
451 186222 117 117 0 0.7095741978 0.008046853612 0.6977774599 0.7228707127 0.02509325281 0.6951317239 0.7250182298 0.02988650594 0.06327979671 0.01320211793 0.01521929105 nan nan
452 189839 53 53 0 0.6182580122 0.0103764587 0.5998764428 0.6328856339 0.03300919109 0.5973756458 0.6349870026 0.03761135683 -0.07109500684 0.02024516357 0.02274596064 nan nan
453 191830 77 77 0 0.7380899565 0.003068485005 0.7306004709 0.7404210265 0.009820555558 0.7286409796 0.7407544791 0.01211349954 -1.055419162 0.007639967841 0.009599459192 nan nan
454 187683 56 56 0 0.3116648324 0.003799372763 0.3062870143 0.3185262475 0.01223923314 0.3058796955 0.3197918349 0.01391213941 0.2390800324 0.006400010545 0.007564332386 nan nan
455 186729 65 65 0 0.7168463223 0.006498174679 0.7041409158 0.7251062921 0.02096537632 0.7003891737 0.7257281061 0.02533893243 -0.4389059269 0.0127054065 0.0164571486 nan nan
456 187011 75 75 0 0.7497971148 0.003936941448 0.7433540868 0.7556315396 0.01227745271 0.7419930895 0.7561756912 0.01418260169 -0.105821618 0.00655068845 0.007356269764 nan nan
457 187990 64 64 0 0.7643811388 0.009463218249 0.7493536961 0.7796140448 0.03026034867 0.7455084103 0.7835076394 0.03799922915 -0.002747585679 0.01707884584 0.02064900297 nan nan
458 189387 52 52 0 0.4621403873 0.001323515214 0.4601939452 0.4643467282 0.004152783044 0.4594304322 0.4648429811 0.005412548931 -0.0003852234055 0.002563900864 0.003327413843 nan nan
459 189783 146 146 0 0.7654949769 0.006142286763 0.7561074342 0.7749913483 0.01888391415 0.7538116659 0.7776820287 0.02387036283 0.07285757878 0.01025857104 0.01198319836 nan nan
460 188251 67 67 0 0.7354747801 0.005531988278 0.7266786645 0.7437455119 0.01706684745 0.7246744775 0.7456938947 0.02101941721 -0.04757631739 0.009168748409 0.01077507519 nan nan
461 189266 101 101 0 0.7373297239 0.007159345615 0.7256402099 0.7479211906 0.02228098072 0.7249182366 0.7503442401 0.02542600353 0.006651906861 0.01223980609 0.01285448794 nan nan
462 192539 60 60 0 0.691916632 0.01195065573 0.6717325106 0.7075824421 0.03584993147 0.6656433027 0.711517618 0.0458743153 -0.1378797784 0.02121125125 0.02730045922 nan nan
463 194466 57 57 0 0.4964420094 0.003829960627 0.4946603508 0.5062272967 0.01156694585 0.494422944 0.5083551425 0.01393219849 1.393393123 0.009822378344 0.0119502242 nan nan
464 190255 58 58 0 0.7546560027 0.006981838537 0.7469368904 0.7686545428 0.02171765247 0.7458116658 0.7737524817 0.02794081587 0.6259684568 0.01348634752 0.01858428638 nan nan
465 192262 205 205 0 0.8206639349 0.006624889471 0.8101631065 0.8303470713 0.0201839648 0.8084754867 0.832317799 0.02384231232 -0.03217263061 0.01083437123 0.01210114771 nan nan
466 191270 77 77 0 0.7830859737 0.003990570576 0.7768178395 0.7893679441 0.01255010459 0.7757220837 0.7904924961 0.01477041235 -0.04386240776 0.007121139783 0.008245691748 nan nan
467 196418 71 71 0 0.3515617466 0.003079373148 0.3467260857 0.3561488499 0.009422764156 0.3458238121 0.3574976021 0.01167378998 0.05411617006 0.005173597879 0.005935855546 nan nan
468 191010 60 60 0 0.757635776 0.004448692017 0.7509297142 0.7648491245 0.01391941028 0.7505728396 0.7659002845 0.01532744485 0.05970945603 0.007247164179 0.007995234331 nan nan
469 198513 53 53 0 0.7431249587 0.003064178899 0.7374248432 0.7469889067 0.009564063499 0.734769935 0.7472324671 0.0124625321 -0.6477279235 0.005727274554 0.008382182729 nan nan
470 191985 57 57 0 0.7679502338 0.005833911162 0.7573805197 0.7757367685 0.01835624879 0.753900076 0.7768867546 0.02298667859 -0.4205748129 0.01170509897 0.01518554269 nan nan
471 194660 199 199 0 0.8391788046 0.004015368779 0.8323189404 0.8453626342 0.01304369384 0.8308897653 0.8473483511 0.01645858583 -0.06846531083 0.007343813532 0.008742669397 nan nan
472 194555 50 50 0 0.3350151042 0.002258658859 0.3312760464 0.3378716402 0.006595593803 0.3300081739 0.338590056 0.00858188204 -0.355991951 0.003882981745 0.004508800523 nan nan
473 192238 54 54 0 0.7737160967 0.004906872334 0.766358109 0.7815091491 0.01515104002 0.7649738699 0.7835483675 0.0185744976 0.1267939466 0.008439829616 0.009798821722 nan nan
474 192946 52 52 0 0.7984072594 0.006247954272 0.7881719399 0.8077612439 0.01958930398 0.7843483288 0.811230511 0.02688218221 -0.003627248851 0.01142696217 0.01512566985 nan nan
475 192952 74 74 0 0.7843901622 0.00529667293 0.777030833 0.7939501742 0.01691934123 0.7752742902 0.7971134691 0.02183917894 0.3506854155 0.00958279709 0.01243891582 nan nan
476 195837 172 172 0 0.8463558532 0.002091705321 0.8432175379 0.8496890663 0.006471528434 0.8423380979 0.8503825184 0.008044420507 0.03048515786 0.003959044982 0.004838484943 nan nan
477 193922 82 82 0 0.793162079 0.00640532244 0.7839587906 0.8050371402 0.02107834964 0.7812456397 0.8082961156 0.02705047594 0.2089120063 0.01204775246 0.01530672786 nan nan
478 194170 92 92 0 0.8050785817 0.005051656475 0.7953602127 0.8113836109 0.01602339824 0.7924670836 0.8145739891 0.0221069055 -0.367000815 0.009127955581 0.01127278553 nan nan
479 195326 55 55 0 0.8230130366 0.005589916127 0.8144169651 0.8319840327 0.01756706761 0.8118734432 0.8341956254 0.02232218223 -0.07134503209 0.0103796573 0.01292317926 nan nan
480 198461 50 50 0 0.3494445896 0.002292745732 0.3460196881 0.3528890283 0.006869340246 0.3447613164 0.3536462659 0.008884949497 -0.07939282712 0.004073484292 0.004677541573 nan nan
481 195098 62 62 0 0.811460168 0.006284476531 0.8006899932 0.8213146331 0.0206246399 0.7980290437 0.823404225 0.02537518136 -0.08095334315 0.01154661691 0.0127598915 nan nan
482 195348 65 65 0 0.8181480885 0.00384838364 0.811921621 0.8241735617 0.01225194068 0.8107992426 0.8262425836 0.01544334094 0.1361703038 0.006845339121 0.007891626722 nan nan
483 202149 174 174 0 0.3305780458 0.003413887953 0.3238725927 0.3347396023 0.01086700954 0.3211187277 0.3356421915 0.0145234638 -0.6162837081 0.007566199692 0.01032006475 nan nan
484 195821 65 65 0 0.8298302731 0.003780687826 0.8234182608 0.8353073367 0.01188907586 0.8215793083 0.8371013114 0.01552200306 -0.1524820835 0.006948565834 0.008293667277 nan nan
485 197171 62 62 0 0.8572365529 0.003126784309 0.8496428674 0.8595163391 0.009873471725 0.8463938181 0.8597500074 0.01335618931 -1.079098377 0.007981040594 0.01123008987 nan nan
486 198568 283 283 0 0.8371057633 0.01238039433 0.8109017764 0.8483358077 0.03743403127 0.7920027027 0.8510652854 0.05906258272 -0.8464395855 0.02814564205 0.04704471577 nan nan
487 196734 72 72 0 0.8309761151 0.00613228849 0.8208743682 0.840347229 0.01947286077 0.8176907449 0.8414167561 0.02372601113 -0.2089438216 0.01106322491 0.01235142608 nan nan
488 199025 60 60 0 0.7202720974 0.01473160826 0.6978030546 0.7440667889 0.04626373433 0.6902529497 0.7506121903 0.06035924055 0.08136112913 0.02670911611 0.03177787823 nan nan
489 202361 116 116 0 0.3171300548 0.002216637133 0.3136632955 0.3207588784 0.007095582955 0.3120993448 0.321564047 0.009464702216 -0.1194527307 0.004581192027 0.00614514268 nan nan
490 197405 62 62 0 0.8490706173 0.004376407538 0.8410526728 0.8549874837 0.01393481099 0.8385645212 0.856786379 0.01822185778 -0.2533560725 0.008091185848 0.01056588549 nan nan
491 197412 60 60 0 0.8395537719 0.005016738855 0.8310572142 0.8466365862 0.01557937203 0.8267248078 0.8482295185 0.02150471065 -0.3489136392 0.00938722138 0.01371962771 nan nan
492 198798 65 65 0 0.7930137044 0.01122557599 0.7729545638 0.8058084907 0.03285392688 0.7625533639 0.8089100885 0.04635672465 -0.4586087173 0.02347544022 0.03387664015 nan nan
493 197879 85 85 0 0.8461258599 0.003651900617 0.839463454 0.8513561122 0.01189265825 0.8376416223 0.8528788663 0.01523724405 -0.2828169437 0.006910251795 0.007975381967 nan nan
494 206923 205 205 0 0.3243819064 0.002657106422 0.3205628033 0.3287176461 0.008154842841 0.3178257918 0.3295348003 0.01170900852 -0.01328360193 0.005633153953 0.008370165383 nan nan
495 198997 105 105 0 0.8518985517 0.001425261968 0.8498345945 0.8542844532 0.004449858703 0.8485161029 0.8547555931 0.006239490159 -0.1464455157 0.002633834464 0.00395232601 nan nan
496 202580 50 50 0 0.27745913 0.001581423764 0.2748323237 0.2802015301 0.005369206403 0.2743777025 0.2803333426 0.005955640106 -0.2770585685 0.003235608154 0.003690229304 nan nan
497 202788 55 55 0 0.2708135689 0.001775823458 0.2671256509 0.2728860948 0.005760443951 0.2669097938 0.27350727 0.006597476195 -0.4508422166 0.003338326999 0.003554184074 nan nan
498 207684 83 83 0 0.2871600076 0.001467664137 0.2851926847 0.2896529045 0.004460219791 0.2847358938 0.2903165414 0.005580647658 0.06206684293 0.002493053943 0.00315653379 nan nan
499 203803 129 129 0 0.3109324478 0.002207720294 0.3075750144 0.3144426308 0.006867616318 0.3068274314 0.3152186358 0.008391204434 0.01582100408 0.003867618382 0.004565020624 nan nan
500 199856 71 71 0 0.8496221741 0.0131907944 0.8174238505 0.8576135395 0.040189689 0.8015104445 0.8583867799 0.0568763354 -1.465909849 0.03067004784 0.04658345384 nan nan
501 199426 63 63 0 0.8544269842 0.002112938172 0.8493145532 0.8562548984 0.006940345228 0.8481428672 0.8565498696 0.008407002349 -1.028350626 0.006388984227 0.007560670207 nan nan
502 203815 54 54 0 0.2601809766 0.003447436771 0.2552879956 0.2649142766 0.009626280981 0.2546231725 0.265911202 0.01128802956 0.05602861562 0.00582557302 0.006490396126 nan nan
503 203992 55 55 0 0.3438755118 0.002103910173 0.340846701 0.347843531 0.006996829984 0.3398138794 0.3487382931 0.008924413724 0.2292412979 0.003961291837 0.004619341422 nan nan
504 200743 56 56 0 0.8464335124 0.005958061041 0.8344033333 0.8519392041 0.01753587078 0.8300675389 0.8523679159 0.02230037697 -0.6426174746 0.01076697467 0.01510276913 nan nan
505 200948 64 64 0 0.8370213621 0.01390058694 0.8092318706 0.8520597203 0.04282784969 0.8030011923 0.8540073854 0.05100619309 -0.478887214 0.03002430232 0.03625498064 nan nan
506 203805 57 57 0 0.3048783319 0.00154133345 0.3025841094 0.3071905059 0.004606396499 0.3022736965 0.3074266938 0.005152997244 0.04941857612 0.002463900281 0.002695867025 nan nan
507 202015 53 53 0 0.8083722915 0.01956679134 0.7697426224 0.831117231 0.06137460859 0.7678855633 0.8315488201 0.06366325676 -0.3576787792 0.03189235077 0.03374940986 nan nan
508 206171 67 67 0 0.2988365616 0.001835500264 0.29591998 0.3017239638 0.005803983778 0.295317748 0.3018723491 0.006554601132 -0.02522760966 0.00355756398 0.004159795998 nan nan
509 205964 67 67 0 0.3394126742 0.001963831523 0.3362978587 0.3422597838 0.005961925132 0.3355458893 0.342678418 0.007132528704 -0.09141853211 0.003212477874 0.003959140158 nan nan
510 209125 115 115 0 0.3383533304 0.003456026228 0.3333202102 0.3437211939 0.01040098369 0.3316228095 0.3455149862 0.01389217677 0.04518586186 0.006279411105 0.00797681188 nan nan
511 210724 57 57 0 0.3531802082 0.002433109947 0.3498818747 0.3573399186 0.007458043884 0.3490868768 0.3583433415 0.009256464765 0.2390923258 0.004239363408 0.004898790567 nan nan
512 212535 122 122 0 0.3336424524 0.00412018794 0.3270430517 0.3406396152 0.01359656344 0.3254927135 0.3434421955 0.01794948206 0.1099968584 0.008136535283 0.009322636624 nan nan
513 214090 65 65 0 0.3396945397 0.004639990065 0.3318471252 0.3459539102 0.01410678501 0.3301858369 0.3468694399 0.01668360297 -0.1906904611 0.007810168248 0.00883549814 nan nan
514 214080 59 59 0 0.3517079491 0.00327837607 0.3460780531 0.3563427951 0.01026474202 0.3443061777 0.358454465 0.01414828733 -0.1515431778 0.006409203124 0.007752126082 nan nan
515 214857 54 54 0 0.3205512714 0.002988549065 0.3159661468 0.3249812807 0.00901513389 0.3146184365 0.3258327289 0.01121429245 -0.01193492583 0.005341573833 0.006193022056 nan nan
516 215211 64 64 0 0.3386578081 0.003089420207 0.3342142457 0.3433403097 0.009126063917 0.3332902291 0.3451326998 0.01184247069 0.09403600638 0.005261110639 0.005961869046 nan nan
517 215906 72 72 0 0.3491572729 0.006047049916 0.3393220517 0.3582113528 0.01888930115 0.3391581625 0.3612555567 0.0220973942 0.1530410934 0.01043219975 0.01155922134 nan nan
518 215928 60 60 0 0.3408331593 0.003383333883 0.3358870968 0.3460143281 0.01012723129 0.3345707527 0.3473677934 0.01279704069 0.02625309845 0.005866505328 0.0072199706 nan nan
519 216270 86 86 0 0.3427512537 0.005856533354 0.3339695653 0.3519075356 0.01793797029 0.332883804 0.3537141875 0.02083038348 0.06802685388 0.009637194516 0.01112971775 nan nan
520 216466 66 66 0 0.3278401058 0.00317306756 0.3229320189 0.3327065148 0.009774495891 0.3224181972 0.3336102017 0.0111920045 0.02112780371 0.005973865659 0.006487687305 nan nan
521 217333 50 50 0 0.3150063349 0.002832200384 0.3103622569 0.3190315227 0.008669265781 0.3099281096 0.3199404762 0.01001236655 -0.02511526978 0.004888422414 0.005322569712 nan nan

K=522, phase=forward, parameter=w [deg]
cluster representative_source n_cluster n_valid n_missing median std p05 p95 width90 minimum maximum range skewness error95 error_max angle_origin_deg angle_resultant
0 18595 122 122 0 -0.8278731404 5.28260214 -6.985827377 11.12969368 18.11552106 -8.328262389 11.31210211 19.6403645 0.701261801 12.27351611 12.45592454 192.4027936 0.9957578095
1 19899 97 97 0 0.09544501011 2.326604907 -3.783039305 3.707708944 7.490748249 -4.828711354 4.04841322 8.877124575 -0.1190172061 4.227611758 4.450375695 183.6183403 0.9991757766
2 18590 55 55 0 -0.06628543284 1.295544947 -1.92080193 2.19903931 4.11984124 -2.157961555 2.514457791 4.672419346 0.1927657905 2.704464833 2.941624458 181.0636987 0.9997443815
3 18148 56 56 0 0.5259343322 4.686527225 -7.681663214 6.252257158 13.93392037 -9.089788041 7.081213733 16.17100177 -0.3402518506 9.842193078 10.67114965 205.1530737 0.9966581787
4 18805 57 57 0 -0.1971407702 1.521300975 -2.094550498 2.735403871 4.829954369 -2.352793622 3.199162455 5.551956077 0.4037167195 3.100592068 3.358835191 179.8269349 0.9996475481
5 22540 54 54 0 -0.3176449133 3.045877357 -4.465933505 5.224049242 9.689982747 -5.332400372 6.005761753 11.33816213 0.2289982894 5.341658425 6.08789945 196.0658514 0.9985876579
6 23178 95 95 0 0.05718998245 3.596031763 -5.813354613 5.571069984 11.3844246 -7.218761723 6.355939556 13.57470128 -0.0862880557 7.926689717 9.332096827 202.6534162 0.9980316941
7 27210 188 188 0 -0.4975432191 4.270852665 -6.251349385 7.311666436 13.56301582 -7.820760432 9.553325952 17.37408638 0.2697294345 8.15456994 10.39622946 182.919829 0.9972245485
8 32632 89 89 0 -0.5403870631 2.960164502 -3.910797862 5.148759238 9.0595571 -4.102370036 6.389712058 10.49208209 0.3786157751 5.07225921 6.313212029 180.4406943 0.9986659667
9 29454 75 75 0 -0.06514734897 1.975075497 -2.881101865 3.167700391 6.048802257 -3.15488393 3.468356861 6.623240791 0.1397180439 3.710113939 4.010770409 173.9837863 0.9994059627
10 29914 128 128 0 -0.06111143732 2.209957276 -3.300603303 3.497656885 6.798260188 -4.061490462 4.065111064 8.126601526 0.06492630022 3.834734682 4.402188861 174.50031 0.99925631
11 28999 79 79 0 -0.2059667662 1.889882229 -2.710377605 2.941308547 5.651686152 -3.095725069 3.525472011 6.621197079 0.08455006446 3.12936303 3.426215288 173.8314008 0.9994560932
12 33080 194 194 0 -0.02966642403 3.594016793 -5.772813645 5.873615202 11.64642885 -7.438733268 8.253273614 15.69200688 0.06001321892 8.603109568 10.26902919 196.3593838 0.9980340725
13 30601 94 94 0 -0.07464327385 2.048208289 -3.233287549 3.409871748 6.643159298 -4.19478258 4.069672756 8.264455337 0.07743168429 3.798998636 4.288402048 175.5506997 0.9993611868
14 30368 71 71 0 -0.2033627962 1.938270076 -2.737517861 3.137343483 5.874861344 -3.041801269 3.651384852 6.693186121 0.2198135084 3.117519971 3.537865372 172.9101795 0.9994278942
15 31274 86 86 0 -0.2524946098 2.135793267 -2.930201302 3.635828094 6.566029396 -3.213209227 4.243606524 7.456815751 0.2672744589 3.523459191 3.739901623 172.5007735 0.999305378
16 31696 52 52 0 -2.171390839 9.514755612 -8.617438813 24.10928326 32.72672207 -9.452623853 29.00862809 38.46125194 1.958700869 26.11475912 31.01410394 278.2036743 0.9863899617
17 32867 73 73 0 -0.2094305118 2.041373707 -2.878756329 3.445316124 6.324072453 -3.121492764 3.953992415 7.075485179 0.2507637484 3.654746636 4.163422926 172.9877834 0.9993654253
18 33318 61 61 0 -0.101248874 2.199244049 -3.185438943 3.596254271 6.781693214 -3.277598592 4.147408444 7.425007036 0.09010173525 3.697503145 4.248657318 177.3522957 0.9992635092
19 32403 52 52 0 -0.09704649488 1.461294753 -2.186790457 2.362363602 4.549154058 -2.500107555 2.715728419 5.215835974 0.1435927841 2.710803739 3.064168557 184.7021799 0.9996747962
20 33089 56 56 0 0.02317675648 2.28221826 -3.259420934 3.614547613 6.873968546 -3.359503332 4.145385978 7.50488931 0.01297475148 3.553144266 3.956293213 178.5362886 0.9992068928
21 33547 76 76 0 -0.1526314407 2.02085129 -2.949361487 3.492976409 6.442337896 -3.056486696 4.068433088 7.124919784 0.2986150016 3.658359063 3.765484272 175.2383545 0.9993781235
22 31291 114 114 0 -0.1794648509 3.913621836 -5.732286934 6.447719341 12.18000627 -6.291219632 7.194441307 13.48566094 0.1219309095 6.749696568 7.496418533 182.6301431 0.9976688364
23 36300 90 90 0 -0.3440188364 2.109088568 -2.872170111 3.689047348 6.561217459 -3.623494541 4.301557157 7.925051699 0.3503671855 4.133183925 4.745693734 173.4805809 0.9993226444
24 36991 85 85 0 -0.1530181605 2.069021937 -2.903538418 3.535446074 6.438984492 -3.052650349 4.066619467 7.119269816 0.3078878479 4.533828263 5.065001657 172.3119451 0.9993481238
25 37882 55 55 0 -0.2707824286 1.981046772 -2.760977641 3.436268403 6.197246044 -3.571309546 4.473635268 8.044944814 0.3106352421 4.138225274 5.175592139 241.45377 0.999402397
26 43665 170 170 0 -1.147307584 3.767084258 -4.305027461 8.011750695 12.31677816 -4.615639679 9.637989235 14.25362891 0.9175860988 11.01925481 12.64549335 187.0501901 0.9978407784
27 39290 77 77 0 0.07729473236 1.249033424 -1.859780628 1.955895472 3.815676099 -1.951618996 2.541511029 4.493130025 0.05053100492 3.04822548 3.633841037 180.3313556 0.9997624036
28 34031 89 89 0 -0.1814640798 3.93845019 -5.701405224 6.449849099 12.15125432 -6.408982037 7.530213493 13.93919553 0.1526466778 7.002322797 8.082687192 182.9343976 0.9976391828
29 37890 53 53 0 -0.1108814762 2.04274384 -3.442200469 3.077249433 6.519449902 -4.305269675 3.769309346 8.074579021 -0.1399871229 3.7593373 4.130261086 220.5246263 0.9993645942
30 35172 69 69 0 -0.07903442673 1.802827896 -2.725890683 2.983677474 5.709568157 -3.392731575 3.22234034 6.615071915 0.1074145199 3.265984261 3.370124315 172.799565 0.999505049
31 39731 54 54 0 0.005276120323 2.127013513 -3.532818246 3.36776078 6.900579025 -4.47184369 4.210720252 8.682563942 -0.1001941336 3.852696089 4.46498881 226.0053719 0.9993111062
32 36997 53 53 0 0.009607039593 0.943961252 -1.362372771 1.486974288 2.849347059 -1.491560693 1.698177854 3.189738547 0.1335020013 1.698328051 1.909531618 168.9438898 0.9998642889
33 36315 67 67 0 0.02643873559 0.9182511937 -1.48072616 1.468950529 2.949676689 -1.829619444 2.162665067 3.992284511 0.0862655898 1.65603577 2.327882819 169.5938331 0.9998715822
34 35874 73 73 0 -0.4264537936 4.13872046 -5.680792244 7.17510036 12.8558926 -6.330280543 8.266259644 14.59654019 0.3007153574 6.784647759 7.781944802 182.4561219 0.9973933005
35 39284 110 110 0 -0.4739038998 3.158730681 -4.243702957 5.651654101 9.895357058 -5.023893035 7.158341132 12.18223417 0.4201942541 7.098227155 8.604914186 191.2959588 0.9984811613
36 37232 63 63 0 -0.03716153562 0.7527919264 -1.135183299 1.138182347 2.273365645 -1.399184978 1.357243165 2.756428144 0.02601020945 1.263851603 1.44348426 168.3318401 0.9999136896
37 37025 66 66 0 -0.2173291729 4.254800434 -6.101309061 7.493961975 13.59527104 -6.34518728 7.634910188 13.98009747 0.2441767116 7.653676746 7.794624959 182.5194081 0.9972450588
38 38171 77 77 0 -0.2268642585 2.176785315 -3.220224603 3.603609361 6.823833964 -3.579681212 4.20908576 7.788766972 0.1972076022 3.938083606 4.543560006 172.1621382 0.999278466
39 38415 62 62 0 -0.238385085 3.854083541 -5.503366781 6.364269689 11.86763647 -5.921019125 7.314055783 13.23507491 0.2255420376 6.489275357 7.43906145 180.8849357 0.9977391968
40 40228 65 65 0 -0.108926107 0.9318431707 -1.318724798 1.462226247 2.780951045 -1.487684519 1.719885831 3.20757035 0.1633591719 1.498279917 1.663303299 167.4814245 0.9998677508
41 39083 59 59 0 -0.05200764747 0.8381187416 -1.29607992 1.385086765 2.681166685 -1.740169763 1.951539219 3.691708981 0.140931765 1.562614145 2.087654609 167.6894369 0.9998930165
42 42970 139 139 0 -0.6975034203 5.406575491 -7.200722943 8.745003708 15.94572665 -8.813955513 9.960327585 18.7742831 0.2360394611 8.602507664 10.17613072 191.7867122 0.995553549
43 41609 67 67 0 -0.1217008787 0.9707068968 -1.395323972 1.644156352 3.039480324 -1.771970489 1.83024431 3.602214799 0.1857533784 1.987931686 2.174019644 167.9742691 0.9998564904
44 39559 74 74 0 -0.3430322667 2.293121856 -3.174471262 4.142791412 7.317262674 -3.617894763 4.212760617 7.83065538 0.2928298458 4.026664134 4.096633338 171.3274876 0.999199304
45 39341 60 60 0 -0.3329033518 3.782869612 -5.306112568 6.278488744 11.58460131 -5.788762577 7.245097067 13.03385964 0.2753916297 6.76541028 7.732018602 180.1704371 0.9978219588
46 40696 57 57 0 -0.0276431342 0.5560810269 -0.8810597749 0.8673084655 1.74836824 -1.120988989 1.191719039 2.312708028 0.02752192735 1.056435267 1.38084584 166.2131917 0.999952903
47 40498 67 67 0 -0.3907894138 4.091930798 -5.523602166 7.044942249 12.56854442 -6.07947606 7.84303225 13.92250831 0.3165526754 6.925957229 7.724047229 176.7550673 0.9974518179
48 42948 86 86 0 -0.04190043907 1.728938313 -2.805048834 2.617984352 5.423033185 -3.547542255 3.796118459 7.343660714 0.01258884602 3.160620194 3.828350037 233.9613896 0.9995447919
49 41193 67 67 0 -0.4192189441 4.03627669 -5.455586135 6.967037049 12.42262318 -6.012170181 7.833465682 13.84563586 0.3160562641 6.93381032 7.800238953 176.2853522 0.9975206218
50 41642 58 58 0 -0.1524280663 2.095405028 -2.997511465 3.326855786 6.324367251 -3.337105949 3.75655115 7.093657099 0.1656707461 3.550092119 3.979787483 170.4005918 0.9993313903
51 41888 64 64 0 -0.5225169144 3.850105728 -5.355405466 6.622499299 11.97790476 -5.794276541 7.320293973 13.11457051 0.2957587182 7.522785929 8.220580603 176.1721417 0.9977438817
52 42128 75 75 0 -0.4545154622 3.790277347 -5.106346575 6.618355333 11.72470191 -5.433288025 7.718994951 13.15228298 0.3855277454 6.525346843 7.625986461 178.3234653 0.9978134898
53 42143 52 52 0 -0.2834337863 3.167384685 -4.622368257 4.97838104 9.600749297 -4.856731964 6.199182697 11.05591466 0.1753807657 5.401689569 6.622491226 189.0803427 0.9984727093
54 45706 72 72 0 -0.1496395305 1.348615833 -1.985673027 2.457590506 4.443263533 -2.306046583 3.617564104 5.923610687 0.4834622954 2.549707433 3.709681031 226.5626312 0.9997230211
55 45714 72 72 0 -0.08406057061 2.021801683 -3.217075818 3.475329701 6.692405519 -3.849971746 4.27127809 8.121249836 0.1600541654 3.774125026 4.387488726 214.6813091 0.9993775578
56 43285 58 58 0 -0.4406824457 3.909534509 -5.448653597 6.557608682 12.00626228 -5.887058492 7.217285021 13.10434351 0.240596743 7.117136019 7.776812358 177.4566258 0.9976736964
57 47545 58 58 0 -0.3436395966 2.177105871 -3.234108084 3.662682733 6.896790818 -3.740203419 4.224886633 7.965090052 0.22927587 3.752069912 4.21739528 210.1410403 0.9992782611
58 46184 69 69 0 0.2683103929 2.572126955 -4.584609664 3.682103779 8.266713443 -6.274343744 4.579499855 10.8538436 -0.3146764474 4.450350998 5.802861669 196.6860707 0.9989927382
59 43521 72 72 0 -0.2511110859 2.588268275 -3.76835775 4.25913892 8.02749667 -3.96441229 4.877326457 8.841738747 0.1903447077 4.301874292 4.444865276 179.1108978 0.9989799832
60 46851 61 61 0 0.1775290935 1.334488357 -2.28232512 2.18897709 4.47130221 -3.122383088 2.791475469 5.913858558 -0.2392512596 2.496765218 3.046145062 223.1229066 0.9997287904
61 44223 54 54 0 0.09665212966 2.932557538 -4.664543654 4.747611927 9.412155582 -5.609363671 5.724677748 11.33404142 0.009634588384 5.209796413 5.962091625 193.3660571 0.9986907625
62 44413 50 50 0 -0.07424876616 1.13954339 -1.703760347 1.792951081 3.496711428 -1.944711926 2.216292626 4.161004552 0.134863207 1.938624194 2.172308012 167.6597133 0.9998022307
63 44650 89 89 0 -0.2706827497 1.946496421 -2.688996175 3.274594108 5.963590283 -3.064139978 3.774943231 6.839083209 0.2792758759 3.196154674 3.645040437 168.991954 0.9994230305
64 47992 65 65 0 -0.1936901001 1.470028641 -1.981548301 2.738956591 4.720504893 -2.382744546 3.837924267 6.220668813 0.556126625 2.787642013 3.886609689 219.8949299 0.9996709105
65 45366 70 70 0 -0.4307088811 3.238672189 -4.485805856 5.56333941 10.04914527 -5.095472662 7.020733439 12.1162061 0.344110858 6.479571925 7.936965953 181.2876689 0.9984032975
66 45581 84 84 0 -0.1146908406 1.77691359 -2.669872636 3.009648502 5.679521138 -3.00416936 3.229453627 6.233622988 0.1478991024 3.157601324 3.377406449 171.5684285 0.9995191692
67 46660 56 56 0 -0.06188663418 0.7579631137 -1.281166205 1.278560803 2.559727008 -1.431388045 1.367958484 2.79934653 0.04303755565 1.45317524 1.542572921 170.9395957 0.9999125001
68 46519 88 88 0 -0.2534265243 3.848347496 -5.370747987 6.614591181 11.98533917 -6.227573715 8.544648367 14.77222208 0.2991908849 6.485591698 8.328799844 184.1914291 0.9977460704
69 47340 52 52 0 0.1363743271 1.051189701 -1.706140121 1.360086505 3.066226626 -1.806956304 1.451991041 3.258947345 -0.2070755456 1.937431558 2.038247741 175.9662871 0.9998317072
70 49590 73 73 0 0.1090304468 1.373742999 -2.490460736 2.020653606 4.511114342 -2.937168662 2.804769854 5.741938517 -0.2471847448 2.687864742 3.039211947 216.220443 0.9997125998
71 46932 52 52 0 -0.06240085276 0.5998623013 -0.8379094965 0.9935772159 1.831486712 -0.893407556 1.303247642 2.196655199 0.3318520063 1.224101344 1.53377177 164.1300263 0.9999451951
72 47649 97 97 0 -0.2600999345 2.055531031 -2.988247758 3.496444917 6.484692675 -3.555930346 4.245957244 7.80188759 0.2365010431 3.812059503 4.56157183 172.4343528 0.9993566005
73 49835 155 155 0 -0.3360220912 3.779485502 -5.534543886 6.337872226 11.87241611 -5.56006221 7.067634986 12.6276972 0.1275972727 6.435165444 6.460683768 187.5478518 0.997825772
74 48348 105 105 0 -0.5256629231 4.246409894 -6.276248403 7.564019831 13.84026823 -7.633159248 9.372180595 17.00533984 0.2839470276 8.443415131 10.2515759 188.3115816 0.997256306
75 49023 105 105 0 -0.1732221249 2.000883573 -3.047979628 3.415461795 6.463441423 -3.775017645 4.211868689 7.986886334 0.1536324512 3.562436323 4.290703018 174.6961215 0.9993903569
76 48297 50 50 0 -0.03187188158 0.2971027256 -0.4290319385 0.4918697466 0.920901685 -0.4930827336 0.5577130578 1.050795791 0.2013017802 0.5173372143 0.5831805256 162.6366964 0.9999865558
77 48780 63 63 0 -0.1162543837 1.037537422 -1.459101572 1.670575305 3.129676877 -1.836282954 2.234069501 4.070352455 0.2441213117 1.995670635 2.559164831 167.2575077 0.9998360514
78 49452 81 81 0 -0.04031060215 0.6232277721 -0.9623924524 1.024162098 1.986554551 -1.202291096 1.45383819 2.656129286 0.1427175363 1.258301133 1.687977225 164.3370731 0.9999408426
79 51427 56 56 0 0.02179983786 1.405403888 -2.301246283 2.279408886 4.580655169 -2.61204039 3.099955386 5.711995776 0.1078587292 2.5165621 3.23252208 211.903821 0.9996992012
80 49921 64 64 0 -0.0732635833 0.8565292241 -1.335206149 1.419770965 2.754977114 -1.741866109 2.023677098 3.765543207 0.1862520075 1.548435744 1.970390222 167.9981344 0.9998882649
81 51295 137 137 0 0.102612485 2.498701241 -3.857520298 4.399713257 8.257233555 -4.708053616 6.175440114 10.88349373 0.2920648903 4.576960183 5.986915672 178.8945091 0.9990494412
82 51700 89 89 0 -0.1022936569 3.027545081 -4.693359824 4.737415953 9.430775777 -4.955368385 4.930221462 9.885589847 0.0466084294 4.890815611 5.083621119 183.7003921 0.9986045091
83 52622 68 68 0 -0.0422033929 1.286011128 -2.075520841 2.033272144 4.108792986 -2.101416956 2.386663942 4.488080898 -0.06058811824 2.155310644 2.508702442 220.4070213 0.9997481288
84 50818 58 58 0 -0.07012857876 0.5044474623 -0.7556485219 0.8291736297 1.584822152 -0.9535508886 1.096842096 2.050392984 0.2253786646 0.9178926765 1.185561143 164.8662856 0.999961243
85 51058 71 71 0 -0.03748776086 0.971630042 -1.472439766 1.629594749 3.102034515 -1.872942555 2.352549391 4.225491946 0.08220265823 1.799012767 2.390037152 169.9311628 0.999856219
86 53315 87 87 0 0.004289087398 1.461137872 -2.615903951 2.229222637 4.845126588 -2.956441577 2.931754921 5.888196498 -0.07488862006 2.749808351 2.959069423 224.1999005 0.9996748708
87 51510 56 56 0 0.02479048736 0.2421942926 -0.4008506619 0.3555195785 0.7563702404 -0.4881954624 0.5023777019 0.9905731643 -0.04682375868 0.4357318809 0.5825900044 163.0673789 0.9999910659
88 51777 67 67 0 -0.01734122724 0.6176317406 -1.033858733 0.8925410671 1.9263998 -1.322234156 1.221501094 2.543735251 -0.04347905281 1.181457821 1.30594416 166.1036953 0.9999419003
89 53908 145 145 0 -0.1538293457 2.474044366 -3.716963277 4.017791531 7.734754807 -4.319608767 5.149387787 9.468996553 0.163083967 4.299494416 5.05923081 175.1704584 0.9990680146
90 53348 96 96 0 -0.1886342999 3.593864938 -5.267370255 5.658533727 10.92590398 -5.825291257 6.131168339 11.9564596 0.07060366441 7.01887699 7.491511602 183.2700956 0.9980339295
91 52717 59 59 0 -0.01847697522 0.3319059681 -0.506803183 0.5135098116 1.020312995 -0.5839298955 0.7137246426 1.297654538 0.1795384913 0.5634954638 0.7049002442 163.8884845 0.9999832215
92 53196 73 73 0 0.02957882999 0.869070531 -1.351526731 1.374361758 2.725888489 -1.653966801 1.572571898 3.226538698 0.009611263445 1.583609965 1.781820104 168.4235502 0.999884968
93 53820 78 78 0 -0.0004840280561 2.233696335 -3.227342169 3.520135807 6.747477976 -3.670039962 3.953695002 7.623734964 0.09695983308 3.980471197 4.414030393 177.9527041 0.9992402421
94 53403 61 61 0 -0.002632290698 0.2865582589 -0.4212883032 0.4553725786 0.8766608818 -0.4536082017 0.6599051479 1.11351335 0.2934040177 0.5279400601 0.7324726294 163.0153139 0.9999874931
95 53654 72 72 0 -0.008378328814 0.5880785235 -0.8891803288 0.9037184365 1.792898765 -1.042218428 1.036448698 2.078667126 0.01638309868 1.034408764 1.167139025 165.5036259 0.999947327
96 54763 64 64 0 0.5260899336 1.652870959 -2.183016566 2.260931908 4.443948474 -3.423786598 2.61425861 6.038045208 -0.1509648199 2.736361873 3.977131905 215.0067772 0.9995839492
97 55151 94 94 0 -0.002714108936 1.43158856 -2.154922499 2.257959128 4.412881627 -2.493733563 2.611755838 5.105489401 0.07172650988 2.384488287 2.726869527 172.3496031 0.999687881
98 54334 60 60 0 0.006367386086 0.360507196 -0.561348176 0.5476807712 1.109028947 -0.6613063831 0.7442412849 1.405547668 0.1034914768 0.662529655 0.8590901687 163.9588212 0.9999802053
99 54868 81 81 0 -0.1022239599 0.9581919116 -1.368473729 1.58707416 2.955547889 -1.510533197 1.849715584 3.36024878 0.2134515484 1.818989856 2.08163128 168.0405031 0.9998601666
100 56191 51 51 0 -0.08648892318 1.306362571 -1.991867921 2.480031025 4.471898946 -2.611913518 2.617708987 5.229622505 0.03397291873 2.691163168 2.828841131 209.0762713 0.9997401
101 55333 62 62 0 -0.1206868645 1.908114055 -2.83204218 3.319026947 6.151069127 -2.986247436 3.46705687 6.453304306 0.1226913288 3.554056601 3.702086525 192.7493418 0.9994455565
102 55387 71 71 0 -0.05233122779 0.5473590965 -0.8004245085 0.900402599 1.700827108 -0.9940875439 1.144648253 2.138735797 0.1962727899 0.9970487671 1.241294421 163.9530011 0.9999543687
103 56520 68 68 0 -0.04287692164 2.080139502 -3.191101597 3.156444946 6.347546543 -3.732004697 4.103710319 7.835715016 0.06925629375 3.660490388 3.963661019 178.9737044 0.9993411032
104 55694 76 76 0 -0.05165504621 0.690489756 -0.9959930952 1.145797149 2.141790244 -1.118992132 1.428694468 2.5476866 0.2337256954 1.20647078 1.489368099 165.6477933 0.9999273845
105 54985 54 54 0 -0.4105971742 2.764412111 -3.305201671 4.598234459 7.90343613 -4.147334357 6.804105757 10.95144011 0.5186931831 4.551949878 6.757821175 225.8761597 0.9988365645
106 57123 97 97 0 -0.115378751 3.375706054 -5.086684927 5.265545327 10.35223025 -5.606878874 6.786930354 12.39380923 0.07324777632 5.526791412 6.753445085 187.6621946 0.9982653078
107 56072 73 73 0 0.2227897629 3.066292014 -4.707422056 4.798176706 9.505598762 -6.220108407 6.414433604 12.63454201 -0.0008122515663 5.774878959 6.841149004 215.4888059 0.9985687183
108 56076 76 76 0 -0.4751082923 4.08321571 -6.313616795 7.455779509 13.7693963 -6.648854698 8.601322875 15.25017757 0.3692350896 7.134961186 8.072877133 210.2088826 0.9974631012
109 56264 66 66 0 -0.04102559765 0.4930027835 -0.7405074136 0.8052763925 1.545783806 -0.9246567074 1.066136203 1.99079291 0.1186034751 0.8701045868 1.104307184 164.3986148 0.9999629816
110 55792 94 94 0 -0.07468485081 4.040386458 -6.153510165 6.661693369 12.81520353 -7.550693473 8.347465128 15.8981586 0.1432826571 7.12542475 8.416241731 206.4820858 0.9975157675
111 56739 79 79 0 0.09553829041 3.569819862 -5.545174658 5.846797762 11.39197242 -7.464424207 8.277095033 15.74151924 0.1664756336 6.801564446 8.010795435 218.8662006 0.9980605477
112 58158 99 99 0 -0.08135405721 1.532507303 -2.23921774 2.524065482 4.763283222 -2.569390321 2.810424051 5.379814373 0.1376375597 2.564196673 2.850555242 172.3317717 0.9996423302
113 57515 87 87 0 -0.0310186427 1.113105464 -1.63244278 1.824760058 3.457202837 -2.033590877 2.317645495 4.351236372 0.1285131777 1.917396013 2.348664137 168.7188868 0.9998113007
114 56729 135 135 0 -0.4192945077 4.290289247 -6.578674935 7.472365033 14.05103997 -8.18921625 9.604656532 17.79387278 0.1719686641 8.138921686 9.659640002 202.6607617 0.997199313
115 57763 54 54 0 -0.04888712103 2.50910293 -3.707556118 3.88089329 7.588449408 -3.927592963 4.589038799 8.516631762 0.1226632881 4.277532789 4.985678297 178.0790075 0.9990414012
116 57190 67 67 0 0.01960678082 0.701808483 -1.072105408 1.121704919 2.193810326 -1.382159276 1.491003521 2.873162797 0.1103576932 1.263285824 1.550781609 165.9711998 0.9999249846
117 59536 152 152 0 0.1236397747 3.53584947 -5.858495787 5.628879331 11.48737512 -7.566030864 7.750557074 15.31658794 -0.03165253581 6.615118572 8.282983767 194.9769739 0.9980971358
118 56705 106 106 0 -0.1257911422 3.547476121 -5.643707764 5.689245507 11.33295327 -7.068325832 7.372794423 14.44112026 0.1604191471 6.036040473 7.475849354 193.1293779 0.9980845016
119 58890 214 214 0 -0.1958717556 3.636802187 -5.517199723 6.032139851 11.54933957 -8.028126658 8.77799434 16.806121 0.1509501099 7.041959997 9.787814487 188.3480182 0.9979870501
120 59056 57 57 0 -0.1540864443 2.574298992 -3.78951516 4.199861919 7.98937708 -4.108372997 4.751250869 8.859623865 0.1515116919 4.887915082 5.439304031 177.9860541 0.9989909597
121 60114 132 132 0 -0.1598355944 1.548916284 -2.210149244 2.724804756 4.934954 -2.784646593 3.683433894 6.468080487 0.3271379086 2.808324567 3.766953705 169.4793349 0.9996346392
122 59707 67 67 0 -0.1330067192 2.416332828 -3.674052841 3.750565884 7.424618724 -4.355915101 4.816894342 9.172809443 0.101498026 4.385499736 5.067361996 186.5532663 0.9991109809
123 59436 70 70 0 -0.03291909553 0.8224183618 -1.274170541 1.351912811 2.626083352 -1.623647226 1.703539505 3.327186731 0.07802610081 1.514589545 1.668948271 167.1230704 0.9998969866
124 61508 59 59 0 -0.2529429397 3.086137529 -4.24757013 5.268888267 9.516458397 -5.195342208 7.570250174 12.76559238 0.4422893219 5.521831206 7.823193114 195.6857259 0.9985502263
125 57957 122 122 0 -0.09529766588 3.021174399 -4.579960602 5.249661753 9.829622356 -5.778554768 6.620575271 12.39913004 0.1987843931 6.046317797 7.417231314 187.5178266 0.998610521
126 59426 53 53 0 -0.05602016765 0.6072121401 -0.9576333255 1.043877993 2.001511319 -1.206762142 1.373166004 2.579928146 0.03459349718 1.198802298 1.528090308 166.8798994 0.999943844
127 61835 95 95 0 -0.07987838851 1.617030303 -2.439463125 2.50196915 4.941432275 -2.992897412 3.377791855 6.370689267 0.09093917203 2.756326072 3.433065965 173.2956246 0.999601796
128 60638 72 72 0 -0.01355933847 3.390388257 -5.456396386 5.578400849 11.03479723 -6.643077432 7.083748488 13.72682592 0.05519332411 6.752032773 7.93871382 206.6695702 0.9982503609
129 62811 101 101 0 -0.526669351 5.269939691 -7.627836945 8.919123721 16.54696067 -8.422399647 10.19185585 18.6142555 0.2040466728 9.121016506 10.39374864 182.7948903 0.9957756973
130 58929 74 74 0 -0.147941371 1.758934128 -2.656126731 3.019456165 5.675582896 -3.734083364 3.994720265 7.728803629 0.2102771653 3.10381069 3.931234726 183.9971313 0.9995288663
131 61929 134 134 0 0.3182295713 2.505494071 -4.194856565 3.818270381 8.013126946 -4.911795835 5.063582502 9.975378337 -0.1413878484 4.634361049 5.265780243 177.2566504 0.9990441953
132 60628 65 65 0 -0.09136271259 1.978958787 -3.099275684 3.265121764 6.364397448 -3.768339214 4.663928997 8.432268211 0.1953339667 3.756513448 5.155320681 193.8922572 0.9994036626
133 60758 54 54 0 -0.07307078152 0.8452890953 -1.232214999 1.365342078 2.597557077 -1.400740451 1.475890131 2.876630581 0.1060333369 1.607500801 1.718048854 168.889949 0.9998911769
134 63247 61 61 0 -0.01064841859 0.9556330598 -1.45621344 1.457732095 2.913945535 -1.761621869 1.849340075 3.610961944 0.0164284988 1.628700935 1.859988494 178.5855223 0.9998609128
135 63326 93 93 0 -0.124083935 2.325011519 -3.521330351 3.784081977 7.305412327 -4.446095132 5.314250825 9.760345957 0.1729582306 4.118066381 5.43833476 178.5166244 0.9991769102
136 63336 157 157 0 0.1699780664 2.534838421 -4.029360411 4.033232364 8.062592775 -4.694376499 5.433588551 10.12796505 -0.009597715307 4.422472542 5.349764565 175.0108482 0.9990216729
137 62101 53 53 0 -0.01323780906 2.982294392 -4.565216397 4.646651766 9.211868163 -4.991759055 5.135210048 10.1269691 0.04151744303 5.126459919 5.553002578 187.6340016 0.9986459073
138 61464 67 67 0 -0.012484321 0.9636598956 -1.478470559 1.645105784 3.123576343 -1.835732668 2.352702977 4.188435645 0.2757562288 1.837456784 2.545053977 168.9492268 0.9998585683
139 62167 82 82 0 -0.04837460081 1.089428988 -1.705160715 1.857111444 3.562272158 -2.277789445 2.456345562 4.734135007 0.1464892001 2.043588546 2.506044292 170.2752089 0.9998192443
140 65106 81 81 0 -0.5736683221 3.096609313 -4.245355026 5.267620857 9.512975883 -4.327806995 6.733476624 11.06128362 0.354551065 4.807054084 6.272909852 195.6245976 0.9985402287
141 61309 66 66 0 0.05862856788 1.445214024 -2.251913445 2.327437023 4.579350468 -3.067170781 3.436154998 6.503325779 0.07468144485 2.752181895 3.468544862 188.9015211 0.9996819232
142 64602 99 99 0 -0.08855606818 5.190975529 -7.813404982 7.987188346 15.80059333 -8.408833437 9.091471606 17.50030504 0.04554029903 8.497295866 9.092724321 183.087937 0.9959007457
143 61454 53 53 0 -0.05386435734 0.7690507412 -1.133692102 1.249287048 2.38297915 -1.385289536 1.999412266 3.384701802 0.3536011822 1.400093776 2.150218994 168.7944452 0.9999099222
144 64686 68 68 0 0.0802687432 1.308511562 -2.146793513 1.964844579 4.111638093 -2.857346823 2.452636172 5.309982995 -0.1764173847 2.338538187 2.679553388 183.6950245 0.9997392412
145 66568 80 80 0 -0.2581297375 2.901694653 -4.769301358 4.644169995 9.413471353 -5.855500965 5.790385206 11.64588617 -0.03743407851 5.340954024 6.199470877 203.6859643 0.998718185
146 68432 80 80 0 0.2440341331 2.8171649 -4.274663661 4.711109766 8.985773428 -5.430875283 6.111530502 11.54240579 0.2269738958 5.281826479 6.262745397 198.8017024 0.998791749
147 64054 149 149 0 -0.01061425259 2.274382751 -3.444386259 3.696840986 7.141227245 -3.744892785 4.792645249 8.537538034 0.1214315823 3.84936006 4.530625657 173.8265473 0.9992123366
148 61951 118 118 0 -0.1244535854 2.395454674 -3.507585246 3.947209229 7.454794476 -3.858411135 4.504964653 8.363375788 0.1450191358 3.929875682 4.439374329 177.4401898 0.9991262589
149 68054 59 59 0 0.2296748151 2.790015448 -4.454325502 4.432498173 8.886823676 -5.286834657 5.747629397 11.03446405 -0.05333802435 5.025901088 5.682829813 208.6757122 0.9988148999
150 63417 117 117 0 -0.2565637879 2.521816069 -3.652239589 4.155645059 7.807884648 -4.113859442 4.833633909 8.94749335 0.2120488037 4.193660098 4.871648948 188.9524238 0.9990316782
151 63516 50 50 0 0.1245472907 3.00232782 -4.505074811 4.569999949 9.07507476 -4.88075635 5.126689495 10.00744585 0.006609241248 5.199475291 5.575156831 187.9227187 0.9986276463
152 65334 124 124 0 -0.4992825045 4.877100918 -6.970686847 8.322748959 15.29343581 -7.665354548 9.593338644 17.25869319 0.2350982815 8.334880653 9.605470338 182.1790181 0.9963813389
153 63004 122 122 0 -0.1577221794 2.424193648 -3.483275397 3.965280843 7.448556239 -4.001121914 4.67229186 8.673413774 0.1625278505 4.031067259 4.738078277 177.705721 0.9991051705
154 64033 118 118 0 -0.07041710162 3.383178375 -5.198424842 5.436866203 10.63529104 -6.617996162 7.395685359 14.01368152 0.09260799694 6.238761423 8.197580578 183.3935927 0.9982577288
155 63186 55 55 0 -0.01027719626 1.220180503 -1.894270667 1.824892948 3.719163615 -2.3207576 2.203403108 4.524160707 -0.009057311468 2.085910736 2.438088128 173.0022374 0.9997732531
156 63550 56 56 0 -0.08469592621 1.127488594 -1.655020053 1.752752232 3.407772284 -1.800292535 1.962592176 3.762884711 0.08569290996 1.870352458 2.080192402 172.2571871 0.9998063917
157 63916 70 70 0 0.02618777012 1.104115339 -1.77341469 1.801267236 3.574681927 -2.272404812 2.42255792 4.694962731 0.01668779302 2.037024867 2.520373142 171.4973864 0.9998143378
158 63925 66 66 0 -0.005128347902 1.109292076 -1.781544065 1.963027817 3.744571882 -2.227576314 2.505234649 4.732810963 0.1770040814 2.074377637 2.5109948 171.1483366 0.9998125934
159 62333 108 108 0 0.05713479913 2.454997495 -3.712589035 3.721131341 7.433720376 -4.424458889 4.643354534 9.067813423 0.0137215249 4.187347099 4.794065849 183.7978241 0.9990822877
160 65393 92 92 0 -0.1733177429 1.609462592 -2.354498861 2.837370601 5.191869462 -2.987999744 3.996576663 6.984576407 0.3789676432 2.976429838 4.084905831 174.075961 0.9996055282
161 63370 125 125 0 -0.564242373 3.137962909 -4.342350719 4.559349818 8.901700537 -5.358411288 5.400928248 10.75933954 0.04799362924 4.956663174 5.402772006 180.6023363 0.9985008288
162 63762 53 53 0 -0.02805780306 1.283389239 -2.051998154 2.110771683 4.162769837 -2.401661845 2.615569464 5.01723131 0.002990950135 2.344564232 2.849362014 187.7198662 0.9997491561
163 66810 101 101 0 -0.3644581196 4.195115683 -6.054474527 7.021423345 13.07589787 -7.198960448 8.208963882 15.40792433 0.1365448549 7.404212275 8.591752812 182.282405 0.9973217775
164 64798 61 61 0 0.05523147295 1.37067395 -2.120315242 2.15101173 4.271326973 -2.784560111 2.764016 5.54857611 0.001477446668 2.563341912 2.88840302 179.8169265 0.99971388
165 64468 104 104 0 -0.09512970619 2.183338704 -3.472566943 3.454374483 6.926941426 -4.221855096 5.193571515 9.415426611 0.1784776159 3.743803191 5.413579625 188.0952547 0.99927415
166 65946 84 84 0 -0.1482252767 2.117759952 -3.478172034 3.401401358 6.879573392 -4.445691114 4.510110007 8.955801121 0.07743727164 3.804496118 4.661157313 191.4043637 0.9993170795
167 67738 304 304 0 -0.2412742712 4.060077304 -6.224065835 6.841136001 13.06520184 -8.103006407 8.819042002 16.92204841 0.1427247868 7.299382565 9.05155865 180.0158823 0.9974915209
168 66448 88 88 0 -0.07757463751 2.367335662 -3.422823503 3.765569056 7.188392559 -3.999356237 4.218754957 8.218111193 0.1036956987 4.130859354 4.584045254 178.8973789 0.9991466392
169 66474 76 76 0 0.01183539658 1.467043533 -2.27157124 2.46694905 4.738520291 -2.980819508 3.473625837 6.454445345 0.1613320256 2.867791543 3.87446833 174.5466135 0.9996722428
170 69498 67 67 0 0.130485644 1.909778353 -3.141427785 2.93101501 6.072442794 -4.097478128 3.609322353 7.706800481 -0.1550071104 3.437711488 4.106358087 177.9566716 0.9994446037
171 67716 98 98 0 0.04510679006 1.234948616 -1.828788261 1.87932512 3.708113382 -2.115493847 2.348707324 4.46420117 0.01747068276 2.023593121 2.28642996 171.5249458 0.9997677304
172 66464 74 74 0 -0.07003087158 1.383686571 -2.093576574 2.227868429 4.321445004 -2.585278708 3.117601304 5.702880012 0.1458328156 2.689664444 3.579397319 175.3249437 0.9997084221
173 68575 63 63 0 -0.07828960663 1.540981836 -2.383478676 2.271935885 4.655414561 -2.772915094 2.93807322 5.710988314 -0.02212843957 2.599809493 3.016362826 193.1899463 0.9996383649
174 66296 182 182 0 0.1331028573 3.288025667 -5.419578896 5.35727305 10.77685195 -7.051504328 7.296261155 14.34776548 -0.01643267872 6.152966208 7.290136655 193.6844562 0.9983543991
175 68567 81 81 0 -0.05107848841 1.912604836 -3.053181667 3.083971414 6.137153081 -4.087307926 4.175437363 8.262745288 0.03755183114 3.498699269 4.355097395 194.4872372 0.9994429648
176 70594 152 152 0 -0.5773025277 5.830858431 -8.272774157 9.82434139 18.09711555 -9.223930655 11.49458768 20.71851834 0.238690137 10.44653754 12.11678383 184.7639022 0.9948300809
177 70637 112 112 0 -0.1505284036 2.213631155 -3.479639742 3.777680054 7.257319796 -4.622398869 5.071215477 9.693614346 0.1710118048 4.049907067 4.867230243 178.5326576 0.9992538799
178 68213 55 55 0 -0.655727762 5.261318638 -7.707153925 8.595609745 16.30276367 -8.797898415 9.598942378 18.39684079 0.168716415 10.21138277 11.30212726 214.1007635 0.9957894274
179 71873 220 220 0 -0.177150233 3.182979336 -4.785247767 5.402395107 10.18764287 -6.482441894 8.094058021 14.57649992 0.2151798713 5.774778677 8.059159713 177.2778394 0.9984578754
180 72670 184 184 0 -0.1293314571 2.182129917 -3.29912458 3.562590437 6.861715017 -4.219166678 4.195757903 8.414924581 0.09539762198 3.719301036 4.316514801 169.8602696 0.99927492
181 71904 217 217 0 -0.01888531616 2.324523497 -3.728958594 3.582441914 7.311400509 -5.052110813 5.200116529 10.25222734 0.00649623009 4.307607784 5.573021564 172.7359163 0.9991772584
182 72029 75 75 0 -0.1325149602 2.152217473 -3.220498499 3.619997325 6.840495824 -3.971131268 4.686642781 8.657774049 0.1644662896 3.824641368 4.538882831 199.0425375 0.9992946813
183 74978 157 157 0 -0.2644765293 2.878938119 -4.417287637 5.310050301 9.727337938 -5.806083014 6.353060702 12.15914372 0.1731413399 5.400587043 6.419093458 183.7172651 0.9987382177
184 70005 224 224 0 -0.190407995 3.148161937 -4.709657178 5.646317584 10.35597476 -6.318558591 8.019101876 14.33766047 0.2944105576 5.78721343 7.940177199 183.5306298 0.9984914139
185 70467 133 133 0 -0.1580106535 2.962287104 -4.636593565 5.105344393 9.741937958 -6.119340059 6.602975892 12.72231595 0.1740989062 5.553890887 6.555492793 200.2703735 0.9986641603
186 69107 54 54 0 -0.05124792425 1.492040465 -2.402660432 2.407342626 4.810003058 -2.843260217 3.253067632 6.096327849 0.1048644968 2.677386578 3.523111584 177.5066562 0.9996609765
187 70647 59 59 0 -0.02871148452 1.511689351 -2.244633097 2.428580424 4.673213521 -2.844540804 3.228040904 6.072581708 0.1308321074 2.710296458 3.378773916 179.5386681 0.9996519865
188 70270 54 54 0 -0.01746575196 1.219959436 -1.744076766 1.91983487 3.663911636 -2.054139311 2.684312004 4.738451315 0.1940333946 2.035544788 2.776053668 182.3939704 0.9997733367
189 69637 263 263 0 -0.5212017866 5.473748492 -7.924547165 10.02827174 17.95281891 -10.26094169 14.72224059 24.98318228 0.4457446904 10.23332617 14.73955213 192.3545489 0.9954456532
190 69469 90 90 0 -0.03761697825 1.728019487 -2.731139328 2.990001499 5.721140826 -3.344988974 4.09340225 7.438391223 0.1973251999 3.324841559 4.42824231 178.687624 0.999545281
191 71008 126 126 0 -0.0977574913 2.578119183 -4.166951611 4.364033567 8.530985178 -5.110613071 6.04810611 11.15871918 0.1534115586 4.86819017 6.254718903 180.1113769 0.9989880483
192 74929 57 57 0 -0.7480148711 6.421213097 -8.906570316 10.73333864 19.63990896 -10.88606387 13.45235626 24.33842013 0.2576014982 13.24411497 15.96313258 212.6806024 0.9937335582
193 68168 74 74 0 -0.3942788861 2.541116639 -3.782736893 4.279292509 8.062029402 -4.808904472 5.608110252 10.41701472 0.193646494 4.615701502 5.254377139 202.3122275 0.9990168645
194 72414 70 70 0 -0.09975000616 1.628820972 -2.367847636 2.691048396 5.058896032 -2.673452601 3.286178285 5.959630886 0.1949708485 2.729569796 3.062778338 196.4580698 0.9995959691
195 71369 170 170 0 -0.1371871505 3.875625598 -5.801358236 6.268812999 12.07017124 -6.857909841 8.263979087 15.12188893 0.1317962306 6.814782281 8.809948369 183.9665401 0.9977139509
196 73817 118 118 0 -0.05432621431 1.911065338 -3.124711155 3.192306715 6.31701787 -3.78433284 4.386899659 8.171232499 0.1054319722 3.657766141 4.852359085 171.6617636 0.999443859
197 81346 213 213 0 -0.1275939405 3.215245931 -4.578356322 5.349537692 9.927894014 -5.227692816 6.853774202 12.08146702 0.2111475165 5.462740787 6.966977297 166.3792856 0.9984262459
198 69688 54 54 0 -0.1384605508 3.166308813 -5.839488078 5.090988067 10.93047614 -5.903133974 7.227121372 13.13025535 0.009277279036 5.830852411 7.249368529 209.9547367 0.9984739432
199 70970 90 90 0 -0.008552469622 3.051263999 -4.635316576 4.738534972 9.373851548 -5.113123315 5.639217473 10.75234079 0.04556705563 4.982924351 5.587526214 188.3725881 0.9985825854
200 75710 53 53 0 -0.179027562 1.696634405 -2.555303562 2.998873761 5.554177322 -2.676699821 4.122814523 6.799514344 0.4445440174 3.30535024 4.429291002 188.2062529 0.9995616473
201 73174 75 75 0 -0.05041995163 2.877896331 -4.564280547 5.228611647 9.792892194 -5.898242142 5.399130602 11.29737274 0.09652201072 5.442227906 5.734459791 208.450841 0.9987391379
202 74484 205 205 0 -0.1291259002 4.135152364 -6.333275568 6.573840545 12.90711611 -7.968192435 8.318117959 16.28631039 0.06882429341 7.128938989 8.402369526 187.5259044 0.9973977855
203 75295 113 113 0 -0.1263956647 2.855291854 -4.336911328 4.994722407 9.331633735 -5.789230534 6.986628856 12.77585939 0.2566138985 5.526530575 7.231763218 183.8402175 0.9987589046
204 74995 108 108 0 -0.02731756879 1.469198977 -2.198203186 2.330804989 4.529008175 -2.583986855 2.879314865 5.46330172 0.06691845667 2.473369327 2.958911535 167.8466043 0.9996712682
205 75394 113 113 0 -0.02610916621 1.465503524 -2.177817475 2.353263501 4.531080975 -2.359677499 2.653663732 5.013341231 0.1076188243 2.499075643 2.799475874 167.311472 0.9996729189
206 78088 62 62 0 -0.9951050122 4.535932955 -5.984603333 8.100312751 14.08491608 -6.190303666 12.32238731 18.51269098 0.6265498865 7.86852015 12.09059471 205.68259 0.9968705172
207 74751 58 58 0 -0.1557296144 1.730367472 -2.434857816 2.667963614 5.102821429 -2.712929895 3.435382289 6.148312184 0.2010308776 2.738962367 3.391539979 197.765659 0.9995440277
208 75684 143 143 0 -0.1097187281 3.155214606 -5.000201632 5.35089464 10.35109627 -6.491027664 7.392329307 13.88335697 0.142819747 5.948698069 7.892865419 186.0637564 0.9984845969
209 77286 80 80 0 -0.04760008761 2.159949417 -3.235189281 3.692306895 6.927496176 -3.925306789 5.204350964 9.129657754 0.2754624855 3.81046923 5.242185903 185.0984677 0.9992896166
210 75792 97 97 0 -0.0177280842 1.219000682 -1.888297414 1.914314383 3.802611797 -2.235927667 2.238371163 4.47429883 0.03378167161 2.045019725 2.256099247 167.3207366 0.999773691
211 75431 122 122 0 0.3266775696 3.988272936 -6.222312686 6.641594661 12.86390735 -7.997066352 8.578710565 16.57577692 0.05477052758 7.294349552 8.292697767 192.1392327 0.9975795078
212 74738 52 52 0 0.2230860477 3.021684126 -4.769741675 4.414641123 9.184382798 -6.20513759 6.159812561 12.36495015 -0.1103241165 5.265630015 6.358263812 216.1425882 0.9986100579
213 76879 70 70 0 -0.01740605614 2.043949503 -3.266082324 3.069037803 6.335120127 -4.248041213 3.637415358 7.885456571 -0.08950411081 3.591506835 4.573465724 183.6309749 0.9993638316
214 83339 121 121 0 -0.02676410539 2.431942171 -3.872849792 3.960494105 7.833343898 -4.858171995 5.495290587 10.35346258 0.09685526509 4.443218032 5.91024455 186.8679909 0.9990994901
215 76462 129 129 0 -0.02527801455 3.935929784 -6.151885698 6.07576945 12.22765515 -7.810099164 7.354366264 15.16446543 -0.01107271791 6.830463811 7.760451783 189.8918109 0.9976422887
216 76343 68 68 0 -0.6205419838 5.336917459 -7.565420224 8.742173968 16.30759419 -9.381244994 10.18342756 19.56467255 0.1992698161 11.93769672 13.37895031 217.0036488 0.9956677984
217 74850 53 53 0 0.03991006738 1.748276047 -2.797461074 2.615524126 5.412985201 -3.335246253 3.15784494 6.493091193 -0.04695132599 3.059648447 3.335985028 198.3682432 0.999534545
218 79912 99 99 0 0.1922372578 2.525241272 -4.074661757 4.074210169 8.148871926 -5.277575186 5.408252404 10.68582759 -0.01501190777 4.734353169 5.906674255 205.0363072 0.9990291095
219 76043 90 90 0 0.09123281706 2.767204926 -4.389243783 4.361653345 8.750897128 -5.644761837 5.690513813 11.33527565 0.0007262761306 5.046065959 6.135910088 195.1035579 0.9988341826
220 80077 76 76 0 0.00354894252 2.149898035 -3.357038426 3.526066825 6.88310525 -4.222775081 5.054847162 9.277622243 0.1162458414 4.010152758 5.157167444 193.0038032 0.999296221
221 86199 237 237 0 -0.1204086255 2.954832108 -4.261133192 5.013932074 9.275065265 -4.723661607 6.862435225 11.58609683 0.2891104482 5.017419815 6.865922966 169.4880286 0.9986708116
222 80174 132 132 0 -0.109978171 2.019140294 -3.081796472 3.514653194 6.596449667 -3.761926163 4.561381441 8.323307603 0.1958209079 3.711999103 4.758727349 175.4728129 0.9993791926
223 83275 65 65 0 0.0606185423 3.225715663 -4.734784443 5.128510012 9.863294455 -5.956573694 6.103415072 12.05998877 0.0412172854 5.501784808 6.451939256 188.1100172 0.9984159826
224 83256 297 297 0 0.2943020612 5.278138013 -9.099301749 8.246455312 17.34575706 -12.36419883 10.47294174 22.83714057 -0.1852039893 9.81956113 13.02466506 199.282905 0.9957636034
225 81258 71 71 0 -0.04330831669 2.58512377 -4.100996264 4.17621712 8.277213384 -5.113580588 5.508440906 10.62202149 0.08851225192 4.677129365 5.338946496 190.1057031 0.9989825226
226 78827 93 93 0 -0.055699231 2.558438511 -3.954890048 3.997666117 7.952556165 -5.022960228 5.628219134 10.65117936 0.073487368 4.663190375 5.350884017 198.827878 0.9990033972
227 83935 81 81 0 -0.3731017402 3.271037543 -5.246025585 5.896484106 11.14250969 -5.483457521 7.544163203 13.02762072 0.3816896103 6.057215881 7.704894978 212.3137289 0.9983714448
228 82985 157 157 0 -0.2279642457 2.943363946 -4.408085889 4.967353721 9.375439611 -5.786167386 7.514680126 13.30084751 0.2387954776 5.271243038 7.591156866 179.2067835 0.9986811493
229 90600 108 108 0 0.09834077288 2.487928946 -4.122430272 4.21347759 8.335907861 -4.846431734 5.293482645 10.13991438 0.04451404336 4.685483823 5.679860952 190.9390221 0.9990575767
230 84985 173 173 0 -0.1763745275 1.737880291 -2.427062411 3.14043221 5.567494621 -2.716497617 4.485509201 7.202006818 0.456614469 3.112647356 4.457724347 167.219962 0.9995400777
231 79611 51 51 0 -0.0874502497 2.036187015 -3.119930817 3.204531809 6.324462626 -3.793066513 3.914133554 7.707200067 0.0735351678 3.483862955 3.918440621 208.3453632 0.9993686511
232 85006 83 83 0 -0.01748078461 3.287795915 -5.609985689 5.541312011 11.1512977 -7.279432697 5.912581988 13.19201468 -0.1267798412 6.087287092 7.083140549 191.0160843 0.9983546419
233 93015 78 78 0 -0.05258020024 2.581885118 -3.975189117 4.007842732 7.983031849 -5.10648016 5.867517833 10.97399799 0.08502185893 4.600944405 6.073931447 200.2435582 0.9989850727
234 91002 87 87 0 -0.3185349336 2.712698253 -4.23548215 4.79449518 9.029977329 -5.317720693 5.936693594 11.25441429 0.2033763299 4.990107065 5.936036471 195.4464243 0.9988796909
235 80834 71 71 0 -0.07549515198 2.47115173 -3.750509744 3.82494952 7.575459264 -4.674840112 4.27569712 8.950537233 -0.003046444744 4.101661636 4.970487542 200.617296 0.9990701851
236 84069 81 81 0 -0.1208625564 2.622676351 -4.332111347 4.260773788 8.592885135 -5.694058149 5.422850081 11.11690823 -0.0653732312 4.942344271 5.644795589 195.1476425 0.9989527828
237 88993 234 234 0 -0.1721775853 2.537359975 -4.051997447 4.371199608 8.423197055 -5.377392808 6.497178032 11.87457084 0.1826286557 4.726220353 6.599952009 173.0479652 0.9990197982
238 86978 150 150 0 -0.1529877452 2.01365479 -3.039836455 3.544489658 6.584326112 -4.005748018 4.906924848 8.912672866 0.2512588277 3.659947219 4.849218134 168.3578574 0.9993825671
239 85566 63 63 0 -0.5987137652 5.794491978 -7.949138319 9.904042921 17.85318124 -9.286604432 11.35420162 20.64080605 0.2407543169 14.54012255 15.99028124 221.4599773 0.9948944361
240 87788 112 112 0 -0.1211969189 1.688529357 -2.461868116 2.71901848 5.180886596 -3.085013764 3.953680823 7.038694587 0.2016770036 2.976260057 3.856498996 165.3651966 0.9995658133
241 91438 194 194 0 -0.01476704504 1.999627262 -3.112858233 3.105030371 6.217888604 -3.853526483 4.258324167 8.11185065 0.03051502144 3.444349279 4.454396122 163.1935935 0.999391114
242 89844 201 201 0 -0.278072885 3.616597819 -5.480992623 6.247364957 11.72835758 -7.240697398 8.501552391 15.74224979 0.26092264 6.757853879 9.012041314 181.4281994 0.998009401
243 95842 263 263 0 -0.1620917895 2.382577282 -3.456164165 3.91967989 7.375844055 -3.817092686 4.644902475 8.46199516 0.1645336265 4.209701443 4.934924027 160.9417159 0.9991356231
244 83229 56 56 0 -0.239422834 2.076901459 -3.043613549 3.576199946 6.619813495 -3.850391736 5.114211498 8.964603234 0.3586620581 3.714387996 4.876577692 215.8567756 0.9993431899
245 95443 244 244 0 -0.1857222848 2.161679396 -3.092862717 3.641706429 6.734569146 -3.560576166 4.081711378 7.642287544 0.208253666 3.869625904 4.309630853 160.7514993 0.9992884405
246 93446 224 224 0 -0.1448629521 2.006686884 -2.931523143 3.308319961 6.239843103 -3.564380464 3.930637193 7.495017657 0.129633344 3.362827108 3.94030835 161.5068211 0.9993868018
247 86776 53 53 0 -0.09898371252 1.730698943 -2.569710475 2.866599431 5.436309906 -3.175827371 3.408234055 6.584061426 0.1384100334 3.165343307 3.706977931 204.2381218 0.9995438565
248 83640 54 54 0 0.01196578608 1.942147216 -3.073610899 3.142698346 6.216309245 -3.739455617 3.284605513 7.02406113 -0.01795045168 3.476766082 3.540809141 211.6593023 0.9994256122
249 88110 61 61 0 -0.08102999019 2.666594031 -4.082374767 4.306915222 8.389289988 -5.353241247 5.38553053 10.73877178 0.01959584769 4.808996348 5.494840864 195.6326664 0.9989174036
250 95422 109 109 0 -0.1286506109 1.524195268 -2.439929463 2.520172478 4.960101941 -3.35560014 3.33547225 6.69107239 0.08095269218 2.783386605 3.576232796 179.5281053 0.9996462084
251 87679 90 90 0 0.0549508498 2.170846693 -3.43972636 3.296764995 6.736491355 -4.237658629 4.100347153 8.338005782 -0.06532831349 3.689157091 4.390451093 220.3365209 0.9992824045
252 89293 95 95 0 -0.4773411021 4.215724254 -5.920171246 7.568501193 13.48867244 -6.918568351 9.333788304 16.25235665 0.3705039308 8.334835015 10.10012213 229.2064315 0.9972957901
253 96263 261 261 0 -0.13966843 2.362544492 -3.510216078 4.049278642 7.55949472 -4.542101327 5.746334479 10.28843581 0.250578898 4.306958494 6.00401433 169.9405676 0.9991501467
254 90117 145 145 0 0.5111239489 4.051390043 -6.930457391 5.898945576 12.82940297 -9.076949187 7.093581688 16.17053087 -0.3146283568 9.028766978 11.17525877 208.1205008 0.9975022155
255 91347 55 55 0 0.1343155279 2.030644774 -3.281482987 3.176653635 6.458136622 -4.105397704 3.99356673 8.098964434 -0.04606876108 3.654480827 4.239713232 194.1832093 0.999372095
256 99061 53 53 0 -0.3664606351 5.752332389 -9.499752517 9.202957814 18.70271033 -10.94476741 12.01595811 22.96072552 0.0211816744 12.73019487 15.54319516 295.4116251 0.9949692579
257 97245 79 79 0 -0.1885665329 2.701919112 -4.096678407 4.614302039 8.710980446 -5.338291911 6.100720215 11.43901213 0.1717922717 5.108586936 6.075527325 212.384189 0.9988885892
258 94534 67 67 0 -0.2558143024 3.235997047 -5.014574049 4.775031242 9.789605292 -6.550025555 6.47263728 13.02266283 0.005577828504 5.950201779 6.825496068 230.6776783 0.9984059783
259 100594 214 214 0 0.08222402114 1.347213026 -2.322819144 1.917812933 4.240632077 -3.005275675 2.323209174 5.328484849 -0.2602287533 2.295982184 2.83737721 162.4371396 0.9997235886
260 89153 54 54 0 0.02682125574 1.620010462 -2.63700584 2.745530371 5.382536211 -3.20525297 3.67381274 6.87906571 0.1042384924 3.069475709 3.570826535 21.13645903 0.999600341
261 93347 50 50 0 0.4573785162 2.521719933 -4.558478754 3.333591416 7.89207017 -6.184017616 3.42862866 9.612646277 -0.6379362916 4.822449656 6.447988519 205.0562079 0.9990318499
262 91158 50 50 0 -0.111080929 1.247857125 -1.754862545 2.070578144 3.825440689 -2.041203005 2.768054897 4.809257902 0.3316830811 2.504496686 3.201973439 13.74360959 0.9997628526
263 94858 59 59 0 -0.06361490185 5.909928622 -8.237048724 9.411435497 17.64848422 -9.290368986 12.09572513 21.38609412 0.2471359439 13.42151297 16.1058026 225.249876 0.994689364
264 98040 75 75 0 -0.01287664433 3.627742715 -5.743318377 6.083386462 11.82670484 -7.345730232 8.137496431 15.48322666 0.07143459326 6.763029328 8.541164647 219.4624325 0.997997097
265 96139 170 170 0 -0.1050539871 4.187028266 -7.004745166 7.00528558 14.01003075 -8.023978935 9.777466772 17.80144571 0.1166944561 9.075397175 10.09463094 216.8137981 0.9973326243
266 99440 76 76 0 0.05794970621 2.649488002 -4.336645388 4.205518493 8.542163881 -5.528508424 5.902568228 11.43107665 0.01784950069 4.937507627 5.926857422 181.473374 0.9989312605
267 107040 103 103 0 -0.04576507293 1.369924561 -2.266090068 2.331082913 4.597172981 -2.986150917 3.158332967 6.144483883 0.05883312801 2.627751129 3.265034635 175.9010809 0.999714197
268 108496 93 93 0 -0.0822489589 1.902120293 -3.047969574 2.871257133 5.919226707 -3.955317238 4.226662742 8.181979981 0.02718440959 3.309840723 4.322534585 181.9680951 0.9994490515
269 104081 238 238 0 0.1097185964 3.254601247 -5.418336385 5.331916089 10.75025247 -7.276694451 7.784119017 15.06081347 0.008027416895 6.14610269 8.463331046 172.5595038 0.9983877093
270 105932 228 228 0 -0.06870762371 1.877507242 -2.991855076 3.35467542 6.346530496 -3.927192499 4.56116996 8.488362459 0.2002416026 3.559575458 4.703147142 163.499254 0.9994632237
271 98764 78 78 0 -0.02040030387 1.704172025 -2.649339953 2.710132063 5.359472016 -3.022812676 3.133920755 6.156733431 0.06435573369 2.969865523 3.393654215 9.599479236 0.9995577261
272 110635 198 198 0 -0.2112739447 1.774575171 -2.488585655 2.975554466 5.464140121 -2.905921733 3.606676313 6.512598047 0.2510584167 3.220626082 3.85174793 157.943459 0.9995204339
273 111650 210 210 0 -0.2084465407 1.789692991 -2.596853911 3.044948713 5.641802625 -3.224558661 3.844905275 7.069463936 0.2555556442 3.356921112 4.156877674 159.1227439 0.9995122357
274 99562 56 56 0 0.005005192956 1.267917643 -1.900800583 1.989630807 3.89043139 -2.349689545 2.142845063 4.492534608 -0.01942184313 2.271968693 2.720857656 14.89214472 0.9997551645
275 111641 246 246 0 0.03646118919 2.150829257 -3.528395663 3.518054698 7.046450361 -4.769681367 5.083369953 9.85305132 0.007102495707 4.033518914 5.029581498 168.5094579 0.9992956048
276 100073 78 78 0 -0.3942163992 4.977641554 -8.168210083 7.467201677 15.63541176 -10.64393143 8.071230773 18.7151622 -0.1650141508 10.10827246 12.58399381 225.5191933 0.9962310036
277 109268 116 116 0 0.04384178154 2.7421516 -4.390428809 4.317881399 8.708310208 -5.83154404 5.847938 11.67948204 -0.007246416174 5.001802093 5.860072634 180.840392 0.998855214
278 102286 82 82 0 -0.134962144 2.223602492 -3.171352295 3.549172182 6.720524476 -3.733829266 4.052259697 7.786088963 0.1415791781 4.008751593 4.511839108 8.505046759 0.9992470969
279 112377 56 56 0 -0.3511508162 3.806390732 -5.221365884 6.550812454 11.77217834 -5.851908283 9.076534047 14.92844233 0.360501518 7.123142503 9.648864095 281.652556 0.9977950248
280 109609 187 187 0 -0.04436517697 1.316077558 -1.944476868 2.204751159 4.149228027 -2.193873695 3.284080194 5.477953888 0.2734061208 2.412866928 3.492195963 163.8186551 0.9997362175
281 111968 79 79 0 -0.159052952 1.890549906 -2.754938682 3.147187503 5.902126185 -3.691500535 4.046625102 7.738125638 0.09589579017 3.503465407 4.205678055 185.1899699 0.9994557305
282 104605 54 54 0 -0.1943285339 1.53858385 -2.205806134 2.790390945 4.996197079 -2.701947322 3.299378744 6.001326066 0.3653888273 2.89204436 3.401032159 20.77145973 0.999639498
283 106093 53 53 0 -0.01642285298 0.7572403178 -1.198967484 1.249407528 2.448375012 -1.43083436 1.685760755 3.116595115 0.1244243964 1.385304322 1.821657549 3.505280914 0.9999126671
284 112328 217 217 0 -0.1157015761 1.098903952 -1.607317252 1.977993801 3.585311053 -2.021863882 2.905452657 4.927316539 0.3896507383 2.14192795 3.069386807 157.4183213 0.999816088
285 106107 88 88 0 0.001331513668 2.2169022 -3.404926202 3.467454435 6.872380637 -4.316384212 3.940516108 8.256900321 0.001329284568 3.780657526 4.692115536 13.82990769 0.9992516318
286 115586 304 304 0 -0.2646621714 3.45342574 -5.233283048 6.056441523 11.28972457 -6.714133069 9.090837844 15.80497091 0.2752156079 6.369255765 9.323088137 171.3282503 0.9981848651
287 117019 59 59 0 -0.2621564722 2.018765682 -2.81194061 3.396657443 6.208598053 -2.943165864 4.254151328 7.197317192 0.3063619665 3.975874408 4.833368293 270.0502369 0.9993794059
288 109691 57 57 0 -0.2147761082 1.523586361 -2.200100833 2.501872327 4.70197316 -2.439796697 3.009317745 5.449114443 0.254580162 2.562802518 2.807034615 3.201176598 0.999646483
289 115814 76 76 0 0.100585422 1.938091274 -3.258602736 3.240992236 6.499594972 -4.095995223 4.424462288 8.520457511 0.06966224762 3.679624509 4.410857966 189.1686745 0.9994280316
290 114958 57 57 0 -0.1061685241 3.414953108 -5.129540802 5.652971908 10.78251271 -6.796507673 7.026933198 13.82344087 0.1214907179 6.307485555 7.133101722 225.2896096 0.9982249686
291 115594 93 93 0 -0.06832009737 2.189747331 -3.163859688 3.772455977 6.936315664 -4.003282711 5.107141407 9.110424117 0.2971743302 3.916713174 5.083981465 184.0121212 0.9992698811
292 118341 78 78 0 -0.0004931461669 1.966554021 -3.293190925 3.175952466 6.469143391 -4.328058588 4.044990317 8.373048905 -0.08111729066 3.579306813 4.334801664 193.6697162 0.9994111048
293 118649 197 197 0 -0.09782894894 1.21272161 -1.720633454 1.998139465 3.718772918 -1.895558682 2.461311581 4.356870263 0.1828430431 2.147146905 2.610319022 155.1051965 0.9997760158
294 114177 173 173 0 -0.03999814119 1.226683645 -1.825707997 2.153834596 3.979542593 -2.213790552 3.013342531 5.227133083 0.2647121818 2.208826116 3.053340672 158.6538259 0.9997708333
295 111143 59 59 0 -0.1022492439 0.917915335 -1.331133822 1.399759705 2.730893527 -1.848922009 1.951141957 3.800063966 0.05440288621 1.708719794 1.979647107 2.427702609 0.9998716754
296 116981 155 155 0 0.05535147861 1.074049377 -1.877234697 1.568100031 3.445334728 -2.478748102 1.871047898 4.349796 -0.2643048837 1.877525767 2.433871628 159.9311677 0.9998243104
297 111154 70 70 0 -0.1017989522 1.856267794 -2.787440343 2.825774025 5.613214368 -3.583696312 3.612610403 7.196306714 0.0405659147 3.483304196 4.279560164 11.46932271 0.9994752746
298 119490 191 191 0 -0.1126553439 1.063140907 -1.512831194 1.80424841 3.317079604 -1.777589739 2.114142083 3.891731822 0.2287599252 2.016109961 2.326003634 155.0499565 0.9998278597
299 119797 333 333 0 -0.1923307399 2.194359649 -3.335983264 3.862488467 7.198471731 -4.179157728 5.719999457 9.899157186 0.2822487909 4.053362896 5.817942733 163.6361964 0.9992668174
300 114063 61 61 0 -0.02116075306 1.305352294 -1.959202779 2.183863285 4.143066064 -2.383068837 2.676765827 5.059834664 0.1602997514 2.274297385 2.562975742 5.42987929 0.9997404979
301 120605 109 109 0 0.01772643031 1.526169952 -2.496095761 2.60779075 5.103886511 -3.297187993 3.607196149 6.904384142 -0.02027216954 2.980439169 3.83202959 173.1075558 0.9996452929
302 115680 63 63 0 -0.1079200129 0.8527064646 -1.212267063 1.390394943 2.602662006 -1.399687035 1.671265408 3.070952443 0.2015622512 1.438541108 1.719411573 356.1894916 0.999889259
303 115738 75 75 0 0.04993428841 1.899939353 -2.929223042 2.999125506 5.928348549 -3.54888701 3.486121197 7.035008207 0.03816445447 3.305944531 3.629070639 9.637418241 0.9994502972
304 118636 108 108 0 -0.01529471205 1.075228476 -1.783259633 1.763383029 3.546642662 -2.33732288 2.433549616 4.770872496 0.04663721666 2.01915379 2.497488438 159.6360463 0.9998239258
305 121513 149 149 0 -0.02505597045 2.336228768 -3.547765339 3.698197072 7.245962411 -4.53365958 4.889297036 9.422956616 0.04236870988 4.13336565 5.299084233 176.6442662 0.9991689399
306 122033 176 176 0 -0.03906664438 1.990549565 -3.027542558 3.221214502 6.24875706 -3.974517626 4.200632709 8.175150335 0.08866416217 3.509931277 4.109390817 164.2162545 0.9993966325
307 124894 78 78 0 -0.06974155278 1.50700888 -2.414824008 2.486849615 4.901673622 -3.082473304 3.549637721 6.632111025 0.07866741205 2.78321628 3.697316939 177.1084336 0.999654142
308 126427 54 54 0 0.1926027433 2.775823884 -4.259218119 4.718693891 8.977912009 -4.841548188 7.59608734 12.43763553 0.4277929349 5.155203508 8.032596957 283.7408965 0.9988271458
309 123246 76 76 0 1.070413595 5.989974408 -7.888895988 10.28560449 18.17450048 -7.984128334 13.22804288 21.21217122 0.2615842436 9.416211143 11.79060251 286.4338844 0.9945452792
310 122340 174 174 0 -0.07252965304 0.7287478004 -1.105912328 1.262096376 2.368008704 -1.332116156 1.84423318 3.176349336 0.2856138823 1.339059602 1.921196406 154.8505123 0.9999191155
311 126101 274 274 0 -0.03061441081 3.022360326 -4.258110646 4.926535656 9.184646301 -5.747379123 6.683236848 12.43061597 0.1418664441 5.035737404 6.695845113 167.7250286 0.9986093566
312 127875 66 66 0 -0.006210858925 1.282374693 -2.011966546 1.926497719 3.938464264 -2.386688319 1.946866685 4.333555005 -0.01923229963 2.143005332 2.177473533 268.1148634 0.9997495501
313 122137 54 54 0 -0.1096681563 0.9835410709 -1.433736152 1.74051392 3.174250072 -1.749157261 1.917315748 3.666473009 0.2283772656 1.768921108 1.945722936 18.85521315 0.9998526715
314 124351 125 125 0 -0.02089817305 0.7313986629 -0.9910240515 1.277596283 2.268620335 -1.307123598 1.801927617 3.109051215 0.2010391247 1.31386653 1.809266624 155.7307868 0.9999185258
315 128076 61 61 0 0.01978617579 1.456844488 -2.332368332 2.33021462 4.662582953 -3.267202186 2.935511549 6.202713736 -0.1439804409 2.702159945 3.105636626 180.3300268 0.9996767822
316 124622 169 169 0 -0.05699760153 0.800122585 -1.211677016 1.404795858 2.616472874 -1.5029273 1.987408979 3.490336279 0.2975876464 1.579151677 2.161764798 155.0796232 0.9999024963
317 126422 67 67 0 -0.04714816099 0.8906046805 -1.294123542 1.55820665 2.852330192 -1.421207001 1.73790132 3.159108321 0.2418011202 1.754262761 1.93395743 266.4300841 0.9998791971
318 130158 229 229 0 -0.2283951806 1.081199435 -1.654523036 1.923938757 3.578461793 -2.472210734 2.835857303 5.308068037 0.2790123919 2.214728206 3.066986865 156.5733964 0.9998219669
319 130116 73 73 0 0.07948811846 1.66201618 -2.77117138 2.864188446 5.635359826 -3.423303119 3.504368831 6.92767195 -0.00430703982 3.364831603 4.005011988 184.7900691 0.9995793451
320 129256 184 184 0 -0.02345820464 1.228388837 -1.877824076 2.100295383 3.978119459 -2.257403189 3.089187643 5.346590832 0.2023662094 2.265198617 3.254090877 156.8299869 0.9997701955
321 130414 84 84 0 -0.1619116213 1.662175921 -2.561184568 2.608452449 5.169637018 -3.159931967 3.346699472 6.506631439 0.1402376722 2.914647901 3.490631736 170.3123825 0.9995792558
322 129580 258 258 0 -0.07117723326 1.468396345 -2.101014491 2.679250377 4.780264867 -2.593210504 3.422797993 6.016008497 0.3167924656 2.608132902 3.326868096 159.3848413 0.999671634
323 129834 152 152 0 -0.1368024134 2.004986471 -2.990956837 3.249475758 6.240432595 -3.666174345 4.051986948 7.718161293 0.1269372021 3.469603401 3.935927589 162.2508809 0.9993878432
324 134590 334 334 0 -0.1507475443 2.448541611 -3.641599612 3.876767736 7.518367348 -4.223352132 5.390786553 9.614138684 0.1795142836 4.029458354 5.534714987 172.2429328 0.9990871301
325 131876 60 60 0 -0.1758923395 1.783785016 -2.734709562 2.693001098 5.42771066 -3.397057036 3.630636192 7.027693228 0.03201329438 3.407077487 3.581431427 189.9427702 0.999515455
326 132535 156 156 0 -0.2876263062 2.025726249 -2.970779354 3.487030519 6.457809873 -3.88654987 3.567470617 7.454020487 0.127558289 3.411926042 4.033971105 179.6227978 0.9993751179
327 132832 68 68 0 -0.1628595432 1.653660536 -2.500155972 2.774926392 5.275082364 -3.030672288 2.848194057 5.878866345 0.1929308818 2.762084292 3.292600608 185.2342722 0.9995835563
328 135139 331 331 0 -0.05790769041 0.5900181005 -0.8436403012 0.990381393 1.834021694 -0.9521478315 1.312392161 2.264539992 0.2741631539 1.149445563 1.47145633 152.1755565 0.999946979
329 134556 281 281 0 -0.04593714062 0.690356918 -1.022515505 1.144279561 2.166795066 -1.201232627 1.628572826 2.829805453 0.2572672016 1.179431252 1.663724516 152.5193434 0.9999274127
330 136318 288 288 0 0.002425303153 0.7356509715 -1.193130621 1.191730105 2.384860726 -1.506091945 1.688611992 3.194703937 0.03452559141 1.364695444 1.86157733 153.2111988 0.9999175757
331 133677 189 189 0 0.009730425037 0.7296644746 -1.205112464 1.166585133 2.371697597 -1.559879591 1.562346839 3.12222643 0.04933406569 1.372638463 1.618665373 153.9209661 0.9999189119
332 139913 591 591 0 -0.2329456601 2.533309509 -3.725470392 4.17718753 7.902657922 -4.524982143 5.233902616 9.758884759 0.2014101007 4.340080504 5.383250458 163.5922942 0.9990228451
333 136299 65 65 0 -0.1192605151 1.944386752 -2.843616905 3.014383026 5.857999932 -3.331729415 4.183633848 7.515363263 0.1117961719 3.460070297 3.960114054 176.4825883 0.9994242863
334 137188 83 83 0 -0.1079189645 1.683608093 -2.448930723 2.706254251 5.155184974 -3.090748749 3.295525146 6.386273895 0.1022381382 2.915531954 3.427581137 168.6404754 0.999568335
335 135715 128 128 0 -0.1692815048 1.937989766 -2.826718972 3.158959987 5.985678959 -3.383362325 3.908524648 7.291886972 0.1636335033 3.324230385 3.661204539 160.3215353 0.9994280624
336 137288 72 72 0 -0.3029546248 2.257997279 -3.125483971 3.820404242 6.945888213 -3.302777214 4.756789638 8.059566852 0.3475614188 3.843396995 4.779782392 271.1109211 0.9992236433
337 142875 411 411 0 -0.05146827225 1.115506331 -1.676766599 1.918517223 3.595283822 -2.134251105 2.623444611 4.757695716 0.2373114799 2.209815832 2.914743221 157.9482441 0.9998104874
338 141120 68 68 0 -0.06108749421 1.211733083 -1.841453608 1.879427173 3.720880781 -2.208402816 2.427265145 4.635667961 -0.01408409972 2.094816156 2.456017932 186.7967068 0.9997763819
339 141333 60 60 0 0.02062256183 1.788320977 -2.856676288 2.706778544 5.563454833 -3.465066945 3.60331623 7.068383175 0.009588277044 3.239829889 3.640817292 182.3882739 0.9995129846
340 139865 174 174 0 -0.2789219665 2.298391379 -3.092254116 3.926671054 7.01892517 -3.367356717 5.076574944 8.443931661 0.3398842295 4.513016891 5.66292078 157.5730355 0.9991956235
341 142570 226 226 0 -0.06548042513 0.6953952147 -1.004365462 1.159340299 2.163705761 -1.167676937 1.460411792 2.628088729 0.2371788413 1.421134621 1.722206114 154.6671825 0.9999263492
342 141926 55 55 0 -0.08415520807 1.760614365 -2.726280954 2.580779104 5.307060058 -3.527951908 3.11907096 6.647022868 -0.06064016707 3.110878608 3.395500333 188.1921168 0.9995279509
343 142823 61 61 0 -0.05918381241 1.851280809 -2.756895707 3.036621724 5.79351743 -3.10248464 3.889174137 6.991658777 0.2225849466 3.193083272 3.798575505 174.5894119 0.9994780926
344 142530 81 81 0 -0.126142114 1.826485947 -2.725665277 3.056854927 5.782520204 -3.175845088 3.666268041 6.842113129 0.1403946108 3.226887649 3.836300763 166.8451206 0.9994919745
345 142010 72 72 0 -0.09028772569 1.378387291 -2.061889989 2.107676321 4.169566309 -2.440641934 2.720080336 5.16072227 0.09037738467 2.361451295 2.656739449 181.4443699 0.9997106471
346 141732 56 56 0 -0.6611788734 5.123441289 -7.268787563 8.237082848 15.50587041 -7.77443092 9.545461014 17.31989193 0.2421922432 11.75542256 13.06380072 283.4522606 0.996006983
347 143454 199 199 0 -0.05181521039 0.5596596331 -0.8184723388 0.9394328784 1.757905217 -0.9540203524 1.081859371 2.035879723 0.1890361713 1.022755887 1.165182379 152.3940626 0.9999522948
348 146472 204 204 0 0.02063986517 1.536960507 -2.51691605 2.405529834 4.922445884 -2.986361805 2.968109725 5.95447153 -0.03185858656 2.645252077 2.988047237 176.7703177 0.999640252
349 147951 407 407 0 -0.3607163248 3.537812464 -5.022624989 6.043668202 11.06629319 -5.942891929 6.825666189 12.76855812 0.2260422825 6.404384527 7.186382514 166.915019 0.9980948287
350 147290 84 84 0 -0.007221023867 1.692327931 -2.645195686 2.686003251 5.331198937 -3.283412921 3.477666961 6.761079882 0.04997787633 3.104894031 3.578771667 164.6285275 0.9995638582
351 146101 112 112 0 -0.2417919213 2.409649932 -3.45919726 4.069926413 7.529123674 -3.918235104 4.706023371 8.624258476 0.2166607442 4.047180631 4.683277589 159.0241904 0.9991158825
352 144922 116 116 0 -0.0441956087 0.9138117759 -1.331581865 1.464425842 2.796007707 -1.531007528 1.751982374 3.282989903 0.1125627142 1.511092711 1.716661431 153.4398829 0.9998728192
353 148804 243 243 0 -0.01359876775 0.1735642674 -0.2319554866 0.3329472611 0.5649027477 -0.2435420178 0.5038898081 0.7474318259 0.6787977842 0.4450335203 0.6159760673 151.1252779 0.9999954118
354 146416 172 172 0 -0.05761929212 0.2575737631 -0.3262979818 0.4970466852 0.8233446671 -0.361035985 0.7587854192 1.119821404 0.7877334957 0.5907696339 0.8525083679 151.2558233 0.9999898952
355 149067 59 59 0 0.03953632058 1.857170967 -2.908212282 2.825700059 5.733912341 -3.30120426 3.548361044 6.849565304 0.04256945764 3.261943939 3.524096881 180.2511781 0.9994747631
356 149070 74 74 0 -0.001464811465 1.851300993 -2.941996294 2.798997531 5.740993825 -3.713802408 3.857353317 7.571155725 -0.00141612394 3.422770471 3.860961737 172.8672629 0.9994780862
357 148363 60 60 0 -0.02088999502 0.488602204 -0.7670790153 0.8347659961 1.601845011 -0.9096350959 0.9532052342 1.86284033 0.1506612802 1.027014554 1.145453792 354.267404 0.9999636395
358 149113 136 136 0 -0.02493505224 0.4506233265 -0.6664345968 0.718605825 1.385040422 -0.7372534016 0.9508627108 1.688116112 0.1734187712 0.8166915549 1.048948441 152.979204 0.9999690723
359 155018 417 417 0 -0.03427139978 1.086757842 -1.748129113 1.763745564 3.511874677 -2.351405203 2.324287345 4.675692548 0.04426020866 1.964767587 2.35806108 156.3132884 0.9998201285
360 149179 55 55 0 -0.7220068994 5.233996101 -7.153523169 9.03421308 16.18773625 -7.963184177 9.85560667 17.81879085 0.2479469872 11.74319497 12.56458856 283.8646956 0.9958328738
361 150562 184 184 0 -0.2345630804 2.348850627 -3.577766796 3.879110105 7.456876901 -4.246474484 4.90059385 9.147068334 0.2018183741 4.089479042 5.106045483 157.9572792 0.9991599395
362 149387 114 114 0 -0.06225475993 0.6321256494 -0.8205675793 1.034502213 1.855069792 -1.017516999 1.520468672 2.537985672 0.4171695408 1.274761335 1.760727795 152.4249627 0.9999391415
363 151230 92 92 0 -0.09625794856 1.382483989 -1.991337146 2.300109522 4.291446668 -2.315739545 2.784211138 5.099950683 0.1298113262 2.427321166 2.911422782 182.3337564 0.9997089254
364 151767 121 121 0 0.0007936588925 0.2645242779 -0.3926801606 0.4354343601 0.8281145207 -0.4223409523 0.493006811 0.9153477634 0.1739833765 0.5305099014 0.5880823524 151.7572366 0.9999893425
365 155628 496 496 0 -0.3774963282 3.010535347 -4.36247075 5.604391056 9.966861805 -5.810757097 6.963289311 12.77404641 0.38257805 6.308011086 7.666909341 168.3226768 0.9986203081
366 153030 50 50 0 -0.1076945479 1.5585855 -2.385809677 2.505248145 4.891057822 -2.869978673 3.287424361 6.157403035 0.1360604934 2.800488803 3.374100233 273.0590086 0.9996300614
367 157373 451 451 0 -0.08952765278 1.668420494 -2.543999768 2.856003578 5.400003346 -3.23021557 4.236428898 7.466644468 0.2151874991 3.039995591 4.385184894 160.9138342 0.9995760976
368 155082 53 53 0 -0.02971931968 0.8270885124 -1.298877316 1.355938748 2.654816064 -1.528756677 1.646942373 3.175699051 0.1662638779 1.549790695 1.699189564 267.1767334 0.9998958132
369 154665 57 57 0 -0.1340613555 1.839398322 -2.684119933 3.134616411 5.818736344 -2.963608918 3.813055791 6.776664709 0.2165563709 3.083172823 3.761612203 178.2544773 0.9994847706
370 155284 230 230 0 -0.009803816882 0.1387533635 -0.1942072022 0.2335606198 0.427767822 -0.2128130088 0.4325234952 0.645336504 0.4532719437 0.3448535579 0.5438164333 151.0892571 0.9999970677
371 153800 92 92 0 -0.3283166537 2.280483266 -3.256827278 3.865242554 7.122069832 -3.321312551 3.939046022 7.260358572 0.2204568136 4.254499475 4.328302942 156.8909148 0.9992080921
372 155671 52 52 0 -0.05876311371 1.02810264 -1.588865808 1.612293037 3.201158846 -2.057694065 2.186411375 4.24410544 0.08800298434 1.853177961 2.16305873 269.145346 0.99983902
373 155862 201 201 0 -0.03880174782 0.5055862617 -0.6709454225 0.8501687008 1.521114123 -0.7819135043 1.059716569 1.841630074 0.3366474192 0.9957561644 1.205304033 152.0703586 0.9999610677
374 157353 345 345 0 0.0002368279922 0.7146771134 -1.136672735 1.251710139 2.388382874 -1.439212131 1.777109264 3.216321395 0.1955372607 1.398526086 1.923925211 153.7487248 0.9999222088
375 155412 52 52 0 -0.06277807115 1.243192798 -1.758230639 2.032419683 3.790650323 -2.052356472 2.30980973 4.362166201 0.1500782161 2.560901939 2.838291985 14.51248875 0.9997646197
376 157023 98 98 0 -0.18135937 2.28100975 -3.425284035 3.82068606 7.245970096 -3.432675519 3.948173981 7.380849499 0.1852885038 3.641117527 3.768605447 156.9792572 0.9992077281
377 156665 55 55 0 -0.06529346783 1.776825403 -2.603187797 2.817491346 5.420679143 -2.876321923 3.174649801 6.050971724 0.1160180938 2.928236387 3.285394842 13.20542785 0.9995192141
378 160543 182 182 0 -0.06236889614 0.3821677533 -0.4965921246 0.6922383888 1.188830513 -0.5797200029 0.9606699627 1.540389966 0.4749037865 0.8173331506 1.085764725 151.7043367 0.9999777552
379 158469 80 80 0 0.1005637404 1.78001581 -2.664322127 2.713376261 5.377698388 -2.799517173 3.110646795 5.910163968 0.06214277947 3.274404614 3.40959966 169.8015517 0.9995174848
380 162289 359 359 0 -0.01395187651 0.6103058518 -0.9281059785 0.9687035204 1.896809499 -1.177663369 1.427203758 2.604867128 0.1001990497 1.167437462 1.6259377 152.6487758 0.9999432702
381 160886 323 323 0 0.1447288293 2.923988718 -4.951062851 4.371271493 9.322334344 -6.140448806 5.663516694 11.8039655 -0.1654522353 5.127074208 5.90666266 172.2460814 0.9986983893
382 158191 103 103 0 -0.4185641796 2.226680549 -3.113197519 3.785743177 6.898940696 -3.178726012 4.057960196 7.236686209 0.2788930685 4.275547535 4.547764554 156.3150635 0.9992450113
383 158857 73 73 0 -0.04394909536 1.368018044 -2.048171463 2.109091566 4.157263028 -2.549418652 2.58313306 5.132551712 0.05726690123 2.350183911 2.824225406 180.9591608 0.999714984
384 160213 66 66 0 -0.5080270127 2.335734517 -3.142922088 3.658978305 6.801900393 -3.213678997 3.986538202 7.200217199 0.206014031 4.530017681 4.857577577 176.7887671 0.9991692559
385 161388 112 112 0 -0.1482911357 1.892295108 -2.683353081 3.112119263 5.795472344 -3.002854346 3.573922689 6.576777034 0.2068454961 3.152090835 3.392253395 156.0083687 0.9994547077
386 160244 73 73 0 -0.03166348708 0.2232578189 -0.3004731472 0.3901817189 0.6906548662 -0.3413743619 0.6458091909 0.9871835528 0.5618978752 0.478213403 0.733840875 151.5400915 0.9999924083
387 163792 55 55 0 0.0187673293 1.270489719 -1.958518251 2.112549682 4.071067934 -2.663413183 3.16478758 5.828200763 0.2395485225 2.641901809 3.091862714 187.3854109 0.9997541806
388 163416 115 115 0 -0.2439278823 1.829735339 -2.514184363 3.09789496 5.612079322 -2.786701445 3.708513971 6.495215416 0.2809700307 3.159940694 3.770559705 155.5383841 0.9994901632
389 166897 372 372 0 0.02451122178 0.771685493 -1.312665185 1.16646844 2.479133625 -1.668708615 1.679857479 3.348566094 -0.1622426984 1.374252196 1.818476534 155.9531637 0.9999093033
390 165416 118 118 0 0.07961178679 1.967708506 -3.002206339 3.188815443 6.191021782 -3.27104766 3.616639857 6.887687518 0.08855471454 3.578181801 3.847023122 164.2338692 0.9994103871
391 167159 185 185 0 0.03296302056 0.8138116512 -1.211931869 1.311893648 2.523825517 -1.333280294 1.858761754 3.192042048 0.0806495995 1.474561284 2.02142939 152.6805058 0.999899131
392 165194 220 220 0 -0.05254943909 1.035021384 -1.63859791 1.593919954 3.232517863 -1.997471482 2.456358462 4.453829944 0.09426120506 1.852862161 2.600515021 159.8477748 0.9998368463
393 164102 51 51 0 0.03984007599 1.169546567 -1.869411443 1.736676718 3.60608816 -1.996930868 2.114502251 4.111433118 0.02812879046 2.564527661 2.942353194 270.8122616 0.9997916796
394 163422 139 139 0 -0.1687622134 1.2648673 -1.744869995 2.1322896 3.877159595 -1.983511811 2.786193597 4.769705407 0.3104995341 2.792189772 3.446093769 153.8500579 0.9997563427
395 166292 170 170 0 -0.1661900601 1.517857598 -2.101005551 2.609892787 4.710898338 -2.304941669 3.194711085 5.499652755 0.3079546852 3.277762677 3.862580975 154.0752503 0.9996491373
396 167769 244 244 0 0.009407493029 1.473273333 -2.22539769 2.728185002 4.953582691 -2.831151956 3.390248429 6.221400385 0.2725259801 3.207713316 3.869776743 163.6917513 0.9996694501
397 165693 66 66 0 0.7341547226 2.288973583 -3.268732463 3.122931251 6.391663713 -3.277324255 3.295980195 6.573304451 -0.02444429375 4.050330951 4.058922743 176.833797 0.9992021712
398 169702 428 428 0 -0.3256398911 2.078270496 -2.746424094 3.737784182 6.484208276 -3.037608484 5.394690458 8.432298943 0.4768557464 4.912256009 6.569162285 154.800977 0.9993423072
399 171413 186 186 0 -0.06831020439 0.9130615993 -1.357912735 1.512686208 2.870598943 -1.559852145 2.001138105 3.56099025 0.1774239146 1.696549684 2.185001582 155.4852999 0.9998730284
400 170610 444 444 0 -0.4477949108 2.723601016 -3.605500698 5.142630577 8.748131275 -4.14286996 6.278370299 10.42124026 0.5194230953 5.421702791 6.557442512 172.2404918 0.9988706448
401 168550 110 110 0 -0.2138296232 1.931668884 -2.640467615 3.260670009 5.901137624 -3.082320288 4.165259352 7.24757964 0.3172455788 3.266612463 3.804125527 162.2655282 0.9994317918
402 172824 420 420 0 0.008731956467 1.115195593 -1.699630367 1.792668433 3.492298801 -1.974275448 2.800721268 4.774996716 0.1280251682 2.210446144 3.218498979 159.0108862 0.9998105917
403 168840 79 79 0 -0.1719405275 1.449031809 -2.058833105 2.55689365 4.615726754 -2.381221251 3.078021056 5.459242307 0.3653625872 2.618519031 3.139646437 158.2833085 0.9996802345
404 170240 95 95 0 -0.007934201911 1.476556827 -2.566953453 2.177352509 4.744305963 -3.215014048 2.724466273 5.939480321 -0.1859275496 2.709053405 3.057594135 169.2165152 0.9996679737
405 171408 196 196 0 -0.1295292701 0.6947079072 -0.8795972599 1.294692105 2.174289365 -0.9898853049 2.038745595 3.0286309 0.7251867162 1.451694857 2.195748347 154.6605836 0.9999264954
406 172002 261 261 0 0.1469965624 1.54093002 -2.642199824 2.090346617 4.732546441 -3.43461787 3.531216141 6.965834011 -0.1778529069 2.752519435 3.561043678 166.2931753 0.9996383979
407 171464 129 129 0 0.1686511976 2.769923452 -4.604687699 4.181207329 8.785895028 -5.226991706 5.601655508 10.82864721 -0.1718356034 5.097173539 5.538781461 183.7601197 0.9988318876
408 171959 94 94 0 0.06826650819 0.7660040103 -1.275421742 1.084304086 2.359725828 -1.494427727 1.226232168 2.720659895 -0.2259199096 1.267232155 1.386646905 154.2157448 0.9999106335
409 175375 52 52 0 0.3316772322 1.902767701 -2.945326402 2.994539861 5.939866263 -3.237909613 3.717635784 6.955545397 0.1722426386 3.3616556 3.577537861 274.5409011 0.999448664
410 172474 52 52 0 -0.002915086387 1.436557396 -2.013855083 2.234661446 4.248516529 -2.431536811 2.619002821 5.050539631 0.07359557909 2.75182065 3.136162024 186.7152801 0.999685709
411 172756 62 62 0 -0.1055625433 1.359516724 -2.047046234 2.053370371 4.100416605 -2.446528204 2.434446984 4.880975188 0.04626502128 2.182524615 2.550662438 181.6960825 0.9997185133
412 175360 52 52 0 -0.1448844858 2.070867562 -2.507260544 3.370896082 5.878156626 -2.525034368 4.409584783 6.934619151 0.330021909 3.5227601 4.561448802 199.1231583 0.9993469559
413 172760 58 58 0 -0.28649517 1.666176697 -2.323374507 2.857005081 5.180379588 -3.127943321 3.382520592 6.510463913 0.3015899042 2.857273605 3.485679178 174.110585 0.9995772307
414 173885 192 192 0 0.4207808422 2.589272603 -4.363767386 3.635962307 7.999729693 -5.081884476 4.414644765 9.49652924 -0.2764997428 4.373289734 5.038427963 162.0580051 0.9989792011
415 177199 423 423 0 -0.1717617199 2.336658141 -3.451630708 3.907787249 7.359417957 -4.307636834 5.334126727 9.641763561 0.2150389511 4.749509462 6.17584894 157.7821316 0.9991686363
416 176447 246 246 0 0.0430020983 2.357077064 -3.872009983 3.835129523 7.707139505 -5.000485607 5.423743513 10.42422912 0.01676283913 4.331967765 5.547495151 180.6863079 0.9991540659
417 177568 71 71 0 -0.05529152328 2.540892565 -4.268574639 4.10905893 8.377633568 -5.240636033 5.850337954 11.09097399 0.03433327245 4.88377806 6.080290231 280.5901576 0.9990170856
418 174614 50 50 0 0.06396368018 0.6539633093 -0.9776538619 1.022690323 2.000344185 -1.197807734 1.137704178 2.335511911 0.02689597823 1.062999555 1.278703407 356.1962517 0.9999348638
419 179406 409 409 0 -0.4560188244 1.910051001 -2.395376972 3.73921004 6.134587013 -2.761238248 6.168775856 8.930014105 0.8430570062 4.380564624 6.81013044 163.3099378 0.9994444909
420 174982 54 54 0 -0.1837042843 1.442062551 -1.827105535 2.686579094 4.513684629 -2.251489929 3.383140384 5.634630312 0.5956575383 2.846102553 3.542663843 168.1525629 0.9996833084
421 182350 587 587 0 0.1064033731 2.324820856 -3.881442928 3.649647773 7.531090701 -4.939643853 5.507980554 10.44762441 -0.08668512281 4.219775312 5.986379655 167.4994132 0.9991770473
422 176167 135 135 0 0.03858821923 1.800969162 -2.828129083 2.928468116 5.756597199 -3.843939406 4.23674847 8.080687876 0.1103849 3.431261658 4.654216836 174.8580349 0.9995060854
423 176090 102 102 0 0.002395397756 1.355277935 -2.31607606 2.090037905 4.406113966 -2.879744768 2.498258413 5.378003181 -0.1449898705 2.647144162 3.21081287 160.6145651 0.9997202706
424 178568 197 197 0 -0.1028242643 1.324810127 -1.963618386 2.469275224 4.432893611 -2.564064366 3.368954442 5.933018809 0.3479595159 2.616360245 3.516039463 157.474721 0.9997327087
425 181270 291 291 0 0.1355978424 2.237273044 -3.516662632 3.5927565 7.109419132 -4.29938064 5.177825175 9.477205815 0.01826434811 4.084019596 5.669088272 161.1739281 0.999237836
426 177717 87 87 0 -0.06505220296 1.811740383 -2.877862684 3.105676623 5.983539307 -3.626921678 4.046772042 7.67369372 0.1588482391 3.539745133 4.480840553 172.8218635 0.9995001607
427 177980 50 50 0 -0.2415206529 1.859348419 -2.691498471 3.212856071 5.904354542 -3.245553698 3.777015854 7.022569552 0.2982831964 3.287354471 3.565577272 185.4021603 0.9994735408
428 180183 138 138 0 0.09692189443 1.713410234 -2.794788462 2.890839288 5.685627751 -3.219562023 3.64450539 6.864067413 0.02569625671 3.276396369 4.03006247 158.7780563 0.9995529305
429 180996 251 251 0 -0.02463853798 1.500191666 -2.239269237 2.466221465 4.705490702 -2.792391289 3.229850206 6.022241495 0.1162525893 2.678501856 3.442130598 159.6164238 0.9996572564
430 180156 133 133 0 0.08164087855 1.856826036 -3.142016399 3.003458573 6.145474972 -4.197241679 3.947666637 8.144908316 -0.09951193068 3.493840028 4.207646322 168.398375 0.9994749773
431 180831 56 56 0 0.06346305865 2.041444996 -3.169691262 2.982372541 6.152063803 -4.090064141 3.426039752 7.516103892 -0.08811875256 3.348174304 4.045028303 18.05535633 0.99936538
432 182115 80 80 0 -0.1323103317 2.029267729 -3.171693914 3.550312481 6.722006396 -4.14571972 4.519059506 8.664779227 0.1013625476 3.859492077 4.809202785 193.8191222 0.9993729563
433 181764 198 198 0 -0.1203693385 1.807286832 -2.859400682 3.114277556 5.973678238 -3.744117748 4.370672662 8.11479041 0.2169069465 3.382990993 4.397341443 164.572746 0.9995026146
434 184724 304 304 0 -0.06591501646 1.426822696 -2.147102169 2.559109754 4.706211922 -2.636532594 3.822386843 6.458919437 0.3562027074 3.325133936 4.588411025 173.0302942 0.9996899675
435 187065 189 189 0 -0.4643656459 3.610645052 -5.244965029 6.314131301 11.55909633 -6.433126483 8.853699342 15.28682583 0.3520874858 6.88661602 9.426184061 191.9750109 0.9980158706
436 188067 561 561 0 -0.5762476057 3.487328637 -4.902743547 6.267743415 11.17048696 -5.660708089 8.505252578 14.16596067 0.408124932 7.250478875 9.487988038 179.7578653 0.9981489375
437 189830 342 342 0 -0.3866805678 4.462418396 -6.459349752 8.498332229 14.95768198 -7.619110767 12.63476274 20.25387351 0.4888877756 9.853897169 13.99032768 188.4315074 0.9969711401
438 183098 71 71 0 -0.07003239037 1.258723165 -1.902294506 1.990204003 3.892498508 -2.104520914 2.513311147 4.617832061 0.1140523312 2.108102888 2.432544357 161.7934586 0.999758703
439 184903 54 54 0 0.01600064884 1.550618005 -2.53833888 2.422205641 4.960544521 -3.402521261 3.006773811 6.409295071 -0.117810326 2.763040962 3.527346945 188.377439 0.9996338358
440 184387 57 57 0 -0.00677654576 1.380806735 -2.146996375 2.154975363 4.301971738 -2.573576177 2.928476523 5.5020527 0.09027970444 2.499066467 2.809421004 178.3634658 0.9997096339
441 184939 102 102 0 -0.04435565333 1.690756937 -2.582976488 2.654528233 5.237504721 -3.251876395 3.449932076 6.70180847 0.06403232432 2.97046226 3.762995858 163.0042361 0.999564663
442 196566 50 50 0 0.2975285114 5.313318745 -9.145416126 6.835121928 15.98053805 -10.62754587 10.13886411 20.76640998 -0.2156792629 9.658679046 11.02332473 294.4796466 0.9957065666
443 189602 50 50 0 -0.5457286384 3.609937679 -4.902180869 6.312677779 11.21485865 -6.048788827 7.314190453 13.36297928 0.3741318681 6.690420777 7.691933451 285.3434527 0.9980165124
444 185571 51 51 0 -0.1034725686 1.700069337 -2.638247045 2.599636371 5.237883416 -3.135785035 2.901310931 6.037095966 -0.04527861096 2.81660431 3.032312466 19.37088945 0.9995598522
445 189295 257 257 0 -0.218739189 2.636198223 -4.106225463 4.342797391 8.449022854 -5.289026504 4.861452913 10.15047942 0.1009477345 4.626639502 5.421334893 168.0294296 0.998941896
446 191075 73 73 0 0.01739247791 3.829863048 -5.617626797 6.271088851 11.88871565 -6.623843967 8.004698678 14.62854265 0.2143734592 7.460280535 9.193890362 203.2364807 0.9977676529
447 189855 56 56 0 -0.3276606787 3.163760447 -4.610969416 5.485728562 10.09669798 -5.775777201 7.219846024 12.99562323 0.2792601367 6.742694722 8.476812184 287.4729615 0.9984763411
448 191827 62 62 0 -0.03782083554 3.662957783 -5.276961989 5.812182924 11.08914491 -5.963692544 6.598561803 12.56225435 0.1119197215 6.921624022 7.7080029 285.0872949 0.9979576728
449 187258 117 117 0 -0.05734067234 1.919894142 -2.814135248 3.025996531 5.840131779 -3.313188467 3.978713643 7.29190211 0.1292341374 3.32912931 3.729397276 164.8750326 0.9994386918
450 188633 51 51 0 -0.01640922803 1.874324996 -2.966308356 2.913753112 5.880061467 -3.91144086 3.509787472 7.421228332 -0.07673925371 3.266525853 3.757052019 18.0299406 0.9994650254
451 186222 117 117 0 -0.003595388987 1.275192653 -2.037326852 1.996461073 4.033787925 -2.614617377 2.540618903 5.15523628 -0.008519496366 2.179782685 2.639157659 167.5539828 0.9997523489
452 189839 53 53 0 -0.624481639 3.661593074 -5.018496906 5.890515621 10.90901253 -6.284303631 7.049420075 13.33372371 0.1955815851 7.587335141 8.746239594 206.0197759 0.9979592371
453 191830 77 77 0 -0.1950940624 5.54040274 -8.390731621 9.653955717 18.04468734 -9.228022374 11.91181787 21.13984024 0.3195489584 12.81924804 15.07711019 298.4750301 0.995332685
454 187683 56 56 0 0.06532527953 0.7209448751 -1.201798408 1.036896969 2.238695377 -1.484659193 1.37221419 2.856873383 -0.2068711995 1.344659898 1.454957652 4.204560766 0.9999208381
455 186729 65 65 0 -0.2694392264 1.564922861 -2.032082735 2.878994229 4.911076964 -2.184176572 3.976296352 6.160472924 0.6159637265 2.659335572 3.756637695 171.9993494 0.9996270554
456 187011 75 75 0 0.02783255371 1.216378883 -1.807848572 2.029423298 3.83727187 -2.140970692 2.755756468 4.89672716 0.2361465659 2.140929345 2.727923915 164.4894716 0.9997746657
457 187990 64 64 0 0.03757035661 1.6690827 -2.752119131 2.762988491 5.515107622 -3.654713481 3.364428943 7.019142424 -0.04115960559 3.254213291 3.758440711 183.295856 0.9995757629
458 189387 52 52 0 -0.06813314601 1.709968483 -2.592867053 2.648021062 5.240888114 -2.824148445 2.862849183 5.686997629 0.05871329984 2.875952776 3.107234168 15.65931979 0.9995547103
459 189783 146 146 0 0.02244438617 1.896017397 -3.07259019 3.082649357 6.155239547 -4.146307774 4.21675171 8.363059484 -0.004635014286 3.527561255 4.550595461 167.7014193 0.9994525791
460 188251 67 67 0 -0.1533885876 1.714199952 -2.695734275 2.863107046 5.558841321 -3.363402518 3.754341538 7.117744056 0.104150753 3.152091237 3.964539455 175.4683619 0.9995525193
461 189266 101 101 0 0.05433915999 1.534729117 -2.501976327 2.579148224 5.081124551 -3.192997884 3.403211453 6.596209337 0.08101232507 2.913119108 3.328566696 170.8862481 0.9996413031
462 192539 60 60 0 -0.2807949619 2.711937304 -4.069112845 4.625964838 8.695077683 -5.178929579 5.854177317 11.0331069 0.2057494463 5.214100118 6.442312597 200.3414596 0.9988802974
463 194466 57 57 0 0.5139800453 6.532234225 -10.12149368 10.26771272 20.3892064 -12.25560836 11.30233692 23.55794528 -0.0886179263 11.97541002 13.01003422 305.5016306 0.9935147508
464 190255 58 58 0 0.09727524391 1.664441161 -2.706311723 2.6089866 5.315298324 -3.334196427 3.410670902 6.744867329 -0.06657541574 3.023377821 3.495395846 177.239367 0.9995781151
465 192262 205 205 0 0.007132447261 1.931957893 -3.117500323 3.150045209 6.267545532 -4.161781043 4.337601823 8.499382866 0.02670164934 3.610692573 4.488875494 173.4471325 0.9994316362
466 191270 77 77 0 -0.05494600039 1.515987892 -2.269168903 2.556738258 4.825907161 -2.859612775 2.860215138 5.719827913 0.1415965498 2.631894794 2.916221135 170.3585586 0.9996500017
467 196418 71 71 0 -0.07904213432 1.03427837 -1.471843445 1.7034145 3.175257945 -1.754152737 2.013736246 3.767888983 0.2335912485 1.773407991 2.083729737 1.535858395 0.999837079
468 191010 60 60 0 0.08646133217 1.277764161 -2.054683427 1.821892016 3.876575443 -2.64307725 2.260931741 4.90400899 -0.1072117454 2.195347219 2.568975215 172.0242506 0.9997513487
469 198513 53 53 0 -0.301268796 6.618342415 -9.044040516 10.8194073 19.86344782 -10.74430586 13.71680623 24.46111209 0.2898802526 16.52165613 19.41905506 263.500304 0.993343565
470 191985 57 57 0 -0.295681821 1.43464063 -1.885438399 2.577383023 4.462821422 -2.257140028 3.802331702 6.059471729 0.5428138641 2.485106425 3.710055104 176.5051935 0.9996865618
471 194660 199 199 0 -0.1232720582 2.450388891 -3.865940401 4.0446499 7.910590302 -5.075470702 5.499460876 10.57493158 0.1069672925 4.450444174 5.661916438 178.5071994 0.9990857787
472 194555 50 50 0 -0.05232482312 0.4572004204 -0.6105574653 0.8416032173 1.452160683 -0.6818538409 1.082808145 1.764661986 0.4992003623 0.8985751208 1.139780049 2.390493018 0.999968163
473 192238 54 54 0 -0.03904940876 1.307840114 -2.055962854 2.058843067 4.114805921 -2.783250177 2.623814953 5.40706513 -0.04157894618 2.328865031 2.709995604 173.3527185 0.9997395086
474 192946 52 52 0 -0.08205592277 1.287165387 -1.951106236 2.020268999 3.971375235 -2.332940992 2.144383397 4.477324389 -0.00434045007 2.09804627 2.479881027 184.2595974 0.9997476752
475 192952 74 74 0 0.1680615646 1.722528751 -2.894876851 2.466801657 5.361678508 -3.618571516 3.121857883 6.740429399 -0.2425001375 3.185805904 3.909500569 179.4595509 0.9995481532
476 195837 172 172 0 -0.2314126108 2.405219297 -3.638281826 4.203072641 7.841354467 -4.72694772 6.114891301 10.84183902 0.2799219129 4.312175056 6.038514612 182.522163 0.9991191837
477 193922 82 82 0 0.07360258975 2.103025437 -3.271243978 3.227721527 6.498965506 -3.579356384 3.6137272 7.193083583 -0.03595846253 3.393215324 3.718947847 176.9419217 0.9993265171
478 194170 92 92 0 -0.2960409898 2.029716219 -2.609087755 3.75506974 6.364157495 -2.897931438 4.778513549 7.676444987 0.5525785607 3.811742017 4.835185826 175.85965 0.9993726768
479 195326 55 55 0 0.06785132358 1.22115393 -1.880506258 1.917697491 3.798203749 -1.93935225 2.145706732 4.085058981 0.06214569308 2.206404001 2.265249993 186.7887692 0.9997728904
480 198461 50 50 0 -0.08305844299 0.7417561958 -1.077432727 1.162472712 2.239905439 -1.337127387 1.337567586 2.674694974 0.08330034031 1.268200604 1.433212695 2.408696877 0.9999162016
481 195098 62 62 0 -0.09303883851 1.16801391 -1.84153534 1.785693106 3.627228446 -1.928488382 2.1413638 4.069852182 0.04079273457 1.952426828 2.308097522 182.5954668 0.999792225
482 195348 65 65 0 -0.05312916677 1.552401446 -2.296152697 2.367529784 4.663682481 -2.800244819 2.792073354 5.592318173 -0.004229431277 2.669958039 2.845202521 178.3696535 0.9996329856
483 202149 174 174 0 -0.3371404616 1.316037924 -1.716491303 2.461514943 4.178006246 -1.97045278 3.460174494 5.430627274 0.6442586683 2.773557693 3.772217245 5.56547708 0.9997362371
484 195821 65 65 0 -0.09773993588 1.457261922 -2.217401297 2.322753134 4.540154431 -2.75174424 2.970871508 5.722615747 0.07182087747 2.545570416 3.106890618 179.4303371 0.9996765907
485 197171 62 62 0 -0.1138756142 2.084525522 -3.108180894 3.611731437 6.719912331 -3.943497197 4.773669424 8.717166621 0.3000057174 3.953038126 4.64975416 197.5762407 0.9993383545
486 198568 283 283 0 -0.03418676603 3.649412038 -5.629183871 6.293779157 11.92296303 -7.241212062 10.99965962 18.24087168 0.2587281649 7.029681821 11.73556228 191.6758411 0.9979732955
487 196734 72 72 0 0.007918119925 1.215825175 -1.931652132 1.84850093 3.780153062 -2.460580572 2.465443617 4.926024189 -0.01588537433 2.196083521 2.732467751 183.3826769 0.9997748701
488 199025 60 60 0 -0.3729268611 3.398094371 -4.951827126 5.738945748 10.69077287 -6.205532169 7.166423362 13.37195553 0.2073521012 5.830415879 6.894756399 204.0303228 0.9982423351
489 202361 116 116 0 -0.219335423 1.39648176 -1.823624929 2.445337979 4.268962908 -2.150388451 3.698868659 5.84925711 0.5310593546 3.160635076 4.414165755 7.944329197 0.9997030085
490 197405 62 62 0 0.03340266332 1.540186598 -2.277125419 2.734457114 5.011582533 -2.35732551 3.672095654 6.029421164 0.2912353992 2.673603281 3.611241821 192.1294652 0.9996387447
491 197412 60 60 0 -0.01458432753 1.256969449 -1.973683814 1.902750498 3.876434312 -2.381440449 2.416004095 4.797444543 0.002369659755 2.146948505 2.465914202 187.424806 0.9997593752
492 198798 65 65 0 -0.1101521354 2.655050823 -3.925451722 4.614240666 8.539692388 -4.935786316 6.37543547 11.31122179 0.2378333049 5.406780501 7.167975305 197.5680188 0.9989267942
493 197879 85 85 0 -0.2455464648 2.022406966 -3.115373341 3.416114046 6.531487387 -3.775912299 4.821117348 8.597029647 0.2644486244 3.742704922 5.147708224 185.4532872 0.9993771917
494 206923 205 205 0 -0.009929773334 1.670797829 -2.445786449 2.704894509 5.150680957 -2.740956735 3.525665847 6.266622583 0.1095020028 2.745771904 3.566543242 8.052003038 0.9995748772
495 198997 105 105 0 -0.2021722046 2.309677789 -3.540516985 3.96385522 7.504372205 -4.705367247 5.296535247 10.00190249 0.2035331564 4.43903842 5.771718447 189.4165249 0.9991877544
496 202580 50 50 0 -0.1124743334 1.005697439 -1.513945263 1.682933568 3.196878831 -1.642444552 2.12368545 3.766130002 0.2499216943 2.145748531 2.586500414 17.84671634 0.9998459589
497 202788 55 55 0 -0.1214885221 1.129518486 -1.661442048 1.942152764 3.603594812 -1.928255059 2.624926066 4.553181124 0.3556373151 2.44431738 3.127090682 20.74701482 0.9998056975
498 207684 83 83 0 -0.09312970796 1.688700723 -2.598433535 2.661399182 5.259832717 -2.880746669 3.445028387 6.325775056 0.1296020349 3.294012833 3.576325967 15.94638956 0.999565722
499 203803 129 129 0 -0.1662768013 1.349927427 -1.960425041 2.341028022 4.301453063 -2.477053639 2.915470534 5.392524172 0.2635848628 2.61869274 3.193135251 9.312209607 0.999722474
500 199856 71 71 0 -0.2885070919 3.242146778 -4.157859811 6.030899601 10.18875941 -5.147339576 8.057053411 13.20439299 0.5759698929 6.202674235 8.228828045 204.0004743 0.9984000971
501 199426 63 63 0 -0.03441445054 2.602391008 -4.078715781 4.028922142 8.107637923 -4.923233935 4.511111705 9.43434564 0.007859798442 4.370036479 5.191116706 193.362905 0.9989688387
502 203815 54 54 0 -0.2853355785 1.255792744 -1.575604932 2.703607236 4.279212169 -1.884938247 3.164496947 5.049435194 0.9513495773 3.624507125 4.085396835 25.58111523 0.9997598378
503 203992 55 55 0 0.05970017063 0.6940832105 -1.211645332 1.018237686 2.229883018 -1.571302475 1.421184944 2.992487419 -0.2678768948 1.318660023 1.675033406 4.825647889 0.9999266272
504 200743 56 56 0 0.178355463 2.243732367 -3.376218479 3.381007326 6.757225806 -4.135270747 4.264631417 8.399902164 -0.03869385857 4.012295246 4.565693073 196.7197639 0.9992334245
505 200948 64 64 0 -0.2103534953 3.274993658 -4.869810573 5.22612551 10.09593608 -5.410109056 6.071868128 11.48197718 0.1229564237 5.711972238 6.557714857 203.4437191 0.9983672109
506 203805 57 57 0 -0.03077035385 0.8799762305 -1.291018304 1.400206045 2.691224349 -1.688850804 1.819528479 3.508379283 0.117208261 1.57266021 1.956842958 10.56245124 0.9998820633
507 202015 53 53 0 -0.03241878714 3.119423363 -4.583415484 4.960913757 9.54432924 -4.772088359 5.71276577 10.48485413 0.1720731128 5.175333616 5.353350031 205.5350815 0.9985185853
508 206171 67 67 0 -0.01311527506 1.087352266 -1.636584854 1.825183736 3.461768589 -1.950768252 2.168073124 4.118841375 0.1490630259 2.057424926 2.400314314 12.86283936 0.9998199309
509 205964 67 67 0 -0.009094059603 0.6780196984 -1.05610412 1.041165218 2.097269338 -1.183067266 1.392028449 2.575095715 0.03829887707 1.227205704 1.288810751 6.123629483 0.9999299837
510 209125 115 115 0 0.002750288026 0.6784911655 -1.117401472 1.091317641 2.208719113 -1.412580076 1.522262235 2.934842311 0.003378914741 1.353771778 1.784716372 8.394904513 0.9999298865
511 210724 57 57 0 0.09359488457 0.6508074101 -1.140328723 0.9514350909 2.091763814 -1.481475957 1.176302155 2.657778113 -0.3132638773 1.207046669 1.404528922 9.60075066 0.9999354912
512 212535 122 122 0 -0.03031543891 0.7709532076 -1.194093822 1.210679118 2.40477294 -1.435142095 1.435474525 2.87061662 0.04124368925 1.459084944 1.683880351 11.24150252 0.9999094751
513 214090 65 65 0 -0.04020882261 0.7983004536 -1.215786525 1.273927915 2.48971444 -1.660614609 1.467459612 3.128074222 0.05216912718 1.429288541 1.664387165 12.54181327 0.9999029395
514 214080 59 59 0 6.441155253e-05 0.6416086124 -1.059507843 1.00398543 2.063493273 -1.365412731 1.188192811 2.553605541 -0.08669463174 1.183960463 1.365477142 13.55228418 0.9999373018
515 214857 54 54 0 0.04049751067 0.7733661505 -1.225002246 1.153483081 2.378485327 -1.528734651 1.370611905 2.899346556 -0.09038276098 1.361127387 1.664859791 13.77307852 0.9999089076
516 215211 64 64 0 0.02516631267 0.5900564128 -0.9825732726 0.9089229665 1.891496239 -1.33407985 1.251240746 2.585320596 -0.06812983663 1.097776962 1.346982947 14.28266717 0.9999469723
517 215906 72 72 0 0.03780009188 0.5555309329 -0.8955784566 0.8561823631 1.75176082 -1.085939138 1.053103948 2.139043086 -0.05584627947 0.9727598523 1.149222226 19.99934451 0.999952996
518 215928 60 60 0 0.004669316273 0.5606713306 -0.9030843828 0.857627132 1.760711515 -1.180717885 1.087769812 2.268487697 -0.07734668961 1.009227687 1.144770945 15.94463188 0.9999521222
519 216270 86 86 0 0.02523566564 0.5945771878 -0.9316034635 0.9405056232 1.872109087 -1.309872922 1.314616208 2.624489129 -0.05123674859 1.151211076 1.455418592 18.27005857 0.9999461566
520 216466 66 66 0 -0.005798968775 0.6670331428 -1.046249452 1.049890362 2.096139814 -1.494168434 1.358428522 2.852596957 -0.02834594699 1.30900889 1.51511004 15.77642971 0.9999322346
521 217333 50 50 0 -0.0719626659 0.791515044 -1.181536552 1.279481344 2.461017896 -1.493204344 1.603217025 3.096421369 0.1519285839 1.406227792 1.711169107 17.11695157 0.9999045824
