K,cluster,representative_source,phase,parameter,unit,n_cluster,n_valid,n_missing,median,std,p05,p95,width90,minimum,maximum,range,skewness,error95,error_max,angle_origin_deg,angle_resultant
522,0,18595,backward,eps,km^2/s^2,122,122.0,0.0,-0.8434067504232843,0.0023441635224464023,-0.847661504595349,-0.8404646687517189,0.007196835843630067,-0.8489910438914866,-0.8397885861614557,0.009202457730030922,-0.3159675778655512,0.003964736684742324,0.005028735429924658,nan,nan
522,1,19899,backward,eps,km^2/s^2,97,97.0,0.0,-0.8444625856227135,0.003140158006867563,-0.8491427534349115,-0.8397253086537295,0.009417444781182005,-0.8497020343878254,-0.83912749673883,0.010574537648995408,0.011583834733404018,0.005462193390798186,0.006021474343712141,nan,nan
522,2,18590,backward,eps,km^2/s^2,55,55.0,0.0,-0.8418225017356005,0.0019290642211769369,-0.8450215763336532,-0.8388262523404982,0.006195323993154922,-0.8456820282627034,-0.8382746582735424,0.007407369989161028,-0.07624306038725033,0.0037818808191774516,0.004442332748227695,nan,nan
522,3,18148,backward,eps,km^2/s^2,56,56.0,0.0,-0.8344940717942517,0.0010980279749615318,-0.8364582156539494,-0.8330466086264154,0.0034116070275339583,-0.8375797372051366,-0.8327748342804732,0.004804902924663401,-0.6039144852433433,0.0019483728132622669,0.002985118589732938,nan,nan
522,4,18805,backward,eps,km^2/s^2,57,57.0,0.0,-0.841895105176107,0.0021739295614030406,-0.8448760779158597,-0.8380034766398021,0.006872601276057599,-0.8455707517568125,-0.8374322301928565,0.008138521563956003,0.2285387837236294,0.004483772635016025,0.005178446475968768,nan,nan
522,5,22540,backward,eps,km^2/s^2,54,54.0,0.0,-0.8493279920286612,0.003460400283923708,-0.8551680447737037,-0.8443203991941486,0.010847645579555087,-0.8558993276757525,-0.8437352450789282,0.012164082596824333,-0.07847327506979876,0.0058366091081665005,0.006218638311008773,nan,nan
522,6,23178,backward,eps,km^2/s^2,95,95.0,0.0,-0.8381071248387831,0.0015739081751671843,-0.8403927091910162,-0.8354668194967426,0.004925889694273544,-0.8408030551800155,-0.8349358068138026,0.005867248366212885,0.09510772924514284,0.0027746155973472184,0.0031334967340963527,nan,nan
522,7,27210,backward,eps,km^2/s^2,188,188.0,0.0,-0.8550049169643025,0.0039837522985516965,-0.8620194128722997,-0.8493334153545538,0.012685997517745906,-0.8641882243791851,-0.8475706963585259,0.01661752802065919,-0.19294330662556441,0.007291002538998349,0.009240518381065432,nan,nan
522,8,32632,backward,eps,km^2/s^2,89,89.0,0.0,-0.8523751391059259,0.0065193915930227345,-0.8607490281084033,-0.8415609426854399,0.019188085422963352,-0.8621899678516669,-0.8404896673847342,0.02170030046693272,0.17247521844172442,0.010239571231960308,0.01129688007895846,nan,nan
522,9,29454,backward,eps,km^2/s^2,75,75.0,0.0,-0.8519506653400285,0.004175027322008404,-0.8584993606858161,-0.8458073617822307,0.01269199890358541,-0.859316703269638,-0.8450213432897584,0.01429535997987963,0.020092546341261314,0.007284838688250672,0.008070857180722979,nan,nan
522,10,29914,backward,eps,km^2/s^2,128,128.0,0.0,-0.8555653012375086,0.004958116737295815,-0.8632834038014616,-0.8480750618775558,0.015208341923905855,-0.8642244250862114,-0.8469309246178889,0.017293500468322565,-0.02628049198015026,0.008034059554077521,0.009073462121347964,nan,nan
522,11,28999,backward,eps,km^2/s^2,79,79.0,0.0,-0.8522275537865978,0.0039833606256541145,-0.8578703617972082,-0.8459623457882294,0.011908016008978839,-0.8590285683747472,-0.8449739336708526,0.014054634703894564,-0.05875699230194011,0.006490737793708954,0.007648944371247857,nan,nan
522,12,33080,backward,eps,km^2/s^2,194,194.0,0.0,-0.8467433481912376,0.003409345975209809,-0.8516975983812847,-0.8410947159194588,0.010602882461825835,-0.8524749799852798,-0.8401064642573137,0.012368515727966045,0.07508213112136795,0.005983495278993639,0.006971746941138779,nan,nan
522,13,30601,backward,eps,km^2/s^2,94,94.0,0.0,-0.8588268696933025,0.0046509783590252055,-0.8652556825780259,-0.8511476439219432,0.014108038656082678,-0.866436772170845,-0.8499130981266997,0.016523674044145342,0.10997128547864538,0.007723567649832707,0.008764546857489952,nan,nan
522,14,30368,backward,eps,km^2/s^2,71,71.0,0.0,-0.8562925326853517,0.00450065380869807,-0.8625512413952254,-0.8488305394060922,0.013720701989133222,-0.8636292928458664,-0.8479117600975454,0.015717532748320995,0.1048325056709134,0.007392790958203166,0.00821887554277545,nan,nan
522,15,31274,backward,eps,km^2/s^2,86,86.0,0.0,-0.8554454745728771,0.0049554856808768505,-0.862584485035035,-0.8473241177298364,0.015260367305198641,-0.8632514802271617,-0.8462105745423181,0.01704090568484362,0.07373750697066858,0.008910127559552727,0.009577122751679434,nan,nan
522,16,31696,backward,eps,km^2/s^2,52,52.0,0.0,-0.8364878216256388,0.0008237956893459503,-0.8372449406425287,-0.8346477599297683,0.002597180712760494,-0.8373682534794786,-0.8342709864113822,0.003097267068096432,0.7620189698253195,0.0020063487922972623,0.002383122310683272,nan,nan
522,17,32867,backward,eps,km^2/s^2,73,73.0,0.0,-0.8551747103012285,0.004795968630677491,-0.8621243476188944,-0.8473952380686648,0.014729109550229658,-0.8633059171303675,-0.8464425619886564,0.01686335514171111,0.06556647211931461,0.008016221916536346,0.008732148312572074,nan,nan
522,18,33318,backward,eps,km^2/s^2,61,61.0,0.0,-0.852907855867904,0.005667452768332092,-0.8627054531930964,-0.8453098344824268,0.017395618710669636,-0.8637201483451444,-0.8445243360344992,0.019195812310645266,-0.2249902021112498,0.009797597325192475,0.01081229247724047,nan,nan
522,19,32403,backward,eps,km^2/s^2,52,52.0,0.0,-0.847764906669096,0.002816039777928229,-0.8532002180932966,-0.844101429916739,0.009098788176557626,-0.8539846128461204,-0.8434347668776314,0.010549845968488958,-0.39626130621130756,0.005387909730665618,0.00605457276977317,nan,nan
522,20,33089,backward,eps,km^2/s^2,56,56.0,0.0,-0.8524911189560962,0.0053884821093487315,-0.8618593746405906,-0.8454968031242034,0.016362571516387203,-0.8627840324970814,-0.8447688246489901,0.018015207848091297,-0.24855167017358687,0.009814906295217835,0.010739564151708625,nan,nan
522,21,33547,backward,eps,km^2/s^2,76,76.0,0.0,-0.8569858022855333,0.00554534793041154,-0.8640454296579297,-0.847125980480903,0.016919449177026702,-0.864923018871935,-0.8461190172406396,0.018804001631295364,0.16019347134389697,0.01026834541153021,0.01114593462553548,nan,nan
522,22,31291,backward,eps,km^2/s^2,114,114.0,0.0,-0.8644987809063317,0.002755914436196244,-0.8683045261234094,-0.859542001549456,0.008762524573953323,-0.8696007395304692,-0.8579095430658065,0.011691196464662768,0.25903172747937936,0.005081203564181569,0.005976774918092009,nan,nan
522,23,36300,backward,eps,km^2/s^2,90,90.0,0.0,-0.8581759916604477,0.005772667005515909,-0.866361538544593,-0.8484158206563076,0.017945717888285362,-0.8674381902685229,-0.8472030845578694,0.020235105710653456,0.1630150268235885,0.010235899529699131,0.01144863562813736,nan,nan
522,24,36991,backward,eps,km^2/s^2,85,85.0,0.0,-0.8588775829352948,0.005529294983658383,-0.8667321413776462,-0.8497368601143135,0.016995281263332718,-0.8677062007550724,-0.848572658349502,0.019133542405570414,0.09047078787385063,0.011060636966994197,0.012224838731805687,nan,nan
522,25,37882,backward,eps,km^2/s^2,55,55.0,0.0,-0.8433590168307434,0.0015816903638298135,-0.8450228362761895,-0.8402180022213658,0.004804834054823681,-0.8454023393406016,-0.8396491410321952,0.005753198308406371,0.5072873906139777,0.0035137480761878947,0.004082609265358417,nan,nan
522,26,43665,backward,eps,km^2/s^2,170,170.0,0.0,-0.8631475871780041,0.005384059637778356,-0.8674371229307896,-0.8505326328021743,0.01690449012861528,-0.8683459425614916,-0.8480762993733645,0.020269643188127073,0.7622785657356269,0.01291208762288823,0.015368421051698,nan,nan
522,27,39290,backward,eps,km^2/s^2,77,77.0,0.0,-0.8574636071500261,0.004355701098673137,-0.8648423392614477,-0.8502768896771999,0.01456544958424777,-0.8661772361040233,-0.8491765305929349,0.017000705511088454,-0.01293345683130533,0.009071506332087776,0.010171865416352843,nan,nan
522,28,34031,backward,eps,km^2/s^2,89,89.0,0.0,-0.8715553803477503,0.002023981480060367,-0.874726429483689,-0.8683101246061735,0.006416304877515433,-0.875197774028689,-0.867356193333683,0.007841580695006067,0.12789216068907092,0.0034573323088672213,0.004188899256762135,nan,nan
522,29,37890,backward,eps,km^2/s^2,53,53.0,0.0,-0.8479392724599424,0.0025175826535001385,-0.8513790216646134,-0.8438126924857513,0.00756632917886213,-0.8522204874748793,-0.8427645613025103,0.009455926172369011,0.13627059844440245,0.004287383734486205,0.005174711157432066,nan,nan
522,30,35172,backward,eps,km^2/s^2,69,69.0,0.0,-0.8686609924763535,0.0019336244146631728,-0.8718370680527396,-0.8657677163711145,0.006069351681625146,-0.8729946702273882,-0.8648128486572824,0.00818182157010583,-0.10263835844235676,0.0036036108400961933,0.004333677751034659,nan,nan
522,31,39731,backward,eps,km^2/s^2,54,54.0,0.0,-0.8484738769941582,0.002501301722782369,-0.8515750173955041,-0.8436684446794683,0.007906572716035787,-0.8524500422825014,-0.8428825633762642,0.009567478906237215,0.3622432293980491,0.004603132738981118,0.005389014042185281,nan,nan
522,32,36997,backward,eps,km^2/s^2,53,53.0,0.0,-0.8638091883990746,0.0028176952053102426,-0.8681648921159271,-0.8596662314775841,0.008498660638342925,-0.8687359806720734,-0.8590530462575185,0.009682934414554811,0.034019301661933864,0.0047536373424373665,0.005366822562502982,nan,nan
522,33,36315,backward,eps,km^2/s^2,67,67.0,0.0,-0.8677753218738211,0.0020476438241026885,-0.8707484767148101,-0.8645510527749664,0.006197423939843794,-0.8711017938301142,-0.8639498321888339,0.007151961641280291,0.05253880274091755,0.0033138475016534883,0.0038254896849871933,nan,nan
522,34,35874,backward,eps,km^2/s^2,73,73.0,0.0,-0.8778968587297258,0.0016342694911832124,-0.8804409056969338,-0.8755270746126467,0.0049138310842871125,-0.881009840944769,-0.8751904946397511,0.005819346305017903,-0.010349190985039855,0.002735338266630593,0.003043646055986393,nan,nan
522,35,39284,backward,eps,km^2/s^2,110,110.0,0.0,-0.8550465249579152,0.0018761057678583276,-0.8582423764586941,-0.8523231574304269,0.0059192190282671975,-0.8589544370030948,-0.8513818803193174,0.007572556683777432,-0.15358468013437185,0.003572034955740255,0.004513312066849684,nan,nan
522,36,37232,backward,eps,km^2/s^2,63,63.0,0.0,-0.8671832472489964,0.0022968705280284932,-0.8705590487089107,-0.863425406837908,0.007133641871002627,-0.8709090688596016,-0.8627550393655802,0.008154029494021442,0.03923956489593682,0.0038102640194402123,0.004468868006787474,nan,nan
522,37,37025,backward,eps,km^2/s^2,66,66.0,0.0,-0.8830918489527675,0.0014409059770691954,-0.8854593714863265,-0.8809850817434217,0.004474289742904758,-0.8855558880633488,-0.8806368993478859,0.004918988715462924,0.024697703818518327,0.002734399445986857,0.0028309160230092223,nan,nan
522,38,38171,backward,eps,km^2/s^2,77,77.0,0.0,-0.8786374017579656,0.001572273086976003,-0.8810336735865629,-0.876173307812468,0.004860365774094877,-0.8811542293746724,-0.8755491029066972,0.0056051264679751744,0.056862278644992464,0.0027441349899170356,0.0028403194703625623,nan,nan
522,39,38415,backward,eps,km^2/s^2,62,62.0,0.0,-0.8880533654928638,0.001381090191334627,-0.8902155690502573,-0.8859320537963207,0.004283515253936665,-0.8905812273291901,-0.8858977085898786,0.0046835187393114985,-0.026861221667147554,0.0024733547116469012,0.002506384229720604,nan,nan
522,40,40228,backward,eps,km^2/s^2,65,65.0,0.0,-0.8694928121508305,0.0033395804318103596,-0.8745193637660827,-0.8642445167022312,0.010274847063851511,-0.8750202757051081,-0.863529186412316,0.011491089292792078,0.051550400375836046,0.005495149869137439,0.005874174999440429,nan,nan
522,41,39083,backward,eps,km^2/s^2,59,59.0,0.0,-0.8740706268664217,0.001693909426822904,-0.8767893442357291,-0.8716434363991576,0.005145907836571428,-0.8772485438665669,-0.8713613561692656,0.005887187697301344,-0.031445914845466424,0.0028440688603654776,0.003057646844745965,nan,nan
522,42,42970,backward,eps,km^2/s^2,139,139.0,0.0,-0.859392424454771,0.002992511414229039,-0.8627321050889976,-0.8529820353965427,0.009750069692454844,-0.8633167345412689,-0.8511241729416557,0.012192561599613239,0.6986465434636518,0.006515022935391688,0.008372885390278695,nan,nan
522,43,41609,backward,eps,km^2/s^2,67,67.0,0.0,-0.8699143473732053,0.00361156358339925,-0.875173637921268,-0.8640516729787778,0.011121964942490181,-0.8755681429576101,-0.8635809778888142,0.011987165068795935,0.07668218391032901,0.006565233257994051,0.007035928347957743,nan,nan
522,44,39559,backward,eps,km^2/s^2,74,74.0,0.0,-0.883708695366537,0.0013947419129136584,-0.8858100312108588,-0.8814618939799714,0.004348137230887339,-0.8860877604772059,-0.8813621194959399,0.004725640981266044,0.01804912795345226,0.002398667388057213,0.002498441872088697,nan,nan
522,45,39341,backward,eps,km^2/s^2,60,60.0,0.0,-0.8927773902349998,0.0013284700389317677,-0.8949898999744489,-0.8909224405256722,0.0040674594487767335,-0.895381735784642,-0.8905761076359187,0.004805628148723318,-0.03545609461639225,0.0022185202897208045,0.002610356099913891,nan,nan
522,46,40696,backward,eps,km^2/s^2,57,57.0,0.0,-0.8742874276163767,0.0019093929122506097,-0.8773233995639564,-0.8714449316291653,0.005878467934791187,-0.8778104679415838,-0.8711484055100325,0.006662062431551319,0.0035741647988635997,0.003489011547858566,0.003785537666991301,nan,nan
522,47,40498,backward,eps,km^2/s^2,67,67.0,0.0,-0.8968625211009923,0.0011538914109965757,-0.898634570375339,-0.8950201666904394,0.0036144036848996253,-0.8991386706678441,-0.8946560510997396,0.004482619568104584,0.02345589713634158,0.0018835961041079208,0.002282281422262722,nan,nan
522,48,42948,backward,eps,km^2/s^2,86,86.0,0.0,-0.8472873352518158,0.0011255528895339191,-0.8493705268308386,-0.8456550794963427,0.003715447334495914,-0.8499337829601112,-0.8450201177967869,0.0049136651633243655,-0.22284354769818182,0.0020760744668178455,0.0025302057329583683,nan,nan
522,49,41193,backward,eps,km^2/s^2,67,67.0,0.0,-0.9006478133626954,0.001118961888301053,-0.902446416968883,-0.8991161927606961,0.0033302242081868494,-0.9029790419003763,-0.8987393527605559,0.004239689139820313,-0.030270703181197785,0.0019442437859311986,0.0022766865595329477,nan,nan
522,50,41642,backward,eps,km^2/s^2,58,58.0,0.0,-0.8924846027609343,0.0011520266647494246,-0.8942829264017648,-0.8906828052468361,0.0036001211549286927,-0.8946386855691513,-0.8906084706724133,0.004030214896737938,-0.02238640301161965,0.0021628895085091357,0.002237224082931921,nan,nan
522,51,41888,backward,eps,km^2/s^2,64,64.0,0.0,-0.9044754183583081,0.0011103172595231373,-0.9060677682055635,-0.9026192967102684,0.0034484714952950357,-0.9064790548155193,-0.9025464755368708,0.003932579278648429,-0.029976812400360705,0.0019280557667760156,0.002003164635744459,nan,nan
522,52,42128,backward,eps,km^2/s^2,75,75.0,0.0,-0.9116485212758054,0.001498588396749824,-0.9139711147473389,-0.9091944566823909,0.004776658064948092,-0.9141056236473517,-0.9087660655125376,0.005339558134814126,0.10717421185514582,0.0028081996325651226,0.0032365908024183376,nan,nan
522,53,42143,backward,eps,km^2/s^2,52,52.0,0.0,-0.9245659337182028,0.0021356153228563285,-0.9278117286895727,-0.9212698621438838,0.00654186654568889,-0.9285204070492568,-0.9207625112647174,0.007757895784539337,-0.029428364549608222,0.0034818808908595954,0.003914349367794334,nan,nan
522,54,45706,backward,eps,km^2/s^2,72,72.0,0.0,-0.8518075568650021,0.0019235060421575446,-0.8548803872475873,-0.8488835492397286,0.0059968380078586625,-0.8557609767847032,-0.8480264665062325,0.007734510278470719,-0.05409017945108095,0.0033559868945156287,0.003887443577767602,nan,nan
522,55,45714,backward,eps,km^2/s^2,72,72.0,0.0,-0.8563202063679254,0.002602197597800863,-0.8601775750627066,-0.8522273839781074,0.007950191084599267,-0.860980226066296,-0.8513508368504135,0.009629389215882522,0.06132321868606772,0.0043043814025022,0.004902833224682546,nan,nan
522,56,43285,backward,eps,km^2/s^2,58,58.0,0.0,-0.9178755238747445,0.0010870795982520544,-0.9195052749653355,-0.9163069391913417,0.0031983357739938656,-0.9203028678164203,-0.9159458763788139,0.004356991437606483,-0.11582104966775264,0.002084784982505622,0.0022315165398664183,nan,nan
522,57,47545,backward,eps,km^2/s^2,58,58.0,0.0,-0.8595374662027705,0.0036238876506735954,-0.8648877830747882,-0.8538133018042603,0.011074481270527903,-0.8654356594067102,-0.8527686923154816,0.01266696709122861,0.15379983662603627,0.005864728199779795,0.0068395801585167115,nan,nan
522,58,46184,backward,eps,km^2/s^2,69,69.0,0.0,-0.8626365305899679,0.002963237661291345,-0.8662981249425737,-0.8573070142845998,0.008991110657973977,-0.8669231198828709,-0.8564395530393154,0.010483566843555447,0.2365702939018504,0.005329516305368152,0.006196977550652516,nan,nan
522,59,43521,backward,eps,km^2/s^2,72,72.0,0.0,-0.9233085296005776,0.0020360643099113468,-0.9264754507622284,-0.9201651208136545,0.006310329948573834,-0.9269830590514283,-0.9196984536095728,0.007284605441855496,-0.01097149592685322,0.0034085098864019172,0.0038297419449276893,nan,nan
522,60,46851,backward,eps,km^2/s^2,61,61.0,0.0,-0.8543182278509288,0.0019395150474775188,-0.8572164656803039,-0.8510365182459432,0.0061799474343606775,-0.8581282903976089,-0.8502678233497296,0.007860467047879238,0.07371032272254797,0.0035220835774268933,0.0040131068967647066,nan,nan
522,61,44223,backward,eps,km^2/s^2,54,54.0,0.0,-0.9375774716966299,0.00328858466703446,-0.9432733007435411,-0.9330526305941073,0.010220670149433841,-0.9437597350131303,-0.9322920642678821,0.011467670745248126,-0.15092363570490278,0.005432687220361836,0.005743897295737321,nan,nan
522,62,44413,backward,eps,km^2/s^2,50,50.0,0.0,-0.9049490888441543,0.0014168320582918063,-0.907443638469673,-0.9030077974669153,0.004435841002757734,-0.9076299633436142,-0.902952617190044,0.004677346153570183,-0.17232949909895343,0.0025356177832126505,0.002721942657153864,nan,nan
522,63,44650,backward,eps,km^2/s^2,89,89.0,0.0,-0.9107369066299187,0.001692556586131919,-0.9135183699248943,-0.9081801382436884,0.005338231681205952,-0.9135390576630771,-0.9076548009762667,0.005884256686810363,-0.0257870799706116,0.0027836591748838123,0.0030821056536519675,nan,nan
522,64,47992,backward,eps,km^2/s^2,65,65.0,0.0,-0.8562526243046795,0.0026769355031157588,-0.8609627166849539,-0.8525962484255991,0.008366468259354831,-0.8621467120737065,-0.8515765244089479,0.01057018766475859,-0.21386371335493626,0.004785802438615638,0.005747097149863878,nan,nan
522,65,45366,backward,eps,km^2/s^2,70,70.0,0.0,-0.9339702896511756,0.0017892103677880885,-0.9366840625172739,-0.9311016935114828,0.005582369005791121,-0.937007925752205,-0.9305996394747357,0.006408286277469366,0.06292303061063391,0.0030737810693585665,0.0032896032865928904,nan,nan
522,66,45581,backward,eps,km^2/s^2,84,84.0,0.0,-0.9222866180639744,0.002033720169046882,-0.9254720179261153,-0.9192081475296174,0.006263870396497895,-0.9258820402904282,-0.9187570832414842,0.007124957048944003,-0.07261792996928042,0.0034011531954623083,0.0038111755597751706,nan,nan
522,67,46660,backward,eps,km^2/s^2,56,56.0,0.0,-0.8754115073091966,0.0021229813508791538,-0.8785300130392214,-0.8721116327356432,0.006418380303578219,-0.8790087009550749,-0.8717859790154355,0.007222721939639354,0.018630690268296515,0.0034874950811510375,0.003683390345604054,nan,nan
522,68,46519,backward,eps,km^2/s^2,88,88.0,0.0,-0.9407008630528308,0.0021286206494554745,-0.9439950370320086,-0.9374261212289878,0.0065689158030207695,-0.9448471123731654,-0.9370470123271958,0.007800100045969649,-0.024784251120409315,0.003730309614433602,0.004109418516225594,nan,nan
522,69,47340,backward,eps,km^2/s^2,52,52.0,0.0,-0.8730330942116635,0.001944718172703968,-0.8756526515770587,-0.8694891986729828,0.006163452904075939,-0.8763524191220656,-0.868566249808209,0.007786169313856672,0.2891517064611045,0.003529091399656997,0.004278972487113508,nan,nan
522,70,49590,backward,eps,km^2/s^2,73,73.0,0.0,-0.8600062404866248,0.0028343445733545803,-0.864299916526813,-0.8554045891978853,0.008895327328927727,-0.8653601658957861,-0.8548042438249033,0.01055592207088285,0.060070396584748435,0.004855788166980622,0.005916037535953711,nan,nan
522,71,46932,backward,eps,km^2/s^2,52,52.0,0.0,-0.9062687901041904,0.001549442092753336,-0.9089064992291452,-0.9041310213561272,0.004775477873018019,-0.9092916864802589,-0.9036469156496663,0.005644770830592671,-0.09744415956355361,0.002663012166019818,0.0030481994171335236,nan,nan
522,72,47649,backward,eps,km^2/s^2,97,97.0,0.0,-0.9326925805574908,0.001965571452574987,-0.9358486665316029,-0.9298417316973353,0.006006934834267619,-0.9360871430222569,-0.9290808893622368,0.0070062536600201675,-0.01117777452670054,0.003351606517962757,0.003552615641255419,nan,nan
522,73,49835,backward,eps,km^2/s^2,155,155.0,0.0,-0.8704913689506582,0.0019301991001431178,-0.8737049933294313,-0.8675342225027738,0.006170770826657512,-0.8744460498896391,-0.8666169846485362,0.00782906524110294,-0.06425770153066139,0.003458948376433045,0.004251286807198329,nan,nan
522,74,48348,backward,eps,km^2/s^2,105,105.0,0.0,-0.9488252596404407,0.0027039311824426883,-0.9530588156814548,-0.9447525229814436,0.008306292700011153,-0.9535633499981547,-0.9440166732647493,0.00954667673340548,-0.009388590622113164,0.004949927601753945,0.00545446191845389,nan,nan
522,75,49023,backward,eps,km^2/s^2,105,105.0,0.0,-0.9399888936318861,0.002303223885221948,-0.9436942667031106,-0.9365932519436385,0.007101014759472113,-0.9441217822047939,-0.936292359956113,0.007829422248680884,-0.04938790287165637,0.003790634794380554,0.003974256895733497,nan,nan
522,76,48297,backward,eps,km^2/s^2,50,50.0,0.0,-0.9057673923070804,0.0014523115343469607,-0.9079475505150277,-0.9034018273556222,0.00454572315940549,-0.9083211262981659,-0.9030362747453522,0.005284851552813663,0.06112154091439378,0.0024910339357231796,0.002657894468430233,nan,nan
522,77,48780,backward,eps,km^2/s^2,63,63.0,0.0,-0.9261476205357271,0.001480873384191306,-0.9286271605978803,-0.9240720991947041,0.004555061403176186,-0.9286690540763601,-0.9236655964177005,0.005003457658659616,0.03911148211129271,0.0024925943404544237,0.0025344878189342834,nan,nan
522,78,49452,backward,eps,km^2/s^2,81,81.0,0.0,-0.9192645141521547,0.0020578153838246975,-0.9224948419860823,-0.9161592529325779,0.006335589053504398,-0.9228853259427697,-0.9157449422899269,0.007140383652842863,-0.04457826428724197,0.003260772899209785,0.0036208117906150195,nan,nan
522,79,51427,backward,eps,km^2/s^2,56,56.0,0.0,-0.8635905051324784,0.002168615957335448,-0.8667023468198988,-0.859759327226804,0.006943019593094735,-0.8670943195179637,-0.858776068893164,0.008318250624799628,0.23363991376225285,0.0037449578098125713,0.004728216143452535,nan,nan
522,80,49921,backward,eps,km^2/s^2,64,64.0,0.0,-0.9319896401297951,0.0018593395544701404,-0.9349180040880023,-0.9290514903056533,0.0058665137823490365,-0.9349789046043088,-0.9286292164551614,0.006349688149147381,0.05645483744896301,0.0033469368265812926,0.0037692106770731426,nan,nan
522,81,51295,backward,eps,km^2/s^2,137,137.0,0.0,-0.9493159556527404,0.002974739744970531,-0.9538877672219457,-0.9446598520868529,0.009227915135092801,-0.9547608196625769,-0.9439286204517339,0.010832199210842997,0.016372746003704256,0.005144891950359009,0.005876123585478066,nan,nan
522,82,51700,backward,eps,km^2/s^2,89,89.0,0.0,-0.8763001432856993,0.0011721416538627407,-0.8781045880976269,-0.8744409573071814,0.0036636307904455157,-0.8784053257754976,-0.8739244325582514,0.004480893217246207,0.049544195401719886,0.0020025202594664113,0.00245548938261253,nan,nan
522,83,52622,backward,eps,km^2/s^2,68,68.0,0.0,-0.8614812931659721,0.002562749157152501,-0.865670101884379,-0.857630733866859,0.008039368017520032,-0.8665065320904046,-0.8566647043138971,0.00984182777650755,-0.07183118829282889,0.004481920268421924,0.0051162080062998605,nan,nan
522,84,50818,backward,eps,km^2/s^2,58,58.0,0.0,-0.9258298407096996,0.0014063858719898866,-0.9279374252303455,-0.923714836282439,0.004222588947906503,-0.9282540821925613,-0.9233618105148604,0.004892271677700899,0.05008861263399446,0.0024237896475614805,0.0024708056782143384,nan,nan
522,85,51058,backward,eps,km^2/s^2,71,71.0,0.0,-0.9387424285684889,0.0020401510254508455,-0.9417733055155506,-0.9355769051053935,0.006196400410157121,-0.9425744203250799,-0.9353387541817335,0.007235666143346364,-0.04148827623384704,0.0034034121185916866,0.003810269573983671,nan,nan
522,86,53315,backward,eps,km^2/s^2,87,87.0,0.0,-0.8608233954804063,0.0032621326991381767,-0.8664652912408664,-0.8564932238845347,0.009972067356331604,-0.867690660968766,-0.8555390856544933,0.012151575314272689,-0.23128224723745333,0.005641895760460037,0.006867265488359697,nan,nan
522,87,51510,backward,eps,km^2/s^2,56,56.0,0.0,-0.9192994211065373,0.0014875986022308597,-0.9215641572179046,-0.9170347608552798,0.004529396362624838,-0.9218571313155378,-0.9164011339685324,0.005455997347005415,0.04005105411830039,0.002568439347279905,0.0027767924120788434,nan,nan
522,88,51777,backward,eps,km^2/s^2,67,67.0,0.0,-0.9315557543571229,0.001959009336077165,-0.9345097602975597,-0.9286603971210278,0.005849363176531952,-0.9349232990887544,-0.9282793925398475,0.006643906548906897,-0.05922064061613117,0.0032792551685068335,0.0033554070010450854,nan,nan
522,89,53908,backward,eps,km^2/s^2,145,145.0,0.0,-0.9504494306361908,0.004845241880063508,-0.9579533568666379,-0.9430561155505903,0.014897241316047527,-0.9585517263301429,-0.9418284384583393,0.01672328787180355,0.02535228347833108,0.007765064229432328,0.008992741321683373,nan,nan
522,90,53348,backward,eps,km^2/s^2,96,96.0,0.0,-0.8801307496728462,0.0010982740224616072,-0.8817737096979206,-0.8784284510676731,0.003345258630247483,-0.8821135534298787,-0.8778448855152052,0.004268667914673507,0.052919628139594305,0.001956170455931966,0.002539736008399851,nan,nan
522,91,52717,backward,eps,km^2/s^2,59,59.0,0.0,-0.9247106417841477,0.0017589620026787157,-0.9275883999539409,-0.9222734745235414,0.005314925430399575,-0.927963114261802,-0.9219116753114558,0.006051438950346211,-0.12146677920089208,0.002860754102468776,0.003222553314554344,nan,nan
522,92,53196,backward,eps,km^2/s^2,73,73.0,0.0,-0.9391486339584882,0.0024402636473282065,-0.9429735643592587,-0.9355909877974019,0.007382576561856813,-0.9438167992220823,-0.935331394605198,0.008485404616884296,-0.01890229080854527,0.0038358914793965135,0.004679126342220119,nan,nan
522,93,53820,backward,eps,km^2/s^2,78,78.0,0.0,-0.8842566359737845,0.0012549522863815469,-0.8862284986347919,-0.8823399890104262,0.0038885096243657102,-0.8864557221036017,-0.8820375537474576,0.004418168356144059,-0.015683227283814112,0.002082317716204468,0.0023202635844565833,nan,nan
522,94,53403,backward,eps,km^2/s^2,61,61.0,0.0,-0.9188568345044009,0.0016456113151270238,-0.9211463447980794,-0.916130309928134,0.005016034869945396,-0.9214056027969318,-0.9154521259439556,0.005953476852976203,0.1813642023658956,0.0027406063651638224,0.00313544793663878,nan,nan
522,95,53654,backward,eps,km^2/s^2,72,72.0,0.0,-0.9320485617334733,0.002212435195035589,-0.9352049212341452,-0.9284139211963243,0.00679100003782096,-0.9358762549537939,-0.9280089369206694,0.00786731803312446,0.05821668584860895,0.0036861455905203623,0.004203738218535147,nan,nan
522,96,54763,backward,eps,km^2/s^2,64,64.0,0.0,-0.8670799749731115,0.0021024820375061125,-0.8703601037531797,-0.8636730172970666,0.006687086456113156,-0.8713708865477937,-0.8625192593642478,0.00885162718354593,0.060923063764258954,0.003967428463997441,0.004870180175293615,nan,nan
522,97,55151,backward,eps,km^2/s^2,94,94.0,0.0,-0.9485571709265774,0.003080244209592317,-0.9532533584362967,-0.9438377478176158,0.009415610618680903,-0.9541007626913914,-0.942996850825057,0.011103911866334415,0.01896931781921932,0.005126974002725887,0.005554481790756682,nan,nan
522,98,54334,backward,eps,km^2/s^2,60,60.0,0.0,-0.9245594070498627,0.001818795216467686,-0.9273884264965163,-0.9218287825378841,0.005559643958632177,-0.9277489118239014,-0.9214879255272148,0.006260986296686588,-0.04736233496974819,0.0032212572829291627,0.003581742610314298,nan,nan
522,99,54868,backward,eps,km^2/s^2,81,81.0,0.0,-0.9400037953408146,0.002693689107833823,-0.944273335808155,-0.9361971246744347,0.008076211133720257,-0.9451160099161009,-0.9353640116903925,0.00975199822570838,-0.11279072264262895,0.004680589895469378,0.005523264003415296,nan,nan
522,100,56191,backward,eps,km^2/s^2,51,51.0,0.0,-0.8709695601085274,0.002325432229125818,-0.8745470731668026,-0.8674713143199578,0.0070757588468447485,-0.8749423415303994,-0.8670817750117371,0.007860566518662293,-0.03182077013335383,0.0038920297391012992,0.00428156904732202,nan,nan
522,101,55333,backward,eps,km^2/s^2,62,62.0,0.0,-0.877890772168652,0.0014674931422202569,-0.8804079634021196,-0.8757989980624115,0.004608965339708115,-0.8808434363921691,-0.8753664951233223,0.005476941268846791,-0.17511126183168696,0.0024424346990993494,0.002849253119052153,nan,nan
522,102,55387,backward,eps,km^2/s^2,71,71.0,0.0,-0.9141426053088061,0.00170990573558493,-0.9167461226185449,-0.911548046483811,0.005198076134733887,-0.9170343415672213,-0.9112073287808647,0.005827012786356556,-0.0051222593962742145,0.002906755520388049,0.0032474732233344072,nan,nan
522,103,56520,backward,eps,km^2/s^2,68,68.0,0.0,-0.8883664183968923,0.0012608576217581768,-0.8905608487523519,-0.8866985414129743,0.0038623073393775353,-0.8908137826707724,-0.8865177697892328,0.004296012881539579,-0.202132381531674,0.0021130175064738355,0.0023659514248943747,nan,nan
522,104,55694,backward,eps,km^2/s^2,76,76.0,0.0,-0.9318942300893822,0.0025207111781867,-0.9359737969543539,-0.928227716313356,0.00774608064099791,-0.9364440931869897,-0.927814376636766,0.00862971655022371,-0.08485506340870069,0.004110016735855565,0.0045803129684913735,nan,nan
522,105,54985,backward,eps,km^2/s^2,54,54.0,0.0,-0.11761939089039058,0.008990788860365133,-0.13193954045805223,-0.104504759914691,0.027434780543361223,-0.13368639365042612,-0.10313341936156994,0.03055297428885617,-0.06576249313267897,0.01456434273396623,0.016311195926340116,nan,nan
522,106,57123,backward,eps,km^2/s^2,97,97.0,0.0,-0.8835345449956182,0.0013863129216720998,-0.8856859060911884,-0.8814062030943308,0.004279702996857537,-0.8862907855873741,-0.8806153746995007,0.005675410887873378,0.037899368761005456,0.002374895533110031,0.002919170296117546,nan,nan
522,107,56072,backward,eps,km^2/s^2,73,73.0,0.0,-0.0906510956561064,0.006479830777246542,-0.10209685294223174,-0.0820113567504404,0.02008549619179134,-0.10396930301317464,-0.08071599247893768,0.02325331053423696,-0.2402735866673302,0.010913087733391365,0.011743521526680567,nan,nan
522,108,56076,backward,eps,km^2/s^2,76,76.0,0.0,-0.09269901080592724,0.007643332559969781,-0.10820396223863357,-0.08437281809836569,0.02383114414026788,-0.1101034687879191,-0.08301499271051127,0.02708847607740783,-0.5009312670030706,0.013793894603100515,0.015693401152386044,nan,nan
522,109,56264,backward,eps,km^2/s^2,66,66.0,0.0,-0.9200920276878584,0.0017607041143084816,-0.9229031871490504,-0.9173704618514134,0.005532725297637042,-0.9234939783744505,-0.9171200665818211,0.006373911792629361,-0.05293233383783262,0.002918117005529769,0.003251844492456968,nan,nan
522,110,55792,backward,eps,km^2/s^2,94,94.0,0.0,-0.09882820175469292,0.007410176379675898,-0.11053368776380612,-0.08797674265291228,0.022556945110893845,-0.11174768278186453,-0.08559023011935984,0.026157452662504688,-0.03847247167855602,0.01210142625612781,0.013345933921782627,nan,nan
522,111,56739,backward,eps,km^2/s^2,79,79.0,0.0,-0.12396407416756439,0.0073103836140579696,-0.1356038488597164,-0.11321745241513982,0.022386396444576587,-0.13724176101482255,-0.11193038134370648,0.025311379671116074,-0.03701543961467015,0.012810955747384655,0.014098026818817999,nan,nan
522,112,58158,backward,eps,km^2/s^2,99,99.0,0.0,-0.9502308606916309,0.003078552197951373,-0.9549455729645949,-0.9454822639612727,0.009463309003322262,-0.9553900167698488,-0.9442434951063544,0.011146521663494391,0.015175090609679257,0.005133121178427657,0.005987501006655016,nan,nan
522,113,57515,backward,eps,km^2/s^2,87,87.0,0.0,-0.9417635018288417,0.0028798518930948963,-0.9460417933546894,-0.9371785671515023,0.008863226203187136,-0.9469173120912389,-0.9363056275320555,0.010611684559183376,0.03848817544998174,0.004886331568566772,0.0054900500099982485,nan,nan
522,114,56729,backward,eps,km^2/s^2,135,135.0,0.0,-0.12172296101479307,0.004899685857229331,-0.129555468667941,-0.1144853457912466,0.015070122876694389,-0.13093832963939744,-0.11206686210050887,0.018871467538888576,-0.02339898082995005,0.008487019145712293,0.009699212780767241,nan,nan
522,115,57763,backward,eps,km^2/s^2,54,54.0,0.0,-0.8922327727324757,0.0008242193970871581,-0.8934964694722258,-0.8909789600359294,0.0025175094362964723,-0.8936236419304999,-0.8908768149927174,0.0027468269377824983,-0.02581960836316441,0.0014284993392030929,0.001555671797477176,nan,nan
522,116,57190,backward,eps,km^2/s^2,67,67.0,0.0,-0.9307624968378235,0.00243991099888588,-0.934213859335145,-0.9267691680096594,0.007444691325485642,-0.9345958672061931,-0.9263135073282172,0.008282359877975987,0.11084306157042227,0.004066312648041803,0.004521973329484008,nan,nan
522,117,59536,backward,eps,km^2/s^2,152,152.0,0.0,-0.0865085334960613,0.0074076818540910324,-0.09998578310014851,-0.07749363004170441,0.022492153058444098,-0.101902305457783,-0.07580209532937299,0.026100210128410017,-0.25405381529911597,0.012143197303245454,0.014025006659031503,nan,nan
522,118,56705,backward,eps,km^2/s^2,106,106.0,0.0,-0.10903399517014573,0.003030238397891838,-0.11381283536766232,-0.10446316945960296,0.009349665908059357,-0.114488552427779,-0.10379600037167991,0.010692552056099092,-0.04646846611668684,0.00496493508716106,0.005493997487454494,nan,nan
522,119,58890,backward,eps,km^2/s^2,214,214.0,0.0,-0.09526474170200966,0.004905056122593348,-0.10300317478342122,-0.08818964563062243,0.014813529152798793,-0.10402408445109246,-0.08601670558339813,0.018007378867694324,-0.05582300397802399,0.008200477620494634,0.009060915324487051,nan,nan
522,120,59056,backward,eps,km^2/s^2,57,57.0,0.0,-0.8950727476801572,0.0008387471510838971,-0.8964134383046882,-0.8938537316463661,0.0025597066583221695,-0.8966430992171142,-0.8937128740254469,0.0029302251916673017,-0.05190777086563937,0.00136604733224146,0.0015703515369569487,nan,nan
522,121,60114,backward,eps,km^2/s^2,132,132.0,0.0,-0.9410820202752809,0.0036492156512783493,-0.9470716199307315,-0.9354344419112274,0.011637178019504146,-0.948412985378001,-0.9348273598184169,0.013585625559584091,-0.09796124424867893,0.006294368418026236,0.007248107492410005,nan,nan
522,122,59707,backward,eps,km^2/s^2,67,67.0,0.0,-0.8881209315103156,0.0013482278924580955,-0.8901921582396839,-0.8860211071116798,0.0041710511280040885,-0.890492123565005,-0.8855867326325997,0.004905390932405274,0.011869644253482671,0.0022683999703634874,0.0025341988777158875,nan,nan
522,123,59436,backward,eps,km^2/s^2,70,70.0,0.0,-0.930693713273889,0.0024516071694467073,-0.9344538876250609,-0.9269322769704496,0.0075216106546113215,-0.9348421723083307,-0.9265713399705717,0.008270832337758938,-0.019187623896739614,0.003996111917384015,0.0041681809413745,nan,nan
522,124,61508,backward,eps,km^2/s^2,59,59.0,0.0,-0.9677795704884177,0.0010160472157805028,-0.9691032574077,-0.9659445994901347,0.0031586579175653107,-0.9692083771288714,-0.9652831399814732,0.003925237147398231,0.38950793467046735,0.0016500565372117178,0.002301300765095604,nan,nan
522,125,57957,backward,eps,km^2/s^2,122,122.0,0.0,-0.11421646249501555,0.006793878596557903,-0.12283297124022087,-0.10213545082463553,0.02069752041558534,-0.12428857362136891,-0.10105450588915466,0.02323406773221426,0.19684625252966934,0.01116458951240412,0.01206144837158929,nan,nan
522,126,59426,backward,eps,km^2/s^2,53,53.0,0.0,-0.9233886616179008,0.002089086695644391,-0.9265893758271921,-0.9201853972937591,0.006403978533432997,-0.926981982480213,-0.9198250398740625,0.007156942606150518,-0.030968318444655574,0.0035193528080472714,0.0039119594610681485,nan,nan
522,127,61835,backward,eps,km^2/s^2,95,95.0,0.0,-0.9515873720792684,0.0028341210948004624,-0.9556275080556499,-0.9471524307383707,0.008475077317279145,-0.956397024365713,-0.9459951548897132,0.010401869475999859,0.10819585105490566,0.00471068659695939,0.00559221718955516,nan,nan
522,128,60638,backward,eps,km^2/s^2,72,72.0,0.0,-0.1370612948736571,0.003991716801175936,-0.14370661703989007,-0.13132711316728102,0.012379503872609054,-0.14464228131797585,-0.12997908514539225,0.014663196172583604,-0.08752888468637646,0.006649118605200333,0.007353314013657242,nan,nan
522,129,62811,backward,eps,km^2/s^2,101,101.0,0.0,-0.8975578693879613,0.000979693861622439,-0.8991611200201791,-0.8960308595010171,0.003130260519161987,-0.8994491934143031,-0.8953881967525275,0.004060996661775618,0.011200940001576716,0.00176919835305267,0.0024118611015423452,nan,nan
522,130,58929,backward,eps,km^2/s^2,74,74.0,0.0,-0.11566303590809696,0.002981507616692746,-0.12044819029972403,-0.11104030659288874,0.00940788370683529,-0.12202593752348978,-0.10940790047570847,0.012618037047781305,-0.051540679000204655,0.005461309527177683,0.0064333184466698334,nan,nan
522,131,61929,backward,eps,km^2/s^2,134,134.0,0.0,-0.0939425428375209,0.005727266461533871,-0.10369490028168962,-0.08618759151779577,0.01750730876389385,-0.1048927061803151,-0.08528282696393497,0.019609879216380133,-0.15989629055020924,0.009254673690669657,0.01026890244956813,nan,nan
522,132,60628,backward,eps,km^2/s^2,65,65.0,0.0,-0.13268509845520848,0.003725177760346516,-0.13853742994850576,-0.12703984051657694,0.011497589431928829,-0.1392027181120763,-0.12636707134611225,0.012835646765964048,-0.0444572442633801,0.006049866988460417,0.006517619656867812,nan,nan
522,133,60758,backward,eps,km^2/s^2,54,54.0,0.0,-0.9166059657345917,0.0016229819202959266,-0.9189196815200065,-0.9140118624744585,0.004907819045547934,-0.9196000723245912,-0.913478643924611,0.0061214283999802,0.06882348154381512,0.002818098476147656,0.003194734000102506,nan,nan
522,134,63247,backward,eps,km^2/s^2,61,61.0,0.0,-0.9600875062363382,0.0012440555214336634,-0.9618061730713446,-0.957955417318144,0.0038507557532005965,-0.9618548989816857,-0.9579460351353439,0.003908863846341815,0.01192034237578808,0.002132088918194164,0.0021414711009942744,nan,nan
522,135,63326,backward,eps,km^2/s^2,93,93.0,0.0,-0.08933931713583054,0.003571197424849741,-0.09534330098218406,-0.08434457822056354,0.010998722761620519,-0.09603487302892477,-0.08315600758056707,0.012878865448357701,-0.1416287132587465,0.006260796043111403,0.006952368089852112,nan,nan
522,136,63336,backward,eps,km^2/s^2,157,157.0,0.0,-0.0942217591447918,0.005681163141950228,-0.10451694811360701,-0.08688743951543287,0.017629508598174137,-0.10574281733811652,-0.08569165648364996,0.020051160854466565,-0.25487049246562954,0.009731154156248365,0.01095702338075788,nan,nan
522,137,62101,backward,eps,km^2/s^2,53,53.0,0.0,-0.891515575059497,0.0009389563647786914,-0.8930215779174216,-0.8900159390204905,0.003005638896931173,-0.8932568548966249,-0.8895903841111037,0.003666470785521181,0.05760703926337058,0.0017076907752118231,0.002133245684598606,nan,nan
522,138,61464,backward,eps,km^2/s^2,67,67.0,0.0,-0.9310429597191285,0.0023103861291504267,-0.9345523876162236,-0.9274550106047778,0.00709737701144586,-0.9349060712453978,-0.9270962768905219,0.007809794354875943,0.03167401172478121,0.0037472467025237875,0.003946682828606662,nan,nan
522,139,62167,backward,eps,km^2/s^2,82,82.0,0.0,-0.9387606612442012,0.0023281721884950007,-0.9424034573183719,-0.9352855068532314,0.007117950465140521,-0.9432042617851013,-0.934934045730043,0.008270216055058288,-0.07731328532110719,0.0038581334115413315,0.004232890857634564,nan,nan
522,140,65106,backward,eps,km^2/s^2,81,81.0,0.0,-0.07639032413461888,0.004268526063592869,-0.08391034871031389,-0.0706304116675388,0.01327993704277508,-0.08533012944669671,-0.06925575979051146,0.01607436965618525,-0.204918483253173,0.007311703806058056,0.008346011535570352,nan,nan
522,141,61309,backward,eps,km^2/s^2,66,66.0,0.0,-0.1308237052981875,0.0034799654542589835,-0.1367339513375349,-0.1260953769568923,0.010638574380642613,-0.13783565466407255,-0.1255736013845289,0.012262053279543661,-0.18724058469528662,0.005680854683948855,0.006380978395654546,nan,nan
522,142,64602,backward,eps,km^2/s^2,99,99.0,0.0,-0.9005009431199361,0.000992483722042649,-0.9019734034655522,-0.8988435262332366,0.0031298772323156143,-0.9023397175289134,-0.8979972512784267,0.004342466250486732,0.2684258380673882,0.0017929369280721406,0.0026392118828820754,nan,nan
522,143,61454,backward,eps,km^2/s^2,53,53.0,0.0,-0.923889739956929,0.002021917158113127,-0.9267670919821668,-0.9205781431618016,0.006188948820365137,-0.9270243954704578,-0.9202052500300585,0.006819145440399299,0.10282658889309318,0.0033176967542121183,0.0035750002425031235,nan,nan
522,144,64686,backward,eps,km^2/s^2,68,68.0,0.0,-0.9643646825279489,0.0012043385321543162,-0.966073595120493,-0.9622955508043005,0.0037780443161924415,-0.9664940581749029,-0.9622325368250038,0.0042615213498991,0.01626844896378929,0.002117078703204428,0.0021387054235105785,nan,nan
522,145,66568,backward,eps,km^2/s^2,80,80.0,0.0,-0.07249703259958856,0.004954937977372563,-0.08132002480934497,-0.06612189356924715,0.01519813124009782,-0.08274671015968682,-0.06565735871521827,0.017089351444468548,-0.2261758828119165,0.007988222682206874,0.008832183754686751,nan,nan
522,146,68432,backward,eps,km^2/s^2,80,80.0,0.0,-0.07280716190294323,0.00449309013466488,-0.08194612279529748,-0.06752402092962342,0.014422101865674053,-0.08332921219695155,-0.06639628646644213,0.01693292573050942,-0.5016813853031925,0.008976930324627784,0.010360019726281866,nan,nan
522,147,64054,backward,eps,km^2/s^2,149,149.0,0.0,-0.09567065632913041,0.005004326401463121,-0.10482467108227014,-0.08925503992271552,0.01556963115955462,-0.10597319088121038,-0.08809573635297907,0.017877454528231307,-0.27720198395006634,0.008417190359850245,0.009418380990246833,nan,nan
522,148,61951,backward,eps,km^2/s^2,118,118.0,0.0,-0.1062489494362136,0.005480954900425862,-0.1160415150751285,-0.09885693918715728,0.017184575887971218,-0.11752645499085024,-0.09808569940870016,0.019440755582150082,-0.23521911999186546,0.009422289234728758,0.010907229150450504,nan,nan
522,149,68054,backward,eps,km^2/s^2,59,59.0,0.0,-0.07073315722199447,0.004341235019014567,-0.07871817656437728,-0.06543518724797368,0.013282989316403607,-0.07984790927482532,-0.06501890958398648,0.01482899969083884,-0.297986883183087,0.007334559961327245,0.008464292671775286,nan,nan
522,150,63417,backward,eps,km^2/s^2,117,117.0,0.0,-0.13524924093857948,0.006994979171680106,-0.1478803638931928,-0.12618525006632597,0.02169511382686684,-0.14964740930567033,-0.12525040828366518,0.02439700102200515,-0.25218175136510895,0.011703964084022741,0.013471009496500264,nan,nan
522,151,63516,backward,eps,km^2/s^2,50,50.0,0.0,-0.894305190934785,0.0008905437493521772,-0.8956136739894183,-0.892889744146751,0.0027239298426672276,-0.8960515532708084,-0.892369177426682,0.003682375844126451,0.11088797273793752,0.001635011744857245,0.0019672087131022975,nan,nan
522,152,65334,backward,eps,km^2/s^2,124,124.0,0.0,-0.9039496902938136,0.0011759277147216757,-0.9058714156927782,-0.9021823635103732,0.003689052182405006,-0.9063171573344595,-0.9017269827615061,0.004590174572953409,-0.08003176309247019,0.0020278211406480227,0.002464070088368908,nan,nan
522,153,63004,backward,eps,km^2/s^2,122,122.0,0.0,-0.10732458232163067,0.005617939038636222,-0.11733752821346424,-0.10008838158977543,0.017249146623688816,-0.1191746995984676,-0.09905944218528406,0.02011525741318354,-0.2486003540175306,0.009747224370072392,0.01158439575507575,nan,nan
522,154,64033,backward,eps,km^2/s^2,118,118.0,0.0,-0.08432423717995968,0.002050085061360136,-0.08763591958475343,-0.08095196477776054,0.006683954806992895,-0.08844369817384867,-0.07916182201313815,0.009281876160710523,0.09349949377951784,0.0037320788241318507,0.00530217316450865,nan,nan
522,155,63186,backward,eps,km^2/s^2,55,55.0,0.0,-0.9124974029163367,0.0014503937223391645,-0.9146427842044826,-0.910187530096816,0.004455254107666673,-0.9150569646941533,-0.9098579435543827,0.005199021139770665,0.0469796635822408,0.002464444925276854,0.0027240828271130058,nan,nan
522,156,63550,backward,eps,km^2/s^2,56,56.0,0.0,-0.9174427847555499,0.0015600514470885886,-0.9198241977611047,-0.9151091652082637,0.004715032552841003,-0.9202400783096054,-0.9143790703971191,0.005861007912486338,-0.010876581957510161,0.0026523815120065575,0.0029401711981215106,nan,nan
522,157,63916,backward,eps,km^2/s^2,70,70.0,0.0,-0.924167999755739,0.0021559632560221352,-0.9276577376461279,-0.9209890562963959,0.006668681349731975,-0.9280218927638476,-0.9206249157631989,0.007396977000648675,-0.07807395106574858,0.003486748228194769,0.003710072641502693,nan,nan
522,158,63925,backward,eps,km^2/s^2,66,66.0,0.0,-0.9311327466569602,0.0022308267705158924,-0.9344675393747035,-0.9276129270851752,0.006854612289528328,-0.9348178590518925,-0.9271557042274734,0.007662154824419121,0.027793720306613215,0.0036203349412098906,0.003913159696774859,nan,nan
522,159,62333,backward,eps,km^2/s^2,108,108.0,0.0,-0.12263681506250407,0.0065560239549125425,-0.13279929097344575,-0.11290373863576744,0.019895552337678313,-0.13496004755379676,-0.1114729374505441,0.023487110103252662,-0.06929149974545253,0.010845195248195043,0.011817422424323598,nan,nan
522,160,65393,backward,eps,km^2/s^2,92,92.0,0.0,-0.9476309099207665,0.002647369869799218,-0.9518597993348489,-0.9435286719062242,0.00833112742862463,-0.9530194533560834,-0.9426087275719122,0.010410725784171238,-0.050437360776836165,0.00464451201332452,0.005285740193784361,nan,nan
522,161,63370,backward,eps,km^2/s^2,125,125.0,0.0,-0.11212155682089964,0.006885534563779138,-0.12373759204119975,-0.10376325549067819,0.019974336550521554,-0.12572851319127587,-0.10207008726965161,0.02365842592162426,-0.10863011373390608,0.010742730997090088,0.012568018060705954,nan,nan
522,162,63762,backward,eps,km^2/s^2,53,53.0,0.0,-0.13134370479573143,0.003496088740777772,-0.13666160592042226,-0.1260862815412134,0.010575324379208856,-0.138100732509973,-0.12491700421535556,0.013183728294617447,-0.0005848867604521059,0.005965198950924511,0.007232309465927789,nan,nan
522,163,66810,backward,eps,km^2/s^2,101,101.0,0.0,-0.9086231364845313,0.0010847908741295675,-0.910248587554762,-0.9068683190527121,0.0033802685020498657,-0.9105334315094933,-0.9063869569877203,0.004146474521772969,0.03565274662586107,0.0018288072550357581,0.002286965012799791,nan,nan
522,164,64798,backward,eps,km^2/s^2,61,61.0,0.0,-0.10994843684455602,0.002907761264609487,-0.11484384555948657,-0.10568138923948012,0.009162456320006451,-0.11554778963791312,-0.10459167587319917,0.010956113764713948,-0.10480401684800218,0.0051528452750884135,0.005803268489625535,nan,nan
522,165,64468,backward,eps,km^2/s^2,104,104.0,0.0,-0.1254769212946132,0.0037018206224180648,-0.13193383400120617,-0.11966161321084332,0.012272220790362859,-0.1345463299419869,-0.11842245830432241,0.01612387163766449,-0.1472016591029522,0.006803876745385562,0.009314672565858606,nan,nan
522,166,65946,backward,eps,km^2/s^2,84,84.0,0.0,-0.13556012107935989,0.0036194805454114734,-0.1413551088833367,-0.12962509165697356,0.011730017226363132,-0.14340935529186982,-0.12750909833203294,0.015900256959836878,0.02360697937342068,0.006779125206239782,0.008591844885391886,nan,nan
522,167,67738,backward,eps,km^2/s^2,304,304.0,0.0,-0.10627898965367788,0.007325338694564247,-0.11937585066296337,-0.09660884417895879,0.02276700648400458,-0.12291380642043259,-0.09433176073293148,0.028582045687501112,-0.23199024374479374,0.01293231475139573,0.01647027050886496,nan,nan
522,168,66448,backward,eps,km^2/s^2,88,88.0,0.0,-0.9132323654110807,0.001536214538287476,-0.9155298294974298,-0.910802566627645,0.004727262869784754,-0.9157987480526876,-0.910400298783357,0.00539844926933053,0.04258828080864926,0.002525669791224721,0.002738642828986948,nan,nan
522,169,66474,backward,eps,km^2/s^2,76,76.0,0.0,-0.9318432289511214,0.002321697806054642,-0.9355582133004419,-0.9284816802863498,0.007076533014092057,-0.9362516480884019,-0.9281715863439217,0.008080061744480171,-0.08419463210596365,0.0037425564920024745,0.004339633758581707,nan,nan
522,170,69498,backward,eps,km^2/s^2,67,67.0,0.0,-0.9548590548735013,0.0020745859651137163,-0.9582006322769243,-0.9515312765753444,0.006669355701579893,-0.9586658855946699,-0.9504865805094679,0.008179305085202038,0.026986621309561438,0.0036187013225606134,0.0045039525825875115,nan,nan
522,171,67716,backward,eps,km^2/s^2,98,98.0,0.0,-0.09388923133281152,0.0022698839724251425,-0.09745125301427346,-0.0904429848048559,0.007008268209417565,-0.09817366166539698,-0.08966846932781936,0.008505192337577627,-0.02209733655147799,0.003850187502016294,0.004437707332293983,nan,nan
522,172,66464,backward,eps,km^2/s^2,74,74.0,0.0,-0.924550785883018,0.0019581895027137564,-0.9275053359545672,-0.9214859916218293,0.006019344332737875,-0.9278776454108776,-0.9211319245963016,0.006745720814576028,0.02238668776685431,0.003203656926644854,0.003390748121795961,nan,nan
522,173,68575,backward,eps,km^2/s^2,63,63.0,0.0,-0.1487692914944252,0.004413804000098981,-0.15549250671593348,-0.14210856243635067,0.01338394427958281,-0.15743251251621126,-0.14098431965403901,0.01644819286217225,-0.007408108656841841,0.007437060457052424,0.008663221021786072,nan,nan
522,174,66296,backward,eps,km^2/s^2,182,182.0,0.0,-0.12701519726167926,0.005924637816671872,-0.13675998244471838,-0.1176476081024539,0.019112374342264482,-0.13928421765669463,-0.11557135306775979,0.023712864588934846,-0.03738702316969186,0.010536837777117673,0.011941263164481408,nan,nan
522,175,68567,backward,eps,km^2/s^2,81,81.0,0.0,-0.14579024204192748,0.0036213900917411394,-0.15130854358478596,-0.13966268587292252,0.011645857711863439,-0.15249964896980173,-0.137638677147774,0.014860971822027724,0.142536186281069,0.006532668331084124,0.007574886201211606,nan,nan
522,176,70594,backward,eps,km^2/s^2,152,152.0,0.0,-0.9182781609998785,0.0014022501239221482,-0.920597217565571,-0.9161119653637471,0.004485252201823942,-0.9211319024011081,-0.9151831097514438,0.005948792649664303,-0.016426961527973877,0.002584787306819325,0.003513642919122595,nan,nan
522,177,70637,backward,eps,km^2/s^2,112,112.0,0.0,-0.9505842959405817,0.0026708233247000044,-0.9544287492558147,-0.9461792528345478,0.008249496421266822,-0.955379657370819,-0.9449686398901059,0.010411017480713047,0.10818170506998277,0.004669020727935618,0.005755168984990955,nan,nan
522,178,68213,backward,eps,km^2/s^2,55,55.0,0.0,-0.15493839569013357,0.0022957119146593086,-0.15856697616609755,-0.15162225273133995,0.006944723434757605,-0.15913015913232187,-0.15091109091134247,0.008219068220979397,-0.04781673643399528,0.00405373485274224,0.004616917818966559,nan,nan
522,179,71873,backward,eps,km^2/s^2,220,220.0,0.0,-0.0768001001788301,0.002673469207976199,-0.08136769153451756,-0.07283660163827747,0.008531089896240088,-0.08255111508172808,-0.07109727757981243,0.011453837501915642,-0.044889216069909296,0.0048121824854840895,0.00600409018493242,nan,nan
522,180,72670,backward,eps,km^2/s^2,184,184.0,0.0,-0.09192949463649802,0.0035358388124086594,-0.09842110999450582,-0.08736475825763595,0.011056351736869863,-0.0997102563779334,-0.08589556418902122,0.013814692188912181,-0.27000404988022636,0.0065213355423196,0.007810481925747181,nan,nan
522,181,71904,backward,eps,km^2/s^2,217,217.0,0.0,-0.09646637571086747,0.0038444491273667146,-0.10317283730804783,-0.09101424019623539,0.012158597111812441,-0.10546338701814584,-0.08931076219221279,0.01615262482593305,-0.19994351836966245,0.007212727867929368,0.00950327757802738,nan,nan
522,182,72029,backward,eps,km^2/s^2,75,75.0,0.0,-0.15691490295300803,0.0053144334957011576,-0.16517647472417743,-0.14872262441300832,0.01645385031116911,-0.16627456452146527,-0.1477452128029676,0.018529351718497677,-0.005525704034642501,0.009352387088843781,0.010329798698884507,nan,nan
522,183,74978,backward,eps,km^2/s^2,157,157.0,0.0,-0.07194168961937952,0.0029520535611664675,-0.07735639759945276,-0.06770937419362535,0.009647023405827404,-0.07886730926643559,-0.0664954298825493,0.012371879383886286,-0.17175176601767322,0.0054484148952091745,0.006959326562192003,nan,nan
522,184,70005,backward,eps,km^2/s^2,224,224.0,0.0,-0.10687833842163369,0.004758518406707524,-0.115490675300877,-0.10077066957553349,0.014720005725343516,-0.11899020302405816,-0.09968128924896924,0.01930891377508892,-0.3479456974158564,0.008172932835037082,0.011672460558218245,nan,nan
522,185,70467,backward,eps,km^2/s^2,133,133.0,0.0,-0.14680980433533264,0.0056297650571100555,-0.15582394739834365,-0.1382618572621555,0.017562090136188147,-0.15855976276943118,-0.13580906322843977,0.022750699540991404,-0.0633675393815611,0.009825591452239577,0.01174995843409854,nan,nan
522,186,69107,backward,eps,km^2/s^2,54,54.0,0.0,-0.944181689852999,0.0016860257318979382,-0.9466619231685105,-0.9414885309654877,0.00517339220302282,-0.9470350927612805,-0.9407860073357186,0.006249085425561907,0.0881928844665698,0.002831032303716818,0.0034509226811281213,nan,nan
522,187,70647,backward,eps,km^2/s^2,59,59.0,0.0,-0.9587337400438636,0.001389385485487017,-0.9604876393735476,-0.9561660795185288,0.004321559855018808,-0.960854774152087,-0.9560068489757085,0.0048479251763784426,0.24777966595971435,0.002567660525334769,0.0027268910681550462,nan,nan
522,188,70270,backward,eps,km^2/s^2,54,54.0,0.0,-0.9640237206390739,0.0009952971989436274,-0.9654315475977175,-0.9623363519924123,0.0030951956053052454,-0.965577287371576,-0.9622626889835205,0.0033145983880554786,0.11899771140383604,0.001703007184352384,0.0017766701932441231,nan,nan
522,189,69637,backward,eps,km^2/s^2,263,263.0,0.0,-0.11313568630375215,0.007087148613827274,-0.12567050036019473,-0.10340801685722173,0.022262483502972996,-0.13123607589666275,-0.10167176264463806,0.029564313252024688,-0.3029304839622695,0.012206529176111699,0.017772104712579728,nan,nan
522,190,69469,backward,eps,km^2/s^2,90,90.0,0.0,-0.9323632942225786,0.0025722870177292143,-0.9363325576267011,-0.9283418555488998,0.007990702077801282,-0.9368635515833675,-0.9279115047869568,0.008952046796410706,0.0008695524302002062,0.004259515024169541,0.00459408059853017,nan,nan
522,191,71008,backward,eps,km^2/s^2,126,126.0,0.0,-0.9402468094171952,0.0021830905055191096,-0.9433672097665634,-0.9367090805753874,0.006658129191176032,-0.9438269880193225,-0.9358380643391531,0.007988923680169457,0.1030095246066324,0.0036131461147412003,0.004484162350975485,nan,nan
522,192,74929,backward,eps,km^2/s^2,57,57.0,0.0,-0.9729848109462449,0.0006359229815938573,-0.9737834915476805,-0.9716423511586811,0.002141140388999374,-0.9738952913633028,-0.971588848122708,0.002306443240594813,0.4901808772383679,0.0016592301684852815,0.0017127332044584165,nan,nan
522,193,68168,backward,eps,km^2/s^2,74,74.0,0.0,-0.13410615951512234,0.004885626732222231,-0.14133440140726958,-0.1261789049996393,0.015155496407630281,-0.14319198864473293,-0.12436705342473087,0.01882493522000206,0.06983502000066805,0.008583773555193321,0.009900836419297065,nan,nan
522,194,72414,backward,eps,km^2/s^2,70,70.0,0.0,-0.15611988214426498,0.004515537252882799,-0.1636560832622894,-0.14991063600190271,0.013745447260386678,-0.16473564984110023,-0.14869634358047712,0.01603930626062311,-0.13099136377499832,0.007632130391673286,0.008846422813098886,nan,nan
522,195,71369,backward,eps,km^2/s^2,170,170.0,0.0,-0.9245199529260175,0.002044819163744855,-0.9276660623789406,-0.9212886845278297,0.00637737785111081,-0.9281572692839826,-0.9207194208190195,0.007437848464963093,0.019067747698448306,0.0034028920637950537,0.0038387643846446995,nan,nan
522,196,73817,backward,eps,km^2/s^2,118,118.0,0.0,-0.07935462580287062,0.002368251616911148,-0.08348215195321651,-0.07613702395897662,0.007345127994239892,-0.08440162490439107,-0.07546839746186207,0.008933227442529001,-0.1558832666598561,0.004133977057513943,0.005053450008688509,nan,nan
522,197,81346,backward,eps,km^2/s^2,213,213.0,0.0,-0.07776247485850984,0.0030845127351070375,-0.08449517245368768,-0.07477323400025629,0.009721938453431389,-0.0859271222932948,-0.07420988367225223,0.01171723862104257,-0.6813995120613741,0.0067220841108323265,0.008154033950439454,nan,nan
522,198,69688,backward,eps,km^2/s^2,54,54.0,0.0,-0.13822766468871678,0.004542889186565117,-0.1452236395621097,-0.1307419761508207,0.014481663411289009,-0.14706122999470195,-0.1294549304920577,0.01760629950264425,0.06973305501649371,0.008283492731657393,0.009401047864927903,nan,nan
522,199,70970,backward,eps,km^2/s^2,90,90.0,0.0,-0.9126851461251058,0.0016299048398627498,-0.9151095524258513,-0.9099738815753546,0.00513567085049671,-0.9157001018423125,-0.9092996028744885,0.00640049896782402,0.08901094699301962,0.0029439192149316616,0.0036181979157977606,nan,nan
522,200,75710,backward,eps,km^2/s^2,53,53.0,0.0,-0.9674460092606377,0.0004403942477931277,-0.9680776168889382,-0.9665481095680853,0.0015295073208528853,-0.9682431333195073,-0.9665015705684086,0.001741562751098713,0.268836988154664,0.0010751122559283122,0.0011216512556050384,nan,nan
522,201,73174,backward,eps,km^2/s^2,75,75.0,0.0,-0.15157894919800619,0.005541379816845486,-0.16002253437555278,-0.1431904734971493,0.01683206087840347,-0.16171527015243436,-0.14131206977962818,0.020403200372806185,-0.0016556938913984717,0.009239592157739507,0.010454273004439574,nan,nan
522,202,74484,backward,eps,km^2/s^2,205,205.0,0.0,-0.9320897511881161,0.002474712324698502,-0.9360620140159676,-0.9283677115758492,0.007694302440118372,-0.9367403234956215,-0.9271917791314019,0.009548544364219591,-0.03105587265308137,0.0041775733081586,0.005330569768664972,nan,nan
522,203,75295,backward,eps,km^2/s^2,113,113.0,0.0,-0.9523735522570758,0.0025830061163867215,-0.9555085223006513,-0.9476478152050106,0.007860707095640684,-0.9557399789581512,-0.9466895261174534,0.009050452840697831,0.28478650115947,0.004513991183330445,0.005472280270887642,nan,nan
522,204,74995,backward,eps,km^2/s^2,108,108.0,0.0,-0.08281061825049008,0.0019707587713846428,-0.08625559000033318,-0.08006036665247511,0.006195223347858075,-0.08722100840167146,-0.07909398867511974,0.00812701972655172,-0.20555545879853737,0.0035182448599374245,0.004371665497773791,nan,nan
522,205,75394,backward,eps,km^2/s^2,113,113.0,0.0,-0.08505361477855344,0.002014009842908344,-0.08861121051928214,-0.0823305238618236,0.00628068665745854,-0.08961328294694237,-0.08138603989010795,0.008227243056834421,-0.22016929326189005,0.0036772355223524174,0.004559668168388931,nan,nan
522,206,78088,backward,eps,km^2/s^2,62,62.0,0.0,-0.9721189352288513,0.00043059603036731066,-0.9729605349445081,-0.9715936171791364,0.001366917765371678,-0.9730934157990541,-0.9715793683374634,0.001514047461590673,-0.39269988716968107,0.0010248995842849717,0.0010391484259579808,nan,nan
522,207,74751,backward,eps,km^2/s^2,58,58.0,0.0,-0.15863339094266504,0.0042821318699176455,-0.1655113984867617,-0.1522542695578187,0.013257128928942985,-0.16649643436723138,-0.15079487955009319,0.015701554817138197,-0.04663298682131304,0.007138944595328716,0.008207298855398837,nan,nan
522,208,75684,backward,eps,km^2/s^2,143,143.0,0.0,-0.9471110142128275,0.0018897453945988724,-0.9499662101477321,-0.9440999229998028,0.00586628714792925,-0.9504346438701681,-0.9434785085444972,0.006956135325670854,0.06314753907814515,0.0031720833328055423,0.003771259096363888,nan,nan
522,209,77286,backward,eps,km^2/s^2,80,80.0,0.0,-0.9644774733368238,0.000908709363322725,-0.9656444372572419,-0.9626595893089783,0.0029848479482635915,-0.9658651747441421,-0.9624322701126624,0.0034329046314797163,0.3752091551824802,0.0018967428753075442,0.0021240620716234115,nan,nan
522,210,75792,backward,eps,km^2/s^2,97,97.0,0.0,-0.08720358930185856,0.0017402257963345874,-0.0901471908541922,-0.08461213135694275,0.005535059497249459,-0.09124450710240739,-0.0839746130264113,0.007269894075996097,-0.1936410446125187,0.003088210935280022,0.004000620549891143,nan,nan
522,211,75431,backward,eps,km^2/s^2,122,122.0,0.0,-0.10637045400392092,0.0034568178106442215,-0.11275524017004014,-0.10184854743954054,0.0109066927304996,-0.11477922757959858,-0.10073418793975086,0.014045039639847712,-0.34674658568230265,0.006020408814645078,0.00782966031679011,nan,nan
522,212,74738,backward,eps,km^2/s^2,52,52.0,0.0,-0.154380859002272,0.005389935647145652,-0.16290266369525713,-0.14659732449869814,0.016305339196558993,-0.16484719426864947,-0.1451978707814563,0.01964932348719317,-0.0796322612817817,0.009493255066326766,0.011437785639719089,nan,nan
522,213,76879,backward,eps,km^2/s^2,70,70.0,0.0,-0.9568331940122474,0.0011451880765198565,-0.9584622643122582,-0.9549129357950635,0.0035493285171946942,-0.9588685195232998,-0.9539876502611426,0.004880869262157139,0.26877011891127955,0.0021339315494558917,0.003059217083376753,nan,nan
522,214,83339,backward,eps,km^2/s^2,121,121.0,0.0,-0.06646297907250953,0.002280703516221744,-0.07092793614598836,-0.06351868009076345,0.007409256055224911,-0.07261776707564171,-0.06296358809411107,0.009654178981530648,-0.46843950006749324,0.004520619216630384,0.006210450146283741,nan,nan
522,215,76462,backward,eps,km^2/s^2,129,129.0,0.0,-0.9391315730748808,0.001621884424358014,-0.9417290390868857,-0.936755227932831,0.004973811154054708,-0.9422761436521235,-0.9356588281080601,0.006617315544063418,-0.014391283151008905,0.002803486346402706,0.0035313879333388476,nan,nan
522,216,76343,backward,eps,km^2/s^2,68,68.0,0.0,-0.16667382444727796,0.0030356359668590803,-0.17161929759997835,-0.1622850712580306,0.009334226341947749,-0.1722632592816774,-0.16172952404647656,0.010533735235200847,-0.09414360021327693,0.0051486044197844244,0.005792566101483487,nan,nan
522,217,74850,backward,eps,km^2/s^2,53,53.0,0.0,-0.9136245344945306,0.0020676802277682835,-0.9171020482439994,-0.9108023586744813,0.0062996895695180966,-0.9176950206172054,-0.9102438895922395,0.0074511310249659735,-0.1190934486834286,0.0034878865630788122,0.0038155564019011212,nan,nan
522,218,79912,backward,eps,km^2/s^2,99,99.0,0.0,-0.1658827683963161,0.0063217630439760635,-0.17589780225090212,-0.1564120298956016,0.019485772355300524,-0.177174146735546,-0.15431780662870642,0.022856340106839568,-0.05480348509050586,0.010608934723496643,0.011602172529086907,nan,nan
522,219,76043,backward,eps,km^2/s^2,90,90.0,0.0,-0.9224091755943922,0.0020328894278326837,-0.9257715072254056,-0.9192965453327345,0.0064749618926710495,-0.9264858582206028,-0.918379562002597,0.008106296218005848,-0.03751572369441011,0.003697293420083203,0.004197921274666561,nan,nan
522,220,80077,backward,eps,km^2/s^2,76,76.0,0.0,-0.9689133932883593,0.0006410615306885387,-0.9699829275148739,-0.9679534014390128,0.0020295260758611544,-0.9701512302138313,-0.9672320611225484,0.0029191690912828694,0.14156439089213319,0.0012286712719931925,0.0019500115884575342,nan,nan
522,221,86199,backward,eps,km^2/s^2,237,237.0,0.0,-0.09141613472655707,0.00238202270157671,-0.09676080513024368,-0.08918662313631934,0.007574181993924345,-0.09885098300335615,-0.08856561861143042,0.010285364391925733,-0.8030107839275947,0.005230027786828704,0.007320205659941181,nan,nan
522,222,80174,backward,eps,km^2/s^2,132,132.0,0.0,-0.09649185386034476,0.0019040729041493853,-0.09975774939657492,-0.09384258687837779,0.005915162518197126,-0.1005097935455942,-0.09333172797819622,0.007178065567397973,-0.20342614635327738,0.003362828751291924,0.004114872900311206,nan,nan
522,223,83275,backward,eps,km^2/s^2,65,65.0,0.0,-0.9593180641160435,0.0005990665574278695,-0.9601732807751769,-0.9582249192474214,0.001948361527755571,-0.9603426666073174,-0.9579342413654901,0.0024084252418272722,0.3787875409121337,0.0013621337477232928,0.0016528116296545825,nan,nan
522,224,83256,backward,eps,km^2/s^2,297,297.0,0.0,-0.94495551254712,0.002812348134732396,-0.9497473965509271,-0.9405742011196124,0.009173195431314674,-0.9511851371820728,-0.9381276463145889,0.013057490867483867,-0.04602361990753451,0.005142367029238536,0.007394081861932689,nan,nan
522,225,81258,backward,eps,km^2/s^2,71,71.0,0.0,-0.953275726292703,0.0012932113636888924,-0.9548864211415504,-0.9508733234637132,0.004013097677837196,-0.9552462323940473,-0.9505728309215089,0.004673401472538363,0.25910741042504787,0.002699898617204377,0.003000391159408755,nan,nan
522,226,78827,backward,eps,km^2/s^2,93,93.0,0.0,-0.9294927104789243,0.0023922164178463057,-0.9333381957345465,-0.9256572518515652,0.007680943882981239,-0.9346828468364405,-0.924359444280681,0.010323402555759587,-0.007670103186043923,0.004219945514076539,0.005351167686307168,nan,nan
522,227,83935,backward,eps,km^2/s^2,81,81.0,0.0,-0.169997222223908,0.005468967062852639,-0.17769212972636983,-0.16108852547676056,0.01660360424960927,-0.17869088497051455,-0.15929990992969167,0.019390975040822878,0.1303865666243207,0.009217119739381552,0.011005735286450435,nan,nan
522,228,82985,backward,eps,km^2/s^2,157,157.0,0.0,-0.09820671920406376,0.0020916836320965192,-0.10185930621265796,-0.09535142647998356,0.0065078797326744015,-0.10349329347980984,-0.09449484447044998,0.008998449009359866,-0.24867964988399846,0.003719619994610811,0.005353607261762705,nan,nan
522,229,90600,backward,eps,km^2/s^2,108,108.0,0.0,-0.06310554611808361,0.0017170491306925761,-0.06665171047001223,-0.06130562119429579,0.005346089275716434,-0.06780594106468585,-0.06094429545332747,0.00686164561135838,-0.5701469386348827,0.0037940514531082433,0.00494828204778186,nan,nan
522,230,84985,backward,eps,km^2/s^2,173,173.0,0.0,-0.08905876093811127,0.001634348881401274,-0.09249628332080487,-0.08715168932725477,0.005344593993550098,-0.09406159331071962,-0.08674034434765099,0.007321248963068627,-0.7161453879053655,0.003253011857974132,0.0048183218478888845,nan,nan
522,231,79611,backward,eps,km^2/s^2,51,51.0,0.0,-0.9200156297351796,0.0020239908330170015,-0.9233456243677618,-0.916969294193489,0.0063763301742727485,-0.9241424201699322,-0.9164232000149174,0.007719220155014805,-0.12082012430078368,0.0036439466879731874,0.003880403993046122,nan,nan
522,232,85006,backward,eps,km^2/s^2,83,83.0,0.0,-0.10249821619883137,0.0017024739745770561,-0.10548888385653529,-0.1000361571433287,0.005452726713206596,-0.10645233419729605,-0.09951852413868656,0.006933810058609491,-0.2825928723312664,0.003250462020401778,0.004213912361162531,nan,nan
522,233,93015,backward,eps,km^2/s^2,78,78.0,0.0,-0.0600245770677707,0.0016712561206933068,-0.06415835693469422,-0.058980428862356174,0.0051779280723380505,-0.06464548546238547,-0.058817793307683885,0.00582769215470158,-0.8591398747312954,0.0038616207903940263,0.0043487493180852654,nan,nan
522,234,91002,backward,eps,km^2/s^2,87,87.0,0.0,-0.06139391701579133,0.001623337579829179,-0.06489106893663585,-0.05996160508205219,0.004929463854583656,-0.06560445352480604,-0.05973678745457023,0.005867666070235811,-0.6423220140025635,0.0032042355450970453,0.003917620133267241,nan,nan
522,235,80834,backward,eps,km^2/s^2,71,71.0,0.0,-0.93624257610773,0.0020022676126465995,-0.9393748811256957,-0.9328510438388041,0.006523837286891543,-0.9401255529962829,-0.9317867962439051,0.008338756752377718,0.1123190685142018,0.0036870904247542913,0.004489187560254071,nan,nan
522,236,84069,backward,eps,km^2/s^2,81,81.0,0.0,-0.9519463129660366,0.0011304038197148354,-0.9535581329660539,-0.950009073105629,0.0035490598604248635,-0.9540148802616382,-0.9492700560693357,0.004744824192302488,0.1873040176456293,0.002278232434829497,0.003017249471122807,nan,nan
522,237,88993,backward,eps,km^2/s^2,234,234.0,0.0,-0.06878291553495913,0.0016439918183642835,-0.07172883223779436,-0.06634259424015243,0.0053862379976419295,-0.07279748766142158,-0.06582516841440456,0.0069723192470170225,-0.2469420600571927,0.002963943069273045,0.003930473519928257,nan,nan
522,238,86978,backward,eps,km^2/s^2,150,150.0,0.0,-0.07221598567954107,0.001256914120821375,-0.07442204401404026,-0.07028037733628958,0.004141666677750677,-0.07513029713271624,-0.06978746434380279,0.005342832788913454,-0.14674252943383376,0.00227744425524084,0.0029516263799659326,nan,nan
522,239,85566,backward,eps,km^2/s^2,63,63.0,0.0,-0.1771832089960571,0.0029238774934878145,-0.18171558881391447,-0.172681261981218,0.009034326832696477,-0.1824177264375726,-0.17204864928040242,0.01036907715717017,0.0006178418656671519,0.005193072449061564,0.005825685149877136,nan,nan
522,240,87788,backward,eps,km^2/s^2,112,112.0,0.0,-0.0741640558590202,0.0010936942956356682,-0.07610744433164823,-0.07258070721626651,0.00352673711538172,-0.07677954004335719,-0.07229690094954544,0.004482639093811747,-0.2786212098584127,0.0019152082758822735,0.0025369874668766945,nan,nan
522,241,91438,backward,eps,km^2/s^2,194,194.0,0.0,-0.08518515924654113,0.0011178390778570364,-0.08757493931850173,-0.08381441287462765,0.0037605264438740765,-0.08901896220742778,-0.08376596905621925,0.005252993151208529,-0.8480903099297671,0.0027520124219847894,0.0041960353109108395,nan,nan
522,242,89844,backward,eps,km^2/s^2,201,201.0,0.0,-0.09865676861688444,0.0016506843549821057,-0.10182242670676689,-0.09630138299636715,0.005521043710399742,-0.10326636787400212,-0.0954997234384074,0.007766644435594716,-0.39194484696930787,0.0034509177223081,0.00489485888954333,nan,nan
522,243,95842,backward,eps,km^2/s^2,263,263.0,0.0,-0.07808731193893725,0.0010148601348940619,-0.08004945997496725,-0.0765682129754771,0.0034812469994901507,-0.0810649085111601,-0.07622895413294184,0.004835954378218266,-0.3516208757064963,0.0025716014252675596,0.00358704996146042,nan,nan
522,244,83229,backward,eps,km^2/s^2,56,56.0,0.0,-0.926841364895663,0.0029768840755455923,-0.9308779627037789,-0.9217916822740371,0.0090862804297418,-0.9313391736740801,-0.9207653798429631,0.010573793831117007,0.1974025587997023,0.00489436674920582,0.005733516347951717,nan,nan
522,245,95443,backward,eps,km^2/s^2,244,244.0,0.0,-0.08045991725586726,0.0009531126572120277,-0.08210034753996573,-0.07900382265009878,0.0030965248898669473,-0.08334817557160124,-0.07873161564795794,0.004616559923643293,-0.31001738041155347,0.002125302833367848,0.0033731308650033487,nan,nan
522,246,93446,backward,eps,km^2/s^2,224,224.0,0.0,-0.08283621036413125,0.000915381389341466,-0.08460588320458255,-0.08144384280479491,0.0031620403997876384,-0.08558984308223982,-0.08127670624102845,0.0043131368412113735,-0.3506788319174312,0.0021633161183513424,0.003147275996008614,nan,nan
522,247,86776,backward,eps,km^2/s^2,53,53.0,0.0,-0.1779179374657962,0.004828397911982029,-0.18655712953043208,-0.17177174145469304,0.014785388075739037,-0.1875509898765313,-0.17088011361776,0.016670876258771283,-0.2671515423794798,0.008941924437089587,0.009935784783188795,nan,nan
522,248,83640,backward,eps,km^2/s^2,54,54.0,0.0,-0.9338823788388673,0.002440641930141908,-0.9374612042055988,-0.9296163839528804,0.007844820252718376,-0.9385467737844493,-0.9278458677618822,0.010700906022567125,0.2130762073449329,0.004594978849951167,0.0053661059186730364,nan,nan
522,249,88110,backward,eps,km^2/s^2,61,61.0,0.0,-0.9553070816244448,0.0009924525967511708,-0.9564883902466854,-0.9533502248974692,0.003138165349216182,-0.9566627566814627,-0.9530589130371296,0.0036038436443330824,0.42366022283552884,0.0020344850814023596,0.0023257969417419533,nan,nan
522,250,95422,backward,eps,km^2/s^2,109,109.0,0.0,-0.06476471969765707,0.0012683244299847257,-0.06724932884835329,-0.06334034182935913,0.003908987018994156,-0.06809117556776356,-0.06312282906137368,0.004968346506389887,-0.479537800410281,0.0026587213954300634,0.003500568114840341,nan,nan
522,251,87679,backward,eps,km^2/s^2,90,90.0,0.0,-0.9374028302075033,0.0029557104777996807,-0.9413874161835373,-0.9321546474575455,0.009232768725991769,-0.9418712918809071,-0.9313673639591551,0.010503927921752032,0.21603962245581196,0.00501197226026942,0.005799255758659805,nan,nan
522,252,89293,backward,eps,km^2/s^2,95,95.0,0.0,-0.9349747434920361,0.002762299326613733,-0.9375110385855164,-0.9289591028321945,0.008551935753321915,-0.938024911708553,-0.9274790784448085,0.010545833263744475,0.7251847742536326,0.005960804126666351,0.007440828514052367,nan,nan
522,253,96263,backward,eps,km^2/s^2,261,261.0,0.0,-0.09323621113171432,0.001178145400605268,-0.09515466536628536,-0.09133093528980385,0.003823730076481513,-0.09595840737399264,-0.09096078679451303,0.004997620579479611,-0.011776298708834012,0.0021990790756982737,0.003002821083405549,nan,nan
522,254,90117,backward,eps,km^2/s^2,145,145.0,0.0,-0.9476872996266947,0.002644857276089608,-0.9514984760421962,-0.9432254870221034,0.00827298902009277,-0.9521742189711908,-0.9415981096587616,0.01057610931242925,0.21602482919422744,0.004702126940069306,0.005364246436734166,nan,nan
522,255,91347,backward,eps,km^2/s^2,55,55.0,0.0,-0.9589331957498071,0.0013395329894991905,-0.960832004569216,-0.9564630721301659,0.004368932439050122,-0.9612216071190629,-0.9558131476137586,0.0054084595053043305,0.29849127309065876,0.002569733532500162,0.0032196580489074478,nan,nan
522,256,99061,backward,eps,km^2/s^2,53,53.0,0.0,-0.1092309209283383,0.0007948980636205789,-0.11111017654892533,-0.10868270077756367,0.0024274757713616535,-0.11170386650766406,-0.10854673518649582,0.0031571313211682384,-0.964412526283187,0.001714025582483147,0.0023077155412218886,nan,nan
522,257,97245,backward,eps,km^2/s^2,79,79.0,0.0,-0.1872360296217267,0.005495380078262534,-0.19504072368755387,-0.17825255972625642,0.016788163961297453,-0.19616666397019455,-0.17726328858623897,0.01890337538395559,0.08567760358938699,0.008951662337430555,0.009676498766972186,nan,nan
522,258,94534,backward,eps,km^2/s^2,67,67.0,0.0,-0.9382636053495994,0.0010917780566023398,-0.9398190852356411,-0.9362102374985598,0.0036088477370812555,-0.9401282177543367,-0.9358899089112895,0.0042383088430472116,0.2932476504255123,0.0028351779636275106,0.003155506550897802,nan,nan
522,259,100594,backward,eps,km^2/s^2,214,214.0,0.0,-0.08757089486008246,0.00115425903090341,-0.08971240509511512,-0.08588562631566626,0.0038267787794488556,-0.09010678250362425,-0.08584789166518314,0.0042588908384411095,-0.30727993094021466,0.0024311935758911493,0.002825570984400283,nan,nan
522,260,89153,backward,eps,km^2/s^2,54,54.0,0.0,-0.15952755039627725,0.0015549931266481741,-0.16143415704937872,-0.15668359530155243,0.004750561747826287,-0.1618939919345449,-0.15602545337990104,0.005868538554643865,0.3354480736051157,0.0026983231041809047,0.0031221535736611905,nan,nan
522,261,93347,backward,eps,km^2/s^2,50,50.0,0.0,-0.9504653041531459,0.001342472649270624,-0.9528697372206515,-0.948745342306285,0.004124394914366447,-0.9534063981224263,-0.9482170673183623,0.00518933080406403,-0.2588333708333291,0.0023676864469701015,0.002715175611035514,nan,nan
522,262,91158,backward,eps,km^2/s^2,50,50.0,0.0,-0.15374232451170833,0.0008909965585640365,-0.1552306898470456,-0.15233318697568107,0.0028975028713645323,-0.15561431824281724,-0.15210729931889344,0.003507018923923799,-0.11418717232338098,0.0016908709339648327,0.0020744993297364678,nan,nan
522,263,94858,backward,eps,km^2/s^2,59,59.0,0.0,-0.18778279716278012,0.002994059765859956,-0.1922054794500295,-0.18299364560120104,0.009211833848828455,-0.1927653616649031,-0.18249886128881176,0.010266500376091336,0.02629629988090077,0.004982825320585027,0.0052839358739683595,nan,nan
522,264,98040,backward,eps,km^2/s^2,75,75.0,0.0,-0.18648257227462262,0.00467849055069102,-0.1937921971308333,-0.1794452959792006,0.014346901151632702,-0.19522801012548296,-0.17847625582835902,0.016751754297123944,-0.0792653525965072,0.007869306984683765,0.008679966309607434,nan,nan
522,265,96139,backward,eps,km^2/s^2,170,170.0,0.0,-0.9442169265408293,0.002654785781521713,-0.9479446425764955,-0.9391925621616719,0.00875208041482356,-0.9488406950422961,-0.93781324347015,0.011027451572146019,0.32798717090727203,0.004953215767727858,0.005842344510006647,nan,nan
522,266,99440,backward,eps,km^2/s^2,76,76.0,0.0,-0.09983245811090008,0.0004155871799146509,-0.10043624696835138,-0.09914291890236568,0.0012933280659856994,-0.10064258044179408,-0.09901560115183083,0.0016269792899632485,0.0723015930570295,0.0007717982431446335,0.0009781317165873382,nan,nan
522,267,107040,backward,eps,km^2/s^2,103,103.0,0.0,-0.06493844147005523,0.000613647229145818,-0.06584502455434207,-0.06386896344453807,0.0019760611098040004,-0.06626722147331654,-0.06355467180873153,0.0027125496645850067,0.06020603459028919,0.0012220176639953443,0.0016442145829698163,nan,nan
522,268,108496,backward,eps,km^2/s^2,93,93.0,0.0,-0.06299405981999007,0.0006628401005306589,-0.06430414711535945,-0.06209551560700728,0.0022086315083521685,-0.06453543665774109,-0.06194035262070707,0.0025950840370340122,-0.403324774391918,0.0015803816743214846,0.0018116712167031146,nan,nan
522,269,104081,backward,eps,km^2/s^2,238,238.0,0.0,-0.0968065326831607,0.001255612751804742,-0.09893538309460859,-0.09503094841818098,0.0039044346764276067,-0.09947203600409005,-0.09475758221059227,0.004714453793497775,-0.16790684817026,0.0023281494067507505,0.0028648023162322067,nan,nan
522,270,105932,backward,eps,km^2/s^2,228,228.0,0.0,-0.07108764078965757,0.0011589027459842846,-0.07296624846490314,-0.0691768761053106,0.0037893723595925355,-0.07389820556544247,-0.06866910204397625,0.005229103521466216,-0.03546250790503179,0.002193112213359897,0.0031250693138992203,nan,nan
522,271,98764,backward,eps,km^2/s^2,78,78.0,0.0,-0.1602244417397818,0.0011364138064418729,-0.1619978162863499,-0.15850433980784664,0.00349347647850326,-0.16224185712849992,-0.15811589086720912,0.004125966261290803,0.007871390287172566,0.001936286031532935,0.0021173694326489523,nan,nan
522,272,110635,backward,eps,km^2/s^2,198,198.0,0.0,-0.07688056202120186,0.0019157478187488896,-0.0806659374469976,-0.07471423412006868,0.005951703326928917,-0.081837260750933,-0.07430739538942766,0.00752986536150535,-0.46935112962452163,0.0037254045808307306,0.004896727884766139,nan,nan
522,273,111650,backward,eps,km^2/s^2,210,210.0,0.0,-0.07480402120486396,0.001786418988502823,-0.07842281496473183,-0.07278203886511145,0.0056407760996203815,-0.07966578701027094,-0.07233742137545407,0.007328365634816869,-0.5238199778129748,0.0035584363419856307,0.0048014083875247415,nan,nan
522,274,99562,backward,eps,km^2/s^2,56,56.0,0.0,-0.16462123804776085,0.0014248907175989723,-0.16703239912927614,-0.16271545860794714,0.004316940521328999,-0.16767739371981094,-0.1623706182041844,0.005306775515626527,-0.18896686383307607,0.002359091468461083,0.0028969520967669915,nan,nan
522,275,111641,backward,eps,km^2/s^2,246,246.0,0.0,-0.06811977599355629,0.0011638397085836614,-0.0698440330597826,-0.0661175882100592,0.003726444849723398,-0.07067943092314777,-0.06543722147388287,0.005242209449264901,0.09935174764644215,0.002280420124376903,0.0031158179877420755,nan,nan
522,276,100073,backward,eps,km^2/s^2,78,78.0,0.0,-0.9322123939565521,0.0032036259107524304,-0.9367890299913935,-0.9267057930414268,0.010083236949966712,-0.9380730213167816,-0.9256007541453326,0.012472267171449003,0.15211199404785755,0.005645607808885555,0.0068355963026675015,nan,nan
522,277,109268,backward,eps,km^2/s^2,116,116.0,0.0,-0.10305656421903314,0.001462519363609231,-0.1056405260689744,-0.10115148088063186,0.004489045188342533,-0.10614839501340156,-0.10086222963172242,0.005286165381679142,-0.2326472455445769,0.0027313937575041414,0.0032392627019313114,nan,nan
522,278,102286,backward,eps,km^2/s^2,82,82.0,0.0,-0.16406343531573842,0.001063641251949027,-0.16575157981132144,-0.1624397755342696,0.0033118042770518274,-0.16614155454344015,-0.16224391817638795,0.003897636367052204,-0.050567633444010614,0.001843378743452151,0.002233353475570854,nan,nan
522,279,112377,backward,eps,km^2/s^2,56,56.0,0.0,-0.1193379872814751,0.003173801430185074,-0.12461533411747869,-0.11468464470671172,0.009930689410766969,-0.12559170630809857,-0.11372926009398276,0.011862446214115807,-0.07407789418343799,0.005675324445773761,0.006651696636393645,nan,nan
522,280,109609,backward,eps,km^2/s^2,187,187.0,0.0,-0.09296849661905082,0.001755266818888073,-0.09586100027826631,-0.09041281765903267,0.005448182619233646,-0.09695899209723635,-0.09004656551377632,0.00691242658346003,-0.07741704996891154,0.002908186586057471,0.004003811758272802,nan,nan
522,281,111968,backward,eps,km^2/s^2,79,79.0,0.0,-0.06210125683754464,0.001068868987706427,-0.06441244923733828,-0.061109552933862735,0.00330289630347555,-0.06477993868859089,-0.06090347641431737,0.0038764622742735177,-0.6540570026740102,0.002389275930663114,0.0027567653819157156,nan,nan
522,282,104605,backward,eps,km^2/s^2,54,54.0,0.0,-0.17197276656797916,0.001965772757303278,-0.17575022730467926,-0.1695349990588396,0.006215228245839671,-0.17630029822259707,-0.16897527461352024,0.007325023609076831,-0.38095140861881643,0.0034270650464226326,0.003958208502913618,nan,nan
522,283,106093,backward,eps,km^2/s^2,53,53.0,0.0,-0.16557039952854213,0.0020844703421404797,-0.16892758483255763,-0.16257005830211257,0.006357526530445051,-0.16931869116079534,-0.16216988574741154,0.0071488054133838075,-0.0941564369312631,0.0034441163954832986,0.0035925015967072094,nan,nan
522,284,112328,backward,eps,km^2/s^2,217,217.0,0.0,-0.0856811895986963,0.0015254609780803693,-0.08837131933679405,-0.08317045341188119,0.0052008659249128675,-0.08918897291045169,-0.08243174116038054,0.0067572317500711465,-0.0859743570837407,0.00286653076259753,0.0035667916678877587,nan,nan
522,285,106107,backward,eps,km^2/s^2,88,88.0,0.0,-0.17192907089708842,0.0016658566781708988,-0.1744729514556562,-0.16928362025322097,0.005189331202435227,-0.1751495811924566,-0.16890088659337532,0.006248694599081284,-0.016705280270367013,0.002808237329736662,0.0032620022540695848,nan,nan
522,286,115586,backward,eps,km^2/s^2,304,304.0,0.0,-0.10255057016823166,0.0022541670842100396,-0.10639070645574134,-0.09927649331851379,0.007114213137227543,-0.10684713104713306,-0.0981996513157245,0.008647479731408558,-0.09996030921168117,0.0039876866829539285,0.004395621854132115,nan,nan
522,287,117019,backward,eps,km^2/s^2,59,59.0,0.0,-0.11954241433626045,0.0049061410977724075,-0.12786411163815317,-0.11283245057473076,0.015031661063422408,-0.12889789060468704,-0.11208389410456543,0.01681399650012161,-0.17158892746172846,0.00795433365863921,0.008643186036519368,nan,nan
522,288,109691,backward,eps,km^2/s^2,57,57.0,0.0,-0.14358610984664022,0.002941258186539338,-0.14787886751725934,-0.1389630615860062,0.008915805931253157,-0.14852054437457618,-0.13831424382493462,0.010206300549641556,0.052281221096515076,0.004969564067141796,0.005611240924458638,nan,nan
522,289,115814,backward,eps,km^2/s^2,76,76.0,0.0,-0.06144399986989724,0.0011388952896116465,-0.06366510219897703,-0.060137605045579995,0.0035274971533970356,-0.06403659773395387,-0.059859476497172937,0.004177121236780934,-0.4037809759509006,0.0022306566491957502,0.0026021521841725903,nan,nan
522,290,114958,backward,eps,km^2/s^2,57,57.0,0.0,-0.20383765702357381,0.004396326609056901,-0.2109321249062112,-0.19754696996228133,0.013385154943929861,-0.2116933063345452,-0.19674253687092136,0.014950769463623836,-0.06399242447057561,0.007130498478247603,0.007934931569607562,nan,nan
522,291,115594,backward,eps,km^2/s^2,93,93.0,0.0,-0.10815337191260455,0.0024845627527709862,-0.11271764939821376,-0.10498019925582325,0.007737450142390509,-0.1137304420308034,-0.10444102181616599,0.009289420214637412,-0.2848410893646137,0.00465753952968799,0.005670332162277636,nan,nan
522,292,118341,backward,eps,km^2/s^2,78,78.0,0.0,-0.060913821823321224,0.0014323699653152452,-0.06367336927682989,-0.0593478377166616,0.004325531560168287,-0.06402176406505089,-0.05905215167246347,0.004969612392587419,-0.4016049846418088,0.00257616637525883,0.002924561163479833,nan,nan
522,293,118649,backward,eps,km^2/s^2,197,197.0,0.0,-0.08516510669447164,0.003037757959300863,-0.09055727228836477,-0.0812376444342364,0.009319627854128376,-0.09233782123483036,-0.08044115396103535,0.011896667273795014,-0.279954483966973,0.005392165593893126,0.007172714540358727,nan,nan
522,294,114177,backward,eps,km^2/s^2,173,173.0,0.0,-0.09025772078764693,0.0015844347996309734,-0.09289472133980796,-0.08757852434707883,0.00531619699272913,-0.09395282548271777,-0.08684043126528374,0.007112394217434037,-0.08600025519255285,0.0031692475469780267,0.0039268359089090765,nan,nan
522,295,111143,backward,eps,km^2/s^2,59,59.0,0.0,-0.17264148087508202,0.0018045744524726815,-0.1753891016534088,-0.16986750085182412,0.005521600801584675,-0.17569312871231213,-0.16951233714285663,0.0061807915694555016,0.006409252130184218,0.0029697688434457852,0.0033249325524132844,nan,nan
522,296,116981,backward,eps,km^2/s^2,155,155.0,0.0,-0.09470662545276698,0.0019863734951640535,-0.09779730478285836,-0.09151639875469933,0.006280906028159033,-0.09878672367207975,-0.09046242331343102,0.008324300358648729,-0.006042556557879363,0.003647097642729868,0.00438775928755375,nan,nan
522,297,111154,backward,eps,km^2/s^2,70,70.0,0.0,-0.17746789579724354,0.0016989116824442743,-0.18005192728318953,-0.17486591076583138,0.005186016517358144,-0.18062030676993956,-0.17427745253277327,0.0063428542371662955,0.018039466902715632,0.0028065833015317176,0.0032452637610196344,nan,nan
522,298,119490,backward,eps,km^2/s^2,191,191.0,0.0,-0.08290657870430707,0.0026141203082037556,-0.08742576621902975,-0.07929670252326443,0.008129063695765326,-0.0887766664388504,-0.07843485069341383,0.010341815745436578,-0.20528872322774386,0.004531353373074143,0.005692371193038337,nan,nan
522,299,119797,backward,eps,km^2/s^2,333,333.0,0.0,-0.10059530173518594,0.0031395904958893715,-0.10689825733197736,-0.09686654687339098,0.010031710458586376,-0.10948191616091552,-0.0958110101642694,0.01367090599664611,-0.5373824363841864,0.005926611675018866,0.00851027050395703,nan,nan
522,300,114063,backward,eps,km^2/s^2,61,61.0,0.0,-0.1786301928067755,0.0017189455184691649,-0.1814223695014936,-0.17614799602714482,0.005274373474348781,-0.1817291475152243,-0.17583675291044687,0.005892394604777418,-0.06748438322056871,0.0029016990576601343,0.00321294217435808,nan,nan
522,301,120605,backward,eps,km^2/s^2,109,109.0,0.0,-0.06749033294728068,0.0015577873763027948,-0.07021731871676103,-0.06547713382597913,0.004740184890781901,-0.07081717301449375,-0.06528650129101388,0.005530671723479874,-0.25460468493259747,0.0025828708247553453,0.0031827251224880726,nan,nan
522,302,115680,backward,eps,km^2/s^2,63,63.0,0.0,-0.15739530848110017,0.0028558110232545274,-0.16179727551144787,-0.15294300516089504,0.008854270350552834,-0.1622959373893934,-0.15242603939996036,0.009869897989433052,0.027871724327917232,0.0047355561256192885,0.0049692690811398155,nan,nan
522,303,115738,backward,eps,km^2/s^2,75,75.0,0.0,-0.18347752131025918,0.0017868232566201005,-0.1861391898410556,-0.18068302215397553,0.005456167687080071,-0.18641123653957858,-0.18030063278009278,0.0061106037594858,0.04400525708454555,0.002945492594094756,0.00307333171022961,nan,nan
522,304,118636,backward,eps,km^2/s^2,108,108.0,0.0,-0.07455041926882766,0.001376752512639451,-0.07691567468198215,-0.07246023271340815,0.004455441968574003,-0.07780154671514927,-0.07187417568435484,0.005927371030794437,-0.13384353299153295,0.002545503184828412,0.0032214087638985367,nan,nan
522,305,121513,backward,eps,km^2/s^2,149,149.0,0.0,-0.11058511302556251,0.002795143408144484,-0.11503223185741622,-0.106408801796597,0.008623430060819226,-0.11582249631738584,-0.10554413290884401,0.010278363408541824,-0.037015801821740156,0.004584464834211999,0.005364657073880341,nan,nan
522,306,122033,backward,eps,km^2/s^2,176,176.0,0.0,-0.07235186840055141,0.0013530496905421556,-0.0745273092850827,-0.07027386036693337,0.004253448918149327,-0.07537887201977156,-0.06991929036001054,0.005459581659761015,-0.0909859182955878,0.0023854808493065927,0.003237043583995458,nan,nan
522,307,124894,backward,eps,km^2/s^2,78,78.0,0.0,-0.06728824595966487,0.002005123509294693,-0.07102220897459191,-0.06479038837542668,0.00623182059916523,-0.07161265057896327,-0.06458770005602699,0.00702495052293628,-0.3109113199629213,0.0032550803727769196,0.0038455219771482696,nan,nan
522,308,126427,backward,eps,km^2/s^2,54,54.0,0.0,-0.13442967917597665,0.005655988323291954,-0.14318977712899966,-0.1255536252114809,0.017636151917518772,-0.144114500181852,-0.12363123877686755,0.020483261404984465,0.0630811000129829,0.010111732675752895,0.012034119110366226,nan,nan
522,309,123246,backward,eps,km^2/s^2,76,76.0,0.0,-0.12545104259399192,0.00400716446084083,-0.13146109590840738,-0.11905897046742478,0.012402125440982598,-0.13237594242046968,-0.11771837300148047,0.014657569418989214,0.06144304489697308,0.006816445384380587,0.007420448375126343,nan,nan
522,310,122340,backward,eps,km^2/s^2,174,174.0,0.0,-0.09081355418455506,0.002112898418680356,-0.0944518329529149,-0.08754162197351506,0.006910210979399839,-0.0955608958596863,-0.0863677658549864,0.009193130004699901,-0.11821210955748056,0.003993039536494985,0.004806799300346221,nan,nan
522,311,126101,backward,eps,km^2/s^2,274,274.0,0.0,-0.11125761612164409,0.0025961097217792116,-0.11533741572176234,-0.10733148286376684,0.008005932857995501,-0.11600505971044994,-0.10654712290444246,0.009457936806007483,-0.037256217335913694,0.00425822933857659,0.004813745787320078,nan,nan
522,312,127875,backward,eps,km^2/s^2,66,66.0,0.0,-0.1350875797076881,0.005644593421832694,-0.1429858957517504,-0.12550957968898385,0.01747631606276656,-0.1437459592487621,-0.12435343169495272,0.01939252755380938,0.19064466180145548,0.010108626665015608,0.011264774659046739,nan,nan
522,313,122137,backward,eps,km^2/s^2,54,54.0,0.0,-0.14412488618622055,0.002286269662576134,-0.14784952383616914,-0.14090674643317005,0.00694277740299909,-0.14848583573946994,-0.14042110639308758,0.00806472934638236,-0.12348840651557647,0.0037257763152850165,0.004188356444045249,nan,nan
522,314,124351,backward,eps,km^2/s^2,125,125.0,0.0,-0.09575878100489532,0.0020967187440203722,-0.09938731208321046,-0.09249125898641863,0.006896053096791824,-0.10086613444331183,-0.09130189541993061,0.009564239023381216,-0.13288393760989073,0.004025490278045152,0.00517877515093168,nan,nan
522,315,128076,backward,eps,km^2/s^2,61,61.0,0.0,-0.06817132631315326,0.00203713512813156,-0.07140359241517935,-0.06515167669125044,0.006251915723928914,-0.07179088611359852,-0.0649361209185606,0.006854765195037915,-0.06032262373965384,0.003235205394592655,0.00361955980044526,nan,nan
522,316,124622,backward,eps,km^2/s^2,169,169.0,0.0,-0.08237775055592578,0.001944659274756618,-0.0855719919164681,-0.0791434727793342,0.006428519137133895,-0.08659980794357547,-0.0781733333290392,0.008426474614536272,0.007496330599437907,0.00365999312715608,0.004222057387649691,nan,nan
522,317,126422,backward,eps,km^2/s^2,67,67.0,0.0,-0.13191461755019862,0.005073925143472153,-0.14140142991000884,-0.1260366606739919,0.015364769236016929,-0.14255902839198653,-0.12551103838636235,0.01704799000562418,-0.3408075316408131,0.00877653048634721,0.009934128968324907,nan,nan
522,318,130158,backward,eps,km^2/s^2,229,229.0,0.0,-0.10244923974202591,0.004819380866955971,-0.11103443707908615,-0.0972482512843907,0.013786185794695455,-0.11253256825628777,-0.09542681835684386,0.01710574989944391,-0.17125193217903567,0.0074898730208891925,0.008613899649483336,nan,nan
522,319,130116,backward,eps,km^2/s^2,73,73.0,0.0,-0.06758172887138025,0.0022493460275089697,-0.0712658739072258,-0.06440915626009425,0.006856717647131555,-0.0717601939284358,-0.06403795561633396,0.007722238312101837,-0.14465510731087033,0.003667522551723733,0.003925850885946769,nan,nan
522,320,129256,backward,eps,km^2/s^2,184,184.0,0.0,-0.08161421123668178,0.003168879952827771,-0.08681207931120649,-0.07711033835641039,0.009701740954796104,-0.08820799263828427,-0.07575245639479078,0.012455536243493492,-0.09206459612713831,0.005417310451899293,0.006659230186796261,nan,nan
522,321,130414,backward,eps,km^2/s^2,84,84.0,0.0,-0.07273848633286084,0.001421628985160165,-0.07508334965596122,-0.07068328236604589,0.004400067289915335,-0.07567593838823838,-0.07007950784379757,0.005596430544440811,-0.09766272673153407,0.0025492648027905344,0.0030264178411451015,nan,nan
522,322,129580,backward,eps,km^2/s^2,258,258.0,0.0,-0.10805220978543434,0.0035441727721882473,-0.113258661768355,-0.10210509026195037,0.011153571506404628,-0.11470178053589253,-0.10025370754797192,0.014448072987920613,0.12009096011919945,0.00626824952630246,0.00742319662607982,nan,nan
522,323,129834,backward,eps,km^2/s^2,152,152.0,0.0,-0.0771588002427302,0.0015060881128012718,-0.07957229406547732,-0.07488393473894174,0.004688359326535579,-0.080287863419095,-0.0744407770301545,0.005847086388940492,-0.04294003362788916,0.0026176789735877105,0.0033332483272053848,nan,nan
522,324,134590,backward,eps,km^2/s^2,334,334.0,0.0,-0.12545728867299893,0.0056624533514367074,-0.1343722107662261,-0.11662104162046318,0.017751169145762927,-0.13579172737507084,-0.11528203643456714,0.0205096909405037,-0.00521980910876162,0.009334028357150206,0.01050855024306585,nan,nan
522,325,131876,backward,eps,km^2/s^2,60,60.0,0.0,-0.06724892033695024,0.001985485853877683,-0.07038324517657685,-0.06439538011953955,0.0059878650570373,-0.0709303305034501,-0.06416146331313954,0.006768867190310557,-0.07932206081189537,0.003173408145647294,0.003597234660495441,nan,nan
522,326,132535,backward,eps,km^2/s^2,156,156.0,0.0,-0.1260674927199087,0.004834310222496123,-0.13393541544059348,-0.11922940360893591,0.014706011831657567,-0.13470448142673763,-0.11804401971113287,0.016660461715604757,-0.10097263270934162,0.007904194042525153,0.008606698025349635,nan,nan
522,327,132832,backward,eps,km^2/s^2,68,68.0,0.0,-0.12721042906069574,0.003830865203326334,-0.1333193423008037,-0.1217273734473622,0.011591968853441492,-0.13449766812549757,-0.12083575246394629,0.013661915661551283,-0.10664771415704268,0.006716437199803615,0.007608058183219524,nan,nan
522,328,135139,backward,eps,km^2/s^2,331,331.0,0.0,-0.09570147702754539,0.004492752232278861,-0.10323590618034634,-0.08890402815842746,0.014331878021918876,-0.10593869994796445,-0.08697698247473562,0.018961717473228834,-0.11040622965216645,0.008000582593775285,0.009924781500985524,nan,nan
522,329,134556,backward,eps,km^2/s^2,281,281.0,0.0,-0.10021487697781994,0.004088714980622198,-0.10690973748412114,-0.09411232998907104,0.012797407495050095,-0.10842859664198967,-0.0919070579951734,0.01652153864681627,-0.05719136864519864,0.007120954672184321,0.008261546178504942,nan,nan
522,330,136318,backward,eps,km^2/s^2,288,288.0,0.0,-0.0913016614430846,0.0037307877990179587,-0.09772211059907374,-0.08580336405162718,0.011918746547446554,-0.09976507145671476,-0.08415758863849498,0.015607482818219776,-0.1566532681744063,0.006749954404292705,0.008164780144799488,nan,nan
522,331,133677,backward,eps,km^2/s^2,189,189.0,0.0,-0.10426216361962481,0.0028457784193604754,-0.10828327523633467,-0.09891502039544406,0.009368254840890614,-0.10944834729570263,-0.0973991064566534,0.012049240839049236,0.31098308860761686,0.005262800663015765,0.006396621711392769,nan,nan
522,332,139913,backward,eps,km^2/s^2,591,591.0,0.0,-0.1264933199743813,0.006185809276490005,-0.1358322492188716,-0.11675725816036708,0.01907499105850452,-0.13769333892963453,-0.11505372121226987,0.02263961771736467,0.037340685697628384,0.010111296787833512,0.011329318934363508,nan,nan
522,333,136299,backward,eps,km^2/s^2,65,65.0,0.0,-0.07409955286595327,0.0014596629617300739,-0.07640969685538186,-0.07199395422613915,0.004415742629242714,-0.0770233403987195,-0.07160309630226747,0.0054202440964520315,-0.13077731079270602,0.0024733881289374254,0.002902823569681301,nan,nan
522,334,137188,backward,eps,km^2/s^2,83,83.0,0.0,-0.07782341693736927,0.0016849394014380986,-0.08057054839087982,-0.07541057552286431,0.0051599728680155055,-0.08135749469822862,-0.07480527396051084,0.006552220737717773,-0.1020620298530605,0.00296282831662098,0.003387760518616112,nan,nan
522,335,135715,backward,eps,km^2/s^2,128,128.0,0.0,-0.08234180906378763,0.0015075745367381026,-0.08462433445706752,-0.08002251781638244,0.004601816640685083,-0.08579186379495185,-0.07957597661569671,0.006215887179255142,-0.06987756921744823,0.0027314732295825594,0.0038990025674668916,nan,nan
522,336,137288,backward,eps,km^2/s^2,72,72.0,0.0,-0.1517913516001334,0.0041457859142639405,-0.15856165820914436,-0.14546283967505358,0.013098818534090784,-0.15987780768369309,-0.14422568709234795,0.01565212059134513,-0.057602299210639175,0.007316538676993739,0.008371726543797697,nan,nan
522,337,142875,backward,eps,km^2/s^2,411,411.0,0.0,-0.12323234894161406,0.0068223030835746715,-0.1360041452029655,-0.1143867012182912,0.0216174439846743,-0.13815000626938456,-0.11253182563078845,0.02561818063859611,-0.3086275522945623,0.012346288383916326,0.01449214945033539,nan,nan
522,338,141120,backward,eps,km^2/s^2,68,68.0,0.0,-0.14185466211572095,0.005242837540830717,-0.14946579370586568,-0.13347468288207143,0.015991110823794258,-0.1504505563866556,-0.13227112360450266,0.01817943278215295,0.06974559826036168,0.008596222580486507,0.009406656159903548,nan,nan
522,339,141333,backward,eps,km^2/s^2,60,60.0,0.0,-0.07532353927285163,0.002082373794132656,-0.07857162077015109,-0.07214708327218733,0.0064245374979637615,-0.07906940376651272,-0.07193309683217552,0.0071363069343372,-0.02419092085901132,0.00365610466367538,0.00387009110368719,nan,nan
522,340,139865,backward,eps,km^2/s^2,174,174.0,0.0,-0.08831716653424276,0.0020391029679516113,-0.09190688923663724,-0.08515196661711578,0.0067549226195214584,-0.09327099218408719,-0.08454045574880353,0.008730536435283653,-0.243478414359857,0.003715647181853659,0.005033874124532156,nan,nan
522,341,142570,backward,eps,km^2/s^2,226,226.0,0.0,-0.11737012336357983,0.004345300445723385,-0.12472025367016201,-0.11135381188538043,0.01336644178478158,-0.12629703861137365,-0.1098250001493224,0.016472038462051253,-0.15833636648924632,0.00744008956053549,0.008922455720718814,nan,nan
522,342,141926,backward,eps,km^2/s^2,55,55.0,0.0,-0.07478890504771252,0.002319298533801325,-0.07832355410888278,-0.07129976447425417,0.007023789634628616,-0.07883116483625996,-0.07070161758711602,0.008129547249143942,0.019146055629906074,0.003861414763109561,0.004275290789056085,nan,nan
522,343,142823,backward,eps,km^2/s^2,61,61.0,0.0,-0.07919434186335861,0.0015845958241875666,-0.08172372047047238,-0.07665318834526846,0.005070532125203919,-0.08211915014018145,-0.0762635208827428,0.005855629257438655,-0.0013227191390533886,0.0031235896397040497,0.0035132571022297165,nan,nan
522,344,142530,backward,eps,km^2/s^2,81,81.0,0.0,-0.08312964348013452,0.00162083716385615,-0.08587098637250856,-0.08070496912540659,0.005166017247101973,-0.08667694756633704,-0.08009656930524323,0.006580378261093811,-0.050188372181504064,0.002818385699503434,0.0033732674560107423,nan,nan
522,345,142010,backward,eps,km^2/s^2,72,72.0,0.0,-0.14098752462192843,0.0035734922349205884,-0.1464218854745849,-0.1354437577867337,0.010978127687851197,-0.1469573897689478,-0.1348563234316601,0.012101066337287691,0.014836652682127536,0.006037454115039176,0.0066248884701127775,nan,nan
522,346,141732,backward,eps,km^2/s^2,56,56.0,0.0,-0.15343655035997167,0.0034157876306267557,-0.15850121487688199,-0.1482647978223589,0.010236417054523078,-0.15934678509693634,-0.14741198291718494,0.011934802179751403,0.042414623224413035,0.00561533967220415,0.0061356704094630565,nan,nan
522,347,143454,backward,eps,km^2/s^2,199,199.0,0.0,-0.1134630050444968,0.002969624856690045,-0.11768044922935747,-0.10854563159643436,0.009134817632923106,-0.11808876340893637,-0.10741344400605735,0.010675319402879024,0.11929023081165158,0.00491120989863808,0.005703038758132051,nan,nan
522,348,146472,backward,eps,km^2/s^2,204,204.0,0.0,-0.1463165387236623,0.00700859293989684,-0.15798367551604584,-0.1361497471508982,0.021833928365147637,-0.15984997019821523,-0.13499615882627802,0.024853811371937207,-0.10150630347249379,0.011556363444603807,0.013083705330087847,nan,nan
522,349,147951,backward,eps,km^2/s^2,407,407.0,0.0,-0.14192494165169334,0.0034299345210411667,-0.1472700870315341,-0.13667715380894319,0.010592933222590917,-0.1482661214863349,-0.13519344948489942,0.01307267200143547,-0.007944541980967534,0.005739586182774636,0.006971944632422233,nan,nan
522,350,147290,backward,eps,km^2/s^2,84,84.0,0.0,-0.08860252893710946,0.0017814195627560445,-0.09156262365282913,-0.08586037967120426,0.005702243981624874,-0.09258662576711107,-0.08522247539462824,0.007364150372482836,-0.1382921375435865,0.003180581936324989,0.003962572655327845,nan,nan
522,351,146101,backward,eps,km^2/s^2,112,112.0,0.0,-0.0924070183814022,0.0012674892951435657,-0.09431018017032113,-0.09030658274086006,0.0040035974294610616,-0.09523331257880996,-0.08985128010000698,0.005382032478802978,0.031299611223512415,0.0025037291332716924,0.0034268615417605286,nan,nan
522,352,144922,backward,eps,km^2/s^2,116,116.0,0.0,-0.09795267082065412,0.0021240297009655785,-0.10108421017321248,-0.09412682302021463,0.006957387152997846,-0.10219237806798442,-0.09263984335588105,0.009552534712103378,0.23848446229337678,0.004024076278214522,0.004893018598835064,nan,nan
522,353,148804,backward,eps,km^2/s^2,243,243.0,0.0,-0.1144872667169825,0.004576263821501088,-0.12199435151092729,-0.10752497914000506,0.014469372370922232,-0.12311662616552588,-0.10549629832105323,0.01762032784447265,-0.036203980449605634,0.008014731933600371,0.008856417083788926,nan,nan
522,354,146416,backward,eps,km^2/s^2,172,172.0,0.0,-0.10640487838289087,0.003222294230400481,-0.11149762480425647,-0.10103401846433419,0.010463606339922285,-0.11305142432378668,-0.09920328954854796,0.013848134775238718,0.058866717920035457,0.005921858826319936,0.007164876384054497,nan,nan
522,355,149067,backward,eps,km^2/s^2,59,59.0,0.0,-0.08247240468937411,0.002072417269800975,-0.08575552120537369,-0.07934747883997167,0.006408042365402017,-0.08614625129468234,-0.07895771413027652,0.007188537164405817,-0.00626465934843765,0.0036910812143202128,0.004080845924015364,nan,nan
522,356,149070,backward,eps,km^2/s^2,74,74.0,0.0,-0.08568596213241808,0.002158262509357304,-0.08909315939701579,-0.08245415960128231,0.006638999795733472,-0.09000248148869217,-0.08194807638270352,0.008054405105988649,-0.06904961639301506,0.003737207683899979,0.004126937713265777,nan,nan
522,357,148363,backward,eps,km^2/s^2,60,60.0,0.0,-0.2011552258510118,0.0025708913747439243,-0.20537142097133254,-0.19732082760735128,0.008050593363981257,-0.2061980119189747,-0.19686295468737136,0.009335057231603328,-0.09390276844098701,0.00435435311962652,0.0049843912345399755,nan,nan
522,358,149113,backward,eps,km^2/s^2,136,136.0,0.0,-0.12368629920140534,0.003006578551701063,-0.12811965704794706,-0.11881624690144998,0.009303410146497076,-0.1285066319635073,-0.11840611378433696,0.010100518179170348,0.10252400888070541,0.004836532092228341,0.005197113516853813,nan,nan
522,359,155018,backward,eps,km^2/s^2,417,417.0,0.0,-0.1396800271850639,0.008147781494597725,-0.1524126963396272,-0.12701279530856982,0.02539990103105738,-0.15483767825286476,-0.12443344578754645,0.030404232465318315,0.014322459738647325,0.013547866996454003,0.015560787693216782,nan,nan
522,360,149179,backward,eps,km^2/s^2,55,55.0,0.0,-0.16491239954744064,0.0032323760073033414,-0.1700028278381598,-0.15998723860164335,0.010015589236516437,-0.1704742519834057,-0.15957133284350278,0.010902919139902933,-0.020936264922482538,0.005587698386452433,0.006003604144593,nan,nan
522,361,150562,backward,eps,km^2/s^2,184,184.0,0.0,-0.09786668118552105,0.0021712445641059986,-0.10130160993828631,-0.09463491733606136,0.006666692602224952,-0.1027242868107564,-0.09399954908398944,0.008724737726766962,-0.07607428103982966,0.003664437639278467,0.005058668483402307,nan,nan
522,362,149387,backward,eps,km^2/s^2,114,114.0,0.0,-0.10454873297422135,0.00236926260098749,-0.10849827984534585,-0.1008642896897387,0.0076339901556071454,-0.1095735857184611,-0.10001427558903142,0.009559310129429677,-0.06490274201107425,0.004348249609525922,0.005067235302213979,nan,nan
522,363,151230,backward,eps,km^2/s^2,92,92.0,0.0,-0.15701568581144365,0.004491786374441878,-0.1637048548204721,-0.1498905785356785,0.013814276284793592,-0.16473809322255017,-0.14896961436941558,0.015768478853134593,0.0602352103944935,0.007415471437504496,0.00817157675585023,nan,nan
522,364,151767,backward,eps,km^2/s^2,121,121.0,0.0,-0.1228875269603058,0.0027394474100641934,-0.1272878616917097,-0.11872903041826133,0.008558831273448364,-0.1277210331888724,-0.11829011693474589,0.009430916254126509,0.012298109190670304,0.0044945753982689185,0.004881699790854843,nan,nan
522,365,155628,backward,eps,km^2/s^2,496,496.0,0.0,-0.15535729442842278,0.005092127425687003,-0.16484170493850828,-0.14861112008704008,0.016230584851468194,-0.16593058607110345,-0.1475430747659099,0.01838751130519356,-0.3018703880468509,0.009199335431109429,0.0102882165637046,nan,nan
522,366,153030,backward,eps,km^2/s^2,50,50.0,0.0,-0.17743867279346798,0.003902326570849347,-0.1830265133834853,-0.17106474385508777,0.011961769528397531,-0.183783553181324,-0.17026814559993353,0.01351540758139047,0.07657121420894532,0.006456017231376154,0.007138450470492108,nan,nan
522,367,157373,backward,eps,km^2/s^2,451,451.0,0.0,-0.15085426416069492,0.006970392978420393,-0.16127930992900408,-0.13942908189580272,0.021850228033201358,-0.16336251565616833,-0.13761708014858176,0.025745435507586567,0.0652742247959683,0.01176535604237744,0.01318850758181378,nan,nan
522,368,155082,backward,eps,km^2/s^2,53,53.0,0.0,-0.1768969027790649,0.004290773997270878,-0.1839203841944343,-0.1708381201581318,0.013082264036302499,-0.18464669409411405,-0.1691356444422759,0.015511049651838138,-0.044361130879783654,0.007009514489858004,0.008711990205713893,nan,nan
522,369,154665,backward,eps,km^2/s^2,57,57.0,0.0,-0.08915999528593854,0.002081736061182004,-0.09253897350644488,-0.08634837639908613,0.006190597107358753,-0.09328352129248163,-0.08564478162698619,0.007638739665495442,-0.14147331158804743,0.003376750981069198,0.003911669707140852,nan,nan
522,370,155284,backward,eps,km^2/s^2,230,230.0,0.0,-0.11962188792140177,0.005196895172055637,-0.12857089007134267,-0.11205399145636417,0.0165168986149785,-0.13152074867178032,-0.11003740903247083,0.021483339639309484,-0.15910284065417657,0.009286369395092194,0.012109778335287369,nan,nan
522,371,153800,backward,eps,km^2/s^2,92,92.0,0.0,-0.10316738812455611,0.0010791225172663511,-0.10487144194033347,-0.10147363202897089,0.0033978099113625843,-0.10581285892875292,-0.10116997975099429,0.00464287917775863,-0.11843709283079641,0.00200753766972393,0.0029489546581433768,nan,nan
522,372,155671,backward,eps,km^2/s^2,52,52.0,0.0,-0.17876571052224438,0.003669449721791701,-0.18404699401275712,-0.1730383297909735,0.01100866422178362,-0.18483084698998442,-0.17201709545761512,0.0128137515323693,0.11628687463877059,0.006451640163314613,0.007472874496672999,nan,nan
522,373,155862,backward,eps,km^2/s^2,201,201.0,0.0,-0.1143548628110429,0.003845042022626941,-0.12039246898983669,-0.10833846059720353,0.012054008392633153,-0.12146070522451935,-0.10669467355963802,0.01476603166488133,-0.003448809053912737,0.006579976843278601,0.007660189251404881,nan,nan
522,374,157353,backward,eps,km^2/s^2,345,345.0,0.0,-0.13795139053605054,0.005001038141966618,-0.14504179740447104,-0.12959788492265814,0.0154439124818129,-0.1464611247324753,-0.12847276961750176,0.017988355114973542,0.11534332790601652,0.008325309140243566,0.00922406405018028,nan,nan
522,375,155412,backward,eps,km^2/s^2,52,52.0,0.0,-0.1949348843187183,0.0011838668439232173,-0.19668606626948854,-0.19301892279244343,0.0036671434770451095,-0.19691354805423988,-0.1924890090809077,0.0044245389733321705,0.14448487252960338,0.002136575626100761,0.0026664893376364684,nan,nan
522,376,157023,backward,eps,km^2/s^2,98,98.0,0.0,-0.10650593028356797,0.0010790801877708241,-0.10813746066949702,-0.10474271060591223,0.003394750063584792,-0.1086854156155681,-0.1044132210869998,0.004272194528568307,0.03421872468199737,0.0019310264259514312,0.002478981372022515,nan,nan
522,377,156665,backward,eps,km^2/s^2,55,55.0,0.0,-0.22743547041807233,0.0012344555148129277,-0.22926280138995092,-0.22548560931967576,0.0037771920702751594,-0.22947941856049647,-0.22526406887979056,0.004215349680705915,0.04858215033163223,0.002025912809371477,0.0022474532492566812,nan,nan
522,378,160543,backward,eps,km^2/s^2,182,182.0,0.0,-0.133072789630446,0.00486448781825406,-0.14000769043917435,-0.12456815417659992,0.015439536262574438,-0.1421357787070735,-0.12345096819675638,0.018684810510317118,0.13553387373810444,0.008499884198917451,0.009773292404796297,nan,nan
522,379,158469,backward,eps,km^2/s^2,80,80.0,0.0,-0.09740430370946018,0.002271629465359078,-0.1008448834189761,-0.09394406265490755,0.0069008207640685465,-0.10140487571948664,-0.09338514008860632,0.00801973563088032,0.003763646756014076,0.003757267076019715,0.0043161896423209445,nan,nan
522,380,162289,backward,eps,km^2/s^2,359,359.0,0.0,-0.13974306290089955,0.005914049196320756,-0.14749361524123958,-0.1291506560057206,0.018342959235518985,-0.1491298608879914,-0.12762903027468864,0.021500830613302768,0.2554456527605904,0.009895565327508462,0.011368997105625778,nan,nan
522,381,160886,backward,eps,km^2/s^2,323,323.0,0.0,-0.16764481111708063,0.003805744995417864,-0.17209984897015876,-0.15994453775029824,0.01215531121986052,-0.17353392579638438,-0.15892449414920773,0.014609431647176652,0.4725086409941654,0.007062672204079887,0.008082715805170393,nan,nan
522,382,158191,backward,eps,km^2/s^2,103,103.0,0.0,-0.11006716935611638,0.0011454243570828665,-0.1119468442880424,-0.10828204030453703,0.0036648039835053686,-0.11266898181160867,-0.10788637542920632,0.004782606382402355,-0.0771687393939059,0.002390789989350761,0.0031129275129170297,nan,nan
522,383,158857,backward,eps,km^2/s^2,73,73.0,0.0,-0.16868669620521004,0.002824203527089665,-0.17297523581989865,-0.16444182909961474,0.00853340672028391,-0.17357873896162834,-0.16368873254068084,0.009890006420947506,0.006723768037356031,0.004609194479618605,0.004997963664529204,nan,nan
522,384,160213,backward,eps,km^2/s^2,66,66.0,0.0,-0.09725116026515257,0.0019305179724162372,-0.10035693997759243,-0.09434371611273848,0.0060132238648539504,-0.10119227545877663,-0.09407330145520099,0.00711897400357564,-0.1022683297617226,0.0032989517417668646,0.004134287222951061,nan,nan
522,385,161388,backward,eps,km^2/s^2,112,112.0,0.0,-0.1139231408581548,0.0013222593606297419,-0.11593036140796628,-0.11184597035200339,0.004084391055962894,-0.11675713202153626,-0.11147049352272742,0.005286638498808838,-0.030180744731973148,0.0022239707848471174,0.002999291198308107,nan,nan
522,386,160244,backward,eps,km^2/s^2,73,73.0,0.0,-0.12463978104163387,0.0019510057408983674,-0.12778057498525103,-0.1218050115564916,0.005975563428759434,-0.12870146239882874,-0.12122727578093906,0.007474186617889678,-0.09704404061988986,0.003313584448877859,0.003752812843715203,nan,nan
522,387,163792,backward,eps,km^2/s^2,55,55.0,0.0,-0.17742052102925454,0.0034822435252969404,-0.1826105879118438,-0.17177939589297186,0.010831192018871949,-0.18343786383876115,-0.17067972533904152,0.012758138499719629,0.1396859725281761,0.006173697152035095,0.007273367705965428,nan,nan
522,388,163416,backward,eps,km^2/s^2,115,115.0,0.0,-0.11829568504311516,0.0012831013418819549,-0.12022836106488707,-0.11626800287437966,0.0039603581905074126,-0.12078571469291233,-0.1159029666737803,0.004882748019132022,0.03507520465782177,0.002134416062161015,0.0026182485245203058,nan,nan
522,389,166897,backward,eps,km^2/s^2,372,372.0,0.0,-0.15394189491250448,0.004701335605618449,-0.1613632365023441,-0.1464155866507136,0.014947649851630496,-0.16364286510495651,-0.1449831987832534,0.018659666321703128,-0.019122913173806606,0.008265908387598041,0.009330525388392519,nan,nan
522,390,165416,backward,eps,km^2/s^2,118,118.0,0.0,-0.11075187747814486,0.00247897189578122,-0.11484029347431886,-0.10695654713691563,0.007883746337403227,-0.11617119632144357,-0.10582372339528401,0.010347472926159562,-0.06724330637465535,0.004365376703990986,0.0053095955995722255,nan,nan
522,391,167159,backward,eps,km^2/s^2,185,185.0,0.0,-0.1404593678361027,0.005355379548409904,-0.14584172149962954,-0.12919243691318996,0.016649284586439578,-0.147577916797751,-0.1277115863319045,0.019866330465846516,0.5914034643587492,0.009939345189866588,0.011420195771152053,nan,nan
522,392,165194,backward,eps,km^2/s^2,220,220.0,0.0,-0.16026890923148246,0.003561485166326099,-0.16554046471744546,-0.154381628919077,0.01115883579836846,-0.1671664128527014,-0.1526695836922377,0.014496829160463687,0.09249256949001337,0.00623150065357399,0.007334692909801044,nan,nan
522,393,164102,backward,eps,km^2/s^2,51,51.0,0.0,-0.19117050527304158,0.0032048449933001063,-0.19580097531687085,-0.18602329041489102,0.009777684901979833,-0.19614510556385545,-0.18525969138503917,0.010885414178816277,0.09298684469032742,0.006420397586641868,0.006764527833626466,nan,nan
522,394,163422,backward,eps,km^2/s^2,139,139.0,0.0,-0.12356662079334613,0.0016415355643192397,-0.1258454871488287,-0.12074744318645655,0.005098043962372151,-0.12621301544220553,-0.12027340228452299,0.005939613157682544,0.18965585175404506,0.002711416692800483,0.0030159929457689305,nan,nan
522,395,166292,backward,eps,km^2/s^2,170,170.0,0.0,-0.12880828528929056,0.0015908353066894246,-0.13144628850072654,-0.12635170889132608,0.0050945796094004625,-0.13199627533728775,-0.12597332118122795,0.006022954156059801,-0.08468572156179603,0.0028124266669447557,0.0033624135035059677,nan,nan
522,396,167769,backward,eps,km^2/s^2,244,244.0,0.0,-0.16804783126442946,0.0023115211403980816,-0.17120440403444995,-0.16379350180236119,0.007410902232088762,-0.17159804706582504,-0.16218739812919514,0.009410648936629906,0.3396790787664765,0.004046829890157582,0.005652933563323637,nan,nan
522,397,165693,backward,eps,km^2/s^2,66,66.0,0.0,-0.10366133783951292,0.0019289526335523693,-0.10660527682655974,-0.10057299720623147,0.0060322796203282625,-0.10700469413911584,-0.09973355251334093,0.007271141625774913,0.07602406707224676,0.003338866344799435,0.0037373362849661973,nan,nan
522,398,169702,backward,eps,km^2/s^2,428,428.0,0.0,-0.136386461156567,0.003134742004049066,-0.14134475926473347,-0.13158496870351552,0.009759790561217951,-0.14254240416314357,-0.12943502686187092,0.013107377301272649,-0.009240718444282916,0.00548764471362666,0.007534449844795121,nan,nan
522,399,171413,backward,eps,km^2/s^2,186,186.0,0.0,-0.1560580411957212,0.004143571469384243,-0.1613736343512514,-0.14819788784141213,0.01317574650983927,-0.16300773608336772,-0.14645436096089293,0.01655337512247479,0.3691782285747347,0.0075253502216354184,0.009268877102154627,nan,nan
522,400,170610,backward,eps,km^2/s^2,444,444.0,0.0,-0.1794127136482374,0.0031122480809577507,-0.18349521979287536,-0.17364788344191087,0.009847336350964492,-0.18494174733667001,-0.1721962326184674,0.012745514718202622,0.2686883509646906,0.0055096200450258205,0.006787178815442885,nan,nan
522,401,168550,backward,eps,km^2/s^2,110,110.0,0.0,-0.11792473875561377,0.002142602958619462,-0.12106709049854147,-0.1143727581863101,0.006694332312231377,-0.12153507134220931,-0.11304963583902405,0.008485435503185257,0.17340358656152244,0.0035931519245143984,0.0047556904999656036,nan,nan
522,402,172824,backward,eps,km^2/s^2,420,420.0,0.0,-0.16559502516254232,0.004101327405264015,-0.17130563448626507,-0.15794175452723197,0.013363879959033098,-0.17315566499203439,-0.1551781464184715,0.01797751857356289,0.3060292432371826,0.007379410864069759,0.009988232726952373,nan,nan
522,403,168840,backward,eps,km^2/s^2,79,79.0,0.0,-0.12327536512923576,0.001571721704251273,-0.12600590327900885,-0.12103139395499485,0.004974509324013998,-0.12683408692451326,-0.12041860027367024,0.006415486650843016,-0.19809008867033462,0.0028320985494933782,0.0033156472946551663,nan,nan
522,404,170240,backward,eps,km^2/s^2,95,95.0,0.0,-0.1156111439034877,0.003677144015394386,-0.12052629549486274,-0.10909579056381491,0.01143050493104783,-0.12120036004878854,-0.10800391241564722,0.013196447633141317,0.197042298947809,0.006331837570435871,0.007423715718603563,nan,nan
522,405,171408,backward,eps,km^2/s^2,196,196.0,0.0,-0.15195877045230438,0.002809662660496066,-0.15737046117539985,-0.14843000206710485,0.008940459108294996,-0.15935265903198692,-0.14715876317324805,0.012193895858738868,-0.4167658235937339,0.0050922032907302905,0.007046202440702309,nan,nan
522,406,172002,backward,eps,km^2/s^2,261,261.0,0.0,-0.17490207352449638,0.002555776802909555,-0.17997058635767882,-0.1719182637182637,0.008052322639415133,-0.18174387345477583,-0.1715328009625039,0.010211072492271933,-0.509339445206672,0.004440250514208044,0.006213537611305053,nan,nan
522,407,171464,backward,eps,km^2/s^2,129,129.0,0.0,-0.1850500855931776,0.004539543492954875,-0.19286481724882928,-0.17952114139977488,0.01334367584905441,-0.19346942997887828,-0.17841581860210187,0.01505361137677641,-0.23008949427128605,0.00723474763013947,0.007727438358436145,nan,nan
522,408,171959,backward,eps,km^2/s^2,94,94.0,0.0,-0.1483271459788283,0.002438141112161866,-0.15159716143805618,-0.14353455492459016,0.00806260651346602,-0.15250662842302098,-0.14248864434065167,0.010017984082369313,0.34175329120168113,0.004503064179341709,0.005548974763280201,nan,nan
522,409,175375,backward,eps,km^2/s^2,52,52.0,0.0,-0.19901747034918776,0.003467682019253146,-0.20432698138286734,-0.1938839698750038,0.010443011507863531,-0.20483364814111493,-0.19323643350280872,0.011597214638306208,0.017156113998164076,0.006170579782142826,0.0068181161543379165,nan,nan
522,410,172474,backward,eps,km^2/s^2,52,52.0,0.0,-0.10878396988144429,0.003176648851417877,-0.11386882830844011,-0.10426217196802884,0.009606656340411274,-0.11482443251035912,-0.10327586144002332,0.0115485710703358,-0.0897961783588813,0.00541042243666273,0.00639673296466825,nan,nan
522,411,172756,backward,eps,km^2/s^2,62,62.0,0.0,-0.11186590661696638,0.003637880902949283,-0.11752845967672769,-0.10648838708060197,0.011040072596125716,-0.11850494904737374,-0.10570670750206845,0.012798241545305289,-0.03220784968049448,0.005951417837899474,0.006449810365218855,nan,nan
522,412,175360,backward,eps,km^2/s^2,52,52.0,0.0,-0.1936320637671209,0.0038849099992783955,-0.1986695827889634,-0.1868667104369854,0.011802872351977994,-0.19916918316059373,-0.18609807139737689,0.013071111763216847,0.2048973796384557,0.00623132222158222,0.006810736295994824,nan,nan
522,413,172760,backward,eps,km^2/s^2,58,58.0,0.0,-0.11662161187153919,0.002341370784502706,-0.11974386440892208,-0.11212788749893213,0.007615976909989955,-0.12065349281107984,-0.11104440431576146,0.009609088495318385,0.3937562450443632,0.0042088141192431865,0.004912519660124959,nan,nan
522,414,173885,backward,eps,km^2/s^2,192,192.0,0.0,-0.12797358047181923,0.0029845209558130143,-0.13261214981178485,-0.12245945534680377,0.010152694464981071,-0.1354593499314668,-0.12147587757728973,0.013983472354177073,0.10269634247135222,0.006128620893745123,0.007081285141575466,nan,nan
522,415,177199,backward,eps,km^2/s^2,423,423.0,0.0,-0.147008463362728,0.0031537184731263296,-0.1519505283919814,-0.14205673602056082,0.009893792371420573,-0.15284849634729292,-0.14040748378298384,0.012441012564309073,0.01976625868549188,0.005872265688335297,0.007521517925912269,nan,nan
522,416,176447,backward,eps,km^2/s^2,246,246.0,0.0,-0.18925811861800307,0.0029809097629568287,-0.19325053952193025,-0.18359529782950748,0.009655241692422767,-0.19386851233218194,-0.18282509465926855,0.011043417672913391,0.3166738338496318,0.005446716178728023,0.006216919348966954,nan,nan
522,417,177568,backward,eps,km^2/s^2,71,71.0,0.0,-0.2028137864660744,0.002930139298822806,-0.20676464984900267,-0.19802079326218425,0.008743856586818421,-0.20733964810064753,-0.19707452645586798,0.010265121644779551,0.16793837314597568,0.00516847203500026,0.006114738841316525,nan,nan
522,418,174614,backward,eps,km^2/s^2,50,50.0,0.0,-0.22543254005886976,0.0010420331474169946,-0.2269220040194299,-0.2237388863775253,0.003183117641904626,-0.22710258626751534,-0.22344171555791603,0.0036608707095993065,0.13848517848718855,0.00174823989511626,0.0020454107147255263,nan,nan
522,419,179406,backward,eps,km^2/s^2,409,409.0,0.0,-0.17522093389904592,0.003157195769793973,-0.18012522752647236,-0.16983378219370918,0.010291445332763188,-0.18101107693202323,-0.16781406321626113,0.013197013715762096,0.11313445996939447,0.00570666157797559,0.007406870682784783,nan,nan
522,420,174982,backward,eps,km^2/s^2,54,54.0,0.0,-0.12396056553811652,0.00224250181653471,-0.1282513551625075,-0.1213933921107493,0.00685796305175819,-0.13008854309174878,-0.12102305006856195,0.009065493023186821,-0.5528527162445824,0.003738430540637242,0.005575618469878529,nan,nan
522,421,182350,backward,eps,km^2/s^2,587,587.0,0.0,-0.1821371717470962,0.003235910640624536,-0.1859854603713348,-0.17535812252060823,0.01062733785072656,-0.1867947056076159,-0.17184758511094433,0.014947120496671573,0.6638307830604159,0.0066940101161823,0.010204547525846208,nan,nan
522,422,176167,backward,eps,km^2/s^2,135,135.0,0.0,-0.18570041026922068,0.0014028474200908335,-0.18799133429415193,-0.18358627667957345,0.004405057614578489,-0.1883400086045406,-0.1830588092810016,0.005281199323538988,-0.0414363380919424,0.002444388574270573,0.0027281683092751363,nan,nan
522,423,176090,backward,eps,km^2/s^2,102,102.0,0.0,-0.13483457001373889,0.002133374026685209,-0.13819183308828384,-0.1313187700996172,0.006873062988666634,-0.1392485968329984,-0.13032693347965696,0.008921663353341436,0.025841351849002537,0.003886147457061034,0.004588829643445536,nan,nan
522,424,178568,backward,eps,km^2/s^2,197,197.0,0.0,-0.15824137182253162,0.002617644550316263,-0.16211387380932318,-0.15357419442137576,0.008539679387947419,-0.1627883046940738,-0.15186111458441298,0.010927190109660812,0.20398101257531198,0.004667177401155853,0.006380257238118636,nan,nan
522,425,181270,backward,eps,km^2/s^2,291,291.0,0.0,-0.17035714035554783,0.0031696201043134625,-0.17376356697760165,-0.16365723144642746,0.010106335531174182,-0.17433900969536364,-0.16137226118655135,0.012966748508812298,0.635289918603655,0.006384427957640437,0.008669398217516555,nan,nan
522,426,177717,backward,eps,km^2/s^2,87,87.0,0.0,-0.12560752031032985,0.003171706255131623,-0.13059570065216944,-0.12050912276593136,0.010086577886238082,-0.13207042782603706,-0.11968023616084644,0.01239019166519062,-0.020192748990646152,0.005833014604689768,0.006652273583492407,nan,nan
522,427,177980,backward,eps,km^2/s^2,50,50.0,0.0,-0.11871396043497023,0.0029556928700277454,-0.12419697056061889,-0.11474437259540007,0.009452597965218815,-0.1250810301103954,-0.11382744372877751,0.011253586381617886,-0.2518986248306321,0.00527170806157698,0.005931571304940486,nan,nan
522,428,180183,backward,eps,km^2/s^2,138,138.0,0.0,-0.1555936110555639,0.002121461345614408,-0.15896101253253403,-0.1527184815695056,0.006242530963028431,-0.1593840785788152,-0.15175653106513076,0.007627547513684441,-0.048660609698471906,0.0033362319612131046,0.004251118503937779,nan,nan
522,429,180996,backward,eps,km^2/s^2,251,251.0,0.0,-0.1648879671149336,0.0022054723974155137,-0.16869331974489277,-0.1613549266690248,0.007338393075867977,-0.16961535129024574,-0.16002590233115244,0.009589448959093305,-0.06757316904244036,0.004082486673336272,0.005181486807373847,nan,nan
522,430,180156,backward,eps,km^2/s^2,133,133.0,0.0,-0.13486687699564714,0.003099065680175175,-0.13993109402624454,-0.12967941740563765,0.010251676620606887,-0.1415697942088494,-0.12795673926530904,0.01361305494354037,0.02152587254986196,0.005736807591194569,0.006910137730338106,nan,nan
522,431,180831,backward,eps,km^2/s^2,56,56.0,0.0,-0.2167594397613477,0.0005272428266376152,-0.21755169507616565,-0.21590586409360424,0.0016458309825614081,-0.2176885694346723,-0.21565621052206674,0.0020323589126055586,0.058828968806109015,0.0010619730404957117,0.001311626612033212,nan,nan
522,432,182115,backward,eps,km^2/s^2,80,80.0,0.0,-0.19739485458463846,0.0021575285996221108,-0.2004137897489435,-0.1938125231272162,0.006601266621727303,-0.2010006841514258,-0.1934494633931949,0.007551220758230892,0.12038463331608616,0.003555005650938364,0.003918907027541274,nan,nan
522,433,181764,backward,eps,km^2/s^2,198,198.0,0.0,-0.1431625531896078,0.0036356369133141732,-0.14950322456651588,-0.1376828088294599,0.011820415737055973,-0.15169291841475596,-0.13581203946984677,0.015880878944909194,-0.16063791867902869,0.0066585090192265465,0.008072883928064045,nan,nan
522,434,184724,backward,eps,km^2/s^2,304,304.0,0.0,-0.18793252250900516,0.0012996565307835622,-0.19006556008549427,-0.185738736318486,0.00432682376700827,-0.19045980441711263,-0.18478605917779756,0.005673745239315076,0.09988783900422492,0.00240887787247791,0.0032481488041994355,nan,nan
522,435,187065,backward,eps,km^2/s^2,189,189.0,0.0,-0.19888127616375395,0.002236677936575834,-0.20116108110051684,-0.1943553273301676,0.006805753770349227,-0.20142737101589825,-0.19368237989541115,0.007744991120487099,0.49678166369752474,0.004525948833586346,0.005198896268342801,nan,nan
522,436,188067,backward,eps,km^2/s^2,561,561.0,0.0,-0.19294456770589752,0.002130747258749827,-0.19646649977403363,-0.18953130242790217,0.006935197346131461,-0.19742828004469737,-0.1878130044587133,0.009615275585984073,-0.010218484778491766,0.0038985077723145967,0.0055216119071958,nan,nan
522,437,189830,backward,eps,km^2/s^2,342,342.0,0.0,-0.19769967338471817,0.0016405299941622438,-0.19979276758159029,-0.19455420528249978,0.0052385622990905045,-0.20015067667491426,-0.19396375342937444,0.0061869232455398215,0.3470174357197982,0.003300696490536758,0.0038911483436621097,nan,nan
522,438,183098,backward,eps,km^2/s^2,71,71.0,0.0,-0.15356508802551339,0.0014837804889914618,-0.15579719550675236,-0.15096653562282347,0.0048306598839288895,-0.15615907612150803,-0.15003397894818338,0.006125097173324656,0.2090235203645751,0.002846857675193548,0.003779414349833643,nan,nan
522,439,184903,backward,eps,km^2/s^2,54,54.0,0.0,-0.1321548981249676,0.0034404890921997233,-0.1373084734827236,-0.12651410394359391,0.010794369539129683,-0.13943756034563914,-0.1242482466913003,0.015189313654338843,0.14163547487274147,0.006599550296800121,0.008093722142882842,nan,nan
522,440,184387,backward,eps,km^2/s^2,57,57.0,0.0,-0.13627103830946063,0.0031625574283962203,-0.14081732500839422,-0.13087180965901485,0.009945515349379375,-0.14227944031872586,-0.12931755310313042,0.012961887215595436,0.1867665447528194,0.0056336470844167786,0.006764393008259817,nan,nan
522,441,184939,backward,eps,km^2/s^2,102,102.0,0.0,-0.1600849634468845,0.0014659590515903448,-0.16222326515368632,-0.15740298260852026,0.00482028254516606,-0.16265371266802864,-0.1559197430156385,0.006733969652390148,0.37245833963360486,0.0030372758292437343,0.004520515422125504,nan,nan
522,442,196566,backward,eps,km^2/s^2,50,50.0,0.0,-0.20773078915482862,0.0015227500942955165,-0.20871639621898533,-0.20440684056696437,0.004309555652020958,-0.20879678119216138,-0.20304486646375863,0.005751914728402752,1.0341834920912654,0.004194443081633052,0.005556417184838791,nan,nan
522,443,189602,backward,eps,km^2/s^2,50,50.0,0.0,-0.20823879161059644,0.0013162630015921513,-0.2091459755453911,-0.2053062772267165,0.003839698318674617,-0.2092352644019021,-0.20491851895883106,0.004316745443071035,0.7356639798270634,0.0029030569666633364,0.003290815234548772,nan,nan
522,444,185571,backward,eps,km^2/s^2,51,51.0,0.0,-0.21948928084467334,0.00044691536883798716,-0.220199514697687,-0.21884072631489737,0.001358788382789633,-0.22032264779893596,-0.2186921563817149,0.0016304914172210472,-0.043921251170862194,0.0007651869346988471,0.0008333669542626154,nan,nan
522,445,189295,backward,eps,km^2/s^2,257,257.0,0.0,-0.17704730371364064,0.0017623240140574356,-0.18005225153038956,-0.17443657258826706,0.005615678942122504,-0.18094636719539892,-0.17386315618097725,0.007083211014421664,-0.15938314693602754,0.003224746341083362,0.003752271113028449,nan,nan
522,446,191075,backward,eps,km^2/s^2,73,73.0,0.0,-0.2021161480235757,0.0011379844161545252,-0.20283759689843,-0.19921759350328733,0.003620003395142679,-0.2029237613455116,-0.1984739220411682,0.004449839304343395,1.1700781643435472,0.0029801882199196974,0.0037238596820388103,nan,nan
522,447,189855,backward,eps,km^2/s^2,56,56.0,0.0,-0.21017412279444064,0.0010732009852392663,-0.210769204556279,-0.20748424159747378,0.003284962958805232,-0.2108779925269566,-0.2071580084817236,0.0037199840452329935,0.9537670247665351,0.002343872082700066,0.0026701051984502344,nan,nan
522,448,191827,backward,eps,km^2/s^2,62,62.0,0.0,-0.20920991316840398,0.0009414295137341026,-0.21001447775092408,-0.20713814529265967,0.002876332458264408,-0.21013005455023392,-0.20652473274560212,0.0036053218046318003,0.8683674765310343,0.0024668651634378144,0.0030802777104953494,nan,nan
522,449,187258,backward,eps,km^2/s^2,117,117.0,0.0,-0.16322276392395962,0.0017135760474892413,-0.1656446762801676,-0.16003010760473607,0.0056145686754315305,-0.16627684005923082,-0.15890787890651958,0.00736896115271124,0.31656193848699427,0.0032672484706006023,0.004389477168817102,nan,nan
522,450,188633,backward,eps,km^2/s^2,51,51.0,0.0,-0.2214940631395973,0.00043767329892344526,-0.2220925312014258,-0.2206946580831488,0.0013978731182769932,-0.22221262910042539,-0.22057239034921816,0.0016402387512072236,0.2633084260804715,0.0009355296458606333,0.001057797379791281,nan,nan
522,451,186222,backward,eps,km^2/s^2,117,117.0,0.0,-0.152571948381378,0.003110232965444245,-0.15727452076493317,-0.14713768187159285,0.010136838893340328,-0.1585889785787039,-0.14572833141542585,0.01286064716327806,0.1584480104991936,0.005833410222901113,0.0067300511370493865,nan,nan
522,452,189839,backward,eps,km^2/s^2,53,53.0,0.0,-0.2026035938867874,0.0010359137271840463,-0.20333067510752076,-0.2001624043657349,0.0031682707417858558,-0.20339993253603894,-0.19957723525154214,0.003822697284496801,0.9062129660170597,0.0021755432451133093,0.0027607123593060834,nan,nan
522,453,191830,backward,eps,km^2/s^2,77,77.0,0.0,-0.2106004348420203,0.0009487329386655397,-0.21142312759857207,-0.20854127923528082,0.0028818483632912506,-0.21154708034586223,-0.2082073852162366,0.0033396951296256194,0.6482469276555741,0.0024230675121794,0.002756961531223623,nan,nan
522,454,187683,backward,eps,km^2/s^2,56,56.0,0.0,-0.24224399028988358,0.0005169532326103412,-0.2431575164471062,-0.24155506630107065,0.00160245014603555,-0.2432656025150869,-0.24148371088935106,0.001781891625735832,-0.24278709295701037,0.0008629700563346776,0.0009710561243153615,nan,nan
522,455,186729,backward,eps,km^2/s^2,65,65.0,0.0,-0.14710788537472075,0.002425524474840356,-0.15169608096070597,-0.14415763860590453,0.0075384423548014445,-0.15286722007331743,-0.14312526522147295,0.009741954851844481,-0.37666453326330757,0.004405272281427463,0.005278549465474347,nan,nan
522,456,187011,backward,eps,km^2/s^2,75,75.0,0.0,-0.16761645653194124,0.0010049733092434587,-0.1692986840335577,-0.16610782794790893,0.0031908560856487578,-0.1695521856058807,-0.16569328280762918,0.003858902798251518,-0.028739709711109323,0.0017382771099862413,0.002094717890917086,nan,nan
522,457,187990,backward,eps,km^2/s^2,64,64.0,0.0,-0.14146044818652304,0.0029873697172902443,-0.14591961673007758,-0.1364242670971696,0.00949534963290799,-0.1469330187962926,-0.13478528152866676,0.012147737267625858,0.15082488251944934,0.0053319165311172855,0.006941615260408818,nan,nan
522,458,189387,backward,eps,km^2/s^2,52,52.0,0.0,-0.22275295651049626,0.00038499213111034536,-0.22331203529354365,-0.22206299423219328,0.0012490410613503755,-0.22339900523794598,-0.22183999796240683,0.0015590072755391482,0.32832798306949496,0.0006803714889205724,0.0009033677587070299,nan,nan
522,459,189783,backward,eps,km^2/s^2,146,146.0,0.0,-0.1704584141659437,0.0016549466649387814,-0.17290686792443796,-0.16742665144064173,0.005480216483796235,-0.17356179756040857,-0.1660216896850164,0.007540107875392166,0.34952999088778514,0.0030806535893148634,0.004471103408104304,nan,nan
522,460,188251,backward,eps,km^2/s^2,67,67.0,0.0,-0.14875793336165732,0.0032547764307185234,-0.15288319000072015,-0.14271711541337043,0.010166074587349722,-0.153891585223616,-0.14176452455769828,0.012127060665917733,0.30038124263383165,0.00604081794828689,0.006993408803959045,nan,nan
522,461,189266,backward,eps,km^2/s^2,101,101.0,0.0,-0.15764241486067943,0.002535637454686874,-0.16174786942491115,-0.1535155606896481,0.008232308735263039,-0.16278384257687384,-0.1524126915725642,0.010371151004309631,-0.007498603596849558,0.00462390833788906,0.005435827604748034,nan,nan
522,462,192539,backward,eps,km^2/s^2,60,60.0,0.0,-0.20165009527736144,0.0004405717582961351,-0.20214440189034294,-0.20076761427499784,0.0013767876153450986,-0.20219419948819028,-0.20023964628313806,0.001954553205052223,0.8869377368888348,0.0010376977244980817,0.0015656657163578558,nan,nan
522,463,194466,backward,eps,km^2/s^2,57,57.0,0.0,-0.20785348380001822,0.0005252150680488772,-0.20833176445868176,-0.20670449164142482,0.0016272728172569417,-0.20844377302400552,-0.20600537294597454,0.002438400078030978,1.1558327640364223,0.0015228355168936715,0.002221954212343946,nan,nan
522,464,190255,backward,eps,km^2/s^2,58,58.0,0.0,-0.15303292463727736,0.0024797134866037995,-0.15689552171621696,-0.14885451819361017,0.008041003522606782,-0.1579247852561103,-0.14778184470829825,0.010142940547812063,0.07348714625004747,0.004570889790739601,0.0051774787082512486,nan,nan
522,465,192262,backward,eps,km^2/s^2,205,205.0,0.0,-0.18272628838614602,0.0017932405044478043,-0.18555849086200346,-0.1797090973135352,0.005849393548468251,-0.18623871692722727,-0.17814189198407904,0.008096824943148229,0.15263951928536548,0.0032939058114771934,0.0048014055967422475,nan,nan
522,466,191270,backward,eps,km^2/s^2,77,77.0,0.0,-0.17377699326810359,0.0013994303616470716,-0.1759627077555419,-0.1713727444412296,0.004589963314312301,-0.17658883627066624,-0.17043941421340958,0.006149422057256659,0.14059122346753633,0.0026398042746474506,0.0031797272746539873,nan,nan
522,467,196418,backward,eps,km^2/s^2,71,71.0,0.0,-0.24082339598097446,0.0003100982258694991,-0.24114933088825752,-0.24013493717750756,0.0010143937107499612,-0.24123446487012434,-0.23981635164908122,0.0014181132210431269,1.0378577109037255,0.0008428417854471348,0.0011614273138734754,nan,nan
522,468,191010,backward,eps,km^2/s^2,60,60.0,0.0,-0.16366233621136966,0.0021531332992894836,-0.1666473246448119,-0.15972637529163738,0.006920949353174527,-0.16724822301217657,-0.15867919502974426,0.008569027982432309,0.311465073737686,0.003987623285654361,0.005034803547547484,nan,nan
522,469,198513,backward,eps,km^2/s^2,53,53.0,0.0,-0.2578551642150343,0.0009358280237224665,-0.25859395574268557,-0.25585982892947534,0.0027341268132102248,-0.2586308475246283,-0.2553727252091079,0.003258122315520362,0.7660360437817041,0.0017730131927291336,0.002260116913096577,nan,nan
522,470,191985,backward,eps,km^2/s^2,57,57.0,0.0,-0.15930780543766954,0.0025550353184560872,-0.16345098835229838,-0.15527851968273357,0.008172468669564809,-0.1644227939845876,-0.15376514769651606,0.010657646288071532,0.0031029240804465955,0.004649132916934095,0.006041783535879475,nan,nan
522,471,194660,backward,eps,km^2/s^2,199,199.0,0.0,-0.18650353300839295,0.0018527907059259871,-0.1890960371208677,-0.18307871282170868,0.0060173242991590215,-0.1899133012985127,-0.18128172687066968,0.008631574427843014,0.36281855382949,0.00349436585531806,0.005084031556644608,nan,nan
522,472,194555,backward,eps,km^2/s^2,50,50.0,0.0,-0.2425088107149974,0.00033999887560309653,-0.24297453125608984,-0.2419327966385429,0.0010417346175469466,-0.24301890796802472,-0.2418283894321407,0.0011905185358840331,0.14408152076068162,0.0006023966869857566,0.0007068038933879528,nan,nan
522,473,192238,backward,eps,km^2/s^2,54,54.0,0.0,-0.1672275535985216,0.0015875279878349207,-0.16961371085572818,-0.16442545164131322,0.005188259214414959,-0.170139356830184,-0.16350257728617124,0.006636779544012761,0.25316410166819214,0.002948800888033785,0.003871675243175776,nan,nan
522,474,192946,backward,eps,km^2/s^2,52,52.0,0.0,-0.1547128610298647,0.0030585651000463385,-0.1594530429524609,-0.14989218338062849,0.00956085957183242,-0.16077343182453396,-0.14856198926282715,0.012211442561706809,0.028780444068757478,0.005491844811178839,0.006308552172256121,nan,nan
522,475,192952,backward,eps,km^2/s^2,74,74.0,0.0,-0.16038057297419478,0.0036813395377119774,-0.1653759049422358,-0.15349343052941167,0.01188247441282414,-0.16676976246725572,-0.1521640069638832,0.014605755503372508,0.27977264599423857,0.006536206942904721,0.007373829559759182,nan,nan
522,476,195837,backward,eps,km^2/s^2,172,172.0,0.0,-0.19011366875157487,0.0017096196240436396,-0.19266730023928316,-0.18700684512605215,0.005660455113231017,-0.19322965502193468,-0.18549467278420984,0.007734982237724841,0.2946262509987892,0.0031529884756178184,0.00458115637949319,nan,nan
522,477,193922,backward,eps,km^2/s^2,82,82.0,0.0,-0.16897706268863577,0.002140633929255499,-0.17200821808442215,-0.1651041643930105,0.0069040536914116435,-0.1730569763797104,-0.16375913400088815,0.009297842378822252,0.29580922198010107,0.003983117090014138,0.0050237090887464975,nan,nan
522,478,194170,backward,eps,km^2/s^2,92,92.0,0.0,-0.17434616506655243,0.0022987009354043784,-0.17822447730875932,-0.17077423307953432,0.007450244229224995,-0.17922366379171395,-0.1695711805083484,0.009652483283365543,-0.04337040355451414,0.0041530189592020655,0.004958104734131941,nan,nan
522,479,195326,backward,eps,km^2/s^2,55,55.0,0.0,-0.16124038381367622,0.0031245225124019917,-0.16582811677262013,-0.15597982705649732,0.00984828971612281,-0.16676779907654016,-0.15452707720222147,0.012240721874318683,0.13803134083255833,0.005516547195914578,0.00656122180442853,nan,nan
522,480,198461,backward,eps,km^2/s^2,50,50.0,0.0,-0.2414425815781432,0.00016779039202599922,-0.24169926355722382,-0.24113980420663428,0.0005594593505895418,-0.2417648494713346,-0.24105256738533964,0.0007122820859949419,0.14522467859552943,0.0003812428408191958,0.00046847966211382985,nan,nan
522,481,195098,backward,eps,km^2/s^2,62,62.0,0.0,-0.16520604806665495,0.0029238716329647303,-0.1694544226167648,-0.1603364187045449,0.009118003912219896,-0.17045733565389343,-0.15878493351237533,0.011672402141518101,0.14324628128584718,0.0051732432090132,0.006487480521352285,nan,nan
522,482,195348,backward,eps,km^2/s^2,65,65.0,0.0,-0.17642787719376074,0.0019718000052146,-0.17923585618057342,-0.1729828227099528,0.006253033470620617,-0.179985147328785,-0.1715530302953615,0.008432117033423503,0.29466119139869373,0.003658828022622739,0.005088620437214031,nan,nan
522,483,202149,backward,eps,km^2/s^2,174,174.0,0.0,-0.24375359407232983,0.0004894213242381627,-0.2444105457509898,-0.2427319082485546,0.0016786375024352151,-0.2446357937589998,-0.2422415062297577,0.0023942875292420895,0.6630638297292595,0.0012163237763269828,0.0017067257951238757,nan,nan
522,484,195821,backward,eps,km^2/s^2,65,65.0,0.0,-0.18014954917067139,0.00161557428589088,-0.18260643966973455,-0.17743858117202607,0.005167858497708483,-0.18331864898947714,-0.17647720828926894,0.006841440700208201,0.14164237711385086,0.0029950423648819943,0.003956415247639122,nan,nan
522,485,197171,backward,eps,km^2/s^2,62,62.0,0.0,-0.16018098402781766,0.0028895504267780732,-0.1646768238057869,-0.1554181206633016,0.009258703142485308,-0.1657387475963975,-0.15396589361944957,0.011772853976947939,0.07951437226927818,0.005301308931888536,0.006456807673828835,nan,nan
522,486,198568,backward,eps,km^2/s^2,283,283.0,0.0,-0.19229074582716132,0.0028891738808646365,-0.19615681757520403,-0.18659509108226124,0.00956172649294279,-0.19726082243380283,-0.18515729436046524,0.012103528073337588,0.4033974496126564,0.005569547801172479,0.007007344522968473,nan,nan
522,487,196734,backward,eps,km^2/s^2,72,72.0,0.0,-0.17393230223671918,0.0025983563260499713,-0.17794404902900335,-0.16980079707094464,0.008143251958058706,-0.17892812605194341,-0.16821369987245838,0.010714426179485037,0.07101681483439475,0.004664368429825061,0.005482884491849083,nan,nan
522,488,199025,backward,eps,km^2/s^2,60,60.0,0.0,-0.1994655144145251,0.0015928848269854473,-0.20093591707721464,-0.19587296421389794,0.005062952863316705,-0.2011919059295998,-0.19526061588775923,0.0059312900418405645,0.7766918991789887,0.003448745627408767,0.004061093953547479,nan,nan
522,489,202361,backward,eps,km^2/s^2,116,116.0,0.0,-0.24523094770927062,0.0002477405684307505,-0.2456196931763194,-0.2447925586100546,0.0008271345662647922,-0.24569345764685635,-0.2446573861640725,0.0010360714827838402,0.1788261418741763,0.000630697518718637,0.0007658699647007383,nan,nan
522,490,197405,backward,eps,km^2/s^2,62,62.0,0.0,-0.16552747455895223,0.003018866188767535,-0.1701184027044697,-0.1603185843257557,0.00979981837871402,-0.1715554668489877,-0.1589042936455225,0.012651173203465205,0.09233318981074856,0.005531005792952886,0.006399968321892713,nan,nan
522,491,197412,backward,eps,km^2/s^2,60,60.0,0.0,-0.17003953357180412,0.0027638353550937006,-0.17418093610685081,-0.1655770919761626,0.00860384413068821,-0.17581065629209647,-0.16411203426332222,0.011698622028774253,0.042070219528126514,0.005247387756911742,0.006283297723911452,nan,nan
522,492,198798,backward,eps,km^2/s^2,65,65.0,0.0,-0.19635602049140455,0.0012215820615954043,-0.19797855862365218,-0.19423497079851706,0.0037435878251351196,-0.19831170105740215,-0.19370367126651122,0.004608029790890922,0.24575438569402683,0.0021210496928874886,0.0026523492248933245,nan,nan
522,493,197879,backward,eps,km^2/s^2,85,85.0,0.0,-0.18021875699541068,0.0021222259464296453,-0.18354201543414156,-0.17680215622539142,0.006739859208750143,-0.18454616710489935,-0.17609537698698186,0.008450790117917495,0.0004135127387259076,0.0038315181293156805,0.00432402927228992,nan,nan
522,494,206923,backward,eps,km^2/s^2,205,205.0,0.0,-0.24417832101275505,0.0008964972658545676,-0.24495885260798064,-0.24216503857835772,0.002793814029622921,-0.2450829710445801,-0.2416977113396117,0.003385259704968391,0.7193801106227478,0.0018349206288323702,0.0023022478675783775,nan,nan
522,495,198997,backward,eps,km^2/s^2,105,105.0,0.0,-0.18335827651192094,0.0025660597650534345,-0.18709314187420195,-0.17903391968846713,0.008059222185734821,-0.18806718357057528,-0.17817582204110682,0.009891361529468456,0.10559530546578069,0.004496164071429786,0.004983944790585282,nan,nan
522,496,202580,backward,eps,km^2/s^2,50,50.0,0.0,-0.24867642741108809,0.00023678067950107668,-0.24891444181935865,-0.24814155436126595,0.0007728874580927025,-0.24895348794772731,-0.2480044354599663,0.000949052487761004,0.8249511372618276,0.0005758057612712639,0.0007129246625708907,nan,nan
522,497,202788,backward,eps,km^2/s^2,55,55.0,0.0,-0.24909025444671595,0.0002409682023950647,-0.24933154585020614,-0.2485832292876238,0.0007483165625823407,-0.24938320076854692,-0.24840692506321205,0.0009762757053348725,0.6392997936809517,0.0006253671671384353,0.000801671391550185,nan,nan
522,498,207684,backward,eps,km^2/s^2,83,83.0,0.0,-0.2479132773075321,0.0004120282079498323,-0.24826810370410923,-0.24692795029814144,0.0013401534059677978,-0.2483345019765416,-0.24662528815583606,0.0017092138207055463,0.9798180862981601,0.0010571913572509969,0.0013598534995563627,nan,nan
522,499,203803,backward,eps,km^2/s^2,129,129.0,0.0,-0.24591379676258374,0.0002993733937240954,-0.24635667774400544,-0.2453741738841557,0.0009825038598497426,-0.2464534322282943,-0.24506759359436037,0.0013858386339339335,0.3787743444520143,0.0007633502853944483,0.0010699305751897814,nan,nan
522,500,199856,backward,eps,km^2/s^2,71,71.0,0.0,-0.16852208281891934,0.0027251524329515884,-0.17207297383365944,-0.16343845788440603,0.008634515949253407,-0.17271342288181735,-0.1619224945106177,0.01079092837119966,0.3265789673643744,0.005083624934513309,0.0065995883083016516,nan,nan
522,501,199426,backward,eps,km^2/s^2,63,63.0,0.0,-0.17502496213799457,0.0016341147094590075,-0.1776657705004479,-0.1725624010628915,0.005103369437556404,-0.17851211524324295,-0.171843688557637,0.006668426685605966,-0.09150211772646376,0.002937552861128123,0.0034371358682543374,nan,nan
522,502,203815,backward,eps,km^2/s^2,54,54.0,0.0,-0.2497688285887903,0.00027114179514706237,-0.2501538106301554,-0.24925375162372734,0.0009000590064280611,-0.25023075704066344,-0.24893301428572678,0.0012977427549366594,0.744511129341167,0.0005880154443457955,0.000908752782346367,nan,nan
522,503,203992,backward,eps,km^2/s^2,55,55.0,0.0,-0.2421016505083634,0.0004225522675874686,-0.24274270213557697,-0.2414349509024027,0.0013077512331742813,-0.2428115959156315,-0.24125471615171168,0.0015568797639198273,0.08590740228676633,0.0007050728184139543,0.0008469343566517296,nan,nan
522,504,200743,backward,eps,km^2/s^2,56,56.0,0.0,-0.18304608953967028,0.001698587452685276,-0.18528505529556616,-0.1800908492494525,0.0051942060461136474,-0.18580204154397506,-0.17956740677386285,0.006234634770112213,0.19535521406079512,0.002826253746588986,0.003158286842421032,nan,nan
522,505,200948,backward,eps,km^2/s^2,64,64.0,0.0,-0.17587107541715302,0.0020681142250270393,-0.1789263427708146,-0.1726099290607421,0.006316413710072494,-0.17934035136910786,-0.1714131515688857,0.007927199800222162,0.13361651767860216,0.0035086101265441863,0.004248116130371016,nan,nan
522,506,203805,backward,eps,km^2/s^2,57,57.0,0.0,-0.24664458066361616,0.000163690196598779,-0.2469071671724383,-0.24637642196764237,0.0005307452047959293,-0.246960515216063,-0.24628831799588424,0.0006721972201787496,0.037351419032160514,0.0003915782556141334,0.00047968222737226895,nan,nan
522,507,202015,backward,eps,km^2/s^2,53,53.0,0.0,-0.18289660177436473,0.0017230052273046826,-0.1853873197364701,-0.1801128507097302,0.005274469026739892,-0.18571165426917757,-0.17936711511714498,0.006344539152032591,0.11957560310471446,0.0029478678257052857,0.003693603418290503,nan,nan
522,508,206171,backward,eps,km^2/s^2,67,67.0,0.0,-0.24708681240628128,0.00026901029896688177,-0.24741360074281257,-0.24657732577894856,0.0008362749638640143,-0.2474628622080578,-0.24627857243587814,0.0011842897721796586,0.706549609607173,0.0005606196916812854,0.0008593730347516981,nan,nan
522,509,205964,backward,eps,km^2/s^2,67,67.0,0.0,-0.24249365799375389,0.0005766990184706606,-0.24313987304192894,-0.24126961215997156,0.0018702608819573807,-0.24330254227113324,-0.24075421352173632,0.002548328749396922,0.8313548657408893,0.0011029772339703585,0.0016183758722055908,nan,nan
522,510,209125,backward,eps,km^2/s^2,115,115.0,0.0,-0.2407866849519552,0.0011335665764460499,-0.24237748767156397,-0.23889006182124992,0.0034874258503140576,-0.24280580614662173,-0.23824101713104762,0.004564789015574111,0.16814902039667382,0.00200081009388785,0.002576107514429493,nan,nan
522,511,210724,backward,eps,km^2/s^2,57,57.0,0.0,-0.2363454966199524,0.0010751611054866438,-0.23802828812930224,-0.23460635333214785,0.0034219347971543856,-0.2385090958490763,-0.23425618943030146,0.004252906418774849,-0.1037642399843134,0.0019214295385853394,0.002153249501279708,nan,nan
522,512,212535,backward,eps,km^2/s^2,122,122.0,0.0,-0.23825487675608525,0.0011059510219495281,-0.23990353466663447,-0.2365298051747857,0.003373729491848776,-0.24041188063330776,-0.23595560116217773,0.004456279471130031,0.03677407974065581,0.0019041421255878265,0.0023028153269029072,nan,nan
522,513,214090,backward,eps,km^2/s^2,65,65.0,0.0,-0.23434613414985395,0.0006588995005815216,-0.23540746004611415,-0.23336104474585356,0.00204641530026059,-0.2357993726342188,-0.2331131271295972,0.0026862455046215983,-0.18831396396177263,0.0011866387686695565,0.001411965469041876,nan,nan
522,514,214080,backward,eps,km^2/s^2,59,59.0,0.0,-0.23035052192270777,0.0013789462489461268,-0.23221340082859016,-0.22795289572728106,0.004260505101309098,-0.23263424115096354,-0.22754071400024456,0.0050935271507189794,0.24879191301468953,0.0023686344673070504,0.0027808161943435605,nan,nan
522,515,214857,backward,eps,km^2/s^2,54,54.0,0.0,-0.23860118393383062,0.0007075392076822174,-0.23955421938543583,-0.2373713933228746,0.002182826062561233,-0.23974150520914417,-0.23702825825508578,0.0027132469540583903,0.1843153898912091,0.0012358951066435797,0.0015790301744323942,nan,nan
522,516,215211,backward,eps,km^2/s^2,64,64.0,0.0,-0.23103723676977744,0.0011618749958502903,-0.2327583909494714,-0.2291932571730283,0.0035651337764431024,-0.23297704652765927,-0.22904167511042584,0.003935371417233435,-0.0004217430652637986,0.0019169834069082568,0.00201435228350455,nan,nan
522,517,215906,backward,eps,km^2/s^2,72,72.0,0.0,-0.21666350702228598,0.0013549105254606541,-0.21878633988717627,-0.21458750140068347,0.004198838486492801,-0.21903479639135437,-0.2143186778079279,0.004716118583426465,0.007324378832987327,0.002249245647369125,0.002448747568320253,nan,nan
522,518,215928,backward,eps,km^2/s^2,60,60.0,0.0,-0.22693985624020535,0.0012244076024030917,-0.22871353402096273,-0.2249964624850184,0.003717071535944333,-0.22894306197720615,-0.2248058124881962,0.004137249489009953,0.05992491220037074,0.00211013812802972,0.0023007881248519046,nan,nan
522,519,216270,backward,eps,km^2/s^2,86,86.0,0.0,-0.22131644585011023,0.0013139632714855405,-0.22329578704074493,-0.21927237258842375,0.0040234144523211834,-0.2235652258471028,-0.2189639279254436,0.004601297921659198,0.0221438511231474,0.002281871697251192,0.002590316360231326,nan,nan
522,520,216466,backward,eps,km^2/s^2,66,66.0,0.0,-0.23072348234826962,0.0011534657374228216,-0.23244200190637115,-0.22894953186424197,0.0034924700421291865,-0.23267377827299096,-0.228630172927763,0.004043605345227963,0.034442976836193136,0.0019285218953539462,0.002070559931235061,nan,nan
522,521,217333,backward,eps,km^2/s^2,50,50.0,0.0,-0.23372988079637386,0.000911317761165325,-0.23516780445740051,-0.2323920924561148,0.0027757120012857073,-0.23540069973997935,-0.2321311127978397,0.003269586942139635,-0.0391802566879555,0.0015167706483704413,0.0016919742801059234,nan,nan
522,0,18595,backward,e,-,122,122.0,0.0,0.2713726788884162,0.005511573879570725,0.26432661367460675,0.2812850164232893,0.016958402748682544,0.2627374468694463,0.2843014972079906,0.021564050338544305,0.29326751390119293,0.009323928524543716,0.01161969485518205,nan,nan
522,1,19899,backward,e,-,97,97.0,0.0,0.27389627684314666,0.007351042031972385,0.2626269196345435,0.2846769995116734,0.022050079877129924,0.26117824444208515,0.28593010708407707,0.024751862641991917,-0.037019257022160856,0.012596665013271911,0.013849772585675546,nan,nan
522,2,18590,backward,e,-,55,55.0,0.0,0.26774002980754646,0.004597934218618728,0.2604910558534644,0.2752596028480408,0.014768546994576415,0.2591416742998464,0.27679522180178,0.017653547501933597,0.04990105643128935,0.008933214018856044,0.010468832972595266,nan,nan
522,3,18148,backward,e,-,56,56.0,0.0,0.2500304582060338,0.0027769117649429275,0.24634162941203605,0.2549961891815892,0.008654559769553122,0.245665894976873,0.2577245181497317,0.01205862317285869,0.5790849407107003,0.004943506167459637,0.007440647568313086,nan,nan
522,4,18805,backward,e,-,57,57.0,0.0,0.26795358004550185,0.005197040961544043,0.25852391916343553,0.274957445749137,0.016433526585701463,0.25711802429567204,0.27657321167034477,0.019455187374672722,-0.2567191996430945,0.010623856271962204,0.012239622193169986,nan,nan
522,5,22540,backward,e,-,54,54.0,0.0,0.28501304231364744,0.007818493612761431,0.27348088300153184,0.2979930456449715,0.02451216264343964,0.2721047794529043,0.2995911405287103,0.027486361075805987,0.04606876667712307,0.013205607334622557,0.014325434344032495,nan,nan
522,6,23178,backward,e,-,95,95.0,0.0,0.2590944257660163,0.0038741157885645965,0.2525086921407566,0.2646236152898804,0.012114923149123769,0.25116416927151314,0.2656261189541228,0.014461949682609665,-0.1123320360915436,0.006890801769561005,0.007621333636539607,nan,nan
522,7,27210,backward,e,-,188,188.0,0.0,0.29765886783710105,0.00868552506675245,0.2850548442667976,0.3127179067374098,0.027663062470612176,0.2810411414285557,0.3172609231812664,0.036219781752710734,0.15492438623028984,0.01580826109918488,0.019704656921740837,nan,nan
522,8,32632,backward,e,-,89,89.0,0.0,0.29215427061309457,0.01457574429259726,0.2673102983456782,0.3102831621497206,0.042972863804042416,0.2647485991145068,0.3133181082248451,0.048569509110338305,-0.21333421813408718,0.023008697882462546,0.02446513327835259,nan,nan
522,9,29454,backward,e,-,75,75.0,0.0,0.2910703723464437,0.009280147334703627,0.27712705862257186,0.305349589787058,0.028222531164486142,0.27531411535123357,0.30709073316246294,0.03177661781122937,-0.051913019060550264,0.016462265759869144,0.01827520903120744,nan,nan
522,10,29914,backward,e,-,128,128.0,0.0,0.298972025686986,0.010799475914398098,0.2822904570489609,0.3154143341980031,0.03312387714904219,0.2796799590646962,0.3173726551655107,0.03769269610081449,-0.0072523738608401035,0.017682286992996628,0.020242038513725413,nan,nan
522,11,28999,backward,e,-,79,79.0,0.0,0.29169837269899335,0.00886051558180013,0.27751545272120887,0.30402606931981085,0.026510616598601988,0.27522159907391447,0.30648736085563366,0.03126576178171919,0.030364026469739236,0.014606225735997468,0.01667587787200636,nan,nan
522,12,33080,backward,e,-,194,194.0,0.0,0.2795438607126257,0.007857727641128272,0.2662766705249459,0.2907612701971883,0.02448459967224237,0.26390206955367096,0.2924787857486407,0.028576716194969765,-0.10453609689318351,0.014056251984924972,0.01643085295619995,nan,nan
522,13,30601,backward,e,-,94,94.0,0.0,0.30597714039841684,0.009982920600760977,0.28919973129993265,0.3194890490556102,0.03028931775567756,0.28642370721296706,0.32193621528439154,0.035512508071424476,-0.14134638061841018,0.01647824280314344,0.019233538956728302,nan,nan
522,14,30368,backward,e,-,71,71.0,0.0,0.3005761897683704,0.00979203391151361,0.2840383344628832,0.3139127018973934,0.02987436743451022,0.2819455821450144,0.3161541876829687,0.034208605537954295,-0.13768078767721606,0.016170414761433355,0.017498985005947765,nan,nan
522,15,31274,backward,e,-,86,86.0,0.0,0.29879308912338964,0.01082885347329015,0.2806672646204502,0.3140441534918876,0.03337688887143736,0.2781061827638851,0.31544496606292577,0.03733878329904067,-0.10851125476097175,0.019126939375839425,0.020527751946877615,nan,nan
522,16,31696,backward,e,-,52,52.0,0.0,0.25551914299619993,0.002083772175745691,0.2507888261396726,0.2573599757777955,0.006571149638122886,0.24984623475538356,0.2577016492854846,0.007855414530101051,-0.7725124903301472,0.005098666677793978,0.006041258062083027,nan,nan
522,17,32867,backward,e,-,73,73.0,0.0,0.2982220889092391,0.010488004931821296,0.28084641948752487,0.31309123552508744,0.032244816037562574,0.278658038559743,0.3155700564827744,0.03691201792303139,-0.10155549312787447,0.017505719838127074,0.019564050349496098,nan,nan
522,18,33318,backward,e,-,61,61.0,0.0,0.29330718020428964,0.012465468876465022,0.27610496112576344,0.31437854068828375,0.03827357956252031,0.2742775489034209,0.31650035475496097,0.04222280585154009,0.18285178565155996,0.021071360483994106,0.023193174550671325,nan,nan
522,19,32403,backward,e,-,52,52.0,0.0,0.2818075129908171,0.006393067674753536,0.2733398140343723,0.2940053520168667,0.020665537982494375,0.2717776232062592,0.29573211118435555,0.02395448797809635,0.36636018162952094,0.012387146186073592,0.013949337014186713,nan,nan
522,20,33089,backward,e,-,56,56.0,0.0,0.292397857292963,0.011867354510815801,0.27655466944089346,0.3126118127722849,0.03605714333139143,0.2748640259609943,0.3145539773705508,0.0396899514095565,0.21013058062000528,0.021205100384672132,0.023147264982938065,nan,nan
522,21,33547,backward,e,-,76,76.0,0.0,0.30220109241462223,0.012080520444391899,0.28027738633264376,0.3171650355007885,0.03688764916814474,0.2779611418185494,0.31898105979068275,0.041019917972133335,-0.19926726576399498,0.021953805079261993,0.023769829369156226,nan,nan
522,22,31291,backward,e,-,114,114.0,0.0,0.31788323042830124,0.005744799012521504,0.30743951888023735,0.3257068532326329,0.018267334352395526,0.3039352246499465,0.32834611270870007,0.024410888058753577,-0.28561454967211347,0.010558692984462256,0.012657931656608112,nan,nan
522,23,36300,backward,e,-,90,90.0,0.0,0.30474645780716825,0.012444307116774753,0.2832068665023832,0.32193799853928806,0.03873113203690487,0.2804383925050951,0.32413535610691396,0.04369696360181885,-0.2054440133548009,0.02255994847167057,0.025328422468958667,nan,nan
522,24,36991,backward,e,-,85,85.0,0.0,0.30622620117982136,0.011861851461932594,0.2861834826650784,0.3226838314129339,0.03650034874785546,0.283548088057815,0.3246741636988688,0.041126075641053805,-0.1274904502439471,0.02412989165558482,0.026765286262848242,nan,nan
522,25,37882,backward,e,-,55,55.0,0.0,0.27196330454372464,0.003772986014862726,0.2644502429691245,0.27590379852051716,0.011453555551392658,0.26307382440511906,0.2767891405898544,0.013715316184735316,-0.5181461295101665,0.008397816102395783,0.009774234666401205,nan,nan
522,26,43665,backward,e,-,170,170.0,0.0,0.31543123675448215,0.011525122487266167,0.28808684583689487,0.3242764773629873,0.03618963152609245,0.28253912316164326,0.32613341016441527,0.043594287002772014,-0.8005138967857853,0.027921205881360916,0.03346892855661254,nan,nan
522,27,39290,backward,e,-,77,77.0,0.0,0.30329785144174964,0.009386711795019381,0.2874855467749635,0.3188750543893335,0.03138950761436998,0.28500618968887953,0.32163393292814313,0.0366277432392636,-0.03270044289732154,0.019839785875984575,0.02231914296206855,nan,nan
522,28,34031,backward,e,-,89,89.0,0.0,0.3322801462374948,0.004065088435200367,0.3256858447065314,0.3385751836944563,0.012889338987924936,0.3237344036626264,0.3395192990653186,0.01578489540269218,-0.143730760176756,0.006973607653387123,0.008502658875474023,nan,nan
522,29,37890,backward,e,-,53,53.0,0.0,0.2824324843726942,0.00576046763731012,0.27288239798658465,0.29019161352380207,0.017309215537217426,0.27040937868700204,0.2920593038932063,0.021649925206204235,-0.1612037271755186,0.00975510540552046,0.012023105685692148,nan,nan
522,30,35172,backward,e,-,69,69.0,0.0,0.32646561423452847,0.003936664049726707,0.32053522340245405,0.33289053200144225,0.012355308598988202,0.31854953369920885,0.3352134182177426,0.016663884518533734,0.08627507085429965,0.007331784643477989,0.00874780398321412,nan,nan
522,31,39731,backward,e,-,54,54.0,0.0,0.28370193958417095,0.005726184508645212,0.27258361991607966,0.29068497956786493,0.018101359651785276,0.27073191465669827,0.2926236090002989,0.02189169434360061,-0.39050204782737785,0.010653888380202656,0.012505593639584034,nan,nan
522,32,36997,backward,e,-,53,53.0,0.0,0.316587808551476,0.005867712330994902,0.3078567035292938,0.3255565576622516,0.017699854132957826,0.306552292528315,0.32672640854943513,0.020174116021120125,-0.05087421348578984,0.009992435937952715,0.011296846938931515,nan,nan
522,33,36315,backward,e,-,67,67.0,0.0,0.3246990599818664,0.004185544941880925,0.3180564782668575,0.33073474677530923,0.012678268508451718,0.3168236322519181,0.33145133699180535,0.014627704739887226,-0.06431167745788406,0.006724732143712269,0.007875427729948259,nan,nan
522,34,35874,backward,e,-,73,73.0,0.0,0.3448121033302751,0.003192442377240524,0.340145602414626,0.3497580793510631,0.009612476936437131,0.33948041579970023,0.3508691645995552,0.011388748799854964,0.002247101234234573,0.005355157824368838,0.005982543985549149,nan,nan
522,35,39284,backward,e,-,110,110.0,0.0,0.2981323875274502,0.0040903669668952225,0.2921448500535433,0.3050338458353034,0.012888995781760115,0.29001206385470096,0.3065619778930771,0.016549914038376135,0.13528929398072687,0.007819726162685227,0.009952512361527555,nan,nan
522,36,37232,backward,e,-,63,63.0,0.0,0.32350652322459833,0.0047095600716184575,0.31576072114228954,0.3303850949346471,0.014624373792357592,0.31435860677066785,0.33109328596730747,0.016734679196639624,-0.05294163378849553,0.007851688225822877,0.009242419110147837,nan,nan
522,37,37025,backward,e,-,66,66.0,0.0,0.35486058437072526,0.0027555236665034065,0.3507920794378373,0.3593466533570472,0.008554573919209885,0.3501123019886779,0.35954776887679346,0.009435466888115585,-0.03315650321563147,0.005205814225923283,0.005406929745669586,nan,nan
522,38,38171,backward,e,-,77,77.0,0.0,0.34629243504916857,0.003064633566026424,0.34146479886658454,0.3509269151786167,0.009462116312032143,0.34022619379122404,0.35119613581755527,0.010969942026331225,-0.06624183263875105,0.005315346078548245,0.00552661598495674,nan,nan
522,39,38415,backward,e,-,62,62.0,0.0,0.36425484142642506,0.002590577715440668,0.36026142484372714,0.3682918485848551,0.008030423741127946,0.36016970123520586,0.36894910868943587,0.008779407454230004,0.019361824128915187,0.004640596449168602,0.004732320057689865,nan,nan
522,40,40228,backward,e,-,65,65.0,0.0,0.32827641526530715,0.006774503997855087,0.31750421387129757,0.338343268887686,0.02083905501638844,0.3160143736580649,0.3393444359952575,0.023330062337192592,-0.07066896112811769,0.01101914542699699,0.011772704551694768,nan,nan
522,41,39083,backward,e,-,59,59.0,0.0,0.33737168864063494,0.0033631107485040217,0.33251466608467717,0.34273622817667976,0.01022156209200259,0.3319538430430477,0.3436573597132029,0.011703516670155178,0.02323220751558504,0.005625477990264481,0.006111139062212223,nan,nan
522,42,42970,backward,e,-,139,139.0,0.0,0.3075066746013926,0.006416229080806253,0.29363744411743486,0.31454545098531705,0.02090800686788219,0.2895145350182982,0.3157608591889854,0.026246324170687174,-0.7275126136575891,0.01410259360920912,0.018225502708345775,nan,nan
522,43,41609,backward,e,-,67,67.0,0.0,0.32914161845231693,0.007317822959614756,0.317123527381232,0.33966364816148725,0.022540120780255246,0.31613381512289296,0.3404468054259295,0.02431299030303652,-0.096735467765477,0.013439663973805563,0.01442937623214463,nan,nan
522,44,39559,backward,e,-,74,74.0,0.0,0.35607165106432936,0.0026624446087095,0.3517783924290306,0.36007571109611103,0.008297318667080444,0.35155088550366376,0.3606124087986523,0.00906152329498855,-0.023979771391761124,0.004579751300150877,0.0048072582255176965,nan,nan
522,45,39341,backward,e,-,60,60.0,0.0,0.37303290783026,0.0024480717018830413,0.369594459359704,0.3770996391329278,0.007505179773223847,0.36895747142873797,0.3777979742093584,0.00884050278062043,0.028101240733065264,0.004075002527837948,0.004773337604268513,nan,nan
522,46,40696,backward,e,-,57,57.0,0.0,0.3378425349291813,0.00378747520091333,0.3321574393804331,0.3438155801462845,0.011658140765851421,0.33155572424367385,0.3447874806669129,0.013231756423239038,-0.013398882917664931,0.006959560072741542,0.007561275209500784,nan,nan
522,47,40498,backward,e,-,67,67.0,0.0,0.3805341943154855,0.002096162812146907,0.37718648402947136,0.38374806963483027,0.0065615856053589106,0.37652244392255096,0.3846300286030426,0.008107584680491609,-0.029023313344096306,0.003409438479493876,0.004113472152669717,nan,nan
522,48,42948,backward,e,-,86,86.0,0.0,0.28109229580391415,0.0025812501781161314,0.2773243007960215,0.2858687989842966,0.00854449818827513,0.2758551635707371,0.2871247067069585,0.011269543136221416,0.19936374961967712,0.00479309591908858,0.0057375396720351635,nan,nan
522,49,41193,backward,e,-,67,67.0,0.0,0.38736671114767207,0.0020061554581669526,0.3846095686925172,0.3905843773496009,0.005974808657083663,0.38393796887640763,0.39151889170882026,0.007580922832412629,0.023212897632069893,0.0034679179535536285,0.004094082977630309,nan,nan
522,50,41642,backward,e,-,58,58.0,0.0,0.3725395304643708,0.0021261562657626746,0.3692071794784961,0.37583644283564877,0.006629263357152693,0.3690441655735944,0.3764822453732403,0.007438079799645947,0.014064494832985705,0.003997425748987307,0.004160439653889014,nan,nan
522,51,41888,backward,e,-,64,64.0,0.0,0.39421356890647125,0.0019668670827320896,0.39092494346211976,0.3970088738961187,0.006083930433998963,0.3907751748606479,0.3977289348899096,0.006953760029261735,0.024639349091311713,0.0034220837865740175,0.003520394439164909,nan,nan
522,52,42128,backward,e,-,75,75.0,0.0,0.40677434854628397,0.0026000247017740584,0.4025123606169391,0.410813657720572,0.008301297103632865,0.40177937501078165,0.4110201429394559,0.009240767928674232,-0.11113827785880434,0.004886250903648959,0.005619236509806447,nan,nan
522,53,42143,backward,e,-,52,52.0,0.0,0.4287792393806422,0.0035752050116612025,0.4232302617051479,0.4341841421509687,0.010953880445820796,0.4223802673363709,0.43535653999117807,0.012976272654807164,0.02157562199400743,0.0058239421436865725,0.006513245139364243,nan,nan
522,54,45706,backward,e,-,72,72.0,0.0,0.29126213510077714,0.004290046696226383,0.28467593908849154,0.2980498233099019,0.013373884221410337,0.28273080093774006,0.29996140280359823,0.017230601865858175,0.03349380882711784,0.007488001817374264,0.008683027231946305,nan,nan
522,55,45714,backward,e,-,72,72.0,0.0,0.301065998933996,0.005641973615027987,0.29209113800184505,0.3093196927753872,0.017228554773542126,0.29014078371510654,0.31102151247971926,0.02088072876461272,-0.08175787945505551,0.009338867924494279,0.010776191578636796,nan,nan
522,56,43285,backward,e,-,58,58.0,0.0,0.4175037668980921,0.0018489677221258478,0.41483652608129495,0.4202569275759123,0.005420401494617366,0.41422342107119625,0.4216063354889233,0.007382914417727038,0.10855928564013373,0.0035547808103374126,0.003770662735686492,nan,nan
522,57,47545,backward,e,-,58,58.0,0.0,0.30794262903574243,0.0077220297097642535,0.29556919566247614,0.3191733458233502,0.023604150160874082,0.2932595796532166,0.32029799221229344,0.027038412559076852,-0.17929669578637322,0.0125288303347438,0.014838446344003331,nan,nan
522,58,46184,backward,e,-,69,69.0,0.0,0.31439751123872794,0.00622718796337235,0.30309052923820456,0.3219842735239762,0.01889374428577162,0.30121217930140126,0.3232516501592113,0.02203947085781005,-0.25640239242087304,0.011306982000523389,0.013185331937326683,nan,nan
522,59,43521,backward,e,-,72,72.0,0.0,0.4266899721328069,0.0034192264597329904,0.42138881340061646,0.43198493151121636,0.010596118110599906,0.42060527353215427,0.4328225111551712,0.012217237623016908,0.003557809802678176,0.005734782925038701,0.006451645095640335,nan,nan
522,60,46851,backward,e,-,61,61.0,0.0,0.2967716344249379,0.004260330398373627,0.2895099688799815,0.3030831763507606,0.013573207470779114,0.2877820794551243,0.30502920474040357,0.017247125285279274,-0.09792679462826628,0.007828716181445372,0.008691079792080503,nan,nan
522,61,44223,backward,e,-,54,54.0,0.0,0.4501882921936854,0.00531610501666186,0.4428237928719374,0.4593424349231563,0.01651864205121889,0.44158010117314034,0.46011641319638186,0.01853631202324152,0.14050292070646428,0.008796256505787215,0.009348807837026074,nan,nan
522,62,44413,backward,e,-,50,50.0,0.0,0.3950986181570669,0.0025073730092319982,0.39164243116173303,0.39948816985975244,0.007845738698019411,0.39152560280110477,0.39982153995968034,0.008295937158575573,0.16572080433231903,0.004473302993550456,0.004806673093478375,nan,nan
522,63,44650,backward,e,-,89,89.0,0.0,0.40524038828230663,0.0029438406305943117,0.40078093771493684,0.410057818015185,0.009276880300248147,0.39987227820343363,0.4101149554213524,0.010242677217918772,0.020713011639762434,0.00482298790868888,0.005368110078873001,nan,nan
522,64,47992,backward,e,-,65,65.0,0.0,0.300965802204482,0.005787450917785811,0.2929597487257883,0.31104875339445764,0.018089004668669362,0.2906997753687404,0.3135375200981881,0.022837744729447662,0.18842378345210906,0.010457043156759936,0.01224404694973602,nan,nan
522,65,45366,backward,e,-,70,70.0,0.0,0.44434373412936723,0.002920890712148679,0.4396469021985135,0.4487660256239635,0.009119123425450015,0.43882678739549247,0.4492723617811296,0.010445574385637146,-0.0684245596686206,0.005016961571124259,0.0053383058912182535,nan,nan
522,66,45581,backward,e,-,84,84.0,0.0,0.42500078795964646,0.003422893616636859,0.4197889015646701,0.4303291059124725,0.010540204347802395,0.41904001375369343,0.4310145492036734,0.01197453544997995,0.06601113836913602,0.00569273444420138,0.0063781777354022795,nan,nan
522,67,46660,backward,e,-,56,56.0,0.0,0.3401853774873358,0.004193272889275375,0.333623728755436,0.34631009740272445,0.012686368647288448,0.332965571279702,0.3472310897851949,0.014265518505492902,-0.030135245924283065,0.006900987377365303,0.00733850665879382,nan,nan
522,68,46519,backward,e,-,88,88.0,0.0,0.4552419675411179,0.003416873825437007,0.4499596150086361,0.4604997540548864,0.010540139046250285,0.4493590441239786,0.4618568316422884,0.012497787518309822,0.017246162571562706,0.006012445837388471,0.006613016722046006,nan,nan
522,69,47340,backward,e,-,52,52.0,0.0,0.33551635774471816,0.0038855528586839495,0.3283940175489955,0.34070362065875404,0.012309603109758538,0.3265181124500552,0.3420793544686373,0.015561242018582111,-0.30525792234730115,0.007034630198857788,0.008623050105940722,nan,nan
522,70,49590,backward,e,-,73,73.0,0.0,0.30899032386040254,0.006021662904256766,0.2991011719938135,0.31800363264333015,0.018902460649516672,0.29779046261286346,0.32019349273315084,0.02240303012028738,-0.08384747672918534,0.010196901895367214,0.0123867619851879,nan,nan
522,71,46932,backward,e,-,52,52.0,0.0,0.39746097195185726,0.002732057366534632,0.39366909967551755,0.402084731668895,0.00841563199337747,0.39282398104236554,0.40275779917056853,0.009933818128202987,0.09182351634913533,0.004671930626950316,0.0053449981286238235,nan,nan
522,72,47649,backward,e,-,97,97.0,0.0,0.4422687771273038,0.0032180271985692904,0.43761103060815526,0.44744721207156524,0.009836181463409976,0.4363542802208681,0.4478092264778731,0.011454946257004994,0.00578140672371598,0.005476456389600825,0.005782834227856082,nan,nan
522,73,49835,backward,e,-,155,155.0,0.0,0.33050104766488553,0.003883155578084232,0.3245183183025372,0.33691329942243453,0.012394981119897341,0.3226504046140995,0.33837804112327524,0.015727636509175746,0.051819741315633806,0.006998851725037361,0.008610417823792238,nan,nan
522,74,48348,backward,e,-,105,105.0,0.0,0.46816866064980006,0.004257558249015884,0.46171472425843685,0.4747896892548092,0.01307496499637234,0.4605540198666513,0.4755906007047018,0.01503658083805054,0.0021661506648106023,0.007757195666305405,0.008558107116198033,nan,nan
522,75,49023,backward,e,-,105,105.0,0.0,0.4541143189629378,0.003703315905426279,0.4486326437932394,0.4600609692706268,0.011428325477387369,0.44816523435303707,0.4607423699719908,0.012577135618953739,0.042988096097689846,0.00609322635819125,0.006407342116588388,nan,nan
522,76,48297,backward,e,-,50,50.0,0.0,0.3966059342066306,0.002566439859448032,0.3924030426013592,0.4004319568196653,0.008028914218306094,0.39175346759112906,0.4010858402350487,0.009332372643919618,-0.0686244408239856,0.004397079306164963,0.0046744419670935455,nan,nan
522,77,48780,backward,e,-,63,63.0,0.0,0.43150720753813115,0.0024652476050204155,0.428026339455367,0.4356209606344538,0.0075946211790868245,0.42735620040593564,0.4356710271833707,0.008314826777435058,-0.043307602925713,0.004142353344770122,0.004192419893687016,nan,nan
522,78,49452,backward,e,-,81,81.0,0.0,0.4199479889495123,0.0034911859377582156,0.41466625898788934,0.4254066735286426,0.010740414540753251,0.4139540171353833,0.42605954602068513,0.012105528885301808,0.037470791542973066,0.005518626571999807,0.006111557071172835,nan,nan
522,79,51427,backward,e,-,56,56.0,0.0,0.316513271770546,0.004522592569527746,0.3084570999409302,0.32294160618146955,0.014484506240539374,0.30636512700120894,0.32373221946373143,0.017367092462522493,-0.2520851415983471,0.00787232610685476,0.009964299046575975,nan,nan
522,80,49921,backward,e,-,64,64.0,0.0,0.44115558457265147,0.003050496295511176,0.4363160486694611,0.44595263750043346,0.009636588830972348,0.4356331012314162,0.4460353741757129,0.010402272944296687,-0.062237934944908875,0.005514404992345401,0.006197352430390324,nan,nan
522,81,51295,backward,e,-,137,137.0,0.0,0.4689616705743143,0.004680015912495343,0.46159113825743875,0.4761055131330466,0.01451437487560786,0.4604187165651837,0.4774822011392855,0.01706348457410184,-0.0249184726844518,0.008135297866545675,0.00930771955880072,nan,nan
522,82,51700,backward,e,-,89,89.0,0.0,0.3420169029938079,0.002302212109190198,0.33836049761504505,0.3455698904197236,0.007209392804678527,0.3373746831338378,0.3461494096858342,0.008774726551996404,-0.055668509746323494,0.0039497685880068075,0.004822841661246413,nan,nan
522,83,52622,backward,e,-,68,68.0,0.0,0.3121627895413263,0.0053851333004498085,0.3039761105065879,0.32086843170846935,0.016892321201881444,0.3019049108518322,0.32258491327744837,0.020680002425616184,0.05150979775775292,0.00939401541723924,0.010617761874204323,nan,nan
522,84,50818,backward,e,-,58,58.0,0.0,0.4310056116831191,0.0023441133710324718,0.4274554411038009,0.43450781798448157,0.007052376880680666,0.4268735760576337,0.43502657054587124,0.00815299448823753,-0.055211957519875725,0.00404083327959433,0.004107031620206758,nan,nan
522,85,51058,backward,e,-,71,71.0,0.0,0.4521490694594048,0.003290868745201363,0.44701859197413585,0.45701259363777,0.009994001663634178,0.44663833217254484,0.45830382349519516,0.011665491322650323,0.03549717713211674,0.005492151563211201,0.006124696000984309,nan,nan
522,86,53315,backward,e,-,87,87.0,0.0,0.3107995968320006,0.006857498820070948,0.30156679454720503,0.3225187071892923,0.02095191264208729,0.29950972450229046,0.3250230323895387,0.02551330788724826,0.20834312386244802,0.011719110357291713,0.014223435557538133,nan,nan
522,87,51510,backward,e,-,56,56.0,0.0,0.4200362677995989,0.0025242006101242817,0.4161830055105428,0.42387498272477003,0.007691977214227208,0.41510510663357997,0.42435791852319327,0.0092528118896133,-0.044485410917791283,0.004361885439747373,0.0046946152789311135,nan,nan
522,88,51777,backward,e,-,67,67.0,0.0,0.44046564052527065,0.0032159385796158087,0.4356973536805988,0.44530921759299774,0.009611863912398932,0.435073969715864,0.4459809850489668,0.010907015333102843,0.05352629393799075,0.005399963326477885,0.005490107101907282,nan,nan
522,89,53908,backward,e,-,145,145.0,0.0,0.47075386558746707,0.007601379757190983,0.4590639459076236,0.48243630575578583,0.023372359848162216,0.45709357806753076,0.4833493983562141,0.02625582028868334,-0.03848572695626152,0.01227805185664097,0.01424841969673385,nan,nan
522,90,53348,backward,e,-,96,96.0,0.0,0.3495179658441142,0.0021215831502513624,0.3462017539188052,0.3526788171824498,0.006477063263644611,0.3451002406633982,0.35329994894217703,0.008199708278778861,-0.06033581012694844,0.0037930595940322692,0.004894572849439283,nan,nan
522,91,52717,backward,e,-,59,59.0,0.0,0.42915065453401624,0.002939557168360445,0.4250606236298615,0.43394696067184213,0.008886337041980608,0.42445562511065293,0.43456431820170127,0.010108693091048337,0.11545784559289388,0.00479986973819963,0.005404868257408213,nan,nan
522,92,53196,backward,e,-,73,73.0,0.0,0.45281269799416635,0.003929950607241054,0.4470606200347555,0.4589500760308005,0.011889455996045017,0.446632665782957,0.4603035964955523,0.013670930712595286,0.011812084162604732,0.0061674073608479875,0.007501163373801301,nan,nan
522,93,53820,backward,e,-,78,78.0,0.0,0.35739838734850393,0.002389344237501396,0.3537299075446839,0.3611309762356583,0.0074010686909743995,0.35313171874231075,0.361555935013299,0.008424216270988272,0.008715478110864894,0.00396483423511646,0.0044562440219901855,nan,nan
522,94,53403,backward,e,-,61,61.0,0.0,0.4192993692749993,0.0027993449165780856,0.4146515572006628,0.4231988874060577,0.008547330205394887,0.4134969809461753,0.42362703922153633,0.010130058275361009,-0.18784089348879784,0.0046392866319619475,0.005354424980417105,nan,nan
522,95,53654,backward,e,-,72,72.0,0.0,0.44129458915305275,0.0036295692715072408,0.4353159426401943,0.4464582818378802,0.011142339197685924,0.43464566382339803,0.44755371407212324,0.012908050248725211,-0.06478042023814011,0.006048921724764819,0.0068701151937278215,nan,nan
522,96,54763,backward,e,-,64,64.0,0.0,0.3237436642511809,0.004299321477248447,0.31672265936306865,0.33039074969360244,0.013668090330533789,0.3143175149822698,0.3324150932908026,0.018097578308532813,-0.08103632354884234,0.008186931177317126,0.00985833560051863,nan,nan
522,97,55151,backward,e,-,94,94.0,0.0,0.4677998804743083,0.004853058508768104,0.4603247970134397,0.4751626838702665,0.014837886856826799,0.45897976382883865,0.476484510172112,0.01750474634327337,-0.02770660692793089,0.008042401834621595,0.008805150465791167,nan,nan
522,98,54334,backward,e,-,60,60.0,0.0,0.42892080954188533,0.0030406727763499734,0.42434225376239865,0.4336344570267722,0.009292203264373577,0.4237715866243154,0.4342287934092473,0.010457206784931894,0.04112238806176554,0.0053692010840975905,0.005963537466572688,nan,nan
522,99,54868,backward,e,-,81,81.0,0.0,0.4542087991854308,0.0043279993402863745,0.44805648405634874,0.46104503628150945,0.01298855222516071,0.4467048007359105,0.4623822303309876,0.015677429595077064,0.10435705535268913,0.007494042828222969,0.008831236877701099,nan,nan
522,100,56191,backward,e,-,51,51.0,0.0,0.3315936237262832,0.0046707338797537,0.32451136064662434,0.33872363512638815,0.014212274479763809,0.3237230048899287,0.3394982902190497,0.01577528532912098,0.018630650609774597,0.007873389846317885,0.008661745603013526,nan,nan
522,101,55333,backward,e,-,62,62.0,0.0,0.34521552584254944,0.0028596195562481416,0.34111550961091486,0.35010399334135295,0.00898848373043809,0.340277141916511,0.35093177278799387,0.010654630871482884,0.16810436356654315,0.004733450004287987,0.005517815235172918,nan,nan
522,102,55387,backward,e,-,71,71.0,0.0,0.4112840756185017,0.0029446304717528782,0.4067946718818356,0.4157439701592184,0.008949298277382778,0.40621551926048266,0.4162509271418308,0.010035407881348157,-0.000693008327897836,0.005022811517647802,0.005601964139000715,nan,nan
522,103,56520,backward,e,-,68,68.0,0.0,0.3651651109416659,0.002360841252348639,0.3620244476524809,0.3692623388242427,0.007237891171761823,0.3617070500048394,0.36972225906185674,0.008015209057017358,0.19694851123903984,0.003941023057670604,0.004400943295284621,nan,nan
522,104,55694,backward,e,-,76,76.0,0.0,0.44107043382902744,0.004131940022580859,0.43502809732738357,0.44772302752504023,0.012694930197656662,0.43434265952276274,0.448491210505862,0.01414855098309925,0.07713608043573818,0.006705068228045882,0.0074732512088676595,nan,nan
522,105,54985,backward,e,-,54,54.0,0.0,0.7187614233090193,0.021740635696358746,0.6840466417768818,0.7503916788925804,0.06634503711569861,0.6797971049236453,0.7536915401135846,0.07389443518993932,-0.06991157752364711,0.035305126608711865,0.03955466346194836,nan,nan
522,106,57123,backward,e,-,97,97.0,0.0,0.3560793468628117,0.0026380390984333496,0.3520225042525848,0.3601501275379087,0.008127623285323904,0.3505121761283761,0.3612846408732578,0.010772464744881693,-0.043795657212029764,0.0044938659388571184,0.005567170734435578,nan,nan
522,107,56072,backward,e,-,73,73.0,0.0,0.7836750465241918,0.015547011924993871,0.7561854957583867,0.8043782571680509,0.04819276140966422,0.7516809216637291,0.8074797004317426,0.055798778768013424,-0.24221000092696596,0.02620042123330445,0.028216343256150522,nan,nan
522,108,56076,backward,e,-,76,76.0,0.0,0.7787627330232985,0.01835709378721794,0.7414841007134872,0.7987243214373883,0.057240220723901,0.7369057675901233,0.8019759041142573,0.06507013652413407,-0.5033751118813861,0.03317195946315496,0.03775029258651896,nan,nan
522,109,56264,backward,e,-,66,66.0,0.0,0.42142467805559924,0.0029796000989666745,0.416816950508211,0.42617305929382787,0.009356108785616879,0.4163818500474994,0.42716980300216645,0.010787952954667057,0.04711525054604723,0.004939585449339548,0.005482517956768351,nan,nan
522,110,55792,backward,e,-,94,94.0,0.0,0.7640457567805716,0.01781126059651285,0.7358693084810715,0.7900892545595477,0.054219946078476244,0.7329417600827578,0.7958084430935333,0.06286668301077547,-0.0408139124247434,0.029131951886505164,0.032022383960524925,nan,nan
522,111,56739,backward,e,-,79,79.0,0.0,0.7034068293289851,0.017719708710578402,0.6751293825734919,0.72939516054612,0.054265777972628104,0.6711370104924373,0.7325003279548705,0.061363317462433176,-0.04084536628615681,0.030992254792055425,0.03409742220080603,nan,nan
522,112,58158,backward,e,-,99,99.0,0.0,0.47044539991729195,0.004833122055996856,0.4629521212498017,0.4778047287401281,0.014852607490326408,0.46098412404069067,0.4785036747232821,0.017519550682591423,-0.024311072427852687,0.008057599401177822,0.009465653045646283,nan,nan
522,113,57515,backward,e,-,87,87.0,0.0,0.45704611608764717,0.00461110736864183,0.44967121992650044,0.46386433606854827,0.014193116142047824,0.4482521920161231,0.46525312715566103,0.01700093513953793,-0.04746317122801162,0.00783776199689763,0.008849945801748027,nan,nan
522,114,56729,backward,e,-,135,135.0,0.0,0.7088376976160942,0.011863534608171664,0.6898440277626361,0.7263367824800105,0.036492754717374454,0.6864859802891013,0.7321724274193419,0.045686447130240504,-0.026069490241379924,0.020578006366229862,0.023523189686931678,nan,nan
522,115,57763,backward,e,-,54,54.0,0.0,0.37236788729184733,0.00152227035190822,0.37004025916139865,0.37470325917505776,0.004663000013659102,0.36982663681197864,0.37490512359786476,0.005078486785886127,0.021097719613643647,0.002652915926088003,0.002854780348895025,nan,nan
522,116,57190,backward,e,-,67,67.0,0.0,0.43921882111659677,0.004015966146173223,0.43261935104024624,0.4448829802631428,0.012263629222896588,0.43185790785186345,0.4455037361874102,0.013645828335546728,-0.11879217323917099,0.006724591070770696,0.007486034259153451,nan,nan
522,117,59536,backward,e,-,152,152.0,0.0,0.7936095291375952,0.017761543497780353,0.7612649996542856,0.8151957021434366,0.053930702489150995,0.7566563314676585,0.8192426255471053,0.06258629407944671,-0.25576669023949666,0.029108884375362083,0.03367251619139977,nan,nan
522,118,56705,backward,e,-,106,106.0,0.0,0.7394884611397624,0.007303839874289343,0.7279612573487024,0.7504976215703187,0.022536364221616312,0.7263316493305373,0.752101571176077,0.025769921845539723,-0.047617819431947726,0.011957780072042984,0.013230132559930774,nan,nan
522,119,58890,backward,e,-,214,214.0,0.0,0.7726082575258697,0.011777995368582607,0.7540108382547556,0.7895822656947328,0.03557142743997721,0.7515552093604612,0.794789189157666,0.04323397979720489,-0.057220606753163226,0.019706090027177436,0.021730661505621973,nan,nan
522,120,59056,backward,e,-,57,57.0,0.0,0.37757390993586354,0.0015315603380162712,0.3753250881576642,0.3800111297998458,0.004686041642181615,0.37510003371115114,0.38042642251518627,0.0053263888040351315,0.045700946643471595,0.002482890871510301,0.00285251257932273,nan,nan
522,121,60114,backward,e,-,132,132.0,0.0,0.45597225211836956,0.005847615924507039,0.4468691611433968,0.46551125203983545,0.018642090896438646,0.445867812233479,0.4676322743617268,0.021764462128247786,0.08514580067808987,0.010088459844197524,0.011520533475946282,nan,nan
522,122,59707,backward,e,-,67,67.0,0.0,0.3647528080671464,0.002523155334013097,0.3608034223778793,0.3686094054775685,0.007805983099689162,0.35999766226577573,0.3691552133838428,0.009157551118067042,-0.01793299026562112,0.00424695218060419,0.004755145801370653,nan,nan
522,123,59436,backward,e,-,70,70.0,0.0,0.4391265947542963,0.0040335853516722765,0.43291226267628596,0.4452877888389773,0.01237552616269133,0.4323028350955102,0.4459190570680034,0.013616221972493181,0.011390818212619511,0.0065669426281932675,0.006901613184873867,nan,nan
522,124,61508,backward,e,-,59,59.0,0.0,0.4973926180183921,0.0015388358337046447,0.4946246633958611,0.4994107057780456,0.004786042382184497,0.49361489780032036,0.49955910497423245,0.005944207173912086,-0.394477287228212,0.002491430758864619,0.0034940388931343214,nan,nan
522,125,57957,backward,e,-,122,122.0,0.0,0.7269897022436802,0.01639511624247211,0.7061534436252357,0.7561010178675343,0.049947574242298565,0.7026261451184345,0.7587002805250378,0.05607413540660333,0.19423914831209274,0.026977171708196204,0.02905370002100005,nan,nan
522,126,59426,backward,e,-,53,53.0,0.0,0.4270074693750354,0.0035040840643923944,0.42161539820049226,0.43235394476131145,0.010738546560819184,0.42099966018822527,0.43300620429583486,0.012006544107609596,0.02377570240494601,0.0058776835782800236,0.006529943112803416,nan,nan
522,127,61835,backward,e,-,95,95.0,0.0,0.47259278944438216,0.0044360396025910345,0.46561524979903096,0.47888708114311923,0.01327183134408827,0.4637831725099481,0.48008229538286873,0.016299122872920624,-0.11588117743914014,0.007409358627250867,0.00880961693443405,nan,nan
522,128,60638,backward,e,-,72,72.0,0.0,0.6715802530408079,0.009733611817204309,0.6553514977692269,0.685539779287544,0.030188281518317095,0.653062177149059,0.6888149143520362,0.035752737202977225,-0.09028335046130974,0.01624000196647529,0.017962777531341123,nan,nan
522,129,62811,backward,e,-,101,101.0,0.0,0.38214597533336714,0.001763900769941758,0.3793771392296328,0.3850088836658767,0.005631744436243924,0.3782211246919825,0.38551229207034315,0.007291167378360663,-0.01217911026211002,0.0031889069626515054,0.004344921500301802,nan,nan
522,130,58929,backward,e,-,74,74.0,0.0,0.723499607298291,0.007202710506206315,0.7119297718402839,0.7346574440405195,0.022727672200235527,0.7081097481403411,0.7385940801170411,0.030484331976699974,-0.053514552041914416,0.013196951437550852,0.015559198979222533,nan,nan
522,131,61929,backward,e,-,134,134.0,0.0,0.7757879851768901,0.013751430878016144,0.7523514593480237,0.7943887768045044,0.04203731745648065,0.7494685828987733,0.7965557236273172,0.04708714072854392,-0.16140636604646885,0.022226575856200834,0.024684179148245833,nan,nan
522,132,60628,backward,e,-,65,65.0,0.0,0.6822410685641754,0.00906286907762275,0.6679831452042885,0.6959564685918821,0.027973323387593618,0.6663609687594796,0.6975873679057427,0.03122639914626313,-0.046650095394223684,0.01472998575239841,0.015880099804695846,nan,nan
522,133,60758,backward,e,-,54,54.0,0.0,0.4155579031669727,0.0027742757771637627,0.41110404756725927,0.4195012111562211,0.008397163588961809,0.4101792519820619,0.42065686429765503,0.010477612315593132,-0.075442053645114,0.004825100021481625,0.005489201422927026,nan,nan
522,134,63247,backward,e,-,61,61.0,0.0,0.48573774159516236,0.0019120790138530527,0.48245654064839555,0.4883716441937594,0.005915103545363842,0.4824454583869298,0.48845849101028344,0.00601303262335362,-0.014778201846227839,0.0032812009467668157,0.0032922832082325493,nan,nan
522,135,63326,backward,e,-,93,93.0,0.0,0.78682964517745,0.008564756716725783,0.772422731262989,0.7988017421469654,0.026379010883976428,0.7707620901761627,0.8016479073487653,0.030885817172602636,-0.14257230458060594,0.015023019685875577,0.01668366077270189,nan,nan
522,136,63336,backward,e,-,157,157.0,0.0,0.7751198831121036,0.01364342289668698,0.7503740946944194,0.7927144337899739,0.04234033909555446,0.7474228512417846,0.7955790521232211,0.04815620088143646,-0.2564750016383953,0.023392115124958552,0.02634335857759329,nan,nan
522,137,62101,backward,e,-,53,53.0,0.0,0.3710887718595124,0.0017320048203255123,0.36831220489321287,0.3738510051095987,0.0055388002163858086,0.3675230126944354,0.37427185360336346,0.006748840908928078,-0.062290857172007295,0.003155266166360071,0.003944458365137571,nan,nan
522,138,61464,backward,e,-,67,67.0,0.0,0.43971813751489264,0.0037977420706933065,0.43379477048449183,0.4454588179946251,0.01166404751013328,0.43320115736098785,0.4460448028670935,0.012843645506105672,-0.03850141606867396,0.006162772080394707,0.006516980153904783,nan,nan
522,139,62167,backward,e,-,82,82.0,0.0,0.45226582499116974,0.0037513803599822084,0.44664201523070085,0.458117344583136,0.01147532935243517,0.44607327534857855,0.45939369579318795,0.013320420444609404,0.07029761491039567,0.006218371923995886,0.006787612926789699,nan,nan
522,140,65106,backward,e,-,81,81.0,0.0,0.8178336448010365,0.01021320797374081,0.7998325662726162,0.8316084764715059,0.0317759101988897,0.7964319175026636,0.8348937981228911,0.038461880620227484,-0.20586685053231127,0.01748627755558041,0.019958134248678427,nan,nan
522,141,61309,backward,e,-,66,66.0,0.0,0.6867698625474847,0.008460777217147126,0.6723853005452508,0.6982507069905768,0.025865406445325978,0.6696976130271866,0.6995165197997435,0.02981890677255694,-0.18929402657219108,0.01379364639151942,0.015538541155328045,nan,nan
522,142,64602,backward,e,-,99,99.0,0.0,0.38741401974042505,0.0017726707143870982,0.38447509252958334,0.39007252116689684,0.005597428637313495,0.3829624850702371,0.3906910955516483,0.007728610481411213,-0.2697440640427265,0.0032102095640489693,0.0047228170233952205,nan,nan
522,143,61454,backward,e,-,53,53.0,0.0,0.4278685409017576,0.0033885052455549175,0.4222961241969138,0.4326731125086053,0.010376988311691482,0.4216600107433396,0.4330952662583484,0.011435255515008791,-0.10942914294826357,0.005553927861839092,0.005966512014206338,nan,nan
522,144,64686,backward,e,-,68,68.0,0.0,0.49226613033770283,0.0018351162069801022,0.48909894472855264,0.49485914901099903,0.005760204282446391,0.4890147855701256,0.4954952472479509,0.006480461677825289,-0.018471349756918148,0.0032189146951892983,0.00325512994778715,nan,nan
522,145,66568,backward,e,-,80,80.0,0.0,0.8271427500576665,0.011849315126321813,0.8060341263749307,0.8423796481641428,0.03634552178921213,0.8026186323389437,0.8434905036996868,0.040871871360743106,-0.22695216404321142,0.0191130914572908,0.021134882062463056,nan,nan
522,146,68432,backward,e,-,80,80.0,0.0,0.8264027545581356,0.010746376731837362,0.8045363857250303,0.8390308836716931,0.03449449794666282,0.8012240415513128,0.8417255439126213,0.04050150236130856,-0.5026258093524761,0.02147854931732236,0.02479089349103991,nan,nan
522,147,64054,backward,e,-,149,149.0,0.0,0.7716427529602667,0.012022007243783887,0.7496358423296773,0.7870404823250602,0.037404639995382905,0.7468708598789565,0.7898195371721286,0.04294867729317209,-0.278721902514175,0.020214733784280445,0.02264968791069155,nan,nan
522,148,61951,backward,e,-,118,118.0,0.0,0.7462085919491992,0.013204774570647882,0.7225890209636596,0.763992555173973,0.0414035342103134,0.7190007009276759,0.765845684499108,0.046844983571432075,-0.23738122708200876,0.022727624781176077,0.02631594481715982,nan,nan
522,149,68054,backward,e,-,59,59.0,0.0,0.831358452713951,0.01037928128151336,0.8122610461946874,0.8440192109232694,0.03175816472858195,0.8095573784186934,0.8450140048816143,0.035456626462920915,-0.2986265211308234,0.01754251702102147,0.020246184797015565,nan,nan
522,150,63417,backward,e,-,117,117.0,0.0,0.6760057079507555,0.017054005673343208,0.6451356385752998,0.698034885758882,0.05289924718358219,0.6408001691138121,0.7003020632502301,0.05950189413641804,-0.2565895606991342,0.0286105513549075,0.032946020816395194,nan,nan
522,151,63516,backward,e,-,50,50.0,0.0,0.37622220862652705,0.0016275443713472566,0.3736274416117231,0.378598938605666,0.004971496993942892,0.37268014552639306,0.37939395011944865,0.0067138045930555945,-0.11560147969094778,0.0029813347219776647,0.0035751921456841917,nan,nan
522,152,65334,backward,e,-,124,124.0,0.0,0.3936084325152306,0.0020806145197428557,0.39045134927999786,0.3969647645598726,0.006513415279874757,0.389669028156504,0.39775117184732744,0.00808214369082344,0.07464437297907847,0.0035856181822978145,0.00435082838131462,nan,nan
522,153,63004,backward,e,-,122,122.0,0.0,0.7436199675725577,0.013540441626888496,0.7194581968107158,0.7610344338754257,0.04157623706470992,0.7150168705822441,0.763508210019183,0.04849133943693895,-0.2507543800264472,0.023521729137823362,0.027963055366295064,nan,nan
522,154,64033,backward,e,-,118,118.0,0.0,0.7988467875079746,0.004910462639378683,0.7909119434011764,0.8069209599343863,0.016009016533209852,0.7889758523918364,0.8112052604082596,0.022229408016423147,0.09260768330874884,0.00894115047674162,0.012693395024449883,nan,nan
522,155,63186,backward,e,-,55,55.0,0.0,0.4085308221157746,0.0025073793459450037,0.40451756845163317,0.4122210695758289,0.007703501124195711,0.40393622320870265,0.4129371666689814,0.009000943460278743,-0.05195129782028418,0.004271230192102399,0.004731355912666324,nan,nan
522,156,63550,backward,e,-,56,56.0,0.0,0.4170022584977138,0.002659544826667568,0.41301602785767644,0.4210539987501818,0.008037970892505353,0.4117496681191251,0.42176189053838486,0.010012222419259753,0.004157095784313588,0.0045051207483276096,0.005010780000474779,nan,nan
522,157,63916,backward,e,-,70,70.0,0.0,0.42835162056172404,0.003607349647573587,0.4230077468300432,0.4341687519313282,0.011161005101284982,0.4223859887735277,0.4347711314612468,0.01238514268771912,0.07103907970721826,0.005832942204025944,0.006204595203937346,nan,nan
522,158,63925,backward,e,-,66,66.0,0.0,0.43988574925804436,0.0036670598835313955,0.43407530707128383,0.445345038610035,0.01126973153875116,0.4333183303822088,0.44591347493278743,0.01259514455057864,-0.034768634114826315,0.005943545016914201,0.006460080939894697,nan,nan
522,159,62333,backward,e,-,108,108.0,0.0,0.7066383026867809,0.015881365536635748,0.6819707559088948,0.7301695163879163,0.048198760479021496,0.6767123341693434,0.7336208143982954,0.05690848022895201,-0.07245255373104585,0.02629601932148839,0.028565260100456458,nan,nan
522,160,65393,backward,e,-,92,92.0,0.0,0.4664035505970602,0.004177765978691011,0.4599057994250626,0.4730543490326651,0.013148549607602478,0.45843384217085015,0.4748668516002411,0.016433009429390966,0.04168718659994487,0.007367574911555028,0.008295164785149078,nan,nan
522,161,63370,backward,e,-,125,125.0,0.0,0.7320577370513134,0.016622929084073458,0.7039741922602195,0.7521982010332615,0.048224008773042004,0.6991480166484326,0.756270905810277,0.05712288916184438,-0.1107831435770254,0.025978494510991434,0.03040292827877744,nan,nan
522,162,63762,backward,e,-,53,53.0,0.0,0.6855128589892,0.008499966080076837,0.6725679587633573,0.6982798640858907,0.025711905322533424,0.6690594983814246,0.7011149364552542,0.0320554380738296,-0.0028953590719458374,0.014495758186089525,0.017608942765270363,nan,nan
522,163,66810,backward,e,-,101,101.0,0.0,0.40185431116624964,0.0018945414026641948,0.3987495955270326,0.404663498898497,0.005913903371464413,0.39792038525601164,0.40514568908622767,0.007225303830216023,-0.03902852034802717,0.0031954342896912125,0.003993765210211331,nan,nan
522,164,64798,backward,e,-,61,61.0,0.0,0.7373004219708549,0.007011482426055804,0.7254888984050104,0.7475828996366389,0.022094001231628524,0.7237880644549026,0.750205690387398,0.026417625932495414,-0.10620782067850042,0.012412996262803566,0.014004629669691848,nan,nan
522,165,64468,backward,e,-,104,104.0,0.0,0.6997609195059977,0.008977680263233251,0.6840826804766732,0.7138441492572027,0.029761468780529543,0.6777263418668392,0.7168418278817513,0.039115486014912104,-0.15039000996335997,0.01648029003431007,0.022629315755434032,nan,nan
522,166,65946,backward,e,-,84,84.0,0.0,0.6752561202508127,0.008816730277325586,0.6611181769781398,0.6896919739089262,0.028573796930786433,0.6560962845546816,0.6948287390020716,0.03873245444739004,0.019815870130455764,0.016498291215589357,0.020891180759104233,nan,nan
522,167,67738,backward,e,-,304,304.0,0.0,0.746148439168926,0.017654618550600822,0.7145384110251326,0.769408955355644,0.05487054433051142,0.7059748477241564,0.7748772379562178,0.06890239023206135,-0.23480603245927686,0.031212420636397946,0.03977598393737414,nan,nan
522,168,66448,backward,e,-,88,88.0,0.0,0.4098276759253773,0.0026501119732002818,0.4056063879026766,0.4137740698656804,0.00816768196300377,0.404898570915887,0.4142310539949952,0.009332483079108223,-0.048711835184084944,0.00434615759177348,0.004710917741569176,nan,nan
522,169,66474,backward,e,-,76,76.0,0.0,0.4410628926845507,0.0038060566750247496,0.4355240696075099,0.4471286741978474,0.01160460459033752,0.43502385781633574,0.44826303131012646,0.013239173493790724,0.0771847897134578,0.0061535982160089014,0.007085011784051021,nan,nan
522,170,69498,backward,e,-,67,67.0,0.0,0.4777121689089887,0.0032237156559075664,0.47252649080182824,0.4828928145598255,0.010366323757997287,0.47088665588261885,0.4836101020090787,0.01272344612645987,-0.036342781929061506,0.005639126108454345,0.007036553014567404,nan,nan
522,171,67716,backward,e,-,98,98.0,0.0,0.7759258257938184,0.005449361285460748,0.7673685480790442,0.7841936005207026,0.01682505244165844,0.7656356087040084,0.7860517686482851,0.0204161599442767,-0.022816504796114394,0.009239075657071182,0.010647678324816945,nan,nan
522,172,66464,backward,e,-,74,74.0,0.0,0.4290045639555637,0.003273546474187117,0.42386013994172794,0.4339315858647496,0.010071445923021671,0.42327211172339535,0.4345402714595892,0.011268159736193828,-0.028913805612347077,0.005367420399004027,0.005638314965302649,nan,nan
522,173,68575,backward,e,-,63,63.0,0.0,0.6429570379540653,0.010832876338786542,0.6264230086146136,0.659270448948397,0.032847440333783395,0.6216371596372734,0.6620165858762219,0.040379426238948524,-0.01121252850778577,0.018218202436691387,0.02131987831679194,nan,nan
522,174,66296,backward,e,-,182,182.0,0.0,0.6960345165647946,0.014378954134079835,0.6723363200740865,0.7187208654786895,0.04638454540460302,0.6661798246826609,0.7237375703180039,0.057557745635342994,-0.04150176139212,0.025520853889341003,0.029058810555299908,nan,nan
522,175,68567,backward,e,-,81,81.0,0.0,0.6502639880775266,0.008868817167690982,0.6367273548386149,0.6652488394100786,0.02852148457146375,0.6337979609456897,0.6701868024620957,0.03638884151640598,0.13877432788096578,0.016027678834690917,0.01850844645362415,nan,nan
522,176,70594,backward,e,-,152,152.0,0.0,0.4184601947767138,0.0023752371356638444,0.4147996901323441,0.42238620289103784,0.007586512758693764,0.41322747064493426,0.4232943757729864,0.01006690512805214,0.01200552303135759,0.004389793369463923,0.005962012856873755,nan,nan
522,177,70637,backward,e,-,112,112.0,0.0,0.4710673019335624,0.004190609387175433,0.4641304688529192,0.4770786519468837,0.012948183093964505,0.4622051774915813,0.47855627631787434,0.016351098826293042,-0.11633606467019723,0.007316532404562999,0.009086140506648355,nan,nan
522,178,68213,backward,e,-,55,55.0,0.0,0.6277757065567661,0.00565672207362349,0.6188255151139438,0.6359373541638217,0.017111839049877897,0.6174348438898892,0.6376849200406176,0.02025007615072838,-0.049872524685004735,0.009998437598375475,0.01138910882243005,nan,nan
522,179,71873,backward,e,-,220,220.0,0.0,0.8168640195881104,0.0063970766146667175,0.8059294181278482,0.8263415332302825,0.020412115102434236,0.8030959476211157,0.8304994573974904,0.027403509776374735,-0.04563433592515134,0.011518932902441641,0.014359374837111138,nan,nan
522,180,72670,backward,e,-,184,184.0,0.0,0.7806339564662491,0.008487831066761592,0.7650447212827645,0.7915830855540159,0.026538364271251447,0.7619456283034993,0.7951060149974387,0.03316038669393939,-0.270993548802285,0.015659929977466024,0.018759022956731153,nan,nan
522,181,71904,backward,e,-,217,217.0,0.0,0.7697443569131531,0.009237672490603258,0.7536216438576007,0.7828349024350972,0.02921325857749657,0.7481083644416281,0.7869221645154925,0.03881380007386437,-0.2013337254114379,0.017339383718260024,0.02285266313423262,nan,nan
522,182,72029,backward,e,-,75,75.0,0.0,0.6229111557790089,0.01311348602263781,0.6024654745829706,0.6430661152731509,0.04060064069018032,0.5997372119898674,0.6454633061485204,0.04572609415865303,-0.010272075681241494,0.02301945011092029,0.025416640986289818,nan,nan
522,183,74978,backward,e,-,157,157.0,0.0,0.8284754841135921,0.007059418990719521,0.8155256241456602,0.8385955838998893,0.023069959754229097,0.8119102455214157,0.8414971032927918,0.02958685777137615,-0.17236852576779155,0.013031997436079011,0.016647376060323515,nan,nan
522,184,70005,backward,e,-,224,224.0,0.0,0.7447078370357461,0.011468848793120517,0.7239346268607745,0.7594125245787993,0.03547789771802479,0.715475663818222,0.7620276353554495,0.046551971537227455,-0.350052644728121,0.019715393896215582,0.02817435693876802,nan,nan
522,185,70467,backward,e,-,133,133.0,0.0,0.6477719396198923,0.013802523245264084,0.6256147801205786,0.66867232505936,0.043057544938781445,0.6188650486287074,0.6746510909266941,0.05578604229798667,-0.06844937504396398,0.0240737421186012,0.02890689099118493,nan,nan
522,186,69107,backward,e,-,54,54.0,0.0,0.4609736555524686,0.002684091380122741,0.4566743820047974,0.4649146651058962,0.008240283101098811,0.4555481408287051,0.46550757151543765,0.009959430686732551,-0.0938743041443773,0.004503721365884424,0.005515356328344712,nan,nan
522,187,70647,backward,e,-,59,59.0,0.0,0.48369849010024574,0.0021424173720297093,0.47973835956509464,0.48639235534989483,0.006653995784800193,0.47948174907623103,0.4869513158176026,0.007469566741371558,-0.25175699101794985,0.00396013053515109,0.004216741024014703,nan,nan
522,188,70270,backward,e,-,54,54.0,0.0,0.49176644714107887,0.0015158816151033436,0.4891993117345725,0.493912624817287,0.004713313082714499,0.4890780779349083,0.4941413704049757,0.005063292470067371,-0.11934279619720317,0.0025925161876100885,0.00271374998727425,nan,nan
522,189,69637,backward,e,-,263,263.0,0.0,0.7296233096971083,0.017117988006714414,0.6992999819716094,0.7530721046729564,0.053772122701347014,0.6857876925431396,0.7572476669521251,0.07145997440898544,-0.3069706120535846,0.029531913251979826,0.043044202680449506,nan,nan
522,190,69469,backward,e,-,90,90.0,0.0,0.44193726453885207,0.004212722156236599,0.4353162159947656,0.44840176800499953,0.013085552010233925,0.43460917765302165,0.44927138704361697,0.014662209390595315,-0.008641950717060505,0.006998507112820392,0.0075595204625171775,nan,nan
522,191,71008,backward,e,-,126,126.0,0.0,0.4547118886873895,0.0035085605475329903,0.4490026835741937,0.45969447885751646,0.010691795283322758,0.44757894664764797,0.4604250119485588,0.012846065300910814,-0.1111051648457846,0.005826829384849963,0.007250566311395701,nan,nan
522,192,74929,backward,e,-,57,57.0,0.0,0.5052734985238319,0.0009541830425370956,0.5032165736421577,0.5064398478597137,0.0032232742175560825,0.5031452635743482,0.5066136212991401,0.003468357724791926,-0.5099171914778085,0.0024997641601742114,0.0025710742279836385,nan,nan
522,193,68168,backward,e,-,74,74.0,0.0,0.6788029813280829,0.011892730401879803,0.6611748339098047,0.6980658297119845,0.036890995802179805,0.6566342897472829,0.7024590550729838,0.0458247653257009,0.0663494332692761,0.020856163325767656,0.024049327665630837,nan,nan
522,194,72414,backward,e,-,70,70.0,0.0,0.6248730486624259,0.011139890946785892,0.6062397826201168,0.6401526418727727,0.03391285925265586,0.6035613907919999,0.6431323166654104,0.03957092587341049,-0.1350447339423364,0.018789327867390803,0.02176900266002857,nan,nan
522,195,71369,backward,e,-,170,170.0,0.0,0.4289851515096375,0.003417309533100261,0.4235685132611106,0.43422182563393313,0.010653312372822521,0.42262673273914725,0.43503344448011827,0.012406711740971021,-0.026040685224362994,0.005667536385339136,0.006428902498560651,nan,nan
522,196,73817,backward,e,-,118,118.0,0.0,0.8107534557199255,0.00566998135459981,0.8008677096647269,0.8184536036076039,0.017585893942877018,0.7986664989628852,0.8200528650435921,0.021386366080706876,-0.1563101543459166,0.009900713771485596,0.012101924473327252,nan,nan
522,197,81346,backward,e,-,213,213.0,0.0,0.8145719236886153,0.0073882762569555385,0.7984448555059717,0.8217291974555293,0.02328434194955764,0.7950135474528912,0.8230804381946435,0.02806689074175228,-0.6814029257498166,0.01609978552651605,0.01953109357959648,nan,nan
522,198,69688,backward,e,-,54,54.0,0.0,0.6687615123372409,0.011082497937147696,0.6516636368237521,0.6869878194995732,0.03532418267582116,0.6471617656209695,0.6901154033656441,0.042953637744674644,0.06580358526618582,0.020227008432586378,0.022886703337532732,nan,nan
522,199,70970,backward,e,-,90,90.0,0.0,0.4089177281705703,0.002814461700727981,0.40421243322205574,0.41307724057417056,0.008864807352114812,0.4030436931513315,0.41408005928558295,0.011036366134251463,-0.09621694393555386,0.005098957953684563,0.0062676980244087965,nan,nan
522,200,75710,backward,e,-,53,53.0,0.0,0.49697629732511944,0.0006723889280931724,0.4955883991224424,0.49791417645756497,0.0023257773351225697,0.49550982541147226,0.49817076435596497,0.002660938944492708,-0.2924432342897578,0.0016397058645214347,0.001718279575491588,nan,nan
522,201,73174,backward,e,-,75,75.0,0.0,0.6360691100524395,0.013624321400037899,0.6152519149071696,0.656636744402614,0.04138482949544442,0.6110640919142724,0.661228268327183,0.0501641764129106,-0.0062746664797286135,0.02268739620196487,0.025785689393836853,nan,nan
522,202,74484,backward,e,-,205,205.0,0.0,0.4414983261905317,0.004051479780361168,0.43541225923784893,0.4479910003459125,0.012578741108063562,0.4334659000047396,0.449078987259759,0.015613087255019364,0.022542538507447345,0.006846987663145476,0.008761431807696507,nan,nan
522,203,75295,backward,e,-,113,113.0,0.0,0.4738825323697464,0.004041796818901642,0.4664674413616518,0.47876753045552267,0.01230008909387087,0.464950179259343,0.47912384720641404,0.014173667947071034,-0.29115274970476074,0.007090919811417627,0.00860818191372642,nan,nan
522,204,74995,backward,e,-,108,108.0,0.0,0.8024829568090747,0.004721479322795655,0.7942298402613066,0.8090706660238871,0.0148408257625805,0.7919159965742836,0.8113845006026358,0.019468504028352207,-0.2060664185262641,0.008430059612235195,0.0104757561478791,nan,nan
522,205,75394,backward,e,-,113,113.0,0.0,0.7971148219885174,0.0048274899390403254,0.7885862652662093,0.8036392142258562,0.015052948959646817,0.7861829611229348,0.8059014186225923,0.019718457499657505,-0.22070716318470132,0.008812350413211822,0.01093186086558251,nan,nan
522,206,78088,backward,e,-,62,62.0,0.0,0.5039714065993834,0.0006441001905817122,0.5031645142723591,0.5052162863854903,0.002051772113131234,0.5031368696025597,0.5054224915929015,0.0022856219903418795,0.37451357839333876,0.0015473389497214106,0.0015749836195207978,nan,nan
522,207,74751,backward,e,-,58,58.0,0.0,0.618676124044795,0.010580084527514067,0.6016421108429686,0.6343989482963374,0.03275683745336877,0.5991954806019446,0.6379864740228358,0.03879099342089121,-0.050986116016727374,0.017670736906126815,0.02022151242185488,nan,nan
522,208,75684,backward,e,-,143,143.0,0.0,0.46566109670161127,0.0029864454273787508,0.4608659246461097,0.4701510682860908,0.00928514363998112,0.4598940590564651,0.47086800766520587,0.010973948608740791,-0.06895561626612796,0.005005333258394834,0.00596994835229353,nan,nan
522,209,77286,backward,e,-,80,80.0,0.0,0.49249240637125924,0.0013864776344810657,0.48971236163081094,0.49424685750042624,0.004534495869615296,0.4893532867265532,0.4945888281898961,0.005235541463342874,-0.38471833342811473,0.002892218679761438,0.003251293584019155,nan,nan
522,210,75792,backward,e,-,97,97.0,0.0,0.7919646468553254,0.004172883396352995,0.7849066147805843,0.7981791706702765,0.013272555889692228,0.7822748866804629,0.7997057320266057,0.01743084534614281,-0.1940776912435969,0.007406985880416037,0.00959430580393239,nan,nan
522,211,75431,backward,e,-,122,122.0,0.0,0.7459433483822999,0.008330495709325994,0.7305469571299299,0.7568304163611761,0.026283459231246198,0.7256603044941571,0.7595105870950702,0.03385028260091316,-0.3483400467654148,0.014517897845475934,0.018886811246135893,nan,nan
522,212,74738,backward,e,-,52,52.0,0.0,0.6291756861890031,0.013280169916986098,0.6081241055092075,0.6482975226449053,0.040173417135697775,0.6033028160007455,0.6517255389604167,0.048422722959671205,-0.08447625468567409,0.023443658987641516,0.028264948496103504,nan,nan
522,213,76879,backward,e,-,70,70.0,0.0,0.48080274541924806,0.0017740291648035223,0.4778176586477789,0.4833219444377339,0.005504285789954988,0.4763782717910632,0.48395167237068515,0.0075734005796219694,-0.2753400674511796,0.0033152006855515386,0.004754587542267263,nan,nan
522,214,83339,backward,e,-,121,121.0,0.0,0.8415703793298576,0.0054515329786380086,0.8308988309189943,0.8486069838239004,0.017708152904906127,0.8268583306910178,0.8499362315228569,0.023077900831839138,-0.4685619643511049,0.010805200587017949,0.014845700814994478,nan,nan
522,215,76462,backward,e,-,129,129.0,0.0,0.4529382938776544,0.0026080717850146522,0.44911842688303544,0.45711459519039244,0.007996168307356999,0.44735527177244117,0.4579771689508493,0.010621897178408113,0.009576159016898594,0.004499801530947711,0.005688211716103231,nan,nan
522,216,76343,backward,e,-,68,68.0,0.0,0.5987404075308175,0.00754690443866421,0.5864228323012102,0.6096302638009542,0.023207431499744025,0.5848157742413005,0.6110033666092336,0.02618759236793311,-0.09725722273395065,0.01282305006735327,0.014430108127262975,nan,nan
522,217,74850,backward,e,-,53,53.0,0.0,0.41056425275978514,0.003558909160764667,0.4056728475593856,0.41651495842333985,0.010842110863954257,0.40471146397537167,0.41752516995116024,0.01281370597578857,0.11091874610137104,0.0060020184898579845,0.006594512656872831,nan,nan
522,218,79912,backward,e,-,99,99.0,0.0,0.6007253576274524,0.01570662924028041,0.5757433917786954,0.6241642729938274,0.048420881215131995,0.5725441982618836,0.6293239168275894,0.05677971856570574,-0.06128283830525667,0.02646195000174989,0.028952194983901447,nan,nan
522,219,76043,backward,e,-,90,90.0,0.0,0.4254895712330478,0.0034142787243326175,0.42024306565343594,0.4311116893028199,0.010868623649383957,0.4186879570944892,0.4322951784540528,0.013607221359563604,0.02880126942679387,0.006210466973411241,0.007007732771737107,nan,nan
522,220,80077,backward,e,-,76,76.0,0.0,0.49917920571895863,0.0009562773690252224,0.4977549937330187,0.5007807410518579,0.0030257473188392003,0.496678344995017,0.5010271454020069,0.004348800406989872,-0.13788863885329736,0.0018308958701655081,0.0029075446081671674,nan,nan
522,221,86199,backward,e,-,237,237.0,0.0,0.7818919602336545,0.005723270821708635,0.7690465902803046,0.7872387692589825,0.018192178978677864,0.7640231949833689,0.7887295119986849,0.024706317015316004,-0.8031353449338817,0.012563487681007074,0.017586882977942864,nan,nan
522,222,80174,backward,e,-,132,132.0,0.0,0.7696999266127995,0.004576526035690423,0.761847878378276,0.7760637497984343,0.014215871420158233,0.7600407320205673,0.7772884820021195,0.017247749981552207,-0.20377907721059474,0.00808276098048733,0.009889907338196058,nan,nan
522,223,83275,backward,e,-,65,65.0,0.0,0.4846669507265292,0.0009161078717889062,0.4829958107722227,0.4859590662407587,0.0029632554685359858,0.48253618697450934,0.4862171067367166,0.0036809197622072465,-0.3768780057943416,0.0020652796089092647,0.0025249034066226472,nan,nan
522,224,83256,backward,e,-,297,297.0,0.0,0.4622670655612621,0.004458078270917838,0.45528822337857217,0.4698342943911889,0.014546071012616735,0.45136649106522625,0.4720831830524101,0.020716691987183844,0.0355632761087398,0.00810143483736878,0.01180654638972134,nan,nan
522,225,81258,backward,e,-,71,71.0,0.0,0.4753120104411664,0.0020206830899598288,0.4715603641503612,0.4778284895229841,0.006268125372622946,0.4710878946603888,0.4783851280239337,0.007297233363544875,-0.2628373371542139,0.004220372392769234,0.004692841882741605,nan,nan
522,226,78827,backward,e,-,93,93.0,0.0,0.437278969283291,0.003941969191036364,0.4309314272621378,0.44358669949189655,0.012655272229758763,0.4287708917151415,0.4457735724856253,0.017002680770483836,-0.0032391587012755825,0.0069526533177971086,0.008871649117134839,nan,nan
522,227,83935,backward,e,-,81,81.0,0.0,0.5904900465827627,0.01362463805123037,0.5712485430529144,0.6126136860256658,0.0413651429727514,0.5687405519667923,0.6170362868367703,0.04829573486997796,0.12474102528675057,0.022891602037651948,0.027314202848756408,nan,nan
522,228,82985,backward,e,-,157,157.0,0.0,0.7655863477084588,0.005029785578144418,0.7567999037577239,0.7724463630572597,0.015646459299535787,0.7528687995456511,0.7745040730703,0.02163527352464889,-0.24923005432173104,0.008946045220890484,0.012877149432963253,nan,nan
522,229,90600,backward,e,-,108,108.0,0.0,0.8495916795558978,0.004104255674584208,0.8411170287043691,0.8538948603775756,0.012777831673206452,0.8383587152967923,0.8547600811255672,0.01640136582877494,-0.5697908810476496,0.009066776609371795,0.011825090016948647,nan,nan
522,230,84985,backward,e,-,173,173.0,0.0,0.787530098264651,0.003922331472664611,0.7792840493876797,0.7921113421183453,0.01282729273066563,0.7755261080689064,0.7930917728196158,0.01756566475070942,-0.716830534341057,0.007807548357003616,0.011565489675776863,nan,nan
522,231,79611,backward,e,-,51,51.0,0.0,0.4214798680579504,0.003420383181550624,0.4163125157545962,0.4270879352141286,0.010775419459532365,0.41538440613989913,0.4284188219193991,0.013034415779499986,0.11146602380383193,0.006155956939150109,0.006517540691223178,nan,nan
522,232,85006,backward,e,-,83,83.0,0.0,0.7552751893905023,0.004100571016721583,0.7480716815324021,0.7612044315690558,0.013132750036653706,0.7457496558685495,0.7624513721861378,0.016701716317588322,-0.282893991303668,0.007828895855471694,0.010150921519324285,nan,nan
522,233,93015,backward,e,-,78,78.0,0.0,0.8569477416109684,0.003994979466541138,0.8470702862625387,0.8594452787471217,0.01237499248458307,0.8459058091328256,0.8598376401626954,0.013931831029869723,-0.8582521268990266,0.00922639241847522,0.010390869548188242,nan,nan
522,234,91002,backward,e,-,87,87.0,0.0,0.8536792265040497,0.0038809600746645924,0.8453208264065591,0.8571070037667268,0.011786177360167627,0.8436175337573513,0.8576429609334066,0.014025427176055372,-0.6414947003465982,0.0076573148096862114,0.00936060745889411,nan,nan
522,235,80834,backward,e,-,71,71.0,0.0,0.448320808582918,0.003242273304676735,0.44280049333969285,0.453364910039092,0.01056441669939917,0.4410643917954936,0.45456610281605353,0.013501711020559914,-0.1213694548628625,0.005967393717133895,0.007303851574267051,nan,nan
522,236,84069,backward,e,-,81,81.0,0.0,0.47325577976128863,0.0017699268132682813,0.4702284657741303,0.4757802418380225,0.005551776063892178,0.46907068397839097,0.47649055527459183,0.007419871296200864,-0.19183527920256443,0.003565635321329863,0.004723417117069195,nan,nan
522,237,88993,backward,e,-,234,234.0,0.0,0.8360379029316116,0.003931415990201262,0.8289919362367281,0.8418766273165997,0.012884691079871669,0.8264366390867056,0.8431116949148719,0.016675055828166307,-0.24705515557215627,0.007090080796064018,0.009399508708883952,nan,nan
522,238,86978,backward,e,-,150,150.0,0.0,0.8278371990911912,0.003007487921074557,0.8225566639463627,0.8324666109091732,0.009909946962810445,0.8208615470550904,0.8336455939635533,0.01278404690846291,-0.14716714170854833,0.005449977886802798,0.007061895137272289,nan,nan
522,239,85566,backward,e,-,63,63.0,0.0,0.5725030024711115,0.007335578208430136,0.5611068815596618,0.5837704880140845,0.02266360645442267,0.5593359554328722,0.585348779694053,0.02601282426118079,-0.0030145968433813192,0.013002876829180264,0.014581168509148701,nan,nan
522,240,87788,backward,e,-,112,112.0,0.0,0.8231823816626672,0.002618851412706475,0.8185274075373248,0.8269695473044427,0.00844213976711794,0.8169199780453212,0.8276527448512947,0.01073276680597346,-0.27865064143511686,0.00458702783314087,0.006072493853354843,nan,nan
522,241,91438,backward,e,-,194,194.0,0.0,0.7968301734169032,0.0026838084840334554,0.7910865722555521,0.8001066883616331,0.009020116106081,0.787622073898872,0.8002327952457948,0.01261072134692287,-0.8485820790143263,0.006602597121548031,0.01006709547822815,nan,nan
522,242,89844,backward,e,-,201,201.0,0.0,0.7645234892194464,0.003971270165116261,0.7568984527574054,0.770175001044431,0.013276548287025625,0.7534204924115195,0.7721039134959806,0.018683421084461083,-0.39374067831467163,0.008302782533010755,0.011780742878896633,nan,nan
522,243,95842,backward,e,-,263,263.0,0.0,0.813796543153557,0.0024307323517655517,0.809103151889409,0.8174387057085358,0.008335553819126873,0.8066703383775164,0.8182587041415288,0.011588365764012343,-0.3561560694118076,0.006165212741614295,0.008598026253506807,nan,nan
522,244,83229,backward,e,-,56,56.0,0.0,0.43292983182003,0.004949016918842053,0.4244901396420903,0.4395932275693544,0.015103087927264058,0.4227609684105172,0.44034994219933893,0.017588973788821738,-0.20782741300615795,0.008106355727458117,0.00960087056484582,nan,nan
522,245,95443,backward,e,-,244,244.0,0.0,0.8081466413421348,0.0022841625396504335,0.8042059446998094,0.8116163267745201,0.007410382074710675,0.801206421638373,0.8122767884085695,0.011070366770196571,-0.3144536642842536,0.005089995611501435,0.008089518672937945,nan,nan
522,246,93446,backward,e,-,224,224.0,0.0,0.8024561422905798,0.002195435428291415,0.7981963241663952,0.8057791562404379,0.007582832074042756,0.7958387285959808,0.8061887813252084,0.010350052729227621,-0.355045244583121,0.00519333093275224,0.007550926503166577,nan,nan
522,247,86776,backward,e,-,53,53.0,0.0,0.57066617365475,0.012136349393001006,0.5488824651925784,0.5860514588282806,0.03716899363570214,0.5463642727051269,0.5882765116183961,0.04191223891326923,-0.2732486946866288,0.022542849388840856,0.025061041876292434,nan,nan
522,248,83640,backward,e,-,54,54.0,0.0,0.4445022270915937,0.003982834942384418,0.43750986224378785,0.4503107322178389,0.012800869974051055,0.43458572604973794,0.45206245217554897,0.017476726125811026,-0.22585811233540412,0.007461548452136297,0.00876979336449174,nan,nan
522,249,88110,backward,e,-,61,61.0,0.0,0.47850131110406297,0.0015293990818208143,0.47547301108953166,0.48031328876786583,0.0048402776783341706,0.475027375181253,0.4805854112781099,0.0055580360968569,-0.42477378767262297,0.0031432477019081584,0.0035888836101868327,nan,nan
522,250,95422,backward,e,-,109,109.0,0.0,0.8456352734360331,0.0030324940958673307,0.8396966036396195,0.8490424509289225,0.009345847289302989,0.8376844780197398,0.8495636252915636,0.01187914727182382,-0.47914571768495323,0.006355814134492376,0.008367939754372111,nan,nan
522,251,87679,backward,e,-,90,90.0,0.0,0.45022689262749527,0.004784539030533069,0.441690477394349,0.4566379151021138,0.014947437707764799,0.4404030523257911,0.4574150131167102,0.0170119607909191,-0.22517101197045525,0.008154171255240726,0.009441596323798651,nan,nan
522,252,89293,backward,e,-,95,95.0,0.0,0.446311881640409,0.004515675691344199,0.4364469251074214,0.45041906087638545,0.013972135768964056,0.4339983713589979,0.4512536167129538,0.017255245353955895,-0.7335755477681719,0.009769465728634684,0.012218019477058195,nan,nan
522,253,96263,backward,e,-,261,261.0,0.0,0.7775348383107467,0.002826522657331729,0.7729312074052538,0.7821073947453515,0.00917618734009773,0.7709974912556546,0.7829927112240026,0.011995219968347959,-0.012944428374698759,0.005278698846806207,0.0072124149964053474,nan,nan
522,254,90117,backward,e,-,145,145.0,0.0,0.46661631476227455,0.004166898847763063,0.4595532149801461,0.4725855905173962,0.013032375537250063,0.4569510218416388,0.4736427668815132,0.01669174503987436,-0.22853680736695922,0.007412421088183529,0.008529228328979677,nan,nan
522,255,91347,backward,e,-,55,55.0,0.0,0.48408353825191985,0.002046435522352415,0.48030590886292834,0.48698078767045205,0.00667487880752371,0.4793077049906323,0.4875704746361749,0.008262769645542622,-0.30589459300542804,0.003938263388411117,0.004936467260707178,nan,nan
522,256,99061,backward,e,-,53,53.0,0.0,0.7390982462803746,0.0019051597735223,0.7345892471896924,0.7404120908516175,0.005822843661925092,0.733160567876202,0.7407383160790287,0.007577748202826751,-0.9677284017822019,0.004114573426971634,0.005543252740462079,nan,nan
522,257,97245,backward,e,-,79,79.0,0.0,0.5471743794126435,0.013924382524470239,0.5272994463294669,0.5698351628484388,0.04253571651897192,0.5244192976644007,0.5723181205257043,0.04789882286130365,0.07843322111951873,0.02277773726193677,0.024393668173970928,nan,nan
522,258,94534,backward,e,-,67,67.0,0.0,0.45165619033980564,0.0017557695320404617,0.44834898433377657,0.4541411259570047,0.005792141623228109,0.44782900658299535,0.45463818218925917,0.006809175606263818,-0.29639114503156233,0.00455616899192055,0.0050761467427017926,nan,nan
522,259,100594,backward,e,-,214,214.0,0.0,0.791113768742191,0.002761458337879712,0.7859931189441952,0.7951551319370606,0.009162012992865343,0.7850591250001587,0.7952367442889157,0.010177619288756934,-0.3077501354123225,0.005823278125522702,0.006757272069559228,nan,nan
522,260,89153,backward,e,-,54,54.0,0.0,0.6165246289914568,0.0038443790508641404,0.6118071922849003,0.6235515694588254,0.011744377173925069,0.6106633635659483,0.6251745064157974,0.014511142849849112,0.33349003268650057,0.006670995848388871,0.0077110959302660875,nan,nan
522,261,93347,backward,e,-,50,50.0,0.0,0.4709963421160406,0.002089335227457353,0.46830875252884385,0.474727127607226,0.006418375078382166,0.46748364770391093,0.47555507773578287,0.00807143003187194,0.25292126321427577,0.003681910042636529,0.004209460219202488,nan,nan
522,262,91158,backward,e,-,50,50.0,0.0,0.6308078040248335,0.0021911060497143363,0.6271500015682853,0.6342745139958946,0.007124512427609364,0.6262050183482157,0.6348299396041907,0.008624921255974916,-0.11334621441556227,0.004158880052626933,0.005103863272696407,nan,nan
522,263,94858,backward,e,-,59,59.0,0.0,0.5457677360112282,0.0075933212675070106,0.53451809359383,0.5578841808736978,0.023366087279867886,0.5330909485531372,0.5591287230211969,0.02603777446805966,0.022056158445590637,0.012614918429500988,0.013360987009968683,nan,nan
522,264,98040,backward,e,-,75,75.0,0.0,0.5490877647146712,0.011852718599490554,0.5304952324272305,0.5668418492833437,0.03634661685611318,0.5268241584711834,0.5692763878371139,0.042452229365930516,-0.08611476009627113,0.019984364754713668,0.021896812338480287,nan,nan
522,265,96139,backward,e,-,170,170.0,0.0,0.46116547788782625,0.004211152892609914,0.45316394376970387,0.467049545514415,0.013885601744711151,0.45094307176854326,0.4684520999756801,0.017509028207136845,-0.3386368314335984,0.007811113755538407,0.00933337330750672,nan,nan
522,266,99440,backward,e,-,76,76.0,0.0,0.7617157559120449,0.0009986075114712242,0.760250440240243,0.7633682908297222,0.0031178505894792208,0.759747687499437,0.763672296069086,0.003924608569649046,0.07015020477858652,0.0018633907381798709,0.0023661434789858937,nan,nan
522,267,107040,backward,e,-,103,103.0,0.0,0.8452290386096942,0.001467910442243896,0.8430602959088095,0.8477915039301895,0.004731208021380051,0.8420486512317775,0.8485384227447441,0.006489771512966591,0.05493408957907433,0.00292698251715303,0.003938627194185029,nan,nan
522,268,108496,backward,e,-,93,93.0,0.0,0.8498661966457025,0.0015766858788773094,0.8467620693939897,0.8520121540893729,0.005250084695383239,0.84621287089634,0.8523874903730683,0.00617461947672826,-0.40032131854333564,0.0037590148524887725,0.0043082133501384234,nan,nan
522,269,104081,backward,e,-,238,238.0,0.0,0.7689968978434305,0.0030133338720832762,0.7638729731972371,0.7732540671050855,0.009381093907848359,0.76259348949571,0.7738938844248608,0.011300394929150803,-0.16830723928559663,0.00559066880107336,0.0068701525026004795,nan,nan
522,270,105932,backward,e,-,228,228.0,0.0,0.8305454325438506,0.002765245815595039,0.8260726860086275,0.8351084722076167,0.00903578619898926,0.8238479520772863,0.8363207256396149,0.012472773562328565,-0.035112391558014606,0.005230268626987561,0.0074550025583287605,nan,nan
522,271,98764,backward,e,-,78,78.0,0.0,0.6148374252485251,0.0028074855978658894,0.6104574755963531,0.6190873375620227,0.008629861965669616,0.6098613101169772,0.6200512963005629,0.010189986183585686,0.007402167876037076,0.004784111569992332,0.005227931661351937,nan,nan
522,272,110635,backward,e,-,198,198.0,0.0,0.8167146431497003,0.004569348750122009,0.807684200461774,0.8218856519457995,0.014201451484025518,0.8048835619676263,0.8228527975515099,0.017969235583883525,-0.4703916071509837,0.008889544390266919,0.01169018288441459,nan,nan
522,273,111650,backward,e,-,210,210.0,0.0,0.8216820961402256,0.004259369968646291,0.8130501018165461,0.8265009819864315,0.013450880169885382,0.8100784945585391,0.827561152470015,0.017482657911475963,-0.5250521247341601,0.008487179225766164,0.011458786483773187,nan,nan
522,274,99562,backward,e,-,56,56.0,0.0,0.60394681476061,0.003533113919683097,0.5979680441155659,0.6086672925304154,0.010699248414849483,0.5963593240787496,0.609527217243404,0.013167893164654387,-0.19041610466611855,0.005851475464611983,0.007193109612607218,nan,nan
522,275,111641,backward,e,-,246,246.0,0.0,0.8376483337960043,0.0027752527649172864,0.8335374324052174,0.8424202293940573,0.00888279698883987,0.8315399544244252,0.8440470415529984,0.01250708712857318,0.1007943817894238,0.005436669436446523,0.00743414741723869,nan,nan
522,276,100073,backward,e,-,78,78.0,0.0,0.4418652271631638,0.005240773486801081,0.43280488295177516,0.4493027590011016,0.016497876049326454,0.43096819696150535,0.4513732972178506,0.020405100256345232,-0.16421226503797087,0.009269918794602358,0.011102899993796711,nan,nan
522,277,109268,backward,e,-,116,116.0,0.0,0.7539899119158322,0.0035060827342009646,0.7477856616311236,0.7585471419103416,0.010761480279217972,0.7465718911157839,0.7592433896941727,0.012671498578388785,-0.2334309552813615,0.006552564195803162,0.007766334711142853,nan,nan
522,278,102286,backward,e,-,82,82.0,0.0,0.6053401514208416,0.002634600244030031,0.6011597904726388,0.6093616885561384,0.008201898083499581,0.6001980809667457,0.6098430843165614,0.009645003349815773,-0.050896117166454646,0.0045713608905976096,0.005533070396490758,nan,nan
522,279,112377,backward,e,-,56,56.0,0.0,0.7147539908893694,0.0076559451525841996,0.7020091102380482,0.725963552469319,0.023954442231270745,0.699647526214396,0.7282596248202294,0.02861209860583347,-0.07661417374167961,0.013704463654834798,0.016066047678487072,nan,nan
522,280,109609,backward,e,-,187,187.0,0.0,0.7782082337230835,0.004202118941518436,0.7712795424379115,0.7843158771237468,0.013036334685835316,0.7686511065989401,0.7851912081592305,0.0165401015602904,-0.07732669524975909,0.006957935106099466,0.009584619547773343,nan,nan
522,281,111968,backward,e,-,79,79.0,0.0,0.8520075752910201,0.002543356386254648,0.8465094365765823,0.8543698991959261,0.007860462619343811,0.8456354471353034,0.8548601151145139,0.00922466797921051,-0.6546671663673235,0.005687276232631997,0.00656126567391091,nan,nan
522,282,104605,backward,e,-,54,54.0,0.0,0.5856614727639375,0.004903986487786261,0.5762251349242211,0.5917337600038958,0.015508625079674654,0.5748481842612853,0.5931264583634291,0.018278274102143888,-0.3834489189754184,0.008545363300694567,0.009891261386591688,nan,nan
522,283,106093,backward,e,-,53,53.0,0.0,0.601619574830163,0.005171169765525033,0.5932839662430448,0.6090562737993197,0.0157723075562749,0.5923101066560593,0.6100472283030509,0.017737121646991594,-0.09626489957914763,0.008545146080634858,0.008900703066873517,nan,nan
522,284,112328,backward,e,-,217,217.0,0.0,0.795670907495198,0.003647732584021984,0.7892389141960482,0.8016709300796817,0.012432015883633518,0.7872778429637057,0.8034382642535552,0.016160421289849514,-0.08554078505173666,0.006856899464574106,0.008531781640600866,nan,nan
522,285,106107,backward,e,-,88,88.0,0.0,0.5857836235799871,0.004154908374180689,0.5794293121879794,0.5923703267942766,0.012941014606297152,0.5777317804370932,0.5933282967720322,0.015596516334939081,-0.01894092757084023,0.007008505180788569,0.00815226573578276,nan,nan
522,286,115586,backward,e,-,304,304.0,0.0,0.7552149766106354,0.005407089618095424,0.7460041262521827,0.7630707027600536,0.017066576507870912,0.7449152623335051,0.7656536550003983,0.020738392666893146,-0.10007178240244181,0.009575905080914231,0.010543451839646,nan,nan
522,287,117019,backward,e,-,59,59.0,0.0,0.7142736400909763,0.011840484957504652,0.6941594073508238,0.7304373968177554,0.036277989466931615,0.6916559475165672,0.7322385552528446,0.04058260773627742,-0.17428299810727102,0.019222952995580363,0.02089821022808691,nan,nan
522,288,109691,backward,e,-,57,57.0,0.0,0.6558129352835887,0.0071817989531070305,0.6453144701351201,0.6670864065533608,0.02177193641824071,0.6437434869872412,0.6686666421384098,0.024923155151168608,0.05017356376598994,0.012150305688090989,0.013721288835969903,nan,nan
522,289,115814,backward,e,-,76,76.0,0.0,0.8535848171628472,0.0027107808606825832,0.8482957508297533,0.8566902248049635,0.008394473975210204,0.8474104511462388,0.8573540490953879,0.009943597949149119,-0.40426618359606603,0.0053108159214079464,0.006196115604922392,nan,nan
522,290,114958,backward,e,-,57,57.0,0.0,0.5046657086294919,0.011388719474958689,0.48620404335740597,0.5208827635729942,0.034678720215588266,0.48421180307004186,0.5229446097273985,0.03873280665735668,-0.07181017380050755,0.01841990048786126,0.020452876916968843,nan,nan
522,291,115594,backward,e,-,93,93.0,0.0,0.7417448410411162,0.005970966106653461,0.7307655726807676,0.7493609528719415,0.018595380191173905,0.7283295546831275,0.7506504854403684,0.022320930757240842,-0.2862058332709755,0.011199878822663127,0.013635896820303195,nan,nan
522,292,118341,backward,e,-,78,78.0,0.0,0.8548520123036383,0.003409946214887912,0.848279109931566,0.8585755381809947,0.01029642824942878,0.8474481676316356,0.8592816356694336,0.011833468037798056,-0.4022811898612495,0.006135681978570242,0.006966624278500699,nan,nan
522,293,118649,backward,e,-,197,197.0,0.0,0.7969184095888658,0.007259538570830876,0.7840241175754838,0.8062970089199449,0.022272891344461088,0.7797619881440632,0.8082030879108332,0.028441099766770006,-0.2809162053415022,0.012894292013382009,0.017156421444802672,nan,nan
522,294,114177,backward,e,-,173,173.0,0.0,0.7847210472879427,0.003790139650916268,0.77840118021592,0.7911185010211851,0.012717320805265109,0.7758703660274591,0.79288688087992,0.017016514852460918,-0.08584594571063991,0.007579821998039016,0.009396447872547675,nan,nan
522,295,111143,backward,e,-,59,59.0,0.0,0.5840260880671364,0.0045029964818688135,0.5771620068188472,0.5909398612967773,0.013777854477930118,0.5764014206238758,0.5918316503120256,0.015430229688149777,0.004371830048773117,0.007398842626729028,0.008290631641977297,nan,nan
522,296,116981,backward,e,-,155,155.0,0.0,0.7740626980722204,0.004757244821793588,0.7666464880436102,0.781692690548013,0.015046202504402806,0.7642768921265775,0.7842089622547237,0.01993207012814624,-0.0077834587407952455,0.008737511492444472,0.010514895622441234,nan,nan
522,297,111154,backward,e,-,70,70.0,0.0,0.5719365559717077,0.004258536321269203,0.5654535568205091,0.5784484702216254,0.012994913401116248,0.5640179179537138,0.5799258262854322,0.0159079083317184,0.015760244512855473,0.0070380615662065825,0.008128171228262704,nan,nan
522,298,119490,backward,e,-,191,191.0,0.0,0.802320356514598,0.006244547351872851,0.7915241063069614,0.8109438397867534,0.01941973347979209,0.7882911986908383,0.8130025238451265,0.0247113251542882,-0.20613272037750233,0.010829894925895978,0.013608534826153651,nan,nan
522,299,119797,backward,e,-,333,333.0,0.0,0.7599261054826439,0.007531482663142833,0.7447991164230735,0.7688577596672552,0.02405864324418172,0.7385872219189089,0.7713904893301803,0.032803267411271375,-0.5394927705657906,0.014225662319866194,0.02043755682403081,nan,nan
522,300,114063,backward,e,-,61,61.0,0.0,0.5690356026532863,0.004313556286536516,0.5620157952247036,0.5752512095344939,0.013235414309790361,0.561244437032087,0.5760295769473627,0.014785139915275636,-0.06955497839900965,0.007270843487283241,0.008049210900151982,nan,nan
522,301,120605,backward,e,-,109,109.0,0.0,0.8391589036579316,0.0037119082791025513,0.8326652354732675,0.8439589532534437,0.011293717780176182,0.8312363298385034,0.8444106983824873,0.013174368543983905,-0.25493461131129524,0.006154520422648745,0.007583426057412912,nan,nan
522,302,115680,backward,e,-,63,63.0,0.0,0.6219224027667691,0.007037051012016753,0.6110587237438341,0.6328759749360705,0.02181725119223643,0.6098242052160027,0.6341477701933543,0.024323564977351664,0.025276745568083316,0.011683954528812601,0.012225367426585199,nan,nan
522,303,115738,backward,e,-,75,75.0,0.0,0.5568261931598423,0.0045055373636183295,0.5501056140739454,0.5638680791233672,0.013762465049421801,0.5494159495879487,0.5648309083815298,0.015414958793581124,0.041751931353055466,0.007432004877373044,0.007740326770374506,nan,nan
522,304,118636,backward,e,-,108,108.0,0.0,0.8222986089501878,0.0032855341697975763,0.8166553861592692,0.8272870413223713,0.01063165516310205,0.8145376611685312,0.8286871296612411,0.014149468492709927,-0.1342816440192513,0.006078344029793707,0.0076918781658514845,nan,nan
522,305,121513,backward,e,-,149,149.0,0.0,0.7359071324193988,0.0067221720642396685,0.7252034799751061,0.745941372276902,0.0207378923017959,0.7233023939635074,0.7480133691347334,0.024710975171226,-0.03821387398538442,0.011014521413309629,0.012887045626289062,nan,nan
522,306,122033,backward,e,-,176,176.0,0.0,0.8275625176755119,0.0032279712965655074,0.822368304182905,0.8325195266601717,0.010151222477266741,0.8203302731538726,0.8333646966653672,0.01303442351149453,-0.09114367282205237,0.005692281846701147,0.007730312875733447,nan,nan
522,307,124894,backward,e,-,78,78.0,0.0,0.8396522641423483,0.004778970591724017,0.8307488632257662,0.8456012479428223,0.014852384717056077,0.8293437395369683,0.8460827715921339,0.01673903205516558,-0.31138619502850856,0.0077616701641430134,0.009166793852940947,nan,nan
522,308,126427,backward,e,-,54,54.0,0.0,0.6782232259958064,0.013736693488005651,0.6568992422787235,0.6997363016059948,0.04283705932727122,0.6546436483397823,0.7043842210441794,0.049740572704397135,0.05895756051044677,0.02451436140923177,0.029162280847416455,nan,nan
522,309,123246,backward,e,-,76,76.0,0.0,0.7000070926149979,0.009691935919823282,0.6854536477999533,0.7154486406736338,0.02999499287368046,0.683233140739167,0.7186830184880071,0.03544987774884012,0.05930684294150835,0.016494800171192453,0.017973602153998014,nan,nan
522,310,122340,backward,e,-,174,174.0,0.0,0.7833989976468769,0.005056625668533296,0.7746894970860202,0.7912280845417187,0.016538587455698472,0.7720328790800425,0.7940388692437149,0.02200599016367244,-0.1187739801346219,0.009556392655100887,0.011510872472075606,nan,nan
522,311,126101,backward,e,-,274,274.0,0.0,0.7343084167465747,0.00624494002632615,0.7244876085879353,0.743733196742856,0.019245588154920723,0.722873639772092,0.7456154500375374,0.022741810265445417,-0.03864958547965311,0.010226261300093067,0.011589080591125067,nan,nan
522,312,127875,backward,e,-,66,66.0,0.0,0.6766332867886853,0.013708630797099936,0.6574058881978364,0.6998506667347457,0.04244477853690931,0.65555157643114,0.7026468346559139,0.047095258224773895,0.18713176589665617,0.02450629716709954,0.027302465088267724,nan,nan
522,313,122137,backward,e,-,54,54.0,0.0,0.654559128562084,0.005583704651612638,0.6454542051395117,0.6624107189460701,0.016956513806558382,0.6438965959025272,0.6635955752320148,0.01969897932948761,-0.12511878045929087,0.009096164476364275,0.010241249534518881,nan,nan
522,314,124351,backward,e,-,125,125.0,0.0,0.7715464508046553,0.005022893782384517,0.7628550022246554,0.7793755027407724,0.016520500516116976,0.7593093335983092,0.7822242364038007,0.022914902805491466,-0.133741180219031,0.009644007968274249,0.012413457338916967,nan,nan
522,315,128076,backward,e,-,61,61.0,0.0,0.8375514248570073,0.0048559616123219,0.8298469019401538,0.8447488956965633,0.014901993756409548,0.8289227727497054,0.8452595125839367,0.01633673983423134,-0.060676127268764334,0.007708087726929436,0.008628652107301904,nan,nan
522,316,124622,backward,e,-,169,169.0,0.0,0.8036018909432414,0.004648103009454919,0.7959658524423681,0.8113309008942662,0.015365048451898122,0.7935054640241589,0.8136495807543465,0.020144116730187567,0.0069215771646153786,0.008747117480927956,0.010096426919082524,nan,nan
522,317,126422,backward,e,-,67,67.0,0.0,0.6843393100457152,0.01231871843487087,0.6612726321384929,0.6985793786625574,0.037306746524064516,0.658451703111478,0.699849402189111,0.04139769907763291,-0.3435700783467825,0.021343762980602317,0.024164692007617172,nan,nan
522,318,130158,backward,e,-,229,229.0,0.0,0.7555008390304412,0.01156939585832348,0.7348757550487177,0.7679756388952103,0.03309988384649254,0.7312679548453818,0.7723385956814043,0.04107064083602252,-0.17257231953393795,0.018001592025582935,0.02070943123385971,nan,nan
522,319,130116,backward,e,-,73,73.0,0.0,0.8389617393297659,0.00536159417767335,0.8301775501925753,0.8465209884004705,0.01634343820789519,0.8289989660823367,0.8474049071073433,0.01840594102500659,-0.14501651808793065,0.008743064004651921,0.009354528815812002,nan,nan
522,320,129256,backward,e,-,184,184.0,0.0,0.805440544056548,0.007570133315056489,0.7930191063580732,0.8161933652458402,0.02317425888776703,0.7896775983702656,0.8194382276064727,0.029760629236207037,-0.09273423128422172,0.012938996153199227,0.015917756509307157,nan,nan
522,321,130414,backward,e,-,84,84.0,0.0,0.8266527673159401,0.0033899049372129965,0.8210598606982309,0.8315482775587135,0.01048841686048263,0.8196472322877024,0.8329873503943223,0.013340118106619836,-0.09799587672971584,0.006077342420969021,0.007212968422440014,nan,nan
522,322,129580,backward,e,-,258,258.0,0.0,0.7420392801941749,0.00852082187237008,0.7295114349540339,0.756319481833911,0.026808046879877034,0.7260293574273735,0.7607616718039595,0.03473231437658597,0.1185199191041513,0.015087628116334366,0.017824518986253368,nan,nan
522,323,129834,backward,e,-,152,152.0,0.0,0.8160891886141723,0.0035953042530048928,0.8103252505200536,0.8215213361863276,0.011196085666274058,0.8086143698720327,0.8225796210693457,0.013965251197312956,-0.04315694965660318,0.0062537232519146975,0.007964603899935474,nan,nan
522,324,134590,backward,e,-,334,334.0,0.0,0.7000445289822792,0.013694050308400174,0.6784457449822613,0.7213815422542957,0.04293579727203445,0.6750050190851814,0.724596026312423,0.049591007227241635,-0.008180603284560124,0.022614023407644148,0.02546042274809357,nan,nan
522,325,131876,backward,e,-,60,60.0,0.0,0.8397588528886393,0.004732573076357203,0.832285791206521,0.8465573547057108,0.014271563499189788,0.8309819693250062,0.847118642278574,0.0161366729535678,-0.07965015651010363,0.007564200232525464,0.008576784066190557,nan,nan
522,326,132535,backward,e,-,156,156.0,0.0,0.698554807050854,0.011696838549938755,0.679491187898144,0.7150759222486287,0.035584734350484704,0.6776268494091371,0.7179314022530002,0.04030455284386314,-0.10326078442527657,0.01915027735276123,0.02085595842719934,nan,nan
522,327,132832,backward,e,-,68,68.0,0.0,0.6957846676100923,0.009272885887995963,0.680980573574172,0.709039279490293,0.02805870591612103,0.6781202343602508,0.7111906121961156,0.03307037783586475,-0.10878729889952635,0.016241196970488612,0.01839252967631122,nan,nan
522,328,135139,backward,e,-,331,331.0,0.0,0.771718275667223,0.010762525445510769,0.7536554341490863,0.7879922901288532,0.03433685597976688,0.7471658645747947,0.7926033066378483,0.04543744206305356,-0.11202929859518672,0.019170172918710315,0.023805768948726214,nan,nan
522,329,134556,backward,e,-,281,281.0,0.0,0.7608873330901446,0.009803992284301656,0.7448243095531325,0.7755158132027191,0.030691503649586616,0.7411749388116171,0.7807951252046157,0.03962018639299858,-0.05847130003558243,0.017088483608950433,0.019825393022609106,nan,nan
522,330,136318,backward,e,-,288,288.0,0.0,0.7822714718881023,0.008928486995635568,0.7668932930255914,0.7954201572880991,0.028526864262507723,0.7619931826368651,0.7993550898325975,0.0373619071957324,-0.15815494572940797,0.016145156567553286,0.019561587184412366,nan,nan
522,331,133677,backward,e,-,189,189.0,0.0,0.751156718029054,0.0068309598710102415,0.7415088792751395,0.7639940250095733,0.02248514573443372,0.7387051172968494,0.7676291688379782,0.02892405154112876,0.30978031609317225,0.012631769213297516,0.015344353667878341,nan,nan
522,332,139913,backward,e,-,591,591.0,0.0,0.6975713679676767,0.014963007096146163,0.6749212847821702,0.7210619891517407,0.04614070436957052,0.6704174811984422,0.7251793632961278,0.05476188209768551,0.03444779288748496,0.024507944850040764,0.027455568088484483,nan,nan
522,333,136299,backward,e,-,65,65.0,0.0,0.8234163207161993,0.003481873783713294,0.8179016083216417,0.8284361660078449,0.01053455768620315,0.8164385649752972,0.8293637114459467,0.012925146470649462,-0.13091757619068237,0.005899690567390435,0.006924611650165113,nan,nan
522,334,137188,backward,e,-,83,83.0,0.0,0.8145215666958683,0.004021000993410039,0.8079637248009434,0.8202733864397044,0.012309661638761016,0.8060842081783072,0.8217166366002444,0.01563242842193724,-0.1023465638217908,0.007071342479898157,0.008080994124814,nan,nan
522,335,135715,backward,e,-,128,128.0,0.0,0.8037141088694799,0.0036023313454414396,0.7982592079505829,0.8092542623611393,0.01099505441055637,0.7954630282967992,0.8103229269679167,0.014859898671117588,-0.07053283941429667,0.006528490106072254,0.009324669759856019,nan,nan
522,336,137288,backward,e,-,72,72.0,0.0,0.635865544583765,0.0101676972105519,0.6192290356357014,0.6513557526453109,0.03212671700960945,0.6159863198300862,0.6543753205118891,0.03838900068180284,-0.06151893527524222,0.017935594240735687,0.02057986113234911,nan,nan
522,337,142875,backward,e,-,411,411.0,0.0,0.705457907130419,0.016494319486207807,0.674531758204995,0.7267986241341944,0.05226686592919938,0.669317739644309,0.7312720587233976,0.06195431907908866,-0.3123708040266333,0.029906473927080846,0.03512049248776694,nan,nan
522,338,141120,backward,e,-,68,68.0,0.0,0.660219645567895,0.012776731580893326,0.6416305624987622,0.6805999258343713,0.038969363335609186,0.6392187700241262,0.6835192797560172,0.044300509731891036,0.06626484876403321,0.020935651454305353,0.022868760099875485,nan,nan
522,339,141333,backward,e,-,60,60.0,0.0,0.8204988795303287,0.004968614722579232,0.8127452617501901,0.8280759430124056,0.015330681262215484,0.8115618924936795,0.8285879021194491,0.01702600962576961,-0.02445245421138805,0.008721170779741527,0.009233129886785041,nan,nan
522,340,139865,backward,e,-,174,174.0,0.0,0.7894342705138346,0.004880576216411784,0.7808357750745388,0.7970023736445061,0.016166598569967272,0.7775669998523527,0.7984654788463054,0.020898478993952696,-0.24426143231353073,0.008892759628377628,0.012052013792149374,nan,nan
522,341,142570,backward,e,-,226,226.0,0.0,0.7196312696298399,0.010477011788406534,0.7018841904960252,0.7341198624863128,0.03223567199028754,0.6980804530503183,0.7377995286718328,0.039719075621514555,-0.16008145700287515,0.017962511788423036,0.021538775919244357,nan,nan
522,342,141926,backward,e,-,55,55.0,0.0,0.8217774427281991,0.005533394324219187,0.8133434012381666,0.8301014551031806,0.016758053865013944,0.8121326152044336,0.8315291215802572,0.019396506375823575,0.018743228506054654,0.009211983923561196,0.010202655257187887,nan,nan
522,343,142823,backward,e,-,61,61.0,0.0,0.8112528251106835,0.0037825645693560952,0.8052166796349806,0.8173157290351524,0.012099049400171813,0.8042720022831026,0.8182460502801461,0.013974047997043493,-0.001872346693375808,0.0074521659621331615,0.008382487207126865,nan,nan
522,344,142530,backward,e,-,81,81.0,0.0,0.8018519800898333,0.0038710536449569804,0.7952961976885647,0.8076342691093675,0.012338071420802788,0.7933733474141738,0.8090859352765374,0.015712587862363625,-0.05069810837511881,0.006726834568610673,0.00805716680462698,nan,nan
522,345,142010,backward,e,-,72,72.0,0.0,0.6623392626137199,0.00870516300648742,0.6490813885488111,0.6758246216609058,0.0267432331120947,0.6477732866188092,0.6772496111688677,0.029476324550058552,0.01253556407231438,0.01468907756227755,0.016114067070239435,nan,nan
522,346,141732,backward,e,-,56,56.0,0.0,0.6318558410315167,0.008384267385047535,0.6194041001442356,0.6445285945343322,0.025124494390096563,0.6173199995629456,0.6466164648078504,0.029296465244904812,0.03967097298808107,0.013758538004511045,0.015086994795091013,nan,nan
522,347,143454,backward,e,-,199,199.0,0.0,0.7290601421197399,0.0071475126383263405,0.7188949425456729,0.7408868517118454,0.021991909166172552,0.7179057530140802,0.7436072914144142,0.025701538400333956,0.11822672460860796,0.011812697403252493,0.01371571381983272,nan,nan
522,348,146472,backward,e,-,204,204.0,0.0,0.6493484250089732,0.017132284988607686,0.6207385976461662,0.674117979091848,0.05337938144568177,0.6161391622367224,0.6769158939561564,0.060776731719433985,-0.10658083790376337,0.02832315940981187,0.0321077160400115,nan,nan
522,349,147951,backward,e,-,407,407.0,0.0,0.660093904730247,0.008357943633913812,0.6470337415241355,0.6728583005116587,0.025824558987523227,0.6446256781654086,0.6764456878121095,0.03182000964670084,-0.010546648082346254,0.013983732739005515,0.01694410293266535,nan,nan
522,350,147290,backward,e,-,84,84.0,0.0,0.7887627001677776,0.004259140432295005,0.7816858747092577,0.7953173922195493,0.01363151751029168,0.7792372569895434,0.7968407297243529,0.017603472734809555,-0.13864752617086426,0.007601604350687435,0.009476004649836223,nan,nan
522,351,146101,backward,e,-,112,112.0,0.0,0.7796487024822765,0.0030341168616078323,0.7750968220267683,0.7846777436143535,0.009580921587585167,0.7728743318070954,0.7857675015866181,0.012893169779522706,0.029844800563098153,0.005992360968996984,0.008214851188669936,nan,nan
522,352,144922,backward,e,-,116,116.0,0.0,0.7663519695854286,0.005092440107116779,0.7588377341084822,0.7755214481123986,0.01668371400391644,0.756178554087549,0.7790820383038483,0.022903484216299286,0.23698334391708314,0.0096412422810358,0.011723053842879083,nan,nan
522,353,148804,backward,e,-,243,243.0,0.0,0.7266024368355417,0.01101872544623717,0.7085089964340061,0.7433530734575406,0.034844077023534537,0.7057998618033309,0.7482305343256633,0.04243067252233246,-0.038227861966821854,0.019308177542682867,0.021296252164600737,nan,nan
522,354,146416,backward,e,-,172,172.0,0.0,0.746057016092764,0.0077408884255736115,0.7338130802001704,0.7589526828378508,0.025139602637680336,0.7300739597666291,0.7633444082411754,0.0332704484745463,0.05731039955326993,0.01422682529033551,0.017198015081469786,nan,nan
522,355,149067,backward,e,-,59,59.0,0.0,0.8034318828770384,0.004949768040126806,0.7955921468496583,0.8108927658568004,0.01530061900714208,0.7946586335199333,0.8118231960714203,0.017164562551487017,-0.00657998415351572,0.008811570066167817,0.009742000280787755,nan,nan
522,356,149070,backward,e,-,74,74.0,0.0,0.7957464331003058,0.00515768759543415,0.7876048173826506,0.8034696539275669,0.015864836544916217,0.7854313556557307,0.804675113384758,0.0192437577290272,-0.06930402151803634,0.008926834142743556,0.00985665940658742,nan,nan
522,357,148363,backward,e,-,60,60.0,0.0,0.5120297258011417,0.006609175716177915,0.5011637362878529,0.5218624569922615,0.02069872070440859,0.49902525241201184,0.5230284162782914,0.024003163866279598,-0.09869758811670508,0.011163954206804504,0.012851777956222887,nan,nan
522,358,149113,backward,e,-,136,136.0,0.0,0.7043991085578125,0.007263196821225474,0.6936841808846981,0.7161553718665621,0.02247119098186401,0.6927363259124478,0.7171488466485787,0.02441252073613087,0.10107208831689056,0.011686868260947753,0.012574119953229212,nan,nan
522,359,155018,backward,e,-,417,417.0,0.0,0.6656120242083483,0.019832057372336096,0.6345105412063158,0.6963373647017121,0.061826823495396366,0.628571128791322,0.7025728762608202,0.07400174746949817,0.008979184707282001,0.033045722227368984,0.03773204043195677,nan,nan
522,360,149179,backward,e,-,55,55.0,0.0,0.6035738357146583,0.007998641372718416,0.5909554437258647,0.6157416260121545,0.024786182286289815,0.5897821595946608,0.6167633442137547,0.026981184619093823,-0.024005222704762966,0.013806061820253722,0.01482778002185381,nan,nan
522,361,150562,backward,e,-,184,184.0,0.0,0.7665738102779072,0.005204668293792489,0.7583343456136893,0.7743233853762002,0.01598903976251087,0.7549168286058232,0.7758417397077312,0.020924911101907973,-0.0775766916068251,0.008779069315900478,0.012142173449908422,nan,nan
522,362,149387,backward,e,-,114,114.0,0.0,0.7505279872172208,0.005689523279877227,0.7410389097533947,0.7593763547335953,0.018337444980200623,0.7384530570340364,0.7614159503653293,0.022962893331292866,-0.06603499297617553,0.01044009153690216,0.012165602027650935,nan,nan
522,363,151230,backward,e,-,92,92.0,0.0,0.6231128520091938,0.011047541930837061,0.606620708389814,0.640594524473986,0.03397381608417205,0.6040621455962359,0.642852230557793,0.038790084961557,0.05644135443775937,0.018203679438618066,0.020049733674176062,nan,nan
522,364,151767,backward,e,-,121,121.0,0.0,0.7063380656217209,0.006615602596527467,0.6957124786159053,0.7163759010403263,0.020663422424420985,0.6946554402773985,0.7174394463663639,0.02278400608896547,0.011012424673966454,0.010865494272269127,0.011804858832908716,nan,nan
522,365,155628,backward,e,-,496,496.0,0.0,0.6272207749018912,0.012516995187575928,0.6038583228429198,0.6437770980939631,0.03991877525104326,0.6011582643563494,0.646352872619747,0.045194608263397607,-0.3062548467336516,0.02266857793672669,0.02536863642329712,nan,nan
522,366,153030,backward,e,-,50,50.0,0.0,0.5723923666838449,0.009756147746993528,0.558379746341851,0.5882857508158714,0.029906004474020476,0.5564773619470035,0.5902643688737048,0.033787006926701335,0.07194774013816557,0.016139992334469586,0.01789706383427392,nan,nan
522,367,157373,backward,e,-,451,451.0,0.0,0.6383086068702921,0.017071369380971046,0.6126797443009648,0.6661930590906393,0.05351331478967447,0.6075506303196434,0.6705962368658601,0.06304560654621671,0.0595481470191094,0.028821679983449866,0.03217242234533868,nan,nan
522,368,155082,backward,e,-,53,53.0,0.0,0.5737547826842694,0.010728700204611611,0.5561463374313539,0.5888614221494056,0.032715084718051735,0.554316641973548,0.5930915644112864,0.03877492243773839,-0.049418214021329586,0.01748178048680302,0.021711922748683832,nan,nan
522,369,154665,backward,e,-,57,57.0,0.0,0.7874508557718553,0.004977938057094802,0.7793694796528331,0.7941729207677596,0.014803441114926486,0.7775882047411636,0.7958509736168539,0.018262768875690227,-0.14204509060962653,0.008071324308663816,0.009348284710777977,nan,nan
522,370,155284,backward,e,-,230,230.0,0.0,0.714259705749223,0.012540119624819428,0.6926273034657746,0.732482909811635,0.039855606345860384,0.6854859678389567,0.7373355931529908,0.05184962531403414,-0.16220319139748157,0.022398547917332565,0.02927467949753415,nan,nan
522,371,153800,backward,e,-,92,92.0,0.0,0.7538676953714313,0.0025913160865455452,0.7497802455252169,0.757933255522217,0.008153009997000082,0.7475047670842934,0.7586594374983855,0.011154670414092127,-0.12042609277624877,0.004814125112091601,0.0070896035530151336,nan,nan
522,372,155671,backward,e,-,52,52.0,0.0,0.5690770889810357,0.009185886570763777,0.5558199671483288,0.5833781520898084,0.027558184941479547,0.5538482076522943,0.5859229029911394,0.032074695338845105,0.11206507928782808,0.016115767919380897,0.018660518820711847,nan,nan
522,373,155862,backward,e,-,201,201.0,0.0,0.7269596089456384,0.00925726533240844,0.7124158374753886,0.7414341323171061,0.029018294841717474,0.7098268602162016,0.745384908640675,0.03555804842447341,-0.005088412219424487,0.01585803584751111,0.01842529969503659,nan,nan
522,374,157353,backward,e,-,345,345.0,0.0,0.6698413304127723,0.012154566292572591,0.6525669194002535,0.69010414956967,0.03753723016941657,0.6491179518337318,0.6928338513694475,0.04371589953571575,0.11262095840589266,0.020200153325202155,0.022452135783886384,nan,nan
522,375,155412,backward,e,-,52,52.0,0.0,0.528107115836338,0.0030162892214906797,0.5236364684335562,0.5329823585919008,0.009345890158344639,0.5230580510003098,0.5343265118629965,0.011268460862686736,0.1419158246554973,0.005439639551997742,0.006783792823093493,nan,nan
522,376,157023,backward,e,-,98,98.0,0.0,0.745858199050817,0.0025909338134924107,0.7419256607901438,0.7500924840706118,0.008166823280468027,0.7406341313373977,0.750877183181879,0.010243051844481266,0.03490166273159052,0.004650127048184425,0.005941656500930481,nan,nan
522,377,156665,backward,e,-,55,55.0,0.0,0.44268789794031677,0.0033212530834039536,0.43775249663641436,0.4479195735876714,0.01016707695125707,0.437162298141921,0.44851769482471293,0.011355396682791952,0.045425310732523885,0.005443254561580723,0.006041375798622239,nan,nan
522,378,160543,backward,e,-,182,182.0,0.0,0.6817170369629084,0.011789638796802835,0.664870880027012,0.7022976601452369,0.03742678011822487,0.659694016251992,0.7049957085617816,0.04530169230978964,0.13198474989092004,0.02056207301064632,0.02374246089450749,nan,nan
522,379,158469,backward,e,-,80,80.0,0.0,0.7677106209972069,0.005441205574621273,0.7594624403964357,0.7759995710882912,0.016537130691855473,0.7581277054114396,0.7773306613479765,0.01920295593653687,0.0031919803306112164,0.008999215518467562,0.01033030577815286,nan,nan
522,380,162289,backward,e,-,359,359.0,0.0,0.665491322985946,0.01437582508317611,0.6466102661915337,0.6912035951047764,0.044593328913242636,0.6426367940776897,0.6948906731552724,0.05225387907758272,0.25223883251965,0.024018541117177,0.027577106903611814,nan,nan
522,381,160886,backward,e,-,323,323.0,0.0,0.5969218066249591,0.009417071904385212,0.5858314268547122,0.6159270615957199,0.030095634741007626,0.5822545187463872,0.6184371145326818,0.03618259578629457,0.4674397087106684,0.017445406656330903,0.019955459593292812,nan,nan
522,382,158191,backward,e,-,103,103.0,0.0,0.7372940521694009,0.002752836006258704,0.7327694659908262,0.7415818394772297,0.008812373486403513,0.7310571523531083,0.7425390899955221,0.011481937642413786,-0.07698100044767836,0.0057556797085397396,0.007467993346257584,nan,nan
522,383,158857,backward,e,-,73,73.0,0.0,0.5942909473645458,0.007006373588710621,0.5836319207704128,0.604801718968464,0.021169798198051204,0.5821286454412855,0.6066666205353672,0.024537975094081732,0.003996496476582536,0.011441139791524677,0.012375673170821444,nan,nan
522,384,160213,backward,e,-,66,66.0,0.0,0.7680864351022434,0.004624512919444139,0.7606431262690756,0.7750487818685861,0.014405655599510458,0.7586401452400587,0.7756979290373477,0.01705778379728895,-0.103200073791415,0.007905965087139394,0.009908946116156225,nan,nan
522,385,161388,backward,e,-,112,112.0,0.0,0.7280298121257092,0.003181778963907211,0.723187997677884,0.7330170472614151,0.009829049583531146,0.7212138029652572,0.7339237387807933,0.012709935815536144,-0.029773368616967267,0.00535793020219783,0.007208993510542272,nan,nan
522,386,160244,backward,e,-,73,73.0,0.0,0.7021439332124045,0.0047169204613915165,0.6945520273595825,0.7089975175299148,0.014445490170332254,0.6923270101299489,0.7103994499704884,0.018072439840539523,-0.09733833008415607,0.008011762179179514,0.009074199967293195,nan,nan
522,387,163792,backward,e,-,55,55.0,0.0,0.5725378158193355,0.008700548006920385,0.5595364352229916,0.5865981432864963,0.02706170806350472,0.5574597164099996,0.5893339005596231,0.03187418414962351,0.13556663499012364,0.015395473965832294,0.0181312312389591,nan,nan
522,388,163416,backward,e,-,115,115.0,0.0,0.7174984830008184,0.0030913064981253867,0.7128269319441608,0.7223793142919996,0.00955238234783884,0.7115008570912569,0.7232542759405224,0.011753418849265507,0.03508062209285409,0.005151603041624819,0.0062999919904966895,nan,nan
522,389,166897,backward,e,-,372,372.0,0.0,0.6307865317177406,0.011524984659280278,0.6125702550965554,0.6492073159351942,0.036637060838638824,0.6069454334209337,0.6526951622264605,0.04574972880552686,-0.022780856902600316,0.0202190293824876,0.022936251867716195,nan,nan
522,390,165416,backward,e,-,118,118.0,0.0,0.7356767333638807,0.0059579453989114664,0.7258449493809958,0.7447893018590465,0.018944352478050708,0.722644473847484,0.7475083015903947,0.024863827742910738,-0.06837606809924521,0.010498192567731955,0.012770099442205196,nan,nan
522,391,167159,backward,e,-,185,185.0,0.0,0.6638003290849787,0.013009836311131685,0.6506841359552409,0.6911316698087421,0.040447533853501194,0.6464482698336882,0.6947140998718747,0.04826583003818652,0.5886824350325687,0.02411242852461477,0.02769485858774745,nan,nan
522,392,165194,backward,e,-,220,220.0,0.0,0.6151944533945373,0.008773563307212236,0.6021925072372862,0.6296765807603267,0.027484073523040498,0.5981726239450199,0.6338724170829477,0.035699793137927816,0.08912519182412008,0.015371008365393866,0.018019945147085603,nan,nan
522,393,164102,backward,e,-,51,51.0,0.0,0.537840805471442,0.008120374842439009,0.5260739641641776,0.5508506970091636,0.024776732844985938,0.5252000709607485,0.5527738792958292,0.02757380833508072,0.0884744046243414,0.016297480410316922,0.017171373613745988,nan,nan
522,394,163422,backward,e,-,139,139.0,0.0,0.7047649387825016,0.0039639096910538615,0.6992700670858651,0.7115718941632182,0.012301827077353056,0.6983850418838974,0.7127191090624955,0.014334067178598087,0.18946990100988786,0.006545596688348898,0.007288434486705686,nan,nan
522,395,166292,backward,e,-,170,170.0,0.0,0.6920899928291998,0.0038465931127769403,0.6857171761500057,0.6980243130304176,0.01230713688041185,0.6843862683043931,0.6989462997791507,0.014560031474757595,-0.08436015417578556,0.006794605274198211,0.008125513119810801,nan,nan
522,396,167769,backward,e,-,244,244.0,0.0,0.595966970606201,0.005723118326547245,0.5881520049979765,0.6064696623682777,0.01831765737030122,0.5871250331883038,0.6104352094783896,0.023310176290085804,0.33518291220534285,0.00999398133249839,0.01395952844261028,nan,nan
522,397,165693,backward,e,-,66,66.0,0.0,0.7527254749682759,0.004627367163348291,0.7456573780771533,0.760132245643869,0.014474867566715788,0.7446970686235319,0.7621447007282274,0.017447632104695465,0.07553255493142991,0.008009186550241881,0.008962460961215113,nan,nan
522,398,169702,backward,e,-,428,428.0,0.0,0.6737209115680247,0.007606494154429944,0.6616672294684255,0.6853508155544968,0.02368358608607135,0.6587589892561125,0.6905523904974556,0.03179340124134311,-0.01127895886977239,0.013320334918352298,0.018254087746031544,nan,nan
522,399,171413,backward,e,-,186,186.0,0.0,0.625628948583147,0.010159697009919054,0.6125585330454815,0.6448714092674065,0.032312876221925024,0.6085317220066871,0.6491263914403138,0.04059466943362666,0.3649588449224329,0.018418983744398654,0.02267396591730597,nan,nan
522,400,170610,backward,e,-,444,444.0,0.0,0.5676333356459633,0.007771063789505419,0.5574352657993525,0.5819932596291062,0.024557993829753655,0.5538016398741302,0.5856145679557719,0.03181292808164171,0.26661805871951977,0.013744071000160084,0.016924643816426,nan,nan
522,401,168550,backward,e,-,110,110.0,0.0,0.7184053760910776,0.005161029776709318,0.7108298148401437,0.7269587396604968,0.016128924820353108,0.7097118380370508,0.7301417369957293,0.020429898958678416,0.17166993245982118,0.008649734730088371,0.011441969692825515,nan,nan
522,402,172824,backward,e,-,420,420.0,0.0,0.6020921519042073,0.010124295998689282,0.5879809885516605,0.6209600050409637,0.03297901648930324,0.5833839173793198,0.6277360706772258,0.04435215329790598,0.301543940717124,0.018252676505692435,0.024580562114813187,nan,nan
522,403,168840,backward,e,-,79,79.0,0.0,0.7054887143020538,0.0037942647403377116,0.6988930533226342,0.7109019594851916,0.012008906162557453,0.6968881438980278,0.7123757135105612,0.015487569612533392,-0.20122892340922666,0.006843772927945024,0.00801755229499157,nan,nan
522,404,170240,backward,e,-,95,95.0,0.0,0.7240026980587188,0.00885096800655238,0.7121573642374085,0.7396674559341648,0.027510091696756334,0.7105262004586839,0.7422888265663884,0.03176262610770453,0.19523159879634738,0.015226616685219196,0.01784798731744275,nan,nan
522,405,171408,backward,e,-,196,196.0,0.0,0.6357003034756659,0.006880525495442934,0.6224278177464753,0.6443277128798923,0.021899895133417058,0.6175592948745768,0.6474155531731243,0.029856258298547433,-0.4208878144985591,0.012477196496015697,0.01728786072972277,nan,nan
522,406,172002,backward,e,-,261,261.0,0.0,0.578919546675556,0.006370580489458259,0.5662824814260589,0.5863297527559151,0.020047271329856287,0.5618378870216675,0.5873070068141203,0.02546911979245281,-0.5125058201774204,0.011072305208585376,0.015516899612976753,nan,nan
522,407,171464,backward,e,-,129,129.0,0.0,0.5534131193206453,0.01143769739185257,0.5336848699202348,0.5672999720637667,0.033615102143531916,0.532153253150523,0.5700718263873209,0.037918573236797926,-0.2338422666956088,0.018263015599076723,0.019524490721519183,nan,nan
522,408,171959,backward,e,-,94,94.0,0.0,0.6446127465174948,0.005949551809672965,0.6366118071259507,0.6562899207600289,0.01967811363407823,0.634384944640273,0.6588351350553725,0.02445019041509955,0.33794837810975686,0.010977031817445448,0.013522246112789071,nan,nan
522,409,175375,backward,e,-,52,52.0,0.0,0.5178758514181949,0.008859508427284885,0.5042722561412437,0.530958112091797,0.026685855950553283,0.5029738599253493,0.5326001295798326,0.02962626965448334,0.012926512223404877,0.015733314355104947,0.01737533184314055,nan,nan
522,410,172474,backward,e,-,52,52.0,0.0,0.7404428595779986,0.007630623321879929,0.7282187588901643,0.7512964734924367,0.02307771460227237,0.7259204858971782,0.7536619699276779,0.027741484030499697,-0.0911546636986586,0.012989419213380933,0.015354915648622125,nan,nan
522,411,172756,backward,e,-,62,62.0,0.0,0.7330304052493262,0.008746471964954872,0.7194058099611857,0.7459486962495699,0.026542886288384193,0.7170509496656106,0.7478247058047944,0.030773756139183872,-0.033702674512346986,0.014296254659173049,0.015524648037872013,nan,nan
522,412,175360,backward,e,-,52,52.0,0.0,0.5316964599467118,0.00985047240678385,0.5188855674192165,0.5488111866428286,0.029925619223612032,0.5176156917477732,0.5507477767821087,0.03313208503433551,0.20068763728549424,0.015795214456524823,0.017215415233965192,nan,nan
522,413,172760,backward,e,-,58,58.0,0.0,0.721576111342795,0.0056365048624362575,0.7140520414395296,0.7323871094873146,0.018335068047784953,0.7118556475200174,0.7349912565080559,0.02313560898803846,0.3915608300053469,0.0101223408639989,0.011813607437295981,nan,nan
522,414,173885,backward,e,-,192,192.0,0.0,0.6941437828008701,0.007218890302243059,0.6829339515524255,0.7074829384807095,0.024548986928284,0.6760242797079857,0.7098473332802507,0.033823053572265005,0.10117764894834387,0.01481011722246962,0.01715139059487103,nan,nan
522,415,177199,backward,e,-,423,423.0,0.0,0.6478981808456559,0.007700641040298129,0.6357707643546511,0.6599312452721671,0.024160480917515992,0.6335821577295863,0.6639865419890864,0.030404384259500095,0.016864907216906748,0.014312237085753474,0.018367533802672753,nan,nan
522,416,176447,backward,e,-,246,246.0,0.0,0.5428413156118223,0.007520618920870352,0.5327215568581505,0.5570930279317621,0.024371471073611595,0.5311789510875333,0.559036131131223,0.027857180043689644,0.31199026918688383,0.013712003751472523,0.015655106950933417,nan,nan
522,417,177568,backward,e,-,71,71.0,0.0,0.5081255033994422,0.0075144695787049435,0.49797243850112655,0.5203988218850506,0.022426383383924053,0.4964892364194386,0.5228179075162426,0.02632867109680398,0.16482341711530515,0.01323220097696981,0.01565128660816173,nan,nan
522,418,174614,backward,e,-,50,50.0,0.0,0.44843092985247623,0.002772053192064933,0.4444523412557928,0.45292131436624083,0.00846897311044803,0.4439716227512573,0.4537173103893553,0.009745687638098022,0.1367139721536469,0.0046402650694685596,0.00543626109258305,nan,nan
522,419,179406,backward,e,-,409,409.0,0.0,0.5782077187872117,0.007844046562287195,0.5660013009517558,0.5915800952282035,0.025578794276447714,0.5637953309358399,0.5965701505892723,0.03277481965343243,0.10863723315504434,0.014164204659631637,0.018362431802060653,nan,nan
522,420,174982,backward,e,-,54,54.0,0.0,0.7038685961090825,0.005418078758420152,0.6934980401446496,0.7100671775859132,0.01656913744126365,0.6890517282227421,0.7109648676216428,0.021913139398900716,-0.5541976114812726,0.009037485412117902,0.013483797334025382,nan,nan
522,421,182350,backward,e,-,587,587.0,0.0,0.5609120610346598,0.008091140522944807,0.5512273063995382,0.5778341112484539,0.026606804848915644,0.5492244679123043,0.5865561863521057,0.03733171843980143,0.6563892330346597,0.016720580170835293,0.02544265527448719,nan,nan
522,422,176167,backward,e,-,135,135.0,0.0,0.5518224249855842,0.0035338680646468485,0.5460617896013054,0.5571434147216621,0.011081625120356708,0.5451956483861188,0.5584663168206476,0.013270668434528843,-0.04553679011353552,0.006155894270463147,0.006867161474982453,nan,nan
522,423,176090,backward,e,-,102,102.0,0.0,0.6775302853203633,0.005176993896834428,0.6693731798451501,0.686050762564207,0.01667758271905695,0.6668067364789558,0.6884585742771595,0.021651837798203677,0.02481475839245379,0.009439691775009921,0.011147235853788295,nan,nan
522,424,178568,backward,e,-,197,197.0,0.0,0.6203152571558677,0.0064308286356684315,0.6107961290112045,0.6317627897784742,0.020966660767269718,0.6091306589705415,0.635959825688507,0.026829166717965425,0.20154663628656744,0.01144753262260658,0.01564456853263929,nan,nan
522,425,181270,backward,e,-,291,291.0,0.0,0.5903473082047053,0.007840741244217698,0.5818997245648911,0.6069227253628084,0.025023000797917305,0.5804844154189037,0.6125556857287088,0.032071270309805056,0.6313099111045064,0.015784120589773687,0.02141708095567396,nan,nan
522,426,177717,backward,e,-,87,87.0,0.0,0.6999011198619634,0.0076642839606285585,0.6878390086530674,0.7122085213822662,0.02436951272919885,0.6842691770296659,0.7142123302518697,0.029943153222203756,-0.021809264380715836,0.014089225672592376,0.01606186757945438,nan,nan
522,427,177980,backward,e,-,50,50.0,0.0,0.7165533559724606,0.007124402324459975,0.7033303759420163,0.7261167395044088,0.022786363562392498,0.7011970081157238,0.7283219223346362,0.027124914218912388,-0.25335995453101445,0.012704408803688404,0.014309408215750885,nan,nan
522,428,180183,backward,e,-,138,138.0,0.0,0.6268507007118932,0.005200538506597866,0.6185780560604829,0.6338814845119624,0.015303428451479473,0.6175285998287651,0.6362297121151713,0.018701112286406252,-0.051853718325362105,0.008186881128421964,0.010401872268979706,nan,nan
522,429,180996,backward,e,-,251,251.0,0.0,0.6039209279367019,0.005445061153279994,0.5945144911365012,0.6126209969362337,0.018106505799732497,0.59223487802158,0.6158988314334308,0.02366395341185079,-0.07148127713593277,0.010088892499629576,0.01276623618086492,nan,nan
522,430,180156,backward,e,-,133,133.0,0.0,0.6774782022313965,0.0075178924133848515,0.6651784522495215,0.6900479474559542,0.024869495206432668,0.6611941673923312,0.6942142031126467,0.03302003572031553,0.018861734649540645,0.01392094925308147,0.016736000881250157,nan,nan
522,431,180831,backward,e,-,56,56.0,0.0,0.471706581444039,0.0013800342851192932,0.4696504301827497,0.4739606648335052,0.004310234650755473,0.4692862339976665,0.47462868400008335,0.005342450002416843,0.05647437628138595,0.002792649373301523,0.0034606685398796966,nan,nan
522,432,182115,backward,e,-,80,80.0,0.0,0.5221629230799525,0.00548487775544725,0.514481653105638,0.5312628636370905,0.01678121053145254,0.5129858327074638,0.5321787416794255,0.019192908971961686,0.11909805579564076,0.009031766188956736,0.009972017654694132,nan,nan
522,433,181764,backward,e,-,198,198.0,0.0,0.6572935383436139,0.008859946171442382,0.641819762609813,0.6706270257506456,0.028807263140832595,0.6364600038116499,0.6751691158717287,0.038709112060078765,-0.16486938426954317,0.016251165387237993,0.019722524107044004,nan,nan
522,434,184724,backward,e,-,304,304.0,0.0,0.5463408893785804,0.0032598841560567333,0.5409221988459904,0.55178641432174,0.010864215475749672,0.5399685451959509,0.5541748295100438,0.014206284314092876,0.09165906253322981,0.006026423995154994,0.008131980287618301,nan,nan
522,435,187065,backward,e,-,189,189.0,0.0,0.5184141074655896,0.005669624030326605,0.5126781939369616,0.5299060334740586,0.017227839537097056,0.5119994615303325,0.5316063003846397,0.01960683885430725,0.4996099422633213,0.011491926008469022,0.01319219291905016,nan,nan
522,436,188067,backward,e,-,561,561.0,0.0,0.5336630796449124,0.00538821403427557,0.5247177477308747,0.5422264250358844,0.017508677305009712,0.5222080966185141,0.5465309799387168,0.024322883320202715,-0.01945980317649622,0.00985978303986812,0.013909376267973839,nan,nan
522,437,189830,backward,e,-,342,342.0,0.0,0.5214951360380591,0.004150068369881335,0.5161581035875391,0.5294633167752387,0.013305213187699616,0.5152900054454764,0.5309175155621444,0.015627510116667964,0.3405371564351225,0.008372128854333132,0.009826327641238808,nan,nan
522,438,183098,backward,e,-,71,71.0,0.0,0.6318484664010477,0.0036440944556348884,0.6263619803909364,0.6382303633018662,0.011868382910929842,0.6254720600135987,0.6405140434604748,0.015041983446876128,0.2070309665841459,0.006984580534319773,0.009268260692928298,nan,nan
522,439,184903,backward,e,-,54,54.0,0.0,0.6840945728151171,0.008332787904513677,0.6715965226607072,0.6977417307011934,0.026145208040486145,0.6664247975001413,0.7032151654003321,0.03679036790019086,0.13821393873421614,0.01598697912750517,0.01963463413285027,nan,nan
522,440,184387,backward,e,-,57,57.0,0.0,0.6740927919131862,0.007675822206107348,0.6630478996259659,0.6871874868049658,0.02413958717899989,0.6594887924764803,0.6909506073655106,0.031461814889030326,0.1841927797986873,0.013665374828920466,0.016394553706500337,nan,nan
522,441,184939,backward,e,-,102,102.0,0.0,0.6158303499964545,0.0036191670290669138,0.6105502893694662,0.6224475729397919,0.011897283570325712,0.609478780506561,0.6260964709771266,0.016617690470565605,0.3707458756675299,0.007493563317097482,0.011142461354432198,nan,nan
522,442,196566,backward,e,-,50,50.0,0.0,0.49570588009626426,0.003971343616136384,0.49309871147077444,0.504242418744677,0.01114370727390257,0.49291068717902625,0.5079713594409679,0.015060672261941688,1.0385395914945525,0.010809022770607921,0.014537963466898896,nan,nan
522,443,189602,backward,e,-,50,50.0,0.0,0.49425556736602905,0.0033525635794646276,0.49196968936783175,0.5017726999228491,0.009803010555017366,0.49175837208519074,0.5027621231589048,0.011003751073714041,0.7450534642696504,0.007444730028281104,0.008434153264336774,nan,nan
522,444,185571,backward,e,-,51,51.0,0.0,0.4645602211900319,0.0011732661618745,0.462690905633545,0.46626078930353565,0.00356988366999067,0.4623651914994801,0.4666799770491184,0.0043147855496383225,-0.04686283570108605,0.001989925770484735,0.0021950296905517974,nan,nan
522,445,189295,backward,e,-,257,257.0,0.0,0.5737432879055172,0.0043989771664258845,0.5662305486495194,0.5802971027991205,0.014066554149601118,0.5639900289943204,0.5817044208392166,0.017714391844896205,-0.1634913988779483,0.007993329791031577,0.009370750075604506,nan,nan
522,446,191075,backward,e,-,73,73.0,0.0,0.5101340726184778,0.002876230606391013,0.508324051823069,0.5175084419663166,0.009184390143247678,0.5081311643969193,0.5194057409196355,0.01127457652271624,1.1648928015620934,0.007568727375668067,0.009466026328986965,nan,nan
522,447,189855,backward,e,-,56,56.0,0.0,0.4892223785958761,0.0027328904824612163,0.48773103445483024,0.4961278412264488,0.008396806771618581,0.4874711372855998,0.4969662281230404,0.0094950908374406,0.9641554508844584,0.006018983338875558,0.006857370235467175,nan,nan
522,448,191827,backward,e,-,62,62.0,0.0,0.4917319392764322,0.0024021860446889892,0.4897146559572236,0.49703971709739725,0.007325061140173672,0.48941326856048334,0.49861744607286906,0.009204177512385725,0.8441056287086719,0.006312711309081344,0.007890440284553157,nan,nan
522,449,187258,backward,e,-,117,117.0,0.0,0.6081114126521135,0.004241543264612827,0.602094849142259,0.6159918250390125,0.013896975896753538,0.6005259081767889,0.6187593384888891,0.01823343031210023,0.31349340492211447,0.00807004148089043,0.01083755493076699,nan,nan
522,450,188633,backward,e,-,51,51.0,0.0,0.459304157128605,0.0011338847706099501,0.4577234870767323,0.46134074937631575,0.0036172622995834236,0.4573982431187389,0.46166445281307433,0.004266209694335443,0.2546932504147773,0.002430585227473886,0.002754288664232496,nan,nan
522,451,186222,backward,e,-,117,117.0,0.0,0.6343157003399135,0.007621671149387876,0.6227742106203411,0.6476182647215789,0.0248440541012378,0.6195424415271393,0.6510584312064293,0.031515989679289924,0.154722055371479,0.014314995827918174,0.016459552578445447,nan,nan
522,452,189839,backward,e,-,53,53.0,0.0,0.5088758415422284,0.002616182255798807,0.5070501631421247,0.5150933653970906,0.008043202254965909,0.5068926804218998,0.5165861830396691,0.009693502617769245,0.9086471918769659,0.00553578106254029,0.007028598705118738,nan,nan
522,453,191830,backward,e,-,77,77.0,0.0,0.48822694389680726,0.0024638233846647306,0.48602937469225077,0.49339138269492594,0.007362008002675169,0.4857150885924595,0.4945731682647511,0.00885807967229163,0.6511151921411935,0.006218120722311749,0.007399906292136937,nan,nan
522,454,187683,backward,e,-,56,56.0,0.0,0.4023902926849197,0.001430970358479314,0.3998569493557931,0.40431052893212854,0.004453579576335465,0.3995593040633688,0.40445929421682564,0.0048999901534568235,-0.24596058824810232,0.0023875784082572904,0.002685223700681527,nan,nan
522,455,186729,backward,e,-,65,65.0,0.0,0.6477066732047326,0.005928038084537934,0.6364791602535119,0.654902930594379,0.018423770340867063,0.6336098509456235,0.6574264597500797,0.02381660880445624,-0.37870479532793955,0.010759833647589853,0.012919214532135515,nan,nan
522,456,187011,backward,e,-,75,75.0,0.0,0.5972135286173625,0.0024944965305964983,0.5930360956212178,0.6009625614751101,0.007926465853892228,0.5924030889189722,0.6019959747435861,0.009592885824613928,-0.031116422387983622,0.004326355844727847,0.005198214490392372,nan,nan
522,457,187990,backward,e,-,64,64.0,0.0,0.6614979269287444,0.007269272774549209,0.6506302103287951,0.6737358011377617,0.02310559080896657,0.6481601201238174,0.6777132073987759,0.029553087274958534,0.14778727986656304,0.01296414972796626,0.016865523427113338,nan,nan
522,458,189387,backward,e,-,52,52.0,0.0,0.455933871459428,0.001000121979173055,0.45446841403389754,0.4577040138509974,0.0032355998170998657,0.45424578804360477,0.4582886843823301,0.004042896338725344,0.3252657121148146,0.0017601474783253102,0.002341899099801814,nan,nan
522,459,189783,backward,e,-,146,146.0,0.0,0.5901614410882847,0.00411740512571968,0.5840873514396022,0.5977258787840634,0.013638527344461138,0.5824530998236054,0.6012095940966756,0.018756494273070246,0.34687579622892967,0.007661305544184205,0.011099432675514165,nan,nan
522,460,188251,backward,e,-,67,67.0,0.0,0.6436822263476517,0.007954108560482042,0.6335836966522999,0.6584244054687746,0.02484070881647471,0.6311147415174456,0.6607458369872494,0.029631095469803803,0.2976919945959146,0.014742179121122885,0.017063610639597715,nan,nan
522,461,189266,backward,e,-,101,101.0,0.0,0.6218830134092277,0.006237411760376237,0.6117782379944835,0.6320236025864924,0.020245364592008874,0.6092223078317284,0.6347270983322583,0.025504790500529895,-0.010261205903116829,0.01139407639594614,0.01334401360353632,nan,nan
522,462,192539,backward,e,-,60,60.0,0.0,0.5113937637940666,0.0011095143928028196,0.5101308894523271,0.5135903842376282,0.003459494785301054,0.5100265446746828,0.514941414358484,0.004914869683801171,0.8677238433969426,0.0026138497981223903,0.003964879918978204,nan,nan
522,463,194466,backward,e,-,57,57.0,0.0,0.49532236417850195,0.0013819626302634398,0.4940753244338958,0.49842251849826374,0.004347194064367954,0.4938000140778849,0.5002559900697258,0.00645597599184089,1.2243514918319107,0.0040542628989357204,0.005887734470397754,nan,nan
522,464,190255,backward,e,-,58,58.0,0.0,0.6332242930673224,0.006079427673348728,0.6237383559302154,0.6434528609675106,0.019714505037295216,0.621207718534839,0.6460741795072771,0.024866460972438054,0.06903772405740376,0.011219205572805379,0.012666978677321694,nan,nan
522,465,192262,backward,e,-,205,205.0,0.0,0.5595211543307946,0.004517297109161459,0.5524031048462212,0.5671488898970632,0.014745785050842009,0.5506640268401983,0.5710746880773557,0.0204106612371574,0.14991460627808,0.00832879118773564,0.012076679338631213,nan,nan
522,466,191270,backward,e,-,77,77.0,0.0,0.5819312066601264,0.0034961523215532057,0.5764819146670593,0.5879541285968399,0.011472213929780595,0.5749177828388651,0.5902744013722109,0.0153566185333458,0.13911704816152265,0.0065982052594421026,0.007931719265941606,nan,nan
522,467,196418,backward,e,-,71,71.0,0.0,0.4066537072498972,0.000817131567197394,0.4057306242272546,0.4083994318337194,0.002668807606464818,0.40549405235424985,0.4092634290306594,0.0037693766764095304,0.9665453025838895,0.0022224493414607083,0.003086446538400678,nan,nan
522,468,191010,backward,e,-,60,60.0,0.0,0.6070616821393564,0.0053209508321652044,0.5996652910402046,0.616772357456281,0.0171070664160764,0.5981807781436705,0.6193501332863028,0.021169355142632296,0.3077649521831503,0.00984105044984606,0.0124188262798679,nan,nan
522,469,198513,backward,e,-,53,53.0,0.0,0.3577561777248255,0.002683220074416746,0.35555274080235727,0.3632415690395738,0.007688828237216505,0.3554413996430963,0.36457839141701837,0.009136991773922076,0.7248790724695707,0.005112920649824115,0.006449743027268695,nan,nan
522,470,191985,backward,e,-,57,57.0,0.0,0.6178065617442007,0.00629243044577084,0.6075979102241008,0.6277248410583329,0.020126930834232115,0.6051971363647881,0.6314416384017286,0.02624450203694051,0.0001576915117516372,0.011463547967873232,0.014855026739690969,nan,nan
522,471,194660,backward,e,-,199,199.0,0.0,0.5500187585798844,0.004694881337882155,0.5434560769638379,0.5587217759943598,0.015265699030521884,0.5413843972466648,0.5632350498126061,0.02185065256594132,0.358010488899836,0.00883678439403277,0.012833740477400157,nan,nan
522,472,194555,backward,e,-,50,50.0,0.0,0.4018476305849756,0.0009080729102075794,0.4006139090390375,0.4033569085579161,0.0027429995188786305,0.4004945435872463,0.4036471735281982,0.00315262994095189,0.1525617806917926,0.0016124331538795082,0.0019026981241615504,nan,nan
522,473,192238,backward,e,-,54,54.0,0.0,0.5982541516102684,0.003935749905476428,0.5923209821555888,0.6051842428833777,0.012863260727788872,0.5910174500056,0.6074645741262289,0.016447124120628875,0.2499536656413716,0.007302135383438364,0.009582466626289587,nan,nan
522,474,192946,backward,e,-,52,52.0,0.0,0.629127999022602,0.007503779904724813,0.6174778671011645,0.6409364740951343,0.023458606993969844,0.6142240558727105,0.6441882347722923,0.029964178899581806,0.02491051208365386,0.01348690602414345,0.015446269150553693,nan,nan
522,475,192952,backward,e,-,74,74.0,0.0,0.6151864472980595,0.00906684216648623,0.6028448654445545,0.6321123518049592,0.02926748636040466,0.5993944365067483,0.6353693503566096,0.03597491384986129,0.27459192780697367,0.016111234241928795,0.018109385040215975,nan,nan
522,476,195837,backward,e,-,172,172.0,0.0,0.5409188516723068,0.004354773310095434,0.5344177353898485,0.5488223298311888,0.014404594441340346,0.5329631284294507,0.5526418371846692,0.019678708755218488,0.28866356142609356,0.00806055750478234,0.01161621457489237,nan,nan
522,477,193922,backward,e,-,82,82.0,0.0,0.5939233408540133,0.0053158112787503094,0.5863803354563674,0.6035299256331385,0.01714959017677109,0.5837648118979579,0.606851643517632,0.023086831619674064,0.29072783188092977,0.009875819270146486,0.01244471849693074,nan,nan
522,478,194170,backward,e,-,92,92.0,0.0,0.580553143826471,0.005742750748562996,0.5708587697786399,0.5894754851178626,0.01861671533922271,0.5683483792124542,0.592463528799306,0.024115149586851792,-0.047114293927241375,0.01038033597720185,0.012355268906001915,nan,nan
522,479,195326,backward,e,-,55,55.0,0.0,0.6130825360221707,0.007699647787225835,0.6017580493459932,0.6260268885874517,0.024268839241458506,0.5994324812086038,0.6295950220242,0.030162540815596217,0.13401233471781443,0.01358699522836223,0.01613210315781166,nan,nan
522,480,198461,backward,e,-,50,50.0,0.0,0.40495656428538773,0.00048769514460573614,0.4041826757409963,0.4058343546564327,0.0016516789154363831,0.40400969958935984,0.4061111888709165,0.002101489281556679,0.22425863579159538,0.001126538493728937,0.00140337270821278,nan,nan
522,481,195098,backward,e,-,62,62.0,0.0,0.6032889128596245,0.007229028195844243,0.5927595249349609,0.6153044214266302,0.022544896491669353,0.5902701496080153,0.6191273800594791,0.028857230451463822,0.13926046366705777,0.012820221826365321,0.01600542916106351,nan,nan
522,482,195348,backward,e,-,65,65.0,0.0,0.5753724831163577,0.004931477236698427,0.5683457254418838,0.5839827650565538,0.01563703961467,0.5664608920224274,0.587542214663931,0.02108132264150353,0.2898210859158845,0.009135469871096855,0.01269491947847401,nan,nan
522,483,202149,backward,e,-,174,174.0,0.0,0.39849199522050777,0.0014694654641350174,0.3965756522057824,0.4015795332395076,0.005003881033725233,0.3958972876876697,0.40302731221053123,0.007130024522861544,0.6943849921104032,0.003609652232834636,0.005057431203858265,nan,nan
522,484,195821,backward,e,-,65,65.0,0.0,0.5660644542460281,0.0040575471454025215,0.5598898967366458,0.5728683330245614,0.012978436287915618,0.5580928673038924,0.575270756872953,0.017177889569060634,0.13814383343264217,0.007513530396730061,0.009915954245121705,nan,nan
522,485,197171,backward,e,-,62,62.0,0.0,0.6157221976945635,0.0071131452897325005,0.6046307343695377,0.6274260581145484,0.022795323745010698,0.6020059468929619,0.63098699455664,0.02898104766367804,0.07521536777475088,0.013062021978977847,0.015861947762845885,nan,nan
522,486,198568,backward,e,-,283,283.0,0.0,0.5354677245416503,0.007357799953908241,0.5255599522021166,0.5499075742528954,0.024347622050778783,0.5227184597670027,0.5535270912022511,0.030808631435248368,0.396024171267781,0.014144852249176639,0.017764369198532304,nan,nan
522,487,196734,backward,e,-,72,72.0,0.0,0.5816365079200683,0.006474454085030756,0.5716142940534269,0.5919089923783306,0.020294698324903715,0.5691494100279986,0.5958475489303247,0.026698138902326085,0.06674833932963264,0.011624507294053106,0.013629335485880412,nan,nan
522,488,199025,backward,e,-,60,60.0,0.0,0.5171048878116374,0.004114630299775894,0.5132900955784022,0.5263541833477842,0.013064087769381949,0.5126263091667483,0.5279255659640418,0.015299256797293492,0.7686032178735436,0.008873976286651085,0.010445358902908763,nan,nan
522,489,202361,backward,e,-,116,116.0,0.0,0.3943458548337895,0.0007473053947287628,0.39327035940391264,0.3957797592009754,0.0025093997970627724,0.3930612922027381,0.3962179613087252,0.003156669105987109,0.3609719884245845,0.001989381811167243,0.0024275839189170645,nan,nan
522,490,197405,backward,e,-,62,62.0,0.0,0.6025165752567911,0.00746382267701774,0.591144087779873,0.615373845504765,0.024229757724891998,0.5875712770768785,0.6188536487024375,0.031282371625559025,0.08729197734512202,0.013705012630622796,0.015783262102020523,nan,nan
522,491,197412,backward,e,-,60,60.0,0.0,0.5913286618534748,0.006861720706430123,0.5810226512934633,0.6023843070796139,0.02136165578615057,0.5769578907699479,0.6060086401985378,0.029050749428589984,0.03739365229385977,0.013007866574278552,0.015564149882863476,nan,nan
522,492,198798,backward,e,-,65,65.0,0.0,0.5250766466974341,0.003140842576478751,0.5209027609311017,0.5305259105114536,0.00962314958035193,0.5200407160444087,0.5318742312434106,0.011833515199001887,0.24167960376913428,0.005449263814019445,0.006797584545976454,nan,nan
522,493,197879,backward,e,-,85,85.0,0.0,0.5659133351161856,0.00532818124047653,0.5575684985902175,0.574485040412938,0.01691654182272051,0.5550374193418758,0.576249683821361,0.02121226447948521,-0.0027732819649690195,0.009634520685691105,0.01083014307064678,nan,nan
522,494,206923,backward,e,-,205,205.0,0.0,0.3974381369645186,0.002635545907292115,0.3950832015002724,0.4032883591246637,0.008205157624391335,0.39472519582878357,0.4046420790087186,0.009916883179935054,0.6855777551495713,0.005310660647127473,0.006664380531182401,nan,nan
522,495,198997,backward,e,-,105,105.0,0.0,0.5580531355952443,0.006462464510736267,0.548623298191781,0.5689212629643116,0.02029796477253054,0.5461582460190159,0.5710621341269042,0.02490388810788835,0.10132521766537485,0.011299123079376949,0.012583757992631228,nan,nan
522,496,202580,backward,e,-,50,50.0,0.0,0.38455340090827383,0.0006159826664787312,0.38387185996090245,0.38589391180377,0.0020220518428675227,0.38378060370457573,0.3862792994607081,0.002498695756132374,0.7073845086133955,0.0015212480433425542,0.0019066357002806567,nan,nan
522,497,202788,backward,e,-,55,55.0,0.0,0.383372973410355,0.0006755715588695066,0.38261361344361144,0.3847799042738296,0.0021662908302181316,0.3825491763354922,0.38511574574543983,0.00256656940994765,0.6182212130159374,0.0018152169373764123,0.0021510584089866613,nan,nan
522,498,207684,backward,e,-,83,83.0,0.0,0.3867859508233482,0.0012541239256518308,0.38573967617597765,0.3898038810765166,0.004064204900538937,0.3855506857986769,0.39067955277912925,0.00512886698045234,1.025532254164814,0.0031524052848867605,0.004028076987499407,nan,nan
522,499,203803,backward,e,-,129,129.0,0.0,0.3924332228126533,0.0008962540933404199,0.3911448648081063,0.39414359816783856,0.002998733359732275,0.39090095444695194,0.39502218063233,0.00412122618537808,0.4832062953972512,0.0023414351174585227,0.0032200175819500076,nan,nan
522,500,199856,backward,e,-,71,71.0,0.0,0.5951277344380069,0.006749666582876379,0.586307096973621,0.607701672804792,0.021394575831170992,0.5847156739068307,0.6114385950501543,0.02672292114332364,0.32221549370496944,0.012573938366785109,0.01631086061214737,nan,nan
522,501,199426,backward,e,-,63,63.0,0.0,0.5789257941502965,0.0040738519298347846,0.572348766322261,0.585068850263576,0.012720083941315075,0.5702391261117686,0.5868570633384264,0.01661793722665772,-0.09334050450907735,0.007314658708233523,0.00857708543245983,nan,nan
522,502,203815,backward,e,-,54,54.0,0.0,0.38135687014857533,0.0008178494138971942,0.38030796923506316,0.3830678523764487,0.002759883141385533,0.38009555099858805,0.38402235164181564,0.00392680064322759,0.9742412322743771,0.0018960328287318062,0.0028505320940987455,nan,nan
522,503,203992,backward,e,-,55,55.0,0.0,0.4032389932153203,0.0012328327098153,0.4013156418535057,0.40515296984022925,0.0038373279867235377,0.4011244805515942,0.4056563489022119,0.004531868350617696,0.042834864366998814,0.002071067502212587,0.002417355686891609,nan,nan
522,504,200743,backward,e,-,56,56.0,0.0,0.5588621508346459,0.004272678807632843,0.5532202161277676,0.5662874482928437,0.013067232165076104,0.551924444990318,0.5675919206230466,0.015667475632728634,0.19325171879248734,0.007110453408782552,0.007923784226313235,nan,nan
522,505,200948,backward,e,-,64,64.0,0.0,0.5768562653229762,0.005161984204650953,0.5692153526415904,0.584979772495916,0.01576441985432564,0.5681738676874598,0.5879605244856324,0.019786656798172597,0.13120049772767273,0.008750758320057709,0.010586478509796216,nan,nan
522,506,203805,backward,e,-,57,57.0,0.0,0.39036378157286516,0.00048218385295599567,0.38961363676952354,0.3911148493505148,0.0015012125809912846,0.3894661336577336,0.3914774638665317,0.0020113302087981233,0.14731497216995637,0.0011122517061247,0.001474866222141602,nan,nan
522,507,202015,backward,e,-,53,53.0,0.0,0.5592482355714643,0.004333569873915987,0.5529783504737046,0.5662494054315116,0.013271054957807005,0.5521594140571814,0.5681228396317523,0.015963425574570866,0.11685269879317528,0.007404021220656819,0.009277455420897529,nan,nan
522,508,206171,backward,e,-,67,67.0,0.0,0.3891237940740232,0.0008227428792790248,0.3881245776784353,0.3907356127656466,0.002611035087211333,0.388036719872553,0.39159676325476067,0.003560043382207667,0.6911412072837346,0.0017109220778340924,0.002572072566948136,nan,nan
522,509,205964,backward,e,-,67,67.0,0.0,0.4021479444642225,0.0016597891614962437,0.40032179254734646,0.4056996334233187,0.005377840875972262,0.39982796718300734,0.4071645997371892,0.007336632554181877,0.8183643873986922,0.003160241563755121,0.004625207877625603,nan,nan
522,510,209125,backward,e,-,115,115.0,0.0,0.4070859550760808,0.0032023563069550278,0.4025733732193945,0.4124456488444734,0.009872275625078863,0.4013441298369884,0.41427774817323376,0.012933618336245345,0.16041144252292985,0.005689506794580334,0.007264759870955595,nan,nan
522,511,210724,backward,e,-,57,57.0,0.0,0.41949552112098304,0.0029885687068215453,0.4148140498869343,0.42432991375855106,0.009515863871616737,0.4134609479334067,0.4252938900673494,0.011832942133942703,-0.11322804208729133,0.005338691396534733,0.006017626048817837,nan,nan
522,512,212535,backward,e,-,122,122.0,0.0,0.41428107161330796,0.003087468399432577,0.40966449498731855,0.4191073835021501,0.009442888514831549,0.40821435208193113,0.4206881894809351,0.012473837399003984,0.03057190475379867,0.005310229278295206,0.006423251842996525,nan,nan
522,513,214090,backward,e,-,65,65.0,0.0,0.42514297221258046,0.0018259248871377097,0.4221620939068093,0.42783827835176785,0.005676184444958543,0.42106752309942136,0.42853640410445737,0.00746888100503601,-0.1967921087014779,0.003299895093469506,0.0039394640257846,nan,nan
522,514,214080,backward,e,-,59,59.0,0.0,0.43603197510117214,0.003753506545414184,0.43094670675678637,0.44254951201244014,0.01160280525565377,0.4297860258683495,0.4436640361431381,0.013878010274788577,0.24186629504521426,0.006427840086659112,0.007542364217357045,nan,nan
522,515,214857,backward,e,-,54,54.0,0.0,0.4133889365302833,0.001979428324610202,0.41070750018940305,0.41681748168239985,0.006109981492996797,0.41015940478833945,0.4177812323260924,0.007621827537752923,0.1823638992349472,0.003451400736296073,0.004415151379988602,nan,nan
522,516,215211,backward,e,-,64,64.0,0.0,0.4342116692446057,0.003172124726035262,0.42948691818737583,0.4392165853508397,0.009729667163463851,0.4288812168697838,0.4396555215395156,0.010774304669731782,-0.0050872106341709605,0.005220601429248397,0.005500475870775623,nan,nan
522,517,215906,backward,e,-,72,72.0,0.0,0.47273887785365926,0.0035741562712128857,0.46712279380020477,0.4782123863680959,0.011089592567891104,0.46646369476561084,0.4789296934340386,0.012465998668427736,0.0035574333272663226,0.0059360637952900865,0.006462745239345036,nan,nan
522,518,215928,backward,e,-,60,60.0,0.0,0.44532258347724574,0.003305787138320399,0.4405241626160464,0.45057689289521047,0.01005273027916409,0.43989618454492424,0.45108486881198745,0.01118868426706321,0.055968856735459156,0.005693693037106848,0.006201668953883854,nan,nan
522,519,216270,backward,e,-,86,86.0,0.0,0.46041453534068244,0.0035010460314509988,0.4551246391791528,0.4658540805441841,0.01072944136503129,0.4543898142580062,0.4666852199781281,0.012295405720121944,0.01882789265059527,0.006073142272440851,0.006904281706384907,nan,nan
522,520,216466,backward,e,-,66,66.0,0.0,0.43509306736527353,0.0031465725806908915,0.43039202592047815,0.43992381071268527,0.00953178479220712,0.4297499663021358,0.440807315007403,0.0110573487052672,0.030354171873981307,0.005274847514515818,0.005646928880170932,nan,nan
522,521,217333,backward,e,-,50,50.0,0.0,0.42690729097190727,0.002508645797483779,0.4229501782964875,0.430592046185814,0.00764186788932647,0.42229807144782056,0.43131531622775854,0.009017244779937983,-0.042865929982062706,0.0041801467416627824,0.004672786181676325,nan,nan
522,0,18595,backward,w,deg,122,122.0,0.0,-0.019565354415107095,0.8417880011878159,-1.2617390585543717,1.3856792109741967,2.6474182695285684,-1.5853757578276486,1.5725711917175715,3.15794694954522,0.08219366039207925,1.4487590549494935,1.7723957542227708,199.6799528672658,0.9998920766662616
522,1,19899,backward,w,deg,97,97.0,0.0,0.09467852665355281,0.8898745043729533,-1.4854852836402925,1.2258875023291522,2.711372785969445,-1.7579616277076298,1.4140353086943662,3.171996936401996,-0.27761003043234606,1.5026883982540706,1.775164742321408,200.65007402031023,0.9998793947579132
522,2,18590,backward,w,deg,55,55.0,0.0,0.06577995056184704,0.6345235716017608,-1.1407566843459136,0.889148431010588,2.0299051153565015,-1.3574574626820777,1.0159220238892317,2.3733794865713094,-0.36483177875357187,1.1668133200936297,1.2935869129722732,200.7695835952305,0.9999386788091437
522,3,18148,backward,w,deg,56,56.0,0.0,-0.10025640016955606,0.8145297242996292,-1.0739489993419582,1.449011204607281,2.522960203949239,-1.3057389166531834,2.04718276053498,3.3529216771881636,0.6564207113448032,1.7296491144628376,2.327820670390537,202.12101089812086,0.9998989541458743
522,4,18805,backward,w,deg,57,57.0,0.0,0.13533866346097057,0.7289430131754724,-1.3503065891993458,0.9454679640206106,2.2957745532199563,-1.5756523801324533,1.0601029967282614,2.6357553768607147,-0.5436949076192893,1.4384292007041095,1.5530642334117601,201.3088681482393,0.9999190720051626
522,5,22540,backward,w,deg,54,54.0,0.0,0.0973510826757007,0.615784032398259,-1.1440133844816742,0.7866502853750531,1.9306636698567274,-1.3381632808704182,0.9094588594672643,2.2476221403376826,-0.5565417262454914,1.3003746346262015,1.494524531014946,200.52104666222516,0.9999422473166877
522,6,23178,backward,w,deg,95,95.0,0.0,0.008400573204482953,0.8509999936864101,-1.3403979487698137,1.3665319788037094,2.706929927573523,-1.6805087358092408,1.6612279903568492,3.34173672616609,-0.022566540183666956,1.5281877403457087,1.7563901574250167,203.95849197341892,0.9998897021088217
522,7,27210,backward,w,deg,188,188.0,0.0,0.03692844712696797,0.4956856832605069,-0.9246010637964119,0.7281967369843443,1.6527978007807562,-1.258144651163093,0.8467260167788311,2.104870667941924,-0.3943573304380669,1.0342103589765617,1.3677539463432424,201.88087091141506,0.9999625776704806
522,8,32632,backward,w,deg,89,89.0,0.0,0.32096228046825104,1.0314629561072244,-1.956955537657251,1.1485859534738097,3.105541491131061,-2.236017130983754,1.238294156367175,3.474311287350929,-0.7115021140363883,2.066383858617399,2.3454454519439025,205.66825243676828,0.9998379660127107
522,9,29454,backward,w,deg,75,75.0,0.0,0.09775777168681543,0.5155383370916423,-0.9006880646896548,0.6688431688360935,1.5695312335257483,-1.030004712864951,0.8046053644344227,1.8346100772993736,-0.40677824806702717,1.0957068757694173,1.2250235239447136,203.38952719840194,0.9999595199616037
522,10,29914,backward,w,deg,128,128.0,0.0,0.09882011356856424,0.4322912056792159,-0.788641808400466,0.5718036322136981,1.3604454406141642,-0.9527978669349011,0.7064643721982691,1.6592622391331702,-0.4812813511824642,0.9393254883526749,1.1034815468871102,202.97399160339864,0.9999715374951789
522,11,28999,backward,w,deg,79,79.0,0.0,0.05050664273986172,0.5021762119229644,-0.8553295000784175,0.6767327718509818,1.5320622719293993,-1.034173648643332,0.7968500530808171,1.831023701724149,-0.33667572109915594,0.8986087915515297,1.0774529401164443,203.7209546095023,0.9999615911181432
522,12,33080,backward,w,deg,194,194.0,0.0,0.10694232626902078,0.8603343466696016,-1.4991765296931134,1.2388236149816874,2.7380001446748006,-2.0948992953996424,1.5552395142647981,3.6501388096644405,-0.3527868439052252,2.0101628020309588,2.605885567737488,206.50921280120133,0.9998872698151986
522,13,30601,backward,w,deg,94,94.0,0.0,0.055605999332030365,0.2900602478254922,-0.5646098053797474,0.3935041973487173,0.9581140027284647,-0.7525823821329709,0.4484684878555072,1.201050869988478,-0.6581482890721683,0.669515676268419,0.8574882530216428,202.74052683538108,0.9999871855887811
522,14,30368,backward,w,deg,71,71.0,0.0,0.09910944494743035,0.37985794400714495,-0.6961447776141938,0.46810660574608676,1.1642513833602806,-0.8542697142410134,0.5653397387825692,1.4196094530235825,-0.6203525536198614,0.7552267439660909,0.9133516805929105,203.43559454649207,0.9999780232429322
522,15,31274,backward,w,deg,86,86.0,0.0,0.12703358512519003,0.48510801428038575,-0.9200962853934982,0.6071298747944596,1.5272261601879578,-1.1599936731702485,0.7398745734949159,1.8998682466651644,-0.6080160968084022,0.9001513423186509,1.1400487300954012,204.39604984189188,0.9999641577310181
522,16,31696,backward,w,deg,52,52.0,0.0,0.09345774601042933,1.0063585959019086,-1.7919406004791796,1.4276613238100437,3.2196019242892233,-2.358948814619538,1.6965567003444733,4.055505514964011,-0.4275152561541464,2.0103771286446617,2.5773853427850213,209.01814331846097,0.9998457577203406
522,17,32867,backward,w,deg,73,73.0,0.0,0.10185917892752627,0.4929100523788239,-0.9586344445623695,0.6169307523084568,1.5755651968708264,-1.1577374585294251,0.6911748906248079,1.848912349154233,-0.6648264035715264,1.0794955959348211,1.2785986099018771,204.7003985473361,0.9999629955851388
522,18,33318,backward,w,deg,61,61.0,0.0,0.09192061555037867,0.7174289644861778,-1.2127601708275222,0.9677988902089112,2.1805590610364334,-1.3806130727947732,1.0530989372866202,2.4337120100813934,-0.3119538283915003,1.3046807863779009,1.4725336883451519,205.5268145893892,0.9999216079481958
522,19,32403,backward,w,deg,52,52.0,0.0,-0.05117350676574972,0.5358880024919457,-0.8633856038490918,0.8575082739127948,1.7208938777618865,-1.0055093811549796,0.9540711864638638,1.9595805676188434,0.04481747638273326,1.2061007505194636,1.3482245278253515,205.6779828454534,0.9999562612551296
522,20,33089,backward,w,deg,56,56.0,0.0,0.07491585209493223,0.6619718399836669,-1.1057780859912043,0.9113415817330264,2.0171196677242307,-1.2561086295839914,0.9907612645079666,2.246869894091958,-0.27298497720085674,1.1177215248888217,1.2680520684816088,205.70819380147066,0.9999332586721602
522,21,33547,backward,w,deg,76,76.0,0.0,0.20065176494027526,0.6171134861929969,-1.1820268978639064,0.7129103974124931,1.8949372952763994,-1.3823218963221109,0.8198198836775816,2.2021417799996925,-0.7278358180278659,1.085607586976451,1.2859025854346555,205.6131642755345,0.9999419977014993
522,22,31291,backward,w,deg,114,114.0,0.0,-0.013266195757012156,0.26100608752082566,-0.3800431522770964,0.42517454903065754,0.8052177013077539,-0.48550294443575126,0.5479662361053101,1.0334691805410614,0.13437458623123577,0.45630653052302533,0.5230852617948187,201.98174929053366,0.9999896241297394
522,23,36300,backward,w,deg,90,90.0,0.0,0.14519500639033822,0.5224390924071177,-1.0714134434787568,0.5964321682419494,1.6678456117207063,-1.3027147669832004,0.7180030983203096,2.02071786530351,-0.8768755928565981,1.2561605790287258,1.4874619025331697,205.50288910940165,0.999958429262476
522,24,36991,backward,w,deg,85,85.0,0.0,0.1295277754213373,0.4232362478978835,-0.8390775834086355,0.517029008190775,1.3561065915994104,-1.0503966577038852,0.6060552327718653,1.6564518904757506,-0.7406916061312622,1.072821695432549,1.2841407697277987,205.26871348191426,0.9999727174255653
522,25,37882,backward,w,deg,55,55.0,0.0,0.03921055243364435,1.0683078137683921,-1.8085939533226054,1.4847475473958496,3.293341500718455,-1.9394662664857663,1.663068595260853,3.6025348617466193,-0.2128432447833092,2.0745440850057033,2.2054163981688646,210.28911750857276,0.9998261821440093
522,26,43665,backward,w,deg,170,170.0,0.0,0.2891350577721852,0.942546189229452,-1.7263754863311063,1.119000024253806,2.8453755105849123,-2.097465454415641,1.2278757410223022,3.325341195437943,-0.5571289026776146,1.7006877434073409,2.071777711491876,208.1260848737917,0.9998646961530416
522,27,39290,backward,w,deg,77,77.0,0.0,0.09155400270907421,0.475554585715389,-0.9119309375688829,0.6123987920642094,1.5243297296330924,-1.0817324573249607,0.7016020368029103,1.783334494127871,-0.628274519716936,1.0813155523468938,1.2511170721029714,206.82427834305113,0.9999655555282693
522,28,34031,backward,w,deg,89,89.0,0.0,-0.010495576744148138,0.26955177128831775,-0.4501405543829605,0.44173867900416325,0.8918792333871237,-0.5697107325568993,0.5478069141812227,1.117517646738122,-0.0023994587977747873,0.4900011051126114,0.5913758422171895,201.62261101830683,0.9999889335758473
522,29,37890,backward,w,deg,53,53.0,0.0,0.08676534073885023,0.6824891403903577,-1.1323277179073101,0.9079480812105885,2.0402757991178984,-1.5352539125796625,1.0221838594335395,2.557437772013202,-0.41917309347776777,1.2190930586461604,1.6220192533185127,209.24831537449748,0.9999290577461342
522,30,35172,backward,w,deg,69,69.0,0.0,0.007949980339191143,0.20808918171295207,-0.32818480072628514,0.31139550883385125,0.6395803095601365,-0.41279773553662835,0.36298965486366797,0.7757873904002963,-0.09184381440470737,0.3517388180575495,0.42406429390001676,202.79085970854885,0.9999934048777576
522,31,39731,backward,w,deg,54,54.0,0.0,0.1897737526785761,0.7930586253237767,-1.4493580216628827,0.9670273883320816,2.416385409994964,-1.7175904765011012,1.0323665791097767,2.749957055610878,-0.6251137596012306,1.5150750840472609,1.7833075388854809,210.14698257119548,0.9999042100741049
522,32,36997,backward,w,deg,53,53.0,0.0,-0.0031700559796945527,0.12834841715821058,-0.20286200089271347,0.20672461172850376,0.4095866126212172,-0.2832290491395213,0.24011288646775597,0.5233419356072773,-0.004493864843970971,0.24532487950066295,0.3256919277474708,204.59590065162894,0.9999974909728303
522,33,36315,backward,w,deg,67,67.0,0.0,-0.0023263474153623065,0.18735067932777172,-0.288995203979664,0.2805360706384704,0.5695312746181345,-0.3290769540934946,0.3138555761818509,0.6429325302753455,-0.058661639074302725,0.3187945164407722,0.3588762665546028,203.50965101914247,0.9999946539307192
522,34,35874,backward,w,deg,73,73.0,0.0,0.01536112262974143,0.2741200173283323,-0.43821655650849606,0.4472481134961638,0.8854646700046598,-0.5636599717822435,0.5424160888141216,1.106076060596365,-0.0390719287548207,0.5282186542796464,0.6233866295976043,201.16578964208043,0.9999885552988282
522,35,39284,backward,w,deg,110,110.0,0.0,0.06237023958702537,0.4042032383463581,-0.7352597770907664,0.5676125093159867,1.3028722864067532,-0.9412544277118684,0.6720249959028308,1.6132794236146992,-0.4452339127658623,0.7209923232758284,0.9269869738969305,207.8970876007264,0.9999751160002048
522,36,37232,backward,w,deg,63,63.0,0.0,0.006791596310023351,0.15555606093981758,-0.2460502410879201,0.23246238699638297,0.47851262808430306,-0.2773469998668645,0.26499098107080954,0.542337980937674,-0.0825623150411945,0.2532022833183646,0.27236105255539655,204.1037462870771,0.9999963144854833
522,37,37025,backward,w,deg,66,66.0,0.0,0.0050923168669356755,0.2919960273507012,-0.4713407274524144,0.4742789948434236,0.945619722295838,-0.586777616876617,0.5692700584880868,1.1560476753647038,-0.013320787848112753,0.5314490668340852,0.6173421766313538,200.65497285847175,0.9999870139645636
522,38,38171,backward,w,deg,77,77.0,0.0,0.013918699422220016,0.29153362132234123,-0.4737855489143044,0.4673415465788821,0.9411270954931865,-0.5777052951635255,0.5545496267682779,1.1322549219318034,-0.03185520342509579,0.5174285270961264,0.6213482733453475,202.0523994911144,0.9999870550575717
522,39,38415,backward,w,deg,62,62.0,0.0,0.004712950025293594,0.30628154295426646,-0.493749683788387,0.4778734921556064,0.9716231759439935,-0.6623254744679059,0.5918808572795626,1.2542063317474685,-0.05401235811357532,0.5832494566540303,0.6416040053048562,200.2146073035877,0.9999857122404135
522,40,40228,backward,w,deg,65,65.0,0.0,0.0024568394533162063,0.11085155947044399,-0.17016659386653146,0.17602531185619338,0.34619190572272485,-0.2120787637892647,0.2071173879814694,0.4191961517707341,0.0012881985919630738,0.23244094334916665,0.27435311327189993,205.00330358633445,0.9999981284213121
522,41,39083,backward,w,deg,59,59.0,0.0,-0.012892612683941707,0.2061438687953405,-0.30550387249175515,0.32647574257516676,0.6319796150669219,-0.43923948116315614,0.38570483583885107,0.8249443170020072,-0.05393071612545645,0.3450181853913419,0.42634686847921444,203.3582043872263,0.999993527610462
522,42,42970,backward,w,deg,139,139.0,0.0,0.09015764360000844,0.396462960643878,-0.7287871308199613,0.5436562397937109,1.2724433706136722,-0.9385203313277088,0.6468567834762666,1.5853771148039755,-0.5333367880820727,1.0482410544155072,1.2579742549232549,208.46107988242701,0.9999760599027604
522,43,41609,backward,w,deg,67,67.0,0.0,0.004772936896529245,0.11018000472923778,-0.166598630565656,0.16971186301938126,0.3363104935850373,-0.23980154367029627,0.19904421923848759,0.43884576290878385,-0.0918097473343595,0.18919331301729866,0.24261248513695932,205.36830304582512,0.9999981510292248
522,44,39559,backward,w,deg,74,74.0,0.0,0.004617523602092888,0.3208804554608991,-0.5221075260913836,0.5033272986449999,1.0254348247363834,-0.7076355645286583,0.6063029728583444,1.3139385373870027,-0.07850019687509888,0.6001784591304115,0.6704306985114385,201.6264168331905,0.9999843177324069
522,45,39341,backward,w,deg,60,60.0,0.0,0.0003749809195596754,0.3343928988071118,-0.5156006210946273,0.5118321556036036,1.027432776698231,-0.7612544120912901,0.6502292106210632,1.4114836227123533,-0.09057572928368285,0.6117397413323373,0.7749936037219527,199.70360297101803,0.9999829691603171
522,46,40696,backward,w,deg,57,57.0,0.0,0.002521184697542367,0.1757716163246393,-0.2773736497508139,0.27319330127887714,0.5505669510296911,-0.33679073140950777,0.3253888158920972,0.662179547301605,-0.044586307654554035,0.31310546786870075,0.34919931044632335,203.9912705614074,0.9999952943289584
522,47,40498,backward,w,deg,67,67.0,0.0,0.020862753266897016,0.40544256505781395,-0.6580015538033478,0.6196821899839192,1.277683743787267,-0.8484646655311963,0.7666666245895897,1.615131290120786,-0.07028461222183816,0.6969398513190497,0.8191652677383843,199.48088746343672,0.9999749631483789
522,48,42948,backward,w,deg,86,86.0,0.0,0.06780795232768355,0.6043837776890332,-1.0408209024326212,0.843134361682111,1.8839552641147321,-1.1782348470501347,0.9369407164398069,2.1151755634899416,-0.28128685868675485,1.1218901184000245,1.259304063017538,212.09629942158352,0.9999443657057497
522,49,41193,backward,w,deg,67,67.0,0.0,0.001407934276016931,0.4166512023883244,-0.6459087100754317,0.6219289833187929,1.2678376933942246,-0.9053720949605406,0.7460610388929183,1.651433133853459,-0.11150868532634135,0.7684886081706535,0.8354157737042271,199.03429706482407,0.9999735597174416
522,50,41642,backward,w,deg,58,58.0,0.0,0.004423030028235075,0.333547538405244,-0.5364979041255353,0.5076417681889466,1.0441396723144818,-0.6971561853949879,0.6150337571346256,1.3121899425296135,-0.0852510771594356,0.6322349311234419,0.6568651720751859,200.7080117232168,0.9999830551559474
522,51,41888,backward,w,deg,64,64.0,0.0,-4.4073855121951055e-05,0.40833044478137037,-0.6342740657508514,0.6478140935032666,1.282088159254118,-0.8005792308985065,0.842256079301194,1.6428353101997004,-0.013672538743485929,0.6930594076788337,0.8351904384961699,198.5633245512508,0.999974605220117
522,52,42128,backward,w,deg,75,75.0,0.0,0.004212355861142214,0.38107675406169406,-0.5964710641936989,0.6029378436917452,1.1994089078854442,-0.7511681874211718,0.8372453745610073,1.588413561982179,0.012437939776136563,0.689126948826029,0.9201782936276288,197.45450176115395,0.9999778819863846
522,53,42143,backward,w,deg,52,52.0,0.0,0.007917574945295769,0.267849306121031,-0.4287130440787479,0.4224825773589827,0.8511956214377305,-0.5575530791337258,0.551160216065739,1.1087132951994647,-0.03154104003083078,0.5324255970490412,0.5545896157318566,195.29678537516222,0.9999890729261015
522,54,45706,backward,w,deg,72,72.0,0.0,0.07618454247290174,0.642640812867867,-1.0564662006014287,0.883807417044801,1.9402736176462296,-1.1581423732665712,1.0371349739181426,2.195277347184714,-0.17206832141969253,1.1864990454753384,1.2881752181404806,212.17233859900634,0.9999370996501722
522,55,45714,backward,w,deg,72,72.0,0.0,0.060374637172060375,0.3853724187667477,-0.6476646303461167,0.553445997349003,1.2011106276951198,-0.816409018266711,0.6089970642686069,1.4254060825353179,-0.2878455630575024,0.6775313777432814,0.8462757656638757,211.01675672349467,0.9999773805127508
522,56,43285,backward,w,deg,58,58.0,0.0,-0.004878817037663907,0.4052919365199547,-0.6582235180708196,0.6244393700062261,1.2826628880770456,-0.8153292019050582,0.7801951125214828,1.595524314426541,-0.024370007106311698,0.6774282994514109,0.8000516195886576,196.80176543410403,0.9999749817417362
522,57,47545,backward,w,deg,58,58.0,0.0,0.08840884709263719,0.37368528800793976,-0.6447320164763127,0.4646874999259097,1.1094195164022225,-0.9269928191511951,0.4988305453629778,1.425823364514173,-0.6818523831274858,0.7420035561983567,1.0242643588732392,210.9464642655579,0.9999787316961624
522,58,46184,backward,w,deg,69,69.0,0.0,0.0013167836925731535,0.17203986891824752,-0.2902240989373581,0.2820560749685113,0.5722801739058694,-0.37119229726459935,0.34081515329555145,0.7120074505601508,-0.04099770107960256,0.33346979179432873,0.41443799012157,209.50291094515387,0.9999954920179213
522,59,43521,backward,w,deg,72,72.0,0.0,-0.0005779683239097722,0.314005111694578,-0.5039199063631514,0.5054162890954005,1.0093361954585518,-0.6539312946197242,0.6552360208440291,1.3091673154637533,0.004005855677292427,0.5842496651636012,0.7339410075041997,196.05425262235752,0.9999849825680244
522,60,46851,backward,w,deg,61,61.0,0.0,0.07482823346327905,0.4654802900675618,-0.9196849661257147,0.6530396524872515,1.5727246186129662,-0.9966268542708292,0.6987081907266202,1.6953350449974494,-0.5115271193046436,0.9575093607838312,1.0344512489289457,212.20596408782745,0.9999669993873401
522,61,44223,backward,w,deg,54,54.0,0.0,-0.004554452882416626,0.2916859201764345,-0.4199005838276378,0.4703682715203597,0.8902688553479975,-0.5337183270449941,0.6023046825829113,1.1360230096279054,0.16471744957417894,0.5236241689884508,0.6555605800510023,194.00616146183978,0.9999870415313844
522,62,44413,backward,w,deg,50,50.0,0.0,-0.02871868638155206,0.2795078712586391,-0.42802583360858365,0.47168284303568975,0.8997086766442735,-0.5764827444106402,0.6205128911061877,1.1969956355168279,0.16907481216256526,0.48929455322633963,0.618770456803162,199.52914451586312,0.9999881009904454
522,63,44650,backward,w,deg,89,89.0,0.0,0.0068457115368403265,0.39951400045975205,-0.6391917795658741,0.6704652756722562,1.3096570552381304,-0.8267835104051642,0.8811381819434985,1.7079216923486626,0.10713940608400137,0.7664462968054407,0.932242123856355,198.6258772942471,0.9999756900187398
522,64,47992,backward,w,deg,65,65.0,0.0,0.05266507350089,0.4352678889686731,-0.7005334413453568,0.6244170759320354,1.3249505172773923,-0.7768970654703935,0.6581699840790805,1.435067049549474,-0.16032614902317543,0.78778850334794,0.8641521274729769,212.0879517853723,0.9999711441250776
522,65,45366,backward,w,deg,70,70.0,0.0,-0.0008911010300778344,0.31779335366597755,-0.5247539472081784,0.5057780574324511,1.0305320046406294,-0.6916793827391814,0.6528567464502544,1.3445361291894358,-0.0071951365007251935,0.5931609613310627,0.7521648349504346,194.96209744079417,0.9999846180339113
522,66,45581,backward,w,deg,84,84.0,0.0,-0.02034775726943394,0.34795411887580463,-0.5480516709419859,0.6120805183714124,1.1601321893133982,-0.7084521858101596,0.7717830442320519,1.4802352300422115,0.15240982850027204,0.6254726809640956,0.7490069691923793,196.96110398988168,0.9999815598046884
522,67,46660,backward,w,deg,56,56.0,0.0,-0.0028462812859686437,0.15127889848970663,-0.22195957183166826,0.23573996184964585,0.4576995336813141,-0.258552607172021,0.25932508888257644,0.5178776960545974,0.04746858684860915,0.2532157446742076,0.2768008717071382,206.6035231513543,0.9999965143723483
522,68,46519,backward,w,deg,88,88.0,0.0,0.002877464889039061,0.3213432056591993,-0.521921431278247,0.5108736136814968,1.0327950449597436,-0.6677224486616922,0.6559089484236438,1.323631397085336,-0.06494230033270254,0.592643353159498,0.7303019248664668,194.35395477431263,0.9999842724728333
522,69,47340,backward,w,deg,52,52.0,0.0,0.001526831598141598,0.14891289432185031,-0.23436292824979005,0.24426961505798198,0.47863254330777205,-0.2792980672593899,0.285693635576564,0.5649917028359539,0.025991109260712922,0.2878633710619979,0.3327985100715978,207.47513129379112,0.999996622550676
522,70,49590,backward,w,deg,73,73.0,0.0,0.07868944075858053,0.33731545744791963,-0.6208531727584671,0.46935223557061356,1.0902054083290806,-0.7643014484852131,0.5051981927490772,1.2694996412342903,-0.569787434080676,0.6453912849446726,0.7888395606714198,212.10186036693887,0.9999826701733511
522,71,46932,backward,w,deg,52,52.0,0.0,-0.011868832379406058,0.26672090576989504,-0.38571108927869063,0.4403424752494199,0.8260535645281105,-0.49983108434946644,0.6566110384252113,1.1564421227746777,0.2770578328575589,0.5123349551999293,0.5789213589692395,200.21879203494856,0.9999891648006987
522,72,47649,backward,w,deg,97,97.0,0.0,-0.018231622902362687,0.37257408018034055,-0.5856175538017794,0.6309326976187718,1.2165502514205513,-0.7383744259453806,0.7823653458995068,1.5207397718448874,0.0926713500120154,0.726666143264606,0.762252126980087,196.00856929423958,0.999978857976305
522,73,49835,backward,w,deg,155,155.0,0.0,0.029100357445628333,0.47035321594901386,-0.7280685076643664,0.7131677434523708,1.4412362511167371,-0.8660938506640434,0.8153895667233257,1.6814834173873692,-0.042624532743989196,0.8815155981551098,1.019540941154787,209.05051872438622,0.9999663047632249
522,74,48348,backward,w,deg,105,105.0,0.0,0.002487646834623547,0.2834802557420379,-0.446276238081731,0.46573822277895255,0.9120144608606835,-0.5393961627024169,0.6080328359369389,1.1474289986393558,0.11506319669935468,0.5376379199107191,0.5891195240753859,193.83972004830937,0.9999877603669002
522,75,49023,backward,w,deg,105,105.0,0.0,-0.002762902895000252,0.3246978367395441,-0.510926084888979,0.5488457166282046,1.0597718015171835,-0.6368347872995912,0.7055702173329621,1.3424050046325533,0.12034167913572959,0.5978883536821911,0.7391907396528268,195.3304905197934,0.9999839423922403
522,76,48297,backward,w,deg,50,50.0,0.0,0.018048768941056892,0.2622992223755208,-0.435731264762876,0.40985142138380576,0.8455826861466818,-0.5832101387447324,0.44829555513084074,1.0315056938755731,-0.21238793448771115,0.4467534025267085,0.5777568640327786,200.96330560594026,0.9999895210657811
522,77,48780,backward,w,deg,63,63.0,0.0,-0.009526347834992066,0.32059942073879655,-0.5325305329119857,0.5142104288112535,1.046740961723239,-0.6891916218052074,0.6696368326282425,1.35882845443345,0.0272147311076062,0.6025320749488372,0.7577416162696693,197.4317318530572,0.9999843451982023
522,78,49452,backward,w,deg,81,81.0,0.0,-0.00991467986779071,0.36149801639252555,-0.5460351383288469,0.6292892227984339,1.1753243611272808,-0.808416902771512,0.7979740942858768,1.6063909970573889,0.07090940546396048,0.7118720576473834,0.8800861513783218,198.86415441344852,0.9999800963346512
522,79,51427,backward,w,deg,56,56.0,0.0,-0.025706720555874085,0.15119840551950517,-0.21862923313830862,0.2475919932367674,0.466221226375076,-0.25743635055124514,0.2711818086567064,0.5286181592079515,0.22733129650252257,0.24845534478032505,0.27394835950354945,211.8979903153019,0.999996518080761
522,80,49921,backward,w,deg,64,64.0,0.0,0.006292346072555688,0.2859212390435266,-0.4820644240473285,0.48641474217175273,0.9684791662190813,-0.6378835234996245,0.6539376098209857,1.2918211333206102,0.003464961537679595,0.566838411195765,0.7076910066674031,196.93610300431146,0.9999875486815059
522,81,51295,backward,w,deg,137,137.0,0.0,0.005489378785256349,0.3027286076771899,-0.4953458633400203,0.48153195184881936,0.9768778151888396,-0.6457614113826367,0.6311227816744918,1.2768841930571284,-0.050963766948578765,0.5687710488664549,0.7070270840629007,194.68820376442565,0.9999860418007326
522,82,51700,backward,w,deg,89,89.0,0.0,0.003317079397447742,0.4184113959753232,-0.6512122544132467,0.645294273282667,1.2965065276959136,-0.709460355224877,0.6864674390274388,1.3959277942523158,-0.0069780386969475455,0.6755698989284269,0.701481492369652,208.70884991513233,0.9999733358144742
522,83,52622,backward,w,deg,68,68.0,0.0,-0.020643793895672502,0.1448628194774601,-0.22931729755666055,0.23422372123551724,0.4635410187921778,-0.2737591763010414,0.25812342987057946,0.5318826061716209,0.06656869907230563,0.2554192596210484,0.29986113836542927,213.047703650183,0.9999968037690694
522,84,50818,backward,w,deg,58,58.0,0.0,0.004683937768589885,0.29028826169715505,-0.449021872167701,0.4571598260594143,0.9061816982271154,-0.5856115495728602,0.5942115821024458,1.179823131675306,-0.04153489504250797,0.48931873764598477,0.5971792525794797,198.31436733109499,0.9999871654194268
522,85,51058,backward,w,deg,71,71.0,0.0,-0.006038952371142159,0.2701919685626851,-0.4421731962606117,0.42937068426890335,0.871543880529515,-0.6019141551453799,0.5611128761167095,1.1630270312620894,0.06885657151396078,0.5058714174726902,0.5821146894844844,196.28079141064757,0.999988880949805
522,86,53315,backward,w,deg,87,87.0,0.0,-0.014243708436964653,0.1592134156763225,-0.2251594613570603,0.24805302864683088,0.4732124900038912,-0.40190354465923406,0.2760471285847359,0.67795067324397,-0.26202536963426876,0.2837473157385887,0.4604913990407624,213.5218033204574,0.9999961391461863
522,87,51510,backward,w,deg,56,56.0,0.0,-0.0001613885917635116,0.2903924241331015,-0.42831489025277136,0.46641062951410817,0.8947255197668795,-0.5642103742362394,0.603112165317583,1.1673225395538225,0.1101202669271585,0.5705783539437306,0.5837566320331007,199.73779256656346,0.9999871562095812
522,88,51777,backward,w,deg,67,67.0,0.0,-0.018264189963304034,0.3023387860812994,-0.4433736280392225,0.5324083951505709,0.9757820231897933,-0.5723553876249525,0.7267454402356748,1.2991008278606273,0.22196641676937193,0.5672237811495393,0.7185829088208209,197.6776943076826,0.9999860777319228
522,89,53908,backward,w,deg,145,145.0,0.0,-0.000851546206661169,0.26738226447137625,-0.41448820998676295,0.47435771943035526,0.8888459294171183,-0.4925380021379624,0.6410623728257008,1.1336003749636632,0.2605322513662622,0.6002632359746483,0.7669678893699938,195.43615984806755,0.9999891109993982
522,90,53348,backward,w,deg,96,96.0,0.0,-0.012117358334123196,0.5007033047081454,-0.748421099983446,0.7802786768648104,1.5286997768482564,-0.8354287344144211,0.8129118606907468,1.648340595105168,0.010931675350851076,0.9561270594599307,0.9887602432858671,208.64947952726368,0.9999618160536877
522,91,52717,backward,w,deg,59,59.0,0.0,-0.010335040890254277,0.27546244499905187,-0.4516936501196341,0.42853317040892813,0.8802268205285622,-0.6014013013464989,0.5458512432475686,1.1472525445940676,0.056685955779999464,0.5575444330274052,0.579763496644631,199.1569560499144,0.9999884429343422
522,92,53196,backward,w,deg,73,73.0,0.0,-0.013818101937573601,0.2760121631795214,-0.4332735726635974,0.4614566854531687,0.8947302581167661,-0.5234657219612586,0.606995398715668,1.1304611206769266,0.14373171128642162,0.5455161164310254,0.5775846559488684,196.87713904805048,0.9999883967615586
522,93,53820,backward,w,deg,78,78.0,0.0,-0.028525046387088082,0.34091784583227663,-0.5231664386390775,0.5558830458299923,1.0790494844690697,-0.562584066967247,0.58604845867535,1.148632525642597,0.0511559272548063,0.6144441578787422,0.6446095707241,207.80504401829825,0.9999822980176647
522,94,53403,backward,w,deg,61,61.0,0.0,0.017720501754808993,0.2616879125241018,-0.4237949117115818,0.41506080913487153,0.8388557208464533,-0.5632568743259299,0.4483033900173439,1.0115602643432737,-0.2170910302456734,0.4415154134663908,0.5809773760807388,200.5331535476569,0.9999895698531259
522,95,53654,backward,w,deg,72,72.0,0.0,-0.00957149139783553,0.31102845633276127,-0.5154710019426745,0.5167416051115399,1.0322126070542144,-0.6836597039774972,0.7357458874964493,1.4194055914739465,0.11902292561118771,0.5652548304985416,0.7152672638496824,198.3060806516378,0.9999852659420186
522,96,54763,backward,w,deg,64,64.0,0.0,0.026998877552216527,0.18069562616004564,-0.26610756582925743,0.25922989422170983,0.5253374600509673,-0.3537969476765568,0.2751037081145,0.6289006557910568,-0.1492066156849032,0.34376033875079626,0.4314497205980956,212.5936532985203,0.9999950269896501
522,97,55151,backward,w,deg,94,94.0,0.0,0.006653635624559229,0.22961247014864491,-0.3939814962146073,0.3746065080133163,0.7685880042279236,-0.44512268629003415,0.5085666976031291,0.9536893838931633,0.08808348950876813,0.4134645793807749,0.5401586846042505,196.09016916583698,0.999991970023246
522,98,54334,backward,w,deg,60,60.0,0.0,0.005136951441940596,0.3034602858188158,-0.5020822298274297,0.4928588980359805,0.9949411278634102,-0.6510620662189126,0.6317332034426215,1.2827952696615341,0.03949787657484318,0.5679460574707675,0.705305471392677,199.84259051401193,0.9999859742511088
522,99,54868,backward,w,deg,81,81.0,0.0,-0.010734529854431685,0.29726985505439285,-0.48598487923047173,0.46818189401616905,0.9541667732466408,-0.5289954608615801,0.5958309633110446,1.1248264241726247,0.15488410787191484,0.541311193997899,0.5731823968336869,197.40345822713408,0.9999865406398516
522,100,56191,backward,w,deg,51,51.0,0.0,-0.0002276335111730532,0.1458199457813522,-0.23182853249068103,0.2636036499581422,0.49543218244882326,-0.29152810225338044,0.28179648146411296,0.5733245837174934,0.010062418940115656,0.2825211532698262,0.2913004687422074,211.91736226679524,0.9999967613944553
522,101,55333,backward,w,deg,62,62.0,0.0,-0.011770943196552253,0.24481429431953022,-0.3550428506792002,0.4283226166750211,0.7833654673542213,-0.38105317340230727,0.44860695883380686,0.8296601322361141,0.13847483459842866,0.4501094851034139,0.4703938272621997,209.91906987499476,0.9999908715503375
522,102,55387,backward,w,deg,71,71.0,0.0,-0.018360840187455096,0.3061158526922321,-0.5049044171650081,0.507312661894062,1.01221707905907,-0.6499345906717053,0.6528141532493237,1.302748743921029,0.009026961627583572,0.5807831634048028,0.7223056090921602,202.10285521469243,0.9999857277031943
522,103,56520,backward,w,deg,68,68.0,0.0,0.01660239979311484,0.30920934659039373,-0.45088414031582147,0.49485317224685305,0.9457373125626745,-0.4791728944012448,0.6456681102500568,1.1248410046513015,0.17728393375425738,0.5010472981804838,0.6120627733798187,207.7903710161222,0.9999854377711249
522,104,55694,backward,w,deg,76,76.0,0.0,-0.014127820962087867,0.3359148266110175,-0.4986011155437282,0.6037850424726301,1.1023861580163583,-0.634152506793896,0.7597473527285956,1.3938998595224916,0.14686510161519892,0.6002899451725128,0.7012069636126341,198.9095576615268,0.9999828137839891
522,105,54985,backward,w,deg,54,54.0,0.0,0.010352267159476014,1.2952928750923445,-1.9771717936964932,1.9759159400375148,3.953087733734008,-2.190503523192916,2.200774631205121,4.391278154398037,-0.009868020537660487,2.101234685457005,2.228779278101399,27.117893986245676,0.9997444784536716
522,106,57123,backward,w,deg,97,97.0,0.0,0.013206519663214067,0.44995135400015135,-0.6609308240457948,0.6756277400793678,1.3365585641251627,-0.7615049895665038,0.9358308531802493,1.697335842746753,0.06408620350304686,0.7673784509059544,0.9169607464601484,209.15978776038335,0.9999691644577499
522,107,56072,backward,w,deg,73,73.0,0.0,-0.07635789996987796,1.1595806078684308,-1.6734188118698967,1.9005603900847625,3.5739792019546592,-1.9445911665788458,2.1915579602465414,4.136149126825387,0.15762895270116714,1.9505105844192994,2.169080259561383,22.835841718545616,0.9997952146859066
522,108,56076,backward,w,deg,76,76.0,0.0,-0.2187532075599279,1.3322136054762581,-1.7789146249757053,2.3775403887963478,4.156455013772053,-2.0087043229332266,2.673765163889186,4.682469486822413,0.4146241833571892,2.2884026954434944,2.584627470536333,23.308977365103765,0.999729707940915
522,109,56264,backward,w,deg,66,66.0,0.0,-0.01800756458871433,0.31173391524750454,-0.466375674775243,0.5439944344621495,1.0103701092373925,-0.6082167369231399,0.6946607839071532,1.3028775208302932,0.12795417868085363,0.576710188873534,0.7170192732554881,201.24145017848153,0.9999851990214512
522,110,55792,backward,w,deg,94,94.0,0.0,-0.016366182032300003,1.2624814159175695,-1.9463309140981935,1.8959914832737965,3.8423223973719898,-2.388226856898825,2.0654450042009387,4.453671861099764,-0.04429373397952883,2.03798749405385,2.4033158792815357,24.112512412039504,0.9997572591137782
522,111,56739,backward,w,deg,79,79.0,0.0,0.011940052244256094,1.0136183779228058,-1.5784489845283758,1.5375439384629597,3.1159929229913352,-1.7517668182983641,1.7671394200811221,3.5189062383794862,-0.0277094536154663,1.8527113214138182,2.026029155183778,27.98903201801327,0.999843522085367
522,112,58158,backward,w,deg,99,99.0,0.0,0.006577896201235944,0.2197949436813781,-0.34508548429909636,0.3534984614303908,0.6985839457294871,-0.44238847065912523,0.4899210507371379,0.9323095213962631,0.04574811003401815,0.40332394834091184,0.5397465376476589,196.62493079090896,0.9999926420157792
522,113,57515,backward,w,deg,87,87.0,0.0,-0.023411682947056534,0.3064832033049698,-0.4606189859308529,0.49700618653387213,0.957625172464725,-0.6009293447754374,0.6375624874623043,1.2384918322377416,0.1442247030639005,0.5504740668733092,0.6884388111908493,197.84364767355726,0.9999856934194391
522,114,56729,backward,w,deg,135,135.0,0.0,0.003705444305040828,0.6933019459357348,-1.0602905087845642,1.0790889304657383,2.1393794392503027,-1.3647223501430972,1.2207233596184324,2.5854457097615295,-0.006950490445672504,1.1693201608659705,1.3109334622585607,27.561693542866646,0.9999267918057174
522,115,57763,backward,w,deg,54,54.0,0.0,-0.02416094331643137,0.3713522195620714,-0.5144557687770984,0.5839242435821035,1.0983800123592018,-0.644421513804474,0.7304420733914583,1.3748635871959323,0.0665736361647017,0.6162829655125535,0.7628007953219083,207.43774189200258,0.9999789963900352
522,116,57190,backward,w,deg,67,67.0,0.0,-0.021929187298638908,0.31781250941641004,-0.47725367195072294,0.49569359836615656,0.9729472703168796,-0.6181770300949552,0.637120967831919,1.2552979979268741,0.0070509475465808415,0.5598130634581565,0.6931330735677363,199.6329956798842,0.9999846161762596
522,117,59536,backward,w,deg,152,152.0,0.0,-0.18213326447195755,1.4124812639755624,-2.0452548935706063,2.247131017097122,4.292385910667728,-2.4233023113756076,2.565941957766057,4.989244269141665,0.14733675594724288,2.301084400570013,2.5078675779486446,21.99120745378746,0.9996961557374485
522,118,56705,backward,w,deg,106,106.0,0.0,-0.0020595959246634266,0.4805263416322992,-0.740291229232966,0.7420075810840245,1.4822988103169905,-0.8492913728926226,0.8248045738316137,1.6740959467242362,0.00509112124150721,0.7860320701263745,0.8869980444115129,25.604339252329645,0.9999648314426134
522,119,58890,backward,w,deg,214,214.0,0.0,0.02004065054319426,0.8688833215158205,-1.2948380852631716,1.348247165750048,2.6430852510132197,-1.6248597852351452,1.504092603674593,3.128952388909738,0.02283197438616183,1.423965430945283,1.5901436602032106,23.274045316842543,0.9998850171630067
522,120,59056,backward,w,deg,57,57.0,0.0,-0.06657800551374748,0.3853846761680568,-0.5476507758423054,0.5649149554956915,1.1125657313379969,-0.6862483463878277,0.6815129617502009,1.3677613081380287,0.050163501601416284,0.6450463954765661,0.7616444017310755,207.21290430971453,0.9999773790657172
522,121,60114,backward,w,deg,132,132.0,0.0,-0.020006942587045273,0.36062894958531966,-0.5372227684934728,0.635641710269607,1.17286447876308,-0.5894959199781624,0.7936783516960304,1.3831742716741928,0.2488733091089171,0.659566267354802,0.8176029087812253,198.573133613555,0.9999801918967861
522,122,59707,backward,w,deg,67,67.0,0.0,-0.04661374861825607,0.33772682361380735,-0.5157717694552929,0.5471685915399177,1.0629403609952106,-0.6607947880371512,0.6984033356853843,1.3591981237225355,0.07452670074456955,0.6113635237666785,0.7563865423485368,208.82008927684342,0.9999826278696158
522,123,59436,backward,w,deg,70,70.0,0.0,0.005524457114177039,0.312098687310845,-0.5248181260112702,0.5039107456879233,1.0287288716991934,-0.6738122787323562,0.7100720004029597,1.3838842791353159,0.03872654691996017,0.5536109405961142,0.6931207107804198,200.1707655455342,0.9999851643651959
522,124,61508,backward,w,deg,59,59.0,0.0,-0.06148418614742468,0.4016508807777793,-0.5828432881614845,0.7053487758289009,1.2881920639903854,-0.6139801239299914,0.8701495669623114,1.4841296908923027,0.2556173334176967,0.7852657802388648,0.9500665713722753,194.69273607393365,0.9999754292374566
522,125,57957,backward,w,deg,122,122.0,0.0,0.16073077796387736,1.0665985321386633,-1.7928242474308902,1.4807803191716258,3.2736045666025158,-1.9606800583180757,1.7092833326495906,3.6699633909676663,-0.2523063631589114,1.787169330909267,1.9550251417964546,26.11898369182723,0.9998267377496176
522,126,59426,backward,w,deg,53,53.0,0.0,0.01046264613765402,0.2956103072497007,-0.4617396142787243,0.43865338556150846,0.9003929998402327,-0.5464481867870745,0.5759284759436127,1.1223766627306873,0.007978267803491208,0.5526825464456977,0.5654658298059587,201.5662257706662,0.999986690496719
522,127,61835,backward,w,deg,95,95.0,0.0,0.014209594080170973,0.20041846533057583,-0.3281794201686466,0.2820450707649058,0.6102244909335524,-0.40375758499163794,0.4085850805745679,0.8123426655662058,-0.11832762730853473,0.3886168610429024,0.4179671790718089,197.2048090755352,0.9999938821441616
522,128,60638,backward,w,deg,72,72.0,0.0,-0.015309164499697658,0.5103526296428107,-0.7653441179392274,0.8050391164926055,1.570383234431833,-0.9148354406546559,0.9040079668054091,1.818843407460065,0.05985486787628301,0.8455498886918875,0.9360449967845739,29.6427222763328,0.9999603301875452
522,129,62811,backward,w,deg,101,101.0,0.0,-0.005221211958030381,0.7023238049473194,-1.0603892081106494,1.183028839422093,2.2434180475327423,-1.2057770620997417,1.3313472923202596,2.5371243544200013,0.09288322336590872,1.1861496541859538,1.3341820265202387,207.61411500936407,0.9999248741751599
522,130,58929,backward,w,deg,74,74.0,0.0,-0.0008295765712205139,0.47488671934975124,-0.7483607390637914,0.74505907804167,1.4934198171054613,-1.0419266179955002,1.0126097796733404,2.0545363976688407,0.014972696116717818,0.8715345105479724,1.0505149897336707,26.396494821958466,0.999965652181134
522,131,61929,backward,w,deg,134,134.0,0.0,-0.011524515315826989,1.0817443067135237,-1.6186224787952923,1.6894281206969524,3.308050599492245,-1.7922497744183659,1.9079844198487592,3.700234194267125,0.051618914597688234,1.7630688241033625,1.876302396296154,22.823831169953028,0.9998217822089901
522,132,60628,backward,w,deg,65,65.0,0.0,-0.006051506168262222,0.4998576635980215,-0.7646020031415901,0.7591334182774631,1.5237354214190533,-0.8434803487809859,0.8355971275983052,1.679077476379291,0.014282902688612993,0.8165143744267822,0.8416486337665674,28.934964377052523,0.9999619449309991
522,133,60758,backward,w,deg,54,54.0,0.0,-0.036385342206216365,0.2820617934931811,-0.4830801831480159,0.4246800155720798,0.9077601987200956,-0.6331927139576976,0.5198483714725626,1.1530410854302602,-0.08988998566436164,0.570968562828375,0.5793082441562092,203.2019672230464,0.9999878825484398
522,134,63247,backward,w,deg,61,61.0,0.0,-0.004361600909732033,0.28707777908377197,-0.482577850745713,0.46295767279642064,0.9455355235421337,-0.5105054388962742,0.6249424058190414,1.1354478447153156,0.05039799406143338,0.48740237270891384,0.6293040067287734,196.16350387696104,0.9999874477381854
522,135,63326,backward,w,deg,93,93.0,0.0,-0.037435133265262266,0.7248688664921376,-1.0726955889317025,1.1519228938400543,2.2246184827717568,-1.2674565671563585,1.2935165871179493,2.5609731542743077,0.084311459332494,1.2144713990115745,1.3511794390701368,22.005264643118323,0.9999199736343177
522,136,63336,backward,w,deg,157,157.0,0.0,-0.0637417976744814,1.0844935308647223,-1.594131815622393,1.7744600684807605,3.3685918841031537,-1.8413506940294155,1.9957428516696325,3.837093545699048,0.13856475051381734,1.7966928196903835,1.9735896196453382,22.794033963014716,0.9998208755993866
522,137,62101,backward,w,deg,53,53.0,0.0,0.05446482960240928,0.38603954665466766,-0.5504821443087223,0.573451432164836,1.1239335764735583,-0.693085242531879,0.6629201283250836,1.3560053708569626,0.009465608900808914,0.6123492500064515,0.7549523482296081,208.72508071247194,0.9999773021213316
522,138,61464,backward,w,deg,67,67.0,0.0,-0.01949759519783356,0.29050379521357833,-0.45036258535701845,0.508130582150082,0.9584931675071005,-0.5902586983503113,0.6549933056758448,1.245252004026156,0.08211501058845605,0.5510458546620952,0.6928533765934333,200.68208535312314,0.9999871463588182
522,139,62167,backward,w,deg,82,82.0,0.0,-0.022580415499362516,0.2953012241232101,-0.45015653781060366,0.510968998401664,0.9611255362122677,-0.5946014739573116,0.6552632791221811,1.2498647530794926,0.18501422569021203,0.5555466988062691,0.6940291619183654,199.45573417558964,0.9999867183214137
522,140,65106,backward,w,deg,81,81.0,0.0,-0.056777131037108575,0.956057274543787,-1.412454906952064,1.5859632518997842,2.998418158851848,-1.7247706401280993,1.8321019608034135,3.556872600931513,0.11152517020366641,1.6467951624650823,1.9591108956411176,19.82413413841745,0.9998607891839048
522,141,61309,backward,w,deg,66,66.0,0.0,-0.03477619338173099,0.47616789219488737,-0.69446756758758,0.7583749215926332,1.4528424891802132,-0.8136960821253183,0.9321914392880615,1.7458875214133798,0.1523526340968202,0.8005101927650671,0.8834209151409027,28.619311813299202,0.9999654665280134
522,142,64602,backward,w,deg,99,99.0,0.0,-0.034318116223261086,0.6805790354470205,-1.0791007549318068,0.9912414892890468,2.0703422442208534,-1.2274436093231031,1.285101222557529,2.512544831880632,-0.04637838731136713,1.189164214610605,1.3375070690019015,207.36413218741768,0.9999294539831032
522,143,61454,backward,w,deg,53,53.0,0.0,0.02063909816439491,0.27829610405367794,-0.44234091199568865,0.44806654208569513,0.8904074540813838,-0.5305671840472996,0.5913797806652212,1.1219469647125209,-0.007633354984506292,0.553368587692745,0.5629337252408959,202.00052097462736,0.9999882039368903
522,144,64686,backward,w,deg,68,68.0,0.0,0.018607849258145848,0.3609197990249097,-0.5969591384120136,0.596461315971632,1.1934204543836455,-0.6281458869633809,0.7975449462024926,1.4256908331658735,0.0531998702027421,0.63652427205392,0.767156709646855,195.75169038064377,0.9999801599378464
522,145,66568,backward,w,deg,80,80.0,0.0,-0.0731702388228399,1.1418152277888387,-1.6564879671101096,1.8314347459104907,3.4879227130206,-1.852445227261768,2.079884592461184,3.932329819722952,0.09708476821705446,1.8928473633985161,2.0888046235501747,19.151348663094243,0.9998014405176044
522,146,68432,backward,w,deg,80,80.0,0.0,-0.11744336261477883,1.0344000997185439,-1.4054441755463956,1.8633066759088577,3.2687508514552532,-1.701828680504292,2.157611044644767,3.859439725149059,0.37403115680296406,1.9161968594935954,2.210501228229532,19.163174306822118,0.9998370415587216
522,147,64054,backward,w,deg,149,149.0,0.0,-0.05807038698037559,0.9568741904939556,-1.383110294765686,1.5992598116185206,2.9823701063842067,-1.6193994958513258,1.8131543554481198,3.4325538512994456,0.18065722574071802,1.5879019165605142,1.720047334288381,22.93389865911751,0.9998605509812875
522,148,61951,backward,w,deg,118,118.0,0.0,-0.04163561340261879,0.9588091828026544,-1.4145950054367944,1.5795918065490422,2.994186811985837,-1.5410232442246752,1.8052172810436105,3.3462405252682856,0.1477910104485748,1.5755709634449286,1.7749754405205351,24.712500759537477,0.9998599864132178
522,149,68054,backward,w,deg,59,59.0,0.0,-0.11224959873229068,1.0156037787596848,-1.4665515901580535,1.6491298765795501,3.1156814667376036,-1.6010486333707092,1.8748520177542218,3.475900651124931,0.18109856406293656,1.6440002179306048,1.8351478639842185,18.85537206105325,0.999842908463
522,150,63417,backward,w,deg,117,117.0,0.0,-0.07157185375189101,0.9291766270334749,-1.3435467229191658,1.5409338589444699,2.8844805818636354,-1.4915844252076909,1.731828645072767,3.2234130702804578,0.18217509808656696,1.5193244374784682,1.6939830972422385,29.18215561254776,0.9998685066533493
522,151,63516,backward,w,deg,50,50.0,0.0,-0.037990946722942454,0.3759147213496934,-0.5737332861389575,0.5559201032251793,1.1296533893641367,-0.6401902968721629,0.7039580096487725,1.3441483065209354,-0.01854261831148637,0.681794954844332,0.7482519655775377,208.5374897120689,0.9999784771132044
522,152,65334,backward,w,deg,124,124.0,0.0,0.01407231032098366,0.6420180802122747,-1.007011085309672,1.0362876684148687,2.0432987537245406,-1.1579674780576852,1.328287327686553,2.486254805744238,0.09358600676810486,1.0389417432910322,1.3103826861789685,206.87777119678367,0.999937221573566
522,153,63004,backward,w,deg,122,122.0,0.0,-0.06601198264237951,0.9881654647592433,-1.424715661542227,1.6297095712650325,3.0544252328072594,-1.5951401720948581,1.8849645494526897,3.480104721547548,0.1654236006862611,1.655011805096671,1.910266783284328,24.82572298704794,0.9998512817006413
522,154,64033,backward,w,deg,118,118.0,0.0,0.001088190251508081,0.39614740513404817,-0.6160852147972478,0.6254883880883126,1.2415736028855604,-0.9617641204620782,0.7308851577255098,1.692649278187588,-0.05158631619002238,0.6820272791731353,0.9731182199683701,21.176221710912607,0.9999760979731286
522,155,63186,backward,w,deg,55,55.0,0.0,0.010885020910279763,0.30156654960676516,-0.4670515752163766,0.4486074488090708,0.9156590240254474,-0.5688419326233145,0.5901976296677844,1.159039562291099,-0.00375814812980393,0.5748905785562585,0.5834215976057351,204.57339793028552,0.9999861487528394
522,156,63550,backward,w,deg,56,56.0,0.0,0.0051619312924913174,0.28218002977094114,-0.42431998652489966,0.43820708022801824,0.8625270667529179,-0.5636309030549,0.5818462534968774,1.1454771565517774,0.03043659397466783,0.5674651513303743,0.5747103057403535,203.73615454840223,0.9999878723891141
522,157,63916,backward,w,deg,70,70.0,0.0,-0.019594140409012084,0.2966984719467227,-0.44608452591337056,0.5309854502233392,0.9770699761367098,-0.5824567459519017,0.6768223950911363,1.259279141043038,0.13004300503633892,0.5577657154525412,0.7027513927903613,202.51231433909896,0.9999865923358737
522,158,63925,backward,w,deg,66,66.0,0.0,0.00031687277528646973,0.27557342997711587,-0.41536796807533705,0.42168828105091904,0.8370562491262561,-0.5492545159855524,0.5568239496815295,1.106078465667082,0.07978562608519414,0.5462146170402775,0.5539634386665284,201.23423271450818,0.9999884336186305
522,159,62333,backward,w,deg,108,108.0,0.0,0.04982133161277602,1.0041551611330874,-1.525064920634169,1.5434150072341124,3.0684799278682817,-1.7250970500788867,1.8082079223980827,3.5333049724769694,-0.0037920120457950583,1.678719749931706,1.8608799491831292,27.152036926095022,0.9998464298995383
522,160,65393,backward,w,deg,92,92.0,0.0,-0.0026172667614758893,0.23349308825473547,-0.34424188854071647,0.3681192718695016,0.712361160410218,-0.4711579926357956,0.5021080233451869,0.9732660159809825,0.04087726488557892,0.42065736694742667,0.5456641992860796,198.69596660357,0.9999916963056351
522,161,63370,backward,w,deg,125,125.0,0.0,-0.1562790575458166,1.1252815517196253,-1.6292039028075238,1.6770713233899073,3.306275226197431,-1.904098458849802,1.9510280537794529,3.855126512629255,0.045854853641084534,1.7559118448403865,1.947579984667442,25.62118058256102,0.9998071478844152
522,162,63762,backward,w,deg,53,53.0,0.0,0.011755289953327974,0.49584316953789837,-0.7683574292667117,0.7413613499793882,1.5097187792461,-0.931798293189388,0.9169922119112641,1.8487905051006521,-0.045380140942570014,0.8365540044653584,0.9801549167585506,28.409406784165956,0.9999625537559734
522,163,66810,backward,w,deg,101,101.0,0.0,-0.02672853544581244,0.542739902178322,-0.8965907038727892,0.8367244090838426,1.7333151129566318,-1.047666143232135,0.9811711635303197,2.0288373067624548,0.01625623232197598,0.8771997107542404,1.0201324623661776,206.3509555843172,0.9999551355997531
522,164,64798,backward,w,deg,61,61.0,0.0,-0.015787334101844408,0.5077923270608844,-0.7764232125283854,0.8092456563126404,1.5856688688410259,-0.9420761497838726,0.9488702659605792,1.8909464157444518,0.06582513307332265,0.9045756576039707,0.9837255193617693,25.01216393642783,0.9999607272316327
522,165,64468,backward,w,deg,104,104.0,0.0,-0.007050989312830325,0.5389771502119666,-0.8514803895387189,0.9067330231974263,1.7582134127361453,-1.0700136365151707,1.2526380016737448,2.3226516381889155,0.08162114881565345,0.9787690978301511,1.2978981784518737,27.44322684226503,0.9999557556120543
522,166,65946,backward,w,deg,84,84.0,0.0,0.018975341291607606,0.4803968717829491,-0.800741650981746,0.7580404190302217,1.5587820700119677,-1.0724421933708754,1.0141458669017993,2.0865880602726747,-0.07640512510416864,0.9089206001132296,1.15665068133697,28.89093729131302,0.9999648505017897
522,167,67738,backward,w,deg,304,304.0,0.0,-0.10021376123361847,1.3639713110690812,-2.0793202719931587,2.143320474797368,4.2226407467905265,-2.6030052552171696,2.671803866317333,5.274809121534503,0.07899360348216658,2.3036492990552726,2.743121586160555,24.30147089798465,0.9997166670315155
522,168,66448,backward,w,deg,88,88.0,0.0,-0.008945502416821682,0.3815001069309276,-0.5895772537614036,0.5639219500703462,1.1534992038317498,-0.8709849514748953,0.8488528990542648,1.71983785052916,-0.04347452428601608,0.7168712783594415,0.8600664080088904,205.3332825855883,0.9999778328323716
522,169,66474,backward,w,deg,76,76.0,0.0,-0.03948940551101998,0.28472180815815135,-0.46191519062814024,0.49911289651518587,0.9610280871433261,-0.6023470280028675,0.6402222163447959,1.2425692443476635,0.19943697279243017,0.5541563890744214,0.6952657089040315,201.73735816421996,0.9999876529260312
522,170,69498,backward,w,deg,67,67.0,0.0,0.0046791664346699235,0.20980926993991975,-0.3358515576152342,0.30287012643392186,0.6387216840491561,-0.35715101122443116,0.31508699282983343,0.6722380040542646,-0.12346747382590467,0.3309240210003054,0.3522234746095023,198.30931890433325,0.9999932953950803
522,171,67716,backward,w,deg,98,98.0,0.0,0.0010134381123236835,0.4794547932818761,-0.7272050017321803,0.7418844715912186,1.469089473323399,-0.8541061958612204,0.8125979446810732,1.6667041405422935,-0.008923910317307996,0.7718187819794406,0.898719976108481,22.319391922129633,0.9999649881140339
522,172,66464,backward,w,deg,74,74.0,0.0,-0.042259894684775645,0.3116756612829175,-0.48053379308103816,0.5040640815080735,0.9845978745891116,-0.6183507408371156,0.645619546034709,1.2639702868718246,0.0012255361179147224,0.5624377173481718,0.7039931818748073,203.12807262066917,0.9999852045547012
522,173,68575,backward,w,deg,63,63.0,0.0,0.0012887754365067394,0.5369607491763917,-0.8391457292761743,0.7910401026983208,1.630185831974495,-0.9486510182056236,1.0372024194724645,1.985853437678088,-0.016012419484998548,0.9253728485248132,1.0359136440359862,30.769696411459847,0.9999560859208423
522,174,66296,backward,w,deg,182,182.0,0.0,-0.0034311698983628958,0.8931636696730444,-1.4454989230215034,1.3947264370891472,2.840225360110651,-1.8053504917064345,1.726438929260695,3.5317894209671294,-0.034760369806453056,1.587630961236709,1.8510322788829399,27.51978956061998,0.999878502022424
522,175,68567,backward,w,deg,81,81.0,0.0,0.024365573561226483,0.44819862968417096,-0.7347681960030457,0.6633180794165412,1.3980862754195869,-0.9903812104974747,0.8227552980275732,1.813136508525048,-0.17705186552938382,0.7826357405448903,0.9424477456648788,30.24319497907545,0.9999694042530076
522,176,70594,backward,w,deg,152,152.0,0.0,-0.06507556223981226,0.7383398093086574,-1.0625501307354654,1.199342001598349,2.2618921323338146,-1.3425297686185615,1.4826720993272033,2.825201867945765,0.15227620709071213,1.2710240745747596,1.5475655553226204,205.2541394974569,0.9999169718120564
522,177,70637,backward,w,deg,112,112.0,0.0,-0.002052235530896951,0.2256400457834383,-0.4151041224529834,0.3007848037459808,0.7158889261989643,-0.4399113035442497,0.39481549558129814,0.8347267991255478,-0.1616139026534864,0.40607832560358614,0.42829890515398006,199.2762709010001,0.999992245461532
522,178,68213,backward,w,deg,55,55.0,0.0,-0.004939609989463634,0.25455492909279614,-0.3766990904166363,0.4006521541115205,0.7773512445281567,-0.4227038286266236,0.44526942384962354,0.8679732524762471,0.07106489708394852,0.43918395475045596,0.483801224488559,31.786290033541558,0.9999901306970542
522,179,71873,backward,w,deg,220,220.0,0.0,-0.01659693638892179,0.6481775626881876,-0.9907941618434932,1.022027495524632,2.012821657368125,-1.381787547962091,1.204982564548061,2.586770112510152,0.01388553811490754,1.099252973902341,1.434520949522323,19.441228186216318,0.9999360112269782
522,180,72670,backward,w,deg,184,184.0,0.0,-0.06416350428597184,0.8293371263080002,-1.2161783657352572,1.3554177947829855,2.5715961605182427,-1.5306515723813447,1.5744014481041972,3.105053020485542,0.1517407330858052,1.4233246122866063,1.6141069565211978,21.695497405158644,0.9998952454908233
522,181,71904,backward,w,deg,217,217.0,0.0,-0.03171354645894553,0.8460926244263927,-1.2835955440714373,1.3593955262873632,2.6429910703588004,-1.6872330122753283,1.7317214540551333,3.4189544663304616,0.07951386995078664,1.5024781967994782,1.8506790718619754,22.44059995302103,0.999890970236451
522,182,72029,backward,w,deg,75,75.0,0.0,0.016249907938856722,0.5985318474584297,-0.9365773853374832,0.9040378384224196,1.8406152237599027,-1.0372191090772844,1.0422832503981283,2.0795023594754127,-0.042563033673836646,1.072656826592106,1.1732985503319355,31.848528387268864,0.9999454377795483
522,183,74978,backward,w,deg,157,157.0,0.0,-0.019212810260569313,0.7751456586048268,-1.2331660704155183,1.2496428329783151,2.4828089033938334,-1.6323691702039866,1.6030646366604344,3.235433806864421,0.02993719204045876,1.4094342350569715,1.6439222819111592,18.539263750800945,0.9999084881681953
522,184,70005,backward,w,deg,224,224.0,0.0,-0.06407081641745549,0.9222545179449627,-1.351227964965446,1.4993266092527975,2.8505545742182434,-1.4779999576336422,2.0566215983924963,3.5346215560261385,0.2034854206453783,1.4915559216207384,2.0281128100621686,24.15136849951692,0.9998704587804533
522,185,70467,backward,w,deg,133,133.0,0.0,0.003701589374713876,0.7105325229016698,-1.1062069546724216,1.1080035338080676,2.2142104884804894,-1.4149840524159458,1.395222839048614,2.81020689146456,-0.008134126447968865,1.2246997904231136,1.4186856417906597,30.277316468014376,0.9999231078773034
522,186,69107,backward,w,deg,54,54.0,0.0,0.04394243416898291,0.18185710944579944,-0.3392440100625791,0.263793423109555,0.6030374331721341,-0.350176364691265,0.3464006433940199,0.6965770080852849,-0.09546654318982023,0.3334023965390792,0.4160096168235441,200.13326872891275,0.9999949628546729
522,187,70647,backward,w,deg,59,59.0,0.0,-0.062100855060293725,0.2722145594940751,-0.38425345733891164,0.5039111467130624,0.888164604051974,-0.40143495047124134,0.647604550597805,1.0490395010690463,0.5183593923943042,0.5801916860932692,0.7238850899780118,197.9902750211793,0.9999887138621001
522,188,70270,backward,w,deg,54,54.0,0.0,-0.021093947958291892,0.3063100582389639,-0.4672663714376526,0.4730960075885256,0.9403623790261781,-0.48476471974589685,0.7092398920470373,1.1940046117929342,0.20726823825463014,0.5049914878157999,0.7331114082628005,196.98924292446412,0.9999857095792919
522,189,69637,backward,w,deg,263,263.0,0.0,-0.009026806049632796,1.281146693095054,-1.9649246689605404,2.082781572521033,4.047706241481573,-2.2713444814444017,2.8876341906473613,5.158978672091763,0.10836315250812391,2.2056130776566416,2.8346067829229753,25.089804999225642,0.9997500312947595
522,190,69469,backward,w,deg,90,90.0,0.0,-0.05889308128689663,0.32686399883882905,-0.48595943631602834,0.5570204168082394,1.0429798531242678,-0.6219465457015758,0.7586281420902594,1.3805746877918352,0.15417083681340552,0.6283726149432706,0.8299803402252905,202.3300631360076,0.9999837274276245
522,191,71008,backward,w,deg,126,126.0,0.0,-0.03540875413558808,0.3338866077197048,-0.5923919240011699,0.5084744352330404,1.1008663592342103,-0.7354764557298097,0.6422686132908666,1.3777450690206763,-0.10805205292194031,0.5592411387192726,0.6900095552499295,201.21846137531833,0.9999830206894076
522,192,74929,backward,w,deg,57,57.0,0.0,-0.2647456112323425,1.0518888939479019,-1.3438031773704266,1.8198793437830199,3.1636825211534463,-1.6150791990588118,2.1902477496428503,3.805326948701662,0.4240159685029415,2.232792354756503,2.6031607606163334,196.77115048856143,0.9998314844628414
522,193,68168,backward,w,deg,74,74.0,0.0,0.04341855072991052,0.7059574920969002,-1.1467812443140004,1.0374298129170565,2.1842110572310567,-1.4278485394714835,1.2660425200469376,2.693891059518421,-0.13947718092628625,1.2260785524574471,1.4801534123591296,28.43386658129528,0.9999240948968725
522,194,72414,backward,w,deg,70,70.0,0.0,-0.03310207546520871,0.512612944479092,-0.7522921522042949,0.8135681141461488,1.5658602663504437,-0.8655007541581767,0.938984957296185,1.8044857114543618,0.09786644266994647,0.8847237687039395,0.9979323706578214,31.728279358416994,0.9999599780193607
522,195,71369,backward,w,deg,170,170.0,0.0,-0.04404730042307392,0.5132135713024386,-0.8226088538626384,0.7954773116291391,1.6180861654917775,-1.025978221288966,1.0753625715825592,2.1013407928715253,0.030264771633800383,0.9764882440396733,1.1196234959631965,204.2517279425714,0.9999598842550071
522,196,73817,backward,w,deg,118,118.0,0.0,-0.01927289902410223,0.6004791450681876,-0.890491639253689,0.9343939805556074,1.8248856198092964,-1.020725673667016,1.1140650721724228,2.134790745839439,0.06570901383142523,0.9958930704932099,1.175564162110021,19.756317004799296,0.9999450821568315
522,197,81346,backward,w,deg,213,213.0,0.0,-0.10560640330285764,1.0122160525260626,-1.4003953077561277,1.7661997990337392,3.1665951067898668,-1.5965134295662438,2.0603547637496717,3.6568681933159155,0.30103472718295377,1.8377813862137595,2.1319363509296636,19.0122797183286,0.9998439552641971
522,198,69688,backward,w,deg,54,54.0,0.0,0.0012941385393361315,0.6298350049758918,-1.0602174688997905,0.9294785495078922,1.9896960184076828,-1.26124364068653,1.1559249226851307,2.4171685633716606,-0.12431447613137037,1.1442662371966756,1.3452924089834255,28.993242333546092,0.9999395815901501
522,199,70970,backward,w,deg,90,90.0,0.0,-0.020197458704643623,0.4181294018368499,-0.732482317924618,0.6899986737670247,1.4224809916916428,-0.8744826394991492,0.8364959202279465,1.7109785597270957,-0.0742086258058023,0.7157691525992291,0.8587537053207939,206.48791129363556,0.9999733717962513
522,200,75710,backward,w,deg,53,53.0,0.0,-0.045027494982235794,0.7524996842862673,-1.126730331301212,1.1950317829469044,2.3217621142481164,-1.3594799921280867,1.464953439416547,2.8244334315446338,0.051386499496181404,1.2713301909264771,1.514051096057898,197.48457352284356,0.9999137567332483
522,201,73174,backward,w,deg,75,75.0,0.0,-0.010386124529503604,0.6803862020553073,-1.052432417073203,1.0101338294064361,2.062566246479639,-1.2845814224537833,1.1938691346362873,2.4784505570900706,-0.057705801020837354,1.123607138003743,1.2574626054428677,30.78618663439615,0.9999294939535761
522,202,74484,backward,w,deg,205,205.0,0.0,-0.04988268979562349,0.5609847304501334,-0.8776713971597871,0.9170899527878589,1.794761349947646,-1.1524874776430636,1.3313602677475274,2.483847745390591,0.13926511726798751,1.0735816782663767,1.3808527529882895,203.42580013577307,0.9999520687288329
522,203,75295,backward,w,deg,113,113.0,0.0,-0.07586483980293224,0.2799536082642497,-0.3748088523780666,0.518374266900388,0.8931831192784546,-0.39317990125647384,0.8660579001359281,1.259237801392402,0.7176833076506763,0.6094136638720261,0.9570972971075662,200.06789992828675,0.9999880630288925
522,204,74995,backward,w,deg,108,108.0,0.0,-0.034331568655574074,0.511183342967197,-0.7553019538746255,0.819793076524972,1.5750950303995976,-0.952715809219228,1.011425385328721,1.964141194547949,0.11735900898117288,0.8653232451958544,1.019708696304093,20.14312926936525,0.9999602009577261
522,205,75394,backward,w,deg,113,113.0,0.0,-0.036706374892389704,0.5270609673809794,-0.7728414495994173,0.8456705792429998,1.618512028842417,-0.9710168376928152,1.042330681409112,2.013347519101927,0.1343658633289537,0.9078536493131194,1.0790370563015017,20.47187245376465,0.9999576902308238
522,206,78088,backward,w,deg,62,62.0,0.0,-0.015813862694329828,0.7732677901372705,-1.1641564831277662,1.3439942616983396,2.508150744826106,-1.4582837058136136,1.6178839731997812,3.0761676790133947,0.13514956125657498,1.4945139174178743,1.768403628919316,197.21086722733034,0.9999089310337446
522,207,74751,backward,w,deg,58,58.0,0.0,-0.01200785484091682,0.4774693963329798,-0.7564665832889361,0.7525953846312333,1.5090619679201693,-0.9302030365315375,0.8510364158701691,1.7812394524017066,-0.024227974255249547,0.8046948305868412,0.9614925528752849,31.85757082078411,0.9999652775064156
522,208,75684,backward,w,deg,143,143.0,0.0,0.04264079090546602,0.3923596778126857,-0.6320328641093681,0.5948328586242042,1.2268657227335722,-0.6498869029286425,0.7289592111344518,1.3788461140630943,0.004903643565455186,0.6812077865210313,0.8153341390312789,201.0091810486234,0.9999765528322269
522,209,77286,backward,w,deg,80,80.0,0.0,-0.09639348711792195,0.5793317994073203,-0.7472632379140947,1.0739075715989794,1.821170809513074,-0.8963783016060063,1.5990808976549715,2.495459199260978,0.6415023539143789,1.1003717275978455,1.6255450536538376,198.27652471221603,0.9999488825361219
522,210,75792,backward,w,deg,97,97.0,0.0,-0.018713300399753052,0.45124068868195266,-0.6848364001914945,0.7096864182184047,1.3945228184098992,-0.8487599380145809,0.884562739472841,1.733322677487422,0.07241789552857868,0.7738879052048616,0.882753680334531,20.730867463034848,0.9999689874910866
522,211,75431,backward,w,deg,122,122.0,0.0,-0.08679099780671606,0.7369439046757758,-1.0629918371509106,1.2242977956404044,2.287289632791315,-1.3352632357018024,1.59308315618469,2.9283463918864925,0.2429800820676919,1.2704730277634295,1.5209102911936156,23.624887167410836,0.9999172855603073
522,212,74738,backward,w,deg,52,52.0,0.0,-0.010518541193476949,0.6474464885768194,-0.9781468786131455,0.9864170992167686,1.964563977829914,-1.149765389468996,1.1820889364116738,2.33185432588067,0.026268747860588,1.1203768294722378,1.3160486666671432,31.10264782086726,0.9999361554289352
522,213,76879,backward,w,deg,70,70.0,0.0,0.029338538561319183,0.361380877578336,-0.5306742596136417,0.5858819581777098,1.1165562177913515,-0.5439655427677508,0.5897305522310035,1.1336960949987542,0.10427202451884104,0.5686633674164284,0.5819546505705375,199.41109450129832,0.9999801091877031
522,214,83339,backward,w,deg,121,121.0,0.0,-0.05000992265948412,0.723561172059272,-1.095731800015784,1.200407163448176,2.29613896346396,-1.3786293502857632,1.640632941351413,3.019262291637176,0.19640855961898634,1.306330666834782,1.6906428640108686,17.177061638663993,0.9999202625074471
522,215,76462,backward,w,deg,129,129.0,0.0,-0.02890183533517643,0.48167608874802065,-0.7147924303011962,0.7872419469950159,1.5020343772962121,-0.8491788285341499,1.0615433245221197,1.9107221530562697,0.14114967653410795,0.8185402325206667,1.0901941721118362,202.58201594685542,0.9999646629900598
522,216,76343,backward,w,deg,68,68.0,0.0,-0.009649134513296076,0.3095581696984505,-0.47620773372078135,0.48568447839642626,0.9618922121172075,-0.5188436242775651,0.5396399161516001,1.0584835404291653,0.048186686143873725,0.5297549934234326,0.5837104311785879,33.041264649912634,0.9999854048906717
522,217,74850,backward,w,deg,53,53.0,0.0,-0.03804791030006527,0.3102136466011032,-0.4810190087954709,0.5278444773335081,1.0088634861289791,-0.62160724474262,0.6738564712842106,1.2954637160268305,-0.0072334299114576095,0.5756089987107998,0.7204403719656227,207.20564077030897,0.9999853430355634
522,218,79912,backward,w,deg,99,99.0,0.0,0.01052187873202115,0.6792079111099644,-1.0569727963316666,1.0429874432374788,2.0999602395691452,-1.2631157672791744,1.1535829579676715,2.416698725246846,-0.01249798475671194,1.13105573946155,1.2579520564873405,32.521305101703156,0.9999297379273151
522,219,76043,backward,w,deg,90,90.0,0.0,-0.057662847281150675,0.38557461132905074,-0.6248400906593318,0.6367723412092928,1.2616124318686246,-0.7666912287456285,0.7794160877818115,1.54610731652744,0.08842239716579983,0.7013999478456754,0.8388251261796711,205.6630052104481,0.9999773567920732
522,220,80077,backward,w,deg,76,76.0,0.0,-0.0275968668959905,0.7529943175919267,-1.1402485635267183,1.1870793575153442,2.3273279210420625,-1.158383153587863,1.450132607438718,2.608515761026581,0.13463096609349579,1.2132213815729216,1.4762746314962953,198.0316895153015,0.9999136431618432
522,221,86199,backward,w,deg,237,237.0,0.0,-0.08250512755012096,0.8273096481721829,-1.1413657462623519,1.4466078309829524,2.5879735772453043,-1.2460798316760986,1.8882952445212595,3.134375076197358,0.33741276725710945,1.488602055616877,1.9302894691551842,20.659036232149933,0.9998957573266835
522,222,80174,backward,w,deg,132,132.0,0.0,-0.008605048078635491,0.51647743035265,-0.7865921696334425,0.8094790179685516,1.5960711876019942,-0.8807627432152003,0.89107874980715,1.7718414930223503,0.034259469069540326,0.8454994809168779,0.8869753453566034,21.762660152364536,0.9999593723114887
522,223,83275,backward,w,deg,65,65.0,0.0,-0.04964881607881466,0.8141957613269561,-1.140689148999968,1.369779843370645,2.5104689923706127,-1.2869192592692968,1.6551983793747809,2.9421176386440777,0.21783674333040484,1.3565352615411312,1.5717904792064132,200.18634874946807,0.999899035555907
522,224,83256,backward,w,deg,297,297.0,0.0,-0.008364603910536061,0.6360650199707254,-0.9333725457154912,1.0667431280613526,2.0001156737768437,-1.0698844100281804,1.2267592732089838,2.296643683237164,0.11040125696671244,1.070732617303588,1.224601171511381,202.80568117680076,0.9999383803629619
522,225,81258,backward,w,deg,71,71.0,0.0,-0.04014048331814024,0.35783034591728835,-0.5176774967569315,0.6221335715989085,1.13981106835584,-0.5890343345556914,0.8831361575375354,1.4721704920932268,0.4067002323570412,0.6620554321187626,0.9230580180573895,200.97380913222696,0.9999804981602411
522,226,78827,backward,w,deg,93,93.0,0.0,0.0024174604193092364,0.42259516971665917,-0.689033697380205,0.6957489461735121,1.3847826435537172,-0.9650490405114454,0.9770073872705325,1.9420564277819778,0.013878793633511157,0.826516769371716,0.977100584175389,204.88132224827166,0.9999727999938467
522,227,83935,backward,w,deg,81,81.0,0.0,0.06369097429310955,0.568418729067451,-0.9207564996424651,0.8205839756184901,1.7413404752609551,-1.109624775461981,0.8781491465200304,1.9877739219820114,-0.19547575929158342,0.9996880045342209,1.1885562803537084,32.8688110243279,0.9999507898167767
522,228,82985,backward,w,deg,157,157.0,0.0,0.003933563305650978,0.5594516900462331,-0.8529216398512688,0.8809300056945232,1.733851645545792,-0.9620558671074662,1.1653644330266957,2.127420300134162,0.060824480010488284,0.9264596974145433,1.2108941247466873,21.86395033099592,0.9999523301893695
522,229,90600,backward,w,deg,108,108.0,0.0,-0.06629390061118556,0.6794151007734863,-0.9654491357734045,1.1141702435483594,2.079619379321764,-1.1783099500758851,1.4220545926468446,2.6003645427227298,0.23175827974576904,1.2758936712493123,1.5837780203478076,16.30276418548627,0.9999296951533124
522,230,84985,backward,w,deg,173,173.0,0.0,-0.03960872465623311,0.5130919944422111,-0.7359183057437348,0.8904391341608177,1.6263574399045524,-0.8988525830201866,1.2515608911144227,2.1504134741346093,0.3208892886854264,0.8988358173089525,1.2589960537731315,20.377654071899,0.9999599032919586
522,231,79611,backward,w,deg,51,51.0,0.0,-0.009510586935419951,0.33650275300513155,-0.5836002583893958,0.550673196855783,1.1342734552451788,-0.7258112423192813,0.6955041384583751,1.4213153807776564,-0.0938778241287973,0.574020413106922,0.7139172129663223,206.98932609540154,0.9999827535751955
522,232,85006,backward,w,deg,83,83.0,0.0,-0.022782473073334586,0.5226116747307745,-0.7940677597089121,0.8457983694107095,1.6398661291196217,-1.0399588686828736,1.0673656085002392,2.1073244771831128,0.06806063281215621,0.9395057352824664,1.1390727970099874,22.341611870979357,0.9999584015934179
522,233,93015,backward,w,deg,78,78.0,0.0,-0.11148018624867007,0.7771194642329942,-1.064587490297778,1.331592792606437,2.396180282904215,-1.2049327401022936,1.5248168566901654,2.729749596792459,0.32955348252664307,1.3654368606472866,1.558660924731015,15.647737745508277,0.9999080212598622
522,234,91002,backward,w,deg,87,87.0,0.0,-0.029866821107788155,0.7530794527990161,-1.0561125792742245,1.2311949323040183,2.287307511578243,-1.2045459435389319,1.3905569884505837,2.5951029319895156,0.18781548155448863,1.2070215015421781,1.3327139049983145,15.886064125606298,0.9999136235903899
522,235,80834,backward,w,deg,71,71.0,0.0,0.009302765599358054,0.41402035363357975,-0.5991104498851172,0.6991218244182988,1.298232274303416,-0.8022316035248025,0.9731025508036169,1.7753341543284193,0.29207534542068936,0.7514406094794737,0.958780211152515,204.02855348882966,0.9999738925958811
522,236,84069,backward,w,deg,81,81.0,0.0,0.034099163179917014,0.39574959685298167,-0.6247074533238788,0.6870403019608773,1.311747755284756,-0.7598091437835706,0.9444454291376303,1.7042545729212009,0.19905120264563073,0.7810307663433207,1.0384358935200737,201.82601391940005,0.9999761459866232
522,237,88993,backward,w,deg,234,234.0,0.0,-0.009104680514781194,0.6140013794507755,-1.0201397126669263,1.0146076350516195,2.034747347718546,-1.3433734684047067,1.3001453748187828,2.6435188432234895,-0.005754704719196858,1.1466464368438536,1.4286674768618752,17.03875905593887,0.999942581205161
522,238,86978,backward,w,deg,150,150.0,0.0,-0.019887506841868685,0.48380019586768264,-0.7390709952075156,0.7666405982681792,1.5057115934756948,-0.9275495955449173,0.9491935997585585,1.8767431953034759,0.07645339688687884,0.8274236967135832,0.9590301001027228,17.709264430231215,0.9999643506305732
522,239,85566,backward,w,deg,63,63.0,0.0,-0.001768867342377689,0.2692153551190598,-0.42367469079012776,0.4133499136215135,0.8370246044116413,-0.462887584366797,0.45758882346507335,0.9204764078318703,-0.038481407610984134,0.4662940483986688,0.5055069419753409,34.05910482519168,0.999988961172791
522,240,87788,backward,w,deg,112,112.0,0.0,-0.020267968465759623,0.47662943287856563,-0.7019494193849752,0.7547043110529371,1.4566537304379124,-0.8785719989331824,0.8816895063269499,1.7602615052601323,0.07948672627629871,0.7922305753971569,0.9275220651179552,17.939606179579375,0.9999653995461921
522,241,91438,backward,w,deg,194,194.0,0.0,-0.038164276406220665,0.6076622185765911,-0.8962362340428868,0.9855682301994704,1.8818044642423573,-1.0849819290169478,1.3226257881184438,2.4076077171353916,0.15771016904380247,1.072201877273892,1.4092594351928653,19.35906772765869,0.9999437605203774
522,242,89844,backward,w,deg,201,201.0,0.0,-0.06834052796025958,0.5350745307715533,-0.74517517194937,0.9318730744330992,1.6770482463824692,-0.8710142736746604,1.3084579333948625,2.179472207069523,0.3789419643333101,1.0315979672690503,1.4081828262308136,21.445345754787596,0.999956393973646
522,243,95842,backward,w,deg,263,263.0,0.0,-0.08336429581370908,0.670465277220492,-0.9191364526369767,1.1491217797690294,2.068258232406006,-1.153240330553814,1.4102624394582506,2.5635027700120645,0.3023251976946922,1.2539530771441973,1.5150937368333928,18.01554969165092,0.9999315351489173
522,244,83229,backward,w,deg,56,56.0,0.0,0.01511821593905438,0.3742970586788921,-0.5435297590911645,0.6115577730500448,1.1550875321412093,-0.6804098698519283,0.7565364514438784,1.4369463212958067,0.16531941315659024,0.7053597233922488,0.7279306308617493,206.47694327519443,0.9999786619708816
522,245,95443,backward,w,deg,244,244.0,0.0,-0.08315180523617016,0.628125492852794,-0.8654566251977116,1.084717156034712,1.9501737812324236,-1.0727167622317495,1.3525747693791743,2.425291531610924,0.32886520393051544,1.1704423438727387,1.4382999572172253,18.381302734110594,0.9999399090741287
522,246,93446,backward,w,deg,224,224.0,0.0,-0.06848053867494741,0.594130271372293,-0.8449791305214476,1.008735701325098,1.8537148318465455,-1.0320324321388057,1.2731654264278802,2.305197858566686,0.26443966459197854,1.0381784455232477,1.30260817062603,18.818428327672187,0.9999462373746331
522,247,86776,backward,w,deg,53,53.0,0.0,-0.04790209908617271,0.44326249575018245,-0.6426201976084144,0.7246831974805444,1.3673033950889588,-0.7357237511302515,0.7999128482111928,1.5356365993414443,0.18680068903230246,0.7872182889479403,0.8624479396785887,34.00473219120551,0.9999700744132535
522,248,83640,backward,w,deg,54,54.0,0.0,-0.07937229115012201,0.2969078794472895,-0.38125296331528774,0.5219804841739624,0.90323344748925,-0.39280644096285755,0.7568993399158046,1.1497057808786622,0.5652505659164582,0.48299315523610675,0.7087005765471872,205.2062480648658,0.9999865734089264
522,249,88110,backward,w,deg,61,61.0,0.0,0.03559047000058513,0.5758821916208091,-0.8789528812724541,0.9456584243136206,1.8246113055860746,-1.1436589398736317,1.2033074640575592,2.346966403931191,0.005534106308771766,1.0483980812948346,1.1813392923957622,201.94449851783486,0.9999494892290363
522,250,95422,backward,w,deg,109,109.0,0.0,-0.011585098043497055,0.5341849694501938,-0.842660878846408,0.887761142660781,1.7304220215071888,-1.0590490061635194,1.1370659880450091,2.1961149942085285,0.056383200294204475,0.9860505416589432,1.213100848015472,16.161282197238837,0.9999565388374811
522,251,87679,backward,w,deg,90,90.0,0.0,0.0015831534378065726,0.2722451959432992,-0.3875235768089141,0.48132967091879664,0.8688532477277107,-0.5145974038491943,0.6271590746813445,1.1417564785305387,0.19407209228704284,0.5672985928031835,0.7131279965657313,205.42988056527366,0.9999887113186252
522,252,89293,backward,w,deg,95,95.0,0.0,-0.021711063311954604,0.31166491060638124,-0.48381981833960597,0.6221817106245907,1.1060015289641967,-0.5122209243135671,0.8839519780048022,1.3961729023183693,0.6950899581875697,0.8545301744684536,1.116300441848665,206.37321672662057,0.9999852056131896
522,253,96263,backward,w,deg,261,261.0,0.0,-0.012995972473902384,0.419812764030413,-0.6327757731309589,0.6648084490786346,1.2975842222095935,-0.7358884372145837,0.7765865347094802,1.512474971924064,0.06544891970222678,0.7257431999198332,0.8375212855506788,20.153069032506448,0.9999731569105517
522,254,90117,backward,w,deg,145,145.0,0.0,0.09884813879551757,0.5270642029507043,-0.9578939414764307,0.7334350863378233,1.691329027814254,-1.345513498398475,0.7703034770534032,2.115816975451878,-0.5471076150421031,1.1863587184401923,1.5739782753622364,203.7348743888131,0.9999576898507679
522,255,91347,backward,w,deg,55,55.0,0.0,0.03669910221751138,0.7047615893704534,-1.1276079635202847,1.1059719289427132,2.233579892462998,-1.3900825902491931,1.449223942150013,2.839306532399206,0.042894267318347105,1.2874638674067511,1.4293598877822262,201.92442358471274,0.9999243520369738
522,256,99061,backward,w,deg,53,53.0,0.0,-0.09311765727474608,0.32395574103457203,-0.38228528429646075,0.5977937254354287,0.9800790097318894,-0.41773586502705484,0.7058358485803069,1.1235717136073617,0.5950155586244147,0.6909113827101748,0.798953505855053,22.325049263547726,0.9999840156989661
522,257,97245,backward,w,deg,79,79.0,0.0,0.0265555971102458,0.4645319257209534,-0.742975247926779,0.6692701053036244,1.4122453532304036,-0.8346833130711389,0.7159344995535832,1.550617812624722,-0.17549739830448363,0.7562411486330799,0.84794921377744,34.563177540383286,0.9999671336394359
522,258,94534,backward,w,deg,67,67.0,0.0,-0.042032884909190216,0.6000576305937986,-0.7706141112593002,1.0091342211822791,1.7797483324415793,-0.7913665595542909,1.2560597355572156,2.0474262951115065,0.39293250591840195,1.0432506431734794,1.2901761575484159,206.4909025783614,0.9999451593022766
522,259,100594,backward,w,deg,214,214.0,0.0,0.0003548261984747114,0.3166338309006732,-0.5176179132928269,0.4900819843500783,1.0076998976429052,-0.6698898873194992,0.697267401545048,1.3671572888645471,-0.029874361071892726,0.5705769851654394,0.7396998692039745,19.008051605976096,0.9999847300715617
522,260,89153,backward,w,deg,54,54.0,0.0,0.018392564824296187,0.246072567726329,-0.4266833504810947,0.37213929134740165,0.7988226418284963,-0.509199655301046,0.4795659155732608,0.9887655708743068,-0.1951525884517785,0.45035730551041664,0.5043956493624364,30.621532965939736,0.9999907774791423
522,261,93347,backward,w,deg,50,50.0,0.0,0.062334322907886985,0.6332214486445292,-1.1042501328467238,0.9591928324293786,2.0634429652761024,-1.4221483117161995,1.1463067173081356,2.568455029024335,-0.31136048399577965,1.1548463773201718,1.4183077157785817,203.9299164133639,0.9999389303423633
522,262,91158,backward,w,deg,50,50.0,0.0,0.005568599433317445,0.10747472175185727,-0.17291717842258833,0.17544755081389946,0.34836472923648776,-0.20904821008957697,0.23962326595307104,0.448671476042648,0.02081532655579847,0.22207838465764945,0.28625409979682104,29.582282622848464,0.9999982407113457
522,263,94858,backward,w,deg,59,59.0,0.0,0.0005809812905681611,0.2451381309595707,-0.3819110058229228,0.36228699719648577,0.7441980030194086,-0.43364038785435355,0.424627993221975,0.8582683810763285,-0.052569136006980634,0.4121350284024572,0.43422136914495013,34.96450788062562,0.9999908473836501
522,264,98040,backward,w,deg,75,75.0,0.0,-0.005925353107755882,0.3979359651753096,-0.6220751663100543,0.6164005368473766,1.238475703157431,-0.6749208065741072,0.7276654193111085,1.4025862258852158,0.017526180378794866,0.6966342202021849,0.7494798604662378,34.46126811186163,0.999975881633286
522,265,96139,backward,w,deg,170,170.0,0.0,-0.15936530856099296,0.9107363569762768,-1.192951923167365,1.64306796312605,2.836019886293415,-1.5903853224443765,1.9190038175200357,3.509389139964412,0.3919444168014465,1.5599510996321413,1.8208058441387323,205.78754306004504,0.9998736743898635
522,266,99440,backward,w,deg,76,76.0,0.0,-0.03327161296276415,0.3212478302155301,-0.46484565304250225,0.5692800478477551,1.0341257008902573,-0.5900336146583527,0.7488559454480992,1.3388895601064519,0.3158081898399983,0.595142279450144,0.7747181770505165,20.83572153303646,0.9999842818104431
522,267,107040,backward,w,deg,103,103.0,0.0,-0.03521020405383979,0.44912574784278164,-0.6455152316991558,0.7998912100287864,1.4454064417279422,-0.821231954387315,1.0179882268961364,1.8392201812834514,0.29711811523154874,0.9038170181018724,1.121914034969194,15.413757879926203,0.9999692775582217
522,268,108496,backward,w,deg,93,93.0,0.0,-0.047823285243083546,0.40819968658226696,-0.5745871320687115,0.7200323213503278,1.2946194534190392,-0.6926982842541065,0.9652511186538675,1.657949402907974,0.38627368896006453,0.7678556065934228,1.013074403896951,14.98672327893767,0.9999746215009887
522,269,104081,backward,w,deg,238,238.0,0.0,0.019632615355277494,0.35351678616543086,-0.6030030241878294,0.5355974130401576,1.138600437227987,-0.832221313419609,0.7393242928820314,1.5715456063016404,-0.1705199941934056,0.6439161594204037,0.8087772800639073,20.084905203244368,0.9999809654892106
522,270,105932,backward,w,deg,228,228.0,0.0,-0.016164328518428306,0.35007864933416943,-0.5542673780984373,0.6032340209547197,1.157501399053157,-0.7235309557880782,0.7996543567313381,1.5231853125194164,0.1318406434633725,0.660436620758034,0.8479377835504351,16.301114194164544,0.9999813339291924
522,271,98764,backward,w,deg,78,78.0,0.0,0.005013900599351473,0.13245855791609046,-0.2169447412540265,0.22042107983004797,0.43736582108407446,-0.2728508403785668,0.2645216943755315,0.5373725347540983,-0.07293579623406785,0.2467565050114132,0.2893538343506634,29.923655562721446,0.9999973277053034
522,272,110635,backward,w,deg,198,198.0,0.0,-0.05954584195367829,0.34344227298576097,-0.4709754788778667,0.6183455866548158,1.0893210655326824,-0.5695501604998583,0.8427939376612699,1.4123440981611282,0.4539225137402848,0.6660360641539937,0.8904844151604436,16.80244404211528,0.9999820349120392
522,273,111650,backward,w,deg,210,210.0,0.0,-0.06780865325679031,0.36482169619571436,-0.4963632178096944,0.6540721404066531,1.1504353582163476,-0.6032684863986049,0.9019490153558536,1.5052175017544585,0.46587900471211174,0.7221960873165031,0.9700729622657036,16.452951303738544,0.9999797286449164
522,274,99562,backward,w,deg,56,56.0,0.0,0.0037454642992003073,0.13271976336390198,-0.21539016284052082,0.20754617429745537,0.4229363371379762,-0.29834058248513884,0.30359531353104785,0.6019358960161867,-0.018353125170425446,0.24805119909719764,0.3163692852327529,30.55860296199384,0.9999973171557367
522,275,111641,backward,w,deg,246,246.0,0.0,-0.013993594186473501,0.40156332152782287,-0.6300756337268183,0.7026782682006214,1.3327539019274397,-0.7965553535146341,1.0034748645727802,1.8000302180874144,0.1973044440039649,0.7851020007646454,1.0858985971368043,15.458643569288153,0.9999754399855731
522,276,100073,backward,w,deg,78,78.0,0.0,-0.068905641917965,0.6993555472325912,-0.9952536102859127,1.1155831820313977,2.1108367923173104,-1.191171778456095,1.2675416060169198,2.4587133844730147,0.15913118147266556,1.1400830691533423,1.329846856011386,209.1910380778865,0.9999255077911751
522,277,109268,backward,w,deg,116,116.0,0.0,-0.019155053192420723,0.2120373729899062,-0.30867723160423566,0.3838366673316216,0.6925138989358572,-0.3835017273882215,0.5740467043028161,0.9575484316910376,0.41710909815341135,0.40320800342997387,0.5934180404011613,20.49189838375633,0.9999931522440872
522,278,102286,backward,w,deg,82,82.0,0.0,0.006426074059518783,0.12842840887400744,-0.20906026743152636,0.19489944933875164,0.403959716770278,-0.3100792154498322,0.2809999162525969,0.5910791317024291,-0.12393959962813109,0.24395907036808925,0.31639006968575245,30.209934659890607,0.99999748784458
522,279,112377,backward,w,deg,56,56.0,0.0,-0.011050659625240655,0.07787737177916843,-0.09455131015962337,0.13829237680528195,0.23284368696490532,-0.11101658081767596,0.2962761945035197,0.4072927753211957,1.6236603302163557,0.19623708695854702,0.3542209046567848,22.496110958213738,0.9999990762661051
522,280,109609,backward,w,deg,187,187.0,0.0,-0.005984395719764279,0.1905977012902335,-0.280478011645485,0.30324539884973656,0.5837234104952216,-0.32130618488102414,0.40318499336294167,0.7244911782439658,0.1400318373685909,0.3462361177356399,0.446175712248845,19.09955912761695,0.9999944670174785
522,281,111968,backward,w,deg,79,79.0,0.0,-0.04637825607179025,0.33867547587207864,-0.4691627826588302,0.5726240643999886,1.0417868470588187,-0.5762994568109434,0.7528096551997407,1.3291091120106842,0.3011230274281886,0.572466495987433,0.7264141695409023,14.554901517993658,0.999982530131773
522,282,104605,backward,w,deg,54,54.0,0.0,-0.0038627758363958264,0.129944698314721,-0.2127408246018902,0.22034544476120435,0.4330862693630946,-0.24974706294858606,0.27498143719097357,0.5247285001395596,0.11930999954260664,0.24865670715404914,0.2729947108817612,31.32500178547523,0.9999974281749487
522,283,106093,backward,w,deg,53,53.0,0.0,-0.005905651950683932,0.17709479237663964,-0.27065340689284767,0.2838420366783907,0.5544954435712384,-0.30775264906969824,0.31885982155299075,0.626612470622689,0.07395319904996311,0.29904007069254135,0.3157481141661833,30.09128316549958,0.9999952232152751
522,284,112328,backward,w,deg,217,217.0,0.0,-0.013753733865513595,0.2675518836608229,-0.40759448305838075,0.4763756906686694,0.8839701737270502,-0.5179301670879681,0.6950094395145641,1.2129396066025322,0.3257869977300376,0.5072042802037174,0.725838029049612,17.839584967209337,0.9999890971817222
522,285,106107,backward,w,deg,88,88.0,0.0,-0.0015772359075469922,0.1559806348194782,-0.2485563678541652,0.2607729885397915,0.5093293563939567,-0.3245229465820785,0.3619446238971875,0.686467570479266,0.07150479933775102,0.28743971538408164,0.34813909750059224,31.08480906230209,0.9999962943408801
522,286,115586,backward,w,deg,304,304.0,0.0,-0.0140828281295029,0.2600210762662318,-0.3878014351694432,0.445583174345343,0.8333846095147862,-0.46718185385196875,0.7391146325836928,1.2062964864356616,0.33393256162987056,0.4765298506728314,0.7700613089112096,19.839558655452727,0.9999897023056752
522,287,117019,backward,w,deg,59,59.0,0.0,-0.03475757750908315,0.1071475768790598,-0.12333991891982805,0.22042513891107082,0.3437650578308989,-0.1417656986518807,0.2646193555734442,0.4063850542253249,0.9416645979990884,0.28285868400031966,0.327052900662693,22.157761451483566,0.9999982514055724
522,288,109691,backward,w,deg,57,57.0,0.0,0.0031029622296046,0.18994120377319806,-0.2796411917560306,0.3145347474739594,0.5941759392299899,-0.32412705094569105,0.35537839181708364,0.6795054427627747,0.08800052536207204,0.37219548950763504,0.4130391338507593,26.248643484053606,0.9999945050675253
522,289,115814,backward,w,deg,76,76.0,0.0,-0.035597476936629846,0.2758447741773425,-0.3971913441076893,0.46476939434862885,0.8619607384563182,-0.47031735614964987,0.6236454176909376,1.0939627738405875,0.2946333871751883,0.5494819170340932,0.708357940376402,14.246074117828405,0.9999884108257061
522,290,114958,backward,w,deg,57,57.0,0.0,0.023705994343174552,0.2602721154348097,-0.4286654380303162,0.37610471155082903,0.8047701495811452,-0.4612690484917721,0.40023553745021445,0.8615045859419865,-0.10871559131117096,0.48321456568927484,0.5158181761507308,35.7639609915108,0.9999896824001142
522,291,115594,backward,w,deg,93,93.0,0.0,-0.005763654041913924,0.08460221801930459,-0.11811596728480822,0.154580570615485,0.27269653790029325,-0.14215264974532715,0.25646742966267766,0.3986200794080048,0.6402960704931527,0.17832327450256555,0.2802101335497582,20.585582716237564,0.9999989098456646
522,292,118341,backward,w,deg,78,78.0,0.0,-0.038994081585855156,0.2688554330148211,-0.3770205136969551,0.47527032011102627,0.8522908338079813,-0.44511538521291527,0.592823205180963,1.0379385903938783,0.36910212942039416,0.54099447587688,0.6585473609468409,13.945687760171905,0.9999889906753303
522,293,118649,backward,w,deg,197,197.0,0.0,-0.01866336258433421,0.18047384788494047,-0.2660165369074548,0.32365009510897924,0.5896666320164341,-0.3515181102719964,0.5062566952544785,0.8577748055264749,0.42693609715369124,0.37510169063336296,0.5577082907788622,17.15712043331225,0.9999950391931828
522,294,114177,backward,w,deg,173,173.0,0.0,-0.014404197142823705,0.21096060264067013,-0.3273149613521696,0.37737175811867596,0.7046867194708455,-0.41293380952600955,0.5277358347789232,0.9406696443049327,0.30061642066843286,0.4005090888533005,0.5421400319217753,18.2514803100675,0.9999932216146479
522,295,111143,backward,w,deg,59,59.0,0.0,-0.0031553559013559607,0.15386297926421458,-0.23788065013632434,0.23598259339390204,0.47386324353022635,-0.32134118120904986,0.30538277085841514,0.626723952067465,0.005594200850844014,0.2762892468157787,0.3507609813765953,30.686620696432954,0.9999963942761074
522,296,116981,backward,w,deg,155,155.0,0.0,0.017787812928105495,0.15544586679318395,-0.27462478683601715,0.21184163436804498,0.48646642120406214,-0.39106196878427113,0.2595274175561997,0.6505893863404708,-0.4239451628404423,0.2693592952112822,0.37459728544493487,18.550984000890928,0.9999963197062846
522,297,111154,backward,w,deg,70,70.0,0.0,-8.61609614162262e-05,0.14253920673222706,-0.22697786611078924,0.2249844379489687,0.4519623040597579,-0.3161764470534365,0.3123047451942682,0.6284811922477047,0.02986322286572955,0.2730795422544986,0.3450018936003403,31.46308418429813,0.9999969054829057
522,298,119490,backward,w,deg,191,191.0,0.0,-0.008916196980493396,0.17409435126727793,-0.2729135983962152,0.30074512438996237,0.5736587227861776,-0.34487502512192236,0.4600103279812231,0.8048853531031455,0.24230734629644263,0.3481409491631098,0.5074061527543563,16.7854665006454,0.9999953837081119
522,299,119797,backward,w,deg,333,333.0,0.0,0.0222579645389942,0.22159453791669712,-0.391030270791299,0.34084375043345855,0.7318740212247575,-0.513317899699075,0.5339470419374663,1.0472649416365414,-0.17949037161336687,0.420838598630371,0.5583758532646641,19.144254004706227,0.9999925210343442
522,300,114063,backward,w,deg,61,61.0,0.0,0.0005514688629375541,0.13205441851261632,-0.21021912143964983,0.21287286537062755,0.4230919868102774,-0.2476323729013643,0.2481495448113833,0.4957819177127476,0.0055195693172221,0.24735794670530709,0.28477119816699314,31.355659195907894,0.999997343986819
522,301,120605,backward,w,deg,109,109.0,0.0,-0.025089829767694027,0.2130935954155419,-0.3157264532286376,0.39036819315203386,0.7060946463806714,-0.3901687829829257,0.533081633376753,0.9232504163596786,0.3977310036986206,0.42950149572963026,0.5722149359543778,14.58975975708174,0.999993083852118
522,302,115680,backward,w,deg,63,63.0,0.0,0.008364298705060946,0.23279148979877087,-0.356212568754313,0.35059945214719046,0.7068120209015034,-0.4339192709832673,0.4136815529830926,0.8476008239663599,-0.0310585414042435,0.4046815942632236,0.428757887303135,27.701812540155842,0.9999917461266552
522,303,115738,backward,w,deg,75,75.0,0.0,-0.0004963904927421936,0.1395174906036287,-0.22869666744764175,0.22411516870646714,0.4528118361541089,-0.27982408971229233,0.27468499307912,0.5545090827914123,-0.033717542488197194,0.2580270254613765,0.27932769921957856,31.882325879418524,0.999997035294306
522,304,118636,backward,w,deg,108,108.0,0.0,0.00204408448239235,0.15501262832963023,-0.257323170600408,0.2517347407610017,0.5090579113614098,-0.3200754856009951,0.36697669262196086,0.687052178222956,0.033155163191816064,0.2881015101385784,0.39521734675653875,15.7069388739634,0.999996340192185
522,305,121513,backward,w,deg,149,149.0,0.0,0.001358606299334042,0.10241216482861759,-0.1682211055389189,0.15477665642146118,0.3229977619603801,-0.20407212984002854,0.20620788167099136,0.4102800115110199,-0.0704440814846063,0.18022132857505538,0.22901823406982658,20.30250746147983,0.9999984025488134
522,306,122033,backward,w,deg,176,176.0,0.0,0.01134725878955578,0.2658898816142569,-0.4249076139954653,0.41159526479030006,0.8365028787857653,-0.5181845850333673,0.5545677258205046,1.072752310853872,-0.04153917466183011,0.4659507128106526,0.6049990138371584,15.067244216416178,0.999989232203974
522,307,124894,backward,w,deg,78,78.0,0.0,-0.0220460459333367,0.14819231315059758,-0.20373443453037082,0.2771568724984888,0.4808913070288596,-0.24875642534831854,0.4066987471670416,0.6554551725153601,0.5994666386919673,0.33189382295091147,0.46143569761949266,14.213555229195016,0.9999966551593984
522,308,126427,backward,w,deg,54,54.0,0.0,-0.0029601840659978507,0.2999178797442013,-0.4249089869511394,0.5204828896845739,0.9453918766357132,-0.4746795456358939,0.5543210893922037,1.0290006350280976,0.2212000517456889,0.4982715322490619,0.5219694178494763,23.077769657700127,0.9999862997784466
522,309,123246,backward,w,deg,76,76.0,0.0,0.0026608809521917465,0.17446101513908163,-0.2702095777589548,0.2689382783386378,0.5391478560975926,-0.31938264088898904,0.323033946558553,0.642416587447542,-0.014528451828371211,0.31789918475617895,0.37199485297611545,22.060239915370477,0.9999953642404972
522,310,122340,backward,w,deg,174,174.0,0.0,-0.0017909282164936258,0.1671526285946111,-0.2576077332822777,0.26988499051521014,0.5274927237974878,-0.311542770946005,0.3759403413787368,0.6874831123247418,0.08238930675022069,0.29135472442071797,0.39275864979435937,17.486620783467288,0.9999957445006431
522,311,126101,backward,w,deg,274,274.0,0.0,0.008766156907967115,0.2107901234774723,-0.34002237472768115,0.3152222200434478,0.655244594771129,-0.4153285057380458,0.4004708799081982,0.815799385646244,-0.0858229782564454,0.36272112024955716,0.4175661571276805,19.795653745197157,0.9999932325614761
522,312,127875,backward,w,deg,66,66.0,0.0,0.008005837469653443,0.3004013759335155,-0.4582247563003108,0.47192448863636116,0.930149244936672,-0.5102430262843427,0.5212426330457447,1.0314856593300874,0.01979348671306125,0.4918866357020022,0.5394325727863816,22.91203859092336,0.9999862555687496
522,313,122137,backward,w,deg,54,54.0,0.0,-0.0055864452160392375,0.1550209244398188,-0.23618771204457117,0.24865910277567443,0.4848468148202456,-0.2744741422330321,0.28390611456563875,0.5583802567986709,0.08459762163959586,0.2641304634210385,0.2825181134576553,24.89455428258606,0.9999963397995373
522,314,124351,backward,w,deg,125,125.0,0.0,0.0011588488193297053,0.12358418897396996,-0.19638610022642525,0.19653617986820676,0.39292228009463204,-0.2520966442679935,0.2764502788023435,0.528546923070337,0.028847149237073495,0.2191887050818252,0.2836542424902575,17.92169121175406,0.9999976737831269
522,315,128076,backward,w,deg,61,61.0,0.0,-0.003020502166918959,0.10131753026858813,-0.14948110953341143,0.1768222346551056,0.32630334418851703,-0.18568157147174702,0.26267096608708584,0.44835253755883286,0.41066353267535394,0.1927045898204085,0.27855332125241716,13.924966912421787,0.9999984365153691
522,316,124622,backward,w,deg,169,169.0,0.0,-0.0031906077028622803,0.20610705023171363,-0.31982663374390086,0.31763108191689754,0.6374577156607983,-0.3731017482372181,0.39196687583967105,0.7650686240768891,0.017311115202889648,0.3491712098245728,0.3902917449221661,16.102278548435876,0.9999935299213184
522,317,126422,backward,w,deg,67,67.0,0.0,-0.054964966276514815,0.2709588098749934,-0.3358263421438522,0.49949209512905945,0.8353184372729117,-0.38543659987885803,0.5417027889991459,0.927139388878004,0.4734163749349586,0.525240224706269,0.5674509185763554,22.72459366577346,0.9999888177371984
522,318,130158,backward,w,deg,229,229.0,0.0,-0.017162105281499862,0.1841609578473001,-0.2749243717069135,0.3486826465266915,0.623607018233605,-0.35490115718548054,0.4772256545130631,0.8321268116985436,0.4107217611609628,0.3828349398678313,0.5113779478542142,18.410691346852804,0.999994834422613
522,319,130116,backward,w,deg,73,73.0,0.0,-0.00902815856281336,0.10466768907232425,-0.1559672048412608,0.18817413874371586,0.34414134358497667,-0.19760227101536998,0.25012812442483323,0.4477303954402032,0.3543751290765852,0.20580874461363113,0.2677627302947485,13.705672875125789,0.9999983314097259
522,320,129256,backward,w,deg,184,184.0,0.0,0.0014474414890628395,0.13320959359332094,-0.20679159411188835,0.20404375860932328,0.41083535272121163,-0.2677199619711814,0.2636672594480558,0.5313872214192372,-0.02047200430718674,0.2298459934197595,0.2670468292488124,15.545239100088653,0.9999972973153975
522,321,130414,backward,w,deg,84,84.0,0.0,-0.004886253217620151,0.14990270577930825,-0.2242015913877708,0.2354969482652961,0.4596985396530669,-0.25857763319817195,0.3017730819800306,0.5603507151782026,0.10528365003528549,0.25837374319069106,0.32464987690542557,14.351242107489556,0.9999965775019538
522,322,129580,backward,w,deg,258,258.0,0.0,-0.0005659505658144326,0.2681602820013556,-0.4175451678076328,0.4404786581546958,0.8580238259623285,-0.5115409604458421,0.5370977408707063,1.0486387013165483,0.07416942787979648,0.4659224547638117,0.5355602788877434,18.93637631605569,0.999989047530182
522,323,129834,backward,w,deg,152,152.0,0.0,0.0024015990285022326,0.22232803489263922,-0.3446559047094652,0.33842986944650444,0.6830857741559697,-0.38414798512815196,0.4050192426139745,0.7891672277421264,-0.012075411725110048,0.37406473343455665,0.4406541066020111,14.9212997088214,0.9999924714348114
522,324,134590,backward,w,deg,334,334.0,0.0,-0.016753120508255392,0.29088110793009925,-0.44638325221507386,0.47734673898515034,0.9237299912002241,-0.5872629918673056,0.6559111836221518,1.2431741754894574,0.1365923803370142,0.5202624561025954,0.6778211825623259,20.737963869399206,0.999987112939819
522,325,131876,backward,w,deg,60,60.0,0.0,-0.002258109317125445,0.08690649362008153,-0.1313154077633655,0.14776823353098503,0.27908364129435054,-0.17259661164317208,0.21814525989677236,0.39074187153994444,0.2525999979883063,0.17495033632364848,0.24532736268943722,13.46677226021445,0.9999988496527005
522,326,132535,backward,w,deg,156,156.0,0.0,-0.015936457893104716,0.2398364991248956,-0.3454032963256992,0.38896199909062545,0.7343652954163247,-0.4227877616062017,0.4999144680533334,0.9227022296595351,0.2037971389003628,0.4098969018699279,0.5136748963251421,21.082513015033403,0.9999912389923694
522,327,132832,backward,w,deg,68,68.0,0.0,-0.025994672095393412,0.1801641446140689,-0.2524677173304454,0.30334567158472936,0.5558133889151747,-0.28794764497467895,0.3471654365051222,0.6351130814798012,0.2945556451750318,0.3073565724030075,0.3428365000472411,21.29747573804869,0.9999950562012331
522,328,135139,backward,w,deg,331,331.0,0.0,-0.0037543180448835756,0.20063323413234635,-0.3127782673135755,0.31310406376466915,0.6258823310782446,-0.37588547222873103,0.4481341137338859,0.8240195859626169,0.04004983255823656,0.3489646761736651,0.43408130845344317,16.793133348632953,0.9999938690241263
522,329,134556,backward,w,deg,281,281.0,0.0,0.0026833026046517716,0.16882784805598933,-0.2761384042872521,0.2549612215361208,0.5310996258233729,-0.3329865255201412,0.3254341119738626,0.6584206374940038,-0.05902643652961209,0.2924060618414046,0.3373845694466979,17.402956383655457,0.9999956587749288
522,330,136318,backward,w,deg,288,288.0,0.0,0.00030050327121955434,0.1999680066348063,-0.3163961542769954,0.3070133971473196,0.623409551424315,-0.35606252106336456,0.42137890815726564,0.7774414292206302,0.0010310384436369004,0.3339816929430341,0.43968304874584874,16.133922947301226,0.9999939096122957
522,331,133677,backward,w,deg,189,189.0,0.0,-0.01411773836247221,0.18112438557524485,-0.26685069816302304,0.300623806605148,0.5674745047681711,-0.3051527932889826,0.3609641415303031,0.6661169348192857,0.18775309030287593,0.3028278415531645,0.3540743468014398,17.968100412065894,0.9999950033617567
522,332,139913,backward,w,deg,591,591.0,0.0,-0.003547014343837418,0.34780095921510495,-0.5693218771530013,0.5809717430825998,1.150293620235601,-0.7832585688719007,0.7920701925362152,1.575328761408116,0.024178367789174822,0.6516281689278713,0.7994259948498836,20.239627788635897,0.9999815760307742
522,333,136299,backward,w,deg,65,65.0,0.0,-0.003182042411395969,0.10678669261072113,-0.16472508441501646,0.16387337370736077,0.3285984581223772,-0.18877704898733327,0.19708004607772978,0.38585709506506305,0.08255702254394563,0.18574027891302194,0.21894695128338526,13.907901175382507,0.9999982631641443
522,334,137188,backward,w,deg,83,83.0,0.0,-0.006911828286717991,0.11968950100377254,-0.1819616494045249,0.1871849894498921,0.369146638854417,-0.21214206838959626,0.2094304731268437,0.42157254151643997,0.014409610763293496,0.1996666900148227,0.216941939550793,14.324058100171744,0.9999978180913263
522,335,135715,backward,w,deg,128,128.0,0.0,-0.0001761737510577177,0.20749696003962276,-0.32093187591939626,0.32127201554420426,0.6422038914636006,-0.36631223915003375,0.3598469427595319,0.7261591819095656,0.002357599038277728,0.36909871048281107,0.4076736376981387,14.983484256067253,0.9999934423632865
522,336,137288,backward,w,deg,72,72.0,0.0,-0.0012192901074286056,0.2666178906132084,-0.40980082008091473,0.41604303333773224,0.825843853418647,-0.4539337121627227,0.48837821040064,0.9423119225633627,0.029827721005152196,0.45485805495173975,0.5061707769428381,24.028342736454608,0.9999891731568724
522,337,142875,backward,w,deg,411,411.0,0.0,-0.03448220542870217,0.37771699360276684,-0.5712861853592699,0.6539253943789305,1.2252115797382004,-0.7518144410126695,0.8278682966296742,1.5796827376423437,0.21455097914284735,0.704458123183727,0.8755045012450182,19.572980322189473,0.9999782702667128
522,338,141120,backward,w,deg,68,68.0,0.0,0.0010200834751969978,0.31340929792235417,-0.48482892169849806,0.49317037944217074,0.9779993011406688,-0.5296450405953408,0.5261604271498754,1.0558054677452162,-0.012260350392717285,0.5113963340475834,0.5309028885035332,22.15653886741466,0.9999850394850263
522,339,141333,backward,w,deg,60,60.0,0.0,-0.0015384210674938004,0.07266822445362396,-0.11015647925985235,0.10978251101214338,0.21993899027199573,-0.1303189482672451,0.13708173397463952,0.2674006822418846,0.02397608710183632,0.12169594090731264,0.14593966044259332,13.612512347573128,0.9999991957080415
522,340,139865,backward,w,deg,174,174.0,0.0,-2.1995151868736684e-05,0.29170017205882354,-0.4499058830593029,0.4431990742144577,0.8931049572737606,-0.5563208240142501,0.4906353252112865,1.0469561492255366,-0.03287300731503826,0.4849576426809306,0.5913725836358594,15.28269092282619,0.9999870402562048
522,341,142570,backward,w,deg,226,226.0,0.0,0.004198077523454913,0.2523120641984389,-0.4327321779788207,0.39881287484705297,0.8315450528258737,-0.5574536583613678,0.4960391880965176,1.0534928464578854,-0.12476019463409115,0.4681465768654931,0.547314789168297,18.793387660140155,0.9999903038523472
522,342,141926,backward,w,deg,55,55.0,0.0,0.0013114376255884963,0.0624545975515641,-0.09541754700531158,0.09384331524495335,0.18926086225026492,-0.10655259653631788,0.12893185422007036,0.23548445075638824,0.07815630905290726,0.1035394865182212,0.1269940358712347,13.386968386874084,0.9999994059082993
522,343,142823,backward,w,deg,61,61.0,0.0,0.0019160704121361505,0.09448816317639029,-0.1547643960330447,0.13971897012444856,0.29448336615749326,-0.1938749191276088,0.1590527122661456,0.3529276313937544,-0.1629589199040143,0.16157214567840583,0.18302002992075472,13.963159595018599,0.9999986401864699
522,344,142530,backward,w,deg,81,81.0,0.0,0.0014418673995351128,0.1206553558911725,-0.1959180504902065,0.18566731846814832,0.3815853689583548,-0.23277216932515898,0.22293135192444424,0.4557035212496032,-0.037244597028866136,0.20942999329724898,0.2342140367246941,14.42147634209802,0.9999977827348397
522,345,142010,backward,w,deg,72,72.0,0.0,-0.010988827785297417,0.21455121549269118,-0.33568259485184626,0.3237539232633509,0.6594365181151971,-0.38046846624973796,0.4040277557582783,0.7844962220080163,0.019150233152464224,0.3740567505621755,0.41884262196006716,21.975703558773365,0.9999929889068313
522,346,141732,backward,w,deg,56,56.0,0.0,0.007046240807966342,0.22430555446050088,-0.34397856452240205,0.3442896126009032,0.6882681771233052,-0.43546357225625343,0.36903597264821997,0.8044995449044734,-0.053612602826529666,0.36002993816825324,0.437425123342706,23.679382103366933,0.9999923369127939
522,347,143454,backward,w,deg,199,199.0,0.0,-0.009098733663847725,0.20272290706480298,-0.3187733374449181,0.3550746704666352,0.6738480079115533,-0.40926390289308756,0.4535648119603479,0.8628287148534355,0.15523079405726334,0.37955759507800335,0.468357458771095,18.106117635440466,0.9999937406482817
522,348,146472,backward,w,deg,204,204.0,0.0,-0.031996392433072174,0.44225565728761074,-0.6525486739841313,0.7029392233178342,1.3554878973019655,-0.7550105146510191,0.8905644996542605,1.6455750143052796,0.11274340425930462,0.7201091944553,0.8761455816242574,22.161409624427286,0.9999702101988466
522,349,147951,backward,w,deg,407,407.0,0.0,0.0048458777531834585,0.3039248643700978,-0.5134198415143004,0.5030677193429937,1.016487560857294,-0.6830739917533037,0.7066129145373736,1.3896869062906774,-0.0036614188513976642,0.5753851275639136,0.6983391782326294,21.348365645035,0.9999859312746184
522,350,147290,backward,w,deg,84,84.0,0.0,-0.0004369268490194145,0.1185858440386452,-0.19687182797967182,0.1905531995770346,0.3874250275567064,-0.25144814233590296,0.2571085903991559,0.5085567327350589,0.011503586163833438,0.2222726926662787,0.2858737761359862,14.620619149134729,0.9999978581449563
522,351,146101,backward,w,deg,112,112.0,0.0,-0.015132955700593698,0.24183591078496539,-0.3552480878521635,0.39204747410949337,0.7472955619616568,-0.42216028433210795,0.4832382569704521,0.90539854130256,0.1618965877344769,0.4306088192182527,0.5217996020791986,15.149896265758338,0.9999910923104288
522,352,144922,backward,w,deg,116,116.0,0.0,-0.02154832717720012,0.222229788441475,-0.32622175460239333,0.35881364740922095,0.6850354020116143,-0.39858590889406287,0.44837579598851107,0.8469617048825739,0.17789049439280158,0.39751984837656096,0.4870819969558511,15.991419758065184,0.999992478088364
522,353,148804,backward,w,deg,243,243.0,0.0,0.007525298887514964,0.23031018657344615,-0.38786688706679795,0.3656225711644879,0.7534894582312859,-0.5259907505553372,0.4746597049799277,1.0006504555352649,-0.10105327265289031,0.4316713534340635,0.5159658247123673,17.678090647925707,0.9999919211467451
522,354,146416,backward,w,deg,172,172.0,0.0,0.0034465123149942656,0.23639883420495303,-0.3863684807375762,0.3755329727655634,0.7619014535031396,-0.5059736143883526,0.47644949856078256,0.9824231129491352,-0.058836837791322344,0.4298977902802079,0.5112045260449065,16.893683538648908,0.999991488343742
522,355,149067,backward,w,deg,59,59.0,0.0,0.0023820370975329297,0.08232789328035003,-0.13466372154045417,0.1327361343882927,0.2673998559287469,-0.17437247616831542,0.16938725735980142,0.34375973352811684,-0.015883101292588256,0.1483391502111231,0.1779407096369141,13.728195787171476,0.9999989676699336
522,356,149070,backward,w,deg,74,74.0,0.0,0.0013961361636631864,0.10015403791416394,-0.16840822345302228,0.16517138804601075,0.33357961149903304,-0.22140331758248522,0.2175970912726939,0.4390004088551791,-0.03076897087812815,0.1925608570037326,0.2263134964027813,14.100391091228275,0.999998472217984
522,357,148363,backward,w,deg,60,60.0,0.0,0.0031357039634656303,0.04209021461586666,-0.07435743966658208,0.06713291329565578,0.14149035296223786,-0.08922451325975089,0.07591402014060122,0.16513853340035212,-0.19976974526416474,0.11318658963466247,0.1280536632278313,30.113367180728577,0.9999997301720249
522,358,149113,backward,w,deg,136,136.0,0.0,-0.0050277761661874365,0.19327878752947178,-0.30456437791049495,0.3225456447078443,0.6271100226183393,-0.4131738561032705,0.42628889025323247,0.839462746356503,0.09435227432543411,0.37106064283478446,0.45531771598729165,18.772051638342106,0.9999943102635499
522,359,155018,backward,w,deg,417,417.0,0.0,0.015017582557959486,0.5215483759543879,-0.8144612864831743,0.7930358016306002,1.6074970881137745,-1.0038142991799361,0.9190411115007464,1.9228554106806826,-0.042658152131924955,0.8671345792159059,1.0375041217813532,20.14350458158297,0.9999585706188078
522,360,149179,backward,w,deg,55,55.0,0.0,-0.013800652338119335,0.19915978300974704,-0.3011479007836641,0.2858777465921065,0.5870256473757707,-0.3501193888842806,0.36171172610428926,0.7118311149885699,-0.018105995232167247,0.35871261747215316,0.4076841055727414,24.407362709391894,0.9999939587444069
522,361,150562,backward,w,deg,184,184.0,0.0,-0.014107041524852093,0.26753032460390336,-0.4128432816526043,0.46784684910977736,0.8806901307623817,-0.5148931715929734,0.6417690114553238,1.1566621830482973,0.2620003424569627,0.4972823736812315,0.6573445929160471,15.372131362531816,0.9999890989359069
522,362,149387,backward,w,deg,114,114.0,0.0,0.004756747426597485,0.20881766939760565,-0.34182841621451276,0.34336467691957745,0.6851930931340902,-0.44713205343072104,0.4445828734674251,0.8917149268981461,0.00854689434124771,0.39656942794937033,0.4990944214083868,16.3539930645532,0.9999933586235628
522,363,151230,backward,w,deg,92,92.0,0.0,0.010050710451750433,0.280258286895467,-0.4371351738290031,0.42393992280129994,0.861075096630303,-0.5363881644964295,0.5209377202288579,1.0573258847252873,-0.05697632790473357,0.4706050783250973,0.5504875653868737,22.976596480496383,0.999988037002233
522,364,151767,backward,w,deg,121,121.0,0.0,0.004300255988880508,0.1636476859797948,-0.2561086663351091,0.27298433744689987,0.529093003782009,-0.32971618568996064,0.3411241480173999,0.6708403337073605,0.07085850298673428,0.3043706926796119,0.3725105032501119,18.396730234197125,0.9999959210928951
522,365,155628,backward,w,deg,496,496.0,0.0,0.024497669417996804,0.3259229337237617,-0.5678459584219482,0.4991940584790058,1.067040016900954,-0.8237432890210243,0.7308383986128035,1.5545816876338279,-0.2372648815708035,0.6021510049767969,0.7968965589745949,22.22018654488951,0.9999838209950758
522,366,153030,backward,w,deg,50,50.0,0.0,-0.0009267257018592545,0.19336737236495122,-0.3213940312094493,0.2832136585892968,0.6046076897987461,-0.33854131182982883,0.2921513170709886,0.6306926289008175,-0.1948286714744651,0.30850189538554673,0.32417697827744973,25.56844390871808,0.9999943050441391
522,367,157373,backward,w,deg,451,451.0,0.0,-0.004745663362854202,0.48486239244709217,-0.7619186753564122,0.7511567042599125,1.5130753796163248,-0.9348815021432131,0.9398000584837121,1.8746815606269251,-0.002322835411882429,0.8228881472650471,0.9521441298425088,21.286282175170175,0.9999641939166911
522,368,155082,backward,w,deg,53,53.0,0.0,0.029310915793558934,0.20710199651780173,-0.3507688871214327,0.2880363568962195,0.6388052440176522,-0.45294046686984757,0.3370156569499443,0.7899561238197919,-0.21007201775331893,0.3952908009502664,0.49746238069869264,25.394506039578474,0.9999934673054225
522,369,154665,backward,w,deg,57,57.0,0.0,0.008051405725353789,0.09252210341573863,-0.1601752949454635,0.14183377327752275,0.30200906822298623,-0.2069373093057436,0.18588204023046728,0.3928193495362109,-0.22330149364717577,0.17582034274691405,0.20675088321775092,13.920006748492055,0.9999986961864133
522,370,155284,backward,w,deg,230,230.0,0.0,-0.05185889221415607,0.3516864565498996,-0.5366178466791695,0.5728124068299776,1.1094302535091471,-0.6628845239953591,0.6830181970636033,1.3459027210589625,0.176710218427576,0.620165073126239,0.7258754046549143,17.5531618411824,0.999981162063625
522,371,153800,backward,w,deg,92,92.0,0.0,-0.025703792431670536,0.2637982765567503,-0.3722856139467325,0.4328036356745955,0.805089249621328,-0.43517727432163156,0.49822275755042256,0.9334000318720541,0.1950546885321402,0.4379602222508723,0.4958446600315938,15.63206231881596,0.999989400943322
522,372,155671,backward,w,deg,52,52.0,0.0,0.0332362856644437,0.16906421390444767,-0.26722153643229374,0.24010414819636025,0.507325684628654,-0.3539289655605842,0.24823857350807543,0.6021675390686596,-0.30780160563161285,0.3122983585854726,0.3990057877137474,25.554508517797295,0.999995646611012
522,373,155862,backward,w,deg,201,201.0,0.0,0.012601846031884634,0.2540478498259249,-0.4407778480567117,0.4042267228995797,0.8450045709562914,-0.5629408620799268,0.5398195084495399,1.1027603705294666,-0.09023313244130333,0.4902826845557513,0.5725856820091053,16.802143600936642,0.9999901699865896
522,374,157353,backward,w,deg,345,345.0,0.0,0.013329976237912433,0.3191629543641792,-0.537065550633207,0.5084001485750037,1.0454656992082108,-0.708339965824905,0.6737867180489161,1.382126683873821,-0.09019519399371687,0.5885654740851636,0.696371129749167,19.542252440552343,0.9999844851634991
522,375,155412,backward,w,deg,52,52.0,0.0,-0.00226213806193698,0.07236364102236313,-0.10705822729612749,0.11396790206512576,0.22102612936125327,-0.11546832343429969,0.12061637650776902,0.2360846999420687,0.06603701730345031,0.14626464602927314,0.15467474216745813,28.035762801728744,0.9999992024361676
522,376,157023,backward,w,deg,98,98.0,0.0,-0.023691070879849008,0.2499142418887876,-0.3521727983171075,0.42695037225901433,0.7791231705761219,-0.414366903945222,0.49328626703319856,0.9076531709784206,0.2431936627790087,0.48527159572271744,0.5516074904968775,15.733504320097255,0.9999904872648174
522,377,156665,backward,w,deg,55,55.0,0.0,0.0010990806793529373,0.07441385279042138,-0.13690471499495516,0.13254018889657004,0.2694449038915252,-0.14190760386065904,0.13269960215313858,0.2746072060137976,-0.07445625673956058,0.13706932531073335,0.14207221417643723,33.624769470576595,0.9999991566027526
522,378,160543,backward,w,deg,182,182.0,0.0,-0.013362461878344334,0.20918985184532357,-0.308984660231971,0.3877629099861774,0.6967475702181485,-0.39637410586203714,0.4530341646707541,0.8494082705327912,0.27236842578040915,0.3922810315612153,0.44837982296098744,18.484860740450753,0.9999933349273847
522,379,158469,backward,w,deg,80,80.0,0.0,0.0005637372429703191,0.11844014329519488,-0.19193463225593632,0.19432012056182937,0.38625475281776567,-0.25115471930178046,0.2491863326198427,0.5003410519216231,0.007173548122023473,0.22360312894375764,0.2773836869091326,14.50906586082398,0.9999978634049236
522,380,162289,backward,w,deg,359,359.0,0.0,0.011529876919496473,0.2782709102113347,-0.4722705039312643,0.4452010532585687,0.917471557189833,-0.6593078114663058,0.6319637970747749,1.2912716085410807,-0.1255682596164209,0.5179384372613723,0.670559263985524,19.097096500440998,0.9999882060755866
522,381,160886,backward,w,deg,323,323.0,0.0,-0.01869375191691347,0.2505199541104397,-0.38792680823253534,0.4397700085018584,0.8276968167343937,-0.4970670046933776,0.6130197703095064,1.110086775002884,0.2562361905732353,0.4474738105216544,0.5895907041539772,23.018179691737735,0.9999904411029613
522,382,158191,backward,w,deg,103,103.0,0.0,-0.022194018583803654,0.2574766444841486,-0.3638742774485223,0.42858749908927213,0.7924617765377944,-0.42455127569994033,0.49353879402849543,0.9180900697284358,0.20132830509082147,0.42773507941884076,0.4902266256363532,15.944417537950162,0.9999899028443932
522,383,158857,backward,w,deg,73,73.0,0.0,0.0022901543854629836,0.15773360920805335,-0.2781358360386605,0.2640065681578505,0.542142404196511,-0.3002713964035877,0.278641831095058,0.5789132274986457,-0.09155134575479039,0.279936359612509,0.29749926542055505,23.56906611768676,0.9999962105806923
522,384,160213,backward,w,deg,66,66.0,0.0,0.0015160459137888438,0.1256012320397869,-0.19882708840044216,0.21078411922110263,0.4096112076215448,-0.24566869403975033,0.2536635425755094,0.4993322366152597,0.0623088143553427,0.228184322098123,0.27163892378453625,14.18120752811121,0.9999975972302346
522,385,161388,backward,w,deg,112,112.0,0.0,-0.01862812761429211,0.23165429217121034,-0.3401949729374749,0.3814430460713068,0.7216380190087817,-0.4220777362450292,0.4936178313702726,0.9156955676153018,0.20281474440795738,0.4358964963138972,0.548071281612863,16.134677685292214,0.9999918265725039
522,386,160244,backward,w,deg,73,73.0,0.0,0.014144081125749608,0.19154459586134062,-0.35347088303702207,0.2674533101428835,0.6209241931799055,-0.4621329799701641,0.33331214474722515,0.7954451247173893,-0.34803807923194435,0.38816212800610395,0.49682422493924605,17.562002390812435,0.9999944119071869
522,387,163792,backward,w,deg,55,55.0,0.0,0.042256902487480374,0.14254657945151147,-0.23832421792269542,0.1552856539484111,0.3936098718711065,-0.32492995638389743,0.22035835950180171,0.5452883158856991,-0.5298152455292544,0.28653370146406587,0.3731394399252679,24.133525989308076,0.9999969051626133
522,388,163416,backward,w,deg,115,115.0,0.0,-0.00583540928948878,0.23466923036141907,-0.344217139763478,0.3855157202858976,0.7297328600493755,-0.46844684452187835,0.518643327980584,0.9870901725024623,0.14463988356909088,0.4220516922892358,0.5442191384572368,16.39627057415546,0.9999916124364906
522,389,166897,backward,w,deg,372,372.0,0.0,0.0024779639250027685,0.21211923704037175,-0.34771257529345545,0.33713577083367163,0.6848483461271271,-0.48343309634486786,0.43845260379924866,0.9218857001441165,-0.08005173631768925,0.3937100553357069,0.5249950336243501,20.429503888549753,0.9999931469527064
522,390,165416,backward,w,deg,118,118.0,0.0,0.0007578540087820329,0.1460466495059,-0.23808662734985261,0.22653369136930754,0.46462031871916015,-0.30347633936204943,0.2905666403409555,0.5940429797030049,-0.07772332204611468,0.26962700561783054,0.3336599545894785,15.289506674532886,0.9999967513163671
522,391,167159,backward,w,deg,185,185.0,0.0,0.03665500371766939,0.26572419972440825,-0.5005656718348291,0.36056721045284224,0.8611328822876714,-0.6009706121329543,0.4248265099435571,1.0257971220765114,-0.5177105260351192,0.5372206755524983,0.6376256158506237,18.44563983420083,0.9999892456257942
522,392,165194,backward,w,deg,220,220.0,0.0,0.014759136792051208,0.23700607286723935,-0.3758156773008153,0.36086610493721444,0.7366817822380297,-0.46133508010112223,0.4991266559165979,0.9604617360177201,-0.03723589750160902,0.4258926112086058,0.5042414412603193,21.473785194938205,0.999991444558427
522,393,164102,backward,w,deg,51,51.0,0.0,-0.013431821483408157,0.05631604510751677,-0.11281753589335608,0.06186625201894458,0.17468378791230066,-0.11945518710999181,0.06198783739392866,0.18144302450392047,-0.5318259603346436,0.09263694134772038,0.09927459256437032,25.856772632005224,0.9999995169534884
522,394,163422,backward,w,deg,139,139.0,0.0,-0.0239677795769353,0.2384411258390436,-0.33548731331494536,0.42846944911629514,0.7639567624312404,-0.4006784491589883,0.547876413747332,0.9485548629063203,0.3350987459610789,0.44196179655976375,0.47957980002345835,16.917321741729555,0.9999913406422136
522,395,166292,backward,w,deg,170,170.0,0.0,-0.002800670689239837,0.26159648823560316,-0.41018952007764825,0.4218945036658395,0.8320840237434878,-0.47456905482886214,0.5620680548599637,1.0366371096888258,0.07725778893182197,0.48632698452761347,0.5435241789329552,17.220775255924053,0.9999895771364603
522,396,167769,backward,w,deg,244,244.0,0.0,-0.016576723482657485,0.23484618717328767,-0.35480387127971513,0.42270807280669653,0.7775119440864117,-0.5035677397117126,0.5218789376697259,1.0254466773814386,0.1761260601764305,0.46346031279346817,0.5619601730180364,22.205742769756863,0.9999915997855746
522,397,165693,backward,w,deg,66,66.0,0.0,0.0035232850339212973,0.1259170685461137,-0.20773522941571798,0.20158252218428885,0.40931775160000683,-0.24931746171347413,0.23877039863572236,0.4880878603491965,-0.05489301431194234,0.24396868734576316,0.28115656379719667,14.378044055717002,0.99999758513097
522,398,169702,backward,w,deg,428,428.0,0.0,0.025384438380370966,0.349351034808513,-0.5541087775493025,0.5319756058314565,1.0860843833807592,-0.9911061983804075,0.6506964736476277,1.6418026720280352,-0.24992198136066832,0.7640626495948907,1.2010600704259673,17.661841957002995,0.9999814114430524
522,399,171413,backward,w,deg,186,186.0,0.0,-0.007501916521931662,0.12336297190667615,-0.17802556809687786,0.21188127886764363,0.3899068469645215,-0.21180445616886345,0.22964106164249642,0.4414455178113599,0.20700410835942562,0.21254457108869929,0.22325797255746238,20.004679208031092,0.999997682103392
522,400,170610,backward,w,deg,444,444.0,0.0,-0.010638530459587514,0.31109263430274686,-0.497752011098531,0.5086450732957516,1.0063970843942827,-0.6503857954381829,0.6026945054622388,1.2530803009004217,-0.0704933104582788,0.5609746791825259,0.7136084635221778,23.23650140380624,0.9999852598494328
522,401,168550,backward,w,deg,110,110.0,0.0,-0.009193134102119416,0.16004578351684107,-0.2436066716490913,0.27179054702670413,0.5153972186757955,-0.3299488994772446,0.3825380149401667,0.7124869144174113,0.18511935809190594,0.31026266028799654,0.4210101282014591,15.728164780338531,0.9999960986714506
522,402,172824,backward,w,deg,420,420.0,0.0,-0.020223123704894874,0.23221812978636946,-0.3257711169155527,0.4100347818570184,0.7358058987725711,-0.4139007388251912,0.5685213924832908,0.982422131308482,0.3566487222557788,0.41262928819909345,0.5698185634931292,21.058255209071305,0.9999917867391899
522,403,168840,backward,w,deg,79,79.0,0.0,0.020556477103070847,0.15469871491531173,-0.2621135671076161,0.22283363540530837,0.48494720251292445,-0.2947059385313082,0.3332975733957255,0.6280035119270337,-0.11508514385804539,0.2838521935132604,0.32805000824413355,16.33406950126484,0.9999963549996226
522,404,170240,backward,w,deg,95,95.0,0.0,-0.0209265819958091,0.20143980632583214,-0.29055702342266726,0.3168990129180656,0.6074560363407329,-0.34131468833481904,0.415246260747125,0.756560949081944,0.18407742785991035,0.35065026309905817,0.3981953946097576,15.177900035603995,0.9999938196306285
522,405,171408,backward,w,deg,196,196.0,0.0,0.03847602712379228,0.18234088272103607,-0.3294238801860203,0.23679446384849712,0.5662183440345174,-0.41895847135765507,0.2767183107453377,0.6956767821029928,-0.5189565654123435,0.35200692888567886,0.4415415200572852,19.551718111816104,0.9999949360196672
522,406,172002,backward,w,deg,261,261.0,0.0,0.023728329978951024,0.2306003607044196,-0.36179157597706535,0.35074164798663787,0.7125332239637032,-0.5168585851940861,0.47874555708250455,0.9956041422765907,-0.11199616572307437,0.43676213637266414,0.5588420059039549,22.556358914696563,0.999991900777236
522,407,171464,backward,w,deg,129,129.0,0.0,0.04219386597196717,0.11184007992393405,-0.22151176179202137,0.1389469551143975,0.36045871690641884,-0.2587459139143107,0.1396653569645423,0.398411270878853,-0.7091405183524205,0.28569735696303233,0.322931509085322,24.079506238149825,0.9999980948931891
522,408,171959,backward,w,deg,94,94.0,0.0,0.014105843145031827,0.10695683683428972,-0.2041769511263965,0.15216280126604287,0.35633975239243937,-0.2911503543256799,0.1678088671127682,0.45895922143844814,-0.6069811387815629,0.2395802845715522,0.32655368777085414,18.915063273703467,0.9999982576256001
522,409,175375,backward,w,deg,52,52.0,0.0,0.02113564368896448,0.1561386329679978,-0.2871453603995008,0.19193965665339902,0.4790850170528998,-0.3767932073000395,0.19226237234065024,0.5690555796406898,-0.8492184376559389,0.2961946302800072,0.38584247718051756,25.653947164108274,0.9999962868305118
522,410,172474,backward,w,deg,52,52.0,0.0,-0.02558689863850816,0.13437657179844334,-0.19795926185222895,0.23098637431072144,0.4289456361629504,-0.22665612932757995,0.2518419822679334,0.47849811159551336,0.29866232037192125,0.23700261380630816,0.26569948128164356,14.201582777250701,0.9999972497546324
522,411,172756,backward,w,deg,62,62.0,0.0,-0.010048598382113028,0.15953168684114777,-0.23041376849408124,0.2983272532611138,0.5287410217551951,-0.26336262454816506,0.32130382912166056,0.5846664536698256,0.2820539098419052,0.3037842647703229,0.3267608406308966,14.488550869836205,0.9999961236938475
522,412,175360,backward,w,deg,52,52.0,0.0,0.07334222325008,0.1204179609531466,-0.2284363723197572,0.09694997338284565,0.32538634570260283,-0.3188897103352417,0.09708980816188273,0.41597951849712445,-1.1552157864425703,0.30728937860828437,0.39774271662375327,24.497327079627432,0.999997791452308
522,413,172760,backward,w,deg,58,58.0,0.0,-0.010932310500876952,0.1252219602079077,-0.16174342037119943,0.2166667383808331,0.37841015875203254,-0.17963072691634352,0.33320996061880237,0.5128406875351459,0.5496353492864012,0.25679198459814784,0.3733352068361171,14.979373457820333,0.999997611719583
522,414,173885,backward,w,deg,192,192.0,0.0,-0.01524701377481108,0.2821643655214388,-0.42593833767206346,0.4692991967978357,0.8952375344698992,-0.560174899947981,0.5948254327703921,1.155000332718373,0.12941722467067282,0.4840833388547025,0.5825651681051909,16.25348191926869,0.9999878737305994
522,415,177199,backward,w,deg,423,423.0,0.0,0.03755451394911802,0.39102557674430904,-0.6696419478765392,0.5993627473424481,1.2690046952189873,-0.8843223170565011,0.7886092059667078,1.672931523023209,-0.20205492156092,0.8258042809968458,1.0404846501768361,18.03468472087921,0.9999767120429348
522,416,176447,backward,w,deg,246,246.0,0.0,0.02573821212591554,0.1892498073308946,-0.349654137376902,0.28179823194078324,0.6314523693176852,-0.506625131782755,0.28907015525990687,0.7956952870426619,-0.41548130126269,0.39570841033041404,0.5526794047362671,23.779036719068873,0.9999945450006826
522,417,177568,backward,w,deg,71,71.0,0.0,0.02540362959371123,0.21489904289812609,-0.3722149475753582,0.2843670479346798,0.656581995510038,-0.4516222373814287,0.2903455120053877,0.7419677493868164,-0.48593631943413274,0.38611845394477484,0.4655257437508453,25.763210945617086,0.99999296615682
522,418,174614,backward,w,deg,50,50.0,0.0,-0.014157842866779902,0.20437104178291116,-0.3203859643677774,0.30294062631798085,0.6233265906857582,-0.3604404412649842,0.37451189421742015,0.7349523354824044,-0.03591018880018265,0.33155938390684553,0.39753041372017606,30.096363686863675,0.9999936384551138
522,419,179406,backward,w,deg,409,409.0,0.0,0.03112443439118806,0.34873179863590636,-0.5592098835746242,0.5358707681219641,1.0950806516965883,-0.7903403452536395,0.6197666745801769,1.4101070198338164,-0.11950728681354789,0.6912806401317936,0.922411101810809,21.26655433715576,0.9999814772594114
522,420,174982,backward,w,deg,54,54.0,0.0,0.002810794972333497,0.16476916564643082,-0.2596182460532759,0.25946624530560736,0.5190844913588832,-0.326022671103658,0.37925883991675846,0.7052815110204165,0.011328417620974834,0.3271121670570778,0.3661059667401787,15.646089410495977,0.9999958649962865
522,421,182350,backward,w,deg,587,587.0,0.0,0.06857911002893502,0.4403427922400877,-0.7907958367813819,0.6502373592633829,1.4410331960447649,-1.1202502824945952,0.8125987860494774,1.9328490685440727,-0.3766799431395277,0.8748285080194503,1.204282953732644,21.771462459618192,0.9999704674073874
522,422,176167,backward,w,deg,135,135.0,0.0,-0.010462185901246812,0.19541667296825183,-0.3306009127395839,0.29271819106071745,0.6233191038003014,-0.48714078642495906,0.3667319710188508,0.8538727574438099,-0.2219653351761778,0.33746899527083923,0.47050448707236114,23.38957589997552,0.9999941836971191
522,423,176090,backward,w,deg,102,102.0,0.0,0.013766640395971308,0.19659055369026962,-0.3502274106442286,0.28050698593359724,0.6307343965778258,-0.3793261108488366,0.3334165754907019,0.7127426863395385,-0.15436572232479806,0.3332851035094122,0.3791571063807453,16.767468635338815,0.9999941136079359
522,424,178568,backward,w,deg,197,197.0,0.0,-0.0014842169987900888,0.1913665545027538,-0.2696662994169912,0.359585920379061,0.6292522197960522,-0.41877714350661677,0.4517778359404758,0.8705549794470926,0.18253834741465144,0.3500714139221429,0.43949318197263665,19.26950623471022,0.9999944222909731
522,425,181270,backward,w,deg,291,291.0,0.0,0.03200654811496406,0.2648036696284118,-0.5063762713305522,0.3649248478623264,0.8713011191928786,-0.5973533788081227,0.44710580849698545,1.0444591873051081,-0.5131996179444412,0.6209559761247903,0.7119330836023607,20.292588987696224,0.9999893200082022
522,426,177717,backward,w,deg,87,87.0,0.0,0.027252701708619043,0.21155971026408066,-0.33197696098789037,0.2990443141052822,0.6310212750931725,-0.4376543510234967,0.31817098567216817,0.7558253366956649,-0.2705051944037349,0.3834368256296614,0.4891142156652677,15.456326763380861,0.9999931830567904
522,427,177980,backward,w,deg,50,50.0,0.0,2.502510898239052e-05,0.16711459505005752,-0.2861474675209294,0.26501652080650473,0.5511639883274342,-0.305732515153494,0.27780362308993745,0.5835361382434314,-0.12200682367904896,0.28541115603631795,0.29582096652615064,14.643686555352877,0.9999957464371703
522,428,180183,backward,w,deg,138,138.0,0.0,-0.01469248904892595,0.18774588189540697,-0.2909875648218005,0.30452699256132265,0.5955145573831231,-0.38219153833284736,0.3390352920927171,0.7212268304255645,-0.1575027235161835,0.35986795546771194,0.451071928978763,18.694573781479026,0.9999946313539565
522,429,180996,backward,w,deg,251,251.0,0.0,0.03149099748580397,0.2634767446721802,-0.4811307957618851,0.380864553287239,0.8619953490491241,-0.6571083181320603,0.46545925874019645,1.1225675768722567,-0.26669009967605206,0.5210494150533123,0.6970269374234874,19.77669101601405,0.999989426774771
522,430,180156,backward,w,deg,133,133.0,0.0,0.00396602962587167,0.21347266871822917,-0.3423517288190737,0.3150020879642511,0.6573538167833248,-0.37793242567357765,0.33166598270628356,0.7095984083798612,-0.10758658615080544,0.33840997136879875,0.37060489629811855,16.187687545695518,0.9999930592181068
522,431,180831,backward,w,deg,56,56.0,0.0,-0.016479084304705793,0.2034904274882415,-0.2858628535721266,0.3298390239267519,0.6157018774988785,-0.3454671910034506,0.4683964350599865,0.8138636260634371,0.2992467894580303,0.3497174162426404,0.488274827375875,27.44927117978459,0.9999936931617409
522,432,182115,backward,w,deg,80,80.0,0.0,0.04533036198620266,0.24432065137631295,-0.4659140030942595,0.3018669752445857,0.7677809783388452,-0.49378976371238537,0.3775649482555252,0.8713547119679106,-0.43193432178071534,0.5575622459499996,0.5854380065680971,23.96112006712764,0.999990908328904
522,433,181764,backward,w,deg,198,198.0,0.0,-0.002097339910960727,0.2632083012623347,-0.3963292673306412,0.41872245354394916,0.8150517208745904,-0.4332991906953225,0.5935008034942086,1.0267999941895312,0.21502153136183547,0.4471703192323833,0.5867161481550056,16.99125461299483,0.9999894483038749
522,434,184724,backward,w,deg,304,304.0,0.0,0.028874630536449786,0.5468289314560613,-0.8870565734842316,0.8225885800997573,1.709645153583989,-1.0619403452288338,0.9828161683075791,2.044756513536413,-0.09946765174885815,1.0330582159403872,1.2079419876849613,22.14294479325772,0.9999544570117739
522,435,187065,backward,w,deg,189,189.0,0.0,0.12841059423496404,0.5538203389063222,-1.0516016230896128,0.709009044459708,1.760610667549321,-1.2403215413669955,0.8054425865333883,2.0457641279003838,-0.5483009377756515,1.1932520605033574,1.3819719787807117,23.294392493295067,0.9999532851313413
522,436,188067,backward,w,deg,561,561.0,0.0,0.021642722743479226,0.6093090986913282,-0.9886317507188664,0.9405815968354716,1.929213347554338,-1.420235502817917,1.1152514885120581,2.535486991329975,-0.10850165633704528,1.0854598627043117,1.5170636148033623,22.35198821103649,0.9999434553361661
522,437,189830,backward,w,deg,342,342.0,0.0,0.12935548738641955,0.6488070065349527,-1.0663204638554178,0.9302489406722528,1.9965694045276705,-1.4156998791201545,1.1775292751927111,2.5932291543128656,-0.23612920633878426,1.2416006463822369,1.5909800616469738,22.59839433230245,0.9999358868893835
522,438,183098,backward,w,deg,71,71.0,0.0,0.004616140631640064,0.24678348999924932,-0.3661141917963988,0.3677481771643585,0.7338623689607573,-0.4604452444213223,0.45797946543567036,0.9184247098569926,-0.09148994395800168,0.45303138363190953,0.46506138505296235,18.041369376539773,0.999990724109567
522,439,184903,backward,w,deg,54,54.0,0.0,-0.0278254927435313,0.1958125826906813,-0.28768981111618785,0.29767478345078896,0.5853645945669768,-0.41503167611327285,0.40536953463509917,0.820401210748372,-0.1217182678043614,0.35046158086236245,0.44535997033852937,15.130504755032632,0.9999941601058134
522,440,184387,backward,w,deg,57,57.0,0.0,-0.007295419030441508,0.20930430526498087,-0.3518814769085907,0.30462153435267963,0.6565030112612703,-0.4658624159087026,0.407442918099548,0.8733053340082506,-0.3356637900245084,0.3568851839787893,0.45158488350941184,15.731576863842514,0.9999933276331506
522,441,184939,backward,w,deg,102,102.0,0.0,0.05471682464522587,0.31665001857615105,-0.4883747129043556,0.4172729529619147,0.9056476658662702,-0.6669610748092794,0.5051489621555163,1.1721100369647957,-0.17622286541015328,0.5468038744244083,0.7253902363293321,18.529279819444614,0.9999847285007307
522,442,196566,backward,w,deg,50,50.0,0.0,0.011535273534022394,1.197641072139883,-1.8131084131501864,1.8444617385688187,3.657570151719005,-2.2681307128481194,2.0773491473447905,4.34547986019291,-0.051984574399772374,2.070028616371968,2.233235368216839,23.053021526351458,0.9997815523138172
522,443,189602,backward,w,deg,50,50.0,0.0,0.15640740956634147,0.7338268333756638,-1.3322843619632407,0.903880406299578,2.2361647682628187,-1.6404311164905039,0.9948524401217469,2.6352835566122508,-0.5967648592161452,1.4930422503336385,1.8011890048609018,24.200467769844312,0.9999179839240554
522,444,185571,backward,w,deg,51,51.0,0.0,-0.00921641464037748,0.21316006973849236,-0.3168249015792668,0.35498856567980397,0.6718134672590708,-0.40737551769905167,0.44114142449330984,0.8485169421923615,0.22981841181811588,0.3822920699314807,0.42513850407223686,26.937229162643018,0.9999930795340323
522,445,189295,backward,w,deg,257,257.0,0.0,0.035477561994014195,0.3751735451225967,-0.7134731520297862,0.5334434020864023,1.2469165541161886,-1.0626593612156228,0.5692312151067256,1.6318905763223484,-0.5327113409625479,0.7136614966219326,1.0628477058077692,20.075687914185394,0.9999785619593957
522,446,191075,backward,w,deg,73,73.0,0.0,0.029552500468980725,0.7172649168405971,-1.2283371108460357,1.0096034471825923,2.237940558028628,-1.4033035773715312,1.0728055076251053,2.4761090849966365,-0.24245080179345885,1.445278560069562,1.620245026595029,22.955244380385594,0.9999216438756732
522,447,189855,backward,w,deg,56,56.0,0.0,0.07512865980761774,0.7063700296312466,-1.1656039078057319,0.9596947920650649,2.125298699870797,-1.498162623788744,1.0478387790967645,2.5460014028855085,-0.3163240248608052,1.470191226820063,1.8027499428031035,24.257325853612127,0.9999240061472942
522,448,191827,backward,w,deg,62,62.0,0.0,0.07499304629622827,0.8907463793746828,-1.4739260109445396,1.2223159006947095,2.696241911639249,-1.7286231836207833,1.3234205175120053,3.0520437011327886,-0.27093601200094963,1.777881204777729,2.032578377453973,23.835174985349816,0.9998791583367398
522,449,187258,backward,w,deg,117,117.0,0.0,0.032344349582217546,0.3681221653822833,-0.5963791991375842,0.5681232796238816,1.1645024787614657,-0.6863604242616361,0.6573130746887159,1.343673498950352,-0.09452056216777865,0.6268713959375872,0.7129361068799085,18.630766635909133,0.9999793601799769
522,450,188633,backward,w,deg,51,51.0,0.0,0.000979991021523574,0.3416150240692948,-0.5185889039891691,0.5258122498626392,1.0444011538518083,-0.6016207329965084,0.6884284763125379,1.2900492093090463,0.07493725641769784,0.5969160768599977,0.6874484852909859,26.707550866805455,0.9999822255536993
522,451,186222,backward,w,deg,117,117.0,0.0,-0.012640969269483548,0.2862931499460557,-0.4897208337505162,0.4493293279880163,0.9390501617385325,-0.5884123267694292,0.5403788487180634,1.1287911754874926,-0.09921947767561869,0.5495704982401435,0.5757713574999457,17.410854722209343,0.9999875162616874
522,452,189839,backward,w,deg,53,53.0,0.0,0.12385707827849046,0.6569249129150991,-1.13387411498054,0.8787469789803424,2.0126210939608824,-1.3076928207032665,0.8940763487171068,2.2017691694203734,-0.38752931740512553,1.4511386228877199,1.624957328610435,23.112018163004475,0.9999342724987075
522,453,191830,backward,w,deg,77,77.0,0.0,0.11459521986569143,1.0376034456699674,-1.758677805995734,1.397955926546865,3.1566337325425993,-2.079233466438467,1.4948860643402497,3.5741195307787166,-0.3320052887090546,2.3231836453088253,2.6437393057515806,23.78336001503097,0.9998360298604786
522,454,187683,backward,w,deg,56,56.0,0.0,-0.028948516391537282,0.2058319975835452,-0.2921526566170769,0.3498493037506023,0.6420019603676792,-0.37746219484941435,0.44400727903294523,0.8214694738823596,0.28918627403472136,0.36871974212725434,0.4421659173759167,30.67365306334116,0.9999935471813615
522,455,186729,backward,w,deg,65,65.0,0.0,-0.012871433353922157,0.22879841892316805,-0.3851057197767659,0.3705018950429064,0.7556076148196723,-0.5045565518923354,0.46454502601574177,0.9691015779080772,0.023524402517852143,0.393294366244686,0.49200242501188995,16.743543278603983,0.9999920268593131
522,456,187011,backward,w,deg,75,75.0,0.0,-0.004192735885311549,0.22412226911771244,-0.3627078551673833,0.34715571847189036,0.7098635736392737,-0.373275463947067,0.43352493879984877,0.8068004027469158,0.003293919844416594,0.3616367151928358,0.4401045375489332,19.192665962311363,0.9999923494319054
522,457,187990,backward,w,deg,64,64.0,0.0,0.033149933858680924,0.20647098981763143,-0.283085833370518,0.335077313271735,0.618163146642253,-0.39228054638448384,0.33646989132114413,0.728750437705628,-0.10106534295587208,0.31818095162950755,0.4273756646434492,15.806547254138074,0.9999935070521654
522,458,189387,backward,w,deg,52,52.0,0.0,0.007412041226345423,0.33573523960027685,-0.5116140673612662,0.4885231576490568,1.000137225010323,-0.648942383550434,0.5779932865549426,1.2269356701053766,-0.06231148397260747,0.5605950201973695,0.618240570099374,26.773834155525833,0.9999828321361292
522,459,189783,backward,w,deg,146,146.0,0.0,0.017260281358730367,0.3415019320041967,-0.5170904347107808,0.49003688894387665,1.0071273236546574,-0.6730276472038099,0.5636680144696982,1.236695661673508,-0.08661316033037737,0.5946303943068187,0.6255717810696524,19.128548546144938,0.999982237311585
522,460,188251,backward,w,deg,67,67.0,0.0,0.028008295290504748,0.29116474615831833,-0.4654448532856776,0.4089706510007119,0.8744155042863895,-0.5661202912087901,0.4119481318559508,0.978068423064741,-0.27515691315823204,0.49345314857618233,0.5941285864992949,16.605691743634715,0.9999870877922113
522,461,189266,backward,w,deg,101,101.0,0.0,0.00769418493308649,0.27228827752328516,-0.4545628867678033,0.3776108004686023,0.8321736872364056,-0.4613612335469668,0.4592796532358534,0.9206408867828202,-0.08901431420784087,0.460401123757606,0.46719947053674105,17.565055753254708,0.9999887077335246
522,462,192539,backward,w,deg,60,60.0,0.0,0.06089004511207463,0.47067165152780466,-0.795186047950807,0.6553457934455437,1.4505318413963506,-0.8886951903241993,0.6768639760018118,1.565559166326011,-0.2839658243248905,0.9012256548869857,0.9947347972603495,22.725157939696924,0.9999662591252487
522,463,194466,backward,w,deg,57,57.0,0.0,0.11264500882165862,0.6798051628434991,-1.2537434427084861,0.8569717639235247,2.110715206632011,-1.5654506992026427,1.0084685869669556,2.5739192861695983,-0.5801552030196488,1.2651135856400109,1.5768208421341683,23.386319647492943,0.9999296147558071
522,464,190255,backward,w,deg,58,58.0,0.0,-0.010424989914426419,0.24244057657123685,-0.30799761475693826,0.4587958439362779,0.7667934586932161,-0.385986141704592,0.5530832585621965,0.9390694002667885,0.4068056147419021,0.4647542542540094,0.559041668879928,16.823313259191153,0.9999910477149055
522,465,192262,backward,w,deg,205,205.0,0.0,0.021800053334573022,0.4039040098548084,-0.6673028801240036,0.6182711982457646,1.2855740783697682,-0.9147320150817393,0.7824138631521578,1.697145878233897,-0.14367866954579606,0.7021445015342578,0.9365320684163123,20.23258400098008,0.9999751528088304
522,466,191270,backward,w,deg,77,77.0,0.0,0.048535499994045495,0.3036362178714537,-0.49253833497035654,0.4196575098037215,0.9121958447740781,-0.6436291566087959,0.49721331411922165,1.1408424707280176,-0.2361362790155475,0.5238028682014658,0.6179765502831742,19.236441322561134,0.9999859579708875
522,467,196418,backward,w,deg,71,71.0,0.0,0.03130824721193903,0.7709325319252348,-1.2501247141400569,1.089896138465022,2.340020852605079,-1.3969921168122994,1.2745304027504858,2.671522519562785,-0.16766917077670296,1.2775387416444346,1.4120400005616318,28.4252394213211,0.9999094797952088
522,468,191010,backward,w,deg,60,60.0,0.0,0.01224359635652661,0.2725007658634713,-0.4302084223883654,0.38761004938030913,0.8178184717686745,-0.521427247189024,0.46491094293958213,0.9863381901286061,-0.054204962844884956,0.4477291682464539,0.5387345468936928,17.987193205338084,0.9999886901043837
522,469,198513,backward,w,deg,53,53.0,0.0,0.2813774000635192,2.1473809116187215,-3.615113836066604,2.961833678118353,6.5769475141849565,-4.0524137744955055,3.2171073852098857,7.269521159705391,-0.267633265397661,5.262534788119899,5.699834726548829,29.632073765552438,0.9992978206752792
522,470,191985,backward,w,deg,57,57.0,0.0,0.025446851598928788,0.26250329551120927,-0.43623157973268006,0.38222611654591104,0.8184576962785911,-0.6246434722927745,0.4672853894806792,1.0919288617734537,-0.28126088997802606,0.45863372683477904,0.6470456193948735,17.337616102568344,0.9999895047578286
522,471,194660,backward,w,deg,199,199.0,0.0,0.024874739558299552,0.5149860247388776,-0.834323388479089,0.7508891691819541,1.5852125576610432,-1.069111877619946,0.8914669140397677,1.9605787916597137,-0.15327458980976222,0.8611971436613487,1.0228470724343595,20.311535512881445,0.9999596066309498
522,472,194555,backward,w,deg,50,50.0,0.0,0.01590929717080769,0.437067539594258,-0.7791660374935688,0.672876264218456,1.4520423017120248,-0.9963182261870713,0.7964179020894449,1.7927361282765162,-0.2762372436986179,0.8636849183252193,1.0808371070187377,29.09244087477403,0.9999709051110345
522,473,192238,backward,w,deg,54,54.0,0.0,0.015174751369713135,0.22364512808154058,-0.33640978136026545,0.32584303022298505,0.6622528115832504,-0.4202914057234466,0.3772489880207388,0.7975403937441854,-0.052920751693249606,0.3579994433598827,0.44188106772304536,18.228967038784475,0.9999923819718638
522,474,192946,backward,w,deg,52,52.0,0.0,0.00012244371937697451,0.24674554237966081,-0.37215108500125493,0.4085170459435812,0.7806681309448361,-0.4674081614552108,0.5471356132327401,1.0145437746879509,0.15059361104921024,0.46201253139554976,0.5455753788313018,16.601651139249913,0.9999907269670176
522,475,192952,backward,w,deg,74,74.0,0.0,0.01574322303252984,0.3662903665599749,-0.6132443039123743,0.5947658712236144,1.2080101751359886,-0.7101892877878413,0.7352232367222769,1.4454125245101181,0.015008621134768292,0.6679980425717811,0.8020590946389348,17.23029958966628,0.9999795650991185
522,476,195837,backward,w,deg,172,172.0,0.0,0.019165548582265046,0.5154741939205373,-0.8144922011071543,0.7991145461345396,1.6136067472416937,-0.986809090443387,0.9708712553001817,1.9576803457435688,-0.055978136819245926,0.8686310339492265,1.0248309191875933,20.59222665655222,0.99995953001098
522,477,193922,backward,w,deg,82,82.0,0.0,-0.00984129076171314,0.3256284469097384,-0.5383842656069903,0.5199167849235167,1.058301050530507,-0.6362095504734953,0.6953554116959424,1.3315649621694376,0.03646575193801553,0.613672410378351,0.7076441744103477,18.14359163011306,0.999983850208649
522,478,194170,backward,w,deg,92,92.0,0.0,0.006118124292200378,0.4014396624256641,-0.6701194669134551,0.6391393817517754,1.3092588486652306,-0.8070114884727104,0.8569344677840718,1.6639459562567822,-0.03939446288553644,0.7446281110024516,0.8648847307346159,18.819508068969064,0.9999754550997408
522,479,195326,backward,w,deg,55,55.0,0.0,-0.013566793249566445,0.2653745404632887,-0.4071621039414623,0.4178776086239225,0.8250397125653848,-0.561171969068198,0.5055438221937436,1.0667157912619416,-0.03491697806053019,0.4696212314367697,0.5388907170395782,16.96234319906292,0.9999892739072441
522,480,198461,backward,w,deg,50,50.0,0.0,0.02970111292573563,0.5681086376125779,-0.849065009538441,0.8764184212350654,1.7254834307735063,-0.93699901156171,1.0185556350114098,1.9555546465731197,0.012678934372519048,0.92925361992566,0.9801713966973296,28.007155912179062,0.9999508434877041
522,481,195098,backward,w,deg,62,62.0,0.0,0.009884513576366771,0.2748604495485747,-0.4311280199017574,0.44318526991579715,0.8743132898175545,-0.6079879541491948,0.5305594439261085,1.1385473980753034,-0.09816608409368305,0.5178847269175378,0.6203723775477954,17.476256468391764,0.9999884933922362
522,482,195348,backward,w,deg,65,65.0,0.0,0.016248978604807007,0.32278568806290436,-0.4949421656075742,0.4750793607312971,0.9700215263388713,-0.6553790220885389,0.6340594379818754,1.2894384600704143,-0.03276038355440256,0.5842430284778173,0.6848731917093289,18.835265096485433,0.9999841309495195
522,483,202149,backward,w,deg,174,174.0,0.0,0.1036915640797389,1.085107330629559,-1.8331915609304545,1.519761530921792,3.3529530918522465,-2.363459609295063,1.8605765571913935,4.2240361664864565,-0.2588474870553135,1.8876559486278621,2.417923996992471,27.498012111901705,0.9998206734381602
522,484,195821,backward,w,deg,65,65.0,0.0,0.029568949339989103,0.28801631047265985,-0.47150451483140043,0.45129615009611806,0.9228006649275184,-0.5564995953998846,0.5523500202530442,1.1088496156529288,-0.09045721985582808,0.5156579135127742,0.6006529940812584,19.220333351458656,0.9999873655286989
522,485,197171,backward,w,deg,62,62.0,0.0,-0.0012297740175313265,0.2131479799355853,-0.3378360761830891,0.3567759988648063,0.6946120750478955,-0.43011574270224173,0.44759097619350996,0.8777067188957517,0.10165938778115656,0.4257266346836073,0.44204326720438303,16.52008071853822,0.999993080320029
522,486,198568,backward,w,deg,283,283.0,0.0,0.035469669227325085,0.6299625549235057,-1.080645066884807,0.9581318541998539,2.038776921084661,-1.280886006644863,1.1750921090969086,2.4559781157417717,-0.15627486030798163,1.1072668710588145,1.2875777438273701,20.267595321593436,0.9999395570974079
522,487,196734,backward,w,deg,72,72.0,0.0,-0.009433938857654312,0.2769180361697992,-0.4407147480854462,0.4408726675849069,0.8815874156703531,-0.6074889576257476,0.5692469269007745,1.1767358845265221,-0.009232340011101434,0.5094677091191046,0.5947675772900709,18.246975154859,0.9999883204732974
522,488,199025,backward,w,deg,60,60.0,0.0,0.06209808347345813,0.577340191190103,-0.980571491544245,0.7720266303155725,1.7525981218598177,-1.1403204118469148,0.854762965563566,1.9950833774104808,-0.32790866753667186,0.9521943484361853,1.1119432687388553,21.189447772259996,0.9999492330348131
522,489,202361,backward,w,deg,116,116.0,0.0,-0.02980837579848128,0.9864693415324816,-1.5243479509211184,1.6291648834715602,3.1535128343926786,-1.9668020983170607,1.9078094630321516,3.8746115613492123,0.0699123237445003,1.8838326140408768,2.326286761436819,27.41241073767416,0.9998517923510372
522,490,197405,backward,w,deg,62,62.0,0.0,-0.016538472425580153,0.259715613748467,-0.44211345436552135,0.4129422391556815,0.8550556935212028,-0.5392576600685288,0.5745931311660684,1.1138507912345972,0.1076166218287734,0.5033334109001981,0.5940073213060373,17.095171854857387,0.999989726484165
522,491,197412,backward,w,deg,60,60.0,0.0,0.005700079717669837,0.26795641484068067,-0.4113354994676513,0.44039137780488175,0.851726877272533,-0.5763595141643805,0.6098951401592672,1.1862546543236476,0.04389209669245051,0.5086000983940124,0.5986454828825458,17.674366883027194,0.9999890641856671
522,492,198798,backward,w,deg,65,65.0,0.0,0.021149442069997804,0.400068055141532,-0.6290419258539032,0.627344033640071,1.2563859594939741,-0.6726340433874043,0.667997893552041,1.3406319369394453,-0.012499188322759619,0.6713152942073747,0.7149074117408531,20.75550265521699,0.9999756224927048
522,493,197879,backward,w,deg,85,85.0,0.0,0.022570523694014355,0.33526897822695906,-0.5501485883879411,0.5159955428018462,1.0661441311897875,-0.5916574723290182,0.616099907388616,1.2077573797176342,-0.07907250618274325,0.5901827122199165,0.6222419855337762,18.83761538010688,0.9999828797886827
522,494,206923,backward,w,deg,205,205.0,0.0,-0.10251112544133889,1.1737559804572293,-1.7134548236733451,1.9691727640448844,3.6826275877182297,-2.135232927043205,2.4941581513464257,4.629391078389631,0.21908612223626117,2.152958645581037,2.6779440328825785,26.405670286511334,0.9997901786407031
522,495,198997,backward,w,deg,105,105.0,0.0,0.0036966544830363546,0.4098974243456052,-0.6305319019491549,0.627973423168231,1.2585053251173859,-0.7154782800258772,0.7340524686434833,1.4495307486693605,-0.0560536518878234,0.6772538633561339,0.747588753210465,19.00356028901256,0.9999744099153474
522,496,202580,backward,w,deg,50,50.0,0.0,0.012955437149912541,0.8260310341489803,-1.295161816146512,1.2570773746766275,2.5522391908231397,-1.436542526345221,1.3879400233387855,2.8244825496840065,-0.01978997453014279,1.5483924275859036,1.6897731377846128,28.08987150348773,0.9998960789252569
522,497,202788,backward,w,deg,55,55.0,0.0,0.1687922095384522,0.9909249155598873,-1.6815527229077958,1.356681407961534,3.0382341308693297,-1.8626983910831711,1.525659841160632,3.388358232243803,-0.28789122661935984,2.0513239270771777,2.232469595252553,28.011325881356004,0.9998504501367618
522,498,207684,backward,w,deg,83,83.0,0.0,0.008957628327408429,1.1124764609068778,-1.7019171661453327,1.723081509490293,3.4249986756356257,-1.9007375664920687,2.11713052591125,4.017868092403319,0.049335314809727436,2.1649290517736937,2.5589780681946763,27.164600340384762,0.9998115133116725
522,499,203803,backward,w,deg,129,129.0,0.0,0.03748928363594928,0.9106874307842828,-1.4481685473954768,1.3700564488228564,2.8182249962183334,-1.6216577780343755,1.5329775963884629,3.1546353744228384,-0.07687459093495543,1.5863589646163745,1.7598481952552731,27.373408347189603,0.9998736873780826
522,500,199856,backward,w,deg,71,71.0,0.0,-0.004275101985683705,0.2334152657550736,-0.38445811104050165,0.37477671761102727,0.7592348286515289,-0.47374342972480576,0.4658570166939171,0.9396004464187229,0.09370375747545479,0.42492592545001173,0.49925675192955055,16.97867736479882,0.9999917018376274
522,501,199426,backward,w,deg,63,63.0,0.0,0.006099332543954006,0.16198181982882914,-0.2664349447124522,0.23675290100116797,0.5031878457136202,-0.2901540208864617,0.26141233780447237,0.5515663586909341,-0.15154986518003177,0.26514343152506115,0.27835460424179814,17.90805185674396,0.9999960037122635
522,502,203815,backward,w,deg,54,54.0,0.0,0.1749887075829264,0.8554523984439194,-1.596474421909089,1.164913417657774,2.761387839566863,-1.920780756646792,1.4229704184113814,3.3437511750581734,-0.4879622961771138,1.792992659127871,2.1172989938655746,28.02072436732692,0.9998885455104494
522,503,203992,backward,w,deg,55,55.0,0.0,-0.09602273482562396,0.5201819944213829,-0.6588012347289436,0.977373962987451,1.6361751977163945,-0.8238063975100545,1.3039518034286743,2.127758200938729,0.6344407517051305,1.0733966978130551,1.3999745382542983,26.81006225734679,0.9999587876141115
522,504,200743,backward,w,deg,56,56.0,0.0,0.024127158974906138,0.23616859107525753,-0.37527768818288365,0.33506340422364644,0.7103410924065301,-0.47445732481321556,0.400372730996736,0.8748300558099515,-0.15663712598427615,0.4263097747766764,0.4435343127635747,18.634480788280495,0.9999915049127758
522,505,200948,backward,w,deg,64,64.0,0.0,0.0014945528633916183,0.23177253692174596,-0.3714339234171618,0.33578029630385087,0.7072142197210127,-0.5392076318648265,0.41231913476050863,0.9515267666253351,-0.20717244757766165,0.4304776661090599,0.5197079989954148,17.68226815680607,0.9999918182288816
522,506,203805,backward,w,deg,57,57.0,0.0,0.00903425715247863,0.5928855874972258,-0.9100158653627546,0.8955890916019482,1.8056049569647028,-1.009278060078202,1.0408036147688335,2.0500816748470356,0.0017691070735868526,1.019847650966926,1.1191098456823738,27.520158319303487,0.9999464623316018
522,507,202015,backward,w,deg,53,53.0,0.0,0.003026676868046252,0.23244005586353747,-0.3665409321664754,0.35264661579937523,0.7191875479658506,-0.5040763717892958,0.4394425601863645,0.9435189319756603,-0.06026441514343078,0.4245821116786203,0.5071030486573136,18.366442885612134,0.9999917710319377
522,508,206171,backward,w,deg,67,67.0,0.0,-0.0496049461665109,0.6550485820765319,-0.994524419789488,1.0220055909074741,2.016530010696962,-1.1424126212593535,1.2185735636037407,2.360986184863094,0.06720774860374812,1.1031142809858265,1.1873278529317304,26.988485855031865,0.999934647387885
522,509,205964,backward,w,deg,67,67.0,0.0,0.012937875830544954,0.47711545276211165,-0.8189547821101314,0.7110041312249222,1.5299589133350535,-1.0897569266309972,0.8569425807937705,1.9466995074247677,-0.221668124402663,0.8797550435235307,1.0009156000405994,26.297588905006748,0.9999653290339562
522,510,209125,backward,w,deg,115,115.0,0.0,-0.0038980172213882724,0.48624297622362295,-0.7694617324484228,0.802458770479069,1.5719205029274916,-1.0629196344583534,1.1436996817848808,2.206619316243234,0.07840389576816852,0.9316541439127404,1.141592403621786,24.920413838506356,0.9999639898311781
522,511,210724,backward,w,deg,57,57.0,0.0,-0.03666695489513927,0.3447662430884721,-0.5009769298429262,0.598917697895001,1.0998946277379273,-0.6030836964326056,0.813700257778919,1.4167839542115246,0.39004628084331977,0.6238997646110988,0.7887250614677157,23.738697816784693,0.9999818961457724
522,512,212535,backward,w,deg,122,122.0,0.0,-0.0023495270612414743,0.369160859212274,-0.5975151750806915,0.6175379221696372,1.2150530972503288,-0.7687954871583145,0.8461050055099406,1.614900492668255,0.08219532675809452,0.7142306017195067,0.8232873040499271,23.481615809222134,0.9999792435803525
522,513,214090,backward,w,deg,65,65.0,0.0,-0.010751740833882195,0.2978847932319561,-0.4575403164642978,0.4915839238992077,0.9491242403635055,-0.5481972974102405,0.6914541822951321,1.2396514797053726,0.17722327761398324,0.5292234008107414,0.7022059231290143,22.500288190402518,0.999986484902718
522,514,214080,backward,w,deg,59,59.0,0.0,0.0030200971546605615,0.2756746968941556,-0.42237086891601905,0.46038593645485515,0.8827568053708742,-0.5066482941781487,0.6021641078062601,1.1088124019844088,0.15897763838626802,0.4958082028333164,0.6169954255377093,21.87737494530119,0.9999884251155621
522,515,214857,backward,w,deg,54,54.0,0.0,0.012627120479479004,0.26667421383153167,-0.42783532963768917,0.4149957321021275,0.8428310617398167,-0.5903173959058847,0.5996000011117246,1.1899173970176093,-0.026816408901725434,0.5031333319108439,0.6171107420852877,22.96280577085974,0.999989168593935
522,516,215211,backward,w,deg,64,64.0,0.0,-0.007907198145161942,0.2651134269140478,-0.4201134775155367,0.4272971807945025,0.8474106583100391,-0.5362556654658022,0.579041055227151,1.1152967206929532,0.08998116154292449,0.4725687849682174,0.560031152685724,21.638309424728543,0.9999892950049191
522,517,215906,backward,w,deg,72,72.0,0.0,-0.004467054050451225,0.19898314123951552,-0.3207386988245631,0.3123249648627749,0.6330636636873379,-0.44707531794347233,0.41302010535460454,0.8600954232980769,-0.010440654078897998,0.3736218721820052,0.47724465175238606,19.37658524931137,0.9999939694586988
522,518,215928,backward,w,deg,60,60.0,0.0,-0.00038166665177641335,0.23449053407693626,-0.36140508294659385,0.37704893511896237,0.7384540180655562,-0.4481383393478495,0.48550467542401066,0.9336430147718602,0.04855485847055711,0.4133932341171671,0.4761939531536825,20.859231482940004,0.9999916252066726
522,519,216270,backward,w,deg,86,86.0,0.0,0.000655230551970476,0.23323127227370521,-0.3828808727240727,0.382129668346856,0.7650105410709287,-0.5232820489223116,0.5196513580333431,1.0429334069556546,-0.007051351788583432,0.4404523012751582,0.5576021367583337,19.93754538796507,0.9999917149168934
522,520,216466,backward,w,deg,66,66.0,0.0,0.0025572661980532985,0.26489493662529234,-0.425266056794662,0.4258986280647008,0.8511646848593628,-0.5404692921509309,0.5806704735776975,1.1211397657286284,0.04500965427622998,0.4746014178957054,0.5630132602458389,21.22295086252424,0.9999893126431303
522,521,217333,backward,w,deg,50,50.0,0.0,-0.0037873723321411035,0.24581726561693443,-0.3960334261007475,0.39923246952149605,0.7952658956222436,-0.4943676539646731,0.49649851337869677,0.9908661673433699,0.04641824134493311,0.4536281129174397,0.49712489666441684,21.434604133547886,0.999990796606195
522,0,18595,forward,eps,km^2/s^2,122,122.0,0.0,-0.16868228164692994,0.0027596578061662574,-0.17557691828398447,-0.16595677539531947,0.009620142888665001,-0.17575253960599702,-0.16499386153019147,0.01075867807580555,-1.1329796456200574,0.00851095676571213,0.008686578087724661,nan,nan
522,1,19899,forward,eps,km^2/s^2,97,97.0,0.0,-0.17489811606400296,0.002891529169228231,-0.17937228819318157,-0.16949545738207555,0.009876830811106019,-0.18098473959218875,-0.16893179550803272,0.012052944084156025,0.10062515057673531,0.007074802386791188,0.0076384642608340325,nan,nan
522,2,18590,forward,eps,km^2/s^2,55,55.0,0.0,-0.19018477147309176,0.002878800202711679,-0.19434344778261398,-0.18617925450154876,0.008164193281065213,-0.1952408629555007,-0.18616405451094298,0.009076808444557716,-0.07717065322303356,0.006494410969565211,0.007391826142451929,nan,nan
522,3,18148,forward,eps,km^2/s^2,56,56.0,0.0,-0.2498317555836737,0.0008497730778445663,-0.250692977318404,-0.24804949927671616,0.0026434780416878523,-0.2507429723332959,-0.24777082508378467,0.0029721472495112256,0.5782939566187248,0.0017633397030819564,0.0020420138960134393,nan,nan
522,4,18805,forward,eps,km^2/s^2,57,57.0,0.0,-0.20146861986213604,0.002819206102267244,-0.20451843870984404,-0.1964685213504113,0.008049917359432751,-0.20530842770851587,-0.19645235519741522,0.008856072511100654,0.10762739582051074,0.005150022139371278,0.0059400111380431,nan,nan
522,5,22540,forward,eps,km^2/s^2,54,54.0,0.0,-0.16684585829881293,0.0032986118924518116,-0.17308371982053844,-0.16259123324081085,0.010492486579727595,-0.17403000729254747,-0.1615260053800397,0.012504001912507778,-0.32492337039950026,0.006144114866755311,0.0070904023387643456,nan,nan
522,6,23178,forward,eps,km^2/s^2,95,95.0,0.0,-0.24966742959551969,0.0006151381488143939,-0.2502871789749482,-0.24828654194283703,0.0020006370321111466,-0.2504223696754775,-0.24782235842817613,0.0026000112473013592,0.7628310631692801,0.0016897862532230467,0.0021539697678839564,nan,nan
522,7,27210,forward,eps,km^2/s^2,188,188.0,0.0,-0.1641114436501293,0.0028172704234231158,-0.16950417920368838,-0.16010902935553686,0.009395149848151513,-0.17134596766083077,-0.15954410163925625,0.011801866021574514,-0.4391636584939934,0.0056794615243492405,0.007521249981491618,nan,nan
522,8,32632,forward,eps,km^2/s^2,89,89.0,0.0,-0.23761660834801124,0.0010474167622540754,-0.2392079459803001,-0.23553849592949083,0.0036694500508092642,-0.23977655944534837,-0.2352829381081617,0.004493621337186671,0.37839875428693254,0.002105790048337796,0.00230011436751576,nan,nan
522,9,29454,forward,eps,km^2/s^2,75,75.0,0.0,-0.19675622825667904,0.002391415699125825,-0.20156763432364408,-0.19319197192897727,0.008375662394666805,-0.20164019799709476,-0.19238909993696607,0.009251098060128693,-0.31376722694088666,0.005420772458665657,0.005493336132116333,nan,nan
522,10,29914,forward,eps,km^2/s^2,128,128.0,0.0,-0.18176095059261327,0.003182882107620794,-0.18702156686968385,-0.17681504294605394,0.010206523923629918,-0.18810821539098,-0.17563557202472868,0.012472643366251313,-0.08588192855381004,0.005736861964677891,0.006821698285467193,nan,nan
522,11,28999,forward,eps,km^2/s^2,79,79.0,0.0,-0.20354640776050537,0.0023708262331431328,-0.20708666126914646,-0.2000255562931788,0.0070611049759676525,-0.2075409798499105,-0.19879671904301865,0.008744260806891835,0.05689868565895326,0.003909044704973719,0.005137881955133872,nan,nan
522,12,33080,forward,eps,km^2/s^2,194,194.0,0.0,-0.24835093047429418,0.000653681223106069,-0.24937097804543662,-0.2471694822606784,0.0022014957847582284,-0.24963866678208857,-0.24668740373434161,0.002951263047746955,0.1458131888466953,0.0012995568379054634,0.001781635364242251,nan,nan
522,13,30601,forward,eps,km^2/s^2,94,94.0,0.0,-0.17274726223716697,0.0024430981253960164,-0.17607878301622115,-0.16826613635549595,0.007812646660725203,-0.1771618145810484,-0.16670499176471698,0.010456822816331424,0.2981946398704591,0.004472509639494814,0.005625123307244739,nan,nan
522,14,30368,forward,eps,km^2/s^2,71,71.0,0.0,-0.1892671754295675,0.002058215477220115,-0.192575431733365,-0.18612890963181233,0.006446522101552665,-0.19320591629688633,-0.1851290750590492,0.00807684123783714,0.06438199924245823,0.003590245766597,0.004468082314819655,nan,nan
522,15,31274,forward,eps,km^2/s^2,86,86.0,0.0,-0.20996192746649928,0.0019517257505377392,-0.212404959612644,-0.20654103363197082,0.005863925980673174,-0.21300883098735535,-0.20569810772730956,0.007310723260045782,0.26942688116001434,0.003532344985657826,0.004375270890319083,nan,nan
522,16,31696,forward,eps,km^2/s^2,52,52.0,0.0,-0.056662086600856365,0.012444983573616576,-0.08931749802839715,-0.04674838925373658,0.04256910877466057,-0.09844934081837098,-0.04526174848428499,0.05318759233408599,-1.7251777153999155,0.037856412139528714,0.04698825492950254,nan,nan
522,17,32867,forward,eps,km^2/s^2,73,73.0,0.0,-0.21590078363088738,0.001477268903352871,-0.21739791309917533,-0.2128648960219962,0.0045330170771791245,-0.21790833540533872,-0.21225590153319962,0.005652433872139095,0.3441610939554641,0.002548258367980226,0.0030122262845165837,nan,nan
522,18,33318,forward,eps,km^2/s^2,61,61.0,0.0,-0.23200511475646435,0.00048282758349380976,-0.2329194124044972,-0.2312565894738421,0.0016628229306551168,-0.2330557708104256,-0.2308731393029485,0.0021826315074771063,0.02300798997443396,0.0010079541134242476,0.0011435290840104972,nan,nan
522,19,32403,forward,eps,km^2/s^2,52,52.0,0.0,-0.24219459320490533,0.0009145239116433544,-0.24378251403696627,-0.240677641356869,0.003104872680097265,-0.24410627764729986,-0.24047613829405567,0.0036301393532441883,-0.034794443773545,0.0018805705064037612,0.00208207356921708,nan,nan
522,20,33089,forward,eps,km^2/s^2,56,56.0,0.0,-0.23487531077815305,0.0007450324093924519,-0.2359822082712766,-0.2333519620243275,0.002630246246949103,-0.23633899704597516,-0.23309676570880222,0.0032422313371729405,0.4395578959846404,0.0015200142235051728,0.0016954070635849527,nan,nan
522,21,33547,forward,eps,km^2/s^2,76,76.0,0.0,-0.22854115044511536,0.0009278581813202886,-0.23041089207199236,-0.22725679468536353,0.0031540973866288347,-0.23074790536212542,-0.22695819919995674,0.003789706162168671,-0.27059145489365716,0.001795770140202435,0.0019942083417211487,nan,nan
522,22,31291,forward,eps,km^2/s^2,114,114.0,0.0,-0.15805546999246844,0.0017193408765687644,-0.16132007264127043,-0.15553370697039334,0.005786365670877092,-0.16315439860881376,-0.15514036984368174,0.00801402876513202,-0.43755144430561554,0.004018723767108289,0.005853049734651616,nan,nan
522,23,36300,forward,eps,km^2/s^2,90,90.0,0.0,-0.22464193007958744,0.001231330564308775,-0.2265815956903834,-0.22256831837738897,0.0040132773129944455,-0.22685759847294018,-0.22213740071375931,0.004720197759180866,0.1655477392685118,0.0021808493574132226,0.0025079249589725627,nan,nan
522,24,36991,forward,eps,km^2/s^2,85,85.0,0.0,-0.22036743047242002,0.0013905173017252643,-0.22201018047459822,-0.21771164415481375,0.004298536319784468,-0.2224504518169801,-0.2172343057962116,0.005216146020768475,0.24541044336532367,0.0023824699020087215,0.0028121209873823716,nan,nan
522,25,37882,forward,eps,km^2/s^2,55,55.0,0.0,-0.16965012576869187,0.003388695302044931,-0.17508432582115432,-0.16463062699293562,0.0104536988282187,-0.17725403351831004,-0.16404081878440202,0.013213214733908019,-0.18204200098651352,0.005655525241983183,0.007253353150555419,nan,nan
522,26,43665,forward,eps,km^2/s^2,170,170.0,0.0,-0.24473265098073388,0.0006493478270199661,-0.24552775184630296,-0.2433353262185169,0.002192425627786071,-0.24570907226529903,-0.24305882613395646,0.0026502461313425707,0.5313459748103652,0.0012064266586846672,0.0014387283013421737,nan,nan
522,27,39290,forward,eps,km^2/s^2,77,77.0,0.0,-0.2400926945440447,0.0007568533832509587,-0.2416532351003455,-0.23973989023786407,0.0019133448624814309,-0.24174812616373753,-0.239735224778578,0.0020129013851595268,-0.7597089791115845,0.0018066669797872415,0.0019015580431792634,nan,nan
522,28,34031,forward,eps,km^2/s^2,89,89.0,0.0,-0.15452598268542606,0.0014342117739352715,-0.15712390519663905,-0.15237312121246918,0.004750783984169865,-0.15780308111976515,-0.15189240264929982,0.005910678470465336,-0.25806342468086657,0.0037624992652374616,0.004441675188363581,nan,nan
522,29,37890,forward,eps,km^2/s^2,53,53.0,0.0,-0.22606327127894676,0.0020895507115839553,-0.22859318067681503,-0.22228367859631776,0.00630950208049727,-0.22919000042651938,-0.2218227166776321,0.007367283748887288,0.21511707331081226,0.003489262167076501,0.003950224085762177,nan,nan
522,30,35172,forward,eps,km^2/s^2,69,69.0,0.0,-0.16734023742915627,0.0036975760035103476,-0.17294546532552393,-0.1617392011075291,0.011206264217994838,-0.17388253264182318,-0.16044298178145522,0.013439550860367966,0.021529276095606523,0.006157566120584111,0.0068972556477010505,nan,nan
522,31,39731,forward,eps,km^2/s^2,54,54.0,0.0,-0.21200016910193037,0.0022501348513146997,-0.21492891236008574,-0.20786573005161227,0.00706318230847347,-0.21529419359183977,-0.2068716697858124,0.008422523806027371,0.3404251992545328,0.004151608975620484,0.0051456692414203475,nan,nan
522,32,36997,forward,eps,km^2/s^2,53,53.0,0.0,-0.2022844520123923,0.0019529193221960815,-0.2049827607273955,-0.1991292998194235,0.00585346090797198,-0.20530337558890066,-0.19866782822614582,0.006635547362754846,0.09016973566482223,0.0031551521929688016,0.003616623786246498,nan,nan
522,33,36315,forward,eps,km^2/s^2,67,67.0,0.0,-0.18045673664931972,0.003560173826643777,-0.18601762079344816,-0.17503697051713601,0.010980650276312148,-0.18635713153076028,-0.1743115313340483,0.01204560019671197,0.04435584650814892,0.00584825186669352,0.006573691049781227,nan,nan
522,34,35874,forward,eps,km^2/s^2,73,73.0,0.0,-0.15173935445081632,0.0015727155001571728,-0.15491909306058632,-0.14983668770166572,0.0050824053589206,-0.15663093929165306,-0.14946082479044753,0.007170114501205527,-0.926005109688625,0.004406434836440254,0.006118281067507003,nan,nan
522,35,39284,forward,eps,km^2/s^2,110,110.0,0.0,-0.24691516214764558,0.0004906861057239891,-0.24758560514797567,-0.24595607800098637,0.0016295271469893013,-0.24775269008209788,-0.24562606513853202,0.002126624943565858,0.4597568941556427,0.0009905419699034633,0.0013205548323578231,nan,nan
522,36,37232,forward,eps,km^2/s^2,63,63.0,0.0,-0.19204709347290483,0.002984388417042057,-0.19639680273024412,-0.18701156961212725,0.00938523311811687,-0.19691271388665899,-0.1867709688565412,0.010141745030117777,0.07331738409175093,0.004880976460448561,0.005390678833631868,nan,nan
522,37,37025,forward,eps,km^2/s^2,66,66.0,0.0,-0.14941786240947774,0.0018051118008375762,-0.15407351230451544,-0.14782778844094416,0.006245723863571279,-0.15491540990210984,-0.14749266554356655,0.007422744358543287,-1.1599454990686833,0.005434619283689879,0.0062765168812842775,nan,nan
522,38,38171,forward,eps,km^2/s^2,77,77.0,0.0,-0.16000716788631675,0.004391156583992602,-0.167298320930531,-0.154009902119601,0.013288418810930014,-0.16833611126939418,-0.15314633253009768,0.0151897787392965,-0.15473232656983388,0.007229578737960308,0.007840556908377816,nan,nan
522,39,38415,forward,eps,km^2/s^2,62,62.0,0.0,-0.1473523321544578,0.0012547307210598489,-0.1498348384968838,-0.1458874535823322,0.003947384914551599,-0.15114800916847404,-0.14555987333745257,0.005588135831021468,-0.5878532597466215,0.003569199054182369,0.004882369725772606,nan,nan
522,40,40228,forward,eps,km^2/s^2,65,65.0,0.0,-0.20828490587557968,0.001822028347318667,-0.21088647693884272,-0.20538906324075873,0.005497413698083986,-0.2113049153861416,-0.20473895139400444,0.006565963992137158,0.06215607663073732,0.0034045700541701193,0.004054681900924395,nan,nan
522,41,39083,forward,eps,km^2/s^2,59,59.0,0.0,-0.17961236562319105,0.0037217078912290392,-0.18539166101447171,-0.1736551691974685,0.011736491817003203,-0.1857315353588106,-0.17311782403797793,0.012613711320832666,0.04859924294933759,0.0059503725899300195,0.0064106418331418835,nan,nan
522,42,42970,forward,eps,km^2/s^2,139,139.0,0.0,-0.2458522747152767,0.0005349770371541048,-0.24648409173600383,-0.24483121897771698,0.0016528727582868497,-0.24664301527127042,-0.2438933382925994,0.002749676978671012,0.7941612428053965,0.0014176559300259736,0.0023555366151435386,nan,nan
522,43,41609,forward,eps,km^2/s^2,67,67.0,0.0,-0.21411983686115876,0.001682428523695016,-0.21662091858198182,-0.21160275510396592,0.005018163478015897,-0.21690165258115068,-0.21091278413561765,0.0059888684455330354,0.06219968934870492,0.002860520284739343,0.003136801718144122,nan,nan
522,44,39559,forward,eps,km^2/s^2,74,74.0,0.0,-0.15828967901367774,0.0046605972383275416,-0.16579192722984698,-0.1517104532692609,0.014081473960586094,-0.16692069294866219,-0.15031989747344932,0.01660079547521287,-0.07590870737200298,0.008422909049012042,0.009551674767827256,nan,nan
522,45,39341,forward,eps,km^2/s^2,60,60.0,0.0,-0.14551368861249697,0.0012197195079573192,-0.14791610387115964,-0.14396390653058966,0.0039521973405699795,-0.14843040491998027,-0.1437640055230497,0.004666399396930587,-0.41132875699442056,0.0032923223250517545,0.0038066233738723865,nan,nan
522,46,40696,forward,eps,km^2/s^2,57,57.0,0.0,-0.19143371451407742,0.0030772753911479027,-0.19599298264209297,-0.1867398628018157,0.009253119840277269,-0.19644526714155264,-0.186104324077755,0.010340943063797625,0.02688778332522966,0.004997366215547671,0.00528346082363218,nan,nan
522,47,40498,forward,eps,km^2/s^2,67,67.0,0.0,-0.1446167616424613,0.002848194598932973,-0.15119873550906404,-0.14262371518360709,0.008575020325456956,-0.1516653927516095,-0.1423681273468893,0.0092972654047202,-0.7004627732815784,0.00703260383043812,0.0074992610729835985,nan,nan
522,48,42948,forward,eps,km^2/s^2,86,86.0,0.0,-0.18301016824037825,0.004115238778295649,-0.18937513009640902,-0.17658592093443898,0.012789209161970044,-0.18972556212100655,-0.17565666155351944,0.014068900567487108,0.02526545053130339,0.006765721880443137,0.007042213889525306,nan,nan
522,49,41193,forward,eps,km^2/s^2,67,67.0,0.0,-0.14364508545381494,0.0031215872832749897,-0.15042291620477238,-0.14120593208794965,0.00921698411682273,-0.1513133030276138,-0.14092648341829317,0.010386819609320641,-0.6537609382719533,0.007409825535696401,0.00830021235853784,nan,nan
522,50,41642,forward,eps,km^2/s^2,58,58.0,0.0,-0.15495178589688774,0.004445519936976442,-0.1623595841050175,-0.14876766078364698,0.01359192332137052,-0.16323231039460318,-0.14768851667060245,0.01554379372400072,-0.15372741902945064,0.007537361484877386,0.00841008777446306,nan,nan
522,51,41888,forward,eps,km^2/s^2,64,64.0,0.0,-0.14250971736755175,0.003138919977504043,-0.14887678733048273,-0.13976553614245443,0.009111251188028302,-0.15046232799965242,-0.1395460328501118,0.010916295149540622,-0.6358241732197151,0.006120876428980109,0.007706417098149787,nan,nan
522,52,42128,forward,eps,km^2/s^2,75,75.0,0.0,-0.1390981948646266,0.0020194259855109437,-0.1433650996472788,-0.13720474408345046,0.006160355563828351,-0.14429011560126237,-0.1368522534890747,0.007437862112187665,-0.6722879592878233,0.005118613841477792,0.006043629795461358,nan,nan
522,53,42143,forward,eps,km^2/s^2,52,52.0,0.0,-0.13613320621880742,0.0033715719864882846,-0.14345774939464873,-0.1332827717084589,0.010174977686189829,-0.1469139689516854,-0.13271825245840496,0.014195716493280441,-0.9457116587737904,0.007527388641702875,0.010983608198739558,nan,nan
522,54,45706,forward,eps,km^2/s^2,72,72.0,0.0,-0.20084416493474055,0.0022205857420638515,-0.20466694769918914,-0.19773076274179852,0.006936184957390623,-0.2056656437467237,-0.19721385680889947,0.008451786937824224,-0.19625671772204656,0.004076964014499868,0.005075660062034415,nan,nan
522,55,45714,forward,eps,km^2/s^2,72,72.0,0.0,-0.22600798779091935,0.0018262570879815539,-0.22887094773143238,-0.223205634983667,0.005665312747765383,-0.22930673261356382,-0.2223843043890641,0.006922428224499733,0.033273761678359104,0.0031391086256738923,0.0038418954994738908,nan,nan
522,56,43285,forward,eps,km^2/s^2,58,58.0,0.0,-0.13790267521954475,0.0032218762224612988,-0.14467367431324984,-0.1352265661005686,0.009447108212681243,-0.14549469622228828,-0.13495549806292395,0.010539198159364327,-0.6260552042090106,0.006766354409495455,0.0075873763185339005,nan,nan
522,57,47545,forward,eps,km^2/s^2,58,58.0,0.0,-0.23106925363053438,0.0009152975989764033,-0.23234878589391147,-0.22977088595070352,0.002577899943207951,-0.232719843509529,-0.22923879108923018,0.0034810524202988358,0.04582325777777731,0.0014503412267857893,0.001789265299367515,nan,nan
522,58,46184,forward,eps,km^2/s^2,69,69.0,0.0,-0.2439918713060022,0.0005551690720305174,-0.24461177447371318,-0.24300091570214452,0.0016108587715686629,-0.244698758510972,-0.24279625072220978,0.00190250778876222,0.22253436006008118,0.0010070201835106426,0.0012116851634453862,nan,nan
522,59,43521,forward,eps,km^2/s^2,72,72.0,0.0,-0.13543315578907805,0.0018356668964224704,-0.13927192126871157,-0.13337130637223021,0.00590061489648136,-0.1393609082123981,-0.13296758539082754,0.006393322821570568,-0.410118403638665,0.004340147339436984,0.004429134283123526,nan,nan
522,60,46851,forward,eps,km^2/s^2,61,61.0,0.0,-0.20768721529030676,0.002041468855721295,-0.21068563041256794,-0.2042670581974909,0.006418572215077023,-0.2111688480463697,-0.203314064371242,0.007854783675127708,0.1811608200753361,0.0034600132837591113,0.0043947703913685965,nan,nan
522,61,44223,forward,eps,km^2/s^2,54,54.0,0.0,-0.13414325352834017,0.0029928147950151842,-0.14042251876906373,-0.13107590816348094,0.009346610605582784,-0.14112930516875288,-0.1306228318898014,0.01050647327895149,-0.5933783483041342,0.005951151264231591,0.006657937663920754,nan,nan
522,62,44413,forward,eps,km^2/s^2,50,50.0,0.0,-0.15630694699873487,0.0032627643782489942,-0.16180806246453974,-0.1515997046514417,0.010208357813098035,-0.1627519811045236,-0.15137404381202435,0.011377937292499252,-0.15518718389831662,0.00567465531595116,0.006618573955935014,nan,nan
522,63,44650,forward,eps,km^2/s^2,89,89.0,0.0,-0.15231896206314377,0.004791828263952535,-0.15958085105527997,-0.14493997220712432,0.014640878848155653,-0.16116218882094258,-0.143964772409931,0.01719741641101158,-0.02188288652479282,0.008230925230878093,0.0098122629965407,nan,nan
522,64,47992,forward,eps,km^2/s^2,65,65.0,0.0,-0.21339371408548669,0.0016194459472618306,-0.21637276444081927,-0.21139674484598486,0.004976019594834402,-0.21721972332497275,-0.21064003850828394,0.006579684816688802,-0.23779966225871108,0.002886048148199438,0.0036807713376584283,nan,nan
522,65,45366,forward,eps,km^2/s^2,70,70.0,0.0,-0.13278741424037205,0.0022853834148050126,-0.13735449059990026,-0.13059639021757333,0.006758100382326937,-0.1381381029722588,-0.13026695887187212,0.007871144100386696,-0.5059975632552409,0.00415084038670967,0.004934452759068231,nan,nan
522,66,45581,forward,eps,km^2/s^2,84,84.0,0.0,-0.14600266213165447,0.003764391077489336,-0.1519428866565225,-0.14024157623107492,0.011701310425447586,-0.15294256229707226,-0.14000350327399902,0.01293905902307324,-0.06686124571817356,0.006014290154094714,0.006998829187168654,nan,nan
522,67,46660,forward,eps,km^2/s^2,56,56.0,0.0,-0.2302836450946712,0.0015577706870048057,-0.23268175997845703,-0.22798621610231753,0.004695543876139491,-0.23290395359531413,-0.2277742356359299,0.005129717959384217,-0.0030083720240036294,0.002578607848116532,0.0028008014649736346,nan,nan
522,68,46519,forward,eps,km^2/s^2,88,88.0,0.0,-0.13044849930411045,0.0022040225775324224,-0.13570960346530017,-0.12884990875744223,0.0068596947078579384,-0.13650209347441633,-0.1284537522373651,0.008048341237051226,-0.7692150854392251,0.005726957009642335,0.006519447018758506,nan,nan
522,69,47340,forward,eps,km^2/s^2,52,52.0,0.0,-0.23832318586676637,0.0011614273447411382,-0.2396890617560264,-0.23620046734815986,0.00348859440786653,-0.23976096467018637,-0.2359375402614694,0.003823424408716969,0.3097434663759217,0.002325707884561828,0.0025886349712522794,nan,nan
522,70,49590,forward,eps,km^2/s^2,73,73.0,0.0,-0.21882110803863408,0.001717528616687636,-0.22116630643321494,-0.21581922867963346,0.005347077753581481,-0.22154056282681478,-0.21532959957814557,0.00621096324866921,0.3197236629041147,0.0030018793590006246,0.0034915084604885127,nan,nan
522,71,46932,forward,eps,km^2/s^2,52,52.0,0.0,-0.16950569261546788,0.0031120486376959703,-0.17417511589073453,-0.16473910590385335,0.009436009986881183,-0.17515858295763298,-0.16372827067950546,0.011430312278127519,0.046056109926268934,0.005695472486226677,0.006706307710574566,nan,nan
522,72,47649,forward,eps,km^2/s^2,97,97.0,0.0,-0.14682133323105273,0.00496068668190895,-0.15421743480721142,-0.1390439685936324,0.015173466213579012,-0.15543620975996986,-0.13802952731734675,0.01740668244262311,0.018684258295063712,0.00806999202083396,0.008791805913705986,nan,nan
522,73,49835,forward,eps,km^2/s^2,155,155.0,0.0,-0.24346857776198116,0.0005439610700049183,-0.24437907142545431,-0.24261416213158582,0.001764909293868494,-0.24461642523855687,-0.24231516405147768,0.0023012611870791844,-0.027886648107125562,0.0012375373168659323,0.0015365353969740703,nan,nan
522,74,48348,forward,eps,km^2/s^2,105,105.0,0.0,-0.12865518741344206,0.0017086353416424177,-0.13252846423608536,-0.1268374695514568,0.005690994684628553,-0.13422221304430382,-0.12656587538039754,0.007656337663906276,-0.8442472932967611,0.004478925782896902,0.006172674591115368,nan,nan
522,75,49023,forward,eps,km^2/s^2,105,105.0,0.0,-0.14455345201384562,0.004718089368627696,-0.15160820487226573,-0.13722432179881752,0.014383883073448206,-0.15325154867916135,-0.13624089429124497,0.01701065438791638,-0.004802025744082045,0.007780607501070613,0.009011368191055857,nan,nan
522,76,48297,forward,eps,km^2/s^2,50,50.0,0.0,-0.17971661235208808,0.003004481449593902,-0.1846659601866104,-0.1751122018193151,0.0095537583672953,-0.18579376995829566,-0.1750882908548248,0.01070547910347086,-0.10595364534520407,0.004984579625213596,0.006112389396898843,nan,nan
522,77,48780,forward,eps,km^2/s^2,63,63.0,0.0,-0.15999043111679545,0.004056734856835816,-0.1661091519081392,-0.15358081155122139,0.012528340356917828,-0.16693355979136748,-0.15268585670580137,0.01424770308556611,0.07089363802903612,0.007270872304949172,0.008165827150369176,nan,nan
522,78,49452,forward,eps,km^2/s^2,81,81.0,0.0,-0.17060203108282646,0.0035851008759755815,-0.1760461632177771,-0.16507915837812082,0.010967004839656291,-0.17738787571703263,-0.16415409244903945,0.013233783267993182,-0.014106982354626483,0.006588821066468298,0.007513886995549668,nan,nan
522,79,51427,forward,eps,km^2/s^2,56,56.0,0.0,-0.22477138483443465,0.0016336974979522703,-0.22695112063562195,-0.2224317265712723,0.004519394064349647,-0.22697018564815896,-0.22211989339868365,0.004850292249475308,-0.11271675006499758,0.00238101194222351,0.002692845114812159,nan,nan
522,80,49921,forward,eps,km^2/s^2,64,64.0,0.0,-0.16088174445192388,0.00334992232327588,-0.16606509201205083,-0.15592861172069836,0.010136480291352473,-0.16627323715215125,-0.15478911930260397,0.011484117849547282,0.061427233778595894,0.005517525453310551,0.005946644582298988,nan,nan
522,81,51295,forward,eps,km^2/s^2,137,137.0,0.0,-0.14038453611734503,0.0050079376860468405,-0.14817358675198017,-0.13262966544620544,0.015543921305774727,-0.1499910037228881,-0.1305366712535163,0.019454332469371782,0.020718333225664125,0.008859625988360962,0.01042924821482194,nan,nan
522,82,51700,forward,eps,km^2/s^2,89,89.0,0.0,-0.24223866302937824,0.0006500987514791158,-0.2429923373002579,-0.24066904296899805,0.0023232943312598564,-0.24311047883532233,-0.24062554289803706,0.002484935937285271,0.7309361770395983,0.001796677304631955,0.001840177375592944,nan,nan
522,83,52622,forward,eps,km^2/s^2,68,68.0,0.0,-0.2078471810854941,0.00221976125046601,-0.21084497892751436,-0.2045936635935622,0.006251315333952151,-0.2108871261525994,-0.20404087890638734,0.006846247246212078,0.04475757338938866,0.003413312044733635,0.003966096731908508,nan,nan
522,84,50818,forward,eps,km^2/s^2,58,58.0,0.0,-0.173111907168563,0.003543959861198422,-0.1782274270801386,-0.1677391031344349,0.010488323945703704,-0.17892970772644068,-0.16702893927660767,0.01190076844983301,0.023839942821355962,0.005856943967331557,0.006060042759985729,nan,nan
522,85,51058,forward,eps,km^2/s^2,71,71.0,0.0,-0.15932228625936895,0.003442786148157715,-0.16446439835699223,-0.15387043694816127,0.010593961408830954,-0.1654232798840386,-0.152251200920698,0.013172078963340605,0.10253802692067118,0.00575648119597566,0.0069281258493351094,nan,nan
522,86,53315,forward,eps,km^2/s^2,87,87.0,0.0,-0.198626387994859,0.0030166882638803703,-0.20332272600023774,-0.19417143889068278,0.009151287109554956,-0.20393395535895342,-0.19355127002322625,0.010382685335727171,0.06027299504547552,0.004931500927261467,0.005242528759611953,nan,nan
522,87,51510,forward,eps,km^2/s^2,56,56.0,0.0,-0.1835164741524477,0.0031350734451805287,-0.18817592640868197,-0.1785432627068198,0.009632663701862165,-0.18825892562523727,-0.17759509188720335,0.010663833738033923,0.12118520021784356,0.004878309458736296,0.0058264802783527525,nan,nan
522,88,51777,forward,eps,km^2/s^2,67,67.0,0.0,-0.17207010200487838,0.0030991853896430084,-0.17646881772880632,-0.1671255486695665,0.009343269059239823,-0.17811716724687132,-0.16673997661931517,0.011377190627556155,-0.027469230917168127,0.0051347629273923775,0.005925053327158203,nan,nan
522,89,53908,forward,eps,km^2/s^2,145,145.0,0.0,-0.15368551426279797,0.003638773512157537,-0.1596566064514025,-0.14670440242752641,0.01295220402387609,-0.16126255959842994,-0.1464420040719877,0.014820555526442236,0.07465360752596477,0.006819513721533616,0.008425466868561049,nan,nan
522,90,53348,forward,eps,km^2/s^2,96,96.0,0.0,-0.24116834735691484,0.0007058893739974652,-0.24193065991607698,-0.23975022825730005,0.0021804316587769323,-0.24205738845440594,-0.23926051834757833,0.002796870106827609,0.8584991823870612,0.0015243620983617368,0.002014072008083456,nan,nan
522,91,52717,forward,eps,km^2/s^2,59,59.0,0.0,-0.18368128042082044,0.0027015243200108224,-0.18754865610837407,-0.17964571175943,0.007902944348944063,-0.18830202250006667,-0.17874251314028222,0.009559509359784446,0.032452878820881374,0.004604659689655577,0.004938767280538214,nan,nan
522,92,53196,forward,eps,km^2/s^2,73,73.0,0.0,-0.16986745015499738,0.00279272888837497,-0.17400219832535277,-0.16539559010706234,0.008606608218290429,-0.17491259241949797,-0.16413612090208496,0.010776471517413011,0.07012811578368865,0.005168194361643329,0.006427663566620723,nan,nan
522,93,53820,forward,eps,km^2/s^2,78,78.0,0.0,-0.23871424234509353,0.0012770625534519508,-0.24046114424791382,-0.2364918400066692,0.0039693042412446145,-0.24070894639329987,-0.23618168449971055,0.004527261893589318,0.3214879763936741,0.002206819372352358,0.002516974879311018,nan,nan
522,94,53403,forward,eps,km^2/s^2,61,61.0,0.0,-0.19354235787323815,0.00272629729409056,-0.19788161958309936,-0.18901049542799253,0.008871124155106824,-0.1986183129114274,-0.18893882132331197,0.00967949158811543,-0.039065516288417465,0.004582018090119266,0.00507595503818925,nan,nan
522,95,53654,forward,eps,km^2/s^2,72,72.0,0.0,-0.18187789417072736,0.00272316677538351,-0.18575178112576796,-0.177404144773068,0.008347636352699944,-0.1867621536735934,-0.17590389449745736,0.010858259176136031,0.14718871969784478,0.004798525397679376,0.006040210811189661,nan,nan
522,96,54763,forward,eps,km^2/s^2,64,64.0,0.0,-0.21606608598760896,0.002745499426610293,-0.22064765470439807,-0.21245398755160258,0.008193667152795486,-0.22109774052525233,-0.21165136239261262,0.00944637813263971,-0.03798934864075229,0.00498893984219107,0.005439025663045327,nan,nan
522,97,55151,forward,eps,km^2/s^2,94,94.0,0.0,-0.16502738127360245,0.003005985172031676,-0.16973609988878208,-0.1599433931256972,0.009792706763084885,-0.17095052079681994,-0.15891502342768837,0.012035497369131565,0.033233130589816265,0.005424011650161075,0.006075901786289362,nan,nan
522,98,54334,forward,eps,km^2/s^2,60,60.0,0.0,-0.1927329943784673,0.0025152416106117488,-0.19638766240007619,-0.18899750012319527,0.007390162276880913,-0.1971136131432003,-0.1882788772494981,0.008834735893702206,-0.03410008863958069,0.004350869152821218,0.004489561715592227,nan,nan
522,99,54868,forward,eps,km^2/s^2,81,81.0,0.0,-0.17858872227806166,0.002615571294381687,-0.18276931322264,-0.17445171951900618,0.00831759370363383,-0.18408228717205,-0.17374669141082977,0.010335595761220229,-0.11605645711130318,0.004785423824205548,0.005457227993094338,nan,nan
522,100,56191,forward,eps,km^2/s^2,51,51.0,0.0,-0.22534184323112938,0.0015803633469456458,-0.22763835873451638,-0.2226780597986051,0.004960298935911267,-0.22787460336076837,-0.22240816774569372,0.00546643561507465,0.09349783254176003,0.002730863014323237,0.0030007550672346284,nan,nan
522,101,55333,forward,eps,km^2/s^2,62,62.0,0.0,-0.23991527259622797,0.0010244425070630905,-0.2414227002122589,-0.2382091476078832,0.003213552604375697,-0.2418276922381497,-0.23798847756228736,0.0038392146758623458,0.026901879734591634,0.0018706371680671738,0.0020913072136630184,nan,nan
522,102,55387,forward,eps,km^2/s^2,71,71.0,0.0,-0.20701770724082447,0.0027031794577686893,-0.21098430976616822,-0.20269157951886058,0.008292730247307645,-0.21157211642717955,-0.20226956893963188,0.009302547487547663,0.06421035421926351,0.004421004888130797,0.0050088115491421226,nan,nan
522,103,56520,forward,eps,km^2/s^2,68,68.0,0.0,-0.23851944301740025,0.0008752144807549607,-0.23967157091573985,-0.23689519036268747,0.0027763805530523766,-0.23987174900520924,-0.23670722615951822,0.00316452284569102,0.230284798960719,0.001738442981161109,0.0019264071843303476,nan,nan
522,104,55694,forward,eps,km^2/s^2,76,76.0,0.0,-0.19018490836889168,0.0023390083025569145,-0.19387042504357588,-0.1866053017048429,0.0072651233387329706,-0.19479176168092271,-0.18597601406505193,0.008815747615870784,-0.05617483595663022,0.004325863210669412,0.004955150850460388,nan,nan
522,105,54985,forward,eps,km^2/s^2,54,54.0,0.0,-0.18070450580482306,0.0033065637669427873,-0.18668222560739983,-0.17653871774742103,0.010143507859978806,-0.1870563802268702,-0.17463251611523756,0.012423864111632654,-0.1734829003725248,0.005649750579129814,0.006479618347710381,nan,nan
522,106,57123,forward,eps,km^2/s^2,97,97.0,0.0,-0.24010158522427416,0.0008379107024927787,-0.24094077505452266,-0.23827207144356416,0.0026687036109585005,-0.24115903194098365,-0.2379839229819659,0.003175108959017736,0.6759036368339614,0.0019927269139192066,0.002280875375517466,nan,nan
522,107,56072,forward,eps,km^2/s^2,73,73.0,0.0,-0.17928453319798365,0.0035802256333979598,-0.1842624697379728,-0.173255870320703,0.011006599417269808,-0.1850596222342742,-0.17231279507450536,0.012746827159768825,0.16233584678721794,0.006028662877280654,0.006971738123478288,nan,nan
522,108,56076,forward,eps,km^2/s^2,76,76.0,0.0,-0.18884743815816446,0.0021332158562937177,-0.19228108377853834,-0.18538945815953525,0.006891625619003083,-0.1926281151954382,-0.1844295121036229,0.008198603091815304,0.1220063263341086,0.003642127041059623,0.004470996632188973,nan,nan
522,109,56264,forward,eps,km^2/s^2,66,66.0,0.0,-0.20414770884870836,0.002496216155471315,-0.2078991938175091,-0.19993596275493436,0.007963231062574738,-0.20877245552193324,-0.1992012824980387,0.009571173023894541,0.08630347278049817,0.00450422802919942,0.004805863918920239,nan,nan
522,110,55792,forward,eps,km^2/s^2,94,94.0,0.0,-0.19558049368017427,0.0016131353866446346,-0.19769386109790715,-0.1928930969692682,0.004800764128638946,-0.19785520800997602,-0.1925677833437489,0.005287424666227114,0.09420945811868364,0.002814159436101587,0.003139473061620879,nan,nan
522,111,56739,forward,eps,km^2/s^2,79,79.0,0.0,-0.19466502104105787,0.0028069912479113494,-0.1983447824431031,-0.18975022837618546,0.008594554066917642,-0.19917036271497146,-0.1889021383523274,0.010268224362644074,0.19337120219613985,0.005106677563266903,0.005954767587124987,nan,nan
522,112,58158,forward,eps,km^2/s^2,99,99.0,0.0,-0.17397201500208614,0.0029183574042893116,-0.1786577090175977,-0.16951673907616305,0.009140969941434651,-0.1801180211597776,-0.16821066168675036,0.011907359473027235,0.008288189324308219,0.00549497620419831,0.006200143701652117,nan,nan
522,113,57515,forward,eps,km^2/s^2,87,87.0,0.0,-0.18637683358886525,0.0024683199083875766,-0.1902108573990344,-0.18223263462465547,0.007978222774378929,-0.19123224968779529,-0.18109376167089042,0.010138488016904867,0.11072209434747149,0.004557814599108067,0.00514947666238208,nan,nan
522,114,56729,forward,eps,km^2/s^2,135,135.0,0.0,-0.20083542392948694,0.0010135415123238918,-0.20174360489038123,-0.19840901599750643,0.0033345888928748013,-0.20194972870032024,-0.1979623605496711,0.003987368150649151,0.8888730086000829,0.0031325768126365117,0.003579232260471854,nan,nan
522,115,57763,forward,eps,km^2/s^2,54,54.0,0.0,-0.2371841380941101,0.0011459709640638592,-0.2384526822069555,-0.2350849566306144,0.003367725576341102,-0.23874793839722297,-0.2346225494913744,0.00412538890584857,0.4473032594056548,0.0020959340423013944,0.0025583411815414125,nan,nan
522,116,57190,forward,eps,km^2/s^2,67,67.0,0.0,-0.1977518148852182,0.0019353705385964479,-0.20056171435872938,-0.1945273439457819,0.006034370412947493,-0.2009447856831703,-0.19352228561103002,0.007422500072140292,0.15875525929358747,0.003405414149920327,0.0037715252019872025,nan,nan
522,117,59536,forward,eps,km^2/s^2,152,152.0,0.0,-0.19806550402969736,0.0012419184603486818,-0.19989482648592977,-0.19589280006712786,0.004002026418801902,-0.20025618616357066,-0.19550370889943747,0.0047524772641331925,0.14582537110998714,0.002228760020693481,0.0026178511883838684,nan,nan
522,118,56705,forward,eps,km^2/s^2,106,106.0,0.0,-0.1985208803335411,0.0023251775947306943,-0.2007836363703734,-0.19425599804435337,0.006527638326020019,-0.20104531445949725,-0.192992272497286,0.008053041962211238,0.4521581168248112,0.004273601102699337,0.005537326649766694,nan,nan
522,119,58890,forward,eps,km^2/s^2,214,214.0,0.0,-0.19783172078763644,0.002095675119868974,-0.19988169516327617,-0.19329180520127712,0.006589889961999051,-0.2003267493915657,-0.1922812029981792,0.008045546393386505,0.6357920105104182,0.004158866441304787,0.005169468644402708,nan,nan
522,120,59056,forward,eps,km^2/s^2,57,57.0,0.0,-0.23629793912204933,0.0011717679729724537,-0.23774063579886412,-0.23423954473056427,0.0035010910682998497,-0.23791254173764886,-0.2337207905551162,0.004191751182532677,0.4808949122173859,0.0020211259868180504,0.0025398801622661393,nan,nan
522,121,60114,forward,eps,km^2/s^2,132,132.0,0.0,-0.1952773427026392,0.002513238258341311,-0.1992501195587934,-0.1913463298606233,0.0079037896981701,-0.20033759377776017,-0.19014368402064408,0.010193909757116093,-0.02709237213987972,0.0044590039043811746,0.005271010118083508,nan,nan
522,122,59707,forward,eps,km^2/s^2,67,67.0,0.0,-0.23904626304725152,0.0005119628255984261,-0.23983462482554702,-0.2381543599606113,0.001680264864935721,-0.23995746442793842,-0.23792872141687926,0.002028743011059153,0.2099104700272134,0.0009104114964991417,0.001117541630372254,nan,nan
522,123,59436,forward,eps,km^2/s^2,70,70.0,0.0,-0.2040043984442687,0.001812074454255754,-0.20673007367867932,-0.20125824535259246,0.005471828326086864,-0.2077752024245253,-0.20060531836734985,0.007169884057175446,-0.032372636239819265,0.0032313936289171115,0.0037295303891760057,nan,nan
522,124,61508,forward,eps,km^2/s^2,59,59.0,0.0,-0.12497335504418905,0.002723477841749915,-0.1315401783254842,-0.12340193967606672,0.008138238649417484,-0.1327634727308712,-0.1231671393478565,0.009596333383014688,-0.8810082067816717,0.006566823281295141,0.007790117686682141,nan,nan
522,125,57957,forward,eps,km^2/s^2,122,122.0,0.0,-0.1900404858765507,0.0024576834048179097,-0.1943220900705053,-0.18618676891487604,0.00813532115562926,-0.19570477109852535,-0.18527186435938992,0.010432906739135439,-0.1294023202031425,0.005538980091590178,0.006921661119610234,nan,nan
522,126,59426,forward,eps,km^2/s^2,53,53.0,0.0,-0.21122519986909494,0.0015135075003956107,-0.21361352403941192,-0.20886222384515038,0.004751300194261537,-0.21419816577729256,-0.20844351532131422,0.0057546504559783385,-0.06062339261887778,0.0026327633783127967,0.003113159226153628,nan,nan
522,127,61835,forward,eps,km^2/s^2,95,95.0,0.0,-0.18303377633931028,0.002643194939879216,-0.18684479017508976,-0.1784942974290268,0.008350492746062949,-0.18804562275306713,-0.1775640001561838,0.010481622596883344,0.12268853342408642,0.005088692160028238,0.006018989432871269,nan,nan
522,128,60638,forward,eps,km^2/s^2,72,72.0,0.0,-0.20179805822916902,0.0010682749382968978,-0.20243841948794633,-0.19920316211416403,0.003235257373782302,-0.2025980639706133,-0.19866492699523064,0.003933136975382667,0.9141247583056997,0.0029241175424785386,0.003462352661411927,nan,nan
522,129,62811,forward,eps,km^2/s^2,101,101.0,0.0,-0.23626154176684633,0.0009322319992747047,-0.23710918924857982,-0.23421101245900522,0.0028981767895746025,-0.2373050654700416,-0.23364096193214823,0.0036641035378933706,0.7104582054238457,0.002680399170579051,0.003250449697436042,nan,nan
522,130,58929,forward,eps,km^2/s^2,74,74.0,0.0,-0.17806500158195337,0.003952257077458626,-0.18377530181937696,-0.1720785129890558,0.011696788830321159,-0.18480292606997284,-0.17186148517137478,0.012941440898598056,0.019325106361286506,0.007130727913496398,0.007347755731177408,nan,nan
522,131,61929,forward,eps,km^2/s^2,134,134.0,0.0,-0.18329123360463007,0.0023270644849292524,-0.18676537328281245,-0.1792348187659074,0.007530554516905041,-0.18825728618741366,-0.17841284567878224,0.009844440508631425,0.0814294696792185,0.004687326057583922,0.005509299144709101,nan,nan
522,132,60628,forward,eps,km^2/s^2,65,65.0,0.0,-0.18955038925714474,0.0029832173113017255,-0.19398007993397348,-0.18530551464029293,0.008674565293680547,-0.1951699417797823,-0.1840978927851774,0.0110720489946049,0.05706791419888336,0.0051229337661851115,0.006312795611993938,nan,nan
522,133,60758,forward,eps,km^2/s^2,54,54.0,0.0,-0.2205268059964905,0.0016555449211785554,-0.22290865673476531,-0.2176122691626461,0.005296387572119227,-0.2235491984270359,-0.2166081551275505,0.0069410432994854165,0.23103018809411047,0.003036875957471134,0.0035418465657708342,nan,nan
522,134,63247,forward,eps,km^2/s^2,61,61.0,0.0,-0.16367314047773762,0.004024609346237417,-0.16959664233797045,-0.15735216260534401,0.012244479732626434,-0.17015928628294297,-0.15676392218019208,0.013395364102750884,0.07790106597775484,0.0064861458052053456,0.0069092182975455385,nan,nan
522,135,63326,forward,eps,km^2/s^2,93,93.0,0.0,-0.190030470063283,0.001957121594874928,-0.19311172997106207,-0.1866244356739075,0.006487294297154583,-0.1940506697901545,-0.18578393658823722,0.008266733201917287,0.06171876267460407,0.003653240994151407,0.004267079595492662,nan,nan
522,136,63336,forward,eps,km^2/s^2,157,157.0,0.0,-0.17563534188568808,0.002801694047499125,-0.18008774256911653,-0.17098316069543817,0.009104581873678352,-0.18157842928140644,-0.1699527410881948,0.011625688193211636,-0.03943584076572687,0.005308788141395037,0.005959473041363683,nan,nan
522,137,62101,forward,eps,km^2/s^2,53,53.0,0.0,-0.23797677082761404,0.0007773367406992629,-0.23865896866387154,-0.23626901490947544,0.0023899537543961014,-0.2388259375703582,-0.2358268448846803,0.0029990926856778843,0.740296666195723,0.0015003989420380834,0.0019425689668332025,nan,nan
522,138,61464,forward,eps,km^2/s^2,67,67.0,0.0,-0.20995896006434678,0.0016408784436880508,-0.21219517419613626,-0.20722216366449944,0.004973010531636818,-0.21275417117637918,-0.20670386057711532,0.006050310599263864,0.0882889584556416,0.0027686010372882206,0.003254700235367447,nan,nan
522,139,62167,forward,eps,km^2/s^2,82,82.0,0.0,-0.20388548996887557,0.0021727403307815196,-0.20732516632995407,-0.20052811399421644,0.00679705233573763,-0.2080864860892434,-0.19960591847565168,0.008480567613591727,0.008286279508385367,0.003721896430291527,0.004390365385652073,nan,nan
522,140,65106,forward,eps,km^2/s^2,81,81.0,0.0,-0.19312808904624823,0.0012818235602041449,-0.19495790249112066,-0.19126461584800314,0.0036932866431175215,-0.19536841719378262,-0.1902719143252365,0.005096502868546127,0.21168937457167894,0.0024019361079564705,0.0033946376307231185,nan,nan
522,141,61309,forward,eps,km^2/s^2,66,66.0,0.0,-0.1756820571360586,0.0037942381170732904,-0.18070705466868056,-0.16947450419225377,0.011232550476426795,-0.1819620091373091,-0.1688682033349086,0.013093805802400493,0.044699800955445367,0.0060522065929213,0.007011423799584526,nan,nan
522,142,64602,forward,eps,km^2/s^2,99,99.0,0.0,-0.235458402128484,0.0008652540382449441,-0.23633560737010312,-0.23354636780483037,0.002789239565272744,-0.23655226593847034,-0.23293111179491122,0.0036211541435591243,0.7430105414775674,0.002589366851723651,0.003204622861642803,nan,nan
522,143,61454,forward,eps,km^2/s^2,53,53.0,0.0,-0.21587060826045745,0.0013795367581355756,-0.21781995697446993,-0.21364518971364022,0.004174767260829715,-0.21832512610637678,-0.2129175332949349,0.005407592811441875,0.13782147899778566,0.0023749177402016207,0.0029530749655225508,nan,nan
522,144,64686,forward,eps,km^2/s^2,68,68.0,0.0,-0.14897813272557192,0.004425894785337018,-0.1557991562177161,-0.14183806130123777,0.013961094916478317,-0.15620390277624763,-0.13998396741499175,0.016219935361255877,0.11114433767663721,0.0079160586640863,0.009770152550332312,nan,nan
522,145,66568,forward,eps,km^2/s^2,80,80.0,0.0,-0.18140176123499258,0.002774812053514251,-0.18580711081551413,-0.1768322845799383,0.008974826235575828,-0.1866026659566984,-0.1754280868533865,0.011174579103311877,0.0606691707134735,0.005236630565329597,0.0066408282918813955,nan,nan
522,146,68432,forward,eps,km^2/s^2,80,80.0,0.0,-0.1881635800924531,0.002002789134503017,-0.19051513483554805,-0.18419764749270115,0.0063174873428469,-0.19097306205092446,-0.18279743181320152,0.008175630237722942,0.462154162341064,0.003668684441796465,0.0041130595374306855,nan,nan
522,147,64054,forward,eps,km^2/s^2,149,149.0,0.0,-0.1664617400292222,0.0030992584138991443,-0.1714298087720344,-0.16135058955335926,0.010079219218675134,-0.1730981190220211,-0.15938571397347467,0.013712405048546428,-0.0038705125121880793,0.0058575679758745116,0.00768258330816618,nan,nan
522,148,61951,forward,eps,km^2/s^2,118,118.0,0.0,-0.15716519586697963,0.003032987721792358,-0.16177262628194938,-0.1517938468768081,0.009978779405141275,-0.16283890103071275,-0.15000941106435073,0.012829489966362018,0.1405950893125601,0.005883686067658727,0.007668121880116119,nan,nan
522,149,68054,forward,eps,km^2/s^2,59,59.0,0.0,-0.17051505919993815,0.002768202703772714,-0.17550400403771318,-0.166214908078998,0.009289095958715188,-0.1763294161334108,-0.16562950487127015,0.010699911262140649,-0.07893539228246704,0.005017982779395435,0.005695069757747029,nan,nan
522,150,63417,forward,eps,km^2/s^2,117,117.0,0.0,-0.16224843875995665,0.0038134197879865317,-0.16803887399247325,-0.15591233300797802,0.012126540984495227,-0.16944172042473116,-0.15453182674804877,0.014909893676682384,0.10476826524872371,0.00663860292024443,0.008033935214462162,nan,nan
522,151,63516,forward,eps,km^2/s^2,50,50.0,0.0,-0.23710414164431998,0.0008358883819711204,-0.23790835630719373,-0.23535519185718828,0.0025531644500054462,-0.23805020613220607,-0.2348928718621104,0.0031573342700956797,0.6498055973593118,0.0016343465724023,0.0020966665674801988,nan,nan
522,152,65334,forward,eps,km^2/s^2,124,124.0,0.0,-0.23461203144973874,0.000931903875703311,-0.23553834328541376,-0.23250011726275266,0.0030382260226611,-0.23571565897813096,-0.23179529372133878,0.00392036525679218,0.8227865029834572,0.002613870152955766,0.0033186936943696566,nan,nan
522,153,63004,forward,eps,km^2/s^2,122,122.0,0.0,-0.14805084078156183,0.0033860577408209975,-0.1531952260030944,-0.14188573960937917,0.011309486393715235,-0.15455059145743388,-0.1398698968319625,0.014680694625471391,0.1379466701448935,0.0063658589665311896,0.007542875663911097,nan,nan
522,154,64033,forward,eps,km^2/s^2,118,118.0,0.0,-0.19678142249191266,0.0020455470019685633,-0.19845081016850502,-0.19242369126162068,0.006027118906884343,-0.19866639017301602,-0.1911096473498738,0.007556742823142226,0.6775046908033606,0.0039393785998790894,0.005253422511625971,nan,nan
522,155,63186,forward,eps,km^2/s^2,55,55.0,0.0,-0.22794589863291925,0.0014157424581479128,-0.23000478088802648,-0.22534128309900284,0.004663497789023641,-0.23044842790807507,-0.22474898611659277,0.005699441791482296,0.2520733183882035,0.002707274157061268,0.0032995711394713245,nan,nan
522,156,63550,forward,eps,km^2/s^2,56,56.0,0.0,-0.2250410310675548,0.0014029739220780624,-0.22718036255421162,-0.22270442262789686,0.004475939926314759,-0.22784049822009556,-0.22219242302236497,0.005648075197730584,0.016754992874602036,0.0025976514670135176,0.0028500412125987973,nan,nan
522,157,63916,forward,eps,km^2/s^2,70,70.0,0.0,-0.2204941236514234,0.0014040359441633975,-0.22265113604977682,-0.2183293641545964,0.004321771895180432,-0.22345491105831783,-0.21794309829075487,0.0055118127675629625,-0.06676170056973127,0.002379615286302261,0.0030587889471882512,nan,nan
522,158,63925,forward,eps,km^2/s^2,66,66.0,0.0,-0.21508236156683996,0.001419727483043701,-0.21714654771107614,-0.2128375376736458,0.004309010037430339,-0.21754224064519156,-0.21241864338114924,0.005123597264042323,0.07444804300182972,0.002376545647168521,0.0027245120932696265,nan,nan
522,159,62333,forward,eps,km^2/s^2,108,108.0,0.0,-0.14374840630909802,0.003803018585846646,-0.1501584173165581,-0.13750714886789528,0.012651268448662822,-0.1525452070141835,-0.1356828248153572,0.016862382198826298,-0.12561585658847996,0.007486199518188837,0.009872989215814254,nan,nan
522,160,65393,forward,eps,km^2/s^2,92,92.0,0.0,-0.20072883705641287,0.00216447538488812,-0.20409363322505478,-0.19695690976286231,0.0071367234621924625,-0.20503529698243106,-0.19592713914380344,0.009108157838627617,0.08235277107446164,0.004166262053012815,0.004561434857062063,nan,nan
522,161,63370,forward,eps,km^2/s^2,125,125.0,0.0,-0.13472374536439047,0.003959656295350816,-0.14117860185414707,-0.12878736205662555,0.01239123979752152,-0.14302323226809432,-0.12578609355845038,0.01723713870964394,0.11129155432438038,0.007667335586846712,0.008699888812863099,nan,nan
522,162,63762,forward,eps,km^2/s^2,53,53.0,0.0,-0.13626884035220765,0.0031545546431941307,-0.14148557706710835,-0.13157142618310763,0.009914150884000716,-0.14281928978988345,-0.13024330274960394,0.012575987040279513,-0.1474546946794724,0.005618291037525335,0.006288021588749082,nan,nan
522,163,66810,forward,eps,km^2/s^2,101,101.0,0.0,-0.23352618142582948,0.0008131124664457505,-0.23427073709540813,-0.23160280541632072,0.0026679316790874097,-0.23442303296804312,-0.2307985984450317,0.0036244345230114217,1.075141928419969,0.002222550517821942,0.003026757489110965,nan,nan
522,164,64798,forward,eps,km^2/s^2,61,61.0,0.0,-0.1278421669739953,0.002626948348744103,-0.13166191387060466,-0.12343375309295967,0.008228160777644988,-0.13290276582924754,-0.12273827178191443,0.010164494047333106,0.06281286123553395,0.004636569130451296,0.005103895192080876,nan,nan
522,165,64468,forward,eps,km^2/s^2,104,104.0,0.0,-0.11765473856649061,0.005123393115778094,-0.12597357358601372,-0.11058233307014323,0.015391240515870486,-0.12871124567805015,-0.10999857938971314,0.01871266628833701,-0.10415581086536242,0.008059670327915346,0.010633340698670946,nan,nan
522,166,65946,forward,eps,km^2/s^2,84,84.0,0.0,-0.12164734824062079,0.005460386841466459,-0.1297818789507069,-0.1135162572698102,0.016265621680896694,-0.13131017035588088,-0.11157529627950602,0.019734874076374864,-0.008910573249585906,0.009263339234316562,0.010412964099750122,nan,nan
522,167,67738,forward,eps,km^2/s^2,304,304.0,0.0,-0.11565760373542006,0.004203757025092435,-0.12236938149130787,-0.1094015315946155,0.012967849896692363,-0.12418207811487991,-0.10748556508711227,0.016696513027767645,-0.05251184375298232,0.00724914106381214,0.008549891363604845,nan,nan
522,168,66448,forward,eps,km^2/s^2,88,88.0,0.0,-0.23163395562221784,0.0010984206983719416,-0.23295957943197665,-0.22935858624901628,0.003600993182960366,-0.23336498229694114,-0.2285154030650317,0.004849579231909429,0.49504177605531796,0.002207621856015189,0.003050805039999771,nan,nan
522,169,66474,forward,eps,km^2/s^2,76,76.0,0.0,-0.21972511887735285,0.0013237784108609248,-0.22180027648841547,-0.21759118360258026,0.004209092885835208,-0.22231512669796227,-0.2172869973740854,0.005028129323876862,0.02087195882729399,0.002450622284172893,0.002965472493719701,nan,nan
522,170,69498,forward,eps,km^2/s^2,67,67.0,0.0,-0.19494937554442093,0.0019132522625870322,-0.19873360418773528,-0.19288513895135925,0.005848465236376027,-0.19943810276209017,-0.1922403472979598,0.007197755464130373,-0.39710177274699837,0.003242964807217385,0.003656189855884673,nan,nan
522,171,67716,forward,eps,km^2/s^2,98,98.0,0.0,-0.15583387901749202,0.0037114054556980874,-0.16144055077534653,-0.15007839747938018,0.011362153295966348,-0.16307760738819876,-0.1488727339730369,0.014204873415161856,-0.03481109713432342,0.006399191199771296,0.007596627312498105,nan,nan
522,172,66464,forward,eps,km^2/s^2,74,74.0,0.0,-0.22487679514984388,0.0012777616224748443,-0.226768017152177,-0.2227815855211491,0.003986431631027909,-0.22727163078404566,-0.2222839753034801,0.004987655480565567,0.11233394484743761,0.0022711078878081656,0.0027213527572341745,nan,nan
522,173,68575,forward,eps,km^2/s^2,63,63.0,0.0,-0.15197237438469868,0.003934378984959278,-0.1574961197432151,-0.14611998799661402,0.01137613174660107,-0.1598332254522351,-0.14505159950497182,0.014781625947263288,0.06327557864657948,0.006580056195217299,0.00752131778254439,nan,nan
522,174,66296,forward,eps,km^2/s^2,182,182.0,0.0,-0.10352766126219282,0.00232043262136817,-0.10847763672865397,-0.10158005948764906,0.006897577241004912,-0.11035912707582352,-0.10118304853330529,0.009176078542518229,-0.6713357643775689,0.005264051195239442,0.007145541542408984,nan,nan
522,175,68567,forward,eps,km^2/s^2,81,81.0,0.0,-0.12539703552382886,0.005807324905149384,-0.1341839830231163,-0.11635633561322167,0.01782764740989462,-0.13589716904172178,-0.11508245659852112,0.020814712443200656,0.04427764932233453,0.009733123936102483,0.011013809841996958,nan,nan
522,176,70594,forward,eps,km^2/s^2,152,152.0,0.0,-0.23046494860466865,0.0010207843529488028,-0.23161874305527347,-0.22833902294187047,0.003279720113402995,-0.23185480908292577,-0.22754401380573497,0.004310795277190804,0.6438623860602152,0.0028442964431770676,0.0036393055793125795,nan,nan
522,177,70637,forward,eps,km^2/s^2,112,112.0,0.0,-0.20645981236746214,0.002051194730814607,-0.2092799166056955,-0.20271294116289812,0.006566975442797385,-0.2104299398631948,-0.20212460749855388,0.008305332364640927,0.04518402765573091,0.004044203484396769,0.004632537148741012,nan,nan
522,178,68213,forward,eps,km^2/s^2,55,55.0,0.0,-0.2020493699572291,0.001499918270484548,-0.20302460787673096,-0.19836175148268848,0.004662856394042486,-0.20309001491334278,-0.1977213460257088,0.005368668887633987,1.00525193522997,0.004624067932193765,0.005264473389173463,nan,nan
522,179,71873,forward,eps,km^2/s^2,220,220.0,0.0,-0.19427440100658194,0.0023167768974349796,-0.19697545350162043,-0.18965001616793015,0.007325437333690288,-0.19769130167777893,-0.1881234882050673,0.009567813472711628,0.4002242647382514,0.004623013300146403,0.006149541263009262,nan,nan
522,180,72670,forward,eps,km^2/s^2,184,184.0,0.0,-0.1423673593677648,0.003658504946368861,-0.1479949911023598,-0.13688022940021322,0.011114761702146592,-0.14979061596534626,-0.1345899218616553,0.01520069410369096,0.06052461823454546,0.006519625348429519,0.008508042257595938,nan,nan
522,181,71904,forward,eps,km^2/s^2,217,217.0,0.0,-0.12971698220811445,0.0043465680346169685,-0.13660402384811887,-0.12272466237251003,0.013879361475608837,-0.1386662807099589,-0.12131278556376857,0.017353495146190334,0.0020943966084562542,0.007834306385356137,0.008769782573570972,nan,nan
522,182,72029,forward,eps,km^2/s^2,75,75.0,0.0,-0.18117337439631498,0.003599295229022892,-0.1871954743754646,-0.1763920175022879,0.010803456873176714,-0.18802757388766278,-0.1752859034635057,0.012741670424157081,0.017991255806492176,0.006094127766885914,0.006926227279084096,nan,nan
522,183,74978,forward,eps,km^2/s^2,157,157.0,0.0,-0.19586749743774023,0.0008955135108867435,-0.19734814332865286,-0.1943541122674421,0.002994031061210767,-0.19767705695060467,-0.1937217592028312,0.0039552977477734785,0.13752598556554255,0.0017932466235456735,0.0024255996881565878,nan,nan
522,184,70005,forward,eps,km^2/s^2,224,224.0,0.0,-0.10314253826597952,0.0026382697287924625,-0.10839708377459163,-0.10015708824939636,0.008239995525195276,-0.10931165752392102,-0.09950166659505344,0.009809990928867585,-0.4343460823958271,0.005229072432308368,0.006143646181637763,nan,nan
522,185,70467,forward,eps,km^2/s^2,133,133.0,0.0,-0.10626976896263463,0.003445735237924802,-0.11306625577295695,-0.1028146803893258,0.010251575383631154,-0.11570039239571983,-0.1024388647903588,0.013261527605361034,-0.5636123871971317,0.007033858137334832,0.00966799476009772,nan,nan
522,186,69107,forward,eps,km^2/s^2,54,54.0,0.0,-0.21340372278648573,0.0013525962981882395,-0.21542855662401075,-0.21119328423894293,0.004235272385067823,-0.21577341635701452,-0.2107848741574787,0.004988542199535817,0.06003868625660873,0.002469004564897753,0.002813864297901536,nan,nan
522,187,70647,forward,eps,km^2/s^2,59,59.0,0.0,-0.18843688882502474,0.0023959952126430322,-0.1917926143392799,-0.18434600857968877,0.007446605759591135,-0.1921541846667948,-0.18270384501893988,0.00945033964785491,0.25285894049744573,0.004198042592322293,0.005062173738633602,nan,nan
522,188,70270,forward,eps,km^2/s^2,54,54.0,0.0,-0.16593980627621102,0.003582551490940492,-0.1714788419516936,-0.16014201541413248,0.011336826537561129,-0.17342011792209067,-0.15863574329609653,0.014784374625994134,0.03220210575631421,0.006632190985869925,0.007474799371517293,nan,nan
522,189,69637,forward,eps,km^2/s^2,263,263.0,0.0,-0.10140355807854473,0.003818554246096793,-0.11106277605558036,-0.09936959591261359,0.011693180142966775,-0.11850200123133547,-0.0989243061100441,0.019577695121291372,-1.659295142481332,0.009437694918303827,0.016876920094058945,nan,nan
522,190,69469,forward,eps,km^2/s^2,90,90.0,0.0,-0.22367227117657523,0.001126616918431942,-0.22543798726115308,-0.2217403042305267,0.0036976830306263697,-0.22607292538907808,-0.22135115603804245,0.004721769351035632,0.0032693286672837787,0.0020759672256547013,0.002686937192985406,nan,nan
522,191,71008,forward,eps,km^2/s^2,126,126.0,0.0,-0.219789404916216,0.0018748490130179596,-0.22255872749643385,-0.2168437013970727,0.005715026099361142,-0.22291616376683943,-0.21593028530051017,0.006985878466329254,0.11395040256637766,0.0030668097043836384,0.003803274046493499,nan,nan
522,192,74929,forward,eps,km^2/s^2,57,57.0,0.0,-0.12363878937376849,0.004087885530405905,-0.13451693077786886,-0.12189190769120459,0.012625023086664272,-0.137649025839361,-0.12157402639072479,0.016074999448636218,-1.476852998747992,0.011703365323747158,0.014835460385239307,nan,nan
522,193,68168,forward,eps,km^2/s^2,74,74.0,0.0,-0.10366231158334982,0.0019260391136121564,-0.10833260031310961,-0.1022289138749812,0.006103686438128406,-0.10878312304303528,-0.10202331852667679,0.006759804516358492,-0.7085829279641834,0.004081319618416134,0.004531842348341808,nan,nan
522,194,72414,forward,eps,km^2/s^2,70,70.0,0.0,-0.16828705393378524,0.004387387684967792,-0.17411739696152895,-0.16007018264726414,0.014047214314264811,-0.1746709392410012,-0.15954747387657287,0.015123465364428323,0.21139017839178814,0.007383719941781192,0.007661326144345781,nan,nan
522,195,71369,forward,eps,km^2/s^2,170,170.0,0.0,-0.2289766138294883,0.0010038404358532415,-0.23037629344143606,-0.22706897597489992,0.003307317466536147,-0.2306834690857411,-0.22634886381170205,0.004334605274039061,0.44835852263546266,0.002187682696850911,0.0029077948600487735,nan,nan
522,196,73817,forward,eps,km^2/s^2,118,118.0,0.0,-0.18577641518524202,0.00215486686250525,-0.18912472879409956,-0.18248922572109097,0.006635503073008586,-0.19045328386608007,-0.18149442238208513,0.00895886148399494,0.0036481554668795378,0.003881406412205407,0.005073786938995184,nan,nan
522,197,81346,forward,eps,km^2/s^2,213,213.0,0.0,-0.17672610189880444,0.003157600370550864,-0.18166974585273213,-0.17148112871877985,0.010188617133952277,-0.18369078980873188,-0.16970640647811042,0.013984383330621464,0.044245913161985735,0.005787237008842893,0.0071552524036371246,nan,nan
522,198,69688,forward,eps,km^2/s^2,54,54.0,0.0,-0.11580483310889733,0.006106070437320978,-0.1282837759902696,-0.10959409956131196,0.01868967642895765,-0.13031058152142216,-0.10904481868835503,0.021265762833067137,-0.4833557774598744,0.012126495207897077,0.014153300739049635,nan,nan
522,199,70970,forward,eps,km^2/s^2,90,90.0,0.0,-0.2323224333990493,0.00071523523889264,-0.2332254632680544,-0.23086571087649477,0.0023597523915596386,-0.23338362519097233,-0.2303094215460817,0.0030742036448906385,0.6064790700086158,0.0015354387721801975,0.002091728102593282,nan,nan
522,200,75710,forward,eps,km^2/s^2,53,53.0,0.0,-0.15420699731948262,0.003300250137682742,-0.159573837816495,-0.14875877948961863,0.010815058326876376,-0.16046029420633112,-0.146288371562867,0.014171922643464119,0.10428187916425499,0.006138603134475317,0.008387339422718632,nan,nan
522,201,73174,forward,eps,km^2/s^2,75,75.0,0.0,-0.10398026708394181,0.0017981725794427314,-0.10782382912443823,-0.10262268830249681,0.005201140821941425,-0.10850956193436945,-0.10243416602078237,0.006075395913587078,-0.7357440397614163,0.0038435620404964174,0.004529294850427634,nan,nan
522,202,74484,forward,eps,km^2/s^2,205,205.0,0.0,-0.22695988647657983,0.0009460055521467182,-0.22834963760586183,-0.22526448878851704,0.003085148817344785,-0.228633245110478,-0.22441151033328832,0.0042217347771896785,0.31229343829759354,0.0020158609752843662,0.0028688394305130815,nan,nan
522,203,75295,forward,eps,km^2/s^2,113,113.0,0.0,-0.2115539570223698,0.0017546709959794745,-0.21435129184462162,-0.20832755904188513,0.006023732802736492,-0.21469314269096273,-0.20698599925828887,0.007707143432673869,0.3130480513228986,0.003335566589966053,0.004677126373562324,nan,nan
522,204,74995,forward,eps,km^2/s^2,108,108.0,0.0,-0.17111430698774888,0.002753425276713069,-0.17544906380418454,-0.16671432228792374,0.008734741516260802,-0.17634696670582595,-0.16512333110234123,0.011223635603484716,0.10204428655168662,0.004880791997736026,0.005933322328868007,nan,nan
522,205,75394,forward,eps,km^2/s^2,113,113.0,0.0,-0.16202155223708925,0.0030265520050580482,-0.1666125265216885,-0.1571108538244213,0.009501672697267205,-0.16813557472695473,-0.1553322560515482,0.012803318675406516,0.11577104789045842,0.005468760827142826,0.006446009791006513,nan,nan
522,206,78088,forward,eps,km^2/s^2,62,62.0,0.0,-0.12214616110603133,0.001561073496747814,-0.1258888465704922,-0.1209487605663364,0.004940086004155811,-0.12608075410840847,-0.12079957022710097,0.005281183881307494,-0.7009610714491515,0.0041583886234089415,0.004350296161325207,nan,nan
522,207,74751,forward,eps,km^2/s^2,58,58.0,0.0,-0.13511767503552213,0.004205754355640071,-0.1419358582389462,-0.12893390790013318,0.013001950338813018,-0.14336514677344836,-0.12704597052418065,0.01631917624926771,-0.07283805775538445,0.007298651691732999,0.00831640728110783,nan,nan
522,208,75684,forward,eps,km^2/s^2,143,143.0,0.0,-0.21898530406084338,0.0019468832552637237,-0.22166347513957235,-0.21560670519808584,0.006056769941486517,-0.22221319382948568,-0.21508554510400846,0.00712764872547722,0.19386054868903269,0.0032977710931393566,0.003765909731753614,nan,nan
522,209,77286,forward,eps,km^2/s^2,80,80.0,0.0,-0.17413627992460906,0.0032321366481489313,-0.17890952380563552,-0.16847305023244216,0.010436473573193356,-0.18030749686129255,-0.16718166015241487,0.01312583670887768,0.1185138017930539,0.006019162116240743,0.007130119432890103,nan,nan
522,210,75792,forward,eps,km^2/s^2,97,97.0,0.0,-0.15223593187723683,0.0030681757443918683,-0.15709385361221623,-0.1473878584235273,0.00970599518868892,-0.1583240870652738,-0.14651409595644604,0.011809991108827744,-0.040206133492872206,0.005225589332018685,0.006279972905519626,nan,nan
522,211,75431,forward,eps,km^2/s^2,122,122.0,0.0,-0.10842662467630687,0.005633547761354788,-0.11863935285783414,-0.10096286951423497,0.01767648334359917,-0.12095209290629427,-0.10000698998198887,0.020945102924305403,-0.3693965170166472,0.010152170970984217,0.012464911019444358,nan,nan
522,212,74738,forward,eps,km^2/s^2,52,52.0,0.0,-0.11599178716473896,0.005539024647287328,-0.1259531299853745,-0.11000872592116626,0.015944404064208245,-0.1275317293105257,-0.10926993358044645,0.018261795730079244,-0.26259735438182463,0.008583574819138826,0.00981144667244438,nan,nan
522,213,76879,forward,eps,km^2/s^2,70,70.0,0.0,-0.20255725153386717,0.0021523409766257256,-0.20635722299598283,-0.1993634082789493,0.006993814717033531,-0.2075164107571169,-0.19844797097747602,0.009068439779640891,-0.16768419428803266,0.003972101185244569,0.0046271424304452635,nan,nan
522,214,83339,forward,eps,km^2/s^2,121,121.0,0.0,-0.19176731453330176,0.0018486673043626829,-0.19445278780548936,-0.18832793792185631,0.006124849883633043,-0.19510645455246822,-0.18801013503502273,0.007096319517445493,0.22005288865108844,0.003757284496155311,0.004075087382988896,nan,nan
522,215,76462,forward,eps,km^2/s^2,129,129.0,0.0,-0.22494802000498748,0.0008956569200191648,-0.2260944056897083,-0.22321828766251514,0.0028761180271931475,-0.22629115488523321,-0.22276127218112263,0.0035298827041105874,0.46392611412294715,0.001969231709360164,0.002426247190752684,nan,nan
522,216,76343,forward,eps,km^2/s^2,68,68.0,0.0,-0.20221327609930323,0.0018404277532639687,-0.20340350253538514,-0.19810883759563377,0.0052946649397513645,-0.20354093018415242,-0.1969225461291335,0.006618384055018911,0.9964400223772322,0.0034700647381674995,0.004656356204667755,nan,nan
522,217,74850,forward,eps,km^2/s^2,53,53.0,0.0,-0.2277551797142433,0.0012405129568572358,-0.2297062473667293,-0.2257178475516456,0.0039883998150836986,-0.230217401019425,-0.22521132525996035,0.0050060757594646565,-0.019420741396940035,0.002269051443921066,0.0026294871164337374,nan,nan
522,218,79912,forward,eps,km^2/s^2,99,99.0,0.0,-0.11186582194406802,0.003880411045831364,-0.1188823765513452,-0.1065758307033873,0.0123065458479579,-0.12007230627271215,-0.10555721383311412,0.014515092439598032,-0.15092908884831285,0.006526650036756698,0.007430317460822233,nan,nan
522,219,76043,forward,eps,km^2/s^2,90,90.0,0.0,-0.2282917854856052,0.0012175901660283878,-0.2300065754995132,-0.22608291617305176,0.003923659326461437,-0.2304504699037817,-0.22518847472732484,0.005261995176456868,0.32701968956310845,0.0022214362210603517,0.002975495249622484,nan,nan
522,220,80077,forward,eps,km^2/s^2,76,76.0,0.0,-0.1453988855509608,0.004304430849732265,-0.15193842273379404,-0.13851032610684313,0.013428096626950908,-0.15350846507132698,-0.1372228893061943,0.016285575765132676,-0.0012901412758369222,0.007550316241973637,0.008335469832075781,nan,nan
522,221,86199,forward,eps,km^2/s^2,237,237.0,0.0,-0.11286731424530705,0.0028791037666277683,-0.11790653442342278,-0.10899883234583088,0.008907702077591895,-0.11874366635947609,-0.10845115453484666,0.010292511824629424,-0.174024150205394,0.004942036946944038,0.005779168882997343,nan,nan
522,222,80174,forward,eps,km^2/s^2,132,132.0,0.0,-0.10427040845476954,0.0023163600913163776,-0.10818314330829362,-0.10082148045163868,0.007361662856654946,-0.10841774527439763,-0.1003119358155854,0.00810580945881223,-0.17129083123085917,0.0038882937531223385,0.004397838389175623,nan,nan
522,223,83275,forward,eps,km^2/s^2,65,65.0,0.0,-0.19899092801068374,0.002064268319050951,-0.20258964800843848,-0.19598352671477248,0.006606121293666001,-0.20367637900289048,-0.19491383785099592,0.008762541151894565,-0.1376657011884493,0.003889692271767275,0.004959381135543839,nan,nan
522,224,83256,forward,eps,km^2/s^2,297,297.0,0.0,-0.22264353622384758,0.001008238223534129,-0.22427423516128694,-0.22093947514306522,0.003334760018221722,-0.22459221373982485,-0.22002100314129613,0.004571210598528719,0.08635065921645373,0.002256851551513561,0.0031753235532826496,nan,nan
522,225,81258,forward,eps,km^2/s^2,71,71.0,0.0,-0.2152568942634151,0.0011751528344739128,-0.21711452546043214,-0.21323741460130197,0.003877110859130173,-0.2175770229164461,-0.2129699156499134,0.004607107266532684,0.015270621945741475,0.0021102671936578665,0.0025222333210056513,nan,nan
522,226,78827,forward,eps,km^2/s^2,93,93.0,0.0,-0.2258244342177108,0.0012289616330760425,-0.22761414542138309,-0.22357237568631305,0.004041769735070033,-0.22797616501531792,-0.22253123874645175,0.005444926268866168,0.2959483918032417,0.0022600226627167643,0.003090686771611173,nan,nan
522,227,83935,forward,eps,km^2/s^2,81,81.0,0.0,-0.10434351117181206,0.000997353673175776,-0.10662146997155342,-0.10341731728602288,0.003204152685530537,-0.10692448229449736,-0.10323344300590565,0.003691039288591713,-0.9095380962557674,0.0029377954665640305,0.003240807789507971,nan,nan
522,228,82985,forward,eps,km^2/s^2,157,157.0,0.0,-0.0987570947311388,0.0008600769410208207,-0.10037268653105995,-0.09753940854630919,0.002833277984750762,-0.10099063153588517,-0.0971664257377397,0.0038242057981454636,-0.3078893529969152,0.0021433553726396986,0.0027613003774649147,nan,nan
522,229,90600,forward,eps,km^2/s^2,108,108.0,0.0,-0.184738752036885,0.0026291675454077753,-0.18842388611542488,-0.18009117535515123,0.008332710760273643,-0.18901050873214242,-0.17878010123627597,0.010230407495866456,0.1930162007578861,0.0046246910775361244,0.005574682054785729,nan,nan
522,230,84985,forward,eps,km^2/s^2,173,173.0,0.0,-0.12427915181352533,0.0039903997746569015,-0.13168179022119603,-0.11929806275411696,0.012383727467079067,-0.13299359389359566,-0.11870664584334267,0.01428694805025299,-0.3311551775106146,0.007496657068823455,0.0088084607412231,nan,nan
522,231,79611,forward,eps,km^2/s^2,51,51.0,0.0,-0.21904807272499538,0.0021160978682885543,-0.2218987735360496,-0.21537903182007873,0.0065197417159708615,-0.22251709671107367,-0.21461329524704265,0.007903801464031024,0.2026501170107033,0.0036098263511505913,0.004142587790885166,nan,nan
522,232,85006,forward,eps,km^2/s^2,83,83.0,0.0,-0.11675382786316513,0.006215798523207358,-0.12721128957481517,-0.10712597920189763,0.02008531037291754,-0.12744016606277608,-0.10526534061712045,0.022174825445655633,-0.11003640200543886,0.010571546828455769,0.011488487246044676,nan,nan
522,233,93015,forward,eps,km^2/s^2,78,78.0,0.0,-0.16579281455197048,0.003422582385343486,-0.17104226505774323,-0.1599063537134063,0.011135911344336918,-0.1717486042142642,-0.15767806343153545,0.014070540782728735,0.16694338096808403,0.006294639244815902,0.008522929526686762,nan,nan
522,234,91002,forward,eps,km^2/s^2,87,87.0,0.0,-0.17602002962668317,0.0028527423007037264,-0.18034019859150513,-0.17070201449496708,0.00963818409653805,-0.18198486609728048,-0.1688377343093177,0.013147131787962785,0.18351728094569983,0.005952644299050338,0.007816924484699728,nan,nan
522,235,80834,forward,eps,km^2/s^2,71,71.0,0.0,-0.2243531188987372,0.0009566696114088205,-0.2256699456975505,-0.22262887618896787,0.003041069508582628,-0.22593936008760596,-0.22226667678445144,0.0036726833031545114,0.28153596873699455,0.0016945922228266408,0.0020567916273430686,nan,nan
522,236,84069,forward,eps,km^2/s^2,81,81.0,0.0,-0.2185459777483567,0.0011896515334287713,-0.22052185489550002,-0.21663551839174666,0.0038863365037533626,-0.22111743755798519,-0.21583426991099997,0.005283167646985221,0.01399186053447876,0.002172751664330508,0.0027259057879462922,nan,nan
522,237,88993,forward,eps,km^2/s^2,234,234.0,0.0,-0.19258724609934574,0.001397852549559034,-0.19471439061974682,-0.1901407657829901,0.004573624836756718,-0.19507633659633816,-0.18900089921300645,0.006075437383331717,0.23847734401718576,0.002799386025110989,0.003939252595094644,nan,nan
522,238,86978,forward,eps,km^2/s^2,150,150.0,0.0,-0.18761476797368548,0.002177263743762915,-0.1910178708974423,-0.18387878398144294,0.007139086915999349,-0.19219605428855535,-0.18282305230971485,0.0093730019788405,0.06830805555786637,0.004125786442526496,0.004853027360291917,nan,nan
522,239,85566,forward,eps,km^2/s^2,63,63.0,0.0,-0.2024119024561417,0.0017373328470182013,-0.20370092002842907,-0.1984406389757265,0.00526028105270257,-0.20384604128921735,-0.19758271155279494,0.006263329736422407,0.9020142542611135,0.0028598775322599135,0.0037178049551914727,nan,nan
522,240,87788,forward,eps,km^2/s^2,112,112.0,0.0,-0.18101815350621148,0.0020477469352624504,-0.184490098162796,-0.17772598774324042,0.006764110419555575,-0.18597612545109743,-0.17700438967806165,0.008971735773035783,-0.1096638576325326,0.0038787489064147805,0.004912234923257208,nan,nan
522,241,91438,forward,eps,km^2/s^2,194,194.0,0.0,-0.13630740577568123,0.003241442237778079,-0.14241622594465794,-0.1315631125711162,0.01085311337354175,-0.14459451046266847,-0.13070482591144617,0.013889684551222303,-0.2937803320861397,0.005872641959492042,0.008016737899221082,nan,nan
522,242,89844,forward,eps,km^2/s^2,201,201.0,0.0,-0.09936665910134923,0.0034165234594409925,-0.10754022302709454,-0.09661985386397376,0.01092036916312078,-0.11070895394108349,-0.0963250149649949,0.014383938976088584,-0.9785420019655384,0.00842512819384389,0.011593859107832838,nan,nan
522,243,95842,forward,eps,km^2/s^2,263,263.0,0.0,-0.16464639012761995,0.0035016150279204845,-0.17065336316507268,-0.15896393208139312,0.011689431083679563,-0.17272674306461722,-0.15685857863601094,0.01586816442860628,-0.027305325134993164,0.0066453268874124135,0.008308213575973444,nan,nan
522,244,83229,forward,eps,km^2/s^2,56,56.0,0.0,-0.21164605679858872,0.0021602778106505323,-0.2143184351932378,-0.20729732923164493,0.007021105961592861,-0.21511521948523504,-0.20624578566137408,0.008869433823860962,0.36924052374298927,0.003758486814365164,0.004694663159496848,nan,nan
522,245,95443,forward,eps,km^2/s^2,244,244.0,0.0,-0.15538993962109687,0.00355278133829035,-0.1611679074242624,-0.14935512449276978,0.011812782931492627,-0.16334189533096044,-0.14718228286515123,0.016159612465809214,0.03141973544100289,0.006716451699237968,0.00852320413022889,nan,nan
522,246,93446,forward,eps,km^2/s^2,224,224.0,0.0,-0.14570487879888827,0.0036691219798369074,-0.1520317828557027,-0.13974516498773756,0.012286617867965144,-0.15426427673463816,-0.13781257856625106,0.016451698168387097,-0.058758481752481925,0.006912580274602536,0.00871931280150573,nan,nan
522,247,86776,forward,eps,km^2/s^2,53,53.0,0.0,-0.1701630855064995,0.003752941019037801,-0.17588103283454137,-0.164458779391034,0.011422253443507363,-0.1770839920653754,-0.16417494995084714,0.012909042114528257,-0.03112308210802161,0.006334225767656254,0.006596519369868936,nan,nan
522,248,83640,forward,eps,km^2/s^2,54,54.0,0.0,-0.2173360641570265,0.0014459984330091695,-0.21982598489418995,-0.21518832472321098,0.004637660170978969,-0.22035701103383298,-0.21455823290253895,0.005798778131294036,-0.16324097341242635,0.002600052065436803,0.0029399739379820655,nan,nan
522,249,88110,forward,eps,km^2/s^2,61,61.0,0.0,-0.21257521114693367,0.0019901186633136934,-0.21573981853836188,-0.2097572052257688,0.005982613312593088,-0.21614978311713806,-0.20875534577175792,0.007394437345380145,-0.025032101031348133,0.003528035008956265,0.003750673345857103,nan,nan
522,250,95422,forward,eps,km^2/s^2,109,109.0,0.0,-0.1922146661443469,0.0017482212512093677,-0.19436861704041933,-0.18887026293473047,0.005498354105688857,-0.19477121468434133,-0.18781546577259267,0.00695574891174866,0.38509634769371975,0.0031274539937900634,0.004182251155927852,nan,nan
522,251,87679,forward,eps,km^2/s^2,90,90.0,0.0,-0.21121659149417904,0.002281038648867183,-0.21405075003485657,-0.2070875092003629,0.006963240834493678,-0.2148078845382866,-0.2061356082724508,0.008672276265835777,0.35656776308068383,0.0038716754461165623,0.004749671865932892,nan,nan
522,252,89293,forward,eps,km^2/s^2,95,95.0,0.0,-0.19961189286927494,0.0028108374487539156,-0.2038750765119429,-0.19509524014425456,0.008779836367688337,-0.2049826526472709,-0.19416486114997988,0.010817791497291007,0.04683042320757314,0.004749874487837302,0.00546512313012959,nan,nan
522,253,96263,forward,eps,km^2/s^2,261,261.0,0.0,-0.10192944137510929,0.0033208420675227353,-0.10802763606976407,-0.09755518575880173,0.010472450310962333,-0.1085741129076323,-0.09706218976379566,0.011511923143836644,-0.24274515235535127,0.006162274733095163,0.0067087515709634005,nan,nan
522,254,90117,forward,eps,km^2/s^2,145,145.0,0.0,-0.22037121721875363,0.0007886038038516015,-0.22137746105740513,-0.21869913156145065,0.002678329495954479,-0.22161581544086772,-0.2182088836826065,0.0034069317582612335,0.5422194965996348,0.0021543859244472323,0.002644633803291385,nan,nan
522,255,91347,forward,eps,km^2/s^2,55,55.0,0.0,-0.19477219891831665,0.002708794689318413,-0.19908155178842235,-0.19087783021539695,0.008203721573025402,-0.2003989073028104,-0.1905459006199547,0.009853006682855714,0.00759272103121141,0.0047608093698503365,0.006078164884238402,nan,nan
522,256,99061,forward,eps,km^2/s^2,53,53.0,0.0,-0.21041433276067534,0.0012062437278909245,-0.21140087414727232,-0.2074555797311863,0.003945294416086015,-0.21149605737020294,-0.2069580842392208,0.0045379731309821425,1.2951359316528104,0.0029587530294890242,0.0034562485214545413,nan,nan
522,257,97245,forward,eps,km^2/s^2,79,79.0,0.0,-0.11379439965308003,0.0045551371083617205,-0.12105554769194349,-0.10762796182291844,0.013427585869025052,-0.12326774946889818,-0.10676533883286599,0.016502410636032194,-0.20050359999942452,0.007891036727297292,0.010103238504251988,nan,nan
522,258,94534,forward,eps,km^2/s^2,67,67.0,0.0,-0.20590940660530543,0.0024524768067569463,-0.21006754275618722,-0.20180894005694616,0.008258602699241058,-0.21056353846662956,-0.20103490832113313,0.00952863014549643,0.029762274686999504,0.004843116854253648,0.0056171485900666784,nan,nan
522,259,100594,forward,eps,km^2/s^2,214,214.0,0.0,-0.12341040796416541,0.004885907746322293,-0.12978416144568597,-0.11476277541245852,0.015021386033227446,-0.13195047893647072,-0.1133405874858261,0.018609891450644622,0.21362174958774305,0.00861825099081468,0.010040438917447103,nan,nan
522,260,89153,forward,eps,km^2/s^2,54,54.0,0.0,-0.8707405766370517,0.0033296768645967798,-0.8757095402057758,-0.8656169521467848,0.010092588058991048,-0.8780248545587996,-0.8637493983563866,0.014275456202412995,0.08616738948581659,0.006136947054769401,0.007835756926502069,nan,nan
522,261,93347,forward,eps,km^2/s^2,50,50.0,0.0,-0.21737134886182546,0.001130857300427927,-0.21938182661125616,-0.2155616022839401,0.0038202243273160463,-0.2195435568687063,-0.2149569740459496,0.004586582822756702,-0.11382552611009916,0.002185413624423542,0.00279004186241405,nan,nan
522,262,91158,forward,eps,km^2/s^2,50,50.0,0.0,-0.8723538190263511,0.0028604852342223037,-0.8763830297118169,-0.8672572733506319,0.009125756361185067,-0.8772529302043308,-0.8663644624931204,0.010888467711210437,0.2444512791051233,0.0050336964591446804,0.005521710927054002,nan,nan
522,263,94858,forward,eps,km^2/s^2,59,59.0,0.0,-0.20275238530541428,0.0017126801399680158,-0.203965925542906,-0.19886798667500824,0.00509793886789775,-0.20407918815703474,-0.19794645110901843,0.006132737048016312,0.9611788944522491,0.003304451359061674,0.004225986925051495,nan,nan
522,264,98040,forward,eps,km^2/s^2,75,75.0,0.0,-0.10503533933749387,0.0018119847873756987,-0.11002474769720251,-0.10404651813354546,0.005978229563657053,-0.11176014723869154,-0.1039211585475096,0.007838988691181936,-1.4467466369853905,0.005920712521034666,0.007656112062523701,nan,nan
522,265,96139,forward,eps,km^2/s^2,170,170.0,0.0,-0.2188233723179216,0.0008768588196736307,-0.22000123915517678,-0.21708272589914598,0.0029185132560307914,-0.22025295386690769,-0.21644729550988573,0.003805658357021957,0.3939727315289109,0.001958500368405752,0.0025939307576660076,nan,nan
522,266,99440,forward,eps,km^2/s^2,76,76.0,0.0,-0.10459291424761902,0.003820026435045323,-0.11080827734456303,-0.09881371760632787,0.011994559738235155,-0.11327263647100316,-0.09740222716865565,0.01587040930234751,-0.13651585081800316,0.006702313367948853,0.008841442718218295,nan,nan
522,267,107040,forward,eps,km^2/s^2,103,103.0,0.0,-0.19057063515529749,0.0018778809552254963,-0.19289887474300468,-0.18698593166426256,0.005912943078742128,-0.19331295076089494,-0.18582097337748993,0.007491977383405013,0.36983990521445187,0.0032662566209891485,0.004431214907761771,nan,nan
522,268,108496,forward,eps,km^2/s^2,93,93.0,0.0,-0.18549398266627282,0.002090429225579543,-0.18876971863709116,-0.1818340539063192,0.006935664730771951,-0.18950512692629828,-0.18061803902640894,0.008887087899889345,0.13082645956339062,0.0038937493081828696,0.004875943639863878,nan,nan
522,269,104081,forward,eps,km^2/s^2,238,238.0,0.0,-0.09621803129252726,0.001285433558545879,-0.09885131128541799,-0.09472295567804544,0.004128355607372555,-0.10133249360606345,-0.09436034511105318,0.006972148495010266,-1.0168857139558416,0.0035731149795803154,0.006054297300225775,nan,nan
522,270,105932,forward,eps,km^2/s^2,228,228.0,0.0,-0.18434754750652937,0.002671247028145833,-0.1882313505663743,-0.17961697375932956,0.008614376807044744,-0.18957361118967508,-0.17806596869183644,0.011507642497838644,0.10594600767155647,0.005014109826002244,0.006346676545515351,nan,nan
522,271,98764,forward,eps,km^2/s^2,78,78.0,0.0,-0.8600449391273679,0.0021251063347267366,-0.8635497095102438,-0.8564687982827431,0.0070809112275006525,-0.8640971075065048,-0.8556603857264063,0.008436721780098466,0.0904037766883395,0.0038281471450372024,0.00457292186474878,nan,nan
522,272,110635,forward,eps,km^2/s^2,198,198.0,0.0,-0.16825632889285708,0.003091144604419553,-0.1732337564428485,-0.16311655348812773,0.010117202954720766,-0.17448994763160774,-0.16118985681184128,0.013300090819766464,0.05877906183473805,0.005715834643550281,0.006769432411650067,nan,nan
522,273,111650,forward,eps,km^2/s^2,210,210.0,0.0,-0.17523908974296737,0.002693945918512586,-0.17920994943433252,-0.17056507281898048,0.008644876615352043,-0.18043570783406648,-0.1686397624782522,0.011795945355814297,0.15122721763452696,0.005076228667043579,0.006080623131564766,nan,nan
522,274,99562,forward,eps,km^2/s^2,56,56.0,0.0,-0.8503288068009092,0.0018806437091231816,-0.8532988487687536,-0.8472298264130085,0.006069022355745135,-0.8545477833405107,-0.8460104204644848,0.008537362876025911,-0.00695897478778915,0.003673624462814079,0.004724254987377274,nan,nan
522,275,111641,forward,eps,km^2/s^2,246,246.0,0.0,-0.18902969216523696,0.0012748654835040805,-0.19099637393348107,-0.18699087151549826,0.004005502417982809,-0.19139121664594272,-0.18597683081082605,0.005414385835116664,0.0905600918194125,0.002565376056598734,0.003579416761270937,nan,nan
522,276,100073,forward,eps,km^2/s^2,78,78.0,0.0,-0.2169662683414018,0.0012333359448283747,-0.2183017413281367,-0.21442134240617755,0.003880398921959155,-0.21839772912351907,-0.21357901068774177,0.004818718435777303,0.6383675779625185,0.0036381730934045885,0.004480504811840369,nan,nan
522,277,109268,forward,eps,km^2/s^2,116,116.0,0.0,-0.10913742741363308,0.005511927162845189,-0.11854734703929934,-0.10139929381083418,0.01714805322846516,-0.12007972525560195,-0.09947188872706225,0.020607836528539702,-0.14889072770526618,0.009424138539166488,0.010669879131977256,nan,nan
522,278,102286,forward,eps,km^2/s^2,82,82.0,0.0,-0.8571292939959989,0.0026322196124747834,-0.8612418497655534,-0.8527621300140258,0.008479719751527615,-0.8624709745208574,-0.8515616933420597,0.010909281178797747,-0.011191681679979784,0.004794176584715387,0.005943358540079768,nan,nan
522,279,112377,forward,eps,km^2/s^2,56,56.0,0.0,-0.11414526411631881,0.00265739065658859,-0.12056672736491189,-0.11248374949967857,0.00808297786523332,-0.12123865665760136,-0.11236314518532786,0.0088755114722735,-0.8701221860679403,0.005972350453429781,0.006644279746119253,nan,nan
522,280,109609,forward,eps,km^2/s^2,187,187.0,0.0,-0.1060351903866642,0.0037520427382206106,-0.11249335860957073,-0.10070258167604955,0.01179077693352118,-0.11393349087944316,-0.09926973490015323,0.014663755979289927,-0.1676141467017893,0.006569903978415869,0.007748689374134643,nan,nan
522,281,111968,forward,eps,km^2/s^2,79,79.0,0.0,-0.1791691918878361,0.0023549186148581628,-0.18287293178284086,-0.17527657150378045,0.00759636027906041,-0.18406194646895624,-0.17402001397669786,0.010041932492258376,0.020307260212101812,0.004661219687045192,0.005917777214127784,nan,nan
522,282,104605,forward,eps,km^2/s^2,54,54.0,0.0,-0.8408144767327387,0.000940108694224834,-0.8427875277208724,-0.8397880268662177,0.002999500854654724,-0.8430093794556276,-0.8394589888601847,0.0035503905954429316,-0.4907570566950531,0.0020069109296213025,0.002228762664376549,nan,nan
522,283,106093,forward,eps,km^2/s^2,53,53.0,0.0,-0.8628595530016145,0.0014037427634191269,-0.8652417254246346,-0.8606758138725137,0.004565911552120938,-0.8656965803107605,-0.8601396593125157,0.005556920998244785,-0.07691829057719758,0.002544985295693025,0.002837027309145923,nan,nan
522,284,112328,forward,eps,km^2/s^2,217,217.0,0.0,-0.13716124450466738,0.004790852422829335,-0.14488006887486074,-0.13025592175073913,0.014624147124121606,-0.14671970617318486,-0.12930986949287926,0.0174098366803056,-0.11301416125869815,0.007942532171910899,0.00939201196325723,nan,nan
522,285,106107,forward,eps,km^2/s^2,88,88.0,0.0,-0.8460051909238202,0.0021424631727105024,-0.8493946724935312,-0.8427580080834007,0.006636664410130444,-0.8499612632755636,-0.8417402097060542,0.008221053569509418,-0.012688583011346774,0.003896461226172214,0.004463052008204738,nan,nan
522,286,115586,forward,eps,km^2/s^2,304,304.0,0.0,-0.09397325738870699,0.0027756771021427533,-0.10064988948361969,-0.09186451541157674,0.008785374072042954,-0.10479422146647566,-0.09140607512344467,0.013388146343030982,-1.282531377063218,0.007057592944266496,0.011201924927122464,nan,nan
522,287,117019,forward,eps,km^2/s^2,59,59.0,0.0,-0.17601102315347383,0.003368631628536888,-0.18228680399261982,-0.1721060626154716,0.010180741377148222,-0.18353362398625583,-0.16982814644090893,0.0137054775453469,-0.2671333278921949,0.005958687966093511,0.00708936313998465,nan,nan
522,288,109691,forward,eps,km^2/s^2,57,57.0,0.0,-0.9283982353096674,0.0009439230745971744,-0.9298487076943711,-0.9270072171261705,0.0028414905682005998,-0.9299335799555215,-0.9266573533218474,0.0032762266336741064,0.0969959635317029,0.0018419569758889804,0.0021918207802120726,nan,nan
522,289,115814,forward,eps,km^2/s^2,76,76.0,0.0,-0.17085857474498228,0.003080618639504381,-0.17575333382586475,-0.16608414607856126,0.009669187747303493,-0.17700171218103966,-0.1646780593818632,0.012323652799176465,0.07185510497766687,0.005814431219798938,0.0070628095749738495,nan,nan
522,290,114958,forward,eps,km^2/s^2,57,57.0,0.0,-0.1055104680166572,0.0011585651078188121,-0.10820513261166757,-0.10451337621723282,0.003691756394434753,-0.1085910823880899,-0.10440653294033575,0.004184549447754149,-0.8553445338500539,0.003544605408154755,0.003930555184577078,nan,nan
522,291,115594,forward,eps,km^2/s^2,93,93.0,0.0,-0.12609009139464722,0.006053619770733386,-0.13635972938719015,-0.11731654390792089,0.019043185479269267,-0.13714403929125052,-0.11652859871440313,0.020615440576847388,-0.14936700029356637,0.010269637992542944,0.0110539478966033,nan,nan
522,292,118341,forward,eps,km^2/s^2,78,78.0,0.0,-0.15965535539884906,0.004008604515637339,-0.1655195344218661,-0.15333732800512118,0.012182206416744917,-0.16702529212422157,-0.151182126083082,0.015843166041139556,0.20172330152276097,0.007168065509881003,0.00850177642500427,nan,nan
522,293,118649,forward,eps,km^2/s^2,197,197.0,0.0,-0.14831912369327982,0.003069546304056332,-0.15342276035655544,-0.14327615163319013,0.010146608723365313,-0.1552819315545606,-0.14112205824943846,0.01415987330512214,-0.01695655381626553,0.005913714750724597,0.007177807012914927,nan,nan
522,294,114177,forward,eps,km^2/s^2,173,173.0,0.0,-0.12255494938415512,0.003737810682147559,-0.12837590117606773,-0.11684493821186596,0.011530962964201766,-0.12948145285535995,-0.11502420765849386,0.014457245196866086,0.014800806368218655,0.00631611515275361,0.007530741725661261,nan,nan
522,295,111143,forward,eps,km^2/s^2,59,59.0,0.0,-0.8600061325776854,0.0016044446634112725,-0.8623601044569198,-0.8574724597494005,0.004887644707519345,-0.8629562695680189,-0.8569588724901607,0.00599739707785818,0.0066630472993961885,0.00286389235550295,0.003460057466602051,nan,nan
522,296,116981,forward,eps,km^2/s^2,155,155.0,0.0,-0.11148445308179677,0.0035722823453215704,-0.11649306142622337,-0.1052331105998359,0.011259950826387477,-0.11844445808235904,-0.10363408174395694,0.014810376338402098,0.16057161538382503,0.006393628839437535,0.007620557072987033,nan,nan
522,297,111154,forward,eps,km^2/s^2,70,70.0,0.0,-0.8458704385345673,0.0018340881013192108,-0.8486644267600666,-0.8430180960119545,0.0056463307481120495,-0.8489059307277661,-0.8426342991981784,0.006271631529587651,-0.003395862709898772,0.0036473473463929816,0.0038888513140924452,nan,nan
522,298,119490,forward,eps,km^2/s^2,191,191.0,0.0,-0.15698939284509694,0.002968613201066283,-0.16156683098448615,-0.15193132986257452,0.009635501121911638,-0.16310353135114708,-0.1507002582996042,0.012403273051542874,0.044045601301181125,0.005492696777613049,0.006360788902853187,nan,nan
522,299,119797,forward,eps,km^2/s^2,333,333.0,0.0,-0.09665361438304132,0.0031377067560882884,-0.10303374886204571,-0.09307950165352638,0.009954247208519326,-0.10541393794448484,-0.0920799601728477,0.01333397777163714,-0.5315076854722816,0.0063819104137831754,0.008762099496222309,nan,nan
522,300,114063,forward,eps,km^2/s^2,61,61.0,0.0,-0.8524398734046517,0.0016909564298438655,-0.8549976878633185,-0.849894667903406,0.00510301995991258,-0.8553617870141796,-0.8495471720484342,0.005814614965745424,-0.016788362182762476,0.003015763741082811,0.003379862891943919,nan,nan
522,301,120605,forward,eps,km^2/s^2,109,109.0,0.0,-0.18625158112826146,0.0017903564915192289,-0.18900175926691798,-0.18314438061440447,0.005857378652513512,-0.18970397683189155,-0.18190539331411726,0.0077985835177742935,0.1654012248349832,0.0033708566358530132,0.004346187814144198,nan,nan
522,302,115680,forward,eps,km^2/s^2,63,63.0,0.0,-0.9150089073535668,0.0009712201712451308,-0.9164606472224751,-0.9133314236908723,0.0031292235316028316,-0.9167704596674927,-0.9132514636218085,0.003518996045684175,-0.0014484425350176043,0.0017269413060328476,0.0017615523139259404,nan,nan
522,303,115738,forward,eps,km^2/s^2,75,75.0,0.0,-0.8460780647872819,0.0019666440262254337,-0.8489446866873966,-0.8430090751896728,0.005935611497723814,-0.8493134167467582,-0.8426290433582442,0.00668437338851402,-0.02518428289875793,0.003172325927367359,0.003541055986728936,nan,nan
522,304,118636,forward,eps,km^2/s^2,108,108.0,0.0,-0.1800422464315437,0.002031916724952132,-0.18303364688095294,-0.1764761828982397,0.0065574639827132575,-0.18390646453981596,-0.17516703258367283,0.008739431956143129,0.16056379287370945,0.003769984869564085,0.004874766004670961,nan,nan
522,305,121513,forward,eps,km^2/s^2,149,149.0,0.0,-0.10538720314365124,0.005520270307210629,-0.11516273902838262,-0.09813455812672396,0.017028180901658654,-0.11693416711722004,-0.09666470604246757,0.02026946107475247,-0.22507305376481865,0.01040515238632047,0.012176580475157905,nan,nan
522,306,122033,forward,eps,km^2/s^2,176,176.0,0.0,-0.18521001714208807,0.0012526072244091035,-0.1870168824598794,-0.18294437428700805,0.004072508172871359,-0.187371391007929,-0.1816202872975926,0.0057511037103363805,0.4173228356200144,0.0027813519335058157,0.004105438922921256,nan,nan
522,307,124894,forward,eps,km^2/s^2,78,78.0,0.0,-0.18120382102293114,0.001999978595794051,-0.18450160669839305,-0.17812550891755788,0.0063760977808351715,-0.18560990691911483,-0.17701802325244065,0.008591883666674183,-0.06892884706712402,0.0038480522871764834,0.004590226700526778,nan,nan
522,308,126427,forward,eps,km^2/s^2,54,54.0,0.0,-0.11315406821236712,0.002367344003500165,-0.11900384689907134,-0.11178535581883181,0.007218491080239531,-0.12129235872979638,-0.11161720050153401,0.00967515822826237,-1.4190575344617236,0.005913440367917799,0.008201952198642837,nan,nan
522,309,123246,forward,eps,km^2/s^2,76,76.0,0.0,-0.2095951612444646,0.001675280895086907,-0.21080021263755408,-0.20611099170467748,0.004689220932876603,-0.21092210430022174,-0.20602107463630137,0.004901029663920364,0.5860387304573215,0.004625988349714644,0.004715905418090749,nan,nan
522,310,122340,forward,eps,km^2/s^2,174,174.0,0.0,-0.13544135913270905,0.00410445732389952,-0.14185895566320417,-0.12927274121060067,0.012586214452603495,-0.1435434168678522,-0.128554359507294,0.014989057360558222,-0.07261313420301041,0.006842925041256787,0.007938727781895527,nan,nan
522,311,126101,forward,eps,km^2/s^2,274,274.0,0.0,-0.09135468330573349,0.0021531726008612796,-0.09646510202937035,-0.08955095146828126,0.006914150561089086,-0.09869792642634312,-0.08910036426846579,0.009597562157877326,-1.118830222568644,0.0056741467147520055,0.007906971111724781,nan,nan
522,312,127875,forward,eps,km^2/s^2,66,66.0,0.0,-0.13790661652240754,0.004474236293178927,-0.14707339650907006,-0.1323831922031566,0.014690204305913446,-0.14847505676204742,-0.13111481793965252,0.017360238822394902,-0.43019903784895835,0.008936123137265911,0.010337783390243271,nan,nan
522,313,122137,forward,eps,km^2/s^2,54,54.0,0.0,-0.9690671378550293,0.00038468743273932846,-0.9696972576896844,-0.9684617194598223,0.0012355382298621098,-0.9698007733909297,-0.9683024266152221,0.001498346775707593,-0.02674378913643949,0.0007196378485419151,0.0008789306931420438,nan,nan
522,314,124351,forward,eps,km^2/s^2,125,125.0,0.0,-0.12277175419917696,0.003168616255299792,-0.12795724726188987,-0.11799165777204826,0.009965589489841609,-0.12841578872293224,-0.11707051117180556,0.011345277551126687,-0.02424982432179099,0.0052774429163191085,0.0057860546861394635,nan,nan
522,315,128076,forward,eps,km^2/s^2,61,61.0,0.0,-0.17511875581742709,0.0022686991688040193,-0.17845496322968357,-0.17130607641494155,0.007148886814742017,-0.179450474291052,-0.16995433521856362,0.009496139072488363,0.1795196017626627,0.00421073909152303,0.005285399980965333,nan,nan
522,316,124622,forward,eps,km^2/s^2,169,169.0,0.0,-0.16720796107194458,0.0040560052797948805,-0.17314616167667304,-0.16055533418629256,0.012590827490380485,-0.17454682476746242,-0.15899609002690607,0.015550734740556349,0.07251562669040537,0.0067953807698220665,0.007815176123147416,nan,nan
522,317,126422,forward,eps,km^2/s^2,67,67.0,0.0,-0.15569065701392804,0.005299316428480001,-0.16315762885444948,-0.14869621931913743,0.014461409535312053,-0.16442546718168938,-0.14832968174551486,0.016095785436174515,-0.02524724254556772,0.007533957552210023,0.008734810167761342,nan,nan
522,318,130158,forward,eps,km^2/s^2,229,229.0,0.0,-0.11100390093370749,0.003908193852648522,-0.11676228645300987,-0.1035451750142202,0.013217111438789675,-0.118465343937872,-0.1015236901231733,0.0169416538146987,0.2712527215061865,0.007375433707773404,0.009274588929292671,nan,nan
522,319,130116,forward,eps,km^2/s^2,73,73.0,0.0,-0.16705494880755944,0.0033605222212604448,-0.17179552425825248,-0.16145665732222997,0.010338866936022512,-0.17277037341925439,-0.15917075403292047,0.013599619386333917,0.1786660245527735,0.005863605782556223,0.008149509071865735,nan,nan
522,320,129256,forward,eps,km^2/s^2,184,184.0,0.0,-0.1751021924135185,0.0027817484362415313,-0.17946259029547867,-0.17029071607307586,0.009171874222402815,-0.1811390081833607,-0.16944887111655305,0.01169013706680766,0.059079953566175,0.0051103576650540885,0.006119437075089107,nan,nan
522,321,130414,forward,eps,km^2/s^2,84,84.0,0.0,-0.18305538753367973,0.0019131560364500512,-0.18584159327134184,-0.17970904456762582,0.006132548703716018,-0.18633091116071787,-0.17846862312421685,0.00786228803650102,0.3075705245285306,0.0033910264125435294,0.004465275217446885,nan,nan
522,322,129580,forward,eps,km^2/s^2,258,258.0,0.0,-0.09924036741654163,0.004804403395372699,-0.10749706533939199,-0.09209070842375959,0.0154063569156324,-0.10957301776641992,-0.09113624640240703,0.018436771364012894,-0.155297879951763,0.008791586278347894,0.010867538705375823,nan,nan
522,323,129834,forward,eps,km^2/s^2,152,152.0,0.0,-0.18227189547149797,0.0012563150761782766,-0.18403281893473294,-0.17988522181487132,0.0041475971198616235,-0.1844411355646377,-0.17880736200205605,0.0056337735625816565,0.42255244101488615,0.0029241331450335912,0.0040019929578488656,nan,nan
522,324,134590,forward,eps,km^2/s^2,334,334.0,0.0,-0.09811009945873111,0.006144743018505685,-0.11006439363618178,-0.09083422228840053,0.019230171347781252,-0.1122872311401506,-0.08961199126345787,0.022675239876692732,-0.37177566246487326,0.011611845598741365,0.013834683102710188,nan,nan
522,325,131876,forward,eps,km^2/s^2,60,60.0,0.0,-0.15497405976881562,0.004362448997522023,-0.16068889687004023,-0.14764393691021505,0.013044959959825186,-0.1626788871189927,-0.1451080708150222,0.017570816303970505,0.18306829890914547,0.007450032133984306,0.00893762226767103,nan,nan
522,326,132535,forward,eps,km^2/s^2,156,156.0,0.0,-0.12322988888611364,0.007250843368734161,-0.1344051900434223,-0.11286404114016663,0.021541148903255675,-0.13516420987058986,-0.11079218481231046,0.0243720250582794,-0.10344395032952913,0.01107351727869016,0.013059464956248545,nan,nan
522,327,132832,forward,eps,km^2/s^2,68,68.0,0.0,-0.14427643731266654,0.005800196760225231,-0.15450751723278686,-0.13702173352079974,0.017485783711987113,-0.154605224777155,-0.1358255612734971,0.018779663503657895,-0.07033899220662726,0.01077046446376737,0.011966636711070011,nan,nan
522,328,135139,forward,eps,km^2/s^2,331,331.0,0.0,-0.14919369319500297,0.00440587208570432,-0.15613782514880337,-0.14231976237739025,0.01381806277141312,-0.15842828327897007,-0.14055658268754467,0.0178717005914254,-0.03036330681355625,0.007794652779991307,0.00999823366057806,nan,nan
522,329,134556,forward,eps,km^2/s^2,281,281.0,0.0,-0.13524554100745734,0.003899646058799799,-0.1412387054062033,-0.12908449210922524,0.012154213296978078,-0.14318412323934626,-0.1282179265890132,0.014966196650333052,-0.012769050727319653,0.006583519261162962,0.00852893709430591,nan,nan
522,330,136318,forward,eps,km^2/s^2,288,288.0,0.0,-0.16255444620237441,0.0038367113578628696,-0.16833016776636273,-0.15631392182543202,0.012016245940930703,-0.1696452817392825,-0.1542350321796705,0.01541024955961201,0.0912895282224266,0.006537019940825783,0.008408908906057055,nan,nan
522,331,133677,forward,eps,km^2/s^2,189,189.0,0.0,-0.12173177126084156,0.004284380803719007,-0.12768602370556753,-0.11419100902764397,0.013495014677923564,-0.1281878429968798,-0.11243890794086175,0.015748935056018043,0.22321342434091676,0.007127560183397175,0.008552508033864425,nan,nan
522,332,139913,forward,eps,km^2/s^2,591,591.0,0.0,-0.0876842734400507,0.0017086629309139218,-0.09046348485382594,-0.08489243771020921,0.005571047143616725,-0.09154882433475842,-0.08414808923359984,0.007400735101158573,-0.06758434380451143,0.003910914335676918,0.004996253816609397,nan,nan
522,333,136299,forward,eps,km^2/s^2,65,65.0,0.0,-0.1743900949156416,0.003298408146671214,-0.17905017374856005,-0.1689099107538788,0.010140262994681265,-0.18011481726659218,-0.16788475548567494,0.012230061780917234,0.12041768381811249,0.0054937091771456665,0.006133534897451165,nan,nan
522,334,137188,forward,eps,km^2/s^2,83,83.0,0.0,-0.18025227016148526,0.0019068287186337863,-0.18297817750297624,-0.17707397956856075,0.005904197934415489,-0.18351273646647115,-0.1758879065814467,0.007624829885024442,0.33495239262399895,0.0032454438243157964,0.004373874843644487,nan,nan
522,335,135715,forward,eps,km^2/s^2,128,128.0,0.0,-0.1793714454598842,0.0014520014021692411,-0.18121316831420578,-0.1764427861095586,0.004770382204647178,-0.1815270472265117,-0.1752633534489113,0.006263693777600388,0.5695421300703913,0.003529222194205532,0.004708654854852834,nan,nan
522,336,137288,forward,eps,km^2/s^2,72,72.0,0.0,-0.121921113363756,0.005853335560042883,-0.13179021181322306,-0.1138901422004691,0.017900069612753963,-0.13268574962337898,-0.11269056784239295,0.019995181780986027,-0.12257342717558682,0.010733535373336791,0.01162907318349271,nan,nan
522,337,142875,forward,eps,km^2/s^2,411,411.0,0.0,-0.09331480914397972,0.003762176059427197,-0.10101138412049643,-0.08861932401005596,0.012392060110440473,-0.10311997800652029,-0.08730783891766114,0.015812139088859145,-0.42131561688087643,0.006889946835916982,0.008840036189337153,nan,nan
522,338,141120,forward,eps,km^2/s^2,68,68.0,0.0,-0.15592178974557935,0.004880888461232045,-0.16364931014462095,-0.14869667254041768,0.014952637604203262,-0.16508080203494913,-0.1471159048836298,0.017964897151319326,0.025394300470516443,0.00851539651247578,0.009211670653039294,nan,nan
522,339,141333,forward,eps,km^2/s^2,60,60.0,0.0,-0.16204087932116557,0.0037757319914932313,-0.16734795022891447,-0.15605888784031646,0.011289062388598003,-0.16829682690818815,-0.15365337322779293,0.014643453680395213,0.15692214869873947,0.006655307958395695,0.007871869843821266,nan,nan
522,340,139865,forward,eps,km^2/s^2,174,174.0,0.0,-0.17506077736837689,0.0030498971421103896,-0.1784446964081566,-0.1690951112410008,0.00934958516715581,-0.17895841579941318,-0.16811161694277577,0.010846798856637418,0.41403926130475643,0.005584410992563299,0.006567905290788323,nan,nan
522,341,142570,forward,eps,km^2/s^2,226,226.0,0.0,-0.10701716910705072,0.003921906543381018,-0.11483012497210013,-0.10223667010273405,0.012593454869366083,-0.11672234618249311,-0.10050943810143143,0.016212908081061683,-0.370791149421436,0.007747805490541659,0.008356174039960917,nan,nan
522,342,141926,forward,eps,km^2/s^2,55,55.0,0.0,-0.14849239869399744,0.00451988458598495,-0.15524469984899641,-0.14053987291520342,0.014704826933792992,-0.15648366652196932,-0.13851202547983377,0.017971641042135555,0.2507133771721749,0.009025896296692815,0.011053743732062471,nan,nan
522,343,142823,forward,eps,km^2/s^2,61,61.0,0.0,-0.17250529173921902,0.0031067179040195716,-0.17671515915597802,-0.16730067349837296,0.009414485657605054,-0.17767449764018872,-0.16641200065829775,0.011262496981890968,0.19464906949833025,0.005083879960096294,0.005857808973656398,nan,nan
522,344,142530,forward,eps,km^2/s^2,81,81.0,0.0,-0.17815880093267122,0.0018211201598904742,-0.18046344323875008,-0.17464082802911363,0.00582261520963645,-0.1810148455469366,-0.174439829654499,0.006575015892437586,0.2771009949685744,0.0034412369282937894,0.0036422353029084142,nan,nan
522,345,142010,forward,eps,km^2/s^2,72,72.0,0.0,-0.1334209750468453,0.005736661439652307,-0.14275587875747475,-0.12526353079656552,0.017492347960909232,-0.14474962536594482,-0.12356578269215279,0.02118384267379203,-0.09884334285161589,0.009874968213956382,0.011248056670045026,nan,nan
522,346,141732,forward,eps,km^2/s^2,56,56.0,0.0,-0.2090485327925098,0.001620617830432973,-0.20999319642528536,-0.20515549493925941,0.0048377014860259415,-0.21013558055439463,-0.20425956507488752,0.005876015479507113,1.0955434621257139,0.0030062587993165135,0.0039021886636884107,nan,nan
522,347,143454,forward,eps,km^2/s^2,199,199.0,0.0,-0.12267512452233997,0.004286117511759546,-0.12873206112374025,-0.11473459655880378,0.013997464564936474,-0.130284416925884,-0.11377071689474716,0.016513700031136835,0.1929764969364399,0.007927687398859094,0.008891567062915717,nan,nan
522,348,146472,forward,eps,km^2/s^2,204,204.0,0.0,-0.1138235719012205,0.005745818903811799,-0.12338394615683021,-0.10575250064260969,0.017631445514220523,-0.12642492798576155,-0.10407743238064071,0.022347495605120837,-0.14414003040558707,0.009885347217530142,0.011906107496344576,nan,nan
522,349,147951,forward,eps,km^2/s^2,407,407.0,0.0,-0.08590329244270267,0.006160592798384011,-0.10132634173956453,-0.08208922290162844,0.019237118837936093,-0.10375478069503297,-0.08135438983792276,0.02240039085711021,-0.9414662605840555,0.015501014919920703,0.017929453875389134,nan,nan
522,350,147290,forward,eps,km^2/s^2,84,84.0,0.0,-0.1759629143656825,0.0014552371429007657,-0.1779446688932591,-0.17329725392545128,0.0046474149678078225,-0.1784687290602357,-0.17268593376628727,0.005782795293948428,0.22991431950933228,0.0026333701932580384,0.0031333702237796857,nan,nan
522,351,146101,forward,eps,km^2/s^2,112,112.0,0.0,-0.17420643579262002,0.0014896446668428182,-0.17582028321904375,-0.1708765865328467,0.004943696686197041,-0.17610432500916884,-0.1696079297640809,0.006496395245087938,0.9120449150809542,0.004027759394873147,0.005296416163638962,nan,nan
522,352,144922,forward,eps,km^2/s^2,116,116.0,0.0,-0.16472989110912956,0.0035324873138160864,-0.1691901852796377,-0.15835174998540466,0.010838435294233034,-0.17053726433291017,-0.1569360541795617,0.013601210153348475,0.26922890923635606,0.006663104571709294,0.008078800377552264,nan,nan
522,353,148804,forward,eps,km^2/s^2,243,243.0,0.0,-0.134206100110993,0.0036302748101928817,-0.14054686334235997,-0.128747061764748,0.011799801577611957,-0.1425175087948315,-0.12823922121319098,0.014278287581640514,-0.16581154530374545,0.006654099850205463,0.007338234589277071,nan,nan
522,354,146416,forward,eps,km^2/s^2,172,172.0,0.0,-0.14875220913413117,0.004242441955483352,-0.1554720774207878,-0.14205326960604933,0.013418807814738476,-0.15750604748476027,-0.14083047923398018,0.016675568250780093,-0.042510901398109174,0.007443951439374389,0.008899491333496545,nan,nan
522,355,149067,forward,eps,km^2/s^2,59,59.0,0.0,-0.15923861557270358,0.004142088396114235,-0.1651031218355236,-0.15241079776739816,0.012692324068125427,-0.166065004767728,-0.1504885973224087,0.015576407445319296,0.20373079680088424,0.0074213716734735195,0.007890557085394767,nan,nan
522,356,149070,forward,eps,km^2/s^2,74,74.0,0.0,-0.1691402989034556,0.003001514219648782,-0.17309304443126453,-0.16388884045390076,0.009204203977363767,-0.17463459692983796,-0.16383944398348804,0.010795152946349917,0.20759425580547816,0.005238065844206191,0.00553731796473933,nan,nan
522,357,148363,forward,eps,km^2/s^2,60,60.0,0.0,-0.9239378103945282,0.0009578024117954366,-0.925282504099218,-0.922317752271401,0.0029647518278169693,-0.925289119497092,-0.9219465064435282,0.00334261305356387,0.2973727485825178,0.0018178871585851075,0.0018245025564591622,nan,nan
522,358,149113,forward,eps,km^2/s^2,136,136.0,0.0,-0.11325278732072402,0.003187454784947753,-0.11732841196471944,-0.10766492129611199,0.009663490668607444,-0.11938580928828735,-0.1059309617613794,0.013454847526907954,0.11931711812775107,0.005988571899946532,0.007308712330109324,nan,nan
522,359,155018,forward,eps,km^2/s^2,417,417.0,0.0,-0.09354070774211543,0.004911871449243895,-0.10237874227534305,-0.08671678187066223,0.01566196040468082,-0.10590211397463123,-0.08521476642546633,0.020687347549164903,-0.24823693464783286,0.009214252802888456,0.012737624502176637,nan,nan
522,360,149179,forward,eps,km^2/s^2,55,55.0,0.0,-0.20852321940800123,0.0017120341713376716,-0.20970490662181157,-0.20479779308376636,0.00490711353804521,-0.20982455147935297,-0.20396344169716085,0.00586110978219212,0.8997019896885298,0.003279633937776826,0.004113985324382341,nan,nan
522,361,150562,forward,eps,km^2/s^2,184,184.0,0.0,-0.1710599451914704,0.0021176647489240946,-0.1734668993950856,-0.1664540831882573,0.0070128162068283095,-0.17394589095147117,-0.16404780589100676,0.009898085060464412,0.9792871887201926,0.005046092706305815,0.007452370003556363,nan,nan
522,362,149387,forward,eps,km^2/s^2,114,114.0,0.0,-0.15882432006539898,0.003313842268355227,-0.1640862726376092,-0.15348413480893985,0.010602137828669339,-0.16560424494423465,-0.15172598944043447,0.013878255503800174,0.06897652349352351,0.006238867325205005,0.0075699417544778935,nan,nan
522,363,151230,forward,eps,km^2/s^2,92,92.0,0.0,-0.1348778666305543,0.0057862614732442,-0.14427708959710397,-0.12669047697031882,0.017586612626785153,-0.14504022319184195,-0.12508506118147134,0.01995516201037062,-0.08044679759702744,0.00967407846152445,0.010313775624584798,nan,nan
522,364,151767,forward,eps,km^2/s^2,121,121.0,0.0,-0.12265385850310251,0.0027948193401359568,-0.1266216466054233,-0.11709055456369388,0.009531092041729416,-0.126943035030176,-0.1170129504485613,0.009930084581614707,0.04426113106644025,0.0056112315658760625,0.0056888356810086416,nan,nan
522,365,155628,forward,eps,km^2/s^2,496,496.0,0.0,-0.08390178681763921,0.007276935730063732,-0.10223542278064157,-0.07881724901992027,0.023418173760721306,-0.10599299840708665,-0.07736589910607305,0.028627099301013592,-1.0583351800758705,0.018286893097143597,0.022044468723588673,nan,nan
522,366,153030,forward,eps,km^2/s^2,50,50.0,0.0,-0.12014241958038918,0.0038881967108874787,-0.12701243125429187,-0.11508007421160184,0.011932357042690037,-0.1277881901124417,-0.11471168163636891,0.013076508476072779,-0.21209591277564216,0.00695744172663052,0.007733200584780331,nan,nan
522,367,157373,forward,eps,km^2/s^2,451,451.0,0.0,-0.08190899504962024,0.0028085852526413325,-0.08715198715720329,-0.07827138784351184,0.00888059931369145,-0.08902291652523575,-0.07770718377994523,0.011315732745290519,-0.33680699249766516,0.005424970432089338,0.007295899800121797,nan,nan
522,368,155082,forward,eps,km^2/s^2,53,53.0,0.0,-0.15496531123620005,0.0047126033875515404,-0.1617411163973083,-0.14756136754922639,0.014179748848081902,-0.16216113595546944,-0.14583182645289638,0.016329309502573053,0.10097659650914217,0.0076644738505455366,0.009394014946875529,nan,nan
522,369,154665,forward,eps,km^2/s^2,57,57.0,0.0,-0.15679274237668483,0.003928427355265313,-0.16359148867097267,-0.1517743713615845,0.01181711730938817,-0.16379454081656075,-0.1512452348952188,0.012549305921341958,-0.07773813780152727,0.006798746294287849,0.007001798439875917,nan,nan
522,370,155284,forward,eps,km^2/s^2,230,230.0,0.0,-0.14057074830049082,0.0052136955939644115,-0.1484617809964379,-0.13161043963108232,0.01685134136535557,-0.15003636457717429,-0.13153500233369742,0.01850136224347687,0.10993218752983897,0.009270517376273256,0.009345954673658174,nan,nan
522,371,153800,forward,eps,km^2/s^2,92,92.0,0.0,-0.1681135292412475,0.0020503774905140247,-0.16974651843506824,-0.16332845954573288,0.00641805888933536,-0.1700652601355631,-0.16242280455777525,0.0076424555777878656,0.8532112777827955,0.004761387743272461,0.0056670427312300875,nan,nan
522,372,155671,forward,eps,km^2/s^2,52,52.0,0.0,-0.13780737251345082,0.0052020094858883,-0.14635611838154997,-0.1299677339325358,0.016388384449014165,-0.14775431757882984,-0.12865667961163008,0.019097637967199765,-0.04023957571334312,0.008940672242137142,0.010031235127461291,nan,nan
522,373,155862,forward,eps,km^2/s^2,201,201.0,0.0,-0.15263697158398182,0.0036765447901307606,-0.15914448645751067,-0.1470252894295374,0.01211919702797326,-0.16090038545399543,-0.14512032218152415,0.01578006327247128,-0.09079688414349538,0.007251827050496873,0.00816134182912931,nan,nan
522,374,157353,forward,eps,km^2/s^2,345,345.0,0.0,-0.10595315893093693,0.004445125196472791,-0.1133012856946806,-0.09818163376909059,0.01511965192559002,-0.11548169244551254,-0.09572598357496054,0.019755708870552002,0.05202701439171224,0.00819135884570612,0.010137823846909755,nan,nan
522,375,155412,forward,eps,km^2/s^2,52,52.0,0.0,-0.9604503231556176,0.0004504069119522508,-0.9610677037525,-0.9596498882282971,0.0014178155242028367,-0.9612221332695071,-0.9595717683633653,0.001650364906141788,0.3426113858348746,0.0007699079599110756,0.0009243374769182244,nan,nan
522,376,157023,forward,eps,km^2/s^2,98,98.0,0.0,-0.16613362816039878,0.0017565790537395307,-0.1677563571182202,-0.16201110089832518,0.005745256219895023,-0.16808972545946832,-0.16111553118272715,0.006974194276741175,0.9350081388738731,0.004741337927923843,0.005636907643521871,nan,nan
522,377,156665,forward,eps,km^2/s^2,55,55.0,0.0,-0.8408307781921247,0.0016580409313973557,-0.8433792131548413,-0.8383218911022068,0.005057322052634539,-0.8437455977416914,-0.8380624358023844,0.005683161939307069,-0.02822115850800631,0.0026807508845263063,0.0029148195495667384,nan,nan
522,378,160543,forward,eps,km^2/s^2,182,182.0,0.0,-0.12661860209456094,0.0023385546938496675,-0.1299086833556528,-0.12229409595685302,0.007614587398799791,-0.1300253877713029,-0.1219934619711881,0.008031925800114803,0.23177650690534393,0.004244180029655583,0.004537529279942776,nan,nan
522,379,158469,forward,eps,km^2/s^2,80,80.0,0.0,-0.1651774728364751,0.0027505070701417627,-0.1691863405809238,-0.16028903033441405,0.008897310246509749,-0.16980448099367873,-0.1592603655554773,0.01054411543820144,0.18126982257343427,0.0051205898403306575,0.005738730253085578,nan,nan
522,380,162289,forward,eps,km^2/s^2,359,359.0,0.0,-0.11746087932192006,0.0035614687556868615,-0.12274569371685959,-0.1109346905595925,0.011811003157267089,-0.12457737601571606,-0.10828007200698753,0.01629730400872853,0.23909559010489634,0.006290683613454159,0.008627930176608567,nan,nan
522,381,160886,forward,eps,km^2/s^2,323,323.0,0.0,-0.09079147532553877,0.00896868033879172,-0.10566951083892957,-0.07767169409256985,0.02799781674635972,-0.10908662178905848,-0.07672447444068442,0.03236214734837406,-0.1077562402775273,0.016434475095511502,0.019851586045640413,nan,nan
522,382,158191,forward,eps,km^2/s^2,103,103.0,0.0,-0.16374632622199115,0.00198587052448242,-0.1655827874487095,-0.1591477352277444,0.006435052220965104,-0.16584496902793,-0.1583108722882468,0.007534096739683194,0.8155510843685154,0.00479682565176631,0.005633688591263897,nan,nan
522,383,158857,forward,eps,km^2/s^2,73,73.0,0.0,-0.12214089585768872,0.0056930501298308065,-0.13179878634787323,-0.11414277496006223,0.017656011387811005,-0.13318351310884013,-0.11316361945882514,0.020019893650014997,-0.1496882239295194,0.010165099414194181,0.011549826175161093,nan,nan
522,384,160213,forward,eps,km^2/s^2,66,66.0,0.0,-0.15380438565903343,0.0045849563408534655,-0.1595427803705124,-0.14565143320296786,0.013891347167544532,-0.15998322924961317,-0.14485174067546314,0.015131488574150032,0.2692486521534962,0.009604883678979437,0.010404576206484162,nan,nan
522,385,161388,forward,eps,km^2/s^2,112,112.0,0.0,-0.1611277176982573,0.0018715592287695424,-0.16331342699563112,-0.15729496573955878,0.006018461256072333,-0.16375093913519823,-0.1558113605768131,0.007939578558385119,0.7067824165184705,0.004456473877725113,0.00594007904047078,nan,nan
522,386,160244,forward,eps,km^2/s^2,73,73.0,0.0,-0.14162511755461693,0.00303140927934728,-0.14771292188337873,-0.13809297980974247,0.009619942073636256,-0.14929620234554175,-0.1365731917132217,0.012723010632320064,-0.3247579925047128,0.006206664543758089,0.007789945005921117,nan,nan
522,387,163792,forward,eps,km^2/s^2,55,55.0,0.0,-0.14268898758164206,0.0049244837807357646,-0.15147642502453665,-0.13653802583915148,0.01493839918538517,-0.15337741996261456,-0.13510567620773628,0.018271743754878278,-0.29555588734394916,0.008620959459430188,0.009804547687615406,nan,nan
522,388,163416,forward,eps,km^2/s^2,115,115.0,0.0,-0.15795268988439637,0.001987964761703258,-0.16027944192154184,-0.15378887811540196,0.006490563806139882,-0.16072460349658657,-0.15201325124471998,0.008711352251866589,0.6277417373730478,0.004544156409914601,0.006319783280596569,nan,nan
522,389,166897,forward,eps,km^2/s^2,372,372.0,0.0,-0.09775900808610283,0.0033625978080260863,-0.10241246034398976,-0.09180231941994133,0.010610140924048439,-0.10374100837119526,-0.0897953305906587,0.01394567778053657,0.17484294215836274,0.005936905699766897,0.007457013589089012,nan,nan
522,390,165416,forward,eps,km^2/s^2,118,118.0,0.0,-0.16189753490303915,0.0026632908067129096,-0.16564476043254378,-0.15711062726588504,0.008534133166658742,-0.16689045975216465,-0.15588199063152142,0.011008469120643238,0.20632167758455022,0.004802966594981304,0.00553236029863613,nan,nan
522,391,167159,forward,eps,km^2/s^2,185,185.0,0.0,-0.12983592188003468,0.0034453942960850957,-0.1364125804827687,-0.1252392149780601,0.011173365504708599,-0.1380297934846496,-0.12377113225596892,0.014258661228680691,-0.31456781893966396,0.006614090117625792,0.008231303119506705,nan,nan
522,392,165194,forward,eps,km^2/s^2,220,220.0,0.0,-0.08249715433652788,0.002269279762838838,-0.08649831182064957,-0.07935996657615452,0.0071383452444950535,-0.08777347281540326,-0.0781216096053372,0.009651863210066058,-0.18422189125004712,0.004036900908127155,0.005164122288680795,nan,nan
522,393,164102,forward,eps,km^2/s^2,51,51.0,0.0,-0.1514876781974207,0.00554032388624092,-0.1609869493085445,-0.1460001829575054,0.014986766351039127,-0.16125197312300021,-0.14497417517005873,0.016277797952941486,-0.21831926829464773,0.00998293055288979,0.01100893834033645,nan,nan
522,394,163422,forward,eps,km^2/s^2,139,139.0,0.0,-0.15208031542363176,0.0029301774649240467,-0.1555967160061812,-0.14586763445594994,0.00972908155023125,-0.15651207013406043,-0.14418884959802658,0.012323220536033852,0.5839387900182946,0.005306050254964345,0.006820468616440589,nan,nan
522,395,166292,forward,eps,km^2/s^2,170,170.0,0.0,-0.1478222197245735,0.0030836191384982538,-0.1516705813500072,-0.14205532293901466,0.009615258410992533,-0.15272238931702242,-0.1394339328517057,0.013288456465316734,0.4206953158940844,0.0053209523734158454,0.007663030163381879,nan,nan
522,396,167769,forward,eps,km^2/s^2,244,244.0,0.0,-0.07704752905358447,0.001186654687789634,-0.07939132802003578,-0.07557966860656284,0.0038116594134729315,-0.08117292074702509,-0.07518136043758883,0.005991560309436261,-0.7682275591577314,0.0025766067555871132,0.00435819948257643,nan,nan
522,397,165693,forward,eps,km^2/s^2,66,66.0,0.0,-0.14798031644452458,0.004774692744649941,-0.15504544741398538,-0.13996793619747672,0.01507751121650866,-0.1560393857037533,-0.13845973864764094,0.01757964705611237,0.09536028310511101,0.008646167148705336,0.009640105438473268,nan,nan
522,398,169702,forward,eps,km^2/s^2,428,428.0,0.0,-0.1406747222304674,0.003874117562575961,-0.1472840747390792,-0.13424716716186175,0.013036907577217455,-0.14945400345020843,-0.1326407403918769,0.01681326305833153,-0.01146086263939571,0.008152407283120234,0.010322335994249476,nan,nan
522,399,171413,forward,eps,km^2/s^2,186,186.0,0.0,-0.10609700527088056,0.001888797523178491,-0.10926290019929705,-0.10338301076657241,0.005879889432724633,-0.11021826565364001,-0.10291599319092637,0.007302272462713644,-0.2416252451193304,0.0032314921872911573,0.0037902480765531488,nan,nan
522,400,170610,forward,eps,km^2/s^2,444,444.0,0.0,-0.07897748242497477,0.008177767907568715,-0.09721408461906428,-0.07152904564875982,0.025685038970304455,-0.10218643595350752,-0.07063927773895451,0.031547158214553006,-0.7179408995190506,0.018028356083383205,0.02300070741782645,nan,nan
522,401,168550,forward,eps,km^2/s^2,110,110.0,0.0,-0.15825747329368545,0.002222441387046233,-0.16178391175722798,-0.1546020236377391,0.007181888119488888,-0.16279142869477947,-0.15337636120561515,0.00941506748916432,0.06763075189373499,0.004086898276546952,0.0049628467922882,nan,nan
522,402,172824,forward,eps,km^2/s^2,420,420.0,0.0,-0.08979469761298325,0.0033197884998865837,-0.09506221850908583,-0.08419760292669803,0.010864615582387799,-0.09668576761772796,-0.0821569666416,0.014528800976127965,0.09127013085543073,0.0061341016610966005,0.008072318837885506,nan,nan
522,403,168840,forward,eps,km^2/s^2,79,79.0,0.0,-0.155779650702064,0.001123258560364163,-0.1573053676409129,-0.15381103182888162,0.0034943358120312906,-0.15760787835877188,-0.152972602501512,0.0046352758572598685,0.25038200468227195,0.0020167136274477633,0.002855142954817369,nan,nan
522,404,170240,forward,eps,km^2/s^2,95,95.0,0.0,-0.1526196695069142,0.002847669766611502,-0.15707301614758853,-0.14793024389211015,0.009142772255478382,-0.15880612658525706,-0.146059113873225,0.012747012712032046,0.022950990171004625,0.005475236017034723,0.00697633571600631,nan,nan
522,405,171408,forward,eps,km^2/s^2,196,196.0,0.0,-0.11340446654259007,0.0031782236923770897,-0.1192214215788088,-0.10896666746902087,0.010254754109787934,-0.12062554046485996,-0.10835593060618676,0.012269609858673203,-0.374941507449963,0.005663072663741026,0.0070671915497921844,nan,nan
522,406,172002,forward,eps,km^2/s^2,261,261.0,0.0,-0.07463058162035496,0.0014436064136691912,-0.07733493908984512,-0.07252142853304122,0.004813510556803902,-0.08014710856745433,-0.07193469179122436,0.00821241677622997,-0.6830626735718637,0.0033954227068797582,0.006207592184488964,nan,nan
522,407,171464,forward,eps,km^2/s^2,129,129.0,0.0,-0.11398052376706291,0.006344853355837621,-0.12279721515397872,-0.10193213435779824,0.020865080796180477,-0.12461496839499164,-0.10003000617695268,0.024584962218038964,0.4093973166652762,0.012943508169468872,0.01484563635031444,nan,nan
522,408,171959,forward,eps,km^2/s^2,94,94.0,0.0,-0.12364091008633687,0.0016178335622825145,-0.12672742669225012,-0.12160601447466211,0.005121412217588009,-0.12784616022649553,-0.12114167566701461,0.006704484559480917,-0.5700236858657617,0.003291414216223259,0.004410147750468663,nan,nan
522,409,175375,forward,eps,km^2/s^2,52,52.0,0.0,-0.16955111434002357,0.004460406043755751,-0.17482441055833067,-0.16180522575574516,0.013019184802585515,-0.17662032660202331,-0.16153711593755782,0.015083210664465496,0.2724458862041941,0.00792492399602775,0.0081930338142151,nan,nan
522,410,172474,forward,eps,km^2/s^2,52,52.0,0.0,-0.11837186622185114,0.004446849094272135,-0.12573399202962116,-0.11100088319152157,0.014733108838099584,-0.12709205957017733,-0.10951979414313318,0.017572265427044154,-0.03129379797926742,0.00809890781048661,0.009534135098271945,nan,nan
522,411,172756,forward,eps,km^2/s^2,62,62.0,0.0,-0.12933539847419973,0.004189023548046718,-0.13638139579218958,-0.12268134732498126,0.01370004846720832,-0.1379671985877161,-0.12003106144719722,0.017936137140518893,-0.016411580540284763,0.008040768060884246,0.00906960829661918,nan,nan
522,412,175360,forward,eps,km^2/s^2,52,52.0,0.0,-0.1693729658966483,0.0033363595710765074,-0.17559678139380736,-0.16397749925263022,0.011619282141177134,-0.17664387440460216,-0.1632331342571559,0.013410740147446254,-0.052246157273608394,0.0069472509708742945,0.007691615966348597,nan,nan
522,413,172760,forward,eps,km^2/s^2,58,58.0,0.0,-0.14320591103908548,0.003936030054988067,-0.14845778430067985,-0.13637282007012871,0.012084964230551137,-0.14988152157238532,-0.13432720195920256,0.015554319613182765,0.2615966012201847,0.00689828141393945,0.008345498485355374,nan,nan
522,414,173885,forward,eps,km^2/s^2,192,192.0,0.0,-0.1509953715399882,0.002888053626533166,-0.15422526473246753,-0.14486340274843515,0.009361861984032382,-0.15641396859189705,-0.14341025501718996,0.013003713574707088,0.600870924807769,0.0058536880725884284,0.007306835803833622,nan,nan
522,415,177199,forward,eps,km^2/s^2,423,423.0,0.0,-0.1324982683404885,0.003655996667539849,-0.13879088636887885,-0.1267995031690993,0.011991383199779548,-0.14103590736262728,-0.12451869388420256,0.01651721347842472,-0.09352430136782451,0.007020737330472504,0.008920333119287749,nan,nan
522,416,176447,forward,eps,km^2/s^2,246,246.0,0.0,-0.09346667072613457,0.008397047298204195,-0.10753871554881422,-0.07971760166213343,0.027821113886680793,-0.10944072139497618,-0.07573366413725002,0.03370705725772616,0.0020219915145411518,0.01491745047191978,0.017511191455274022,nan,nan
522,417,177568,forward,eps,km^2/s^2,71,71.0,0.0,-0.12339991110059101,0.005955217901639961,-0.13252167155215427,-0.11507107201112432,0.017450599541029954,-0.13381582370414147,-0.11421172535720403,0.019604098346937437,-0.05324251316000709,0.009176550174629317,0.009856060758369978,nan,nan
522,418,174614,forward,eps,km^2/s^2,50,50.0,0.0,-0.9109113770899825,0.0010505146588053287,-0.9126740590877203,-0.909311595289856,0.0033624637978643124,-0.9131241528754405,-0.9087357902019291,0.004388362673511392,0.0019287699573597758,0.0019468923273084412,0.0025080373555697033,nan,nan
522,419,179406,forward,eps,km^2/s^2,409,409.0,0.0,-0.08300309840503739,0.0027868643970801583,-0.0886538703297439,-0.07973140616755196,0.008922464162191932,-0.09079804696809024,-0.07880782914912066,0.011990217818969584,-0.5237898240558662,0.005377051095344119,0.007521227733690461,nan,nan
522,420,174982,forward,eps,km^2/s^2,54,54.0,0.0,-0.1467642918101803,0.002133173378987299,-0.1506657560540396,-0.14415919006090708,0.006506565993132513,-0.15143172425983364,-0.14353904502680204,0.007892679233031608,-0.3801387463902399,0.0036691729415141696,0.0042862264668145356,nan,nan
522,421,182350,forward,eps,km^2/s^2,587,587.0,0.0,-0.07475015731244716,0.002720336201685815,-0.07917054106983154,-0.07076419320552739,0.00840634786430415,-0.0803244970703978,-0.07014883276520234,0.010175664305195453,-0.10057532698873917,0.004529744076307871,0.005683700076874132,nan,nan
522,422,176167,forward,eps,km^2/s^2,135,135.0,0.0,-0.0780655156632023,0.0044337734711832845,-0.08651684492333059,-0.07275155008822629,0.013765294835104303,-0.08954608032268108,-0.0716522750713503,0.017893805251330774,-0.4418551723642611,0.009046320751570447,0.01207555615092093,nan,nan
522,423,176090,forward,eps,km^2/s^2,102,102.0,0.0,-0.14602511599741946,0.001881313222742563,-0.14890685833270642,-0.14287850734539168,0.006028350987314746,-0.1493309607947958,-0.1420510393496669,0.007279921445128901,0.12455860658979366,0.0032411143651543623,0.004037373592329585,nan,nan
522,424,178568,forward,eps,km^2/s^2,197,197.0,0.0,-0.116240957408562,0.0028206242934045622,-0.12089233360093317,-0.11204646698547378,0.008845866615459386,-0.12168598930015084,-0.11071931019044845,0.010966679109702393,-0.06951799845522942,0.004758989282277603,0.005734032576870884,nan,nan
522,425,181270,forward,eps,km^2/s^2,291,291.0,0.0,-0.0973976569324988,0.0026412152236022484,-0.1011860755067347,-0.09275158161159969,0.008434493895135009,-0.1020519643915958,-0.09108009603191158,0.010971868359684223,0.2298216609726209,0.004748657624065233,0.00603189525837966,nan,nan
522,426,177717,forward,eps,km^2/s^2,87,87.0,0.0,-0.1374904154674027,0.003242133224026814,-0.14285568023899756,-0.13295074659529016,0.009904933643707398,-0.1436844028258819,-0.1320611481395073,0.011623254686374596,-0.08472669292739028,0.0054713222192614985,0.005995672131262064,nan,nan
522,427,177980,forward,eps,km^2/s^2,50,50.0,0.0,-0.11249294646347135,0.004366077907767605,-0.12050335716515216,-0.10644973990701208,0.014053617258140083,-0.12278216293125643,-0.10509440077512588,0.01768776215613055,-0.3680853771722776,0.008261129235393247,0.010539935001497525,nan,nan
522,428,180183,forward,eps,km^2/s^2,138,138.0,0.0,-0.12231196139517342,0.0021814140101377617,-0.12596601730424895,-0.11873410736415303,0.0072319099400959125,-0.12702930701268078,-0.11782450185717741,0.00920480515550337,0.021765016419738333,0.0040155029867127885,0.004757075695250412,nan,nan
522,429,180996,forward,eps,km^2/s^2,251,251.0,0.0,-0.10650335114546294,0.003042174663930397,-0.11137394439298609,-0.10192534337853615,0.009448601014449942,-0.11292943162321256,-0.10121728982549394,0.011712141797718623,-0.09325779066522685,0.005050636964462674,0.006362901111379826,nan,nan
522,430,180156,forward,eps,km^2/s^2,133,133.0,0.0,-0.13763452432385903,0.003984755487714154,-0.14321675921274876,-0.1310462635225146,0.012170495690234151,-0.1438089017861386,-0.12980237268372852,0.01400652910241007,0.1527986892818936,0.0065777673692342985,0.007821658208020388,nan,nan
522,431,180831,forward,eps,km^2/s^2,56,56.0,0.0,-0.9527239543232309,0.0008279196820731543,-0.953809017361867,-0.951204112007003,0.0026049053548639067,-0.9541273630704571,-0.9511225373928117,0.003004825677645373,0.207923153910191,0.0014754556464676438,0.0015570302606590092,nan,nan
522,432,182115,forward,eps,km^2/s^2,80,80.0,0.0,-0.13206212298913533,0.005635840363270987,-0.1412232250882974,-0.12339322870185437,0.01782999638644303,-0.1430380147677709,-0.12273879938878629,0.020299215378984603,-0.12116613441708864,0.009501100804791007,0.010381648022886325,nan,nan
522,433,181764,forward,eps,km^2/s^2,198,198.0,0.0,-0.13453036540681618,0.004445906994089575,-0.14163895465578133,-0.12761203624864448,0.014026918407136851,-0.14288062711822813,-0.12606241384018235,0.01681821327804578,-0.030482448994143072,0.007489273024301202,0.008615663886466174,nan,nan
522,434,184724,forward,eps,km^2/s^2,304,304.0,0.0,-0.06938538562507235,0.001313452391863459,-0.07163585287820831,-0.06729576044782445,0.004340092430383857,-0.07328184662107173,-0.06657289663078636,0.006708949990285373,-0.28977100868625716,0.0026237847237106354,0.004269778466574059,nan,nan
522,435,187065,forward,eps,km^2/s^2,189,189.0,0.0,-0.11008629466901454,0.0062694724034923245,-0.12011599928360606,-0.10091562034802774,0.019200378935578313,-0.121996659369488,-0.09961801629085432,0.022378643078633687,-0.07303099865868315,0.010352395924878133,0.01223305601076008,nan,nan
522,436,188067,forward,eps,km^2/s^2,561,561.0,0.0,-0.07029190610100178,0.004176731384027215,-0.07928869473443889,-0.06610107846164825,0.013187616272790637,-0.08607682110487458,-0.06486942452648492,0.02120739657838966,-0.9201433540031965,0.009794235439654742,0.01658236181009043,nan,nan
522,437,189830,forward,eps,km^2/s^2,342,342.0,0.0,-0.08754553552787853,0.007655412541628224,-0.0998978450123969,-0.0760543256836044,0.0238435193287925,-0.10629135837465942,-0.07311075104415987,0.033180607330499545,-0.12189732083075284,0.014613900050071519,0.02100741341233403,nan,nan
522,438,183098,forward,eps,km^2/s^2,71,71.0,0.0,-0.12593684214577117,0.0015408412887854184,-0.12845369445302668,-0.1235101496733893,0.004943544779637377,-0.12921870877040698,-0.12303489058160222,0.006183818188804757,-0.051302620750176615,0.0027545169391419155,0.0034461405030769,nan,nan
522,439,184903,forward,eps,km^2/s^2,54,54.0,0.0,-0.09345416306160481,0.0039493088888253826,-0.09962536910012211,-0.08749476574570894,0.01213060335441317,-0.10160545942810717,-0.08607543750417068,0.015530021923936488,-0.07070215755495615,0.007176487938947859,0.00798277660870983,nan,nan
522,440,184387,forward,eps,km^2/s^2,57,57.0,0.0,-0.11571250538503097,0.003028911220317619,-0.12087964969439983,-0.11119436360286461,0.009685286091535225,-0.12231609899620566,-0.11000623731382086,0.012309861682384793,-0.11952540689829023,0.0055183917264461915,0.006552035471904638,nan,nan
522,441,184939,forward,eps,km^2/s^2,102,102.0,0.0,-0.11676270368301628,0.0016365597349842196,-0.11941541374108486,-0.11424141209851894,0.005174001642565915,-0.1203358096028122,-0.11360998256549693,0.0067258270373152795,-0.09917909362990739,0.0029938913547799314,0.003582112672490978,nan,nan
522,442,196566,forward,eps,km^2/s^2,50,50.0,0.0,-0.19652939672194758,0.0021562386905577503,-0.20042467215075335,-0.19309822322297907,0.007326448927774287,-0.2012143849217276,-0.19273417383333769,0.008480211088389922,-0.1728889479461531,0.004089916180667523,0.004616780957338196,nan,nan
522,443,189602,forward,eps,km^2/s^2,50,50.0,0.0,-0.18379559735618906,0.003590461305530425,-0.18872789286949118,-0.17715086434610314,0.011577028523388044,-0.18953321106832877,-0.1764786268370726,0.013054584231256161,0.18429349817112195,0.007087292634914843,0.00775953014394537,nan,nan
522,444,185571,forward,eps,km^2/s^2,51,51.0,0.0,-0.9509140039457757,0.0006818495322009954,-0.9520327434897781,-0.9498576238296907,0.0021751196600873213,-0.952279056215118,-0.9495953948783971,0.0026836613367209328,-0.014233429936923565,0.001245569443607486,0.0014474105714767926,nan,nan
522,445,189295,forward,eps,km^2/s^2,257,257.0,0.0,-0.08702031499925078,0.003467347852253669,-0.09263975481759187,-0.08141662742244897,0.011223127395142904,-0.09400446139159413,-0.08041337196783749,0.013591089423756642,-0.013712820831134285,0.006017114900574172,0.006984146392343349,nan,nan
522,446,191075,forward,eps,km^2/s^2,73,73.0,0.0,-0.14525669297198085,0.00439478722082767,-0.15259709729248616,-0.13920122409939356,0.0133958731930926,-0.1554773620813017,-0.1383472746440222,0.017130087437279506,-0.11904240741363757,0.008595235186324657,0.011475499975140191,nan,nan
522,447,189855,forward,eps,km^2/s^2,56,56.0,0.0,-0.12678036086899025,0.004269649358462116,-0.13336531823414424,-0.12113984310618109,0.012225475127963153,-0.13384134924072322,-0.1205404594149021,0.013300889825821116,-0.11835264846863568,0.006423723620570809,0.006662325014864412,nan,nan
522,448,191827,forward,eps,km^2/s^2,62,62.0,0.0,-0.15540087076300063,0.0044363684543192155,-0.16214190855237226,-0.14903029384182753,0.013111614710544728,-0.16354981943079983,-0.1487251190725709,0.014824700358228915,-0.012206580099323149,0.0070569158558268395,0.007765227057410673,nan,nan
522,449,187258,forward,eps,km^2/s^2,117,117.0,0.0,-0.11116780280498095,0.0017669411793166019,-0.11407073642220071,-0.10846983743199345,0.0056008989902072565,-0.11482964501438297,-0.10785912224824878,0.006970522766134191,-0.07882583605067726,0.0030662414090169227,0.003716944807864331,nan,nan
522,450,188633,forward,eps,km^2/s^2,51,51.0,0.0,-0.9480985872642275,0.0006166078782903768,-0.9490352160051795,-0.9471119327960698,0.0019232832091097274,-0.949061552130873,-0.9468443277025425,0.0022172244283305,0.13519355181352033,0.0010871659978695103,0.0011187280536657518,nan,nan
522,451,186222,forward,eps,km^2/s^2,117,117.0,0.0,-0.12159165644384662,0.0033360786071581472,-0.12647942506360477,-0.1160768299712633,0.010402595092341468,-0.12757563505183278,-0.11518359634107789,0.012392038710754893,0.06475587307663268,0.005477740657101537,0.006317599442523414,nan,nan
522,452,189839,forward,eps,km^2/s^2,53,53.0,0.0,-0.15879623796274778,0.00419732877494481,-0.1662161332430573,-0.15286389175097354,0.013352241492083777,-0.16722226877489266,-0.15200953078290502,0.015212737991987635,-0.06611225526635406,0.008173702103388324,0.009179837635223675,nan,nan
522,453,191830,forward,eps,km^2/s^2,77,77.0,0.0,-0.10965421226027772,0.0012780169591771393,-0.11276898684887571,-0.10867692756616236,0.004092059282713348,-0.11358364258847442,-0.10854011642772454,0.005043526160749878,-1.055356714623307,0.003179080561229397,0.00399373630082811,nan,nan
522,454,187683,forward,eps,km^2/s^2,56,56.0,0.0,-0.8613873430923393,0.0018048466570575222,-0.8646682318951051,-0.8588522002348803,0.0058160316602248185,-0.8652796132878715,-0.8586633893185432,0.006616223969328261,-0.2545520198921206,0.0030275599503543915,0.0036261764938110286,nan,nan
522,455,186729,forward,eps,km^2/s^2,65,65.0,0.0,-0.11858278377483311,0.0026951225394963156,-0.12384880871644102,-0.11515493239367851,0.008693876322762514,-0.12540235614101036,-0.11489608150042419,0.010506274640586177,-0.4375675366269799,0.005266024941607904,0.006819572366177251,nan,nan
522,456,187011,forward,eps,km^2/s^2,75,75.0,0.0,-0.10487111238521452,0.0016403491852519426,-0.1075532286212377,-0.10243732966169258,0.005115898959545118,-0.10811985285786885,-0.10220797812592475,0.0059118747319441,-0.10510143758162904,0.0027314393341971166,0.0030644906977360664,nan,nan
522,457,187990,forward,eps,km^2/s^2,64,64.0,0.0,-0.09880029770900045,0.003949455300079113,-0.10506791836009627,-0.09243912192647516,0.012628796433621109,-0.10666930144995257,-0.09081167994307526,0.015857621506877306,-0.001227654622319953,0.007131985920045097,0.00862457471119471,nan,nan
522,458,189387,forward,eps,km^2/s^2,52,52.0,0.0,-0.9448818594093796,0.0008316452251970998,-0.9462740988228193,-0.9436646821303317,0.0026094166924875983,-0.9465873396845004,-0.9431859903925016,0.0034013492919987565,-0.003642894195827234,0.001609385592045209,0.0020880773298752597,nan,nan
522,459,189783,forward,eps,km^2/s^2,146,146.0,0.0,-0.09832501275373084,0.0025632571436207223,-0.10224012588483372,-0.09435869807650624,0.007881427808327485,-0.10319975458390962,-0.09323792164954858,0.009961832934361037,0.07320771096897415,0.004280620160201171,0.005001879756423189,nan,nan
522,460,188251,forward,eps,km^2/s^2,67,67.0,0.0,-0.1108425035586833,0.0023010511592932875,-0.11450029933791475,-0.10740149423495485,0.007098805102959904,-0.11533197250129368,-0.10658855099736408,0.008743421503929594,-0.04618691888582782,0.0038151934244598394,0.004486413392836175,nan,nan
522,461,189266,forward,eps,km^2/s^2,101,101.0,0.0,-0.11006834882652916,0.0029786314837421156,-0.11492987741644611,-0.105656651452259,0.009273225964187115,-0.11522624387397318,-0.10464720432710628,0.010579039546866897,0.007904893563788254,0.00508870264686645,0.005354136282786359,nan,nan
522,462,192539,forward,eps,km^2/s^2,60,60.0,0.0,-0.12870222102784534,0.004919834342364852,-0.13699880831576017,-0.1222418708181795,0.014756937497580669,-0.13949452599716483,-0.12061616587445168,0.018878360122713156,-0.13477434498279126,0.008719597592482082,0.01121531527388675,nan,nan
522,463,194466,forward,eps,km^2/s^2,57,57.0,0.0,-0.20741701665087386,0.0015049723370684314,-0.2081080298058681,-0.2035799604323087,0.004528069373559401,-0.20820138975214364,-0.20274879795649858,0.0054525917956450565,1.396329337991817,0.0038370562185651804,0.004668218694375281,nan,nan
522,464,190255,forward,eps,km^2/s^2,58,58.0,0.0,-0.10285352578459755,0.002911695477984879,-0.10607226251507391,-0.09701430947623982,0.009057953038834096,-0.10654021135647729,-0.09488584112378673,0.011654370232690558,0.6270761236651091,0.00562680228112286,0.00775527063357595,nan,nan
522,465,192262,forward,eps,km^2/s^2,205,205.0,0.0,-0.07524760557232113,0.002776355862137337,-0.0796447977262927,-0.07118629690343396,0.008458500822858733,-0.08035280487906848,-0.07036274563930944,0.009990059239759042,-0.03170583956357901,0.004541092084532482,0.005071517595108599,nan,nan
522,466,191270,forward,eps,km^2/s^2,77,77.0,0.0,-0.09097676462454618,0.0016679529833560404,-0.09359589167050053,-0.08835070769166971,0.0052451839788308224,-0.09405331063628175,-0.08787936748290559,0.00617394315337616,-0.042910981832265896,0.002977847528422717,0.003449187737186832,nan,nan
522,467,196418,forward,eps,km^2/s^2,71,71.0,0.0,-0.8811979761987234,0.0015913535186701925,-0.8835799456405322,-0.8787098446780637,0.004870100962468538,-0.8842868789155783,-0.8782473843520932,0.0060394945634851815,-0.06256923589495665,0.0026884224702733994,0.0030889027168549132,nan,nan
522,468,191010,forward,eps,km^2/s^2,60,60.0,0.0,-0.10160712391032534,0.0018554838001472694,-0.10440445692396846,-0.09859821459666258,0.00580624232730588,-0.10455384776463972,-0.0981601364316056,0.006393711333034124,0.05994639469625328,0.0030224731787389047,0.0033354522354174243,nan,nan
522,469,198513,forward,eps,km^2/s^2,53,53.0,0.0,-0.10756610863925531,0.001277463464237035,-0.109939004613714,-0.10594981353075435,0.003989191082959656,-0.11104368144229082,-0.10584820499792924,0.00519547644436158,-0.6508547350957203,0.0023842300004458736,0.0034889068290226977,nan,nan
522,470,191985,forward,eps,km^2/s^2,57,57.0,0.0,-0.09730602092791352,0.0024351023186191503,-0.10171695973052883,-0.09405460760291269,0.007662352127616137,-0.10316782969964833,-0.09357365154107267,0.009594178158575661,-0.4194190127380247,0.004884359284715399,0.006335229253834895,nan,nan
522,471,194660,forward,eps,km^2/s^2,199,199.0,0.0,-0.06748473025715618,0.001684277908659662,-0.07035877612137746,-0.06488870094591256,0.005470075175464897,-0.07095845760755481,-0.06405627617476484,0.006902181432789978,-0.06826052138493838,0.0030800190040826568,0.003667849368725551,nan,nan
522,472,194555,forward,eps,km^2/s^2,50,50.0,0.0,-0.8727623166294943,0.001127309537132072,-0.8741940103121503,-0.8709022997602192,0.003291710551931115,-0.874551530360445,-0.8702755170846892,0.0042760132757557745,0.3487734207682956,0.0019339171051750035,0.002237943552038657,nan,nan
522,473,192238,forward,eps,km^2/s^2,54,54.0,0.0,-0.0948954629848428,0.0020493600734958254,-0.09796825826682276,-0.09164040499472594,0.006327853272096826,-0.09854468674897399,-0.09078843099804568,0.007756255750928309,0.12744040387490788,0.0035247956239114683,0.004093698727331452,nan,nan
522,474,192946,forward,eps,km^2/s^2,52,52.0,0.0,-0.0845768476761522,0.002614965533616619,-0.08885926270522747,-0.08066060893016642,0.008198653775061043,-0.0904583414714758,-0.07920767873700629,0.011250662734469508,-0.00276458210315745,0.004781160526610311,0.006327860271387431,nan,nan
522,475,192952,forward,eps,km^2/s^2,74,74.0,0.0,-0.09043945578914214,0.0022146574060613886,-0.09351399407430816,-0.08644040724311092,0.007073586831197243,-0.09424962626491462,-0.0851169701902118,0.009132656074702816,0.3512466139072556,0.00400680053593651,0.005203135206923837,nan,nan
522,476,195837,forward,eps,km^2/s^2,172,172.0,0.0,-0.06446552592617033,0.0008765517334104015,-0.06577953635778876,-0.06306911544937736,0.002710420908411393,-0.06614618684459816,-0.062779332597379,0.0033668542472191643,0.031676708886498484,0.0016556792581964128,0.002022329745005824,nan,nan
522,477,193922,forward,eps,km^2/s^2,82,82.0,0.0,-0.08676676834125258,0.0026793581615775423,-0.09061582889171904,-0.08179884278925723,0.008816986102461816,-0.09174978962826308,-0.0804342414785586,0.01131554814970448,0.20996094040240607,0.005041406123440029,0.006406007434138661,nan,nan
522,478,194170,forward,eps,km^2/s^2,92,92.0,0.0,-0.08177874501892907,0.00211448766456109,-0.08584658195622963,-0.07914068369094104,0.006705898265288585,-0.08705641162272415,-0.07780416117248634,0.009252250450237809,-0.36681045334139145,0.003820730699516251,0.004716856074826858,nan,nan
522,479,195326,forward,eps,km^2/s^2,55,55.0,0.0,-0.0742704652286792,0.002343189161368849,-0.07787280413232409,-0.07050887959550547,0.007363924536818611,-0.07893819060411578,-0.0695812178033145,0.009356972800801278,-0.07082187484982762,0.004350296881657977,0.005415683353449663,nan,nan
522,480,198461,forward,eps,km^2/s^2,50,50.0,0.0,-0.8800953077018477,0.0011796187740135571,-0.8818758583474178,-0.8783423829733984,0.003533475374019379,-0.8822706395138163,-0.877696688946878,0.004573950566938323,0.0708304750076655,0.002107439497449231,0.002397431175573006,nan,nan
522,481,195098,forward,eps,km^2/s^2,62,62.0,0.0,-0.07910899721619319,0.002632501157310608,-0.08362009639439358,-0.07498031275521505,0.008639783639178528,-0.08473340268234408,-0.07410499610330701,0.010628406579037075,-0.08018026254474314,0.0048350087309245275,0.005342406290522739,nan,nan
522,482,195348,forward,eps,km^2/s^2,65,65.0,0.0,-0.07630383434345855,0.001612417593961008,-0.07891329946755248,-0.07378009383457859,0.0051332056329738834,-0.07938297564000452,-0.07291307130411973,0.006469904335884791,0.13648030366394695,0.00286827206789193,0.003306854159465189,nan,nan
522,483,202149,forward,eps,km^2/s^2,174,174.0,0.0,-0.870533663248124,0.0016810627298288864,-0.872604030919278,-0.8672446788170876,0.005359352102190407,-0.8730551992783955,-0.8659041585298113,0.007151040748584192,0.5993376027367505,0.0037176675106348808,0.005058187797911118,nan,nan
522,484,195821,forward,eps,km^2/s^2,65,65.0,0.0,-0.07140817414724732,0.0015850856330034853,-0.07409481503934752,-0.06911062061860271,0.004984194420744811,-0.0748655718004475,-0.06835886929530655,0.00650670250514096,-0.1520665813429145,0.002912983091420029,0.0034761138371948164,nan,nan
522,485,197171,forward,eps,km^2/s^2,62,62.0,0.0,-0.059911663300831364,0.0013142006187893546,-0.06310115325044495,-0.058951907430450846,0.004149245819994103,-0.06446469919587983,-0.05885393284037144,0.00561076635550839,-1.0768552832232443,0.0033524085394272974,0.004715954484862173,nan,nan
522,486,198568,forward,eps,km^2/s^2,283,283.0,0.0,-0.06833021016200247,0.005177322941156079,-0.07928771638720827,-0.06363242557046264,0.01565529081674563,-0.08717815796563022,-0.062489644281768286,0.024688513683861935,-0.8453985935409564,0.011769117096650126,0.019659558675072075,nan,nan
522,487,196734,forward,eps,km^2/s^2,72,72.0,0.0,-0.07092936295871771,0.0025716459807906024,-0.07516423060725927,-0.06699815189781343,0.008166078709445843,-0.07649833700515163,-0.06654937943240291,0.009948957572748718,-0.20830159887033362,0.004640513247276596,0.005177522763367803,nan,nan
522,488,199025,forward,eps,km^2/s^2,60,60.0,0.0,-0.11699510007192099,0.006095107276612996,-0.12627579216988105,-0.10713279574123133,0.019142996428649722,-0.12938635836846935,-0.1044144756827532,0.02497188268571615,0.08540740229930842,0.011068029876100028,0.013175657843568334,nan,nan
522,489,202361,forward,eps,km^2/s^2,116,116.0,0.0,-0.8639666460751486,0.0010639311720114127,-0.8657115699139172,-0.862291108006655,0.0034204619072621956,-0.866106848537777,-0.8615788013570173,0.00452804718075972,0.10583117182439214,0.0022139924311306014,0.0029262990807683575,nan,nan
522,490,197405,forward,eps,km^2/s^2,62,62.0,0.0,-0.06333948035896941,0.0018372543656606066,-0.06670530364641096,-0.060855502575887566,0.005849801070523394,-0.06774900138439321,-0.06009912974357157,0.007649871640821648,-0.25267821905365456,0.003396157062270077,0.004434085774223551,nan,nan
522,491,197412,forward,eps,km^2/s^2,60,60.0,0.0,-0.06733264189640031,0.0021047601129326634,-0.0708967064239937,-0.06436063614517185,0.006536070278821859,-0.07271303715845445,-0.06369185192924764,0.009021185229206807,-0.34824196615552533,0.003937809060643891,0.00575413979510464,nan,nan
522,492,198798,forward,eps,km^2/s^2,65,65.0,0.0,-0.08675661561762926,0.00468209165112972,-0.0951192098885423,-0.08141564814131974,0.013703561747222565,-0.09944897109327167,-0.08011994108630283,0.01932903000696884,-0.45685008669476646,0.009788051622784419,0.014117812827513787,nan,nan
522,493,197879,forward,eps,km^2/s^2,85,85.0,0.0,-0.06457191634207593,0.0015325969194557643,-0.06736782903871566,-0.062376574709790564,0.004991254328925096,-0.06813162360934899,-0.061737758796102216,0.006393864813246775,-0.2825109441927625,0.00289894396451249,0.0033458907318754116,nan,nan
522,494,206923,forward,eps,km^2/s^2,205,205.0,0.0,-0.8674828354570686,0.0012977353219295622,-0.8696024238998554,-0.8656233256441105,0.0039790982557449395,-0.8700084186935803,-0.8643136019743511,0.005694816719229112,-0.001291579438598657,0.002736697794004339,0.004046421463763661,nan,nan
522,495,198997,forward,eps,km^2/s^2,105,105.0,0.0,-0.062141790494772864,0.0005981658619435495,-0.06301221496063254,-0.06114352395113698,0.0018686910094955628,-0.06356639508106932,-0.06094663419460111,0.002619760886468203,-0.14914429831617151,0.0011054801812158787,0.0016596603016526545,nan,nan
522,496,202580,forward,eps,km^2/s^2,50,50.0,0.0,-0.8458367236296551,0.0006810309644759273,-0.8470270496254486,-0.8447160551515958,0.0023109944738528565,-0.8470798224327262,-0.8445229132415047,0.0025569091912214237,0.2629651131397812,0.0013886733914381777,0.0015818153015292324,nan,nan
522,497,202788,forward,eps,km^2/s^2,55,55.0,0.0,-0.8429829638904204,0.0007467762604565808,-0.8438664558081675,-0.8414469180187597,0.002419537789407844,-0.8441357078120896,-0.8413588028728475,0.0027769049392420975,0.44024058844749264,0.001400599906256017,0.001488715052168188,nan,nan
522,498,207684,forward,eps,km^2/s^2,83,83.0,0.0,-0.8500882791901242,0.0006537214636933057,-0.8512014308100516,-0.8492235246206322,0.0019779061894193983,-0.8515004834991476,-0.8490038160257867,0.0024966674733609695,-0.06052232894557283,0.0011160294748992158,0.0014150821639952182,nan,nan
522,499,203803,forward,eps,km^2/s^2,129,129.0,0.0,-0.8610142460911907,0.0010451577985871904,-0.862676002832677,-0.8594257881337352,0.0032502146989418224,-0.8630500272224308,-0.8590840506597892,0.003965976562641638,-0.0257290693403119,0.001828461208206833,0.00214337747789739,nan,nan
522,500,199856,forward,eps,km^2/s^2,71,71.0,0.0,-0.06309044114184792,0.005518308436780568,-0.07656027807103194,-0.05974605617251072,0.01681422189852122,-0.08320883502118248,-0.05942309978698479,0.02378573523419769,-1.464810306224844,0.01283057444742619,0.019479131397576732,nan,nan
522,501,199426,forward,eps,km^2/s^2,63,63.0,0.0,-0.0610874506466742,0.0008879889078556253,-0.06323590157439679,-0.06031767150530981,0.00291823006908698,-0.06372728140393291,-0.06019494718305707,0.0035323342208758435,-1.0302899691307108,0.0026852843834542224,0.0031766642129903433,nan,nan
522,502,203815,forward,eps,km^2/s^2,54,54.0,0.0,-0.8385649657784792,0.0014062331823671832,-0.8405085130711403,-0.8365785593390921,0.003929953732048186,-0.840918759972402,-0.8363143193166712,0.004604440655730735,-0.06286856064679998,0.002368071800215365,0.002632311822636235,nan,nan
522,503,203992,forward,eps,km^2/s^2,55,55.0,0.0,-0.8772190469545466,0.0010726931710430792,-0.8792550132421919,-0.8756897864248869,0.0035652268173049784,-0.8797168688132586,-0.8751696845826202,0.004547184230638379,-0.2446934815805051,0.002022832902894755,0.0023377755151156032,nan,nan
522,504,200743,forward,eps,km^2/s^2,56,56.0,0.0,-0.06442632980807889,0.0024929846042457677,-0.06946016926322715,-0.06212328028953121,0.007336888973695943,-0.07127411471992662,-0.06194279909701805,0.009331315622908565,-0.6426677843043873,0.0045053988919974974,0.006319344348696965,nan,nan
522,505,200948,forward,eps,km^2/s^2,64,64.0,0.0,-0.06836415969027776,0.00581435293589625,-0.0799840736558122,-0.062070660852243664,0.017913412803568535,-0.0825865669268725,-0.06125572438308302,0.021330842543789474,-0.47806688725291296,0.012555080743295944,0.015157574014356245,nan,nan
522,506,203805,forward,eps,km^2/s^2,57,57.0,0.0,-0.8581617524841603,0.0007181876108310901,-0.8592415212346136,-0.857102491843601,0.0021390293910126257,-0.8593587909478468,-0.8569600778315655,0.00239871311628137,-0.05419928740625617,0.0011447768442600203,0.0012620465574932904,nan,nan
522,507,202015,forward,eps,km^2/s^2,53,53.0,0.0,-0.0803435239829784,0.008168914569587155,-0.09645617317104134,-0.07083471835084791,0.02562145482019343,-0.09722926882082805,-0.07065410166627384,0.026575167154554213,-0.355775940142158,0.013298885282714456,0.014071980932501171,nan,nan
522,508,206171,forward,eps,km^2/s^2,67,67.0,0.0,-0.8553678456422437,0.0008429611609969578,-0.8566948820315191,-0.8540369062903326,0.0026579757411865357,-0.856768101717935,-0.8537519416630709,0.0030161600548641587,0.019349628250489474,0.0016226121817003779,0.0019075768089620304,nan,nan
522,509,205964,forward,eps,km^2/s^2,67,67.0,0.0,-0.8749463743082683,0.0009913077888145507,-0.8763931769917372,-0.87338350266644,0.003009674325297196,-0.8765978647101472,-0.873001141499125,0.0035967232110222236,0.08853256149424682,0.0016179248769091269,0.00199438193244994,nan,nan
522,510,209125,forward,eps,km^2/s^2,115,115.0,0.0,-0.8743976196260607,0.0017436796064793957,-0.8771236325353194,-0.8718787020608197,0.005244930474499698,-0.8780412602850312,-0.8710326839560424,0.007008576328988769,-0.058921720486929396,0.003153648005911591,0.003999666110688915,nan,nan
522,511,210724,forward,eps,km^2/s^2,57,57.0,0.0,-0.8819967489165712,0.0012677898129917263,-0.8841712312102713,-0.8802846445357121,0.0038865866745592115,-0.884701151027503,-0.8798714695606443,0.004829681466858693,-0.24617653500165362,0.002214231544685141,0.0025658894776687813,nan,nan
522,512,212535,forward,eps,km^2/s^2,122,122.0,0.0,-0.8720226744236224,0.002059600198019092,-0.875547106969915,-0.8687495873361671,0.006797519633747862,-0.8769717402869104,-0.8679889644309704,0.008982775855939984,-0.12875272174969243,0.004040016138315953,0.004620879896410579,nan,nan
522,513,214090,forward,eps,km^2/s^2,65,65.0,0.0,-0.8750600584282261,0.002347774236782515,-0.8782531831651093,-0.8711151741440998,0.007138009021009473,-0.8787197920354626,-0.8702887165305759,0.008431075504886643,0.17730123988939908,0.003972786397719341,0.004427691480429541,nan,nan
522,514,214080,forward,eps,km^2/s^2,59,59.0,0.0,-0.8812159389911008,0.0017015340592283267,-0.8836341353404793,-0.8783087446669409,0.005325390673538433,-0.8847437229389721,-0.8773992224214168,0.007344500517555308,0.13788683720495074,0.0033050231472514175,0.004050566402394096,nan,nan
522,515,214857,forward,eps,km^2/s^2,54,54.0,0.0,-0.8655761295878502,0.001448786188433834,-0.8677349862714328,-0.8633648330864012,0.004370153185031533,-0.8681525942691494,-0.8627230912556537,0.005429503013495651,0.0009986946206830315,0.002600129674148526,0.003017737671865195,nan,nan
522,516,215211,forward,eps,km^2/s^2,64,64.0,0.0,-0.8745210947659716,0.0015622970551343745,-0.8769036777177247,-0.872289356039447,0.004614321678277689,-0.8778178304569946,-0.8718279741153654,0.005989856341629185,-0.10343881518408848,0.0026531769439544824,0.0029972252209347072,nan,nan
522,517,215906,forward,eps,km^2/s^2,72,72.0,0.0,-0.8798746748767987,0.0031282257300647128,-0.8845993858309127,-0.8748384456012542,0.009760940229658455,-0.8862078283591602,-0.8747535214257098,0.011454306933450398,-0.1715586435378962,0.005342534161518486,0.006056112073916431,nan,nan
522,518,215928,forward,eps,km^2/s^2,60,60.0,0.0,-0.8756195027168716,0.0017191552698495665,-0.878264419678204,-0.8731225048400318,0.005141914838172168,-0.8789594421033347,-0.8724616665727298,0.006497775530604821,-0.03649600829010082,0.002993101448620943,0.003688123873751614,nan,nan
522,519,216270,forward,eps,km^2/s^2,86,86.0,0.0,-0.8765868213918286,0.0029892362718635496,-0.8813049961110075,-0.8721482497909037,0.009156746320103881,-0.8822441661985958,-0.8716086679426341,0.010635498255961662,-0.08411630031209388,0.004886818681467092,0.005742121931355815,nan,nan
522,520,216466,forward,eps,km^2/s^2,66,66.0,0.0,-0.8691181192980225,0.00156587319527856,-0.8715336507261743,-0.8667104459289574,0.0048232047972168735,-0.8719840461529713,-0.8664641130894939,0.005519933063477422,-0.03047737175357756,0.0029359237773730062,0.003182256616836465,nan,nan
522,521,217333,forward,eps,km^2/s^2,50,50.0,0.0,-0.8628888213730316,0.0013544196877051811,-0.8648269356388144,-0.8606837811119032,0.004143154526911164,-0.8652639686541952,-0.8604745498546744,0.004789418799520773,0.016782811244092043,0.002324460232469966,0.0025336914896988416,nan,nan
522,0,18595,forward,e,-,122,122.0,0.0,0.593862875796028,0.006887559560167652,0.5766039555816902,0.6006320844971649,0.024028128915474678,0.5761643536692687,0.603008130761159,0.026843777091890342,-1.1414641413993911,0.02126240361369534,0.021702005526116896,nan,nan
522,1,19899,forward,e,-,97,97.0,0.0,0.5783569562754224,0.00723092488903032,0.5671476047247908,0.5918485469079534,0.024700942183162655,0.5630933755569635,0.5932477150882872,0.030154339531323737,0.09552269472416904,0.017667470605362685,0.019066638785696477,nan,nan
522,2,18590,forward,e,-,55,55.0,0.0,0.5398415420537436,0.007314508293997378,0.5292518685629964,0.5500048478651542,0.020752979302157804,0.5269580214512166,0.550043803573381,0.02308578212216439,-0.0799727248851829,0.016519313138414437,0.018813160250194305,nan,nan
522,3,18148,forward,e,-,56,56.0,0.0,0.38116723559754323,0.0023798612537446954,0.37878826110709246,0.38602500738086953,0.007236746273777073,0.3786585479129101,0.3867992257679318,0.008140677855021705,0.5118624651233553,0.0049106312722691225,0.005684849659331359,nan,nan
522,4,18805,forward,e,-,57,57.0,0.0,0.5109739385858517,0.007256940838794805,0.5031010720854056,0.5238293779655729,0.020728305880167386,0.501047439747546,0.5238714923575221,0.02282405260997611,0.10423409538680822,0.013280588975423521,0.015334221313283103,nan,nan
522,5,22540,forward,e,-,54,54.0,0.0,0.5983943060635679,0.008209179691403008,0.5828423885250472,0.6089545780527191,0.026112189527671914,0.5804760447355347,0.6115943401698767,0.03111829543434197,-0.3291554450938112,0.015317003379217431,0.01768334716872999,nan,nan
522,6,23178,forward,e,-,95,95.0,0.0,0.3817417711341679,0.001780676676831913,0.37988105076845563,0.3857278233550592,0.005846772586603544,0.3795851340111855,0.3873140262193393,0.007728892208153815,0.8164380274701952,0.0048098957294692045,0.006396098593749344,nan,nan
522,7,27210,forward,e,-,188,188.0,0.0,0.6052083585389543,0.006980271541563386,0.5918355989387083,0.6151141853643518,0.02327858642564351,0.5872458631517046,0.6165114849007284,0.029265621749023807,-0.4437463189415857,0.014096617502595348,0.01868635328959911,nan,nan
522,8,32632,forward,e,-,89,89.0,0.0,0.415053189522088,0.0028964782953299763,0.410631361117092,0.42077995038127003,0.010148589264178054,0.4090448423168207,0.42147044514719384,0.01242560283037314,0.36483430346181295,0.005805101509242948,0.006330067711739273,nan,nan
522,9,29454,forward,e,-,75,75.0,0.0,0.5230971970178021,0.006131228054288823,0.5107336403308989,0.532224036911707,0.021490396580808202,0.5105489458537203,0.5342706688958802,0.023721723042159804,-0.32126113575196485,0.013935820269112132,0.014120514746290613,nan,nan
522,10,29914,forward,e,-,128,128.0,0.0,0.5611749622287069,0.008016400107178719,0.5478798023567677,0.5735991839327855,0.02571938157601783,0.5451307187423509,0.5765551649833722,0.031424446241021364,-0.09151956447251867,0.014486679187449772,0.01723576280186656,nan,nan
522,11,28999,forward,e,-,79,79.0,0.0,0.5056390298313352,0.00613236689127706,0.4964617991461915,0.5147270813082802,0.01826528216208867,0.495283855862141,0.5178907426272351,0.022606886765094092,0.05226810895503864,0.010090202126180125,0.013253863445135128,nan,nan
522,12,33080,forward,e,-,194,194.0,0.0,0.3854864921571256,0.0018458872299796036,0.3826322272089121,0.3889465119843997,0.006314284775487622,0.38181298914176526,0.3899896627465799,0.008176673604814666,0.11632771207109421,0.0036749763662848145,0.004718127128465033,nan,nan
522,13,30601,forward,e,-,94,94.0,0.0,0.5837633742416897,0.006096872481840493,0.5754309684395968,0.5949286703231649,0.01949770188356803,0.5727164329408336,0.5988107061396944,0.026094273198860818,0.2939782621920057,0.011160466072238938,0.01400583584962245,nan,nan
522,14,30368,forward,e,-,71,71.0,0.0,0.5422085952862451,0.005227881037889504,0.5337788693158569,0.550159004710001,0.01638013539414407,0.5321739568344513,0.5526944277363639,0.020520470901912558,0.060002840244514,0.009125918006361478,0.011329056689264316,nan,nan
522,15,31274,forward,e,-,86,86.0,0.0,0.48900609571938247,0.005093562734736871,0.48259567161136707,0.49790911910990593,0.015313447498538857,0.48101662422791774,0.500095468400691,0.019078844172773224,0.2652851231905874,0.009210199375891112,0.011396548666676165,nan,nan
522,16,31696,forward,e,-,52,52.0,0.0,0.8650301707088659,0.02975694955347009,0.7868641310326807,0.888629086706813,0.10176495567413224,0.764946170215329,0.8921642491325055,0.1272180789171765,-1.73369491233643,0.09054906862546894,0.11246702944282072,nan,nan
522,17,32867,forward,e,-,73,73.0,0.0,0.47344333405661837,0.0038910703688507004,0.4694809889914632,0.48141531711894925,0.011934328127486071,0.46812482239070025,0.48301306797291255,0.0148882455822123,0.3411151557568461,0.006725752967230766,0.007920028929953637,nan,nan
522,18,33318,forward,e,-,61,61.0,0.0,0.4303805376234183,0.0013154568837360943,0.427915751645577,0.4324421312090316,0.004526379563454586,0.427485757275377,0.4334759562743675,0.0059901989989905036,0.0355809288112843,0.002774139693686062,0.003144176023134826,nan,nan
522,19,32403,forward,e,-,52,52.0,0.0,0.40242750680407013,0.0025375883036857015,0.3979868518024586,0.40660172694860325,0.008614875146144674,0.3970823478754331,0.40716281793990555,0.010080470064472435,-0.04741585724561501,0.00519305900186003,0.005754149993162316,nan,nan
522,20,33089,forward,e,-,56,56.0,0.0,0.4225580780246755,0.002055188692304716,0.4195017866488042,0.42674705297845306,0.007245266329648836,0.4185210394151691,0.42743669653374683,0.008915657118577724,0.42746931142923333,0.0041801978445567545,0.004649710062931078,nan,nan
522,21,33547,forward,e,-,76,76.0,0.0,0.43973422493959247,0.0024987375919220227,0.4347282698556252,0.4432301987129531,0.008501928857327923,0.43381345609594263,0.44404712935852425,0.010233673262581622,-0.25897838357418046,0.004840534622521278,0.005404676771572248,nan,nan
522,22,31291,forward,e,-,114,114.0,0.0,0.6202030072109401,0.004238840689819297,0.612145559976586,0.6264070260993947,0.014261466122808653,0.6076105263773501,0.6273786766686709,0.01976815029132073,-0.4377463636476255,0.009909835256933256,0.014444868856169135,nan,nan
522,23,36300,forward,e,-,90,90.0,0.0,0.4502573355953218,0.0032948067034508513,0.4450514173831742,0.45578234773317383,0.010730930349999612,0.44429395736845956,0.45695672892016154,0.012662771551701979,0.16930615328346896,0.005820422650026074,0.006725333013638923,nan,nan
522,24,36991,forward,e,-,85,85.0,0.0,0.46165278718086894,0.0036924518096548625,0.4572783459720172,0.4686709980067655,0.011392652034748263,0.45607665282220866,0.46994342596426575,0.013866773142057087,0.24309287990853196,0.006345367917815514,0.0074937192658628415,nan,nan
522,25,37882,forward,e,-,55,55.0,0.0,0.5925362962761765,0.008395445777861795,0.5790447345692927,0.6049391761338142,0.025894441564521475,0.5736416958706797,0.6063914560434821,0.0327497601728024,-0.1862322246937064,0.013999624836881074,0.018022675258728693,nan,nan
522,26,43665,forward,e,-,170,170.0,0.0,0.3957345487911813,0.0016844813511650025,0.39356417733392984,0.39930496843872393,0.005740791104794085,0.3930722865657936,0.40009603769281527,0.007023751127021638,0.5535803606946725,0.003141698555040645,0.0038842534153522568,nan,nan
522,27,39290,forward,e,-,77,77.0,0.0,0.408316412424855,0.002085319073430423,0.4039583061964743,0.409238805557503,0.005280499361028701,0.4036867038159133,0.4092516501393155,0.005564946323402209,-0.7664140666415102,0.0050122920887207935,0.005283894469281791,nan,nan
522,28,34031,forward,e,-,89,89.0,0.0,0.6288913032386598,0.0035322114367847945,0.6224944571468238,0.6341920432212785,0.011697586074454702,0.6208370646843219,0.6353671878489572,0.014530123164635311,-0.25960658302777373,0.009263473723168224,0.01092086618567023,nan,nan
522,29,37890,forward,e,-,53,53.0,0.0,0.4478480438621703,0.0056173560797730055,0.4410268495473518,0.45797658053375556,0.016949730986403788,0.4394227970137516,0.45922247572468206,0.01979967871093047,0.20964902173295497,0.00934046438541276,0.010586359576339244,nan,nan
522,30,35172,forward,e,-,69,69.0,0.0,0.5972406801763168,0.009182465215510876,0.5832876775175662,0.6111183792262631,0.027830701708696948,0.5809496444347385,0.6143210434345461,0.03337139899980757,0.01777222118133291,0.015302703210670083,0.01708036325822926,nan,nan
522,31,39731,forward,e,-,54,54.0,0.0,0.4851285348980402,0.005874675538619269,0.47745731648618,0.4958869107180205,0.018429594231840485,0.47647364314657575,0.49846243562288006,0.02198879247630431,0.33263596785696853,0.010805078445009907,0.013380603349869458,nan,nan
522,32,36997,forward,e,-,53,53.0,0.0,0.5089288599655171,0.005035823251475986,0.5019527996390262,0.5170509435184169,0.01509814387939068,0.5011174223347251,0.5182396860852054,0.017122263750480315,0.08742306031931017,0.008122083552899827,0.009310826119688365,nan,nan
522,33,36315,forward,e,-,67,67.0,0.0,0.5644701488001973,0.008949405182697262,0.5504571538640954,0.5780603446191718,0.027603190755076334,0.549596214708879,0.5798750518888293,0.03027883717995028,0.03997730406688027,0.014663259538993521,0.01647796680865099,nan,nan
522,34,35874,forward,e,-,73,73.0,0.0,0.6357498557545587,0.003873800943146051,0.6278972814426524,0.6404168504631595,0.012519569020507104,0.6236759860030631,0.641340473076325,0.01766448707326196,-0.9337870846869056,0.010858959945628575,0.015080255385217955,nan,nan
522,35,39284,forward,e,-,110,110.0,0.0,0.38959343935307245,0.0013132386022131769,0.3877057173323001,0.39205353897868594,0.004347821646385863,0.38720796328577184,0.3929886877651775,0.005780724479405641,0.3751690363025427,0.002656701503647704,0.0035918502901392535,nan,nan
522,36,37232,forward,e,-,63,63.0,0.0,0.5351574017862618,0.007595440021226942,0.5240526180748041,0.5479416073817369,0.02388898930693284,0.5227310567688831,0.5485539148130526,0.025822858044169505,0.0687283337584582,0.012455041039766322,0.013766538826576524,nan,nan
522,37,37025,forward,e,-,66,66.0,0.0,0.6414524351628011,0.0044430758966279155,0.6299772816374735,0.6453474540066332,0.015370172369159718,0.6279050101991662,0.6461747696102927,0.018269759411126518,-1.165316547563564,0.01337914532087725,0.015451416759184489,nan,nan
522,38,38171,forward,e,-,77,77.0,0.0,0.6154115713828815,0.010847100334051148,0.5973610676193386,0.6301870965344158,0.03282602891507724,0.5947814827732928,0.6323131245619319,0.0375316417886391,-0.15881345110696665,0.017808339502375883,0.01942708264692994,nan,nan
522,39,38415,forward,e,-,62,62.0,0.0,0.6465190325682963,0.003077665965523553,0.6404037318324675,0.650099214908928,0.00969548307646051,0.6371770421075257,0.650905598977348,0.013728556869822328,-0.5941582580801558,0.008775560087936415,0.01200224981287823,nan,nan
522,40,40228,forward,e,-,65,65.0,0.0,0.4934058459850034,0.0047393476507193695,0.48661013418581633,0.500917836584976,0.014307702399159683,0.4855163095147428,0.5026107182297832,0.01709440871504042,0.058843295907094514,0.008841655030674566,0.01053453667548171,nan,nan
522,41,39083,forward,e,-,59,59.0,0.0,0.5666114022200665,0.009346475886548834,0.5520550247166145,0.5815257985122021,0.0294707737955876,0.5511889649351113,0.5828703262038916,0.031681361268780295,0.044094967726173356,0.014934684748822846,0.016051523427082603,nan,nan
522,42,42970,forward,e,-,139,139.0,0.0,0.3926260177395241,0.0014403356117458715,0.39091020403487675,0.3952545044293203,0.0043443003944435565,0.3904725221458372,0.3978388083324597,0.007366286186622495,0.7261538065710506,0.0036698248689097483,0.006254128772049172,nan,nan
522,43,41609,forward,e,-,67,67.0,0.0,0.4781673870633381,0.004417490399642314,0.47159442720508793,0.48475721422461726,0.013162787019529332,0.47081995478091965,0.4865700031426104,0.01575004836169075,0.05930836176501554,0.0075038005957573485,0.008269753251000933,nan,nan
522,44,39559,forward,e,-,74,74.0,0.0,0.6196639055360336,0.011495707552100522,0.601111255326067,0.6358440120257657,0.034732756699698664,0.5983065629815846,0.6392590880250305,0.04095252504344593,-0.08024863451796073,0.020820166167034176,0.023624858511516633,nan,nan
522,45,39341,forward,e,-,60,60.0,0.0,0.6510311203210828,0.0029843815868282005,0.6451629398430233,0.6548132477374695,0.009650307894446208,0.6438994240859333,0.6552992828757479,0.011399858789814643,-0.41131829925863495,0.008040555755781236,0.00930407151287127,nan,nan
522,46,40696,forward,e,-,57,57.0,0.0,0.5367352249752817,0.007826023938274937,0.52511151378067,0.5486463011854733,0.023534787404803303,0.5239615083006792,0.5502544087466212,0.026292900445942013,0.022678768586801484,0.012714194392311806,0.01346896700759459,nan,nan
522,47,40498,forward,e,-,67,67.0,0.0,0.6532374484867753,0.006961793168482235,0.6371264882150048,0.6580908853081671,0.020964397093162224,0.6359773859639164,0.6587221814656782,0.022744795501761783,-0.7030705171147107,0.017209618974211242,0.01835872122529969,nan,nan
522,48,42948,forward,e,-,86,86.0,0.0,0.5592192892140246,0.010326567031091772,0.5432017839696622,0.5752886038553258,0.03208681988566353,0.5423017081365137,0.577602506962142,0.03530079882562831,0.019868486166316347,0.01703181432149442,0.017739436723847257,nan,nan
522,49,41193,forward,e,-,67,67.0,0.0,0.655616569053015,0.007625768291027476,0.6390363865578841,0.6615553439966441,0.02251895743875998,0.6368494906371789,0.6622446806281128,0.02539518999093393,-0.6567237194524793,0.018123738589088566,0.020310634509793757,nan,nan
522,50,41642,forward,e,-,58,58.0,0.0,0.6278975986870474,0.010940462202211693,0.6096245001745891,0.6430770701126988,0.03345256993810963,0.6074651700010931,0.6457223738689832,0.03825720386789011,-0.15767244217834928,0.01859278512799261,0.020752115301488572,nan,nan
522,51,41888,forward,e,-,64,64.0,0.0,0.6583955427112131,0.0076624301434120475,0.6428331345548013,0.6650723587110576,0.022239224156256343,0.6389423840458323,0.6656160078788984,0.02667362383306615,-0.6390988137577003,0.01496267184139448,0.01885342235036347,nan,nan
522,52,42128,forward,e,-,75,75.0,0.0,0.6667291962542697,0.004915336665925283,0.6563252199938626,0.6713239183961153,0.014998698402252653,0.6540594684705968,0.672184347906447,0.018124879435850172,-0.6739782726893667,0.012470021383582849,0.014735772906848688,nan,nan
522,53,42143,forward,e,-,52,52.0,0.0,0.673915951172317,0.008234711997991667,0.6560193815268125,0.6808684799365324,0.02484909840971994,0.6475535646536288,0.6822455021931064,0.034691937539477635,-0.9481557556601493,0.018388543444100507,0.026854360317284165,nan,nan
522,54,45706,forward,e,-,72,72.0,0.0,0.513978900401906,0.0056987542561078115,0.5041559257281619,0.5219493395064461,0.01779341377828414,0.501576887997644,0.5232590595625738,0.021682171564929797,-0.2008583724338603,0.010480221252356816,0.013059258982874744,nan,nan
522,55,45714,forward,e,-,72,72.0,0.0,0.4479661358842143,0.004922000546898077,0.44022320644877366,0.4554911691850692,0.015267962736295548,0.43901946182103496,0.45769686235243373,0.01867740053139877,0.027800035097473832,0.008480963850542061,0.010322660257213012,nan,nan
522,56,43285,forward,e,-,58,58.0,0.0,0.6696481702188319,0.007844098864829141,0.6531380438546478,0.6761427765105272,0.023004732655879434,0.6511326930037932,0.6768016400269394,0.02566894702314626,-0.6289996435068481,0.01649753557142548,0.01850288642228015,nan,nan
522,57,47545,forward,e,-,58,58.0,0.0,0.4342409934729987,0.002504002478595888,0.4306976550615889,0.4377758629529647,0.0070782078913758095,0.42971256098268407,0.4392367621169562,0.009524201134272159,0.04155769960184415,0.003989857973764889,0.004891488112715003,nan,nan
522,58,46184,forward,e,-,69,69.0,0.0,0.3980831757546112,0.0016021133489130465,0.3962851550590473,0.40095985210441304,0.004674697045365717,0.39601516038904516,0.40152718183634223,0.005512021447297066,0.2083206721368544,0.002876676349801809,0.0034440060817310103,nan,nan
522,59,43521,forward,e,-,72,72.0,0.0,0.675659809598334,0.004459748723194956,0.666319477038825,0.6806632867300783,0.014343809691253262,0.6661103931798005,0.6816420838540154,0.015531690674214893,-0.41157208169035364,0.010557798348161214,0.01076688220718569,nan,nan
522,60,46851,forward,e,-,61,61.0,0.0,0.4963170378320061,0.00529362446457833,0.48853219683769566,0.5051575839789215,0.016625387141225856,0.4872457676051314,0.5076170187432484,0.020371251138116997,0.17342443289978304,0.00902207168736513,0.011349179450751867,nan,nan
522,61,44223,forward,e,-,54,54.0,0.0,0.6787539833006917,0.007296683704717241,0.6634359348741451,0.6862269960679861,0.022791061193841,0.6617085776866239,0.6873235737050735,0.02561499601844952,-0.594823166604595,0.014518584157940445,0.016245941345461645,nan,nan
522,62,44413,forward,e,-,50,50.0,0.0,0.624587975043948,0.008036628635004402,0.6110121567961915,0.6361577141979092,0.025145557401717755,0.6086773682525016,0.6367065198083312,0.028029151555829523,-0.15870563119923445,0.01399996287596501,0.016334751419654903,nan,nan
522,63,44650,forward,e,-,89,89.0,0.0,0.6344014061258927,0.011767043598981074,0.6165243756724424,0.652477197469449,0.03595282179700654,0.6126152296613018,0.6548619658344245,0.04224673617312269,-0.02600686496780339,0.020254943799348776,0.024164089810489453,nan,nan
522,64,47992,forward,e,-,65,65.0,0.0,0.48140861890509506,0.0042474944245890845,0.47361099237343995,0.48667405615583575,0.0130630637823958,0.4713894381908561,0.48866165272752493,0.01727221453666883,-0.2390553791543489,0.007572869215672062,0.009668933457558704,nan,nan
522,65,45366,forward,e,-,70,70.0,0.0,0.6821032392105466,0.005545000151165157,0.6710061687328306,0.687402812154258,0.016396643421427437,0.669097079158336,0.688209916978965,0.019112837820629003,-0.5085874891186373,0.010086702103657696,0.011995791678152234,nan,nan
522,66,45581,forward,e,-,84,84.0,0.0,0.6498977910037116,0.009207130717430642,0.635339654269347,0.6639641019817054,0.028624447712358392,0.6328859912990056,0.6645372912533822,0.031651299954376655,-0.06985151695141735,0.014729092401741238,0.01715489844435658,nan,nan
522,67,46660,forward,e,-,56,56.0,0.0,0.435146028885568,0.004207952180357655,0.4286688267667601,0.441352016489922,0.012683189723161903,0.4280501406986143,0.4419282633398162,0.013878122641201918,-0.006883803446951615,0.0069726746645085436,0.0075913607326543175,nan,nan
522,68,46519,forward,e,-,88,88.0,0.0,0.6877656178068234,0.005341095866965454,0.6750155310142607,0.6916510171209957,0.016635486106735042,0.6730893674750652,0.6926080454680952,0.019518677993029976,-0.7714381110305677,0.013896769296450937,0.015822932835646397,nan,nan
522,69,47340,forward,e,-,52,52.0,0.0,0.4132554995003276,0.003186107798157826,0.4095311412701236,0.4190819757753411,0.009550834505217543,0.40934570255359043,0.41979159695206214,0.010445894398471711,0.30849337960556034,0.006369789617048012,0.007079410793769059,nan,nan
522,70,49590,forward,e,-,73,73.0,0.0,0.4671273514028475,0.004545169438297912,0.46090712475571544,0.4750382238141927,0.014131099058477259,0.4598988652099391,0.47633327962779887,0.016434414417859755,0.3127934392973413,0.007910872411345192,0.009205928224951365,nan,nan
522,71,46932,forward,e,-,52,52.0,0.0,0.5919290068819909,0.007740612822103434,0.580289407730352,0.603760373813666,0.023470966083314004,0.5778275650497064,0.6062619547887145,0.028434389739008026,0.04213900271154096,0.014143118253329971,0.016644699228378412,nan,nan
522,72,47649,forward,e,-,97,97.0,0.0,0.6479109059674342,0.012136251103869736,0.6297749763937119,0.6668907493862919,0.037115772992579954,0.6267724698865774,0.6693677903542061,0.042595320467628706,0.014930965232376942,0.01969945126707235,0.021456884386771957,nan,nan
522,73,49835,forward,e,-,155,155.0,0.0,0.399343956560839,0.0015444846721352,0.39676378604210233,0.4018065499294254,0.005042763887323054,0.3961403733136854,0.40277975012252254,0.0066393768088371385,0.037501897515198473,0.003494841960600597,0.004468042153697727,nan,nan
522,74,48348,forward,e,-,105,105.0,0.0,0.6921348167498401,0.004138155671814058,0.682751906537074,0.6965403275182085,0.01378842098113453,0.6786384842074186,0.6971859037398954,0.01854741953247685,-0.8432716297656755,0.010850420752997822,0.014963843082653194,nan,nan
522,75,49023,forward,e,-,105,105.0,0.0,0.6534722858368482,0.01152721464860629,0.6361899231392819,0.6713343614955427,0.0351444383562608,0.6321552044754489,0.6737293287402627,0.04157412426481377,-0.008391422051015634,0.018985113819736464,0.022076872414342086,nan,nan
522,76,48297,forward,e,-,50,50.0,0.0,0.5664124156372754,0.007545894779851036,0.5539574963569359,0.5779495954001509,0.023992099043214976,0.5511146135822219,0.5780084215492602,0.02689380796703833,-0.10986467791544163,0.012544751600852257,0.015387634375566228,nan,nan
522,77,48780,forward,e,-,63,63.0,0.0,0.6155447489955291,0.010012808806248403,0.6004030011756568,0.6313288194607197,0.03092581828506291,0.5983564583346664,0.6335284567901461,0.03517199845547969,0.06715081408358085,0.017912091315861346,0.020111728645287763,nan,nan
522,78,49452,forward,e,-,81,81.0,0.0,0.5892250485078949,0.008926119823006198,0.5756465521334024,0.6029391493933755,0.027292597259973017,0.572278719813775,0.6052436595482551,0.032964939734480114,-0.018306251102275812,0.016365159618556557,0.018669669773436204,nan,nan
522,79,51427,forward,e,-,56,56.0,0.0,0.4512416747553114,0.004389282311885385,0.44536333026082475,0.4575269534014146,0.01216362314058983,0.4453089036764124,0.45834798624560225,0.013039082569189842,-0.1165498997052886,0.006397420115478017,0.007218452959665667,nan,nan
522,80,49921,forward,e,-,64,64.0,0.0,0.6133507588685491,0.008273870812722817,0.6005282716668662,0.6255678323561068,0.025039560689240625,0.6000040116197505,0.6283727458964306,0.028368734276680074,0.05836591738300108,0.013649727608781014,0.014657924604061456,nan,nan
522,81,51295,forward,e,-,137,137.0,0.0,0.6636532343472697,0.01220579169654879,0.6446207086339031,0.6825130157039494,0.037892307070046316,0.6401691348986096,0.6875910880365241,0.04742195313791453,0.01675979913234296,0.021533654353643267,0.025487718317141028,nan,nan
522,82,51700,forward,e,-,89,89.0,0.0,0.4027569164437982,0.0017332158972496463,0.40071872998614416,0.4068967484358623,0.006178018449718159,0.40032504414203307,0.40704550266412926,0.006720458522096184,0.7116540206583625,0.004835724094912552,0.004984478323179498,nan,nan
522,83,52622,forward,e,-,68,68.0,0.0,0.49586901253701776,0.00576151102548344,0.4880683541514059,0.5042878968506282,0.016219542699222322,0.48795744044156203,0.5057298316646867,0.01777239122312463,0.04058067273505545,0.008830017137058143,0.01027195195111652,nan,nan
522,84,50818,forward,e,-,58,58.0,0.0,0.5829906135418617,0.00884006209004046,0.5702017408267711,0.5963586815553822,0.026156940728611078,0.5684431429008802,0.5981223440138387,0.02967920111295852,0.02000076931059421,0.01463352329057817,0.015075975006330844,nan,nan
522,85,51058,forward,e,-,71,71.0,0.0,0.6172211257365404,0.00849178442144353,0.604505180112771,0.6306377524760975,0.026132572363326556,0.6021265148603243,0.6346185143067714,0.032491999446447095,0.09900501334629908,0.014201497892410153,0.017050867825460392,nan,nan
522,86,53315,forward,e,-,87,87.0,0.0,0.519623263692915,0.007719596221832556,0.5075627923860324,0.5309864937544699,0.02342370136843752,0.5059801329944488,0.5325555077439853,0.02657537474953653,0.05538596482239773,0.012631359827087853,0.013477897300474218,nan,nan
522,87,51510,forward,e,-,56,56.0,0.0,0.5568966110116842,0.00789820760561879,0.5451209653551129,0.5693927258705325,0.02427176051541957,0.5449206667795465,0.5717655823663239,0.026844915586777374,0.11726497411976078,0.012267878039069008,0.014634832013770804,nan,nan
522,88,51777,forward,e,-,67,67.0,0.0,0.5856027225120286,0.007723887651769257,0.5746110756603361,0.5978922098550453,0.02328113419470923,0.5704820354212825,0.5988575241860806,0.028375488764798118,-0.031380264160645634,0.012787740002507464,0.014813780405859678,nan,nan
522,89,53908,forward,e,-,145,145.0,0.0,0.6311076999925636,0.008943223787616274,0.6164017078268982,0.6482328998751107,0.0318311920482125,0.6124342316812279,0.6488765999223485,0.03644236824112057,0.06983858798527741,0.016793204259205063,0.02076068040487533,nan,nan
522,90,53348,forward,e,-,96,96.0,0.0,0.4056872338506968,0.001881802184417507,0.40370595327003045,0.4094955877972355,0.005789634527205045,0.4032809220331441,0.410800279762399,0.0075193577292549385,0.8267635979614433,0.004134223142063964,0.005438915107227493,nan,nan
522,91,52717,forward,e,-,59,59.0,0.0,0.5564931448999321,0.0068069019882394275,0.5467283841699049,0.5666382115049514,0.019909827335046537,0.54481885082099,0.5689000382142937,0.02408118739330367,0.02858557497143152,0.01163687318162191,0.012406893314361622,nan,nan
522,92,53196,forward,e,-,73,73.0,0.0,0.591099115430389,0.006945222050823223,0.5807917731672217,0.6022051377201216,0.021413364552899883,0.5785177652174207,0.6053254457497198,0.026807680532299094,0.06659380284064914,0.012837370597224404,0.015957678626822625,nan,nan
522,93,53820,forward,e,-,78,78.0,0.0,0.4123696103650506,0.0034604901415810066,0.4076459052647591,0.41839925881426965,0.01075335354951057,0.4069271073276365,0.41922450141235723,0.012297394084720747,0.3240143848298093,0.006009036204683994,0.006834278802771598,nan,nan
522,94,53403,forward,e,-,61,61.0,0.0,0.5314927174042012,0.006945193440028736,0.5204142523978613,0.5430144503924114,0.022600197994550042,0.5185239661241715,0.5431852472705412,0.024661281146369674,-0.04334714243098939,0.011641579832317506,0.012968751280029722,nan,nan
522,95,53654,forward,e,-,72,72.0,0.0,0.5610523214363767,0.006847246055977409,0.5512906195435003,0.572280322092261,0.020989702548760647,0.5487265942326642,0.5760383372925203,0.027311743059856064,0.1433325759105127,0.012070656953803993,0.015154208161019644,nan,nan
522,96,54763,forward,e,-,64,64.0,0.0,0.47437928490028425,0.007243589885739841,0.46224328361931116,0.48384710794353253,0.021603824324221366,0.46102215653584167,0.48594116227866246,0.0249190057428208,-0.0447950086583109,0.0131975216425323,0.014418648726001793,nan,nan
522,97,55151,forward,e,-,94,94.0,0.0,0.60313899871965,0.007446676808377131,0.5914427009848571,0.6157054787431013,0.02426277775824426,0.588417420093403,0.6182412998351652,0.02982387974176215,0.029243418113990362,0.01343354616778121,0.015092774793818431,nan,nan
522,98,54334,forward,e,-,60,60.0,0.0,0.5335779487798904,0.006401375700057764,0.5242460530506574,0.5430515075990787,0.018805454548421308,0.5223871414110236,0.5448885944110425,0.022501453000018934,-0.038205044511167276,0.011105949524167373,0.011406887402276356,nan,nan
522,99,54868,forward,e,-,81,81.0,0.0,0.5693376297549402,0.006558425812436388,0.5588206612469321,0.5796827461695703,0.02086208492263819,0.5555164775725742,0.5814454134786965,0.02592893590612233,-0.12055473109809355,0.011971638041042842,0.013721429931012108,nan,nan
522,100,56191,forward,e,-,51,51.0,0.0,0.44964461987998056,0.004251971407934417,0.4434603441063186,0.45682515547328045,0.013364811366961826,0.4428344825854409,0.45754103491420034,0.014706552328759448,0.08847492174465371,0.0073430151273439215,0.008058894568263808,nan,nan
522,101,55333,forward,e,-,62,62.0,0.0,0.4095085103408851,0.002904082985358245,0.40525627352589577,0.4143144045077447,0.009058130981848933,0.4040831097566513,0.4149723225196729,0.010889212763021627,0.021468047084301653,0.005254051423527833,0.0059119694354560215,nan,nan
522,102,55387,forward,e,-,71,71.0,0.0,0.49686069678869155,0.007008435595867044,0.48653402846939553,0.5080289956494823,0.02149496718008681,0.4849930730432239,0.5091322998653791,0.02413922682215519,0.059417212576256186,0.011497472583302942,0.013038428009474523,nan,nan
522,103,56520,forward,e,-,68,68.0,0.0,0.4130010559022256,0.0023555959226915055,0.4098649981829921,0.4173396499447647,0.007474651761772588,0.4093426630791568,0.4178304440381042,0.008487780958947422,0.22855042443420392,0.0046864288032340716,0.0051772228965735745,nan,nan
522,104,55694,forward,e,-,76,76.0,0.0,0.5400717300685727,0.005936438782678026,0.530698244103307,0.5491433119328856,0.018445067829578554,0.5283394137326138,0.5507346707618116,0.022395257029197757,-0.06064165970125946,0.01096612293153873,0.012557481760464784,nan,nan
522,105,54985,forward,e,-,54,54.0,0.0,0.5647785717284526,0.008301828099674472,0.549732361670942,0.5752019252822517,0.025469563611309698,0.5487880896504176,0.5799568093494022,0.031168719698984604,-0.1789940199939624,0.01422256559203222,0.016201827438807603,nan,nan
522,106,57123,forward,e,-,97,97.0,0.0,0.4088151159966954,0.002423604723403272,0.40637521061916704,0.41410846648138167,0.0077332558622146275,0.40579861016973984,0.41494084455174896,0.009142234382009118,0.6657919029134403,0.005703952886096873,0.006536330956464165,nan,nan
522,107,56072,forward,e,-,73,73.0,0.0,0.5683294624033253,0.008963914333718431,0.5558242931842236,0.5833800998688006,0.027555806684577022,0.5538207050224709,0.5857270429584225,0.031906337935951545,0.1572615514035805,0.015050637465475279,0.017397580555097214,nan,nan
522,108,56076,forward,e,-,76,76.0,0.0,0.5442425874054042,0.005408502629197526,0.5355102181300945,0.5529805364849483,0.017470318354853798,0.534624761015054,0.5553984958155047,0.02077373480045075,0.11622145166395423,0.009263608894088948,0.011292606458780163,nan,nan
522,109,56264,forward,e,-,66,66.0,0.0,0.5042963741213902,0.0064452120233579845,0.49458988990676794,0.5151501785162079,0.02056028860943998,0.49231169878746367,0.5170395882465106,0.02472788945904697,0.08043732962604727,0.01165639317186963,0.01237293195211886,nan,nan
522,110,55792,forward,e,-,94,94.0,0.0,0.5270755754581892,0.004132582548776928,0.5216705182379345,0.533959644941601,0.012289126703666442,0.5212477165822406,0.5347922907792152,0.013544574196974635,0.09294328699101397,0.0071963977278314585,0.008029043565445648,nan,nan
522,111,56739,forward,e,-,79,79.0,0.0,0.5294480151719456,0.007170100042609095,0.5200147102707567,0.5419627752279751,0.02194806495721835,0.5178881765566299,0.5441118174846705,0.026223640928040637,0.18743113634005112,0.013002643430408543,0.01515168568710401,nan,nan
522,112,58158,forward,e,-,99,99.0,0.0,0.5808881166950889,0.007285367442820202,0.5691757469403687,0.5919976246831462,0.022821877742777552,0.5655111828303291,0.5952480166642196,0.029736833833890475,0.0036260606395451343,0.01368845919872067,0.015524032011948075,nan,nan
522,113,57515,forward,e,-,87,87.0,0.0,0.5497475157800903,0.006236723989015258,0.5400250319294517,0.5601888791160731,0.020163847186621342,0.5374317393755127,0.563057841662875,0.025626102287362285,0.10571725872548188,0.011533677752271987,0.013052026620064106,nan,nan
522,114,56729,forward,e,-,135,135.0,0.0,0.5134844727659221,0.002561305834459469,0.511135699926385,0.5195907664620604,0.008455066535675404,0.5106179353281998,0.5207373696544508,0.010119434326251064,0.8754829171845894,0.007915192800807857,0.00906179599319834,nan,nan
522,115,57763,forward,e,-,54,54.0,0.0,0.41663912156378613,0.00307841051090326,0.41325910371988894,0.42228911725579327,0.009030013535904324,0.4124700108114917,0.42356089332521063,0.011090882513718925,0.45660391038384884,0.005651598242516336,0.006923374311933683,nan,nan
522,116,57190,forward,e,-,67,67.0,0.0,0.5207930805361836,0.004955051902914214,0.5135822888652242,0.5290252741289669,0.01544298526374277,0.5125819131396415,0.5315945323361354,0.019012619196493885,0.1555636522388961,0.00873467103210691,0.009635726839178793,nan,nan
522,117,59536,forward,e,-,152,152.0,0.0,0.5206534332405968,0.003199790767127296,0.515954418958633,0.5262504642401524,0.010296045281519395,0.5149946990565897,0.527265882860888,0.012271183804298369,0.14290937861092262,0.005724703909568221,0.006740122530303871,nan,nan
522,118,56705,forward,e,-,106,106.0,0.0,0.5193279086965749,0.005898778859506406,0.5136027785571922,0.5301584996302429,0.0165557210730507,0.5129400967684835,0.5333723246377283,0.020432227869244812,0.4540615654250382,0.010850398606843059,0.014064223614328464,nan,nan
522,119,58890,forward,e,-,214,214.0,0.0,0.5211080664515264,0.0053068696143752,0.5159317079880137,0.5326329339151554,0.01670122592714174,0.5147904948622216,0.5351824763890017,0.020391981526780123,0.6367014698314946,0.010554589127789038,0.013104131601635371,nan,nan
522,120,59056,forward,e,-,57,57.0,0.0,0.4191008652412315,0.0031436287146093533,0.4152131513464531,0.4246194341722787,0.009406282825825618,0.4147733654894945,0.42603495346790116,0.01126158797840665,0.4912417721990544,0.005446753917110934,0.006862273212733361,nan,nan
522,121,60114,forward,e,-,132,132.0,0.0,0.5271669354741838,0.006415770180943364,0.5169746224723905,0.5371565113376593,0.020181888865268838,0.5141779596400731,0.5402134532798303,0.026035493639757212,-0.033073076141306695,0.011352973681800436,0.013415735511166371,nan,nan
522,122,59707,forward,e,-,67,67.0,0.0,0.4117466778981748,0.0014749349920344516,0.4095090083717361,0.41433501031823833,0.004826001946502234,0.40914191168844444,0.4149554157103994,0.005813504021954963,0.24036265669979648,0.0026338349978922257,0.003166071892470479,nan,nan
522,123,59436,forward,e,-,70,70.0,0.0,0.5047177793181418,0.00467808953526031,0.497672273342085,0.511790380094894,0.014118106752808945,0.4949457605780652,0.5134854536753243,0.018539693097259058,-0.0364157466761866,0.00832744412261721,0.009619620199735501,nan,nan
522,124,61508,forward,e,-,59,59.0,0.0,0.7010759262960676,0.006585294444785039,0.6851784398283479,0.7048592828826337,0.019680843054285746,0.6822098975439302,0.705424795155398,0.023214897611467777,-0.8840343586068542,0.015897486467719754,0.018866028752137387,nan,nan
522,125,57957,forward,e,-,122,122.0,0.0,0.540834482912558,0.006216308492142287,0.5299828266982416,0.5505564705426833,0.020573643844441714,0.5264707997434305,0.5528574129766873,0.02638661323325686,-0.13528831044341552,0.01402807645317782,0.01754010340798895,nan,nan
522,126,59426,forward,e,-,53,53.0,0.0,0.48594888201310876,0.0039501335958342185,0.47970461022377686,0.4921167754138227,0.012412165190045843,0.4781725947579127,0.4932076541748928,0.015035059416980134,-0.06456645369770404,0.006881259865500866,0.008147878498674044,nan,nan
522,127,61835,forward,e,-,95,95.0,0.0,0.5581942884514096,0.006651324611512439,0.5485827823384334,0.5695966664890106,0.021013884150577256,0.5455425130684172,0.5719362272676919,0.02639371419927472,0.11839492319511619,0.012781108149311441,0.015120668927992686,nan,nan
522,128,60638,forward,e,-,72,72.0,0.0,0.5109719019039982,0.002701289947245171,0.5093545943204005,0.5175559335068224,0.008201339186421852,0.5089498309926996,0.5189255991729856,0.009975768180286004,0.9242499144475465,0.007418982736986253,0.008788648403149524,nan,nan
522,129,62811,forward,e,-,101,101.0,0.0,0.41934112305722726,0.0025179002321966846,0.41706797819558433,0.4247417522257922,0.007673774030207858,0.4164717478125585,0.4262868633700342,0.009815115557475662,0.6662610730649215,0.007127862525228068,0.008672973669470063,nan,nan
522,130,58929,forward,e,-,74,74.0,0.0,0.5709362226053272,0.009882272218540954,0.5566228949014047,0.5858688421602324,0.029245947258827676,0.5540378292493273,0.5864130406522923,0.032375211402964954,0.015166048096139514,0.017791904541735237,0.01833610303379507,nan,nan
522,131,61929,forward,e,-,134,134.0,0.0,0.5578696390204916,0.0058439943403661,0.5491237408490475,0.5680381231429198,0.018914382293872323,0.5453575500246107,0.5700839809546072,0.02472643092999649,0.07699539622269702,0.011761160938661811,0.013807018750349287,nan,nan
522,132,60628,forward,e,-,65,65.0,0.0,0.542058702255042,0.007539792036333665,0.5308370151869515,0.5527608627113553,0.021923847524403794,0.5278131680775169,0.555802913680507,0.027989745602990168,0.0532782134920378,0.012971468772279593,0.01599531588171421,nan,nan
522,133,60758,forward,e,-,54,54.0,0.0,0.46149218242445833,0.00438013652100475,0.45516819808347886,0.46919177967174525,0.014023581588266387,0.4534695839172587,0.47183870360680097,0.018369119689542246,0.22613330977080331,0.008053163374130045,0.009396650848519872,nan,nan
522,134,63247,forward,e,-,61,61.0,0.0,0.6065073850877383,0.009955328848276365,0.5918208616444531,0.6221059454999438,0.03028508385549067,0.5904210095310919,0.6235558073865637,0.0331347978554718,0.07418510847592846,0.016086375556646382,0.017048422298825416,nan,nan
522,135,63326,forward,e,-,93,93.0,0.0,0.540886456046523,0.004948061809733533,0.5330896008949927,0.5494916302823258,0.01640202938733315,0.5307027645555537,0.5516104952117941,0.02090773065624041,0.05799630761731764,0.009241659611404817,0.010771041634945688,nan,nan
522,136,63336,forward,e,-,157,157.0,0.0,0.5770348015707876,0.006988607157611586,0.5658957286908438,0.5886154574227379,0.022719728731894095,0.5621587654956123,0.5911635375895721,0.029004772093959796,-0.04414121856129618,0.013223955582833735,0.014827948055313178,nan,nan
522,137,62101,forward,e,-,53,53.0,0.0,0.4147771654475296,0.002230445792337311,0.41275469326326014,0.4196199191148112,0.006865225851551082,0.41228934878697887,0.4208403823792479,0.008551033592269053,0.717215357866103,0.004259962447281983,0.005480425711718695,nan,nan
522,138,61464,forward,e,-,67,67.0,0.0,0.48931139852618916,0.004269260012335318,0.483471518942462,0.4964107715035672,0.01293925256110523,0.48198696898579735,0.4977570257187212,0.015770056732923865,0.0851828762162149,0.0072021240600112935,0.008501856886525272,nan,nan
522,139,62167,forward,e,-,82,82.0,0.0,0.5050641424100196,0.005605589251467932,0.4961587330218445,0.513696290420799,0.017537557398954517,0.49418045574055086,0.516079102375852,0.02189864663530111,0.002972592769941507,0.009622683575461042,0.011369856538795575,nan,nan
522,140,65106,forward,e,-,81,81.0,0.0,0.5333434148583998,0.003271467746349043,0.528662003191851,0.5380727707766337,0.009410767584782764,0.5275971115012622,0.5405938569323082,0.012996745431046008,0.20722908263885562,0.006115584827330323,0.008636670983004802,nan,nan
522,141,61309,forward,e,-,66,66.0,0.0,0.5768829819299011,0.009464375508668629,0.564313265010968,0.59233041178174,0.02801714677077194,0.5611692770993326,0.5938385090485871,0.03266923194925453,0.04077622251928699,0.015056621995071212,0.017537230862694986,nan,nan
522,142,64602,forward,e,-,99,99.0,0.0,0.4215372599249681,0.0023216668856346516,0.41912113965054676,0.4265820851457149,0.007460945495168125,0.418583490795157,0.4282398223867764,0.009656331591619383,0.6706033321329607,0.0068479333193832695,0.008505670560444767,nan,nan
522,143,61454,forward,e,-,53,53.0,0.0,0.4738045899506621,0.0036238452393449493,0.46868889243385947,0.4796426819984381,0.010953789564578653,0.4673306650443569,0.4815534807963866,0.014222815752029716,0.13524188781180102,0.006246212229889014,0.007748890845724499,nan,nan
522,144,64686,forward,e,-,68,68.0,0.0,0.6426770017130268,0.01083824012692017,0.625941883197012,0.6601282704107764,0.034186387213764324,0.6249388854483005,0.6646480117366145,0.03970912628831402,0.10716272400076784,0.01934946283100129,0.023869204156839352,nan,nan
522,145,66568,forward,e,-,80,80.0,0.0,0.5630034919641245,0.006964628725430525,0.5519190718984338,0.5744493911095482,0.02253031921111437,0.5499128167620686,0.5779554106971995,0.028042593935130866,0.05469741346589532,0.013116896912092457,0.01662291649974379,nan,nan
522,146,68432,forward,e,-,80,80.0,0.0,0.5459541409354437,0.005066194760876773,0.5399958227329482,0.5559702098590302,0.015974387126082013,0.5388266408494983,0.5594906980278224,0.02066405717832409,0.4574668984313228,0.009293843398980104,0.010365320123664756,nan,nan
522,147,64054,forward,e,-,149,149.0,0.0,0.5998333959062664,0.007673512133854941,0.5874999832235632,0.6124615570467561,0.024961573823192862,0.5833490638586761,0.6172986721655382,0.03394960830686211,-0.00813121289806118,0.014534695190913239,0.018977067471104725,nan,nan
522,148,61951,forward,e,-,118,118.0,0.0,0.6227521462999019,0.0074607727509136915,0.611402256860175,0.6359494782247975,0.024547221364622507,0.6087705503099281,0.6403238361976178,0.031553285887689686,0.13706944115697087,0.014452216648223291,0.018826574621043535,nan,nan
522,149,68054,forward,e,-,59,59.0,0.0,0.5901887703054686,0.006877180326864307,0.5777747984498836,0.6008444576329712,0.023069659183087676,0.5757129006527694,0.6022935278847982,0.02658062723202881,-0.0835296876481056,0.012439342270442563,0.01417982201607959,nan,nan
522,150,63417,forward,e,-,117,117.0,0.0,0.6102195414100049,0.009414559257335963,0.595890535690146,0.6258251637589866,0.029934628068840508,0.5924050683388598,0.6292183685822028,0.03681330024334306,0.10077683737108402,0.016422509719881594,0.019886066587661233,nan,nan
522,151,63516,forward,e,-,50,50.0,0.0,0.417194399258243,0.002386790183607107,0.41484682001580886,0.4221425346658543,0.007295714650045415,0.4144613037834176,0.4234188788001443,0.008957575016726671,0.6268855399716352,0.004615118567858002,0.00589146270214802,nan,nan
522,152,65334,forward,e,-,124,124.0,0.0,0.42388845276979925,0.002477976482180439,0.42138329246294637,0.42942742278426566,0.008044130321319287,0.4208949297292932,0.43134243376228054,0.010447504032987331,0.7749061773548902,0.006933983384911071,0.008848994362925966,nan,nan
522,153,63004,forward,e,-,122,122.0,0.0,0.6451150962565122,0.008280641185864454,0.6325043755169465,0.6601661405932177,0.02766176507627116,0.6291790449872812,0.6650755470552984,0.0358965020680172,0.13388041872255282,0.015593396777779859,0.018481533841967046,nan,nan
522,154,64033,forward,e,-,118,118.0,0.0,0.5238047431357258,0.005171554614405159,0.5196321890192261,0.5348510627316572,0.015218873712431025,0.5190622210702605,0.5381757637809593,0.019113542710698872,0.6810522735126614,0.009982705366178256,0.01330740641548045,nan,nan
522,155,63186,forward,e,-,55,55.0,0.0,0.44171072194822886,0.0037882333298385573,0.43621523759909264,0.4486883514422959,0.012473113843203265,0.4350177148481466,0.4502674458844327,0.015249731036286074,0.24770071935662902,0.007231100103967858,0.008810194546104655,nan,nan
522,156,63550,forward,e,-,56,56.0,0.0,0.44951876400199164,0.0037367658520283367,0.4438124116522143,0.45574192852020257,0.011929516867988266,0.4420476639547864,0.45710267402589305,0.015055010071106656,0.012962673642408643,0.006932196553977518,0.0075845585068606836,nan,nan
522,157,63916,forward,e,-,70,70.0,0.0,0.46163035076750125,0.003713354854956421,0.45591088892358256,0.46734859247644167,0.011437703552859113,0.45376948399166495,0.4683711394870795,0.014601655495414534,-0.0721016648864911,0.006293743330081393,0.008123917809386982,nan,nan
522,158,63925,forward,e,-,66,66.0,0.0,0.4759278602945666,0.0037214997707896626,0.4704841333673202,0.48179765530361707,0.011313521936296866,0.4694419684421719,0.4828928225146209,0.013450854072449003,0.07128028701953011,0.006250880269426148,0.0071333223978493066,nan,nan
522,159,62333,forward,e,-,108,108.0,0.0,0.655609747915965,0.009281780258623704,0.639942931757862,0.6708168324197908,0.030873900661928855,0.6340916718436735,0.6752508724314978,0.041159200587824296,-0.13033096003132802,0.018293664444745464,0.024144924358933895,nan,nan
522,160,65393,forward,e,-,92,92.0,0.0,0.5132074741238662,0.005559292241432503,0.5045556615064285,0.522883215188357,0.01832755368192851,0.50212115144745,0.5255188823492353,0.02339773090178532,0.07566901383186579,0.010674559041160337,0.011718766460325658,nan,nan
522,161,63370,forward,e,-,125,125.0,0.0,0.6775799550611822,0.009613673984194583,0.6618831020521876,0.6919740809432078,0.030090978891020193,0.6573869828620341,0.6992388260258529,0.041851843163818736,0.10747238269651226,0.01863549338115604,0.02116643719191058,nan,nan
522,162,63762,forward,e,-,53,53.0,0.0,0.6738203067095903,0.007667604750404095,0.6611247670162089,0.6852237319486596,0.024098964932450673,0.6578739158519981,0.6884443238191058,0.03057040796710775,-0.1502805634570186,0.013676315757791602,0.01530914677090156,nan,nan
522,163,66810,forward,e,-,101,101.0,0.0,0.42697658686390555,0.0021426889905980188,0.4248682585408515,0.43192455104378213,0.007056292502930661,0.4244675869650083,0.43406535571101773,0.009597768746009427,1.0529610056291452,0.005910686264401499,0.008051490931637095,nan,nan
522,164,64798,forward,e,-,61,61.0,0.0,0.6942672344974912,0.006358867941348675,0.6850141878371466,0.7049301219401343,0.019915934102987642,0.6820018526527957,0.7066108290566666,0.02460897640387094,0.06114671171124618,0.011212946368038046,0.012343594559175441,nan,nan
522,165,64468,forward,e,-,104,104.0,0.0,0.7188723716612407,0.012356984286016072,0.6987830405445172,0.7359013805642356,0.037118340019718365,0.6921561496925752,0.7373050907852747,0.04514894109269951,-0.10669071971114243,0.01941472466987496,0.025695625225338636,nan,nan
522,166,65946,forward,e,-,84,84.0,0.0,0.7092343606972581,0.013184913346351771,0.6895614721858726,0.7288385088197638,0.03927703663389115,0.6858558507573955,0.7335108175762824,0.047654966818886924,-0.011598081373709433,0.022334446163447326,0.025190561695729974,nan,nan
522,167,67738,forward,e,-,304,304.0,0.0,0.7236936902229043,0.010128453527733759,0.7075022115287748,0.7387458108589307,0.031243599330155858,0.7031180907926605,0.7433501358609917,0.040232045068331224,-0.05483915151110091,0.0174791431506905,0.02063641304937225,nan,nan
522,168,66448,forward,e,-,88,88.0,0.0,0.4319109458163035,0.0029273956715507718,0.4283433656720965,0.43797198623194733,0.009628620559850809,0.42729937794594197,0.44024398492078565,0.012944606974843675,0.5000449012136384,0.005896270890554985,0.008168269579393317,nan,nan
522,169,66474,forward,e,-,76,76.0,0.0,0.46374230570674335,0.003492540897556106,0.45823176754717354,0.4693535922487042,0.01112182470153067,0.4568558711101934,0.4701525827255599,0.013296711615366497,0.01497769379177903,0.0064806300190960175,0.007856526456076207,nan,nan
522,170,69498,forward,e,-,67,67.0,0.0,0.528024631524838,0.004881359451485826,0.5183709128740783,0.5333011697189937,0.014930256844915335,0.5165594860838368,0.5349466208793131,0.018387134795476268,-0.40104941697105534,0.008285263275453524,0.009355263724467044,nan,nan
522,171,67716,forward,e,-,98,98.0,0.0,0.6260432641224258,0.009121162006785064,0.6122344293393099,0.6401598737919151,0.02792544445260514,0.6081938601971169,0.6431130307993762,0.03491917060225935,-0.038518359434276145,0.01574763548540578,0.018714598343326005,nan,nan
522,172,66464,forward,e,-,74,74.0,0.0,0.4500278413530653,0.0033982462609276503,0.4449955689121787,0.45559476954693306,0.010599200634754391,0.4436346915704804,0.4569236386068792,0.013288947036398768,0.10905962041639312,0.006046113441853456,0.007259917383769132,nan,nan
522,173,68575,forward,e,-,63,63.0,0.0,0.6354905950377163,0.009646214166051817,0.6219220264526817,0.6498122908856201,0.027890264432938405,0.6161674296709769,0.6524229420458524,0.036255512374875454,0.059775373624684915,0.016106306315882123,0.018404726139195304,nan,nan
522,174,66296,forward,e,-,182,182.0,0.0,0.752842143880111,0.0055648497983727015,0.7409599749968006,0.7574970395224935,0.016537064525692924,0.7364366426342582,0.7584589276276766,0.022022284993418406,-0.6741446627094919,0.012637564981786975,0.01716089734432935,nan,nan
522,175,68567,forward,e,-,81,81.0,0.0,0.7001712528339106,0.014044491675241778,0.6788816037337247,0.7219964575560743,0.043114853822349586,0.674719023214625,0.7250655260623534,0.05034650284772846,0.04109574657057094,0.02348885585082261,0.026694830015341675,nan,nan
522,176,70594,forward,e,-,152,152.0,0.0,0.4351545462477867,0.002717827812398764,0.43212677106040837,0.4409251437828735,0.008798372722465142,0.43149406314404554,0.4428954217145522,0.01140135857050667,0.6039282905222394,0.007667237723350997,0.009637515655029683,nan,nan
522,177,70637,forward,e,-,112,112.0,0.0,0.4984685642296146,0.0053076494896080635,0.4911605729365062,0.5081393242923471,0.01697875135584087,0.4881673135313536,0.5096652009106576,0.02149788737930397,0.03956969726926857,0.010434971019752558,0.011960847638063044,nan,nan
522,178,68213,forward,e,-,55,55.0,0.0,0.5103322091449312,0.0038051569028837297,0.507847896765398,0.5196801552287511,0.011832258463353118,0.5076819069292257,0.5213104457216876,0.013628538792461953,0.9907131532992439,0.011713574993997233,0.013343865486933781,nan,nan
522,179,71873,forward,e,-,220,220.0,0.0,0.5301892301584024,0.005859044713510014,0.5233451261951476,0.5418864461065831,0.018541319911435483,0.5215474123919995,0.5457427346468009,0.024195322254801366,0.39905222397845863,0.01169450778876177,0.0155507963289796,nan,nan
522,180,72670,forward,e,-,184,184.0,0.0,0.6590024482587545,0.008918901439337299,0.6452566582026487,0.672357991112292,0.02710133290964334,0.6408610934846477,0.6779229149976866,0.03706182151303894,0.05724536490189789,0.015885217675957686,0.020704531394136638,nan,nan
522,181,71904,forward,e,-,217,217.0,0.0,0.6897322395372913,0.010531025600490993,0.6730203315979099,0.706649561435804,0.03362922983789418,0.6680056188704447,0.7100604214770578,0.042054802606613095,-0.0009260968033664068,0.01900669032727573,0.021210461744335052,nan,nan
522,182,72029,forward,e,-,75,75.0,0.0,0.5631375787262747,0.009030128010910675,0.5479871022193865,0.5750959697171087,0.027108867497722233,0.5458855023540411,0.577858945252337,0.031973442898295956,0.013773777824226804,0.015326737630170402,0.017428337495515867,nan,nan
522,183,74978,forward,e,-,157,157.0,0.0,0.5262625705820062,0.0022986126960898826,0.5224404080143978,0.5301317478994881,0.007691339885090298,0.5216050453787988,0.5317549494893381,0.010149904110539287,0.13949827449236787,0.004594406480537436,0.006217608070387404,nan,nan
522,184,70005,forward,e,-,224,224.0,0.0,0.7537771311782577,0.006329652872189321,0.7411669162992887,0.7609400623171374,0.01977314601784874,0.7389635217248514,0.7625079370768973,0.02354441535204599,-0.4357337024005325,0.01255201610695833,0.014755410681395631,nan,nan
522,185,70467,forward,e,-,133,133.0,0.0,0.7462575569199281,0.008276278706305505,0.7299197878606899,0.7545443423517345,0.024624554491044615,0.7235755406090922,0.755441796805203,0.03186625619611072,-0.5661263052691059,0.016909071941621848,0.02325331919321949,nan,nan
522,186,69107,forward,e,-,54,54.0,0.0,0.48039324929418736,0.0035307418978674167,0.4750941370739327,0.4861674871811601,0.011073350107227375,0.47418874242440895,0.4872227554338562,0.013034013009447232,0.057556135785445606,0.0064591740334363264,0.007364568682960093,nan,nan
522,187,70647,forward,e,-,59,59.0,0.0,0.5445916369279926,0.006060449065866652,0.5360913810788128,0.5549211972565211,0.018829816177708292,0.5351609947792908,0.5590583275853644,0.023897332806073646,0.2492170807485,0.010606465168822432,0.012772307835990815,nan,nan
522,188,70270,forward,e,-,54,54.0,0.0,0.6009082389708191,0.008878665019159668,0.5871474416471741,0.6152417731201256,0.028094331472951484,0.5823085077167317,0.6189563021177183,0.036647794400986644,0.026345970925547014,0.016448145865885052,0.018583301536703845,nan,nan
522,189,69637,forward,e,-,263,263.0,0.0,0.7579156635104672,0.00920512772678167,0.7346329523980056,0.7628237858488802,0.028190833450874586,0.7166635669305739,0.7638846870381181,0.0472211201075442,-1.6608734582880071,0.02274390394625065,0.04071328941368246,nan,nan
522,190,69469,forward,e,-,90,90.0,0.0,0.4533175653298455,0.002991959297062391,0.4485973318880611,0.45843275921778565,0.009835427329724533,0.446899007042958,0.45946675394055503,0.012567746897597043,-0.0037128992628112983,0.005525298127506586,0.007163761614843445,nan,nan
522,191,71008,forward,e,-,126,126.0,0.0,0.46361707065637725,0.004931678957155894,0.4563280370292696,0.471376580724376,0.015048543695106387,0.4553667611093491,0.47378140869716334,0.018414647587814248,0.11242852257530636,0.008073338270913208,0.010007544761778786,nan,nan
522,192,74929,forward,e,-,57,57.0,0.0,0.7042623039357454,0.00993582261172769,0.6778274622014544,0.7085152105995913,0.030687748398136927,0.670193585699021,0.7092837787659847,0.03909019306696371,-1.4785867197370899,0.028440463753559766,0.03607434025599321,nan,nan
522,193,68168,forward,e,-,74,74.0,0.0,0.7524768052492352,0.0046428913980544875,0.7412191474568893,0.7559336908560474,0.01471454339915812,0.7401328542312903,0.7564297940834344,0.016296939852144088,-0.708245655261245,0.009836816234588812,0.010923109460187819,nan,nan
522,194,72414,forward,e,-,70,70.0,0.0,0.5952666833845236,0.010874061599833116,0.5807712920607806,0.6155839415439177,0.034812649483137115,0.5793908009978359,0.6168720747088472,0.03748127371101129,0.2068609206086043,0.018291775231891776,0.019042686366745,nan,nan
522,195,71369,forward,e,-,170,170.0,0.0,0.43923395305481266,0.0026466379658995286,0.43545846655812703,0.4442342803148342,0.008775813756707163,0.43464889293105885,0.44615191278512617,0.01150301985406732,0.4301561323700452,0.005793294065030802,0.007710926535322793,nan,nan
522,196,73817,forward,e,-,118,118.0,0.0,0.5516400469288513,0.005425965431775919,0.5431969613483052,0.5599070158769822,0.01671005452867702,0.5398365660225369,0.5624073811355188,0.022570815112981868,0.0002404248399522012,0.009769114991414973,0.012804921208303566,nan,nan
522,197,81346,forward,e,-,213,213.0,0.0,0.5743485763328355,0.007891862477652892,0.5619546337812672,0.5874178728466609,0.025463239065393717,0.5568738982525222,0.5918271686978431,0.03495327044532093,0.038693210744862934,0.014461830607160706,0.017828992206600613,nan,nan
522,198,69688,forward,e,-,54,54.0,0.0,0.723184375602409,0.014770415760176637,0.6929618528024625,0.7381762166998442,0.04521436389738176,0.6880388494928762,0.7395007705410491,0.05146192104817293,-0.4862835783721257,0.02937097510850771,0.03429397841809401,nan,nan
522,199,70970,forward,e,-,90,90.0,0.0,0.43025320042618453,0.002007298651101685,0.4277504959744906,0.43435054860779254,0.006600052633301934,0.4273200341231842,0.4358969899671619,0.008576955843977718,0.6088080512573206,0.004275829166374161,0.0058222705257435226,nan,nan
522,200,75710,forward,e,-,53,53.0,0.0,0.629858694336993,0.008105805664726188,0.6166549992036062,0.6432226091806271,0.0265676099770209,0.6144661318316186,0.6492663563880974,0.0348002245564788,0.09911029529807834,0.015088422025908186,0.020555224137221773,nan,nan
522,201,73174,forward,e,-,75,75.0,0.0,0.7517139341048547,0.004337218108543431,0.7424482474097793,0.7549949308944434,0.012546683484664034,0.7407941625160955,0.755445188203627,0.014651025687531516,-0.734925513746395,0.009265686695075293,0.01091977158875912,nan,nan
522,202,74484,forward,e,-,205,205.0,0.0,0.444738234242066,0.00249370333350194,0.4409977186571538,0.4491353777907903,0.00813765913363651,0.4402548700634672,0.4514027811762881,0.01114791111282093,0.2905963366835983,0.005306584083345432,0.007573987468843246,nan,nan
522,203,75295,forward,e,-,113,113.0,0.0,0.48525082999441477,0.004574024718172689,0.47796477645980623,0.49366598063421674,0.01570120417441051,0.4770507613741173,0.4971449668112439,0.020094205437126644,0.306495761957258,0.008677663460396907,0.012156649637424077,nan,nan
522,204,74995,forward,e,-,108,108.0,0.0,0.5883024261157211,0.006843320935470822,0.5775085931710235,0.5992196115159834,0.02171101834495981,0.5752641838791801,0.6031590989574135,0.027894915078233384,0.09827170033580022,0.012126590581241107,0.014713647286664244,nan,nan
522,205,75394,forward,e,-,113,113.0,0.0,0.6108117638875212,0.007469955963547131,0.5994664122454251,0.6229146444035552,0.023448232158130078,0.595687295737882,0.627288832078057,0.03160153634017493,0.11181815229157491,0.01347150190890227,0.015872745402267574,nan,nan
522,206,78088,forward,e,-,62,62.0,0.0,0.7079134722455126,0.003766163877641151,0.6988760311370862,0.7107900661636884,0.011914035026602265,0.6984109874728349,0.7111555836964252,0.012744596223590254,-0.7023181183832466,0.010041614987476825,0.010506658651728062,nan,nan
522,207,74751,forward,e,-,58,58.0,0.0,0.6766099343079928,0.010217184317194341,0.6600217055391968,0.6916087892066033,0.03158708366740648,0.6565360796507153,0.6961783144204329,0.03964223476971762,-0.07639601262220977,0.017707076711833303,0.02024164441555809,nan,nan
522,208,75684,forward,e,-,143,143.0,0.0,0.46579639407339,0.005107955928498162,0.4587570912243746,0.4746665267230421,0.015909435498667523,0.4572943155502098,0.4760505253876953,0.01875620983748555,0.19049144685465313,0.008651208621896644,0.009887565595942449,nan,nan
522,209,77286,forward,e,-,80,80.0,0.0,0.5805392762572716,0.00806402673422643,0.5685927190942027,0.594627077276154,0.026034358181951323,0.5650859569687711,0.5978336522035772,0.03274769523480614,0.11272170592815038,0.015062831911568111,0.01773894150640276,nan,nan
522,210,75792,forward,e,-,97,97.0,0.0,0.6348859572932465,0.0075234254625797135,0.6229511515501328,0.6467505423259641,0.023799390775831264,0.6199221952178612,0.6488874009513013,0.02896520573344008,-0.04329520284606546,0.012833700726759883,0.015429706357788509,nan,nan
522,211,75431,forward,e,-,122,122.0,0.0,0.7409871128259965,0.013587796850169741,0.7163288954397063,0.7589630699434479,0.04263417450374152,0.7107336120032395,0.7612629210550893,0.050529309051849824,-0.3718675820726523,0.02451154696293003,0.030106830399396878,nan,nan
522,212,74738,forward,e,-,52,52.0,0.0,0.7227341060202046,0.01339596031617539,0.6986187265380043,0.7371779793902706,0.03855925285226636,0.6947885375828405,0.7389598112765081,0.04417127369366758,-0.26443989538974333,0.02075458767055251,0.02376715729335599,nan,nan
522,213,76879,forward,e,-,70,70.0,0.0,0.5085638364813811,0.005538352178821049,0.4987759651682409,0.5167756788137423,0.017999713645501403,0.49578016009346293,0.5191166149170214,0.023336454823558506,-0.1727633404949236,0.01021944629388064,0.011873695308295962,nan,nan
522,214,83339,forward,e,-,121,121.0,0.0,0.5367787903860307,0.0047082245085728145,0.5299234968918036,0.5455025172429094,0.01557902035110581,0.5282480808511771,0.5463136844668617,0.018065603615684545,0.2156460823862454,0.00954432798503091,0.010355495208983156,nan,nan
522,215,76462,forward,e,-,129,129.0,0.0,0.45012305856052864,0.0023334027517882914,0.44709692366268294,0.45459960281315553,0.007502679150472591,0.44658762080754605,0.455822791652275,0.009235170844728968,0.456458688693264,0.0051554692493318895,0.006378658088451394,nan,nan
522,216,76343,forward,e,-,68,68.0,0.0,0.5098592246233148,0.004666209605581734,0.5068885606321839,0.5203177670508926,0.013429206418708706,0.506533921664086,0.5233395270656245,0.016805605401538526,0.9944776606712948,0.008842241750371292,0.01186400176510316,nan,nan
522,217,74850,forward,e,-,53,53.0,0.0,0.44286386514057136,0.003375953676530998,0.43756825838365,0.4484228663893109,0.010854608005660904,0.4361787450891935,0.44978632277745123,0.01360757768825771,-0.024658508300209193,0.006150557886837193,0.007125277705741229,nan,nan
522,218,79912,forward,e,-,99,99.0,0.0,0.7328034039449237,0.009338615876611923,0.7159004385657376,0.7455191581419993,0.02961871957626172,0.7130299511616282,0.7479660034007126,0.03493605223908447,-0.15297410111988194,0.015690565735964532,0.017859958146065003,nan,nan
522,219,76043,forward,e,-,90,90.0,0.0,0.44130198333862103,0.003339434618620556,0.43663097048116795,0.44737630496036074,0.010745334479192792,0.4353769958725583,0.449798311004869,0.014421315132310708,0.3161258925583879,0.0061029450322853075,0.008101768558659739,nan,nan
522,220,80077,forward,e,-,76,76.0,0.0,0.6514521571368308,0.010517456829693085,0.6354370957385891,0.6682527878132489,0.03281569207465984,0.6315872570277242,0.6713810940328584,0.03979383700513417,-0.004916963668872259,0.01841447493527057,0.02041446852699269,nan,nan
522,221,86199,forward,e,-,237,237.0,0.0,0.7304324601680088,0.0069308859092047145,0.7182891518384376,0.7397307936250561,0.02144164178661856,0.7162743540862525,0.7410488924671566,0.024774538380904043,-0.17526560241944122,0.01190359421960185,0.013918391971786903,nan,nan
522,222,80174,forward,e,-,132,132.0,0.0,0.7510874199093831,0.005559338971943709,0.7416875854164455,0.759354499407983,0.017666913991537525,0.7411213775401533,0.7605733486455076,0.01945197110535435,-0.17257670374246967,0.009324847348713285,0.010543696586237883,nan,nan
522,223,83275,forward,e,-,65,65.0,0.0,0.5177439070290044,0.005282267433529435,0.5085212005536245,0.5254256842438022,0.01690448369017772,0.5057302058885919,0.5281539927466649,0.022423786858073003,-0.141905643387103,0.009935650271995788,0.012663830559715095,nan,nan
522,224,83256,forward,e,-,297,297.0,0.0,0.4563016244320035,0.002695223875443899,0.45196052200766884,0.4608856083997981,0.008925086392129244,0.45114009906159724,0.4632005785917995,0.012060479530202284,0.0809329235328804,0.005991111312998265,0.00830608150499973,nan,nan
522,225,81258,forward,e,-,71,71.0,0.0,0.47563450959831655,0.0030771905138916567,0.470771544125486,0.4809214896216602,0.010149945496174206,0.4695554519024904,0.48161845783816737,0.012063005935676996,0.012283173321053506,0.005527821973672575,0.006615675304743551,nan,nan
522,226,78827,forward,e,-,93,93.0,0.0,0.4480161508031732,0.0033426068213550536,0.44312536983015005,0.45411148980880384,0.010986119978653786,0.44214414397544427,0.45691720997002844,0.014773065994584167,0.2886756520907724,0.00613936193765657,0.008354378099059145,nan,nan
522,227,83935,forward,e,-,81,81.0,0.0,0.7508755560749728,0.0023979773324592454,0.745349858581466,0.7530791117220057,0.007729253140539738,0.7446189578100303,0.7535279947926755,0.008909036982645224,-0.9153464476774473,0.0070992032060761545,0.007830103977511826,nan,nan
522,228,82985,forward,e,-,157,157.0,0.0,0.7642886807764648,0.0020603679771810206,0.7604316392181313,0.7672155260790671,0.006783886860935784,0.7589568711444038,0.7681091564564162,0.009152285312012398,-0.30339638354753334,0.005128585228011739,0.006603353301739223,nan,nan
522,229,90600,forward,e,-,108,108.0,0.0,0.5545834858415695,0.006625285044710229,0.5452768086844865,0.5662757512562122,0.020998942571725743,0.5437891560926381,0.569556235240356,0.02576707914771792,0.18784227137690718,0.011684076843936828,0.014000066810791134,nan,nan
522,230,84985,forward,e,-,173,173.0,0.0,0.7029025500291227,0.009649336124027571,0.6849824651985046,0.7149299275005645,0.029947462302059913,0.6818006943910637,0.7163545937744514,0.03455389938338771,-0.3333093389530057,0.01814847014924235,0.021330240956683233,nan,nan
522,231,79611,forward,e,-,51,51.0,0.0,0.4662783925136348,0.005624096091013173,0.45868136377176827,0.47600468773024096,0.01732332395847269,0.4570277306587389,0.47802052811593854,0.02099279745719962,0.1958986953456294,0.009598582066089156,0.010957511507691253,nan,nan
522,232,85006,forward,e,-,83,83.0,0.0,0.7208853681832543,0.015027171183891443,0.6955619485169743,0.7441173597005342,0.04855541118355988,0.6950063957607745,0.7485988113591654,0.0535924155983909,-0.11326045872894082,0.02551456400671285,0.027713443175911068,nan,nan
522,233,93015,forward,e,-,78,78.0,0.0,0.6018788126795503,0.008459762604984426,0.5888707849854892,0.6164001734156563,0.027529388430167168,0.587116823382854,0.6218811668578841,0.0347643434750301,0.16178938228223022,0.015529357628653543,0.02101035107088134,nan,nan
522,234,91002,forward,e,-,87,87.0,0.0,0.5764730169571693,0.007118150452709096,0.5656596184057824,0.5897056006743726,0.024045982268590227,0.5615328444454002,0.594332113811116,0.032799269365715755,0.17648770242013498,0.01482341529949784,0.019449320741075304,nan,nan
522,235,80834,forward,e,-,71,71.0,0.0,0.4518848867914922,0.002609495269599011,0.4483543845877028,0.45662507759665993,0.008270693008957108,0.4476062313872001,0.4576204502934179,0.010014218906217787,0.28138021314537326,0.004605714270363187,0.005601086967121138,nan,nan
522,236,84069,forward,e,-,81,81.0,0.0,0.4670873736485227,0.0031264662934726946,0.4618540990730397,0.472056391082029,0.010202292008989311,0.460280551221599,0.4741677619263557,0.01388721070475668,0.012415042671856382,0.005703869952280061,0.0071729777043347265,nan,nan
522,237,88993,forward,e,-,234,234.0,0.0,0.5345225678593518,0.0035330396313130044,0.5291239729543883,0.5406945556632753,0.011570582708887,0.5282383465789918,0.5435778427049159,0.015339496125924112,0.23233735766099234,0.007067688093645929,0.009950975135286533,nan,nan
522,238,86978,forward,e,-,150,150.0,0.0,0.5470538233191966,0.005487952579861871,0.5384530338461,0.5564520173621349,0.017998983516034905,0.5354684040181238,0.5591051432160873,0.023636739197963497,0.06400435359359176,0.010401960095887022,0.012215801969000184,nan,nan
522,239,85566,forward,e,-,63,63.0,0.0,0.5093483008659183,0.004413509833543366,0.5061290074013981,0.5194650877898306,0.01333608038843248,0.5057299941862747,0.5216507460570278,0.015920751870753036,0.8884767886075992,0.007290942547949852,0.009476600815147007,nan,nan
522,240,87788,forward,e,-,112,112.0,0.0,0.5636128211291748,0.005135093978621301,0.5548948516457289,0.5718578019330911,0.016962950287362166,0.5511537123163757,0.5736664220864248,0.022512709770049155,-0.11393004074308712,0.009728024449893236,0.012346671093011241,nan,nan
522,241,91438,forward,e,-,194,194.0,0.0,0.6737604667749566,0.007881458675213298,0.6588907590544425,0.6852801070813868,0.02638934802694426,0.6535769752343101,0.6873640002129945,0.033787024978684355,-0.2970714431389181,0.014272340351723605,0.019529185855910458,nan,nan
522,242,89844,forward,e,-,201,201.0,0.0,0.7627974992244442,0.008226332443090931,0.743119907741372,0.7694171776025158,0.02629726986114378,0.735480800257973,0.7701222041716188,0.034641403913645785,-0.9788143015233948,0.020284697210906977,0.027923804694305998,nan,nan
522,243,95842,forward,e,-,263,263.0,0.0,0.6043472892559152,0.008663943220863623,0.589462581052475,0.6183843881882677,0.028921807135792732,0.584303111649244,0.6235713952671561,0.039268283617912125,-0.03287991457358591,0.01648108713434089,0.020618635789918627,nan,nan
522,244,83229,forward,e,-,56,56.0,0.0,0.48578430562593455,0.00564706274629845,0.4787906628805893,0.4971285756525212,0.01833791277193192,0.4766916447416376,0.49985600834976684,0.023164363608129235,0.36179493925766515,0.009808663607237825,0.012213568555526633,nan,nan
522,245,95443,forward,e,-,244,244.0,0.0,0.627167759489835,0.008730616673977254,0.6129361584075664,0.6419658286458936,0.029029670238327143,0.607564735290326,0.6472826506084223,0.03971791531809632,0.026373698053862436,0.01654025352079936,0.021001674260319958,nan,nan
522,246,93446,forward,e,-,224,224.0,0.0,0.6508839812049614,0.00896418727689584,0.6353907116474369,0.6654093171537291,0.030018605506292206,0.6299123522735323,0.6701157225705209,0.040203370296988616,-0.06328411719547827,0.016862342365771603,0.021355145222205052,nan,nan
522,247,86776,forward,e,-,53,53.0,0.0,0.5906034710193608,0.009323552973213783,0.5763683665181268,0.6047426988240722,0.028374332305945327,0.5733631701082444,0.605444731826489,0.0320815617182445,-0.03501026256351243,0.015751382817974124,0.016352217790755796,nan,nan
522,248,83640,forward,e,-,54,54.0,0.0,0.47077772671007895,0.0038355991574531697,0.4641426717252956,0.47645670268526585,0.012314030959970246,0.4627238752583157,0.4781179915665617,0.015394116308245998,-0.17061673060011132,0.006900209096394821,0.0078374435941998,nan,nan
522,249,88110,forward,e,-,61,61.0,0.0,0.4826871757434057,0.005178654541561583,0.4744218077071419,0.4900101143037533,0.015588306596611423,0.4733651731453347,0.49260598953993173,0.019240816394597016,-0.026786126593969405,0.009192670408047665,0.009771791334264035,nan,nan
522,250,95422,forward,e,-,109,109.0,0.0,0.5355959005931143,0.004462799626109475,0.5300753814432023,0.5441031681843567,0.014027786741154347,0.5290373366619986,0.5467756163992554,0.017738279737256835,0.3787215378739503,0.007957321004353667,0.010629769219252405,nan,nan
522,251,87679,forward,e,-,90,90.0,0.0,0.486874620286144,0.005973281930212839,0.4794229382813984,0.49766217051519734,0.01823923223379892,0.477417913699209,0.5001265379050577,0.022708624205848682,0.34885431985082915,0.01015772283633242,0.012377620211512674,nan,nan
522,252,89293,forward,e,-,95,95.0,0.0,0.5169519452614796,0.007209630853198249,0.5059789978991194,0.5285089502788144,0.022529952379695017,0.5031174487776425,0.5308685953804766,0.027751146602834065,0.040969633533297946,0.012150362981803409,0.013959837429993516,nan,nan
522,253,96263,forward,e,-,261,261.0,0.0,0.75671004157138,0.007965947565184437,0.7420696032241497,0.7671854050084173,0.025115801784267533,0.7407589313020376,0.7683653531028535,0.02760642180081585,-0.24445231548795107,0.014796197791318244,0.01610686971343034,nan,nan
522,254,90117,forward,e,-,145,145.0,0.0,0.4624387293624769,0.0020942092621324348,0.4597819741832899,0.46677822951274317,0.006996255329453249,0.45915496142803325,0.4681306648742781,0.008975703446244876,0.5365434659660653,0.005554510335695192,0.00690694569723016,nan,nan
522,255,91347,forward,e,-,55,55.0,0.0,0.5285481187475808,0.006903643310182078,0.5175333746574723,0.5384479137081497,0.020914539050677416,0.5141595115232898,0.5392871728051243,0.025127661281834524,0.0030144775359020196,0.012161632471402213,0.01553549560558476,nan,nan
522,256,99061,forward,e,-,53,53.0,0.0,0.48857363709090174,0.0030886431277023104,0.4860661636131962,0.4961855120287882,0.010119348415591978,0.4858276746204246,0.4974672734245581,0.01163959880413351,1.2797059170969465,0.00761187493788644,0.008893636333656363,nan,nan
522,257,97245,forward,e,-,79,79.0,0.0,0.7281592051018095,0.01096952472070163,0.7106553330428615,0.7429894322476883,0.03233409920482677,0.7053106039625481,0.7450593659198079,0.03974876195725985,-0.2027531217200571,0.0190212138946587,0.024365942974972188,nan,nan
522,258,94534,forward,e,-,67,67.0,0.0,0.5006909253496514,0.0063671761530567075,0.48984103331256945,0.5112864561965842,0.021445422884014742,0.4885423408492859,0.513274247289292,0.02473190644000617,0.019100435980884675,0.012530061647967246,0.01451785274067513,nan,nan
522,259,100594,forward,e,-,214,214.0,0.0,0.7050130122681142,0.011801834535214465,0.6895937845357655,0.7258725478255285,0.03627876328976298,0.6843360215553036,0.7292962155315444,0.04496019397624085,0.2109149478734602,0.02079682534059185,0.02421105664444967,nan,nan
522,260,89153,forward,e,-,54,54.0,0.0,0.3305948403823365,0.006716956421849417,0.3201488977344128,0.34048855165111097,0.020339653916698175,0.3162768477014641,0.3450279309157517,0.0287510832142876,-0.11989962337728988,0.012358425202001862,0.016014384609003784,nan,nan
522,261,93347,forward,e,-,50,50.0,0.0,0.4701991419236803,0.0029514223869554954,0.464963611949126,0.4749282056417867,0.009964593692660728,0.46453052557066854,0.47650816065086765,0.011977635080199112,-0.1076935236511815,0.0057137144111709505,0.0072936694202518915,nan,nan
522,262,91158,forward,e,-,50,50.0,0.0,0.33384321243631704,0.005732830026251468,0.3235404811703787,0.34183040053912656,0.018289919368747853,0.32170894964351643,0.34353580590708416,0.02182685626356773,-0.2649684305333508,0.010143779624261376,0.01120261713335996,nan,nan
522,263,94858,forward,e,-,59,59.0,0.0,0.5084646881339824,0.00434812458400309,0.505445280075433,0.5183691048921311,0.01292382481669807,0.5051195943680019,0.5207182655390786,0.015598671171076717,0.9479780316823737,0.00842526288385457,0.010774423530802157,nan,nan
522,264,98040,forward,e,-,75,75.0,0.0,0.7492102847049519,0.004373060397911018,0.7371424864187581,0.7515656227667677,0.014423136348009624,0.7329554702803333,0.7518764305362978,0.01892096025596457,-1.4521747640862253,0.014290176676795507,0.018477192815220422,nan,nan
522,265,96139,forward,e,-,170,170.0,0.0,0.46657001880856974,0.002348714224760058,0.46342042761785557,0.4712782809147157,0.007857853296860118,0.46277023352358787,0.4730133278359808,0.010243094312392953,0.4157461492169957,0.0052199187032351485,0.0069549656245002645,nan,nan
522,266,99440,forward,e,-,76,76.0,0.0,0.7502170417645185,0.009198654566070996,0.7352390659706791,0.7641209352277945,0.028881869257115333,0.7292928129206981,0.7675153488210943,0.03822253590039615,-0.13821234205726637,0.016150961736839664,0.021312844940287734,nan,nan
522,267,107040,forward,e,-,103,103.0,0.0,0.5397520800721691,0.004782587753340955,0.5337991754121397,0.5488567892240486,0.015057613811908843,0.5327450831836271,0.5518050946829623,0.019060011499335228,0.36487995726182276,0.008291618395928365,0.011239923854842182,nan,nan
522,268,108496,forward,e,-,93,93.0,0.0,0.5526551085182354,0.005274260420783875,0.5443703744188799,0.5618718115794574,0.017501437160577504,0.542509617755933,0.5649246859775168,0.02241506822158379,0.12577238750648093,0.009828794620900961,0.012269577459281367,nan,nan
522,269,104081,forward,e,-,238,238.0,0.0,0.7703861238932683,0.003085296063009696,0.7640430302624921,0.773965133433006,0.009922103170513896,0.7580648741763504,0.7748388818107992,0.016774007634448806,-1.023540648278426,0.00860126367683684,0.014579419762978607,nan,nan
522,270,105932,forward,e,-,228,228.0,0.0,0.5553190306131842,0.006707883915734572,0.5455378288423526,0.5671657809025893,0.02162795206023671,0.542139462834039,0.5710485566613017,0.0289090938272627,0.10144656036287113,0.012594739680063267,0.01590817719517945,nan,nan
522,271,98764,forward,e,-,78,78.0,0.0,0.3085169069456767,0.0045170579165897794,0.3008579719339994,0.31590406523140596,0.015046093297406582,0.2991007213558818,0.3170383669873974,0.01793764563151562,-0.11136869486649664,0.008125670282989666,0.00982492202107077,nan,nan
522,272,110635,forward,e,-,198,198.0,0.0,0.5954489871965114,0.007669082617690228,0.5830683234806169,0.6081692232223772,0.02510089974176033,0.5799373377591739,0.6129294066340619,0.032992068874888036,0.05354443448621734,0.014196875851062406,0.01683616611564076,nan,nan
522,273,111650,forward,e,-,210,210.0,0.0,0.578110453390099,0.006720448271023586,0.5681621454848841,0.5897387890243495,0.021576643539465423,0.5650993310720316,0.5945161961825547,0.029416865110523105,0.1459691091476915,0.012659386913502753,0.01512707904630095,nan,nan
522,274,99562,forward,e,-,56,56.0,0.0,0.28731722446463176,0.004226285159700883,0.28028283393179987,0.2939269705424027,0.01364413661060282,0.27747598778712224,0.2966715798347072,0.019195592047584975,-0.019611896193274834,0.008214046453843007,0.010494678609315189,nan,nan
522,275,111641,forward,e,-,246,246.0,0.0,0.5436039590875121,0.0032224149064696726,0.5386009870274436,0.5487200467288734,0.010119059701429789,0.5375886772898381,0.5512461651801623,0.013657487890324282,0.08546404369628836,0.006465667991424118,0.008991786442713035,nan,nan
522,276,100073,forward,e,-,78,78.0,0.0,0.47158535399929047,0.0032402117212257495,0.4679526892124807,0.47835465648636527,0.010401967273884594,0.4676589409315332,0.4801327626720453,0.012473821740512092,0.6285237437760873,0.00973533330703441,0.011513439492714439,nan,nan
522,277,109268,forward,e,-,116,116.0,0.0,0.7392644334713789,0.013291803650478773,0.7165466782591097,0.7578980949031412,0.041351416644031525,0.7128395773039841,0.7625323989860412,0.04969282168205713,-0.15124683951579554,0.022754861698440626,0.02576831406699176,nan,nan
522,278,102286,forward,e,-,82,82.0,0.0,0.3022993068030153,0.005687553174321987,0.2927479799106766,0.31107466465795935,0.018326684747282773,0.2900823783829458,0.31366022465236587,0.023577846269420055,-0.012409912279932798,0.01047207375238611,0.013025885979725704,nan,nan
522,279,112377,forward,e,-,56,56.0,0.0,0.7272644107643766,0.006396313687303771,0.7117905794746553,0.7312542875021443,0.01946370802748898,0.7101683432745198,0.731541353859784,0.021373010585264196,-0.8731300676725976,0.0143939166141073,0.016016152814242735,nan,nan
522,280,109609,forward,e,-,187,187.0,0.0,0.7468668316752062,0.009013859490084665,0.7313383544229688,0.759665007634666,0.02832665321169725,0.727873482040837,0.7630968380708318,0.03522335602999482,-0.16952641661926995,0.015771780105388322,0.018635432867752377,nan,nan
522,281,111968,forward,e,-,79,79.0,0.0,0.5685794283523189,0.005898145334843829,0.559273694132658,0.5782951902716333,0.019021496138975302,0.5562822178006313,0.581430793997637,0.025148576197005723,0.014988621813821665,0.011652314058897504,0.014787917784901183,nan,nan
522,282,104605,forward,e,-,54,54.0,0.0,0.26523896866765434,0.002254509931483081,0.26274789747359584,0.26993202223079016,0.007184124757194321,0.26195864129273383,0.27045177454971264,0.008493133256978813,0.4757035846792654,0.004786572115667059,0.00530632443458956,nan,nan
522,283,106093,forward,e,-,53,53.0,0.0,0.314487044471924,0.0029333466960113357,0.30989720948307686,0.31943279441753264,0.009535584934455776,0.3087609146044618,0.32037595718281936,0.011615042578357548,0.06359113369229623,0.005283675918409069,0.0058889127108953665,nan,nan
522,284,112328,forward,e,-,217,217.0,0.0,0.6717086274095475,0.011646730788344174,0.6529110099009569,0.6884646960911927,0.0355536861902358,0.6484161742392098,0.6907564572275299,0.042340282988320044,-0.11612332366771469,0.019285321357219207,0.02288674967310589,nan,nan
522,285,106107,forward,e,-,88,88.0,0.0,0.2774835265323486,0.0049592526396334225,0.2698898392913253,0.28524600091754504,0.015356161626219722,0.2674681601821,0.28651361039142054,0.019045450209320525,-0.00860576378148961,0.008988666007576075,0.010202539865595828,nan,nan
522,286,115586,forward,e,-,304,304.0,0.0,0.7757680212413591,0.006676765131486276,0.7597036770801772,0.7808233818869822,0.02111970480680503,0.7497302082852235,0.7819277543637554,0.03219754607853187,-1.2824996234525012,0.016967801929084828,0.026941270724038513,nan,nan
522,287,117019,forward,e,-,59,59.0,0.0,0.5759600252741243,0.008423668361274507,0.5602389351709618,0.5856936130561569,0.025454677885195065,0.5571038691809057,0.5913597931971557,0.034255924016249995,-0.2718794607226312,0.01493772120499179,0.01766610078786568,nan,nan
522,288,109691,forward,e,-,57,57.0,0.0,0.43519277764409053,0.0015607330859463676,0.43289998747090774,0.43759239498054464,0.004692407509636898,0.4323210170541415,0.43773751734253397,0.005416500288392467,-0.10024460618377568,0.0030487779771300894,0.003627748393896346,nan,nan
522,289,115814,forward,e,-,76,76.0,0.0,0.5893095106624019,0.007654112365768051,0.5771223200380478,0.6011427423637854,0.024020422325737645,0.5740041979900757,0.6046188723550786,0.03061467436500287,0.06718104390375215,0.014469704458393517,0.01758782650636559,nan,nan
522,290,114958,forward,e,-,57,57.0,0.0,0.7480657360991468,0.002782487602155262,0.7415865335991743,0.7504485168121823,0.008861983213008018,0.740673582638926,0.7507077942208744,0.010034211581948393,-0.8523183967525457,0.008512313792801195,0.00942526475304939,nan,nan
522,291,115594,forward,e,-,93,93.0,0.0,0.6982764592485261,0.014687839861805399,0.6733105927524564,0.7195189164679281,0.04620832371547168,0.6713983488715657,0.7214239737480176,0.0500256248764519,-0.15259466331186666,0.024965866496069657,0.026878110376960418,nan,nan
522,292,118341,forward,e,-,78,78.0,0.0,0.617011728043034,0.009863815553244339,0.6025460182876832,0.6325266338205355,0.02998061553285236,0.5988216006203083,0.637802107489501,0.03898050686919263,0.19700004769203053,0.01761350122856196,0.020861313340206578,nan,nan
522,293,118649,forward,e,-,197,197.0,0.0,0.6445055716791244,0.00751021676797601,0.6320132304039292,0.6568375725072738,0.02482434210334461,0.6274469119395657,0.6620942609494435,0.03464734900987776,-0.020871407188840136,0.014496228975916802,0.017527071220274748,nan,nan
522,294,114177,forward,e,-,173,173.0,0.0,0.7070921153508221,0.009026609267184828,0.6930183254476084,0.7208656529547457,0.027847327507137254,0.6903361735575589,0.725249489593084,0.034913316035525055,0.012520919188495145,0.015260143535316262,0.018157374242261937,nan,nan
522,295,111143,forward,e,-,59,59.0,0.0,0.308498175055291,0.003409173587900949,0.3030712929936277,0.3134564412581193,0.010385148264491606,0.30197113113258567,0.31470191783339374,0.012730786700808072,-0.018334765846036338,0.006049540962557957,0.0072950175378324045,nan,nan
522,296,116981,forward,e,-,155,155.0,0.0,0.7337742713758403,0.008592972009236435,0.7217207990818936,0.7488016204278907,0.027080821345997097,0.7170184323881236,0.7526408665355453,0.03562243414742172,0.15904520979292686,0.015373416983524539,0.01831079598296126,nan,nan
522,297,111154,forward,e,-,70,70.0,0.0,0.27720607547158316,0.0042502384444764426,0.2705220684032689,0.28360044734775736,0.013078378944488434,0.26962293991788194,0.2841535884487507,0.014530648530868773,-0.012246861215842843,0.008384479585230689,0.008937620686224057,nan,nan
522,298,119490,forward,e,-,191,191.0,0.0,0.6232616365982302,0.007300898485662487,0.6119914920860556,0.6356893721461667,0.023697880060111087,0.6081917730954362,0.6387087042800305,0.03051693118459431,0.040389770058272365,0.013506395682690464,0.01568264880067527,nan,nan
522,299,119797,forward,e,-,333,333.0,0.0,0.7693794346644376,0.00751755626015502,0.7540844554301893,0.7779348885072641,0.023850433077074795,0.7483735102391796,0.7803328269954884,0.03195931675630881,-0.5324265230192774,0.01529776378765697,0.02100870897866669,nan,nan
522,300,114063,forward,e,-,61,61.0,0.0,0.2920975431518091,0.0037516379692689485,0.28639904750864387,0.2977297511671928,0.011330703658548935,0.28560781399124036,0.2985105985993378,0.012902784608097462,0.003813140747085473,0.006655998926851703,0.007436846358996718,nan,nan
522,301,120605,forward,e,-,109,109.0,0.0,0.5506918991958444,0.004527970711403094,0.5437238695246472,0.5585390254178991,0.014815155893251886,0.5419409116663889,0.5616538521586629,0.01971294049227401,0.16111615531353296,0.008540312969160265,0.010961952962818544,nan,nan
522,302,115680,forward,e,-,63,63.0,0.0,0.4126448682793695,0.0016678070813047592,0.40976395927145065,0.415131495735691,0.0053675364642403744,0.4096194255802525,0.4156541890422845,0.006034763462032022,-0.002955467665634139,0.002975246590830105,0.0030254426991170313,nan,nan
522,303,115738,forward,e,-,75,75.0,0.0,0.27770901944534376,0.004552246293873036,0.27052902020141184,0.28427428386491005,0.013745263663498208,0.26963189114051517,0.28510669907418973,0.015474807933674561,0.008667510017444556,0.007310259310046724,0.008112453725302227,nan,nan
522,304,118636,forward,e,-,108,108.0,0.0,0.5661270635595699,0.005081799413526231,0.5586374224671001,0.5750415856448522,0.016404163177752062,0.556440410404539,0.5783047113925448,0.021864300988005847,0.1574411263692512,0.009428137625948078,0.012175021196075053,nan,nan
522,305,121513,forward,e,-,149,149.0,0.0,0.7482977507638046,0.0132974842230279,0.7247241051795746,0.7657446722173147,0.04102056703774004,0.7204419845930559,0.7692752302297491,0.04883324563669322,-0.2271156309173742,0.02508838701353839,0.029370507600057216,nan,nan
522,306,122033,forward,e,-,176,176.0,0.0,0.5532326521381993,0.003137849047164826,0.5486903221149205,0.558873768680632,0.010183446565711463,0.5477762865525251,0.5622002733549015,0.014423986802376443,0.40942893659596025,0.006952841106463381,0.010279345780732863,nan,nan
522,307,124894,forward,e,-,78,78.0,0.0,0.5634342569427946,0.005024350659343353,0.5551360738672856,0.5711560754701122,0.016020001602826572,0.5523438341061574,0.5739207413469322,0.021576907240774768,-0.07318598811977942,0.009682358147960654,0.011554007859313153,nan,nan
522,308,126427,forward,e,-,54,54.0,0.0,0.7296149175186761,0.005727515873664585,0.7154662709945279,0.7329332564828112,0.017466985488283293,0.7099274901912253,0.7333377250291881,0.023410234837962896,-1.4182939861993962,0.014301654285364666,0.019840435088667285,nan,nan
522,309,123246,forward,e,-,76,76.0,0.0,0.4908001341949292,0.00428614612103153,0.4876620803666896,0.49966061298334574,0.011998532616656121,0.48733698653831325,0.49989160962503076,0.012554623086717509,0.5726524554976312,0.011850410649811502,0.012081407291496538,nan,nan
522,310,122340,forward,e,-,174,174.0,0.0,0.6759001260406926,0.009967990669644397,0.6602917211237204,0.6908552696278879,0.030563548504167537,0.6561798132535768,0.6926009174466325,0.036421104193055776,-0.07525882221226478,0.016608801903479235,0.01932314892287168,nan,nan
522,311,126101,forward,e,-,274,274.0,0.0,0.7820636369897114,0.0051771477089063685,0.7697566749931569,0.7863789790944291,0.01662230410127219,0.7643928304608304,0.7874538112566644,0.023060980795833963,-1.1191504249257844,0.013635129470436071,0.018998974002762625,nan,nan
522,312,127875,forward,e,-,66,66.0,0.0,0.6697779956118428,0.01089724512709106,0.647422785886012,0.6831989170653224,0.035776131179310444,0.6439947433375652,0.6862769639257325,0.04228222058816722,-0.43417674977999166,0.02179564667110448,0.025223689219551204,nan,nan
522,313,122137,forward,e,-,54,54.0,0.0,0.4993920240424712,0.0005827932497098087,0.49847873836877715,0.5003541453975473,0.0018754070287701485,0.49823759543189183,0.500503879007097,0.002266283575205197,0.018969040373590106,0.001091449691021262,0.0013325926279065814,nan,nan
522,314,124351,forward,e,-,125,125.0,0.0,0.7065865377003988,0.007653405631616306,0.6940469666467409,0.71811598222103,0.024069015574289088,0.6929383663486267,0.720331256034602,0.027392889685975308,-0.025995417460933354,0.012738734212611047,0.013955237844353485,nan,nan
522,315,128076,forward,e,-,61,61.0,0.0,0.5786757383392974,0.005659509887749815,0.5703428257513884,0.5881750780448617,0.017832252293473294,0.5678480457078355,0.5915306789806852,0.023682633272849696,0.1751856151570568,0.010528309130492075,0.01315432414235762,nan,nan
522,316,124622,forward,e,-,169,169.0,0.0,0.5980803065064098,0.010038332733116807,0.5833413387698687,0.614500847444591,0.03115950867472228,0.5798499292367553,0.6183490376066261,0.038499108369870805,0.06841579773383324,0.016860565131313395,0.019403946828698393,nan,nan
522,317,126422,forward,e,-,67,67.0,0.0,0.6262956890442033,0.013031006712059826,0.6078902546301557,0.6434510776865323,0.035560823056376645,0.6047556679922447,0.6443497126226382,0.03959404463039351,-0.02791084828849456,0.0185441125891431,0.021540021051958624,nan,nan
522,318,130158,forward,e,-,229,229.0,0.0,0.7349534222545857,0.009400544824729054,0.7210813517358609,0.752873334463774,0.03179198272791317,0.7169797869199621,0.7577248754482194,0.04074508852825731,0.26887674511770293,0.01773786390944465,0.022282080443116414,nan,nan
522,319,130116,forward,e,-,73,73.0,0.0,0.5987271446918491,0.008318734067168279,0.586963318264195,0.6125595695384422,0.02559625127424714,0.5845436205013775,0.6181890754963293,0.03364545499495175,0.17384292731404413,0.014487959597869611,0.020117465555756775,nan,nan
522,320,129256,forward,e,-,184,184.0,0.0,0.5785077444171094,0.006933576256327622,0.5675978864533117,0.5904552333498222,0.022857346896510533,0.563405242005087,0.5925566942165869,0.02915145221149984,0.0546138377211895,0.012719365940031707,0.015291679253786827,nan,nan
522,321,130414,forward,e,-,84,84.0,0.0,0.558724932315745,0.004825764066601256,0.5516905999999173,0.5671602912568199,0.015469691256902562,0.5504595297340156,0.5702727157198744,0.019813185985858794,0.30279075517868803,0.00857046708435612,0.011228464856222087,nan,nan
522,322,129580,forward,e,-,258,258.0,0.0,0.7631916939720329,0.011519176366833764,0.7433785000427477,0.78031624543097,0.036937745388222254,0.7383879891250679,0.7825986245829633,0.044210635457895386,-0.15733987829989543,0.02109576764405952,0.026086278561739396,nan,nan
522,323,129834,forward,e,-,152,152.0,0.0,0.5606094969409106,0.0031368520676299753,0.5561977692398512,0.5665623754629973,0.010364606223146056,0.5551760534702969,0.5692595656926708,0.014083512222373917,0.41574366032881355,0.007294652537670637,0.009991842767344106,nan,nan
522,324,134590,forward,e,-,334,334.0,0.0,0.7657947275249746,0.01477690325804401,0.7370203486578254,0.7832699044694102,0.04624955581158485,0.7316607107707207,0.786197954357458,0.05453724358673728,-0.37376716086176714,0.02795359953396825,0.03331323742107295,nan,nan
522,325,131876,forward,e,-,60,60.0,0.0,0.6285069707478061,0.010698524506002985,0.6144562837095642,0.6464467205448325,0.031990436835268365,0.6095535060856585,0.6526330559990602,0.04307954991340168,0.17827645177291013,0.01822707299763421,0.021849679978352077,nan,nan
522,326,132535,forward,e,-,156,156.0,0.0,0.705204453274132,0.017570055866347984,0.6780664737437976,0.7302669442357858,0.05220047049198817,0.6762178873747947,0.7352649090869383,0.0590470217121436,-0.10676304396138082,0.02677631409311962,0.03156598443083225,nan,nan
522,327,132832,forward,e,-,68,68.0,0.0,0.6539712134634339,0.014212737178626245,0.6288551994745877,0.671691297616341,0.042836098141753376,0.6286145722990096,0.6746061879143614,0.04599161561535181,-0.07420101718560687,0.026332895819476152,0.029247786117496566,nan,nan
522,328,135139,forward,e,-,331,331.0,0.0,0.6424048907088454,0.010779009839852562,0.6253846701293566,0.6591960005594353,0.03381133043007867,0.6197467990887837,0.6635001575369396,0.043753358448155866,-0.03435726714069163,0.019106941516948583,0.02453316866812394,nan,nan
522,329,134556,forward,e,-,281,281.0,0.0,0.6764010644724519,0.009468203651522102,0.6618242713370344,0.6913401114270303,0.02951584008999597,0.6570709351006072,0.6934346679315218,0.03636373283091454,-0.0157165037024063,0.016003069822944194,0.020756406059371346,nan,nan
522,330,136318,forward,e,-,288,288.0,0.0,0.6096068415985133,0.009464723209810308,0.5953251252018842,0.6249775506868567,0.02965242548497249,0.5920519568929096,0.6300818501410809,0.0380298932481713,0.0877548559938642,0.016171911021244,0.020697651330527034,nan,nan
522,331,133677,forward,e,-,189,189.0,0.0,0.7091105194447768,0.010340031944078468,0.6947197493082716,0.7272841289454302,0.032564379637158525,0.6934946799886266,0.731499313413931,0.03800463342530447,0.22103266144777572,0.017196043545565698,0.02060787964029076,nan,nan
522,332,139913,forward,e,-,591,591.0,0.0,0.7908652909775349,0.004094605623312389,0.7841894476524582,0.7975406035163946,0.013351155863936315,0.781614712722866,0.7993199252594592,0.017705212536593185,-0.06892976373360389,0.009369626277350052,0.011944361206942311,nan,nan
522,333,136299,forward,e,-,65,65.0,0.0,0.5804798360776277,0.008227670858893794,0.5688206854036868,0.594119107202321,0.025298421798634174,0.5661551290493819,0.5966588668160028,0.030503737766620853,0.1157700422364268,0.013728565637963007,0.015345814014832926,nan,nan
522,334,137188,forward,e,-,83,83.0,0.0,0.5657710797315377,0.004794147672939677,0.5589093698648993,0.5737531102486201,0.014843740383720827,0.5575604876007741,0.5767177434259095,0.01915725582513539,0.3302477847447904,0.008172865468648592,0.01096779150976912,nan,nan
522,335,135715,forward,e,-,128,128.0,0.0,0.5678860762451621,0.0036142884895245925,0.5632862734374914,0.5751812490218307,0.011894975584339273,0.5625001558562231,0.5781197844783869,0.015619628622163706,0.567015940808882,0.008793878382519724,0.011732413839075972,nan,nan
522,336,137288,forward,e,-,72,72.0,0.0,0.7085264345122487,0.014140116507435985,0.6846412590789301,0.7278868371964142,0.043245578117484085,0.6824671623763212,0.7307720077888513,0.048304845412530106,-0.12572468364903291,0.025972348229374866,0.028146444931983816,nan,nan
522,337,142875,forward,e,-,411,411.0,0.0,0.777392549851755,0.009012352479978883,0.7589581159813692,0.7886508810713397,0.02969276508997054,0.7538959519029316,0.7917825829280731,0.03788663102514156,-0.42235446647554087,0.01649755842216044,0.021197187728055567,nan,nan
522,338,141120,forward,e,-,68,68.0,0.0,0.6253667104727989,0.012035135887804346,0.6062625352237034,0.643137203816262,0.03687466859255861,0.6027116233364613,0.6470129257984059,0.044301302461944525,0.02056383829647428,0.021064513215508094,0.022646943234646888,nan,nan
522,339,141333,forward,e,-,60,60.0,0.0,0.6111098783823419,0.009310928334835582,0.5979903925635157,0.6258345095265074,0.027844116962991716,0.5956402327652325,0.6317329518403245,0.03609271907509204,0.15246115337249436,0.016372864162660726,0.01935041793300496,nan,nan
522,340,139865,forward,e,-,174,174.0,0.0,0.5786416355555344,0.007571711862891692,0.5702261649225602,0.5934376837209113,0.02321151879835115,0.568946050749479,0.5958901904566781,0.02694413970719911,0.4130001074543462,0.013850211144467849,0.01630271788023463,nan,nan
522,341,142570,forward,e,-,226,226.0,0.0,0.744544769254508,0.009426559724626837,0.7257542758056971,0.7560290999815519,0.03027482417585481,0.7211927824040101,0.7601715507082826,0.03897876830427249,-0.37305703551601077,0.018600999693063835,0.020113446185380024,nan,nan
522,342,141926,forward,e,-,55,55.0,0.0,0.644368971892157,0.011040241773445892,0.6278350549588595,0.6637530060063368,0.0359179510474773,0.624795285261307,0.6686820589410783,0.04388677367977134,0.24588000577488728,0.022007905218591917,0.026936958153333412,nan,nan
522,343,142823,forward,e,-,61,61.0,0.0,0.5851614737127258,0.0077350177509531055,0.5746567326239996,0.598096583018776,0.023439850394776363,0.5722586145264685,0.6003005623890758,0.028041947862607275,0.1906038165247191,0.012624370227899195,0.01462224553695779,nan,nan
522,344,142530,forward,e,-,81,81.0,0.0,0.5710106676685553,0.004569473565761531,0.5652166678334055,0.5798188841819132,0.014602216348507668,0.5638260842652514,0.5803145743096212,0.016488490044369808,0.27369736331049327,0.008618105972384549,0.009113796100092553,nan,nan
522,345,142010,forward,e,-,72,72.0,0.0,0.6804597913634542,0.013965317508861794,0.6576892952748401,0.7002731687364284,0.04258387346158832,0.6528121412589724,0.7043875578367412,0.05157541657776887,-0.10248969095417537,0.024044207303236788,0.027318594314076017,nan,nan
522,346,141732,forward,e,-,56,56.0,0.0,0.492314864193124,0.004136428347946698,0.4897446789623737,0.5021364576574356,0.012391778695061917,0.48940321881775456,0.5044399629315202,0.015036744113765599,1.0945009381368906,0.007725183347784853,0.010028688621869342,nan,nan
522,347,143454,forward,e,-,199,199.0,0.0,0.7068356823466108,0.010347086588419428,0.6921999385184193,0.7259860870112397,0.033786148492820356,0.6884370249115417,0.728311164426537,0.0398741395149953,0.19058842134107876,0.019113142221112066,0.02143821963640935,nan,nan
522,348,146472,forward,e,-,204,204.0,0.0,0.7279481406745925,0.013875477525826586,0.7048286358641215,0.7474080399481823,0.0425794040840608,0.6974558142577646,0.7514402446267792,0.05398443036901457,-0.14683494050515386,0.023900649672448215,0.028813238045836798,nan,nan
522,349,147951,forward,e,-,407,407.0,0.0,0.7950953577258258,0.014789103055128395,0.758059629435488,0.8042375047581002,0.046177875322612194,0.7522179756484578,0.806003080291368,0.0537851046429102,-0.9423874585446883,0.037217473878117704,0.043059127665147856,nan,nan
522,350,147290,forward,e,-,84,84.0,0.0,0.5764817545666683,0.003644639723672318,0.571511256491499,0.5831499350402958,0.011638678548796744,0.5702024689815035,0.5846687118346195,0.01446624285311604,0.2276774508637121,0.006600507282831767,0.007822232164847787,nan,nan
522,351,146101,forward,e,-,112,112.0,0.0,0.5807986587522167,0.003689198176274389,0.5768047203706114,0.5890520735484923,0.012247353177880949,0.5760872243048842,0.5921992992088796,0.016112074903995355,0.9069245618442994,0.009983795202149827,0.013131020862537146,nan,nan
522,352,144922,forward,e,-,116,116.0,0.0,0.6042683815120458,0.008717563602919816,0.5932305078298905,0.6199776692872626,0.026747161457372104,0.589884347740343,0.6234624148354102,0.033578067095067166,0.2656094089493464,0.016418065081747812,0.019902810629895407,nan,nan
522,353,148804,forward,e,-,243,243.0,0.0,0.6789513977954873,0.008812833788657484,0.6635319633511453,0.692175751985296,0.028643788634150735,0.6587257993972313,0.6934123019511144,0.03468650255388306,-0.16882920559294168,0.01613268154681889,0.017856735840613314,nan,nan
522,354,146416,forward,e,-,172,172.0,0.0,0.6435188823734455,0.010373688030440219,0.6270525850968297,0.6598656978750046,0.03281311277817489,0.6220530816365109,0.6628489335060723,0.04079585186956147,-0.04648614618420486,0.018163974906768108,0.021821607983153468,nan,nan
522,355,149067,forward,e,-,59,59.0,0.0,0.6180048086240899,0.010192402118948498,0.6035357479739507,0.6347746418808724,0.031238893906921694,0.6011604692665724,0.6394780264653304,0.03831755719875796,0.19895265941534804,0.018214823933745416,0.019465285250074293,nan,nan
522,356,149070,forward,e,-,74,74.0,0.0,0.5935175721584544,0.007453822219954068,0.5836846717414416,0.6065265278537066,0.02284185611226508,0.5798436921789468,0.6066505642118671,0.026806872032920315,0.20322571941059775,0.012971797260470696,0.0137841886859017,nan,nan
522,357,148363,forward,e,-,60,60.0,0.0,0.4279106954378193,0.0016103850769327724,0.425173294772744,0.4301629472863604,0.004989652513616383,0.4245458642130484,0.4301754716304812,0.0056296074174327915,-0.30034256392701275,0.0030531091155898914,0.0030656334597106705,nan,nan
522,358,149113,forward,e,-,136,136.0,0.0,0.7295657325257605,0.007670276078408301,0.7197460550762593,0.7430014687224387,0.023255413646179335,0.7147856607856721,0.7471675211279611,0.03238186034228907,0.11732809096446778,0.01442898176107349,0.017571487377744943,nan,nan
522,359,155018,forward,e,-,417,417.0,0.0,0.7768838384270577,0.011767459833483615,0.7556924810287033,0.7932110048787777,0.03751852385007437,0.7472363266945681,0.7968031416734473,0.04956681497887927,-0.24987829390630573,0.022090012662849,0.030546166996984314,nan,nan
522,360,149179,forward,e,-,55,55.0,0.0,0.49361130043011453,0.0043670646505917276,0.49051785707979934,0.503064843515049,0.012546986435249652,0.49022359141708477,0.5052047904027885,0.01498119898570377,0.9000240469931589,0.008423784342969495,0.010563731230709084,nan,nan
522,361,150562,forward,e,-,184,184.0,0.0,0.5886408814465958,0.00523789972093736,0.5826611421921122,0.6000216879298053,0.01736054573769308,0.5814755739366042,0.6059679385003107,0.024492364563706515,0.9751285227642875,0.012480121004910614,0.018426371575416045,nan,nan
522,362,149387,forward,e,-,114,114.0,0.0,0.6188330110342533,0.008150219260052022,0.6058641672076602,0.6319488311682735,0.026084663960613264,0.6021165007473073,0.6362556402043402,0.03413913945703295,0.06485291189460834,0.01535055557475916,0.018658386597976695,nan,nan
522,363,151230,forward,e,-,92,92.0,0.0,0.6769092152994761,0.014094969525530143,0.6539648274527793,0.6968098040514397,0.04284497659866038,0.6520983057445059,0.7007026067946462,0.04860430105014035,-0.08394865801546336,0.023553765229948464,0.025180611887968718,nan,nan
522,364,151767,forward,e,-,121,121.0,0.0,0.7069129666202353,0.00674665668925453,0.697319609363792,0.7203298817269492,0.023010272363157225,0.6965388189244711,0.7205136183324105,0.02397479940793934,0.04264447400082617,0.013537333710385568,0.013721070315846795,nan,nan
522,365,155628,forward,e,-,496,496.0,0.0,0.7998755792720753,0.017460313736610163,0.7558702424903632,0.8120567903843923,0.056186547894029104,0.7468272110923838,0.815533790218012,0.06870657912562816,-1.0602578856882776,0.04389667956542437,0.05293971096340366,nan,nan
522,366,153030,forward,e,-,50,50.0,0.0,0.7128245413421317,0.00938727871265083,0.6962224992695053,0.7250289544005291,0.028806455131023756,0.694343969730933,0.7259172141850142,0.03157324445408116,-0.2141387767137703,0.016813584554385717,0.018692114092958012,nan,nan
522,367,157373,forward,e,-,451,451.0,0.0,0.8046981190882706,0.006710521221147033,0.7921647425167653,0.8133891257883297,0.021224383271564395,0.7876891452068286,0.814729592773907,0.02704044756707835,-0.33734164490950747,0.012963292098544077,0.017438889408480707,nan,nan
522,368,155082,forward,e,-,53,53.0,0.0,0.628089156021416,0.01157776430524978,0.6114012136878475,0.6462381884602346,0.03483697477238712,0.6103669923188797,0.6504662290817643,0.04009923676288463,0.09707068360118383,0.018788689597713397,0.02301673021924311,nan,nan
522,369,154665,forward,e,-,57,57.0,0.0,0.6240148292655772,0.009657427695733729,0.6072659713040651,0.6363283320963871,0.02906236079232194,0.6067622510233167,0.6376250514167948,0.030862800393478107,-0.0809409997398486,0.016748857961512088,0.017252578242260452,nan,nan
522,370,155284,forward,e,-,230,230.0,0.0,0.6634990351884301,0.012689211913660533,0.6442496088146109,0.6852599488445352,0.04101034002992432,0.640389827399851,0.6854514171900372,0.04506158979018626,0.10623763165858026,0.022519472512079107,0.022710940857581075,nan,nan
522,371,153800,forward,e,-,92,92.0,0.0,0.5959673473739849,0.00505386737823992,0.591925409628865,0.6077467830167621,0.01582137338789713,0.5911273611303877,0.6099853444328662,0.018857983302478565,0.8534138813060573,0.011744623488227553,0.013983184904331702,nan,nan
522,372,155671,forward,e,-,52,52.0,0.0,0.6700307554779855,0.012657911588751168,0.6491866132764454,0.689064938718487,0.03987832544204151,0.6457686135630679,0.6922400549883004,0.04647144142523252,-0.0440599335030001,0.021754481283542963,0.024466388825673868,nan,nan
522,373,155862,forward,e,-,201,201.0,0.0,0.6340551356995935,0.009011898980478696,0.618057922521293,0.6477709669041178,0.02971304438282485,0.6137357111240227,0.6524223581254474,0.03868664700142466,-0.09540879937771722,0.01781045732222053,0.020055211352603464,nan,nan
522,374,157353,forward,e,-,345,345.0,0.0,0.747127193671003,0.010674649512284794,0.7294567431115533,0.7657697679558741,0.03631302484432086,0.7242089149447204,0.7716550225154511,0.047446107570730756,0.049252762053038836,0.019668405176610792,0.024313794166390457,nan,nan
522,375,155412,forward,e,-,52,52.0,0.0,0.48635798794539886,0.0006953353327661707,0.48513414664496896,0.4873228922214372,0.002188745576468254,0.4850163927884634,0.48755603858803165,0.0025396457995682242,-0.3475346055046599,0.0011910208002462726,0.0014241671668406841,nan,nan
522,376,157023,forward,e,-,98,98.0,0.0,0.6008523435722862,0.004323226540390076,0.5968650405591683,0.6110026081200306,0.014137567560862263,0.596031585323498,0.6132146888484405,0.017183103524942567,0.933418283172575,0.01167403216763503,0.013886112896045022,nan,nan
522,377,156665,forward,e,-,55,55.0,0.0,0.2655061949455845,0.003984429173088178,0.25941648022481506,0.27156512744308836,0.0121486472182733,0.25877286044192127,0.27243253439741316,0.013659673955491891,0.011439598161158268,0.006412988570663969,0.006926339451828689,nan,nan
522,378,160543,forward,e,-,182,182.0,0.0,0.6973511004958296,0.005657116639496939,0.6893936464047835,0.7078094294486283,0.018415783043844836,0.6890906081295465,0.7085293079379084,0.01943869980836188,0.23135270654940668,0.010268617324063834,0.010969608847133272,nan,nan
522,379,158469,forward,e,-,80,80.0,0.0,0.6033201587401303,0.006805527439391515,0.593380688177311,0.6153927492872778,0.022012061109966785,0.5918487787283307,0.6179248537996391,0.02607607507130838,0.17748697039904013,0.012690414610136256,0.014222324059116498,nan,nan
522,380,162289,forward,e,-,359,359.0,0.0,0.7194626063138048,0.008581315388813217,0.706695575276822,0.7351684873177257,0.02847291204090363,0.7022734042244687,0.7415524276174771,0.03927902339300837,0.23653597279003505,0.015141054020997973,0.020764247142090575,nan,nan
522,381,160886,forward,e,-,323,323.0,0.0,0.7833540118662585,0.021521929700226754,0.7476027958842598,0.8147951181012384,0.06719232221697857,0.7393712832539324,0.81706112453026,0.07768984127632761,-0.11018666348529477,0.03948536797036529,0.04771688060069268,nan,nan
522,382,158191,forward,e,-,103,103.0,0.0,0.6067532293665927,0.004881035204889056,0.6022434726081177,0.6180605078207813,0.015817035212663533,0.6015868360206458,0.6201242626678288,0.018537426647183053,0.8145385625785027,0.011797745670073042,0.01386150051712065,nan,nan
522,383,158857,forward,e,-,73,73.0,0.0,0.7078338102020427,0.01379121900651718,0.6844010098903587,0.7271720653004641,0.042771055410105396,0.6810332431546886,0.7295351117152417,0.04850186856055305,-0.15263470138339316,0.024661601834525662,0.02802936857019578,nan,nan
522,384,160213,forward,e,-,66,66.0,0.0,0.6313389778656637,0.011236877067425852,0.6172398207915019,0.6512844961456418,0.03404467535413991,0.6161567635047893,0.6532339922230372,0.03707722871824792,0.26556839816532624,0.02350532223845081,0.025454818315846284,nan,nan
522,385,161388,forward,e,-,112,112.0,0.0,0.6132210909099013,0.004595047021922697,0.6078389805841008,0.6226284369939381,0.01478945640983731,0.6067610951839599,0.6262710736146917,0.019509978430731767,0.7046113994918999,0.010943117570834167,0.014585754191587808,nan,nan
522,386,160244,forward,e,-,73,73.0,0.0,0.6609418081655211,0.007383434936615316,0.6461014559921718,0.6695376903501877,0.023436234358015895,0.6422324039065007,0.6732267911283422,0.030994387221841446,-0.32772577080428655,0.015131501586571037,0.019000553672242182,nan,nan
522,387,163792,forward,e,-,55,55.0,0.0,0.6578470725701779,0.012051185173551556,0.6363033279196153,0.6728607384492513,0.036557410529636014,0.6316269929272625,0.6763504319264438,0.0447234389991813,-0.2995740973689316,0.021128078774948506,0.023938960182930624,nan,nan
522,388,163416,forward,e,-,115,115.0,0.0,0.6210297566326382,0.004871201289866496,0.6153263824947218,0.6312358496611574,0.015909467166435598,0.6142303664129106,0.6355882173097726,0.02135785089686193,0.6259462140179101,0.011133488522595946,0.015485856171211121,nan,nan
522,389,166897,forward,e,-,372,372.0,0.0,0.7667990777924238,0.008054211320740884,0.7556396882932199,0.7810591445565374,0.02541945626331743,0.7524512201938365,0.7858595791073907,0.033408358913554204,0.17323059436292831,0.01423711167119543,0.01784601073176939,nan,nan
522,390,165416,forward,e,-,118,118.0,0.0,0.6113766072871116,0.006576212684196823,0.6021185038527634,0.6231887198326842,0.02107021597992076,0.5990322147931006,0.62620892757414,0.02717671278103939,0.2023786105161155,0.011835851313878204,0.013623648324280868,nan,nan
522,391,167159,forward,e,-,185,185.0,0.0,0.6895801181447583,0.008350795801040778,0.6736211680841361,0.7007046491383814,0.027083481054245295,0.6696926331345617,0.7042441070447846,0.03455147391022284,-0.31882430232439013,0.01605125303984334,0.019979787989417686,nan,nan
522,392,165194,forward,e,-,220,220.0,0.0,0.8033051661519839,0.0054213752792080456,0.7937445639131995,0.810794802599074,0.01705023868587452,0.7906969964752055,0.8137510390203387,0.023054042545133213,-0.18530121898600946,0.009646644109586835,0.012341604889414381,nan,nan
522,393,164102,forward,e,-,51,51.0,0.0,0.6366275417363232,0.013601389660884691,0.613268304169569,0.650058257775584,0.036789953606015,0.6126139307937927,0.6525650037966526,0.03995107300285994,-0.22027875219241053,0.024467082549382735,0.026973828570451386,nan,nan
522,394,163422,forward,e,-,139,139.0,0.0,0.6354478553559061,0.007161742703406848,0.6268236105317894,0.6506093492343747,0.02378573870258538,0.6245792051264055,0.654705156519546,0.03012595139314045,0.5810290547686073,0.012960894525461907,0.016650352976473548,nan,nan
522,395,166292,forward,e,-,170,170.0,0.0,0.6458556639869801,0.007516658235504151,0.6364670742042371,0.6599112339618457,0.023444159757608607,0.6338896214328734,0.6662830232312814,0.032393401798407995,0.4179308149938567,0.012993913570665903,0.01865573350026417,nan,nan
522,396,167769,forward,e,-,244,244.0,0.0,0.816319614443844,0.0028271447944688086,0.8107296140555567,0.8198138786812064,0.009084264625649707,0.8064793796919416,0.8207664668520661,0.0142870871601245,-0.766402469475073,0.006143949453574699,0.010394183817189706,nan,nan
522,397,165693,forward,e,-,66,66.0,0.0,0.6455944772114794,0.01166469461773688,0.6282884724726102,0.6651232762171118,0.03683480374450154,0.6258490678550788,0.6687890233694281,0.04293995551434937,0.09113254676359502,0.021165536736734575,0.02360494135426605,nan,nan
522,398,169702,forward,e,-,428,428.0,0.0,0.6633035952585703,0.009416985721648839,0.6471998498404181,0.6788925501462038,0.03169270030578564,0.6419169518031131,0.6827905005210185,0.040873548717905384,-0.01601091824116173,0.019842221563087917,0.025125119600392876,nan,nan
522,399,171413,forward,e,-,186,186.0,0.0,0.7468091988268193,0.004534026832889709,0.7392049864736083,0.7533279111733785,0.014122924699770167,0.7369167468766519,0.7544548092188844,0.01753806234223254,-0.24075040198288455,0.007765334670435581,0.009097741741194598,nan,nan
522,400,170610,forward,e,-,444,444.0,0.0,0.8116607354565935,0.01959648951946927,0.7679339659386378,0.8294879824617948,0.06155401652315695,0.7559820896086746,0.8316177081447531,0.07563561853607847,-0.7196815459104371,0.043227149958146145,0.055179026288109334,nan,nan
522,401,168550,forward,e,-,110,110.0,0.0,0.6203467140978971,0.0054754223747336996,0.6116425852022367,0.6293378151768615,0.017695229974624804,0.6091582835202739,0.6323459767697592,0.02318769324948533,0.0654464592228285,0.010053587642570656,0.012200378174433535,nan,nan
522,402,172824,forward,e,-,420,420.0,0.0,0.7858788704060877,0.00793790195998003,0.7732760533211219,0.7992589714539112,0.0259829181327893,0.7693844379422489,0.8041308103027971,0.03474637236054823,0.09018244063049342,0.014658777148140144,0.019292999561451585,nan,nan
522,403,168840,forward,e,-,79,79.0,0.0,0.6264194511537231,0.002759796120873534,0.6226647726664875,0.6312319154770473,0.008567142810559814,0.6219069628890342,0.6332831096442761,0.0113761467552419,0.24540829046692816,0.004943659817603773,0.006994853984832683,nan,nan
522,404,170240,forward,e,-,95,95.0,0.0,0.6342219662000643,0.006977867816304507,0.6232885791557528,0.6456955930805,0.0224070139247472,0.6190296103005101,0.6502626949912997,0.03123308469078967,0.01953341555745958,0.013429209873898083,0.017064004500020657,nan,nan
522,405,171408,forward,e,-,196,196.0,0.0,0.7292434500413273,0.0076474289885024365,0.7152363588246871,0.7399091145026367,0.024672755677949687,0.7118506651918393,0.7413707529449234,0.029520087753084123,-0.3772441837034333,0.013638433247342763,0.017024126880190504,nan,nan
522,406,172002,forward,e,-,261,261.0,0.0,0.8220854459649101,0.003452873170917242,0.8156006083931648,0.8271264100125699,0.011525801619405085,0.80886360511288,0.8285314380085668,0.019667832895686743,-0.6878327463833457,0.008134762277096086,0.0148717655573809,nan,nan
522,407,171464,forward,e,-,129,129.0,0.0,0.7275602112360225,0.015312277265912418,0.7062421725037493,0.7565922575958699,0.05035008509212058,0.7018382426796584,0.7611661764046543,0.059327933724995896,0.40580830025200393,0.031193111186528337,0.03576702999531278,nan,nan
522,408,171959,forward,e,-,94,94.0,0.0,0.7045699587014261,0.003905089621529099,0.6971243504533771,0.709490534800981,0.012366184347603948,0.6944207237998824,0.710614640028229,0.01619391622834665,-0.5696011542574563,0.007944048031532218,0.01064767468502692,nan,nan
522,409,175375,forward,e,-,52,52.0,0.0,0.5920731362560212,0.011068634827529527,0.5789463378606556,0.6112488058148665,0.03230246795421088,0.5744634968317108,0.6119109518941209,0.037447455062410095,0.2682933302150419,0.019620942566646815,0.020283088645901226,nan,nan
522,410,172474,forward,e,-,52,52.0,0.0,0.7173803554771613,0.010713430277192642,0.6996215957463622,0.735118189864895,0.03549659411853279,0.6963401718318336,0.7386777306887379,0.04233755885690427,-0.03426868395203186,0.019519433303071747,0.022939826695840715,nan,nan
522,411,172756,forward,e,-,62,62.0,0.0,0.690909262711839,0.010135283355400104,0.6738360472589157,0.706987398512812,0.033151351253896344,0.6699855661663253,0.7133792952177991,0.04339372905147376,-0.02031198926191206,0.019481990124994623,0.021983707589258605,nan,nan
522,412,175360,forward,e,-,52,52.0,0.0,0.5920262059926434,0.008315366778998181,0.5764806041536275,0.6054370287283046,0.028956424574677175,0.5738557399883778,0.6072819756216944,0.03342623563331659,-0.05912291009247633,0.01727762267771559,0.019122569571105363,nan,nan
522,413,172760,forward,e,-,58,58.0,0.0,0.6572263233539063,0.009586950655616886,0.6444145863668573,0.6738467444677589,0.029432158100901606,0.6409337950205216,0.678812087440054,0.03787829241953233,0.2582535685384743,0.01678324510802122,0.02028402551500952,nan,nan
522,414,173885,forward,e,-,192,192.0,0.0,0.6381619184543531,0.007069722999718917,0.6302512613506466,0.6531612549872853,0.022909993636638704,0.6248713610180905,0.6566914644644727,0.0318201034463822,0.598512512267754,0.014318560373386403,0.01784876985057382,nan,nan
522,415,177199,forward,e,-,423,423.0,0.0,0.6831618925301749,0.008858548787884635,0.6679086552773701,0.6969627935298746,0.02905413825250447,0.6624573337118729,0.7024671090943998,0.040009775382526924,-0.09626934081318066,0.017029317016589784,0.02163984913625505,nan,nan
522,416,176447,forward,e,-,246,246.0,0.0,0.776929113577447,0.020158026626382764,0.7430947419300367,0.8098812711692092,0.0667865292391725,0.738511986892681,0.8194168852418777,0.08090489834919667,-0.0011668344048300465,0.03586872514534392,0.04195573923363183,nan,nan
522,417,177568,forward,e,-,71,71.0,0.0,0.7049645778256957,0.014393713331009849,0.682876680573522,0.7250565378453399,0.04217985727181783,0.6797369619689814,0.7271249833594033,0.047388021390421975,-0.055833167264448855,0.022139426517336858,0.023873938415304385,nan,nan
522,418,174614,forward,e,-,50,50.0,0.0,0.40575202507065755,0.001829607507246597,0.4029618485127003,0.40881752631514945,0.005855677802449166,0.40195160788558904,0.40959675770291953,0.007645149817330499,-0.008814921601641684,0.0033900482255198533,0.004382099282443042,nan,nan
522,419,179406,forward,e,-,409,409.0,0.0,0.802131301773641,0.006656686430164302,0.7886218870402012,0.8099287877414049,0.021306900701203668,0.7834950487800931,0.8121332374446502,0.02863818866455703,-0.5251335401980416,0.012847995276600183,0.017974833536708257,nan,nan
522,420,174982,forward,e,-,54,54.0,0.0,0.6485271160814701,0.00521225615538355,0.6389898534914774,0.6548943177491403,0.015904464257662898,0.6371165955685345,0.6564088960405735,0.019292300472039003,-0.3818473527199938,0.008965671975510296,0.010484181060843478,nan,nan
522,421,182350,forward,e,-,587,587.0,0.0,0.8218371966189506,0.006489663912753155,0.8112869110512624,0.8313321822758977,0.020045271224635286,0.8085346142412131,0.8327986842377427,0.024264069996529636,-0.10090210338683712,0.01080395726817392,0.013556254078223251,nan,nan
522,422,176167,forward,e,-,135,135.0,0.0,0.8138397321857669,0.01061574294165265,0.7935975932003602,0.8265561314870801,0.03295853828671991,0.7863351118115579,0.8291890939269868,0.0428539821154289,-0.442759900642915,0.0216650634182064,0.028927544807008654,nan,nan
522,423,176090,forward,e,-,102,102.0,0.0,0.6503025450925806,0.004591684211652202,0.6432616546608584,0.6579708092087905,0.01470915454793209,0.6422278265830664,0.6599875863380057,0.017759759754939264,0.12370863466797498,0.007915795444230843,0.009839548934924447,nan,nan
522,424,178568,forward,e,-,197,197.0,0.0,0.7224375301225779,0.006794804399302152,0.7112233596507757,0.732528707597415,0.021305347946639297,0.7093169240709271,0.7357178663334153,0.026400942262488236,-0.07104588883003067,0.011457739792263054,0.013792604889047877,nan,nan
522,425,181270,forward,e,-,291,291.0,0.0,0.7676845595711859,0.006329334858430451,0.7586218606080167,0.7788229822021898,0.020201121594173088,0.7565231493793224,0.7828197782399201,0.026296628860597693,0.22841298687580117,0.011373026566399214,0.014441258488708253,nan,nan
522,426,177717,forward,e,-,87,87.0,0.0,0.6711302641151747,0.007878459178754491,0.6580716320065926,0.6821373564467439,0.024065724440151315,0.6560491185909614,0.6842916550200075,0.028242536429046172,-0.08710539325639538,0.013292405608603243,0.014544216120091824,nan,nan
522,427,177980,forward,e,-,50,50.0,0.0,0.7315264544921913,0.010503557057969662,0.7122389753114404,0.7460479354386701,0.03380896012722967,0.7067423216370381,0.7493011938380704,0.04255887220103227,-0.37065552938929935,0.01989156689140291,0.025388220565805253,nan,nan
522,428,180183,forward,e,-,138,138.0,0.0,0.7078038745190798,0.005267333770481792,0.698985785169323,0.716442329036457,0.017456543867134022,0.6964194811262656,0.7186304881392609,0.022211007012995276,0.021234049921125982,0.00969726188950606,0.011485095053665129,nan,nan
522,429,180996,forward,e,-,251,251.0,0.0,0.7458666287830511,0.007304289081501522,0.7341593144499753,0.7568439428589177,0.022684628408942364,0.7304223034020142,0.7585424516799619,0.028120148277947732,-0.09397244435076649,0.012119521053894855,0.015282386922319202,nan,nan
522,430,180156,forward,e,-,133,133.0,0.0,0.6707647909596698,0.009680572693742813,0.6571773726189732,0.6867439218055237,0.02956654918655044,0.6557373200955697,0.6897501602884291,0.03401284019285933,0.15021634031635012,0.015958062649581103,0.018964301132486483,nan,nan
522,431,180831,forward,e,-,56,56.0,0.0,0.4744604941408975,0.0012985964489712148,0.4720839645221453,0.4761675309345811,0.004083566412435791,0.4719523312389518,0.476661709141494,0.004709377902542222,-0.20976935677197603,0.0023111666133255604,0.002442799896519021,nan,nan
522,432,182115,forward,e,-,80,80.0,0.0,0.6837535162549957,0.013707957161053868,0.6614256500189698,0.7047951709066841,0.043369520887714286,0.6569893557957225,0.7063801841246011,0.049390828328878644,-0.1248742148504185,0.023161693930163058,0.025319600433208578,nan,nan
522,433,181764,forward,e,-,198,198.0,0.0,0.6782764900013087,0.010788173581764883,0.660999806159067,0.6950408240822639,0.034041017923196915,0.6579826636159344,0.6987783700065332,0.04079570639059882,-0.033495580851319824,0.018137947647085408,0.020856672401529663,nan,nan
522,434,184724,forward,e,-,304,304.0,0.0,0.8346180898254536,0.0031422331834481997,0.8292236658193118,0.8396149650904903,0.010391299271178434,0.8252847132635197,0.8413373056752393,0.016052592411719635,-0.2952879184589242,0.006285495572660534,0.01022444812845269,nan,nan
522,435,187065,forward,e,-,189,189.0,0.0,0.736950075439464,0.015119307350223179,0.7127295852356889,0.7590310666042709,0.04630148136858203,0.7081781637707818,0.7621514261623907,0.053973262391608934,-0.07559301625651046,0.025000056402431168,0.02955147786733825,nan,nan
522,436,188067,forward,e,-,561,561.0,0.0,0.8324278088988976,0.009991105126271287,0.8109026348236119,0.8424620819027996,0.031559447079187675,0.7946489549561574,0.8453870383653425,0.050738083409185064,-0.92102861897092,0.02343237268134113,0.03968605254879565,nan,nan
522,437,189830,forward,e,-,342,342.0,0.0,0.7911267737001384,0.018354855585545102,0.7614770666617966,0.8186444772857294,0.057167410623932824,0.7460930125081435,0.8256857303656897,0.07959271785754618,-0.12444682616704993,0.035069309872902285,0.050453364026555314,nan,nan
522,438,183098,forward,e,-,71,71.0,0.0,0.6990684666574103,0.0037215625462212417,0.6929877745358448,0.7049276501929328,0.011939875657087984,0.6911417092939924,0.706071949493498,0.014930240199505618,-0.052368955802669544,0.006650671155471133,0.00832656415954669,nan,nan
522,439,184903,forward,e,-,54,54.0,0.0,0.7771872774936566,0.009451575727084226,0.7624099609758181,0.7914418938361057,0.0290319328602876,0.7576628770988386,0.7948346071229718,0.03717173002413321,-0.07215806320074228,0.017178846151373498,0.01912240782304009,nan,nan
522,440,184387,forward,e,-,57,57.0,0.0,0.7237757605890132,0.007292722313996861,0.7113186344762465,0.7346387443560397,0.02332010987979316,0.7078542794039321,0.7374940935502801,0.029639814146347976,-0.12165496060276684,0.0132988681356601,0.0157929245493873,nan,nan
522,441,184939,forward,e,-,102,102.0,0.0,0.7212049369615521,0.00394000248832823,0.7148136439295356,0.7272683590827299,0.012454715153194296,0.7126027211834065,0.7287862709604499,0.016183549777043393,-0.09956216734176782,0.007203136317645286,0.008622020614757586,nan,nan
522,442,196566,forward,e,-,50,50.0,0.0,0.5242505633425159,0.00549388783965479,0.5143117300342736,0.5329805185344014,0.018668788500127875,0.512289743932256,0.5339061745831545,0.021616430650898466,-0.17755875890835274,0.01042435530163738,0.011789744619187359,nan,nan
522,443,189602,forward,e,-,50,50.0,0.0,0.5564831999013989,0.009023284892864277,0.5440462861816255,0.5731419351163124,0.029095648934686857,0.5420135626769435,0.5748220082450307,0.03280844556808726,0.17835535740821204,0.017772172017401295,0.01945224514611965,nan,nan
522,444,185571,forward,e,-,51,51.0,0.0,0.4716412037350395,0.0010721147476566674,0.46998518698063496,0.47340254195709575,0.0034173549764607847,0.4695724946948388,0.473788399399982,0.004215904705143214,0.012315427975589512,0.0019577171711962216,0.002274429055043492,nan,nan
522,445,189295,forward,e,-,257,257.0,0.0,0.7925429898404138,0.008291642967616406,0.7791026431815576,0.8059340003449017,0.02683135716334406,0.7758369055017653,0.808333749501565,0.032496843999799685,-0.014668766812426319,0.014393562356800515,0.016706084338648508,nan,nan
522,446,191075,forward,e,-,73,73.0,0.0,0.6515584695325384,0.010767292202447227,0.6335398469333601,0.6663600192303893,0.03282017229702927,0.6264476044681442,0.6684436015892745,0.041995997121130335,-0.1230008427536726,0.021088858191653202,0.028181100656869074,nan,nan
522,447,189855,forward,e,-,56,56.0,0.0,0.6967908148630965,0.010335370763881071,0.6808325760362813,0.7104250381159597,0.02959246207967836,0.6796763074896861,0.7118735811094439,0.03219727361975777,-0.12007905643508013,0.015538325665252095,0.016104612549750597,nan,nan
522,448,191827,forward,e,-,62,62.0,0.0,0.6270304539745156,0.010905400197234584,0.6104259728209818,0.6426557941044402,0.032229821283458415,0.6069492364230272,0.6434032991811551,0.0364540627581279,-0.015593223298891797,0.017309740021927856,0.019137930472746034,nan,nan
522,449,187258,forward,e,-,117,117.0,0.0,0.7346672223123357,0.00424717421792285,0.7276936769634403,0.7411484238256992,0.013454746862258893,0.7258676196519428,0.7426128991836368,0.016745279531694024,-0.07933563035048562,0.007372001217476365,0.008936760530936172,nan,nan
522,450,188633,forward,e,-,51,51.0,0.0,0.46722737854933094,0.0009758856515445286,0.4656598401842797,0.4687048542363547,0.0030450140520750235,0.4652322898286948,0.46874712762662835,0.0035148377979335454,-0.13898856079274965,0.0017186777806312559,0.0017783347124143423,nan,nan
522,451,186222,forward,e,-,117,117.0,0.0,0.7095741978122402,0.008046853611583617,0.6977774599028698,0.7228707127157292,0.025093252812859457,0.6951317238862708,0.7250182298289574,0.029886505942686603,0.06327979670764274,0.013202117930556189,0.015219291054903938,nan,nan
522,452,189839,forward,e,-,53,53.0,0.0,0.6182580121887992,0.010376458702936122,0.5998764428323965,0.6328856339200595,0.03300919108766298,0.5973756457552584,0.6349870025835066,0.03761135682824823,-0.07109500683518176,0.020245163565901957,0.02274596064304013,nan,nan
522,453,191830,forward,e,-,77,77.0,0.0,0.7380899565444127,0.0030684850045936164,0.7306004709084274,0.7404210264659911,0.00982055555756367,0.728640979557348,0.740754479096507,0.012113499539159078,-1.0554191617353532,0.007639967841105122,0.009599459192184523,nan,nan
522,454,187683,forward,e,-,56,56.0,0.0,0.31166483236498826,0.0037993727627221694,0.306287014330315,0.3185262474715737,0.012239233141258687,0.30587969548654736,0.31979183489678803,0.013912139410240665,0.23908003243738837,0.006400010545177373,0.007564332386442829,nan,nan
522,455,186729,forward,e,-,65,65.0,0.0,0.7168463222982028,0.006498174679022156,0.7041409157962678,0.7251062921121424,0.020965376315874584,0.7003891736967363,0.7257281061267412,0.025338932430004957,-0.4389059268746473,0.01270540650193501,0.01645714860146652,nan,nan
522,456,187011,forward,e,-,75,75.0,0.0,0.7497971148496027,0.003936941447520873,0.743354086848927,0.755631539555232,0.012277452706304981,0.7419930894718413,0.7561756911661963,0.014182601694355035,-0.10582161801182344,0.006550688449739583,0.007356269763910572,nan,nan
522,457,187990,forward,e,-,64,64.0,0.0,0.7643811388458299,0.009463218249488018,0.7493536960845902,0.7796140447581613,0.03026034867357108,0.745508410265538,0.7835076394190351,0.03799922915349707,-0.0027475856789785356,0.017078845837778665,0.020649002965186125,nan,nan
522,458,189387,forward,e,-,52,52.0,0.0,0.4621403872738212,0.0013235152136582989,0.46019394517279655,0.4643467282163861,0.00415278304358957,0.4594304321933114,0.4648429811238592,0.005412548930547767,-0.00038522340548722883,0.002563900863799636,0.0033274138432847766,nan,nan
522,459,189783,forward,e,-,146,146.0,0.0,0.7654949768966918,0.006142286763092379,0.7561074341977277,0.7749913483494207,0.018883914151692993,0.7538116658726071,0.7776820287017038,0.023870362829096714,0.07285757877707817,0.010258571043580356,0.011983198355290603,nan,nan
522,460,188251,forward,e,-,67,67.0,0.0,0.7354747801366367,0.0055319882783998655,0.7266786644589477,0.7437455119118804,0.017066847452932743,0.7246744774622091,0.7456938946733238,0.021019417211114666,-0.04757631738844922,0.009168748409409943,0.010775075187884453,nan,nan
522,461,189266,forward,e,-,101,101.0,0.0,0.7373297238749116,0.007159345614938067,0.7256402099292472,0.7479211906444149,0.02228098071516771,0.7249182365646786,0.7503442400899097,0.025426003525231167,0.006651906860789864,0.012239806089676675,0.012854487943202875,nan,nan
522,462,192539,forward,e,-,60,60.0,0.0,0.6919166319658667,0.011950655731166748,0.6717325106294705,0.7075824421020536,0.035849931472583085,0.6656433026583617,0.7115176179576228,0.045874315299261115,-0.13787977842357937,0.021211251246137264,0.027300459217245998,nan,nan
522,463,194466,forward,e,-,57,57.0,0.0,0.49644200942016103,0.0038299606270926186,0.49466035082949084,0.5062272966832811,0.011566945853790311,0.4944229440461207,0.5083551425369436,0.013932198490822889,1.3933931225923981,0.00982237834369371,0.011950224197356196,nan,nan
522,464,190255,forward,e,-,58,58.0,0.0,0.754656002676583,0.006981838537177467,0.7469368903705286,0.768654542840714,0.021717652470185422,0.7458116658310757,0.7737524817023923,0.027940815871316582,0.6259684567604206,0.01348634751599249,0.018584286377670844,nan,nan
522,465,192262,forward,e,-,205,205.0,0.0,0.8206639349336198,0.0066248894711700606,0.8101631065489624,0.8303470713495023,0.020183964800539855,0.8084754866622909,0.8323177989805514,0.023842312318260506,-0.03217263061298369,0.010834371233415727,0.012101147706597648,nan,nan
522,466,191270,forward,e,-,77,77.0,0.0,0.7830859737290428,0.00399057057563568,0.7768178395211515,0.7893679441151785,0.012550104594027056,0.7757220837262776,0.7904924960805582,0.01477041235428056,-0.043862407763674706,0.0071211397830716954,0.008245691748451356,nan,nan
522,467,196418,forward,e,-,71,71.0,0.0,0.35156174655492445,0.0030793731479220087,0.3467260857263543,0.3561488498826003,0.009422764156245989,0.3458238121249328,0.3574976021007799,0.011673789975847115,0.054116170058765095,0.005173597878922159,0.005935855545855462,nan,nan
522,468,191010,forward,e,-,60,60.0,0.0,0.757635775988066,0.0044486920173622884,0.7509297141793015,0.7648491244562989,0.01391941027699739,0.7505728396156242,0.7659002844634738,0.015327444847849647,0.059709456033465856,0.007247164178782017,0.007995234331164225,nan,nan
522,469,198513,forward,e,-,53,53.0,0.0,0.7431249587244435,0.003064178898845972,0.7374248431780971,0.7469889066771203,0.009564063499023168,0.7347699350031281,0.747232467106261,0.012462532103132862,-0.647727923454539,0.005727274553805013,0.008382182728774001,nan,nan
522,470,191985,forward,e,-,57,57.0,0.0,0.7679502338378992,0.00583391116162379,0.7573805197091841,0.7757367684998494,0.01835624879066533,0.7539000759914837,0.7768867545841859,0.022986678592702203,-0.4205748129387657,0.011705098972494919,0.015185542690195342,nan,nan
522,471,194660,forward,e,-,199,199.0,0.0,0.8391788046184414,0.004015368778837915,0.8323189403747393,0.8453626342122268,0.013043693837487491,0.8308897652565523,0.847348351086165,0.016458585829612682,-0.0684653108339347,0.00734381353173269,0.00874266939678281,nan,nan
522,472,194555,forward,e,-,50,50.0,0.0,0.33501510424364017,0.00225865885885523,0.3312760463995603,0.3378716402027849,0.006595593803224553,0.3300081739180848,0.3385900559583411,0.008581882040256283,-0.3559919510375104,0.003882981744817082,0.004508800522922296,nan,nan
522,473,192238,forward,e,-,54,54.0,0.0,0.7737160967047909,0.0049068723344977295,0.7663581090446848,0.7815091490606147,0.015151040015929929,0.7649738698810149,0.7835483674783523,0.018574497597337425,0.12679394662810642,0.008439829616055652,0.009798821722175943,nan,nan
522,474,192946,forward,e,-,52,52.0,0.0,0.7984072593671006,0.006247954271609731,0.7881719398895122,0.8077612438708143,0.019589303981302097,0.784348328765813,0.8112305109712136,0.026882182205400618,-0.0036272488507287847,0.011426962173230804,0.015125669848767731,nan,nan
522,475,192952,forward,e,-,74,74.0,0.0,0.784390162228233,0.00529667292968884,0.7770308329656455,0.7939501741978131,0.01691934123216765,0.7752742901531912,0.7971134690968364,0.021839178943645288,0.35068541549241383,0.00958279709048537,0.012438915817327478,nan,nan
522,476,195837,forward,e,-,172,172.0,0.0,0.8463558531708766,0.0020917053209328906,0.8432175378825035,0.8496890663169581,0.006471528434454532,0.8423380979213264,0.8503825184288004,0.008044420507474004,0.030485157863425323,0.00395904498195384,0.004838484943130994,nan,nan
522,477,193922,forward,e,-,82,82.0,0.0,0.7931620790038549,0.006405322440191616,0.7839587905925159,0.8050371402312831,0.021078349638767202,0.7812456396920462,0.80829611563342,0.027050475941373775,0.20891200625854314,0.012047752460616545,0.015306727862753333,nan,nan
522,478,194170,forward,e,-,92,92.0,0.0,0.8050785816566354,0.005051656474922588,0.7953602126771468,0.8113836109177778,0.016023398240630926,0.7924670836001535,0.8145739890968311,0.022106905496677598,-0.36700081498309367,0.009127955580525739,0.011272785531464824,nan,nan
522,479,195326,forward,e,-,55,55.0,0.0,0.8230130366274409,0.0055899161265317,0.814416965140193,0.8319840327463411,0.017567067606148123,0.8118734431809187,0.8341956254123923,0.022322182231473642,-0.07134503208584529,0.010379657298130372,0.012923179257404716,nan,nan
522,480,198461,forward,e,-,50,50.0,0.0,0.34944458960877545,0.002292745732414247,0.34601968807153544,0.3528890283176004,0.006869340246064948,0.3447613164317196,0.3536462659287479,0.008884949497028338,-0.07939282711802546,0.0040734842923753085,0.004677541572875921,nan,nan
522,481,195098,forward,e,-,62,62.0,0.0,0.8114601680250985,0.006284476531027265,0.8006899931589424,0.821314633056145,0.020624639897202646,0.7980290436864325,0.823404225041629,0.025375181355196563,-0.0809533431451119,0.011546616910295552,0.012759891496600506,nan,nan
522,482,195348,forward,e,-,65,65.0,0.0,0.818148088522192,0.0038483836401211097,0.8119216210318236,0.8241735617105947,0.012251940678771112,0.810799242612999,0.8262425835568785,0.015443340943879558,0.1361703038011707,0.006845339120926819,0.007891626722064116,nan,nan
522,483,202149,forward,e,-,174,174.0,0.0,0.33057804579738526,0.003413887953268836,0.32387259273660934,0.33473960227747585,0.010867009540866501,0.3211187276762564,0.3356421914808403,0.014523463804583914,-0.6162837081148479,0.007566199692103098,0.01032006475245606,nan,nan
522,484,195821,forward,e,-,65,65.0,0.0,0.8298302731298923,0.003780687825947497,0.8234182608296482,0.8353073366886512,0.011889075859003007,0.8215793083141842,0.8371013113785016,0.015522003064317391,-0.15248208350129525,0.006948565834082475,0.008293667276726313,nan,nan
522,485,197171,forward,e,-,62,62.0,0.0,0.8572365529365742,0.003126784308559884,0.8496428674052605,0.8595163391299938,0.009873471724733296,0.8463938181245326,0.8597500074356198,0.013356189311087174,-1.0790983771090594,0.007981040593648528,0.011230089874376459,nan,nan
522,486,198568,forward,e,-,283,283.0,0.0,0.8371057633117241,0.012380394331019725,0.8109017763825423,0.8483358076513133,0.037434031268770984,0.7920027026610668,0.8510652853836962,0.05906258272262943,-0.8464395854764053,0.02814564204765547,0.04704471576913105,nan,nan
522,487,196734,forward,e,-,72,72.0,0.0,0.8309761151464885,0.006132288489720146,0.8208743681850057,0.8403472289509998,0.019472860765994082,0.8176907449254533,0.8414167560520449,0.023726011126591562,-0.2089438215704652,0.011063224911381026,0.012351426081663841,nan,nan
522,488,199025,forward,e,-,60,60.0,0.0,0.7202720973787939,0.014731608260525685,0.6978030545870074,0.7440667889169512,0.046263734329943795,0.690252949715993,0.7506121902655013,0.06035924054950825,0.08136112913389495,0.02670911611071031,0.03177787823363798,nan,nan
522,489,202361,forward,e,-,116,116.0,0.0,0.3171300548336087,0.0022166371325010987,0.31366329548128585,0.3207588784360748,0.007095582954788959,0.3120993448280908,0.32156404704451863,0.009464702216427812,-0.11945273074143072,0.004581192027148795,0.006145142680343829,nan,nan
522,490,197405,forward,e,-,62,62.0,0.0,0.8490706173411481,0.0043764075382855235,0.8410526727557992,0.8549874837438172,0.013934810988017965,0.8385645211831517,0.856786378963229,0.018221857780077233,-0.2533560725044804,0.008091185847998948,0.010565885488088678,nan,nan
522,491,197412,forward,e,-,60,60.0,0.0,0.8395537718693598,0.005016738855012501,0.8310572141613036,0.8466365861934555,0.015579372032151872,0.8267248078267303,0.8482295184775877,0.02150471065085735,-0.3489136392236113,0.009387221379674807,0.013719627714248173,nan,nan
522,492,198798,forward,e,-,65,65.0,0.0,0.7930137043878005,0.011225575989893745,0.772954563809405,0.8058084906881551,0.032853926878750106,0.7625533638850784,0.8089100885350361,0.04635672464995766,-0.4586087172840457,0.0234754402230465,0.033876640147373016,nan,nan
522,493,197879,forward,e,-,85,85.0,0.0,0.8461258598948619,0.0036519006165544976,0.8394634539845329,0.8513561122378445,0.011892658253311539,0.8376416222754534,0.8528788663289874,0.015237244053533994,-0.2828169437409473,0.006910251794685406,0.0079753819673275,nan,nan
522,494,206923,forward,e,-,205,205.0,0.0,0.32438190635165015,0.0026571064219050857,0.32056280325433123,0.32871764609556975,0.008154842841238519,0.3178257918241711,0.3295348003476164,0.011709008523445308,-0.013283601931453582,0.00563315395303473,0.00837016538319485,nan,nan
522,495,198997,forward,e,-,105,105.0,0.0,0.8518985516573203,0.0014252619682153854,0.849834594470111,0.8542844531730323,0.00444985870292125,0.8485161029238873,0.8547555930833628,0.006239490159475447,-0.1464455157155677,0.0026338344639936116,0.003952326010217222,nan,nan
522,496,202580,forward,e,-,50,50.0,0.0,0.277459129967111,0.0015814237641531897,0.27483232366414423,0.2802015300669871,0.005369206402842885,0.27437770251467314,0.2803333426204456,0.005955640105772486,-0.2770585685255818,0.0032356081543648382,0.0036902293038359457,nan,nan
522,497,202788,forward,e,-,55,55.0,0.0,0.27081356888201813,0.0017758234582824508,0.2671256508673528,0.2728860948187229,0.005760443951370098,0.2669097937925845,0.2735072699878514,0.006597476195266905,-0.45084221661249135,0.003338326999341634,0.0035541840741099007,nan,nan
522,498,207684,forward,e,-,83,83.0,0.0,0.28716000764819977,0.0014676641368639755,0.2851926847260588,0.2896529045174416,0.00446021979138278,0.28473589378093883,0.29031654143844293,0.005580647657504101,0.06206684292660436,0.002493053943288203,0.0031565337902431656,nan,nan
522,499,203803,forward,e,-,129,129.0,0.0,0.31093244781545665,0.0022077202943709072,0.30757501443799073,0.3144426307560185,0.006867616318027792,0.306827431408699,0.31521863584279725,0.008391204434098243,0.015821004083625374,0.00386761838190206,0.004565020623697569,nan,nan
522,500,199856,forward,e,-,71,71.0,0.0,0.8496221741306954,0.013190794401236609,0.8174238505218829,0.8576135395213561,0.04018968899947317,0.8015104445209037,0.8583867799172661,0.05687633539636239,-1.4659098492617773,0.03067004783948224,0.046583453840461475,nan,nan
522,501,199426,forward,e,-,63,63.0,0.0,0.8544269841897761,0.0021129381715519367,0.8493145531815555,0.8562548984099152,0.0069403452283597344,0.8481428672018664,0.8565498695504369,0.008407002348570503,-1.0283506259819273,0.006388984227355797,0.007560670207044873,nan,nan
522,502,203815,forward,e,-,54,54.0,0.0,0.26018097663991974,0.003447436770707546,0.2552879955825617,0.26491427656358707,0.009626280981025359,0.2546231724767682,0.2659112020341494,0.01128802955738123,0.0560286156187832,0.005825573020486181,0.006490396126279718,nan,nan
522,503,203992,forward,e,-,55,55.0,0.0,0.3438755118057675,0.0021039101726595378,0.34084670102028536,0.3478435310045895,0.00699682998430412,0.33981387937987595,0.34873829310340865,0.008924413723532698,0.22924129791173897,0.003961291836953295,0.004619341422180845,nan,nan
522,504,200743,forward,e,-,56,56.0,0.0,0.8464335124294924,0.005958061041201828,0.834403333348395,0.8519392041320707,0.01753587078367569,0.8300675388883912,0.8523679158624828,0.022300376974091596,-0.6426174745508982,0.010766974673044882,0.015102769133048644,nan,nan
522,505,200948,forward,e,-,64,64.0,0.0,0.8370213621072669,0.013900586935231187,0.8092318705892411,0.8520597202765031,0.042827849687262054,0.8030011922689712,0.8540073853630272,0.051006193094056074,-0.4788872139668842,0.03002430231508085,0.03625498063535082,nan,nan
522,506,203805,forward,e,-,57,57.0,0.0,0.3048783319448064,0.0015413334495029548,0.30258410944241815,0.30719050594160363,0.004606396499185483,0.30227369651182534,0.3074266937562369,0.005152997244411539,0.049418576123622895,0.0024639002805164176,0.0026958670250682992,nan,nan
522,507,202015,forward,e,-,53,53.0,0.0,0.8083722915387592,0.019566791336855738,0.7697426224206807,0.831117231012325,0.06137460859164434,0.7678855633322249,0.8315488200922652,0.06366325676004025,-0.35767877921399643,0.03189235076796959,0.03374940985642538,nan,nan
522,508,206171,forward,e,-,67,67.0,0.0,0.2988365616379714,0.0018355002642308359,0.29591998000820874,0.3017239637860742,0.005803983777865451,0.2953177479896197,0.3018723491213019,0.006554601131682214,-0.025227609661412874,0.003557563979519712,0.004159795998108784,nan,nan
522,509,205964,forward,e,-,67,67.0,0.0,0.3394126742056949,0.001963831522913168,0.3362978586812536,0.3422597838127928,0.005961925131539203,0.3355458892607419,0.34267841796451776,0.007132528703775842,-0.09141853211210992,0.0032124778742778524,0.00395914015776716,nan,nan
522,510,209125,forward,e,-,115,115.0,0.0,0.3383533304084562,0.003456026227764504,0.3333202102437837,0.343721193933254,0.010400983689470289,0.3316228094687187,0.34551498623641697,0.013892176767698272,0.04518586186330995,0.006279411105118798,0.007976811880183843,nan,nan
522,511,210724,forward,e,-,57,57.0,0.0,0.3531802082141158,0.0024331099469964406,0.3498818746927246,0.35733991857623065,0.007458043883506071,0.34908687677014666,0.35834334153473485,0.00925646476458819,0.23909232579738354,0.0042393634076700265,0.004898790566955358,nan,nan
522,512,212535,forward,e,-,122,122.0,0.0,0.33364245241882073,0.0041201879403574065,0.327043051733895,0.34063961517156155,0.013596563437666576,0.3254927134845623,0.34344219554116906,0.017949482056606736,0.1099968583745913,0.008136535283136988,0.009322636624271241,nan,nan
522,513,214090,forward,e,-,65,65.0,0.0,0.3396945396584633,0.004639990065233603,0.3318471251866877,0.34595391019508415,0.01410678500839646,0.3301858369355475,0.3468694399058961,0.0166836029703486,-0.19069046110734833,0.007810168248208393,0.00883549814045731,nan,nan
522,514,214080,forward,e,-,59,59.0,0.0,0.3517079491268944,0.003278376069589132,0.34607805310509154,0.35634279512151124,0.010264742016419692,0.3443061776861055,0.35845446501279293,0.014148287326687436,-0.15154317781373663,0.006409203124481787,0.007752126081871924,nan,nan
522,515,214857,forward,e,-,54,54.0,0.0,0.3205512713804614,0.002988549064935126,0.3159661468186532,0.32498128070873256,0.009015133890079352,0.3146184364824984,0.32583272893154325,0.011214292449044871,-0.01193492583164998,0.005341573833055798,0.006193022055866471,nan,nan
522,516,215211,forward,e,-,64,64.0,0.0,0.33865780808170165,0.0030894202072702984,0.33421424574743275,0.34334030966451967,0.009126063917086924,0.33329022914762746,0.3451326998392452,0.011842470691617757,0.09403600638247275,0.005261110638809157,0.005961869045614687,nan,nan
522,517,215906,forward,e,-,72,72.0,0.0,0.3491572729413642,0.0060470499156883226,0.3393220516849016,0.3582113528358479,0.01888930115094628,0.33915816251825887,0.3612555567211148,0.022097394202855947,0.1530410933727987,0.010432199746425591,0.011559221338416359,nan,nan
522,518,215928,forward,e,-,60,60.0,0.0,0.3408331593197883,0.0033833338833111665,0.3358870967988445,0.3460143280935183,0.0101272312946738,0.3345707526754107,0.3473677933656354,0.012797040690224692,0.0262530984468977,0.005866505327781281,0.007219970599898373,nan,nan
522,519,216270,forward,e,-,86,86.0,0.0,0.3427512536718932,0.005856533354337389,0.33396956526511656,0.35190753555240617,0.017937970287289606,0.33288380399308903,0.35371418747572647,0.020830383482637438,0.06802685387665837,0.009637194516339695,0.011129717745052448,nan,nan
522,520,216466,forward,e,-,66,66.0,0.0,0.3278401058469689,0.003173067560098798,0.32293201888563594,0.33270651477710045,0.009774495891464507,0.32241819723976256,0.3336102017355536,0.011192004495791052,0.02112780370681948,0.00597386565896936,0.006487687304842726,nan,nan
522,521,217333,forward,e,-,50,50.0,0.0,0.3150063348995411,0.0028322003843544636,0.31036225690536456,0.31903152268610313,0.008669265780738566,0.30992810960704437,0.3199404761613507,0.010012366554306318,-0.02511526978257803,0.004888422413639443,0.005322569711959657,nan,nan
522,0,18595,forward,w,deg,122,122.0,0.0,-0.8278731404393511,5.282602139770499,-6.985827376969603,11.12969368241397,18.115521059383575,-8.328262389495364,11.31210211216441,19.640364501659775,0.7012618009957157,12.273516110179115,12.455924539929555,192.40279357477922,0.9957578095091993
522,1,19899,forward,w,deg,97,97.0,0.0,0.09544501011080797,2.326604906807453,-3.783039305107519,3.7077089436919257,7.490748248799445,-4.828711354294256,4.048413220357418,8.877124574651674,-0.11901720607862126,4.227611757651369,4.450375694733026,183.61834030371932,0.9991757766166833
522,2,18590,forward,w,deg,55,55.0,0.0,-0.06628543284475086,1.295544947047317,-1.9208019300201187,2.1990393099839447,4.119841240004064,-2.157961555209397,2.5144577907834105,4.672419345992807,0.19276579051058518,2.7044648332086605,2.941624458397939,181.0636986999557,0.9997443815100397
522,3,18148,forward,w,deg,56,56.0,0.0,0.5259343322246792,4.686527225253028,-7.6816632141567425,6.25225715788261,13.933920372039353,-9.089788041173506,7.081213732859737,16.171001774033243,-0.34025185063526187,9.84219307760489,10.671149652582017,205.15307368395443,0.9966581786799265
522,4,18805,forward,w,deg,57,57.0,0.0,-0.19714077021305343,1.5213009750375588,-2.094550497999245,2.73540387145752,4.829954369456765,-2.3527936218289085,3.199162454677918,5.551956076506826,0.4037167194664567,3.1005920676513705,3.3588351914810346,179.82693486069869,0.9996475481132985
522,5,22540,forward,w,deg,54,54.0,0.0,-0.3176449133054149,3.0458773572324156,-4.465933504910387,5.2240492417015085,9.689982746611896,-5.332400371906175,6.005761753354079,11.338162125260254,0.22899828942132572,5.341658424992069,6.087899449724915,196.0658513707823,0.9985876579213104
522,6,23178,forward,w,deg,95,95.0,0.0,0.05718998244890372,3.5960317625889378,-5.813354613066082,5.571069983788758,11.384424596854839,-7.218761723396966,6.3559395559681775,13.574701279365144,-0.0862880556959136,7.92668971700445,9.332096827335334,202.6534162145855,0.9980316941409499
522,7,27210,forward,w,deg,188,188.0,0.0,-0.49754321911872523,4.270852664557469,-6.251349385261856,7.311666436079094,13.56301582134095,-7.820760431979295,9.553325952140597,17.37408638411989,0.2697294344785007,8.154569940152072,10.396229456213575,182.91982897620284,0.9972245485480521
522,8,32632,forward,w,deg,89,89.0,0.0,-0.5403870630958636,2.9601645024726917,-3.910797861772187,5.148759238272707,9.059557100044895,-4.102370035756422,6.389712057780031,10.492082093536453,0.3786157751228586,5.072259209713796,6.31321202922112,180.44069429440478,0.998665966717687
522,9,29454,forward,w,deg,75,75.0,0.0,-0.06514734896535401,1.9750754966945252,-2.8811018654216722,3.1677003913296202,6.0488022567512925,-3.154883929825729,3.4683568611440307,6.62324079096976,0.13971804387915762,3.710113939201821,4.0107704090162315,173.98378627996277,0.999405962714326
522,10,29914,forward,w,deg,128,128.0,0.0,-0.061111437315261696,2.2099572755190606,-3.30060330322429,3.497656884938528,6.798260188162818,-4.061490461740362,4.065111064222691,8.126601525963054,0.06492630022408301,3.8347346819997545,4.402188861283918,174.50031003354653,0.9992563099896926
522,11,28999,forward,w,deg,79,79.0,0.0,-0.20596676618561105,1.8898822290153219,-2.7103776052141115,2.9413085466415274,5.651686151855639,-3.0957250685352733,3.525472010529512,6.621197079064785,0.0845500644648541,3.1293630303450324,3.426215287795486,173.83140078312027,0.9994560931702392
522,12,33080,forward,w,deg,194,194.0,0.0,-0.029666424030068583,3.594016792745399,-5.77281364498411,5.873615202286305,11.646428847270414,-7.438733267665469,8.253273613877752,15.692006881543222,0.06001321892232306,8.603109567500622,10.269029190181982,196.35938384634352,0.9980340724759478
522,13,30601,forward,w,deg,94,94.0,0.0,-0.07464327384791147,2.0482082885328285,-3.2332875493913535,3.4098717484793,6.643159297870653,-4.194782580403569,4.0696727562562955,8.264455336659864,0.07743168428821902,3.798998636112732,4.288402047647111,175.5506996992073,0.999361186814595
522,14,30368,forward,w,deg,71,71.0,0.0,-0.20336279617075093,1.9382700758931328,-2.7375178610627273,3.1373434833918594,5.874861344454587,-3.041801269056492,3.6513848520588965,6.693186121115389,0.21981350843160907,3.1175199706775345,3.5378653718351245,172.91017948365703,0.9994278941814517
522,15,31274,forward,w,deg,86,86.0,0.0,-0.2524946097587275,2.135793267198765,-2.9302013017815582,3.635828094299484,6.566029396081042,-3.2132092274522392,4.243606523783427,7.456815751235666,0.2672744588514054,3.523459191064532,3.7399016226448225,172.5007734795489,0.9993053780103007
522,16,31696,forward,w,deg,52,52.0,0.0,-2.1713908389693017,9.514755612213747,-8.617438812834958,24.109283259105638,32.7267220719406,-9.452623852916872,29.00862808810291,38.46125194101978,1.9587008685374194,26.114759115922737,31.01410394492001,278.20367431016734,0.9863899617422076
522,17,32867,forward,w,deg,73,73.0,0.0,-0.20943051183539296,2.0413737074693707,-2.8787563285981603,3.4453161244455304,6.324072453043691,-3.1214927639917676,3.9539924145136354,7.075485178505403,0.2507637484369554,3.6547466362809233,4.163422926349028,172.98778338826276,0.9993654252613664
522,18,33318,forward,w,deg,61,61.0,0.0,-0.10124887404987248,2.199244049100368,-3.1854389432206744,3.5962542705180454,6.78169321373872,-3.2775985922653774,4.147408443642149,7.425007035907527,0.09010173524814853,3.697503144567918,4.248657317692022,177.35229571584284,0.999263509173836
522,19,32403,forward,w,deg,52,52.0,0.0,-0.09704649488027428,1.461294752796958,-2.1867904567320777,2.3623636016261007,4.549154058358178,-2.50010755479866,2.715728419183563,5.215835973982223,0.14359278410896342,2.7108037390758004,3.0641685566332626,184.7021798706974,0.9996747962324051
522,20,33089,forward,w,deg,56,56.0,0.0,0.023176756478235916,2.282218260160656,-3.2594209337453464,3.6145476125616938,6.87396854630704,-3.35950333165934,4.145385978112245,7.504889309771585,0.012974751479558875,3.5531442658326142,3.956293213399732,178.53628858532483,0.9992068927758396
522,21,33547,forward,w,deg,76,76.0,0.0,-0.15263144067125722,2.020851289779778,-2.9493614873799388,3.4929764089793736,6.442337896359312,-3.0564866961670702,4.068433088291982,7.124919784459053,0.2986150015694331,3.658359062811705,3.7654842715988366,175.23835452642965,0.9993781234779423
522,22,31291,forward,w,deg,114,114.0,0.0,-0.17946485092404885,3.9136218358002886,-5.7322869335694735,6.4477193413581215,12.180006274927596,-6.291219632327454,7.1944413065688195,13.485660938896274,0.12193090946683398,6.749696568016217,7.496418533226915,182.63014313391935,0.9976688364406854
522,23,36300,forward,w,deg,90,90.0,0.0,-0.3440188363747154,2.109088568076912,-2.8721701110005897,3.6890473482562127,6.561217459256802,-3.6234945414990136,4.301557157236772,7.9250516987357855,0.3503671854566156,4.133183924770111,4.74569373375067,173.48058091044686,0.9993226443928116
522,24,36991,forward,w,deg,85,85.0,0.0,-0.15301816046260797,2.0690219372514465,-2.903538417797512,3.535446074025958,6.43898449182347,-3.0526503488756873,4.066619467411471,7.119269816287158,0.307887847860365,4.533828263445275,5.065001656830788,172.3119450795954,0.9993481237700228
522,25,37882,forward,w,deg,55,55.0,0.0,-0.27078242862995694,1.9810467723843839,-2.760977641278268,3.436268402857012,6.19724604413528,-3.571309546198421,4.473635267569961,8.044944813768382,0.3106352421292448,4.138225273810393,5.175592138523342,241.45376998902296,0.9994023969906966
522,26,43665,forward,w,deg,170,170.0,0.0,-1.147307584265917,3.7670842576874173,-4.305027461473093,8.011750694877964,12.316778156351056,-4.615639679022962,9.637989234827927,14.25362891385089,0.9175860988383719,11.019254806784136,12.6454933467341,187.05019006144659,0.9978407784347757
522,27,39290,forward,w,deg,77,77.0,0.0,0.07729473235605155,1.249033424442832,-1.8597806277424638,1.9558954716493138,3.8156760993917773,-1.9516189956322307,2.5415110290388156,4.493130024671046,0.05053100491633393,3.0482254799877073,3.633841037377209,180.33135556094632,0.9997624035859537
522,28,34031,forward,w,deg,89,89.0,0.0,-0.1814640797839786,3.9384501902921496,-5.7014052238143105,6.449849098633597,12.151254322447908,-6.408982036537196,7.530213493196385,13.939195529733581,0.15264667778952287,7.0023227971862,8.082687191748988,182.9343976141066,0.9976391827789219
522,29,37890,forward,w,deg,53,53.0,0.0,-0.11088147617243749,2.0427438403596727,-3.44220046927648,3.077249432765376,6.519449902041856,-4.305269674710161,3.7693093463335288,8.07457902104369,-0.13998712288596385,3.7593373000794426,4.130261086113222,220.52462631080522,0.9993645942448256
522,30,35172,forward,w,deg,69,69.0,0.0,-0.07903442672534311,1.8028278955592825,-2.7258906831251464,2.9836774737874783,5.709568156912624,-3.3927315747438342,3.222340340454309,6.615071915198143,0.10741451989130563,3.265984260503626,3.370124315335289,172.7995649884753,0.9995050490187742
522,31,39731,forward,w,deg,54,54.0,0.0,0.0052761203227618125,2.1270135126184915,-3.5328182457026416,3.3677607797649225,6.9005790254675645,-4.471843689793474,4.210720251908157,8.68256394170163,-0.10019413362838034,3.852696089404933,4.464988810334489,226.00537192338626,0.9993111061641223
522,32,36997,forward,w,deg,53,53.0,0.0,0.009607039593305444,0.9439612519974453,-1.3623727710132756,1.4869742878171734,2.849347058830449,-1.4915606928972238,1.6981778543213295,3.1897385472185533,0.13350200128371745,1.6983280511043517,1.9095316176085078,168.94388984343925,0.9998642888706046
522,33,36315,forward,w,deg,67,67.0,0.0,0.026438735587703377,0.9182511937321834,-1.4807261600384294,1.4689505291479037,2.949676689186333,-1.8296194443899765,2.1626650670581284,3.992284511448105,0.08626558980084616,1.656035769837365,2.3278828185125633,169.59383305904763,0.999871582157602
522,34,35874,forward,w,deg,73,73.0,0.0,-0.4264537936067825,4.13872046025894,-5.680792243563928,7.17510035954006,12.855892603103989,-6.330280542508746,8.26625964386102,14.596540186369765,0.30071535736773014,6.78464775903833,7.781944802113657,182.4561218831029,0.9973933005402156
522,35,39284,forward,w,deg,110,110.0,0.0,-0.47390389981578096,3.1587306806069444,-4.24370295719052,5.651654101070552,9.895357058261071,-5.023893034523837,7.1583411321099675,12.182234166633805,0.42019425414012346,7.0982271552903065,8.604914186329722,191.29595881582773,0.9984811612801281
522,36,37232,forward,w,deg,63,63.0,0.0,-0.03716153562302793,0.7527919264021304,-1.1351832986359454,1.138182346706921,2.2733656453428663,-1.3991849782862857,1.3572431654790762,2.756428143765362,0.026010209450625994,1.263851602819477,1.4434842603379536,168.33184013298865,0.9999136896466044
522,37,37025,forward,w,deg,66,66.0,0.0,-0.21732917287168618,4.254800433862243,-6.101309060686091,7.493961975480715,13.595271036166807,-6.345187279557933,7.634910188468609,13.980097468026543,0.2441767116026199,7.653676746332167,7.7946249593200605,182.51940808464593,0.9972450587617004
522,38,38171,forward,w,deg,77,77.0,0.0,-0.22686425846734437,2.176785315381316,-3.220224602844701,3.6036093607757382,6.823833963620439,-3.579681211800363,4.209085760082729,7.788766971883092,0.19720760221549608,3.938083606290991,4.543560005597982,172.16213817233495,0.9992784659887826
522,39,38415,forward,w,deg,62,62.0,0.0,-0.23838508503290257,3.8540835412991417,-5.503366780510885,6.3642696892390305,11.867636469749915,-5.9210191245054205,7.314055782676064,13.235074907181485,0.22554203760901181,6.489275356978347,7.43906145041538,180.88493568166245,0.9977391968223407
522,40,40228,forward,w,deg,65,65.0,0.0,-0.10892610700062733,0.9318431706931887,-1.3187247980200254,1.462226247452554,2.7809510454725794,-1.4876845187288836,1.7198858309657794,3.207570349694663,0.16335917186749124,1.498279916764369,1.6633032994384678,167.48142450996863,0.9998677508018495
522,41,39083,forward,w,deg,59,59.0,0.0,-0.05200764747345943,0.8381187415757884,-1.2960799197118291,1.3850867654257824,2.6811666851376117,-1.7401697628503996,1.9515392186316376,3.691708981482037,0.14093176496009419,1.562614145070273,2.087654609110217,167.6894369024153,0.9998930164613922
522,42,42970,forward,w,deg,139,139.0,0.0,-0.6975034202610004,5.406575490728324,-7.200722942684996,8.745003708114835,15.94572665079983,-8.813955512596692,9.960327585162133,18.774283097758826,0.2360394610906879,8.602507664251027,10.176130718573091,191.78671219104,0.9955535489654537
522,43,41609,forward,w,deg,67,67.0,0.0,-0.12170087866979884,0.9707068967901377,-1.395323971900919,1.6441563519745157,3.0394803238754347,-1.77197048899626,1.8302443097587116,3.6022147987549715,0.1857533783935999,1.9879316863020617,2.1740196440862576,167.97426909728162,0.999856490363696
522,44,39559,forward,w,deg,74,74.0,0.0,-0.34303226670860454,2.2931218559551705,-3.1744712615180903,4.142791412384578,7.317262673902668,-3.6178947628919502,4.212760617228042,7.8306553801199925,0.29282984582888993,4.026664133507093,4.096633338350557,171.32748760976133,0.9991993039694536
522,45,39341,forward,w,deg,60,60.0,0.0,-0.33290335184473463,3.7828696119044474,-5.306112567528824,6.278488744446739,11.584601311975563,-5.788762576750543,7.245097067099408,13.03385964384995,0.27539162969155273,6.7654102796184,7.732018602271069,180.1704371345223,0.9978219588058101
522,46,40696,forward,w,deg,57,57.0,0.0,-0.02764313420297526,0.5560810269262576,-0.8810597749271892,0.8673084654687497,1.7483682403959389,-1.1209889890564284,1.1917190385800893,2.3127080276365177,0.027521927348940305,1.056435267043565,1.3808458401549046,166.2131917371188,0.9999529029830148
522,47,40498,forward,w,deg,67,67.0,0.0,-0.39078941377792376,4.091930797776773,-5.523602166138406,7.0449422488922595,12.568544415030665,-6.079476059916118,7.843032249824375,13.922508309740493,0.3165526753810741,6.925957228529744,7.72404722946186,176.7550673478498,0.9974518179122904
522,48,42948,forward,w,deg,86,86.0,0.0,-0.041900439065258865,1.728938313344899,-2.805048833586568,2.617984351787534,5.423033185374102,-3.547542254887901,3.7961184593371797,7.343660714225081,0.012588846019694108,3.1606201944941077,3.828350037480533,233.96138957448986,0.9995447918554962
522,49,41193,forward,w,deg,67,67.0,0.0,-0.41921894409551896,4.036276690257915,-5.455586135270551,6.967037049032382,12.422623184302932,-6.0121701805135785,7.83346568208907,13.845635862602649,0.316056264060984,6.933810320285073,7.800238953341761,176.2853521785564,0.9975206217824851
522,50,41642,forward,w,deg,58,58.0,0.0,-0.1524280663013684,2.0954050280210295,-2.99751146488004,3.3268557863345576,6.324367251214598,-3.337105948704476,3.756551150037353,7.093657098741829,0.1656707460784401,3.5500921194234776,3.979787483126273,170.40059180233771,0.9993313903366647
522,51,41888,forward,w,deg,64,64.0,0.0,-0.5225169143602244,3.850105728075863,-5.355405466169342,6.622499298616435,11.977904764785777,-5.794276540616835,7.3202939725520935,13.114570513168928,0.29575871822775296,7.522785929432376,8.220580603368035,176.1721416836684,0.9977438817398873
522,52,42128,forward,w,deg,75,75.0,0.0,-0.45451546219493366,3.790277347196543,-5.10634657509523,6.618355333226383,11.724701908321613,-5.433288025192155,7.718994951275846,13.152282976468001,0.38552774542753254,6.525346843087441,7.625986461136904,178.32346525826136,0.9978134897537612
522,53,42143,forward,w,deg,52,52.0,0.0,-0.2834337863103258,3.1673846848756377,-4.622368257393461,4.97838103970412,9.60074929709758,-4.856731964251054,6.1991826971706985,11.055914661421752,0.17538076567863276,5.401689568973042,6.622491226439621,189.08034270951364,0.9984727093194291
522,54,45706,forward,w,deg,72,72.0,0.0,-0.14963953051923795,1.3486158325991457,-1.9856730272869014,2.4575905060085823,4.443263533295484,-2.306046582692005,3.6175641043307394,5.9236106870227445,0.4834622954010527,2.5497074330110046,3.7096810313331616,226.5626312275596,0.9997230210783374
522,55,45714,forward,w,deg,72,72.0,0.0,-0.08406057061168326,2.0218016831229977,-3.2170758183033628,3.4753297008049002,6.692405519108263,-3.849971745859989,4.271278090019592,8.121249835879581,0.1600541654227213,3.7741250255784893,4.387488725980091,214.68130910031383,0.9993775577773053
522,56,43285,forward,w,deg,58,58.0,0.0,-0.4406824456634837,3.9095345086233944,-5.448653596976078,6.557608682156405,12.006262279132482,-5.887058492342419,7.2172850210728825,13.104343513415301,0.24059674304046627,7.117136019167083,7.776812358083561,177.4566257825465,0.9976736964084736
522,57,47545,forward,w,deg,58,58.0,0.0,-0.3436395966152048,2.1771058707218605,-3.2341080844396983,3.662682733324219,6.896790817763917,-3.7402034194978455,4.2248866329443615,7.965090052442207,0.22927587000116847,3.7520699119929004,4.2173952804329815,210.14104034639058,0.9992782610802138
522,58,46184,forward,w,deg,69,69.0,0.0,0.26831039285937663,2.5721269554209543,-4.584609664037464,3.6821037789511695,8.266713442988634,-6.274343744433281,4.579499854847512,10.853843599280793,-0.3146764473513748,4.450350997532671,5.802861669396606,196.68607066173843,0.9989927382270696
522,59,43521,forward,w,deg,72,72.0,0.0,-0.2511110859282155,2.588268274606581,-3.768357749631474,4.259138920140924,8.027496669772399,-3.964412289695815,4.877326457380491,8.841738747076306,0.1903447077413155,4.301874292396993,4.444865275918147,179.11089775006448,0.9989799832325637
522,60,46851,forward,w,deg,61,61.0,0.0,0.17752909347569812,1.3344883573172412,-2.282325119568725,2.1889770899603604,4.471302209529085,-3.1223830882198627,2.791475469318897,5.913858557538759,-0.23925125960688082,2.496765218174744,3.0461450615929664,223.1229066245857,0.9997287904405505
522,61,44223,forward,w,deg,54,54.0,0.0,0.09665212966307024,2.9325575376311677,-4.664543654400456,4.747611927288315,9.41215558168877,-5.60936367148588,5.724677747881543,11.334041419367423,0.00963458838353539,5.209796413211872,5.96209162494668,193.3660570917234,0.9986907624659028
522,62,44413,forward,w,deg,50,50.0,0.0,-0.0742487661643878,1.1395433902580563,-1.7037603473762757,1.7929510810906562,3.4967114284669316,-1.9447119257739587,2.216292625820188,4.1610045515941465,0.13486320697637824,1.9386241943051257,2.1723080123786076,167.659713276365,0.9998022306620985
522,63,44650,forward,w,deg,89,89.0,0.0,-0.27068274965739647,1.9464964207643887,-2.688996174822665,3.2745941084114003,5.9635902832340655,-3.0641399782948042,3.774943230590395,6.839083208885199,0.2792758759273242,3.19615467432198,3.6450404371466902,168.99195404894493,0.9994230305085702
522,64,47992,forward,w,deg,65,65.0,0.0,-0.19369010011084242,1.4700286408325247,-1.981548301256754,2.738956591328837,4.720504892585591,-2.3827445455000316,3.8379242674990905,6.220668812999122,0.5561266249603256,2.787642013146773,3.8866096893170266,219.8949298574893,0.9996709105424596
522,65,45366,forward,w,deg,70,70.0,0.0,-0.43070888114584704,3.238672188575282,-4.485805855595119,5.563339410254741,10.04914526584986,-5.095472661577475,7.020733438792092,12.116206100369567,0.3441108579711479,6.479571924629312,7.936965953166663,181.28766894704472,0.9984032975376714
522,66,45581,forward,w,deg,84,84.0,0.0,-0.11469084061786816,1.776913589776789,-2.66987263635705,3.009648501941457,5.679521138298507,-3.0041693604654256,3.229453627384572,6.233622987849998,0.14789910236658033,3.1576013239405554,3.3774064493836704,171.568428486086,0.9995191691905132
522,67,46660,forward,w,deg,56,56.0,0.0,-0.06188663417657381,0.7579631137415797,-1.2811662052632684,1.2785608030920272,2.5597270083552957,-1.4313880454276955,1.367958484177393,2.7993465296050886,0.04303755565433832,1.4531752403118148,1.5425729213971806,170.93959573732883,0.9999125001066655
522,68,46519,forward,w,deg,88,88.0,0.0,-0.2534265242792202,3.8483474963316615,-5.370747987205824,6.614591181322186,11.98533916852801,-6.227573714908232,8.544648367140326,14.772222082048557,0.2991908849427345,6.485591698240419,8.328799844229565,184.19142905407602,0.9977460704036806
522,69,47340,forward,w,deg,52,52.0,0.0,0.13637432712658892,1.0511897011590254,-1.7061401209540734,1.3600865052702955,3.0662266262243687,-1.8069563035715817,1.451991040988787,3.2589473445603687,-0.2070755455671511,1.9374315578943124,2.038247740511821,175.96628714754723,0.99983170724481
522,70,49590,forward,w,deg,73,73.0,0.0,0.10903044675774254,1.373742999279336,-2.490460735699867,2.0206536059824933,4.51111434168236,-2.9371686622802713,2.8047698543877004,5.741938516667972,-0.24718474478847874,2.6878647423684865,3.039211946964258,216.220443021806,0.9997125998451606
522,71,46932,forward,w,deg,52,52.0,0.0,-0.06240085276343166,0.5998623012947842,-0.8379094964963286,0.9935772158873544,1.831486712383683,-0.8934075560323436,1.303247642478226,2.1966551985105696,0.3318520062903026,1.224101343613638,1.5337717702045097,164.13002625650384,0.9999451950662008
522,72,47649,forward,w,deg,97,97.0,0.0,-0.26009993447976854,2.0555310312676056,-2.988247757606956,3.496444916893608,6.484692674500565,-3.5559303461942875,4.245957243514056,7.801887589708343,0.2365010431140934,3.8120595028919406,4.561571829512388,172.4343527854041,0.9993566004771288
522,73,49835,forward,w,deg,155,155.0,0.0,-0.3360220911717704,3.7794855019298703,-5.534543886262233,6.337872225756122,11.872416112018355,-5.560062210111653,7.06763498641854,12.627697196530193,0.12759727274947313,6.435165444051782,6.460683767901202,187.54785178289555,0.9978257720172635
522,74,48348,forward,w,deg,105,105.0,0.0,-0.5256629231482748,4.246409894115317,-6.276248402956258,7.564019830588215,13.840268233544474,-7.633159247510122,9.372180594511633,17.005339842021755,0.28394702759017443,8.443415131434612,10.25157589535803,188.3115815598297,0.9972563059570114
522,75,49023,forward,w,deg,105,105.0,0.0,-0.17322212492138078,2.000883572996225,-3.047979628148892,3.41546179476482,6.463441422913712,-3.7750176450454944,4.211868688517768,7.9868863335632625,0.15363245122232022,3.5624363231678786,4.290703017818117,174.69612148225417,0.9993903569043978
522,76,48297,forward,w,deg,50,50.0,0.0,-0.031871881582787864,0.2971027255571823,-0.429031938481522,0.4918697465639226,0.9209016850454446,-0.4930827336186496,0.5577130578335527,1.0507957914522024,0.20130178016885505,0.5173372143330979,0.583180525602728,162.6366964219397,0.9999865557628952
522,77,48780,forward,w,deg,63,63.0,0.0,-0.11625438368824348,1.0375374222765554,-1.4591015723613083,1.6705753049763443,3.1296768773376527,-1.8362829538839947,2.2340695011744742,4.070352455058469,0.24412131174453838,1.995670635069976,2.559164831268106,167.2575077399869,0.9998360514141844
522,78,49452,forward,w,deg,81,81.0,0.0,-0.04031060215280036,0.6232277720674029,-0.9623924524214829,1.024162098096582,1.9865545505180648,-1.2022910960387208,1.4538381899681099,2.6561292860068306,0.14271753629975778,1.2583011329361398,1.6879772248076677,164.33707310728832,0.9999408426191744
522,79,51427,forward,w,deg,56,56.0,0.0,0.021799837858239357,1.405403887678786,-2.301246282934514,2.279408886185294,4.580655169119808,-2.612040390286552,3.0999553859081175,5.711995776194669,0.1078587291784273,2.5165620995020177,3.2325220803906802,211.90382101985867,0.9996992011775077
522,80,49921,forward,w,deg,64,64.0,0.0,-0.07326358330355731,0.8565292241172389,-1.335206149365763,1.4197709648536059,2.754977114219369,-1.7418661087826877,2.023677097864379,3.7655432066470667,0.18625200749231088,1.5484357440573813,1.9703902222355225,167.99813438625017,0.9998882648898536
522,81,51295,forward,w,deg,137,137.0,0.0,0.10261248502675357,2.4987012408654166,-3.8575202977678145,4.399713256762896,8.25723355453071,-4.708053615570975,6.175440114106095,10.88349372967707,0.29206489031219873,4.576960183017108,5.9869156724010395,178.89450908335482,0.9990494412399928
522,82,51700,forward,w,deg,89,89.0,0.0,-0.10229365687521863,3.0275450814325313,-4.693359823616419,4.73741595335847,9.430775776974889,-4.955368385395815,4.93022146197805,9.885589847373865,0.046608429403860716,4.890815610517256,5.083621119136836,183.7003920886394,0.9986045091450301
522,83,52622,forward,w,deg,68,68.0,0.0,-0.04220339290277764,1.2860111281682978,-2.0755208413530966,2.0332721442930075,4.1087929856461045,-2.1014169557900857,2.386663941794751,4.488080897584837,-0.06058811823739151,2.155310644411528,2.5087024419132717,220.40702130672733,0.9997481288478379
522,84,50818,forward,w,deg,58,58.0,0.0,-0.07012857875510292,0.5044474623488341,-0.755648521923925,0.8291736296647755,1.5848221515887004,-0.9535508885531954,1.0968420958320166,2.050392984385212,0.2253786646292338,0.9178926765115093,1.1855611426787505,164.86628559031493,0.9999612429754029
522,85,51058,forward,w,deg,71,71.0,0.0,-0.03748776086084149,0.9716300419547298,-1.472439765678999,1.629594748873643,3.102034514552642,-1.8729425547856806,2.3525493914672495,4.22549194625293,0.08220265823460944,1.7990127671999687,2.390037152328091,169.9311628116259,0.999856218971582
522,86,53315,forward,w,deg,87,87.0,0.0,0.004289087398376523,1.4611378724147825,-2.6159039514612914,2.229222636771948,4.8451265882332395,-2.9564415770225594,2.93175492071785,5.8881964977404095,-0.07488862005802085,2.7498083511558007,2.959069423016331,224.1999005321361,0.9996748707989601
522,87,51510,forward,w,deg,56,56.0,0.0,0.024790487363389957,0.24219429262923176,-0.4008506618880432,0.3555195784762972,0.7563702403643404,-0.4881954623895979,0.5023777019121383,0.9905731643017361,-0.04682375867768979,0.43573188094628534,0.5825900043821264,163.06737885250735,0.9999910658947105
522,88,51777,forward,w,deg,67,67.0,0.0,-0.017341227239114687,0.6176317406101947,-1.033858732598074,0.8925410671162608,1.9263997997143347,-1.3222341564087117,1.2215010942616686,2.5437352506703803,-0.04347905280700356,1.1814578209121598,1.305944160179621,166.103695253172,0.9999419002508774
522,89,53908,forward,w,deg,145,145.0,0.0,-0.1538293456838744,2.474044365893445,-3.7169632767696954,4.017791530602367,7.734754807372063,-4.3196087666184155,5.149387786865475,9.46899655348389,0.16308396701261424,4.29949441610698,5.059230810346406,175.17045837656892,0.9990680145694182
522,90,53348,forward,w,deg,96,96.0,0.0,-0.1886342999036259,3.5938649379112793,-5.267370255084735,5.658533726571477,10.925903981656212,-5.8252912567837996,6.131168338658796,11.956459595442595,0.07060366441178555,7.018876990175528,7.491511602262847,183.27009556853864,0.99803392947066
522,91,52717,forward,w,deg,59,59.0,0.0,-0.01847697522038061,0.331905968134085,-0.5068031829952446,0.5135098116176547,1.0203129946128993,-0.5839298954510355,0.7137246426233901,1.2976545380744255,0.17953849129850222,0.5634954638271295,0.7049002441959829,163.88848453152642,0.9999832215293672
522,92,53196,forward,w,deg,73,73.0,0.0,0.0295788299869173,0.8690705309631569,-1.3515267310475507,1.3743617580892353,2.725888489136786,-1.653966800504179,1.5725718975977543,3.2265386981019333,0.009611263444866507,1.5836099646504058,1.7818201041589248,168.4235502220942,0.9998849679776377
522,93,53820,forward,w,deg,78,78.0,0.0,-0.0004840280561495547,2.2336963348495376,-3.2273421693973985,3.520135806719855,6.747477976117254,-3.6700399620085875,3.9536950023006625,7.62373496430925,0.09695983307602439,3.9804711970931006,4.414030392673908,177.95270407060244,0.9992402420550135
522,94,53403,forward,w,deg,61,61.0,0.0,-0.0026322906977895855,0.28655825886143343,-0.42128830323559896,0.4553725785558811,0.87666088179148,-0.45360820172192007,0.6599051478898161,1.1135133496117362,0.29340401772756874,0.5279400600716713,0.7324726294056063,163.01531390745055,0.9999874931305075
522,95,53654,forward,w,deg,72,72.0,0.0,-0.008378328813918756,0.5880785235308295,-0.8891803288031511,0.9037184365218138,1.7928987653249648,-1.0422184277622364,1.0364486978448326,2.078667125607069,0.016383098675072795,1.034408763767459,1.1671390250904778,165.50362586544728,0.9999473269720873
522,96,54763,forward,w,deg,64,64.0,0.0,0.5260899336104785,1.652870958611168,-2.18301656598736,2.2609319076408365,4.443948473628197,-3.4237865978995217,2.6142586099834944,6.038045207883016,-0.15096481992880278,2.736361873152718,3.97713190506488,215.00677722693024,0.9995839491902996
522,97,55151,forward,w,deg,94,94.0,0.0,-0.0027141089358195813,1.4315885596598752,-2.1549224988112288,2.2579591282143454,4.412881627025574,-2.493733562893709,2.611755838101658,5.105489400995367,0.07172650987734051,2.3844882873266813,2.7268695272054515,172.34960310898038,0.9996878810393339
522,98,54334,forward,w,deg,60,60.0,0.0,0.006367386085727844,0.3605071959933688,-0.5613481760038767,0.5476807712069415,1.1090289472108181,-0.6613063830505439,0.7442412848744766,1.4055476679250205,0.103491476763315,0.6625296549932925,0.8590901686608277,163.95882120490234,0.9999802052667294
522,99,54868,forward,w,deg,81,81.0,0.0,-0.10222395990757605,0.9581919115889608,-1.368473729196097,1.5870741598125448,2.955547889008642,-1.510533196813185,1.849715583546299,3.360248780359484,0.2134515484165257,1.8189898563715587,2.081631280105313,168.040503083157,0.9998601666147441
522,100,56191,forward,w,deg,51,51.0,0.0,-0.08648892318308299,1.3063625706645445,-1.9918679209762473,2.4800310252739877,4.471898946250235,-2.6119135177294766,2.6177089873212935,5.22962250505077,0.0339729187335219,2.6911631684642288,2.8288411305115346,209.07627129011087,0.9997400999927106
522,101,55333,forward,w,deg,62,62.0,0.0,-0.12068686448580479,1.9081140551870337,-2.8320421804267313,3.319026946684178,6.15106912711091,-2.986247436049638,3.4670568703412243,6.453304306390862,0.12269132876645353,3.5540566008525643,3.7020865245096104,192.74934178563248,0.9994455564791543
522,102,55387,forward,w,deg,71,71.0,0.0,-0.052331227794809365,0.547359096525336,-0.8004245085449639,0.9004025990153082,1.7008271075602721,-0.994087543886792,1.1446482528079684,2.1387357966947604,0.19627278994053982,0.9970487670866817,1.241294420879342,163.9530011043649,0.9999543687146987
522,103,56520,forward,w,deg,68,68.0,0.0,-0.04287692163852341,2.080139501906218,-3.191101597060283,3.156444946071866,6.347546543132149,-3.732004696987417,4.103710318947236,7.835715015934653,0.06925629375012976,3.6604903879738173,3.9636610189573673,178.97370437687684,0.9993411031510925
522,104,55694,forward,w,deg,76,76.0,0.0,-0.051655046208963995,0.6904897559750296,-0.9959930951767788,1.145797149001055,2.141790244177834,-1.1189921322053635,1.4286944680374631,2.5476866002428267,0.23372569537204924,1.2064707796184564,1.4893680986548645,165.64779326202316,0.9999273845348908
522,105,54985,forward,w,deg,54,54.0,0.0,-0.4105971741548444,2.764412111480777,-3.305201671231424,4.5982344591423345,7.903436130373759,-4.147334356654341,6.804105756561654,10.951440113215995,0.5186931830525643,4.551949877789385,6.757821175208704,225.8761597012692,0.9988365644814486
522,106,57123,forward,w,deg,97,97.0,0.0,-0.11537875095893924,3.375706053520866,-5.086684927352394,5.265545326621397,10.35223025397379,-5.606878874126409,6.786930354214462,12.39380922834087,0.0732477763229072,5.526791411540801,6.753445084571467,187.66219458238635,0.9982653078010947
522,107,56072,forward,w,deg,73,73.0,0.0,0.2227897629202289,3.0662920144839476,-4.707422056204427,4.798176706110214,9.50559876231464,-6.2201084069209855,6.414433603929382,12.634542010850367,-0.0008122515663289005,5.774878958529518,6.841149004304015,215.48880587489575,0.9985687183191226
522,108,56076,forward,w,deg,76,76.0,0.0,-0.47510829229238993,4.083215710360642,-6.313616794887125,7.45577950914678,13.769396304033904,-6.64885469793083,8.601322875352366,15.250177573283196,0.36923508957017986,7.134961186102565,8.07287713337712,210.2088825748652,0.9974631012373135
522,109,56264,forward,w,deg,66,66.0,0.0,-0.041025597651071166,0.4930027835435307,-0.7405074135640319,0.8052763925037638,1.5457838060677958,-0.9246567074126517,1.0661362027767325,1.9907929101893842,0.11860347510083842,0.8701045867547208,1.1043071836986087,164.3986147605773,0.9999629815772969
522,110,55792,forward,w,deg,94,94.0,0.0,-0.07468485081305687,4.0403864577497,-6.153510164860288,6.661693368862387,12.815203533722675,-7.550693473498825,8.347465127830105,15.89815860132893,0.14328265708354984,7.125424750160861,8.41624173112291,206.4820857944439,0.9975157675472438
522,111,56739,forward,w,deg,79,79.0,0.0,0.09553829040751793,3.5698198617857595,-5.545174657904729,5.846797762267252,11.391972420171982,-7.464424207481301,8.277095033074659,15.74151924055596,0.1664756335916076,6.801564445743391,8.010795434792556,218.86620061112257,0.9980605477401596
522,112,58158,forward,w,deg,99,99.0,0.0,-0.08135405720943822,1.5325073028132983,-2.239217739771712,2.524065482094798,4.76328322186651,-2.5693903211762574,2.8104240513311822,5.37981437250744,0.13763755973827588,2.564196672974859,2.850555242211243,172.33177171953628,0.9996423301705167
522,113,57515,forward,w,deg,87,87.0,0.0,-0.03101864270246324,1.113105463784191,-1.6324427795193912,1.8247600579298564,3.4572028374492474,-2.0335908771521076,2.317645494696535,4.351236371848643,0.12851317765658013,1.9173960126669785,2.3486641373989983,168.7188867576781,0.9998113006704948
522,114,56729,forward,w,deg,135,135.0,0.0,-0.4192945076834462,4.290289247436445,-6.578674934710216,7.4723650330353335,14.051039967745549,-8.189216249513066,9.604656531713545,17.79387278122661,0.17196866413349154,8.138921685533026,9.659640002266968,202.66076166802458,0.9971993129891951
522,115,57763,forward,w,deg,54,54.0,0.0,-0.04888712103195303,2.5091029296362524,-3.7075561179747707,3.8808932899447655,7.588449407919536,-3.927592963421347,4.589038798662898,8.516631762084245,0.12266328813313927,4.277532788678201,4.985678297396333,178.07900745294785,0.9990414012452866
522,116,57190,forward,w,deg,67,67.0,0.0,0.019606780822442715,0.7018084829680644,-1.0721054076587593,1.1217049187744492,2.1938103264332085,-1.382159275995491,1.4910035210072294,2.8731627970027205,0.11035769316327596,1.2632858243118843,1.5507816091607083,165.97119975299407,0.9999249845974684
522,117,59536,forward,w,deg,152,152.0,0.0,0.12363977472607246,3.5358494698473555,-5.8584957869905905,5.6288793310071705,11.487375117997761,-7.566030864120336,7.750557073795733,15.316587937916069,-0.0316525358051304,6.615118571698036,8.282983766952327,194.9769739452228,0.9980971358479582
522,118,56705,forward,w,deg,106,106.0,0.0,-0.12579114215022003,3.547476121460066,-5.643707763666129,5.689245506679043,11.332953270345172,-7.068325832492945,7.372794423497396,14.441120255990342,0.16041914710784164,6.036040472693983,7.475849353921063,193.1293779364532,0.9980845015621073
522,119,58890,forward,w,deg,214,214.0,0.0,-0.1958717555967695,3.636802186575176,-5.5171997228344,6.032139850578079,11.549339573412478,-8.028126658425037,8.777994339938715,16.806120998363753,0.15095010986366586,7.041959997479455,9.787814486840091,188.34801822617504,0.997987050135696
522,120,59056,forward,w,deg,57,57.0,0.0,-0.15408644426503315,2.5742989917912324,-3.789515160045312,4.199861919486931,7.989377079532243,-4.1083729965644125,4.751250868532651,8.859623865097063,0.15151169190368322,4.887915081681381,5.439304030727101,177.98605405455652,0.9989909597291616
522,121,60114,forward,w,deg,132,132.0,0.0,-0.15983559440206818,1.5489162838119324,-2.210149243809063,2.7248047562414928,4.934954000050556,-2.7846465932517788,3.6834338936510846,6.468080486902863,0.32713790864843784,2.808324567338555,3.766953704748147,169.47933486550846,0.9996346392071648
522,122,59707,forward,w,deg,67,67.0,0.0,-0.13300671920583795,2.4163328282225796,-3.6740528409712168,3.7505658835178983,7.424618724489115,-4.355915100867406,4.816894341754505,9.172809442621912,0.10149802597807202,4.385499735888844,5.067361995785035,186.55326627171405,0.999110980934424
522,123,59436,forward,w,deg,70,70.0,0.0,-0.03291909553372818,0.822418361807831,-1.2741705409540216,1.3519128114363053,2.626083352390327,-1.6236472259588197,1.7035395046773658,3.3271867306361855,0.07802610080565693,1.5145895447301239,1.6689482713482846,167.12307043861253,0.9998969865526991
522,124,61508,forward,w,deg,59,59.0,0.0,-0.25294293965478687,3.0861375290599593,-4.247570130271091,5.268888266827119,9.51645839709821,-5.195342207932498,7.570250174177289,12.765592382109787,0.4422893219429272,5.521831206481906,7.823193113832076,195.68572594689368,0.9985502262530642
522,125,57957,forward,w,deg,122,122.0,0.0,-0.09529766587888844,3.02117439884312,-4.579960602390734,5.249661753392349,9.829622355783084,-5.778554768038219,6.620575270627427,12.399130038665646,0.19878439305037832,6.046317797106742,7.417231314341819,187.5178266303433,0.9986105210402422
522,126,59426,forward,w,deg,53,53.0,0.0,-0.056020167646749996,0.6072121400671755,-0.9576333254737847,1.0438779932866453,2.00151131876043,-1.2067621421134902,1.3731660038981772,2.5799281460116674,0.03459349718475677,1.1988022977341644,1.5280903083456963,166.87989943681333,0.9999438440248435
522,127,61835,forward,w,deg,95,95.0,0.0,-0.07987838850732487,1.6170303032769047,-2.439463125010397,2.501969150287513,4.94143227529791,-2.99289741180948,3.3777918551147934,6.370689266924273,0.09093917203242373,2.7563260716729725,3.4330659652089537,173.2956245922535,0.999601795988627
522,128,60638,forward,w,deg,72,72.0,0.0,-0.01355933846863877,3.3903882572366597,-5.456396385597299,5.578400849179853,11.034797234777152,-6.64307743248952,7.083748487779928,13.726825920269448,0.055193324107905,6.752032773373043,7.938713820265264,206.66957022064145,0.9982503608853662
522,129,62811,forward,w,deg,101,101.0,0.0,-0.5266693510424432,5.269939690644034,-7.627836945067969,8.9191237206619,16.54696066572987,-8.422399646659926,10.19185585256568,18.614255499225607,0.20404667284798778,9.121016506038131,10.393748637941911,182.79489032978134,0.9957756972891194
522,130,58929,forward,w,deg,74,74.0,0.0,-0.1479413709592592,1.7589341282731994,-2.6561267305458927,3.019456165186548,5.675582895732441,-3.734083363897156,3.9947202652940064,7.728803629191162,0.21027716530674204,3.1038106896054565,3.9312347263353615,183.997131317597,0.9995288663186421
522,131,61929,forward,w,deg,134,134.0,0.0,0.3182295712940828,2.5054940709134628,-4.194856565385753,3.818270381061901,8.013126946447654,-4.911795835351029,5.063582501848572,9.9753783371996,-0.14138784844892135,4.634361048944098,5.265780243135453,177.25665038907752,0.9990441952505085
522,132,60628,forward,w,deg,65,65.0,0.0,-0.09136271258552142,1.9789587873272279,-3.0992756836089654,3.265121764337544,6.3643974479465095,-3.7683392136577822,4.663928997222001,8.432268210879784,0.19533396667073932,3.756513447923049,5.155320680807506,193.8922572312929,0.9994036626219915
522,133,60758,forward,w,deg,54,54.0,0.0,-0.07307078152354052,0.8452890953381496,-1.2322149992574296,1.3653420779830638,2.5975570772404932,-1.4007404505018997,1.475890130516916,2.8766305810188157,0.10603333688028917,1.6075008009704332,1.7180488535042855,168.88994904584146,0.9998911768980836
522,134,63247,forward,w,deg,61,61.0,0.0,-0.010648418587351216,0.9556330598120352,-1.4562134395777946,1.4577320954682307,2.9139455350460253,-1.7616218687549008,1.8493400749764817,3.6109619437313825,0.01642849880210852,1.6287009352299435,1.859988493563833,178.5855222948841,0.9998609127919331
522,135,63326,forward,w,deg,93,93.0,0.0,-0.12408393503545767,2.325011519146879,-3.521330350690272,3.7840819766763496,7.305412327366621,-4.446095132357101,5.314250824595348,9.760345956952449,0.17295823059819182,4.11806638129315,5.438334759630806,178.51662442543648,0.9991769102147456
522,136,63336,forward,w,deg,157,157.0,0.0,0.16997806639889745,2.5348384205137187,-4.029360410694016,4.033232363810202,8.062592774504218,-4.6943764990690795,5.433588551091873,10.127965050160952,-0.009597715306973313,4.422472541783405,5.349764565340308,175.01084815760316,0.9990216729402249
522,137,62101,forward,w,deg,53,53.0,0.0,-0.01323780906145089,2.9822943923296568,-4.565216396766857,4.646651766061285,9.211868162828143,-4.991759055131638,5.135210048487096,10.126969103618734,0.04151744302580602,5.126459919253961,5.5530025776187415,187.63400157681167,0.9986459072849978
522,138,61464,forward,w,deg,67,67.0,0.0,-0.012484320996321685,0.9636598956438174,-1.4784705589430274,1.6451057836099179,3.123576342552945,-1.8357326683741917,2.3527029766760563,4.188435645050248,0.2757562288088551,1.837456783591588,2.5450539766577265,168.94922678230233,0.9998585683261215
522,139,62167,forward,w,deg,82,82.0,0.0,-0.04837460080587164,1.0894289882457548,-1.7051607148613428,1.8571114435210023,3.562272158382345,-2.2777894448444442,2.456345561777397,4.734135006621841,0.14648920012301436,2.043588546477733,2.506044291812657,170.2752089011259,0.9998192443315419
522,140,65106,forward,w,deg,81,81.0,0.0,-0.5736683220547718,3.0966093127011436,-4.245355026139606,5.2676208568015,9.512975882941106,-4.32780699455904,6.733476624242201,11.061283618801241,0.3545510649859038,4.8070540841500815,6.272909851590782,195.62459761268852,0.9985402287411997
522,141,61309,forward,w,deg,66,66.0,0.0,0.05862856788148463,1.4452140243277294,-2.25191344471974,2.327437023274868,4.579350467994608,-3.067170781370379,3.4361549978478934,6.503325779218272,0.07468144485056749,2.7521818953768786,3.4685448618841974,188.90152112462806,0.9996819231693221
522,142,64602,forward,w,deg,99,99.0,0.0,-0.0885560681839479,5.190975529393176,-7.813404981853774,7.987188346211165,15.800593328064938,-8.408833436548917,9.091471606302235,17.500305042851153,0.04554029902671861,8.497295865973166,9.09272432066831,183.08793696487297,0.9959007457261064
522,143,61454,forward,w,deg,53,53.0,0.0,-0.05386435733967687,0.7690507411510893,-1.1336921017429404,1.249287048244571,2.3829791499875115,-1.3852895364433664,1.999412265514394,3.3847018019577604,0.3536011821683485,1.4000937763008665,2.1502189935706895,168.7944451794122,0.999909922238848
522,144,64686,forward,w,deg,68,68.0,0.0,0.08026874319898525,1.3085115616310745,-2.146793513489064,1.9648445791865468,4.11163809267561,-2.857346822659423,2.452636172073653,5.309982994733076,-0.17641738472620114,2.338538187203125,2.679553387749337,183.69502445609083,0.9997392412167032
522,145,66568,forward,w,deg,80,80.0,0.0,-0.25812973753707524,2.901694653494826,-4.769301357988806,4.64416999545588,9.413471353444686,-5.855500964740713,5.790385205759293,11.645886170500006,-0.03743407850967387,5.340954024180439,6.199470876847641,203.68596429791938,0.9987181850177533
522,146,68432,forward,w,deg,80,80.0,0.0,0.24403413311323163,2.8171649000478647,-4.274663661056435,4.711109766471513,8.985773427527949,-5.430875282888223,6.111530502328719,11.542405785216943,0.22697389580318683,5.281826479127138,6.2627453973446165,198.80170243439957,0.9987917490498543
522,147,64054,forward,w,deg,149,149.0,0.0,-0.010614252593853735,2.2743827514216632,-3.444386259379212,3.6968409856115554,7.141227244990768,-3.7448927848811877,4.792645249275097,8.537538034156285,0.12143158229388251,3.8493600600668736,4.530625657223197,173.8265472837528,0.999212336561343
522,148,61951,forward,w,deg,118,118.0,0.0,-0.12445358536291451,2.3954546735179716,-3.5075852464604194,3.94720922949436,7.454794475954779,-3.858411134824479,4.504964653443068,8.363375788267547,0.14501913582420678,3.9298756820389835,4.439374328852182,177.44018979286898,0.9991262588678754
522,149,68054,forward,w,deg,59,59.0,0.0,0.22967481512554855,2.7900154483228725,-4.454325502353166,4.432498173255783,8.886823675608948,-5.286834656846622,5.747629396855501,11.034464053702123,-0.053338024351131844,5.025901087665796,5.6828298134389,208.6757121594272,0.9988148999013764
522,150,63417,forward,w,deg,117,117.0,0.0,-0.25656378790026224,2.521816068536637,-3.652239588907713,4.155645058969359,7.8078846478770725,-4.113859441868755,4.833633908625075,8.94749335049383,0.21204880370492096,4.193660098006237,4.871648947661953,188.9524237608508,0.9990316781790003
522,151,63516,forward,w,deg,50,50.0,0.0,0.12454729067307824,3.0023278197027246,-4.505074810938869,4.569999949385334,9.075074760324203,-4.880756350448735,5.126689495204772,10.007445845653507,0.00660924124792855,5.199475291337524,5.575156830847391,187.92271869180115,0.9986276463256031
522,152,65334,forward,w,deg,124,124.0,0.0,-0.4992825044795808,4.877100917540187,-6.970686847028875,8.322748958917968,15.293435805946842,-7.665354547722899,9.593338643621337,17.258693191344236,0.23509828146049852,8.33488065282114,9.605470337524508,182.17901805650305,0.9963813389338676
522,153,63004,forward,w,deg,122,122.0,0.0,-0.15772217937164612,2.4241936475737216,-3.483275396509697,3.965280842582162,7.448556239091859,-4.001121914235682,4.672291860106839,8.67341377434252,0.1625278504863219,4.0310672594554,4.738078276980076,177.70572097046366,0.999105170494206
522,154,64033,forward,w,deg,118,118.0,0.0,-0.07041710161765025,3.3831783745759343,-5.198424841611247,5.436866203325463,10.63529104493671,-6.617996162407195,7.395685358740479,14.013681521147674,0.09260799693582784,6.2387614228680786,8.197580578283095,183.3935927487064,0.9982577287744864
522,155,63186,forward,w,deg,55,55.0,0.0,-0.010277196261228028,1.2201805031486834,-1.8942706665232378,1.824892948309997,3.719163614833235,-2.320757599507857,2.203403107897657,4.524160707405514,-0.009057311467758039,2.0859107355445445,2.4380881281139466,173.00223737746768,0.9997732531457152
522,156,63550,forward,w,deg,56,56.0,0.0,-0.08469592621406719,1.1274885944274744,-1.6550200526503502,1.752752231698338,3.407772284348688,-1.8002925352217858,1.9625921757414346,3.7628847109632204,0.0856929099567351,1.8703524577502435,2.08019240179334,172.2571871135279,0.9998063917386047
522,157,63916,forward,w,deg,70,70.0,0.0,0.026187770121183007,1.1041153392077334,-1.7734146904678796,1.8012672364026963,3.574681926870576,-2.272404811847764,2.4225579195792477,4.694962731427012,0.016687793016730366,2.0370248671851683,2.5203731423302145,171.497386397243,0.9998143377608057
522,158,63925,forward,w,deg,66,66.0,0.0,-0.005128347902100927,1.1092920761757126,-1.781544064707738,1.9630278173409295,3.7445718820486675,-2.227576314163059,2.505234648960027,4.732810963123086,0.17700408135190698,2.074377636801273,2.5109947996787128,171.1483366399148,0.999812593442736
522,159,62333,forward,w,deg,108,108.0,0.0,0.05713479912925834,2.4549974950730147,-3.712589035257966,3.721131340578731,7.433720375836697,-4.424458889115272,4.643354534014236,9.067813423129508,0.013721524896144473,4.187347098611698,4.794065849408497,183.79782406904687,0.9990822876947428
522,160,65393,forward,w,deg,92,92.0,0.0,-0.17331774287904977,1.6094625915133722,-2.354498860668548,2.837370601137342,5.19186946180589,-2.9879997444518267,3.996576662565843,6.98457640701767,0.37896764316346176,2.9764298381686194,4.084905831112991,174.07596103581506,0.9996055281744994
522,161,63370,forward,w,deg,125,125.0,0.0,-0.5642423729701989,3.1379629085471117,-4.3423507192548865,4.559349817818486,8.901700537073372,-5.358411288234919,5.400928247541913,10.759339535776832,0.0479936292412645,4.956663174181989,5.402772005724131,180.6023362732209,0.9985008287625947
522,162,63762,forward,w,deg,53,53.0,0.0,-0.028057803060420383,1.2833892387850032,-2.0519981541095147,2.1107716828353604,4.162769836944875,-2.4016618452113505,2.615569464457934,5.017231309669285,0.002990950134604632,2.344564232150657,2.8493620137732307,187.71986621574422,0.9997491560944047
522,163,66810,forward,w,deg,101,101.0,0.0,-0.3644581196015224,4.1951156832162155,-6.054474527479073,7.0214233453241945,13.075897872803267,-7.198960447899594,8.20896388183428,15.407924329733873,0.13654485487152995,7.404212275150115,8.5917528116602,182.28240502157416,0.9973217774881538
522,164,64798,forward,w,deg,61,61.0,0.0,0.05523147294874775,1.3706739498418292,-2.1203152422557423,2.151011730386898,4.27132697264264,-2.784560110761049,2.764015999650809,5.548576110411858,0.0014774466682499227,2.5633419123111594,2.8884030195603145,179.8169264512236,0.9997138799661859
522,165,64468,forward,w,deg,104,104.0,0.0,-0.09512970619451266,2.183338704477124,-3.4725669431371697,3.4543744825987273,6.926941425735897,-4.221855096122255,5.193571514539229,9.415426610661484,0.1784776159058848,3.7438031910275464,5.4135796249924795,188.09525472733148,0.9992741500475695
522,166,65946,forward,w,deg,84,84.0,0.0,-0.14822527671590535,2.1177599523228476,-3.4781720339562994,3.4014013580258586,6.879573391982158,-4.445691114030154,4.510110007219026,8.95580112124918,0.07743727164033619,3.8044961183823927,4.661157312927031,191.40436369476726,0.9993170795081443
522,167,67738,forward,w,deg,304,304.0,0.0,-0.24127427123575274,4.060077303614616,-6.224065834701102,6.841136001357571,13.065201836058673,-8.103006406744157,8.819042002452505,16.922048409196663,0.14272478684389434,7.299382565216351,9.051558650211462,180.01588225937317,0.9974915208656256
522,168,66448,forward,w,deg,88,88.0,0.0,-0.07757463750618854,2.367335662022531,-3.422823502605695,3.765569056166659,7.188392558772354,-3.999356236692421,4.2187549567027816,8.218111193395202,0.10369569873904351,4.130859353660232,4.584045254196354,178.89737892897998,0.9991466391861885
522,169,66474,forward,w,deg,76,76.0,0.0,0.011835396579016333,1.4670435332238096,-2.271571240355186,2.466949050440867,4.738520290796053,-2.9808195081229485,3.4736258368871518,6.4544453450101,0.16133202562835303,2.867791543305408,3.874468329751693,174.5466134985705,0.9996722428365623
522,170,69498,forward,w,deg,67,67.0,0.0,0.13048564400602913,1.9097783525797514,-3.141427784610909,2.9310150095924956,6.072442794203404,-4.097478127743187,3.609322353052562,7.706800480795749,-0.15500711038150425,3.4377114883511943,4.106358087258428,177.95667164144606,0.9994446036917547
522,171,67716,forward,w,deg,98,98.0,0.0,0.045106790064721736,1.2349486156128622,-1.8287882613678932,1.8793251204845531,3.7081133818524465,-2.1154938465376745,2.348707323763648,4.4642011703013225,0.017470682761868712,2.0235931206360873,2.2864299603302527,171.52494577684212,0.9997677304132843
522,172,66464,forward,w,deg,74,74.0,0.0,-0.07003087157529819,1.3836865706922619,-2.093576574242914,2.227868429441458,4.321445003684373,-2.5852787078349877,3.1176013044588444,5.702880012293832,0.14583281556029337,2.6896644436551473,3.579397318672534,175.32494371176756,0.9997084220715912
522,173,68575,forward,w,deg,63,63.0,0.0,-0.07828960663417206,1.5409818364267192,-2.383478675526723,2.271935885219841,4.655414560746564,-2.7729150944961987,2.9380732195675137,5.710988314063712,-0.02212843957064969,2.5998094927691366,3.0163628262016857,193.1899462930734,0.9996383649246774
522,174,66296,forward,w,deg,182,182.0,0.0,0.13310285730479166,3.2880256673616572,-5.419578896083572,5.357273050488297,10.77685194657187,-7.051504328101316,7.296261154816278,14.347765482917595,-0.01643267872391199,6.152966208016506,7.290136654801898,193.68445624414977,0.9983543990607836
522,175,68567,forward,w,deg,81,81.0,0.0,-0.05107848841325335,1.9126048357318688,-3.053181666756359,3.0839714142278467,6.137153080984206,-4.087307925743403,4.175437362560018,8.262745288303421,0.037551831138770024,3.498699268568515,4.3550973950090395,194.48723723659523,0.9994429647832515
522,176,70594,forward,w,deg,152,152.0,0.0,-0.5773025277287474,5.830858431458036,-8.272774157325468,9.824341389918125,18.097115547243593,-9.223930655480132,11.494587682096778,20.71851833757691,0.23869013699518743,10.44653753919588,12.116783831374534,184.7639022252397,0.9948300809075806
522,177,70637,forward,w,deg,112,112.0,0.0,-0.15052840363256337,2.2136311552234416,-3.479639741996233,3.7776800542821376,7.25731979627837,-4.622398868683746,5.071215477443474,9.69361434612722,0.17101180475833547,4.049907066790829,4.867230243175612,178.53265760131188,0.9992538798990095
522,178,68213,forward,w,deg,55,55.0,0.0,-0.6557277620457285,5.261318637633477,-7.707153925108955,8.595609745493691,16.302763670602644,-8.797898415421287,9.598942378475357,18.396840793896644,0.1687164150133252,10.21138277259088,11.302127262903213,214.10076348458063,0.9957894274360444
522,179,71873,forward,w,deg,220,220.0,0.0,-0.17715023302558564,3.182979335621102,-4.785247767296068,5.402395106946508,10.187642874242576,-6.482441893803781,8.0940580213923,14.57649991519608,0.21517987132047312,5.77477867677584,8.059159712520085,177.2778393829592,0.9984578754247574
522,180,72670,forward,w,deg,184,184.0,0.0,-0.12933145712686667,2.182129916850893,-3.299124579848981,3.5625904373492525,6.861715017198234,-4.219166677804452,4.195757903476874,8.414924581281326,0.0953976219779142,3.719301036210949,4.316514800852161,169.86026959825455,0.9992749199504078
522,181,71904,forward,w,deg,217,217.0,0.0,-0.01888531616242517,2.3245234971994377,-3.7289585944912518,3.5824419140353823,7.311400508526634,-5.052110812930778,5.200116529136267,10.252227342067044,0.00649623009002475,4.307607784178111,5.573021563695761,172.7359163337048,0.9991772584001093
522,182,72029,forward,w,deg,75,75.0,0.0,-0.13251496019887554,2.1522174727687777,-3.2204984993256174,3.6199973245016137,6.840495823827231,-3.971131267958782,4.686642780593218,8.657774048552,0.16446628957540535,3.824641367520732,4.53888283087835,199.04253747346857,0.9992946812749884
522,183,74978,forward,w,deg,157,157.0,0.0,-0.26447652931270227,2.8789381192647636,-4.417287636585547,5.310050301184742,9.72733793777029,-5.806083013644411,6.353060702000477,12.159143715644888,0.17314133992529623,5.4005870434967616,6.4190934580081205,183.7172650757411,0.9987382177234788
522,184,70005,forward,w,deg,224,224.0,0.0,-0.1904079950420936,3.148161937088409,-4.709657178474798,5.646317583908531,10.35597476238333,-6.31855859144909,8.019101876126456,14.337660467575546,0.2944105575943198,5.787213429815811,7.940177199365962,183.53062976840238,0.998491413914729
522,185,70467,forward,w,deg,133,133.0,0.0,-0.15801065349313603,2.962287103557315,-4.636593565427461,5.10534439295643,9.74193795838389,-6.119340058577109,6.602975892121066,12.722315950698174,0.17409890624744115,5.553890887201225,6.5554927930652696,200.2703735212261,0.998664160277362
522,186,69107,forward,w,deg,54,54.0,0.0,-0.05124792424965108,1.4920404645154026,-2.4026604323263543,2.407342625995157,4.810003058321511,-2.8432602173633654,3.253067632006605,6.09632784936997,0.10486449683219028,2.6773865777603456,3.5231115837717937,177.5066562468772,0.9996609765359079
522,187,70647,forward,w,deg,59,59.0,0.0,-0.02871148452280181,1.5116893512840182,-2.2446330966007735,2.4285804242626976,4.673213520863471,-2.8445408039806352,3.228040903577437,6.072581707558072,0.1308321073671535,2.7102964578198585,3.378773915576886,179.53866811138957,0.999651986452018
522,188,70270,forward,w,deg,54,54.0,0.0,-0.017465751961154297,1.2199594360064574,-1.7440767656362723,1.9198348699217533,3.6639116355580255,-2.0541393108454145,2.6843120038916197,4.738451314737034,0.19403339460205188,2.0355447877752657,2.776053668169709,182.39397043315805,0.9997733366834161
522,189,69637,forward,w,deg,263,263.0,0.0,-0.5212017865949576,5.47374849206121,-7.924547165316795,10.028271741575567,17.95281890689236,-10.260941687703564,14.722240589213158,24.98318227691672,0.44574469036290115,10.233326170795513,14.739552134478146,192.35454891115262,0.9954456532188671
522,190,69469,forward,w,deg,90,90.0,0.0,-0.037616978248294686,1.728019486900688,-2.7311393276419507,2.9900014986525116,5.721140826294462,-3.344988973801975,4.093402249549996,7.438391223351971,0.19732519989327915,3.3248415594025937,4.428242310300078,178.6876240075824,0.9995452809793793
522,191,71008,forward,w,deg,126,126.0,0.0,-0.09775749129704536,2.5781191834587966,-4.166951611012593,4.364033566888111,8.530985177900703,-5.110613070512727,6.04810611037999,11.158719180892717,0.15341155856765046,4.868190169736216,6.2547189034855535,180.11137692437023,0.9989880482917856
522,192,74929,forward,w,deg,57,57.0,0.0,-0.7480148711430843,6.421213096568026,-8.906570316227066,10.733338642430464,19.63990895865753,-10.886063874928027,13.452356259519973,24.338420134448,0.25760149824886147,13.244114965956197,15.963132583045706,212.6806023584108,0.9937335581669787
522,193,68168,forward,w,deg,74,74.0,0.0,-0.3942788860839812,2.5411166393391915,-3.782736892959734,4.279292509401106,8.06202940236084,-4.808904471812923,5.608110252231171,10.417014724044094,0.19364649403564912,4.615701501551716,5.25437713880882,202.31222754281598,0.9990168645224854
522,194,72414,forward,w,deg,70,70.0,0.0,-0.09975000615897045,1.6288209721666538,-2.3678476362178413,2.6910483957708933,5.058896031988734,-2.673452600742138,3.286178285365878,5.959630886108016,0.19497084850028698,2.7295697960693985,3.0627783376831417,196.45806984052925,0.9995959691002076
522,195,71369,forward,w,deg,170,170.0,0.0,-0.137187150507188,3.875625597706181,-5.801358235599342,6.268812999417008,12.07017123501635,-6.8579098411759105,8.263979086844472,15.121888928020383,0.13179623056807,6.814782281331986,8.80994836875945,183.96654007206752,0.9977139509370246
522,196,73817,forward,w,deg,118,118.0,0.0,-0.0543262143125105,1.911065338156813,-3.1247111554911045,3.1923067145023936,6.317017869993498,-3.7843328399613654,4.386899658609195,8.17123249857056,0.10543197221415401,3.6577661408469453,4.852359084953747,171.66176358460547,0.9994438589955428
522,197,81346,forward,w,deg,213,213.0,0.0,-0.12759394047591854,3.215245931031846,-4.578356321695139,5.349537691998634,9.927894013693773,-5.227692815985165,6.853774202115403,12.081467018100568,0.21114751647553162,5.462740786803735,6.966977296920504,166.37928555937816,0.9984262458507073
522,198,69688,forward,w,deg,54,54.0,0.0,-0.1384605508183796,3.166308813102042,-5.839488077572892,5.090988067007095,10.930476144579988,-5.903133974078173,7.227121372455684,13.130255346533858,0.009277279035770308,5.830852410670976,7.249368529042414,209.95473670709137,0.9984739432486861
522,199,70970,forward,w,deg,90,90.0,0.0,-0.008552469621889713,3.051263998723363,-4.635316575917463,4.738534971592991,9.373851547510455,-5.113123315051439,5.639217472918858,10.752340787970297,0.045567055627888924,4.982924351034472,5.587526214103491,188.37258808593936,0.9985825854053484
522,200,75710,forward,w,deg,53,53.0,0.0,-0.17902756199902115,1.696634404608019,-2.555303561564756,2.998873760926937,5.554177322491693,-2.676699821393129,4.122814522826275,6.7995143442194035,0.4445440174118165,3.3053502402153008,4.429291002114638,188.20625291343234,0.9995616472824722
522,201,73174,forward,w,deg,75,75.0,0.0,-0.05041995163429647,2.877896331461095,-4.564280547099372,5.228611647067458,9.79289219416683,-5.898242142124275,5.399130602491994,11.297372744616268,0.09652201071942174,5.442227905586296,5.734459790933101,208.4508410108671,0.9987391378648333
522,202,74484,forward,w,deg,205,205.0,0.0,-0.12912590023077541,4.135152364348467,-6.3332755676546295,6.573840545406862,12.907116113061491,-7.968192435058228,8.318117959030815,16.286310394089043,0.06882429340830182,7.128938989429744,8.402369525869801,187.5259044255755,0.9973977855236171
522,203,75295,forward,w,deg,113,113.0,0.0,-0.12639566465841767,2.855291853868402,-4.336911328074984,4.9947224068265506,9.331633734901533,-5.789230534153376,6.986628856080188,12.775859390233563,0.25661389848294724,5.526530575045922,7.231763217651746,183.84021748692177,0.998758904591135
522,204,74995,forward,w,deg,108,108.0,0.0,-0.02731756879279601,1.4691989767789086,-2.1982031856951707,2.330804989292601,4.529008174987771,-2.58398685543051,2.8793148649793636,5.4633017204098735,0.06691845667245666,2.4733693273256603,2.958911534511941,167.84660430201535,0.9996712682057524
522,205,75394,forward,w,deg,113,113.0,0.0,-0.026109166206623513,1.4655035237253653,-2.177817474704682,2.353263500651252,4.531080975355934,-2.3596774990011795,2.6536637323904984,5.013341231391678,0.10761882433591564,2.499075642688638,2.799475874427884,167.31147198345943,0.9996729189454184
522,206,78088,forward,w,deg,62,62.0,0.0,-0.9951050121898106,4.535932955170243,-5.984603333491583,8.100312750917789,14.084916084409372,-6.1903036663982505,12.32238731215989,18.51269097855814,0.6265498865057035,7.868520150159577,12.090594711401678,205.68258999109455,0.9968705172312038
522,207,74751,forward,w,deg,58,58.0,0.0,-0.15572961440950905,1.7303674723153744,-2.434857815743004,2.667963613591188,5.102821429334192,-2.7129298951699923,3.435382288972704,6.148312184142696,0.20103087757465524,2.7389623667508305,3.391539979162843,197.76565896095627,0.9995440276718095
522,208,75684,forward,w,deg,143,143.0,0.0,-0.1097187280829246,3.1552146059940487,-5.000201631990052,5.350894639989663,10.351096271979715,-6.491027664208104,7.392329307332176,13.88335697154028,0.142819747030514,5.948698068545321,7.892865418567311,186.0637563679235,0.9984845968631996
522,209,77286,forward,w,deg,80,80.0,0.0,-0.047600087606980424,2.1599494172241855,-3.23518928120249,3.692306894749113,6.927496175951603,-3.9253067894732965,5.204350964205275,9.129657753678572,0.27546248552855285,3.810469230255006,5.2421859028068525,185.09846773447697,0.9992896166487737
522,210,75792,forward,w,deg,97,97.0,0.0,-0.017728084201337424,1.2190006817300403,-1.8882974142219382,1.914314382934076,3.8026117971560143,-2.2359276667976644,2.2383711628799006,4.474298829677565,0.03378167161077788,2.0450197245525996,2.256099247081238,167.32073659697053,0.999773690988155
522,211,75431,forward,w,deg,122,122.0,0.0,0.326677569551137,3.988272936108369,-6.222312686399552,6.641594661029495,12.863907347429047,-7.997066351860269,8.578710565419556,16.575776917279825,0.05477052758482089,7.29434955193602,8.292697767265281,192.13923272602054,0.9975795078025457
522,212,74738,forward,w,deg,52,52.0,0.0,0.22308604770658746,3.021684125834957,-4.769741674818706,4.414641123203178,9.184382798021883,-6.205137590253258,6.159812561067014,12.364950151320272,-0.1103241165472525,5.265630014953396,6.358263811973501,216.14258818547262,0.9986100578784317
522,213,76879,forward,w,deg,70,70.0,0.0,-0.017406056140430337,2.0439495027573917,-3.266082324295387,3.0690378031412178,6.335120127436605,-4.248041212911659,3.6374153583086013,7.88545657122026,-0.08950411080527695,3.5915068352426585,4.573465723858931,183.63097492144186,0.9993638315866141
522,214,83339,forward,w,deg,121,121.0,0.0,-0.0267641053925729,2.431942170636884,-3.872849792440121,3.960494105191799,7.83334389763192,-4.858171994740701,5.495290587300303,10.353462582041004,0.09685526509030384,4.44321803202584,5.910244550015165,186.8679908702291,0.9990994901043552
522,215,76462,forward,w,deg,129,129.0,0.0,-0.025278014551105343,3.93592978409633,-6.151885698111852,6.075769449908154,12.227655148020006,-7.81009916445214,7.354366264355491,15.164465428807631,-0.01107271791086104,6.830463811190708,7.760451783375487,189.89181087880525,0.9976422887429133
522,216,76343,forward,w,deg,68,68.0,0.0,-0.6205419838030366,5.336917459437855,-7.565420224245767,8.742173968426139,16.307594192671907,-9.381244993637893,10.183427557535737,19.56467255117363,0.199269816131201,11.93769671826639,13.378950307375987,217.00364879622,0.9956677984309024
522,217,74850,forward,w,deg,53,53.0,0.0,0.039910067379224756,1.7482760474178565,-2.79746107417173,2.615524126383593,5.4129852005553225,-3.335246253048666,3.1578449401836224,6.493091193232289,-0.046951325993636175,3.0596484465131084,3.335985027687343,198.36824315516276,0.9995345450036308
522,218,79912,forward,w,deg,99,99.0,0.0,0.19223725777609957,2.525241271588602,-4.0746617574313175,4.074210169005427,8.148871926436744,-5.277575185598238,5.408252404051979,10.685827589650216,-0.015011907771478643,4.734353169020829,5.9066742548345985,205.03630719361934,0.9990291095430478
522,219,76043,forward,w,deg,90,90.0,0.0,0.09123281705525699,2.7672049264943412,-4.389243782773294,4.36165334548884,8.750897128262134,-5.644761836532211,5.690513812803829,11.33527564933604,0.0007262761305942191,5.046065958676353,6.135910088464925,195.10355789166948,0.9988341825500083
522,220,80077,forward,w,deg,76,76.0,0.0,0.0035489425201546965,2.149898034811946,-3.357038425509579,3.5260668248591074,6.883105250368686,-4.22277508112964,5.054847162042336,9.277622243171976,0.11624584139528457,4.010152757742006,5.157167444431394,193.00380321757206,0.9992962210135224
522,221,86199,forward,w,deg,237,237.0,0.0,-0.12040862552328235,2.9548321084644438,-4.26113319153244,5.013932073737173,9.275065265269614,-4.723661607184141,6.862435224877743,11.586096832061884,0.28911044818177833,5.017419814829815,6.865922965970384,169.48802864809127,0.9986708116404628
522,222,80174,forward,w,deg,132,132.0,0.0,-0.10997817097725715,2.0191402942815926,-3.0817964723232394,3.5146531943729498,6.59644966669619,-3.7619261625771117,4.561381440632829,8.32330760320994,0.19582090792746465,3.711999103012114,4.758727349271993,175.47281287823557,0.9993791925889418
522,223,83275,forward,w,deg,65,65.0,0.0,0.060618542296936084,3.22571566288256,-4.7347844427035515,5.128510012001356,9.863294454704906,-5.95657369424984,6.103415072267154,12.059988766516994,0.04121728540317231,5.501784807887878,6.451939256070972,188.11001718053066,0.9984159826093725
522,224,83256,forward,w,deg,297,297.0,0.0,0.2943020612230214,5.278138012502961,-9.099301749404862,8.246455311539096,17.34575706094396,-12.364198834765347,10.472941737247254,22.8371405720126,-0.18520398927749876,9.819561129562567,13.024665061189808,199.28290495938083,0.9957636033633774
522,225,81258,forward,w,deg,71,71.0,0.0,-0.04330831668841029,2.5851237695522458,-4.100996264453258,4.176217119682136,8.277213384135393,-5.113580587631333,5.508440906319095,10.622021493950427,0.08851225192411503,4.677129364727335,5.338946495631632,190.10570313794506,0.9989825226269434
522,226,78827,forward,w,deg,93,93.0,0.0,-0.05569923100367191,2.558438511063116,-3.954890048287626,3.997666116850737,7.952556165138363,-5.0229602282427095,5.628219134464615,10.651179362707325,0.07348736800004291,4.663190374752216,5.350884017176838,198.82787795397465,0.9990033971865777
522,227,83935,forward,w,deg,81,81.0,0.0,-0.3731017402225518,3.271037543493052,-5.2460255847409485,5.896484106012593,11.142509690753542,-5.483457521126752,7.544163203216897,13.027620724343649,0.3816896103213039,6.057215880958978,7.704894978163281,212.31372888384456,0.9983714447600412
522,228,82985,forward,w,deg,157,157.0,0.0,-0.22796424573473928,2.9433639458293337,-4.4080858892598025,4.967353721259728,9.37543961051953,-5.786167385908101,7.5146801256634035,13.300847511571504,0.23879547755422117,5.271243038267197,7.591156865560038,179.20678346524826,0.9986811493444953
522,229,90600,forward,w,deg,108,108.0,0.0,0.09834077287614207,2.487928945586186,-4.122430271887649,4.213477589559056,8.335907861446705,-4.846431734323431,5.293482645147975,10.139914379471406,0.04451404336444934,4.685483823479083,5.679860952075359,190.93902211060578,0.9990575767198211
522,230,84985,forward,w,deg,173,173.0,0.0,-0.17637452752947524,1.7378802911965212,-2.4270624113659833,3.140432210116786,5.567494621482769,-2.7164976174057074,4.485509200919978,7.202006818325685,0.4566144689831139,3.11264735612889,4.457724346932082,167.2199619780372,0.9995400776715131
522,231,79611,forward,w,deg,51,51.0,0.0,-0.08745024969960014,2.0361870149535477,-3.1199308173391813,3.204531808641022,6.324462625980203,-3.793066512502463,3.914133554278976,7.707200066781439,0.07353516779865338,3.4838629549941658,3.9184406214812952,208.34536318970547,0.9993686511196971
522,232,85006,forward,w,deg,83,83.0,0.0,-0.017480784606419775,3.2877959153608685,-5.609985688953139,5.541312011307919,11.151297700261058,-7.279432697189549,5.912581987526721,13.19201468471627,-0.12677984115012442,6.087287091906793,7.0831405493547095,191.01608426882092,0.9983546418792739
522,233,93015,forward,w,deg,78,78.0,0.0,-0.05258020024020027,2.5818851179592595,-3.9751891168905744,4.007842732033025,7.9830318489236,-5.106480159563716,5.867517832548316,10.973997992112032,0.08502185892645352,4.600944405424547,6.073931446820438,200.24355824183954,0.998985072741399
522,234,91002,forward,w,deg,87,87.0,0.0,-0.3185349336151262,2.7126982533168307,-4.235482149521184,4.794495179504114,9.029977329025298,-5.317720692987933,5.936693593848275,11.254414286836209,0.2033763299378327,4.990107065172111,5.936036471247633,195.4464242726312,0.9988796908879884
522,235,80834,forward,w,deg,71,71.0,0.0,-0.07549515198226686,2.471151729559189,-3.750509744128422,3.824949519852794,7.575459263981216,-4.674840112444883,4.275697120272724,8.950537232717608,-0.003046444744476466,4.101661635658857,4.970487542476519,200.61729597427316,0.9990701850872358
522,236,84069,forward,w,deg,81,81.0,0.0,-0.12086255638573107,2.622676351091757,-4.332111346730926,4.2607737881413925,8.592885134872319,-5.69405814923897,5.422850081281865,11.116908230520835,-0.06537323119929789,4.942344270540303,5.644795588685724,195.14764250949926,0.998952782823118
522,237,88993,forward,w,deg,234,234.0,0.0,-0.1721775853312124,2.5373599745925826,-4.0519974468632425,4.371199608479939,8.42319705534318,-5.37739280760934,6.497178031947158,11.874570839556498,0.18262865569083053,4.726220353477805,6.5999520088663814,173.0479651910368,0.9990197981550447
522,238,86978,forward,w,deg,150,150.0,0.0,-0.15298774519729363,2.01365479034937,-3.0398364547863976,3.54448965759422,6.584326112380618,-4.0057480176037075,4.9069248482114745,8.912672865815182,0.25125882772984864,3.659947219415988,4.849218133538471,168.3578574082407,0.9993825670599927
522,239,85566,forward,w,deg,63,63.0,0.0,-0.5987137652421097,5.794491978264235,-7.949138318699662,9.90404292128741,17.853181239987073,-9.28660443179021,11.35420161557883,20.64080604736904,0.24075431687810478,14.540122545739873,15.990281240031294,221.45997730116608,0.994894436121347
522,240,87788,forward,w,deg,112,112.0,0.0,-0.12119691885246198,1.688529357296326,-2.4618681155795,2.719018480496553,5.1808865960760535,-3.0850137640470905,3.953680823033096,7.038694587080187,0.2016770035788206,2.976260056974962,3.8564989962097798,165.36519660557587,0.9995658133478154
522,241,91438,forward,w,deg,194,194.0,0.0,-0.014767045037714865,1.9996272618130215,-3.1128582334558716,3.105030370749784,6.217888604205656,-3.8535264828908,4.258324166764197,8.111850649654997,0.030515021441902837,3.4443492791721937,4.454396122235437,163.1935934888754,0.9993911139892995
522,242,89844,forward,w,deg,201,201.0,0.0,-0.27807288502145866,3.6165978193326263,-5.480992623201985,6.247364956619293,11.728357579821278,-7.240697397891722,8.501552391090968,15.74224978898269,0.26092263995712334,6.757853879465955,9.01204131393763,181.42819935765954,0.9980094010211261
522,243,95842,forward,w,deg,263,263.0,0.0,-0.16209178947428882,2.3825772818680293,-3.4561641652799695,3.91967988994828,7.375844055228249,-3.8170926855686105,4.644902474576583,8.461995160145193,0.1645336265002306,4.2097014425220705,4.934924027150373,160.94171591925144,0.9991356230898167
522,244,83229,forward,w,deg,56,56.0,0.0,-0.2394228340337463,2.0769014594346658,-3.04361354860108,3.5761999463147447,6.6198134949158245,-3.8503917361261983,5.114211497813017,8.964603233939215,0.35866205810539403,3.7143879963345867,4.876577691916168,215.8567755922327,0.999343189907859
522,245,95443,forward,w,deg,244,244.0,0.0,-0.18572228480903163,2.1616793960470644,-3.092862716693412,3.641706429443617,6.734569146137029,-3.5605761656170785,4.081711378279493,7.642287543896572,0.20825366595278955,3.8696259037190273,4.309630852554903,160.75149925289168,0.9992884405266473
522,246,93446,forward,w,deg,224,224.0,0.0,-0.14486295206698685,2.0066868841966463,-2.9315231425042283,3.3083199606557305,6.239843103159959,-3.5643804636316077,3.9306371930919966,7.495017656723604,0.12963334402326337,3.362827108026674,3.9403083501637752,161.50682108648547,0.9993868018358796
522,247,86776,forward,w,deg,53,53.0,0.0,-0.09898371251603066,1.7306989430406308,-2.569710474548856,2.866599431073695,5.436309905622551,-3.1758273710890137,3.4082340549597916,6.584061426048805,0.13841003335581883,3.1653433067757533,3.70697793066185,204.23812181896844,0.999543856536128
522,248,83640,forward,w,deg,54,54.0,0.0,0.01196578607628851,1.942147216312293,-3.0736108991661153,3.1426983460623794,6.216309245228494,-3.7394556173295257,3.284605512742189,7.024061130071715,-0.017950451680159872,3.4767660822727846,3.5408091406605706,211.65930225734795,0.9994256121572985
522,249,88110,forward,w,deg,61,61.0,0.0,-0.08102999018677792,2.6665940312669534,-4.082374766802644,4.306915221645312,8.389289988447956,-5.353241246700293,5.385530529987079,10.738771776687372,0.01959584769456934,4.808996348005991,5.4948408640565845,195.6326664179722,0.9989174036030628
522,250,95422,forward,w,deg,109,109.0,0.0,-0.12865061086540663,1.524195267938428,-2.439929462585911,2.520172477949779,4.96010194053569,-3.3556001399869615,3.3354722499359184,6.69107238992288,0.0809526921847902,2.7833866054700818,3.5762327957836817,179.5281053000169,0.9996462084068826
522,251,87679,forward,w,deg,90,90.0,0.0,0.05495084980412912,2.170846692612749,-3.4397263600345864,3.296764994699673,6.736491354734259,-4.237658628825017,4.100347153275493,8.33800578210051,-0.06532831348727945,3.6891570914340432,4.390451093382808,220.33652090508298,0.9992824044634449
522,252,89293,forward,w,deg,95,95.0,0.0,-0.47734110207164804,4.215724254156952,-5.920171245953901,7.568501193052134,13.488672439006034,-6.918568350789201,9.33378830412741,16.25235665491661,0.37050393075193777,8.334835014777104,10.10012212585238,229.20643148353872,0.9972957900920815
522,253,96263,forward,w,deg,261,261.0,0.0,-0.1396684300111133,2.362544491529702,-3.510216078334622,4.0492786421383755,7.559494720472998,-4.542101327388053,5.746334478665801,10.288435806053855,0.2505788980243561,4.306958493564991,6.004014330092417,169.94056755274022,0.9991501466607601
522,254,90117,forward,w,deg,145,145.0,0.0,0.5111239489191348,4.051390042838515,-6.930457390501402,5.898945575640885,12.829402966142286,-9.076949186936588,7.093581687759013,16.1705308746956,-0.3146283568206927,9.028766978131612,11.1752587745668,208.1205007678993,0.9975022154711164
522,255,91347,forward,w,deg,55,55.0,0.0,0.13431552787730539,2.0306447740920337,-3.281482987082268,3.1766536348586776,6.4581366219409455,-4.105397704036221,3.993566729995365,8.098964434031586,-0.0460687610787381,3.654480826876115,4.239713231913527,194.18320933224706,0.9993720949664991
522,256,99061,forward,w,deg,53,53.0,0.0,-0.36646063508800353,5.752332389370418,-9.499752517295041,9.202957814107833,18.702710331402876,-10.944767412025783,12.015958109945586,22.96072552197137,0.021181674403814313,12.730194867554246,15.543195163392,295.4116251224459,0.9949692578856538
522,257,97245,forward,w,deg,79,79.0,0.0,-0.1885665328850905,2.7019191118575425,-4.096678407011092,4.614302039149136,8.710980446160228,-5.338291911431099,6.100720215155519,11.439012126586618,0.17179227166084426,5.108586936246303,6.075527325419131,212.38418902189952,0.9988885892334687
522,258,94534,forward,w,deg,67,67.0,0.0,-0.2558143023870798,3.235997046960958,-5.014574049397416,4.77503124213294,9.789605291530355,-6.5500255545643995,6.472637280265559,13.022662834829958,0.005577828503872695,5.950201778867889,6.825496068354937,230.6776783216318,0.9984059783245536
522,259,100594,forward,w,deg,214,214.0,0.0,0.08222402113506178,1.347213025774004,-2.3228191435647942,1.9178129329975235,4.240632076562318,-3.0052756751386482,2.323209173792179,5.328484848930827,-0.2602287533075392,2.2959821843215877,2.837377209752816,162.43713963578233,0.9997235886154254
522,260,89153,forward,w,deg,54,54.0,0.0,0.026821255737942806,1.6200104616444015,-2.6370058404889276,2.7455303709151906,5.382536211404118,-3.205252969867985,3.6738127402346663,6.879065710102651,0.10423849244506983,3.069475709484743,3.5708265354015793,21.136459029322907,0.9996003409683986
522,261,93347,forward,w,deg,50,50.0,0.0,0.4573785162228603,2.521719933458013,-4.5584787538210305,3.3335914160825495,7.89207016990358,-6.184017616490138,3.4286286602058453,9.612646276695983,-0.6379362915519615,4.822449655848154,6.447988518517263,205.05620788446237,0.9990318499313053
522,262,91158,forward,w,deg,50,50.0,0.0,-0.11108092901483246,1.2478571250356532,-1.7548625453604203,2.070578144105768,3.8254406894661885,-2.0412030051719228,2.7680548970917016,4.809257902263624,0.33168308113368167,2.5044966864331726,3.201973439419106,13.743609587349352,0.9997628525779125
522,263,94858,forward,w,deg,59,59.0,0.0,-0.06361490185159369,5.9099286221011464,-8.237048724050092,9.411435496672507,17.6484842207226,-9.290368985506973,12.095725134398151,21.386094119905124,0.24713594385267473,13.421512965625336,16.10580260335098,225.2498759855208,0.9946893640274552
522,264,98040,forward,w,deg,75,75.0,0.0,-0.0128766443333177,3.6277427153102653,-5.743318376956353,6.083386462408665,11.826704839365018,-7.345730232214578,8.137496431104807,15.483226663319385,0.07143459326048147,6.763029327527306,8.541164646900427,219.46243249626724,0.9979970970173423
522,265,96139,forward,w,deg,170,170.0,0.0,-0.10505398711984526,4.187028265539485,-7.004745166473714,7.005285580148569,14.010030746622283,-8.023978934732042,9.777466771852744,17.801445706584786,0.1166944560651653,9.075397175038676,10.094630943297005,216.81379805651693,0.9973326242514597
522,266,99440,forward,w,deg,76,76.0,0.0,0.05794970621167295,2.6494880018767373,-4.3366453878372795,4.205518493489336,8.542163881326616,-5.528508423990331,5.902568228482977,11.431076652473308,0.01784950069025781,4.937507626932643,5.92685742177008,181.47337398880248,0.9989312604708253
522,267,107040,forward,w,deg,103,103.0,0.0,-0.04576507292591714,1.3699245611509854,-2.2660900679179434,2.331082913264129,4.597172981182073,-2.986150916644675,3.1583329668110594,6.1444838834557345,0.05883312800750909,2.6277511292510014,3.265034635270183,175.90108086138068,0.9997141969535023
522,268,108496,forward,w,deg,93,93.0,0.0,-0.08224895890307948,1.9021202932282517,-3.047969573661766,2.871257133096725,5.919226706758491,-3.955317238450874,4.226662742390715,8.18197998084159,0.02718440959401339,3.3098407226438997,4.322534585404441,181.96809513755179,0.9994490515243927
522,269,104081,forward,w,deg,238,238.0,0.0,0.1097185964183609,3.254601246673805,-5.418336384611917,5.331916088679971,10.750252473291887,-7.276694450879177,7.7841190173591315,15.060813468238308,0.00802741689492121,6.146102690053418,8.463331046137455,172.55950381526793,0.9983877092947702
522,270,105932,forward,w,deg,228,228.0,0.0,-0.06870762370776617,1.8775072424428123,-2.9918550756470466,3.354675419930803,6.346530495577849,-3.9271924991691094,4.561169959753414,8.488362458922524,0.2002416025737191,3.5595754576006575,4.703147141916361,163.49925402592987,0.9994632237088983
522,271,98764,forward,w,deg,78,78.0,0.0,-0.020400303870374614,1.704172024890897,-2.6493399529684596,2.7101320630743784,5.359472016042838,-3.022812676112409,3.1339207553398865,6.156733431452295,0.06435573368941325,2.969865523013506,3.393654215279014,9.599479236268825,0.9995577261373956
522,272,110635,forward,w,deg,198,198.0,0.0,-0.21127394473121797,1.7745751708073574,-2.4885856551441705,2.9755544657061828,5.464140120850353,-2.9059217333667107,3.6066763134822963,6.512598046849007,0.25105841673611573,3.220626082488793,3.8517479302649065,157.94345902994135,0.9995204339275733
522,273,111650,forward,w,deg,210,210.0,0.0,-0.20844654074309688,1.7896929911030712,-2.596853911481456,3.0449487133492736,5.64180262483073,-3.2245586612439183,3.8449052749936357,7.069463936237554,0.25555564422450705,3.356921112039262,4.156877673683624,159.12274393109521,0.9995122356889806
522,274,99562,forward,w,deg,56,56.0,0.0,0.005005192955962912,1.2679176431576318,-1.9008005827060046,1.9896308069965372,3.8904313897025418,-2.349689544914696,2.1428450633933096,4.492534608308006,-0.01942184313050784,2.2719686933136813,2.7208576555223942,14.892144722344314,0.9997551644777867
522,275,111641,forward,w,deg,246,246.0,0.0,0.03646118918790364,2.150829256822823,-3.528395662639909,3.518054698144418,7.046450360784327,-4.769681366738666,5.083369953148207,9.853051319886873,0.0071024957071309045,4.033518914186267,5.029581497743322,168.50945790975513,0.9992956047925806
522,276,100073,forward,w,deg,78,78.0,0.0,-0.39421639923105545,4.977641553726134,-8.168210082728411,7.467201676848773,15.635411759577185,-10.643931430539794,8.071230773351857,18.71516220389165,-0.16501415083528298,10.108272457840727,12.583993805652113,225.5191932718262,0.9962310036193671
522,277,109268,forward,w,deg,116,116.0,0.0,0.04384178153853213,2.7421515997693753,-4.390428809307991,4.317881399136574,8.708310208444566,-5.831544040169547,5.847937999548293,11.67948203971784,-0.007246416173893271,5.001802093191856,5.8600726344665475,180.8403919812475,0.998855213963514
522,278,102286,forward,w,deg,82,82.0,0.0,-0.13496214400338147,2.223602491750441,-3.1713522946394037,3.5491721818111404,6.720524476450544,-3.7338292659129877,4.052259697357869,7.786088963270856,0.14157917809432452,4.008751592728993,4.511839108275694,8.505046759048021,0.9992470969413143
522,279,112377,forward,w,deg,56,56.0,0.0,-0.35115081617834676,3.8063907321158212,-5.22136588446547,6.550812454289968,11.772178338755438,-5.851908283069008,9.076534046793654,14.928442329862662,0.36050151795763435,7.1231425027356465,9.648864095239333,281.65255602974855,0.9977950247754949
522,280,109609,forward,w,deg,187,187.0,0.0,-0.044365176972064546,1.3160775580016766,-1.944476867712882,2.2047511589371878,4.14922802665007,-2.193873694528264,3.2840801935417687,5.477953888070033,0.2734061208471703,2.4128669280071504,3.4921959626117314,163.81865505092424,0.9997362174967279
522,281,111968,forward,w,deg,79,79.0,0.0,-0.15905295200815317,1.8905499059407174,-2.7549386820069373,3.1471875033153154,5.902126185322253,-3.6915005354321124,4.046625102494517,7.738125637926629,0.09589579017066076,3.503465407031399,4.20567805450267,185.18996986492786,0.999455730523158
522,282,104605,forward,w,deg,54,54.0,0.0,-0.19432853391266747,1.5385838496068158,-2.2058061338135073,2.790390945404866,4.996197079218373,-2.7019473215239884,3.2993787444641782,6.001326065988167,0.36538882732460715,2.8920443595739727,3.401032158633285,20.771459726520206,0.999639498002923
522,283,106093,forward,w,deg,53,53.0,0.0,-0.016422852982543645,0.7572403178077899,-1.1989674837328892,1.2494075283728192,2.4483750121057084,-1.4308343595585598,1.685760755197748,3.116595114756308,0.1244243963679428,1.3853043220829078,1.8216575489078366,3.5052809139181127,0.9999126671351829
522,284,112328,forward,w,deg,217,217.0,0.0,-0.11570157606499265,1.0989039520281656,-1.6073172517709964,1.9779938008734457,3.585311052644442,-2.021863881761817,2.9054526573095245,4.927316539071342,0.38965073832167846,2.1419279502212696,3.0693868066573486,157.41832134015917,0.9998160880081788
522,285,106107,forward,w,deg,88,88.0,0.0,0.0013315136675799977,2.216902199550264,-3.404926202288547,3.4674544351302425,6.8723806374187895,-4.31638421240973,3.940516108164644,8.256900320574374,0.0013292845678332115,3.7806575255477957,4.692115535668961,13.829907689093146,0.9992516317862756
522,286,115586,forward,w,deg,304,304.0,0.0,-0.26466217138552395,3.4534257401580315,-5.233283047677323,6.056441523397488,11.28972457107481,-6.714133068701614,9.090837843519694,15.804970912221307,0.2752156078625823,6.369255764994858,9.323088137347895,171.32825026773224,0.9981848650532419
522,287,117019,forward,w,deg,59,59.0,0.0,-0.2621564722293215,2.018765681592816,-2.8119406097811805,3.3966574427686393,6.20859805254982,-2.9431658644582512,4.2541513275836,7.197317192041851,0.30636196651068026,3.975874407846572,4.8333682926615325,270.0502369450224,0.9993794058936303
522,288,109691,forward,w,deg,57,57.0,0.0,-0.2147761081849353,1.5235863612201856,-2.2001008329721286,2.501872326950672,4.701973159922801,-2.439796697444507,3.009317745211149,5.449114442655656,0.25458016197818956,2.5628025184880356,2.8070346153251933,3.201176598000696,0.9996464829816416
522,289,115814,forward,w,deg,76,76.0,0.0,0.10058542196543385,1.9380912737153357,-3.2586027356533194,3.240992236082022,6.499594971735341,-4.095995223014938,4.4244622881006705,8.520457511115609,0.06966224762479455,3.6796245093290736,4.410857966260352,189.1686744661526,0.9994280316056305
522,290,114958,forward,w,deg,57,57.0,0.0,-0.10616852409282274,3.4149531078912276,-5.129540801929738,5.6529719075042495,10.782512709433988,-6.796507673056425,7.026933198116012,13.823440871172437,0.12149071787276756,6.307485555351733,7.133101722208835,225.28960962658067,0.9982249686223321
522,291,115594,forward,w,deg,93,93.0,0.0,-0.06832009736763212,2.18974733146412,-3.163859687509705,3.7724559769866457,6.936315664496351,-4.003282710558693,5.1071414066031195,9.110424117161813,0.2971743302294604,3.9167131739940935,5.0839814646501225,184.01212120097722,0.9992698810815199
522,292,118341,forward,w,deg,78,78.0,0.0,-0.000493146166931524,1.9665540212247798,-3.293190924888917,3.175952465946564,6.469143390835481,-4.328058587781186,4.044990317123023,8.37304890490421,-0.08111729065818689,3.5793068125943504,4.334801663572193,193.66971615189527,0.9994111048065986
522,293,118649,forward,w,deg,197,197.0,0.0,-0.09782894894490823,1.2127216097489426,-1.7206334535172914,1.9981394649621733,3.7187729184794645,-1.8955586817682217,2.4613115811738737,4.3568702629420955,0.18284304310426308,2.1471469054153487,2.610319021627049,155.10519650734312,0.9997760158374821
522,294,114177,forward,w,deg,173,173.0,0.0,-0.03999814119248413,1.2266836453662988,-1.8257079972882422,2.153834596208822,3.9795425934970643,-2.213790551974256,3.0133425306703714,5.227133082644627,0.26471218176494127,2.208826115570691,3.0533406718628555,158.65382592635174,0.9997708333406178
522,295,111143,forward,w,deg,59,59.0,0.0,-0.10224924392599632,0.91791533499233,-1.3311338223428804,1.39975970473768,2.7308935270805605,-1.848922008791476,1.9511419568764268,3.8000639656679027,0.05440288621125033,1.7087197935819347,1.9796471065774313,2.427702608796959,0.9998716753712557
522,296,116981,forward,w,deg,155,155.0,0.0,0.05535147861002088,1.0740493766005452,-1.8772346967701878,1.5681000308425552,3.4453347276127433,-2.4787481015792423,1.8710478981288077,4.34979599970805,-0.2643048836898132,1.877525767134147,2.433871627958638,159.93116768852042,0.9998243103930905
522,297,111154,forward,w,deg,70,70.0,0.0,-0.10179895216450063,1.8562677941051877,-2.787440343075778,2.825774024586796,5.613214367662574,-3.5836963115681897,3.612610402578383,7.196306714146573,0.04056591469704515,3.483304195977089,4.279560164469501,11.469322707248244,0.999475274643177
522,298,119490,forward,w,deg,191,191.0,0.0,-0.1126553438585347,1.0631409067443511,-1.5128311938036205,1.804248410484206,3.3170796042878266,-1.7775897385699864,2.1141420833545226,3.891731821924509,0.22875992521883384,2.0161099610814404,2.326003633951757,155.04995648180494,0.999827859650247
522,299,119797,forward,w,deg,333,333.0,0.0,-0.19233073990835692,2.1943596486845847,-3.335983264015579,3.8624884666604875,7.198471730676067,-4.179157728311679,5.719999457229079,9.899157185540759,0.28224879085567983,4.053362896128703,5.817942733013069,163.6361964133206,0.9992668173880449
522,300,114063,forward,w,deg,61,61.0,0.0,-0.02116075306480525,1.305352294000297,-1.959202779183812,2.183863285033283,4.143066064217095,-2.383068837268155,2.6767658272276265,5.0598346644957815,0.16029975136349492,2.2742973853131048,2.562975741838528,5.429879289685895,0.9997404978782767
522,301,120605,forward,w,deg,109,109.0,0.0,0.01772643031247867,1.5261699516459328,-2.4960957606570275,2.607790750435968,5.103886511092996,-3.2971879925342478,3.6071961492066578,6.9043841417409055,-0.020272169544288333,2.9804391691279246,3.8320295897563597,173.10755579078702,0.9996452928919276
522,302,115680,forward,w,deg,63,63.0,0.0,-0.10792001289496511,0.8527064646320857,-1.2122670632818142,1.3903949429922533,2.6026620062740675,-1.399687035349416,1.6712654080483276,3.0709524433977435,0.20156225120054894,1.4385411077978403,1.7194115728539145,356.1894916111193,0.9998892590026948
522,303,115738,forward,w,deg,75,75.0,0.0,0.04993428841348191,1.899939352630139,-2.9292230422900984,2.9991255063785274,5.928348548668626,-3.548887009646677,3.4861211971650903,7.035008206811767,0.03816445447322234,3.3059445309607782,3.6290706385886438,9.637418240705273,0.9994502971635604
522,304,118636,forward,w,deg,108,108.0,0.0,-0.0152947120516842,1.0752284764350342,-1.7832596332828174,1.7633830285872416,3.546642661870059,-2.3373228801908965,2.4335496160830132,4.77087249627391,0.04663721666010708,2.019153790434576,2.497488437640129,159.63604630906062,0.9998239258078693
522,305,121513,forward,w,deg,149,149.0,0.0,-0.025055970448534026,2.336228767750783,-3.54776533935796,3.698197071812592,7.245962411170552,-4.533659579992303,4.889297035672854,9.422956615665157,0.04236870987760095,4.133365649954078,5.299084233394495,176.64426624422913,0.9991689399191104
522,306,122033,forward,w,deg,176,176.0,0.0,-0.039066644382401705,1.9905495647553901,-3.027542557926786,3.2212145017783342,6.24875705970512,-3.974517626277674,4.200632708851288,8.175150335128961,0.08866416216900923,3.509931277223636,4.109390817234015,164.216254491149,0.999396632526065
522,307,124894,forward,w,deg,78,78.0,0.0,-0.06974155278470562,1.5070088797443182,-2.414824007669826,2.486849614806852,4.901673622476678,-3.082473304141871,3.5496377210627656,6.632111025204637,0.07866741205271197,2.783216280094688,3.6973169386741915,177.10843355360544,0.9996541420109748
522,308,126427,forward,w,deg,54,54.0,0.0,0.1926027433245565,2.775823884229535,-4.259218118638776,4.7186938906318625,8.97791200927064,-4.84154818771151,7.59608734011988,12.43763552783139,0.4277929348584887,5.155203507934055,8.032596957422072,283.74089651646466,0.9988271457501741
522,309,123246,forward,w,deg,76,76.0,0.0,1.070413595317632,5.9899744081835955,-7.888895987833564,10.285604493606328,18.174500481439892,-7.984128334323088,13.22804288383702,21.21217121816011,0.26158424360127797,9.416211142745937,11.790602508800418,286.43388440600506,0.9945452792470018
522,310,122340,forward,w,deg,174,174.0,0.0,-0.07252965304223835,0.7287478003671466,-1.105912328228122,1.2620963758286634,2.3680087040567854,-1.332116155966503,1.8442331802663148,3.1763493362328177,0.28561388232855234,1.3390596018438443,1.9211964062814957,154.85051225348366,0.9999191155191358
522,311,126101,forward,w,deg,274,274.0,0.0,-0.030614410806009573,3.0223603257437808,-4.25811064551722,4.926535655642868,9.18464630116009,-5.747379123354676,6.68323684847843,12.430615971833106,0.14186644408467644,5.035737403505988,6.6958451131321794,167.72502859244864,0.9986093565741133
522,312,127875,forward,w,deg,66,66.0,0.0,-0.006210858925243201,1.2823746926645814,-2.011966545563382,1.9264977185693652,3.9384642641327474,-2.3866883191046213,1.94686668549474,4.333555004599361,-0.019232299633179586,2.1430053321128355,2.1774735328310726,268.1148634065685,0.9997495501012827
522,313,122137,forward,w,deg,54,54.0,0.0,-0.10966815631479676,0.9835410709205566,-1.433736151525902,1.7405139201489075,3.1742500716748094,-1.7491572608624608,1.9173157478796838,3.6664730087421447,0.2283772656340009,1.768921108373399,1.9457229361041755,18.855213153042353,0.9998526714592179
522,314,124351,forward,w,deg,125,125.0,0.0,-0.020898173052074753,0.7313986628906507,-0.9910240514994598,1.2775962833720422,2.268620334871502,-1.307123598015636,1.8019276165934173,3.109051214609053,0.20103912474423974,1.3138665298216097,1.809266624246277,155.73078682600058,0.9999185258334978
522,315,128076,forward,w,deg,61,61.0,0.0,0.01978617579337083,1.4568444875454474,-2.3323683323382625,2.3302146201663447,4.662582952504607,-3.2672021862949805,2.9355115494125528,6.202713735707533,-0.14398044094959306,2.702159944531246,3.1056366262288293,180.33002677926737,0.9996767821677299
522,316,124622,forward,w,deg,169,169.0,0.0,-0.056997601534959585,0.8001225849751072,-1.2116770157448742,1.4047958584539,2.616472874198774,-1.5029272999659327,1.9874089789587686,3.490336278924701,0.2975876463914108,1.579151677113293,2.1617647976181615,155.07962315477786,0.9999024963304425
522,317,126422,forward,w,deg,67,67.0,0.0,-0.04714816099374275,0.8906046805061458,-1.2941235419217776,1.558206650474585,2.8523301923963627,-1.4212070014376081,1.7379013196779738,3.159108321115582,0.2418011202103452,1.7542627611188775,1.9339574303222662,266.4300840506443,0.9998791971387785
522,318,130158,forward,w,deg,229,229.0,0.0,-0.22839518058287922,1.0811994347277036,-1.6545230358405092,1.923938757150648,3.578461792991157,-2.472210734479063,2.8358573026383738,5.308068037117437,0.2790123918531152,2.2147282061710993,3.0669868646206453,156.57339637700713,0.9998219668708508
522,319,130116,forward,w,deg,73,73.0,0.0,0.07948811845770365,1.6620161797233157,-2.7711713798250344,2.8641884457532907,5.635359825578325,-3.423303118790983,3.5043688309054346,6.927671949696418,-0.004307039819868817,3.364831602876313,4.005011988028457,184.79006914561782,0.9995793450662331
522,320,129256,forward,w,deg,184,184.0,0.0,-0.023458204635986135,1.2283888374588823,-1.8778240762714986,2.1002953829551116,3.97811945922661,-2.2574031888972854,3.08918764324153,5.346590832138816,0.2023662094321299,2.2651986166865057,3.254090876972924,156.82998687122242,0.9997701955320569
522,321,130414,forward,w,deg,84,84.0,0.0,-0.16191162131472936,1.6621759213528076,-2.5611845684318695,2.608452449087013,5.169637017518882,-3.1599319670470436,3.3466994720678827,6.506631439114926,0.14023767220178596,2.914647901485802,3.490631735809586,170.31238249913432,0.999579255795655
522,322,129580,forward,w,deg,258,258.0,0.0,-0.07117723326020098,1.4683963451509476,-2.1010144908888493,2.67925037657171,4.780264867460559,-2.5932105042494413,3.422797993185469,6.01600849743491,0.31679246560378216,2.6081329017634074,3.3268680960231904,159.38484132949566,0.9996716340048818
522,323,129834,forward,w,deg,152,152.0,0.0,-0.13680241338606436,2.0049864712043086,-2.990956836923182,3.249475758199064,6.240432595122246,-3.666174345009466,4.0519869478474675,7.718161292856934,0.12693720207488346,3.469603400616166,3.9359275891284256,162.25088092198035,0.9993878432154658
522,324,134590,forward,w,deg,334,334.0,0.0,-0.15074754430141013,2.4485416111545937,-3.641599611676247,3.876767736195752,7.518367347871999,-4.223352131937588,5.390786552528738,9.614138684466326,0.17951428355041457,4.029458353647911,5.53471498657612,172.24293282909306,0.9990871301108268
522,325,131876,forward,w,deg,60,60.0,0.0,-0.17589233948923777,1.783785016277199,-2.734709561665001,2.693001098016267,5.427710659681267,-3.397057035946176,3.630636191823129,7.027693227769305,0.0320132943828426,3.407077486842699,3.581431427110971,189.94277019593997,0.9995154550485256
522,326,132535,forward,w,deg,156,156.0,0.0,-0.28762630619924323,2.0257262494909023,-2.9707793542775036,3.487030518796473,6.457809873073977,-3.8865498704851404,3.567470616967313,7.454020487452453,0.1275582889797374,3.4119260419366526,4.033971104874809,179.62279775892793,0.9993751178728267
522,327,132832,forward,w,deg,68,68.0,0.0,-0.16285954318564677,1.653660535725687,-2.5001559723193196,2.7749263920789287,5.275082364398248,-3.030672288006514,2.848194056583992,5.878866344590506,0.19293088175713324,2.762084292359148,3.2926006080463424,185.2342722492734,0.9995835563163114
522,328,135139,forward,w,deg,331,331.0,0.0,-0.05790769040544319,0.5900181005278335,-0.8436403011584872,0.9903813930483949,1.834021694206882,-0.9521478314530896,1.312392160807093,2.2645399922601825,0.2741631538764629,1.149445562667907,1.471456330426605,152.17555652779103,0.9999469790045953
522,329,134556,forward,w,deg,281,281.0,0.0,-0.04593714061644505,0.6903569179561403,-1.0225155045042413,1.1442795610978465,2.166795065602088,-1.2012326266981006,1.6285728259223333,2.829805452620434,0.257267201588476,1.1794312516490777,1.6637245164735646,152.5193434088955,0.9999274126925745
522,330,136318,forward,w,deg,288,288.0,0.0,0.0024253031527905478,0.7356509714750468,-1.193130620608447,1.1917301054508735,2.384860726059321,-1.506091944893143,1.688611991754101,3.194703936647244,0.034525591408529926,1.3646954439483787,1.861577330251606,153.2111988123052,0.999917575697171
522,331,133677,forward,w,deg,189,189.0,0.0,0.009730425037076884,0.7296644746240016,-1.2051124641771707,1.1665851330063275,2.3716975971834984,-1.5598795910800618,1.5623468388820072,3.122226429962069,0.04933406568971775,1.372638463167493,1.618665373266282,153.9209660806808,0.9999189118700688
522,332,139913,forward,w,deg,591,591.0,0.0,-0.23294566008331685,2.533309508927977,-3.7254703917284644,4.177187530088517,7.9026579218169815,-4.5249821427349275,5.233902615908761,9.758884758643688,0.20141010068179585,4.340080504447471,5.38325045834722,163.59229422746017,0.9990228450617609
522,333,136299,forward,w,deg,65,65.0,0.0,-0.119260515132396,1.944386751650829,-2.843616905473476,3.01438302618003,5.857999931653506,-3.3317294154001615,4.18363384777291,7.515363263173072,0.11179617185114361,3.4600702969203834,3.9601140544373266,176.4825882813281,0.9994242863406245
522,334,137188,forward,w,deg,83,83.0,0.0,-0.10791896448256466,1.6836080928053812,-2.448930722748176,2.706254251497712,5.155184974245888,-3.0907487487133665,3.295525145908357,6.3862738946217235,0.10223813816107781,2.9155319544811245,3.427581137476949,168.6404754393533,0.9995683350151168
522,335,135715,forward,w,deg,128,128.0,0.0,-0.16928150476816484,1.9379897663307075,-2.8267189721220363,3.158959987375573,5.985678959497609,-3.383362324730143,3.908524647697334,7.291886972427477,0.16363350332714785,3.3242303847778856,3.6612045386195007,160.32153534510292,0.999428062376179
522,336,137288,forward,w,deg,72,72.0,0.0,-0.3029546248381223,2.2579972787497025,-3.12548397087302,3.8204042418977084,6.945888212770729,-3.302777214020182,4.756789638337693,8.059566852357875,0.3475614187993495,3.8433969953694347,4.7797823918094196,271.11092105455884,0.9992236433458074
522,337,142875,forward,w,deg,411,411.0,0.0,-0.05146827225098605,1.1155063313220983,-1.6767665989109588,1.9185172231082248,3.5952838220191836,-2.1342511045032495,2.623444611270372,4.757695715773622,0.2373114799294059,2.2098158323573927,2.91474322051954,157.94824409892718,0.9998104874482633
522,338,141120,forward,w,deg,68,68.0,0.0,-0.06108749420795334,1.211733083074975,-1.8414536075283052,1.8794271732348362,3.7208807807631414,-2.208402815711395,2.4272651450282297,4.6356679607396245,-0.014084099724110812,2.094816156499672,2.4560179316953565,186.79670678927894,0.9997763819332999
522,339,141333,forward,w,deg,60,60.0,0.0,0.02062256182829003,1.7883209770824884,-2.8566762883087633,2.7067785443386208,5.563454832647384,-3.465066944987143,3.603316229828323,7.068383174815466,0.009588277043699179,3.2398298886076686,3.6408172924645044,182.3882738869739,0.9995129845930532
522,340,139865,forward,w,deg,174,174.0,0.0,-0.27892196653614576,2.2983913794967274,-3.092254116152327,3.9266710541669196,7.018925170319246,-3.367356716736225,5.076574944016613,8.443931660752838,0.3398842295334045,4.513016890616089,5.662920780465782,157.57303549144726,0.9991956235060825
522,341,142570,forward,w,deg,226,226.0,0.0,-0.06548042512821439,0.6953952147406283,-1.004365461856807,1.159340298931106,2.163705760787913,-1.1676769370774025,1.4604117923283297,2.6280887294057322,0.23717884126679992,1.4211346207039455,1.7222061141011693,154.6671825233568,0.9999263491700754
522,342,141926,forward,w,deg,55,55.0,0.0,-0.08415520807434973,1.7606143654517556,-2.726280953923714,2.580779104299983,5.307060058223697,-3.527951907943418,3.1190709603949927,6.647022868338411,-0.06064016707447403,3.110878608349816,3.395500333124801,188.19211675952894,0.9995279508805779
522,343,142823,forward,w,deg,61,61.0,0.0,-0.05918381240709891,1.8512808091421347,-2.756895706728102,3.0366217235255135,5.793517430253615,-3.1024846399536443,3.8891741371322723,6.991658777085917,0.2225849465692724,3.193083272441328,3.798575504644589,174.58941187431347,0.9994780925622336
522,344,142530,forward,w,deg,81,81.0,0.0,-0.12614211395938923,1.8264859469699775,-2.725665276881898,3.05685492679072,5.782520203672618,-3.175845087677118,3.666268040869994,6.842113128547112,0.1403946107592049,3.2268876489654588,3.8363007630447328,166.84512056407877,0.9994919745173658
522,345,142010,forward,w,deg,72,72.0,0.0,-0.09028772569028831,1.3783872908074621,-2.061889988746974,2.107676320702147,4.169566309449121,-2.4406419343240486,2.72008033552342,5.160722269847469,0.09037738466835386,2.3614512951756215,2.6567394493583834,181.4443698984245,0.9997106470767382
522,346,141732,forward,w,deg,56,56.0,0.0,-0.6611788734071808,5.123441289146919,-7.268787563356653,8.237082847871719,15.505870411228372,-7.774430920343434,9.545461013555439,17.319891933898873,0.2421922432285166,11.755422559121385,13.063800724805105,283.45226058845884,0.9960069830141424
522,347,143454,forward,w,deg,199,199.0,0.0,-0.05181521038676351,0.5596596331012749,-0.8184723388378359,0.9394328784123813,1.7579052172502172,-0.9540203524454114,1.0818593708667663,2.0358797233121777,0.18903617132353653,1.0227558870224043,1.1651823794767893,152.39406255890896,0.9999522947590587
522,348,146472,forward,w,deg,204,204.0,0.0,0.02063986516566274,1.5369605067359,-2.516916049534127,2.405529834076442,4.922445883610569,-2.98636180467696,2.9681097250986284,5.954471529775589,-0.031858586557499693,2.6452520773908117,2.9880472369556514,176.77031772925451,0.9996402519888337
522,349,147951,forward,w,deg,407,407.0,0.0,-0.3607163247778544,3.5378124636795985,-5.022624988936241,6.043668202038887,11.066293190975127,-5.942891929127029,6.825666189073587,12.768558118200616,0.2260422825392402,6.404384526816742,7.1863825138514414,166.9150190444058,0.9980948287109411
522,350,147290,forward,w,deg,84,84.0,0.0,-0.007221023867145959,1.6923279305508683,-2.6451956862725536,2.6860032507164053,5.331198936988959,-3.2834129206468674,3.477666961237162,6.761079881884029,0.04997787633109883,3.1048940306116912,3.5787716674603587,164.62852751011232,0.9995638582397018
522,351,146101,forward,w,deg,112,112.0,0.0,-0.24179192130814897,2.4096499323265843,-3.4591972602034318,4.069926413471914,7.529123673675346,-3.918235104052627,4.706023371473606,8.624258475526233,0.21666074423660306,4.0471806310824645,4.683277589084156,159.02419044909104,0.9991158825209124
522,352,144922,forward,w,deg,116,116.0,0.0,-0.04419560870302064,0.9138117758886389,-1.3315818647450328,1.4644258421715008,2.7960077069165337,-1.5310075283960316,1.7519823744004839,3.2829899027965155,0.11256271422906608,1.5110927111166106,1.7166614307460861,153.43988289890132,0.9998728192346326
522,353,148804,forward,w,deg,243,243.0,0.0,-0.01359876775433122,0.17356426737345032,-0.23195548662922646,0.3329472610771401,0.5649027477063666,-0.2435420177524179,0.5038898081046455,0.7474318258570634,0.6787977842390528,0.4450335203008703,0.6159760673283756,151.12527786628158,0.999995411777828
522,354,146416,forward,w,deg,172,172.0,0.0,-0.057619292122168986,0.257573763134338,-0.3262979818498849,0.4970466852206725,0.8233446670705574,-0.3610359850303553,0.758785419213126,1.1198214042434813,0.787733495652299,0.5907696338691351,0.8525083678615886,151.25582325238153,0.9999898952440589
522,355,149067,forward,w,deg,59,59.0,0.0,0.03953632057923073,1.857170967064658,-2.9082122822240506,2.8257000590687604,5.733912341292811,-3.3012042599983147,3.5483610436562003,6.849565303654515,0.04256945763862596,3.2619439392703495,3.5240968811349944,180.25117813179335,0.999474763068525
522,356,149070,forward,w,deg,74,74.0,0.0,-0.001464811465382354,1.8513009933479012,-2.9419962937823683,2.798997531090565,5.740993824872933,-3.713802408311068,3.857353316940703,7.571155725251771,-0.0014161239403780617,3.422770471360648,3.8609617367078783,172.8672629097082,0.9994780861609335
522,357,148363,forward,w,deg,60,60.0,0.0,-0.020889995015778595,0.4886022040081569,-0.7670790153266722,0.8347659961045137,1.601845011431186,-0.9096350959135862,0.9532052342302677,1.8628403301438539,0.1506612801576774,1.0270145539143327,1.1454537920400867,354.26740398091573,0.9999636394960345
522,358,149113,forward,w,deg,136,136.0,0.0,-0.024935052244686062,0.4506233264955004,-0.666434596797508,0.7186058250077068,1.3850404218052148,-0.7372534015696601,0.9508627107790062,1.6881161123486663,0.17341877123302993,0.8166915549408387,1.048948440712138,152.97920395382957,0.9999690722902437
522,359,155018,forward,w,deg,417,417.0,0.0,-0.034271399776429234,1.0867578418053794,-1.7481291129676548,1.7637455639601225,3.5118746769277775,-2.3514052027142895,2.3242873449584067,4.675692547672696,0.04426020866297289,1.964767586954997,2.3580610799471913,156.3132884436033,0.9998201285381788
522,360,149179,forward,w,deg,55,55.0,0.0,-0.7220068993868267,5.233996100854594,-7.153523168859965,9.03421308009717,16.187736248957133,-7.963184176649179,9.855606669939505,17.818790846588684,0.24794698720025576,11.743194967964195,12.56458855780653,283.8646956194844,0.9958328737507137
522,361,150562,forward,w,deg,184,184.0,0.0,-0.23456308041556895,2.3488506274149166,-3.5777667963315354,3.8791101049503833,7.456876901281919,-4.246474484061167,4.900593849514337,9.147068333575504,0.20181837412952927,4.0894790420187555,5.106045483291808,157.95727919393406,0.9991599395073677
522,362,149387,forward,w,deg,114,114.0,0.0,-0.06225475992978602,0.6321256493764456,-0.8205675792758143,1.0345022127460521,1.8550697920218664,-1.0175169993874533,1.520468672275598,2.5379856716630513,0.4171695408175241,1.2747613350775038,1.7607277946070496,152.42496274348466,0.9999391414675278
522,363,151230,forward,w,deg,92,92.0,0.0,-0.09625794855836034,1.3824839885576075,-1.9913371457154567,2.3001095219577268,4.291446667673183,-2.315739544869359,2.784211137817465,5.099950682686824,0.12981132618902064,2.4273211656812963,2.9114227815410345,182.33375635605955,0.9997089253948156
522,364,151767,forward,w,deg,121,121.0,0.0,0.0007936588924621901,0.2645242779379186,-0.39268016062464994,0.4354343600905395,0.8281145207151894,-0.42234095232919344,0.4930068110251682,0.9153477633543616,0.1739833764615156,0.5305099014489372,0.5880823523835659,151.75723662770233,0.999989342523456
522,365,155628,forward,w,deg,496,496.0,0.0,-0.37749632821025614,3.0105353471518854,-4.3624707497355075,5.604391055695075,9.966861805430582,-5.810757096993882,6.963289310849291,12.774046407843173,0.382578049976558,6.3080110856864025,7.666909340840618,168.32267680058982,0.9986203081347891
522,366,153030,forward,w,deg,50,50.0,0.0,-0.10769454785545918,1.5585855001968156,-2.3858096766395476,2.505248145354058,4.891057821993606,-2.869978673477135,3.287424361213823,6.157403034690958,0.13606049342665294,2.800488802957753,3.3741002330389165,273.05900863343345,0.999630061366729
522,367,157373,forward,w,deg,451,451.0,0.0,-0.0895276527780311,1.6684204936320686,-2.543999767519253,2.8560035784790614,5.400003345998314,-3.2302155704072106,4.236428897968381,7.466644468375591,0.21518749907429943,3.039995591179107,4.385184893859758,160.91383424162464,0.99957609760382
522,368,155082,forward,w,deg,53,53.0,0.0,-0.02971931967715591,0.8270885123799232,-1.298877315728737,1.3559387481272318,2.654816063855969,-1.5287566772428818,1.6469423733587405,3.1756990506016223,0.16626387786692814,1.5497906949595288,1.6991895639651489,267.1767334033655,0.9998958132141783
522,369,154665,forward,w,deg,57,57.0,0.0,-0.13406135545247366,1.839398322106218,-2.6841199333840735,3.1346164107871735,5.818736344171247,-2.963608918251225,3.8130557905697913,6.776664708821016,0.21655637085410953,3.083172823325497,3.7616122031081147,178.25447734755934,0.9994847706208624
522,370,155284,forward,w,deg,230,230.0,0.0,-0.00980381688194143,0.1387533634520772,-0.19420720223277782,0.2335606197665823,0.42776782199936014,-0.21281300881665288,0.43252349522737177,0.6453365040440247,0.45327194369063684,0.3448535578713643,0.5438164333321538,151.08925713045136,0.9999970676809756
522,371,153800,forward,w,deg,92,92.0,0.0,-0.32831665368202323,2.2804832662273107,-3.256827277947309,3.865242554247324,7.122069832194633,-3.3213125508940777,3.9390460215508085,7.260358572444886,0.2204568136172961,4.254499475088643,4.328302942392128,156.89091480267498,0.9992080921292172
522,372,155671,forward,w,deg,52,52.0,0.0,-0.05876311371108045,1.0281026401341147,-1.5888658083820104,1.6122930371315016,3.201158845513512,-2.0576940652266558,2.186411374643569,4.244105439870225,0.08800298434324688,1.853177960993983,2.1630587303791344,269.14534597399916,0.9998390199701389
522,373,155862,forward,w,deg,201,201.0,0.0,-0.03880174781605206,0.5055862617305885,-0.6709454225272964,0.850168700802584,1.5211141233298804,-0.7819135043193057,1.0597165692419992,1.841630073561305,0.3366474192203417,0.9957561643940664,1.2053040328334816,152.0703585642971,0.9999610677442391
522,374,157353,forward,w,deg,345,345.0,0.0,0.00023682799218249784,0.7146771134097797,-1.1366727354537773,1.2517101389047187,2.388382874358496,-1.4392121313935036,1.777109263963041,3.2163213953565446,0.1955372606604887,1.3985260855887478,1.9239252106470701,153.7487247602905,0.9999222087661089
522,375,155412,forward,w,deg,52,52.0,0.0,-0.06277807115482403,1.2431927980586543,-1.7582306391992872,2.03241968335885,3.790650322558137,-2.052356471629082,2.3098097298544076,4.36216620148349,0.15007821607186242,2.5609019386276213,2.8382919851231634,14.512488753773814,0.9997646196547408
522,376,157023,forward,w,deg,98,98.0,0.0,-0.1813593699972671,2.2810097495930113,-3.4252840353946525,3.8206860601126533,7.245970095507306,-3.4326755186208118,3.9481739808568648,7.3808494994776765,0.18528850382364023,3.6411175265764126,3.768605447320624,156.97925715174313,0.9992077280996657
522,377,156665,forward,w,deg,55,55.0,0.0,-0.06529346783099754,1.7768254034437476,-2.6031877966208556,2.817491346390011,5.420679143010867,-2.8763219227398906,3.174649800965142,6.0509717237050324,0.11601809384569717,2.928236387037441,3.285394841612572,13.20542784759928,0.999519214115328
522,378,160543,forward,w,deg,182,182.0,0.0,-0.06236889613522578,0.3821677533156868,-0.49659212460939983,0.6922383888118955,1.1888305134212953,-0.579720002868271,0.9606699627410364,1.5403899656093074,0.474903786459356,0.8173331506039088,1.0857647245330497,151.70433670963502,0.9999777551645679
522,379,158469,forward,w,deg,80,80.0,0.0,0.10056374043348626,1.7800158095040817,-2.6643221270583766,2.71337626134424,5.377698388402616,-2.799517172703304,3.1106467948811485,5.910163967584452,0.06214277947001284,3.2744046139274374,3.4095996595723648,169.80155166003732,0.999517484816533
522,380,162289,forward,w,deg,359,359.0,0.0,-0.013951876512749095,0.6103058518244957,-0.9281059785296207,0.9687035203895273,1.896809498919148,-1.1776633692159066,1.4272037583474173,2.604867127563324,0.10019904972771153,1.167437461716349,1.625937699674239,152.6487758031169,0.9999432701548563
522,381,160886,forward,w,deg,323,323.0,0.0,0.14472882930149922,2.9239887179765205,-4.9510628510303745,4.371271493029653,9.322334344060028,-6.140448806034357,5.6635166938715145,11.803965499905871,-0.16545223526405484,5.127074207809774,5.906662660186782,172.24608139915557,0.998698389265331
522,382,158191,forward,w,deg,103,103.0,0.0,-0.41856417961429315,2.226680548540764,-3.113197518504106,3.785743177239376,6.898940695743482,-3.1787260124577017,4.057960196153317,7.236686208611019,0.27889306848808054,4.275547534797945,4.547764553711886,156.3150635044263,0.9992450113437625
522,383,158857,forward,w,deg,73,73.0,0.0,-0.04394909535693614,1.3680180435439249,-2.0481714626796075,2.109091565529235,4.157263028208842,-2.5494186520199094,2.5831330595495388,5.132551711569448,0.05726690122534838,2.3501839114964524,2.8242254055167564,180.9591607657537,0.9997149840449895
522,384,160213,forward,w,deg,66,66.0,0.0,-0.5080270127124749,2.3357345165581123,-3.142922087654405,3.6589783053728837,6.801900393027289,-3.213678996640624,3.9865382023379254,7.2002171989785495,0.20601403104903887,4.53001768050602,4.857577577471062,176.7887670759825,0.9991692558655991
522,385,161388,forward,w,deg,112,112.0,0.0,-0.14829113569783203,1.8922951083926687,-2.6833530813785913,3.1121192627769805,5.795472344155572,-3.002854345901369,3.5739226885743847,6.576777034475754,0.20684549610282485,3.1520908353573533,3.3922533949926503,156.0083687001468,0.9994547077279547
522,386,160244,forward,w,deg,73,73.0,0.0,-0.03166348707517841,0.22325781887509524,-0.3004731472343963,0.3901817189404934,0.6906548661748897,-0.3413743619187244,0.6458091908591541,0.9871835527778785,0.5618978751746541,0.4782134030370852,0.7338408749557459,151.5400915323038,0.999992408342722
522,387,163792,forward,w,deg,55,55.0,0.0,0.018767329297133983,1.2704897193995455,-1.9585182511707189,2.112549682367517,4.071067933538236,-2.6634131829605963,3.1647875802135275,5.828200763174124,0.23954852251652767,2.641901809038955,3.0918627143577737,187.38541089729762,0.9997541805535473
522,388,163416,forward,w,deg,115,115.0,0.0,-0.24392788225736695,1.829735339156646,-2.514184362634276,3.097894959721583,5.612079322355859,-2.7867014451640557,3.7085139708524366,6.495215416016492,0.2809700307378922,3.159940693636156,3.7705597047670096,155.5383841139348,0.9994901632257114
522,389,166897,forward,w,deg,372,372.0,0.0,0.024511221779178527,0.7716854929813921,-1.3126651845858235,1.1664684399917642,2.479133624577588,-1.6687086151134167,1.679857479374192,3.348566094487609,-0.16224269839217842,1.3742521962296945,1.8184765335011264,155.9531636587339,0.9999093033299384
522,390,165416,forward,w,deg,118,118.0,0.0,0.07961178678557701,1.9677085063581838,-3.0022063394154115,3.1888154426948567,6.191021782110268,-3.271047660145342,3.6166398574532366,6.887687517598579,0.08855471454353413,3.5781818011524273,3.8470231218823585,164.23386917772805,0.9994103871356566
522,391,167159,forward,w,deg,185,185.0,0.0,0.03296302056423883,0.8138116512197688,-1.2119318693496723,1.3118936480132162,2.5238255173628885,-1.3332802942697697,1.8587617541493842,3.192042048419154,0.0806495994982829,1.474561283672051,2.021429389808219,152.68050583670268,0.9998991310212219
522,392,165194,forward,w,deg,220,220.0,0.0,-0.05254943908713017,1.0350213844694027,-1.638597909516075,1.5939199537580417,3.2325178632741167,-1.9974714824462296,2.456358461731611,4.453829944177841,0.09426120505862283,1.8528621609252496,2.600515020760696,159.84777478772878,0.9998368462753551
522,393,164102,forward,w,deg,51,51.0,0.0,0.03984007598569406,1.169546567342174,-1.8694114425907742,1.7366767177816769,3.606088160372451,-1.9969308678612379,2.114502250597525,4.111433118458763,0.02812879046120555,2.564527661207819,2.942353194023667,270.8122616265616,0.9997916795702219
522,394,163422,forward,w,deg,139,139.0,0.0,-0.16876221342468511,1.2648672998687027,-1.7448699950314819,2.1322895999611116,3.8771595949925937,-1.9835118108970278,2.78619359653041,4.769705407427438,0.310499534114408,2.7921897724856843,3.4460937690549827,153.850057870793,0.9997563427251972
522,395,166292,forward,w,deg,170,170.0,0.0,-0.1661900601076809,1.517857598011269,-2.1010055507275536,2.609892787271099,4.710898337998652,-2.3049416694139495,3.19471108546864,5.4996527548825895,0.3079546851549554,3.277762676586241,3.862580974783782,154.07525026519653,0.9996491373366716
522,396,167769,forward,w,deg,244,244.0,0.0,0.009407493029499392,1.4732733334028265,-2.225397689859233,2.728185001638073,4.9535826914973065,-2.831151955652416,3.3902484290030372,6.221400384655453,0.27252598006257256,3.2077133160710702,3.8697767434360344,163.6917512708402,0.9996694501150218
522,397,165693,forward,w,deg,66,66.0,0.0,0.7341547226406675,2.288973583014543,-3.2687324626347305,3.1229312507195885,6.391663713354319,-3.277324255065281,3.2959801954527848,6.573304450518066,-0.024444293747208263,4.0503309507530645,4.058922743183615,176.83379699699654,0.9992021711833643
522,398,169702,forward,w,deg,428,428.0,0.0,-0.3256398910946956,2.0782704963365055,-2.746424094064133,3.7377841821891433,6.484208276253277,-3.0376084843007902,5.394690458420769,8.432298942721559,0.4768557464170773,4.912256008564652,6.569162284796278,154.80097699991495,0.9993423072102384
522,399,171413,forward,w,deg,186,186.0,0.0,-0.06831020439472013,0.9130615993342075,-1.3579127350645024,1.5126862075070164,2.870598942571519,-1.559852144747481,2.0011381047644363,3.5609902495119172,0.1774239146433732,1.696549684468465,2.185001581725885,155.4852998723407,0.999873028367062
522,400,170610,forward,w,deg,444,444.0,0.0,-0.44779491080166167,2.7236010163105373,-3.6055006977988397,5.142630577130333,8.748131274929174,-4.142869959671572,6.278370298693488,10.42124025836506,0.5194230953302941,5.4217027907687765,6.5574425123319315,172.2404917551563,0.9988706447638234
522,401,168550,forward,w,deg,110,110.0,0.0,-0.21382962323417587,1.9316688838166018,-2.640467615259044,3.26067000875599,5.901137624015034,-3.0823202882512817,4.165259351784357,7.247579640035639,0.31724557875927395,3.2666124626703135,3.8041255268797443,162.26552816768552,0.9994317917626521
522,402,172824,forward,w,deg,420,420.0,0.0,0.008731956467258328,1.1151955934665494,-1.6996303673285396,1.792668433265231,3.4922988005937707,-1.9742754477162805,2.8007212678406574,4.774996715556938,0.12802516817256734,2.210446144150591,3.218498978726018,159.0108861529226,0.9998105917362663
522,403,168840,forward,w,deg,79,79.0,0.0,-0.17194052747575483,1.4490318085726794,-2.058833104650424,2.5568936496906125,4.615726754341036,-2.3812212510599124,3.0780210563142134,5.459242307374126,0.36536258721930187,2.618519030666652,3.139646437290253,158.28330851695938,0.9996802344780452
522,404,170240,forward,w,deg,95,95.0,0.0,-0.007934201911126593,1.4765568274580243,-2.5669534532644804,2.1773525092463273,4.744305962510808,-3.2150140481248854,2.724466273150341,5.9394803212752265,-0.18592754957785138,2.7090534054885578,3.0575941346255604,169.21651516398427,0.9996679736599897
522,405,171408,forward,w,deg,196,196.0,0.0,-0.12952927007782478,0.6947079072221254,-0.8795972598929751,1.29469210506182,2.174289364954795,-0.9898853048588023,2.0387455948921342,3.0286308997509366,0.7251867161856391,1.4516948574362587,2.195748347266573,154.6605835715429,0.9999264954161977
522,406,172002,forward,w,deg,261,261.0,0.0,0.14699656240878767,1.540930020112825,-2.6421998235443596,2.0903466174087555,4.732546440953115,-3.434617869922022,3.531216140625247,6.965834010547269,-0.17785290686568755,2.752519435150049,3.5610436781122417,166.29317529238924,0.9996383978934288
522,407,171464,forward,w,deg,129,129.0,0.0,0.16865119759557956,2.7699234524915757,-4.604687698579078,4.181207329199304,8.785895027778382,-5.226991706196117,5.60165550780502,10.828647214001137,-0.1718356033658844,5.0971735387952375,5.538781461221959,183.7601197005802,0.9988318875899231
522,408,171959,forward,w,deg,94,94.0,0.0,0.06826650819319013,0.7660040102954249,-1.2754217417217446,1.0843040862361462,2.3597258279578908,-1.4944277265277321,1.2262321681954802,2.7206598947232123,-0.22591990957672142,1.2672321552255978,1.386646905244163,154.21574478834356,0.9999106335361361
522,409,175375,forward,w,deg,52,52.0,0.0,0.3316772321649353,1.90276770084313,-2.945326402413232,2.9945398609131555,5.939866263326388,-3.2379096128855736,3.717635784373954,6.955545397259527,0.17224263858174368,3.3616555998899256,3.5775378609195627,274.5409010745028,0.9994486640221628
522,410,172474,forward,w,deg,52,52.0,0.0,-0.0029150863872473565,1.436557395625362,-2.013855082585235,2.234661446221937,4.248516528807173,-2.4315368108066195,2.619002820507518,5.0505396313141375,0.0735955790929745,2.751820650115294,3.1361620244008748,186.71528012229638,0.9996857089946222
522,411,172756,forward,w,deg,62,62.0,0.0,-0.10556254332186654,1.3595167237441739,-2.0470462341960727,2.0533703710351388,4.100416605231212,-2.4465282038512157,2.43444698401629,4.880975187867506,0.04626502127626954,2.1825246146623956,2.550662437849411,181.6960825181756,0.9997185132510515
522,412,175360,forward,w,deg,52,52.0,0.0,-0.1448844858169167,2.070867561796759,-2.5072605443611793,3.370896081575546,5.878156625936725,-2.525034367924178,4.409584783399197,6.934619151323375,0.33002190899861605,3.5227601000402387,4.5614488018638895,199.12315829958567,0.9993469559039899
522,413,172760,forward,w,deg,58,58.0,0.0,-0.286495170010042,1.6661766971191792,-2.323374506697243,2.857005081338681,5.180379588035924,-3.127943320734346,3.382520592279718,6.510463913014064,0.30158990419571774,2.8572736048930634,3.4856791782177368,174.11058500084295,0.9995772306859089
522,414,173885,forward,w,deg,192,192.0,0.0,0.4207808421933237,2.589272603205558,-4.363767386399944,3.6359623065878828,7.999729692987827,-5.081884475698843,4.414644764746811,9.496529240445653,-0.27649974282217293,4.373289733512876,5.038427963027601,162.05800509325042,0.9989792011117344
522,415,177199,forward,w,deg,423,423.0,0.0,-0.17176171989686395,2.3366581410815703,-3.4516307081992297,3.9077872486504632,7.359417956849693,-4.307636833718675,5.334126726960477,9.641763560679152,0.2150389510720855,4.749509462035973,6.175848940345986,157.78213158625564,0.9991686363397095
522,416,176447,forward,w,deg,246,246.0,0.0,0.04300209829760604,2.357077064394283,-3.8720099826876577,3.835129522703916,7.707139505391574,-5.0004856067415915,5.423743513426217,10.424229120167809,0.016762839127944587,4.331967765259968,5.5474951511014865,180.68630794399004,0.9991540658633433
522,417,177568,forward,w,deg,71,71.0,0.0,-0.05529152328188047,2.540892564527709,-4.26857463852707,4.109058929598717,8.377633568125788,-5.2406360331163455,5.850337953769554,11.0909739868859,0.034333272452549225,4.883778060337079,6.080290231283186,280.5901576229643,0.9990170856313022
522,418,174614,forward,w,deg,50,50.0,0.0,0.06396368017820464,0.6539633093444966,-0.9776538618868187,1.0226903227132134,2.0003441846000323,-1.1978077335049875,1.1377041777955128,2.3355119113005003,0.026895978231661174,1.062999554575819,1.2787034066549268,356.1962516960204,0.9999348637672326
522,419,179406,forward,w,deg,409,409.0,0.0,-0.4560188243838468,1.9100510009848846,-2.395376972386617,3.739210040363371,6.1345870127499875,-2.761238248479117,6.168775856153644,8.930014104632761,0.843057006199872,4.380564624332674,6.810130440122947,163.30993778545567,0.9994444909162072
522,420,174982,forward,w,deg,54,54.0,0.0,-0.18370428428606544,1.442062550877768,-1.82710553535872,2.6865790937327105,4.513684629091431,-2.251489928711351,3.383140383583793,5.634630312295144,0.5956575382849914,2.846102553380085,3.5426638432311677,168.15256287197852,0.9996833083564732
522,421,182350,forward,w,deg,587,587.0,0.0,0.10640337307387426,2.324820855744512,-3.881442927641808,3.649647772957792,7.5310907005996,-4.939643853298037,5.50798055418349,10.447624407481527,-0.08668512280640676,4.21977531201228,5.9863796549065,167.49941318408625,0.999177047329715
522,422,176167,forward,w,deg,135,135.0,0.0,0.038588219227222,1.8009691620483717,-2.8281290829753885,2.9284681163146726,5.756597199290061,-3.843939406393588,4.236748469829024,8.080687876222612,0.11038489998692458,3.4312616578005644,4.6542168359876825,174.8580349186353,0.9995060854491058
522,423,176090,forward,w,deg,102,102.0,0.0,0.002395397756330908,1.3552779353513207,-2.316076060354733,2.0900379052158486,4.406113965570581,-2.8797447678345236,2.498258413360645,5.378003181195169,-0.14498987050112647,2.6471441623265553,3.2108128698063467,160.61456512279946,0.9997202705597591
522,424,178568,forward,w,deg,197,197.0,0.0,-0.10282426428821623,1.3248101271390895,-1.9636183860657355,2.4692752244641665,4.432893610529902,-2.56406436638909,3.3689544424743474,5.933018808863437,0.34795951586712237,2.616360244790013,3.516039462800194,157.47472098691605,0.9997327086578164
522,425,181270,forward,w,deg,291,291.0,0.0,0.13559784237619965,2.2372730442985196,-3.5166626323347714,3.5927564995876793,7.109419131922451,-4.299380639742992,5.177825175097524,9.477205814840516,0.018264348113434494,4.0840195962428965,5.6690882717527415,161.1739280709275,0.9992378359813496
522,426,177717,forward,w,deg,87,87.0,0.0,-0.06505220295750291,1.8117403834348893,-2.8778626844809083,3.1056766227090127,5.983539307189921,-3.6269216780980003,4.046772042252002,7.673693720350002,0.15884823911469376,3.53974513325062,4.480840552793609,172.8218634739055,0.9995001606914955
522,427,177980,forward,w,deg,50,50.0,0.0,-0.24152065285205992,1.8593484189327436,-2.6914984711283862,3.212856070804745,5.904354541933131,-3.245553697668072,3.7770158540257626,7.0225695516938345,0.2982831964173949,3.2873544706691344,3.5655772720809296,185.40216030877534,0.9994735407985698
522,428,180183,forward,w,deg,138,138.0,0.0,0.0969218944254493,1.7134102339904829,-2.794788462266466,2.8908392883346656,5.685627750601132,-3.2195620230814086,3.6445053896524087,6.864067412733817,0.025696256707826215,3.2763963688110542,4.030062470128797,158.77805628410027,0.9995529304762217
522,429,180996,forward,w,deg,251,251.0,0.0,-0.024638537981047648,1.5001916658197179,-2.2392692374743888,2.466221464628603,4.705490702102992,-2.7923912888280142,3.229850206497133,6.022241495325147,0.11625258927146911,2.6785018563404037,3.4421305982089336,159.61642384724846,0.9996572563887366
522,430,180156,forward,w,deg,133,133.0,0.0,0.08164087854967761,1.8568260362029056,-3.1420163989753744,3.0034585728656435,6.145474971841018,-4.197241679148846,3.9476666371975853,8.14490831634643,-0.099511930676099,3.493840027519559,4.207646321749081,168.39837497949372,0.9994749773354104
522,431,180831,forward,w,deg,56,56.0,0.0,0.06346305865226043,2.0414449962525136,-3.169691262108394,2.982372540901359,6.152063803009753,-4.090064140841207,3.426039751626064,7.516103892467271,-0.08811875256125569,3.3481743038152985,4.045028302565868,18.055356326221723,0.9993653800396913
522,432,182115,forward,w,deg,80,80.0,0.0,-0.13231033173586582,2.02926772947714,-3.1716939141791927,3.550312481442806,6.722006395621999,-4.1457197201474685,4.5190595064887304,8.664779226636199,0.1013625475954969,3.8594920772561276,4.809202784980727,193.81912215210897,0.9993729562879599
522,433,181764,forward,w,deg,198,198.0,0.0,-0.12036933854777487,1.8072868322074076,-2.8594006821355706,3.1142775561516594,5.9736782382872295,-3.7441177483401304,4.370672661868127,8.114790410208258,0.21690694646688408,3.3829909928218416,4.3973414426121735,164.57274596250068,0.9995026145933517
522,434,184724,forward,w,deg,304,304.0,0.0,-0.06591501645780795,1.4268226960356287,-2.1471021689187877,2.5591097535017333,4.706211922420521,-2.6365325941907543,3.8223868430935113,6.4589194372842655,0.3562027073824135,3.3251339357738097,4.588411025365588,173.03029424881657,0.9996899674733081
522,435,187065,forward,w,deg,189,189.0,0.0,-0.46436564587057205,3.6106450522838722,-5.244965029409303,6.314131301050764,11.559096330460067,-6.433126482997494,8.853699342139976,15.28682582513747,0.3520874858340042,6.886616019642985,9.426184060732197,191.97501089545733,0.9980158706475547
522,436,188067,forward,w,deg,561,561.0,0.0,-0.5762476056908667,3.4873286366783725,-4.9027435472870025,6.267743415404965,11.170486962691967,-5.660708089186556,8.505252578362132,14.165960667548688,0.40812493197886607,7.250478875140942,9.48798803809811,179.75786526990822,0.9981489374706203
522,437,189830,forward,w,deg,342,342.0,0.0,-0.3866805677685363,4.4624183964471715,-6.459349751511333,8.498332228910346,14.957681980421679,-7.619110766866413,12.634762741390773,20.253873508257186,0.4888877755597562,9.853897168729208,13.990327681209635,188.4315073697263,0.9969711401160044
522,438,183098,forward,w,deg,71,71.0,0.0,-0.07003239037229037,1.2587231653568614,-1.9022945057063794,1.9902040025907581,3.8924985082971375,-2.1045209138511893,2.513311146713505,4.6178320605646945,0.11405233115276174,2.1081028878004275,2.432544356834029,161.79345858499096,0.9997587029844317
522,439,184903,forward,w,deg,54,54.0,0.0,0.01600064884188157,1.5506180049192144,-2.538338879849131,2.422205640878594,4.960544520727725,-3.402521260770925,3.006773810667852,6.409295071438777,-0.11781032602510781,2.7630409617593377,3.5273469447612342,188.3774389530082,0.99963383580949
522,440,184387,forward,w,deg,57,57.0,0.0,-0.006776545760459385,1.3808067348789468,-2.1469963750639294,2.154975363350222,4.301971738414151,-2.573576177287009,2.9284765227951084,5.5020527000821176,0.0902797044358619,2.4990664673343415,2.8094210040397343,178.36346581290542,0.99970963386063
522,441,184939,forward,w,deg,102,102.0,0.0,-0.04435565332735791,1.6907569366791613,-2.5829764883509085,2.6545282326661868,5.237504721017095,-3.2518763945026024,3.449932075737138,6.70180847023974,0.06403232432455824,2.970462260369106,3.7629958576618776,163.0042360655711,0.9995646629820363
522,442,196566,forward,w,deg,50,50.0,0.0,0.29752851140040093,5.313318744981822,-9.145416125726388,6.835121927798673,15.980538053525061,-10.627545868040158,10.138864111678004,20.766409979718162,-0.2156792628803549,9.658679045570993,11.023324731739649,294.47964657893465,0.9957065665731057
522,443,189602,forward,w,deg,50,50.0,0.0,-0.5457286383739017,3.6099376789500335,-4.902180869273747,6.312677779318423,11.21485864859217,-6.048788826591192,7.3141904525502355,13.362979279141427,0.3741318681255449,6.690420777326582,7.691933450558395,285.343452676931,0.9980165123735986
522,444,185571,forward,w,deg,51,51.0,0.0,-0.10347256856027798,1.700069336678707,-2.638247045119769,2.5996363709244434,5.2378834160442125,-3.1357850346390705,2.901310930920573,6.037095965559644,-0.04527861095868506,2.8166043095107653,3.0323124660787926,19.37088944578991,0.9995598521993011
522,445,189295,forward,w,deg,257,257.0,0.0,-0.21873918896616829,2.636198223496249,-4.106225463424624,4.342797390664958,8.449022854089582,-5.2890265035880475,4.861452913112913,10.15047941670096,0.10094773452808795,4.626639502030622,5.4213348930788925,168.02942957114348,0.9989418960156213
522,446,191075,forward,w,deg,73,73.0,0.0,0.017392477910590287,3.8298630478637317,-5.6176267973929725,6.271088851276193,11.888715648669166,-6.623843966999345,8.00469867824512,14.628542645244465,0.21437345919717174,7.460280534768106,9.193890361737033,203.23648069090203,0.9977676529474144
522,447,189855,forward,w,deg,56,56.0,0.0,-0.32766067866387516,3.163760446564745,-4.610969416242128,5.485728562226299,10.096697978468427,-5.775777200931941,7.219846024181834,12.995623225113775,0.2792601366615233,6.742694721637562,8.476812183593097,287.4729614731489,0.9984763411193132
522,448,191827,forward,w,deg,62,62.0,0.0,-0.03782083554179394,3.662957783088222,-5.276961989472082,5.812182924070009,11.089144913542091,-5.963692543524303,6.598561802844529,12.562254346368832,0.11191972149011829,6.921624021656293,7.708002900430813,285.0872949321308,0.9979576727812032
522,449,187258,forward,w,deg,117,117.0,0.0,-0.057340672339876164,1.919894142328288,-2.814135247661028,3.025996531420576,5.840131779081604,-3.313188467147228,3.978713642645488,7.291902109792716,0.1292341374366635,3.3291293101994976,3.7293972763628744,164.87503256513187,0.9994386918201908
522,450,188633,forward,w,deg,51,51.0,0.0,-0.016409228030255463,1.8743249957077959,-2.966308355571499,2.9137531118888518,5.880061467460351,-3.9114408597597503,3.5097874721852236,7.421228331944974,-0.07673925371253798,3.2665258531395125,3.757052018930551,18.029940595162643,0.9994650253838824
522,451,186222,forward,w,deg,117,117.0,0.0,-0.0035953889865254496,1.275192652876019,-2.0373268521841794,1.9964610732094052,4.033787925393584,-2.614617377234424,2.540618902737549,5.155236279971973,-0.00851949636618634,2.179782684802409,2.63915765891457,167.55398281765824,0.9997523488989373
522,452,189839,forward,w,deg,53,53.0,0.0,-0.6244816389684047,3.6615930737761997,-5.018496906020078,5.89051562139706,10.909012527417138,-6.284303630534225,7.049420074818158,13.333723705352384,0.1955815850827842,7.58733514073582,8.746239594156918,206.01977586836924,0.9979592370788941
522,453,191830,forward,w,deg,77,77.0,0.0,-0.19509406236971927,5.540402740192516,-8.390731620719237,9.65395571666312,18.044687337382356,-9.228022373720478,11.911817868593005,21.139840242313483,0.31954895838839087,12.819248035594057,15.077110187523942,298.4750300797889,0.9953326850386085
522,454,187683,forward,w,deg,56,56.0,0.0,0.0653252795291479,0.7209448751479236,-1.2017984080178294,1.0368969690619636,2.238695377079793,-1.4846591929500335,1.3722141895693767,2.85687338251941,-0.2068711995103698,1.34465989768902,1.454957652143861,4.2045607655315,0.9999208380590434
522,455,186729,forward,w,deg,65,65.0,0.0,-0.2694392264499186,1.5649228609256745,-2.0320827351303477,2.8789942287533896,4.911076963883737,-2.1841765718247643,3.976296352102821,6.1604729239275855,0.6159637264555368,2.659335571851931,3.7566376952013627,171.9993494291786,0.9996270554464276
522,456,187011,forward,w,deg,75,75.0,0.0,0.02783255370815141,1.2163788828132405,-1.807848571952914,2.029423297946394,3.8372718698993085,-2.1409706917253004,2.755756468376063,4.8967271601013636,0.23614656586746763,2.140929345334024,2.7279239146679117,164.48947157650102,0.9997746656933498
522,457,187990,forward,w,deg,64,64.0,0.0,0.03757035660986219,1.6690826998582988,-2.7521191311987634,2.762988491021341,5.515107622220104,-3.65471348056505,3.364428943254751,7.019142423819801,-0.04115960558523414,3.254213290606006,3.7584407114910903,183.2958559566308,0.9995757628525807
522,458,189387,forward,w,deg,52,52.0,0.0,-0.06813314601021148,1.7099684828061845,-2.5928670525021476,2.6480210615263347,5.240888114028483,-2.8241484452329075,2.8628491834873557,5.686997628720263,0.05871329983513784,2.8759527756356147,3.107234168366375,15.659319788466739,0.9995547103290263
522,459,189783,forward,w,deg,146,146.0,0.0,0.022444386169212294,1.8960173973391876,-3.072590189702346,3.0826493574498386,6.155239547152185,-4.146307773955982,4.216751710252055,8.363059484208037,-0.004635014285926545,3.527561254714442,4.550595461234934,167.70141925345007,0.9994525790730503
522,460,188251,forward,w,deg,67,67.0,0.0,-0.15338858758252627,1.714199952136564,-2.695734275200846,2.8631070461545667,5.558841321355413,-3.3634025184885274,3.7543415376217126,7.11774405611024,0.10415075303955962,3.152091236970432,3.964539454682864,175.4683618944959,0.9995525193011215
522,461,189266,forward,w,deg,101,101.0,0.0,0.05433915999330452,1.5347291172986708,-2.5019763272630087,2.579148223563692,5.081124550826701,-3.192997883763951,3.4032114528491206,6.596209336613072,0.08101232507329238,2.913119107747036,3.328566696011535,170.88624812354527,0.9996413030558183
522,462,192539,forward,w,deg,60,60.0,0.0,-0.280794961899943,2.711937303975117,-4.069112845021515,4.6259648380284855,8.69507768305,-5.178929579422061,5.854177317044929,11.03310689646699,0.20574944630285105,5.21410011783748,6.442312596853924,200.34145959486284,0.9988802974068294
522,463,194466,forward,w,deg,57,57.0,0.0,0.5139800453165435,6.532234225403781,-10.121493677250657,10.267712718927724,20.38920639617838,-12.255608360739757,11.302336922678933,23.55794528341869,-0.08861792630201892,11.975410020046182,13.01003422379739,305.5016305790957,0.9935147508385824
522,464,190255,forward,w,deg,58,58.0,0.0,0.0972752439053437,1.6644411608188365,-2.7063117233358085,2.6089866004236453,5.315298323759453,-3.3341964272158577,3.4106709019210086,6.744867329136866,-0.06657541574058397,3.0233778208719015,3.495395845972979,177.2393670008207,0.9995781150842438
522,465,192262,forward,w,deg,205,205.0,0.0,0.007132447261199104,1.931957893191654,-3.117500323036597,3.150045208701169,6.267545531737767,-4.1617810431152975,4.3376018228836415,8.499382865998939,0.02670164934150368,3.610692573343811,4.488875494272776,173.4471324564186,0.9994316362029929
522,466,191270,forward,w,deg,77,77.0,0.0,-0.05494600038579733,1.515987892364437,-2.2691689032282794,2.5567382579667592,4.825907161195039,-2.8596127747482285,2.860215138214244,5.719827912962472,0.14159654982326486,2.63189479396857,2.9162211351111296,170.35855857779646,0.9996500016506173
522,467,196418,forward,w,deg,71,71.0,0.0,-0.07904213431527296,1.0342783700816416,-1.4718434454131142,1.7034144998603011,3.1752579452734153,-1.754152737461709,2.0137362455413665,3.7678889830030755,0.23359124847875085,1.7734079913349206,2.0837297370159718,1.535858394680875,0.9998370790196043
522,468,191010,forward,w,deg,60,60.0,0.0,0.08646133216605278,1.2777641612050232,-2.0546834268824044,1.8218920163077241,3.8765754431901285,-2.643077249669318,2.260931740787697,4.904008990457015,-0.1072117453518515,2.1953472194962087,2.5689752152528627,172.02425058957635,0.9997513486867905
522,469,198513,forward,w,deg,53,53.0,0.0,-0.30126879604949863,6.618342414777604,-9.044040515731506,10.819407302202977,19.863447817934485,-10.74430585875055,13.71680623245436,24.46111209120491,0.2898802526229973,16.521656125422556,19.419055055673937,263.500303995684,0.9933435649864105
522,470,191985,forward,w,deg,57,57.0,0.0,-0.295681820955906,1.4346406303344517,-1.8854383988434278,2.5773830226574423,4.46282142150087,-2.257140027837437,3.802331701616737,6.059471729454174,0.5428138641414268,2.4851064248700814,3.710055103829376,176.505193457234,0.999686561789369
522,471,194660,forward,w,deg,199,199.0,0.0,-0.12327205819693177,2.4503888914635743,-3.865940401421233,4.044649900126705,7.910590301547938,-5.075470702012325,5.499460876211799,10.574931578224124,0.106967292508812,4.450444174202923,5.661916437749994,178.5071994135389,0.9990857787475912
522,472,194555,forward,w,deg,50,50.0,0.0,-0.052324823120386554,0.45720042042807857,-0.6105574652510952,0.8416032172898863,1.4521606825409816,-0.681853840892245,1.082808145419591,1.764661986311836,0.4992003622939792,0.8985751207656261,1.1397800488953465,2.3904930179721373,0.9999681629674637
522,473,192238,forward,w,deg,54,54.0,0.0,-0.03904940876171281,1.307840113656807,-2.0559628537154055,2.0588430669132287,4.114805920628634,-2.7832501766294797,2.6238149534192416,5.407065130048721,-0.04157894618239847,2.3288650310720223,2.7099956039251083,173.35271848063599,0.9997395086391458
522,474,192946,forward,w,deg,52,52.0,0.0,-0.08205592277084861,1.2871653873041198,-1.9511062361224958,2.020268998807968,3.9713752349304636,-2.3329409921895774,2.1443833971955826,4.47732438938516,-0.004340450070431941,2.098046270468199,2.4798810265352813,184.259597376075,0.9997476752400661
522,475,192952,forward,w,deg,74,74.0,0.0,0.16806156457418808,1.7225287509243385,-2.8948768511647374,2.4668016568902407,5.361678508054978,-3.618571516272624,3.1218578826082535,6.740429398880877,-0.24250013753094024,3.1858059040862776,3.909500569194165,179.45955093937644,0.9995481532371792
522,476,195837,forward,w,deg,172,172.0,0.0,-0.2314126107517751,2.405219296858449,-3.638281826461706,4.2030726406946775,7.841354467156384,-4.726947719634637,6.114891301311616,10.841839020946253,0.27992191290451846,4.312175056148969,6.038514611815401,182.52216304911326,0.9991191836660436
522,477,193922,forward,w,deg,82,82.0,0.0,0.07360258974894407,2.1030254372199746,-3.2712439783990677,3.2277215271115054,6.498965505510573,-3.5793563836250826,3.613727199618495,7.1930835832435776,-0.03595846252933102,3.3932153239166567,3.7189478469956327,176.94192172420148,0.9993265170525288
522,478,194170,forward,w,deg,92,92.0,0.0,-0.296040989823922,2.0297162191961364,-2.6090877551421285,3.755069740167611,6.3641574953097395,-2.8979314380814287,4.7785135490586015,7.67644498714003,0.5525785606956106,3.8117420167439184,4.835185825634909,175.85965004084747,0.9993726767777658
522,479,195326,forward,w,deg,55,55.0,0.0,0.06785132358015744,1.2211539296129128,-1.8805062577600864,1.9176974910654476,3.798203748825534,-1.939352249753739,2.145706731602587,4.085058981356326,0.0621456930814406,2.2064040012886577,2.2652499932823105,186.78876924508722,0.999772890425348
522,480,198461,forward,w,deg,50,50.0,0.0,-0.08305844299113119,0.7417561958351091,-1.0774327274658801,1.1624727116745517,2.239905439140432,-1.3371273872654115,1.337567586486614,2.6746949737520254,0.08330034031381987,1.2682006040836966,1.4332126945037373,2.408696877034776,0.9999162015886479
522,481,195098,forward,w,deg,62,62.0,0.0,-0.0930388385104095,1.1680139100514146,-1.8415353401459256,1.7856931059273686,3.6272284460732944,-1.9284883822968482,2.1413638001183983,4.0698521824152465,0.04079273457352689,1.952426827886047,2.3080975220770767,182.59546682954837,0.9997922250012083
522,482,195348,forward,w,deg,65,65.0,0.0,-0.053129166769764424,1.5524014461269944,-2.2961526967963493,2.3675297840047387,4.6636824808010875,-2.8002448192982285,2.7920733541080835,5.592318173406312,-0.0042294312774696285,2.6699580389495794,2.845202520877848,178.36965354739502,0.9996329856490414
522,483,202149,forward,w,deg,174,174.0,0.0,-0.33714046157888333,1.3160379237570348,-1.716491303120881,2.4615149426545027,4.178006245775384,-1.97045278004461,3.460174494299281,5.430627274343891,0.6442586682914458,2.7735576929532324,3.7722172445980107,5.565477080310782,0.9997362370791397
522,484,195821,forward,w,deg,65,65.0,0.0,-0.09773993587697305,1.4572619224721681,-2.217401297226303,2.3227531338715264,4.540154431097829,-2.751744239534645,2.9708715075877876,5.722615747122433,0.07182087746836599,2.545570416422282,3.1068906175235895,179.43033710333356,0.999676590670228
522,485,197171,forward,w,deg,62,62.0,0.0,-0.1138756141977808,2.0845255224853725,-3.1081808942291915,3.611731437217321,6.719912331446512,-3.9434971971937216,4.7736694236838275,8.71716662087755,0.30000571742088133,3.9530381263288135,4.649754159744077,197.57624068339982,0.9993383544675112
522,486,198568,forward,w,deg,283,283.0,0.0,-0.03418676602740334,3.6494120384555946,-5.629183870790863,6.293779156618218,11.92296302740908,-7.241212062243193,10.99965961520428,18.240871677447473,0.25872816485416156,7.02968182078958,11.735562279375642,191.6758411387224,0.9979732955079487
522,487,196734,forward,w,deg,72,72.0,0.0,0.007918119925093947,1.2158251751970002,-1.9316521315777748,1.8485009299760582,3.780153061553833,-2.4605805724515903,2.465443617018934,4.926024189470525,-0.015885374329587226,2.196083520965709,2.7324677511309687,183.38267692225918,0.9997748700634164
522,488,199025,forward,w,deg,60,60.0,0.0,-0.37292686105337225,3.398094370955542,-4.951827126463863,5.738945748437824,10.690772874901686,-6.205532168767178,7.1664233624610745,13.371955531228252,0.2073521012331583,5.830415879396072,6.894756398639743,204.0303228258468,0.9982423351289003
522,489,202361,forward,w,deg,116,116.0,0.0,-0.21933542304590503,1.3964817597091446,-1.8236249289983206,2.4453379794390386,4.268962908437359,-2.150388451101037,3.6988686588626365,5.849257109963673,0.5310593546015834,3.1606350759539907,4.4141657553775815,7.944329197484892,0.999703008510587
522,490,197405,forward,w,deg,62,62.0,0.0,0.03340266332241981,1.5401865980218958,-2.27712541888519,2.7344571137116915,5.011582532596881,-2.3573255099297796,3.672095653838369,6.0294211637681485,0.29123539915100377,2.673603280678627,3.6112418208053043,192.12946517731262,0.9996387447255264
522,491,197412,forward,w,deg,60,60.0,0.0,-0.014584327531409258,1.2569694492013344,-1.9736838144547035,1.9027504979895196,3.876434312444223,-2.381440448595697,2.4160040947114965,4.7974445433071935,0.0023696597552730005,2.146948504500835,2.465914202457526,187.4248060429692,0.9997593751982711
522,492,198798,forward,w,deg,65,65.0,0.0,-0.11015213540642321,2.655050823034801,-3.925451721823856,4.614240665832424,8.539692387656281,-4.935786316366432,6.375435469518607,11.311221785885039,0.23783330491928525,5.406780500942913,7.1679753046290955,197.56801879438282,0.9989267942177213
522,493,197879,forward,w,deg,85,85.0,0.0,-0.2455464647586325,2.022406965661047,-3.115373340655458,3.4161140463896738,6.531487387045132,-3.7759122987094145,4.82111734830147,8.597029647010885,0.2644486244449075,3.74270492158933,5.147708223501127,185.45328715737824,0.9993771917259513
522,494,206923,forward,w,deg,205,205.0,0.0,-0.009929773334476977,1.6707978292779926,-2.445786448640837,2.704894508660072,5.150680957300909,-2.740956735313347,3.5256658474185656,6.266622582731912,0.10950200279965334,2.745771903517129,3.5665432422756282,8.05200303777623,0.999574877234273
522,495,198997,forward,w,deg,105,105.0,0.0,-0.20217220463501917,2.309677788805017,-3.540516985186508,3.9638552200494126,7.504372205235921,-4.705367246872129,5.296535247220675,10.001902494092803,0.20353315642450692,4.4390384202651365,5.771718447436399,189.41652491298734,0.9991877543952771
522,496,202580,forward,w,deg,50,50.0,0.0,-0.11247433340970758,1.0056974386201394,-1.5139452634016237,1.6829335679119164,3.19687883131354,-1.6424445517887705,2.123685450483066,3.7661300022718365,0.24992169428731395,2.1457485314391387,2.5865004140102883,17.846716343568012,0.9998459589205199
522,497,202788,forward,w,deg,55,55.0,0.0,-0.12148852207494087,1.1295184856664402,-1.6614420481858843,1.9421527636207594,3.6035948118066434,-1.9282550585477622,2.6249260659367337,4.553181124484496,0.35563731506685775,2.4443173796887687,3.127090682004763,20.747014815296343,0.9998056975190426
522,498,207684,forward,w,deg,83,83.0,0.0,-0.0931297079620208,1.6887007230495497,-2.5984335352549777,2.661399182007235,5.259832717262213,-2.880746669031339,3.44502838693532,6.325775055966659,0.1296020349334515,3.294012833371007,3.576325967147369,15.946389557103073,0.9995657220489801
522,499,203803,forward,w,deg,129,129.0,0.0,-0.16627680129019495,1.3499274274649338,-1.9604250413770556,2.341028022049204,4.301453063426259,-2.47705363884279,2.915470533605827,5.392524172448617,0.2635848628004444,2.618692739924376,3.19313525148101,9.312209607163366,0.9997224740013189
522,500,199856,forward,w,deg,71,71.0,0.0,-0.2885070918523809,3.242146777837653,-4.157859810660085,6.030899600730876,10.188759411390961,-5.147339575647976,8.057053410692049,13.204392986340025,0.5759698929413583,6.202674235491216,8.228828045452389,204.00047426745135,0.9984000970976192
522,501,199426,forward,w,deg,63,63.0,0.0,-0.03441445054050973,2.602391008131256,-4.078715781359028,4.0289221415122825,8.10763792287131,-4.92323393487959,4.511111704973331,9.434345639852921,0.007859798442380096,4.37003647949841,5.1911167059598995,193.3629050034114,0.9989688386591806
522,502,203815,forward,w,deg,54,54.0,0.0,-0.28533557854649416,1.25579274424806,-1.5756049322412664,2.7036072362980796,4.279212168539346,-1.8849382471842375,3.164496946759158,5.0494351939433955,0.9513495772736692,3.6245071247242144,4.085396835185293,25.581115229682585,0.9997598377952138
522,503,203992,forward,w,deg,55,55.0,0.0,0.059700170625461624,0.6940832105300558,-1.2116453322373275,1.0182376857638131,2.2298830180011406,-1.5713024750582747,1.4211849443100277,2.9924874193683024,-0.2678768948479108,1.3186600230026642,1.6750334064680885,4.825647888755463,0.9999266272058797
522,504,200743,forward,w,deg,56,56.0,0.0,0.17835546297352778,2.2437323665254714,-3.3762184793438124,3.3810073262207467,6.757225805564559,-4.1352707474189,4.264631416735227,8.399902164154128,-0.038693858567555146,4.012295245980738,4.5656930730991405,196.71976393394672,0.9992334245003952
522,505,200948,forward,w,deg,64,64.0,0.0,-0.21035349531211978,3.274993658043255,-4.869810573428155,5.226125509732768,10.095936083160922,-5.4101090564460605,6.071868128078563,11.481977184524624,0.12295642366354048,5.711972238431443,6.557714856777238,203.44371908991297,0.9983672108872369
522,506,203805,forward,w,deg,57,57.0,0.0,-0.030770353852659582,0.8799762305491304,-1.2910183040524201,1.400206044938164,2.691224348990584,-1.6888508043138017,1.81952847893632,3.5083792832501217,0.1172082610422892,1.57266020995994,1.9568429579908582,10.562451241333125,0.9998820633324519
522,507,202015,forward,w,deg,53,53.0,0.0,-0.032418787143228656,3.1194233628397217,-4.583415483557895,4.960913756722396,9.544329240280291,-4.772088358643998,5.7127657703885575,10.484854129032556,0.172073112774,5.1753336161590875,5.353350031429073,205.5350814745672,0.9985185853191264
522,508,206171,forward,w,deg,67,67.0,0.0,-0.013115275055127995,1.087352266407693,-1.6365848538678818,1.8251837355142209,3.4617685893821024,-1.9507682517612182,2.168073123611009,4.118841375372227,0.14906302585951003,2.057424926271741,2.400314314368501,12.862839362781953,0.9998199309483471
522,509,205964,forward,w,deg,67,67.0,0.0,-0.00909405960342724,0.6780196983715053,-1.0561041195435223,1.0411652180377868,2.0972693375813094,-1.1830672664192718,1.3920284490415327,2.5750957154608045,0.03829887706743235,1.2272057035690038,1.2888107510342195,6.123629482817118,0.9999299836801445
522,510,209125,forward,w,deg,115,115.0,0.0,0.0027502880256804474,0.6784911654910001,-1.1174014717927576,1.091317641080087,2.2087191128728447,-1.4125800758761216,1.522262235310336,2.9348423111864577,0.003378914740662107,1.3537717782138599,1.7847163724441089,8.394904513448154,0.9999298865268458
522,511,210724,forward,w,deg,57,57.0,0.0,0.0935948845707344,0.6508074100704669,-1.1403287227934071,0.951435090922814,2.091763813716221,-1.4814759572430205,1.1763021552642385,2.657778112507259,-0.31326387726600685,1.2070466686740244,1.404528922327387,9.600750659855002,0.9999354912124483
522,512,212535,forward,w,deg,122,122.0,0.0,-0.030315438911088677,0.770953207612897,-1.194093821999381,1.2106791181515362,2.4047729401509175,-1.435142094912777,1.4354745252450414,2.8706166201578185,0.04124368925281759,1.459084944069579,1.6838803511630829,11.241502524061927,0.9999094750548108
522,513,214090,forward,w,deg,65,65.0,0.0,-0.04020882260692815,0.7983004536295631,-1.215786524971577,1.2739279150865512,2.489714440058128,-1.6606146094062524,1.4674596123377057,3.128074221743958,0.05216912717776723,1.4292885409514213,1.6643871651835411,12.541813265509756,0.9999029394559233
522,514,214080,forward,w,deg,59,59.0,0.0,6.441155252900899e-05,0.6416086123654527,-1.0595078432817757,1.0039854299357898,2.0634932732175653,-1.3654127306568853,1.1881928107443969,2.553605541401282,-0.08669463173846911,1.183960463016885,1.3654771422094143,13.552284182129009,0.9999373018225655
522,515,214857,forward,w,deg,54,54.0,0.0,0.04049751067398688,0.7733661504978091,-1.2250022460139518,1.1534830813264858,2.378485327340438,-1.5287346506023027,1.3706119049996914,2.899346555601994,-0.09038276097870647,1.3611273868407956,1.6648597914291656,13.773078523587078,0.9999089075766421
522,516,215211,forward,w,deg,64,64.0,0.0,0.025166312670052093,0.5900564127569644,-0.9825732726156232,0.9089229665275239,1.8914962391431471,-1.334079849809541,1.2512407462808994,2.5853205960904404,-0.06812983662697855,1.0977769616798323,1.346982946577782,14.28266717393781,0.99994697231881
522,517,215906,forward,w,deg,72,72.0,0.0,0.03780009188052702,0.5555309329087118,-0.8955784566348427,0.8561823630877342,1.751760819722577,-1.0859391378110104,1.053103947927724,2.1390430857387344,-0.05584627946793999,0.9727598522719988,1.1492222257252251,19.99934450617872,0.9999529960259199
522,518,215928,forward,w,deg,60,60.0,0.0,0.004669316273322011,0.5606713306028908,-0.9030843827967728,0.8576271320492024,1.7607115148459753,-1.1807178849498428,1.0877698122282027,2.2684876971780454,-0.07734668961342663,1.0092276873087158,1.1447709452394577,15.944631876659056,0.9999521222311042
522,519,216270,forward,w,deg,86,86.0,0.0,0.025235665643137395,0.5945771878194044,-0.9316034634694006,0.9405056231735927,1.8721090866429932,-1.3098729216026186,1.3146162077609063,2.624489129363525,-0.05123674858989771,1.1512110757968372,1.4554185918641451,18.27005857116506,0.9999461566306481
522,520,216466,forward,w,deg,66,66.0,0.0,-0.005798968775167168,0.6670331427531053,-1.046249452492816,1.049890361813496,2.096139814306312,-1.4941684344578903,1.3584285223374195,2.85259695679531,-0.02834594699138824,1.309008890340941,1.5151100398853146,15.776429707049509,0.9999322345892142
522,521,217333,forward,w,deg,50,50.0,0.0,-0.07196266589798483,0.7915150440173054,-1.1815365520631331,1.2794813442113293,2.4610178962744627,-1.493204343731179,1.603217025243623,3.096421368974802,0.1519285838658715,1.4062277921968684,1.7111691074250928,17.116951568679553,0.9999045823763143
