N=194058, N_branch=500, dt_b=-0.0001, dt_f=0.0001, rtol=1e-9
T_min=0, T_max_b=-6.283185307179586, T_max_f=12.566370614359172
Cluster views: full trajectories and lunar zoom (+/-0.25 LU).
Features: unchanged normalized position and unit tangent blocks.
OE event: first outward crossing of 2.5 lunar SOI along each integration direction, before any detected collision.
Frame: geocentric inertial axes coincident with synodic axes at t=0.
STD: ddof=0; w statistics use offsets from the cluster circular mean (angle_origin_deg).
angle_resultant: 1=concentrated directions; 0=no defined mean direction. Broad angular clouds require caution with linearized moments.
NaN: missing event, undefined parameter/statistic, or missing representative parameter.
Scarto massimo puntuale normalizzato dalla media < 0.1, minimo 100, massimo 1940 cluster, MAX_SIGMA=2.5
Forma geometrica: DIP_ALPHA=0.01, GAP_FRACTION=0.2, STRONG_GAP_FRACTION=0.5, OUTLIER_SIGMA=3.0
Limite su ogni coppia XY di posizioni e tangenti normalizzate, in entrambi i rami.
Confronto allo stesso indice del campionamento in curvatura, non allo stesso tempo.
STD RMS solo diagnostica; sigma e KMeans usano tutte le feature; PCA individua vuoti.

K=254, STD=0.005509347629
Scarto massimo puntuale normalizzato=0.09991989321, limite=0.1
Non assegnate: 12052/194058 (6.21%)
n = trajectories per cluster; conditions overlap.
n = 1: clusters=0/254 (0.00%); trajectories=0/194058 (0.00%)
n < 10: clusters=0/254 (0.00%); trajectories=0/194058 (0.00%)
n < 100: clusters=0/254 (0.00%); trajectories=0/194058 (0.00%)

K=254, phase=backward, parameter=eps [km^2/s^2]
cluster representative_source n_cluster n_valid n_missing median std p05 p95 width90 minimum maximum range skewness error95 error_max angle_origin_deg angle_resultant
0 85979 327 327 0 -0.8743542708 0.0132879961 -0.8927878791 -0.8527294923 0.04005838679 -0.8965840026 -0.829937594 0.06664640852 0.3294819027 0.0285557449 0.05134764322 nan nan
1 63455 190 190 0 -0.8540813777 0.01432198299 -0.885569197 -0.8288175298 0.05675166725 -0.9133889261 -0.8233641224 0.09002480377 -0.8221019431 0.03257590504 0.0553864097 nan nan
2 32918 231 231 0 -0.8884162843 0.02419613131 -0.9244899826 -0.8495306896 0.07495929301 -0.9403949842 -0.8457244135 0.09467057072 0.01307593703 0.04140103794 0.05163801557 nan nan
3 30549 244 244 0 -0.832797561 0.0201475832 -0.8838577999 -0.8243768368 0.05948096313 -0.9232344882 -0.8224598996 0.1007745886 -1.69073683 0.05279260689 0.09216929523 nan nan
4 32924 241 241 0 -0.8933096174 0.02528438351 -0.9287516424 -0.8476912487 0.08106039361 -0.9405970615 -0.8432744396 0.09732262192 0.1759591479 0.04728744407 0.05003517784 nan nan
5 26014 346 346 0 -0.8152539444 0.005180897831 -0.8234025156 -0.8075635887 0.01583892691 -0.8255921151 -0.8071063255 0.01848578963 -0.0528736946 0.008351619604 0.01004489176 nan nan
6 24452 115 115 0 -0.8109801148 0.006564104632 -0.827040349 -0.8064576235 0.0205827255 -0.8313572579 -0.8063623697 0.02499488822 -1.015031925 0.01396417721 0.01828108615 nan nan
7 3664 104 104 0 -0.8087983963 0.001964093253 -0.8130798395 -0.8074165606 0.005663278886 -0.8141656242 -0.8073575347 0.006808089504 -0.7488903179 0.004258675874 0.005344460569 nan nan
8 11041 434 434 0 -0.8142635384 0.003289118456 -0.8222071373 -0.8121896105 0.01001752678 -0.8231747489 -0.8071711649 0.01600358399 -0.8028862019 0.007496196068 0.008339989101 nan nan
9 39621 129 129 0 -0.9382801715 0.0131386608 -0.9594064495 -0.9186976458 0.04070880374 -0.961991407 -0.91615449 0.04583691699 -0.06455371612 0.02552057776 0.02810553526 nan nan
10 103603 107 107 0 -0.9411704507 0.01470779388 -0.9604570681 -0.9178646274 0.04259244063 -0.9620427777 -0.9023694218 0.05967335597 0.4485113035 0.04287571223 0.05837091789 nan nan
11 5745 933 933 0 -0.903158475 0.01292238707 -0.9230885436 -0.881430766 0.04165777767 -0.9318835026 -0.8748332834 0.0570502192 0.05830940456 0.02353665205 0.02901121637 nan nan
12 6801 590 590 0 -0.8960211799 0.01708130772 -0.9276277366 -0.8739186566 0.05370908007 -0.9368895291 -0.8702555605 0.06663396859 -0.314182977 0.02964180244 0.0389035949 nan nan
13 8099 2431 2431 0 -0.8706440881 0.009970861353 -0.8889045407 -0.856790317 0.03211422373 -0.908926717 -0.8455281707 0.06339854631 -0.6251334529 0.02329645946 0.04331863574 nan nan
14 9816 732 732 0 -0.9433251569 0.01272779641 -0.9605059176 -0.9210120751 0.03949384249 -0.9620594369 -0.9146191708 0.04744026609 0.2148368058 0.02124992792 0.02535233296 nan nan
15 8933 1310 1310 0 -0.8965890755 0.0108782641 -0.9154789599 -0.8810961755 0.03438278442 -0.9189904981 -0.8786608535 0.04032964462 -0.1671149845 0.01943731214 0.02294885035 nan nan
16 23245 3717 3717 0 -0.8729772343 0.01668837222 -0.9026129575 -0.8506637203 0.05194923719 -0.9069858195 -0.8457326256 0.06125319382 -0.213885204 0.02821928464 0.03315037931 nan nan
17 14019 388 388 0 -0.9434524716 0.009867603529 -0.9597129698 -0.9282368558 0.031476114 -0.9620329333 -0.9247576362 0.03727529715 -0.0311437447 0.01742705428 0.01944535791 nan nan
18 16399 130 130 0 -0.8181565864 0.002437452767 -0.8215950859 -0.8139276536 0.007667432278 -0.8222301028 -0.813065782 0.009164320795 0.1986356272 0.004251024835 0.004846353068 nan nan
19 16774 864 864 0 -0.9267001068 0.005447209061 -0.9361161584 -0.9190659989 0.01705015952 -0.9388572588 -0.9119417886 0.02691547015 -0.1395993888 0.009469547054 0.01567908201 nan nan
20 15491 1117 1117 0 -0.9004886603 0.01017325717 -0.9164256679 -0.8842672657 0.03215840214 -0.9186076962 -0.8798547506 0.03875294562 0.04257856139 0.0171569644 0.02139849811 nan nan
21 35494 612 612 0 -0.9478400342 0.01370197326 -0.9611120867 -0.916232089 0.04487999768 -0.962249148 -0.9069751562 0.05527399186 0.8060935298 0.02764938374 0.03690631659 nan nan
22 27925 805 805 0 -0.8773170521 0.02013408965 -0.91144747 -0.847519663 0.06392780696 -0.9201687095 -0.8445660283 0.07560268112 -0.1437217113 0.0358491347 0.03845253427 nan nan
23 27009 105 105 0 -0.8647483917 0.01403652432 -0.8867267475 -0.8444730331 0.04225371445 -0.8889778049 -0.8434458439 0.04553196104 -0.06231062883 0.0239915658 0.02501875497 nan nan
24 27674 102 102 0 -0.8607118026 0.01413821878 -0.8853449344 -0.843565276 0.04177965848 -0.8889857667 -0.8425522114 0.04643355528 -0.2474317242 0.02201675746 0.02420900418 nan nan
25 28800 154 154 0 -0.8636707403 0.01325873938 -0.8843904248 -0.84374873 0.04064169482 -0.8875084709 -0.8421959322 0.04531253871 -0.03096075329 0.02316481956 0.02471761741 nan nan
26 24710 298 298 0 -0.8281872185 0.002422055781 -0.830464091 -0.8227818781 0.007682212867 -0.834156213 -0.821768436 0.01238777692 0.5305641859 0.00559714568 0.006411534086 nan nan
27 24314 122 122 0 -0.8550450146 0.007987252817 -0.8670639327 -0.8423776523 0.02468628038 -0.8686635346 -0.841145958 0.02751757657 0.05753386297 0.01328401087 0.0148836128 nan nan
28 26984 755 755 0 -0.8531846369 0.009401489255 -0.869289382 -0.8407991904 0.02849019158 -0.8709610717 -0.8385986339 0.03236243777 -0.1735026057 0.01638055864 0.01805224838 nan nan
29 28358 133 133 0 -0.8680978729 0.0126827383 -0.887610056 -0.8475111036 0.04009895237 -0.8899911604 -0.846083214 0.04390794637 0.05797776043 0.0240993243 0.02552721392 nan nan
30 20473 133 133 0 -0.9657033395 0.002249994087 -0.9695258715 -0.9625181449 0.007007726566 -0.9700381596 -0.9621064395 0.007931720174 -0.1812199752 0.003739179537 0.004217313575 nan nan
31 27651 383 383 0 -0.8516697274 0.009337686826 -0.8675538997 -0.838897673 0.0286562267 -0.8698291917 -0.8374322302 0.03239696148 -0.1775454729 0.01670070741 0.01897599934 nan nan
32 23098 571 571 0 -0.9490264263 0.006978562786 -0.9604931212 -0.9387734186 0.02171970254 -0.9620558126 -0.9358202752 0.02623553742 -0.06699051402 0.01197660639 0.01320615108 nan nan
33 37896 1931 1931 0 -0.8534059878 0.01159958936 -0.8720127597 -0.835203634 0.03680912572 -0.8763799219 -0.8321887834 0.04419113851 -0.03105009636 0.02081764398 0.02518480618 nan nan
34 28773 303 303 0 -0.8536743575 0.00923557007 -0.8673504077 -0.8382665532 0.02908385451 -0.8690180029 -0.8366000185 0.0324179844 0.1047546481 0.01681806797 0.01848566316 nan nan
35 48712 2507 2507 0 -0.8741579831 0.01549973184 -0.8894910922 -0.8395056161 0.04998547614 -0.892674579 -0.8320111037 0.06066347534 0.6665957447 0.03747534539 0.04496985775 nan nan
36 39067 542 542 0 -0.8589462619 0.01211552596 -0.8751048549 -0.8380778675 0.03702698748 -0.8780112041 -0.8355770819 0.04243412216 0.1752197086 0.02628858116 0.02878936668 nan nan
37 29014 341 341 0 -0.8605114388 0.007442181608 -0.8696009722 -0.8462254732 0.02337549903 -0.8709047652 -0.8424457553 0.02845900988 0.3899524459 0.01403210487 0.01781182278 nan nan
38 37196 396 396 0 -0.8468357829 0.007171666247 -0.8568890213 -0.8335885896 0.02330043166 -0.8604135749 -0.831727292 0.02868628299 0.1973385218 0.01326049091 0.01476957074 nan nan
39 31987 124 124 0 -0.867615362 0.01441349274 -0.8920931474 -0.8467984638 0.04529468355 -0.8958889268 -0.8454109413 0.05047798551 -0.1820299818 0.02646457709 0.0278520996 nan nan
40 38523 998 998 0 -0.9931436747 0.009518255103 -1.002165619 -0.9731641988 0.02900141985 -1.003272727 -0.9699482449 0.03332448179 0.5617704406 0.02027755818 0.02349351209 nan nan
41 39953 437 437 0 -0.8427319758 0.004055364619 -0.8471857599 -0.8334279918 0.01375776816 -0.8510983452 -0.8312968766 0.01980146853 0.7679026808 0.01043645531 0.01256757045 nan nan
42 33753 165 165 0 -0.8426952115 0.004516734476 -0.8474950201 -0.8329340914 0.01456092871 -0.8489794113 -0.8315730102 0.01740640109 0.5754914263 0.009195627616 0.01055670883 nan nan
43 33520 139 139 0 -0.8384081606 0.002835127911 -0.8408093092 -0.8319399735 0.008869335746 -0.8410987993 -0.8310229714 0.01007582787 0.731286266 0.007367328024 0.008284330044 nan nan
44 22053 118 118 0 -0.8252990639 0.001161162569 -0.8269002992 -0.823318843 0.003581456177 -0.8273238007 -0.822424858 0.004898942756 0.2483752906 0.00229139469 0.003185379743 nan nan
45 28876 1819 1819 0 -0.9295289945 0.01602902368 -0.9587541138 -0.9088037858 0.04995032801 -0.9621117232 -0.9065143343 0.05559738898 -0.2528451886 0.03033410764 0.03369171704 nan nan
46 31921 185 185 0 -0.8352842183 0.001399564681 -0.8369525148 -0.8322389173 0.004713597523 -0.8373682535 -0.8308395604 0.006528693121 0.8727599961 0.003211619641 0.00461097657 nan nan
47 63654 918 918 0 -1.003259112 0.004718883341 -1.007473148 -0.9922975819 0.01517556578 -1.008654727 -0.9768274945 0.03182723265 1.852836066 0.01338141311 0.0288515005 nan nan
48 25979 271 271 0 -0.9453184073 0.008014492401 -0.9600749888 -0.9350175573 0.02505743145 -0.9618895238 -0.9332339975 0.02865552633 -0.2786232109 0.01540475888 0.01721929395 nan nan
49 34381 364 364 0 -0.9847207502 0.008302542164 -0.9964325819 -0.9714584367 0.02497414519 -0.9981397946 -0.970037042 0.02810275263 0.06886920906 0.01322508394 0.01476568928 nan nan
50 27543 164 164 0 -0.9440863026 0.009568904943 -0.9600376188 -0.9309568127 0.02908080607 -0.9619766254 -0.9233086401 0.03866798535 -0.058414433 0.01659700501 0.02134470358 nan nan
51 31181 387 387 0 -0.9667995068 0.002474247762 -0.9702582406 -0.9626844057 0.007573834877 -0.9718840456 -0.9622137061 0.0096703395 0.04231476497 0.005481438928 0.005952138589 nan nan
52 54182 630 630 0 -0.9900757684 0.007459887364 -0.9959741178 -0.9731697626 0.02280435515 -0.9967768258 -0.9702849856 0.02649184018 0.7123476151 0.02176933516 0.02465411222 nan nan
53 44959 538 538 0 -0.9861827526 0.006525738497 -0.9927047432 -0.9725834684 0.02012127477 -0.9939203875 -0.9704018004 0.02351858712 0.5458063584 0.01320544481 0.01538711284 nan nan
54 34110 107 107 0 -0.9386629361 0.01378562609 -0.9599998818 -0.9175386746 0.04246120724 -0.9620493319 -0.9127576727 0.04929165924 0.006637143605 0.02445510182 0.02650455189 nan nan
55 36331 477 477 0 -0.8783139099 0.004376077774 -0.8848730262 -0.8714904306 0.01338259557 -0.8855901899 -0.8689999585 0.01659023143 0.0742391972 0.007080919731 0.009240144733 nan nan
56 34797 152 152 0 -0.9393138055 0.01388771791 -0.9602746822 -0.9180412138 0.04223346834 -0.9617751223 -0.9144999041 0.04727521824 0.03245484215 0.02463088593 0.02613132607 nan nan
57 37640 310 310 0 -0.8383484168 0.002382462797 -0.8421369491 -0.8341857752 0.007951173857 -0.8436351393 -0.832146067 0.01148907236 0.1707400161 0.004682577491 0.005754675323 nan nan
58 35564 103 103 0 -0.8322697694 0.001696034078 -0.8348730986 -0.8295291949 0.005343903777 -0.8352513549 -0.8285142214 0.006737133461 0.13735094 0.003000160333 0.003555176772 nan nan
59 40092 208 208 0 -0.9451922657 0.01373995305 -0.9611378214 -0.919118867 0.04201895435 -0.9621331631 -0.9034595309 0.05867363224 0.3845137156 0.02421536067 0.03987469682 nan nan
60 46788 439 439 0 -0.9822921202 0.006261633197 -0.9900608356 -0.9716353044 0.01842553118 -0.9907533082 -0.9704419583 0.02031134992 0.1914731199 0.01139887919 0.01259222531 nan nan
61 40151 137 137 0 -0.8278761778 0.002394414815 -0.8315234877 -0.8239160671 0.007607420596 -0.832487373 -0.8229896004 0.009497772605 0.07431416055 0.00441245941 0.005338926137 nan nan
62 36135 101 101 0 -0.9010381285 0.008462215358 -0.914805274 -0.888591115 0.02621415896 -0.9164159842 -0.886390054 0.03002593015 -0.04485828062 0.01399765268 0.01580770787 nan nan
63 69158 1605 1605 0 -0.9793193718 0.007379711533 -0.987128935 -0.9642686939 0.02286024115 -0.9886854079 -0.9621573751 0.02652803288 0.4718980095 0.02262572328 0.0247370421 nan nan
64 37782 106 106 0 -0.9363729717 0.01222378071 -0.9582545065 -0.9207136768 0.03754082967 -0.9619424039 -0.917729277 0.04421312695 -0.2560742508 0.02169207387 0.02537997128 nan nan
65 40932 301 301 0 -0.8789295914 0.004149274176 -0.8846946411 -0.8717017241 0.01299291698 -0.885394414 -0.870760616 0.01463379808 0.1865243363 0.007532113087 0.00847322123 nan nan
66 53385 1419 1419 0 -0.9040555995 0.007701380278 -0.9168024174 -0.8915311463 0.02527127117 -0.9199024756 -0.8860998459 0.03380262969 0.01081173148 0.01399317635 0.01912893406 nan nan
67 41179 329 329 0 -0.8903487578 0.002979007026 -0.8954559113 -0.8860248179 0.009431093432 -0.8973906845 -0.8854421668 0.01194851765 -0.172887286 0.005029216923 0.006734609414 nan nan
68 40775 123 123 0 -0.9375496885 0.01304676316 -0.9593560586 -0.9190616362 0.04029442239 -0.9618275096 -0.9169043137 0.04492319587 -0.1269053641 0.02258745272 0.02505890364 nan nan
69 40044 281 281 0 -0.9007289623 0.004357062757 -0.9084910297 -0.8949923782 0.0134986515 -0.9101539418 -0.8938795434 0.01627439838 -0.2112596355 0.007414230595 0.008727430245 nan nan
70 41322 100 100 0 -0.8388885839 0.002379172878 -0.8432650994 -0.8356373785 0.007627720894 -0.8442131448 -0.8352754105 0.008937734293 -0.2975565068 0.004622246953 0.005570292304 nan nan
71 42769 220 220 0 -0.8760383146 0.005029825673 -0.8858049416 -0.8699292368 0.01587570478 -0.8893765784 -0.8688005936 0.02057598485 -0.445191071 0.008564265388 0.01185475695 nan nan
72 49239 3945 3945 0 -0.9345909102 0.01536293041 -0.9596025254 -0.9116197005 0.04798282489 -0.9621620221 -0.9071606412 0.05500138089 -0.05626292371 0.02845280462 0.03101230133 nan nan
73 58691 1518 1518 0 -0.8632878856 0.01184318014 -0.8852915185 -0.8480826573 0.03720886126 -0.890984533 -0.8450201178 0.04596441519 -0.3006079601 0.02234592328 0.02540846277 nan nan
74 45100 357 357 0 -0.9030974797 0.002906412713 -0.9072625033 -0.8980287605 0.009233742774 -0.9087916175 -0.8961482522 0.0126433653 0.2078863557 0.005317704108 0.006909778742 nan nan
75 46232 397 397 0 -0.8935507715 0.00414492524 -0.8995649494 -0.8862981324 0.01326681698 -0.9017288689 -0.8851483686 0.01658050029 0.1358596821 0.00739623174 0.008356221225 nan nan
76 48040 389 389 0 -0.8850371922 0.004640463215 -0.891998717 -0.8772583765 0.0147403405 -0.8943147139 -0.8750202757 0.01929443822 0.1009426039 0.008455130938 0.01051478305 nan nan
77 108104 169 169 0 -0.9672207456 0.002740700606 -0.97138895 -0.962814797 0.008574152986 -0.9718435322 -0.9623254089 0.00951812333 0.0478809884 0.00547851885 0.005967906979 nan nan
78 51135 146 146 0 -0.843019007 0.003482596867 -0.848379314 -0.8376995407 0.01067977333 -0.8494641893 -0.8370440477 0.01242014167 -0.01281374757 0.006530431293 0.007615306637 nan nan
79 81689 131 131 0 -0.9763270384 0.005142719689 -0.9804095861 -0.9719432427 0.008466343406 -1.020599717 -0.9710711336 0.04952858378 -5.905095506 0.005428563711 0.04336628559 nan nan
80 85728 204 204 0 -0.983094994 0.005068394677 -0.9891154161 -0.9737946803 0.01532073577 -0.9895840458 -0.9716922077 0.01789183809 0.4743970074 0.01233088018 0.01443335279 nan nan
81 68020 149 149 0 -0.9791456409 0.003073127504 -0.9816355669 -0.9724268731 0.009208693839 -0.9819108873 -0.9709711234 0.01093976384 0.675470756 0.008815236547 0.01027098617 nan nan
82 68805 401 401 0 -0.05546673525 0.02270385147 -0.1163092955 -0.04570388297 0.07060541257 -0.1527607885 -0.04451538371 0.1082454048 -1.699503961 0.05806564736 0.09451714033 nan nan
83 61429 2192 2192 0 -0.9048219367 0.008636104963 -0.9186419358 -0.8917227105 0.02691922533 -0.9211319024 -0.8860572233 0.03507467912 -0.01311845099 0.01461288292 0.01945378033 nan nan
84 78512 110 110 0 -0.9954061953 0.006397916857 -0.9973523996 -0.9783076836 0.01904471598 -0.9976218583 -0.9727499659 0.02487189245 1.332157927 0.01618807555 0.02174579329 nan nan
85 61854 355 355 0 -0.9674481961 0.002704405001 -0.9711682496 -0.9627831857 0.008385063939 -0.9716180494 -0.9622104592 0.00940759022 0.1839769751 0.005219597011 0.005792323519 nan nan
86 84525 148 148 0 -0.9943214511 0.007676518234 -0.9982643108 -0.9753644429 0.02289986793 -0.9986083953 -0.9722873429 0.0263210524 0.9759279766 0.01751801895 0.02059511901 nan nan
87 64146 2146 2146 0 -0.1380397989 0.02238336125 -0.1801903078 -0.1088919345 0.07129837327 -0.1877827972 -0.0950873175 0.09269547966 -0.28513952 0.03888594613 0.04764567604 nan nan
88 59431 483 483 0 -0.9276082239 0.004445269253 -0.9341490196 -0.9203518833 0.01379713638 -0.9349060712 -0.9188536737 0.01605239752 0.09145908794 0.007478529362 0.008033774123 nan nan
89 91021 9400 9400 0 -0.07966660114 0.01126534565 -0.1014830997 -0.06329292857 0.03819017108 -0.1188033091 -0.05881779331 0.05998551581 -0.5607675428 0.02595683854 0.043277048 nan nan
90 71671 107 107 0 -0.8676723779 0.007247862401 -0.8744991095 -0.8521814098 0.02231769969 -0.8760215313 -0.8500317664 0.0259897649 0.5681852367 0.01858318706 0.0207328305 nan nan
91 66122 721 721 0 -0.9445715883 0.005800765619 -0.9542755498 -0.9359088406 0.01836670924 -0.955739979 -0.9348273598 0.02091261914 -0.0954516895 0.009836607561 0.01058294718 nan nan
92 67639 110 110 0 -0.9751581197 0.001536970149 -0.9766345802 -0.9719100207 0.004724559489 -0.9766986509 -0.9712291763 0.005469474643 0.6199298703 0.00363625242 0.00431709682 nan nan
93 87754 412 412 0 -0.9948916352 0.007768815773 -1.000610748 -0.9762947251 0.024316023 -1.001738337 -0.9720598012 0.02967853592 0.8954870891 0.01653616193 0.02077108581 nan nan
94 83313 385 385 0 -0.9897008544 0.005466056125 -0.9938313874 -0.9762168459 0.01761454143 -0.9944546873 -0.9720915112 0.02236317613 1.055082258 0.01307377668 0.01719911142 nan nan
95 82350 308 308 0 -0.8729538087 0.01312923474 -0.8949264167 -0.8525771464 0.04234927033 -0.8990187837 -0.8506684096 0.0483503741 -0.09238617915 0.02699063863 0.02889937538 nan nan
96 153042 1790 1790 0 -0.1837163686 0.03379783137 -0.2142511701 -0.1177589081 0.09649226198 -0.23639814 -0.1148416203 0.1215565197 0.3972344598 0.06483946248 0.06775675034 nan nan
97 90938 1604 1604 0 -0.9516293992 0.00959033779 -0.9608375759 -0.9311572236 0.02968035225 -0.9621851412 -0.9216976458 0.04048749538 0.6280315159 0.02526143452 0.03472101229 nan nan
98 76101 479 479 0 -0.9644762818 0.001579481305 -0.9673919572 -0.9623756263 0.005016330915 -0.9681123221 -0.9622267082 0.005885613936 -0.282447492 0.003266177941 0.003415096092 nan nan
99 63400 771 771 0 -0.128962041 0.01341697025 -0.1493429294 -0.1059472795 0.04339564984 -0.1574325125 -0.1007338796 0.05669863292 0.08534934029 0.02418278992 0.02928063552 nan nan
100 152129 1017 1017 0 -0.1648012489 0.03449142951 -0.205106739 -0.1069312861 0.09817545291 -0.2339634096 -0.1055120132 0.1284513964 0.1937059425 0.05879644511 0.06838035115 nan nan
101 69844 868 868 0 -0.9279904812 0.004532106638 -0.9353698958 -0.921213415 0.01415648082 -0.9368635516 -0.918379562 0.01848398958 -0.04787936028 0.007625410611 0.01015191913 nan nan
102 75322 202 202 0 -0.9727912969 0.000881956849 -0.9744233158 -0.9716026712 0.002820644585 -0.9746987526 -0.9712994604 0.003399292214 -0.2978696331 0.002121463634 0.002424674503 nan nan
103 75412 1339 1339 0 -0.09606239034 0.007804344931 -0.1126389318 -0.08700399672 0.02563493511 -0.1227620962 -0.08484755587 0.03791454037 -0.7551167876 0.01664934857 0.02677251299 nan nan
104 86918 382 382 0 -0.9682874323 0.002350134887 -0.9709270316 -0.9631962346 0.007730796996 -0.9715090915 -0.9622781139 0.009230977608 0.6246508135 0.005670896732 0.00658901739 nan nan
105 67043 412 412 0 -0.1307418248 0.009235337662 -0.1492277058 -0.1191108429 0.03011686286 -0.1572757737 -0.1157636983 0.0415120754 -0.5035897505 0.01784251304 0.02589058095 nan nan
106 100941 186 186 0 -0.9912681638 0.01028695419 -1.005990838 -0.9739644484 0.03202638946 -1.008084179 -0.9721977064 0.03588647222 0.1277530277 0.01776399561 0.01953073757 nan nan
107 71540 457 457 0 -0.1082986245 0.006512884597 -0.1197936615 -0.09904809855 0.02074556296 -0.1241936263 -0.09683218088 0.02736144546 -0.2267089028 0.01170812686 0.01610809169 nan nan
108 76072 622 622 0 -0.9418873724 0.004161904664 -0.9489109042 -0.9358149198 0.01309598441 -0.9504346439 -0.9317867962 0.01864784763 -0.04157617651 0.007368962982 0.01139708651 nan nan
109 70785 176 176 0 -0.1138786068 0.006532830623 -0.1252153722 -0.1043417397 0.02087363247 -0.1283127681 -0.1023454942 0.0259672739 -0.1775061086 0.01145818935 0.01333227789 nan nan
110 79109 383 383 0 -0.1633923088 0.01086538583 -0.1794627633 -0.1451547477 0.03430801561 -0.1828690559 -0.141128946 0.04174010989 0.1084807175 0.01845212095 0.02215803353 nan nan
111 73169 123 123 0 -0.148725258 0.009714622553 -0.1633453808 -0.1328652196 0.03048016115 -0.1661969337 -0.1305915098 0.03560542383 0.06932302875 0.01666057592 0.018452956 nan nan
112 76226 286 286 0 -0.1102366404 0.01094279859 -0.1365654259 -0.1032515434 0.03331388253 -0.1512090854 -0.1028389883 0.04837009709 -1.178563232 0.02560844103 0.04025210052 nan nan
113 79916 383 383 0 -0.1675253069 0.009135311864 -0.1810964022 -0.1523215519 0.02877485036 -0.1837487855 -0.1475108843 0.03623790117 0.1207933014 0.01547196366 0.01970489534 nan nan
114 121523 668 668 0 -0.1266884911 0.01862748815 -0.1578124923 -0.1054670534 0.0523454389 -0.1863200722 -0.1047018781 0.0816181941 -0.4574157928 0.04018293775 0.06869051773 nan nan
115 108544 1899 1899 0 -0.1010506822 0.004232605558 -0.10830154 -0.09446291019 0.01383862979 -0.1186546301 -0.09289100077 0.02576362932 -0.3543019212 0.009474593884 0.01982768399 nan nan
116 72762 204 204 0 -0.1376683099 0.01975379519 -0.1795751845 -0.1182427568 0.0613324277 -0.1884758728 -0.1159085411 0.07256733161 -0.6244034395 0.03906970584 0.04797039408 nan nan
117 95492 666 666 0 -0.1152860672 0.005879185776 -0.1282155615 -0.1111272597 0.01708830181 -0.1456773626 -0.1102522468 0.03542511579 -1.541248956 0.01649505834 0.03395685939 nan nan
118 92283 302 302 0 -0.1105617047 0.00263793524 -0.1161899411 -0.1086357563 0.007554184807 -0.1257825845 -0.1081169085 0.01766567599 -1.984247897 0.006623770424 0.01621641379 nan nan
119 77102 274 274 0 -0.153058556 0.01716719787 -0.1843868914 -0.1310247492 0.05336214219 -0.1909113031 -0.1277710036 0.06314029943 -0.2779288991 0.03126673323 0.03779114493 nan nan
120 115055 273 273 0 -0.1229227266 0.009795024455 -0.1417871178 -0.113589871 0.0281972468 -0.1557088515 -0.1131548669 0.04255398462 -0.5447865193 0.01966540608 0.03358713977 nan nan
121 88256 136 136 0 -0.1199338354 0.01677772299 -0.1670013577 -0.1144606623 0.05254069543 -0.1864533387 -0.07489050235 0.1115628363 -1.454978433 0.0521278311 0.07157981209 nan nan
122 150089 678 678 0 -0.1756728081 0.03324339139 -0.2130921388 -0.1168626342 0.0962295046 -0.2173084286 -0.09295377894 0.1243546497 0.3025746525 0.06013376461 0.08404261988 nan nan
123 113959 185 185 0 -0.1330593521 0.01014462526 -0.1483928626 -0.1185954809 0.02979738165 -0.167026997 -0.1181607648 0.04886623214 -0.3418741993 0.02105160044 0.03968573483 nan nan
124 100315 1075 1075 0 -0.1513095488 0.01222776553 -0.170985102 -0.1257593277 0.04522577434 -0.1828677599 -0.1183908331 0.06447692681 0.4101322353 0.02691246485 0.03228422039 nan nan
125 75880 211 211 0 -0.1378980227 0.02081290691 -0.1808633672 -0.1190741772 0.06178919006 -0.1938342329 -0.1187254608 0.07510877215 -0.603329354 0.04537629934 0.05834716507 nan nan
126 79612 218 218 0 -0.9211753011 0.004083269126 -0.9281048467 -0.9150773709 0.0130274758 -0.9303866344 -0.9130884009 0.01729823347 -0.1193056955 0.007390918081 0.009444597038 nan nan
127 86488 441 441 0 -0.9492928431 0.003622377719 -0.9540148803 -0.942334847 0.01168003328 -0.9552462324 -0.9393037958 0.01594243655 0.3829944235 0.008315518862 0.01134657 nan nan
128 85536 129 129 0 -0.1624062201 0.01390221524 -0.1769321322 -0.1286641472 0.04826798496 -0.1807571031 -0.1218740777 0.05888302531 1.008838756 0.03710989149 0.04389996097 nan nan
129 115925 3464 3464 0 -0.1416822956 0.01710958245 -0.1762951908 -0.1223755112 0.05391967962 -0.1876736153 -0.1196287742 0.06804484106 -0.5182730166 0.0373550271 0.04873345153 nan nan
130 146384 353 353 0 -0.06108762482 0.01811099569 -0.1154044377 -0.04511188868 0.070292549 -0.1253662086 -0.04387907749 0.08148713112 -1.326224499 0.05712500807 0.067086779 nan nan
131 110035 698 698 0 -0.1368108194 0.008719548551 -0.1526133211 -0.1267830295 0.02583029157 -0.1571754782 -0.1258411747 0.03133430348 -0.3242119717 0.01470406825 0.01926622538 nan nan
132 109703 2060 2060 0 -0.1479324589 0.01291938928 -0.1727668112 -0.132965563 0.03980124817 -0.1816955413 -0.1308048058 0.05089073548 -0.4200507938 0.02367693236 0.03260566247 nan nan
133 121843 127 127 0 -0.134810002 0.01672780749 -0.1678777194 -0.1194163119 0.04846140755 -0.1747694029 -0.1191832072 0.05558619569 -0.4566529346 0.02900399205 0.03589567556 nan nan
134 98885 675 675 0 -0.9271950627 0.01090335629 -0.9438656945 -0.9083413451 0.0355243494 -0.9507017502 -0.901796207 0.04890554319 0.06877075598 0.0199239928 0.02543463869 nan nan
135 86669 176 176 0 -0.1298197907 0.00153883916 -0.133231623 -0.1281607546 0.005070868445 -0.1343537758 -0.127784003 0.006569772814 -0.8142589842 0.003913173646 0.005035326407 nan nan
136 104558 1449 1449 0 -0.1505692251 0.01296864881 -0.1782014124 -0.1379754565 0.04022595582 -0.1886980502 -0.1361384691 0.05255958108 -0.6589840925 0.02730152763 0.03779816545 nan nan
137 84045 175 175 0 -0.9355112094 0.004147472329 -0.9413525277 -0.9283295297 0.01302299799 -0.9432208267 -0.9260314003 0.01718942637 0.1685434725 0.007295037503 0.009013253688 nan nan
138 158319 109 109 0 -0.2028022003 0.03385222977 -0.2158335738 -0.1198818963 0.09595167744 -0.2160029038 -0.1172502069 0.09875269692 0.8168386804 0.07104372571 0.07367541517 nan nan
139 99765 601 601 0 -0.987883891 0.007379302384 -0.9970808135 -0.9740780004 0.02300281306 -0.9990150213 -0.9720628942 0.02695212712 0.3255307215 0.0142998497 0.01631495593 nan nan
140 127892 138 138 0 -0.1477085006 0.0259671321 -0.1882591452 -0.1121848561 0.07607428917 -0.1928741589 -0.07692565609 0.1159485029 0.173534416 0.04396018662 0.06866495939 nan nan
141 103714 108 108 0 -0.1058747807 0.002411326754 -0.1114241658 -0.1041016884 0.007322477393 -0.1122215673 -0.1038764599 0.008345107426 -0.791959369 0.005976800547 0.006774202078 nan nan
142 85114 375 375 0 -0.1561497483 0.008886100577 -0.1761587345 -0.148101825 0.02805690951 -0.1803982 -0.1463421557 0.0340560443 -0.7313290797 0.01843311371 0.02267257921 nan nan
143 100713 827 827 0 -0.1544550806 0.007719819672 -0.1702194897 -0.1462377206 0.0239817691 -0.1739304968 -0.1448257126 0.02910478418 -0.4872124301 0.01493058634 0.01864159341 nan nan
144 99951 1587 1587 0 -0.1640213065 0.006416380061 -0.174580497 -0.1540323932 0.02054810377 -0.1769200006 -0.151644254 0.02527574668 -0.04785409533 0.01133611425 0.01359105197 nan nan
145 91193 293 293 0 -0.1681579151 0.00651193967 -0.1809494346 -0.1606900275 0.02025940713 -0.1832056645 -0.1593922479 0.02381341667 -0.4154217344 0.01206089324 0.01431712321 nan nan
146 104530 423 423 0 -0.1364239422 0.004987665313 -0.1455669213 -0.1301456453 0.01542127596 -0.1484698944 -0.129296359 0.01917353539 -0.31663327 0.008998058612 0.01190103178 nan nan
147 104337 681 681 0 -0.9445640209 0.01823220254 -0.9611963157 -0.904938681 0.05625763465 -0.9622160199 -0.8962579389 0.06595808102 0.6415334446 0.03619278963 0.04487353178 nan nan
148 119505 1655 1655 0 -0.0943655628 0.006822039451 -0.1090979762 -0.08686728663 0.02223068957 -0.1124927501 -0.08483745511 0.02765529503 -0.5672344595 0.01437609932 0.01777087327 nan nan
149 94007 243 243 0 -0.1691440446 0.002906885566 -0.1736369002 -0.164077772 0.009559128133 -0.1748809137 -0.162372462 0.01250845174 0.1241748131 0.005392168427 0.006326204604 nan nan
150 102766 123 123 0 -0.9179145869 0.01638214835 -0.9502892078 -0.8948646941 0.05542451368 -0.9601814729 -0.8912569412 0.06892453176 -0.4472585575 0.0352175067 0.04510977182 nan nan
151 117489 985 985 0 -0.2053016594 0.01602521157 -0.2323667785 -0.1838117752 0.04855500325 -0.2362752495 -0.1493081723 0.08696707717 0.02406341731 0.02591284431 0.05855413243 nan nan
152 110182 497 497 0 -0.2005066396 0.008365436456 -0.2135705187 -0.1876904898 0.02588002897 -0.2156086224 -0.1840471264 0.03156149592 0.0002814376141 0.01416324149 0.0178066048 nan nan
153 108772 416 416 0 -0.9393016489 0.01852475684 -0.960390445 -0.9019655562 0.05842488874 -0.9622229839 -0.8926664219 0.069556562 0.4810787844 0.03101108394 0.04031021827 nan nan
154 109484 389 389 0 -0.9373455743 0.01900959339 -0.9603176074 -0.9005952373 0.05972237016 -0.9622636701 -0.8933663378 0.06889733225 0.3715535396 0.03155677764 0.03685203187 nan nan
155 117859 360 360 0 -0.1202380261 0.007019771574 -0.1338932608 -0.1107118716 0.0231813892 -0.1399546895 -0.108027616 0.03192707346 -0.4210240608 0.01383111491 0.01989254357 nan nan
156 111226 197 197 0 -0.9379552131 0.01725219311 -0.9599275357 -0.9039634944 0.05596404135 -0.9620584245 -0.8938406355 0.06821778894 0.4252850334 0.0299986359 0.04012149478 nan nan
157 121805 299 299 0 -0.1146133219 0.008518388467 -0.1302716225 -0.1043884283 0.0258831943 -0.1322711236 -0.1037300667 0.0285410569 -0.2995012216 0.01493382187 0.01693332293 nan nan
158 128643 125 125 0 -0.21619802 0.01509351045 -0.2371096598 -0.1892002874 0.04790937243 -0.2406061188 -0.1852619248 0.05534419401 0.105972123 0.02884933318 0.03278769572 nan nan
159 111617 131 131 0 -0.9673596759 0.002803203864 -0.9715166025 -0.9628879577 0.008628644822 -0.9720003459 -0.9623442116 0.009656134253 0.07051261502 0.005396228224 0.005939974302 nan nan
160 106153 267 267 0 -0.1900584923 0.008430600418 -0.1997260489 -0.168006483 0.03171956595 -0.2030098466 -0.1630898259 0.03992002065 1.278146615 0.02234685641 0.02726351343 nan nan
161 125556 284 284 0 -0.1308816937 0.006830622367 -0.140816428 -0.1182866951 0.02252973286 -0.1435276398 -0.1138223626 0.02970527719 0.2742414213 0.0144988923 0.01896322481 nan nan
162 172893 299 299 0 -0.2030116751 0.01191856631 -0.2126610119 -0.1783800049 0.03428100696 -0.2349562552 -0.1742059973 0.06075025788 0.3829828162 0.02406835413 0.03333752219 nan nan
163 132276 103 103 0 -0.1471309334 0.01614735544 -0.1721837948 -0.123214493 0.0489693018 -0.1743389269 -0.1172410674 0.05709785945 -0.04425421579 0.02653138839 0.02954345548 nan nan
164 137830 2248 2248 0 -0.1207052815 0.007333929372 -0.1320186692 -0.1089728452 0.02304582394 -0.1357822289 -0.1043875463 0.03139468257 0.03202412589 0.01279201976 0.01658383973 nan nan
165 122741 984 984 0 -0.1615396132 0.009192993584 -0.17813952 -0.1478507918 0.03028872819 -0.1831123012 -0.1429429057 0.04016939541 -0.1646613406 0.01693066044 0.02091524264 nan nan
166 119959 1198 1198 0 -0.1879136991 0.006899197221 -0.1985536378 -0.1772098091 0.02134382872 -0.1999116806 -0.1746779415 0.02523373912 0.00789229742 0.01127547845 0.01324022796 nan nan
167 125663 713 713 0 -0.1866397108 0.009411916123 -0.2001864681 -0.1700296523 0.03015681576 -0.2037153446 -0.1634898048 0.04022553982 0.2041298824 0.01675791548 0.02312100964 nan nan
168 134426 1663 1663 0 -0.1942517887 0.01358094617 -0.2104202869 -0.166987737 0.04343254982 -0.214074807 -0.1592839048 0.05479090222 0.4519597408 0.0265774965 0.0342813288 nan nan
169 121148 179 179 0 -0.2089274453 0.004953818629 -0.2167700949 -0.2010055246 0.01576457028 -0.2183950544 -0.1983085941 0.02008646022 0.02479783478 0.008825464705 0.01041015629 nan nan
170 124230 529 529 0 -0.1873770767 0.008417391641 -0.1998174719 -0.1738384266 0.02597904527 -0.2020199704 -0.1708560812 0.03116388914 0.07858317941 0.01414300907 0.01712535443 nan nan
171 210617 139 139 0 -0.1639450626 0.02826581314 -0.1990224434 -0.1117339625 0.08728848092 -0.2068962322 -0.08326197199 0.1236342602 0.4149162053 0.04864364394 0.0693977135 nan nan
172 140633 1962 1962 0 -0.1947363981 0.01130705884 -0.2116451665 -0.1747922586 0.0368529079 -0.2155718824 -0.1652971219 0.05027476045 0.1874536973 0.02020642861 0.02956575714 nan nan
173 135398 171 171 0 -0.22485502 0.006249694133 -0.2348695265 -0.2154622098 0.01940731674 -0.2357886666 -0.2140957099 0.0216929567 0.01502980096 0.01017797717 0.01146314021 nan nan
174 133633 216 216 0 -0.2255422358 0.00613319111 -0.2352006868 -0.2163912376 0.01880944924 -0.2363664554 -0.2152838497 0.02108260571 -0.06418287701 0.01054432593 0.01171009454 nan nan
175 147450 4176 4176 0 -0.1905469372 0.01302892574 -0.2086204953 -0.1662759221 0.04234457319 -0.2128821552 -0.1548893514 0.05799280375 0.3172738587 0.02479755123 0.03618412186 nan nan
176 143223 812 812 0 -0.1555543198 0.01446404282 -0.1777531439 -0.1313543471 0.0463987968 -0.1832052307 -0.125753704 0.05745152668 0.07323492762 0.02561854175 0.03088322209 nan nan
177 139781 1275 1275 0 -0.2088658288 0.004923816044 -0.2161882351 -0.2008663102 0.01532192484 -0.2172289344 -0.1994567245 0.01777220986 0.07518057621 0.008098350217 0.009301665473 nan nan
178 143549 270 270 0 -0.1730275666 0.01268657751 -0.1901248681 -0.1513647801 0.03876008796 -0.1945301655 -0.1456847718 0.04884539365 0.182117673 0.02164291502 0.02676938542 nan nan
179 139239 105 105 0 -0.2237756777 0.004241459508 -0.2311871674 -0.2182851435 0.01290202391 -0.2321120296 -0.2174819869 0.01463004274 -0.2033272323 0.007771599184 0.00857475578 nan nan
180 153520 6607 6607 0 -0.1145176927 0.01560447413 -0.1412408394 -0.09101205038 0.05022878899 -0.1479290017 -0.08508454594 0.06284445577 -0.1176583683 0.02732076043 0.03241930572 nan nan
181 141443 363 363 0 -0.1570770677 0.009315844915 -0.1716807623 -0.1429231437 0.02875761863 -0.1748578495 -0.139250013 0.03560783654 -0.01812253131 0.01563282519 0.01816609521 nan nan
182 142639 163 163 0 -0.1617325807 0.009040122814 -0.1743965833 -0.1461249887 0.02827159466 -0.1758800357 -0.1444631154 0.03141692029 0.1459078561 0.01539813782 0.01706001106 nan nan
183 145776 100 100 0 -0.2305880493 0.006448195622 -0.2388501752 -0.2202921027 0.01855807251 -0.2414450318 -0.2106658666 0.03077916512 0.4553527418 0.01056417252 0.01992994061 nan nan
184 221332 544 544 0 -0.225840358 0.01032764988 -0.2416891924 -0.2099316056 0.03175758671 -0.2449166195 -0.2073800332 0.03753658625 0.02125942177 0.01681030812 0.01913761471 nan nan
185 149881 722 722 0 -0.2140513893 0.006041833336 -0.2219321301 -0.2030696342 0.01886249588 -0.2228792269 -0.1995251247 0.02335410215 0.2848293275 0.01097979896 0.01452430849 nan nan
186 146178 522 522 0 -0.1487570457 0.009310514152 -0.1629259831 -0.1340704516 0.02885553148 -0.1664299027 -0.1317589848 0.03467091792 0.01515690542 0.0157077379 0.01773725577 nan nan
187 153858 2096 2096 0 -0.1471088002 0.008382209486 -0.1605793738 -0.1344805742 0.02609879961 -0.1626222971 -0.1318248789 0.03079741816 -0.03973447166 0.01397797649 0.01544591931 nan nan
188 166236 816 816 0 -0.2363948212 0.01212368155 -0.2548324093 -0.2215426639 0.0332897454 -0.2574064757 -0.1957905016 0.0616159741 0.1019524219 0.01868458689 0.04443674923 nan nan
189 208136 1427 1427 0 -0.2109757996 0.006749126653 -0.2183067926 -0.1972704908 0.02103630176 -0.227175529 -0.192161939 0.03501359001 0.5354729184 0.01189252377 0.02055941802 nan nan
190 206453 184 184 0 -0.2079750734 0.01138298456 -0.2160145788 -0.181145429 0.03486914979 -0.2162447446 -0.1661214806 0.05012326404 1.231347937 0.02546832483 0.04049227326 nan nan
191 154612 1301 1301 0 -0.2243915196 0.004009635688 -0.2302249947 -0.2177576438 0.01246735083 -0.2310114374 -0.2167752542 0.0142361832 0.09814155548 0.006691911879 0.007674301507 nan nan
192 177361 1887 1887 0 -0.2294887107 0.006442194782 -0.234402924 -0.2137427545 0.02066016953 -0.2352935661 -0.2086650398 0.02662852638 0.9602759955 0.01555399155 0.02063170626 nan nan
193 167099 764 764 0 -0.2423329723 0.01416716449 -0.2564566554 -0.2137215679 0.04273508753 -0.2581520868 -0.1757200014 0.0824320854 1.510889322 0.02946437099 0.06746593746 nan nan
194 157115 221 221 0 -0.1705010338 0.008125891609 -0.1836651242 -0.158126857 0.02553826716 -0.1867007588 -0.1558412117 0.03085954711 -0.06640406238 0.01387718303 0.01609588556 nan nan
195 164681 210 210 0 -0.1906562876 0.008819520679 -0.2039406049 -0.1764724176 0.02746818731 -0.2081411304 -0.1708579151 0.03728321531 0.09971742015 0.01634840951 0.02196291203 nan nan
196 163388 285 285 0 -0.2429021623 0.005067936783 -0.2495194435 -0.2330776817 0.01644176172 -0.2503836956 -0.2265072933 0.02387640232 0.6718681563 0.0111500703 0.01772045872 nan nan
197 177609 4803 4803 0 -0.2196218003 0.005991084407 -0.2267807398 -0.2070499974 0.01973074238 -0.2286269509 -0.1997860625 0.02884088835 0.6147668069 0.01310670002 0.0203706349 nan nan
198 178512 712 712 0 -0.2519070694 0.007280612096 -0.2585941073 -0.2372224111 0.02137169617 -0.2589009722 -0.2305740639 0.02832690828 0.5615696473 0.01381094442 0.02045929161 nan nan
199 173370 5319 5319 0 -0.1554969962 0.01228923938 -0.1728541011 -0.1325204455 0.04033365559 -0.1771034109 -0.1138274437 0.06327596712 0.436736324 0.02554608089 0.04423908263 nan nan
200 160342 344 344 0 -0.185839045 0.006929030203 -0.1960265953 -0.1746037357 0.02142285959 -0.1982814702 -0.1706431356 0.02763833451 0.09031960606 0.01165089116 0.0152883901 nan nan
201 176058 141 141 0 -0.2517194358 0.006203650152 -0.2582772799 -0.2388382099 0.01943907005 -0.2583596176 -0.2335462409 0.0248133767 0.6384965767 0.01062132023 0.01591328919 nan nan
202 176186 336 336 0 -0.1964238838 0.01185193125 -0.2047283359 -0.1682405785 0.03648775741 -0.2059221535 -0.1611054104 0.04481674309 0.8939612769 0.02699883201 0.03413400002 nan nan
203 165534 461 461 0 -0.1896556275 0.007147541212 -0.1999790797 -0.1766295806 0.02334949904 -0.2021812618 -0.1712926993 0.0308885625 0.2944213884 0.01280073331 0.01813761462 nan nan
204 180326 1925 1925 0 -0.2274402857 0.004682963596 -0.2314354074 -0.2163062932 0.01512911418 -0.2323518993 -0.2128028019 0.01954909743 0.8923058079 0.01107654367 0.01458003501 nan nan
205 158732 187 187 0 -0.2380687697 0.01574049696 -0.2464747512 -0.1967745752 0.04970017602 -0.2494792852 -0.1691623175 0.08031696771 2.166090016 0.04043155824 0.06804381592 nan nan
206 174781 4283 4283 0 -0.1760091426 0.007523915783 -0.1850449702 -0.1623743517 0.02267061855 -0.1873757733 -0.1464767695 0.04089900381 0.6533376271 0.0145689596 0.0304665418 nan nan
207 207023 838 838 0 -0.2094793442 0.008356450407 -0.2215697773 -0.1947467459 0.02682303134 -0.2245912989 -0.1904879956 0.03410330326 0.1855006428 0.015023601 0.01727421502 nan nan
208 170168 594 594 0 -0.226753166 0.003661313158 -0.2326480329 -0.2205753949 0.01207263797 -0.2348380379 -0.2187065655 0.01613147246 0.03044498418 0.009247348092 0.01111617755 nan nan
209 185410 274 274 0 -0.2535895501 0.006316505389 -0.2578471553 -0.2397991161 0.01804803922 -0.258072167 -0.229949888 0.02812227897 1.029163478 0.01296578801 0.02281501611 nan nan
210 174403 229 229 0 -0.2462618389 0.01445571032 -0.2565824698 -0.2109671193 0.04561535053 -0.2571981952 -0.1825082858 0.07468990945 1.758369096 0.03587554682 0.06433438034 nan nan
211 182469 1318 1318 0 -0.2329188446 0.004357310696 -0.2367917254 -0.2233820572 0.01340966812 -0.2374826729 -0.2200919918 0.01739068106 0.6749174413 0.01034546078 0.01363552623 nan nan
212 172987 1633 1633 0 -0.2358697161 0.004134082457 -0.2408626721 -0.2269295657 0.01393310645 -0.2417238133 -0.2223166808 0.01940713256 0.7872319493 0.009730762141 0.01434364703 nan nan
213 186177 644 644 0 -0.2498810127 0.004573205283 -0.2556292619 -0.241742202 0.01388705996 -0.2571659068 -0.2384850591 0.01868084776 0.2923761717 0.008911634998 0.01216877787 nan nan
214 178238 100 100 0 -0.2506430559 0.004785589161 -0.2578474514 -0.2429796619 0.01486778959 -0.2580872762 -0.2403862406 0.01770103563 0.09170795223 0.007881015558 0.009641199352 nan nan
215 210584 366 366 0 -0.2492124896 0.003864046979 -0.2573696805 -0.2432849519 0.01408472858 -0.2582250091 -0.2398386466 0.01838636251 -0.4901344457 0.008035245088 0.009764963732 nan nan
216 216699 263 263 0 -0.2534398549 0.003754246865 -0.2568904817 -0.2442967117 0.01259377001 -0.2572350506 -0.2370160476 0.020219003 1.397886523 0.007769625928 0.01505029001 nan nan
217 183435 482 482 0 -0.1981318001 0.005968323278 -0.2026874488 -0.1852640626 0.01742338615 -0.2031997007 -0.1753568298 0.02784287084 0.9364448725 0.01320985944 0.02311709219 nan nan
218 182911 276 276 0 -0.1997586678 0.005555309102 -0.2038165799 -0.1880545311 0.0157620488 -0.2041747479 -0.1773065395 0.02686820834 1.001392997 0.0113214465 0.02206943804 nan nan
219 206335 1723 1723 0 -0.2384332073 0.003673539756 -0.241502649 -0.2296469882 0.01185566079 -0.2421718026 -0.2246319504 0.01753985216 1.166670386 0.008250891313 0.01326592906 nan nan
220 184474 2442 2442 0 -0.1927324397 0.004296522189 -0.1998893205 -0.1861498172 0.01373950329 -0.201674694 -0.1830948159 0.01857987814 -0.0665073203 0.007939960498 0.01099496179 nan nan
221 192450 399 399 0 -0.1052095283 0.01831690222 -0.1403914834 -0.0843633933 0.05602809006 -0.1515757558 -0.07994879025 0.07162696552 -0.3382524655 0.02988347904 0.03913062452 nan nan
222 208331 401 401 0 -0.2158037686 0.003284040088 -0.2206992008 -0.2103570177 0.01034218314 -0.2218684239 -0.2049642014 0.01690422248 0.4376877116 0.008226650352 0.00939587345 nan nan
223 183190 554 554 0 -0.205588808 0.006488843146 -0.2105416366 -0.1894778005 0.02106383613 -0.2110893269 -0.1833751639 0.027714163 1.112477754 0.01714833728 0.02325097384 nan nan
224 203291 359 359 0 -0.2033877956 0.007620492246 -0.209348767 -0.1854634929 0.02388527405 -0.2097355649 -0.1809789723 0.0287565926 0.912284159 0.01782717651 0.02231169711 nan nan
225 206855 441 441 0 -0.2188438597 0.003007546173 -0.2237626766 -0.2148985092 0.008864167409 -0.2250944932 -0.2063411997 0.0187532935 0.7331380503 0.006646134724 0.01103728752 nan nan
226 185286 239 239 0 -0.2084777857 0.004586543937 -0.211524556 -0.1987797132 0.01274484281 -0.2118318783 -0.1863810408 0.02545083752 1.588239685 0.009960325296 0.02235899771 nan nan
227 203774 742 742 0 -0.2359288016 0.002831236416 -0.2383622983 -0.2294747057 0.008887592516 -0.2387898419 -0.2252833187 0.01350652316 1.038376146 0.006878046724 0.01106943371 nan nan
228 190234 387 387 0 -0.2564647229 0.002874188716 -0.2591075438 -0.2506285292 0.008479014647 -0.2593276385 -0.2480053478 0.01132229067 0.6374303114 0.005265926452 0.007889107803 nan nan
229 185383 315 315 0 -0.244372636 0.001495204966 -0.2462822612 -0.2415865838 0.004695677319 -0.2466834666 -0.2410194966 0.005663969977 0.3044368519 0.002538388324 0.003008093686 nan nan
230 189351 290 290 0 -0.2062482533 0.003254683074 -0.2084638231 -0.1984131507 0.01005067233 -0.2087967812 -0.1923406991 0.0164560821 1.510601257 0.009078190927 0.01515064259 nan nan
231 185895 197 197 0 -0.242453345 0.0008639448593 -0.2439150805 -0.2412404437 0.002674636842 -0.2440966138 -0.2410717636 0.003024850183 -0.1413826183 0.001440004827 0.001572404085 nan nan
232 205580 1044 1044 0 -0.2425988364 0.00124837966 -0.2441839579 -0.2399252173 0.004258740598 -0.244535795 -0.2383632993 0.006172495686 0.717065182 0.00306714364 0.004629061596 nan nan
233 222014 341 341 0 -0.2444553711 0.01263887642 -0.2548476963 -0.2180203903 0.036827306 -0.2569595649 -0.1961936822 0.06076588271 1.081009617 0.02467377736 0.04650048551 nan nan
234 209856 1011 1011 0 -0.245266381 0.001171056487 -0.2470332879 -0.2429941926 0.004039095222 -0.2474628622 -0.2415001475 0.005962714752 0.4500163023 0.002331114116 0.003825159299 nan nan
235 200937 376 376 0 -0.1336639052 0.01368142289 -0.153524501 -0.1106357111 0.04288878986 -0.1572409917 -0.1074113674 0.04982962429 0.09892703623 0.02333006305 0.02651528934 nan nan
236 199150 526 526 0 -0.2487915945 0.001227204246 -0.2499933832 -0.2459600036 0.004033379566 -0.25029538 -0.2445764141 0.005718965893 0.9091589488 0.003011896545 0.004395486043 nan nan
237 216119 1642 1642 0 -0.2328564554 0.004594661166 -0.2396564354 -0.2251956736 0.01446076181 -0.2420877159 -0.2233900969 0.01869761901 0.07791098779 0.007913480357 0.00943547362 nan nan
238 199588 250 250 0 -0.2478635632 0.001053961712 -0.2487808377 -0.2454328205 0.003348017155 -0.2489534879 -0.2444026292 0.004550858757 0.9983345317 0.002727461674 0.003757653025 nan nan
239 197604 275 275 0 -0.2558189904 0.001041872659 -0.2567196491 -0.2534921726 0.003227476499 -0.2568907276 -0.2516170774 0.005273650263 1.318361684 0.001815905023 0.003691000256 nan nan
240 210040 263 263 0 -0.2473613045 0.0009293307203 -0.2481480483 -0.2450672744 0.003080773873 -0.2483335666 -0.2442276306 0.004105936017 1.130290267 0.002082561703 0.002922205547 nan nan
241 199000 211 211 0 -0.1850776361 0.002641074773 -0.1897659319 -0.1810195236 0.008746408334 -0.1910115922 -0.179594055 0.01141753723 -0.1120016723 0.00496298697 0.00605181832 nan nan
242 200736 200 200 0 -0.178159053 0.003362951728 -0.1827289546 -0.1716896465 0.01103930803 -0.1838096503 -0.1696698983 0.01413975197 0.3608460837 0.00642732275 0.00844707099 nan nan
243 201396 189 189 0 -0.1894058608 0.002573785357 -0.1926819023 -0.184523167 0.008158735348 -0.1933923237 -0.1832179437 0.01017438001 0.3540071028 0.005221268012 0.006526491306 nan nan
244 209191 143 143 0 -0.1531199059 0.006546597494 -0.1649941867 -0.1439354258 0.02105876089 -0.169906277 -0.1421538177 0.02775245932 -0.2933615173 0.01164316325 0.01651159094 nan nan
245 211697 262 262 0 -0.1675648412 0.008306228733 -0.1797185129 -0.1527027559 0.02701575701 -0.1874263487 -0.143470393 0.04395595564 0.271043733 0.01611090636 0.02354471309 nan nan
246 215691 654 654 0 -0.1965966684 0.00612326084 -0.2039554653 -0.1835491399 0.0204063253 -0.2065973974 -0.1758800441 0.03071735332 0.7721273263 0.0133241865 0.02099328236 nan nan
247 214361 173 173 0 -0.1725120704 0.006393403655 -0.180950993 -0.1606202151 0.02033077793 -0.1821093622 -0.1567641275 0.02534523473 0.3590062727 0.01155537087 0.01541145851 nan nan
248 216912 387 387 0 -0.1909042909 0.007728947647 -0.2016921441 -0.1773129151 0.02437922893 -0.2027833415 -0.17277469 0.03000865149 0.2232837305 0.01387149744 0.01840972259 nan nan
249 217460 1422 1422 0 -0.2149576555 0.006290770053 -0.2233896103 -0.2038447369 0.01954487343 -0.2247361902 -0.1977767327 0.02695945758 0.2978773585 0.01168450697 0.01775251117 nan nan
250 217348 174 174 0 -0.2395724779 0.001302808365 -0.2417216402 -0.2375775658 0.004144074418 -0.24228127 -0.2370653923 0.005215877698 -0.04844920306 0.002287226939 0.002667813874 nan nan
251 218011 161 161 0 -0.2417824218 0.002126425324 -0.2442124137 -0.2375870045 0.006625409234 -0.2445720333 -0.2365036349 0.00806839841 0.4699715087 0.003850186848 0.004933556453 nan nan
252 219305 271 271 0 -0.1939893084 0.007447890926 -0.2059853307 -0.1830523801 0.02293295061 -0.2073677007 -0.1784752725 0.02889242814 -0.04980208647 0.01211202258 0.015934282 nan nan
253 220313 300 300 0 -0.2123326388 0.005654837927 -0.2214014516 -0.2037972598 0.01760419178 -0.2226843009 -0.2027770097 0.01990729125 -0.04091421423 0.009291841995 0.01009561948 nan nan

K=254, phase=backward, parameter=e [-]
cluster representative_source n_cluster n_valid n_missing median std p05 p95 width90 minimum maximum range skewness error95 error_max angle_origin_deg angle_resultant
0 85979 327 327 0 0.3386297475 0.02695304976 0.2937126302 0.3737286174 0.08001598723 0.2360715447 0.3806617202 0.1445901755 -0.5122695513 0.05840909433 0.1160501798 nan nan
1 63455 190 190 0 0.2965832565 0.03149247235 0.2332196093 0.3578116465 0.1245920372 0.2187022509 0.4085963503 0.1898940994 0.1948250143 0.07466947342 0.1035465832 nan nan
2 32918 231 231 0 0.364808863 0.04604014955 0.2853407329 0.4285764993 0.1432357664 0.2766103821 0.4546799094 0.1780695273 -0.1407296945 0.08116691308 0.0892291887 nan nan
3 30549 244 244 0 0.2462434239 0.04402503844 0.224328729 0.3569558835 0.1326271545 0.2190381305 0.4264770513 0.2074389208 1.474059316 0.1149624874 0.1844836553 nan nan
4 32924 241 241 0 0.3738921917 0.04806847007 0.2811603418 0.4356711751 0.1545108333 0.2708518085 0.4549990498 0.1841472413 -0.3288883329 0.09273184994 0.1030403832 nan nan
5 26014 346 346 0 0.1982194257 0.01601775963 0.1726315899 0.2214561816 0.04882459165 0.1711699917 0.228154838 0.05698484631 -0.03754774106 0.02715055492 0.02871722512 nan nan
6 24452 115 115 0 0.1842363749 0.02018844827 0.168922793 0.2321182786 0.06319548558 0.168591401 0.2433213979 0.07472999682 0.909117647 0.04021229809 0.05141541741 nan nan
7 3664 104 104 0 0.1761343578 0.005912580063 0.1722171282 0.1892330638 0.0170159356 0.1719700731 0.1924769199 0.02050684675 0.7722961374 0.01301517487 0.01625903095 nan nan
8 11041 434 434 0 0.1942616728 0.01011364642 0.1875559703 0.2181008055 0.0305448352 0.1711891509 0.2208437953 0.0496546444 0.728744255 0.02222010055 0.02515047869 nan nan
9 39621 129 129 0 0.4512810633 0.02123078108 0.4188164419 0.484590515 0.06577407305 0.4144733155 0.4885571416 0.07408382603 0.02472028069 0.04045175687 0.04441838345 nan nan
10 103603 107 107 0 0.4559288553 0.02375469114 0.4179915087 0.4861727614 0.06818125271 0.3910460557 0.4885963045 0.0975502488 -0.5079450812 0.0689107802 0.09585623323 nan nan
11 5745 933 933 0 0.3909960594 0.02327285499 0.3506793784 0.4257653797 0.07508600135 0.3377461022 0.4404570583 0.1027109562 -0.1261183742 0.0430363603 0.05454944982 nan nan
12 6801 590 590 0 0.3781993043 0.03101146707 0.3359729991 0.4334104741 0.09743747506 0.3286031269 0.4486722445 0.1200691176 0.235880032 0.05260946274 0.06687475462 nan nan
13 8099 2431 2431 0 0.3296473563 0.01994343045 0.300854804 0.3653660471 0.06451124308 0.2759808255 0.4018338053 0.1258529798 0.4828577175 0.04599736054 0.08246511877 nan nan
14 9816 732 732 0 0.4589906107 0.02055256342 0.4221575929 0.4859656599 0.06380806696 0.4111730376 0.4883512624 0.0771782248 -0.2554364467 0.03390342419 0.0424049362 nan nan
15 8933 1310 1310 0 0.3793696765 0.01980875079 0.350326125 0.4128806937 0.06255456878 0.345513126 0.4189085526 0.07339542668 0.1196167287 0.03454134957 0.04056920846 nan nan
16 23245 3717 3717 0 0.3346507289 0.0331071464 0.2876038688 0.3905699801 0.1029661113 0.276432379 0.3982607268 0.1218283477 0.1237245311 0.05882134633 0.06999283608 nan nan
17 14019 388 388 0 0.459253957 0.01580545934 0.4343803613 0.4847994414 0.05041908009 0.4285371558 0.4883584022 0.05982124641 -0.004557655172 0.02776695689 0.03049742851 nan nan
18 16399 130 130 0 0.2065241489 0.007276462219 0.193558044 0.2164688708 0.0229108268 0.1907567952 0.2182246024 0.02746780722 -0.2569208949 0.01250700415 0.01395060353 nan nan
19 16774 864 864 0 0.4319683215 0.009076969855 0.4190563087 0.447479486 0.02842317735 0.4070914139 0.4519146085 0.04482319469 0.1143728738 0.01573935483 0.02641185319 nan nan
20 15491 1117 1117 0 0.3866166274 0.01838336363 0.3564762296 0.4145914027 0.05811517316 0.3479477507 0.4183027183 0.07035496761 -0.08971340291 0.03149656987 0.04002504876 nan nan
21 35494 612 612 0 0.4666515309 0.02218179429 0.4145035505 0.4872161467 0.07271259625 0.3984155248 0.4892135299 0.09079800515 -0.8690639797 0.04569888343 0.06178690913 nan nan
22 27925 805 805 0 0.3436603731 0.03945547035 0.2806368791 0.4062646202 0.1256277411 0.2738012697 0.421304975 0.1475037053 0.02093097503 0.07386448358 0.080700093 nan nan
23 27009 105 105 0 0.318216869 0.02917541415 0.2736579122 0.3616045969 0.08794668474 0.2712327918 0.3658352024 0.09460241056 -0.01566964843 0.0521966191 0.05462173945 nan nan
24 27674 102 102 0 0.309818914 0.02959811214 0.2715897462 0.3590481954 0.08745844917 0.2691850203 0.3659014715 0.09671645127 0.1709016076 0.04722379257 0.04914726607 nan nan
25 28800 154 154 0 0.31604238 0.02775410835 0.2720466752 0.3572421927 0.08519551743 0.2683600597 0.3631356038 0.09477554404 -0.04884749253 0.05070062532 0.05438724082 nan nan
26 24710 298 298 0 0.2343289312 0.006406373248 0.2198000591 0.2402694832 0.02046942417 0.2169732547 0.2497363466 0.03276309188 -0.5675756623 0.01488002394 0.01735867499 nan nan
27 24314 122 122 0 0.2976920837 0.017539355 0.2688658179 0.3231084376 0.0542426197 0.2659182188 0.3263771135 0.06045889474 -0.1158801019 0.02883832451 0.03145231007 nan nan
28 26984 755 755 0 0.2937193533 0.02065485511 0.2651807191 0.3277273939 0.06254667485 0.2599110069 0.3311248427 0.0712138358 0.1132297768 0.03461890337 0.03801635211 nan nan
29 28358 133 133 0 0.3251163256 0.02605941352 0.2807248367 0.3632759041 0.08255106734 0.2774225877 0.3677385948 0.09031600713 -0.1369264592 0.05149989372 0.05480214277 nan nan
30 20473 133 133 0 0.4939473448 0.003423654094 0.4890477982 0.4997078187 0.01066002049 0.488446606 0.500507732 0.01206112605 0.1754915318 0.005676224916 0.006403349225 nan nan
31 27651 383 383 0 0.2904442107 0.02072554485 0.2606910519 0.3242770617 0.06358600978 0.2571180243 0.3288974404 0.07177941608 0.1108641655 0.03567424063 0.04029461927 nan nan
32 23098 571 571 0 0.4682031094 0.0110132465 0.4518311249 0.4860842446 0.03425311969 0.4470397785 0.4884966216 0.04145684313 0.04613486667 0.01875737939 0.02116333087 nan nan
33 37896 1931 1931 0 0.2945006784 0.025711226 0.2518385543 0.3335390777 0.08170052341 0.2442130836 0.3421975248 0.0979844412 -0.06655637572 0.04430759514 0.05251222711 nan nan
34 28773 303 303 0 0.2949172141 0.02051963019 0.2592128758 0.3238951468 0.06468227102 0.2551070033 0.3272905435 0.0721835402 -0.1764881412 0.03596647887 0.03936187555 nan nan
35 48712 2507 2507 0 0.3378612774 0.03239482202 0.2625667573 0.3672267555 0.1046599982 0.2438054909 0.3731787939 0.1293733031 -0.7861993937 0.08074001373 0.09950128018 nan nan
36 39067 542 542 0 0.3063911677 0.02633424938 0.2587965511 0.3395224661 0.08072591496 0.2526064868 0.3452676843 0.09266119749 -0.2540028821 0.05899660359 0.06518666788 nan nan
37 29014 341 341 0 0.3095195647 0.01603132888 0.2779217986 0.3283198518 0.05039805317 0.2690510655 0.3309781879 0.06192712236 -0.4531939988 0.03103047235 0.03990120546 nan nan
38 37196 396 396 0 0.2799351684 0.0167280156 0.2479173101 0.3023041335 0.05438682338 0.2430989594 0.3098339756 0.06673501615 -0.2815489233 0.03123475983 0.03605311055 nan nan
39 31987 124 124 0 0.3242108314 0.02938447282 0.2791865071 0.3717116964 0.09252518922 0.2759678569 0.3786849998 0.1027171429 0.09091106417 0.05642160884 0.05964025913 nan nan
40 38523 998 998 0 0.534436905 0.01381866571 0.5051486921 0.5472807124 0.04213202036 0.5002969604 0.5488352672 0.04853830672 -0.5828622284 0.02971238567 0.03456411728 nan nan
41 39953 437 437 0 0.2705862524 0.009847351433 0.2475921675 0.2809681447 0.03337597722 0.2420596615 0.2898097836 0.04775012212 -0.8424608258 0.02563156449 0.03116407047 nan nan
42 33753 165 165 0 0.270320604 0.01092314708 0.2462782246 0.2815028469 0.03522462235 0.2427490725 0.2848869674 0.04213789489 -0.6283307265 0.02270896211 0.0262381142 nan nan
43 33520 139 139 0 0.2601232734 0.00709891871 0.2437827119 0.2659827378 0.0222000259 0.2413743934 0.2667030716 0.02532867815 -0.7572111235 0.01854613809 0.02095445656 nan nan
44 22053 118 118 0 0.2265376901 0.003134328087 0.2211986161 0.2308985371 0.009699921018 0.2187718624 0.2320348335 0.01326297113 -0.2582409164 0.006245397802 0.008672151534 nan nan
45 28876 1819 1819 0 0.4368366755 0.02630892484 0.4015981219 0.4835139961 0.08191587422 0.397474709 0.4888060065 0.09133129757 0.2041456787 0.0485026925 0.0537947029 nan nan
46 31921 185 185 0 0.252548634 0.003569670084 0.2446325971 0.256661778 0.01202918089 0.2409685974 0.2577016493 0.01673305189 -0.9494126125 0.008331880298 0.01199588 nan nan
47 63654 918 918 0 0.5488524344 0.006713016304 0.5331775695 0.5547197749 0.02154220538 0.5105815962 0.5563450703 0.04576347408 -1.917543269 0.01905064959 0.04164662283 nan nan
48 25979 271 271 0 0.4623812256 0.01270791713 0.4457588972 0.4854648531 0.03970595589 0.4428634832 0.4882493299 0.04538584661 0.2546730401 0.02411913154 0.02690360834 nan nan
49 34381 364 364 0 0.5222740581 0.01214534939 0.5026265 0.5391876129 0.03656111287 0.5004842672 0.5416245957 0.04114032843 -0.08656314602 0.01932435333 0.02131408245 nan nan
50 27543 164 164 0 0.460435551 0.01524157043 0.4392228043 0.4854261999 0.04620339565 0.4265110189 0.4883975972 0.06188657835 0.02449240765 0.0263040088 0.03482694461 nan nan
51 31181 387 387 0 0.4957271558 0.003773634485 0.4894875773 0.5010140695 0.01152649219 0.4886581369 0.5037014209 0.015043284 -0.02987939371 0.008264934357 0.009094374798 nan nan
52 54182 630 630 0 0.5301349168 0.01087140353 0.5054352912 0.5385793194 0.0331440282 0.500899332 0.53971891 0.03881957801 -0.7334445139 0.03165255767 0.03618851688 nan nan
53 44959 538 538 0 0.5244578986 0.009571733596 0.504398332 0.533903869 0.02950553702 0.5011015855 0.5356551921 0.03455360658 -0.560935056 0.01949745788 0.02279420439 nan nan
54 34110 107 107 0 0.4518311606 0.02230709575 0.4167507603 0.4854454921 0.06869473186 0.408523484 0.4885902368 0.08006675282 -0.0492649984 0.03867223092 0.04181697558 nan nan
55 36331 477 477 0 0.3456695198 0.008544229045 0.3321325152 0.3582671818 0.02613466661 0.3270518731 0.3596314171 0.03257954397 -0.09840060072 0.01390849717 0.01843303524 nan nan
56 34797 152 152 0 0.4528923251 0.02244680459 0.417616806 0.4858762235 0.06825941749 0.411548522 0.4881758465 0.07662732445 -0.07160412027 0.03893349058 0.04123311358 nan nan
57 37640 310 310 0 0.2601526137 0.005781477256 0.2499983761 0.2692879958 0.01928961972 0.2448781998 0.2728398548 0.02796165497 -0.1950935684 0.01130934428 0.01424088613 nan nan
58 35564 103 103 0 0.2452252562 0.00431073781 0.2382153072 0.2517952477 0.0135799405 0.2355604488 0.2527499805 0.01718953173 -0.1571970853 0.007536312649 0.009171528363 nan nan
59 40092 208 208 0 0.4623291429 0.02211585644 0.419499244 0.487276436 0.06777719207 0.3929832826 0.4889179694 0.09593468683 -0.4300147823 0.03988248901 0.06639845037 nan nan
60 46788 439 439 0 0.5188159635 0.009221070609 0.5030193355 0.5301552725 0.02713593704 0.5012002155 0.531161771 0.02996155556 -0.2021147806 0.01688460912 0.01870372913 nan nan
61 40151 137 137 0 0.2341690887 0.00632486689 0.2235318027 0.2436632632 0.0201314605 0.2209668765 0.2461199817 0.02515310522 -0.110170875 0.01185766513 0.01442259128 nan nan
62 36135 101 101 0 0.3879799978 0.01517089503 0.3651686777 0.4121619493 0.04699327152 0.3610365952 0.4149311326 0.05389453735 0.01015798946 0.02489016664 0.02902224913 nan nan
63 69158 1605 1605 0 0.5145282751 0.01095574501 0.4919543867 0.5259266247 0.03397223797 0.4886885333 0.5281961465 0.03950761321 -0.491600102 0.03365898943 0.0369248428 nan nan
64 37782 106 106 0 0.4481615008 0.01974891543 0.4222179767 0.4827946034 0.06057662664 0.4171300578 0.4884727278 0.07134266999 0.2195863481 0.03432442475 0.04000254917 nan nan
65 40932 301 301 0 0.3469298129 0.008098654281 0.3326393791 0.3579972939 0.02535791481 0.3307624406 0.3593035942 0.02854115362 -0.20781979 0.01487445431 0.01675139279 nan nan
66 53385 1419 1419 0 0.3936615565 0.01362789655 0.371129213 0.4158409629 0.04471174984 0.3612416927 0.4211510774 0.05990938464 -0.04835651184 0.02475926757 0.03448121812 nan nan
67 41179 329 329 0 0.3685930427 0.005537663392 0.3604788852 0.3780054005 0.0175265153 0.3594031524 0.3815471248 0.02214397239 0.1601857173 0.009433312109 0.01239699561 nan nan
68 40775 123 123 0 0.4501090964 0.02107352958 0.4194411861 0.4845178505 0.06507666439 0.4157626969 0.4883109852 0.07254828831 0.08750250637 0.03567816972 0.0394713045 nan nan
69 40044 281 281 0 0.3874738041 0.007800492478 0.3771031495 0.4012584052 0.02415525575 0.3750573149 0.4041553049 0.02909798998 0.1916792561 0.01313381248 0.01540792257 nan nan
70 41322 100 100 0 0.2616138168 0.005714164456 0.2536749708 0.2720001036 0.01832513275 0.2527653916 0.2742080198 0.02144262817 0.2705384548 0.01097211214 0.01318002838 nan nan
71 42769 220 220 0 0.3413069595 0.009832968133 0.3291206779 0.3601750547 0.03105437681 0.326868363 0.3668860362 0.04001767321 0.4133445465 0.01666619593 0.02265535376 nan nan
72 49239 3945 3945 0 0.4453868938 0.02502404646 0.4068029349 0.4849798191 0.07817688422 0.3990475656 0.4889502098 0.08990264424 0.008739527889 0.0452048178 0.0491752085 nan nan
73 58691 1518 1518 0 0.3159342539 0.02436641495 0.2829567148 0.3595507655 0.07659405073 0.2758551636 0.370205092 0.09434992847 0.2246654172 0.0476012201 0.05470277133 nan nan
74 45100 357 357 0 0.3918212593 0.005185504891 0.3826766019 0.3991815014 0.01650489955 0.3792537815 0.4018097052 0.02255592374 -0.2306053804 0.009386938648 0.01248975937 nan nan
75 46232 397 397 0 0.3745731275 0.007641515334 0.361065193 0.3855382889 0.02447309584 0.3589032942 0.3894378103 0.03053451609 -0.1578892885 0.01372984398 0.01535471565 nan nan
76 48040 389 389 0 0.3587479736 0.008824611638 0.343761782 0.3717751858 0.02801340383 0.339344436 0.3760385438 0.03669410782 -0.1301013593 0.01613594078 0.02035780694 nan nan
77 108104 169 169 0 0.4967397208 0.004133201988 0.490055888 0.5029753996 0.01291951164 0.4891838872 0.5036553622 0.01447147498 -0.05307383502 0.008292921076 0.009164921891 nan nan
78 51135 146 146 0 0.2716663606 0.008131119919 0.2590000772 0.2839571276 0.02495705047 0.2573975056 0.2864004311 0.0290029255 -0.01574602387 0.01503303238 0.01747633579 nan nan
79 81689 131 131 0 0.5102011422 0.007372170574 0.5036811421 0.5162072385 0.01252609646 0.5023005923 0.572638391 0.07033779877 5.690746272 0.008151239025 0.06108012043 nan nan
80 85728 204 204 0 0.5201377151 0.007385345062 0.506538832 0.5288015182 0.02226268618 0.5031839495 0.5294884982 0.02630454869 -0.4931954213 0.01801259962 0.02136748213 nan nan
81 68020 149 149 0 0.5143040172 0.004548511784 0.5042991302 0.5179831518 0.01368402153 0.5021169931 0.5183802202 0.0162632271 -0.687934088 0.01309618961 0.01527832675 nan nan
82 68805 401 401 0 0.8678777484 0.05444915943 0.7219200371 0.8911097286 0.1691896915 0.6331268806 0.893936355 0.2608094744 -1.7110754 0.1392557668 0.2280489233 nan nan
83 61429 2192 2192 0 0.3950843145 0.0152910069 0.3714413656 0.4191095613 0.04766819569 0.3609387931 0.4232943758 0.06235558267 -0.02429988887 0.02576730838 0.03537572161 nan nan
84 78512 110 110 0 0.537819589 0.009181456468 0.5132000427 0.5405360155 0.02733597281 0.5049958998 0.5409205442 0.03592464448 -1.356453373 0.02333633876 0.03154048169 nan nan
85 61854 355 355 0 0.4969691975 0.004098748742 0.4898638874 0.50253072 0.01266683256 0.4889435716 0.5032629303 0.01431935873 -0.1894787598 0.007876211736 0.008796527566 nan nan
86 84525 148 148 0 0.5362936041 0.01103305569 0.5088690482 0.5418214792 0.03295243102 0.5043101936 0.5423141029 0.03800390924 -0.9964317422 0.02538479779 0.02994365236 nan nan
87 64146 2146 2146 0 0.6691979329 0.05486583174 0.5649532559 0.73983493 0.1748816741 0.545767736 0.7730288636 0.2272611276 -0.3036705227 0.09568845295 0.1152916955 nan nan
88 59431 483 483 0 0.4340550419 0.007381007995 0.421900488 0.4447922587 0.0228917707 0.4193212483 0.4460448029 0.02672355457 -0.1064476624 0.01236382275 0.01349756611 nan nan
89 91021 9400 9400 0 0.8100307189 0.02698757348 0.7576657418 0.8491701303 0.09150438852 0.7159032114 0.8598376402 0.1439344287 -0.5696441999 0.06226223552 0.1040247658 nan nan
90 71671 107 107 0 0.3251832024 0.01506663082 0.2923932335 0.3388475797 0.04645434618 0.2876791543 0.341842394 0.05416323974 -0.6115315711 0.03901647351 0.04373055271 nan nan
91 66122 721 721 0 0.4615925126 0.009218810814 0.4476707822 0.4768486615 0.02917787938 0.4458678122 0.4791238472 0.03325603497 0.07858543963 0.01567592852 0.01703921915 nan nan
92 67639 110 110 0 0.5084659624 0.002291816803 0.5036440014 0.5106513413 0.007007339906 0.5025565204 0.5107605156 0.008203995286 -0.6300787733 0.005373509256 0.006460990309 nan nan
93 87754 412 412 0 0.5371142826 0.01114450594 0.5102450156 0.5451487896 0.03490377404 0.503972704 0.5467319421 0.04275923812 -0.9189472488 0.02394327862 0.03021559019 nan nan
94 83313 385 385 0 0.529696072 0.007892921283 0.5101186875 0.5355538916 0.02543520413 0.5040127706 0.536430341 0.03241757038 -1.077562798 0.01898917624 0.02509509312 nan nan
95 82350 308 308 0 0.3358386153 0.0260997397 0.2933426345 0.3776158647 0.08427323025 0.289125236 0.3850366709 0.09591143491 0.009807535109 0.05544632322 0.05966372172 nan nan
96 153042 1790 1790 0 0.5565775881 0.08415457016 0.4785846644 0.7185333321 0.2399486677 0.4179952285 0.7255570345 0.307561806 0.372005536 0.1591214351 0.1661451376 nan nan
97 90938 1604 1604 0 0.4727899162 0.0151485151 0.4400620314 0.4869650182 0.04690298679 0.4243354539 0.4890097732 0.06467431924 -0.6665539754 0.04016196872 0.0558885462 nan nan
98 76101 479 479 0 0.4924904662 0.002391762812 0.489299861 0.4968686181 0.007568757115 0.4890098383 0.4979681643 0.008958325938 0.276547599 0.004942163474 0.005232186161 nan nan
99 63400 771 771 0 0.6913037924 0.03258162671 0.6415514403 0.7469393424 0.1053879021 0.6216371596 0.7594841296 0.13784697 0.07554131923 0.05877366113 0.07163021776 nan nan
100 152129 1017 1017 0 0.6038283897 0.08512661896 0.5024045478 0.7446406943 0.2422361465 0.4246648142 0.7480441223 0.3233793081 0.1715420235 0.1430466104 0.1772751708 nan nan
101 69844 868 868 0 0.434750942 0.007498554608 0.4234316348 0.4468457939 0.02341415917 0.4186879571 0.449271387 0.03058342995 0.03161914266 0.012667239 0.01695364581 nan nan
102 75322 202 202 0 0.5049882343 0.001315635296 0.5031644976 0.5074035521 0.004239054482 0.5026964732 0.5078050618 0.005108588587 0.2854187203 0.003181000093 0.003649024464 nan nan
103 75412 1339 1339 0 0.7707124102 0.01877176903 0.7308153987 0.7924572335 0.06164183474 0.7063405503 0.7976384023 0.09129785203 -0.7596847356 0.04008051762 0.06455536611 nan nan
104 86918 382 382 0 0.4982200113 0.003519111252 0.4906054389 0.5022147814 0.01160934244 0.4892310772 0.5030785973 0.01384752004 -0.6285665142 0.008532703149 0.009907064863 nan nan
105 67043 412 412 0 0.6869846694 0.02249123792 0.6418451216 0.7151822742 0.07333715255 0.6220377988 0.7232721742 0.1012343754 -0.5124859457 0.04357589856 0.06338322142 nan nan
106 100941 186 186 0 0.5319883966 0.01473490033 0.5068167062 0.5526933536 0.04587664743 0.5041951745 0.5555736418 0.05137846733 -0.1542891892 0.02582854017 0.02845007186 nan nan
107 71540 457 457 0 0.7412858367 0.01570532372 0.713535239 0.7635594181 0.05002417914 0.70288031 0.7688903524 0.06601004239 -0.2296389939 0.02826842427 0.03892335323 nan nan
108 76072 622 622 0 0.4573819 0.006642524744 0.4475808729 0.468481004 0.02090013113 0.4410643918 0.4708680077 0.02980361587 0.02626623397 0.01184658915 0.01836307026 nan nan
109 70785 176 176 0 0.7278348443 0.01578113292 0.7004061139 0.7508286524 0.05042253853 0.6928902862 0.7556342632 0.06274397699 -0.1810434964 0.02763749462 0.03228323352 nan nan
110 79109 383 383 0 0.6069052204 0.02692241616 0.5667974249 0.6518272925 0.08502986761 0.5582244894 0.6616735038 0.1034490144 0.09704250114 0.04567735278 0.0545052525 nan nan
111 73169 123 123 0 0.6430795861 0.02383778808 0.6070283262 0.6818271153 0.0747987891 0.5999527353 0.6873556304 0.08740289511 0.06131381886 0.04070107947 0.04505853261 nan nan
112 76226 286 286 0 0.7366311559 0.02650011368 0.6728184772 0.7534846566 0.08066617938 0.6369830014 0.7544760252 0.1174930238 -1.186752419 0.06207449697 0.09790997275 nan nan
113 79916 383 383 0 0.5966379365 0.02271542372 0.5626769611 0.6342338415 0.07155688035 0.555985748 0.6460496725 0.09006392444 0.1102484113 0.03867776635 0.04864278557 nan nan
114 121523 668 668 0 0.6970350617 0.04529823785 0.6211291953 0.7481585947 0.1270293994 0.549505056 0.7499957687 0.2004907127 -0.4779146303 0.09778666623 0.1694108056 nan nan
115 108544 1899 1899 0 0.758778534 0.0101646719 0.7413712191 0.7745956303 0.03322441118 0.7162958224 0.7783620712 0.06206624879 -0.3597293435 0.02277305685 0.04784845355 nan nan
116 72762 204 204 0 0.6701341801 0.04852785425 0.5665262566 0.7173030682 0.1507768116 0.5440420309 0.7229487284 0.1789066975 -0.6411746513 0.09668380948 0.1191680352 nan nan
117 95492 666 666 0 0.7244794441 0.0142430182 0.6931409535 0.7345256406 0.04138468704 0.6505635522 0.7366275842 0.08606403201 -1.553202044 0.03995289669 0.08253029804 nan nan
118 92283 302 302 0 0.7358872714 0.00637644129 0.7222655476 0.7405257517 0.01826020406 0.6990386975 0.7417709151 0.04273221765 -1.991494803 0.01601347482 0.03924032501 nan nan
119 77102 274 274 0 0.6324411682 0.04241828382 0.5543991482 0.686312276 0.1319131278 0.5378545054 0.6942175253 0.1563630199 -0.293786179 0.07788961147 0.09443425427 nan nan
120 115055 273 273 0 0.7060968079 0.0237242977 0.660225923 0.7285827076 0.06835678466 0.625914591 0.7296337818 0.1037191908 -0.5532598784 0.04780445249 0.08211578452 nan nan
121 88256 136 136 0 0.7133057233 0.04102603951 0.5979622814 0.7264815157 0.1285192342 0.5491741623 0.8215973791 0.2724232167 -1.486798856 0.1275083216 0.1762964406 nan nan
122 150089 678 678 0 0.5767636923 0.08259642805 0.4816543552 0.7206653947 0.2390110394 0.4695215594 0.7784640281 0.3089424687 0.2791766618 0.1471995575 0.2049981908 nan nan
123 113959 185 185 0 0.6815228043 0.02467647977 0.6441050484 0.7164848841 0.07237983577 0.5979017374 0.7175385073 0.1196367699 -0.3591207084 0.05127739426 0.0974807052 nan nan
124 100315 1075 1075 0 0.6368316848 0.03003235074 0.5880944177 0.6991407425 0.1110463249 0.558248632 0.716986473 0.158737841 0.3840294801 0.06594240984 0.08014408233 nan nan
125 75880 211 211 0 0.6696314252 0.0511303004 0.5632954207 0.7153392703 0.1520438496 0.5304087992 0.716173616 0.1857648168 -0.6212709327 0.112167057 0.1450536785 nan nan
126 79612 218 218 0 0.4234421679 0.006873096728 0.4130826426 0.4350099181 0.0219272755 0.4096678904 0.4387684585 0.02910056801 0.1009563364 0.01233743474 0.01572047079 nan nan
127 86488 441 441 0 0.4691522188 0.005690829005 0.4581203552 0.4764835339 0.01836317872 0.453260315 0.478385128 0.02512481307 -0.4004814462 0.01313126105 0.01799130132 nan nan
128 85536 129 129 0 0.6093730186 0.03423333953 0.5731723346 0.6920612028 0.1188888683 0.5635614956 0.7085371813 0.1449756856 0.9893659631 0.09104265232 0.1075186308 nan nan
129 115925 3464 3464 0 0.6605105096 0.04192346726 0.5751337297 0.7073510443 0.1322173146 0.5465434193 0.7139906701 0.1674472507 -0.534992186 0.09205332121 0.1206436316 nan nan
130 146384 353 353 0 0.8544880961 0.04330539395 0.7242012815 0.8925164348 0.1683151533 0.700179885 0.8954556795 0.1952757944 -1.341781318 0.136975312 0.1609967086 nan nan
131 110035 698 698 0 0.6723441332 0.02123730539 0.633737164 0.6966716415 0.06293447745 0.6225194651 0.6989424978 0.07642303277 -0.3297285363 0.03593555686 0.04715325585 nan nan
132 109703 2060 2060 0 0.6451503399 0.03173347732 0.5838394902 0.6816474987 0.0978080085 0.5614927783 0.6868934881 0.1254007098 -0.4314405906 0.05848697818 0.08083369015 nan nan
133 121843 127 127 0 0.6772647441 0.04083596182 0.5961365033 0.7145128417 0.1183763385 0.5789854207 0.7150700487 0.136084628 -0.4667539033 0.07124481459 0.08839589715 nan nan
134 98885 675 675 0 0.4336080851 0.01814435677 0.4015624258 0.4606356898 0.05907326399 0.3900107465 0.4713944413 0.08138369479 -0.1179886435 0.03311035772 0.04098570795 nan nan
135 86669 176 176 0 0.6892813658 0.003747993852 0.6809672343 0.693315498 0.01234826371 0.6782341918 0.6942312176 0.01599702588 -0.8156375583 0.009530026229 0.01226306875 nan nan
136 104558 1449 1449 0 0.6386691172 0.03199404467 0.5701828703 0.6694243886 0.09924151834 0.5437229975 0.6739102858 0.1301872883 -0.6731396489 0.06767545786 0.09413533061 nan nan
137 84045 175 175 0 0.4471493899 0.006742866852 0.4353924916 0.456565039 0.02117254739 0.4315831171 0.4595528752 0.02796975814 -0.1837481108 0.01184313668 0.01480725028 nan nan
138 158319 109 109 0 0.5080593066 0.08447742147 0.4744418824 0.7133877975 0.2389459151 0.4739962458 0.7197426857 0.2457464399 0.7975072371 0.1750125847 0.1813674729 nan nan
139 99765 601 601 0 0.5271298042 0.01066175828 0.5069741989 0.5402341593 0.03325996035 0.5039808273 0.5429612447 0.03898041739 -0.3452940651 0.02086296456 0.02385633615 nan nan
140 127892 138 138 0 0.645829957 0.06365922446 0.5451227788 0.7323736227 0.1872508439 0.5334261729 0.8167420041 0.2833158312 0.14697146 0.1091539377 0.1657336219 nan nan
141 103714 108 108 0 0.7471750283 0.005786248178 0.7338640502 0.7514375027 0.01757345255 0.7319470065 0.7519836557 0.02003664917 -0.7935063372 0.0143569475 0.01627399115 nan nan
142 85114 375 375 0 0.6248549274 0.0220174069 0.5751200106 0.6446574016 0.06953739103 0.5644754693 0.6489683155 0.0844928462 -0.7403803999 0.04584121946 0.05648576075 nan nan
143 100713 827 827 0 0.6290874766 0.01903803297 0.590089533 0.649231232 0.05914169894 0.5808265045 0.6526932049 0.07186670039 -0.4943900256 0.03694995923 0.04621298775 nan nan
144 99951 1587 1587 0 0.6054351469 0.01589939717 0.579171839 0.6300893585 0.05091751945 0.5732973039 0.635968884 0.06267158004 -0.05458630336 0.02812522937 0.03385943608 nan nan
145 91193 293 293 0 0.5951098726 0.0162465468 0.5630914116 0.6136464843 0.05055507264 0.5574061946 0.6168550386 0.05944884403 -0.4223040542 0.03019970908 0.0358849261 nan nan
146 104530 423 423 0 0.6732686011 0.01213822903 0.6509798049 0.6885065855 0.03752678056 0.6438779128 0.690576535 0.04669862219 -0.320286894 0.0219384711 0.02904036319 nan nan
147 104337 681 681 0 0.4617539921 0.02972578022 0.3955912681 0.4875687589 0.09197749079 0.380047602 0.4891161724 0.1090685704 -0.7012456946 0.06070374586 0.07624741193 nan nan
148 119505 1655 1655 0 0.7748694115 0.01634638191 0.7395444773 0.7928203371 0.05327585979 0.7313778748 0.7976661768 0.06628830206 -0.5697760079 0.03448003276 0.04264663529 nan nan
149 94007 243 243 0 0.592687573 0.007240026094 0.5814495433 0.6052662174 0.0238166741 0.5783414281 0.6094898408 0.03114841273 0.1188562803 0.01345810911 0.01579522901 nan nan
150 102766 123 123 0 0.4180839538 0.02756077193 0.377522713 0.4707767795 0.09325406659 0.3708944364 0.4860573583 0.1151629219 0.3528987794 0.05754175353 0.07282233225 nan nan
151 117489 985 985 0 0.5010447822 0.04176000721 0.4290149226 0.5558373612 0.1268224386 0.418320113 0.6425617791 0.2242416661 -0.01734123966 0.06802460499 0.1483478059 nan nan
152 110182 497 497 0 0.5132441295 0.02156850404 0.4792682113 0.5460053104 0.0667370991 0.4738901292 0.555232938 0.08134280885 -0.01414554796 0.03622969102 0.04545731869 nan nan
153 108772 416 416 0 0.4533958788 0.03040967381 0.3903378405 0.4863931575 0.09605531702 0.3734975172 0.4891831368 0.1156856196 -0.549230676 0.05282185947 0.06966218268 nan nan
154 109484 389 389 0 0.4502511426 0.0312522587 0.3878983608 0.4862907808 0.09839242004 0.3747940674 0.4892541955 0.1144601282 -0.4375234546 0.0507536618 0.06385795521 nan nan
155 117859 360 360 0 0.7125986122 0.01696003383 0.6795435094 0.7355505557 0.05600704627 0.6648015534 0.7419902712 0.0771887178 -0.4274050086 0.03347968624 0.04822164224 nan nan
156 111226 197 197 0 0.4512422983 0.02829027701 0.3939010907 0.4856732438 0.09177215316 0.3756649125 0.4889484808 0.1132835683 -0.499792408 0.05087653861 0.06911271681 nan nan
157 121805 299 299 0 0.726194646 0.02053443519 0.6883707198 0.7507655473 0.06239482755 0.6835192798 0.7523398431 0.06882056337 -0.3032037849 0.03607830237 0.04092974237 nan nan
158 128643 125 125 0 0.4723735845 0.03964684875 0.4160304064 0.542203605 0.1261731986 0.4063556807 0.5521863226 0.1458306419 0.06689612531 0.07472518632 0.08470790395 nan nan
159 111617 131 131 0 0.4969560279 0.004214152518 0.4902053618 0.5031792328 0.01297387098 0.4893485082 0.5039025528 0.01455404466 -0.07838601631 0.008141825224 0.008998678839 nan nan
160 106153 267 267 0 0.5400453608 0.02155298955 0.5153106522 0.5965607372 0.08125008503 0.5068379258 0.6086989786 0.1018610528 1.283231391 0.05726440617 0.06940264751 nan nan
161 125556 284 284 0 0.6868402346 0.01655285657 0.6626899379 0.717290146 0.0546002081 0.6560781865 0.7280369631 0.07195877665 0.2679711676 0.03506867222 0.04581548933 nan nan
162 172893 299 299 0 0.5075775355 0.03050698326 0.4827856874 0.5700124182 0.08722673081 0.4221002552 0.5804403289 0.1583400738 0.3354170101 0.06247582449 0.08905660987 nan nan
163 132276 103 103 0 0.6472658758 0.03952654494 0.5854829015 0.7053853157 0.1199024142 0.580113406 0.7197996614 0.1396862554 -0.05560249122 0.06538855414 0.07168723847 nan nan
164 137830 2248 2248 0 0.7115615154 0.01769423717 0.6841929955 0.7397853139 0.05559231843 0.6750954207 0.7507773449 0.07568192424 0.02764479442 0.03078375256 0.03986585469 nan nan
165 122741 984 984 0 0.6117290812 0.02274913155 0.5704237358 0.6453818926 0.07495815674 0.5579352778 0.6573780166 0.09944273875 -0.1777566887 0.04194241211 0.0521671907 nan nan
166 119959 1198 1198 0 0.5456261872 0.01748420663 0.5185120339 0.5726040978 0.0540920639 0.5150424293 0.5789573068 0.0639148775 -0.001219092288 0.02857650126 0.03334199141 nan nan
167 125663 713 713 0 0.5489060796 0.02377847857 0.5143866467 0.5905864185 0.07619977178 0.5053001454 0.6068224015 0.1015222561 0.1882264407 0.04223665858 0.05783162739 nan nan
168 134426 1663 1663 0 0.529680919 0.03446707177 0.48791749 0.5981743418 0.1102568517 0.4784357482 0.6172408392 0.138805091 0.4293249576 0.06680243306 0.08586893051 nan nan
169 121148 179 179 0 0.4914786413 0.01292540455 0.4708832759 0.5120239513 0.04114067548 0.4665786147 0.5189661606 0.0523875459 0.01303036093 0.02290293279 0.02694804905 nan nan
170 124230 529 529 0 0.5470264245 0.02130540407 0.515294958 0.5810620415 0.06576708344 0.5096426514 0.5885104642 0.0788678128 0.06733756049 0.03571567855 0.04301314651 nan nan
171 210617 139 139 0 0.6061224307 0.06976375027 0.5180974959 0.7334574296 0.2153599337 0.4975116928 0.8016203095 0.3041086167 0.3798929403 0.118418439 0.1672495533 nan nan
172 140633 1962 1962 0 0.5284485967 0.02881137703 0.4847949137 0.5787531317 0.09395821805 0.4745429072 0.6023790797 0.1278361725 0.1638624582 0.05148384041 0.07425915248 nan nan
173 135398 171 171 0 0.4493041097 0.01678742356 0.4221564536 0.4742880132 0.05213155965 0.4196329147 0.4778885228 0.05825560801 5.535179689e-05 0.02739180906 0.03046956182 nan nan
174 133633 216 216 0 0.4474524255 0.01649321719 0.4212350796 0.471825981 0.05059090133 0.4180279137 0.4747510703 0.05672315668 -0.07843771837 0.02859669069 0.03180385667 nan nan
175 147450 4176 4176 0 0.5392541657 0.03295696354 0.4928980694 0.600063841 0.1071657716 0.4818491994 0.6282053294 0.14635613 0.2942607662 0.06218856418 0.09033005259 nan nan
176 143223 812 812 0 0.6266495082 0.03555593122 0.5716365635 0.6857119638 0.1140754002 0.5579707684 0.6992785043 0.1413077359 0.05939847926 0.06279785407 0.07529241349 nan nan
177 139781 1275 1275 0 0.49181857 0.01281795429 0.4727073037 0.5125815503 0.03987424663 0.4698782305 0.5161488347 0.04627060424 0.06570647327 0.02107230212 0.02399479283 nan nan
178 143549 270 270 0 0.5833397846 0.03157863435 0.5403961838 0.636869606 0.09647342226 0.5291993346 0.6507726837 0.1215733491 0.1686522501 0.05386872319 0.06600363504 nan nan
179 139239 105 105 0 0.4522534555 0.01137589818 0.4322587265 0.4668790284 0.03462030187 0.4297445015 0.469006016 0.03926151457 -0.2128718826 0.02074761607 0.02287460373 nan nan
180 153520 6607 6607 0 0.7265761976 0.03760249487 0.6619275665 0.783000701 0.1210731345 0.6456190082 0.7971630505 0.1515440423 -0.1253173225 0.06590470627 0.07854646304 nan nan
181 141443 363 363 0 0.622886316 0.02293326292 0.5867586524 0.6575634567 0.07080480428 0.5788375652 0.6665166749 0.08767910973 -0.02633345553 0.03834922211 0.04446405856 nan nan
182 142639 163 163 0 0.6113993364 0.02230575644 0.5799823254 0.6497327377 0.06975041225 0.5762794746 0.6537930105 0.07751353591 0.1379511779 0.03781305116 0.04187332403 nan nan
183 145776 100 100 0 0.4338866335 0.01756612503 0.4112592095 0.4615589702 0.05029976073 0.404052998 0.4886450299 0.08459203194 0.4611275247 0.02837327311 0.05476693828 nan nan
184 221332 544 544 0 0.4482863029 0.02785424754 0.4048166969 0.4905412274 0.08572453045 0.3957231144 0.497172614 0.1014494995 -0.003842429906 0.0456025811 0.0509326419 nan nan
185 149881 722 722 0 0.4783758471 0.01581457461 0.4575502409 0.5069422706 0.04939202969 0.4550986066 0.5160671594 0.06096855278 0.272122966 0.02855267452 0.03767756331 nan nan
186 146178 522 522 0 0.6433633609 0.02278426358 0.6085448642 0.6791544268 0.07060956259 0.5998662531 0.6847692541 0.08490300093 0.008098444535 0.03829666094 0.04321195306 nan nan
187 153858 2096 2096 0 0.6474582643 0.02049230834 0.6143964773 0.6781974684 0.06380099114 0.6093992001 0.684612266 0.07521306587 -0.04612871934 0.03415799049 0.03766152371 nan nan
188 166236 816 816 0 0.4183721581 0.03343230026 0.3667065771 0.4584973678 0.0917907907 0.359104609 0.526977657 0.167873048 0.07189863182 0.05092670909 0.1194069983 nan nan
189 208136 1427 1427 0 0.4873695436 0.01758809882 0.4680546916 0.5229150746 0.05486038305 0.4431061525 0.5352187073 0.09211255483 0.5138812304 0.03119361427 0.05573243736 nan nan
190 206453 184 184 0 0.4949873991 0.0290893407 0.4740071214 0.5630485632 0.08904144187 0.4733621728 0.6005090784 0.1271469056 1.202510027 0.06424250498 0.1017030202 nan nan
191 154612 1301 1301 0 0.4509386907 0.01071526186 0.4351887667 0.4685366854 0.03334791865 0.4330020601 0.4711267908 0.03812473067 0.08892308196 0.01781092823 0.02040103367 nan nan
192 177361 1887 1887 0 0.4377173324 0.01710123191 0.4244435755 0.479241114 0.05479753846 0.4219312969 0.4924812503 0.07054995344 0.9352378736 0.04123265714 0.05447279352 nan nan
193 167099 764 764 0 0.4018441699 0.03883367318 0.3618913013 0.4807074983 0.118816197 0.3569265778 0.5774913853 0.2205648075 1.40402301 0.08146509925 0.1782489863 nan nan
194 157115 221 221 0 0.5897549756 0.02020471277 0.5568674508 0.6203637247 0.06349627396 0.5491964633 0.6259848716 0.07678840836 -0.07563692759 0.03469275612 0.04030519283 nan nan
195 164681 210 210 0 0.5391132891 0.0223368224 0.5052101337 0.5747945421 0.0695844084 0.4943930315 0.5887871146 0.0943940831 0.08494567643 0.04117290921 0.05516548171 nan nan
196 163388 285 285 0 0.400058293 0.01441526765 0.3812478846 0.4289695749 0.04772169025 0.378795312 0.446793923 0.06799861097 0.6972591222 0.03276705175 0.05059139989 nan nan
197 177609 4803 4803 0 0.4642861412 0.01568438498 0.4451324604 0.4968617669 0.05172930651 0.4402005697 0.5157546246 0.0755540549 0.5933180237 0.03422692739 0.05311978508 nan nan
198 178512 712 712 0 0.3748466793 0.02067227291 0.3555546876 0.4159749783 0.06042029065 0.3546390956 0.4357902544 0.08115115875 0.5530623807 0.03899186659 0.05880714272 nan nan
199 173370 5319 5319 0 0.6271380846 0.03013218183 0.5841500081 0.6830530329 0.09890302487 0.573584471 0.7283219223 0.1547374514 0.4201324812 0.06235277576 0.1076216652 nan nan
200 160342 344 344 0 0.5513072101 0.01746150376 0.5254934629 0.5794828709 0.05398940804 0.5197236042 0.589345743 0.06962213882 0.08102915176 0.02940813491 0.03827410628 nan nan
201 176058 141 141 0 0.3755381916 0.01769861754 0.3564966793 0.4112633719 0.05476669268 0.3562459717 0.427676771 0.0714307993 0.6413710398 0.02977503095 0.04618842999 nan nan
202 176186 336 336 0 0.5247597015 0.02988229566 0.5034463407 0.5953656619 0.0919193212 0.5003865601 0.6130146241 0.112628064 0.8766158204 0.06777361036 0.08542257258 nan nan
203 165534 461 461 0 0.5417032593 0.018054985 0.5154503266 0.5744359786 0.05898565198 0.5098242592 0.5877320816 0.07790782241 0.2814435531 0.03243775501 0.0454700674 nan nan
204 180326 1925 1925 0 0.4433243744 0.01237095193 0.432557362 0.4725794061 0.04002204405 0.4300274789 0.4817320223 0.05170454343 0.8767523094 0.02931365789 0.03846627415 nan nan
205 158732 187 187 0 0.4134894859 0.04219890855 0.3901683875 0.5244705792 0.1343021917 0.3816720612 0.5937701879 0.2120981267 2.077125436 0.1086047579 0.1779043665 nan nan
206 174781 4283 4283 0 0.5762286605 0.01874176723 0.5535837036 0.6100923585 0.05650865487 0.5477684353 0.6492945109 0.1015260756 0.6437650385 0.03624350598 0.0754456584 nan nan
207 207023 838 838 0 0.4912349619 0.02165341293 0.4596687808 0.5289164504 0.06924766962 0.4515737041 0.5394788383 0.08790513418 0.1685312538 0.03892146349 0.04541904858 nan nan
208 170168 594 594 0 0.4451233688 0.01011750605 0.4287952811 0.4622684634 0.03347318231 0.4228611623 0.4672470059 0.0443858436 0.032634857 0.02583452074 0.03081306323 nan nan
209 185410 274 274 0 0.3703860732 0.01806230267 0.357777717 0.4091427507 0.05136503376 0.357007043 0.4374802186 0.08047317553 1.027079809 0.0370296527 0.06536712051 nan nan
210 174403 229 229 0 0.3919674742 0.03976251432 0.3617534348 0.4878945473 0.1261411125 0.3596848681 0.5605318669 0.2008469988 1.645785898 0.09890848374 0.1715458033 nan nan
211 182469 1318 1318 0 0.4284587337 0.01183291581 0.4178521632 0.4540908395 0.03623867628 0.4159104341 0.4635253789 0.04761494484 0.6743716769 0.02810438166 0.03753892105 nan nan
212 172987 1633 1633 0 0.4200889488 0.01158749045 0.4061804561 0.4455155068 0.03933505064 0.4039344064 0.4579048237 0.0539704173 0.8178621063 0.02784112562 0.0402304426 nan nan
213 186177 644 644 0 0.3805866002 0.01289702928 0.3643049906 0.4034831847 0.03917819412 0.3597980089 0.4139995371 0.05420152813 0.2892176988 0.02519331704 0.0357096694 nan nan
214 178238 100 100 0 0.3781461062 0.01353372662 0.3579203336 0.3999182558 0.04199792221 0.3570528254 0.4071361935 0.05008336807 0.08639988166 0.02239773839 0.02723788539 nan nan
215 210584 366 366 0 0.3830716623 0.01129957398 0.3590987677 0.4000797578 0.04098099011 0.3566637373 0.4101303709 0.05346663366 -0.5129073249 0.0234813847 0.02802603898 nan nan
216 216699 263 263 0 0.3706050207 0.01082365209 0.3607309728 0.3974086157 0.03667764285 0.3596072515 0.4180752988 0.05846804726 1.407786044 0.02221325672 0.04287993984 nan nan
217 183435 482 482 0 0.5203650639 0.01516918036 0.5087273215 0.5528684528 0.04414113126 0.5074307805 0.5781617783 0.07073099782 0.9344743656 0.03346271185 0.0587560374 nan nan
218 182911 276 276 0 0.5161238546 0.01414376294 0.5057926158 0.5458112002 0.04001858442 0.5049014577 0.5732970131 0.06839555546 0.9988149489 0.02873103497 0.05621684791 nan nan
219 206335 1723 1723 0 0.4132720364 0.01020340827 0.404803009 0.4378778898 0.03307488078 0.4028769931 0.4514543509 0.04857735784 1.164550929 0.02281383076 0.0363902919 nan nan
220 184474 2442 2442 0 0.5341485444 0.01090032654 0.515960438 0.5507250209 0.03476458288 0.5113580044 0.5586829104 0.04732490605 -0.07660333496 0.02008124751 0.02803913699 nan nan
221 192450 399 399 0 0.7491034079 0.04404352207 0.6642552863 0.7989817954 0.1347265091 0.6370159693 0.8095222712 0.1725063018 -0.3446700628 0.07202184335 0.09472375856 nan nan
222 208331 401 401 0 0.4747084358 0.008611991745 0.4618605011 0.488964908 0.02710440689 0.458708553 0.5024580662 0.04374951319 0.3981221115 0.02171201857 0.02486396665 nan nan
223 183190 554 554 0 0.5012035277 0.01672876846 0.4883507034 0.542712913 0.05436220954 0.4869136285 0.558107872 0.07119424341 1.107516142 0.04437181452 0.05976677352 nan nan
224 203291 359 359 0 0.5067118767 0.01960945625 0.4914643123 0.5528411227 0.06137681045 0.4904614713 0.5641161142 0.07365464298 0.9030725283 0.04550025117 0.0567752427 nan nan
225 206855 441 441 0 0.4665227118 0.007884814437 0.4535544487 0.47696543 0.02341098123 0.4500306379 0.4989012956 0.04887065776 0.667777 0.01773085308 0.02828233293 nan nan
226 185286 239 239 0 0.4935500006 0.01186582737 0.4857292951 0.5190020262 0.03327273112 0.4849825385 0.5505459666 0.06556342809 1.590080015 0.02613166202 0.05767560248 nan nan
227 203774 742 742 0 0.4201852882 0.00788477197 0.4134840984 0.4382748197 0.02479072131 0.4122909129 0.4496219575 0.03733104456 1.040100753 0.01900507325 0.03035221106 nan nan
228 190234 387 387 0 0.3617658125 0.008386520051 0.3540010606 0.3783823029 0.02438124232 0.3533386986 0.3871492391 0.03381054046 0.6687568013 0.015348637 0.0241155732 nan nan
229 185383 315 315 0 0.3962905564 0.004151372553 0.3909894366 0.4040620472 0.01307261061 0.3898496869 0.4055773861 0.0157276992 0.2982224591 0.007092419746 0.008293196548 nan nan
230 189351 290 290 0 0.4996079365 0.008427135608 0.4937450781 0.519908235 0.0261631569 0.4929106872 0.5354255886 0.04251490143 1.519917633 0.02371495421 0.03923230786 nan nan
231 185895 197 197 0 0.4017465693 0.002392610032 0.397659131 0.4050731838 0.007414052801 0.3972314621 0.4055614752 0.008330013055 -0.1412823069 0.003949520746 0.004348405024 nan nan
232 205580 1044 1044 0 0.4017577926 0.003651350673 0.3972345191 0.4096451813 0.0124106622 0.3962267378 0.4140852483 0.01785851058 0.731018315 0.00886513573 0.0133052028 nan nan
233 222014 341 341 0 0.3972370432 0.03499853704 0.3669722181 0.4693905379 0.1024183198 0.3604262003 0.5259565251 0.1655303248 0.9906198663 0.06716880325 0.1237347905 nan nan
234 209856 1011 1011 0 0.3942447546 0.003414650746 0.3892547259 0.4010791659 0.01182444001 0.3880367199 0.4053604999 0.01732378006 0.5233424789 0.006756723661 0.01103805768 nan nan
235 200937 376 376 0 0.6805519846 0.03313248748 0.6322079367 0.7360825548 0.1038746181 0.623100885 0.7438227878 0.1207219028 0.09123114712 0.05643296878 0.06390337317 nan nan
236 199150 526 526 0 0.3842231881 0.003575887614 0.3807594166 0.3927142676 0.01195485099 0.3799223867 0.3966620608 0.01673967403 0.9851974683 0.009183903861 0.01313169703 nan nan
237 216119 1642 1642 0 0.4292343658 0.01262954185 0.4102999066 0.449971441 0.03967153434 0.403031218 0.4549883885 0.05195717052 0.05299401614 0.02168568438 0.02632004735 nan nan
238 199588 250 250 0 0.3868504452 0.003087202267 0.3842350669 0.3941823974 0.009947330453 0.3837806037 0.3971478142 0.01336721051 1.080884984 0.008303208375 0.01126862521 nan nan
239 197604 275 275 0 0.3637044324 0.003110388821 0.3611763803 0.3708729815 0.009696601256 0.3606158504 0.3765606419 0.01594479159 1.431966372 0.005873439566 0.01156109998 nan nan
240 210040 263 263 0 0.3883169422 0.002739235991 0.3860816975 0.3951903529 0.009108655363 0.3855506858 0.3976201923 0.01206950651 1.192917011 0.006061044534 0.008490883992 nan nan
241 199000 211 211 0 0.5537348041 0.006663053884 0.5418654743 0.5639163549 0.02205088057 0.5386933872 0.5675026498 0.02880926265 -0.1188494814 0.01251941608 0.01532160671 nan nan
242 200736 200 200 0 0.5711230898 0.008410004616 0.5596607666 0.5872752524 0.02761448577 0.5569536861 0.5922900678 0.03533638171 0.355911024 0.01604366795 0.02105848335 nan nan
243 201396 189 189 0 0.5428176612 0.006526385803 0.5344814051 0.5551638276 0.02068242251 0.5326711862 0.5584598409 0.02578865467 0.3491761011 0.01320797871 0.016503992 nan nan
244 209191 143 143 0 0.6332211009 0.01603407114 0.6040524749 0.6556349153 0.05158244034 0.5919128982 0.6599637485 0.06805085036 -0.300868552 0.02858563747 0.04063707382 nan nan
245 211697 262 262 0 0.5976761644 0.02052411083 0.56746547 0.6342314596 0.06676598968 0.5481199489 0.656758244 0.1086382951 0.2549265479 0.03959302471 0.05772204707 nan nan
246 215691 654 654 0 0.5247760168 0.01557426555 0.5058986078 0.5578255184 0.05192691056 0.4991852909 0.5770109409 0.07782564999 0.7535388423 0.03373525694 0.05292067941 nan nan
247 214361 173 173 0 0.5854298115 0.01585452201 0.5643985718 0.6148178435 0.05041927177 0.5614934951 0.6242854906 0.06279199549 0.349776871 0.02854515545 0.03801280251 nan nan
248 216912 387 387 0 0.5393299035 0.01953831479 0.5118200563 0.5734582665 0.06163821015 0.5090048798 0.5847402215 0.07573534166 0.2100266705 0.03485701999 0.04613897498 nan nan
249 217460 1422 1422 0 0.4772741996 0.01650527871 0.4549135426 0.5061384673 0.05122492474 0.4512462363 0.5218188356 0.07057259925 0.2795882943 0.0303651964 0.04604556464 nan nan
250 217348 174 174 0 0.4107790652 0.003660397759 0.4047048269 0.4163445938 0.01163976689 0.4030823656 0.4177929783 0.01471061268 -0.05475465954 0.006425166058 0.00756484162 nan nan
251 218011 161 161 0 0.4046167486 0.0059908332 0.3977169943 0.4163658738 0.01864887954 0.3966869172 0.4193797692 0.02269285205 0.4592791958 0.0107929211 0.01380681652 nan nan
252 219305 271 271 0 0.5315220321 0.01894550189 0.5007896309 0.5591331864 0.05834355543 0.4972173123 0.570603121 0.07338580869 -0.0617543885 0.03072214838 0.04014352497 nan nan
253 220313 300 300 0 0.4842569665 0.01479607236 0.4603207379 0.5064005914 0.04607985348 0.4568942752 0.5090406918 0.05214641665 -0.05377519633 0.0244576398 0.02620417986 nan nan

K=254, phase=backward, parameter=w [deg]
cluster representative_source n_cluster n_valid n_missing median std p05 p95 width90 minimum maximum range skewness error95 error_max angle_origin_deg angle_resultant
0 85979 327 327 0 0.9482891161 6.683935437 -0.9512121776 2.284215415 3.235427593 -45.95729817 2.498310622 48.45560879 -6.410531438 1.909165791 46.3736353 217.5269039 0.9935203798
1 63455 190 190 0 14.08531575 21.10375741 -32.04821487 14.59964137 46.64785624 -32.26601823 14.77200055 47.03801878 -0.7512544756 46.44977059 46.66757394 203.8810883 0.9333741735
2 32918 231 231 0 0.7768239423 3.205939384 -3.700071495 2.763090608 6.463162103 -25.30272071 2.866192402 28.16891312 -4.312880401 4.648160828 26.25081005 196.8064103 0.9984482343
3 30549 244 244 0 -0.7520220726 5.849697682 -9.489027573 6.956612671 16.44564024 -37.54664934 8.961141082 46.50779042 -1.441241346 9.382285569 37.1252798 210.7367101 0.9948295663
4 32924 241 241 0 0.305767107 4.893711873 -4.0840834 2.799856822 6.883940222 -24.68823956 20.84253646 45.53077601 -0.5625732643 4.774565112 24.95983353 196.6660231 0.9963887716
5 26014 346 346 0 6.111849096 12.4898937 -26.25032012 11.11010895 37.36042908 -28.82919568 12.23043201 41.05962769 -1.052774891 34.25788116 36.83675671 204.9017546 0.9764905567
6 24452 115 115 0 2.285809749 13.19349389 -22.4321253 16.6592109 39.0913362 -25.2405185 17.22479205 42.46531054 -0.3648620402 33.17944471 35.98783791 202.0332686 0.9736961435
7 3664 104 104 0 -0.646438199 5.312969751 -7.411589185 8.964494007 16.37608319 -8.270073054 11.17548813 19.44556118 0.2859915125 9.412187588 11.62318171 190.0743363 0.9957066918
8 11041 434 434 0 0.9029202937 5.724203688 -11.05223604 6.97216248 18.02439852 -16.18261974 10.38502141 26.56764115 -0.6404148538 13.26103632 18.39142002 199.3390114 0.9950203034
9 39621 129 129 0 -0.1204179296 1.849678403 -0.7329167438 1.666729899 2.399646643 -18.84038733 2.00304077 20.8434281 -8.181195546 1.535437656 19.02152627 192.7773617 0.9994826711
10 103603 107 107 0 -5.983761704 9.722291917 -8.825930715 13.21672445 22.04265516 -25.28790779 15.56142822 40.84933601 -0.1668287408 13.44593416 29.90791124 199.5485982 0.9856773697
11 5745 933 933 0 0.06471341499 0.7441790227 -1.282547672 1.191815158 2.47436283 -1.742108101 1.558093626 3.300201727 -0.163796707 1.396209384 1.68601175 182.187334 0.9999156538
12 6801 590 590 0 -0.01988282938 0.5432103341 -0.7987258121 0.9336348474 1.732360659 -0.9356515228 1.167098239 2.102749762 0.2020974726 1.048378562 1.281841954 183.736291 0.9999550578
13 8099 2431 2431 0 -0.05599319707 2.980611533 -4.39030781 6.79351148 11.18381929 -5.255784221 7.994112356 13.24989658 0.7297187669 7.576865227 8.777466103 189.7343411 0.9986479404
14 9816 732 732 0 -0.05269010456 0.6292722061 -0.8876925963 1.159622401 2.047314997 -1.067480962 1.812309819 2.879790781 0.4649771203 1.414013302 2.06670072 181.19294 0.9999396898
15 8933 1310 1310 0 -0.0657349224 1.131166974 -1.725007364 1.969994105 3.695001469 -2.213656431 2.758953752 4.972610183 0.2167045061 2.451322434 3.240282081 185.8914796 0.9998051293
16 23245 3717 3717 0 -0.05249872793 1.7445883 -2.849882857 2.877579616 5.727462473 -4.383081384 3.638686207 8.021767591 -0.01534725234 4.322443504 5.85564203 193.7959023 0.9995365157
17 14019 388 388 0 0.01378136031 0.5080994559 -0.833805055 0.818609683 1.652414738 -1.033120259 1.150733433 2.183853692 -0.01765834727 0.915827713 1.16389866 182.6877347 0.9999606798
18 16399 130 130 0 0.4740087703 1.862290382 -3.876557394 2.157162391 6.033719785 -5.319602058 2.604888226 7.924490283 -0.9237431713 4.26103478 5.704079444 205.0869312 0.9994719163
19 16774 864 864 0 -0.1289890108 1.451737771 -1.968022323 2.169199054 4.137221377 -2.222873816 6.791565828 9.014439644 0.8655114899 2.311104335 6.93347111 185.6492983 0.9996790874
20 15491 1117 1117 0 0.066511814 1.031245045 -1.792043958 1.618357162 3.41040112 -2.550028874 2.294239628 4.844268501 -0.1821321189 1.902614313 2.512391264 188.4113025 0.9998380349
21 35494 612 612 0 -3.381175071 9.915805503 -10.50736053 15.69635653 26.20371706 -10.69331241 17.85187348 28.54518589 0.5022905486 19.48247761 21.63799456 193.8944941 0.9850849297
22 27925 805 805 0 -1.31598235 6.318342583 -5.176007066 18.19882233 23.3748294 -5.956994291 19.97712506 25.93411935 2.339358546 20.00489662 21.78319935 198.4394593 0.9939636504
23 27009 105 105 0 0.1804624054 0.7641886014 -1.418601131 0.8662440005 2.284845131 -1.843185655 0.9304332655 2.773618921 -0.6469138692 2.133032382 2.557616907 198.2716405 0.9999110571
24 27674 102 102 0 0.2215683507 0.8241747456 -1.660133602 0.8999393792 2.560072981 -2.068231786 0.9683002033 3.036531989 -0.807408316 2.553708396 2.961806581 199.1713986 0.9998965468
25 28800 154 154 0 0.2106121602 0.7407595429 -1.591419335 0.784349243 2.375768578 -2.203365216 0.8676095145 3.070974731 -1.083307106 2.248031775 2.859977657 199.5043313 0.9999164285
26 24710 298 298 0 0.6265290454 1.796418908 -4.007997529 1.735338378 5.743335907 -5.938017028 3.609767555 9.547784583 -1.345172207 4.756829491 6.68684899 206.9114779 0.9995086596
27 24314 122 122 0 0.4565691363 0.9065693248 -2.018849914 0.7930688034 2.811918717 -2.502913036 0.8479588236 3.35087186 -1.286591865 2.374771857 2.858834979 200.3987226 0.9998748313
28 26984 755 755 0 0.4479958662 1.396706503 -2.713033504 1.73060659 4.443640094 -3.748724673 2.065188334 5.813913007 -0.7390646534 3.215238564 4.250929733 201.8433018 0.9997029152
29 28358 133 133 0 0.1265874665 0.6454262839 -1.186488659 0.7662244418 1.952713101 -1.472272925 1.08245465 2.554727575 -0.536144678 1.539361819 1.825146085 198.6407225 0.9999365535
30 20473 133 133 0 0.03002715562 0.5804120554 -0.9843273625 0.8589406836 1.843268046 -1.301171085 1.070984346 2.372155432 -0.2413290834 1.099659681 1.416503403 182.3312801 0.9999486915
31 27651 383 383 0 0.4491194828 1.388951752 -2.751540532 1.541024316 4.292564848 -3.383058225 1.717033203 5.100091428 -0.7905664383 3.140245585 3.771763278 202.7951844 0.9997062029
32 23098 571 571 0 0.0505103045 0.6904827582 -1.199384066 1.02378465 2.223168716 -1.595816681 1.35008875 2.945905431 -0.2284890807 1.236575934 1.520559441 185.3072178 0.9999273862
33 37896 1931 1931 0 0.5565838199 2.225075345 -4.611838234 2.765315604 7.377153838 -6.373252401 3.287688622 9.660941023 -0.8498814257 6.133036995 7.894451162 206.9112383 0.999246204
34 28773 303 303 0 0.5539873935 1.364177945 -3.038900982 1.350045322 4.388946304 -3.805399621 1.495069805 5.300469425 -1.14777519 3.233073116 3.999571755 203.6587939 0.9997165999
35 48712 2507 2507 0 0.05412944938 2.256777301 -4.100408089 3.027440778 7.127848867 -7.755565245 3.557223715 11.31278896 -0.6407149194 4.274114128 6.764170503 208.1728829 0.9992246067
36 39067 542 542 0 0.5977936264 1.466369718 -3.343420836 1.431065426 4.774486262 -4.461477725 1.58008297 6.041560695 -1.329724339 4.351784162 5.469841051 204.6375115 0.9996725678
37 29014 341 341 0 0.1278248622 0.7023538538 -1.499746289 0.8229050329 2.322651322 -2.676396486 0.9623189435 3.638715429 -1.487842167 1.795158205 2.971808401 201.4057367 0.9999248711
38 37196 396 396 0 0.7795567037 2.430163772 -5.046324514 2.614089701 7.660414215 -6.803294783 2.808879289 9.612174072 -0.9403206039 5.607894175 7.364864444 208.8168745 0.9991009005
39 31987 124 124 0 0.2525040526 0.7529868055 -1.454729003 0.7869270132 2.241656016 -1.948958757 0.870635831 2.819594588 -0.8601180263 1.878243208 2.372472962 199.9155296 0.9999136459
40 38523 998 998 0 -0.3181939798 2.334711375 -3.299311558 4.177210381 7.476521939 -4.043448181 5.234417719 9.277865901 0.3571791013 4.479032438 5.536239776 185.0561977 0.9991700243
41 39953 437 437 0 0.7126803539 2.843618886 -5.818197424 3.49319124 9.311388664 -7.69805277 3.843902557 11.54195533 -0.8078514126 6.961024203 8.840879548 210.4964635 0.9987691077
42 33753 165 165 0 0.6303961715 2.197468594 -4.654991665 2.434120701 7.089112366 -5.541255027 2.679965957 8.221220984 -0.8949373307 5.005146152 5.891409514 208.420577 0.9992647724
43 33520 139 139 0 0.4456441874 2.187999385 -4.051727259 2.813707311 6.865434571 -5.002395701 3.416566069 8.41896177 -0.5536975405 5.228334044 6.179002485 208.2960827 0.9992710468
44 22053 118 118 0 0.06050802761 0.5639141522 -0.989011803 0.7957394959 1.784751299 -1.491289034 0.9299377716 2.421226806 -0.3790534188 1.184285848 1.686563079 206.5725103 0.9999515669
45 28876 1819 1819 0 -0.1650794401 1.353815939 -1.666573262 2.177962254 3.844535516 -2.010919792 15.85094626 17.86186605 3.511049471 2.178813583 15.48341281 189.535885 0.9997213392
46 31921 185 185 0 0.5046347044 1.88289986 -3.778080054 2.22947606 6.007556114 -4.876681692 2.654398955 7.531080647 -0.7993118645 4.483018203 5.581619842 209.0298062 0.9994601489
47 63654 918 918 0 0.2096018628 3.468251944 -5.843988323 5.184895708 11.02888403 -7.436237664 6.04372466 13.47996232 -0.1735780751 6.434286495 8.026535835 188.7737719 0.9981690112
48 25979 271 271 0 0.02015728613 0.2853339189 -0.4949311209 0.4142701009 0.9092012218 -0.6629628671 0.5869592442 1.249922111 -0.2441726965 0.5183590763 0.6415991769 186.7742606 0.9999875998
49 34381 364 364 0 -0.3176674587 1.485378831 -1.999762161 2.776475962 4.776238123 -2.533874205 3.304430003 5.838304208 0.4820909228 3.242271347 3.770225388 185.2306034 0.9996639951
50 27543 164 164 0 -0.4150343248 1.074315092 -0.6629668683 2.618097773 3.281064641 -0.7341121464 3.404244105 4.138356251 1.98805916 3.202879412 3.989025743 187.8797859 0.9998242393
51 31181 387 387 0 -3.18285485 7.071016405 -5.170086284 14.62439072 19.79447701 -5.558695867 15.49433534 21.0530312 1.417619558 18.38252297 19.25246758 189.3606563 0.9924154212
52 54182 630 630 0 -1.202472548 4.73202152 -5.483711925 9.458488806 14.94220073 -6.135389167 12.13861012 18.27399929 0.7472448709 10.69644808 13.3765694 190.2152158 0.9965944306
53 44959 538 538 0 -0.2107037904 1.671768194 -2.301626438 2.894328613 5.195955052 -2.839392002 4.317470192 7.156862194 0.3870225259 3.159420414 4.582561992 187.8226307 0.9995743924
54 34110 107 107 0 -0.252216241 0.7437445579 -0.7644185358 1.43235606 2.196774596 -0.8019929922 1.885356339 2.687349331 0.7847218685 1.518805536 1.971805815 190.8695421 0.9999157523
55 36331 477 477 0 0.001721344452 0.7052176883 -1.190299143 1.126080598 2.316379741 -1.652082804 1.43881424 3.090897044 -0.09042865756 1.29670773 1.623307827 201.3176926 0.9999242541
56 34797 152 152 0 -0.2839843578 0.7404957052 -0.7646510751 1.426338664 2.190989739 -0.8346022187 1.857776625 2.692378844 0.8124850469 1.484578744 1.916016706 191.0681643 0.9999164868
57 37640 310 310 0 0.07338294715 0.935198371 -1.714170411 1.372347321 3.086517732 -3.169842759 1.784758787 4.954601546 -0.5694756007 1.782755997 3.090428175 212.3079597 0.999866801
58 35564 103 103 0 -0.01053479911 0.3981615111 -0.595654111 0.6668291242 1.262483235 -0.8150506498 0.8590672287 1.674117879 0.1766337039 0.7472450478 0.9257884718 213.028823 0.9999758543
59 40092 208 208 0 -3.449023413 6.731580855 -4.469041455 14.99698857 19.46603003 -4.761385412 19.52634025 24.28772566 1.520402653 18.66421255 23.19356423 195.4137301 0.993126905
60 46788 439 439 0 -0.5863026833 2.000132724 -2.310127543 4.262677831 6.572805374 -2.867564444 6.990632355 9.858196799 1.134658065 4.755303483 7.483258008 188.9499949 0.9993909207
61 40151 137 137 0 0.04198651636 0.5987767953 -0.9800362115 0.9223041582 1.90234037 -1.598989295 1.08619631 2.685185606 -0.4199280651 1.103555409 1.640975812 217.0152546 0.9999453937
62 36135 101 101 0 0.04762761599 1.086212074 -1.709722127 1.615489399 3.325211527 -1.901364091 1.960947795 3.862311886 -0.04599116377 1.782320965 2.079990921 196.8195019 0.9998203073
63 69158 1605 1605 0 -1.552844515 4.285875634 -4.624806477 9.111063049 13.73586953 -5.373289052 11.73032176 17.10361082 0.9998472751 8.725488511 11.34474723 192.769656 0.9972061531
64 37782 106 106 0 -0.2281936938 1.382003922 -0.9248700825 1.144170102 2.069040184 -0.9790526469 12.31235508 13.29140773 6.76520361 1.466916375 12.63510136 192.2450313 0.9997099388
65 40932 301 301 0 0.02193511889 0.4569290782 -0.7917532465 0.6764040784 1.468157325 -1.124177033 0.7654274187 1.889604452 -0.2769221125 0.7799554242 1.109649028 203.150643 0.9999682007
66 53385 1419 1419 0 -1.850440893 4.351335518 -4.305453721 9.301489021 13.60694274 -10.07677292 11.03330494 21.11007787 0.7831246563 11.69572174 13.42753767 205.4801239 0.9971198936
67 41179 329 329 0 -0.03856023382 0.714634478 -1.115870583 1.2301128 2.345983382 -1.514134234 1.631965586 3.146099821 0.152457237 1.320785899 1.577068102 200.8450484 0.9999222179
68 40775 123 123 0 -0.2247414651 0.8060408158 -0.889140128 1.470132176 2.359272304 -0.9571245022 1.722549103 2.679673605 0.5993413283 1.671887143 1.92430407 193.1380503 0.9999010481
69 40044 281 281 0 0.01670297278 0.729418683 -1.212781598 1.153696545 2.366478143 -1.652222884 1.596327875 3.248550759 -0.07394041464 1.350309052 1.701634319 198.511372 0.9999189663
70 41322 100 100 0 0.03595456875 0.3415008876 -0.5842159116 0.5038108455 1.088026757 -0.768574434 0.5709934932 1.339567927 -0.2859371204 0.6580380956 0.842396618 213.9869832 0.9999822374
71 42769 220 220 0 -0.04034645625 0.3367578107 -0.4633333204 0.5942748667 1.057608187 -0.6402631132 0.765622477 1.40588559 0.334086112 0.6215843013 0.7844927612 204.3548529 0.9999827274
72 49239 3945 3945 0 -0.07325019649 2.069061764 -3.168255583 3.459262242 6.627517824 -3.936104408 15.6964826 19.63258701 0.695704346 3.677871161 15.48507256 196.6261138 0.9993483652
73 58691 1518 1518 0 -0.1219455938 0.9617563459 -1.318259677 1.470490457 2.788750134 -1.813189461 5.76233309 7.575522552 1.136481273 1.698836881 5.423369735 212.7096179 0.9998591394
74 45100 357 357 0 0.04433571125 0.8485082018 -1.47875968 1.326766861 2.805526541 -2.160569723 1.763608103 3.924177826 -0.2146604515 1.605855334 2.223388376 200.0868388 0.9998903477
75 46232 397 397 0 0.0337929267 0.6834275968 -1.160417421 1.049065973 2.209483394 -1.582239092 1.25475902 2.836998112 -0.1845621866 1.207965957 1.589056039 202.4941091 0.9999288625
76 48040 389 389 0 0.03843086834 0.5998042992 -1.08482861 0.8962703227 1.981098933 -1.40224443 1.127045236 2.529289667 -0.2662543456 1.087815287 1.362992743 204.9746995 0.9999452058
77 108104 169 169 0 1.605661634 4.584364394 -11.68932558 3.00290632 14.6922319 -11.85405258 3.356222154 15.21027473 -2.067575283 13.31427971 13.47900671 202.0810733 0.9968083586
78 51135 146 146 0 0.009079226064 0.238207454 -0.3832982779 0.3793033451 0.7626016231 -0.5116203445 0.4171371694 0.9287575139 -0.09625626654 0.4930550714 0.6213771379 218.3889719 0.9999913576
79 81689 131 131 0 -0.5342155828 2.672523235 -2.90962876 4.601897019 7.51152578 -11.57771625 5.425145151 17.0028614 -0.1262569448 4.536284178 13.20437167 195.3349975 0.9989130029
80 85728 204 204 0 -0.1202166873 3.285798143 -4.941130485 5.332954745 10.27408523 -5.92321427 6.227249276 12.15046355 0.08014674368 5.659804559 6.490096463 195.6431125 0.9983564528
81 68020 149 149 0 -0.5781437131 2.844588131 -3.489712445 5.24380408 8.733516526 -3.700671694 6.184549873 9.885221567 0.5126847527 6.133123185 7.073868978 194.7018697 0.9987680915
82 68805 401 401 0 -1.887008972 5.365064743 -5.006458409 11.27584143 16.28229984 -5.373392873 15.85266616 21.22605904 1.072966811 10.44512092 15.02194565 15.9898634 0.9956258845
83 61429 2192 2192 0 -0.1256268434 1.833379942 -2.859571775 3.233031143 6.092602918 -3.998530878 7.520560177 11.51909105 0.2133703462 4.243790376 8.531319409 206.5792166 0.9994881529
84 78512 110 110 0 -0.8900803196 3.801245441 -4.928965935 6.866654284 11.79562022 -5.238596858 8.542421463 13.78101832 0.4981559126 6.946609521 8.6223767 193.6846507 0.9978009319
85 61854 355 355 0 -0.8334021227 2.393439145 -2.102754429 5.60251071 7.705265139 -2.351452897 7.372954054 9.72440695 1.614747892 6.663018479 8.433461823 195.6825975 0.9991280419
86 84525 148 148 0 -0.5935974018 4.041460264 -5.473958297 6.991797497 12.46575579 -5.869960009 7.904102051 13.77406206 0.3337845784 6.672723357 7.585027911 194.5672588 0.9975142339
87 64146 2146 2146 0 -0.1182191169 2.808831912 -4.466161214 4.511365762 8.977526976 -6.192713001 5.182214231 11.37492723 0.02025411537 4.887144142 6.613695929 29.78287463 0.9987988286
88 59431 483 483 0 0.05147617365 0.773119437 -1.347477534 1.214044472 2.561522006 -1.814542722 1.762539383 3.577082106 -0.1364754901 1.442209878 1.866018896 200.8293614 0.9999089663
89 91021 9400 9400 0 -0.6958837009 3.171836953 -4.162029103 6.192707746 10.35473685 -4.743924141 9.101244905 13.84516905 0.6985325946 6.258689026 9.167226185 18.02433993 0.9984687387
90 71671 107 107 0 -0.05510828266 0.5379531215 -0.7053747203 1.192106324 1.897481044 -0.7631397041 1.377073527 2.140213231 0.8984028707 1.678154213 1.863121415 217.4488046 0.9999559239
91 66122 721 721 0 0.01756039945 0.7137134685 -1.18173157 1.128723683 2.310455252 -1.464613733 1.682733628 3.147347361 -0.04380898412 1.367959967 1.921969913 199.4482514 0.9999224181
92 67639 110 110 0 -0.4175446779 1.908292904 -2.426716896 3.442600723 5.869317619 -2.625891516 4.14888635 6.774777866 0.499860771 4.546184882 5.252470509 195.7243064 0.999445461
93 87754 412 412 0 -0.5769932378 3.567677243 -4.670672305 6.418823528 11.08949583 -5.570798539 7.654712389 13.22551093 0.4187858963 6.027292465 7.263181325 195.0550379 0.9980626382
94 83313 385 385 0 -0.4227854272 3.029804254 -4.197334797 5.565350854 9.762685651 -5.057037844 6.839567308 11.89660515 0.4225231135 5.572140825 6.846357279 195.2733194 0.9986025621
95 82350 308 308 0 0.1676025239 1.133468514 -2.073208026 1.470888507 3.544096533 -2.612569602 1.667664663 4.280234265 -0.4714032877 1.900499667 2.206240071 217.8498904 0.9998043351
96 153042 1790 1790 0 -0.1574039996 3.726032386 -5.790164113 8.805206565 14.59537068 -13.58903547 11.67644248 25.26547795 0.7546800931 8.499891582 14.65505275 25.38669349 0.9978893587
97 90938 1604 1604 0 0.8308935879 3.102493309 -5.152793659 3.929549385 9.082343044 -5.554435846 4.644543466 10.19897931 -0.3700224913 4.724593747 5.345127191 203.0620034 0.9985345683
98 76101 479 479 0 -0.05927585271 1.609700584 -2.508683617 2.748215435 5.256899052 -2.890104337 3.647478421 6.537582758 0.1589715277 3.077906218 3.977169204 198.1694034 0.9996054015
99 63400 771 771 0 0.1800770781 1.952036114 -3.408950719 2.928442772 6.337393491 -4.383645737 3.938799059 8.322444796 -0.2327311272 3.589236566 4.467266542 27.86809977 0.9994197575
100 152129 1017 1017 0 -0.1996951856 2.831207533 -3.157142409 5.740088821 8.89723123 -6.323625925 12.76839229 19.09201822 1.872253656 6.296284265 12.40093793 23.69529598 0.9987812922
101 69844 868 868 0 -0.1025020881 1.219316336 -1.872850807 2.108573126 3.981423933 -2.479948865 2.827461297 5.307410162 0.1954124757 2.633108188 3.351996359 203.61496 0.9997735761
102 75322 202 202 0 -0.03482895292 1.206520918 -1.895980582 1.960555781 3.856536362 -2.376006599 2.618853008 4.994859607 0.1008610498 2.202709493 2.861006721 196.6054212 0.9997783026
103 75412 1339 1339 0 -0.2285798604 1.760508458 -2.53899787 3.207620864 5.746618734 -3.277046098 4.858378573 8.135424671 0.4292249573 3.301011707 4.951769416 22.1553203 0.999528027
104 86918 382 382 0 -0.02999994177 1.959481114 -3.039042882 3.115048896 6.154091777 -3.673917615 3.876570881 7.550488496 0.02141976259 3.348611741 3.842095808 199.1838318 0.999415309
105 67043 412 412 0 -0.1656150682 1.281940097 -1.865004957 2.31614058 4.181145537 -2.40941373 3.276049062 5.685462793 0.3862651973 2.368531361 3.328439844 28.18466132 0.9997497252
106 100941 186 186 0 0.2497307088 3.754289002 -6.411169176 5.32506047 11.73622965 -8.394233101 5.928759712 14.32299281 -0.2637736519 6.534696386 8.517760311 197.8378453 0.9978548116
107 71540 457 457 0 0.03461166103 1.333130178 -2.142420263 2.083678324 4.226098586 -2.764333089 2.763394476 5.527727565 -0.04699161992 2.32720173 2.773379787 24.18359191 0.9997293358
108 76072 622 622 0 -0.09377145003 1.07390934 -1.471240263 1.953626425 3.424866687 -1.734454515 2.907907379 4.642361894 0.471733855 2.310804386 3.265085341 202.0937487 0.9998243575
109 70785 176 176 0 -0.02269619759 1.225506369 -1.970620476 1.958743895 3.929364371 -2.440550205 2.433070764 4.873620969 0.01705459949 2.219264749 2.632089522 25.0883303 0.9997712707
110 79109 383 383 0 0.109558535 1.186807438 -2.009776883 1.745692046 3.755468929 -2.556248362 1.994469825 4.550718187 -0.235028187 2.119335418 2.665806897 32.0963421 0.9997854866
111 73169 123 123 0 0.1086510308 1.251576184 -2.104407134 1.832325427 3.936732561 -2.430403291 2.126941854 4.557345145 -0.19356296 2.229930732 2.555926889 30.27426625 0.9997614352
112 76226 286 286 0 -0.3735305964 2.244566837 -2.933776113 4.195299899 7.129076012 -3.359528969 6.157872037 9.517401006 0.5864390291 4.412173582 6.37474572 24.45290227 0.9992329027
113 79916 383 383 0 0.0667149291 0.9734379022 -1.669451163 1.394803216 3.064254379 -2.294726563 1.722397774 4.017124337 -0.2619331379 1.704994759 2.33027016 32.75795321 0.9998556823
114 121523 668 668 0 -0.9292784013 2.801145189 -2.078064752 6.955724167 9.033788919 -2.178745652 11.12838273 13.30712838 2.18535845 8.974255069 13.14691363 23.21891351 0.9988066413
115 108544 1899 1899 0 -0.2625753833 1.242971195 -1.480045787 2.522702114 4.002747901 -1.673348933 5.274208096 6.947557029 1.18440818 3.124619023 5.876125005 20.56570999 0.9997647271
116 72762 204 204 0 -0.3375198036 2.682755539 -3.638749071 4.67278226 8.311531331 -4.185425301 5.48434173 9.669767031 0.3368476669 4.612884991 5.424444461 29.00863458 0.9989041988
117 95492 666 666 0 -0.5723186854 1.697717777 -1.709376269 3.200516233 4.909892502 -1.808992655 5.808927913 7.617920568 0.9588071187 4.227421555 6.835833235 23.87697872 0.9995611061
118 92283 302 302 0 -0.2719636967 1.016225185 -1.109220247 1.86874765 2.977967897 -1.216293638 3.713519214 4.929812852 0.9612021332 2.204670531 4.049442095 23.12360704 0.9998427226
119 77102 274 274 0 -0.07231042972 2.102123805 -3.196892214 3.335223223 6.532115437 -3.728208286 3.874576198 7.602784484 0.05945990328 3.468849868 3.938640323 30.77431185 0.9993270972
120 115055 273 273 0 -0.3455348534 1.207077798 -0.7483348416 2.111021065 2.859355907 -0.801872894 7.715945439 8.517818333 3.779707271 2.794746038 8.399670411 23.27428048 0.9997782416
121 88256 136 136 0 -1.255618696 3.333066682 -2.663373074 6.896683885 9.560056959 -14.67727809 8.842679231 23.51995732 0.3085708241 8.55772384 13.14722175 25.4094353 0.9983104101
122 150089 678 678 0 0.333117133 2.43338265 -3.841506774 1.91676585 5.758272624 -13.62051884 10.63996726 24.26048609 -1.398459105 5.668244282 14.92406689 24.72131049 0.9990996173
123 113959 185 185 0 -0.5856734168 1.728736415 -1.124685894 3.96139391 5.086079804 -1.157957635 7.702043221 8.860000856 2.537713462 5.038516013 8.779165325 24.54373814 0.9995451299
124 100315 1075 1075 0 -0.0004475039953 2.009003634 -4.485968668 3.505022724 7.990991392 -5.158488535 5.126705244 10.28519378 -0.4814187328 4.557505423 5.475694566 28.61192711 0.9993855173
125 75880 211 211 0 -1.314627854 3.309345493 -3.117682697 6.890475224 10.00815792 -3.159079943 8.107071026 11.26615097 1.061648941 5.543411122 6.760006924 26.66383609 0.9983332467
126 79612 218 218 0 -0.05000280124 0.7055614927 -1.192067653 1.204766811 2.396834464 -1.48296939 1.639137187 3.122106578 0.08245898372 1.305876328 1.57017934 206.7608583 0.9999241804
127 86488 441 441 0 0.1879975172 1.125280305 -1.938824712 1.522232178 3.461056889 -2.351096941 1.769306127 4.120403068 -0.3569545693 1.861893816 2.138010616 202.7358717 0.9998071504
128 85536 129 129 0 0.4943112332 1.875420514 -4.363969267 2.098387245 6.462356512 -5.863131195 2.475408727 8.338539922 -1.349268795 5.232286989 6.731448917 31.16786572 0.9994645001
129 115925 3464 3464 0 -0.2048313982 1.16891458 -1.537498903 1.985026498 3.522525401 -1.870152719 5.226597839 7.096750558 0.8871822791 2.627834031 5.869405371 25.54275569 0.99979192
130 146384 353 353 0 -0.9492901928 2.931164079 -1.206259617 10.85865699 12.0649166 -1.256963326 14.17447711 15.43144044 3.659089399 11.93909434 15.25491447 12.01924648 0.9986957545
131 110035 698 698 0 -0.1060810955 0.537862847 -0.6698629067 0.8276054497 1.497468356 -0.7870052956 2.762607777 3.549613072 1.044730568 1.125563011 3.060565338 25.71118605 0.9999559392
132 109703 2060 2060 0 -0.1146440068 0.9165272112 -1.283728004 1.467265149 2.750993153 -1.555942299 3.751499966 5.307442265 0.5420673126 1.815235618 4.099470435 27.47054986 0.9998720653
133 121843 127 127 0 -0.2347066236 0.8755105659 -1.003865851 1.552933029 2.55679888 -1.03697163 1.96550628 3.00247791 0.5382313504 1.996877965 2.409451216 24.59216483 0.999883257
134 98885 675 675 0 -0.4450761331 2.074852595 -2.731095854 3.757837713 6.488933567 -4.297629864 4.921065228 9.218695092 0.4149672567 3.643234807 4.81841356 209.824136 0.9993444648
135 86669 176 176 0 -0.07428104479 0.5193897829 -0.7409995773 0.9514702808 1.692469858 -0.8913725086 1.195680164 2.087052672 0.4038628476 1.09125425 1.335464133 26.30481555 0.999958913
136 104558 1449 1449 0 -0.3470104946 1.316366713 -1.467624387 2.480912935 3.948537321 -1.701110542 5.654118719 7.35522926 1.308344233 3.186128285 6.359334069 28.60849269 0.9997361326
137 84045 175 175 0 -0.129517126 0.5923115429 -0.8279635336 1.102912184 1.930875718 -0.9661980159 1.524086879 2.490284895 0.535554334 1.11388962 1.535064315 204.9866631 0.9999465663
138 158319 109 109 0 0.06797359087 1.835410821 -3.226346798 2.264846007 5.491192805 -5.740359565 2.348210896 8.088570461 -0.7464972496 5.469460317 7.983473083 24.71635209 0.9994870507
139 99765 601 601 0 -0.1392633019 2.507257995 -3.679478232 4.080021332 7.759499564 -4.663928713 4.930817283 9.594745996 0.1070711641 4.351747073 5.197405548 198.6041989 0.9990428195
140 127892 138 138 0 1.076303302 4.192100268 -12.03017223 3.27595579 15.30612802 -12.8444753 3.388084941 16.23256024 -2.291885451 12.73023128 13.54453436 23.65551165 0.9973316118
141 103714 108 108 0 -0.170386745 0.4906574384 -0.474501694 0.9861827462 1.46068444 -0.5108553767 1.639921322 2.150776699 1.316533458 1.112651896 1.766390472 21.42077664 0.9999633334
142 85114 375 375 0 -0.2541766011 1.230723845 -1.584060956 2.28455816 3.868619116 -1.819847181 2.67998747 4.499834651 0.5051286226 2.283368525 2.678797835 30.74555927 0.9997693195
143 100713 827 827 0 -0.08416327966 0.5301067457 -0.7552952986 0.9959651883 1.751260487 -0.9175127507 1.380034758 2.297547508 0.5072708961 1.213505577 1.597575146 29.16585669 0.9999572
144 99951 1587 1587 0 0.03313066646 0.5655530382 -0.9633467359 0.8761757964 1.839522532 -1.236174918 1.226554825 2.462729743 -0.1388879618 1.025890697 1.347723489 30.42522999 0.9999512849
145 91193 293 293 0 -0.08852011849 0.8235276168 -1.173716245 1.390737936 2.564454181 -1.337930063 1.575116455 2.913046518 0.2260742386 1.379551304 1.563929823 32.02632752 0.9998967079
146 104530 423 423 0 -0.008369773099 0.2483491521 -0.3980640561 0.4246278407 0.8226918969 -0.4956314255 0.5415991455 1.037230571 0.1126288105 0.528952616 0.6459239208 25.83793238 0.999990606
147 104337 681 681 0 -0.460181015 3.854369819 -5.351687132 6.578638072 11.9303252 -6.617493266 7.807075769 14.42456903 0.2622830705 6.42094095 7.493976142 207.9274308 0.9977388867
148 119505 1655 1655 0 -0.04175837177 0.5645231284 -0.8350460223 1.087223172 1.922269194 -1.066086624 1.916780623 2.982867247 0.612324735 1.352840941 2.182398392 18.57084791 0.9999514626
149 94007 243 243 0 -0.02552555458 0.3999450747 -0.6334347224 0.6745203105 1.307955033 -0.8224269983 0.8400032525 1.662430251 0.09649196153 0.7268085173 0.8655288071 31.74563379 0.9999756375
150 102766 123 123 0 0.3932995501 2.698412859 -5.592660527 3.544764844 9.137425371 -7.984814878 3.968335085 11.95314996 -0.8555917134 6.458090239 8.850244591 212.7573788 0.9988916432
151 117489 985 985 0 1.321887846 4.903027101 -17.2628539 2.112885361 19.37573926 -21.68114238 2.199352461 23.88049484 -3.529647676 18.81434769 23.23263617 34.4864078 0.9963697291
152 110182 497 497 0 0.05130691383 0.5412939541 -0.8956274092 0.7657990494 1.661426459 -1.310213973 0.9018702519 2.212084224 -0.2727601796 1.012604182 1.427190745 35.80444168 0.9999553743
153 108772 416 416 0 -0.2973868091 3.143509538 -4.533352735 5.374393249 9.907745984 -5.156724433 6.416291903 11.57301634 0.2352722671 5.380009268 5.977851725 210.2522956 0.9984956652
154 109484 389 389 0 -0.1891405324 3.102047235 -4.58326756 5.084766405 9.668033965 -5.199182757 6.02921584 11.2283986 0.1423998209 5.5806031 6.196518297 210.8743855 0.9985350414
155 117859 360 360 0 -0.07436417947 0.2843870598 -0.3355815586 0.6069313321 0.9425128908 -0.3941961221 0.9970632627 1.391259385 1.150731449 0.6877114074 1.077843338 22.04960322 0.999987682
156 111226 197 197 0 -0.09721265519 2.934885574 -4.265821968 4.780953652 9.04677562 -6.578291436 6.149725477 12.72801691 0.07589575636 5.146694944 7.351779959 210.7336805 0.9986886955
157 121805 299 299 0 -0.06749390654 0.2398947165 -0.3003321224 0.4559456847 0.7562778071 -0.3569159311 0.6813827785 1.03829871 0.6872847229 0.6291961647 0.8546332585 21.02579667 0.9999912347
158 128643 125 125 0 0.9890562354 3.685561609 -0.7937373436 1.344522063 2.138259407 -18.63422283 1.357055744 19.99127858 -4.539919408 2.003602081 19.84408757 35.07894782 0.9979466884
159 111617 131 131 0 0.08796524836 1.011658397 -2.054220647 1.311143851 3.365364497 -3.437103418 1.561383306 4.998486724 -1.121236834 2.126761768 3.50964454 204.4495768 0.999844138
160 106153 267 267 0 1.64810021 5.633506099 -17.86944809 2.47260571 20.3420538 -18.11737709 2.746432197 20.86380929 -2.852501353 19.54823385 19.79616285 32.58721574 0.9952017661
161 125556 284 284 0 -0.0599624771 0.2970974841 -0.3672190566 0.5478205553 0.915039612 -0.4309217141 0.7948597773 1.225781491 0.6199045655 0.4903313799 0.7226429251 22.75425206 0.9999865563
162 172893 299 299 0 0.7679804663 3.421278209 -6.022312114 9.325716379 15.34802849 -7.264804321 11.31017194 18.57497627 0.8557035188 8.457781453 10.05877894 25.07472809 0.9982203334
163 132276 103 103 0 -0.0764026544 0.9687637948 -1.308092454 1.53597863 2.844071084 -1.364010836 1.646722654 3.01073349 0.1988374613 1.62469509 1.735439114 24.06301725 0.9998570635
164 137830 2248 2248 0 0.02764800938 0.6481888851 -1.099390786 1.008619341 2.108010127 -1.509048458 1.464745937 2.973794395 -0.1281322237 1.210947343 1.640312479 19.93702752 0.9999360092
165 122741 984 984 0 -0.08662619357 0.7187174574 -1.002795204 1.27799175 2.280786954 -1.187980664 1.612012851 2.799993516 0.3495289562 1.276323472 1.610344573 27.48984781 0.9999213264
166 119959 1198 1198 0 0.02327616599 0.5318615991 -0.8964736161 0.8463150717 1.742788688 -1.35321231 1.151094859 2.504307169 -0.1363770421 0.9927581928 1.418149825 31.98261058 0.9999569161
167 125663 713 713 0 0.08386792896 0.6521640907 -1.198902634 0.8872271362 2.08612977 -1.809839767 1.001963777 2.811803544 -0.498413273 1.295462806 1.90639994 30.90596632 0.9999352221
168 134426 1663 1663 0 0.3727128475 1.128748407 -2.068709543 1.151431456 3.220140999 -4.533289339 5.365839546 9.899128885 -1.12894492 2.548513448 4.965837211 30.48197811 0.9998059824
169 121148 179 179 0 0.03950476993 0.2963297118 -0.5226952232 0.4055818705 0.9282770937 -0.7701253228 0.5152380641 1.285363387 -0.4220830779 0.5447814062 0.7922115057 35.61280092 0.9999866256
170 124230 529 529 0 0.06565066045 0.5781475773 -0.9868759887 0.8016216464 1.788497635 -1.299390815 0.9604326029 2.259823418 -0.3009656631 1.082358351 1.394873178 31.34491612 0.999949091
171 210617 139 139 0 -3.498656918 6.247258676 -5.950912156 9.469333368 15.42024552 -6.661393289 9.471104992 16.13249828 0.6490738883 14.09373175 14.09550337 17.5937276 0.9940647274
172 140633 1962 1962 0 0.03662542648 0.5405847508 -0.9178083438 0.8046229082 1.722431252 -1.426749082 0.9607384699 2.387487552 -0.2462852967 1.096700205 1.605640943 30.04866393 0.9999554912
173 135398 171 171 0 0.00699385764 0.09798146207 -0.1466115826 0.1872377737 0.3338493562 -0.2128423003 0.269945511 0.4827878112 0.3821701267 0.2134778875 0.2797086052 36.66922233 0.9999985378
174 133633 216 216 0 0.008713263378 0.07711284667 -0.1334488499 0.1141202612 0.2475691111 -0.1938371599 0.1423299521 0.336167112 -0.4005369432 0.17978449 0.2401728 36.78836465 0.9999990943
175 147450 4176 4176 0 0.004817648606 0.7677241664 -1.31604386 1.199824342 2.515868201 -2.852136328 1.550367441 4.402503769 -0.3520536842 1.773283633 3.3093761 28.14617798 0.9999102332
176 143223 812 812 0 0.049834922 0.8982074575 -1.515578679 1.298104082 2.813682761 -1.841002234 1.471843996 3.312846231 -0.1880936371 1.663631287 1.989054842 23.82651192 0.9998771257
177 139781 1275 1275 0 -0.01502437582 0.3886612847 -0.5986542526 0.656689409 1.255343662 -0.7996467103 0.8503639308 1.650010641 0.1253382222 0.8394897723 1.033164294 32.97151987 0.9999769928
178 143549 270 270 0 0.1310766851 0.7591083874 -1.326703448 0.9844756095 2.311179058 -1.657936088 1.123647289 2.781583377 -0.3958761811 1.438410895 1.769643534 26.1368127 0.9999122353
179 139239 105 105 0 0.01450706663 0.06441589164 -0.1417369863 0.08068604634 0.2224230327 -0.1738563452 0.09089984693 0.2647561921 -1.003542558 0.1920210923 0.2241404512 36.16683856 0.999999368
180 153520 6607 6607 0 0.08042217765 1.303807346 -2.205290693 1.98104178 4.186332473 -2.973437538 2.346138939 5.319576477 -0.1784898865 2.929992513 3.698139358 16.50718236 0.9997411112
181 141443 363 363 0 -0.0006430266256 0.6091398006 -0.9636852557 0.9537537609 1.917439017 -1.269172148 1.165665202 2.434837349 -0.01854344389 1.04153987 1.298362717 24.28950104 0.9999434867
182 142639 163 163 0 0.04422456304 0.5744915917 -0.9535371049 0.8053030016 1.758840106 -1.07471084 0.8878043766 1.962515217 -0.2011676826 0.9886330235 1.109806759 24.71942851 0.9999497327
183 145776 100 100 0 0.5772664819 3.222088899 0.2896063923 0.6784109366 0.3888045444 -18.60981387 0.9018757023 19.51168957 -5.583535747 0.3387027628 19.23812302 35.45543383 0.9984317663
184 221332 544 544 0 -1.310786174 4.856355864 -4.019187085 15.08899492 19.108182 -4.330884219 15.42059419 19.7514784 2.262542184 17.05506695 17.38666622 20.93353676 0.9964238757
185 149881 722 722 0 -0.01436308303 0.1896252208 -0.2888997277 0.2993030319 0.5882027596 -0.5080270082 0.3638590948 0.871886103 -0.01330698694 0.3689325276 0.5880598081 32.10478282 0.9999945233
186 146178 522 522 0 -0.009283992903 0.5751194691 -0.884487981 0.9125700812 1.797058062 -1.100998925 1.221066501 2.322065425 0.04650698877 1.009924115 1.173795393 22.51622192 0.9999496228
187 153858 2096 2096 0 0.003181051785 0.715824955 -1.198038906 1.197740785 2.395779691 -1.682665952 1.72309507 3.405761022 0.005179697916 1.371521631 1.814156443 21.38383118 0.9999219587
188 166236 816 816 0 3.280544437 5.685117419 -12.81014132 4.212869021 17.02301034 -16.16670731 4.283387592 20.4500949 -1.336693577 15.84324993 19.19981592 31.49085736 0.9950913623
189 208136 1427 1427 0 -1.057665686 2.788305726 -3.120427635 5.595587171 8.716014806 -3.577698249 14.78903156 18.36672981 0.9364880909 7.1144298 16.30787419 21.56182701 0.9988165258
190 206453 184 184 0 1.264809559 2.698653306 -5.49485092 2.112782658 7.607633579 -10.98598543 2.186456225 13.17244166 -1.649355409 6.590076311 6.663749878 24.94903579 0.99889188
191 154612 1301 1301 0 0.01734622217 0.4566465133 -0.7485660924 0.6815191215 1.430085214 -1.102043302 0.803791362 1.905834664 -0.1250546333 1.04563224 1.399109449 33.07590073 0.99996824
192 177361 1887 1887 0 0.7670522678 2.768589603 -5.392785756 3.105815363 8.498601119 -6.614468959 3.288894328 9.903363287 -0.6858306853 7.07610506 8.297788263 28.57960132 0.9988330568
193 167099 764 764 0 2.584753927 6.435451176 -12.73203257 6.078621282 18.81065385 -15.38114093 6.143222772 21.52436371 -0.794418666 18.27899976 20.92810813 29.45101344 0.9937074858
194 157115 221 221 0 0.02166351899 0.430813332 -0.7038693364 0.5888841706 1.292753507 -0.9094437961 0.9635493903 1.872993186 -0.1257353153 0.7611675883 0.9471199544 24.07128299 0.9999717318
195 164681 210 210 0 0.1513621218 0.9215173892 -0.2942079728 0.3160314205 0.6102393933 -7.749067848 0.3176960293 8.066763877 -7.748640714 0.6082254933 8.063085368 25.9621578 0.9998708356
196 163388 285 285 0 3.024701992 6.440534972 -14.03636261 3.788423444 17.82478606 -14.92549661 3.917578673 18.84307529 -1.543635518 17.1595315 18.0486655 32.80138654 0.9937049985
197 177609 4803 4803 0 0.1431924574 1.843330335 -3.497633718 2.460090729 5.957724446 -4.981211226 2.926739918 7.907951143 -0.5232437247 4.501463904 5.985041412 27.56694613 0.9994825852
198 178512 712 712 0 1.72527149 5.042309057 -10.36081594 5.198643381 15.55945932 -12.59827194 5.399798976 17.99807091 -0.8748194328 13.75935496 15.99681096 31.07000756 0.996134046
199 173370 5319 5319 0 0.3265374685 1.640690744 -3.200851572 2.205428738 5.40628031 -4.457854562 2.730417974 7.188272536 -0.6515841514 4.443826866 5.700829856 18.7958086 0.9995900789
200 160342 344 344 0 0.044342473 0.2472414101 -0.4772327899 0.3330461579 0.8102789478 -0.7585649593 0.3374525963 1.096017556 -0.762113396 0.5615930942 0.8429252636 25.79829838 0.9999906897
201 176058 141 141 0 1.869014748 4.773400465 -10.23088841 4.830044327 15.06093274 -12.00643141 5.842120073 17.84855148 -0.9749152974 13.91546526 15.69100826 30.93819736 0.9965351874
202 176186 336 336 0 0.8317319286 1.89674735 -4.338458936 1.576922624 5.91538156 -5.93026134 1.725792309 7.656053649 -1.395264508 5.815656026 7.40745843 23.31185842 0.9994522417
203 165534 461 461 0 -0.0006221868813 0.181794813 -0.3016212605 0.2959219207 0.5975431812 -0.5303861556 0.3715766247 0.9019627803 -0.1725323048 0.4495865694 0.6783514645 25.47463291 0.9999949663
204 180326 1925 1925 0 0.4997573418 2.188660639 -4.153596504 2.698248609 6.851845114 -5.014239368 3.028554642 8.04279401 -0.5779083369 5.172001946 6.03264481 28.32672479 0.9992705994
205 158732 187 187 0 5.167631156 8.099566142 -14.24534061 5.748268993 19.9936096 -15.82314963 5.814263284 21.63741291 -0.9001108098 19.91027638 21.4880854 29.58180776 0.990039875
206 174781 4283 4283 0 0.6239665991 2.197406461 -4.42064517 2.669348952 7.089994122 -5.579327551 3.282333363 8.861660914 -0.8020871239 5.476958518 6.6356409 21.30996162 0.9992647959
207 207023 838 838 0 -1.369904505 3.394227963 -4.025946383 5.073004948 9.098951332 -4.425603672 5.148156097 9.573759768 0.4042073228 6.775880644 6.851031793 22.12862698 0.9982460697
208 170168 594 594 0 3.96778693 4.963252783 -6.197954652 4.960889569 11.15884422 -6.63851741 5.103088212 11.74160562 -0.1907826485 10.66704526 11.10760802 27.23065188 0.9962505708
209 185410 274 274 0 0.8540759634 4.850643824 -9.144649377 5.908277575 15.05292695 -11.08179933 6.158768759 17.24056809 -0.5456722449 12.99818242 14.93533237 29.51871291 0.9964209832
210 174403 229 229 0 1.330263805 6.710312615 -10.54646253 8.049279852 18.59574238 -12.58919024 8.126899005 20.71608924 -0.2633746163 17.88523711 19.92796481 27.03971776 0.9931539517
211 182469 1318 1318 0 0.5451948434 3.053752187 -5.447656267 3.867103085 9.314759352 -6.509731615 4.233188742 10.74292036 -0.4145902169 7.777861348 8.839936696 27.7692991 0.998580306
212 172987 1633 1633 0 2.108052912 4.791619602 -10.5248034 3.395490217 13.92029361 -11.37226948 3.795582271 15.16785175 -1.548368276 13.17572948 14.02319557 29.86794103 0.9965103441
213 186177 644 644 0 1.31472612 3.278913021 -7.313363183 3.052660934 10.36602412 -11.58021071 3.289904861 14.87011557 -1.44891947 8.263441291 12.53028881 31.78882093 0.9983644798
214 178238 100 100 0 0.8127391911 2.314753438 -5.169979336 2.237008117 7.406987453 -6.814313563 2.410935615 9.225249178 -1.395157136 6.319091579 7.963425805 33.15129013 0.9991843722
215 210584 366 366 0 -0.8684320103 3.670599688 -4.332593918 7.66718671 11.99978063 -6.420607252 8.776068878 15.19667613 0.8158139771 8.278911744 9.387793912 26.72015897 0.9979498601
216 216699 263 263 0 0.8392544901 3.731640712 -7.087255291 4.314932893 11.40218818 -9.353874121 5.485703034 14.83957715 -0.6123262767 8.949551394 10.12032153 29.29509455 0.9978808064
217 183435 482 482 0 0.7293656941 1.833596794 -4.015901927 1.703313682 5.719215609 -5.56001257 1.720562351 7.280574921 -1.184248885 5.244879745 6.788990388 22.79907207 0.9994880773
218 182911 276 276 0 0.6341539433 1.784552182 -3.719133952 1.706786792 5.425920744 -5.559445907 1.718206754 7.277652661 -1.095699998 5.024338897 6.864650852 22.95084666 0.999515083
219 206335 1723 1723 0 0.09008429451 2.795555267 -4.67599096 4.266462265 8.942453225 -5.772972691 4.936096734 10.70906942 -0.132757927 6.050341313 6.719975782 27.10116941 0.998810153
220 184474 2442 2442 0 0.1048275404 1.26150775 -2.096453066 1.846220591 3.942673657 -3.638164158 2.105992724 5.744156882 -0.2655730341 3.106937593 4.648648685 22.18849653 0.9997576362
221 192450 399 399 0 -0.1132258046 0.5209725342 -0.7165314911 0.9372388347 1.653770326 -0.8124928648 1.132138179 1.944631044 0.4528857594 0.9227559943 1.117655339 11.87698136 0.9999586621
222 208331 401 401 0 -0.7759555678 1.942783515 -1.881815336 4.480977961 6.362793296 -2.146377059 4.968725698 7.115102757 1.262647514 6.032353758 6.520101495 22.36022571 0.9994253101
223 183190 554 554 0 0.7420066109 2.551316837 -4.765720517 2.818969172 7.584689689 -5.398246506 2.963266682 8.361513188 -0.5967524512 6.991874998 7.624400987 23.09173636 0.9990089206
224 203291 359 359 0 0.4768246804 2.713664836 -4.316061918 3.328878285 7.644940203 -4.770364415 3.423661439 8.194025854 -0.2819851366 4.89988934 4.994672494 22.34270207 0.9988787376
225 206855 441 441 0 -0.4235788649 1.425763298 -1.505458789 3.361658289 4.867117077 -1.761806576 4.226885192 5.988691768 1.429853003 4.541988192 5.407215095 23.0904792 0.9996904546
226 185286 239 239 0 0.607818173 2.074843425 -4.200308806 2.258326852 6.458635659 -5.846389098 2.292660838 8.139049936 -0.8917508727 5.714550654 7.360630945 23.74980967 0.9993445159
227 203774 742 742 0 0.01430473926 2.60295387 -3.929872032 3.760518134 7.690390166 -4.7651178 4.117786059 8.88290386 -0.04985834856 5.053830451 5.411098376 27.04887631 0.9989683458
228 190234 387 387 0 0.8271463153 3.778595098 -6.916040128 4.685575607 11.60161573 -8.083286485 5.042287494 13.12557398 -0.5065714581 9.912206789 11.07945315 29.96940006 0.997826961
229 185383 315 315 0 0.02655682244 0.5564851643 -0.9351822647 0.8635056474 1.798687912 -1.339042345 1.139175086 2.478217431 -0.1447334183 1.025982165 1.343163606 31.51537022 0.9999528345
230 189351 290 290 0 0.4057828218 1.702716904 -3.282774285 2.051696443 5.334470727 -4.246314581 2.250817194 6.497131775 -0.6566381082 4.403641964 5.36718226 23.17871735 0.9995584969
231 185895 197 197 0 -0.0250078856 0.3954422546 -0.6199796173 0.6646306698 1.284610287 -0.8557855359 0.9556079882 1.811393524 0.1420121093 0.7307440818 0.919700072 31.09418839 0.999976183
232 205580 1044 1044 0 -0.03565130483 2.204661257 -3.378531869 3.404759486 6.783291356 -4.219749653 3.903400931 8.123150583 0.01093680372 3.74234302 4.222292046 26.74956212 0.999259863
233 222014 341 341 0 -0.3812482041 3.461510979 -4.650476428 6.696793401 11.34726983 -6.503146748 10.62712893 17.13027568 0.6806382884 7.483058898 11.41339443 21.78636171 0.9981768889
234 209856 1011 1011 0 0.04009001775 1.966519137 -3.264479093 3.10401339 6.368492483 -4.267286557 4.011116288 8.278402845 -0.07809370205 4.569001007 5.476103905 27.02869736 0.9994111129
235 200937 376 376 0 -0.007521614706 0.5659758424 -0.8552021207 0.9033488244 1.758550945 -1.035002352 1.069236848 2.1042392 0.05717785812 0.9818846921 1.071744348 12.86951796 0.9999512119
236 199150 526 526 0 0.22621221 2.087973833 -3.650746319 2.927946844 6.578693163 -4.308627048 3.471949723 7.780576772 -0.2861953663 5.246435461 5.90431619 27.71122341 0.9993361337
237 216119 1642 1642 0 -0.2077930676 1.501482377 -2.118188045 2.686566874 4.804754919 -2.854357831 7.683615782 10.53797361 0.8694518205 2.981556009 7.978604918 21.96475442 0.9996567195
238 199588 250 250 0 0.2168149778 1.996336902 -3.346436348 2.799879574 6.146315922 -3.905985407 3.081251647 6.987237054 -0.2507034304 4.90636863 5.46591769 27.47289114 0.9993931079
239 197604 275 275 0 0.2858971336 1.957162965 -3.703538789 2.67823228 6.381771069 -4.823418754 3.14384084 7.967259594 -0.5441717893 5.829956544 6.949836509 28.88902214 0.9994167238
240 210040 263 263 0 0.08983644429 1.767315325 -2.959233379 2.692735747 5.651969127 -3.468099715 3.08014137 6.548241084 -0.129100291 4.031276663 4.418682285 27.17193333 0.9995243519
241 199000 211 211 0 -0.01405826794 0.3868272111 -0.5859077143 0.6560545 1.241962214 -0.6930970849 0.8562053672 1.549302452 0.2030648848 0.6965214818 0.896672349 19.27295582 0.9999772094
242 200736 200 200 0 0.06273188098 0.4397007991 -0.8103174784 0.6016677282 1.411985207 -1.002170696 0.6758199935 1.677990689 -0.4221616382 0.8600181437 1.051871361 17.96092825 0.9999705534
243 201396 189 189 0 0.00997380305 0.4839180162 -0.7951446336 0.7441509086 1.539295542 -1.074728584 0.8554090269 1.930137611 -0.1188312227 0.8279501432 1.106137095 19.33189554 0.9999643333
244 209191 143 143 0 -0.0007493464236 0.2614218135 -0.397987441 0.4275040685 0.8254915095 -0.4484292251 0.6317754201 1.080204645 0.1552848223 0.4385551829 0.6420059088 13.37206725 0.9999895911
245 211697 262 262 0 0.04774792438 0.4373172037 -0.8015561613 0.6225564289 1.42411259 -1.228821365 1.022314167 2.251135532 -0.4274888262 0.8447284286 1.194048686 14.33172605 0.9999708719
246 215691 654 654 0 0.07596446536 0.7121486859 -1.269061524 1.001583501 2.270645025 -1.912663027 2.068052838 3.980715865 -0.3677190721 1.244374377 2.143931894 16.95478583 0.9999227581
247 214361 173 173 0 -0.007211715864 0.3254780899 -0.5104273418 0.5223733722 1.032800714 -0.6529178081 0.6542225422 1.30714035 0.02992842622 0.5782093744 0.6572881518 14.29234157 0.9999838651
248 216912 387 387 0 -0.007408639036 0.4906200597 -0.7593505241 0.7882498252 1.547600349 -0.8910205062 1.056395934 1.94741644 0.06830314066 0.8591757043 0.997966087 15.82320601 0.9999633385
249 217460 1422 1422 0 -0.03967070123 0.9272382849 -1.534943246 1.599391687 3.134334934 -2.294194243 2.2347285 4.528922743 0.06675169659 1.803489877 2.265839099 18.83333972 0.9998690566
250 217348 174 174 0 -0.0007187467631 0.5137451761 -0.8321348773 0.8492525193 1.681387397 -1.109471561 1.229795341 2.339266903 0.04157974107 0.968307941 1.302850145 22.42459034 0.9999598012
251 218011 161 161 0 0.07519704992 0.7103424481 -1.200194188 1.013206821 2.213401009 -1.54884425 1.267305557 2.816149807 -0.2394976005 1.216417658 1.511717062 22.46242297 0.999923149
252 219305 271 271 0 -0.04708700578 0.5381373908 -0.7863276669 0.8898434483 1.676171115 -1.189691427 1.084878475 2.274569902 0.1601989713 0.9472583298 1.142036518 15.65009606 0.9999558933
253 220313 300 300 0 -0.04303786472 0.5835261132 -0.8568234286 0.9660812118 1.82290464 -1.091186032 1.278885265 2.370071297 0.2013490272 1.005108823 1.293892487 17.56143052 0.9999481394

K=254, phase=forward, parameter=eps [km^2/s^2]
cluster representative_source n_cluster n_valid n_missing median std p05 p95 width90 minimum maximum range skewness error95 error_max angle_origin_deg angle_resultant
0 85979 327 327 0 -0.9387593121 0.03080396755 -0.9805298488 -0.8897699967 0.09075985208 -0.9813413598 -0.8822001414 0.0991412184 0.1568602098 0.04797582544 0.05089281969 nan nan
1 63455 190 190 0 -0.2523781099 0.00450314134 -0.2563922357 -0.2419044203 0.01448781543 -0.2574162916 -0.2384752857 0.01894100591 0.9068271362 0.007914040505 0.01134317511 nan nan
2 32918 231 231 0 -0.9748183034 0.008603857684 -0.9793343275 -0.9637389609 0.01559536661 -1.020656292 -0.9602167946 0.06043949694 -2.8571256 0.0152681695 0.04346950773 nan nan
3 30549 244 244 0 -0.8441433888 0.03027148871 -0.8834428318 -0.815069672 0.06837315984 -1.015045605 -0.806680498 0.2083651074 -1.434572172 0.04646411211 0.1563344514 nan nan
4 32924 241 241 0 -0.9508765864 0.01184549519 -0.9686667201 -0.9307333988 0.03793332131 -0.9774214634 -0.9069427346 0.07047872884 0.2897866554 0.02432191343 0.03766472259 nan nan
5 26014 346 346 0 -0.2480253901 0.005390748513 -0.2569385281 -0.2401817951 0.01675673303 -0.257332396 -0.2306224932 0.02670990277 0.1865850904 0.009320476349 0.01721717987 nan nan
6 24452 115 115 0 -0.8658317965 0.01814469584 -0.9020362665 -0.8465972327 0.05543903382 -0.9306424877 -0.8446410291 0.08600145868 -0.9895413404 0.04135543973 0.06996166099 nan nan
7 3664 104 104 0 -0.2308769808 0.002851332671 -0.2362679525 -0.2267018101 0.009566142392 -0.2381499821 -0.2257067073 0.01244327478 -0.3084529699 0.00562852267 0.007510552196 nan nan
8 11041 434 434 0 -0.8166567759 0.009782815025 -0.8264378734 -0.8124406263 0.01399724711 -0.9196454531 -0.8122099493 0.1074355039 -6.579377366 0.009140238769 0.1023478185 nan nan
9 39621 129 129 0 -0.1465063576 0.02146597837 -0.177867754 -0.115807427 0.06206032698 -0.1950034084 -0.1153602808 0.07964312759 -0.1219616924 0.04556415307 0.06269980751 nan nan
10 103603 107 107 0 -0.8625953214 0.04142622891 -0.9639523309 -0.8166543642 0.1472979667 -0.9766770631 -0.8088296768 0.1678473862 -0.9007895767 0.08628222609 0.09900695821 nan nan
11 5745 933 933 0 -0.8786211982 0.005988205484 -0.8888691355 -0.8688212989 0.02004783659 -0.895641131 -0.8658480905 0.02979304051 -0.1551970202 0.0124499425 0.01922193806 nan nan
12 6801 590 590 0 -0.8896614969 0.00448545066 -0.8992663412 -0.8843885173 0.01487782388 -0.9038328764 -0.8830410809 0.02079179553 -0.7163231646 0.01135612814 0.01592266339 nan nan
13 8099 2431 2431 0 -0.9437682842 0.02075510035 -0.9675216675 -0.9033166697 0.06420499776 -0.9718052606 -0.8938990409 0.07790621973 0.403141898 0.03416934406 0.0408162359 nan nan
14 9816 732 732 0 -0.8655973046 0.005393683831 -0.8753614619 -0.857502736 0.01785872594 -0.8814455203 -0.8546976511 0.02674786924 -0.2707238786 0.01136070355 0.01744476191 nan nan
15 8933 1310 1310 0 -0.9101317974 0.01003321716 -0.9263134942 -0.8943504826 0.03196301158 -0.9307527437 -0.8914251487 0.03932759497 -0.02991959725 0.02225363762 0.02669288709 nan nan
16 23245 3717 3717 0 -0.9934685653 0.01049348288 -1.005764777 -0.9725879172 0.03317686028 -1.008564402 -0.9677912489 0.04077315279 0.3940860573 0.02888776243 0.0336844307 nan nan
17 14019 388 388 0 -0.8821114785 0.005324613409 -0.8909760392 -0.8739490071 0.01702703212 -0.894337011 -0.8723924535 0.02194455751 -0.1051905745 0.009349807511 0.01181380165 nan nan
18 16399 130 130 0 -0.8268580457 0.001359334962 -0.8275131994 -0.8238039534 0.003709245954 -0.8277981055 -0.8219919826 0.005806122953 1.079396052 0.002979049204 0.004791020019 nan nan
19 16774 864 864 0 -0.9222451978 0.02196669135 -0.9629067463 -0.8947094117 0.0681973346 -0.9696014384 -0.8910648751 0.07853656328 -0.2917497383 0.0406675364 0.04736222844 nan nan
20 15491 1117 1117 0 -0.9455932193 0.01202789 -0.9670001734 -0.9287358552 0.03826431823 -0.9702280501 -0.9230776072 0.04715044297 -0.1718735254 0.02093994109 0.0238076322 nan nan
21 35494 612 612 0 -0.9551222511 0.03362945294 -0.9820973227 -0.8918326687 0.09026465393 -0.9829416255 -0.8896331408 0.09330848477 0.4467697589 0.06489259301 0.06709212097 nan nan
22 27925 805 805 0 -0.8830827658 0.03904161239 -0.9331890036 -0.818615207 0.1145737966 -1.019495257 -0.8083146291 0.2111806279 0.05289821012 0.09159520093 0.1093974089 nan nan
23 27009 105 105 0 -0.8913537097 0.009826203488 -0.9073870759 -0.8770611466 0.0303259293 -0.9147328432 -0.8723884982 0.04234434495 -0.1199198993 0.01996478916 0.02731055639 nan nan
24 27674 102 102 0 -0.1512838155 0.01598209821 -0.1765380123 -0.127740286 0.04879772622 -0.182548756 -0.1193471419 0.06320161415 0.01792953956 0.0266339107 0.03419493885 nan nan
25 28800 154 154 0 -0.2072261844 0.01010289669 -0.214697589 -0.1868056706 0.02789191836 -0.2147902198 -0.1798149857 0.03497523408 0.6584584187 0.01639043172 0.02338111665 nan nan
26 24710 298 298 0 -0.828435826 0.0224977317 -0.8306620471 -0.8257771214 0.004884925636 -0.9730567569 -0.8246189654 0.1484377915 -5.525133504 0.002884104366 0.1448547538 nan nan
27 24314 122 122 0 -0.1842425385 0.007906990948 -0.1962212379 -0.1714858223 0.02473541556 -0.200254612 -0.1694476521 0.03080695993 0.06897502947 0.01339552761 0.01742680079 nan nan
28 26984 755 755 0 -0.1726835829 0.00717641194 -0.185771227 -0.1629585017 0.02281272528 -0.1880479426 -0.1601879469 0.02785999566 -0.2051137286 0.01300203856 0.01527875411 nan nan
29 28358 133 133 0 -0.9209455958 0.01224074066 -0.9408659215 -0.9018168887 0.03904903286 -0.9529777302 -0.8959106405 0.05706708974 -0.2352998643 0.02364935458 0.0357611633 nan nan
30 20473 133 133 0 -0.8708910944 0.006811020376 -0.8811811525 -0.859620875 0.02156027754 -0.8823152571 -0.8572327599 0.02508249719 0.07787046908 0.01234228756 0.01473040259 nan nan
31 27651 383 383 0 -0.194562316 0.004947936211 -0.203178924 -0.1873812035 0.01579772055 -0.2077632919 -0.1857916621 0.02197162982 -0.2520148044 0.009118291271 0.01370265918 nan nan
32 23098 571 571 0 -0.9229633254 0.01256652027 -0.9428124031 -0.9023895099 0.04042289324 -0.9484674493 -0.8966768698 0.05179057949 0.0448480544 0.02229146265 0.02687713625 nan nan
33 37896 1931 1931 0 -0.2445456658 0.003063823712 -0.2495370625 -0.2394859358 0.0100511267 -0.2507429723 -0.2374724104 0.01327056196 0.1377254038 0.005621816398 0.007505212185 nan nan
34 28773 303 303 0 -0.2079160099 0.004103858021 -0.2145063818 -0.201297894 0.01320848774 -0.2178517959 -0.1997264232 0.01812537278 0.009157087345 0.007585819169 0.009879184378 nan nan
35 48712 2507 2507 0 -0.2355580594 0.004222124697 -0.2412741992 -0.2280245527 0.01324964645 -0.2434482062 -0.2255400521 0.01790815414 0.2688765861 0.007566498462 0.0100375802 nan nan
36 39067 542 542 0 -0.2205265422 0.004462772603 -0.226318689 -0.212516033 0.01380265599 -0.2302603513 -0.2089733147 0.0212870366 0.2136632469 0.008335408528 0.01078813812 nan nan
37 29014 341 341 0 -0.1605519881 0.005199137398 -0.172548796 -0.1551533515 0.01739544443 -0.1772485978 -0.1539357198 0.02331287804 -0.8550900157 0.01386590207 0.01856570391 nan nan
38 37196 396 396 0 -0.2180961618 0.006935221736 -0.2264905366 -0.2048586636 0.02163187307 -0.2324025972 -0.202744958 0.02965763917 0.3326883352 0.01270111045 0.01495011197 nan nan
39 31987 124 124 0 -0.2485825566 0.008551844172 -0.2578103685 -0.2320136613 0.02579670722 -0.2579487476 -0.2260973952 0.03185135242 0.5722719458 0.01633477695 0.02225104307 nan nan
40 38523 998 998 0 -0.8721589874 0.0102933563 -0.8898326033 -0.8563071774 0.03352542592 -0.8970076362 -0.8525909279 0.04441670827 -0.1341051398 0.01842032875 0.02504292219 nan nan
41 39953 437 437 0 -0.16396996 0.01130667809 -0.177728105 -0.1416336137 0.03609449126 -0.1870012493 -0.1341969906 0.05280425869 0.392111359 0.02138818581 0.02712441801 nan nan
42 33753 165 165 0 -0.1937500514 0.006634531121 -0.2020697694 -0.181508401 0.02056136839 -0.205921428 -0.1775469973 0.02837443073 0.315605324 0.01249395466 0.01585652365 nan nan
43 33520 139 139 0 -0.1223897687 0.01137600052 -0.1370196134 -0.1018242025 0.0351954109 -0.1403035613 -0.09886128186 0.04144227939 0.2321268474 0.01882617926 0.02118234763 nan nan
44 22053 118 118 0 -0.8170120177 0.004146949958 -0.8238955121 -0.8121064647 0.01178904739 -0.8246785113 -0.8119712872 0.01270722414 -0.2112917153 0.006221064591 0.007004063843 nan nan
45 28876 1819 1819 0 -0.9868546536 0.007489411335 -0.9953186736 -0.9718900166 0.02342865701 -0.9973256832 -0.9646248948 0.03270078834 0.473900754 0.02184505394 0.02911017573 nan nan
46 31921 185 185 0 -0.05365088123 0.01813247067 -0.1026957928 -0.04493142971 0.0577643631 -0.1365873582 -0.04458452764 0.09200283057 -2.132555454 0.03521806496 0.06910963036 nan nan
47 63654 918 918 0 -0.858856542 0.009606346683 -0.8800840307 -0.8497418027 0.03034222799 -0.8893164889 -0.8475341016 0.04178238731 -0.783992223 0.01894983335 0.02818229158 nan nan
48 25979 271 271 0 -0.9527310063 0.00611388048 -0.9612315242 -0.9416647894 0.01956673481 -0.9620125672 -0.9365972728 0.02541529443 0.3460053296 0.01130112221 0.01636863875 nan nan
49 34381 364 364 0 -0.8894642046 0.006658737363 -0.8992717645 -0.8777675518 0.02150421269 -0.9028980527 -0.8726352457 0.03026280703 0.2723122476 0.01242550767 0.01584151236 nan nan
50 27543 164 164 0 -0.9669147914 0.002779366181 -0.9705242272 -0.9625535622 0.007970664978 -0.9802756499 -0.9621771354 0.01809851459 -0.5473818279 0.005566627082 0.01531804986 nan nan
51 31181 387 387 0 -0.9324150673 0.02239930631 -0.9662457927 -0.8965304795 0.06971531321 -0.9744481104 -0.8926858942 0.08176221625 0.05666346037 0.04654067799 0.05474299573 nan nan
52 54182 630 630 0 -0.9125336823 0.01366056696 -0.9394667852 -0.8965572435 0.04290954172 -0.960263245 -0.8920807194 0.0681825256 -0.6198478971 0.0279102544 0.04870671418 nan nan
53 44959 538 538 0 -0.925196457 0.01032346898 -0.9440220227 -0.909327363 0.03469465967 -0.9516486917 -0.9065217341 0.04512695763 -0.2842979495 0.01884107681 0.02560365013 nan nan
54 34110 107 107 0 -0.9260735718 0.007969705205 -0.9383849347 -0.913261891 0.02512304371 -0.9423469481 -0.9104454397 0.03190150847 0.05226659851 0.01391341747 0.01720616545 nan nan
55 36331 477 477 0 -0.1563406734 0.007761074338 -0.1742204543 -0.1490467843 0.02517366995 -0.1850609344 -0.1474926655 0.03756826889 -1.190413811 0.02339830048 0.03423878066 nan nan
56 34797 152 152 0 -0.8861296069 0.01622922782 -0.9097471119 -0.8596198755 0.05012723635 -0.9149358085 -0.8563227111 0.05861309741 0.08931116783 0.02690629668 0.03119645076 nan nan
57 37640 310 310 0 -0.1160800892 0.02426617604 -0.1527118269 -0.0771556767 0.07555615016 -0.1572171195 -0.07183874498 0.08537837455 0.04154657198 0.04015425219 0.04442942746 nan nan
58 35564 103 103 0 -0.1037898834 0.01142806149 -0.120681637 -0.08526165319 0.03541998383 -0.1236424011 -0.07751886226 0.04612353888 0.1442422751 0.01988117684 0.02506556683 nan nan
59 40092 208 208 0 -0.9364558961 0.04646545496 -0.9731864647 -0.8067386563 0.1664478084 -0.9774905606 -0.8065100639 0.1709804967 1.572662735 0.1282928492 0.1285214416 nan nan
60 46788 439 439 0 -0.951722198 0.00876459331 -0.9612153847 -0.9324202236 0.02879516112 -0.9620676945 -0.9265559759 0.03551171861 0.6158487913 0.01706193834 0.02292618608 nan nan
61 40151 137 137 0 -0.2521761133 0.002953428406 -0.2566749568 -0.2473942619 0.009280694846 -0.2571532787 -0.2432231085 0.01393017017 0.3102783165 0.005436604308 0.008055651001 nan nan
62 36135 101 101 0 -0.2047797696 0.01045862376 -0.2140457148 -0.1812417196 0.03280399517 -0.2142126061 -0.1798094849 0.03440312114 0.6417708641 0.02573439029 0.02716662497 nan nan
63 69158 1605 1605 0 -0.9804388461 0.006452816918 -0.9875892019 -0.9669589955 0.02063020642 -0.9895364382 -0.9621624973 0.02737394086 0.6338708321 0.01383264525 0.01862914342 nan nan
64 37782 106 106 0 -0.9023946984 0.01316913856 -0.9213750656 -0.8814696686 0.03990539693 -0.9548175775 -0.8732827385 0.08153483898 -0.5944743572 0.0230143609 0.05521029953 nan nan
65 40932 301 301 0 -0.1796031076 0.007510177258 -0.1915147299 -0.1680472351 0.02346749476 -0.1950510534 -0.1660719097 0.02897914364 -0.04768844404 0.01251214793 0.01562385513 nan nan
66 53385 1419 1419 0 -0.209421615 0.009176089884 -0.2200932036 -0.190819786 0.02927341768 -0.2248877556 -0.1796366071 0.04525114851 0.5963851272 0.0176328505 0.02881602938 nan nan
67 41179 329 329 0 -0.1550813492 0.008453679868 -0.1707857318 -0.1454061398 0.02537959197 -0.175522252 -0.1442509361 0.03127131585 -0.3794053462 0.01540323111 0.02013975133 nan nan
68 40775 123 123 0 -0.2049903562 0.009960432922 -0.2135342727 -0.1852909495 0.0282433232 -0.2138602792 -0.1806929244 0.03316735485 0.6591573829 0.01969940675 0.02429743188 nan nan
69 40044 281 281 0 -0.1436653344 0.004520773031 -0.1543618797 -0.1394226492 0.01493923048 -0.1640599932 -0.1385125355 0.02554745769 -1.424722864 0.01273999998 0.02243811342 nan nan
70 41322 100 100 0 -0.1379267617 0.0088216621 -0.1516636032 -0.1240875874 0.02757601577 -0.1546260321 -0.1188813405 0.03574469164 0.03561624209 0.01516345164 0.0185288347 nan nan
71 42769 220 220 0 -0.1996972851 0.004675590977 -0.2073236949 -0.1918271622 0.01549653272 -0.2097043424 -0.1893247885 0.0203795539 0.05379807756 0.008888013548 0.0106034848 nan nan
72 49239 3945 3945 0 -0.1581835206 0.01988723061 -0.1904407776 -0.129823563 0.0606172146 -0.21188085 -0.1248024561 0.08707839387 -0.134384869 0.03254676418 0.05375956729 nan nan
73 58691 1518 1518 0 -0.2046232339 0.01470605915 -0.2254390947 -0.1786847886 0.04675430602 -0.2331312054 -0.1722128368 0.06091836858 0.185514393 0.0278201297 0.03429208152 nan nan
74 45100 357 357 0 -0.1607975662 0.01170534608 -0.1817645953 -0.1447962186 0.03696837671 -0.1881735753 -0.1403174599 0.04785611537 -0.239603252 0.02030393883 0.02545954893 nan nan
75 46232 397 397 0 -0.1856973434 0.008630524271 -0.1983606602 -0.1708150091 0.02754565111 -0.2020207701 -0.1650239619 0.0369968082 0.1705967274 0.01538632086 0.02028701271 nan nan
76 48040 389 389 0 -0.2137251597 0.006562062694 -0.2242267814 -0.2033220574 0.02090472402 -0.2256228653 -0.2000974519 0.02552541341 0.01726450979 0.01127338277 0.01354060038 nan nan
77 108104 169 169 0 -0.9282331895 0.01746085617 -0.9626222103 -0.9010494989 0.06157271139 -0.9697492648 -0.8979606769 0.07178858791 -0.3995014104 0.03800279228 0.04512984674 nan nan
78 51135 146 146 0 -0.2555074001 0.002358906377 -0.2567939008 -0.2494268238 0.007367077023 -0.2569134696 -0.2440368364 0.01287663324 3.114602096 0.005670845981 0.01106083338 nan nan
79 81689 131 131 0 -0.9643464377 0.05315874047 -0.9776615174 -0.8072076062 0.1704539112 -1.020173947 -0.8065969142 0.2135770324 1.593360335 0.1612506821 0.161861374 nan nan
80 85728 204 204 0 -0.9658322115 0.002565066755 -0.9703657894 -0.9625511949 0.007814594407 -0.9715149885 -0.9621481556 0.009366832964 -0.2283630758 0.005100245401 0.006249444581 nan nan
81 68020 149 149 0 -0.9019403821 0.01935945885 -0.9273524147 -0.8662635499 0.06108886475 -0.9390185147 -0.8566625897 0.08235592504 0.2915345637 0.03517237431 0.04125825948 nan nan
82 68805 401 401 0 -0.830382435 0.008987110243 -0.8354359648 -0.8225605655 0.01287539927 -0.9299306525 -0.8202492724 0.1096813801 -8.275934952 0.008078858861 0.09955311691 nan nan
83 61429 2192 2192 0 -0.2307113155 0.004630665245 -0.2367148541 -0.221614392 0.01510046214 -0.2433084304 -0.2174855264 0.02582290402 0.4011824599 0.009370003882 0.01349054411 nan nan
84 78512 110 110 0 -0.914166388 0.009719554774 -0.9335471527 -0.9032025187 0.03034463396 -0.9383004199 -0.9006094027 0.03769101715 -0.5191444446 0.01843251242 0.02318577965 nan nan
85 61854 355 355 0 -0.1284321189 0.009048273227 -0.1472835017 -0.1226113991 0.02467210261 -0.1769286141 -0.1203444104 0.05658420373 -2.130064409 0.022947946 0.05259305842 nan nan
86 84525 148 148 0 -0.9116287637 0.01033841555 -0.930866936 -0.8992119309 0.03165500501 -0.9351693801 -0.8963940481 0.03877533199 -0.3717449556 0.01728392609 0.0215863702 nan nan
87 64146 2146 2146 0 -0.1872928557 0.01466258983 -0.202586178 -0.1576434956 0.04494268242 -0.2039515331 -0.1484649337 0.0554865994 0.5170630264 0.02816547397 0.03734403592 nan nan
88 59431 483 483 0 -0.207692173 0.006408411624 -0.2167621682 -0.1968700242 0.01989214394 -0.2183251261 -0.1935222856 0.0248028405 0.1628196615 0.01090517819 0.01425291681 nan nan
89 91021 9400 9400 0 -0.1775306049 0.01729075043 -0.197276908 -0.1411967848 0.0560801232 -0.2012982383 -0.1319432835 0.06935495481 0.5340156723 0.03299737888 0.04225088027 nan nan
90 71671 107 107 0 -0.1579338052 0.03367176201 -0.197749757 -0.09633653605 0.1014132209 -0.2006142295 -0.08609697601 0.1145172535 0.3249550649 0.06052150668 0.07076106672 nan nan
91 66122 721 721 0 -0.2065985359 0.006691856607 -0.2146931427 -0.1934356626 0.02125748008 -0.216990486 -0.190143684 0.02684680197 0.3952987118 0.01210185086 0.01539382946 nan nan
92 67639 110 110 0 -0.1763510851 0.03419099843 -0.2130479076 -0.1156610471 0.09738686053 -0.2133542779 -0.1149958038 0.09835847413 0.2107874468 0.06505208621 0.06571732949 nan nan
93 87754 412 412 0 -0.901749082 0.01047834851 -0.9209634171 -0.8867147414 0.03424867578 -0.928675428 -0.8813942223 0.04728120565 -0.2417930047 0.01967865657 0.0239708304 nan nan
94 83313 385 385 0 -0.9453672128 0.009315541237 -0.9590219093 -0.9286774576 0.03034445173 -0.9619029042 -0.9241343635 0.03776854066 0.2427963328 0.01656588909 0.02098913003 nan nan
95 82350 308 308 0 -0.1821741677 0.03295369711 -0.2156590101 -0.1187082802 0.09695072993 -0.2165397951 -0.1176415081 0.09889828703 0.3851000167 0.0599644511 0.06103122326 nan nan
96 153042 1790 1790 0 -0.8795515743 0.03913988914 -0.9361995494 -0.808883249 0.1273163004 -1.008423351 -0.8067932353 0.2016301153 0.04404177809 0.07301474744 0.1452385486 nan nan
97 90938 1604 1604 0 -0.2042801274 0.01051332144 -0.2189168594 -0.1865346223 0.03238223718 -0.2202529539 -0.1765441882 0.0437087657 0.2230894358 0.01992065714 0.02991109122 nan nan
98 76101 479 479 0 -0.1658579525 0.01111308018 -0.1841590982 -0.1476309947 0.03652810346 -0.1880494435 -0.1420096041 0.04603983939 0.0280379881 0.02012258411 0.02517205603 nan nan
99 63400 771 771 0 -0.1371546104 0.01221993858 -0.1530937339 -0.1135307856 0.03956294828 -0.1598332255 -0.1055989543 0.05423427113 0.3647655705 0.02238777091 0.02979960867 nan nan
100 152129 1017 1017 0 -0.2533467236 0.006321930089 -0.2588131004 -0.2392393571 0.01957374335 -0.2593009963 -0.2360316404 0.0232693559 0.7140830129 0.01249355201 0.01570126869 nan nan
101 69844 868 868 0 -0.2264154839 0.003191893817 -0.2298062169 -0.2191490946 0.01065712236 -0.2306834691 -0.2172869974 0.01339647171 0.7347480465 0.007057044643 0.008919141839 nan nan
102 75322 202 202 0 -0.1259190467 0.01370025525 -0.1619894898 -0.121256889 0.04073260074 -0.1782957625 -0.1207995702 0.05749619227 -1.348123777 0.03532393612 0.05163020885 nan nan
103 75412 1339 1339 0 -0.1179786221 0.01060202189 -0.1349921862 -0.1015741235 0.03341806276 -0.1404828816 -0.09825237597 0.04223050566 -0.03598981319 0.01808598678 0.02301534665 nan nan
104 86918 382 382 0 -0.1375539105 0.01010859759 -0.1537192236 -0.1204543422 0.03326488135 -0.1565868055 -0.1197477876 0.03683901797 0.04738722477 0.01732034953 0.01926096895 nan nan
105 67043 412 412 0 -0.1048316747 0.003982846652 -0.1136463459 -0.1016762796 0.01197006636 -0.1192733544 -0.1011830485 0.01809030582 -1.075964007 0.01161156122 0.01723856963 nan nan
106 100941 186 186 0 -0.8537141786 0.006076304143 -0.8665526104 -0.8474669229 0.01908568742 -0.8723037062 -0.8467056529 0.02559805329 -0.7502525936 0.01284748108 0.01859857693 nan nan
107 71540 457 457 0 -0.1009302083 0.002153120823 -0.1056307707 -0.0983893191 0.007241451628 -0.1081463647 -0.0979318962 0.0102144685 -0.8026234804 0.005761295421 0.008276889385 nan nan
108 76072 622 622 0 -0.2227669807 0.002808233613 -0.2256364296 -0.2166515076 0.008984922068 -0.2262911549 -0.2150855451 0.01120560978 0.6083656969 0.006068611583 0.00763457404 nan nan
109 70785 176 176 0 -0.1133997735 0.007327219065 -0.1286551902 -0.1048173659 0.02383782425 -0.131969755 -0.1027779716 0.02919178332 -0.4945438625 0.0129908196 0.01604099333 nan nan
110 79109 383 383 0 -0.1072096921 0.007321883477 -0.1252957389 -0.1032403443 0.02205539461 -0.1425529442 -0.1028226645 0.03973027963 -2.060027839 0.02137486267 0.03863206792 nan nan
111 73169 123 123 0 -0.1285047313 0.01050775461 -0.1475059513 -0.1141364628 0.03336948857 -0.1565792594 -0.1118527884 0.04472647099 -0.3188923381 0.01866549051 0.02458873449 nan nan
112 76226 286 286 0 -0.1749097763 0.01747405966 -0.2069788985 -0.1526228178 0.05435608069 -0.2120361311 -0.1485680852 0.06346804583 -0.2621664461 0.02877720618 0.03193885703 nan nan
113 79916 383 383 0 -0.1369319321 0.01417535875 -0.160791083 -0.1169285525 0.04386253046 -0.166712467 -0.1117926578 0.05491980919 -0.1747037852 0.02351445852 0.02846287402 nan nan
114 121523 668 668 0 -0.2186922117 0.01588938217 -0.240709943 -0.1896303847 0.05107955827 -0.2476094478 -0.1626425585 0.08496688932 0.4260299254 0.02923878535 0.05622661158 nan nan
115 108544 1899 1899 0 -0.09843768183 0.01399008554 -0.1376925503 -0.09250633141 0.04518621888 -0.1518903426 -0.09089675975 0.06099358284 -1.623116294 0.04311402545 0.05731181774 nan nan
116 72762 204 204 0 -0.2068101798 0.006408850393 -0.2119481816 -0.1929275218 0.01902065985 -0.2121265505 -0.1863272881 0.02579926241 0.8165514258 0.01183658541 0.01843681905 nan nan
117 95492 666 666 0 -0.1436185765 0.02188818879 -0.1800623206 -0.1137587589 0.06630356174 -0.1910954775 -0.1129739911 0.07812148635 -0.161997665 0.03863452826 0.04966768514 nan nan
118 92283 302 302 0 -0.2033692547 0.009203329527 -0.211407385 -0.1844149735 0.02699241149 -0.2117218316 -0.1777978745 0.03392395715 0.5615698652 0.01650782342 0.02312492239 nan nan
119 77102 274 274 0 -0.1492921641 0.02515208778 -0.1881644652 -0.114567558 0.07359690722 -0.193663816 -0.1134776817 0.08018613432 -0.1810417568 0.03982433368 0.04532368446 nan nan
120 115055 273 273 0 -0.1261295301 0.02367353324 -0.1822875134 -0.1120530868 0.07023442661 -0.1930356688 -0.1116172005 0.08141846827 -0.9168178863 0.05543232594 0.06618048132 nan nan
121 88256 136 136 0 -0.1745251125 0.03605754152 -0.2126355803 -0.1152222166 0.09741336372 -0.2518379441 -0.1145243585 0.1373135856 0.1991269671 0.05797797868 0.07869548053 nan nan
122 150089 678 678 0 -0.9645523657 0.01468632805 -0.9765641978 -0.9370500863 0.03951411146 -1.018186568 -0.9025669612 0.115619607 0.1910141222 0.02320620439 0.05949704358 nan nan
123 113959 185 185 0 -0.9087649462 0.01817772749 -0.9328833002 -0.8722753173 0.06060798289 -0.9433943149 -0.8634635651 0.07993074982 0.3226894348 0.03420607906 0.04211562555 nan nan
124 100315 1075 1075 0 -0.896649133 0.02000399753 -0.9387232701 -0.8804871265 0.05823614362 -0.9588093002 -0.877930707 0.08087859325 -0.6683975666 0.05114504052 0.07123107064 nan nan
125 75880 211 211 0 -0.9461029641 0.01237853646 -0.9672382388 -0.9324786204 0.03475961837 -0.9711902446 -0.9313437826 0.03984646202 -0.277889931 0.02604767115 0.02718250902 nan nan
126 79612 218 218 0 -0.2194400232 0.004472122377 -0.2252938073 -0.211030528 0.01426327933 -0.2271914738 -0.2094257478 0.01776572597 0.3048059768 0.008376631171 0.009981411325 nan nan
127 86488 441 441 0 -0.2203712172 0.002446626395 -0.222676909 -0.214612738 0.008064171064 -0.2231802652 -0.2129699156 0.01021034955 0.8970041802 0.00594494731 0.007587769634 nan nan
128 85536 129 129 0 -0.9695421724 0.004856532177 -0.974730981 -0.9604606606 0.01427032037 -0.9749052917 -0.9568251763 0.01808011539 0.4982603838 0.008366209514 0.0120016938 nan nan
129 115925 3464 3464 0 -0.9648459165 0.005786050417 -0.9725498762 -0.9528041759 0.01974570032 -0.9745218125 -0.9478653156 0.02665649683 0.5797296856 0.01113434442 0.0143485597 nan nan
130 146384 353 353 0 -0.8352430124 0.02752444921 -0.9386842079 -0.8283050032 0.1103792047 -0.9755178644 -0.8258948013 0.1496230631 -3.742598066 0.1062497606 0.1430834171 nan nan
131 110035 698 698 0 -0.9458287233 0.005697227828 -0.9575249843 -0.937981132 0.01954385229 -0.9619236628 -0.9355240528 0.02639961006 -0.5420416868 0.01356737992 0.01796605847 nan nan
132 109703 2060 2060 0 -0.918567864 0.01049654872 -0.9422917684 -0.905821786 0.0364699824 -0.959740657 -0.901854774 0.05788588304 -1.169326195 0.02834127206 0.04579016062 nan nan
133 121843 127 127 0 -0.9453299451 0.0061407292 -0.9597716566 -0.9394543165 0.02031734006 -0.9618407369 -0.9379670884 0.02387364851 -0.7906499996 0.01543210021 0.01750118054 nan nan
134 98885 675 675 0 -0.2060327256 0.0107609555 -0.2178400108 -0.1835122615 0.03432774937 -0.2185942155 -0.1762731614 0.04232105413 0.6098709327 0.02427023561 0.03150933571 nan nan
135 86669 176 176 0 -0.9448059506 0.004581039931 -0.9530725703 -0.9378028343 0.01526973605 -0.9555469174 -0.9356450076 0.01990190975 -0.1861512697 0.009037287199 0.01151163427 nan nan
136 104558 1449 1449 0 -0.9005487149 0.01657343957 -0.943928107 -0.8900452893 0.0538828177 -0.9619283668 -0.8884322101 0.07349615672 -1.393313906 0.04742224812 0.06542250788 nan nan
137 84045 175 175 0 -0.2182242737 0.002665140364 -0.2219453322 -0.2133851447 0.00856018756 -0.2225899767 -0.2109404488 0.01164952791 0.4031284312 0.00471127092 0.007155966765 nan nan
138 158319 109 109 0 -0.8224995127 0.004736535 -0.8305244663 -0.8163711643 0.01415330195 -0.830946676 -0.8149597117 0.01598696423 -0.1778769822 0.01333474542 0.01375695512 nan nan
139 99765 601 601 0 -0.8826800084 0.01354542091 -0.9047152812 -0.8600113904 0.04470389085 -0.914915652 -0.8536929249 0.0612227271 -0.04843353609 0.02457802761 0.03276661475 nan nan
140 127892 138 138 0 -0.847470228 0.008576947297 -0.8673152793 -0.8380391265 0.02927615272 -0.8756743674 -0.8353898788 0.04028448856 -1.019760937 0.02304906938 0.03140815749 nan nan
141 103714 108 108 0 -0.1892718039 0.009263785245 -0.2046251139 -0.1759276454 0.02869746847 -0.2085034376 -0.1734410995 0.03506233813 -0.07368379685 0.01548563754 0.01763609572 nan nan
142 85114 375 375 0 -0.9002371986 0.00984742905 -0.9180954421 -0.8855939847 0.03250145739 -0.9256571027 -0.8812533594 0.04440374327 -0.2152485694 0.01816970845 0.0232760817 nan nan
143 100713 827 827 0 -0.8772621394 0.006519116292 -0.8906821008 -0.8689160175 0.02176608332 -0.8984755505 -0.8672385787 0.03123697181 -0.6268501252 0.01395872319 0.02175217295 nan nan
144 99951 1587 1587 0 -0.858406331 0.01073893102 -0.8776888579 -0.8420161637 0.0356726942 -0.895938236 -0.8394589889 0.05647924709 -0.3919521593 0.02361616991 0.041865548 nan nan
145 91193 293 293 0 -0.8808604654 0.01025753065 -0.8989395411 -0.8655697493 0.03336979178 -0.9058715758 -0.8619332726 0.0439383032 -0.1865731548 0.01884683634 0.02384923315 nan nan
146 104530 423 423 0 -0.933872069 0.003895130085 -0.9405727048 -0.9272861185 0.01328658629 -0.9433807502 -0.9254245579 0.01795619222 -0.07152567057 0.007600714547 0.01006816566 nan nan
147 104337 681 681 0 -0.1465932859 0.01976192712 -0.1770822308 -0.1192339519 0.05784827889 -0.2042907038 -0.1179166154 0.08637408842 -0.1380690862 0.03681380401 0.06402227697 nan nan
148 119505 1655 1655 0 -0.1144230971 0.00915420191 -0.1306404286 -0.1018535755 0.0287868531 -0.1337646546 -0.09876638107 0.03499827356 -0.1939587666 0.01560297145 0.01857935863 nan nan
149 94007 243 243 0 -0.8525835422 0.007483634967 -0.8659367917 -0.8420377948 0.02389899687 -0.8705848586 -0.8403499853 0.03023487331 -0.2380108385 0.01335324951 0.0180013164 nan nan
150 102766 123 123 0 -0.9787299877 0.003052596951 -0.9817838238 -0.9721814362 0.009602387615 -0.9819574797 -0.9714679754 0.0104895043 0.5068975999 0.00512184947 0.005835310181 nan nan
151 117489 985 985 0 -0.1225935573 0.02263028515 -0.1794586838 -0.1048773956 0.07458128826 -0.2096920743 -0.1040049514 0.1056871229 -1.279695005 0.06749104326 0.09772443372 nan nan
152 110182 497 497 0 -0.1905227803 0.01413282038 -0.2041879165 -0.1615984868 0.04258942965 -0.2046182032 -0.1537274919 0.05089071133 0.5597464262 0.02809179716 0.03596279213 nan nan
153 108772 416 416 0 -0.9303175812 0.01532010856 -0.9563212485 -0.9064152617 0.04990598677 -0.9613123859 -0.8992771558 0.06203523015 -0.03093814436 0.02705095972 0.03248381537 nan nan
154 109484 389 389 0 -0.8871455339 0.01280760587 -0.9081867541 -0.8657973972 0.0423893569 -0.9155978504 -0.8593290606 0.05626878986 -0.01055226592 0.02310548188 0.02830463958 nan nan
155 117859 360 360 0 -0.198334147 0.01184978691 -0.210782042 -0.1746470968 0.03613494522 -0.2111658941 -0.1694542222 0.04171167191 0.4607276819 0.02334242693 0.02853530145 nan nan
156 111226 197 197 0 -0.8582375302 0.01994767565 -0.9119376608 -0.8471127705 0.06482489037 -0.9268426779 -0.8451594744 0.08168320349 -1.603878138 0.05592657037 0.07083158742 nan nan
157 121805 299 299 0 -0.1537700047 0.01028416385 -0.1701283342 -0.1392444571 0.03088387713 -0.1767685216 -0.1359103795 0.04085814217 -0.09570439597 0.01717653677 0.02361622274 nan nan
158 128643 125 125 0 -0.1984640061 0.01250960301 -0.2119832562 -0.1729382347 0.03904502149 -0.2122176495 -0.167252761 0.04496488852 0.4648045134 0.02608089634 0.0317663701 nan nan
159 111617 131 131 0 -0.8784930519 0.01875767586 -0.9240260679 -0.8567945492 0.06723151868 -0.9334384559 -0.8544306085 0.07900784737 -0.9290023213 0.0504943078 0.05990669576 nan nan
160 106153 267 267 0 -0.8766439604 0.01903516825 -0.9064566184 -0.8511736138 0.05528300457 -0.9316681217 -0.8489142222 0.08275389948 -0.2557557746 0.0292548088 0.05208358645 nan nan
161 125556 284 284 0 -0.1291547249 0.01708379074 -0.1637760255 -0.113297652 0.05047837358 -0.1701641372 -0.1122238543 0.05794028288 -0.5015369556 0.03432845672 0.04071656833 nan nan
162 172893 299 299 0 -0.1763117915 0.03681289927 -0.2124770001 -0.1150174039 0.09745959624 -0.2577567364 -0.04671985241 0.211036884 0.3027077649 0.06346184066 0.1312058709 nan nan
163 132276 103 103 0 -0.2004330374 0.01336227167 -0.2126668189 -0.1690566397 0.04361017916 -0.2127804606 -0.1662321843 0.04654827632 0.8681726768 0.02968713447 0.03251158989 nan nan
164 137830 2248 2248 0 -0.09623983024 0.01179489325 -0.1261349295 -0.08689634421 0.03923858533 -0.1404765074 -0.08504980552 0.05542670186 -1.202365337 0.03696461174 0.05130618958 nan nan
165 122741 984 984 0 -0.9306831175 0.005176900861 -0.9411524017 -0.9245159331 0.01663646866 -0.9455050824 -0.9232001779 0.02230490459 -0.5263212097 0.009712902383 0.0140655831 nan nan
166 119959 1198 1198 0 -0.8526208999 0.008528322503 -0.8659730516 -0.8397346349 0.02623841665 -0.8676118733 -0.837747014 0.02986485927 -0.03123020841 0.01485030615 0.01648912786 nan nan
167 125663 713 713 0 -0.8843039946 0.003305454007 -0.8888458361 -0.8784450798 0.01040075632 -0.8906074263 -0.8774274389 0.01317998741 0.1801283461 0.005717698218 0.006866357243 nan nan
168 134426 1663 1663 0 -0.9004625082 0.009336200095 -0.9087118812 -0.8912005297 0.01751135153 -0.9609395403 -0.8878224899 0.07311705047 -2.705888726 0.01046166348 0.06251637845 nan nan
169 121148 179 179 0 -0.8885517458 0.02056188739 -0.9272560039 -0.861570346 0.06568565789 -0.9330816633 -0.8554742471 0.07760741614 -0.2585357672 0.03594888242 0.04130161278 nan nan
170 124230 529 529 0 -0.8729025996 0.002965230517 -0.8771565397 -0.8679764161 0.009180123587 -0.8782978567 -0.8672975428 0.01100031383 0.09657849373 0.004887249348 0.005565277662 nan nan
171 210617 139 139 0 -0.8269552674 0.01542557863 -0.8592902363 -0.8083505232 0.05093971313 -0.873729533 -0.8081613425 0.06556819054 -0.499424676 0.03600188084 0.03619106151 nan nan
172 140633 1962 1962 0 -0.9162331711 0.006280655935 -0.9276881959 -0.9076530913 0.02003510461 -0.931025527 -0.9060305611 0.02499496584 -0.2745317907 0.01090363306 0.01424096412 nan nan
173 135398 171 171 0 -0.1666611403 0.01159367957 -0.1824298649 -0.1485925973 0.03383726759 -0.1854476458 -0.1419403142 0.04350733161 0.05946095023 0.01872080576 0.02380922848 nan nan
174 133633 216 216 0 -0.1976788127 0.005931328025 -0.2048068934 -0.1876331761 0.01717371732 -0.2050660035 -0.1842491623 0.02081684115 0.346596194 0.01173566479 0.01511967853 nan nan
175 147450 4176 4176 0 -0.9516901955 0.008398249568 -0.9609057539 -0.9338388599 0.02706689404 -0.9623392492 -0.9285490058 0.03379024339 0.5865866309 0.01591426575 0.02120411982 nan nan
176 143223 812 812 0 -0.2010425734 0.01211743068 -0.2099782847 -0.1722205598 0.03775772487 -0.2106890316 -0.165590167 0.04509886466 0.8647287464 0.02635562272 0.03298601557 nan nan
177 139781 1275 1275 0 -0.8570034515 0.01154997217 -0.8743682007 -0.838832232 0.03553596879 -0.8766195171 -0.8367763598 0.03984315733 0.02633281038 0.02536726288 0.02742313504 nan nan
178 143549 270 270 0 -0.8954176296 0.01656466945 -0.9151128999 -0.864672188 0.05044071193 -0.9182300627 -0.8602118115 0.05801825116 0.3414031278 0.03534724054 0.03980761696 nan nan
179 139239 105 105 0 -0.8986399533 0.01667404783 -0.9259690754 -0.8737880707 0.05218100467 -0.9289837238 -0.8696370118 0.05934671199 0.03121525239 0.02829886246 0.03244992137 nan nan
180 153520 6607 6607 0 -0.1468506149 0.01553521208 -0.1725578283 -0.1215814307 0.05097639765 -0.1787028123 -0.1095197941 0.06918301817 0.0193267158 0.02880389852 0.03551775493 nan nan
181 141443 363 363 0 -0.1383026386 0.01524395675 -0.1630018593 -0.116286998 0.04671486129 -0.1677149829 -0.1139443758 0.05377060708 -0.09753699987 0.02529577125 0.03000889485 nan nan
182 142639 163 163 0 -0.1126375996 0.003723056287 -0.1223757855 -0.1108389022 0.01153688328 -0.1270220461 -0.1105449062 0.01647713983 -1.658373738 0.01134253767 0.01598879822 nan nan
183 145776 100 100 0 -0.8509305319 0.01957732671 -0.9139764794 -0.8424847162 0.07149176321 -0.9425932918 -0.8317763973 0.1108168944 -2.319992461 0.06264376041 0.09126057279 nan nan
184 221332 544 544 0 -0.8389147842 0.01892296608 -0.8746319323 -0.8326706828 0.04196124946 -0.9636796545 -0.8317229476 0.1319567069 -3.6774134 0.03424725653 0.1232949787 nan nan
185 149881 722 722 0 -0.8836207501 0.004257229281 -0.8905966346 -0.8773185162 0.0132781184 -0.8926465082 -0.8764082973 0.01623821084 -0.1156890738 0.007078735336 0.008877757888 nan nan
186 146178 522 522 0 -0.1433537723 0.01818044312 -0.1754963885 -0.1192202823 0.05627610619 -0.1854944062 -0.1154040064 0.0700903998 -0.2647849442 0.03052088494 0.03837850133 nan nan
187 153858 2096 2096 0 -0.0862529172 0.009085621031 -0.109944015 -0.07950373047 0.03044028449 -0.1220103807 -0.07786821753 0.04414216321 -1.315605743 0.02830699963 0.04037336542 nan nan
188 166236 816 816 0 -0.8279656106 0.02729809803 -0.8884157032 -0.8096637865 0.07875191664 -0.9708268021 -0.807091806 0.1637349961 -1.488574037 0.0556132123 0.1380243113 nan nan
189 208136 1427 1427 0 -0.9280173571 0.008655775673 -0.9390058572 -0.9116160229 0.02738983431 -0.9569710179 -0.9050558743 0.05191514359 0.3496762348 0.02420423346 0.030764382 nan nan
190 206453 184 184 0 -0.8401827213 0.01573450066 -0.8611030233 -0.8109287775 0.05017424578 -0.8686570969 -0.8068641415 0.06179295543 0.414488184 0.02959776349 0.03366239957 nan nan
191 154612 1301 1301 0 -0.8576966192 0.01178215795 -0.8746317094 -0.8379751104 0.036656599 -0.8764682012 -0.8357705154 0.04069768587 0.1108179546 0.02415212744 0.02598861928 nan nan
192 177361 1887 1887 0 -0.9043811558 0.008244722921 -0.9213199811 -0.893907329 0.0274126521 -0.9283002722 -0.8908607665 0.03743950568 -0.5048442487 0.01942851461 0.02640880568 nan nan
193 167099 764 764 0 -0.8086427852 0.04555645725 -0.9754250488 -0.8073629802 0.1680620687 -1.020702889 -0.8071158065 0.2135870822 -3.303506523 0.1679093763 0.2131872161 nan nan
194 157115 221 221 0 -0.1935741059 0.0126033788 -0.2147409355 -0.1761761364 0.03856479916 -0.2199254448 -0.1609744121 0.05895103269 -0.03565847348 0.02064466617 0.03491092649 nan nan
195 164681 210 210 0 -0.1300453859 0.02619742468 -0.1896008056 -0.1102682855 0.07933252017 -0.1995360893 -0.109594726 0.08994136334 -0.8507256744 0.0519747772 0.06191006087 nan nan
196 163388 285 285 0 -0.191556243 0.01401340966 -0.2051559269 -0.162888721 0.04226720593 -0.2059039987 -0.1587722864 0.0471317123 0.5307502867 0.02616312653 0.03027956106 nan nan
197 177609 4803 4803 0 -0.9401016768 0.009251640666 -0.9526274164 -0.9232545999 0.02937281646 -0.9554542689 -0.9164784367 0.03897583218 0.2835499366 0.01619043234 0.02114133864 nan nan
198 178512 712 712 0 -0.1261463238 0.02071095553 -0.1662773596 -0.1060934217 0.06018393792 -0.2020371352 -0.1052935699 0.09674356533 -0.9053547873 0.04912724055 0.08488701615 nan nan
199 173370 5319 5319 0 -0.1063234709 0.01301122654 -0.1285674032 -0.08713314688 0.04143425634 -0.1352976535 -0.07508216553 0.06021548793 -0.1153669671 0.02330749695 0.03127826488 nan nan
200 160342 344 344 0 -0.1330892368 0.01637625547 -0.1597643128 -0.1107761357 0.0489881771 -0.1618560761 -0.1101051382 0.05175093798 -0.167135991 0.02939227299 0.03148403631 nan nan
201 176058 141 141 0 -0.173515603 0.03533082975 -0.2121678522 -0.1155102187 0.09665763347 -0.2467206425 -0.06609019004 0.1806304525 0.2615202072 0.05362673471 0.1026397663 nan nan
202 176186 336 336 0 -0.224215417 0.008775861347 -0.2365966449 -0.2099339128 0.02666273202 -0.2418951212 -0.1958364059 0.04605871526 0.2563736968 0.01553943513 0.02923263107 nan nan
203 165534 461 461 0 -0.1955159208 0.01422237812 -0.2087280607 -0.1652638039 0.04346425675 -0.2091113598 -0.1613059092 0.04780545065 0.5406179935 0.02873079885 0.03268869364 nan nan
204 180326 1925 1925 0 -0.9170220141 0.007063929333 -0.9290131794 -0.9056266499 0.02338652953 -0.9351489781 -0.9015782994 0.03357067873 -0.07946739464 0.01363627065 0.01962707608 nan nan
205 158732 187 187 0 -0.8115266658 0.006586930824 -0.8308701884 -0.809479904 0.02139028439 -0.8342524459 -0.809269253 0.02498319291 -1.840186108 0.01918152062 0.02256377814 nan nan
206 174781 4283 4283 0 -0.07765412809 0.0206604325 -0.1342004312 -0.06306882803 0.07113160318 -0.180855363 -0.05885393284 0.1220014302 -2.392687806 0.06003001106 0.1066849429 nan nan
207 207023 838 838 0 -0.9018016117 0.01344552161 -0.9207061992 -0.873482103 0.04722409624 -0.9328554655 -0.8619196561 0.07093580941 0.5483371114 0.03604625139 0.04760869828 nan nan
208 170168 594 594 0 -0.885075893 0.01200597346 -0.9107492247 -0.8777898037 0.03295942099 -0.9148994792 -0.8765150006 0.03838447859 -0.2929177024 0.02944153774 0.03359179227 nan nan
209 185410 274 274 0 -0.8712704056 0.02073708409 -0.9135505951 -0.8442575664 0.06929302874 -0.926460492 -0.8417305609 0.0847299311 -0.5308485834 0.04767459896 0.06058449584 nan nan
210 174403 229 229 0 -0.8177990377 0.006248370071 -0.8326013582 -0.8132947446 0.01930661355 -0.8335859625 -0.8093950962 0.02419086631 -0.6955047013 0.01844983992 0.01943444426 nan nan
211 182469 1318 1318 0 -0.8978095375 0.008462289121 -0.9154607937 -0.8877857348 0.02767505896 -0.921589441 -0.8844714626 0.03711797845 -0.5348760401 0.02196542658 0.02809407387 nan nan
212 172987 1633 1633 0 -0.853410278 0.0109614178 -0.8724771227 -0.8378582275 0.03461889527 -0.8751429114 -0.8346730152 0.04046989623 -0.07620793369 0.02101562386 0.02368141257 nan nan
213 186177 644 644 0 -0.8217307112 0.004168504247 -0.8283081627 -0.8153399245 0.01296823822 -0.8298325448 -0.8142767474 0.01555579742 -0.01927753933 0.01148270611 0.01300708825 nan nan
214 178238 100 100 0 -0.9214449556 0.01562325236 -0.9421212501 -0.8981486349 0.0439726152 -0.9589914793 -0.881733457 0.07725802231 0.213092913 0.03152550218 0.04078286776 nan nan
215 210584 366 366 0 -0.8353674658 0.04177924262 -0.9484865019 -0.8322339701 0.1162525318 -0.9670765462 -0.8311852193 0.1358913269 -1.26638804 0.1125176179 0.1311076621 nan nan
216 216699 263 263 0 -0.8305619897 0.009431684657 -0.8337470739 -0.8111545119 0.02259256205 -0.8344266655 -0.8095518073 0.0248748582 0.4969572658 0.02071626867 0.02139586022 nan nan
217 183435 482 482 0 -0.1461805168 0.01291371195 -0.1689344591 -0.1283372914 0.04059716772 -0.188457318 -0.1242332314 0.06422408661 -0.4310466018 0.02613006008 0.04565291902 nan nan
218 182911 276 276 0 -0.1804991405 0.009648288356 -0.1960661229 -0.1659394999 0.030126623 -0.2008873163 -0.1632331343 0.037654182 -0.1803757501 0.01751764092 0.02233883433 nan nan
219 206335 1723 1723 0 -0.8844115431 0.005795678952 -0.8943431938 -0.8754779918 0.01886520196 -0.8978154031 -0.8733035187 0.02451188443 -0.1201868264 0.01305416874 0.01522864183 nan nan
220 184474 2442 2442 0 -0.07676272327 0.01889971589 -0.121398891 -0.06488784374 0.05651104726 -0.1508986103 -0.06305822029 0.08784039001 -0.9501647545 0.04142967106 0.07092939036 nan nan
221 192450 399 399 0 -0.8370876807 0.020516823 -0.8414975867 -0.8307100306 0.01078755611 -0.9750875882 -0.8289442731 0.146143315 -5.387512071 0.0097374377 0.1356888387 nan nan
222 208331 401 401 0 -0.9378867584 0.005099397851 -0.9424114018 -0.9266746559 0.0157367459 -0.943136746 -0.9230111891 0.02012555686 0.7393428465 0.0133704645 0.0170339313 nan nan
223 183190 554 554 0 -0.133546586 0.01514354385 -0.1579098862 -0.1106554181 0.04725446804 -0.1630320653 -0.1080917175 0.05494034782 -0.04956306598 0.02533450928 0.02921624156 nan nan
224 203291 359 359 0 -0.178258856 0.01192282614 -0.203847217 -0.1627900087 0.04105720833 -0.207482243 -0.160757105 0.04672513795 -0.5260936541 0.02163255929 0.02490919612 nan nan
225 206855 441 441 0 -0.9399684856 0.004762525496 -0.9445284148 -0.9296073212 0.01492109357 -0.9452335085 -0.926031643 0.01920186547 0.6528678395 0.01091779117 0.01449346939 nan nan
226 185286 239 239 0 -0.1115238236 0.009798366962 -0.1383499366 -0.108773299 0.02957663765 -0.1591967746 -0.1083292332 0.05086754145 -2.371026552 0.02896444995 0.04981128797 nan nan
227 203774 742 742 0 -0.8940601426 0.006179492788 -0.9050087399 -0.8850598851 0.01994885486 -0.9107991763 -0.8823840664 0.02841510987 -0.2828062579 0.0121539216 0.01462503806 nan nan
228 190234 387 387 0 -0.193737249 0.01341594918 -0.2051887096 -0.1632808095 0.04190790015 -0.2058128086 -0.1596984362 0.04611437233 0.6266582616 0.0273758258 0.03095819904 nan nan
229 185383 315 315 0 -0.8414425824 0.004482341071 -0.8489533842 -0.8348540533 0.01409933087 -0.8511978321 -0.8341071866 0.01709064548 -0.1491674677 0.008272262063 0.009019128825 nan nan
230 189351 290 290 0 -0.2049816009 0.004273199351 -0.2081771944 -0.1953324434 0.01284475093 -0.2084659086 -0.1927341738 0.01573173473 0.8670910071 0.007416354529 0.01001462412 nan nan
231 185895 197 197 0 -0.8554323624 0.004319365109 -0.8619890849 -0.848314144 0.01367494089 -0.8642808747 -0.8457472728 0.0185336019 0.06630205563 0.007721332565 0.009540124324 nan nan
232 205580 1044 1044 0 -0.8697701685 0.004629037408 -0.876714529 -0.8613408666 0.01537366232 -0.8783568491 -0.8587224607 0.01963438844 0.2142250182 0.01187924347 0.01449764941 nan nan
233 222014 341 341 0 -0.8586793303 0.0228589104 -0.9373475866 -0.8419226583 0.09542492824 -0.9733173229 -0.8360371831 0.1372801398 -3.580179217 0.07785243414 0.1138221705 nan nan
234 209856 1011 1011 0 -0.8590180491 0.004459241561 -0.8666726933 -0.8523869224 0.01428577084 -0.8686788712 -0.8494711324 0.01920773882 -0.1146238055 0.008110161575 0.009888304042 nan nan
235 200937 376 376 0 -0.8392669886 0.002684935033 -0.842815398 -0.8339276709 0.008887727068 -0.8440182805 -0.8317775726 0.01224070788 0.4507172478 0.005141722434 0.006446485321 nan nan
236 199150 526 526 0 -0.8405421605 0.002689984737 -0.8445253706 -0.8358601617 0.008665208978 -0.8451729818 -0.8346677101 0.01050527172 0.1575216406 0.00467605483 0.005668952656 nan nan
237 216119 1642 1642 0 -0.8716122393 0.009201924285 -0.8852515496 -0.8558950119 0.02935653768 -0.8921470016 -0.8531953042 0.03895169749 0.06447428644 0.01624800962 0.0231434617 nan nan
238 199588 250 250 0 -0.8468834763 0.00126599247 -0.8488595809 -0.8447262605 0.004133320436 -0.8492274357 -0.8433754741 0.005851961546 0.1560966162 0.002173032114 0.003502441727 nan nan
239 197604 275 275 0 -0.8437784814 0.003255183302 -0.8484893832 -0.8384126557 0.0100767275 -0.8493888576 -0.837518759 0.01187009864 0.09245712774 0.006223419921 0.007122894385 nan nan
240 210040 263 263 0 -0.8510357339 0.001392696835 -0.8534483268 -0.8489440815 0.004504245232 -0.8540634347 -0.8484950629 0.005568371784 -0.1343100376 0.002535117463 0.002933246585 nan nan
241 199000 211 211 0 -0.06311134476 0.001415828983 -0.06612527816 -0.06174477922 0.004380498936 -0.06932308849 -0.06137042686 0.007952661637 -1.115987044 0.004045588614 0.00724339895 nan nan
242 200736 200 200 0 -0.0663968071 0.008718158038 -0.08647231426 -0.06092837745 0.0255439368 -0.093299174 -0.06056188967 0.03273728433 -0.8934509874 0.02240678257 0.02923364232 nan nan
243 201396 189 189 0 -0.0791921018 0.01271207188 -0.1067988354 -0.06759274506 0.03920609036 -0.114459119 -0.06634099821 0.04811812079 -0.6774205146 0.02407913678 0.03173942036 nan nan
244 209191 143 143 0 -0.8407109611 0.003470502934 -0.842973233 -0.8325371512 0.01043608181 -0.8432365295 -0.8315327418 0.01170378773 0.8084890328 0.008440201322 0.009444610698 nan nan
245 211697 262 262 0 -0.8454053334 0.001551842594 -0.8474874708 -0.8425860846 0.004901386235 -0.8484062097 -0.841651812 0.006754397668 0.2618388239 0.002778441299 0.003407203585 nan nan
246 215691 654 654 0 -0.8698344527 0.01464106746 -0.9002843409 -0.8548160963 0.04546824464 -0.9107710882 -0.8461555953 0.06461549296 -0.5988466853 0.03447564721 0.04496239456 nan nan
247 214361 173 173 0 -0.8430416816 0.003380072087 -0.8454099261 -0.8343050201 0.01110490596 -0.8461803769 -0.8322227555 0.0139576214 1.067965688 0.008736661477 0.01081892609 nan nan
248 216912 387 387 0 -0.850366078 0.001874072224 -0.8536470943 -0.8477582603 0.005888833999 -0.8544971437 -0.846939618 0.007557525678 -0.2006117945 0.003273837515 0.004075703966 nan nan
249 217460 1422 1422 0 -0.8709858081 0.01337359491 -0.8959015612 -0.8551658831 0.04073567804 -0.9087301789 -0.8448028817 0.06392729723 -0.3895913088 0.02740377108 0.04023238884 nan nan
250 217348 174 174 0 -0.8545832859 0.003365455441 -0.8592522294 -0.8487155459 0.01053668351 -0.8605243324 -0.8473437513 0.01318058112 0.1743760907 0.005782793869 0.006763980808 nan nan
251 218011 161 161 0 -0.844861847 0.002576605984 -0.8489948457 -0.8406933772 0.008301468563 -0.8498663424 -0.8397726186 0.01009372372 -0.02437953858 0.004606583258 0.005487140464 nan nan
252 219305 271 271 0 -0.8413738928 0.004514681102 -0.8463875819 -0.8324139738 0.01397360812 -0.8470448371 -0.8313957379 0.01564909922 0.421890256 0.007771615281 0.008789851137 nan nan
253 220313 300 300 0 -0.850447957 0.002430623874 -0.8538099934 -0.8461995909 0.007610402491 -0.8543124893 -0.8449564498 0.009356039464 0.2717337258 0.004112702924 0.005355843997 nan nan

K=254, phase=forward, parameter=e [-]
cluster representative_source n_cluster n_valid n_missing median std p05 p95 width90 minimum maximum range skewness error95 error_max angle_origin_deg angle_resultant
0 85979 327 327 0 0.4519975911 0.05043797019 0.3672614512 0.5163953701 0.1491339189 0.3529399738 0.5175630429 0.1646230692 -0.239188284 0.07551519297 0.08983667038 nan nan
1 63455 190 190 0 0.3742836064 0.01311828856 0.3621991853 0.4044503611 0.04225117581 0.3590706997 0.4140380372 0.05496733756 0.8828509385 0.02273585804 0.03219274001 nan nan
2 32918 231 231 0 0.5079750024 0.01247760497 0.4911996073 0.5146155106 0.02341590325 0.485812868 0.5727162374 0.08690336937 2.638660708 0.02307940577 0.06121413659 nan nan
3 30549 244 244 0 0.2735860761 0.06528067 0.1973453618 0.3560282999 0.1586829381 0.1697123633 0.5650182522 0.395305889 0.6737706658 0.1196373413 0.2584460485 nan nan
4 32924 241 241 0 0.4713098356 0.0187994537 0.4389325335 0.4987477829 0.05981524934 0.3983974504 0.5118121445 0.1134146941 -0.3848522533 0.03786676555 0.06300753968 nan nan
5 26014 346 346 0 0.3860742424 0.01530008315 0.3605060617 0.4080822117 0.04757614993 0.3593739952 0.4356242015 0.0762502063 0.1783011192 0.02630167621 0.04945194473 nan nan
6 24452 115 115 0 0.3204236082 0.03599215184 0.2785474462 0.389915656 0.1113682098 0.2739853834 0.4393274295 0.1653420461 0.7793550181 0.08026243008 0.1296742035 nan nan
7 3664 104 104 0 0.4331754406 0.007887567412 0.4184307924 0.4444655162 0.0260347238 0.4132336469 0.4489068953 0.0356732483 -0.2410777364 0.01558044398 0.02059967186 nan nan
8 11041 434 434 0 0.2017381785 0.02353251453 0.1882738615 0.2293897836 0.04111592208 0.187579646 0.4204453479 0.2328657019 4.841556323 0.02550258018 0.2165581445 nan nan
9 39621 129 129 0 0.6487854677 0.05259992296 0.5712834172 0.7232261666 0.1519427494 0.52741428 0.7243034827 0.1968892027 -0.1417881345 0.1120877194 0.1559568567 nan nan
10 103603 107 107 0 0.3127325284 0.08059937036 0.1997371235 0.4916166423 0.2918795188 0.1760689075 0.5107352237 0.3346663162 0.5107044192 0.1566255324 0.1681814383 nan nan
11 5745 933 933 0 0.3453621771 0.01166607638 0.3257528222 0.3648158236 0.03906300136 0.3196577652 0.3773671439 0.05770937874 0.09010511404 0.0237946793 0.03634599967 nan nan
12 6801 590 590 0 0.3664724748 0.008255404594 0.3565425946 0.3840058577 0.02746326313 0.3539981226 0.3922095028 0.0382113802 0.6825629978 0.02082894229 0.0290325874 nan nan
13 8099 2431 2431 0 0.4598145155 0.03405768396 0.3913542094 0.4967568865 0.1054026771 0.3743092139 0.5036010336 0.1292918197 -0.4688594758 0.05507025913 0.07072201746 nan nan
14 9816 732 732 0 0.3193628793 0.0111529744 0.3022737121 0.3392419631 0.03696825102 0.2961950764 0.3511686095 0.05497353312 0.2215685516 0.02318725273 0.03511389908 nan nan
15 8933 1310 1310 0 0.4035923112 0.01757558419 0.37522779 0.4311874025 0.05595961257 0.36981521 0.4385815953 0.06876638534 -0.01327974255 0.03838390422 0.04577809699 nan nan
16 23245 3717 3717 0 0.5349789028 0.01515065994 0.5044998978 0.5523377645 0.04783786664 0.4976087052 0.5562090262 0.05860032094 -0.422870071 0.04188003022 0.04877122282 nan nan
17 14019 388 388 0 0.3523880242 0.01027236511 0.3363282863 0.3691871964 0.03285891009 0.3331697072 0.3754385652 0.04226885797 0.07000678573 0.01804632462 0.02227779154 nan nan
18 16399 130 130 0 0.230573923 0.003600224043 0.222556174 0.2323306368 0.009774462854 0.2175441972 0.2332197163 0.01567551913 -1.111543647 0.007725354512 0.01273733131 nan nan
19 16774 864 864 0 0.4245000183 0.03669063125 0.375973504 0.4897676683 0.1137941643 0.3692309094 0.4999345008 0.1307035913 0.2205373261 0.06528211296 0.07544894545 nan nan
20 15491 1117 1117 0 0.4627299998 0.01908638473 0.4353083445 0.4959695047 0.06066116024 0.4258770809 0.5008442491 0.07496716825 0.132182819 0.03302094175 0.03889393917 nan nan
21 35494 612 612 0 0.4782990634 0.05541814918 0.3707224039 0.5186692083 0.1479468043 0.3666230521 0.5198946333 0.1532715812 -0.4942620669 0.1100483656 0.1141477174 nan nan
22 27925 805 805 0 0.3554623168 0.07893595816 0.2087095478 0.4435135651 0.2348040173 0.1744760026 0.5711935452 0.3967175426 -0.2766411674 0.1959561811 0.2301897263 nan nan
23 27009 105 105 0 0.3702585213 0.01818094526 0.3430251049 0.3991955932 0.05617048834 0.3337736944 0.4119789126 0.07820521818 0.05495412322 0.03628431808 0.04906763746 nan nan
24 27674 102 102 0 0.637082861 0.03924679776 0.5746021946 0.6944273358 0.1198251411 0.5595345129 0.7147084284 0.1551739155 0.00457386084 0.06489935094 0.08316644305 nan nan
25 28800 154 154 0 0.4967779623 0.02588561766 0.4774114275 0.5488144284 0.07140300097 0.4771963105 0.5663983644 0.08920205391 0.6449761247 0.04174212194 0.05932605787 nan nan
26 24710 298 298 0 0.2348064724 0.04293477968 0.2279413943 0.240740184 0.01279878975 0.2248097008 0.5053994009 0.2805897001 5.483427649 0.007640000642 0.2710110143 nan nan
27 24314 122 122 0 0.5547951545 0.01997735545 0.5243226732 0.5868223311 0.06249965794 0.5139581001 0.5919044944 0.07794639431 0.05696146927 0.03404508019 0.0444096533 nan nan
28 26984 755 755 0 0.5838931487 0.01793478776 0.5510690411 0.6080758588 0.05700681764 0.5453221013 0.6149538134 0.06963171211 -0.2133320642 0.03263038919 0.03837732908 nan nan
29 28358 133 133 0 0.4225835576 0.02075443561 0.3893202709 0.4555954307 0.06627515986 0.377251649 0.4749607454 0.09770909647 0.1689966842 0.0399579034 0.05871523518 nan nan
30 20473 133 133 0 0.3303780702 0.01380743029 0.3069468033 0.3506774436 0.04373064037 0.3017816544 0.3528759786 0.05109432418 -0.1243569462 0.02557687294 0.03074202183 nan nan
31 27651 383 383 0 0.5286926701 0.01265913912 0.5065674647 0.5469735731 0.04040610849 0.4946781204 0.5510115268 0.05633340637 -0.2649964805 0.02342849252 0.03531783675 nan nan
32 23098 571 571 0 0.4257797192 0.0212481345 0.3899957327 0.4583770916 0.06838135898 0.3796543612 0.4673826927 0.08772833158 -0.09838840004 0.03752738152 0.04394273286 nan nan
33 37896 1931 1931 0 0.3962531084 0.008561838952 0.3820923711 0.4102705151 0.02817814398 0.3786585479 0.4154574432 0.03679889526 0.08686203412 0.0158321476 0.02001092512 nan nan
34 28773 303 303 0 0.4943244573 0.01068862659 0.477048364 0.5114546698 0.03440630577 0.4682248569 0.5155225014 0.04729764457 -0.004208661308 0.01982363151 0.02593873368 nan nan
35 48712 2507 2507 0 0.4213342143 0.01152305749 0.4054861245 0.4419137993 0.03642767475 0.3999458667 0.4479718968 0.04802603016 0.2492383963 0.02111118541 0.02716928296 nan nan
36 39067 542 542 0 0.4611570064 0.01184712333 0.4456782591 0.4823580276 0.03667976858 0.4350424381 0.4916225697 0.05658013162 0.1974860446 0.0220090007 0.02898034165 nan nan
37 29014 341 341 0 0.6140217224 0.01290611739 0.5841792749 0.6273307295 0.04315145461 0.5724086674 0.6303443261 0.05793565865 -0.8634033398 0.03444981747 0.04622042495 nan nan
38 37196 396 396 0 0.4691304716 0.0182800576 0.4467071379 0.50369382 0.05698668211 0.4307026396 0.5091279614 0.07842532178 0.3139470236 0.03315989078 0.04010893428 nan nan
39 31987 124 124 0 0.3842857818 0.02414905166 0.3579329719 0.4302946617 0.0723616898 0.3575077404 0.4478867759 0.09037903541 0.5567402455 0.04562220537 0.06321431949 nan nan
40 38523 998 998 0 0.3330999529 0.02067720309 0.2998951626 0.3672259904 0.0673308278 0.2916400388 0.3804783548 0.08883831597 0.05188273316 0.0373929114 0.04782222078 nan nan
41 39953 437 437 0 0.6065573373 0.02781415095 0.5724557297 0.6612332775 0.08877754782 0.5492203136 0.6792745575 0.1300542439 0.3768125309 0.05227508417 0.06618503551 nan nan
42 33753 165 165 0 0.5321249703 0.01682334211 0.5108685931 0.563002513 0.05213391981 0.5009595453 0.57290195 0.07194240468 0.3022731978 0.03198265198 0.03988925298 nan nan
43 33520 139 139 0 0.7078103506 0.02740361796 0.6724384828 0.757225625 0.08478714213 0.6644715273 0.7643192365 0.09984770925 0.2269160853 0.04523403423 0.05121073052 nan nan
44 22053 118 118 0 0.20310484 0.01248019483 0.1873646244 0.2228583624 0.03549373798 0.1868538066 0.2250031407 0.03814933408 0.1403041553 0.0182968648 0.01991212386 nan nan
45 28876 1819 1819 0 0.5255026652 0.01094240526 0.503382795 0.5376922373 0.03430944231 0.4923779036 0.540506714 0.04812881047 -0.499355883 0.03205367603 0.04305856747 nan nan
46 31921 185 185 0 0.8721993517 0.04343531731 0.7547368602 0.8929455285 0.1382086683 0.6727240538 0.893771873 0.2210478193 -2.144180486 0.08438904888 0.1664018553 nan nan
47 63654 918 918 0 0.3055380788 0.02002790109 0.2855075654 0.3487741671 0.06326660177 0.2804765478 0.3663314646 0.08585491676 0.7029320363 0.03831730894 0.05587460638 nan nan
48 25979 271 271 0 0.4740783443 0.00960254914 0.4565058791 0.4872193793 0.03071350018 0.4483111672 0.4884352493 0.04012408208 -0.3722076061 0.01792458232 0.02611929422 nan nan
49 34381 364 364 0 0.3664848805 0.01255009459 0.3440721809 0.384561712 0.04048953115 0.3338911658 0.3910827314 0.05719156558 -0.3222887519 0.02341816566 0.0307397737 nan nan
50 27543 164 164 0 0.495895838 0.004254547821 0.4892722067 0.5016221375 0.01234993078 0.4886730447 0.5158410698 0.0271680251 0.5035040439 0.008698617053 0.02291754936 nan nan
51 31181 387 387 0 0.4415270841 0.03713611185 0.3794898685 0.4949731816 0.1154833131 0.3724001939 0.5074896888 0.1350894949 -0.1250154416 0.07468840109 0.08720490833 nan nan
52 54182 630 630 0 0.408027604 0.02334950141 0.3795711065 0.4531100386 0.07353893214 0.3713059076 0.4861843302 0.1148784225 0.5459269466 0.04676305302 0.07983734458 nan nan
53 44959 538 538 0 0.4295820883 0.01722034874 0.4023960613 0.4603856328 0.0579895715 0.3974361136 0.4724496846 0.07501357097 0.2306685306 0.03152678042 0.04143533232 nan nan
54 34110 107 107 0 0.4317960412 0.01326078109 0.410131881 0.4519160212 0.04178414017 0.4052634647 0.458257699 0.05299423426 -0.0852940993 0.02274561434 0.02801181986 nan nan
55 36331 477 477 0 0.6244502801 0.01924086515 0.5799840681 0.6423552066 0.06237113849 0.5527199589 0.6461747696 0.0934548107 -1.211271332 0.05802326872 0.08528737792 nan nan
56 34797 152 152 0 0.3613290039 0.03080272945 0.3085525096 0.4040455822 0.09549307257 0.3015148488 0.4130048554 0.1114900067 -0.1659541751 0.05159837703 0.05619634184 nan nan
57 37640 310 310 0 0.7229936705 0.05842680271 0.6341985056 0.8161876994 0.1819891938 0.6231597659 0.8288683111 0.2057085452 0.03182767217 0.09727470851 0.1077519826 nan nan
58 35564 103 103 0 0.7525011932 0.02739618419 0.711910985 0.7968352956 0.08492431062 0.7047702951 0.8153188933 0.1105485982 0.1398190329 0.04776189036 0.05992605266 nan nan
59 40092 208 208 0 0.4483042451 0.09360901185 0.1699692016 0.5054764589 0.3355072573 0.1691216238 0.5119137313 0.3427921075 -1.877490907 0.2760183534 0.2768659311 nan nan
60 46788 439 439 0 0.4725279317 0.01389987205 0.4415522587 0.4872659671 0.04571370836 0.4318333438 0.4885809107 0.05674756688 -0.6520918427 0.02746898847 0.03718790333 nan nan
61 40151 137 137 0 0.3742023098 0.008428421714 0.3614318189 0.3881239448 0.02669212585 0.3598464799 0.4007109623 0.04086448241 0.3593116274 0.0155571291 0.02422326303 nan nan
62 36135 101 101 0 0.5030088126 0.02674022279 0.4791239233 0.5628240297 0.08370010643 0.4787227965 0.5664157214 0.08769292494 0.6230754809 0.06547761853 0.06906931021 nan nan
63 69158 1605 1605 0 0.516149003 0.009563664922 0.4961086837 0.5266310662 0.03052238248 0.4886899658 0.5294155266 0.04072556083 -0.6630618072 0.02056461731 0.02798333519 nan nan
64 37782 106 106 0 0.3903699858 0.02344500752 0.3516017996 0.4239273683 0.07232556867 0.3355705605 0.4778075445 0.142236984 0.4190934249 0.04204886201 0.09244189885 nan nan
65 40932 301 301 0 0.5666281621 0.01886759465 0.5365492053 0.59550181 0.05895260466 0.5275409452 0.6004122955 0.07287135034 -0.05754025128 0.03161680097 0.03954147113 nan nan
66 53385 1419 1419 0 0.4907335653 0.02367943994 0.4629381564 0.5384064336 0.07546827712 0.4492714789 0.5666174357 0.1173459568 0.5683535138 0.04531682319 0.0735278253 nan nan
67 41179 329 329 0 0.6275779121 0.02083653418 0.5887086654 0.651281833 0.06257316763 0.5768815173 0.6541172726 0.0772357553 -0.3876237642 0.03812636078 0.04995350886 nan nan
68 40775 123 123 0 0.502472033 0.02548509126 0.4804590448 0.5526451647 0.07218611991 0.4796653587 0.5642042427 0.08453888401 0.6433500354 0.05017313171 0.06173220965 nan nan
69 40044 281 281 0 0.655533234 0.01109798235 0.6292569644 0.66590446 0.0366474956 0.6052876516 0.6681365296 0.06284887795 -1.435923675 0.03127592257 0.05524523538 nan nan
70 41322 100 100 0 0.6702161188 0.02141111498 0.6367529418 0.7037007714 0.06694782966 0.6295049446 0.7162487099 0.08674376535 0.0286439203 0.03668436102 0.04477969589 nan nan
71 42769 220 220 0 0.5156106536 0.01201487378 0.4959029498 0.5357391154 0.03983616559 0.4897057851 0.5420860613 0.05238027623 0.03968215771 0.0229160028 0.0274483705 nan nan
72 49239 3945 3945 0 0.6199928819 0.04916917993 0.5392672087 0.6892829783 0.1500157697 0.4837421922 0.7014729021 0.2177307099 -0.1548231527 0.08094905777 0.1364205098 nan nan
73 58691 1518 1518 0 0.5042057279 0.03793975157 0.4493998055 0.5700139014 0.120614096 0.4269497944 0.5861238999 0.1591741055 0.1529995888 0.07089735293 0.08680224699 nan nan
74 45100 357 357 0 0.6135073781 0.0289856735 0.5612599875 0.6528145505 0.09155456298 0.5450817709 0.6637487293 0.1186669584 -0.2531927106 0.05050454368 0.06368731659 nan nan
75 46232 397 397 0 0.5513420825 0.02178764894 0.5191034312 0.5886520025 0.06954857131 0.5096917484 0.6030379618 0.09334621344 0.1556029622 0.03910768678 0.05073961804 nan nan
76 48040 389 389 0 0.4792407038 0.01721698097 0.4514616422 0.5063316034 0.05486996112 0.4477113415 0.5146283131 0.0669169716 0.002938777832 0.02965962237 0.03515303076 nan nan
77 108104 169 169 0 0.4353272253 0.02899636117 0.3878623761 0.4897690812 0.1019067051 0.3822888387 0.5005072234 0.1182183847 0.3008324591 0.06105938397 0.07179752616 nan nan
78 51135 146 146 0 0.3647047877 0.006978917561 0.3609407485 0.3829858965 0.02204514809 0.3605768019 0.3984148641 0.03783806211 3.111222587 0.01738850709 0.03281747461 nan nan
79 81689 131 131 0 0.492374073 0.1019299569 0.172027688 0.5121657279 0.3401380399 0.169493203 0.5721043294 0.4026111264 -1.823037419 0.3263443175 0.3288788026 nan nan
80 85728 204 204 0 0.4944119888 0.003901080121 0.489333979 0.5011815236 0.01184754455 0.4887079472 0.50314142 0.01443347283 0.2142585769 0.007710242875 0.009670139305 nan nan
81 68020 149 149 0 0.3902871642 0.03533494764 0.3223671186 0.4339086447 0.1115415262 0.3022404132 0.4529274001 0.1506869869 -0.3974024875 0.06328200128 0.08083225468 nan nan
82 68805 401 401 0 0.2402908997 0.01918763697 0.2194319362 0.2529423939 0.03351045771 0.2128649497 0.4376589476 0.2247939979 6.773339562 0.02160892728 0.1973680479 nan nan
83 61429 2192 2192 0 0.4345075729 0.01247851727 0.4180051199 0.4588233009 0.04081818095 0.398831628 0.4695361948 0.07070456683 0.3731457643 0.02535232521 0.0359979376 nan nan
84 78512 110 110 0 0.4109012596 0.01662353251 0.3916316286 0.4434880346 0.05185640608 0.386987243 0.4512281336 0.06424089058 0.4784590276 0.03095148211 0.0386915811 nan nan
85 61854 355 355 0 0.6927070132 0.02212084034 0.6466334986 0.7067709243 0.06013742569 0.5731798641 0.7122572643 0.1390774002 -2.164731202 0.05598314977 0.1294367843 nan nan
86 84525 148 148 0 0.4065139066 0.01784036613 0.3844776317 0.4390872776 0.05460964589 0.3793538182 0.4461433619 0.0667895437 0.3319512291 0.03009364058 0.03624205245 nan nan
87 64146 2146 2146 0 0.5478449997 0.03674756747 0.5089707197 0.62156627 0.1125955504 0.5054648578 0.6441008311 0.1386359732 0.4983056713 0.0700758119 0.09261037292 nan nan
88 59431 483 483 0 0.4951366381 0.01660662293 0.4714873045 0.5230316444 0.05154433988 0.467330665 0.5315945323 0.06426386729 0.1514984084 0.02808588382 0.03664877176 nan nan
89 91021 9400 9400 0 0.5724320556 0.04293397462 0.5226207546 0.6619063354 0.1392855809 0.5122882673 0.6846117877 0.1723235205 0.511190484 0.08124222356 0.1039476759 nan nan
90 71671 107 107 0 0.6214484673 0.08241250345 0.5219912436 0.7703704917 0.2483792481 0.5146625863 0.7948502693 0.280187683 0.3022860093 0.1462840447 0.1707638224 nan nan
91 66122 721 721 0 0.498105338 0.01725906877 0.4770507614 0.5318352653 0.05478450389 0.4709399528 0.5402134533 0.06927350045 0.3817872061 0.03100679656 0.03938498458 nan nan
92 67639 110 110 0 0.5750811131 0.08494781268 0.4817705415 0.7235806987 0.2418101572 0.4809949078 0.7251866045 0.2441916967 0.1899592957 0.1594213195 0.1610272253 nan nan
93 87754 412 412 0 0.3890741758 0.01868749819 0.3614336984 0.4225427302 0.06110903173 0.3512804722 0.4354675288 0.08418705668 0.178203121 0.03492797327 0.04307429395 nan nan
94 83313 385 385 0 0.462554226 0.01488334879 0.4354281448 0.4839179157 0.04848977087 0.4278476544 0.4883502838 0.06050262945 -0.28082169 0.02672952941 0.03431001983 nan nan
95 82350 308 308 0 0.5604577668 0.08200547973 0.4748765658 0.7162351809 0.241358615 0.472588083 0.7188033841 0.2462153012 0.3614142171 0.146994459 0.1495626622 nan nan
96 153042 1790 1790 0 0.3479342984 0.0807027113 0.1774317214 0.4479129504 0.2704812289 0.1700719612 0.5558504185 0.3857784574 -0.419929953 0.1440812987 0.240827347 nan nan
97 90938 1604 1604 0 0.5045242382 0.02695489941 0.4663916324 0.5493984416 0.08300680921 0.4627702335 0.5745457466 0.1117755131 0.1978522234 0.0508312265 0.07597853153 nan nan
98 76101 479 479 0 0.6011044009 0.02754993518 0.5554074749 0.6459785746 0.09057109965 0.5455915835 0.6597122335 0.11412065 0.01277535497 0.05027088319 0.06187858125 nan nan
99 63400 771 771 0 0.6716724837 0.0296665698 0.6327443864 0.7288036395 0.09605925309 0.6161674297 0.7478713016 0.131703872 0.3545424485 0.05435737327 0.07193500192 nan nan
100 152129 1017 1017 0 0.370707289 0.01797475118 0.3548792938 0.4106970759 0.05581778214 0.3534727016 0.4189689496 0.06549624804 0.6908039319 0.03436687895 0.04263875266 nan nan
101 69844 868 868 0 0.4462010946 0.008419104713 0.4370020589 0.4651822555 0.02818019668 0.4346488929 0.4701525827 0.03550368979 0.713285404 0.01862943963 0.02359976682 nan nan
102 75322 202 202 0 0.6988023528 0.03352529607 0.6104024275 0.7100456605 0.09964323295 0.5697493752 0.7111555837 0.1414062085 -1.359264355 0.08651634788 0.1271694001 nan nan
103 75412 1339 1339 0 0.7181039808 0.02557343438 0.6769357865 0.7575510756 0.08061528917 0.6635841197 0.7655117609 0.1019276412 -0.04159523761 0.04359937908 0.05575423617 nan nan
104 86918 382 382 0 0.6705750553 0.02459249272 0.6310656191 0.7120036495 0.08093803036 0.6240242206 0.7137089865 0.08968476588 0.03924226517 0.0421287067 0.04711323801 nan nan
105 67043 412 412 0 0.7496606609 0.009594225958 0.728530499 0.7572730028 0.02874250383 0.714797679 0.7584589276 0.04366124859 -1.082485563 0.02788520983 0.04161802981 nan nan
106 100941 186 186 0 0.2945043727 0.01319496878 0.2804101842 0.3218358022 0.04142561805 0.2786443418 0.3335042309 0.05485988913 0.6844182593 0.02735220626 0.03902063494 nan nan
107 71540 457 457 0 0.7590737063 0.005175945955 0.7477263731 0.7651676853 0.01744131222 0.7417626616 0.7662710285 0.02450836693 -0.8029955639 0.01388538876 0.01984910031 nan nan
108 76072 622 622 0 0.455876006 0.007346547656 0.4483908619 0.471866984 0.02347612217 0.4465876208 0.4760505254 0.02946290458 0.6043482798 0.01590573092 0.02008927226 nan nan
109 70785 176 176 0 0.7289903941 0.01771045366 0.6920590395 0.7496829612 0.05762392174 0.6840037989 0.7545925485 0.07058874955 -0.498769648 0.03132568832 0.0388786184 nan nan
110 79109 383 383 0 0.7439293147 0.01770511874 0.7002140139 0.7535116173 0.05329760337 0.6582010223 0.754515976 0.09631495371 -2.076339148 0.05167263175 0.09368562333 nan nan
111 73169 123 123 0 0.6924251472 0.02555878956 0.6460719733 0.727216131 0.0811441577 0.6237597957 0.7327292764 0.1089694807 -0.3279862968 0.04522033279 0.0601956358 nan nan
112 76226 286 286 0 0.5782229041 0.04400550556 0.4965201569 0.6334999823 0.1369798254 0.4833168741 0.6434608731 0.1601439991 -0.2840791762 0.07228180218 0.0808579423 nan nan
113 79916 383 383 0 0.6721990715 0.03451447148 0.6138009077 0.7206127706 0.106811863 0.5991620176 0.7329787309 0.1338167133 -0.1842022363 0.0569904724 0.06983333387 nan nan
114 121523 668 668 0 0.4659843997 0.04193253373 0.4064040805 0.5410910683 0.1346869878 0.3882733954 0.609875907 0.2216025116 0.3763867244 0.07642493266 0.1445870315 nan nan
115 108544 1899 1899 0 0.7650780133 0.03383365302 0.6700635155 0.779298221 0.1092347055 0.6353040873 0.7831485949 0.1478445076 -1.630889935 0.1042466685 0.1390060967 nan nan
116 72762 204 204 0 0.497846329 0.01647742988 0.484652316 0.533354113 0.04870179698 0.4841984636 0.5506812258 0.06648276226 0.8088995488 0.03025966296 0.04758677577 nan nan
117 95492 666 666 0 0.6558552194 0.05355582535 0.5658159665 0.7281658634 0.1623498969 0.5380000758 0.7300726443 0.1920725685 -0.1774091252 0.09538251351 0.1231984042 nan nan
118 92283 302 302 0 0.5069695228 0.02350947344 0.4860827631 0.5548823662 0.06879960316 0.4852602003 0.5714900505 0.08622985022 0.5474882199 0.04191763019 0.05852531449 nan nan
119 77102 274 274 0 0.6419811098 0.06174747894 0.5456341986 0.7262057402 0.1805715416 0.5314788365 0.7288523347 0.1973734983 -0.1974108368 0.09867798531 0.1128333475 nan nan
120 115055 273 273 0 0.6982024513 0.05809918466 0.5597000079 0.7322787981 0.1725787901 0.5324407011 0.733337725 0.2008970239 -0.9331855265 0.1367422052 0.1640015121 nan nan
121 88256 136 136 0 0.5796452036 0.08964632885 0.4828058755 0.7246549211 0.2418490455 0.3760003597 0.7263236078 0.3503232481 0.1683673245 0.1417017688 0.207091744 nan nan
122 150089 678 678 0 0.492468876 0.02259168976 0.4492956901 0.5105645877 0.0612688976 0.38940451 0.5693291022 0.1799245922 -0.314673213 0.03673833347 0.09408335763 nan nan
123 113959 185 185 0 0.4023136133 0.03251096784 0.3344870762 0.4429867562 0.10849968 0.3165807159 0.4599057994 0.1433250835 -0.4331502661 0.06294143579 0.08014578294 nan nan
124 100315 1075 1075 0 0.3801179171 0.03510885431 0.3499088171 0.4523872361 0.102478419 0.3449657478 0.4839435327 0.1389777849 0.5975511075 0.08900946173 0.1205657583 nan nan
125 75880 211 211 0 0.4641906856 0.01935952408 0.4423193066 0.4967227976 0.05440349106 0.4404636054 0.5026278993 0.0621642939 0.2526954624 0.04118975748 0.04304545866 nan nan
126 79612 218 218 0 0.4652282109 0.01188217338 0.4495498701 0.4874237107 0.03787384059 0.4443973407 0.4916215902 0.0472242495 0.2902661617 0.02209612022 0.02629399978 nan nan
127 86488 441 441 0 0.4624387294 0.006355788578 0.4563166465 0.4773341412 0.02101749468 0.4549822037 0.4816184578 0.02663625415 0.8869235018 0.01552590703 0.01981022369 nan nan
128 85536 129 129 0 0.5001713312 0.007345618147 0.486232328 0.5078321729 0.02159984495 0.480628261 0.5080978491 0.02746958815 -0.5174119413 0.0127262553 0.01833032229 nan nan
129 115925 3464 3464 0 0.4930450648 0.008841873319 0.4744411796 0.5046035991 0.03016241946 0.4666928875 0.5075340277 0.04084114023 -0.6147711477 0.01699371996 0.02226876015 nan nan
130 146384 353 353 0 0.2523679326 0.05245719939 0.2350051419 0.4519325791 0.2169274372 0.2285973727 0.5090149088 0.2804175361 3.677417862 0.2063605174 0.2634428471 nan nan
131 110035 698 698 0 0.4634363393 0.008983739567 0.4508915638 0.4817209316 0.03082936778 0.4469105441 0.4884776839 0.04156713981 0.5105017289 0.0212512943 0.02800804663 nan nan
132 109703 2060 2060 0 0.4186940368 0.01751814125 0.3966300966 0.4577695042 0.06113940761 0.3895825005 0.4851270952 0.09554459462 1.07149599 0.04696702109 0.07432461203 nan nan
133 121843 127 127 0 0.4629659275 0.00961945028 0.4536091025 0.4854116768 0.03180257434 0.4512170486 0.4885664528 0.03734940417 0.7664644487 0.02401247217 0.02716724814 nan nan
134 98885 675 675 0 0.5001176589 0.02761033869 0.4691310672 0.5570719699 0.08794090275 0.46714875 0.5752292224 0.1080804724 0.5729698076 0.06128190256 0.07943915505 nan nan
135 86669 176 176 0 0.4617897167 0.007272074205 0.4505595999 0.4748076814 0.02424808155 0.4470614129 0.4786559848 0.03159457189 0.1641959904 0.01424348775 0.01809179117 nan nan
136 104558 1449 1449 0 0.3872317219 0.02834128673 0.368069432 0.460377197 0.09230776499 0.3650287331 0.4884786794 0.1234499463 1.30476276 0.08047337491 0.1085748573 nan nan
137 84045 175 175 0 0.468425748 0.007086203474 0.4584272573 0.481222278 0.02279502074 0.4566900564 0.4876424398 0.03095238335 0.3926066977 0.01247513514 0.01889529691 nan nan
138 158319 109 109 0 0.219712316 0.01310704697 0.2020010954 0.24116885 0.03916775454 0.1977049379 0.2422506948 0.04454575683 0.1252721116 0.0367255856 0.03780743041 nan nan
139 99765 601 601 0 0.3538065619 0.02608185963 0.3081288166 0.394388672 0.08625985539 0.2944376829 0.4122278838 0.1177902009 -0.05163319069 0.04773747623 0.05944852939 nan nan
140 127892 138 138 0 0.281957791 0.01884166943 0.2598947293 0.3244594144 0.06456468509 0.2534233822 0.3411610849 0.08773770277 0.8858133306 0.0498403981 0.06654206861 nan nan
141 103714 108 108 0 0.5420103127 0.02357264381 0.5026270876 0.5756693364 0.07304224882 0.4925484064 0.5818917758 0.0893433694 -0.08931469361 0.03908523938 0.04540398347 nan nan
142 85114 375 375 0 0.3865863485 0.01763705389 0.3595908325 0.4178290346 0.05823820211 0.3513011245 0.4305783998 0.07927727527 0.1524890268 0.03281842138 0.04014784139 nan nan
143 100713 827 827 0 0.3435821652 0.01261117808 0.3269793841 0.3691478264 0.04216844227 0.3235699625 0.3834245485 0.05985458595 0.5675810622 0.0266091809 0.04088590296 nan nan
144 99951 1587 1587 0 0.3050108953 0.02288639411 0.2680923498 0.3443822183 0.07628986846 0.2619586413 0.3787967014 0.1168380601 0.2500439322 0.04874760846 0.08316209155 nan nan
145 91193 293 293 0 0.3505297425 0.01971753815 0.3200473924 0.3842406455 0.06419325314 0.3124759811 0.3966207192 0.08414473812 0.1138507107 0.03601804528 0.04386039062 nan nan
146 104530 423 423 0 0.4441854277 0.006357722422 0.4333462867 0.4550419178 0.02169563104 0.4302499705 0.4595309532 0.02928098267 0.04933376434 0.01244674891 0.01625168976 nan nan
147 104337 681 681 0 0.6485432929 0.04843913189 0.573189315 0.7149522935 0.1417629785 0.5035113896 0.7181299365 0.2146185468 -0.1552950943 0.0907957466 0.160473672 nan nan
148 119505 1655 1655 0 0.726708908 0.02205909412 0.6875345333 0.7569133444 0.06937881111 0.6799426563 0.7643308501 0.08438819384 -0.1982412886 0.03761980491 0.04492908453 nan nan
149 94007 243 243 0 0.292299547 0.01649219655 0.2680962676 0.3207952146 0.05269894691 0.2640581318 0.3302645218 0.06620638992 0.1624755943 0.02852859327 0.03796497477 nan nan
150 102766 123 123 0 0.5136708597 0.004507516268 0.5039309238 0.5181958254 0.01426490165 0.5028607463 0.518468962 0.01560821575 -0.5184319978 0.007628700172 0.008698877676 nan nan
151 117489 985 985 0 0.706936626 0.05544483621 0.5668153549 0.7495604522 0.1827450973 0.4894520966 0.7516742699 0.2622221733 -1.322184528 0.165738526 0.2431017843 nan nan
152 110182 497 497 0 0.5400217356 0.03550931219 0.5048393884 0.6118000047 0.1069606163 0.5037387613 0.6311712826 0.1274325213 0.5423685188 0.07012931869 0.08950059656 nan nan
153 108772 416 416 0 0.4381912922 0.02528564319 0.3974275873 0.4797697259 0.08234213864 0.3846765935 0.4874617701 0.1027851767 -0.03016231706 0.04533337488 0.05590236808 nan nan
154 109484 389 389 0 0.3623295583 0.02424590596 0.3202997691 0.4005617316 0.0802619625 0.3067222277 0.4134315025 0.1067092747 -0.07314081041 0.0437540948 0.05588418697 nan nan
155 117859 360 360 0 0.5196000423 0.03008123287 0.4877024338 0.5793648903 0.09166245649 0.4866889683 0.5922939805 0.1056050122 0.4423848564 0.05888822919 0.07181731933 nan nan
156 111226 197 197 0 0.3043910444 0.03917143473 0.2796699085 0.4078371612 0.1281672527 0.2751346524 0.4330619659 0.1579273136 1.48587786 0.108243928 0.1334687327 nan nan
157 121805 299 299 0 0.6306709394 0.02534217467 0.5901632859 0.6662705418 0.07610725587 0.5735639336 0.6744002645 0.1008363309 -0.1045038615 0.04223909624 0.05862920667 nan nan
158 128643 125 125 0 0.5192417218 0.03174637671 0.4845857914 0.5836078893 0.09902209791 0.4839347578 0.5977376731 0.1138029152 0.4445913577 0.06578535263 0.07991513637 nan nan
159 111617 131 131 0 0.3457340195 0.03551878014 0.3012714833 0.4283762091 0.1271047259 0.2961131789 0.4439016592 0.1477884803 0.7655108242 0.09241572474 0.1079411748 nan nan
160 106153 267 267 0 0.3423076474 0.03709364591 0.2899896744 0.3976498288 0.1076601544 0.2840519452 0.4410021188 0.1569501736 0.1477380686 0.05909108019 0.09295614821 nan nan
161 125556 284 284 0 0.6910247095 0.04159018354 0.6063619372 0.7293086146 0.1229466774 0.5905284223 0.7318898952 0.1413614729 -0.5113443605 0.0839544784 0.09978799325 nan nan
162 172893 299 299 0 0.5751869624 0.0916601974 0.4832835709 0.7251513386 0.2418677677 0.3578479463 0.8887012719 0.5308533256 0.2310442461 0.1553138105 0.3175491118 nan nan
163 132276 103 103 0 0.5147595705 0.03387354687 0.4827910569 0.5932565201 0.1104654633 0.4824918063 0.6002620452 0.1177702389 0.8434099768 0.0747400199 0.08174554499 nan nan
164 137830 2248 2248 0 0.7703520884 0.02842192619 0.6981645113 0.7927312402 0.09456672894 0.6632676474 0.7971601018 0.1338924544 -1.214174466 0.08914368037 0.1240405442 nan nan
165 122741 984 984 0 0.4390095472 0.008477230163 0.4287692491 0.4560233039 0.02725405486 0.4265558082 0.4629637879 0.03640797973 0.5026425129 0.01576378617 0.02270427017 nan nan
166 119959 1198 1198 0 0.2925197653 0.01893777323 0.2626531781 0.3210163128 0.05836313473 0.257869195 0.3244181365 0.0665489415 -0.0290027651 0.03182992893 0.0352317526 nan nan
167 125663 713 713 0 0.3572428796 0.00630888564 0.3460141666 0.3658702782 0.0198561116 0.3439883067 0.3691536849 0.02516537825 -0.197687698 0.01088203567 0.0129424349 nan nan
168 134426 1663 1663 0 0.3871518299 0.01618882869 0.370293261 0.4018617027 0.03156844167 0.3639880641 0.4869608065 0.1229727424 2.53879921 0.01921225977 0.1034609314 nan nan
169 121148 179 179 0 0.3651263114 0.03810243311 0.3116818025 0.4332364591 0.1215546566 0.2986246074 0.4428471396 0.1442225321 0.1554610095 0.06607694783 0.07251495131 nan nan
170 124230 529 529 0 0.3350433314 0.005926917003 0.3251224171 0.3434824891 0.01836007198 0.3237348638 0.3457469929 0.02201212912 -0.1124541598 0.009780257747 0.0110145345 nan nan
171 210617 139 139 0 0.2318394946 0.03920542508 0.1750789513 0.307794837 0.1327158857 0.1746869307 0.3373319645 0.1626450338 0.2411395008 0.09970576973 0.1000977903 nan nan
172 140633 1962 1962 0 0.4148369684 0.01072029039 0.3999366797 0.4341587402 0.03422206047 0.3970411106 0.4396631882 0.04262207763 0.2462696009 0.01852982761 0.02388264421 nan nan
173 135398 171 171 0 0.599278063 0.02864664495 0.5601239758 0.6437518766 0.08362790081 0.5528652952 0.6599968845 0.1071315893 0.05461450864 0.04613166597 0.05845956348 nan nan
174 133633 216 216 0 0.5217615157 0.01510469546 0.503240914 0.5468596073 0.04361869335 0.502565154 0.555386535 0.05282138097 0.3316147982 0.02978560614 0.03831253382 nan nan
175 147450 4176 4176 0 0.4728034927 0.01328767885 0.4442490725 0.4870641908 0.0428151183 0.4355416856 0.4892574092 0.05371572355 -0.6162741198 0.02548222265 0.03418960949 nan nan
176 143223 812 812 0 0.512908174 0.03071651189 0.4898083686 0.5854173218 0.09560895326 0.4879412846 0.6018831721 0.1139418875 0.8444005988 0.06642054401 0.08288639424 nan nan
177 139781 1275 1275 0 0.3021654854 0.02512644909 0.2605571932 0.3380399476 0.07748275446 0.2555273662 0.3424783189 0.08695095274 -0.1045310769 0.05685382359 0.06188365058 nan nan
178 143549 270 270 0 0.3785126179 0.0308792143 0.3190785363 0.4132835851 0.09420504875 0.3097781141 0.418597873 0.1088197589 -0.412648087 0.06775523375 0.07705565601 nan nan
179 139239 105 105 0 0.3836867248 0.02994927681 0.3366586888 0.4310921142 0.09443342543 0.3283318742 0.436099962 0.1077680878 -0.1146002271 0.05322597208 0.06155278664 nan nan
180 153520 6607 6607 0 0.6481895383 0.03796410957 0.5849543082 0.7095489253 0.1245946171 0.5695944271 0.7386777307 0.1690833036 0.003031974435 0.07060971984 0.08606939125 nan nan
181 141443 363 363 0 0.6688197019 0.03714066254 0.6082820133 0.7221203605 0.1138383472 0.5966103209 0.7277561476 0.1311458267 -0.1069796533 0.06198978532 0.07366147776 nan nan
182 142639 163 163 0 0.7308971381 0.009011979724 0.7073018723 0.7352065036 0.02790463132 0.6960348304 0.7359195157 0.03988468535 -1.661299396 0.02744062593 0.0387076679 nan nan
183 145776 100 100 0 0.2885756583 0.038898136 0.2690958818 0.4113439458 0.1422480641 0.2432477479 0.4586330503 0.2153853024 2.022835814 0.1218663386 0.1691554431 nan nan
184 221332 544 544 0 0.2611651167 0.03811672546 0.2455184427 0.3384535145 0.09293507179 0.2430977559 0.491145345 0.2480475892 3.129119957 0.07371626568 0.2264080962 nan nan
185 149881 722 722 0 0.3560722534 0.008125241335 0.3438559464 0.3692273771 0.02537143065 0.3421129391 0.3730337658 0.0309208267 0.09518249437 0.01351193843 0.0166888001 nan nan
186 146178 522 522 0 0.6562269036 0.04462729972 0.576741523 0.7149065655 0.1381650424 0.5515792847 0.7241282933 0.1725490086 -0.2800289692 0.07439569334 0.09543364108 nan nan
187 153858 2096 2096 0 0.7942900971 0.02182769991 0.7373075347 0.810434524 0.07312698932 0.7081578477 0.814343125 0.1061852773 -1.32228315 0.06802227001 0.09717195698 nan nan
188 166236 816 816 0 0.2309829262 0.06214297883 0.1788386502 0.3632432155 0.1844045653 0.1710855758 0.5019605831 0.3308750073 1.048249502 0.119832108 0.2585494756 nan nan
189 208136 1427 1427 0 0.4348999998 0.01441960729 0.4071563408 0.4528485633 0.04569222244 0.3956327103 0.4811237697 0.0854910594 -0.3886088228 0.04056191781 0.05208554839 nan nan
190 206453 184 184 0 0.2650275041 0.04032440183 0.1848937852 0.311648635 0.1267548498 0.1702295385 0.3272129119 0.1569833734 -0.6247371068 0.08094762363 0.09561187034 nan nan
191 154612 1301 1301 0 0.3037090172 0.02568480631 0.2585424891 0.338648463 0.08010597385 0.2530886994 0.3422656462 0.08917694679 -0.1925565618 0.05077990148 0.05439708475 nan nan
192 177361 1887 1887 0 0.3943236821 0.01453452645 0.3753319345 0.4236653448 0.04833341034 0.3696788054 0.435326227 0.06564742159 0.4523170941 0.03380014014 0.04546102229 nan nan
193 167099 764 764 0 0.1765176943 0.08988291438 0.1720101924 0.5088719952 0.3368618028 0.1711702751 0.5727852021 0.401614927 2.852216504 0.3366464016 0.4005596085 nan nan
194 157115 221 221 0 0.5310366624 0.0323425427 0.4761859877 0.5750340267 0.09884803902 0.4624732933 0.6139815225 0.1515082292 -0.05600551686 0.05319000365 0.08885524111 nan nan
195 164681 210 210 0 0.6886924267 0.06440887661 0.5411855874 0.7365800163 0.1953944289 0.5157794319 0.7382129666 0.2224335346 -0.8725656657 0.1290526635 0.154458819 nan nan
196 163388 285 285 0 0.5369360557 0.03525838811 0.5022993943 0.6086082413 0.106308847 0.5004053736 0.6187627708 0.1183573972 0.5145699005 0.0653364648 0.07549099424 nan nan
197 177609 4803 4803 0 0.4544925639 0.01497230719 0.4267910271 0.4743567876 0.0475657605 0.4153202476 0.4787167514 0.06339650379 -0.3187280352 0.02604505126 0.03515586653 nan nan
198 178512 712 712 0 0.698341808 0.05060321005 0.599755184 0.7466403941 0.1468852101 0.5093307817 0.748570421 0.2392396393 -0.9446508836 0.1203127442 0.2107371465 nan nan
199 173370 5319 5319 0 0.7462962669 0.03125774198 0.6927388087 0.7922784859 0.09953967715 0.6764177154 0.821079988 0.1446622726 -0.1207159356 0.05599352093 0.07489884002 nan nan
200 160342 344 344 0 0.6814949424 0.03979355728 0.6162830176 0.7353801214 0.1190971038 0.6111165479 0.7369893068 0.1258727589 -0.1756214093 0.07180303068 0.07696950038 nan nan
201 176058 141 141 0 0.5817222153 0.08761269252 0.4840454504 0.7239254376 0.2398799871 0.3908187966 0.842575963 0.4517571664 0.2257070996 0.1308761345 0.2485038537 nan nan
202 176186 336 336 0 0.451025966 0.02358141812 0.4178980956 0.4887872192 0.07088912369 0.4027095266 0.5268812726 0.124171746 0.2366158982 0.04137173819 0.07815527911 nan nan
203 165534 461 461 0 0.5268124023 0.03588963432 0.4930986769 0.6026957278 0.1095970509 0.4920653208 0.6124816758 0.120416355 0.5226537905 0.07200892175 0.08179486975 nan nan
204 180326 1925 1925 0 0.4162676743 0.01208368451 0.3964564904 0.4364855854 0.04002909498 0.3892439489 0.4465424169 0.05729846803 0.03773779201 0.02322605863 0.03281252517 nan nan
205 158732 187 187 0 0.1866373184 0.0190749317 0.1798844253 0.2419513821 0.06206695677 0.179150345 0.2505688907 0.07141854566 1.756165141 0.05468443841 0.063301947 nan nan
206 174781 4283 4283 0 0.8148793125 0.04990060659 0.6785559006 0.8497159594 0.1711600588 0.5632778137 0.8597500074 0.2964721938 -2.417016241 0.1446403526 0.2599184396 nan nan
207 207023 838 838 0 0.3898673283 0.02447071704 0.3368765864 0.4226765352 0.08579994878 0.3133606973 0.4428982184 0.1295375211 -0.6859631348 0.06674971807 0.09026560723 nan nan
208 170168 594 594 0 0.35889666 0.02217615956 0.344843776 0.405602479 0.06075870296 0.3423468805 0.4127679886 0.07042110811 0.2705988325 0.05391519888 0.06108070854 nan nan
209 185410 274 274 0 0.3316201781 0.04101024802 0.2732779978 0.4100156917 0.1367376939 0.2672880208 0.4324216076 0.1651335868 0.3779523583 0.08937567698 0.1117815929 nan nan
210 174403 229 229 0 0.2061992087 0.01764659165 0.1923925628 0.246384488 0.05399192524 0.1795494123 0.2488566445 0.06930723216 0.6168402873 0.05124767151 0.05371982795 nan nan
211 182469 1318 1318 0 0.3825855466 0.01520302718 0.3640219558 0.4137244615 0.0497025057 0.3577167092 0.4241343768 0.06641766769 0.4851835505 0.03906929664 0.049479212 nan nan
212 172987 1633 1633 0 0.2946191715 0.02396046623 0.2583247659 0.3344134607 0.07608869481 0.2503819118 0.3397366523 0.08935474054 -0.0116534223 0.04429536801 0.0496185596 nan nan
213 186177 644 644 0 0.2174573852 0.01175225558 0.1987347768 0.2353542676 0.03661949073 0.19546198 0.2393299128 0.04386793276 -0.04559475833 0.03211486656 0.03609051176 nan nan
214 178238 100 100 0 0.4234964724 0.02689752685 0.3813732355 0.4574790364 0.07610580097 0.3504364477 0.4839630297 0.133526582 -0.3534532475 0.05533242192 0.06757073047 nan nan
215 210584 366 366 0 0.2522912062 0.08152404433 0.2443375219 0.4679246774 0.2235871554 0.2416220074 0.4964828271 0.2548608197 1.189345962 0.2141227183 0.2426808681 nan nan
216 216699 263 263 0 0.2411828309 0.02666418331 0.1854513652 0.2493023049 0.06385093964 0.1800691253 0.2509870427 0.0709179174 -0.5104412937 0.05780505701 0.05948979485 nan nan
217 183435 482 482 0 0.6492948218 0.03174014089 0.5931136743 0.6928025397 0.09968886538 0.5440502209 0.7027580105 0.1587077896 -0.4522363178 0.06444586938 0.1135093228 nan nan
218 182911 276 276 0 0.5641690599 0.02430574756 0.5246516665 0.6005637553 0.07591208877 0.5122582304 0.6072819756 0.09502374526 -0.1959784596 0.04442376215 0.0568171983 nan nan
219 206335 1723 1723 0 0.3577531558 0.01104461855 0.3403709485 0.3763437241 0.03597277559 0.3360141823 0.3826714661 0.0466572838 0.08202875083 0.02516654088 0.02952330704 nan nan
220 184474 2442 2442 0 0.8169486382 0.04539272955 0.7096272401 0.8453597664 0.1357325262 0.6377138351 0.8497180121 0.212004177 -0.956821897 0.09964945449 0.1715628595 nan nan
221 192450 399 399 0 0.2570408799 0.03885368422 0.2406288161 0.2676534867 0.02702467067 0.2358425257 0.5083892962 0.2725467705 5.142606121 0.02480101412 0.2458140733 nan nan
222 208331 401 401 0 0.4510048755 0.008313896268 0.432635924 0.4582871544 0.02565123045 0.4265235083 0.4594435434 0.03292003509 -0.7583374298 0.02184775185 0.02796016757 nan nan
223 183190 554 554 0 0.6803912576 0.03679429499 0.6208580635 0.7356872185 0.114829155 0.6082327988 0.7418360474 0.1336032487 -0.05869883522 0.0615127709 0.07150416318 nan nan
224 203291 359 359 0 0.57037854 0.0299244316 0.5058409716 0.6088186903 0.1029777187 0.4963274105 0.6138412443 0.1175138338 -0.5453256015 0.05420810339 0.06323523554 nan nan
225 206855 441 441 0 0.4543424307 0.007714187203 0.4374771473 0.4616594364 0.02418228909 0.431557028 0.4627669749 0.03120994681 -0.6691487055 0.01776373692 0.02368385617 nan nan
226 185286 239 239 0 0.7335398872 0.02380348087 0.6684702278 0.7401865249 0.0717162971 0.6173012489 0.7412585399 0.123957291 -2.383168469 0.07023893839 0.1214079173 nan nan
227 203774 742 742 0 0.3757569041 0.01134860544 0.358903141 0.3955183403 0.03661519932 0.3537860732 0.4056799585 0.0518938853 0.2397316924 0.02250061389 0.02736963611 nan nan
228 190234 387 387 0 0.5313950178 0.03377216983 0.5022377882 0.6076360532 0.105398265 0.5006638482 0.616476976 0.1158131278 0.6097818512 0.06842755749 0.07726848031 nan nan
229 185383 315 315 0 0.2670578634 0.01069815855 0.2508636019 0.2845314402 0.03366783835 0.2489836246 0.2895895856 0.04060596104 0.1014690087 0.02019547939 0.02207545669 nan nan
230 189351 290 290 0 0.5028974635 0.01090379243 0.4945010758 0.5272991267 0.03279805095 0.4937337056 0.5339061746 0.04017246903 0.8586180684 0.01894398421 0.02555103205 nan nan
231 185895 197 197 0 0.2989039926 0.009433895282 0.2830633729 0.3129278899 0.02986451698 0.2771642104 0.317718791 0.04055458065 -0.1072118839 0.01671911174 0.02032302256 nan nan
232 205580 1044 1044 0 0.329053272 0.009396756535 0.311667413 0.3428774801 0.03121006711 0.3061453826 0.3460872992 0.03994191663 -0.2512426928 0.02431145452 0.02983348497 nan nan
233 222014 341 341 0 0.3064962769 0.04138149409 0.2691123681 0.4489905087 0.1798781405 0.254946899 0.5051770126 0.2502301137 3.281550351 0.1407869856 0.1969734896 nan nan
234 209856 1011 1011 0 0.306753672 0.009501060053 0.2923179356 0.3227336544 0.03041571876 0.2858385338 0.3268247539 0.04098622013 0.07560774703 0.01710292194 0.02162773641 nan nan
235 200937 376 376 0 0.2623905385 0.006489467805 0.249456039 0.2709155059 0.02145946696 0.2440225201 0.2737618422 0.0297393221 -0.4828726404 0.01237869607 0.01595034493 nan nan
236 199150 526 526 0 0.2649869401 0.006502234645 0.2534699224 0.274431207 0.02096128454 0.2504293192 0.2759352948 0.02550597561 -0.1931639483 0.01126281332 0.01403117261 nan nan
237 216119 1642 1642 0 0.3328456546 0.01856202592 0.3001464047 0.3593969409 0.05925053616 0.2941750105 0.3723127103 0.07813769973 -0.1281751123 0.03231925917 0.04471881327 nan nan
238 199588 250 250 0 0.2798790973 0.00291379916 0.2748436208 0.2843545955 0.00951097478 0.2716685019 0.2852156088 0.01354710691 -0.1821338984 0.005040345879 0.008167144505 nan nan
239 197604 275 275 0 0.2734146845 0.007580406675 0.2607361112 0.2842038575 0.02346774635 0.2585586724 0.2862312878 0.02767261535 -0.1199388099 0.01429911704 0.01632654729 nan nan
240 210040 263 263 0 0.2892315698 0.003105933293 0.2845736588 0.2946442417 0.01007058297 0.2836041168 0.2959819317 0.01237781492 0.1227426856 0.005676944613 0.00646628698 nan nan
241 199000 211 211 0 0.8495956961 0.003384877194 0.8423750006 0.852848349 0.01047334836 0.8347309589 0.853745763 0.01901480404 -1.119661034 0.009676465263 0.01732050694 nan nan
242 200736 200 200 0 0.8417226649 0.02085357469 0.7936927636 0.8547961268 0.06110336319 0.7773210486 0.8556733785 0.07835232989 -0.894764739 0.05360098189 0.0699726969 nan nan
243 201396 189 189 0 0.811128732 0.03047543885 0.7448691196 0.8388698353 0.09400071564 0.7263968856 0.8418603532 0.1154634676 -0.6810406062 0.05781467715 0.07628691114 nan nan
244 209191 143 143 0 0.2656776686 0.00858166594 0.2453068355 0.2710935927 0.02578675721 0.2426756588 0.2717367361 0.02906107731 -0.8351648471 0.02100595994 0.02363713669 nan nan
245 211697 262 262 0 0.2768637504 0.003585849183 0.2702795835 0.2816417355 0.011362152 0.268077694 0.2837752252 0.01569753126 -0.2766037091 0.006483578169 0.007856111056 nan nan
246 215691 654 654 0 0.3293676089 0.02876031016 0.2979250564 0.3871593865 0.08923433018 0.2783969462 0.405670821 0.1272738748 0.5056351542 0.06597861973 0.0844900542 nan nan
247 214361 173 173 0 0.2712040846 0.008210435682 0.2498085014 0.2767821804 0.02697367894 0.2444631214 0.2785564025 0.03409328111 -1.108349479 0.02139558317 0.02674096319 nan nan
248 216912 387 387 0 0.2881123367 0.004201160469 0.2821346799 0.2953577076 0.01322302775 0.280227994 0.2972043527 0.01697635866 0.1759943392 0.007440037093 0.009321906313 nan nan
249 217460 1422 1422 0 0.3316746293 0.02646067861 0.2986355589 0.3792169544 0.08058139556 0.2752244835 0.4021135548 0.1268890713 0.3106312598 0.05258393444 0.07548053479 nan nan
250 217348 174 174 0 0.2972165444 0.007390293826 0.2841434071 0.3072934105 0.02315000344 0.2810262169 0.3099971993 0.02897098242 -0.2017124428 0.01254422136 0.01459238291 nan nan
251 218011 161 161 0 0.2752798883 0.005999890844 0.2654186371 0.2847562755 0.01933763839 0.2631964478 0.2867147021 0.02351825427 -0.00539034252 0.01078511888 0.01300730816 nan nan
252 219305 271 271 0 0.2671784723 0.01098423669 0.2449283253 0.2789966813 0.03406835593 0.2422886218 0.280528759 0.0382401372 -0.4641600499 0.01939743955 0.02203714307 nan nan
253 220313 300 300 0 0.2881472411 0.005489155362 0.2784823659 0.2956329784 0.01715061242 0.2755808582 0.2967809657 0.02120010748 -0.293672725 0.009373788029 0.01227529573 nan nan

K=254, phase=forward, parameter=w [deg]
cluster representative_source n_cluster n_valid n_missing median std p05 p95 width90 minimum maximum range skewness error95 error_max angle_origin_deg angle_resultant
0 85979 327 327 0 -2.324619976 14.09760639 -15.09059021 19.47133827 34.56192848 -17.32571587 72.70508265 90.03079852 2.24988635 26.27063718 79.50438155 358.2384438 0.9713769716
1 63455 190 190 0 -3.233516806 15.50950151 -18.88184363 28.83876425 47.72060788 -20.867104 64.26120309 85.12830709 1.394429044 29.45989956 64.88233841 216.5497571 0.9645691923
2 32918 231 231 0 -1.487579053 10.11785337 -8.553212701 10.01509207 18.56830478 -10.43495627 57.20054651 67.63550278 3.468049592 10.69713594 56.47973787 59.32347101 0.9850886957
3 30549 244 244 0 -1.665405665 18.23578394 -12.41025259 20.58176968 32.99202226 -28.19292904 114.9732437 143.1661727 3.80651486 31.25485639 103.5054903 145.2742443 0.9575746953
4 32924 241 241 0 -4.42567444 14.14295817 -11.48255521 19.15276313 30.63531834 -13.00252033 66.5468958 79.54941614 2.65862157 27.66197979 75.05611246 53.25545621 0.9712599328
5 26014 346 346 0 1.002367226 20.26462504 -26.99478248 34.66656087 61.66134336 -27.30210684 59.83103705 87.13314389 0.3823642479 46.8225456 71.98702179 208.2166579 0.9391022147
6 24452 115 115 0 -1.462192051 13.27255029 -17.26525664 28.28613936 45.551396 -19.88983091 40.49897068 60.38880159 0.8651098313 39.01524255 51.22807387 21.84751442 0.973578841
7 3664 104 104 0 -2.540079877 12.74763811 -8.722417225 13.40480363 22.12722086 -9.380336779 84.19321102 93.5735478 4.114526805 19.09799602 89.88640341 195.2829248 0.9774730177
8 11041 434 434 0 -3.193463727 13.88543972 -13.23284341 23.55914593 36.79198934 -15.72883087 80.54685579 96.27568666 2.587113582 31.89915228 88.88686214 167.8143396 0.9724539667
9 39621 129 129 0 -3.423450157 13.39374377 -13.47621651 31.51963964 44.99585615 -14.82473229 40.59784274 55.42257503 1.40151483 37.2912551 46.3694582 304.2275255 0.9731927431
10 103603 107 107 0 -2.951813526 35.46829277 -34.01623638 92.64160585 126.6578422 -36.2232412 129.7633747 165.9866159 1.669331158 103.2170443 140.3388132 81.45925986 0.8405487484
11 5745 933 933 0 -0.09273041187 2.695515354 -4.076095374 4.385363485 8.461458859 -4.469830668 6.384581295 10.85441196 0.1536714503 5.473943268 7.473161078 293.8905189 0.998893761
12 6801 590 590 0 -1.030351152 3.259784482 -3.496284557 6.4449335 9.941218057 -3.603400043 8.229077254 11.8324773 0.766599153 7.807040439 9.591184192 293.0425156 0.9983825885
13 8099 2431 2431 0 -1.641417423 5.653631016 -5.733082813 12.64008287 18.37316569 -8.6258395 21.68410182 30.30994132 1.612040088 13.76331326 22.80733221 301.4351846 0.9951527048
14 9816 732 732 0 -0.4484875721 2.27779577 -2.887848706 4.082948543 6.970797249 -3.119344506 5.395869438 8.515213944 0.4619683219 4.259428143 5.572349039 292.8970629 0.9992099791
15 8933 1310 1310 0 -0.04924115223 1.346312656 -2.088161803 2.348138783 4.436300586 -2.582218985 3.247994957 5.830213942 0.1971447573 3.085377279 3.985233453 292.555531 0.9997239597
16 23245 3717 3717 0 -0.4009624803 4.633803422 -6.695612537 8.491002909 15.18661545 -7.910395572 14.83060769 22.74100326 0.5039853796 8.295302416 14.6349072 306.4001323 0.9967345365
17 14019 388 388 0 -0.1188924415 0.3963182121 -0.4405089978 0.8018354573 1.242344455 -0.4631356656 1.448505754 1.911641419 1.130001325 1.184210997 1.830881294 289.8726278 0.9999760775
18 16399 130 130 0 -0.7937487663 3.683359983 -4.901183447 6.088278711 10.98946216 -5.219667935 8.844242964 14.0639109 0.3526529427 12.12416218 12.44264667 156.2864335 0.9979349625
19 16774 864 864 0 -0.614567374 3.457581063 -3.998623294 5.132796447 9.131419741 -4.250947365 18.40317329 22.65412066 1.571025883 5.773853433 19.04423028 293.9572849 0.9981838099
20 15491 1117 1117 0 -0.02821824933 1.408805153 -2.271929503 2.376528067 4.648457569 -2.847220708 3.158471147 6.005691855 0.06574809434 2.612444737 3.393717356 295.906155 0.9996977407
21 35494 612 612 0 -1.073750479 21.43417101 -26.542572 31.24828359 57.79085558 -26.76986715 35.35936117 62.12922831 0.1286071773 30.91898122 35.0300588 316.3996586 0.9313138144
22 27925 805 805 0 -2.012649861 66.46316865 -170.8140799 30.92145994 201.7355398 -179.9074396 179.5008909 359.4083305 -0.7825338788 168.8967842 178.200287 324.6544049 0.6734244274
23 27009 105 105 0 -1.147247724 4.331403569 -4.999973097 8.106801968 13.10677507 -5.276221936 8.987775204 14.26399714 0.6642479143 10.45373939 11.33471263 39.37727015 0.9971454947
24 27674 102 102 0 -1.276704681 4.905099697 -6.23058515 9.316132279 15.54671743 -6.692399012 13.83207193 20.52447094 0.6889038681 11.91587298 16.43181263 294.2770386 0.9963412288
25 28800 154 154 0 -2.497653736 13.31085241 -16.73088803 25.28671532 42.01760334 -18.15322399 31.94615422 50.09937821 0.5344570593 36.58923299 43.2486719 306.2239039 0.973278579
26 24710 298 298 0 -2.443972677 18.48851338 -7.499130684 8.124621113 15.6237518 -7.763321466 124.0513209 131.8146424 5.055832316 14.95201533 130.8787152 157.7997926 0.9597379445
27 24314 122 122 0 0.1519319124 4.451448415 -7.25858502 6.549676508 13.80826153 -8.377028079 7.48882816 15.86585624 -0.1140441763 7.35044695 8.194366158 206.3304897 0.9969847882
28 26984 755 755 0 -1.005924544 7.286694313 -9.782996571 13.6373902 23.42038677 -11.83303318 24.1176489 35.95068207 0.7580016436 14.93090796 25.41116665 179.5972468 0.9919491976
29 28358 133 133 0 -3.586101932 11.24066778 -9.766305247 25.15878377 34.92508902 -11.09013654 46.56050123 57.65063777 1.903150483 30.8329446 52.23466206 46.32885535 0.9811281561
30 20473 133 133 0 -0.4717338567 1.210113549 -1.12583583 2.640958851 3.766794681 -1.207556755 4.186992497 5.394549252 1.509149255 3.341625564 4.887659211 291.488517 0.9997770019
31 27651 383 383 0 -0.2890526501 4.646863604 -6.821269765 7.666059924 14.48732969 -7.562216999 8.771860608 16.33407761 0.1628333133 7.744246388 8.850047072 174.8062959 0.996714459
32 23098 571 571 0 -0.07066077199 2.414648235 -3.788412363 4.2190249 8.007437263 -4.727971754 5.811248699 10.53922045 0.2025714937 4.585532418 6.177756216 295.1276017 0.9991122649
33 37896 1931 1931 0 -1.223326682 10.07574588 -13.99703653 18.47891781 32.47595434 -16.28110203 27.89410067 44.1752027 0.4714205024 24.03648403 26.32054954 193.4096073 0.9846348018
34 28773 303 303 0 -0.9084927282 4.515695564 -5.821452808 8.443567636 14.26502044 -6.48768171 10.21448652 16.70216823 0.5173625262 7.871639069 9.642557952 173.7977871 0.9968976794
35 48712 2507 2507 0 -3.299920461 15.73288421 -19.3360487 29.14409964 48.48014834 -21.93123529 41.25011707 63.18135236 0.5276792377 45.30487763 57.41089506 189.8119467 0.962811213
36 39067 542 542 0 -1.396141649 5.195640861 -6.255992627 9.968346365 16.22433899 -7.171645802 13.51100005 20.68264585 0.6860898436 13.2327047 16.77535839 173.4371394 0.995895214
37 29014 341 341 0 -0.4223512127 6.879645124 -10.58841429 11.52944882 22.11786311 -13.1616581 14.72410451 27.88576261 0.1297463272 12.82997412 16.02462981 188.9680999 0.992809497
38 37196 396 396 0 -0.06711914443 6.759211994 -10.95873261 11.28389516 22.24262777 -13.82648641 15.48923105 29.31571746 0.08397159512 12.54889559 16.27683024 225.886878 0.9930597982
39 31987 124 124 0 -5.024554022 21.15673317 -24.87227405 40.28348668 65.15576073 -27.52031762 48.52607832 76.04639594 0.710326124 54.52574021 62.76833185 255.0512152 0.9336958237
40 38523 998 998 0 -0.1191549807 2.409599681 -3.693331359 4.333400578 8.026731937 -4.237126022 5.539231385 9.776357407 0.2376631014 5.788020229 6.993851036 295.6097276 0.9991159608
41 39953 437 437 0 -0.6789311437 5.56860555 -7.652580463 10.32878867 17.98136914 -8.837667133 16.64829856 25.48596569 0.5205455204 12.44553838 18.76504826 243.6790739 0.9952865834
42 33753 165 165 0 -0.1401082283 4.523223824 -7.195187115 7.606494121 14.80168124 -9.162804254 10.99599534 20.15879959 0.189129635 8.460272552 11.65746017 237.441943 0.9968876928
43 33520 139 139 0 -0.2892849531 4.750969957 -7.008309575 8.347030446 15.35534002 -8.212939585 12.41987937 20.63281896 0.3700950517 10.10294057 14.1757895 257.7493756 0.9965669838
44 22053 118 118 0 -2.522548116 7.732884961 -8.143959295 15.26271921 23.40667851 -8.403063548 18.15186284 26.55492638 0.7937268571 18.72579283 21.61493645 158.5588946 0.9909254084
45 28876 1819 1819 0 -0.2806303267 4.414431311 -6.38098078 7.150647484 13.53162826 -7.879314821 34.90607385 42.78538868 1.233888123 7.821102419 33.89173074 306.5370709 0.9970466174
46 31921 185 185 0 -2.071376363 11.78059973 -15.22473726 22.53757265 37.76230991 -17.2140903 30.34501652 47.55910682 0.638224945 26.39895321 28.38830624 284.3225575 0.9790493921
47 63654 918 918 0 -0.2714920827 3.62206627 -5.150282561 6.682560371 11.83284293 -6.293028287 9.698157587 15.99118587 0.3676244763 7.220567018 10.23616423 303.5058418 0.9980033754
48 25979 271 271 0 -0.02564086362 1.696379621 -2.77675746 2.816568202 5.593325662 -3.845073298 3.977424416 7.822497714 0.0470047162 3.218922225 4.158797688 299.8388405 0.9995617757
49 34381 364 364 0 -0.6438630904 2.502949478 -3.046363716 4.796897937 7.843261653 -3.266902224 5.731231894 8.998134117 0.6137226026 5.733958886 6.668292843 294.1017339 0.999046158
50 27543 164 164 0 -1.390246173 4.415929502 -3.933526366 10.24743912 14.18096548 -4.572233898 12.57108645 17.14332034 1.612565932 12.58721175 14.91085908 304.0789389 0.9970361033
51 31181 387 387 0 -6.332297103 15.053251 -13.18607525 28.2741087 41.46018395 -14.04993515 40.1601395 54.21007465 1.105148419 36.99930014 48.88533094 305.3402347 0.9660046269
52 54182 630 630 0 -2.256935434 9.470573776 -11.1085772 18.64889997 29.75747717 -12.59585658 29.88137558 42.47723217 0.7538457411 21.13482694 32.36730255 304.5182131 0.9864209664
53 44959 538 538 0 -0.3407283537 4.337862713 -6.239669174 7.757260614 13.99692979 -7.778630198 11.56221791 19.34084811 0.3710104224 8.161682964 11.96664026 302.1086347 0.9971372242
54 34110 107 107 0 -0.2247677647 2.2137518 -3.304117134 3.65923719 6.963354324 -4.129524932 5.004265694 9.133790626 0.1913084592 4.422092912 5.767121416 319.7931506 0.9992537772
55 36331 477 477 0 -2.254950312 9.734270278 -11.60281273 18.89341853 30.49623126 -13.49277288 23.43570248 36.92847537 0.6739598229 20.56982088 25.11210484 181.614418 0.9856504387
56 34797 152 152 0 -0.2265888583 3.597436304 -4.991816473 6.838341127 11.8301576 -6.52033249 10.43687173 16.95720422 0.6016807624 7.68557504 11.28410564 325.5385383 0.9980308478
57 37640 310 310 0 -0.2134188615 6.993057784 -10.8249539 11.02180097 21.84675487 -12.40537217 14.5041605 26.90953267 0.04321403816 11.96464523 13.8820656 253.3516104 0.9925693348
58 35564 103 103 0 -0.140815294 3.221627082 -5.003363417 5.24706325 10.25042667 -5.727145774 6.871310628 12.5984564 0.114070396 5.498713557 6.733640095 257.0604399 0.9984200484
59 40092 208 208 0 -4.330733666 25.53018274 -41.38747626 48.89318501 90.28066127 -52.34688758 59.42634685 111.7732344 0.302929946 54.76710012 65.30026195 53.20968074 0.9052631581
60 46788 439 439 0 -0.5855584776 4.823717119 -6.866039875 9.361371887 16.22741176 -8.998370699 14.02187688 23.02024758 0.5606584384 10.16639831 14.82690331 307.3960297 0.9964619485
61 40151 137 137 0 -3.867248138 12.90149212 -12.4959018 27.19920087 39.69510268 -12.8556958 43.82641408 56.68210988 1.235517355 38.83709706 55.46431026 194.5889807 0.975066104
62 36135 101 101 0 -4.231147738 13.33121534 -14.9490472 25.79948479 40.74853199 -15.42529239 30.43862952 45.86392192 0.6737133607 33.43066966 38.0698144 303.1966038 0.9732005286
63 69158 1605 1605 0 -1.225891378 9.065598904 -12.98844401 16.53391902 29.52236304 -16.4549527 23.42361324 39.87856594 0.4190181179 16.26487046 22.93879391 320.8683932 0.987543975
64 37782 106 106 0 -2.9154607 11.16441668 -6.675624505 31.62568155 38.30130605 -7.122769338 62.68963832 69.81240766 3.299499639 35.25812467 66.32208145 42.06413579 0.9818515783
65 40932 301 301 0 -0.05539244975 1.65527602 -2.501808643 2.876929239 5.378737883 -2.985882377 4.289759755 7.275642132 0.2583045884 3.3408926 4.753723116 166.7350675 0.9995827509
66 53385 1419 1419 0 -17.01571689 28.16997157 -20.00875713 51.36800896 71.37676609 -168.453461 104.3878065 272.8412676 0.7600522591 70.27861208 149.6816321 182.0933872 0.886368166
67 41179 329 329 0 -1.565555907 5.596593969 -6.416576212 11.17556294 17.59213915 -6.878269973 13.81967104 20.69794101 0.7722845644 12.86032518 15.50443328 172.1347998 0.9952389449
68 40775 123 123 0 -2.736850064 13.82922657 -17.34680348 25.20574391 42.55254738 -19.45848909 30.12170322 49.58019231 0.4768178145 34.96324745 39.87920677 310.0079257 0.9711559416
69 40044 281 281 0 -0.7025123612 6.233002301 -8.991311007 10.98436458 19.97567559 -11.03713918 14.67242292 25.7095621 0.3031866657 10.84050538 14.49202184 182.6672989 0.9940949103
70 41322 100 100 0 -0.01219356079 2.741182157 -4.54642263 4.160401162 8.706823792 -5.404934938 5.51390239 10.91883733 -0.05041890081 4.848132572 5.575337845 246.9078217 0.998855988
71 42769 220 220 0 0.06622499745 1.155184139 -1.891174929 1.70100042 3.592175349 -2.413255028 2.100218311 4.513473339 -0.1463492396 2.071820034 2.471037925 165.5022183 0.999796765
72 49239 3945 3945 0 -3.236158948 14.08677304 -13.625676 27.94526322 41.57093922 -176.0311451 98.96837976 274.9995249 0.9127925436 36.398455 167.6592452 176.77392 0.9719703078
73 58691 1518 1518 0 0.02110624058 9.116023039 -13.48011458 12.29520549 25.77532007 -17.82186751 81.25459033 99.07645784 1.431551386 14.96924022 83.80697056 221.8545043 0.9876795599
74 45100 357 357 0 -0.5619481776 3.529036217 -4.539493757 6.377348915 10.91684267 -4.926340962 9.566557695 14.49289866 0.5145326623 7.593110074 10.78231885 167.0312675 0.9981045031
75 46232 397 397 0 -0.1790017696 0.8743621716 -1.119195132 1.666893065 2.786088197 -1.262185041 2.501602718 3.763787759 0.6348844091 2.056630613 2.891340266 163.3571841 0.9998835642
76 48040 389 389 0 0.02738072643 1.398210488 -2.161496468 2.32894523 4.490441698 -2.579887521 3.091425591 5.671313112 0.1240800849 2.795426384 3.557906745 165.3485181 0.9997022685
77 108104 169 169 0 -2.379908664 7.633094277 -6.524913318 18.80427745 25.32919076 -7.560361206 21.71356019 29.27392139 1.802030122 21.43979438 24.34907712 327.6379444 0.9911893315
78 51135 146 146 0 -0.3826141134 8.339296305 -9.673860794 15.83499291 25.50885371 -10.58689362 30.17693908 40.7638327 1.220103071 22.77718331 37.11912948 197.3195862 0.9894913412
79 81689 131 131 0 6.259335072 31.41325123 -74.21844054 34.0142827 108.2327232 -78.91571855 66.06175188 144.9774704 -1.090971457 84.50858366 89.20586168 66.91548432 0.8644738835
80 85728 204 204 0 -0.1404634314 6.637221485 -10.57031549 12.54043826 23.11075375 -13.54506574 16.9193633 30.46442904 0.2416830246 14.5074566 18.88638164 324.645826 0.9933104123
81 68020 149 149 0 -0.07350734816 5.34746067 -8.769976859 7.604210518 16.37418738 -10.89055179 14.67210171 25.56265349 -0.004019535342 8.971141098 15.87092319 339.9314035 0.9956517489
82 68805 401 401 0 -1.538106175 19.24618033 -26.64805457 32.54945879 59.19751336 -30.39728771 80.42477531 110.822063 0.71361577 31.87521697 79.75053349 95.73526212 0.9454602189
83 61429 2192 2192 0 -1.906861025 11.94037077 -15.25615094 20.72416001 35.98031095 -16.58560755 116.0968169 132.6824245 0.7700704099 30.08480652 125.4574635 183.0358789 0.9787026251
84 78512 110 110 0 -1.517446562 7.019113536 -8.966569232 12.87748484 21.84405407 -9.555015087 16.26842052 25.8234356 0.5409952755 13.13639851 16.52733419 309.5191114 0.9925166466
85 61854 355 355 0 -3.93964767 14.05082863 -15.68683351 30.69949818 46.3863317 -18.7860187 45.56092813 64.34694683 1.188603176 36.3268815 51.18831144 202.0863323 0.9704963295
86 84525 148 148 0 -1.010952239 7.35715829 -9.681726716 13.05043466 22.73216137 -10.60262354 14.96173697 25.56436051 0.3878756675 12.64064141 14.55194373 310.3381524 0.9917779086
87 64146 2146 2146 0 -1.87834601 16.65284791 -23.48939605 30.56676984 54.05616589 -28.26630434 47.53401487 75.80031921 0.4464418711 38.63846341 55.60570844 203.5938248 0.9584797702
88 59431 483 483 0 -0.3220831288 2.212588829 -3.183094456 4.116915669 7.300010125 -3.897619863 6.230765136 10.128385 0.483149413 4.70978678 6.823636248 167.4228062 0.9992546023
89 91021 9400 9400 0 -2.53617654 14.56417436 -18.5148977 28.38265665 46.89755435 -20.48637694 47.36285514 67.84923208 0.7289851005 38.18406793 57.16426641 172.8184944 0.9681867679
90 71671 107 107 0 -0.8165121983 10.94392908 -15.22767094 20.68399692 35.91166786 -18.10401979 31.73030667 49.83432646 0.4804188709 25.08334893 36.12965867 251.9325015 0.9819103597
91 66122 721 721 0 -0.9063215302 5.173109766 -6.918287279 9.9372918 16.85557908 -8.500245432 15.63191264 24.13215807 0.6505580268 10.85672233 16.55134317 175.1949337 0.9959316858
92 67639 110 110 0 -2.993455388 12.23738085 -15.44898217 23.38158272 38.8305649 -17.69300751 39.80075088 57.49375839 0.9657536067 36.50460103 52.92376918 324.0987017 0.9774996192
93 87754 412 412 0 -1.237507857 6.197632274 -7.869190732 11.41748322 19.28667396 -8.535291408 14.82919017 23.36448158 0.5237687662 10.84886253 14.26056948 309.450374 0.9941619955
94 83313 385 385 0 -0.3802809716 5.823858065 -8.823186546 10.0004868 18.82367335 -11.30913367 12.89338639 24.20252006 0.1911167691 10.51910148 12.87887921 317.2326977 0.9948435613
95 82350 308 308 0 -3.781861011 13.20195221 -16.04382853 25.78938612 41.83321465 -18.49941066 37.57234671 56.07175737 0.8508400046 38.49209049 50.27505107 242.8843808 0.9737833014
96 153042 1790 1790 0 -5.466694278 25.97862706 -25.14113961 51.00572379 76.1468634 -57.8954602 135.7084604 193.6039206 1.569966791 69.78915486 154.4918914 135.87515 0.9090543651
97 90938 1604 1604 0 -1.633808116 17.51310642 -26.6551112 27.16263913 53.81775033 -32.58484664 37.64403421 70.22888085 0.06643195616 33.72484019 44.20623528 202.8360421 0.9539502572
98 76101 479 479 0 -0.548456965 3.924928253 -5.529219722 7.226222108 12.75544183 -6.474327 10.5004605 16.9747875 0.4855119459 8.58438085 11.85861924 186.7914753 0.9976559064
99 63400 771 771 0 0.5106281651 5.664708017 -9.913139301 8.079131619 17.99227092 -12.35638955 10.87926674 23.23565629 -0.2600552329 9.841612652 12.01121373 186.9024876 0.995120694
100 152129 1017 1017 0 -2.876293362 28.04676868 -32.72604324 47.66880268 80.39484592 -38.58673302 122.5155925 161.1023255 1.395019726 50.32426487 107.4699261 252.7851513 0.8936289431
101 69844 868 868 0 -0.901482841 8.836955493 -12.59501907 15.03419393 27.629213 -15.20572481 20.0253907 35.2311155 0.2619753761 19.90718833 24.8983851 184.4307064 0.9881523215
102 75322 202 202 0 -1.206470086 9.408260608 -12.90322176 16.82574788 29.72896963 -14.64308976 26.42450962 41.06759937 0.4814275376 16.7557433 26.35450504 214.1353761 0.9865925611
103 75412 1339 1339 0 -0.04720662549 5.668192833 -9.127500107 9.517982152 18.64548226 -12.02359447 13.39748482 25.42107929 0.08679099676 10.42849475 13.79655206 173.6858919 0.9951155227
104 86918 382 382 0 -1.560723927 8.455221771 -10.98203852 15.67940092 26.66143944 -12.93779601 28.7765861 41.71438211 0.8658536972 16.12136842 29.2185536 199.710829 0.9891791678
105 67043 412 412 0 -0.2727830737 7.100020045 -10.62722266 11.57051558 22.19773824 -12.5213398 14.88088553 27.40222533 0.1399741451 12.80860996 16.11897992 198.544247 0.9923412426
106 100941 186 186 0 0.4897620497 2.505016991 -4.43309999 3.798284764 8.231384753 -5.933045369 5.212359857 11.14540523 -0.2196502623 4.472583739 5.818485417 317.199033 0.9990445956
107 71540 457 457 0 -0.5676247748 4.830842801 -7.187041782 8.737819177 15.92486096 -10.02428951 12.8467112 22.87100071 0.3811093862 9.194932141 12.86778879 187.3392312 0.9964509613
108 76072 622 622 0 -0.4958338815 7.468732296 -11.42310878 12.52234448 23.94545327 -14.68215422 15.21007502 29.89222924 0.121490954 14.73598232 17.42371285 189.6829181 0.9915282109
109 70785 176 176 0 0.5344615135 5.073413879 -8.779380454 7.625032379 16.40441283 -11.40471687 9.277509862 20.68222673 -0.2995183764 9.959363254 12.58469966 198.303723 0.9960853605
110 79109 383 383 0 -0.9293508654 8.502954529 -11.68739141 16.14797268 27.8353641 -13.73465753 23.0577945 36.79245203 0.5479960688 17.07732355 23.98714537 209.5445733 0.9890396386
111 73169 123 123 0 -0.7451491725 4.848153594 -7.033049827 7.755796762 14.78884659 -8.230867757 13.92427491 22.15514267 0.5590605589 8.629429944 12.8744956 217.5942397 0.9964259096
112 76226 286 286 0 -1.016163211 10.57855814 -15.52133457 18.19396101 33.71529557 -19.6937992 27.96982334 47.66362254 0.3781972163 19.14547619 27.60497828 212.9562872 0.9830741306
113 79916 383 383 0 -0.09756282322 3.44839587 -5.168064068 5.649648838 10.81771291 -6.009493357 9.655149781 15.66464314 0.2472130097 6.354145744 10.35964669 201.0622224 0.9981900724
114 121523 668 668 0 -9.45589418 32.82728391 -26.21882992 80.39666872 106.6154986 -29.87212085 124.0295482 153.901669 1.598197955 94.04860196 137.6814814 222.3813282 0.8561461501
115 108544 1899 1899 0 -1.939726822 10.79652106 -14.5761763 20.20667715 34.78285345 -17.8519146 33.14919062 51.00110522 0.6298700361 24.45572013 37.3982336 176.725373 0.9823879017
116 72762 204 204 0 -0.6931783578 15.91227353 -24.23106657 27.17663786 51.40770442 -29.50313852 42.83421948 72.337358 0.2923458436 36.39792682 52.05550845 317.712986 0.9620298248
117 95492 666 666 0 -2.127859221 12.76759589 -15.1963754 26.50391146 41.70028685 -17.09223337 63.15800019 80.25023356 1.286413907 32.85824849 69.51233722 284.6203057 0.9757022045
118 92283 302 302 0 -3.24792834 16.01853577 -19.71959347 31.44458064 51.16417411 -23.34566425 45.43933044 68.78499469 0.7712733938 41.70829097 55.70304077 295.2031829 0.9616245001
119 77102 274 274 0 -1.725797118 12.37803139 -14.83365816 23.08156153 37.91521969 -18.05375611 51.01099511 69.06475122 1.168813639 28.60635805 56.53579163 310.6475123 0.9770855977
120 115055 273 273 0 -2.722540876 14.46421198 -16.99125222 28.07166358 45.0629158 -19.85774101 49.83642693 69.69416794 1.080790705 31.4176932 53.18245655 297.9205819 0.9687919074
121 88256 136 136 0 -0.946905069 21.08239178 -24.80480546 33.47293511 58.27774057 -28.53749031 115.0432444 143.5807347 1.503667422 50.42272629 131.9930356 54.18616218 0.9379103273
122 150089 678 678 0 -1.813998623 15.18990456 -19.92611443 31.4851062 51.41122064 -23.55097361 73.42916154 96.98013515 0.8815681854 45.6019973 87.54605263 147.9251756 0.9656325711
123 113959 185 185 0 -2.789142831 9.511226626 -9.033745596 21.18641715 30.22016275 -10.56414209 32.51020505 43.07434714 1.597612084 25.03216438 36.35595228 46.06825246 0.9863745098
124 100315 1075 1075 0 -6.237255375 20.24688671 -21.36028716 35.86921633 57.22950349 -22.25588341 66.49096569 88.7468491 0.8423066715 50.99771992 81.61946928 16.83847198 0.9394129999
125 75880 211 211 0 -2.509621162 14.67482875 -18.2231643 25.1043724 43.3275367 -18.71996685 32.03799965 50.7579665 0.3757556072 30.98294934 31.47975189 47.30724375 0.9675322416
126 79612 218 218 0 -0.1541500597 4.400033129 -7.039248575 7.07640866 14.11565724 -9.617063425 7.931578313 17.54864174 -0.00809008262 7.703936713 9.438465691 208.0292146 0.997054159
127 86488 441 441 0 0.8031589942 7.418987667 -12.49020845 11.19523973 23.68544818 -16.20273714 14.01922276 30.22195991 -0.2016460189 13.02954992 15.2744689 201.1948597 0.9916408633
128 85536 129 129 0 0.1597803339 6.65469262 -10.22449734 10.64818225 20.87267959 -13.31189162 13.48718565 26.79907727 -0.01692059901 11.67972397 14.43544488 61.24133024 0.9932695504
129 115925 3464 3464 0 -2.738531672 11.19916167 -13.71142645 23.37325427 37.08468072 -16.93402216 38.16504337 55.09906553 1.027543733 30.22598218 45.01777127 21.4616602 0.9811164101
130 146384 353 353 0 -3.369374674 22.35061885 -15.7083093 62.17534254 77.88365184 -20.92677577 134.4562993 155.3830751 3.186152354 70.80034196 143.0812987 78.20955956 0.9366900241
131 110035 698 698 0 -2.853490132 9.046875154 -9.493705209 19.29351875 28.78722396 -10.27282607 30.593497 40.86632306 1.091378066 22.96080762 34.26078587 12.63172561 0.987621932
132 109703 2060 2060 0 -4.615333415 12.47446647 -11.07227592 28.03998954 39.11226546 -11.67857282 46.14613783 57.82471065 1.481608502 33.73371275 51.83986104 4.702614196 0.9767298235
133 121843 127 127 0 -1.551713338 6.542947883 -7.150308601 12.43485479 19.58516339 -7.585204608 17.94853357 25.53373817 0.94141045 15.25377881 20.76745758 34.32167615 0.9935001254
134 98885 675 675 0 -2.329865908 12.40012158 -17.79916353 22.63927241 40.43843593 -21.4307321 33.7708689 55.20160101 0.5049102979 35.2418226 38.87339117 224.7818323 0.9768094093
135 86669 176 176 0 -0.636854724 4.777095694 -6.480964437 8.575401394 15.05636583 -7.458740475 10.79832678 18.25706725 0.3761539565 9.591809457 11.81473484 24.69476561 0.9965283932
136 104558 1449 1449 0 -5.783579281 16.76126 -15.84303345 37.44425795 53.2872914 -16.8677487 57.87580139 74.74355009 1.307923621 46.15400186 66.58554529 7.892888961 0.9584113865
137 84045 175 175 0 0.288749277 3.159245698 -5.305778041 4.496762885 9.802540927 -6.37236993 5.058468918 11.43083885 -0.2276304805 5.32180875 6.388400639 211.0359405 0.998480558
138 158319 109 109 0 -0.1917645596 7.81687765 -13.20250328 11.29574583 24.4982491 -15.2781772 18.40649782 33.68467502 0.07949686042 14.28477469 21.39552669 70.35673832 0.9907291601
139 99765 601 601 0 0.03304467944 3.481257951 -5.57123368 5.552836115 11.1240698 -6.859122528 8.730954432 15.59007696 0.07757605485 6.885169873 10.06328819 313.0840738 0.9981553756
140 127892 138 138 0 -1.653520452 6.666060759 -7.57738825 13.88874829 21.46613654 -8.695895611 19.71783354 28.41372915 1.102835384 15.87053864 21.69962388 52.56003975 0.9932590116
141 103714 108 108 0 -0.9769034064 4.987739715 -7.127043345 9.485541717 16.61258506 -8.783753416 13.65623586 22.43998927 0.5887291209 9.418693953 13.58938809 204.322843 0.9962177158
142 85114 375 375 0 -1.30307628 8.308758206 -11.03888919 14.85952528 25.89841447 -12.3996554 19.27978586 31.67944126 0.4233336501 14.2603605 18.68062108 28.03564709 0.9895234204
143 100713 827 827 0 -0.8949027911 5.440526155 -7.257128207 9.868464773 17.12559298 -8.6166582 12.92699649 21.54365469 0.4283823863 11.80682396 14.86535568 4.562277539 0.995498818
144 99951 1587 1587 0 0.1389635338 6.940215636 -11.18305197 10.95144024 22.1344922 -14.2615583 18.14083396 32.40239226 0.0105356182 12.45590646 19.21506078 12.87421973 0.9926827173
145 91193 293 293 0 -0.2391669735 5.200001887 -7.687018176 8.619317247 16.30633542 -8.801425155 12.16868682 20.97011198 0.1830260568 8.739568342 12.28893792 30.24175716 0.9958871645
146 104530 423 423 0 -0.6683276915 4.331361517 -5.806178479 7.639571744 13.44575022 -6.522095683 8.97829857 15.50039425 0.3712972396 8.454089279 9.792816105 8.653971474 0.9971452614
147 104337 681 681 0 -2.147592529 15.77586079 -20.88109732 29.60746004 50.48855737 -25.69562697 58.7849913 84.48061827 0.9142999991 33.19535118 62.37288245 219.3506275 0.9629980157
148 119505 1655 1655 0 -0.487518199 3.850432306 -5.284595064 7.268574886 12.55316995 -5.971817767 11.64437491 17.61619268 0.5722706058 8.336899692 12.71269972 159.3545038 0.99774416
149 94007 243 243 0 0.1962817326 2.85501098 -4.932871138 4.437707295 9.370578433 -6.343437632 5.35662296 11.70006059 -0.212087922 5.213218204 5.934190132 28.71807733 0.9987590863
150 102766 123 123 0 -0.1112617262 4.231935871 -6.437496339 7.424476577 13.86197292 -8.859588484 8.630798741 17.49038722 0.1013932286 9.552108414 10.75843058 355.8541123 0.9972751464
151 117489 985 985 0 -4.437431365 26.44013179 -21.57103338 60.54601972 82.11705311 -170.5212235 102.0845594 272.6057829 -0.1275961117 72.82578692 162.2967761 229.3508544 0.914634091
152 110182 497 497 0 -4.928088737 14.08427842 -16.0569001 28.99735722 45.05425732 -19.01451195 38.38576129 57.40027324 0.8644353795 36.46658711 45.85499117 224.5720399 0.9702001031
153 108772 416 416 0 -0.5033694707 6.955889887 -10.44468785 11.91570313 22.36039098 -13.15800475 16.63381774 29.79182249 0.2277523871 12.56572354 15.46320692 336.4541547 0.9926500056
154 109484 389 389 0 -0.6523606953 5.313540655 -7.509260692 9.230107288 16.73936798 -8.693629519 12.72904344 21.42267296 0.3134921204 8.863110623 12.08322597 330.6387332 0.9957059494
155 117859 360 360 0 -4.939786673 15.64816084 -16.38200582 32.08101191 48.46301773 -18.12847205 41.76698913 59.89546119 0.86001084 40.78891906 50.47489629 283.4338688 0.963300264
156 111226 197 197 0 -4.432405181 13.14877545 -12.66832107 27.58351584 40.25183691 -13.27098913 43.42434979 56.69533892 1.462074685 33.51942685 49.3602608 340.8553793 0.9741234294
157 121805 299 299 0 -0.2963951698 4.017112913 -5.612529267 7.583149803 13.19567907 -7.43648735 13.11499505 20.5514824 0.5621635773 8.528888329 14.06073357 189.9532565 0.9975450911
158 128643 125 125 0 -4.715296298 20.97838876 -22.51428645 35.59853939 58.11282584 -25.39421995 87.43003067 112.8242506 1.718871149 42.76361052 94.59510179 343.7094638 0.9377543713
159 111617 131 131 0 -3.220386435 9.418830404 -5.58840903 26.04147063 31.62987966 -6.11150566 28.56120339 34.67270905 2.314686068 30.33115627 32.85088902 324.7401985 0.9866869552
160 106153 267 267 0 -0.6107653969 6.339625337 -6.341575592 6.903249244 13.24482484 -7.244524387 49.48739926 56.73192365 4.926948179 8.633741509 51.21789153 43.11391396 0.9941083141
161 125556 284 284 0 -1.451545209 5.126061908 -6.056554458 9.509038154 15.56559261 -6.458962432 17.11560906 23.57457149 0.7904164815 10.92666374 18.53323465 271.704341 0.99600575
162 172893 299 299 0 -3.480294602 24.35363551 -26.00664658 50.59654763 76.60319421 -70.58879022 120.7067633 191.2955535 1.31876611 71.79821277 141.9084284 50.01542741 0.9171044711
163 132276 103 103 0 -3.785501208 14.13720468 -14.95366573 27.39600513 42.34967086 -15.25029254 34.50811172 49.75840426 0.8630004903 37.05560063 44.16770722 35.77398136 0.9699461578
164 137830 2248 2248 0 -1.826541965 9.033274214 -11.24751071 16.66187706 27.90938777 -12.29583657 24.87852552 37.17436209 0.5413682641 20.72592224 28.9425707 165.3680782 0.987627698
165 122741 984 984 0 -0.01697570085 2.273264777 -3.519665227 3.575746814 7.095412042 -4.133962222 4.61068672 8.744648943 0.05265751734 4.094745316 5.129685222 358.5022374 0.9992131038
166 119959 1198 1198 0 -1.052648726 6.152467246 -8.041651047 11.10821696 19.14986801 -9.336785976 14.72038303 24.05716901 0.4453726884 11.42434276 15.03650883 4.831804882 0.9942461026
167 125663 713 713 0 -0.1735922978 1.039451957 -1.372551776 1.941726493 3.314278269 -1.544460306 2.857284131 4.401744437 0.5374740698 2.320578835 3.236136474 352.4674225 0.9998354471
168 134426 1663 1663 0 -2.06502147 8.946689446 -2.519436191 1.922203263 4.441639455 -2.56594376 82.74263308 85.30857684 4.804425675 4.472372187 85.29280201 353.0530382 0.9884861436
169 121148 179 179 0 -0.8522129423 5.202140031 -6.949547762 9.695165883 16.64471365 -7.922921266 14.26356802 22.18648928 0.6814489041 11.23683822 15.80524036 53.71370027 0.9958860788
170 124230 529 529 0 -0.02014582971 1.194945801 -1.855590943 2.055992563 3.911583506 -2.289949678 3.095578123 5.385527801 0.2171291613 2.449110767 3.488696326 354.8721591 0.9997825374
171 210617 139 139 0 0.4232484838 10.75232936 -17.55545211 22.57980096 40.13525308 -21.38194855 30.65332187 52.03527043 0.4446010961 25.60589672 29.43239316 58.45114171 0.9825584653
172 140633 1962 1962 0 -0.1540088869 1.212119408 -1.709213133 2.194794645 3.904007778 -2.028383661 3.508408029 5.53679169 0.468164188 2.873727517 4.187340902 352.837254 0.9997762434
173 135398 171 171 0 -2.359813614 11.70855443 -7.363899833 40.50770937 47.8716092 -8.374363718 48.8460176 57.22038132 3.182274355 43.49109254 51.82940077 225.3110195 0.9799849137
174 133633 216 216 0 -3.206035286 11.92140483 -16.16192901 20.77374058 36.93566959 -16.41797451 28.04144863 44.45942314 0.4332200626 28.78730501 36.05501307 240.0135786 0.9785094067
175 147450 4176 4176 0 -1.897743551 8.572287368 -11.4042831 15.66868992 27.07297302 -13.30981465 18.8825767 32.19239136 0.5010587429 20.03510098 23.24898776 8.22917113 0.9888518283
176 143223 812 812 0 -3.271089595 13.85859998 -16.01008753 26.60721423 42.61730176 -16.68576743 33.04706521 49.73283265 0.6571912947 36.18892762 42.6287786 281.3856598 0.971072259
177 139781 1275 1275 0 -1.730872035 6.694516078 -7.962086656 12.96666715 20.92875381 -8.673488063 15.82233834 24.49582641 0.6478557058 17.83928997 20.69496116 1.667771867 0.9931917377
178 143549 270 270 0 -0.6436294616 3.244959857 -4.323902123 5.969143978 10.2930461 -4.954165654 7.188286487 12.14245214 0.4776937929 7.958616359 9.177758868 37.16968919 0.9983971413
179 139239 105 105 0 0.01083914865 4.562682792 -7.687736633 7.091105193 14.77884183 -8.348626319 9.23380824 17.58243456 -0.001893536726 8.059150417 9.149850285 63.27567553 0.9968325318
180 153520 6607 6607 0 -3.791350387 8.885364644 -7.547280261 20.01648364 27.5637639 -7.788263334 30.73900974 38.52727307 1.432944577 27.6466146 38.36914071 158.6647075 0.9880783511
181 141443 363 363 0 -0.9133129185 2.857172149 -3.168262605 5.560015754 8.728278359 -3.276591909 7.39552357 10.67211548 0.722975665 6.635713717 8.471221532 267.8882673 0.9987572359
182 142639 163 163 0 -0.4291535709 4.397031784 -6.111942156 7.510416364 13.62235852 -6.793245818 10.25549539 17.04874121 0.3659627739 8.880738187 11.62581722 280.9570509 0.9970582772
183 145776 100 100 0 -4.151813065 16.17493288 -7.901736267 42.09720135 49.99893762 -14.19256088 96.03952583 110.2320867 3.564934506 45.99917192 99.94149639 69.64439034 0.9642618425
184 221332 544 544 0 -3.206666563 14.28034026 -10.97305007 19.68218508 30.65523515 -13.47275274 99.57265459 113.0454073 3.692917494 27.17950887 107.0699784 45.49201112 0.9721812401
185 149881 722 722 0 -0.0125141796 0.6994080596 -1.104655192 1.251491969 2.356147161 -1.322730952 2.042354678 3.36508563 0.2953437075 1.452255072 2.243117781 352.5034414 0.9999254973
186 146178 522 522 0 -0.4741247628 4.350636732 -6.085699047 7.298740749 13.3844398 -7.030231867 10.06687791 17.09710977 0.2942470986 7.197299247 9.881105615 184.4400531 0.9971198538
187 153858 2096 2096 0 -1.04455776 6.096846203 -8.352124312 11.15587163 19.50799594 -10.1708008 14.14113183 24.31193263 0.4170985603 13.58952394 16.57478413 164.7032071 0.9943497134
188 166236 816 816 0 -2.432303756 21.62674406 -29.93639879 40.32684684 70.26324563 -37.35421117 100.4633948 137.817606 1.040279781 49.93377641 110.0703244 74.86511831 0.9327916823
189 208136 1427 1427 0 0.8138392656 8.924184457 -14.99047183 13.48091563 28.47138746 -17.11654717 65.19139455 82.30794172 0.09511789533 25.58852958 54.63988451 37.40856392 0.9879639781
190 206453 184 184 0 -3.398193039 14.63518917 -19.17305802 26.84547624 46.01853426 -20.32677104 41.36144717 61.68821821 0.7630172428 29.78300426 30.90122447 65.36474329 0.9678762968
191 154612 1301 1301 0 -1.887638531 6.693269197 -7.708221867 13.58838183 21.2966037 -8.761281124 17.29730629 26.05858741 0.7652151386 11.59164221 15.30056667 2.798265248 0.9931960226
192 177361 1887 1887 0 -2.241940885 7.883616797 -8.755147917 16.36190593 25.11705385 -9.194789728 21.40829264 30.60308237 0.8825139327 20.87774699 25.9241337 0.3422122355 0.9905755945
193 167099 764 764 0 -3.128310027 26.28332915 -33.5152522 69.42789993 102.9431521 -37.51915517 105.2444385 142.7635937 1.656533147 56.84217553 92.65871414 36.40489949 0.9061441464
194 157115 221 221 0 -4.394991015 28.33276476 -11.06838205 100.7649949 111.833377 -11.95263384 107.3126166 119.2652505 3.097314717 105.8487288 112.3963505 204.1648265 0.9036441447
195 164681 210 210 0 -1.696780302 11.40336029 -13.54629191 18.51507521 32.06136712 -15.46139968 54.7506914 70.21209108 1.456953285 17.06659602 53.04020775 297.303525 0.980625678
196 163388 285 285 0 -6.858389344 21.05285917 -23.01771234 39.97875961 62.99647195 -25.3622806 69.42303301 94.78531361 0.8341023193 55.96406947 85.40834287 253.1659207 0.9345935887
197 177609 4803 4803 0 -1.258285165 10.96538994 -15.30497671 18.50666936 33.81164607 -17.22454587 23.0838169 40.30836278 0.2680478065 24.68092639 29.25807394 11.68072341 0.9817912336
198 178512 712 712 0 -2.308080858 19.70055485 -24.85606873 35.28500589 60.14107463 -179.5447118 63.78772789 243.3324396 -0.4381853281 48.83339918 166.4202541 256.9117525 0.9463833667
199 173370 5319 5319 0 -3.134584338 9.65563675 -10.63445289 20.50913895 31.14359183 -11.64974394 28.0937552 39.74349915 0.9855625061 28.27179879 35.85641504 163.6679022 0.9859024989
200 160342 344 344 0 -0.7868367671 4.521478037 -6.21565929 8.171182311 14.3868416 -7.236020696 11.55260925 18.78862995 0.5055858942 9.272709978 12.65413692 273.0882591 0.9968899471
201 176058 141 141 0 -6.370907906 40.90713022 -34.33436045 101.2333989 135.5677593 -45.89537866 142.6199471 188.5153257 1.632992163 134.3410284 175.7275766 22.68932772 0.7968354305
202 176186 336 336 0 -8.286290707 29.06288575 -21.31863407 74.15092156 95.46955563 -23.25948345 96.46381799 119.7233014 1.83063718 87.41442205 109.7273185 230.5754862 0.8858370793
203 165534 461 461 0 -5.2500405 15.32062888 -16.65663728 29.05829733 45.71493461 -18.13721285 39.52332238 57.66053523 0.7961125203 37.49782873 47.96285379 284.1043643 0.9647639516
204 180326 1925 1925 0 -1.606080487 7.330806827 -9.103123183 14.27152679 23.37464997 -10.32154088 19.24155822 29.5630991 0.6532422706 17.53973454 22.50976597 1.972527347 0.9918419205
205 158732 187 187 0 -7.457385283 17.20707106 -14.287625 42.29398256 56.58160757 -15.64676942 53.83493337 69.48170279 1.49746133 54.42025165 65.96120246 21.9581567 0.9563285727
206 174781 4283 4283 0 -2.763849576 10.00847003 -12.16386987 19.83510689 31.99897676 -14.37823102 37.45514926 51.83338028 0.8991327668 28.71815655 46.33819893 174.341995 0.9848646739
207 207023 838 838 0 0.7951925582 13.70619205 -20.12874201 21.29086673 41.41960874 -21.96931018 25.75443482 47.723745 0.06219589387 39.09164361 40.93221178 37.98340503 0.9716241289
208 170168 594 594 0 -8.612294547 10.76453163 -10.74697069 14.72354238 25.47051307 -11.26824867 15.77735093 27.0455996 0.2332496975 24.22615063 25.27995918 4.772758755 0.9824106897
209 185410 274 274 0 -1.193374682 14.97125042 -20.15513389 26.11889415 46.27402804 -23.96647282 58.26291294 82.22938576 0.6755756528 38.47540888 70.61942767 92.60837755 0.9665194005
210 174403 229 229 0 0.5280377679 14.60254243 -22.44529939 26.033305 48.47860439 -24.04004221 37.83366437 61.87370658 0.3369931668 30.03939868 41.83975804 22.50562022 0.9679566554
211 182469 1318 1318 0 -2.020124599 7.570377723 -8.749852825 15.10702133 23.85687416 -9.28410911 18.66258197 27.94669108 0.7402470511 20.67706124 24.23262188 2.342597745 0.9913023449
212 172987 1633 1633 0 -4.010633218 10.55038285 -11.16548614 20.44268403 31.60817017 -12.85838325 24.59444415 37.45282741 0.8053788867 23.57336414 27.72512426 9.683800823 0.9831569411
213 186177 644 644 0 -1.879830967 6.910233189 -7.646125754 14.70194391 22.34806967 -8.263315304 24.04658825 32.30990355 1.138539154 17.1743758 26.51902014 6.72954635 0.9927603363
214 178238 100 100 0 -1.896198 10.00031934 -12.78140727 20.26109702 33.04250429 -13.82026057 30.54912129 44.36938187 1.041913069 25.9111935 36.19921777 90.2220414 0.9849135399
215 210584 366 366 0 -14.95359717 33.53593356 -21.75656508 74.48328886 96.23985395 -23.21757601 100.8094007 124.0269767 1.312434318 95.07210401 121.3982158 52.23156268 0.8445191235
216 216699 263 263 0 -1.865364402 12.59111085 -14.84122374 24.84666348 39.68788723 -15.20315694 39.10152045 54.30467739 0.7878257875 25.00123888 29.03644016 13.69408158 0.9761458228
217 183435 482 482 0 -2.833389296 10.84260865 -12.96836759 22.29874377 35.26711137 -15.58763584 33.43420801 49.02184386 0.9608266585 28.31771982 39.45318406 202.6316128 0.9822674563
218 182911 276 276 0 -1.952929109 10.18348075 -13.80261145 18.90319425 32.7058057 -14.2480995 29.3785922 43.6266917 0.6315118817 24.81509901 35.29049696 210.8462234 0.9843114246
219 206335 1723 1723 0 -0.7050008496 4.8447497 -6.692567071 8.997341151 15.68990822 -7.768688523 12.19317685 19.96186537 0.4749499295 9.210802151 10.22194274 3.857888835 0.9964300545
220 184474 2442 2442 0 -1.692444542 9.009586766 -11.26761796 17.87317009 29.14078805 -13.32342434 36.27639034 49.59981468 1.07390606 21.44219567 39.84541591 184.7411079 0.9877424712
221 192450 399 399 0 -3.466206388 21.01037761 -11.20098905 16.20255661 27.40354566 -15.15620492 129.8575725 145.0137775 4.360580493 20.50252679 134.1575427 63.20338527 0.9482895067
222 208331 401 401 0 1.22839445 5.659230156 -10.27455159 7.08274172 17.35729331 -11.88476084 8.227314864 20.1120757 -0.5282352976 13.42097963 15.03118887 33.19964841 0.9951300575
223 183190 554 554 0 -2.42130102 12.0148468 -15.45020705 21.76689025 37.2170973 -17.91773609 41.36349109 59.28122718 0.6580254826 31.34965368 50.94625452 290.5199758 0.9782334191
224 203291 359 359 0 -3.23700935 16.98452732 -18.69794105 40.76145844 59.45939949 -20.46026472 58.11281935 78.57308407 1.22438012 35.93427284 53.28563375 293.6370122 0.9574233963
225 206855 441 441 0 1.276973292 5.415245319 -9.125606723 6.856274456 15.98188118 -11.60214211 7.909419487 19.5115616 -0.3876783903 10.73704065 13.21357604 29.91662721 0.9955396268
226 185286 239 239 0 -2.165475581 12.52866061 -15.99587622 24.96863691 40.96451313 -19.69098867 37.4007172 57.09170587 0.8926447368 32.4919133 44.92399359 302.2002821 0.9764142341
227 203774 742 742 0 -0.667122791 5.458067932 -7.162017026 9.145616111 16.30763314 -8.24102424 12.86382653 21.10485077 0.3256381028 9.403701185 10.77747968 3.527115162 0.9954691412
228 190234 387 387 0 -1.522029278 16.2261191 -22.54409039 31.31603871 53.8601291 -26.73735949 47.53812549 74.27548497 0.5557577208 46.82856033 63.05064711 264.2770787 0.960603043
229 185383 315 315 0 -0.4389386998 4.34993912 -6.046895781 7.580441904 13.62733768 -6.702088031 9.447420472 16.1495085 0.3113157164 9.789596534 11.6565751 17.37092073 0.9971207274
230 189351 290 290 0 -1.023053976 11.81408527 -17.57489603 19.75927742 37.33417345 -21.39797986 30.25927259 51.65725245 0.3221476197 29.92363977 40.42363495 303.4103846 0.9789183183
231 185895 197 197 0 -0.1532415299 2.122743451 -3.292291471 3.631297639 6.92358911 -4.108624154 4.892336306 9.00096046 0.1772566729 3.802503555 4.809620938 6.963110502 0.99931386
232 205580 1044 1044 0 -1.096950166 3.78627065 -4.632037478 7.435346798 12.06738428 -5.310156245 9.115564257 14.4257205 0.6855347364 8.152233143 9.832450602 7.018795422 0.9978184154
233 222014 341 341 0 -2.759175171 20.2308375 -13.79478131 74.2710607 88.06584201 -24.54511632 92.07523003 116.6203463 3.191519084 80.67244424 98.47661357 23.77141568 0.9458514429
234 209856 1011 1011 0 -0.7383022855 3.735774773 -4.87638581 7.451458021 12.32784383 -5.781185745 11.9147222 17.69590794 0.8116720187 7.056833525 10.11387669 10.85840329 0.9978767124
235 200937 376 376 0 -0.1801209038 4.006607137 -6.12164911 6.170491057 12.29214017 -7.108383798 8.834927347 15.94331115 0.0998445453 6.649910876 9.22471349 47.9894989 0.9975569428
236 199150 526 526 0 0.1467107906 3.364808977 -5.710138935 5.187644008 10.89778294 -7.202348215 7.017981162 14.22032938 -0.105940215 7.632506822 9.462843977 23.91778385 0.9982766266
237 216119 1642 1642 0 -0.07207962788 4.163176148 -6.674247626 7.175619211 13.84986684 -13.35922765 9.637495597 22.99672324 0.01329451408 7.921435758 13.38496854 14.91465459 0.9973633098
238 199588 250 250 0 -0.5646486003 2.955867073 -4.235565043 5.542168462 9.777733505 -5.298130796 6.824313224 12.12244402 0.4059311894 7.842082635 9.124227397 18.04321631 0.9986699024
239 197604 275 275 0 -1.044830703 4.389856017 -5.096273303 8.996054016 14.09232732 -5.644225429 16.29769426 21.94191969 1.390634406 10.68789243 17.98953267 5.369470656 0.9970719864
240 210040 263 263 0 -0.4011973313 2.853293529 -3.732381097 5.032240368 8.764621465 -4.364812616 6.882596287 11.2474089 0.4652884777 5.594780573 6.227212091 15.30867348 0.998760585
241 199000 211 211 0 -0.3628219537 3.550893273 -5.231307291 6.283985961 11.51529325 -6.539967254 9.940218166 16.48018542 0.4193956528 6.806855618 10.46308782 189.5771747 0.9980811625
242 200736 200 200 0 -0.1392576521 6.133659339 -9.653491958 10.28945033 19.94294229 -12.45738764 13.45832065 25.91570829 0.08277131112 12.20440551 15.37327583 201.1608241 0.994281557
243 201396 189 189 0 -0.5244851251 5.502434101 -8.384471957 9.866237052 18.25070901 -10.43850672 11.2000075 21.63851422 0.1889391159 9.842187194 10.94045203 201.3817598 0.9953960293
244 209191 143 143 0 -1.874953266 6.24640271 -7.691355541 11.59375282 19.28510836 -8.821046884 15.48833105 24.30937793 0.6352441866 13.83436879 17.72894701 53.48592854 0.9940707145
245 211697 262 262 0 -0.3406271052 2.310493359 -3.006593048 4.534380831 7.540973879 -3.466874301 7.204080849 10.67095515 0.7671375571 4.670112473 7.339812492 39.67620595 0.9991872592
246 215691 654 654 0 -0.313299693 3.653573305 -3.517864977 3.85520851 7.373073486 -4.25385216 37.92569729 42.17954945 6.430879664 4.926842022 38.9973308 28.53476132 0.9980109604
247 214361 173 173 0 -1.552180414 5.422268721 -6.458770952 11.40906782 17.86783877 -8.006499279 15.48976649 23.49626577 0.9455677282 13.17811556 17.25881423 47.20783805 0.9955323032
248 216912 387 387 0 0.1382024321 1.923773446 -3.380554953 2.803964744 6.184519697 -4.592483276 3.388488527 7.980971803 -0.2958857317 3.712541929 4.297065711 33.21099772 0.9994364331
249 217460 1422 1422 0 0.05668414328 3.078633529 -4.987381749 4.934312718 9.921694467 -6.321824277 13.80244946 20.12427373 0.1642734405 5.935410224 14.80354696 22.32581359 0.9985574007
250 217348 174 174 0 -0.43005012 2.727304417 -3.716027332 4.783455576 8.499482909 -4.104181014 6.592998432 10.69717945 0.4142912289 4.492647197 6.302190052 20.1568433 0.998867558
251 218011 161 161 0 0.08029658226 2.854471343 -4.7858621 4.211668234 8.997530333 -6.246403554 5.214868441 11.461272 -0.1742272858 5.191837908 5.76369395 27.36145077 0.9987595343
252 219305 271 271 0 -1.749339518 6.557468388 -7.929545569 11.90087579 19.83042136 -8.587754985 17.50732169 26.09507667 0.6685891592 11.78026523 17.38671113 45.86105482 0.9934678975
253 220313 300 300 0 -0.2691275916 2.375771036 -3.337830847 4.141148486 7.478979333 -3.996103261 5.183800008 9.179903269 0.3285599363 4.271184583 5.313836105 30.80313531 0.9991405758
