N=194058, N_branch=500, dt_b=-0.0001, dt_f=0.0001, rtol=1e-9
T_min=0, T_max_b=-6.283185307179586, T_max_f=12.566370614359172, ZOOM=True
Features: normalized position, unit tangent and residence time blocks.
OE event: first outward crossing of 2.5 lunar SOI along each integration direction, before any detected collision.
Frame: geocentric inertial axes coincident with synodic axes at t=0.
STD: ddof=0; w statistics use offsets from the cluster circular mean (angle_origin_deg).
angle_resultant: 1=concentrated directions; 0=no defined mean direction. Broad angular clouds require caution with linearized moments.
NaN: missing event, undefined parameter/statistic, or missing representative parameter.

K=10, STD=0.02827551349
n = trajectories per cluster; conditions overlap.
n = 1: clusters=0/10 (0.00%); trajectories=0/194058 (0.00%)
n < 10: clusters=0/10 (0.00%); trajectories=0/194058 (0.00%)
n < 100: clusters=0/10 (0.00%); trajectories=0/194058 (0.00%)

K=10, phase=backward, parameter=eps [km^2/s^2]
cluster representative_source n_cluster n_valid n_missing median std p05 p95 width90 minimum maximum range skewness error95 error_max angle_origin_deg angle_resultant
0 183115 47351 47351 0 -0.1785842523 0.3135323831 -0.9282327892 -0.08271237604 0.8455204132 -0.9839939048 -0.0690114403 0.9149824645 -1.293070695 0.7624702578 0.8182313734 nan nan
1 144131 166 166 0 -0.1988935976 0.2967256607 -0.9565806874 -0.1141621117 0.8424185757 -1.017669023 -0.04383479669 0.9738342267 -1.430087182 0.7896476648 0.8507360007 nan nan
2 109831 10022 10022 0 -0.2388939706 0.3347465628 -0.959074075 -0.1095265009 0.8495475741 -1.017562366 -0.05622903003 0.961333336 -0.5883498626 0.7564602277 0.8149485188 nan nan
3 85967 31218 31218 0 -0.2168444244 0.3259631328 -0.9548477415 -0.08614021271 0.8687075288 -0.9808263892 -0.05881779331 0.9220085959 -1.019198263 0.7786216684 0.8046003161 nan nan
4 90807 5960 5960 0 -0.2137245979 0.3411115466 -0.9529773763 -0.1161133202 0.8368640561 -1.020553626 -0.04380722131 0.9767464045 -0.2692661831 0.7770511718 0.8446274212 nan nan
5 33679 24539 24539 0 -0.9301705724 0.04688273336 -0.9986083986 -0.8597469262 0.1388614724 -1.008654727 -0.8455281707 0.1631265565 0.03311415592 0.1023503512 0.1165691067 nan nan
6 192478 43309 43309 0 -0.2004024177 0.3031445919 -0.9433407827 -0.08658448435 0.8567562984 -0.9812652873 -0.06298297026 0.9182823171 -1.298675913 0.7777850109 0.8157095155 nan nan
7 211173 19795 19795 0 -0.2145744356 0.3225329983 -0.9426971161 -0.1241469663 0.8185501498 -0.9805267118 -0.06585279183 0.91467392 -0.8956148686 0.7463066441 0.7841362397 nan nan
8 148595 10081 10081 0 -0.1800188192 0.2630397586 -0.8886404171 -0.06103329083 0.8276071263 -1.020836128 -0.04391779137 0.976918337 -1.774244024 0.7173281442 0.8495238554 nan nan
9 160348 1617 1617 0 -0.2003190127 0.2950503053 -0.9314710093 -0.1150966221 0.8163743873 -1.020754723 -0.04387907749 0.9768756458 -1.289920302 0.7426546551 0.831938369 nan nan

K=10, phase=backward, parameter=e [-]
cluster representative_source n_cluster n_valid n_missing median std p05 p95 width90 minimum maximum range skewness error95 error_max angle_origin_deg angle_resultant
0 183115 47351 47351 0 0.5694950611 0.1430230658 0.3497514892 0.8027804363 0.4530289471 0.2029362978 0.8355118701 0.6325755722 0.08107030863 0.2520272954 0.3988424868 nan nan
1 144131 166 166 0 0.5190941844 0.1459345744 0.2489862839 0.7272060558 0.4782197718 0.1950360604 0.8955575814 0.700521521 -0.1374699056 0.3495364162 0.4034866398 nan nan
2 109831 10022 10022 0 0.4718202779 0.1578769647 0.2479493478 0.7384315949 0.4904822471 0.1707602091 0.8660644064 0.6953041973 0.2570130866 0.2700421053 0.3582624185 nan nan
3 85967 31218 31218 0 0.4944251698 0.1489842942 0.292793919 0.7945850106 0.5017910916 0.168591401 0.8598376402 0.6912462391 0.2197146652 0.2831723295 0.406319737 nan nan
4 90807 5960 5960 0 0.4877337289 0.1763640203 0.1951723029 0.7225047053 0.5273324024 0.1683444931 0.8956261106 0.7272816175 -0.002679175988 0.3805160209 0.4073438307 nan nan
5 33679 24539 24539 0 0.4378080953 0.07885350116 0.3072769808 0.5423355277 0.2350585469 0.2759808255 0.5563450703 0.2803642448 -0.1659326899 0.1812982688 0.2125944241 nan nan
6 192478 43309 43309 0 0.514917831 0.1533552437 0.2980336186 0.7934972278 0.4954636092 0.1688750593 0.849900974 0.6810259147 0.2169814751 0.3043570025 0.4335155618 nan nan
7 211173 19795 19795 0 0.4835590016 0.1153496798 0.2827594675 0.7030273694 0.4202679019 0.1694522375 0.843021049 0.6735688116 0.06616027539 0.2446362676 0.3557792799 nan nan
8 148595 10081 10081 0 0.5663518389 0.1621884148 0.2480921107 0.8546206817 0.606528571 0.168193931 0.8953605839 0.727166653 -0.2815446335 0.33957018 0.4194683597 nan nan
9 160348 1617 1617 0 0.5160693684 0.1513963145 0.2334780504 0.7249362951 0.4914582446 0.170063584 0.8954556795 0.7253920954 -0.3609123796 0.3133400407 0.3736970897 nan nan

K=10, phase=backward, parameter=w [deg]
cluster representative_source n_cluster n_valid n_missing median std p05 p95 width90 minimum maximum range skewness error95 error_max angle_origin_deg angle_resultant
0 183115 47351 47351 0 -1.665714371 81.83228377 -177.0001892 177.4419252 354.4421143 -179.998661 179.9997465 359.9984075 0.2218556773 178.2498185 179.9995366 24.26728175 0.5564205718
1 144131 166 166 0 -1.298296396 77.81217898 -176.1065899 169.923262 346.0298518 -179.7176153 177.1832579 356.9008732 0.0933384547 175.5299647 178.5084003 26.55511343 0.5899922356
2 109831 10022 10022 0 0.5352389525 99.84859446 -173.6271381 173.9831026 347.6102407 -179.9979679 179.9617662 359.959734 -0.005184455141 177.8729531 179.9920688 22.71484097 0.2903537006
3 85967 31218 31218 0 -0.3834636513 89.89482315 -175.7604492 176.704531 352.4649803 -179.9998704 179.9976816 359.997552 0.0316179958 176.3661006 179.9193684 24.99461708 0.4691233107
4 90807 5960 5960 0 -2.427562306 97.88782533 -22.63579011 174.3533838 196.989174 -179.9615787 179.9013041 359.8628828 -0.0759732428 176.3097495 179.9953421 33.84887949 0.1337892721
5 33679 24539 24539 0 -0.8427682912 6.033404582 -7.975985264 12.07849729 20.05448256 -9.854183835 24.82079459 34.67497843 1.119897646 14.92318474 27.66548204 189.9796429 0.994479746
6 192478 43309 43309 0 0.5655314291 80.19992611 -176.2488601 175.6830347 351.9318947 -179.9924181 179.9941345 359.9865526 0.3053999337 177.9148912 179.9986609 26.20108248 0.5652585356
7 211173 19795 19795 0 -1.736770422 93.4379502 -176.0006261 172.7709237 348.7715498 -179.9962697 179.9973492 359.9936189 -0.0411202814 177.6459992 179.9982608 25.25853431 0.4118303913
8 148595 10081 10081 0 0.3425375292 68.16760195 -169.2850235 171.7829323 341.0679558 -179.9597432 179.9620988 359.921842 0.1606464246 174.389448 179.9952658 23.90534171 0.6846319024
9 160348 1617 1617 0 -1.31596973 81.57797959 -176.1266875 171.8959622 348.0226497 -179.9499212 179.8084385 359.7583597 -0.01497973153 176.7050791 179.9453031 26.15173422 0.5524612991

K=10, phase=forward, parameter=eps [km^2/s^2]
cluster representative_source n_cluster n_valid n_missing median std p05 p95 width90 minimum maximum range skewness error95 error_max angle_origin_deg angle_resultant
0 183115 47351 47351 0 -0.1947718773 0.3750628137 -0.9347721123 -0.08312396425 0.8516481481 -0.9840534966 -0.06948845771 0.9145650389 -0.3604948366 0.8269725243 0.8762539085 nan nan
1 144131 166 166 0 -0.2122723735 0.3407863473 -0.9697740904 -0.1157547288 0.8540193616 -1.020440955 -0.04671985241 0.9737211026 -0.6609978149 0.7568208828 0.8074877474 nan nan
2 109831 10022 10022 0 -0.2571003454 0.353800796 -0.9655421553 -0.1087315839 0.8568105714 -1.020820046 -0.06054081098 0.960279235 -0.09624030985 0.7802027212 0.8354806118 nan nan
3 85967 31218 31218 0 -0.2286123501 0.3662140652 -0.9620878596 -0.1010108502 0.8610770094 -0.9807716408 -0.05885393284 0.921917708 -0.2705857212 0.8009305976 0.8196143788 nan nan
4 90807 5960 5960 0 -0.8149836829 0.3485721271 -0.9707716801 -0.1176472242 0.8531244559 -1.019554213 -0.04389160369 0.9756626095 0.1952299356 0.8539227021 0.9027052352 nan nan
5 33679 24539 24539 0 -0.9319786949 0.04520200954 -0.9981875574 -0.8606317176 0.1375558398 -1.008564402 -0.8453769744 0.1631874273 0.06417487001 0.09710902686 0.1123637701 nan nan
6 192478 43309 43309 0 -0.242238663 0.372104559 -0.9528051697 -0.08289288009 0.8699122896 -0.9812539104 -0.0625553021 0.9186986083 -0.0956643087 0.8581594112 0.8866081519 nan nan
7 211173 19795 19795 0 -0.8485051726 0.3472026781 -0.9590017753 -0.1278170596 0.8311847157 -0.9805593027 -0.06143144191 0.9191278608 0.4695280196 0.7922166065 0.8586022242 nan nan
8 148595 10081 10081 0 -0.1921623608 0.3218532151 -0.9273470498 -0.1045219254 0.8228251244 -1.020807534 -0.04398107964 0.9768264545 -0.9832383131 0.8140457977 0.907506282 nan nan
9 160348 1617 1617 0 -0.2100027967 0.3417008679 -0.9554120876 -0.1162746307 0.8391374569 -1.020582924 -0.04380055914 0.9767823647 -0.5284642239 0.7433330465 0.8085038827 nan nan

K=10, phase=forward, parameter=e [-]
cluster representative_source n_cluster n_valid n_missing median std p05 p95 width90 minimum maximum range skewness error95 error_max angle_origin_deg angle_resultant
0 183115 47351 47351 0 0.5283394137 0.1587146375 0.3301690037 0.80178537 0.4716163664 0.2022468463 0.8343735077 0.6321266614 0.2153621191 0.4125805121 0.5405026694 nan nan
1 144131 166 166 0 0.4946886039 0.1531456936 0.2367664594 0.723374086 0.4866076267 0.1698141831 0.8887012719 0.7188870888 -0.01696959132 0.2621863176 0.4066655425 nan nan
2 109831 10022 10022 0 0.4523085327 0.1616182504 0.2419125086 0.7403999816 0.498487473 0.1698731259 0.8557904487 0.6859173228 0.3221623546 0.3112229477 0.3832623304 nan nan
3 85967 31218 31218 0 0.4800825835 0.1507469105 0.2680811184 0.7588659814 0.490784863 0.1685723685 0.8597500074 0.691177639 0.2845109979 0.3448153701 0.44432412 nan nan
4 90807 5960 5960 0 0.4730797243 0.1688627703 0.1955982788 0.7187582552 0.5231599764 0.1697123633 0.8954250633 0.7257127 0.1591922786 0.5250870309 0.5509729465 nan nan
5 33679 24539 24539 0 0.4407756806 0.07596723497 0.3091906033 0.5417177805 0.2325271773 0.2756258177 0.5562090262 0.2805832084 -0.2102008385 0.1726880267 0.2062528122 nan nan
6 192478 43309 43309 0 0.4672707924 0.1708485234 0.2677644994 0.802353137 0.5345886376 0.1689234382 0.8509202928 0.6819968546 0.3426315592 0.5065531202 0.6053941814 nan nan
7 211173 19795 19795 0 0.4463643242 0.1267122017 0.2576649573 0.6941505432 0.4364855859 0.1696830203 0.8535837772 0.6839007569 0.3949535742 0.272609251 0.432042485 nan nan
8 148595 10081 10081 0 0.5377153252 0.1700474184 0.233477119 0.7503429863 0.5168658674 0.1697258553 0.8952125964 0.7254867411 -0.2272359521 0.4957751236 0.5595263872 nan nan
9 160348 1617 1617 0 0.4994745277 0.1583490215 0.2214701495 0.72210878 0.5006386305 0.1710055509 0.8956399398 0.7246343889 -0.1270680041 0.2685601856 0.4112520797 nan nan

K=10, phase=forward, parameter=w [deg]
cluster representative_source n_cluster n_valid n_missing median std p05 p95 width90 minimum maximum range skewness error95 error_max angle_origin_deg angle_resultant
0 183115 47351 47351 0 15.37508676 83.21093281 -148.2443808 31.26881139 179.5131922 -179.983219 179.9909709 359.97419 -0.3661733368 169.7756425 179.9995788 138.8587231 0.2114719366
1 144131 166 166 0 -1.339879013 94.70252824 -170.1710254 164.9679466 335.138972 -178.7815865 179.4489257 358.2305122 -0.0001347521023 175.8351536 179.8343135 159.2269236 0.2424693316
2 109831 10022 10022 0 -8.675356273 97.75252993 -46.82273912 168.6034952 215.4262343 -179.9981875 179.9805207 359.9787082 -0.1288347302 176.3541728 179.9996269 271.7657976 0.06326858115
3 85967 31218 31218 0 -0.8934133627 88.26589062 -174.3031316 23.26240704 197.5655386 -179.9037766 179.941207 359.8449835 -0.255791105 178.9366182 179.998759 189.2402274 0.1377643085
4 90807 5960 5960 0 -15.87747021 86.57902587 -53.41583992 157.5051412 210.9209811 -179.9670075 179.9732348 359.9402423 0.1717621675 178.6049215 179.9982162 190.378264 0.1435930996
5 33679 24539 24539 0 -2.066186581 10.54314376 -13.03857406 21.30891175 34.34748581 -14.26732018 35.20051129 49.46783147 0.888588054 21.7954155 35.68701504 303.6768123 0.983226044
6 192478 43309 43309 0 40.93456664 85.67150718 -126.2757243 59.51979352 185.7955178 -146.1608907 73.58823544 219.7491262 -0.1057849847 172.8288649 179.9859375 127.9697335 0.09306421849
7 211173 19795 19795 0 -2.362239149 100.2083743 -176.0605574 174.5435048 350.6040621 -179.9998755 179.9992887 359.9991642 0.03131235077 177.5202461 179.9978842 34.99159548 0.2277859883
8 148595 10081 10081 0 -0.3654366112 84.00169683 -165.5011757 161.033303 326.5344787 -179.9946169 179.9069041 359.901521 -0.1893154173 172.141304 179.9988422 280.6924434 0.452969425
9 160348 1617 1617 0 -0.8055498374 97.14671856 -168.9139024 171.1398904 340.0537928 -179.824871 179.788454 359.613325 0.01819994971 174.1190052 179.9014083 38.60329141 0.2518037056

K=14, STD=0.02406029469
n = trajectories per cluster; conditions overlap.
n = 1: clusters=0/14 (0.00%); trajectories=0/194058 (0.00%)
n < 10: clusters=0/14 (0.00%); trajectories=0/194058 (0.00%)
n < 100: clusters=0/14 (0.00%); trajectories=0/194058 (0.00%)

K=14, phase=backward, parameter=eps [km^2/s^2]
cluster representative_source n_cluster n_valid n_missing median std p05 p95 width90 minimum maximum range skewness error95 error_max angle_origin_deg angle_resultant
0 175987 26836 26836 0 -0.2071979016 0.06094914398 -0.2419511276 -0.1494192556 0.09253187204 -0.9819108873 -0.1363676442 0.8455432431 -8.669586038 0.07771947455 0.7559096922 nan nan
1 185549 133 133 0 -0.1962555959 0.2744380592 -0.9285277627 -0.1142660386 0.8142617241 -1.017669023 -0.04383479669 0.9738342267 -1.697874107 0.7182045259 0.8073457865 nan nan
2 74329 6442 6442 0 -0.1875114228 0.2617206939 -0.9078895272 -0.1089775014 0.7989120258 -1.020778602 -0.04399901778 0.9767795843 -1.864019039 0.7623982983 0.8752873732 nan nan
3 211174 17691 17691 0 -0.2142363427 0.320574351 -0.9420239604 -0.1248303407 0.8171936197 -0.9805267118 -0.06839088237 0.9121358294 -0.923264244 0.7450254874 0.7835282388 nan nan
4 203859 1108 1108 0 -0.2025751789 0.2842228762 -0.933837338 -0.1146417952 0.8191955428 -1.018367772 -0.04380722131 0.9745605503 -1.419401359 0.7550262615 0.8395566952 nan nan
5 33679 24415 24415 0 -0.9301157902 0.04692581642 -0.998640757 -0.8597330916 0.1389076654 -1.008654727 -0.8455281707 0.1631265565 0.03115725996 0.1023641858 0.1165691067 nan nan
6 194160 26633 26633 0 -0.1620960135 0.09257729243 -0.2476432885 -0.07518681168 0.1724564768 -0.9808564296 -0.06237392869 0.9184825009 -4.921895077 0.09617664315 0.8131835116 nan nan
7 150375 6840 6840 0 -0.184689972 0.2854650762 -0.8860582442 -0.05479682442 0.8312614198 -1.020836128 -0.04391779137 0.976918337 -1.414393169 0.7138431513 0.8486210354 nan nan
8 20085 3993 3993 0 -0.8149684659 0.3363837484 -0.9592381094 -0.1201795438 0.8390585656 -1.020553626 -0.04413887266 0.9764147531 0.3031974447 0.7076502108 0.7836908819 nan nan
9 206424 909 909 0 -0.2044226904 0.3139001012 -0.945618041 -0.1147623457 0.8308556953 -1.020754723 -0.04407832883 0.9766763944 -1.049962067 0.7555451588 0.8306818411 nan nan
10 130747 23771 23771 0 -0.1253773704 0.2260654179 -0.9148345378 -0.07653355024 0.8383009875 -0.9842262059 -0.06805633993 0.916169866 -2.904081828 0.8079017753 0.8772934435 nan nan
11 64249 18947 18947 0 -0.9006265942 0.03737568504 -0.958866535 -0.8407946661 0.1180718689 -0.9817971159 -0.8065564948 0.1752406211 0.08039854179 0.06656132267 0.09902520821 nan nan
12 107665 9602 9602 0 -0.2345191499 0.3347669346 -0.9594840984 -0.1184722216 0.8410118768 -1.016166402 -0.08992868423 0.9262377173 -0.5933185942 0.7589109366 0.8155932397 nan nan
13 90418 26738 26738 0 -0.2162913331 0.3258864418 -0.9543898262 -0.086042685 0.8683471412 -0.9805758909 -0.05881779331 0.9217580976 -1.019129389 0.7729008876 0.7990869522 nan nan

K=14, phase=backward, parameter=e [-]
cluster representative_source n_cluster n_valid n_missing median std p05 p95 width90 minimum maximum range skewness error95 error_max angle_origin_deg angle_resultant
0 175987 26836 26836 0 0.4966256552 0.07680226191 0.4038871458 0.6415108299 0.2376236842 0.2715798077 0.6733948742 0.4018150665 0.2925895251 0.1945917567 0.226475801 nan nan
1 185549 133 133 0 0.5256049947 0.1449885426 0.240436409 0.7269572991 0.4865208902 0.1950360604 0.8955575814 0.700521521 -0.4197877278 0.2625473481 0.4068184185 nan nan
2 74329 6442 6442 0 0.5475546284 0.1406307489 0.3008560267 0.7397002146 0.4388441879 0.168193931 0.8951650038 0.7269710728 -0.2947743062 0.3501610089 0.4828231046 nan nan
3 211174 17691 17691 0 0.4840965007 0.1130864826 0.2846542582 0.7014169796 0.4167627215 0.1694522375 0.8369562131 0.6675039756 0.05334952633 0.2409209774 0.3542251452 nan nan
4 203859 1108 1108 0 0.5104577582 0.1542445961 0.2347939469 0.7260326478 0.4912387009 0.170063584 0.8956261106 0.7255625266 -0.05627510643 0.3347474967 0.3994778596 nan nan
5 33679 24415 24415 0 0.4377025262 0.07892443319 0.3072487361 0.542376818 0.2351280819 0.2759808255 0.5563450703 0.2803642448 -0.1636485774 0.1813265135 0.2125944241 nan nan
6 194160 26633 26633 0 0.610515833 0.1406076005 0.3884298359 0.820728524 0.432298688 0.1686989674 0.8513553912 0.6826564238 -0.1742687481 0.2334850176 0.4284647413 nan nan
7 150375 6840 6840 0 0.5550139756 0.1833953008 0.2364508281 0.8694039603 0.6329531322 0.1700000448 0.8953605839 0.7253605391 -0.1400788502 0.3489754261 0.4154262094 nan nan
8 20085 3993 3993 0 0.4029187215 0.1757304058 0.1911358321 0.7126560847 0.5215202526 0.1683444931 0.8948398683 0.7264953752 0.3593771676 0.4794553114 0.661639095 nan nan
9 206424 909 909 0 0.5075775355 0.1525659617 0.2325386335 0.7257482655 0.493209632 0.1728107296 0.8949833136 0.722172584 -0.3274729239 0.3106028583 0.368402394 nan nan
10 130747 23771 23771 0 0.7003522496 0.1108008641 0.4575719038 0.8175367135 0.3599648097 0.2742212581 0.8377900416 0.5635687835 -1.028428001 0.2871597982 0.4705104439 nan nan
11 64249 18947 18947 0 0.3874390767 0.06949038252 0.265580294 0.4838926329 0.2183123389 0.1695680508 0.5182193731 0.3486513223 -0.3498529717 0.1308859449 0.2268981881 nan nan
12 107665 9602 9602 0 0.4736052617 0.1470283106 0.2534641058 0.7168992171 0.4634351113 0.1697351995 0.7856836722 0.6159484727 0.1225045914 0.2607243679 0.3433339188 nan nan
13 90418 26738 26738 0 0.4941627772 0.1479313928 0.2925303193 0.7948035518 0.5022732325 0.168591401 0.8598376402 0.6912462391 0.2257909692 0.2874998973 0.3930946888 nan nan

K=14, phase=backward, parameter=w [deg]
cluster representative_source n_cluster n_valid n_missing median std p05 p95 width90 minimum maximum range skewness error95 error_max angle_origin_deg angle_resultant
0 175987 26836 26836 0 -0.05380681042 12.92139727 -3.260953055 3.160333556 6.421286612 -172.7973546 173.7213687 346.5187234 -2.506187734 3.576776975 173.6048944 29.79650713 0.9879021812
1 185549 133 133 0 -0.2581097451 71.90498093 -174.9876541 168.0425236 343.0301777 -178.3286498 178.5722234 356.9008732 -0.1012204167 175.6326866 178.6271957 25.16614793 0.6538840535
2 74329 6442 6442 0 -0.8254486346 64.77037654 -9.618553721 172.4027186 182.0212723 -179.9681583 179.6831447 359.651303 0.98666283 170.0517063 179.9902852 25.48260561 0.6982247464
3 211174 17691 17691 0 -1.728064156 92.62132206 -175.935545 172.7409666 348.6765116 -179.9980449 179.9957191 359.9937641 -0.04149499034 177.7639478 179.9994461 25.12592174 0.4220248821
4 203859 1108 1108 0 -1.78189208 77.18006922 -176.9572896 167.9182465 344.8755361 -179.7703115 179.9724157 359.7427273 -0.1051426581 175.2272809 179.6401479 27.35950535 0.5948752761
5 33679 24415 24415 0 -0.8167754123 5.960358769 -7.923135244 11.84292922 19.76606446 -9.796746511 24.52248512 34.31923163 1.09269366 14.63017934 27.30973524 189.9222056 0.9946116433
6 194160 26633 26633 0 0.1538966468 18.74664795 -9.342457138 8.952977725 18.29543486 -179.8591572 179.8044805 359.6636377 5.532590093 15.23020364 179.9249375 24.13806138 0.974277298
7 150375 6840 6840 0 1.400725301 75.14585631 -171.600217 160.4435879 332.0438049 -179.9944797 179.9189298 359.9134094 -0.4190538507 175.1772044 179.9935281 22.12295017 0.6015488404
8 20085 3993 3993 0 -1.160527906 94.16103079 -176.8233497 19.95268642 196.7760361 -179.880015 179.9860048 359.8660197 -0.05417992492 179.2188398 179.9989706 197.1160626 0.1589439668
9 206424 909 909 0 -1.870861151 88.17824395 -176.4884793 172.9365473 349.4250267 -179.9660012 179.8954219 359.861423 0.06764136735 178.2151802 179.988571 26.50642115 0.4715545712
10 130747 23771 23771 0 0.4147424488 49.80506237 -3.671956732 4.561854499 8.23381123 -179.9670571 179.9059066 359.8729637 0.1351501685 171.5642014 179.9999031 18.41654966 0.8324025576
11 64249 18947 18947 0 -0.3920804601 5.24696219 -7.568133972 8.390045943 15.95817992 -12.6518183 17.1328638 29.7846821 0.7363708395 11.63327637 15.86883399 203.0957545 0.9958187963
12 107665 9602 9602 0 -0.4463620131 100.8356073 -174.413605 173.5810798 347.9946849 -179.9837939 179.9854031 359.9691969 -0.004154713462 177.9920872 179.9990217 24.15239554 0.2886599246
13 90418 26738 26738 0 -0.4868266778 89.94431801 -175.7979654 176.8754269 352.6733923 -179.9966244 179.9996626 359.9962871 0.01969503974 176.3224133 179.9786678 24.98776028 0.4686052862

K=14, phase=forward, parameter=eps [km^2/s^2]
cluster representative_source n_cluster n_valid n_missing median std p05 p95 width90 minimum maximum range skewness error95 error_max angle_origin_deg angle_resultant
0 175987 26836 26836 0 -0.9000794432 0.02951944145 -0.9463117653 -0.8517469002 0.09456486504 -0.9648093808 -0.8101325028 0.154676878 0.1352374926 0.06049082109 0.1021052186 nan nan
1 185549 133 133 0 -0.2114096823 0.3342992865 -0.965778121 -0.115831418 0.8499467031 -1.020440955 -0.05015293497 0.9702880201 -0.687150773 0.7528978634 0.8075606974 nan nan
2 74329 6442 6442 0 -0.2047072336 0.3421780467 -0.9447599219 -0.1119281573 0.8328317646 -1.020392173 -0.04448022926 0.9759119439 -0.7144725384 0.7773602061 0.8529924574 nan nan
3 211174 17691 17691 0 -0.8508110722 0.3430493753 -0.9586308926 -0.1295605688 0.8290703238 -0.9805593027 -0.0631040033 0.9174552994 0.5632569731 0.791132382 0.8575889474 nan nan
4 203859 1108 1108 0 -0.2272268782 0.3449720094 -0.9687189424 -0.1156879467 0.8530309957 -1.020582924 -0.04380055914 0.9767823647 -0.4812997715 0.8938360299 0.9457000114 nan nan
5 33679 24415 24415 0 -0.931938873 0.04522922982 -0.9982073564 -0.8606366732 0.1375706832 -1.008564402 -0.8453769744 0.1631874273 0.06237825659 0.09710407127 0.1123637701 nan nan
6 194160 26633 26633 0 -0.1907188359 0.3841990436 -0.9587772912 -0.07176064656 0.8870166447 -0.9799577239 -0.06186232621 0.9180953977 -0.1840054502 0.8729526639 0.8941330966 nan nan
7 150375 6840 6840 0 -0.1897325008 0.3256233721 -0.9352540356 -0.06520162194 0.8700524136 -1.020820046 -0.04398107964 0.9768389663 -0.8897839637 0.8060007226 0.891566733 nan nan
8 20085 3993 3993 0 -0.8203539449 0.3295363088 -0.9715141239 -0.1233864411 0.8481276827 -1.019554213 -0.04389160369 0.9756626095 0.5839690629 0.6981081406 0.7776029781 nan nan
9 206424 909 909 0 -0.2111805859 0.3501778242 -0.9633167622 -0.1163516286 0.8469651336 -1.019495257 -0.04671985241 0.9727754047 -0.3991299724 0.7953429841 0.851521479 nan nan
10 130747 23771 23771 0 -0.1276705155 0.2257157432 -0.9156973438 -0.07775196695 0.8379453768 -0.9841664846 -0.0692267584 0.9149397262 -2.904376767 0.8122242819 0.8806934228 nan nan
11 64249 18947 18947 0 -0.2123977692 0.1763706145 -0.8466323433 -0.1437022828 0.7029300605 -0.9819407525 -0.1288477664 0.8530929861 -3.334291337 0.6126404793 0.7479488885 nan nan
12 107665 9602 9602 0 -0.2538402437 0.3527925617 -0.9655421553 -0.1174729385 0.8480692168 -1.012493779 -0.08609697601 0.9263968028 -0.1348615631 0.775019375 0.8219709985 nan nan
13 90418 26738 26738 0 -0.225679611 0.3658406423 -0.9620346444 -0.1025260652 0.8595085792 -0.9807716408 -0.05885393284 0.921917708 -0.2766507445 0.7970769621 0.8158139584 nan nan

K=14, phase=forward, parameter=e [-]
cluster representative_source n_cluster n_valid n_missing median std p05 p95 width90 minimum maximum range skewness error95 error_max angle_origin_deg angle_resultant
0 175987 26836 26836 0 0.386514454 0.05455206556 0.2906556068 0.4642902184 0.1736346116 0.18207356 0.4930853822 0.3110118221 -0.3639071227 0.1174049712 0.2259870179 nan nan
1 185549 133 133 0 0.4921535652 0.1584828446 0.2295361723 0.7231893928 0.4936532205 0.1698141831 0.8805307354 0.7107165523 -0.07817162718 0.2639625441 0.3982877157 nan nan
2 74329 6442 6442 0 0.5063315636 0.1516911656 0.2464489314 0.7325735 0.4861245686 0.1697258553 0.8940264166 0.7243005613 -0.1387958133 0.3509267325 0.4276498085 nan nan
3 211174 17691 17691 0 0.4429251653 0.1251538952 0.2574069644 0.6900061747 0.4325992103 0.1697281883 0.8495878695 0.6798596812 0.4216258139 0.2673516651 0.4269333598 nan nan
4 203859 1108 1108 0 0.493002187 0.1605489288 0.2233868853 0.7235399072 0.5001530219 0.1710055509 0.8956399398 0.7246343889 0.1277247808 0.5982289344 0.6506102688 nan nan
5 33679 24415 24415 0 0.440686458 0.0760082913 0.3092396809 0.5417564696 0.2325167887 0.2756258177 0.5562090262 0.2805832084 -0.2081022054 0.1726389491 0.2062528122 nan nan
6 194160 26633 26633 0 0.5393617673 0.1912812773 0.2602570883 0.8289610056 0.5687039174 0.1690402379 0.8525699233 0.6835296853 -0.09568531079 0.5351610378 0.6263778881 nan nan
7 150375 6840 6840 0 0.5443881128 0.1888945164 0.2228253734 0.8446853951 0.6218600218 0.1700181651 0.8952125964 0.7251944313 -0.1542139697 0.467969033 0.5207762413 nan nan
8 20085 3993 3993 0 0.3774937581 0.1687369185 0.1914644097 0.704884937 0.5134205273 0.1697123633 0.8954250633 0.7257127 0.4491542399 0.4886713684 0.6792114947 nan nan
9 206424 909 909 0 0.4967491143 0.1544889436 0.2229348056 0.7219033843 0.4989685787 0.1710108793 0.8887012719 0.7176903926 -0.1275271895 0.3730115818 0.4249355082 nan nan
10 130747 23771 23771 0 0.6947895671 0.1097046555 0.4625171143 0.8146352641 0.3521181498 0.2751346524 0.8349949929 0.5598603405 -0.9958954168 0.2905245659 0.4779070279 nan nan
11 64249 18947 18947 0 0.487063334 0.09333598724 0.3828846832 0.6555303267 0.2726456435 0.1688956561 0.6916703032 0.5227746472 -0.05285268853 0.2314551269 0.2662022148 nan nan
12 107665 9602 9602 0 0.4645794666 0.1506927729 0.2481853931 0.7196104788 0.4714250857 0.1698731259 0.7948502693 0.6249771434 0.1952116556 0.2918363425 0.3701486097 nan nan
13 90418 26738 26738 0 0.4810401492 0.1483924967 0.2681845034 0.7552204065 0.4870359031 0.1685723685 0.8597500074 0.691177639 0.2676706102 0.3353221514 0.4349342864 nan nan

K=14, phase=forward, parameter=w [deg]
cluster representative_source n_cluster n_valid n_missing median std p05 p95 width90 minimum maximum range skewness error95 error_max angle_origin_deg angle_resultant
0 175987 26836 26836 0 -0.1471512535 5.235759244 -7.473700435 8.407369167 15.8810696 -30.27963839 12.45737213 42.73701052 -0.1518937998 10.34286999 28.41904221 358.661176 0.9958350692
1 185549 133 133 0 -2.261232555 91.87424672 -155.8246019 169.5637835 325.3883854 -178.1616272 176.2627739 354.424401 0.08444266448 169.3640727 179.0138423 171.3992246 0.2706615358
2 74329 6442 6442 0 0.6411421433 86.84943081 -173.4491647 26.74683821 200.1960029 -179.8471967 179.9014723 359.748669 -0.3297371746 177.7836441 179.9878598 292.3549394 0.3444707766
3 211174 17691 17691 0 -2.437363886 98.81257779 -176.191588 174.8258508 351.0174388 -179.9880727 179.9967747 359.9848474 -0.01109770069 177.5331304 179.9994 35.74189663 0.2703640226
4 203859 1108 1108 0 0.9919368983 102.2562617 -173.0736698 172.4192231 345.4928929 -179.7101959 179.9020632 359.6122591 -0.03370110545 176.5183846 179.8787413 25.60503787 0.2339761962
5 33679 24415 24415 0 -2.008310051 10.3942339 -12.91553898 20.83508308 33.75062206 -14.14003121 34.46232024 48.60235144 0.8721903313 21.19429786 34.82153501 303.5495234 0.9836905494
6 194160 26633 26633 0 38.06069598 83.11733222 -124.8031743 55.75616035 180.5593347 -136.03209 71.07193505 207.1040251 -0.1749945228 170.4691824 179.8294753 132.3244239 0.1457601683
7 150375 6840 6840 0 -2.485156293 87.13176907 -167.4365299 170.828411 338.2649409 -179.9514537 179.9961906 359.9476443 0.1435272185 175.2859434 179.9691178 277.4463527 0.4283670021
8 20085 3993 3993 0 -3.128540715 91.4674772 -157.612815 172.3847546 329.9975696 -179.96229 179.9778536 359.9401436 0.1419877749 177.4291344 179.9889375 165.6326655 0.2977399984
9 206424 909 909 0 -1.026143599 99.86775057 -174.4306236 171.1431348 345.5737584 -179.9245382 179.8217164 359.7462546 0.05486551671 176.948635 179.8516823 54.06617566 0.1893873333
10 130747 23771 23771 0 -0.6147321277 49.65431268 -9.083004494 159.3888166 168.4718211 -179.9269888 179.9833358 359.9103246 0.6741655714 169.3709306 179.9924176 160.3224436 0.828877572
11 64249 18947 18947 0 -1.171144544 44.53195195 -14.31134905 21.1317507 35.44309975 -179.9963442 179.9914007 359.9877449 -0.2502667466 162.7927579 179.9843449 176.6824821 0.8562216901
12 107665 9602 9602 0 -4.116123323 103.1861627 -167.5446937 171.7602109 339.3049046 -179.9806045 179.9901787 359.9707832 -0.1712291585 176.3638583 179.9981928 257.5094082 0.07635827736
13 90418 26738 26738 0 -2.286656001 92.9371056 -176.756876 21.84649693 198.6033729 -179.9931754 179.9963979 359.9895733 -0.073315087 178.9095223 179.9978475 194.000173 0.139150164

K=18, STD=0.02423934257
n = trajectories per cluster; conditions overlap.
n = 1: clusters=0/18 (0.00%); trajectories=0/194058 (0.00%)
n < 10: clusters=0/18 (0.00%); trajectories=0/194058 (0.00%)
n < 100: clusters=1/18 (5.56%); trajectories=25/194058 (0.01%)

K=18, phase=backward, parameter=eps [km^2/s^2]
cluster representative_source n_cluster n_valid n_missing median std p05 p95 width90 minimum maximum range skewness error95 error_max angle_origin_deg angle_resultant
0 174338 25409 25409 0 -0.2067303471 0.05509477204 -0.2407056252 -0.1503980861 0.09030753907 -0.9814114384 -0.1374200408 0.8439913976 -8.998592953 0.07572243049 0.7561696552 nan nan
1 135518 25 25 0 -0.1772388583 0.3189419723 -0.9610676764 -0.09631163465 0.8647560417 -1.017669023 -0.08004922341 0.9376197999 -1.291067348 0.8082232247 0.8648245716 nan nan
2 145022 4604 4604 0 -0.1813305298 0.2461758373 -0.8756361416 -0.06086326834 0.8147728732 -1.020836128 -0.04391779137 0.976918337 -1.995345084 0.709833847 0.8550338338 nan nan
3 112888 17857 17857 0 -0.2180554564 0.3303796254 -0.9477345445 -0.1099570781 0.8377774664 -0.9805267118 -0.05881779331 0.9217089185 -0.8350182787 0.743633111 0.7764252783 nan nan
4 204667 1167 1167 0 -0.2120478742 0.31241556 -0.9652757951 -0.1145663532 0.8507094419 -1.020553626 -0.04380722131 0.9767464045 -1.016494381 0.7813655681 0.8366433988 nan nan
5 33679 24348 24348 0 -0.9300804473 0.04695169344 -0.9986656562 -0.8597324097 0.1389332465 -1.008654727 -0.8455281707 0.1631265565 0.02965592004 0.1023648677 0.1165691067 nan nan
6 193203 23301 23301 0 -0.1614350126 0.06207066261 -0.2466314448 -0.07486711886 0.1717643259 -0.9786198732 -0.06368116384 0.9149387093 -2.227037484 0.09359057614 0.810737851 nan nan
7 105050 7466 7466 0 -0.2408875492 0.3347359452 -0.9575167627 -0.1180609865 0.8394557763 -0.9887344424 -0.09344965813 0.8952847843 -0.5555267526 0.7592854694 0.7905031491 nan nan
8 85139 4215 4215 0 -0.1920389318 0.2617020036 -0.9242419276 -0.1113411699 0.8129007577 -1.020778602 -0.04511806951 0.9756605325 -1.90699314 0.7558698227 0.8524064971 nan nan
9 206227 570 570 0 -0.2043137786 0.3250978241 -0.9618957527 -0.1164625997 0.845433153 -1.020754723 -0.04407832883 0.9766763944 -0.9619253606 0.775908006 0.8347669765 nan nan
10 132803 21812 21812 0 -0.1259640179 0.234934874 -0.9225419395 -0.07710550485 0.8454364346 -0.9842763373 -0.0690114403 0.915264897 -2.756420117 0.814498058 0.8762324558 nan nan
11 63533 18118 18118 0 -0.9003785556 0.0368787784 -0.9577867253 -0.8412377433 0.116548982 -0.9819108873 -0.8065564948 0.1753543925 0.08108688677 0.06636927161 0.09882981509 nan nan
12 215125 12218 12218 0 -0.2111496597 0.3205765032 -0.9467141407 -0.1262424797 0.8204716609 -0.9804838093 -0.08978196107 0.8907018482 -0.9394720959 0.762733886 0.7965035547 nan nan
13 76732 23932 23932 0 -0.1970614574 0.3059364138 -0.954916723 -0.07893415937 0.8759825637 -0.9808564296 -0.05980213607 0.9210542935 -1.326418336 0.7910058417 0.8169455483 nan nan
14 146203 5071 5071 0 -0.1875733475 0.3037406958 -0.9130722614 -0.05966710604 0.8534051554 -1.020739299 -0.04399860248 0.9767406965 -1.164339011 0.7491789365 0.8568459741 nan nan
15 21619 2897 2897 0 -0.822408981 0.3066743202 -0.961825913 -0.1267301492 0.8350957638 -1.014745879 -0.04415323856 0.97059264 0.9329057732 0.7011708875 0.7837477981 nan nan
16 148003 934 934 0 -0.1915606166 0.2688154782 -0.8762248603 -0.114559359 0.7616655013 -1.002368343 -0.04387907749 0.9584892652 -1.570642376 0.7040087089 0.8301521914 nan nan
17 172053 114 114 0 -0.1969786293 0.2641079243 -0.9283971581 -0.1146701835 0.8137269746 -0.977039865 -0.04383479669 0.9332050683 -1.821528982 0.7271717014 0.7758144084 nan nan

K=18, phase=backward, parameter=e [-]
cluster representative_source n_cluster n_valid n_missing median std p05 p95 width90 minimum maximum range skewness error95 error_max angle_origin_deg angle_resultant
0 174338 25409 25409 0 0.4976852691 0.07483728291 0.4071769579 0.6391141829 0.2319372249 0.2778783229 0.6708301545 0.3929518317 0.3026778309 0.1901764052 0.2218923768 nan nan
1 135518 25 25 0 0.5723983599 0.1653403619 0.2248910398 0.770325692 0.5454346523 0.2030269335 0.8092903385 0.606263405 -0.6330889293 0.4083749024 0.4302390088 nan nan
2 145022 4604 4604 0 0.5632323761 0.1609005872 0.2505465035 0.8549380376 0.6043915341 0.168193931 0.8953605839 0.727166653 -0.2630490258 0.3507909051 0.4331434777 nan nan
3 112888 17857 17857 0 0.4754244947 0.1314400692 0.28726591 0.7373126577 0.4500467477 0.1694347377 0.8598376402 0.6904029024 0.3689841519 0.2547603081 0.3558703787 nan nan
4 204667 1167 1167 0 0.4962474623 0.1546315745 0.2105417079 0.7265290138 0.5159873059 0.1683444931 0.8956261106 0.7272816175 0.07622082297 0.3462093437 0.3884065585 nan nan
5 33679 24348 24348 0 0.4376415098 0.0789665447 0.3072474522 0.5423985466 0.2351510943 0.2759808255 0.5563450703 0.2803642448 -0.1619305177 0.1813277974 0.2125944241 nan nan
6 193203 23301 23301 0 0.6122147801 0.1393571027 0.390187335 0.8215047408 0.4313174058 0.1693335665 0.8482357506 0.6789021841 -0.1675528575 0.2321670011 0.4273003321 nan nan
7 105050 7466 7466 0 0.4643065011 0.150265857 0.2518835874 0.717836876 0.4659532886 0.1707602091 0.7772643783 0.6065041692 0.1826650044 0.2672109927 0.3483343711 nan nan
8 85139 4215 4215 0 0.5360725084 0.1276388249 0.3129009341 0.7340100951 0.421109161 0.1697457382 0.8925115594 0.7227658212 -0.3355039678 0.2839818534 0.4248043216 nan nan
9 206227 570 570 0 0.5082419006 0.1434609599 0.2384370541 0.7216439106 0.4832068565 0.1728107296 0.8949833136 0.722172584 -0.326193066 0.3140784171 0.3787313257 nan nan
10 132803 21812 21812 0 0.6989420391 0.1112562464 0.4475109292 0.8161603021 0.368649373 0.2742212581 0.8355118701 0.561290612 -1.054214035 0.2945547598 0.4678444309 nan nan
11 63533 18118 18118 0 0.3870541076 0.06861546632 0.2666446206 0.4822181195 0.2155734989 0.1695680508 0.5183802202 0.3488121694 -0.356674907 0.1294703304 0.2265469002 nan nan
12 215125 12218 12218 0 0.4941193764 0.1136963479 0.2807618817 0.6979983197 0.4172364381 0.1697351995 0.7857585486 0.6160233491 -0.1309686519 0.276002729 0.3870294111 nan nan
13 76732 23932 23932 0 0.5229188295 0.1521015779 0.3035575189 0.8118395915 0.5082820726 0.168591401 0.8574889407 0.6888975396 0.0823048876 0.3020522668 0.4370183847 nan nan
14 146203 5071 5071 0 0.547872977 0.1879516589 0.2351050011 0.8578723255 0.6227673243 0.1700000448 0.895168798 0.7251687532 -0.06103117005 0.3709754291 0.4360803854 nan nan
15 21619 2897 2897 0 0.2489549897 0.1684047366 0.1897845243 0.6968537665 0.5070692422 0.1712212675 0.8948018977 0.7235806302 0.778087997 0.4633933761 0.6613415073 nan nan
16 148003 934 934 0 0.5373187905 0.1549996626 0.2308538253 0.7262384306 0.4953846053 0.170063584 0.8954556795 0.7253920954 -0.4563984302 0.354548607 0.4153388482 nan nan
17 172053 114 114 0 0.5230210408 0.14243384 0.2497122266 0.725968493 0.4762562664 0.1950360604 0.8955575814 0.700521521 -0.1836128379 0.2715830855 0.3833976349 nan nan

K=18, phase=backward, parameter=w [deg]
cluster representative_source n_cluster n_valid n_missing median std p05 p95 width90 minimum maximum range skewness error95 error_max angle_origin_deg angle_resultant
0 174338 25409 25409 0 -0.04631625834 11.54938458 -3.13632968 3.045013507 6.181343187 -172.8083053 168.3228438 341.1311492 -3.259137358 3.465320863 173.0801399 29.80745781 0.9903171748
1 135518 25 25 0 -2.687650401 80.01004059 -18.20094166 171.0981326 189.2990743 -179.133706 177.9251271 357.0588331 0.5112199897 176.4887167 177.4302037 29.07391412 0.5189338679
2 145022 4604 4604 0 0.2785324974 63.10251783 -166.149173 171.9319806 338.0811535 -179.9177189 179.897637 359.8153558 0.2810570218 174.4199338 179.894104 23.96980356 0.7305629783
3 112888 17857 17857 0 -1.413022807 95.48407526 -177.2748146 175.4304121 352.7052267 -179.9997162 179.9976659 359.9973821 -0.04705029094 176.1076447 179.9843642 25.07373791 0.3944316222
4 204667 1167 1167 0 -0.5218426073 83.81683642 -126.0386547 176.0713367 302.1099913 -179.8856329 179.6818691 359.567502 0.3485219021 177.2373207 179.9881161 30.85588815 0.4648326694
5 33679 24348 24348 0 -0.8047460084 5.921313188 -7.895310869 11.71635829 19.61166916 -9.76608755 24.22016662 33.98625417 1.077545332 14.47294945 26.97675778 189.8915466 0.9946815005
6 193203 23301 23301 0 -0.1490479611 9.217785809 -8.99178758 9.356072309 18.34785989 -179.619484 179.6062519 359.2257358 4.138668738 15.13145976 179.7745993 23.89838811 0.992125322
7 105050 7466 7466 0 -0.04913189697 101.2947883 -174.060692 174.1074432 348.1681352 -179.993905 179.9965833 359.9904883 0.008254957796 178.029016 179.9593375 23.53480917 0.2729281184
8 85139 4215 4215 0 -1.280833747 63.02932444 -8.375575331 171.441407 179.8169824 -179.9766281 179.8514272 359.8280553 1.298457848 166.4193505 179.7129415 26.07709713 0.7029696535
9 206227 570 570 0 -2.637032125 87.98934485 -172.4595756 171.7895828 344.2491585 -179.8490902 179.831179 359.6802692 0.1959976885 178.1223036 179.9451373 28.08873534 0.4376070345
10 132803 21812 21812 0 0.4375499502 51.95892945 -3.524924372 4.607395059 8.13231943 -179.9617871 179.9891298 359.9509169 0.1374766367 171.9781539 179.9536514 18.28081164 0.8177196521
11 63533 18118 18118 0 -0.3594543922 5.255662174 -7.5259205 9.170830652 16.69675115 -12.64810215 17.15888318 29.80698533 0.755449584 11.58308649 15.74226891 203.0697352 0.9958052623
12 215125 12218 12218 0 -1.673945865 91.84245154 -174.6510119 172.1151815 346.7661935 -179.9653243 179.9996052 359.9649295 -0.01729443757 177.4520701 179.9958557 25.37110955 0.4262161408
13 76732 23932 23932 0 0.04744676506 80.34780243 -174.2284104 176.3239326 350.552343 -179.9885761 179.9868319 359.975408 0.1882784193 175.9417982 179.9274689 24.96088515 0.5708713763
14 146203 5071 5071 0 1.949593492 81.42712434 -171.6267563 170.3413972 341.9681535 -179.9793423 179.9993681 359.9787104 -0.3197829927 175.4271251 179.9990666 21.48050274 0.5254490483
15 21619 2897 2897 0 1.018444518 90.67540167 -178.3258407 175.8631234 354.1889641 -179.9796634 179.9630968 359.9427602 -0.1692967537 179.0258021 179.9888231 202.7186516 0.4348955227
16 148003 934 934 0 -0.4911513603 73.7766776 -175.1232685 169.3351008 344.4583693 -179.7249144 179.8800505 359.6049649 -0.2852623953 176.0633453 179.8092267 25.09701645 0.6329005279
17 172053 114 114 0 -0.03525938133 68.82186937 -174.3137069 168.252719 342.5664259 -178.1026087 178.7982646 356.9008732 -0.1740456092 176.2267404 179.5661092 24.94010679 0.683719163

K=18, phase=forward, parameter=eps [km^2/s^2]
cluster representative_source n_cluster n_valid n_missing median std p05 p95 width90 minimum maximum range skewness error95 error_max angle_origin_deg angle_resultant
0 174338 25409 25409 0 -0.90076333 0.02795196741 -0.9453082794 -0.854678919 0.09062936034 -0.956445587 -0.8229467468 0.1334988403 0.05032752703 0.05690952779 0.08864170007 nan nan
1 135518 25 25 0 -0.2089997481 0.3459305882 -0.9576793212 -0.1080999036 0.8495794176 -0.9752300855 -0.05015293497 0.9250771505 -0.8094249518 0.7583614192 0.8163083879 nan nan
2 145022 4604 4604 0 -0.1954557821 0.3158072568 -0.9096403365 -0.1094779506 0.8001623859 -1.020807534 -0.04398107964 0.9768264545 -1.050503095 0.7946072157 0.9057744133 nan nan
3 112888 17857 17857 0 -0.2279552484 0.3612468069 -0.9531354186 -0.1102042921 0.8429311265 -0.9805593027 -0.05885393284 0.9217053698 -0.1590140951 0.7786523628 0.8060762469 nan nan
4 204667 1167 1167 0 -0.2532107882 0.359319875 -0.9746589771 -0.1138416905 0.8608172866 -1.018186568 -0.04380499307 0.9743815751 -0.1918721717 0.7883441346 0.8318717257 nan nan
5 33679 24348 24348 0 -0.9319224189 0.04524166984 -0.9982341553 -0.8606422542 0.137591901 -1.008564402 -0.8453769744 0.1631874273 0.06120647142 0.09709849026 0.1123637701 nan nan
6 193203 23301 23301 0 -0.1817949816 0.3797203625 -0.9557512133 -0.07115309135 0.884598122 -0.9652230823 -0.06273257639 0.9024905059 -0.3268348317 0.8652028269 0.8746746959 nan nan
7 105050 7466 7466 0 -0.2524596592 0.3520469615 -0.9654018188 -0.1165386712 0.8488631477 -1.012493779 -0.08932247446 0.9231713043 -0.1894810475 0.7788852532 0.8259772132 nan nan
8 85139 4215 4215 0 -0.2053274316 0.3496126755 -0.9604146981 -0.1140814407 0.8463332575 -1.020392173 -0.04448022926 0.9759119439 -0.6465109939 0.7976556453 0.8576331203 nan nan
9 206227 570 570 0 -0.2111957704 0.35806331 -0.9699706331 -0.1177358597 0.8522347734 -1.015045605 -0.04671985241 0.968325753 -0.3369343027 0.8475986801 0.8926736525 nan nan
10 132803 21812 21812 0 -0.1284987822 0.2342881056 -0.9238385176 -0.07861291258 0.845225605 -0.9843077238 -0.07040126356 0.9139064602 -2.756467671 0.8181008103 0.8785700165 nan nan
11 63533 18118 18118 0 -0.2120989578 0.185681554 -0.8572719987 -0.1444101793 0.7128618194 -0.9819574797 -0.1296999827 0.852257497 -3.131457069 0.6237293774 0.7484148584 nan nan
12 215125 12218 12218 0 -0.8511498159 0.334682137 -0.9628100259 -0.1373772213 0.8254328046 -0.9804433523 -0.08562706458 0.8948162877 0.6965496295 0.7132327147 0.7649828714 nan nan
13 76732 23932 23932 0 -0.240209378 0.3729145932 -0.9636707753 -0.0982527397 0.8654180356 -0.9807716408 -0.0600462013 0.9207254395 -0.1244634018 0.803757425 0.8208582905 nan nan
14 146203 5071 5071 0 -0.1935736023 0.3381376904 -0.9422030802 -0.06584085354 0.8763622267 -1.020820046 -0.04437929461 0.9764407513 -0.6829793568 0.7802436466 0.8588606123 nan nan
15 21619 2897 2897 0 -0.8236792655 0.298184094 -0.9656162199 -0.1368694006 0.8287468193 -1.019554213 -0.04838332581 0.9711708874 1.042503941 0.684578419 0.7730644937 nan nan
16 148003 934 934 0 -0.2052554534 0.3240681149 -0.9190119183 -0.116194047 0.8028178713 -1.020582924 -0.04380055914 0.9767823647 -0.7520923007 0.7080731151 0.8096441207 nan nan
17 172053 114 114 0 -0.2127942457 0.3351953006 -0.9657332536 -0.1177073557 0.8480258979 -1.020440955 -0.09192509597 0.9285158591 -0.5932573603 0.7625285502 0.8172362516 nan nan

K=18, phase=forward, parameter=e [-]
cluster representative_source n_cluster n_valid n_missing median std p05 p95 width90 minimum maximum range skewness error95 error_max angle_origin_deg angle_resultant
0 174338 25409 25409 0 0.3877569306 0.05101896607 0.2971689453 0.4626953514 0.1655264061 0.2208764264 0.4801489797 0.2592725533 -0.2155191697 0.109762084 0.1860546029 nan nan
1 135518 25 25 0 0.4982703594 0.1790230905 0.2057960993 0.7418105533 0.5360144541 0.1866941953 0.8805307354 0.6938365401 -0.292952166 0.4190486686 0.5577688507 nan nan
2 145022 4604 4604 0 0.5294701271 0.1707632506 0.2316414407 0.738505997 0.5068645563 0.1700181651 0.8952125964 0.7251944313 -0.232523056 0.4934256966 0.5550489722 nan nan
3 112888 17857 17857 0 0.4715399668 0.1395971876 0.2601137385 0.7367190546 0.4766053161 0.169493203 0.8597500074 0.6902568045 0.3138268578 0.3197330931 0.4103536286 nan nan
4 204667 1167 1167 0 0.4839346135 0.1593831337 0.208786556 0.7280644108 0.5192778548 0.1715385983 0.8956290612 0.7240904629 0.3377049955 0.3438057707 0.3791521837 nan nan
5 33679 24348 24348 0 0.440659528 0.07602640053 0.3092814711 0.5418139475 0.2325324764 0.2756258177 0.5562090262 0.2805832084 -0.2067990409 0.1725971589 0.2062528122 nan nan
6 193203 23301 23301 0 0.5617002017 0.1974634142 0.2583128681 0.8304174478 0.5721045797 0.1723083094 0.850496169 0.6781878596 -0.2074085318 0.5258091106 0.6118136693 nan nan
7 105050 7466 7466 0 0.4703086548 0.1537521093 0.2471294585 0.7218537281 0.4747242696 0.1698731259 0.7871343871 0.6172612612 0.1654218267 0.3030350872 0.3802914198 nan nan
8 85139 4215 4215 0 0.5058811384 0.1394579653 0.2527506956 0.7273877039 0.4746370084 0.1697123633 0.8940264166 0.7243140533 -0.201699484 0.3561106778 0.4391490101 nan nan
9 206227 570 570 0 0.4988562852 0.1454139667 0.2380487332 0.7186036006 0.4805548674 0.1710108793 0.8887012719 0.7176903926 -0.1566606068 0.4693728304 0.5364106843 nan nan
10 132803 21812 21812 0 0.6927577701 0.110042862 0.4487408351 0.812585864 0.3638450289 0.2751346524 0.8321941693 0.557059517 -1.01846978 0.2988667612 0.4724729439 nan nan
11 63533 18118 18118 0 0.4882628144 0.09296520355 0.379603014 0.6537604722 0.2741574582 0.1689234382 0.6896056907 0.5206822525 -0.09389143311 0.2290869862 0.2629469645 nan nan
12 215125 12218 12218 0 0.4307831539 0.1228421694 0.2587535806 0.6710055113 0.4122519307 0.1701598274 0.7957177899 0.6255579625 0.4292403937 0.3823246297 0.5070369083 nan nan
13 76732 23932 23932 0 0.4828709882 0.1551140387 0.2681337265 0.7655837102 0.4974499837 0.1685723685 0.8569061816 0.6883338131 0.2594057139 0.3478333264 0.4473946844 nan nan
14 146203 5071 5071 0 0.5357935903 0.1924019071 0.2235415689 0.8431656555 0.6196240866 0.1700719612 0.8942666422 0.7241946811 -0.02384042173 0.3873178356 0.4407874434 nan nan
15 21619 2897 2897 0 0.2521314571 0.159899353 0.1899793428 0.6722292703 0.4822499275 0.1697682665 0.884741556 0.7149732895 0.7680806588 0.4561576563 0.6686699421 nan nan
16 148003 934 934 0 0.5054700629 0.1636233263 0.2170479056 0.7223201498 0.5052722442 0.1710055509 0.8956399398 0.7246343889 -0.2374133718 0.2719034506 0.4084777215 nan nan
17 172053 114 114 0 0.4896747246 0.1512209678 0.23298223 0.7186320999 0.48564987 0.1698141831 0.7806098396 0.6107956565 -0.0595805276 0.2746989562 0.3372665174 nan nan

K=18, phase=forward, parameter=w [deg]
cluster representative_source n_cluster n_valid n_missing median std p05 p95 width90 minimum maximum range skewness error95 error_max angle_origin_deg angle_resultant
0 174338 25409 25409 0 -0.187691911 4.972908807 -7.104623509 7.994761346 15.09938486 -30.3333193 11.46872969 41.80204899 -0.1432857031 10.07319508 28.33237482 358.2666844 0.9962419907
1 135518 25 25 0 8.591574891 85.05139471 -90.97341849 174.5713358 265.5447543 -120.2200083 179.1004974 299.3205057 0.5116685606 175.4057104 177.8754085 233.2906208 0.3487625877
2 145022 4604 4604 0 1.657769258 83.42012418 -167.7093575 167.0408046 334.7501622 -179.8627578 179.8753472 359.738105 -0.2449031916 173.1542842 179.9783047 282.9796127 0.4813465666
3 112888 17857 17857 0 1.329601721 105.2039313 -173.5516131 176.9402683 350.4918815 -179.9861276 179.9999842 359.9861118 -0.2047988242 178.6640135 179.9997634 217.037571 0.08072080366
4 204667 1167 1167 0 14.20662739 86.7237499 -157.6268642 51.46023263 209.0870969 -166.4967669 64.6529716 231.1497385 -0.1894111621 177.6704764 179.9551602 322.8575305 0.1161564661
5 33679 24348 24348 0 -1.982072774 10.31378825 -12.85012636 20.68188209 33.53200845 -14.07134169 34.20988832 48.28123001 0.863086123 20.97240735 34.50041358 303.4808338 0.9839389132
6 193203 23301 23301 0 25.12088869 81.84677495 -138.1815067 39.54059808 177.7221048 -148.1068311 47.94906445 196.0558955 -0.3208744231 169.1454144 179.0707388 144.399165 0.2015781481
7 105050 7466 7466 0 -2.97834602 105.5339793 -169.9959091 172.7615744 342.7574835 -179.9895185 179.9795234 359.969042 -0.148321077 176.2664033 179.9850013 255.3453005 0.1043992688
8 85139 4215 4215 0 1.829683179 84.82042019 -173.0659491 22.63826939 195.7042184 -179.911197 179.756467 359.667664 -0.4655865059 178.1104904 179.9959302 298.8461984 0.3131446125
9 206227 570 570 0 -1.181069359 104.7674354 -173.7015713 174.5865448 348.288116 -179.8672199 179.9673983 359.8346182 0.1018416015 177.2130776 179.9619074 66.75249057 0.1582653229
10 132803 21812 21812 0 -0.6010674507 51.81378368 -8.301569725 161.15914 169.4607097 -179.9974522 179.9934883 359.9909405 0.5514724706 170.4311272 179.9984959 159.4423388 0.8149589242
11 63533 18118 18118 0 -1.083461569 46.82398706 -13.55594757 20.45290252 34.00885009 -179.9420324 179.9975933 359.9396257 -0.2270396083 165.483361 179.9913723 175.818403 0.8427401134
12 215125 12218 12218 0 -2.714749645 93.82024861 -175.5531387 173.7947874 349.3479261 -179.9959163 179.9852478 359.981164 -0.1233560267 173.8454254 179.9802857 40.77763785 0.3277132518
13 76732 23932 23932 0 23.87623316 87.2831949 -145.9173653 44.83806928 190.7554346 -161.0637005 56.22483637 217.2885368 -0.1255988503 179.2705125 179.9993035 159.2246572 0.07944531905
14 146203 5071 5071 0 -4.194352623 92.3741133 -169.4516114 168.903507 338.3551183 -179.995943 179.9712766 359.9672196 0.06294665277 175.4940556 179.9739883 275.4973441 0.3475900252
15 21619 2897 2897 0 -1.346490309 78.42035475 -22.89182628 172.5171051 195.4089314 -179.7938143 179.902186 359.6960002 0.7449872108 177.9596643 179.9987069 161.109303 0.4783546233
16 148003 934 934 0 0.3821963128 94.18372071 -173.8369833 175.280954 349.1179373 -179.9682591 179.9529514 359.9212105 -0.04042309642 176.9662065 179.9763059 33.35482473 0.3561555115
17 172053 114 114 0 -1.369938103 98.25847994 -174.3468238 168.8089682 343.155792 -179.5898739 178.6406383 358.2305122 -0.01663406068 174.3120615 178.8658682 160.035211 0.2742113724

K=23, STD=0.02225062844
n = trajectories per cluster; conditions overlap.
n = 1: clusters=0/23 (0.00%); trajectories=0/194058 (0.00%)
n < 10: clusters=0/23 (0.00%); trajectories=0/194058 (0.00%)
n < 100: clusters=2/23 (8.70%); trajectories=31/194058 (0.02%)

K=23, phase=backward, parameter=eps [km^2/s^2]
cluster representative_source n_cluster n_valid n_missing median std p05 p95 width90 minimum maximum range skewness error95 error_max angle_origin_deg angle_resultant
0 174889 26036 26036 0 -0.2065785411 0.02929654372 -0.2409846256 -0.1497239858 0.09126063972 -0.255754721 -0.1367057734 0.1190489476 0.3863721813 0.075653968 0.08867218041 nan nan
1 142942 10 10 0 -0.1855242266 0.3510253462 -0.9722279819 -0.1174806617 0.8547473202 -1.017669023 -0.1143848122 0.9032842111 -1.052522768 0.8071441617 0.8525852032 nan nan
2 91617 3665 3665 0 -0.1923956963 0.2597751061 -0.9312129953 -0.1132043894 0.8180086059 -1.020778602 -0.04511806951 0.9756605325 -1.959605721 0.7538825212 0.843448128 nan nan
3 120308 15731 15731 0 -0.2142892552 0.322366554 -0.9412294506 -0.1186622975 0.8225671531 -0.9805267118 -0.05881779331 0.9217089185 -0.9162637341 0.7289591622 0.7682564234 nan nan
4 140560 604 604 0 -0.2026024497 0.3021348488 -0.9099065787 -0.1146485831 0.7952579956 -1.020754723 -0.1065462382 0.9142084851 -1.155029369 0.7496412839 0.8604894284 nan nan
5 17833 13089 13089 0 -0.903865885 0.03560017625 -0.9757268851 -0.8610993826 0.1146275025 -0.9939097789 -0.8516958415 0.1422139374 -0.4589153812 0.06178230524 0.0768989363 nan nan
6 194162 24253 24253 0 -0.164092015 0.05490888489 -0.2467960282 -0.07587199587 0.1709240323 -0.2567872408 -0.06276094825 0.1940262926 -0.0002607221868 0.09320972476 0.1063207724 nan nan
7 109475 6082 6082 0 -0.2477190317 0.3336077195 -0.9552345709 -0.1111857243 0.8440488467 -1.016166402 -0.0725396096 0.943626792 -0.5335031116 0.7529019653 0.813833796 nan nan
8 92831 1125 1125 0 -0.2111027222 0.3099526003 -0.9624182557 -0.1145645249 0.8478537308 -1.020553626 -0.04380722131 0.9767464045 -1.070382537 0.7829960474 0.8411314175 nan nan
9 172053 102 102 0 -0.1967697048 0.2676903685 -0.9265802136 -0.1150008459 0.8115793677 -0.977039865 -0.04383479669 0.9332050683 -1.751224181 0.7253547569 0.7758144084 nan nan
10 33882 4273 4273 0 -0.9474577044 0.03986994278 -0.9836462181 -0.8585973413 0.1250488768 -0.9957618598 -0.8447556527 0.1510062071 0.6642276291 0.07658288428 0.0904245729 nan nan
11 61774 14308 14308 0 -0.9006062258 0.03415903158 -0.9525949382 -0.8453462179 0.1072487204 -0.9821159293 -0.8080905951 0.1740253342 0.09376522418 0.0635454297 0.09716726772 nan nan
12 211166 9973 9973 0 -0.2116141998 0.3241057781 -0.9581567805 -0.1254919188 0.8326648617 -0.9804838093 -0.104899074 0.8755847353 -0.8977438787 0.7885685174 0.8108955463 nan nan
13 85966 18934 18934 0 -0.1723072852 0.05327159216 -0.2479735222 -0.07347744036 0.1744960818 -0.8066956208 -0.05896630319 0.7477293176 0.1344703773 0.1024790873 0.6308626446 nan nan
14 147996 5106 5106 0 -0.1788519012 0.2842541652 -0.8773066011 -0.05227693335 0.8250296678 -1.020836128 -0.04399860248 0.9768375259 -1.442288504 0.708745783 0.8522753102 nan nan
15 163534 690 690 0 -0.1912300848 0.258525552 -0.8822742432 -0.1158335945 0.7664406487 -1.002368343 -0.04387907749 0.9584892652 -1.762480542 0.6897016786 0.8097957781 nan nan
16 119732 287 287 0 -0.2096734843 0.3398421908 -0.9670991468 -0.1166092556 0.8504898913 -1.009825645 -0.04407832883 0.9657473166 -0.7484809577 0.7583928221 0.8011193206 nan nan
17 181737 21 21 0 -0.1693024728 0.2548760283 -0.8282834719 -0.09179334026 0.7364901317 -0.9721623627 -0.08004922341 0.8921131393 -2.137652049 0.7364901317 0.8803690224 nan nan
18 21617 2615 2615 0 -0.8241600231 0.283351456 -0.9611379061 -0.1308128899 0.8303250163 -1.014745879 -0.04415323856 0.97059264 1.28988899 0.696177717 0.7828373683 nan nan
19 129873 22349 22349 0 -0.1190946829 0.03324109873 -0.1771622876 -0.07588801772 0.1012742699 -0.1880659943 -0.06770756519 0.1203584291 -0.2228790062 0.06837565771 0.07927936435 nan nan
20 42652 9022 9022 0 -0.9816383536 0.04824930539 -1.003508284 -0.855882316 0.1476259682 -1.008654727 -0.8465030844 0.1621516427 1.052551693 0.118140992 0.1275202235 nan nan
21 71336 11292 11292 0 -0.9037521871 0.04825087319 -0.9664986862 -0.8296299941 0.1368686921 -0.9809348632 -0.8063623697 0.1745724935 0.1567230081 0.07545392782 0.09564769584 nan nan
22 150379 4491 4491 0 -0.1847631133 0.254292301 -0.8888130919 -0.0741776368 0.8146354551 -1.020743755 -0.04391779137 0.9768259639 -1.903519544 0.7145328527 0.8464635161 nan nan

K=23, phase=backward, parameter=e [-]
cluster representative_source n_cluster n_valid n_missing median std p05 p95 width90 minimum maximum range skewness error95 error_max angle_origin_deg angle_resultant
0 174889 26036 26036 0 0.4979662655 0.07534252558 0.4060601021 0.6407538592 0.2346937571 0.3638421149 0.672572357 0.3087302421 0.3360560051 0.1921730488 0.2239915466 nan nan
1 142942 10 10 0 0.5859180643 0.1608412386 0.2819345478 0.719170105 0.4372355572 0.2030269335 0.7266730058 0.5236460724 -0.8971063731 0.3211685757 0.40007619 nan nan
2 91617 3665 3665 0 0.5350390144 0.1231403464 0.326734729 0.729521047 0.402786318 0.1697457382 0.8925115594 0.7227658212 -0.3519421081 0.2536746514 0.4024202819 nan nan
3 120308 15731 15731 0 0.4830036067 0.1238640476 0.2877511323 0.7162997041 0.4285485717 0.1694522375 0.8598376402 0.6903854027 0.2853324238 0.253957565 0.3771603111 nan nan
4 140560 604 604 0 0.5097734966 0.1573588607 0.2283117866 0.7260169269 0.4977051403 0.1766930037 0.7455576376 0.5688646338 -0.4341405395 0.3867016382 0.4383204211 nan nan
5 17833 13089 13089 0 0.3926285307 0.06174254329 0.3100980532 0.5090432927 0.1989452396 0.2896859065 0.5355479482 0.2458620416 0.300465141 0.1095908672 0.1259432536 nan nan
6 194162 24253 24253 0 0.6056230037 0.1378443713 0.3897796234 0.8191763503 0.4293967269 0.360930575 0.8504295376 0.4894989626 -0.06309926468 0.2302409714 0.256761815 nan nan
7 109475 6082 6082 0 0.4486221929 0.1586660322 0.2462216841 0.734541477 0.4883197929 0.1707602091 0.8272024803 0.6564422712 0.31837934 0.267654677 0.3377680727 nan nan
8 92831 1125 1125 0 0.4994054813 0.1531665156 0.2117320634 0.7265748814 0.514842818 0.1683444931 0.8956261106 0.7272816175 0.05178155039 0.3551781249 0.3985656952 nan nan
9 172053 102 102 0 0.5237581008 0.1410813733 0.248729976 0.7251647035 0.4764347275 0.1950360604 0.8955575814 0.700521521 -0.3142995846 0.2702455167 0.3833976349 nan nan
10 33882 4273 4273 0 0.4661593997 0.06812424262 0.305325046 0.5209306661 0.2156056201 0.2742212581 0.5383798755 0.2641586175 -0.8267713676 0.1408523836 0.1719561716 nan nan
11 61774 14308 14308 0 0.3874140997 0.06344755724 0.2762109554 0.4741644887 0.1979535333 0.1753107768 0.5186911243 0.3433803475 -0.3880025903 0.1210681385 0.2205605763 nan nan
12 211166 9973 9973 0 0.4967155441 0.120393491 0.2740393647 0.6998163531 0.4257769884 0.1697351995 0.7495188911 0.5797836916 -0.2001351434 0.3186100306 0.4229141958 nan nan
13 85966 18934 18934 0 0.5850297246 0.1325946554 0.386678764 0.8249037243 0.4382249603 0.1694347377 0.8594826759 0.6900479382 0.2490340702 0.2492932392 0.4064630836 nan nan
14 147996 5106 5106 0 0.5693082631 0.1845354659 0.2359595714 0.8754694942 0.6395099228 0.1700000448 0.895168798 0.7251687532 -0.1956522732 0.3585493221 0.4245088487 nan nan
15 163534 690 690 0 0.538069768 0.1487644022 0.2374289648 0.723208998 0.4857800332 0.170063584 0.8954556795 0.7253920954 -0.4235849802 0.3057316544 0.3641772521 nan nan
16 119732 287 287 0 0.4986833806 0.1433059516 0.2375690695 0.7212696082 0.4837005387 0.1728107296 0.8949833136 0.722172584 -0.04888056923 0.2727628014 0.4029503765 nan nan
17 181737 21 21 0 0.5922363063 0.1517710771 0.234128295 0.7812388636 0.5471105687 0.222581726 0.8092903385 0.5867086125 -0.8044743104 0.5471105687 0.5586571376 nan nan
18 21617 2615 2615 0 0.2393769707 0.1615139623 0.1894621706 0.6868317775 0.4973696069 0.1712212675 0.8948018977 0.7235806302 1.032777635 0.4557560098 0.6637261301 nan nan
19 129873 22349 22349 0 0.7154905957 0.08055932945 0.5733233729 0.8190866775 0.2457633047 0.5459692541 0.8386222923 0.2926530382 -0.2390514778 0.1669440707 0.1942981894 nan nan
20 42652 9022 9022 0 0.517957285 0.08076676343 0.2992259528 0.549189122 0.2499631692 0.278202678 0.5563450703 0.2781423924 -1.173124615 0.2073861422 0.228409417 nan nan
21 71336 11292 11292 0 0.3931764828 0.09076441128 0.2383514113 0.4955131947 0.2571617835 0.168591401 0.5169593904 0.3483679893 -0.3797739723 0.1518497996 0.2216098099 nan nan
22 150379 4491 4491 0 0.5544081512 0.1548704585 0.2711189654 0.8231128279 0.5519938625 0.168193931 0.8953605839 0.727166653 -0.2494871136 0.3145523197 0.4120743681 nan nan

K=23, phase=backward, parameter=w [deg]
cluster representative_source n_cluster n_valid n_missing median std p05 p95 width90 minimum maximum range skewness error95 error_max angle_origin_deg angle_resultant
0 174889 26036 26036 0 -0.04129180163 1.893441913 -3.156631193 3.097286804 6.253917997 -4.156359121 5.152312873 9.308671994 -0.007813935799 3.477552433 4.948350531 29.79875532 0.9994540641
1 142942 10 10 0 -6.540092413 78.27732472 -9.919355869 168.2698594 178.1892153 -10.3682725 173.5845097 183.9527822 1.041466418 174.5088519 178.2350221 33.41453154 0.4085726417
2 91617 3665 3665 0 -1.390400061 61.9487504 -8.532912166 170.9018335 179.4347456 -179.8730144 179.8918876 359.764902 1.399231796 165.029925 178.7873789 26.20858143 0.7112671623
3 120308 15731 15731 0 -1.762862027 92.90683184 -176.6269174 173.3352734 349.9621908 -179.9991529 179.9948064 359.9939593 -0.05187745109 176.1285823 179.9779923 25.43360855 0.4235659732
4 140560 604 604 0 -0.8703840351 85.88956033 -175.5173113 173.7083726 349.2256838 -179.7326547 179.8419734 359.5746281 -0.004462507025 175.9840323 179.9741377 25.1047568 0.5083961606
5 17833 13089 13089 0 -0.5151263819 3.687690806 -5.4669283 6.602698984 12.06962728 -6.728473895 8.528436501 15.2569104 0.3196135816 6.591500378 8.134418998 186.853933 0.9979303115
6 194162 24253 24253 0 0.2795518009 5.049121704 -9.378122128 8.747614851 18.12573698 -10.55919054 11.26230949 21.82150003 -0.1164366998 14.89046697 17.40516161 24.26913486 0.9961234942
7 109475 6082 6082 0 0.5579418799 100.5710064 -173.9654789 173.2100962 347.1755751 -179.9813194 179.9571735 359.9384928 0.006829634537 177.8441119 179.9850614 22.75969965 0.2666046335
8 92831 1125 1125 0 -0.4923152971 82.29733777 -20.14668189 175.5943787 195.7410606 -179.7725653 179.7949366 359.567502 0.3920559469 175.3928155 179.9316095 30.74282064 0.4837114867
9 172053 102 102 0 0.3294703007 70.46433124 -174.1373526 168.5844895 342.7218421 -177.6594399 179.2414334 356.9008732 -0.243547309 176.5018558 179.5661092 24.49693798 0.6670029541
10 33882 4273 4273 0 -1.971482024 8.667043513 -11.28924538 15.38863484 26.67788022 -11.98579828 18.5561346 30.54193288 0.373128286 26.08990873 29.25740848 201.4549654 0.988601135
11 61774 14308 14308 0 -0.2042325819 5.13816203 -7.138825137 9.953402561 17.0922277 -12.58616284 17.24332188 29.82948472 0.8846813633 11.58253634 15.3169696 202.9852965 0.9959919023
12 211166 9973 9973 0 -1.4352685 92.9034659 -174.1797952 171.9887397 346.168535 -179.9783835 179.9908342 359.9692177 -0.02220353473 177.5694861 179.9986112 25.35652004 0.4100262322
13 85966 18934 18934 0 -0.08174625353 5.368095681 -9.709545503 8.271684011 17.98122951 -11.25415504 175.0623039 186.316459 3.456407774 18.88590187 165.8883082 24.53457083 0.9958904633
14 147996 5106 5106 0 1.68812936 74.22987442 -171.2321526 153.6549336 324.8870862 -179.9423022 179.9847344 359.9270367 -0.4808426581 175.0187843 179.9980331 21.73272303 0.6084310978
15 163534 690 690 0 -0.671303887 68.8083208 -175.5602308 147.3063503 322.8665811 -179.8293119 179.2879429 359.1172548 -0.4889390412 176.3980718 179.9403359 25.68912407 0.6761529492
16 119732 287 287 0 -3.311988897 86.50806913 -18.85142888 175.7611088 194.6125377 -176.0247959 179.4567147 355.4815106 0.3878599874 173.820101 179.617701 31.15938546 0.3554974274
17 181737 21 21 0 -0.8387464156 65.27867475 -15.14483593 167.1530418 182.2978777 -176.0278398 175.4498336 351.4776735 0.4888989499 169.6541325 177.9509244 25.96804797 0.709281706
18 21617 2615 2615 0 1.452167544 82.15014247 -177.3984238 176.0493616 353.4477854 -179.9651609 179.9936861 359.9588469 -0.1320851395 178.4574328 179.9984231 203.4678112 0.5548028118
19 129873 22349 22349 0 0.02269095262 2.08977778 -3.434800597 3.491565597 6.926366194 -4.393914116 4.53648189 8.930396006 0.01941763751 3.849734275 4.603402495 18.84314699 0.9993350031
20 42652 9022 9022 0 -0.6241155162 4.379263995 -6.394387289 7.824125803 14.21851309 -11.05470105 12.89018328 23.94488434 0.3050022916 11.19996888 16.26602636 191.7741435 0.9970829503
21 71336 11292 11292 0 -0.2678746971 6.605453671 -9.691498674 9.040580141 18.73207882 -29.95582607 15.93303386 45.88885993 -0.2546809256 14.85917313 35.12350052 203.7549484 0.9933820427
22 150379 4491 4491 0 -0.1517468748 64.67282867 -12.42671099 172.8821786 185.3088896 -179.9440403 179.6976902 359.6417305 0.6138828978 174.2550288 179.9921415 24.60938583 0.7114707311

K=23, phase=forward, parameter=eps [km^2/s^2]
cluster representative_source n_cluster n_valid n_missing median std p05 p95 width90 minimum maximum range skewness error95 error_max angle_origin_deg angle_resultant
0 174889 26036 26036 0 -0.9004754276 0.0289122666 -0.9458718714 -0.8529201932 0.09295167828 -0.9572886154 -0.8101325028 0.1471561126 0.1144503569 0.05936495542 0.1021526458 nan nan
1 142942 10 10 0 -0.2081178308 0.271854699 -0.8530752456 -0.1187669329 0.7343083127 -0.885005347 -0.1064650305 0.7785403165 -1.70385908 0.6464470044 0.6783771058 nan nan
2 91617 3665 3665 0 -0.2058249972 0.3527416045 -0.9669207278 -0.1147812444 0.8521394834 -1.019554213 -0.04448022926 0.9750739839 -0.6139114022 0.8128094905 0.8654429759 nan nan
3 120308 15731 15731 0 -0.8135304378 0.3606405779 -0.9506361138 -0.1172295682 0.8334065456 -0.9805593027 -0.05885393284 0.9217053698 0.04362867312 0.7667137338 0.7966369227 nan nan
4 140560 604 604 0 -0.2107875335 0.3434035551 -0.934859752 -0.1165465564 0.8183131956 -1.019495257 -0.06609019004 0.953405067 -0.3803544771 0.7309127698 0.8155482748 nan nan
5 17833 13089 13089 0 -0.9223145332 0.04038434203 -0.9943663188 -0.8673279035 0.1270384153 -1.003745553 -0.8545387229 0.1492068306 -0.1981421075 0.07791210538 0.090701286 nan nan
6 194162 24253 24253 0 -0.1927643657 0.3851822706 -0.9581401578 -0.0715502481 0.8865899097 -0.9671261272 -0.06215103462 0.9049750926 -0.1125739782 0.872564056 0.8815500255 nan nan
7 109475 6082 6082 0 -0.2534986311 0.3523118046 -0.9628544534 -0.1078394945 0.8550149588 -1.01848417 -0.07491862611 0.9435655436 -0.2188043468 0.7831144657 0.838744182 nan nan
8 92831 1125 1125 0 -0.2489146314 0.360365064 -0.9746664439 -0.1138152694 0.8608511745 -1.018186568 -0.04389160369 0.9742949645 -0.2278364133 0.7861838879 0.8297040122 nan nan
9 172053 102 102 0 -0.2124275832 0.32530586 -0.964446106 -0.1197349252 0.8447111808 -1.020440955 -0.09192509597 0.9285158591 -0.7181058408 0.7612414026 0.8172362516 nan nan
10 33882 4273 4273 0 -0.9366731795 0.04168675147 -0.9835001117 -0.8550297747 0.128470337 -0.9915765065 -0.8451594744 0.1464170321 0.3972752415 0.07708134996 0.08695165031 nan nan
11 61774 14308 14308 0 -0.2092113578 0.2015438203 -0.8857166907 -0.1479845433 0.7377321474 -0.9821390128 -0.134337914 0.8478010989 -2.826911373 0.6540491763 0.7504714985 nan nan
12 211166 9973 9973 0 -0.8470821107 0.3381978854 -0.9671655873 -0.1421630529 0.8250025343 -0.97968998 -0.1027036216 0.8769863584 0.6003041132 0.7068110002 0.7462704315 nan nan
13 85966 18934 18934 0 -0.8503494454 0.3758648851 -0.9652982925 -0.08626527004 0.8790330225 -0.9775476434 -0.05920160332 0.9183460401 0.3955575877 0.8127899893 0.8250393402 nan nan
14 147996 5106 5106 0 -0.1858850311 0.3244262264 -0.9307800606 -0.05996645138 0.8708136092 -1.020820046 -0.04437929461 0.9764407513 -0.9049904186 0.8016796142 0.8917195996 nan nan
15 163534 690 690 0 -0.2050603671 0.322255807 -0.9375413834 -0.1165037477 0.8210376357 -1.020582924 -0.04380055914 0.9767823647 -0.8108190392 0.7466022097 0.8296437501 nan nan
16 119732 287 287 0 -0.212429389 0.3664996506 -0.9731654335 -0.116781295 0.8563841385 -0.9826458788 -0.04671985241 0.9359260264 -0.3631527908 0.850077945 0.8595583903 nan nan
17 181737 21 21 0 -0.2104492118 0.3877245545 -0.965419182 -0.1146393961 0.8507797859 -0.9752300855 -0.05015293497 0.9250771505 -0.3125854662 0.850686229 0.8604971325 nan nan
18 21617 2615 2615 0 -0.8242040366 0.2809257898 -0.9599549852 -0.1444424701 0.8155125151 -1.019546536 -0.04838332581 0.9711632101 1.271749775 0.6726937648 0.7687529091 nan nan
19 129873 22349 22349 0 -0.1220002514 0.03329354502 -0.1794969204 -0.07711883288 0.1023780875 -0.1903886121 -0.06896884547 0.1214197666 -0.1942178771 0.08280615393 0.09369784566 nan nan
20 42652 9022 9022 0 -0.9511423932 0.05116113525 -1.003269093 -0.854900186 0.1483689072 -1.008564402 -0.8463283178 0.1622360839 0.3481785723 0.115784991 0.1243568591 nan nan
21 71336 11292 11292 0 -0.2211271777 0.1428314318 -0.2561825145 -0.1317351538 0.1244473607 -0.9808685396 -0.1219206872 0.8589478524 -4.030745029 0.1034845856 0.7529955958 nan nan
22 150379 4491 4491 0 -0.2004680381 0.3257688351 -0.918791 -0.1099697929 0.8088212072 -1.020392173 -0.04398107964 0.9764110935 -0.9189933707 0.7975031349 0.8991043081 nan nan

K=23, phase=forward, parameter=e [-]
cluster representative_source n_cluster n_valid n_missing median std p05 p95 width90 minimum maximum range skewness error95 error_max angle_origin_deg angle_resultant
0 174889 26036 26036 0 0.3872565565 0.05319876377 0.2932766556 0.4635691309 0.1702924753 0.18207356 0.4814480441 0.2993744841 -0.3237799749 0.1148630553 0.2260661508 nan nan
1 142942 10 10 0 0.4945945172 0.1558343273 0.2683474252 0.7160448379 0.4476974127 0.1946760287 0.7457509923 0.5510749636 -0.431794096 0.2783431667 0.3035943308 nan nan
2 91617 3665 3665 0 0.5066034985 0.1351575757 0.2590866625 0.7257459891 0.4666593266 0.1697123633 0.8940264166 0.7243140533 -0.2156454278 0.3710766332 0.4604509325 nan nan
3 120308 15731 15731 0 0.4655959614 0.1353782925 0.258313581 0.7197838263 0.4614702453 0.1696830203 0.8597500074 0.6900669871 0.2990555749 0.299196073 0.3865288594 nan nan
4 140560 604 604 0 0.4925697522 0.1632305167 0.217195108 0.7214203798 0.5042252718 0.1710108793 0.842575963 0.6715650838 -0.09296817537 0.2887034998 0.3368907627 nan nan
5 17833 13089 13089 0 0.4245144813 0.06770512148 0.3229166969 0.5361819132 0.2132652163 0.2958703247 0.5494909057 0.253620581 0.05432871278 0.1392727812 0.1663191534 nan nan
6 194162 24253 24253 0 0.5341112846 0.1940087526 0.2587739024 0.8294233787 0.5706494763 0.1721673516 0.8518858151 0.6797184635 -0.05609674909 0.537237109 0.6238436598 nan nan
7 109475 6082 6082 0 0.4708966436 0.1658108363 0.2407578718 0.7424635965 0.5017057247 0.1698731259 0.8215220748 0.6516489489 0.2109998543 0.3264505148 0.3973352606 nan nan
8 92831 1125 1125 0 0.4856890535 0.158487676 0.2121079837 0.7283690736 0.5162610899 0.1715385983 0.8954250633 0.723886465 0.294838577 0.3437722226 0.3736984173 nan nan
9 172053 102 102 0 0.4919024058 0.1511897257 0.2304225348 0.7137859153 0.4833633806 0.1698141831 0.7806098396 0.6107956565 -0.1159786295 0.276704357 0.3372665174 nan nan
10 33882 4273 4273 0 0.4487376637 0.07160157608 0.2977248075 0.5206675941 0.2229427866 0.2751346524 0.532431477 0.2572968247 -0.5531958549 0.1440211133 0.1666112684 nan nan
11 61774 14308 14308 0 0.4954432129 0.08895493129 0.3794727106 0.6450311819 0.2655584713 0.175122313 0.6783361148 0.5032138018 -0.2604516166 0.2155911488 0.2565571072 nan nan
12 211166 9973 9973 0 0.4278708341 0.1252484719 0.2598065794 0.6591510189 0.3993444394 0.1701598274 0.7547253721 0.5845655447 0.3792097571 0.3740912281 0.4696655814 nan nan
13 85966 18934 18934 0 0.48189821 0.1633849989 0.2622450754 0.7943414194 0.532096344 0.1716128969 0.8589200168 0.6873071199 0.3279527581 0.3719245171 0.4625566956 nan nan
14 147996 5106 5106 0 0.5529800027 0.1899068309 0.2250702518 0.8571626534 0.6320924016 0.1700181651 0.8942666422 0.7242484771 -0.1622792378 0.4660938035 0.5211458903 nan nan
15 163534 690 690 0 0.5088784925 0.1611056624 0.2184001608 0.7215688025 0.5031686417 0.1710055509 0.8956399398 0.7246343889 -0.2097378284 0.3247595475 0.3673790531 nan nan
16 119732 287 287 0 0.5009414538 0.1321892962 0.2799156144 0.7208601089 0.4409444946 0.1711696775 0.8887012719 0.7175315943 0.02233364805 0.4257745914 0.5345205282 nan nan
17 181737 21 21 0 0.4937768616 0.1743058503 0.2502763816 0.7260487975 0.4757724158 0.1866941953 0.8805307354 0.6938365401 -0.2500252397 0.475550429 0.5391326153 nan nan
18 21617 2615 2615 0 0.2397139764 0.153600733 0.1895380768 0.6536607884 0.4641227116 0.1700666531 0.884741556 0.7146749029 0.9575860808 0.4501623897 0.6812431573 nan nan
19 129873 22349 22349 0 0.7084531967 0.08075983813 0.5674859368 0.8161442037 0.2486582669 0.5400830589 0.8356143966 0.2955313377 -0.2118884831 0.2018159881 0.229218866 nan nan
20 42652 9022 9022 0 0.4716505896 0.08609547412 0.2970406452 0.5488864086 0.2518457634 0.2777724824 0.5562090262 0.2784365437 -0.4686235123 0.2045786245 0.2238467872 nan nan
21 71336 11292 11292 0 0.4617687129 0.1072271436 0.3763306583 0.6846878416 0.3083571833 0.1685723685 0.7084507711 0.5398784026 0.2470250311 0.2454561245 0.2740850798 nan nan
22 150379 4491 4491 0 0.5164591008 0.1655549397 0.2364759566 0.7373209031 0.5008449465 0.1703338182 0.8952125964 0.7248787782 -0.1887773084 0.473459348 0.5396014864 nan nan

K=23, phase=forward, parameter=w [deg]
cluster representative_source n_cluster n_valid n_missing median std p05 p95 width90 minimum maximum range skewness error95 error_max angle_origin_deg angle_resultant
0 174889 26036 26036 0 -0.1973170955 4.929136684 -7.319330837 8.150164198 15.46949504 -8.059310317 12.17677447 20.23608479 0.1744398352 10.17182374 14.19843402 358.5464047 0.996303919
1 142942 10 10 0 13.54896427 56.98614362 -128.7094594 23.71246889 152.4219283 -135.7131214 25.36476663 161.077888 -1.632852944 148.9427127 155.9463747 248.7837339 0.6432776249
2 91617 3665 3665 0 2.436579409 84.12163127 -172.3355122 23.24868508 195.5841973 -179.7742688 179.8895049 359.6637737 -0.5038138769 178.0419504 179.9836311 301.0599087 0.2984733626
3 120308 15731 15731 0 27.59428318 89.33007068 -148.5857374 51.75989762 200.3456351 -155.8247634 82.28918484 238.1139482 -0.04143525543 178.5095152 179.9957244 354.1304643 0.02912851225
4 140560 604 604 0 2.705361412 96.74865724 -173.5773042 171.1196457 344.6969499 -179.9994474 179.9753024 359.9747498 0.02144675569 178.1333977 179.8518689 45.45824124 0.1908014224
5 17833 13089 13089 0 -0.5965190922 4.689720383 -6.4921025 8.357182047 14.84928455 -7.149230406 13.28629046 20.43552086 0.4458139833 8.975017953 13.90412636 296.5587226 0.9966545226
6 194162 24253 24253 0 50.09737036 83.46295226 -112.4686167 67.14333614 179.6119529 -120.5851113 72.54821777 193.133329 -0.1036828902 170.4478766 178.5643712 119.3678567 0.1252349019
7 109475 6082 6082 0 -5.072956704 103.1717109 -170.2771614 172.3037534 342.5809149 -179.9712322 179.9973489 359.9685811 -0.1317964668 176.3531702 179.9976416 262.7814083 0.1240684468
8 92831 1125 1125 0 12.27207112 86.25214671 -159.4418514 46.37195724 205.8138086 -168.0253233 60.03239 228.0577133 -0.2259260312 178.0628225 179.9803054 324.3860869 0.1326711863
9 172053 102 102 0 -4.020008397 96.97802411 -176.2155063 168.2810354 344.4965418 -179.6519528 178.9070984 358.5590512 -0.02568672023 175.2841462 178.8658682 158.196024 0.3200385958
10 33882 4273 4273 0 -1.573995976 9.893915847 -14.05964301 18.64098105 32.70062407 -16.86729911 26.27942337 43.14672248 0.5110373784 29.61389889 37.2523412 329.1234744 0.9851828729
11 61774 14308 14308 0 -0.7282441792 50.72551396 -10.26555145 15.57197596 25.8375274 -179.9758824 179.9126802 359.8885626 -0.2467004796 168.3929522 179.9697027 172.3007808 0.8194514191
12 211166 9973 9973 0 -3.205591588 94.72410988 -175.0778368 172.7585619 347.8363987 -179.9886543 179.996493 359.9851473 -0.09734288899 172.4202117 179.9971071 44.86718357 0.2856999719
13 85966 18934 18934 0 -8.787958917 84.88822981 -21.20980423 167.5077103 188.7175145 -25.91304212 175.4783589 201.391401 0.4070754851 179.3147906 179.9999106 35.76888923 0.2087388344
14 147996 5106 5106 0 -2.524919024 87.5650756 -168.2999397 169.1676753 337.467615 -179.9894713 179.9902573 359.9797286 0.1088023685 175.2927058 179.9576291 275.7234874 0.4341229122
15 163534 690 690 0 -0.6045625905 95.08699295 -177.0308757 173.6938471 350.7247229 -179.6198992 179.9139766 359.5338758 -0.0391679854 176.9374246 179.9505171 30.09799435 0.3796165139
16 119732 287 287 0 -1.744175672 92.83411255 -174.1625386 38.22380434 212.386343 -179.5063271 178.9150353 358.4213625 -0.0926461015 178.3910177 179.8663555 76.94003176 0.175800687
17 181737 21 21 0 2.909832142 102.9218437 -171.630592 176.7542974 348.3848894 -176.9050226 178.3049937 355.2100163 0.139929881 176.3860687 178.3395007 194.1389562 0.1451897852
18 21617 2615 2615 0 -0.811015604 74.35579128 -22.45489961 173.1579734 195.612873 -179.6287741 179.9916486 359.6204227 0.9284169615 176.5835094 179.9766559 160.2031552 0.5495073849
19 129873 22349 22349 0 -0.4001859941 5.780563257 -8.39941489 9.885707367 18.28512226 -9.221631939 13.15606233 22.37769426 0.2357486823 9.886287752 13.15664271 160.0980761 0.9949191776
20 42652 9022 9022 0 0.002082172333 6.55452377 -11.24288093 11.14721095 22.39009188 -14.49967923 18.26128705 32.76096628 0.06641698337 12.78918818 17.94555734 308.4994966 0.9934751921
21 71336 11292 11292 0 -0.7588592948 36.44724149 -15.49271029 18.34908851 33.8417988 -179.9717354 179.957206 359.9289414 -0.7487986766 20.82818738 179.9979198 196.4674472 0.9016776718
22 150379 4491 4491 0 2.314704131 85.03254203 -169.3423807 161.6806646 331.0230454 -179.9068107 179.9464601 359.8532708 -0.3084289614 173.6303608 179.864876 285.2490753 0.4323808569

K=27, STD=0.02112369946
n = trajectories per cluster; conditions overlap.
n = 1: clusters=0/27 (0.00%); trajectories=0/194058 (0.00%)
n < 10: clusters=0/27 (0.00%); trajectories=0/194058 (0.00%)
n < 100: clusters=2/27 (7.41%); trajectories=31/194058 (0.02%)

K=27, phase=backward, parameter=eps [km^2/s^2]
cluster representative_source n_cluster n_valid n_missing median std p05 p95 width90 minimum maximum range skewness error95 error_max angle_origin_deg angle_resultant
0 174062 25332 25332 0 -0.2062652311 0.02890899537 -0.2403261207 -0.150098119 0.09022800167 -0.2554166829 -0.1372325141 0.1181841688 0.3907788321 0.07489782277 0.08776342766 nan nan
1 142942 10 10 0 -0.1855242266 0.3510253462 -0.9722279819 -0.1174806617 0.8547473202 -1.017669023 -0.1143848122 0.9032842111 -1.052522768 0.8071441617 0.8525852032 nan nan
2 205061 2438 2438 0 -0.1898970377 0.1928411052 -0.8663196949 -0.1140340662 0.7522856288 -0.9762627278 -0.04443127158 0.9318314562 -3.158310592 0.683206591 0.7931496238 nan nan
3 34289 980 980 0 -0.8775373086 0.04720965671 -0.9640373118 -0.8157398609 0.1482974509 -1.020778602 -0.8062084723 0.2145701298 -0.3684605359 0.08199663199 0.1291998785 nan nan
4 147110 575 575 0 -0.2031822879 0.3108715049 -0.9206572279 -0.1155145668 0.8051426612 -1.020754723 -0.1065462382 0.9142084851 -1.036826571 0.7499303189 0.8500278143 nan nan
5 17619 13038 13038 0 -0.9038109963 0.0355135304 -0.975492106 -0.8611594153 0.1143326908 -0.993566366 -0.8518630101 0.1417033558 -0.4589566578 0.0616216264 0.07683041065 nan nan
6 79918 18704 18704 0 -0.1613555189 0.05318192707 -0.2470076903 -0.06928584614 0.1777218442 -0.2570269391 -0.05881779331 0.1982091458 0.08232273866 0.09874560638 0.1092136592 nan nan
7 22053 1967 1967 0 -0.8271009384 0.05559353256 -0.9668237788 -0.8125751787 0.1542486002 -1.014745879 -0.04415323856 0.97059264 3.607728752 0.142177905 0.7814569992 nan nan
8 113202 639 639 0 -0.2335988204 0.3282474945 -0.969479397 -0.1083187832 0.8611606138 -1.020553626 -0.04380722131 0.9767464045 -0.7279278595 0.7678855382 0.818959767 nan nan
9 172053 101 101 0 -0.1967050895 0.2622729653 -0.9274829257 -0.1149837325 0.8124991932 -0.977039865 -0.04383479669 0.9332050683 -1.830144603 0.726257469 0.7758144084 nan nan
10 33425 4293 4293 0 -0.9483698384 0.03976026397 -0.9837718119 -0.8591140016 0.1246578103 -0.9957618598 -0.8447556527 0.1510062071 0.688164853 0.07433939906 0.08869774801 nan nan
11 193924 22862 22862 0 -0.1653495561 0.05512383274 -0.2468612464 -0.07646631597 0.1703949304 -0.256717829 -0.06342528795 0.1932925411 0.003681684564 0.09370754046 0.1067485685 nan nan
12 202279 3216 3216 0 -0.2484233951 0.3289517918 -0.9529913749 -0.07431598088 0.878675394 -1.017562366 -0.04994892822 0.9676134379 -0.6904142943 0.7390235807 0.8035945719 nan nan
13 73650 8319 8319 0 -0.8985665099 0.04655813907 -0.9677617174 -0.8318876877 0.1358740297 -0.9805758909 -0.06070158239 0.9198743085 0.7352245475 0.07515340053 0.8362737471 nan nan
14 144722 4862 4862 0 -0.1678823155 0.2297029851 -0.8357590776 -0.04957827048 0.7861808071 -1.020836128 -0.04391779137 0.976918337 -2.2168934 0.6713602445 0.8564372952 nan nan
15 157143 682 682 0 -0.1877579617 0.2523272514 -0.8766192106 -0.1148432156 0.761775995 -1.002368343 -0.04387907749 0.9584892652 -1.842592183 0.691630123 0.8173792551 nan nan
16 206245 234 234 0 -0.2093968848 0.338609394 -0.9698214464 -0.1160653801 0.8537560664 -1.009825645 -0.04407832883 0.9657473166 -0.8247208015 0.7727820535 0.8127862524 nan nan
17 181737 21 21 0 -0.1693024728 0.2548760283 -0.8282834719 -0.09179334026 0.7364901317 -0.9721623627 -0.08004922341 0.8921131393 -2.137652049 0.7364901317 0.8803690224 nan nan
18 110520 1065 1065 0 -0.1994707905 0.2674060841 -0.9389740128 -0.1152044556 0.8237695572 -0.977068577 -0.04413887266 0.9329297044 -1.740093993 0.7407248854 0.7788194497 nan nan
19 131634 21666 21666 0 -0.1192448296 0.03299424358 -0.1765257948 -0.07606331764 0.1004624772 -0.1874197044 -0.06805633993 0.1193633645 -0.2137085145 0.06550926135 0.07640317093 nan nan
20 42652 8915 8915 0 -0.9819477141 0.04829012598 -1.003554264 -0.8560140163 0.1475402477 -1.008654727 -0.8465284365 0.1621262907 1.053359187 0.1180092917 0.1274948715 nan nan
21 212095 13244 13244 0 -0.2089426845 0.03743631007 -0.246595489 -0.1226176079 0.1239778812 -0.2572678876 -0.059858667 0.1974092206 1.018393604 0.08469383069 0.1474527716 nan nan
22 153312 3702 3702 0 -0.1688601221 0.04479961675 -0.226630197 -0.09957904744 0.1270511496 -0.2588310872 -0.04399901778 0.2148320695 0.2209363129 0.08501467759 0.1272416833 nan nan
23 214558 8626 8626 0 -0.2037207717 0.2814427427 -0.9488840875 -0.120514354 0.8283697335 -0.9804838093 -0.08238796366 0.8980958456 -1.567106911 0.7700970902 0.801696812 nan nan
24 60402 12533 12533 0 -0.9011190617 0.03237212284 -0.9502679287 -0.8497831142 0.1004848145 -0.982203241 -0.8104144835 0.1717887575 0.04227940685 0.06000363318 0.09448490091 nan nan
25 69806 10125 10125 0 -0.9007289623 0.04780524839 -0.9650752707 -0.8305320224 0.1345432484 -0.9809834288 -0.8063623697 0.1746210591 0.116126046 0.07510301866 0.09582591903 nan nan
26 105050 5909 5909 0 -0.243781819 0.3376780333 -0.9574475344 -0.1198206771 0.8376268573 -0.9887344424 -0.1044084476 0.8843259948 -0.4753081149 0.759216241 0.7905031491 nan nan

K=27, phase=backward, parameter=e [-]
cluster representative_source n_cluster n_valid n_missing median std p05 p95 width90 minimum maximum range skewness error95 error_max angle_origin_deg angle_resultant
0 174062 25332 25332 0 0.4987365272 0.07430537154 0.4078981029 0.6398437448 0.2319456419 0.3647600567 0.671288634 0.3065285773 0.3421606522 0.190248235 0.2216931243 nan nan
1 142942 10 10 0 0.5859180643 0.1608412386 0.2819345478 0.719170105 0.4372355572 0.2030269335 0.7266730058 0.5236460724 -0.8971063731 0.3211685757 0.40007619 nan nan
2 205061 2438 2438 0 0.5411968345 0.1080483431 0.4024253333 0.7275247384 0.3250994051 0.1698247327 0.8941426313 0.7243178986 -0.1591361618 0.1830102679 0.3889390688 nan nan
3 34289 980 980 0 0.3443341758 0.09218041447 0.1993965798 0.4916796959 0.2922831161 0.168193931 0.5728973064 0.4047033755 0.05572414457 0.1779445437 0.2025317917 nan nan
4 147110 575 575 0 0.5087326118 0.1555229542 0.2270232027 0.7239288584 0.4969056557 0.1728107296 0.7455576376 0.572746908 -0.4182539992 0.3620852335 0.4162977067 nan nan
5 17619 13038 13038 0 0.3924968077 0.0616034624 0.3102084739 0.5086611757 0.1984527018 0.2900641371 0.5350566683 0.2449925313 0.3008738183 0.1092083496 0.1250905887 nan nan
6 79918 18704 18704 0 0.6122262951 0.1330699454 0.3893834214 0.8348731305 0.4454897091 0.3601922315 0.8598376402 0.4996454087 0.01606986965 0.239497675 0.2644621846 nan nan
7 22053 1967 1967 0 0.2314238101 0.09198336874 0.1888648275 0.4974993278 0.3086345003 0.1712212675 0.8948018977 0.7235806302 1.731108395 0.2700553139 0.6673578838 nan nan
8 113202 639 639 0 0.4783309005 0.1643495977 0.2127091187 0.7416211366 0.5289120178 0.1751904481 0.8956261106 0.7204356625 0.3582706337 0.315693378 0.3851494446 nan nan
9 172053 101 101 0 0.5241268813 0.1407987677 0.2486481218 0.7252064374 0.4765583156 0.1950360604 0.8955575814 0.700521521 -0.3384236331 0.2705999215 0.3833976349 nan nan
10 33425 4293 4293 0 0.467653854 0.06788977217 0.3062822907 0.5211210842 0.2148387936 0.2742212581 0.5383798755 0.2641586175 -0.8526882989 0.1370729539 0.1691339865 nan nan
11 193924 22862 22862 0 0.602531823 0.1384117273 0.389518441 0.8176586965 0.4281402555 0.3611218063 0.8488479903 0.487726184 -0.0596563966 0.2287179169 0.2578962395 nan nan
12 202279 3216 3216 0 0.4496581616 0.1882360931 0.2355877507 0.8229615865 0.5873738358 0.1707602091 0.881015617 0.7102554079 0.4738681549 0.3434568384 0.4015108689 nan nan
13 73650 8319 8319 0 0.3839559236 0.0862461573 0.2434209739 0.4974884911 0.2540675172 0.1694347377 0.8553279728 0.6858932351 -0.2522790783 0.1378617531 0.474147908 nan nan
14 144722 4862 4862 0 0.5960882303 0.1660134422 0.2452575482 0.8818526379 0.6365950896 0.1700000448 0.8953605839 0.7253605391 -0.4238804394 0.3595582851 0.4348157886 nan nan
15 157143 682 682 0 0.5472002706 0.1489213342 0.2378993425 0.7255527129 0.4876533704 0.170063584 0.8954556795 0.7253920954 -0.5218706329 0.3192686203 0.3833562956 nan nan
16 206245 234 234 0 0.4995040765 0.1383195163 0.2473008333 0.7225847592 0.4752839259 0.1847104208 0.8949833136 0.7102728927 0.06952931963 0.2830395753 0.3715154622 nan nan
17 181737 21 21 0 0.5922363063 0.1517710771 0.234128295 0.7812388636 0.5471105687 0.222581726 0.8092903385 0.5867086125 -0.8044743104 0.5471105687 0.5586571376 nan nan
18 110520 1065 1065 0 0.5169910357 0.1360467693 0.2212893642 0.7246848809 0.5033955167 0.1683444931 0.8948398683 0.7264953752 -0.3816782821 0.3085591439 0.3757474527 nan nan
19 131634 21666 21666 0 0.7151173947 0.07994953889 0.5749336034 0.8186613254 0.243727722 0.5475850234 0.8377900416 0.2902050182 -0.2297103037 0.1599709565 0.1873195366 nan nan
20 42652 8915 8915 0 0.5183714226 0.08081500346 0.2994540019 0.5492417174 0.2497877155 0.2782347315 0.5563450703 0.2781103389 -1.173466357 0.2071580931 0.2283773635 nan nan
21 212095 13244 13244 0 0.4926277321 0.09462606176 0.3908160114 0.7067770876 0.3159610762 0.3594872152 0.8573421569 0.4978549417 0.9288192263 0.2096487681 0.3602138374 nan nan
22 153312 3702 3702 0 0.5937358919 0.111484063 0.4464530913 0.7622312767 0.3157781853 0.3550385726 0.8951650038 0.5401264311 0.1510522753 0.2200826227 0.3072821638 nan nan
23 214558 8626 8626 0 0.5089739747 0.1139886015 0.2845515796 0.7119149242 0.4273633446 0.1697351995 0.8034761413 0.6337409418 -0.1828984477 0.2852331173 0.4000494974 nan nan
24 60402 12533 12533 0 0.3884286758 0.05962729272 0.2863117558 0.4705189823 0.1842072265 0.1832684927 0.5188133415 0.3355448488 -0.3360569135 0.1146184796 0.2119561568 nan nan
25 69806 10125 10125 0 0.3878768239 0.09004912576 0.2411870072 0.4933820282 0.252195021 0.168591401 0.5170277747 0.3484363737 -0.340381744 0.1493179627 0.2219135689 nan nan
26 105050 5909 5909 0 0.4586260473 0.1499360689 0.2518346438 0.7137637456 0.4619291018 0.1711268948 0.7510366234 0.5799097285 0.1760893399 0.2672599364 0.3479676853 nan nan

K=27, phase=backward, parameter=w [deg]
cluster representative_source n_cluster n_valid n_missing median std p05 p95 width90 minimum maximum range skewness error95 error_max angle_origin_deg angle_resultant
0 174062 25332 25332 0 -0.03742166142 1.85549309 -3.10038537 3.038377211 6.138762581 -4.088353319 4.138569352 8.226922671 -0.02246900792 3.428117124 4.370499638 29.80297298 0.9994757231
1 142942 10 10 0 -6.540092413 78.27732472 -9.919355869 168.2698594 178.1892153 -10.3682725 173.5845097 183.9527822 1.041466418 174.5088519 178.2350221 33.41453154 0.4085726417
2 205061 2438 2438 0 -0.8896021321 44.4150818 -7.724966061 167.2858581 175.0108242 -178.082197 179.8984214 357.9806184 2.602510654 174.8492321 179.9881415 25.29441395 0.8561972635
3 34289 980 980 0 -0.2720872038 9.084019599 -17.712755 16.95358518 34.66634018 -27.34509637 20.85169313 48.1967895 -0.3275615339 21.10962118 26.32189773 198.8446577 0.9875457569
4 147110 575 575 0 -1.020566821 89.41874973 -175.900303 173.984698 349.885001 -179.6554923 179.9261332 359.5816255 0.01232140257 176.4862932 179.8705837 25.44596887 0.4659655473
5 17619 13038 13038 0 -0.516685064 3.683048568 -5.457582099 6.597320456 12.05490256 -6.718238476 8.534091227 15.2523297 0.3199544099 6.583366895 8.179463375 186.8436975 0.9979355147
6 79918 18704 18704 0 0.04456786264 5.197574204 -10.13297926 8.312925233 18.44590449 -11.35201329 11.29937148 22.65138477 -0.2419000218 18.43227333 19.65130735 24.63242908 0.9958929741
7 22053 1967 1967 0 1.28274715 10.76836467 -11.70177871 12.64176013 24.34353885 -176.1032869 167.7883444 343.8916313 -4.906658544 14.33575538 178.7337369 204.1373343 0.9876812547
8 113202 639 639 0 -0.3263613721 91.34819699 -173.7508132 176.2856378 350.036451 -179.5018213 179.8717461 359.3735674 0.1533926862 176.8320439 179.972964 32.4340663 0.3572496241
9 172053 101 101 0 0.3779116588 68.51385153 -174.0717916 168.0618761 342.1336677 -177.5716444 179.3292288 356.9008732 -0.3679478646 176.524782 179.5661092 24.40914251 0.6834531935
10 33425 4293 4293 0 -2.068429373 8.466540545 -11.0211867 15.11724733 26.13843403 -11.71330308 18.55663186 30.26993494 0.392074145 25.44256024 28.88194477 201.1592342 0.9891213042
11 193924 22862 22862 0 0.1433452855 5.13074576 -9.329889401 9.007041637 18.33693104 -10.47289556 11.26291239 21.73580794 -0.05634783135 14.97066821 17.22653896 24.26853197 0.9959971608
12 202279 3216 3216 0 1.574764207 93.70898499 -172.6966409 172.7731131 345.469754 -179.9397623 179.9440558 359.8838181 -0.09904446965 176.4860589 179.9938922 20.19740708 0.3503802513
13 73650 8319 8319 0 1.385857131 8.566962009 -12.33843808 9.716927836 22.05536592 -32.83851679 171.4452245 204.2837413 -0.03276934874 18.58776654 165.201216 204.42965 0.9892095199
14 144722 4862 4862 0 1.01410655 57.86719603 -171.2994135 11.86013098 183.1595445 -179.8555302 179.8522597 359.7077898 -0.7848301841 173.6976997 179.9919614 22.74039895 0.7670353547
15 157143 682 682 0 -0.5468443489 66.87028787 -175.0663471 146.4837625 321.5501096 -179.4282978 179.6586203 359.0869181 -0.5398465115 176.2361873 179.9851803 25.28810994 0.6934489556
16 206245 234 234 0 -3.066938379 81.31703331 -17.43145852 173.2544964 190.6859549 -176.7362525 178.7452581 355.4815106 0.6832341787 178.9164356 179.9495897 31.87084204 0.3887347928
17 181737 21 21 0 -0.8387464156 65.27867475 -15.14483593 167.1530418 182.2978777 -176.0278398 175.4498336 351.4776735 0.4888989499 169.6541325 177.9509244 25.96804797 0.709281706
18 110520 1065 1065 0 -2.02057573 68.04840845 -17.07366476 168.5790939 185.6527586 -179.8837445 179.7266767 359.6104212 0.6350789905 169.5591893 179.7510864 28.06487156 0.6643528352
19 131634 21666 21666 0 0.02400861965 2.056241045 -3.372617025 3.440862999 6.813480024 -4.324722963 4.491399741 8.816122705 0.02700850552 3.829866454 4.664626197 18.81185436 0.9993561712
20 42652 8915 8915 0 -0.619610497 4.327486578 -6.370604812 7.665771671 14.03637648 -10.95735911 12.61498841 23.57234752 0.2835149994 10.94427281 15.89348955 191.6768016 0.997151396
21 212095 13244 13244 0 -0.9765678162 5.624637783 -7.018057238 11.03885402 18.05691126 -8.888036118 12.38234074 21.27037686 0.6763436232 16.35969854 17.70318525 24.41268664 0.995190666
22 153312 3702 3702 0 0.1739857762 3.138277081 -5.43379925 4.469916884 9.903716134 -13.62645063 12.21955748 25.84600811 -0.2023413696 7.264938235 14.0985962 24.2441308 0.9985023921
23 214558 8626 8626 0 -1.426777059 74.05121905 -171.6844837 168.2613562 339.9458399 -179.9678018 179.9702034 359.9380052 0.09641034034 176.8852224 179.9874217 25.92916328 0.6201272412
24 60402 12533 12533 0 -0.1379798403 5.133796814 -6.941619696 10.68604894 17.62766863 -12.58609999 17.26608162 29.85218161 0.9453232141 12.19847499 15.03520424 202.9625367 0.9959995757
25 69806 10125 10125 0 -1.0496493 6.221488301 -8.963989429 10.65272271 19.61671214 -25.22225748 16.3074872 41.52974469 0.2163456275 14.08229388 30.34056193 203.37448 0.9941221057
26 105050 5909 5909 0 -0.2104994306 103.7705407 -174.3317054 174.2732436 348.604949 -179.982283 179.9858967 359.9681796 0.03642455628 178.0507693 179.942963 23.72360604 0.2354805646

K=27, phase=forward, parameter=eps [km^2/s^2]
cluster representative_source n_cluster n_valid n_missing median std p05 p95 width90 minimum maximum range skewness error95 error_max angle_origin_deg angle_resultant
0 174062 25332 25332 0 -0.9008483698 0.02805130931 -0.9454014945 -0.8546048968 0.09079659769 -0.9566595581 -0.8211888628 0.1354706953 0.05737405454 0.05732342422 0.09073945816 nan nan
1 142942 10 10 0 -0.2081178308 0.271854699 -0.8530752456 -0.1187669329 0.7343083127 -0.885005347 -0.1064650305 0.7785403165 -1.70385908 0.6464470044 0.6783771058 nan nan
2 205061 2438 2438 0 -0.2071869517 0.3638942827 -0.9735506732 -0.1154588043 0.8580918689 -1.019554213 -0.05092914045 0.9686250728 -0.4280085764 0.7937742254 0.8397777654 nan nan
3 34289 980 980 0 -0.1702569148 0.2273978448 -0.8909807702 -0.05464875768 0.8363320125 -1.020173947 -0.04398107964 0.976192867 -2.477053798 0.7625141916 0.891707368 nan nan
4 147110 575 575 0 -0.2109852084 0.347821988 -0.9463868619 -0.1180238375 0.8283630243 -1.019495257 -0.06609019004 0.953405067 -0.3283035185 0.7465661986 0.8196745938 nan nan
5 17619 13038 13038 0 -0.922224312 0.04029554051 -0.9941633127 -0.8673370421 0.1268262707 -1.003662859 -0.8546976511 0.1489652079 -0.1994621351 0.07676169344 0.08940108445 nan nan
6 79918 18704 18704 0 -0.8076253194 0.385287173 -0.9651336138 -0.07919124739 0.8859423664 -0.9718223466 -0.05903967815 0.9127826684 0.002457994076 0.8127790832 0.819467816 nan nan
7 22053 1967 1967 0 -0.8238503895 0.2339613566 -0.8815900218 -0.168502496 0.7130875258 -0.9750423375 -0.04838332581 0.9266590117 1.942571855 0.6491719515 0.7692911217 nan nan
8 113202 639 639 0 -0.2582811788 0.3540427589 -0.9746141768 -0.1141162136 0.8604979632 -1.018186568 -0.04380499307 0.9743815751 -0.02138557487 0.7876040759 0.8311764673 nan nan
9 172053 101 101 0 -0.2125786399 0.3258561267 -0.9663165296 -0.119511768 0.8468047616 -1.020440955 -0.09192509597 0.9285158591 -0.7026164646 0.7631118261 0.8172362516 nan nan
10 33425 4293 4293 0 -0.9384150422 0.04146048629 -0.9836801679 -0.8558134757 0.1278666922 -0.9915765065 -0.8451594744 0.1464170321 0.4427394447 0.07979284622 0.0904468475 nan nan
11 193924 22862 22862 0 -0.1907278364 0.3841190152 -0.9569400141 -0.07137348446 0.8855665296 -0.9659855931 -0.0625553021 0.903430291 -0.1470412139 0.8706413422 0.8796869212 nan nan
12 202279 3216 3216 0 -0.8220831912 0.3582250928 -0.9702406708 -0.07622908196 0.8940115888 -1.020820046 -0.04886147853 0.9719585674 0.2518889221 0.759605122 0.7869727254 nan nan
13 73650 8319 8319 0 -0.2129138427 0.2436873289 -0.9123721517 -0.1273880186 0.7849841331 -0.9806700746 -0.1190935834 0.8615764911 -2.034855317 0.706405479 0.7747034018 nan nan
14 144722 4862 4862 0 -0.1739991937 0.2747937045 -0.8613512814 -0.06708038979 0.7942708917 -1.020807534 -0.04437929461 0.9764282395 -1.570121266 0.7479320721 0.9073883248 nan nan
15 157143 682 682 0 -0.1997552041 0.313311002 -0.918781768 -0.1161573231 0.8026244449 -1.020582924 -0.04380055914 0.9767823647 -0.9282392635 0.7125587408 0.8143598966 nan nan
16 206245 234 234 0 -0.2125935027 0.3671228208 -0.9733350407 -0.1169249728 0.856410068 -0.9826458788 -0.04671985241 0.9359260264 -0.3643328958 0.7660064371 0.7753172752 nan nan
17 181737 21 21 0 -0.2104492118 0.3877245545 -0.965419182 -0.1146393961 0.8507797859 -0.9752300855 -0.05015293497 0.9250771505 -0.3125854662 0.850686229 0.8604971325 nan nan
18 110520 1065 1065 0 -0.2342701581 0.3688197381 -0.9745417463 -0.1146160459 0.8599257004 -1.013239593 -0.04389160369 0.9693479896 -0.2215148118 0.8491746368 0.8878724837 nan nan
19 131634 21666 21666 0 -0.1221830275 0.03303322195 -0.1790400438 -0.07739234512 0.1016476987 -0.1897864814 -0.06936741729 0.1204190641 -0.1861434946 0.08366704806 0.09441348567 nan nan
20 42652 8915 8915 0 -0.9503615893 0.05139596309 -1.003374093 -0.8548783748 0.1484957183 -1.008564402 -0.8463283178 0.1622360839 0.3368758235 0.1158068021 0.1243568591 nan nan
21 212095 13244 13244 0 -0.8681999222 0.2920041651 -0.9614013735 -0.1254138754 0.8359874981 -0.9738511833 -0.05885393284 0.9149972504 1.521524084 0.7897874681 0.8563474107 nan nan
22 153312 3702 3702 0 -0.2081822261 0.3482390425 -0.9345812667 -0.1132188356 0.8213624311 -1.020392173 -0.1064580462 0.913934127 -0.5065527165 0.7281099491 0.8139208556 nan nan
23 214558 8626 8626 0 -0.8468844019 0.3407638783 -0.9669589232 -0.1281468956 0.8388120276 -0.9796709662 -0.08320883502 0.8964621311 0.5915800156 0.7195365977 0.7644746583 nan nan
24 60402 12533 12533 0 -0.2083462437 0.2174575463 -0.9066985957 -0.1505531998 0.7561453959 -0.9821917149 -0.1375603867 0.8446313283 -2.54590844 0.6768328032 0.7523259224 nan nan
25 69806 10125 10125 0 -0.2245718711 0.1502603545 -0.2566691089 -0.1341839298 0.1224851791 -0.9808685396 -0.1246709308 0.8561976088 -3.809105537 0.1058345101 0.7492592468 nan nan
26 105050 5909 5909 0 -0.2401766023 0.3469557359 -0.9619320305 -0.1173930856 0.8445389449 -0.9900982661 -0.09810644627 0.8919918198 -0.3688948643 0.7754154649 0.8035817005 nan nan

K=27, phase=forward, parameter=e [-]
cluster representative_source n_cluster n_valid n_missing median std p05 p95 width90 minimum maximum range skewness error95 error_max angle_origin_deg angle_resultant
0 174062 25332 25332 0 0.3879053854 0.05121833307 0.2969468281 0.4628644446 0.1659176165 0.2159495662 0.4804770901 0.2645275239 -0.2258331774 0.1105726819 0.1915699438 nan nan
1 142942 10 10 0 0.4945945172 0.1558343273 0.2683474252 0.7160448379 0.4476974127 0.1946760287 0.7457509923 0.5510749636 -0.431794096 0.2783431667 0.3035943308 nan nan
2 205061 2438 2438 0 0.5067285715 0.129823525 0.2695287166 0.7240476226 0.454518906 0.1707323136 0.8786828486 0.707950535 -0.2226635217 0.2977449558 0.3958498149 nan nan
3 34289 980 980 0 0.5902578403 0.1533918678 0.3575996781 0.8697543218 0.5121546437 0.1697123633 0.8952125964 0.7255002331 -0.01640328171 0.3350707583 0.5229580731 nan nan
4 147110 575 575 0 0.4938405258 0.1592065974 0.2209822687 0.7178648413 0.4968825726 0.1710108793 0.842575963 0.6715650838 -0.1045306091 0.2956180802 0.3453228478 nan nan
5 17619 13038 13038 0 0.4243200055 0.06757313368 0.3229197321 0.5359065514 0.2129868193 0.2961950764 0.5493782763 0.2531831999 0.0555324351 0.1374483996 0.1641730552 nan nan
6 79918 18704 18704 0 0.5024697166 0.1630464155 0.2674968606 0.8111946223 0.5436977617 0.1716385782 0.859307139 0.6876685608 0.09708413941 0.3670516924 0.4629099748 nan nan
7 22053 1967 1967 0 0.2315755652 0.1315873859 0.1889350606 0.5942142965 0.4052792359 0.1697682665 0.884741556 0.7149732895 1.80061983 0.3891232797 0.6796505392 nan nan
8 113202 639 639 0 0.442351414 0.1600264405 0.2091755447 0.7273172695 0.5181417248 0.1715385983 0.8956290612 0.7240904629 0.6201951228 0.3421971423 0.3774202842 nan nan
9 172053 101 101 0 0.4917045348 0.1510322869 0.2302092268 0.714322555 0.4841133282 0.1698141831 0.7806098396 0.6107956565 -0.09769388658 0.2768714737 0.3372665174 nan nan
10 33425 4293 4293 0 0.4517362344 0.07112118065 0.2992620631 0.5209570973 0.2216950342 0.2751346524 0.532431477 0.2572968247 -0.6001646207 0.1481719528 0.1722993635 nan nan
11 193924 22862 22862 0 0.5392520315 0.1974356131 0.2565275199 0.8298931091 0.5733655892 0.1721673516 0.8509202928 0.6787529412 -0.08506821896 0.5377553115 0.6221154799 nan nan
12 202279 3216 3216 0 0.4030248157 0.1944073542 0.206218288 0.8184013477 0.6121830597 0.1700719612 0.8836039338 0.7135319727 0.6046244668 0.5638937866 0.6290963727 nan nan
13 73650 8319 8319 0 0.4837980325 0.09821516977 0.350444511 0.695221795 0.3447772839 0.1693161866 0.7152933928 0.5459772063 0.1590874471 0.203249986 0.3313381779 nan nan
14 144722 4862 4862 0 0.5810052789 0.1708712844 0.2304246792 0.8402131691 0.6097884899 0.1700181651 0.8942666422 0.7242484771 -0.5227239104 0.4985988223 0.5590053363 nan nan
15 157143 682 682 0 0.5176104441 0.1619736413 0.2177932875 0.7224073286 0.5046140411 0.1710055509 0.8956399398 0.7246343889 -0.3363652994 0.284722954 0.3963177167 nan nan
16 206245 234 234 0 0.5028141495 0.1318259115 0.3036017835 0.7205233058 0.4169215223 0.1711696775 0.8887012719 0.7175315943 0.07881288186 0.2321537599 0.3918114319 nan nan
17 181737 21 21 0 0.4937768616 0.1743058503 0.2502763816 0.7260487975 0.4757724158 0.1866941953 0.8805307354 0.6938365401 -0.2500252397 0.475550429 0.5391326153 nan nan
18 110520 1065 1065 0 0.499191009 0.1420611176 0.2271386902 0.7261060376 0.4989673474 0.1700666531 0.8954250633 0.7253584102 -0.018416418 0.4729159405 0.5299879775 nan nan
19 131634 21666 21666 0 0.7080414976 0.08012057283 0.5687075654 0.81550813 0.2468005645 0.5415981064 0.8346596969 0.2930615905 -0.2037082524 0.2037526182 0.2308620772 nan nan
20 42652 8915 8915 0 0.4704388495 0.08647102503 0.2969012416 0.5489848988 0.2520836572 0.2777724824 0.5562090262 0.2784365437 -0.4563878974 0.2047180281 0.2238467872 nan nan
21 212095 13244 13244 0 0.4202961408 0.1311570272 0.2488687768 0.6999691566 0.4511003799 0.1714017878 0.8597500074 0.6883482196 0.8159637606 0.2866645164 0.4464453672 nan nan
22 153312 3702 3702 0 0.4953777106 0.1522404061 0.2428921427 0.72945864 0.4865664972 0.1703338182 0.745760726 0.5754269078 -0.09096967073 0.2561807736 0.3287390981 nan nan
23 214558 8626 8626 0 0.4311289797 0.1316632038 0.2559440652 0.6934484298 0.4375043647 0.1701598274 0.8015104445 0.6313506171 0.4329427129 0.4113735907 0.5194356053 nan nan
24 60402 12533 12533 0 0.497769216 0.08631950545 0.3762131739 0.6387657705 0.2625525966 0.183620556 0.6705002446 0.4868796886 -0.3570177284 0.204971777 0.252890321 nan nan
25 69806 10125 10125 0 0.4528110628 0.1093982121 0.3689122896 0.6786756575 0.3097633679 0.1685723685 0.7017905791 0.5332182106 0.2334735766 0.2489976875 0.2693560982 nan nan
26 105050 5909 5909 0 0.4774412725 0.1521678811 0.2503115252 0.7196699147 0.4693583895 0.1698731259 0.766122212 0.5962490861 0.08160365753 0.2998530205 0.3802914198 nan nan

K=27, phase=forward, parameter=w [deg]
cluster representative_source n_cluster n_valid n_missing median std p05 p95 width90 minimum maximum range skewness error95 error_max angle_origin_deg angle_resultant
0 174062 25332 25332 0 -0.2244841032 4.8158664 -7.13925059 7.92302342 15.06227401 -7.858492754 11.34463386 19.20312661 0.1748525247 10.0139197 13.43553014 358.3455871 0.9964716199
1 142942 10 10 0 13.54896427 56.98614362 -128.7094594 23.71246889 152.4219283 -135.7131214 25.36476663 161.077888 -1.632852944 148.9427127 155.9463747 248.7837339 0.6432776249
2 205061 2438 2438 0 8.950609578 84.3170557 -164.210473 27.45132681 191.6617998 -177.3524417 176.1505401 353.5029818 -0.4078551923 174.0167389 179.9634145 299.1433312 0.218174687
3 34289 980 980 0 -0.8887458797 53.33107071 -153.4678153 17.57823851 171.0460538 -179.9072638 179.8181971 359.7254609 -0.2333277268 169.4566616 179.4244581 297.4575957 0.8001897769
4 147110 575 575 0 2.586201536 98.32433142 -174.3336376 171.8671713 346.200809 -179.8158862 179.9803413 359.7962276 0.06463177015 178.0320991 179.8906873 49.01262184 0.163207079
5 17619 13038 13038 0 -0.5907568876 4.675111885 -6.472339703 8.330023495 14.8023632 -7.12653202 13.174846 20.30137802 0.4446087652 9.093281697 13.9381042 296.5360242 0.9966752991
6 79918 18704 18704 0 -49.97979596 87.59238822 -86.02391974 105.843404 191.8673237 -90.62013612 114.2996153 204.9197514 0.01353241419 179.2901348 179.9995969 99.50851078 0.04658802669
7 22053 1967 1967 0 -0.291854629 62.10407777 -21.05307272 171.385635 192.4387077 -179.8933402 179.844928 359.7382682 1.661135893 174.9189158 179.9415464 158.4692547 0.6921759689
8 113202 639 639 0 42.24923548 88.58787011 -129.0756024 76.01348995 205.0890923 -138.588793 85.44956206 224.0383551 -0.03730900432 177.9446968 179.9423221 302.0609401 0.04133957169
9 172053 101 101 0 -1.033673312 97.06589497 -175.5705642 171.4865862 347.0571504 -178.8774186 179.3530935 358.2305122 -0.005222129245 175.3651532 178.8658682 159.3227558 0.3155528997
10 33425 4293 4293 0 -1.563735736 9.631357914 -13.73518243 18.16293627 31.8981187 -16.46126082 25.38464781 41.84590862 0.5024231509 29.02940135 36.25111288 328.3393783 0.9859536301
11 193924 22862 22862 0 44.67129784 83.22652228 -118.333093 60.21740568 178.5504987 -126.102868 65.11260512 191.2154731 -0.1390947421 170.0739531 177.8437282 124.568446 0.1354041277
12 202279 3216 3216 0 4.012247267 87.51262138 -158.7467879 45.9279583 204.6747462 -173.1616755 69.92637172 243.0880473 -0.1948822149 173.4027752 179.9595638 57.64399265 0.1136499541
13 73650 8319 8319 0 -0.80018306 62.10166473 -174.5605369 17.10227794 191.6628149 -179.9978687 179.9905529 359.9884216 -1.498406037 177.1922941 179.9990437 213.9723733 0.7127314869
14 144722 4862 4862 0 0.2223264383 71.87021021 -162.8604261 169.0187683 331.8791943 -179.7150479 179.9413251 359.656373 0.1719922232 173.4477213 179.9456456 275.5846173 0.6334725205
15 157143 682 682 0 -0.05003298696 91.40930855 -176.3984606 175.5745191 351.9729797 -179.968272 179.9321904 359.9004624 -0.06506497005 178.1091251 179.9955867 31.96428378 0.4251199205
16 206245 234 234 0 -1.473737321 94.64484573 -175.1623388 36.84455023 212.0068891 -179.6526582 179.9694259 359.6220841 -0.04032768409 178.5305146 179.8024708 81.51865522 0.1758877924
17 181737 21 21 0 2.909832142 102.9218437 -171.630592 176.7542974 348.3848894 -176.9050226 178.3049937 355.2100163 0.139929881 176.3860687 178.3395007 194.1389562 0.1451897852
18 110520 1065 1065 0 15.66584111 86.28298899 -156.8724668 39.31929657 196.1917634 -164.7921929 51.62876252 216.4209554 -0.2158265032 178.3153563 179.9550714 312.2881367 0.1247771904
19 131634 21666 21666 0 -0.3883218598 5.575944086 -8.113527748 9.56943717 17.68296492 -8.909028924 12.58967744 21.49870636 0.233237326 9.270704389 12.29094466 159.785473 0.9952719534
20 42652 8915 8915 0 0.06655921439 6.441065914 -11.09910027 10.89448646 21.99358673 -14.30492518 17.39958054 31.70450572 0.0384865018 12.61898664 16.86610254 308.2817483 0.9936983404
21 212095 13244 13244 0 -1.479944796 76.14179088 -174.3595189 174.3042719 348.6637908 -179.9816967 179.9961975 359.9778942 -0.1884636118 177.0918594 179.9908463 30.21336364 0.6099384649
22 153312 3702 3702 0 4.797139035 87.0083425 -168.80351 21.18008133 189.9835913 -179.972114 179.9834423 359.9555563 -0.3181797505 178.5605912 179.9998646 284.6711805 0.2573277855
23 214558 8626 8626 0 -3.209856646 103.3813793 -176.159099 176.5507073 352.7098063 -179.9866793 179.9976148 359.9842941 0.001691970547 176.6484278 179.9964099 48.1540113 0.2813749461
24 60402 12533 12533 0 -0.6281185122 54.94542894 -160.5697546 15.82457669 176.3943313 -179.9880603 179.9815007 359.969561 -0.1366928409 170.4644673 179.9963511 170.7849489 0.7899575963
25 69806 10125 10125 0 -0.77718862 38.02074804 -12.71047306 15.82951322 28.53998628 -179.8881813 179.9290418 359.8172231 -0.8721419332 19.39432278 179.9624216 190.3454022 0.8960225499
26 105050 5909 5909 0 -2.521399377 101.9912165 -171.6144402 172.7008927 344.3153329 -179.9566681 179.9985255 359.9551936 -0.0706801055 176.0372211 179.9764425 252.6118506 0.191520259

K=32, STD=0.01979292245
n = trajectories per cluster; conditions overlap.
n = 1: clusters=0/32 (0.00%); trajectories=0/194058 (0.00%)
n < 10: clusters=2/32 (6.25%); trajectories=7/194058 (0.00%)
n < 100: clusters=5/32 (15.62%); trajectories=132/194058 (0.07%)

K=32, phase=backward, parameter=eps [km^2/s^2]
cluster representative_source n_cluster n_valid n_missing median std p05 p95 width90 minimum maximum range skewness error95 error_max angle_origin_deg angle_resultant
0 169298 19563 19563 0 -0.1992391315 0.02645066431 -0.2340771886 -0.1506948523 0.08338233629 -0.2397024743 -0.1392230129 0.1004794613 0.2786775071 0.0700461086 0.081517948 nan nan
1 18323 2 2 0 -0.4690906312 0.3478261536 -0.7821341694 -0.156047093 0.6260870764 -0.8169167848 -0.1212644777 0.6956523071 nan 0.6608696917 0.6956523071 nan nan
2 110520 974 974 0 -0.1987923855 0.2655588879 -0.9383791869 -0.1152849041 0.8230942828 -0.977068577 -0.04413887266 0.9329297044 -1.773931342 0.7401300595 0.7788194497 nan nan
3 34983 978 978 0 -0.8814996257 0.04678254777 -0.9659131146 -0.8193751906 0.146537924 -1.020778602 -0.8062084723 0.2145701298 -0.274208057 0.0804315569 0.1235385448 nan nan
4 99615 159 159 0 -0.2252208293 0.3536616675 -0.9651414427 -0.1148464095 0.8502950332 -1.009825645 -0.04407832883 0.9657473166 -0.52701097 0.778688104 0.8233723067 nan nan
5 17619 12862 12862 0 -0.9035903105 0.03515547819 -0.9744580695 -0.8613190991 0.1131389704 -0.9928130156 -0.8519979305 0.1408150851 -0.4577488576 0.06101935314 0.07607706028 nan nan
6 78319 13858 13858 0 -0.1426367836 0.04278857218 -0.2065757655 -0.06563748603 0.1409382795 -0.8089720767 -0.05881779331 0.7501542834 -0.2485566992 0.0999361274 0.6434061615 nan nan
7 149187 4016 4016 0 -0.1780977104 0.2893497677 -0.8869076699 -0.05507104139 0.8318366285 -1.020739299 -0.04399860248 0.9767406965 -1.375202342 0.7170395967 0.8508712258 nan nan
8 149492 464 464 0 -0.2024348046 0.2996523714 -0.9001807906 -0.1142345782 0.7859462124 -1.020754723 -0.09218076008 0.9285739632 -1.153386869 0.7258418637 0.8464157964 nan nan
9 113651 14 14 0 -0.1854615356 0.3068428005 -0.8945684149 -0.08768289936 0.8068855156 -1.017669023 -0.08004922341 0.9376197999 -1.534538744 0.7729878096 0.8960884181 nan nan
10 33425 4375 4375 0 -0.948951223 0.03988850175 -0.9840139454 -0.8592503927 0.1247635528 -0.9985887565 -0.8447556527 0.1538331038 0.6944429387 0.07420300802 0.08869774801 nan nan
11 70187 10263 10263 0 -0.9012038609 0.04770019941 -0.9652334098 -0.8333746465 0.1318587633 -0.9809834288 -0.8063623697 0.1746210591 0.1145327172 0.07337979661 0.09627178444 nan nan
12 21833 1976 1976 0 -0.8271274692 0.04514562686 -0.9669800072 -0.8125880639 0.1543919434 -1.014745879 -0.8072504362 0.2074954424 -1.827922673 0.1415756299 0.1893415012 nan nan
13 211740 12103 12103 0 -0.2150113911 0.04551696683 -0.2488923163 -0.1272451012 0.1216472151 -0.816193867 -0.0810294709 0.7351643961 -4.7852849 0.08545196316 0.6040482516 nan nan
14 156246 2951 2951 0 -0.171182667 0.04196004153 -0.2145125837 -0.109172048 0.1053405357 -0.2584247423 -0.0451798456 0.2132448967 0.1634269731 0.07455883556 0.1303317221 nan nan
15 206228 306 306 0 -0.2027754829 0.3065770034 -0.9603761772 -0.1175066678 0.8428695094 -1.017355824 -0.1080591655 0.9092966586 -1.184208468 0.7737386318 0.8307182786 nan nan
16 166403 38 38 0 -0.1881303944 0.2616285321 -0.8833845906 -0.1172731501 0.7661114405 -0.9721623627 -0.1149837325 0.8571786302 -1.905776521 0.6874190979 0.77619687 nan nan
17 131983 5 5 0 -0.1650838202 0.3028923993 -0.7745440715 -0.1336164932 0.6409275783 -0.9166889312 -0.1302674045 0.7864215267 -2.198007291 0.6275312234 0.7696760831 nan nan
18 113202 616 616 0 -0.2342012658 0.3295021883 -0.9697039657 -0.1082073274 0.8614966383 -1.020553626 -0.04380722131 0.9767464045 -0.7179186464 0.7681101068 0.818959767 nan nan
19 60402 12692 12692 0 -0.9011127967 0.03243467537 -0.950540578 -0.849587053 0.100953525 -0.982203241 -0.811007485 0.171195756 0.03311501801 0.06000386882 0.09389189946 nan nan
20 40578 9009 9009 0 -0.9817054132 0.04852572145 -1.003512052 -0.8557279412 0.1477841111 -1.008654727 -0.8465284365 0.1621262907 1.031010198 0.1149332113 0.124132716 nan nan
21 75221 8155 8155 0 -0.8971627707 0.107692565 -0.9674858209 -0.8253416178 0.1421442031 -0.9805758909 -0.05963594738 0.9209399435 6.086160197 0.07615754631 0.8404120972 nan nan
22 205648 1984 1984 0 -0.1895425037 0.1757818827 -0.8434662578 -0.1139555004 0.7295107574 -0.9762627278 -0.04415323856 0.9321094892 -3.531130768 0.6582520881 0.7910485581 nan nan
23 216567 7994 7994 0 -0.198931961 0.1737111884 -0.8461352515 -0.1195232502 0.7266120013 -0.9788896888 -0.07297483672 0.9059148521 -3.598957341 0.654711446 0.7874658832 nan nan
24 121227 13727 13727 0 -0.1139105 0.04046017965 -0.1912903984 -0.06925447225 0.1220359262 -0.1978549018 -0.06345624157 0.1343986602 -0.3386302832 0.08143399503 0.0879984984 nan nan
25 202743 20036 20036 0 -0.2293513419 0.04705646176 -0.2504567717 -0.1388056643 0.1116511074 -0.8187021417 -0.1295720299 0.6891301118 -4.275268975 0.09569466893 0.5844728384 nan nan
26 106177 6807 6807 0 -0.2218599996 0.3328150233 -0.9602504014 -0.1224916673 0.8377587341 -0.9804838093 -0.1020930245 0.8783907848 -0.6819765032 0.7611638478 0.7813972557 nan nan
27 153037 73 73 0 -0.1971229384 0.2606001741 -0.9285277627 -0.1133683337 0.815159429 -0.977039865 -0.04383479669 0.9332050683 -1.918975569 0.7483738892 0.7968859915 nan nan
28 115244 4710 4710 0 -0.2477190317 0.3316700562 -0.9553053921 -0.1083085849 0.8469968073 -1.016166402 -0.0725396096 0.943626792 -0.5816186769 0.7472791908 0.8081402002 nan nan
29 159475 585 585 0 -0.1876063719 0.2516319205 -0.878767976 -0.1171668409 0.761601135 -1.002368343 -0.04387907749 0.9584892652 -1.861963771 0.6908584245 0.8144587912 nan nan
30 145319 3439 3439 0 -0.1696749323 0.1781257017 -0.8195274424 -0.05347057092 0.7660568715 -1.020836128 -0.04391779137 0.976918337 -3.096589508 0.6533948482 0.8547035341 nan nan
31 134277 19324 19324 0 -0.1222359128 0.03238337581 -0.1759107749 -0.07727182651 0.09863894837 -0.1860957242 -0.06980862073 0.1162871034 -0.136648452 0.06375622044 0.07394116973 nan nan

K=32, phase=backward, parameter=e [-]
cluster representative_source n_cluster n_valid n_missing median std p05 p95 width90 minimum maximum range skewness error95 error_max angle_origin_deg angle_resultant
0 169298 19563 19563 0 0.5168959878 0.06764620341 0.4250214085 0.6383902636 0.2133688551 0.4095511233 0.6664470479 0.2568959246 0.2355742423 0.1774616624 0.2055184467 nan nan
1 18323 2 2 0 0.4565134131 0.2534864797 0.2283755814 0.6846512448 0.4562756634 0.2030269335 0.7099998928 0.5069729593 nan 0.4816243114 0.5069729593 nan nan
2 110520 974 974 0 0.5185981554 0.1352030318 0.2320156295 0.7244901633 0.4924745338 0.1683444931 0.8948398683 0.7264953752 -0.343614862 0.3076658626 0.3757474527 nan nan
3 34983 978 978 0 0.3516994968 0.09086554441 0.2103411921 0.4945353242 0.2841941321 0.168193931 0.5728973064 0.4047033755 -0.023668282 0.1755919062 0.2129189847 nan nan
4 99615 159 159 0 0.4925130161 0.1467649862 0.2463817142 0.7255414989 0.4791597847 0.1847104208 0.8949833136 0.7102728927 0.2526310567 0.3126751275 0.3644637415 nan nan
5 17619 12862 12862 0 0.3920922439 0.06104329889 0.3105435496 0.507150244 0.1966066944 0.2903377742 0.5339720413 0.243634267 0.3008042432 0.1084897563 0.1248169516 nan nan
6 78319 13858 13858 0 0.6581996881 0.1043736671 0.4982402659 0.8435550541 0.3453147882 0.1783432004 0.8598376402 0.6814944397 -0.05371782647 0.2421056769 0.4231614397 nan nan
7 149187 4016 4016 0 0.5709861089 0.1856539821 0.2346093864 0.868816262 0.6342068756 0.1700000448 0.895168798 0.7251687532 -0.1943687532 0.3566564979 0.4212658395 nan nan
8 149492 464 464 0 0.5102278305 0.1628671448 0.2235424415 0.7270261619 0.5034837204 0.1766930037 0.7803125288 0.603619525 -0.4064678397 0.3565709645 0.4034204022 nan nan
9 113651 14 14 0 0.5804846557 0.1851434841 0.2300869958 0.7910568798 0.560969884 0.222581726 0.8092903385 0.5867086125 -0.4697547617 0.4792465746 0.4867518444 nan nan
10 33425 4375 4375 0 0.468633878 0.06807308065 0.306556302 0.5214510359 0.2148947339 0.2742212581 0.5423682232 0.2681469651 -0.8578980333 0.1367989426 0.1691339865 nan nan
11 70187 10263 10263 0 0.3887276045 0.08963024723 0.2477158943 0.4935890602 0.2458731659 0.168591401 0.5170277747 0.3484363737 -0.3334803868 0.143585946 0.2227104393 nan nan
12 21833 1976 1976 0 0.2314096682 0.09021497445 0.1888681659 0.4962001894 0.3073320235 0.1712212675 0.5647659358 0.3935446682 1.578187576 0.2693158323 0.3378815787 nan nan
13 211740 12103 12103 0 0.4768124732 0.09128402735 0.3841422091 0.695601073 0.3114588639 0.1694667968 0.8067299185 0.6372631218 0.7282160308 0.212372169 0.322214668 nan nan
14 156246 2951 2951 0 0.587980202 0.1045114408 0.4779222216 0.7392268514 0.2613046299 0.3561119613 0.8923465739 0.5362346126 0.1049726405 0.1878292281 0.315102773 nan nan
15 206228 306 306 0 0.5107772248 0.1401739627 0.235578578 0.71914013 0.4835615519 0.1728107296 0.7419365959 0.5691258663 -0.4926501501 0.3143232405 0.377091089 nan nan
16 166403 38 38 0 0.5458104772 0.1400730952 0.2456406846 0.7196620893 0.4740214047 0.2058710207 0.7252064374 0.5193354167 -0.7569268856 0.2799643101 0.3197339739 nan nan
17 131983 5 5 0 0.6031031235 0.09986692628 0.4323225258 0.6800290655 0.2477065397 0.4154081001 0.6881484709 0.2727403708 -0.602057177 0.2152289183 0.2321433439 nan nan
18 113202 616 616 0 0.4786964543 0.1632014612 0.2154239522 0.7418310987 0.5264071465 0.1751904481 0.8956261106 0.7204356625 0.3605416195 0.3151638161 0.3851494446 nan nan
19 60402 12692 12692 0 0.3884252294 0.05967406907 0.2860493548 0.4709567723 0.1849074176 0.1850070513 0.5188133415 0.3338062902 -0.3171679394 0.1147871034 0.2102175982 nan nan
20 40578 9009 9009 0 0.5180496615 0.08122606797 0.2989006581 0.549191392 0.2502907339 0.2782347315 0.5563450703 0.2781103389 -1.150446 0.2026801099 0.2233460366 nan nan
21 75221 8155 8155 0 0.3870633228 0.0997456749 0.2454195066 0.5008076226 0.255388116 0.1694347377 0.8578748848 0.688440147 0.9398128234 0.1615396267 0.4711455139 nan nan
22 205648 1984 1984 0 0.5423376346 0.1064663897 0.4169374323 0.727699026 0.3107615937 0.1698247327 0.8948018977 0.724977165 -0.09247910829 0.1872495902 0.3836581331 nan nan
23 216567 7994 7994 0 0.5184886893 0.09537627785 0.408008865 0.7142460528 0.3062371878 0.1706212708 0.8259991289 0.6553778581 0.3659136681 0.1934999859 0.3673652902 nan nan
24 121227 13727 13727 0 0.7278259503 0.09846090253 0.5378607305 0.834928897 0.2970681665 0.5210911879 0.848771245 0.3276800571 -0.3557924982 0.1997995392 0.2165690818 nan nan
25 202743 20036 20036 0 0.4382754788 0.09666097624 0.3789957163 0.6674096645 0.2884139483 0.1698494902 0.68991196 0.5200624698 0.7941602082 0.2427124071 0.264814023 nan nan
26 106177 6807 6807 0 0.4854209983 0.1366717289 0.2652930047 0.7070864897 0.4417934849 0.1697351995 0.7561941457 0.5864589462 -0.02445406767 0.2516046088 0.347162414 nan nan
27 153037 73 73 0 0.5226527612 0.1354689531 0.2725144966 0.7291038482 0.4565893516 0.1950360604 0.8955575814 0.700521521 -0.2128848491 0.3187719581 0.3705310314 nan nan
28 115244 4710 4710 0 0.4526691626 0.1629004414 0.2433857132 0.7415321294 0.4981464162 0.1707602091 0.8272024803 0.6564422712 0.3273436687 0.2691969071 0.3334445785 nan nan
29 159475 585 585 0 0.5475834471 0.1475586513 0.2395296399 0.7199683093 0.4804386695 0.170063584 0.8954556795 0.7253920954 -0.5008027982 0.3160969297 0.3759880519 nan nan
30 145319 3439 3439 0 0.5917085077 0.1541671536 0.3321808259 0.872624077 0.5404432511 0.1705917047 0.8953605839 0.7247688792 -0.3082685649 0.2935012068 0.4299283449 nan nan
31 134277 19324 19324 0 0.7079128435 0.07847301095 0.5765108561 0.8157570507 0.2392461946 0.5509437965 0.8336082882 0.2826644918 -0.1526846804 0.1556622167 0.1812292763 nan nan

K=32, phase=backward, parameter=w [deg]
cluster representative_source n_cluster n_valid n_missing median std p05 p95 width90 minimum maximum range skewness error95 error_max angle_origin_deg angle_resultant
0 169298 19563 19563 0 0.01118932745 1.679051727 -2.991370618 2.673297023 5.664667641 -4.118744488 3.367167069 7.485911557 -0.1765110782 3.183930066 4.311303936 29.97343803 0.9995706819
1 18323 2 2 0 1.563194019e-13 89.31602696 -80.38442427 80.38442427 160.7688485 -89.31602696 89.31602696 178.6320539 nan 169.7004512 178.6320539 296.3150682 0.01193729798
2 110520 974 974 0 -1.948570065 67.41830425 -17.06447547 168.88981 185.9542855 -179.8685284 179.7418928 359.6104212 0.6431390113 169.862055 179.7510864 28.04965547 0.671867966
3 34983 978 978 0 -0.3759119761 8.548049287 -13.91473477 15.08529603 29.0000308 -27.0933292 21.01865198 48.11198118 -0.2617501442 21.1896118 25.59705978 198.5928906 0.9889696639
4 99615 159 159 0 -3.863423235 83.05466242 -22.53759878 168.5205696 191.0581684 -27.76390351 177.9703669 205.7342704 0.5383952171 172.7645158 179.117525 38.49606072 0.268179912
5 17619 12862 12862 0 -0.5091442517 3.670188561 -5.436078716 6.561123553 11.99720227 -6.687918563 8.504550272 15.19246884 0.3186450737 6.560094972 8.119602506 186.8133776 0.9979498935
6 78319 13858 13858 0 0.448765501 5.899344791 -9.971393478 9.095913454 19.06730693 -176.7858856 11.69199796 188.4778835 -2.068999725 18.61168096 174.5738269 24.02109434 0.9949076221
7 149187 4016 4016 0 2.02252133 75.66646268 -171.0643134 153.0123252 324.0766386 -179.9965207 179.9828171 359.9793378 -0.4808950523 175.0207649 179.9884841 21.42046713 0.5889940227
8 149492 464 464 0 -0.6639848018 85.88435052 -175.827989 173.5010765 349.3290655 -179.9827939 179.832045 359.8148389 -0.07086329873 176.9330992 179.9192633 24.85525516 0.5102592625
9 113651 14 14 0 -2.861310993 79.04530122 -72.0849023 166.555485 238.6403873 -176.6588548 174.8188186 351.4776735 0.2333516402 174.8391578 178.7377666 26.59906298 0.5662364784
10 33425 4375 4375 0 -2.2347102 8.428936187 -10.94168928 15.15919147 26.10088074 -11.65386267 18.6395039 30.29336657 0.4087388443 25.40163234 28.88194477 201.0763622 0.9892178816
11 70187 10263 10263 0 -0.9954815869 6.246398631 -9.035540657 10.50957646 19.54511712 -25.70467633 16.28258099 41.98725732 0.1901982544 14.12378072 30.79291639 203.4025606 0.9940751504
12 21833 1976 1976 0 1.285198534 7.397888071 -11.69997105 12.66425907 24.36423012 -32.60384734 15.8213042 48.42515154 -0.7973665846 14.27060633 35.17448262 204.1183285 0.9917266576
13 211740 12103 12103 0 -0.8507846331 9.135498742 -6.421499698 10.40587289 16.82737258 -8.501539779 175.6982403 184.19978 12.31313018 15.15592478 179.5517079 24.59150476 0.9917857397
14 156246 2951 2951 0 0.01425344907 3.228182652 -5.016144555 5.403780939 10.41992549 -13.73495095 12.0710173 25.80596824 -0.01524729362 7.409632063 14.26765256 24.39267098 0.9984152169
15 206228 306 306 0 -1.230940604 84.91047714 -175.3008253 172.2682559 347.5690812 -178.7907787 177.8007221 356.5915008 0.06785056982 177.7924409 179.8966999 25.6663842 0.5105873197
16 166403 38 38 0 -0.4917314062 67.83359737 -175.1670046 33.84494454 209.0119492 -178.5980786 167.685513 346.2835916 -0.5987311978 176.2265988 179.6576728 25.43557669 0.684220166
17 131983 5 5 0 -3.11696392 67.78290283 -4.95472946 132.4401861 137.3949156 -5.192771829 165.9520838 171.1448557 2.234403852 137.632958 171.1448557 29.23662338 0.6042981603
18 113202 616 616 0 -0.3247281457 91.24307558 -173.8902495 176.0828666 349.9731161 -179.8726113 179.5009561 359.3735674 0.1566204337 176.6994039 179.972964 32.80485628 0.3528021454
19 60402 12692 12692 0 -0.1430441677 5.139087097 -6.963280799 10.70708088 17.67036168 -12.57644561 17.275736 29.85218161 0.9435850616 12.18397845 15.03520424 202.9528823 0.9959913136
20 40578 9009 9009 0 -0.6051841252 4.307215726 -6.402795875 7.516779027 13.9195749 -10.85996209 12.58589168 23.44585377 0.2731279865 10.895403 15.96451566 191.5794045 0.9971779738
21 75221 8155 8155 0 1.447258879 22.42188957 -12.31983988 11.0151636 23.33500348 -179.9174596 179.612143 359.5296026 6.176691114 19.00748061 174.450403 204.6408707 0.9608473337
22 205648 1984 1984 0 -0.9568187028 40.16480157 -8.457156428 148.2222039 156.6793603 -178.0847522 179.8958662 357.9806184 3.014673882 164.3074598 179.9424616 25.29696912 0.8817684718
23 216567 7994 7994 0 -1.117989661 39.74588232 -9.682788656 165.9249174 175.6077061 -179.8949938 176.8303509 356.7253448 3.479141194 175.1037487 179.9104858 25.19384892 0.8805723062
24 121227 13727 13727 0 0.3787402304 3.37096152 -5.894038504 5.227588843 11.12162735 -6.590885215 8.535972946 15.12685816 -0.2027367768 6.063292353 8.77384423 20.40641713 0.9982704557
25 202743 20036 20036 0 -0.3060124572 9.097802693 -4.886404862 5.38524598 10.27165084 -179.8873674 179.5192847 359.4066521 -4.73198875 7.944869344 179.7047806 28.19655944 0.9938726218
26 106177 6807 6807 0 -1.804174255 99.23398739 -175.6341524 172.1235758 347.7577282 -179.9879791 179.9894978 359.9774769 -0.03112642383 178.1381382 179.9696628 26.39117621 0.3247989678
27 153037 73 73 0 0.4412603966 67.16013311 -171.6985541 168.743754 340.4423081 -177.3338438 179.2779751 356.6118189 -0.1371736983 175.7069758 178.9543603 24.46039624 0.6989627191
28 115244 4710 4710 0 0.8983843932 99.00778168 -173.7657908 173.1273424 346.8931332 -179.9984607 179.9801017 359.9785624 -0.01524152673 177.6873634 179.9952181 22.40433252 0.2900043274
29 159475 585 585 0 -0.576822868 66.51483914 -175.0956747 146.6732725 321.7689472 -179.7301735 179.3870813 359.1172548 -0.4601740115 176.0842374 179.8395366 25.5899857 0.6970590168
30 145319 3439 3439 0 0.5369826547 43.16104708 -11.84775901 8.779840315 20.62759933 -179.8935165 179.9696801 359.8631966 -0.7581538671 166.4973329 179.8305937 23.45134465 0.8712916163
31 134277 19324 19324 0 -0.026462127 1.973721741 -3.175107396 3.401358655 6.576466052 -4.050099967 4.42357364 8.473673606 0.1076898588 3.668843824 4.329264933 18.72534592 0.9994068011

K=32, phase=forward, parameter=eps [km^2/s^2]
cluster representative_source n_cluster n_valid n_missing median std p05 p95 width90 minimum maximum range skewness error95 error_max angle_origin_deg angle_resultant
0 169298 19563 19563 0 -0.9041968624 0.02519291258 -0.9443716268 -0.8625102807 0.0818613461 -0.9546786937 -0.8514837739 0.1031949198 0.03358149564 0.0544680265 0.06549453338 nan nan
1 18323 2 2 0 -0.8495274565 0.03547789042 -0.8814575579 -0.8175973552 0.06386020275 -0.885005347 -0.8140495661 0.07095578083 nan 0.06740799179 0.07095578083 nan nan
2 110520 974 974 0 -0.2335549523 0.368141422 -0.9739825128 -0.1145137177 0.8594687951 -1.013239593 -0.04389160369 0.9693479896 -0.2587809403 0.8486154032 0.8878724837 nan nan
3 34983 978 978 0 -0.1733283276 0.2215112703 -0.8864360096 -0.05895480565 0.827481204 -1.020173947 -0.04448022926 0.9756937173 -2.581613563 0.7611969279 0.8949348648 nan nan
4 99615 159 159 0 -0.2102396386 0.3610347555 -0.9721948609 -0.1160119924 0.8561828685 -0.9768358444 -0.04671985241 0.930115992 -0.5003263685 0.7623566289 0.7669976125 nan nan
5 17619 12862 12862 0 -0.9219662232 0.04001764227 -0.9934697307 -0.8673662713 0.1261034594 -1.003371352 -0.8546976511 0.1486737009 -0.2022981903 0.07673246422 0.08940108445 nan nan
6 78319 13858 13858 0 -0.1718764606 0.3577348208 -0.9660681775 -0.06817100532 0.8978971722 -0.9784762263 -0.05927916767 0.9191970586 -0.9511196027 0.8170104214 0.8294184702 nan nan
7 149187 4016 4016 0 -0.1855797961 0.3295908744 -0.9335262918 -0.05998024751 0.8735460443 -1.020820046 -0.04437929461 0.9764407513 -0.824242357 0.7942897729 0.881583527 nan nan
8 149492 464 464 0 -0.2109374415 0.3358773293 -0.9082592528 -0.1159888994 0.7922703534 -1.019495257 -0.06609019004 0.953405067 -0.4641484788 0.7000964809 0.8113324852 nan nan
9 113651 14 14 0 -0.1371786313 0.3656895166 -0.9646051746 -0.08675579703 0.8778493776 -0.9752300855 -0.05015293497 0.9250771505 -1.032859074 0.8240505034 0.8346754143 nan nan
10 33425 4375 4375 0 -0.9391629357 0.04152207399 -0.9837634891 -0.8556804298 0.1280830594 -0.9915765065 -0.8451594744 0.1464170321 0.4549354771 0.0799258921 0.0904468475 nan nan
11 70187 10263 10263 0 -0.2242139381 0.1446689752 -0.2562934834 -0.1338622505 0.1224312329 -0.9808685396 -0.1243079178 0.8565606218 -3.964861891 0.1047025904 0.7497337469 nan nan
12 21833 1976 1976 0 -0.8238351818 0.2334141727 -0.881693166 -0.1691215251 0.7125716409 -0.9750423375 -0.04838332581 0.9266590117 1.947875342 0.6476429704 0.7683811697 nan nan
13 211740 12103 12103 0 -0.8775181868 0.2563307 -0.9621801156 -0.1332166206 0.828963495 -0.973380709 -0.05885393284 0.9145267762 2.072223164 0.7836736899 0.8580363776 nan nan
14 156246 2951 2951 0 -0.2079787878 0.3515032337 -0.943387631 -0.1142917801 0.8290958508 -1.020392173 -0.1064580462 0.913934127 -0.4655851081 0.7401318985 0.8171364407 nan nan
15 206228 306 306 0 -0.212117751 0.3606373093 -0.9707947662 -0.1213781639 0.8494166024 -1.015045605 -0.08637899477 0.9286666107 -0.2675122646 0.7821235533 0.8263743925 nan nan
16 166403 38 38 0 -0.2125783921 0.3297991618 -0.9421150178 -0.1189846685 0.8231303493 -0.9762101608 -0.1161545194 0.8600556414 -0.6961589325 0.7419898323 0.7760849752 nan nan
17 131983 5 5 0 -0.2066282411 0.02778576411 -0.210218544 -0.1468870862 0.06333145781 -0.2103713249 -0.1375403494 0.07283097543 1.672103283 0.07267819455 0.07283097543 nan nan
18 113202 616 616 0 -0.2582755352 0.3540397789 -0.9746253768 -0.114900947 0.8597244299 -1.018186568 -0.04380499307 0.9743815751 -0.02512097492 0.787615276 0.8311764673 nan nan
19 60402 12692 12692 0 -0.2083089921 0.215872352 -0.9062349051 -0.1500649055 0.7561699996 -0.9821917149 -0.1370642831 0.8451274318 -2.576274187 0.6763691126 0.7523259224 nan nan
20 40578 9009 9009 0 -0.9503615893 0.05149401891 -1.003376274 -0.854947392 0.1484288821 -1.008564402 -0.8467056529 0.1618587488 0.3341182679 0.1172307217 0.1254724608 nan nan
21 75221 8155 8155 0 -0.2118681688 0.2417806158 -0.9116041605 -0.1273867677 0.7842173928 -0.9805593027 -0.118869043 0.8616902597 -2.071200693 0.7074981194 0.7764532616 nan nan
22 205648 1984 1984 0 -0.2076531998 0.3692297291 -0.9746481528 -0.1153087805 0.8593393723 -1.019554213 -0.05092914045 0.9686250728 -0.3334663751 0.8544964441 0.8994025045 nan nan
23 216567 7994 7994 0 -0.8560100156 0.3163069317 -0.9644222125 -0.1273734328 0.8370487797 -0.9781489253 -0.06939622043 0.9087527049 1.083632924 0.7251603459 0.7831375583 nan nan
24 121227 13727 13727 0 -0.1146452665 0.04029828282 -0.1912985195 -0.06903043962 0.1222680799 -0.1973817395 -0.06321063034 0.1341711091 -0.3386704307 0.09088626707 0.09696948698 nan nan
25 202743 20036 20036 0 -0.8814155703 0.04308305697 -0.9588375676 -0.828235679 0.1306018886 -0.9664180778 -0.807406344 0.1590117338 -0.2183686475 0.07700099031 0.09783032533 nan nan
26 106177 6807 6807 0 -0.2378535178 0.3492733873 -0.9657225709 -0.124548604 0.8411739669 -0.97968998 -0.105005585 0.8746843951 -0.2962535062 0.7670688378 0.7810362469 nan nan
27 153037 73 73 0 -0.2127082338 0.3330873908 -0.9686330992 -0.1166050891 0.8520280101 -1.020440955 -0.09192509597 0.9285158591 -0.6153729828 0.7716227386 0.8234305945 nan nan
28 115244 4710 4710 0 -0.2588047754 0.3568958574 -0.9662891848 -0.1052380199 0.8610511649 -1.01848417 -0.06967835718 0.9488058125 -0.02867814674 0.7889707874 0.8411657723 nan nan
29 159475 585 585 0 -0.1987437742 0.3180301423 -0.9272925449 -0.1166439837 0.8106485611 -1.020582924 -0.04380055914 0.9767823647 -0.8868229596 0.7290635531 0.822353932 nan nan
30 145319 3439 3439 0 -0.192782088 0.3099857046 -0.9016002196 -0.1105733246 0.791026895 -1.020807534 -0.04398107964 0.9768264545 -1.105567011 0.7889792082 0.9081865227 nan nan
31 134277 19324 19324 0 -0.1219376634 0.03197147651 -0.1760031323 -0.07752168935 0.09848144298 -0.1865493382 -0.07010193567 0.1164474025 -0.155743714 0.07729956498 0.08784577082 nan nan

K=32, phase=forward, parameter=e [-]
cluster representative_source n_cluster n_valid n_missing median std p05 p95 width90 minimum maximum range skewness error95 error_max angle_origin_deg angle_resultant
0 169298 19563 19563 0 0.3938406251 0.04526603261 0.3138780296 0.4611822577 0.1473042281 0.2900540205 0.4773975553 0.1873435348 -0.1684404215 0.102314479 0.1261384881 nan nan
1 18323 2 2 0 0.2765331359 0.08185710727 0.2028617394 0.3502045325 0.1473427931 0.1946760287 0.3583902432 0.1637142145 nan 0.1555285038 0.1637142145 nan nan
2 110520 974 974 0 0.4994584463 0.1421019105 0.2324454499 0.7264540365 0.4940085866 0.1700666531 0.8954250633 0.7253584102 0.001980458752 0.4676091808 0.5299879775 nan nan
3 34983 978 978 0 0.582616159 0.1450903851 0.365138878 0.8594777649 0.4943388869 0.1697123633 0.8940264166 0.7243140533 -0.0001693914908 0.3353432689 0.5307697837 nan nan
4 99615 159 159 0 0.5009971465 0.1347023471 0.3125801507 0.7227184646 0.4101383139 0.2111501826 0.8887012719 0.6775510893 0.1614009753 0.2426381339 0.3983757395 nan nan
5 17619 12862 12862 0 0.4239177894 0.06715798172 0.3229842799 0.5349450254 0.2119607455 0.2961950764 0.5489652398 0.2527701634 0.05797241705 0.1373838517 0.1641730552 nan nan
6 78319 13858 13858 0 0.5863966129 0.1439368502 0.336384043 0.8375094784 0.5011254354 0.1717135199 0.8587399461 0.6870264262 -0.2637130977 0.3062415668 0.4709120899 nan nan
7 149187 4016 4016 0 0.5546310252 0.1913059588 0.2252220629 0.857128123 0.6319060602 0.1700719612 0.8942666422 0.7241946811 -0.1264830829 0.4413279133 0.496478015 nan nan
8 149492 464 464 0 0.4909843181 0.1663807225 0.2165552924 0.7227696712 0.5062143787 0.1710108793 0.842575963 0.6715650838 -0.05739529351 0.2785496969 0.3478623286 nan nan
9 113651 14 14 0 0.6715514877 0.1504252159 0.3891428338 0.7929239024 0.4037810686 0.3227618847 0.8805307354 0.5577688507 -0.2046377447 0.2742228258 0.3406037749 nan nan
10 33425 4375 4375 0 0.4529212437 0.07122056408 0.2989764601 0.5210952997 0.2221188396 0.2751346524 0.532431477 0.2572968247 -0.6117618921 0.1484575558 0.1722993635 nan nan
11 70187 10263 10263 0 0.4535930202 0.1091794691 0.3714502512 0.6795200147 0.3080697635 0.1685723685 0.7026737436 0.5341013752 0.2386175055 0.2487733586 0.2689369797 nan nan
12 21833 1976 1976 0 0.2315577189 0.1310774623 0.1889473447 0.5926501499 0.4037028052 0.1697682665 0.884741556 0.7149732895 1.786877811 0.3902940794 0.6823854856 nan nan
13 211740 12103 12103 0 0.407403879 0.1265151186 0.2472751592 0.6809432267 0.4336680675 0.1714028297 0.8597500074 0.6883471778 0.9414006526 0.2647561439 0.4435629246 nan nan
14 156246 2951 2951 0 0.4960269529 0.1437779348 0.249585607 0.7268851249 0.4772995179 0.1704928964 0.745760726 0.5752678296 -0.09639155379 0.2578485869 0.3369412975 nan nan
15 206228 306 306 0 0.4976583646 0.1414230638 0.2345354666 0.709796704 0.4752612374 0.1711696775 0.7939072291 0.6227375516 -0.2581441824 0.3095929432 0.3729587323 nan nan
16 166403 38 38 0 0.4850286393 0.1424683729 0.2283176356 0.7155827959 0.4872651603 0.1866941953 0.7228341204 0.5361399251 -0.1488722485 0.2872351752 0.3288586154 nan nan
17 131983 5 5 0 0.4982703594 0.06936785208 0.4893092841 0.6475657489 0.1582564648 0.4889069363 0.6706533025 0.1817463661 1.654469893 0.1813440184 0.1817463661 nan nan
18 113202 616 616 0 0.4422504651 0.1601609971 0.2099170918 0.7254239671 0.5155068753 0.1715385983 0.8956290612 0.7240904629 0.6334413396 0.342235724 0.3774202842 nan nan
19 60402 12692 12692 0 0.4978175945 0.08651393956 0.3776768631 0.6399147746 0.2622379116 0.183620556 0.6717020584 0.4880815024 -0.3443539512 0.2059270808 0.252890321 nan nan
20 40578 9009 9009 0 0.4704388495 0.08658445303 0.2971008199 0.5489915587 0.2518907388 0.2786443418 0.5562090262 0.2775646844 -0.4528684108 0.2067533742 0.2252098524 nan nan
21 75221 8155 8155 0 0.4866278051 0.09774987424 0.3514641212 0.6952310503 0.3437669291 0.1693161866 0.7158344696 0.5465182831 0.110876884 0.199932729 0.3361430061 nan nan
22 205648 1984 1984 0 0.5068375263 0.1305774051 0.2686196812 0.7244039858 0.4557843046 0.1707323136 0.8786828486 0.707950535 -0.1910289051 0.4441958954 0.542083263 nan nan
23 216567 7994 7994 0 0.4203751282 0.1301655446 0.2540636876 0.6951389266 0.441075239 0.1712937312 0.8345536163 0.6632598851 0.6811405922 0.4022084331 0.5416231228 nan nan
24 121227 13727 13727 0 0.7261068235 0.09805601122 0.5378160719 0.8354527806 0.2976367087 0.5222977263 0.8493569359 0.3270592096 -0.3566384441 0.2224528146 0.2379711602 nan nan
25 202743 20036 20036 0 0.3519327421 0.08206086991 0.2351422614 0.4838658745 0.2487236131 0.1721673516 0.4954050728 0.3232377213 -0.02546790225 0.1607532489 0.2237281587 nan nan
26 106177 6807 6807 0 0.477421796 0.139250284 0.2610007535 0.7021396667 0.4411389132 0.1698731259 0.7492567993 0.5793836734 0.03575664777 0.2582483087 0.3493759364 nan nan
27 153037 73 73 0 0.4951531584 0.159124766 0.2320958675 0.721330201 0.4892343335 0.1698141831 0.7806098396 0.6107956565 -0.07551137201 0.2908443763 0.3531260607 nan nan
28 115244 4710 4710 0 0.4511197999 0.1713369482 0.2353659802 0.7490383691 0.513672389 0.1705568463 0.8340236681 0.6634668217 0.3393544079 0.3379020163 0.4027111501 nan nan
29 159475 585 585 0 0.5198340149 0.1615335501 0.2185430957 0.7212481214 0.5027050257 0.1710055509 0.8956399398 0.7246343889 -0.3458915169 0.3064172662 0.3758059249 nan nan
30 145319 3439 3439 0 0.5356819378 0.1731706523 0.2244381595 0.7358619634 0.5114238039 0.1700181651 0.8952125964 0.7251944313 -0.350111461 0.5064589786 0.560878973 nan nan
31 134277 19324 19324 0 0.7086765649 0.07748564528 0.5762838735 0.8151704005 0.238886527 0.5497870332 0.8329081803 0.2831211471 -0.1725309966 0.1882008822 0.2146977225 nan nan

K=32, phase=forward, parameter=w [deg]
cluster representative_source n_cluster n_valid n_missing median std p05 p95 width90 minimum maximum range skewness error95 error_max angle_origin_deg angle_resultant
0 169298 19563 19563 0 -0.2761942451 3.824669223 -5.525448009 6.792975807 12.31842382 -6.081077472 9.156305874 15.23738335 0.304896564 7.272158151 9.635488218 356.5681719 0.9977737883
1 18323 2 2 0 0 7.781846666 -7.003661999 7.003661999 14.007324 -7.781846666 7.781846666 15.56369333 nan 14.78550866 15.56369333 120.8524591 0.9907907902
2 110520 974 974 0 13.04419554 85.98614681 -159.7660403 35.64346219 195.4095025 -168.953767 47.46718837 216.4209554 -0.2545724738 178.4721194 179.9550714 316.4497109 0.1420257939
3 34983 978 978 0 -1.060445589 51.98404527 -152.0427305 17.11440075 169.1571313 -179.649152 179.9951119 359.6442638 -0.309226801 168.793413 179.9536125 298.8749775 0.8088335008
4 99615 159 159 0 -4.314917281 88.68450339 -177.5653027 27.55425216 205.1195548 -179.3516332 178.6785151 358.0301482 -0.3206948998 176.7725206 179.7207822 88.79124044 0.241190276
5 17619 12862 12862 0 -0.5810199224 4.634052755 -6.412942706 8.270021443 14.68296415 -7.058523338 13.07197942 20.13050276 0.4419024462 8.965270963 13.76722894 296.4680155 0.9967333543
6 78319 13858 13858 0 0.7056886189 77.59823637 -170.0757031 18.47490042 188.5506035 -175.7619664 25.0575078 200.8194742 -0.9490614572 179.175787 179.9996711 187.9119989 0.4354110132
7 149187 4016 4016 0 -3.244159129 89.64481718 -169.4582589 168.0732733 337.5315322 -179.9419371 179.8958742 359.8378113 0.08141332998 174.5819844 179.9916066 274.8469375 0.4036804084
8 149492 464 464 0 2.861857712 96.81235591 -175.0508172 173.7590712 348.8098883 -179.9538713 179.5402065 359.4940778 -0.006558253686 178.1111074 179.9953812 43.04901789 0.2342155925
9 113651 14 14 0 -2.717924038 96.38709479 -179.4004393 176.3047205 355.7051598 -179.8367352 177.9072273 357.7439624 -0.0202101871 178.7225871 178.9163536 227.1617123 0.3946112353
10 33425 4375 4375 0 -1.645817271 9.628283808 -13.61982745 18.25203481 31.87186227 -16.39914495 25.54458316 41.94372811 0.5194146455 28.95856453 36.25111288 328.1794429 0.9859632937
11 70187 10263 10263 0 -0.821785501 36.51050245 -12.84056212 16.11560741 28.95616953 -179.9066095 179.9183325 359.8249419 -0.6561475386 19.17932463 179.9458732 190.9875582 0.9032294524
12 21833 1976 1976 0 -0.2882881339 62.22624732 -21.36717118 171.3636317 192.7308029 -179.9610879 179.7771803 359.7382682 1.606941 173.9242264 179.9951696 158.5370024 0.6932293952
13 211740 12103 12103 0 -1.035902254 63.83290034 -171.1896752 173.6228899 344.812565 -179.9746136 179.9630307 359.9376443 -0.1562184221 176.4372549 179.9905422 27.60478045 0.7268807543
14 156246 2951 2951 0 5.715743752 85.06910747 -168.9667434 20.12259109 189.0893345 -179.6721332 179.6200322 359.2921653 -0.4299026186 178.8080407 179.998519 288.8439651 0.2360723331
15 206228 306 306 0 9.27928495 87.73240719 -169.0621549 28.01712659 197.0792815 -176.2313605 178.7652943 354.9966548 -0.2182053714 176.9356356 179.7490069 52.64955922 0.1354933594
16 166403 38 38 0 1.759699211 95.26742901 -169.7470493 172.7748653 342.5219146 -178.4246161 178.9167757 357.3413919 -0.01022107334 173.8749195 179.6523724 174.3208217 0.3253558606
17 131983 5 5 0 0.6266137685 3.843769414 -4.376166938 5.023772548 9.399939486 -4.470707341 5.758127098 10.22883444 0.246101866 9.494479889 10.22883444 268.3903734 0.9977510762
18 113202 616 616 0 40.90724604 88.55578414 -130.7464124 73.83031302 204.5767254 -140.1748568 83.86349832 224.0383551 -0.04059114247 177.8324212 179.9423221 303.6470038 0.04188729596
19 60402 12692 12692 0 -0.6219960081 54.49806328 -159.7928467 155.9572462 315.7500928 -179.999163 179.997956 359.997119 -0.08469866217 170.3672201 179.9963511 170.9561873 0.7934554893
20 40578 9009 9009 0 0.08811415635 6.401720955 -11.08640709 10.76623184 21.85263893 -14.35278632 17.33474761 31.68753393 0.01289626773 12.46619337 17.14029324 308.044405 0.9937747394
21 75221 8155 8155 0 -0.7393519415 62.13711419 -174.4303648 17.20798763 191.6383524 -179.9688129 179.9969654 359.9657784 -1.338329924 177.2144674 179.9759893 214.7614491 0.7187670959
22 205648 1984 1984 0 12.71003481 85.16209589 -159.3190723 31.68590706 191.0049794 -175.2545218 178.2484601 353.5029818 -0.3110247057 174.4368728 179.7103038 297.0454113 0.1756610405
23 216567 7994 7994 0 -1.717739014 85.17227679 -174.6384506 175.9445698 350.5830204 -179.9924925 179.9870106 359.9795031 0.2948543149 177.706656 179.9921401 44.81033158 0.4755678278
24 121227 13727 13727 0 -0.4046143573 5.521104989 -8.34376326 9.563622199 17.90738546 -11.77281891 13.11345269 24.8862716 0.1988584382 10.3492445 13.53823724 175.0541087 0.9953652375
25 202743 20036 20036 0 -0.2980714286 5.361468034 -8.036860087 8.532074065 16.56893415 -11.23908692 33.30842134 44.54750826 0.6380497724 11.63685467 36.41320195 9.704664928 0.9956358276
26 106177 6807 6807 0 1.007577866 109.5325608 -173.9141758 175.3359091 349.2500849 -179.9598723 179.9793875 359.9392597 -0.06458296546 176.9663635 179.9808194 237.7584575 0.1508915926
27 153037 73 73 0 -0.3264747639 101.0773991 -171.320876 174.1783536 345.4992296 -178.4792257 178.497447 356.9766727 -0.004845182367 177.7719482 178.9215319 149.2885677 0.2849972066
28 115244 4710 4710 0 -40.74483607 88.18733052 -63.45634756 142.6927942 206.1491418 -79.90093427 167.3507232 247.2516575 0.06785501296 176.8976915 179.9662664 310.7792789 0.05427002782
29 159475 585 585 0 -0.3115855788 92.37830305 -177.0315589 173.2165674 350.2481263 -179.9680505 179.9829775 359.951028 -0.09091533119 177.5394327 179.9496649 29.70728106 0.4092385515
30 145319 3439 3439 0 1.491591384 83.03508715 -167.4304301 169.5009721 336.9314021 -179.973438 179.966514 359.939952 -0.1919733904 174.1066446 179.9822592 281.017702 0.5000828938
31 134277 19324 19324 0 -0.3516038859 4.919455021 -7.146846017 8.339572181 15.4864182 -7.865870924 12.14001861 20.00588953 0.2549593525 8.846544635 12.64699106 158.742315 0.9963186207

K=36, STD=0.01944935709
n = trajectories per cluster; conditions overlap.
n = 1: clusters=0/36 (0.00%); trajectories=0/194058 (0.00%)
n < 10: clusters=3/36 (8.33%); trajectories=14/194058 (0.01%)
n < 100: clusters=6/36 (16.67%); trajectories=133/194058 (0.07%)

K=36, phase=backward, parameter=eps [km^2/s^2]
cluster representative_source n_cluster n_valid n_missing median std p05 p95 width90 minimum maximum range skewness error95 error_max angle_origin_deg angle_resultant
0 165887 17315 17315 0 -0.1980116901 0.02515060181 -0.2318305583 -0.1522528441 0.07957771426 -0.2374082323 -0.1413156494 0.0960925829 0.2571409609 0.06613804055 0.07707523525 nan nan
1 18323 2 2 0 -0.4690906312 0.3478261536 -0.7821341694 -0.156047093 0.6260870764 -0.8169167848 -0.1212644777 0.6956523071 nan 0.6608696917 0.6956523071 nan nan
2 100401 947 947 0 -0.202710785 0.2982857861 -0.94867048 -0.1156976836 0.8329727964 -0.977068577 -0.04413887266 0.9329297044 -1.269831548 0.7612442295 0.7896423266 nan nan
3 34057 982 982 0 -0.873009848 0.0465308623 -0.9607639342 -0.8157703757 0.1449935585 -1.020778602 -0.8062084723 0.2145701298 -0.4742706978 0.08138372928 0.1310484992 nan nan
4 150087 55 55 0 -0.1985085846 0.2847261443 -0.9355523023 -0.1118921 0.8236602023 -0.977039865 -0.04383479669 0.9332050683 -1.636658101 0.7595599534 0.8010475161 nan nan
5 17619 12862 12862 0 -0.9035903105 0.03515547819 -0.9744580695 -0.8613190991 0.1131389704 -0.9928130156 -0.8519979305 0.1408150851 -0.4577488576 0.06101935314 0.07607706028 nan nan
6 182806 11415 11415 0 -0.1309114814 0.04101456161 -0.1966181704 -0.0643093928 0.1323087776 -0.201859104 -0.05911173989 0.1427473641 0.02773450883 0.06814208687 0.07147939803 nan nan
7 144422 4376 4376 0 -0.1689456238 0.2485420075 -0.839664505 -0.0495116884 0.7901528166 -1.020836128 -0.04399860248 0.9768375259 -1.947686798 0.6761381954 0.8573098187 nan nan
8 149492 464 464 0 -0.2024348046 0.2996523714 -0.9001807906 -0.1142345782 0.7859462124 -1.020754723 -0.09218076008 0.9285739632 -1.153386869 0.7258418637 0.8464157964 nan nan
9 135518 7 7 0 -0.1528444517 0.3027952984 -0.7875424216 -0.1148884879 0.6726539338 -1.017669023 -0.1143848122 0.9032842111 -2.479449915 0.6346979699 0.8648245716 nan nan
10 33425 4288 4288 0 -0.9494233444 0.03955095375 -0.9840456196 -0.8596003864 0.1244452332 -0.9985887565 -0.8451401247 0.1534486318 0.7101014631 0.0738530143 0.08831327601 nan nan
11 72492 6705 6705 0 -0.9082151951 0.04867020514 -0.9680340143 -0.827557462 0.1404765524 -0.9808263892 -0.8063735576 0.1744528316 0.2105435186 0.076094264 0.09438147903 nan nan
12 22493 1969 1969 0 -0.8272722534 0.04602650443 -0.9692980176 -0.8126010508 0.1566969668 -1.014745879 -0.8072504362 0.2074954424 -1.778584234 0.1432722447 0.1887201057 nan nan
13 211354 8043 8043 0 -0.1986754992 0.0380185958 -0.2360189925 -0.1117283657 0.1242906268 -0.2573027381 -0.06079722659 0.1965055116 0.915915448 0.08610616055 0.1370372997 nan nan
14 83118 2499 2499 0 -0.1733855742 0.1741479334 -0.8303700183 -0.1097086309 0.7206613874 -0.979949489 -0.04511806951 0.9348314195 -3.60008721 0.665214273 0.8147937436 nan nan
15 99615 158 158 0 -0.2203691352 0.3530170304 -0.9653045847 -0.1148387994 0.8504657853 -1.009825645 -0.04407832883 0.9657473166 -0.5447337907 0.778851246 0.8233723067 nan nan
16 86351 16 16 0 -0.1826607029 0.2823666913 -0.8642531946 -0.08885731104 0.7753958836 -0.9721623627 -0.08004922341 0.8921131393 -1.742592917 0.6949507218 0.8028598899 nan nan
17 131983 5 5 0 -0.1650838202 0.3028923993 -0.7745440715 -0.1336164932 0.6409275783 -0.9166889312 -0.1302674045 0.7864215267 -2.198007291 0.6275312234 0.7696760831 nan nan
18 113202 599 599 0 -0.237564622 0.330419 -0.969618082 -0.1083187832 0.8612992988 -1.020553626 -0.04380722131 0.9767464045 -0.690367771 0.7680242231 0.818959767 nan nan
19 58422 9885 9885 0 -0.9018993321 0.02952560933 -0.9464055479 -0.8563435237 0.0900620242 -0.982203241 -0.8154048336 0.1667984074 -0.1103194151 0.05669577431 0.08968241943 nan nan
20 40578 9009 9009 0 -0.9817054132 0.04852572145 -1.003512052 -0.8557279412 0.1477841111 -1.008654727 -0.8465284365 0.1621262907 1.031010198 0.1149332113 0.124132716 nan nan
21 207812 11577 11577 0 -0.2242953405 0.053412676 -0.2501176241 -0.1309018481 0.119215776 -0.8117021015 -0.1247118624 0.6869902391 -4.08371115 0.09699928852 0.5840802164 nan nan
22 205844 1538 1538 0 -0.1916500525 0.1406877304 -0.2436961382 -0.1146913365 0.1290048016 -0.9748939075 -0.04415323856 0.930740669 -4.484709523 0.07850662786 0.7881235621 nan nan
23 209561 5671 5671 0 -0.198958909 0.2515804426 -0.9575445004 -0.1205394815 0.8370050189 -0.9804838093 -0.09873139461 0.8817524147 -2.081010623 0.7928015411 0.81574085 nan nan
24 66799 8986 8986 0 -0.8964972168 0.04499213332 -0.9613671083 -0.8335961544 0.1277709538 -0.981038344 -0.8065071814 0.1745311625 0.04947629868 0.07193256676 0.094772764 nan nan
25 74430 6639 6639 0 -0.8926740643 0.04448587357 -0.9671415778 -0.8333899217 0.133751656 -0.9805267118 -0.8066103601 0.1739163517 -0.08278915392 0.07582208672 0.08936402684 nan nan
26 107295 4591 4591 0 -0.2454799533 0.3376311731 -0.9560680435 -0.1181196634 0.8379483801 -0.9887344424 -0.1022343098 0.8865001327 -0.467643224 0.755778208 0.7884446069 nan nan
27 164971 48 48 0 -0.1961105443 0.2431927482 -0.8341466465 -0.1154081919 0.7187384546 -0.9388499832 -0.1140878782 0.824762105 -1.975967406 0.6396390256 0.7443423623 nan nan
28 131577 3015 3015 0 -0.253476613 0.3298502095 -0.9545084522 -0.08501141519 0.869497037 -1.017562366 -0.05899663128 0.9585657348 -0.5728821785 0.731015861 0.7940697749 nan nan
29 159475 585 585 0 -0.1876063719 0.2516319205 -0.878767976 -0.1171668409 0.761601135 -1.002368343 -0.04387907749 0.9584892652 -1.861963771 0.6908584245 0.8144587912 nan nan
30 150379 3126 3126 0 -0.1714009725 0.05547489792 -0.2405308313 -0.06936148497 0.1711693463 -0.8111345033 -0.04391779137 0.7672167119 -2.221031425 0.1061386034 0.6368542642 nan nan
31 135159 17181 17181 0 -0.1232092733 0.03129725137 -0.1738943982 -0.0780993394 0.0957950588 -0.1837443294 -0.07112393428 0.1126203951 -0.09363087742 0.06210883951 0.07195877066 nan nan
32 199547 15743 15743 0 -0.226731069 0.04160226695 -0.2472271233 -0.1396874374 0.1075396859 -0.8152036524 -0.1315295514 0.683674101 -2.32175502 0.09510517579 0.5805087066 nan nan
33 120656 13458 13458 0 -0.1105491723 0.04025702109 -0.1893564524 -0.07013180484 0.1192246476 -0.1960400617 -0.06438179697 0.1316582648 -0.3830698642 0.08161522447 0.08829883376 nan nan
34 206228 306 306 0 -0.2027754829 0.3065770034 -0.9603761772 -0.1175066678 0.8428695094 -1.017355824 -0.1080591655 0.9092966586 -1.184208468 0.7737386318 0.8307182786 nan nan
35 211385 9993 9993 0 -0.2085937731 0.04990806136 -0.2470738456 -0.123175599 0.1238982466 -0.8201854417 -0.05881779331 0.7613676484 -3.709610455 0.09179820005 0.6054526511 nan nan

K=36, phase=backward, parameter=e [-]
cluster representative_source n_cluster n_valid n_missing median std p05 p95 width90 minimum maximum range skewness error95 error_max angle_origin_deg angle_resultant
0 165887 17315 17315 0 0.5200182252 0.06426613302 0.431097525 0.6345649949 0.2034674699 0.415876139 0.6613382191 0.2454620801 0.2158355172 0.1674298079 0.1942030322 nan nan
1 18323 2 2 0 0.4565134131 0.2534864797 0.2283755814 0.6846512448 0.4562756634 0.2030269335 0.7099998928 0.5069729593 nan 0.4816243114 0.5069729593 nan nan
2 100401 947 947 0 0.5103122476 0.1485365891 0.1939114804 0.7234883597 0.5295768793 0.1683444931 0.8948398683 0.7264953752 -0.3762914685 0.3527968546 0.378363842 nan nan
3 34057 982 982 0 0.3347603557 0.09139091541 0.1983823202 0.486496198 0.2881138778 0.168193931 0.5728973064 0.4047033755 0.1554190196 0.1757682127 0.205607767 nan nan
4 150087 55 55 0 0.519124867 0.1342831755 0.339373685 0.7326240565 0.3932503715 0.1950360604 0.8955575814 0.700521521 -0.06181660926 0.297926074 0.3809454799 nan nan
5 17619 12862 12862 0 0.3920922439 0.06104329889 0.3105435496 0.507150244 0.1966066944 0.2903377742 0.5339720413 0.243634267 0.3008042432 0.1084897563 0.1248169516 nan nan
6 182806 11415 11415 0 0.686677166 0.0998801629 0.52424916 0.8467311937 0.3224820337 0.5108540872 0.8591350357 0.3482809484 0.002787206395 0.1663050155 0.1775282259 nan nan
7 144422 4376 4376 0 0.5935732981 0.1730823894 0.2405462204 0.8820536809 0.6415074605 0.1700000448 0.895168798 0.7251687532 -0.3841573584 0.3664292533 0.4369754289 nan nan
8 149492 464 464 0 0.5102278305 0.1628671448 0.2235424415 0.7270261619 0.5034837204 0.1766930037 0.7803125288 0.603619525 -0.4064678397 0.3565709645 0.4034204022 nan nan
9 135518 7 7 0 0.6332659422 0.136578072 0.3873673453 0.7254602106 0.3380928652 0.3783771875 0.7266730058 0.3482958183 -0.7112743311 0.2458985969 0.2548887547 nan nan
10 33425 4288 4288 0 0.4693570701 0.06742776416 0.3073304055 0.5215172381 0.2141868326 0.2750979753 0.5423682232 0.2672702479 -0.8760683431 0.1360248391 0.1682572693 nan nan
11 72492 6705 6705 0 0.40108488 0.09135483019 0.2327629381 0.4978221777 0.2650592396 0.168591401 0.5168085872 0.3482171861 -0.4302887447 0.1552081568 0.2193796938 nan nan
12 22493 1969 1969 0 0.2317396716 0.09166418634 0.1889393541 0.4997493312 0.3108099772 0.1712212675 0.5647659358 0.3935446682 1.535586784 0.2711792919 0.3361958964 nan nan
13 211354 8043 8043 0 0.5190792403 0.09529159459 0.4199541227 0.7330850581 0.3131309355 0.3594207716 0.855099075 0.4956783034 0.835947945 0.2115429437 0.3335569606 nan nan
14 83118 2499 2499 0 0.5823723865 0.1129820483 0.4220212852 0.7379581824 0.3159368972 0.1698247327 0.8925115594 0.7226868267 -0.2782718887 0.208841002 0.4327200627 nan nan
15 99615 158 158 0 0.4926324098 0.1468884957 0.2460746441 0.7255602471 0.479485603 0.1847104208 0.8949833136 0.7102728927 0.2412169474 0.3127670584 0.3644637415 nan nan
16 86351 16 16 0 0.5590039745 0.1569765978 0.2312416527 0.7882517323 0.5570100796 0.222581726 0.8092903385 0.5867086125 -0.6442002128 0.3609946536 0.3696545803 nan nan
17 131983 5 5 0 0.6031031235 0.09986692628 0.4323225258 0.6800290655 0.2477065397 0.4154081001 0.6881484709 0.2727403708 -0.602057177 0.2152289183 0.2321433439 nan nan
18 113202 599 599 0 0.4753850443 0.1626307587 0.2155095152 0.7416211366 0.5261116214 0.1751904481 0.8956261106 0.7204356625 0.3916567297 0.3142368483 0.3851494446 nan nan
19 58422 9885 9885 0 0.3897696841 0.05349635647 0.3008720117 0.464424401 0.1635523893 0.1991275711 0.5188133415 0.3196857704 -0.1682318352 0.1044569805 0.1964082564 nan nan
20 40578 9009 9009 0 0.5180496615 0.08122606797 0.2989006581 0.549191392 0.2502907339 0.2782347315 0.5563450703 0.2781103389 -1.150446 0.2026801099 0.2233460366 nan nan
21 207812 11577 11577 0 0.4520676427 0.1079886724 0.3804329023 0.686699053 0.3062661507 0.1686206811 0.7016974639 0.5330767828 0.4802380331 0.2440912841 0.2746381295 nan nan
22 205844 1538 1538 0 0.5366161613 0.1004615941 0.4470052953 0.725889195 0.2788838997 0.1716896782 0.8948018977 0.7231122195 0.1045775219 0.183272044 0.3778697992 nan nan
23 209561 5671 5671 0 0.5184260155 0.1095075097 0.3535597474 0.711776611 0.3582168637 0.1697351995 0.7642758755 0.594540676 -0.2567568957 0.2510638505 0.4348883983 nan nan
24 66799 8986 8986 0 0.3802242658 0.08468278382 0.2489683198 0.4877050262 0.2387367064 0.1693335665 0.5171054275 0.347771861 -0.2654567063 0.1398888264 0.2195235797 nan nan
25 74430 6639 6639 0 0.3730848943 0.08377010907 0.2470338378 0.4964662502 0.2494324123 0.1694522375 0.5163608511 0.3469086137 -0.1325120496 0.1329590935 0.2099198774 nan nan
26 107295 4591 4591 0 0.4567251491 0.151995899 0.2523309067 0.717848868 0.4655179612 0.1711699917 0.756234579 0.5850645873 0.2208110318 0.2614677819 0.342628697 nan nan
27 164971 48 48 0 0.5252352176 0.1486172799 0.2440408588 0.7241879238 0.4801470649 0.2058710207 0.7273837391 0.5215127184 -0.5698354524 0.2852767045 0.3234465427 nan nan
28 131577 3015 3015 0 0.412479704 0.1778872057 0.2363851916 0.7974348412 0.5610496496 0.1707602091 0.859473564 0.6887133549 0.5775655569 0.3444947434 0.4065334662 nan nan
29 159475 585 585 0 0.5475834471 0.1475586513 0.2395296399 0.7199683093 0.4804386695 0.170063584 0.8954556795 0.7253920954 -0.5008027982 0.3160969297 0.3759880519 nan nan
30 150379 3126 3126 0 0.587446592 0.1233075091 0.4076179131 0.8346252383 0.4270073252 0.1706964443 0.8953605839 0.7246641396 0.2027557294 0.2572710505 0.4095718548 nan nan
31 135159 17181 17181 0 0.7055691999 0.07581547338 0.5814914762 0.8137965432 0.2323050669 0.5568519091 0.8304655853 0.2736136762 -0.109298428 0.1515740446 0.1762136117 nan nan
32 199547 15743 15743 0 0.445044527 0.09625688159 0.38839094 0.6653196583 0.2769287183 0.1781613112 0.6851575534 0.5069962421 0.6758811636 0.2416430537 0.2614286286 nan nan
33 120656 13458 13458 0 0.7359217648 0.09790438453 0.5426928194 0.8328388273 0.2901460078 0.5257355635 0.846564612 0.3208290484 -0.3984904426 0.2000579116 0.2170151675 nan nan
34 206228 306 306 0 0.5107772248 0.1401739627 0.235578578 0.71914013 0.4835615519 0.1728107296 0.7419365959 0.5691258663 -0.4926501501 0.3143232405 0.377091089 nan nan
35 211385 9993 9993 0 0.4935430876 0.1035856498 0.3893948944 0.7054249441 0.3160300497 0.1755680548 0.8598376402 0.6842695854 0.6576376247 0.2282815398 0.3821214043 nan nan

K=36, phase=backward, parameter=w [deg]
cluster representative_source n_cluster n_valid n_missing median std p05 p95 width90 minimum maximum range skewness error95 error_max angle_origin_deg angle_resultant
0 165887 17315 17315 0 0.03974050195 1.612260693 -2.917565308 2.527140125 5.444705433 -3.968689928 3.172073757 7.140763685 -0.2330696617 3.211520085 4.262644706 30.04073348 0.9996041537
1 18323 2 2 0 1.563194019e-13 89.31602696 -80.38442427 80.38442427 160.7688485 -89.31602696 89.31602696 178.6320539 nan 169.7004512 178.6320539 296.3150682 0.01193729798
2 100401 947 947 0 -3.18562295 77.06908491 -18.69741358 170.5273483 189.2247619 -179.7512373 179.8533485 359.6045858 0.5735692893 173.405935 179.7435261 29.69292515 0.5431421914
3 34057 982 982 0 -0.550902017 9.305403284 -18.29982667 17.10924222 35.4090689 -27.84365013 20.23191319 48.07556332 -0.3513001111 20.87549988 26.44117935 199.4644377 0.9869304531
4 150087 55 55 0 0.09807847842 73.44955473 -168.257136 171.4890756 339.7462116 -177.7891847 178.8226342 356.6118189 0.2310144999 175.2606243 178.7474605 24.91573718 0.6369279569
5 17619 12862 12862 0 -0.5091442517 3.670188561 -5.436078716 6.561123553 11.99720227 -6.687918563 8.504550272 15.19246884 0.3186450737 6.560094972 8.119602506 186.8133776 0.9979498935
6 182806 11415 11415 0 -0.2243710265 5.573021052 -8.112678054 10.07829614 18.1909742 -8.712739226 12.97073316 21.68347239 0.29458277 16.79383948 19.6862765 21.99315502 0.9952778151
7 144422 4376 4376 0 1.382764241 62.96469991 -170.9186421 13.29520741 184.2138496 -179.9147443 179.944896 359.8596404 -0.7045243937 173.8124862 179.9979728 22.20623897 0.7213921602
8 149492 464 464 0 -0.6639848018 85.88435052 -175.827989 173.5010765 349.3290655 -179.9827939 179.832045 359.8148389 -0.07086329873 176.9330992 179.9192633 24.85525516 0.5102592625
9 135518 7 7 0 -6.194022133 56.78725543 -7.856494448 112.0923341 119.9488286 -7.943152012 158.0817936 166.0249456 2.603857783 118.2863563 164.2758158 30.62326705 0.7191772791
10 33425 4288 4288 0 -2.15326879 8.352379214 -10.87011101 14.96677423 25.83688524 -11.57088362 18.67005559 30.24093921 0.4006969909 25.12623605 28.82951741 200.9933832 0.9894119807
11 72492 6705 6705 0 -0.06075252697 6.956651825 -10.38405236 8.679191651 19.06324401 -30.26715042 15.62170951 45.88885993 -0.5491132158 15.81838415 35.70148221 204.0662727 0.9926668537
12 22493 1969 1969 0 1.245556992 7.359751105 -11.65398618 12.62099415 24.27498032 -32.64943547 16.19072529 48.84016076 -0.8106395663 14.41342162 35.40887091 204.1639166 0.9918131685
13 211354 8043 8043 0 -1.01410623 6.804199859 -8.538223271 11.5748488 20.11307207 -9.573136076 11.97834925 21.55148533 0.4205644538 18.38744668 18.79094713 24.85635103 0.9929638049
14 83118 2499 2499 0 -0.5341058535 39.22155151 -6.187264366 11.44612053 17.6333849 -179.8728597 179.5918129 359.4646725 2.988751912 159.9239572 179.3936753 24.9983813 0.8896011365
15 99615 158 158 0 -3.549279213 82.86551314 -22.19493452 168.9784454 191.17338 -27.31272035 178.4215501 205.7342704 0.5563037295 172.7712085 179.117525 38.04487755 0.2758305441
16 86351 16 16 0 0.344669427 74.58051148 -55.4930794 169.0997472 224.5928266 -176.1553323 175.3223411 351.4776735 0.3372846166 170.9940214 177.3857663 26.09554046 0.6195676577
17 131983 5 5 0 -3.11696392 67.78290283 -4.95472946 132.4401861 137.3949156 -5.192771829 165.9520838 171.1448557 2.234403852 137.632958 171.1448557 29.23662338 0.6042981603
18 113202 599 599 0 -0.3740793165 91.85065893 -174.0496179 175.9743627 350.0239806 -179.0948672 179.950077 359.0449442 0.1430293015 176.7905154 179.972964 32.98216799 0.341165972
19 58422 9885 9885 0 -0.08696069473 5.113312142 -6.553992572 11.37840784 17.93240041 -12.51433672 17.34750864 29.86184536 1.097030385 13.26433443 15.42338272 202.8811097 0.9960331315
20 40578 9009 9009 0 -0.6051841252 4.307215726 -6.402795875 7.516779027 13.9195749 -10.85996209 12.58589168 23.44585377 0.2731279865 10.895403 15.96451566 191.5794045 0.9971779738
21 207812 11577 11577 0 -0.4209264474 10.02560507 -4.604940154 5.524563273 10.12950343 -179.7903721 177.9104477 357.7008198 11.45776704 8.747064391 179.6868613 26.4086306 0.9923262692
22 205844 1538 1538 0 -0.8674360801 31.92214336 -8.45255703 11.14398703 19.59654406 -177.9837765 175.1379657 353.1217422 4.148438711 18.36051736 179.9788641 25.19599345 0.9249505287
23 209561 5671 5671 0 -0.9854348326 61.93702092 -12.2174176 168.3113669 180.5287845 -179.5344786 179.997956 359.5324346 0.7215642761 177.2578075 179.9971739 25.68306189 0.7246936382
24 66799 8986 8986 0 -0.7919112799 5.796240078 -8.273252829 10.98748092 19.26073375 -16.11642863 16.42929269 32.54572132 0.4673344395 12.94797404 20.79114984 203.2411775 0.9948956904
25 74430 6639 6639 0 2.032700718 9.149763956 -12.96867665 10.69608408 23.66476073 -32.82641429 15.30664584 48.13306013 -0.9831931582 19.69069079 39.54842843 204.3893021 0.9873611088
26 107295 4591 4591 0 0.2280330265 103.0302221 -174.1789971 173.9105681 348.0895652 -179.9698574 179.9993353 359.9691927 0.0402209077 178.0337401 179.9962075 23.05621627 0.2327976159
27 164971 48 48 0 -0.02525510066 63.64311416 -173.985978 6.868241954 180.85422 -177.1877892 168.4457313 345.6335205 -1.336497698 176.4541099 179.655921 24.0252873 0.7084388913
28 131577 3015 3015 0 1.274805058 98.25291884 -173.5985053 172.911595 346.5101003 -179.9491434 179.9640936 359.9132371 -0.02517501827 177.9793971 179.9819476 21.86916458 0.2951870249
29 159475 585 585 0 -0.576822868 66.51483914 -175.0956747 146.6732725 321.7689472 -179.7301735 179.3870813 359.1172548 -0.4601740115 176.0842374 179.8395366 25.5899857 0.6970590168
30 150379 3126 3126 0 0.3438954673 7.745699987 -6.618516263 3.151807511 9.770323773 -177.8996494 178.9968413 356.8964907 3.35870169 9.213296498 179.5655736 23.91089845 0.9951339259
31 135159 17181 17181 0 -0.06392411917 1.896432873 -3.001355987 3.31814956 6.319505546 -3.814126648 4.273943172 8.08806982 0.162943679 3.498083748 4.057954443 18.64046081 0.9994523405
32 199547 15743 15743 0 -0.5660589422 6.074627356 -3.639733256 4.51368079 8.153414047 -179.9663656 179.3407584 359.307124 -17.14560865 7.062548694 178.9476961 29.08393883 0.9970407322
33 120656 13458 13458 0 0.3243870765 3.082461658 -5.520998652 4.447413564 9.968412217 -6.200211128 7.68095166 13.88116279 -0.286545301 5.589936657 7.915933442 20.17961715 0.9985536579
34 206228 306 306 0 -1.230940604 84.91047714 -175.3008253 172.2682559 347.5690812 -178.7907787 177.8007221 356.5915008 0.06785056982 177.7924409 179.8966999 25.6663842 0.5105873197
35 211385 9993 9993 0 -0.7518731926 8.983742394 -6.563407828 10.13534978 16.69875761 -10.84328773 162.5989846 173.4422723 11.66387127 14.77696395 167.2405988 24.93889927 0.9917014124

K=36, phase=forward, parameter=eps [km^2/s^2]
cluster representative_source n_cluster n_valid n_missing median std p05 p95 width90 minimum maximum range skewness error95 error_max angle_origin_deg angle_resultant
0 165887 17315 17315 0 -0.9046837068 0.02372888583 -0.9424266009 -0.8653631482 0.07706345268 -0.952095086 -0.8548328673 0.09726221868 0.03985105811 0.05166445042 0.06219473134 nan nan
1 18323 2 2 0 -0.8495274565 0.03547789042 -0.8814575579 -0.8175973552 0.06386020275 -0.885005347 -0.8140495661 0.07095578083 nan 0.06740799179 0.07095578083 nan nan
2 100401 947 947 0 -0.2391256441 0.3660236912 -0.9741639261 -0.1146222479 0.8595416782 -1.013239593 -0.04389160369 0.9693479896 -0.1829722441 0.8372789599 0.8763546271 nan nan
3 34057 982 982 0 -0.1682112321 0.231863021 -0.8854888105 -0.04913563852 0.836353172 -1.020173947 -0.04398107964 0.976192867 -2.38558064 0.7508240573 0.8855091934 nan nan
4 150087 55 55 0 -0.2113722895 0.3353114431 -0.9724484487 -0.1187704729 0.8536779758 -1.020440955 -0.09192509597 0.9285158591 -0.6704046744 0.7864544998 0.8344470061 nan nan
5 17619 12862 12862 0 -0.9219662232 0.04001764227 -0.9934697307 -0.8673662713 0.1261034594 -1.003371352 -0.8546976511 0.1486737009 -0.2022981903 0.07673246422 0.08940108445 nan nan
6 182806 11415 11415 0 -0.1361674584 0.04191573619 -0.1976560079 -0.06522503927 0.1324309687 -0.2021272797 -0.05970854044 0.1424187392 0.1196301578 0.08553535975 0.09000663148 nan nan
7 144422 4376 4376 0 -0.1771031036 0.3002408127 -0.8851105546 -0.05862895234 0.8264816022 -1.020807534 -0.04437929461 0.9764282395 -1.219498459 0.7669488419 0.9026458215 nan nan
8 149492 464 464 0 -0.2109374415 0.3358773293 -0.9082592528 -0.1159888994 0.7922703534 -1.019495257 -0.06609019004 0.953405067 -0.4641484788 0.7000964809 0.8113324852 nan nan
9 135518 7 7 0 -0.1405546712 0.3476556139 -0.931157245 -0.1141491106 0.8170081343 -0.9588840688 -0.1064650305 0.8524190383 -1.204349778 0.7523122122 0.7599962924 nan nan
10 33425 4288 4288 0 -0.9395097684 0.04139557665 -0.9838236883 -0.8557921997 0.1280314886 -0.9915765065 -0.8451594744 0.1464170321 0.4680801602 0.07981412215 0.0904468475 nan nan
11 72492 6705 6705 0 -0.2203712718 0.1314558292 -0.2537309609 -0.1289322124 0.1247987485 -0.9807716408 -0.1222035979 0.8585680429 -4.398399824 0.09721719615 0.7585753238 nan nan
12 22493 1969 1969 0 -0.8237704126 0.2431116132 -0.8815090292 -0.1616214567 0.7198875725 -0.9997486344 -0.04838332581 0.9513653086 1.790200716 0.6579703031 0.771208434 nan nan
13 211354 8043 8043 0 -0.8535948511 0.3426759361 -0.961955199 -0.1143834422 0.8475717568 -0.9741901954 -0.06143144191 0.9127587535 0.73288264 0.8048698301 0.8578218303 nan nan
14 83118 2499 2499 0 -0.2072503542 0.3549522366 -0.9546616959 -0.1147704206 0.8398912753 -1.020392173 -0.06123133881 0.9591608344 -0.4710383259 0.7921248915 0.8578553688 nan nan
15 99615 158 158 0 -0.2111793632 0.3613759262 -0.972242744 -0.1159940552 0.8562486888 -0.9768358444 -0.04671985241 0.930115992 -0.4898178533 0.762404512 0.7669976125 nan nan
16 86351 16 16 0 -0.20972448 0.3787151279 -0.9678719079 -0.09851778081 0.8693541271 -0.9752300855 -0.05015293497 0.9250771505 -0.5663847257 0.8465273266 0.8538855043 nan nan
17 131983 5 5 0 -0.2066282411 0.02778576411 -0.210218544 -0.1468870862 0.06333145781 -0.2103713249 -0.1375403494 0.07283097543 1.672103283 0.07267819455 0.07283097543 nan nan
18 113202 599 599 0 -0.2582698916 0.3539897067 -0.9742683916 -0.1150902064 0.8591781852 -1.018186568 -0.04380499307 0.9743815751 -0.02897577894 0.7872582908 0.8311764673 nan nan
19 58422 9885 9885 0 -0.206556305 0.2373135798 -0.9265903727 -0.1545298523 0.7720605204 -0.9823104063 -0.1425747819 0.8397356243 -2.227802216 0.7008905147 0.7566105483 nan nan
20 40578 9009 9009 0 -0.9503615893 0.05149401891 -1.003376274 -0.854947392 0.1484288821 -1.008564402 -0.8467056529 0.1618587488 0.3341182679 0.1172307217 0.1254724608 nan nan
21 207812 11577 11577 0 -0.9007691368 0.04788151788 -0.9658910377 -0.8339481107 0.131942927 -0.9707001529 -0.8072756823 0.1634244707 0.1032329272 0.07997747386 0.1066499023 nan nan
22 205844 1538 1538 0 -0.2083804516 0.3709673037 -0.9752006814 -0.1156695279 0.8595311535 -1.019554213 -0.05092914045 0.9686250728 -0.3039555089 0.8647165317 0.9090700635 nan nan
23 209561 5671 5671 0 -0.8466367699 0.3229926572 -0.9697074062 -0.1394003767 0.8303070295 -0.97968998 -0.1050467056 0.8746432745 0.836401442 0.710923082 0.7452767531 nan nan
24 66799 8986 8986 0 -0.2246430192 0.1491412155 -0.2560692432 -0.1378411404 0.1182281028 -0.9811158927 -0.1288477664 0.8522681263 -3.88970981 0.1049426284 0.7459075901 nan nan
25 74430 6639 6639 0 -0.2089008723 0.2889784468 -0.9362776824 -0.127557255 0.8087204274 -0.9805593027 -0.1185237468 0.8620355559 -1.423257158 0.7417326601 0.7860142804 nan nan
26 107295 4591 4591 0 -0.2383322614 0.3461289112 -0.9606756775 -0.1178320834 0.8428435941 -0.9923142258 -0.1046652015 0.8876490242 -0.3725321887 0.7751293354 0.8067678837 nan nan
27 164971 48 48 0 -0.2126434369 0.3188143627 -0.9337253034 -0.1347258125 0.7989994909 -0.9762101608 -0.1148490348 0.8613611259 -0.7320385431 0.721457083 0.7639419404 nan nan
28 131577 3015 3015 0 -0.2575812832 0.3596788661 -0.9693104146 -0.08080200261 0.888508412 -1.020820046 -0.05762114139 0.9631989046 -0.122399775 0.7925161222 0.8440257536 nan nan
29 159475 585 585 0 -0.1987437742 0.3180301423 -0.9272925449 -0.1166439837 0.8106485611 -1.020582924 -0.04380055914 0.9767823647 -0.8868229596 0.7290635531 0.822353932 nan nan
30 150379 3126 3126 0 -0.2056300073 0.3334295955 -0.9158062509 -0.1118370186 0.8039692323 -1.01856245 -0.1063082043 0.9122542455 -0.7552591971 0.7945183858 0.8972745847 nan nan
31 135159 17181 17181 0 -0.1226508666 0.03087138324 -0.1740274167 -0.0785015864 0.09552583035 -0.1843322962 -0.07142303598 0.1129092602 -0.1228529446 0.07213922418 0.08244410363 nan nan
32 199547 15743 15743 0 -0.8829085758 0.04167397177 -0.9567729329 -0.8305625925 0.1262103404 -0.9641453987 -0.8074847586 0.1566606401 -0.1915156122 0.07519448925 0.09827232323 nan nan
33 120656 13458 13458 0 -0.1125763837 0.0403294461 -0.1898983991 -0.07017571743 0.1197226817 -0.1961366924 -0.06441410327 0.1317225891 -0.3507474236 0.09522690869 0.101465202 nan nan
34 206228 306 306 0 -0.212117751 0.3606373093 -0.9707947662 -0.1213781639 0.8494166024 -1.015045605 -0.08637899477 0.9286666107 -0.2675122646 0.7821235533 0.8263743925 nan nan
35 211385 9993 9993 0 -0.8724227164 0.3046118447 -0.9663564964 -0.1132493926 0.8531071038 -0.9730003286 -0.05885393284 0.9141463957 1.430560788 0.8044782809 0.8588737407 nan nan

K=36, phase=forward, parameter=e [-]
cluster representative_source n_cluster n_valid n_missing median std p05 p95 width90 minimum maximum range skewness error95 error_max angle_origin_deg angle_resultant
0 165887 17315 17315 0 0.3946793432 0.04252829988 0.3197951118 0.4580893915 0.1382942797 0.2974362006 0.4733718035 0.1759356029 -0.1655774029 0.0964725625 0.1188314737 nan nan
1 18323 2 2 0 0.2765331359 0.08185710727 0.2028617394 0.3502045325 0.1473427931 0.1946760287 0.3583902432 0.1637142145 nan 0.1555285038 0.1637142145 nan nan
2 100401 947 947 0 0.4929133756 0.1501383284 0.1951873242 0.7261196591 0.5309323349 0.1702037848 0.8954250633 0.7252212785 -0.003147140175 0.4768619051 0.5018454444 nan nan
3 34057 982 982 0 0.5953369591 0.1627368124 0.3529463913 0.8829471952 0.5300008039 0.1697258553 0.8952125964 0.7254867411 0.002250096104 0.3246897234 0.5079102594 nan nan
4 150087 55 55 0 0.5056831377 0.1573941946 0.2314636441 0.7161108021 0.484647158 0.1698141831 0.7806098396 0.6107956565 -0.1515259932 0.3194186898 0.3810681509 nan nan
5 17619 12862 12862 0 0.4239177894 0.06715798172 0.3229842799 0.5349450254 0.2119607455 0.2961950764 0.5489652398 0.2527701634 0.05797241705 0.1373838517 0.1641730552 nan nan
6 182806 11415 11415 0 0.6738698242 0.1022011008 0.5216351736 0.8445624863 0.3229273127 0.5101369508 0.8577124764 0.3475755256 0.09556662224 0.2107820906 0.2222803134 nan nan
7 144422 4376 4376 0 0.5732192459 0.1809416382 0.2248448068 0.8603459286 0.6355011219 0.1700181651 0.8942666422 0.7242484771 -0.3936786597 0.4927558309 0.5475824725 nan nan
8 149492 464 464 0 0.4909843181 0.1663807225 0.2165552924 0.7227696712 0.5062143787 0.1710108793 0.842575963 0.6715650838 -0.05739529351 0.2785496969 0.3478623286 nan nan
9 135518 7 7 0 0.6633656596 0.148403759 0.3533992458 0.727201929 0.3738026832 0.3227618847 0.7457509923 0.4229891076 -0.607202276 0.4044400443 0.4229891076 nan nan
10 33425 4288 4288 0 0.4534218633 0.07099425838 0.2990954841 0.5212039833 0.2221084993 0.2751346524 0.532431477 0.2572968247 -0.6265584687 0.1483385318 0.1722993635 nan nan
11 72492 6705 6705 0 0.4636091049 0.1059056681 0.3797802345 0.6914502622 0.3116700277 0.1685723685 0.7077679115 0.539195543 0.2390968435 0.2368056214 0.2893947723 nan nan
12 22493 1969 1969 0 0.2318349628 0.1355090351 0.1889377904 0.6112899549 0.4223521645 0.1697123633 0.884741556 0.7150291927 1.692377276 0.400560035 0.6740116362 nan nan
13 211354 8043 8043 0 0.4420215263 0.1386111368 0.2557148373 0.7266197642 0.4709049269 0.1712937312 0.8535837772 0.6822900459 0.5195973469 0.3064005984 0.4333646113 nan nan
14 83118 2499 2499 0 0.5001207658 0.1387034064 0.2512387784 0.7257797801 0.4745410018 0.1707656349 0.8540429666 0.6832773317 -0.1639742477 0.3581718188 0.4386449622 nan nan
15 99615 158 158 0 0.5001378636 0.1347672617 0.3124340684 0.7227636594 0.410329591 0.2111501826 0.8887012719 0.6775510893 0.174850478 0.2428883916 0.3983757395 nan nan
16 86351 16 16 0 0.5011954853 0.1834875708 0.234380835 0.7646692819 0.5302884469 0.1866941953 0.8805307354 0.6938365401 -0.3575931288 0.4754251314 0.5231117711 nan nan
17 131983 5 5 0 0.4982703594 0.06936785208 0.4893092841 0.6475657489 0.1582564648 0.4889069363 0.6706533025 0.1817463661 1.654469893 0.1813440184 0.1817463661 nan nan
18 113202 599 599 0 0.4434764913 0.1607376197 0.210052435 0.7249681765 0.5149157415 0.1715385983 0.8956290612 0.7240904629 0.6247891488 0.3421971423 0.3774202842 nan nan
19 58422 9885 9885 0 0.5026572152 0.08252529795 0.3561197738 0.6289983359 0.2728785621 0.1942010925 0.6582579544 0.4640568618 -0.5863678293 0.186218551 0.2534628993 nan nan
20 40578 9009 9009 0 0.4704388495 0.08658445303 0.2971008199 0.5489915587 0.2518907388 0.2786443418 0.5562090262 0.2775646844 -0.4528684108 0.2067533742 0.2252098524 nan nan
21 207812 11577 11577 0 0.3879514636 0.08981146966 0.2486682131 0.4946153746 0.2459471616 0.1717135199 0.50184063 0.3301271101 -0.3193171423 0.1624083099 0.2393630031 nan nan
22 205844 1538 1538 0 0.5071099649 0.1284220121 0.2702560915 0.7235400657 0.4532839742 0.1700666531 0.8786828486 0.7086161955 -0.1941820729 0.4658445347 0.5660339731 nan nan
23 209561 5671 5671 0 0.4005244644 0.1275201847 0.2531406263 0.6659111932 0.4127705669 0.1703653047 0.7491650798 0.5787997751 0.6101428598 0.3778102573 0.4610641439 nan nan
24 66799 8986 8986 0 0.4542154403 0.1057354236 0.3744514725 0.6698212319 0.2953697594 0.1688956561 0.6916703032 0.5227746472 0.2334844878 0.2478862723 0.2692516667 nan nan
25 74430 6639 6639 0 0.4953054772 0.09865408529 0.324772444 0.6948046726 0.3700322286 0.1696830203 0.716669296 0.5469862757 -0.04165958948 0.2052002862 0.3602897099 nan nan
26 107295 4591 4591 0 0.4786725214 0.1550840555 0.2473994641 0.7183302681 0.470930804 0.1698731259 0.7504081655 0.5805350396 0.04931013742 0.3052139159 0.3827402541 nan nan
27 164971 48 48 0 0.4838882795 0.1407281256 0.2349098858 0.6774000203 0.4424901345 0.2175986184 0.7255488052 0.5079501868 -0.1359298034 0.2494758783 0.2663006946 nan nan
28 131577 3015 3015 0 0.4574702153 0.1885795687 0.2219631134 0.8074866874 0.585523574 0.1705568463 0.8627442396 0.6921873932 0.3961574306 0.3526154632 0.4040217302 nan nan
29 159475 585 585 0 0.5198340149 0.1615335501 0.2185430957 0.7212481214 0.5027050257 0.1710055509 0.8956399398 0.7246343889 -0.3458915169 0.3064172662 0.3758059249 nan nan
30 150379 3126 3126 0 0.502890997 0.1613804318 0.2306593548 0.7327942411 0.5021348863 0.1703338182 0.7461339861 0.5758001679 -0.259003338 0.4792759498 0.5396014864 nan nan
31 135159 17181 17181 0 0.7069129666 0.07479626519 0.5811778855 0.8128541242 0.2316762386 0.5553751614 0.8297559577 0.2743807963 -0.1392625187 0.1756718997 0.2014746239 nan nan
32 199547 15743 15743 0 0.3547266602 0.07919743523 0.2411864415 0.4806682685 0.239481827 0.1724223495 0.4919483621 0.3195260126 -0.05092041787 0.1556161081 0.2243802001 nan nan
33 120656 13458 13458 0 0.7311517318 0.09809083696 0.5412947503 0.832729104 0.2914343537 0.5254795991 0.8464854474 0.3210058483 -0.3668738051 0.2327747838 0.248589935 nan nan
34 206228 306 306 0 0.4976583646 0.1414230638 0.2345354666 0.709796704 0.4752612374 0.1711696775 0.7939072291 0.6227375516 -0.2581441824 0.3095929432 0.3729587323 nan nan
35 211385 9993 9993 0 0.4420901539 0.1395102618 0.247767609 0.7293767575 0.4816091485 0.1715852171 0.8597500074 0.6881647903 0.75872725 0.3117664927 0.4421397426 nan nan

K=36, phase=forward, parameter=w [deg]
cluster representative_source n_cluster n_valid n_missing median std p05 p95 width90 minimum maximum range skewness error95 error_max angle_origin_deg angle_resultant
0 165887 17315 17315 0 -0.2799614208 3.421934524 -4.893834356 6.220426284 11.11426064 -5.384549706 8.427678423 13.81222813 0.3571800373 6.731960135 8.939212273 355.8716441 0.9982177033
1 18323 2 2 0 0 7.781846666 -7.003661999 7.003661999 14.007324 -7.781846666 7.781846666 15.56369333 nan 14.78550866 15.56369333 120.8524591 0.9907907902
2 100401 947 947 0 24.11197089 85.90997882 -146.927073 47.07837561 194.0054486 -158.0919311 58.32902426 216.4209554 -0.1765891066 178.7680082 179.9361779 305.587875 0.1138931538
3 34057 982 982 0 -0.7019545425 54.21025942 -149.1921916 20.255238 169.4474296 -179.7110249 179.5516433 359.2626683 -0.1218306582 170.1223037 179.8078008 296.2350424 0.7930815546
4 150087 55 55 0 2.604678333 100.2112502 -176.9367749 174.6789997 351.6157746 -179.4907974 178.3382574 357.8290548 -0.00630909012 177.8961489 179.1513868 142.8649004 0.3085482472
5 17619 12862 12862 0 -0.5810199224 4.634052755 -6.412942706 8.270021443 14.68296415 -7.058523338 13.07197942 20.13050276 0.4419024462 8.965270963 13.76722894 296.4680155 0.9967333543
6 182806 11415 11415 0 -0.6911506144 7.430533227 -11.69646425 13.68304123 25.37950548 -16.02232842 18.7477299 34.77005832 0.2725623011 21.49150383 26.5561925 189.7807505 0.9916200064
7 144422 4376 4376 0 -0.7102701924 79.77902444 -164.4985763 170.3421741 334.8407504 -179.9583407 179.9473301 359.9056708 0.2315210377 173.7212555 179.9923185 274.9887567 0.5382588393
8 149492 464 464 0 2.861857712 96.81235591 -175.0508172 173.7590712 348.8098883 -179.9538713 179.5402065 359.4940778 -0.006558253686 178.1111074 179.9953812 43.04901789 0.2342155925
9 135518 7 7 0 -9.774838153 74.70771794 -23.83042571 154.2515135 178.0819392 -27.96984294 155.6679433 183.6377862 1.154928994 174.4054683 176.3622138 251.6570338 0.4322064981
10 33425 4288 4288 0 -1.620316341 9.443585315 -13.3943906 17.86008544 31.25447604 -16.1441889 25.47589837 41.62008726 0.5054558929 28.31165911 35.92747204 327.9244869 0.9864930431
11 72492 6705 6705 0 -0.1546820614 33.10460195 -13.08738748 13.6661089 26.75349638 -179.8674871 179.8927264 359.7602135 -0.8161948654 18.55997072 179.9556973 201.5185181 0.92078854
12 22493 1969 1969 0 -0.4464585904 63.92520117 -21.18657265 170.4668212 191.6533939 -179.7187961 179.688984 359.40778 1.600971078 175.5949031 179.9762001 158.6251988 0.6640614749
13 211354 8043 8043 0 -2.268556681 98.1410695 -175.9125306 176.899095 352.8116255 -179.9845876 179.9944294 359.979017 0.02304720775 178.1175328 179.9987195 39.88516763 0.3446915064
14 83118 2499 2499 0 5.61417858 85.35155186 -169.5329472 19.68873516 189.2216823 -179.2901751 178.2096379 357.499813 -0.4213006603 178.8499223 179.9857892 294.5299899 0.2359682091
15 99615 158 158 0 -3.592072146 88.70531117 -176.8213929 27.34873388 204.1701268 -178.5737459 179.4564024 358.0301482 -0.3097688555 176.7749289 179.7207822 88.01335313 0.2372907804
16 86351 16 16 0 2.716878365 83.63002589 -174.4974395 29.94472467 204.4421642 -178.0899273 34.66650834 212.7564356 -0.5790438017 167.671793 170.815551 190.5338773 0.264335338
17 131983 5 5 0 0.6266137685 3.843769414 -4.376166938 5.023772548 9.399939486 -4.470707341 5.758127098 10.22883444 0.246101866 9.494479889 10.22883444 268.3903734 0.9977510762
18 113202 599 599 0 36.70339279 88.67556741 -135.1796608 69.42742787 204.6070887 -144.6227843 79.41557078 224.0383551 -0.04530869467 177.8120506 179.9423221 308.0949314 0.04111732434
19 58422 9885 9885 0 -0.3996520315 60.43407987 -165.8182358 161.7908882 327.609124 -179.9854943 179.9872818 359.9727761 -0.1328793969 172.221522 179.9848951 168.5287627 0.7475983387
20 40578 9009 9009 0 0.08811415635 6.401720955 -11.08640709 10.76623184 21.85263893 -14.35278632 17.33474761 31.68753393 0.01289626773 12.46619337 17.14029324 308.044405 0.9937747394
21 207812 11577 11577 0 -0.7000691164 5.230462707 -7.179257133 8.322864737 15.50212187 -11.14991607 35.61424557 46.76416164 1.491655408 11.19244774 38.48382858 17.41587445 0.995858337
22 205844 1538 1538 0 15.64856221 84.92854748 -154.7858055 34.62795828 189.4137638 -175.0074196 42.38377818 217.3911977 -0.2917336285 174.0003801 179.8068487 296.798309 0.1636560468
23 209561 5671 5671 0 -3.608204415 96.0217618 -176.9408596 175.480988 352.4218476 -179.999645 179.9995483 359.9991934 -0.01290863589 174.8470055 179.9637709 53.01140116 0.3819611033
24 66799 8986 8986 0 -0.6840291649 37.36901101 -9.715864269 13.27723348 22.99309775 -179.6974038 179.9958903 359.6932941 -0.3230903333 15.6751725 179.9956501 183.6416475 0.9019554105
25 74430 6639 6639 0 -0.04145993621 79.66318781 -174.915313 175.2995256 350.2148386 -179.9946816 179.981544 359.9762256 -0.06633588756 177.6544369 179.9951444 222.0382414 0.577613717
26 107295 4591 4591 0 -1.46055838 104.2667557 -171.7420186 172.2562832 343.9983018 -179.9897511 179.9964221 359.9861732 -0.06529105693 175.8243793 179.9925979 250.5734427 0.1931962951
27 164971 48 48 0 -0.3046456414 96.85342702 -168.5952136 172.2592784 340.854492 -179.3003576 175.1240435 354.424401 0.0277193722 177.0005635 178.5240064 172.537955 0.3319311304
28 131577 3015 3015 0 -15.16928584 92.35681459 -31.39987603 171.8832933 203.2831693 -179.8306878 179.8509646 359.6816524 0.01060207641 176.8806331 179.9811175 286.2435715 0.09074922726
29 159475 585 585 0 -0.3115855788 92.37830305 -177.0315589 173.2165674 350.2481263 -179.9680505 179.9829775 359.951028 -0.09091533119 177.5394327 179.9496649 29.70728106 0.4092385515
30 150379 3126 3126 0 3.366300104 87.31168462 -167.7872954 18.68638815 186.4736836 -179.9671585 179.9939911 359.9611496 -0.2732231395 174.000559 179.864876 282.6747423 0.3669446936
31 135159 17181 17181 0 -0.2939901135 4.33970079 -6.310836643 7.376422405 13.68725905 -6.937070863 10.94061738 17.87768824 0.2748093814 8.032392848 11.59658782 157.813515 0.9971344607
32 199547 15743 15743 0 -0.196308631 4.132225314 -6.384131673 6.56856902 12.95270069 -8.255322798 22.21134906 30.46667186 0.4293331158 8.396502374 24.03928241 6.437872083 0.9974031116
33 120656 13458 13458 0 -0.3988170539 5.169820162 -7.79479022 8.963279439 16.75806966 -10.78177745 12.81867549 23.60045294 0.2181955574 9.758361114 13.5023333 172.4230972 0.9959354463
34 206228 306 306 0 9.27928495 87.73240719 -169.0621549 28.01712659 197.0792815 -176.2313605 178.7652943 354.9966548 -0.2182053714 176.9356356 179.7490069 52.64955922 0.1354933594
35 211385 9993 9993 0 -1.333033142 78.89745711 -175.7503535 174.6841571 350.4345106 -179.9959203 179.9987911 359.9947114 0.1069563215 177.5994094 179.9997271 28.63854448 0.5896342133

K=41, STD=0.01897900641
n = trajectories per cluster; conditions overlap.
n = 1: clusters=0/41 (0.00%); trajectories=0/194058 (0.00%)
n < 10: clusters=3/41 (7.32%); trajectories=13/194058 (0.01%)
n < 100: clusters=7/41 (17.07%); trajectories=177/194058 (0.09%)

K=41, phase=backward, parameter=eps [km^2/s^2]
cluster representative_source n_cluster n_valid n_missing median std p05 p95 width90 minimum maximum range skewness error95 error_max angle_origin_deg angle_resultant
0 121224 13092 13092 0 -0.1092980417 0.04024225263 -0.1887409035 -0.07046122323 0.1182796803 -0.1952453108 -0.06485327167 0.1303920392 -0.3919291888 0.08096765066 0.08747205798 nan nan
1 18323 2 2 0 -0.4690906312 0.3478261536 -0.7821341694 -0.156047093 0.6260870764 -0.8169167848 -0.1212644777 0.6956523071 nan 0.6608696917 0.6956523071 nan nan
2 98433 638 638 0 -0.2111066832 0.3274451797 -0.9695276015 -0.1135618713 0.8559657302 -1.020553626 -0.04380722131 0.9767464045 -0.8746987617 0.7835870058 0.8346130301 nan nan
3 33827 909 909 0 -0.8672632984 0.04654022746 -0.9580570073 -0.8134967034 0.1445603038 -1.020836128 -0.8062084723 0.214627656 -0.6118890457 0.08073896896 0.132935595 nan nan
4 164684 67 67 0 -0.1968343201 0.2439950128 -0.9042088726 -0.1157903666 0.788418506 -0.977039865 -0.1064673829 0.8705724821 -2.12388804 0.7099942873 0.7828252797 nan nan
5 17619 12862 12862 0 -0.9035903105 0.03515547819 -0.9744580695 -0.8613190991 0.1131389704 -0.9928130156 -0.8519979305 0.1408150851 -0.4577488576 0.06101935314 0.07607706028 nan nan
6 207815 13742 13742 0 -0.2249316258 0.05062717553 -0.2501644893 -0.1326304113 0.117534078 -0.8107012563 -0.1256066918 0.6850945646 -4.117944296 0.09655502582 0.5818527428 nan nan
7 151853 2854 2854 0 -0.1693181575 0.05003005805 -0.2416736888 -0.06509105872 0.1765826301 -0.2593276385 -0.04391779137 0.2154098471 0.31348167 0.1112968531 0.1324701205 nan nan
8 149492 413 413 0 -0.2029189253 0.3028848182 -0.899543771 -0.113824473 0.785719298 -0.9757175925 -0.1065462382 0.8691713543 -1.100590557 0.7252048441 0.8013786656 nan nan
9 135518 6 6 0 -0.1963788319 0.3181916373 -0.8258968552 -0.1161837605 0.7097130947 -1.017669023 -0.1143848122 0.9032842111 -2.299179485 0.6730524035 0.8648245716 nan nan
10 33425 4276 4276 0 -0.9495666531 0.0394927263 -0.9840477259 -0.8595553986 0.1244923273 -0.9985887565 -0.8451401247 0.1534486318 0.7150681728 0.07389800209 0.08831327601 nan nan
11 72883 6489 6489 0 -0.9093118843 0.04875445817 -0.9677708863 -0.8279176527 0.1398532336 -0.9808263892 -0.8063735576 0.1744528316 0.2247809453 0.07637383542 0.09677951819 nan nan
12 204518 2132 2132 0 -0.2467436319 0.3230092659 -0.9547456539 -0.06813137138 0.8866142825 -1.020134973 -0.04994892822 0.9701860445 -0.8235019219 0.7434293775 0.8088186963 nan nan
13 212089 8777 8777 0 -0.2103415303 0.03410849248 -0.2446323309 -0.1277925875 0.1168397434 -0.812685433 -0.07390633362 0.7387790994 -1.02312039 0.07627705951 0.6086961841 nan nan
14 205453 1585 1585 0 -0.1865125383 0.03828401739 -0.2137486381 -0.1138752263 0.0998734118 -0.2584258867 -0.04443127158 0.2139946151 0.4351371422 0.07073061776 0.1392052157 nan nan
15 119732 171 171 0 -0.2093712502 0.3373559359 -0.9690231437 -0.1168083651 0.8522147786 -0.9770401771 -0.07489050235 0.9021496748 -0.8213892752 0.7603168189 0.7683338523 nan nan
16 181737 10 10 0 -0.1786925102 0.2723479171 -0.8262330792 -0.08533407599 0.7408990032 -0.8282834719 -0.08004922341 0.7482342485 -1.667339141 0.734439739 0.7364901317 nan nan
17 131983 5 5 0 -0.1650838202 0.3028923993 -0.7745440715 -0.1336164932 0.6409275783 -0.9166889312 -0.1302674045 0.7864215267 -2.198007291 0.6275312234 0.7696760831 nan nan
18 141617 402 402 0 -0.2431730517 0.3179241915 -0.9669661898 -0.1150230516 0.8519431382 -1.018367772 -0.04390831563 0.974459456 -0.8760483241 0.7379939758 0.7893955577 nan nan
19 165603 16631 16631 0 -0.1977402129 0.02474333564 -0.2312519303 -0.1528973463 0.07835458395 -0.2368262012 -0.1421443213 0.09468187987 0.2496305324 0.06560178036 0.07635480539 nan nan
20 40578 9009 9009 0 -0.9817054132 0.04852572145 -1.003512052 -0.8557279412 0.1477841111 -1.008654727 -0.8465284365 0.1621262907 1.031010198 0.1149332113 0.124132716 nan nan
21 45237 3702 3702 0 -0.868102562 0.05030639173 -0.9747279396 -0.8318546994 0.1428732402 -0.9804838093 -0.8067280478 0.1737557615 -0.5046011784 0.1287879931 0.1345438628 nan nan
22 205841 811 811 0 -0.1911979575 0.03979955834 -0.2307587061 -0.11460612 0.116152586 -0.2583239078 -0.04415323856 0.2141706692 0.5739794312 0.07087280353 0.1406639158 nan nan
23 215309 5776 5776 0 -0.1946481767 0.06717716811 -0.2396028543 -0.1186057469 0.1209971074 -0.9703572315 -0.08126439218 0.8890928393 -7.837070207 0.07029955394 0.7861454882 nan nan
24 67173 8662 8662 0 -0.8964841995 0.04445830709 -0.9603994718 -0.8344365084 0.1259629633 -0.981038344 -0.8066197627 0.1744185812 0.05127033262 0.0724000281 0.09642857928 nan nan
25 74432 5605 5605 0 -0.9003140481 0.0442082263 -0.9666213453 -0.8321935107 0.1344278345 -0.9805267118 -0.8066103601 0.1739163517 0.07685618341 0.07498540715 0.09062777892 nan nan
26 112234 3373 3373 0 -0.2413898929 0.3271798855 -0.9486029086 -0.108353065 0.8402498436 -1.016166402 -0.09061842683 0.9255479747 -0.6600604653 0.7436857799 0.8112492729 nan nan
27 166403 32 32 0 -0.1913429311 0.2809701131 -0.9029606115 -0.1165859211 0.7863746904 -0.9721623627 -0.1149837325 0.8571786302 -1.64174944 0.7069951188 0.77619687 nan nan
28 144422 3810 3810 0 -0.1656195941 0.2327790153 -0.8361239611 -0.04860323247 0.7875207286 -1.020739299 -0.04399860248 0.9767406965 -2.177846718 0.6725976515 0.8572129894 nan nan
29 155091 544 544 0 -0.1824949826 0.2383051871 -0.8346338969 -0.115918472 0.7187154249 -1.002368343 -0.04387907749 0.9584892652 -2.066379189 0.6522941996 0.8200286454 nan nan
30 153900 2256 2256 0 -0.1688477412 0.05274629024 -0.2143362544 -0.1093622532 0.1049740012 -1.020778602 -0.04511806951 0.9756605325 -5.027038572 0.06918051058 0.8488900913 nan nan
31 136639 16522 16522 0 -0.1235497882 0.03090841591 -0.1733285933 -0.07847989651 0.09484869678 -0.1829165942 -0.07157441741 0.1113421768 -0.08025075913 0.05967586301 0.06926386393 nan nan
32 182807 9053 9053 0 -0.1270617807 0.04017008032 -0.1959647371 -0.06555264546 0.1304120917 -0.2005658935 -0.06098087863 0.1395850148 -0.09593367379 0.06705376193 0.07031412523 nan nan
33 198441 15183 15183 0 -0.2255259939 0.04180775693 -0.2466273918 -0.1400457206 0.1065816712 -0.8152036524 -0.1320099398 0.6831937126 -2.629120613 0.09476607766 0.5805024645 nan nan
34 206425 270 270 0 -0.2010294137 0.3081749453 -0.9572609781 -0.1175922645 0.8396687136 -1.020754723 -0.1080591655 0.9126955577 -1.143972594 0.7665650616 0.8300588068 nan nan
35 98442 8617 8617 0 -0.1566706923 0.04462889451 -0.2207778975 -0.06727661181 0.1535012857 -0.2571313972 -0.05881779331 0.1983136039 0.1914085251 0.1220430298 0.1305018483 nan nan
36 58099 9619 9619 0 -0.9016609584 0.02932817323 -0.9457453217 -0.8566653363 0.08907998549 -0.9822563133 -0.8154048336 0.1668514797 -0.1304714033 0.05699819009 0.08925335368 nan nan
37 20733 1652 1652 0 -0.8261996647 0.04108547996 -0.9544133475 -0.8124546623 0.1419586852 -1.014745879 -0.8072504362 0.2074954424 -2.209454881 0.1300192391 0.1903517701 nan nan
38 34059 760 760 0 -0.8789066714 0.05425957871 -0.975407553 -0.8185530318 0.1568545212 -0.9803732372 -0.8066952124 0.1736780248 -0.2913279457 0.08424682296 0.08914294274 nan nan
39 141427 55 55 0 -0.2315193294 0.357435081 -0.971761013 -0.05409558845 0.9176654246 -1.009825645 -0.04383479669 0.9659908487 -0.6276791914 0.8236020684 0.8616667008 nan nan
40 183730 3684 3684 0 -0.195941577 0.1046055246 -0.2538085077 -0.123277857 0.1305306506 -0.9780238052 -0.1053187096 0.8727050957 -5.963851316 0.09317719591 0.7652135348 nan nan

K=41, phase=backward, parameter=e [-]
cluster representative_source n_cluster n_valid n_missing median std p05 p95 width90 minimum maximum range skewness error95 error_max angle_origin_deg angle_resultant
0 121224 13092 13092 0 0.7390085068 0.09784539009 0.5443067318 0.8320475051 0.2877407733 0.5277637199 0.8454368188 0.3176730989 -0.4067025606 0.1983689174 0.2149119293 nan nan
1 18323 2 2 0 0.4565134131 0.2534864797 0.2283755814 0.6846512448 0.4562756634 0.2030269335 0.7099998928 0.5069729593 nan 0.4816243114 0.5069729593 nan nan
2 98433 638 638 0 0.5017276677 0.1562035633 0.2104311758 0.7286560675 0.5182248917 0.1683444931 0.8956261106 0.7272816175 0.02716718424 0.3427893595 0.3821233756 nan nan
3 33827 909 909 0 0.3240477774 0.0919648024 0.191376368 0.482663627 0.291287259 0.168193931 0.5729713754 0.4047774444 0.2724238238 0.180171356 0.2091050032 nan nan
4 164684 67 67 0 0.5233893204 0.1290064948 0.2613998514 0.7232791038 0.4618792525 0.1950360604 0.7457457449 0.5507096845 -0.5350409967 0.2686631603 0.3350269513 nan nan
5 17619 12862 12862 0 0.3920922439 0.06104329889 0.3105435496 0.507150244 0.1966066944 0.2903377742 0.5339720413 0.243634267 0.3008042432 0.1084897563 0.1248169516 nan nan
6 207815 13742 13742 0 0.4504137482 0.1030814823 0.3803111191 0.6825002051 0.302189086 0.1686206811 0.6995299638 0.5309092827 0.6369185231 0.2433847597 0.2713167464 nan nan
7 151853 2854 2854 0 0.5926247734 0.1243233088 0.4051332894 0.8448273096 0.4396940202 0.3533386986 0.8953605839 0.5420218853 0.235972289 0.2698197888 0.3203530631 nan nan
8 149492 413 413 0 0.5087326118 0.1653332344 0.2205629002 0.7280381756 0.5074752755 0.1766930037 0.7455576376 0.5688646338 -0.3893177447 0.3595505058 0.4034204022 nan nan
9 135518 6 6 0 0.6009994736 0.1358998263 0.3858689857 0.722338147 0.3364691613 0.3783771875 0.7266730058 0.3482958183 -0.4290527951 0.2473969565 0.2548887547 nan nan
10 33425 4276 4276 0 0.4695114864 0.06732408458 0.3072313709 0.5215175878 0.2142862169 0.2750979753 0.5423682232 0.2672702479 -0.8818820569 0.1361238737 0.1682572693 nan nan
11 72883 6489 6489 0 0.4028318017 0.09142956806 0.2343035794 0.4974348744 0.263131295 0.168591401 0.5168085872 0.3482171861 -0.4449921997 0.1579439306 0.2236561089 nan nan
12 204518 2132 2132 0 0.4593401509 0.1917290804 0.2353077525 0.8377052493 0.6023974968 0.1707978864 0.881015617 0.7102177306 0.502613456 0.3511958776 0.3945062453 nan nan
13 212089 8777 8777 0 0.4891241307 0.08190010977 0.3963141906 0.6941920098 0.2978778192 0.1780309565 0.8237715429 0.6457405864 0.9532075658 0.188740481 0.3277012415 nan nan
14 205453 1585 1585 0 0.5502058531 0.09531674242 0.479894724 0.7278993938 0.2480046698 0.356048273 0.8941426313 0.5380943582 0.3800898106 0.1758399257 0.3366890045 nan nan
15 119732 171 171 0 0.4989331245 0.1345279741 0.2470174556 0.7207865706 0.4737691151 0.1847104208 0.8215973791 0.6368869582 -0.1063185314 0.2554682754 0.329564442 nan nan
16 181737 10 10 0 0.5689229478 0.1921916289 0.227777682 0.7966671748 0.5688894928 0.222581726 0.8092903385 0.5867086125 -0.5188644652 0.5534611816 0.5586571376 nan nan
17 131983 5 5 0 0.6031031235 0.09986692628 0.4323225258 0.6800290655 0.2477065397 0.4154081001 0.6881484709 0.2727403708 -0.602057177 0.2152289183 0.2321433439 nan nan
18 141617 402 402 0 0.4566111443 0.1547652785 0.2197346275 0.7251265756 0.5053919481 0.1711891509 0.8953803856 0.7241912347 0.4926336156 0.2868816051 0.4571354151 nan nan
19 165603 16631 16631 0 0.5207439207 0.0632179501 0.4326828082 0.6329840425 0.2003012343 0.4174509838 0.6593194426 0.2418684589 0.2088104766 0.1661414604 0.1924768606 nan nan
20 40578 9009 9009 0 0.5180496615 0.08122606797 0.2989006581 0.549191392 0.2502907339 0.2782347315 0.5563450703 0.2781103389 -1.150446 0.2026801099 0.2233460366 nan nan
21 45237 3702 3702 0 0.3257146691 0.09385618495 0.2437337027 0.5078721125 0.2641384098 0.1697351995 0.5163006971 0.3465654976 0.3258219775 0.2297251788 0.2381537634 nan nan
22 205841 811 811 0 0.5377196297 0.09953045586 0.4334039437 0.7263348856 0.2929309419 0.3562775121 0.8948018977 0.5385243857 0.5095413193 0.17358153 0.3403148909 nan nan
23 215309 5776 5776 0 0.5293500639 0.09258667762 0.4126893615 0.7164565248 0.3037671633 0.1788195382 0.8061663995 0.6273468613 0.5258120437 0.1741374464 0.3773659932 nan nan
24 67173 8662 8662 0 0.380175932 0.08369244329 0.25099644 0.4862816752 0.2352852352 0.1698494902 0.5171054275 0.3472559373 -0.2657892475 0.1410141831 0.2221611329 nan nan
25 74432 5605 5605 0 0.3869821423 0.08354470186 0.2439471669 0.4957311426 0.2517839757 0.1694347377 0.5163608511 0.3469261134 -0.3154966033 0.1377156671 0.2122280962 nan nan
26 112234 3373 3373 0 0.459923342 0.1648283708 0.2424983862 0.7412641718 0.4987657855 0.1707602091 0.7840379403 0.6132777312 0.2323023287 0.2632034221 0.3310785961 nan nan
27 166403 32 32 0 0.5376644643 0.1502097012 0.2396258102 0.7213243261 0.4816985159 0.2058710207 0.7252064374 0.5193354167 -0.6989684599 0.2859791844 0.3197339739 nan nan
28 144422 3810 3810 0 0.601799233 0.1654840174 0.2442320584 0.8842133382 0.6399812798 0.1700000448 0.895168798 0.7251687532 -0.4895423519 0.3627434153 0.4369754289 nan nan
29 155091 544 544 0 0.55969528 0.1431285911 0.2463355098 0.723024077 0.4766885672 0.170063584 0.8954556795 0.7253920954 -0.6693230549 0.3170735484 0.3900216145 nan nan
30 153900 2256 2256 0 0.5939763005 0.1045902547 0.4784125858 0.7387841147 0.2603715289 0.1705784883 0.8925115594 0.7219330711 -0.02747651308 0.1707889617 0.4156944671 nan nan
31 136639 16522 16522 0 0.7047541549 0.07486913812 0.5829415296 0.8129278855 0.2299863559 0.5589407119 0.8293935072 0.2704527953 -0.09584015454 0.1456301803 0.169630998 nan nan
32 182807 9053 9053 0 0.6960074952 0.097828459 0.5258602848 0.8437649023 0.3179046175 0.514173653 0.8546773778 0.3405037248 -0.1211544591 0.1634141526 0.1719900323 nan nan
33 198441 15183 15183 0 0.4482301836 0.0955648355 0.3901672575 0.6644331163 0.2742658588 0.1799495209 0.6839935777 0.5040440568 0.6496259418 0.2408044527 0.2603110332 nan nan
34 206425 270 270 0 0.5142704851 0.1443984909 0.234714993 0.7189215283 0.4842065353 0.1728107296 0.7419365959 0.5691258663 -0.5242061353 0.3049178684 0.3668221318 nan nan
35 98442 8617 8617 0 0.6238038735 0.1102886806 0.4615202211 0.8396199874 0.3780997664 0.3599229325 0.8598376402 0.4999147077 0.117767702 0.2977410244 0.3179586771 nan nan
36 58099 9619 9619 0 0.3894036699 0.0531164432 0.3015689903 0.4634075965 0.1618386063 0.1991275711 0.5188881617 0.3197605907 -0.1516086024 0.1037038073 0.1956465126 nan nan
37 20733 1652 1652 0 0.228985742 0.08280361443 0.1884064023 0.4770430106 0.2886366083 0.1712212675 0.5647659358 0.3935446682 1.950738296 0.2529229958 0.3406459209 nan nan
38 34059 760 760 0 0.346650245 0.1031645019 0.2078488208 0.5087825661 0.3009337453 0.1698247327 0.5161493138 0.3463245811 0.08778716702 0.162227284 0.2002513721 nan nan
39 141427 55 55 0 0.4925130161 0.1536190892 0.270219214 0.8710723025 0.6008530885 0.2366828967 0.8955575814 0.6588746847 0.8300791848 0.3745845389 0.4081208561 nan nan
40 183730 3684 3684 0 0.5262688175 0.1041271739 0.3731186363 0.7051669877 0.3320483514 0.1725934887 0.7485117459 0.5759182573 0.04747789102 0.2235238671 0.3095940891 nan nan

K=41, phase=backward, parameter=w [deg]
cluster representative_source n_cluster n_valid n_missing median std p05 p95 width90 minimum maximum range skewness error95 error_max angle_origin_deg angle_resultant
0 121224 13092 13092 0 0.3191428771 2.962662603 -5.363156352 4.035267224 9.398423576 -6.033996792 7.102576006 13.1365728 -0.3397696768 5.404356366 7.28912949 20.07157567 0.9986638256
1 18323 2 2 0 1.563194019e-13 89.31602696 -80.38442427 80.38442427 160.7688485 -89.31602696 89.31602696 178.6320539 nan 169.7004512 178.6320539 296.3150682 0.01193729798
2 98433 638 638 0 -0.2070727201 87.37516529 -172.7338621 174.8956769 347.6295389 -179.6563161 179.4495717 359.1058878 0.2393226789 175.9772009 179.6778637 31.66043107 0.4117974828
3 33827 909 909 0 -0.9197603687 9.505007732 -18.25664829 16.99876998 35.25541828 -28.51143893 19.50005208 48.01149102 -0.3726764762 20.66377806 26.61706759 200.1962988 0.9863625761
4 164684 67 67 0 0.368475547 63.34396393 -171.6209627 120.4370212 292.0579838 -177.3707344 179.2410845 356.6118189 -0.2183547156 176.4248809 179.3661869 24.49728684 0.7319881277
5 17619 12862 12862 0 -0.5091442517 3.670188561 -5.436078716 6.561123553 11.99720227 -6.687918563 8.504550272 15.19246884 0.3186450737 6.560094972 8.119602506 186.8133776 0.9979498935
6 207815 13742 13742 0 -0.3888225843 9.660486409 -5.136837999 6.172253284 11.30909128 -179.6705914 179.5777784 359.2483697 12.87194315 9.070941714 179.8798221 26.28884988 0.9927548142
7 151853 2854 2854 0 0.4052394459 3.390052049 -6.843768728 3.122458916 9.966227645 -13.24584972 12.60631997 25.85216969 -0.4903499524 9.342688075 15.06792 23.86095642 0.9982530504
8 149492 413 413 0 -0.6448616398 87.39172616 -175.5566601 174.410133 349.966793 -179.7546626 179.9859073 359.7405699 -0.04639519952 176.8930433 179.9192633 24.70139282 0.4933044872
9 135518 6 6 0 -3.422766404 60.15565941 -9.738457923 117.8704021 127.6088601 -9.829993925 156.1949517 166.0249456 2.411010042 125.9512662 164.2758158 32.51010897 0.6742240925
10 33425 4276 4276 0 -2.14283203 8.337102975 -10.86179444 14.90436646 25.7661609 -11.56089561 18.43752233 29.99841793 0.397459551 25.05384027 28.58699613 200.9833951 0.9894504701
11 72883 6489 6489 0 -0.3068351344 6.843271489 -10.07212174 9.2904559 19.36257764 -28.59349235 15.88068975 44.4741821 -0.3674594411 15.32082511 33.84219572 203.8072925 0.9928993519
12 204518 2132 2132 0 1.839500878 90.91686819 -172.1235682 173.316783 345.4403512 -179.9949728 179.8775038 359.8724766 -0.1227616865 176.1262117 179.9602027 20.89569057 0.4093007461
13 212089 8777 8777 0 -1.551347441 6.476505914 -6.625313075 11.34946888 17.97478195 -7.564862994 162.2421858 169.8070487 5.728976601 16.56310614 167.455823 23.86688193 0.9943003494
14 205453 1585 1585 0 -0.526588507 4.992067751 -6.891635329 9.943878602 16.83551393 -13.96919608 11.81070488 25.77990096 0.2991572896 16.83780877 18.70463505 24.58742002 0.9962121872
15 119732 171 171 0 -3.666764322 80.71972441 -16.76796486 171.6692655 188.4372304 -177.2530857 178.2284249 355.4815106 0.7186308672 169.5685811 179.2832542 32.38767523 0.3858356939
16 181737 10 10 0 1.210171558 79.00999872 -101.1298872 103.5980636 204.7279508 -173.527239 177.9504345 351.4776735 0.05875714014 165.8190856 169.6541325 23.4674471 0.5907516499
17 131983 5 5 0 -3.11696392 67.78290283 -4.95472946 132.4401861 137.3949156 -5.192771829 165.9520838 171.1448557 2.234403852 137.632958 171.1448557 29.23662338 0.6042981603
18 141617 402 402 0 -0.2427739843 88.44319448 -172.7020983 177.19965 349.9017483 -178.9060815 179.3258634 358.2319449 0.2268953652 177.1927483 179.9478265 31.2118939 0.416436367
19 165603 16631 16631 0 0.04540342211 1.587636159 -2.882485363 2.467961952 5.350447315 -3.916328485 3.09796221 7.014290695 -0.2494288354 3.218538661 4.252381783 30.06690273 0.9996161514
20 40578 9009 9009 0 -0.6051841252 4.307215726 -6.402795875 7.516779027 13.9195749 -10.85996209 12.58589168 23.44585377 0.2731279865 10.895403 15.96451566 191.5794045 0.9971779738
21 45237 3702 3702 0 3.152764098 10.61478182 -14.02443995 12.88243988 26.90687983 -33.6890997 14.55557001 48.24466971 -0.9527193117 22.74396744 42.40862718 205.1415053 0.9830196697
22 205841 811 811 0 -0.8358907226 6.590007758 -11.38652148 10.57828973 21.96481121 -15.21096471 11.25649536 26.46746008 0.05796770043 18.63263827 19.3108439 25.80664061 0.9934034376
23 215309 5776 5776 0 -0.933461586 14.24861439 -10.14554926 11.14367892 21.28922819 -178.0107414 166.509033 344.5197745 7.772556231 21.05651661 176.42033 25.36650124 0.9811153313
24 67173 8662 8662 0 -0.7221459794 5.753020263 -8.165457212 11.06741946 19.23287667 -13.59996218 16.44386527 30.04382745 0.4874745185 12.56316249 17.99766746 203.2266049 0.994971504
25 74432 5605 5605 0 1.878890842 8.62902885 -12.5021517 9.758804417 22.26095612 -32.36659914 15.71865136 48.0852505 -1.025903827 19.33832228 39.20276971 203.9758206 0.9887533637
26 112234 3373 3373 0 0.09179507378 96.98843993 -174.2041195 171.7044181 345.9085376 -179.9867793 179.9424936 359.9292729 -0.05365011615 177.5754184 179.9959062 23.82096156 0.3242651796
27 166403 32 32 0 -0.5833676133 73.76979495 -175.3961985 80.76171918 256.1579177 -178.6897148 167.5938768 346.2835916 -0.4830180509 176.3641565 179.6576728 25.52721289 0.6254327623
28 144422 3810 3810 0 1.162613796 58.69725091 -171.1073762 11.25178198 182.3591582 -179.9897305 179.9251317 359.9148622 -0.8568673463 173.6794964 179.9979728 22.49788808 0.7589328828
29 155091 544 544 0 -0.3009461351 62.47827058 -174.9343178 11.08599839 186.0203162 -178.7648375 178.6762645 357.441102 -0.7174042481 175.9230568 179.6379687 25.24116198 0.7324310177
30 153900 2256 2256 0 -0.1056777206 8.241773619 -4.973382338 5.885214078 10.85859642 -13.78527348 172.2746769 186.0599504 16.31443178 7.60318411 171.9895093 24.44299351 0.9940499257
31 136639 16522 16522 0 -0.08085763955 1.875608522 -2.951975677 3.276023089 6.227998765 -3.748489826 4.218257879 7.966747705 0.1784224872 3.465588419 4.064661495 18.61834723 0.9994642992
32 182807 9053 9053 0 0.0277075645 4.953386823 -7.410805453 8.69394624 16.10475169 -7.926196272 11.37142026 19.29761653 0.1840548586 14.684796 17.36227002 21.37502616 0.9962679942
33 198441 15183 15183 0 -0.5685141745 6.293544954 -3.532472631 4.380514015 7.912986646 -179.2667303 179.9499935 359.2167238 -17.31948139 6.741816931 178.3885369 29.16757976 0.9969004768
34 206425 270 270 0 -1.091841556 86.08824975 -175.2193103 172.6043169 347.8236272 -178.4630648 179.3131465 357.7762112 0.04924235062 177.1871469 179.942693 25.5593148 0.4976965779
35 98442 8617 8617 0 -0.6443804123 5.961140632 -10.40788873 9.799350766 20.20723949 -12.17745657 11.13281879 23.31027536 -0.04007676451 19.8340553 21.60362314 25.45787236 0.9945986564
36 58099 9619 9619 0 -0.1060885122 5.131939959 -6.525534346 11.90447988 18.43001423 -12.53888965 17.32295571 29.86184536 1.112582969 13.35378726 15.42966067 202.9056626 0.9960043794
37 20733 1652 1652 0 1.511378745 6.592981404 -11.10462303 11.03288271 22.13750574 -31.95650962 16.02511168 47.9816213 -0.886834806 13.91804031 34.7699269 203.4709908 0.9934211677
38 34059 760 760 0 -2.291499244 10.69440057 -11.58228735 16.33429176 27.91657911 -29.62407941 19.23100115 48.85508056 -0.2704835527 20.66944079 26.28886378 201.1236408 0.9827371505
39 141427 55 55 0 -0.8476665977 89.75989093 -21.20848886 171.036817 192.2453059 -179.1358077 176.6163017 355.7521095 0.2269736764 176.1183925 179.536219 33.21751685 0.3113198666
40 183730 3684 3684 0 -0.3140135907 23.70215553 -11.5397068 11.53222923 23.07193603 -179.9226456 179.8251044 359.7477499 4.638685798 13.16413341 179.9991067 24.72521501 0.9571234571

K=41, phase=forward, parameter=eps [km^2/s^2]
cluster representative_source n_cluster n_valid n_missing median std p05 p95 width90 minimum maximum range skewness error95 error_max angle_origin_deg angle_resultant
0 121224 13092 13092 0 -0.1115994434 0.04023149764 -0.1891294907 -0.07049848248 0.1186310082 -0.1954279546 -0.06486023607 0.1305677186 -0.3562166415 0.09561921955 0.1019176835 nan nan
1 18323 2 2 0 -0.8495274565 0.03547789042 -0.8814575579 -0.8175973552 0.06386020275 -0.885005347 -0.8140495661 0.07095578083 nan 0.06740799179 0.07095578083 nan nan
2 98433 638 638 0 -0.2460318548 0.3598801052 -0.9750114384 -0.1139620537 0.8610493847 -1.018186568 -0.04393707683 0.9742494914 -0.2961267245 0.7781030376 0.8212781674 nan nan
3 33827 909 909 0 -0.1681708588 0.2446176264 -0.8970282317 -0.04711878728 0.8499094444 -1.020173947 -0.04398107964 0.976192867 -2.208106082 0.7528170992 0.8759628141 nan nan
4 164684 67 67 0 -0.2128910456 0.331189672 -0.9703705264 -0.1177820796 0.8525884468 -1.020440955 -0.1148490348 0.9055919202 -0.6154809038 0.7658283381 0.8158987667 nan nan
5 17619 12862 12862 0 -0.9219662232 0.04001764227 -0.9934697307 -0.8673662713 0.1261034594 -1.003371352 -0.8546976511 0.1486737009 -0.2022981903 0.07673246422 0.08940108445 nan nan
6 207815 13742 13742 0 -0.8916402381 0.04661478258 -0.96465131 -0.8342640671 0.130387243 -0.9698802974 -0.8072756823 0.1626046151 -0.03839388651 0.07637966612 0.1033680509 nan nan
7 151853 2854 2854 0 -0.204853132 0.3337942952 -0.9143200837 -0.1116296009 0.8026904828 -1.01856245 -0.1063082043 0.9122542455 -0.7500816892 0.7952007096 0.8994430757 nan nan
8 149492 413 413 0 -0.210354382 0.3372984769 -0.9077926589 -0.115891611 0.7919010479 -1.019495257 -0.06609019004 0.953405067 -0.435781721 0.699629887 0.8113324852 nan nan
9 135518 6 6 0 -0.1371786313 0.2702121333 -0.7084866546 -0.1128684306 0.595618224 -0.8664613228 -0.1064650305 0.7599962924 -2.334231763 0.7535928922 0.7599962924 nan nan
10 33425 4276 4276 0 -0.9396546558 0.04136860217 -0.983829132 -0.8557493478 0.1280797842 -0.9915765065 -0.8451594744 0.1464170321 0.4718925894 0.07985697409 0.0904468475 nan nan
11 72883 6489 6489 0 -0.2215502051 0.1359078731 -0.2547746665 -0.1294749862 0.1252996802 -0.9807716408 -0.1228970313 0.8578746095 -4.233276547 0.09898155541 0.756552958 nan nan
12 204518 2132 2132 0 -0.8289278597 0.353038572 -0.9722271229 -0.07011239152 0.9021147314 -1.020820046 -0.04987463215 0.9709454138 0.49826626 0.7659273011 0.7861650604 nan nan
13 212089 8777 8777 0 -0.8781597624 0.2267045575 -0.9602977278 -0.171488221 0.7888095068 -0.9737811427 -0.06573003872 0.908051104 2.454313956 0.743187378 0.8489455603 nan nan
14 205453 1585 1585 0 -0.2076352171 0.3706940384 -0.9746061159 -0.1147365552 0.8598695607 -1.019554213 -0.1071287206 0.9124254926 -0.2690106281 0.8449071567 0.889855254 nan nan
15 119732 171 171 0 -0.2121190878 0.3697511014 -0.9739893932 -0.1177900018 0.8561993914 -0.9826458788 -0.1119663192 0.8706795597 -0.3249668762 0.8509019047 0.8595583903 nan nan
16 181737 10 10 0 -0.20972448 0.3907848451 -0.967874378 -0.07917184247 0.8887025355 -0.9752300855 -0.05015293497 0.9250771505 -0.4765883545 0.8531414249 0.8604971325 nan nan
17 131983 5 5 0 -0.2066282411 0.02778576411 -0.210218544 -0.1468870862 0.06333145781 -0.2103713249 -0.1375403494 0.07283097543 1.672103283 0.07267819455 0.07283097543 nan nan
18 141617 402 402 0 -0.5333670949 0.353900488 -0.9718069039 -0.1106355966 0.8611713073 -1.017761335 -0.04380499307 0.9739563423 0.00328393648 0.7786323191 0.8245867506 nan nan
19 165603 16631 16631 0 -0.9046478556 0.02323469489 -0.9415584979 -0.8661139548 0.07544454311 -0.9509670312 -0.8558643358 0.09510269547 0.03899034344 0.0497672291 0.06001684809 nan nan
20 40578 9009 9009 0 -0.9503615893 0.05149401891 -1.003376274 -0.854947392 0.1484288821 -1.008564402 -0.8467056529 0.1618587488 0.3341182679 0.1172307217 0.1254724608 nan nan
21 45237 3702 3702 0 -0.1994863551 0.3125050193 -0.9727691005 -0.1290691789 0.8436999216 -0.97968998 -0.1177722389 0.8619177411 -1.308981017 0.8059111822 0.8128320618 nan nan
22 205841 811 811 0 -0.2334034792 0.3739395656 -0.974968342 -0.1168295745 0.8581387675 -1.019546536 -0.05328568489 0.966260851 -0.1537194165 0.859168289 0.9037464829 nan nan
23 215309 5776 5776 0 -0.8486575441 0.3413064723 -0.9622762442 -0.1209493451 0.8413268991 -0.9745868416 -0.0812297228 0.8933571188 0.6145014917 0.7292393691 0.7689589914 nan nan
24 67173 8662 8662 0 -0.2243734615 0.1501280294 -0.2561974661 -0.1385647411 0.117632725 -0.9811158927 -0.1296283461 0.8514875466 -3.869392432 0.1041915437 0.7461110506 nan nan
25 74432 5605 5605 0 -0.2121862873 0.2809592173 -0.9246879176 -0.1273181702 0.7973697474 -0.9805593027 -0.1193517646 0.8612075381 -1.482654185 0.7244287605 0.7803001456 nan nan
26 112234 3373 3373 0 -0.2438121895 0.3433554743 -0.9600080469 -0.1051641438 0.8548439031 -1.004385513 -0.07956039325 0.9248251201 -0.4639688506 0.7813244953 0.8257019617 nan nan
27 166403 32 32 0 -0.212574239 0.3416772203 -0.950340017 -0.118906785 0.831433232 -0.9762101608 -0.1161545194 0.8600556414 -0.5461719694 0.7502148314 0.7760849752 nan nan
28 144422 3810 3810 0 -0.1724527601 0.2639368243 -0.8378422625 -0.06600750643 0.7718347561 -1.020807534 -0.04437929461 0.9764282395 -1.691671028 0.7196805499 0.9026458215 nan nan
29 155091 544 544 0 -0.1959971215 0.3081406052 -0.9121492205 -0.1169689279 0.7951802926 -1.020582924 -0.04380055914 0.9767823647 -1.014062176 0.7068913478 0.8153250511 nan nan
30 153900 2256 2256 0 -0.2070446233 0.3501183098 -0.9458189127 -0.1146612418 0.831157671 -1.020392173 -0.1064643803 0.9139277929 -0.5248952452 0.7447807255 0.8193539859 nan nan
31 136639 16522 16522 0 -0.1227508321 0.03048701375 -0.1732382086 -0.07874803668 0.09449017189 -0.1834848422 -0.07181255767 0.1116722845 -0.1120299278 0.07221037691 0.08245701053 nan nan
32 182807 9053 9053 0 -0.1295975986 0.04104942178 -0.1965335315 -0.06579963685 0.1307338946 -0.2004609763 -0.06097601898 0.1394849573 -0.03013430655 0.08129601862 0.08522346341 nan nan
33 198441 15183 15183 0 -0.8848395549 0.04124692772 -0.9561075181 -0.8317728367 0.1243346814 -0.9634949454 -0.8075170312 0.1559779143 -0.1482736161 0.0741695747 0.09842538026 nan nan
34 206425 270 270 0 -0.2111843921 0.3548207447 -0.9660216965 -0.1203234723 0.8456982242 -1.015045605 -0.08637899477 0.9286666107 -0.3305366821 0.7771847163 0.8262086252 nan nan
35 98442 8617 8617 0 -0.1826774618 0.3589155813 -0.9675976728 -0.07001162071 0.8975860521 -0.972590258 -0.05885393284 0.9137363251 -0.8857353623 0.8205332781 0.8255258633 nan nan
36 58099 9619 9619 0 -0.206498773 0.2396739924 -0.9284083769 -0.1551850515 0.7732233254 -0.9823104063 -0.1432661918 0.8390442144 -2.190125639 0.7030103083 0.7569123377 nan nan
37 20733 1652 1652 0 -0.8236461628 0.2029131596 -0.8816958009 -0.1890735477 0.6926222532 -0.9742178771 -0.04389160369 0.9303262734 2.490249572 0.624084662 0.769266606 nan nan
38 34059 760 760 0 -0.2121252652 0.3283365153 -0.8810375417 -0.1161930654 0.7648444763 -0.9997486344 -0.04448022926 0.9552684051 -0.5557027693 0.7554141677 0.8741252605 nan nan
39 141427 55 55 0 -0.212429389 0.3530787613 -0.9690132325 -0.1029113648 0.8661018677 -0.9756274671 -0.04671985241 0.9289076147 -0.6341503524 0.7779457178 0.7845599525 nan nan
40 183730 3684 3684 0 -0.8438229583 0.3008254074 -0.9608710095 -0.1400398727 0.8208311368 -0.9767397946 -0.1052357705 0.8715040241 1.11510826 0.7276481276 0.7624522299 nan nan

K=41, phase=forward, parameter=e [-]
cluster representative_source n_cluster n_valid n_missing median std p05 p95 width90 minimum maximum range skewness error95 error_max angle_origin_deg angle_resultant
0 121224 13092 13092 0 0.7334796251 0.09783058305 0.5433014021 0.8319716036 0.2886702015 0.527288295 0.8454201121 0.3181318171 -0.3717565322 0.2335584977 0.2495716048 nan nan
1 18323 2 2 0 0.2765331359 0.08185710727 0.2028617394 0.3502045325 0.1473427931 0.1946760287 0.3583902432 0.1637142145 nan 0.1555285038 0.1637142145 nan nan
2 98433 638 638 0 0.4880169465 0.1575865964 0.2131962344 0.7278953167 0.5146990824 0.1809474942 0.89531873 0.7143712358 0.2681228189 0.3284861661 0.3715185234 nan nan
3 33827 909 909 0 0.5954361512 0.1717966379 0.3342781257 0.8877226003 0.5534444746 0.1708617995 0.8952125964 0.724350797 -0.0004512719224 0.3201104077 0.483526734 nan nan
4 164684 67 67 0 0.4921002768 0.154826804 0.2303112291 0.7184951316 0.4881839025 0.1698141831 0.7255488052 0.5557346221 -0.1494726889 0.2733311542 0.3338282002 nan nan
5 17619 12862 12862 0 0.4239177894 0.06715798172 0.3229842799 0.5349450254 0.2119607455 0.2961950764 0.5489652398 0.2527701634 0.05797241705 0.1373838517 0.1641730552 nan nan
6 207815 13742 13742 0 0.3711518446 0.08776527422 0.24957393 0.4927716071 0.2431976771 0.1717135199 0.5006027923 0.3288892724 -0.1879272291 0.1558246193 0.2336850294 nan nan
7 151853 2854 2854 0 0.5057937039 0.1640515331 0.228271231 0.7332981207 0.5050268897 0.1703338182 0.7461339861 0.5758001679 -0.2733432694 0.4869130354 0.5448504481 nan nan
8 149492 413 413 0 0.4927652848 0.1700943515 0.2159150261 0.7230206967 0.5071056706 0.1710108793 0.842575963 0.6715650838 -0.0532951604 0.2792228338 0.3478623286 nan nan
9 135518 6 6 0 0.6715514877 0.1555257848 0.348293019 0.7302934395 0.3820004206 0.3227618847 0.7457509923 0.4229891076 -0.9974301184 0.4075315548 0.4229891076 nan nan
10 33425 4276 4276 0 0.4538219119 0.07094346734 0.29898201 0.5212240037 0.2222419937 0.2751346524 0.532431477 0.2572968247 -0.6307693386 0.1484520058 0.1722993635 nan nan
11 72883 6489 6489 0 0.4602805512 0.1080457377 0.3792063951 0.690128793 0.310922398 0.1685723685 0.706095601 0.5375232325 0.232869422 0.2402628458 0.2839587378 nan nan
12 204518 2132 2132 0 0.3848761842 0.1970770173 0.1880124886 0.8329821637 0.6449696751 0.1700719612 0.881192566 0.7111206048 0.7171983259 0.5779703435 0.6261807458 nan nan
13 212089 8777 8777 0 0.3956860164 0.1117910283 0.2473076797 0.587170765 0.3398630853 0.1714017878 0.8433142145 0.6719124267 0.838990194 0.2295173563 0.4309080611 nan nan
14 205453 1585 1585 0 0.5069846698 0.1318608153 0.2520044899 0.7258315909 0.473827101 0.1707323136 0.7441691679 0.5734368543 -0.2057250067 0.4377242795 0.5189964558 nan nan
15 119732 171 171 0 0.5053994009 0.1272211872 0.3029508156 0.7184605156 0.4155096999 0.2111501826 0.7324631508 0.5213129682 -0.06488120098 0.4027393901 0.4945400232 nan nan
16 181737 10 10 0 0.5003838371 0.1856413395 0.3161793538 0.8110138633 0.4948345096 0.1866941953 0.8805307354 0.6938365401 -0.3023406652 0.4096474568 0.5391326153 nan nan
17 131983 5 5 0 0.4982703594 0.06936785208 0.4893092841 0.6475657489 0.1582564648 0.4889069363 0.6706533025 0.1817463661 1.654469893 0.1813440184 0.1817463661 nan nan
18 141617 402 402 0 0.4355650239 0.1585529535 0.217720202 0.7357439599 0.518023758 0.1715385983 0.8956290612 0.7240904629 0.6748675624 0.3327461692 0.3622975799 nan nan
19 165603 16631 16631 0 0.3946438149 0.04162673352 0.3213637505 0.4567304072 0.1353666567 0.2996806457 0.4716169321 0.1719362864 -0.1616139399 0.09294285556 0.1146259604 nan nan
20 40578 9009 9009 0 0.4704388495 0.08658445303 0.2971008199 0.5489915587 0.2518907388 0.2786443418 0.5562090262 0.2775646844 -0.4528684108 0.2067533742 0.2252098524 nan nan
21 45237 3702 3702 0 0.5172326469 0.1030028554 0.3337206211 0.6915242197 0.3578035986 0.1698731259 0.7184854121 0.5486122862 -0.4194077207 0.2656937602 0.4295412554 nan nan
22 205841 811 811 0 0.50102213 0.1220155326 0.2517400439 0.7207322212 0.4689921773 0.1700666531 0.8730731742 0.703006521 -0.02503543729 0.4714663244 0.5531397152 nan nan
23 215309 5776 5776 0 0.430853577 0.1337260485 0.2579704089 0.7108650136 0.4528946047 0.1712937312 0.8062493164 0.6349555851 0.5254917298 0.4231307974 0.5185151002 nan nan
24 67173 8662 8662 0 0.4557807086 0.1050761939 0.3746908934 0.6680403958 0.2933495024 0.1689234382 0.689773523 0.5208500848 0.2172118838 0.2459840093 0.2668237818 nan nan
25 74432 5605 5605 0 0.485114203 0.09894233247 0.3276235324 0.6954284372 0.3678049048 0.169493203 0.7146677881 0.5451745851 0.1530853535 0.1963905915 0.3458730326 nan nan
26 112234 3373 3373 0 0.4748677041 0.168684855 0.2408248655 0.749211877 0.5083870115 0.1714463901 0.810448472 0.6390020818 0.2132012373 0.3290290002 0.3984074756 nan nan
27 166403 32 32 0 0.48690144 0.1444647898 0.2391982903 0.7157491919 0.4765509016 0.2175986184 0.7228341204 0.505235502 -0.07718713886 0.2763545205 0.2979541923 nan nan
28 144422 3810 3810 0 0.5848367189 0.1677959101 0.2334032834 0.8427689551 0.6093656717 0.1700181651 0.8942666422 0.7242484771 -0.5512072255 0.4841973543 0.5475824725 nan nan
29 155091 544 544 0 0.5286016513 0.1604493858 0.2216680616 0.720344974 0.4986769124 0.1710055509 0.8956399398 0.7246343889 -0.4343234903 0.2856530545 0.3938326841 nan nan
30 153900 2256 2256 0 0.4984747742 0.1398276975 0.2519397423 0.7259754183 0.474035676 0.1707335183 0.7457457985 0.5750122802 -0.1599882338 0.2612275228 0.3424337469 nan nan
31 136639 16522 16522 0 0.7066945015 0.07385578588 0.5831072383 0.8122421664 0.2291349281 0.5575119264 0.8288230948 0.2713111684 -0.1282388808 0.1758080652 0.2014033771 nan nan
32 182807 9053 9053 0 0.6898184556 0.1000288013 0.5244720932 0.8431831442 0.318711051 0.5143989405 0.854689212 0.3402902714 -0.05415789766 0.2004458896 0.2105190423 nan nan
33 198441 15183 15183 0 0.3584383688 0.07822596234 0.2442973247 0.4796535966 0.2353562719 0.1726000139 0.4909604824 0.3183604685 -0.09152824857 0.1528282965 0.2245256073 nan nan
34 206425 270 270 0 0.4963818361 0.1444762033 0.2320581192 0.7123187798 0.4802606606 0.1711696775 0.7939072291 0.6227375516 -0.2265860634 0.3116510455 0.3725394872 nan nan
35 98442 8617 8617 0 0.5592723107 0.1407677572 0.3151633054 0.8331631384 0.517999833 0.1716128969 0.8597500074 0.6881371105 -0.1658017682 0.3323328546 0.4758832631 nan nan
36 58099 9619 9619 0 0.502841055 0.0821290522 0.3531181073 0.6273760242 0.2742579169 0.1959510964 0.656569075 0.4606179786 -0.6090275791 0.1839998598 0.2525150665 nan nan
37 20733 1652 1652 0 0.2293025427 0.1195935757 0.1885942086 0.543751566 0.3551573573 0.1702037848 0.8954250633 0.7252212785 2.211626006 0.3527427934 0.7044162908 nan nan
38 34059 760 760 0 0.4849637528 0.1712224307 0.2150859802 0.7222957564 0.5072097762 0.1697123633 0.8940264166 0.7243140533 -0.01052341632 0.4843505333 0.5297241502 nan nan
39 141427 55 55 0 0.4950671217 0.1484274385 0.3119958212 0.7545192634 0.4425234421 0.2153038587 0.8887012719 0.6733974132 0.4964400183 0.2605000037 0.3505427162 nan nan
40 183730 3684 3684 0 0.361770743 0.1296109309 0.2460677579 0.6645813969 0.418513639 0.1711702751 0.748711117 0.577540842 0.9299857145 0.3393335808 0.4234633009 nan nan

K=41, phase=forward, parameter=w [deg]
cluster representative_source n_cluster n_valid n_missing median std p05 p95 width90 minimum maximum range skewness error95 error_max angle_origin_deg angle_resultant
0 121224 13092 13092 0 -0.3660088986 4.952181482 -7.454545989 8.570020094 16.02456608 -10.39430466 12.06521702 22.45952168 0.2041058197 9.333351351 12.7416745 171.4631598 0.9962699479
1 18323 2 2 0 0 7.781846666 -7.003661999 7.003661999 14.007324 -7.781846666 7.781846666 15.56369333 nan 14.78550866 15.56369333 120.8524591 0.9907907902
2 98433 638 638 0 10.36592765 85.882894 -166.475059 30.39491859 196.8699776 -173.8413208 43.39927942 217.2406002 -0.3063348814 178.2585063 179.9590024 331.8303772 0.1631015643
3 33827 909 909 0 -0.7421120933 57.13805082 -157.8165515 159.1078072 316.9243587 -179.721973 179.3452946 359.0672675 0.1015744373 170.7298404 179.9911363 294.1288619 0.7716273125
4 164684 67 67 0 -3.626024552 100.4758768 -176.2410489 172.2353167 348.4763656 -179.1229558 179.4360953 358.5590512 -0.03433260439 175.4278204 178.5807091 157.6670271 0.2847243867
5 17619 12862 12862 0 -0.5810199224 4.634052755 -6.412942706 8.270021443 14.68296415 -7.058523338 13.07197942 20.13050276 0.4419024462 8.965270963 13.76722894 296.4680155 0.9967333543
6 207815 13742 13742 0 -0.5759451179 5.500082226 -7.667734402 8.998578066 16.66631247 -11.89112825 36.87679042 48.76791867 1.387704967 12.98343982 40.86165218 17.21654603 0.995421113
7 151853 2854 2854 0 3.818241393 86.97124377 -167.7631593 18.72160725 186.4847666 -179.9984508 179.9898355 359.9882863 -0.2879420781 173.8009627 179.9239738 281.1216006 0.3656553421
8 149492 413 413 0 3.593320079 96.01793747 -175.091273 82.5524721 257.6437451 -179.5011888 179.992889 359.4940778 -0.01648425784 178.1905813 179.9953812 42.59633538 0.2215893429
9 135518 6 6 0 -2.740874628 62.88339978 -17.4217241 126.121736 143.5434601 -20.87123845 162.7665478 183.6377862 2.289801053 174.7315925 176.3622138 244.5584294 0.6549556375
10 33425 4276 4276 0 -1.614663211 9.422794235 -13.37594425 17.81232548 31.18826974 -16.11706007 25.27284244 41.38990252 0.5013088377 28.23677033 35.69728729 327.897358 0.9865518417
11 72883 6489 6489 0 -0.1349716153 34.21147605 -12.51227109 13.26414451 25.7764156 -179.9051804 179.8765538 359.7817343 -0.8328264214 18.01906999 179.9595336 199.4705485 0.9159849172
12 204518 2132 2132 0 -7.071416033 86.5820389 -170.6917603 33.42972273 204.1214831 -179.5244603 179.6750004 359.1994606 -0.3936707908 170.943979 179.6462083 74.66146267 0.2257349473
13 212089 8777 8777 0 -1.575828694 56.60661968 -168.4478181 36.8237007 205.2715188 -179.9911764 179.9690312 359.9602075 -0.3148573595 174.3487531 179.9943835 31.98957519 0.7812722746
14 205453 1585 1585 0 16.9488999 85.47956866 -154.2525968 34.26339774 188.5159945 -176.3711716 47.51704431 223.8882159 -0.2583448696 173.0161426 179.9796425 291.6650429 0.1460459521
15 119732 171 171 0 4.313806406 88.22183928 -168.9664611 29.06100524 198.0274663 -175.1905215 176.6802317 351.8707532 -0.2393694109 179.0567652 179.8663555 74.24649734 0.1598143255
16 181737 10 10 0 18.86831575 80.08885418 -136.3670387 42.28730448 178.6543431 -137.4764664 45.12037468 182.5968411 -0.4530925129 157.1348927 158.2443205 180.0800109 0.2413934118
17 131983 5 5 0 0.6266137685 3.843769414 -4.376166938 5.023772548 9.399939486 -4.470707341 5.758127098 10.22883444 0.246101866 9.494479889 10.22883444 268.3903734 0.9977510762
18 141617 402 402 0 -18.30629877 89.70539604 -134.5471328 71.32496195 205.8720947 -142.8454704 82.227396 225.0728664 -0.02305295614 178.1048934 179.9249859 313.0559664 0.02010609338
19 165603 16631 16631 0 -0.2712099489 3.283789835 -4.695238447 5.97215409 10.66739254 -5.164019859 8.125059021 13.28907888 0.3633411965 6.548687407 8.701592339 355.6511143 0.9983586224
20 40578 9009 9009 0 0.08811415635 6.401720955 -11.08640709 10.76623184 21.85263893 -14.35278632 17.33474761 31.68753393 0.01289626773 12.46619337 17.14029324 308.044405 0.9937747394
21 45237 3702 3702 0 0.03683931308 82.5302767 -175.2726834 175.9202208 351.1929042 -179.9782864 179.9899599 359.9682462 -0.1010095273 177.6348667 179.9581472 236.0000409 0.5457020384
22 205841 811 811 0 24.79470864 86.63534776 -146.3699218 46.14660527 192.5165271 -155.1358938 55.72928746 210.8651812 -0.1465042505 177.2815601 179.9358386 297.0337866 0.09442223301
23 215309 5776 5776 0 -3.37095497 103.0181001 -177.1459738 176.1351444 353.2811182 -179.9875199 179.9927906 359.9803105 -3.037390414e-05 177.3559002 179.9771393 44.68438546 0.290906043
24 67173 8662 8662 0 -0.6375068709 37.60276567 -9.418788713 12.75274597 22.17153468 -179.9969763 179.8414886 359.838465 -0.3843985885 15.37815928 179.957088 182.8060216 0.9009928026
25 74432 5605 5605 0 0.1338748419 74.55249472 -176.2048681 13.62855414 189.8334223 -179.9954448 179.9946841 359.9901289 -0.734409094 177.9876055 179.995198 215.7164636 0.5981820128
26 112234 3373 3373 0 -5.142646329 96.77256392 -170.8704151 169.553449 340.4238641 -179.9865691 179.9930031 359.9795722 -0.01270151397 175.2942093 179.9888084 263.2593171 0.2465060216
27 166403 32 32 0 -2.331612973 102.9874484 -173.5491605 168.4871813 342.0363418 -178.182817 174.2123688 352.3951859 0.00263102451 175.713971 179.6523724 181.6838367 0.2526004181
28 144422 3810 3810 0 -0.1200505082 68.28528057 -152.0530738 170.3495642 322.402638 -179.880949 179.405128 359.286077 0.541810531 173.0284552 179.9923185 274.0423738 0.6635066137
29 155091 544 544 0 -0.5985960666 89.24273954 -177.6140891 172.7566779 350.3707669 -179.9825121 179.9583 359.9408121 -0.1194462475 178.6156689 179.916732 31.11905598 0.4550857269
30 153900 2256 2256 0 5.615485541 84.49969358 -168.7282403 18.05097802 186.7792183 -179.4429676 179.3685161 358.8114837 -0.4749253238 178.3241125 179.9940698 292.0831023 0.2619851151
31 136639 16522 16522 0 -0.2894852082 4.173190867 -6.058543513 7.143885479 13.20242899 -6.659779824 10.65944112 17.31922094 0.2888287064 7.633745386 11.14930102 157.5362239 0.9973499735
32 182807 9053 9053 0 -0.2389704913 5.633881302 -9.550628448 9.768842926 19.31947137 -13.12386546 13.55264308 26.67650854 0.08031307276 14.99849814 18.7822983 185.6793848 0.9951754607
33 198441 15183 15183 0 -0.1713488136 3.901834259 -6.064051544 6.262682792 12.32673434 -7.923424067 20.22629091 28.14971498 0.3555730803 8.005204914 21.96881303 5.752986529 0.9976839982
34 206425 270 270 0 4.341230884 93.06163241 -173.3802392 21.73114016 195.1113793 -179.815292 179.9871992 359.8024912 -0.05798302683 176.6455651 179.9273342 57.36428455 0.1611956701
35 98442 8617 8617 0 -0.5219377447 80.40589401 -175.0826066 16.87074567 191.9533523 -179.9914268 179.991286 359.9827128 -0.8285918153 178.9561181 179.9994707 198.4532159 0.4093524597
36 58099 9619 9619 0 -0.3775302098 61.12006367 -166.1709573 162.2427692 328.4137265 -179.9611621 179.9288189 359.889981 -0.1261611957 172.2084716 179.9901467 168.3265591 0.7418680497
37 20733 1652 1652 0 -1.361722826 55.48277902 -12.16303415 171.2460064 183.4090406 -179.9431445 179.470234 359.4133784 1.568276781 169.2565458 179.9452559 160.7245699 0.7779543821
38 34059 760 760 0 2.008725629 84.52217125 -171.5117489 19.44797449 190.9597234 -179.9265316 176.3188816 356.2454131 -0.509001429 179.0780231 179.9884715 305.7766498 0.2783212545
39 141427 55 55 0 0.07432565538 100.2912652 -172.6239972 178.1077017 350.7316989 -176.5362664 179.5779796 356.114246 0.0191984577 175.8847302 179.819671 115.1158956 0.3022608113
40 183730 3684 3684 0 -5.200781313 87.59126374 -176.1526208 174.3400406 350.4926614 -179.9380781 179.9779229 359.916001 -0.129614055 177.2924551 179.9915036 56.64289463 0.4750334453

K=45, STD=0.01863090091
n = trajectories per cluster; conditions overlap.
n = 1: clusters=0/45 (0.00%); trajectories=0/194058 (0.00%)
n < 10: clusters=3/45 (6.67%); trajectories=13/194058 (0.01%)
n < 100: clusters=7/45 (15.56%); trajectories=177/194058 (0.09%)

K=45, phase=backward, parameter=eps [km^2/s^2]
cluster representative_source n_cluster n_valid n_missing median std p05 p95 width90 minimum maximum range skewness error95 error_max angle_origin_deg angle_resultant
0 121224 13092 13092 0 -0.1092980417 0.04024225263 -0.1887409035 -0.07046122323 0.1182796803 -0.1952453108 -0.06485327167 0.1303920392 -0.3919291888 0.08096765066 0.08747205798 nan nan
1 18323 2 2 0 -0.4690906312 0.3478261536 -0.7821341694 -0.156047093 0.6260870764 -0.8169167848 -0.1212644777 0.6956523071 nan 0.6608696917 0.6956523071 nan nan
2 92023 567 567 0 -0.2054731048 0.3061458843 -0.959543869 -0.1072472942 0.8522965748 -1.020553626 -0.04380722131 0.9767464045 -1.220128443 0.781120347 0.8421301038 nan nan
3 33597 846 846 0 -0.8637945863 0.04659645696 -0.9629087617 -0.811922034 0.1509867277 -1.020836128 -0.8062084723 0.214627656 -0.7108674619 0.07958183287 0.134746229 nan nan
4 164684 67 67 0 -0.1968343201 0.2439950128 -0.9042088726 -0.1157903666 0.788418506 -0.977039865 -0.1064673829 0.8705724821 -2.12388804 0.7099942873 0.7828252797 nan nan
5 17619 12862 12862 0 -0.9035903105 0.03515547819 -0.9744580695 -0.8613190991 0.1131389704 -0.9928130156 -0.8519979305 0.1408150851 -0.4577488576 0.06101935314 0.07607706028 nan nan
6 207815 13732 13732 0 -0.2249038064 0.04801328346 -0.2501161417 -0.1326282056 0.1174879361 -0.8097698635 -0.1256066918 0.6841631718 -3.458649675 0.09648319369 0.58092135 nan nan
7 18984 821 821 0 -0.8228682416 0.04592756808 -0.9665661192 -0.8122091898 0.1543569294 -0.977068577 -0.8062327658 0.1708358113 -1.961344799 0.1441528861 0.1546553439 nan nan
8 160348 346 346 0 -0.182739339 0.04264273367 -0.2318070313 -0.1107159603 0.121091071 -0.2581213791 -0.09218076008 0.165940619 0.08174217052 0.07810039395 0.09663559415 nan nan
9 135518 6 6 0 -0.1963788319 0.3181916373 -0.8258968552 -0.1161837605 0.7097130947 -1.017669023 -0.1143848122 0.9032842111 -2.299179485 0.6730524035 0.8648245716 nan nan
10 33425 4229 4229 0 -0.9497134485 0.0394444345 -0.9840601157 -0.8596062017 0.124453914 -0.9985887565 -0.8451401247 0.1534486318 0.7222414843 0.07384719895 0.08831327601 nan nan
11 74439 4641 4641 0 -0.9034510314 0.04772790504 -0.9688391106 -0.8243912808 0.1444478298 -0.9805758909 -0.8066104959 0.1739653949 0.1719495155 0.07795057874 0.09510277704 nan nan
12 19875 1653 1653 0 -0.8372736603 0.110135511 -0.9733722488 -0.808789801 0.1645824478 -1.020739299 -0.2507771512 0.7699621478 3.916382521 0.1457794208 0.5805970196 nan nan
13 212089 8872 8872 0 -0.2102311886 0.03288815781 -0.2445502634 -0.1275884103 0.1169618531 -0.8145714641 -0.07390633362 0.7406651305 0.2890676902 0.076453363 0.6105822152 nan nan
14 205841 850 850 0 -0.1913229292 0.03974571176 -0.23384638 -0.1147791147 0.1190672653 -0.2583239078 -0.04502120085 0.213302707 0.5405532289 0.07039738802 0.1397959535 nan nan
15 119732 160 160 0 -0.2088631479 0.3226145766 -0.9630051415 -0.1167284025 0.8462767391 -0.9770401771 -0.07489050235 0.9021496748 -1.000521524 0.7542988168 0.7683338523 nan nan
16 181737 10 10 0 -0.1786925102 0.2723479171 -0.8262330792 -0.08533407599 0.7408990032 -0.8282834719 -0.08004922341 0.7482342485 -1.667339141 0.734439739 0.7364901317 nan nan
17 131983 5 5 0 -0.1650838202 0.3028923993 -0.7745440715 -0.1336164932 0.6409275783 -0.9166889312 -0.1302674045 0.7864215267 -2.198007291 0.6275312234 0.7696760831 nan nan
18 141617 347 347 0 -0.2430625612 0.3112919986 -0.9671825582 -0.1151382245 0.8520443337 -1.018367772 -0.04390831563 0.974459456 -1.000970844 0.7382103443 0.7893955577 nan nan
19 56847 8304 8304 0 -0.9017988486 0.02830077458 -0.9438414474 -0.8595631298 0.08427831764 -0.9822563133 -0.8179914109 0.1642649024 -0.2111571498 0.05777489208 0.08635378936 nan nan
20 40578 9009 9009 0 -0.9817054132 0.04852572145 -1.003512052 -0.8557279412 0.1477841111 -1.008654727 -0.8465284365 0.1621262907 1.031010198 0.1149332113 0.124132716 nan nan
21 42021 3278 3278 0 -0.8630972003 0.05153889904 -0.976009175 -0.8312299286 0.1447792465 -0.9804838093 -0.8067280478 0.1737557615 -0.5872067085 0.1329626516 0.1374372859 nan nan
22 30090 121 121 0 -0.8317861948 0.03849391733 -0.9580419344 -0.8174409965 0.1406009378 -0.9770515556 -0.8068393667 0.1702121889 -2.132199182 0.1288511329 0.1478607542 nan nan
23 214750 5704 5704 0 -0.19425592 0.04911480443 -0.2390052206 -0.1186001074 0.1204051132 -0.9752572449 -0.08126439218 0.8939928527 -6.726435322 0.06939388917 0.7924751815 nan nan
24 70955 6104 6104 0 -0.9049193182 0.04840073969 -0.9661441084 -0.8327546179 0.1333894905 -0.9808925592 -0.8063623697 0.1745301895 0.1686973841 0.07434172809 0.09650893275 nan nan
25 77199 4513 4513 0 -0.9005791728 0.04760460015 -0.9676539994 -0.8336877552 0.1339662442 -0.9805267118 -0.07897326496 0.9015534468 2.245267097 0.07103454939 0.8233433871 nan nan
26 115244 3048 3048 0 -0.2030354898 0.1702894931 -0.8094824833 -0.09234249358 0.7171399898 -0.9887344424 -0.06655181842 0.922182624 -3.312044993 0.601456282 0.7807082411 nan nan
27 166403 32 32 0 -0.1913429311 0.2809701131 -0.9029606115 -0.1165859211 0.7863746904 -0.9721623627 -0.1149837325 0.8571786302 -1.64174944 0.7069951188 0.77619687 nan nan
28 144422 3958 3958 0 -0.1599089501 0.0964418773 -0.2543026268 -0.04880023882 0.205502388 -1.019281527 -0.04399860248 0.9752829244 -4.677554532 0.1163946177 0.8557552172 nan nan
29 153329 442 442 0 -0.177126713 0.2060999271 -0.8734897706 -0.1171513879 0.7563383827 -1.002368343 -0.04387907749 0.9584892652 -2.747594863 0.6935167709 0.8223953429 nan nan
30 205453 1614 1614 0 -0.1861095043 0.03847238295 -0.2137384688 -0.1137015914 0.1000368775 -0.2584258867 -0.04443127158 0.2139946151 0.440536643 0.07115398155 0.1392052157 nan nan
31 136639 16522 16522 0 -0.1235497882 0.03090841591 -0.1733285933 -0.07847989651 0.09484869678 -0.1829165942 -0.07157441741 0.1113421768 -0.08025075913 0.05967586301 0.06926386393 nan nan
32 182807 9053 9053 0 -0.1270617807 0.04017008032 -0.1959647371 -0.06555264546 0.1304120917 -0.2005658935 -0.06098087863 0.1395850148 -0.09593367379 0.06705376193 0.07031412523 nan nan
33 198441 15179 15179 0 -0.2255211624 0.04059656394 -0.2466006956 -0.1400448818 0.1065558138 -0.8089071391 -0.1320099398 0.6768971994 -1.961022632 0.09474191506 0.5742059512 nan nan
34 150972 239 239 0 -0.182097999 0.03748495027 -0.2129724075 -0.1158799549 0.09709245252 -0.2572323344 -0.1080591655 0.1491731688 0.1255284029 0.06146539162 0.0807883014 nan nan
35 98442 8617 8617 0 -0.1566706923 0.04462889451 -0.2207778975 -0.06727661181 0.1535012857 -0.2571313972 -0.05881779331 0.1983136039 0.1914085251 0.1220430298 0.1305018483 nan nan
36 65697 7748 7748 0 -0.8964841995 0.04208266596 -0.9568212767 -0.8375079354 0.1193133413 -0.9813008367 -0.8075259065 0.1737749302 0.05565430496 0.07012246109 0.09576136211 nan nan
37 24482 1096 1096 0 -0.8279110111 0.04858416612 -0.9609450624 -0.8152262374 0.145718825 -1.014745879 -0.04415323856 0.97059264 2.785651224 0.1354050865 0.7815593048 nan nan
38 36376 668 668 0 -0.8902039086 0.0525849576 -0.9754453705 -0.8242416427 0.1512037278 -1.020778602 -0.8066916603 0.2140869418 -0.09931895157 0.08843649891 0.108316134 nan nan
39 141427 55 55 0 -0.2315193294 0.357435081 -0.971761013 -0.05409558845 0.9176654246 -1.009825645 -0.04383479669 0.9659908487 -0.6276791914 0.8236020684 0.8616667008 nan nan
40 183730 3784 3784 0 -0.1945055885 0.04254245496 -0.2529127433 -0.1220165896 0.1308961537 -0.8083067908 -0.1053187096 0.7029880812 -0.6874581263 0.09085921625 0.5954965203 nan nan
41 155074 2350 2350 0 -0.1676512218 0.04749784339 -0.2143022703 -0.1092024073 0.105099863 -0.8126985319 -0.04836904702 0.7643294849 -3.069232298 0.07084717435 0.6389915177 nan nan
42 165603 16631 16631 0 -0.1977402129 0.02474333564 -0.2312519303 -0.1528973463 0.07835458395 -0.2368262012 -0.1421443213 0.09468187987 0.2496305324 0.06560178036 0.07635480539 nan nan
43 155088 2780 2780 0 -0.1710765946 0.05043040054 -0.2437099714 -0.06453329755 0.1791766738 -0.2593276385 -0.04391779137 0.2154098471 0.3280757145 0.1163279492 0.1369434554 nan nan
44 39623 101 101 0 -0.8747298592 0.05783931078 -0.9767073967 -0.8188598703 0.1578475263 -1.020754723 -0.8074723231 0.2132824001 -0.4856991474 0.116917291 0.1283048382 nan nan

K=45, phase=backward, parameter=e [-]
cluster representative_source n_cluster n_valid n_missing median std p05 p95 width90 minimum maximum range skewness error95 error_max angle_origin_deg angle_resultant
0 121224 13092 13092 0 0.7390085068 0.09784539009 0.5443067318 0.8320475051 0.2877407733 0.5277637199 0.8454368188 0.3176730989 -0.4067025606 0.1983689174 0.2149119293 nan nan
1 18323 2 2 0 0.4565134131 0.2534864797 0.2283755814 0.6846512448 0.4562756634 0.2030269335 0.7099998928 0.5069729593 nan 0.4816243114 0.5069729593 nan nan
2 92023 567 567 0 0.5047161328 0.1512222961 0.2404800719 0.743872695 0.5033926231 0.1751904481 0.8956261106 0.7204356625 0.1520266053 0.3289396589 0.3942292828 nan nan
3 33597 846 846 0 0.3166732996 0.09251648334 0.1858990853 0.4901940368 0.3042949515 0.168193931 0.5729713754 0.4047774444 0.3542220037 0.1816616929 0.2125152136 nan nan
4 164684 67 67 0 0.5233893204 0.1290064948 0.2613998514 0.7232791038 0.4618792525 0.1950360604 0.7457457449 0.5507096845 -0.5350409967 0.2686631603 0.3350269513 nan nan
5 17619 12862 12862 0 0.3920922439 0.06104329889 0.3105435496 0.507150244 0.1966066944 0.2903377742 0.5339720413 0.243634267 0.3008042432 0.1084897563 0.1248169516 nan nan
6 207815 13732 13732 0 0.4504872561 0.1027554599 0.3804510068 0.6825028755 0.3020518687 0.1688750593 0.6995299638 0.5306549045 0.6587554308 0.2431872653 0.2710623682 nan nan
7 18984 821 821 0 0.2201272361 0.09277356309 0.1876301637 0.4955275005 0.3078973369 0.1683444931 0.5112829901 0.342938497 1.752715814 0.2768909827 0.2926464722 nan nan
8 160348 346 346 0 0.5590792464 0.1068044212 0.4310456192 0.7355532578 0.3045076386 0.3570780043 0.7803125288 0.4232345245 0.02474247855 0.1917925841 0.2365518551 nan nan
9 135518 6 6 0 0.6009994736 0.1358998263 0.3858689857 0.722338147 0.3364691613 0.3783771875 0.7266730058 0.3482958183 -0.4290527951 0.2473969565 0.2548887547 nan nan
10 33425 4229 4229 0 0.4698044756 0.06723887113 0.307342023 0.5215264841 0.214184461 0.2750979753 0.5423682232 0.2672702479 -0.8897077879 0.1360132216 0.1682572693 nan nan
11 74439 4641 4641 0 0.3924656597 0.09003721073 0.222950402 0.4990607375 0.2761103355 0.1694347377 0.5164301738 0.3469954361 -0.4043122751 0.1667490766 0.2202647409 nan nan
12 19875 1653 1653 0 0.2588509034 0.09758859386 0.1906460196 0.505812457 0.3151664374 0.1700425005 0.5728514127 0.4028089122 0.9384834934 0.2635065642 0.3305455199 nan nan
13 212089 8872 8872 0 0.4894291524 0.08184105371 0.396775371 0.6947274042 0.2979520332 0.1935919564 0.8237715429 0.6301795865 0.9699284626 0.1891530266 0.318039345 nan nan
14 205841 850 850 0 0.537686257 0.09951887281 0.4259359383 0.7259145676 0.2999786293 0.3562775121 0.89274064 0.536463128 0.4734854363 0.1732393547 0.3382536332 nan nan
15 119732 160 160 0 0.4973051166 0.1350400068 0.2469881715 0.7209812697 0.4739930982 0.1847104208 0.8215973791 0.6368869582 -0.09464332277 0.2586998982 0.329564442 nan nan
16 181737 10 10 0 0.5689229478 0.1921916289 0.227777682 0.7966671748 0.5688894928 0.222581726 0.8092903385 0.5867086125 -0.5188644652 0.5534611816 0.5586571376 nan nan
17 131983 5 5 0 0.6031031235 0.09986692628 0.4323225258 0.6800290655 0.2477065397 0.4154081001 0.6881484709 0.2727403708 -0.602057177 0.2152289183 0.2321433439 nan nan
18 141617 347 347 0 0.4570254914 0.1486076166 0.2269342901 0.7248343363 0.4979000462 0.1814033941 0.8953803856 0.7139769915 0.4657931515 0.2865893658 0.4571354151 nan nan
19 56847 8304 8304 0 0.3895624849 0.05100435628 0.3076609464 0.4603557106 0.1526947642 0.2068714408 0.5188881617 0.3120167209 -0.09047418528 0.103893267 0.1873348743 nan nan
20 40578 9009 9009 0 0.5180496615 0.08122606797 0.2989006581 0.549191392 0.2502907339 0.2782347315 0.5563450703 0.2781103389 -1.150446 0.2026801099 0.2233460366 nan nan
21 42021 3278 3278 0 0.3148594038 0.09617694201 0.2418597154 0.5097306239 0.2678709085 0.1697351995 0.5163006971 0.3465654976 0.4189774567 0.2383275844 0.2448976577 nan nan
22 30090 121 121 0 0.2434767451 0.07668641214 0.2045919013 0.4827715246 0.2781796233 0.170063584 0.5112742874 0.3412107034 1.768017266 0.245583376 0.2740861388 nan nan
23 214750 5704 5704 0 0.5304081331 0.09247987372 0.4119174752 0.7164594307 0.3045419555 0.3593788856 0.8061663995 0.4467875139 0.5188288422 0.1739320469 0.2463959059 nan nan
24 70955 6104 6104 0 0.3952600734 0.09083603711 0.2467526205 0.4950025095 0.248249889 0.168591401 0.5169001469 0.3483087459 -0.391923999 0.1449775779 0.2231387973 nan nan
25 77199 4513 4513 0 0.3878381943 0.08399461893 0.2480883002 0.4973387026 0.2492504024 0.1695188524 0.8116504256 0.6421315732 -0.1850090213 0.1429939641 0.4208526342 nan nan
26 115244 3048 3048 0 0.5085054939 0.1512647181 0.355449926 0.7799146814 0.4244647554 0.1707602091 0.8414752035 0.6707149944 0.2094720735 0.2913917746 0.3477173017 nan nan
27 166403 32 32 0 0.5376644643 0.1502097012 0.2396258102 0.7213243261 0.4816985159 0.2058710207 0.7252064374 0.5193354167 -0.6989684599 0.2859791844 0.3197339739 nan nan
28 144422 3958 3958 0 0.6158433142 0.1424074819 0.3698208835 0.8837158763 0.5138949928 0.1700000448 0.895168798 0.7251687532 -0.09039962511 0.2801856501 0.4369754289 nan nan
29 153329 442 442 0 0.5731861704 0.1271454029 0.3557328926 0.7200120212 0.3642791286 0.1711891509 0.8954556795 0.7242665286 -0.6129199685 0.2275315651 0.3948356732 nan nan
30 205453 1614 1614 0 0.5507528415 0.0957576822 0.4799014634 0.7283052117 0.2484037484 0.356048273 0.8941426313 0.5380943582 0.3855997243 0.1768866235 0.3366890045 nan nan
31 136639 16522 16522 0 0.7047541549 0.07486913812 0.5829415296 0.8129278855 0.2299863559 0.5589407119 0.8293935072 0.2704527953 -0.09584015454 0.1456301803 0.169630998 nan nan
32 182807 9053 9053 0 0.6960074952 0.097828459 0.5258602848 0.8437649023 0.3179046175 0.514173653 0.8546773778 0.3405037248 -0.1211544591 0.1634141526 0.1719900323 nan nan
33 198441 15179 15179 0 0.4482486632 0.09549240488 0.3902028196 0.664439164 0.2742363444 0.1709341959 0.6839935777 0.5130593819 0.6533926204 0.2409635022 0.2603110332 nan nan
34 150972 239 239 0 0.5601727937 0.09354452548 0.4819456127 0.7230765114 0.2411308986 0.3597485338 0.7419365959 0.3821880621 0.07946512351 0.1509064147 0.2151099856 nan nan
35 98442 8617 8617 0 0.6238038735 0.1102886806 0.4615202211 0.8396199874 0.3780997664 0.3599229325 0.8598376402 0.4999147077 0.117767702 0.2977410244 0.3179586771 nan nan
36 65697 7748 7748 0 0.380169031 0.07907964263 0.2576735438 0.4807257314 0.2230521877 0.1726005358 0.5174983775 0.3448978418 -0.2684369619 0.1347476214 0.2198206294 nan nan
37 24482 1096 1096 0 0.2334339936 0.08610273006 0.1977186605 0.4873020056 0.289583345 0.1712212675 0.8948018977 0.7235806302 1.909015505 0.2594675879 0.66696748 nan nan
38 36376 668 668 0 0.3681871082 0.09873573225 0.2234264594 0.5088343184 0.285407859 0.1697457382 0.5728973064 0.4031515682 -0.1067229432 0.1846803168 0.238361038 nan nan
39 141427 55 55 0 0.4925130161 0.1536190892 0.270219214 0.8710723025 0.6008530885 0.2366828967 0.8955575814 0.6588746847 0.8300791848 0.3745845389 0.4081208561 nan nan
40 183730 3784 3784 0 0.5295707305 0.1062770466 0.3717864348 0.7081826156 0.3363961808 0.1744452874 0.7485117459 0.5740664586 0.03466282478 0.2261598187 0.3077422904 nan nan
41 155074 2350 2350 0 0.5967985989 0.1045100282 0.4784419221 0.7391596446 0.2607177225 0.1705784883 0.8847755722 0.714197084 -0.01893458049 0.1777987011 0.4111661176 nan nan
42 165603 16631 16631 0 0.5207439207 0.0632179501 0.4326828082 0.6329840425 0.2003012343 0.4174509838 0.6593194426 0.2418684589 0.2088104766 0.1661414604 0.1924768606 nan nan
43 155088 2780 2780 0 0.588252677 0.1253928626 0.3993572361 0.846159492 0.4468022559 0.3533386986 0.8953605839 0.5420218853 0.2490448914 0.2823510537 0.3315521456 nan nan
44 39623 101 101 0 0.3384773784 0.1097759356 0.2088002251 0.5107432198 0.3019429946 0.1728107296 0.5728758046 0.400065075 0.2824170064 0.238417688 0.2744071835 nan nan

K=45, phase=backward, parameter=w [deg]
cluster representative_source n_cluster n_valid n_missing median std p05 p95 width90 minimum maximum range skewness error95 error_max angle_origin_deg angle_resultant
0 121224 13092 13092 0 0.3191428771 2.962662603 -5.363156352 4.035267224 9.398423576 -6.033996792 7.102576006 13.1365728 -0.3397696768 5.404356366 7.28912949 20.07157567 0.9986638256
1 18323 2 2 0 1.563194019e-13 89.31602696 -80.38442427 80.38442427 160.7688485 -89.31602696 89.31602696 178.6320539 nan 169.7004512 178.6320539 296.3150682 0.01193729798
2 92023 567 567 0 -0.7272774022 80.34560271 -171.2957024 173.1584212 344.4541236 -179.8181542 179.7357038 359.553858 0.3011076744 175.5892989 179.6722475 29.40216296 0.5350028487
3 33597 846 846 0 -1.098738654 9.716924132 -19.45851413 16.68225995 36.14077408 -29.00389699 19.00759403 48.01149102 -0.4636641611 20.63341958 26.85648272 200.6887568 0.9857494807
4 164684 67 67 0 0.368475547 63.34396393 -171.6209627 120.4370212 292.0579838 -177.3707344 179.2410845 356.6118189 -0.2183547156 176.4248809 179.3661869 24.49728684 0.7319881277
5 17619 12862 12862 0 -0.5091442517 3.670188561 -5.436078716 6.561123553 11.99720227 -6.687918563 8.504550272 15.19246884 0.3186450737 6.560094972 8.119602506 186.8133776 0.9979498935
6 207815 13732 13732 0 -0.3960720257 8.265592482 -5.141331875 6.147000194 11.28833207 -6.39056761 175.2158994 181.606467 16.77612119 9.037634043 178.1065332 26.29451517 0.9942293089
7 18984 821 821 0 0.7890604736 7.55814186 -12.23080444 12.67799151 24.90879595 -29.2187487 18.23710545 47.45585415 -0.4646766258 17.21716969 34.20511396 200.7431598 0.9913582507
8 160348 346 346 0 -0.1855591759 3.044035731 -3.303697694 4.567861952 7.871559646 -13.35292703 12.00530643 25.35823346 0.9394597039 8.297698592 15.24194767 24.43467578 0.9985913756
9 135518 6 6 0 -3.422766404 60.15565941 -9.738457923 117.8704021 127.6088601 -9.829993925 156.1949517 166.0249456 2.411010042 125.9512662 164.2758158 32.51010897 0.6742240925
10 33425 4229 4229 0 -2.12883795 8.308785191 -10.85411034 14.82939331 25.68350365 -11.54786502 18.43791416 29.98577917 0.3934266969 24.96583652 28.57435737 200.9703646 0.9895217562
11 74439 4641 4641 0 0.5784130145 7.597619623 -10.94051095 8.612977772 19.55348872 -31.35034075 15.41883054 46.76917129 -1.02681128 16.44230271 36.85213251 204.2716556 0.9912730362
12 19875 1653 1653 0 3.422935385 30.42153493 -29.25607086 11.8336329 41.08970376 -179.8974826 179.9093233 359.8068059 -2.378694372 28.02131496 179.9397212 207.0939071 0.9322681695
13 212089 8872 8872 0 -1.53526636 6.009233931 -6.656581371 11.3731004 18.02968177 -7.583332274 156.609979 164.1933112 2.661970212 16.60520694 161.8420855 23.88535121 0.9947151497
14 205841 850 850 0 -0.8535168107 6.585653366 -11.33186871 10.54311672 21.87498543 -15.25424811 11.22121605 26.47546416 0.05468364331 18.63274457 19.3108439 25.84191992 0.993412012
15 119732 160 160 0 -3.800950786 77.83453831 -15.24615034 172.7420456 187.988196 -175.8373614 179.6441491 355.4815106 0.8850265038 168.6848471 179.2832542 30.97195097 0.4546369038
16 181737 10 10 0 1.210171558 79.00999872 -101.1298872 103.5980636 204.7279508 -173.527239 177.9504345 351.4776735 0.05875714014 165.8190856 169.6541325 23.4674471 0.5907516499
17 131983 5 5 0 -3.11696392 67.78290283 -4.95472946 132.4401861 137.3949156 -5.192771829 165.9520838 171.1448557 2.234403852 137.632958 171.1448557 29.23662338 0.6042981603
18 141617 347 347 0 0.1396647525 85.96294122 -171.744103 177.8356838 349.5797868 -179.9871153 179.813657 359.8007724 0.286597403 176.3120735 179.8831421 30.37163658 0.4598311875
19 56847 8304 8304 0 -0.1596178938 5.169731933 -6.303443592 13.00169087 19.30513446 -12.56234092 17.32122443 29.88356535 1.154682914 13.58797789 15.7434454 202.9073939 0.9959460102
20 40578 9009 9009 0 -0.6051841252 4.307215726 -6.402795875 7.516779027 13.9195749 -10.85996209 12.58589168 23.44585377 0.2731279865 10.895403 15.96451566 191.5794045 0.9971779738
21 42021 3278 3278 0 3.30130564 10.67811501 -14.18632673 13.03242534 27.21875208 -34.13526867 14.10940104 48.24466971 -1.018892286 21.62017576 41.5691177 205.5876743 0.9828284697
22 30090 121 121 0 2.976597227 7.599588876 -10.91162092 10.48820439 21.39982531 -31.22321508 13.20839057 44.43160566 -1.700573743 15.69069409 36.00228825 205.8735428 0.991295428
23 214750 5704 5704 0 -0.8991479345 10.17664666 -10.11004526 11.15511038 21.26515564 -11.37977506 167.562758 178.9425331 7.712886496 21.05113308 177.4587807 25.31409481 0.988203047
24 70955 6104 6104 0 -1.165319654 6.359869588 -9.239631813 10.39017034 19.62980215 -24.49436176 16.26647021 40.76083197 0.16529227 14.45656287 29.71129282 203.415497 0.9938578965
25 77199 4513 4513 0 2.201508698 9.901249514 -12.45725038 10.47607033 22.93332071 -32.19202087 177.0173432 209.2093641 1.804805041 19.00066418 170.4770859 203.7831541 0.9863996052
26 115244 3048 3048 0 0.533256708 39.97977453 -13.80165275 11.72294389 25.52459664 -179.8192905 179.9045908 359.7238813 0.5322329965 142.5503201 179.8281668 25.02789968 0.8847225197
27 166403 32 32 0 -0.5833676133 73.76979495 -175.3961985 80.76171918 256.1579177 -178.6897148 167.5938768 346.2835916 -0.4830180509 176.3641565 179.6576728 25.52721289 0.6254327623
28 144422 3958 3958 0 0.9769592221 20.55276639 -11.87609787 9.278449588 21.15454745 -179.1628975 178.8501224 358.0130199 1.138093408 13.8622045 179.9043646 22.86733506 0.9686321047
29 153329 442 442 0 -0.6053538762 50.11289982 -13.83372066 10.6551861 24.48890676 -179.2405936 178.2005083 357.441102 -0.008140003199 168.6821831 179.5349075 25.71691812 0.8247703445
30 205453 1614 1614 0 -0.533626348 4.986688838 -6.889406136 9.932549394 16.82195553 -13.97213028 11.80777068 25.77990096 0.2954754001 16.82941376 18.70463505 24.59035422 0.9962203559
31 136639 16522 16522 0 -0.08085763955 1.875608522 -2.951975677 3.276023089 6.227998765 -3.748489826 4.218257879 7.966747705 0.1784224872 3.465588419 4.064661495 18.61834723 0.9994642992
32 182807 9053 9053 0 0.0277075645 4.953386823 -7.410805453 8.69394624 16.10475169 -7.926196272 11.37142026 19.29761653 0.1840548586 14.684796 17.36227002 21.37502616 0.9962679942
33 198441 15179 15179 0 -0.5729000017 5.561013989 -3.531730991 4.379785483 7.911516474 -4.38911848 178.4226056 182.8117241 24.92843281 6.740326908 179.9453505 29.17377557 0.9974275812
34 150972 239 239 0 -0.1657850304 4.212399835 -6.261226668 8.360257002 14.62148367 -12.68208758 12.47609758 25.15818516 0.2744528634 8.987113101 14.01869832 24.48007504 0.9973023983
35 98442 8617 8617 0 -0.6443804123 5.961140632 -10.40788873 9.799350766 20.20723949 -12.17745657 11.13281879 23.31027536 -0.04007676451 19.8340553 21.60362314 25.45787236 0.9945986564
36 65697 7748 7748 0 -0.4706096599 5.575601547 -7.819129163 10.6944301 18.51355926 -12.62491027 16.69627975 29.32119003 0.5359101115 11.92559451 16.63410508 203.1774673 0.9952771184
37 24482 1096 1096 0 0.950218069 8.245749091 -12.28461817 10.70422056 22.98883872 -34.18473707 166.2264605 200.4111976 6.720994618 14.92235903 163.6344002 205.6992182 0.9917423407
38 36376 668 668 0 -1.724971418 10.15605868 -14.58158056 18.38095364 32.9625342 -27.57742584 21.27765471 48.85508056 -0.005147648403 22.64314683 25.27251247 199.0769872 0.9844367882
39 141427 55 55 0 -0.8476665977 89.75989093 -21.20848886 171.036817 192.2453059 -179.1358077 176.6163017 355.7521095 0.2269736764 176.1183925 179.536219 33.21751685 0.3113198666
40 183730 3784 3784 0 -0.3417246907 8.796442877 -11.55142116 11.48661462 23.03803578 -12.53860735 164.28118 176.8197873 1.72389686 13.07490576 162.7621697 24.68410964 0.988811981
41 155074 2350 2350 0 -0.07987649201 6.689615765 -4.931853815 5.714292648 10.64614646 -13.75947225 172.3004782 186.0599504 18.62864008 7.435761714 171.8897769 24.41719228 0.9958891702
42 165603 16631 16631 0 0.04540342211 1.587636159 -2.882485363 2.467961952 5.350447315 -3.916328485 3.09796221 7.014290695 -0.2494288354 3.218538661 4.252381783 30.06690273 0.9996161514
43 155088 2780 2780 0 0.4215025034 3.425426291 -6.904191799 3.119526515 10.02371831 -13.24833384 12.60383585 25.85216969 -0.4641188545 9.470288867 15.27547739 23.86344055 0.9982164378
44 39623 101 101 0 -1.760330315 8.741100838 -9.175121411 15.64590753 24.82102894 -26.24764501 18.30334799 44.550993 0.1609367098 24.14496491 26.80240536 201.1786956 0.9884192127

K=45, phase=forward, parameter=eps [km^2/s^2]
cluster representative_source n_cluster n_valid n_missing median std p05 p95 width90 minimum maximum range skewness error95 error_max angle_origin_deg angle_resultant
0 121224 13092 13092 0 -0.1115994434 0.04023149764 -0.1891294907 -0.07049848248 0.1186310082 -0.1954279546 -0.06486023607 0.1305677186 -0.3562166415 0.09561921955 0.1019176835 nan nan
1 18323 2 2 0 -0.8495274565 0.03547789042 -0.8814575579 -0.8175973552 0.06386020275 -0.885005347 -0.8140495661 0.07095578083 nan 0.06740799179 0.07095578083 nan nan
2 92023 567 567 0 -0.2488968576 0.36347178 -0.9754887326 -0.1080797506 0.867408982 -1.018186568 -0.04393707683 0.9742494914 -0.2886978732 0.7856733268 0.8283711624 nan nan
3 33597 846 846 0 -0.1681079819 0.2513858341 -0.8985889147 -0.04671939824 0.8518695165 -1.020173947 -0.04398107964 0.976192867 -2.102807641 0.741555373 0.8631404049 nan nan
4 164684 67 67 0 -0.2128910456 0.331189672 -0.9703705264 -0.1177820796 0.8525884468 -1.020440955 -0.1148490348 0.9055919202 -0.6154809038 0.7658283381 0.8158987667 nan nan
5 17619 12862 12862 0 -0.9219662232 0.04001764227 -0.9934697307 -0.8673662713 0.1261034594 -1.003371352 -0.8546976511 0.1486737009 -0.2022981903 0.07673246422 0.08940108445 nan nan
6 207815 13732 13732 0 -0.8916537298 0.04661092214 -0.9646532367 -0.834232187 0.1304210497 -0.9698802974 -0.8072756823 0.1626046151 -0.0377275649 0.07641154616 0.1033680509 nan nan
7 18984 821 821 0 -0.8154615418 0.2300037803 -0.8865889243 -0.1616129226 0.7249760017 -0.9771380359 -0.04389160369 0.9332464322 2.006499423 0.6508285026 0.7685498215 nan nan
8 160348 346 346 0 -0.2103452947 0.3244665459 -0.882525427 -0.1148061801 0.7677192469 -1.008423351 -0.05348394016 0.9549394104 -0.6255098096 0.6704463859 0.7963443095 nan nan
9 135518 6 6 0 -0.1371786313 0.2702121333 -0.7084866546 -0.1128684306 0.595618224 -0.8664613228 -0.1064650305 0.7599962924 -2.334231763 0.7535928922 0.7599962924 nan nan
10 33425 4229 4229 0 -0.9401120288 0.04125921347 -0.9838428861 -0.8559010679 0.1279418182 -0.9915765065 -0.8451594744 0.1464170321 0.4788956854 0.07970525397 0.0904468475 nan nan
11 74439 4641 4641 0 -0.2176414582 0.1786530638 -0.8723390078 -0.1275447987 0.7447942091 -0.9806700746 -0.1214804134 0.8591896611 -3.168059014 0.6579561714 0.7662872382 nan nan
12 19875 1653 1653 0 -0.129418903 0.3147086476 -0.9627921154 -0.0488251877 0.9139669277 -1.020656292 -0.04437929461 0.9762769969 -1.517432611 0.8491730285 0.9070372046 nan nan
13 212089 8872 8872 0 -0.8778238046 0.2293661223 -0.9604270792 -0.169835149 0.7905919303 -0.9737811427 -0.06573003872 0.908051104 2.410915859 0.74484045 0.8489455603 nan nan
14 205841 850 850 0 -0.2330545936 0.3735086208 -0.9749027209 -0.117041419 0.8578613019 -1.019546536 -0.05328568489 0.966260851 -0.1681742489 0.8591026679 0.9037464829 nan nan
15 119732 160 160 0 -0.2148375221 0.3716433284 -0.9746507586 -0.1170481251 0.8576026335 -0.9826458788 -0.1119663192 0.8706795597 -0.232189091 0.8515632701 0.8595583903 nan nan
16 181737 10 10 0 -0.20972448 0.3907848451 -0.967874378 -0.07917184247 0.8887025355 -0.9752300855 -0.05015293497 0.9250771505 -0.4765883545 0.8531414249 0.8604971325 nan nan
17 131983 5 5 0 -0.2066282411 0.02778576411 -0.210218544 -0.1468870862 0.06333145781 -0.2103713249 -0.1375403494 0.07283097543 1.672103283 0.07267819455 0.07283097543 nan nan
18 141617 347 347 0 -0.2582217658 0.3531387486 -0.9716870901 -0.1115090316 0.8601780584 -1.013659331 -0.04380499307 0.9698543381 -0.07896584894 0.7785125053 0.8204847464 nan nan
19 56847 8304 8304 0 -0.2058037309 0.2499852555 -0.9348204059 -0.1579114176 0.7769089883 -0.9823104063 -0.1464438773 0.835866529 -2.030352852 0.7123067402 0.7597967406 nan nan
20 40578 9009 9009 0 -0.9503615893 0.05149401891 -1.003376274 -0.854947392 0.1484288821 -1.008564402 -0.8467056529 0.1618587488 0.3341182679 0.1172307217 0.1254724608 nan nan
21 42021 3278 3278 0 -0.1965565416 0.3185166713 -0.9745753606 -0.1227891548 0.8517862058 -0.97968998 -0.1115338249 0.8681561551 -1.268309685 0.8176004222 0.8227150416 nan nan
22 30090 121 121 0 -0.2060453966 0.3514227982 -0.9270167368 -0.1115649728 0.815451764 -1.019495257 -0.05154323718 0.9679520199 -0.3603207155 0.8202728302 0.9127513505 nan nan
23 214750 5704 5704 0 -0.8484532166 0.341238034 -0.9621819353 -0.1209899643 0.841191971 -0.9745868416 -0.0812297228 0.8933571188 0.6072454925 0.7297449094 0.7695051509 nan nan
24 70955 6104 6104 0 -0.2250322399 0.1417052221 -0.2563023241 -0.1318764806 0.1244258435 -0.9808685396 -0.1252854396 0.8555831 -4.047277856 0.1025477994 0.751233202 nan nan
25 77199 4513 4513 0 -0.2092441438 0.3061750741 -0.940090566 -0.1278269191 0.8122636469 -0.9805593027 -0.1189993533 0.8615599493 -1.164040174 0.7454769327 0.7859456694 nan nan
26 115244 3048 3048 0 -0.8249397506 0.3363450807 -0.9663307055 -0.1267388834 0.8395918221 -1.020820046 -0.1056320631 0.9151879829 0.2349732625 0.7890123081 0.8435016485 nan nan
27 166403 32 32 0 -0.212574239 0.3416772203 -0.950340017 -0.118906785 0.831433232 -0.9762101608 -0.1161545194 0.8600556414 -0.5461719694 0.7502148314 0.7760849752 nan nan
28 144422 3958 3958 0 -0.1841634331 0.3078705572 -0.8816825286 -0.1153952109 0.7662873177 -1.020807534 -0.04908872114 0.971718813 -1.025319402 0.763520816 0.9026458215 nan nan
29 153329 442 442 0 -0.1959971215 0.3081186095 -0.9232904229 -0.1212237595 0.8020666634 -1.020582924 -0.04380055914 0.9767823647 -1.034761899 0.7199682761 0.817260777 nan nan
30 205453 1614 1614 0 -0.2075037752 0.3702873587 -0.9745794358 -0.1148234093 0.8597560265 -1.019554213 -0.1071287206 0.9124254926 -0.2780733737 0.8448804766 0.889855254 nan nan
31 136639 16522 16522 0 -0.1227508321 0.03048701375 -0.1732382086 -0.07874803668 0.09449017189 -0.1834848422 -0.07181255767 0.1116722845 -0.1120299278 0.07221037691 0.08245701053 nan nan
32 182807 9053 9053 0 -0.1295975986 0.04104942178 -0.1965335315 -0.06579963685 0.1307338946 -0.2004609763 -0.06097601898 0.1394849573 -0.03013430655 0.08129601862 0.08522346341 nan nan
33 198441 15179 15179 0 -0.8848387024 0.04125218201 -0.9561078187 -0.8317650434 0.1243427753 -0.9634949454 -0.8075170312 0.1559779143 -0.1479352589 0.07417736802 0.09842538026 nan nan
34 150972 239 239 0 -0.2092489317 0.3458545735 -0.946268087 -0.1210184748 0.8252496121 -0.9729762613 -0.08637899477 0.8865972665 -0.4448335199 0.7591439299 0.7858521042 nan nan
35 98442 8617 8617 0 -0.1826774618 0.3589155813 -0.9675976728 -0.07001162071 0.8975860521 -0.972590258 -0.05885393284 0.9137363251 -0.8857353623 0.8205332781 0.8255258633 nan nan
36 65697 7748 7748 0 -0.2215469245 0.1609029311 -0.8125825409 -0.1410344743 0.6715480666 -0.981302517 -0.1326471327 0.8486553843 -3.636002465 0.5771605632 0.7458805393 nan nan
37 24482 1096 1096 0 -0.8269093524 0.220034656 -0.8823442352 -0.1880372698 0.6943069655 -0.9688544959 -0.04838332581 0.9204711701 2.18854032 0.6405253962 0.7801793402 nan nan
38 36376 668 668 0 -0.2046316856 0.2869906109 -0.8730956914 -0.1158547061 0.7572409853 -0.9997486344 -0.04448022926 0.9552684051 -1.332218537 0.7559294687 0.8825824117 nan nan
39 141427 55 55 0 -0.212429389 0.3530787613 -0.9690132325 -0.1029113648 0.8661018677 -0.9756274671 -0.04671985241 0.9289076147 -0.6341503524 0.7779457178 0.7845599525 nan nan
40 183730 3784 3784 0 -0.8431359929 0.3064292736 -0.959502908 -0.1386621265 0.8208407814 -0.9750473145 -0.1052357705 0.869811544 1.016085253 0.7290258738 0.7624522299 nan nan
41 155074 2350 2350 0 -0.2073192021 0.3505543949 -0.9454811456 -0.1147139036 0.830767242 -1.020392173 -0.1064643803 0.9139277929 -0.4990287548 0.74367672 0.8185877477 nan nan
42 165603 16631 16631 0 -0.9046478556 0.02323469489 -0.9415584979 -0.8661139548 0.07544454311 -0.9509670312 -0.8558643358 0.09510269547 0.03899034344 0.0497672291 0.06001684809 nan nan
43 155088 2780 2780 0 -0.2035269816 0.3313795801 -0.9134261981 -0.1115368475 0.8018893506 -1.01856245 -0.1063082043 0.9122542455 -0.7961651002 0.7964839242 0.901620176 nan nan
44 39623 101 101 0 -0.2124061618 0.3619744417 -0.970149598 -0.1226221826 0.8475274155 -1.015045605 -0.1150857631 0.8999598423 -0.2077886328 0.8450424862 0.8899384936 nan nan

K=45, phase=forward, parameter=e [-]
cluster representative_source n_cluster n_valid n_missing median std p05 p95 width90 minimum maximum range skewness error95 error_max angle_origin_deg angle_resultant
0 121224 13092 13092 0 0.7334796251 0.09783058305 0.5433014021 0.8319716036 0.2886702015 0.527288295 0.8454201121 0.3181318171 -0.3717565322 0.2335584977 0.2495716048 nan nan
1 18323 2 2 0 0.2765331359 0.08185710727 0.2028617394 0.3502045325 0.1473427931 0.1946760287 0.3583902432 0.1637142145 nan 0.1555285038 0.1637142145 nan nan
2 92023 567 567 0 0.4875979909 0.1540171522 0.2328519718 0.7421282572 0.5092762853 0.1809474942 0.89531873 0.7143712358 0.4120914232 0.3333331721 0.3609148143 nan nan
3 33597 846 846 0 0.5959846203 0.1785790863 0.3182876223 0.8886829684 0.5703953461 0.1708617995 0.8952125964 0.724350797 -0.00865894541 0.3046732351 0.4520990579 nan nan
4 164684 67 67 0 0.4921002768 0.154826804 0.2303112291 0.7184951316 0.4881839025 0.1698141831 0.7255488052 0.5557346221 -0.1494726889 0.2733311542 0.3338282002 nan nan
5 17619 12862 12862 0 0.4239177894 0.06715798172 0.3229842799 0.5349450254 0.2119607455 0.2961950764 0.5489652398 0.2527701634 0.05797241705 0.1373838517 0.1641730552 nan nan
6 207815 13732 13732 0 0.3711804907 0.08775868287 0.2495624421 0.4927738669 0.2432114247 0.1717135199 0.5006027923 0.3288892724 -0.1888860586 0.1558361072 0.2336850294 nan nan
7 18984 821 821 0 0.2150913484 0.141532574 0.1877714312 0.6113309191 0.4235594879 0.1702037848 0.8954250633 0.7252212785 1.878369734 0.4232725466 0.7073666907 nan nan
8 160348 346 346 0 0.4909843181 0.1744083335 0.2160382727 0.7256409611 0.5096026884 0.1710108793 0.8726010776 0.7015901983 -0.08790591518 0.2690258355 0.3882132175 nan nan
9 135518 6 6 0 0.6715514877 0.1555257848 0.348293019 0.7302934395 0.3820004206 0.3227618847 0.7457509923 0.4229891076 -0.9974301184 0.4075315548 0.4229891076 nan nan
10 33425 4229 4229 0 0.4545743364 0.07073803356 0.2993610931 0.5212424715 0.2218813783 0.2751346524 0.532431477 0.2572968247 -0.6389332471 0.1480729228 0.1722993635 nan nan
11 74439 4641 4641 0 0.4708802978 0.101023598 0.3723689435 0.6947994781 0.3224305346 0.1685723685 0.7095199269 0.5409475584 0.2888578962 0.2209161098 0.3101123485 nan nan
12 19875 1653 1653 0 0.6904949625 0.182106874 0.3585644201 0.883687965 0.5251235449 0.1705568463 0.8942666422 0.7237097959 -0.2515157447 0.3703579241 0.5583654978 nan nan
13 212089 8872 8872 0 0.3966198194 0.112372919 0.2475285137 0.5914223434 0.3438938297 0.1714017878 0.8433142145 0.6719124267 0.8375655503 0.230819517 0.4309080611 nan nan
14 205841 850 850 0 0.5011861233 0.1211938214 0.2517299315 0.7203023379 0.4685724064 0.1700666531 0.8730731742 0.703006521 -0.03995050258 0.4714764368 0.5531397152 nan nan
15 119732 160 160 0 0.5023482135 0.1264643918 0.3004758543 0.7202346174 0.4197587631 0.2111501826 0.7324631508 0.5213129682 -0.008891070634 0.4052143514 0.4945400232 nan nan
16 181737 10 10 0 0.5003838371 0.1856413395 0.3161793538 0.8110138633 0.4948345096 0.1866941953 0.8805307354 0.6938365401 -0.3023406652 0.4096474568 0.5391326153 nan nan
17 131983 5 5 0 0.4982703594 0.06936785208 0.4893092841 0.6475657489 0.1582564648 0.4889069363 0.6706533025 0.1817463661 1.654469893 0.1813440184 0.1817463661 nan nan
18 141617 347 347 0 0.4356058128 0.158906989 0.2173677363 0.7336278968 0.5162601606 0.1715385983 0.8956290612 0.7240904629 0.6641807841 0.3331512021 0.3622975799 nan nan
19 56847 8304 8304 0 0.5046124945 0.08039509863 0.3384352499 0.6206291235 0.2821938736 0.2022468463 0.6488027458 0.4465558995 -0.7413589087 0.1733945245 0.2538969263 nan nan
20 40578 9009 9009 0 0.4704388495 0.08658445303 0.2971008199 0.5489915587 0.2518907388 0.2786443418 0.5562090262 0.2775646844 -0.4528684108 0.2067533742 0.2252098524 nan nan
21 42021 3278 3278 0 0.5247529825 0.108125033 0.3496142934 0.7064602093 0.3568459159 0.1698731259 0.7339226137 0.5640494878 -0.3501903941 0.2741458041 0.4538869717 nan nan
22 30090 121 121 0 0.5028994742 0.1693153812 0.2152378304 0.7334322569 0.5181944266 0.2028562528 0.8772211912 0.6743649384 -0.0968167265 0.5298490172 0.5422305947 nan nan
23 214750 5704 5704 0 0.4300261567 0.1337500466 0.2575579256 0.710776893 0.4532189674 0.1712454309 0.8062493164 0.6350038855 0.5257200729 0.4218107775 0.5172832008 nan nan
24 70955 6104 6104 0 0.4511883005 0.11076514 0.3720211617 0.6842845948 0.3122634331 0.1686095736 0.7003047971 0.5316952235 0.2446827026 0.2483367403 0.2692374539 nan nan
25 77199 4513 4513 0 0.4940817629 0.1000298154 0.3064887863 0.6941421179 0.3876533315 0.1697281883 0.7155134314 0.545785243 -0.02823674615 0.2233000858 0.3600606838 nan nan
26 115244 3048 3048 0 0.3734896886 0.1467441479 0.2181770911 0.6968049627 0.4786278716 0.1711237845 0.7477535209 0.5766297364 0.5236217503 0.3550909053 0.4021442119 nan nan
27 166403 32 32 0 0.48690144 0.1444647898 0.2391982903 0.7157491919 0.4765509016 0.2175986184 0.7228341204 0.505235502 -0.07718713886 0.2763545205 0.2979541923 nan nan
28 144422 3958 3958 0 0.556944225 0.1691087914 0.2194193613 0.7242714113 0.5048520499 0.1700181651 0.883062881 0.7130447159 -0.6310697948 0.4981812763 0.5475824725 nan nan
29 153329 442 442 0 0.5286016513 0.1553445495 0.2236807479 0.7101930166 0.4865122687 0.1710055509 0.8956399398 0.7246343889 -0.4729973267 0.2851693962 0.3888551594 nan nan
30 205453 1614 1614 0 0.5069923641 0.1316889495 0.2519878936 0.7256236033 0.4736357098 0.1707323136 0.7441691679 0.5734368543 -0.2064317792 0.4377408759 0.5189964558 nan nan
31 136639 16522 16522 0 0.7066945015 0.07385578588 0.5831072383 0.8122421664 0.2291349281 0.5575119264 0.8288230948 0.2713111684 -0.1282388808 0.1758080652 0.2014033771 nan nan
32 182807 9053 9053 0 0.6898184556 0.1000288013 0.5244720932 0.8431831442 0.318711051 0.5143989405 0.854689212 0.3402902714 -0.05415789766 0.2004458896 0.2105190423 nan nan
33 198441 15179 15179 0 0.3584189546 0.0782363918 0.2442794068 0.4796540413 0.2353746345 0.1726000139 0.4909604824 0.3183604685 -0.09177718131 0.1528462143 0.2245256073 nan nan
34 150972 239 239 0 0.4964637549 0.1476023 0.2283883778 0.7106901273 0.4823017495 0.1711696775 0.7939072291 0.6227375516 -0.1991068819 0.3202850866 0.3775037868 nan nan
35 98442 8617 8617 0 0.5592723107 0.1407677572 0.3151633054 0.8331631384 0.517999833 0.1716128969 0.8597500074 0.6881371105 -0.1658017682 0.3323328546 0.4758832631 nan nan
36 65697 7748 7748 0 0.4634279021 0.1016803474 0.3801297286 0.6620213332 0.2818916045 0.1716854778 0.6824377185 0.5107522407 0.1521346945 0.2407726645 0.2607417308 nan nan
37 24482 1096 1096 0 0.2341103685 0.1187290248 0.2021506063 0.5463751708 0.3442245645 0.1788073526 0.884741556 0.7059342034 1.977341194 0.3111737849 0.6495401702 nan nan
38 36376 668 668 0 0.5058824279 0.1586593016 0.2315192369 0.7231109991 0.4915917622 0.1697123633 0.8940264166 0.7243140533 -0.3681790599 0.488406883 0.5502137566 nan nan
39 141427 55 55 0 0.4950671217 0.1484274385 0.3119958212 0.7545192634 0.4425234421 0.2153038587 0.8887012719 0.6733974132 0.4964400183 0.2605000037 0.3505427162 nan nan
40 183730 3784 3784 0 0.3628800434 0.1311776078 0.2451746213 0.6678989415 0.4227243202 0.1711702751 0.748711117 0.577540842 0.9040155994 0.3426511253 0.4234633009 nan nan
41 155074 2350 2350 0 0.4973379824 0.1408565564 0.2509848038 0.7258465325 0.4748617287 0.1707027167 0.7457457985 0.5750430818 -0.1449865015 0.2602042329 0.34048632 nan nan
42 165603 16631 16631 0 0.3946438149 0.04162673352 0.3213637505 0.4567304072 0.1353666567 0.2996806457 0.4716169321 0.1719362864 -0.1616139399 0.09294285556 0.1146259604 nan nan
43 155088 2780 2780 0 0.5084854785 0.1638745436 0.2275784951 0.7335310596 0.5059525645 0.1703338182 0.7461339861 0.5758001679 -0.305553365 0.4928716507 0.5501163276 nan nan
44 39623 101 101 0 0.5007548339 0.1524927936 0.2381707174 0.70681372 0.4686430026 0.204969503 0.7249603189 0.5199908159 -0.3450758172 0.4626368981 0.4958381125 nan nan

K=45, phase=forward, parameter=w [deg]
cluster representative_source n_cluster n_valid n_missing median std p05 p95 width90 minimum maximum range skewness error95 error_max angle_origin_deg angle_resultant
0 121224 13092 13092 0 -0.3660088986 4.952181482 -7.454545989 8.570020094 16.02456608 -10.39430466 12.06521702 22.45952168 0.2041058197 9.333351351 12.7416745 171.4631598 0.9962699479
1 18323 2 2 0 0 7.781846666 -7.003661999 7.003661999 14.007324 -7.781846666 7.781846666 15.56369333 nan 14.78550866 15.56369333 120.8524591 0.9907907902
2 92023 567 567 0 11.2054965 85.65776386 -165.9979745 31.2925591 197.2905336 -173.9187341 43.08385338 217.0025875 -0.3068762164 178.4782254 179.998039 332.1458032 0.1649182613
3 33597 846 846 0 -0.466345976 59.0199547 -113.1302881 161.6311187 274.7614068 -179.5801367 179.9279119 359.5080486 0.2735635804 171.2875969 179.7277173 292.9993432 0.7576952871
4 164684 67 67 0 -3.626024552 100.4758768 -176.2410489 172.2353167 348.4763656 -179.1229558 179.4360953 358.5590512 -0.03433260439 175.4278204 178.5807091 157.6670271 0.2847243867
5 17619 12862 12862 0 -0.5810199224 4.634052755 -6.412942706 8.270021443 14.68296415 -7.058523338 13.07197942 20.13050276 0.4419024462 8.965270963 13.76722894 296.4680155 0.9967333543
6 207815 13732 13732 0 -0.5807321064 5.503407504 -7.667907639 9.027145826 16.69505347 -11.89009412 36.87782455 48.76791867 1.388266532 13.01097345 40.86165218 17.2155119 0.9954155766
7 18984 821 821 0 -1.662843682 61.35488864 -11.26268563 171.6468377 182.9095233 -179.5682181 179.667238 359.2354561 1.661740287 164.5884287 176.6116617 169.1345878 0.7106826865
8 160348 346 346 0 1.100221982 100.4709087 -174.7433499 175.5560461 350.299396 -179.7155558 179.4815974 359.1971533 0.01583206877 176.7277695 179.9014083 44.89721324 0.308960522
9 135518 6 6 0 -2.740874628 62.88339978 -17.4217241 126.121736 143.5434601 -20.87123845 162.7665478 183.6377862 2.289801053 174.7315925 176.3622138 244.5584294 0.6549556375
10 33425 4229 4229 0 -1.618371357 9.352174283 -13.28824371 17.59780842 30.88605213 -16.00675675 24.85780474 40.86456149 0.4941416875 27.91194994 35.17194626 327.7870547 0.9867511141
11 74439 4641 4641 0 0.2893764704 45.08371533 -169.3341429 11.30380611 180.637949 -179.7340441 179.9396658 359.6737099 -2.216092102 174.3631643 179.9716573 207.1756971 0.8544233994
12 19875 1653 1653 0 -0.3500054392 73.07636453 -168.9569948 170.5191092 339.476104 -179.9728702 179.9485373 359.9214075 -0.08940735671 174.9318393 179.9662113 265.1081568 0.6298657672
13 212089 8872 8872 0 -1.582930536 57.31583097 -168.6478068 37.15414577 205.8019526 -179.9938201 179.9989604 359.9927805 -0.3458028487 174.7111786 179.9943835 32.02295211 0.7756001169
14 205841 850 850 0 21.35054024 86.76415004 -150.5225636 43.65081535 194.1733789 -159.3455422 51.519639 210.8651812 -0.160057908 177.1746772 179.9358386 301.243435 0.09811602343
15 119732 160 160 0 4.59600891 89.60214367 -169.8368649 28.4044288 198.2412937 -175.9447007 175.9260525 351.8707532 -0.1497187315 179.0820433 179.8663555 75.00067653 0.1140884503
16 181737 10 10 0 18.86831575 80.08885418 -136.3670387 42.28730448 178.6543431 -137.4764664 45.12037468 182.5968411 -0.4530925129 157.1348927 158.2443205 180.0800109 0.2413934118
17 131983 5 5 0 0.6266137685 3.843769414 -4.376166938 5.023772548 9.399939486 -4.470707341 5.758127098 10.22883444 0.246101866 9.494479889 10.22883444 268.3903734 0.9977510762
18 141617 347 347 0 5.18634989 89.32761851 -172.2979789 32.02033424 204.3183131 -179.8949759 42.94061413 222.8355901 -0.1073340246 178.0806227 179.9249859 352.3427483 0.05604662164
19 56847 8304 8304 0 -0.3710451111 64.25980145 -168.4427121 163.7724906 332.2152027 -179.9854998 179.9792233 359.9647231 -0.103226179 172.3157533 179.9938558 167.3800434 0.7154294994
20 40578 9009 9009 0 0.08811415635 6.401720955 -11.08640709 10.76623184 21.85263893 -14.35278632 17.33474761 31.68753393 0.01289626773 12.46619337 17.14029324 308.044405 0.9937747394
21 42021 3278 3278 0 0.0297654338 83.3012609 -175.6776306 175.7672245 351.4448551 -179.9986062 179.966605 359.9652112 -0.1131448472 177.9949978 179.9796394 239.7550022 0.5356667071
22 30090 121 121 0 13.61279275 84.10566427 -160.338386 31.15631922 191.4947053 -173.9406807 39.64307596 213.5837567 -0.3633658345 177.5738249 179.9864294 25.15789902 0.1955387837
23 214750 5704 5704 0 -3.37737656 103.2158749 -177.1267104 176.1736227 353.3003331 -179.9965268 179.9938138 359.9903406 0.001410063004 177.2394696 179.9978983 44.71093676 0.2876247107
24 70955 6104 6104 0 -0.3406391987 35.55931387 -10.76440183 12.24737094 23.01177278 -179.5188168 179.9763414 359.4951582 -0.9296854942 16.47911723 179.981737 193.1712538 0.9108014523
25 77199 4513 4513 0 0.5400734739 85.47475981 -176.818534 176.3316883 353.1502223 -179.9754981 179.9901253 359.9656234 -0.2139858798 178.3665908 179.9933548 220.7402415 0.5037963482
26 115244 3048 3048 0 0.2160857066 88.3268412 -169.2984286 42.81765798 212.1160866 -179.5145437 179.47447 358.9890136 -0.1991963558 176.0683131 179.9662664 55.18998267 0.1146843343
27 166403 32 32 0 -2.331612973 102.9874484 -173.5491605 168.4871813 342.0363418 -178.182817 174.2123688 352.3951859 0.00263102451 175.713971 179.6523724 181.6838367 0.2526004181
28 144422 3958 3958 0 -1.623917128 84.90589552 -165.3349833 170.3363777 335.671361 -179.4744392 179.9946327 359.4690719 0.1861956888 174.2551518 179.9923185 275.3440086 0.4670604521
29 153329 442 442 0 -0.2677776851 88.06999481 -177.1122642 170.2802959 347.3925601 -179.7388916 179.9923856 359.7312772 -0.1868244299 178.4866819 179.9775131 28.8261024 0.4614371356
30 205453 1614 1614 0 16.22135665 85.57453291 -155.152203 33.47055327 188.6227562 -177.1445681 179.0131789 356.157747 -0.2603311862 173.1328732 179.9796425 292.4384394 0.1499874787
31 136639 16522 16522 0 -0.2894852082 4.173190867 -6.058543513 7.143885479 13.20242899 -6.659779824 10.65944112 17.31922094 0.2888287064 7.633745386 11.14930102 157.5362239 0.9973499735
32 182807 9053 9053 0 -0.2389704913 5.633881302 -9.550628448 9.768842926 19.31947137 -13.12386546 13.55264308 26.67650854 0.08031307276 14.99849814 18.7822983 185.6793848 0.9951754607
33 198441 15179 15179 0 -0.1761204775 3.909475439 -6.067836426 6.289326676 12.3571631 -7.926844266 20.22287071 28.14971498 0.3618825382 8.035268997 21.96881303 5.756406729 0.9976749345
34 150972 239 239 0 1.989835326 92.25131899 -175.5043823 21.38459107 196.8889733 -179.5984358 179.4672682 359.065704 -0.1291712499 177.9930459 179.8981808 57.88421556 0.217457326
35 98442 8617 8617 0 -0.5219377447 80.40589401 -175.0826066 16.87074567 191.9533523 -179.9914268 179.991286 359.9827128 -0.8285918153 178.9561181 179.9994707 198.4532159 0.4093524597
36 65697 7748 7748 0 -0.4799398494 40.13387782 -8.315220955 10.98435146 19.29957241 -179.8541054 179.7370658 359.5911711 -0.5814036986 162.1487574 179.8737115 179.4814652 0.8879986722
37 24482 1096 1096 0 0.7072280357 60.58280529 -15.57418833 175.1183162 190.6925045 -179.6876898 179.8507782 359.538468 1.566494352 175.3874639 179.9872048 153.3229231 0.7378092219
38 36376 668 668 0 -0.05734249362 73.13611587 -173.8844503 14.27112298 188.1555732 -178.097416 179.6739799 357.7713959 -1.059770789 176.1321917 179.8731272 308.058742 0.563410153
39 141427 55 55 0 0.07432565538 100.2912652 -172.6239972 178.1077017 350.7316989 -176.5362664 179.5779796 356.114246 0.0191984577 175.8847302 179.819671 115.1158956 0.3022608113
40 183730 3784 3784 0 -5.359861847 89.70667663 -175.9186198 174.685293 350.6039128 -179.9738953 179.993077 359.9669722 -0.140773182 177.1168529 179.9915036 56.14310279 0.4407261882
41 155074 2350 2350 0 5.82340941 84.7133063 -168.7223896 18.48099842 187.2033881 -178.502796 178.7475733 357.2503693 -0.4579319509 178.4432873 179.9833485 291.1429306 0.250428176
42 165603 16631 16631 0 -0.2712099489 3.283789835 -4.695238447 5.97215409 10.66739254 -5.164019859 8.125059021 13.28907888 0.3633411965 6.548687407 8.701592339 355.6511143 0.9983586224
43 155088 2780 2780 0 3.479912828 86.68747485 -167.7683469 19.13490319 186.9032501 -179.9619448 179.9573012 359.9192459 -0.2852401971 173.8447604 179.9777971 281.3392957 0.384118235
44 39623 101 101 0 4.111024867 107.8068527 -174.4532372 174.6611248 349.114362 -178.3383994 178.1477486 356.486148 0.1790215787 177.3550345 179.9595742 59.48051271 0.09631733781

K=50, STD=0.01832456511
n = trajectories per cluster; conditions overlap.
n = 1: clusters=0/50 (0.00%); trajectories=0/194058 (0.00%)
n < 10: clusters=3/50 (6.00%); trajectories=13/194058 (0.01%)
n < 100: clusters=8/50 (16.00%); trajectories=179/194058 (0.09%)

K=50, phase=backward, parameter=eps [km^2/s^2]
cluster representative_source n_cluster n_valid n_missing median std p05 p95 width90 minimum maximum range skewness error95 error_max angle_origin_deg angle_resultant
0 120085 12103 12103 0 -0.1062100915 0.03991378593 -0.1864496914 -0.07150759767 0.1149420937 -0.1930229813 -0.0661136329 0.1269093484 -0.4082144989 0.08154202318 0.08811531308 nan nan
1 18323 2 2 0 -0.4690906312 0.3478261536 -0.7821341694 -0.156047093 0.6260870764 -0.8169167848 -0.1212644777 0.6956523071 nan 0.6608696917 0.6956523071 nan nan
2 191834 241 241 0 -0.2456665408 0.323407563 -0.9532534269 -0.1157786266 0.8374748003 -1.002029453 -0.04390831563 0.9581211375 -0.7710658941 0.7405068744 0.7892829006 nan nan
3 21848 1243 1243 0 -0.8368768736 0.05333644439 -0.9742690362 -0.8108140216 0.1634550146 -1.020739299 -0.8067739195 0.2139653795 -1.139702648 0.1419254462 0.188395709 nan nan
4 166688 37 37 0 -0.1990283461 0.2391766527 -0.8546415151 -0.1155138655 0.7391276496 -0.9482859652 -0.1140878782 0.834198087 -2.132703992 0.6583859192 0.7520303692 nan nan
5 16122 11334 11334 0 -0.8982276118 0.02881914739 -0.954006136 -0.8608892895 0.09311684645 -0.9686257373 -0.8526658548 0.1159598826 -0.3593713218 0.05314910624 0.06115437192 nan nan
6 68933 8449 8449 0 -0.1367389497 0.04098042254 -0.1988803325 -0.06366562664 0.1352147059 -0.2071613933 -0.05881779331 0.1483436 0.1910751662 0.07640315173 0.08125098507 nan nan
7 20953 1672 1672 0 -0.8262553585 0.04057600101 -0.9534935352 -0.8124791252 0.1410144099 -1.014745879 -0.8072504362 0.2074954424 -2.221432777 0.1288999074 0.1901522508 nan nan
8 150972 220 220 0 -0.1882017926 0.03706733643 -0.2129883261 -0.1165046017 0.09648372438 -0.2572323344 -0.1080591655 0.1491731688 0.2682842649 0.06102327415 0.0807883014 nan nan
9 135518 6 6 0 -0.1963788319 0.3181916373 -0.8258968552 -0.1161837605 0.7097130947 -1.017669023 -0.1143848122 0.9032842111 -2.299179485 0.6730524035 0.8648245716 nan nan
10 34109 2879 2879 0 -0.934598473 0.03837009736 -0.981839795 -0.8576355304 0.1242042647 -0.9843327947 -0.8447556527 0.139577142 0.4111236453 0.07690886145 0.08978873911 nan nan
11 74050 4618 4618 0 -0.910814246 0.04854940797 -0.969004932 -0.8268657612 0.1421391708 -0.9805758909 -0.8066250979 0.173950793 0.2430181576 0.07710661064 0.09592990347 nan nan
12 147104 3217 3217 0 -0.1594440831 0.09480680827 -0.2528970008 -0.04783202456 0.2050649762 -0.9751294805 -0.04399860248 0.931130878 -4.699657166 0.1209533216 0.8075529293 nan nan
13 163834 6163 6163 0 -0.1964668131 0.03865926564 -0.2347074609 -0.1139029431 0.1208045178 -0.8147837897 -0.0669679492 0.7478158405 0.02535484155 0.08443433719 0.6164683933 nan nan
14 107650 688 688 0 -0.1987788034 0.2722382481 -0.9513034578 -0.1155160691 0.8357873887 -0.977068577 -0.04413887266 0.9329297044 -1.748343176 0.7560814781 0.7818465973 nan nan
15 206248 51 51 0 -0.2315550442 0.3514854143 -0.9727861091 -0.08690589622 0.8858802128 -1.009825645 -0.04407832883 0.9657473166 -0.6085829701 0.77402726 0.8110667963 nan nan
16 181737 10 10 0 -0.1786925102 0.2723479171 -0.8262330792 -0.08533407599 0.7408990032 -0.8282834719 -0.08004922341 0.7482342485 -1.667339141 0.734439739 0.7364901317 nan nan
17 131983 5 5 0 -0.1650838202 0.3028923993 -0.7745440715 -0.1336164932 0.6409275783 -0.9166889312 -0.1302674045 0.7864215267 -2.198007291 0.6275312234 0.7696760831 nan nan
18 157143 463 463 0 -0.1745141506 0.1288859717 -0.2573601753 -0.1151842366 0.1421759388 -1.002368343 -0.04387907749 0.9584892652 -4.920400966 0.07329919723 0.8173792551 nan nan
19 57466 8022 8022 0 -0.9016848911 0.02704975722 -0.9413316399 -0.8602593343 0.08107230563 -0.9818507958 -0.8179914109 0.1638593849 -0.100445435 0.05150849095 0.08650824302 nan nan
20 46106 6966 6966 0 -0.9811611144 0.0445231176 -1.003646471 -0.8593282061 0.144318265 -1.008211642 -0.8484730221 0.1597386201 1.295062378 0.1271366081 0.1379917921 nan nan
21 45927 2859 2859 0 -0.8725913529 0.04990264754 -0.974320219 -0.8315268244 0.1427933946 -0.9804838093 -0.8067280478 0.1737557615 -0.4078354122 0.1268829558 0.1330465462 nan nan
22 30090 121 121 0 -0.8317861948 0.03849391733 -0.9580419344 -0.8174409965 0.1406009378 -0.9770515556 -0.8068393667 0.1702121889 -2.132199182 0.1288511329 0.1478607542 nan nan
23 209561 4334 4334 0 -0.1915861553 0.03767701429 -0.2466631333 -0.1190201971 0.1276429363 -0.2573379056 -0.104899074 0.1524388316 0.2986797244 0.08192017405 0.09259494633 nan nan
24 69805 5778 5778 0 -0.9017868239 0.04823692564 -0.9654117756 -0.8318031714 0.1336086043 -0.9808925592 -0.8063623697 0.1745301895 0.1243149789 0.0741769589 0.09517007666 nan nan
25 74825 4469 4469 0 -0.9013182454 0.04308835724 -0.9656936459 -0.8336912612 0.1320023847 -0.9805267118 -0.8066103601 0.1739163517 0.08195534784 0.07435014545 0.09107718655 nan nan
26 202072 1928 1928 0 -0.2036284651 0.07762090665 -0.2580971383 -0.07617766978 0.1819194685 -0.9686386256 -0.05308454895 0.9155540767 -2.549454175 0.1388904564 0.7544419424 nan nan
27 89065 24 24 0 -0.1812018149 0.2948319646 -0.9230788738 -0.1182194316 0.8048594422 -0.9721623627 -0.1149837325 0.8571786302 -1.522893578 0.8080951413 0.8571786302 nan nan
28 152444 2507 2507 0 -0.166895613 0.06675425466 -0.2465905466 -0.05683085342 0.1897596932 -0.8134661899 -0.04391779137 0.7695483985 -3.428498146 0.1214341445 0.6364423531 nan nan
29 149492 297 297 0 -0.1782152045 0.05609804364 -0.2212983331 -0.1093740058 0.1119243273 -0.8090260609 -0.1065462382 0.7024798227 -4.874693505 0.0676021781 0.634687134 nan nan
30 206040 1056 1056 0 -0.1896138932 0.03845229487 -0.2206202069 -0.1138087678 0.1068114391 -0.2584258867 -0.04415323856 0.2142726481 0.5319286447 0.0751295065 0.1447850357 nan nan
31 137525 14562 14562 0 -0.1244334395 0.02959452969 -0.1712714545 -0.07970591268 0.09156554185 -0.1805210524 -0.0730798262 0.1074412262 -0.04101594102 0.05799447492 0.06724407275 nan nan
32 204761 11416 11416 0 -0.224685596 0.04663502139 -0.251061192 -0.1337061346 0.1173550574 -0.8079135207 -0.1273900586 0.6805234622 -2.392060991 0.0974603054 0.5768622779 nan nan
33 183865 9593 9593 0 -0.1234972562 0.0403629435 -0.1946961505 -0.06676143959 0.1279347109 -0.1995276902 -0.06202471593 0.1375029742 -0.1679215711 0.06950959872 0.07424632238 nan nan
34 105411 143 143 0 -0.2090199711 0.3302417409 -0.9635855811 -0.1161719433 0.8474136378 -0.9770401771 -0.07489050235 0.9021496748 -0.8988369942 0.7708405934 0.7842951894 nan nan
35 211735 6832 6832 0 -0.2100155077 0.0357795479 -0.2454329369 -0.1305615609 0.114871376 -0.8145714641 -0.1154646301 0.699106834 -3.002627484 0.07917851217 0.6050242289 nan nan
36 65332 7072 7072 0 -0.8964798202 0.04178728208 -0.9560231019 -0.8368004023 0.1192226995 -0.9813008367 -0.8077013291 0.1735995076 0.06168800309 0.070412121 0.09514619329 nan nan
37 36132 736 736 0 -0.879859577 0.05434693097 -0.975469525 -0.8192551248 0.1562144002 -1.020778602 -0.8066952124 0.2140833896 -0.2548403552 0.08075028617 0.1209596624 nan nan
38 33139 881 881 0 -0.8675652254 0.04639582509 -0.9587154247 -0.8138172737 0.144898151 -1.020836128 -0.8062084723 0.214627656 -0.616736332 0.07721443901 0.1368764546 nan nan
39 150087 44 44 0 -0.1953798954 0.273068792 -0.9297032044 -0.1111644189 0.8185387854 -0.977039865 -0.04383479669 0.9332050683 -1.846492433 0.7537108555 0.8010475161 nan nan
40 175666 3006 3006 0 -0.1965170021 0.04766354079 -0.2569992632 -0.1159115188 0.1410877444 -0.2590850035 -0.103727438 0.1553575655 0.1411865379 0.09152669112 0.103710772 nan nan
41 205459 1722 1722 0 -0.182697218 0.03927820057 -0.2142957612 -0.1135452438 0.1007505174 -0.2582250091 -0.04511806951 0.2131069396 0.3015507084 0.07399197726 0.1424191515 nan nan
42 162438 14888 14888 0 -0.195993633 0.02365318721 -0.2284910653 -0.1534111816 0.07507988365 -0.23398688 -0.1431558688 0.09083101113 0.2342788616 0.06258149914 0.07283681193 nan nan
43 155954 2435 2435 0 -0.1676536011 0.04810468781 -0.215110479 -0.1088578337 0.1062526453 -0.8126985319 -0.0451798456 0.7675186864 -2.823380268 0.07755595928 0.6375061004 nan nan
44 39623 101 101 0 -0.874868992 0.0578223012 -0.9767073967 -0.8190484307 0.157658966 -1.020754723 -0.8074723231 0.2132824001 -0.4523127448 0.1167287307 0.1283048382 nan nan
45 126320 470 470 0 -0.2391809189 0.3299862309 -0.9695201116 -0.09649911759 0.873020994 -1.020553626 -0.04380722131 0.9767464045 -0.6591639924 0.7535880091 0.8046215233 nan nan
46 195939 13105 13105 0 -0.2264099404 0.03478315136 -0.2452173634 -0.1428871239 0.1023302395 -0.2561961799 -0.1353085606 0.1208876193 0.809544509 0.09262174577 0.100200309 nan nan
47 61183 5260 5260 0 -0.9714110502 0.04552217025 -0.9931902929 -0.8546250236 0.1385652693 -1.008654727 -0.8457326256 0.1629221015 1.025729763 0.131943975 0.1408363729 nan nan
48 23834 2000 2000 0 -0.8482272436 0.05272821745 -0.9749135547 -0.8250713342 0.1498422205 -0.9887344424 -0.8071063255 0.1816281169 -0.722444134 0.1405428672 0.1543637549 nan nan
49 209797 8030 8030 0 -0.2225493785 0.04826290612 -0.2500350566 -0.1375003805 0.1125346761 -0.8116443913 -0.1256489563 0.6859954349 -5.046550583 0.08598055502 0.588985138 nan nan

K=50, phase=backward, parameter=e [-]
cluster representative_source n_cluster n_valid n_missing median std p05 p95 width90 minimum maximum range skewness error95 error_max angle_origin_deg angle_resultant
0 120085 12103 12103 0 0.7464478944 0.09697397899 0.5500588425 0.8295505907 0.2794917482 0.5334048314 0.8424273626 0.3090225312 -0.4214339001 0.1995068822 0.2161608933 nan nan
1 18323 2 2 0 0.4565134131 0.2534864797 0.2283755814 0.6846512448 0.4562756634 0.2030269335 0.7099998928 0.5069729593 nan 0.4816243114 0.5069729593 nan nan
2 191834 241 241 0 0.4509061809 0.156155552 0.2106070987 0.7232816333 0.5126745346 0.1711891509 0.8953803856 0.7241912347 0.2715071347 0.2913665815 0.4128792833 nan nan
3 21848 1243 1243 0 0.2564854717 0.1024859088 0.1840166196 0.5071783354 0.3231617158 0.1700425005 0.5728514127 0.4028089122 0.9300483534 0.2623374016 0.3280104789 nan nan
4 166688 37 37 0 0.5179154526 0.1313609929 0.2799242601 0.7239515626 0.4440273024 0.2415600249 0.7273837391 0.4858237142 -0.3414439925 0.2449411805 0.2833054156 nan nan
5 16122 11334 11334 0 0.3824947422 0.05144732774 0.3097072191 0.4759703006 0.1662630816 0.2918442708 0.4983850871 0.2065408163 0.220143845 0.1004049217 0.1182678699 nan nan
6 68933 8449 8449 0 0.6725691188 0.09995832367 0.5181594997 0.8482941574 0.3301346577 0.4960290399 0.8598376402 0.3638086002 0.1624911396 0.1840291327 0.1955726155 nan nan
7 20953 1672 1672 0 0.2290531396 0.08193838801 0.1884953003 0.4755929049 0.2870976045 0.1712212675 0.5647659358 0.3935446682 1.948336076 0.2509245792 0.3400976101 nan nan
8 150972 220 220 0 0.5457677552 0.09250729254 0.4819514066 0.7215664787 0.2396150721 0.3597485338 0.7419365959 0.3821880621 0.2228068806 0.1503430898 0.2151099856 nan nan
9 135518 6 6 0 0.6009994736 0.1358998263 0.3858689857 0.722338147 0.3364691613 0.3783771875 0.7266730058 0.3482958183 -0.4290527951 0.2473969565 0.2548887547 nan nan
10 34109 2879 2879 0 0.4456416829 0.06603062041 0.3036341566 0.5183231049 0.2146889483 0.2742212581 0.5219141125 0.2476928545 -0.58881649 0.1415105864 0.1709234849 nan nan
11 74050 4618 4618 0 0.4056705698 0.09114219466 0.2296684786 0.4993269965 0.2696585179 0.1694347377 0.5164301738 0.3469954361 -0.4591993565 0.161526484 0.2217602248 nan nan
12 147104 3217 3217 0 0.6170619164 0.1387568672 0.3729683238 0.8860421218 0.513073798 0.1700000448 0.895168798 0.7251687532 -0.1068268148 0.291636467 0.4269483916 nan nan
13 163834 6163 6163 0 0.5247227585 0.09495732026 0.4232407928 0.7278309058 0.3045901131 0.1971895416 0.8403565594 0.6431670179 0.6829661147 0.208351642 0.3223528375 nan nan
14 107650 688 688 0 0.5188802987 0.1297365025 0.3051856329 0.7239324215 0.4187467887 0.1683444931 0.8948398683 0.7264953752 -0.1794674569 0.2993460584 0.3679861803 nan nan
15 206248 51 51 0 0.4878639609 0.1489355976 0.2506595686 0.7924655864 0.5418060178 0.1847104208 0.8949833136 0.7102728927 0.7291069858 0.3393968127 0.3759198117 nan nan
16 181737 10 10 0 0.5689229478 0.1921916289 0.227777682 0.7966671748 0.5688894928 0.222581726 0.8092903385 0.5867086125 -0.5188644652 0.5534611816 0.5586571376 nan nan
17 131983 5 5 0 0.6031031235 0.09986692628 0.4323225258 0.6800290655 0.2477065397 0.4154081001 0.6881484709 0.2727403708 -0.602057177 0.2152289183 0.2321433439 nan nan
18 157143 463 463 0 0.5796407132 0.1083774057 0.3640959273 0.7247477418 0.3606518145 0.1810878115 0.8954556795 0.7143678679 -0.3834103191 0.1944170157 0.3723320681 nan nan
19 57466 8022 8022 0 0.3894399786 0.04904738356 0.3092290979 0.4563539282 0.1471248303 0.2068714408 0.5182951262 0.3114236853 -0.1958255446 0.09500821613 0.187615237 nan nan
20 46106 6966 6966 0 0.5170651012 0.0741959861 0.3065593176 0.549390993 0.2428316754 0.28256815 0.5557175471 0.2731493971 -1.43769388 0.2183230811 0.2423142487 nan nan
21 45927 2859 2859 0 0.3342576222 0.09312703758 0.2427711641 0.5071822905 0.2644111265 0.1697351995 0.5163006971 0.3465654976 0.2153578532 0.225625673 0.2347440796 nan nan
22 30090 121 121 0 0.2434767451 0.07668641214 0.2045919013 0.4827715246 0.2781796233 0.170063584 0.5112742874 0.3412107034 1.768017266 0.245583376 0.2740861388 nan nan
23 209561 4334 4334 0 0.5370238319 0.09588507981 0.3894085507 0.7154895507 0.326081 0.3592937852 0.7495188911 0.3902251059 0.2067458297 0.2152150471 0.2453298127 nan nan
24 69805 5778 5778 0 0.3895803922 0.09071575636 0.2443434552 0.4938646687 0.2495212135 0.1686206811 0.5169001469 0.3482794658 -0.3476390734 0.1449923577 0.2207151319 nan nan
25 74825 4469 4469 0 0.3887165887 0.08128453236 0.2476735456 0.4942868273 0.2466132818 0.1694522375 0.5163608511 0.3469086137 -0.322392299 0.1348051635 0.2130264716 nan nan
26 202072 1928 1928 0 0.5061904433 0.1646081656 0.3571691612 0.8185249712 0.4613558101 0.1707602091 0.8735512577 0.7027910486 0.3640615592 0.3396268314 0.3946531179 nan nan
27 89065 24 24 0 0.5626854893 0.1545752359 0.2316059777 0.7174250498 0.4858190721 0.2058710207 0.7252064374 0.5193354167 -0.9627534175 0.4936004597 0.5193354167 nan nan
28 152444 2507 2507 0 0.5986674661 0.1338058455 0.3906606298 0.8645474434 0.4738868135 0.1705917047 0.8953605839 0.7247688792 0.08559567939 0.2940897941 0.4028279174 nan nan
29 149492 297 297 0 0.5704286419 0.1080960683 0.4594902373 0.7387202282 0.279229991 0.1766930037 0.7455576376 0.5688646338 -0.1714699871 0.1649795928 0.4034204022 nan nan
30 206040 1056 1056 0 0.5415776725 0.09575932336 0.4606584143 0.7280480052 0.2673895909 0.356048273 0.8948018977 0.5387536247 0.4834230298 0.1841344061 0.3507211684 nan nan
31 137525 14562 14562 0 0.7025936898 0.07167110455 0.5880457989 0.8099559307 0.2219101318 0.5649405815 0.8257984561 0.2608578746 -0.05628587501 0.1414351542 0.1645403716 nan nan
32 204761 11416 11416 0 0.4507143588 0.1064576473 0.3775059974 0.6798728705 0.302366873 0.1689168167 0.6952077618 0.5262909451 0.4893819325 0.2462939559 0.2649423334 nan nan
33 183865 9593 9593 0 0.7046295783 0.09830691328 0.5290999454 0.8408736998 0.3117737544 0.516835933 0.8521881873 0.3353522543 -0.1906673974 0.1667809079 0.1780953954 nan nan
34 105411 143 143 0 0.4968062626 0.1383454252 0.2470404479 0.7223277455 0.4752872976 0.1959331968 0.8215973791 0.6256641823 -0.05206468574 0.2863255476 0.3372499133 nan nan
35 211735 6832 6832 0 0.4898794252 0.08117605566 0.394214385 0.6874856073 0.2932712223 0.1780309565 0.7241351564 0.5461042 0.7268456959 0.1966832008 0.3132720899 nan nan
36 65332 7072 7072 0 0.3798894852 0.07858113557 0.2568213954 0.4795451026 0.2227237072 0.1734002618 0.5174983775 0.3440981157 -0.2777535125 0.1348151633 0.2182362969 nan nan
37 36132 736 736 0 0.348921042 0.1029966756 0.20989893 0.5088834545 0.2989845245 0.1698247327 0.5728973064 0.4030725738 0.05097355139 0.176438161 0.2159696141 nan nan
38 33139 881 881 0 0.3245554724 0.09161671629 0.1924287672 0.4838048629 0.2913760957 0.168193931 0.5729713754 0.4047774444 0.276256579 0.1709068011 0.216560719 nan nan
39 150087 44 44 0 0.5270949465 0.1396437756 0.362081824 0.7343474717 0.3722656477 0.1950360604 0.8955575814 0.700521521 -0.1287945251 0.3037854064 0.3809454799 nan nan
40 175666 3006 3006 0 0.5242761552 0.1223614927 0.3599637104 0.7233929338 0.3634292233 0.3540439521 0.7526563576 0.3986124055 0.07600209738 0.2272838848 0.2565473086 nan nan
41 205459 1722 1722 0 0.5589488973 0.09788024101 0.4784734122 0.728688034 0.2502146217 0.3566637373 0.8925115594 0.5358478221 0.2450735294 0.1827594219 0.3448968124 nan nan
42 162438 14888 14888 0 0.5252233268 0.06032618154 0.4401010707 0.6317246319 0.1916235611 0.4252204347 0.6568511948 0.2316307601 0.1955677744 0.1582817274 0.1834082904 nan nan
43 155954 2435 2435 0 0.5967297075 0.1066583132 0.4769292329 0.7399872664 0.2630580335 0.1705784883 0.8923465739 0.7217680856 0.021734765 0.1997569336 0.4074610007 nan nan
44 39623 101 101 0 0.3395860224 0.1093407157 0.2093500357 0.5107432198 0.3013931841 0.1728107296 0.5728758046 0.400065075 0.2588642295 0.2378678774 0.2744071835 nan nan
45 126320 470 470 0 0.4680361377 0.1652231452 0.2137660254 0.7699812901 0.5562152647 0.1804499914 0.8956261106 0.7151761193 0.4982836018 0.2981260171 0.4225508516 nan nan
46 195939 13105 13105 0 0.4457899523 0.08960090018 0.3941518409 0.6575312966 0.2633794557 0.3626462979 0.6759744579 0.31332816 0.7683722834 0.2361415784 0.2545847397 nan nan
47 61183 5260 5260 0 0.5029611601 0.0772878134 0.2965198314 0.5347236117 0.2382037803 0.276432379 0.5563450703 0.2799126913 -1.151277315 0.228595088 0.2486825404 nan nan
48 23834 2000 2000 0 0.2828509745 0.09929058878 0.2265276696 0.5080651742 0.2815375046 0.1711268948 0.5278871309 0.3567602361 0.5682374479 0.2580865833 0.2779085401 nan nan
49 209797 8030 8030 0 0.4568140218 0.09409354618 0.3807002385 0.6706277538 0.2899275153 0.168591401 0.6994332359 0.5308418349 0.6455627583 0.2159713804 0.2880652434 nan nan

K=50, phase=backward, parameter=w [deg]
cluster representative_source n_cluster n_valid n_missing median std p05 p95 width90 minimum maximum range skewness error95 error_max angle_origin_deg angle_resultant
0 120085 12103 12103 0 0.2958939273 2.667021206 -4.91635095 3.657300498 8.573651448 -5.555763122 5.607646077 11.1634092 -0.4291139663 4.841691679 5.766181991 19.78125722 0.998917069
1 18323 2 2 0 1.563194019e-13 89.31602696 -80.38442427 80.38442427 160.7688485 -89.31602696 89.31602696 178.6320539 nan 169.7004512 178.6320539 296.3150682 0.01193729798
2 191834 241 241 0 -2.357203139 95.93196206 -176.9130794 176.6241364 353.5372158 -179.8568761 179.9585515 359.8154276 0.008140768711 176.7788869 179.6840846 29.23567572 0.3726987683
3 21848 1243 1243 0 3.581633302 10.07445173 -15.94854834 12.01279796 27.9613463 -35.11813741 13.10004527 48.21818268 -1.33270253 15.01646524 33.20125063 206.5978059 0.9847334303
4 166688 37 37 0 1.17680591 58.91039308 -172.5109003 3.702014489 176.2129148 -175.8644 8.543720766 184.4081208 -2.221913972 176.0151379 179.3686377 22.99095251 0.7307824592
5 16122 11334 11334 0 -0.3093723671 3.708348337 -5.628209132 6.394266919 12.02247605 -6.91542222 8.1560453 15.07146752 0.2043683398 6.577624553 8.222325299 187.0408813 0.9979069923
6 68933 8449 8449 0 -0.08052173649 6.122568049 -9.716234742 10.59100896 20.3072437 -10.36596959 12.47359595 22.83956555 0.1930324341 15.40717142 16.05690628 23.64638538 0.9943022816
7 20953 1672 1672 0 1.424306035 6.581541549 -11.21330395 12.10473155 23.3180355 -32.1163966 15.8652247 47.9816213 -0.8128106605 13.9491461 34.85223875 203.6308778 0.9934425838
8 150972 220 220 0 -0.2170403568 4.348860197 -6.19826756 8.672064489 14.87033205 -12.54807848 12.61010668 25.15818516 0.3116013672 9.206406155 14.01869832 24.34606593 0.9971249316
9 135518 6 6 0 -3.422766404 60.15565941 -9.738457923 117.8704021 127.6088601 -9.829993925 156.1949517 166.0249456 2.411010042 125.9512662 164.2758158 32.51010897 0.6742240925
10 34109 2879 2879 0 0.2106551029 9.323015391 -12.90508598 14.64224752 27.5473335 -13.44116721 16.74084404 30.18201125 0.1086582547 27.01473675 29.11333327 203.295527 0.9868083879
11 74050 4618 4618 0 0.1639088187 7.170209803 -10.76831524 8.336515134 19.10483037 -30.47279704 15.41606288 45.88885993 -0.8625013252 15.98023074 35.68471255 204.2719194 0.9922191803
12 147104 3217 3217 0 1.014867379 20.72843202 -11.89217218 8.044611896 19.93678408 -179.2153098 178.7977102 358.0130199 0.9072220029 14.05595543 179.7812646 22.9197473 0.9682842308
13 163834 6163 6163 0 -0.875829578 7.226678044 -9.127103847 11.31657117 20.44367501 -171.6700382 11.6491091 183.3191474 -1.890251393 11.20749662 173.750431 25.19536173 0.9924669493
14 107650 688 688 0 -2.200270785 67.35165861 -17.55797903 170.0347298 187.5927088 -179.9230439 179.9083909 359.8314348 0.7614082045 169.3156251 179.9759323 28.55111921 0.6673097233
15 206248 51 51 0 -0.9962448628 86.85092373 -20.44773633 171.6918617 192.1395981 -179.1624547 174.2049362 353.3673909 0.3489000023 178.3702756 178.9712042 35.62888234 0.2983152185
16 181737 10 10 0 1.210171558 79.00999872 -101.1298872 103.5980636 204.7279508 -173.527239 177.9504345 351.4776735 0.05875714014 165.8190856 169.6541325 23.4674471 0.5907516499
17 131983 5 5 0 -3.11696392 67.78290283 -4.95472946 132.4401861 137.3949156 -5.192771829 165.9520838 171.1448557 2.234403852 137.632958 171.1448557 29.23662338 0.6042981603
18 157143 463 463 0 -0.3079038462 28.00824029 -3.899035535 8.612249353 12.51128489 -177.0689944 176.2902793 353.3592737 2.637113353 10.05816232 177.9176507 25.36797639 0.9434422207
19 57466 8022 8022 0 -0.09196025419 4.741000179 -5.928123556 6.896805083 12.82492864 -12.4242271 17.38275823 29.80698533 1.264646615 12.41381632 15.58612419 202.8458601 0.9965898673
20 46106 6966 6966 0 -0.5848733793 3.98725975 -6.384395187 6.783616936 13.16801212 -8.644748837 9.113532393 17.75828123 0.1709557687 7.820342557 10.15025801 188.8414148 0.9975807458
21 45927 2859 2859 0 2.848582601 10.61000685 -13.5601703 12.93135242 26.49152272 -33.06537011 15.17817218 48.24354229 -0.8879313424 22.80631695 42.31151676 204.5177758 0.9830252821
22 30090 121 121 0 2.976597227 7.599588876 -10.91162092 10.48820439 21.39982531 -31.22321508 13.20839057 44.43160566 -1.700573743 15.69069409 36.00228825 205.8735428 0.991295428
23 209561 4334 4334 0 -0.7134390069 8.004330389 -10.89680517 11.2717845 22.16858967 -12.06904777 11.90649237 23.97554014 0.112608239 21.72026554 22.3549734 24.98149657 0.9902671418
24 69805 5778 5778 0 -1.422087829 6.252849491 -9.006946142 10.53079741 19.53774355 -22.14795751 16.38215239 38.5301099 0.2760839073 14.34984397 27.49085534 203.2963095 0.9940615449
25 74825 4469 4469 0 1.959786235 8.691301912 -12.35405425 9.889407997 22.24346225 -32.15533054 15.88356816 48.0388987 -0.9238833145 19.34931873 39.15059501 203.8109038 0.9885851353
26 202072 1928 1928 0 0.917295546 13.10524925 -12.94110139 12.20749416 25.14859555 -13.37727894 168.963702 182.340981 7.103808821 13.58584827 170.3420561 24.00668183 0.9818089752
27 89065 24 24 0 -1.566385775 78.57314214 -176.7459254 142.2732837 319.0192091 -179.8560314 166.4275602 346.2835916 -0.3252897207 173.8847018 176.9948079 26.69352951 0.5839061072
28 152444 2507 2507 0 0.5083880009 11.38272215 -7.874281478 3.361364146 11.23564562 -177.9765536 179.2866919 357.2632455 1.910384726 10.38135872 179.9500954 23.6210479 0.9900703261
29 149492 297 297 0 -0.2523005494 9.871350498 -3.493530281 4.67719603 8.170726311 -8.229679244 163.0833876 171.3130668 15.13119276 7.961401664 161.8114663 24.43781865 0.9921740106
30 206040 1056 1056 0 -0.7770473273 5.993832226 -9.963813331 11.11436835 21.07818168 -14.47162882 11.89529265 26.36692147 0.2486482866 18.05655968 18.83748398 25.16784332 0.9945417528
31 137525 14562 14562 0 -0.129228277 1.806291732 -2.796794038 3.166599665 5.963393703 -3.531538537 4.043232958 7.574771495 0.2107059337 3.291840279 3.814408507 18.55608746 0.9995031546
32 204761 11416 11416 0 -0.4813311877 6.942304059 -3.884994391 6.066769271 9.951763662 -5.031810593 177.8940894 182.9259 20.73605933 8.940327455 179.9941499 27.47103535 0.9961067821
33 183865 9593 9593 0 0.2086588736 4.395145818 -6.875814858 7.554013977 14.42982884 -7.411428082 10.43172262 17.8431507 0.07636738085 12.76522905 15.64293769 21.02670369 0.9970609867
34 105411 143 143 0 -3.544548947 79.40455456 -16.86023347 171.2530898 188.1133233 -177.2510518 178.2304587 355.4815106 0.7764699212 169.5843681 179.6428223 32.38564139 0.4186121198
35 211735 6832 6832 0 -0.9387945912 7.165271762 -6.619878986 11.06276023 17.68263922 -7.738361162 161.7916011 169.5299622 8.255538502 15.89300452 166.6218454 24.3174666 0.9935828669
36 65332 7072 7072 0 -0.4087882454 5.573093898 -7.802246613 11.01682848 18.81907509 -12.65647677 16.66471325 29.32119003 0.5384864239 11.87986651 16.63307519 203.2090338 0.9952814677
37 36132 736 736 0 -2.195361846 10.66856924 -15.98593096 16.83801528 32.82394624 -29.14912595 19.7059546 48.85508056 -0.2213236785 21.21612636 25.61266556 200.6486873 0.9828215776
38 33139 881 881 0 -0.9696870409 9.531519682 -18.44552438 16.95733282 35.40285721 -28.56733381 19.44415721 48.01149102 -0.3825934168 20.29561465 27.06011444 200.2521937 0.9862873286
39 150087 44 44 0 -0.09899658035 67.98106388 -12.23185151 170.0374475 182.269299 -175.409883 178.5667082 353.9765913 0.6224024109 174.4301474 177.8643584 25.17166311 0.6818449047
40 175666 3006 3006 0 0.1184467147 8.63700511 -12.79446322 11.19451635 23.98897956 -13.64981811 11.83133338 25.48115149 -0.1886866078 14.48310391 15.33845881 25.09498987 0.9886726219
41 205459 1722 1722 0 -0.3343456815 4.398367247 -6.442099015 8.704623479 15.14672249 -13.85750368 11.92239728 25.77990096 0.1984365544 14.99808067 18.21585447 24.47572762 0.9970589435
42 162438 14888 14888 0 0.07340676871 1.549631621 -2.830973416 2.377403506 5.208376922 -3.804695347 2.980558599 6.785253946 -0.2871763712 3.286258203 4.259980134 30.03364275 0.9996343055
43 155954 2435 2435 0 0.07143203935 6.495502747 -4.538130674 4.43951733 8.977648004 -13.69710398 172.3628464 186.0599504 19.6444107 7.159679404 171.7972706 24.354824 0.996188031
44 39623 101 101 0 -1.80465567 8.682451202 -9.202580168 15.60158217 24.80416234 -26.29197037 18.25902263 44.550993 0.1759510218 24.14496491 26.80240536 201.2230209 0.9885737093
45 126320 470 470 0 -0.9823129247 93.06045702 -175.4249187 174.5516705 349.9765892 -179.9898107 178.2859434 358.275754 0.08851137604 177.6693938 179.9488623 33.87711142 0.330401742
46 195939 13105 13105 0 -0.5652469067 2.363130595 -3.475891476 3.808447809 7.284339285 -4.160685794 5.628538028 9.789223822 0.3079383252 5.897514945 7.717605164 29.63620618 0.9991496926
47 61183 5260 5260 0 -0.251657005 4.845271091 -6.290737324 9.152615162 15.44335249 -8.086358573 13.36200237 21.44836094 0.5363430319 12.73427663 16.94366384 195.2811923 0.9964295643
48 23834 2000 2000 0 3.613908286 10.62409996 -14.81983278 12.56026824 27.38010102 -35.06996594 13.1265986 48.19656453 -1.170993201 14.20086739 33.81419329 206.5704768 0.9830217455
49 209797 8030 8030 0 -0.2880585978 9.54832516 -5.162193445 6.404930913 11.56712436 -5.983533883 175.0352492 181.0187831 14.39308965 10.00295566 178.633274 25.48724585 0.9921956451

K=50, phase=forward, parameter=eps [km^2/s^2]
cluster representative_source n_cluster n_valid n_missing median std p05 p95 width90 minimum maximum range skewness error95 error_max angle_origin_deg angle_resultant
0 120085 12103 12103 0 -0.1098976834 0.03980316341 -0.1869749554 -0.07160258261 0.1153723728 -0.1933100344 -0.06628230629 0.1270277281 -0.3568937938 0.09496722063 0.1013022996 nan nan
1 18323 2 2 0 -0.8495274565 0.03547789042 -0.8814575579 -0.8175973552 0.06386020275 -0.885005347 -0.8140495661 0.07095578083 nan 0.06740799179 0.07095578083 nan nan
2 191834 241 241 0 -0.8281561445 0.3435944342 -0.9749030088 -0.1217989059 0.8531041028 -0.9921411054 -0.04380055914 0.9483405463 0.3540128029 0.7261730223 0.8041713691 nan nan
3 21848 1243 1243 0 -0.121732819 0.3239788643 -0.9596733197 -0.04665832715 0.9130149925 -1.020656292 -0.04437929461 0.9762769969 -1.418444369 0.8578429341 0.918825906 nan nan
4 166688 37 37 0 -0.2127082338 0.3322533791 -0.9723349503 -0.1158914819 0.8564434684 -0.9762101608 -0.1148490348 0.8613611259 -0.6606886358 0.7596267165 0.7635019269 nan nan
5 16122 11334 11334 0 -0.9259654504 0.03917479023 -0.9935596528 -0.8699636744 0.1235959784 -1.002831524 -0.8585468918 0.1442846321 -0.1424926488 0.06758643311 0.07900321576 nan nan
6 68933 8449 8449 0 -0.1566404604 0.2300314684 -0.9664200302 -0.06499798383 0.9014220464 -0.9721968173 -0.05885393284 0.9133428845 -2.861097235 0.8640786748 0.8698554619 nan nan
7 20953 1672 1672 0 -0.8238161762 0.2001051032 -0.8822165397 -0.190160159 0.6920563808 -0.9724469642 -0.07650429927 0.8959426649 2.541880906 0.623553439 0.7372092987 nan nan
8 150972 220 220 0 -0.2108303622 0.3520836917 -0.963050005 -0.1211250179 0.8419249871 -0.9767531835 -0.08637899477 0.8903741887 -0.3607270778 0.775925848 0.7896290265 nan nan
9 135518 6 6 0 -0.1371786313 0.2702121333 -0.7084866546 -0.1128684306 0.595618224 -0.8664613228 -0.1064650305 0.7599962924 -2.334231763 0.7535928922 0.7599962924 nan nan
10 34109 2879 2879 0 -0.9251316083 0.03979143597 -0.9819617879 -0.8559684044 0.1259933836 -0.9843077238 -0.8451594744 0.1391482494 0.147930904 0.0688425966 0.07118853242 nan nan
11 74050 4618 4618 0 -0.2187304741 0.1267616206 -0.2510315503 -0.1275399744 0.1234915759 -0.9806700746 -0.1219206872 0.8587493873 -4.565432162 0.09397225197 0.7623855108 nan nan
12 147104 3217 3217 0 -0.1788093001 0.2894101375 -0.8601504601 -0.1181362887 0.7420141713 -1.020773905 -0.05701884646 0.9637550585 -1.27485795 0.7382698514 0.8988932963 nan nan
13 163834 6163 6163 0 -0.8532183303 0.3461309314 -0.9642930277 -0.1159387253 0.8483543024 -0.9743471887 -0.06939622043 0.9049509683 0.6662834149 0.7924895152 0.8390320201 nan nan
14 107650 688 688 0 -0.2339737638 0.3694546941 -0.9748279406 -0.113076837 0.8617511037 -1.013239593 -0.04389160369 0.9693479896 -0.3270941742 0.8403632799 0.8787749325 nan nan
15 206248 51 51 0 -0.2248305229 0.358305274 -0.9693513915 -0.09977243085 0.8695789607 -0.9756274671 -0.04671985241 0.9289076147 -0.5128429656 0.7727725482 0.7790486237 nan nan
16 181737 10 10 0 -0.20972448 0.3907848451 -0.967874378 -0.07917184247 0.8887025355 -0.9752300855 -0.05015293497 0.9250771505 -0.4765883545 0.8531414249 0.8604971325 nan nan
17 131983 5 5 0 -0.2066282411 0.02778576411 -0.210218544 -0.1468870862 0.06333145781 -0.2103713249 -0.1375403494 0.07283097543 1.672103283 0.07267819455 0.07283097543 nan nan
18 157143 463 463 0 -0.1938911707 0.2902618567 -0.8585289934 -0.1169641484 0.741564845 -1.020582924 -0.05348394016 0.9670989837 -1.213840643 0.6523059662 0.8143598966 nan nan
19 57466 8022 8022 0 -0.2040077977 0.2191877179 -0.9076441961 -0.1572959798 0.7503482162 -0.9819994091 -0.1464438773 0.8355555318 -2.538516116 0.6836435575 0.7579987705 nan nan
20 46106 6966 6966 0 -0.9152940486 0.05099681159 -1.003109565 -0.8560813155 0.1470282494 -1.007357264 -0.8484320739 0.1589251902 -0.2475534736 0.07605975713 0.07961210495 nan nan
21 45927 2859 2859 0 -0.2042601715 0.3159836974 -0.971915296 -0.1321247457 0.8397905503 -0.97968998 -0.1182603225 0.8614296575 -1.211665174 0.7991909192 0.8069656033 nan nan
22 30090 121 121 0 -0.2060453966 0.3514227982 -0.9270167368 -0.1115649728 0.815451764 -1.019495257 -0.05154323718 0.9679520199 -0.3603207155 0.8202728302 0.9127513505 nan nan
23 209561 4334 4334 0 -0.8445085359 0.3294367549 -0.9583939395 -0.132608076 0.8257858636 -0.9747886475 -0.1050467056 0.8697419419 0.6556746887 0.7177153828 0.7452767531 nan nan
24 69805 5778 5778 0 -0.2260608601 0.1460016914 -0.2564896979 -0.1328741286 0.1236155693 -0.9808685396 -0.1266848443 0.8541836952 -3.92545776 0.1035581499 0.7496657979 nan nan
25 74825 4469 4469 0 -0.2112272896 0.2992722456 -0.9283839702 -0.1279102009 0.8004737693 -0.9805593027 -0.1194411767 0.861118126 -1.221735017 0.729935851 0.7821111835 nan nan
26 202072 1928 1928 0 -0.8315985639 0.3230607794 -0.9702028661 -0.1284433228 0.8417595433 -1.020820046 -0.1059198136 0.9149002323 0.5979149463 0.711958752 0.7344822611 nan nan
27 89065 24 24 0 -0.2094839176 0.3396540322 -0.9377500212 -0.1188029402 0.818947081 -0.965419182 -0.1161545194 0.8492646626 -0.7427893313 0.7268934788 0.7545626396 nan nan
28 152444 2507 2507 0 -0.1939945121 0.3125134168 -0.9026758261 -0.1111351571 0.7915406689 -1.020807534 -0.1063082043 0.9144993298 -1.070331189 0.7893564417 0.9074881498 nan nan
29 149492 297 297 0 -0.2086509236 0.3269034878 -0.8858992101 -0.1162030133 0.7696961968 -1.008423351 -0.06609019004 0.9423331605 -0.6327108059 0.6777364382 0.8002605787 nan nan
30 206040 1056 1056 0 -0.2131023428 0.3743529807 -0.9755638148 -0.1167530594 0.8588107554 -1.019554213 -0.08080611048 0.9387481027 -0.1708889448 0.8667099768 0.9107003753 nan nan
31 137525 14562 14562 0 -0.1232920633 0.02921834071 -0.1710872631 -0.08001849839 0.09106876469 -0.1808865101 -0.07337008632 0.1075164238 -0.08360978425 0.06664759888 0.07644684592 nan nan
32 204761 11416 11416 0 -0.8994530041 0.04734958832 -0.9635014044 -0.8333386538 0.1301627507 -0.9684696091 -0.807406344 0.1610632651 0.09848576894 0.07920804685 0.1051403566 nan nan
33 183865 9593 9593 0 -0.1245452881 0.04104788877 -0.1950700543 -0.06665307084 0.1284169835 -0.1994478503 -0.06190673478 0.1375411155 -0.1426777637 0.07494314429 0.07932094024 nan nan
34 105411 143 143 0 -0.2127880431 0.371574548 -0.9744688024 -0.1172129207 0.8572558816 -0.9826458788 -0.1119663192 0.8706795597 -0.2453730825 0.8595948513 0.8677719277 nan nan
35 211735 6832 6832 0 -0.8782261875 0.2365918017 -0.9629127164 -0.1535772617 0.8093354547 -0.9732374439 -0.06143144191 0.911806002 2.331285975 0.7647470063 0.856892826 nan nan
36 65332 7072 7072 0 -0.2215045319 0.1641969175 -0.8161669541 -0.1415258241 0.67464113 -0.981302517 -0.1333295053 0.8479730117 -3.55886512 0.58062492 0.7457604829 nan nan
37 36132 736 736 0 -0.211659981 0.3207017094 -0.8775087407 -0.1161923489 0.7613163918 -0.9997486344 -0.04448022926 0.9552684051 -0.6994297248 0.6677863991 0.7900262928 nan nan
38 33139 881 881 0 -0.1668589714 0.2490121843 -0.9035266662 -0.04726892204 0.8562577442 -1.020173947 -0.04398107964 0.976192867 -2.155403332 0.7575355195 0.8741827999 nan nan
39 150087 44 44 0 -0.2121316676 0.3237315988 -0.8768782492 -0.1269056669 0.7499725823 -1.020440955 -0.119511768 0.9009291871 -0.7024851967 0.6908843002 0.8344470061 nan nan
40 175666 3006 3006 0 -0.8377486552 0.3251787767 -0.9611980448 -0.1256723262 0.8355257186 -0.9942260976 -0.105462814 0.8887632837 0.6561577566 0.7140961326 0.7343056449 nan nan
41 205459 1722 1722 0 -0.2057897588 0.3629599104 -0.9687476062 -0.1147860895 0.8539615167 -1.018296057 -0.10726466 0.9110313973 -0.3887654152 0.8045616666 0.8541101178 nan nan
42 162438 14888 14888 0 -0.9062169897 0.02196790795 -0.9411462095 -0.8697167187 0.07142949082 -0.9500762527 -0.8599599694 0.09011628339 0.04510046824 0.04676171799 0.05651846736 nan nan
43 155954 2435 2435 0 -0.2085013034 0.349401861 -0.9370816364 -0.1142539622 0.8228276741 -1.020392173 -0.1064580462 0.913934127 -0.4655864541 0.7315011134 0.8148116502 nan nan
44 39623 101 101 0 -0.2124061618 0.3619723641 -0.970149598 -0.1226221826 0.8475274155 -1.015045605 -0.1150857631 0.8999598423 -0.2077839473 0.8450424862 0.8899384936 nan nan
45 126320 470 470 0 -0.2565645918 0.3530320367 -0.9717875825 -0.1153486071 0.8564389754 -1.018186568 -0.04393707683 0.9742494914 -0.1758036326 0.7738240027 0.8202229884 nan nan
46 195939 13105 13105 0 -0.8808654068 0.03738665753 -0.9520461607 -0.8366908639 0.1153552968 -0.9593570593 -0.8082263972 0.1511306621 -0.2722881857 0.06582016464 0.09428463138 nan nan
47 61183 5260 5260 0 -0.9695000768 0.045127279 -0.9953954437 -0.8548559237 0.14053952 -1.008564402 -0.8460323563 0.1625320454 1.016395549 0.1227814327 0.1316050002 nan nan
48 23834 2000 2000 0 -0.18525938 0.3201867769 -0.9712997439 -0.108935584 0.8623641598 -0.9794474308 -0.09318639414 0.8862610366 -1.300880568 0.8010663834 0.8092140702 nan nan
49 209797 8030 8030 0 -0.8928156717 0.04638782604 -0.962764096 -0.826836776 0.1359273199 -0.9694908931 -0.807247261 0.162243632 0.02137154204 0.08953389182 0.1091234068 nan nan

K=50, phase=forward, parameter=e [-]
cluster representative_source n_cluster n_valid n_missing median std p05 p95 width90 minimum maximum range skewness error95 error_max angle_origin_deg angle_resultant
0 120085 12103 12103 0 0.7376611409 0.09672054262 0.5487415059 0.8293216153 0.2805801094 0.5326678436 0.8420259088 0.3093580653 -0.3710090333 0.2317407495 0.2478144119 nan nan
1 18323 2 2 0 0.2765331359 0.08185710727 0.2028617394 0.3502045325 0.1473427931 0.1946760287 0.3583902432 0.1637142145 nan 0.1555285038 0.1637142145 nan nan
2 191834 241 241 0 0.3950432496 0.1525917436 0.2076360228 0.7087058155 0.5010697927 0.1716030474 0.8956399398 0.7240368924 0.7339052002 0.4256095957 0.61254372 nan nan
3 21848 1243 1243 0 0.7091929734 0.1968046515 0.3576752875 0.8888417525 0.5311664649 0.1705568463 0.8942666422 0.7237097959 -0.2817880461 0.3995355089 0.5866539501 nan nan
4 166688 37 37 0 0.4861579655 0.1532741182 0.2409535902 0.7230449136 0.4820913235 0.2285265906 0.7255488052 0.4970222146 -0.100415848 0.2448279346 0.2540888498 nan nan
5 16122 11334 11334 0 0.4306849136 0.06544486674 0.3283264725 0.5350363262 0.2067098536 0.3044766543 0.5482164089 0.2437397545 0.001831899925 0.1214874993 0.1453373175 nan nan
6 68933 8449 8449 0 0.6238833879 0.1096890766 0.4990174038 0.8451089664 0.3460915626 0.4718536453 0.8597500074 0.3878963621 0.3643963844 0.2566526945 0.283816453 nan nan
7 20953 1672 1672 0 0.229438637 0.1172757117 0.1886634962 0.5410028939 0.3523393977 0.1702037848 0.8175476678 0.647343883 2.206551811 0.3481729651 0.624717739 nan nan
8 150972 220 220 0 0.4953860836 0.1446820525 0.2309752212 0.7104332373 0.479458016 0.1711696775 0.7939072291 0.6227375516 -0.1534027986 0.3176982431 0.3775037868 nan nan
9 135518 6 6 0 0.6715514877 0.1555257848 0.348293019 0.7302934395 0.3820004206 0.3227618847 0.7457509923 0.4229891076 -0.9974301184 0.4075315548 0.4229891076 nan nan
10 34109 2879 2879 0 0.4299682355 0.06864869343 0.2995551381 0.5184773985 0.2189222604 0.2751346524 0.5218788103 0.246744158 -0.3185299626 0.1114723423 0.134751971 nan nan
11 74050 4618 4618 0 0.4677687498 0.1030887911 0.3807277567 0.6948234198 0.3140956631 0.1685723685 0.7084507711 0.5398784026 0.2541450025 0.2299608041 0.2998066735 nan nan
12 147104 3217 3217 0 0.5691612952 0.1630584303 0.224342292 0.7176622848 0.4933199928 0.1700181651 0.8641833183 0.6941651532 -0.7982892254 0.4842847719 0.5386088988 nan nan
13 163834 6163 6163 0 0.4448356964 0.1341598315 0.2622672461 0.7228599566 0.4605927106 0.1712937312 0.8345536163 0.6632598851 0.4657837164 0.3211419388 0.4328355985 nan nan
14 107650 688 688 0 0.5008656017 0.1426696798 0.244785467 0.7302267067 0.4854412397 0.1751008896 0.8954250633 0.7203241737 0.1711514866 0.4331609441 0.5028455215 nan nan
15 206248 51 51 0 0.4949310393 0.1479171108 0.3114114917 0.7619737137 0.450562222 0.2153038587 0.8887012719 0.6733974132 0.6137764105 0.2826529905 0.3653221404 nan nan
16 181737 10 10 0 0.5003838371 0.1856413395 0.3161793538 0.8110138633 0.4948345096 0.1866941953 0.8805307354 0.6938365401 -0.3023406652 0.4096474568 0.5391326153 nan nan
17 131983 5 5 0 0.4982703594 0.06936785208 0.4893092841 0.6475657489 0.1582564648 0.4889069363 0.6706533025 0.1817463661 1.654469893 0.1813440184 0.1817463661 nan nan
18 157143 463 463 0 0.5314297532 0.1583777252 0.2233140694 0.7203501244 0.497036055 0.1710055509 0.8726010776 0.7015955267 -0.5176033165 0.2771344682 0.3732788545 nan nan
19 57466 8022 8022 0 0.5076961308 0.07813864918 0.3820321547 0.6221880889 0.2401559342 0.2022468463 0.6488027458 0.4465558995 -0.7730294571 0.1761750042 0.2499431223 nan nan
20 46106 6966 6966 0 0.4127898918 0.08571307277 0.2993810013 0.5486212296 0.2492402284 0.2824973028 0.5545378945 0.2720405917 0.1155625565 0.1349669716 0.1518506701 nan nan
21 45927 2859 2859 0 0.5117379644 0.09756771228 0.3213635958 0.6837878131 0.3624242173 0.1701598274 0.7173034092 0.5471435818 -0.4373397483 0.2635148452 0.4147186136 nan nan
22 30090 121 121 0 0.5028994742 0.1693153812 0.2152378304 0.7334322569 0.5181944266 0.2028562528 0.8772211912 0.6743649384 -0.0968167265 0.5298490172 0.5422305947 nan nan
23 209561 4334 4334 0 0.3914614031 0.1316326196 0.2515481682 0.6824477469 0.4308995787 0.1712454309 0.7491650798 0.5779196489 0.6883765601 0.394346811 0.4610641439 nan nan
24 69805 5778 5778 0 0.4486691933 0.1108710689 0.3690350759 0.6818659544 0.3128308785 0.1686095736 0.6969263973 0.5283168237 0.2434664867 0.2504803677 0.2649500763 nan nan
25 74825 4469 4469 0 0.4876424398 0.09927630307 0.3201092032 0.6939499371 0.3738407339 0.1696830203 0.7144464652 0.5447634449 0.1511885794 0.1998979334 0.3503241164 nan nan
26 202072 1928 1928 0 0.3580519192 0.1473018874 0.1948913391 0.6927814309 0.4978900918 0.170155681 0.7470640345 0.5769083536 0.6859695627 0.4272341552 0.4815167588 nan nan
27 89065 24 24 0 0.4941115151 0.1429821736 0.2554681929 0.7159710531 0.4605028603 0.2175986184 0.7228341204 0.505235502 -0.1064270687 0.2370416338 0.270046296 nan nan
28 152444 2507 2507 0 0.5334006971 0.1667800293 0.2213124169 0.7345128985 0.5132004817 0.1702604093 0.7461339861 0.5758735768 -0.5072197739 0.5078952172 0.5589472248 nan nan
29 149492 297 297 0 0.4947136344 0.169029966 0.2166744632 0.7222899781 0.505615515 0.1710108793 0.842575963 0.6715650838 -0.1673826681 0.2783638066 0.3478623286 nan nan
30 206040 1056 1056 0 0.5044328352 0.1210673167 0.2733331816 0.7209031753 0.4475699937 0.1700666531 0.8074842357 0.6374175826 -0.1586858852 0.4666513927 0.5699179212 nan nan
31 137525 14562 14562 0 0.7053843592 0.07076233399 0.5884304482 0.8092226591 0.2207922109 0.5640294023 0.8251055415 0.2610761392 -0.0993377462 0.1622996936 0.1867007395 nan nan
32 204761 11416 11416 0 0.3854756942 0.08932057204 0.2482430764 0.4909824103 0.2427393338 0.1721673516 0.4984937861 0.3263264345 -0.3101425109 0.1604406075 0.2365163323 nan nan
33 183865 9593 9593 0 0.7022002288 0.09999421238 0.5281992923 0.8411255298 0.3129262376 0.5170257018 0.8524684289 0.3354427271 -0.1649875216 0.1849355613 0.1961091517 nan nan
34 105411 143 143 0 0.5024767223 0.1280587612 0.3012149012 0.7198413053 0.4186264041 0.2111501826 0.7324631508 0.5213129682 -0.02983304101 0.4242576623 0.5143223809 nan nan
35 211735 6832 6832 0 0.401470489 0.1188229641 0.2438322347 0.6315384523 0.3877062176 0.1714017878 0.8535837772 0.6821819894 0.8240263973 0.24192342 0.434952338 nan nan
36 65332 7072 7072 0 0.4639259896 0.1013143972 0.3794504052 0.6607997904 0.2813493852 0.1743998335 0.6807814513 0.5063816179 0.1456675907 0.240073359 0.2594280353 nan nan
37 36132 736 736 0 0.4865610108 0.1680767609 0.2159232356 0.7222970592 0.5063738236 0.1697123633 0.8940264166 0.7243140533 -0.06754885885 0.2794551433 0.4033703928 nan nan
38 33139 881 881 0 0.5986989537 0.1714191251 0.330035975 0.8873618974 0.5573259224 0.1708617995 0.8952125964 0.724350797 -0.02728015761 0.3200041507 0.4791783262 nan nan
39 150087 44 44 0 0.5004192281 0.1524236267 0.2259421183 0.6964331015 0.4704909831 0.1698141831 0.714322555 0.5445083719 -0.2184800274 0.3249402156 0.3810681509 nan nan
40 175666 3006 3006 0 0.3632682723 0.1420927106 0.2378401876 0.6994424296 0.4616022419 0.1711702751 0.7481625503 0.5769922752 0.7589564113 0.4353994119 0.4841195326 nan nan
41 205459 1722 1722 0 0.5066576081 0.1357991824 0.2508268133 0.7257477898 0.4749209764 0.1713813095 0.7438107672 0.5724294577 -0.2454984328 0.3545534497 0.4339989536 nan nan
42 162438 14888 14888 0 0.3974589572 0.03911952994 0.3287210801 0.4560481021 0.1273270219 0.3084810217 0.4702112271 0.1617302054 -0.1594675512 0.08659916745 0.1068392259 nan nan
43 155954 2435 2435 0 0.4942602356 0.145120907 0.2488952054 0.7269589278 0.4780637224 0.1704928964 0.745760726 0.5752678296 -0.03969250288 0.2524996235 0.3309019325 nan nan
44 39623 101 101 0 0.5007548339 0.1524927587 0.2381707174 0.70681372 0.4686430026 0.204969503 0.7249603189 0.5199908159 -0.3449117076 0.4626368981 0.4958381125 nan nan
45 126320 470 470 0 0.4607022695 0.1609619483 0.2088838032 0.7243318208 0.5154480176 0.1715385983 0.89531873 0.7237801317 0.54898337 0.328244 0.3742210266 nan nan
46 195939 13105 13105 0 0.3508882603 0.07099193363 0.2565456785 0.4732814311 0.2167357526 0.1753869892 0.4846267497 0.3092397605 0.01128003898 0.1344832697 0.215641959 nan nan
47 61183 5260 5260 0 0.4999646442 0.07649804535 0.2970088075 0.5378558567 0.2408470492 0.277126544 0.5562090262 0.2790824822 -1.155437352 0.2150014407 0.2348837042 nan nan
48 23834 2000 2000 0 0.5526578923 0.1271529105 0.3596689467 0.7401619144 0.3804929677 0.1698731259 0.7778951771 0.6080220512 -0.2725497471 0.2314316186 0.4212274394 nan nan
49 209797 8030 8030 0 0.3733325397 0.0878210118 0.231478078 0.4898490001 0.2583709221 0.1716128969 0.5000361606 0.3284232637 -0.2491818473 0.1838041422 0.2436693232 nan nan

K=50, phase=forward, parameter=w [deg]
cluster representative_source n_cluster n_valid n_missing median std p05 p95 width90 minimum maximum range skewness error95 error_max angle_origin_deg angle_resultant
0 120085 12103 12103 0 -0.2933966744 4.411797543 -6.759126151 7.546603345 14.3057295 -9.258639105 10.22216219 19.48080129 0.1651505503 8.262491666 10.88130763 168.80142 0.9970386615
1 18323 2 2 0 0 7.781846666 -7.003661999 7.003661999 14.007324 -7.781846666 7.781846666 15.56369333 nan 14.78550866 15.56369333 120.8524591 0.9907907902
2 191834 241 241 0 -3.736231719 110.9347508 -177.7497123 176.6438685 354.3935807 -179.9778867 179.6209692 359.598856 0.06654625537 175.2876106 179.7829517 200.4003796 0.1645481767
3 21848 1243 1243 0 -0.1571241408 75.11250122 -170.7661421 169.6625255 340.4286676 -179.9945911 179.7428514 359.7374425 -0.1012768181 175.4730782 179.9409596 268.3586671 0.6088803797
4 166688 37 37 0 0.6939299776 102.737563 -175.9297775 178.0094302 353.9392077 -179.1203765 179.0666047 358.1869812 0.004253145702 178.2084164 179.3920567 162.8725681 0.2958096432
5 16122 11334 11334 0 -0.4454088911 4.684219452 -6.55703814 8.24985406 14.8068922 -7.129232392 12.46953016 19.59876255 0.3693024289 10.00847968 14.22815577 296.5387245 0.9966621529
6 68933 8449 8449 0 -0.7235997367 48.0301959 -171.2259204 14.52013666 185.746057 -177.7586695 19.48653423 197.2452037 -2.909325984 175.8895678 179.9923661 197.168174 0.8276892108
7 20953 1672 1672 0 -1.170906017 54.33806854 -12.80520652 171.0590617 183.8642682 -179.6049349 179.8084436 359.4133784 1.827057589 169.9021278 179.8147215 160.3863603 0.7837512787
8 150972 220 220 0 4.282554609 89.77495359 -173.4648033 21.40907107 194.8738743 -179.7771849 179.6270524 359.4042372 -0.1920431416 177.8796623 179.8981808 57.09660975 0.1786718027
9 135518 6 6 0 -2.740874628 62.88339978 -17.4217241 126.121736 143.5434601 -20.87123845 162.7665478 183.6377862 2.289801053 174.7315925 176.3622138 244.5584294 0.6549556375
10 34109 2879 2879 0 -0.4163456298 9.944935584 -15.3897135 17.17875992 32.56847341 -18.27101776 23.07151917 41.34253693 0.1743439092 29.56265871 35.45541796 332.7204452 0.9850178822
11 74050 4618 4618 0 0.2494913494 31.65613434 -11.70478881 11.21598584 22.92077465 -179.9213875 179.9311951 359.8525826 -1.407629882 16.78446504 179.8806676 204.7310475 0.9277434011
12 147104 3217 3217 0 -0.8239422289 78.48063889 -161.1106381 170.7914958 331.9021339 -179.1903303 179.8514633 359.0417937 0.3336197407 173.4807965 179.9951071 273.3517552 0.5476331709
13 163834 6163 6163 0 -2.686500184 101.2862323 -176.8444947 176.0870281 352.9315229 -179.989676 179.9984815 359.9881575 -0.005016057595 178.2563054 179.9843945 41.22493039 0.3161719834
14 107650 688 688 0 8.021265357 85.70863536 -166.9079952 27.50665417 194.4146493 -177.5269787 37.41622717 214.9432058 -0.3351302031 178.3656731 179.99767 326.5006721 0.1754947542
15 206248 51 51 0 0.2897377932 100.4702405 -173.3677447 175.7349638 349.1027085 -178.4886105 178.5583113 357.0469218 0.02897217959 178.2683263 179.6095499 106.2282048 0.2555116647
16 181737 10 10 0 18.86831575 80.08885418 -136.3670387 42.28730448 178.6543431 -137.4764664 45.12037468 182.5968411 -0.4530925129 157.1348927 158.2443205 180.0800109 0.2413934118
17 131983 5 5 0 0.6266137685 3.843769414 -4.376166938 5.023772548 9.399939486 -4.470707341 5.758127098 10.22883444 0.246101866 9.494479889 10.22883444 268.3903734 0.9977510762
18 157143 463 463 0 -0.7286990062 82.4675258 -177.7634433 170.7954061 348.5588494 -179.8261209 179.6291705 359.4552914 -0.3827681986 178.6648193 179.9955867 30.38280042 0.5210381956
19 57466 8022 8022 0 -0.09334547989 55.23861745 -163.6997315 8.506699002 172.2064305 -179.9241169 179.8877058 359.8118227 -0.3186565892 170.2998542 179.9549408 167.0720118 0.7886899818
20 46106 6966 6966 0 0.9755932366 5.598688813 -9.774930709 8.263315148 18.03824586 -11.66952745 11.42969795 23.0992254 -0.2751001644 10.06526522 11.73144309 302.3802564 0.9952336449
21 45927 2859 2859 0 0.5422107392 83.92747406 -176.8616501 176.3373453 353.1989954 -179.9838083 179.9976933 359.9815016 -0.2803920281 178.2066708 179.9948667 231.7788899 0.5167813726
22 30090 121 121 0 13.61279275 84.10566427 -160.338386 31.15631922 191.4947053 -173.9406807 39.64307596 213.5837567 -0.3633658345 177.5738249 179.9864294 25.15789902 0.1955387837
23 209561 4334 4334 0 -4.244344629 100.6889944 -176.0275097 175.0564855 351.0839952 -179.9813666 179.9997361 359.9811027 -0.007033200782 174.8124015 179.9637709 49.8604281 0.3044404088
24 69805 5778 5778 0 -0.4570071718 36.56041116 -10.01567591 11.88628728 21.90196319 -179.890515 179.8957828 359.7862978 -0.9840316607 15.93270447 179.9889072 191.2777073 0.9057854774
25 74825 4469 4469 0 0.7068238961 83.51317136 -176.6141942 176.8510384 353.4652326 -179.9938479 179.9984013 359.9922491 -0.28673818 178.3544727 179.9936425 217.5097877 0.5239484669
26 202072 1928 1928 0 -5.936076957 85.58313274 -172.652818 34.08723489 206.7400529 -179.7402837 179.9434324 359.6837162 -0.4599926122 172.5245728 179.9606874 70.70015679 0.2806982708
27 89065 24 24 0 1.449059349 94.62150364 -169.3412491 150.0212345 319.3624836 -175.7040255 175.4290984 351.1331239 -0.0692444652 173.0687893 179.4315657 180.4671072 0.3339736472
28 152444 2507 2507 0 2.125186822 83.29518459 -167.3274706 170.7408849 338.0683555 -179.9732379 179.9667141 359.939952 -0.2576370584 174.9324996 179.9836325 281.0175019 0.485335571
29 149492 297 297 0 1.370202252 98.03609179 -174.0796802 176.3894295 350.4691097 -179.8353724 179.5718933 359.4072658 -0.00590940859 178.0374557 179.9324815 46.11502923 0.3094098888
30 206040 1056 1056 0 25.93442055 86.29178232 -144.5808939 44.59008066 189.1709745 -152.9952008 51.61692625 204.612127 -0.1591098569 175.0128382 179.9616168 290.8452313 0.1019741566
31 137525 14562 14562 0 -0.2699566096 3.689647816 -5.313733616 6.515877638 11.82961125 -5.849168204 9.597271082 15.44643929 0.3335417425 7.18318252 10.26457596 156.7256123 0.9979281422
32 204761 11416 11416 0 -0.4417540565 4.235889492 -5.910308343 6.392406426 12.30271477 -10.38961504 28.87958211 39.26919715 1.234358579 8.907141671 31.39431736 12.99947859 0.9972769114
33 183865 9593 9593 0 -0.2536344687 5.362623823 -9.102224275 9.207992095 18.31021637 -12.48279397 13.53566409 26.01845805 0.08360193274 14.35186394 18.67953594 181.7198952 0.9956280903
34 105411 143 143 0 6.406330743 87.74629187 -169.2762006 28.42025024 197.6964509 -175.7336809 39.90829112 215.641972 -0.2359677635 178.8572203 179.9855025 74.7896567 0.1217142022
35 211735 6832 6832 0 -1.686665413 58.83541278 -171.7051259 172.8511546 344.5562805 -177.3026102 179.0168133 356.3194235 0.02977146833 176.6971695 179.9978061 31.56288269 0.7673719764
36 65332 7072 7072 0 -0.4823874554 40.91017058 -7.853339229 10.34464874 18.19798797 -179.958617 179.9197967 359.8784137 -0.6329778334 163.9269791 179.8182602 178.9504653 0.8837473959
37 36132 736 736 0 0.6776860458 82.9712317 -172.9307267 17.39403582 190.3247625 -179.9030411 178.662523 358.5655641 -0.6251779805 178.6065437 179.9811196 307.1875952 0.340159646
38 33139 881 881 0 -0.8161947318 58.21433283 -158.6801591 159.5976816 318.2778408 -179.7766935 179.2905741 359.0672675 0.1061843523 170.915519 179.7304359 294.1835824 0.7628075999
39 150087 44 44 0 1.736138557 101.2503015 -178.5133388 175.6158762 354.129215 -179.8597068 177.969348 357.8290548 -0.006004190686 178.3278779 179.1513868 143.2338098 0.3162418148
40 175666 3006 3006 0 -4.402806628 88.06627017 -174.0839607 37.34125709 211.4252178 -179.8838777 179.9053698 359.7892475 -0.336761148 175.8122133 179.9970195 56.95959966 0.3031326072
41 205459 1722 1722 0 11.39755815 84.8132489 -161.7844671 25.16495288 186.94942 -178.8518254 178.4944379 357.3462633 -0.366107892 173.3114781 179.7075982 294.1456967 0.2003568682
42 162438 14888 14888 0 -0.3658224468 3.128680121 -4.304536599 5.967394675 10.27193127 -4.728932627 8.069414238 12.79834686 0.5067904865 6.603455622 8.705475184 355.216027 0.998510007
43 155954 2435 2435 0 6.459212989 84.97338163 -168.4552798 18.25552444 186.7108042 -178.7926573 178.3673502 357.1600075 -0.438718613 178.4926165 179.998168 286.8140165 0.2376316859
44 39623 101 101 0 2.717747693 107.8734272 -176.0820737 173.0322883 349.114362 -179.9672358 176.5189121 356.486148 0.1749671914 177.3550345 179.9595742 61.10934915 0.09578048453
45 126320 470 470 0 4.518707979 92.77203015 -174.9050875 27.74081258 202.6459001 -179.8697315 179.7997267 359.6694581 -0.02205661438 177.8410561 179.9661351 348.4916902 0.09812403587
46 195939 13105 13105 0 0.06141118464 3.41006832 -5.407888146 5.351016231 10.75890438 -7.267277356 13.63238909 20.89966644 0.1591318943 6.931867708 15.21324056 3.658049176 0.9982302303
47 61183 5260 5260 0 -1.183384336 5.843263273 -7.770540094 11.01243019 18.78297029 -9.354228323 18.14075052 27.49497884 0.6821836238 10.23666716 16.87737034 316.5064224 0.9948121632
48 23834 2000 2000 0 0.4506624701 82.02861565 -176.207585 176.4192428 352.6268278 -179.9899922 179.9167007 359.9066928 -0.08133932346 178.0421256 179.9982211 248.7333565 0.5530779179
49 209797 8030 8030 0 -0.8804364177 6.25717306 -7.925930811 9.552398827 17.47832964 -10.62680397 37.38718982 48.01399379 1.967567555 12.58688914 40.42168014 22.12248862 0.9940971829
