K,cluster,representative_source,phase,parameter,unit,n_cluster,n_valid,n_missing,median,std,p05,p95,width90,minimum,maximum,range,skewness,error95,error_max,angle_origin_deg,angle_resultant
10,0,183115,backward,eps,km^2/s^2,47351,47351.0,0.0,-0.17858425229501562,0.31353238305572406,-0.9282327892406175,-0.0827123760404388,0.8455204132001787,-0.9839939048397803,-0.06901144030165252,0.9149824645381278,-1.2930706946699684,0.7624702577869569,0.8182313733861196,nan,nan
10,1,144131,backward,eps,km^2/s^2,166,166.0,0.0,-0.19889359756494995,0.29672566068953077,-0.9565806873842259,-0.11416211169477747,0.8424185756894484,-1.0176690233481307,-0.043834796693581146,0.9738342266545496,-1.4300871822385566,0.7896476647735655,0.8507360007374704,nan,nan
10,2,109831,backward,eps,km^2/s^2,10022,10022.0,0.0,-0.23889397062117534,0.33474656283715637,-0.9590740749696864,-0.10952650090468456,0.8495475740650019,-1.0175623660736905,-0.056229030032928895,0.9613333360407617,-0.5883498626322071,0.7564602277318091,0.8149485188358133,nan,nan
10,3,85967,backward,eps,km^2/s^2,31218,31218.0,0.0,-0.21684442436219709,0.32596313278809524,-0.9548477414930766,-0.08614021270849173,0.8687075287845849,-0.9808263891971716,-0.058817793307683885,0.9220085958894877,-1.019198262602763,0.7786216683524882,0.8046003160565832,nan,nan
10,4,90807,backward,eps,km^2/s^2,5960,5960.0,0.0,-0.21372459789594084,0.3411115466430764,-0.9529773763126244,-0.11611332021506486,0.8368640560975595,-1.0205536257856416,-0.04380722131250103,0.9767464044731405,-0.26926618310440226,0.7770511717640617,0.8446274212370789,nan,nan
10,5,33679,backward,eps,km^2/s^2,24539,24539.0,0.0,-0.9301705724331454,0.04688273335557344,-0.9986083986345029,-0.8597469261873569,0.13886147244714597,-1.0086547271271056,-0.8455281706683686,0.16312655645873697,0.03311415591635346,0.10235035118972595,0.11656910670871423,nan,nan
10,6,192478,backward,eps,km^2/s^2,43309,43309.0,0.0,-0.20040241768666767,0.30314459192340276,-0.9433407827246705,-0.08658448434662869,0.8567562983780418,-0.9812652873237723,-0.06298297026078092,0.9182823170629913,-1.2986759133124335,0.777785010945994,0.8157095155450957,nan,nan
10,7,211173,backward,eps,km^2/s^2,19795,19795.0,0.0,-0.21457443556754685,0.3225329983309946,-0.9426971161425027,-0.1241469662965318,0.818550149845971,-0.9805267118082368,-0.06585279183389536,0.9146739199743414,-0.8956148686131,0.7463066440502141,0.7841362397159481,nan,nan
10,8,148595,backward,eps,km^2/s^2,10081,10081.0,0.0,-0.18001881920641416,0.26303975857987455,-0.8886404171219018,-0.0610332908307446,0.8276071262911572,-1.020836128343177,-0.04391779137377705,0.9769183369694,-1.7742440235271442,0.7173281441664552,0.8495238553877305,nan,nan
10,9,160348,backward,eps,km^2/s^2,1617,1617.0,0.0,-0.2003190127292367,0.29505030527252296,-0.9314710093252989,-0.11509662205576517,0.8163743872695337,-1.020754723273971,-0.043879077490019736,0.9768756457839514,-1.2899203015356608,0.742654655090569,0.8319383690392413,nan,nan
10,0,183115,backward,e,-,47351,47351.0,0.0,0.5694950610823263,0.14302306575751084,0.3497514892349962,0.8027804363078951,0.45302894707289887,0.2029362978432071,0.8355118700788485,0.6325755722356414,0.08107030863091226,0.25202729541588254,0.39884248680767165,nan,nan
10,1,144131,backward,e,-,166,166.0,0.0,0.519094184441857,0.14593457438090016,0.24898628392309682,0.727206055772548,0.4782197718494512,0.1950360603659501,0.8955575813930169,0.7005215210270668,-0.13746990559989178,0.34953641622304416,0.40348663978019084,nan,nan
10,2,109831,backward,e,-,10022,10022.0,0.0,0.4718202779284083,0.15787696473374552,0.24794934776902094,0.7384315948764432,0.4904822471074222,0.1707602090708903,0.8660644063770473,0.695304197306157,0.2570130866113535,0.27004210525852235,0.35826241849983076,nan,nan
10,3,85967,backward,e,-,31218,31218.0,0.0,0.49442516983965323,0.1489842942023704,0.2927939189943549,0.7945850105526906,0.5017910915583357,0.1685914010438332,0.8598376401626954,0.6912462391188622,0.21971466515837285,0.28317232953926325,0.4063197369569056,nan,nan
10,4,90807,backward,e,-,5960,5960.0,0.0,0.48773372886184396,0.176364020265856,0.19517230288666917,0.7225047052975266,0.5273324024108574,0.168344493093901,0.8956261106421681,0.7272816175482671,-0.0026791759883796127,0.38051602089606923,0.4073438306888374,nan,nan
10,5,33679,backward,e,-,24539,24539.0,0.0,0.4378080953489567,0.07885350116162546,0.3072769807792243,0.5423355276635535,0.23505854688432926,0.2759808255270147,0.5563450703171937,0.280364244790179,-0.16593268986221835,0.18129826883853087,0.21259442409074047,nan,nan
10,6,192478,backward,e,-,43309,43309.0,0.0,0.514917831011769,0.15335524373804946,0.2980336186321229,0.7934972278460333,0.49546360921391036,0.16887505930486627,0.8499009739588936,0.6810259146540274,0.21698147512730023,0.3043570024646542,0.43351556179191086,nan,nan
10,7,211173,backward,e,-,19795,19795.0,0.0,0.48355900160891097,0.11534967975329534,0.2827594675150313,0.7030273694058106,0.4202679018907793,0.16945223746756752,0.8430210490230096,0.673568811555442,0.06616027538590448,0.244636267612269,0.35577927989922886,nan,nan
10,8,148595,backward,e,-,10081,10081.0,0.0,0.566351838913126,0.16218841484315938,0.24809211068669393,0.8546206816611487,0.6065285709744548,0.16819393098549065,0.8953605839444655,0.7271666529589749,-0.2815446334592059,0.33957017995577177,0.41946835965697504,nan,nan
10,9,160348,backward,e,-,1617,1617.0,0.0,0.5160693683894744,0.1513963145483479,0.2334780504380841,0.7249362950698777,0.49145824463179355,0.17006358404121355,0.8954556794646302,0.7253920954234166,-0.3609123795906702,0.3133400407367689,0.373697089674621,nan,nan
10,0,183115,backward,w,deg,47351,47351.0,0.0,-1.6657143714146514,81.83228377356345,-177.0001891566142,177.4419251633082,354.44211431992244,-179.99866102475647,179.99974646613788,359.99840749089435,0.22185567726348632,178.2498185375071,179.999536558749,24.267281745527665,0.5564205718248535
10,1,144131,backward,w,deg,166,166.0,0.0,-1.2982963961127467,77.81217897880622,-176.10658986737286,169.92326195609,346.0298518234629,-179.71761532033918,177.18325790677034,356.9008732271095,0.09333845470037294,175.52996470807835,178.50840033160046,26.555113432824434,0.5899922355895947
10,2,109831,backward,w,deg,10022,10022.0,0.0,0.535238952454975,99.8485944623598,-173.62713810732507,173.983102605032,347.61024071235704,-179.99796785786646,179.96176616662768,359.95973402449414,-0.005184455141324325,177.87295310592472,179.9920687641653,22.714840970562907,0.2903537005699325
10,3,85967,backward,w,deg,31218,31218.0,0.0,-0.38346365134849236,89.89482315298935,-175.76044924048313,176.70453102368054,352.46498026416367,-179.99987041416222,179.997681613942,359.9975520281042,0.03161799579553348,176.3661005550692,179.91936835025444,24.994617077884357,0.46912331067755697
10,4,90807,backward,w,deg,5960,5960.0,0.0,-2.4275623059925096,97.88782532531793,-22.63579011055809,174.35338384776833,196.98917395832643,-179.96157873601948,179.90130406853717,359.86288280455665,-0.07597324279830828,176.30974950048034,179.99534205225456,33.84887949481198,0.13378927207397814
10,5,33679,backward,w,deg,24539,24539.0,0.0,-0.8427682911987233,6.033404581798612,-7.9759852635068,12.078497291616966,20.054482555123766,-9.854183835445752,24.820794589938885,34.67497842538464,1.1198976457495813,14.923184737000692,27.66548203532261,189.9796429066876,0.994479745957159
10,6,192478,backward,w,deg,43309,43309.0,0.0,0.5655314291054765,80.19992610791893,-176.2488600563188,175.68303467099824,351.93189472731706,-179.99241810569515,179.99413449880296,359.9865526044981,0.3053999336964593,177.9148912020916,179.9986608960383,26.201082478685414,0.5652585355649684
10,7,211173,backward,w,deg,19795,19795.0,0.0,-1.7367704215649553,93.43795019658276,-176.00062611745176,172.77092365198462,348.7715497694364,-179.99626970466755,179.99734923389587,359.99361893856343,-0.04112028140301083,177.64599920787344,179.99826081166577,25.258534310053097,0.41183039131432947
10,8,148595,backward,w,deg,10081,10081.0,0.0,0.342537529176667,68.16760194642704,-169.28502354160076,171.78293226883017,341.06795581043093,-179.95974317092606,179.9620988104499,359.92184198137596,0.16064642463505735,174.3894480444144,179.99526575112492,23.90534171445192,0.6846319024133098
10,9,160348,backward,w,deg,1617,1617.0,0.0,-1.3159697303025553,81.5779795880221,-176.1266874799379,171.895962210266,348.02264969020393,-179.94992124452426,179.80843845307686,359.7583596976011,-0.014979731531567909,176.70507910681962,179.9453031419988,26.151734220696625,0.552461299060526
10,0,183115,forward,eps,km^2/s^2,47351,47351.0,0.0,-0.19477187728613365,0.375062813729161,-0.9347721123356367,-0.08312396425279489,0.8516481480828418,-0.9840534965673172,-0.0694884577086845,0.9145650388586327,-0.3604948366034788,0.8269725243077204,0.8762539085394009,nan,nan
10,1,144131,forward,eps,km^2/s^2,166,166.0,0.0,-0.21227237348599665,0.3407863472631903,-0.969774090366264,-0.11575472875804729,0.8540193616082168,-1.020440955040417,-0.046719852405381124,0.9737211026350359,-0.6609978149043556,0.7568208827636055,0.8074877474377584,nan,nan
10,2,109831,forward,eps,km^2/s^2,10022,10022.0,0.0,-0.2571003453692449,0.353800795957544,-0.9655421553135969,-0.10873158392706082,0.856810571386536,-1.020820045950525,-0.06054081098412234,0.9602792349664027,-0.0962403098505915,0.7802027211522609,0.835480611789189,nan,nan
10,3,85967,forward,eps,km^2/s^2,31218,31218.0,0.0,-0.22861235006694725,0.36621406517303656,-0.9620878595977922,-0.10101085015029657,0.8610770094474957,-0.9807716408007237,-0.05885393284037144,0.9219177079603522,-0.27058572118714375,0.8009305975512188,0.8196143787541502,nan,nan
10,4,90807,forward,eps,km^2/s^2,5960,5960.0,0.0,-0.814983682851859,0.3485721271426625,-0.9707716801345581,-0.11764722419596449,0.8531244559385935,-1.0195542132081998,-0.04389160369217371,0.9756626095160261,0.19522993555003204,0.8539227020980966,0.9027052351717384,nan,nan
10,5,33679,forward,eps,km^2/s^2,24539,24539.0,0.0,-0.9319786948864904,0.0452020095389477,-0.9981875574289832,-0.860631717642091,0.13755583978689223,-1.0085644016778017,-0.845376974380204,0.16318742729759772,0.06417487001406333,0.09710902686055856,0.11236377012244558,nan,nan
10,6,192478,forward,eps,km^2/s^2,43309,43309.0,0.0,-0.24223866302937824,0.3721045590351715,-0.952805169725972,-0.08289288009026335,0.8699122896357085,-0.9812539104166746,-0.06255530210385152,0.9186986083128231,-0.09566430869515838,0.8581594112355563,0.886608151926259,nan,nan
10,7,211173,forward,eps,km^2/s^2,19795,19795.0,0.0,-0.8485051725941144,0.3472026781131912,-0.959001775287831,-0.12781705960625167,0.8311847156815794,-0.9805593026870278,-0.061431441907169426,0.9191278607798584,0.46952801963595786,0.7922166065133012,0.8586022242123834,nan,nan
10,8,148595,forward,eps,km^2/s^2,10081,10081.0,0.0,-0.19216236083342308,0.3218532150855498,-0.927347049832221,-0.10452192539619953,0.8228251244360215,-1.0208075341283356,-0.043981079635574294,0.9768264544927613,-0.9832383131065883,0.8140457977469855,0.9075062820431,nan,nan
10,9,160348,forward,eps,km^2/s^2,1617,1617.0,0.0,-0.2100027967266026,0.34170086793692,-0.955412087611275,-0.11627463070365888,0.8391374569076162,-1.0205829238249695,-0.04380055913553149,0.976782364689438,-0.528464223850064,0.743333046513805,0.8085038827274998,nan,nan
10,0,183115,forward,e,-,47351,47351.0,0.0,0.5283394137326138,0.15871463747774472,0.3301690036737125,0.8017853700354884,0.47161636636177595,0.20224684633781442,0.8343735076986426,0.6321266613608282,0.21536211907966127,0.41258051205444324,0.5405026693903413,nan,nan
10,1,144131,forward,e,-,166,166.0,0.0,0.49468860394238956,0.15314569357701174,0.23676645936543195,0.7233740860206157,0.48660762665518376,0.1698141830836259,0.8887012718543874,0.7188870887707615,-0.016969591321296787,0.26218631761057143,0.40666554245120773,nan,nan
10,2,109831,forward,e,-,10022,10022.0,0.0,0.4523085327429016,0.161618250396923,0.24191250857622523,0.7403999815798291,0.49848747300360385,0.16987312589813894,0.8557904486962958,0.6859173227981569,0.32216235464591214,0.31122294767717607,0.38326233035526236,nan,nan
10,3,85967,forward,e,-,31218,31218.0,0.0,0.480082583545804,0.1507469105009722,0.26808111836020754,0.758865981350395,0.4907848629901874,0.16857236846964585,0.8597500074356198,0.691177638965974,0.2845109979054651,0.3448153700702946,0.4443241199608564,nan,nan
10,4,90807,forward,e,-,5960,5960.0,0.0,0.47307972425537703,0.16886277033899244,0.1955982788132202,0.7187582552414145,0.5231599764281942,0.16971236327555636,0.8954250633070769,0.7257127000315206,0.15919227858158919,0.5250870309287432,0.550972946466407,nan,nan
10,5,33679,forward,e,-,24539,24539.0,0.0,0.4407756805888663,0.07596723497036434,0.30919060325885916,0.5417177805114276,0.23252717725256844,0.2756258177331176,0.5562090261526239,0.2805832084195063,-0.21020083854496857,0.172688026687633,0.20625281221337455,nan,nan
10,6,192478,forward,e,-,43309,43309.0,0.0,0.46727079238375924,0.1708485234392101,0.2677644993992043,0.8023531370338419,0.5345886376346376,0.16892343819593658,0.8509202927637493,0.6819968545678127,0.3426315592294334,0.5065531202389979,0.6053941814422656,nan,nan
10,7,211173,forward,e,-,19795,19795.0,0.0,0.4463643241878994,0.1267122016639058,0.25766495728525723,0.6941505431884173,0.43648558590316006,0.1696830202884509,0.8535837771648843,0.6839007568764335,0.39495357423155975,0.2726092510163978,0.4320424849928648,nan,nan
10,8,148595,forward,e,-,10081,10081.0,0.0,0.5377153251540268,0.1700474183681153,0.2334771189574046,0.7503429863356641,0.5168658673782595,0.16972585532011825,0.8952125964134294,0.7254867410933112,-0.2272359520806441,0.4957751236012635,0.5595263872385499,nan,nan
10,9,160348,forward,e,-,1617,1617.0,0.0,0.49947452772841094,0.1583490214649763,0.22147014954570365,0.7221087800165271,0.5006386304708235,0.17100555090973987,0.8956399397956282,0.7246343888858883,-0.12706800405340438,0.26856018559596434,0.4112520797425073,nan,nan
10,0,183115,forward,w,deg,47351,47351.0,0.0,15.375086756616952,83.21093280690813,-148.24438077372417,31.268811386862865,179.51319216058704,-179.98321904772706,179.9909709269457,359.97418997467275,-0.36617333675036484,169.7756424836631,179.99957876538707,138.85872307249215,0.211471936612171
10,1,144131,forward,w,deg,166,166.0,0.0,-1.3398790127972688,94.70252823664299,-170.17102538780455,164.96794660953174,335.1389719973363,-178.78158649597515,179.44892568100846,358.2305121769836,-0.00013475210228679988,175.83515356354098,179.8343135491353,159.22692360284708,0.2424693316257613
10,2,109831,forward,w,deg,10022,10022.0,0.0,-8.675356273216067,97.75252992645251,-46.822739124521796,168.6034952254676,215.42623434998941,-179.99818745741044,179.9805207063685,359.97870816377895,-0.12883473022102537,176.35417281752544,179.9996268919794,271.7657975866437,0.06326858114722594
10,3,85967,forward,w,deg,31218,31218.0,0.0,-0.8934133627414838,88.26589061584687,-174.3031315639216,23.26240704231578,197.56553860623737,-179.90377657483845,179.94120696337325,359.8449835382117,-0.2557911049506716,178.93661816548234,179.99875903273346,189.24022736477653,0.13776430849513116
10,4,90807,forward,w,deg,5960,5960.0,0.0,-15.877470211301102,86.57902586580087,-53.41583992348643,157.50514121729168,210.9209811407781,-179.96700750884602,179.97323475418375,359.94024226302975,0.17176216747299147,178.6049214605314,179.99821624447367,190.37826400294423,0.14359309955505684
10,5,33679,forward,w,deg,24539,24539.0,0.0,-2.0661865814811335,10.543143756757503,-13.038574057999437,21.308911752584166,34.347485810583606,-14.267320184571815,35.200511289743076,49.46783147431489,0.8885880539897256,21.795415503355414,35.687015040514325,303.6768123354487,0.9832260440459724
10,6,192478,forward,w,deg,43309,43309.0,0.0,40.93456664004799,85.67150717698598,-126.27572431267433,59.5197935206945,185.79551783336882,-146.16089074525115,73.58823543863849,219.74912618388964,-0.10578498467501882,172.8288649098969,179.98593754364003,127.9697334517925,0.09306421849413926
10,7,211173,forward,w,deg,19795,19795.0,0.0,-2.362239148577345,100.20837426015008,-176.0605573556443,174.54350476751736,350.60406212316167,-179.99987549113428,179.99928868555628,359.99916417669056,0.03131235077120143,177.5202460512304,179.99788424454772,34.991595477874064,0.22778598833297808
10,8,148595,forward,w,deg,10081,10081.0,0.0,-0.3654366111521199,84.00169682660712,-165.50117570791065,161.0333030007978,326.53447870870843,-179.99461692714073,179.90690405758608,359.9015209847268,-0.1893154172564362,172.1413039844636,179.99884218180034,280.69244344308544,0.4529694249584901
10,9,160348,forward,w,deg,1617,1617.0,0.0,-0.805549837395688,97.14671855644774,-168.91390235782737,171.13989041287564,340.053792770703,-179.82487099798442,179.7884540234014,359.61332502138583,0.018199949711177343,174.1190051898312,179.90140828906345,38.60329140915588,0.2518037056228327
14,0,175987,backward,eps,km^2/s^2,26836,26836.0,0.0,-0.20719790159272927,0.060949143981152094,-0.24195112760853546,-0.14941925556890134,0.09253187203963412,-0.9819108872776826,-0.13636764418582492,0.8455432430918577,-8.66958603797665,0.07771947455122885,0.7559096921792159,nan,nan
14,1,185549,backward,eps,km^2/s^2,133,133.0,0.0,-0.19625559594157937,0.2744380591642436,-0.928527762691181,-0.11426603861302209,0.8142617240781589,-1.0176690233481307,-0.043834796693581146,0.9738342266545496,-1.6978741068377075,0.7182045258885471,0.8073457865454968,nan,nan
14,2,74329,backward,eps,km^2/s^2,6442,6442.0,0.0,-0.1875114227839524,0.2617206938617178,-0.907889527168892,-0.10897750141353466,0.7989120257553574,-1.0207786020554366,-0.04399901777505488,0.9767795842803817,-1.8640190386078208,0.7623982983398566,0.8752873732264012,nan,nan
14,3,211174,backward,eps,km^2/s^2,17691,17691.0,0.0,-0.21423634273048908,0.32057435099907566,-0.9420239603681704,-0.12483034065460108,0.8171936197135693,-0.9805267118082368,-0.06839088237090463,0.9121358294373322,-0.9232642440029114,0.745025487408302,0.7835282388483684,nan,nan
14,4,203859,backward,eps,km^2/s^2,1108,1108.0,0.0,-0.20257517887517745,0.28422287623989123,-0.9338373379602244,-0.11464179516270263,0.8191955427975217,-1.0183677716126565,-0.04380722131250103,0.9745605503001554,-1.419401359360908,0.7550262615140152,0.8395566951664474,nan,nan
14,5,33679,backward,eps,km^2/s^2,24415,24415.0,0.0,-0.9301157901601683,0.046925816420948674,-0.9986407570063901,-0.8597330916094553,0.13890766539693478,-1.0086547271271056,-0.8455281706683686,0.16312655645873697,0.031157259958699928,0.1023641857676275,0.11656910670871423,nan,nan
14,6,194160,backward,eps,km^2/s^2,26633,26633.0,0.0,-0.1620960135246926,0.09257729242947645,-0.2476432884905626,-0.0751868116777537,0.1724564768128089,-0.9808564295751494,-0.06237392869336855,0.9184825008817809,-4.921895076738934,0.09617664314543992,0.8131835116069854,nan,nan
14,7,150375,backward,eps,km^2/s^2,6840,6840.0,0.0,-0.18468997204845639,0.28546507622931994,-0.8860582442283087,-0.054796824417172686,0.831261419811136,-1.020836128343177,-0.04391779137377705,0.9769183369694,-1.4143931688686309,0.7138431512705579,0.8486210353854267,nan,nan
14,8,20085,backward,eps,km^2/s^2,3993,3993.0,0.0,-0.8149684658882146,0.33638374835427126,-0.9592381094036861,-0.12017954384164971,0.8390585655620364,-1.0205536257856416,-0.044138872659411854,0.9764147531262297,0.3031974447221133,0.7076502107556859,0.7836908819379238,nan,nan
14,9,206424,backward,eps,km^2/s^2,909,909.0,0.0,-0.20442269041060623,0.31390010121199946,-0.9456180409989444,-0.11476234569822585,0.8308556953007186,-1.020754723273971,-0.04407832882611784,0.9766763944478533,-1.0499620674988372,0.7555451587918038,0.8306818410668311,nan,nan
14,10,130747,backward,eps,km^2/s^2,23771,23771.0,0.0,-0.12537737042379782,0.22606541790853912,-0.9148345377558889,-0.07653355023905639,0.8383009875168325,-0.9842262058894765,-0.06805633992593996,0.9161698659635366,-2.9040818276634806,0.807901775332697,0.8772934434662847,nan,nan
14,11,64249,backward,eps,km^2/s^2,18947,18947.0,0.0,-0.9006265942274747,0.03737568503945648,-0.9588665350444555,-0.8407946661063688,0.11807186893808674,-0.981797115853066,-0.8065564947730042,0.17524062108006178,0.08039854179490442,0.06656132266969017,0.09902520821471716,nan,nan
14,12,107665,backward,eps,km^2/s^2,9602,9602.0,0.0,-0.23451914993625605,0.3347669346260838,-0.9594840984217571,-0.11847222162931043,0.8410118767924466,-1.016166401552411,-0.08992868422554379,0.9262377173268672,-0.5933185941509647,0.7589109365519419,0.8155932396825959,nan,nan
14,13,90418,backward,eps,km^2/s^2,26738,26738.0,0.0,-0.21629133311357052,0.3258864418105737,-0.9543898262108023,-0.08604268499926768,0.8683471412115346,-0.980575890870184,-0.058817793307683885,0.9217580975625002,-1.0191293894282245,0.7729008875859779,0.7990869522453596,nan,nan
14,0,175987,backward,e,-,26836,26836.0,0.0,0.4966256552135933,0.07680226190536846,0.40388714575366447,0.6415108299385663,0.23762368418490187,0.2715798076696587,0.6733948742059211,0.4018150665362624,0.2925895250972124,0.19459175668849282,0.22647580095584768,nan,nan
14,1,185549,backward,e,-,133,133.0,0.0,0.5256049946576912,0.14498854263443875,0.24043640897010535,0.7269572991259396,0.48652089015583433,0.1950360603659501,0.8955575813930169,0.7005215210270668,-0.4197877277934403,0.26254734812351493,0.4068184185490438,nan,nan
14,2,74329,backward,e,-,6442,6442.0,0.0,0.5475546284129962,0.1406307488614286,0.3008560266642776,0.7397002146059946,0.438844187941717,0.16819393098549065,0.8951650037687464,0.7269710727832558,-0.2947743062300288,0.3501610089192646,0.48282310459805156,nan,nan
14,3,211174,backward,e,-,17691,17691.0,0.0,0.48409650067428156,0.11308648255170461,0.2846542581663267,0.7014169796493553,0.4167627214830286,0.16945223746756752,0.8369562131001238,0.6675039756325563,0.05334952633082695,0.24092097740897966,0.3542251452170273,nan,nan
14,4,203859,backward,e,-,1108,1108.0,0.0,0.510457758187963,0.15424459614053726,0.23479394693020558,0.726032647811671,0.4912387008814654,0.17006358404121355,0.8956261106421681,0.7255625266009545,-0.05627510642993322,0.33474749674509596,0.399477859634088,nan,nan
14,5,33679,backward,e,-,24415,24415.0,0.0,0.437702526247601,0.07892443319352183,0.3072487360824955,0.5423768179632935,0.23512808188079803,0.2759808255270147,0.5563450703171937,0.280364244790179,-0.1636485774280408,0.18132651353525972,0.21259442409074047,nan,nan
14,6,194160,backward,e,-,26633,26633.0,0.0,0.6105158330177958,0.14060760053987936,0.3884298359328953,0.8207285239542251,0.4322986880213298,0.16869896743961113,0.8513553912446419,0.6826564238050308,-0.17426874806298479,0.2334850176115492,0.42846474132940604,nan,nan
14,7,150375,backward,e,-,6840,6840.0,0.0,0.5550139756255823,0.18339530077919944,0.2364508280906371,0.8694039602868717,0.6329531321962346,0.17000004480164355,0.8953605839444655,0.725360539142822,-0.14007885022659183,0.3489754260978024,0.4154262093867961,nan,nan
14,8,20085,backward,e,-,3993,3993.0,0.0,0.40291872148398744,0.17573040576774174,0.1911358321231899,0.712656084682765,0.521520252559575,0.168344493093901,0.8948398682898845,0.7264953751959835,0.35937716755112564,0.47945531136420677,0.6616390949713262,nan,nan
14,9,206424,backward,e,-,909,909.0,0.0,0.5075775354666914,0.15256596171752326,0.23253863347796888,0.725748265455256,0.49320963197728707,0.17281072957280652,0.8949833135502939,0.7221725839774874,-0.3274729239180686,0.31060285826265344,0.3684023939924418,nan,nan
14,10,130747,backward,e,-,23771,23771.0,0.0,0.7003522495975673,0.11080086408782888,0.45757190378647966,0.81753671350608,0.3599648097196004,0.2742212580613012,0.8377900415658402,0.5635687835045391,-1.0284280005804864,0.2871597982092113,0.47051044393438973,nan,nan
14,11,64249,backward,e,-,18947,18947.0,0.0,0.3874390767199765,0.06949038252355105,0.26558029398911326,0.4838926328623749,0.21831233887326162,0.1695680507948899,0.5182193730555117,0.3486513222606218,-0.34985297174308516,0.13088594489767955,0.22689818809190287,nan,nan
14,12,107665,backward,e,-,9602,9602.0,0.0,0.47360526171799855,0.14702831061678912,0.2534641058413848,0.7168992171066003,0.4634351112652155,0.1697351995346614,0.78568367218559,0.6159484726509286,0.12250459138534997,0.2607243678814381,0.3433339187663996,nan,nan
14,13,90418,backward,e,-,26738,26738.0,0.0,0.4941627772208323,0.14793139280165338,0.2925303193213345,0.7948035518069279,0.5022732324855934,0.1685914010438332,0.8598376401626954,0.6912462391188622,0.225790969224805,0.2874998973223867,0.3930946887502116,nan,nan
14,0,175987,backward,w,deg,26836,26836.0,0.0,-0.05380681042012725,12.92139726753837,-3.2609530551213126,3.1603335564100306,6.421286611531343,-172.7973546452813,173.72136871611644,346.51872336139775,-2.506187733941898,3.5767769749595004,173.60489437015417,29.79650713493908,0.9879021812133381
14,1,185549,backward,w,deg,133,133.0,0.0,-0.2581097451171104,71.90498093086367,-174.98765413805864,168.04252359403125,343.0301777320899,-178.32864981274588,178.57222341436363,356.9008732271095,-0.10122041668802055,175.63268658498896,178.62719567402104,25.166147925231144,0.6538840534651359
14,2,74329,backward,w,deg,6442,6442.0,0.0,-0.8254486346112628,64.7703765389639,-9.618553721409228,172.4027186042605,182.02127232566974,-179.96815828789954,179.6831447277471,359.65130301564665,0.9866628299699024,170.05170633824403,179.9902851882253,25.482605608848683,0.6982247464407398
14,3,211174,backward,w,deg,17691,17691.0,0.0,-1.7280641562890935,92.62132206193327,-175.93554502409364,172.74096659395394,348.6765116180476,-179.9980449099292,179.99571914888008,359.9937640588093,-0.041494990339093776,177.76394776528093,179.99944606250227,25.12592174238515,0.42202488208346023
14,4,203859,backward,w,deg,1108,1108.0,0.0,-1.7818920795476458,77.18006921575575,-176.95728963455954,167.91824651409195,344.87553614865146,-179.77031150630114,179.9724157495683,359.74272725586945,-0.1051426580894376,175.22728086382142,179.64014789153475,27.359505354586712,0.5948752760780915
14,5,33679,backward,w,deg,24415,24415.0,0.0,-0.8167754122884219,5.960358769062697,-7.923135244179994,11.842929215720066,19.766064459900058,-9.796746511017034,24.52248512323345,34.319231634250485,1.0926936602557573,14.630179336675074,27.30973524418846,189.92220558225887,0.9946116433143138
14,6,194160,backward,w,deg,26633,26633.0,0.0,0.15389664675720383,18.74664795184108,-9.3424571384332,8.952977725276016,18.295434863709218,-179.85915721842161,179.80448051829956,359.66363773672117,5.5325900926490625,15.23020364407067,179.9249374763669,24.13806137529799,0.9742772979807728
14,7,150375,backward,w,deg,6840,6840.0,0.0,1.4007253009938694,75.14585630547845,-171.60021698906644,160.4435878965555,332.04380488562197,-179.99447968576368,179.91892976177178,359.91340944753546,-0.41905385069124135,175.17720440586268,179.99352813373696,22.122950171349103,0.6015488403618088
14,8,20085,backward,w,deg,3993,3993.0,0.0,-1.160527906498686,94.16103078828611,-176.82334965499933,19.952686421899127,196.77603607689846,-179.8800149711087,179.98600475374946,359.8660197248581,-0.054179924923708794,179.21883980521815,179.9989705920282,197.11606255610232,0.158943966816198
14,9,206424,backward,w,deg,909,909.0,0.0,-1.8708611507604758,88.17824395171708,-176.48847934591046,172.93654732949994,349.42502667541044,-179.9660011677355,179.8954218736177,359.8614230413532,0.06764136735261597,178.21518022729816,179.98857104855858,26.506421150830214,0.4715545711912108
14,10,130747,backward,w,deg,23771,23771.0,0.0,0.41474244877736055,49.80506236700338,-3.671956731587102,4.561854498792314,8.233811230379416,-179.96705710440597,179.90590662029456,359.8729637247005,0.13515016848147818,171.5642013685978,179.99990308540168,18.416549657724396,0.8324025575824309
14,11,64249,backward,w,deg,18947,18947.0,0.0,-0.3920804600599297,5.246962189634408,-7.568133972068938,8.39004594348257,15.958179915551508,-12.65181829632192,17.13286379912418,29.7846820954461,0.7363708395393138,11.633276366850431,15.868833985908594,203.0957545375,0.9958187962735836
14,12,107665,backward,w,deg,9602,9602.0,0.0,-0.44636201311668344,100.83560731859122,-174.41360502026322,173.58107984092365,347.9946848611869,-179.98379387859245,179.98540305344056,359.969196932033,-0.004154713462213126,177.99208722249801,179.99902174894464,24.152395536328687,0.28865992455315437
14,13,90418,backward,w,deg,26738,26738.0,0.0,-0.48682667778258804,89.94431800558779,-175.79796540267745,176.87542692230346,352.6733923249809,-179.99662442300826,179.99966263780186,359.9962870608101,0.019695039741614045,176.32241331732536,179.97866776457965,24.98776028467521,0.4686052861900836
14,0,175987,forward,eps,km^2/s^2,26836,26836.0,0.0,-0.9000794432071234,0.02951944144856202,-0.9463117652858144,-0.8517469002496474,0.09456486503616701,-0.9648093807582839,-0.8101325027549484,0.15467687800333552,0.1352374925605358,0.060490821091649216,0.10210521858634825,nan,nan
14,1,185549,forward,eps,km^2/s^2,133,133.0,0.0,-0.21140968232845692,0.3342992864768856,-0.9657781210280083,-0.11583141796618646,0.8499467030618219,-1.020440955040417,-0.05015293496594231,0.9702880200744747,-0.6871507729874791,0.7528978633816743,0.807560697394083,nan,nan
14,2,74329,forward,eps,km^2/s^2,6442,6442.0,0.0,-0.20470723358104975,0.3421780467031879,-0.9447599219238421,-0.11192815733471385,0.8328317645891282,-1.0203921731849346,-0.04448022926456885,0.9759119439203657,-0.714472538393203,0.7773602061463426,0.8529924574074351,nan,nan
14,3,211174,forward,eps,km^2/s^2,17691,17691.0,0.0,-0.8508110721713633,0.34304937528476137,-0.9586308925773338,-0.1295605687618563,0.8290703238154775,-0.9805593026870278,-0.06310400329812771,0.9174552993889001,0.5632569730729178,0.7911323819806059,0.8575889474443344,nan,nan
14,4,203859,forward,eps,km^2/s^2,1108,1108.0,0.0,-0.2272268781879213,0.3449720093885278,-0.9687189424186692,-0.11568794670824369,0.8530309957104255,-1.0205829238249695,-0.04380055913553149,0.976782364689438,-0.4812997715200967,0.8938360299473842,0.9457000113536845,nan,nan
14,5,33679,forward,eps,km^2/s^2,24415,24415.0,0.0,-0.9319388730361249,0.04522922981991152,-0.9982073563958213,-0.8606366732324738,0.13757068316334742,-1.0085644016778017,-0.845376974380204,0.16318742729759772,0.06237825659247401,0.09710407127017576,0.11236377012244558,nan,nan
14,6,194160,forward,eps,km^2/s^2,26633,26633.0,0.0,-0.1907188358712486,0.3841990436464116,-0.958777291233806,-0.0717606465577316,0.8870166446760743,-0.9799577239430768,-0.061862326212047236,0.9180953977310295,-0.1840054501769077,0.8729526638774954,0.8941330965867662,nan,nan
14,7,150375,forward,eps,km^2/s^2,6840,6840.0,0.0,-0.18973250081057125,0.325623372078138,-0.9352540355540114,-0.06520162194223393,0.8700524136117775,-1.020820045950525,-0.043981079635574294,0.9768389663149507,-0.8897839637073162,0.806000722588991,0.8915667329855046,nan,nan
14,8,20085,forward,eps,km^2/s^2,3993,3993.0,0.0,-0.8203539449076365,0.329536308845942,-0.9715141238915974,-0.12338644114859273,0.8481276827430047,-1.0195542132081998,-0.04389160369217371,0.9756626095160261,0.5839690629231618,0.6981081406304361,0.7776029780868552,nan,nan
14,9,206424,forward,eps,km^2/s^2,909,909.0,0.0,-0.21118058585309463,0.35017782424699617,-0.9633167621762543,-0.11635162858036824,0.8469651335958861,-1.0194952570673936,-0.046719852405381124,0.9727754046620125,-0.39912997242846826,0.79534298413353,0.8515214790246693,nan,nan
14,10,130747,forward,eps,km^2/s^2,23771,23771.0,0.0,-0.1276705155303468,0.22571574317993193,-0.9156973437948426,-0.07775196694748393,0.8379453768473586,-0.9841664846442142,-0.06922675840453574,0.9149397262396785,-2.9043767666486096,0.8122242819313852,0.8806934227807568,nan,nan
14,11,64249,forward,eps,km^2/s^2,18947,18947.0,0.0,-0.2123977691840927,0.17637061448591831,-0.8466323433020357,-0.14370228277825972,0.702930060523776,-0.9819407525148628,-0.12884776640976858,0.8530929861050942,-3.3342913370379477,0.6126404793046464,0.7479488885174734,nan,nan
14,12,107665,forward,eps,km^2/s^2,9602,9602.0,0.0,-0.2538402436508564,0.3527925616680361,-0.9655421553135969,-0.11747293850923272,0.8480692168043642,-1.0124937787707466,-0.08609697600500243,0.9263968027657442,-0.1348615630723335,0.7750193749944072,0.821970998451557,nan,nan
14,13,90418,forward,eps,km^2/s^2,26738,26738.0,0.0,-0.22567961099052924,0.36584064232586816,-0.9620346444224046,-0.10252606522625589,0.8595085791961488,-0.9807716408007237,-0.05885393284037144,0.9219177079603522,-0.27665074445484117,0.797076962051209,0.8158139584295282,nan,nan
14,0,175987,forward,e,-,26836,26836.0,0.0,0.3865144540259301,0.05455206556305391,0.2906556067570426,0.4642902183546286,0.17363461159758597,0.18207356004644099,0.49308538217955505,0.31101182213311407,-0.36390712268412595,0.11740497116093085,0.22598701787153247,nan,nan
14,1,185549,forward,e,-,133,133.0,0.0,0.49215356519941583,0.15848284455434322,0.2295361723360699,0.7231893927990564,0.49365322046298643,0.1698141830836259,0.8805307353897781,0.7107165523061523,-0.07817162717723539,0.2639625440683202,0.3982877157112286,nan,nan
14,2,74329,forward,e,-,6442,6442.0,0.0,0.5063315636006044,0.15169116555978351,0.2464489313996108,0.7325734999769782,0.4861245685773674,0.16972585532011825,0.8940264165846149,0.7243005612644966,-0.13879581333871918,0.3509267324622722,0.42764980854176476,nan,nan
14,3,211174,forward,e,-,17691,17691.0,0.0,0.4429251652973746,0.1251538952306556,0.2574069644015647,0.6900061747370089,0.4325992103354442,0.16972818834007114,0.8495878695123428,0.6798596811722717,0.42162581386788095,0.26735166507439256,0.42693335984972647,nan,nan
14,4,203859,forward,e,-,1108,1108.0,0.0,0.4930021869763247,0.16054892877589155,0.2233868853109059,0.7235399072125799,0.500153021901674,0.17100555090973987,0.8956399397956282,0.7246343888858883,0.12772478083933606,0.5982289343699223,0.6506102687710883,nan,nan
14,5,33679,forward,e,-,24415,24415.0,0.0,0.44068645799559947,0.07600829130100384,0.30923968088343756,0.5417564696143385,0.23251678873090098,0.2756258177331176,0.5562090261526239,0.2805832084195063,-0.2081022053620972,0.17263894906305458,0.20625281221337455,nan,nan
14,6,194160,forward,e,-,26633,26633.0,0.0,0.5393617672705979,0.1912812773481647,0.26025708825332844,0.8289610056124822,0.5687039173591537,0.1690402379336508,0.8525699232506041,0.6835296853169532,-0.09568531078888606,0.5351610377557252,0.626377888075403,nan,nan
14,7,150375,forward,e,-,6840,6840.0,0.0,0.544388112792418,0.18889451638181246,0.22282537336804284,0.8446853951384915,0.6218600217704486,0.17001816509090778,0.8952125964134294,0.7251944313225216,-0.15421396973175108,0.46796903300839887,0.5207762412855341,nan,nan
14,8,20085,forward,e,-,3993,3993.0,0.0,0.3774937581267413,0.16873691852131772,0.191464409685849,0.7048849369842969,0.5134205272984479,0.16971236327555636,0.8954250633070769,0.7257127000315206,0.44915423994400555,0.4886713684062488,0.6792114947290289,nan,nan
14,9,206424,forward,e,-,909,909.0,0.0,0.4967491143239393,0.15448894362330215,0.22293480560380327,0.7219033842664344,0.4989685786626311,0.17101087925057248,0.8887012718543874,0.717690392603815,-0.12752718954397538,0.3730115818237676,0.42493550817699843,nan,nan
14,10,130747,forward,e,-,23771,23771.0,0.0,0.6947895670702035,0.10970465552748991,0.462517114289715,0.8146352640763683,0.35211814978665334,0.2751346523706724,0.8349949929015921,0.5598603405309197,-0.9958954168298677,0.29052456593104314,0.4779070278500857,nan,nan
14,11,64249,forward,e,-,18947,18947.0,0.0,0.4870633339607827,0.09333598724148923,0.3828846831662146,0.6555303266518884,0.27264564348567377,0.16889565608930196,0.691670303248295,0.5227746471589931,-0.05285268852523544,0.2314551269067725,0.2662022147598392,nan,nan
14,12,107665,forward,e,-,9602,9602.0,0.0,0.46457946664198757,0.15069277285462448,0.24818539307883936,0.7196104788132096,0.47142508573437025,0.16987312589813894,0.7948502693086563,0.6249771434105174,0.19521165562331558,0.2918363424712612,0.3701486096519616,nan,nan
14,13,90418,forward,e,-,26738,26738.0,0.0,0.4810401492233276,0.14839249674986507,0.26818450341890215,0.7552204065162331,0.48703590309733097,0.16857236846964585,0.8597500074356198,0.691177638965974,0.2676706101982549,0.33532215144614813,0.43493428639540443,nan,nan
14,0,175987,forward,w,deg,26836,26836.0,0.0,-0.14715125352836367,5.23575924366329,-7.47370043528781,8.407369166957452,15.881069602245262,-30.27963839033208,12.45737212920119,42.73701051953327,-0.15189379977907508,10.34286998518067,28.41904220994047,358.66117602577094,0.9958350691713186
14,1,185549,forward,w,deg,133,133.0,0.0,-2.2612325549815466,91.87424672048647,-155.8246018730788,169.5637835230099,325.38838539608867,-178.16162717865677,176.26277385075514,354.4244010294119,0.08444266447702586,169.36407267979178,179.01384227707763,171.3992246216404,0.2706615358008067
14,2,74329,forward,w,deg,6442,6442.0,0.0,0.6411421433016073,86.84943080956569,-173.4491646782362,26.746838206040206,200.1960028842764,-179.84719667295423,179.90147231148774,359.74866898444196,-0.3297371746160532,177.78364407064524,179.98785976052994,292.35493939374203,0.34447077657844344
14,3,211174,forward,w,deg,17691,17691.0,0.0,-2.4373638864385896,98.81257778882726,-176.19158800707973,174.82585081998639,351.01743882706614,-179.9880726815261,179.99677469004774,359.98484737157384,-0.011097700687184539,177.5331303624624,179.99939996742512,35.741896626943465,0.27036402264633114
14,4,203859,forward,w,deg,1108,1108.0,0.0,0.9919368982750427,102.25626169075126,-173.07366979868513,172.41922305409958,345.49289285278473,-179.7101959085577,179.90206316254614,359.61225907110384,-0.03370110545223413,176.51838464682587,179.87874133234936,25.605037872828998,0.2339761962365906
14,5,33679,forward,w,deg,24415,24415.0,0.0,-2.008310050530838,10.39423390184731,-12.915538978210321,20.83508308011489,33.75062205832521,-14.14003120880534,34.46232023612771,48.60235144493305,0.8721903312756298,21.194297855119665,34.82153501113248,303.5495233596822,0.9836905493671031
14,6,194160,forward,w,deg,26633,26633.0,0.0,38.06069597803429,83.11733221955417,-124.80317434429165,55.75616034507184,180.55933468936348,-136.0320900241789,71.0719350515889,207.1040250757678,-0.17499452278793534,170.46918244301622,179.82947534178277,132.32442392466612,0.14576016827754085
14,7,150375,forward,w,deg,6840,6840.0,0.0,-2.485156292775656,87.13176906738428,-167.43652993998535,170.82841099619296,338.2649409361783,-179.95145367719033,179.99619058159118,359.9476442587815,0.14352721845056707,175.28594341024336,179.9691178440914,277.4463527169968,0.4283670020785654
14,8,20085,forward,w,deg,3993,3993.0,0.0,-3.1285407147718445,91.46747720134498,-157.6128150096793,172.3847546387637,329.997569648443,-179.96229003570625,179.97785360175158,359.9401436374578,0.14198777492497525,177.4291343859876,179.9889374791702,165.63266545179812,0.2977399983577857
14,9,206424,forward,w,deg,909,909.0,0.0,-1.0261435986459162,99.86775056963211,-174.43062361442063,171.14313478998164,345.57375840440227,-179.92453816671116,179.82171644821722,359.7462546149284,0.05486551670513124,176.94863500711804,179.85168225641485,54.06617566403367,0.18938733325476378
14,10,130747,forward,w,deg,23771,23771.0,0.0,-0.6147321277358344,49.65431267945287,-9.083004494419967,159.38881664256797,168.47182113698796,-179.92698883409815,179.98333575649718,359.91032459059534,0.6741655713872365,169.37093055338158,179.99241755968615,160.3224436295992,0.8288775720227567
14,11,64249,forward,w,deg,18947,18947.0,0.0,-1.1711445436918098,44.53195195335209,-14.311349046863882,21.131750701521387,35.443099748385265,-179.99634420950565,179.9914006547296,359.98774486423525,-0.25026674657962905,162.7927578924428,179.98434493476702,176.68248213931446,0.8562216901207136
14,12,107665,forward,w,deg,9602,9602.0,0.0,-4.116123323140982,103.18616269782704,-167.5446936634599,171.7602109479697,339.3049046114296,-179.98060449714214,179.99017869343152,359.9707831905737,-0.1712291584946034,176.36385834673143,179.9981928128242,257.5094081684095,0.07635827736075759
14,13,90418,forward,w,deg,26738,26738.0,0.0,-2.286656001456919,92.937105598549,-176.75687601714924,21.84649692714391,198.60337294429314,-179.99317539061875,179.99639794246525,359.98957333308397,-0.07331508699710759,178.90952231334063,179.99784750021297,194.0001729638195,0.13915016399770966
18,0,174338,backward,eps,km^2/s^2,25409,25409.0,0.0,-0.20673034711209015,0.05509477203907321,-0.24070562517589647,-0.1503980861075434,0.09030753906835307,-0.9814114383899766,-0.1374200407726509,0.8439913976173257,-8.998592953335914,0.07572243048601823,0.7561696551511962,nan,nan
18,1,135518,backward,eps,km^2/s^2,25,25.0,0.0,-0.1772388582870137,0.31894197226881243,-0.9610676763860491,-0.09631163465093302,0.864756041735116,-1.0176690233481307,-0.0800492234137743,0.9376197999343564,-1.29106734832804,0.8082232246604854,0.8648245716225671,nan,nan
18,2,145022,backward,eps,km^2/s^2,4604,4604.0,0.0,-0.1813305298247318,0.24617583730136222,-0.8756361415554986,-0.060863268340374574,0.814772873215124,-1.020836128343177,-0.04391779137377705,0.9769183369694,-1.9953450835286204,0.7098338469973539,0.8550338337850325,nan,nan
18,3,112888,backward,eps,km^2/s^2,17857,17857.0,0.0,-0.21805545636072876,0.3303796254101208,-0.9477345444897276,-0.10995707807664161,0.837777466413086,-0.9805267118082368,-0.058817793307683885,0.9217089185005529,-0.8350182786841192,0.7436331109625051,0.7764252782810143,nan,nan
18,4,204667,backward,eps,km^2/s^2,1167,1167.0,0.0,-0.21204787424570948,0.31241556004357846,-0.9652757950990688,-0.11456635316422666,0.8507094419348421,-1.0205536257856416,-0.04380722131250103,0.9767464044731405,-1.0164943812950815,0.7813655681114701,0.8366433987980428,nan,nan
18,5,33679,backward,eps,km^2/s^2,24348,24348.0,0.0,-0.9300804472582493,0.04695169344136822,-0.9986656562290152,-0.8597324097142792,0.13893324651473593,-1.0086547271271056,-0.8455281706683686,0.16312655645873697,0.029655920042191954,0.10236486766280366,0.11656910670871423,nan,nan
18,6,193203,backward,eps,km^2/s^2,23301,23301.0,0.0,-0.16143501257586879,0.06207066260627642,-0.24663144480395138,-0.07486711885893782,0.17176432594501356,-0.9786198731742592,-0.06368116384230071,0.9149387093319585,-2.2270374836146063,0.09359057614024702,0.8107378510230969,nan,nan
18,7,105050,backward,eps,km^2/s^2,7466,7466.0,0.0,-0.24088754921746802,0.3347359451860568,-0.9575167627321404,-0.11806098648069588,0.8394557762514445,-0.9887344424306926,-0.09344965813485218,0.8952847842958405,-0.5555267525701094,0.759285469378797,0.7905031490773493,nan,nan
18,8,85139,backward,eps,km^2/s^2,4215,4215.0,0.0,-0.19203893180201026,0.2617020036422291,-0.9242419275834933,-0.11134116992273561,0.8129007576607578,-1.0207786020554366,-0.04511806951241282,0.9756605325430238,-1.9069931397535238,0.7558698226674142,0.8524064971393576,nan,nan
18,9,206227,backward,eps,km^2/s^2,570,570.0,0.0,-0.20431377862812827,0.3250978241238818,-0.961895752732133,-0.1164625996899754,0.8454331530421576,-1.020754723273971,-0.04407832882611784,0.9766763944478533,-0.9619253605801927,0.7759080059874897,0.8347669765293277,nan,nan
18,10,132803,backward,eps,km^2/s^2,21812,21812.0,0.0,-0.12596401793776163,0.23493487400383473,-0.9225419394864613,-0.07710550484581742,0.8454364346406439,-0.9842763373036605,-0.06901144030165252,0.915264897002008,-2.756420116761062,0.8144980579994795,0.8762324558166786,nan,nan
18,11,63533,backward,eps,km^2/s^2,18118,18118.0,0.0,-0.900378555642762,0.03687877840488132,-0.9577867252581707,-0.8412377432759663,0.11654898198220431,-0.9819108872776826,-0.8065564947730042,0.17535439250467844,0.08108688677089437,0.06636927160623204,0.09882981508617306,nan,nan
18,12,215125,backward,eps,km^2/s^2,12218,12218.0,0.0,-0.2111496596785657,0.3205765031791964,-0.9467141406588933,-0.12624247971187436,0.8204716609470188,-0.9804838093061583,-0.08978196106743852,0.8907018482387198,-0.9394720959484602,0.7627338860497529,0.796503554697018,nan,nan
18,13,76732,backward,eps,km^2/s^2,23932,23932.0,0.0,-0.19706145740005387,0.3059364138432423,-0.954916723028692,-0.07893415936861822,0.8759825636600738,-0.9808564295751494,-0.05980213607420359,0.9210542935009458,-1.3264183356816999,0.7910058417175796,0.816945548264037,nan,nan
18,14,146203,backward,eps,km^2/s^2,5071,5071.0,0.0,-0.18757334751580745,0.3037406958097822,-0.9130722614019979,-0.05966710603588826,0.8534051553661097,-1.0207392989867343,-0.043998602475122994,0.9767406965116113,-1.1643390106293579,0.749178936506226,0.8568459740909624,nan,nan
18,15,21619,backward,eps,km^2/s^2,2897,2897.0,0.0,-0.8224089810255595,0.30667432018647073,-0.96182591295331,-0.12673014917051928,0.8350957637827907,-1.0147458785877224,-0.04415323856072739,0.970592640026995,0.9329057731858494,0.7011708875330621,0.783747798142854,nan,nan
18,16,148003,backward,eps,km^2/s^2,934,934.0,0.0,-0.1915606166166302,0.2688154782325165,-0.8762248602644674,-0.1145593589865061,0.7616655012779614,-1.0023683426834398,-0.043879077490019736,0.95848926519342,-1.5706423759417452,0.7040087089432817,0.830152191362254,nan,nan
18,17,172053,backward,eps,km^2/s^2,114,114.0,0.0,-0.19697862928533555,0.26410792425138674,-0.9283971580614789,-0.11467018346007116,0.8137269746014077,-0.9770398650056108,-0.043834796693581146,0.9332050683120297,-1.8215289818937508,0.7271717014135329,0.7758144083576648,nan,nan
18,0,174338,backward,e,-,25409,25409.0,0.0,0.49768526911863,0.07483728291171755,0.4071769579475242,0.639114182891015,0.23193722494349078,0.27787832285591363,0.6708301545262003,0.3929518316702867,0.30267783091553946,0.19017640519973533,0.22189237683492063,nan,nan
18,1,135518,backward,e,-,25,25.0,0.0,0.5723983598819341,0.1653403619110325,0.22489103977895042,0.7703256920443179,0.5454346522653675,0.20302693345651393,0.8092903384959702,0.6062634050394563,-0.6330889293179744,0.4083749024388064,0.430239008761243,nan,nan
18,2,145022,backward,e,-,4604,4604.0,0.0,0.5632323761464828,0.16090058722809192,0.25054650354464675,0.8549380376347454,0.6043915340900987,0.16819393098549065,0.8953605839444655,0.7271666529589749,-0.263049025782433,0.3507909051419426,0.43314347770109896,nan,nan
18,3,112888,backward,e,-,17857,17857.0,0.0,0.47542449471310766,0.13144006916703355,0.28726591004899854,0.7373126577345012,0.4500467476855026,0.16943473771526985,0.8598376401626954,0.6904029024474255,0.3689841519243681,0.25476030807577077,0.3558703787191698,nan,nan
18,4,204667,backward,e,-,1167,1167.0,0.0,0.4962474623056257,0.1546315744921033,0.21054170785318238,0.7265290137694261,0.5159873059162438,0.168344493093901,0.8956261106421681,0.7272816175482671,0.0762208229738133,0.34620934372765166,0.38840655848693306,nan,nan
18,5,33679,backward,e,-,24348,24348.0,0.0,0.4376415098072374,0.07896654469660991,0.30724745223647765,0.5423985465810578,0.23515109434458015,0.2759808255270147,0.5563450703171937,0.280364244790179,-0.1619305176683592,0.1813277973812775,0.21259442409074047,nan,nan
18,6,193203,backward,e,-,23301,23301.0,0.0,0.6122147801157507,0.1393571027476358,0.39018733496799146,0.8215047407911408,0.4313174058231493,0.1693335665375002,0.848235750638142,0.6789021841006418,-0.16755285747360155,0.23216700106898003,0.4273003320851293,nan,nan
18,7,105050,backward,e,-,7466,7466.0,0.0,0.4643065010761372,0.1502658570198742,0.25188358744868655,0.717836876037137,0.4659532885884504,0.1707602090708903,0.77726437825775,0.6065041691868597,0.1826650044386043,0.26721099273740234,0.3483343711151986,nan,nan
18,8,85139,backward,e,-,4215,4215.0,0.0,0.5360725083577278,0.12763882491081008,0.31290093410001185,0.734010095084005,0.4211091609839932,0.16974573819944064,0.892511559359386,0.7227658211599454,-0.3355039677913796,0.283981853436657,0.42480432163169346,nan,nan
18,9,206227,backward,e,-,570,570.0,0.0,0.5082419006395374,0.14346095990380953,0.23843705409483323,0.7216439106091662,0.483206856514333,0.17281072957280652,0.8949833135502939,0.7221725839774874,-0.32619306596775327,0.3140784171337243,0.3787313256819561,nan,nan
18,10,132803,backward,e,-,21812,21812.0,0.0,0.6989420391311734,0.11125624638176507,0.44751092916036517,0.8161603021145095,0.36864937295414435,0.2742212580613012,0.8355118700788485,0.5612906120175474,-1.0542140351479192,0.29455475982631146,0.46784443092537537,nan,nan
18,11,63533,backward,e,-,18118,18118.0,0.0,0.38705410761197473,0.06861546631841846,0.26664462059625604,0.4822181195102476,0.21557349891399158,0.1695680507948899,0.5183802201933475,0.3488121693984576,-0.3566749070159099,0.12947033035458239,0.22654690015594864,nan,nan
18,12,215125,backward,e,-,12218,12218.0,0.0,0.49411937641420217,0.11369634794889288,0.28076188166044663,0.697998319732918,0.4172364380724714,0.1697351995346614,0.785758548633408,0.6160233490987466,-0.1309686519023168,0.27600272897426964,0.38702941110005484,nan,nan
18,13,76732,backward,e,-,23932,23932.0,0.0,0.5229188295449667,0.15210157788288692,0.3035575188920371,0.8118395914863136,0.5082820725942765,0.1685914010438332,0.8574889406876416,0.6888975396438084,0.08230488759776877,0.3020522668058879,0.4370183846540917,nan,nan
18,14,146203,backward,e,-,5071,5071.0,0.0,0.5478729769695184,0.18795165887740703,0.23510500112874544,0.8578723254645011,0.6227673243357557,0.17000004480164355,0.8951687979991013,0.7251687531974578,-0.061031170050798514,0.37097542909213577,0.43608038541923766,nan,nan
18,15,21619,backward,e,-,2897,2897.0,0.0,0.24895498971306965,0.1684047365693281,0.18978452431098558,0.6968537665385499,0.5070692422275643,0.17122126751088823,0.8948018977171688,0.7235806302062806,0.7780879970316248,0.46339337608321346,0.6613415072618323,nan,nan
18,16,148003,backward,e,-,934,934.0,0.0,0.5373187904781636,0.15499966256462663,0.23085382529397885,0.7262384305880601,0.4953846052940813,0.17006358404121355,0.8954556794646302,0.7253920954234166,-0.45639843024008336,0.3545486069570867,0.415338848209852,nan,nan
18,17,172053,backward,e,-,114,114.0,0.0,0.5230210407764778,0.14243384001680487,0.2497122265833565,0.725968492980265,0.4762562663969085,0.1950360603659501,0.8955575813930169,0.7005215210270668,-0.18361283792424582,0.271583085493572,0.3833976349341405,nan,nan
18,0,174338,backward,w,deg,25409,25409.0,0.0,-0.046316258338180205,11.549384583121986,-3.1363296800640112,3.0450135066730577,6.1813431867370685,-172.80830532327406,168.32284384237136,341.1311491656454,-3.2591373576493967,3.465320862752287,173.08013989680546,29.80745781293182,0.9903171748244171
18,1,135518,backward,w,deg,25,25.0,0.0,-2.687650401443335,80.01004059282258,-18.200941661609328,171.098132595156,189.29907425676532,-179.13370598145877,177.9251271422549,357.05883312371367,0.5112199897027554,176.4887166937033,177.430203657324,29.07391412241102,0.5189338678944809
18,2,145022,backward,w,deg,4604,4604.0,0.0,0.2785324973812209,63.1025178265754,-166.14917295621407,171.93198055972954,338.0811535159436,-179.91771886840183,179.89763696385057,359.8153558322524,0.28105702181006875,174.41993381698722,179.89410404532367,23.969803561051254,0.7305629783405497
18,3,112888,backward,w,deg,17857,17857.0,0.0,-1.4130228073338458,95.48407526055257,-177.27481459713962,175.43041214300536,352.705226740145,-179.99971617881988,179.99766590344245,359.99738208226233,-0.047050290944392704,176.10764474893597,179.98436415834294,25.073737905654628,0.3944316221748483
18,4,204667,backward,w,deg,1167,1167.0,0.0,-0.5218426072920295,83.8168364182566,-126.03865466298919,176.0713366501203,302.1099913131095,-179.88563285049264,179.68186911585423,359.56750196634687,0.34852190205344213,177.23732067277265,179.9881161335412,30.855888146610887,0.46483266939462164
18,5,33679,backward,w,deg,24348,24348.0,0.0,-0.8047460083960374,5.9213131876052225,-7.895310869378965,11.716358290892273,19.611669160271237,-9.766087550146011,24.220166623076153,33.986254173222164,1.077545332051943,14.472949450976259,26.97675778316014,189.89154662138785,0.994681500483241
18,6,193203,backward,w,deg,23301,23301.0,0.0,-0.1490479611095168,9.217785809147182,-8.991787579900262,9.356072309321036,18.347859889221297,-179.61948395125307,179.60625189704194,359.225735848295,4.138668737607482,15.131459760479629,179.77459927969255,23.89838810812946,0.9921253219539479
18,7,105050,backward,w,deg,7466,7466.0,0.0,-0.049131896972397726,101.29478829694955,-174.06069203068506,174.10744318626126,348.1681352169463,-179.9939050324761,179.9965832851268,359.9904883176029,0.008254957795995386,178.02901600494909,179.95933746730645,23.534809174987927,0.27292811843624476
18,8,85139,backward,w,deg,4215,4215.0,0.0,-1.280833746888618,63.02932444241118,-8.375575331330998,171.44140704695968,179.81698237829067,-179.97662811665543,179.85142718888903,359.82805530554447,1.2984578482430378,166.4193504794876,179.71294153908866,26.077097128697215,0.7029696534626222
18,9,206227,backward,w,deg,570,570.0,0.0,-2.637032125167167,87.98934485029557,-172.45957562941857,171.7895828413602,344.24915847077875,-179.84909019461531,179.8311790026591,359.6802691972744,0.19599768849859733,178.122303628629,179.94513732014383,28.08873534130906,0.4376070345321566
18,10,132803,backward,w,deg,21812,21812.0,0.0,0.4375499501812925,51.95892944862701,-3.524924371807758,4.607395058618877,8.132319430426636,-179.9617870720748,179.98912979532923,359.95091686740403,0.1374766366657478,171.9781538903484,179.95365140222168,18.28081163806136,0.8177196521393245
18,11,63533,backward,w,deg,18118,18118.0,0.0,-0.3594543921602167,5.2556621739949705,-7.525920500487912,9.17083065240321,16.69675115289112,-12.648102148326416,17.158883183065683,29.8069853313921,0.7554495839740786,11.58308648555268,15.7422689141805,203.0697351535585,0.995805262349727
18,12,215125,backward,w,deg,12218,12218.0,0.0,-1.6739458654473793,91.8424515351431,-174.65101190805964,172.11518154651887,346.7661934545785,-179.96532429315573,179.99960523227253,359.96492952542826,-0.017294437574958965,177.45207014160866,179.99585569308738,25.371109546852065,0.42621614079220566
18,13,76732,backward,w,deg,23932,23932.0,0.0,0.04744676506487622,80.34780242610462,-174.22841044654044,176.32393256637673,350.55234301291716,-179.98857605136266,179.98683194631468,359.97540799767734,0.18827841928412403,175.94179818633046,179.92746887041437,24.96088514885503,0.5708713763482586
18,14,146203,backward,w,deg,5071,5071.0,0.0,1.9495934916410533,81.42712434326292,-171.62675628093064,170.34139720625865,341.9681534871893,-179.97934231382067,179.99936811368815,359.9787104275088,-0.31978299271309635,175.42712509921597,179.99906661636237,21.480502741052184,0.5254490483439875
18,15,21619,backward,w,deg,2897,2897.0,0.0,1.018444517546527,90.67540167144604,-178.32584072451226,175.86312335432643,354.1889640788387,-179.9796634153443,179.96309679879823,359.94276021414254,-0.16929675369037042,179.0258021413285,179.9888230602953,202.71865162897765,0.43489552272836657
18,16,148003,backward,w,deg,934,934.0,0.0,-0.491151360284249,73.77667760123421,-175.1232684918137,169.3351007859987,344.4583692778124,-179.72491435938014,179.88005053499046,359.6049648943706,-0.2852623952794717,176.06334527261382,179.80922666731846,25.097016449068228,0.6329005278542261
18,17,172053,backward,w,deg,114,114.0,0.0,-0.03525938133185491,68.82186936735766,-174.3137069334703,168.25271896844555,342.56642590191586,-178.10260867571492,178.7982645513946,356.9008732271095,-0.17404560919545486,176.22674040501386,179.56610921947492,24.94010678820014,0.6837191629559765
18,0,174338,forward,eps,km^2/s^2,25409,25409.0,0.0,-0.9007633300246372,0.027951967406979687,-0.9453082793722273,-0.8546789190332891,0.0906293603389382,-0.9564455870196946,-0.8229467467528885,0.13349884026680614,0.050327527026872765,0.056909527788246574,0.08864170006864713,nan,nan
18,1,135518,forward,eps,km^2/s^2,25,25.0,0.0,-0.20899974813016542,0.34593058816691963,-0.9576793211886331,-0.1080999035777924,0.8495794176108407,-0.9752300854924874,-0.05015293496594231,0.925077150526545,-0.8094249518485744,0.7583614192454075,0.8163083878572576,nan,nan
18,2,145022,forward,eps,km^2/s^2,4604,4604.0,0.0,-0.195455782092047,0.31580725679105787,-0.9096403364569049,-0.10947795055571477,0.8001623859011902,-1.0208075341283356,-0.043981079635574294,0.9768264544927613,-1.0505030947039098,0.794607215673842,0.9057744133452732,nan,nan
18,3,112888,forward,eps,km^2/s^2,17857,17857.0,0.0,-0.227955248379747,0.36124680686926325,-0.9531354186050307,-0.11020429206327738,0.8429311265417533,-0.9805593026870278,-0.05885393284037144,0.9217053698466564,-0.15901409505738542,0.7786523628329324,0.8060762469149295,nan,nan
18,4,204667,forward,eps,km^2/s^2,1167,1167.0,0.0,-0.25321078824073906,0.35931987503848484,-0.9746589771217646,-0.11384169051460322,0.8608172866071614,-1.0181865681958364,-0.043804993072896425,0.97438157512294,-0.19187217170865076,0.7883441345876419,0.8318717256617136,nan,nan
18,5,33679,forward,eps,km^2/s^2,24348,24348.0,0.0,-0.9319224188792807,0.045241669843172204,-0.9982341552797589,-0.8606422542394384,0.13759190104032049,-1.0085644016778017,-0.845376974380204,0.16318742729759772,0.06120647141819935,0.0970984902632112,0.11236377012244558,nan,nan
18,6,193203,forward,eps,km^2/s^2,23301,23301.0,0.0,-0.18179498156855511,0.37972036250656693,-0.9557512133167209,-0.0711530913539995,0.8845981219627214,-0.9652230823230163,-0.06273257638594432,0.902490505937072,-0.3268348317080564,0.8652028268796323,0.8746746958859278,nan,nan
18,7,105050,forward,eps,km^2/s^2,7466,7466.0,0.0,-0.25245965917022906,0.3520469615449582,-0.9654018188484984,-0.1165386711611581,0.8488631476873403,-1.0124937787707466,-0.08932247446015407,0.9231713043105926,-0.18948104751900666,0.7788852532389747,0.825977213161223,nan,nan
18,8,85139,forward,eps,km^2/s^2,4215,4215.0,0.0,-0.20532743159255695,0.3496126754961062,-0.9604146981155874,-0.11408144065101077,0.8463332574645767,-1.0203921731849346,-0.04448022926456885,0.9759119439203657,-0.6465109938918483,0.7976556452793699,0.8576331203487171,nan,nan
18,9,206227,forward,eps,km^2/s^2,570,570.0,0.0,-0.21119577038203263,0.35806330996623914,-0.9699706330627907,-0.11773585970698472,0.852234773355806,-1.0150456054286332,-0.046719852405381124,0.9683257530232521,-0.33693430270683133,0.8475986800912833,0.8926736524571257,nan,nan
18,10,132803,forward,eps,km^2/s^2,21812,21812.0,0.0,-0.12849878218081956,0.23428810555956764,-0.9238385175606743,-0.07861291257604304,0.8452256049846312,-0.9843077237603475,-0.07040126355909548,0.913906460201252,-2.756467670750806,0.8181008103460412,0.8785700165457143,nan,nan
18,11,63533,forward,eps,km^2/s^2,18118,18118.0,0.0,-0.21209895780344773,0.18568155400868377,-0.8572719986833631,-0.1444101792564368,0.7128618194269263,-0.9819574797448467,-0.1296999827482883,0.8522574969965584,-3.1314570691729475,0.6237293773847918,0.7484148584462755,nan,nan
18,12,215125,forward,eps,km^2/s^2,12218,12218.0,0.0,-0.8511498159323844,0.3346821370198147,-0.9628100258670973,-0.13737722127400617,0.8254328045930911,-0.9804433522660992,-0.08562706458220015,0.8948162876838991,0.6965496294897383,0.7132327147171592,0.7649828714089653,nan,nan
18,13,76732,forward,eps,km^2/s^2,23932,23932.0,0.0,-0.24020937800266223,0.3729145932100633,-0.9636707752566283,-0.09825273969880456,0.8654180355578237,-0.9807716408007237,-0.06004620130497962,0.920725439495744,-0.12446340181830101,0.8037574249546539,0.8208582904987493,nan,nan
18,14,146203,forward,eps,km^2/s^2,5071,5071.0,0.0,-0.1935736023123089,0.33813769040934955,-0.9422030802006156,-0.0658408535366155,0.8763622266640001,-1.020820045950525,-0.04437929460744894,0.9764407513430761,-0.6829793568432119,0.7802436465949321,0.8588606123448415,nan,nan
18,15,21619,forward,eps,km^2/s^2,2897,2897.0,0.0,-0.8236792654704477,0.2981840939831086,-0.965616219864096,-0.13686940055623859,0.8287468193078573,-1.0195542132081998,-0.048383325810864575,0.9711708873973353,1.0425039410667603,0.6845784189563143,0.7730644937016883,nan,nan
18,16,148003,forward,eps,km^2/s^2,934,934.0,0.0,-0.20525545340506224,0.3240681148581488,-0.9190119182583422,-0.1161940469514772,0.802817871306865,-1.0205829238249695,-0.04380055913553149,0.976782364689438,-0.7520923007150347,0.7080731151389216,0.809644120705549,nan,nan
18,17,172053,forward,eps,km^2/s^2,114,114.0,0.0,-0.21279424574276096,0.3351953006059831,-0.9657332536494339,-0.11770735571627403,0.8480258979331599,-1.020440955040417,-0.0919250959679977,0.9285158590724193,-0.5932573603362257,0.7625285502087954,0.8172362515997785,nan,nan
18,0,174338,forward,e,-,25409,25409.0,0.0,0.3877569305886922,0.051018966071945296,0.29716894530007065,0.4626953514023067,0.16552640610223607,0.22087642643409927,0.4801489796998845,0.25927255326578524,-0.21551916974301544,0.10976208403928221,0.1860546029052536,nan,nan
18,1,135518,forward,e,-,25,25.0,0.0,0.49827035942566983,0.1790230904845877,0.20579609925386802,0.7418105533327164,0.5360144540788484,0.18669419530022122,0.8805307353897781,0.6938365400895569,-0.2929521660170744,0.41904866864371837,0.5577688507007801,nan,nan
18,2,145022,forward,e,-,4604,4604.0,0.0,0.5294701270692695,0.17076325059668518,0.2316414407432499,0.7385059970157082,0.5068645562724583,0.17001816509090778,0.8952125964134294,0.7251944313225216,-0.2325230559731108,0.4934256965910014,0.5550489722433436,nan,nan
18,3,112888,forward,e,-,17857,17857.0,0.0,0.4715399668397555,0.1395971875649417,0.2601137385449342,0.7367190546469603,0.4766053161020261,0.16949320295763892,0.8597500074356198,0.6902568044779809,0.31382685784028896,0.3197330930543612,0.41035362864165636,nan,nan
18,4,204667,forward,e,-,1167,1167.0,0.0,0.4839346134810785,0.15938313367134485,0.20878655604258822,0.728064410816862,0.5192778547742738,0.17153859831983675,0.895629061244371,0.7240904629245343,0.3377049955182737,0.34380577072824686,0.3791521836781542,nan,nan
18,5,33679,forward,e,-,24348,24348.0,0.0,0.44065952802485164,0.07602640053251307,0.30928147106340603,0.5418139474765223,0.2325324764131163,0.2756258177331176,0.5562090261526239,0.2805832084195063,-0.206799040938408,0.17259715888308608,0.20625281221337455,nan,nan
18,6,193203,forward,e,-,23301,23301.0,0.0,0.561700201706026,0.1974634142392934,0.25831286808269327,0.8304174477899464,0.5721045797072531,0.17230830941192402,0.8504961690230233,0.6781878596110993,-0.20740853182031777,0.5258091106182415,0.6118136692890108,nan,nan
18,7,105050,forward,e,-,7466,7466.0,0.0,0.47030865476383554,0.15375210928970112,0.24712945847144732,0.7218537280831829,0.47472426961173564,0.16987312589813894,0.7871343871154884,0.6172612612173495,0.1654218266638102,0.30303508722937844,0.38029141980268677,nan,nan
18,8,85139,forward,e,-,4215,4215.0,0.0,0.5058811384377863,0.13945796525649448,0.25275069555258417,0.7273877039406742,0.47463700838809003,0.16971236327555636,0.8940264165846149,0.7243140533090585,-0.20169948395070705,0.35611067778326333,0.43914901006029117,nan,nan
18,9,206227,forward,e,-,570,570.0,0.0,0.498856285235182,0.14541396667273732,0.23804873316107864,0.7186036005595736,0.48055486739849496,0.17101087925057248,0.8887012718543874,0.717690392603815,-0.15666060680781113,0.46937283043672606,0.5364106843472323,nan,nan
18,10,132803,forward,e,-,21812,21812.0,0.0,0.6927577700870916,0.11004286202702045,0.44874083508102264,0.8125858639654229,0.36384502888440023,0.2751346523706724,0.8321941693311089,0.5570595169604364,-1.0184697802485736,0.2988667611925486,0.4724729439028988,nan,nan
18,11,63533,forward,e,-,18118,18118.0,0.0,0.4882628143809366,0.0929652035476023,0.37960301398565144,0.6537604722116709,0.27415745822601945,0.16892343819593658,0.689605690670261,0.5206822524743244,-0.09389143310673331,0.22908698615889134,0.2629469645264822,nan,nan
18,12,215125,forward,e,-,12218,12218.0,0.0,0.43078315391563454,0.12284216941019382,0.25875358058788483,0.6710055113326346,0.4122519307447498,0.17015982740479887,0.7957177898933075,0.6255579624885087,0.4292403936544524,0.3823246297350355,0.5070369082957084,nan,nan
18,13,76732,forward,e,-,23932,23932.0,0.0,0.48287098823883684,0.15511403871544455,0.2681337264818594,0.7655837102025993,0.4974499837207399,0.16857236846964585,0.8569061816065551,0.6883338131369092,0.25940571394641726,0.3478333263900949,0.44739468440230845,nan,nan
18,14,146203,forward,e,-,5071,5071.0,0.0,0.5357935902626075,0.19240190706125226,0.22354156892507177,0.8431656555272262,0.6196240866021545,0.17007196115669213,0.8942666422086608,0.7241946810519687,-0.02384042173033824,0.38731783560312005,0.44078744337149967,nan,nan
18,15,21619,forward,e,-,2897,2897.0,0.0,0.2521314571088449,0.1598993529659566,0.1899793427526098,0.6722292702833977,0.48224992753078794,0.16976826648044613,0.8847415560218773,0.7149732895414311,0.7680806588176143,0.45615765633874916,0.6686699420772287,nan,nan
18,16,148003,forward,e,-,934,934.0,0.0,0.5054700628939088,0.1636233263247047,0.21704790559295684,0.7223201498008264,0.5052722442078695,0.17100555090973987,0.8956399397956282,0.7246343888858883,-0.23741337178384014,0.2719034505625851,0.4084777215146587,nan,nan
18,17,172053,forward,e,-,114,114.0,0.0,0.4896747246478722,0.1512209678292732,0.23298222995955298,0.7186320999450662,0.4856498699855132,0.1698141830836259,0.7806098396144959,0.6107956565308701,-0.059580527598689516,0.27469895620286505,0.33726651743436314,nan,nan
18,0,174338,forward,w,deg,25409,25409.0,0.0,-0.18769191095833548,4.972908806631785,-7.104623508781231,7.99476134622455,15.09938485500578,-30.333319302987093,11.468729690831253,41.802048993818346,-0.14328570307905442,10.073195078512548,28.332374817614948,358.2666843770918,0.9962419906840996
18,1,135518,forward,w,deg,25,25.0,0.0,8.59157489087545,85.05139471278896,-90.97341848560345,174.57133580535958,265.54475429096306,-120.22000833559638,179.10049740221746,299.32050573781385,0.5116685606319153,175.4057104092163,177.87540847261624,233.29062079942747,0.34876258773489666
18,2,145022,forward,w,deg,4604,4604.0,0.0,1.657769257858945,83.42012418073011,-167.70935752182896,167.04080464564194,334.7501621674709,-179.8627577954024,179.87534721276006,359.73810500816245,-0.24490319161717228,173.15428416498298,179.97830471751553,282.9796126923326,0.4813465666130598
18,3,112888,forward,w,deg,17857,17857.0,0.0,1.32960172075164,105.20393134744366,-173.55161314017332,176.94026831627625,350.49188145644956,-179.98612759070707,179.99998421987368,359.9861118105807,-0.20479882422245907,178.66401346970048,179.99976339194478,217.03757095179455,0.08072080365604908
18,4,204667,forward,w,deg,1167,1167.0,0.0,14.206627389900518,86.72374989621656,-157.6268642493567,51.4602326255008,209.08709687485748,-166.49676687896445,64.65297160069002,231.14973847965447,-0.18941116212841358,177.67047644164535,179.95516016945817,322.8575305438086,0.11615646614658988
18,5,33679,forward,w,deg,24348,24348.0,0.0,-1.982072774321864,10.31378824823735,-12.850126360690458,20.681882090529765,33.53200845122022,-14.071341688790085,34.209888321448545,48.28123001023863,0.863086122955837,20.972407345519283,34.50041357643806,303.48083383966696,0.9839389132039357
18,6,193203,forward,w,deg,23301,23301.0,0.0,25.120888690413977,81.84677495273984,-138.1815066800341,39.54059808056013,177.72210476059422,-148.1068310914702,47.949064454762805,196.05589554623302,-0.3208744231059592,169.14541441567036,179.07073882710654,144.39916499195746,0.20157814809892485
18,7,105050,forward,w,deg,7466,7466.0,0.0,-2.978346020208022,105.53397925871357,-169.99590906224944,172.76157441897308,342.7574834812225,-179.9895185325973,179.9795234373513,359.9690419699486,-0.14832107696933045,176.26640326915356,179.98500126519605,255.3453004523136,0.1043992688420655
18,8,85139,forward,w,deg,4215,4215.0,0.0,1.8296831785378913,84.82042018979634,-173.06594905117277,22.638269387090723,195.7042184382635,-179.91119701950106,179.75646698561877,359.66766400511983,-0.4655865058612083,178.11049040885635,179.9959302458288,298.84619838667226,0.31314461248666914
18,9,206227,forward,w,deg,570,570.0,0.0,-1.1810693585768348,104.7674353639836,-173.70157126091954,174.58654475317928,348.2881160140988,-179.86721993962954,179.96739825072012,359.83461819034966,0.10184160154991222,177.21307761997898,179.96190741389296,66.75249056609002,0.15826532285415845
18,10,132803,forward,w,deg,21812,21812.0,0.0,-0.6010674506816116,51.813783681733824,-8.30156972468215,161.15914000611363,169.46070973079577,-179.9974521994027,179.99348831378836,359.99094051319105,0.5514724705536269,170.4311272356935,179.99849592729817,159.44233877622773,0.8149589241791186
18,11,63533,forward,w,deg,18118,18118.0,0.0,-1.0834615687204234,46.82398706329457,-13.555947574516344,20.452902515456106,34.00885008997245,-179.94203241131356,179.997593320458,359.93962573177157,-0.22703960831960762,165.48336097321348,179.99137232539908,175.81840299581927,0.8427401133758625
18,12,215125,forward,w,deg,12218,12218.0,0.0,-2.7147496445324037,93.82024860663032,-175.55313865716215,173.79478740622173,349.34792606338385,-179.99591629624138,179.9852477523757,359.9811640486171,-0.1233560267302065,173.84542539506648,179.98028574391248,40.777637852483785,0.3277132517849084
18,13,76732,forward,w,deg,23932,23932.0,0.0,23.87623316131844,87.28319490309188,-145.9173653395449,44.83806928256494,190.75543462210982,-161.0637004786342,56.22483636887125,217.28853684750544,-0.12559885028845572,179.27051245841682,179.99930347610677,159.22465716024215,0.07944531904904016
18,14,146203,forward,w,deg,5071,5071.0,0.0,-4.194352622908525,92.37411330496377,-169.45161136847037,168.90350696454658,338.35511833301695,-179.99594304301155,179.97127658088033,359.9672196238919,0.06294665277477303,175.49405556005482,179.97398828009216,275.49734408452576,0.34759002516725784
18,15,21619,forward,w,deg,2897,2897.0,0.0,-1.3464903092078089,78.42035475038303,-22.891826278091575,172.51710513276166,195.40893141085323,-179.79381426159694,179.90218595481656,359.6960002164135,0.74498721077325,177.95966430190916,179.9987068927029,161.1093029727227,0.4783546232721459
18,16,148003,forward,w,deg,934,934.0,0.0,0.38219631279341115,94.18372071401976,-173.8369832575606,175.28095399435216,349.11793725191274,-179.96825909862258,179.95295135330423,359.9212104519268,-0.04042309641583678,176.96620645465367,179.97630589514335,33.35482472509493,0.3561555115488687
18,17,172053,forward,w,deg,114,114.0,0.0,-1.3699381031886446,98.25847993823577,-174.3468237815284,168.80896821147883,343.15579199300726,-179.58987388937163,178.64063828761198,358.2305121769836,-0.016634060684658593,174.31206152013598,178.8658682116852,160.03521099624356,0.27421137235547177
23,0,174889,backward,eps,km^2/s^2,26036,26036.0,0.0,-0.20657854113186785,0.029296543719760183,-0.24098462555636446,-0.14972398584081223,0.09126063971555223,-0.25575472098287333,-0.13670577343258783,0.1190489475502855,0.38637218127432355,0.07565396800428573,0.08867218041251013,nan,nan
23,1,142942,backward,eps,km^2/s^2,10,10.0,0.0,-0.18552422661045792,0.35102534619349335,-0.9722279818700161,-0.1174806616815462,0.8547473201884699,-1.0176690233481307,-0.11438481223387309,0.9032842111142576,-1.0525227675513515,0.8071441616796413,0.852585203157756,nan,nan
23,2,91617,backward,eps,km^2/s^2,3665,3665.0,0.0,-0.1923956963382326,0.2597751060831689,-0.9312129952647498,-0.11320438935385779,0.818008605910892,-1.0207786020554366,-0.04511806951241282,0.9756605325430238,-1.9596057207483268,0.7538825212247379,0.8434481280154247,nan,nan
23,3,120308,backward,eps,km^2/s^2,15731,15731.0,0.0,-0.21428925515789832,0.32236655397011443,-0.9412294506150556,-0.11866229754816726,0.8225671530668883,-0.9805267118082368,-0.058817793307683885,0.9217089185005529,-0.9162637340663932,0.7289591621977112,0.7682564233908924,nan,nan
23,4,140560,backward,eps,km^2/s^2,604,604.0,0.0,-0.20260244972411462,0.30213484881424546,-0.9099065787336041,-0.11464858312534924,0.7952579956082549,-1.020754723273971,-0.1065462381788227,0.9142084850951484,-1.1550293690865083,0.7496412838734392,0.8604894284138062,nan,nan
23,5,17833,backward,eps,km^2/s^2,13089,13089.0,0.0,-0.9038658849610774,0.03560017624820821,-0.9757268851391384,-0.8610993826102701,0.11462750252886833,-0.9939097789199629,-0.8516958414946602,0.14221393742530275,-0.45891538119721664,0.06178230523999161,0.07689893629734912,nan,nan
23,6,194162,backward,eps,km^2/s^2,24253,24253.0,0.0,-0.16409201497483394,0.054908884894338886,-0.24679602815380403,-0.07587199586990351,0.17092403228390052,-0.25678724084330584,-0.0627609482462167,0.19402629259708914,-0.00026072218683065106,0.09320972476112094,0.10632077238480775,nan,nan
23,7,109475,backward,eps,km^2/s^2,6082,6082.0,0.0,-0.24771903165478087,0.33360771954688534,-0.9552345709325468,-0.1111857242543701,0.8440488466781767,-1.016166401552411,-0.07253960960234318,0.9436267919500678,-0.5335031115751169,0.7529019653412152,0.8138337959610794,nan,nan
23,8,92831,backward,eps,km^2/s^2,1125,1125.0,0.0,-0.21110272220306137,0.3099526003343414,-0.9624182556887723,-0.11456452491437123,0.8478537307744011,-1.0205536257856416,-0.04380722131250103,0.9767464044731405,-1.0703825369287947,0.78299604740453,0.8411314175013993,nan,nan
23,9,172053,backward,eps,km^2/s^2,102,102.0,0.0,-0.19676970481166633,0.26769036849228117,-0.9265802135868497,-0.11500084589708989,0.8115793676897598,-0.9770398650056108,-0.043834796693581146,0.9332050683120297,-1.751224180660052,0.7253547569389036,0.7758144083576648,nan,nan
23,10,33882,backward,eps,km^2/s^2,4273,4273.0,0.0,-0.9474577044089988,0.039869942779798766,-0.9836462180876239,-0.8585973413049335,0.1250488767826904,-0.9957618598044257,-0.8447556526842595,0.1510062071201662,0.664227629081454,0.07658288428197811,0.09042457290265216,nan,nan
23,11,61774,backward,eps,km^2/s^2,14308,14308.0,0.0,-0.9006062258434919,0.034159031582856984,-0.9525949382264636,-0.8453462178551231,0.10724872037134048,-0.9821159293099263,-0.808090595119588,0.17402533419033828,0.09376522417832164,0.06354542970200652,0.09716726772255979,nan,nan
23,12,211166,backward,eps,km^2/s^2,9973,9973.0,0.0,-0.2116141998483545,0.3241057781429986,-0.9581567804792764,-0.12549191879359725,0.8326648616856792,-0.9804838093061583,-0.10489907402976983,0.8755847352763885,-0.8977438787060439,0.7885685174489176,0.8108955462757995,nan,nan
23,13,85966,backward,eps,km^2/s^2,18934,18934.0,0.0,-0.17230728524617556,0.05327159215862022,-0.24797352215756652,-0.07347744035718708,0.17449608180037945,-0.8066956207583003,-0.05896630319043927,0.747729317567861,0.13447037728018776,0.10247908726966243,0.6308626445891742,nan,nan
23,14,147996,backward,eps,km^2/s^2,5106,5106.0,0.0,-0.17885190117147975,0.28425416519246827,-0.8773066011483501,-0.05227693335325881,0.8250296677950913,-1.020836128343177,-0.043998602475122994,0.9768375258680541,-1.4422885039893776,0.7087457829637267,0.8522753101585537,nan,nan
23,15,163534,backward,eps,km^2/s^2,690,690.0,0.0,-0.19123008483106885,0.2585255519591976,-0.882274243151679,-0.11583359449146828,0.7664406486602108,-1.0023683426834398,-0.043879077490019736,0.95848926519342,-1.7624805422756042,0.6897016785801495,0.8097957781119103,nan,nan
23,16,119732,backward,eps,km^2/s^2,287,287.0,0.0,-0.20967348429624333,0.33984219079143707,-0.9670991468376829,-0.11660925557436604,0.8504898912633169,-1.0098256453763166,-0.04407832882611784,0.9657473165501987,-0.7484809577229283,0.7583928220643575,0.8011193206029912,nan,nan
23,17,181737,backward,eps,km^2/s^2,21,21.0,0.0,-0.16930247281217492,0.2548760282597726,-0.8282834719189582,-0.09179334025519792,0.7364901316637603,-0.9721623626889256,-0.0800492234137743,0.8921131392751513,-2.1376520486449593,0.7364901316637603,0.8803690224337277,nan,nan
23,18,21617,backward,eps,km^2/s^2,2615,2615.0,0.0,-0.8241600231022813,0.2833514560334727,-0.9611379061415773,-0.13081288986157413,0.8303250162800032,-1.0147458785877224,-0.04415323856072739,0.970592640026995,1.289888990468276,0.6961777170478509,0.7828373683486977,nan,nan
23,19,129873,backward,eps,km^2/s^2,22349,22349.0,0.0,-0.11909468289408043,0.03324109872575005,-0.17716228761344566,-0.07588801771813454,0.10127426989531112,-0.1880659942575147,-0.06770756519231269,0.120358429065202,-0.2228790062145057,0.06837565770586816,0.07927936434993721,nan,nan
23,20,42652,backward,eps,km^2/s^2,9022,9022.0,0.0,-0.9816383536252573,0.04824930538952411,-1.0035082841993483,-0.8558823160007019,0.14762596819864648,-1.0086547271271056,-0.8465030844496956,0.16215164267741,1.0525516934070704,0.11814099198044553,0.12752022353145187,nan,nan
23,21,71336,backward,eps,km^2/s^2,11292,11292.0,0.0,-0.903752187093244,0.04825087319443393,-0.9664986862309818,-0.8296299941158097,0.13686869211517205,-0.9809348632312211,-0.8063623697289342,0.17457249350228699,0.15672300808259554,0.07545392781539167,0.09564769584266786,nan,nan
23,22,150379,backward,eps,km^2/s^2,4491,4491.0,0.0,-0.18476311330159612,0.2542923009819999,-0.8888130918890005,-0.07417763679538386,0.8146354550936166,-1.0207437552380227,-0.04391779137377705,0.9768259638642457,-1.9035195441338695,0.714532852740419,0.8464635160894413,nan,nan
23,0,174889,backward,e,-,26036,26036.0,0.0,0.4979662655390125,0.07534252558387144,0.40606010212927157,0.6407538592280029,0.2346937570987313,0.36384211491084095,0.6725723570038321,0.30873024209299116,0.33605600505264305,0.19217304881982275,0.22399154659565196,nan,nan
23,1,142942,backward,e,-,10,10.0,0.0,0.5859180642544924,0.1608412385827472,0.28193454776372967,0.7191701049603654,0.4372355571966357,0.20302693345651393,0.72667300581553,0.5236460723590161,-0.8971063731391241,0.3211685757371412,0.4000761900443571,nan,nan
23,2,91617,backward,e,-,3665,3665.0,0.0,0.5350390144304182,0.12314034642524997,0.3267347289906607,0.7295210469620762,0.4027863179714155,0.16974573819944064,0.892511559359386,0.7227658211599454,-0.3519421081299357,0.25367465138071593,0.4024202819251107,nan,nan
23,3,120308,backward,e,-,15731,15731.0,0.0,0.48300360672514164,0.1238640476326678,0.28775113234840133,0.7162997040506702,0.4285485717022689,0.16945223746756752,0.8598376401626954,0.6903854026951278,0.2853324238210626,0.25395756504384115,0.37716031109375886,nan,nan
23,4,140560,backward,e,-,604,604.0,0.0,0.5097734965884917,0.15735886074090305,0.2283117866435161,0.7260169269137046,0.4977051402701885,0.17669300373752553,0.7455576375661149,0.5688646338285894,-0.43414053952070075,0.38670163823424825,0.43832042114023884,nan,nan
23,5,17833,backward,e,-,13089,13089.0,0.0,0.3926285306867522,0.06174254329196821,0.3100980531882252,0.5090432927445561,0.19894523955633087,0.2896859065428208,0.5355479481785069,0.24586204163568615,0.30046514102749605,0.10959086715201091,0.12594325355009295,nan,nan
23,6,194162,backward,e,-,24253,24253.0,0.0,0.6056230037181133,0.13784437125066015,0.3897796234373076,0.8191763502951255,0.4293967268578179,0.3609305750041639,0.8504295375774203,0.4894989625732564,-0.06309926468197909,0.2302409713934822,0.25676181503136086,nan,nan
23,7,109475,backward,e,-,6082,6082.0,0.0,0.4486221929101776,0.15866603224099957,0.24622168410612066,0.7345414769782195,0.4883197928720988,0.1707602090708903,0.8272024803079935,0.6564422712371032,0.31837933998235796,0.26765467696014883,0.3377680726917893,nan,nan
23,8,92831,backward,e,-,1125,1125.0,0.0,0.4994054813086934,0.1531665156064912,0.21173206341374695,0.7265748814032853,0.5148428179895383,0.168344493093901,0.8956261106421681,0.7272816175482671,0.05178155039033041,0.35517812491727774,0.3985656952371237,nan,nan
23,9,172053,backward,e,-,102,102.0,0.0,0.5237581008383836,0.1410813732588808,0.24872997599271396,0.7251647035244797,0.47643472753176574,0.1950360603659501,0.8955575813930169,0.7005215210270668,-0.31429958458292095,0.27024551668492214,0.3833976349341405,nan,nan
23,10,33882,backward,e,-,4273,4273.0,0.0,0.4661593996709538,0.0681242426154559,0.30532504601955784,0.5209306660749922,0.21560562005543432,0.2742212580613012,0.5383798755135458,0.2641586174522446,-0.8267713676045125,0.14085238361065566,0.1719561715689123,nan,nan
23,11,61774,backward,e,-,14308,14308.0,0.0,0.3874140997426055,0.0634475572441663,0.2762109553948087,0.4741644887002422,0.19795353330543347,0.17531077677881798,0.5186911242701674,0.3433803474913494,-0.3880025903419139,0.12106813853203942,0.220560576313256,nan,nan
23,12,211166,backward,e,-,9973,9973.0,0.0,0.4967155440992098,0.12039349097287895,0.2740393647002501,0.6998163530862267,0.4257769883859766,0.1697351995346614,0.7495188910937285,0.5797836915590671,-0.20013514337978305,0.31861003059398035,0.422914195759569,nan,nan
23,13,85966,backward,e,-,18934,18934.0,0.0,0.5850297246424604,0.13259465536855713,0.3866787640295788,0.8249037242807078,0.438224960251129,0.16943473771526985,0.8594826759487656,0.6900479382334958,0.24903407021876783,0.24929323918045507,0.4064630836093852,nan,nan
23,14,147996,backward,e,-,5106,5106.0,0.0,0.5693082630655429,0.18453546591071154,0.23595957141366536,0.8754694942463433,0.6395099228326779,0.17000004480164355,0.8951687979991013,0.7251687531974578,-0.19565227315989855,0.3585493220504807,0.4245088486625025,nan,nan
23,15,163534,backward,e,-,690,690.0,0.0,0.5380697680377129,0.14876440219276127,0.2374289648268275,0.7232089980345807,0.4857800332077532,0.17006358404121355,0.8954556794646302,0.7253920954234166,-0.4235849801685736,0.3057316543977186,0.36417725205510076,nan,nan
23,16,119732,backward,e,-,287,287.0,0.0,0.49868338055420786,0.1433059516220038,0.23756906949101572,0.7212696082375727,0.48370053874655694,0.17281072957280652,0.8949833135502939,0.7221725839774874,-0.048880569233973416,0.27276280135976994,0.4029503765351721,nan,nan
23,17,181737,backward,e,-,21,21.0,0.0,0.5922363063061328,0.15177107710684876,0.23412829495111986,0.7812388636015151,0.5471105686503952,0.22258172598590806,0.8092903384959702,0.5867086125100621,-0.8044743104271083,0.5471105686503952,0.558657137615607,nan,nan
23,18,21617,backward,e,-,2615,2615.0,0.0,0.23937697071891864,0.16151396228388726,0.18946217059526493,0.6868317774632239,0.49736960686795895,0.17122126751088823,0.8948018977171688,0.7235806302062806,1.032777635233554,0.45575600980376113,0.663726130057706,nan,nan
23,19,129873,backward,e,-,22349,22349.0,0.0,0.715490595746097,0.08055932945451547,0.57332337285453,0.8190866775399309,0.24576330468540097,0.545969254110289,0.8386222922914444,0.2926530381811554,-0.23905147781345165,0.16694407070278383,0.19429818944702482,nan,nan
23,20,42652,backward,e,-,9022,9022.0,0.0,0.5179572850327001,0.080766763429221,0.29922595275883535,0.5491891219505988,0.24996316919176342,0.2782026779628235,0.5563450703171937,0.2781423923543702,-1.1731246154537387,0.20738614224007462,0.22840941703608653,nan,nan
23,21,71336,backward,e,-,11292,11292.0,0.0,0.39317648283168316,0.09076441127619995,0.23835141126269377,0.4955131947278517,0.25716178346515794,0.1685914010438332,0.51695939038621,0.3483679893423768,-0.3797739723355278,0.15184979964140735,0.2216098098602683,nan,nan
23,22,150379,backward,e,-,4491,4491.0,0.0,0.5544081512077251,0.15487045850681547,0.2711189653685585,0.8231128278558423,0.5519938624872838,0.16819393098549065,0.8953605839444655,0.7271666529589749,-0.24948711359032585,0.31455231965761304,0.4120743681245733,nan,nan
23,0,174889,backward,w,deg,26036,26036.0,0.0,-0.041291801629412817,1.8934419127566897,-3.1566311933612425,3.097286803508787,6.25391799687003,-4.1563591207135175,5.15231287349485,9.308671994208368,-0.007813935798519857,3.477552432847233,4.948350531241061,29.798755320966208,0.9994540640550257
23,1,142942,backward,w,deg,10,10.0,0.0,-6.540092412779998,78.27732471801149,-9.91935586876815,168.26985939812732,178.18921526689547,-10.368272495286448,173.5845097216486,183.95278221693505,1.041466418257405,174.5088518899168,178.23502213438076,33.41453154301734,0.40857264170330143
23,2,91617,backward,w,deg,3665,3665.0,0.0,-1.3904000610189087,61.948750403923576,-8.532912165991535,170.90183347546622,179.43474564145777,-179.8730144241814,179.89188758382153,359.76490200800293,1.399231796096594,165.0299249885835,178.7873788717344,26.20858142822024,0.7112671622840856
23,3,120308,backward,w,deg,15731,15731.0,0.0,-1.762862027450467,92.90683184394597,-176.6269174464736,173.3352733791398,349.96219082561345,-179.99915286236507,179.9948063898736,359.99395925223865,-0.05187745109346743,176.12858231327743,179.97799230190572,25.433608547164955,0.4235659731791124
23,4,140560,backward,w,deg,604,604.0,0.0,-0.8703840351236636,85.88956032549609,-175.51731126372255,173.70837256709223,349.2256838308148,-179.73265471445745,179.84197343257483,359.5746281470323,-0.004462507025380384,175.98403227819392,179.97413773460494,25.10475680414552,0.508396160604067
23,5,17833,backward,w,deg,13089,13089.0,0.0,-0.5151263818710561,3.6876908064195675,-5.46692829963651,6.602698984321623,12.069627283958132,-6.728473894895728,8.528436500681494,15.256910395577222,0.3196135816148665,6.591500378232751,8.134418997797894,186.85393296613756,0.9979303114887951
23,6,194162,backward,w,deg,24253,24253.0,0.0,0.2795518009027944,5.049121704363584,-9.378122127843062,8.747614851335229,18.125736979178292,-10.559190536035771,11.262309492716867,21.821500028752638,-0.11643669975106964,14.890466967119309,17.405161608500975,24.2691348647462,0.9961234941722934
23,7,109475,backward,w,deg,6082,6082.0,0.0,0.5579418798522227,100.57100635567642,-173.96547885596863,173.21009620560423,347.1755750615729,-179.98131936316247,179.95717345972412,359.9384928228866,0.006829634536836579,177.84411194553263,179.98506138453388,22.759699652972284,0.26660463352528974
23,8,92831,backward,w,deg,1125,1125.0,0.0,-0.49231529706622723,82.2973377657682,-20.14668188791004,175.59437873197996,195.74106061989,-179.77256533962645,179.7949366267204,359.56750196634687,0.39205594686460493,175.39281553263112,179.9316095078196,30.742820635744685,0.48371148673436454
23,9,172053,backward,w,deg,102,102.0,0.0,0.3294703007321118,70.46433124310269,-174.13735255669303,168.58448951817752,342.72184207487055,-177.6594398650202,179.2414333620893,356.9008732271095,-0.24354730895023358,176.50185576108197,179.56610921947492,24.49693797750548,0.6670029540846782
23,10,33882,backward,w,deg,4273,4273.0,0.0,-1.971482023546912,8.667043512860285,-11.289245379451648,15.38863484414706,26.677880223598706,-11.985798283633954,18.556134595218992,30.541932878852947,0.37312828595956354,26.089908725681834,29.257408476753767,201.4549653899396,0.988601135015604
23,11,61774,backward,w,deg,14308,14308.0,0.0,-0.2042325818966475,5.1381620298068205,-7.1388251373706,9.953402561373734,17.092227698744335,-12.58616284279131,17.243321880865608,29.82948472365692,0.8846813632531552,11.58253634038981,15.316969596755001,202.98529645575857,0.9959919023117142
23,12,211166,backward,w,deg,9973,9973.0,0.0,-1.4352685002056091,92.9034659004694,-174.1797952262814,171.98873973522205,346.1685349615035,-179.97838353736063,179.99083420186912,359.96921773922975,-0.022203534726959285,177.5694861247916,179.99861117394698,25.35652004424756,0.41002623218630174
23,13,85966,backward,w,deg,18934,18934.0,0.0,-0.08174625353206011,5.3680956809640294,-9.709545503364787,8.271684011207881,17.981229514572668,-11.254155044224063,175.06230392119522,186.3164589654193,3.456407773712706,18.885901866559802,165.88830817222163,24.534570834561823,0.9958904632706633
23,14,147996,backward,w,deg,5106,5106.0,0.0,1.6881293596365339,74.22987441541095,-171.23215258288434,153.65493357267397,324.88708615555834,-179.94230221953796,179.98473444835986,359.9270366678978,-0.48084265808366694,175.01878432740256,179.99803314461286,21.73272302576884,0.6084310978028146
23,15,163534,backward,w,deg,690,690.0,0.0,-0.6713038869950338,68.8083207960154,-175.56023078517558,147.30635028785355,322.8665810730291,-179.82931190621093,179.28794291150666,359.1172548177176,-0.4889390411993256,176.39807183245597,179.94033585293482,25.689124072552055,0.6761529492251602
23,16,119732,backward,w,deg,287,287.0,0.0,-3.3119888971379794,86.50806913094284,-18.85142888179071,175.76110881376232,194.61253769555304,-176.02479590340317,179.4567146587475,355.4815105621507,0.38785998740255045,173.8201009816388,179.61770096527397,31.1593854577313,0.35549742737426904
23,17,181737,backward,w,deg,21,21.0,0.0,-0.8387464155960345,65.278674746323,-15.14483592610199,167.15304175326924,182.29787767937123,-176.02783982698173,175.44983362592575,351.4776734529075,0.48889894992504745,169.65413254282083,177.9509244154773,25.968047967933966,0.7092817059834702
23,18,21617,backward,w,deg,2615,2615.0,0.0,1.452167543691047,82.1501424721793,-177.39842380303773,176.04936163465044,353.44778543768814,-179.96516086506534,179.9936860832043,359.95884694826964,-0.13208513948283088,178.45743277691238,179.99842307242682,203.46781116596554,0.5548028117787178
23,19,129873,backward,w,deg,22349,22349.0,0.0,0.02269095262124665,2.0897777798196864,-3.434800596968853,3.491565596894799,6.926366193863652,-4.393914116252972,4.536481889996708,8.93039600624968,0.019417637510193982,3.8497342745178624,4.603402494747002,18.843146992010098,0.9993350031342999
23,20,42652,backward,w,deg,9022,9022.0,0.0,-0.6241155162325924,4.379263994782844,-6.394387289138251,7.824125803109493,14.218513092247743,-11.054701052088376,12.890183282977603,23.94488433506598,0.3050022916351897,11.199968882619286,16.266026362487395,191.77414351240975,0.9970829503313559
23,21,71336,backward,w,deg,11292,11292.0,0.0,-0.2678746970829877,6.605453671233289,-9.691498674448495,9.040580140996028,18.732078815444524,-29.955826068573856,15.93303385890593,45.888859927479785,-0.2546809255985852,14.85917312690014,35.123500521025505,203.754948376883,0.9933820427458487
23,22,150379,backward,w,deg,4491,4491.0,0.0,-0.1517468747865962,64.67282867368598,-12.426710993027754,172.88217862836945,185.3088896213972,-179.94404031275872,179.69769020885525,359.64173052161397,0.6138828977988027,174.2550287589522,179.99214152592776,24.60938582978523,0.7114707310545063
23,0,174889,forward,eps,km^2/s^2,26036,26036.0,0.0,-0.9004754275789315,0.028912266600678103,-0.9458718714346255,-0.8529201931544489,0.09295167828017659,-0.957288615400328,-0.8101325027549484,0.14715611264537953,0.1144503569146928,0.05936495541769851,0.10215264581719896,nan,nan
23,1,142942,forward,eps,km^2/s^2,10,10.0,0.0,-0.2081178307999385,0.2718546989779269,-0.8530752455764692,-0.11876693292146645,0.7343083126550027,-0.8850053469518705,-0.10646503045023847,0.778540316501632,-1.7038590797432098,0.6464470044474364,0.6783771058228378,nan,nan
23,2,91617,forward,eps,km^2/s^2,3665,3665.0,0.0,-0.2058249971963888,0.35274160449479897,-0.9669207278268995,-0.11478124437834028,0.8521394834485593,-1.0195542132081998,-0.04448022926456885,0.975073983943631,-0.6139114022377717,0.8128094905205793,0.8654429759018796,nan,nan
23,3,120308,forward,eps,km^2/s^2,15731,15731.0,0.0,-0.8135304378039042,0.3606405778654625,-0.9506361137995256,-0.11722956816951124,0.8334065456300144,-0.9805593026870278,-0.05885393284037144,0.9217053698466564,0.04362867312262888,0.7667137338182368,0.796636922705739,nan,nan
23,4,140560,forward,eps,km^2/s^2,604,604.0,0.0,-0.21078753348339396,0.3434035551102832,-0.9348597520458116,-0.11654655643464774,0.8183131956111639,-1.0194952570673936,-0.06609019004209948,0.9534050670252942,-0.38035447710838305,0.7309127697886074,0.8155482748101894,nan,nan
23,5,17833,forward,eps,km^2/s^2,13089,13089.0,0.0,-0.9223145332344469,0.04038434203154164,-0.9943663188475774,-0.8673279035123731,0.12703841533520432,-1.0037455534959898,-0.8545387228937187,0.14920683060227113,-0.19814210746041827,0.07791210538413716,0.09070128600279159,nan,nan
23,6,194162,forward,eps,km^2/s^2,24253,24253.0,0.0,-0.19276436567057798,0.385182270558143,-0.9581401577562817,-0.07155024809988667,0.8865899096563951,-0.9671261271750407,-0.062151034622558665,0.904975092552482,-0.11257397818596743,0.8725640560433761,0.881550025462135,nan,nan
23,7,109475,forward,eps,km^2/s^2,6082,6082.0,0.0,-0.2534986311369739,0.3523118045631641,-0.9628544533624785,-0.1078394945209421,0.8550149588415364,-1.0184841697074458,-0.07491862610801714,0.9435655435994287,-0.21880434684981073,0.7831144656616075,0.8387441820065747,nan,nan
23,8,92831,forward,eps,km^2/s^2,1125,1125.0,0.0,-0.24891463144601422,0.3603650639871937,-0.9746664438502501,-0.11381526936778748,0.8608511744824626,-1.0181865681958364,-0.04389160369217371,0.9742949645036627,-0.22783641327455892,0.7861838878774002,0.8297040122229865,nan,nan
23,9,172053,forward,eps,km^2/s^2,102,102.0,0.0,-0.21242758324484612,0.32530586001125217,-0.9644461060350277,-0.11973492521729835,0.8447111808177293,-1.020440955040417,-0.0919250959679977,0.9285158590724193,-0.7181058407569332,0.7612414025943888,0.8172362515997785,nan,nan
23,10,33882,forward,eps,km^2/s^2,4273,4273.0,0.0,-0.9366731795107708,0.04168675146626155,-0.9835001117093705,-0.8550297747218996,0.1284703369874709,-0.9915765064671732,-0.8451594743766324,0.1464170320905408,0.3972752414518351,0.07708134996315487,0.086951650308422,nan,nan
23,11,61774,forward,eps,km^2/s^2,14308,14308.0,0.0,-0.20921135776661592,0.20154382029323156,-0.8857166907086159,-0.1479845433423949,0.7377321473662211,-0.9821390128471789,-0.13433791395628947,0.8478010988908894,-2.8269113727738535,0.654049176336223,0.7504714984747859,nan,nan
23,12,211166,forward,eps,km^2/s^2,9973,9973.0,0.0,-0.8470821106782034,0.33819788540855006,-0.9671655872599515,-0.14216305291469059,0.8250025343452609,-0.979689980049135,-0.10270362160579494,0.87698635844334,0.6003041132230627,0.7068110001695019,0.7462704314783976,nan,nan
23,13,85966,forward,eps,km^2/s^2,18934,18934.0,0.0,-0.8503494454001966,0.37586488507407995,-0.9652982925095156,-0.08626527004264721,0.8790330224668684,-0.9775476433924991,-0.059201603317745155,0.918346040074754,0.395557587664905,0.8127899892740277,0.8250393401570112,nan,nan
23,14,147996,forward,eps,km^2/s^2,5106,5106.0,0.0,-0.18588503111756804,0.3244262263684092,-0.930780060614984,-0.059966451381735786,0.8708136092332481,-1.020820045950525,-0.04437929460744894,0.9764407513430761,-0.9049904186126982,0.801679614237882,0.8917195995734231,nan,nan
23,15,163534,forward,eps,km^2/s^2,690,690.0,0.0,-0.20506036712042008,0.32225580696657047,-0.9375413833818469,-0.11650374765261122,0.8210376357292357,-1.0205829238249695,-0.04380055913553149,0.976782364689438,-0.8108190391815325,0.7466022096946284,0.8296437501377512,nan,nan
23,16,119732,forward,eps,km^2/s^2,287,287.0,0.0,-0.21242938901487707,0.36649965063586476,-0.9731654335055303,-0.11678129504589305,0.8563841384596372,-0.9826458788423504,-0.046719852405381124,0.9359260264369693,-0.3631527907850367,0.8500779450058619,0.859558390342682,nan,nan
23,17,181737,forward,eps,km^2/s^2,21,21.0,0.0,-0.21044921184371124,0.3877245544534373,-0.9654191819994133,-0.114639396088008,0.8507797859114054,-0.9752300854924874,-0.05015293496594231,0.925077150526545,-0.3125854662456364,0.850686228968973,0.860497132462047,nan,nan
23,18,21617,forward,eps,km^2/s^2,2615,2615.0,0.0,-0.8242040365506107,0.2809257897706549,-0.9599549852032055,-0.14444247005867583,0.8155125151445297,-1.0195465359042162,-0.048383325810864575,0.9711632100933516,1.2717497753884033,0.6726937648490817,0.768752909096893,nan,nan
23,19,129873,forward,eps,km^2/s^2,22349,22349.0,0.0,-0.12200025142298465,0.03329354501706152,-0.17949692038531756,-0.07711883287854591,0.10237808750677165,-0.19038861211680946,-0.06896884546938853,0.12141976664742093,-0.19421787714706604,0.08280615392900585,0.09369784566049777,nan,nan
23,20,42652,forward,eps,km^2/s^2,9022,9022.0,0.0,-0.9511423931544205,0.0511611352479958,-1.0032690932099615,-0.8549001859990621,0.14836890721089935,-1.0085644016778017,-0.8463283178139347,0.162236083863867,0.3481785723056677,0.1157849909549087,0.12435685914003614,nan,nan
23,21,71336,forward,eps,km^2/s^2,11292,11292.0,0.0,-0.22112717772138513,0.14283143183778227,-0.25618251446697005,-0.13173515381079862,0.12444736065617143,-0.9808685395888803,-0.12192068723291549,0.8589478523559648,-4.030745028595007,0.10348458561815062,0.7529955957973362,nan,nan
23,22,150379,forward,eps,km^2/s^2,4491,4491.0,0.0,-0.20046803811345004,0.32576883512314686,-0.9187910000421369,-0.10996979285595121,0.8088212071861857,-1.0203921731849346,-0.043981079635574294,0.9764110935493603,-0.9189933706733384,0.7975031349334326,0.8991043080762303,nan,nan
23,0,174889,forward,e,-,26036,26036.0,0.0,0.38725655650157265,0.0531987637650215,0.2932766555957861,0.46356913088515517,0.17029247528936908,0.18207356004644099,0.4814480441336512,0.29937448408721024,-0.3237799748744594,0.11486305527978796,0.22606615082913306,nan,nan
23,1,142942,forward,e,-,10,10.0,0.0,0.4945945172054752,0.15583432726925328,0.2683474252054544,0.7160448379272492,0.44769741272179475,0.19467602866574538,0.745750992301869,0.5510749636361236,-0.43179409601081586,0.27834316671224807,0.3035943307599245,nan,nan
23,2,91617,forward,e,-,3665,3665.0,0.0,0.5066034985113951,0.13515757574959383,0.2590866625183286,0.7257459890937193,0.4666593265753907,0.16971236327555636,0.8940264165846149,0.7243140533090585,-0.21564542778091084,0.37107663321056744,0.46045093245334034,nan,nan
23,3,120308,forward,e,-,15731,15731.0,0.0,0.46559596139318865,0.1353782924780025,0.25831358097612295,0.7197838262646077,0.46147024528848474,0.1696830202884509,0.8597500074356198,0.690066987147169,0.29905557492431756,0.29919607303873363,0.386528859358997,nan,nan
23,4,140560,forward,e,-,604,604.0,0.0,0.4925697522193878,0.16323051669889202,0.21719510802080091,0.7214203798108129,0.504225271790012,0.17101087925057248,0.8425759630388887,0.6715650837883163,-0.09296817537141215,0.28870349975024995,0.3368907626857074,nan,nan
23,5,17833,forward,e,-,13089,13089.0,0.0,0.4245144812559017,0.06770512148127003,0.3229166969057181,0.5361819131606467,0.21326521625492856,0.2958703246644621,0.5494909056881673,0.25362058102370516,0.05432871278259894,0.13927278120642425,0.16631915344768028,nan,nan
23,6,194162,forward,e,-,24253,24253.0,0.0,0.5341112846174342,0.19400875259942005,0.2587739023521548,0.829423378700727,0.5706494763485722,0.17216735158438884,0.851885815066114,0.6797184634817253,-0.05609674909309796,0.5372371090354883,0.6238436598032542,nan,nan
23,7,109475,forward,e,-,6082,6082.0,0.0,0.4708966435928573,0.16581083632286514,0.24075787179287894,0.742463596523834,0.5017057247309551,0.16987312589813894,0.821522074818748,0.651648948920609,0.21099985430864604,0.3264505147539858,0.3973352606487258,nan,nan
23,8,92831,forward,e,-,1125,1125.0,0.0,0.4856890534803325,0.15848767597660418,0.21210798372071016,0.7283690736315709,0.5162610899108607,0.17153859831983675,0.8954250633070769,0.7238864649872402,0.29483857698735855,0.3437722225644222,0.3736984172515426,nan,nan
23,9,172053,forward,e,-,102,102.0,0.0,0.4919024058034679,0.15118972565293964,0.2304225347647846,0.7137859153497235,0.4833633805849389,0.1698141830836259,0.7806098396144959,0.6107956565308701,-0.11597862951813583,0.276704356956622,0.33726651743436314,nan,nan
23,10,33882,forward,e,-,4273,4273.0,0.0,0.448737663696219,0.0716015760830709,0.2977248074635783,0.520667594065598,0.22294278660201972,0.2751346523706724,0.5324314770449404,0.257296824674268,-0.5531958548848123,0.1440211132846313,0.16661126837753726,nan,nan
23,11,61774,forward,e,-,14308,14308.0,0.0,0.49544321287702897,0.08895493128806832,0.3794727105553774,0.6450311818767666,0.26555847132138916,0.17512231296962313,0.6783361147811736,0.5032138018115505,-0.26045161655167437,0.21559114877798752,0.2565571072474431,nan,nan
23,12,211166,forward,e,-,9973,9973.0,0.0,0.4278708340843562,0.12524847186332053,0.259806579437855,0.6591510188768779,0.39934443943902287,0.17015982740479887,0.7547253721005363,0.5845655446957374,0.37920975713160193,0.374091228138854,0.4696655813625123,nan,nan
23,13,85966,forward,e,-,18934,18934.0,0.0,0.4818982099931769,0.16338499894383093,0.2622450753844138,0.7943414193525972,0.5320963439681834,0.1716128968919359,0.858920016838001,0.6873071199460651,0.32795275807565816,0.3719245170619956,0.46255669555447343,nan,nan
23,14,147996,forward,e,-,5106,5106.0,0.0,0.5529800027412989,0.1899068308796917,0.22507025184613572,0.8571626534288782,0.6320924015827425,0.17001816509090778,0.8942666422086608,0.7242484771177531,-0.1622792377740366,0.4660938035245409,0.5211458902797688,nan,nan
23,15,163534,forward,e,-,690,690.0,0.0,0.5088784925415635,0.16110566241341995,0.2184001607674346,0.7215688024572918,0.5031686416898572,0.17100555090973987,0.8956399397956282,0.7246343888858883,-0.2097378284494649,0.3247595475068481,0.36737905306914276,nan,nan
23,16,119732,forward,e,-,287,287.0,0.0,0.5009414537796661,0.13218929624118608,0.27991561437158013,0.7208601089336915,0.4409444945621113,0.1711696775463333,0.8887012718543874,0.7175315943080541,0.022333648052546826,0.42577459138419055,0.5345205282094376,nan,nan
23,17,181737,forward,e,-,21,21.0,0.0,0.4937768615589787,0.17430585031692888,0.2502763816063585,0.726048797456106,0.47577241584974744,0.18669419530022122,0.8805307353897781,0.6938365400895569,-0.2500252397006608,0.475550428992715,0.5391326152988523,nan,nan
23,18,21617,forward,e,-,2615,2615.0,0.0,0.23971397643106696,0.1536007329921445,0.18953807678744097,0.65366078840734,0.46412271161989904,0.17006665311222163,0.8847415560218773,0.7146749029096557,0.9575860808249179,0.45016238965443567,0.681243157268973,nan,nan
23,19,129873,forward,e,-,22349,22349.0,0.0,0.7084531966532227,0.08075983813346187,0.5674859367946403,0.8161442037149859,0.24865826692034554,0.5400830589071237,0.8356143966329339,0.2955313377258102,-0.2118884830919961,0.20181598812281845,0.22921886601033503,nan,nan
23,20,42652,forward,e,-,9022,9022.0,0.0,0.4716505896326445,0.08609547411502094,0.2970406451629625,0.5488864085855514,0.25184576342258885,0.277772482441401,0.5562090261526239,0.2784365437112229,-0.46862351233545485,0.20457862450723768,0.2238467872287992,nan,nan
23,21,71336,forward,e,-,11292,11292.0,0.0,0.46176871288599036,0.10722714363195782,0.3763306582841505,0.6846878416168092,0.30835718333265866,0.16857236846964585,0.7084507710794155,0.5398784026097696,0.2470250311358793,0.24545612445307022,0.2740850797777898,nan,nan
23,22,150379,forward,e,-,4491,4491.0,0.0,0.5164591007922263,0.16555493971500587,0.23647595662113036,0.7373209031209599,0.5008449464998295,0.17033381821885288,0.8952125964134294,0.7248787781945766,-0.1887773083968559,0.47345934798502687,0.5396014863873044,nan,nan
23,0,174889,forward,w,deg,26036,26036.0,0.0,-0.19731709551979293,4.929136683927688,-7.319330837443999,8.150164197634126,15.469495035078126,-8.05931031733769,12.176774474644503,20.236084791982194,0.17443983518529493,10.171823739641411,14.198434016651788,358.5464047090001,0.996303919047374
23,1,142942,forward,w,deg,10,10.0,0.0,13.548964273815557,56.98614362131573,-128.7094593927172,23.712468890576254,152.42192828329345,-135.7131213918808,25.364766626882897,161.0778880187637,-1.6328529442574264,148.94271269013237,155.94637468929596,248.7837338557119,0.6432776249293355
23,2,91617,forward,w,deg,3665,3665.0,0.0,2.436579408708326,84.1216312714729,-172.33551217933604,23.24868508154437,195.58419726088042,-179.7742688170211,179.8895048719176,359.6637736889387,-0.5038138769387877,178.04195036296431,179.98363108740986,301.05990870922574,0.298473362584034
23,3,120308,forward,w,deg,15731,15731.0,0.0,27.594283175085422,89.33007068285828,-148.58573744374408,51.75989761570642,200.3456350594505,-155.82476339098136,82.2891848381339,238.11394822911527,-0.04143525543021693,178.50951518694296,179.9957243846181,354.13046429273203,0.02912851224686601
23,4,140560,forward,w,deg,604,604.0,0.0,2.7053614118468943,96.74865724209134,-173.57730420265375,171.11964569320241,344.69694989585616,-179.99944735518807,179.97530242614465,359.9747497813327,0.021446755686986334,178.13339774056755,179.85186890187498,45.45824123797929,0.19080142236812037
23,5,17833,forward,w,deg,13089,13089.0,0.0,-0.5965190921624526,4.689720382694875,-6.492102500371436,8.357182046817933,14.849284547189368,-7.149230406241884,13.286290457667064,20.43552086390895,0.44581398328914357,8.975017952796428,13.90412636364556,296.55872255711876,0.9966545226405961
23,6,194162,forward,w,deg,24253,24253.0,0.0,50.097370360636404,83.46295225576164,-112.4686167235932,67.1433361354709,179.6119528590641,-120.58511126394285,72.54821776857557,193.13332903251842,-0.10368289019682515,170.44787662001698,178.56437116036665,119.36785667586662,0.12523490192827375
23,7,109475,forward,w,deg,6082,6082.0,0.0,-5.072956703953082,103.17171091646763,-170.27716144302508,172.30375341527824,342.58091485830334,-179.9712322052032,179.99734888689977,359.96858109210297,-0.131796466828354,176.35317020216402,179.9976415992848,262.78140829169365,0.12406844676411202
23,8,92831,forward,w,deg,1125,1125.0,0.0,12.272071118532267,86.25214670523602,-159.4418513968262,46.371957238567376,205.81380863539357,-168.02532326762721,60.032390000201076,228.0577132678283,-0.22592603118995871,178.06282250316792,179.98030538729557,324.38608693247136,0.13267118625747007
23,9,172053,forward,w,deg,102,102.0,0.0,-4.020008396954822,96.97802410655999,-176.21550634247723,168.28103544676654,344.4965417892438,-179.65195275560313,178.90709839609644,358.5590511516996,-0.02568672023297002,175.28414617000823,178.8658682116852,158.19602398731718,0.32003859582968874
23,10,33882,forward,w,deg,4273,4273.0,0.0,-1.573995976131073,9.893915847403326,-14.059643012007756,18.64098105394114,32.700624065948894,-16.86729910540231,26.279423370502286,43.146722475904596,0.5110373783730283,29.613898888099207,37.252341204660354,329.1234743643253,0.9851828729103529
23,11,61774,forward,w,deg,14308,14308.0,0.0,-0.7282441791723073,50.72551396154685,-10.265551446533424,15.571975957722845,25.83752740425627,-179.9758824364966,179.91268015852086,359.88856259501745,-0.24670047955646326,168.3929522262257,179.96970269132828,172.30078079645529,0.8194514190588572
23,12,211166,forward,w,deg,9973,9973.0,0.0,-3.2055915882086765,94.72410988026435,-175.07783680429463,172.75856194552952,347.8363987498242,-179.98865425697846,179.9964930168237,359.98514727380217,-0.09734288898897148,172.42021174528705,179.99710706635045,44.86718356608345,0.28569997192489166
23,13,85966,forward,w,deg,18934,18934.0,0.0,-8.787958916526108,84.8882298079276,-21.209804228223756,167.5077102627554,188.71751449097917,-25.91304212409358,175.47835888621563,201.3914010103092,0.4070754851059878,179.31479056050682,179.99991059466004,35.76888922962162,0.2087388343807417
23,14,147996,forward,w,deg,5106,5106.0,0.0,-2.5249190236745847,87.56507560365895,-168.29993967872903,169.1676753343536,337.46761501308265,-179.98947130724102,179.99025727894264,359.9797285861837,0.1088023685431543,175.29270581434,179.9576291030702,275.72348742422844,0.4341229122059192
23,15,163534,forward,w,deg,690,690.0,0.0,-0.6045625905447878,95.08699294541772,-177.03087573878014,173.69384711977318,350.7247228585533,-179.61989922669085,179.91397658971067,359.5338758164015,-0.03916798539778475,176.93742462063102,179.950517075741,30.097994353073627,0.37961651393681894
23,16,119732,forward,w,deg,287,287.0,0.0,-1.7441756719521209,92.83411254656582,-174.16253861689583,38.22380433778344,212.38634295467926,-179.5063271286748,178.9150353384798,358.4213624671546,-0.09264610150155524,178.39101768368482,179.86635552611074,76.94003175688259,0.17580068703536345
23,17,181737,forward,w,deg,21,21.0,0.0,2.909832141789053,102.92184372474833,-171.6305919996133,176.75429739867553,348.3848893982888,-176.90502256302088,178.3049937155066,355.2100162785275,0.13992988095686099,176.38606873538515,178.33950070120727,194.1389562461081,0.14518978520135697
23,18,21617,forward,w,deg,2615,2615.0,0.0,-0.8110156039601293,74.35579128162773,-22.45489961422886,173.15797336825392,195.61287298248277,-179.62877409763962,179.99164863543797,359.6204227330776,0.9284169615066767,176.58350935621937,179.97665585771915,160.20315524345838,0.5495073848578386
23,19,129873,forward,w,deg,22349,22349.0,0.0,-0.40018599412675826,5.78056325690213,-8.399414890448371,9.885707367426361,18.285122257874733,-9.221631938983137,13.156062325914633,22.37769426489777,0.23574868233219717,9.886287751624023,13.156642710112294,160.09807606061784,0.9949191775938816
23,20,42652,forward,w,deg,9022,9022.0,0.0,0.00208217233316077,6.554523770324199,-11.242880932472861,11.147210951696179,22.39009188416904,-14.499679232219023,18.26128705224454,32.760966284463564,0.06641698337291267,12.789188175917925,17.94555734065858,308.499496632221,0.9934751921246305
23,21,71336,forward,w,deg,11292,11292.0,0.0,-0.7588592948247879,36.447241491083766,-15.492710288535456,18.349088506482158,33.84179879501761,-179.97173541513763,179.95720597475514,359.92894138989277,-0.748798676642605,20.82818738250198,179.9979197890661,196.46744723772886,0.9016776717678509
23,22,150379,forward,w,deg,4491,4491.0,0.0,2.314704130719633,85.03254202945114,-169.3423807493872,161.6806646113117,331.0230453606989,-179.90681073573802,179.94646005992092,359.85327079565894,-0.3084289613890545,173.63036079653426,179.86487597421154,285.2490752511633,0.43238085690459377
27,0,174062,backward,eps,km^2/s^2,25332,25332.0,0.0,-0.20626523106751626,0.028908995374210662,-0.2403261206845709,-0.15009811901149953,0.09022800167307138,-0.25541668289123187,-0.1372325141271179,0.11818416876411397,0.3907788320938111,0.07489782277334418,0.08776342765772582,nan,nan
27,1,142942,backward,eps,km^2/s^2,10,10.0,0.0,-0.18552422661045792,0.35102534619349335,-0.9722279818700161,-0.1174806616815462,0.8547473201884699,-1.0176690233481307,-0.11438481223387309,0.9032842111142576,-1.0525227675513515,0.8071441616796413,0.852585203157756,nan,nan
27,2,205061,backward,eps,km^2/s^2,2438,2438.0,0.0,-0.18989703773974803,0.19284110524896708,-0.8663196949486262,-0.11403406616144705,0.7522856287871791,-0.9762627277682228,-0.044431271580256615,0.9318314561879661,-3.1583105918176297,0.6832065909856747,0.7931496238052712,nan,nan
27,3,34289,backward,eps,km^2/s^2,980,980.0,0.0,-0.8775373085984539,0.04720965671287066,-0.9640373118462017,-0.8157398609027956,0.14829745094340607,-1.0207786020554366,-0.806208472304013,0.21457012975142353,-0.36846053592336897,0.08199663199286526,0.12919987851580683,nan,nan
27,4,147110,backward,eps,km^2/s^2,575,575.0,0.0,-0.20318228789295445,0.31087150492959925,-0.9206572279202203,-0.1155145667609536,0.8051426611592667,-1.020754723273971,-0.1065462381788227,0.9142084850951484,-1.0368265707924873,0.7499303189476372,0.850027814301388,nan,nan
27,5,17619,backward,eps,km^2/s^2,13038,13038.0,0.0,-0.9038109963350069,0.035513530399856226,-0.9754921060402986,-0.8611594152654342,0.11433269077486441,-0.9935663659970546,-0.8518630101483754,0.1417033558486792,-0.45895665784624395,0.06162162639582871,0.07683041065068708,nan,nan
27,6,79918,backward,eps,km^2/s^2,18704,18704.0,0.0,-0.1613555189302392,0.053181927071920036,-0.24700769032361916,-0.0692858461383203,0.17772184418529885,-0.25702693908731455,-0.058817793307683885,0.19820914577963067,0.08232273865803157,0.09874560637682488,0.10921365920746129,nan,nan
27,7,22053,backward,eps,km^2/s^2,1967,1967.0,0.0,-0.8271009383767397,0.05559353256281147,-0.9668237788486832,-0.8125751786701673,0.15424860017851594,-1.0147458785877224,-0.04415323856072739,0.970592640026995,3.6077287524273536,0.14217790497287133,0.7814569991651891,nan,nan
27,8,113202,backward,eps,km^2/s^2,639,639.0,0.0,-0.23359882040754998,0.3282474945172285,-0.9694793969659073,-0.10831878320110117,0.8611606137648062,-1.0205536257856416,-0.04380722131250103,0.9767464044731405,-0.7279278594791876,0.767885538151915,0.8189597669716492,nan,nan
27,9,172053,backward,eps,km^2/s^2,101,101.0,0.0,-0.1967050894784973,0.2622729652816287,-0.9274829256535645,-0.11498373245609261,0.8124991931974719,-0.9770398650056108,-0.043834796693581146,0.9332050683120297,-1.8301446025346235,0.7262574690056185,0.7758144083576648,nan,nan
27,10,33425,backward,eps,km^2/s^2,4293,4293.0,0.0,-0.9483698383580018,0.039760263972882195,-0.9837718119060805,-0.8591140016289858,0.12465781027709477,-0.9957618598044257,-0.8447556526842595,0.1510062071201662,0.6881648530149359,0.07433939906108553,0.08869774800581187,nan,nan
27,11,193924,backward,eps,km^2/s^2,22862,22862.0,0.0,-0.1653495561184159,0.055123832743138326,-0.24686124638723445,-0.07646631596985218,0.17039493041738227,-0.25671782902085727,-0.06342528794602897,0.1932925410748283,0.0036816845641289317,0.09370754045878285,0.10674856848260605,nan,nan
27,12,202279,backward,eps,km^2/s^2,3216,3216.0,0.0,-0.24842339506862054,0.328951791845063,-0.95299137489773,-0.07431598087563102,0.878675394022099,-1.0175623660736905,-0.049948928221153266,0.9676134378525373,-0.6904142942641261,0.7390235806952885,0.803594571871249,nan,nan
27,13,73650,backward,eps,km^2/s^2,8319,8319.0,0.0,-0.898566509898551,0.046558139065138025,-0.9677617174359254,-0.8318876876890184,0.135874029746907,-0.980575890870184,-0.06070158238724965,0.9198743084829344,0.7352245475148046,0.07515340053435349,0.8362737471113177,nan,nan
27,14,144722,backward,eps,km^2/s^2,4862,4862.0,0.0,-0.16788231545331828,0.22970298510304696,-0.8357590776329483,-0.04957827048454351,0.7861808071484048,-1.020836128343177,-0.04391779137377705,0.9769183369694,-2.216893399913386,0.671360244480533,0.8564372951907617,nan,nan
27,15,157143,backward,eps,km^2/s^2,682,682.0,0.0,-0.18775796170460485,0.25232725140516,-0.8766192105922987,-0.11484321559226776,0.761775995000031,-1.0023683426834398,-0.043879077490019736,0.95848926519342,-1.8425921828964646,0.6916301229596482,0.8173792550507895,nan,nan
27,16,206245,backward,eps,km^2/s^2,234,234.0,0.0,-0.20939688481569763,0.33860939398638107,-0.9698214464415547,-0.11606538008677718,0.8537560663547775,-1.0098256453763166,-0.04407832882611784,0.9657473165501987,-0.8247208014630814,0.7727820535112195,0.8127862524459815,nan,nan
27,17,181737,backward,eps,km^2/s^2,21,21.0,0.0,-0.16930247281217492,0.2548760282597726,-0.8282834719189582,-0.09179334025519792,0.7364901316637603,-0.9721623626889256,-0.0800492234137743,0.8921131392751513,-2.1376520486449593,0.7364901316637603,0.8803690224337277,nan,nan
27,18,110520,backward,eps,km^2/s^2,1065,1065.0,0.0,-0.19947079054760974,0.2674060841401202,-0.9389740128351479,-0.11520445559260376,0.8237695572425442,-0.9770685770476017,-0.044138872659411854,0.9329297043881899,-1.7400939932433035,0.7407248854489238,0.7788194496613777,nan,nan
27,19,131634,backward,eps,km^2/s^2,21666,21666.0,0.0,-0.11924482955481092,0.032994243579654955,-0.17652579483661038,-0.07606331764055166,0.10046247719605872,-0.18741970441455869,-0.06805633992593996,0.11936336448861873,-0.21370851448110978,0.06550926134751237,0.07640317092546067,nan,nan
27,20,42652,backward,eps,km^2/s^2,8915,8915.0,0.0,-0.981947714071389,0.04829012597529627,-1.003554263978883,-0.8560140163171265,0.14754024766175655,-1.0086547271271056,-0.8465284364528025,0.16212629067430306,1.0533591866999883,0.11800929166402094,0.12749487152834493,nan,nan
27,21,212095,backward,eps,km^2/s^2,13244,13244.0,0.0,-0.20894268445023834,0.037436310072278496,-0.24659548903458142,-0.12261760785962089,0.12397788117496053,-0.25726788764161435,-0.0598586669988278,0.19740922064278654,1.0183936036724959,0.08469383069001563,0.14745277155080871,nan,nan
27,22,153312,backward,eps,km^2/s^2,3702,3702.0,0.0,-0.16886012213917856,0.044799616747863764,-0.2266301970287953,-0.0995790474357118,0.1270511495930835,-0.2588310872301296,-0.04399901777505488,0.21483206945507471,0.2209363128935619,0.08501467758796484,0.12724168330399976,nan,nan
27,23,214558,backward,eps,km^2/s^2,8626,8626.0,0.0,-0.20372077172706277,0.28144274273163694,-0.9488840875158552,-0.12051435399332666,0.8283697335225285,-0.9804838093061583,-0.08238796366487877,0.8980958456412795,-1.5671069110490556,0.7700970901653077,0.8016968119556108,nan,nan
27,24,60402,backward,eps,km^2/s^2,12533,12533.0,0.0,-0.9011190616737879,0.03237212283672973,-0.9502679286696359,-0.849783114162718,0.10048481450691793,-0.9822032410117507,-0.81041448350665,0.1717887575051007,0.04227940684831566,0.060003633178060546,0.09448490091342054,nan,nan
27,25,69806,backward,eps,km^2/s^2,10125,10125.0,0.0,-0.9007289623430286,0.04780524838812719,-0.9650752707246547,-0.8305320223551981,0.13454324836945664,-0.98098342884913,-0.8063623697289342,0.17462105912019588,0.116126046036041,0.0751030186621008,0.09582591902957205,nan,nan
27,26,105050,backward,eps,km^2/s^2,5909,5909.0,0.0,-0.24378181897912898,0.3376780333145054,-0.9574475343545091,-0.11982067709167725,0.8376268572628319,-0.9887344424306926,-0.1044084476308379,0.8843259947998547,-0.47530811488307406,0.7592162410011658,0.7905031490773493,nan,nan
27,0,174062,backward,e,-,25332,25332.0,0.0,0.49873652723152184,0.07430537154287631,0.40789810290451495,0.6398437447725508,0.23194564186803585,0.3647600567025418,0.6712886340463079,0.3065285773437661,0.3421606522220862,0.19024823504215047,0.22169312431590754,nan,nan
27,1,142942,backward,e,-,10,10.0,0.0,0.5859180642544924,0.1608412385827472,0.28193454776372967,0.7191701049603654,0.4372355571966357,0.20302693345651393,0.72667300581553,0.5236460723590161,-0.8971063731391241,0.3211685757371412,0.4000761900443571,nan,nan
27,2,205061,backward,e,-,2438,2438.0,0.0,0.5411968345294453,0.10804834314583099,0.40242533329057784,0.7275247384376735,0.3250994051470957,0.169824732674945,0.894142631280065,0.72431789860512,-0.15913616182209842,0.1830102679477975,0.3889390687861958,nan,nan
27,3,34289,backward,e,-,980,980.0,0.0,0.3443341757526522,0.09218041446769484,0.19939657976916358,0.49167969586943716,0.2922831161002736,0.16819393098549065,0.5728973064372875,0.4047033754517969,0.05572414457349816,0.17794454366725168,0.20253179169844013,nan,nan
27,4,147110,backward,e,-,575,575.0,0.0,0.5087326118431873,0.15552295419201856,0.22702320268613355,0.7239288583769625,0.496905655690829,0.17281072957280652,0.7455576375661149,0.5727469079933084,-0.4182539991741552,0.3620852335477549,0.416297706661082,nan,nan
27,5,17619,backward,e,-,13038,13038.0,0.0,0.39249680774581547,0.061603462398739615,0.3102084738943585,0.5086611757031361,0.19845270180877755,0.2900641370571102,0.5350566683295165,0.24499253127240628,0.3008738182715038,0.10920834957030334,0.1250905887419143,nan,nan
27,6,79918,backward,e,-,18704,18704.0,0.0,0.6122262951368354,0.1330699453695272,0.38938342139104054,0.8348731305079707,0.4454897091169302,0.3601922315075439,0.8598376401626954,0.49964540865515145,0.016069869651403022,0.23949767498077526,0.26446218463549986,nan,nan
27,7,22053,backward,e,-,1967,1967.0,0.0,0.2314238100891133,0.091983368740382,0.18886482746338606,0.49749932775570216,0.3086345002923161,0.17122126751088823,0.8948018977171688,0.7235806302062806,1.7311083951318862,0.2700553138572657,0.6673578838187323,nan,nan
27,8,113202,backward,e,-,639,639.0,0.0,0.4783309005163874,0.16434959765471602,0.2127091187479833,0.7416211365898178,0.5289120178418345,0.17519044809436038,0.8956261106421681,0.7204356625478078,0.35827063368946016,0.3156933780070147,0.3851494446041013,nan,nan
27,9,172053,backward,e,-,101,101.0,0.0,0.5241268813139203,0.1407987676897107,0.24864812177682707,0.7252064373818786,0.4765583156050516,0.1950360603659501,0.8955575813930169,0.7005215210270668,-0.3384236330557127,0.2705999215271787,0.3833976349341405,nan,nan
27,10,33425,backward,e,-,4293,4293.0,0.0,0.4676538540376055,0.06788977216804874,0.30628229066641266,0.5211210842181894,0.2148387935517767,0.2742212580613012,0.5383798755135458,0.2641586174522446,-0.8526882988592374,0.13707295393940966,0.16913398654452122,nan,nan
27,11,193924,backward,e,-,22862,22862.0,0.0,0.6025318229818613,0.1384117273020194,0.3895184410056265,0.8176586965266014,0.4281402555209749,0.36112180630612206,0.8488479902694144,0.4877261839632923,-0.059656396595486896,0.22871791693196092,0.25789623947941476,nan,nan
27,12,202279,backward,e,-,3216,3216.0,0.0,0.44965816162823696,0.1882360930678423,0.23558775071723384,0.8229615865138691,0.5873738357966353,0.1707602090708903,0.8810156169935777,0.7102554079226874,0.4738681549119898,0.3434568384483176,0.4015108689280261,nan,nan
27,13,73650,backward,e,-,8319,8319.0,0.0,0.38395592363054176,0.0862461572998645,0.24342097394017925,0.49748849114325094,0.2540675172030717,0.16943473771526985,0.8553279728420995,0.6858932351268296,-0.252279078329977,0.13786175308530937,0.4741479080030804,nan,nan
27,14,144722,backward,e,-,4862,4862.0,0.0,0.5960882303434303,0.16601344218458872,0.24525754824512885,0.8818526378542142,0.6365950896090853,0.17000004480164355,0.8953605839444655,0.725360539142822,-0.4238804393555603,0.3595582851244714,0.4348157885679568,nan,nan
27,15,157143,backward,e,-,682,682.0,0.0,0.5472002705853327,0.14892133416712833,0.2378993424968426,0.725552712946128,0.48765337044928536,0.17006358404121355,0.8954556794646302,0.7253920954234166,-0.5218706329164313,0.31926862026367675,0.3833562956294728,nan,nan
27,16,206245,backward,e,-,234,234.0,0.0,0.4995040764651789,0.13831951631564243,0.24730083326065974,0.7225847591789315,0.47528392591827173,0.1847104208115021,0.8949833135502939,0.7102728927387918,0.0695293196252171,0.2830395752582395,0.37151546218158504,nan,nan
27,17,181737,backward,e,-,21,21.0,0.0,0.5922363063061328,0.15177107710684876,0.23412829495111986,0.7812388636015151,0.5471105686503952,0.22258172598590806,0.8092903384959702,0.5867086125100621,-0.8044743104271083,0.5471105686503952,0.558657137615607,nan,nan
27,18,110520,backward,e,-,1065,1065.0,0.0,0.5169910357468863,0.13604676934030274,0.22128936415847408,0.7246848808597836,0.5033955167013094,0.168344493093901,0.8948398682898845,0.7264953751959835,-0.38167828209527227,0.3085591438787601,0.3757474527287773,nan,nan
27,19,131634,backward,e,-,21666,21666.0,0.0,0.7151173947395852,0.07994953889194328,0.5749336034353408,0.8186613254125403,0.2437277219771995,0.5475850234072122,0.8377900415658402,0.2902050181586281,-0.22971030370134535,0.15997095653147675,0.18731953655960543,nan,nan
27,20,42652,backward,e,-,8915,8915.0,0.0,0.5183714226075714,0.08081500345589014,0.2994540018819844,0.5492417173580294,0.249787715476045,0.2782347314616963,0.5563450703171937,0.2781103388554974,-1.173466356828752,0.2071580931169256,0.22837736353721372,nan,nan
27,21,212095,backward,e,-,13244,13244.0,0.0,0.49262773210748617,0.09462606175581907,0.390816011387574,0.7067770875526551,0.3159610761650811,0.359487215227587,0.8573421569025425,0.4978549416749555,0.928819226319976,0.20964876807036328,0.36021383742025065,nan,nan
27,22,153312,backward,e,-,3702,3702.0,0.0,0.5937358918877693,0.11148406296344897,0.4464530913384637,0.7622312766601963,0.3157781853217326,0.35503857262573363,0.8951650037687464,0.5401264311430127,0.1510522753277889,0.22008262268845818,0.30728216382921647,nan,nan
27,23,214558,backward,e,-,8626,8626.0,0.0,0.5089739747297505,0.11398860149704096,0.28455157964448763,0.7119149242014908,0.4273633445570032,0.1697351995346614,0.803476141285304,0.6337409417506426,-0.18289844769848418,0.28523311729626244,0.40004949740608864,nan,nan
27,24,60402,backward,e,-,12533,12533.0,0.0,0.3884286757709432,0.059627292724234275,0.2863117558165189,0.4705189822757078,0.1842072264591889,0.18326849268961573,0.5188133414660059,0.3355448487763901,-0.33605691352195044,0.1146184795654095,0.21195615681536764,nan,nan
27,25,69806,backward,e,-,10125,10125.0,0.0,0.387876823911495,0.09004912575509824,0.24118700718016217,0.49338202815170173,0.25219502097153956,0.1685914010438332,0.5170277746947582,0.34843637365092506,-0.3403817439632914,0.14931796274583095,0.22191356888216024,nan,nan
27,26,105050,backward,e,-,5909,5909.0,0.0,0.45862604728544215,0.1499360689232787,0.2518346437996438,0.7137637455851823,0.4619291017855385,0.17112689483884924,0.7510366233613963,0.5799097285225471,0.17608933989803788,0.2672599363864451,0.34796768534723965,nan,nan
27,0,174062,backward,w,deg,25332,25332.0,0.0,-0.037421661420722785,1.855493090289553,-3.100385370077299,3.038377210860478,6.138762580937778,-4.088353319377177,4.138569351581253,8.22692267095843,-0.022469007924629383,3.428117124006249,4.370499638055435,29.802972982852296,0.9994757231441307
27,1,142942,backward,w,deg,10,10.0,0.0,-6.540092412779998,78.27732471801149,-9.91935586876815,168.26985939812732,178.18921526689547,-10.368272495286448,173.5845097216486,183.95278221693505,1.041466418257405,174.5088518899168,178.23502213438076,33.41453154301734,0.40857264170330143
27,2,205061,backward,w,deg,2438,2438.0,0.0,-0.8896021321462655,44.415081796859845,-7.724966061062426,167.28585812056636,175.01082418162878,-178.0821970279917,179.89842139232758,357.9806184203193,2.6025106541186496,174.84923207176308,179.98814146571272,25.294413945232016,0.8561972634602638
27,3,34289,backward,w,deg,980,980.0,0.0,-0.27208720379863394,9.084019599192349,-17.712754999443643,16.95358517906526,34.666340178508904,-27.34509636632461,20.851693131041685,48.1967894973663,-0.3275615339359389,21.109621183420202,26.32189772610576,198.84465773134107,0.9875457569094906
27,4,147110,backward,w,deg,575,575.0,0.0,-1.0205668208434417,89.41874973373301,-175.90030295988444,173.98469799433707,349.8850009542215,-179.65549227169913,179.92613321650924,359.5816254882084,0.012321402569030549,176.48629318603716,179.87058369125737,25.44596887317883,0.46596554732732776
27,5,17619,backward,w,deg,13038,13038.0,0.0,-0.5166850639790681,3.6830485683045784,-5.457582099252498,6.597320456202644,12.054902555455143,-6.71823847594149,8.534091227347858,15.252329703289348,0.3199544099291124,6.583366894814747,8.179463374717415,186.84369754718333,0.9979355147450208
27,6,79918,backward,w,deg,18704,18704.0,0.0,0.04456786264424295,5.1975742042563216,-10.132979260715391,8.312925233416404,18.445904494131796,-11.352013285633745,11.299371484030644,22.65138476966439,-0.24190002177299808,18.432273327627716,19.65130735254604,24.632429075971498,0.9958929741452158
27,7,22053,backward,w,deg,1967,1967.0,0.0,1.2827471497977854,10.768364674205666,-11.701778714856436,12.641760134706452,24.34353884956289,-176.1032868793489,167.78834443461278,343.8916313139617,-4.906658543564254,14.335755376434271,178.7337369353386,204.1373342948594,0.9876812547176765
27,8,113202,backward,w,deg,639,639.0,0.0,-0.3263613721052252,91.34819698877669,-173.75081319553368,176.28563779508016,350.03645099061384,-179.50182132424658,179.87174609748587,359.37356742173245,0.15339268616588922,176.83204389933135,179.9729640204647,32.434066299423655,0.35724962413031053
27,9,172053,backward,w,deg,101,101.0,0.0,0.37791165879164623,68.5138515292881,-174.07179162666023,168.0618761138358,342.13366774049604,-177.57164439882763,179.32922882828188,356.9008732271095,-0.3679478646072876,176.5247820407543,179.56610921947492,24.409142511312893,0.6834531934540489
27,10,33425,backward,w,deg,4293,4293.0,0.0,-2.0684293733555705,8.466540544642417,-11.021186699022252,15.117247331398753,26.138434030421003,-11.71330307540481,18.556631862827174,30.269934938231984,0.39207414496726095,25.44256024018399,28.88194477161241,201.1592342451278,0.9891213042218177
27,11,193924,backward,w,deg,22862,22862.0,0.0,0.1433452855169577,5.1307457596266985,-9.329889401059429,9.007041636638412,18.33693103769784,-10.472895556145545,11.262912388407756,21.7358079445533,-0.05634783134902389,14.970668207441953,17.226538959211297,24.268531969055314,0.9959971607594996
27,12,202279,backward,w,deg,3216,3216.0,0.0,1.5747642072824988,93.708984993719,-172.69664092088374,172.7731131286233,345.46975404950706,-179.93976233265175,179.94405578709103,359.8838181197428,-0.09904446965344714,176.48605894411241,179.99389222876823,20.197407082981368,0.3503802513242081
27,13,73650,backward,w,deg,8319,8319.0,0.0,1.3858571311762375,8.566962008686076,-12.338438080163504,9.716927835561691,22.055365915725197,-32.83851679357974,171.44522446970535,204.2837412632851,-0.0327693487404157,18.587766535122604,165.20121600764543,204.42965002329808,0.9892095199150395
27,14,144722,backward,w,deg,4862,4862.0,0.0,1.0141065498373365,57.867196025415346,-171.29941351235425,11.860130979875448,183.15954449222968,-179.85553015054802,179.85225969309715,359.7077898436452,-0.7848301841260619,173.6976997462633,179.99196138871878,22.740398952354898,0.7670353547250116
27,15,157143,backward,w,deg,682,682.0,0.0,-0.5468443488602901,66.87028786925498,-175.06634712229226,146.48376247523674,321.550109597529,-179.4282977745662,179.65862029581308,359.0869180703793,-0.5398465114978772,176.2361873067973,179.98518026822813,25.28810994090731,0.6934489556018194
27,16,206245,backward,w,deg,234,234.0,0.0,-3.066938378770658,81.31703331086318,-17.431458523650285,173.25449637695658,190.68595490060687,-176.736252481257,178.74525808089368,355.4815105621507,0.683234178654444,178.9164355722413,179.9495897114889,31.870842035585152,0.38873479279720285
27,17,181737,backward,w,deg,21,21.0,0.0,-0.8387464155960345,65.278674746323,-15.14483592610199,167.15304175326924,182.29787767937123,-176.02783982698173,175.44983362592575,351.4776734529075,0.48889894992504745,169.65413254282083,177.9509244154773,25.968047967933966,0.7092817059834702
27,18,110520,backward,w,deg,1065,1065.0,0.0,-2.0205757302697123,68.04840844597716,-17.07366476422261,168.57909387345669,185.65275863767928,-179.88374448309725,179.72667669722364,359.6104211803209,0.635078990504458,169.55918932859396,179.751086381689,28.064871556084626,0.6643528351815775
27,19,131634,backward,w,deg,21666,21666.0,0.0,0.024008619646423313,2.0562410453385325,-3.3726170246169573,3.4408629993175524,6.81348002393451,-4.3247229634778535,4.491399741429632,8.816122704907485,0.0270085055230931,3.8298664543646694,4.66462619677182,18.81185435699221,0.9993561711820029
27,20,42652,backward,w,deg,8915,8915.0,0.0,-0.6196104970203464,4.327486577723501,-6.3706048118237755,7.665771670932508,14.036376482756284,-10.957359112213055,12.614988407130568,23.572347519343623,0.2835149994277786,10.944272810566979,15.89348954676504,191.67680157253443,0.9971513959823297
27,21,212095,backward,w,deg,13244,13244.0,0.0,-0.9765678161655842,5.624637782764414,-7.018057238457077,11.038854022112192,18.05691126056927,-8.888036118396741,12.382340737596962,21.270376855993703,0.6763436231663128,16.359698539199883,17.703185254684655,24.412686637824034,0.9951906660356401
27,22,153312,backward,w,deg,3702,3702.0,0.0,0.17398577617997546,3.1382770812656675,-5.433799250092044,4.4699168840812495,9.903716134173294,-13.62645063363425,12.219557475509532,25.84600810914378,-0.20234136962740573,7.264938235413975,14.098596195584093,24.244130797918732,0.9985023921148366
27,23,214558,backward,w,deg,8626,8626.0,0.0,-1.426777059184559,74.05121905374342,-171.68448365225925,168.26135622935914,339.9458398816184,-179.96780176562544,179.97020339205136,359.9380051576768,0.09641034034180762,176.88522239218648,179.9874217137866,25.929163284317227,0.6201272411644458
27,24,60402,backward,w,deg,12533,12533.0,0.0,-0.1379798403146708,5.133796813565892,-6.9416196959523635,10.686048937440187,17.627668633392553,-12.586099993014756,17.266081620385137,29.852181613399893,0.945323214147144,12.198474993791935,15.03520423618582,202.96253671623904,0.9959995757148291
27,25,69806,backward,w,deg,10125,10125.0,0.0,-1.0496493001992064,6.2214883007855235,-8.963989428657976,10.652722713917404,19.61671214257538,-25.222257484247876,16.307487202634746,41.52974468688262,0.21634562748014505,14.082293877077396,30.3405619326673,203.37448000252925,0.9941221057223962
27,26,105050,backward,w,deg,5909,5909.0,0.0,-0.2104994305659318,103.77054073273544,-174.3317054298786,174.27324356344525,348.6049489933239,-179.98228299333834,179.9858966542265,359.96817964756485,0.03642455627913165,178.05076929587793,179.9429630075382,23.7236060436937,0.23548056455785435
27,0,174062,forward,eps,km^2/s^2,25332,25332.0,0.0,-0.9008483697988321,0.02805130930868954,-0.9454014944651704,-0.8546048967729213,0.09079659769224913,-0.9566595581094699,-0.8211888628324584,0.1354706952770115,0.05737405454287954,0.057323424219442545,0.09073945815990547,nan,nan
27,1,142942,forward,eps,km^2/s^2,10,10.0,0.0,-0.2081178307999385,0.2718546989779269,-0.8530752455764692,-0.11876693292146645,0.7343083126550027,-0.8850053469518705,-0.10646503045023847,0.778540316501632,-1.7038590797432098,0.6464470044474364,0.6783771058228378,nan,nan
27,2,205061,forward,eps,km^2/s^2,2438,2438.0,0.0,-0.20718695173903784,0.3638942827434562,-0.9735506731568249,-0.11545880427710209,0.8580918688797228,-1.0195542132081998,-0.05092914045345631,0.9686250727547435,-0.4280085764173408,0.7937742253864495,0.8397777654378245,nan,nan
27,3,34289,forward,eps,km^2/s^2,980,980.0,0.0,-0.17025691475344384,0.2273978447685978,-0.8909807701828536,-0.05464875767535514,0.8363320125074984,-1.0201739466041788,-0.043981079635574294,0.9761928669686045,-2.477053798450442,0.7625141915826236,0.8917073680039489,nan,nan
27,4,147110,forward,eps,km^2/s^2,575,575.0,0.0,-0.21098520835347945,0.3478219880134297,-0.9463868618580988,-0.1180238375390825,0.8283630243190163,-1.0194952570673936,-0.06609019004209948,0.9534050670252942,-0.32830351851451406,0.7465661986085186,0.8196745938178134,nan,nan
27,5,17619,forward,eps,km^2/s^2,13038,13038.0,0.0,-0.922224311966113,0.040295540507223705,-0.9941633127405818,-0.8673370420827291,0.12682627065785268,-1.0036628589275307,-0.854697651065499,0.1489652078620317,-0.1994621351261579,0.07676169343720149,0.08940108445443162,nan,nan
27,6,79918,forward,eps,km^2/s^2,18704,18704.0,0.0,-0.8076253194272013,0.3852871729593803,-0.9651336137845494,-0.07919124738545587,0.8859423663990935,-0.9718223465883654,-0.05903967815304012,0.9127826684353253,0.002457994076141426,0.8127790831678575,0.8194678159716735,nan,nan
27,7,22053,forward,eps,km^2/s^2,1967,1967.0,0.0,-0.8238503894514297,0.23396135657668027,-0.8815900217709516,-0.16850249599575942,0.7130875257751922,-0.9750423374714099,-0.048383325810864575,0.9266590116605453,1.9425718553489368,0.6491719514678196,0.7692911216527144,nan,nan
27,8,113202,forward,eps,km^2/s^2,639,639.0,0.0,-0.25828117877656276,0.35404275892510845,-0.9746141767508515,-0.11411621355891428,0.8604979631919372,-1.0181865681958364,-0.043804993072896425,0.97438157512294,-0.021385574874136757,0.7876040758952871,0.8311764673402721,nan,nan
27,9,172053,forward,eps,km^2/s^2,101,101.0,0.0,-0.21257863988829284,0.32585612666727587,-0.9663165295709006,-0.11951176797062013,0.8468047616002805,-1.020440955040417,-0.0919250959679977,0.9285158590724193,-0.7026164646431545,0.7631118261302622,0.8172362515997785,nan,nan
27,10,33425,forward,eps,km^2/s^2,4293,4293.0,0.0,-0.9384150422264417,0.04146048629482481,-0.9836801678668122,-0.8558134756577167,0.12786669220909552,-0.9915765064671732,-0.8451594743766324,0.1464170320905408,0.442739444724221,0.0797928462197936,0.09044684750087795,nan,nan
27,11,193924,forward,eps,km^2/s^2,22862,22862.0,0.0,-0.1907278363739885,0.3841190152317565,-0.9569400140659934,-0.07137348446466438,0.885566529601329,-0.9659855930823686,-0.06255530210385152,0.9034302909785171,-0.1470412139218496,0.870641342190636,0.8796869212070113,nan,nan
27,12,202279,forward,eps,km^2/s^2,3216,3216.0,0.0,-0.8220831911595645,0.3582250928455575,-0.9702406707639523,-0.07622908195991371,0.8940115888040385,-1.020820045950525,-0.04886147853060674,0.9719585674199183,0.2518889220975734,0.759605122013632,0.786972725442939,nan,nan
27,13,73650,forward,eps,km^2/s^2,8319,8319.0,0.0,-0.21291384265956448,0.24368732892051637,-0.9123721517267225,-0.12738801862242236,0.7849841331043002,-0.9806700745738077,-0.11909358342850584,0.8615764911453019,-2.03485531677864,0.7064054789957371,0.7747034018428224,nan,nan
27,14,144722,forward,eps,km^2/s^2,4862,4862.0,0.0,-0.17399919369140915,0.2747937044726203,-0.8613512814437667,-0.06708038978530897,0.7942708916584578,-1.0208075341283356,-0.04437929460744894,0.9764282395208866,-1.570121265588999,0.7479320720701076,0.9073883247546765,nan,nan
27,15,157143,forward,eps,km^2/s^2,682,682.0,0.0,-0.19975520408345182,0.3133110020005966,-0.9187817679886516,-0.11615732313280784,0.8026244448558438,-1.0205829238249695,-0.04380055913553149,0.976782364689438,-0.9282392634892469,0.7125587407726216,0.8143598966089396,nan,nan
27,16,206245,forward,eps,km^2/s^2,234,234.0,0.0,-0.2125935026848429,0.3671228207821878,-0.9733350407388193,-0.11692497276654128,0.856410067972278,-0.9826458788423504,-0.046719852405381124,0.9359260264369693,-0.36433289583237494,0.7660064370880978,0.775317275191629,nan,nan
27,17,181737,forward,eps,km^2/s^2,21,21.0,0.0,-0.21044921184371124,0.3877245544534373,-0.9654191819994133,-0.114639396088008,0.8507797859114054,-0.9752300854924874,-0.05015293496594231,0.925077150526545,-0.3125854662456364,0.850686228968973,0.860497132462047,nan,nan
27,18,110520,forward,eps,km^2/s^2,1065,1065.0,0.0,-0.23427015806694473,0.36881973811115937,-0.9745417463232994,-0.11461604590176891,0.8599257004215305,-1.0132395932764513,-0.04389160369217371,0.9693479895842776,-0.2215148118399419,0.8491746367774485,0.8878724837306005,nan,nan
27,19,131634,forward,eps,km^2/s^2,21666,21666.0,0.0,-0.12218302745201559,0.03303322194749658,-0.1790400437915211,-0.07739234511800888,0.10164769867351223,-0.1897864814089012,-0.06936741728740214,0.12041906412149905,-0.186143494575648,0.08366704805603636,0.09441348567341645,nan,nan
27,20,42652,forward,eps,km^2/s^2,8915,8915.0,0.0,-0.9503615893305686,0.05139596308872742,-1.0033740931203141,-0.854878374836501,0.14849571828381314,-1.0085644016778017,-0.8463283178139347,0.162236083863867,0.336875823548575,0.1158068021174699,0.12435685914003614,nan,nan
27,21,212095,forward,eps,km^2/s^2,13244,13244.0,0.0,-0.8681999222086665,0.2920041651049291,-0.9614013735264342,-0.1254138754335312,0.835987498092903,-0.9738511832621448,-0.05885393284037144,0.9149972504217734,1.5215240837118036,0.789787468110444,0.8563474107036038,nan,nan
27,22,153312,forward,eps,km^2/s^2,3702,3702.0,0.0,-0.20818222608223869,0.34823904254737637,-0.9345812666928286,-0.11321883562694311,0.8213624310658855,-1.0203921731849346,-0.10645804622269162,0.913934126962243,-0.506552716494071,0.7281099490948542,0.8139208555869603,nan,nan
27,23,214558,forward,eps,km^2/s^2,8626,8626.0,0.0,-0.8468844018987458,0.3407638782818787,-0.9669589232115592,-0.12814689556781303,0.8388120276437462,-0.9796709661699285,-0.08320883502118248,0.8964621311487461,0.5915800156315097,0.7195365977109895,0.7644746582576201,nan,nan
27,24,60402,forward,eps,km^2/s^2,12533,12533.0,0.0,-0.2083462436857858,0.21745754634890585,-0.9066985956687207,-0.1505531998051991,0.7561453958635216,-0.982191714924971,-0.13756038665977566,0.8446313282651954,-2.5459084397157525,0.6768328031512255,0.752325922407476,nan,nan
27,25,69806,forward,eps,km^2/s^2,10125,10125.0,0.0,-0.22457187105875642,0.15026035453581765,-0.256669108893455,-0.13418392981968388,0.12248517907377113,-0.9808685395888803,-0.1246709308031293,0.856197608785751,-3.809105537225475,0.10583451013864403,0.7492592468054217,nan,nan
27,26,105050,forward,eps,km^2/s^2,5909,5909.0,0.0,-0.24017660232736449,0.3469557358898354,-0.9619320304959716,-0.1173930855774293,0.8445389449185423,-0.9900982660934922,-0.09810644627392973,0.8919918198195624,-0.3688948642590469,0.7754154648864479,0.8035817004839685,nan,nan
27,0,174062,forward,e,-,25332,25332.0,0.0,0.3879053854290696,0.051218333066807675,0.29694682810325695,0.46286444459692877,0.16591761649367182,0.21594956620536324,0.4804770900751541,0.26452752386979084,-0.22583317743911493,0.11057268186272125,0.191569943760615,nan,nan
27,1,142942,forward,e,-,10,10.0,0.0,0.4945945172054752,0.15583432726925328,0.2683474252054544,0.7160448379272492,0.44769741272179475,0.19467602866574538,0.745750992301869,0.5510749636361236,-0.43179409601081586,0.27834316671224807,0.3035943307599245,nan,nan
27,2,205061,forward,e,-,2438,2438.0,0.0,0.5067285714864911,0.12982352499990588,0.2695287166050865,0.7240476226288088,0.45451890602372236,0.17073231361406763,0.8786828485823137,0.7079505349682461,-0.22266352167892092,0.29774495577731636,0.39584981487721094,nan,nan
27,3,34289,forward,e,-,980,980.0,0.0,0.5902578403393468,0.15339186783555486,0.35759967809270654,0.8697543217786394,0.5121546436859329,0.16971236327555636,0.8952125964134294,0.725500233137873,-0.01640328171186959,0.3350707582551121,0.5229580730722623,nan,nan
27,4,147110,forward,e,-,575,575.0,0.0,0.49384052580857873,0.15920659741568993,0.2209822686920405,0.7178648413010673,0.4968825726090268,0.17101087925057248,0.8425759630388887,0.6715650837883163,-0.10453060911293988,0.29561808017201185,0.3453228478420062,nan,nan
27,5,17619,forward,e,-,13038,13038.0,0.0,0.4243200054858136,0.06757313368286991,0.3229197320604859,0.5359065513771575,0.21298681931667157,0.2961950763715573,0.5493782763108529,0.2531831999392956,0.05553243509702777,0.1374483995587101,0.16417305524763876,nan,nan
27,6,79918,forward,e,-,18704,18704.0,0.0,0.5024697165713352,0.1630464154622856,0.26749686063139283,0.8111946223255495,0.5436977616941567,0.1716385782258242,0.8593071389976722,0.687668560771848,0.09708413940855007,0.3670516923926438,0.4629099747982125,nan,nan
27,7,22053,forward,e,-,1967,1967.0,0.0,0.23157556517306643,0.13158738592729136,0.18893506058898307,0.5942142965087182,0.4052792359197351,0.16976826648044613,0.8847415560218773,0.7149732895414311,1.8006198296785154,0.38912327969404187,0.679650539207201,nan,nan
27,8,113202,forward,e,-,639,639.0,0.0,0.44235141396273636,0.16002644049795628,0.2091755446718555,0.7273172694975177,0.5181417248256622,0.17153859831983675,0.895629061244371,0.7240904629245343,0.6201951228251551,0.3421971422639438,0.3774202841517429,nan,nan
27,9,172053,forward,e,-,101,101.0,0.0,0.49170453482438947,0.1510322869187774,0.23020922683188724,0.7143225550053446,0.4841133281734573,0.1698141830836259,0.7806098396144959,0.6107956565308701,-0.09769388657807548,0.27687147368610177,0.33726651743436314,nan,nan
27,10,33425,forward,e,-,4293,4293.0,0.0,0.4517362343714191,0.07112118065479413,0.29926206312521897,0.5209570973451615,0.22169503421994252,0.2751346523706724,0.5324314770449404,0.257296824674268,-0.6001646207207101,0.14817195275410763,0.1722993635086542,nan,nan
27,11,193924,forward,e,-,22862,22862.0,0.0,0.5392520314968536,0.19743561313853625,0.25652751990518907,0.8298931090990541,0.573365589193865,0.17216735158438884,0.8509202927637493,0.6787529411793605,-0.0850682189586283,0.5377553115316822,0.6221154798524826,nan,nan
27,12,202279,forward,e,-,3216,3216.0,0.0,0.40302481574581683,0.1944073542124713,0.20621828799153216,0.8184013477197636,0.6121830597282314,0.17007196115669213,0.8836039338110306,0.7135319726543385,0.6046244667793419,0.5638937865762709,0.6290963726675379,nan,nan
27,13,73650,forward,e,-,8319,8319.0,0.0,0.48379803252471887,0.09821516976929172,0.3504445110424277,0.6952217949514224,0.34477728390899476,0.16931618655381633,0.715293392812822,0.5459772062590057,0.15908744707642983,0.20324998597387242,0.33133817788973274,nan,nan
27,14,144722,forward,e,-,4862,4862.0,0.0,0.5810052788820059,0.17087128439306615,0.2304246791572803,0.8402131691007293,0.609788489943449,0.17001816509090778,0.8942666422086608,0.7242484771177531,-0.5227239103632245,0.4985988222544748,0.5590053363208474,nan,nan
27,15,157143,forward,e,-,682,682.0,0.0,0.517610444108128,0.16197364133961228,0.21779328745735718,0.7224073285963301,0.5046140411389729,0.17100555090973987,0.8956399397956282,0.7246343888858883,-0.33636529940055243,0.284722954019754,0.39631771668424975,nan,nan
27,16,206245,forward,e,-,234,234.0,0.0,0.5028141494852645,0.13182591148797373,0.3036017835443249,0.7205233058096667,0.41692152226534185,0.1711696775463333,0.8887012718543874,0.7175315943080541,0.0788128818609459,0.232153759868203,0.3918114319222653,nan,nan
27,17,181737,forward,e,-,21,21.0,0.0,0.4937768615589787,0.17430585031692888,0.2502763816063585,0.726048797456106,0.47577241584974744,0.18669419530022122,0.8805307353897781,0.6938365400895569,-0.2500252397006608,0.475550428992715,0.5391326152988523,nan,nan
27,18,110520,forward,e,-,1065,1065.0,0.0,0.4991910090167793,0.14206111761279835,0.22713869017685934,0.726106037559074,0.49896734738221465,0.17006665311222163,0.8954250633070769,0.7253584101948554,-0.018416417998636088,0.4729159404683309,0.5299879775329688,nan,nan
27,19,131634,forward,e,-,21666,21666.0,0.0,0.7080414975638277,0.08012057283484547,0.5687075654409647,0.8155081299750977,0.24680056453413302,0.5415981064205394,0.8346596969479415,0.2930615905274021,-0.20370825241614784,0.20375261821603696,0.23086207723646224,nan,nan
27,20,42652,forward,e,-,8915,8915.0,0.0,0.47043884947162246,0.0864710250330451,0.29690124158949094,0.5489848988291669,0.25208365723967596,0.277772482441401,0.5562090261526239,0.2784365437112229,-0.4563878974315385,0.2047180280807092,0.2238467872287992,nan,nan
27,21,212095,forward,e,-,13244,13244.0,0.0,0.42029614075991806,0.1311570271677163,0.24886877676423427,0.6999691566349373,0.45110037987070306,0.17140178779317194,0.8597500074356198,0.6883482196424479,0.8159637606432228,0.28666451635210116,0.4464453671527836,nan,nan
27,22,153312,forward,e,-,3702,3702.0,0.0,0.49537771062936414,0.15224040614600884,0.2428921427364473,0.729458639972656,0.4865664972362087,0.17033381821885288,0.7457607260053382,0.5754269077864853,-0.09096967073257585,0.2561807736034851,0.3287390981210796,nan,nan
27,23,214558,forward,e,-,8626,8626.0,0.0,0.43112897970263897,0.13166320378771587,0.25594406518729534,0.6934484298476841,0.4375043646603887,0.17015982740479887,0.8015104445209037,0.6313506171161049,0.43294271293857595,0.4113735906756494,0.5194356053488691,nan,nan
27,24,60402,forward,e,-,12533,12533.0,0.0,0.4977692160264541,0.0863195054526978,0.37621317385378517,0.6387657704662735,0.2625525966124883,0.18362055600328725,0.6705002445983798,0.4868796885950925,-0.3570177283835203,0.20497177700044442,0.2528903209951175,nan,nan
27,25,69806,forward,e,-,10125,10125.0,0.0,0.45281106284968936,0.10939821205931081,0.3689122895706357,0.6786756574922884,0.3097633679216527,0.16857236846964585,0.7017905791071009,0.533218210637455,0.23347357660785012,0.24899768745361012,0.2693560982291534,nan,nan
27,26,105050,forward,e,-,5909,5909.0,0.0,0.477441272465987,0.15216788114872987,0.2503115252103705,0.719669914667045,0.4693583894566745,0.16987312589813894,0.7661222119695711,0.5962490860714321,0.0816036575301802,0.29985302049045515,0.38029141980268677,nan,nan
27,0,174062,forward,w,deg,25332,25332.0,0.0,-0.22448410322459722,4.8158663997012985,-7.139250589686443,7.923023419563703,15.062274009250146,-7.858492753728115,11.344633859865667,19.20312661359378,0.17485252474899773,10.013919704276686,13.43553014457865,358.34558714539054,0.996471619880262
27,1,142942,forward,w,deg,10,10.0,0.0,13.548964273815557,56.98614362131573,-128.7094593927172,23.712468890576254,152.42192828329345,-135.7131213918808,25.364766626882897,161.0778880187637,-1.6328529442574264,148.94271269013237,155.94637468929596,248.7837338557119,0.6432776249293355
27,2,205061,forward,w,deg,2438,2438.0,0.0,8.95060957767069,84.31705569683676,-164.21047302442193,27.45132681452759,191.66179983894952,-177.352441723261,176.15054010486904,353.50298182813003,-0.4078551922913535,174.0167388704891,179.96341451356884,299.1433312194592,0.2181746870389084
27,3,34289,forward,w,deg,980,980.0,0.0,-0.888745879668619,53.33107071381494,-153.46781533348192,17.578238506777286,171.04605384025922,-179.90726378889872,179.81819707762145,359.72546086652017,-0.23332772681981392,169.45666161780582,179.42445814753887,297.45759565207396,0.8001897768949126
27,4,147110,forward,w,deg,575,575.0,0.0,2.586201536314178,98.32433142258262,-174.33363762917,171.86717133447544,346.20080896364544,-179.81588624940935,179.98034131347322,359.79622756288256,0.06463177014610724,178.03209907457972,179.8906873024398,49.01262183998039,0.16320707899173656
27,5,17619,forward,w,deg,13038,13038.0,0.0,-0.5907568876145888,4.675111884965044,-6.472339702984314,8.330023494932453,14.802363197916767,-7.126532020420086,13.174845997736611,20.301378018156697,0.44460876523977316,9.093281697260585,13.938104200064743,296.53602417129696,0.9966752991014765
27,6,79918,forward,w,deg,18704,18704.0,0.0,-49.97979596339826,87.59238822239845,-86.0239197380517,105.84340399598754,191.86732373403925,-90.62013611642676,114.29961526827367,204.91975138470042,0.0135324141853198,179.2901347644146,179.9995968786592,99.50851077810606,0.046588026690793115
27,7,22053,forward,w,deg,1967,1967.0,0.0,-0.2918546289967878,62.104077766566284,-21.05307271995618,171.38563496979523,192.43870768975142,-179.8933401716722,179.84492804208867,359.7382682137609,1.6611358925619604,174.91891578587328,179.94154643042538,158.46925467245475,0.6921759689036059
27,8,113202,forward,w,deg,639,639.0,0.0,42.249235479383344,88.58787010659601,-129.0756023782583,76.01348995489724,205.08909233315555,-138.5887930177988,85.44956206234485,224.03835508014365,-0.03730900432048433,177.9446968206312,179.94232209560835,302.06094008215376,0.04133957169299451
27,9,172053,forward,w,deg,101,101.0,0.0,-1.0336733115317145,97.06589497317104,-175.5705642247146,171.4865862076786,347.0571504323932,-178.87741864496678,179.35309353201683,358.2305121769836,-0.005222129245272621,175.36515322416426,178.8658682116852,159.3227557518387,0.3155528996622617
27,10,33425,forward,w,deg,4293,4293.0,0.0,-1.563735735759451,9.631357913716233,-13.735182431582189,18.1629362726282,31.89811870421039,-16.461260816520053,25.384647806654414,41.845908623174466,0.5024231509244075,29.02940134558912,36.251112879615334,328.3393782632367,0.985953630121537
27,11,193924,forward,w,deg,22862,22862.0,0.0,44.67129784385554,83.22652228167034,-118.33309297359725,60.2174056772371,178.55049865083436,-126.10286801190733,65.11260511901048,191.21547313091781,-0.13909474213138034,170.07395314263624,177.8437281809463,124.568446020034,0.1354041276717679
27,12,202279,forward,w,deg,3216,3216.0,0.0,4.012247267094608,87.51262137856432,-158.7467878839725,45.92795829504848,204.67474617902099,-173.16167554647257,69.92637171723914,243.0880472637117,-0.19488221490092808,173.40277518821992,179.95956377458413,57.643992645666515,0.11364995406577819
27,13,73650,forward,w,deg,8319,8319.0,0.0,-0.8001830599735626,62.10166472780319,-174.56053691803967,17.102277943873055,191.66281486191272,-179.9978686944672,179.99055289524506,359.9884215897123,-1.498406037339929,177.19229411493896,179.99904373083228,213.97237332982533,0.7127314868950344
27,14,144722,forward,w,deg,4862,4862.0,0.0,0.2223264382856769,71.87021020653947,-162.86042608211656,169.01876826661456,331.8791943487311,-179.71504790272274,179.94132512544297,359.6563730281657,0.17199222324935276,173.44772133964068,179.94564564846794,275.5846173075409,0.6334725204978863
27,15,157143,forward,w,deg,682,682.0,0.0,-0.05003298696198044,91.40930854636348,-176.39846059601925,175.57451913715968,351.97297973317893,-179.96827201560882,179.9321903959235,359.9004624115323,-0.06506497004749248,178.1091251059818,179.9955867207442,31.964283781110655,0.42511992051443837
27,16,206245,forward,w,deg,234,234.0,0.0,-1.4737373208160136,94.64484573064195,-175.16233881939337,36.844550231422225,212.0068890508156,-179.65265820579185,179.96942591251315,359.622084118305,-0.04032768409150211,178.5305146067156,179.80247076608907,81.51865521802922,0.17588779240195762
27,17,181737,forward,w,deg,21,21.0,0.0,2.909832141789053,102.92184372474833,-171.6305919996133,176.75429739867553,348.3848893982888,-176.90502256302088,178.3049937155066,355.2100162785275,0.13992988095686099,176.38606873538515,178.33950070120727,194.1389562461081,0.14518978520135697
27,18,110520,forward,w,deg,1065,1065.0,0.0,15.665841113261592,86.282988991614,-156.87246683085777,39.3192965709637,196.19176340182148,-164.79219285669805,51.628762518147994,216.42095537484605,-0.21582650318323923,178.31535627538096,179.9550714032186,312.2881367380626,0.12477719040577531
27,19,131634,forward,w,deg,21666,21666.0,0.0,-0.3883218598172107,5.575944085937362,-8.113527748010156,9.569437169550483,17.68296491756064,-8.909028924450979,12.589677439829131,21.49870636428011,0.23323732600852334,9.27070438937723,12.290944659655878,159.78547304608568,0.9952719533888572
27,20,42652,forward,w,deg,8915,8915.0,0.0,0.06655921438942869,6.44106591423575,-11.099100270757827,10.894486456060664,21.993586726818492,-14.304925175884648,17.399580541047726,31.704505716932374,0.03848650179504211,12.618986643162046,16.866102537296115,308.28174834005534,0.9936983403750721
27,21,212095,forward,w,deg,13244,13244.0,0.0,-1.479944795954907,76.14179087966322,-174.3595189304018,174.3042718710099,348.66379080141166,-179.98169670480297,179.99619751592593,359.9778942207289,-0.188463611791438,177.09185935897594,179.99084632190062,30.213363636908493,0.6099384649418558
27,22,153312,forward,w,deg,3702,3702.0,0.0,4.797139035054812,87.0083424996675,-168.80351000538357,21.180081333581928,189.9835913389655,-179.9721140058553,179.98344233320842,359.9555563390637,-0.31817975049159414,178.56059123392848,179.9998645683496,284.67118052458693,0.25732778551303503
27,23,214558,forward,w,deg,8626,8626.0,0.0,-3.209856645603523,103.38137932153391,-176.15909896372258,176.55070731933944,352.709806283062,-179.98667930785882,179.9976148046362,359.98429411249504,0.0016919705471821777,176.64842780465494,179.99640989857642,48.15401130468058,0.2813749460732194
27,24,60402,forward,w,deg,12533,12533.0,0.0,-0.6281185121902126,54.945428938670055,-160.56975462399382,15.824576691396958,176.3943313153908,-179.988060263153,179.98150069898577,359.96956096213876,-0.13669284085815472,170.46446730144632,179.9963510750233,170.78494889313825,0.7899575963028356
27,25,69806,forward,w,deg,10125,10125.0,0.0,-0.7771886199980145,38.02074803793151,-12.710473059600599,15.829513215917613,28.53998627551821,-179.88818134479777,179.92904177772107,359.81722312251884,-0.8721419332401673,19.394322778251702,179.96242156327003,190.34540216108581,0.8960225499188686
27,26,105050,forward,w,deg,5909,5909.0,0.0,-2.5213993766670058,101.99121653509641,-171.61444019197768,172.70089271038847,344.31533290236615,-179.9566681203097,179.99852548966942,359.9551936099791,-0.07068010550152887,176.0372210535607,179.9764425447607,252.61185059786288,0.19152025903076797
32,0,169298,backward,eps,km^2/s^2,19563,19563.0,0.0,-0.19923913147101036,0.02645066430570182,-0.23407718861789834,-0.1506948523307955,0.08338233628710284,-0.239702474276133,-0.13922301292621042,0.10047946134992258,0.27867750708156086,0.07004610859921977,0.08151794800380485,nan,nan
32,1,18323,backward,eps,km^2/s^2,2,2.0,0.0,-0.4690906312250537,0.34782615355190705,-0.78213416942177,-0.15604709302833736,0.6260870763934328,-0.8169167847769607,-0.12126447767314663,0.6956523071038141,nan,0.6608696917486233,0.6956523071038141,nan,nan
32,2,110520,backward,eps,km^2/s^2,974,974.0,0.0,-0.19879238546650363,0.26555888794792737,-0.9383791869143603,-0.11528490413192585,0.8230942827824345,-0.9770685770476017,-0.044138872659411854,0.9329297043881899,-1.7739313419399547,0.7401300595281362,0.7788194496613777,nan,nan
32,3,34983,backward,eps,km^2/s^2,978,978.0,0.0,-0.8814996257335621,0.04678254777031286,-0.9659131146019162,-0.8193751906154976,0.14653792398641863,-1.0207786020554366,-0.806208472304013,0.21457012975142353,-0.2742080569678158,0.08043155690282398,0.12353854480759052,nan,nan
32,4,99615,backward,eps,km^2/s^2,159,159.0,0.0,-0.22522082930537823,0.3536616675194807,-0.96514144268805,-0.11484640951539493,0.8502950331726551,-1.0098256453763166,-0.04407832882611784,0.9657473165501987,-0.5270109700359823,0.778688103991345,0.8233723066796116,nan,nan
32,5,17619,backward,eps,km^2/s^2,12862,12862.0,0.0,-0.903590310512592,0.03515547818866069,-0.9744580694898003,-0.861319099088694,0.11313897040110632,-0.9928130156257337,-0.8519979305389092,0.1408150850868245,-0.4577488575603215,0.06101935313936271,0.07607706027936612,nan,nan
32,6,78319,backward,eps,km^2/s^2,13858,13858.0,0.0,-0.14263678361698795,0.04278857217694095,-0.20657576550865245,-0.0656374860268395,0.14093827948181295,-0.8089720766811462,-0.058817793307683885,0.7501542833734623,-0.24855669918799006,0.09993612740024106,0.6434061614632405,nan,nan
32,7,149187,backward,eps,km^2/s^2,4016,4016.0,0.0,-0.17809771036912975,0.28934976771877485,-0.8869076698722145,-0.05507104139354055,0.8318366284786739,-1.0207392989867343,-0.043998602475122994,0.9767406965116113,-1.3752023415156238,0.717039596733332,0.8508712258478518,nan,nan
32,8,149492,backward,eps,km^2/s^2,464,464.0,0.0,-0.20243480457712754,0.29965237137181044,-0.900180790550031,-0.11423457817883068,0.7859462123712003,-1.020754723273971,-0.09218076008060105,0.92857396319337,-1.1533868691333686,0.7258418636966921,0.8464157964206322,nan,nan
32,9,113651,backward,eps,km^2/s^2,14,14.0,0.0,-0.18546153555459027,0.3068428004899276,-0.8945684149191686,-0.08768289936069966,0.806885515558469,-1.0176690233481307,-0.0800492234137743,0.9376197999343564,-1.5345387440538507,0.7729878096339949,0.8960884180629571,nan,nan
32,10,33425,backward,eps,km^2/s^2,4375,4375.0,0.0,-0.9489512230133479,0.0398885017494434,-0.9840139454468859,-0.8592503926698465,0.12476355277703943,-0.9985887564650576,-0.8447556526842595,0.15383310378079817,0.6944429386601564,0.07420300802022481,0.08869774800581187,nan,nan
32,11,70187,backward,eps,km^2/s^2,10263,10263.0,0.0,-0.9012038609113115,0.047700199408061555,-0.9652334097636771,-0.8333746465097182,0.13185876325395895,-0.98098342884913,-0.8063623697289342,0.17462105912019588,0.11453271720296976,0.07337979661223724,0.09627178444243034,nan,nan
32,12,21833,backward,eps,km^2/s^2,1976,1976.0,0.0,-0.8271274691693078,0.045145626863820294,-0.9669800072237136,-0.8125880638658015,0.15439194335791206,-1.0147458785877224,-0.8072504361737701,0.20749544241395224,-1.827922672584248,0.14157562988420402,0.1893415012482128,nan,nan
32,13,211740,backward,eps,km^2/s^2,12103,12103.0,0.0,-0.21501139111699663,0.04551696682684104,-0.24889231628800823,-0.12724510117083684,0.12164721511717139,-0.8161938670265141,-0.08102947089558854,0.7351643961309255,-4.785284900305242,0.08545196315906076,0.6040482516383227,nan,nan
32,14,156246,backward,eps,km^2/s^2,2951,2951.0,0.0,-0.17118266697947182,0.04196004153474616,-0.2145125837455651,-0.10917204802645974,0.10534053571910534,-0.2584247423122056,-0.045179845595740065,0.21324489671646552,0.16342697308020912,0.07455883556083803,0.13033172205293508,nan,nan
32,15,206228,backward,eps,km^2/s^2,306,306.0,0.0,-0.20277548293398234,0.30657700335748256,-0.9603761772455572,-0.11750666782873528,0.8428695094168219,-1.017355824091562,-0.10805916553719896,0.9092966585543631,-1.1842084677511833,0.7737386317837314,0.8307182786297362,nan,nan
32,16,166403,backward,eps,km^2/s^2,38,38.0,0.0,-0.18813039438563062,0.2616285321077203,-0.8833845905840492,-0.11727315006664173,0.7661114405174074,-0.9721623626889256,-0.11498373245609261,0.857178630232833,-1.9057765206835584,0.6874190978561892,0.7761968699610656,nan,nan
32,17,131983,backward,eps,km^2/s^2,5,5.0,0.0,-0.1650838201903747,0.3028923992592412,-0.7745440715457426,-0.1336164932141638,0.6409275783315788,-0.9166889311745429,-0.13026740448873786,0.786421526685805,-2.1980072911380026,0.6275312234298749,0.7696760830586753,nan,nan
32,18,113202,backward,eps,km^2/s^2,616,616.0,0.0,-0.23420126575795497,0.3295021882715027,-0.9697039656522282,-0.1082073273778856,0.8614966382743425,-1.0205536257856416,-0.04380722131250103,0.9767464044731405,-0.7179186464418756,0.7681101068382357,0.8189597669716492,nan,nan
32,19,60402,backward,eps,km^2/s^2,12692,12692.0,0.0,-0.9011127967090999,0.03243467536791929,-0.9505405780070492,-0.8495870530222107,0.10095352498483845,-0.9822032410117507,-0.8110074849628948,0.17119575604885595,0.03311501801174038,0.06000386881895141,0.0938918994571758,nan,nan
32,20,40578,backward,eps,km^2/s^2,9009,9009.0,0.0,-0.9817054131638415,0.04852572144711245,-1.0035120523434018,-0.855727941196886,0.1477841111465158,-1.0086547271271056,-0.8465284364528025,0.16212629067430306,1.0310101982422375,0.1149332113030567,0.12413271604714016,nan,nan
32,21,75221,backward,eps,km^2/s^2,8155,8155.0,0.0,-0.8971627706955339,0.10769256504125878,-0.9674858209049186,-0.8253416177892635,0.14214420311565512,-0.980575890870184,-0.059635947375021536,0.9209399434951625,6.08616019691788,0.07615754630575824,0.840412097198428,nan,nan
32,22,205648,backward,eps,km^2/s^2,1984,1984.0,0.0,-0.18954250365925962,0.17578188273222872,-0.8434662577522299,-0.11395550036090804,0.7295107573913219,-0.9762627277682228,-0.04415323856072739,0.9321094892074954,-3.5311307681685364,0.6582520881128473,0.7910485581288405,nan,nan
32,23,216567,backward,eps,km^2/s^2,7994,7994.0,0.0,-0.19893196101030958,0.17371118836250604,-0.8461352515166154,-0.1195232502448771,0.7266120012717383,-0.9788896887863909,-0.07297483672020011,0.9059148520661908,-3.598957341008132,0.6547114459589086,0.7874658832286846,nan,nan
32,24,121227,backward,eps,km^2/s^2,13727,13727.0,0.0,-0.1139104999998255,0.04046017965294949,-0.1912903984080385,-0.06925447224807561,0.12203592615996288,-0.19785490177303655,-0.06345624157431917,0.13439866019871738,-0.33863028323862016,0.08143399503402877,0.08799849839902685,nan,nan
32,25,202743,backward,eps,km^2/s^2,20036,20036.0,0.0,-0.22935134185719241,0.047056461759677495,-0.2504567716555132,-0.13880566428845992,0.1116511073670533,-0.8187021417289538,-0.12957202990988592,0.6891301118190679,-4.275268974767126,0.09569466892742748,0.5844728383894342,nan,nan
32,26,106177,backward,eps,km^2/s^2,6807,6807.0,0.0,-0.2218599996289945,0.33281502333319746,-0.9602504014304756,-0.12249166729162461,0.8377587341388509,-0.9804838093061583,-0.10209302448961166,0.8783907848165466,-0.6819765031658241,0.7611638478387898,0.7813972557144725,nan,nan
32,27,153037,backward,eps,km^2/s^2,73,73.0,0.0,-0.19712293842583573,0.2606001740931835,-0.928527762691181,-0.11336833369256884,0.8151594289986122,-0.9770398650056108,-0.043834796693581146,0.9332050683120297,-1.9189755692327837,0.7483738891999288,0.7968859915143586,nan,nan
32,28,115244,backward,eps,km^2/s^2,4710,4710.0,0.0,-0.24771903165478087,0.3316700561817303,-0.9553053921375948,-0.10830858488263671,0.8469968072549581,-1.016166401552411,-0.07253960960234318,0.9436267919500678,-0.5816186768758675,0.7472791907679914,0.8081402001828075,nan,nan
32,29,159475,backward,eps,km^2/s^2,585,585.0,0.0,-0.18760637190975493,0.25163192054472666,-0.8787679759609047,-0.11716684092536643,0.7616011350355383,-1.0023683426834398,-0.043879077490019736,0.95848926519342,-1.8619637707684076,0.6908584244614498,0.814458791183985,nan,nan
32,30,145319,backward,eps,km^2/s^2,3439,3439.0,0.0,-0.16967493225958563,0.1781257017250231,-0.8195274424083833,-0.05347057091768412,0.7660568714906991,-1.020836128343177,-0.04391779137377705,0.9769183369694,-3.09658950830276,0.6533948481699311,0.854703534104725,nan,nan
32,31,134277,backward,eps,km^2/s^2,19324,19324.0,0.0,-0.12223591275020046,0.03238337581255494,-0.1759107748796988,-0.07727182651310731,0.0986389483665915,-0.1860957241733442,-0.0698086207324996,0.11628710344084459,-0.13664845204903733,0.06375622043950406,0.07394116973314946,nan,nan
32,0,169298,backward,e,-,19563,19563.0,0.0,0.5168959877558054,0.06764620340537811,0.4250214084570414,0.6383902635996839,0.21336885514264248,0.4095511233473035,0.6664470479158208,0.2568959245685173,0.23557424228788965,0.17746166241823658,0.20551844673437347,nan,nan
32,1,18323,backward,e,-,2,2.0,0.0,0.4565134131302835,0.2534864796737696,0.2283755814238909,0.684651244836676,0.45627566341278514,0.20302693345651393,0.7099998928040531,0.5069729593475392,nan,0.4816243113801622,0.5069729593475392,nan,nan
32,2,110520,backward,e,-,974,974.0,0.0,0.518598155359417,0.13520303175268722,0.23201562947393975,0.7244901632924651,0.49247453381852535,0.168344493093901,0.8948398682898845,0.7264953751959835,-0.3436148620487451,0.30766586264762474,0.3757474527287773,nan,nan
32,3,34983,backward,e,-,978,978.0,0.0,0.3516994968376518,0.09086554441098894,0.21034119213485697,0.49453532424755287,0.2841941321126959,0.16819393098549065,0.5728973064372875,0.4047033754517969,-0.023668281995406545,0.1755919062078091,0.2129189847042736,nan,nan
32,4,99615,backward,e,-,159,159.0,0.0,0.49251301606153086,0.14676498621252537,0.24638171417605156,0.725541498858772,0.47915978468272036,0.1847104208115021,0.8949833135502939,0.7102728927387918,0.25263105667914315,0.3126751274520867,0.3644637415292227,nan,nan
32,5,17619,backward,e,-,12862,12862.0,0.0,0.39209224385832053,0.0610432988901962,0.3105435495840334,0.5071502439549583,0.19660669437092493,0.2903377742094833,0.5339720412511268,0.24363426704164354,0.3008042432095804,0.10848975627236751,0.1248169515895412,nan,nan
32,6,78319,backward,e,-,13858,13858.0,0.0,0.6581996880915434,0.10437366712696913,0.498240265855021,0.8435550540508344,0.3453147881958134,0.17834320044569324,0.8598376401626954,0.6814944397170022,-0.05371782646935216,0.24210567693755206,0.42316143965757486,nan,nan
32,7,149187,backward,e,-,4016,4016.0,0.0,0.5709861089459427,0.18565398207487083,0.23460938638797063,0.8688162620128421,0.6342068756248715,0.17000004480164355,0.8951687979991013,0.7251687531974578,-0.19436875324861733,0.3566564978774281,0.4212658394637552,nan,nan
32,8,149492,backward,e,-,464,464.0,0.0,0.5102278304597645,0.16286714484715914,0.22354244151331035,0.7270261619215717,0.5034837204082613,0.17669300373752553,0.7803125287814279,0.6036195250439024,-0.4064678396900109,0.3565709644622333,0.4034204022380182,nan,nan
32,9,113651,backward,e,-,14,14.0,0.0,0.5804846556571233,0.18514348407931286,0.23008699581329572,0.7910568798145744,0.5609698840012787,0.22258172598590806,0.8092903384959702,0.5867086125100621,-0.46975476172380926,0.47924657461027476,0.4867518444376624,nan,nan
32,10,33425,backward,e,-,4375,4375.0,0.0,0.46863387802675704,0.06807308064549884,0.30655630199702005,0.5214510358637827,0.21489473386676267,0.2742212580613012,0.5423682231620461,0.2681469651007449,-0.8578980333134986,0.1367989426088024,0.16913398654452122,nan,nan
32,11,70187,backward,e,-,10263,10263.0,0.0,0.3887276044513572,0.08963024722834861,0.24771589427089546,0.49358906019661447,0.245873165925719,0.1685914010438332,0.5170277746947582,0.34843637365092506,-0.33348038675483177,0.14358594602456612,0.22271043925162848,nan,nan
32,12,21833,backward,e,-,1976,1976.0,0.0,0.23140966818872083,0.09021497445216574,0.18886816587419591,0.4962001893577863,0.3073320234835904,0.17122126751088823,0.564765935752481,0.3935446682415928,1.5781875758642934,0.26931583231269707,0.33788157870739177,nan,nan
32,13,211740,backward,e,-,12103,12103.0,0.0,0.4768124732320929,0.09128402735471862,0.3841422090553508,0.6956010729732488,0.311458863917898,0.1694667967508733,0.8067299185284756,0.6372631217776024,0.7282160308194824,0.21237216899459868,0.3222146680125851,nan,nan
32,14,156246,backward,e,-,2951,2951.0,0.0,0.5879802020104508,0.10451144077480785,0.47792222158151837,0.7392268514414552,0.2613046298599368,0.3561119612715813,0.8923465738520258,0.5362346125804445,0.10497264051659476,0.18782922807745284,0.31510277303049106,nan,nan
32,15,206228,backward,e,-,306,306.0,0.0,0.5107772248340214,0.14017396272515403,0.2355785780392271,0.71914012995357,0.4835615519143429,0.17281072957280652,0.7419365958669654,0.5691258662941588,-0.49265015006927126,0.31432324052161775,0.37709108898803834,nan,nan
32,16,166403,backward,e,-,38,38.0,0.0,0.5458104771719154,0.1400730952061495,0.24564068459182672,0.719662089270211,0.4740214046783843,0.20587102070989266,0.7252064373818786,0.5193354166719859,-0.7569268855755519,0.2799643100658644,0.3197339739477985,nan,nan
32,17,131983,backward,e,-,5,5.0,0.0,0.603103123500871,0.09986692627871357,0.4323225258300386,0.6800290655397587,0.24770653970972012,0.4154081001457174,0.6881484709046395,0.2727403707589221,-0.6020571769618305,0.21522891825019685,0.23214334393451808,nan,nan
32,18,113202,backward,e,-,616,616.0,0.0,0.47869645426941965,0.16320146121844817,0.21542395217959848,0.7418310986642673,0.5264071464846689,0.17519044809436038,0.8956261106421681,0.7204356625478078,0.3605416195282864,0.31516381613801536,0.3851494446041013,nan,nan
32,19,60402,backward,e,-,12692,12692.0,0.0,0.3884252293687939,0.05967406906812803,0.28604935475501686,0.4709567723346875,0.18490741757967066,0.18500705128837125,0.5188133414660059,0.33380629017763463,-0.3171679393934871,0.11478710337992384,0.21021759821661212,nan,nan
32,20,40578,backward,e,-,9009,9009.0,0.0,0.5180496614899635,0.08122606796595766,0.2989006580823105,0.549191392002076,0.25029073391976553,0.2782347314616963,0.5563450703171937,0.2781103388554974,-1.150446000442122,0.20268010993763552,0.2233460365582497,nan,nan
32,21,75221,backward,e,-,8155,8155.0,0.0,0.3870633227994968,0.09974567490127279,0.2454195066370308,0.5008076226055957,0.2553881159685649,0.16943473771526985,0.8578748847609209,0.688440147045651,0.9398128233919825,0.16153962668650332,0.47114551393176385,nan,nan
32,22,205648,backward,e,-,1984,1984.0,0.0,0.5423376346084652,0.10646638970081304,0.41693743230680835,0.7276990259846388,0.3107615936778304,0.169824732674945,0.8948018977171688,0.7249771650422238,-0.09247910828860945,0.1872495902247971,0.3836581331464558,nan,nan
32,23,216567,backward,e,-,7994,7994.0,0.0,0.5184886892908493,0.09537627785269598,0.4080088650436875,0.71424605281476,0.30623718777107245,0.17062127080742276,0.825999128935071,0.6553778581276483,0.36591366810144765,0.19349998590509745,0.36736529017850816,nan,nan
32,24,121227,backward,e,-,13727,13727.0,0.0,0.727825950288039,0.0984609025306865,0.5378607304991081,0.8349288970289881,0.29706816652988,0.5210911879209056,0.8487712449996979,0.32768005707879233,-0.3557924982089565,0.19979953922046065,0.2165690817986632,nan,nan
32,25,202743,backward,e,-,20036,20036.0,0.0,0.43827547877545137,0.09666097623704863,0.37899571626244105,0.6674096645146672,0.28841394825222616,0.16984949021219659,0.689911960037861,0.5200624698256644,0.7941602082009629,0.24271240706714448,0.264814022956746,nan,nan
32,26,106177,backward,e,-,6807,6807.0,0.0,0.4854209983125817,0.13667172892720875,0.2652930047368124,0.7070864896754998,0.4417934849386874,0.1697351995346614,0.7561941457066357,0.5864589461719742,-0.024454067667877392,0.25160460881654073,0.34716241401869175,nan,nan
32,27,153037,backward,e,-,73,73.0,0.0,0.5226527611901088,0.13546895306183998,0.27251449660583615,0.7291038481759504,0.45658935157011427,0.1950360603659501,0.8955575813930169,0.7005215210270668,-0.2128848490947194,0.3187719581300894,0.37053103139355725,nan,nan
32,28,115244,backward,e,-,4710,4710.0,0.0,0.4526691626372198,0.16290044136364423,0.24338571316727686,0.7415321293966999,0.498146416229423,0.1707602090708903,0.8272024803079935,0.6564422712371032,0.3273436686607813,0.26919690714116196,0.33344457850358467,nan,nan
32,29,159475,backward,e,-,585,585.0,0.0,0.5475834471182959,0.14755865127872264,0.2395296398716524,0.7199683093295135,0.48043866945786107,0.17006358404121355,0.8954556794646302,0.7253920954234166,-0.5008027981530202,0.31609692969758235,0.3759880519349469,nan,nan
32,30,145319,backward,e,-,3439,3439.0,0.0,0.5917085076732287,0.1541671536479461,0.33218082589555586,0.8726240769540052,0.5404432510584494,0.17059170470547644,0.8953605839444655,0.724768879238989,-0.3082685648862548,0.2935012067658438,0.429928344913739,nan,nan
32,31,134277,backward,e,-,19324,19324.0,0.0,0.7079128435040114,0.07847301094804517,0.5765108561184675,0.8157570506865536,0.23924619456808605,0.5509437964761801,0.8336082882461913,0.2826644917700112,-0.15268468043860386,0.15566221670691952,0.18122927634920694,nan,nan
32,0,169298,backward,w,deg,19563,19563.0,0.0,0.011189327454246722,1.679051727457511,-2.9913706182062043,2.6732970226182933,5.664667640824497,-4.118744488246989,3.367167068973089,7.485911557220078,-0.17651107824277407,3.183930066395005,4.311303936435792,29.973438030617093,0.9995706819120617
32,1,18323,backward,w,deg,2,2.0,0.0,1.5631940186722204e-13,89.31602696209508,-80.38442426588541,80.38442426588571,160.76884853177114,-89.31602696209492,89.31602696209524,178.63205392419016,nan,169.7004512279806,178.63205392419013,296.31506822676084,0.011937297979124531
32,2,110520,backward,w,deg,974,974.0,0.0,-1.9485700649831443,67.41830424698715,-17.0644754685343,168.88981001441445,185.95428548294876,-179.8685284016654,179.74189277865548,359.6104211803209,0.6431390112715921,169.86205499031684,179.751086381689,28.049655474652788,0.6718679660182018
32,3,34983,backward,w,deg,978,978.0,0.0,-0.37591197611293126,8.548049286818687,-13.914734770502157,15.085296030488403,29.000030800990558,-27.093329199757363,21.018651982241636,48.111981181999,-0.26175014417020703,21.18961179737139,25.597059780835934,198.59289056477382,0.9889696639177452
32,4,99615,backward,w,deg,159,159.0,0.0,-3.8634232351978426,83.05466242482669,-22.537598777030695,168.5205696365032,191.0581684135339,-27.763903511914407,177.9703669255453,205.7342704374597,0.5383952170768891,172.76451582361196,179.11752497483246,38.496060716269376,0.2681799120369643
32,5,17619,backward,w,deg,12862,12862.0,0.0,-0.5091442516975206,3.6701885605914044,-5.436078715755038,6.5611235532654195,11.997202269020457,-6.687918562553762,8.50455027249177,15.192468835045531,0.31864507373664885,6.560094971799641,8.119602506473598,186.8133776337956,0.9979498934879197
32,6,78319,backward,w,deg,13858,13858.0,0.0,0.4487655009635745,5.899344790984412,-9.971393477902176,9.095913454238882,19.067306932141058,-176.78588558139523,11.691997959280457,188.4778835406757,-2.0689997254249537,18.61168095814656,174.57382693836036,24.021094337154956,0.99490762206204
32,7,149187,backward,w,deg,4016,4016.0,0.0,2.0225213299413554,75.66646267601492,-171.06431343823436,153.01232517336473,324.0766386115991,-179.99652069246724,179.9828170916636,359.97933778413085,-0.4808950523130665,175.0207648659258,179.9884840845848,21.42046713267888,0.5889940226556655
32,8,149492,backward,w,deg,464,464.0,0.0,-0.6639848017775449,85.88435051537073,-175.82798903283282,173.50107650384413,349.3290655366769,-179.98279389781868,179.83204496871343,359.8148388665321,-0.07086329872820007,176.93309920654383,179.91926329887474,24.855255155250262,0.5102592625067012
32,9,113651,backward,w,deg,14,14.0,0.0,-2.861310992615728,79.0453012196139,-72.08490230095208,166.55548501748106,238.64038731843314,-176.65885483652391,174.8188186163835,351.4776734529074,0.23335164023366373,174.83915777899006,178.73776655133258,26.599062977476155,0.5662364784444059
32,10,33425,backward,w,deg,4375,4375.0,0.0,-2.234710199905777,8.42893618668865,-10.941689276786585,15.159191465460133,26.100880742246716,-11.65386266880759,18.639503901870825,30.293366570678415,0.4087388443097262,25.401632335201718,28.88194477161241,201.07636220608416,0.9892178815930635
32,11,70187,backward,w,deg,10263,10263.0,0.0,-0.9954815868876494,6.246398631435829,-9.03554065725722,10.509576461381231,19.54511711863845,-25.70467632713047,16.282580990783487,41.98725731791396,0.19019825444854285,14.123780717951735,30.792916387824988,203.40256063189608,0.994075150356941
32,12,21833,backward,w,deg,1976,1976.0,0.0,1.2851985339427756,7.397888070725771,-11.699971051180043,12.664259072653174,24.364230123833217,-32.60384734104156,15.821304197119503,48.42515153816106,-0.7973665846164543,14.270606334515847,35.17448262437736,204.11832849985814,0.9917266576188974
32,13,211740,backward,w,deg,12103,12103.0,0.0,-0.8507846330632276,9.13549874222844,-6.421499698309733,10.405872886595445,16.827372584905177,-8.501539779489235,175.69824025491704,184.19978003440627,12.313130180678405,15.155924779174612,179.5517078525038,24.591504755325214,0.9917857396833887
32,14,156246,backward,w,deg,2951,2951.0,0.0,0.014253449072384683,3.2281826519223653,-5.016144554615508,5.403780939028891,10.4199254936444,-13.734950949339947,12.071017295638313,25.80596824497826,-0.01524729361587885,7.409632063288484,14.267652564514862,24.39267097778993,0.9984152168995849
32,15,206228,backward,w,deg,306,306.0,0.0,-1.2309406038965278,84.91047714097023,-175.30082532625136,172.26825586998365,347.569081196235,-178.7907786743575,177.8007220852918,356.5915007596493,0.06785056982272084,177.79244094431974,179.8966998535974,25.666384196673157,0.5105873197269754
32,16,166403,backward,w,deg,38,38.0,0.0,-0.4917314062409588,67.83359736789431,-175.16700464040403,33.84494453515394,209.01194917555796,-178.59807857355446,167.68551303516347,346.2835916087179,-0.5987311978001019,176.22659882707964,179.65767276023007,25.435576686039685,0.6842201659775392
32,17,131983,backward,w,deg,5,5.0,0.0,-3.116963919613397,67.78290282896228,-4.954729459812478,132.44018614932787,137.39491560914036,-5.19277182940084,165.95208383189072,171.14485566129156,2.234403852425402,137.6329579787287,171.14485566129156,29.236623380505723,0.6042981602874498
32,18,113202,backward,w,deg,616,616.0,0.0,-0.324728145716648,91.24307557901565,-173.8902495269983,176.08286659541227,349.9731161224106,-179.87261130059778,179.50095612113466,359.37356742173245,0.15662043369269013,176.69940390712725,179.9729640204647,32.80485627577488,0.3528021453718719
32,19,60402,backward,w,deg,12692,12692.0,0.0,-0.1430441677129295,5.1390870971064615,-6.963280798744457,10.707080876681385,17.67036167542584,-12.576445612585076,17.275736000814817,29.852181613399893,0.943585061553865,12.183978450033843,15.03520423618582,202.95288233580936,0.9959913136163688
32,20,40578,backward,w,deg,9009,9009.0,0.0,-0.6051841251771464,4.307215726497729,-6.402795875373647,7.516779027045198,13.919574902418844,-10.859962087962515,12.585891681737621,23.445853769700136,0.27312798653340364,10.895403002194962,15.964515656887386,191.5794045482839,0.9971779738397948
32,21,75221,backward,w,deg,8155,8155.0,0.0,1.4472588789587064,22.421889570390242,-12.319839880941421,11.015163595058532,23.335003475999955,-179.91745961722768,179.61214295167696,359.52960256890464,6.1766911140018514,19.007480607890592,174.4504030444146,204.6408706916028,0.9608473336593328
32,22,205648,backward,w,deg,1984,1984.0,0.0,-0.9568187028388593,40.164801568139985,-8.457156427770949,148.22220385948873,156.67936028725967,-178.08475220214228,179.89586621817693,357.9806184203192,3.0146738824115276,164.30745983595847,179.94246160423813,25.296969119382634,0.8817684718299214
32,23,216567,backward,w,deg,7994,7994.0,0.0,-1.1179896614916913,39.74588231692574,-9.68278865562829,165.9249174079584,175.60770606358668,-179.8949938122749,176.8303509475885,356.7253447598634,3.4791411941203463,175.10374867388012,179.91048582778774,25.193848920740326,0.880572306238132
32,24,121227,backward,w,deg,13727,13727.0,0.0,0.37874023035794835,3.3709615198004617,-5.894038503700855,5.227588842595765,11.12162734629662,-6.5908852154243505,8.535972946180323,15.126858161604673,-0.20273677682445146,6.063292353072551,8.773844230091896,20.406417128623023,0.9982704556878149
32,25,202743,backward,w,deg,20036,20036.0,0.0,-0.30601245716258063,9.09780269342171,-4.8864048618157625,5.385245979615561,10.271650841431324,-179.88736741375237,179.51928467853384,359.4066520922862,-4.731988749660402,7.94486934395605,179.70478063389908,28.196559435979367,0.9938726218359415
32,26,106177,backward,w,deg,6807,6807.0,0.0,-1.8041742554040923,99.23398739285815,-175.63415235075124,172.12357581187015,347.7577281626214,-179.9879791116511,179.9894978184314,359.9774769300825,-0.031126423834817875,178.13813815864825,179.9696627783863,26.391176210916534,0.3247989677716265
32,27,153037,backward,w,deg,73,73.0,0.0,0.44126039655657223,67.16013310551631,-171.69855412984137,168.74375401648018,340.4423081463216,-177.33384376084416,179.27797510252879,356.61181886337295,-0.13717369832186269,175.70697582154787,178.95436033682893,24.46039623706594,0.6989627190779583
32,28,115244,backward,w,deg,4710,4710.0,0.0,0.8983843932375919,99.00778167900812,-173.76579080900746,173.12734243870764,346.8931332477151,-179.99846072514765,179.98010165097395,359.9785623761216,-0.015241526729271537,177.68736341157268,179.99521805411774,22.404332518919325,0.29000432737802917
32,29,159475,backward,w,deg,585,585.0,0.0,-0.5768228679914102,66.51483914336673,-175.09567467274266,146.67327253826159,321.7689472110043,-179.73017353097288,179.38708128674466,359.11725481771754,-0.46017401151137866,176.0842373882985,179.83953656296495,25.589985697313995,0.6970590168466543
32,30,145319,backward,w,deg,3439,3439.0,0.0,0.5369826547229479,43.16104708336968,-11.847759010718663,8.779840314912057,20.62759932563072,-179.89351650985338,179.96968009071475,359.86319660056813,-0.7581538671233855,166.49733293295543,179.83059373981598,23.4513446464776,0.8712916162950121
32,31,134277,backward,w,deg,19324,19324.0,0.0,-0.026462126999106772,1.9737217411464896,-3.175107396399085,3.4013586554984223,6.576466051897507,-4.050099966674338,4.423573639809263,8.473673606483601,0.10768985883966962,3.668843824056765,4.3292649326558035,18.7253459201396,0.9994068010885216
32,0,169298,forward,eps,km^2/s^2,19563,19563.0,0.0,-0.9041968624423415,0.025192912580120175,-0.9443716268365341,-0.8625102807366145,0.08186134609991957,-0.9546786936801275,-0.8514837738521671,0.10319491982796036,0.03358149564222666,0.05446802649913351,0.06549453338358091,nan,nan
32,1,18323,forward,eps,km^2/s^2,2,2.0,0.0,-0.8495274565347579,0.03547789041711258,-0.8814575579101592,-0.8175973551593566,0.06386020275080262,-0.8850053469518705,-0.8140495661176453,0.07095578083422516,nan,0.0674079917925139,0.07095578083422516,nan,nan
32,2,110520,forward,eps,km^2/s^2,974,974.0,0.0,-0.2335549522527683,0.3681414219529328,-0.973982512756581,-0.11451371769593365,0.8594687950606473,-1.0132395932764513,-0.04389160369217371,0.9693479895842776,-0.2587809403299782,0.8486154032107301,0.8878724837306005,nan,nan
32,3,34983,forward,eps,km^2/s^2,978,978.0,0.0,-0.17332832764962885,0.2215112702849328,-0.886436009628538,-0.05895480564541083,0.8274812039831272,-1.0201739466041788,-0.04448022926456885,0.97569371733961,-2.5816135627238843,0.7611969278640232,0.8949348648396641,nan,nan
32,4,99615,forward,eps,km^2/s^2,159,159.0,0.0,-0.21023963855043892,0.3610347554729938,-0.9721948608915895,-0.11601199239236917,0.8561828684992203,-0.9768358444286688,-0.046719852405381124,0.9301159920232877,-0.5003263685130149,0.7623566289204862,0.7669976124575655,nan,nan
32,5,17619,forward,eps,km^2/s^2,12862,12862.0,0.0,-0.9219662231557941,0.04001764227105941,-0.9934697306556852,-0.8673662713031235,0.12610345935256173,-1.0033713519224556,-0.854697651065499,0.14867370085695664,-0.20229819032420102,0.0767324642168071,0.08940108445443162,nan,nan
32,6,78319,forward,eps,km^2/s^2,13858,13858.0,0.0,-0.17187646062286144,0.3577348207836227,-0.966068177486542,-0.06817100532119125,0.8978971721653507,-0.9784762262791933,-0.059279167669872956,0.9191970586093203,-0.9511196026505745,0.8170104213930304,0.8294184701856817,nan,nan
32,7,149187,forward,eps,km^2/s^2,4016,4016.0,0.0,-0.1855797961110932,0.32959087443914303,-0.933526291844974,-0.05998024750589942,0.8735460443390746,-1.020820045950525,-0.04437929460744894,0.9764407513430761,-0.8242423569683883,0.7942897728614357,0.8815835269669866,nan,nan
32,8,149492,forward,eps,km^2/s^2,464,464.0,0.0,-0.210937441547216,0.33587732926972425,-0.908259252814309,-0.11598889943866375,0.7922703533756452,-1.0194952570673936,-0.06609019004209948,0.9534050670252942,-0.4641484787893866,0.7000964809139832,0.8113324851670679,nan,nan
32,9,113651,forward,eps,km^2/s^2,14,14.0,0.0,-0.13717863134660935,0.36568951663209187,-0.9646051746275973,-0.08675579703073484,0.8778493775968624,-0.9752300854924874,-0.05015293496594231,0.925077150526545,-1.0328590737220817,0.8240505034317903,0.8346754142966804,nan,nan
32,10,33425,forward,eps,km^2/s^2,4375,4375.0,0.0,-0.9391629357047262,0.04152207398997311,-0.9837634891475128,-0.8556804297763736,0.12808305937113917,-0.9915765064671732,-0.8451594743766324,0.1464170320905408,0.4549354770873654,0.0799258921011368,0.09044684750087795,nan,nan
32,11,70187,forward,eps,km^2/s^2,10263,10263.0,0.0,-0.22421393811276802,0.14466897523121064,-0.2562934834161978,-0.13386225052762496,0.12243123288857283,-0.9808685395888803,-0.12430791779852968,0.8565606217903506,-3.9648618914672715,0.10470259035463522,0.7497337468979743,nan,nan
32,12,21833,forward,eps,km^2/s^2,1976,1976.0,0.0,-0.8238351818319893,0.2334141727442637,-0.8816931660409935,-0.16912152509380113,0.7125716409471923,-0.9750423374714099,-0.048383325810864575,0.9266590116605453,1.9478753421004484,0.6476429703692512,0.7683811696521878,nan,nan
32,13,211740,forward,eps,km^2/s^2,12103,12103.0,0.0,-0.8775181867713597,0.2563307000364752,-0.962180115632085,-0.13321662060868286,0.8289634950234022,-0.97338070900441,-0.05885393284037144,0.9145267761640385,2.072223163595664,0.7836736898710024,0.8580363776393138,nan,nan
32,14,156246,forward,eps,km^2/s^2,2951,2951.0,0.0,-0.2079787878206405,0.351503233734829,-0.9433876309659375,-0.11429178014057062,0.8290958508253669,-1.0203921731849346,-0.10645804622269162,0.913934126962243,-0.4655851081142769,0.7401318985192539,0.817136440738251,nan,nan
32,15,206228,forward,eps,km^2/s^2,306,306.0,0.0,-0.21211775104951391,0.36063730928612964,-0.970794766240221,-0.1213781638823587,0.8494166023578623,-1.0150456054286332,-0.08637899477317335,0.9286666106554599,-0.26751226458140187,0.7821235533485033,0.8263743925369155,nan,nan
32,16,166403,forward,eps,km^2/s^2,38,38.0,0.0,-0.2125783921238667,0.3297991617990915,-0.9421150178412742,-0.11898466854385858,0.8231303492974156,-0.9762101607813797,-0.11615451940859367,0.860055641372786,-0.6961589325019435,0.7419898322945334,0.7760849752346389,nan,nan
32,17,131983,forward,eps,km^2/s^2,5,5.0,0.0,-0.20662824112903266,0.027785764110533528,-0.21021854398815235,-0.14688708617663476,0.06333145781151758,-0.21037132486747934,-0.13754034943664495,0.07283097543083439,1.6721032834509604,0.0726781945515074,0.07283097543083439,nan,nan
32,18,113202,forward,eps,km^2/s^2,616,616.0,0.0,-0.2582755352119559,0.35403977891807753,-0.9746253768435797,-0.1149009469748957,0.859724429868684,-1.0181865681958364,-0.043804993072896425,0.97438157512294,-0.025120974923651347,0.7876152759880154,0.8311764673402721,nan,nan
32,19,60402,forward,eps,km^2/s^2,12692,12692.0,0.0,-0.20830899213787485,0.21587235198926014,-0.9062349050800027,-0.15006490550625676,0.756169999573746,-0.982191714924971,-0.13706428310300678,0.8451274318219643,-2.576274187420557,0.6763691125625074,0.752325922407476,nan,nan
32,20,40578,forward,eps,km^2/s^2,9009,9009.0,0.0,-0.9503615893305686,0.05149401890693797,-1.0033762740399685,-0.8549473919632579,0.14842888207671068,-1.0085644016778017,-0.846705652917265,0.16185874876053674,0.3341182678932312,0.11723072172835011,0.12547246077434304,nan,nan
32,21,75221,forward,eps,km^2/s^2,8155,8155.0,0.0,-0.21186816875582015,0.2417806158016526,-0.9116041604713141,-0.1273867676755954,0.7842173927957187,-0.9805593026870278,-0.11886904303280277,0.8616902596542251,-2.071200692924082,0.7074981193724216,0.7764532615881353,nan,nan
32,22,205648,forward,eps,km^2/s^2,1984,1984.0,0.0,-0.20765319977467583,0.36922972914216856,-0.9746481527846304,-0.11530878049995608,0.8593393722846743,-1.0195542132081998,-0.05092914045345631,0.9686250727547435,-0.3334663751157831,0.8544964440747719,0.8994025044983414,nan,nan
32,23,216567,forward,eps,km^2/s^2,7994,7994.0,0.0,-0.8560100155570929,0.31630693165160734,-0.9644222125251488,-0.12737343283746025,0.8370487796876885,-0.9781489252954647,-0.069396220432971,0.9087527048624937,1.0836329238453644,0.7251603459152205,0.7831375583197098,nan,nan
32,24,121227,forward,eps,km^2/s^2,13727,13727.0,0.0,-0.1146452665285097,0.04029828282257774,-0.19129851954859398,-0.0690304396208529,0.12226807992774108,-0.197381739455034,-0.06321063034122687,0.13417110911380714,-0.33867043065342917,0.09088626707022113,0.09696948697666119,nan,nan
32,25,202743,forward,eps,km^2/s^2,20036,20036.0,0.0,-0.8814155703036296,0.04308305696942716,-0.9588375676447224,-0.8282356790437613,0.1306018886009611,-0.966418077846054,-0.8074063440220525,0.15901173382400158,-0.21836864751843674,0.07700099030696517,0.09783032532867397,nan,nan
32,26,106177,forward,eps,km^2/s^2,6807,6807.0,0.0,-0.2378535177747002,0.34927338734097424,-0.9657225708879033,-0.12454860396301279,0.8411739669248904,-0.979689980049135,-0.10500558497364076,0.8746843950754942,-0.29625350619091717,0.7670688377648559,0.7810362469260878,nan,nan
32,27,153037,forward,eps,km^2/s^2,73,73.0,0.0,-0.2127082338391879,0.33308739075459165,-0.9686330991635982,-0.11660508905760561,0.8520280101059926,-1.020440955040417,-0.0919250959679977,0.9285158590724193,-0.6153729828485314,0.7716227386189858,0.8234305944958047,nan,nan
32,28,115244,forward,eps,km^2/s^2,4710,4710.0,0.0,-0.2588047753736008,0.3568958574298704,-0.9662891848034253,-0.10523801988463431,0.861051164918791,-1.0184841697074458,-0.06967835718486048,0.9488058125225853,-0.028678146741850864,0.7889707873617102,0.8411657722657307,nan,nan
32,29,159475,forward,eps,km^2/s^2,585,585.0,0.0,-0.198743774184149,0.318030142292892,-0.92729254485552,-0.1166439837163208,0.8106485611391993,-1.0205829238249695,-0.04380055913553149,0.976782364689438,-0.8868229596111623,0.7290635530548447,0.8223539320242942,nan,nan
32,30,145319,forward,eps,km^2/s^2,3439,3439.0,0.0,-0.19278208802801777,0.30998570458085134,-0.9016002196275928,-0.11057332461682484,0.791026895010768,-1.0208075341283356,-0.043981079635574294,0.9768264544927613,-1.1055670105372721,0.7889792081658855,0.9081865226666282,nan,nan
32,31,134277,forward,eps,km^2/s^2,19324,19324.0,0.0,-0.1219376634325195,0.03197147650852198,-0.17600313232855605,-0.07752168935340215,0.0984814429751539,-0.18654933816138264,-0.07010193567064682,0.11644740249073582,-0.15574371396472228,0.07729956498393133,0.08784577081675793,nan,nan
32,0,169298,forward,e,-,19563,19563.0,0.0,0.3938406251292958,0.045266032613947384,0.31387802960437494,0.46118225768544036,0.1473042280810654,0.29005402052849244,0.47739755531293937,0.18734353478444693,-0.16844042147498642,0.10231447898241268,0.1261384880582952,nan,nan
32,1,18323,forward,e,-,2,2.0,0.0,0.2765331359320888,0.08185710726634339,0.20286173939237973,0.35020453247179784,0.1473427930794181,0.19467602866574538,0.35839024319843216,0.16371421453268678,nan,0.15552850380605243,0.16371421453268678,nan,nan
32,2,110520,forward,e,-,974,974.0,0.0,0.4994584462663376,0.14210191048579676,0.23244544989068,0.7264540364802058,0.4940085865895258,0.17006665311222163,0.8954250633070769,0.7253584101948554,0.001980458752255619,0.4676091807545103,0.5299879775329688,nan,nan
32,3,34983,forward,e,-,978,978.0,0.0,0.582616158983382,0.14509038512771344,0.36513887804289824,0.8594777649275637,0.49433888688466543,0.16971236327555636,0.8940264165846149,0.7243140533090585,-0.00016939149082439802,0.3353432688902756,0.5307697836576175,nan,nan
32,4,99615,forward,e,-,159,159.0,0.0,0.5009971464737236,0.13470234705884743,0.31258015074630036,0.7227184646449858,0.41013831389868544,0.21115018258522028,0.8887012718543874,0.6775510892691672,0.1614009752642689,0.24263813387265595,0.3983757395084325,nan,nan
32,5,17619,forward,e,-,12862,12862.0,0.0,0.4239177894125187,0.06715798172018946,0.3229842799149606,0.534945025404827,0.21196074548986643,0.2961950763715573,0.5489652397873142,0.25277016341575687,0.05797241704542669,0.1373838517042354,0.16417305524763876,nan,nan
32,6,78319,forward,e,-,13858,13858.0,0.0,0.586396612851032,0.1439368502185216,0.3363840429710102,0.8375094784083487,0.5011254354373385,0.17171351989522549,0.8587399460929435,0.6870264261977179,-0.26371309773872,0.306241566787648,0.47091208986343275,nan,nan
32,7,149187,forward,e,-,4016,4016.0,0.0,0.5546310252434243,0.19130595877484996,0.22522206285946772,0.8571281230158041,0.6319060601563364,0.17007196115669213,0.8942666422086608,0.7241946810519687,-0.12648308288222898,0.44132791331107235,0.4964780150138479,nan,nan
32,8,149492,forward,e,-,464,464.0,0.0,0.4909843180967438,0.16638072251208322,0.2165552924203319,0.7227696711670933,0.5062143787467615,0.17101087925057248,0.8425759630388887,0.6715650837883163,-0.057395293507443816,0.2785496968991137,0.34786232859135613,nan,nan
32,9,113651,forward,e,-,14,14.0,0.0,0.6715514877487541,0.1504252158756113,0.38914283378581993,0.7929239023826371,0.40378106859681717,0.32276188468899797,0.8805307353897781,0.5577688507007801,-0.2046377446666907,0.2742228257978632,0.34060377489468524,nan,nan
32,10,33425,forward,e,-,4375,4375.0,0.0,0.45292124366986425,0.07122056407777885,0.29897646009488943,0.5210952997331412,0.22211883963825174,0.2751346523706724,0.5324314770449404,0.257296824674268,-0.6117618921391561,0.14845755578443726,0.1722993635086542,nan,nan
32,11,70187,forward,e,-,10263,10263.0,0.0,0.45359302022227405,0.10917946905792873,0.3714502511578814,0.6795200146865873,0.3080697635287059,0.16857236846964585,0.7026737436230361,0.5341013751533903,0.23861750545598087,0.2487733586373926,0.26893697971271624,nan,nan
32,12,21833,forward,e,-,1976,1976.0,0.0,0.23155771893242733,0.1310774622762328,0.18894734471696467,0.5926501499088176,0.4037028051918529,0.16976826648044613,0.8847415560218773,0.7149732895414311,1.7868778105130976,0.39029407944240124,0.682385485555461,nan,nan
32,13,211740,forward,e,-,12103,12103.0,0.0,0.4074038790021754,0.12651511863638493,0.24727515923249693,0.6809432267239318,0.4336680674914349,0.17140282966523954,0.8597500074356198,0.6883471777703802,0.9414006525577533,0.26475614390088,0.44356292461256797,nan,nan
32,14,156246,forward,e,-,2951,2951.0,0.0,0.4960269529055036,0.1437779347862439,0.24958560695130766,0.7268851248863284,0.47729951793502073,0.17049289640178886,0.7457607260053382,0.5752678296035493,-0.09639155379150204,0.25784858693292306,0.33694129748244184,nan,nan
32,15,206228,forward,e,-,306,306.0,0.0,0.4976583645725773,0.14142306378471178,0.23453546662599484,0.7097967040368227,0.4752612374108279,0.1711696775463333,0.793907229099846,0.6227375515535127,-0.2581441823689038,0.3095929431819225,0.37295873226158405,nan,nan
32,16,166403,forward,e,-,38,38.0,0.0,0.48502863928533146,0.14246837287892886,0.2283176355735134,0.7155827959200952,0.48726516034658185,0.18669419530022122,0.722834120408697,0.5361399251084757,-0.14887224847445094,0.28723517517480773,0.3288586154480999,nan,nan
32,17,131983,forward,e,-,5,5.0,0.0,0.49827035942566983,0.06936785208400602,0.48930928407629215,0.6475657488616514,0.15825646478535926,0.4889069363490451,0.6706533024598673,0.18174636611082223,1.6544698933811748,0.18134401838357514,0.18174636611082223,nan,nan
32,18,113202,forward,e,-,616,616.0,0.0,0.4422504650981107,0.16016099705531933,0.20991709181691648,0.7254239671088217,0.5155068752919052,0.17153859831983675,0.895629061244371,0.7240904629245343,0.6334413395537185,0.34223572401066693,0.3774202841517429,nan,nan
32,19,60402,forward,e,-,12692,12692.0,0.0,0.49781759451357877,0.08651393955740076,0.37767686305921994,0.6399147746219416,0.26223791156272164,0.18362055600328725,0.6717020583717138,0.48808150236842657,-0.34435395117815054,0.205927080823753,0.2528903209951175,nan,nan
32,20,40578,forward,e,-,9009,9009.0,0.0,0.47043884947162246,0.08658445303096551,0.2971008199202334,0.5489915586906546,0.25189073877042123,0.2786443417847646,0.5562090261526239,0.2775646843678593,-0.45286841078718826,0.20675337423648865,0.22520985237195745,nan,nan
32,21,75221,forward,e,-,8155,8155.0,0.0,0.48662780506102227,0.0977498742350478,0.35146412119604964,0.6952310503058403,0.3437669291097907,0.16931618655381633,0.7158344696399768,0.5465182830861605,0.1108768839723159,0.19993272904021275,0.3361430061397417,nan,nan
32,22,205648,forward,e,-,1984,1984.0,0.0,0.5068375262779308,0.13057740512522192,0.2686196811737936,0.7244039857755846,0.45578430460179103,0.17073231361406763,0.8786828485823137,0.7079505349682461,-0.191028905102436,0.4441958953910426,0.5420832629507686,nan,nan
32,23,216567,forward,e,-,7994,7994.0,0.0,0.4203751282244118,0.13016554461987406,0.25406368758469056,0.6951389266080533,0.44107523902336276,0.17129373122767533,0.8345536163321137,0.6632598851044383,0.6811405921641153,0.40220843310649707,0.5416231228305574,nan,nan
32,24,121227,forward,e,-,13727,13727.0,0.0,0.7261068235484978,0.09805601121546759,0.5378160718825589,0.8354527806176756,0.2976367087351167,0.5222977263159287,0.8493569359032611,0.32705920958733237,-0.356638444097601,0.22245281458735477,0.2379711601539849,nan,nan
32,25,202743,forward,e,-,20036,20036.0,0.0,0.3519327420767647,0.0820608699060691,0.23514226144636044,0.4838658745379779,0.24872361309161747,0.17216735158438884,0.4954050728378536,0.3232377212534648,-0.02546790224654633,0.1607532488588981,0.2237281587208697,nan,nan
32,26,106177,forward,e,-,6807,6807.0,0.0,0.47742179601104173,0.13925028403186854,0.26100075352846447,0.7021396667145854,0.4411389131861209,0.16987312589813894,0.7492567993161153,0.5793836734179764,0.03575664777124916,0.25824830872028964,0.34937593635061515,nan,nan
32,27,153037,forward,e,-,73,73.0,0.0,0.49515315839102225,0.15912476599471131,0.23209586753083827,0.7213302010021023,0.48923433347126405,0.1698141830836259,0.7806098396144959,0.6107956565308701,-0.07551137201401412,0.2908443762898375,0.35312606073704994,nan,nan
32,28,115244,forward,e,-,4710,4710.0,0.0,0.4511197998828155,0.17133694817573522,0.23536598018670402,0.7490383691421221,0.513672388955418,0.1705568463462666,0.8340236680711748,0.6634668217249082,0.3393544078629659,0.33790201625801636,0.40271115009845376,nan,nan
32,29,159475,forward,e,-,585,585.0,0.0,0.519834014861136,0.16153355014834997,0.21854309569049432,0.7212481214109921,0.5027050257204978,0.17100555090973987,0.8956399397956282,0.7246343888858883,-0.34589151693153064,0.30641726621542753,0.37580592493449216,nan,nan
32,30,145319,forward,e,-,3439,3439.0,0.0,0.5356819378164733,0.1731706523054193,0.2244381594791514,0.7358619633858973,0.5114238039067458,0.17001816509090778,0.8952125964134294,0.7251944313225216,-0.35011146102651297,0.5064589785910029,0.5608789729792465,nan,nan
32,31,134277,forward,e,-,19324,19324.0,0.0,0.7086765649361715,0.07748564527728873,0.5762838734805296,0.8151704004511432,0.23888652697061363,0.5497870332173034,0.8329081802938613,0.2831211470765579,-0.17253099658539225,0.18820088221039244,0.21469772247361862,nan,nan
32,0,169298,forward,w,deg,19563,19563.0,0.0,-0.2761942451110144,3.8246692230329886,-5.525448009374526,6.792975806724646,12.318423816099173,-6.081077472448385,9.15630587411755,15.237383346565935,0.30489656401533693,7.272158150578539,9.635488217971442,356.5681718641108,0.9977737883201051
32,1,18323,forward,w,deg,2,2.0,0.0,0.0,7.781846665737305,-7.003661999163574,7.003661999163574,14.007323998327148,-7.781846665737305,7.781846665737305,15.56369333147461,nan,14.78550866490088,15.56369333147461,120.85245912956842,0.9907907902476449
32,2,110520,forward,w,deg,974,974.0,0.0,13.044195541203578,85.98614681220319,-159.7660403016166,35.64346218939272,195.40950249100933,-168.95376700072094,47.4671883741251,216.42095537484605,-0.25457247377313147,178.4721194029423,179.9550714032186,316.44971088208547,0.14202579386192563
32,3,34983,forward,w,deg,978,978.0,0.0,-1.0604455887605866,51.98404526988101,-152.0427305240745,17.11440075088316,169.15713127495766,-179.6491519836571,179.9951118510046,359.64426383466173,-0.3092268009659907,168.7934130050082,179.9536124934005,298.8749775046704,0.8088335007573643
32,4,99615,forward,w,deg,159,159.0,0.0,-4.314917280901909,88.6845033931857,-177.56530266075987,27.554252158223715,205.11955481898357,-179.35163318145686,178.67851505476938,358.03014823622624,-0.32069489976439836,176.77252059538134,179.72078217290937,88.79124043808672,0.24119027598888634
32,5,17619,forward,w,deg,12862,12862.0,0.0,-0.58101992238457,4.634052755338251,-6.412942705517611,8.270021442644552,14.682964148162164,-7.05852333797651,13.071979420692685,20.130502758669195,0.44190244624487185,8.965270962529107,13.76722894057724,296.4680154888534,0.9967333543180629
32,6,78319,forward,w,deg,13858,13858.0,0.0,0.7056886188673843,77.59823636824112,-170.07570312422507,18.474900421014933,188.55060354524,-175.76196636869798,25.057507795686064,200.81947416438405,-0.9490614571817022,179.17578701576383,179.99967110608384,187.91199894179482,0.43541101322122805
32,7,149187,forward,w,deg,4016,4016.0,0.0,-3.2441591290893825,89.64481718489608,-169.458258886939,168.0732733257305,337.5315322126695,-179.9419370585358,179.89587421159183,359.83781127012765,0.081413329978712,174.5819843663976,179.99160661315744,274.84693748897814,0.4036804084362754
32,8,149492,forward,w,deg,464,464.0,0.0,2.8618577123983044,96.81235591385794,-175.050817178005,173.75907115099358,348.80988832899857,-179.9538713140833,179.540206520838,359.4940778349213,-0.006558253686274733,178.11110739886934,179.9953811992068,43.04901788993244,0.23421559245591253
32,9,113651,forward,w,deg,14,14.0,0.0,-2.7179240382262293,96.3870947888633,-179.40043933832445,176.30472046224025,355.70515980056473,-179.83673516600646,177.90722727476702,357.7439624407735,-0.020210187097435318,178.72258711898297,178.9163535616342,227.16171229056948,0.3946112353422428
32,10,33425,forward,w,deg,4375,4375.0,0.0,-1.6458172714861234,9.628283808187124,-13.619827453601811,18.25203481470433,31.871862268306142,-16.399144946882302,25.54458316106701,41.94372810794931,0.5194146455446912,28.958564533252655,36.251112879615334,328.1794429088241,0.9859632936974084
32,11,70187,forward,w,deg,10263,10263.0,0.0,-0.8217855009532116,36.5105024541257,-12.840562117853054,16.11560740907654,28.956169526929592,-179.90660949048905,179.91833245000248,359.8249419404915,-0.6561475386057616,19.179324633112504,179.94587321090398,190.98755815576754,0.9032294523502206
32,12,21833,forward,w,deg,1976,1976.0,0.0,-0.28828813389372954,62.22624731631059,-21.367171178275363,171.36363169189053,192.7308028701659,-179.96108787843895,179.77718033532187,359.7382682137608,1.6069410003462883,173.92422637897744,179.99516956060165,158.53700237922152,0.6932293952323058
32,13,211740,forward,w,deg,12103,12103.0,0.0,-1.0359022537140845,63.832900344395675,-171.18967516591655,173.6228898755377,344.81256504145426,-179.9746135590716,179.96303069430058,359.9376442533722,-0.15621842206436634,176.4372548698829,179.99054217406893,27.604780446892796,0.7268807543246419
32,14,156246,forward,w,deg,2951,2951.0,0.0,5.715743752128901,85.06910746892389,-168.96674343848127,20.122591086534385,189.08933452501566,-179.67213316168653,179.62003217843142,359.29216534011795,-0.429902618641489,178.80804067527802,179.9985190230836,288.8439650866848,0.23607233310420853
32,15,206228,forward,w,deg,306,306.0,0.0,9.279284949843827,87.73240718804443,-169.06215489802668,28.0171265913428,197.07928148936946,-176.231360482671,178.7652943288249,354.9966548114959,-0.2182053713616928,176.93563555892965,179.7490068710452,52.64955922382132,0.13549335940641796
32,16,166403,forward,w,deg,38,38.0,0.0,1.7596992106912808,95.26742900846094,-169.7470493292385,172.77486528987507,342.52191461911355,-178.42461614369955,178.91677573677407,357.3413918804736,-0.01022107333762279,173.87491945167164,179.65237240801713,174.32082170620953,0.3253558606038017
32,17,131983,forward,w,deg,5,5.0,0.0,0.626613768483594,3.8437694139482224,-4.376166937657979,5.023772548481713,9.399939486139692,-4.470707340821548,5.758127097951331,10.228834438772878,0.24610186596648212,9.49447988930326,10.228834438772878,268.39037338464345,0.9977510762171222
32,18,113202,forward,w,deg,616,616.0,0.0,40.90724603512183,88.5557841367849,-130.74641236218326,73.83031301898288,204.57672538116614,-140.17485675731436,83.86349832282929,224.03835508014365,-0.04059114246782827,177.83242121039365,179.94232209560835,303.64700382166933,0.041887295960387996
32,19,60402,forward,w,deg,12692,12692.0,0.0,-0.6219960080772466,54.498063275352045,-159.79284666507445,155.95724616683682,315.7500928319113,-179.99916302442762,179.99795599732158,359.9971190217492,-0.0846986621709846,170.36722008846158,179.9963510750233,170.9561873293944,0.7934554892984351
32,20,40578,forward,w,deg,9009,9009.0,0.0,0.08811415635284447,6.4017209547054055,-11.08640708713035,10.766231842225887,21.85263892935624,-14.352786321567635,17.334747608002203,31.687533929569838,0.012896267733208643,12.466193370023282,17.14029323767204,308.04440500825723,0.9937747394085341
32,21,75221,forward,w,deg,8155,8155.0,0.0,-0.7393519414510479,62.13711418961238,-174.4303647534031,17.20798762898807,191.63835238239116,-179.96881294588482,179.9969654295311,359.9657783754159,-1.338329924129874,177.21446740251173,179.97598933978756,214.7614491057151,0.7187670958714476
32,22,205648,forward,w,deg,1984,1984.0,0.0,12.710034812925898,85.1620958931178,-159.31907231373737,31.685907060732447,191.00497937446983,-175.25452175747057,178.24846007065946,353.50298182813003,-0.3110247056935598,174.43687284012756,179.71030377551193,297.04541125366876,0.17566104046833997
32,23,216567,forward,w,deg,7994,7994.0,0.0,-1.7177390142690427,85.1722767896416,-174.63845060631158,175.94456982863534,350.5830204349469,-179.99249251168078,179.9870106095213,359.9795031212021,0.29485431486913055,177.70665596876552,179.99214009211767,44.810331578048356,0.4755678278387992
32,24,121227,forward,w,deg,13727,13727.0,0.0,-0.4046143573472989,5.52110498901615,-8.343763259615786,9.563622199339383,17.90738545895517,-11.772818913519444,13.113452690945422,24.886271604464866,0.1988584381967288,10.349244504941606,13.538237238694904,175.0541086672389,0.9953652374863691
32,25,202743,forward,w,deg,20036,20036.0,0.0,-0.2980714286237429,5.361468033598384,-8.036860086710831,8.532074064795559,16.56893415150639,-11.23908692012435,33.30842134324561,44.54750826336996,0.6380497723790521,11.636854670224672,36.413201948674725,9.704664928251024,0.995635827573579
32,26,106177,forward,w,deg,6807,6807.0,0.0,1.007577866284862,109.53256080192351,-173.91417578027503,175.33590914179823,349.25008492207326,-179.9598722931555,179.97938745036873,359.93925974352425,-0.06458296546186867,176.9663635244101,179.98081938403004,237.7584575213311,0.1508915926235492
32,27,153037,forward,w,deg,73,73.0,0.0,-0.3264747639043719,101.07739911611078,-171.32087596287715,174.17835364815662,345.4992296110338,-178.4792256957537,178.49744699379255,356.97667268954626,-0.004845182366500663,177.77194816732185,178.92153194595227,149.28856765527104,0.28499720658102795
32,28,115244,forward,w,deg,4710,4710.0,0.0,-40.744836067467105,88.18733052161706,-63.45634756054742,142.69279419069605,206.14914175124346,-79.90093427092617,167.35072320057486,247.25165747150103,0.06785501296461992,176.8976914574231,179.96626644198443,310.77927891875515,0.05427002782326873
32,29,159475,forward,w,deg,585,585.0,0.0,-0.3115855788017541,92.37830305221165,-177.031558882095,173.21656741279205,350.248126294887,-179.9680504552889,179.98297754883743,359.95102800412633,-0.09091533118602431,177.53943269971896,179.9496649215759,29.70728106362035,0.4092385514783261
32,30,145319,forward,w,deg,3439,3439.0,0.0,1.491591384231242,83.03508715440617,-167.4304300636022,169.50097208610134,336.93140214970356,-179.97343804403508,179.96651396788303,359.9399520119181,-0.19197339037198977,174.10664458756492,179.9822591831867,281.0177020480132,0.5000828938428161
32,31,134277,forward,w,deg,19324,19324.0,0.0,-0.35160388592126424,4.919455020504348,-7.146846017454851,8.339572180568812,15.486418198023664,-7.865870923709565,12.140018606506146,20.00588953021571,0.2549593524889543,8.846544635135647,12.646991061072981,158.74231504534427,0.9963186207095033
36,0,165887,backward,eps,km^2/s^2,17315,17315.0,0.0,-0.1980116900874418,0.025150601811204133,-0.23183055831574348,-0.15225284405363582,0.07957771426210766,-0.2374082322607427,-0.14131564935826646,0.09609258290247624,0.2571409609167309,0.0661380405541323,0.07707523524950166,nan,nan
36,1,18323,backward,eps,km^2/s^2,2,2.0,0.0,-0.4690906312250537,0.34782615355190705,-0.78213416942177,-0.15604709302833736,0.6260870763934328,-0.8169167847769607,-0.12126447767314663,0.6956523071038141,nan,0.6608696917486233,0.6956523071038141,nan,nan
36,2,100401,backward,eps,km^2/s^2,947,947.0,0.0,-0.20271078503527729,0.298285786076817,-0.9486704800052327,-0.1156976836476164,0.8329727963576163,-0.9770685770476017,-0.044138872659411854,0.9329297043881899,-1.2698315477591544,0.7612442295124313,0.7896423265548005,nan,nan
36,3,34057,backward,eps,km^2/s^2,982,982.0,0.0,-0.8730098479538044,0.04653086229694557,-0.9607639341659717,-0.8157703756644018,0.14499355850156992,-1.0207786020554366,-0.806208472304013,0.21457012975142353,-0.474270697762505,0.08138372928480091,0.13104849921355832,nan,nan
36,4,150087,backward,eps,km^2/s^2,55,55.0,0.0,-0.1985085846430138,0.2847261443440683,-0.9355523023212233,-0.11189210000307173,0.8236602023181516,-0.9770398650056108,-0.043834796693581146,0.9332050683120297,-1.6366581008790035,0.7595599534219257,0.8010475161063132,nan,nan
36,5,17619,backward,eps,km^2/s^2,12862,12862.0,0.0,-0.903590310512592,0.03515547818866069,-0.9744580694898003,-0.861319099088694,0.11313897040110632,-0.9928130156257337,-0.8519979305389092,0.1408150850868245,-0.4577488575603215,0.06101935313936271,0.07607706027936612,nan,nan
36,6,182806,backward,eps,km^2/s^2,11415,11415.0,0.0,-0.1309114813738731,0.041014561609789946,-0.19661817036502272,-0.06430939280245611,0.1323087775625666,-0.20185910403341434,-0.05911173988721896,0.14274736414619538,0.027734508829216083,0.06814208686552206,0.07147939802755632,nan,nan
36,7,144422,backward,eps,km^2/s^2,4376,4376.0,0.0,-0.16894562379737676,0.2485420074701934,-0.8396645050451308,-0.04951168839793335,0.7901528166471974,-1.020836128343177,-0.043998602475122994,0.9768375258680541,-1.947686797509474,0.6761381954455509,0.8573098187435971,nan,nan
36,8,149492,backward,eps,km^2/s^2,464,464.0,0.0,-0.20243480457712754,0.29965237137181044,-0.900180790550031,-0.11423457817883068,0.7859462123712003,-1.020754723273971,-0.09218076008060105,0.92857396319337,-1.1533868691333686,0.7258418636966921,0.8464157964206322,nan,nan
36,9,135518,backward,eps,km^2/s^2,7,7.0,0.0,-0.1528444517255636,0.30279529843007186,-0.7875424216127862,-0.11488848786228353,0.6726539337505026,-1.0176690233481307,-0.11438481223387309,0.9032842111142576,-2.4794499148124878,0.634697969887222,0.8648245716225671,nan,nan
36,10,33425,backward,eps,km^2/s^2,4288,4288.0,0.0,-0.9494233443856301,0.03955095374914778,-0.9840456195805553,-0.8596003863868013,0.124445233193754,-0.9985887564650576,-0.8451401246810116,0.153448631784046,0.7101014631209421,0.07385301430327007,0.0883132760090597,nan,nan
36,11,72492,backward,eps,km^2/s^2,6705,6705.0,0.0,-0.9082151950932704,0.04867020514177183,-0.9680340143490369,-0.8275574619800355,0.14047655236900136,-0.9808263891971716,-0.8063735576050273,0.1744528315921443,0.21054351863772008,0.07609426399928605,0.09438147902652916,nan,nan
36,12,22493,backward,eps,km^2/s^2,1969,1969.0,0.0,-0.8272722533588236,0.046026504429706246,-0.9692980175824433,-0.812601050822799,0.15669696675964429,-1.0147458785877224,-0.8072504361737701,0.20749544241395224,-1.7785842339249731,0.14327224474130584,0.18872010574658493,nan,nan
36,13,211354,backward,eps,km^2/s^2,8043,8043.0,0.0,-0.1986754991728047,0.0380185958011202,-0.23601899245751543,-0.11172836569755357,0.12429062675996186,-0.2573027381452039,-0.06079722658554165,0.19650551155966223,0.9159154480259509,0.08610616055377146,0.13703729966578337,nan,nan
36,14,83118,backward,eps,km^2/s^2,2499,2499.0,0.0,-0.17338557420129053,0.17414793335784395,-0.8303700183261339,-0.10970863089553869,0.7206613874305952,-0.9799494889738074,-0.04511806951241282,0.9348314194613946,-3.600087209576855,0.6652142729592462,0.8147937436069197,nan,nan
36,15,99615,backward,eps,km^2/s^2,158,158.0,0.0,-0.2203691352379531,0.35301703042447385,-0.9653045847005194,-0.11483879941967834,0.850465785280841,-1.0098256453763166,-0.04407832882611784,0.9657473165501987,-0.5447337907410338,0.7788512460038145,0.8233723066796116,nan,nan
36,16,86351,backward,eps,km^2/s^2,16,16.0,0.0,-0.18266070290388575,0.282366691345018,-0.8642531946114501,-0.08885731104484201,0.7753958835666082,-0.9721623626889256,-0.0800492234137743,0.8921131392751513,-1.7425929170971537,0.6949507217992752,0.8028598898767507,nan,nan
36,17,131983,backward,eps,km^2/s^2,5,5.0,0.0,-0.1650838201903747,0.3028923992592412,-0.7745440715457426,-0.1336164932141638,0.6409275783315788,-0.9166889311745429,-0.13026740448873786,0.786421526685805,-2.1980072911380026,0.6275312234298749,0.7696760830586753,nan,nan
36,18,113202,backward,eps,km^2/s^2,599,599.0,0.0,-0.2375646220359191,0.3304189999664928,-0.9696180819555494,-0.10831878320110117,0.8612992987544483,-1.0205536257856416,-0.04380722131250103,0.9767464044731405,-0.6903677709865323,0.7680242231415572,0.8189597669716492,nan,nan
36,19,58422,backward,eps,km^2/s^2,9885,9885.0,0.0,-0.9018993321076508,0.02952560932886235,-0.9464055478575907,-0.8563435236613749,0.09006202419621578,-0.9822032410117507,-0.8154048335959787,0.166798407415772,-0.11031941509393878,0.05669577430831429,0.08968241942627553,nan,nan
36,20,40578,backward,eps,km^2/s^2,9009,9009.0,0.0,-0.9817054131638415,0.04852572144711245,-1.0035120523434018,-0.855727941196886,0.1477841111465158,-1.0086547271271056,-0.8465284364528025,0.16212629067430306,1.0310101982422375,0.1149332113030567,0.12413271604714016,nan,nan
36,21,207812,backward,eps,km^2/s^2,11577,11577.0,0.0,-0.22429534050075872,0.05341267600218373,-0.25011762410301086,-0.130901848095499,0.11921577600751185,-0.8117021014664505,-0.12471186236137899,0.6869902391050715,-4.0837111501246035,0.09699928852114592,0.5840802163695021,nan,nan
36,22,205844,backward,eps,km^2/s^2,1538,1538.0,0.0,-0.19165005246881572,0.14068773039785648,-0.24369613817089866,-0.11469133652329949,0.12900480164759917,-0.9748939075229106,-0.04415323856072739,0.9307406689621832,-4.484709523437653,0.0785066278562413,0.7881235620571352,nan,nan
36,23,209561,backward,eps,km^2/s^2,5671,5671.0,0.0,-0.198958908968915,0.2515804426394889,-0.9575445004109036,-0.12053948149747284,0.8370050189134307,-0.9804838093061583,-0.09873139460887848,0.8817524146972798,-2.081010622510106,0.7928015411206902,0.815740850015945,nan,nan
36,24,66799,backward,eps,km^2/s^2,8986,8986.0,0.0,-0.8964972168411557,0.044992133324889196,-0.9613671082556212,-0.8335961544114625,0.1277709538441587,-0.9810383439724473,-0.806507181432587,0.17453116253986023,0.049476298684160175,0.07193256676297757,0.0947727640035938,nan,nan
36,25,74430,backward,eps,km^2/s^2,6639,6639.0,0.0,-0.8926740642620008,0.044485873566938984,-0.9671415777518748,-0.833389921727091,0.13375165602478378,-0.9805267118082368,-0.8066103600792471,0.17391635172898967,-0.08278915391570592,0.07582208672127667,0.08936402684326317,nan,nan
36,26,107295,backward,eps,km^2/s^2,4591,4591.0,0.0,-0.2454799532883576,0.33763117306915447,-0.9560680434731179,-0.11811966336387036,0.8379483801092475,-0.9887344424306926,-0.10223430977281367,0.886500132657879,-0.4676432240405153,0.7557782079799775,0.7884446069375523,nan,nan
36,27,164971,backward,eps,km^2/s^2,48,48.0,0.0,-0.1961105443347197,0.24319274816227265,-0.8341466465367262,-0.1154081918920302,0.718738454644696,-0.9388499831854805,-0.1140878781817456,0.8247621050037349,-1.9759674063545023,0.6396390256425424,0.7443423622912967,nan,nan
36,28,131577,backward,eps,km^2/s^2,3015,3015.0,0.0,-0.25347661295289625,0.3298502094525917,-0.9545084522316446,-0.08501141519175608,0.8694970370398886,-1.0175623660736905,-0.058996631277992706,0.9585657347956978,-0.5728821785347412,0.7310158610182469,0.794069774860293,nan,nan
36,29,159475,backward,eps,km^2/s^2,585,585.0,0.0,-0.18760637190975493,0.25163192054472666,-0.8787679759609047,-0.11716684092536643,0.7616011350355383,-1.0023683426834398,-0.043879077490019736,0.95848926519342,-1.8619637707684076,0.6908584244614498,0.814458791183985,nan,nan
36,30,150379,backward,eps,km^2/s^2,3126,3126.0,0.0,-0.17140097246053887,0.0554748979226783,-0.24053083126422545,-0.06936148497421585,0.1711693462900096,-0.8111345033145241,-0.04391779137377705,0.767216711940747,-2.2210314245917284,0.10613860344317039,0.6368542641659426,nan,nan
36,31,135159,backward,eps,km^2/s^2,17181,17181.0,0.0,-0.12320927328109743,0.03129725137249347,-0.17389439820828767,-0.07809933940368186,0.09579505880460581,-0.18374432935666207,-0.07112393428079677,0.1126203950758653,-0.09363087741679976,0.062108839511730296,0.0719587706601047,nan,nan
36,32,199547,backward,eps,km^2/s^2,15743,15743.0,0.0,-0.22673106902981588,0.041602266946836844,-0.24722712326878624,-0.13968743735696126,0.10753968591182497,-0.8152036523843225,-0.13152955139473932,0.6836741009895831,-2.3217550201918935,0.09510517579307463,0.5805087065833617,nan,nan
36,33,120656,backward,eps,km^2/s^2,13458,13458.0,0.0,-0.11054917228817712,0.040257021094566664,-0.1893564524359314,-0.07013180483692807,0.11922464759900334,-0.19604006173124466,-0.06438179696640123,0.13165826476484344,-0.38306986417470407,0.08161522446597685,0.08829883376129011,nan,nan
36,34,206228,backward,eps,km^2/s^2,306,306.0,0.0,-0.20277548293398234,0.30657700335748256,-0.9603761772455572,-0.11750666782873528,0.8428695094168219,-1.017355824091562,-0.10805916553719896,0.9092966585543631,-1.1842084677511833,0.7737386317837314,0.8307182786297362,nan,nan
36,35,211385,backward,eps,km^2/s^2,9993,9993.0,0.0,-0.20859377310503202,0.04990806136212671,-0.24707384561935303,-0.12317559902676326,0.12389824659258977,-0.8201854416630727,-0.058817793307683885,0.7613676483553888,-3.7096104549111817,0.09179820005235452,0.605452651100415,nan,nan
36,0,165887,backward,e,-,17315,17315.0,0.0,0.5200182251641015,0.06426613302320967,0.4310975249871129,0.6345649948530788,0.20346746986596592,0.4158761389822664,0.6613382191029301,0.24546208012066373,0.2158355171758661,0.16742980790963558,0.1942030321594868,nan,nan
36,1,18323,backward,e,-,2,2.0,0.0,0.4565134131302835,0.2534864796737696,0.2283755814238909,0.684651244836676,0.45627566341278514,0.20302693345651393,0.7099998928040531,0.5069729593475392,nan,0.4816243113801622,0.5069729593475392,nan,nan
36,2,100401,backward,e,-,947,947.0,0.0,0.5103122475642997,0.14853658907346326,0.1939114804135025,0.7234883597238027,0.5295768793103002,0.168344493093901,0.8948398682898845,0.7264953751959835,-0.37629146846974154,0.3527968546488444,0.37836384196844597,nan,nan
36,3,34057,backward,e,-,982,982.0,0.0,0.33476035568045404,0.09139091541165928,0.19838232020979144,0.4864961980197875,0.2881138778099961,0.16819393098549065,0.5728973064372875,0.4047033754517969,0.1554190196012116,0.1757682126899308,0.20560776698854932,nan,nan
36,4,150087,backward,e,-,55,55.0,0.0,0.5191248669909196,0.13428317550103364,0.33937368498680126,0.7326240564707189,0.39325037148391767,0.1950360603659501,0.8955575813930169,0.7005215210270668,-0.06181660926422106,0.297926073997163,0.38094547990555816,nan,nan
36,5,17619,backward,e,-,12862,12862.0,0.0,0.39209224385832053,0.0610432988901962,0.3105435495840334,0.5071502439549583,0.19660669437092493,0.2903377742094833,0.5339720412511268,0.24363426704164354,0.3008042432095804,0.10848975627236751,0.1248169515895412,nan,nan
36,6,182806,backward,e,-,11415,11415.0,0.0,0.6866771659792987,0.09988016290219497,0.524249159954768,0.8467311936609959,0.32248203370622797,0.5108540872449766,0.8591350356703424,0.34828094842536583,0.0027872063952372847,0.16630501553102184,0.17752822594750695,nan,nan
36,7,144422,backward,e,-,4376,4376.0,0.0,0.5935732981271447,0.17308238937673515,0.2405462204121634,0.8820536809385344,0.6415074605263711,0.17000004480164355,0.8951687979991013,0.7251687531974578,-0.3841573583612919,0.36642925329822207,0.43697542890874186,nan,nan
36,8,149492,backward,e,-,464,464.0,0.0,0.5102278304597645,0.16286714484715914,0.22354244151331035,0.7270261619215717,0.5034837204082613,0.17669300373752553,0.7803125287814279,0.6036195250439024,-0.4064678396900109,0.3565709644622333,0.4034204022380182,nan,nan
36,9,135518,backward,e,-,7,7.0,0.0,0.6332659422177569,0.13657807199853814,0.3873673453219795,0.725460210562679,0.3380928652406995,0.3783771874725489,0.72667300581553,0.34829581834298107,-0.7112743311416695,0.24589859689577737,0.254888754745208,nan,nan
36,10,33425,backward,e,-,4288,4288.0,0.0,0.4693570701329963,0.0674277641598723,0.30733040554463564,0.5215172381275016,0.21418683258286597,0.27509797528852115,0.5423682231620461,0.267270247873525,-0.8760683431294812,0.13602483906118673,0.16825726931730128,nan,nan
36,11,72492,backward,e,-,6705,6705.0,0.0,0.4010848800266536,0.09135483018584774,0.23276293809153784,0.49782217772728854,0.26505923963575073,0.1685914010438332,0.5168085871870742,0.34821718614324104,-0.43028874474973283,0.15520815677496538,0.21937969382267003,nan,nan
36,12,22493,backward,e,-,1969,1969.0,0.0,0.2317396716132768,0.09166418633560941,0.18893935405108195,0.49974933123189375,0.3108099771808118,0.17122126751088823,0.564765935752481,0.3935446682415928,1.5355867835151522,0.27117929189599793,0.3361958964165852,nan,nan
36,13,211354,backward,e,-,8043,8043.0,0.0,0.5190792402670773,0.09529159459356717,0.41995412269008037,0.7330850581494891,0.31313093545940873,0.35942077162978414,0.8550990750428781,0.49567830341309393,0.8359479449847832,0.21154294371900062,0.3335569606123896,nan,nan
36,14,83118,backward,e,-,2499,2499.0,0.0,0.5823723864738845,0.11298204831196146,0.4220212851666724,0.737958182411431,0.31593689724475854,0.169824732674945,0.892511559359386,0.722686826684441,-0.27827188866526914,0.20884100204980793,0.4327200626801547,nan,nan
36,15,99615,backward,e,-,158,158.0,0.0,0.4926324097793333,0.14688849573647947,0.24607464407370178,0.725560247118644,0.4794856030449422,0.1847104208115021,0.8949833135502939,0.7102728927387918,0.2412169474031055,0.31276705836245533,0.3644637415292227,nan,nan
36,16,86351,backward,e,-,16,16.0,0.0,0.5590039745463395,0.15697659784622503,0.23124165270981692,0.7882517323251288,0.5570100796153119,0.22258172598590806,0.8092903384959702,0.5867086125100621,-0.6442002128408822,0.3609946535963159,0.3696545803202247,nan,nan
36,17,131983,backward,e,-,5,5.0,0.0,0.603103123500871,0.09986692627871357,0.4323225258300386,0.6800290655397587,0.24770653970972012,0.4154081001457174,0.6881484709046395,0.2727403707589221,-0.6020571769618305,0.21522891825019685,0.23214334393451808,nan,nan
36,18,113202,backward,e,-,599,599.0,0.0,0.47538504433383594,0.16263075868141777,0.21550951517540448,0.7416211365898178,0.5261116214144133,0.17519044809436038,0.8956261106421681,0.7204356625478078,0.39165672968855836,0.3142368482943089,0.3851494446041013,nan,nan
36,19,58422,backward,e,-,9885,9885.0,0.0,0.38976968414328844,0.05349635647029285,0.30087201167684074,0.46442440095283744,0.1635523892759967,0.19912757106917733,0.5188133414660059,0.31968577039682855,-0.16823183523837265,0.10445698046569232,0.1964082563829394,nan,nan
36,20,40578,backward,e,-,9009,9009.0,0.0,0.5180496614899635,0.08122606796595766,0.2989006580823105,0.549191392002076,0.25029073391976553,0.2782347314616963,0.5563450703171937,0.2781103388554974,-1.150446000442122,0.20268010993763552,0.2233460365582497,nan,nan
36,21,207812,backward,e,-,11577,11577.0,0.0,0.4520676426892221,0.10798867235141142,0.3804329023079727,0.6866990529743283,0.3062661506663556,0.16862068109112363,0.7016974638984415,0.5330767828073179,0.4802380331437721,0.24409128405262587,0.27463812945716104,nan,nan
36,22,205844,backward,e,-,1538,1538.0,0.0,0.5366161613451804,0.10046159409312827,0.44700529525782745,0.725889194973874,0.2788838997160466,0.17168967817612013,0.8948018977171688,0.7231122195410487,0.10457752188682791,0.1832720439555005,0.37786979918606345,nan,nan
36,23,209561,backward,e,-,5671,5671.0,0.0,0.5184260154802036,0.10950750973361058,0.35355974736984896,0.7117766110319403,0.3582168636620914,0.1697351995346614,0.764275875515586,0.5945406759809245,-0.2567568956762033,0.25106385046361324,0.43488839829880077,nan,nan
36,24,66799,backward,e,-,8986,8986.0,0.0,0.3802242658102617,0.08468278381634708,0.24896831979544112,0.4877050261847845,0.23873670638934338,0.1693335665375002,0.5171054275436119,0.3477718610061117,-0.26545670634509505,0.13988882639275582,0.21952357965069674,nan,nan
36,25,74430,backward,e,-,6639,6639.0,0.0,0.3730848942725458,0.08377010906512196,0.24703383784598623,0.4964662501935457,0.24943241234755945,0.16945223746756752,0.5163608511329597,0.34690861366539216,-0.13251204961548685,0.13295909349552104,0.2099198774329242,nan,nan
36,26,107295,backward,e,-,4591,4591.0,0.0,0.4567251491156184,0.1519958989792885,0.25233090674187797,0.7178488679622212,0.4655179612203433,0.17116999169290634,0.7562345789507896,0.5850645872578832,0.22081103179041178,0.26146778190895514,0.34262869695792675,nan,nan
36,27,164971,backward,e,-,48,48.0,0.0,0.5252352176169648,0.14861727989301526,0.24404085882749296,0.7241879237511254,0.48014706492363246,0.20587102070989266,0.7273837390915541,0.5215127183816615,-0.5698354524060021,0.2852767045447267,0.32344654266232703,nan,nan
36,28,131577,backward,e,-,3015,3015.0,0.0,0.41247970397180844,0.1778872056792527,0.23638519160401877,0.797434841160606,0.5610496495565873,0.1707602090708903,0.8594735640050231,0.6887133549341328,0.5775655568726182,0.34449474335533714,0.40653346619975417,nan,nan
36,29,159475,backward,e,-,585,585.0,0.0,0.5475834471182959,0.14755865127872264,0.2395296398716524,0.7199683093295135,0.48043866945786107,0.17006358404121355,0.8954556794646302,0.7253920954234166,-0.5008027981530202,0.31609692969758235,0.3759880519349469,nan,nan
36,30,150379,backward,e,-,3126,3126.0,0.0,0.5874465919524416,0.12330750906198891,0.40761791311444884,0.8346252383409487,0.42700732522649987,0.1706964443055763,0.8953605839444655,0.7246641396388892,0.20275572940004113,0.25727105046767723,0.40957185480448766,nan,nan
36,31,135159,backward,e,-,17181,17181.0,0.0,0.7055691999093489,0.07581547337641523,0.5814914762085914,0.813796543153557,0.23230506694496555,0.5568519090814734,0.8304655853194763,0.2736136762380029,-0.10929842802637542,0.15157404460766288,0.1762136117347809,nan,nan
36,32,199547,backward,e,-,15743,15743.0,0.0,0.44504452695396274,0.09625688159059766,0.38839094000672403,0.6653196583364012,0.27692871832967714,0.17816131123118614,0.685157553371153,0.5069962421399669,0.6758811636479568,0.24164305372822645,0.26142862864310984,nan,nan
36,33,120656,backward,e,-,13458,13458.0,0.0,0.7359217647696911,0.09790438453061799,0.5426928194496687,0.83283882729697,0.29014600784730127,0.5257355635395728,0.846564611965766,0.3208290484261932,-0.3984904425768595,0.20005791159478084,0.2170151675048767,nan,nan
36,34,206228,backward,e,-,306,306.0,0.0,0.5107772248340214,0.14017396272515403,0.2355785780392271,0.71914012995357,0.4835615519143429,0.17281072957280652,0.7419365958669654,0.5691258662941588,-0.49265015006927126,0.31432324052161775,0.37709108898803834,nan,nan
36,35,211385,backward,e,-,9993,9993.0,0.0,0.49354308756184984,0.10358564975386399,0.38939489435934205,0.7054249440769745,0.3160300497176325,0.1755680547999944,0.8598376401626954,0.684269585362701,0.6576376247381314,0.2282815398286915,0.38212140427690283,nan,nan
36,0,165887,backward,w,deg,17315,17315.0,0.0,0.0397405019496091,1.612260693046306,-2.91756530757047,2.527140125473815,5.444705433044286,-3.968689928045933,3.1720737569117716,7.1407636849577045,-0.23306966169815238,3.211520085348354,4.262644705823817,30.04073347614194,0.9996041537204545
36,1,18323,backward,w,deg,2,2.0,0.0,1.5631940186722204e-13,89.31602696209508,-80.38442426588541,80.38442426588571,160.76884853177114,-89.31602696209492,89.31602696209524,178.63205392419016,nan,169.7004512279806,178.63205392419013,296.31506822676084,0.011937297979124531
36,2,100401,backward,w,deg,947,947.0,0.0,-3.1856229498208677,77.06908490881248,-18.697413576825888,170.5273483194065,189.2247618962324,-179.75123728702192,179.85334847279182,359.60458575981374,0.5735692893244532,173.40593499990723,179.7435260816602,29.692925148174293,0.5431421914421761
36,3,34057,backward,w,deg,982,982.0,0.0,-0.5509020169523637,9.305403284040166,-18.29982667347283,17.109242224018782,35.40906889749161,-27.843650127322746,20.231913193679134,48.07556332100188,-0.35130011114873555,20.875499882674642,26.44117935169257,199.46443766870362,0.9869304531030665
36,4,150087,backward,w,deg,55,55.0,0.0,0.0980784784161699,73.4495547293198,-168.25713597556978,171.48907563803735,339.7462116136071,-177.78918470639724,178.82263415697577,356.611818863373,0.23101449991623982,175.26062428721315,178.74746047105214,24.915737182618997,0.6369279568578664
36,5,17619,backward,w,deg,12862,12862.0,0.0,-0.5091442516975206,3.6701885605914044,-5.436078715755038,6.5611235532654195,11.997202269020457,-6.687918562553762,8.50455027249177,15.192468835045531,0.31864507373664885,6.560094971799641,8.119602506473598,186.8133776337956,0.9979498934879197
36,6,182806,backward,w,deg,11415,11415.0,0.0,-0.2243710264903882,5.573021052493273,-8.112678053923034,10.078296143841058,18.190974197764092,-8.712739225543856,12.970733160280133,21.68347238582399,0.29458276995686694,16.793839480580253,19.68627649701932,21.99315501588161,0.9952778151139524
36,7,144422,backward,w,deg,4376,4376.0,0.0,1.382764240752067,62.964699908238366,-170.9186421448834,13.295207410375177,184.21384955525858,-179.9147443138263,179.94489604753187,359.8596403613582,-0.7045243936776455,173.81248618335246,179.99797284821454,22.206238970277514,0.7213921601971777
36,8,149492,backward,w,deg,464,464.0,0.0,-0.6639848017775449,85.88435051537073,-175.82798903283282,173.50107650384413,349.3290655366769,-179.98279389781868,179.83204496871343,359.8148388665321,-0.07086329872820007,176.93309920654383,179.91926329887474,24.855255155250262,0.5102592625067012
36,9,135518,backward,w,deg,7,7.0,0.0,-6.194022132657807,56.78725543057422,-7.856494448336363,112.09233414893268,119.94882859726904,-7.9431520121206916,158.08179361782356,166.02494562994426,2.6038577828163443,118.28635628159051,164.2758157504814,30.62326705464777,0.7191772790524645
36,10,33425,backward,w,deg,4288,4288.0,0.0,-2.1532687898695855,8.352379213685218,-10.870111011141008,14.966774228969706,25.836885240110714,-11.570883619121446,18.670055586634902,30.240939205756348,0.4006969908995908,25.12623604902515,28.829517406690343,200.993383156398,0.9894119806963603
36,11,72492,backward,w,deg,6705,6705.0,0.0,-0.060752526970503595,6.956651824646415,-10.38405235909364,8.67919165134389,19.06324401043753,-30.267150418759314,15.621709508720471,45.888859927479785,-0.5491132158250303,15.818384145688535,35.70148220535421,204.06627272706845,0.9926668536863528
36,12,22493,backward,w,deg,1969,1969.0,0.0,1.2455569918631966,7.359751104805938,-11.653986176773339,12.620994145696862,24.2749803224702,-32.64943546881571,16.19072529293996,48.84016076175567,-0.810639566274735,14.413421618372233,35.408870910414606,204.1639166276323,0.9918131685374095
36,13,211354,backward,w,deg,8043,8043.0,0.0,-1.0141062301358374,6.804199859088931,-8.53822327071951,11.574848798164403,20.113072068883913,-9.573136075821708,11.978349253727117,21.551485329548825,0.42056445377355683,18.387446677232568,18.790947132795253,24.856351034752922,0.992963804928355
36,14,83118,backward,w,deg,2499,2499.0,0.0,-0.5341058535031209,39.22155150728903,-6.187264366208535,11.446120529996962,17.6333848962055,-179.87285966419915,179.5918128680945,359.46467253229366,2.988751911748687,159.9239571884332,179.39367532261292,24.9983813020502,0.8896011365340708
36,15,99615,backward,w,deg,158,158.0,0.0,-3.5492792128088126,82.86551314372845,-22.194934523953606,168.9784454313608,191.1733799553144,-27.312720349503934,178.42155008795578,205.7342704374597,0.5563037294520954,172.77120845605907,179.11752497483246,38.044877553858896,0.2758305440577444
36,16,86351,backward,w,deg,16,16.0,0.0,0.34466942700022685,74.58051148497978,-55.49307939670029,169.09974722605494,224.59282662275524,-176.1553323223601,175.32234113054733,351.4776734529074,0.3372846165586704,170.99402141858621,177.38576632890562,26.095540463312346,0.6195676576715998
36,17,131983,backward,w,deg,5,5.0,0.0,-3.116963919613397,67.78290282896228,-4.954729459812478,132.44018614932787,137.39491560914036,-5.19277182940084,165.95208383189072,171.14485566129156,2.234403852425402,137.6329579787287,171.14485566129156,29.236623380505723,0.6042981602874498
36,18,113202,backward,w,deg,599,599.0,0.0,-0.37407931651713966,91.85065893169674,-174.04961788859623,175.97436268898244,350.02398057757864,-179.094867226242,179.95007699014252,359.0449442163845,0.14302930148724552,176.79051539368822,179.9729640204647,32.98216798503452,0.34116597204617843
36,19,58422,backward,w,deg,9885,9885.0,0.0,-0.08696069472551926,5.113312142252795,-6.55399257179676,11.378407840230508,17.93240041202727,-12.51433672264156,17.34750863676362,29.86184535940518,1.0970303849534602,13.264334425316868,15.423382715133414,202.88110969986056,0.9960331315173935
36,20,40578,backward,w,deg,9009,9009.0,0.0,-0.6051841251771464,4.307215726497729,-6.402795875373647,7.516779027045198,13.919574902418844,-10.859962087962515,12.585891681737621,23.445853769700136,0.27312798653340364,10.895403002194962,15.964515656887386,191.5794045482839,0.9971779738397948
36,21,207812,backward,w,deg,11577,11577.0,0.0,-0.4209264474310146,10.025605070021182,-4.604940153831421,5.524563273472158,10.129503427303579,-179.7903720811115,177.91044774401513,357.70081982512664,11.457767035012875,8.74706439129533,179.68686130717447,26.40863060267825,0.9923262691706011
36,22,205844,backward,w,deg,1538,1538.0,0.0,-0.867436080103559,31.92214336316134,-8.452557029797104,11.143987026763813,19.596544056560916,-177.98377653097998,175.13796570123822,353.1217422322182,4.148438711465294,18.360517364259543,179.97886410303937,25.195993448220324,0.9249505286506154
36,23,209561,backward,w,deg,5671,5671.0,0.0,-0.9854348326067282,61.937020923626875,-12.217417596564289,168.31136692598545,180.52878452254976,-179.53447862232014,179.997955970524,359.53243459284414,0.7215642760538317,177.25780747360096,179.99717390869193,25.683061892584508,0.7246936381529077
36,24,66799,backward,w,deg,8986,8986.0,0.0,-0.7919112799423544,5.79624007778422,-8.273252829456489,10.987480920757555,19.260733750214044,-16.116428629347922,16.429292691070742,32.545721320418664,0.46733443945456044,12.947974039924738,20.79114983981617,203.24117747712504,0.9948956903572458
36,25,74430,backward,w,deg,6639,6639.0,0.0,2.03270071818892,9.149763956271352,-12.968676649310575,10.696084080922908,23.664760730233482,-32.82641428503837,15.306645844092088,48.133060129130456,-0.9831931581543101,19.690690791676936,39.54842842740473,204.38930209797593,0.9873611088399977
36,26,107295,backward,w,deg,4591,4591.0,0.0,0.22803302652079083,103.03022210072437,-174.1789970548822,173.91056814104508,348.08956519592726,-179.9698574257389,179.9993353109371,359.969192736676,0.040220907700958375,178.0337401468317,179.9962074507555,23.056216273141796,0.23279761587395983
36,27,164971,backward,w,deg,48,48.0,0.0,-0.025255100660913854,63.64311416234016,-173.98597804892202,6.868241954289812,180.85422000321182,-177.187789185349,168.44573132731443,345.63352051266344,-1.3364976981436398,176.45410987848055,179.65592101490756,24.02528729783425,0.7084388912573222
36,28,131577,backward,w,deg,3015,3015.0,0.0,1.2748050580670451,98.25291883703896,-173.59850527635092,172.91159504652416,346.5101003228751,-179.94914344938024,179.96409364355748,359.9132370929377,-0.025175018265681342,177.97939707947396,179.98194764328338,21.86916457501673,0.2951870248524056
36,29,159475,backward,w,deg,585,585.0,0.0,-0.5768228679914102,66.51483914336673,-175.09567467274266,146.67327253826159,321.7689472110043,-179.73017353097288,179.38708128674466,359.11725481771754,-0.46017401151137866,176.0842373882985,179.83953656296495,25.589985697313995,0.6970590168466543
36,30,150379,backward,w,deg,3126,3126.0,0.0,0.34389546732401755,7.74569998677238,-6.618516262556305,3.1518075107455843,9.77032377330189,-177.89964937724687,178.99684134045754,356.8964907177044,3.358701690273856,9.213296498246493,179.56557355461484,23.910898447875766,0.9951339258903237
36,31,135159,backward,w,deg,17181,17181.0,0.0,-0.06392411916502283,1.896432873013905,-3.0013559865840875,3.318149559568127,6.3195055461522145,-3.814126647975854,4.273943171588797,8.088069819564652,0.16294367902222098,3.498083748349643,4.057954443042206,18.64046081337792,0.9994523405126808
36,32,199547,backward,w,deg,15743,15743.0,0.0,-0.5660589421501072,6.074627356421085,-3.6397332562921205,4.513680790286295,8.153414046578416,-179.96636558023738,179.3407584415703,359.3071240218077,-17.145608650673353,7.0625486943083695,178.9476960814372,29.083938834197188,0.9970407321577913
36,33,120656,backward,w,deg,13458,13458.0,0.0,0.3243870764525383,3.0824616582445663,-5.520998652381448,4.447413564470663,9.968412216852112,-6.200211128424968,7.680951660499375,13.881162788924343,-0.28654530099889786,5.589936656736904,7.9159334421918,20.179617154429742,0.9985536579145821
36,34,206228,backward,w,deg,306,306.0,0.0,-1.2309406038965278,84.91047714097023,-175.30082532625136,172.26825586998365,347.569081196235,-178.7907786743575,177.8007220852918,356.5915007596493,0.06785056982272084,177.79244094431974,179.8966998535974,25.666384196673157,0.5105873197269754
36,35,211385,backward,w,deg,9993,9993.0,0.0,-0.7518731926252826,8.983742394063112,-6.563407827736961,10.135349780402326,16.69875760813929,-10.843287725633985,162.5989846169855,173.44227234261948,11.663871270129501,14.776963949867739,167.24059878645096,24.938899268641187,0.9917014124152463
36,0,165887,forward,eps,km^2/s^2,17315,17315.0,0.0,-0.9046837068463581,0.023728885832348723,-0.942426600876135,-0.865363148193346,0.07706345268278891,-0.952095085955524,-0.8548328672731976,0.09726221868232632,0.039851058108939394,0.05166445041843403,0.06219473133858244,nan,nan
36,1,18323,forward,eps,km^2/s^2,2,2.0,0.0,-0.8495274565347579,0.03547789041711258,-0.8814575579101592,-0.8175973551593566,0.06386020275080262,-0.8850053469518705,-0.8140495661176453,0.07095578083422516,nan,0.0674079917925139,0.07095578083422516,nan,nan
36,2,100401,forward,eps,km^2/s^2,947,947.0,0.0,-0.239125644117553,0.3660236911553039,-0.9741639260860532,-0.1146222479347133,0.8595416781513399,-1.0132395932764513,-0.04389160369217371,0.9693479895842776,-0.18297224407556392,0.8372789598909941,0.8763546270813922,nan,nan
36,3,34057,forward,eps,km^2/s^2,982,982.0,0.0,-0.16821123207849104,0.23186302100525316,-0.8854888105258972,-0.04913563852279194,0.8363531720031053,-1.0201739466041788,-0.043981079635574294,0.9761928669686045,-2.3855806396714727,0.7508240573265322,0.885509193404814,nan,nan
36,4,150087,forward,eps,km^2/s^2,55,55.0,0.0,-0.21137228949629971,0.3353114430696671,-0.9724484487387576,-0.11877047293896607,0.8536779757997915,-1.020440955040417,-0.0919250959679977,0.9285158590724193,-0.670404674377887,0.7864544997697221,0.8344470060713816,nan,nan
36,5,17619,forward,eps,km^2/s^2,12862,12862.0,0.0,-0.9219662231557941,0.04001764227105941,-0.9934697306556852,-0.8673662713031235,0.12610345935256173,-1.0033713519224556,-0.854697651065499,0.14867370085695664,-0.20229819032420102,0.0767324642168071,0.08940108445443162,nan,nan
36,6,182806,forward,eps,km^2/s^2,11415,11415.0,0.0,-0.13616745844778178,0.04191573619419701,-0.19765600793645166,-0.06522503927412773,0.13243096866232393,-0.20212727965664257,-0.05970854043555551,0.14241873922108705,0.1196301577733842,0.08553535975499127,0.09000663147518217,nan,nan
36,7,144422,forward,eps,km^2/s^2,4376,4376.0,0.0,-0.1771031035997403,0.30024081268707936,-0.8851105545821447,-0.058628952344490726,0.826481602237654,-1.0208075341283356,-0.04437929460744894,0.9764282395208866,-1.2194984589872233,0.7669488419395991,0.9026458214857901,nan,nan
36,8,149492,forward,eps,km^2/s^2,464,464.0,0.0,-0.210937441547216,0.33587732926972425,-0.908259252814309,-0.11598889943866375,0.7922703533756452,-1.0194952570673936,-0.06609019004209948,0.9534050670252942,-0.4641484787893866,0.7000964809139832,0.8113324851670679,nan,nan
36,9,135518,forward,eps,km^2/s^2,7,7.0,0.0,-0.140554671195807,0.3476556139094659,-0.9311572449910503,-0.11414911064209952,0.8170081343489508,-0.958884068777272,-0.10646503045023847,0.8524190383270335,-1.204349777839748,0.7523122121811003,0.7599962923729614,nan,nan
36,10,33425,forward,eps,km^2/s^2,4288,4288.0,0.0,-0.939509768441712,0.04139557665070328,-0.9838236883219494,-0.8557921997318777,0.12803148859007174,-0.9915765064671732,-0.8451594743766324,0.1464170320905408,0.4680801602459133,0.07981412214563269,0.09044684750087795,nan,nan
36,11,72492,forward,eps,km^2/s^2,6705,6705.0,0.0,-0.2203712718193951,0.1314558292258786,-0.25373096086889296,-0.12893221240713426,0.1247987484617587,-0.9807716408007237,-0.12220359787061486,0.8585680429301088,-4.398399824185128,0.09721719615263248,0.7585753238221012,nan,nan
36,12,22493,forward,eps,km^2/s^2,1969,1969.0,0.0,-0.8237704125612206,0.2431116132405391,-0.881509029211994,-0.16162145670065173,0.7198875725113423,-0.9997486343995929,-0.048383325810864575,0.9513653085887284,1.7902007156607864,0.6579703030793482,0.7712084339691354,nan,nan
36,13,211354,forward,eps,km^2/s^2,8043,8043.0,0.0,-0.853594851131894,0.3426759361116687,-0.9619551989572003,-0.11438344215467905,0.8475717568025212,-0.9741901954461727,-0.061431441907169426,0.9127587535390033,0.7328826399718089,0.804869830077716,0.8578218303252256,nan,nan
36,14,83118,forward,eps,km^2/s^2,2499,2499.0,0.0,-0.2072503542365297,0.35495223664399006,-0.9546616958820067,-0.11477042058976675,0.83989127529224,-1.0203921731849346,-0.06123133880672904,0.9591608343782055,-0.4710383258551327,0.7921248914580136,0.8578553687609415,nan,nan
36,15,99615,forward,eps,km^2/s^2,158,158.0,0.0,-0.2111793631511985,0.3613759261579967,-0.9722427440019625,-0.1159940552073456,0.8562486887946169,-0.9768358444286688,-0.046719852405381124,0.9301159920232877,-0.4898178532834323,0.7624045120308592,0.7669976124575655,nan,nan
36,16,86351,forward,eps,km^2/s^2,16,16.0,0.0,-0.20972447998693833,0.37871512791537043,-0.9678719078726818,-0.09851778080749157,0.8693541270651903,-0.9752300854924874,-0.05015293496594231,0.925077150526545,-0.5663847256687105,0.8465273266441109,0.8538855042639164,nan,nan
36,17,131983,forward,eps,km^2/s^2,5,5.0,0.0,-0.20662824112903266,0.027785764110533528,-0.21021854398815235,-0.14688708617663476,0.06333145781151758,-0.21037132486747934,-0.13754034943664495,0.07283097543083439,1.6721032834509604,0.0726781945515074,0.07283097543083439,nan,nan
36,18,113202,forward,eps,km^2/s^2,599,599.0,0.0,-0.25826989164734904,0.3539897067197669,-0.9742683916107466,-0.11509020643921003,0.8591781851715365,-1.0181865681958364,-0.043804993072896425,0.97438157512294,-0.028975778940963242,0.7872582907551823,0.8311764673402721,nan,nan
36,19,58422,forward,eps,km^2/s^2,9885,9885.0,0.0,-0.20655630504070033,0.2373135797841545,-0.9265903726621643,-0.1545298523011822,0.772060520360982,-0.982310406265926,-0.142574781917421,0.839735624348505,-2.227802215854865,0.700890514659901,0.7566105482636628,nan,nan
36,20,40578,forward,eps,km^2/s^2,9009,9009.0,0.0,-0.9503615893305686,0.05149401890693797,-1.0033762740399685,-0.8549473919632579,0.14842888207671068,-1.0085644016778017,-0.846705652917265,0.16185874876053674,0.3341182678932312,0.11723072172835011,0.12547246077434304,nan,nan
36,21,207812,forward,eps,km^2/s^2,11577,11577.0,0.0,-0.900769136769047,0.047881517883177065,-0.9658910376866467,-0.8339481106811498,0.13194292700549692,-0.9707001529175148,-0.8072756822581036,0.16342447065941113,0.10323292715016538,0.07997747385789435,0.10664990228094051,nan,nan
36,22,205844,forward,eps,km^2/s^2,1538,1538.0,0.0,-0.2083804515644379,0.37096730371984843,-0.9752006814219731,-0.11566952793298406,0.8595311534889891,-1.0195542132081998,-0.05092914045345631,0.9686250727547435,-0.3039555089190591,0.8647165317155323,0.909070063501759,nan,nan
36,23,209561,forward,eps,km^2/s^2,5671,5671.0,0.0,-0.8466367698926982,0.3229926572216544,-0.9697074062149673,-0.13940037673587852,0.8303070294790889,-0.979689980049135,-0.10504670558278306,0.8746432744663519,0.8364014420463716,0.710923081976315,0.7452767531294106,nan,nan
36,24,66799,forward,eps,km^2/s^2,8986,8986.0,0.0,-0.2246430191857972,0.14914121548819967,-0.25606924323435265,-0.13784114041708842,0.11822810281726423,-0.9811158926923771,-0.12884776640976858,0.8522681262826085,-3.889709809535292,0.10494262840783769,0.7459075901345843,nan,nan
36,25,74430,forward,eps,km^2/s^2,6639,6639.0,0.0,-0.2089008723238608,0.28897844682130724,-0.9362776824451355,-0.1275572550261616,0.8087204274189739,-0.9805593026870278,-0.11852374682378519,0.8620355558632427,-1.423257157959762,0.7417326601326037,0.7860142803744962,nan,nan
36,26,107295,forward,eps,km^2/s^2,4591,4591.0,0.0,-0.23833226141766173,0.34612891121145406,-0.9606756774974661,-0.11783208338537593,0.8428435941120902,-0.9923142257569978,-0.10466520154431191,0.8876490242126859,-0.3725321887180116,0.7751293354104108,0.8067678836699426,nan,nan
36,27,164971,forward,eps,km^2/s^2,48,48.0,0.0,-0.21264343686374038,0.3188143627099764,-0.9337253034205596,-0.13472581253999286,0.7989994908805668,-0.9762101607813797,-0.11484903484960918,0.8613611259317705,-0.7320385431292133,0.7214570830499657,0.7639419404107858,nan,nan
36,28,131577,forward,eps,km^2/s^2,3015,3015.0,0.0,-0.257581283223983,0.35967886608385774,-0.9693104145866195,-0.08080200260569041,0.8885084119809291,-1.020820045950525,-0.05762114138502772,0.9631989045654973,-0.12239977503784842,0.792516122210933,0.8440257535748386,nan,nan
36,29,159475,forward,eps,km^2/s^2,585,585.0,0.0,-0.198743774184149,0.318030142292892,-0.92729254485552,-0.1166439837163208,0.8106485611391993,-1.0205829238249695,-0.04380055913553149,0.976782364689438,-0.8868229596111623,0.7290635530548447,0.8223539320242942,nan,nan
36,30,150379,forward,eps,km^2/s^2,3126,3126.0,0.0,-0.20563000733106657,0.333429595455166,-0.9158062508923689,-0.1118370186154847,0.8039692322768842,-1.0185624498252994,-0.1063082042924055,0.9122542455328939,-0.7552591970895273,0.7945183857836646,0.8972745847165952,nan,nan
36,31,135159,forward,eps,km^2/s^2,17181,17181.0,0.0,-0.1226508665913203,0.03087138324388856,-0.17402741674107458,-0.0785015863956825,0.09552583034539208,-0.1843322961909024,-0.07142303597840527,0.11290926021249714,-0.12285294455442561,0.07213922418498853,0.08244410363481636,nan,nan
36,32,199547,forward,eps,km^2/s^2,15743,15743.0,0.0,-0.8829085757592426,0.04167397177464812,-0.9567729329463792,-0.8305625925384951,0.12621034040788415,-0.9641453986562323,-0.8074847585554824,0.15666064010074987,-0.19151561223371277,0.07519448924522747,0.09827232322824009,nan,nan
36,33,120656,forward,eps,km^2/s^2,13458,13458.0,0.0,-0.11257638368835199,0.04032944609723148,-0.18989839910870118,-0.07017571743162031,0.11972268167708087,-0.196136692388436,-0.06441410327057195,0.13172258911786405,-0.350747423558339,0.09522690868543002,0.10146520196516484,nan,nan
36,34,206228,forward,eps,km^2/s^2,306,306.0,0.0,-0.21211775104951391,0.36063730928612964,-0.970794766240221,-0.1213781638823587,0.8494166023578623,-1.0150456054286332,-0.08637899477317335,0.9286666106554599,-0.26751226458140187,0.7821235533485033,0.8263743925369155,nan,nan
36,35,211385,forward,eps,km^2/s^2,9993,9993.0,0.0,-0.8724227164394379,0.30461184468788594,-0.9663564963561426,-0.11324939259253504,0.8531071037636075,-0.9730003285623325,-0.05885393284037144,0.9141463957219611,1.430560788349959,0.804478280899283,0.8588737406514466,nan,nan
36,0,165887,forward,e,-,17315,17315.0,0.0,0.3946793431955258,0.042528299884304,0.31979511181200154,0.45808939154599276,0.13829427973399122,0.2974362005656398,0.4733718035135893,0.17593560294794952,-0.1655774029415067,0.09647256250014115,0.11883147374650294,nan,nan
36,1,18323,forward,e,-,2,2.0,0.0,0.2765331359320888,0.08185710726634339,0.20286173939237973,0.35020453247179784,0.1473427930794181,0.19467602866574538,0.35839024319843216,0.16371421453268678,nan,0.15552850380605243,0.16371421453268678,nan,nan
36,2,100401,forward,e,-,947,947.0,0.0,0.4929133756015114,0.1501383283956925,0.1951873241848673,0.7261196590715726,0.5309323348867053,0.17020378480203383,0.8954250633070769,0.7252212785050431,-0.00314714017470568,0.4768619050650871,0.5018454444479206,nan,nan
36,3,34057,forward,e,-,982,982.0,0.0,0.5953369590738502,0.16273681242036822,0.3529463913414936,0.8829471951998072,0.5300008038583137,0.16972585532011825,0.8952125964134294,0.7254867410933112,0.00225009610399851,0.32468972336444435,0.50791025938582,nan,nan
36,4,150087,forward,e,-,55,55.0,0.0,0.5056831376709153,0.15739419461439835,0.23146364413997278,0.7161108021085124,0.48464715796853963,0.1698141830836259,0.7806098396144959,0.6107956565308701,-0.15152599324350197,0.3194186898153427,0.3810681508716896,nan,nan
36,5,17619,forward,e,-,12862,12862.0,0.0,0.4239177894125187,0.06715798172018946,0.3229842799149606,0.534945025404827,0.21196074548986643,0.2961950763715573,0.5489652397873142,0.25277016341575687,0.05797241704542669,0.1373838517042354,0.16417305524763876,nan,nan
36,6,182806,forward,e,-,11415,11415.0,0.0,0.6738698242202799,0.10220110084530512,0.5216351735935716,0.8445624863396808,0.3229273127461092,0.5101369507698361,0.8577124763984688,0.3475755256286327,0.0955666222378574,0.21078209055828476,0.22228031338202026,nan,nan
36,7,144422,forward,e,-,4376,4376.0,0.0,0.5732192459481358,0.18094163821281925,0.2248448067705229,0.8603459286330372,0.6355011218625143,0.17001816509090778,0.8942666422086608,0.7242484771177531,-0.3936786596508794,0.492755830865271,0.5475824725448861,nan,nan
36,8,149492,forward,e,-,464,464.0,0.0,0.4909843180967438,0.16638072251208322,0.2165552924203319,0.7227696711670933,0.5062143787467615,0.17101087925057248,0.8425759630388887,0.6715650837883163,-0.057395293507443816,0.2785496968991137,0.34786232859135613,nan,nan
36,9,135518,forward,e,-,7,7.0,0.0,0.6633656595836832,0.14840375899403424,0.3533992458106081,0.7272019289817472,0.37380268317113907,0.32276188468899797,0.745750992301869,0.42298910761287106,-0.6072022760213042,0.40444004429274927,0.42298910761287106,nan,nan
36,10,33425,forward,e,-,4288,4288.0,0.0,0.4534218632897834,0.07099425838276141,0.2990954840524278,0.5212039833187629,0.22210849926633514,0.2751346523706724,0.5324314770449404,0.257296824674268,-0.6265584686515403,0.14833853182689877,0.1722993635086542,nan,nan
36,11,72492,forward,e,-,6705,6705.0,0.0,0.46360910494303254,0.10590566809626809,0.37978023445941267,0.6914502621842311,0.31167002772481844,0.16857236846964585,0.7077679114622923,0.5391955429926465,0.2390968435319271,0.23680562135659758,0.2893947723084019,nan,nan
36,12,22493,forward,e,-,1969,1969.0,0.0,0.23183496275488255,0.1355090350551454,0.1889377903952012,0.6112899548551705,0.42235216445996926,0.16971236327555636,0.8847415560218773,0.7150291927463209,1.6923772760083842,0.4005600350403527,0.6740116362070596,nan,nan
36,13,211354,forward,e,-,8043,8043.0,0.0,0.442021526268649,0.1386111368366949,0.2557148373392084,0.726619764204555,0.4709049268653466,0.17129373122767533,0.8535837771648843,0.682290045937209,0.5195973468737216,0.30640059837656397,0.4333646113368933,nan,nan
36,14,83118,forward,e,-,2499,2499.0,0.0,0.5001207657564626,0.1387034063940404,0.2512387783569584,0.7257797801466042,0.47454100178964576,0.17076563489698493,0.8540429666207566,0.6832773317237717,-0.16397424765264743,0.35817181876825566,0.43864496222822913,nan,nan
36,15,99615,forward,e,-,158,158.0,0.0,0.5001378636477728,0.13476726165806469,0.31243406836769516,0.7227636593795433,0.4103295910118482,0.21115018258522028,0.8887012718543874,0.6775510892691672,0.1748504780097521,0.24288839158670447,0.3983757395084325,nan,nan
36,16,86351,forward,e,-,16,16.0,0.0,0.5011954852534584,0.18348757076706446,0.23438083502982418,0.764669281939524,0.5302884469096998,0.18669419530022122,0.8805307353897781,0.6938365400895569,-0.35759312875515364,0.47542513141883047,0.5231117711484334,nan,nan
36,17,131983,forward,e,-,5,5.0,0.0,0.49827035942566983,0.06936785208400602,0.48930928407629215,0.6475657488616514,0.15825646478535926,0.4889069363490451,0.6706533024598673,0.18174636611082223,1.6544698933811748,0.18134401838357514,0.18174636611082223,nan,nan
36,18,113202,forward,e,-,599,599.0,0.0,0.4434764913419203,0.16073761965920141,0.21005243495828643,0.7249681764984819,0.5149157415401955,0.17153859831983675,0.895629061244371,0.7240904629245343,0.6247891488479376,0.3421971422639438,0.3774202841517429,nan,nan
36,19,58422,forward,e,-,9885,9885.0,0.0,0.5026572151716139,0.08252529794567733,0.356119773790205,0.6289983358525736,0.2728785620623686,0.19420109252910225,0.6582579543714459,0.4640568618423436,-0.5863678292915465,0.18621855100430454,0.25346289934832766,nan,nan
36,20,40578,forward,e,-,9009,9009.0,0.0,0.47043884947162246,0.08658445303096551,0.2971008199202334,0.5489915586906546,0.25189073877042123,0.2786443417847646,0.5562090261526239,0.2775646843678593,-0.45286841078718826,0.20675337423648865,0.22520985237195745,nan,nan
36,21,207812,forward,e,-,11577,11577.0,0.0,0.387951463619755,0.08981146965594182,0.24866821306777354,0.49461537463479427,0.24594716156702073,0.17171351989522549,0.5018406299914819,0.33012711009625645,-0.3193171423489384,0.16240830989406999,0.23936300306661812,nan,nan
36,22,205844,forward,e,-,1538,1538.0,0.0,0.5071099648866102,0.12842201208973908,0.27025609149082724,0.723540065717961,0.4532839742271338,0.17006665311222163,0.8786828485823137,0.708616195470092,-0.19418207290539272,0.4658445347231396,0.5660339731017452,nan,nan
36,23,209561,forward,e,-,5671,5671.0,0.0,0.4005244643972358,0.12752018468345566,0.25314062629494016,0.6659111931681685,0.41277056687322833,0.17036530470072858,0.7491650797600946,0.5787997750593661,0.6101428598471664,0.37781025733760526,0.4610641439295313,nan,nan
36,24,66799,forward,e,-,8986,8986.0,0.0,0.45421544029979183,0.1057354236455181,0.3744514724996918,0.669821231877496,0.2953697593778042,0.16889565608930196,0.691670303248295,0.5227746471589931,0.23348448783034031,0.24788627233551622,0.2692516667065468,nan,nan
36,25,74430,forward,e,-,6639,6639.0,0.0,0.4953054772065512,0.0986540852925278,0.3247724440290914,0.694804672597631,0.3700322285685396,0.1696830202884509,0.7166692959535834,0.5469862756651325,-0.04165958948277326,0.2052002861613359,0.36028970990197645,nan,nan
36,26,107295,forward,e,-,4591,4591.0,0.0,0.4786725213659258,0.15508405550717227,0.24739946411552755,0.718330268103509,0.47093080398798143,0.16987312589813894,0.7504081654881244,0.5805350395899854,0.04931013742091455,0.3052139158962168,0.38274025411360535,nan,nan
36,27,164971,forward,e,-,48,48.0,0.0,0.48388827946714646,0.14072812555191197,0.23490988578800517,0.6774000202650016,0.44249013447699637,0.21759861844272824,0.7255488052307507,0.5079501867880225,-0.13592980343909952,0.24947587830032292,0.26630069459156136,nan,nan
36,28,131577,forward,e,-,3015,3015.0,0.0,0.4574702152826201,0.1885795686995982,0.22196311336953256,0.8074866874098388,0.5855235740403062,0.1705568463462666,0.8627442395778023,0.6921873932315357,0.39615743058430586,0.35261546317667025,0.4040217301999363,nan,nan
36,29,159475,forward,e,-,585,585.0,0.0,0.519834014861136,0.16153355014834997,0.21854309569049432,0.7212481214109921,0.5027050257204978,0.17100555090973987,0.8956399397956282,0.7246343888858883,-0.34589151693153064,0.30641726621542753,0.37580592493449216,nan,nan
36,30,150379,forward,e,-,3126,3126.0,0.0,0.5028909970419704,0.16138043183253215,0.23065935484335356,0.7327942411304147,0.5021348862870612,0.17033381821885288,0.7461339860752622,0.5758001678564093,-0.25900333798684794,0.47927594976280374,0.5396014863873044,nan,nan
36,31,135159,forward,e,-,17181,17181.0,0.0,0.7069129666202353,0.07479626519359833,0.581177885539475,0.812854124174089,0.23167623863461395,0.5553751614116997,0.8297559577385932,0.2743807963268935,-0.13926251873628723,0.17567189974224118,0.20147462387001647,nan,nan
36,32,199547,forward,e,-,15743,15743.0,0.0,0.35472666015920706,0.07919743523204423,0.24118644150947297,0.4806682685168381,0.23948182700736512,0.1724223494762908,0.49194836207381804,0.3195260125975272,-0.05092041786660939,0.15561610811230514,0.22438020014548735,nan,nan
36,33,120656,forward,e,-,13458,13458.0,0.0,0.7311517317704854,0.09809083695586995,0.5412947503132345,0.8327291039694921,0.2914343536562576,0.5254795991312685,0.8464854473870952,0.3210058482558267,-0.36687380509928263,0.23277478380651204,0.24858993498847803,nan,nan
36,34,206228,forward,e,-,306,306.0,0.0,0.4976583645725773,0.14142306378471178,0.23453546662599484,0.7097967040368227,0.4752612374108279,0.1711696775463333,0.793907229099846,0.6227375515535127,-0.2581441823689038,0.3095929431819225,0.37295873226158405,nan,nan
36,35,211385,forward,e,-,9993,9993.0,0.0,0.442090153901476,0.1395102618284667,0.24776760902675002,0.7293767575062639,0.48160914847951386,0.17158521713978328,0.8597500074356198,0.6881647902958365,0.7587272499563736,0.31176649271011775,0.44213974263947364,nan,nan
36,0,165887,forward,w,deg,17315,17315.0,0.0,-0.2799614207782497,3.421934523829111,-4.8938343556531665,6.220426284090603,11.114260639743769,-5.3845497056998965,8.427678422610029,13.812228128309926,0.35718003734998655,6.7319601347403015,8.939212273259727,355.8716440973623,0.9982177032514452
36,1,18323,forward,w,deg,2,2.0,0.0,0.0,7.781846665737305,-7.003661999163574,7.003661999163574,14.007323998327148,-7.781846665737305,7.781846665737305,15.56369333147461,nan,14.78550866490088,15.56369333147461,120.85245912956842,0.9907907902476449
36,2,100401,forward,w,deg,947,947.0,0.0,24.11197089359706,85.90997881740631,-146.9270729558491,47.07837560787316,194.00544856372227,-158.09193111510402,58.32902425974203,216.42095537484605,-0.17658910659639235,178.76800817951562,179.93617788589165,305.58787499646854,0.11389315376172096
36,3,34057,forward,w,deg,982,982.0,0.0,-0.7019545425092986,54.2102594171914,-149.19219159107874,20.25523800121691,169.44742959229563,-179.71102491910852,179.55164334996908,359.2626682690776,-0.12183065815200714,170.1223037150224,179.8078008366927,296.2350424390786,0.7930815546180805
36,4,150087,forward,w,deg,55,55.0,0.0,2.6046783332446637,100.2112501546521,-176.9367748667153,174.6789997085991,351.6157745753144,-179.49079741123103,178.3382573734557,357.8290547846867,-0.006309090120214414,177.89614886940575,179.15138681424173,142.86490042433914,0.3085482471839804
36,5,17619,forward,w,deg,12862,12862.0,0.0,-0.58101992238457,4.634052755338251,-6.412942705517611,8.270021442644552,14.682964148162164,-7.05852333797651,13.071979420692685,20.130502758669195,0.44190244624487185,8.965270962529107,13.76722894057724,296.4680154888534,0.9967333543180629
36,6,182806,forward,w,deg,11415,11415.0,0.0,-0.6911506143743793,7.430533227247159,-11.696464246550635,13.683041231150852,25.379505477701485,-16.02232842372382,18.747729895513118,34.77005831923694,0.2725623011285695,21.49150383395643,26.556192498318694,189.7807504650518,0.9916200064339948
36,7,144422,forward,w,deg,4376,4376.0,0.0,-0.7102701923909365,79.77902444107121,-164.49857625389183,170.34217410334918,334.840750357241,-179.95834070030529,179.9473301053871,359.90567080569235,0.2315210377134011,173.7212555402745,179.99231848203124,274.98875669235923,0.5382588393444198
36,8,149492,forward,w,deg,464,464.0,0.0,2.8618577123983044,96.81235591385794,-175.050817178005,173.75907115099358,348.80988832899857,-179.9538713140833,179.540206520838,359.4940778349213,-0.006558253686274733,178.11110739886934,179.9953811992068,43.04901788993244,0.23421559245591253
36,9,135518,forward,w,deg,7,7.0,0.0,-9.774838153254223,74.70771794054212,-23.830425709344276,154.25151348437942,178.08193919372368,-27.9698429360499,155.66794328100588,183.63778621705578,1.1549289944971304,174.40546828647203,176.3622137829442,251.65703384355714,0.43220649814189754
36,10,33425,forward,w,deg,4288,4288.0,0.0,-1.6203163413669301,9.443585314690063,-13.39439059870501,17.860085442348623,31.254476041053636,-16.144188895576974,25.47589836930092,41.620087264877895,0.5054558929403785,28.31165910959162,35.92747203654392,327.9244868575188,0.9864930431302013
36,11,72492,forward,w,deg,6705,6705.0,0.0,-0.15468206141034102,33.10460194538177,-13.087387478586873,13.666108901340037,26.753496379926908,-179.8674870761048,179.89272641914448,359.7602134952493,-0.8161948653549091,18.55997072014689,179.9556972746818,201.51851805993138,0.9207885400315332
36,12,22493,forward,w,deg,1969,1969.0,0.0,-0.4464585903937177,63.925201167134254,-21.18657265298482,170.4668212005534,191.6533938535382,-179.71879605296704,179.68898396168532,359.40778001465236,1.600971077923444,175.5949031191096,179.97620010002709,158.62519875285807,0.6640614748918858
36,13,211354,forward,w,deg,8043,8043.0,0.0,-2.268556681160163,98.14106949781002,-175.9125305616112,176.8990949544744,352.8116255160856,-179.98458756608215,179.99442939275474,359.9790169588369,0.023047207747779155,178.11753283529254,179.99871945775226,39.88516762871757,0.344691506414898
36,14,83118,forward,w,deg,2499,2499.0,0.0,5.614178580089288,85.35155185993334,-169.532947158433,19.68873515917759,189.22168231761057,-179.29017510323396,178.20963785606745,357.4998129593014,-0.4213006603386091,178.8499223388127,179.98578920281432,294.52998987283195,0.23596820914774216
36,15,99615,forward,w,deg,158,158.0,0.0,-3.592072145717111,88.7053111693315,-176.82139294889757,27.34873387911865,204.1701268280162,-178.57374587548395,179.45640236074235,358.0301482362263,-0.3097688555264789,176.77492891558455,179.72078217290937,88.01335313211379,0.23729078038976342
36,16,86351,forward,w,deg,16,16.0,0.0,2.7168783651020902,83.63002589022072,-174.49743950722598,29.94472466850062,204.4421641757266,-178.0899272983304,34.66650833723418,212.75643563556457,-0.5790438016577173,167.67179300446617,170.81555101280514,190.5338772599451,0.2643353379938883
36,17,131983,forward,w,deg,5,5.0,0.0,0.626613768483594,3.8437694139482224,-4.376166937657979,5.023772548481713,9.399939486139692,-4.470707340821548,5.758127097951331,10.228834438772878,0.24610186596648212,9.49447988930326,10.228834438772878,268.39037338464345,0.9977510762171222
36,18,113202,forward,w,deg,599,599.0,0.0,36.70339278643803,88.67556740604758,-135.17966080290628,69.42742786892073,204.607088671827,-144.6227843012522,79.41557077889144,224.03835508014365,-0.04530869467115799,177.81205055900378,179.94232209560835,308.0949313656072,0.0411173243373395
36,19,58422,forward,w,deg,9885,9885.0,0.0,-0.39965203147681905,60.434079866072466,-165.81823579752867,161.79088819163317,327.60912398916184,-179.98549429863658,179.98728175708362,359.9727760557202,-0.13287939690167008,172.22152197063795,179.9848950988005,168.5287626870226,0.747598338708951
36,20,40578,forward,w,deg,9009,9009.0,0.0,0.08811415635284447,6.4017209547054055,-11.08640708713035,10.766231842225887,21.85263892935624,-14.352786321567635,17.334747608002203,31.687533929569838,0.012896267733208643,12.466193370023282,17.14029323767204,308.04440500825723,0.9937747394085341
36,21,207812,forward,w,deg,11577,11577.0,0.0,-0.7000691164127204,5.230462707236515,-7.179257133453734,8.322864736591612,15.502121870045347,-11.149916068999659,35.61424556942262,46.76416163842228,1.4916554084273004,11.192447744553789,38.48382857738477,17.41587444588495,0.9958583370486207
36,22,205844,forward,w,deg,1538,1538.0,0.0,15.648562214261688,84.92854748006326,-154.78580554904497,34.62795827908271,189.41376382812768,-175.00741955152563,42.38377818078942,217.39119773231505,-0.29173362848430345,174.00038010811292,179.80684867834293,296.7983090477238,0.16365604678572193
36,23,209561,forward,w,deg,5671,5671.0,0.0,-3.608204415202124,96.02176180274739,-176.94085955217227,175.48098802562993,352.42184757780217,-179.99964501288736,179.99954834430633,359.9991933571937,-0.012908635894844582,174.84700554593337,179.96377089833913,53.011401157563604,0.3819611033266476
36,24,66799,forward,w,deg,8986,8986.0,0.0,-0.684029164939659,37.369011006981715,-9.715864269476391,13.277233476575304,22.993097746051696,-179.69740379948385,179.9958902780479,359.69329407753173,-0.3230903333063812,15.675172502477679,179.9956500746158,183.6416474984085,0.9019554105264104
36,25,74430,forward,w,deg,6639,6639.0,0.0,-0.041459936210003434,79.66318780509947,-174.91531300646292,175.29952558148145,350.21483858794437,-179.99468156521283,179.9815439849162,359.976225550129,-0.06633588756110073,177.65443690012708,179.99514437393282,222.0382413783302,0.5776137169816873
36,26,107295,forward,w,deg,4591,4591.0,0.0,-1.460558379671454,104.26675569754757,-171.74201864633207,172.25628318129313,343.9983018276252,-179.98975112412165,179.99642205808243,359.9861731822041,-0.06529105693228578,175.82437928936514,179.9925978866284,250.57344271233134,0.19319629505674335
36,27,164971,forward,w,deg,48,48.0,0.0,-0.3046456413649423,96.8534270183768,-168.5952136013841,172.25927835671726,340.85449195810133,-179.3003575538985,175.12404347551342,354.4244010294119,0.02771937220222752,177.00056345517982,178.52400640573666,172.53795499688206,0.3319311303689576
36,28,131577,forward,w,deg,3015,3015.0,0.0,-15.169285844308149,92.35681458644987,-31.399876027077323,171.88329330465888,203.2831693317362,-179.83068783890212,179.85096460379873,359.68165244270085,0.010602076412416003,176.88063307429346,179.98111745655808,286.2435715298393,0.09074922725926102
36,29,159475,forward,w,deg,585,585.0,0.0,-0.3115855788017541,92.37830305221165,-177.031558882095,173.21656741279205,350.248126294887,-179.9680504552889,179.98297754883743,359.95102800412633,-0.09091533118602431,177.53943269971896,179.9496649215759,29.70728106362035,0.4092385514783261
36,30,150379,forward,w,deg,3126,3126.0,0.0,3.3663001043075553,87.31168461614477,-167.787295401595,18.686388151846245,186.47368355344125,-179.967158545585,179.9939910731432,359.9611496187282,-0.27322313950180266,174.0005590143261,179.86487597421154,282.67474233604133,0.3669446936476161
36,31,135159,forward,w,deg,17181,17181.0,0.0,-0.29399011353834226,4.339700789586737,-6.310836643102448,7.376422404696513,13.68725904779896,-6.937070862917949,10.940617379994308,17.877688242912257,0.2748093814038515,8.032392848062187,11.596587823359982,157.81351498455265,0.9971344606830742
36,32,199547,forward,w,deg,15743,15743.0,0.0,-0.1963086309534674,4.132225313749715,-6.384131673172061,6.568569019834726,12.952700693006786,-8.255322797798271,22.211349058195196,30.466671855993468,0.42933311578286665,8.396502374239603,24.039282412600073,6.437872083451245,0.997403111604073
36,33,120656,forward,w,deg,13458,13458.0,0.0,-0.39881705394395794,5.1698201619973725,-7.794790220129708,8.963279439245625,16.758069659375334,-10.781777450392383,12.818675493001479,23.60045294339386,0.21819555739874316,9.758361113597687,13.502333304489468,172.423097194876,0.9959354463325758
36,34,206228,forward,w,deg,306,306.0,0.0,9.279284949843827,87.73240718804443,-169.06215489802668,28.0171265913428,197.07928148936946,-176.231360482671,178.7652943288249,354.9966548114959,-0.2182053713616928,176.93563555892965,179.7490068710452,52.64955922382132,0.13549335940641796
36,35,211385,forward,w,deg,9993,9993.0,0.0,-1.3330331423032362,78.89745710720064,-175.75035347789557,174.6841571239209,350.43451060181644,-179.99592025823108,179.99879111883558,359.99471137706666,0.10695632153597429,177.59940940948857,179.9997270601674,28.63854447560595,0.5896342132576312
41,0,121224,backward,eps,km^2/s^2,13092,13092.0,0.0,-0.10929804170226998,0.04024225263049445,-0.18874090352372772,-0.07046122323193825,0.11827968029178947,-0.19524531084314178,-0.06485327167013244,0.13039203917300934,-0.39192918877987043,0.08096765066311093,0.087472057982525,nan,nan
41,1,18323,backward,eps,km^2/s^2,2,2.0,0.0,-0.4690906312250537,0.34782615355190705,-0.78213416942177,-0.15604709302833736,0.6260870763934328,-0.8169167847769607,-0.12126447767314663,0.6956523071038141,nan,0.6608696917486233,0.6956523071038141,nan,nan
41,2,98433,backward,eps,km^2/s^2,638,638.0,0.0,-0.21110668324544885,0.32744517971645526,-0.9695276014807483,-0.11356187129323796,0.8559657301875104,-1.0205536257856416,-0.04380722131250103,0.9767464044731405,-0.8746987617419311,0.7835870058294058,0.834613030134299,nan,nan
41,3,33827,backward,eps,km^2/s^2,909,909.0,0.0,-0.8672632984255746,0.046540227459889734,-0.9580570072536024,-0.8134967034318652,0.14456030382173723,-1.020836128343177,-0.806208472304013,0.214627656039164,-0.6118890456653553,0.0807389689582078,0.13293559498622132,nan,nan
41,4,164684,backward,eps,km^2/s^2,67,67.0,0.0,-0.19683432014483537,0.24399501277205765,-0.9042088726101402,-0.11579036658741722,0.7884185060227229,-0.9770398650056108,-0.10646738287128665,0.8705724821343241,-2.1238880401130396,0.709994287340594,0.782825279736065,nan,nan
41,5,17619,backward,eps,km^2/s^2,12862,12862.0,0.0,-0.903590310512592,0.03515547818866069,-0.9744580694898003,-0.861319099088694,0.11313897040110632,-0.9928130156257337,-0.8519979305389092,0.1408150850868245,-0.4577488575603215,0.06101935313936271,0.07607706027936612,nan,nan
41,6,207815,backward,eps,km^2/s^2,13742,13742.0,0.0,-0.2249316257849811,0.0506271755257894,-0.2501644893482256,-0.13263041132124756,0.11753407802697804,-0.8107012563408416,-0.12560669176391293,0.6850945645769286,-4.1179442955886545,0.09655502581527423,0.5818527427798672,nan,nan
41,7,151853,backward,eps,km^2/s^2,2854,2854.0,0.0,-0.16931815752307933,0.050030058050385684,-0.24167368884468443,-0.06509105872338665,0.17658263012129777,-0.2593276385082858,-0.04391779137377705,0.21540984713450873,0.3134816699572176,0.11129685310775979,0.1324701204573694,nan,nan
41,8,149492,backward,eps,km^2/s^2,413,413.0,0.0,-0.2029189252525887,0.302884818184434,-0.8995437709971488,-0.11382447303567815,0.7857192979614707,-0.9757175924820978,-0.1065462381788227,0.8691713543032751,-1.1005905565445002,0.7252048441438098,0.8013786656287589,nan,nan
41,9,135518,backward,eps,km^2/s^2,6,6.0,0.0,-0.19637883185262367,0.31819163733686906,-0.8258968552353436,-0.11618376049669821,0.7097130947386454,-1.0176690233481307,-0.11438481223387309,0.9032842111142576,-2.299179485149736,0.67305240350978,0.8648245716225671,nan,nan
41,10,33425,backward,eps,km^2/s^2,4276,4276.0,0.0,-0.9495666530968736,0.03949272629716365,-0.9840477258951951,-0.8595553986015971,0.12449232729359794,-0.9985887564650576,-0.8451401246810116,0.153448631784046,0.7150681727773387,0.07389800208847422,0.0883132760090597,nan,nan
41,11,72883,backward,eps,km^2/s^2,6489,6489.0,0.0,-0.9093118843215787,0.04875445816732626,-0.9677708862592496,-0.8279176526859916,0.13985323357325796,-0.9808263891971716,-0.8063735576050273,0.1744528315921443,0.22478094531128717,0.0763738354221987,0.09677951819196928,nan,nan
41,12,204518,backward,eps,km^2/s^2,2132,2132.0,0.0,-0.24674363192618554,0.32300926592171875,-0.954745653882486,-0.0681313713803149,0.8866142825021711,-1.0201349727623945,-0.049948928221153266,0.9701860445412412,-0.8235019218551123,0.7434293774610571,0.8088186963409657,nan,nan
41,13,212089,backward,eps,km^2/s^2,8777,8777.0,0.0,-0.21034153027479274,0.034108492475107714,-0.24463233090331515,-0.1277925875272794,0.11683974337603575,-0.8126854330083751,-0.0739063336154051,0.73877909939297,-1.0231203902389918,0.0762770595072689,0.6086961841192084,nan,nan
41,14,205453,backward,eps,km^2/s^2,1585,1585.0,0.0,-0.18651253833788417,0.03828401738547364,-0.21374863813525563,-0.11387522634013372,0.09987341179512191,-0.2584258866957744,-0.044431271580256615,0.21399461511551776,0.43513714219928035,0.07073061776250057,0.13920521574532585,nan,nan
41,15,119732,backward,eps,km^2/s^2,171,171.0,0.0,-0.2093712501550098,0.3373559358700513,-0.9690231436941863,-0.11680836512654302,0.8522147785676433,-0.9770401771211343,-0.07489050235106531,0.902149674770069,-0.8213892751565737,0.7603168189208609,0.7683338523478089,nan,nan
41,16,181737,backward,eps,km^2/s^2,10,10.0,0.0,-0.17869251016646637,0.27234791713473633,-0.8262330792398357,-0.08533407599241494,0.7408990032474208,-0.8282834719189582,-0.0800492234137743,0.7482342485051839,-1.6673391409412908,0.7344397389846378,0.7364901316637603,nan,nan
41,17,131983,backward,eps,km^2/s^2,5,5.0,0.0,-0.1650838201903747,0.3028923992592412,-0.7745440715457426,-0.1336164932141638,0.6409275783315788,-0.9166889311745429,-0.13026740448873786,0.786421526685805,-2.1980072911380026,0.6275312234298749,0.7696760830586753,nan,nan
41,18,141617,backward,eps,km^2/s^2,402,402.0,0.0,-0.24317305174942194,0.31792419147552387,-0.966966189787997,-0.11502305159696485,0.8519431381910321,-1.0183677716126565,-0.04390831562550124,0.9744594559871552,-0.876048324050413,0.7379939758463548,0.7893955576710143,nan,nan
41,19,165603,backward,eps,km^2/s^2,16631,16631.0,0.0,-0.19774021289411847,0.02474333564328026,-0.23125193026758173,-0.1528973463191503,0.07835458394843142,-0.2368262011669645,-0.14214432129427157,0.09468187987269294,0.24963053240794686,0.06560178036317554,0.07635480538805428,nan,nan
41,20,40578,backward,eps,km^2/s^2,9009,9009.0,0.0,-0.9817054131638415,0.04852572144711245,-1.0035120523434018,-0.855727941196886,0.1477841111465158,-1.0086547271271056,-0.8465284364528025,0.16212629067430306,1.0310101982422375,0.1149332113030567,0.12413271604714016,nan,nan
41,21,45237,backward,eps,km^2/s^2,3702,3702.0,0.0,-0.8681025619752007,0.050306391730376654,-0.9747279395959377,-0.8318546993598319,0.14287324023610581,-0.9804838093061583,-0.8067280478455953,0.17375576146056304,-0.5046011783860982,0.1287879930721588,0.1345438627823794,nan,nan
41,22,205841,backward,eps,km^2/s^2,811,811.0,0.0,-0.19119795748606228,0.03979955834133513,-0.23075870608122412,-0.11460612004671183,0.11615258603451228,-0.2583239078018683,-0.04415323856072739,0.21417066924114092,0.573979431184737,0.07087280352566355,0.1406639158067674,nan,nan
41,23,215309,backward,eps,km^2/s^2,5776,5776.0,0.0,-0.19464817667637052,0.06717716810625085,-0.23960285428389844,-0.11860574690016343,0.12099710738373501,-0.9703572314637876,-0.08126439217977144,0.8890928392840162,-7.8370702074932295,0.0702995539413929,0.7861454882025504,nan,nan
41,24,67173,backward,eps,km^2/s^2,8662,8662.0,0.0,-0.8964841994516906,0.044458307092093106,-0.9603994717513457,-0.834436508411926,0.1259629633394197,-0.9810383439724473,-0.806619762744349,0.17441858122809828,0.05127033261818138,0.07240002810278938,0.09642857928032489,nan,nan
41,25,74432,backward,eps,km^2/s^2,5605,5605.0,0.0,-0.9003140481169474,0.04420822630482547,-0.9666213452815978,-0.8321935107365267,0.13442783454507112,-0.9805267118082368,-0.8066103600792471,0.17391635172898967,0.07685618341210212,0.07498540714771998,0.09062777891726004,nan,nan
41,26,112234,backward,eps,km^2/s^2,3373,3373.0,0.0,-0.24138989290084878,0.3271798855380969,-0.9486029086172005,-0.10835306500845415,0.8402498436087464,-1.016166401552411,-0.09061842682894772,0.9255479747234633,-0.6600604652773944,0.7436857799478584,0.8112492728830689,nan,nan
41,27,166403,backward,eps,km^2/s^2,32,32.0,0.0,-0.19134293107234362,0.2809701130690065,-0.9029606115022014,-0.1165859210817228,0.7863746904204786,-0.9721623626889256,-0.11498373245609261,0.857178630232833,-1.6417494398633543,0.7069951187743414,0.7761968699610656,nan,nan
41,28,144422,backward,eps,km^2/s^2,3810,3810.0,0.0,-0.16561959410993843,0.23277901529103487,-0.8361239610561815,-0.04860323247298178,0.7875207285831997,-1.0207392989867343,-0.043998602475122994,0.9767406965116113,-2.1778467177825047,0.6725976514566016,0.8572129893871544,nan,nan
41,29,155091,backward,eps,km^2/s^2,544,544.0,0.0,-0.18249498263294867,0.23830518712216997,-0.8346338968708398,-0.11591847201079632,0.7187154248600435,-1.0023683426834398,-0.043879077490019736,0.95848926519342,-2.0663791887270175,0.6522941995525644,0.8200286453651644,nan,nan
41,30,153900,backward,eps,km^2/s^2,2256,2256.0,0.0,-0.16884774123087898,0.05274629024176016,-0.2143362544398392,-0.10936225320210716,0.10497400123773204,-1.0207786020554366,-0.04511806951241282,0.9756605325430238,-5.02703857242063,0.0691805105840061,0.848890091297679,nan,nan
41,31,136639,backward,eps,km^2/s^2,16522,16522.0,0.0,-0.12354978819150586,0.03090841590516147,-0.17332859329201677,-0.07847989651343983,0.09484869677857695,-0.18291659421337536,-0.07157441740973014,0.11134217680364522,-0.08025075912682204,0.05967586301095406,0.06926386393231265,nan,nan
41,32,182807,backward,eps,km^2/s^2,9053,9053.0,0.0,-0.12706178073782948,0.040170080317434013,-0.1959647371464936,-0.06555264545983956,0.13041209168665402,-0.2005658934756679,-0.06098087863418866,0.13958501484147923,-0.09593367379481453,0.0670537619292148,0.07031412522989677,nan,nan
41,33,198441,backward,eps,km^2/s^2,15183,15183.0,0.0,-0.2255259939022778,0.0418077569262711,-0.24662739181687804,-0.14004572061515838,0.10658167120171966,-0.8152036523843225,-0.13200993977318976,0.6831937126111327,-2.629120612620991,0.09476607766062885,0.5805024644792721,nan,nan
41,34,206425,backward,eps,km^2/s^2,270,270.0,0.0,-0.201029413702197,0.30817494532209005,-0.9572609780792746,-0.11759226448907825,0.8396687135901963,-1.020754723273971,-0.10805916553719896,0.9126955577367721,-1.1439725938016916,0.7665650616092782,0.8300588068039747,nan,nan
41,35,98442,backward,eps,km^2/s^2,8617,8617.0,0.0,-0.15667069229331576,0.044628894514470774,-0.22077789749550822,-0.06727661181235228,0.15350128568315594,-0.25713139719690337,-0.058817793307683885,0.19831360388921948,0.19140852514015974,0.12204302983752596,0.13050184834219436,nan,nan
41,36,58099,backward,eps,km^2/s^2,9619,9619.0,0.0,-0.9016609584270416,0.029328173231167095,-0.9457453217441789,-0.8566653362552278,0.08907998548895113,-0.9822563133015761,-0.8154048335959787,0.16685147970559744,-0.13047140334220517,0.05699819009420755,0.08925335368311438,nan,nan
41,37,20733,backward,eps,km^2/s^2,1652,1652.0,0.0,-0.8261996646929131,0.04108547996274536,-0.9544133475219454,-0.8124546622790297,0.14195868524291566,-1.0147458785877224,-0.8072504361737701,0.20749544241395224,-2.209454880795078,0.13001923908313287,0.19035177014890992,nan,nan
41,38,34059,backward,eps,km^2/s^2,760,760.0,0.0,-0.8789066713535312,0.05425957871038442,-0.9754075530194615,-0.8185530318010121,0.15685452121844934,-0.9803732372391757,-0.8066952124091532,0.17367802483002248,-0.29132794569038334,0.08424682296059294,0.08914294273914025,nan,nan
41,39,141427,backward,eps,km^2/s^2,55,55.0,0.0,-0.23151932938293873,0.35743508098859367,-0.9717610130427846,-0.05409558845262713,0.9176654245901574,-1.0098256453763166,-0.043834796693581146,0.9659908486827354,-0.6276791913985327,0.8236020684448757,0.8616667007784077,nan,nan
41,40,183730,backward,eps,km^2/s^2,3684,3684.0,0.0,-0.19594157697998754,0.10460552461866138,-0.25380850769074054,-0.12327785704122478,0.13053065064951574,-0.9780238052412117,-0.10531870956906442,0.8727050956721473,-5.963851316323029,0.09317719591240299,0.7652135347711261,nan,nan
41,0,121224,backward,e,-,13092,13092.0,0.0,0.7390085067920111,0.09784539009037013,0.5443067318073568,0.8320475050989518,0.287740773291595,0.5277637199370051,0.8454368187998987,0.31767309886289363,-0.40670256059629967,0.19836891741498874,0.21491192928534042,nan,nan
41,1,18323,backward,e,-,2,2.0,0.0,0.4565134131302835,0.2534864796737696,0.2283755814238909,0.684651244836676,0.45627566341278514,0.20302693345651393,0.7099998928040531,0.5069729593475392,nan,0.4816243113801622,0.5069729593475392,nan,nan
41,2,98433,backward,e,-,638,638.0,0.0,0.5017276677476805,0.15620356328634344,0.2104311758026747,0.7286560675463238,0.5182248917436492,0.168344493093901,0.8956261106421681,0.7272816175482671,0.027167184235907894,0.3427893594746566,0.38212337560931364,nan,nan
41,3,33827,backward,e,-,909,909.0,0.0,0.32404777742215435,0.09196480240281946,0.19137636797032817,0.48266362700662074,0.2912872590362926,0.16819393098549065,0.5729713754320799,0.40477744444658925,0.2724238238103322,0.18017135603561088,0.2091050032238429,nan,nan
41,4,164684,backward,e,-,67,67.0,0.0,0.5233893203628468,0.12900649484920135,0.26139985135020044,0.7232791038044942,0.4618792524542938,0.1950360603659501,0.7457457448666868,0.5507096845007367,-0.5350409967499559,0.26866316027850984,0.3350269512627603,nan,nan
41,5,17619,backward,e,-,12862,12862.0,0.0,0.39209224385832053,0.0610432988901962,0.3105435495840334,0.5071502439549583,0.19660669437092493,0.2903377742094833,0.5339720412511268,0.24363426704164354,0.3008042432095804,0.10848975627236751,0.1248169515895412,nan,nan
41,6,207815,backward,e,-,13742,13742.0,0.0,0.45041374819799307,0.10308148231377563,0.38031111909280396,0.6825002051041517,0.3021890860113477,0.16862068109112363,0.6995299637999745,0.5309092827088508,0.6369185231446611,0.2433847596850462,0.2713167463733642,nan,nan
41,7,151853,backward,e,-,2854,2854.0,0.0,0.5926247734484463,0.12432330880487878,0.4051332893874327,0.8448273096096086,0.4396940202221759,0.35333869863390605,0.8953605839444655,0.5420218853105594,0.23597228895829092,0.26981978876977086,0.32035306310462774,nan,nan
41,8,149492,backward,e,-,413,413.0,0.0,0.5087326118431873,0.1653332344132016,0.22056290016677568,0.7280381756345539,0.5074752754677782,0.17669300373752553,0.7455576375661149,0.5688646338285894,-0.3893177446922217,0.3595505058087681,0.4034204022380182,nan,nan
41,9,135518,backward,e,-,6,6.0,0.0,0.6009994736129354,0.13589982631063371,0.38586898568040773,0.7223381469675401,0.33646916128713233,0.3783771874725489,0.72667300581553,0.34829581834298107,-0.42905279505608407,0.24739695653734917,0.254888754745208,nan,nan
41,10,33425,backward,e,-,4276,4276.0,0.0,0.46951148644389606,0.0673240845792675,0.3072313709237616,0.5215175878423718,0.21428621691861016,0.27509797528852115,0.5423682231620461,0.267270247873525,-0.8818820569464898,0.13612387368206078,0.16825726931730128,nan,nan
41,11,72883,backward,e,-,6489,6489.0,0.0,0.40283180165562454,0.09142956806034566,0.23430357935174181,0.49743487436835626,0.2631312950166145,0.1685914010438332,0.5168085871870742,0.34821718614324104,-0.4449921996617597,0.15794393062791404,0.22365610893582283,nan,nan
41,12,204518,backward,e,-,2132,2132.0,0.0,0.4593401509320517,0.19172908036469838,0.23530775247005348,0.8377052492578411,0.6023974967877876,0.17079788639518245,0.8810156169935777,0.7102177305983952,0.5026134559982331,0.35119587758202375,0.39450624531776035,nan,nan
41,13,212089,backward,e,-,8777,8777.0,0.0,0.48912413067347676,0.08190010976814877,0.39631419057290446,0.6941920098060254,0.2978778192331209,0.17803095646912911,0.8237715429063618,0.6457405864372326,0.953207565809081,0.18874048098447688,0.3277012414590269,nan,nan
41,14,205453,backward,e,-,1585,1585.0,0.0,0.5502058530635697,0.09531674241515284,0.47989472404835637,0.7278993938111453,0.24800466976278895,0.35604827303698017,0.894142631280065,0.5380943582430848,0.380089810634672,0.17583992565725232,0.33668900449999073,nan,nan
41,15,119732,backward,e,-,171,171.0,0.0,0.49893312447105254,0.1345279741036293,0.24701745555679672,0.7207865706147805,0.47376911505798375,0.1847104208115021,0.8215973790510791,0.636886958239577,-0.10631853144124782,0.25546827539140576,0.32956444203595725,nan,nan
41,16,181737,backward,e,-,10,10.0,0.0,0.568922947758439,0.19219162889087005,0.22777768202025336,0.7966671747934654,0.568889492773212,0.22258172598590806,0.8092903384959702,0.5867086125100621,-0.5188644651677559,0.5534611815812617,0.558657137615607,nan,nan
41,17,131983,backward,e,-,5,5.0,0.0,0.603103123500871,0.09986692627871357,0.4323225258300386,0.6800290655397587,0.24770653970972012,0.4154081001457174,0.6881484709046395,0.2727403707589221,-0.6020571769618305,0.21522891825019685,0.23214334393451808,nan,nan
41,18,141617,backward,e,-,402,402.0,0.0,0.4566111443018538,0.15476527846826943,0.21973462746809436,0.7251265756031954,0.505391948135101,0.1711891508875431,0.8953803856012519,0.7241912347137087,0.49263361562021496,0.2868816051024078,0.45713541510046424,nan,nan
41,19,165603,backward,e,-,16631,16631.0,0.0,0.5207439207151535,0.06321795009796571,0.4326828081629682,0.6329840424670784,0.20030123430411018,0.4174509837916854,0.659319442646887,0.24186845885520164,0.20881047661450788,0.16614146044910755,0.19247686062891617,nan,nan
41,20,40578,backward,e,-,9009,9009.0,0.0,0.5180496614899635,0.08122606796595766,0.2989006580823105,0.549191392002076,0.25029073391976553,0.2782347314616963,0.5563450703171937,0.2781103388554974,-1.150446000442122,0.20268010993763552,0.2233460365582497,nan,nan
41,21,45237,backward,e,-,3702,3702.0,0.0,0.32571466906032165,0.09385618495178673,0.24373370265221841,0.507872112495231,0.2641384098430126,0.1697351995346614,0.5163006971285099,0.34656549759384847,0.3258219775048103,0.2297251787994618,0.23815376343274064,nan,nan
41,22,205841,backward,e,-,811,811.0,0.0,0.5377196296826616,0.09953045585984059,0.43340394368286195,0.726334885564313,0.2929309418814511,0.35627751205208413,0.8948018977171688,0.5385243856650846,0.5095413192933399,0.1735815300452503,0.3403148909492185,nan,nan
41,23,215309,backward,e,-,5776,5776.0,0.0,0.5293500639343602,0.09258667762207085,0.41268936150051805,0.7164565247547839,0.3037671632542659,0.1788195382326971,0.8061663995101471,0.62734686127745,0.5258120436754891,0.1741374464418356,0.37736599319511355,nan,nan
41,24,67173,backward,e,-,8662,8662.0,0.0,0.38017593204388567,0.08369244329403566,0.25099643998119026,0.48628167523007987,0.2352852352488896,0.16984949021219659,0.5171054275436119,0.3472559373314153,-0.2657892475415714,0.14101418314459288,0.2221611329135868,nan,nan
41,25,74432,backward,e,-,5605,5605.0,0.0,0.3869821422972816,0.08354470185767762,0.24394716685077034,0.49573114257398276,0.2517839757232124,0.16943473771526985,0.5163608511329597,0.34692611341768986,-0.3154966033181828,0.13771566710309158,0.21222809623859207,nan,nan
41,26,112234,backward,e,-,3373,3373.0,0.0,0.45992334195279677,0.16482837081111934,0.24249838624129524,0.7412641717751891,0.49876578553389384,0.1707602090708903,0.7840379403034444,0.6132777312325541,0.23230232874951248,0.26320342208238756,0.33107859614210067,nan,nan
41,27,166403,backward,e,-,32,32.0,0.0,0.5376644642526527,0.15020970119969987,0.23962581022182602,0.721324326080925,0.48169851585909895,0.20587102070989266,0.7252064373818786,0.5193354166719859,-0.6989684598895334,0.2859791844358652,0.3197339739477985,nan,nan
41,28,144422,backward,e,-,3810,3810.0,0.0,0.6017992329622586,0.16548401737327018,0.24423205841749923,0.8842133382417461,0.6399812798242468,0.17000004480164355,0.8951687979991013,0.7251687531974578,-0.489542351865173,0.3627434152928861,0.43697542890874186,nan,nan
41,29,155091,backward,e,-,544,544.0,0.0,0.5596952800335466,0.1431285911265555,0.2463355098457521,0.7230240770004488,0.4766885671546967,0.17006358404121355,0.8954556794646302,0.7253920954234166,-0.6693230548845769,0.3170735484351054,0.39002161451755435,nan,nan
41,30,153900,backward,e,-,2256,2256.0,0.0,0.593976300461698,0.10459025469316513,0.4784125857948148,0.7387841146861885,0.2603715288913737,0.17057848825603625,0.892511559359386,0.7219330711033497,-0.02747651307856632,0.17078896169308624,0.4156944671317425,nan,nan
41,31,136639,backward,e,-,16522,16522.0,0.0,0.70475415487076,0.07486913811900067,0.5829415296024009,0.8129278854525074,0.22998635585010652,0.5589407119171835,0.8293935072484913,0.2704527953313077,-0.09584015454180891,0.145630180308175,0.16963099799339232,nan,nan
41,32,182807,backward,e,-,9053,9053.0,0.0,0.6960074951612383,0.0978284590004539,0.5258602848012826,0.8437649023007293,0.31790461749944676,0.5141736530258785,0.8546773778029716,0.3405037247770931,-0.12115445910131124,0.16341415257201428,0.17199003228043752,nan,nan
41,33,198441,backward,e,-,15183,15183.0,0.0,0.4482301835702552,0.0955648354991744,0.3901672575138145,0.6644331162737697,0.2742658587599552,0.17994952089129806,0.6839935777210615,0.5040440568297635,0.6496259418115992,0.2408044526827744,0.26031103322444454,nan,nan
41,34,206425,backward,e,-,270,270.0,0.0,0.5142704850859019,0.14439849085926243,0.2347149929992171,0.718921528322111,0.48420653532289387,0.17281072957280652,0.7419365958669654,0.5691258662941588,-0.5242061353108466,0.30491786841721064,0.3668221318436212,nan,nan
41,35,98442,backward,e,-,8617,8617.0,0.0,0.6238038735340001,0.11028868062099034,0.461520221097065,0.8396199874474307,0.37809976635036574,0.3599229324826886,0.8598376401626954,0.4999147076800068,0.11776770199517067,0.29774102440392286,0.31795867711918757,nan,nan
41,36,58099,backward,e,-,9619,9619.0,0.0,0.38940366987804736,0.05311644319825482,0.30156899027079226,0.46340759654253433,0.16183860627174207,0.19912757106917733,0.5188881617217957,0.3197605906526184,-0.15160860237538765,0.10370380732440833,0.19564651257683147,nan,nan
41,37,20733,backward,e,-,1652,1652.0,0.0,0.22898574203128824,0.08280361443088151,0.18840640230854747,0.4770430106485479,0.2886366083400005,0.17122126751088823,0.564765935752481,0.3935446682415928,1.9507382958511077,0.25292299582115535,0.3406459209250884,nan,nan
41,38,34059,backward,e,-,760,760.0,0.0,0.34665024502231445,0.10316450185372858,0.20784882079102648,0.5087825660860427,0.30093374529501615,0.169824732674945,0.5161493137998848,0.3463245811249398,0.0877871670160007,0.16222728395365546,0.20025137206973695,nan,nan
41,39,141427,backward,e,-,55,55.0,0.0,0.49251301606153086,0.15361908922450207,0.27021921398006676,0.8710723025235214,0.6008530885434546,0.23668289670937526,0.8955575813930169,0.6588746846836416,0.8300791848172485,0.37458453885734916,0.4081208561280407,nan,nan
41,40,183730,backward,e,-,3684,3684.0,0.0,0.5262688174955825,0.10412717394823476,0.37311863631148456,0.7051669877009802,0.3320483513894956,0.17259348867301358,0.7485117459232146,0.575918257250201,0.0474778910160452,0.2235238670593502,0.3095940890951355,nan,nan
41,0,121224,backward,w,deg,13092,13092.0,0.0,0.3191428770676765,2.9626626030699907,-5.363156352419256,4.035267223773542,9.398423576192798,-6.033996792234376,7.102576006146762,13.136572798381138,-0.3397696768312158,5.40435636567091,7.289129489712536,20.071575674263997,0.9986638256329153
41,1,18323,backward,w,deg,2,2.0,0.0,1.5631940186722204e-13,89.31602696209508,-80.38442426588541,80.38442426588571,160.76884853177114,-89.31602696209492,89.31602696209524,178.63205392419016,nan,169.7004512279806,178.63205392419013,296.31506822676084,0.011937297979124531
41,2,98433,backward,w,deg,638,638.0,0.0,-0.20707272010015743,87.37516528912693,-172.73386209359242,174.89567685411635,347.62953894770874,-179.6563160687541,179.44957168872338,359.1058877574775,0.23932267891133607,175.97720085573022,179.67786373912946,31.660431074143453,0.41179748284208034
41,3,33827,backward,w,deg,909,909.0,0.0,-0.9197603686767479,9.50500773238024,-18.25664829352706,16.998769984144886,35.25541827767195,-28.511438933299672,19.50005208183609,48.01149101513576,-0.3726764761562379,20.663778062305223,26.617067587948668,200.19629878054667,0.9863625761313353
41,4,164684,backward,w,deg,67,67.0,0.0,0.36847554695381746,63.34396392958685,-171.62096265320596,120.43702116308302,292.057983816289,-177.37073436319508,179.24108450017792,356.611818863373,-0.2183547155578504,176.4248808508912,179.36618690391322,24.497286839416834,0.73198812772226
41,5,17619,backward,w,deg,12862,12862.0,0.0,-0.5091442516975206,3.6701885605914044,-5.436078715755038,6.5611235532654195,11.997202269020457,-6.687918562553762,8.50455027249177,15.192468835045531,0.31864507373664885,6.560094971799641,8.119602506473598,186.8133776337956,0.9979498934879197
41,6,207815,backward,w,deg,13742,13742.0,0.0,-0.38882258426615124,9.660486408793442,-5.136837998806319,6.172253284463805,11.309091283270124,-179.67059135782222,179.57777838509037,359.2483697429126,12.871943150169846,9.070941713984645,179.87982206880474,26.288849879388884,0.992754814205134
41,7,151853,backward,w,deg,2854,2854.0,0.0,0.4052394458716293,3.3900520490346326,-6.843768728060677,3.1224589164419667,9.966227644502645,-13.245849717104164,12.606319973003934,25.8521696901081,-0.49034995240765633,9.342688074996186,15.067919996966992,23.86095641841099,0.998253050430713
41,8,149492,backward,w,deg,413,413.0,0.0,-0.6448616397604496,87.39172615752187,-175.55666006379957,174.4101329777977,349.96679304159727,-179.75466258538108,179.98590730186226,359.74056988724334,-0.04639519952391333,176.8930432823882,179.91926329887474,24.701392822101454,0.4933044871503249
41,9,135518,backward,w,deg,6,6.0,0.0,-3.4227664035232266,60.155659406115625,-9.738457923371115,117.87040214786319,127.6088600712343,-9.829993924672067,156.19495170527216,166.02494562994423,2.4110100419477547,125.95126619307243,164.2758157504814,32.51010896719916,0.6742240924909417
41,10,33425,backward,w,deg,4276,4276.0,0.0,-2.1428320295050156,8.337102975493021,-10.861794442345328,14.904366462243011,25.76616090458834,-11.560895607418047,18.437522326473186,29.998417933891233,0.39745955104247754,25.053840270595053,28.586996134825228,200.9833951446946,0.9894504700791562
41,11,72883,backward,w,deg,6489,6489.0,0.0,-0.30683513444691357,6.843271488576839,-10.072121740584937,9.290455899935962,19.362577640520897,-28.59349235088351,15.88068975011791,44.47418210100142,-0.367459441070132,15.320825108054906,33.84219571835348,203.807292485671,0.9928993518918476
41,12,204518,backward,w,deg,2132,2132.0,0.0,1.8395008781552207,90.91686818537555,-172.1235682225293,173.31678296227017,345.44035118479945,-179.99497278089575,179.87750379280408,359.8724765736998,-0.1227616865193038,176.12621171685512,179.96020268876873,20.895690566779642,0.4093007460606083
41,13,212089,backward,w,deg,8777,8777.0,0.0,-1.5513474409284527,6.476505913533936,-6.6253130752051845,11.349468876237353,17.974781951442537,-7.564862994086241,162.24218575244078,169.80704874652702,5.728976600581297,16.563106136570525,167.45582301277398,23.86688192650182,0.9943003494263168
41,14,205453,backward,w,deg,1585,1585.0,0.0,-0.5265885069917431,4.992067750719856,-6.8916353290362675,9.94387860227078,16.835513931307048,-13.969196082274777,11.810704879625774,25.77990096190055,0.2991572896130103,16.837808772112417,18.704635049467413,24.587420024389058,0.9962121872431251
41,15,119732,backward,w,deg,171,171.0,0.0,-3.6667643220395973,80.71972441209002,-16.767964862471544,171.66926550372116,188.4372303661927,-177.2530856784444,178.22842488370628,355.4815105621507,0.7186308671925044,169.5685810857196,179.28325424014304,32.38767523277255,0.38583569390746225
41,16,181737,backward,w,deg,10,10.0,0.0,1.210171558382541,79.00999872412834,-101.1298871999906,103.59806362760305,204.72795082759365,-173.5272389553865,177.95043449752097,351.4776734529075,0.05875714013800912,165.81908559662918,169.65413254282083,23.467447096338724,0.5907516499154614
41,17,131983,backward,w,deg,5,5.0,0.0,-3.116963919613397,67.78290282896228,-4.954729459812478,132.44018614932787,137.39491560914036,-5.19277182940084,165.95208383189072,171.14485566129156,2.234403852425402,137.6329579787287,171.14485566129156,29.236623380505723,0.6042981602874498
41,18,141617,backward,w,deg,402,402.0,0.0,-0.24277398426522723,88.44319447941469,-172.70209833883413,177.1996499860922,349.9017483249263,-178.90608150548667,179.32586336006887,358.23194486555553,0.22689536519726294,177.19274825744338,179.94782650027014,31.211893902396206,0.4164363669574058
41,19,165603,backward,w,deg,16631,16631.0,0.0,0.045403422114333125,1.587636159254636,-2.8824853629249247,2.4679619516221862,5.350447314547111,-3.9163284848887656,3.0979622103387783,7.014290695227544,-0.24942883540920271,3.2185386614471128,4.252381783410954,30.066902726265543,0.9996161513904903
41,20,40578,backward,w,deg,9009,9009.0,0.0,-0.6051841251771464,4.307215726497729,-6.402795875373647,7.516779027045198,13.919574902418844,-10.859962087962515,12.585891681737621,23.445853769700136,0.27312798653340364,10.895403002194962,15.964515656887386,191.5794045482839,0.9971779738397948
41,21,45237,backward,w,deg,3702,3702.0,0.0,3.152764097994236,10.614781821453345,-14.024439951991084,12.882439876941149,26.906879828932233,-33.689099696565535,14.555570012372044,48.24466970893758,-0.95271931173611,22.74396743866508,42.40862718323953,205.14150534856446,0.9830196696631968
41,22,205841,backward,w,deg,811,811.0,0.0,-0.8358907226311487,6.5900077577896194,-11.38652147513453,10.578289733615165,21.964811208749694,-15.21096471403095,11.256495364374302,26.467460078405253,0.05796770043109363,18.632638269871975,19.310843900631113,25.806640605166084,0.9934034375907543
41,23,215309,backward,w,deg,5776,5776.0,0.0,-0.9334615859657447,14.24861438587146,-10.14554926422452,11.143678922400014,21.289228186624534,-178.01074144998154,166.50903303029833,344.51977448027986,7.772556231169084,21.05651661231397,176.42032996903356,25.366501244458647,0.9811153312661084
41,24,67173,backward,w,deg,8662,8662.0,0.0,-0.7221459793855445,5.753020262873782,-8.165457211870164,11.067419455996621,19.232876667866783,-13.59996218070117,16.44386527289052,30.04382745359169,0.4874745184869671,12.563162491612742,17.99766746044375,203.22660489530526,0.9949715040246669
41,25,74432,backward,w,deg,5605,5605.0,0.0,1.878890841985907,8.629028850126776,-12.502151703355992,9.758804417132524,22.260956120488515,-32.36659913662919,15.718651363305696,48.08525049993489,-1.0259038273436403,19.33832227698517,39.202769710258366,203.9758205837103,0.988753363744806
41,26,112234,backward,w,deg,3373,3373.0,0.0,0.09179507378121343,96.98843993473588,-174.20411950294633,171.70441805154206,345.90853755448836,-179.9867793008749,179.94249360082074,359.92927290169564,-0.053650116152505624,177.57541842913986,179.9959061511429,23.820961555255558,0.324265179636598
41,27,166403,backward,w,deg,32,32.0,0.0,-0.583367613330978,73.76979495393473,-175.39619852552812,80.7617191765187,256.1579177020468,-178.68971478064447,167.59387682807346,346.2835916087179,-0.48301805091207517,176.3641565051137,179.65767276023007,25.527212893129697,0.6254327622956543
41,28,144422,backward,w,deg,3810,3810.0,0.0,1.162613795946669,58.697250906571426,-171.10737621505487,11.251781977251094,182.35915819230596,-179.9897304998923,179.9251317297809,359.9148622296732,-0.8568673463352393,173.67949636490874,179.99797284821454,22.497888081051773,0.7589328828178545
41,29,155091,backward,w,deg,544,544.0,0.0,-0.3009461351255709,62.47827058333075,-174.9343178411227,11.0859983856009,186.0203162267236,-178.76483749197877,178.6762644596489,357.4411019516277,-0.7174042481369537,175.92305681489117,179.63796873880972,25.24116197903172,0.7324310176698196
41,30,153900,backward,w,deg,2256,2256.0,0.0,-0.10567772060326774,8.241773619288784,-4.973382337632124,5.885214077993055,10.858596415625179,-13.785273480459892,172.27467693471027,186.05995041517016,16.314431783905974,7.60318410955778,171.98950931070726,24.442993508909876,0.9940499257351451
41,31,136639,backward,w,deg,16522,16522.0,0.0,-0.0808576395457834,1.8756085217929224,-2.9519756768893104,3.276023088527176,6.227998765416487,-3.7484898264489743,4.218257878827018,7.966747705275992,0.17842248723771484,3.4655884188795762,4.064661494813919,18.61834723116377,0.9994642992468304
41,32,182807,backward,w,deg,9053,9053.0,0.0,0.027707564496182613,4.953386823086171,-7.410805453051478,8.693946240035954,16.104751693087433,-7.926196272022537,11.371420256293845,19.297616528316382,0.18405485864017151,14.684796004192604,17.362270020450467,21.37502615522899,0.9962679942093258
41,33,198441,backward,w,deg,15183,15183.0,0.0,-0.5685141745413489,6.293544954075466,-3.5324726309825536,4.380514015179446,7.9129866461619995,-179.26673031298105,179.94999349725128,359.21672381023234,-17.319481391512195,6.741816931138973,178.38853686685366,29.16757975670854,0.9969004768046957
41,34,206425,backward,w,deg,270,270.0,0.0,-1.09184155578086,86.08824975058033,-175.2193103374342,172.60431686412707,347.8236272015613,-178.46306475141262,179.3131464622653,357.7762112136779,0.049242350615217714,177.18714691555326,179.94269299453026,25.559314795166273,0.49769657792009825
41,35,98442,backward,w,deg,8617,8617.0,0.0,-0.6443804123274219,5.961140632478069,-10.40788872585877,9.799350766104777,20.20723949196355,-12.177456568410719,11.132818791965832,23.31027536037655,-0.04007676450636177,19.834055297364685,21.603623139916635,25.457872358748485,0.9945986564264243
41,36,58099,backward,w,deg,9619,9619.0,0.0,-0.1060885122178945,5.131939959488234,-6.525534345530522,11.9044798829295,18.430014228460024,-12.53888964772807,17.32295571167711,29.86184535940518,1.112582969021167,13.35378726075635,15.429660669826063,202.90566262494707,0.9960043794250911
41,37,20733,backward,w,deg,1652,1652.0,0.0,1.5113787448803038,6.592981404058328,-11.104623027339347,11.032882712101246,22.13750573944059,-31.956509617258916,16.025111680512566,47.98162129777148,-0.8868348059896921,13.918040306435289,34.76992689635486,203.4709907760755,0.9934211676569851
41,38,34059,backward,w,deg,760,760.0,0.0,-2.291499244403184,10.694400573379978,-11.582287349374747,16.334291761030975,27.91657911040572,-29.624079408525063,19.231001147030724,48.85508055555579,-0.2704835526790293,20.66944079430149,26.28886378351433,201.12364077354152,0.9827371504881339
41,39,141427,backward,w,deg,55,55.0,0.0,-0.8476665977019877,89.75989093122476,-21.208488857145703,171.03681704399136,192.24530590113707,-179.13580774352062,176.61630172182873,355.75210946534935,0.22697367637567487,176.11839254356778,179.53621896946248,33.217516850329375,0.3113198666249583
41,40,183730,backward,w,deg,3684,3684.0,0.0,-0.31401359067152157,23.702155528813233,-11.539706800956326,11.532229233605568,23.071936034561894,-179.9226455817663,179.8251043577207,359.747749939487,4.638685798226085,13.164133405884257,179.9991066609034,24.725215012440156,0.9571234571192889
41,0,121224,forward,eps,km^2/s^2,13092,13092.0,0.0,-0.11159944340638894,0.040231497641462506,-0.18912949067615006,-0.07049848248351519,0.11863100819263488,-0.1954279546449451,-0.06486023606736457,0.13056771857758054,-0.35621664148307886,0.0956192195539414,0.10191768352273645,nan,nan
41,1,18323,forward,eps,km^2/s^2,2,2.0,0.0,-0.8495274565347579,0.03547789041711258,-0.8814575579101592,-0.8175973551593566,0.06386020275080262,-0.8850053469518705,-0.8140495661176453,0.07095578083422516,nan,0.0674079917925139,0.07095578083422516,nan,nan
41,2,98433,forward,eps,km^2/s^2,638,638.0,0.0,-0.24603185475634964,0.3598801052118392,-0.9750114384281556,-0.11396205368135527,0.8610493847468004,-1.0181865681958364,-0.043937076833305055,0.9742494913625314,-0.29612672450119104,0.7781030376001156,0.8212781673677964,nan,nan
41,3,33827,forward,eps,km^2/s^2,909,909.0,0.0,-0.1681708587848474,0.24461762643543153,-0.897028231717624,-0.047118787282688285,0.8499094444349358,-1.0201739466041788,-0.043981079635574294,0.9761928669686045,-2.2081060823264167,0.7528170992469757,0.8759628141335306,nan,nan
41,4,164684,forward,eps,km^2/s^2,67,67.0,0.0,-0.21289104564132988,0.3311896720163365,-0.9703705263581213,-0.11778207956342732,0.8525884467946939,-1.020440955040417,-0.11484903484960918,0.9055919201908078,-0.6154809037961632,0.7658283380622506,0.8158987667445463,nan,nan
41,5,17619,forward,eps,km^2/s^2,12862,12862.0,0.0,-0.9219662231557941,0.04001764227105941,-0.9934697306556852,-0.8673662713031235,0.12610345935256173,-1.0033713519224556,-0.854697651065499,0.14867370085695664,-0.20229819032420102,0.0767324642168071,0.08940108445443162,nan,nan
41,6,207815,forward,eps,km^2/s^2,13742,13742.0,0.0,-0.8916402380521091,0.04661478258106942,-0.9646513100484164,-0.8342640670687875,0.1303872429796289,-0.9698802973588805,-0.8072756822581036,0.16260461510077684,-0.038393886507160725,0.07637966611918483,0.10336805092986867,nan,nan
41,7,151853,forward,eps,km^2/s^2,2854,2854.0,0.0,-0.20485313198843896,0.3337942951708655,-0.9143200837129754,-0.11162960094645533,0.80269048276652,-1.0185624498252994,-0.1063082042924055,0.9122542455328939,-0.7500816891637285,0.795200709609589,0.8994430757219131,nan,nan
41,8,149492,forward,eps,km^2/s^2,413,413.0,0.0,-0.21035438201647294,0.3372984769497932,-0.907792658895603,-0.11589161097003502,0.791901047925568,-1.0194952570673936,-0.06609019004209948,0.9534050670252942,-0.43578172104201485,0.6996298869952772,0.8113324851670679,nan,nan
41,9,135518,forward,eps,km^2/s^2,6,6.0,0.0,-0.13717863134660935,0.27021213325928956,-0.7084866545796491,-0.11286843061012267,0.5956182239695265,-0.8664613228231999,-0.10646503045023847,0.7599962923729614,-2.3342317625329776,0.7535928922130772,0.7599962923729614,nan,nan
41,10,33425,forward,eps,km^2/s^2,4276,4276.0,0.0,-0.939654655806323,0.041368602167905055,-0.9838291319726395,-0.8557493477912108,0.12807978418142874,-0.9915765064671732,-0.8451594743766324,0.1464170320905408,0.47189258941692,0.07985697408629949,0.09044684750087795,nan,nan
41,11,72883,forward,eps,km^2/s^2,6489,6489.0,0.0,-0.22155020513153323,0.13590787307888108,-0.2547746664783589,-0.12947498623082063,0.12529968024753826,-0.9807716408007237,-0.12289703128782214,0.8578746095129015,-4.233276547467348,0.0989815554074459,0.7565529579969331,nan,nan
41,12,204518,forward,eps,km^2/s^2,2132,2132.0,0.0,-0.8289278597489269,0.35303857198322186,-0.9722271229222907,-0.07011239151806159,0.9021147314042292,-1.020820045950525,-0.04987463215092158,0.9709454137996034,0.49826625996475227,0.7659273010583808,0.7861650604255208,nan,nan
41,13,212089,forward,eps,km^2/s^2,8777,8777.0,0.0,-0.8781597623667685,0.22670455749192342,-0.9602977277867771,-0.1714882209979277,0.7888095067888494,-0.9737811427424705,-0.06573003871656868,0.9080511040259018,2.4543139555957536,0.7431873779829289,0.8489455602642879,nan,nan
41,14,205453,forward,eps,km^2/s^2,1585,1585.0,0.0,-0.2076352170640099,0.3706940384291926,-0.9746061158548653,-0.1147365551840127,0.8598695606708526,-1.0195542132081998,-0.10712872060734913,0.9124254926008507,-0.2690106281232232,0.8449071566649125,0.8898552540182469,nan,nan
41,15,119732,forward,eps,km^2/s^2,171,171.0,0.0,-0.2121190877519581,0.3697511014348069,-0.9739893931879068,-0.11779000179292087,0.8561993913949859,-0.9826458788423504,-0.11196631916068189,0.8706795596816685,-0.32496687620917614,0.8509019046882383,0.859558390342682,nan,nan
41,16,181737,forward,eps,km^2/s^2,10,10.0,0.0,-0.20972447998693833,0.39078484508946626,-0.9678743779706405,-0.07917184247087193,0.8887025354997685,-0.9752300854924874,-0.05015293496594231,0.925077150526545,-0.4765883544703728,0.8531414249402,0.860497132462047,nan,nan
41,17,131983,forward,eps,km^2/s^2,5,5.0,0.0,-0.20662824112903266,0.027785764110533528,-0.21021854398815235,-0.14688708617663476,0.06333145781151758,-0.21037132486747934,-0.13754034943664495,0.07283097543083439,1.6721032834509604,0.0726781945515074,0.07283097543083439,nan,nan
41,18,141617,forward,eps,km^2/s^2,402,402.0,0.0,-0.5333670949030862,0.35390048797236706,-0.9718069039115288,-0.11063559661277944,0.8611713072987494,-1.0177613353840123,-0.043804993072896425,0.9739563423111158,0.0032839364801681018,0.7786323191286459,0.8245867506011294,nan,nan
41,19,165603,forward,eps,km^2/s^2,16631,16631.0,0.0,-0.9046478556435017,0.023234694889628905,-0.9415584978628936,-0.8661139547561227,0.07544454310677084,-0.9509670312370587,-0.8558643357705975,0.09510269546646122,0.038990343438637956,0.04976722910207837,0.06001684808760355,nan,nan
41,20,40578,forward,eps,km^2/s^2,9009,9009.0,0.0,-0.9503615893305686,0.05149401890693797,-1.0033762740399685,-0.8549473919632579,0.14842888207671068,-1.0085644016778017,-0.846705652917265,0.16185874876053674,0.3341182678932312,0.11723072172835011,0.12547246077434304,nan,nan
41,21,45237,forward,eps,km^2/s^2,3702,3702.0,0.0,-0.1994863551243653,0.3125050192916601,-0.9727691005046288,-0.12906917890542138,0.8436999215992075,-0.979689980049135,-0.11777223894024547,0.8619177411088895,-1.3089810172057768,0.8059111822426956,0.8128320617872018,nan,nan
41,22,205841,forward,eps,km^2/s^2,811,811.0,0.0,-0.23340347923923366,0.3739395655682484,-0.9749683420251409,-0.11682957447662667,0.8581387675485143,-1.0195465359042162,-0.0532856848933807,0.9662608510108355,-0.1537194164952743,0.8591682889794763,0.9037464828585514,nan,nan
41,23,215309,forward,eps,km^2/s^2,5776,5776.0,0.0,-0.8486575440706505,0.3413064723008581,-0.962276244201509,-0.12094934508822175,0.8413268991132873,-0.9745868416379215,-0.08122972280131746,0.8933571188366041,0.6145014917394817,0.7292393691481608,0.7689589914350651,nan,nan
41,24,67173,forward,eps,km^2/s^2,8662,8662.0,0.0,-0.22437346153846116,0.15012802938210174,-0.2561974660765107,-0.13856474105849909,0.11763272501801164,-0.9811158926923771,-0.12962834605768736,0.8514875466346897,-3.869392431724443,0.10419154374656754,0.7461110506206143,nan,nan
41,25,74432,forward,eps,km^2/s^2,5605,5605.0,0.0,-0.212186287312357,0.2809592173266447,-0.9246879176338241,-0.12731817018677982,0.7973697474470443,-0.9805593026870278,-0.11935176462059527,0.8612075380664326,-1.482654185372761,0.7244287605423189,0.7803001455955225,nan,nan
41,26,112234,forward,eps,km^2/s^2,3373,3373.0,0.0,-0.24381218947325367,0.3433554743083041,-0.9600080468733257,-0.1051641437884999,0.8548439030848258,-1.0043855133108375,-0.0795603932539578,0.9248251200568797,-0.4639688505767896,0.7813244952806505,0.8257019617181622,nan,nan
41,27,166403,forward,eps,km^2/s^2,32,32.0,0.0,-0.21257423900846395,0.3416772203260606,-0.9503400169559115,-0.11890678495935735,0.8314332319965542,-0.9762101607813797,-0.11615451940859367,0.860055641372786,-0.5461719694119866,0.7502148314091708,0.7760849752346389,nan,nan
41,28,144422,forward,eps,km^2/s^2,3810,3810.0,0.0,-0.17245276007319094,0.26393682430815507,-0.8378422625072293,-0.06600750642762963,0.7718347560795996,-1.0208075341283356,-0.04437929460744894,0.9764282395208866,-1.6916710282359066,0.7196805498646838,0.9026458214857901,nan,nan
41,29,155091,forward,eps,km^2/s^2,544,544.0,0.0,-0.1959971215210327,0.3081406051596204,-0.9121492204939036,-0.11696892787046127,0.7951802926234423,-1.0205829238249695,-0.04380055913553149,0.976782364689438,-1.014062175999494,0.7068913478002746,0.8153250511313406,nan,nan
41,30,153900,forward,eps,km^2/s^2,2256,2256.0,0.0,-0.20704462331823642,0.35011830983379144,-0.9458189127384837,-0.11466124177622508,0.8311576709622587,-1.0203921731849346,-0.10646438031315908,0.9139277928717755,-0.524895245174828,0.7447807254512472,0.819353985897698,nan,nan
41,31,136639,forward,eps,km^2/s^2,16522,16522.0,0.0,-0.12275083208657506,0.030487013753616246,-0.1732382085766227,-0.07874803668261286,0.09449017189400984,-0.18348484220164896,-0.07181255767359307,0.11167228452805589,-0.11202992775565798,0.07221037690988834,0.08245701053491461,nan,nan
41,32,182807,forward,eps,km^2/s^2,9053,9053.0,0.0,-0.12959759859060582,0.041049421784967906,-0.19653353148308877,-0.06579963684610793,0.13073389463698085,-0.2004609762748888,-0.060976018983343594,0.1394849572915452,-0.03013430654640333,0.08129601861730167,0.0852234634091017,nan,nan
41,33,198441,forward,eps,km^2/s^2,15183,15183.0,0.0,-0.88483955492802,0.04124692772069296,-0.9561075181489213,-0.8317728367333651,0.12433468141555615,-0.9634949454241596,-0.8075170311717672,0.15597791425239238,-0.1482736160993397,0.07416957469806028,0.09842538025965819,nan,nan
41,34,206425,forward,eps,km^2/s^2,270,270.0,0.0,-0.21118439208381112,0.3548207447484074,-0.9660216965002334,-0.12032347229648035,0.8456982242037531,-1.0150456054286332,-0.08637899477317335,0.9286666106554599,-0.33053668211038206,0.7771847163032408,0.8262086252316406,nan,nan
41,35,98442,forward,eps,km^2/s^2,8617,8617.0,0.0,-0.18267746183034728,0.3589155813442079,-0.967597672784857,-0.07001162070691087,0.8975860520779461,-0.9725902579823463,-0.05885393284037144,0.9137363251419749,-0.885735362285865,0.8205332780575193,0.8255258632550087,nan,nan
41,36,58099,forward,eps,km^2/s^2,9619,9619.0,0.0,-0.20649877297143593,0.23967399241543907,-0.9284083768737215,-0.15518505150796622,0.7732233253657552,-0.982310406265926,-0.14326619182745481,0.8390442144384712,-2.1901256390870185,0.7030103083350523,0.7569123377272569,nan,nan
41,37,20733,forward,eps,km^2/s^2,1652,1652.0,0.0,-0.8236461627829015,0.20291315962145948,-0.881695800908133,-0.1890735477210228,0.6926222531871102,-0.9742178770619768,-0.04389160369217371,0.9303262733698031,2.490249571585684,0.6240846619561893,0.7692666059850384,nan,nan
41,38,34059,forward,eps,km^2/s^2,760,760.0,0.0,-0.21212526520067604,0.3283365152840869,-0.8810375416525101,-0.11619306539641172,0.7648444762560984,-0.9997486343995929,-0.04448022926456885,0.9552684051350241,-0.5557027692810317,0.7554141677294168,0.8741252604764996,nan,nan
41,39,141427,forward,eps,km^2/s^2,55,55.0,0.0,-0.21242938901487707,0.35307876130737625,-0.9690132324642765,-0.10291136480724457,0.8661018676570319,-0.9756274671081392,-0.046719852405381124,0.9289076147027581,-0.6341503524352147,0.7779457178261457,0.7845599524700084,nan,nan
41,40,183730,forward,eps,km^2/s^2,3684,3684.0,0.0,-0.843822958286741,0.30082540741070446,-0.9608710095008184,-0.1400398726907443,0.820831136810074,-0.976739794560683,-0.10523577045699573,0.8715040241036873,1.1151082596976183,0.7276481276247703,0.7624522298585188,nan,nan
41,0,121224,forward,e,-,13092,13092.0,0.0,0.7334796250960147,0.09783058305082679,0.5433014020504531,0.8319716035785898,0.2886702015281367,0.5272882950026401,0.8454201121114966,0.3181318171088565,-0.3717565322442572,0.23355849773564866,0.24957160478346174,nan,nan
41,1,18323,forward,e,-,2,2.0,0.0,0.2765331359320888,0.08185710726634339,0.20286173939237973,0.35020453247179784,0.1473427930794181,0.19467602866574538,0.35839024319843216,0.16371421453268678,nan,0.15552850380605243,0.16371421453268678,nan,nan
41,2,98433,forward,e,-,638,638.0,0.0,0.4880169464906794,0.15758659643715148,0.21319623437371887,0.7278953167498553,0.5146990823761364,0.18094749421274092,0.8953187299807968,0.7143712357680558,0.2681228189273943,0.3284861660981598,0.3715185233517929,nan,nan
41,3,33827,forward,e,-,909,909.0,0.0,0.5954361512124543,0.17179663786291463,0.33427812568847626,0.8877226002979965,0.5534444746095203,0.1708617994619956,0.8952125964134294,0.7243507969514338,-0.00045127192244294093,0.32011040774143223,0.48352673396791296,nan,nan
41,4,164684,forward,e,-,67,67.0,0.0,0.49210027678254625,0.15482680401829704,0.2303112290615911,0.7184951315794029,0.48818390251781185,0.1698141830836259,0.7255488052307507,0.5557346221471249,-0.14947268893811147,0.2733311542327875,0.3338282002107527,nan,nan
41,5,17619,forward,e,-,12862,12862.0,0.0,0.4239177894125187,0.06715798172018946,0.3229842799149606,0.534945025404827,0.21196074548986643,0.2961950763715573,0.5489652397873142,0.25277016341575687,0.05797241704542669,0.1373838517042354,0.16417305524763876,nan,nan
41,6,207815,forward,e,-,13742,13742.0,0.0,0.371151844565232,0.08776527421982468,0.24957393002937486,0.49277160714167756,0.2431976771123027,0.17171351989522549,0.5006027922598901,0.32888927236466464,-0.18792722910916027,0.15582461926158694,0.23368502939573638,nan,nan
41,7,151853,forward,e,-,2854,2854.0,0.0,0.5057937038727286,0.16405153311290385,0.22827123100056237,0.7332981206965227,0.5050268896959603,0.17033381821885288,0.7461339860752622,0.5758001678564093,-0.2733432694329786,0.4869130353536329,0.5448504481353424,nan,nan
41,8,149492,forward,e,-,413,413.0,0.0,0.4927652848402872,0.17009435147698765,0.21591502613500935,0.723020696700027,0.5071056705650177,0.17101087925057248,0.8425759630388887,0.6715650837883163,-0.05329516040488168,0.27922283380077434,0.34786232859135613,nan,nan
41,9,135518,forward,e,-,6,6.0,0.0,0.6715514877487541,0.1555257848354491,0.34829301895700643,0.7302934395351008,0.3820004205780944,0.32276188468899797,0.745750992301869,0.42298910761287106,-0.9974301184013251,0.40753155484610293,0.42298910761287106,nan,nan
41,10,33425,forward,e,-,4276,4276.0,0.0,0.45382191187107773,0.07094346733873529,0.29898201004511016,0.5212240037275697,0.22224199368245956,0.2751346523706724,0.5324314770449404,0.257296824674268,-0.6307693385699524,0.1484520058342165,0.1722993635086542,nan,nan
41,11,72883,forward,e,-,6489,6489.0,0.0,0.460280551221599,0.10804573766789363,0.3792063950568303,0.6901287930148784,0.3109223979580481,0.16857236846964585,0.7060956010055224,0.5375232325358765,0.23286942197023638,0.24026284581101676,0.2839587377794998,nan,nan
41,12,204518,forward,e,-,2132,2132.0,0.0,0.38487618416338787,0.19707701730907576,0.18801248857932748,0.8329821636926339,0.6449696751133064,0.17007196115669213,0.8811925659516786,0.7111206047949865,0.7171983259333368,0.5779703435469692,0.6261807458060138,nan,nan
41,13,212089,forward,e,-,8777,8777.0,0.0,0.39568601637444384,0.1117910282868306,0.24730767971473241,0.5871707649909371,0.3398630852762047,0.17140178779317194,0.843314214452982,0.6719124266598101,0.8389901940238595,0.22951735627787417,0.43090806107499513,nan,nan
41,14,205453,forward,e,-,1585,1585.0,0.0,0.5069846697814268,0.13186081527087828,0.2520044898832735,0.7258315908718601,0.4738271009885866,0.17073231361406763,0.7441691679248877,0.5734368543108201,-0.20572500669058955,0.4377242795372569,0.5189964558064628,nan,nan
41,15,119732,forward,e,-,171,171.0,0.0,0.5053994008820625,0.12722118718553183,0.3029508156230607,0.7184605155687909,0.41550969994573017,0.21115018258522028,0.7324631507905139,0.5213129682052937,-0.06488120097814443,0.4027393901327102,0.4945400231705506,nan,nan
41,16,181737,forward,e,-,10,10.0,0.0,0.500383837073677,0.18564133950250766,0.31617935375454803,0.8110138633196254,0.4948345095650774,0.18669419530022122,0.8805307353897781,0.6938365400895569,-0.3023406652231296,0.40964745684452514,0.5391326152988523,nan,nan
41,17,131983,forward,e,-,5,5.0,0.0,0.49827035942566983,0.06936785208400602,0.48930928407629215,0.6475657488616514,0.15825646478535926,0.4889069363490451,0.6706533024598673,0.18174636611082223,1.6544698933811748,0.18134401838357514,0.18174636611082223,nan,nan
41,18,141617,forward,e,-,402,402.0,0.0,0.4355650238598681,0.15855295350003756,0.21772020195433972,0.7357439599056027,0.518023757951263,0.17153859831983675,0.895629061244371,0.7240904629245343,0.6748675624450161,0.33274616921532907,0.36229757988590106,nan,nan
41,19,165603,forward,e,-,16631,16631.0,0.0,0.3946438149451114,0.041626733515986065,0.3213637505218172,0.4567304072305203,0.13536665670870307,0.299680645729264,0.4716169321145241,0.1719362863852601,-0.16161393994425377,0.09294285556077153,0.11462596035332473,nan,nan
41,20,40578,forward,e,-,9009,9009.0,0.0,0.47043884947162246,0.08658445303096551,0.2971008199202334,0.5489915586906546,0.25189073877042123,0.2786443417847646,0.5562090261526239,0.2775646843678593,-0.45286841078718826,0.20675337423648865,0.22520985237195745,nan,nan
41,21,45237,forward,e,-,3702,3702.0,0.0,0.5172326469331798,0.10300285538980349,0.33372062111137574,0.6915242197249843,0.3578035986136086,0.16987312589813894,0.7184854120772983,0.5486122861791594,-0.4194077207286662,0.2656937601618757,0.42954125537511245,nan,nan
41,22,205841,forward,e,-,811,811.0,0.0,0.5010221300493786,0.12201553264509012,0.2517400439330483,0.7207322212283886,0.4689921772953404,0.17006665311222163,0.8730731741607288,0.7030065210485072,-0.025035437291884555,0.47146632442411973,0.5531397152449464,nan,nan
41,23,215309,forward,e,-,5776,5776.0,0.0,0.43085357700229115,0.13372604846075778,0.257970408941625,0.7108650136085712,0.45289460466694625,0.17129373122767533,0.806249316366129,0.6349555851384536,0.5254917298492583,0.42313079739986437,0.5185151001574222,nan,nan
41,24,67173,forward,e,-,8662,8662.0,0.0,0.4557807085807506,0.10507619387684984,0.37469089337278,0.6680403958065779,0.2933495024337979,0.16892343819593658,0.6897735229882542,0.5208500847923176,0.21721188375967324,0.2459840092618448,0.26682378179164234,nan,nan
41,25,74432,forward,e,-,5605,5605.0,0.0,0.4851142030442357,0.09894233247417691,0.327623532370462,0.6954284372197006,0.3678049048492386,0.16949320295763892,0.7146677880683684,0.5451745851107295,0.15308535352357214,0.19639059150045848,0.3458730325634405,nan,nan
41,26,112234,forward,e,-,3373,3373.0,0.0,0.47486770414426416,0.1686848549904395,0.2408248655180379,0.7492118770078681,0.5083870114898301,0.17144639011303114,0.8104484719571969,0.6390020818441657,0.21320123730050786,0.3290290002195919,0.3984074756245987,nan,nan
41,27,166403,forward,e,-,32,32.0,0.0,0.4869014400038641,0.14446478976507646,0.2391982902566872,0.7157491918563493,0.4765509015996621,0.21759861844272824,0.722834120408697,0.5052355019659688,-0.07718713886197734,0.27635452049163395,0.29795419230559295,nan,nan
41,28,144422,forward,e,-,3810,3810.0,0.0,0.5848367189013071,0.16779591011905956,0.23340328336035585,0.8427689550987075,0.6093656717383517,0.17001816509090778,0.8942666422086608,0.7242484771177531,-0.551207225528889,0.48419735427543803,0.5475824725448861,nan,nan
41,29,155091,forward,e,-,544,544.0,0.0,0.528601651302223,0.1604493857591321,0.22166806164950098,0.7203449740189082,0.4986769123694072,0.17100555090973987,0.8956399397956282,0.7246343888858883,-0.43432349026027245,0.2856530544938333,0.39383268410189487,nan,nan
41,30,153900,forward,e,-,2256,2256.0,0.0,0.49847477415823105,0.13982769749537266,0.25193974233146127,0.7259754182867995,0.4740356759553382,0.17073351825415103,0.7457457984847458,0.5750122802305947,-0.15998823379949703,0.26122752280820155,0.34243374688551176,nan,nan
41,31,136639,forward,e,-,16522,16522.0,0.0,0.7066945015367719,0.07385578587921066,0.5831072383351954,0.8122421663867605,0.2291349280515651,0.557511926363349,0.8288230947535905,0.2713111683902415,-0.12823888083559143,0.1758080651528797,0.2014033771247261,nan,nan
41,32,182807,forward,e,-,9053,9053.0,0.0,0.689818455598699,0.10002880130703093,0.5244720931892771,0.8431831441978396,0.31871105100856245,0.5143989405498265,0.8546892119868186,0.3402902714369921,-0.05415789766408613,0.20044588963754373,0.21051904227699436,nan,nan
41,33,198441,forward,e,-,15183,15183.0,0.0,0.3584383687552142,0.07822596233634357,0.2442973246548723,0.47965359656850043,0.23535627191362812,0.1726000138674251,0.49096048240816875,0.3183604685407436,-0.09152824856695126,0.15282829648676316,0.22452560727421036,nan,nan
41,34,206425,forward,e,-,270,270.0,0.0,0.4963818361103641,0.14447620329056268,0.2320581192342795,0.7123187798434191,0.4802606606091396,0.1711696775463333,0.793907229099846,0.6227375515535127,-0.2265860633897004,0.3116510454797621,0.37253948716770835,nan,nan
41,35,98442,forward,e,-,8617,8617.0,0.0,0.5592723107058272,0.14076775715431927,0.31516330538362936,0.8331631384280448,0.5179998330444154,0.1716128968919359,0.8597500074356198,0.6881371105436839,-0.16580176824431933,0.3323328545714147,0.47588326306310813,nan,nan
41,36,58099,forward,e,-,9619,9619.0,0.0,0.5028410550437168,0.08212905219681853,0.3531181072976441,0.6273760241988288,0.2742579169011847,0.19595109635712527,0.65656907496518,0.46061797860805476,-0.6090275790522598,0.18399985984733155,0.2525150664915321,nan,nan
41,37,20733,forward,e,-,1652,1652.0,0.0,0.2293025426586371,0.11959357569748841,0.18859420862053025,0.5437515659700375,0.35515735734950726,0.17020378480203383,0.8954250633070769,0.7252212785050431,2.2116260061635518,0.3527427934435685,0.704416290780608,nan,nan
41,38,34059,forward,e,-,760,760.0,0.0,0.4849637528030608,0.17122243065016762,0.2150859802204471,0.7222957564407725,0.5072097762203254,0.16971236327555636,0.8940264165846149,0.7243140533090585,-0.010523416318452055,0.4843505332736042,0.529724150218495,nan,nan
41,39,141427,forward,e,-,55,55.0,0.0,0.49506712171801986,0.14842743851512505,0.31199582123187974,0.7545192633543891,0.4425234421225094,0.21530385870088578,0.8887012718543874,0.6733974131535017,0.4964400182574075,0.26050000366959386,0.3505427161953104,nan,nan
41,40,183730,forward,e,-,3684,3684.0,0.0,0.36177074304027557,0.12961093093699125,0.24606775788926827,0.6645813969321547,0.4185136390428864,0.17117027507337262,0.7487111170328193,0.5775408419594468,0.9299857145259839,0.33933358077265424,0.42346330087331885,nan,nan
41,0,121224,forward,w,deg,13092,13092.0,0.0,-0.36600889861560404,4.952181481928953,-7.4545459887202,8.570020093754517,16.024566082474717,-10.394304657017898,12.065217024619045,22.459521681636943,0.20410581971307867,9.333351351077168,12.741674504706538,171.46315982799496,0.9962699479260347
41,1,18323,forward,w,deg,2,2.0,0.0,0.0,7.781846665737305,-7.003661999163574,7.003661999163574,14.007323998327148,-7.781846665737305,7.781846665737305,15.56369333147461,nan,14.78550866490088,15.56369333147461,120.85245912956842,0.9907907902476449
41,2,98433,forward,w,deg,638,638.0,0.0,10.365927648639456,85.88289399610966,-166.47505903828122,30.394918594195797,196.869977632477,-173.84132077730317,43.39927941975668,217.24060019705985,-0.30633488138113957,178.2585062670187,179.95900236233769,331.830377181567,0.16310156431218328
41,3,33827,forward,w,deg,909,909.0,0.0,-0.7421120933123575,57.13805082433209,-157.81655147828647,159.10780717621418,316.9243586545007,-179.72197295592196,179.3452945685088,359.06726752443075,0.10157443726676714,170.72984041619176,179.99113630456952,294.12886192278427,0.7716273124627518
41,4,164684,forward,w,deg,67,67.0,0.0,-3.6260245520510637,100.47587678460523,-176.24104889677443,172.23531670631036,348.4763656030848,-179.1229558283568,179.43609532334278,358.5590511516996,-0.03433260439046352,175.42782038321536,178.58070906925468,157.66702706007084,0.28472438670878003
41,5,17619,forward,w,deg,12862,12862.0,0.0,-0.58101992238457,4.634052755338251,-6.412942705517611,8.270021442644552,14.682964148162164,-7.05852333797651,13.071979420692685,20.130502758669195,0.44190244624487185,8.965270962529107,13.76722894057724,296.4680154888534,0.9967333543180629
41,6,207815,forward,w,deg,13742,13742.0,0.0,-0.5759451178784474,5.500082225564243,-7.667734401935334,8.998578065618023,16.666312467553357,-11.89112825206388,36.87679041866048,48.767918670724356,1.3877049674806181,12.983439823855338,40.86165217689779,17.216546032407113,0.9954211130469085
41,7,151853,forward,w,deg,2854,2854.0,0.0,3.8182413933070336,86.97124376964227,-167.7631593495321,18.721607249735282,186.48476659926737,-179.9984507828017,179.98983547209764,359.9882862548993,-0.28794207811714045,173.8009627012331,179.9239737653681,281.12160058836287,0.36565534208243844
41,8,149492,forward,w,deg,413,413.0,0.0,3.5933200790594526,96.01793746503853,-175.09127299497024,82.55247210187137,257.6437450968416,-179.50118880538116,179.99288902954015,359.4940778349213,-0.01648425783576401,178.19058127505247,179.9953811992068,42.596335381230276,0.2215893428955684
41,9,135518,forward,w,deg,6,6.0,0.0,-2.7408746283018957,62.88339977965959,-17.42172409659743,126.12173603753781,143.54346013413524,-20.87123845218545,162.76654776487032,183.63778621705578,2.289801053384606,174.73159253588406,176.3622137829442,244.5584293596927,0.654955637544148
41,10,33425,forward,w,deg,4276,4276.0,0.0,-1.6146632110034886,9.422794235004437,-13.375944254717254,17.812325482662956,31.18826973738021,-16.117060071997344,25.27284244344844,41.38990251544578,0.5013088376662249,28.236770326326322,35.697287287111806,327.89735803393916,0.9865518417155285
41,11,72883,forward,w,deg,6489,6489.0,0.0,-0.13497161527214985,34.21147605318758,-12.51227109077542,13.26414450894333,25.77641559971875,-179.905180425376,179.87655383755367,359.78173426292966,-0.8328264213865266,18.01906999325968,179.9595336359689,199.47054852102673,0.9159849172439924
41,12,204518,forward,w,deg,2132,2132.0,0.0,-7.071416032962276,86.58203890062903,-170.69176033730756,33.429722732407505,204.12148306971505,-179.52446025669803,179.67500037660398,359.199460633302,-0.3936707907823782,170.94397897692377,179.6462083252435,74.6614626737178,0.22573494732094934
41,13,212089,forward,w,deg,8777,8777.0,0.0,-1.575828694495982,56.606619681826636,-168.44781813514516,36.82370070168878,205.27151883683393,-179.9911763573249,179.96903116541807,359.96020752274296,-0.3148573595169909,174.34875311724326,179.99438353886956,31.989575187419458,0.7812722745548096
41,14,205453,forward,w,deg,1585,1585.0,0.0,16.9488999041061,85.47956866499406,-154.25259676437176,34.26339774209561,188.51599450646736,-176.37117158942883,47.51704431475616,223.888215904185,-0.2583448695518808,173.01614258640112,179.97964248138044,291.6650429137571,0.14604595208120527
41,15,119732,forward,w,deg,171,171.0,0.0,4.313806406499964,88.22183927649161,-168.96646109942236,29.06100524230203,198.0274663417244,-175.19052149207215,176.68023169974185,351.870753191814,-0.23936941088955482,179.05676524786924,179.86635552611074,74.2464973411275,0.15981432546279223
41,16,181737,forward,w,deg,10,10.0,0.0,18.8683157490658,80.08885418323496,-136.3670386563046,42.2873044772053,178.6543431335099,-137.47646644959238,45.120374678445444,182.59684112803782,-0.45309251287000446,157.13489268527286,158.24432047856064,180.08001091873382,0.24139341180001697
41,17,131983,forward,w,deg,5,5.0,0.0,0.626613768483594,3.8437694139482224,-4.376166937657979,5.023772548481713,9.399939486139692,-4.470707340821548,5.758127097951331,10.228834438772878,0.24610186596648212,9.49447988930326,10.228834438772878,268.39037338464345,0.9977510762171222
41,18,141617,forward,w,deg,402,402.0,0.0,-18.306298771188565,89.70539603968437,-134.54713279682912,71.32496195293464,205.87209474976376,-142.84547041141204,82.22739600448858,225.07286641590062,-0.02305295614339739,178.10489335264322,179.92498585036026,313.0559663878058,0.020106093381432374
41,19,165603,forward,w,deg,16631,16631.0,0.0,-0.27120994889463645,3.28378983521937,-4.695238446841671,5.97215408953781,10.66739253637948,-5.164019859060488,8.12505902099906,13.289078880059549,0.3633411965494059,6.548687407454679,8.70159233891593,355.6511142507229,0.9983586223542761
41,20,40578,forward,w,deg,9009,9009.0,0.0,0.08811415635284447,6.4017209547054055,-11.08640708713035,10.766231842225887,21.85263892935624,-14.352786321567635,17.334747608002203,31.687533929569838,0.012896267733208643,12.466193370023282,17.14029323767204,308.04440500825723,0.9937747394085341
41,21,45237,forward,w,deg,3702,3702.0,0.0,0.03683931307602961,82.53027669736754,-175.2726833718555,175.9202208446972,351.19290421655273,-179.9782863688537,179.98995987143093,359.96824624028466,-0.10100952728439745,177.63486670993152,179.95814715916708,236.00004085966572,0.5457020383635386
41,22,205841,forward,w,deg,811,811.0,0.0,24.794708642099863,86.63534775638637,-146.3699218471545,46.14660526900997,192.51652711616447,-155.1358937557332,55.729287457282624,210.86518121301583,-0.14650425053629562,177.2815600710242,179.9358386023056,297.03378659365274,0.09442223301445057
41,23,215309,forward,w,deg,5776,5776.0,0.0,-3.3709549696022094,103.01810007015283,-177.14597382164243,176.13514438925625,353.2811182108987,-179.98751993184942,179.99279055647787,359.9803104883273,-3.0373904140418766e-05,177.35590023443592,179.9771392729633,44.68438545933502,0.2909060430010905
41,24,67173,forward,w,deg,8662,8662.0,0.0,-0.6375068708935174,37.602765667886196,-9.418788713315829,12.752745969474866,22.171534682790693,-179.9969763255177,179.84148864079356,359.8384649663112,-0.384398588473321,15.378159278473083,179.95708799642716,182.80602156979415,0.9009928025991756
41,25,74432,forward,w,deg,5605,5605.0,0.0,0.13387484189590282,74.55249471611371,-176.20486811840107,13.628554144539484,189.83342226294056,-179.99544475825383,179.99468410047302,359.99012885872685,-0.7344090940381514,177.98760548673553,179.99519796997768,215.71646358581302,0.5981820128443998
41,26,112234,forward,w,deg,3373,3373.0,0.0,-5.1426463289923845,96.772563916041,-170.8704150721124,169.55344902906845,340.4238641011808,-179.98656906630475,179.99300309159855,359.9795721579033,-0.012701513974516227,175.29420929031434,179.98880838628264,263.259317054854,0.24650602159973126
41,27,166403,forward,w,deg,32,32.0,0.0,-2.331612973094394,102.98744838349153,-173.54916046889926,168.48718128349407,342.03634175239335,-178.18281701719926,174.2123688368439,352.3951858540431,0.002631024510290504,175.71397104368288,179.65237240801713,181.68383672566608,0.25260041811517675
41,28,144422,forward,w,deg,3810,3810.0,0.0,-0.12005050816352991,68.2852805700933,-152.05307375983224,170.34956422644638,322.4026379862786,-179.88094899712542,179.40512802337844,359.28607702050385,0.541810531015932,173.0284552148329,179.99231848203124,274.0423738445139,0.6635066136762793
41,29,155091,forward,w,deg,544,544.0,0.0,-0.5985960665802423,89.24273954425409,-177.61408905605936,172.756677857884,350.3707669139434,-179.9825120667146,179.95830002850312,359.9408120952177,-0.11944624751316744,178.61566893306687,179.91673201903131,31.119055975907877,0.4550857268725698
41,30,153900,forward,w,deg,2256,2256.0,0.0,5.615485540738035,84.49969358080465,-168.7282402513879,18.05097801537154,186.77921826675941,-179.4429676387789,179.36851607449802,358.8114837132769,-0.47492532383218794,178.3241125223711,179.99406977765034,292.0831022651396,0.26198511514650213
41,31,136639,forward,w,deg,16522,16522.0,0.0,-0.2894852081860222,4.173190867168541,-6.058543512599677,7.1438854788318915,13.202428991431567,-6.659779823876278,10.65944111612518,17.319220940001458,0.28882870638656977,7.6337453863429525,11.14930102363624,157.53622394551098,0.9973499735370235
41,32,182807,forward,w,deg,9053,9053.0,0.0,-0.23897049131798553,5.6338813018899705,-9.550628447758772,9.768842925924224,19.319471373682994,-13.123865456381367,13.552643082382588,26.676508538763954,0.0803130727638295,14.998498140294265,18.78229829675263,185.6793848364446,0.9951754607107521
41,33,198441,forward,w,deg,15183,15183.0,0.0,-0.17134881359390874,3.9018342594553297,-6.06405154412829,6.262682792234883,12.326734336363174,-7.923424066814846,20.22629091133595,28.149714978150797,0.35557308031031315,8.005204914207399,21.968813033308493,5.752986529025776,0.9976839982081923
41,34,206425,forward,w,deg,270,270.0,0.0,4.341230883643519,93.06163241403908,-173.38023919017536,21.731140158577617,195.11137934875296,-179.81529198356145,179.98719923005922,359.80249121362067,-0.05798302682641272,176.64556508466833,179.9273341929586,57.364284548968506,0.16119567007008123
41,35,98442,forward,w,deg,8617,8617.0,0.0,-0.5219377447222087,80.40589400560513,-175.08260658147256,16.870745669353614,191.95335225082619,-179.99142684137254,179.99128599081484,359.9827128321874,-0.8285918152968623,178.95611811997983,179.99947074974966,198.4532159488664,0.4093524596907714
41,36,58099,forward,w,deg,9619,9619.0,0.0,-0.3775302097981239,61.12006367340704,-166.1709573029014,162.24276916625763,328.41372646915903,-179.96116210554385,179.92881891062507,359.8899810161689,-0.12616119574125162,172.20847158616488,179.99014665983503,168.32655914644315,0.7418680496773653
41,37,20733,forward,w,deg,1652,1652.0,0.0,-1.3617228255505012,55.48277902417903,-12.163034147242323,171.24600641527152,183.40904056251384,-179.9431444568075,179.47023397778173,359.4133784345892,1.5682767809233116,169.25654578317875,179.94525585657993,160.7245699011146,0.7779543821193898
41,38,34059,forward,w,deg,760,760.0,0.0,2.008725628816819,84.52217124693146,-171.5117489314647,19.44797449234389,190.95972342380858,-179.92653158038112,176.31888155657361,356.24541313695477,-0.5090014289776946,179.0780230862539,179.98847154963937,305.7766497626563,0.27832125452389034
41,39,141427,forward,w,deg,55,55.0,0.0,0.07432565538147173,100.29126517242857,-172.6239972099022,178.1077016858424,350.73169889574456,-176.53626643547864,179.5779795535458,356.1142459890244,0.019198457699236303,175.88473018604162,179.81967099965817,115.11589555033837,0.3022608113089047
41,40,183730,forward,w,deg,3684,3684.0,0.0,-5.2007813131466065,87.59126373720218,-176.15262083233065,174.34004059326617,350.4926614255968,-179.93807805599687,179.97792294867315,359.91600100467,-0.12961405504463358,177.2924550782741,179.99150355508203,56.64289463371521,0.4750334452649074
45,0,121224,backward,eps,km^2/s^2,13092,13092.0,0.0,-0.10929804170226998,0.04024225263049445,-0.18874090352372772,-0.07046122323193825,0.11827968029178947,-0.19524531084314178,-0.06485327167013244,0.13039203917300934,-0.39192918877987043,0.08096765066311093,0.087472057982525,nan,nan
45,1,18323,backward,eps,km^2/s^2,2,2.0,0.0,-0.4690906312250537,0.34782615355190705,-0.78213416942177,-0.15604709302833736,0.6260870763934328,-0.8169167847769607,-0.12126447767314663,0.6956523071038141,nan,0.6608696917486233,0.6956523071038141,nan,nan
45,2,92023,backward,eps,km^2/s^2,567,567.0,0.0,-0.20547310476136782,0.3061458843125647,-0.9595438689933704,-0.1072472941858881,0.8522965748074823,-1.0205536257856416,-0.04380722131250103,0.9767464044731405,-1.2201284425067496,0.7811203470312842,0.8421301038235554,nan,nan
45,3,33597,backward,eps,km^2/s^2,846,846.0,0.0,-0.8637945863135309,0.046596456961422825,-0.9629087616548547,-0.8119220339932607,0.15098672766159404,-1.020836128343177,-0.806208472304013,0.214627656039164,-0.7108674619360942,0.0795818328721411,0.13474622903595257,nan,nan
45,4,164684,backward,eps,km^2/s^2,67,67.0,0.0,-0.19683432014483537,0.24399501277205765,-0.9042088726101402,-0.11579036658741722,0.7884185060227229,-0.9770398650056108,-0.10646738287128665,0.8705724821343241,-2.1238880401130396,0.709994287340594,0.782825279736065,nan,nan
45,5,17619,backward,eps,km^2/s^2,12862,12862.0,0.0,-0.903590310512592,0.03515547818866069,-0.9744580694898003,-0.861319099088694,0.11313897040110632,-0.9928130156257337,-0.8519979305389092,0.1408150850868245,-0.4577488575603215,0.06101935313936271,0.07607706027936612,nan,nan
45,6,207815,backward,eps,km^2/s^2,13732,13732.0,0.0,-0.22490380637188606,0.048013283463787484,-0.25011614167825535,-0.13262820562767072,0.11748793605058463,-0.8097698635149295,-0.12560669176391293,0.6841631717510166,-3.4586496752549647,0.09648319368710724,0.5809213499539552,nan,nan
45,7,18984,backward,eps,km^2/s^2,821,821.0,0.0,-0.8228682415928132,0.04592756808206962,-0.9665661191681711,-0.8122091897654763,0.15435692940269485,-0.9770685770476017,-0.8062327657692095,0.1708358112783922,-1.961344798747649,0.14415288605431997,0.15465534393375058,nan,nan
45,8,160348,backward,eps,km^2/s^2,346,346.0,0.0,-0.1827393390295995,0.042642733665727926,-0.23180703131258812,-0.11071596028626082,0.1210910710263273,-0.2581213790987834,-0.09218076008060105,0.16594061901818236,0.0817421705162027,0.07810039394846893,0.0966355941541287,nan,nan
45,9,135518,backward,eps,km^2/s^2,6,6.0,0.0,-0.19637883185262367,0.31819163733686906,-0.8258968552353436,-0.11618376049669821,0.7097130947386454,-1.0176690233481307,-0.11438481223387309,0.9032842111142576,-2.299179485149736,0.67305240350978,0.8648245716225671,nan,nan
45,10,33425,backward,eps,km^2/s^2,4229,4229.0,0.0,-0.9497134484552713,0.03944443449801629,-0.984060115718042,-0.8596062017382408,0.12445391397980121,-0.9985887564650576,-0.8451401246810116,0.153448631784046,0.7222414843360757,0.0738471989518305,0.0883132760090597,nan,nan
45,11,74439,backward,eps,km^2/s^2,4641,4641.0,0.0,-0.9034510313561774,0.047727905041145754,-0.968839110571623,-0.8243912808166239,0.14444782975499904,-0.980575890870184,-0.8066104959393747,0.17396539493080931,0.17194951554820068,0.07795057873777966,0.09510277704052239,nan,nan
45,12,19875,backward,eps,km^2/s^2,1653,1653.0,0.0,-0.8372736603479368,0.11013551103973604,-0.9733722488269222,-0.8087898010312263,0.16458244779569586,-1.0207392989867343,-0.2507771511978987,0.7699621477888356,3.91638252124203,0.14577942080526365,0.5805970195526705,nan,nan
45,13,212089,backward,eps,km^2/s^2,8872,8872.0,0.0,-0.21023118863928092,0.03288815781233649,-0.2445502634460336,-0.12758841031771653,0.11696185312831706,-0.8145714641333797,-0.0739063336154051,0.7406651305179746,0.28906769016481915,0.07645336300499574,0.610582215244213,nan,nan
45,14,205841,backward,eps,km^2/s^2,850,850.0,0.0,-0.19132292922988436,0.039745711755508624,-0.2338463800101429,-0.114779114662568,0.1190672653475749,-0.2583239078018683,-0.045021200851791066,0.21330270695007725,0.540553228879643,0.07039738802132342,0.13979595351570373,nan,nan
45,15,119732,backward,eps,km^2/s^2,160,160.0,0.0,-0.20886314791862842,0.322614576639378,-0.9630051415423669,-0.11672840248896403,0.846276739053403,-0.9770401771211343,-0.07489050235106531,0.902149674770069,-1.0005215235870684,0.7542988167690415,0.7683338523478089,nan,nan
45,16,181737,backward,eps,km^2/s^2,10,10.0,0.0,-0.17869251016646637,0.27234791713473633,-0.8262330792398357,-0.08533407599241494,0.7408990032474208,-0.8282834719189582,-0.0800492234137743,0.7482342485051839,-1.6673391409412908,0.7344397389846378,0.7364901316637603,nan,nan
45,17,131983,backward,eps,km^2/s^2,5,5.0,0.0,-0.1650838201903747,0.3028923992592412,-0.7745440715457426,-0.1336164932141638,0.6409275783315788,-0.9166889311745429,-0.13026740448873786,0.786421526685805,-2.1980072911380026,0.6275312234298749,0.7696760830586753,nan,nan
45,18,141617,backward,eps,km^2/s^2,347,347.0,0.0,-0.24306256120940828,0.3112919985708951,-0.967182558214066,-0.11513822451908996,0.852044333694976,-1.0183677716126565,-0.04390831562550124,0.9744594559871552,-1.0009708438375984,0.7382103442724238,0.7893955576710143,nan,nan
45,19,56847,backward,eps,km^2/s^2,8304,8304.0,0.0,-0.9017988485949237,0.028300774579348587,-0.9438414473881056,-0.8595631297503903,0.08427831763771532,-0.9822563133015761,-0.8179914109473174,0.16426490235425872,-0.21115714981870498,0.05777489207896637,0.086353789359074,nan,nan
45,20,40578,backward,eps,km^2/s^2,9009,9009.0,0.0,-0.9817054131638415,0.04852572144711245,-1.0035120523434018,-0.855727941196886,0.1477841111465158,-1.0086547271271056,-0.8465284364528025,0.16212629067430306,1.0310101982422375,0.1149332113030567,0.12413271604714016,nan,nan
45,21,42021,backward,eps,km^2/s^2,3278,3278.0,0.0,-0.8630972002787028,0.05153889904166941,-0.9760091750044474,-0.8312299285533069,0.1447792464511405,-0.9804838093061583,-0.8067280478455953,0.17375576146056304,-0.5872067085210644,0.13296265157345158,0.13743728587516246,nan,nan
45,22,30090,backward,eps,km^2/s^2,121,121.0,0.0,-0.8317861948285357,0.03849391732753427,-0.9580419343663316,-0.8174409965208635,0.140600937845468,-0.9770515556428341,-0.8068393667227801,0.17021218892005396,-2.1321991824142685,0.12885113287738592,0.14786075415388844,nan,nan
45,23,214750,backward,eps,km^2/s^2,5704,5704.0,0.0,-0.19425592001893488,0.04911480442807654,-0.23900522060944915,-0.11860010740252062,0.12040511320692852,-0.9752572448791391,-0.08126439217977144,0.8939928526993677,-6.726435322061459,0.06939388916569104,0.7924751814882071,nan,nan
45,24,70955,backward,eps,km^2/s^2,6104,6104.0,0.0,-0.9049193181609756,0.04840073968949747,-0.9661441084164966,-0.8327546179424714,0.13338949047402515,-0.9808925592487271,-0.8063623697289342,0.17453018951979293,0.16869738406150916,0.07434172808967394,0.09650893274585182,nan,nan
45,25,77199,backward,eps,km^2/s^2,4513,4513.0,0.0,-0.9005791727787708,0.04760460014924754,-0.9676539993957124,-0.8336877551719803,0.13396624422373204,-0.9805267118082368,-0.07897326495863977,0.901553446849597,2.2452670972153133,0.07103454939074234,0.823343387055867,nan,nan
45,26,115244,backward,eps,km^2/s^2,3048,3048.0,0.0,-0.20303548976458946,0.17028949313770012,-0.8094824833359926,-0.09234249358046696,0.7171399897555256,-0.9887344424306926,-0.06655181842303093,0.9221826240076617,-3.3120449934144616,0.6014562819663893,0.7807082410610892,nan,nan
45,27,166403,backward,eps,km^2/s^2,32,32.0,0.0,-0.19134293107234362,0.2809701130690065,-0.9029606115022014,-0.1165859210817228,0.7863746904204786,-0.9721623626889256,-0.11498373245609261,0.857178630232833,-1.6417494398633543,0.7069951187743414,0.7761968699610656,nan,nan
45,28,144422,backward,eps,km^2/s^2,3958,3958.0,0.0,-0.15990895005511963,0.09644187730284005,-0.25430262684354216,-0.048800238819251066,0.2055023880242911,-1.0192815268354818,-0.043998602475122994,0.9752829243603588,-4.677554531682694,0.11639461773361184,0.8557552172359019,nan,nan
45,29,153329,backward,eps,km^2/s^2,442,442.0,0.0,-0.17712671299452143,0.20609992712776126,-0.8734897706003991,-0.11715138785139817,0.7563383827490009,-1.0023683426834398,-0.043879077490019736,0.95848926519342,-2.747594862637332,0.6935167708558378,0.8223953429388786,nan,nan
45,30,205453,backward,eps,km^2/s^2,1614,1614.0,0.0,-0.18610950431165607,0.038472382946469943,-0.21373846882554823,-0.11370159136536379,0.10003687746018444,-0.2584258866957744,-0.044431271580256615,0.21399461511551776,0.44053664303351786,0.0711539815524448,0.13920521574532585,nan,nan
45,31,136639,backward,eps,km^2/s^2,16522,16522.0,0.0,-0.12354978819150586,0.03090841590516147,-0.17332859329201677,-0.07847989651343983,0.09484869677857695,-0.18291659421337536,-0.07157441740973014,0.11134217680364522,-0.08025075912682204,0.05967586301095406,0.06926386393231265,nan,nan
45,32,182807,backward,eps,km^2/s^2,9053,9053.0,0.0,-0.12706178073782948,0.040170080317434013,-0.1959647371464936,-0.06555264545983956,0.13041209168665402,-0.2005658934756679,-0.06098087863418866,0.13958501484147923,-0.09593367379481453,0.0670537619292148,0.07031412522989677,nan,nan
45,33,198441,backward,eps,km^2/s^2,15179,15179.0,0.0,-0.2255211623873299,0.040596563942554294,-0.2466006956153187,-0.1400448818244482,0.10655581379087051,-0.8089071391267528,-0.13200993977318976,0.6768971993535631,-1.9610226318724173,0.0947419150648705,0.5742059512217025,nan,nan
45,34,150972,backward,eps,km^2/s^2,239,239.0,0.0,-0.18209799903375434,0.03748495026756035,-0.2129724074661607,-0.11587995494601663,0.09709245252014406,-0.25723233437167126,-0.10805916553719896,0.1491731688344723,0.12552840288140343,0.06146539162307953,0.08078830139779325,nan,nan
45,35,98442,backward,eps,km^2/s^2,8617,8617.0,0.0,-0.15667069229331576,0.044628894514470774,-0.22077789749550822,-0.06727661181235228,0.15350128568315594,-0.25713139719690337,-0.058817793307683885,0.19831360388921948,0.19140852514015974,0.12204302983752596,0.13050184834219436,nan,nan
45,36,65697,backward,eps,km^2/s^2,7748,7748.0,0.0,-0.8964841994516906,0.0420826659594338,-0.9568212767297036,-0.8375079353881558,0.11931334134154781,-0.981300836668506,-0.8075259064829542,0.1737749301855518,0.055654304962825876,0.07012246108513503,0.09576136210633679,nan,nan
45,37,24482,backward,eps,km^2/s^2,1096,1096.0,0.0,-0.8279110110955108,0.04858416612061997,-0.9609450623848887,-0.8152262373988519,0.14571882498603683,-1.0147458785877224,-0.04415323856072739,0.970592640026995,2.7856512236169673,0.13540508652833336,0.7815593047968737,nan,nan
45,38,36376,backward,eps,km^2/s^2,668,668.0,0.0,-0.8902039086404423,0.05258495759600651,-0.9754453705373557,-0.8242416427460288,0.15120372779132685,-1.0207786020554366,-0.8066916602577815,0.21408694179765508,-0.09931895156968328,0.08843649890994934,0.10831613397432216,nan,nan
45,39,141427,backward,eps,km^2/s^2,55,55.0,0.0,-0.23151932938293873,0.35743508098859367,-0.9717610130427846,-0.05409558845262713,0.9176654245901574,-1.0098256453763166,-0.043834796693581146,0.9659908486827354,-0.6276791913985327,0.8236020684448757,0.8616667007784077,nan,nan
45,40,183730,backward,eps,km^2/s^2,3784,3784.0,0.0,-0.1945055885215221,0.04254245495511575,-0.25291274325084995,-0.12201658955639184,0.13089615369445812,-0.8083067907700107,-0.10531870956906442,0.7029880812009462,-0.6874581262869321,0.09085921625316008,0.5954965202999251,nan,nan
45,41,155074,backward,eps,km^2/s^2,2350,2350.0,0.0,-0.1676512217838944,0.047497843387435075,-0.2143022703359346,-0.1092024073139493,0.1050998630219853,-0.8126985319462801,-0.048369047020626055,0.764329484925654,-3.06923229833599,0.07084717434747838,0.638991517729071,nan,nan
45,42,165603,backward,eps,km^2/s^2,16631,16631.0,0.0,-0.19774021289411847,0.02474333564328026,-0.23125193026758173,-0.1528973463191503,0.07835458394843142,-0.2368262011669645,-0.14214432129427157,0.09468187987269294,0.24963053240794686,0.06560178036317554,0.07635480538805428,nan,nan
45,43,155088,backward,eps,km^2/s^2,2780,2780.0,0.0,-0.17107659459701685,0.05043040053594093,-0.24370997138835998,-0.06453329755445317,0.1791766738339068,-0.2593276385082858,-0.04391779137377705,0.21540984713450873,0.3280757144633404,0.1163279492161313,0.1369434553968074,nan,nan
45,44,39623,backward,eps,km^2/s^2,101,101.0,0.0,-0.8747298591893247,0.05783931078155843,-0.9767073966715779,-0.8188598703359058,0.15784752633567212,-1.020754723273971,-0.8074723231445518,0.21328240012941935,-0.48569914735843756,0.11691729102331372,0.12830483821466776,nan,nan
45,0,121224,backward,e,-,13092,13092.0,0.0,0.7390085067920111,0.09784539009037013,0.5443067318073568,0.8320475050989518,0.287740773291595,0.5277637199370051,0.8454368187998987,0.31767309886289363,-0.40670256059629967,0.19836891741498874,0.21491192928534042,nan,nan
45,1,18323,backward,e,-,2,2.0,0.0,0.4565134131302835,0.2534864796737696,0.2283755814238909,0.684651244836676,0.45627566341278514,0.20302693345651393,0.7099998928040531,0.5069729593475392,nan,0.4816243113801622,0.5069729593475392,nan,nan
45,2,92023,backward,e,-,567,567.0,0.0,0.5047161327602416,0.1512222960971012,0.24048007193313584,0.7438726949956813,0.5033926230625455,0.17519044809436038,0.8956261106421681,0.7204356625478078,0.15202660526584713,0.3289396589429545,0.3942292827817302,nan,nan
45,3,33597,backward,e,-,846,846.0,0.0,0.3166732996443141,0.09251648334007001,0.18589908527789167,0.4901940367509866,0.30429495147309493,0.16819393098549065,0.5729713754320799,0.40477744444658925,0.3542220036783169,0.1816616929286547,0.21251521357673414,nan,nan
45,4,164684,backward,e,-,67,67.0,0.0,0.5233893203628468,0.12900649484920135,0.26139985135020044,0.7232791038044942,0.4618792524542938,0.1950360603659501,0.7457457448666868,0.5507096845007367,-0.5350409967499559,0.26866316027850984,0.3350269512627603,nan,nan
45,5,17619,backward,e,-,12862,12862.0,0.0,0.39209224385832053,0.0610432988901962,0.3105435495840334,0.5071502439549583,0.19660669437092493,0.2903377742094833,0.5339720412511268,0.24363426704164354,0.3008042432095804,0.10848975627236751,0.1248169515895412,nan,nan
45,6,207815,backward,e,-,13732,13732.0,0.0,0.4504872561443949,0.10275545990162899,0.38045100681701793,0.6825028754802351,0.3020518686632172,0.16887505930486627,0.6995299637999745,0.5306549044951082,0.6587554308483612,0.2431872653471999,0.2710623681596216,nan,nan
45,7,18984,backward,e,-,821,821.0,0.0,0.22012723609092658,0.09277356308803295,0.1876301636801188,0.49552750054315553,0.3078973368630367,0.168344493093901,0.5112829900789175,0.34293849698501655,1.752715813809851,0.2768909827107241,0.2926464722464861,nan,nan
45,8,160348,backward,e,-,346,346.0,0.0,0.5590792464014211,0.10680442116400837,0.4310456192029527,0.7355532577941817,0.304507638591229,0.3570780043167828,0.7803125287814279,0.42323452446464505,0.024742478545242287,0.19179258407834715,0.23655185506559329,nan,nan
45,9,135518,backward,e,-,6,6.0,0.0,0.6009994736129354,0.13589982631063371,0.38586898568040773,0.7223381469675401,0.33646916128713233,0.3783771874725489,0.72667300581553,0.34829581834298107,-0.42905279505608407,0.24739695653734917,0.254888754745208,nan,nan
45,10,33425,backward,e,-,4229,4229.0,0.0,0.46980447560324295,0.06723887112616071,0.30734202304159675,0.5215264840738728,0.21418446103227606,0.27509797528852115,0.5423682231620461,0.267270247873525,-0.8897077878736324,0.13601322156422568,0.16825726931730128,nan,nan
45,11,74439,backward,e,-,4641,4641.0,0.0,0.392465659703418,0.09003721073194207,0.2229504019501878,0.499060737488581,0.27611033553839315,0.16943473771526985,0.5164301738068007,0.34699543609153083,-0.40431227505395745,0.16674907662531677,0.22026474086023473,nan,nan
45,12,19875,backward,e,-,1653,1653.0,0.0,0.25885090342587436,0.09758859386114198,0.19064601964414207,0.5058124569974317,0.31516643735328964,0.17004250047813105,0.57285141266025,0.4028089121821189,0.9384834933872979,0.2635065642260488,0.33054551988886705,nan,nan
45,13,212089,backward,e,-,8872,8872.0,0.0,0.4894291523760089,0.08184105370776201,0.3967753709560697,0.6947274041691455,0.2979520332130758,0.19359195642069715,0.8237715429063618,0.6301795864856646,0.9699284626421543,0.1891530265628901,0.31803934497820574,nan,nan
45,14,205841,backward,e,-,850,850.0,0.0,0.5376862570140395,0.09951887280643586,0.4259359382949614,0.7259145675509333,0.2999786292559719,0.35627751205208413,0.8927406400119636,0.5364631279598795,0.4734854362727846,0.1732393547458864,0.33825363324401336,nan,nan
45,15,119732,backward,e,-,160,160.0,0.0,0.49730511660625476,0.13504000684701953,0.2469881715019792,0.7209812696901331,0.47399309818815394,0.1847104208115021,0.8215973790510791,0.636886958239577,-0.09464332276873337,0.2586998981889157,0.32956444203595725,nan,nan
45,16,181737,backward,e,-,10,10.0,0.0,0.568922947758439,0.19219162889087005,0.22777768202025336,0.7966671747934654,0.568889492773212,0.22258172598590806,0.8092903384959702,0.5867086125100621,-0.5188644651677559,0.5534611815812617,0.558657137615607,nan,nan
45,17,131983,backward,e,-,5,5.0,0.0,0.603103123500871,0.09986692627871357,0.4323225258300386,0.6800290655397587,0.24770653970972012,0.4154081001457174,0.6881484709046395,0.2727403707589221,-0.6020571769618305,0.21522891825019685,0.23214334393451808,nan,nan
45,18,141617,backward,e,-,347,347.0,0.0,0.4570254914066999,0.14860761664052827,0.22693429012538205,0.7248343363218176,0.4979000461964356,0.1814033940602324,0.8953803856012519,0.7139769915410195,0.46579315148266603,0.28658936582102995,0.45713541510046424,nan,nan
45,19,56847,backward,e,-,8304,8304.0,0.0,0.3895624848819126,0.051004356283219476,0.3076609464259744,0.46035571064979075,0.15269476422381634,0.2068714408289801,0.5188881617217957,0.3120167208928156,-0.09047418528425485,0.10389326702890835,0.1873348742827636,nan,nan
45,20,40578,backward,e,-,9009,9009.0,0.0,0.5180496614899635,0.08122606796595766,0.2989006580823105,0.549191392002076,0.25029073391976553,0.2782347314616963,0.5563450703171937,0.2781103388554974,-1.150446000442122,0.20268010993763552,0.2233460365582497,nan,nan
45,21,42021,backward,e,-,3278,3278.0,0.0,0.31485940380366584,0.09617694200943139,0.241859715391635,0.5097306238913727,0.2678709084997377,0.1697351995346614,0.5163006971285099,0.34656549759384847,0.41897745668621406,0.23832758443596402,0.24489765767310123,nan,nan
45,22,30090,backward,e,-,121,121.0,0.0,0.2434767451408129,0.07668641214261175,0.20459190129441987,0.4827715246054717,0.27817962331105184,0.17006358404121355,0.5112742873972345,0.3412107033560209,1.7680172664669775,0.24558337603780092,0.2740861388295637,nan,nan
45,23,214750,backward,e,-,5704,5704.0,0.0,0.5304081330815715,0.09247987371567994,0.41191747518183586,0.7164594306765992,0.30454195549476337,0.35937888564717163,0.8061663995101471,0.4467875138629755,0.5188288422468842,0.17393204688014358,0.24639590593910254,nan,nan
45,24,70955,backward,e,-,6104,6104.0,0.0,0.39526007339024205,0.09083603710532408,0.24675262049990165,0.4950025095328109,0.24824988903290923,0.1685914010438332,0.5169001468957891,0.3483087458519559,-0.39192399899576513,0.144977577879466,0.22313879733553482,nan,nan
45,25,77199,backward,e,-,4513,4513.0,0.0,0.38783819427658545,0.08399461893429438,0.24808830023751935,0.4973387026372939,0.24925040239977456,0.16951885238982295,0.8116504256351789,0.6421315732453559,-0.18500902126501104,0.14299396405776707,0.42085263420672936,nan,nan
45,26,115244,backward,e,-,3048,3048.0,0.0,0.5085054939496045,0.15126471812624256,0.35544992595972913,0.7799146814019479,0.42446475544221873,0.1707602090708903,0.8414752035106957,0.6707149944398054,0.20947207346342023,0.2913917745586284,0.3477173017062869,nan,nan
45,27,166403,backward,e,-,32,32.0,0.0,0.5376644642526527,0.15020970119969987,0.23962581022182602,0.721324326080925,0.48169851585909895,0.20587102070989266,0.7252064373818786,0.5193354166719859,-0.6989684598895334,0.2859791844358652,0.3197339739477985,nan,nan
45,28,144422,backward,e,-,3958,3958.0,0.0,0.6158433141678169,0.14240748186799326,0.3698208835475132,0.8837158763005951,0.5138949927530819,0.17000004480164355,0.8951687979991013,0.7251687531974578,-0.0903996251058781,0.280185650132734,0.43697542890874186,nan,nan
45,29,153329,backward,e,-,442,442.0,0.0,0.5731861704425278,0.1271454029489769,0.35573289260092905,0.7200120212318587,0.36427912863092965,0.1711891508875431,0.8954556794646302,0.7242665285770871,-0.612919968500756,0.2275315650811263,0.3948356732270117,nan,nan
45,30,205453,backward,e,-,1614,1614.0,0.0,0.550752841461599,0.09575768220317424,0.4799014633649489,0.7283052117397508,0.24840374837480195,0.35604827303698017,0.894142631280065,0.5380943582430848,0.3855997242872474,0.1768866235488996,0.33668900449999073,nan,nan
45,31,136639,backward,e,-,16522,16522.0,0.0,0.70475415487076,0.07486913811900067,0.5829415296024009,0.8129278854525074,0.22998635585010652,0.5589407119171835,0.8293935072484913,0.2704527953313077,-0.09584015454180891,0.145630180308175,0.16963099799339232,nan,nan
45,32,182807,backward,e,-,9053,9053.0,0.0,0.6960074951612383,0.0978284590004539,0.5258602848012826,0.8437649023007293,0.31790461749944676,0.5141736530258785,0.8546773778029716,0.3405037247770931,-0.12115445910131124,0.16341415257201428,0.17199003228043752,nan,nan
45,33,198441,backward,e,-,15179,15179.0,0.0,0.4482486632172363,0.09549240487562176,0.39020281964565623,0.6644391640122862,0.27423634436662997,0.17093419585422623,0.6839935777210615,0.5130593818668353,0.653392620371846,0.24096350218222404,0.26031103322444454,nan,nan
45,34,150972,backward,e,-,239,239.0,0.0,0.560172793741468,0.09354452547787229,0.4819456127424237,0.7230765113662723,0.24113089862384857,0.35974853376918503,0.7419365958669654,0.38218806209778033,0.07946512350923123,0.15090641471182803,0.215109985553545,nan,nan
45,35,98442,backward,e,-,8617,8617.0,0.0,0.6238038735340001,0.11028868062099034,0.461520221097065,0.8396199874474307,0.37809976635036574,0.3599229324826886,0.8598376401626954,0.4999147076800068,0.11776770199517067,0.29774102440392286,0.31795867711918757,nan,nan
45,36,65697,backward,e,-,7748,7748.0,0.0,0.38016903099967203,0.07907964263084359,0.2576735437899941,0.4807257314477261,0.22305218765773205,0.17260053576279208,0.5174983775237134,0.3448978417609213,-0.2684369618830633,0.1347476213733037,0.21982062940050576,nan,nan
45,37,24482,backward,e,-,1096,1096.0,0.0,0.2334339935734659,0.08610273005953072,0.19771866053502593,0.4873020055697017,0.28958334503467575,0.17122126751088823,0.8948018977171688,0.7235806302062806,1.9090155045609245,0.2594675879007242,0.6669674800481913,nan,nan
45,38,36376,backward,e,-,668,668.0,0.0,0.3681871081559488,0.09873573225445839,0.22342645942750458,0.5088343183818848,0.28540785895438014,0.16974573819944064,0.5728973064372875,0.4031515682378469,-0.1067229431516871,0.18468031681645453,0.2383610380445185,nan,nan
45,39,141427,backward,e,-,55,55.0,0.0,0.49251301606153086,0.15361908922450207,0.27021921398006676,0.8710723025235214,0.6008530885434546,0.23668289670937526,0.8955575813930169,0.6588746846836416,0.8300791848172485,0.37458453885734916,0.4081208561280407,nan,nan
45,40,183730,backward,e,-,3784,3784.0,0.0,0.5295707305341851,0.10627704660195555,0.3717864347983632,0.7081826155977687,0.33639618079940553,0.17444528736492698,0.7485117459232146,0.5740664585582875,0.03466282478469052,0.22615981865264376,0.3077422904032221,nan,nan
45,41,155074,backward,e,-,2350,2350.0,0.0,0.5967985988542215,0.10451002823895204,0.4784419221088427,0.7391596446104994,0.26071772250165676,0.17057848825603625,0.884775572215332,0.7141970839592957,-0.018934580491484415,0.1777987010583248,0.41116611758986277,nan,nan
45,42,165603,backward,e,-,16631,16631.0,0.0,0.5207439207151535,0.06321795009796571,0.4326828081629682,0.6329840424670784,0.20030123430411018,0.4174509837916854,0.659319442646887,0.24186845885520164,0.20881047661450788,0.16614146044910755,0.19247686062891617,nan,nan
45,43,155088,backward,e,-,2780,2780.0,0.0,0.5882526769622569,0.12539286264214328,0.399357236065702,0.8461594920017723,0.4468022559360703,0.35333869863390605,0.8953605839444655,0.5420218853105594,0.24904489140401326,0.2823510536678671,0.33155214561056034,nan,nan
45,44,39623,backward,e,-,101,101.0,0.0,0.33847737844419024,0.10977593559944332,0.20880022513819357,0.5107432197742048,0.3019429946360112,0.17281072957280652,0.5728758045889726,0.40006507501616606,0.2824170063526713,0.23841768796630236,0.2744071835316894,nan,nan
45,0,121224,backward,w,deg,13092,13092.0,0.0,0.3191428770676765,2.9626626030699907,-5.363156352419256,4.035267223773542,9.398423576192798,-6.033996792234376,7.102576006146762,13.136572798381138,-0.3397696768312158,5.40435636567091,7.289129489712536,20.071575674263997,0.9986638256329153
45,1,18323,backward,w,deg,2,2.0,0.0,1.5631940186722204e-13,89.31602696209508,-80.38442426588541,80.38442426588571,160.76884853177114,-89.31602696209492,89.31602696209524,178.63205392419016,nan,169.7004512279806,178.63205392419013,296.31506822676084,0.011937297979124531
45,2,92023,backward,w,deg,567,567.0,0.0,-0.7272774022272586,80.34560270857642,-171.29570241177046,173.1584211600997,344.4541235718701,-179.81815420007717,179.73570379869102,359.5538579987682,0.3011076744384895,175.58929887097645,179.67224753720438,29.40216295603944,0.535002848743671
45,3,33597,backward,w,deg,846,846.0,0.0,-1.0987386536349675,9.716924132378717,-19.458514126824696,16.682259954158148,36.140774080982844,-29.00389699006101,19.007594025074752,48.01149101513576,-0.46366416105236036,20.63341957554826,26.856482719096874,200.688756837308,0.9857494806839824
45,4,164684,backward,w,deg,67,67.0,0.0,0.36847554695381746,63.34396392958685,-171.62096265320596,120.43702116308302,292.057983816289,-177.37073436319508,179.24108450017792,356.611818863373,-0.2183547155578504,176.4248808508912,179.36618690391322,24.497286839416834,0.73198812772226
45,5,17619,backward,w,deg,12862,12862.0,0.0,-0.5091442516975206,3.6701885605914044,-5.436078715755038,6.5611235532654195,11.997202269020457,-6.687918562553762,8.50455027249177,15.192468835045531,0.31864507373664885,6.560094971799641,8.119602506473598,186.8133776337956,0.9979498934879197
45,6,207815,backward,w,deg,13732,13732.0,0.0,-0.3960720257054078,8.265592482237965,-5.141331874510674,6.147000193658377,11.288332068169051,-6.3905676096965465,175.215899373863,181.60646698355956,16.776121185168964,9.03763404268981,178.10653322289443,26.29451517133104,0.9942293088634127
45,7,18984,backward,w,deg,821,821.0,0.0,0.7890604736274156,7.558141859620943,-12.230804437168388,12.67799151156791,24.908795948736298,-29.218748703317118,18.2371054506265,47.45585415394362,-0.46467662581516933,17.21716968961036,34.20511395575909,200.74315975766132,0.9913582506616969
45,8,160348,backward,w,deg,346,346.0,0.0,-0.1855591758953068,3.044035731277245,-3.303697693770772,4.5678619517509205,7.8715596455216925,-13.352927030804324,12.00530643043075,25.358233461235073,0.9394597039033328,8.29769859196545,15.241947670703809,24.43467578015373,0.9985913755984945
45,9,135518,backward,w,deg,6,6.0,0.0,-3.4227664035232266,60.155659406115625,-9.738457923371115,117.87040214786319,127.6088600712343,-9.829993924672067,156.19495170527216,166.02494562994423,2.4110100419477547,125.95126619307243,164.2758157504814,32.51010896719916,0.6742240924909417
45,10,33425,backward,w,deg,4229,4229.0,0.0,-2.1288379495674974,8.3087851914743,-10.854110343213648,14.82939330559214,25.68350364880579,-11.547865015241427,18.43791415726332,29.98577917250475,0.39342669685070436,24.96583652176756,28.574357373438744,200.970364552518,0.989521756249717
45,11,74439,backward,w,deg,4641,4641.0,0.0,0.5784130144562312,7.5976196232913376,-10.940510948476657,8.612977772188174,19.55348872066483,-31.350340749869275,15.418830536658874,46.76917128652815,-1.0268112802528047,16.442302706065107,36.852132507457725,204.27165558226733,0.9912730361982336
45,12,19875,backward,w,deg,1653,1653.0,0.0,3.422935385342953,30.42153493467949,-29.256070859244055,11.833632903469827,41.08970376271388,-179.897482600027,179.909323288912,359.806805888939,-2.3786943723125242,28.02131495880661,179.93972123644343,207.0939070895265,0.9322681695298969
45,13,212089,backward,w,deg,8872,8872.0,0.0,-1.5352663597360134,6.009233931280193,-6.656581371459995,11.37310040156305,18.029681773023047,-7.583332274376659,156.60997896608717,164.19331124046383,2.66197021177781,16.605206942186655,161.84208550671076,23.885351206792244,0.9947151497052695
45,14,205841,backward,w,deg,850,850.0,0.0,-0.8535168107004409,6.585653366202809,-11.331868710615746,10.543116719676958,21.874985430292703,-15.254248105066182,11.221216050614402,26.475464155680584,0.05468364331426521,18.63274456969367,19.310843900631113,25.841919918925985,0.9934120119812352
45,15,119732,backward,w,deg,160,160.0,0.0,-3.800950786353013,77.83453831135792,-15.246150344921666,172.74204562919684,187.9881959741185,-175.83736141798767,179.644149144163,355.4815105621507,0.8850265038280072,168.6848471236307,179.28325424014304,30.971950972315835,0.45463690382632843
45,16,181737,backward,w,deg,10,10.0,0.0,1.210171558382541,79.00999872412834,-101.1298871999906,103.59806362760305,204.72795082759365,-173.5272389553865,177.95043449752097,351.4776734529075,0.05875714013800912,165.81908559662918,169.65413254282083,23.467447096338724,0.5907516499154614
45,17,131983,backward,w,deg,5,5.0,0.0,-3.116963919613397,67.78290282896228,-4.954729459812478,132.44018614932787,137.39491560914036,-5.19277182940084,165.95208383189072,171.14485566129156,2.234403852425402,137.6329579787287,171.14485566129156,29.236623380505723,0.6042981602874498
45,18,141617,backward,w,deg,347,347.0,0.0,0.13966475246289178,85.96294122228278,-171.74410303060398,177.8356837948092,349.5797868254132,-179.98711534957738,179.8136570496049,359.8007723991823,0.2865974030067213,176.31207347697477,179.88314209010787,30.371636581950092,0.4598311875053296
45,19,56847,backward,w,deg,8304,8304.0,0.0,-0.15961789378251012,5.169731933402298,-6.303443592401119,13.001690865804084,19.305134458205202,-12.562340916345448,17.32122443163263,29.883565347978077,1.1546829137899937,13.587977894180066,15.743445397869976,202.90739390499155,0.9959460101831376
45,20,40578,backward,w,deg,9009,9009.0,0.0,-0.6051841251771464,4.307215726497729,-6.402795875373647,7.516779027045198,13.919574902418844,-10.859962087962515,12.585891681737621,23.445853769700136,0.27312798653340364,10.895403002194962,15.964515656887386,191.5794045482839,0.9971779738397948
45,21,42021,backward,w,deg,3278,3278.0,0.0,3.3013056402914316,10.678115013922023,-14.186326732399111,13.032425344695566,27.218752077094678,-34.135268668598655,14.109401040338923,48.24466970893758,-1.0188922856872638,21.620175764517725,41.56911770071727,205.58767432059759,0.9828284696880657
45,22,30090,backward,w,deg,121,121.0,0.0,2.9765972274519186,7.59958887555387,-10.91162092479496,10.488204388456523,21.399825313251483,-31.22321508294914,13.208390572147977,44.431605655097115,-1.7005737425991643,15.69069408763545,36.00228824578963,205.87354282107074,0.9912954279752837
45,23,214750,backward,w,deg,5704,5704.0,0.0,-0.899147934478691,10.176646661676068,-10.110045259568603,11.15511038345282,21.265155643021423,-11.379775063645639,167.56275803616182,178.94253309980746,7.7128864958458845,21.05113307524813,177.4587807279571,25.314094814506447,0.9882030469871974
45,24,70955,backward,w,deg,6104,6104.0,0.0,-1.1653196536165353,6.359869588410025,-9.23963181281515,10.390170338191286,19.629802151006437,-24.49436176129987,16.266470213517493,40.760831974817364,0.16529226997271818,14.45656287473848,29.711292823223204,203.4154969916465,0.9938578965418698
45,25,77199,backward,w,deg,4513,4513.0,0.0,2.201508698067528,9.901249514306784,-12.457250375199084,10.476070330963017,22.9333207061621,-32.1920208670665,177.0173432313175,209.20936409838401,1.8048050413971375,19.000664178493036,170.47708589517856,203.78315409678484,0.9863996051884629
45,26,115244,backward,w,deg,3048,3048.0,0.0,0.5332567079884143,39.97977452949321,-13.801652745903874,11.7229438918717,25.524596637775574,-179.81929052549515,179.9045907670677,359.72388129256285,0.5322329964649076,142.5503200622592,179.82816677429906,25.02789968204646,0.8847225197373202
45,27,166403,backward,w,deg,32,32.0,0.0,-0.583367613330978,73.76979495393473,-175.39619852552812,80.7617191765187,256.1579177020468,-178.68971478064447,167.59387682807346,346.2835916087179,-0.48301805091207517,176.3641565051137,179.65767276023007,25.527212893129697,0.6254327622956543
45,28,144422,backward,w,deg,3958,3958.0,0.0,0.9769592220632006,20.55276639168166,-11.876097866618627,9.278449588114908,21.154547454733535,-179.16289751151135,178.85012241716157,358.0130199286729,1.1380934083588214,13.862204501585998,179.90436457518103,22.867335056967164,0.9686321047447503
45,29,153329,backward,w,deg,442,442.0,0.0,-0.6053538762373449,50.112899815927356,-13.833720658188799,10.655186100294468,24.488906758483267,-179.24059363760375,178.20050831402392,357.4411019516277,-0.008140003198810626,168.68218312514801,179.53490754377344,25.716918124656722,0.8247703444914605
45,30,205453,backward,w,deg,1614,1614.0,0.0,-0.5336263479611318,4.986688838334594,-6.8894061361589936,9.932549393754693,16.821955529913687,-13.972130281209587,11.807770680690965,25.77990096190055,0.2954754000745542,16.82941376253114,18.704635049467413,24.590354223323875,0.9962203559228447
45,31,136639,backward,w,deg,16522,16522.0,0.0,-0.0808576395457834,1.8756085217929224,-2.9519756768893104,3.276023088527176,6.227998765416487,-3.7484898264489743,4.218257878827018,7.966747705275992,0.17842248723771484,3.4655884188795762,4.064661494813919,18.61834723116377,0.9994642992468304
45,32,182807,backward,w,deg,9053,9053.0,0.0,0.027707564496182613,4.953386823086171,-7.410805453051478,8.693946240035954,16.104751693087433,-7.926196272022537,11.371420256293845,19.297616528316382,0.18405485864017151,14.684796004192604,17.362270020450467,21.37502615522899,0.9962679942093258
45,33,198441,backward,w,deg,15179,15179.0,0.0,-0.5729000016926591,5.5610139886417675,-3.5317309905816017,4.379785482993111,7.9115164735747125,-4.389118479979402,178.4226055822844,182.8117240622638,24.928432808121578,6.7403269080869395,179.94535048875701,29.17377556771498,0.9974275811849512
45,34,150972,backward,w,deg,239,239.0,0.0,-0.1657850304291344,4.2123998354667895,-6.261226668372496,8.360257002324973,14.621483670697469,-12.68208758261187,12.476097575345477,25.158185157957348,0.2744528634308326,8.987113101269633,14.018698320165214,24.4800750376063,0.9973023982886804
45,35,98442,backward,w,deg,8617,8617.0,0.0,-0.6443804123274219,5.961140632478069,-10.40788872585877,9.799350766104777,20.20723949196355,-12.177456568410719,11.132818791965832,23.31027536037655,-0.04007676450636177,19.834055297364685,21.603623139916635,25.457872358748485,0.9945986564264243
45,36,65697,backward,w,deg,7748,7748.0,0.0,-0.47060965991715875,5.575601546717299,-7.819129162768535,10.694430095912724,18.51355925868126,-12.62491027389271,16.69627975381988,29.32119002771259,0.5359101114797659,11.925594507092981,16.634105082253797,203.17746734781656,0.9952771184141379
45,37,24482,backward,w,deg,1096,1096.0,0.0,0.9502180690151363,8.245749090684454,-12.284618167860245,10.704220555368252,22.988838723228497,-34.18473706874684,166.22646050190872,200.41119757065556,6.720994618222934,14.922359029256107,163.63440018066586,205.69921822756342,0.9917423407279212
45,38,36376,backward,w,deg,668,668.0,0.0,-1.724971418450565,10.156058683308101,-14.58158055558204,18.38095364013618,32.96253419571822,-27.577425842388152,21.277654713167635,48.85508055555579,-0.005147648402911974,22.64314683209776,25.27251246981436,199.0769872074046,0.9844367882256954
45,39,141427,backward,w,deg,55,55.0,0.0,-0.8476665977019877,89.75989093122476,-21.208488857145703,171.03681704399136,192.24530590113707,-179.13580774352062,176.61630172182873,355.75210946534935,0.22697367637567487,176.11839254356778,179.53621896946248,33.217516850329375,0.3113198666249583
45,40,183730,backward,w,deg,3784,3784.0,0.0,-0.34172469071174305,8.796442877478302,-11.551421160677453,11.48661462188458,23.038035782562034,-12.538607353943235,164.2811799749503,176.81978732889354,1.723896859818115,13.074905757901746,162.76216966014402,24.684109636473615,0.9888119810222653
45,41,155074,backward,w,deg,2350,2350.0,0.0,-0.0798764920113797,6.689615765054135,-4.931853815238766,5.714292647795674,10.646146463034441,-13.759472251867976,172.30047816330216,186.05995041517014,18.628640082450286,7.435761713654796,171.88977694664254,24.417192280317973,0.9958891702374215
45,42,165603,backward,w,deg,16631,16631.0,0.0,0.045403422114333125,1.587636159254636,-2.8824853629249247,2.4679619516221862,5.350447314547111,-3.9163284848887656,3.0979622103387783,7.014290695227544,-0.24942883540920271,3.2185386614471128,4.252381783410954,30.066902726265543,0.9996161513904903
45,43,155088,backward,w,deg,2780,2780.0,0.0,0.42150250344265316,3.4254262913981472,-6.904191799060519,3.119526515139399,10.023718314199918,-13.248333844528588,12.60383584557951,25.8521696901081,-0.4641188544706372,9.470288867313647,15.275477389661177,23.86344054583541,0.9982164378020532
45,44,39623,backward,w,deg,101,101.0,0.0,-1.7603303153162244,8.741100837889148,-9.175121410542516,15.645907527092845,24.82102893763536,-26.247645014718444,18.30334798567725,44.55099300039569,0.16093670976382324,24.144964905449342,26.802405364033746,201.17869557001788,0.9884192126906677
45,0,121224,forward,eps,km^2/s^2,13092,13092.0,0.0,-0.11159944340638894,0.040231497641462506,-0.18912949067615006,-0.07049848248351519,0.11863100819263488,-0.1954279546449451,-0.06486023606736457,0.13056771857758054,-0.35621664148307886,0.0956192195539414,0.10191768352273645,nan,nan
45,1,18323,forward,eps,km^2/s^2,2,2.0,0.0,-0.8495274565347579,0.03547789041711258,-0.8814575579101592,-0.8175973551593566,0.06386020275080262,-0.8850053469518705,-0.8140495661176453,0.07095578083422516,nan,0.0674079917925139,0.07095578083422516,nan,nan
45,2,92023,forward,eps,km^2/s^2,567,567.0,0.0,-0.24889685760180147,0.3634717799860463,-0.9754887325820168,-0.10807975061767437,0.8674089819643425,-1.0181865681958364,-0.043937076833305055,0.9742494913625314,-0.2886978732113274,0.7856733267888919,0.8283711624027115,nan,nan
45,3,33597,forward,eps,km^2/s^2,846,846.0,0.0,-0.16810798192550291,0.25138583411880594,-0.8985889147037098,-0.046719398241919036,0.8518695164617908,-1.0201739466041788,-0.043981079635574294,0.9761928669686045,-2.1028076411677072,0.7415553729583575,0.8631404048588265,nan,nan
45,4,164684,forward,eps,km^2/s^2,67,67.0,0.0,-0.21289104564132988,0.3311896720163365,-0.9703705263581213,-0.11778207956342732,0.8525884467946939,-1.020440955040417,-0.11484903484960918,0.9055919201908078,-0.6154809037961632,0.7658283380622506,0.8158987667445463,nan,nan
45,5,17619,forward,eps,km^2/s^2,12862,12862.0,0.0,-0.9219662231557941,0.04001764227105941,-0.9934697306556852,-0.8673662713031235,0.12610345935256173,-1.0033713519224556,-0.854697651065499,0.14867370085695664,-0.20229819032420102,0.0767324642168071,0.08940108445443162,nan,nan
45,6,207815,forward,eps,km^2/s^2,13732,13732.0,0.0,-0.8916537298342386,0.04661092213964668,-0.9646532366864576,-0.8342321870286676,0.13042104965779,-0.9698802973588805,-0.8072756822581036,0.16260461510077684,-0.03772756489510075,0.07641154615930464,0.10336805092986867,nan,nan
45,7,18984,forward,eps,km^2/s^2,821,821.0,0.0,-0.8154615417515566,0.2300037803379534,-0.8865889243399907,-0.16161292259851245,0.7249760017414782,-0.97713803586008,-0.04389160369217371,0.9332464321679063,2.0064994226332034,0.65082850260102,0.7685498215073587,nan,nan
45,8,160348,forward,eps,km^2/s^2,346,346.0,0.0,-0.21034529468590812,0.32446654591091717,-0.8825254269944471,-0.11480618013136762,0.7677192468630796,-1.0084233505739606,-0.05348394015975977,0.9549394104142008,-0.6255098095662339,0.6704463858969776,0.7963443094764909,nan,nan
45,9,135518,forward,eps,km^2/s^2,6,6.0,0.0,-0.13717863134660935,0.27021213325928956,-0.7084866545796491,-0.11286843061012267,0.5956182239695265,-0.8664613228231999,-0.10646503045023847,0.7599962923729614,-2.3342317625329776,0.7535928922130772,0.7599962923729614,nan,nan
45,10,33425,forward,eps,km^2/s^2,4229,4229.0,0.0,-0.9401120288071865,0.04125921346586347,-0.9838428861265612,-0.8559010679120447,0.12794181821451656,-0.9915765064671732,-0.8451594743766324,0.1464170320905408,0.478895685393196,0.07970525396546574,0.09044684750087795,nan,nan
45,11,74439,forward,eps,km^2/s^2,4641,4641.0,0.0,-0.21764145817368774,0.1786530638154006,-0.8723390077939588,-0.12754479867497326,0.7447942091189855,-0.9806700745738077,-0.12148041343182225,0.8591896611419855,-3.1680590135156614,0.6579561713922986,0.7662872381721475,nan,nan
45,12,19875,forward,eps,km^2/s^2,1653,1653.0,0.0,-0.12941890300767067,0.3147086476120546,-0.9627921154449067,-0.048825187702298635,0.9139669277426081,-1.0206562915180895,-0.04437929460744894,0.9762769969106405,-1.5174326112904404,0.8491730285389935,0.9070372046121763,nan,nan
45,13,212089,forward,eps,km^2/s^2,8872,8872.0,0.0,-0.877823804638256,0.22936612230170228,-0.9604270792241107,-0.1698351489635829,0.7905919302605279,-0.9737811427424705,-0.06573003871656868,0.9080511040259018,2.410915859261119,0.7448404500172737,0.8489455602642879,nan,nan
45,14,205841,forward,eps,km^2/s^2,850,850.0,0.0,-0.23305459360653752,0.3735086208031989,-0.9749027209021606,-0.11704141904987128,0.8578613018522893,-1.0195465359042162,-0.0532856848933807,0.9662608510108355,-0.16817424889595592,0.8591026678564958,0.9037464828585514,nan,nan
45,15,119732,forward,eps,km^2/s^2,160,160.0,0.0,-0.2148375220790255,0.3716433284374197,-0.9746507585846051,-0.11704812509852548,0.8576026334860797,-0.9826458788423504,-0.11196631916068189,0.8706795596816685,-0.2321890910067612,0.8515632700849367,0.859558390342682,nan,nan
45,16,181737,forward,eps,km^2/s^2,10,10.0,0.0,-0.20972447998693833,0.39078484508946626,-0.9678743779706405,-0.07917184247087193,0.8887025354997685,-0.9752300854924874,-0.05015293496594231,0.925077150526545,-0.4765883544703728,0.8531414249402,0.860497132462047,nan,nan
45,17,131983,forward,eps,km^2/s^2,5,5.0,0.0,-0.20662824112903266,0.027785764110533528,-0.21021854398815235,-0.14688708617663476,0.06333145781151758,-0.21037132486747934,-0.13754034943664495,0.07283097543083439,1.6721032834509604,0.0726781945515074,0.07283097543083439,nan,nan
45,18,141617,forward,eps,km^2/s^2,347,347.0,0.0,-0.2582217658055047,0.35313874856363714,-0.9716870900578805,-0.11150903162344905,0.8601780584344314,-1.0136593311399253,-0.043804993072896425,0.9698543380670289,-0.07896584894306705,0.7785125052749976,0.8204847463570425,nan,nan
45,19,56847,forward,eps,km^2/s^2,8304,8304.0,0.0,-0.20580373086846188,0.24998525546454345,-0.9348204058879874,-0.15791141761236735,0.77690898827562,-0.982310406265926,-0.14644387726498564,0.8358665290009404,-2.0303528522801213,0.7123067402010138,0.7597967405789524,nan,nan
45,20,40578,forward,eps,km^2/s^2,9009,9009.0,0.0,-0.9503615893305686,0.05149401890693797,-1.0033762740399685,-0.8549473919632579,0.14842888207671068,-1.0085644016778017,-0.846705652917265,0.16185874876053674,0.3341182678932312,0.11723072172835011,0.12547246077434304,nan,nan
45,21,42021,forward,eps,km^2/s^2,3278,3278.0,0.0,-0.19655654157856156,0.3185166713257453,-0.9745753605726933,-0.12278915481528918,0.8517862057574042,-0.979689980049135,-0.11153382493726638,0.8681561551118686,-1.2683096846845907,0.8176004221631405,0.8227150416395822,nan,nan
45,22,30090,forward,eps,km^2/s^2,121,121.0,0.0,-0.2060453966259589,0.35142279820333566,-0.9270167367989419,-0.11156497281408206,0.8154517639848599,-1.0194952570673936,-0.051543237175719625,0.967952019891674,-0.3603207154943876,0.8202728301868438,0.9127513504552955,nan,nan
45,23,214750,forward,eps,km^2/s^2,5704,5704.0,0.0,-0.8484532166112795,0.3412380340357159,-0.9621819352725847,-0.12098996428313817,0.8411919709894465,-0.9745868416379215,-0.08122972280131746,0.8933571188366041,0.6072454924934021,0.7297449094108815,0.7695051508927022,nan,nan
45,24,70955,forward,eps,km^2/s^2,6104,6104.0,0.0,-0.2250322399055666,0.14170522211706837,-0.2563023240582647,-0.13187648060774834,0.12442584345051635,-0.9808685395888803,-0.12528543962627225,0.8555830999626081,-4.047277856070996,0.10254779944523955,0.7512332020491007,nan,nan
45,25,77199,forward,eps,km^2/s^2,4513,4513.0,0.0,-0.2092441437928242,0.3061750740658203,-0.9400905660224631,-0.12782691910975105,0.812263646912712,-0.9805593026870278,-0.11899935334556033,0.8615599493414675,-1.1640401744168156,0.7454769327471844,0.7859456694117491,nan,nan
45,26,115244,forward,eps,km^2/s^2,3048,3048.0,0.0,-0.824939750616027,0.33634508069188496,-0.9663307054997098,-0.12673888342911796,0.8395918220705918,-1.020820045950525,-0.10563206305945227,0.9151879828910727,0.23497326254596324,0.7890123080579947,0.8435016485088099,nan,nan
45,27,166403,forward,eps,km^2/s^2,32,32.0,0.0,-0.21257423900846395,0.3416772203260606,-0.9503400169559115,-0.11890678495935735,0.8314332319965542,-0.9762101607813797,-0.11615451940859367,0.860055641372786,-0.5461719694119866,0.7502148314091708,0.7760849752346389,nan,nan
45,28,144422,forward,eps,km^2/s^2,3958,3958.0,0.0,-0.18416343306048072,0.3078705571507058,-0.8816825286032011,-0.11539521090389337,0.7662873176993077,-1.0208075341283356,-0.0490887211360761,0.9717188129922595,-1.0253194017376657,0.7635208159606552,0.9026458214857901,nan,nan
45,29,153329,forward,eps,km^2/s^2,442,442.0,0.0,-0.1959971215210327,0.3081186095368412,-0.9232904229377605,-0.12122375949470086,0.8020666634430597,-1.0205829238249695,-0.04380055913553149,0.976782364689438,-1.0347618993839118,0.7199682761426726,0.8172607770298815,nan,nan
45,30,205453,forward,eps,km^2/s^2,1614,1614.0,0.0,-0.20750377517464863,0.37028735871758833,-0.974579435825042,-0.11482340931547433,0.8597560265095677,-1.0195542132081998,-0.10712872060734913,0.9124254926008507,-0.27807337370484175,0.8448804766350891,0.8898552540182469,nan,nan
45,31,136639,forward,eps,km^2/s^2,16522,16522.0,0.0,-0.12275083208657506,0.030487013753616246,-0.1732382085766227,-0.07874803668261286,0.09449017189400984,-0.18348484220164896,-0.07181255767359307,0.11167228452805589,-0.11202992775565798,0.07221037690988834,0.08245701053491461,nan,nan
45,32,182807,forward,eps,km^2/s^2,9053,9053.0,0.0,-0.12959759859060582,0.041049421784967906,-0.19653353148308877,-0.06579963684610793,0.13073389463698085,-0.2004609762748888,-0.060976018983343594,0.1394849572915452,-0.03013430654640333,0.08129601861730167,0.0852234634091017,nan,nan
45,33,198441,forward,eps,km^2/s^2,15179,15179.0,0.0,-0.8848387024226663,0.041252182005762306,-0.9561078186808404,-0.8317650434140188,0.12434277526682158,-0.9634949454241596,-0.8075170311717672,0.15597791425239238,-0.1479352588558443,0.07417736801740658,0.09842538025965819,nan,nan
45,34,150972,forward,eps,km^2/s^2,239,239.0,0.0,-0.20924893169597358,0.3458545734548157,-0.9462680869739465,-0.12101847483728793,0.8252496121366586,-0.9729762612543413,-0.08637899477317335,0.886597266481168,-0.4448335198966104,0.7591439299464977,0.7858521042268926,nan,nan
45,35,98442,forward,eps,km^2/s^2,8617,8617.0,0.0,-0.18267746183034728,0.3589155813442079,-0.967597672784857,-0.07001162070691087,0.8975860520779461,-0.9725902579823463,-0.05885393284037144,0.9137363251419749,-0.885735362285865,0.8205332780575193,0.8255258632550087,nan,nan
45,36,65697,forward,eps,km^2/s^2,7748,7748.0,0.0,-0.22154692453146385,0.16090293112097828,-0.8125825409312398,-0.14103447428295685,0.6715480666482829,-0.9813025170135629,-0.13264713271033945,0.8486553843032234,-3.6360024650988048,0.5771605631767012,0.7458805392590245,nan,nan
45,37,24482,forward,eps,km^2/s^2,1096,1096.0,0.0,-0.826909352447379,0.22003465597061103,-0.8823442352449654,-0.18803726978423219,0.6943069654607332,-0.9688544958934452,-0.048383325810864575,0.9204711700825806,2.1885403197987543,0.6405253962382675,0.7801793402116352,nan,nan
45,38,36376,forward,eps,km^2/s^2,668,668.0,0.0,-0.20463168563777123,0.28699061090237504,-0.8730956914120132,-0.11585470610336651,0.7572409853086466,-0.9997486343995929,-0.04448022926456885,0.9552684051350241,-1.332218537083288,0.7559294687159904,0.8825824117035702,nan,nan
45,39,141427,forward,eps,km^2/s^2,55,55.0,0.0,-0.21242938901487707,0.35307876130737625,-0.9690132324642765,-0.10291136480724457,0.8661018676570319,-0.9756274671081392,-0.046719852405381124,0.9289076147027581,-0.6341503524352147,0.7779457178261457,0.7845599524700084,nan,nan
45,40,183730,forward,eps,km^2/s^2,3784,3784.0,0.0,-0.8431359929101232,0.3064292736477982,-0.9595029079663077,-0.1386621265394421,0.8208407814268656,-0.9750473144925218,-0.10523577045699573,0.8698115440355261,1.0160852529039588,0.7290258737760724,0.7624522298585188,nan,nan
45,41,155074,forward,eps,km^2/s^2,2350,2350.0,0.0,-0.20731920211860883,0.35055439487839507,-0.945481145568215,-0.11471390357824994,0.8307672419899651,-1.0203921731849346,-0.10646438031315908,0.9139277928717755,-0.49902875479267916,0.7436767200338583,0.8185877476505778,nan,nan
45,42,165603,forward,eps,km^2/s^2,16631,16631.0,0.0,-0.9046478556435017,0.023234694889628905,-0.9415584978628936,-0.8661139547561227,0.07544454310677084,-0.9509670312370587,-0.8558643357705975,0.09510269546646122,0.038990343438637956,0.04976722910207837,0.06001684808760355,nan,nan
45,43,155088,forward,eps,km^2/s^2,2780,2780.0,0.0,-0.20352698156646282,0.3313795800687944,-0.9134261980686087,-0.1115368474735488,0.80188935059506,-1.0185624498252994,-0.1063082042924055,0.9122542455328939,-0.7961651002024428,0.7964839241963274,0.9016201759530182,nan,nan
45,44,39623,forward,eps,km^2/s^2,101,101.0,0.0,-0.21240616180362193,0.36197444168594783,-0.970149598034922,-0.12262218258355007,0.8475274154513719,-1.0150456054286332,-0.11508576308121943,0.8999598423474138,-0.20778863283826082,0.8450424861901615,0.8899384935838728,nan,nan
45,0,121224,forward,e,-,13092,13092.0,0.0,0.7334796250960147,0.09783058305082679,0.5433014020504531,0.8319716035785898,0.2886702015281367,0.5272882950026401,0.8454201121114966,0.3181318171088565,-0.3717565322442572,0.23355849773564866,0.24957160478346174,nan,nan
45,1,18323,forward,e,-,2,2.0,0.0,0.2765331359320888,0.08185710726634339,0.20286173939237973,0.35020453247179784,0.1473427930794181,0.19467602866574538,0.35839024319843216,0.16371421453268678,nan,0.15552850380605243,0.16371421453268678,nan,nan
45,2,92023,forward,e,-,567,567.0,0.0,0.4875979909241763,0.1540171522477912,0.23285197182670803,0.7421282571607999,0.5092762853340919,0.18094749421274092,0.8953187299807968,0.7143712357680558,0.41209142323288633,0.33333317210163066,0.36091481431746275,nan,nan
45,3,33597,forward,e,-,846,846.0,0.0,0.5959846202708403,0.17857908626899333,0.31828762232395735,0.8886829684477929,0.5703953461238356,0.1708617994619956,0.8952125964134294,0.7243507969514338,-0.008658945409555861,0.30467323506808264,0.4520990579300444,nan,nan
45,4,164684,forward,e,-,67,67.0,0.0,0.49210027678254625,0.15482680401829704,0.2303112290615911,0.7184951315794029,0.48818390251781185,0.1698141830836259,0.7255488052307507,0.5557346221471249,-0.14947268893811147,0.2733311542327875,0.3338282002107527,nan,nan
45,5,17619,forward,e,-,12862,12862.0,0.0,0.4239177894125187,0.06715798172018946,0.3229842799149606,0.534945025404827,0.21196074548986643,0.2961950763715573,0.5489652397873142,0.25277016341575687,0.05797241704542669,0.1373838517042354,0.16417305524763876,nan,nan
45,6,207815,forward,e,-,13732,13732.0,0.0,0.3711804907378814,0.08775868286875622,0.2495624421188112,0.49277386686590785,0.24321142474709664,0.17171351989522549,0.5006027922598901,0.32888927236466464,-0.18888605857108143,0.15583610717215066,0.23368502939573638,nan,nan
45,7,18984,forward,e,-,821,821.0,0.0,0.21509134837035646,0.1415325740457979,0.18777143123293655,0.6113309191387456,0.42355948790580905,0.17020378480203383,0.8954250633070769,0.7252212785050431,1.8783697338826182,0.42327254656215296,0.7073666907304843,nan,nan
45,8,160348,forward,e,-,346,346.0,0.0,0.4909843180967438,0.17440833345245477,0.21603827268145176,0.7256409610800333,0.5096026883985816,0.17101087925057248,0.8726010775688735,0.701590198318301,-0.08790591518070195,0.2690258354698862,0.38821321751575266,nan,nan
45,9,135518,forward,e,-,6,6.0,0.0,0.6715514877487541,0.1555257848354491,0.34829301895700643,0.7302934395351008,0.3820004205780944,0.32276188468899797,0.745750992301869,0.42298910761287106,-0.9974301184013251,0.40753155484610293,0.42298910761287106,nan,nan
45,10,33425,forward,e,-,4229,4229.0,0.0,0.45457433644266965,0.07073803356460424,0.29936109312671316,0.5212424714747833,0.22188137834807015,0.2751346523706724,0.5324314770449404,0.257296824674268,-0.6389332471234616,0.14807292275261344,0.1722993635086542,nan,nan
45,11,74439,forward,e,-,4641,4641.0,0.0,0.4708802978311113,0.10102359802087438,0.3723689435471455,0.6947994780982064,0.3224305345510609,0.16857236846964585,0.7095199269002498,0.5409475584306039,0.28885789616515545,0.22091610983531018,0.31011234854319747,nan,nan
45,12,19875,forward,e,-,1653,1653.0,0.0,0.6904949625016081,0.18210687396415245,0.35856442006539013,0.883687964970949,0.5251235449055589,0.1705568463462666,0.8942666422086608,0.7237097958623941,-0.25151574471370874,0.3703579240881665,0.5583654978072901,nan,nan
45,13,212089,forward,e,-,8872,8872.0,0.0,0.3966198193510721,0.11237291895337004,0.24752851369047696,0.5914223434323204,0.3438938297418434,0.17140178779317194,0.843314214452982,0.6719124266598101,0.8375655503445918,0.2308195170242403,0.43090806107499513,nan,nan
45,14,205841,forward,e,-,850,850.0,0.0,0.5011861232675344,0.12119382142015758,0.25172993154714973,0.7203023379276017,0.46857240638045194,0.17006665311222163,0.8730731741607288,0.7030065210485072,-0.03995050257922501,0.4714764368100183,0.5531397152449464,nan,nan
45,15,119732,forward,e,-,160,160.0,0.0,0.5023482134896092,0.12646439175190793,0.30047585434590934,0.7202346174176456,0.41975876307173626,0.21115018258522028,0.7324631507905139,0.5213129682052937,-0.008891070634148273,0.40521435140986145,0.4945400231705506,nan,nan
45,16,181737,forward,e,-,10,10.0,0.0,0.500383837073677,0.18564133950250766,0.31617935375454803,0.8110138633196254,0.4948345095650774,0.18669419530022122,0.8805307353897781,0.6938365400895569,-0.3023406652231296,0.40964745684452514,0.5391326152988523,nan,nan
45,17,131983,forward,e,-,5,5.0,0.0,0.49827035942566983,0.06936785208400602,0.48930928407629215,0.6475657488616514,0.15825646478535926,0.4889069363490451,0.6706533024598673,0.18174636611082223,1.6544698933811748,0.18134401838357514,0.18174636611082223,nan,nan
45,18,141617,forward,e,-,347,347.0,0.0,0.4356058128266615,0.15890698895511426,0.2173677362578598,0.7336278968147917,0.5162601605569319,0.17153859831983675,0.895629061244371,0.7240904629245343,0.6641807841349004,0.33315120208013405,0.36229757988590106,nan,nan
45,19,56847,forward,e,-,8304,8304.0,0.0,0.504612494516207,0.08039509862662922,0.33843524988738716,0.6206291235216201,0.282193873634233,0.20224684633781442,0.6488027458161979,0.4465558994783835,-0.7413589087456083,0.17339452447225176,0.25389692626505816,nan,nan
45,20,40578,forward,e,-,9009,9009.0,0.0,0.47043884947162246,0.08658445303096551,0.2971008199202334,0.5489915586906546,0.25189073877042123,0.2786443417847646,0.5562090261526239,0.2775646843678593,-0.45286841078718826,0.20675337423648865,0.22520985237195745,nan,nan
45,21,42021,forward,e,-,3278,3278.0,0.0,0.524752982478319,0.10812503302427927,0.34961429344565315,0.706460209319133,0.35684591587347986,0.16987312589813894,0.7339226137105782,0.5640494878124392,-0.35019039411688496,0.27414580412867706,0.4538869716761913,nan,nan
45,22,30090,forward,e,-,121,121.0,0.0,0.5028994741539413,0.16931538120366635,0.21523783035976515,0.7334322569266646,0.5181944265668994,0.20285625283815495,0.8772211912241045,0.6743649383859496,-0.09681672649865851,0.529849017218936,0.5422305947405461,nan,nan
45,23,214750,forward,e,-,5704,5704.0,0.0,0.430026156659139,0.13375004658066328,0.25755792560364565,0.7107768930448769,0.45321896744123125,0.17124543087441502,0.806249316366129,0.6350038854917139,0.5257200728774254,0.42181077749927387,0.5172832008205259,nan,nan
45,24,70955,forward,e,-,6104,6104.0,0.0,0.4511883005447721,0.11076513996425767,0.3720211617400125,0.6842845948180554,0.3122634330780429,0.1686095735874198,0.700304797086667,0.5316952234992472,0.24468270262719716,0.2483367403034939,0.26923745389132114,nan,nan
45,25,77199,forward,e,-,4513,4513.0,0.0,0.4940817628516436,0.10002981541648139,0.30648878633480847,0.6941421178570856,0.3876533315222771,0.16972818834007114,0.7155134313721485,0.5457852430320773,-0.02823674615441766,0.22330008579584756,0.3600606837905849,nan,nan
45,26,115244,forward,e,-,3048,3048.0,0.0,0.37348968860354365,0.14674414786123766,0.21817709112342065,0.6968049627130921,0.47862787158967146,0.17112378451425372,0.7477535209294993,0.5766297364152456,0.5236217503380163,0.3550909053212997,0.4021442119304667,nan,nan
45,27,166403,forward,e,-,32,32.0,0.0,0.4869014400038641,0.14446478976507646,0.2391982902566872,0.7157491918563493,0.4765509015996621,0.21759861844272824,0.722834120408697,0.5052355019659688,-0.07718713886197734,0.27635452049163395,0.29795419230559295,nan,nan
45,28,144422,forward,e,-,3958,3958.0,0.0,0.5569442249649856,0.1691087914454087,0.21941936133802434,0.724271411283886,0.5048520499458616,0.17001816509090778,0.8830628810131528,0.713044715922245,-0.6310697947694004,0.49818127629776954,0.5475824725448861,nan,nan
45,29,153329,forward,e,-,442,442.0,0.0,0.528601651302223,0.15534454952512208,0.2236807479449191,0.7101930166336052,0.48651226868868613,0.17100555090973987,0.8956399397956282,0.7246343888858883,-0.47299732672365447,0.28516939619417403,0.38885515942308735,nan,nan
45,30,205453,forward,e,-,1614,1614.0,0.0,0.5069923641141016,0.13168894948264676,0.2519878935636298,0.7256236033240864,0.4736357097604566,0.17073231361406763,0.7441691679248877,0.5734368543108201,-0.20643177921046799,0.43774087585690064,0.5189964558064628,nan,nan
45,31,136639,forward,e,-,16522,16522.0,0.0,0.7066945015367719,0.07385578587921066,0.5831072383351954,0.8122421663867605,0.2291349280515651,0.557511926363349,0.8288230947535905,0.2713111683902415,-0.12823888083559143,0.1758080651528797,0.2014033771247261,nan,nan
45,32,182807,forward,e,-,9053,9053.0,0.0,0.689818455598699,0.10002880130703093,0.5244720931892771,0.8431831441978396,0.31871105100856245,0.5143989405498265,0.8546892119868186,0.3402902714369921,-0.05415789766408613,0.20044588963754373,0.21051904227699436,nan,nan
45,33,198441,forward,e,-,15179,15179.0,0.0,0.35841895459293366,0.07823639179667245,0.2442794068076573,0.4796540412948054,0.23537463448714807,0.1726000138674251,0.49096048240816875,0.3183604685407436,-0.09177718130916451,0.15284621433397796,0.22452560727421036,nan,nan
45,34,150972,forward,e,-,239,239.0,0.0,0.49646375492860195,0.14760230000743618,0.2283883777884371,0.7106901272963785,0.48230174950794136,0.1711696775463333,0.793907229099846,0.6227375515535127,-0.1991068818621438,0.3202850865956254,0.3775037868377292,nan,nan
45,35,98442,forward,e,-,8617,8617.0,0.0,0.5592723107058272,0.14076775715431927,0.31516330538362936,0.8331631384280448,0.5179998330444154,0.1716128968919359,0.8597500074356198,0.6881371105436839,-0.16580176824431933,0.3323328545714147,0.47588326306310813,nan,nan
45,36,65697,forward,e,-,7748,7748.0,0.0,0.4634279021452954,0.10168034740344264,0.3801297286432676,0.6620213331713976,0.28189160452812995,0.17168547778171336,0.6824377184671024,0.510752240685389,0.15213469449541303,0.24077266451687865,0.2607417307919518,nan,nan
45,37,24482,forward,e,-,1096,1096.0,0.0,0.23411036854255168,0.11872902477290616,0.20215060627721562,0.5463751707806401,0.34422456450342453,0.17880735259265013,0.8847415560218773,0.7059342034292272,1.9773411936778185,0.31117378491348613,0.6495401701547234,nan,nan
45,38,36376,forward,e,-,668,668.0,0.0,0.5058824279151136,0.1586593015922789,0.23151923689074613,0.7231109991184602,0.49159176222771406,0.16971236327555636,0.8940264165846149,0.7243140533090585,-0.3681790599425993,0.48840688300751545,0.5502137566227052,nan,nan
45,39,141427,forward,e,-,55,55.0,0.0,0.49506712171801986,0.14842743851512505,0.31199582123187974,0.7545192633543891,0.4425234421225094,0.21530385870088578,0.8887012718543874,0.6733974131535017,0.4964400182574075,0.26050000366959386,0.3505427161953104,nan,nan
45,40,183730,forward,e,-,3784,3784.0,0.0,0.3628800433897859,0.13117760775212578,0.24517462127105163,0.6678989414533237,0.42272432018227213,0.17117027507337262,0.7487111170328193,0.5775408419594468,0.9040155993861042,0.3426511252938233,0.42346330087331885,nan,nan
45,41,155074,forward,e,-,2350,2350.0,0.0,0.49733798237977056,0.14085655642372835,0.2509848038228421,0.7258465324978887,0.47486172867504656,0.17070271670058512,0.7457457984847458,0.5750430817841606,-0.14498650146909092,0.2602042328954098,0.3404863200176669,nan,nan
45,42,165603,forward,e,-,16631,16631.0,0.0,0.3946438149451114,0.041626733515986065,0.3213637505218172,0.4567304072305203,0.13536665670870307,0.299680645729264,0.4716169321145241,0.1719362863852601,-0.16161393994425377,0.09294285556077153,0.11462596035332473,nan,nan
45,43,155088,forward,e,-,2780,2780.0,0.0,0.508485478529245,0.16387454355410921,0.2275784951140093,0.7335310595953609,0.5059525644813516,0.17033381821885288,0.7461339860752622,0.5758001678564093,-0.3055533650043155,0.49287165066721783,0.5501163275623744,nan,nan
45,44,39623,forward,e,-,101,101.0,0.0,0.5007548338501066,0.15249279360362733,0.23817071737185638,0.7068137199676471,0.4686430025957907,0.20496950297464175,0.7249603188597574,0.5199908158851156,-0.34507581718011787,0.46263689806720465,0.4958381124644192,nan,nan
45,0,121224,forward,w,deg,13092,13092.0,0.0,-0.36600889861560404,4.952181481928953,-7.4545459887202,8.570020093754517,16.024566082474717,-10.394304657017898,12.065217024619045,22.459521681636943,0.20410581971307867,9.333351351077168,12.741674504706538,171.46315982799496,0.9962699479260347
45,1,18323,forward,w,deg,2,2.0,0.0,0.0,7.781846665737305,-7.003661999163574,7.003661999163574,14.007323998327148,-7.781846665737305,7.781846665737305,15.56369333147461,nan,14.78550866490088,15.56369333147461,120.85245912956842,0.9907907902476449
45,2,92023,forward,w,deg,567,567.0,0.0,11.205496502981532,85.6577638625065,-165.99797445571022,31.292559099445253,197.29053355515546,-173.91873409535847,43.0838533807771,217.00258747613557,-0.3068762164201018,178.47822540576973,179.99803902731367,332.14580322054655,0.16491826133188553
45,3,33597,forward,w,deg,846,846.0,0.0,-0.46634597598446703,59.01995470323604,-113.13028806965866,161.63111869084713,274.7614067605058,-179.5801366556081,179.92791191781072,359.5080485734188,0.27356358038823675,171.28759694761476,179.72771730664067,292.9993432079532,0.7576952871380359
45,4,164684,forward,w,deg,67,67.0,0.0,-3.6260245520510637,100.47587678460523,-176.24104889677443,172.23531670631036,348.4763656030848,-179.1229558283568,179.43609532334278,358.5590511516996,-0.03433260439046352,175.42782038321536,178.58070906925468,157.66702706007084,0.28472438670878003
45,5,17619,forward,w,deg,12862,12862.0,0.0,-0.58101992238457,4.634052755338251,-6.412942705517611,8.270021442644552,14.682964148162164,-7.05852333797651,13.071979420692685,20.130502758669195,0.44190244624487185,8.965270962529107,13.76722894057724,296.4680154888534,0.9967333543180629
45,6,207815,forward,w,deg,13732,13732.0,0.0,-0.5807321063674777,5.503407503823349,-7.66790763895773,9.02714582636212,16.695053465319848,-11.890094118023939,36.87782455270042,48.767918670724356,1.3882665317511969,13.010973450559494,40.86165217689779,17.215511898367165,0.9954155765576214
45,7,18984,forward,w,deg,821,821.0,0.0,-1.6628436820947456,61.35488864118589,-11.262685626986865,171.64683767593203,182.9095233029189,-179.56821809246958,179.66723801925048,359.23545611172005,1.6617402865642863,164.58842870248253,176.61166167446515,169.13458776837504,0.7106826864766007
45,8,160348,forward,w,deg,346,346.0,0.0,1.1002219820809955,100.47090872848317,-174.74334987851,175.5560461228854,350.2993960013954,-179.71555584860573,179.48159742483767,359.1971532734434,0.015832068772765114,176.7277695424217,179.90140828906345,44.897213241102136,0.30896052203533075
45,9,135518,forward,w,deg,6,6.0,0.0,-2.7408746283018957,62.88339977965959,-17.42172409659743,126.12173603753781,143.54346013413524,-20.87123845218545,162.76654776487032,183.63778621705578,2.289801053384606,174.73159253588406,176.3622137829442,244.5584293596927,0.654955637544148
45,10,33425,forward,w,deg,4229,4229.0,0.0,-1.6183713570553095,9.352174282883398,-13.28824371157017,17.597808416299504,30.886052127869675,-16.00675675158783,24.857804735883747,40.864561487471576,0.49414168749046794,27.911949939553356,35.1719462591376,327.78705471352964,0.9867511141085452
45,11,74439,forward,w,deg,4641,4641.0,0.0,0.28937647035425584,45.08371533262062,-169.33414285654288,11.30380611280512,180.637948969348,-179.73404409229906,179.93966584403017,359.67370993632926,-2.2160921016197777,174.36316425280882,179.97165727780686,207.17569711036103,0.8544233993623084
45,12,19875,forward,w,deg,1653,1653.0,0.0,-0.3500054391698768,73.07636453430688,-168.9569948301398,170.51910920649223,339.476104036632,-179.97287019902484,179.94853728332652,359.92140748235136,-0.08940735670700604,174.93183934216367,179.96621133572586,265.1081568118313,0.6298657672169012
45,13,212089,forward,w,deg,8872,8872.0,0.0,-1.5829305364601538,57.31583096818119,-168.64780683803653,37.15414577084786,205.8019526088844,-179.99382007038412,179.99896038725205,359.9927804576362,-0.3458028487412007,174.71117863682727,179.99438353886956,32.02295210519617,0.7756001168856504
45,14,205841,forward,w,deg,850,850.0,0.0,21.35054024265662,86.76415004471987,-150.52256359976406,43.65081534723665,194.1733789470007,-159.34554221175682,51.51963900125901,210.86518121301583,-0.16005790803744102,177.17467723811293,179.9358386023056,301.24343504967635,0.09811602342709905
45,15,119732,forward,w,deg,160,160.0,0.0,4.5960089100951365,89.60214367317162,-169.83686490857212,28.404428797146895,198.24129370571902,-175.9447006802405,175.92605251157346,351.87075319181395,-0.14971873150741,179.08204329773676,179.86635552611074,75.00067652929586,0.11408845033692817
45,16,181737,forward,w,deg,10,10.0,0.0,18.8683157490658,80.08885418323496,-136.3670386563046,42.2873044772053,178.6543431335099,-137.47646644959238,45.120374678445444,182.59684112803782,-0.45309251287000446,157.13489268527286,158.24432047856064,180.08001091873382,0.24139341180001697
45,17,131983,forward,w,deg,5,5.0,0.0,0.626613768483594,3.8437694139482224,-4.376166937657979,5.023772548481713,9.399939486139692,-4.470707340821548,5.758127097951331,10.228834438772878,0.24610186596648212,9.49447988930326,10.228834438772878,268.39037338464345,0.9977510762171222
45,18,141617,forward,w,deg,347,347.0,0.0,5.186349889952567,89.32761851268953,-172.29797889163808,32.02033424305503,204.3183131346931,-179.89497593603687,42.940614130371046,222.83559006640792,-0.1073340245520496,178.08062269989145,179.92498585036026,352.34274826192336,0.05604662164332972
45,19,56847,forward,w,deg,8304,8304.0,0.0,-0.37104511109876626,64.25980145426907,-168.4427121137569,163.77249059777782,332.21520271153474,-179.9854997501294,179.9792233248968,359.9647230750262,-0.10322617897951969,172.31575329043736,179.9938557580806,167.38004335022387,0.7154294993874307
45,20,40578,forward,w,deg,9009,9009.0,0.0,0.08811415635284447,6.4017209547054055,-11.08640708713035,10.766231842225887,21.85263892935624,-14.352786321567635,17.334747608002203,31.687533929569838,0.012896267733208643,12.466193370023282,17.14029323767204,308.04440500825723,0.9937747394085341
45,21,42021,forward,w,deg,3278,3278.0,0.0,0.029765433798885965,83.30126089789293,-175.67763062198958,175.7672244704175,351.44485509240707,-179.99860620987937,179.96660501377028,359.96521122364965,-0.11314484719643987,177.9949978376081,179.97963941228517,239.7550021641851,0.535666707137607
45,22,30090,forward,w,deg,121,121.0,0.0,13.612792752131156,84.10566427086471,-160.33838603246852,31.156319224613412,191.49470525708193,-173.94068068975872,39.64307596060087,213.5837566503596,-0.3633658344758781,177.57382492912086,179.98642940686625,25.157899021369115,0.1955387836939586
45,23,214750,forward,w,deg,5704,5704.0,0.0,-3.377376559525075,103.21587492892414,-177.12671040796621,176.17362267066446,353.3003330786307,-179.99652677759775,179.9938138425083,359.99034062010605,0.001410063004354769,177.23946959800605,179.99789829004038,44.71093676109773,0.2876247107264625
45,24,70955,forward,w,deg,6104,6104.0,0.0,-0.3406391986897006,35.559313873168904,-10.76440183357021,12.247370942306475,23.011772775876686,-179.5188167994534,179.97634136754368,359.49515816699704,-0.9296854941792879,16.479117229087844,179.98173695601957,193.17125375708613,0.9108014523315575
45,25,77199,forward,w,deg,4513,4513.0,0.0,0.5400734739116899,85.4747598083754,-176.81853400130524,176.33168828781814,353.15022228912335,-179.97549808238875,179.9901252735175,359.96562335590625,-0.21398587980137196,178.36659084146993,179.9933548376424,220.74024153406899,0.5037963481926839
45,26,115244,forward,w,deg,3048,3048.0,0.0,0.2160857066348285,88.32684119920104,-169.29842860709402,42.81765798274104,212.11608658983505,-179.51454366836776,179.47446998134194,358.9890136497097,-0.19919635580092782,176.06831306341127,179.96626644198443,55.18998267057186,0.11468433430316216
45,27,166403,forward,w,deg,32,32.0,0.0,-2.331612973094394,102.98744838349153,-173.54916046889926,168.48718128349407,342.03634175239335,-178.18281701719926,174.2123688368439,352.3951858540431,0.002631024510290504,175.71397104368288,179.65237240801713,181.68383672566608,0.25260041811517675
45,28,144422,forward,w,deg,3958,3958.0,0.0,-1.623917128297819,84.90589551679572,-165.33498330568602,170.33637774023285,335.67136104591884,-179.4744392390516,179.99463271031175,359.46907194936335,0.18619568882335857,174.25515177219606,179.99231848203124,275.34400864386976,0.4670604521113867
45,29,153329,forward,w,deg,442,442.0,0.0,-0.267777685112506,88.069994809048,-177.1122641764423,170.2802958939362,347.3925600703785,-179.73889155053223,179.99238563337371,359.73127718390595,-0.18682442991160395,178.48668194018197,179.9775131206443,28.8261024016109,0.4614371356228353
45,30,205453,forward,w,deg,1614,1614.0,0.0,16.221356649276885,85.57453291084177,-155.15220296144628,33.47055327089952,188.6227562323458,-177.1445681006809,179.01317891462844,356.1577470153094,-0.26033118615252204,173.1328732157058,179.97964248138044,292.43843942500916,0.14998747866411885
45,31,136639,forward,w,deg,16522,16522.0,0.0,-0.2894852081860222,4.173190867168541,-6.058543512599677,7.1438854788318915,13.202428991431567,-6.659779823876278,10.65944111612518,17.319220940001458,0.28882870638656977,7.6337453863429525,11.14930102363624,157.53622394551098,0.9973499735370235
45,32,182807,forward,w,deg,9053,9053.0,0.0,-0.23897049131798553,5.6338813018899705,-9.550628447758772,9.768842925924224,19.319471373682994,-13.123865456381367,13.552643082382588,26.676508538763954,0.0803130727638295,14.998498140294265,18.78229829675263,185.6793848364446,0.9951754607107521
45,33,198441,forward,w,deg,15179,15179.0,0.0,-0.1761204774599605,3.909475439177244,-6.067836426363499,6.289326675562413,12.357163101925913,-7.926844266412445,20.222870711738267,28.149714978150712,0.3618825382318275,8.035268997132638,21.968813033308493,5.756406728623479,0.9976749344982575
45,34,150972,forward,w,deg,239,239.0,0.0,1.989835325840204,92.25131898699117,-175.50438227426966,21.38459106838608,196.88897334265573,-179.59843579345716,179.4672682147717,359.06570400822886,-0.12917124989025058,177.993045876995,179.89818075220734,57.884215564255975,0.21745732597620673
45,35,98442,forward,w,deg,8617,8617.0,0.0,-0.5219377447222087,80.40589400560513,-175.08260658147256,16.870745669353614,191.95335225082619,-179.99142684137254,179.99128599081484,359.9827128321874,-0.8285918152968623,178.95611811997983,179.99947074974966,198.4532159488664,0.4093524596907714
45,36,65697,forward,w,deg,7748,7748.0,0.0,-0.4799398494315028,40.133877816988495,-8.315220955211531,10.984351457859075,19.299572413070607,-179.85410535405128,179.73706578037957,359.59117113443085,-0.5814036986440251,162.14875738029875,179.87371145227462,179.481465225685,0.8879986721737193
45,37,24482,forward,w,deg,1096,1096.0,0.0,0.7072280357414513,60.582805288811606,-15.574188325350278,175.11831620250814,190.69250452785843,-179.68768975717933,179.85077820874164,359.538467965921,1.5664943521962444,175.38746394337406,179.98720484021044,153.32292307118348,0.7378092218702007
45,38,36376,forward,w,deg,668,668.0,0.0,-0.05734249361975685,73.1361158747549,-173.8844502533223,14.271122975609718,188.15557322893204,-178.09741599537273,179.67397988606427,357.771395881437,-1.0597707894061865,176.13219168572817,179.8731271946687,308.05874198687525,0.5634101529692249
45,39,141427,forward,w,deg,55,55.0,0.0,0.07432565538147173,100.29126517242857,-172.6239972099022,178.1077016858424,350.73169889574456,-176.53626643547864,179.5779795535458,356.1142459890244,0.019198457699236303,175.88473018604162,179.81967099965817,115.11589555033837,0.3022608113089047
45,40,183730,forward,w,deg,3784,3784.0,0.0,-5.359861846973999,89.70667663199545,-175.91861979873366,174.6852929619774,350.60391276071107,-179.97389526538336,179.9930769594235,359.96697222480685,-0.14077318204347158,177.11685291325398,179.99150355508203,56.143102790397634,0.4407261882180249
45,41,155074,forward,w,deg,2350,2350.0,0.0,5.823409409807823,84.71330630057903,-168.72238964795227,18.48099842468629,187.20338807263857,-178.50279596759998,178.74757328248813,357.2503692500881,-0.4579319508926495,178.44328727832678,179.9833485029253,291.14293059396067,0.25042817603130135
45,42,165603,forward,w,deg,16631,16631.0,0.0,-0.27120994889463645,3.28378983521937,-4.695238446841671,5.97215408953781,10.66739253637948,-5.164019859060488,8.12505902099906,13.289078880059549,0.3633411965494059,6.548687407454679,8.70159233891593,355.6511142507229,0.9983586223542761
45,43,155088,forward,w,deg,2780,2780.0,0.0,3.479912828435033,86.6874748487365,-167.76834688143546,19.134903193198404,186.90325007463386,-179.9619447551392,179.9573011547875,359.9192459099267,-0.2852401970659802,173.84476040599455,179.9777971487179,281.33929568343046,0.38411823499189307
45,44,39623,forward,w,deg,101,101.0,0.0,4.11102486691172,107.80685268084008,-174.4532372346099,174.66112478333298,349.1143620179429,-178.33839937777304,178.14774858834278,356.4861479661158,0.17902157866713117,177.3550345333611,179.95957421191383,59.48051271398955,0.09631733781188852
50,0,120085,backward,eps,km^2/s^2,12103,12103.0,0.0,-0.10621009148788652,0.03991378592935707,-0.1864496913849953,-0.07150759767478758,0.11494209371020771,-0.19302298128811568,-0.06611363290489869,0.126909348383217,-0.4082144988789461,0.08154202318148544,0.08811531308460585,nan,nan
50,1,18323,backward,eps,km^2/s^2,2,2.0,0.0,-0.4690906312250537,0.34782615355190705,-0.78213416942177,-0.15604709302833736,0.6260870763934328,-0.8169167847769607,-0.12126447767314663,0.6956523071038141,nan,0.6608696917486233,0.6956523071038141,nan,nan
50,2,191834,backward,eps,km^2/s^2,241,241.0,0.0,-0.2456665408318266,0.323407563010295,-0.9532534268953738,-0.11577862663062954,0.8374748002647443,-1.0020294531141347,-0.04390831562550124,0.9581211374886335,-0.7710658940771926,0.7405068743539838,0.7892829005727446,nan,nan
50,3,21848,backward,eps,km^2/s^2,1243,1243.0,0.0,-0.8368768735649976,0.05333644439231303,-0.9742690361950322,-0.8108140215934789,0.16345501460155332,-1.0207392989867343,-0.8067739194775032,0.2139653795092311,-1.1397026477060612,0.14192544620277872,0.18839570899448077,nan,nan
50,4,166688,backward,eps,km^2/s^2,37,37.0,0.0,-0.19902834609474573,0.23917665270652003,-0.8546415150987147,-0.11551386554116291,0.7391276495575517,-0.9482859651596645,-0.1140878781817456,0.8341980869779189,-2.1327039922737923,0.6583859191571352,0.7520303692180851,nan,nan
50,5,16122,backward,eps,km^2/s^2,11334,11334.0,0.0,-0.8982276117806685,0.028819147391890173,-0.9540061359529602,-0.8608892895053617,0.09311684644759854,-0.9686257373472338,-0.8526658547514666,0.11595988259576717,-0.35937132183066917,0.05314910623942432,0.061154371921988915,nan,nan
50,6,68933,backward,eps,km^2/s^2,8449,8449.0,0.0,-0.13673894974098277,0.040980422541746754,-0.19888033252260331,-0.06366562664015939,0.13521470588244394,-0.2071613932636155,-0.058817793307683885,0.1483435999559316,0.19107516616401038,0.07640315173390612,0.08125098506638162,nan,nan
50,7,20953,backward,eps,km^2/s^2,1672,1672.0,0.0,-0.8262553584770778,0.04057600101389198,-0.9534935351641417,-0.8124791252291865,0.14101440993495518,-1.0147458785877224,-0.8072504361737701,0.20749544241395224,-2.221432777356127,0.12889990738151438,0.190152250805095,nan,nan
50,8,150972,backward,eps,km^2/s^2,220,220.0,0.0,-0.18820179256933411,0.037067336430187406,-0.21298832610895005,-0.11650460173185954,0.0964837243770905,-0.25723233437167126,-0.10805916553719896,0.1491731688344723,0.2682842649459485,0.06102327415468896,0.08078830139779325,nan,nan
50,9,135518,backward,eps,km^2/s^2,6,6.0,0.0,-0.19637883185262367,0.31819163733686906,-0.8258968552353436,-0.11618376049669821,0.7097130947386454,-1.0176690233481307,-0.11438481223387309,0.9032842111142576,-2.299179485149736,0.67305240350978,0.8648245716225671,nan,nan
50,10,34109,backward,eps,km^2/s^2,2879,2879.0,0.0,-0.9345984730402356,0.038370097360734476,-0.9818397950086581,-0.8576355303505462,0.12420426465811196,-0.9843327946517837,-0.8447556526842595,0.13957714196752424,0.4111236453497034,0.07690886144683998,0.08978873911312668,nan,nan
50,11,74050,backward,eps,km^2/s^2,4618,4618.0,0.0,-0.9108142459832331,0.0485494079734168,-0.9690049319505987,-0.8268657611709764,0.14213917077962224,-0.980575890870184,-0.8066250979059045,0.1739507929642795,0.24301815757376177,0.07710661063555721,0.09592990346843422,nan,nan
50,12,147104,backward,eps,km^2/s^2,3217,3217.0,0.0,-0.15944408306073066,0.09480680826914469,-0.25289700079321337,-0.04783202456468019,0.20506497622853317,-0.9751294804748396,-0.043998602475122994,0.9311308779997166,-4.69965716571527,0.12095332164169476,0.8075529292999415,nan,nan
50,13,163834,backward,eps,km^2/s^2,6163,6163.0,0.0,-0.1964668130746523,0.038659265636892384,-0.23470746090093458,-0.11390294306800414,0.12080451783293045,-0.8147837896559271,-0.06696794920487137,0.7478158404510558,0.02535484154593401,0.08443433718647146,0.6164683933085692,nan,nan
50,14,107650,backward,eps,km^2/s^2,688,688.0,0.0,-0.1987788034198174,0.27223824813285774,-0.9513034578403267,-0.1155160691382988,0.8357873887020278,-0.9770685770476017,-0.044138872659411854,0.9329297043881899,-1.7483431760479071,0.7560814780781261,0.7818465972854012,nan,nan
50,15,206248,backward,eps,km^2/s^2,51,51.0,0.0,-0.23155504419195327,0.3514854142545801,-0.972786109052048,-0.08690589622109857,0.8858802128309494,-1.0098256453763166,-0.04407832882611784,0.9657473165501987,-0.6085829700783298,0.7740272600168938,0.8110667963411624,nan,nan
50,16,181737,backward,eps,km^2/s^2,10,10.0,0.0,-0.17869251016646637,0.27234791713473633,-0.8262330792398357,-0.08533407599241494,0.7408990032474208,-0.8282834719189582,-0.0800492234137743,0.7482342485051839,-1.6673391409412908,0.7344397389846378,0.7364901316637603,nan,nan
50,17,131983,backward,eps,km^2/s^2,5,5.0,0.0,-0.1650838201903747,0.3028923992592412,-0.7745440715457426,-0.1336164932141638,0.6409275783315788,-0.9166889311745429,-0.13026740448873786,0.786421526685805,-2.1980072911380026,0.6275312234298749,0.7696760830586753,nan,nan
50,18,157143,backward,eps,km^2/s^2,463,463.0,0.0,-0.17451415055533148,0.12888597168673116,-0.25736017530730454,-0.11518423655399061,0.1421759387533139,-1.0023683426834398,-0.043879077490019736,0.95848926519342,-4.920400966284836,0.07329919722689379,0.8173792550507895,nan,nan
50,19,57466,backward,eps,km^2/s^2,8022,8022.0,0.0,-0.9016848910558658,0.027049757223430667,-0.9413316399483775,-0.8602593343168795,0.08107230563149803,-0.9818507958038994,-0.8179914109473174,0.16385938485658202,-0.1004454349977948,0.05150849094516118,0.08650824301570958,nan,nan
50,20,46106,backward,eps,km^2/s^2,6966,6966.0,0.0,-0.9811611144082546,0.04452311760138527,-1.0036464711308914,-0.8593282061202872,0.1443182650106043,-1.00821164221714,-0.8484730221352087,0.1597386200819314,1.2950623784629258,0.12713660810992483,0.13799179209500323,nan,nan
50,21,45927,backward,eps,km^2/s^2,2859,2859.0,0.0,-0.8725913529065028,0.04990264754404276,-0.9743202189613652,-0.8315268243977009,0.14279339456366436,-0.9804838093061583,-0.8067280478455953,0.17375576146056304,-0.40783541219263786,0.12688295581643944,0.13304654616123246,nan,nan
50,22,30090,backward,eps,km^2/s^2,121,121.0,0.0,-0.8317861948285357,0.03849391732753427,-0.9580419343663316,-0.8174409965208635,0.140600937845468,-0.9770515556428341,-0.8068393667227801,0.17021218892005396,-2.1321991824142685,0.12885113287738592,0.14786075415388844,nan,nan
50,23,209561,backward,eps,km^2/s^2,4334,4334.0,0.0,-0.19158615533254347,0.03767701429134784,-0.24666313334019532,-0.11902019707362256,0.12764293626657275,-0.2573379056203583,-0.10489907402976983,0.15243883159058846,0.2986797243931159,0.08192017404998198,0.09259494633014498,nan,nan
50,24,69805,backward,eps,km^2/s^2,5778,5778.0,0.0,-0.9017868238629038,0.048236925635877406,-0.9654117756364919,-0.831803171382198,0.133608604254294,-0.9808925592487271,-0.8063623697289342,0.17453018951979293,0.12431497890362787,0.07417695890024616,0.09517007665914412,nan,nan
50,25,74825,backward,eps,km^2/s^2,4469,4469.0,0.0,-0.9013182453885924,0.04308835724312455,-0.9656936459358486,-0.8336912612097995,0.13200238472604908,-0.9805267118082368,-0.8066103600792471,0.17391635172898967,0.08195534784234054,0.07435014544788948,0.0910771865526,nan,nan
50,26,202072,backward,eps,km^2/s^2,1928,1928.0,0.0,-0.2036284650645182,0.07762090665352087,-0.25809713829592207,-0.0761776697763927,0.18191946851952936,-0.9686386256349782,-0.053084548954223876,0.9155540766807543,-2.5494541749401263,0.138890456375817,0.7544419423867288,nan,nan
50,27,89065,backward,eps,km^2/s^2,24,24.0,0.0,-0.18120181486860104,0.2948319646057805,-0.9230788737863316,-0.11821943156872768,0.8048594422176039,-0.9721623626889256,-0.11498373245609261,0.857178630232833,-1.522893578030301,0.8080951413302387,0.857178630232833,nan,nan
50,28,152444,backward,eps,km^2/s^2,2507,2507.0,0.0,-0.16689561297728917,0.06675425465740786,-0.24659054660657523,-0.05683085341660632,0.1897596931899689,-0.8134661898690888,-0.04391779137377705,0.7695483984953118,-3.428498146120915,0.12143414451815536,0.6364423530513347,nan,nan
50,29,149492,backward,eps,km^2/s^2,297,297.0,0.0,-0.17821520448360695,0.0560980436448264,-0.22129833310192118,-0.109374005771488,0.11192432733043318,-0.8090260608699449,-0.1065462381788227,0.7024798226911222,-4.874693505111528,0.06760217810156846,0.634687134016606,nan,nan
50,30,206040,backward,eps,km^2/s^2,1056,1056.0,0.0,-0.18961389317876887,0.03845229487020865,-0.2206202068564972,-0.1138087677682369,0.1068114390882603,-0.2584258866957744,-0.04415323856072739,0.21427264813504698,0.5319286447466881,0.07512950649647854,0.14478503570398804,nan,nan
50,31,137525,backward,eps,km^2/s^2,14562,14562.0,0.0,-0.12443343945549162,0.02959452968617919,-0.17127145452649803,-0.07970591267936693,0.0915655418471311,-0.1805210523562255,-0.07307982619563447,0.10744122616059104,-0.04101594101917519,0.05799447492333439,0.06724407275306188,nan,nan
50,32,204761,backward,eps,km^2/s^2,11416,11416.0,0.0,-0.22468559603134808,0.046635021390200454,-0.2510611919940272,-0.13370613462946906,0.11735505736455815,-0.8079135207253941,-0.12739005856975327,0.6805234621556409,-2.3920609910693758,0.09746030539506043,0.5768622778647126,nan,nan
50,33,183865,backward,eps,km^2/s^2,9593,9593.0,0.0,-0.12349725616590035,0.04036294349951804,-0.19469615048465488,-0.06676143959158995,0.12793471089306493,-0.19952769017608374,-0.06202471593188885,0.1375029742441949,-0.16792157113315606,0.06950959871787069,0.07424632237757178,nan,nan
50,34,105411,backward,eps,km^2/s^2,143,143.0,0.0,-0.20901997106393144,0.33024174092986275,-0.9635855810887464,-0.11617194325961959,0.8474136378291268,-0.9770401771211343,-0.07489050235106531,0.902149674770069,-0.8988369941574816,0.7708405933789485,0.7842951894113364,nan,nan
50,35,211735,backward,eps,km^2/s^2,6832,6832.0,0.0,-0.2100155076621309,0.035779547898414664,-0.24543293693872184,-0.1305615609144644,0.11487137602425745,-0.8145714641333797,-0.1154646301471085,0.6991068339862712,-3.002627483903749,0.07917851217487651,0.605024228877758,nan,nan
50,36,65332,backward,eps,km^2/s^2,7072,7072.0,0.0,-0.8964798202439171,0.04178728207780042,-0.956023101877402,-0.8368004023443741,0.11922269953302789,-0.981300836668506,-0.8077013291022715,0.17359950756623443,0.06168800308817133,0.07041212100499375,0.09514619328946006,nan,nan
50,37,36132,backward,eps,km^2/s^2,736,736.0,0.0,-0.8798595770332366,0.054346930966461045,-0.975469525047435,-0.819255124839509,0.15621440020792599,-1.0207786020554366,-0.8066952124091532,0.21408338964628337,-0.2548403551804377,0.08075028616564034,0.12095966243806444,nan,nan
50,38,33139,backward,eps,km^2/s^2,881,881.0,0.0,-0.867565225392885,0.04639582509438827,-0.958715424738573,-0.8138172737002414,0.1448981510383316,-1.020836128343177,-0.806208472304013,0.214627656039164,-0.6167363320170629,0.0772144390089049,0.13687645459847309,nan,nan
50,39,150087,backward,eps,km^2/s^2,44,44.0,0.0,-0.19537989540186496,0.27306879204169276,-0.9297032043584996,-0.11116441891756317,0.8185387854409365,-0.9770398650056108,-0.043834796693581146,0.9332050683120297,-1.8464924326465229,0.753710855459202,0.8010475161063132,nan,nan
50,40,175666,backward,eps,km^2/s^2,3006,3006.0,0.0,-0.19651700214082757,0.04766354078942866,-0.2569992632427137,-0.115911518810634,0.14108774443207972,-0.2590850034968636,-0.10372743797565442,0.15535756552120916,0.1411865378645272,0.09152669112248146,0.10371077195746103,nan,nan
50,41,205459,backward,eps,km^2/s^2,1722,1722.0,0.0,-0.18269721795007898,0.039278200567448136,-0.21429576118790206,-0.11354524379623476,0.1007505173916673,-0.2582250091029896,-0.04511806951241282,0.2131069395905768,0.3015507083588606,0.07399197726170548,0.14241915154552742,nan,nan
50,42,162438,backward,eps,km^2/s^2,14888,14888.0,0.0,-0.19599363302014655,0.02365318720900418,-0.2284910652715055,-0.1534111816233089,0.0750798836481966,-0.2339868799683933,-0.14315586883996612,0.09083101112842717,0.23427886162630604,0.06258149914193999,0.0728368119252828,nan,nan
50,43,155954,backward,eps,km^2/s^2,2435,2435.0,0.0,-0.16765360110845373,0.04810468781494829,-0.2151104790209986,-0.10885783370623323,0.10625264531476539,-0.8126985319462801,-0.045179845595740065,0.76751868635054,-2.8233802679230138,0.07755595927725333,0.6375061004355017,nan,nan
50,44,39623,backward,eps,km^2/s^2,101,101.0,0.0,-0.8748689919818652,0.05782230120014885,-0.9767073966715779,-0.819048430653157,0.1576589660184209,-1.020754723273971,-0.8074723231445518,0.21328240012941935,-0.45231274480120254,0.11672873070606249,0.12830483821466776,nan,nan
50,45,126320,backward,eps,km^2/s^2,470,470.0,0.0,-0.2391809188930013,0.32998623092008433,-0.9695201115618355,-0.0964991175904608,0.8730209939713747,-1.0205536257856416,-0.04380722131250103,0.9767464044731405,-0.6591639923616663,0.7535880091090604,0.8046215233328665,nan,nan
50,46,195939,backward,eps,km^2/s^2,13105,13105.0,0.0,-0.22640994035429074,0.034783151357765926,-0.24521736336933647,-0.1428871238502456,0.10233023951909087,-0.25619617991501853,-0.1353085606308918,0.12088761928412672,0.8095445089512519,0.09262174576852467,0.10020030898787846,nan,nan
50,47,61183,backward,eps,km^2/s^2,5260,5260.0,0.0,-0.9714110502428857,0.04552217025050536,-0.9931902928690508,-0.8546250235800519,0.13856526928899893,-1.0086547271271056,-0.8457326256389384,0.16292210148816721,1.025729762756263,0.1319439749817974,0.14083637292291096,nan,nan
50,48,23834,backward,eps,km^2/s^2,2000,2000.0,0.0,-0.848227243611495,0.0527282174472479,-0.9749135547130643,-0.8250713342178436,0.14984222049522067,-0.9887344424306926,-0.8071063254947568,0.18162811693593583,-0.722444134014737,0.14054286718179096,0.15436375489941934,nan,nan
50,49,209797,backward,eps,km^2/s^2,8030,8030.0,0.0,-0.22254937853130285,0.048262906119901465,-0.250035056649385,-0.13750038051111024,0.11253467613827478,-0.8116443912503291,-0.1256489563140042,0.6859954349363249,-5.046550583371709,0.08598055502319757,0.5889851379901351,nan,nan
50,0,120085,backward,e,-,12103,12103.0,0.0,0.7464478943801797,0.09697397899497966,0.5500588425088502,0.8295505907004128,0.27949174819156264,0.5334048314435161,0.8424273626317536,0.3090225311882374,-0.42143390012006077,0.1995068822456036,0.21616089331093769,nan,nan
50,1,18323,backward,e,-,2,2.0,0.0,0.4565134131302835,0.2534864796737696,0.2283755814238909,0.684651244836676,0.45627566341278514,0.20302693345651393,0.7099998928040531,0.5069729593475392,nan,0.4816243113801622,0.5069729593475392,nan,nan
50,2,191834,backward,e,-,241,241.0,0.0,0.45090618086646755,0.15615555198492181,0.21060709868122496,0.7232816332852857,0.5126745346040608,0.1711891508875431,0.8953803856012519,0.7241912347137087,0.27150713470315835,0.2913665815325116,0.41287928328608536,nan,nan
50,3,21848,backward,e,-,1243,1243.0,0.0,0.2564854717497262,0.10248590879486683,0.184016619556191,0.5071783353578353,0.3231617158016443,0.17004250047813105,0.57285141266025,0.4028089121821189,0.930048353351766,0.262337401647085,0.32801047894949964,nan,nan
50,4,166688,backward,e,-,37,37.0,0.0,0.5179154526273982,0.13136099286367633,0.2799242601095933,0.7239515625589856,0.4440273024493923,0.24156002493169768,0.7273837390915541,0.48582371415985637,-0.3414439925250699,0.24494118046664493,0.2833054156445407,nan,nan
50,5,16122,backward,e,-,11334,11334.0,0.0,0.3824947421741829,0.05144732773865188,0.3097072190683296,0.4759703006442865,0.16626308157595693,0.29184427081806263,0.4983850870953844,0.2065408162773218,0.22014384501526055,0.100404921679762,0.11826786993002897,nan,nan
50,6,68933,backward,e,-,8449,8449.0,0.0,0.6725691188447966,0.09995832366772929,0.5181594996760152,0.8482941573826063,0.3301346577065911,0.4960290399247806,0.8598376401626954,0.3638086002379148,0.16249113957939612,0.1840291327086886,0.1955726154887777,nan,nan
50,7,20953,backward,e,-,1672,1672.0,0.0,0.22905313959344864,0.08193838801385944,0.18849530033897058,0.4755929048580497,0.2870976045190792,0.17122126751088823,0.564765935752481,0.3935446682415928,1.9483360761329815,0.25092457924743833,0.3400976101418696,nan,nan
50,8,150972,backward,e,-,220,220.0,0.0,0.5457677552063993,0.09250729253895355,0.48195140656727803,0.7215664786673749,0.23961507210009686,0.35974853376918503,0.7419365958669654,0.38218806209778033,0.2228068805924314,0.15034308981000963,0.215109985553545,nan,nan
50,9,135518,backward,e,-,6,6.0,0.0,0.6009994736129354,0.13589982631063371,0.38586898568040773,0.7223381469675401,0.33646916128713233,0.3783771874725489,0.72667300581553,0.34829581834298107,-0.42905279505608407,0.24739695653734917,0.254888754745208,nan,nan
50,10,34109,backward,e,-,2879,2879.0,0.0,0.4456416828593076,0.06603062041443476,0.30363415660967735,0.5183231049403827,0.21468894833070534,0.2742212580613012,0.5219141125405466,0.24769285447924544,-0.5888164900417121,0.14151058635010388,0.17092348489848003,nan,nan
50,11,74050,backward,e,-,4618,4618.0,0.0,0.4056705698468783,0.09114219465779835,0.2296684785655591,0.49932699650794216,0.26965851794238305,0.16943473771526985,0.5164301738068007,0.34699543609153083,-0.4591993564988052,0.16152648397596564,0.2217602248262554,nan,nan
50,12,147104,backward,e,-,3217,3217.0,0.0,0.6170619163856835,0.13875686724215247,0.37296832381123907,0.8860421218119546,0.5130737980007156,0.17000004480164355,0.8951687979991013,0.7251687531974578,-0.10682681475484507,0.29163646695227713,0.4269483916467526,nan,nan
50,13,163834,backward,e,-,6163,6163.0,0.0,0.5247227584771588,0.09495732025732097,0.4232407927500748,0.7278309058022437,0.30459011305216893,0.1971895415644576,0.8403565594324288,0.6431670178679713,0.6829661146671288,0.20835164196369207,0.3223528375020843,nan,nan
50,14,107650,backward,e,-,688,688.0,0.0,0.5188802986652291,0.12973650245495186,0.305185632862188,0.7239324215124432,0.41874678865025516,0.168344493093901,0.8948398682898845,0.7264953751959835,-0.17946745692850632,0.299346058422669,0.36798618025561614,nan,nan
50,15,206248,backward,e,-,51,51.0,0.0,0.4878639609494725,0.14893559763441452,0.2506595685779023,0.7924655864248291,0.5418060178469268,0.1847104208115021,0.8949833135502939,0.7102728927387918,0.729106985822701,0.33939681268397204,0.37591981165749966,nan,nan
50,16,181737,backward,e,-,10,10.0,0.0,0.568922947758439,0.19219162889087005,0.22777768202025336,0.7966671747934654,0.568889492773212,0.22258172598590806,0.8092903384959702,0.5867086125100621,-0.5188644651677559,0.5534611815812617,0.558657137615607,nan,nan
50,17,131983,backward,e,-,5,5.0,0.0,0.603103123500871,0.09986692627871357,0.4323225258300386,0.6800290655397587,0.24770653970972012,0.4154081001457174,0.6881484709046395,0.2727403707589221,-0.6020571769618305,0.21522891825019685,0.23214334393451808,nan,nan
50,18,157143,backward,e,-,463,463.0,0.0,0.5796407131982636,0.10837740572365402,0.364095927252321,0.7247477417933001,0.36065181454097917,0.1810878115290134,0.8954556794646302,0.7143678679356168,-0.3834103191234082,0.19441701569073702,0.37233206814167297,nan,nan
50,19,57466,backward,e,-,8022,8022.0,0.0,0.38943997857924373,0.049047383562265054,0.3092290978541653,0.4563539281568211,0.14712483030265577,0.2068714408289801,0.5182951261535819,0.31142368532460174,-0.19582554462377297,0.09500821613366743,0.1876152370178301,nan,nan
50,20,46106,backward,e,-,6966,6966.0,0.0,0.5170651011716259,0.07419598610427135,0.3065593176064537,0.5493909930156969,0.24283167540924322,0.28256814999293905,0.5557175470720844,0.2731493970791454,-1.4376938804008346,0.21832308105888054,0.2423142486723952,nan,nan
50,21,45927,backward,e,-,2859,2859.0,0.0,0.33425762221847954,0.09312703757531635,0.24277116406675556,0.5071822905398186,0.264411126473063,0.1697351995346614,0.5163006971285099,0.34656549759384847,0.21535785323873574,0.22562567299935996,0.23474407958805127,nan,nan
50,22,30090,backward,e,-,121,121.0,0.0,0.2434767451408129,0.07668641214261175,0.20459190129441987,0.4827715246054717,0.27817962331105184,0.17006358404121355,0.5112742873972345,0.3412107033560209,1.7680172664669775,0.24558337603780092,0.2740861388295637,nan,nan
50,23,209561,backward,e,-,4334,4334.0,0.0,0.5370238319197174,0.09588507981010731,0.38940855072100083,0.7154895507419821,0.3260810000209812,0.35929378517650423,0.7495188910937285,0.39022510591722426,0.20674582974093655,0.2152150471124613,0.24532981265695797,nan,nan
50,24,69805,backward,e,-,5778,5778.0,0.0,0.3895803922479102,0.09071575636029973,0.24434345523938553,0.49386466873074647,0.24952121349136094,0.16862068109112363,0.5169001468957891,0.3482794658046655,-0.3476390734206542,0.1449923577077078,0.22071513185596994,nan,nan
50,25,74825,backward,e,-,4469,4469.0,0.0,0.3887165887024525,0.08128453236183318,0.24767354555054374,0.4942868273247522,0.24661328177420846,0.16945223746756752,0.5163608511329597,0.34690861366539216,-0.32239229896004273,0.13480516353246455,0.21302647161544083,nan,nan
50,26,202072,backward,e,-,1928,1928.0,0.0,0.5061904433429345,0.16460816562990216,0.3571691611595311,0.8185249712365075,0.46135581007697635,0.1707602090708903,0.8735512576969601,0.7027910486260698,0.3640615591685124,0.3396268314488327,0.39465311790928526,nan,nan
50,27,89065,backward,e,-,24,24.0,0.0,0.5626854892926874,0.15457523590780553,0.23160597772849176,0.7174250498187473,0.48581907209025554,0.20587102070989266,0.7252064373818786,0.5193354166719859,-0.9627534174538045,0.49360045965338684,0.5193354166719859,nan,nan
50,28,152444,backward,e,-,2507,2507.0,0.0,0.5986674661333764,0.13380584546814223,0.39066062982427785,0.864547443356431,0.4738868135321531,0.17059170470547644,0.8953605839444655,0.724768879238989,0.08559567938827678,0.29408979409795133,0.4028279174323943,nan,nan
50,29,149492,backward,e,-,297,297.0,0.0,0.5704286418507736,0.10809606834244644,0.45949023726662547,0.7387202282496503,0.27922999098302487,0.17669300373752553,0.7455576375661149,0.5688646338285894,-0.17146998714360243,0.16497959282775268,0.4034204022380182,nan,nan
50,30,206040,backward,e,-,1056,1056.0,0.0,0.5415776725237096,0.09575932336083573,0.4606584142820235,0.7280480051786871,0.2673895908966636,0.35604827303698017,0.8948018977171688,0.5387536246801886,0.4834230298161878,0.18413440609957946,0.35072116841653544,nan,nan
50,31,137525,backward,e,-,14562,14562.0,0.0,0.7025936898114347,0.07167110455216408,0.5880457988741219,0.809955930659893,0.22191013178577113,0.5649405814743373,0.8257984560972373,0.2608578746229,-0.05628587501278663,0.141435154188219,0.1645403715880036,nan,nan
50,32,204761,backward,e,-,11416,11416.0,0.0,0.4507143587847106,0.1064576473080295,0.37750599744667773,0.679872870486483,0.3023668730398053,0.16891681672627307,0.6952077618060487,0.5262909450797757,0.48938193254397544,0.24629395593963305,0.26494233336110923,nan,nan
50,33,183865,backward,e,-,9593,9593.0,0.0,0.7046295783020557,0.09830691328439602,0.5290999454168642,0.8408736998478048,0.3117737544309406,0.5168359329836921,0.8521881872686148,0.33535225428492266,-0.190667397371508,0.16678090793461858,0.17809539535542862,nan,nan
50,34,105411,backward,e,-,143,143.0,0.0,0.49680626263538624,0.13834542520438237,0.2470404479279322,0.7223277455450184,0.4752872976170862,0.19593319678938706,0.8215973790510791,0.6256641822616921,-0.052064685737756064,0.2863255475668835,0.33724991334035204,nan,nan
50,35,211735,backward,e,-,6832,6832.0,0.0,0.48987942515881744,0.08117605566303918,0.3942143850141942,0.6874856073009766,0.29327122228678243,0.17803095646912911,0.7241351564365457,0.5461041999674165,0.7268456959330669,0.1966832007577696,0.31327208994649636,nan,nan
50,36,65332,backward,e,-,7072,7072.0,0.0,0.37988948520988386,0.0785811355733906,0.25682139543466065,0.47954510259126537,0.22272370715660472,0.1734002617910827,0.5174983775237134,0.3440981157326307,-0.2777535125326404,0.13481516329232934,0.21823629693590735,nan,nan
50,37,36132,backward,e,-,736,736.0,0.0,0.3489210420123785,0.10299667562555861,0.20989892996810017,0.5088834544609901,0.29898452449289,0.169824732674945,0.5728973064372875,0.4030725737623425,0.05097355139262598,0.17643816099265372,0.21596961408681334,nan,nan
50,38,33139,backward,e,-,881,881.0,0.0,0.32455547239421045,0.09161671629384038,0.19242876718271076,0.4838048628840368,0.29137609570132605,0.16819393098549065,0.5729713754320799,0.40477744444658925,0.2762565789601378,0.17090680113406814,0.21656071903890545,nan,nan
50,39,150087,backward,e,-,44,44.0,0.0,0.5270949464713153,0.13964377564309963,0.3620818239881404,0.7343474716957044,0.37226564770756393,0.1950360603659501,0.8955575813930169,0.7005215210270668,-0.1287945250968442,0.30378540644340957,0.38094547990555816,nan,nan
50,40,175666,backward,e,-,3006,3006.0,0.0,0.5242761552473858,0.12236149272216844,0.35996371042599246,0.7233929337625083,0.3634292233365159,0.35404395213540557,0.7526563576123505,0.39861240547694493,0.07600209738437196,0.2272838847748809,0.256547308624723,nan,nan
50,41,205459,backward,e,-,1722,1722.0,0.0,0.5589488972617929,0.0978802410053702,0.4784734122458267,0.7286880339637757,0.250214621717949,0.3566637372686819,0.892511559359386,0.5358478220907041,0.24507352939958582,0.18275942188263172,0.34489681241551273,nan,nan
50,42,162438,backward,e,-,14888,14888.0,0.0,0.525223326820779,0.06032618153974855,0.440101070738819,0.6317246318517705,0.19162356111295153,0.4252204347338974,0.656851194837669,0.23163076010377154,0.1955677744175439,0.15828172744214333,0.1834082904280418,nan,nan
50,43,155954,backward,e,-,2435,2435.0,0.0,0.5967297074958927,0.10665831315222565,0.47692923289006295,0.7399872663641861,0.26305803347412315,0.17057848825603625,0.8923465738520258,0.7217680855959895,0.021734764998325745,0.19975693356700433,0.4074610006777005,nan,nan
50,44,39623,backward,e,-,101,101.0,0.0,0.33958602235869323,0.10934071570397896,0.20935003569944874,0.5107432197742048,0.301393184074756,0.17281072957280652,0.5728758045889726,0.40006507501616606,0.25886422950745314,0.2378678774050472,0.2744071835316894,nan,nan
50,45,126320,backward,e,-,470,470.0,0.0,0.4680361377152493,0.16522314523590928,0.2137660253820164,0.7699812900752403,0.5562152646932239,0.1804499913794604,0.8956261106421681,0.7151761192627077,0.4982836018092463,0.29812601711792575,0.4225508516024704,nan,nan
50,46,195939,backward,e,-,13105,13105.0,0.0,0.4457899522914095,0.08960090017784009,0.39415184093632355,0.6575312965903003,0.26337945565397675,0.36264629785071495,0.6759744578998034,0.3133281600490884,0.7683722833700996,0.2361415784263492,0.2545847397358522,nan,nan
50,47,61183,backward,e,-,5260,5260.0,0.0,0.5029611601096341,0.07728781339529305,0.296519831377341,0.5347236117037675,0.23820378032642647,0.27643237903283735,0.5563450703171937,0.27991269128435636,-1.1512773148086188,0.22859508802361939,0.24868254036812298,nan,nan
50,48,23834,backward,e,-,2000,2000.0,0.0,0.28285097446768115,0.09929058877799986,0.22652766956932646,0.508065174199568,0.2815375046302415,0.17112689483884924,0.5278871309386726,0.3567602360998233,0.5682374478851976,0.25808658332788176,0.27790854006698634,nan,nan
50,49,209797,backward,e,-,8030,8030.0,0.0,0.4568140218421229,0.09409354617705133,0.3807002385092147,0.6706277538331782,0.2899275153239635,0.1685914010438332,0.6994332358963249,0.5308418348524917,0.6455627582829176,0.21597138040048805,0.28806524337575135,nan,nan
50,0,120085,backward,w,deg,12103,12103.0,0.0,0.295893927335527,2.667021206051394,-4.916350949766769,3.657300498297718,8.573651448064487,-5.555763122193127,5.607646077224189,11.163409199417316,-0.4291139663409309,4.841691678893326,5.766181990906773,19.781257221164186,0.9989170689647574
50,1,18323,backward,w,deg,2,2.0,0.0,1.5631940186722204e-13,89.31602696209508,-80.38442426588541,80.38442426588571,160.76884853177114,-89.31602696209492,89.31602696209524,178.63205392419016,nan,169.7004512279806,178.63205392419013,296.31506822676084,0.011937297979124531
50,2,191834,backward,w,deg,241,241.0,0.0,-2.3572031393122757,95.93196206222653,-176.91307936350745,176.6241364464023,353.53721580990975,-179.85687609891346,179.95855146441482,359.8154275633283,0.008140768711111513,176.77888690988544,179.68408457995997,29.23567571993881,0.3726987683484594
50,3,21848,backward,w,deg,1243,1243.0,0.0,3.5816333017824036,10.0744517326983,-15.948548335542085,12.01279796404174,27.961346299583823,-35.11813740503203,13.100045274405716,48.218182679437746,-1.3327025296476407,15.016465242117008,33.20125062942847,206.59780593132484,0.9847334303429008
50,4,166688,backward,w,deg,37,37.0,0.0,1.176805910330188,58.910393077139055,-172.51090028236086,3.7020144888586812,176.21291477121954,-175.8644000330279,8.543720766005237,184.40812079903313,-2.2219139721563987,176.0151379414983,179.3686376921653,22.99095250924961,0.7307824591616858
50,5,16122,backward,w,deg,11334,11334.0,0.0,-0.30937236708270177,3.7083483374921467,-5.628209132298471,6.394266919350454,12.022476051648926,-6.915422220138197,8.15604529978981,15.071467519928007,0.20436833977233113,6.577624552944148,8.222325299157916,187.04088129138003,0.9979069922859005
50,6,68933,backward,w,deg,8449,8449.0,0.0,-0.08052173648775351,6.122568048731397,-9.716234742282017,10.591008962656689,20.307243704938706,-10.365969594477832,12.473595954758963,22.839565549236795,0.19303243406906942,15.407171423268526,16.056906275464343,23.646385384815606,0.9943022816181053
50,7,20953,backward,w,deg,1672,1672.0,0.0,1.4243060346834966,6.581541549200363,-11.213303954367209,12.104731550144257,23.318035504511464,-32.11639660196806,15.86522469580342,47.98162129777148,-0.8128106604636244,13.949146102126862,34.85223874972772,203.63087776078464,0.9934425837531777
50,8,150972,backward,w,deg,220,220.0,0.0,-0.21704035678035893,4.348860196645696,-6.198267559877998,8.672064489148903,14.870332049026901,-12.548078476253579,12.610106681703769,25.158185157957348,0.3116013671993218,9.206406155454363,14.018698320165214,24.346065931248013,0.997124931553521
50,9,135518,backward,w,deg,6,6.0,0.0,-3.4227664035232266,60.155659406115625,-9.738457923371115,117.87040214786319,127.6088600712343,-9.829993924672067,156.19495170527216,166.02494562994423,2.4110100419477547,125.95126619307243,164.2758157504814,32.51010896719916,0.6742240924909417
50,10,34109,backward,w,deg,2879,2879.0,0.0,0.21065510288636347,9.32301539060933,-12.905085982153889,14.642247515043623,27.547333497197513,-13.441167210749967,16.740844037028808,30.182011247778775,0.10865825470918568,27.014736750677447,29.11333327266263,203.29552699750974,0.9868083879145514
50,11,74050,backward,w,deg,4618,4618.0,0.0,0.1639088187410067,7.170209803443762,-10.768315236423057,8.336515133704733,19.10483037012779,-30.472797044561588,15.416062882918197,45.888859927479785,-0.8625013251896675,15.980230738648876,35.68471254678741,204.27191935287073,0.992219180280909
50,12,147104,backward,w,deg,3217,3217.0,0.0,1.0148673792408545,20.728432020566313,-11.892172179492302,8.04461189603948,19.936784075531783,-179.2153097574734,178.79771017119958,358.013019928673,0.9072220028731878,14.05595543343616,179.78126456048335,22.919747302929185,0.9682842307561265
50,13,163834,backward,w,deg,6163,6163.0,0.0,-0.875829577983751,7.22667804396293,-9.127103846617185,11.316571167511448,20.443675014128633,-171.67003824706882,11.649109104634533,183.31914735170335,-1.8902513934281022,11.207496620758036,173.75043102120964,25.195361730136753,0.9924669493452726
50,14,107650,backward,w,deg,688,688.0,0.0,-2.200270785185836,67.35165860664357,-17.55797903309763,170.03472977753546,187.5927088106331,-179.92304394516083,179.90839085885693,359.83143480401776,0.7614082045334473,169.31562510137624,179.97593225278365,28.55111921125719,0.6673097233374494
50,15,206248,backward,w,deg,51,51.0,0.0,-0.9962448627768765,86.85092373000998,-20.44773632591668,171.6918617417224,192.13959806763907,-179.16245470203376,174.2049362283097,353.36739093034345,0.3489000022920796,178.3702756120843,178.9712041597803,35.6288823438484,0.298315218504526
50,16,181737,backward,w,deg,10,10.0,0.0,1.210171558382541,79.00999872412834,-101.1298871999906,103.59806362760305,204.72795082759365,-173.5272389553865,177.95043449752097,351.4776734529075,0.05875714013800912,165.81908559662918,169.65413254282083,23.467447096338724,0.5907516499154614
50,17,131983,backward,w,deg,5,5.0,0.0,-3.116963919613397,67.78290282896228,-4.954729459812478,132.44018614932787,137.39491560914036,-5.19277182940084,165.95208383189072,171.14485566129156,2.234403852425402,137.6329579787287,171.14485566129156,29.236623380505723,0.6042981602874498
50,18,157143,backward,w,deg,463,463.0,0.0,-0.30790384615889366,28.008240286821476,-3.8990355353834643,8.612249353296264,12.511284888679729,-177.06899438871585,176.29027933201507,353.3592737207309,2.637113353332911,10.058162318932169,177.91765070510422,25.367976391555896,0.9434422206518503
50,19,57466,backward,w,deg,8022,8022.0,0.0,-0.09196025418692955,4.741000178546176,-5.92812355590453,6.896805083458448,12.824928639362977,-12.424227098165488,17.38275823322661,29.8069853313921,1.2646466153242915,12.41381631847731,15.586124186776829,202.84586010339757,0.9965898673118271
50,20,46106,backward,w,deg,6966,6966.0,0.0,-0.5848733793324783,3.9872597502707774,-6.384395186556681,6.783616935613402,13.168012122170083,-8.64474883734809,9.113532393278433,17.758281230626523,0.1709557687019595,7.820342557274479,10.15025801493951,188.8414147732582,0.9975807458204433
50,21,45927,backward,w,deg,2859,2859.0,0.0,2.848582601486413,10.6100068539825,-13.560170298410778,12.931352418229627,26.491522716640404,-33.065370107287066,15.17817218278202,48.24354229006909,-0.887931342350544,22.806316949332025,42.31151675820831,204.517775759286,0.9830252821242377
50,22,30090,backward,w,deg,121,121.0,0.0,2.9765972274519186,7.59958887555387,-10.91162092479496,10.488204388456523,21.399825313251483,-31.22321508294914,13.208390572147977,44.431605655097115,-1.7005737425991643,15.69069408763545,36.00228824578963,205.87354282107074,0.9912954279752837
50,23,209561,backward,w,deg,4334,4334.0,0.0,-0.7134390068789287,8.00433038913848,-10.896805170701098,11.271784501049469,22.168589671750567,-12.069047773224924,11.906492365243963,23.975540138468887,0.11260823895604329,21.720265537644057,22.35497340183855,24.981496568854237,0.9902671418456757
50,24,69805,backward,w,deg,5778,5778.0,0.0,-1.422087829467955,6.252849490567429,-9.006946141640217,10.530797409045261,19.537743550685477,-22.1479575098588,16.3821523878847,38.5301098977435,0.27608390731315974,14.34984396865474,27.490855336873324,203.2963095066545,0.9940615448904591
50,25,74825,backward,w,deg,4469,4469.0,0.0,1.959786235284497,8.691301912156383,-12.354054252217793,9.889407996592025,22.24346224880982,-32.155330538999465,15.883568156384484,48.03889869538395,-0.9238833144916524,19.34931872606688,39.150595012848555,203.8109037906315,0.9885851352831113
50,26,202072,backward,w,deg,1928,1928.0,0.0,0.9172955460042118,13.105249245871994,-12.941101392601336,12.207494160707553,25.148595553308887,-13.377278938893625,168.9637020136759,182.34098095256954,7.103808820805292,13.585848266629572,170.34205611959794,24.0066818343153,0.9818089751501636
50,27,89065,backward,w,deg,24,24.0,0.0,-1.566385774879791,78.57314214236447,-176.74592537828116,142.27328369241704,319.0192090706982,-179.8560313960188,166.42756021269918,346.283591608718,-0.3252897207038472,173.88470184454403,176.99480786228162,26.693529508504017,0.5839061071732327
50,28,152444,backward,w,deg,2507,2507.0,0.0,0.5083880009494237,11.382722146673657,-7.874281477589857,3.361364146488611,11.235645624078469,-177.97655360559338,179.28669188880247,357.26324549439585,1.9103847263322828,10.381358718205037,179.9500953602876,23.621047899530808,0.990070326137266
50,29,149492,backward,w,deg,297,297.0,0.0,-0.252300549412098,9.871350498351424,-3.4935302807091713,4.677196030250068,8.170726310959239,-8.229679244453735,163.0833875921562,171.31306683660995,15.131192759299145,7.961401664114538,161.81146633724723,24.43781864544548,0.9921740106382254
50,30,206040,backward,w,deg,1056,1056.0,0.0,-0.7770473272726832,5.993832225941656,-9.963813331448506,11.11436834702053,21.078181678469036,-14.471628817122308,11.895292652824509,26.366921469946817,0.24864828663604968,18.056559677374764,18.837483983178743,25.167843316715878,0.9945417528026054
50,31,137525,backward,w,deg,14562,14562.0,0.0,-0.1292282769794184,1.8062917320166227,-2.796794038261038,3.1665996646847585,5.963393702945797,-3.5315385365913414,4.0432329584479305,7.574771495039272,0.21070593370210652,3.2918402791250454,3.8144085072528924,18.556087462707737,0.9995031545789133
50,32,204761,backward,w,deg,11416,11416.0,0.0,-0.4813311877416311,6.942304058692941,-3.8849943910456872,6.066769271416469,9.951763662462156,-5.03181059317788,177.8940894303156,182.92590002349348,20.73605932711669,8.940327454654529,179.99414987772093,27.47103534933951,0.9961067820874132
50,33,183865,backward,w,deg,9593,9593.0,0.0,0.20865887360463375,4.395145818189642,-6.875814858394307,7.554013977172022,14.42982883556633,-7.411428081531483,10.431722616937805,17.843150698469287,0.07636738085053524,12.765229054064665,15.642937693830419,21.026703688819364,0.9970609867268502
50,34,105411,backward,w,deg,143,143.0,0.0,-3.544548946691066,79.40455455883006,-16.86023346703642,171.2530898097852,188.1133232768216,-177.2510518322598,178.23045872989087,355.4815105621507,0.7764699211721297,169.5843680682755,179.64282234498432,32.38564138658795,0.41861211980321444
50,35,211735,backward,w,deg,6832,6832.0,0.0,-0.9387945911737461,7.165271761533658,-6.619878985953806,11.062760230844836,17.68263921679864,-7.738361162366573,161.79160107437292,169.5299622367395,8.255538502283239,15.893004516695063,166.62184536022312,24.317466604569674,0.993582866926108
50,36,65332,backward,w,deg,7072,7072.0,0.0,-0.4087882453552396,5.573093897979584,-7.80224661327924,11.016828476151508,18.819075089430747,-12.656476774190622,16.664713253521967,29.32119002771259,0.538486423898413,11.879866505078065,16.633075185048853,203.20903384811447,0.9952814676692533
50,37,36132,backward,w,deg,736,736.0,0.0,-2.195361845737054,10.668569242506694,-15.98593095755114,16.83801527836185,32.82394623591299,-29.149125953204873,19.705954602350914,48.85508055555579,-0.22132367849995196,21.21612636452201,25.612665560107985,200.64868731822133,0.9828215775508412
50,38,33139,backward,w,deg,881,881.0,0.0,-0.9696870408571954,9.531519682242571,-18.445524383485917,16.957332823242183,35.4028572067281,-28.5673338098006,19.44415720533516,48.01149101513576,-0.38259341676907377,20.295614653570823,27.060114435349988,200.2521936570476,0.9862873285893117
50,39,150087,backward,w,deg,44,44.0,0.0,-0.09899658035308789,67.98106388442577,-12.231851510750905,170.03744752811522,182.26929903886614,-175.40988304374218,178.56670822886798,353.97659127261016,0.6224024109343435,174.4301473755804,177.86435839232092,25.17166311072676,0.6818449046683341
50,40,175666,backward,w,deg,3006,3006.0,0.0,0.11844671466153045,8.637005110477302,-12.794463215049078,11.194516345824574,23.988979560873652,-13.649818112784828,11.831333376916206,25.481151489701034,-0.18868660781185762,14.483103912236729,15.33845880997248,25.094989873907814,0.9886726218888152
50,41,205459,backward,w,deg,1722,1722.0,0.0,-0.3343456814556447,4.3983672465893155,-6.442099015099563,8.704623478635723,15.146722493735286,-13.857503677888047,11.922397284012504,25.77990096190055,0.19843655435342247,14.99808066516472,18.2158544705415,24.475727620002317,0.9970589434787215
50,42,162438,backward,w,deg,14888,14888.0,0.0,0.073406768709674,1.5496316210063537,-2.8309734161188205,2.3774035055755744,5.208376921694395,-3.804695346708371,2.980558599413456,6.785253946121827,-0.2871763712063805,3.2862582031958825,4.259980133785433,30.03364274630213,0.9996343055337934
50,43,155954,backward,w,deg,2435,2435.0,0.0,0.07143203934825237,6.495502746799103,-4.53813067385108,4.43951733031257,8.97764800416365,-13.697103976024323,172.3628464391458,186.05995041517014,19.644410697783485,7.159679404348539,171.7972706335031,24.354824004474313,0.9961880309795413
50,44,39623,backward,w,deg,101,101.0,0.0,-1.8046556701250722,8.682451201918703,-9.202580168282509,15.601582172283997,24.804162340566506,-26.29197036952729,18.2590226308684,44.55099300039569,0.17595102177737992,24.144964905449342,26.802405364033746,201.22302092482673,0.9885737092845293
50,45,126320,backward,w,deg,470,470.0,0.0,-0.982312924662196,93.0604570171738,-175.42491874376444,174.55167047023158,349.976589213996,-179.98981066139436,178.28594336160666,358.275754023001,0.08851137603650257,177.6693937857714,179.94886230497133,33.87711142018691,0.33040174195256783
50,46,195939,backward,w,deg,13105,13105.0,0.0,-0.5652469066652941,2.363130595233194,-3.4758914757674573,3.8084478094085568,7.284339285176014,-4.160685794130956,5.628538027934098,9.789223822065054,0.307938325183477,5.897514945287775,7.717605163813346,29.636206184144356,0.9991496925625084
50,47,61183,backward,w,deg,5260,5260.0,0.0,-0.2516570050075444,4.845271091022174,-6.290737323702267,9.152615162478307,15.443352486180574,-8.086358572961984,13.36200236607911,21.448360939041095,0.536343031857619,12.734276633831294,16.943663837432098,195.2811923109679,0.996429564330778
50,48,23834,backward,w,deg,2000,2000.0,0.0,3.613908286030778,10.624099962042695,-14.819832781418082,12.560268242830736,27.380101024248816,-35.06996593654583,13.126598598404001,48.19656453494983,-1.1709932007545552,14.200867388809987,33.81419329180139,206.5704767625325,0.9830217454638938
50,49,209797,backward,w,deg,8030,8030.0,0.0,-0.2880585978348762,9.548325160261943,-5.162193444749745,6.404930912502007,11.567124357251751,-5.983533883006146,175.03524922115918,181.01878310416532,14.39308964787937,10.00295566046294,178.63327396912013,25.487245853531004,0.9921956451301377
50,0,120085,forward,eps,km^2/s^2,12103,12103.0,0.0,-0.10989768339689221,0.03980316341478888,-0.186974955398606,-0.07160258260930004,0.11537237278930597,-0.19331003440864392,-0.06628230628824028,0.12702772812040364,-0.35689379379071856,0.09496722062521526,0.10130229963525317,nan,nan
50,1,18323,forward,eps,km^2/s^2,2,2.0,0.0,-0.8495274565347579,0.03547789041711258,-0.8814575579101592,-0.8175973551593566,0.06386020275080262,-0.8850053469518705,-0.8140495661176453,0.07095578083422516,nan,0.0674079917925139,0.07095578083422516,nan,nan
50,2,191834,forward,eps,km^2/s^2,241,241.0,0.0,-0.8281561445218998,0.34359443419411534,-0.9749030087503369,-0.12179890591520015,0.8531041028351367,-0.9921411054130341,-0.04380055913553149,0.9483405462775026,0.35401280288918313,0.7261730223326999,0.8041713691123685,nan,nan
50,3,21848,forward,eps,km^2/s^2,1243,1243.0,0.0,-0.1217328189986816,0.32397886427071515,-0.9596733196821854,-0.04665832714528263,0.9130149925369028,-1.0206562915180895,-0.04437929460744894,0.9762769969106405,-1.418444368729661,0.8578429341425959,0.9188259059785001,nan,nan
50,4,166688,forward,eps,km^2/s^2,37,37.0,0.0,-0.2127082338391879,0.3322533790712153,-0.9723349503433866,-0.1158914819062703,0.8564434684371163,-0.9762101607813797,-0.11484903484960918,0.8613611259317705,-0.6606886358073174,0.7596267165041987,0.7635019269421918,nan,nan
50,5,16122,forward,eps,km^2/s^2,11334,11334.0,0.0,-0.9259654504033308,0.03917479023211979,-0.9935596528345703,-0.8699636744135888,0.12359597842098147,-1.0028315238707146,-0.8585468917664449,0.14428463210426967,-0.14249264880977242,0.06758643311167643,0.0790032157588203,nan,nan
50,6,68933,forward,eps,km^2/s^2,8449,8449.0,0.0,-0.1566404603865772,0.2300314683594733,-0.9664200302423493,-0.06499798383215848,0.9014220464101909,-0.9721968173328878,-0.05885393284037144,0.9133428844925163,-2.861097234761327,0.864078674849077,0.8698554619396154,nan,nan
50,7,20953,forward,eps,km^2/s^2,1672,1672.0,0.0,-0.8238161762345322,0.20010510318934324,-0.8822165397102627,-0.190160158953003,0.6920563807572597,-0.9724469641727578,-0.07650429927460656,0.8959426648981512,2.5418809064734593,0.6235534390070506,0.737209298685447,nan,nan
50,8,150972,forward,eps,km^2/s^2,220,220.0,0.0,-0.21083036221503393,0.3520836917026333,-0.9630500049984135,-0.12112501791839392,0.8419249870800196,-0.9767531835068417,-0.08637899477317335,0.8903741887336684,-0.360727077756487,0.7759258479709648,0.7896290264793929,nan,nan
50,9,135518,forward,eps,km^2/s^2,6,6.0,0.0,-0.13717863134660935,0.27021213325928956,-0.7084866545796491,-0.11286843061012267,0.5956182239695265,-0.8664613228231999,-0.10646503045023847,0.7599962923729614,-2.3342317625329776,0.7535928922130772,0.7599962923729614,nan,nan
50,10,34109,forward,eps,km^2/s^2,2879,2879.0,0.0,-0.9251316083094381,0.039791435974051916,-0.9819617879433254,-0.8559684043782819,0.12599338356504353,-0.9843077237603475,-0.8451594743766324,0.13914824938371506,0.14793090397822845,0.06884259660194712,0.07118853241896916,nan,nan
50,11,74050,forward,eps,km^2/s^2,4618,4618.0,0.0,-0.21873047413066637,0.12676162063183355,-0.2510315502602991,-0.1275399743550248,0.12349157590527432,-0.9806700745738077,-0.12192068723291549,0.8587493873408922,-4.565432162276319,0.09397225196738353,0.7623855107906166,nan,nan
50,12,147104,forward,eps,km^2/s^2,3217,3217.0,0.0,-0.17880930010389207,0.2894101375286794,-0.8601504600691334,-0.1181362887245759,0.7420141713445575,-1.0207739049268336,-0.057018846459910066,0.9637550584669236,-1.2748579499243737,0.7382698513961106,0.898893296253811,nan,nan
50,13,163834,forward,eps,km^2/s^2,6163,6163.0,0.0,-0.8532183302630081,0.34613093139153206,-0.9642930277429519,-0.1159387253247269,0.848354302418225,-0.9743471886991129,-0.069396220432971,0.9049509682661419,0.6662834148567278,0.7924895151946597,0.8390320200864156,nan,nan
50,14,107650,forward,eps,km^2/s^2,688,688.0,0.0,-0.23397376379124513,0.3694546940712254,-0.9748279406316291,-0.11307683695673659,0.8617511036748926,-1.0132395932764513,-0.04389160369217371,0.9693479895842776,-0.32709417419757103,0.8403632798970299,0.878774932541852,nan,nan
50,15,206248,forward,eps,km^2/s^2,51,51.0,0.0,-0.22483052292713934,0.358305274007489,-0.9693513915318266,-0.099772430853174,0.8695789606786526,-0.9756274671081392,-0.046719852405381124,0.9289076147027581,-0.5128429656294337,0.7727725481699508,0.7790486237462635,nan,nan
50,16,181737,forward,eps,km^2/s^2,10,10.0,0.0,-0.20972447998693833,0.39078484508946626,-0.9678743779706405,-0.07917184247087193,0.8887025354997685,-0.9752300854924874,-0.05015293496594231,0.925077150526545,-0.4765883544703728,0.8531414249402,0.860497132462047,nan,nan
50,17,131983,forward,eps,km^2/s^2,5,5.0,0.0,-0.20662824112903266,0.027785764110533528,-0.21021854398815235,-0.14688708617663476,0.06333145781151758,-0.21037132486747934,-0.13754034943664495,0.07283097543083439,1.6721032834509604,0.0726781945515074,0.07283097543083439,nan,nan
50,18,157143,forward,eps,km^2/s^2,463,463.0,0.0,-0.1938911707382972,0.2902618566670652,-0.858528993367915,-0.11696414836350179,0.7415648450044132,-1.0205829238249695,-0.05348394015975977,0.9670989836652097,-1.2138406427251358,0.6523059661518851,0.8143598966089396,nan,nan
50,19,57466,forward,eps,km^2/s^2,8022,8022.0,0.0,-0.20400779767712507,0.21918771785348223,-0.9076441960582804,-0.1572959798137797,0.7503482162445007,-0.9819994090634598,-0.14644387726498564,0.8355555317984742,-2.5385161156403324,0.6836435575075901,0.7579987705127695,nan,nan
50,20,46106,forward,eps,km^2/s^2,6966,6966.0,0.0,-0.915294048553539,0.050996811594834046,-1.0031095649115025,-0.856081315501331,0.14702824941017145,-1.0073572641356643,-0.84843207392993,0.15892519020573426,-0.24755347363473368,0.0760597571283669,0.07961210495422999,nan,nan
50,21,45927,forward,eps,km^2/s^2,2859,2859.0,0.0,-0.2042601715116139,0.31598369737213333,-0.9719152959732894,-0.13212474566397825,0.8397905503093112,-0.979689980049135,-0.11826032251542584,0.8614296575337091,-1.211665173827333,0.7991909192216655,0.8069656032975111,nan,nan
50,22,30090,forward,eps,km^2/s^2,121,121.0,0.0,-0.2060453966259589,0.35142279820333566,-0.9270167367989419,-0.11156497281408206,0.8154517639848599,-1.0194952570673936,-0.051543237175719625,0.967952019891674,-0.3603207154943876,0.8202728301868438,0.9127513504552955,nan,nan
50,23,209561,forward,eps,km^2/s^2,4334,4334.0,0.0,-0.8445085359369059,0.3294367549428751,-0.9583939395121506,-0.13260807595145024,0.8257858635607003,-0.9747886475028091,-0.10504670558278306,0.8697419419200261,0.6556746886722554,0.7177153827607433,0.7452767531294106,nan,nan
50,24,69805,forward,eps,km^2/s^2,5778,5778.0,0.0,-0.22606086011224197,0.14600169139772756,-0.2564896979468205,-0.1328741286359261,0.12361556931089443,-0.9808685395888803,-0.1266848443490366,0.8541836952398437,-3.9254577603354286,0.10355814987645706,0.7496657979158157,nan,nan
50,25,74825,forward,eps,km^2/s^2,4469,4469.0,0.0,-0.21122728960803117,0.29927224561531435,-0.9283839701876913,-0.12791020086450036,0.8004737693231909,-0.9805593026870278,-0.11944117670369925,0.8611181259833286,-1.2217350174861323,0.7299358510215543,0.782111183520891,nan,nan
50,26,202072,forward,eps,km^2/s^2,1928,1928.0,0.0,-0.8315985639110619,0.32306077935433947,-0.9702028660753794,-0.12844332278914547,0.8417595432862339,-1.020820045950525,-0.10591981361148184,0.9149002323390432,0.5979149463433135,0.7119587519518942,0.7344822611295578,nan,nan
50,27,89065,forward,eps,km^2/s^2,24,24.0,0.0,-0.20948391760325935,0.33965403223419577,-0.9377500211925595,-0.11880294018002235,0.8189470810125371,-0.9654191819994133,-0.11615451940859367,0.8492646625908197,-0.74278933131552,0.726893478794079,0.7545626396009328,nan,nan
50,28,152444,forward,eps,km^2/s^2,2507,2507.0,0.0,-0.19399451209364083,0.3125134167901248,-0.9026758260559902,-0.11113515714973939,0.7915406689062507,-1.0208075341283356,-0.1063082042924055,0.9144993298359301,-1.0703311892501493,0.7893564416963229,0.9074881497686683,nan,nan
50,29,149492,forward,eps,km^2/s^2,297,297.0,0.0,-0.2086509235714491,0.3269034878145785,-0.8858992101371672,-0.1162030133185851,0.7696961968185821,-1.0084233505739606,-0.06609019004209948,0.9423331605318611,-0.632710805885656,0.6777364382368415,0.8002605786736349,nan,nan
50,30,206040,forward,eps,km^2/s^2,1056,1056.0,0.0,-0.21310234280196466,0.3743529807008251,-0.9755638147632171,-0.11675305940603323,0.8588107553571839,-1.0195542132081998,-0.08080611047554498,0.9387481027326549,-0.17088894475738298,0.8667099768441844,0.9107003752891671,nan,nan
50,31,137525,forward,eps,km^2/s^2,14562,14562.0,0.0,-0.12329206325952474,0.02921834071245381,-0.17108726308078842,-0.08001849838740048,0.09106876469338794,-0.18088651012370238,-0.07337008631651742,0.10751642380718496,-0.08360978424542301,0.06664759888069599,0.07644684592360995,nan,nan
50,32,204761,forward,eps,km^2/s^2,11416,11416.0,0.0,-0.8994530041474156,0.0473495883230299,-0.9635014044373229,-0.8333386537729177,0.1301627506644052,-0.9684696091306738,-0.8074063440220525,0.16106326510862135,0.09848576893563529,0.07920804685494973,0.105140356605815,nan,nan
50,33,183865,forward,eps,km^2/s^2,9593,9593.0,0.0,-0.1245452881356317,0.041047888767965515,-0.19507005432345143,-0.06665307083758151,0.1284169834858699,-0.19944785027677214,-0.06190673477941666,0.13754111549735548,-0.14267776367119234,0.07494314428703279,0.07932094024035352,nan,nan
50,34,105411,forward,eps,km^2/s^2,143,143.0,0.0,-0.21278804312424937,0.3715745479672467,-0.974468802395664,-0.11721292074833577,0.8572558816473282,-0.9826458788423504,-0.11196631916068189,0.8706795596816685,-0.24537308254279216,0.8595948512950964,0.8677719277417828,nan,nan
50,35,211735,forward,eps,km^2/s^2,6832,6832.0,0.0,-0.8782261874902515,0.23659180166838706,-0.9629127163543777,-0.15357726165729665,0.809335454697081,-0.9732374439205544,-0.061431441907169426,0.911806002013385,2.3312859753118835,0.764747006275979,0.8568928260261063,nan,nan
50,36,65332,forward,eps,km^2/s^2,7072,7072.0,0.0,-0.22150453192168046,0.1641969175397557,-0.8161669541142386,-0.14152582411760142,0.6746411299966372,-0.9813025170135629,-0.13332950533897636,0.8479730116745865,-3.558865120450496,0.5806249199578349,0.7457604828571592,nan,nan
50,37,36132,forward,eps,km^2/s^2,736,736.0,0.0,-0.21165998104534672,0.3207017093801431,-0.8775087406691048,-0.11619234885632534,0.7613163918127794,-0.9997486343995929,-0.04448022926456885,0.9552684051350241,-0.6994297248429264,0.6677863991029188,0.790026292833407,nan,nan
50,38,33139,forward,eps,km^2/s^2,881,881.0,0.0,-0.16685897141801742,0.2490121842564482,-0.9035266662459781,-0.047268922042788764,0.8562577442031893,-1.0201739466041788,-0.043981079635574294,0.9761928669686045,-2.1554033319821126,0.7575355195069662,0.8741827998651669,nan,nan
50,39,150087,forward,eps,km^2/s^2,44,44.0,0.0,-0.2121316675688148,0.3237315988374549,-0.8768782491771043,-0.12690566688178606,0.7499725822953183,-1.020440955040417,-0.11951176797062013,0.9009291870697969,-0.7024851966575484,0.6908843002080689,0.8344470060713816,nan,nan
50,40,175666,forward,eps,km^2/s^2,3006,3006.0,0.0,-0.8377486551699769,0.3251787766742895,-0.9611980447764159,-0.1256723262260112,0.8355257185504047,-0.9942260976046787,-0.10546281395300705,0.8887632836516717,0.6561577565802639,0.714096132586726,0.7343056448597302,nan,nan
50,41,205459,forward,eps,km^2/s^2,1722,1722.0,0.0,-0.20578975877019667,0.3629599104159388,-0.9687476061613151,-0.11478608945660246,0.8539615167047125,-1.0182960573342286,-0.10726466004540947,0.9110313972888191,-0.3887654151974606,0.8045616665892725,0.854110117762186,nan,nan
50,42,162438,forward,eps,km^2/s^2,14888,14888.0,0.0,-0.9062169896919716,0.02196790794816035,-0.9411462095438056,-0.8697167187271415,0.07142949081666405,-0.9500762527456568,-0.8599599693580078,0.09011628338764899,0.0451004682414249,0.046761717991839716,0.056518467360973434,nan,nan
50,43,155954,forward,eps,km^2/s^2,2435,2435.0,0.0,-0.20850130341717243,0.34940186101525267,-0.9370816363610104,-0.11425396222891182,0.8228276741320986,-1.0203921731849346,-0.10645804622269162,0.913934126962243,-0.46558645406913085,0.731501113398252,0.8148116502221762,nan,nan
50,44,39623,forward,eps,km^2/s^2,101,101.0,0.0,-0.21240616180362193,0.3619723640805151,-0.970149598034922,-0.12262218258355007,0.8475274154513719,-1.0150456054286332,-0.11508576308121943,0.8999598423474138,-0.20778394731734195,0.8450424861901615,0.8899384935838728,nan,nan
50,45,126320,forward,eps,km^2/s^2,470,470.0,0.0,-0.25656459181703334,0.3530320366556505,-0.9717875824994341,-0.11534860710944418,0.8564389753899899,-1.0181865681958364,-0.043937076833305055,0.9742494913625314,-0.17580363263392046,0.7738240027274784,0.8202229884238808,nan,nan
50,46,195939,forward,eps,km^2/s^2,13105,13105.0,0.0,-0.8808654067708915,0.03738665752594522,-0.9520461607224202,-0.8366908639200195,0.11535529680240075,-0.959357059264747,-0.8082263971756081,0.15113066208913895,-0.2722881857451708,0.06582016463887438,0.0942846313832858,nan,nan
50,47,61183,forward,eps,km^2/s^2,5260,5260.0,0.0,-0.9695000768210534,0.04512727899830909,-0.9953954437169183,-0.8548559236705917,0.14053952004632664,-1.0085644016778017,-0.846032356260004,0.16253204541779775,1.0163955493702497,0.12278143274975158,0.13160500016033938,nan,nan
50,48,23834,forward,eps,km^2/s^2,2000,2000.0,0.0,-0.1852593800468456,0.3201867769482013,-0.9712997438793588,-0.10893558404791838,0.8623641598314404,-0.9794474307542979,-0.09318639413945318,0.8862610366148447,-1.3008805679178503,0.8010663833705498,0.8092140702454889,nan,nan
50,49,209797,forward,eps,km^2/s^2,8030,8030.0,0.0,-0.8928156716562943,0.04638782604250811,-0.9627640959970415,-0.8268367760486521,0.13592731994838936,-0.969490893068644,-0.8072472610496741,0.16224363201896985,0.02137154204251163,0.08953389182439919,0.10912340682337718,nan,nan
50,0,120085,forward,e,-,12103,12103.0,0.0,0.737661140889144,0.0967205426242488,0.548741505946088,0.8293216153094876,0.2805801093633996,0.53266784355925,0.8420259088431848,0.30935806528393484,-0.3710090333300977,0.2317407494822824,0.24781441186912034,nan,nan
50,1,18323,forward,e,-,2,2.0,0.0,0.2765331359320888,0.08185710726634339,0.20286173939237973,0.35020453247179784,0.1473427930794181,0.19467602866574538,0.35839024319843216,0.16371421453268678,nan,0.15552850380605243,0.16371421453268678,nan,nan
50,2,191834,forward,e,-,241,241.0,0.0,0.39504324956549447,0.15259174361691036,0.20763602282066873,0.7087058154828533,0.5010697926621845,0.17160304738794754,0.8956399397956282,0.7240368924076807,0.733905200164087,0.4256095957283448,0.6125437200411197,nan,nan
50,3,21848,forward,e,-,1243,1243.0,0.0,0.7091929734078305,0.19680465145971707,0.35767528752132527,0.8888417524705202,0.531166464949195,0.1705568463462666,0.8942666422086608,0.7237097958623941,-0.28178804611471314,0.3995355089372382,0.5866539501122969,nan,nan
50,4,166688,forward,e,-,37,37.0,0.0,0.4861579655363733,0.15327411817119657,0.24095359016015683,0.723044913640228,0.4820913234800712,0.22852659059234393,0.7255488052307507,0.4970222146384068,-0.10041584803718748,0.24482793456586255,0.25408884982825697,nan,nan
50,5,16122,forward,e,-,11334,11334.0,0.0,0.43068491360040695,0.06544486673905994,0.3283264725400382,0.5350363261883379,0.20670985364829964,0.3044766543443892,0.5482164088601812,0.243739754515792,0.0018318999250061232,0.1214874993435595,0.14533731753920853,nan,nan
50,6,68933,forward,e,-,8449,8449.0,0.0,0.6238833878754989,0.10968907659042824,0.49901740382130866,0.8451089663826151,0.34609156256130647,0.47185364531586965,0.8597500074356198,0.38789636211975015,0.3643963843774199,0.2566526945291538,0.28381645303459285,nan,nan
50,7,20953,forward,e,-,1672,1672.0,0.0,0.2294386369509438,0.11727571168040901,0.18866349619027106,0.5410028938979116,0.3523393977076405,0.17020378480203383,0.8175476677622275,0.6473438829601937,2.206551810939234,0.3481729651138511,0.6247177389781671,nan,nan
50,8,150972,forward,e,-,220,220.0,0.0,0.4953860836030679,0.14468205252229543,0.23097522124125264,0.7104332372635022,0.4794580160222495,0.1711696775463333,0.793907229099846,0.6227375515535127,-0.15340279858004124,0.31769824314280987,0.3775037868377292,nan,nan
50,9,135518,forward,e,-,6,6.0,0.0,0.6715514877487541,0.1555257848354491,0.34829301895700643,0.7302934395351008,0.3820004205780944,0.32276188468899797,0.745750992301869,0.42298910761287106,-0.9974301184013251,0.40753155484610293,0.42298910761287106,nan,nan
50,10,34109,forward,e,-,2879,2879.0,0.0,0.42996823546599433,0.06864869343296919,0.2995551381452304,0.518477398531754,0.21892226038652363,0.2751346523706724,0.5218788103345174,0.24674415796384502,-0.3185299625655554,0.11147234234251091,0.13475197095173902,nan,nan
50,11,74050,forward,e,-,4618,4618.0,0.0,0.46776874978384825,0.10308879114609723,0.38072775667173386,0.6948234197726982,0.3140956631009644,0.16857236846964585,0.7084507710794155,0.5398784026097696,0.25414500248248617,0.22996080408600442,0.2998066734648879,nan,nan
50,12,147104,forward,e,-,3217,3217.0,0.0,0.5691612952169749,0.1630584302901145,0.2243422919835856,0.7176622847607889,0.4933199927772033,0.17001816509090778,0.8641833182667717,0.6941651531758639,-0.7982892253524984,0.48428477194177577,0.5386088988344535,nan,nan
50,13,163834,forward,e,-,6163,6163.0,0.0,0.4448356964082049,0.1341598314720871,0.26226724607967306,0.7228599566454115,0.4605927105657384,0.17129373122767533,0.8345536163321137,0.6632598851044383,0.4657837164451814,0.32114193882802966,0.4328355985147319,nan,nan
50,14,107650,forward,e,-,688,688.0,0.0,0.5008656016953617,0.14266967978403694,0.24478546699074388,0.7302267067296452,0.4854412397389013,0.17510088960787587,0.8954250633070769,0.7203241736992011,0.17115148662892168,0.4331609441231918,0.5028455215060599,nan,nan
50,15,206248,forward,e,-,51,51.0,0.0,0.4949310392817658,0.1479171107573151,0.3114114917174591,0.7619737137144197,0.4505622219969606,0.21530385870088578,0.8887012718543874,0.6733974131535017,0.6137764105378025,0.2826529904568051,0.36532214035875055,nan,nan
50,16,181737,forward,e,-,10,10.0,0.0,0.500383837073677,0.18564133950250766,0.31617935375454803,0.8110138633196254,0.4948345095650774,0.18669419530022122,0.8805307353897781,0.6938365400895569,-0.3023406652231296,0.40964745684452514,0.5391326152988523,nan,nan
50,17,131983,forward,e,-,5,5.0,0.0,0.49827035942566983,0.06936785208400602,0.48930928407629215,0.6475657488616514,0.15825646478535926,0.4889069363490451,0.6706533024598673,0.18174636611082223,1.6544698933811748,0.18134401838357514,0.18174636611082223,nan,nan
50,18,157143,forward,e,-,463,463.0,0.0,0.5314297532364254,0.15837772524106467,0.22331406939034995,0.7203501243645746,0.49703605497422465,0.17100555090973987,0.8726010775688735,0.7015955266591336,-0.5176033164962087,0.27713446824516647,0.3732788544574951,nan,nan
50,19,57466,forward,e,-,8022,8022.0,0.0,0.5076961308159827,0.07813864918213041,0.38203215467907825,0.6221880889232688,0.24015593424419057,0.20224684633781442,0.6488027458161979,0.4465558994783835,-0.773029457055977,0.17617500420315152,0.24994312232577215,nan,nan
50,20,46106,forward,e,-,6966,6966.0,0.0,0.41278989181987613,0.08571307276738106,0.2993810012531997,0.5486212296076799,0.24924022835448018,0.28249730279964036,0.554537894451286,0.2720405916516456,0.11556255650677937,0.134966971620529,0.15185067007408837,nan,nan
50,21,45927,forward,e,-,2859,2859.0,0.0,0.5117379643959111,0.09756771228196233,0.3213635958390416,0.683787813117252,0.3624242172782104,0.17015982740479887,0.717303409218294,0.5471435818134952,-0.4373397482735344,0.26351484519627105,0.414718613630514,nan,nan
50,22,30090,forward,e,-,121,121.0,0.0,0.5028994741539413,0.16931538120366635,0.21523783035976515,0.7334322569266646,0.5181944265668994,0.20285625283815495,0.8772211912241045,0.6743649383859496,-0.09681672649865851,0.529849017218936,0.5422305947405461,nan,nan
50,23,209561,forward,e,-,4334,4334.0,0.0,0.391461403116553,0.131632619649968,0.2515481682151975,0.6824477468796576,0.4308995786644601,0.17124543087441502,0.7491650797600946,0.5779196488856796,0.688376560131594,0.3943468110490943,0.4610641439295313,nan,nan
50,24,69805,forward,e,-,5778,5778.0,0.0,0.4486691932577547,0.11087106886190382,0.36903507593405366,0.6818659544459944,0.31283087851194075,0.1686095735874198,0.6969263973217203,0.5283168237343006,0.2434664867098105,0.2504803676954711,0.2649500763358229,nan,nan
50,25,74825,forward,e,-,4469,4469.0,0.0,0.4876424397942402,0.09927630306907229,0.32010920322443726,0.6939499371199921,0.37384073389555483,0.1696830202884509,0.7144464651814316,0.5447634448929808,0.15118857937987754,0.19989793342517484,0.3503241163611614,nan,nan
50,26,202072,forward,e,-,1928,1928.0,0.0,0.35805191917913415,0.14730188744931594,0.19489133909588327,0.6927814308805889,0.49789009178470556,0.1701556809773857,0.7470640345322934,0.5769083535549078,0.6859695627151298,0.4272341551964576,0.4815167588481622,nan,nan
50,27,89065,forward,e,-,24,24.0,0.0,0.49411151508099604,0.14298217362821053,0.25546819285209293,0.7159710531046882,0.4605028602525953,0.21759861844272824,0.722834120408697,0.5052355019659688,-0.10642706873737874,0.23704163382584822,0.2700462960286266,nan,nan
50,28,152444,forward,e,-,2507,2507.0,0.0,0.533400697135318,0.16678002927356492,0.2213124168854643,0.7345128985433317,0.5132004816578674,0.17026040931533507,0.7461339860752622,0.5758735767599271,-0.5072197738744036,0.5078952171895527,0.558947224759682,nan,nan
50,29,149492,forward,e,-,297,297.0,0.0,0.4947136344475326,0.16902996595172431,0.21667446316368041,0.7222899781145714,0.505615514950891,0.17101087925057248,0.8425759630388887,0.6715650837883163,-0.16738266814960173,0.27836380660572824,0.34786232859135613,nan,nan
50,30,206040,forward,e,-,1056,1056.0,0.0,0.5044328352101396,0.12106731669540702,0.27333318161547776,0.7209031753225102,0.4475699937070325,0.17006665311222163,0.8074842357170796,0.637417582604858,-0.15868588520727403,0.46665139266232664,0.5699179211655827,nan,nan
50,31,137525,forward,e,-,14562,14562.0,0.0,0.7053843592212161,0.0707623339942073,0.588430448155029,0.8092226590943428,0.22079221093931378,0.5640294022868017,0.8251055415262796,0.2610761392394779,-0.09933774620401897,0.162299693615939,0.18670073948416632,nan,nan
50,32,204761,forward,e,-,11416,11416.0,0.0,0.3854756941724814,0.08932057204170721,0.24824307643351354,0.4909824102535458,0.24273933382003224,0.17216735158438884,0.49849378612318324,0.3263264345387944,-0.31014251090145456,0.16044060749099956,0.23651633234012426,nan,nan
50,33,183865,forward,e,-,9593,9593.0,0.0,0.7022002288161368,0.09999421238231683,0.5281992922884243,0.8411255298466485,0.31292623755822413,0.5170257018338944,0.8524684289341046,0.33544272710021017,-0.1649875215793421,0.18493556127150743,0.19610915172603738,nan,nan
50,34,105411,forward,e,-,143,143.0,0.0,0.5024767222947376,0.12805876115118456,0.30121490116635624,0.7198413052622719,0.4186264040959156,0.21115018258522028,0.7324631507905139,0.5213129682052937,-0.029833041006558307,0.4242576622989835,0.5143223808801194,nan,nan
50,35,211735,forward,e,-,6832,6832.0,0.0,0.4014704890005527,0.11882296412260439,0.24383223471499033,0.6315384523005321,0.38770621758554175,0.17140178779317194,0.8535837771648843,0.6821819893717124,0.8240263973367575,0.2419234199715961,0.43495233802908184,nan,nan
50,36,65332,forward,e,-,7072,7072.0,0.0,0.46392598957951625,0.10131439718524793,0.3794504051653617,0.6607997903731462,0.28134938520778446,0.17439983345321158,0.6807814513305884,0.5063816178773768,0.14566759067803034,0.2400733589947244,0.2594280353013153,nan,nan
50,37,36132,forward,e,-,736,736.0,0.0,0.4865610108157217,0.16807676091215268,0.21592323560497323,0.7222970591908385,0.5063738235858652,0.16971236327555636,0.8940264165846149,0.7243140533090585,-0.06754885884968533,0.27945514332029586,0.4033703927908172,nan,nan
50,38,33139,forward,e,-,881,881.0,0.0,0.5986989537391253,0.17141912514718183,0.33003597500558357,0.8873618974317772,0.5573259224261936,0.1708617994619956,0.8952125964134294,0.7243507969514338,-0.027280157608618124,0.3200041506543949,0.4791783261979829,nan,nan
50,39,150087,forward,e,-,44,44.0,0.0,0.5004192281091087,0.15242362666797743,0.22594211833189293,0.6964331014692121,0.4704909831373192,0.1698141830836259,0.7143225550053446,0.5445083719217187,-0.21848002735894795,0.32494021562342257,0.3810681508716896,nan,nan
50,40,175666,forward,e,-,3006,3006.0,0.0,0.36326827230459646,0.14209271064154438,0.2378401876243828,0.6994424295730868,0.461602241948704,0.17117027507337262,0.748162550266254,0.5769922751928813,0.7589564113188397,0.4353994119378197,0.4841195326309869,nan,nan
50,41,205459,forward,e,-,1722,1722.0,0.0,0.5066576080672902,0.13579918239804015,0.2508268133445397,0.7257477897661755,0.4749209764216358,0.1713813094736515,0.7438107672148562,0.5724294577412047,-0.24549843281116435,0.35455344968297886,0.4339989535538671,nan,nan
50,42,162438,forward,e,-,14888,14888.0,0.0,0.3974589571612067,0.039119529935575506,0.32872108014317314,0.45604810207517854,0.1273270219320054,0.30848102168380354,0.4702112271240447,0.16173020544024114,-0.15946755123082065,0.08659916745484807,0.10683922591421768,nan,nan
50,43,155954,forward,e,-,2435,2435.0,0.0,0.4942602356312765,0.14512090701400196,0.24889520539439824,0.7269589278110693,0.47806372241667106,0.17049289640178886,0.7457607260053382,0.5752678296035493,-0.03969250287529579,0.25249962346558186,0.3309019324581912,nan,nan
50,44,39623,forward,e,-,101,101.0,0.0,0.5007548338501066,0.15249275872373366,0.23817071737185638,0.7068137199676471,0.4686430025957907,0.20496950297464175,0.7249603188597574,0.5199908158851156,-0.3449117075766038,0.46263689806720465,0.4958381124644192,nan,nan
50,45,126320,forward,e,-,470,470.0,0.0,0.46070226949025,0.16096194828096844,0.20888380319990504,0.724331820758084,0.5154480175581789,0.17153859831983675,0.8953187299807968,0.72378013166096,0.5489833699990654,0.3282439999591787,0.374221026569159,nan,nan
50,46,195939,forward,e,-,13105,13105.0,0.0,0.3508882602890263,0.0709919336332336,0.25654567852912724,0.4732814311317221,0.21673575260259487,0.1753869892401037,0.4846267496942522,0.30923976045414847,0.011280038984119216,0.13448326974708222,0.21564195903610583,nan,nan
50,47,61183,forward,e,-,5260,5260.0,0.0,0.49996464422545284,0.07649804535475101,0.2970088075242304,0.5378558567056372,0.24084704918140676,0.2771265440012598,0.5562090261526239,0.2790824821513641,-1.1554373524861168,0.21500144069238206,0.23488370421535265,nan,nan
50,48,23834,forward,e,-,2000,2000.0,0.0,0.5526578922503346,0.1271529104621991,0.3596689466856398,0.7401619143533061,0.3804929676676663,0.16987312589813894,0.7778951770981969,0.6080220512000579,-0.272549747089941,0.2314316186326944,0.42122743942019525,nan,nan
50,49,209797,forward,e,-,8030,8030.0,0.0,0.3733325397238736,0.08782101179745593,0.23147807796101022,0.48984900008788723,0.258370922126877,0.1716128968919359,0.5000361605784878,0.32842326368655184,-0.24918184731950802,0.18380414216741534,0.24366932323649002,nan,nan
50,0,120085,forward,w,deg,12103,12103.0,0.0,-0.2933966744149359,4.4117975429350516,-6.759126150891348,7.5466033450277,14.305729495919048,-9.258639105422418,10.22216218797297,19.480801293395388,0.16515055032855894,8.262491665859384,10.88130763427958,168.801419951475,0.997038661456932
50,1,18323,forward,w,deg,2,2.0,0.0,0.0,7.781846665737305,-7.003661999163574,7.003661999163574,14.007323998327148,-7.781846665737305,7.781846665737305,15.56369333147461,nan,14.78550866490088,15.56369333147461,120.85245912956842,0.9907907902476449
50,2,191834,forward,w,deg,241,241.0,0.0,-3.7362317189062537,110.93475080905084,-177.749712255466,176.64386848106108,354.39358073652704,-179.97788673522516,179.6209692365245,359.5988559717497,0.06654625537371607,175.28761062906156,179.7829516672165,200.40037961394555,0.16454817673986352
50,3,21848,forward,w,deg,1243,1243.0,0.0,-0.15712414080718418,75.11250121580592,-170.76614214983758,169.66252549005404,340.4286676398916,-179.99459113805918,179.74285138341554,359.7374425214747,-0.10127681805108182,175.47307815255036,179.94095961990587,268.35866708380786,0.6088803797486598
50,4,166688,forward,w,deg,37,37.0,0.0,0.6939299775825134,102.7375629726674,-175.92977750059922,178.00943024678847,353.9392077473877,-179.12037653954718,179.06660465513238,358.18698119467956,0.004253145701781324,178.20841642940218,179.39205669841192,162.8725680666713,0.2958096431953461
50,5,16122,forward,w,deg,11334,11334.0,0.0,-0.4454088910646874,4.684219452471583,-6.557038139948764,8.24985406026541,14.806892200214174,-7.129232391831806,12.469530155711823,19.59876254754363,0.369302428895719,10.0084796773799,14.228155772826312,296.5387245427087,0.996662152864395
50,6,68933,forward,w,deg,8449,8449.0,0.0,-0.7235997367460811,48.03019589970942,-171.22592037767504,14.520136660059864,185.74605703773491,-177.75866949141874,19.486534231392113,197.24520372281086,-2.909325983721143,175.8895678203389,179.99236608820016,197.16817400499085,0.8276892108076788
50,7,20953,forward,w,deg,1672,1672.0,0.0,-1.1709060173037642,54.338068536791624,-12.805206516070209,171.05906172895507,183.86426824502527,-179.6049348723643,179.80844356222497,359.4133784345893,1.827057588754139,169.90212783043822,179.81472152870333,160.3863603166714,0.7837512786537788
50,8,150972,forward,w,deg,220,220.0,0.0,4.282554608918119,89.77495359366291,-173.46480326028927,21.40907106574316,194.87387432603242,-179.7771848537833,179.62705237182564,359.40423722560894,-0.19204314162413913,177.87966226023298,179.89818075220734,57.0966097480478,0.17867180267064214
50,9,135518,forward,w,deg,6,6.0,0.0,-2.7408746283018957,62.88339977965959,-17.42172409659743,126.12173603753781,143.54346013413524,-20.87123845218545,162.76654776487032,183.63778621705578,2.289801053384606,174.73159253588406,176.3622137829442,244.5584293596927,0.654955637544148
50,10,34109,forward,w,deg,2879,2879.0,0.0,-0.4163456297629864,9.94493558398997,-15.389713496524251,17.17875991580082,32.568473412325076,-18.27101775903901,23.07151916738161,41.34253692642062,0.17434390919305928,29.562658713415953,35.45541796499674,332.7204452004863,0.9850178822480895
50,11,74050,forward,w,deg,4618,4618.0,0.0,0.24949134937044448,31.656134343867286,-11.704788808491566,11.215985842690026,22.920774651181592,-179.92138750850935,179.93119505899517,359.85258256750456,-1.4076298815625579,16.784465043819317,179.88066761092784,204.7310474597294,0.9277434011184543
50,12,147104,forward,w,deg,3217,3217.0,0.0,-0.8239422288527862,78.48063889195993,-161.11063812726172,170.79149575053734,331.9021338777991,-179.1903303454095,179.85146332381169,359.0417936692212,0.33361974065472944,173.48079646149333,179.99510711352116,273.351755192798,0.5476331709469778
50,13,163834,forward,w,deg,6163,6163.0,0.0,-2.6865001840113223,101.28623233219766,-176.84449474405656,176.08702814253644,352.93152288659303,-179.9896760398736,179.99848150860407,359.98815754847766,-0.0050160575948389645,178.25630540093138,179.9843945278888,41.22493038594814,0.3161719833949434
50,14,107650,forward,w,deg,688,688.0,0.0,8.021265356592608,85.70863535632797,-166.90799515652202,27.506654168936564,194.41464932545858,-177.5269786631525,37.41622716874912,214.94320583190162,-0.33513020311480973,178.36567307300174,179.99766998828065,326.50067208746145,0.17549475416032115
50,15,206248,forward,w,deg,51,51.0,0.0,0.2897377932070526,100.47024046693645,-173.36774472746592,175.7349637619462,349.1027084894121,-178.4886105141386,178.55831126792697,357.04692178206557,0.028972179591596068,178.2683262659742,179.6095499209501,106.22820478324235,0.25551166468705905
50,16,181737,forward,w,deg,10,10.0,0.0,18.8683157490658,80.08885418323496,-136.3670386563046,42.2873044772053,178.6543431335099,-137.47646644959238,45.120374678445444,182.59684112803782,-0.45309251287000446,157.13489268527286,158.24432047856064,180.08001091873382,0.24139341180001697
50,17,131983,forward,w,deg,5,5.0,0.0,0.626613768483594,3.8437694139482224,-4.376166937657979,5.023772548481713,9.399939486139692,-4.470707340821548,5.758127097951331,10.228834438772878,0.24610186596648212,9.49447988930326,10.228834438772878,268.39037338464345,0.9977510762171222
50,18,157143,forward,w,deg,463,463.0,0.0,-0.7286990061577399,82.46752579898576,-177.76344326847197,170.7954060866227,348.5588493550947,-179.82612091278457,179.62917052139073,359.4552914341753,-0.3827681985749649,178.66481934796457,179.9955867207442,30.382800421393576,0.5210381955514114
50,19,57466,forward,w,deg,8022,8022.0,0.0,-0.09334547989209341,55.23861744852255,-163.6997314873673,8.506699002058209,172.20643048942551,-179.92411689919072,179.8877058164594,359.8118227156501,-0.3186565891537847,170.29985422961408,179.95494084176028,167.07201177502114,0.7886899818392408
50,20,46106,forward,w,deg,6966,6966.0,0.0,0.9755932366466311,5.598688813252801,-9.774930708977848,8.263315147621412,18.03824585659926,-11.669527452714874,11.429697948036562,23.099225400751436,-0.2751001644255209,10.065265217791122,11.731443094849055,302.38025637494405,0.9952336449486368
50,21,45927,forward,w,deg,2859,2859.0,0.0,0.5422107391607653,83.92747405862158,-176.86165006216322,176.33734529952017,353.1989953616834,-179.98380832883754,179.99769331626976,359.9815016451073,-0.2803920280983953,178.2066708310268,179.99486671637635,231.77888985304602,0.5167813725747749
50,22,30090,forward,w,deg,121,121.0,0.0,13.612792752131156,84.10566427086471,-160.33838603246852,31.156319224613412,191.49470525708193,-173.94068068975872,39.64307596060087,213.5837566503596,-0.3633658344758781,177.57382492912086,179.98642940686625,25.157899021369115,0.1955387836939586
50,23,209561,forward,w,deg,4334,4334.0,0.0,-4.244344629482299,100.68899444826486,-176.0275096910885,175.05648546643323,351.0839951575217,-179.98136659852946,179.99973609562238,359.98110269415184,-0.007033200782367023,174.81240153570465,179.96377089833913,49.86042810456945,0.30444040879464856
50,24,69805,forward,w,deg,5778,5778.0,0.0,-0.4570071717826636,36.56041115934902,-10.015675905948322,11.886287283497227,21.90196318944555,-179.8905149716539,179.8957828314305,359.7862978030844,-0.9840316607413492,15.932704471497146,179.9889071580334,191.27770734204367,0.9057854773682977
50,25,74825,forward,w,deg,4469,4469.0,0.0,0.7068238960681299,83.51317136367858,-176.61419424169293,176.85103837326568,353.4652326149586,-179.99384785730652,179.9984012521619,359.9922491094684,-0.2867381800467362,178.35447265851622,179.9936425013434,217.5097877214775,0.5239484668894205
50,26,202072,forward,w,deg,1928,1928.0,0.0,-5.9360769566361995,85.5831327394668,-172.6528180494471,34.08723488677918,206.74005293622628,-179.74028372494678,179.9434324363366,359.68371616128337,-0.45999261222436316,172.5245728426025,179.960687362224,70.70015679463711,0.28069827083415416
50,27,89065,forward,w,deg,24,24.0,0.0,1.4490593489684187,94.6215036399604,-169.34124909883775,150.02123451085157,319.3624836096893,-175.7040255197331,175.42909837136392,351.13312389109706,-0.06924446520074391,173.06878931616524,179.4315657370606,180.46710719114606,0.333973647223258
50,28,152444,forward,w,deg,2507,2507.0,0.0,2.12518682183304,83.29518459440041,-167.3274705540761,170.74088489598842,338.0683554500645,-179.97323789428643,179.96671411763168,359.9399520119181,-0.2576370583601308,174.93249957758036,179.98363245529703,281.0175018982645,0.4853355710001769
50,29,149492,forward,w,deg,297,297.0,0.0,1.37020225231322,98.03609178767783,-174.07968019317252,176.38942950232794,350.4691096955005,-179.8353724461087,179.57189334607352,359.4072657921822,-0.005909408589980252,178.0374557417348,179.93248145092832,46.115029232636346,0.3094098887583703
50,30,206040,forward,w,deg,1056,1056.0,0.0,25.934420549524702,86.29178232473396,-144.58089387305336,44.59008065661814,189.1709745296715,-152.9952007965315,51.616926246825074,204.61212704335657,-0.15910985693267224,175.01283819207362,179.96161681898207,290.845231305836,0.1019741565878428
50,31,137525,forward,w,deg,14562,14562.0,0.0,-0.26995660958273504,3.6896478163341406,-5.313733615831498,6.515877638207003,11.8296112540385,-5.8491682044326865,9.597271081856576,15.446439286289262,0.3335417424617537,7.183182520085156,10.264575963734728,156.7256123260674,0.9979281421567123
50,32,204761,forward,w,deg,11416,11416.0,0.0,-0.4417540564611926,4.235889491914256,-5.9103083429388334,6.392406426317329,12.302714769256163,-10.38961503888558,28.879582111552907,39.26919715043849,1.234358578733017,8.907141671234285,31.394317356469884,12.999478588686623,0.997276911423967
50,33,183865,forward,w,deg,9593,9593.0,0.0,-0.25363446870753137,5.362623822730255,-9.102224275466853,9.207992094555042,18.310216370021895,-12.482793965688273,13.535664088827332,26.018458054515605,0.08360193273891674,14.35186394232952,18.67953593660181,181.71989515317023,0.9956280903206425
50,34,105411,forward,w,deg,143,143.0,0.0,6.406330743155536,87.74629186843453,-169.27620063252115,28.420250244479583,197.69645087700073,-175.73368085150014,39.90829112187396,215.6419719733741,-0.23596776352293802,178.85722028008374,179.98550245504333,74.78965670055547,0.12171420216079039
50,35,211735,forward,w,deg,6832,6832.0,0.0,-1.6866654133418422,58.835412782650685,-171.70512593526385,172.85115457351642,344.5562805087803,-177.30261019101806,179.01681334430714,356.3194235353252,0.029771468325245697,176.69716947315206,179.99780611325423,31.56288269470382,0.7673719763925022
50,36,65332,forward,w,deg,7072,7072.0,0.0,-0.4823874553888885,40.91017057939783,-7.85333922893347,10.34464874464434,18.19798797357781,-179.9586169646784,179.9197967177031,359.8784136823815,-0.6329778334088174,163.9269790743233,179.81826017464192,178.95046528277973,0.8837473959179216
50,37,36132,forward,w,deg,736,736.0,0.0,0.6776860458192289,82.97123170252428,-172.9307266949187,17.39403582195368,190.32476251687237,-179.90304112735163,178.66252302167845,358.5655641490301,-0.625177980479067,178.60654366961353,179.98111959376178,307.18759516059674,0.3401596459616939
50,38,33139,forward,w,deg,881,881.0,0.0,-0.8161947317831277,58.214332831688886,-158.68015913218252,159.5976816389844,318.2778407711669,-179.77669346533696,179.29057405909379,359.06726752443075,0.1061843522784317,170.91551898766852,179.7304359214951,294.1835824321993,0.7628075998782856
50,39,150087,forward,w,deg,44,44.0,0.0,1.7361385570630716,101.25030151612852,-178.51333881305325,175.6158762335221,354.1292150465754,-179.85970682935715,177.96934795532957,357.8290547846867,-0.0060041906860540525,178.32787794995173,179.15138681424173,143.23380984246526,0.3162418147884899
50,40,175666,forward,w,deg,3006,3006.0,0.0,-4.402806627802789,88.06627016926038,-174.0839607319737,37.341257087935084,211.42521781990877,-179.88387773469742,179.90536981409343,359.78924754879085,-0.33676114803329205,175.8122133234919,179.99701947132075,56.95959966330287,0.30313260722221846
50,41,205459,forward,w,deg,1722,1722.0,0.0,11.397558153420022,84.81324890122005,-161.78446708223882,25.164952878300497,186.94941996053933,-178.8518254199789,178.49443788205355,357.3462633020324,-0.3661078919600851,173.31147811519006,179.70759820687567,294.14569674430714,0.200356868249267
50,42,162438,forward,w,deg,14888,14888.0,0.0,-0.3658224468156277,3.1286801205164716,-4.304536598699551,5.9673946754742175,10.271931274173769,-4.728932626883932,8.069414237717126,12.798346864601058,0.5067904865074478,6.603455622217034,8.705475184459942,355.21602701854636,0.9985100069790892
50,43,155954,forward,w,deg,2435,2435.0,0.0,6.459212989386742,84.97338162898558,-168.45527980027748,18.25552444114146,186.71080424141894,-178.79265729511638,178.36735021318503,357.1600075083014,-0.43871861304319426,178.49261651984526,179.99816799199,286.81401650224785,0.2376316859333538
50,44,39623,forward,w,deg,101,101.0,0.0,2.7177476930403373,107.87342718692051,-176.08207367318187,173.03228834476107,349.11436201794294,-179.9672358163449,176.51891214977087,356.48614796611577,0.17496719141179193,177.3550345333611,179.95957421191383,61.109349152561464,0.0957804845339202
50,45,126320,forward,w,deg,470,470.0,0.0,4.518707978593795,92.77203015309041,-174.90508751216606,27.740812577631342,202.6459000897974,-179.86973148080546,179.7997266667412,359.66945814754666,-0.0220566143837508,177.84105613934213,179.9661351445269,348.49169017309396,0.09812403587049513
50,46,195939,forward,w,deg,13105,13105.0,0.0,0.06141118463563089,3.410068320394724,-5.40788814636353,5.35101623135231,10.75890437771584,-7.267277355798228,13.63238908543039,20.899666441228618,0.15913189425593563,6.931867708316935,15.213240562395015,3.65804917552396,0.9982302302567131
50,47,61183,forward,w,deg,5260,5260.0,0.0,-1.1833843360223284,5.843263273336526,-7.770540094209486,11.012430194599201,18.782970288808688,-9.354228322900212,18.14075051831412,27.494978841214333,0.6821836237585834,10.236667156183149,16.877370338403637,316.50642244379554,0.994812163226853
50,48,23834,forward,w,deg,2000,2000.0,0.0,0.45066247009499705,82.02861564857258,-176.20758500212747,176.41924282135474,352.62682782348224,-179.989992156533,179.91670066260428,359.9066928191373,-0.08133932346424516,178.04212558667805,179.99822110072148,248.73335648392577,0.5530779178584098
50,49,209797,forward,w,deg,8030,8030.0,0.0,-0.8804364177188688,6.257173060276336,-7.925930810534569,9.552398827377766,17.478329637912335,-10.626803968375327,37.38718981984792,48.013993788223246,1.9675675549162694,12.586889143527396,40.421680135997576,22.122488621117917,0.9940971829231812
