N=194058, N_branch=500, dt_b=-0.0001, dt_f=0.0001, rtol=1e-9
T_min=0, T_max_b=-6.283185307179586, T_max_f=12.566370614359172, ZOOM=True
Features: normalized position, unit tangent and residence time blocks.
OE event: first outward crossing of 2.5 lunar SOI along each integration direction, before any detected collision.
Frame: geocentric inertial axes coincident with synodic axes at t=0.
STD: ddof=0; w statistics use offsets from the cluster circular mean (angle_origin_deg).
angle_resultant: 1=concentrated directions; 0=no defined mean direction. Broad angular clouds require caution with linearized moments.
NaN: missing event, undefined parameter/statistic, or missing representative parameter.

K=10, STD=0.01732555745
n = trajectories per cluster; conditions overlap.
n = 1: clusters=0/10 (0.00%); trajectories=0/194058 (0.00%)
n < 10: clusters=0/10 (0.00%); trajectories=0/194058 (0.00%)
n < 100: clusters=0/10 (0.00%); trajectories=0/194058 (0.00%)

K=10, phase=backward, parameter=eps [km^2/s^2]
cluster representative_source n_cluster n_valid n_missing median std p05 p95 width90 minimum maximum range skewness error95 error_max angle_origin_deg angle_resultant
0 181750 47920 47920 0 -0.1268624255 0.03958484292 -0.1951428891 -0.07214178157 0.1230011075 -0.231885591 -0.05881779331 0.1730677977 -0.2012175919 0.06673115148 0.1001899529 nan nan
1 160930 2213 2213 0 -0.1891160267 0.1485722158 -0.2581729977 -0.1144641662 0.1437088315 -1.017669023 -0.04380722131 0.973861802 -4.083612594 0.1367771964 0.8277779123 nan nan
2 31229 4929 4929 0 -0.8340899869 0.05005670683 -0.971691821 -0.8125726177 0.1591192033 -1.020836128 -0.8062084723 0.214627656 -1.233565576 0.1412718929 0.1904162003 nan nan
3 18261 17104 17104 0 -0.9046097251 0.0394933829 -0.9830975392 -0.8570228007 0.1260747385 -0.9915968795 -0.8455281707 0.1460687089 -0.3871236783 0.0680168853 0.07609222085 nan nan
4 216018 8846 8846 0 -0.1866412488 0.05754018777 -0.2525795655 -0.05704691204 0.1955326535 -0.2582250091 -0.04391779137 0.2143072177 0.5955509429 0.1180951884 0.131224309 nan nan
5 56494 18771 18771 0 -0.8653368355 0.02426489885 -0.9018020238 -0.8214332798 0.08036874396 -0.9749900021 -0.8063623697 0.1686276324 0.2224321165 0.05132692856 0.1026400909 nan nan
6 168099 9888 9888 0 -0.187254952 0.04483173043 -0.2554878784 -0.1125023516 0.1429855268 -0.2593276385 -0.0613479254 0.1979797131 0.007860669908 0.08007844747 0.1312328737 nan nan
7 148986 58713 58713 0 -0.2094101114 0.0350063545 -0.2464195337 -0.1361768384 0.1102426954 -0.2581106156 -0.1181607648 0.1399498508 0.5161993763 0.07597142759 0.09398750115 nan nan
8 78072 15687 15687 0 -0.9379211104 0.02132762455 -0.9700138787 -0.9074126708 0.06260120794 -1.020739299 -0.8379491244 0.1827901746 0.5985698374 0.05255630394 0.1219849846 nan nan
9 90582 9987 9987 0 -0.9778494025 0.04058683241 -1.003145312 -0.8743099304 0.1288353818 -1.008654727 -0.8065371397 0.2021175874 1.466697305 0.117398871 0.1851716616 nan nan

K=10, phase=backward, parameter=e [-]
cluster representative_source n_cluster n_valid n_missing median std p05 p95 width90 minimum maximum range skewness error95 error_max angle_origin_deg angle_resultant
0 181750 47920 47920 0 0.6966135158 0.09657687784 0.5278327921 0.8280447895 0.3002119974 0.430304744 0.8598376402 0.4295328961 -0.232343954 0.1630720743 0.2548804603 nan nan
1 160930 2213 2213 0 0.5433192847 0.1211849394 0.3620581969 0.7264546965 0.3643964996 0.1766930037 0.8956261106 0.7189331069 0.04397547138 0.2004961909 0.3643441442 nan nan
2 31229 4929 4929 0 0.2497682056 0.09876937067 0.1887338282 0.5032901938 0.3145563656 0.168193931 0.5729713754 0.4047774444 0.9938119479 0.2629068344 0.332588016 nan nan
3 18261 17104 17104 0 0.3939343779 0.06845231849 0.3014446664 0.5200248257 0.2185801593 0.2759808255 0.5323640389 0.2563832134 0.2308802567 0.1152047796 0.1370728765 nan nan
4 216018 8846 8846 0 0.5495338364 0.144099439 0.3730901406 0.8640779284 0.4909877878 0.3566637373 0.8953605839 0.5386968467 0.5117407432 0.285164054 0.3164467096 nan nan
5 56494 18771 18771 0 0.3198830065 0.05238245846 0.2158190701 0.3896561989 0.1738371288 0.168591401 0.508204182 0.3396127809 -0.5484353587 0.1186819703 0.1738509701 nan nan
6 168099 9888 9888 0 0.5478616795 0.1141071857 0.3645848257 0.73122923 0.3666444043 0.3533386986 0.8538741339 0.5005354353 -0.07460806192 0.1969531982 0.3195981022 nan nan
7 148986 58713 58713 0 0.4909557624 0.08965498592 0.3909252304 0.6738402931 0.2829150627 0.35695268 0.7175385073 0.3605858273 0.4537763174 0.1904535546 0.2341517689 nan nan
8 78072 15687 15687 0 0.4509489253 0.03549017054 0.399670119 0.5008162829 0.101146164 0.2593354528 0.5728514127 0.3135159598 -1.003045081 0.08591258263 0.2262353588 nan nan
9 90582 9987 9987 0 0.5123496972 0.06842659736 0.3378025684 0.5486749157 0.2108723473 0.1693191876 0.5563450703 0.3870258827 -1.82244565 0.1947901171 0.3632734978 nan nan

K=10, phase=backward, parameter=w [deg]
cluster representative_source n_cluster n_valid n_missing median std p05 p95 width90 minimum maximum range skewness error95 error_max angle_origin_deg angle_resultant
0 181750 47920 47920 0 -0.7778838192 4.865121396 -6.096729923 11.38765538 17.4843853 -7.645755836 15.92305254 23.56880837 1.264772522 16.73315398 21.26855113 20.92617163 0.9964049398
1 160930 2213 2213 0 -0.9111820789 33.87873841 -8.46673235 10.35078217 18.81751453 -179.6175364 177.7189919 357.3365283 2.492852224 15.29491456 179.9994481 26.01937945 0.9179925483
2 31229 4929 4929 0 1.619907546 9.218359346 -12.90791635 13.59211426 26.5000306 -32.36340358 16.49449029 48.85789387 -0.772554924 19.98143597 39.4369232 203.8601516 0.9871671387
3 18261 17104 17104 0 -0.386357001 4.509220184 -6.412784829 7.015250888 13.42803572 -8.242992233 22.29846428 30.54145651 0.9745616996 8.849181561 24.13239495 189.4479033 0.9969113527
4 216018 8846 8846 0 1.095560123 7.595962954 -10.71330777 13.49788532 24.2111931 -11.4082143 14.61689941 26.02511371 0.2434646765 21.266634 22.38564808 22.023321 0.9912377831
5 56494 18771 18771 0 0.2577304281 7.534068957 -9.800681128 11.88199666 21.68267778 -34.50243898 14.2737737 48.77621268 -1.372120597 15.61254733 40.31430519 205.9548446 0.9914503906
6 168099 9888 9888 0 -1.164050452 4.982771974 -6.278273319 10.43523539 16.71350871 -15.29308252 11.0584135 26.35149602 0.806574634 10.68712521 15.11308364 25.88075433 0.9962260193
7 148986 58713 58713 0 0.5375990024 4.158532398 -8.530224723 5.646852429 14.17707715 -15.14328589 8.691733889 23.83501978 -0.6988444253 12.85359613 19.4666573 27.65575883 0.9973698314
8 78072 15687 15687 0 -0.347537521 5.37172403 -7.790160982 9.404425629 17.19458661 -27.01485125 19.60530861 46.62015986 0.2909887134 11.0045208 25.59287114 200.6106627 0.9956167684
9 90582 9987 9987 0 -1.672827365 10.3839142 -13.14569692 21.15908352 34.30478044 -14.17226844 25.75356632 39.92583476 0.6976592456 19.33492264 23.92940544 194.2977275 0.9836967546

K=10, phase=forward, parameter=eps [km^2/s^2]
cluster representative_source n_cluster n_valid n_missing median std p05 p95 width90 minimum maximum range skewness error95 error_max angle_origin_deg angle_resultant
0 181750 47920 47920 0 -0.1284283977 0.04146333117 -0.1980216173 -0.07256937494 0.1254522423 -0.2587671269 -0.05885393284 0.199913194 -0.3170381433 0.0733191857 0.1340646953 nan nan
1 160930 2213 2213 0 -0.2568896732 0.3554814254 -0.9654144078 -0.1158355165 0.8495788913 -1.020582924 -0.04380055914 0.9767823647 -0.06985213599 0.8378396496 0.8930081656 nan nan
2 31229 4929 4929 0 -0.2134671131 0.3575322993 -0.9070927873 -0.05288036621 0.8542124211 -1.020384954 -0.04389160369 0.9764933502 -0.1143195297 0.766342789 0.8796349556 nan nan
3 18261 17104 17104 0 -0.9578666484 0.03713329347 -1.00047939 -0.8854113209 0.1150680693 -1.008564402 -0.8473067712 0.1612576305 0.4095961061 0.06486789707 0.1029724468 nan nan
4 216018 8846 8846 0 -0.8437205241 0.04317143498 -0.9627155278 -0.8130923581 0.1496231696 -1.020820046 -0.8067544424 0.2140656036 -1.356171985 0.133191877 0.1912963951 nan nan
5 56494 18771 18771 0 -0.2248127385 0.2080919893 -0.893030635 -0.1527229583 0.7403076767 -1.020656292 -0.07493086741 0.9457254241 -2.617739194 0.6660975947 0.7937232512 nan nan
6 168099 9888 9888 0 -0.1769941611 0.0858059984 -0.2521817079 -0.1114068091 0.1407748988 -1.020807534 -0.0678054649 0.9530020692 -6.909111049 0.07582482981 0.8342948044 nan nan
7 148986 58713 58713 0 -0.9015231566 0.03973265455 -0.9620599041 -0.8403471501 0.121712754 -0.9809766924 -0.8071892914 0.173787401 0.1080518732 0.07589969397 0.09270741361 nan nan
8 78072 15687 15687 0 -0.1995036355 0.2118548603 -0.8938958979 -0.1293897831 0.7645061148 -0.9784930171 -0.1179166154 0.8605764017 -2.672273072 0.6984787476 0.7830758667 nan nan
9 90582 9987 9987 0 -0.8904334328 0.03604230147 -0.9698258158 -0.8527961125 0.1170297033 -0.9852186064 -0.8124351423 0.1727834641 -0.6400517483 0.06825738853 0.09040635698 nan nan

K=10, phase=forward, parameter=e [-]
cluster representative_source n_cluster n_valid n_missing median std p05 p95 width90 minimum maximum range skewness error95 error_max angle_origin_deg angle_resultant
0 181750 47920 47920 0 0.6928875715 0.1016384493 0.5206212112 0.8270159499 0.3063947387 0.3550405676 0.8597500074 0.5047094398 -0.3726386674 0.1814747504 0.3470553939 nan nan
1 160930 2213 2213 0 0.4821415065 0.1611503837 0.2264535993 0.7231820581 0.4967284588 0.1698141831 0.8956399398 0.7258257567 0.2872827058 0.4683853768 0.525024793 nan nan
2 31229 4929 4929 0 0.4854386802 0.2350451966 0.1932458598 0.8740274301 0.6807815703 0.1697123633 0.8954250633 0.7257127 0.234531564 0.4693217313 0.4928552278 nan nan
3 18261 17104 17104 0 0.4820902127 0.05999766325 0.3584643663 0.5449437127 0.1864793464 0.2816146502 0.5562090262 0.274594376 -0.528963866 0.1117018954 0.1885516115 nan nan
4 216018 8846 8846 0 0.2724544526 0.08471098076 0.1905808455 0.4897010009 0.2991201554 0.1700181651 0.5729557573 0.4029375922 1.00317509 0.252360103 0.3356148594 nan nan
5 56494 18771 18771 0 0.4577059812 0.09055205343 0.3616697984 0.6334666035 0.2717968051 0.1685723685 0.8215002751 0.6529279066 0.2441157085 0.1942849474 0.3761316715 nan nan
6 168099 9888 9888 0 0.5735427129 0.1050321325 0.3822780826 0.7338407689 0.3515626863 0.1700666531 0.8384885339 0.6684218808 -0.2997789477 0.1893365214 0.3795638554 nan nan
7 148986 58713 58713 0 0.3891360549 0.07408646519 0.2644442004 0.4887858638 0.2243416634 0.1714017878 0.5165534965 0.3451517087 -0.37927323 0.1315708985 0.1934504146 nan nan
8 78072 15687 15687 0 0.5165804496 0.1009931741 0.3830990296 0.6903954347 0.3072964051 0.1690549787 0.7181299365 0.5490749578 -0.3405509554 0.1798672861 0.3578176084 nan nan
9 90582 9987 9987 0 0.3684441947 0.06435301777 0.2924927915 0.5005505318 0.2080577403 0.1898275721 0.523201918 0.3333743459 0.442821244 0.1135446831 0.2012137009 nan nan

K=10, phase=forward, parameter=w [deg]
cluster representative_source n_cluster n_valid n_missing median std p05 p95 width90 minimum maximum range skewness error95 error_max angle_origin_deg angle_resultant
0 181750 47920 47920 0 -4.272393609 20.48080708 -23.69597627 41.68936592 65.3853422 -25.48015992 91.35225316 116.8324131 0.9942393765 41.63066257 91.29354981 176.356604 0.9384935153
1 160930 2213 2213 0 7.19236569 86.66432332 -107.78712 153.4317968 261.2189168 -179.9073094 179.0446089 358.9519183 0.1052953424 172.6117074 179.8078529 98.74874838 0.1889222571
2 31229 4929 4929 0 22.27527514 78.73191941 -124.1951675 106.1509603 230.3461279 -179.6535291 179.9357284 359.5892575 -0.04512937151 167.7189962 179.6155931 232.1572673 0.2887347778
3 18261 17104 17104 0 -1.643237348 9.997040716 -12.18909186 17.43550341 29.62459527 -13.44711165 49.7196415 63.16675315 1.361130835 23.75899886 56.04313695 302.8566038 0.985004701
4 216018 8846 8846 0 -9.510081796 36.74362846 -42.47348642 68.3945462 110.8680326 -57.06313826 103.5094645 160.5726028 0.5953420908 77.41312584 112.5280442 78.20307377 0.8091178981
5 56494 18771 18771 0 -5.732980767 54.24484957 -142.9922599 63.08250838 206.0747683 -179.8406811 179.8454848 359.6861659 -0.4513461791 159.2209477 179.9845936 195.3951616 0.7225265585
6 168099 9888 9888 0 -1.832047939 30.13129186 -47.2949281 46.92886325 94.22379135 -179.9055297 88.82079937 268.7263291 -1.004383379 58.5360122 171.6714685 282.5054882 0.8836236402
7 148986 58713 58713 0 -2.83786435 16.96219036 -19.90443624 30.44940113 50.35383737 -21.58875603 103.7707953 125.3595513 1.372585951 50.87143866 124.1928328 12.07585042 0.958078047
8 78072 15687 15687 0 -2.952055513 47.16720404 -126.2503114 49.96737129 176.2176827 -179.9317199 179.7359825 359.6677023 -0.8833002212 133.2954473 179.9952685 186.4102998 0.7740405778
9 90582 9987 9987 0 -2.974217142 20.16775117 -23.41979725 40.23579591 63.65559316 -24.9630347 82.83840623 107.8014409 0.8917690867 44.00818394 86.61079426 314.4103347 0.9401998178

K=12, STD=0.01690745955
n = trajectories per cluster; conditions overlap.
n = 1: clusters=0/12 (0.00%); trajectories=0/194058 (0.00%)
n < 10: clusters=0/12 (0.00%); trajectories=0/194058 (0.00%)
n < 100: clusters=0/12 (0.00%); trajectories=0/194058 (0.00%)

K=12, phase=backward, parameter=eps [km^2/s^2]
cluster representative_source n_cluster n_valid n_missing median std p05 p95 width90 minimum maximum range skewness error95 error_max angle_origin_deg angle_resultant
0 181750 47919 47919 0 -0.1268626769 0.03958639513 -0.1951430916 -0.07214173471 0.1230013569 -0.231885591 -0.05881779331 0.1730677977 -0.2013349315 0.06673115496 0.1001899529 nan nan
1 161219 2228 2228 0 -0.1881952587 0.1142537958 -0.2569625864 -0.1144400622 0.1425225242 -1.017669023 -0.04380722131 0.973861802 -5.117187989 0.08355379513 0.8274780975 nan nan
2 29632 4602 4602 0 -0.8323437667 0.04933463182 -0.9688908181 -0.8120693715 0.1568214466 -1.020836128 -0.8062084723 0.214627656 -1.274941557 0.141087372 0.1930326823 nan nan
3 18261 17002 17002 0 -0.9043494745 0.03932473387 -0.9826920324 -0.8569637564 0.1257282759 -0.9913826165 -0.8455281707 0.1458544458 -0.3915717608 0.06773532849 0.07587795784 nan nan
4 215659 8885 8885 0 -0.1868321869 0.05742156584 -0.2525565307 -0.05707504693 0.1954814838 -0.2582250091 -0.04391779137 0.2143072177 0.6001333969 0.1167778826 0.1299351381 nan nan
5 50510 9933 9933 0 -0.8645889045 0.02527226142 -0.9015326795 -0.8147787472 0.08675393235 -0.9754363726 -0.8065266032 0.1689097694 0.2392351734 0.054751275 0.1064304205 nan nan
6 167815 9875 9875 0 -0.1872109313 0.04483621615 -0.2554921678 -0.1124973413 0.1429948266 -0.2593276385 -0.0613479254 0.1979797131 0.006658081158 0.07978907381 0.1309384897 nan nan
7 148986 58633 58633 0 -0.2094426635 0.0350055007 -0.2464227095 -0.136201397 0.1102213125 -0.2581106156 -0.1181631242 0.1399474914 0.5165214847 0.07594686898 0.09398514176 nan nan
8 34269 8286 8286 0 -0.8669339526 0.02390229918 -0.9076107545 -0.8362795634 0.07133119116 -0.9274755119 -0.8069569272 0.1205185847 -0.1919161317 0.04150851518 0.07026953378 nan nan
9 88967 9857 9857 0 -0.9786852324 0.03819586569 -1.003186951 -0.8859633522 0.1172235987 -1.008654727 -0.8066542885 0.2020004387 1.519874802 0.1064832516 0.1857923154 nan nan
10 75698 13756 13756 0 -0.9382271078 0.01947792245 -0.9681929536 -0.9085715197 0.05962143391 -1.020739299 -0.8373061517 0.1834331473 0.3729051212 0.04954449065 0.1207551749 nan nan
11 34081 3082 3082 0 -0.9085146117 0.04740418189 -0.9773340448 -0.8275088812 0.1498251636 -1.020743755 -0.8063623697 0.2143813855 0.1761257485 0.08209617178 0.111928249 nan nan

K=12, phase=backward, parameter=e [-]
cluster representative_source n_cluster n_valid n_missing median std p05 p95 width90 minimum maximum range skewness error95 error_max angle_origin_deg angle_resultant
0 181750 47919 47919 0 0.6966098938 0.09658101828 0.5278320569 0.8280453427 0.3002132859 0.430304744 0.8598376402 0.4295328961 -0.2324834778 0.1630725247 0.2548804603 nan nan
1 161219 2228 2228 0 0.5454562923 0.1187998159 0.3652189402 0.726520357 0.3613014168 0.1950360604 0.8956261106 0.7005900503 0.1024612396 0.1935158144 0.3553478408 nan nan
2 29632 4602 4602 0 0.2451699881 0.09811594367 0.187406226 0.4990374032 0.3116311771 0.168193931 0.5729713754 0.4047774444 1.026465385 0.2654615785 0.3393955508 nan nan
3 18261 17002 17002 0 0.3934481495 0.06820765589 0.3013740654 0.519431999 0.2180579336 0.2759808255 0.5320537516 0.2560729261 0.234856944 0.115083081 0.1370728765 nan nan
4 215659 8885 8885 0 0.5491952765 0.1438031161 0.3732208423 0.8640411457 0.4908203034 0.3566637373 0.8953605839 0.5386968467 0.5160109476 0.2819211926 0.3132406308 nan nan
5 50510 9933 9933 0 0.3184110125 0.05539561854 0.1960270073 0.3892585802 0.1932315729 0.1691570339 0.5088916189 0.339734585 -0.5879064246 0.1316327637 0.1813545226 nan nan
6 167815 9875 9875 0 0.5479538783 0.1141198429 0.3645472327 0.7312452376 0.3666980049 0.3533386986 0.8538741339 0.5005354353 -0.07579874485 0.1962222912 0.3188511875 nan nan
7 148986 58633 58633 0 0.4908412062 0.0896539719 0.3909128703 0.6738294985 0.2829166282 0.35695268 0.7175378107 0.3605851307 0.4541312655 0.19044276 0.2341510722 nan nan
8 34269 8286 8286 0 0.3231177422 0.04874810402 0.2550941964 0.3997611877 0.1446669914 0.1703279039 0.4332991396 0.2629712357 0.02904069638 0.08846185939 0.1731355097 nan nan
9 88967 9857 9857 0 0.5135822008 0.06375945672 0.3604122993 0.5487386958 0.1883263964 0.1694667968 0.5563450703 0.3868782736 -1.887348341 0.1732305383 0.3641760409 nan nan
10 75698 13756 13756 0 0.4514433404 0.03198432535 0.4016878854 0.4980578608 0.09636997535 0.258109323 0.5728514127 0.3147420897 -0.6598204415 0.08105582841 0.2245791881 nan nan
11 34081 3082 3082 0 0.4013279965 0.08790715072 0.231937481 0.5116736834 0.2797362024 0.168591401 0.5728380059 0.4042466048 -0.4952936847 0.1705079548 0.2331314683 nan nan

K=12, phase=backward, parameter=w [deg]
cluster representative_source n_cluster n_valid n_missing median std p05 p95 width90 minimum maximum range skewness error95 error_max angle_origin_deg angle_resultant
0 181750 47919 47919 0 -0.777894587 4.865203781 -6.096751169 11.38776884 17.48452001 -7.645756602 15.92305177 23.56880837 1.264796567 16.7332682 21.26855113 20.92617239 0.9964048185
1 161219 2228 2228 0 -0.777077743 25.13877637 -8.128622191 10.37178229 18.50040449 -178.9674559 177.9334173 356.9008732 2.683137632 12.5269966 179.565928 25.80495401 0.9539247779
2 29632 4602 4602 0 1.536276278 9.290011241 -13.41038283 13.97277721 27.38316004 -32.02215947 16.8357344 48.85789387 -0.7487700338 20.72759421 39.33937085 203.5189075 0.9869692946
3 18261 17002 17002 0 -0.3874731588 4.49698774 -6.381412538 7.007295312 13.38870785 -8.192645796 22.29709395 30.48973974 0.9813064495 8.842596316 24.13239495 189.4492737 0.9969280923
4 215659 8885 8885 0 1.082402463 7.613604563 -10.72577629 13.50000111 24.2257774 -11.42529569 14.59981802 26.02511371 0.2459742885 21.34637852 22.44619543 22.04040239 0.9911970836
5 50510 9933 9933 0 0.5782612562 7.644646639 -11.73627221 10.83991777 22.57618998 -35.5737384 12.90129452 48.47503291 -2.326080908 14.62284395 38.46031013 207.11954 0.9912454075
6 167815 9875 9875 0 -1.164867338 4.975794609 -6.25555594 10.4349617 16.69051764 -15.29256682 11.0589292 26.35149602 0.8122237841 10.68496029 15.11300381 25.88023864 0.9962365647
7 148986 58633 58633 0 0.5362979449 4.150138235 -8.515719483 5.637994628 14.15371411 -15.06090729 8.687993146 23.74890044 -0.6984286232 12.83535015 19.38053796 27.65949958 0.9973804222
8 34269 8286 8286 0 -2.120137517 6.400504445 -7.664369823 11.71747423 19.38184405 -33.55715271 14.55170341 48.10885613 0.2065182984 16.43435307 29.00094929 205.1267585 0.9937849082
9 88967 9857 9857 0 -1.691076076 10.20254332 -12.82846585 20.70242107 33.53088692 -13.84512157 26.08071319 39.92583476 0.7136142243 18.95419338 24.33248551 193.9705806 0.9842592017
10 75698 13756 13756 0 -0.2429488038 5.085766843 -7.272624203 8.634704798 15.907329 -27.67595163 18.24055035 45.91650198 0.2470297084 11.00154743 25.44371474 201.2717631 0.9960707714
11 34081 3082 3082 0 -1.49889355 8.745400961 -7.16032382 19.86947314 27.02979696 -26.80633634 21.96987634 48.77621268 0.7281025965 23.34418522 25.44445803 198.258742 0.9884494691

K=12, phase=forward, parameter=eps [km^2/s^2]
cluster representative_source n_cluster n_valid n_missing median std p05 p95 width90 minimum maximum range skewness error95 error_max angle_origin_deg angle_resultant
0 181750 47919 47919 0 -0.1284260484 0.04145871271 -0.1980099544 -0.07256909448 0.1254408599 -0.2587671269 -0.05885393284 0.199913194 -0.3167622902 0.07330752281 0.1340646953 nan nan
1 161219 2228 2228 0 -0.2577745653 0.3551349094 -0.9660024579 -0.1159468381 0.8500556198 -1.020582924 -0.04380055914 0.9767823647 -0.04546355583 0.8291958193 0.8837762853 nan nan
2 29632 4602 4602 0 -0.2137831827 0.3523751539 -0.8848552877 -0.05201265264 0.8328426351 -1.019495257 -0.04389160369 0.9756036534 -0.1144111493 0.7160651006 0.8507050699 nan nan
3 18261 17002 17002 0 -0.9581040158 0.03705869931 -1.000500347 -0.8857146769 0.1147856698 -1.008564402 -0.8702924762 0.1382719254 0.4093726333 0.06456454106 0.07998674177 nan nan
4 215659 8885 8885 0 -0.8437941596 0.04301255366 -0.9623684064 -0.8129677227 0.1494006836 -1.020820046 -0.8067544424 0.2140656036 -1.349307486 0.1320402055 0.190491845 nan nan
5 50510 9933 9933 0 -0.2357834484 0.124342798 -0.2562349048 -0.2131936905 0.04304121423 -0.9814862737 -0.1794033695 0.8020829042 -5.102953919 0.03226980957 0.7396236245 nan nan
6 167815 9875 9875 0 -0.1769895245 0.08755596924 -0.252258658 -0.1114175177 0.1408411403 -1.020807534 -0.0806862414 0.9401212927 -6.819552096 0.07567734348 0.8344611964 nan nan
7 148986 58633 58633 0 -0.9015860081 0.03972975993 -0.9620684028 -0.8403636372 0.1217047656 -0.9809766924 -0.8071892914 0.173787401 0.1090664689 0.07587728296 0.09270741361 nan nan
8 34269 8286 8286 0 -0.1756730848 0.1151181613 -0.2124574609 -0.125960278 0.08649718288 -0.9800726904 -0.05255469561 0.9275179948 -5.56230969 0.06049118062 0.8138576987 nan nan
9 88967 9857 9857 0 -0.8908402796 0.03613783548 -0.9697999966 -0.8530355055 0.1167644911 -0.9853012221 -0.8124351423 0.1728660798 -0.6288927259 0.06774889529 0.09100424442 nan nan
10 75698 13756 13756 0 -0.1986275099 0.06562802021 -0.2296068452 -0.1285185732 0.101088272 -0.8565412752 -0.1181512267 0.7383900485 -7.012247243 0.07123084724 0.6579231093 nan nan
11 34081 3082 3082 0 -0.8972888024 0.04770157228 -0.976411627 -0.8211534495 0.1552581775 -1.020656292 -0.8063625598 0.2142937317 -0.03865490005 0.09995566436 0.1137207585 nan nan

K=12, phase=forward, parameter=e [-]
cluster representative_source n_cluster n_valid n_missing median std p05 p95 width90 minimum maximum range skewness error95 error_max angle_origin_deg angle_resultant
0 181750 47919 47919 0 0.6928889459 0.1016260037 0.5206374272 0.8270160686 0.3063786414 0.3550405676 0.8597500074 0.5047094398 -0.3723043354 0.1814585344 0.3470553939 nan nan
1 161219 2228 2228 0 0.4725479136 0.1610824501 0.2263443078 0.7229138503 0.4965695425 0.1698141831 0.8956399398 0.7258257567 0.3124564211 0.4460957017 0.5026258264 nan nan
2 29632 4602 4602 0 0.482290467 0.2327693766 0.1927334437 0.8761006067 0.6833671629 0.1697123633 0.8954250633 0.7257127 0.3179240998 0.4007296038 0.4237506843 nan nan
3 18261 17002 17002 0 0.4824432036 0.05984464676 0.3590967933 0.5449630403 0.185866247 0.3288583836 0.5562090262 0.2273506425 -0.5273413819 0.1110694684 0.1413078781 nan nan
4 215659 8885 8885 0 0.2727643715 0.08447348605 0.1902700532 0.4891376152 0.298867562 0.1700181651 0.5729557573 0.4029375922 0.9933465018 0.2496449994 0.3334631415 nan nan
5 50510 9933 9933 0 0.42168546 0.03554639516 0.3683598585 0.4834806056 0.1151207471 0.2579132411 0.5683027054 0.3103894643 0.02674870132 0.08080445844 0.1641712102 nan nan
6 167815 9875 9875 0 0.5735717998 0.1051561271 0.3822230504 0.7338292644 0.351606214 0.1700666531 0.8077703539 0.6377037008 -0.3130299138 0.1892388624 0.3799833382 nan nan
7 148986 58633 58633 0 0.3892750062 0.0740713131 0.264464007 0.4888110432 0.2243470362 0.1714017878 0.5165534965 0.3451517087 -0.3797976204 0.1315616662 0.1934504146 nan nan
8 34269 8286 8286 0 0.5766297149 0.08031676869 0.4860647569 0.6991829597 0.2131182028 0.1771737652 0.8748127352 0.69763897 -0.9644256878 0.1377569642 0.4227700312 nan nan
9 88967 9857 9857 0 0.3691360762 0.06450428501 0.2929229038 0.5005195972 0.2075966934 0.1898275721 0.5233191431 0.3334915711 0.4333094757 0.1136498 0.2022782796 nan nan
10 75698 13756 13756 0 0.518806605 0.08849760598 0.4375779439 0.692470541 0.2548925972 0.1746998002 0.7175698908 0.5428700906 0.1617876429 0.1765385092 0.3439848559 nan nan
11 34081 3082 3082 0 0.3815996288 0.08938614175 0.2125480274 0.5103505183 0.2978024908 0.1685723685 0.5727162374 0.4041438689 -0.3042202537 0.2085869865 0.2525626455 nan nan

K=12, phase=forward, parameter=w [deg]
cluster representative_source n_cluster n_valid n_missing median std p05 p95 width90 minimum maximum range skewness error95 error_max angle_origin_deg angle_resultant
0 181750 47919 47919 0 -4.27099236 20.47651264 -23.69449873 41.68250638 65.37700511 -25.47867811 91.35373496 116.8324131 0.9934081713 41.62232123 91.29354981 176.3551222 0.9385160579
1 161219 2228 2228 0 15.42769747 86.18200813 -109.7101348 148.1469919 257.8571267 -179.1419856 178.5561866 357.6981723 0.09185929225 172.345353 179.9020118 100.2852524 0.1911141374
2 29632 4602 4602 0 26.17551755 77.59435527 -98.63312845 108.2147014 206.8478298 -179.8068402 179.9833391 359.7901793 0.003615559852 173.8251472 179.9177476 233.5707681 0.2962492588
3 18261 17002 17002 0 -1.617657606 9.957698322 -12.15581524 17.22898293 29.38479817 -13.41623394 49.75051921 63.16675315 1.368979019 23.52160067 56.04313695 302.8257261 0.9851234645
4 215659 8885 8885 0 -9.758000619 36.57847434 -42.07513186 68.50582469 110.5809565 -56.42886736 104.1437354 160.5726028 0.6139222445 78.84244505 114.4803558 77.56880288 0.8109146707
5 50510 9933 9933 0 -2.628605684 36.02258421 -28.59409923 49.96839979 78.56249902 -179.6414459 179.3188014 358.9602473 1.211731364 58.09839209 179.7753743 195.154622 0.8710137203
6 167815 9875 9875 0 -1.751163641 30.23086974 -47.24783735 46.42271293 93.67055027 -179.7697055 85.80228509 265.5719906 -1.078223671 58.47190646 171.5111134 282.369664 0.8835378574
7 148986 58633 58633 0 -2.81708721 16.93069569 -19.86362425 30.30613364 50.16975789 -21.54642932 103.813122 125.3595513 1.379549697 50.68584447 124.1928328 12.03352372 0.958242201
8 34269 8286 8286 0 -11.95891022 40.65532032 -37.09725428 59.47222467 96.56947895 -179.8048176 179.8215466 359.6263643 0.7328607874 65.0281242 179.9460943 200.0922096 0.7986459486
9 88967 9857 9857 0 -3.133980629 19.60842058 -22.77082679 39.35586217 62.12668896 -24.24416185 83.55727907 107.8014409 0.8834893129 42.85766249 87.0590794 313.6914619 0.9433358514
10 75698 13756 13756 0 -3.952525331 26.22490226 -27.05294475 43.07874701 70.13169176 -179.648755 179.9142885 359.5630436 1.224932627 51.87724818 178.9179647 190.8222452 0.9126853234
11 34081 3082 3082 0 1.70163728 31.29169411 -66.12057356 45.27489474 111.3954683 -82.40643686 112.0608693 194.4673062 -0.5657211642 68.13685957 117.4498142 44.28442697 0.8633107921

K=14, STD=0.01542029775
n = trajectories per cluster; conditions overlap.
n = 1: clusters=0/14 (0.00%); trajectories=0/194058 (0.00%)
n < 10: clusters=0/14 (0.00%); trajectories=0/194058 (0.00%)
n < 100: clusters=0/14 (0.00%); trajectories=0/194058 (0.00%)

K=14, phase=backward, parameter=eps [km^2/s^2]
cluster representative_source n_cluster n_valid n_missing median std p05 p95 width90 minimum maximum range skewness error95 error_max angle_origin_deg angle_resultant
0 181750 47927 47927 0 -0.1268710085 0.0395854861 -0.1951382954 -0.07214376601 0.1229945294 -0.231885591 -0.05881779331 0.1730677977 -0.2009041351 0.06673051089 0.1001899529 nan nan
1 21408 3508 3508 0 -0.8431416795 0.04738859039 -0.970845029 -0.8239996482 0.1468453807 -1.020836128 -0.8067739195 0.2140622089 -1.059073679 0.1389376353 0.1889287347 nan nan
2 23147 2313 2313 0 -0.8263611007 0.03906225562 -0.9471070991 -0.8113596369 0.1357474622 -1.020754723 -0.8062084723 0.214546251 -2.405081035 0.1239666731 0.1976142972 nan nan
3 18261 17002 17002 0 -0.9043494745 0.03932473387 -0.9826920324 -0.8569637564 0.1257282759 -0.9913826165 -0.8455281707 0.1458544458 -0.3915717608 0.06773532849 0.07587795784 nan nan
4 91614 6762 6762 0 -0.1628489791 0.05442891387 -0.2415045915 -0.05191312059 0.1895914709 -0.2582250091 -0.04391779137 0.2143072177 0.3625503235 0.1242252909 0.1322206201 nan nan
5 47096 7989 7989 0 -0.8629924063 0.02536159233 -0.901125513 -0.814189589 0.08693592403 -0.9412522397 -0.8066103601 0.1346418796 0.2124882202 0.05016196283 0.07776794112 nan nan
6 168099 9791 9791 0 -0.1867598859 0.04465001121 -0.2553601414 -0.1124354438 0.1429246976 -0.2593276385 -0.05818313654 0.201144502 0.00320651334 0.08014535526 0.1343976626 nan nan
7 212888 33997 33997 0 -0.2257343095 0.02858099851 -0.2507798045 -0.1590485652 0.09173123937 -0.2581905542 -0.1180494255 0.1401411287 0.9304321021 0.06399222456 0.1049913642 nan nan
8 20330 8785 8785 0 -0.8694265311 0.02244110975 -0.9035036407 -0.837213072 0.06629056873 -0.9143084138 -0.8064508012 0.1078576125 0.2366100453 0.06206958388 0.07287435694 nan nan
9 88967 9827 9827 0 -0.9787832409 0.03769492067 -1.003206752 -0.8878821009 0.1153246511 -1.008654727 -0.8067522516 0.2019024756 1.512984373 0.104564503 0.1856943523 nan nan
10 76092 14108 14108 0 -0.9374990858 0.0197671313 -0.9680398632 -0.9082755456 0.05976431759 -1.020739299 -0.83762378 0.1831155189 0.3570797447 0.05027323454 0.1208798724 nan nan
11 33850 3003 3003 0 -0.90593623 0.04686795442 -0.9771973918 -0.8305316376 0.1466657542 -1.020743755 -0.8063623697 0.2143813855 0.1113910879 0.0760378656 0.1148075252 nan nan
12 164683 1908 1908 0 -0.1914167092 0.1013554182 -0.2569008486 -0.1143606229 0.1425402257 -1.017669023 -0.04380722131 0.973861802 -5.444644661 0.08582404414 0.8239170557 nan nan
13 140919 27138 27138 0 -0.1855747542 0.0328967542 -0.2274106112 -0.1294453077 0.09796530349 -0.2466604243 -0.1187254608 0.1279349635 0.1980122441 0.06108521288 0.07180505982 nan nan

K=14, phase=backward, parameter=e [-]
cluster representative_source n_cluster n_valid n_missing median std p05 p95 width90 minimum maximum range skewness error95 error_max angle_origin_deg angle_resultant
0 181750 47927 47927 0 0.6965929816 0.09657830563 0.527848043 0.8280365819 0.3001885389 0.430304744 0.8598376402 0.4295328961 -0.2320250436 0.1630708758 0.2548804603 nan nan
1 21408 3508 3508 0 0.2713362001 0.09063702224 0.2233319934 0.5019311417 0.2785991482 0.1700425005 0.5729713754 0.402928875 0.8414738261 0.2582078041 0.3292480379 nan nan
2 23147 2313 2313 0 0.2291911822 0.07914985611 0.1850846366 0.4655298446 0.2804452079 0.168193931 0.5728758046 0.4046818736 2.035910316 0.2446860493 0.3520320093 nan nan
3 18261 17002 17002 0 0.3934481495 0.06820765589 0.3013740654 0.519431999 0.2180579336 0.2759808255 0.5320537516 0.2560729261 0.234856944 0.115083081 0.1370728765 nan nan
4 91614 6762 6762 0 0.6089228116 0.1348916443 0.4043111601 0.8763300144 0.4720188543 0.3566637373 0.8953605839 0.5386968467 0.2830355455 0.301170115 0.3202006846 nan nan
5 47096 7989 7989 0 0.3151293082 0.05581301503 0.1944968244 0.3885007758 0.1940039515 0.1695188524 0.4560854316 0.2865665792 -0.5325435254 0.1225204298 0.1466594136 nan nan
6 168099 9791 9791 0 0.5491107944 0.113590826 0.3648648128 0.7313881237 0.3665233109 0.3533386986 0.8614117627 0.5080730641 -0.07995405509 0.1971120919 0.3271357309 nan nan
7 212888 33997 33997 0 0.4479044648 0.07439337913 0.378415683 0.6177715655 0.2393558825 0.3567492646 0.7178105754 0.3610613108 0.8482686792 0.1620491674 0.2620881773 nan nan
8 20330 8785 8785 0 0.3282660847 0.04712122419 0.2567236045 0.3926179549 0.1358943505 0.1690074652 0.4112259775 0.2422185123 -0.5428066897 0.1257641103 0.1443721329 nan nan
9 88967 9827 9827 0 0.5137380636 0.06270167888 0.3640765687 0.5487519423 0.1846753736 0.1702670974 0.5563450703 0.3860779729 -1.873371624 0.1695662689 0.3633757402 nan nan
10 76092 14108 14108 0 0.4502771325 0.03251899595 0.4011763261 0.4978212869 0.09664496081 0.2588803498 0.5728514127 0.3139710628 -0.6459159536 0.08221944692 0.2244893538 nan nan
11 33850 3003 3003 0 0.396867096 0.08674568369 0.2402984861 0.5114912187 0.2711927327 0.168591401 0.5728380059 0.4042466048 -0.4310910177 0.1575878012 0.2280664434 nan nan
12 164683 1908 1908 0 0.5374071439 0.1197810269 0.3633151353 0.7267612439 0.3634461085 0.1766930037 0.8956261106 0.7189331069 0.1891614286 0.1972220781 0.3643811926 nan nan
13 140919 27138 27138 0 0.5517436702 0.08284910788 0.4433600101 0.6902496065 0.2468895964 0.3895813856 0.716173616 0.3265922304 0.1653968159 0.1510626602 0.1769866697 nan nan

K=14, phase=backward, parameter=w [deg]
cluster representative_source n_cluster n_valid n_missing median std p05 p95 width90 minimum maximum range skewness error95 error_max angle_origin_deg angle_resultant
0 181750 47927 47927 0 -0.7772346796 4.865489794 -6.098949819 11.38850053 17.48745035 -7.644742782 15.92406559 23.56880837 1.264498974 16.73298607 21.26855113 20.92515857 0.996404396
1 21408 3508 3508 0 3.405842809 9.767323564 -13.52064449 12.61287413 26.13351862 -34.32500092 14.53007964 48.85508056 -0.9383291357 14.72997412 33.03370385 205.8245623 0.9856091711
2 23147 2313 2313 0 1.888600353 8.302404519 -15.17938263 13.10972806 28.28911068 -32.19086585 16.2520188 48.44288465 -1.012646792 19.74967113 36.76115435 203.6876139 0.9895894529
3 18261 17002 17002 0 -0.3874731588 4.49698774 -6.381412538 7.007295312 13.38870785 -8.192645796 22.29709395 30.48973974 0.9813064495 8.842596316 24.13239495 189.4492737 0.9969280923
4 91614 6762 6762 0 1.456693383 7.119872355 -9.521808431 13.87306466 23.39487309 -10.0335677 16.41446157 26.44802927 0.2984080585 22.10217868 22.61393795 20.6486744 0.9922997971
5 47096 7989 7989 0 0.9561896109 8.190184067 -16.41269078 10.94903983 27.36173061 -35.47319377 13.00183914 48.47503291 -2.337014403 19.16791195 38.22841494 207.0189954 0.989961333
6 168099 9791 9791 0 -1.129261518 4.9497079 -6.210079401 10.49082334 16.70090274 -15.23950186 11.11199416 26.35149602 0.8270959822 10.69181976 15.11308364 25.82717368 0.9962760474
7 212888 33997 33997 0 1.426854508 5.453056636 -9.711797779 7.414041415 17.12583919 -15.34550086 8.967612282 24.31311314 -0.4781341681 13.71096754 15.2645384 27.38324629 0.9954781805
8 20330 8785 8785 0 -1.599629542 5.662465786 -6.679089672 9.523706276 16.20279595 -31.9841108 14.56662326 46.55073406 0.4505132481 13.93742006 28.33375142 205.0945662 0.9951311529
9 88967 9827 9827 0 -1.718558616 10.20817127 -12.81080166 20.71544054 33.52624221 -13.82742453 26.09841024 39.92583476 0.7163621974 18.94951581 24.33248551 193.9528836 0.9842419777
10 76092 14108 14108 0 -0.3416734473 5.140511233 -7.216545803 8.783375092 15.9999209 -28.03695549 18.27271148 46.30966697 0.2790543575 11.09518937 25.84270139 201.2366234 0.9959859439
11 33850 3003 3003 0 -1.555668739 8.811195113 -7.020497035 20.26605607 27.28655311 -26.66661843 22.10959425 48.77621268 0.7846945996 23.5251264 25.06618345 198.1190241 0.9882792465
12 164683 1908 1908 0 -0.8555385044 21.66419115 -7.95137812 10.29456422 18.24594234 -178.9210642 175.4977761 354.4188403 3.877050057 10.63148251 179.4216463 25.92010545 0.9646114454
13 140919 27138 27138 0 0.062657852 2.171725773 -3.62658363 3.322278157 6.948861787 -14.48874479 7.498636413 21.9873812 -0.2933694275 5.229885571 16.05460515 27.8988201 0.9992819844

K=14, phase=forward, parameter=eps [km^2/s^2]
cluster representative_source n_cluster n_valid n_missing median std p05 p95 width90 minimum maximum range skewness error95 error_max angle_origin_deg angle_resultant
0 181750 47927 47927 0 -0.1284401265 0.04228946405 -0.1980587919 -0.07257060039 0.1254881915 -0.8267214822 -0.05885393284 0.7678675493 -0.9249104042 0.07335636032 0.7020190506 nan nan
1 21408 3508 3508 0 -0.142806704 0.2008059487 -0.8383788564 -0.04954368961 0.7888351668 -0.9518524205 -0.04398107964 0.9078713409 -2.828607842 0.7592778904 0.8727514545 nan nan
2 23147 2313 2313 0 -0.8247151568 0.2312226129 -0.9293949212 -0.1581857995 0.7712091218 -1.020440955 -0.04389160369 0.9765493513 2.071083072 0.6680839951 0.7823781908 nan nan
3 18261 17002 17002 0 -0.9581040158 0.03705869931 -1.000500347 -0.8857146769 0.1147856698 -1.008564402 -0.8702924762 0.1382719254 0.4093726333 0.06456454106 0.07998674177 nan nan
4 91614 6762 6762 0 -0.8449926762 0.0455812822 -0.9680299138 -0.8172055626 0.1508243512 -1.020820046 -0.8067544424 0.2140656036 -1.189671766 0.08771402686 0.1179561924 nan nan
5 47096 7989 7989 0 -0.2380381333 0.09121388771 -0.2554764725 -0.2228413275 0.03263514503 -0.9814862737 -0.1783828257 0.803103448 -7.003244732 0.02229084411 0.7384529822 nan nan
6 168099 9791 9791 0 -0.1759551183 0.06615399133 -0.2506009466 -0.1113569677 0.139243979 -1.020392173 -0.0678054649 0.9525867083 -6.41329471 0.07558532672 0.8338794434 nan nan
7 212888 33997 33997 0 -0.869291231 0.03127779006 -0.931307673 -0.8240576361 0.1072500368 -1.020811158 -0.8071000865 0.2137110715 -0.5450991407 0.07488119517 0.1240239249 nan nan
8 20330 8785 8785 0 -0.1912975804 0.1448650148 -0.2254075752 -0.1487060654 0.07670150974 -0.9807716408 -0.1277500247 0.8530216161 -4.490425331 0.06237890184 0.7773513108 nan nan
9 88967 9827 9827 0 -0.8907397534 0.03615328874 -0.969685465 -0.8529556154 0.1167298495 -0.9853012221 -0.8124351423 0.1728660798 -0.6285488359 0.0677256384 0.09100424442 nan nan
10 76092 14108 14108 0 -0.1978129355 0.06933732991 -0.2298572649 -0.1286532837 0.1012039812 -0.8565412752 -0.1181512267 0.7383900485 -6.837522841 0.07058758342 0.6587287539 nan nan
11 33850 3003 3003 0 -0.8988796661 0.04759065868 -0.9765043218 -0.8217675496 0.1547367722 -1.020656292 -0.8063625598 0.2142937317 -0.003838500828 0.1001069006 0.1155118904 nan nan
12 164683 1908 1908 0 -0.2127771967 0.3425428421 -0.9470690349 -0.1157799371 0.8312890979 -1.020582924 -0.04380055914 0.9767823647 -0.4542239471 0.7442107407 0.8177246296 nan nan
13 140919 27138 27138 0 -0.9341567154 0.02399932912 -0.9671044492 -0.8915355843 0.07556886481 -0.9750473145 -0.8092117789 0.1658355356 0.486325319 0.04146463519 0.120397888 nan nan

K=14, phase=forward, parameter=e [-]
cluster representative_source n_cluster n_valid n_missing median std p05 p95 width90 minimum maximum range skewness error95 error_max angle_origin_deg angle_resultant
0 181750 47927 47927 0 0.6928397791 0.1017843435 0.5205739847 0.827014201 0.3064402163 0.2080534199 0.8597500074 0.6516965875 -0.3826701376 0.1815219769 0.4940425416 nan nan
1 21408 3508 3508 0 0.6582125562 0.1569575739 0.3318574077 0.8819618471 0.5501044394 0.1698731259 0.8952125964 0.7253394705 -0.5324015997 0.4796917451 0.6416760269 nan nan
2 23147 2313 2313 0 0.2328156939 0.1426616012 0.1889111505 0.6201217142 0.4312105638 0.1697123633 0.8954250633 0.7257127 1.827177982 0.3913725447 0.6666758938 nan nan
3 18261 17002 17002 0 0.4824432036 0.05984464676 0.3590967933 0.5449630403 0.185866247 0.3288583836 0.5562090262 0.2273506425 -0.5273413819 0.1110694684 0.1413078781 nan nan
4 91614 6762 6762 0 0.2756929357 0.0880742063 0.2033845161 0.4974409887 0.2940564726 0.1700181651 0.5729557573 0.4029375922 0.9059486445 0.1885378612 0.2219042122 nan nan
5 47096 7989 7989 0 0.4148631736 0.02946551558 0.3669164595 0.4574977595 0.09058129997 0.2579132411 0.570856785 0.3129435439 0.02165537647 0.05818731259 0.1699864234 nan nan
6 168099 9791 9791 0 0.5760945294 0.1058970581 0.380150684 0.7339714027 0.3538207187 0.1700666531 0.8384885339 0.6684218808 -0.3475383687 0.1898397439 0.3795638554 nan nan
7 212888 33997 33997 0 0.3279753882 0.06284618525 0.2231409913 0.4402334311 0.2170924398 0.1711237845 0.5729437429 0.4018199583 0.07678393015 0.1592101461 0.2096875927 nan nan
8 20330 8785 8785 0 0.5374469073 0.06983042914 0.453394907 0.6432446203 0.1898497133 0.1771737652 0.6943948676 0.5172211024 -0.9722247542 0.1429412523 0.3287694128 nan nan
9 88967 9827 9827 0 0.3690157903 0.06453964999 0.2928535841 0.5003409267 0.2074873426 0.1898275721 0.5233191431 0.3334915711 0.4329745571 0.113984189 0.2022782796 nan nan
10 76092 14108 14108 0 0.5208389995 0.08982408685 0.4368544301 0.6921505512 0.2552961211 0.1701598274 0.7175698908 0.5474100634 0.07210248279 0.1748255638 0.3505882204 nan nan
11 33850 3003 3003 0 0.3843733085 0.08903840925 0.2142500481 0.5104731873 0.2962231392 0.1685723685 0.5727162374 0.4041438689 -0.3368429681 0.2099138674 0.255591547 nan nan
12 164683 1908 1908 0 0.4871512466 0.160561952 0.2258492654 0.7233155452 0.4974662797 0.1698141831 0.8956399398 0.7258257567 0.1597651935 0.2911780772 0.3876629837 nan nan
13 140919 27138 27138 0 0.4448276853 0.04056040786 0.3708545505 0.4964289864 0.1255744359 0.1789620903 0.5083076615 0.3293455711 -0.8284307884 0.06830086392 0.258345453 nan nan

K=14, phase=forward, parameter=w [deg]
cluster representative_source n_cluster n_valid n_missing median std p05 p95 width90 minimum maximum range skewness error95 error_max angle_origin_deg angle_resultant
0 181750 47927 47927 0 -4.27297964 20.54219366 -23.69430572 41.69294238 65.3872481 -135.1215032 91.35883099 226.4803342 0.9484788472 41.67306142 135.1867844 176.3500262 0.9382578905
1 21408 3508 3508 0 -3.888660429 51.77216894 -39.99424521 73.05476758 113.0490128 -179.6729507 179.762469 359.4354197 0.08486898949 146.0325076 179.8150946 280.8202337 0.7398575879
2 23147 2313 2313 0 -2.139490732 52.14557637 -106.5055892 117.253831 223.7594201 -179.9500709 179.2135923 359.1636632 0.0865728141 128.0100284 179.4446026 160.3954081 0.7213873172
3 18261 17002 17002 0 -1.617657606 9.957698322 -12.15581524 17.22898293 29.38479817 -13.41623394 49.75051921 63.16675315 1.368979019 23.52160067 56.04313695 302.8257261 0.9851234645
4 91614 6762 6762 0 -6.797231709 39.7025038 -49.72654099 65.80089962 115.5274406 -55.27611495 114.177049 169.453164 0.3249923106 66.70380731 115.0799567 89.96640496 0.7767089489
5 47096 7989 7989 0 -2.520982634 28.35686004 -25.86442831 42.38660284 68.25103115 -179.4640841 179.7494607 359.2135448 2.575277105 43.02823583 179.754516 197.2396283 0.9102485114
6 168099 9791 9791 0 -1.668665603 27.73705447 -45.82052198 46.29105932 92.11158131 -173.7011719 159.2992144 333.0003863 0.2628492214 55.24460284 167.4921883 282.4644009 0.8944446157
7 212888 33997 33997 0 -3.976197097 21.59365173 -23.47515637 43.43834252 66.91349888 -26.66602156 136.3980933 163.0641149 1.592425354 44.63270717 137.592458 18.18501203 0.9341282086
8 20330 8785 8785 0 -11.14570888 42.3693996 -27.76250917 52.90442422 80.66693339 -179.9814681 179.9005336 359.8820017 0.3600191037 76.98391745 179.7444488 190.4176907 0.8149223004
9 88967 9827 9827 0 -3.16078237 19.51493413 -22.70486324 39.27064997 61.9755132 -24.17540863 80.42100223 104.5964109 0.8632405499 42.70369707 83.85404933 313.6227087 0.9438059336
10 76092 14108 14108 0 -3.90212433 26.41592555 -26.91118346 42.83352057 69.74470403 -179.7293904 179.8336531 359.5630436 1.249395491 51.42500349 178.7788385 190.9028806 0.9126789893
11 33850 3003 3003 0 2.892227919 31.01704164 -68.84450417 42.75914519 111.6036494 -80.67192928 84.11812731 164.7900566 -0.6894493035 68.36775566 86.70176251 41.7526051 0.8651288215
12 164683 1908 1908 0 -4.727950841 95.24889387 -160.9491016 165.7512984 326.7004 -179.2955402 179.9068353 359.2023754 -0.003327368732 174.1907061 179.9879675 47.6950914 0.1991075257
13 140919 27138 27138 0 -3.092885919 14.94661236 -16.96562743 26.56271483 43.52834226 -17.73665282 73.47534272 91.21199555 1.102478099 39.53174496 86.44437285 8.223747214 0.9668014182

K=17, STD=0.01478890359
n = trajectories per cluster; conditions overlap.
n = 1: clusters=0/17 (0.00%); trajectories=0/194058 (0.00%)
n < 10: clusters=0/17 (0.00%); trajectories=0/194058 (0.00%)
n < 100: clusters=0/17 (0.00%); trajectories=0/194058 (0.00%)

K=17, phase=backward, parameter=eps [km^2/s^2]
cluster representative_source n_cluster n_valid n_missing median std p05 p95 width90 minimum maximum range skewness error95 error_max angle_origin_deg angle_resultant
0 181750 47821 47821 0 -0.1268737018 0.03962368981 -0.1952508469 -0.07212472054 0.1231261264 -0.230966533 -0.05881779331 0.1721487397 -0.2005243092 0.06678619559 0.09927089494 nan nan
1 167825 1892 1892 0 -0.1934268428 0.04632429364 -0.2552781649 -0.1145554879 0.140722677 -0.2595672675 -0.04380722131 0.2157600462 0.3909058614 0.0823996519 0.1531479185 nan nan
2 22050 1975 1975 0 -0.8248364356 0.02734212421 -0.8784737066 -0.8121550095 0.06631869715 -1.020599717 -0.8062084723 0.2143912451 -3.720754991 0.05418641309 0.1963124238 nan nan
3 18261 17002 17002 0 -0.9043494745 0.03932473387 -0.9826920324 -0.8569637564 0.1257282759 -0.9913826165 -0.8455281707 0.1458544458 -0.3915717608 0.06773532849 0.07587795784 nan nan
4 221372 6658 6658 0 -0.2481009757 0.01366396964 -0.2577354298 -0.2196092796 0.03812615023 -0.2593276385 -0.1394456511 0.1198819874 1.978355406 0.02362112897 0.1037847575 nan nan
5 33028 1610 1610 0 -0.824792618 0.01940927991 -0.8627207565 -0.8076127654 0.05510799111 -1.020739299 -0.8066103601 0.2141289389 -1.461365132 0.04049757711 0.1985161196 nan nan
6 155078 8354 8354 0 -0.1726895831 0.03665507304 -0.2119818164 -0.1116448333 0.1003369831 -0.2546157996 -0.04413887266 0.210476927 0.1616899359 0.06455602878 0.1316563704 nan nan
7 150201 29552 29552 0 -0.2193488452 0.02901587377 -0.2456544949 -0.1552413565 0.09041313839 -0.2503970475 -0.1180494255 0.1323476221 0.8151006065 0.06738174049 0.1045736715 nan nan
8 88967 9789 9789 0 -0.9788965782 0.03731299472 -1.003211495 -0.8899855013 0.1132259935 -1.008654727 -0.8067522516 0.2019024756 1.531540121 0.1024611026 0.1856943523 nan nan
9 22966 12483 12483 0 -0.8708252564 0.02011180717 -0.9013909335 -0.8389962188 0.06239471472 -0.9100740955 -0.8065266032 0.1035474923 0.1847140466 0.05926844183 0.06795160379 nan nan
10 33619 2966 2966 0 -0.9025506832 0.04684504568 -0.9766717341 -0.8245982787 0.1520734554 -1.020743755 -0.8063623697 0.2143813855 0.07931551126 0.07861041004 0.1176420584 nan nan
11 36141 2056 2056 0 -0.8912609609 0.05160855935 -0.9755298984 -0.8294920424 0.146037856 -1.020778602 -0.8155535203 0.2052250817 -0.2107832728 0.07802808796 0.1137110625 nan nan
12 81500 6229 6229 0 -0.1565810576 0.05073303548 -0.2145486286 -0.05102113807 0.1635274905 -0.2554527872 -0.04391779137 0.2115349958 0.477673151 0.1090674626 0.1161708093 nan nan
13 142107 26987 26987 0 -0.1875804065 0.03316321928 -0.2279474484 -0.1293735884 0.09857386004 -0.2334623958 -0.1187254608 0.114736935 0.2495234532 0.06235835117 0.07300647877 nan nan
14 16000 363 363 0 -0.8663653211 0.05536787659 -0.9755344396 -0.8186912809 0.1568431587 -1.020754723 -0.8068393667 0.2139153566 -0.6240102235 0.1467920272 0.1920123108 nan nan
15 74518 13884 13884 0 -0.9378370471 0.01848311304 -0.9679415719 -0.9087917988 0.0591497731 -1.016166402 -0.9005575832 0.1156088184 -0.06053292982 0.04953419171 0.0578529356 nan nan
16 45696 4437 4437 0 -0.8500996374 0.02889931302 -0.9085946766 -0.8279367482 0.08065792846 -1.020836128 -0.8067739195 0.2140622089 -1.021555297 0.06200443445 0.1742458862 nan nan

K=17, phase=backward, parameter=e [-]
cluster representative_source n_cluster n_valid n_missing median std p05 p95 width90 minimum maximum range skewness error95 error_max angle_origin_deg angle_resultant
0 181750 47821 47821 0 0.6965860615 0.09667045059 0.5275742471 0.8280789148 0.3005046677 0.4328015996 0.8598376402 0.4270360406 -0.2314567753 0.1631832124 0.2523836048 nan nan
1 167825 1892 1892 0 0.5322159368 0.117366309 0.3648795161 0.7262461716 0.3613666556 0.3526417655 0.8956261106 0.5429843451 0.2905175234 0.2031592905 0.3725392295 nan nan
2 22050 1975 1975 0 0.225515701 0.05693953278 0.1875087824 0.3466149623 0.1591061799 0.168193931 0.572638391 0.40444446 2.983150588 0.1227165589 0.3487399876 nan nan
3 18261 17002 17002 0 0.3934481495 0.06820765589 0.3013740654 0.519431999 0.2180579336 0.2759808255 0.5320537516 0.2560729261 0.234856944 0.115083081 0.1370728765 nan nan
4 221372 6658 6658 0 0.3859169677 0.03750501847 0.3580588755 0.464353527 0.1062946515 0.3533386986 0.6665649278 0.3132262292 1.81667231 0.06367659735 0.2658879981 nan nan
5 33028 1610 1610 0 0.2248236392 0.04847835037 0.1728524106 0.314559667 0.1417072564 0.1694347377 0.5728514127 0.4034166749 0.786107708 0.0957412691 0.3540330148 nan nan
6 155078 8354 8354 0 0.584242817 0.09111031311 0.4844592107 0.7332875659 0.2488283552 0.367840509 0.8948398683 0.5269993593 0.123269978 0.1583268653 0.3183173093 nan nan
7 150201 29552 29552 0 0.4649517548 0.07497127858 0.3931284383 0.6271862059 0.2340577676 0.3795867698 0.7178105754 0.3382238056 0.7506903317 0.1716175142 0.2622418837 nan nan
8 88967 9789 9789 0 0.5139402115 0.06202933868 0.3681548196 0.5487932219 0.1806384023 0.1702670974 0.5563450703 0.3860779729 -1.901856451 0.165488018 0.3633757402 nan nan
9 22966 12483 12483 0 0.3309974939 0.04160521003 0.2611266444 0.388870296 0.1277436516 0.1691570339 0.4038803511 0.2347233172 -0.4131845324 0.1202985151 0.1353085701 nan nan
10 33619 2966 2966 0 0.3908161401 0.08737914225 0.2255268192 0.5106781153 0.2851512961 0.168591401 0.5728380059 0.4042466048 -0.4113194553 0.166374178 0.2230357924 nan nan
11 36141 2056 2056 0 0.3700294533 0.09571460833 0.2376885187 0.5089838804 0.2712953617 0.1994812713 0.5728973064 0.3734160352 0.03650995202 0.1617347607 0.199208579 nan nan
12 81500 6229 6229 0 0.6243482396 0.124505197 0.477800954 0.8784341509 0.4006331969 0.3652815779 0.8953605839 0.530079006 0.4288241705 0.2633301471 0.2802565802 nan nan
13 142107 26987 26987 0 0.5466581731 0.0835325812 0.441981707 0.6903781956 0.2483964886 0.4269634907 0.716173616 0.2892101253 0.217538722 0.1542401156 0.1800355359 nan nan
14 16000 363 363 0 0.3213481076 0.1058015972 0.2073487048 0.5090545299 0.3017058252 0.170063584 0.5728758046 0.4028122205 0.4078654288 0.2736799532 0.3375012278 nan nan
15 74518 13884 13884 0 0.4507982109 0.02988675995 0.4019729329 0.4976653814 0.09569244849 0.3876212683 0.5665585489 0.1789372806 -0.01091810862 0.08110703287 0.09544943703 nan nan
16 45696 4437 4437 0 0.2875618704 0.05929544939 0.2340798898 0.4016055616 0.1675256718 0.1700000448 0.5729713754 0.4029713306 0.6081093559 0.1219688508 0.2933346646 nan nan

K=17, phase=backward, parameter=w [deg]
cluster representative_source n_cluster n_valid n_missing median std p05 p95 width90 minimum maximum range skewness error95 error_max angle_origin_deg angle_resultant
0 181750 47821 47821 0 -0.7789578241 4.860975002 -6.089378466 11.37261075 17.46198922 -7.698736781 15.94810338 23.64684016 1.267840621 16.70678693 21.28227956 20.91484921 0.996411074
1 167825 1892 1892 0 -0.9300124418 5.514439192 -7.772191533 10.14679136 17.91898289 -15.42477328 11.03393709 26.45871036 0.2620247045 9.977759466 15.81992619 26.02755413 0.9953793588
2 22050 1975 1975 0 1.364396323 7.628480844 -14.48870655 12.17323711 26.66194366 -33.16571968 14.47763303 47.64335271 -1.116390043 17.00121671 35.67822984 204.6624677 0.9912071267
3 18261 17002 17002 0 -0.3874731588 4.49698774 -6.381412538 7.007295312 13.38870785 -8.192645796 22.29709395 30.48973974 0.9813064495 8.842596316 24.13239495 189.4492737 0.9969280923
4 221372 6658 6658 0 1.625413273 5.920939539 -11.06748546 6.711428827 17.77891428 -16.94065433 7.35337833 24.29403266 -0.6642401945 14.7642151 15.4061646 29.45947264 0.9946713763
5 33028 1610 1610 0 8.435783523 16.16511186 -31.80261151 13.81211258 45.61472409 -33.15753221 14.12164683 47.27917904 -0.87419271 42.08359208 43.43851278 204.7033338 0.9607862409
6 155078 8354 8354 0 -0.4282209756 3.996955362 -5.383531893 10.48159383 15.86512573 -14.02917177 12.32232426 26.35149602 1.112515018 10.57453508 14.54712499 24.61684358 0.9975724705
7 150201 29552 29552 0 1.622916531 5.351431952 -9.68965281 6.284857778 15.97451059 -15.32683156 9.101163776 24.42799533 -0.5596107937 16.18990868 21.82708743 27.2496948 0.9956450383
8 88967 9789 9789 0 -1.718553834 10.17222423 -12.76294176 20.59424332 33.35718507 -13.77890378 26.14693099 39.92583476 0.7147079577 18.77979784 24.33248551 193.9043628 0.9843518895
9 22966 12483 12483 0 -0.1867407108 4.306148369 -5.720828056 6.320535536 12.04136359 -33.9154724 14.53036484 48.44583724 -0.4732930869 9.136963391 31.19664303 205.4904697 0.9971877003
10 33619 2966 2966 0 -1.541917424 8.762612227 -7.092308852 20.2113208 27.30362965 -26.78311595 21.99309674 48.77621268 0.8421038591 23.34353106 24.68897632 198.2355216 0.9884062819
11 36141 2056 2056 0 -1.449078091 9.521372167 -8.644384052 16.07089272 24.71527677 -29.09575289 19.75932766 48.85508056 -0.3366195231 22.2558765 24.47744862 200.5953143 0.9863135894
12 81500 6229 6229 0 1.270786892 6.896451479 -9.100317825 12.88391777 21.9842356 -9.576584396 16.87144487 26.44802927 0.2836649642 20.36647621 20.84274278 20.1916911 0.9927741047
13 142107 26987 26987 0 0.06951076186 2.216044663 -3.691289765 3.35921212 7.050501885 -14.3677105 8.382341814 22.75005231 -0.2679865619 5.43761663 16.08011946 27.77778582 0.9992523621
14 16000 363 363 0 -0.1837156187 10.38728461 -21.46658575 15.44551231 36.91209806 -30.56862482 17.31558602 47.88421085 -0.7464033185 21.3799184 30.38490921 202.1714596 0.9837348016
15 74518 13884 13884 0 -0.2413320854 4.653798718 -6.884619422 7.776387484 14.66100691 -27.13697282 12.99261048 40.1295833 0.05490205641 9.967747462 25.00105098 200.8979556 0.9967073699
16 45696 4437 4437 0 1.910239446 7.236310165 -13.43799074 8.101815901 21.53980664 -39.1088275 9.084558247 48.19338574 -2.215862833 16.73022688 42.40106363 210.6125171 0.9921319429

K=17, phase=forward, parameter=eps [km^2/s^2]
cluster representative_source n_cluster n_valid n_missing median std p05 p95 width90 minimum maximum range skewness error95 error_max angle_origin_deg angle_resultant
0 181750 47821 47821 0 -0.1283321872 0.04145503536 -0.1976749988 -0.07254863565 0.1251263631 -0.8238947527 -0.05885393284 0.7650408199 -0.5616146127 0.07297256717 0.6991923211 nan nan
1 167825 1892 1892 0 -0.2120878558 0.3400170527 -0.9474881325 -0.1152197959 0.8322683366 -1.020582924 -0.04380055914 0.9767823647 -0.5314976337 0.7483096505 0.8214044418 nan nan
2 22050 1975 1975 0 -0.8252347732 0.1924925939 -0.885857658 -0.1196475277 0.7662101303 -1.020173947 -0.04389160369 0.9762823429 3.186143398 0.7020093807 0.7777653047 nan nan
3 18261 17002 17002 0 -0.9581040158 0.03705869931 -1.000500347 -0.8857146769 0.1147856698 -1.008564402 -0.8702924762 0.1382719254 0.4093726333 0.06456454106 0.07998674177 nan nan
4 221372 6658 6658 0 -0.8247617511 0.2885037389 -0.9430302019 -0.1197353971 0.8232948048 -1.020820046 -0.1051547561 0.9156652898 1.291067325 0.689082855 0.703663496 nan nan
5 33028 1610 1610 0 -0.2454120164 0.1138073645 -0.2567374321 -0.2037554036 0.05298202852 -0.9806716823 -0.1074576018 0.8732140805 -5.933044802 0.06454813927 0.7384136813 nan nan
6 155078 8354 8354 0 -0.1805441594 0.06045961489 -0.2548920839 -0.1124795523 0.1424125316 -0.8352124108 -0.0678054649 0.7674069459 -5.428436136 0.08247865687 0.6405507753 nan nan
7 150201 29552 29552 0 -0.8732436826 0.02525643428 -0.9262128587 -0.8418585116 0.0843543471 -0.9709544304 -0.833567986 0.1373864444 -0.6758175641 0.08620163755 0.1309432092 nan nan
8 88967 9789 9789 0 -0.8906336254 0.0361383759 -0.9695312984 -0.8529168874 0.116614411 -0.9853012221 -0.8124351423 0.1728660798 -0.6309153135 0.06758233041 0.09100424442 nan nan
9 22966 12483 12483 0 -0.224967872 0.1300056608 -0.2489668416 -0.1549549573 0.09401188434 -0.9814862737 -0.1399771522 0.8415091215 -4.717291108 0.07557885257 0.7589925722 nan nan
10 33619 2966 2966 0 -0.8999579795 0.04738341814 -0.9764975334 -0.8203707708 0.1561267626 -1.020656292 -0.8063625598 0.2142937317 0.02172223483 0.102982361 0.1169905721 nan nan
11 36141 2056 2056 0 -0.1819750822 0.290004019 -0.8923304109 -0.04749591412 0.8448344968 -0.9997486344 -0.04398107964 0.9557675548 -1.469180044 0.7441976264 0.8516158499 nan nan
12 81500 6229 6229 0 -0.8444516059 0.04576126046 -0.9679580742 -0.8168720195 0.1510860547 -1.020773905 -0.8067544424 0.2140194626 -1.161498514 0.1042248107 0.1570406414 nan nan
13 142107 26987 26987 0 -0.9351104206 0.02230497036 -0.9672972274 -0.8952491932 0.07204803415 -0.9751802854 -0.8503133897 0.1248668957 0.2088419266 0.03975535103 0.08002889407 nan nan
14 16000 363 363 0 -0.2080817618 0.3446230418 -0.961230942 -0.112771215 0.848459727 -1.020440955 -0.04492689433 0.9755140607 -0.5874040059 0.7873602836 0.8465702966 nan nan
15 74518 13884 13884 0 -0.1967395651 0.07249118148 -0.2302158754 -0.1288951646 0.1013207108 -0.8565412752 -0.1185237468 0.7380175284 -6.700153675 0.06870922562 0.6604280975 nan nan
16 45696 4437 4437 0 -0.1822321549 0.07634677546 -0.2198691982 -0.09318628962 0.1266829086 -0.97968998 -0.04477505011 0.9349149299 -6.485868372 0.08478691641 0.8110957496 nan nan

K=17, phase=forward, parameter=e [-]
cluster representative_source n_cluster n_valid n_missing median std p05 p95 width90 minimum maximum range skewness error95 error_max angle_origin_deg angle_resultant
0 181750 47821 47821 0 0.6931656073 0.1006778321 0.5214953605 0.8270544343 0.3055590738 0.2132750815 0.8597500074 0.646474926 -0.3356506509 0.180600601 0.4888208801 nan nan
1 167825 1892 1892 0 0.4925681235 0.1613873564 0.2254919671 0.724660875 0.4991689079 0.1698141831 0.8956399398 0.7258257567 0.0958420255 0.3005583682 0.3782325511 nan nan
2 22050 1975 1975 0 0.2302687279 0.1509878438 0.1886771787 0.7139561454 0.5252789666 0.1697123633 0.8954250633 0.7257127 2.794855847 0.4973364074 0.6788053253 nan nan
3 18261 17002 17002 0 0.4824432036 0.05984464676 0.3590967933 0.5449630403 0.185866247 0.3288583836 0.5562090262 0.2273506425 -0.5273413819 0.1110694684 0.1413078781 nan nan
4 221372 6658 6658 0 0.2679564032 0.1711334692 0.1754485538 0.7137067804 0.5382582266 0.1710855758 0.7489018941 0.5778163183 1.028876162 0.5373454366 0.5725405504 nan nan
5 33028 1610 1610 0 0.3974920531 0.05770591674 0.3619040426 0.5154723391 0.1535682965 0.3590706997 0.7437231963 0.3846524966 2.247572894 0.1120389434 0.3402898005 nan nan
6 155078 8354 8354 0 0.5648637482 0.1093420074 0.3663131106 0.7312627265 0.3649496159 0.1700666531 0.8384885339 0.6684218808 -0.3244411746 0.2030192498 0.3589174207 nan nan
7 150201 29552 29552 0 0.335943653 0.04882925356 0.2679686821 0.4319010575 0.1639323754 0.2476323146 0.5022784383 0.2546461237 0.451239855 0.1683922483 0.2387696291 nan nan
8 88967 9789 9789 0 0.3688292638 0.06451761169 0.2927905825 0.5001708257 0.2073802432 0.1898275721 0.5233191431 0.3334915711 0.4357137303 0.1139519576 0.2022782796 nan nan
9 22966 12483 12483 0 0.4519287273 0.08122638571 0.3877983875 0.6278180631 0.2400196755 0.1872196631 0.6645567851 0.477337122 0.4457174001 0.1763128818 0.2687009134 nan nan
10 33619 2966 2966 0 0.3861572141 0.08870785981 0.2105657208 0.5104661979 0.2999004771 0.1685723685 0.5727162374 0.4041438689 -0.3711086523 0.2160874984 0.2580808508 nan nan
11 36141 2056 2056 0 0.5609896916 0.1874910761 0.2728984661 0.8868452662 0.6139468001 0.1702037848 0.8952125964 0.7250088116 0.02910637947 0.3719059214 0.4746006027 nan nan
12 81500 6229 6229 0 0.2745391808 0.08858132973 0.2024038408 0.4974031132 0.2949992724 0.1700181651 0.5728986793 0.4028805142 0.8947650198 0.1802585085 0.2557540746 nan nan
13 142107 26987 26987 0 0.4463626142 0.03686551128 0.3777171783 0.4967287154 0.119011537 0.2882582101 0.5085016863 0.2202434762 -0.3109242225 0.0651168615 0.1502602112 nan nan
14 16000 363 363 0 0.5009971465 0.1608513316 0.2232894155 0.7305229619 0.5072335464 0.1776533983 0.8929479705 0.7152945722 -0.01363599323 0.3580643369 0.4037003541 nan nan
15 74518 13884 13884 0 0.5236870204 0.09066716091 0.4359035875 0.6915292308 0.2556256433 0.1701598274 0.716669296 0.5465094685 0.002748742977 0.1700725175 0.3549265807 nan nan
16 45696 4437 4437 0 0.5608680943 0.103333258 0.4658948717 0.7778959805 0.3120011088 0.1698731259 0.8933267906 0.7234536647 0.365609477 0.2077224975 0.4252454428 nan nan

K=17, phase=forward, parameter=w [deg]
cluster representative_source n_cluster n_valid n_missing median std p05 p95 width90 minimum maximum range skewness error95 error_max angle_origin_deg angle_resultant
0 181750 47821 47821 0 -4.208107195 20.23637081 -23.57475011 41.2395188 64.81426891 -131.6471747 81.03742813 212.6846028 0.932217617 41.07805712 131.8332195 176.2292626 0.9398369828
1 167825 1892 1892 0 -0.8868952773 95.96700133 -163.5738784 167.6344798 331.2083582 -179.933215 179.8852322 359.8184472 0.0001995734885 174.0008001 179.9854354 35.48001583 0.2191533615
2 22050 1975 1975 0 -4.054071445 40.71509609 -27.49041474 123.7468637 151.2372784 -177.7958682 178.8145721 356.6104404 1.934069903 136.8892506 177.9830655 162.9795906 0.8328887003
3 18261 17002 17002 0 -1.617657606 9.957698322 -12.15581524 17.22898293 29.38479817 -13.41623394 49.75051921 63.16675315 1.368979019 23.52160067 56.04313695 302.8257261 0.9851234645
4 221372 6658 6658 0 -6.384946146 69.72776425 -149.2984524 76.52176851 225.8202209 -162.5601296 138.3201146 300.8802442 -0.6509587309 174.548579 179.9769453 27.40936806 0.4792164495
5 33028 1610 1610 0 -4.83163769 35.58806233 -29.3666977 51.28738001 80.65407771 -179.0413724 177.3349337 356.3763062 -1.74203304 55.8800471 179.9789589 211.2772767 0.8690041224
6 155078 8354 8354 0 -2.31159377 24.81045308 -39.00554554 42.75751814 81.76306368 -145.7881981 135.5142413 281.3024394 0.3966560489 57.59596287 149.9437279 286.7454237 0.9140518688
7 150201 29552 29552 0 -2.834926854 17.28785221 -21.2212875 32.12973273 53.35102023 -23.95691355 89.69583744 113.652751 1.074119189 33.79090938 91.3570141 15.14010051 0.9559790276
8 88967 9789 9789 0 -3.233213313 19.45395355 -22.61875395 39.04634199 61.66509595 -24.08003906 80.5163718 104.5964109 0.8659559644 42.38401952 83.85404933 313.5273391 0.9441520798
9 22966 12483 12483 0 -3.945048122 34.86738978 -21.93705797 36.1766133 58.11367127 -179.9109047 179.944766 359.8556706 0.5951416918 45.47352089 179.9662107 185.1606842 0.8888482712
10 33619 2966 2966 0 4.065494276 31.67807098 -69.35638082 42.6559024 112.0122832 -78.90114435 86.26397635 165.1651207 -0.676215952 70.17792833 86.44421112 39.60675606 0.859224641
11 36141 2056 2056 0 -4.792601768 66.50027696 -144.1494409 146.9276727 291.0771136 -179.0094922 179.8569998 358.866492 0.2271788089 163.1905247 179.8799934 306.6643476 0.604274914
12 81500 6229 6229 0 -7.215373623 40.61331208 -50.88806147 66.70878605 117.5968475 -56.64948169 116.2360126 172.8854943 0.2961842082 68.28643183 117.8136584 91.3397717 0.7665458817
13 142107 26987 26987 0 -3.12119472 15.40646131 -17.54476721 27.29924008 44.8440073 -18.31648834 85.51076714 103.8272555 1.166033671 40.57874623 98.79027328 8.803582731 0.9648635541
14 16000 363 363 0 -2.015285945 94.0143684 -170.9179467 155.0252454 325.9431921 -179.6308278 179.9882996 359.6191274 -0.0445862027 175.5801335 179.9985495 44.83121337 0.2442484666
15 74518 13884 13884 0 -3.643730333 25.57377661 -25.38530164 39.51299724 64.89829888 -179.1197549 179.3267236 358.4464785 1.2282032 47.59448752 179.8482216 189.1811918 0.920532107
16 45696 4437 4437 0 -0.9630131485 25.01516151 -34.12039564 32.56637079 66.68676643 -179.3242211 177.3232647 356.6474858 -0.4695915814 42.50152094 179.951937 239.6344723 0.9266416572

K=19, STD=0.01467571718
n = trajectories per cluster; conditions overlap.
n = 1: clusters=0/19 (0.00%); trajectories=0/194058 (0.00%)
n < 10: clusters=0/19 (0.00%); trajectories=0/194058 (0.00%)
n < 100: clusters=0/19 (0.00%); trajectories=0/194058 (0.00%)

K=19, phase=backward, parameter=eps [km^2/s^2]
cluster representative_source n_cluster n_valid n_missing median std p05 p95 width90 minimum maximum range skewness error95 error_max angle_origin_deg angle_resultant
0 181750 47016 47016 0 -0.1256892131 0.03841309846 -0.1923192041 -0.071977812 0.1203413921 -0.2046430546 -0.05881779331 0.1458252613 -0.1553582097 0.06498573866 0.07294741647 nan nan
1 154799 172 172 0 -0.182372158 0.1595632842 -0.2567578232 -0.1132783906 0.1434794326 -1.017669023 -0.04383479669 0.9738342267 -3.840178773 0.1385492794 0.8351510046 nan nan
2 22050 1975 1975 0 -0.8248364356 0.02734212421 -0.8784737066 -0.8121550095 0.06631869715 -1.020599717 -0.8062084723 0.2143912451 -3.720754991 0.05418641309 0.1963124238 nan nan
3 18261 17002 17002 0 -0.9043494745 0.03932473387 -0.9826920324 -0.8569637564 0.1257282759 -0.9913826165 -0.8455281707 0.1458544458 -0.3915717608 0.06773532849 0.07587795784 nan nan
4 165967 4572 4572 0 -0.2471469992 0.01686102569 -0.2580988812 -0.2060629384 0.05203594271 -0.2593276385 -0.1731371094 0.08619052911 1.01361995 0.0390300317 0.07195586074 nan nan
5 33028 1603 1603 0 -0.8248929037 0.01938593865 -0.862628191 -0.8076271305 0.0550010604 -1.020739299 -0.8066103601 0.2141289389 -1.463799018 0.0404050116 0.1985161196 nan nan
6 221062 4759 4759 0 -0.2136213548 0.04221179194 -0.2547803472 -0.1219732107 0.1328071365 -0.2582250091 -0.09218202284 0.1660429863 0.6394519776 0.08638219228 0.1161733801 nan nan
7 149905 30576 30576 0 -0.2209223546 0.02951431168 -0.2466968446 -0.154998874 0.09169797057 -0.2566144246 -0.1178214189 0.1387930057 0.8444245011 0.06736779608 0.1045452511 nan nan
8 88967 9788 9788 0 -0.9788975397 0.03729953546 -1.003211515 -0.8900527562 0.1131587589 -1.008654727 -0.8067522516 0.2019024756 1.531885522 0.1023938476 0.1856943523 nan nan
9 23187 12448 12448 0 -0.8708915034 0.02011207778 -0.9014042232 -0.8389966746 0.06240754857 -0.9100740955 -0.8065266032 0.1035474923 0.1862691833 0.05903953523 0.06770940752 nan nan
10 33619 2966 2966 0 -0.9025506832 0.04684504568 -0.9766717341 -0.8245982787 0.1520734554 -1.020743755 -0.8063623697 0.2143813855 0.07931551126 0.07861041004 0.1176420584 nan nan
11 36141 2059 2059 0 -0.8911750477 0.05161844996 -0.9755266235 -0.8294972972 0.1460293263 -1.020778602 -0.8155535203 0.2052250817 -0.2131998544 0.07802497654 0.1137110625 nan nan
12 168676 1595 1595 0 -0.1934393217 0.04569235974 -0.2561022216 -0.1147692925 0.1413329291 -0.2595672675 -0.04380722131 0.2157600462 0.3049953293 0.08304903363 0.1540111049 nan nan
13 141808 26930 26930 0 -0.1876432181 0.03321499441 -0.2280378566 -0.1293707743 0.09866708235 -0.2461931169 -0.1187254608 0.1274676561 0.2476354846 0.06163327008 0.07227858355 nan nan
14 16000 355 355 0 -0.8663653211 0.05481744633 -0.9754293973 -0.8189918626 0.1564375347 -1.020754723 -0.8068393667 0.2139153566 -0.6225117116 0.1466869848 0.1920123108 nan nan
15 74518 13890 13890 0 -0.93782713 0.01848621189 -0.9679495133 -0.9087968095 0.05915270382 -1.016166402 -0.9005575832 0.1156088184 -0.06128828409 0.04952634116 0.0578529356 nan nan
16 45926 4471 4471 0 -0.8500996374 0.02871737614 -0.9082159501 -0.8275804343 0.08063551575 -1.020836128 -0.8067739195 0.2140622089 -1.006988849 0.06129863859 0.1739188169 nan nan
17 153904 8021 8021 0 -0.1686354764 0.03514428973 -0.2093354863 -0.1113760747 0.09795941156 -0.2346222765 -0.04413887266 0.1904834038 0.2106025663 0.06261971289 0.129856915 nan nan
18 133750 3860 3860 0 -0.1408106531 0.05516327726 -0.2131803631 -0.04724040112 0.1659399619 -0.241818408 -0.04387907749 0.1979393305 0.2539099101 0.1046705861 0.1080319098 nan nan

K=19, phase=backward, parameter=e [-]
cluster representative_source n_cluster n_valid n_missing median std p05 p95 width90 minimum maximum range skewness error95 error_max angle_origin_deg angle_resultant
0 181750 47016 47016 0 0.6995210411 0.09351187963 0.5351036371 0.8284360195 0.2933323824 0.5030713281 0.8598376402 0.3567663121 -0.1786116725 0.1586453245 0.1821138762 nan nan
1 154799 172 172 0 0.5609795638 0.1279485045 0.3775746059 0.7293188618 0.3517442559 0.2030269335 0.8955575814 0.6925306479 -0.1993646059 0.2342293499 0.3566057439 nan nan
2 22050 1975 1975 0 0.225515701 0.05693953278 0.1875087824 0.3466149623 0.1591061799 0.168193931 0.572638391 0.40444446 2.983150588 0.1227165589 0.3487399876 nan nan
3 18261 17002 17002 0 0.3934481495 0.06820765589 0.3013740654 0.519431999 0.2180579336 0.2759808255 0.5320537516 0.2560729261 0.234856944 0.115083081 0.1370728765 nan nan
4 165967 4572 4572 0 0.388394662 0.04600313563 0.3570132941 0.4989290949 0.1419158009 0.3533386986 0.5839140829 0.2305753842 0.9647926946 0.10513431 0.1901192979 nan nan
5 33028 1603 1603 0 0.2251496371 0.04840620619 0.172930686 0.314488591 0.141557905 0.1694347377 0.5728514127 0.4034166749 0.7847921134 0.09567019312 0.3540330148 nan nan
6 221062 4759 4759 0 0.4803581169 0.108586527 0.3669082809 0.7088011883 0.3418929074 0.3566637373 0.7802993862 0.423635649 0.5604589644 0.214152954 0.2856511519 nan nan
7 149905 30576 30576 0 0.4607687899 0.07634134588 0.3902018477 0.627720605 0.2375187572 0.3614360563 0.7187954941 0.3573594377 0.7753675504 0.1714680403 0.2625429294 nan nan
8 88967 9788 9788 0 0.5139415142 0.06200511916 0.3683199004 0.5487947736 0.1804748732 0.1702670974 0.5563450703 0.3860779729 -1.902583389 0.1653229372 0.3633757402 nan nan
9 23187 12448 12448 0 0.3311164656 0.04160139041 0.2611322122 0.3888924966 0.1277602844 0.1691570339 0.4038803511 0.2347233172 -0.4149502953 0.1197461154 0.1347339698 nan nan
10 33619 2966 2966 0 0.3908161401 0.08737914225 0.2255268192 0.5106781153 0.2851512961 0.168591401 0.5728380059 0.4042466048 -0.4113194553 0.166374178 0.2230357924 nan nan
11 36141 2059 2059 0 0.3699006072 0.09573826196 0.237700659 0.5089771544 0.2712764954 0.1994812713 0.5728973064 0.3734160352 0.03922968449 0.1617199521 0.199208579 nan nan
12 168676 1595 1595 0 0.5327409517 0.1162030785 0.362863213 0.7257363619 0.3628731489 0.3526417655 0.8956261106 0.5429843451 0.210647454 0.204853398 0.3747431467 nan nan
13 141808 26930 26930 0 0.5465484159 0.08367483831 0.4416973876 0.6903913729 0.2486939853 0.3922775197 0.716173616 0.3238960963 0.2151961365 0.1524010071 0.1781832502 nan nan
14 16000 355 355 0 0.3213481076 0.104858935 0.2086359763 0.5088539131 0.3002179369 0.170063584 0.5728758046 0.4028122205 0.4077654791 0.2734793364 0.3375012278 nan nan
15 74518 13890 13890 0 0.4507903533 0.02989124763 0.4019787459 0.4977145293 0.0957357834 0.3876212683 0.5665585489 0.1789372806 -0.01015463101 0.08109707282 0.09544943703 nan nan
16 45926 4471 4471 0 0.2875618704 0.05905697884 0.2333328131 0.4010918808 0.1677590677 0.1700000448 0.5729713754 0.4029713306 0.5895601032 0.1207082239 0.2925877185 nan nan
17 153904 8021 8021 0 0.5942954468 0.08695044468 0.4914408173 0.7339388437 0.2424980265 0.4228650542 0.8948398683 0.4719748141 0.1875116794 0.153067269 0.3138277658 nan nan
18 133750 3860 3860 0 0.6626211691 0.1348689925 0.4814116008 0.8874323986 0.4060207978 0.4030483833 0.8954556795 0.4924072962 0.2238019496 0.2518843173 0.2599075982 nan nan

K=19, phase=backward, parameter=w [deg]
cluster representative_source n_cluster n_valid n_missing median std p05 p95 width90 minimum maximum range skewness error95 error_max angle_origin_deg angle_resultant
0 181750 47016 47016 0 -0.5954591387 4.460666835 -5.841967999 10.01217662 15.85414462 -7.372716305 15.42021461 22.79293091 1.140542561 15.08463569 20.49267367 20.6531321 0.9969762359
1 154799 172 172 0 -0.328197424 37.36505095 -9.558688059 10.77345628 20.33214434 -178.0535177 176.5268658 354.5803835 0.7345908627 15.22409825 179.3466533 24.89101579 0.9047392651
2 22050 1975 1975 0 1.364396323 7.628480844 -14.48870655 12.17323711 26.66194366 -33.16571968 14.47763303 47.64335271 -1.116390043 17.00121671 35.67822984 204.6624677 0.9912071267
3 18261 17002 17002 0 -0.3874731588 4.49698774 -6.381412538 7.007295312 13.38870785 -8.192645796 22.29709395 30.48973974 0.9813064495 8.842596316 24.13239495 189.4492737 0.9969280923
4 165967 4572 4572 0 1.973686025 5.296897151 -11.23730626 5.033084746 16.270391 -17.73175209 5.257714424 22.98946652 -1.083500991 15.18770982 21.68215565 31.68145341 0.9957363739
5 33028 1603 1603 0 8.494835752 16.18716861 -31.81659557 13.80666222 45.62325779 -33.16666046 14.11251858 47.27917904 -0.8753403939 42.08844789 43.43851278 204.7124621 0.9606802487
6 221062 4759 4759 0 -1.898421613 8.505505043 -10.25373119 13.16415758 23.41788877 -11.1388609 13.81085834 24.94971924 0.364654073 19.01606702 19.66276778 22.54953568 0.9890143514
7 149905 30576 30576 0 1.587685346 5.349460276 -9.716980158 6.357085102 16.07406526 -15.54145707 9.012632561 24.55408963 -0.5554264569 16.12741168 21.9518886 27.33822601 0.9956483129
8 88967 9788 9788 0 -1.718501364 10.16945194 -12.76038485 20.58654581 33.34693066 -13.77633066 26.1495041 39.92583476 0.7145072781 18.76952722 24.33248551 193.9017897 0.9843603511
9 23187 12448 12448 0 -0.191458674 4.283043702 -5.710543857 6.306958871 12.01750273 -33.89702981 14.53267147 48.42970128 -0.4174473285 9.039003877 31.24478168 205.488163 0.9972173285
10 33619 2966 2966 0 -1.541917424 8.762612227 -7.092308852 20.2113208 27.30362965 -26.78311595 21.99309674 48.77621268 0.8421038591 23.34353106 24.68897632 198.2355216 0.9884062819
11 36141 2059 2059 0 -1.458040089 9.527023174 -8.661338628 16.07741451 24.73875313 -29.11390328 19.74117727 48.85508056 -0.3373008191 22.24733676 24.47744862 200.6134646 0.9862972929
12 168676 1595 1595 0 -1.086886635 5.482681465 -7.850462131 9.855904447 17.70636658 -15.76077596 10.69793441 26.45871036 0.2723288292 9.971158491 15.81814245 26.36355681 0.9954317914
13 141808 26930 26930 0 0.06213955672 2.255567012 -3.705343336 3.367345181 7.072688517 -14.371036 8.372331862 22.74336786 -0.2513160531 5.413288345 16.00348547 27.78111132 0.9992255079
14 16000 355 355 0 -0.1937433718 10.43484423 -22.75998796 15.41659607 38.17658403 -30.6330656 17.25114525 47.88421085 -0.7619003495 22.51183157 30.38490921 202.2359004 0.9835879952
15 74518 13890 13890 0 -0.2408937807 4.655001476 -6.883597354 7.778374096 14.66197145 -27.13599458 12.99358872 40.1295833 0.0558156119 9.96868982 25.00105098 200.8969774 0.9967056672
16 45926 4471 4471 0 1.921996037 7.267157822 -13.3572047 8.120949913 21.47815461 -39.07949787 9.113887879 48.19338574 -2.225314089 16.69996232 42.42225549 210.5831875 0.9920659854
17 153904 8021 8021 0 -0.1563881245 3.478150628 -4.906031028 7.518556241 12.42458727 -13.68833297 12.1912716 25.87960458 0.6589357851 8.687186952 14.44902036 24.27600479 0.9981613111
18 133750 3860 3860 0 1.998142538 6.267367511 -10.79700642 7.905778333 18.70278475 -11.14466958 15.30335969 26.44802927 -0.53739262 13.55892722 13.90659039 21.75977628 0.9940313172

K=19, phase=forward, parameter=eps [km^2/s^2]
cluster representative_source n_cluster n_valid n_missing median std p05 p95 width90 minimum maximum range skewness error95 error_max angle_origin_deg angle_resultant
0 181750 47016 47016 0 -0.1280195568 0.04135358967 -0.1973813352 -0.0724085488 0.1249727864 -0.8238947527 -0.05885393284 0.7650408199 -0.4805819176 0.07267890364 0.6991923211 nan nan
1 154799 172 172 0 -0.5323956447 0.3638955927 -0.9721030812 -0.1160631813 0.8560398999 -0.9769988255 -0.04671985241 0.9302789731 -0.004095024337 0.7598265546 0.7647222989 nan nan
2 22050 1975 1975 0 -0.8252347732 0.1924925939 -0.885857658 -0.1196475277 0.7662101303 -1.020173947 -0.04389160369 0.9762823429 3.186143398 0.7020093807 0.7777653047 nan nan
3 18261 17002 17002 0 -0.9581040158 0.03705869931 -1.000500347 -0.8857146769 0.1147856698 -1.008564402 -0.8702924762 0.1382719254 0.4093726333 0.06456454106 0.07998674177 nan nan
4 165967 4572 4572 0 -0.2017511228 0.3359547419 -0.8454968194 -0.1079094432 0.7375873762 -1.020702889 -0.1044223306 0.9162805581 -0.3329943883 0.7195813277 0.8947873969 nan nan
5 33028 1603 1603 0 -0.2454580763 0.1140090982 -0.2567397588 -0.2037069347 0.05303282405 -0.9806716823 -0.1074576018 0.8732140805 -5.922114473 0.06471201345 0.7384136813 nan nan
6 221062 4759 4759 0 -0.841441147 0.0309379383 -0.9126168815 -0.8141171858 0.09849969571 -1.020820046 -0.807091806 0.2137282399 -2.588929458 0.07613841287 0.1843415774 nan nan
7 149905 30576 30576 0 -0.8727768925 0.02655312501 -0.9272376274 -0.8408980659 0.08633956158 -0.9752504411 -0.8072575607 0.1679928804 -0.5515020463 0.08713571234 0.135148526 nan nan
8 88967 9788 9788 0 -0.8906324282 0.03613696634 -0.9695315872 -0.8529140083 0.1166175789 -0.9853012221 -0.8124351423 0.1728660798 -0.6312214063 0.06758508558 0.09100424442 nan nan
9 23187 12448 12448 0 -0.2250028499 0.1301814351 -0.2489686157 -0.1548731992 0.09409541642 -0.9814862737 -0.1399771522 0.8415091215 -4.709695039 0.07553750968 0.7592000225 nan nan
10 33619 2966 2966 0 -0.8999579795 0.04738341814 -0.9764975334 -0.8203707708 0.1561267626 -1.020656292 -0.8063625598 0.2142937317 0.02172223483 0.102982361 0.1169905721 nan nan
11 36141 2059 2059 0 -0.1814671548 0.289911644 -0.8922755128 -0.04750076937 0.8447747434 -0.9997486344 -0.04398107964 0.9557675548 -1.471099181 0.7441427282 0.8516158499 nan nan
12 168676 1595 1595 0 -0.2070854628 0.3204419928 -0.9128525359 -0.11489141 0.7979611258 -1.008423351 -0.04380055914 0.9646227914 -0.8116884576 0.7253984447 0.8209692594 nan nan
13 141808 26930 26930 0 -0.9351539191 0.02302633904 -0.9673409495 -0.8951190041 0.07222194543 -0.9830183099 -0.8092117789 0.173806531 0.5029608511 0.03972948793 0.1221062663 nan nan
14 16000 355 355 0 -0.2078120675 0.3441461902 -0.9597576588 -0.1143142471 0.8454434118 -1.020440955 -0.04492689433 0.9755140607 -0.5900327471 0.7858870004 0.8465702966 nan nan
15 74518 13890 13890 0 -0.1967434584 0.07248349651 -0.2302344381 -0.1288894449 0.1013449932 -0.8565412752 -0.1185237468 0.7380175284 -6.69924551 0.06871342347 0.6604280975 nan nan
16 45926 4471 4471 0 -0.1828416622 0.07692013643 -0.2198826387 -0.09360645133 0.1262761873 -0.97968998 -0.04477505011 0.9349149299 -6.502635584 0.08463353968 0.8102806694 nan nan
17 153904 8021 8021 0 -0.1795383125 0.07865990262 -0.2561658896 -0.1124479791 0.1437179105 -1.013242514 -0.0678054649 0.9454370492 -5.814044862 0.08389143862 0.8175527959 nan nan
18 133750 3860 3860 0 -0.8635685285 0.05274343375 -0.9735911739 -0.8112538447 0.1623373292 -1.020582924 -0.8067544424 0.2138284815 -0.5444759606 0.0952865027 0.114519513 nan nan

K=19, phase=forward, parameter=e [-]
cluster representative_source n_cluster n_valid n_missing median std p05 p95 width90 minimum maximum range skewness error95 error_max angle_origin_deg angle_resultant
0 181750 47016 47016 0 0.6938701947 0.1006799002 0.5221900246 0.8274096614 0.3052196369 0.2228652472 0.8597500074 0.6368847602 -0.3403492718 0.179905937 0.4792307143 nan nan
1 154799 172 172 0 0.48242923 0.1474835964 0.239515748 0.7228639617 0.4833482137 0.1698141831 0.8887012719 0.7188870888 0.2688594156 0.2605357349 0.404824026 nan nan
2 22050 1975 1975 0 0.2302687279 0.1509878438 0.1886771787 0.7139561454 0.5252789666 0.1697123633 0.8954250633 0.7257127 2.794855847 0.4973364074 0.6788053253 nan nan
3 18261 17002 17002 0 0.4824432036 0.05984464676 0.3590967933 0.5449630403 0.185866247 0.3288583836 0.5562090262 0.2273506425 -0.5273413819 0.1110694684 0.1413078781 nan nan
4 165967 4572 4572 0 0.5138084708 0.2038098439 0.1846832712 0.7422756066 0.5575923354 0.1711702751 0.7506671371 0.5794968621 -0.1366894069 0.5142192113 0.5277322074 nan nan
5 33028 1603 1603 0 0.3969928738 0.05756203248 0.3619024743 0.5157167339 0.1538142596 0.3590706997 0.7437231963 0.3846524966 2.279530197 0.1122833382 0.3402898005 nan nan
6 221062 4759 4759 0 0.2672587728 0.06181770561 0.192916781 0.4084025756 0.2154857946 0.1710855758 0.5729557573 0.4018701815 1.830774537 0.1531821399 0.3177353215 nan nan
7 149905 30576 30576 0 0.3350488079 0.05214240324 0.2658006184 0.4335879215 0.1677873031 0.1716128969 0.508603409 0.3369905121 0.1826385351 0.1698609264 0.244876414 nan nan
8 88967 9788 9788 0 0.3688277326 0.06451518381 0.292785411 0.5001721362 0.2073867252 0.1898275721 0.5233191431 0.3334915711 0.4359775727 0.1139530067 0.2022782796 nan nan
9 23187 12448 12448 0 0.4516483251 0.08134452757 0.3877802317 0.6280703443 0.2402901126 0.1872196631 0.6645567851 0.477337122 0.4470915528 0.1759317467 0.269254571 nan nan
10 33619 2966 2966 0 0.3861572141 0.08870785981 0.2105657208 0.5104661979 0.2999004771 0.1685723685 0.5727162374 0.4041438689 -0.3711086523 0.2160874984 0.2580808508 nan nan
11 36141 2059 2059 0 0.5622638038 0.1876133005 0.2729451252 0.8868390201 0.613893895 0.1702037848 0.8952125964 0.7250088116 0.02691467391 0.3718592623 0.4746006027 nan nan
12 168676 1595 1595 0 0.50059652 0.1649682525 0.2243175998 0.7254255782 0.5011079784 0.1710055509 0.8956399398 0.7246343889 -0.004914995883 0.3277159963 0.376196563 nan nan
13 141808 26930 26930 0 0.4464494213 0.03879449154 0.3774704074 0.49679943 0.1193290226 0.1789620903 0.5195540133 0.340591923 -0.8869716521 0.06512004734 0.2611599462 nan nan
14 16000 355 355 0 0.5009971465 0.1600739015 0.2230388315 0.7268145332 0.5037757017 0.1776533983 0.8929479705 0.7152945722 -0.03411869497 0.3583149209 0.4037003541 nan nan
15 74518 13890 13890 0 0.523678845 0.09069140608 0.4358689462 0.6915444595 0.2556755134 0.1701598274 0.716669296 0.5465094685 0.002872170013 0.1700853434 0.3549265807 nan nan
16 45926 4471 4471 0 0.5595121287 0.1030432353 0.4658450962 0.7768968509 0.3110517547 0.1698731259 0.8933267906 0.7234536647 0.3776138772 0.2074985234 0.4232266519 nan nan
17 153904 8021 8021 0 0.5671643144 0.1129524207 0.3631626168 0.7313255124 0.3681628957 0.1700666531 0.8384885339 0.6684218808 -0.4063054127 0.2064163329 0.356300135 nan nan
18 133750 3860 3860 0 0.3165859086 0.1024491223 0.184909489 0.5060966272 0.3211871382 0.1700181651 0.5726195203 0.4026013552 0.3129202571 0.2120101435 0.2269014674 nan nan

K=19, phase=forward, parameter=w [deg]
cluster representative_source n_cluster n_valid n_missing median std p05 p95 width90 minimum maximum range skewness error95 error_max angle_origin_deg angle_resultant
0 181750 47016 47016 0 -3.852847664 19.3138537 -22.82801544 38.11572078 60.94373622 -130.86826 81.51713783 212.3853978 0.92019404 37.15828443 131.8332195 175.4503479 0.9450392704
1 154799 172 172 0 26.31235207 80.51904382 -113.6446238 129.3828965 243.0275203 -177.5443572 178.0607261 355.6050833 0.1060990277 171.4945885 179.5260067 229.9354754 0.2791655175
2 22050 1975 1975 0 -4.054071445 40.71509609 -27.49041474 123.7468637 151.2372784 -177.7958682 178.8145721 356.6104404 1.934069903 136.8892506 177.9830655 162.9795906 0.8328887003
3 18261 17002 17002 0 -1.617657606 9.957698322 -12.15581524 17.22898293 29.38479817 -13.41623394 49.75051921 63.16675315 1.368979019 23.52160067 56.04313695 302.8257261 0.9851234645
4 165967 4572 4572 0 -19.73276213 72.58852146 -72.10444748 115.3804439 187.4848914 -179.5349625 179.9849001 359.5198627 0.2136148472 162.2985681 179.9848859 290.6506389 0.3817784192
5 33028 1603 1603 0 -4.744567534 35.44040829 -29.14119962 50.20257963 79.34377926 -178.807544 177.5687622 356.3763062 -1.772538102 54.90273586 179.9789589 211.0434482 0.87046153
6 221062 4759 4759 0 -6.118764609 23.99510716 -24.47211604 52.36991759 76.84203363 -34.60217906 111.0061132 145.6082922 1.352565503 64.07463533 122.7108309 59.88719313 0.9180321697
7 149905 30576 30576 0 -2.854274633 17.87511654 -21.30712473 32.5517292 53.85885393 -24.04883589 99.66786152 123.7166974 1.310415514 34.4236208 101.5397531 15.2255161 0.953473258
8 88967 9788 9788 0 -3.23600544 19.44929172 -22.61444835 39.02732821 61.64177656 -24.07552472 80.52088614 104.5964109 0.8660108831 42.3604914 83.85404933 313.5228248 0.9441785164
9 23187 12448 12448 0 -3.906359403 34.87949926 -21.8335806 36.05592551 57.88950611 -179.9498303 179.8424813 359.7923116 0.594654229 45.60944808 179.8574053 185.0552804 0.8890587712
10 33619 2966 2966 0 4.065494276 31.67807098 -69.35638082 42.6559024 112.0122832 -78.90114435 86.26397635 165.1651207 -0.676215952 70.17792833 86.44421112 39.60675606 0.859224641
11 36141 2059 2059 0 -4.773574627 66.47232982 -144.0455559 146.9739813 291.0195372 -178.9253348 179.9411572 358.866492 0.2295532506 163.1526759 179.8799934 306.5801902 0.6045432678
12 168676 1595 1595 0 -0.6261923472 89.01345562 -170.7480069 158.6343047 329.3823117 -179.8027861 179.2261298 359.0289159 -0.09493241909 173.6692221 179.9745312 28.35619019 0.3400344235
13 141808 26930 26930 0 -3.074638927 15.48177916 -17.6045672 27.27039101 44.8749582 -18.38532232 93.91231299 112.2976353 1.209992361 40.32543942 106.9673614 8.87241671 0.9645925325
14 16000 355 355 0 -2.274578643 92.63416835 -171.062418 152.9644597 324.0268777 -179.8313114 178.3526831 358.1839946 -0.07435050459 175.7710993 179.9985495 44.22349624 0.2562239488
15 74518 13890 13890 0 -3.639446091 25.58923999 -25.4062715 39.52854562 64.93481712 -179.140872 179.3056064 358.4464785 1.227047919 47.65848224 179.8482216 189.202309 0.9204139334
16 45926 4471 4471 0 -0.9688599655 25.10669592 -33.84576469 32.71820564 66.56397033 -179.2030974 177.4443884 356.6474858 -0.3819421083 42.02895142 179.7394176 239.5133487 0.9262906519
17 153904 8021 8021 0 -2.519821748 26.55291353 -39.10205689 43.64765562 82.74971252 -159.159297 153.7587786 312.9180757 0.7500202697 59.78428352 169.1307872 287.7966901 0.9063179975
18 133750 3860 3860 0 4.423267196 33.0226781 -55.77226235 48.80599324 104.5782556 -71.16906147 100.5110593 171.6801208 -0.1720912031 60.08039568 101.0704074 118.7499144 0.8442502167

K=22, STD=0.01376214996
n = trajectories per cluster; conditions overlap.
n = 1: clusters=0/22 (0.00%); trajectories=0/194058 (0.00%)
n < 10: clusters=0/22 (0.00%); trajectories=0/194058 (0.00%)
n < 100: clusters=0/22 (0.00%); trajectories=0/194058 (0.00%)

K=22, phase=backward, parameter=eps [km^2/s^2]
cluster representative_source n_cluster n_valid n_missing median std p05 p95 width90 minimum maximum range skewness error95 error_max angle_origin_deg angle_resultant
0 181750 46985 46985 0 -0.125612638 0.03838405047 -0.1921832106 -0.07197222354 0.1202109871 -0.2046430546 -0.05881779331 0.1458252613 -0.1554018542 0.06493427107 0.07294741647 nan nan
1 14264 303 303 0 -0.8636095087 0.05430395409 -0.9725918 -0.8190662991 0.1535255009 -1.017669023 -0.8068393667 0.2108296566 -0.6566602291 0.1445632758 0.1896404991 nan nan
2 21401 1060 1060 0 -0.8295157225 0.03961422682 -0.9577616265 -0.8246708107 0.1330908158 -1.020754723 -0.8219637802 0.1987909431 -2.188731411 0.1291509277 0.1921440245 nan nan
3 68790 8011 8011 0 -0.9861873748 0.01097357208 -1.003900997 -0.9674723875 0.0364286099 -1.008654727 -0.9466583887 0.06199633839 0.1267335605 0.0290007034 0.04981470211 nan nan
4 164821 4138 4138 0 -0.2456352458 0.0175764732 -0.2582107148 -0.2045678683 0.05364284651 -0.2593276385 -0.1731371094 0.08619052911 0.8733543185 0.03992868061 0.07135943949 nan nan
5 33028 1629 1629 0 -0.8244365501 0.01940952199 -0.8624485736 -0.8075411396 0.05490743395 -1.020739299 -0.8064439403 0.2142953587 -1.457828294 0.04022539423 0.1985161196 nan nan
6 111153 11084 11084 0 -0.1741012156 0.02201313603 -0.2099712827 -0.1409118424 0.06905944033 -0.2168571578 -0.1058680932 0.1109890646 0.1395042334 0.03786071302 0.07123501501 nan nan
7 211064 21968 21968 0 -0.2326162859 0.01378974621 -0.2488999405 -0.2036053904 0.04529455007 -0.2581555443 -0.1882043667 0.0699511776 0.5043298837 0.02697761145 0.04227312203 nan nan
8 9377 3037 3037 0 -0.9232578654 0.0251929837 -0.9586829938 -0.8802918643 0.07839112953 -0.9621064395 -0.8480979179 0.1140085216 0.1803903271 0.04463486912 0.0768288155 nan nan
9 12322 1046 1046 0 -0.815881463 0.03497481241 -0.8250251792 -0.8077015227 0.01732365656 -0.8650264246 -0.2565157609 0.6085106637 15.47794802 0.009563111922 0.5590421508 nan nan
10 100423 3526 3526 0 -0.9212611542 0.04603051081 -0.9779198862 -0.8285317201 0.1493881661 -1.00142145 -0.8065266032 0.1948948466 0.4489635066 0.08415522165 0.09947434826 nan nan
11 36141 2038 2038 0 -0.8857261862 0.05186702119 -0.9751358631 -0.8277863759 0.1473494872 -1.020778602 -0.8206074328 0.2001711693 -0.2810597606 0.07992706968 0.1137110625 nan nan
12 160348 1621 1621 0 -0.1906959165 0.04662458716 -0.2558702992 -0.114534197 0.1413361022 -0.2595672675 -0.04380722131 0.2157600462 0.2293970231 0.07428215721 0.1450091329 nan nan
13 144186 25067 25067 0 -0.1885080169 0.03283757503 -0.2271626073 -0.1292537114 0.09790889596 -0.243857736 -0.1190659814 0.1247917546 0.291547493 0.06371730715 0.07390503714 nan nan
14 43405 5471 5471 0 -0.8523615842 0.02677589047 -0.906475609 -0.8305459947 0.07592961437 -1.020836128 -0.8068607798 0.2139753485 -1.29875513 0.06052006084 0.1748805801 nan nan
15 74518 13111 13111 0 -0.9391556007 0.01757169145 -0.9681839303 -0.9121680195 0.05601591079 -1.016166402 -0.9012620367 0.1149043649 -0.07228007281 0.04616157614 0.0578529356 nan nan
16 34315 2534 2534 0 -0.9121140416 0.04705376244 -0.9774578168 -0.8366617895 0.1407960273 -1.020743755 -0.8063623697 0.2143813855 0.2039692841 0.07699655565 0.1081390588 nan nan
17 153904 8089 8089 0 -0.1693591198 0.035342587 -0.2095817455 -0.1114217324 0.0981600131 -0.245510047 -0.04413887266 0.2013711743 0.202712779 0.06269942739 0.129856915 nan nan
18 132574 3863 3863 0 -0.1423796875 0.05549912719 -0.2132392604 -0.04724355705 0.1659957034 -0.2446692737 -0.04387907749 0.2007901962 0.2673211607 0.102733762 0.1060982415 nan nan
19 220939 4674 4674 0 -0.2136673121 0.04240781412 -0.2547289267 -0.1209219386 0.1338069881 -0.2582250091 -0.09022618719 0.1679988219 0.6567816476 0.0860591699 0.1167549214 nan nan
20 45979 11758 11758 0 -0.8752114855 0.02079192874 -0.9060353183 -0.8402766546 0.06575866377 -0.9116388917 -0.8134470741 0.09819181753 0.1195847072 0.03724801235 0.06407759275 nan nan
21 17178 13045 13045 0 -0.894911974 0.03272949401 -0.9596403851 -0.8553350664 0.1043053187 -0.9828645848 -0.8455281707 0.1373364141 -0.4116653865 0.05652468389 0.07950495546 nan nan

K=22, phase=backward, parameter=e [-]
cluster representative_source n_cluster n_valid n_missing median std p05 p95 width90 minimum maximum range skewness error95 error_max angle_origin_deg angle_resultant
0 181750 46985 46985 0 0.6996110713 0.09343734566 0.535341537 0.8284390304 0.2930974934 0.5036808617 0.8598376402 0.3561567785 -0.1785808373 0.1584517186 0.1815043426 nan nan
1 14264 303 303 0 0.3158932049 0.1041624267 0.2088552062 0.5047185508 0.2958633446 0.170063584 0.568733005 0.398669421 0.4436998273 0.2712983677 0.3353128219 nan nan
2 21401 1060 1060 0 0.2377345616 0.07699048605 0.2249762186 0.4820490239 0.2570728052 0.2175246744 0.5728758046 0.3553511301 1.933973492 0.246753562 0.3375803428 nan nan
3 68790 8011 8011 0 0.5245522135 0.01594522234 0.4967744967 0.5497275478 0.05295305106 0.4650891968 0.5563450703 0.09125587352 -0.1774837573 0.04254222775 0.07422752771 nan nan
4 164821 4138 4138 0 0.3925894206 0.04789081393 0.3566153294 0.5027506621 0.1461353327 0.3533386986 0.5839140829 0.2305753842 0.8264185426 0.1072816173 0.188445038 nan nan
5 33028 1629 1629 0 0.2241238618 0.04852083035 0.1726654536 0.31389632 0.1412308664 0.1689168167 0.5728514127 0.4039345959 0.7877657416 0.09507792213 0.3540330148 nan nan
6 111153 11084 11084 0 0.5804171933 0.05508392736 0.4889478954 0.6622890656 0.1733411702 0.4709049956 0.7475373127 0.2766323172 0.09762641656 0.09567114241 0.1746857238 nan nan
7 211064 21968 21968 0 0.429294307 0.03738853201 0.3838979484 0.5066057782 0.1227078298 0.3568561781 0.5462144328 0.1893582547 0.447095398 0.07338976106 0.1106042055 nan nan
8 9377 3037 3037 0 0.4260864466 0.04325538943 0.3485556321 0.4832120326 0.1346564005 0.281939602 0.4886187475 0.2066791454 -0.2789216012 0.08029556128 0.1469115914 nan nan
9 12322 1046 1046 0 0.199593777 0.01917491269 0.1734196717 0.2262349876 0.05281531586 0.168193931 0.362070417 0.193876486 2.539082703 0.02840489622 0.1634575652 nan nan
10 100423 3526 3526 0 0.423544409 0.08519961913 0.2360321961 0.5126089746 0.2765767785 0.1691570339 0.5463402149 0.377183181 -0.7691713447 0.1614613626 0.2283365248 nan nan
11 36141 2038 2038 0 0.3597693589 0.09677339702 0.233541895 0.5084585169 0.2749166219 0.2110358437 0.5728973064 0.3618614627 0.1072648546 0.1660784624 0.1876540065 nan nan
12 160348 1621 1621 0 0.5390829506 0.118346645 0.3635136138 0.7262887473 0.3627751335 0.3526417655 0.8956261106 0.5429843451 0.1355140177 0.187040831 0.3518654369 nan nan
13 144186 25067 25067 0 0.5443310988 0.08268370659 0.4440450729 0.690662542 0.2466174691 0.397437746 0.7153514309 0.3179136849 0.2590179652 0.1576639015 0.1823527904 nan nan
14 43405 5471 5471 0 0.292450219 0.05426239293 0.2404179778 0.3979522693 0.1575342915 0.170281969 0.5729713754 0.4026894064 0.8271417292 0.1198285561 0.2948476623 nan nan
15 74518 13111 13111 0 0.4529167502 0.02828638344 0.4079234375 0.4980556697 0.0901322322 0.3888909181 0.5665585489 0.1776676307 0.003473597333 0.07517264074 0.09417978716 nan nan
16 34315 2534 2534 0 0.4076749636 0.08628706749 0.2547774419 0.5118646385 0.2570871966 0.168591401 0.5728380059 0.4042466048 -0.4925525683 0.1542124484 0.239729255 nan nan
17 153904 8089 8089 0 0.5925124808 0.08751245165 0.4907713845 0.7338391798 0.2430677953 0.3926492482 0.8948398683 0.5021906201 0.1762952695 0.1533011364 0.3138277658 nan nan
18 132574 3863 3863 0 0.6588573871 0.1357247714 0.4812853009 0.887427393 0.4061420921 0.3966677465 0.8954556795 0.498787933 0.2369706671 0.2471393876 0.255167674 nan nan
19 220939 4674 4674 0 0.4801497801 0.1089954631 0.3670435144 0.7113346238 0.3442911094 0.3566637373 0.7849756298 0.4283118925 0.5775331636 0.213122989 0.286763995 nan nan
20 45979 11758 11758 0 0.3398147165 0.04192097161 0.2641845538 0.3971343267 0.1329497729 0.1930647573 0.4070149161 0.2139501588 -0.2575057473 0.08012201062 0.1512418072 nan nan
21 17178 13045 13045 0 0.3764863614 0.05864210999 0.2977956937 0.4848243783 0.1870286845 0.2759808255 0.5196946336 0.2437138081 0.2636776433 0.1009835553 0.1279174471 nan nan

K=22, phase=backward, parameter=w [deg]
cluster representative_source n_cluster n_valid n_missing median std p05 p95 width90 minimum maximum range skewness error95 error_max angle_origin_deg angle_resultant
0 181750 46985 46985 0 -0.5884876233 4.445906741 -5.832632315 9.959312038 15.79194435 -7.363374937 15.39767072 22.76104566 1.134655835 15.02242973 20.46078842 20.64379073 0.9969961527
1 14264 303 303 0 -1.21048431 10.61100448 -26.29715647 15.53243247 41.82958894 -30.17113167 17.71307918 47.88421085 -0.7268018524 25.4538892 29.32786441 201.7739665 0.9830297321
2 21401 1060 1060 0 0.4887684952 6.542809637 -12.65898377 10.91847669 23.57746046 -34.93352353 13.02979804 47.96332157 -0.6472547553 12.89801237 33.72614288 206.6680532 0.9935167761
3 68790 8011 8011 0 -0.6615649545 5.714125605 -8.216835108 10.53831594 18.75515105 -10.35310642 17.26439758 27.617504 0.4179283805 10.28141505 16.70381173 191.0725489 0.995036749
4 164821 4138 4138 0 2.120039793 5.309951526 -11.65773165 4.717415828 16.37514748 -18.05981881 4.929647703 22.98946652 -1.227920399 15.3636816 21.76576876 32.00952013 0.9957163902
5 33028 1629 1629 0 8.04157985 16.12113012 -31.96012973 13.78447194 45.74460167 -33.17353494 14.10119156 47.2747265 -0.8942734806 42.22510757 43.43851278 204.7193365 0.9610090517
6 111153 11084 11084 0 1.140573279 4.419702946 -13.45003708 4.098520157 17.54855723 -18.16671446 6.319417242 24.4861317 -2.085277562 15.24506276 19.96174015 29.62679929 0.9970356062
7 211064 21968 21968 0 0.1836066766 5.260396807 -8.261624432 7.509241506 15.77086594 -11.50642039 10.13314579 21.63956618 -0.05567560242 11.00677781 13.6306821 26.21771278 0.9957908466
8 9377 3037 3037 0 -0.6821304091 4.050872926 -2.689481449 6.811352653 9.500834102 -3.154004385 28.46690415 31.62090854 4.579785932 7.79044889 29.44600039 183.2794635 0.9975282281
9 12322 1046 1046 0 2.637609893 13.7903312 -18.21320649 11.62222172 29.83542821 -175.3524447 17.65158188 193.0040265 -7.779635293 19.40964464 176.5488828 201.4099384 0.9810543519
10 100423 3526 3526 0 1.186132101 9.580292308 -15.2684591 13.63439208 28.90285118 -26.66201174 14.16479773 40.82680947 -0.2015714404 24.6014799 35.99503254 205.8864961 0.9860784792
11 36141 2038 2038 0 -1.598385224 9.481732314 -8.973755411 15.77316841 24.74692382 -29.58418815 19.2708924 48.85508056 -0.408875432 22.37351356 24.47744862 201.0837495 0.9864276249
12 160348 1621 1621 0 -0.8533561081 5.114961741 -7.211920003 9.972757829 17.18467783 -15.36058119 11.09390049 26.45448167 0.3233367347 9.959137331 15.72091557 25.96336204 0.9960242008
13 144186 25067 25067 0 0.03462780742 2.174365024 -3.565661681 3.333623365 6.899285046 -14.24868165 8.010131256 22.2588129 -0.2372069894 5.201494686 15.83700414 27.80285347 0.9992802315
14 43405 5471 5471 0 2.703374326 7.710966066 -11.82705047 9.252928355 21.07997882 -37.6825781 10.51080765 48.19338574 -1.685317154 15.50551658 41.36104421 209.1862677 0.9910472616
15 74518 13111 13111 0 -0.3381635589 4.695279009 -6.810807459 7.995115049 14.80592251 -27.06321199 13.39938855 40.46260054 0.1451981779 10.11121063 25.00105098 200.8241948 0.9966484762
16 34315 2534 2534 0 -0.9703563142 7.641961139 -5.870391695 19.45849295 25.32888464 -25.51357323 23.26263945 48.77621268 0.9350323211 22.73513176 25.96080481 196.9659789 0.9911874681
17 153904 8089 8089 0 -0.1966495057 3.567263807 -4.971987218 8.068639938 13.04062716 -13.74635285 12.44629277 26.19264562 0.7608155939 9.157139582 14.44902036 24.33402466 0.9980659818
18 132574 3863 3863 0 1.936758922 6.337444503 -10.86732735 8.463075334 19.33040268 -11.21519626 15.23283301 26.44802927 -0.4893387957 13.43077786 13.77864677 21.83030296 0.9938976594
19 220939 4674 4674 0 -2.037754605 8.526865691 -10.16704869 13.26251223 23.42956092 -11.10025575 13.90337415 25.0036299 0.3872006034 19.1454056 19.78626752 22.45701987 0.9889595762
20 45979 11758 11758 0 -0.1242361454 3.410645816 -5.299953895 5.647183815 10.94713771 -10.00285067 11.69225359 21.69510426 0.05114737803 6.12535737 11.26255175 205.3660243 0.9982294152
21 17178 13045 13045 0 -0.5471047029 3.885860113 -5.205238876 6.264708341 11.46994722 -6.343681754 21.626112 27.96979375 1.085940023 7.422676632 22.78408029 189.9633002 0.9977052359

K=22, phase=forward, parameter=eps [km^2/s^2]
cluster representative_source n_cluster n_valid n_missing median std p05 p95 width90 minimum maximum range skewness error95 error_max angle_origin_deg angle_resultant
0 181750 46985 46985 0 -0.1279891791 0.04123189517 -0.1973667626 -0.07239943329 0.1249673293 -0.8238947527 -0.05885393284 0.7650408199 -0.3861224518 0.072664331 0.6991923211 nan nan
1 14264 303 303 0 -0.2056720922 0.3239384027 -0.9407589926 -0.1120210915 0.828737901 -1.020440955 -0.04492689433 0.9755140607 -0.8573006561 0.7347730997 0.8144550622 nan nan
2 21401 1060 1060 0 -0.828393602 0.05309118057 -0.944037857 -0.812508763 0.131529094 -1.020173947 -0.04606809117 0.9741058554 5.107214965 0.1207487349 0.7804413899 nan nan
3 68790 8011 8011 0 -0.9087383573 0.04268783744 -0.9833451436 -0.853971647 0.1293734966 -0.9884443673 -0.8145741108 0.1738702565 -0.1941922898 0.07187866332 0.09714841594 nan nan
4 164821 4138 4138 0 -0.1950915919 0.3210774722 -0.831682803 -0.1075144 0.724168403 -1.020702889 -0.1044065329 0.9162963557 -0.6238176971 0.7042475702 0.8932676559 nan nan
5 33028 1629 1629 0 -0.2460186997 0.1397485129 -0.2571663016 -0.2053015844 0.05186471724 -0.9806716823 -0.1074576018 0.8732140805 -4.391904526 0.1036037899 0.7384136813 nan nan
6 111153 11084 11084 0 -0.8728798663 0.02562409529 -0.9283610166 -0.8429520038 0.08540901278 -0.9695080842 -0.8352124108 0.1342956734 -0.9051667055 0.082062794 0.1232098616 nan nan
7 211064 21968 21968 0 -0.8756717111 0.029929326 -0.9339504434 -0.8385398087 0.09541063477 -0.9813107123 -0.8071892914 0.1741214208 -0.3744886832 0.05661594199 0.0877123794 nan nan
8 9377 3037 3037 0 -0.8811798566 0.02057049977 -0.9379640008 -0.8611401784 0.07682382247 -0.9823104063 -0.8546976511 0.1276127552 -2.298176988 0.05924193484 0.1035883403 nan nan
9 12322 1046 1046 0 -0.8192569278 0.2550286498 -0.8808563332 -0.1113413243 0.769515009 -0.9840399596 -0.04389160369 0.9401483559 1.841579403 0.70775698 0.7752067006 nan nan
10 100423 3526 3526 0 -0.9041657623 0.03981847307 -0.9749445684 -0.8469322998 0.1280122686 -0.9819994091 -0.8085486977 0.1734507113 -0.1097577752 0.06857688977 0.1029428834 nan nan
11 36141 2038 2038 0 -0.1718624711 0.2700460732 -0.8884600181 -0.0469145832 0.8415454349 -1.016039863 -0.04398107964 0.9720587837 -1.760911024 0.7403272336 0.8679070788 nan nan
12 160348 1621 1621 0 -0.2088946928 0.3261759447 -0.9356873154 -0.1152981158 0.8203891996 -1.008423351 -0.04380055914 0.9646227914 -0.7477272948 0.7236082743 0.7963443095 nan nan
13 144186 25067 25067 0 -0.9366710237 0.02220685097 -0.9676787586 -0.897496758 0.0701820006 -0.9830183099 -0.8092117789 0.173806531 0.465029218 0.03840988032 0.1246114523 nan nan
14 43405 5471 5471 0 -0.1874879691 0.0848895924 -0.2356900002 -0.09991102694 0.1357789733 -0.97968998 -0.04617033786 0.9335196422 -6.609632657 0.08402771467 0.8076337315 nan nan
15 74518 13111 13111 0 -0.1953404553 0.05464900659 -0.2287277492 -0.1284392453 0.100288504 -0.8409721946 -0.1184066481 0.7225655465 -6.946926882 0.06835186521 0.6448590169 nan nan
16 34315 2534 2534 0 -0.9076444314 0.04859618167 -0.9769431236 -0.8134412517 0.1635018719 -1.020656292 -0.8063625598 0.2142937317 0.208146092 0.09986267095 0.1082914229 nan nan
17 153904 8089 8089 0 -0.178900232 0.07382130197 -0.2559043747 -0.1123931866 0.1435111882 -1.013242514 -0.04795161883 0.9652908952 -5.786387489 0.08385862663 0.8175527959 nan nan
18 132574 3863 3863 0 -0.8635894763 0.05276962559 -0.9737017228 -0.8113581729 0.1623435499 -1.020582924 -0.8067544424 0.2138284815 -0.5418528928 0.09430978488 0.1154494673 nan nan
19 220939 4674 4674 0 -0.8411944381 0.03028678399 -0.9078127125 -0.8141583822 0.09365433033 -1.020820046 -0.807091806 0.2137282399 -2.697251745 0.07103350323 0.1840408367 nan nan
20 45979 11758 11758 0 -0.2252541695 0.05900542181 -0.2468596393 -0.1531457799 0.09371385932 -0.8927112531 -0.1391862928 0.7535249602 -7.413697817 0.06938185835 0.6715966002 nan nan
21 17178 13045 13045 0 -0.9647170354 0.03239783199 -1.001885675 -0.90275932 0.09912635473 -1.008564402 -0.8911775725 0.1173868292 0.3681985903 0.05360946305 0.06519121057 nan nan

K=22, phase=forward, parameter=e [-]
cluster representative_source n_cluster n_valid n_missing median std p05 p95 width90 minimum maximum range skewness error95 error_max angle_origin_deg angle_resultant
0 181750 46985 46985 0 0.6939572999 0.1006608216 0.522215156 0.8274171537 0.3052019977 0.2234408677 0.8597500074 0.6363091397 -0.3392729186 0.1798808056 0.4786550938 nan nan
1 14264 303 303 0 0.5053994009 0.1658486591 0.2232894155 0.732330939 0.5090415236 0.2028562528 0.8929479705 0.6900917176 -0.1087203686 0.2849762267 0.3927938033 nan nan
2 21401 1060 1060 0 0.2348064724 0.08137424826 0.1893133047 0.4624820707 0.273168766 0.1697123633 0.8902517039 0.7205393406 1.97669021 0.2325088762 0.6602785094 nan nan
3 68790 8011 8011 0 0.401461639 0.07429308525 0.2949691686 0.5204468563 0.2254776877 0.1965532889 0.5278521997 0.3312989108 0.039908827 0.1168257428 0.2101051816 nan nan
4 164821 4138 4138 0 0.5312490995 0.2025114183 0.1911571183 0.743222571 0.5520654527 0.1711702751 0.7507077942 0.5795375191 -0.3228847757 0.504067942 0.5240547852 nan nan
5 33028 1629 1629 0 0.394635523 0.05591746776 0.361469545 0.5148536166 0.1533840717 0.2778537311 0.7437231963 0.4658694652 2.149591398 0.1125187344 0.3402898005 nan nan
6 111153 11084 11084 0 0.3350713243 0.04903494914 0.270408978 0.435299324 0.164890346 0.2529841572 0.5001220097 0.2471378525 0.6582697105 0.1571121178 0.2219348035 nan nan
7 211064 21968 21968 0 0.3408092556 0.05896584265 0.2603293706 0.4446549365 0.1843255659 0.1714028297 0.5170446741 0.3456418445 -0.04039357185 0.1168905062 0.2035640792 nan nan
8 9377 3037 3037 0 0.3503913057 0.0369533315 0.3100203096 0.4512468049 0.1412264954 0.2961950764 0.5189711823 0.2227761059 1.970799984 0.1055436942 0.1732680716 nan nan
9 12322 1046 1046 0 0.2262697907 0.1754617524 0.1884796337 0.7344020464 0.5459224127 0.1715385983 0.8954250633 0.723886465 1.955411798 0.5251778076 0.6862008245 nan nan
10 100423 3526 3526 0 0.3938281114 0.07190479461 0.2798624942 0.5080605732 0.2281980789 0.1768984382 0.5185090086 0.3416105704 -0.1410651144 0.1264716219 0.2294356779 nan nan
11 36141 2038 2038 0 0.5862761605 0.1835999562 0.2872342388 0.888229983 0.6009957442 0.1705568463 0.8952125964 0.7246557501 -0.008206794684 0.3575701487 0.4742475411 nan nan
12 160348 1621 1621 0 0.4979954763 0.1616498342 0.224441486 0.724472295 0.500030809 0.1698141831 0.8956399398 0.7258257567 0.003013177009 0.2694900059 0.4112520797 nan nan
13 144186 25067 25067 0 0.4488927352 0.03711298129 0.38178622 0.4972731608 0.1154869408 0.1789620903 0.5195540133 0.340591923 -0.8004794969 0.06304551357 0.2652676989 nan nan
14 43405 5471 5471 0 0.5475972543 0.1012468784 0.4300543894 0.7618006797 0.3317462902 0.1698731259 0.8900080584 0.7201349325 0.489946265 0.2069684653 0.4166765067 nan nan
15 74518 13111 13111 0 0.5271262557 0.08813373446 0.4398838615 0.6926678824 0.2527840209 0.1759040453 0.7169528445 0.5410487992 0.1442334469 0.1692329861 0.3491823628 nan nan
16 34315 2534 2534 0 0.3997141923 0.09153754147 0.1904589993 0.5110620551 0.3206030558 0.1685723685 0.5727162374 0.4041438689 -0.5580465556 0.2174461853 0.2393328161 nan nan
17 153904 8089 8089 0 0.5687170319 0.1128063407 0.3636184076 0.7314740597 0.3678556521 0.1700666531 0.8857701729 0.7157035198 -0.3918744353 0.2064266637 0.3594033848 nan nan
18 132574 3863 3863 0 0.3166165834 0.1024810351 0.1850931152 0.5062602715 0.3211671563 0.1700181651 0.5726195203 0.4026013552 0.3110588194 0.2101815362 0.2252564864 nan nan
19 220939 4674 4674 0 0.2668348457 0.06057292018 0.19301518 0.3999561398 0.2069409597 0.1710855758 0.5729557573 0.4018701815 1.896681916 0.1439861561 0.3169857736 nan nan
20 45979 11758 11758 0 0.4491510453 0.08106352669 0.3897786188 0.6323197491 0.2425411303 0.1771737652 0.6664920248 0.4893182596 0.5574962875 0.1758106906 0.2825434125 nan nan
21 17178 13045 13045 0 0.4925558407 0.05100576968 0.3904547814 0.5468822337 0.1564274523 0.3693608958 0.5562090262 0.1868481303 -0.4584047302 0.08920487524 0.1102987608 nan nan

K=22, phase=forward, parameter=w [deg]
cluster representative_source n_cluster n_valid n_missing median std p05 p95 width90 minimum maximum range skewness error95 error_max angle_origin_deg angle_resultant
0 181750 46985 46985 0 -3.842370765 19.27278149 -22.80218512 38.0074011 60.80958622 -130.0017786 81.54389911 211.5456778 0.9269809569 37.0272115 130.9934994 175.4235866 0.945248413
1 14264 303 303 0 -0.5294867512 88.32434496 -169.1410554 167.7519134 336.8929688 -179.8188708 179.6748282 359.4936991 -0.08894703409 170.8259358 179.9516473 51.67701313 0.3530159478
2 21401 1060 1060 0 -3.23952228 23.22151131 -23.6321532 47.88655379 71.51870698 -160.2461324 150.5266231 310.7727554 1.346660417 56.92231138 156.7435482 158.8158204 0.9305437848
3 68790 8011 8011 0 -1.934120492 13.20707277 -17.00695799 24.60781576 41.61477375 -19.06639973 60.92440895 79.99080868 0.7642662164 28.02227002 64.33886321 309.350035 0.9738178136
4 164821 4138 4138 0 -16.3274421 67.69599033 -60.85835013 118.2104375 179.0687876 -179.9906733 179.1232336 359.1139069 0.3352812507 159.7966447 179.9941467 278.4514019 0.4540116433
5 33028 1629 1629 0 -3.712511867 41.82234034 -28.9805017 58.22112299 87.20162469 -179.0211862 179.5407234 358.5619096 0.6370654202 66.14605425 179.9789589 211.075128 0.8388638548
6 111153 11084 11084 0 -4.54473457 19.18512562 -22.72337565 35.11942288 57.84279853 -24.31139909 77.43824296 101.7496421 0.7505978925 39.5478669 81.86668698 15.41923694 0.9454181808
7 211064 21968 21968 0 -2.719529298 18.79571177 -20.7950047 33.33250565 54.12751035 -24.28881446 109.45036 133.7391744 1.878903596 36.83932465 112.957179 15.74147986 0.9500205946
8 9377 3037 3037 0 -2.31797849 8.679244492 -4.870896534 20.46849747 25.339394 -5.024810137 57.32471745 62.34952758 4.018349076 25.1186753 61.97489528 294.4343023 0.9889875005
9 12322 1046 1046 0 -8.57914484 53.25549812 -36.48127057 127.3631358 163.8444063 -164.5676426 179.667388 344.2350306 1.25896882 142.3702278 179.1144401 171.5067106 0.695700123
10 100423 3526 3526 0 -4.283921286 17.82855427 -20.16226261 35.04364631 55.20590892 -23.65167106 68.77723505 92.42890611 1.012361414 32.88920211 66.62279085 338.4297439 0.9529716634
11 36141 2038 2038 0 -4.820119309 60.8520968 -39.56705697 146.2377701 185.8048271 -179.0093029 179.7793227 358.7886255 0.4883379105 162.6139183 179.8799934 306.7420247 0.6605795613
12 160348 1621 1621 0 -0.3846648714 91.26131797 -169.8906212 159.3649868 329.2556081 -179.9129464 179.8340693 359.7470157 -0.05941069856 171.6452149 179.9014083 29.92491736 0.2963847921
13 144186 25067 25067 0 -2.867055043 14.85650718 -17.1700224 25.70516244 42.87518485 -17.89205164 90.83716856 108.7292202 1.121813851 37.30736872 102.4393748 8.379146035 0.9672507397
14 43405 5471 5471 0 -0.9177299069 27.18644351 -38.90823863 33.44056619 72.34880482 -179.7448877 179.0152679 358.7601557 -0.1928289953 43.75712596 179.9251401 234.1927021 0.9148604802
15 74518 13111 13111 0 -3.420393002 23.18006741 -25.78111756 38.19824267 63.97936023 -179.445991 179.726733 359.172724 0.4794328864 46.97811199 179.8482216 190.1528934 0.930134687
16 34315 2534 2534 0 -1.168026856 21.83456657 -44.83608746 36.51755821 81.35364566 -74.92370422 77.30408914 152.2277934 -0.1181689315 48.2047391 88.37922924 48.56664327 0.9307158336
17 153904 8089 8089 0 -2.686539223 26.52325064 -39.47703247 45.10942932 84.58646179 -159.624315 153.2937607 312.9180757 0.5840272747 61.37051119 169.1307872 288.2617081 0.9050284868
18 132574 3863 3863 0 3.977245446 32.98533716 -55.83779704 49.32675817 105.1645552 -69.65694154 99.31070181 168.9676433 -0.1488055631 59.03911898 101.0750972 119.9502719 0.8447351321
19 220939 4674 4674 0 -6.031547529 24.06127018 -24.29665747 53.22398663 77.5206441 -34.55433231 115.4891668 150.0434991 1.390306428 65.00340944 127.2685896 59.83934638 0.9178010001
20 45979 11758 11758 0 -3.159883609 20.27726934 -18.47022393 30.0554331 48.52565703 -179.8289683 178.812363 358.6413313 2.706788074 44.25635731 179.8157509 181.6055077 0.9531127897
21 17178 13045 13045 0 -0.8976991205 8.147800117 -10.59484303 12.4453108 23.04015383 -12.4152123 48.98580685 61.40101915 1.538714696 17.87441689 54.41491294 302.2565011 0.9900339979

K=24, STD=0.01284475382
n = trajectories per cluster; conditions overlap.
n = 1: clusters=0/24 (0.00%); trajectories=0/194058 (0.00%)
n < 10: clusters=0/24 (0.00%); trajectories=0/194058 (0.00%)
n < 100: clusters=0/24 (0.00%); trajectories=0/194058 (0.00%)

K=24, phase=backward, parameter=eps [km^2/s^2]
cluster representative_source n_cluster n_valid n_missing median std p05 p95 width90 minimum maximum range skewness error95 error_max angle_origin_deg angle_resultant
0 108523 26084 26084 0 -0.09982551394 0.02167255333 -0.1376513863 -0.06769394113 0.06995744518 -0.1735754646 -0.05881779331 0.1147576713 -0.4456936733 0.05373236884 0.08965644714 nan nan
1 14264 303 303 0 -0.8636095087 0.05430395409 -0.9725918 -0.8190662991 0.1535255009 -1.017669023 -0.8068393667 0.2108296566 -0.6566602291 0.1445632758 0.1896404991 nan nan
2 21401 1060 1060 0 -0.8295157225 0.03961422682 -0.9577616265 -0.8246708107 0.1330908158 -1.020754723 -0.8219637802 0.1987909431 -2.188731411 0.1291509277 0.1921440245 nan nan
3 49068 4841 4841 0 -0.9794157074 0.01267869443 -0.9930684258 -0.953215306 0.03985311971 -0.9964085776 -0.9281148789 0.06829369866 0.7949044488 0.03136413904 0.05646456616 nan nan
4 165967 4005 4005 0 -0.2464443887 0.01621420562 -0.258257833 -0.2084212722 0.04983656077 -0.2593276385 -0.185657225 0.07367041353 0.8958978378 0.03667169792 0.05943574516 nan nan
5 33028 1616 1616 0 -0.8247223264 0.01941390781 -0.8625014329 -0.8075627174 0.05493871551 -1.020739299 -0.8064439403 0.2142953587 -1.453074887 0.04027825358 0.1985161196 nan nan
6 111153 11084 11084 0 -0.1741012156 0.02201313603 -0.2099712827 -0.1409118424 0.06905944033 -0.2168571578 -0.1058680932 0.1109890646 0.1395042334 0.03786071302 0.07123501501 nan nan
7 211064 21957 21957 0 -0.2326132191 0.01378257923 -0.2488756097 -0.2035971978 0.04527841194 -0.2581555443 -0.1882043667 0.0699511776 0.505520641 0.02698005666 0.04227312203 nan nan
8 77722 4814 4814 0 -0.9905960017 0.0123084274 -1.005264963 -0.9665057393 0.03875922416 -1.008654727 -0.9620409644 0.04661376268 0.3558466278 0.03232778197 0.03679255684 nan nan
9 12322 1046 1046 0 -0.815881463 0.03497481241 -0.8250251792 -0.8077015227 0.01732365656 -0.8650264246 -0.2565157609 0.6085106637 15.47794802 0.009563111922 0.5590421508 nan nan
10 98058 3012 3012 0 -0.9091765 0.04194650009 -0.958868283 -0.8216558175 0.1372124655 -0.9716903857 -0.8065266032 0.1651637825 0.4908420991 0.07961413974 0.09474335405 nan nan
11 36141 2038 2038 0 -0.8857261862 0.05186702119 -0.9751358631 -0.8277863759 0.1473494872 -1.020778602 -0.8206074328 0.2001711693 -0.2810597606 0.07992706968 0.1137110625 nan nan
12 160348 1621 1621 0 -0.1906959165 0.04662458716 -0.2558702992 -0.114534197 0.1413361022 -0.2595672675 -0.04380722131 0.2157600462 0.2293970231 0.07428215721 0.1450091329 nan nan
13 144186 25067 25067 0 -0.1885080169 0.03283757503 -0.2271626073 -0.1292537114 0.09790889596 -0.243857736 -0.1190659814 0.1247917546 0.291547493 0.06371730715 0.07390503714 nan nan
14 43405 5467 5467 0 -0.8523895858 0.02676380272 -0.9064921841 -0.8306152083 0.07587697586 -1.020836128 -0.8068607798 0.2139753485 -1.300651139 0.06053663593 0.1748805801 nan nan
15 74518 13110 13110 0 -0.9391491372 0.01754896046 -0.9681002668 -0.9121677423 0.05593252452 -1.016166402 -0.9012620367 0.1149043649 -0.069917142 0.04616256969 0.0578529356 nan nan
16 34315 2523 2523 0 -0.9121023964 0.04694274708 -0.9774212981 -0.8370627978 0.1403585003 -1.020743755 -0.8063623697 0.2143813855 0.2058526591 0.07685546284 0.1081390588 nan nan
17 193928 20837 20837 0 -0.1663196827 0.02165356545 -0.198301419 -0.1289721477 0.06932927133 -0.2060528769 -0.1134522538 0.09260062311 0.1653387227 0.04392791845 0.05944781233 nan nan
18 153904 8300 8300 0 -0.1671808638 0.03533310363 -0.2094955188 -0.1111530993 0.09834241947 -0.245510047 -0.04413887266 0.2013711743 0.1570142533 0.06294590384 0.129856915 nan nan
19 220939 4671 4671 0 -0.2136683976 0.0424043286 -0.2547291989 -0.120903503 0.133825696 -0.2582250091 -0.09022618719 0.1679988219 0.6582361846 0.08607760558 0.1167549214 nan nan
20 45979 11744 11744 0 -0.8751930346 0.02078577108 -0.9060359085 -0.8402786646 0.06575724391 -0.9116388917 -0.8154048336 0.09623405808 0.1158158713 0.03724600233 0.06211983331 nan nan
21 15889 12009 12009 0 -0.8908769874 0.02862545412 -0.9464306012 -0.8548510297 0.09157957142 -0.9620982855 -0.8455281707 0.1165701148 -0.3857667699 0.05281888657 0.06848657085 nan nan
22 8686 2986 2986 0 -0.923089317 0.02509173732 -0.9595133456 -0.8808674787 0.07864586694 -0.9699743336 -0.8508318587 0.1191424749 0.1257567072 0.0428310825 0.07195535759 nan nan
23 132574 3863 3863 0 -0.1423796875 0.05549912719 -0.2132392604 -0.04724355705 0.1659957034 -0.2446692737 -0.04387907749 0.2007901962 0.2673211607 0.102733762 0.1060982415 nan nan

K=24, phase=backward, parameter=e [-]
cluster representative_source n_cluster n_valid n_missing median std p05 p95 width90 minimum maximum range skewness error95 error_max angle_origin_deg angle_resultant
0 108523 26084 26084 0 0.7617883412 0.05221038539 0.6701960253 0.8386439046 0.1684478793 0.5815374869 0.8598376402 0.2783001532 -0.468384779 0.1296832599 0.2183417983 nan nan
1 14264 303 303 0 0.3158932049 0.1041624267 0.2088552062 0.5047185508 0.2958633446 0.170063584 0.568733005 0.398669421 0.4436998273 0.2712983677 0.3353128219 nan nan
2 21401 1060 1060 0 0.2377345616 0.07699048605 0.2249762186 0.4820490239 0.2570728052 0.2175246744 0.5728758046 0.3553511301 1.933973492 0.246753562 0.3375803428 nan nan
3 49068 4841 4841 0 0.5146718216 0.01899192085 0.4749472708 0.5344589103 0.05951163946 0.4351727306 0.5391959438 0.1040232132 -0.8567154414 0.04722067202 0.08699521227 nan nan
4 165967 4005 4005 0 0.3904012385 0.04434087265 0.3565621963 0.4928129729 0.1362507766 0.3533386986 0.5526243673 0.1992856687 0.8494658321 0.09901818796 0.1588295823 nan nan
5 33028 1616 1616 0 0.2245900768 0.04850200418 0.1727842518 0.314058372 0.1412741202 0.1689168167 0.5728514127 0.4039345959 0.7800349773 0.09523997416 0.3540330148 nan nan
6 111153 11084 11084 0 0.5804171933 0.05508392736 0.4889478954 0.6622890656 0.1733411702 0.4709049956 0.7475373127 0.2766323172 0.09762641656 0.09567114241 0.1746857238 nan nan
7 211064 21957 21957 0 0.4293273127 0.03736733548 0.3839651909 0.5066122483 0.1226470574 0.3568561781 0.5462144328 0.1893582547 0.4484184139 0.07337825779 0.1106042055 nan nan
8 77722 4814 4814 0 0.5309196144 0.01784062472 0.4954337911 0.5516127549 0.05617896383 0.4882844047 0.5563450703 0.06806066563 -0.3902550318 0.04724291496 0.05439230139 nan nan
9 12322 1046 1046 0 0.199593777 0.01917491269 0.1734196717 0.2262349876 0.05281531586 0.168193931 0.362070417 0.193876486 2.539082703 0.02840489622 0.1634575652 nan nan
10 98058 3012 3012 0 0.4027428899 0.08076813196 0.2173915188 0.4840427868 0.2666512679 0.1691570339 0.5033967836 0.3342397497 -0.7982751991 0.1717095125 0.2199439974 nan nan
11 36141 2038 2038 0 0.3597693589 0.09677339702 0.233541895 0.5084585169 0.2749166219 0.2110358437 0.5728973064 0.3618614627 0.1072648546 0.1660784624 0.1876540065 nan nan
12 160348 1621 1621 0 0.5390829506 0.118346645 0.3635136138 0.7262887473 0.3627751335 0.3526417655 0.8956261106 0.5429843451 0.1355140177 0.187040831 0.3518654369 nan nan
13 144186 25067 25067 0 0.5443310988 0.08268370659 0.4440450729 0.690662542 0.2466174691 0.397437746 0.7153514309 0.3179136849 0.2590179652 0.1576639015 0.1823527904 nan nan
14 43405 5467 5467 0 0.2924726828 0.05422003636 0.2405368281 0.3979632029 0.1574263747 0.170281969 0.5729713754 0.4026894064 0.8299073707 0.1198394898 0.2948476623 nan nan
15 74518 13110 13110 0 0.4529088563 0.02825253524 0.4079233321 0.4979554552 0.09003212316 0.3888909181 0.5665585489 0.1776676307 0.00133501807 0.07517325548 0.09417978716 nan nan
16 34315 2523 2523 0 0.4076586827 0.08612537684 0.2552215237 0.5118021964 0.2565806727 0.168591401 0.5728380059 0.4042466048 -0.4953332893 0.1539681377 0.239729255 nan nan
17 193928 20837 20837 0 0.6002989823 0.05362344999 0.519899674 0.6916067491 0.1717070751 0.4989089981 0.7292240695 0.2303150714 0.1378333902 0.1074391128 0.1450564332 nan nan
18 153904 8300 8300 0 0.5978890771 0.08747676556 0.4909681895 0.7344412066 0.2434730171 0.3926492482 0.8948398683 0.5021906201 0.1305623439 0.1538430537 0.3138277658 nan nan
19 220939 4671 4671 0 0.4801329153 0.1089850087 0.3670387127 0.711379824 0.3443411113 0.3566637373 0.7849756298 0.4283118925 0.5789273364 0.2131681892 0.286763995 nan nan
20 45979 11744 11744 0 0.3397310247 0.04189785324 0.264196442 0.397135296 0.132938854 0.1991275711 0.4070149161 0.207887345 -0.2520203871 0.08011012246 0.1451789934 nan nan
21 15889 12009 12009 0 0.3690341631 0.05225978793 0.2967558243 0.4641177814 0.1673619571 0.2759808255 0.4886047653 0.2126239398 0.241848357 0.09186421592 0.1145155813 nan nan
22 8686 2986 2986 0 0.4257261908 0.04296235464 0.3496276676 0.4844458983 0.1348182307 0.2881415249 0.5004312289 0.212289704 -0.2248350751 0.07560827271 0.1370944154 nan nan
23 132574 3863 3863 0 0.6588573871 0.1357247714 0.4812853009 0.887427393 0.4061420921 0.3966677465 0.8954556795 0.498787933 0.2369706671 0.2471393876 0.255167674 nan nan

K=24, phase=backward, parameter=w [deg]
cluster representative_source n_cluster n_valid n_missing median std p05 p95 width90 minimum maximum range skewness error95 error_max angle_origin_deg angle_resultant
0 108523 26084 26084 0 -1.058198947 4.492795487 -5.496370082 9.56606098 15.06243106 -6.535306028 13.8792681 20.41457413 0.9834888258 11.49103376 15.80424088 19.81572182 0.9969308555
1 14264 303 303 0 -1.21048431 10.61100448 -26.29715647 15.53243247 41.82958894 -30.17113167 17.71307918 47.88421085 -0.7268018524 25.4538892 29.32786441 201.7739665 0.9830297321
2 21401 1060 1060 0 0.4887684952 6.542809637 -12.65898377 10.91847669 23.57746046 -34.93352353 13.02979804 47.96332157 -0.6472547553 12.89801237 33.72614288 206.6680532 0.9935167761
3 49068 4841 4841 0 -1.571143603 5.676950417 -6.596850249 12.14508035 18.7419306 -7.624427436 20.0093453 27.63377274 1.149709387 14.79639338 22.66065833 191.5800669 0.9951068063
4 165967 4005 4005 0 2.026383631 5.309460533 -11.54788139 4.829012352 16.37689374 -17.2679226 5.035203658 22.30312626 -1.162183724 15.27577419 20.9958154 31.90396418 0.9957166152
5 33028 1616 1616 0 8.180866394 16.17388491 -31.9571636 13.80096081 45.75812441 -33.16105057 14.11367593 47.2747265 -0.8902127575 42.23462581 43.43851278 204.7068522 0.9607534403
6 111153 11084 11084 0 1.140573279 4.419702946 -13.45003708 4.098520157 17.54855723 -18.16671446 6.319417242 24.4861317 -2.085277562 15.24506276 19.96174015 29.62679929 0.9970356062
7 211064 21957 21957 0 0.1804437615 5.260759 -8.260224821 7.511723646 15.77194847 -11.50481395 10.13475224 21.63956618 -0.05515339908 11.00765351 13.6306821 26.21610634 0.9957902672
8 77722 4814 4814 0 -0.6490429812 6.751403977 -9.183404926 11.94643455 21.12983947 -10.76414848 14.52736919 25.29151767 0.3291712483 11.27727116 13.22762503 191.4835909 0.9930734062
9 12322 1046 1046 0 2.637609893 13.7903312 -18.21320649 11.62222172 29.83542821 -175.3524447 17.65158188 193.0040265 -7.779635293 19.40964464 176.5488828 201.4099384 0.9810543519
10 98058 3012 3012 0 2.342169152 9.837503251 -16.32574266 12.69034402 29.01608668 -31.30236027 13.11116049 44.41352077 -0.4200605537 25.17974004 40.15635765 206.9401333 0.9853278242
11 36141 2038 2038 0 -1.598385224 9.481732314 -8.973755411 15.77316841 24.74692382 -29.58418815 19.2708924 48.85508056 -0.408875432 22.37351356 24.47744862 201.0837495 0.9864276249
12 160348 1621 1621 0 -0.8533561081 5.114961741 -7.211920003 9.972757829 17.18467783 -15.36058119 11.09390049 26.45448167 0.3233367347 9.959137331 15.72091557 25.96336204 0.9960242008
13 144186 25067 25067 0 0.03462780742 2.174365024 -3.565661681 3.333623365 6.899285046 -14.24868165 8.010131256 22.2588129 -0.2372069894 5.201494686 15.83700414 27.80285347 0.9992802315
14 43405 5467 5467 0 2.682618611 7.66575896 -11.81936975 9.230684099 21.05005385 -37.70485107 10.48853467 48.19338574 -1.673510626 15.47556289 41.36104421 209.2085407 0.9911506044
15 74518 13110 13110 0 -0.3366561844 4.698048793 -6.811653948 7.996579121 14.80823307 -27.06178081 13.40081972 40.46260054 0.1430189333 10.11145799 25.00105098 200.8227636 0.9966445269
16 34315 2523 2523 0 -0.9616210259 7.626235012 -5.853610022 19.35108457 25.20469459 -25.49251396 23.28369872 48.77621268 0.9257429232 22.68439472 25.96080481 196.9449196 0.9912234443
17 193928 20837 20837 0 -0.6569459999 4.272778626 -5.119279698 11.94422846 17.06350816 -8.71194945 14.40363852 23.11558797 1.701216442 15.00768121 17.46709127 21.71130781 0.9972272472
18 153904 8300 8300 0 -0.2538382497 3.597128646 -4.77051694 8.406765794 13.17728273 -13.81472968 12.37791594 26.19264562 0.8021883243 9.176462177 14.44902036 24.40240149 0.998033423
19 220939 4671 4671 0 -2.039564745 8.527098636 -10.17144612 13.25817702 23.42962315 -11.10459567 13.89903423 25.0036299 0.3865510896 19.14541032 19.78626752 22.46135979 0.988958962
20 45979 11744 11744 0 -0.1262012879 3.400055578 -5.282284038 5.638187968 10.92047201 -9.535113246 11.68488675 21.21999999 0.05953667277 6.105132698 11.26255175 205.3733912 0.9982403773
21 15889 12009 12009 0 -0.3796367629 3.496226689 -5.203920729 6.105257168 11.3091779 -6.339737442 7.793111439 14.13284888 0.2553349916 6.436066848 8.123921119 189.9593559 0.9981394537
22 8686 2986 2986 0 -0.3548989749 3.054500869 -2.345120387 1.553146128 3.898266515 -2.80339838 28.81751016 31.62090854 5.354262445 2.359623447 29.62398747 182.9288575 0.998592196
23 132574 3863 3863 0 1.936758922 6.337444503 -10.86732735 8.463075334 19.33040268 -11.21519626 15.23283301 26.44802927 -0.4893387957 13.43077786 13.77864677 21.83030296 0.9938976594

K=24, phase=forward, parameter=eps [km^2/s^2]
cluster representative_source n_cluster n_valid n_missing median std p05 p95 width90 minimum maximum range skewness error95 error_max angle_origin_deg angle_resultant
0 108523 26084 26084 0 -0.1528934485 0.03275309051 -0.1970916958 -0.09697726899 0.1001144268 -0.2450539891 -0.08770095843 0.1573530306 0.1214662364 0.05639384497 0.1043561382 nan nan
1 14264 303 303 0 -0.2056720922 0.3239384027 -0.9407589926 -0.1120210915 0.828737901 -1.020440955 -0.04492689433 0.9755140607 -0.8573006561 0.7347730997 0.8144550622 nan nan
2 21401 1060 1060 0 -0.828393602 0.05309118057 -0.944037857 -0.812508763 0.131529094 -1.020173947 -0.04606809117 0.9741058554 5.107214965 0.1207487349 0.7804413899 nan nan
3 49068 4841 4841 0 -0.9560590943 0.02651966208 -0.9856772288 -0.9054657034 0.08021152539 -0.9895364382 -0.893189437 0.09634700114 0.382127818 0.04709379794 0.0593700643 nan nan
4 165967 4005 4005 0 -0.1973576779 0.322932599 -0.8319821876 -0.1079023315 0.7240798561 -1.020702889 -0.1045996802 0.9161032085 -0.5668691871 0.7060666959 0.8947873969 nan nan
5 33028 1616 1616 0 -0.2457899883 0.1254864513 -0.2569945552 -0.2051086005 0.0518859547 -0.9806716823 -0.1074576018 0.8732140805 -4.866200201 0.08280963487 0.7384136813 nan nan
6 111153 11084 11084 0 -0.8728798663 0.02562409529 -0.9283610166 -0.8429520038 0.08540901278 -0.9695080842 -0.8352124108 0.1342956734 -0.9051667055 0.082062794 0.1232098616 nan nan
7 211064 21957 21957 0 -0.8756855406 0.02989170699 -0.9339066443 -0.8385780477 0.09532859655 -0.9813107123 -0.8072006498 0.1741100625 -0.3758929718 0.05658647565 0.0877123794 nan nan
8 77722 4814 4814 0 -0.8779258097 0.024912529 -0.929166091 -0.8501304599 0.07903563106 -0.9713917668 -0.8124351423 0.1589566245 -0.7269576142 0.04467945136 0.08303467428 nan nan
9 12322 1046 1046 0 -0.8192569278 0.2550286498 -0.8808563332 -0.1113413243 0.769515009 -0.9840399596 -0.04389160369 0.9401483559 1.841579403 0.70775698 0.7752067006 nan nan
10 98058 3012 3012 0 -0.9098822632 0.04032606847 -0.9768415094 -0.8467411049 0.1301004045 -0.9819994091 -0.8085486977 0.1734507113 0.06965954456 0.06973105903 0.1079234662 nan nan
11 36141 2038 2038 0 -0.1718624711 0.2700460732 -0.8884600181 -0.0469145832 0.8415454349 -1.016039863 -0.04398107964 0.9720587837 -1.760911024 0.7403272336 0.8679070788 nan nan
12 160348 1621 1621 0 -0.2088946928 0.3261759447 -0.9356873154 -0.1152981158 0.8203891996 -1.008423351 -0.04380055914 0.9646227914 -0.7477272948 0.7236082743 0.7963443095 nan nan
13 144186 25067 25067 0 -0.9366710237 0.02220685097 -0.9676787586 -0.897496758 0.0701820006 -0.9830183099 -0.8092117789 0.173806531 0.465029218 0.03840988032 0.1246114523 nan nan
14 43405 5467 5467 0 -0.1874817312 0.08226788819 -0.2353008974 -0.09990725935 0.1353936381 -0.97968998 -0.04617033786 0.9335196422 -6.668222454 0.083912791 0.8076337315 nan nan
15 74518 13110 13110 0 -0.1953383576 0.05439465587 -0.228708506 -0.1284386935 0.1002698126 -0.8409721946 -0.1184066481 0.7225655465 -6.942846251 0.06834402645 0.6448590169 nan nan
16 34315 2523 2523 0 -0.9080655263 0.04856553643 -0.9769447073 -0.8135329364 0.1634117709 -1.020656292 -0.8063625598 0.2142937317 0.2153877126 0.09965222495 0.1082914229 nan nan
17 193928 20837 20837 0 -0.09926918969 0.04064617025 -0.1940919066 -0.06688643206 0.1272054745 -0.8267214822 -0.05885393284 0.7678675493 -3.800405495 0.1095170237 0.7421465993 nan nan
18 153904 8300 8300 0 -0.1810914494 0.07337400948 -0.255759734 -0.1124809576 0.1432787764 -1.013242514 -0.04795161883 0.9652908952 -5.615745638 0.08376254852 0.8175527959 nan nan
19 220939 4671 4671 0 -0.8412235897 0.03028725452 -0.9078273215 -0.8142018052 0.09362551631 -1.020820046 -0.807091806 0.2137282399 -2.697642078 0.07104811226 0.1840408367 nan nan
20 45979 11744 11744 0 -0.2252170756 0.05512146087 -0.2467720065 -0.1531432012 0.0936288053 -0.88690913 -0.1391862928 0.7477228372 -7.505712938 0.06916590424 0.6657944771 nan nan
21 15889 12009 12009 0 -0.9648665302 0.0329812725 -1.002243078 -0.9020319541 0.1002111239 -1.008564402 -0.8911740448 0.1173903569 0.3686530887 0.05453313404 0.06539104336 nan nan
22 8686 2986 2986 0 -0.880871795 0.01680077304 -0.8998536793 -0.8611100007 0.03874367858 -0.9807700187 -0.8546976511 0.1260723677 -2.128170546 0.02295584714 0.1038721866 nan nan
23 132574 3863 3863 0 -0.8635894763 0.05276962559 -0.9737017228 -0.8113581729 0.1623435499 -1.020582924 -0.8067544424 0.2138284815 -0.5418528928 0.09430978488 0.1154494673 nan nan

K=24, phase=forward, parameter=e [-]
cluster representative_source n_cluster n_valid n_missing median std p05 p95 width90 minimum maximum range skewness error95 error_max angle_origin_deg angle_resultant
0 108523 26084 26084 0 0.633357935 0.08036304032 0.5230090539 0.7685771402 0.2455680862 0.3939120152 0.790811118 0.3968991028 0.08485954233 0.1400909959 0.2691880347 nan nan
1 14264 303 303 0 0.5053994009 0.1658486591 0.2232894155 0.732330939 0.5090415236 0.2028562528 0.8929479705 0.6900917176 -0.1087203686 0.2849762267 0.3927938033 nan nan
2 21401 1060 1060 0 0.2348064724 0.08137424826 0.1893133047 0.4624820707 0.273168766 0.1697123633 0.8902517039 0.7205393406 1.97669021 0.2325088762 0.6602785094 nan nan
3 49068 4841 4841 0 0.4794959615 0.04225646712 0.3956093914 0.5238323695 0.1282229781 0.3733614257 0.5294155266 0.156054101 -0.4578552172 0.078246097 0.1004940628 nan nan
4 165967 4005 4005 0 0.525616836 0.2019721576 0.1905224026 0.7422761267 0.5517537241 0.1711702751 0.7502376983 0.5790674232 -0.2735714835 0.5083800798 0.5277322074 nan nan
5 33028 1616 1616 0 0.3943979809 0.0555153981 0.3614619257 0.5148087218 0.1533467961 0.2778537311 0.7437231963 0.4658694652 2.209472444 0.1124270355 0.3402898005 nan nan
6 111153 11084 11084 0 0.3350713243 0.04903494914 0.270408978 0.435299324 0.164890346 0.2529841572 0.5001220097 0.2471378525 0.6582697105 0.1571121178 0.2219348035 nan nan
7 211064 21957 21957 0 0.3408394603 0.05887199825 0.2604517539 0.444596197 0.1841444431 0.1714137442 0.5170446741 0.3456309299 -0.03690221439 0.1167636589 0.2035531647 nan nan
8 77722 4814 4814 0 0.3446038331 0.04726732759 0.2864802832 0.4364754474 0.1499951642 0.1898275721 0.5029569112 0.3131293391 0.4745551506 0.08436106559 0.1747017637 nan nan
9 12322 1046 1046 0 0.2262697907 0.1754617524 0.1884796337 0.7344020464 0.5459224127 0.1715385983 0.8954250633 0.723886465 1.955411798 0.5251778076 0.6862008245 nan nan
10 98058 3012 3012 0 0.403617291 0.0726971975 0.2793064725 0.5109041065 0.231597634 0.1768984382 0.5185090086 0.3416105704 -0.3525848902 0.1356242199 0.2380322541 nan nan
11 36141 2038 2038 0 0.5862761605 0.1835999562 0.2872342388 0.888229983 0.6009957442 0.1705568463 0.8952125964 0.7246557501 -0.008206794684 0.3575701487 0.4742475411 nan nan
12 160348 1621 1621 0 0.4979954763 0.1616498342 0.224441486 0.724472295 0.500030809 0.1698141831 0.8956399398 0.7258257567 0.003013177009 0.2694900059 0.4112520797 nan nan
13 144186 25067 25067 0 0.4488927352 0.03711298129 0.38178622 0.4972731608 0.1154869408 0.1789620903 0.5195540133 0.340591923 -0.8004794969 0.06304551357 0.2652676989 nan nan
14 43405 5467 5467 0 0.547636632 0.1012638644 0.430051921 0.7618083141 0.331756393 0.1698731259 0.8900080584 0.7201349325 0.4887688826 0.2069792735 0.4166765067 nan nan
15 74518 13110 13110 0 0.5271275187 0.08806553224 0.4398915949 0.6926680706 0.2527764756 0.1759040453 0.7169528445 0.5410487992 0.1508108352 0.1691808076 0.3491823628 nan nan
16 34315 2523 2523 0 0.4004045655 0.09145992397 0.1907809865 0.5110743113 0.3202933248 0.1685723685 0.5727162374 0.4041438689 -0.564914988 0.2171241981 0.2393328161 nan nan
17 193928 20837 20837 0 0.7631441663 0.09184049679 0.5298834795 0.84057427 0.3106907905 0.2067652114 0.8597500074 0.6529847961 -1.391585586 0.2685168504 0.5916351185 nan nan
18 153904 8300 8300 0 0.5632507802 0.1154442206 0.3641304747 0.7312467405 0.3671162658 0.1700666531 0.8857701729 0.7157035198 -0.347753852 0.2061828685 0.3594033848 nan nan
19 220939 4671 4671 0 0.2668390899 0.06056614231 0.1930587081 0.3999578568 0.2068991487 0.1710855758 0.5729557573 0.4018701815 1.897468712 0.1439878731 0.3169857736 nan nan
20 45979 11744 11744 0 0.4492839724 0.08063760124 0.3899662747 0.6323506634 0.2423843887 0.1771737652 0.6664920248 0.4893182596 0.595268719 0.1752873123 0.2825434125 nan nan
21 15889 12009 12009 0 0.4927558524 0.05192629885 0.3891973064 0.5474114598 0.1582141534 0.3693317405 0.5562090262 0.1868772856 -0.4571754792 0.09074591341 0.1106114792 nan nan
22 8686 2986 2986 0 0.3498032664 0.03087819846 0.3099533608 0.3853420695 0.07538870874 0.2961950764 0.516756975 0.2205618986 1.750214584 0.04407288308 0.1746463124 nan nan
23 132574 3863 3863 0 0.3166165834 0.1024810351 0.1850931152 0.5062602715 0.3211671563 0.1700181651 0.5726195203 0.4026013552 0.3110588194 0.2101815362 0.2252564864 nan nan

K=24, phase=forward, parameter=w [deg]
cluster representative_source n_cluster n_valid n_missing median std p05 p95 width90 minimum maximum range skewness error95 error_max angle_origin_deg angle_resultant
0 108523 26084 26084 0 -3.510583677 17.99616701 -21.20788071 34.53237733 55.74025804 -22.16932929 68.16544143 90.33477072 0.8562789961 49.66351066 83.29657476 173.0457734 0.9519534594
1 14264 303 303 0 -0.5294867512 88.32434496 -169.1410554 167.7519134 336.8929688 -179.8188708 179.6748282 359.4936991 -0.08894703409 170.8259358 179.9516473 51.67701313 0.3530159478
2 21401 1060 1060 0 -3.23952228 23.22151131 -23.6321532 47.88655379 71.51870698 -160.2461324 150.5266231 310.7727554 1.346660417 56.92231138 156.7435482 158.8158204 0.9305437848
3 49068 4841 4841 0 -0.7806175211 13.39366094 -19.12956096 24.73514326 43.86470422 -21.80248263 38.39005095 60.19253358 0.4455148335 30.09061433 43.74552203 313.3689688 0.9729896923
4 165967 4005 4005 0 -17.42042866 67.66591702 -62.69131542 115.6017692 178.2930846 -179.663328 179.8904843 359.5538123 0.3081956859 159.3084272 179.9848859 282.1200266 0.4507022799
5 33028 1616 1616 0 -3.43159927 38.94743679 -28.74824247 57.38032575 86.12856822 -179.0331532 179.5287564 358.5619096 1.171491362 56.48390782 179.357277 211.087095 0.8535778574
6 111153 11084 11084 0 -4.54473457 19.18512562 -22.72337565 35.11942288 57.84279853 -24.31139909 77.43824296 101.7496421 0.7505978925 39.5478669 81.86668698 15.41923694 0.9454181808
7 211064 21957 21957 0 -2.715037938 18.76979424 -20.78163743 33.19603884 53.97767627 -24.275105 109.4640694 133.7391744 1.87511296 36.68914839 112.957179 15.7277704 0.9501390941
8 77722 4814 4814 0 -3.189148974 14.363556 -16.12433221 30.59249986 46.71683208 -17.73217175 65.50910348 83.24127523 1.210367369 33.96793124 68.88453486 308.015807 0.9693031355
9 12322 1046 1046 0 -8.57914484 53.25549812 -36.48127057 127.3631358 163.8444063 -164.5676426 179.667388 344.2350306 1.25896882 142.3702278 179.1144401 171.5067106 0.695700123
10 98058 3012 3012 0 -4.364409058 18.6732652 -22.6008634 36.45096045 59.05182384 -26.00470872 73.77998536 99.78469408 0.9308170824 34.48519051 71.81421541 340.7827816 0.9484927989
11 36141 2038 2038 0 -4.820119309 60.8520968 -39.56705697 146.2377701 185.8048271 -179.0093029 179.7793227 358.7886255 0.4883379105 162.6139183 179.8799934 306.7420247 0.6605795613
12 160348 1621 1621 0 -0.3846648714 91.26131797 -169.8906212 159.3649868 329.2556081 -179.9129464 179.8340693 359.7470157 -0.05941069856 171.6452149 179.9014083 29.92491736 0.2963847921
13 144186 25067 25067 0 -2.867055043 14.85650718 -17.1700224 25.70516244 42.87518485 -17.89205164 90.83716856 108.7292202 1.121813851 37.30736872 102.4393748 8.379146035 0.9672507397
14 43405 5467 5467 0 -0.9639565797 26.77473569 -38.8448609 33.40971615 72.25457706 -179.7420585 179.0180972 358.7601557 -0.2938064227 43.70490859 179.9251401 234.1898728 0.9162589704
15 74518 13110 13110 0 -3.420485645 23.06330424 -25.78537945 38.24529781 64.03067726 -179.4562098 178.1305086 357.5867184 0.5939869454 46.9621857 179.8482216 190.1631123 0.9303229049
16 34315 2523 2523 0 -1.298937333 21.57089907 -44.26294817 36.33810506 80.60105323 -75.14638326 77.0814101 152.2277934 -0.08333977912 48.18161788 88.37922924 48.78932231 0.9323250375
17 193928 20837 20837 0 -4.349740195 20.00970591 -23.50696831 38.81335785 62.32032616 -137.8535526 76.89403427 214.7475868 0.6903058172 41.55203271 135.2422827 178.1637317 0.9413482578
18 153904 8300 8300 0 -2.271125748 27.44620244 -44.99807183 46.1127366 91.11080842 -158.3769181 154.5411575 312.9180757 0.4539027184 61.10860522 169.1307872 287.0143112 0.898042192
19 220939 4671 4671 0 -6.027997957 24.06776683 -24.30516485 53.24272602 77.54789087 -34.55794393 115.4855551 150.0434991 1.389617051 65.02576045 127.2685896 59.842958 0.9177561113
20 45979 11744 11744 0 -3.157600623 19.46068424 -18.44969622 29.96864485 48.41834108 -179.8148857 178.8264456 358.6413313 2.717085401 44.12420313 179.8157509 181.5914251 0.9554001848
21 15889 12009 12009 0 -0.5042184817 6.784508728 -10.04757562 11.77604162 21.82361724 -11.77057876 21.50741886 33.27799762 0.3468480922 16.50634857 26.23772581 301.6118676 0.9930089951
22 8686 2986 2986 0 -1.749774588 6.3869515 -4.055149785 5.856407234 9.911557019 -4.206934403 57.90757703 62.11451143 4.415960732 9.364633639 61.41580344 293.6164266 0.993966803
23 132574 3863 3863 0 3.977245446 32.98533716 -55.83779704 49.32675817 105.1645552 -69.65694154 99.31070181 168.9676433 -0.1488055631 59.03911898 101.0750972 119.9502719 0.8447351321

K=27, STD=0.01269078413
n = trajectories per cluster; conditions overlap.
n = 1: clusters=0/27 (0.00%); trajectories=0/194058 (0.00%)
n < 10: clusters=0/27 (0.00%); trajectories=0/194058 (0.00%)
n < 100: clusters=0/27 (0.00%); trajectories=0/194058 (0.00%)

K=27, phase=backward, parameter=eps [km^2/s^2]
cluster representative_source n_cluster n_valid n_missing median std p05 p95 width90 minimum maximum range skewness error95 error_max angle_origin_deg angle_resultant
0 97837 25454 25454 0 -0.09915022103 0.02164242653 -0.1397936749 -0.06756000183 0.07223367309 -0.1750987102 -0.05881779331 0.1162809169 -0.540995259 0.05704662894 0.09235166423 nan nan
1 30546 317 317 0 -0.8560646754 0.05826407865 -0.9759384587 -0.8190107186 0.1569277401 -1.020754723 -0.8068393667 0.2139153566 -0.6683060307 0.1462598741 0.1910761387 nan nan
2 21401 1048 1048 0 -0.8294270259 0.03902645514 -0.9566621643 -0.8246578715 0.1320042928 -1.020599717 -0.8219637802 0.1986359372 -2.150264947 0.1280514655 0.1919890186 nan nan
3 49068 4841 4841 0 -0.9794157074 0.01267869443 -0.9930684258 -0.953215306 0.03985311971 -0.9964085776 -0.9281148789 0.06829369866 0.7949044488 0.03136413904 0.05646456616 nan nan
4 146677 3462 3462 0 -0.2268025878 0.02581298643 -0.2583826697 -0.1805067582 0.07787591154 -0.2593276385 -0.1529420685 0.10638557 0.3486620653 0.05349122303 0.08105591265 nan nan
5 33028 1616 1616 0 -0.8247223264 0.01941390781 -0.8625014329 -0.8075627174 0.05493871551 -1.020739299 -0.8064439403 0.2142953587 -1.453074887 0.04027825358 0.1985161196 nan nan
6 209914 4385 4385 0 -0.1790488118 0.04288532813 -0.2379211662 -0.103315751 0.1346054153 -0.2519869348 -0.048768828 0.2032181068 0.2879495192 0.07882724611 0.1121619453 nan nan
7 219125 4220 4220 0 -0.2499496221 0.0102486783 -0.2568553177 -0.2289854014 0.02786991635 -0.2582250091 -0.1792737497 0.07895125944 1.853976383 0.01998608945 0.06969774116 nan nan
8 77722 4814 4814 0 -0.9905960017 0.0123084274 -1.005264963 -0.9665057393 0.03875922416 -1.008654727 -0.9620409644 0.04661376268 0.3558466278 0.03232778197 0.03679255684 nan nan
9 12322 1042 1042 0 -0.8159451055 0.006207035033 -0.825076543 -0.8078107184 0.01726582462 -0.8662232362 -0.8062084723 0.06001476385 -2.270471526 0.009518631368 0.05066532448 nan nan
10 98058 3015 3015 0 -0.9090585539 0.04195695028 -0.9588672085 -0.8215397961 0.1373274124 -0.9716903857 -0.8065266032 0.1651637825 0.4894673834 0.07973016114 0.09474335405 nan nan
11 36141 2030 2030 0 -0.8853855436 0.05149658748 -0.9750117153 -0.827815833 0.1471958823 -1.020778602 -0.8206074328 0.2001711693 -0.2830219552 0.07967135298 0.1137110625 nan nan
12 154799 126 126 0 -0.1820276785 0.1614657879 -0.2568321348 -0.1075920273 0.1492401076 -1.017669023 -0.04383479669 0.9738342267 -3.773186732 0.138622339 0.8351510046 nan nan
13 149609 26477 26477 0 -0.2186536431 0.02883261406 -0.2460267924 -0.1565516586 0.08947513388 -0.2503970475 -0.1191766987 0.1312203489 0.6848356154 0.06589102677 0.1032659867 nan nan
14 43405 5487 5487 0 -0.8524003999 0.02672693397 -0.9064199972 -0.8306225502 0.07579744695 -1.020836128 -0.8068607798 0.2139753485 -1.30198599 0.060464449 0.1748805801 nan nan
15 74518 13094 13094 0 -0.9391816083 0.01753015253 -0.9681121235 -0.9122416173 0.0558705062 -1.016166402 -0.9012620367 0.1149043649 -0.06979944462 0.04607564334 0.0578529356 nan nan
16 34315 2523 2523 0 -0.9121023964 0.04694274708 -0.9774212981 -0.8370627978 0.1403585003 -1.020743755 -0.8063623697 0.2143813855 0.2058526591 0.07685546284 0.1081390588 nan nan
17 193452 20733 20733 0 -0.1639261151 0.02202594993 -0.197254301 -0.1272156669 0.07003863409 -0.2048458532 -0.1134170734 0.09142877973 0.1052319792 0.04643228932 0.06023088279 nan nan
18 168109 1138 1138 0 -0.1935197403 0.04604731481 -0.2548205278 -0.1148667471 0.1399537807 -0.2583596176 -0.04380722131 0.2145523963 0.31894531 0.08237662241 0.1534361482 nan nan
19 134636 3432 3432 0 -0.1492115795 0.05742258872 -0.2135953767 -0.04688355395 0.1667118227 -0.2536803312 -0.04391779137 0.2097625399 0.3513361836 0.106610029 0.1095757916 nan nan
20 46209 11737 11737 0 -0.8752588466 0.02080961458 -0.9061370739 -0.8402964065 0.06584066735 -0.911802526 -0.8154048336 0.09639769236 0.1161651735 0.03760327251 0.06249484546 nan nan
21 15889 12009 12009 0 -0.8908769874 0.02862545412 -0.9464306012 -0.8548510297 0.09157957142 -0.9620982855 -0.8455281707 0.1165701148 -0.3857667699 0.05281888657 0.06848657085 nan nan
22 8686 2986 2986 0 -0.923089317 0.02509173732 -0.9595133456 -0.8808674787 0.07864586694 -0.9699743336 -0.8508318587 0.1191424749 0.1257567072 0.0428310825 0.07195535759 nan nan
23 171756 601 601 0 -0.1916526914 0.04539033731 -0.2566625454 -0.1112995066 0.1453630388 -0.2595672675 -0.04387907749 0.21568819 0.3158067436 0.08124720045 0.1486676295 nan nan
24 173502 13986 13986 0 -0.2190408191 0.01197001714 -0.2330658356 -0.1932763947 0.03978944083 -0.2400354014 -0.1753422535 0.06469314789 0.7795208744 0.02942925833 0.04736339955 nan nan
25 152141 7967 7967 0 -0.165573177 0.03503250621 -0.209193508 -0.111175021 0.09801848698 -0.2327643451 -0.04413887266 0.1886254725 0.1411526128 0.06088732761 0.1279234759 nan nan
26 119322 15518 15518 0 -0.158569025 0.02268583126 -0.1977582878 -0.1258762455 0.0718820423 -0.2071138825 -0.1185014355 0.08861244697 -0.156919669 0.04253430188 0.05188989656 nan nan

K=27, phase=backward, parameter=e [-]
cluster representative_source n_cluster n_valid n_missing median std p05 p95 width90 minimum maximum range skewness error95 error_max angle_origin_deg angle_resultant
0 97837 25454 25454 0 0.7633905329 0.05216213604 0.6649206032 0.8389854627 0.1740648596 0.5777299368 0.8598376402 0.2821077034 -0.5659862717 0.1377466432 0.2249373096 nan nan
1 30546 317 317 0 0.2998412439 0.1106839458 0.2086907259 0.5096443412 0.3009536153 0.170063584 0.5728758046 0.4028122205 0.4834644389 0.2711838492 0.3344153126 nan nan
2 21401 1048 1048 0 0.237590558 0.07618789615 0.2249599935 0.4803476854 0.2553876919 0.2175246744 0.572638391 0.3551137166 1.893573553 0.2450522236 0.3373429292 nan nan
3 49068 4841 4841 0 0.5146718216 0.01899192085 0.4749472708 0.5344589103 0.05951163946 0.4351727306 0.5391959438 0.1040232132 -0.8567154414 0.04722067202 0.08699521227 nan nan
4 146677 3462 3462 0 0.4441958672 0.06896072109 0.356113422 0.5641778675 0.2080644455 0.3533386986 0.6326883515 0.2793496528 0.2867624966 0.1396404929 0.2081509768 nan nan
5 33028 1616 1616 0 0.2245900768 0.04850200418 0.1727842518 0.314058372 0.1412741202 0.1689168167 0.5728514127 0.4039345959 0.7800349773 0.09523997416 0.3540330148 nan nan
6 209914 4385 4385 0 0.5687410884 0.1076334331 0.4151473921 0.7536529872 0.3385055951 0.374302016 0.8838243628 0.5095223468 0.2247780822 0.2016118003 0.2697865881 nan nan
7 219125 4220 4220 0 0.3807610774 0.02851734486 0.3607031738 0.4389288587 0.07822568491 0.3566637373 0.5686278532 0.211964116 1.74209881 0.0546891205 0.184388115 nan nan
8 77722 4814 4814 0 0.5309196144 0.01784062472 0.4954337911 0.5516127549 0.05617896383 0.4882844047 0.5563450703 0.06806066563 -0.3902550318 0.04724291496 0.05439230139 nan nan
9 12322 1042 1042 0 0.199593777 0.01773878415 0.1733887986 0.226157565 0.0527687664 0.168193931 0.3213481076 0.1531541766 1.374727541 0.02834325365 0.1227352558 nan nan
10 98058 3015 3015 0 0.4026541484 0.0807938074 0.2170708525 0.4840344069 0.2669635544 0.1691570339 0.5033967836 0.3342397497 -0.7967916626 0.1720301789 0.2199439974 nan nan
11 36141 2030 2030 0 0.3591204461 0.09619386704 0.2336171539 0.5082517053 0.2746345514 0.2110358437 0.5728973064 0.3618614627 0.1100278736 0.1658943718 0.1876540065 nan nan
12 154799 126 126 0 0.5638353183 0.1317152169 0.3758726059 0.7430136822 0.3671410763 0.2030269335 0.8955575814 0.6925306479 -0.1323516305 0.2903179419 0.3566057439 nan nan
13 149609 26477 26477 0 0.4668782625 0.07466433015 0.3920561268 0.6239059751 0.2318498483 0.3795867698 0.7151012894 0.3355145195 0.6266519082 0.1678622254 0.2590575397 nan nan
14 43405 5487 5487 0 0.2924869347 0.05414802347 0.240573264 0.3979176698 0.1573444058 0.170281969 0.5729713754 0.4026894064 0.8305958437 0.1197939567 0.2948476623 nan nan
15 74518 13094 13094 0 0.4529415068 0.0282198537 0.4080295179 0.497960021 0.08993050307 0.3888909181 0.5665585489 0.1776676307 0.001201862835 0.07506178716 0.09417978716 nan nan
16 34315 2523 2523 0 0.4076586827 0.08612537684 0.2552215237 0.5118021964 0.2565806727 0.168591401 0.5728380059 0.4042466048 -0.4953332893 0.1539681377 0.239729255 nan nan
17 193452 20733 20733 0 0.6062044131 0.05444613184 0.5226796438 0.6958828196 0.1732031758 0.5031430085 0.7292240695 0.226081061 0.08044454295 0.1135852104 0.1469264604 nan nan
18 168109 1138 1138 0 0.531964458 0.1169218412 0.3661897064 0.7255018417 0.3593121353 0.3562459717 0.8956261106 0.539380139 0.2250538653 0.2031506136 0.3732748826 nan nan
19 134636 3432 3432 0 0.6421311682 0.1404547754 0.4803568199 0.8882938887 0.4079370688 0.3705687672 0.8953605839 0.5247918167 0.3216983757 0.2566610503 0.263696682 nan nan
20 46209 11737 11737 0 0.3399048753 0.04193167474 0.2643423373 0.3973148056 0.1329724683 0.1991275711 0.4073045146 0.2081769435 -0.2521697402 0.08069871239 0.1459134786 nan nan
21 15889 12009 12009 0 0.3690341631 0.05225978793 0.2967558243 0.4641177814 0.1673619571 0.2759808255 0.4886047653 0.2126239398 0.241848357 0.09186421592 0.1145155813 nan nan
22 8686 2986 2986 0 0.4257261908 0.04296235464 0.3496276676 0.4844458983 0.1348182307 0.2881415249 0.5004312289 0.212289704 -0.2248350751 0.07560827271 0.1370944154 nan nan
23 171756 601 601 0 0.5363624499 0.1152210704 0.3617207662 0.7341500143 0.3724292481 0.3526417655 0.8954556795 0.5428139139 0.217532542 0.199741013 0.3610466782 nan nan
24 173502 13986 13986 0 0.4657239189 0.03124844676 0.4280795202 0.5321458201 0.1040662999 0.4080731369 0.5773309915 0.1692578545 0.7297975829 0.07640223181 0.1215874032 nan nan
25 152141 7967 7967 0 0.6019355642 0.08665216357 0.4919191625 0.7343898768 0.2424707143 0.4279448335 0.8948398683 0.4668950348 0.1187646598 0.148704809 0.3090165548 nan nan
26 119322 15518 15518 0 0.6190538346 0.05614475222 0.5208745674 0.6988508536 0.1779762862 0.4968320168 0.7167161307 0.2198841139 -0.17981993 0.1064265235 0.1304690741 nan nan

K=27, phase=backward, parameter=w [deg]
cluster representative_source n_cluster n_valid n_missing median std p05 p95 width90 minimum maximum range skewness error95 error_max angle_origin_deg angle_resultant
0 97837 25454 25454 0 -1.103020493 4.60310476 -5.625095534 9.727688694 15.35278423 -6.647659137 13.84234791 20.49000705 0.9428939219 11.13310589 15.2477651 19.92807493 0.9967783102
1 30546 317 317 0 0.215175896 9.332386687 -10.80335279 14.42861763 25.23197042 -31.19203934 16.68716944 47.87920878 -0.5863478674 18.77542543 39.16411198 202.7948741 0.9868396675
2 21401 1048 1048 0 0.5568507452 6.935686502 -12.83251362 11.04668427 23.8791979 -34.80978585 13.15353573 47.96332157 -1.034880138 12.95255808 33.72614288 206.5443155 0.9927346788
3 49068 4841 4841 0 -1.571143603 5.676950417 -6.596850249 12.14508035 18.7419306 -7.624427436 20.0093453 27.63377274 1.149709387 14.79639338 22.66065833 191.5800669 0.9951068063
4 146677 3462 3462 0 1.995058207 4.727141514 -11.46148656 3.319287334 14.7807739 -18.98520009 3.503440231 22.48864032 -1.938823754 14.67799761 22.20171114 33.43572761 0.996607944
5 33028 1616 1616 0 8.180866394 16.17388491 -31.9571636 13.80096081 45.75812441 -33.16105057 14.11367593 47.2747265 -0.8902127575 42.23462581 43.43851278 204.7068522 0.9607534403
6 209914 4385 4385 0 -3.091340504 8.048439173 -8.709868912 15.31896802 24.02883693 -9.747472695 15.97336758 25.72084028 0.7693238647 21.67539199 22.32979155 20.38394195 0.9901705391
7 219125 4220 4220 0 1.057711606 5.406136589 -10.16678983 6.37769782 16.54448765 -14.76859108 7.295668553 22.06425963 -0.5913593336 12.13008323 13.04805396 29.02516912 0.9955560968
8 77722 4814 4814 0 -0.6490429812 6.751403977 -9.183404926 11.94643455 21.12983947 -10.76414848 14.52736919 25.29151767 0.3291712483 11.27727116 13.22762503 191.4835909 0.9930734062
9 12322 1042 1042 0 2.690447406 8.770664137 -18.08666082 11.61729517 29.70395599 -29.75437251 17.81039973 47.56477225 -0.9670678656 19.44191682 31.10962852 201.2511206 0.9883698848
10 98058 3015 3015 0 2.341091032 9.83727729 -16.32285424 12.69267259 29.01552683 -31.2994808 13.11403997 44.41352077 -0.4190120973 25.17973109 40.15635765 206.9372539 0.9853284494
11 36141 2030 2030 0 -1.612145938 9.511968387 -9.00623664 15.89808402 24.90432066 -29.61859402 19.23648653 48.85508056 -0.4064850121 22.54563288 24.47744862 201.1181554 0.9863413078
12 154799 126 126 0 -0.1175209623 37.69302868 -10.65321044 10.4631844 21.11639484 -178.0794066 176.3394337 354.4188403 1.083090531 15.29873887 179.1851102 25.07844788 0.9024709644
13 149609 26477 26477 0 1.767231956 5.387669021 -9.76636116 6.204433947 15.97079511 -14.46758115 8.97082863 23.43840978 -0.5801049532 16.19800383 20.89922382 27.38002994 0.9955858585
14 43405 5487 5487 0 2.701691645 7.670794155 -11.77986413 9.263012161 21.04287629 -37.67089576 10.52248999 48.19338574 -1.656776671 15.47001258 41.36104421 209.1745854 0.99113818
15 74518 13094 13094 0 -0.3450042212 4.698224908 -6.808926602 8.001606003 14.8105326 -27.05662234 13.40597819 40.46260054 0.1450289938 10.11046858 25.00105098 200.8176052 0.99664428
16 34315 2523 2523 0 -0.9616210259 7.626235012 -5.853610022 19.35108457 25.20469459 -25.49251396 23.28369872 48.77621268 0.9257429232 22.68439472 25.96080481 196.9449196 0.9912234443
17 193452 20733 20733 0 -0.2274403478 3.392204119 -4.556694693 3.658285949 8.214980642 -6.717322228 14.06341767 20.7807399 1.649070109 5.876978417 16.28211014 21.04705758 0.9982513002
18 168109 1138 1138 0 -0.795528111 5.430494752 -8.051011335 9.873681955 17.92469329 -15.60223658 10.75115518 26.35339176 0.1737524108 9.958723846 15.8194437 26.20501743 0.9955189703
19 134636 3432 3432 0 1.82063149 5.982953837 -11.08202645 7.14717562 18.22920207 -11.4281554 15.01987387 26.44802927 -0.6247935901 13.67521982 14.02134876 22.0432621 0.9945608159
20 46209 11737 11737 0 -0.1279861897 3.392275907 -5.274255883 5.629744791 10.90400067 -9.544251243 11.03154889 20.57580014 0.05726914243 6.094429033 10.59936507 205.3825292 0.9982484126
21 15889 12009 12009 0 -0.3796367629 3.496226689 -5.203920729 6.105257168 11.3091779 -6.339737442 7.793111439 14.13284888 0.2553349916 6.436066848 8.123921119 189.9593559 0.9981394537
22 8686 2986 2986 0 -0.3548989749 3.054500869 -2.345120387 1.553146128 3.898266515 -2.80339838 28.81751016 31.62090854 5.354262445 2.359623447 29.62398747 182.9288575 0.998592196
23 171756 601 601 0 -1.406425729 5.953658064 -8.165521967 9.901218591 18.06674056 -15.35089898 10.62884349 25.97974247 0.2489520191 11.43948462 14.02825718 26.43264773 0.9946136031
24 173502 13986 13986 0 0.5962423675 2.919652902 -5.765703628 3.407475487 9.173179115 -13.99256123 8.163452034 22.15601327 -0.7771798419 7.360274446 15.58713205 28.17702984 0.9987026511
25 152141 7967 7967 0 -0.1622707851 3.252315228 -4.455112466 6.735013019 11.19012549 -13.67174928 12.16718257 25.83893184 0.7787047434 7.556691673 14.41359741 24.25942109 0.9983920061
26 119322 15518 15518 0 0.1273770561 1.791758452 -2.978129321 2.544103102 5.522232423 -13.92505546 7.850623636 21.77567909 0.04874257573 3.111179993 13.47209457 27.33513077 0.9995112061

K=27, phase=forward, parameter=eps [km^2/s^2]
cluster representative_source n_cluster n_valid n_missing median std p05 p95 width90 minimum maximum range skewness error95 error_max angle_origin_deg angle_resultant
0 97837 25454 25454 0 -0.1541333341 0.03279529007 -0.1971616377 -0.09733594723 0.09982569046 -0.2470828167 -0.08822108875 0.1588617279 0.139142344 0.05446596829 0.1043853369 nan nan
1 30546 317 317 0 -0.2060453966 0.3316111606 -0.9617513089 -0.115385677 0.8463656319 -1.020440955 -0.05154323718 0.9688977179 -0.8066576407 0.7579132132 0.8166028593 nan nan
2 21401 1048 1048 0 -0.828352698 0.04468407554 -0.9301031678 -0.812605958 0.1174972098 -1.020173947 -0.04606809117 0.9741058554 4.07842887 0.1056471839 0.7804413899 nan nan
3 49068 4841 4841 0 -0.9560590943 0.02651966208 -0.9856772288 -0.9054657034 0.08021152539 -0.9895364382 -0.893189437 0.09634700114 0.382127818 0.04709379794 0.0593700643 nan nan
4 146677 3462 3462 0 -0.1735614707 0.06059414435 -0.2052097967 -0.1070013173 0.09820847945 -0.847659622 -0.1043363851 0.743323237 -6.832521683 0.07263309641 0.6685291015 nan nan
5 33028 1616 1616 0 -0.2457899883 0.1254864513 -0.2569945552 -0.2051086005 0.0518859547 -0.9806716823 -0.1074576018 0.8732140805 -4.866200201 0.08280963487 0.7384136813 nan nan
6 209914 4385 4385 0 -0.8424121783 0.02753081281 -0.9139808257 -0.8230652973 0.09091552841 -1.020820046 -0.807091806 0.2137282399 -2.373255439 0.07017985458 0.1770190748 nan nan
7 219125 4220 4220 0 -0.8322573398 0.04250686829 -0.9562772914 -0.8079745373 0.1483027541 -1.020811158 -0.8071000865 0.2137110715 -2.115204662 0.1478770269 0.2124108935 nan nan
8 77722 4814 4814 0 -0.8779258097 0.024912529 -0.929166091 -0.8501304599 0.07903563106 -0.9713917668 -0.8124351423 0.1589566245 -0.7269576142 0.04467945136 0.08303467428 nan nan
9 12322 1042 1042 0 -0.8192911144 0.2557935733 -0.8798661468 -0.1097968632 0.7700692836 -0.9840399596 -0.04389160369 0.9401483559 1.837639175 0.7093014411 0.7752067006 nan nan
10 98058 3015 3015 0 -0.9097739533 0.04037754518 -0.9768387413 -0.8467073538 0.1301313875 -0.9819994091 -0.8085486977 0.1734507113 0.07199209339 0.06976481012 0.1079234662 nan nan
11 36141 2030 2030 0 -0.1717142436 0.2705490718 -0.8884783271 -0.04688029501 0.8415980321 -1.016039863 -0.04398107964 0.9720587837 -1.755188406 0.7403455426 0.8679070788 nan nan
12 154799 126 126 0 -0.2106528771 0.3345613219 -0.9637854037 -0.1150495827 0.848735821 -0.9769988255 -0.04671985241 0.9302789731 -0.7028075194 0.7515088771 0.7647222989 nan nan
13 149609 26477 26477 0 -0.8707109071 0.02379013135 -0.9218806695 -0.8415481166 0.08033255291 -0.9712989713 -0.8108506487 0.1604483226 -0.7936251272 0.08363014959 0.1330484514 nan nan
14 43405 5487 5487 0 -0.1872723713 0.08213229607 -0.2352757868 -0.0999213178 0.135354469 -0.97968998 -0.04617033786 0.9335196422 -6.680329154 0.08386125074 0.8076337315 nan nan
15 74518 13094 13094 0 -0.1952596903 0.05441447424 -0.2286769477 -0.128433337 0.1002436107 -0.8409721946 -0.1184066481 0.7225655465 -6.945764902 0.06834958734 0.6448590169 nan nan
16 34315 2523 2523 0 -0.9080655263 0.04856553643 -0.9769447073 -0.8135329364 0.1634117709 -1.020656292 -0.8063625598 0.2142937317 0.2153877126 0.09965222495 0.1082914229 nan nan
17 193452 20733 20733 0 -0.09843053121 0.03551300216 -0.1840142082 -0.06685420978 0.1171599984 -0.2446092002 -0.05885393284 0.1857552673 -1.366754305 0.09839171664 0.1589867086 nan nan
18 168109 1138 1138 0 -0.1884912807 0.06541638492 -0.2549280928 -0.1141996581 0.1407284346 -0.945320889 -0.04380055914 0.9015203298 -5.170122813 0.08199562322 0.7493386619 nan nan
19 134636 3432 3432 0 -0.8713990367 0.05352676381 -0.9740334776 -0.8105049 0.1635285776 -1.019554213 -0.8067544424 0.2127997709 -0.4090391117 0.0905077783 0.1189272407 nan nan
20 46209 11737 11737 0 -0.2252665601 0.05417657723 -0.2467523954 -0.1531593051 0.09359309025 -0.88690913 -0.1391862928 0.7477228372 -7.522912661 0.06942302826 0.6654416568 nan nan
21 15889 12009 12009 0 -0.9648665302 0.0329812725 -1.002243078 -0.9020319541 0.1002111239 -1.008564402 -0.8911740448 0.1173903569 0.3686530887 0.05453313404 0.06539104336 nan nan
22 8686 2986 2986 0 -0.880871795 0.01680077304 -0.8998536793 -0.8611100007 0.03874367858 -0.9807700187 -0.8546976511 0.1260723677 -2.128170546 0.02295584714 0.1038721866 nan nan
23 171756 601 601 0 -0.8561856549 0.05814510495 -0.9744644486 -0.8156974378 0.1587670108 -1.020582924 -0.2548967586 0.7656861652 1.346964925 0.106095406 0.6135964901 nan nan
24 173502 13986 13986 0 -0.9231680357 0.01988920918 -0.9520954579 -0.8910397935 0.06105566438 -0.9987341336 -0.8093950962 0.1893390374 0.1310055609 0.03353155941 0.1100929591 nan nan
25 152141 7967 7967 0 -0.1788687191 0.05176328801 -0.2549626991 -0.1124292814 0.1425334177 -0.9968920251 -0.0678054649 0.9290865602 -3.925137594 0.07362380703 0.8136055255 nan nan
26 119322 15518 15518 0 -0.9429018553 0.02306147736 -0.9697058904 -0.8969410341 0.07276485634 -0.9750473145 -0.8510394547 0.1240078597 0.4679456307 0.03918545733 0.08267194936 nan nan

K=27, phase=forward, parameter=e [-]
cluster representative_source n_cluster n_valid n_missing median std p05 p95 width90 minimum maximum range skewness error95 error_max angle_origin_deg angle_resultant
0 97837 25454 25454 0 0.6302764653 0.08048400838 0.5227988876 0.7676974931 0.2448986055 0.3881977042 0.7895647552 0.401367051 0.1018325661 0.1354191391 0.2700203225 nan nan
1 30546 317 317 0 0.504256563 0.1539712669 0.2306154518 0.7242488299 0.4936333781 0.2028562528 0.8772211912 0.6743649384 -0.1900599188 0.2871684578 0.3713513493 nan nan
2 21401 1048 1048 0 0.2346504367 0.07829414112 0.1892704966 0.4414774673 0.2522069707 0.1697123633 0.8902517039 0.7205393406 2.078996856 0.2115042728 0.6602785094 nan nan
3 49068 4841 4841 0 0.4794959615 0.04225646712 0.3956093914 0.5238323695 0.1282229781 0.3733614257 0.5294155266 0.156054101 -0.4578552172 0.078246097 0.1004940628 nan nan
4 146677 3462 3462 0 0.5821225796 0.09385560393 0.5021591333 0.7444860682 0.2423269349 0.2062286491 0.7508729048 0.5446442557 -0.1618390795 0.1776121625 0.3620005386 nan nan
5 33028 1616 1616 0 0.3943979809 0.0555153981 0.3614619257 0.5148087218 0.1533467961 0.2778537311 0.7437231963 0.4658694652 2.209472444 0.1124270355 0.3402898005 nan nan
6 209914 4385 4385 0 0.2697224171 0.05522776148 0.2207762325 0.411100067 0.1903238345 0.1710855758 0.5729557573 0.4018701815 1.784589258 0.1379204477 0.299776138 nan nan
7 219125 4220 4220 0 0.2447321042 0.08613949538 0.1740649761 0.4797716104 0.3057066343 0.1711237845 0.5729437429 0.4018199583 1.589135039 0.3046371399 0.3978092724 nan nan
8 77722 4814 4814 0 0.3446038331 0.04726732759 0.2864802832 0.4364754474 0.1499951642 0.1898275721 0.5029569112 0.3131293391 0.4745551506 0.08436106559 0.1747017637 nan nan
9 12322 1042 1042 0 0.2259814872 0.1769793218 0.1885495037 0.7381087389 0.5495592353 0.1722257304 0.8954250633 0.7231993329 1.966499869 0.5288845002 0.6862008245 nan nan
10 98058 3015 3015 0 0.4034629703 0.07283360265 0.2792216686 0.5108993431 0.2316776746 0.1768984382 0.5185090086 0.3416105704 -0.3568446529 0.1357090238 0.2380322541 nan nan
11 36141 2030 2030 0 0.5867339403 0.1839252853 0.2867375137 0.8883047639 0.6015672502 0.1705568463 0.8952125964 0.7246557501 -0.0105691728 0.3580668738 0.4742475411 nan nan
12 154799 126 126 0 0.4947996635 0.1631098698 0.2289472497 0.7250673115 0.4961200618 0.1698141831 0.8887012719 0.7188870888 -0.01044147104 0.2807717926 0.404824026 nan nan
13 149609 26477 26477 0 0.3308726948 0.04637500883 0.2671810472 0.4246043206 0.1574232734 0.1824369508 0.502791275 0.3203543243 0.5342353237 0.165388049 0.2435750034 nan nan
14 43405 5487 5487 0 0.5480056684 0.1011200259 0.4300665446 0.7617791908 0.3317126462 0.1698731259 0.8900080584 0.7201349325 0.4839584538 0.206715381 0.4166765067 nan nan
15 74518 13094 13094 0 0.5273623387 0.08805733188 0.4400545232 0.6926815299 0.2526270066 0.1759040453 0.7169528445 0.5410487992 0.1487830518 0.1692238177 0.3491823628 nan nan
16 34315 2523 2523 0 0.4004045655 0.09145992397 0.1907809865 0.5110743113 0.3202933248 0.1685723685 0.5727162374 0.4041438689 -0.564914988 0.2171241981 0.2393328161 nan nan
17 193452 20733 20733 0 0.7651243358 0.08693560761 0.555458118 0.8406599738 0.2852018557 0.3951421387 0.8597500074 0.4646078687 -1.438684609 0.240437325 0.4007533043 nan nan
18 168109 1138 1138 0 0.5447073223 0.1206120835 0.3672897166 0.7271068286 0.359817112 0.3562089582 0.8956399398 0.5394309816 0.2778757593 0.2015392038 0.370072315 nan nan
19 134636 3432 3432 0 0.3317289404 0.1040976154 0.1827940127 0.5067541134 0.3239601007 0.1700181651 0.5712727564 0.4012545913 0.1814316188 0.2044419678 0.2172178153 nan nan
20 46209 11737 11737 0 0.4491315181 0.08037462631 0.3900062968 0.6322828675 0.2422765706 0.1771737652 0.6664920248 0.4893182596 0.6073725222 0.1759168965 0.2816078208 nan nan
21 15889 12009 12009 0 0.4927558524 0.05192629885 0.3891973064 0.5474114598 0.1582141534 0.3693317405 0.5562090262 0.1868772856 -0.4571754792 0.09074591341 0.1106114792 nan nan
22 8686 2986 2986 0 0.3498032664 0.03087819846 0.3099533608 0.3853420695 0.07538870874 0.2961950764 0.516756975 0.2205618986 1.750214584 0.04407288308 0.1746463124 nan nan
23 171756 601 601 0 0.300238432 0.1016772825 0.2015819606 0.5074793467 0.305897386 0.1700666531 0.5726195203 0.4025528672 0.5566216584 0.1806577703 0.2457979439 nan nan
24 173502 13986 13986 0 0.426709341 0.03374896644 0.3700077569 0.4734975042 0.1034897473 0.1795494123 0.5422283212 0.3626789089 -0.2615699592 0.05643310921 0.2409235346 nan nan
25 152141 7967 7967 0 0.5688045587 0.1116808833 0.3660998808 0.7313889715 0.3652890907 0.1713813095 0.8384885339 0.6671072244 -0.2810815049 0.1921288986 0.3863648302 nan nan
26 119322 15518 15518 0 0.4588515771 0.03788427016 0.380669529 0.5003645264 0.1196949973 0.2898717759 0.5083076615 0.2184358855 -0.5577822644 0.06368619094 0.1540967574 nan nan

K=27, phase=forward, parameter=w [deg]
cluster representative_source n_cluster n_valid n_missing median std p05 p95 width90 minimum maximum range skewness error95 error_max angle_origin_deg angle_resultant
0 97837 25454 25454 0 -3.384144472 18.11813127 -21.8331677 34.60990056 56.44306826 -22.82442447 69.60563917 92.43006364 0.8129947568 47.81775481 82.81349342 173.7008686 0.9512775143
1 30546 317 317 0 -1.463659861 81.29552877 -167.8750684 64.91172036 232.7867887 -179.420791 161.0292214 340.4500124 -0.4853131581 176.3274911 179.9945588 41.49027261 0.3367424232
2 21401 1048 1048 0 -2.65240351 19.42333956 -22.93475699 38.75433512 61.68909211 -57.74175401 151.1879819 208.9297359 1.971063364 46.46132482 156.7435482 158.1544616 0.9479539718
3 49068 4841 4841 0 -0.7806175211 13.39366094 -19.12956096 24.73514326 43.86470422 -21.80248263 38.39005095 60.19253358 0.4455148335 30.09061433 43.74552203 313.3689688 0.9729896923
4 146677 3462 3462 0 -3.67568611 26.54237267 -31.10336993 46.96237341 78.06574334 -179.2611607 179.6982993 358.95946 1.314000045 61.19897547 176.2425084 242.1049913 0.9071046948
5 33028 1616 1616 0 -3.43159927 38.94743679 -28.74824247 57.38032575 86.12856822 -179.0331532 179.5287564 358.5619096 1.171491362 56.48390782 179.357277 211.087095 0.8535778574
6 209914 4385 4385 0 -3.316070812 18.3457368 -18.91343432 35.98353888 54.8969732 -26.1208684 103.6574327 129.7783011 1.820928561 50.75269782 118.4265916 55.4412992 0.9519688372
7 219125 4220 4220 0 -9.83454897 36.17899051 -35.30946299 72.73360118 108.0430642 -37.23278328 127.4811511 164.7139344 0.9660166004 56.38509284 111.1326428 35.69836129 0.818976607
8 77722 4814 4814 0 -3.189148974 14.363556 -16.12433221 30.59249986 46.71683208 -17.73217175 65.50910348 83.24127523 1.210367369 33.96793124 68.88453486 308.015807 0.9693031355
9 12322 1042 1042 0 -8.599851408 53.40438563 -36.43547175 127.4509211 163.8863928 -169.5884331 179.7418819 349.330315 1.230546016 143.0974401 179.1144401 171.4322166 0.6958928398
10 98058 3015 3015 0 -4.372533808 18.67033677 -22.60894216 36.4255047 59.03444686 -26.01743503 73.76725905 99.78469408 0.9291253935 34.47246106 71.81421541 340.7955079 0.9485071104
11 36141 2030 2030 0 -4.724300989 60.93714213 -39.38824712 146.243044 185.6312911 -179.9758758 179.3528949 359.3287708 0.4777804534 162.6397326 179.8799934 306.4972233 0.6605334194
12 154799 126 126 0 -3.691013803 89.51303283 -129.7862242 167.2306417 297.0168659 -179.76852 174.655881 354.424401 0.1070278373 174.1628616 179.5260067 173.0061174 0.2699107702
13 149609 26477 26477 0 -2.547795402 16.83863412 -20.70911832 31.4258679 52.13498623 -23.5590879 96.06193898 119.6210269 1.186537773 30.86684943 95.5029205 15.07713026 0.9583516558
14 43405 5487 5487 0 -0.9527314942 26.85966842 -39.25650255 33.55803628 72.81453883 -179.5815983 179.1785574 358.7601557 -0.2882625193 44.07012418 179.9251401 234.0294127 0.9155171673
15 74518 13094 13094 0 -3.43057636 23.06781872 -25.79271249 38.25484523 64.04755771 -179.4742917 178.1124267 357.5867184 0.5928709255 46.97372718 179.8482216 190.1811942 0.9303021533
16 34315 2523 2523 0 -1.298937333 21.57089907 -44.26294817 36.33810506 80.60105323 -75.14638326 77.0814101 152.2277934 -0.08333977912 48.18161788 88.37922924 48.78932231 0.9323250375
17 193452 20733 20733 0 -3.885904091 18.43098 -21.88828259 37.19008611 59.0783687 -24.3440219 74.36629427 98.71031617 0.9260949126 38.70313669 75.87934485 175.8720426 0.9497205844
18 168109 1138 1138 0 0.2325534755 31.52419656 -47.19934611 52.37308392 99.57243003 -73.38956919 170.0956979 243.4852671 0.5861868304 57.06519064 170.7447105 31.39919011 0.8642769472
19 134636 3432 3432 0 2.166866277 28.25843026 -52.04514594 42.34735844 94.39250438 -63.09130986 76.96696796 140.0582778 -0.2453700595 51.89485944 83.74787254 123.7916599 0.8846147526
20 46209 11737 11737 0 -3.166622613 19.27948832 -18.42639891 29.96914087 48.39553978 -179.790689 178.8506423 358.6413313 2.760095756 44.0554775 179.7889358 181.5672284 0.9558562986
21 15889 12009 12009 0 -0.5042184817 6.784508728 -10.04757562 11.77604162 21.82361724 -11.77057876 21.50741886 33.27799762 0.3468480922 16.50634857 26.23772581 301.6118676 0.9930089951
22 8686 2986 2986 0 -1.749774588 6.3869515 -4.055149785 5.856407234 9.911557019 -4.206934403 57.90757703 62.11451143 4.415960732 9.364633639 61.41580344 293.6164266 0.993966803
23 171756 601 601 0 -1.104681459 34.50599656 -52.46509185 55.20580062 107.6708925 -73.67315261 135.1366222 208.8097748 0.1668941298 62.49151266 142.0488739 216.6514823 0.8317087174
24 173502 13986 13986 0 -3.949084267 15.35973347 -15.56936302 26.76150705 42.33087007 -15.96572732 98.88494907 114.8506764 1.567151316 35.51674413 107.6401862 6.452821712 0.9656101496
25 152141 7967 7967 0 -2.182695328 24.04949346 -41.0541681 41.55301837 82.60718647 -177.09914 138.3775063 315.4766462 -0.07221422187 60.55358994 158.3409422 286.9331787 0.9179963052
26 119322 15518 15518 0 -3.112717868 16.04983252 -18.51693203 31.85916887 50.3761009 -20.22916136 71.63911862 91.86827997 1.15693812 42.86787659 82.64782634 11.09893792 0.9618765436

K=29, STD=0.01229583808
n = trajectories per cluster; conditions overlap.
n = 1: clusters=0/29 (0.00%); trajectories=0/194058 (0.00%)
n < 10: clusters=0/29 (0.00%); trajectories=0/194058 (0.00%)
n < 100: clusters=0/29 (0.00%); trajectories=0/194058 (0.00%)

K=29, phase=backward, parameter=eps [km^2/s^2]
cluster representative_source n_cluster n_valid n_missing median std p05 p95 width90 minimum maximum range skewness error95 error_max angle_origin_deg angle_resultant
0 94651 24761 24761 0 -0.09841728627 0.0234197498 -0.1480803224 -0.06740201522 0.08067830718 -0.1808042275 -0.05881779331 0.1219864342 -0.7829157868 0.06530013051 0.09802403565 nan nan
1 14264 303 303 0 -0.8636095087 0.05430395409 -0.9725918 -0.8190662991 0.1535255009 -1.017669023 -0.8068393667 0.2108296566 -0.6566602291 0.1445632758 0.1896404991 nan nan
2 21401 1049 1049 0 -0.8294056686 0.03922788928 -0.9572717716 -0.8246589497 0.1326128219 -1.020754723 -0.8219637802 0.1987909431 -2.208354193 0.1286610728 0.1921440245 nan nan
3 49068 4837 4837 0 -0.9794128574 0.01267880674 -0.9930670204 -0.9532141028 0.03985291758 -0.9963991166 -0.9281148789 0.06828423769 0.7949786058 0.03136534231 0.05646456616 nan nan
4 149947 3503 3503 0 -0.2260630595 0.0257482518 -0.2583641681 -0.1829901153 0.07537405289 -0.2593276385 -0.1579865306 0.1013411079 0.2455350002 0.05303406357 0.07803764822 nan nan
5 33028 1576 1576 0 -0.8254530939 0.01939069996 -0.8626755179 -0.8076874038 0.05498811416 -1.020739299 -0.8066103601 0.2141289389 -1.445462301 0.04045233856 0.1985161196 nan nan
6 153596 2207 2207 0 -0.1634713846 0.03491330316 -0.2044982196 -0.1065069821 0.09799123742 -0.2339634096 -0.104628734 0.1293346756 0.1715405855 0.06023919413 0.0672834776 nan nan
7 175498 2817 2817 0 -0.2497905692 0.01056216571 -0.256426513 -0.2278566871 0.02856982592 -0.2572678876 -0.1846891134 0.07257877429 1.771450847 0.01788310709 0.06105068083 nan nan
8 8686 2980 2980 0 -0.9230219766 0.02510549083 -0.959513099 -0.8808281719 0.07868492716 -0.9699743336 -0.8508318587 0.1191424749 0.1245503063 0.04288252133 0.07195535759 nan nan
9 12322 1036 1036 0 -0.8159223903 0.005589568902 -0.8250360546 -0.8078843001 0.01715175449 -0.8650264246 -0.8062084723 0.05881795228 -1.342481733 0.009478142941 0.04946851291 nan nan
10 26783 1430 1430 0 -0.8668853266 0.03047622675 -0.9101554206 -0.8085384138 0.1016170068 -0.923928638 -0.8063623697 0.1175662683 0.3108426281 0.05768916065 0.05983164035 nan nan
11 35910 1975 1975 0 -0.8819018063 0.05061337798 -0.9739120238 -0.8274371872 0.1464748365 -1.020778602 -0.8206074328 0.2001711693 -0.3553418303 0.0783712599 0.1157163 nan nan
12 133457 3458 3458 0 -0.1492448803 0.0568956818 -0.2133560621 -0.04691477834 0.1664412837 -0.241818408 -0.04391779137 0.1979006166 0.3686915408 0.1046537203 0.1076507073 nan nan
13 149609 26298 26298 0 -0.2186564838 0.02870773511 -0.2459877313 -0.1567377687 0.0892499626 -0.2503484518 -0.1265314213 0.1238170305 0.6807407738 0.06570491664 0.09591126402 nan nan
14 43405 5431 5431 0 -0.8525828715 0.02671786545 -0.9065797863 -0.8309898606 0.0755899257 -1.020836128 -0.8068607798 0.2139753485 -1.3230194 0.06062423811 0.1748805801 nan nan
15 74518 13082 13082 0 -0.9391161615 0.0175384609 -0.9680544296 -0.9121619964 0.05589243317 -1.016166402 -0.9012620367 0.1149043649 -0.07112339128 0.04617655035 0.0578529356 nan nan
16 45392 1385 1385 0 -0.9559281226 0.02274970992 -0.978496513 -0.9108252702 0.06767124282 -1.020743755 -0.8385877574 0.1821559979 0.5108006289 0.04767021963 0.1197657603 nan nan
17 170313 20191 20191 0 -0.1615969538 0.02336352604 -0.1964329338 -0.1211021478 0.07533078599 -0.203937617 -0.107836621 0.09610099608 0.1477253598 0.04846081091 0.06172633774 nan nan
18 208654 3501 3501 0 -0.163133256 0.03546646773 -0.212645087 -0.09897540091 0.113669686 -0.2230349469 -0.04455261547 0.1784823314 0.3100569176 0.06056518718 0.1135951251 nan nan
19 164816 2505 2505 0 -0.2421254408 0.01307295639 -0.2572131862 -0.2165497715 0.04066341472 -0.2582250091 -0.2002373017 0.05798770745 0.4543795306 0.02655816197 0.04287063179 nan nan
20 45979 11732 11732 0 -0.8752265942 0.02075314897 -0.9060418287 -0.8402980656 0.06574376314 -0.9116388917 -0.8316030585 0.08003583315 0.1133541195 0.03722660135 0.04592160838 nan nan
21 15889 12009 12009 0 -0.8908769874 0.02862545412 -0.9464306012 -0.8548510297 0.09157957142 -0.9620982855 -0.8455281707 0.1165701148 -0.3857667699 0.05281888657 0.06848657085 nan nan
22 100032 2943 2943 0 -0.9121166673 0.04033852698 -0.9595149624 -0.8304995842 0.1290153782 -0.9716903857 -0.8065266032 0.1651637825 0.5088275631 0.0750136709 0.09898665188 nan nan
23 150949 447 447 0 -0.1699435427 0.0410042528 -0.2129382405 -0.1079232282 0.1050150123 -0.2578973543 -0.04383479669 0.2140625576 0.2320971237 0.07234707299 0.1204218425 nan nan
24 173781 13960 13960 0 -0.2191384704 0.01199522006 -0.2331642953 -0.1932299931 0.03993430221 -0.2432254336 -0.1747129763 0.06851245732 0.7959391497 0.02972517368 0.04824219049 nan nan
25 152436 6951 6951 0 -0.165574937 0.03511484246 -0.2095123398 -0.1116573552 0.0978549846 -0.2327643451 -0.04413887266 0.1886254725 0.1319599843 0.06125243795 0.1287709205 nan nan
26 119604 15567 15567 0 -0.1587684137 0.02282603797 -0.1982229368 -0.1259497182 0.07227321866 -0.207662361 -0.1186172049 0.08904515608 -0.1605949599 0.04266526508 0.05210468925 nan nan
27 76930 4797 4797 0 -0.9906993899 0.01226242361 -1.005269379 -0.9666183429 0.03865103597 -1.008654727 -0.9620409644 0.04661376268 0.3615888698 0.03233167159 0.03690905007 nan nan
28 172613 1327 1327 0 -0.1995310813 0.04597579989 -0.2567503989 -0.1153012902 0.1414491086 -0.2595672675 -0.04380722131 0.2157600462 0.4399227973 0.08603728594 0.1575313549 nan nan

K=29, phase=backward, parameter=e [-]
cluster representative_source n_cluster n_valid n_missing median std p05 p95 width90 minimum maximum range skewness error95 error_max angle_origin_deg angle_resultant
0 94651 24761 24761 0 0.7651493854 0.05654755151 0.6446510131 0.8393715771 0.194720564 0.56341166 0.8598376402 0.2964259802 -0.8118859118 0.1579323519 0.239171705 nan nan
1 14264 303 303 0 0.3158932049 0.1041624267 0.2088552062 0.5047185508 0.2958633446 0.170063584 0.568733005 0.398669421 0.4436998273 0.2712983677 0.3353128219 nan nan
2 21401 1049 1049 0 0.2375352608 0.07632769707 0.2249613456 0.4814169821 0.2564556364 0.2175246744 0.5728758046 0.3553511301 1.962969312 0.2461215202 0.3375803428 nan nan
3 49068 4837 4837 0 0.5146467335 0.0189923729 0.4749459566 0.5344405454 0.0594945888 0.4351727306 0.5391917984 0.1040190678 -0.8567633579 0.04722198628 0.08699521227 nan nan
4 149947 3503 3503 0 0.4462171293 0.06884549706 0.356157227 0.557903656 0.201746429 0.3533386986 0.6202551083 0.2669164097 0.1937362328 0.1389191475 0.2012705998 nan nan
5 33028 1576 1576 0 0.2270521262 0.04831187935 0.1730591453 0.3145329623 0.1414738169 0.1694522375 0.5728514127 0.4033991752 0.7614945952 0.0957145644 0.3540330148 nan nan
6 153596 2207 2207 0 0.607166099 0.08609907332 0.5041011126 0.7456678258 0.2415667131 0.4246648142 0.7501700804 0.3255052663 0.1521491261 0.1466426339 0.1745657171 nan nan
7 175498 2817 2817 0 0.3811601978 0.02941135076 0.3619905427 0.4431280359 0.08113749319 0.3594872152 0.5550590695 0.1955718542 1.674668779 0.05095938915 0.1628904227 nan nan
8 8686 2980 2980 0 0.4255922473 0.04299305971 0.3495274857 0.4844381889 0.1349107032 0.2881415249 0.5004312289 0.212289704 -0.2242813936 0.07570845458 0.1370944154 nan nan
9 12322 1036 1036 0 0.199490387 0.01645957052 0.1737286695 0.2259775776 0.05224890804 0.168193931 0.3168270934 0.1486331624 0.7258555699 0.0282753478 0.1182142416 nan nan
10 26783 1430 1430 0 0.3226828619 0.06762421824 0.175998369 0.4040729169 0.2280745479 0.168591401 0.4276318748 0.2590404737 -0.6122867363 0.1452219356 0.1526289035 nan nan
11 35910 1975 1975 0 0.3528675845 0.09488309122 0.2325675466 0.5066061008 0.2740385542 0.2110358437 0.5728973064 0.3618614627 0.1716219117 0.1638489991 0.18411194 nan nan
12 133457 3458 3458 0 0.6420069613 0.1390894524 0.4809962398 0.8882118687 0.4072156289 0.4030483833 0.8953605839 0.4923122007 0.3407237124 0.2518244104 0.2589731256 nan nan
13 149609 26298 26298 0 0.4668393703 0.07435057923 0.3922037655 0.6234333758 0.2312296103 0.3797481417 0.697340941 0.3175927992 0.6230315063 0.1673896262 0.2412971913 nan nan
14 43405 5431 5431 0 0.2929095778 0.05395109513 0.2415345991 0.3981593655 0.1566247664 0.170281969 0.5729713754 0.4026894064 0.8618677325 0.1200356523 0.2948476623 nan nan
15 74518 13082 13082 0 0.4528656038 0.028237459 0.4079051204 0.4979133833 0.09000826286 0.3888909181 0.5665585489 0.1776676307 0.002602923 0.07518267014 0.09417978716 nan nan
16 45392 1385 1385 0 0.4792326138 0.03627863736 0.4052609156 0.5134044784 0.1081435628 0.2612325866 0.5728380059 0.3116054193 -0.6305040586 0.07797745172 0.2217148945 nan nan
17 170313 20191 20191 0 0.6119988803 0.0576171577 0.5247681201 0.7106225236 0.1858544035 0.505519094 0.7425083037 0.2369892097 0.1211628409 0.1184038709 0.150289651 nan nan
18 208654 3501 3501 0 0.6083965218 0.08753828395 0.4826261049 0.7640479862 0.2814218813 0.4542800632 0.893855155 0.4395750919 0.2656459561 0.1483367086 0.2729838029 nan nan
19 164816 2505 2505 0 0.402801729 0.03627375815 0.359645645 0.4728374932 0.1131918481 0.3566637373 0.5156353525 0.1589716153 0.4159743619 0.07342397362 0.116221833 nan nan
20 45979 11732 11732 0 0.339865499 0.04181185595 0.2643396036 0.3971427169 0.1328031133 0.2427035797 0.4070149161 0.1643113364 -0.2470100807 0.07996696082 0.1016029848 nan nan
21 15889 12009 12009 0 0.3690341631 0.05225978793 0.2967558243 0.4641177814 0.1673619571 0.2759808255 0.4886047653 0.2126239398 0.241848357 0.09186421592 0.1145155813 nan nan
22 100032 2943 2943 0 0.4077448096 0.07645421431 0.2411283116 0.4850370242 0.2439087125 0.169162008 0.5033967836 0.3342347756 -0.8100095319 0.1555047209 0.2274710246 nan nan
23 150949 447 447 0 0.5910497657 0.1019698384 0.4820606325 0.7422341774 0.2601735449 0.3577982047 0.8955575814 0.5377593767 0.1581501135 0.1809338007 0.2903389962 nan nan
24 173781 13960 13960 0 0.4655093017 0.03131768049 0.4278037091 0.5322286591 0.10442495 0.3990679859 0.5789026716 0.1798346857 0.7450550396 0.07714944157 0.1238234541 nan nan
25 152436 6951 6951 0 0.6017707227 0.08689572315 0.4909403844 0.733258657 0.2423182727 0.4279448335 0.8948398683 0.4668950348 0.1090759516 0.1495828427 0.3111287713 nan nan
26 119604 15567 15567 0 0.6185428877 0.05650452332 0.5196491515 0.6987106947 0.1790615432 0.4954111247 0.7164402453 0.2210291206 -0.1837398347 0.1068316693 0.1310696961 nan nan
27 76930 4797 4797 0 0.5310300813 0.01777350027 0.4955594777 0.5516247789 0.05606530116 0.4882844047 0.5563450703 0.06806066563 -0.3963654125 0.04727949371 0.05455456675 nan nan
28 172613 1327 1327 0 0.5167878056 0.1171932519 0.3609704279 0.7244675878 0.3634971599 0.3526417655 0.8956261106 0.5429843451 0.3430853387 0.2125916396 0.3837501624 nan nan

K=29, phase=backward, parameter=w [deg]
cluster representative_source n_cluster n_valid n_missing median std p05 p95 width90 minimum maximum range skewness error95 error_max angle_origin_deg angle_resultant
0 94651 24761 24761 0 -1.424964316 4.974406288 -5.842191449 10.54176332 16.38395476 -6.848434385 14.10362867 20.95206305 0.947261133 11.91762584 15.47949119 20.12885018 0.9962383416
1 14264 303 303 0 -1.21048431 10.61100448 -26.29715647 15.53243247 41.82958894 -30.17113167 17.71307918 47.88421085 -0.7268018524 25.4538892 29.32786441 201.7739665 0.9830297321
2 21401 1049 1049 0 0.4823186329 6.468474215 -12.60469991 10.91569182 23.52039173 -34.9347051 13.02861647 47.96332157 -0.6426882243 12.78081269 33.72614288 206.6692347 0.9936630974
3 49068 4837 4837 0 -1.57339398 5.677185699 -6.59918465 12.14399441 18.74317906 -7.626779452 20.00699328 27.63377274 1.149959541 14.79765946 22.66065833 191.5824189 0.9951064004
4 149947 3503 3503 0 1.737542998 4.479257979 -11.27453723 3.101920604 14.37645783 -19.20106536 3.287574962 22.48864032 -2.112689013 14.15516309 22.08169122 33.65159288 0.9969546617
5 33028 1576 1576 0 8.672557884 16.31536775 -32.04342687 13.74411038 45.78753725 -33.23111031 14.04361618 47.2747265 -0.8947127252 42.25082934 43.43851278 204.7769119 0.9600702853
6 153596 2207 2207 0 -0.2885541132 2.953633505 -3.515775542 6.767456555 10.2832321 -6.29965803 12.86163457 19.1612926 1.752722538 6.557477253 12.45026196 23.60564182 0.9986735055
7 175498 2817 2817 0 1.233311642 5.632514382 -10.42173956 6.593320118 17.01505968 -14.18023947 6.84487811 21.02511758 -0.5786484827 15.59123628 19.34973619 28.7493581 0.9951763303
8 8686 2980 2980 0 -0.3171454406 2.892250685 -2.305070942 1.562865194 3.867936136 -2.76301023 28.85789831 31.62090854 5.360824638 2.328954363 29.62398747 182.8884693 0.9987369392
9 12322 1036 1036 0 2.637760166 8.665791604 -17.77753629 11.65852536 29.43606164 -29.93325366 17.63151859 47.56477225 -0.9440790207 18.95391115 31.10962852 201.4300017 0.9886438476
10 26783 1430 1430 0 -0.9937168168 9.913523278 -19.71159798 20.33199526 40.04359324 -27.71081891 21.06539377 48.77621268 0.09090274926 20.88917858 27.88592095 199.1632246 0.9851953035
11 35910 1975 1975 0 -1.715276106 9.585482837 -9.140678673 15.77888456 24.91956323 -29.75389291 19.10118765 48.85508056 -0.4201843343 22.41747076 24.6226873 201.2534543 0.9861294162
12 133457 3458 3458 0 1.787521858 6.051977733 -11.16746762 7.675332526 18.84280014 -11.51506657 14.9329627 26.44802927 -0.5942117918 13.54733314 13.89493209 22.13017327 0.9944350673
13 149609 26298 26298 0 1.775997631 5.379658898 -9.770439499 6.181640367 15.95207987 -14.25498085 8.971254606 23.22623545 -0.5847353499 16.20250815 20.68704949 27.37960397 0.9955989454
14 43405 5431 5431 0 2.548788448 7.295132038 -11.75030425 9.076238216 20.82654246 -37.81023739 10.87394327 48.68418066 -1.515211818 15.24191288 41.30184602 209.3731252 0.9919713395
15 74518 13082 13082 0 -0.3410659293 4.694996977 -6.800797007 7.992432551 14.79322956 -27.06619056 13.39640998 40.46260054 0.1352283515 10.1173604 25.00105098 200.8271734 0.9966490046
16 45392 1385 1385 0 -2.287042423 5.707378885 -4.169152988 13.2440179 17.41317089 -21.01984968 24.26161954 45.28146923 1.505210105 17.15556131 28.1597993 195.2805401 0.9950620042
17 170313 20191 20191 0 -0.04933404828 2.613501881 -3.938076474 3.421755681 7.359832155 -6.034501548 13.7726236 19.80712514 1.301907586 5.698239583 12.30755981 20.56170769 0.9989612484
18 208654 3501 3501 0 -3.498746072 7.004394532 -7.144287903 15.34015573 22.48444364 -8.044614147 17.39353778 25.43815192 0.9123615816 20.0204001 22.07378215 18.68108341 0.9925519963
19 164816 2505 2505 0 1.051444524 6.681799964 -10.6849644 7.733298387 18.41826279 -12.78994982 8.123482523 20.91343234 -0.2991789315 17.85808318 19.9630686 28.2369115 0.9932120317
20 45979 11732 11732 0 -0.1262256023 3.389892884 -5.267384591 5.629051033 10.89643562 -9.410712945 7.17016343 16.58087637 0.05462545604 6.089015547 9.832922542 205.3735166 0.9982508602
21 15889 12009 12009 0 -0.3796367629 3.496226689 -5.203920729 6.105257168 11.3091779 -6.339737442 7.793111439 14.13284888 0.2553349916 6.436066848 8.123921119 189.9593559 0.9981394537
22 100032 2943 2943 0 2.232660125 9.682759246 -16.22992376 12.70585165 28.93577541 -23.07943889 13.13847315 36.21791204 -0.3730656407 24.5565212 31.40603633 206.9128207 0.9857794846
23 150949 447 447 0 -0.003702978063 3.737301082 -5.009979582 7.644421761 12.65440134 -13.41490468 12.0957496 25.51065428 0.1449211753 10.14973061 13.21108226 24.23811672 0.9978775113
24 173781 13960 13960 0 0.5887575966 2.922848835 -5.768645832 3.408438049 9.177083882 -14.01022922 8.149335891 22.15956511 -0.7181425702 7.340200625 15.58178401 28.19469783 0.9986997805
25 152436 6951 6951 0 -0.1403878313 3.271439298 -4.450520708 6.692438622 11.14295933 -13.75697745 12.07899298 25.83597044 0.7104094743 7.764659857 14.49674159 24.34464927 0.9983731843
26 119604 15567 15567 0 0.1310620712 1.789086546 -2.975510873 2.534436049 5.509946922 -13.93059685 7.856068546 21.78666539 0.04418760206 3.104160495 13.48535051 27.34067217 0.9995126628
27 76930 4797 4797 0 -0.6378349685 6.720487417 -9.1360088 11.90142033 21.03742913 -10.7119131 14.57960456 25.29151767 0.3332889751 11.21730397 13.37785376 191.4313556 0.9931366142
28 172613 1327 1327 0 -1.093605491 5.728253959 -8.481247145 9.438476621 17.91972377 -16.23955225 10.21915811 26.45871036 0.1107588752 10.0964221 15.72570097 26.8423331 0.9950134988

K=29, phase=forward, parameter=eps [km^2/s^2]
cluster representative_source n_cluster n_valid n_missing median std p05 p95 width90 minimum maximum range skewness error95 error_max angle_origin_deg angle_resultant
0 94651 24761 24761 0 -0.1550439433 0.03122331864 -0.1963362171 -0.09922546041 0.09711075669 -0.2077171826 -0.09048652349 0.1172306591 0.2423539105 0.05283617151 0.06419802325 nan nan
1 14264 303 303 0 -0.2056720922 0.3239384027 -0.9407589926 -0.1120210915 0.828737901 -1.020440955 -0.04492689433 0.9755140607 -0.8573006561 0.7347730997 0.8144550622 nan nan
2 21401 1049 1049 0 -0.8283531884 0.04649854526 -0.9365376653 -0.812606345 0.1239313204 -1.020173947 -0.2185767358 0.8015972108 3.031926345 0.1135298662 0.6079327453 nan nan
3 49068 4837 4837 0 -0.9561452879 0.02649547506 -0.985677308 -0.9055337972 0.08014351078 -0.9895364382 -0.8934464325 0.09609000571 0.3826132855 0.04702570413 0.05911306887 nan nan
4 149947 3503 3503 0 -0.166712467 0.05004941236 -0.2045904202 -0.1065108651 0.09807955509 -0.8269552674 -0.1040787045 0.7228765629 -6.412494959 0.06049982177 0.6604496051 nan nan
5 33028 1576 1576 0 -0.2452358014 0.07908403529 -0.2565667358 -0.2039852074 0.05258152839 -0.9806716823 -0.1074576018 0.8732140805 -8.496815899 0.04581666346 0.7384136813 nan nan
6 153596 2207 2207 0 -0.2357358905 0.02022722199 -0.2584566093 -0.198004574 0.06045203529 -0.2593009963 -0.1827438537 0.07655714261 0.3707116034 0.04164146153 0.05690218181 nan nan
7 175498 2817 2817 0 -0.825630019 0.02119841874 -0.8603858791 -0.8077745274 0.05261135166 -0.9841565378 -0.8071892914 0.1769672464 -2.346452481 0.05092800714 0.1746986659 nan nan
8 8686 2980 2980 0 -0.8808496632 0.01643776757 -0.8996555438 -0.8611061618 0.03854938201 -0.9799422865 -0.8546976511 0.1252446354 -2.066862988 0.02275771173 0.1030444544 nan nan
9 12322 1036 1036 0 -0.8192911144 0.2534719995 -0.8796471648 -0.1165197661 0.7631273987 -0.9840399596 -0.04389160369 0.9401483559 1.854648302 0.7025785382 0.7752067006 nan nan
10 26783 1430 1430 0 -0.9057123796 0.04924041079 -0.9774071583 -0.8146580984 0.1627490599 -1.020656292 -0.8063625598 0.2142937317 0.1265254477 0.1216005908 0.1298961294 nan nan
11 35910 1975 1975 0 -0.1665920498 0.2505083535 -0.8866958668 -0.04680744704 0.8398884197 -0.9997486344 -0.04398107964 0.9557675548 -2.050472552 0.74429167 0.8573444377 nan nan
12 133457 3458 3458 0 -0.8719237105 0.05387984756 -0.9742989925 -0.8104967638 0.1638022287 -1.020582924 -0.8067544424 0.2138284815 -0.4038940649 0.08883356571 0.1218787702 nan nan
13 149609 26298 26298 0 -0.8705733256 0.0237870276 -0.9217903467 -0.8415094238 0.08028092286 -0.9715083996 -0.8087495535 0.1627588461 -0.781486002 0.08353982682 0.1332578797 nan nan
14 43405 5431 5431 0 -0.1871801368 0.0546379649 -0.2326120774 -0.09991102694 0.1327010505 -0.8483447053 -0.04617033786 0.8021743674 -5.265669403 0.08199788575 0.6762884567 nan nan
15 74518 13082 13082 0 -0.1951826986 0.04486612527 -0.2285914032 -0.1284326684 0.1001587348 -0.835388617 -0.1184066481 0.7169819689 -5.825115747 0.06804573198 0.6392754393 nan nan
16 45392 1385 1385 0 -0.9039972085 0.04839192975 -0.9760012434 -0.8127668188 0.1632344246 -1.020384954 -0.8064880706 0.2138968834 0.1767225487 0.1006322504 0.1071582416 nan nan
17 170313 20191 20191 0 -0.09573438381 0.02735753997 -0.1537656939 -0.06670896559 0.08705672827 -0.1958973255 -0.05885393284 0.1370433927 -0.8984399243 0.07600995832 0.11814159 nan nan
18 208654 3501 3501 0 -0.8432468004 0.02850874724 -0.9182418529 -0.8243729194 0.09386893356 -1.020820046 -0.8081579121 0.2126621338 -2.269583573 0.07450108609 0.1770792791 nan nan
19 164816 2505 2505 0 -0.8419991687 0.04758516509 -0.9705806174 -0.8117750963 0.1588055211 -1.020811158 -0.807091806 0.2137193519 -1.403895061 0.09025621313 0.1404867537 nan nan
20 45979 11732 11732 0 -0.2251598122 0.05128522546 -0.2466854204 -0.15314049 0.0935449304 -0.8362472459 -0.1391862928 0.6970609531 -7.429618641 0.06890275888 0.615132593 nan nan
21 15889 12009 12009 0 -0.9648665302 0.0329812725 -1.002243078 -0.9020319541 0.1002111239 -1.008564402 -0.8911740448 0.1173903569 0.3686530887 0.05453313404 0.06539104336 nan nan
22 100032 2943 2943 0 -0.9102891775 0.04032287775 -0.9769603206 -0.8466504687 0.1303098519 -0.9819994091 -0.8085486977 0.1734507113 0.06808998826 0.07281318337 0.1109149544 nan nan
23 150949 447 447 0 -0.8336120687 0.2601569243 -0.9714663345 -0.1490154536 0.822450881 -0.9826458788 -0.09192509597 0.8907207829 1.690966246 0.74228058 0.7993709376 nan nan
24 173781 13960 13960 0 -0.9230109182 0.01980390352 -0.9520647876 -0.8910839655 0.06098082205 -1.010504219 -0.8503133897 0.1601908292 0.04519502615 0.03358259513 0.09133987284 nan nan
25 152436 6951 6951 0 -0.1674175167 0.0511017787 -0.2100617112 -0.1120082359 0.09805347533 -0.9968920251 -0.0678054649 0.9290865602 -6.969012263 0.06432753574 0.8208069557 nan nan
26 119604 15567 15567 0 -0.9430115048 0.02299334104 -0.9697017178 -0.8971434554 0.07255826239 -0.9750473145 -0.8510394547 0.1240078597 0.4701828123 0.03906369715 0.08302791285 nan nan
27 76930 4797 4797 0 -0.8779848255 0.02481695636 -0.9287926652 -0.8501526975 0.07863996764 -0.9713917668 -0.8124351423 0.1589566245 -0.7207811208 0.04408673857 0.08255921306 nan nan
28 172613 1327 1327 0 -0.1969994414 0.2447181181 -0.8863121312 -0.1145342515 0.7717778797 -1.008423351 -0.04380055914 0.9646227914 -1.97249243 0.6947264773 0.8168376967 nan nan

K=29, phase=forward, parameter=e [-]
cluster representative_source n_cluster n_valid n_missing median std p05 p95 width90 minimum maximum range skewness error95 error_max angle_origin_deg angle_resultant
0 94651 24761 24761 0 0.6280912209 0.07649772211 0.5249872148 0.7631738766 0.2381866618 0.494597556 0.784138242 0.289540686 0.2178770527 0.1312244947 0.1616141535 nan nan
1 14264 303 303 0 0.5053994009 0.1658486591 0.2232894155 0.732330939 0.5090415236 0.2028562528 0.8929479705 0.6900917176 -0.1087203686 0.2849762267 0.3927938033 nan nan
2 21401 1049 1049 0 0.2346723269 0.0777524678 0.1894511815 0.4514861354 0.2620349539 0.1697123633 0.5721043294 0.4023919661 1.704348768 0.2215129409 0.3421311349 nan nan
3 49068 4837 4837 0 0.4795150738 0.04221388477 0.3957330107 0.5238395792 0.1281065685 0.3738368212 0.5294155266 0.1555787054 -0.4582413843 0.07812247776 0.1000186672 nan nan
4 149947 3503 3503 0 0.5991620176 0.09024058072 0.5037408022 0.745624122 0.2418833198 0.2062286491 0.7514951974 0.5452665482 -0.08363711497 0.1472177938 0.3934342875 nan nan
5 33028 1576 1576 0 0.3957045888 0.05512171214 0.3618771152 0.5149875017 0.1531103866 0.3590706997 0.7437231963 0.3846524966 2.31937164 0.111554106 0.3402898005 nan nan
6 153596 2207 2207 0 0.4197681507 0.05482409455 0.3559627636 0.51968951 0.1637267464 0.3534727016 0.5585088111 0.2050361095 0.3241831692 0.1107036008 0.149522902 nan nan
7 175498 2817 2817 0 0.2282209705 0.05043499791 0.173366193 0.3100969971 0.136730804 0.1714017878 0.5212219376 0.3498201498 1.264965279 0.1303567068 0.3414816473 nan nan
8 8686 2980 2980 0 0.3496817315 0.03030425048 0.3099467214 0.3849353403 0.07498861882 0.2961950764 0.5154629321 0.2192678558 1.692990608 0.04358878444 0.1733522696 nan nan
9 12322 1036 1036 0 0.2259814872 0.1733963137 0.1885439368 0.7214857088 0.532941772 0.1722257304 0.8954250633 0.7231993329 1.968022175 0.5122614701 0.6862008245 nan nan
10 26783 1430 1430 0 0.3963502165 0.09216688917 0.193851518 0.511768395 0.317916877 0.1685723685 0.5727162374 0.4041438689 -0.457031333 0.2541189497 0.2793980993 nan nan
11 35910 1975 1975 0 0.5998726175 0.1788018786 0.309694972 0.8884845235 0.5787895515 0.1705568463 0.8952125964 0.7246557501 -0.03487318355 0.3491041554 0.4882422811 nan nan
12 133457 3458 3458 0 0.3330145762 0.1046335702 0.1827555386 0.5071596217 0.3244040831 0.1700181651 0.5726195203 0.4026013552 0.1757494792 0.201014362 0.2137517355 nan nan
13 149609 26298 26298 0 0.3305531801 0.04647562486 0.2670898627 0.4243881049 0.1572982422 0.1759690755 0.503102651 0.3271335755 0.5016775998 0.1651718333 0.2438863794 nan nan
14 43405 5431 5431 0 0.5482539055 0.1011395365 0.4300543894 0.7618006797 0.3317462902 0.1698731259 0.8900080584 0.7201349325 0.4791768444 0.2061351368 0.4166765067 nan nan
15 74518 13082 13082 0 0.527534443 0.08672693918 0.4403409056 0.6927016991 0.2523607935 0.1874282338 0.7169528445 0.5295246106 0.262502018 0.1684403332 0.3376581743 nan nan
16 45392 1385 1385 0 0.3932270927 0.09193560839 0.1889457659 0.5097368573 0.3207910913 0.1690549787 0.5723421521 0.4032871734 -0.5313182378 0.2204619867 0.2403527739 nan nan
17 170313 20191 20191 0 0.7716243935 0.06615877414 0.6306819329 0.8410113961 0.2103294632 0.5250959763 0.8597500074 0.3346540311 -0.9311424243 0.183953742 0.2895396985 nan nan
18 208654 3501 3501 0 0.2717864868 0.05678776004 0.2248734046 0.4186265832 0.1937531786 0.1746764944 0.5729557573 0.3982792629 1.723142525 0.1455486889 0.2998778629 nan nan
19 164816 2505 2505 0 0.2683153554 0.09258222143 0.1853881193 0.5014085568 0.3160204375 0.1710855758 0.5729437429 0.4018581671 1.027910873 0.1724084507 0.2234778883 nan nan
20 45979 11732 11732 0 0.4493744984 0.08040117774 0.3901504262 0.6323644001 0.2422139739 0.1880788024 0.6664920248 0.4784132224 0.6143276015 0.1749285127 0.2716383752 nan nan
21 15889 12009 12009 0 0.4927558524 0.05192629885 0.3891973064 0.5474114598 0.1582141534 0.3693317405 0.5562090262 0.1868772856 -0.4571754792 0.09074591341 0.1106114792 nan nan
22 100032 2943 2943 0 0.4046437076 0.07261118938 0.2789476971 0.511171524 0.2322238269 0.1768984382 0.5185090086 0.3416105704 -0.3393819276 0.1410862409 0.2431354998 nan nan
23 150949 447 447 0 0.3223027846 0.1367141092 0.2092969996 0.6426228102 0.4333258107 0.1698141831 0.7806098396 0.6107956565 0.8987394189 0.2739393031 0.4119263324 nan nan
24 173781 13960 13960 0 0.4264732139 0.03349664147 0.3701029862 0.4734421028 0.1033391166 0.2882582101 0.5587434252 0.2704852151 -0.1501573352 0.05646372112 0.1388187232 nan nan
25 152436 6951 6951 0 0.5973516666 0.08942436398 0.4896428937 0.7324037891 0.2427608954 0.1700666531 0.8384885339 0.6684218808 -0.1317907079 0.1572617246 0.4057243519 nan nan
26 119604 15567 15567 0 0.4589993732 0.03776575007 0.3811058119 0.5003596915 0.1192538796 0.2898717759 0.5083076615 0.2184358855 -0.5599871496 0.06354557383 0.1546787422 nan nan
27 76930 4797 4797 0 0.3447159958 0.04710400084 0.2866507332 0.4360514189 0.1494006857 0.1898275721 0.5029569112 0.3131293391 0.4673418612 0.08461282667 0.1755917353 nan nan
28 172613 1327 1327 0 0.5231755118 0.1439307628 0.2669536603 0.726301274 0.4593476137 0.1710108793 0.8956399398 0.7246290605 -0.07529684567 0.2978052885 0.3657349847 nan nan

K=29, phase=forward, parameter=w [deg]
cluster representative_source n_cluster n_valid n_missing median std p05 p95 width90 minimum maximum range skewness error95 error_max angle_origin_deg angle_resultant
0 94651 24761 24761 0 -3.196160187 18.17881049 -22.44178684 34.00886763 56.45065448 -23.52926855 66.90348199 90.43275053 0.7296293695 47.1026391 79.99725345 174.4057127 0.95086297
1 14264 303 303 0 -0.5294867512 88.32434496 -169.1410554 167.7519134 336.8929688 -179.8188708 179.6748282 359.4936991 -0.08894703409 170.8259358 179.9516473 51.67701313 0.3530159478
2 21401 1049 1049 0 -3.238439675 22.74715145 -23.67710491 47.42539746 71.10250237 -160.3274341 104.4037127 264.7311468 1.1973495 56.49677289 154.0292072 158.8971222 0.9324611136
3 49068 4837 4837 0 -0.7536044753 13.39203406 -19.12033537 24.72927081 43.84960618 -21.81293268 38.3796009 60.19253358 0.4452527439 30.09519193 43.74552203 313.3794188 0.9729961358
4 149947 3503 3503 0 -3.556140649 25.60901443 -31.29682879 46.69075771 77.9875865 -179.2506193 163.4669458 342.7175651 0.6464388427 60.09516269 176.7172156 241.0539099 0.9107151182
5 33028 1576 1576 0 -4.174602048 29.24619158 -28.43460641 49.08444004 77.51904646 -178.488962 177.6614255 356.1503875 -1.234037172 46.96280784 179.9789589 210.7248662 0.8998149018
6 153596 2207 2207 0 -4.506274001 26.99253354 -32.97660184 54.35416861 87.33077045 -37.71753468 99.37021752 137.0877522 0.7864327221 71.62800524 116.6440541 234.9373813 0.8949180175
7 175498 2817 2817 0 -3.436210653 16.7258219 -17.52917942 30.06833937 47.59751879 -18.80218955 98.57887815 117.3810677 1.849617044 33.33885269 101.8493915 17.26776755 0.9598699118
8 8686 2980 2980 0 -1.681740401 6.058146883 -3.975930169 5.75722285 9.733153019 -4.127564727 57.98694671 62.11451143 4.310057946 9.186079579 61.41580344 293.5370569 0.9945526445
9 12322 1036 1036 0 -8.600860836 52.78053942 -36.01906722 127.5807569 163.5998242 -164.4941581 179.7408725 344.2350306 1.317291284 142.5805573 179.1144401 171.4332261 0.7012449388
10 26783 1430 1430 0 2.242405777 22.28945142 -42.6535236 29.78626019 72.43978379 -66.9552719 86.00753593 152.9628078 -0.275558617 49.52258314 79.67900178 39.86319648 0.9279355498
11 35910 1975 1975 0 -3.563551084 57.774389 -38.04183462 146.9400976 184.9819322 -178.4446041 178.701375 357.1459791 0.3667675761 160.76748 179.8874641 304.2947223 0.702551059
12 133457 3458 3458 0 1.937514735 29.08541667 -52.80997384 44.24598784 97.05596168 -64.1685367 94.39208699 158.5606237 -0.1641610213 54.37779017 102.409323 124.8688867 0.8783430478
13 149609 26298 26298 0 -2.446274435 16.54364383 -20.50450111 30.92555846 51.43005956 -23.34726926 96.87289677 120.220166 1.168783604 30.15472134 96.10205965 14.86531163 0.9597546202
14 43405 5431 5431 0 -0.9127195541 23.13594364 -38.35053927 33.01059299 71.36113226 -179.7663677 173.061978 352.8283458 0.2787474856 43.24336728 179.1621375 234.2141821 0.9283272691
15 74518 13082 13082 0 -3.428458481 21.773174 -25.75297586 37.97960779 63.73258365 -178.3206601 171.5145204 349.8351805 0.7593201197 46.53287942 179.8482216 190.1773096 0.934474305
16 45392 1385 1385 0 -1.256744611 21.9381451 -40.47990891 37.34288163 77.82279054 -74.30242845 59.02768574 133.3301142 -0.1381424773 49.68995354 68.51688988 55.37920323 0.9297396082
17 170313 20191 20191 0 -2.932524244 15.73924881 -19.24770461 30.16649374 49.41419835 -21.39387729 70.10505291 91.4989302 0.9330232241 40.33753736 80.27609653 172.667022 0.9631161531
18 208654 3501 3501 0 -2.285774048 14.67145723 -16.7978453 27.65839035 44.45623565 -24.12006991 99.26915989 123.3892298 1.482493754 40.54153728 112.1523068 53.44050072 0.9684638689
19 164816 2505 2505 0 -2.231438864 29.80260803 -38.79625813 53.67178096 92.46803909 -43.54603436 102.9136399 146.4596743 0.5156130372 55.28670847 104.5285674 72.4148732 0.8722959955
20 45979 11732 11732 0 -3.153010585 18.65908043 -18.43004225 29.91798292 48.34802518 -179.8124059 178.8289254 358.6413313 3.273676549 43.9943191 179.8157509 181.5889453 0.9573826444
21 15889 12009 12009 0 -0.5042184817 6.784508728 -10.04757562 11.77604162 21.82361724 -11.77057876 21.50741886 33.27799762 0.3468480922 16.50634857 26.23772581 301.6118676 0.9930089951
22 100032 2943 2943 0 -3.967557252 17.55180364 -21.63374215 33.8317911 55.46553325 -24.99815751 65.97217554 90.97033305 0.8539939237 31.33073734 63.47112178 339.7762304 0.9542310471
23 150949 447 447 0 1.762777291 49.61739275 -85.20140533 93.21007027 178.4114756 -141.1470087 178.1749244 319.321933 0.318950923 148.6360118 178.6851929 234.2161939 0.7121900766
24 173781 13960 13960 0 -4.046585673 15.80900176 -15.64208002 26.96783193 42.60991195 -16.03775582 103.5943173 119.6320731 1.731411756 35.80176037 112.4282457 6.524850209 0.9638752421
25 152436 6951 6951 0 -3.269448115 21.5449352 -24.70702521 39.05728949 63.7643147 -179.4706892 178.8102852 358.2809745 0.01276225312 63.87028805 158.2218187 291.0237535 0.9353367253
26 119604 15567 15567 0 -3.089962543 15.98681485 -18.47272948 31.61200239 50.08473187 -20.19692884 71.67135113 91.86827997 1.154651424 42.57905041 82.63839915 11.06670541 0.9621672946
27 76930 4797 4797 0 -3.171087048 14.2140682 -15.9852308 30.20631606 46.19154685 -17.59012317 65.65115206 83.24127523 1.214968144 33.61131955 69.05615555 307.8737584 0.9699331249
28 172613 1327 1327 0 -0.2474011202 64.28900608 -55.71462369 153.529089 209.2437127 -179.9162839 178.6776266 358.5939105 0.5245619686 164.3687248 179.3879822 34.63014949 0.6206847995

K=32, STD=0.0120954482
n = trajectories per cluster; conditions overlap.
n = 1: clusters=0/32 (0.00%); trajectories=0/194058 (0.00%)
n < 10: clusters=0/32 (0.00%); trajectories=0/194058 (0.00%)
n < 100: clusters=0/32 (0.00%); trajectories=0/194058 (0.00%)

K=32, phase=backward, parameter=eps [km^2/s^2]
cluster representative_source n_cluster n_valid n_missing median std p05 p95 width90 minimum maximum range skewness error95 error_max angle_origin_deg angle_resultant
0 94651 24762 24762 0 -0.09841787626 0.02342193584 -0.1480864799 -0.06740203364 0.0806844463 -0.1808042275 -0.05881779331 0.1219864342 -0.7829160708 0.06530628805 0.09802403565 nan nan
1 30546 212 212 0 -0.8342532396 0.05993733617 -0.9765592462 -0.8166849573 0.1598742889 -1.018367772 -0.8068393667 0.2115284049 -0.96246108 0.1468806616 0.188689187 nan nan
2 21401 999 999 0 -0.8292127281 0.0372816737 -0.9531998566 -0.8246157818 0.1285840748 -1.003056356 -0.8219637802 0.1810925754 -2.358565964 0.1245891578 0.1744456568 nan nan
3 49068 4837 4837 0 -0.9794128574 0.01267880674 -0.9930670204 -0.9532141028 0.03985291758 -0.9963991166 -0.9281148789 0.06828423769 0.7949786058 0.03136534231 0.05646456616 nan nan
4 203087 3277 3277 0 -0.2017972468 0.01629054663 -0.23257151 -0.1763803992 0.05619111071 -0.2584258867 -0.1236880421 0.1347378446 -0.7418857811 0.03725507237 0.0804066636 nan nan
5 33028 1533 1533 0 -0.8249881002 0.01844007086 -0.8617124987 -0.8076996975 0.05401280125 -1.020739299 -0.8066103601 0.2141289389 -1.400802941 0.03948931935 0.1985161196 nan nan
6 153596 2200 2200 0 -0.1643343069 0.03474463654 -0.2044855916 -0.1065633423 0.09792224936 -0.2339634096 -0.104628734 0.1293346756 0.1921256968 0.06019087529 0.0672834776 nan nan
7 149947 3463 3463 0 -0.2261724861 0.02586262534 -0.2583709249 -0.1828807892 0.07549013567 -0.2593276385 -0.1579865306 0.1013411079 0.2447515292 0.05314338959 0.07803764822 nan nan
8 8686 2980 2980 0 -0.9230219766 0.02510549083 -0.959513099 -0.8808281719 0.07868492716 -0.9699743336 -0.8508318587 0.1191424749 0.1245503063 0.04288252133 0.07195535759 nan nan
9 12322 1022 1022 0 -0.815865569 0.00513197957 -0.8247926064 -0.8079003223 0.01689228409 -0.8436044659 -0.8062084723 0.03739599355 -0.3763184101 0.009317825509 0.02804655418 nan nan
10 26334 1419 1419 0 -0.8665562792 0.03066955476 -0.910274136 -0.8083063687 0.1019677673 -0.923928638 -0.8063623697 0.1175662683 0.3024935853 0.05674297316 0.05896655793 nan nan
11 36819 178 178 0 -0.8853205485 0.04771576544 -0.9670875779 -0.827268171 0.1398194069 -1.020754723 -0.8170902979 0.2036644254 -0.3324018371 0.07523052952 0.1198444892 nan nan
12 133457 3436 3436 0 -0.1495769242 0.05683049967 -0.2133589936 -0.04686795326 0.1664910404 -0.241818408 -0.04387907749 0.1979393305 0.3793755147 0.1047005454 0.1076894212 nan nan
13 149609 26298 26298 0 -0.2186564838 0.02870773511 -0.2459877313 -0.1567377687 0.0892499626 -0.2503484518 -0.1265314213 0.1238170305 0.6807407738 0.06570491664 0.09591126402 nan nan
14 35909 1960 1960 0 -0.8806504842 0.05040230253 -0.973730994 -0.8275601782 0.1461708158 -1.020778602 -0.8206074328 0.2001711693 -0.3678093507 0.07731470333 0.1165295281 nan nan
15 56808 7491 7491 0 -0.8713249852 0.02135367916 -0.9063959565 -0.8381563363 0.06823962015 -0.9412522397 -0.8310290574 0.1102231823 -0.07038999498 0.04079209118 0.06247206394 nan nan
16 45392 1395 1395 0 -0.9555897728 0.02296874681 -0.9784952857 -0.9099128137 0.06858247196 -1.020743755 -0.8503671476 0.1703766076 0.4939261562 0.04855538934 0.10798637 nan nan
17 170313 20200 20200 0 -0.1616167265 0.02336177488 -0.1964302849 -0.1211038699 0.07532641507 -0.203937617 -0.107836621 0.09610099608 0.148513821 0.04845908883 0.06172633774 nan nan
18 208654 3476 3476 0 -0.1634591972 0.03487305579 -0.2125757918 -0.101078093 0.1114976988 -0.2230349469 -0.04455261547 0.1784823314 0.2747684646 0.05847836554 0.1135951251 nan nan
19 164816 2490 2490 0 -0.2422460805 0.01308093538 -0.2572148493 -0.2165551945 0.04065965482 -0.2582250091 -0.2002373017 0.05798770745 0.459103218 0.02655273899 0.04287063179 nan nan
20 45239 4356 4356 0 -0.8492696277 0.02534106199 -0.9039288131 -0.830022057 0.07390675609 -1.020836128 -0.8068572751 0.2139788533 -1.418482276 0.05695289839 0.1738602137 nan nan
21 15889 12009 12009 0 -0.8908769874 0.02862545412 -0.9464306012 -0.8548510297 0.09157957142 -0.9620982855 -0.8455281707 0.1165701148 -0.3857667699 0.05281888657 0.06848657085 nan nan
22 100032 2907 2907 0 -0.9128627858 0.0403851531 -0.9595580205 -0.830988381 0.1285696395 -0.9716903857 -0.8065266032 0.1651637825 0.5114924185 0.07452487406 0.09898665188 nan nan
23 154799 166 166 0 -0.1866236595 0.1423258896 -0.2544858096 -0.1141621117 0.1403236979 -1.017669023 -0.04383479669 0.9738342267 -4.288061427 0.1195549918 0.8351510046 nan nan
24 175498 2817 2817 0 -0.2497905692 0.01056216571 -0.256426513 -0.2278566871 0.02856982592 -0.2572678876 -0.1846891134 0.07257877429 1.771450847 0.01788310709 0.06105068083 nan nan
25 120396 4030 4030 0 -0.1330407272 0.02287508733 -0.17477421 -0.1098373927 0.0649368173 -0.1830416024 -0.04380722131 0.1392343811 0.001785920014 0.05174690784 0.08009743557 nan nan
26 119604 15567 15567 0 -0.1587684137 0.02282603797 -0.1982229368 -0.1259497182 0.07227321866 -0.207662361 -0.1186172049 0.08904515608 -0.1605949599 0.04266526508 0.05210468925 nan nan
27 76930 4797 4797 0 -0.9906993899 0.01226242361 -1.005269379 -0.9666183429 0.03865103597 -1.008654727 -0.9620409644 0.04661376268 0.3615888698 0.03233167159 0.03690905007 nan nan
28 164396 1357 1357 0 -0.1843739242 0.04305290675 -0.2517521612 -0.1146414663 0.1371106949 -0.2595672675 -0.04390831563 0.2156589519 0.1040978477 0.07881637252 0.1495495232 nan nan
29 77279 12294 12294 0 -0.9408099723 0.01668968585 -0.9685113481 -0.9149598249 0.05355152323 -1.017562366 -0.9032646973 0.1142976687 -0.07771785946 0.04410322823 0.05851367663 nan nan
30 41861 6170 6170 0 -0.8847443825 0.02209600578 -0.9135639532 -0.8441510806 0.06941287266 -0.9195189789 -0.8368024549 0.08271652392 0.2681511007 0.0406025285 0.04795115414 nan nan
31 173781 13960 13960 0 -0.2191384704 0.01199522006 -0.2331642953 -0.1932299931 0.03993430221 -0.2432254336 -0.1747129763 0.06851245732 0.7959391497 0.02972517368 0.04824219049 nan nan

K=32, phase=backward, parameter=e [-]
cluster representative_source n_cluster n_valid n_missing median std p05 p95 width90 minimum maximum range skewness error95 error_max angle_origin_deg angle_resultant
0 94651 24762 24762 0 0.7651486445 0.05655290394 0.6446445529 0.8393713183 0.1947267654 0.56341166 0.8598376402 0.2964259802 -0.8118814233 0.1579388121 0.239171705 nan nan
1 30546 212 212 0 0.2499321521 0.1138020985 0.2028444834 0.5105463175 0.3077018341 0.170063584 0.5696766465 0.3996130624 0.8185262075 0.2720858255 0.3312161544 nan nan
2 21401 999 999 0 0.23692809 0.07287143775 0.2249210792 0.4749673384 0.2500462592 0.2175246744 0.5486517184 0.3311270439 2.08953125 0.2396718766 0.3133562565 nan nan
3 49068 4837 4837 0 0.5146467335 0.0189923729 0.4749459566 0.5344405454 0.0594945888 0.4351727306 0.5391917984 0.1040190678 -0.8567633579 0.04722198628 0.08699521227 nan nan
4 203087 3277 3277 0 0.5109268098 0.04261980687 0.4285036785 0.5748909414 0.1463872629 0.356048273 0.7046917262 0.3486434532 -0.9293009886 0.09695373298 0.1994326171 nan nan
5 33028 1533 1533 0 0.2256659571 0.04653539113 0.1732242229 0.3127117047 0.1394874818 0.1694522375 0.5728514127 0.4033991752 0.7115298981 0.09389330688 0.3540330148 nan nan
6 153596 2200 2200 0 0.6049887258 0.08567509439 0.5041087423 0.7455396018 0.2414308595 0.4246648142 0.7501700804 0.3255052663 0.1728622537 0.1464789813 0.1745657171 nan nan
7 149947 3463 3463 0 0.4458512527 0.06914235423 0.3561422048 0.5581653318 0.202023127 0.3533386986 0.6202551083 0.2669164097 0.1939378903 0.1391808233 0.2012705998 nan nan
8 8686 2980 2980 0 0.4255922473 0.04299305971 0.3495274857 0.4844381889 0.1349107032 0.2881415249 0.5004312289 0.212289704 -0.2242813936 0.07570845458 0.1370944154 nan nan
9 12322 1022 1022 0 0.1993812021 0.015496656 0.1737933366 0.2252996836 0.05150634696 0.168193931 0.2696370495 0.1014431185 0.1625330345 0.02805162593 0.07102419771 nan nan
10 26334 1419 1419 0 0.3219557309 0.06821829568 0.1752919286 0.4042840806 0.228992152 0.168591401 0.4276318748 0.2590404737 -0.601045651 0.1433845388 0.1500850664 nan nan
11 36819 178 178 0 0.3593882745 0.08957967498 0.232025371 0.4963180562 0.2642926851 0.2035461622 0.5728758046 0.3693296424 0.05687261701 0.1603973897 0.1851089739 nan nan
12 133457 3436 3436 0 0.6411914425 0.1389336129 0.4809675155 0.8883179735 0.4073504581 0.4030483833 0.8954556795 0.4924072962 0.3511858467 0.2519305152 0.2590682211 nan nan
13 149609 26298 26298 0 0.4668393703 0.07435057923 0.3922037655 0.6234333758 0.2312296103 0.3797481417 0.697340941 0.3175927992 0.6230315063 0.1673896262 0.2412971913 nan nan
14 35909 1960 1960 0 0.3503370306 0.09460830843 0.2327020403 0.5063118074 0.2736097671 0.2110358437 0.5728973064 0.3618614627 0.187655423 0.162282614 0.1826707239 nan nan
15 56808 7491 7491 0 0.3321466908 0.04320960878 0.2591155109 0.3979410905 0.1388255796 0.2412161781 0.4560854316 0.2148692535 -0.08209317899 0.08801262342 0.1091248109 nan nan
16 45392 1395 1395 0 0.4789097444 0.03662792934 0.4039498873 0.5133707719 0.1094208846 0.2884730138 0.5728380059 0.2843649921 -0.5939366751 0.07940095211 0.1944744672 nan nan
17 170313 20200 20200 0 0.6119710973 0.05761268687 0.5247704888 0.7106214863 0.1858509976 0.505519094 0.7425083037 0.2369892097 0.12195377 0.1184028336 0.150289651 nan nan
18 208654 3476 3476 0 0.6076753061 0.08612572375 0.482635291 0.7590055799 0.2763702889 0.4542800632 0.893855155 0.4395750919 0.2317719647 0.1472719804 0.2729838029 nan nan
19 164816 2490 2490 0 0.4026751307 0.03629566708 0.3595930386 0.4728239769 0.1132309383 0.3566637373 0.5156353525 0.1589716153 0.4207157155 0.07341045734 0.116221833 nan nan
20 45239 4356 4356 0 0.2855910366 0.05195321912 0.2391026428 0.3936776461 0.1545750033 0.170281969 0.5729713754 0.4026894064 0.9277040838 0.113183196 0.2924769254 nan nan
21 15889 12009 12009 0 0.3690341631 0.05225978793 0.2967558243 0.4641177814 0.1673619571 0.2759808255 0.4886047653 0.2126239398 0.241848357 0.09186421592 0.1145155813 nan nan
22 100032 2907 2907 0 0.4092145492 0.07643946341 0.2423933631 0.4850592355 0.2426658724 0.1692162104 0.5033967836 0.3341805731 -0.8065934815 0.1542396695 0.2274168221 nan nan
23 154799 166 166 0 0.556302648 0.1243600756 0.3770395515 0.7272060558 0.3501665042 0.2030269335 0.8955575814 0.6925306479 -0.1424581402 0.1990064134 0.3566057439 nan nan
24 175498 2817 2817 0 0.3811601978 0.02941135076 0.3619905427 0.4431280359 0.08113749319 0.3594872152 0.5550590695 0.1955718542 1.674668779 0.05095938915 0.1628904227 nan nan
25 120396 4030 4030 0 0.6815627906 0.05572308236 0.5790649981 0.7376294292 0.1585644311 0.5583616553 0.8956261106 0.3372644553 -0.02369666928 0.1266908201 0.1918876285 nan nan
26 119604 15567 15567 0 0.6185428877 0.05650452332 0.5196491515 0.6987106947 0.1790615432 0.4954111247 0.7164402453 0.2210291206 -0.1837398347 0.1068316693 0.1310696961 nan nan
27 76930 4797 4797 0 0.5310300813 0.01777350027 0.4955594777 0.5516247789 0.05606530116 0.4882844047 0.5563450703 0.06806066563 -0.3963654125 0.04727949371 0.05455456675 nan nan
28 164396 1357 1357 0 0.5549679826 0.1088768598 0.3752565686 0.7260340904 0.3507775219 0.3526417655 0.8953803856 0.5427386201 0.0149159772 0.1940416388 0.363387934 nan nan
29 77279 12294 12294 0 0.4555590086 0.02673021012 0.4128209888 0.4985628537 0.08574186486 0.3924656597 0.5684740189 0.1760083592 0.00789756236 0.07145247079 0.09174546169 nan nan
30 41861 6170 6170 0 0.3581500353 0.04342304932 0.2731902301 0.4101680131 0.1369777831 0.255609074 0.420272338 0.1646632641 -0.3930522536 0.08491014088 0.102491297 nan nan
31 173781 13960 13960 0 0.4655093017 0.03131768049 0.4278037091 0.5322286591 0.10442495 0.3990679859 0.5789026716 0.1798346857 0.7450550396 0.07714944157 0.1238234541 nan nan

K=32, phase=backward, parameter=w [deg]
cluster representative_source n_cluster n_valid n_missing median std p05 p95 width90 minimum maximum range skewness error95 error_max angle_origin_deg angle_resultant
0 94651 24762 24762 0 -1.425087789 4.974880034 -5.842669648 10.54130855 16.3839782 -6.848913307 14.10314975 20.95206305 0.9472145312 11.91765 15.47949119 20.1293291 0.9962376257
1 30546 212 212 0 3.82275117 9.39451558 -12.45216415 13.3133162 25.76548035 -32.71878384 15.06062951 47.77941336 -0.9944516332 18.79769687 39.06431656 204.421414 0.9866858258
2 21401 999 999 0 0.2970499198 6.374143212 -12.41430692 10.68095127 23.09525819 -35.18179486 12.78152671 47.96332157 -0.6506788895 12.70207699 33.72614288 206.9163245 0.9938476055
3 49068 4837 4837 0 -1.57339398 5.677185699 -6.59918465 12.14399441 18.74317906 -7.626779452 20.00699328 27.63377274 1.149959541 14.79765946 22.66065833 191.5824189 0.9951064004
4 203087 3277 3277 0 0.07441019393 4.678006612 -7.01224765 10.3998308 17.41207845 -13.30697133 11.6780717 24.98504302 0.6149985101 14.69285887 15.97109977 25.22394572 0.9966739981
5 33028 1533 1533 0 8.48466224 15.98189768 -31.90124425 13.3329552 45.23419944 -33.66088476 13.61829428 47.27917904 -0.9315063229 41.67887227 43.43851278 205.2066864 0.9616836649
6 153596 2200 2200 0 -0.2689808629 2.965735933 -3.741601532 6.794919383 10.53652091 -6.261277235 12.90001536 19.1612926 1.692918709 6.59459309 12.45026196 23.56726103 0.9986625986
7 149947 3463 3463 0 1.599819997 4.203871508 -10.47204072 2.939560888 13.41160161 -19.3649121 3.123728217 22.48864032 -2.144979919 13.18881984 22.08169122 33.81543962 0.9973167916
8 8686 2980 2980 0 -0.3171454406 2.892250685 -2.305070942 1.562865194 3.867936136 -2.76301023 28.85789831 31.62090854 5.360824638 2.328954363 29.62398747 182.8884693 0.9987369392
9 12322 1022 1022 0 2.635951754 8.626183486 -17.69437914 11.54098602 29.23536516 -28.62223861 17.73409058 46.35632919 -0.9396840683 18.97332599 29.90118547 201.3274297 0.9887454561
10 26334 1419 1419 0 -1.029133112 9.956438034 -19.70175214 20.26765775 39.96940989 -27.77304709 21.0031656 48.77621268 0.08943586705 20.85347735 27.92153228 199.2254527 0.9850659595
11 36819 178 178 0 -0.5325844811 10.00796046 -24.69767359 17.25723701 41.95491061 -27.72278278 19.60535918 47.32814196 -0.5780059568 22.67821781 25.703327 199.2195308 0.9849033187
12 133457 3436 3436 0 1.757710172 6.016029503 -11.2213299 7.624151399 18.8454813 -11.57331571 14.87471355 26.44802927 -0.6054525319 13.54294627 13.89493209 22.18842242 0.9945010628
13 149609 26298 26298 0 1.775997631 5.379658898 -9.770439499 6.181640367 15.95207987 -14.25498085 8.971254606 23.22623545 -0.5847353499 16.20250815 20.68704949 27.37960397 0.9955989454
14 35909 1960 1960 0 -1.664643654 9.626973806 -9.147545499 15.80877126 24.95631676 -29.75823311 19.09684745 48.85508056 -0.4332776542 22.37783806 24.75981918 201.2577945 0.9860104957
15 56808 7491 7491 0 0.2811981466 3.97931148 -5.40401173 4.386122799 9.790134529 -35.73534027 10.66103249 46.39637275 -4.368920338 8.33834794 38.66967648 207.2982281 0.9976249455
16 45392 1395 1395 0 -2.269607286 5.692125366 -4.166761714 13.18827055 17.35503227 -21.02100581 24.41095411 45.43195992 1.509160596 17.1343792 28.31028999 195.2816962 0.9950883559
17 170313 20200 20200 0 -0.05004300587 2.613655949 -3.936540761 3.423050972 7.359591734 -6.033200725 13.77392442 19.80712514 1.301944352 5.697607585 12.30755981 20.56040687 0.9989611256
18 208654 3476 3476 0 -3.503709114 6.991708992 -7.110877692 15.29236616 22.40324385 -8.083826617 17.35432531 25.43815192 0.9073666476 20.011823 22.07378215 18.72029588 0.9925787661
19 164816 2490 2490 0 1.056250038 6.672071783 -10.67813747 7.722467795 18.40060526 -12.79971135 8.110636506 20.91034786 -0.3024523095 17.84149471 19.9630686 28.24667303 0.9932317796
20 45239 4356 4356 0 1.417730575 6.149237474 -11.9145539 7.546459116 19.46101301 -39.51964776 8.51062727 48.03027503 -2.156650357 14.26575884 41.8708527 211.1864481 0.9943034766
21 15889 12009 12009 0 -0.3796367629 3.496226689 -5.203920729 6.105257168 11.3091779 -6.339737442 7.793111439 14.13284888 0.2553349916 6.436066848 8.123921119 189.9593559 0.9981394537
22 100032 2907 2907 0 2.24016496 9.651440629 -16.36577022 12.5895074 28.95527762 -21.99131739 13.01311389 35.00443128 -0.3980646357 24.56700841 30.19255558 207.0381799 0.985871922
23 154799 166 166 0 -0.3335256402 32.91789718 -7.473281909 10.54072652 18.01400843 -178.0018645 176.4169758 354.4188403 1.28768624 14.0066864 179.1851102 25.00090576 0.925368127
24 175498 2817 2817 0 1.233311642 5.632514382 -10.42173956 6.593320118 17.01505968 -14.18023947 6.84487811 21.02511758 -0.5786484827 15.59123628 19.34973619 28.7493581 0.9951763303
25 120396 4030 4030 0 -0.3001098455 2.741947642 -2.008672745 5.08233323 7.091005975 -13.27720983 8.728640974 22.0058508 -1.051484678 7.855270084 11.61632286 23.86488164 0.9988573505
26 119604 15567 15567 0 0.1310620712 1.789086546 -2.975510873 2.534436049 5.509946922 -13.93059685 7.856068546 21.78666539 0.04418760206 3.104160495 13.48535051 27.34067217 0.9995126628
27 76930 4797 4797 0 -0.6378349685 6.720487417 -9.1360088 11.90142033 21.03742913 -10.7119131 14.57960456 25.29151767 0.3332889751 11.21730397 13.37785376 191.4313556 0.9931366142
28 164396 1357 1357 0 -0.6445326165 4.803719549 -6.840358817 10.27361413 17.11397295 -14.94986466 11.46813923 26.41800389 0.479357959 9.861840843 15.78058533 25.58912329 0.996493491
29 77279 12294 12294 0 -0.198131965 4.734670609 -6.896911959 7.961401704 14.85831366 -26.81395313 13.21412315 40.02807628 0.0889227223 9.6960965 25.13807248 200.8598523 0.9965921531
30 41861 6170 6170 0 0.2092093984 2.245338501 -4.20880919 3.245507784 7.454316974 -8.043878744 4.013194828 12.05707357 -0.5074355502 4.940620717 8.775690271 201.6513391 0.9992323969
31 173781 13960 13960 0 0.5887575966 2.922848835 -5.768645832 3.408438049 9.177083882 -14.01022922 8.149335891 22.15956511 -0.7181425702 7.340200625 15.58178401 28.19469783 0.9986997805

K=32, phase=forward, parameter=eps [km^2/s^2]
cluster representative_source n_cluster n_valid n_missing median std p05 p95 width90 minimum maximum range skewness error95 error_max angle_origin_deg angle_resultant
0 94651 24762 24762 0 -0.1550460086 0.03122309273 -0.1963361807 -0.09922578579 0.09711039494 -0.2077171826 -0.09048652349 0.1172306591 0.24242568 0.05283607445 0.06419802325 nan nan
1 30546 212 212 0 -0.1861861926 0.1457844686 -0.2587857622 -0.1117857133 0.1470000489 -0.9500665357 -0.05154323718 0.8985232986 -4.010266379 0.1270790647 0.74622844 nan nan
2 21401 999 999 0 -0.828121699 0.04686466787 -0.8918225677 -0.812470865 0.0793517027 -1.020173947 -0.04477593561 0.975398011 8.930607001 0.06858137435 0.7817335455 nan nan
3 49068 4837 4837 0 -0.9561452879 0.02649547506 -0.985677308 -0.9055337972 0.08014351078 -0.9895364382 -0.8934464325 0.09609000571 0.3826132855 0.04702570413 0.05911306887 nan nan
4 203087 3277 3277 0 -0.1694926269 0.09868693556 -0.2121567723 -0.1104299779 0.1017267944 -1.019554213 -0.05998416039 0.9595700528 -6.164589958 0.06487047069 0.8453049395 nan nan
5 33028 1533 1533 0 -0.2456584284 0.07325457477 -0.2565610292 -0.2036343688 0.05292666034 -0.9806716823 -0.1074576018 0.8732140805 -9.079859514 0.04498389689 0.7384136813 nan nan
6 153596 2200 2200 0 -0.2357354347 0.02054802752 -0.258456839 -0.1973364398 0.06112039927 -0.2593009963 -0.1808312795 0.07846971676 0.3845572136 0.04230959572 0.05881475596 nan nan
7 149947 3463 3463 0 -0.1665056623 0.05006002713 -0.2045090933 -0.1065108651 0.09799822813 -0.8269552674 -0.1040787045 0.7228765629 -6.483204877 0.06048303451 0.6604496051 nan nan
8 8686 2980 2980 0 -0.8808496632 0.01643776757 -0.8996555438 -0.8611061618 0.03854938201 -0.9799422865 -0.8546976511 0.1252446354 -2.066862988 0.02275771173 0.1030444544 nan nan
9 12322 1022 1022 0 -0.8191396615 0.2552611232 -0.8756299153 -0.1097968632 0.7658330521 -0.9840399596 -0.04389160369 0.9401483559 1.840688864 0.7093014411 0.7752067006 nan nan
10 26334 1419 1419 0 -0.9065198499 0.04895188104 -0.9775180107 -0.8199194786 0.1575985321 -1.020656292 -0.8063625598 0.2142937317 0.1404000475 0.1178204062 0.1313773251 nan nan
11 36819 178 178 0 -0.8801411844 0.2264462644 -0.9763017613 -0.1991292132 0.7771725481 -1.020440955 -0.0600863321 0.9603546229 2.287903415 0.6319961023 0.7710389834 nan nan
12 133457 3436 3436 0 -0.8726361033 0.05379723246 -0.9742995956 -0.8104932789 0.1638063168 -1.020582924 -0.8067544424 0.2138284815 -0.3894866388 0.08868407553 0.1218787702 nan nan
13 149609 26298 26298 0 -0.8705733256 0.0237870276 -0.9217903467 -0.8415094238 0.08028092286 -0.9715083996 -0.8087495535 0.1627588461 -0.781486002 0.08353982682 0.1332578797 nan nan
14 35909 1960 1960 0 -0.1652126149 0.2438110751 -0.8799393983 -0.04683032316 0.8331090751 -0.9997486344 -0.04398107964 0.9557675548 -2.129562807 0.725691406 0.8455006421 nan nan
15 56808 7491 7491 0 -0.235162727 0.008975967872 -0.2482137232 -0.2193235071 0.02889021617 -0.2580287886 -0.2043553618 0.05367342679 0.1982848942 0.01913304117 0.033689305 nan nan
16 45392 1395 1395 0 -0.9038264207 0.04835392697 -0.9760009522 -0.8126469382 0.1633540141 -1.020384954 -0.8064880706 0.2138968834 0.1723879439 0.1007533388 0.1071582416 nan nan
17 170313 20200 20200 0 -0.09574267919 0.02739260722 -0.1540419682 -0.06671064433 0.08733132385 -0.1958973255 -0.05885393284 0.1370433927 -0.8990328525 0.07628623265 0.11814159 nan nan
18 208654 3476 3476 0 -0.8433006061 0.02830766248 -0.9180911169 -0.8245419838 0.09354913319 -1.020820046 -0.8081579121 0.2126621338 -2.246947197 0.07435035009 0.1770792791 nan nan
19 164816 2490 2490 0 -0.8419509892 0.04723705042 -0.9701896419 -0.8117729952 0.1584166467 -1.020811158 -0.807091806 0.2137193519 -1.405484672 0.08986523767 0.1404867537 nan nan
20 45239 4356 4356 0 -0.187053788 0.05957597511 -0.2185614848 -0.09510111766 0.1234603672 -0.8943866426 -0.04617033786 0.8482163047 -5.903110971 0.08148697659 0.7213139879 nan nan
21 15889 12009 12009 0 -0.9648665302 0.0329812725 -1.002243078 -0.9020319541 0.1002111239 -1.008564402 -0.8911740448 0.1173903569 0.3686530887 0.05453313404 0.06539104336 nan nan
22 100032 2907 2907 0 -0.9110054575 0.03955495329 -0.9769740865 -0.8478191762 0.1291549103 -0.9819994091 -0.8085486977 0.1734507113 0.02998143522 0.07164447592 0.1109149544 nan nan
23 154799 166 166 0 -0.5323956447 0.3646526375 -0.9721057388 -0.1160022892 0.8561034496 -0.9769988255 -0.04671985241 0.9302789731 -0.005246768206 0.7598292122 0.7647222989 nan nan
24 175498 2817 2817 0 -0.825630019 0.02119841874 -0.8603858791 -0.8077745274 0.05261135166 -0.9841565378 -0.8071892914 0.1769672464 -2.346452481 0.05092800714 0.1746986659 nan nan
25 120396 4030 4030 0 -0.1690326653 0.07880668168 -0.2108531285 -0.1132612197 0.0975919088 -0.8469894842 -0.06269689419 0.78429259 -6.582674921 0.06397279171 0.6703692667 nan nan
26 119604 15567 15567 0 -0.9430115048 0.02299334104 -0.9697017178 -0.8971434554 0.07255826239 -0.9750473145 -0.8510394547 0.1240078597 0.4701828123 0.03906369715 0.08302791285 nan nan
27 76930 4797 4797 0 -0.8779848255 0.02481695636 -0.9287926652 -0.8501526975 0.07863996764 -0.9713917668 -0.8124351423 0.1589566245 -0.7207811208 0.04408673857 0.08255921306 nan nan
28 164396 1357 1357 0 -0.2108679238 0.32800928 -0.9236400768 -0.115212926 0.8084271509 -1.008423351 -0.04380055914 0.9646227914 -0.6609773856 0.7229162829 0.8076995566 nan nan
29 77279 12294 12294 0 -0.1975187587 0.04498191829 -0.2282519331 -0.1280298936 0.1002220394 -0.835388617 -0.1184066481 0.7169819689 -5.866403325 0.06991834988 0.6378172925 nan nan
30 41861 6170 6170 0 -0.1768625594 0.08218990263 -0.2161905499 -0.1432015521 0.07298899774 -0.8364723675 -0.1351944619 0.7012779056 -7.004916774 0.04411417126 0.664395989 nan nan
31 173781 13960 13960 0 -0.9230109182 0.01980390352 -0.9520647876 -0.8910839655 0.06098082205 -1.010504219 -0.8503133897 0.1601908292 0.04519502615 0.03358259513 0.09133987284 nan nan

K=32, phase=forward, parameter=e [-]
cluster representative_source n_cluster n_valid n_missing median std p05 p95 width90 minimum maximum range skewness error95 error_max angle_origin_deg angle_resultant
0 94651 24762 24762 0 0.6280911249 0.07649715115 0.5249876583 0.7631727598 0.2381851015 0.494597556 0.784138242 0.289540686 0.217949116 0.1312240511 0.1616141535 nan nan
1 30546 212 212 0 0.550849569 0.1188555743 0.3605050772 0.7328992486 0.3723941713 0.2053839746 0.8772211912 0.6718372166 -0.2901257713 0.2384699416 0.3713513493 nan nan
2 21401 999 999 0 0.2341120993 0.07053098558 0.1891772138 0.3771851269 0.1880079131 0.1697123633 0.8933250748 0.7236127115 2.846940767 0.1472119324 0.6633518803 nan nan
3 49068 4837 4837 0 0.4795150738 0.04221388477 0.3957330107 0.5238395792 0.1281065685 0.3738368212 0.5294155266 0.1555787054 -0.4582413843 0.07812247776 0.1000186672 nan nan
4 203087 3277 3277 0 0.5922710926 0.09889826063 0.4846217438 0.7362116464 0.2515899026 0.1700666531 0.8571224749 0.6870558218 -0.4652267021 0.1583946483 0.410325733 nan nan
5 33028 1533 1533 0 0.3943448478 0.05508810097 0.3618081821 0.5153675985 0.1535594164 0.3590706997 0.7437231963 0.3846524966 2.413463668 0.1119342027 0.3402898005 nan nan
6 153596 2200 2200 0 0.4197859043 0.05564761317 0.3559623489 0.5214013554 0.1654390066 0.3534727016 0.5633284053 0.2098557037 0.3378347245 0.1124154463 0.1543424961 nan nan
7 149947 3463 3463 0 0.5996629366 0.08974248286 0.5040218952 0.745624122 0.2416022268 0.2062286491 0.7514951974 0.5452665482 -0.07057388392 0.147194452 0.3934342875 nan nan
8 8686 2980 2980 0 0.3496817315 0.03030425048 0.3099467214 0.3849353403 0.07498861882 0.2961950764 0.5154629321 0.2192678558 1.692990608 0.04358878444 0.1733522696 nan nan
9 12322 1022 1022 0 0.2253029553 0.1765430682 0.188528956 0.7381087389 0.549579783 0.1722257304 0.8954250633 0.7231993329 1.995601226 0.5288845002 0.6862008245 nan nan
10 26334 1419 1419 0 0.3976686974 0.09131384379 0.2090829044 0.5119769131 0.3028940086 0.1685723685 0.5727162374 0.4041438689 -0.4703251241 0.2412902005 0.2818007365 nan nan
11 36819 178 178 0 0.3991838872 0.1291773192 0.2150801879 0.5673767854 0.3522965974 0.1860069399 0.8568787149 0.670871775 0.3931182679 0.3252187907 0.6147207203 nan nan
12 133457 3436 3436 0 0.3342742534 0.104530573 0.1827353203 0.5071604609 0.3244251406 0.1700181651 0.5726195203 0.4026013552 0.1628438506 0.2010345804 0.2137517355 nan nan
13 149609 26298 26298 0 0.3305531801 0.04647562486 0.2670898627 0.4243881049 0.1572982422 0.1759690755 0.503102651 0.3271335755 0.5016775998 0.1651718333 0.2438863794 nan nan
14 35909 1960 1960 0 0.6028530399 0.1781816959 0.3119451731 0.8884129541 0.576467781 0.1705568463 0.8952125964 0.7246557501 -0.03566240383 0.3178662803 0.459254607 nan nan
15 56808 7491 7491 0 0.4224186365 0.02465585033 0.3859039079 0.4652035495 0.07929964163 0.3572200901 0.5050407908 0.1478207006 0.1541006217 0.05200270399 0.09024762953 nan nan
16 45392 1395 1395 0 0.3929350108 0.09189485924 0.1883841561 0.509691679 0.321307523 0.1690549787 0.5723421521 0.4032871734 -0.5280716944 0.2210235966 0.2403527739 nan nan
17 170313 20200 20200 0 0.7715700421 0.06624548344 0.6300014389 0.8410081624 0.2110067235 0.5250959763 0.8597500074 0.3346540311 -0.9317146336 0.1846342359 0.2895396985 nan nan
18 208654 3476 3476 0 0.2719095802 0.05647971817 0.2253424617 0.4183728943 0.1930304327 0.1746764944 0.5729557573 0.3982792629 1.703939887 0.145295 0.2998778629 nan nan
19 164816 2490 2490 0 0.2681016817 0.09205794566 0.1852826438 0.5010042288 0.315721585 0.1710855758 0.5729437429 0.4018581671 1.02882617 0.1718529832 0.2234778883 nan nan
20 45239 4356 4356 0 0.5485279269 0.1000999567 0.4667792344 0.7733189835 0.3065397491 0.1698731259 0.8900080584 0.7201349325 0.5961624683 0.200515242 0.4141434505 nan nan
21 15889 12009 12009 0 0.4927558524 0.05192629885 0.3891973064 0.5474114598 0.1582141534 0.3693317405 0.5562090262 0.1868772856 -0.4571754792 0.09074591341 0.1106114792 nan nan
22 100032 2907 2907 0 0.4054907847 0.0706886945 0.2820763872 0.511202756 0.2291263688 0.1768984382 0.5185090086 0.3416105704 -0.2798068707 0.1379575509 0.2431354998 nan nan
23 154799 166 166 0 0.4830561686 0.1478905172 0.2367664594 0.722883856 0.4861173966 0.1698141831 0.8887012719 0.7188870888 0.2418856047 0.2612655594 0.404824026 nan nan
24 175498 2817 2817 0 0.2282209705 0.05043499791 0.173366193 0.3100969971 0.136730804 0.1714017878 0.5212219376 0.3498201498 1.264965279 0.1303567068 0.3414816473 nan nan
25 120396 4030 4030 0 0.5933204423 0.0943968361 0.4875384589 0.729379361 0.241840902 0.1713813095 0.8506606351 0.6792793256 -0.4363126005 0.1564594754 0.403056715 nan nan
26 119604 15567 15567 0 0.4589993732 0.03776575007 0.3811058119 0.5003596915 0.1192538796 0.2898717759 0.5083076615 0.2184358855 -0.5599871496 0.06354557383 0.1546787422 nan nan
27 76930 4797 4797 0 0.3447159958 0.04710400084 0.2866507332 0.4360514189 0.1494006857 0.1898275721 0.5029569112 0.3131293391 0.4673418612 0.08461282667 0.1755917353 nan nan
28 164396 1357 1357 0 0.493244149 0.1656784736 0.2230410913 0.7246779478 0.5016368564 0.1710055509 0.8956399398 0.7246343889 0.1015327218 0.2994744233 0.3821883455 nan nan
29 77279 12294 12294 0 0.521595732 0.08641341602 0.4412313779 0.6936658902 0.2524345123 0.1874282338 0.7169528445 0.5295246106 0.3396841084 0.1731742279 0.3339402792 nan nan
30 41861 6170 6170 0 0.5734359909 0.07137210377 0.4727334307 0.6566521368 0.183918706 0.1861526414 0.6762152457 0.4900626043 -1.634131947 0.1127503923 0.3993311817 nan nan
31 173781 13960 13960 0 0.4264732139 0.03349664147 0.3701029862 0.4734421028 0.1033391166 0.2882582101 0.5587434252 0.2704852151 -0.1501573352 0.05646372112 0.1388187232 nan nan

K=32, phase=forward, parameter=w [deg]
cluster representative_source n_cluster n_valid n_missing median std p05 p95 width90 minimum maximum range skewness error95 error_max angle_origin_deg angle_resultant
0 94651 24762 24762 0 -3.198270733 18.18361228 -22.44403563 34.01324332 56.45727894 -23.53153189 68.44524937 91.97678126 0.730700379 47.10927812 81.54128418 174.407976 0.950839406
1 30546 212 212 0 -3.291039812 43.725124 -59.74084893 60.08801683 119.8288658 -177.6607904 132.7006986 310.361489 -0.7936220303 85.09092598 178.7331392 56.26945524 0.7873917203
2 21401 999 999 0 -1.57420086 17.30521898 -21.2357854 28.27770916 49.51349455 -60.22864666 152.9348834 213.1635301 2.373112184 36.36203728 156.7435482 156.4075601 0.9596438364
3 49068 4837 4837 0 -0.7536044753 13.39203406 -19.12033537 24.72927081 43.84960618 -21.81293268 38.3796009 60.19253358 0.4452527439 30.09519193 43.74552203 313.3794188 0.9729961358
4 203087 3277 3277 0 -3.804345375 30.63755123 -30.35295094 50.58335176 80.93630269 -179.0952783 177.3493988 356.4446771 -0.3607204922 62.52916263 179.8053903 301.9231567 0.8861836253
5 33028 1533 1533 0 -4.589581254 28.40403883 -28.01131746 48.81591024 76.8272277 -178.0934292 178.0569583 356.1503875 -1.015852156 45.34346975 179.357277 210.3293334 0.903325061
6 153596 2200 2200 0 -4.114787755 26.1688829 -32.43567127 51.97038449 84.40605576 -37.17211296 89.86789783 127.0400108 0.7532785704 68.69879941 106.5963127 234.3919595 0.9007919674
7 149947 3463 3463 0 -3.2215662 24.72402258 -30.69763811 44.17806012 74.87569823 -178.6023417 164.1152234 342.7175651 0.5781644233 56.92345666 176.7172156 240.4056323 0.9167244208
8 8686 2980 2980 0 -1.681740401 6.058146883 -3.975930169 5.75722285 9.733153019 -4.127564727 57.98694671 62.11451143 4.310057946 9.186079579 61.41580344 293.5370569 0.9945526445
9 12322 1022 1022 0 -8.08583053 53.02504506 -35.44595117 128.1399916 163.5859428 -179.5690475 178.8354025 358.40445 1.25596762 143.5859438 179.1144401 170.7431461 0.7037592964
10 26334 1419 1419 0 2.246931841 22.05747913 -42.43945688 29.52806551 71.9675224 -67.15737672 85.80543111 152.9628078 -0.2629128496 50.02131127 79.03061275 40.0653013 0.9294040787
11 36819 178 178 0 3.627101047 63.99569286 -63.28118568 143.1531999 206.4343856 -179.8335758 179.951376 359.7849518 0.127742239 169.3627443 176.0220322 233.387683 0.6274594926
12 133457 3436 3436 0 1.777700807 28.90422117 -52.35454459 44.01062059 96.36516519 -64.47063753 94.08998616 158.5606237 -0.1491401943 54.17956721 102.409323 125.1709875 0.8798586291
13 149609 26298 26298 0 -2.446274435 16.54364383 -20.50450111 30.92555846 51.43005956 -23.34726926 96.87289677 120.220166 1.168783604 30.15472134 96.10205965 14.86531163 0.9597546202
14 35909 1960 1960 0 -3.360914427 56.35398483 -36.95113754 147.0722611 184.0233986 -178.2105609 178.9354182 357.1459791 0.4889692987 162.5342383 179.6933104 304.0606791 0.7168818804
15 56808 7491 7491 0 -2.312935847 17.74595723 -23.07464918 28.53014681 51.604796 -26.16921816 87.88507667 114.0542948 0.8897269492 28.3489037 84.62313294 192.0017852 0.9536303445
16 45392 1395 1395 0 -1.253885154 21.96939975 -40.32521823 37.42710576 77.75232399 -74.23639957 59.09371463 133.3301142 -0.1215389308 49.86029381 68.51688988 55.31317434 0.9295336333
17 170313 20200 20200 0 -2.940077261 15.78377498 -19.27004013 30.24641297 49.5164531 -21.41646942 70.08246077 91.4989302 0.9422787675 40.44004873 80.27609653 172.6896142 0.9629200118
18 208654 3476 3476 0 -2.28210799 14.51682769 -16.67895029 27.61455678 44.29350707 -23.99288864 92.99174543 116.9846341 1.430796452 40.37052244 105.7477111 53.31331945 0.9690404515
19 164816 2490 2490 0 -2.043665907 29.3579194 -38.45029083 51.84644785 90.29673868 -43.19170311 103.2679712 146.4596743 0.4882417303 53.1070441 104.5285674 72.06054195 0.8756847281
20 45239 4356 4356 0 -1.66231586 20.61653787 -24.49380187 29.0688133 53.56261517 -176.5182194 176.714946 353.2331654 1.054789756 33.18186525 179.8368195 239.1893303 0.9463846537
21 15889 12009 12009 0 -0.5042184817 6.784508728 -10.04757562 11.77604162 21.82361724 -11.77057876 21.50741886 33.27799762 0.3468480922 16.50634857 26.23772581 301.6118676 0.9930089951
22 100032 2907 2907 0 -4.124573024 17.51072474 -21.56322418 33.86833385 55.43155803 -24.88919389 63.15909641 88.0482903 0.8414199707 31.25831647 60.54907903 339.6672668 0.9544182147
23 154799 166 166 0 31.14924073 79.64718425 -106.1507779 124.4965202 230.6472981 -178.3439151 177.2611682 355.6050833 0.1146305579 171.9268732 179.5260067 230.7350333 0.2876809071
24 175498 2817 2817 0 -3.436210653 16.7258219 -17.52917942 30.06833937 47.59751879 -18.80218955 98.57887815 117.3810677 1.849617044 33.33885269 101.8493915 17.26776755 0.9598699118
25 120396 4030 4030 0 -4.533481903 23.58235428 -20.74144269 38.99138206 59.73282475 -146.3145085 162.0877164 308.4022249 2.453756006 57.27172174 179.8202816 286.4633867 0.9305200837
26 119604 15567 15567 0 -3.089962543 15.98681485 -18.47272948 31.61200239 50.08473187 -20.19692884 71.67135113 91.86827997 1.154651424 42.57905041 82.63839915 11.06670541 0.9621672946
27 76930 4797 4797 0 -3.171087048 14.2140682 -15.9852308 30.20631606 46.19154685 -17.59012317 65.65115206 83.24127523 1.214968144 33.61131955 69.05615555 307.8737584 0.9699331249
28 164396 1357 1357 0 -1.214839806 94.39491632 -165.5251028 171.4688892 336.993992 -179.3555723 179.8168644 359.1724366 0.01680132373 175.7070047 179.8706739 40.68550568 0.294920804
29 77279 12294 12294 0 -3.320590458 21.99837341 -26.11624911 38.00757661 64.12382571 -179.3493577 170.4858228 349.8351805 0.7219393288 45.42604062 177.7613876 191.2060072 0.9332404926
30 41861 6170 6170 0 -2.999455291 23.40620527 -11.05984584 23.60630572 34.66615156 -179.3669802 179.3931847 358.7601649 3.598952143 31.06022187 179.9224146 173.4449322 0.9539268076
31 173781 13960 13960 0 -4.046585673 15.80900176 -15.64208002 26.96783193 42.60991195 -16.03775582 103.5943173 119.6320731 1.731411756 35.80176037 112.4282457 6.524850209 0.9638752421
