K,cluster,representative_source,phase,parameter,unit,n_cluster,n_valid,n_missing,median,std,p05,p95,width90,minimum,maximum,range,skewness,error95,error_max,angle_origin_deg,angle_resultant
10,0,181750,backward,eps,km^2/s^2,47920,47920.0,0.0,-0.1268624255483246,0.03958484291607163,-0.19514288908902241,-0.07214178157467117,0.12300110751435124,-0.23188559099245654,-0.058817793307683885,0.17306779768477265,-0.20121759194690159,0.0667311514758222,0.10018995289403498,nan,nan
10,1,160930,backward,eps,km^2/s^2,2213,2213.0,0.0,-0.1891160267483658,0.14857221575077528,-0.2581729976883146,-0.11446416621659683,0.14370883147171776,-1.0176690233481307,-0.04380722131250103,0.9738618020356297,-4.08361259408129,0.13677719643740682,0.827777912298839,nan,nan
10,2,31229,backward,eps,km^2/s^2,4929,4929.0,0.0,-0.8340899868629321,0.050056706829434895,-0.9716918209682286,-0.8125726176646915,0.15911920330353713,-1.020836128343177,-0.806208472304013,0.214627656039164,-1.2335655756292696,0.14127189292116604,0.1904162002961145,nan,nan
10,3,18261,backward,eps,km^2/s^2,17104,17104.0,0.0,-0.9046097251364508,0.03949338290193682,-0.9830975391538543,-0.8570228006711142,0.1260747384827401,-0.9915968795283152,-0.8455281706683686,0.1460687088599466,-0.38712367827340133,0.06801688530320879,0.07609222084973943,nan,nan
10,4,216018,backward,eps,km^2/s^2,8846,8846.0,0.0,-0.18664124882494443,0.05754018776967219,-0.2525795655148276,-0.057046912037895775,0.1955326534769318,-0.2582250091029896,-0.04391779137377705,0.21430721772921257,0.5955509428942671,0.118095188362669,0.13122430902678772,nan,nan
10,5,56494,backward,eps,km^2/s^2,18771,18771.0,0.0,-0.8653368355079021,0.024264898845304705,-0.9018020237993214,-0.8214332798409507,0.08036874395837068,-0.9749900020885928,-0.8063623697289342,0.1686276323596586,0.22243211649504124,0.051326928555717244,0.10264009086237114,nan,nan
10,6,168099,backward,eps,km^2/s^2,9888,9888.0,0.0,-0.1872549520257425,0.0448317304325529,-0.2554878784414146,-0.11250235163138964,0.14298552681002494,-0.2593276385082858,-0.06134792539939993,0.19797971310888585,0.00786066990799007,0.08007844746602436,0.13123287369801406,nan,nan
10,7,148986,backward,eps,km^2/s^2,58713,58713.0,0.0,-0.20941011142656085,0.03500635450012105,-0.24641953373008954,-0.13617683837630554,0.110242695353784,-0.2581106155868368,-0.1181607648246098,0.139949850762227,0.5161993763084199,0.07597142759344568,0.09398750114514143,nan,nan
10,8,78072,backward,eps,km^2/s^2,15687,15687.0,0.0,-0.9379211104348922,0.021327624553329403,-0.9700138787386136,-0.9074126707950066,0.0626012079436069,-1.0207392989867343,-0.8379491244275502,0.18279017455918412,0.5985698374062527,0.05255630393755985,0.12198498458644613,nan,nan
10,9,90582,backward,eps,km^2/s^2,9987,9987.0,0.0,-0.9778494024656433,0.040586832406388405,-1.0031453121275171,-0.8743099303548127,0.12883538177270437,-1.0086547271271056,-0.8065371397178525,0.20211758740925312,1.4666973050325516,0.11739887098446908,0.1851716616214294,nan,nan
10,0,181750,backward,e,-,47920,47920.0,0.0,0.6966135158101143,0.09657687783707926,0.5278327920876272,0.8280447894748089,0.30021199738718163,0.4303047440421292,0.8598376401626954,0.42953289612056617,-0.2323439539709534,0.16307207433236456,0.25488046026411465,nan,nan
10,1,160930,backward,e,-,2213,2213.0,0.0,0.543319284668522,0.12118493938908459,0.36205819687377194,0.7264546964733397,0.36439649959956777,0.17669300373752553,0.8956261106421681,0.7189331069046426,0.04397547137675462,0.2004961909498465,0.36434414421012606,nan,nan
10,2,31229,backward,e,-,4929,4929.0,0.0,0.24976820564799854,0.09876937066553367,0.1887338282317431,0.5032901938486999,0.31455636561695677,0.16819393098549065,0.5729713754320799,0.40477744444658925,0.993811947902334,0.2629068344244906,0.3325880160078706,nan,nan
10,3,18261,backward,e,-,17104,17104.0,0.0,0.3939343778811228,0.06845231849269859,0.3014446663783621,0.5200248256593544,0.21858015928099228,0.2759808255270147,0.5323640389430679,0.25638321341605325,0.23088025665203282,0.11520477959176852,0.13707287653760747,nan,nan
10,4,216018,backward,e,-,8846,8846.0,0.0,0.5495338363600569,0.14409943899092525,0.3730901406213935,0.8640779283981701,0.4909877877767766,0.3566637372686819,0.8953605839444655,0.5386968466757835,0.5117407432087111,0.2851640540182097,0.31644670956450505,nan,nan
10,5,56494,backward,e,-,18771,18771.0,0.0,0.3198830065426336,0.05238245846482147,0.21581907010826906,0.38965619888030073,0.17383712877203167,0.1685914010438332,0.5082041819629666,0.3396127809191334,-0.5484353587459898,0.11868197033568663,0.17385097009061634,nan,nan
10,6,168099,backward,e,-,9888,9888.0,0.0,0.5478616795329212,0.11410718565552487,0.36458482570861045,0.731229229981191,0.36664440427258055,0.35333869863390605,0.8538741339376211,0.500535435303715,-0.07460806191810976,0.19695319819357926,0.3195981021500094,nan,nan
10,7,148986,backward,e,-,58713,58713.0,0.0,0.49095576239867217,0.08965498591957662,0.3909252304086693,0.6738402931010777,0.28291506269240846,0.3569526799940352,0.7175385073147877,0.36058582732075256,0.45377631737550056,0.19045355464393612,0.23415176885764616,nan,nan
10,8,78072,backward,e,-,15687,15687.0,0.0,0.4509489253317804,0.035490170540742834,0.39967011896715715,0.5008162829250875,0.10114616395793036,0.2593354528371107,0.57285141266025,0.3135159598231393,-1.0030450813580547,0.08591258263440657,0.22623535877528766,nan,nan
10,9,90582,backward,e,-,9987,9987.0,0.0,0.5123496971638883,0.06842659736248742,0.33780256836805855,0.5486749156645216,0.2108723472964631,0.16931918759634287,0.5563450703171937,0.3870258827208508,-1.8224456501664381,0.1947901170543933,0.36327349782610907,nan,nan
10,0,181750,backward,w,deg,47920,47920.0,0.0,-0.777883819203808,4.865121395691584,-6.096729923402781,11.387655381163025,17.484385304565805,-7.64575583619083,15.923052538204445,23.568808374395275,1.2647725223260644,16.73315397628269,21.26855113332411,20.9261716265286,0.9964049398117478
10,1,160930,backward,w,deg,2213,2213.0,0.0,-0.9111820788918976,33.87873841384028,-8.466732350300548,10.350782174802942,18.81751452510349,-179.61753642738927,177.71899188775762,357.3365283151469,2.49285222437626,15.294914561263159,179.9994480679319,26.019379451837125,0.9179925483289676
10,2,31229,backward,w,deg,4929,4929.0,0.0,1.6199075456550531,9.218359346411626,-12.907916346664155,13.5921142564735,26.500030603137656,-32.363403581117495,16.494490292386246,48.85789387350374,-0.7725549240362778,19.98143596694144,39.43692320139479,203.860151628186,0.9871671387216405
10,3,18261,backward,w,deg,17104,17104.0,0.0,-0.3863570009741579,4.509220184439508,-6.412784829285386,7.0152508876823445,13.428035716967731,-8.242992232687328,22.298464276757272,30.5414565094446,0.9745616995950153,8.849181560678192,24.13239494975312,189.44790333005344,0.9969113527441253
10,4,216018,backward,w,deg,8846,8846.0,0.0,1.0955601228647112,7.595962954478626,-10.713307774398885,13.497885323101464,24.21119309750035,-11.408214303421772,14.616899407345898,26.02511371076767,0.24346467653652587,21.266634000133962,22.385648084378374,22.023321004728597,0.9912377830972892
10,5,56494,backward,w,deg,18771,18771.0,0.0,0.25773042809615276,7.534068956754776,-9.800681128414709,11.881996656483935,21.682677784898644,-34.50243898467539,14.273773699949857,48.77621268462525,-1.3721205971866115,15.612547330266665,40.31430518652735,205.95484463667432,0.9914503906067619
10,6,168099,backward,w,deg,9888,9888.0,0.0,-1.1640504517665704,4.982771974329356,-6.278273319003606,10.435235386822185,16.71350870582579,-15.293082519231007,11.058413504527124,26.35149602375813,0.8065746340408793,10.687125209159811,15.113083643274706,25.880754333090817,0.9962260193307628
10,7,148986,backward,w,deg,58713,58713.0,0.0,0.5375990024407429,4.158532397688839,-8.530224723041652,5.646852428990666,14.177077152032318,-15.143285892670377,8.691733889289878,23.835019781960256,-0.6988444253470697,12.853596131787224,19.46665730141592,27.65575883420884,0.9973698314016807
10,8,78072,backward,w,deg,15687,15687.0,0.0,-0.34753752104995783,5.371724030225457,-7.790160982274861,9.404425629080913,17.194586611355774,-27.014851251809546,19.60530860629001,46.620159858099555,0.2909887133554408,11.004520802712486,25.592871143867995,200.61066268816654,0.9956167683563817
10,9,90582,backward,w,deg,9987,9987.0,0.0,-1.6728273653236272,10.383914203750926,-13.145696916277842,21.15908352189191,34.30478043816976,-14.17226844430266,25.75356632032546,39.92583476462812,0.6976592455662791,19.33492264024053,23.92940543867408,194.2977275155445,0.9836967545632417
10,0,181750,forward,eps,km^2/s^2,47920,47920.0,0.0,-0.12842839768721115,0.041463331166054176,-0.19802161728002157,-0.07256937493764941,0.12545224234237218,-0.2587671268542854,-0.05885393284037144,0.19991319401391394,-0.31703814331827396,0.07331918569516993,0.13406469526943376,nan,nan
10,1,160930,forward,eps,km^2/s^2,2213,2213.0,0.0,-0.2568896731780902,0.355481425401782,-0.9654144077815168,-0.11583551645148284,0.849578891330034,-1.0205829238249695,-0.04380055913553149,0.976782364689438,-0.06985213599080226,0.8378396495993657,0.8930081656428185,nan,nan
10,2,31229,forward,eps,km^2/s^2,4929,4929.0,0.0,-0.21346711311523436,0.3575322992969388,-0.9070927873229703,-0.05288036621261127,0.854212421110359,-1.0203849539144754,-0.04389160369217371,0.9764933502223017,-0.11431952968334184,0.7663427889722519,0.8796349555637573,nan,nan
10,3,18261,forward,eps,km^2/s^2,17104,17104.0,0.0,-0.957866648363648,0.037133293467415625,-1.0004793902784446,-0.8854113209372119,0.1150680693412327,-1.0085644016778017,-0.8473067712219301,0.1612576304558716,0.40959610606315594,0.0648678970717586,0.10297244678704043,nan,nan
10,4,216018,forward,eps,km^2/s^2,8846,8846.0,0.0,-0.8437205241028478,0.04317143498096724,-0.9627155277664469,-0.8130923581375682,0.14962316962887867,-1.020820045950525,-0.8067544423545633,0.21406560359596172,-1.3561719845687963,0.13319187695441195,0.19129639513849006,nan,nan
10,5,56494,forward,eps,km^2/s^2,18771,18771.0,0.0,-0.2248127385134958,0.20809198934984685,-0.89303063497599,-0.15272295827695836,0.7403076766990316,-1.0206562915180895,-0.07493086740941213,0.9457254241086773,-2.617739193925543,0.6660975946650647,0.7937232512071641,nan,nan
10,6,168099,forward,eps,km^2/s^2,9888,9888.0,0.0,-0.17699416108144694,0.08580599839534672,-0.2521817078861784,-0.11140680908695834,0.14077489879922006,-1.0208075341283356,-0.06780546489835193,0.9530020692299837,-6.909111049008261,0.07582482980774995,0.8342948043711245,nan,nan
10,7,148986,forward,eps,km^2/s^2,58713,58713.0,0.0,-0.9015231566130261,0.039732654545212735,-0.9620599041013599,-0.8403471500723069,0.12171275402905302,-0.9809766924051869,-0.8071892914486543,0.17378740095653267,0.1080518732272237,0.07589969397059546,0.09270741361119916,nan,nan
10,8,78072,forward,eps,km^2/s^2,15687,15687.0,0.0,-0.1995036355183687,0.21185486032349465,-0.8938958978630585,-0.1293897830755178,0.7645061147875407,-0.9784930170578151,-0.11791661537917486,0.8605764016786402,-2.672273071505123,0.698478747551641,0.7830758667463977,nan,nan
10,9,90582,forward,eps,km^2/s^2,9987,9987.0,0.0,-0.890433432782255,0.036042301470580275,-0.9698258158182618,-0.8527961124806561,0.11702970333760565,-0.9852186064369326,-0.8124351423138624,0.17278346412307022,-0.640051748289707,0.06825738852835347,0.09040635697770194,nan,nan
10,0,181750,forward,e,-,47920,47920.0,0.0,0.6928875715028996,0.10163844934205128,0.5206212111640647,0.8270159499003877,0.30639473873632306,0.35504056762874453,0.8597500074356198,0.5047094398068752,-0.37263866742338614,0.1814747503747626,0.3470553939100827,nan,nan
10,1,160930,forward,e,-,2213,2213.0,0.0,0.48214150652521154,0.16115038369832213,0.22645359930496925,0.7231820580594678,0.49672845875449856,0.1698141830836259,0.8956399397956282,0.7258257567120023,0.28728270581350446,0.46838537682281645,0.5250247930441598,nan,nan
10,2,31229,forward,e,-,4929,4929.0,0.0,0.48543868023635134,0.23504519658319956,0.19324585977086542,0.8740274301142518,0.6807815703433864,0.16971236327555636,0.8954250633070769,0.7257127000315206,0.2345315639820123,0.4693217312873394,0.49285522778264845,nan,nan
10,3,18261,forward,e,-,17104,17104.0,0.0,0.4820902126775943,0.0599976632487934,0.3584643663262826,0.5449437126792985,0.18647934635301594,0.281614650199177,0.5562090261526239,0.27459437595344693,-0.5289638659928132,0.11170189539755992,0.1885516115246656,nan,nan
10,4,216018,forward,e,-,8846,8846.0,0.0,0.27245445262523116,0.0847109807591196,0.19058084551738252,0.48970100087372104,0.2991201553563385,0.17001816509090778,0.572955757279698,0.4029375921887903,1.0031750904946417,0.25236010302848955,0.33561485943446656,nan,nan
10,5,56494,forward,e,-,18771,18771.0,0.0,0.4577059812295445,0.09055205343054645,0.3616697984249154,0.6334666035180953,0.2717968050931798,0.16857236846964585,0.821500275083474,0.6529279066138282,0.24411570854525455,0.194284947394762,0.37613167145849274,nan,nan
10,6,168099,forward,e,-,9888,9888.0,0.0,0.5735427128670743,0.10503213251226846,0.3822780826038914,0.7338407688932796,0.35156268628938825,0.17006665311222163,0.8384885339059525,0.6684218807937308,-0.2997789477270116,0.18933652139892704,0.37956385543827137,nan,nan
10,7,148986,forward,e,-,58713,58713.0,0.0,0.38913605488630076,0.07408646519027089,0.26444420040905675,0.48878586383606515,0.2243416634270084,0.17140178779317194,0.5165534965409148,0.3451517087477428,-0.3792732300461238,0.13157089847921516,0.1934504146156968,nan,nan
10,8,78072,forward,e,-,15687,15687.0,0.0,0.516580449596846,0.10099317408394085,0.3830990295703107,0.6903954346682424,0.30729640509793166,0.1690549787012258,0.718129936460833,0.5490749577596072,-0.34055095535115354,0.17986728612702202,0.3578176083896639,nan,nan
10,9,90582,forward,e,-,9987,9987.0,0.0,0.3684441946840756,0.06435301777499848,0.292492791520293,0.5005505317937218,0.20805774027342877,0.18982757206028292,0.5232019180088082,0.33337434594852533,0.4428212440473761,0.11354468307490014,0.20121370094771765,nan,nan
10,0,181750,forward,w,deg,47920,47920.0,0.0,-4.2723936094465955,20.480807075013825,-23.69597627381162,41.68936592150977,65.38534219532139,-25.480159915359252,91.35225315787602,116.83241307323527,0.9942393765182785,41.63066257099812,91.2935498073644,176.35660403699396,0.9384935153201566
10,1,160930,forward,w,deg,2213,2213.0,0.0,7.192365690091663,86.66432332404696,-107.78711998512665,153.4317968207561,261.2189168058827,-179.90730938613,179.04460889546715,358.95191828159716,0.10529534241135305,172.61170738532937,179.80785285303625,98.74874837508261,0.1889222570755915
10,2,31229,forward,w,deg,4929,4929.0,0.0,22.27527513563132,78.73191940652627,-124.1951675358936,106.15096034251367,230.3461278784073,-179.65352905287185,179.9357284088319,359.5892574617037,-0.04512937151284813,167.71899616545457,179.61559309125371,232.15726733170766,0.28873477778408835
10,3,18261,forward,w,deg,17104,17104.0,0.0,-1.6432373475107624,9.997040715907302,-12.189091864399611,17.435503407615087,29.624595272014698,-13.44711164530122,49.719641504121114,63.166753149422334,1.3611308353180611,23.758998855304,56.04313695181003,302.8566037961781,0.9850047010239468
10,4,216018,forward,w,deg,8846,8846.0,0.0,-9.510081795845835,36.743628457284615,-42.47348642283468,68.39454619766978,110.86803262050447,-57.06313825867606,103.50946450782578,160.57260276650186,0.595342090753579,77.41312584026966,112.52804415042567,78.20307377420698,0.8091178981114617
10,5,56494,forward,w,deg,18771,18771.0,0.0,-5.73298076692538,54.24484957243155,-142.99225992985708,63.08250837812932,206.0747683079864,-179.84068114533946,179.84548478517547,359.6861659305149,-0.4513461790833925,159.22094774727887,179.984593599521,195.3951615923063,0.7225265585136927
10,6,168099,forward,w,deg,9888,9888.0,0.0,-1.8320479392724565,30.131291855659786,-47.294928102192884,46.92886324795737,94.22379135015026,-179.9055296836301,88.8207993693585,268.7263290529886,-1.0043833789924512,58.536012202653225,171.67146851684998,282.50548815444375,0.8836236401578481
10,7,148986,forward,w,deg,58713,58713.0,0.0,-2.837864350119247,16.96219035585694,-19.904436235027514,30.449401134553664,50.35383736958118,-21.58875602533817,103.77079528805177,125.35955131338994,1.3725859509437115,50.871438664464655,124.19283281796277,12.07585041700054,0.9580780470219441
10,8,78072,forward,w,deg,15687,15687.0,0.0,-2.9520555134907625,47.16720403724541,-126.25031139579121,49.96737128752666,176.2176826833179,-179.93171985480106,179.73598245453343,359.66770230933446,-0.8833002211882602,133.2954473029185,179.9952684806143,186.41029977229186,0.7740405778361344
10,9,90582,forward,w,deg,9987,9987.0,0.0,-2.974217142490261,20.16775117450044,-23.41979724928146,40.235795914131614,63.65559316341307,-24.963034699024774,82.83840622692003,107.8014409259448,0.8917690866729542,44.00818394435376,86.61079425714217,314.4103347478542,0.9401998177684987
12,0,181750,backward,eps,km^2/s^2,47919,47919.0,0.0,-0.12686267688530273,0.039586395133175495,-0.19514309160734047,-0.07214173471356623,0.12300135689377424,-0.23188559099245654,-0.058817793307683885,0.17306779768477265,-0.20133493151711893,0.06673115495759907,0.10018995289403498,nan,nan
12,1,161219,backward,eps,km^2/s^2,2228,2228.0,0.0,-0.18819525874015325,0.11425379581666883,-0.2569625863604291,-0.11444006216458513,0.142522524195844,-1.0176690233481307,-0.04380722131250103,0.9738618020356297,-5.117187988574611,0.08355379513230442,0.8274780975149073,nan,nan
12,2,29632,backward,eps,km^2/s^2,4602,4602.0,0.0,-0.8323437667425118,0.04933463182426231,-0.9688908181128599,-0.8120693714768761,0.15682144663598385,-1.020836128343177,-0.806208472304013,0.214627656039164,-1.2749415572273743,0.14108737202967275,0.19303268225998982,nan,nan
12,3,18261,backward,eps,km^2/s^2,17002,17002.0,0.0,-0.9043494745306471,0.03932473387001867,-0.9826920323660695,-0.8569637564438795,0.12572827592219005,-0.9913826165166824,-0.8455281706683686,0.14585444584831375,-0.3915717608327568,0.06773532848744436,0.07587795783810658,nan,nan
12,4,215659,backward,eps,km^2/s^2,8885,8885.0,0.0,-0.1868321869026488,0.057421565835665184,-0.25255653070833695,-0.057075046926215504,0.19548148378212143,-0.2582250091029896,-0.04391779137377705,0.21430721772921257,0.6001333968935774,0.11677788259424267,0.12993513814668112,nan,nan
12,5,50510,backward,eps,km^2/s^2,9933,9933.0,0.0,-0.8645889044770505,0.025272261417923672,-0.901532679532233,-0.8147787471779048,0.08675393235432827,-0.9754363726151322,-0.8065266032009923,0.16890976941413982,0.23923517339953765,0.05475127499526894,0.10643042053359164,nan,nan
12,6,167815,backward,eps,km^2/s^2,9875,9875.0,0.0,-0.18721093131501243,0.04483621615346617,-0.25549216784941386,-0.1124973412724696,0.14299482657694426,-0.2593276385082858,-0.06134792539939993,0.19797971310888585,0.006658081158436404,0.0797890738121185,0.13093848968518818,nan,nan
12,7,148986,backward,eps,km^2/s^2,58633,58633.0,0.0,-0.20944266351827556,0.03500550069942117,-0.24642270952464834,-0.13620139699284337,0.11022131253180498,-0.2581106155868368,-0.118163124207038,0.13994749137979878,0.5165214846682608,0.07594686897690787,0.09398514176271322,nan,nan
12,8,34269,backward,eps,km^2/s^2,8286,8286.0,0.0,-0.8669339526477653,0.023902299182504715,-0.907610754535386,-0.8362795633791409,0.07133119115624509,-0.927475511893222,-0.8069569272257868,0.12051858466743515,-0.1919161316994076,0.04150851518152732,0.07026953377898071,nan,nan
12,9,88967,backward,eps,km^2/s^2,9857,9857.0,0.0,-0.9786852323747748,0.03819586569227371,-1.0031869509581581,-0.8859633522397831,0.11722359871837507,-1.0086547271271056,-0.8066542884557548,0.20200043867135076,1.5198748020925037,0.10648325164150786,0.1857923154255361,nan,nan
12,10,75698,backward,eps,km^2/s^2,13756,13756.0,0.0,-0.9382271077773494,0.01947792244832031,-0.968192953646281,-0.9085715197358458,0.05962143391043517,-1.0207392989867343,-0.837306151651173,0.18343314733556138,0.3729051212488521,0.049544490650013956,0.12075517489300569,nan,nan
12,11,34081,backward,eps,km^2/s^2,3082,3082.0,0.0,-0.9085146116856464,0.0474041818914048,-0.9773340448084314,-0.8275088811936511,0.14982516361478038,-1.0207437552380227,-0.8063623697289342,0.21438138550908858,0.17612574853826304,0.082096171779945,0.11192824902432386,nan,nan
12,0,181750,backward,e,-,47919,47919.0,0.0,0.6966098938086168,0.09658101827713575,0.5278320568517715,0.8280453427379301,0.3002132858861586,0.4303047440421292,0.8598376401626954,0.42953289612056617,-0.23248347783439702,0.1630725247437036,0.25488046026411465,nan,nan
12,1,161219,backward,e,-,2228,2228.0,0.0,0.5454562923176335,0.11879981591017964,0.3652189402167552,0.7265203570156196,0.36130141679886435,0.1950360603659501,0.8956261106421681,0.700590050276218,0.10246123957281479,0.19351581443782373,0.35534784076017034,nan,nan
12,2,29632,backward,e,-,4602,4602.0,0.0,0.24516998813206647,0.09811594366870009,0.18740622603730878,0.4990374031718063,0.3116311771344975,0.16819393098549065,0.5729713754320799,0.40477744444658925,1.0264653845271066,0.26546157853848895,0.3393955507987626,nan,nan
12,3,18261,backward,e,-,17002,17002.0,0.0,0.3934481494648829,0.06820765589164389,0.30137406538567224,0.5194319989899862,0.2180579336043139,0.2759808255270147,0.5320537516304692,0.2560729261034545,0.23485694404921967,0.1150830809773126,0.13707287653760747,nan,nan
12,4,215659,backward,e,-,8885,8885.0,0.0,0.5491952764862539,0.14380311614746724,0.3732208423319854,0.8640411456966915,0.49082030336470617,0.3566637372686819,0.8953605839444655,0.5386968466757835,0.5160109476011528,0.28192119259139925,0.3132406308391732,nan,nan
12,5,50510,backward,e,-,9933,9933.0,0.0,0.31841101245419745,0.05539561853696595,0.19602700725317715,0.3892585801970889,0.19323157294391177,0.16915703389195855,0.5088916188652927,0.3397345849733341,-0.5879064245969317,0.1316327637421001,0.18135452263121055,nan,nan
12,6,167815,backward,e,-,9875,9875.0,0.0,0.547953878314603,0.11411984293333534,0.36454723273094775,0.7312452376332145,0.3666980049022667,0.35333869863390605,0.8538741339376211,0.500535435303715,-0.07579874485239137,0.19622229118227294,0.3188511874866796,nan,nan
12,7,148986,backward,e,-,58633,58633.0,0.0,0.49084120615245397,0.08965397189615756,0.39091287026021426,0.6738294985006699,0.2829166282404556,0.3569526799940352,0.7175378106958386,0.36058513070180337,0.45413126545784455,0.19044276004352828,0.23415107223869697,nan,nan
12,8,34269,backward,e,-,8286,8286.0,0.0,0.32311774217283146,0.048748104020226196,0.25509419635732933,0.39976118771806823,0.1446669913607389,0.17032790386380847,0.43329913957437977,0.2629712357105713,0.02904069638262857,0.08846185939180115,0.1731355096586838,nan,nan
12,9,88967,backward,e,-,9857,9857.0,0.0,0.5135822007579872,0.0637594567242556,0.36041229932409785,0.5487386957599742,0.1883263964358764,0.1694667967508733,0.5563450703171937,0.38687827356632043,-1.8873483407183373,0.17323053828798357,0.36417604086120814,nan,nan
12,10,75698,backward,e,-,13756,13756.0,0.0,0.45144334035735423,0.03198432535372333,0.4016878854262578,0.4980578607740377,0.09636997534777991,0.25810932300665285,0.57285141266025,0.3147420896535971,-0.6598204414590819,0.08105582841345771,0.22457918808927801,nan,nan
12,11,34081,backward,e,-,3082,3082.0,0.0,0.4013279965236871,0.08790715072142001,0.2319374810197208,0.5116736833928958,0.279736202373175,0.1685914010438332,0.5728380058839121,0.4042466048400789,-0.49529368473751384,0.17050795482000664,0.2331314682856745,nan,nan
12,0,181750,backward,w,deg,47919,47919.0,0.0,-0.7778945870417147,4.865203780647869,-6.096751169273867,11.387768836791432,17.4845200060653,-7.645756602294341,15.923051772100962,23.568808374395303,1.264796567416372,16.733268198014606,21.26855113332411,20.926172392632107,0.9964048184963127
12,1,161219,backward,w,deg,2228,2228.0,0.0,-0.777077743020854,25.13877637298769,-8.12862219130478,10.37178229408246,18.50040448538724,-178.96745590151738,177.93341732559213,356.9008732271095,2.6831376321089007,12.526996600732781,179.56592802764584,25.804954014002657,0.9539247778970386
12,2,29632,backward,w,deg,4602,4602.0,0.0,1.5362762778660795,9.290011240709195,-13.410382831559131,13.972777207499801,27.383160039058932,-32.02215947053355,16.83573440297019,48.85789387350374,-0.748770033846408,20.727594207789632,39.33937084676407,203.51890751760206,0.9869692945640776
12,3,18261,backward,w,deg,17002,17002.0,0.0,-0.3874731587799687,4.496987739928353,-6.381412538424179,7.0072953117045005,13.388707850128679,-8.192645795535554,22.297093945083788,30.489739740619342,0.9813064494653917,8.842596316373834,24.13239494975312,189.44927366172692,0.9969280923419861
12,4,215659,backward,w,deg,8885,8885.0,0.0,1.0824024634770808,7.613604562771924,-10.725776289913473,13.500001105236219,24.22577739514969,-11.425295687458316,14.599818023309325,26.02511371076764,0.24597428854284464,21.346378516147727,22.44619543422084,22.04040238876516,0.9911970836027649
12,5,50510,backward,w,deg,9933,9933.0,0.0,0.5782612562397276,7.644646639207739,-11.73627221249655,10.839917765811839,22.57618997830839,-35.57373839804282,12.901294515861338,48.47503291390416,-2.326080907761776,14.62284394734276,38.46031013288905,207.11953999314548,0.9912454075035173
12,6,167815,backward,w,deg,9875,9875.0,0.0,-1.1648673377641785,4.9757946085912605,-6.255555939557394,10.434961702597812,16.690517642155207,-15.292566823376745,11.058929200381414,26.35149602375816,0.8122237841396044,10.68496028583211,15.11300381491506,25.880238637236545,0.9962365647348501
12,7,148986,backward,w,deg,58633,58633.0,0.0,0.5362979448630085,4.150138235290737,-8.515719483307908,5.637994628475008,14.153714111782916,-15.060907291878209,8.68799314564032,23.74890043751853,-0.6984286232120414,12.835350148403894,19.380537956974194,27.659499577858405,0.9973804222343559
12,8,34269,backward,w,deg,8286,8286.0,0.0,-2.120137516874692,6.400504445059457,-7.664369822749478,11.717474229254407,19.381844052003885,-33.55715271224025,14.551703413384985,48.10885612562524,0.20651829835609714,16.434353067319933,29.000949288644733,205.1267584811542,0.9937849082094182
12,9,88967,backward,w,deg,9857,9857.0,0.0,-1.6910760763324788,10.202543315224098,-12.828465850328012,20.7024210663306,33.530886916658616,-13.845121570185256,26.080713194442865,39.92583476462812,0.7136142242732052,18.954193382588727,24.33248551070099,193.9705806414271,0.9842592016864607
12,10,75698,backward,w,deg,13756,13756.0,0.0,-0.2429488037820846,5.085766843002599,-7.272624202623518,8.634704798353539,15.907329000977057,-27.67595162701187,18.24055035393073,45.9165019809426,0.24702970836075924,11.001547430131168,25.443714741264188,201.27176306336887,0.9960707714044881
12,11,34081,backward,w,deg,3082,3082.0,0.0,-1.498893549510342,8.745400961387107,-7.160323819869838,19.869473139541174,27.029796959411012,-26.80633634167026,21.96987634295499,48.77621268462525,0.7281025965408379,23.344185216761637,25.444458027847276,198.2587419936692,0.9884494691356975
12,0,181750,forward,eps,km^2/s^2,47919,47919.0,0.0,-0.12842604840914307,0.0414587127087096,-0.19800995439060717,-0.0725690944837231,0.12544085990688408,-0.2587671268542854,-0.05885393284037144,0.19991319401391394,-0.31676229022433483,0.07330752280575556,0.13406469526943376,nan,nan
12,1,161219,forward,eps,km^2/s^2,2228,2228.0,0.0,-0.25777456531500376,0.3551349094076308,-0.9660024579208801,-0.11594683812093151,0.8500556197999486,-1.0205829238249695,-0.04380055913553149,0.976782364689438,-0.045463555828167974,0.8291958193494519,0.8837762852535412,nan,nan
12,2,29632,forward,eps,km^2/s^2,4602,4602.0,0.0,-0.21378318270619057,0.3523751538530331,-0.884855287700216,-0.05201265263740393,0.8328426350628121,-1.0194952570673936,-0.04389160369217371,0.9756036533752199,-0.11441114932739356,0.7160651005538743,0.8507050699210519,nan,nan
12,3,18261,forward,eps,km^2/s^2,17002,17002.0,0.0,-0.9581040158116451,0.0370586993143972,-1.0005003467767535,-0.8857146769452874,0.1147856698314661,-1.0085644016778017,-0.8702924762423527,0.13827192543544897,0.40937263327372114,0.06456454106368312,0.0799867417666178,nan,nan
12,4,215659,forward,eps,km^2/s^2,8885,8885.0,0.0,-0.8437941595600622,0.04301255365697904,-0.9623684063922292,-0.8129677227450961,0.1494006836471331,-1.020820045950525,-0.8067544423545633,0.21406560359596172,-1.3493074860096403,0.13204020547591255,0.19049184503420835,nan,nan
12,5,50510,forward,eps,km^2/s^2,9933,9933.0,0.0,-0.23578344838185028,0.12434279796121321,-0.25623490475658045,-0.2131936905283218,0.043041214228258656,-0.9814862737065534,-0.1794033694680277,0.8020829042385257,-5.102953918681833,0.03226980956510343,0.7396236244848516,nan,nan
12,6,167815,forward,eps,km^2/s^2,9875,9875.0,0.0,-0.17698952446217664,0.08755596924010803,-0.25225865799730746,-0.11141751770102469,0.14084114029628275,-1.0208075341283356,-0.08068624140030978,0.9401212927280258,-6.819552096024478,0.07567734348003531,0.8344611964063312,nan,nan
12,7,148986,forward,eps,km^2/s^2,58633,58633.0,0.0,-0.9015860081183389,0.039729759931427286,-0.962068402847595,-0.840363637203289,0.12170476564430599,-0.9809766924051869,-0.8071892914486543,0.17378740095653267,0.10906646892682913,0.0758772829632591,0.09270741361119916,nan,nan
12,8,34269,forward,eps,km^2/s^2,8286,8286.0,0.0,-0.17567308479450394,0.1151181612510425,-0.2124574608593276,-0.12596027798232431,0.08649718287700328,-0.980072690387873,-0.05255469561476134,0.9275179947731117,-5.562309690378664,0.06049118061992004,0.8138576987213396,nan,nan
12,9,88967,forward,eps,km^2/s^2,9857,9857.0,0.0,-0.8908402796286299,0.03613783548129976,-0.9697999966072054,-0.853035505475819,0.11676449113138643,-0.9853012221195793,-0.8124351423138624,0.1728660798057169,-0.6288927259151191,0.06774889528712857,0.09100424442497435,nan,nan
12,10,75698,forward,eps,km^2/s^2,13756,13756.0,0.0,-0.19862750992615447,0.06562802020886822,-0.22960684520759228,-0.12851857321560006,0.10108827199199222,-0.856541275200087,-0.11815122666057387,0.7383900485395132,-7.012247243226037,0.07123084724435913,0.6579231093228757,nan,nan
12,11,34081,forward,eps,km^2/s^2,3082,3082.0,0.0,-0.8972888024397245,0.047701572277162006,-0.9764116269696068,-0.8211534494845152,0.15525817748509163,-1.0206562915180895,-0.8063625597697947,0.2142937317482948,-0.03865490005206161,0.09995566436090354,0.11372075847234886,nan,nan
12,0,181750,forward,e,-,47919,47919.0,0.0,0.6928889458574065,0.1016260037398531,0.5206374271654178,0.827016068578193,0.30637864141277515,0.35504056762874453,0.8597500074356198,0.5047094398068752,-0.3723043354308024,0.18145853437340945,0.3470553939100827,nan,nan
12,1,161219,forward,e,-,2228,2228.0,0.0,0.4725479135502079,0.16108245011398273,0.22634430781325968,0.7229138503302246,0.49656954251696495,0.1698141830836259,0.8956399397956282,0.7258257567120023,0.3124564211070569,0.44609570167742485,0.5026258264070587,nan,nan
12,2,29632,forward,e,-,4602,4602.0,0.0,0.48229046699431755,0.23276937660203392,0.19273344372181817,0.8761006066512114,0.6833671629293931,0.16971236327555636,0.8954250633070769,0.7257127000315206,0.31792409979717823,0.4007296038333499,0.4237506842796117,nan,nan
12,3,18261,forward,e,-,17002,17002.0,0.0,0.4824432036395456,0.05984464675972911,0.35909679332705746,0.5449630402774397,0.18586624695038223,0.3288583836429478,0.5562090261526239,0.22735064250967613,-0.5273413819299919,0.11106946839678508,0.1413078780808948,nan,nan
12,4,215659,forward,e,-,8885,8885.0,0.0,0.2727643714713941,0.08447348604949938,0.1902700532272212,0.4891376152110949,0.29886756198387365,0.17001816509090778,0.572955757279698,0.4029375921887903,0.993346501829232,0.2496449994002381,0.33346314146884126,nan,nan
12,5,50510,forward,e,-,9933,9933.0,0.0,0.4216854600385025,0.03554639515889716,0.36835985851583425,0.48348060564773215,0.1151207471318979,0.2579132410817341,0.5683027053784545,0.31038946429672043,0.026748701322023456,0.08080445844307817,0.16417121023810216,nan,nan
12,6,167815,forward,e,-,9875,9875.0,0.0,0.5735717998206744,0.1051561270596584,0.3822230503592512,0.7338292644042487,0.3516062140449975,0.17006665311222163,0.8077703538979858,0.6377037007857642,-0.3130299137508536,0.18923886242706225,0.37998333816793645,nan,nan
12,7,148986,forward,e,-,58633,58633.0,0.0,0.389275006191193,0.07407131309860006,0.2644640069634505,0.48881104317987695,0.22434703621642643,0.17140178779317194,0.5165534965409148,0.3451517087477428,-0.37979762037889914,0.13156166621959636,0.1934504146156968,nan,nan
12,8,34269,forward,e,-,8286,8286.0,0.0,0.5766297149219988,0.08031676869318675,0.4860647569305593,0.699182959720134,0.21311820278957472,0.17717376521115666,0.8748127352125873,0.6976389700014306,-0.9644256878062019,0.1377569641717138,0.4227700311537965,nan,nan
12,9,88967,forward,e,-,9857,9857.0,0.0,0.36913607618671895,0.06450428501491995,0.29292290379234426,0.5005195972282264,0.2075966934358821,0.18982757206028292,0.5233191431124038,0.3334915710521209,0.43330947568146116,0.11364979998160782,0.20227827955954306,nan,nan
12,10,75698,forward,e,-,13756,13756.0,0.0,0.5188066050123075,0.0884976059821622,0.4375779438950273,0.6924705410465889,0.2548925971515616,0.1746998002167244,0.7175698908386217,0.5428700906218973,0.16178764287322267,0.1765385091511121,0.3439848559017302,nan,nan
12,11,34081,forward,e,-,3082,3082.0,0.0,0.3815996288241017,0.08938614174774868,0.21254802743786455,0.5103505182606282,0.2978024908227636,0.16857236846964585,0.572716237374,0.40414386890435416,-0.30422025369400957,0.20858698648231003,0.2525626454505288,nan,nan
12,0,181750,forward,w,deg,47919,47919.0,0.0,-4.270992359577775,20.4765126377789,-23.694498726317043,41.682506383167315,65.37700510948436,-25.47867810904293,91.35373496419237,116.8324130732353,0.9934081712727232,41.622321226339345,91.2935498073644,176.35512223067764,0.9385160579194936
12,1,161219,forward,w,deg,2228,2228.0,0.0,15.427697472105905,86.18200813336551,-109.71013483439523,148.1469918899888,257.85712672438405,-179.14198564026447,178.55618663845587,357.69817227872034,0.09185929225131124,172.3453529625956,179.90201184467077,100.28525235049675,0.19111413740709096
12,2,29632,forward,w,deg,4602,4602.0,0.0,26.175517550210657,77.59435527443706,-98.63312844572195,108.21470136154659,206.84782980726854,-179.80684024814298,179.98333908914304,359.790179337286,0.003615559851998113,173.8251472093235,179.91774764896235,233.57076812240518,0.2962492588166879
12,3,18261,forward,w,deg,17002,17002.0,0.0,-1.6176576056362535,9.95769832167489,-12.155815244560916,17.228982930205003,29.38479817476592,-13.416233940102586,49.75051920931975,63.166753149422334,1.3689790189809157,23.521600672695282,56.04313695181003,302.82572609097946,0.9851234645178998
12,4,215659,forward,w,deg,8885,8885.0,0.0,-9.758000619137817,36.57847433923068,-42.07513185983448,68.50582468832643,110.58095654816091,-56.42886736285482,104.14373540364699,160.5726027665018,0.6139222445354408,78.84244504683694,114.48035576215756,77.56880287838574,0.8109146707295455
12,5,50510,forward,w,deg,9933,9933.0,0.0,-2.6286056837228102,36.022584209795426,-28.594099232090933,49.968399788123804,78.56249902021474,-179.64144592405682,179.318801355429,358.9602472794858,1.2117313641493723,58.09839209255747,179.77537431701083,195.15462203587774,0.8710137202742699
12,6,167815,forward,w,deg,9875,9875.0,0.0,-1.7511636408517006,30.230869737607858,-47.247837346452755,46.422712928151114,93.67055027460387,-179.7697055070434,85.80228509374302,265.5719906007864,-1.0782236709299682,58.471906464779366,171.51111335845803,282.36966397785704,0.8835378574268392
12,7,148986,forward,w,deg,58633,58633.0,0.0,-2.8170872095013806,16.93069569163172,-19.863624247720736,30.306133641473608,50.169757889194344,-21.54642932479726,103.81312198859257,125.35955131338983,1.3795496968237064,50.68584447084376,124.19283281796277,12.033523716459708,0.9582422010091353
12,8,34269,forward,w,deg,8286,8286.0,0.0,-11.958910224066031,40.655320322811086,-37.09725427579666,59.47222467132127,96.56947894711793,-179.80481762287025,179.8215466326485,359.62636425551875,0.7328607873631532,65.02812419691439,179.94609428630724,200.09220961812954,0.7986459486383222
12,9,88967,forward,w,deg,9857,9857.0,0.0,-3.133980629128871,19.60842058165611,-22.7708267858201,39.35586217152063,62.126688957340725,-24.24416185217183,83.55727907377297,107.8014409259448,0.8834893128618758,42.857662494487144,87.05907939673949,313.6914619010013,0.9433358513804424
12,10,75698,forward,w,deg,13756,13756.0,0.0,-3.95252533070132,26.22490225822269,-27.052944750476023,43.078747008256705,70.13169175873273,-179.64875501628075,179.9142885352394,359.56304355152014,1.2249326270840277,51.87724817947688,178.91796468344546,190.8222451897549,0.912685323401241
12,11,34081,forward,w,deg,3082,3082.0,0.0,1.7016372798538981,31.291694110766045,-66.12057356153149,45.274894740345495,111.39546830187697,-82.40643686160485,112.06086932207148,194.46730618367633,-0.5657211642253283,68.13685957402414,117.4498141704841,44.28442697351038,0.863310792126853
14,0,181750,backward,eps,km^2/s^2,47927,47927.0,0.0,-0.12687100848309396,0.03958548609989342,-0.19513829542350994,-0.07214376600652826,0.12299452941698168,-0.23188559099245654,-0.058817793307683885,0.17306779768477265,-0.20090413507106514,0.06673051088928099,0.10018995289403498,nan,nan
14,1,21408,backward,eps,km^2/s^2,3508,3508.0,0.0,-0.8431416795420051,0.047388590388232836,-0.9708450289599789,-0.8239996482136098,0.1468453807463691,-1.020836128343177,-0.8067739194775032,0.21406220886567384,-1.0590736794717246,0.13893763529064268,0.18892873467384086,nan,nan
14,2,23147,backward,eps,km^2/s^2,2313,2313.0,0.0,-0.826361100719134,0.03906225562370842,-0.9471070991238125,-0.8113596369135816,0.13574746221023093,-1.020754723273971,-0.806208472304013,0.21454625096995805,-2.405081035035825,0.12396667306089697,0.1976142972110554,nan,nan
14,3,18261,backward,eps,km^2/s^2,17002,17002.0,0.0,-0.9043494745306471,0.03932473387001867,-0.9826920323660695,-0.8569637564438795,0.12572827592219005,-0.9913826165166824,-0.8455281706683686,0.14585444584831375,-0.3915717608327568,0.06773532848744436,0.07587795783810658,nan,nan
14,4,91614,backward,eps,km^2/s^2,6762,6762.0,0.0,-0.16284897914388063,0.05442891387131448,-0.24150459154321022,-0.05191312059486146,0.18959147094834877,-0.2582250091029896,-0.04391779137377705,0.21430721772921257,0.3625503234805682,0.12422529089374619,0.1322206201148306,nan,nan
14,5,47096,backward,eps,km^2/s^2,7989,7989.0,0.0,-0.8629924062956539,0.02536159232771608,-0.9011255130295835,-0.8141895890023771,0.0869359240272064,-0.9412522397006342,-0.8066103600792471,0.13464187962138707,0.21248822015742658,0.05016196282880262,0.07776794111917051,nan,nan
14,6,168099,backward,eps,km^2/s^2,9791,9791.0,0.0,-0.18675988594356263,0.04465001120529623,-0.25536014143054137,-0.11243544383359744,0.14292469759694393,-0.2593276385082858,-0.05818313654169116,0.2011445019665946,0.0032065133396190185,0.08014535526381655,0.13439766255572283,nan,nan
14,7,212888,backward,eps,km^2/s^2,33997,33997.0,0.0,-0.22573430954609386,0.028580998506217245,-0.25077980452928617,-0.15904856516096394,0.09173123936832223,-0.25819055416029335,-0.11804942548627029,0.14014112867402306,0.9304321021048729,0.06399222456463433,0.10499136423932798,nan,nan
14,8,20330,backward,eps,km^2/s^2,8785,8785.0,0.0,-0.8694265310764981,0.0224411097462972,-0.9035036407093833,-0.8372130719807831,0.06629056872860017,-0.9143084137733086,-0.8064508012302118,0.10785761254309678,0.23661004534913652,0.06206958387728902,0.07287435694121436,nan,nan
14,9,88967,backward,eps,km^2/s^2,9827,9827.0,0.0,-0.9787832408794249,0.037694920671761376,-1.0032067519864347,-0.887882100856361,0.11532465113007373,-1.0086547271271056,-0.8067522515618202,0.2019024755652854,1.5129843729682888,0.10456450302492996,0.18569435231947073,nan,nan
14,10,76092,backward,eps,km^2/s^2,14108,14108.0,0.0,-0.937499085836466,0.019767131300331413,-0.968039863177371,-0.9082755455909549,0.059764317586416094,-1.0207392989867343,-0.8376237800441377,0.1831155189425966,0.3570797447149211,0.05027323454333281,0.120879872353991,nan,nan
14,11,33850,backward,eps,km^2/s^2,3003,3003.0,0.0,-0.9059362300099925,0.04686795442221277,-0.9771973918384461,-0.8305316376328127,0.14666575420563344,-1.0207437552380227,-0.8063623697289342,0.21438138550908858,0.11139108787745103,0.07603786560478663,0.11480752522803028,nan,nan
14,12,164683,backward,eps,km^2/s^2,1908,1908.0,0.0,-0.19141670923902798,0.10135541818907358,-0.25690084861222034,-0.11436062292840193,0.1425402256838184,-1.0176690233481307,-0.04380722131250103,0.9738618020356297,-5.444644661484589,0.08582404413669509,0.8239170557409793,nan,nan
14,13,140919,backward,eps,km^2/s^2,27138,27138.0,0.0,-0.18557475423345976,0.032896754201024,-0.2274106112012705,-0.12944530771605928,0.09796530348521124,-0.24666042427620471,-0.11872546078199386,0.12793496349421085,0.19801224408931847,0.06108521288348306,0.07180505981754848,nan,nan
14,0,181750,backward,e,-,47927,47927.0,0.0,0.6965929816433682,0.0965783056342793,0.5278480430066952,0.8280365818820297,0.3001885388753345,0.4303047440421292,0.8598376401626954,0.42953289612056617,-0.23202504358796577,0.1630708758040114,0.25488046026411465,nan,nan
14,1,21408,backward,e,-,3508,3508.0,0.0,0.27133620007403825,0.09063702224148684,0.22333199344121218,0.5019311416720544,0.27859914823084225,0.17004250047813105,0.5729713754320799,0.4029288749539488,0.8414738261142306,0.2582078041439652,0.3292480379039906,nan,nan
14,2,23147,backward,e,-,2313,2313.0,0.0,0.2291911821961681,0.07914985610957938,0.185084636616153,0.4655298445578674,0.2804452079417144,0.16819393098549065,0.5728758045889726,0.40468187360348196,2.035910315893557,0.24468604927397652,0.3520320093050817,nan,nan
14,3,18261,backward,e,-,17002,17002.0,0.0,0.3934481494648829,0.06820765589164389,0.30137406538567224,0.5194319989899862,0.2180579336043139,0.2759808255270147,0.5320537516304692,0.2560729261034545,0.23485694404921967,0.1150830809773126,0.13707287653760747,nan,nan
14,4,91614,backward,e,-,6762,6762.0,0.0,0.6089228115604173,0.13489164427939074,0.40431116010355667,0.8763300143964446,0.472018854292888,0.3566637372686819,0.8953605839444655,0.5386968466757835,0.28303554547381965,0.30117011502390106,0.32020068457192186,nan,nan
14,5,47096,backward,e,-,7989,7989.0,0.0,0.31512930824860536,0.0558130150318954,0.19449682435166574,0.38850077584058457,0.19400395148891883,0.16951885238982295,0.4560854315612715,0.28656657917144857,-0.5325435253725523,0.12252042982466511,0.14665941356448187,nan,nan
14,6,168099,backward,e,-,9791,9791.0,0.0,0.5491107943586229,0.11359082599035103,0.3648648127655927,0.731388123666394,0.36652331090080137,0.35333869863390605,0.8614117627195158,0.5080730640856097,-0.07995405509138852,0.19711209187878231,0.32713573093190407,nan,nan
14,7,212888,backward,e,-,33997,33997.0,0.0,0.4479044647949377,0.07439337913422858,0.37841568299630746,0.6177715655077203,0.23935588251141282,0.35674926462937173,0.7178105754287298,0.3610613107993581,0.8482686792257854,0.1620491673665145,0.2620881772875241,nan,nan
14,8,20330,backward,e,-,8785,8785.0,0.0,0.32826608468192436,0.047121224191715806,0.2567236044730875,0.3926179549258339,0.1358943504527464,0.16900746521572002,0.4112259775205007,0.2422185123047807,-0.5428066896734324,0.12576411034278506,0.14437213293745188,nan,nan
14,9,88967,backward,e,-,9827,9827.0,0.0,0.513738063580505,0.06270167888429873,0.3640765686958251,0.5487519422500348,0.18467537355420965,0.17026709740166077,0.5563450703171937,0.3860779729155329,-1.8733716235564404,0.16956626891625623,0.36337574021042063,nan,nan
14,10,76092,backward,e,-,14108,14108.0,0.0,0.45027713248144113,0.03251899594609723,0.40117632612850407,0.49782128694017,0.09664496081166596,0.258880349837726,0.57285141266025,0.31397106282252396,-0.6459159535744047,0.08221944691540944,0.22448935376317808,nan,nan
14,11,33850,backward,e,-,3003,3003.0,0.0,0.39686709597750086,0.08674568369162991,0.24029848606327417,0.5114912187332219,0.2711927326699477,0.1685914010438332,0.5728380058839121,0.4042466048400789,-0.43109101767292013,0.157587801202147,0.22806644336639437,nan,nan
14,12,164683,backward,e,-,1908,1908.0,0.0,0.5374071439434086,0.11978102693672042,0.36331513532313525,0.7267612438667632,0.36344610854362797,0.17669300373752553,0.8956261106421681,0.7189331069046426,0.18916142859626472,0.19722207810634604,0.3643811925698538,nan,nan
14,13,140919,backward,e,-,27138,27138.0,0.0,0.5517436701840048,0.08284910788084857,0.4433600100939076,0.690249606487396,0.2468895963934884,0.38958138560541716,0.7161736159758938,0.32659223037047663,0.16539681587945787,0.1510626602397741,0.17698666972827193,nan,nan
14,0,181750,backward,w,deg,47927,47927.0,0.0,-0.7772346796369618,4.865489794305726,-6.098949818789208,11.388500526398895,17.4874503451881,-7.644742781752541,15.924065592642762,23.568808374395303,1.2644989739232408,16.73298606708024,21.26855113332411,20.925158572090293,0.9964043959645721
14,1,21408,backward,w,deg,3508,3508.0,0.0,3.4058428092813244,9.767323564277662,-13.520644491764529,12.612874132158733,26.133518623923262,-34.325000915745136,14.530079639810651,48.85508055555579,-0.9383291357138016,14.729974123212553,33.033703853516926,205.8245622807616,0.9856091711249941
14,2,23147,backward,w,deg,2313,2313.0,0.0,1.8886003533028486,8.302404518509016,-15.179382626021203,13.109728058344253,28.289110684365454,-32.19086584720321,16.25201880270592,48.44288464990913,-1.0126467916513984,19.74967113313215,36.76115435431416,203.68761389427172,0.989589452947676
14,3,18261,backward,w,deg,17002,17002.0,0.0,-0.3874731587799687,4.496987739928353,-6.381412538424179,7.0072953117045005,13.388707850128679,-8.192645795535554,22.297093945083788,30.489739740619342,0.9813064494653917,8.842596316373834,24.13239494975312,189.44927366172692,0.9969280923419861
14,4,91614,backward,w,deg,6762,6762.0,0.0,1.4566933834748141,7.119872354872912,-9.52180843103499,13.873064658897096,23.394873089932087,-10.033567701771972,16.41446156646157,26.44802926823354,0.2984080584762054,22.102178682562986,22.613937953299967,20.648674403078804,0.9922997970688988
14,5,47096,backward,w,deg,7989,7989.0,0.0,0.9561896109393899,8.19018406651254,-16.41269078063782,10.949039829292808,27.36173060993063,-35.473193770699595,13.001839143204563,48.47503291390416,-2.337014402601984,19.167911951107683,38.22841494116955,207.01899536580225,0.9899613329777601
14,6,168099,backward,w,deg,9791,9791.0,0.0,-1.1292615184698889,4.949707899615035,-6.2100794007471904,10.490823343339414,16.700902744086605,-15.239501864335097,11.111994159423062,26.35149602375816,0.8270959821557585,10.691819762413331,15.113083643274706,25.82717367819488,0.9962760473660563
14,7,212888,backward,w,deg,33997,33997.0,0.0,1.4268545078311092,5.453056635993709,-9.71179777900935,7.414041414553081,17.12583919356243,-15.345500862625983,8.9676122816266,24.313113144252583,-0.4781341681068913,13.710967536518261,15.264538403591786,27.38324629059362,0.9954781804935666
14,8,20330,backward,w,deg,8785,8785.0,0.0,-1.5996295424883158,5.66246578598066,-6.679089672040822,9.523706275574982,16.202795947615805,-31.984110801742133,14.56662326026651,46.550734062008644,0.45051324811023824,13.937420064132679,28.33375142258589,205.0945661908565,0.9951311528558316
14,9,88967,backward,w,deg,9827,9827.0,0.0,-1.7185586159697834,10.2081712725698,-12.81080166456476,20.71544054053473,33.52624220509949,-13.827424526040971,26.09841023858715,39.92583476462812,0.7163621974416079,18.94951581264857,24.33248551070099,193.9528835972828,0.9842419776784692
14,10,76092,backward,w,deg,14108,14108.0,0.0,-0.34167344729213767,5.140511232890338,-7.216545803001267,8.783375092003968,15.999920895005236,-28.036955487454264,18.27271148474091,46.309666972195174,0.2790543574966375,11.095189365750395,25.842701388920034,201.2366234387062,0.9959859439017599
14,11,33850,backward,w,deg,3003,3003.0,0.0,-1.5556687389213266,8.81119511321,-7.020497035468011,20.266056073066736,27.286553108534747,-26.66661843322359,22.10959425140166,48.77621268462525,0.7846945995923476,23.525126401464764,25.066183449661736,198.11902408522252,0.9882792465478552
14,12,164683,backward,w,deg,1908,1908.0,0.0,-0.8555385044042794,21.66419114957056,-7.951378120011493,10.294564217179687,18.24594233719118,-178.92106418570313,175.49777614349057,354.4188403291937,3.877050056756788,10.63148250753638,179.42164629233395,25.92010545036909,0.964611445385527
14,13,140919,backward,w,deg,27138,27138.0,0.0,0.06265785200191942,2.1717257726520054,-3.626583630270052,3.322278156748423,6.948861787018474,-14.48874478630944,7.4986364134187795,21.98738119972822,-0.29336942752062645,5.229885570810876,16.05460514632341,27.8988201037044,0.9992819844422152
14,0,181750,forward,eps,km^2/s^2,47927,47927.0,0.0,-0.12844012645255665,0.04228946405432182,-0.19805879190862974,-0.07257060039177274,0.125488191516857,-0.8267214821822352,-0.05885393284037144,0.7678675493418637,-0.9249104042328348,0.07335636032377814,0.7020190505973836,nan,nan
14,1,21408,forward,eps,km^2/s^2,3508,3508.0,0.0,-0.14280670396871636,0.20080594872133156,-0.8383788564397118,-0.04954368961367361,0.7888351668260382,-0.9518524205414443,-0.043981079635574294,0.90787134090587,-2.8286078421115826,0.7592778903754657,0.8727514544771986,nan,nan
14,2,23147,forward,eps,km^2/s^2,2313,2313.0,0.0,-0.824715156798348,0.23122261289874949,-0.9293949212151492,-0.15818579945861433,0.7712091217565349,-1.020440955040417,-0.04389160369217371,0.9765493513482433,2.07108307174977,0.6680839950526811,0.7823781908191217,nan,nan
14,3,18261,forward,eps,km^2/s^2,17002,17002.0,0.0,-0.9581040158116451,0.0370586993143972,-1.0005003467767535,-0.8857146769452874,0.1147856698314661,-1.0085644016778017,-0.8702924762423527,0.13827192543544897,0.40937263327372114,0.06456454106368312,0.0799867417666178,nan,nan
14,4,91614,forward,eps,km^2/s^2,6762,6762.0,0.0,-0.8449926762132579,0.0455812822019586,-0.9680299138287864,-0.8172055626262098,0.15082435120257665,-1.020820045950525,-0.8067544423545633,0.21406560359596172,-1.1896717660138811,0.08771402686180982,0.11795619244357569,nan,nan
14,5,47096,forward,eps,km^2/s^2,7989,7989.0,0.0,-0.23803813327982315,0.09121388771486319,-0.2554764725183348,-0.2228413274873033,0.03263514503103149,-0.9814862737065534,-0.17838282572151665,0.8031034479850367,-7.003244732066782,0.022290844107421964,0.738452982232019,nan,nan
14,6,168099,forward,eps,km^2/s^2,9791,9791.0,0.0,-0.17595511827369537,0.06615399133472441,-0.25060094663701826,-0.11135696766442993,0.13924397897258833,-1.0203921731849346,-0.06780546489835193,0.9525867082865827,-6.413294709714679,0.07558532672418555,0.8338794434277235,nan,nan
14,7,212888,forward,eps,km^2/s^2,33997,33997.0,0.0,-0.8692912309514361,0.031277790056832684,-0.9313076729657289,-0.8240576361494029,0.10725003681632606,-1.0208111579248749,-0.8071000864686817,0.21371107145619317,-0.5450991406825748,0.07488119516771946,0.12402392492292802,nan,nan
14,8,20330,forward,eps,km^2/s^2,8785,8785.0,0.0,-0.19129758043624234,0.1448650147746855,-0.2254075751630273,-0.1487060654265696,0.0767015097364577,-0.9807716408007237,-0.1277500247015778,0.8530216160991458,-4.490425331411816,0.0623789018426326,0.7773513108025634,nan,nan
14,9,88967,forward,eps,km^2/s^2,9827,9827.0,0.0,-0.8907397534031848,0.036153288739753216,-0.9696854649686306,-0.8529556154377116,0.11672984953091903,-0.9853012221195793,-0.8124351423138624,0.1728660798057169,-0.6285488358575716,0.06772563840204292,0.09100424442497435,nan,nan
14,10,76092,forward,eps,km^2/s^2,14108,14108.0,0.0,-0.19781293553021506,0.06933732990957105,-0.22985726485967686,-0.12865328369706425,0.10120398116261262,-0.856541275200087,-0.11815122666057387,0.7383900485395132,-6.837522841449089,0.07058758341931569,0.6587287538614275,nan,nan
14,11,33850,forward,eps,km^2/s^2,3003,3003.0,0.0,-0.898879666122988,0.047590658675925455,-0.9765043217845689,-0.8217675495533222,0.1547367722312467,-1.0206562915180895,-0.8063625597697947,0.2142937317482948,-0.0038385008282389157,0.10010690063773185,0.11551189042125942,nan,nan
14,12,164683,forward,eps,km^2/s^2,1908,1908.0,0.0,-0.21277719669381429,0.34254284208788144,-0.9470690349368913,-0.11577993706286341,0.8312890978740279,-1.0205829238249695,-0.04380055913553149,0.976782364689438,-0.4542239471462854,0.7442107407284733,0.8177246296165515,nan,nan
14,13,140919,forward,eps,km^2/s^2,27138,27138.0,0.0,-0.9341567153971281,0.02399932912464561,-0.9671044491531804,-0.8915355843420164,0.07556886481116398,-0.9750473144925218,-0.8092117788852258,0.16583553560729603,0.48632531896957854,0.04146463519150474,0.1203978879843226,nan,nan
14,0,181750,forward,e,-,47927,47927.0,0.0,0.6928397790875286,0.10178434351575623,0.5205739846777044,0.8270142009691592,0.3064402162914548,0.20805341990197607,0.8597500074356198,0.6516965875336438,-0.38267013759076807,0.1815219768611228,0.4940425416368512,nan,nan
14,1,21408,forward,e,-,3508,3508.0,0.0,0.6582125561895973,0.1569575739233635,0.33185740773505873,0.8819618471281545,0.5501044393930958,0.16987312589813894,0.8952125964134294,0.7253394705152905,-0.5324015997003279,0.4796917450824316,0.6416760269193514,nan,nan
14,2,23147,forward,e,-,2313,2313.0,0.0,0.23281569394116947,0.14266160118202384,0.18891115047659326,0.6201217142299396,0.4312105637533463,0.16971236327555636,0.8954250633070769,0.7257127000315206,1.8271779821401595,0.3913725446960914,0.6666758937732288,nan,nan
14,3,18261,forward,e,-,17002,17002.0,0.0,0.4824432036395456,0.05984464675972911,0.35909679332705746,0.5449630402774397,0.18586624695038223,0.3288583836429478,0.5562090261526239,0.22735064250967613,-0.5273413819299919,0.11106946839678508,0.1413078780808948,nan,nan
14,4,91614,forward,e,-,6762,6762.0,0.0,0.27569293568425124,0.08807420629803586,0.20338451611637975,0.4974409887425238,0.29405647262614404,0.17001816509090778,0.572955757279698,0.4029375921887903,0.9059486445104608,0.18853786120094057,0.2219042122264126,nan,nan
14,5,47096,forward,e,-,7989,7989.0,0.0,0.41486317361706854,0.029465515577083098,0.3669164594909854,0.457497759462358,0.0905812999713726,0.2579132410817341,0.5708567850164614,0.31294354393472734,0.021655376468545543,0.05818731258568574,0.16998642343926812,nan,nan
14,6,168099,forward,e,-,9791,9791.0,0.0,0.576094529432728,0.10589705807204498,0.38015068397346763,0.7339714026770394,0.3538207187035718,0.17006665311222163,0.8384885339059525,0.6684218807937308,-0.3475383686621094,0.1898397438850835,0.37956385543827137,nan,nan
14,7,212888,forward,e,-,33997,33997.0,0.0,0.3279753882497264,0.06284618524766238,0.2231409912823438,0.4402334311134247,0.21709243983108092,0.17112378451425372,0.5729437428642237,0.40181995834997,0.07678393015325236,0.15921014611907636,0.209687592732238,nan,nan
14,8,20330,forward,e,-,8785,8785.0,0.0,0.5374469072761041,0.0698304291430983,0.45339490702594615,0.6432446202981076,0.18984971327216144,0.17717376521115666,0.6943948676297711,0.5172211024186144,-0.9722247541651443,0.1429412523319772,0.32876941278269456,nan,nan
14,9,88967,forward,e,-,9827,9827.0,0.0,0.3690157902726238,0.0645396499933008,0.29285358410858586,0.5003409267000641,0.20748734259147827,0.18982757206028292,0.5233191431124038,0.3334915710521209,0.43297455706927657,0.11398418896939137,0.20227827955954306,nan,nan
14,10,76092,forward,e,-,14108,14108.0,0.0,0.5208389994865743,0.08982408684551844,0.4368544300845082,0.6921505512119666,0.25529612112745836,0.17015982740479887,0.7175698908386217,0.5474100634338228,0.072102482788457,0.17482556384681,0.35058822043325744,nan,nan
14,11,33850,forward,e,-,3003,3003.0,0.0,0.38437330853509016,0.0890384092498035,0.21425004809883744,0.51047318731859,0.29622313921975263,0.16857236846964585,0.572716237374,0.40414386890435416,-0.3368429681393297,0.20991386740884901,0.2555915470380406,nan,nan
14,12,164683,forward,e,-,1908,1908.0,0.0,0.48715124660950015,0.16056195200438486,0.22584926543508077,0.7233155451617783,0.49746627972669755,0.1698141830836259,0.8956399397956282,0.7258257567120023,0.1597651934661624,0.29117807722102973,0.3876629836824631,nan,nan
14,13,140919,forward,e,-,27138,27138.0,0.0,0.4448276853128627,0.04056040785739481,0.3708545505399958,0.4964289864053565,0.1255744358653607,0.17896209033512667,0.5083076614849963,0.3293455711498696,-0.8284307884363682,0.06830086391529835,0.2583454530362816,nan,nan
14,0,181750,forward,w,deg,47927,47927.0,0.0,-4.272979640377088,20.54219365836056,-23.694305720718454,41.69294237634525,65.3872480970637,-135.12150322144123,91.35883098901002,226.48033421045125,0.9484788471687428,41.67306142367602,135.18678440308682,176.35002620586002,0.9382578905449327
14,1,21408,forward,w,deg,3508,3508.0,0.0,-3.8886604289414493,51.77216893753315,-39.99424520765531,73.05476757507634,113.04901278273165,-179.6729506825269,179.76246898107036,359.43541966359726,0.08486898948783597,146.0325075795869,179.81509455565794,280.82023374205505,0.739857587880447
14,2,23147,forward,w,deg,2313,2313.0,0.0,-2.1394907317132663,52.145576370856425,-106.5055891885505,117.25383095925966,223.75942014781015,-179.95007094609048,179.21359225884623,359.1636632049367,0.08657281410067019,128.01002835031656,179.44460259803316,160.39540805296238,0.7213873171959251
14,3,18261,forward,w,deg,17002,17002.0,0.0,-1.6176576056362535,9.95769832167489,-12.155815244560916,17.228982930205003,29.38479817476592,-13.416233940102586,49.75051920931975,63.166753149422334,1.3689790189809157,23.521600672695282,56.04313695181003,302.82572609097946,0.9851234645178998
14,4,91614,forward,w,deg,6762,6762.0,0.0,-6.797231708665265,39.70250379721982,-49.726540992057956,65.80089961546068,115.52744060751863,-55.27611494709289,114.17704904265128,169.45316398974416,0.32499231063557804,66.70380730783191,115.0799567350225,89.96640496100014,0.7767089489139052
14,5,47096,forward,w,deg,7989,7989.0,0.0,-2.5209826344032535,28.356860038808833,-25.864428307009653,42.38660284046117,68.25103114747083,-179.46408410672467,179.74946067150796,359.21354477823263,2.5752771045362275,43.02823583444637,179.7545159591183,197.23962832369125,0.9102485113808712
14,6,168099,forward,w,deg,9791,9791.0,0.0,-1.6686656030100266,27.737054468136325,-45.820521984230865,46.2910593230975,92.11158130732836,-173.70117188971244,159.29921439262773,333.0003862823402,0.2628492214044446,55.24460284138664,167.4921882636578,282.4644008586937,0.8944446156885365
14,7,212888,forward,w,deg,33997,33997.0,0.0,-3.9761970968954756,21.593651726520807,-23.475156365023597,43.438342519287325,66.91349888431093,-26.6660215568445,136.3980933273399,163.0641148841844,1.592425353548649,44.63270716987197,137.5924579779246,18.18501202533927,0.9341282086328725
14,8,20330,forward,w,deg,8785,8785.0,0.0,-11.145708877908021,42.36939960377995,-27.762509172557383,52.904424218852746,80.66693339141013,-179.98146810011403,179.90053363512584,359.8820017352399,0.3600191037121784,76.98391744758452,179.74444877440396,190.41769065274855,0.8149223003934069
14,9,88967,forward,w,deg,9827,9827.0,0.0,-3.16078236959072,19.514934132528726,-22.7048632350721,39.27064996656142,61.97551320163352,-24.17540862974795,80.42100223231483,104.59641086206278,0.8632405498552529,42.70369706710406,83.85404933285747,313.6227086785774,0.9438059335677395
14,10,76092,forward,w,deg,14108,14108.0,0.0,-3.9021243302348836,26.41592555024795,-26.91118346413024,42.83352057038923,69.74470403451947,-179.72939040197252,179.83365314954767,359.5630435515202,1.2493954906888816,51.42500349034865,178.77883846129728,190.9028805754467,0.91267898929876
14,11,33850,forward,w,deg,3003,3003.0,0.0,2.892227918733198,31.017041638585724,-68.84450416648926,42.759145186018436,111.60364935250769,-80.67192928420934,84.1181273117503,164.79005659595964,-0.6894493034634107,68.36775565689975,86.70176251488817,41.752605095883276,0.8651288215300261
14,12,164683,forward,w,deg,1908,1908.0,0.0,-4.727950840732177,95.24889386787177,-160.94910157589172,165.75129841412536,326.7003999900171,-179.2955401520784,179.90683527065823,359.2023754227366,-0.00332736873171851,174.19070607392652,179.98796753224485,47.69509140268706,0.19910752570605106
14,13,140919,forward,w,deg,27138,27138.0,0.0,-3.092885919114778,14.946612355041536,-16.96562743046768,26.56271483448205,43.52834226494973,-17.736652821886537,73.47534272346928,91.21199554535582,1.1024780988946785,39.53174495879794,86.44437284778519,8.223747213549037,0.9668014182169311
17,0,181750,backward,eps,km^2/s^2,47821,47821.0,0.0,-0.1268737018378312,0.039623689811428005,-0.1952508469123696,-0.0721247205423794,0.12312612636999021,-0.2309665330376297,-0.058817793307683885,0.17214873972994582,-0.20052430920772749,0.06678619558563548,0.09927089493920815,nan,nan
17,1,167825,backward,eps,km^2/s^2,1892,1892.0,0.0,-0.19342684284301903,0.04632429363708771,-0.255278164875787,-0.11455548791550799,0.140722676960279,-0.2595672674968075,-0.04380722131250103,0.21576004618430644,0.39090586140638117,0.08239965189573481,0.15314791849874176,nan,nan
17,2,22050,backward,eps,km^2/s^2,1975,1975.0,0.0,-0.8248364355901052,0.027342124206387076,-0.8784737066450209,-0.8121550094972828,0.06631869714773808,-1.020599717396067,-0.806208472304013,0.21439124509205398,-3.720754991154785,0.054186413092998646,0.1963124238440448,nan,nan
17,3,18261,backward,eps,km^2/s^2,17002,17002.0,0.0,-0.9043494745306471,0.03932473387001867,-0.9826920323660695,-0.8569637564438795,0.12572827592219005,-0.9913826165166824,-0.8455281706683686,0.14585444584831375,-0.3915717608327568,0.06773532848744436,0.07587795783810658,nan,nan
17,4,221372,backward,eps,km^2/s^2,6658,6658.0,0.0,-0.2481009757152347,0.013663969640237776,-0.25773542981424463,-0.21960927957929086,0.038126150234953776,-0.2593276385082858,-0.1394456510751223,0.11988198743316347,1.9783554057196033,0.023621128972773034,0.1037847574769416,nan,nan
17,5,33028,backward,eps,km^2/s^2,1610,1610.0,0.0,-0.8247926179520997,0.019409279913939988,-0.862720756470196,-0.8076127653554376,0.05510799111475839,-1.0207392989867343,-0.8066103600792471,0.2141289389074872,-1.4613651317056096,0.0404975771135453,0.19851611963008364,nan,nan
17,6,155078,backward,eps,km^2/s^2,8354,8354.0,0.0,-0.17268958314696153,0.0366550730360948,-0.21198181639853425,-0.11164483328101131,0.10033698311752294,-0.2546157996198031,-0.044138872659411854,0.21047692696039122,0.16168993594561423,0.06455602877574398,0.1316563704071677,nan,nan
17,7,150201,backward,eps,km^2/s^2,29552,29552.0,0.0,-0.21934884519296632,0.029015873769765593,-0.24565449492485614,-0.15524135653109503,0.09041313839376111,-0.25039704754313097,-0.11804942548627029,0.13234762205686068,0.8151006064754711,0.06738174049499539,0.10457367153982011,nan,nan
17,8,88967,backward,eps,km^2/s^2,9789,9789.0,0.0,-0.978896578206823,0.037312994722059206,-1.0032114948449748,-0.8899855013208436,0.11322599352413121,-1.0086547271271056,-0.8067522515618202,0.2019024755652854,1.5315401213791857,0.10246110256044724,0.18569435231947073,nan,nan
17,9,22966,backward,eps,km^2/s^2,12483,12483.0,0.0,-0.8708252564135432,0.02011180717308913,-0.9013909334953675,-0.8389962187720462,0.062394714723321254,-0.9100740954632947,-0.8065266032009923,0.10354749226230231,0.18471404657665938,0.0592684418254809,0.06795160379340803,nan,nan
17,10,33619,backward,eps,km^2/s^2,2966,2966.0,0.0,-0.9025506832313193,0.04684504568088642,-0.9766717341354405,-0.8245982787214956,0.1520734554139449,-1.0207437552380227,-0.8063623697289342,0.21438138550908858,0.0793155112633134,0.07861041004386266,0.1176420584134652,nan,nan
17,11,36141,backward,eps,km^2/s^2,2056,2056.0,0.0,-0.8912609608506875,0.051608559352469566,-0.9755298984003713,-0.8294920423660801,0.1460378560342912,-1.0207786020554366,-0.8155535203312436,0.20522508172419296,-0.21078327284055828,0.07802808795735006,0.11371106250473129,nan,nan
17,12,81500,backward,eps,km^2/s^2,6229,6229.0,0.0,-0.1565810575878327,0.05073303548404182,-0.2145486285589643,-0.05102113806924074,0.16352749048972356,-0.2554527872230543,-0.04391779137377705,0.21153499584927726,0.47767315100247637,0.1090674625837616,0.1161708092792253,nan,nan
17,13,142107,backward,eps,km^2/s^2,26987,26987.0,0.0,-0.18758040645320018,0.03316321928288825,-0.2279474484242887,-0.12937358838427895,0.09857386004000976,-0.23346239577112715,-0.11872546078199386,0.11473693498913329,0.24952345323172007,0.06235835117004203,0.07300647877232713,nan,nan
17,14,16000,backward,eps,km^2/s^2,363,363.0,0.0,-0.8663653210526656,0.055367876589463606,-0.9755344396141511,-0.8186912809457167,0.15684315866843435,-1.020754723273971,-0.8068393667227801,0.21391535655119098,-0.6240102235025695,0.146792027168038,0.19201231082785797,nan,nan
17,15,74518,backward,eps,km^2/s^2,13884,13884.0,0.0,-0.9378370471273207,0.01848311303549663,-0.967941571905638,-0.9087917988086023,0.05914977309703573,-1.016166401552411,-0.9005575831799184,0.1156088183724926,-0.06053292982296696,0.04953419170989658,0.0578529355971108,nan,nan
17,16,45696,backward,eps,km^2/s^2,4437,4437.0,0.0,-0.8500996374215837,0.028899313018424255,-0.9085946766398706,-0.8279367481757075,0.08065792846416309,-1.020836128343177,-0.8067739194775032,0.21406220886567384,-1.021555297002477,0.06200443444964367,0.1742458861529501,nan,nan
17,0,181750,backward,e,-,47821,47821.0,0.0,0.696586061542045,0.0966704505860044,0.5275742470514269,0.8280789147660511,0.30050466771462425,0.43280159955550856,0.8598376401626954,0.4270360406071868,-0.23145677528915734,0.16318321239119538,0.2523836047507353,nan,nan
17,1,167825,backward,e,-,1892,1892.0,0.0,0.5322159367711756,0.11736630899617845,0.36487951605509944,0.7262461716167515,0.3613666555616521,0.35264176551903914,0.8956261106421681,0.542984345123129,0.2905175233805415,0.20315929051741727,0.3725392295428339,nan,nan
17,2,22050,backward,e,-,1975,1975.0,0.0,0.22551570096414056,0.056939532776952885,0.18750878236268262,0.3466149622909992,0.15910617992831658,0.16819393098549065,0.5726383910271284,0.4044444600416378,2.9831505875977,0.12271655887379132,0.34873998760992053,nan,nan
17,3,18261,backward,e,-,17002,17002.0,0.0,0.3934481494648829,0.06820765589164389,0.30137406538567224,0.5194319989899862,0.2180579336043139,0.2759808255270147,0.5320537516304692,0.2560729261034545,0.23485694404921967,0.1150830809773126,0.13707287653760747,nan,nan
17,4,221372,backward,e,-,6658,6658.0,0.0,0.385916967717974,0.03750501846664385,0.3580588755156158,0.4643535270038285,0.10629465148821265,0.35333869863390605,0.6665649277948295,0.3132262291609234,1.816672309597231,0.06367659734966243,0.2658879981406634,nan,nan
17,5,33028,backward,e,-,1610,1610.0,0.0,0.22482363921716175,0.04847835036714141,0.17285241056855255,0.31455966696599125,0.1417072563974387,0.16943473771526985,0.57285141266025,0.4034166749449801,0.786107708011661,0.09574126909996614,0.3540330147942249,nan,nan
17,6,155078,backward,e,-,8354,8354.0,0.0,0.5842428169956129,0.09111031310583836,0.4844592107417294,0.7332875659451341,0.24882835520340474,0.36784050896072207,0.8948398682898845,0.5269993593291624,0.12326997795358292,0.15832686527555695,0.3183173092761419,nan,nan
17,7,150201,backward,e,-,29552,29552.0,0.0,0.46495175477632567,0.074971278581471,0.39312843826942934,0.6271862059159394,0.2340577676465101,0.37958676983966266,0.7178105754287298,0.3382238055890672,0.7506903316874586,0.17161751415707316,0.2622418836698636,nan,nan
17,8,88967,backward,e,-,9789,9789.0,0.0,0.513940211536716,0.06202933868247344,0.36815481961437324,0.5487932218975698,0.1806384022831966,0.17026709740166077,0.5563450703171937,0.3860779729155329,-1.9018564512568983,0.1654880179977083,0.36337574021042063,nan,nan
17,9,22966,backward,e,-,12483,12483.0,0.0,0.33099749389784283,0.041605210034494466,0.2611266443874948,0.38887029601092926,0.12774365162343448,0.16915703389195855,0.4038803510565166,0.23472331716455805,-0.41318453241228664,0.12029851505626409,0.13530857010185143,nan,nan
17,10,33619,backward,e,-,2966,2966.0,0.0,0.39081614009797466,0.08737914224506844,0.22552681919616044,0.5106781153110583,0.28515129611489787,0.1685914010438332,0.5728380058839121,0.4042466048400789,-0.41131945534991377,0.16637417798648368,0.22303579235661808,nan,nan
17,11,36141,backward,e,-,2056,2056.0,0.0,0.3700294533003695,0.09571460833129872,0.23768851870064314,0.5089838804296294,0.2712953617289863,0.1994812712580871,0.5728973064372875,0.3734160351792004,0.03650995201631237,0.16173476071640036,0.19920857898605512,nan,nan
17,12,81500,backward,e,-,6229,6229.0,0.0,0.6243482396490387,0.12450519704537862,0.4778009540321223,0.878434150905271,0.4006331968731487,0.3652815779029055,0.8953605839444655,0.53007900604156,0.4288241705424966,0.2633301471429974,0.2802565801821919,nan,nan
17,13,142107,backward,e,-,26987,26987.0,0.0,0.546658173060378,0.0835325811992175,0.4419817070005328,0.6903781956284308,0.24839648862789804,0.4269634906944898,0.7161736159758938,0.289210125281404,0.21753872195884405,0.15424011557521952,0.1800355359226825,nan,nan
17,14,16000,backward,e,-,363,363.0,0.0,0.3213481075818065,0.10580159719472977,0.20734870476299783,0.5090545299356224,0.30170582517262456,0.17006358404121355,0.5728758045889726,0.402812220547759,0.40786542884460814,0.27367995319623667,0.3375012278495868,nan,nan
17,15,74518,backward,e,-,13884,13884.0,0.0,0.45079821091276506,0.029886759954689552,0.40197293292511044,0.4976653814184749,0.09569244849336445,0.3876212682531129,0.5665585488567753,0.17893728060366237,-0.010918108622083514,0.08110703286982976,0.09544943702913372,nan,nan
17,16,45696,backward,e,-,4437,4437.0,0.0,0.28756187041772324,0.059295449387712855,0.2340798898189478,0.4016055616056036,0.1675256717866558,0.17000004480164355,0.5729713754320799,0.40297133063043633,0.6081093558790008,0.12196885078349333,0.2933346646099696,nan,nan
17,0,181750,backward,w,deg,47821,47821.0,0.0,-0.7789578241043955,4.860975002217044,-6.089378465573986,11.372610752493728,17.461989218067714,-7.698736780676967,15.948103383644082,23.64684016432105,1.2678406208485338,16.70678692887313,21.282279560023483,20.914849207788347,0.9964110740163062
17,1,167825,backward,w,deg,1892,1892.0,0.0,-0.930012441769037,5.514439191797569,-7.772191533157996,10.146791355489787,17.918982888647783,-15.424773278714554,11.033937085694191,26.458710364408745,0.26202470447219023,9.977759466190884,15.819926190843375,26.027554132039906,0.9953793587846603
17,2,22050,backward,w,deg,1975,1975.0,0.0,1.3643963232216834,7.628480844301212,-14.488706548410846,12.173237113301056,26.661943661711902,-33.165719682505454,14.477633029942098,47.64335271244755,-1.1163900430577154,17.001216709205604,35.678229843300215,204.66246772957396,0.9912071266658935
17,3,18261,backward,w,deg,17002,17002.0,0.0,-0.3874731587799687,4.496987739928353,-6.381412538424179,7.0072953117045005,13.388707850128679,-8.192645795535554,22.297093945083788,30.489739740619342,0.9813064494653917,8.842596316373834,24.13239494975312,189.44927366172692,0.9969280923419861
17,4,221372,backward,w,deg,6658,6658.0,0.0,1.6254132733695315,5.920939539078371,-11.067485457708772,6.7114288269810265,17.778914284689797,-16.94065433125141,7.353378330121501,24.29403266137291,-0.6642401945105356,14.764215098566458,15.406164601706934,29.45947263545042,0.9946713762990542
17,5,33028,backward,w,deg,1610,1610.0,0.0,8.4357835228585,16.16511185688698,-31.802611507506093,13.812112578407232,45.61472408591332,-33.15753220878062,14.121646829921872,47.279179038702495,-0.8741927100304704,42.0835920799073,43.43851278118183,204.70333380388328,0.9607862408551845
17,6,155078,backward,w,deg,8354,8354.0,0.0,-0.4282209755535007,3.9969553615679696,-5.3835318925169275,10.4815938327307,15.865125725247628,-14.029171767768105,12.322324255990054,26.35149602375816,1.1125150182345351,10.574535081079246,14.547124992341594,24.6168435816279,0.9975724705020599
17,7,150201,backward,w,deg,29552,29552.0,0.0,1.6229165311033,5.351431951901583,-9.689652809570124,6.284857777994203,15.974510587564327,-15.326831555676335,9.101163775966825,24.42799533164316,-0.5596107936611749,16.189908681862608,21.82708742796879,27.249694796253404,0.9956450383240778
17,8,88967,backward,w,deg,9789,9789.0,0.0,-1.7185538339902848,10.172224227988634,-12.762941755045711,20.594243317008534,33.35718507205424,-13.778903776700872,26.14693098792725,39.92583476462812,0.7147079576903412,18.779797839782276,24.33248551070099,193.9043628479427,0.9843518894878782
17,9,22966,backward,w,deg,12483,12483.0,0.0,-0.18674071083407284,4.306148368782216,-5.720828055951785,6.32053553642636,12.041363592378143,-33.91547240005474,14.53036484196656,48.4458372420213,-0.4732930869186813,9.13696339071151,31.19664303261021,205.49046966704026,0.9971877003460942
17,10,33619,backward,w,deg,2966,2966.0,0.0,-1.5419174235707516,8.762612226574518,-7.092308851853566,20.211320797545355,27.30362964939892,-26.78311594593339,21.99309673869186,48.77621268462525,0.842103859072461,23.343531063430802,24.68897632188819,198.23552159793232,0.9884062819369288
17,11,36141,backward,w,deg,2056,2056.0,0.0,-1.4490780910788033,9.521372167413992,-8.644384051639953,16.070892721103192,24.715276772743145,-29.09575289369468,19.759327661861107,48.85508055555579,-0.33661952307551707,22.255876496247645,24.477448620525905,200.59531425871114,0.9863135893782891
17,12,81500,backward,w,deg,6229,6229.0,0.0,1.2707868916117775,6.896451478763232,-9.100317825414283,12.883917774918478,21.98423560033276,-9.57658439632823,16.87144487190531,26.44802926823354,0.2836649642225216,20.366476211648365,20.84274278256231,20.19169109763507,0.9927741046721231
17,13,142107,backward,w,deg,26987,26987.0,0.0,0.0695107618554971,2.216044662818117,-3.6912897650138174,3.3592121202824656,7.050501885296283,-14.367710499155123,8.382341813879407,22.75005231303453,-0.26798656188760983,5.437616630152758,16.08011945567057,27.77778581655008,0.9992523621239667
17,14,16000,backward,w,deg,363,363.0,0.0,-0.18371561868082154,10.387284607754369,-21.466585749001016,15.445512312891486,36.9120980618925,-30.568624824297302,17.31558602431508,47.88421084861238,-0.7464033184810756,21.379918399297736,30.38490920561648,202.17145960348938,0.9837348015625549
17,15,74518,backward,w,deg,13884,13884.0,0.0,-0.24133208543651108,4.653798718228052,-6.884619421981296,7.776387483570307,14.661006905551602,-27.13697281565075,12.992610482125912,40.12958329777666,0.05490205640936698,9.96774746183678,25.00105097569181,200.89795564271975,0.996707369891203
17,16,45696,backward,w,deg,4437,4437.0,0.0,1.9102394457687524,7.236310164746304,-13.437990741555842,8.101815901400288,21.53980664295613,-39.10882749656807,9.08455824699908,48.19338574356715,-2.2158628326329133,16.730226877080955,42.401063632093184,210.61251711393743,0.9921319429074977
17,0,181750,forward,eps,km^2/s^2,47821,47821.0,0.0,-0.1283321871586287,0.04145503535552952,-0.19767499875676975,-0.07254863564713088,0.12512636310963887,-0.8238947527169365,-0.05885393284037144,0.765040819876565,-0.5616146126638772,0.07297256717191813,0.6991923211320848,nan,nan
17,1,167825,forward,eps,km^2/s^2,1892,1892.0,0.0,-0.2120878558421948,0.34001705267278876,-0.9474881324794452,-0.11521979592247743,0.8322683365569677,-1.0205829238249695,-0.04380055913553149,0.976782364689438,-0.5314976337129189,0.7483096504786297,0.8214044418241542,nan,nan
17,2,22050,forward,eps,km^2/s^2,1975,1975.0,0.0,-0.8252347731669912,0.1924925939350756,-0.8858576579882029,-0.1196475276934994,0.7662101302947035,-1.0201739466041788,-0.04389160369217371,0.9762823429120051,3.1861433984395386,0.702009380723948,0.7777653047252737,nan,nan
17,3,18261,forward,eps,km^2/s^2,17002,17002.0,0.0,-0.9581040158116451,0.0370586993143972,-1.0005003467767535,-0.8857146769452874,0.1147856698314661,-1.0085644016778017,-0.8702924762423527,0.13827192543544897,0.40937263327372114,0.06456454106368312,0.0799867417666178,nan,nan
17,4,221372,forward,eps,km^2/s^2,6658,6658.0,0.0,-0.824761751142009,0.28850373894772674,-0.9430302019161394,-0.11973539708733907,0.8232948048288004,-1.020820045950525,-0.10515475611290037,0.9156652898376246,1.2910673253448195,0.6890828550112363,0.703663495985675,nan,nan
17,5,33028,forward,eps,km^2/s^2,1610,1610.0,0.0,-0.2454120164490891,0.11380736451969165,-0.2567374321194024,-0.20375540360103428,0.05298202851836814,-0.980671682301569,-0.10745760176690045,0.8732140805346685,-5.933044802242702,0.06454813926707245,0.7384136813241222,nan,nan
17,6,155078,forward,eps,km^2/s^2,8354,8354.0,0.0,-0.18054415942450608,0.060459614886724765,-0.2548920838599341,-0.1124795522839502,0.14241253157598394,-0.83521241080708,-0.06780546489835193,0.767406945908728,-5.428436136470875,0.08247865686567774,0.640550775269929,nan,nan
17,7,150201,forward,eps,km^2/s^2,29552,29552.0,0.0,-0.8732436826195238,0.025256434277540683,-0.9262128587072339,-0.8418585116034752,0.08435434710375866,-0.9709544304078142,-0.8335679860031405,0.13738644440467362,-0.6758175640920682,0.08620163754505332,0.13094320924563363,nan,nan
17,8,88967,forward,eps,km^2/s^2,9789,9789.0,0.0,-0.8906336253840332,0.03613837590052767,-0.9695312984169541,-0.8529168873882039,0.11661441102875014,-0.9853012221195793,-0.8124351423138624,0.1728660798057169,-0.6309153135190163,0.06758233041332266,0.09100424442497435,nan,nan
17,9,22966,forward,eps,km^2/s^2,12483,12483.0,0.0,-0.22496787201704493,0.13000566084992954,-0.24896684159221066,-0.15495495725294753,0.09401188433926314,-0.9814862737065534,-0.139977152220932,0.8415091214856214,-4.717291107625146,0.07557885257258791,0.7589925721996886,nan,nan
17,10,33619,forward,eps,km^2/s^2,2966,2966.0,0.0,-0.8999579794938545,0.047383418142997145,-0.976497533378667,-0.8203707708076788,0.15612676257098812,-1.0206562915180895,-0.8063625597697947,0.2142937317482948,0.021722234827520788,0.10298236103946912,0.1169905720773533,nan,nan
17,11,36141,forward,eps,km^2/s^2,2056,2056.0,0.0,-0.18197508216423347,0.29000401902702505,-0.892330410915146,-0.04749591412159454,0.8448344967935515,-0.9997486343995929,-0.043981079635574294,0.9557675547640186,-1.4691800444949463,0.74419762637775,0.851615849862197,nan,nan
17,12,81500,forward,eps,km^2/s^2,6229,6229.0,0.0,-0.8444516058884806,0.04576126046294744,-0.9679580741938488,-0.8168720195165601,0.15108605467728875,-1.0207739049268336,-0.8067544423545633,0.21401946257227034,-1.1614985136626215,0.10422481069600775,0.15704064142899266,nan,nan
17,13,142107,forward,eps,km^2/s^2,26987,26987.0,0.0,-0.9351104206048154,0.022304970361729914,-0.9672972273671603,-0.8952491932199449,0.07204803414721539,-0.9751802853961885,-0.8503133897439553,0.12486689565223319,0.20884192661430018,0.039755351026461105,0.0800288940739049,nan,nan
17,14,16000,forward,eps,km^2/s^2,363,363.0,0.0,-0.20808176180655258,0.3446230417872874,-0.9612309419813679,-0.11277121500192816,0.8484597269794398,-1.020440955040417,-0.04492689432768027,0.9755140607127367,-0.5874040059297377,0.7873602835659022,0.8465702966249512,nan,nan
17,15,74518,forward,eps,km^2/s^2,13884,13884.0,0.0,-0.19673956509126683,0.07249118148016219,-0.23021587540331861,-0.12889516455618882,0.10132071084712979,-0.856541275200087,-0.11852374682378519,0.7380175283763019,-6.700153675437183,0.0687092256246048,0.6604280975123632,nan,nan
17,16,45696,forward,eps,km^2/s^2,4437,4437.0,0.0,-0.1822321548858341,0.07634677545516493,-0.21986919824123946,-0.09318628962332778,0.12668290861791168,-0.979689980049135,-0.04477505011331018,0.9349149299358248,-6.485868371510715,0.08478691641067941,0.8110957496334525,nan,nan
17,0,181750,forward,e,-,47821,47821.0,0.0,0.693165607294415,0.10067783212194006,0.5214953605247087,0.8270544343093718,0.30555907378466307,0.21327508148188504,0.8597500074356198,0.6464749259537348,-0.335650650945033,0.18060060101411857,0.48882088005694224,nan,nan
17,1,167825,forward,e,-,1892,1892.0,0.0,0.49256812353189,0.16138735636132764,0.2254919671194507,0.7246608749835151,0.49916890786406437,0.1698141830836259,0.8956399397956282,0.7258257567120023,0.09584202550177708,0.30055836815848874,0.3782325511407615,nan,nan
17,2,22050,forward,e,-,1975,1975.0,0.0,0.23026872788330485,0.15098784381941652,0.18867717873843023,0.7139561453629447,0.5252789666245145,0.16971236327555636,0.8954250633070769,0.7257127000315206,2.79485584724851,0.49733640739084534,0.6788053253349775,nan,nan
17,3,18261,forward,e,-,17002,17002.0,0.0,0.4824432036395456,0.05984464675972911,0.35909679332705746,0.5449630402774397,0.18586624695038223,0.3288583836429478,0.5562090261526239,0.22735064250967613,-0.5273413819299919,0.11106946839678508,0.1413078780808948,nan,nan
17,4,221372,forward,e,-,6658,6658.0,0.0,0.2679564032239462,0.17113346921953762,0.17544855376854773,0.7137067803789273,0.5382582266103796,0.17108557576733655,0.7489018941095232,0.5778163183421867,1.0288761623148601,0.5373454366421734,0.5725405503727693,nan,nan
17,5,33028,forward,e,-,1610,1610.0,0.0,0.39749205311734115,0.05770591673722463,0.3619040426118751,0.5154723390952999,0.1535682964834248,0.35907069968116695,0.7437231962695249,0.38465249658835793,2.2475728942222437,0.11203894336723072,0.3402898005414557,nan,nan
17,6,155078,forward,e,-,8354,8354.0,0.0,0.5648637481806171,0.10934200739456815,0.36631311064327843,0.7312627265178419,0.3649496158745634,0.17006665311222163,0.8384885339059525,0.6684218807937308,-0.32444117457826926,0.20301924977462313,0.3589174207404568,nan,nan
17,7,150201,forward,e,-,29552,29552.0,0.0,0.33594365303655277,0.04882925356369194,0.2679686820711358,0.43190105750240765,0.16393237543127187,0.24763231463436094,0.5022784383490502,0.2546461237146892,0.4512398550498306,0.16839224829569677,0.2387696291423393,nan,nan
17,8,88967,forward,e,-,9789,9789.0,0.0,0.3688292638210215,0.06451761169411478,0.2927905824531208,0.5001708256738424,0.20738024322072163,0.18982757206028292,0.5233191431124038,0.3334915710521209,0.43571373030033755,0.1139519575952326,0.20227827955954306,nan,nan
17,9,22966,forward,e,-,12483,12483.0,0.0,0.45192872729910927,0.08122638571152241,0.3877983875453561,0.6278180630899263,0.24001967554457015,0.1872196631360865,0.664556785088244,0.4773371219521575,0.44571740007919713,0.1763128817517947,0.2687009133877773,nan,nan
17,10,33619,forward,e,-,2966,2966.0,0.0,0.38615721408225556,0.08870785980701848,0.21056572081586483,0.5104661978929008,0.299900477077036,0.16857236846964585,0.572716237374,0.40414386890435416,-0.3711086523288567,0.21608749842048647,0.25808085076670545,nan,nan
17,11,36141,forward,e,-,2056,2056.0,0.0,0.5609896916198194,0.1874910761485368,0.27289846606588275,0.8868452661525514,0.6139468000866687,0.17020378480203383,0.8952125964134294,0.7250088116113956,0.029106379465619753,0.3719059214224921,0.4746006026863411,nan,nan
17,12,81500,forward,e,-,6229,6229.0,0.0,0.27453918081637985,0.08858132972767278,0.20240384082194587,0.49740311321839087,0.29499927239644497,0.17001816509090778,0.5728986792600154,0.4028805141691076,0.894765019802563,0.18025850853095665,0.25575407457258115,nan,nan
17,13,142107,forward,e,-,26987,26987.0,0.0,0.446362614212661,0.03686551128041131,0.3777171783325555,0.4967287153537687,0.1190115370212132,0.288258210095421,0.5085016862985098,0.22024347620308876,-0.3109242225229766,0.06511686150340013,0.15026021120694905,nan,nan
17,14,16000,forward,e,-,363,363.0,0.0,0.5009971464737236,0.16085133163577645,0.22328941548926698,0.7305229619116077,0.5072335464223408,0.17765339829611665,0.892947970469117,0.7152945721730004,-0.013635993229027626,0.35806433691700235,0.40370035411015265,nan,nan
17,15,74518,forward,e,-,13884,13884.0,0.0,0.5236870204399371,0.0906671609073606,0.43590358746960023,0.6915292307734872,0.25562564330388693,0.17015982740479887,0.7166692959535834,0.5465094685487846,0.0027487429772807153,0.17007251746756205,0.35492658074530314,nan,nan
17,16,45696,forward,e,-,4437,4437.0,0.0,0.5608680943343475,0.10333325803786715,0.4658948716985413,0.7778959804569034,0.3120011087583621,0.16987312589813894,0.8933267906436945,0.7234536647455555,0.36560947696896795,0.20772249745558394,0.42524544279171284,nan,nan
17,0,181750,forward,w,deg,47821,47821.0,0.0,-4.208107194686448,20.23637080710481,-23.574750108087528,41.239518803768675,64.8142689118562,-131.64717469937764,81.03742813020284,212.68460282958048,0.9322176170033579,41.078057118477034,131.83321947114186,176.2292626157414,0.9398369827976187
17,1,167825,forward,w,deg,1892,1892.0,0.0,-0.8868952772772616,95.96700133274778,-163.57387844563812,167.6344797547815,331.20835820041964,-179.9332149669391,179.88523223070706,359.81844719764615,0.0001995734885457638,174.0008000733616,179.98543537080764,35.480015830082934,0.21915336152492892
17,2,22050,forward,w,deg,1975,1975.0,0.0,-4.054071445149816,40.71509609443335,-27.490414741342335,123.74686370517341,151.23727844651575,-177.79586824716876,178.8145721224446,356.61044036961334,1.9340699030606943,136.8892505832676,177.98306545257583,162.97959055465523,0.8328887003099892
17,3,18261,forward,w,deg,17002,17002.0,0.0,-1.6176576056362535,9.95769832167489,-12.155815244560916,17.228982930205003,29.38479817476592,-13.416233940102586,49.75051920931975,63.166753149422334,1.3689790189809157,23.521600672695282,56.04313695181003,302.82572609097946,0.9851234645178998
17,4,221372,forward,w,deg,6658,6658.0,0.0,-6.384946145793975,69.72776425095817,-149.29845235017197,76.52176850626692,225.82022085643888,-162.5601296171747,138.32011457798546,300.8802441951602,-0.6509587308750945,174.54857897114766,179.97694530702086,27.409368059785464,0.47921644952552633
17,5,33028,forward,w,deg,1610,1610.0,0.0,-4.831637689689643,35.5880623300076,-29.366697704529628,51.287380009632976,80.65407771416261,-179.04137243731114,177.33493372984958,356.3763061671607,-1.7420330401053,55.880047100400986,179.9789589053716,211.27727665125627,0.8690041223610951
17,6,155078,forward,w,deg,8354,8354.0,0.0,-2.3115937700081304,24.810453080943223,-39.00554553785517,42.757518140882766,81.76306367873794,-145.7881981478502,135.51424127066684,281.30243941851705,0.3966560488877075,57.5959628715952,149.94372787277928,286.74542370258433,0.9140518688345515
17,7,150201,forward,w,deg,29552,29552.0,0.0,-2.834926854359466,17.28785221407139,-21.221287501591963,32.12973273073548,53.35102023232744,-23.956913549019305,89.69583744417582,113.65275099319513,1.074119189133266,33.790909383420185,91.3570140968605,15.140100508922524,0.9559790275780649
17,8,88967,forward,w,deg,9789,9789.0,0.0,-3.2332133125434552,19.453953546895313,-22.618753953389557,39.046341991637306,61.66509594502686,-24.080039061580294,80.51637180048249,104.59641086206278,0.865955964350382,42.38401952401229,83.85404933285747,313.52733911040974,0.9441520798467562
17,9,22966,forward,w,deg,12483,12483.0,0.0,-3.945048121705554,34.86738978396639,-21.937057970560595,36.17661329626978,58.11367126683037,-179.91090465291225,179.9447659582098,359.85567061112204,0.5951416918054813,45.47352088895053,179.9662106691335,185.1606841702829,0.888848271205239
17,10,33619,forward,w,deg,2966,2966.0,0.0,4.065494276033675,31.678070978662728,-69.35638082304561,42.655902397939066,112.01228322098467,-78.90114435339189,86.26397634955629,165.16512070294817,-0.6762159519644716,70.1779283255909,86.44421111658528,39.60675605807727,0.8592246410218723
17,11,36141,forward,w,deg,2056,2056.0,0.0,-4.792601768316587,66.50027695997187,-144.149440870202,146.92767272166964,291.07711359187164,-179.0094921576677,179.85699982059373,358.8664919782614,0.2271788089289057,163.19052466671837,179.87999342054036,306.664347587698,0.6042749139694893
17,12,81500,forward,w,deg,6229,6229.0,0.0,-7.215373623094251,40.61331208329719,-50.88806146718899,66.70878604952696,117.59684751671595,-56.64948169068222,116.23601257892005,172.88549426960228,0.2961842081816267,68.28643183420866,117.81365836360175,91.33977170458947,0.7665458816735738
17,13,142107,forward,w,deg,26987,26987.0,0.0,-3.121194719547617,15.406461314862659,-17.54476721435949,27.299240084902358,44.84400729926185,-18.316488339518855,85.51076713760739,103.82725547712624,1.166033671006663,40.578746225952905,98.79027327865793,8.80358273118134,0.9648635540602375
17,14,16000,forward,w,deg,363,363.0,0.0,-2.0152859450754477,94.01436840370955,-170.91794672144562,155.02524542321555,325.94319214466117,-179.63082777502444,179.98829961669685,359.6191273917213,-0.044586202696499454,175.5801335386381,179.99854946608326,44.8312133722037,0.24424846656426133
17,15,74518,forward,w,deg,13884,13884.0,0.0,-3.6437303332815674,25.573776611331635,-25.385301639518165,39.51299724083382,64.89829888035199,-179.11975490392217,179.32672356951753,358.4464784734397,1.228203199798554,47.594487518387545,179.84822163002002,189.18119184272047,0.9205321070372317
17,16,45696,forward,w,deg,4437,4437.0,0.0,-0.9630131484517506,25.01516150910253,-34.120395636093534,32.56637079063432,66.68676642672786,-179.32422110725614,177.32326469886385,356.64748580612,-0.4695915814346607,42.50152094131584,179.95193703359348,239.6344723423402,0.9266416572103096
19,0,181750,backward,eps,km^2/s^2,47016,47016.0,0.0,-0.1256892131192489,0.038413098460374925,-0.19231920411551826,-0.071977811998097,0.12034139211742126,-0.20464305456607867,-0.058817793307683885,0.1458252612583948,-0.15535820973147432,0.06498573865579832,0.07294741646765712,nan,nan
19,1,154799,backward,eps,km^2/s^2,172,172.0,0.0,-0.1823721580090834,0.15956328419774035,-0.2567578231875255,-0.11327839063142174,0.14347943255610374,-1.0176690233481307,-0.043834796693581146,0.9738342266545496,-3.840178772927157,0.13854927940366818,0.8351510045779862,nan,nan
19,2,22050,backward,eps,km^2/s^2,1975,1975.0,0.0,-0.8248364355901052,0.027342124206387076,-0.8784737066450209,-0.8121550094972828,0.06631869714773808,-1.020599717396067,-0.806208472304013,0.21439124509205398,-3.720754991154785,0.054186413092998646,0.1963124238440448,nan,nan
19,3,18261,backward,eps,km^2/s^2,17002,17002.0,0.0,-0.9043494745306471,0.03932473387001867,-0.9826920323660695,-0.8569637564438795,0.12572827592219005,-0.9913826165166824,-0.8455281706683686,0.14585444584831375,-0.3915717608327568,0.06773532848744436,0.07587795783810658,nan,nan
19,4,165967,backward,eps,km^2/s^2,4572,4572.0,0.0,-0.24714699920368882,0.016861025686469872,-0.2580988811520464,-0.2060629384413505,0.052035942710695865,-0.2593276385082858,-0.17313710940135152,0.08619052910693425,1.0136199496247784,0.03903003169509098,0.07195586073508997,nan,nan
19,5,33028,backward,eps,km^2/s^2,1603,1603.0,0.0,-0.8248929037332026,0.01938593864866704,-0.8626281909546676,-0.8076271305499727,0.05500106040469488,-1.0207392989867343,-0.8066103600792471,0.2141289389074872,-1.4637990178241593,0.04040501159801694,0.19851611963008364,nan,nan
19,6,221062,backward,eps,km^2/s^2,4759,4759.0,0.0,-0.2136213547805591,0.04221179193658617,-0.25478034718147313,-0.12197321067394928,0.13280713650752385,-0.2582250091029896,-0.09218202284132537,0.16604298626166425,0.639451977631843,0.0863821922829685,0.11617338011559242,nan,nan
19,7,149905,backward,eps,km^2/s^2,30576,30576.0,0.0,-0.22092235462033571,0.02951431168220773,-0.24669684456493615,-0.1549988739921267,0.09169797057280946,-0.2566144246479153,-0.1178214189298119,0.13879300571810338,0.8444245010641132,0.06736779607557081,0.1045452511378856,nan,nan
19,8,88967,backward,eps,km^2/s^2,9788,9788.0,0.0,-0.9788975397246229,0.03729953545531862,-1.0032115151208398,-0.8900527562397861,0.11315875888105376,-1.0086547271271056,-0.8067522515618202,0.2019024755652854,1.5318855219701788,0.10239384764150478,0.18569435231947073,nan,nan
19,9,23187,backward,eps,km^2/s^2,12448,12448.0,0.0,-0.8708915033729474,0.020112077775120953,-0.9014042231748922,-0.8389966746066403,0.062407548568251925,-0.9100740954632947,-0.8065266032009923,0.10354749226230231,0.18626918327007022,0.05903953523059747,0.0677094075189999,nan,nan
19,10,33619,backward,eps,km^2/s^2,2966,2966.0,0.0,-0.9025506832313193,0.04684504568088642,-0.9766717341354405,-0.8245982787214956,0.1520734554139449,-1.0207437552380227,-0.8063623697289342,0.21438138550908858,0.0793155112633134,0.07861041004386266,0.1176420584134652,nan,nan
19,11,36141,backward,eps,km^2/s^2,2059,2059.0,0.0,-0.8911750476605681,0.051618449957081765,-0.975526623460162,-0.8294972972070862,0.14602932625307574,-1.0207786020554366,-0.8155535203312436,0.20522508172419296,-0.2131998543579818,0.0780249765370228,0.11371106250473129,nan,nan
19,12,168676,backward,eps,km^2/s^2,1595,1595.0,0.0,-0.19343932170576883,0.04569235974017319,-0.2561022216404401,-0.1147692925447224,0.1413329290957177,-0.2595672674968075,-0.04380722131250103,0.21576004618430644,0.3049953292844544,0.08304903363009891,0.15401110486232028,nan,nan
19,13,141808,backward,eps,km^2/s^2,26930,26930.0,0.0,-0.18764321806238632,0.03321499441475775,-0.22803785660533157,-0.12937077425338875,0.09866708235194283,-0.2461931168506617,-0.11872546078199386,0.12746765606866783,0.24763548461178914,0.061633270083071366,0.07227858355446626,nan,nan
19,14,16000,backward,eps,km^2/s^2,355,355.0,0.0,-0.8663653210526656,0.05481744632757866,-0.9754293972655435,-0.8189918625579816,0.15643753470756183,-1.020754723273971,-0.8068393667227801,0.21391535655119098,-0.6225117116181705,0.1466869848194303,0.19201231082785797,nan,nan
19,15,74518,backward,eps,km^2/s^2,13890,13890.0,0.0,-0.9378271300402727,0.01848621189003961,-0.9679495133020847,-0.9087968094813969,0.059152703820687824,-1.016166401552411,-0.9005575831799184,0.1156088183724926,-0.06128828409285318,0.04952634116417016,0.0578529355971108,nan,nan
19,16,45926,backward,eps,km^2/s^2,4471,4471.0,0.0,-0.8500996374215837,0.028717376140494896,-0.908215950076749,-0.8275804343243867,0.08063551575236239,-1.020836128343177,-0.8067739194775032,0.21406220886567384,-1.0069888494164387,0.061298638586906595,0.17391881685333455,nan,nan
19,17,153904,backward,eps,km^2/s^2,8021,8021.0,0.0,-0.16863547635155318,0.035144289729500754,-0.20933548630428,-0.111376074741386,0.097959411562894,-0.23462227649591172,-0.044138872659411854,0.19048340383649986,0.2106025663410244,0.06261971289024526,0.1298569149722194,nan,nan
19,18,133750,backward,eps,km^2/s^2,3860,3860.0,0.0,-0.14081065307557755,0.0551632772592093,-0.2131803630623651,-0.047240401124697524,0.16593996193766758,-0.24181840798177956,-0.043879077490019736,0.19793933049175982,0.2539099100612317,0.10467058611608591,0.10803190975076371,nan,nan
19,0,181750,backward,e,-,47016,47016.0,0.0,0.6995210410782056,0.09351187962899463,0.5351036370798539,0.8284360195106499,0.29333238243079607,0.5030713280754915,0.8598376401626954,0.3567663120872039,-0.17861167254204893,0.15864532453586858,0.18211387623075237,nan,nan
19,1,154799,backward,e,-,172,172.0,0.0,0.5609795638499522,0.12794850453820095,0.37757460591487646,0.7293188618115,0.3517442558966235,0.20302693345651393,0.8955575813930169,0.692530647936503,-0.199364605886979,0.23422934991451072,0.35660574393299493,nan,nan
19,2,22050,backward,e,-,1975,1975.0,0.0,0.22551570096414056,0.056939532776952885,0.18750878236268262,0.3466149622909992,0.15910617992831658,0.16819393098549065,0.5726383910271284,0.4044444600416378,2.9831505875977,0.12271655887379132,0.34873998760992053,nan,nan
19,3,18261,backward,e,-,17002,17002.0,0.0,0.3934481494648829,0.06820765589164389,0.30137406538567224,0.5194319989899862,0.2180579336043139,0.2759808255270147,0.5320537516304692,0.2560729261034545,0.23485694404921967,0.1150830809773126,0.13707287653760747,nan,nan
19,4,165967,backward,e,-,4572,4572.0,0.0,0.38839466195451355,0.04600313563006388,0.35701329408430926,0.4989290949417677,0.14191580085745842,0.35333869863390605,0.5839140828773423,0.2305753842434362,0.9647926945868819,0.10513430996681421,0.1901192979023888,nan,nan
19,5,33028,backward,e,-,1603,1603.0,0.0,0.2251496371414523,0.04840620618530715,0.17293068597499878,0.31448859098202864,0.14155790500702986,0.16943473771526985,0.57285141266025,0.4034166749449801,0.7847921133589383,0.09567019311600355,0.3540330147942249,nan,nan
19,6,221062,backward,e,-,4759,4759.0,0.0,0.48035811693829844,0.10858652700421431,0.36690828093129746,0.7088011883248035,0.3418929073935061,0.3566637372686819,0.7802993862489727,0.42363564898029077,0.5604589643837045,0.21415295402528223,0.28565115194945134,nan,nan
19,7,149905,backward,e,-,30576,30576.0,0.0,0.4607687898742832,0.07634134588379395,0.3902018477393685,0.6277206049562687,0.2375187572169002,0.36143605631330555,0.7187954940562306,0.357359437742925,0.7753675503883776,0.1714680402784965,0.26254292937845836,nan,nan
19,8,88967,backward,e,-,9788,9788.0,0.0,0.5139415141788313,0.06200511916222142,0.36831990040150847,0.5487947736407524,0.18047487323924388,0.17026709740166077,0.5563450703171937,0.3860779729155329,-1.9025833887594736,0.16532293721057292,0.36337574021042063,nan,nan
19,9,23187,backward,e,-,12448,12448.0,0.0,0.33111646563856495,0.04160139040976941,0.2611322122317893,0.38889249658471836,0.12776028435292908,0.16915703389195855,0.4038803510565166,0.23472331716455805,-0.41495029532972133,0.11974611537325738,0.13473396984505565,nan,nan
19,10,33619,backward,e,-,2966,2966.0,0.0,0.39081614009797466,0.08737914224506844,0.22552681919616044,0.5106781153110583,0.28515129611489787,0.1685914010438332,0.5728380058839121,0.4042466048400789,-0.41131945534991377,0.16637417798648368,0.22303579235661808,nan,nan
19,11,36141,backward,e,-,2059,2059.0,0.0,0.36990060719156387,0.09573826195923839,0.23770065901816725,0.5089771543826732,0.27127649536450593,0.1994812712580871,0.5728973064372875,0.3734160351792004,0.03922968448590907,0.16171995214547966,0.19920857898605512,nan,nan
19,12,168676,backward,e,-,1595,1595.0,0.0,0.5327409516834047,0.1162030785128746,0.36286321297242263,0.7257363619129903,0.36287314894056766,0.35264176551903914,0.8956261106421681,0.542984345123129,0.21064745402060786,0.2048533979699012,0.37474314669907904,nan,nan
19,13,141808,backward,e,-,26930,26930.0,0.0,0.546548415936734,0.08367483830566397,0.44169738757473137,0.6903913728739921,0.24869398529926073,0.3922775196778131,0.7161736159758938,0.3238960962980807,0.21519613649439798,0.15240100711485588,0.17818325021675752,nan,nan
19,14,16000,backward,e,-,355,355.0,0.0,0.3213481075818065,0.10485893499309615,0.2086359762626868,0.5088539131250188,0.300217936862332,0.17006358404121355,0.5728758045889726,0.402812220547759,0.40776547914300465,0.27347933638563304,0.3375012278495868,nan,nan
19,15,74518,backward,e,-,13890,13890.0,0.0,0.4507903532701024,0.029891247634697183,0.4019787458804303,0.4977145292802139,0.09573578339978361,0.3876212682531129,0.5665585488567753,0.17893728060366237,-0.010154631007713553,0.0810970728176243,0.09544943702913372,nan,nan
19,16,45926,backward,e,-,4471,4471.0,0.0,0.28756187041772324,0.059056978838642575,0.23333281306350212,0.4010918808115942,0.16775906774809207,0.17000004480164355,0.5729713754320799,0.40297133063043633,0.589560103232472,0.12070822388214997,0.29258771850263565,nan,nan
19,17,153904,backward,e,-,8021,8021.0,0.0,0.5942954467666716,0.08695044467925077,0.4914408172607546,0.7339388437260307,0.24249802646527607,0.4228650541588753,0.8948398682898845,0.47197481413100917,0.1875116794004528,0.15306726896326472,0.31382776582585825,nan,nan
19,18,133750,backward,e,-,3860,3860.0,0.0,0.6626211690773869,0.13486899249322687,0.48141160082764967,0.8874323985894075,0.4060207977617578,0.4030483832654117,0.8954556794646302,0.4924072961992185,0.2238019496028718,0.2518843173164707,0.2599075981916935,nan,nan
19,0,181750,backward,w,deg,47016,47016.0,0.0,-0.5954591386867634,4.460666834879148,-5.841967999003558,10.012176621285995,15.854144620289553,-7.372716304823712,15.420214607237625,22.792930912061337,1.1405425609221462,15.084635685038542,20.492673670990172,20.653132095161485,0.9969762358605005
19,1,154799,backward,w,deg,172,172.0,0.0,-0.3281974239852161,37.365050953875006,-9.558688058736667,10.773456277695281,20.33214433643195,-178.05351768011747,176.52686580125697,354.58038348137444,0.7345908626592279,15.224098245623761,179.34665332713723,24.891015792602694,0.9047392650630465
19,2,22050,backward,w,deg,1975,1975.0,0.0,1.3643963232216834,7.628480844301212,-14.488706548410846,12.173237113301056,26.661943661711902,-33.165719682505454,14.477633029942098,47.64335271244755,-1.1163900430577154,17.001216709205604,35.678229843300215,204.66246772957396,0.9912071266658935
19,3,18261,backward,w,deg,17002,17002.0,0.0,-0.3874731587799687,4.496987739928353,-6.381412538424179,7.0072953117045005,13.388707850128679,-8.192645795535554,22.297093945083788,30.489739740619342,0.9813064494653917,8.842596316373834,24.13239494975312,189.44927366172692,0.9969280923419861
19,4,165967,backward,w,deg,4572,4572.0,0.0,1.9736860248814736,5.296897151269219,-11.237306258557599,5.033084746337278,16.270391004894876,-17.73175209163162,5.257714424289276,22.989466515920896,-1.0835009910704734,15.187709821583983,21.682155654658004,31.68145341332867,0.995736373930544
19,5,33028,backward,w,deg,1603,1603.0,0.0,8.494835752362974,16.187168614220866,-31.816595566819796,13.806662218783892,45.623257785603684,-33.16666045826696,14.112518580435534,47.279179038702495,-0.875340393912224,42.08844788973466,43.43851278118183,204.71246205336962,0.9606802486579568
19,6,221062,backward,w,deg,4759,4759.0,0.0,-1.8984216130725713,8.505505042785485,-10.253731192393994,13.16415757809511,23.417888770489107,-11.138860895976023,13.810858339105238,24.94971923508126,0.36465407297776475,19.016067023004805,19.66276778401496,22.54953568074471,0.9890143514381805
19,7,149905,backward,w,deg,30576,30576.0,0.0,1.5876853458621127,5.349460275676101,-9.716980157993696,6.357085102058164,16.07406526005186,-15.541457071577668,9.01263256123832,24.554089632815987,-0.5554264568731337,16.12741168479976,21.951888598383732,27.338226010981884,0.9956483129375765
19,8,88967,backward,w,deg,9788,9788.0,0.0,-1.7185013641620515,10.169451937463103,-12.7603848505844,20.586545807910174,33.34693065849457,-13.776330663880572,26.14950410074755,39.92583476462812,0.714507278072428,18.769527217863615,24.33248551070099,193.9017897351224,0.984360351112378
19,9,23187,backward,w,deg,12448,12448.0,0.0,-0.19145867399380734,4.283043701552297,-5.710543856931375,6.30695887091822,12.017502727849596,-33.89702980904207,14.532671470246413,48.42970127928848,-0.4174473284842681,9.039003876914984,31.24478168400941,205.4881630387604,0.9972173285448476
19,10,33619,backward,w,deg,2966,2966.0,0.0,-1.5419174235707516,8.762612226574518,-7.092308851853566,20.211320797545355,27.30362964939892,-26.78311594593339,21.99309673869186,48.77621268462525,0.842103859072461,23.343531063430802,24.68897632188819,198.23552159793232,0.9884062819369288
19,11,36141,backward,w,deg,2059,2059.0,0.0,-1.458040088666337,9.527023173513177,-8.661338627884831,16.077414505409138,24.73875313329397,-29.11390328444577,19.74117727111002,48.85508055555579,-0.3373008191286321,22.2473367628162,24.477448620525905,200.61346464946223,0.9862972929385719
19,12,168676,backward,w,deg,1595,1595.0,0.0,-1.0868866352076054,5.482681465105741,-7.850462130939917,9.85590444679786,17.706366577737775,-15.760775956764888,10.697934407643828,26.458710364408716,0.2723288292365711,9.971158491009641,15.818142451284189,26.363556810090255,0.995431791415697
19,13,141808,backward,w,deg,26930,26930.0,0.0,0.06213955672367888,2.255567011689274,-3.7053433355332275,3.367345181152997,7.072688516686224,-14.371036001933021,8.372331862142232,22.743367864075253,-0.2513160530610189,5.413288344744498,16.003485471387165,27.781111319327962,0.9992255079481281
19,14,16000,backward,w,deg,355,355.0,0.0,-0.19374337175557343,10.434844231334427,-22.759987960470436,15.416596066265909,38.17658402673634,-30.633065596836474,17.25114525177591,47.88421084861238,-0.7619003495183498,22.511831569250468,30.38490920561648,202.23590037602855,0.9835879951772308
19,15,74518,backward,w,deg,13890,13890.0,0.0,-0.24089378074224044,4.655001476149834,-6.883597353748717,7.7783740963735095,14.661971450122227,-27.135994577953483,12.99358871982318,40.12958329777666,0.05581561190260732,9.968689820092742,25.00105097569181,200.89697740502248,0.9967056671593332
19,16,45926,backward,w,deg,4471,4471.0,0.0,1.9219960371029856,7.267157821890415,-13.357204695873719,8.120949912615458,21.478154608489177,-39.07949786502971,9.11388787853744,48.19338574356715,-2.2253140887032212,16.699962323516047,42.422255492672036,210.58318748239907,0.9920659854068528
19,17,153904,backward,w,deg,8021,8021.0,0.0,-0.15638812445354233,3.4781506279566154,-4.9060310276573205,7.5185562408018995,12.42458726845922,-13.688332974922275,12.191271602632838,25.879604577555114,0.6589357850595778,8.687186952267865,14.449020359013815,24.276004788782075,0.9981613111046325
19,18,133750,backward,w,deg,3860,3860.0,0.0,1.9981425379593958,6.267367510856237,-10.797006416432488,7.905778332668915,18.702784749101404,-11.14466957920797,15.30335968902557,26.44802926823354,-0.5373926200119845,13.558927224460355,13.906590387235838,21.759776280514807,0.9940313171556879
19,0,181750,forward,eps,km^2/s^2,47016,47016.0,0.0,-0.12801955678547433,0.041353589668892264,-0.19738133522941254,-0.07240854879686837,0.12497278643254417,-0.8238947527169365,-0.05885393284037144,0.765040819876565,-0.48058191764080704,0.07267890364456092,0.6991923211320848,nan,nan
19,1,154799,forward,eps,km^2/s^2,172,172.0,0.0,-0.5323956446752762,0.3638955927433872,-0.9721030811676538,-0.11606318130558589,0.8560398998620679,-0.9769988255449953,-0.046719852405381124,0.9302789731396142,-0.004095024336546421,0.7598265545662544,0.7647222989435959,nan,nan
19,2,22050,forward,eps,km^2/s^2,1975,1975.0,0.0,-0.8252347731669912,0.1924925939350756,-0.8858576579882029,-0.1196475276934994,0.7662101302947035,-1.0201739466041788,-0.04389160369217371,0.9762823429120051,3.1861433984395386,0.702009380723948,0.7777653047252737,nan,nan
19,3,18261,forward,eps,km^2/s^2,17002,17002.0,0.0,-0.9581040158116451,0.0370586993143972,-1.0005003467767535,-0.8857146769452874,0.1147856698314661,-1.0085644016778017,-0.8702924762423527,0.13827192543544897,0.40937263327372114,0.06456454106368312,0.0799867417666178,nan,nan
19,4,165967,forward,eps,km^2/s^2,4572,4572.0,0.0,-0.20175112275553708,0.3359547418785331,-0.8454968194175898,-0.10790944323708529,0.7375873761805045,-1.0207028886856082,-0.10442233059405415,0.9162805580915541,-0.3329943882918356,0.719581327663872,0.8947873969318904,nan,nan
19,5,33028,forward,eps,km^2/s^2,1603,1603.0,0.0,-0.24545807626896843,0.11400909818388355,-0.2567397587902374,-0.20370693473668147,0.053032824053555944,-0.980671682301569,-0.10745760176690045,0.8732140805346685,-5.922114473403956,0.06471201345025075,0.7384136813241222,nan,nan
19,6,221062,forward,eps,km^2/s^2,4759,4759.0,0.0,-0.8414411470058307,0.030937938303788656,-0.9126168814636307,-0.8141171857523091,0.09849969571132167,-1.020820045950525,-0.8070918060031312,0.21372823994739376,-2.5889294582974927,0.07613841286960246,0.1843415773564967,nan,nan
19,7,149905,forward,eps,km^2/s^2,30576,30576.0,0.0,-0.872776892457725,0.026553125007831184,-0.927237627446802,-0.8408980658663165,0.0863395615804855,-0.9752504411045678,-0.8072575607210861,0.1679928803834817,-0.5515020463334326,0.0871357123418551,0.1351485259996209,nan,nan
19,8,88967,forward,eps,km^2/s^2,9788,9788.0,0.0,-0.890632428159621,0.03613696634400546,-0.969531587172515,-0.8529140082559548,0.11661757891656022,-0.9853012221195793,-0.8124351423138624,0.1728660798057169,-0.631221406329565,0.06758508557711661,0.09100424442497435,nan,nan
19,9,23187,forward,eps,km^2/s^2,12448,12448.0,0.0,-0.22500284992357228,0.13018143514517083,-0.24896861566424086,-0.15487319924593923,0.09409541641830163,-0.9814862737065534,-0.139977152220932,0.8415091214856214,-4.709695038856093,0.07553750967694678,0.7592000225485852,nan,nan
19,10,33619,forward,eps,km^2/s^2,2966,2966.0,0.0,-0.8999579794938545,0.047383418142997145,-0.976497533378667,-0.8203707708076788,0.15612676257098812,-1.0206562915180895,-0.8063625597697947,0.2142937317482948,0.021722234827520788,0.10298236103946912,0.1169905720773533,nan,nan
19,11,36141,forward,eps,km^2/s^2,2059,2059.0,0.0,-0.18146715480709874,0.2899116439786833,-0.8922755127833616,-0.04750076936826049,0.8447747434151011,-0.9997486343995929,-0.043981079635574294,0.9557675547640186,-1.4710991814126726,0.7441427282459655,0.851615849862197,nan,nan
19,12,168676,forward,eps,km^2/s^2,1595,1595.0,0.0,-0.20708546278897577,0.3204419928431446,-0.912852535855401,-0.1148914100239173,0.7979611258314837,-1.0084233505739606,-0.04380055913553149,0.9646227914384291,-0.8116884575607153,0.7253984446813113,0.820969259399871,nan,nan
19,13,141808,forward,eps,km^2/s^2,26930,26930.0,0.0,-0.9351539191118167,0.02302633904104117,-0.9673409494777018,-0.8951190040501263,0.07222194542757543,-0.9830183099074399,-0.8092117788852258,0.1738065310222141,0.5029608511160937,0.039729487928097426,0.12210626627949295,nan,nan
19,14,16000,forward,eps,km^2/s^2,355,355.0,0.0,-0.20781206749758063,0.34414619021257487,-0.9597576588489185,-0.11431424705478896,0.8454434117941295,-1.020440955040417,-0.04492689432768027,0.9755140607127367,-0.5900327471351701,0.7858870004334527,0.8465702966249512,nan,nan
19,15,74518,forward,eps,km^2/s^2,13890,13890.0,0.0,-0.19674345841883067,0.07248349650839049,-0.23023443810741465,-0.12888944494451116,0.10134499316290349,-0.856541275200087,-0.11852374682378519,0.7380175283763019,-6.699245510276172,0.06871342347172632,0.6604280975123632,nan,nan
19,16,45926,forward,eps,km^2/s^2,4471,4471.0,0.0,-0.18284166221354947,0.07692013642808596,-0.21988263866409224,-0.0936064513331275,0.12627618733096474,-0.979689980049135,-0.04477505011331018,0.9349149299358248,-6.5026355841059456,0.08463353967893106,0.81028066935311,nan,nan
19,17,153904,forward,eps,km^2/s^2,8021,8021.0,0.0,-0.17953831251278596,0.07865990261815617,-0.2561658896057448,-0.11244797910482063,0.1437179105009242,-1.0132425140509675,-0.06780546489835193,0.9454370491526156,-5.8140448619046605,0.08389143861504333,0.8175527958757384,nan,nan
19,18,133750,forward,eps,km^2/s^2,3860,3860.0,0.0,-0.8635685285485737,0.05274343374799654,-0.9735911739082134,-0.8112538447129746,0.1623373291952388,-1.0205829238249695,-0.8067544423545633,0.21382848147040623,-0.5444759605706785,0.09528650270123339,0.11451951298816199,nan,nan
19,0,181750,forward,e,-,47016,47016.0,0.0,0.6938701947040842,0.1006799001976915,0.5221900245797715,0.8274096614309763,0.3052196368512048,0.2228652472327296,0.8597500074356198,0.6368847602028902,-0.3403492717644597,0.17990593695905582,0.47923071430609765,nan,nan
19,1,154799,forward,e,-,172,172.0,0.0,0.48242923004957516,0.1474835964377508,0.23951574801614886,0.7228639617414132,0.4833482137252644,0.1698141830836259,0.8887012718543874,0.7188870887707615,0.2688594156281055,0.2605357349145122,0.4048240259543841,nan,nan
19,2,22050,forward,e,-,1975,1975.0,0.0,0.23026872788330485,0.15098784381941652,0.18867717873843023,0.7139561453629447,0.5252789666245145,0.16971236327555636,0.8954250633070769,0.7257127000315206,2.79485584724851,0.49733640739084534,0.6788053253349775,nan,nan
19,3,18261,forward,e,-,17002,17002.0,0.0,0.4824432036395456,0.05984464675972911,0.35909679332705746,0.5449630402774397,0.18586624695038223,0.3288583836429478,0.5562090261526239,0.22735064250967613,-0.5273413819299919,0.11106946839678508,0.1413078780808948,nan,nan
19,4,165967,forward,e,-,4572,4572.0,0.0,0.5138084708220025,0.2038098438746319,0.1846832711720396,0.7422756065904571,0.5575923354184176,0.17117027507337262,0.7506671371342102,0.5794968620608376,-0.1366894069308849,0.5142192112667445,0.5277322073654114,nan,nan
19,5,33028,forward,e,-,1603,1603.0,0.0,0.3969928738256514,0.05756203248060941,0.36190247434648537,0.515716733917144,0.15381425957065864,0.35907069968116695,0.7437231962695249,0.38465249658835793,2.279530197067695,0.11228333818907482,0.3402898005414557,nan,nan
19,6,221062,forward,e,-,4759,4759.0,0.0,0.267258772787904,0.06181770560620636,0.19291678102141205,0.40840257562340604,0.215485794601994,0.17108557576733655,0.572955757279698,0.40187018151236154,1.8307745373229267,0.15318213987017978,0.3177353215264718,nan,nan
19,7,149905,forward,e,-,30576,30576.0,0.0,0.33504880792153585,0.05214240323577027,0.2658006184132817,0.4335879214918952,0.1677873030786135,0.1716128968919359,0.5086034090391451,0.3369905121472092,0.182638535120203,0.16986092642184888,0.24487641396909882,nan,nan
19,8,88967,forward,e,-,9788,9788.0,0.0,0.3688277326211056,0.06451518381026809,0.2927854109961778,0.5001721361512791,0.20738672515510131,0.18982757206028292,0.5233191431124038,0.3334915710521209,0.43597757265514286,0.11395300673943264,0.20227827955954306,nan,nan
19,9,23187,forward,e,-,12448,12448.0,0.0,0.45164832512971764,0.08134452757293437,0.3877802316780421,0.6280703442692731,0.240290112591231,0.1872196631360865,0.664556785088244,0.4773371219521575,0.447091552816073,0.17593174672499004,0.26925457101136313,nan,nan
19,10,33619,forward,e,-,2966,2966.0,0.0,0.38615721408225556,0.08870785980701848,0.21056572081586483,0.5104661978929008,0.299900477077036,0.16857236846964585,0.572716237374,0.40414386890435416,-0.3711086523288567,0.21608749842048647,0.25808085076670545,nan,nan
19,11,36141,forward,e,-,2059,2059.0,0.0,0.5622638037639975,0.18761330046783897,0.2729451251797708,0.8868390201333977,0.6138938949536268,0.17020378480203383,0.8952125964134294,0.7250088116113956,0.026914673905139536,0.37185926230860405,0.4746006026863411,nan,nan
19,12,168676,forward,e,-,1595,1595.0,0.0,0.5005965200024887,0.16496825246292446,0.22431759981537872,0.7254255782446163,0.5011079784292376,0.17100555090973987,0.8956399397956282,0.7246343888858883,-0.004914995882586744,0.3277159963236677,0.37619656296934034,nan,nan
19,13,141808,forward,e,-,26930,26930.0,0.0,0.44644942133506893,0.038794491542315374,0.3774704073575173,0.4967994299825778,0.11932902262506051,0.17896209033512667,0.5195540133056853,0.3405919229705586,-0.886971652109279,0.06512004734470475,0.26115994622705274,nan,nan
19,14,16000,forward,e,-,355,355.0,0.0,0.5009971464737236,0.16007390153388446,0.22303883152892037,0.7268145332103743,0.5037757016814539,0.17765339829611665,0.892947970469117,0.7152945721730004,-0.034118694968683944,0.35831492087734895,0.40370035411015265,nan,nan
19,15,74518,forward,e,-,13890,13890.0,0.0,0.5236788449718047,0.0906914060794398,0.43586894617798905,0.6915444595312645,0.2556755133532755,0.17015982740479887,0.7166692959535834,0.5465094685487846,0.002872170013498503,0.17008534343773182,0.35492658074530314,nan,nan
19,16,45926,forward,e,-,4471,4471.0,0.0,0.5595121287196678,0.10304323531303347,0.46584509615081166,0.7768968508974582,0.31105175474664654,0.16987312589813894,0.8933267906436945,0.7234536647455555,0.3776138771891987,0.20749852336875346,0.42322665187286435,nan,nan
19,17,153904,forward,e,-,8021,8021.0,0.0,0.5671643144249278,0.11295242066246945,0.3631626167847017,0.7313255124369329,0.3681628956522312,0.17006665311222163,0.8384885339059525,0.6684218807937308,-0.4063054127095927,0.20641633291380213,0.3563001349736122,nan,nan
19,18,133750,forward,e,-,3860,3860.0,0.0,0.31658590860155345,0.10244912232348337,0.1849094890021786,0.5060966272476809,0.32118713824550227,0.17001816509090778,0.572619520313711,0.4026013552228032,0.3129202570581861,0.2120101434603248,0.2269014673715956,nan,nan
19,0,181750,forward,w,deg,47016,47016.0,0.0,-3.8528476641615015,19.313853699734093,-22.828015435986543,38.115720784843106,60.94373622082965,-130.86826000618697,81.5171378272048,212.38539783339178,0.9201940399730936,37.15828443434099,131.83321947114186,175.45034792255072,0.9450392704320585
19,1,154799,forward,w,deg,172,172.0,0.0,26.312352070488473,80.51904381642139,-113.64462380733002,129.38289653973322,243.02752034706324,-177.54435718681236,178.06072608638578,355.60508327319815,0.10609902771954059,171.49458851276339,179.52600672896733,229.93547538845726,0.27916551748618745
19,2,22050,forward,w,deg,1975,1975.0,0.0,-4.054071445149816,40.71509609443335,-27.490414741342335,123.74686370517341,151.23727844651575,-177.79586824716876,178.8145721224446,356.61044036961334,1.9340699030606943,136.8892505832676,177.98306545257583,162.97959055465523,0.8328887003099892
19,3,18261,forward,w,deg,17002,17002.0,0.0,-1.6176576056362535,9.95769832167489,-12.155815244560916,17.228982930205003,29.38479817476592,-13.416233940102586,49.75051920931975,63.166753149422334,1.3689790189809157,23.521600672695282,56.04313695181003,302.82572609097946,0.9851234645178998
19,4,165967,forward,w,deg,4572,4572.0,0.0,-19.732762129104003,72.58852146272231,-72.10444748033369,115.38044394388714,187.48489142422085,-179.5349625390886,179.98490013187967,359.5198626709683,0.213614847153305,162.29856811588888,179.98488585706338,290.6506388951576,0.38177841915727423
19,5,33028,forward,w,deg,1603,1603.0,0.0,-4.7445675341009235,35.44040829247714,-29.141199621572408,50.202579633953235,79.34377925552565,-178.80754398080452,177.5687621863562,356.3763061671607,-1.7725381021439985,54.902735858651006,179.9789589053716,211.04344819474966,0.8704615300175657
19,6,221062,forward,w,deg,4759,4759.0,0.0,-6.118764609387313,23.995107156445076,-24.472116038685932,52.36991759424411,76.84203363293004,-34.602179059326886,111.00611316668778,145.60829222601467,1.3525655033653532,64.07463532591704,122.71083089836065,59.88719312853098,0.918032169673613
19,7,149905,forward,w,deg,30576,30576.0,0.0,-2.8542746329532775,17.875116536063057,-21.3071247267045,32.55172919873163,53.85885392543613,-24.04883588962798,99.66786151638217,123.71669740601016,1.3104155142870413,34.42362079811212,101.53975311576266,15.225516099404931,0.9534732579886618
19,8,88967,forward,w,deg,9788,9788.0,0.0,-3.2360054404022094,19.449291715909325,-22.614448353376005,39.02732820840348,61.64177656177949,-24.075524718881184,80.5208861431816,104.59641086206278,0.8660108831354091,42.360491398079354,83.85404933285747,313.52282476771063,0.9441785164398621
19,9,23187,forward,w,deg,12448,12448.0,0.0,-3.9063594033573708,34.87949925791286,-21.833580601070256,36.055925511330884,57.889506112401136,-179.9498302966771,179.8424813156936,359.79231161237067,0.5946542289678193,45.60944807921912,179.85740529519907,185.0552804251698,0.8890587711705523
19,10,33619,forward,w,deg,2966,2966.0,0.0,4.065494276033675,31.678070978662728,-69.35638082304561,42.655902397939066,112.01228322098467,-78.90114435339189,86.26397634955629,165.16512070294817,-0.6762159519644716,70.1779283255909,86.44421111658528,39.60675605807727,0.8592246410218723
19,11,36141,forward,w,deg,2059,2059.0,0.0,-4.773574627241999,66.47232981794639,-144.04555585502,146.97398134993992,291.01953720495993,-178.9253347770342,179.9411572012272,358.8664919782614,0.22955325063375837,163.15267591435517,179.87999342054036,306.5801902070645,0.6045432677978584
19,12,168676,forward,w,deg,1595,1595.0,0.0,-0.6261923471701891,89.01345562155348,-170.7480069272199,158.63430473545571,329.38231166267565,-179.80278610456895,179.2261297666579,359.02891587122684,-0.0949324190887583,173.6692220737865,179.9745312062372,28.3561901941698,0.34003442348671936
19,13,141808,forward,w,deg,26930,26930.0,0.0,-3.074638926810451,15.48177916388458,-17.60456719774761,27.27039100628071,44.87495820402832,-18.38532231805857,93.91231299035428,112.29763530841285,1.2099923610953287,40.3254394164264,106.96736140050001,8.872416709721014,0.9645925324928589
19,14,16000,forward,w,deg,355,355.0,0.0,-2.2745786434158504,92.63416834592552,-171.06241801866187,152.96445972755046,324.02687774621234,-179.83131144203105,178.35268314378413,358.1839945858152,-0.07435050458699971,175.77109927792617,179.99854946608326,44.223496237558976,0.256223948802805
19,15,74518,forward,w,deg,13890,13890.0,0.0,-3.639446090761524,25.589239992764305,-25.406271503914276,39.52854561730791,64.93481712122218,-179.1408720465454,179.30560642689426,358.4464784734397,1.2270479189263386,47.658482243609186,179.84822163002002,189.2023089853437,0.9204139334039433
19,16,45926,forward,w,deg,4471,4471.0,0.0,-0.9688599655313794,25.10669592373845,-33.845764689337614,32.71820563710273,66.56397032644034,-179.2030974401298,177.44438836599022,356.64748580612,-0.38194210827184133,42.028951424229476,179.73941755334604,239.51334867521385,0.9262906518863979
19,17,153904,forward,w,deg,8021,8021.0,0.0,-2.519821747867013,26.552913526629304,-39.10205689219569,43.64765562293803,82.74971251513372,-159.15929700461928,153.75877864594156,312.9180756505608,0.750020269676013,59.78428351588616,169.1307872404717,287.7966901107685,0.9063179975127698
19,18,133750,forward,w,deg,3860,3860.0,0.0,4.423267196394221,33.022678104166246,-55.77226235383395,48.805993235947405,104.57825558978135,-71.16906147288282,100.5110592896977,171.68012076258051,-0.17209120308467085,60.08039568485502,101.07040736358391,118.74991438945978,0.8442502166527961
22,0,181750,backward,eps,km^2/s^2,46985,46985.0,0.0,-0.12561263795959532,0.038384050472753936,-0.19218321059592253,-0.07197222354229385,0.12021098705362868,-0.20464305456607867,-0.058817793307683885,0.1458252612583948,-0.15540185422838548,0.0649342710704837,0.07294741646765712,nan,nan
22,1,14264,backward,eps,km^2/s^2,303,303.0,0.0,-0.8636095087329121,0.05430395408895146,-0.9725918000101466,-0.8190662990865747,0.15352550092357187,-1.0176690233481307,-0.8068393667227801,0.21082965662535058,-0.6566602290887771,0.14456327577829936,0.18964049911628356,nan,nan
22,2,21401,backward,eps,km^2/s^2,1060,1060.0,0.0,-0.8295157225101386,0.03961422681707354,-0.9577616265244581,-0.8246708106950172,0.13309081582944082,-1.020754723273971,-0.8219637802093935,0.19879094306457756,-2.1887314112434972,0.1291509277078816,0.19214402445739465,nan,nan
22,3,68790,backward,eps,km^2/s^2,8011,8011.0,0.0,-0.9861873748495168,0.01097357207969403,-1.0039009973508914,-0.9674723874513526,0.03642860989953889,-1.0086547271271056,-0.9466583887412345,0.06199633838587104,0.12673356046071932,0.029000703402778383,0.0498147021128964,nan,nan
22,4,164821,backward,eps,km^2/s^2,4138,4138.0,0.0,-0.24563524583524976,0.01757647319683666,-0.25821071479776203,-0.20456786828468101,0.053642846513081016,-0.2593276385082858,-0.17313710940135152,0.08619052910693425,0.8733543184887671,0.03992868060979778,0.07135943949312729,nan,nan
22,5,33028,backward,eps,km^2/s^2,1629,1629.0,0.0,-0.8244365500948734,0.019409521994073232,-0.8624485735818536,-0.8075411396339535,0.0549074339479001,-1.0207392989867343,-0.8064439402549758,0.21429535873175853,-1.4578282942042804,0.040225394225202875,0.19851611963008364,nan,nan
22,6,111153,backward,eps,km^2/s^2,11084,11084.0,0.0,-0.17410121564233755,0.02201313603390708,-0.20997128272373394,-0.14091184239326449,0.06905944033046946,-0.21685715784823323,-0.10586809319886892,0.11098906464936431,0.13950423336794587,0.03786071301904595,0.07123501500772678,nan,nan
22,7,211064,backward,eps,km^2/s^2,21968,21968.0,0.0,-0.23261628589215577,0.013789746214763364,-0.24889994045179725,-0.20360539037913158,0.04529455007266567,-0.258155544271637,-0.1882043666753258,0.0699511775963112,0.5043298837366514,0.02697761144708904,0.04227312202874289,nan,nan
22,8,9377,backward,eps,km^2/s^2,3037,3037.0,0.0,-0.9232578654213324,0.025192983699145324,-0.9586829938137759,-0.8802918642871463,0.07839112952662952,-0.962106439474604,-0.848097917906325,0.1140085215682789,0.1803903270832251,0.044634869117981306,0.0768288154988026,nan,nan
22,9,12322,backward,eps,km^2/s^2,1046,1046.0,0.0,-0.815881463023524,0.03497481241290803,-0.8250251792222838,-0.8077015226601277,0.017323656562156065,-0.8650264245822996,-0.25651576091074857,0.608510663671551,15.477948018344918,0.009563111922326867,0.55904215076444,nan,nan
22,10,100423,backward,eps,km^2/s^2,3526,3526.0,0.0,-0.9212611541864967,0.046030510811931616,-0.9779198861907186,-0.8285317201368709,0.14938816605384764,-1.0014214497526746,-0.8065266032009923,0.1948948465516822,0.4489635065985843,0.08415522165461792,0.09947434825676593,nan,nan
22,11,36141,backward,eps,km^2/s^2,2038,2038.0,0.0,-0.8857261862226224,0.05186702119077061,-0.9751358631283465,-0.8277863759082275,0.1473494872201191,-1.0207786020554366,-0.8206074327557955,0.20017116929964107,-0.2810597606499147,0.07992706967641258,0.11371106250473129,nan,nan
22,12,160348,backward,eps,km^2/s^2,1621,1621.0,0.0,-0.1906959164699964,0.04662458716286116,-0.2558702991789714,-0.11453419702501833,0.1413361021539531,-0.2595672674968075,-0.04380722131250103,0.21576004618430644,0.22939702308742585,0.07428215720971143,0.14500913292222872,nan,nan
22,13,144186,backward,eps,km^2/s^2,25067,25067.0,0.0,-0.18850801690213503,0.03283757503320042,-0.22716260732388152,-0.12925371135976121,0.09790889596412031,-0.24385773599363303,-0.11906598136760416,0.12479175462602887,0.29154749297557286,0.06371730714909336,0.07390503714125041,nan,nan
22,14,43405,backward,eps,km^2/s^2,5471,5471.0,0.0,-0.8523615841715011,0.026775890465437813,-0.9064756090311961,-0.8305459946645455,0.07592961436665058,-1.020836128343177,-0.8068607798424272,0.21397534850074984,-1.298755129762515,0.06052006083669931,0.17488058014868035,nan,nan
22,15,74518,backward,eps,km^2/s^2,13111,13111.0,0.0,-0.9391556006842109,0.017571691446568588,-0.9681839302966976,-0.9121680195078878,0.05601591078880974,-1.016166401552411,-0.9012620367006913,0.11490436485171973,-0.0722800728106032,0.04616157614264166,0.0578529355971108,nan,nan
22,16,34315,backward,eps,km^2/s^2,2534,2534.0,0.0,-0.9121140416110379,0.04705376243742896,-0.9774578167654089,-0.8366617894957422,0.14079602726966667,-1.0207437552380227,-0.8063623697289342,0.21438138550908858,0.20396928409576665,0.0769965556484847,0.10813905884841246,nan,nan
22,17,153904,backward,eps,km^2/s^2,8089,8089.0,0.0,-0.169359119760501,0.03534258699503865,-0.20958174550046424,-0.11142173240493831,0.09816001309552592,-0.24551004699574264,-0.044138872659411854,0.20137117433633078,0.20271277900489865,0.06269942738730055,0.1298569149722194,nan,nan
22,18,132574,backward,eps,km^2/s^2,3863,3863.0,0.0,-0.14237968751367092,0.05549912718741714,-0.21323926040372776,-0.047243557051964966,0.16599570335176278,-0.2446692737261582,-0.043879077490019736,0.20079019623613847,0.2673211607473512,0.10273376197601498,0.10609824153796021,nan,nan
22,19,220939,backward,eps,km^2/s^2,4674,4674.0,0.0,-0.21366731205626516,0.04240781411941865,-0.25472892674134173,-0.12092193864679053,0.13380698809455122,-0.2582250091029896,-0.09022618718507691,0.1679988219179127,0.6567816475736268,0.08605916990499422,0.11675492136670784,nan,nan
22,20,45979,backward,eps,km^2/s^2,11758,11758.0,0.0,-0.8752114855043831,0.020791928743297577,-0.9060353183183535,-0.840276654552345,0.06575866376600847,-0.9116388916753617,-0.81344707414959,0.09819181752577166,0.11958470715431835,0.03724801234976685,0.06407759275252178,nan,nan
22,21,17178,backward,eps,km^2/s^2,13045,13045.0,0.0,-0.8949119739573312,0.03272949401086613,-0.9596403851261057,-0.8553350664303272,0.10430531869577853,-0.9828645847916133,-0.8455281706683686,0.1373364141232447,-0.41166538647079304,0.0565246838887895,0.07950495545936331,nan,nan
22,0,181750,backward,e,-,46985,46985.0,0.0,0.6996110712790037,0.09343734566263621,0.535341537021517,0.8284390304146669,0.29309749339314994,0.5036808616913682,0.8598376401626954,0.3561567784713272,-0.17858083731963742,0.15845171860661578,0.1815043426148757,nan,nan
22,1,14264,backward,e,-,303,303.0,0.0,0.3158932049182244,0.10416242667999456,0.2088552061943191,0.5047185508032559,0.2958633446089368,0.17006358404121355,0.5687330050081139,0.3986694209669003,0.44369982733933205,0.27129836767652354,0.33531282188138156,nan,nan
22,2,21401,backward,e,-,1060,1060.0,0.0,0.2377345615639249,0.07699048605055725,0.22497621862968142,0.4820490238536508,0.25707280522396936,0.21752467444325066,0.5728758045889726,0.35535113014572195,1.9339734916409363,0.2467535620348325,0.33758034277015436,nan,nan
22,3,68790,backward,e,-,8011,8011.0,0.0,0.5245522135110084,0.015945222336936286,0.49677449674800567,0.54972754781035,0.05295305106234438,0.4650891967942428,0.5563450703171937,0.09125587352295089,-0.1774837572640459,0.042542227754183704,0.07422752770794655,nan,nan
22,4,164821,backward,e,-,4138,4138.0,0.0,0.3925894205723405,0.04789081393190939,0.35661532937925067,0.5027506620867195,0.1461353327074688,0.35333869863390605,0.5839140828773423,0.2305753842434362,0.8264185425796082,0.10728161725105763,0.1884450380416804,nan,nan
22,5,33028,backward,e,-,1629,1629.0,0.0,0.2241238618013545,0.04852083035476334,0.17266545356318141,0.313896319991869,0.1412308664286876,0.16891681672627307,0.57285141266025,0.4039345959339769,0.7877657416317794,0.09507792212584389,0.3540330147942249,nan,nan
22,6,111153,backward,e,-,11084,11084.0,0.0,0.580417193290407,0.055083927358438575,0.4889478953763851,0.6622890656191976,0.17334117024281254,0.47090499557657944,0.7475373127371864,0.27663231716060693,0.0976264165585616,0.09567114240660296,0.1746857237666133,nan,nan
22,7,211064,backward,e,-,21968,21968.0,0.0,0.429294307038487,0.03738853201365815,0.3838979483753468,0.5066057781654724,0.12270782979012557,0.35685617807242725,0.5462144328054643,0.18935825473303708,0.44709539801529846,0.07338976105942319,0.11060420551916889,nan,nan
22,8,9377,backward,e,-,3037,3037.0,0.0,0.42608644660187833,0.04325538943319395,0.3485556321056961,0.48321203257551504,0.13465640046981892,0.2819396020293357,0.4886187474756036,0.20667914544626786,-0.2789216011798253,0.08029556127574397,0.1469115913521044,nan,nan
22,9,12322,backward,e,-,1046,1046.0,0.0,0.1995937769927799,0.019174912694675136,0.1734196717298369,0.22623498759249108,0.05281531586265417,0.16819393098549065,0.36207041698533016,0.1938764859998395,2.5390827032155743,0.028404896221176243,0.16345756516683485,nan,nan
22,10,100423,backward,e,-,3526,3526.0,0.0,0.42354440895530165,0.08519961913415225,0.23603219610584703,0.5126089746213197,0.2765767785154727,0.16915703389195855,0.5463402149226494,0.3771831810306908,-0.7691713447197932,0.16146136260504507,0.22833652481893355,nan,nan
22,11,36141,backward,e,-,2038,2038.0,0.0,0.35976935891476236,0.0967733970209395,0.23354189500133493,0.5084585168686258,0.2749166218672908,0.21103584373457032,0.5728973064372875,0.36186146270271724,0.10726485456702539,0.16607846238144525,0.1876540065095719,nan,nan
22,12,160348,backward,e,-,1621,1621.0,0.0,0.5390829506142782,0.11834664498466266,0.36351361381092867,0.7262887472745538,0.36277513346362517,0.35264176551903914,0.8956261106421681,0.542984345123129,0.13551401765445745,0.18704083095624968,0.35186543692633354,nan,nan
22,13,144186,backward,e,-,25067,25067.0,0.0,0.5443310988004709,0.08268370658936636,0.4440450729257798,0.6906625420453681,0.24661746911958832,0.39743774603883136,0.7153514309286378,0.3179136848898065,0.25901796515794073,0.1576639014917775,0.18235279037504715,nan,nan
22,14,43405,backward,e,-,5471,5471.0,0.0,0.2924502189871594,0.05426239292649674,0.2404179777972562,0.3979522692588832,0.157534291461627,0.17028196900333534,0.5729713754320799,0.4026894064287445,0.8271417291660982,0.11982855614509386,0.2948476623182905,nan,nan
22,15,74518,backward,e,-,13111,13111.0,0.0,0.4529167501872993,0.028286383438740258,0.40792343748091137,0.4980556696851768,0.09013223220426542,0.3888909181254845,0.5665585488567753,0.17766763073129077,0.003473597332745209,0.0751726407430654,0.09417978715676212,nan,nan
22,16,34315,backward,e,-,2534,2534.0,0.0,0.40767496361980693,0.08628706749425405,0.25477744188524976,0.5118646385236568,0.25708719663840707,0.1685914010438332,0.5728380058839121,0.4042466048400789,-0.49255256830185135,0.15421244837427492,0.2397292549677037,nan,nan
22,17,153904,backward,e,-,8089,8089.0,0.0,0.5925124807598169,0.08751245165484092,0.49077138448881624,0.7338391797854543,0.24306779529663808,0.39264924823488095,0.8948398682898845,0.5021906200550035,0.17629526953064625,0.15330113635610673,0.31382776582585825,nan,nan
22,18,132574,backward,e,-,3863,3863.0,0.0,0.6588573871245886,0.13572477135899286,0.4812853009002951,0.8874273929909063,0.40614209209061125,0.3966677464947184,0.8954556794646302,0.4987879329699118,0.2369706671202064,0.24713938756112203,0.25516767403484597,nan,nan
22,19,220939,backward,e,-,4674,4674.0,0.0,0.4801497800659419,0.10899546310566369,0.36704351441637495,0.7113346238433076,0.34429110942693264,0.3566637372686819,0.7849756298108841,0.4283118925422022,0.5775331636259461,0.21312298903187937,0.2867639949994558,nan,nan
22,20,45979,backward,e,-,11758,11758.0,0.0,0.3398147165063271,0.04192097160908511,0.2641845538079772,0.3971343267333072,0.13294977292533,0.19306475727708172,0.4070149161079655,0.21395015883088375,-0.25750574733239884,0.0801220106208199,0.15124180715171537,nan,nan
22,21,17178,backward,e,-,13045,13045.0,0.0,0.3764863613664599,0.058642109989873056,0.2977956937425595,0.4848243782612631,0.18702868451870364,0.2759808255270147,0.5196946335832259,0.24371380805621118,0.26367764327519355,0.10098355528079818,0.12791744714887737,nan,nan
22,0,181750,backward,w,deg,46985,46985.0,0.0,-0.5884876233208729,4.445906741276407,-5.832632314826912,9.959312037649555,15.791944352476467,-7.363374936636859,15.397670719771327,22.761045656408186,1.134655834965006,15.02242973321525,20.460788415336992,20.64379072697462,0.9969961527188497
22,1,14264,backward,w,deg,303,303.0,0.0,-1.2104843096000195,10.611004478049539,-26.297156466882672,15.532432474909386,41.82958894179206,-30.17113167311163,17.713079175500752,47.88421084861238,-0.726801852382408,25.453889203143767,29.32786440937278,201.7739664523037,0.9830297321269664
22,2,21401,backward,w,deg,1060,1060.0,0.0,0.4887684952408762,6.542809637162364,-12.65898377242014,10.918476690757744,23.577460463177886,-34.93352352876104,13.029798044527809,47.96332157328885,-0.6472547553484012,12.898012367234893,33.726142878565554,206.66805316120275,0.9935167761056628
22,3,68790,backward,w,deg,8011,8011.0,0.0,-0.6615649545310305,5.714125605186899,-8.216835107644187,10.538315938867086,18.755151046511273,-10.353106418905298,17.26439757959386,27.61750399849916,0.4179283805468637,10.281415054942059,16.70381172750311,191.07254887922667,0.9950367490400244
22,4,164821,backward,w,deg,4138,4138.0,0.0,2.1200397929380017,5.3099515264324735,-11.65773165352476,4.717415827685059,16.37514748120982,-18.059818812566107,4.929647703354789,22.989466515920896,-1.2279203989680263,15.363681596852919,21.7657687558943,32.00952013426316,0.9957163902060678
22,5,33028,backward,w,deg,1629,1629.0,0.0,8.041579849733324,16.121130121818574,-31.960129730890362,13.784471935817884,45.74460166670825,-33.17353493937142,14.101191558286985,47.274726497658406,-0.894273480640504,42.225107572700765,43.43851278118183,204.71933653447408,0.961009051683501
22,6,111153,backward,w,deg,11084,11084.0,0.0,1.1405732789267375,4.419702945674002,-13.450037076414528,4.0985201573942,17.54855723380873,-18.16671446194448,6.319417242056289,24.48613170400077,-2.085277561811035,15.245062759836571,19.961740145366548,29.626799287837073,0.9970356062305317
22,7,211064,backward,w,deg,21968,21968.0,0.0,0.18360667659442242,5.260396806900752,-8.261624431642817,7.509241506020735,15.770865937663551,-11.506420387744953,10.133145794650858,21.63956618239581,-0.055675602422674095,11.006777814466565,13.630682103096717,26.21771277756935,0.9957908465756886
22,8,9377,backward,w,deg,3037,3037.0,0.0,-0.6821304091206741,4.0508729255962725,-2.689481449017728,6.811352652959338,9.500834101977066,-3.1540043853784994,28.466904150190373,31.620908535568873,4.579785932346353,7.790448889911525,29.44600038714256,183.27946345662033,0.9975282280989753
22,9,12322,backward,w,deg,1046,1046.0,0.0,2.637609892743484,13.790331202267907,-18.213206488408396,11.622221722085783,29.83542821049418,-175.3524446639486,17.651581877266864,193.00402654121547,-7.779635292972632,19.409644637328576,176.54888281286878,201.40993841690175,0.9810543518661586
22,10,100423,backward,w,deg,3526,3526.0,0.0,1.1861321005852687,9.580292308129717,-15.268459098829489,13.63439207773041,28.9028511765599,-26.66201173892341,14.164797734331472,40.82680947325488,-0.20157144036310712,24.60147990216837,35.995032542262294,205.88649610153848,0.9860784791971658
22,11,36141,backward,w,deg,2038,2038.0,0.0,-1.5983852235069378,9.481732313807939,-8.973755411271714,15.773168411380665,24.746923822652377,-29.584188151504634,19.270892404051153,48.85508055555579,-0.4088754319571942,22.373513558425472,24.477448620525905,201.0837495165211,0.9864276248816618
22,12,160348,backward,w,deg,1621,1621.0,0.0,-0.853356108093493,5.114961740518022,-7.211920003076187,9.972757828893606,17.184677831969793,-15.360581186131839,11.093900488122586,26.454481674254424,0.3233367347066999,9.95913733138886,15.720915566727854,25.963362039457206,0.996024200829311
22,13,144186,backward,w,deg,25067,25067.0,0.0,0.03462780741915594,2.174365023742914,-3.5656616807767847,3.333623365080864,6.899285045857649,-14.248681645147286,8.010131255538994,22.25881290068628,-0.23720698938291443,5.201494686016147,15.837004142571402,27.80285346630064,0.9992802315291325
22,14,43405,backward,w,deg,5471,5471.0,0.0,2.7033743260709286,7.710966065581019,-11.82705046619165,9.252928354808503,21.079978821000154,-37.68257809712085,10.510807646446295,48.19338574356715,-1.685317154338086,15.505516581309053,41.361044212238255,209.1862677144902,0.9910472615567091
22,15,74518,backward,w,deg,13111,13111.0,0.0,-0.3381635589181542,4.695279009347309,-6.810807458807147,7.995115048930927,14.805922507738075,-27.06321198810113,13.399388549047472,40.4626005371486,0.14519817786725092,10.111210634500097,25.00105097569181,200.82419481517013,0.9966484761606842
22,16,34315,backward,w,deg,2534,2534.0,0.0,-0.9703563141531362,7.641961138599449,-5.8703916951066075,19.458492949527336,25.328884644633945,-25.513573232446134,23.262639452179116,48.77621268462525,0.9350323210734117,22.735131764328763,25.960804811004294,196.96597888444506,0.9911874681076795
22,17,153904,backward,w,deg,8089,8089.0,0.0,-0.19664950568815698,3.5672638074986414,-4.971987218168163,8.068639938344134,13.040627156512297,-13.746352849027915,12.446292772871146,26.19264562189906,0.7608155939268781,9.157139582003541,14.449020359013815,24.334024662887703,0.998065981812527
22,18,132574,backward,w,deg,3863,3863.0,0.0,1.9367589217060015,6.337444503029992,-10.867327346591074,8.463075334467414,19.330402681058487,-11.21519625975506,15.232833008478508,26.44802926823357,-0.4893387956920135,13.430777859275272,13.77864677243926,21.830302961061882,0.9938976594044208
22,19,220939,backward,w,deg,4674,4674.0,0.0,-2.0377546051566924,8.526865691160658,-10.167048689669345,13.262512226975208,23.429560916644554,-11.10025575070182,13.903374149767103,25.003629900468923,0.38720060338173684,19.145405600624986,19.786267523416882,22.45701987008286,0.9889595761550763
22,20,45979,backward,w,deg,11758,11758.0,0.0,-0.12423614538720074,3.410645816426151,-5.299953894664888,5.647183815100372,10.947137709765261,-10.002850668708987,11.6922535948693,21.695104263578287,0.05114737802930078,6.125357369658889,11.262551754057966,205.36602431314606,0.9982294152367953
22,21,17178,backward,w,deg,13045,13045.0,0.0,-0.5471047028715645,3.8858601130795623,-5.2052388758681385,6.264708341070394,11.469947216938532,-6.343681754320954,21.626111998084497,27.96979375240545,1.0859400228952625,7.422676632219355,22.784080289233458,189.96330022142598,0.9977052359091564
22,0,181750,forward,eps,km^2/s^2,46985,46985.0,0.0,-0.12798917905389284,0.04123189517129651,-0.19736676258536812,-0.07239943328886551,0.1249673292965026,-0.8238947527169365,-0.05885393284037144,0.765040819876565,-0.38612245183008653,0.07266433100051647,0.6991923211320848,nan,nan
22,1,14264,forward,eps,km^2/s^2,303,303.0,0.0,-0.2056720922204861,0.32393840271103463,-0.9407589925845269,-0.1120210915439255,0.8287379010406014,-1.020440955040417,-0.04492689432768027,0.9755140607127367,-0.8573006560641172,0.7347730997007963,0.8144550621566866,nan,nan
22,2,21401,forward,eps,km^2/s^2,1060,1060.0,0.0,-0.8283936020434629,0.05309118057454023,-0.9440378570461992,-0.8125087630281989,0.1315290940180004,-1.0201739466041788,-0.04606809117142474,0.9741058554327541,5.1072149649345056,0.12074873494873523,0.7804413898990897,nan,nan
22,3,68790,forward,eps,km^2/s^2,8011,8011.0,0.0,-0.9087383572705547,0.04268783743727361,-0.9833451436210607,-0.8539716470301102,0.12937349659095054,-0.988444367298666,-0.8145741108137772,0.17387025648488885,-0.1941922897660795,0.07187866332121462,0.09714841594401591,nan,nan
22,4,164821,forward,eps,km^2/s^2,4138,4138.0,0.0,-0.19509159186648256,0.3210774721919534,-0.8316828030247331,-0.10751440002193428,0.7241684030027988,-1.0207028886856082,-0.10440653294033575,0.9162963557452725,-0.6238176970520808,0.7042475701905906,0.8932676558514657,nan,nan
22,5,33028,forward,eps,km^2/s^2,1629,1629.0,0.0,-0.24601869967336987,0.1397485129093489,-0.2571663016328066,-0.2053015843920109,0.05186471724079572,-0.980671682301569,-0.10745760176690045,0.8732140805346685,-4.3919045255073,0.10360378987566818,0.7384136813241222,nan,nan
22,6,111153,forward,eps,km^2/s^2,11084,11084.0,0.0,-0.8728798663364731,0.025624095288878088,-0.9283610165809696,-0.8429520037984918,0.08540901278247781,-0.969508084199429,-0.83521241080708,0.13429567339234905,-0.9051667054944844,0.08206279399853465,0.1232098616169941,nan,nan
22,7,211064,forward,eps,km^2/s^2,21968,21968.0,0.0,-0.8756717110913045,0.029929325999653603,-0.933950443426423,-0.838539808657657,0.09541063476876599,-0.9813107122921834,-0.8071892914486543,0.1741214208435291,-0.37448868320606077,0.05661594199223863,0.08771237939608378,nan,nan
22,8,9377,forward,eps,km^2/s^2,3037,3037.0,0.0,-0.8811798566425562,0.02057049976740502,-0.9379640008335347,-0.8611401783598934,0.07682382247364128,-0.982310406265926,-0.854697651065499,0.12761275520042703,-2.2981769879402365,0.059241934839963775,0.10358834027235508,nan,nan
22,9,12322,forward,eps,km^2/s^2,1046,1046.0,0.0,-0.8192569278278552,0.25502864976584544,-0.8808563332176775,-0.11134132425757981,0.7695150089600977,-0.9840399596112792,-0.04389160369217371,0.9401483559191055,1.8415794025727559,0.7077569800359262,0.7752067006013323,nan,nan
22,10,100423,forward,eps,km^2/s^2,3526,3526.0,0.0,-0.9041657623066617,0.039818473071827364,-0.9749445684247569,-0.8469322998406836,0.12801226858407322,-0.9819994090634598,-0.8085486977147093,0.17345071134875056,-0.10975777523496152,0.06857688976795229,0.10294288339075475,nan,nan
22,11,36141,forward,eps,km^2/s^2,2038,2038.0,0.0,-0.17186247108120462,0.27004607319978796,-0.8884600180887557,-0.04691458320489184,0.8415454348838639,-1.0160398633790297,-0.043981079635574294,0.9720587837434554,-1.7609110240782893,0.7403272335513598,0.8679070788416338,nan,nan
22,12,160348,forward,eps,km^2/s^2,1621,1621.0,0.0,-0.20889469278042327,0.32617594472656836,-0.9356873153958161,-0.11529811583040805,0.820389199565408,-1.0084233505739606,-0.04380055913553149,0.9646227914384291,-0.7477272947899773,0.7236082742983464,0.7963443094764909,nan,nan
22,13,144186,forward,eps,km^2/s^2,25067,25067.0,0.0,-0.9366710236595754,0.022206850966965647,-0.967678758605393,-0.8974967580039263,0.07018200060146673,-0.9830183099074399,-0.8092117788852258,0.1738065310222141,0.46502921804949915,0.038409880316340295,0.1246114522777384,nan,nan
22,14,43405,forward,eps,km^2/s^2,5471,5471.0,0.0,-0.18748796913108423,0.08488959240174357,-0.23569000019807224,-0.09991102694450193,0.1357789732535703,-0.979689980049135,-0.0461703378629178,0.9335196421862172,-6.609632656585839,0.08402771466610787,0.8076337314886086,nan,nan
22,15,74518,forward,eps,km^2/s^2,13111,13111.0,0.0,-0.19534045526356802,0.054649006585986794,-0.22872774924668315,-0.12843924529289136,0.1002885039537918,-0.8409721946254286,-0.11840664812713053,0.7225655464982981,-6.946926882065181,0.06835186520535086,0.6448590169377048,nan,nan
22,16,34315,forward,eps,km^2/s^2,2534,2534.0,0.0,-0.9076444314373928,0.048596181665956695,-0.9769431235692154,-0.8134412517032912,0.16350187186592424,-1.0206562915180895,-0.8063625597697947,0.2142937317482948,0.20814609201347942,0.09986267095108364,0.1082914228660724,nan,nan
22,17,153904,forward,eps,km^2/s^2,8089,8089.0,0.0,-0.17890023203736616,0.07382130197037187,-0.2559043747209999,-0.11239318656989807,0.14351118815110186,-1.0132425140509675,-0.04795161883069632,0.9652908952202712,-5.786387488708272,0.08385862663318792,0.8175527958757384,nan,nan
22,18,132574,forward,eps,km^2/s^2,3863,3863.0,0.0,-0.8635894762551523,0.05276962558553003,-0.9737017227817178,-0.8113581728938501,0.1623435498878677,-1.0205829238249695,-0.8067544423545633,0.21382848147040623,-0.5418528928170244,0.09430978487551175,0.11544946728933025,nan,nan
22,19,220939,forward,eps,km^2/s^2,4674,4674.0,0.0,-0.8411944380832603,0.03028678398892446,-0.9078127124912476,-0.8141583821647687,0.09365433032647896,-1.020820045950525,-0.8070918060031312,0.21372823994739376,-2.697251744952271,0.07103350322611662,0.18404083668539406,nan,nan
22,20,45979,forward,eps,km^2/s^2,11758,11758.0,0.0,-0.2252541695191882,0.059005421807630534,-0.24685963925335672,-0.15314577993698328,0.09371385931637344,-0.8927112530593968,-0.13918629282039252,0.7535249602390043,-7.413697817130268,0.06938185835367891,0.6715966001645356,nan,nan
22,21,17178,forward,eps,km^2/s^2,13045,13045.0,0.0,-0.9647170353807021,0.0323978319866742,-1.001885674735352,-0.9027593200076751,0.09912635472767684,-1.0085644016778017,-0.8911775724882298,0.11738682918957188,0.3681985902550961,0.05360946304652538,0.06519121056597066,nan,nan
22,0,181750,forward,e,-,46985,46985.0,0.0,0.6939572999269561,0.10066082162632195,0.5222151559739325,0.8274171536890269,0.3052019977150944,0.22344086774111824,0.8597500074356198,0.6363091396945015,-0.3392729186102384,0.17988080556489466,0.478655093797709,nan,nan
22,1,14264,forward,e,-,303,303.0,0.0,0.5053994008820625,0.1658486590555463,0.22328941548926698,0.7323309390476439,0.509041523558377,0.20285625283815495,0.892947970469117,0.690091717630962,-0.10872036861986166,0.28497622667232897,0.39279380330911795,nan,nan
22,2,21401,forward,e,-,1060,1060.0,0.0,0.23480647243663647,0.08137424826487492,0.18931330470546723,0.4624820706925157,0.2731687659870484,0.16971236327555636,0.8902517038777613,0.7205393406022049,1.9766902101495556,0.2325088762330058,0.6602785094182515,nan,nan
22,3,68790,forward,e,-,8011,8011.0,0.0,0.4014616389992507,0.07429308525324664,0.2949691685956415,0.5204468563171226,0.22547768772148113,0.19655328886674514,0.5278521996736902,0.33129891080694507,0.03990882699831804,0.11682574277216617,0.21010518160763966,nan,nan
22,4,164821,forward,e,-,4138,4138.0,0.0,0.5312490995343142,0.20251141834076078,0.1911571182546803,0.7432225710029697,0.5520654527482894,0.17117027507337262,0.7507077942208744,0.5795375191475018,-0.3228847756938425,0.5040679420252933,0.5240547852066009,nan,nan
22,5,33028,forward,e,-,1629,1629.0,0.0,0.39463552298447047,0.055917467762530766,0.3614695449541986,0.5148536166394215,0.15338407168522294,0.27785373109047,0.7437231962695249,0.46586946517905486,2.1495913982488797,0.11251873441464862,0.3402898005414557,nan,nan
22,6,111153,forward,e,-,11084,11084.0,0.0,0.3350713242991509,0.049034949136648916,0.2704089780220299,0.4352993240383793,0.1648903460163494,0.25298415724703893,0.500122009708595,0.24713785246155606,0.6582697105388612,0.157112117829632,0.22193480349984768,nan,nan
22,7,211064,forward,e,-,21968,21968.0,0.0,0.34080925557417896,0.05896584264734138,0.2603293706231769,0.44465493653163873,0.18432556590846183,0.17140282966523954,0.5170446741396225,0.34564184447438295,-0.04039357184562279,0.11689050621016327,0.20356407924729533,nan,nan
22,8,9377,forward,e,-,3037,3037.0,0.0,0.3503913057356349,0.03695333149572222,0.310020309562229,0.45124680493101665,0.14122649536878767,0.2961950763715573,0.5189711822957721,0.22277610592421482,1.970799984284488,0.1055436942061316,0.17326807157088703,nan,nan
22,9,12322,forward,e,-,1046,1046.0,0.0,0.22626979066771577,0.175461752415979,0.18847963367954457,0.7344020463638002,0.5459224126842557,0.17153859831983675,0.8954250633070769,0.7238864649872402,1.955411798056112,0.5251778075948147,0.6862008245380914,nan,nan
22,10,100423,forward,e,-,3526,3526.0,0.0,0.39382811143682994,0.07190479460515342,0.27986249420970366,0.5080605731521949,0.22819807894249122,0.17689843824555226,0.5185090086168794,0.34161057037132714,-0.14106511435927246,0.12647162194778308,0.2294356779119345,nan,nan
22,11,36141,forward,e,-,2038,2038.0,0.0,0.5862761605054799,0.18359995623169542,0.2872342387797566,0.888229982955324,0.6009957441755673,0.1705568463462666,0.8952125964134294,0.7246557500671629,-0.008206794683768092,0.3575701487086181,0.47424754114210826,nan,nan
22,12,160348,forward,e,-,1621,1621.0,0.0,0.49799547626124196,0.16164983415714573,0.22444148598574243,0.7244722949577331,0.5000308089719907,0.1698141830836259,0.8956399397956282,0.7258257567120023,0.0030131770087396823,0.26949000590437877,0.4112520797425073,nan,nan
22,13,144186,forward,e,-,25067,25067.0,0.0,0.44889273519480394,0.03711298129090948,0.38178622004707,0.4972731608019477,0.1154869407548777,0.17896209033512667,0.5195540133056853,0.3405919229705586,-0.8004794968924747,0.063045513574773,0.26526769890330065,nan,nan
22,14,43405,forward,e,-,5471,5471.0,0.0,0.5475972543272538,0.10124687842856482,0.43005438944442825,0.761800679677199,0.33174629023277075,0.16987312589813894,0.890008058378988,0.720134932480849,0.4899462649998375,0.20696846529252055,0.4166765067018854,nan,nan
22,15,74518,forward,e,-,13111,13111.0,0.0,0.5271262556885699,0.08813373445782861,0.43988386147273917,0.6926678823516055,0.2527840208788663,0.1759040453018719,0.7169528444652796,0.5410487991634078,0.14423344692723966,0.16923298614441762,0.3491823628482301,nan,nan
22,16,34315,forward,e,-,2534,2534.0,0.0,0.39971419229549,0.09153754147294357,0.19045899932547572,0.5110620551033157,0.32060305577784,0.16857236846964585,0.572716237374,0.40414386890435416,-0.558046555567383,0.2174461852873679,0.2393328161431978,nan,nan
22,17,153904,forward,e,-,8089,8089.0,0.0,0.5687170318638177,0.11280634071759622,0.3636184076026932,0.731474059735331,0.36785565213263777,0.17006665311222163,0.88577017291152,0.7157035197992985,-0.3918744353058547,0.2064266637310024,0.35940338482568623,nan,nan
22,18,132574,forward,e,-,3863,3863.0,0.0,0.3166165833779649,0.10248103507047991,0.18509311524541522,0.5062602715078474,0.32116715626243214,0.17001816509090778,0.572619520313711,0.4026013552228032,0.311058819375362,0.21018153620052138,0.22525648635502898,nan,nan
22,19,220939,forward,e,-,4674,4674.0,0.0,0.2668348457201626,0.060572920181436195,0.19301518004931806,0.39995613975493555,0.2069409597056175,0.17108557576733655,0.572955757279698,0.40187018151236154,1.8966819161149147,0.14398615608240503,0.3169857736071675,nan,nan
22,20,45979,forward,e,-,11758,11758.0,0.0,0.449151045290311,0.08106352668824114,0.38977861879279063,0.6323197490544384,0.2425411302616478,0.17717376521115666,0.6664920247996247,0.489318259588468,0.5574962875028557,0.1758106906481507,0.2825434124713688,nan,nan
22,21,17178,forward,e,-,13045,13045.0,0.0,0.49255584071074404,0.051005769683546046,0.3904547814024303,0.5468822337320964,0.15642745232966615,0.36936089581744586,0.5562090261526239,0.18684813033517805,-0.4584047302490808,0.0892048752414374,0.11029876082642187,nan,nan
22,0,181750,forward,w,deg,46985,46985.0,0.0,-3.8423707645986838,19.27278149366189,-22.80218512005189,38.00740109865183,60.80958621870373,-130.00177864591555,81.54389911328644,211.545677759202,0.9269809568713573,37.027211497549644,130.99349939695207,175.42358663646908,0.9452484129711294
22,1,14264,forward,w,deg,303,303.0,0.0,-0.5294867512391761,88.32434495788613,-169.14105539955673,167.75191340970053,336.89296880925724,-179.81887084460823,179.67482824720503,359.49369909181326,-0.0889470340935654,170.825935799464,179.95164725919028,51.67701313426312,0.353015947781671
22,2,21401,forward,w,deg,1060,1060.0,0.0,-3.2395222800472823,23.22151131374949,-23.632153195019118,47.88655378689002,71.51870698190913,-160.24613235225132,150.5266230801558,310.7727554324071,1.3466604165476537,56.92231138264564,156.74354823345777,158.8158204233627,0.9305437848490816
22,3,68790,forward,w,deg,8011,8011.0,0.0,-1.9341204924622843,13.20707276626246,-17.00695799362302,24.607815756223772,41.61477374984679,-19.066399734551283,60.924408946280835,79.99080868083212,0.7642662164201621,28.0222700238495,64.33886321390656,309.35003499252605,0.9738178136140643
22,4,164821,forward,w,deg,4138,4138.0,0.0,-16.327442095358634,67.69599033249077,-60.858350125562986,118.21043748405897,179.06878760962195,-179.99067325055552,179.12323362592315,359.11390687647867,0.33528125070076525,159.79664467813456,179.99414668391654,278.45140186500487,0.45401164333083777
22,5,33028,forward,w,deg,1629,1629.0,0.0,-3.7125118666552623,41.82234034190038,-28.980501702107784,58.22112298793134,87.20162469003913,-179.02118618781392,179.5407233919684,358.5619095797823,0.637065420187841,66.14605425253077,179.9789589053716,211.07512803510699,0.8388638547898172
22,6,111153,forward,w,deg,11084,11084.0,0.0,-4.54473456974047,19.185125619519575,-22.72337565297143,35.1194228755792,57.84279852855063,-24.311399093371847,77.43824296180105,101.7496420551729,0.7505978925192001,39.5478668962657,81.86668698248758,15.419236935485685,0.9454181807574443
22,7,211064,forward,w,deg,21968,21968.0,0.0,-2.7195292982101336,18.795711771325216,-20.795004703254573,33.33250564580049,54.12751034905506,-24.288814461523316,109.45035998672813,133.73917444825145,1.8789035957828433,36.8393246520319,112.95717899295948,15.741479857012013,0.9500205946188195
22,8,9377,forward,w,deg,3037,3037.0,0.0,-2.317978490344615,8.679244491754268,-4.87089653389844,20.46849746695876,25.339394000857197,-5.024810137024247,57.32471744759954,62.349527584623786,4.018349075788837,25.118675302224467,61.97489528286525,294.4343022879011,0.9889875005353377
22,9,12322,forward,w,deg,1046,1046.0,0.0,-8.57914484011927,53.25549812001268,-36.48127056783379,127.36313575234183,163.8444063201756,-164.56764260824292,179.66738797577005,344.235030584013,1.2589688202801543,142.3702277696683,179.11444011904496,171.50671059081816,0.6957001230183992
22,10,100423,forward,w,deg,3526,3526.0,0.0,-4.283921286472179,17.82855426741801,-20.162262611133286,35.04364630500645,55.205908916139734,-23.651671059015143,68.77723504961483,92.42890610862997,1.012361414483639,32.88920210519251,66.62279084980094,338.42974394268185,0.9529716633535058
22,11,36141,forward,w,deg,2038,2038.0,0.0,-4.820119309099397,60.85209680363513,-39.567056973117865,146.23777008130608,185.80482705442395,-179.00930286482617,179.77932267052603,358.7886255353522,0.48833791054934184,162.6139182514392,179.87999342054036,306.7420247377657,0.6605795612691506
22,12,160348,forward,w,deg,1621,1621.0,0.0,-0.3846648713820855,91.26131796739018,-169.89062122456522,159.36498684652554,329.25560807109076,-179.91294642025832,179.8340693137893,359.74701573404764,-0.0594106985552222,171.64521491994196,179.90140828906345,29.92491736304259,0.2963847921199869
22,13,144186,forward,w,deg,25067,25067.0,0.0,-2.867055043061356,14.856507183883767,-17.17002240407221,25.705162441812703,42.87518484588492,-17.892051643766763,90.8371685553987,108.72922019916547,1.121813850966808,37.30736871585558,102.43937482944159,8.379146035429173,0.9672507397157204
22,14,43405,forward,w,deg,5471,5471.0,0.0,-0.9177299068702212,27.186443513669666,-38.908238630326224,33.440566188728866,72.34880481905509,-179.74488774395724,179.01526794658952,358.76015569054675,-0.19282899527006964,43.757125961395005,179.92514005647865,234.19270212120685,0.9148604801968938
22,15,74518,forward,w,deg,13111,13111.0,0.0,-3.4203930020606776,23.180067405154276,-25.781117557674364,38.19824267429826,63.97936023197262,-179.44599096662873,179.72673301828127,359.17272398491,0.4794328863579278,46.97811198539782,179.84822163002002,190.15289343033425,0.9301346869616157
22,16,34315,forward,w,deg,2534,2534.0,0.0,-1.168026855982518,21.83456656514098,-44.83608745506982,36.51755820888611,81.35364566395593,-74.9237042179385,77.30408914018489,152.2277933581234,-0.11816893153304607,48.20473910349749,88.37922924444842,48.56664326744871,0.9307158335877195
22,17,153904,forward,w,deg,8089,8089.0,0.0,-2.686539222699878,26.523250636410165,-39.47703247164262,45.109429320947484,84.58646179259011,-159.62431496900288,153.29376068155796,312.9180756505608,0.5840272746971487,61.370511193085065,169.1307872404717,288.2617080751521,0.9050284868109305
22,18,132574,forward,w,deg,3863,3863.0,0.0,3.9772454464348357,32.98533715892682,-55.837797040003316,49.32675817210864,105.16455521211196,-69.6569415384661,99.3107018059095,168.9676433443756,-0.148805563125239,59.03911898262041,101.07509719934319,119.95027187324797,0.8447351320875858
22,19,220939,forward,w,deg,4674,4674.0,0.0,-6.031547529158686,24.061270178027545,-24.296657474942897,53.22398662758827,77.52064410253116,-34.55433230710349,115.48916676009162,150.0434990671951,1.3903064280900306,65.00340944175845,127.2685895742618,59.839346376307596,0.9178010001399971
22,20,45979,forward,w,deg,11758,11758.0,0.0,-3.1598836092146882,20.277269344820525,-18.47022393321053,30.055433099478154,48.525657032688684,-179.8289683000177,178.81236298565,358.64133128566766,2.7067880735474277,44.25635731190246,179.81575087125879,181.6055076814717,0.9531127896769198
22,21,17178,forward,w,deg,13045,13045.0,0.0,-0.8976991204690989,8.147800116794608,-10.594843034169992,12.445310799930644,23.040153834100636,-12.415212304837155,48.98580684951435,61.4010191543515,1.5387146960904374,17.874416890856686,54.41491294044039,302.25650112856204,0.9900339979187077
24,0,108523,backward,eps,km^2/s^2,26084,26084.0,0.0,-0.09982551394379396,0.021672553334856532,-0.13765138630578577,-0.0676939411252109,0.06995744518057487,-0.17357546460760986,-0.058817793307683885,0.11475767129992598,-0.44569367331591353,0.05373236884077968,0.08965644714260379,nan,nan
24,1,14264,backward,eps,km^2/s^2,303,303.0,0.0,-0.8636095087329121,0.05430395408895146,-0.9725918000101466,-0.8190662990865747,0.15352550092357187,-1.0176690233481307,-0.8068393667227801,0.21082965662535058,-0.6566602290887771,0.14456327577829936,0.18964049911628356,nan,nan
24,2,21401,backward,eps,km^2/s^2,1060,1060.0,0.0,-0.8295157225101386,0.03961422681707354,-0.9577616265244581,-0.8246708106950172,0.13309081582944082,-1.020754723273971,-0.8219637802093935,0.19879094306457756,-2.1887314112434972,0.1291509277078816,0.19214402445739465,nan,nan
24,3,49068,backward,eps,km^2/s^2,4841,4841.0,0.0,-0.9794157073754236,0.012678694425641296,-0.993068425757468,-0.9532153060499318,0.039853119707536244,-0.9964085775907987,-0.9281148789320531,0.06829369865874557,0.7949044488043127,0.03136413903890867,0.0564645661567873,nan,nan
24,4,165967,backward,eps,km^2/s^2,4005,4005.0,0.0,-0.24644438868609397,0.016214205620651928,-0.2582578329848022,-0.2084212722191928,0.04983656076560941,-0.2593276385082858,-0.1856572249759768,0.07367041353230896,0.8958978378446545,0.036671697917248704,0.05943574516046468,nan,nan
24,5,33028,backward,eps,km^2/s^2,1616,1616.0,0.0,-0.8247223264130898,0.019413907811702238,-0.8625014329320803,-0.8075627174221641,0.054938715509916136,-1.0207392989867343,-0.8064439402549758,0.21429535873175853,-1.4530748869675205,0.04027825357542961,0.19851611963008364,nan,nan
24,6,111153,backward,eps,km^2/s^2,11084,11084.0,0.0,-0.17410121564233755,0.02201313603390708,-0.20997128272373394,-0.14091184239326449,0.06905944033046946,-0.21685715784823323,-0.10586809319886892,0.11098906464936431,0.13950423336794587,0.03786071301904595,0.07123501500772678,nan,nan
24,7,211064,backward,eps,km^2/s^2,21957,21957.0,0.0,-0.23261321914089528,0.013782579231605113,-0.24887560971535674,-0.2035971977710483,0.045278411944308455,-0.258155544271637,-0.1882043666753258,0.0699511775963112,0.5055206410021021,0.02698005666178814,0.04227312202874289,nan,nan
24,8,77722,backward,eps,km^2/s^2,4814,4814.0,0.0,-0.9905960016553238,0.01230842740474369,-1.0052649634777957,-0.9665057393142114,0.03875922416358435,-1.0086547271271056,-0.9620409644423636,0.04661376268474193,0.35584662784432564,0.03232778196668246,0.03679255683853022,nan,nan
24,9,12322,backward,eps,km^2/s^2,1046,1046.0,0.0,-0.815881463023524,0.03497481241290803,-0.8250251792222838,-0.8077015226601277,0.017323656562156065,-0.8650264245822996,-0.25651576091074857,0.608510663671551,15.477948018344918,0.009563111922326867,0.55904215076444,nan,nan
24,10,98058,backward,eps,km^2/s^2,3012,3012.0,0.0,-0.9091764999549611,0.041946500088728945,-0.9588682829659676,-0.8216558175115534,0.13721246545441423,-0.9716903857139396,-0.8065266032009923,0.16516378251294728,0.49084209908484255,0.07961413974415295,0.09474335405471401,nan,nan
24,11,36141,backward,eps,km^2/s^2,2038,2038.0,0.0,-0.8857261862226224,0.05186702119077061,-0.9751358631283465,-0.8277863759082275,0.1473494872201191,-1.0207786020554366,-0.8206074327557955,0.20017116929964107,-0.2810597606499147,0.07992706967641258,0.11371106250473129,nan,nan
24,12,160348,backward,eps,km^2/s^2,1621,1621.0,0.0,-0.1906959164699964,0.04662458716286116,-0.2558702991789714,-0.11453419702501833,0.1413361021539531,-0.2595672674968075,-0.04380722131250103,0.21576004618430644,0.22939702308742585,0.07428215720971143,0.14500913292222872,nan,nan
24,13,144186,backward,eps,km^2/s^2,25067,25067.0,0.0,-0.18850801690213503,0.03283757503320042,-0.22716260732388152,-0.12925371135976121,0.09790889596412031,-0.24385773599363303,-0.11906598136760416,0.12479175462602887,0.29154749297557286,0.06371730714909336,0.07390503714125041,nan,nan
24,14,43405,backward,eps,km^2/s^2,5467,5467.0,0.0,-0.8523895857659934,0.026763802721899557,-0.9064921841248896,-0.8306152082661613,0.07587697585872832,-1.020836128343177,-0.8068607798424272,0.21397534850074984,-1.3006511386471657,0.06053663593039293,0.17488058014868035,nan,nan
24,15,74518,backward,eps,km^2/s^2,13110,13110.0,0.0,-0.9391491372391254,0.017548960463649153,-0.9681002668179766,-0.9121677422960253,0.0559325245219513,-1.016166401552411,-0.9012620367006913,0.11490436485171973,-0.06991714200141258,0.046162569689309346,0.0578529355971108,nan,nan
24,16,34315,backward,eps,km^2/s^2,2523,2523.0,0.0,-0.9121023964438718,0.04694274708155066,-0.977421298085389,-0.8370627977661079,0.1403585003192811,-1.0207437552380227,-0.8063623697289342,0.21438138550908858,0.205852659052059,0.07685546283606721,0.10813905884841246,nan,nan
24,17,193928,backward,eps,km^2/s^2,20837,20837.0,0.0,-0.16631968267998198,0.021653565452244616,-0.1983014189890409,-0.12897214765987883,0.06932927132916208,-0.20605287688544593,-0.113452253778898,0.09260062310654793,0.16533872267256633,0.04392791844928015,0.059447812330260974,nan,nan
24,18,153904,backward,eps,km^2/s^2,8300,8300.0,0.0,-0.1671808638229489,0.035333103627603744,-0.20949551880418532,-0.11115309933127004,0.09834241947291528,-0.24551004699574264,-0.044138872659411854,0.20137117433633078,0.1570142533196751,0.06294590384017,0.1298569149722194,nan,nan
24,19,220939,backward,eps,km^2/s^2,4671,4671.0,0.0,-0.21366839762324896,0.04240432859761509,-0.2547291989448653,-0.12090350297055485,0.13382569597431043,-0.2582250091029896,-0.09022618718507691,0.1679988219179127,0.6582361845524797,0.0860776055812299,0.11675492136670784,nan,nan
24,20,45979,backward,eps,km^2/s^2,11744,11744.0,0.0,-0.8751930345920531,0.020785771076627827,-0.9060359084835206,-0.8402786645699681,0.06575724391355242,-0.9116388916753617,-0.8154048335959787,0.09623405807938301,0.11581587133246168,0.037246002332143674,0.06211983330613313,nan,nan
24,21,15889,backward,eps,km^2/s^2,12009,12009.0,0.0,-0.8908769874277576,0.028625454119216416,-0.9464306011634044,-0.8548510297422829,0.0915795714211215,-0.9620982854500806,-0.8455281706683686,0.11657011478171198,-0.3857667698955782,0.052818886566146646,0.06848657085282284,nan,nan
24,22,8686,backward,eps,km^2/s^2,2986,2986.0,0.0,-0.9230893170050957,0.025091737322012673,-0.959513345631655,-0.8808674786926141,0.07864586693904096,-0.9699743335828579,-0.8508318586618089,0.11914247492104901,0.12575670724068735,0.04283108250132714,0.0719553575876466,nan,nan
24,23,132574,backward,eps,km^2/s^2,3863,3863.0,0.0,-0.14237968751367092,0.05549912718741714,-0.21323926040372776,-0.047243557051964966,0.16599570335176278,-0.2446692737261582,-0.043879077490019736,0.20079019623613847,0.2673211607473512,0.10273376197601498,0.10609824153796021,nan,nan
24,0,108523,backward,e,-,26084,26084.0,0.0,0.7617883411696854,0.052210385390412166,0.6701960253414585,0.8386439046370749,0.16844787929561644,0.5815374869182229,0.8598376401626954,0.27830015324447244,-0.46838477895216785,0.12968325986311766,0.21834179828635325,nan,nan
24,1,14264,backward,e,-,303,303.0,0.0,0.3158932049182244,0.10416242667999456,0.2088552061943191,0.5047185508032559,0.2958633446089368,0.17006358404121355,0.5687330050081139,0.3986694209669003,0.44369982733933205,0.27129836767652354,0.33531282188138156,nan,nan
24,2,21401,backward,e,-,1060,1060.0,0.0,0.2377345615639249,0.07699048605055725,0.22497621862968142,0.4820490238536508,0.25707280522396936,0.21752467444325066,0.5728758045889726,0.35535113014572195,1.9339734916409363,0.2467535620348325,0.33758034277015436,nan,nan
24,3,49068,backward,e,-,4841,4841.0,0.0,0.5146718215812315,0.0189919208496091,0.47494727082351273,0.5344589102878458,0.05951163946433302,0.4351727305718936,0.5391959438023879,0.1040232132304943,-0.8567154413668011,0.047220672017932896,0.08699521226955204,nan,nan
24,4,165967,backward,e,-,4005,4005.0,0.0,0.3904012384808369,0.044340872651774686,0.3565621962913188,0.49281297293937126,0.13625077664805246,0.35333869863390605,0.5526243673189426,0.19928566868503655,0.8494658321389028,0.09901818796441783,0.15882958234398914,nan,nan
24,5,33028,backward,e,-,1616,1616.0,0.0,0.2245900768140284,0.04850200418421135,0.1727842517881981,0.3140583720290795,0.1412741202408814,0.16891681672627307,0.57285141266025,0.4039345959339769,0.7800349773028635,0.09523997416305437,0.3540330147942249,nan,nan
24,6,111153,backward,e,-,11084,11084.0,0.0,0.580417193290407,0.055083927358438575,0.4889478953763851,0.6622890656191976,0.17334117024281254,0.47090499557657944,0.7475373127371864,0.27663231716060693,0.0976264165585616,0.09567114240660296,0.1746857237666133,nan,nan
24,7,211064,backward,e,-,21957,21957.0,0.0,0.42932731273386704,0.03736733548247742,0.3839651909074353,0.5066122483203072,0.12264705741287185,0.35685617807242725,0.5462144328054643,0.18935825473303708,0.44841841385357073,0.07337825779316358,0.11060420551916889,nan,nan
24,8,77722,backward,e,-,4814,4814.0,0.0,0.5309196144226955,0.01784062472131406,0.49543379111316,0.551612754938406,0.05617896382524601,0.48828440468421264,0.5563450703171937,0.06806066563298108,-0.39025503178433707,0.04724291495627574,0.05439230138522311,nan,nan
24,9,12322,backward,e,-,1046,1046.0,0.0,0.1995937769927799,0.019174912694675136,0.1734196717298369,0.22623498759249108,0.05281531586265417,0.16819393098549065,0.36207041698533016,0.1938764859998395,2.5390827032155743,0.028404896221176243,0.16345756516683485,nan,nan
24,10,98058,backward,e,-,3012,3012.0,0.0,0.4027428898653088,0.08076813196194361,0.21739151884369437,0.48404278678005835,0.26665126793636396,0.16915703389195855,0.5033967835729937,0.3342397496810351,-0.7982751991151895,0.1717095124826361,0.219943997434372,nan,nan
24,11,36141,backward,e,-,2038,2038.0,0.0,0.35976935891476236,0.0967733970209395,0.23354189500133493,0.5084585168686258,0.2749166218672908,0.21103584373457032,0.5728973064372875,0.36186146270271724,0.10726485456702539,0.16607846238144525,0.1876540065095719,nan,nan
24,12,160348,backward,e,-,1621,1621.0,0.0,0.5390829506142782,0.11834664498466266,0.36351361381092867,0.7262887472745538,0.36277513346362517,0.35264176551903914,0.8956261106421681,0.542984345123129,0.13551401765445745,0.18704083095624968,0.35186543692633354,nan,nan
24,13,144186,backward,e,-,25067,25067.0,0.0,0.5443310988004709,0.08268370658936636,0.4440450729257798,0.6906625420453681,0.24661746911958832,0.39743774603883136,0.7153514309286378,0.3179136848898065,0.25901796515794073,0.1576639014917775,0.18235279037504715,nan,nan
24,14,43405,backward,e,-,5467,5467.0,0.0,0.29247268284910477,0.05422003636090232,0.24053682814743135,0.39796320286967124,0.1574263747222399,0.17028196900333534,0.5729713754320799,0.4026894064287445,0.8299073706747184,0.1198394897558819,0.2948476623182905,nan,nan
24,15,74518,backward,e,-,13110,13110.0,0.0,0.4529088563221043,0.028252535236678863,0.4079233320751711,0.4979554552306937,0.09003212315552256,0.3888909181254845,0.5665585488567753,0.17766763073129077,0.0013350180700673487,0.07517325547628524,0.09417978715676212,nan,nan
24,16,34315,backward,e,-,2523,2523.0,0.0,0.4076586826812764,0.08612537684128962,0.25522152371437706,0.5118021964436525,0.2565806727292755,0.1685914010438332,0.5728380058839121,0.4042466048400789,-0.49533328934297244,0.15396813766108436,0.2397292549677037,nan,nan
24,17,193928,backward,e,-,20837,20837.0,0.0,0.6002989822639104,0.053623449991233356,0.5198996739817654,0.691606749060603,0.17170707507883765,0.49890899810790507,0.729224069522131,0.23031507141422597,0.13783339016009669,0.10743911278816709,0.14505643324969508,nan,nan
24,18,153904,backward,e,-,8300,8300.0,0.0,0.5978890771259207,0.08747676555716538,0.4909681894519717,0.7344412065679771,0.24347301711600539,0.39264924823488095,0.8948398682898845,0.5021906200550035,0.13056234388279747,0.15384305367263748,0.31382776582585825,nan,nan
24,19,220939,backward,e,-,4671,4671.0,0.0,0.4801329153112566,0.10898500866453109,0.3670387127269439,0.7113798240251045,0.3443411112981606,0.3566637372686819,0.7849756298108841,0.4283118925422022,0.5789273364416688,0.2131681892136762,0.2867639949994558,nan,nan
24,20,45979,backward,e,-,11744,11744.0,0.0,0.3397310247224449,0.04189785323640651,0.2641964419679159,0.3971352959575203,0.13293885398960437,0.19912757106917733,0.4070149161079655,0.20788734503878814,-0.2520203870688496,0.0801101224608812,0.14517899335961976,nan,nan
24,21,15889,backward,e,-,12009,12009.0,0.0,0.36903416311321446,0.052259787929831325,0.2967558243399063,0.4641177814029626,0.1673619570630563,0.2759808255270147,0.4886047653412886,0.2126239398142739,0.24184835701711227,0.09186421592256272,0.11451558132695816,nan,nan
24,22,8686,backward,e,-,2986,2986.0,0.0,0.42572619076164897,0.0429623546446225,0.34962766756604635,0.4844458982616254,0.13481823069557902,0.2881415248747148,0.5004312289167241,0.2122897040420093,-0.224835075137665,0.07560827271033647,0.13709441540166806,nan,nan
24,23,132574,backward,e,-,3863,3863.0,0.0,0.6588573871245886,0.13572477135899286,0.4812853009002951,0.8874273929909063,0.40614209209061125,0.3966677464947184,0.8954556794646302,0.4987879329699118,0.2369706671202064,0.24713938756112203,0.25516767403484597,nan,nan
24,0,108523,backward,w,deg,26084,26084.0,0.0,-1.0581989471427136,4.4927954865372985,-5.496370081767293,9.566060980446613,15.062431062213907,-6.535306027835645,13.879268099696276,20.41457412753192,0.9834888258279557,11.491033763002937,15.8042408822526,19.81572181817341,0.9969308555066904
24,1,14264,backward,w,deg,303,303.0,0.0,-1.2104843096000195,10.611004478049539,-26.297156466882672,15.532432474909386,41.82958894179206,-30.17113167311163,17.713079175500752,47.88421084861238,-0.726801852382408,25.453889203143767,29.32786440937278,201.7739664523037,0.9830297321269664
24,2,21401,backward,w,deg,1060,1060.0,0.0,0.4887684952408762,6.542809637162364,-12.65898377242014,10.918476690757744,23.577460463177886,-34.93352352876104,13.029798044527809,47.96332157328885,-0.6472547553484012,12.898012367234893,33.726142878565554,206.66805316120275,0.9935167761056628
24,3,49068,backward,w,deg,4841,4841.0,0.0,-1.571143603136619,5.676950416863734,-6.596850249113686,12.145080349352128,18.741930598465814,-7.624427436282929,20.009345299851077,27.633772736134006,1.1497093872592246,14.7963933830913,22.66065833359025,191.5800669196594,0.9951068062569152
24,4,165967,backward,w,deg,4005,4005.0,0.0,2.026383630784892,5.309460532981478,-11.547881391874705,4.829012351580706,16.376893743455412,-17.26792259941925,5.035203658487973,22.303126257907223,-1.162183724480775,15.275774189099787,20.995815396644332,31.90396417912998,0.9957166151889074
24,5,33028,backward,w,deg,1616,1616.0,0.0,8.180866393964365,16.173884910262792,-31.957163602236697,13.80096080664525,45.75812440888195,-33.16105057152629,14.113675926132117,47.274726497658406,-0.8902127575233015,42.234625811892236,43.43851278118183,204.70685216662895,0.9607534402899793
24,6,111153,backward,w,deg,11084,11084.0,0.0,1.1405732789267375,4.419702945674002,-13.450037076414528,4.0985201573942,17.54855723380873,-18.16671446194448,6.319417242056289,24.48613170400077,-2.085277561811035,15.245062759836571,19.961740145366548,29.626799287837073,0.9970356062305317
24,7,211064,backward,w,deg,21957,21957.0,0.0,0.18044376149904906,5.260759000460221,-8.26022482051862,7.5117236462109815,15.7719484667296,-11.504813946337805,10.134752236058034,21.63956618239584,-0.05515339907819246,11.00765351324967,13.630682103096717,26.2161063361622,0.9957902672225082
24,8,77722,backward,w,deg,4814,4814.0,0.0,-0.6490429811539116,6.75140397735399,-9.183404925878582,11.946434546567508,21.12983947244609,-10.764148477674638,14.527369188028302,25.29151766570294,0.3291712482816885,11.277271159908056,13.22762503179706,191.483590937996,0.9930734061864724
24,9,12322,backward,w,deg,1046,1046.0,0.0,2.637609892743484,13.790331202267907,-18.213206488408396,11.622221722085783,29.83542821049418,-175.3524446639486,17.651581877266864,193.00402654121547,-7.779635292972632,19.409644637328576,176.54888281286878,201.40993841690175,0.9810543518661586
24,10,98058,backward,w,deg,3012,3012.0,0.0,2.342169152434181,9.837503250552114,-16.32574266454484,12.690344016027282,29.016086680572123,-31.302360272831322,13.111160494797872,44.413520767629194,-0.42006055370928136,25.179740042857226,40.15635765114371,206.94013334107208,0.9853278242439031
24,11,36141,backward,w,deg,2038,2038.0,0.0,-1.5983852235069378,9.481732313807939,-8.973755411271714,15.773168411380665,24.746923822652377,-29.584188151504634,19.270892404051153,48.85508055555579,-0.4088754319571942,22.373513558425472,24.477448620525905,201.0837495165211,0.9864276248816618
24,12,160348,backward,w,deg,1621,1621.0,0.0,-0.853356108093493,5.114961740518022,-7.211920003076187,9.972757828893606,17.184677831969793,-15.360581186131839,11.093900488122586,26.454481674254424,0.3233367347066999,9.95913733138886,15.720915566727854,25.963362039457206,0.996024200829311
24,13,144186,backward,w,deg,25067,25067.0,0.0,0.03462780741915594,2.174365023742914,-3.5656616807767847,3.333623365080864,6.899285045857649,-14.248681645147286,8.010131255538994,22.25881290068628,-0.23720698938291443,5.201494686016147,15.837004142571402,27.80285346630064,0.9992802315291325
24,14,43405,backward,w,deg,5467,5467.0,0.0,2.682618610872737,7.665758959935602,-11.819369747135127,9.230684098754963,21.05005384589009,-37.70485107200918,10.488534671557971,48.19338574356715,-1.6735106260764918,15.475562887364203,41.361044212238255,209.20854068937854,0.9911506044010817
24,15,74518,backward,w,deg,13110,13110.0,0.0,-0.33665618438237743,4.698048792576015,-6.811653947619736,7.996579121093296,14.808233068713033,-27.06178081282181,13.400819724326794,40.4626005371486,0.14301893325203252,10.111457985980472,25.00105097569181,200.8227636398908,0.9966445269326314
24,16,34315,backward,w,deg,2523,2523.0,0.0,-0.9616210258596425,7.626235012331594,-5.853610022098519,19.35108456951847,25.204694591616988,-25.4925139603576,23.28369872426765,48.77621268462525,0.9257429232090029,22.684394716395484,25.960804811004294,196.94491961235653,0.9912234443053113
24,17,193928,backward,w,deg,20837,20837.0,0.0,-0.6569459999228968,4.272778625720636,-5.119279698370929,11.944228464284778,17.063508162655708,-8.711949449568692,14.403638522803732,23.115587972372424,1.7012164423195033,15.007681209612715,17.467091268131668,21.711307813254788,0.9972272472194736
24,18,153904,backward,w,deg,8300,8300.0,0.0,-0.2538382496562406,3.5971286458152156,-4.770516939693111,8.406765793561814,13.177282733254923,-13.814729678164923,12.377915943734138,26.19264562189906,0.8021883242766584,9.17646217684059,14.449020359013815,24.402401492024726,0.9980334230403516
24,19,220939,backward,w,deg,4671,4671.0,0.0,-2.0395647452732817,8.527098635998788,-10.171446124196095,13.258177022278133,23.429623146474228,-11.10459567363452,13.899034226834374,25.003629900468894,0.3865510895981323,19.145410318860627,19.786267523416882,22.461359793015582,0.9889589619588282
24,20,45979,backward,w,deg,11744,11744.0,0.0,-0.12620128792441676,3.4000555776410257,-5.282284038293073,5.638187967840207,10.92047200613328,-9.53511324558454,11.684886749140617,21.219999994725157,0.05953667276949214,6.105132698396117,11.262551754057966,205.37339115887474,0.9982403773298643
24,21,15889,backward,w,deg,12009,12009.0,0.0,-0.37963676289268733,3.4962266885366184,-5.203920729441347,6.105257168144732,11.309177897586078,-6.339737441892737,7.793111439348763,14.1328488812415,0.2553349916248376,6.436066848214551,8.123921119418583,189.95935590899776,0.9981394537177564
24,22,8686,backward,w,deg,2986,2986.0,0.0,-0.35489897493006595,3.054500868867138,-2.3451203870047905,1.5531461277471195,3.89826651475191,-2.803398379652691,28.81751015591618,31.620908535568873,5.354262444643621,2.3596234468194623,29.623987474988525,182.92885745089453,0.9985921960296885
24,23,132574,backward,w,deg,3863,3863.0,0.0,1.9367589217060015,6.337444503029992,-10.867327346591074,8.463075334467414,19.330402681058487,-11.21519625975506,15.232833008478508,26.44802926823357,-0.4893387956920135,13.430777859275272,13.77864677243926,21.830302961061882,0.9938976594044208
24,0,108523,forward,eps,km^2/s^2,26084,26084.0,0.0,-0.15289344847701025,0.03275309050920854,-0.19709169579950356,-0.0969772689856422,0.10011442681386136,-0.24505398907094167,-0.08770095843453285,0.15735303063640882,0.12146623640052867,0.056393844970371775,0.10435613824180989,nan,nan
24,1,14264,forward,eps,km^2/s^2,303,303.0,0.0,-0.2056720922204861,0.32393840271103463,-0.9407589925845269,-0.1120210915439255,0.8287379010406014,-1.020440955040417,-0.04492689432768027,0.9755140607127367,-0.8573006560641172,0.7347730997007963,0.8144550621566866,nan,nan
24,2,21401,forward,eps,km^2/s^2,1060,1060.0,0.0,-0.8283936020434629,0.05309118057454023,-0.9440378570461992,-0.8125087630281989,0.1315290940180004,-1.0201739466041788,-0.04606809117142474,0.9741058554327541,5.1072149649345056,0.12074873494873523,0.7804413898990897,nan,nan
24,3,49068,forward,eps,km^2/s^2,4841,4841.0,0.0,-0.9560590943436192,0.02651966208354353,-0.98567722879244,-0.9054657034014768,0.08021152539096321,-0.9895364381834701,-0.8931894370421036,0.09634700114136652,0.38212781799456946,0.04709379793955204,0.05937006429892522,nan,nan
24,4,165967,forward,eps,km^2/s^2,4005,4005.0,0.0,-0.19735767791118886,0.32293259899869314,-0.831982187605794,-0.10790233152069549,0.7240798560850985,-1.0207028886856082,-0.10459968015125598,0.9161032085343522,-0.5668691870995481,0.7060666958520762,0.8947873969318904,nan,nan
24,5,33028,forward,eps,km^2/s^2,1616,1616.0,0.0,-0.24578998830869947,0.12548645133176403,-0.25699455516197073,-0.2051086004597237,0.05188595470224702,-0.980671682301569,-0.10745760176690045,0.8732140805346685,-4.86620020123634,0.08280963486843448,0.7384136813241222,nan,nan
24,6,111153,forward,eps,km^2/s^2,11084,11084.0,0.0,-0.8728798663364731,0.025624095288878088,-0.9283610165809696,-0.8429520037984918,0.08540901278247781,-0.969508084199429,-0.83521241080708,0.13429567339234905,-0.9051667054944844,0.08206279399853465,0.1232098616169941,nan,nan
24,7,211064,forward,eps,km^2/s^2,21957,21957.0,0.0,-0.8756855406052048,0.029891706993332292,-0.9339066442538762,-0.8385780476998452,0.09532859655403092,-0.9813107122921834,-0.8072006498374851,0.1741100624546983,-0.37589297181482734,0.05658647565359276,0.08771237939608378,nan,nan
24,8,77722,forward,eps,km^2/s^2,4814,4814.0,0.0,-0.8779258096508264,0.024912528999643763,-0.9291660909577614,-0.8501304598952725,0.0790356310624889,-0.971391766789463,-0.8124351423138624,0.15895662447560066,-0.726957614207456,0.04467945135923411,0.08303467428098865,nan,nan
24,9,12322,forward,eps,km^2/s^2,1046,1046.0,0.0,-0.8192569278278552,0.25502864976584544,-0.8808563332176775,-0.11134132425757981,0.7695150089600977,-0.9840399596112792,-0.04389160369217371,0.9401483559191055,1.8415794025727559,0.7077569800359262,0.7752067006013323,nan,nan
24,10,98058,forward,eps,km^2/s^2,3012,3012.0,0.0,-0.9098822632462022,0.04032606846546463,-0.9768415094436115,-0.846741104904735,0.1301004045388765,-0.9819994090634598,-0.8085486977147093,0.17345071134875056,0.06965954456419506,0.06973105903077956,0.10792346622080529,nan,nan
24,11,36141,forward,eps,km^2/s^2,2038,2038.0,0.0,-0.17186247108120462,0.27004607319978796,-0.8884600180887557,-0.04691458320489184,0.8415454348838639,-1.0160398633790297,-0.043981079635574294,0.9720587837434554,-1.7609110240782893,0.7403272335513598,0.8679070788416338,nan,nan
24,12,160348,forward,eps,km^2/s^2,1621,1621.0,0.0,-0.20889469278042327,0.32617594472656836,-0.9356873153958161,-0.11529811583040805,0.820389199565408,-1.0084233505739606,-0.04380055913553149,0.9646227914384291,-0.7477272947899773,0.7236082742983464,0.7963443094764909,nan,nan
24,13,144186,forward,eps,km^2/s^2,25067,25067.0,0.0,-0.9366710236595754,0.022206850966965647,-0.967678758605393,-0.8974967580039263,0.07018200060146673,-0.9830183099074399,-0.8092117788852258,0.1738065310222141,0.46502921804949915,0.038409880316340295,0.1246114522777384,nan,nan
24,14,43405,forward,eps,km^2/s^2,5467,5467.0,0.0,-0.18748173118159694,0.08226788819474182,-0.2353008974239818,-0.09990725934869278,0.13539363807528904,-0.979689980049135,-0.0461703378629178,0.9335196421862172,-6.6682224539662585,0.08391279100268677,0.8076337314886086,nan,nan
24,15,74518,forward,eps,km^2/s^2,13110,13110.0,0.0,-0.19533835760660312,0.05439465586977768,-0.2287085060457422,-0.12843869346834175,0.10026981257740045,-0.8409721946254286,-0.11840664812713053,0.7225655464982981,-6.942846251196421,0.06834402645399082,0.6448590169377048,nan,nan
24,16,34315,forward,eps,km^2/s^2,2523,2523.0,0.0,-0.908065526349429,0.04856553643044309,-0.9769447073396669,-0.8135329364485694,0.16341177089109749,-1.0206562915180895,-0.8063625597697947,0.2142937317482948,0.2153877125760402,0.09965222494520401,0.1082914228660724,nan,nan
24,17,193928,forward,eps,km^2/s^2,20837,20837.0,0.0,-0.09926918969218124,0.04064617025297367,-0.19409190657322384,-0.06688643205574621,0.12720547451747763,-0.8267214821822352,-0.05885393284037144,0.7678675493418637,-3.8004054947133885,0.10951702371996942,0.7421465993289807,nan,nan
24,18,153904,forward,eps,km^2/s^2,8300,8300.0,0.0,-0.18109144936192306,0.07337400947888037,-0.2557597339721121,-0.11248095761915261,0.1432787763529595,-1.0132425140509675,-0.04795161883069632,0.9652908952202712,-5.6157456378703206,0.08376254851810509,0.8175527958757384,nan,nan
24,19,220939,forward,eps,km^2/s^2,4671,4671.0,0.0,-0.8412235896677168,0.030287254523802157,-0.9078273215219241,-0.81420180521371,0.09362551630821414,-1.020820045950525,-0.8070918060031312,0.21372823994739376,-2.6976420784639497,0.0710481122567932,0.18404083668539406,nan,nan
24,20,45979,forward,eps,km^2/s^2,11744,11744.0,0.0,-0.22521707564369048,0.055121460874875135,-0.24677200647284034,-0.1531432011691161,0.09362880530372425,-0.8869091299979199,-0.13918629282039252,0.7477228371775274,-7.505712937937703,0.0691659042445379,0.6657944771030587,nan,nan
24,21,15889,forward,eps,km^2/s^2,12009,12009.0,0.0,-0.9648665302134715,0.03298127249702342,-1.0022430780117184,-0.9020319541123349,0.10021112389938347,-1.0085644016778017,-0.8911740447928009,0.11739035688500077,0.36865308870090835,0.05453313403636977,0.06539104335590373,nan,nan
24,22,8686,forward,eps,km^2/s^2,2986,2986.0,0.0,-0.8808717949585241,0.016800773037909705,-0.8998536792518612,-0.8611100006759711,0.03874367857589012,-0.9807700187474337,-0.854697651065499,0.12607236768193475,-2.1281705461558875,0.02295584713719448,0.10387218663276698,nan,nan
24,23,132574,forward,eps,km^2/s^2,3863,3863.0,0.0,-0.8635894762551523,0.05276962558553003,-0.9737017227817178,-0.8113581728938501,0.1623435498878677,-1.0205829238249695,-0.8067544423545633,0.21382848147040623,-0.5418528928170244,0.09430978487551175,0.11544946728933025,nan,nan
24,0,108523,forward,e,-,26084,26084.0,0.0,0.6333579349859758,0.08036304032089063,0.523009053920833,0.7685771401536328,0.2455680862327998,0.39391201516124563,0.7908111179533702,0.3968991027921246,0.08485954232646324,0.14009099591418733,0.2691880346737747,nan,nan
24,1,14264,forward,e,-,303,303.0,0.0,0.5053994008820625,0.1658486590555463,0.22328941548926698,0.7323309390476439,0.509041523558377,0.20285625283815495,0.892947970469117,0.690091717630962,-0.10872036861986166,0.28497622667232897,0.39279380330911795,nan,nan
24,2,21401,forward,e,-,1060,1060.0,0.0,0.23480647243663647,0.08137424826487492,0.18931330470546723,0.4624820706925157,0.2731687659870484,0.16971236327555636,0.8902517038777613,0.7205393406022049,1.9766902101495556,0.2325088762330058,0.6602785094182515,nan,nan
24,3,49068,forward,e,-,4841,4841.0,0.0,0.4794959614901874,0.04225646712444543,0.39560939143295365,0.5238323695015679,0.1282229780686142,0.37336142565604225,0.5294155266261129,0.15605410097007066,-0.4578552171696399,0.07824609699577317,0.10049406277268458,nan,nan
24,4,165967,forward,e,-,4005,4005.0,0.0,0.5256168359619189,0.20197215755983947,0.1905224026399338,0.7422761267262414,0.5517537240863076,0.17117027507337262,0.7502376982849303,0.5790674232115576,-0.273571483482366,0.5083800797988502,0.5277322073654114,nan,nan
24,5,33028,forward,e,-,1616,1616.0,0.0,0.3943979809219317,0.05551539809560487,0.3614619256997434,0.5148087218110258,0.15334679611128238,0.27785373109047,0.7437231962695249,0.46586946517905486,2.2094724442065776,0.11242703548755933,0.3402898005414557,nan,nan
24,6,111153,forward,e,-,11084,11084.0,0.0,0.3350713242991509,0.049034949136648916,0.2704089780220299,0.4352993240383793,0.1648903460163494,0.25298415724703893,0.500122009708595,0.24713785246155606,0.6582697105388612,0.157112117829632,0.22193480349984768,nan,nan
24,7,211064,forward,e,-,21957,21957.0,0.0,0.340839460318763,0.05887199824954208,0.26045175387735425,0.44459619696684266,0.1841444430894884,0.17141374422341873,0.5170446741396225,0.3456309299162038,-0.036902214393029896,0.11676365886592341,0.20355316468911613,nan,nan
24,8,77722,forward,e,-,4814,4814.0,0.0,0.3446038331193597,0.04726732759408834,0.28648028322414265,0.4364754473783706,0.14999516415422792,0.18982757206028292,0.5029569112002404,0.31312933913995755,0.4745551506408454,0.08436106559208371,0.1747017636870292,nan,nan
24,9,12322,forward,e,-,1046,1046.0,0.0,0.22626979066771577,0.175461752415979,0.18847963367954457,0.7344020463638002,0.5459224126842557,0.17153859831983675,0.8954250633070769,0.7238864649872402,1.955411798056112,0.5251778075948147,0.6862008245380914,nan,nan
24,10,98058,forward,e,-,3012,3012.0,0.0,0.403617291012629,0.07269719750196929,0.2793064725052132,0.510904106503591,0.2315976339983778,0.17689843824555226,0.5185090086168794,0.34161057037132714,-0.35258489017510564,0.13562421986973316,0.23803225412939408,nan,nan
24,11,36141,forward,e,-,2038,2038.0,0.0,0.5862761605054799,0.18359995623169542,0.2872342387797566,0.888229982955324,0.6009957441755673,0.1705568463462666,0.8952125964134294,0.7246557500671629,-0.008206794683768092,0.3575701487086181,0.47424754114210826,nan,nan
24,12,160348,forward,e,-,1621,1621.0,0.0,0.49799547626124196,0.16164983415714573,0.22444148598574243,0.7244722949577331,0.5000308089719907,0.1698141830836259,0.8956399397956282,0.7258257567120023,0.0030131770087396823,0.26949000590437877,0.4112520797425073,nan,nan
24,13,144186,forward,e,-,25067,25067.0,0.0,0.44889273519480394,0.03711298129090948,0.38178622004707,0.4972731608019477,0.1154869407548777,0.17896209033512667,0.5195540133056853,0.3405919229705586,-0.8004794968924747,0.063045513574773,0.26526769890330065,nan,nan
24,14,43405,forward,e,-,5467,5467.0,0.0,0.547636632046969,0.10126386440603141,0.4300519210259835,0.7618083140757672,0.3317563930497837,0.16987312589813894,0.890008058378988,0.720134932480849,0.48876888257790546,0.20697927347783732,0.4166765067018854,nan,nan
24,15,74518,forward,e,-,13110,13110.0,0.0,0.5271275186830944,0.08806553224370789,0.43989159493816243,0.6926680705669499,0.25277647562878747,0.1759040453018719,0.7169528444652796,0.5410487991634078,0.1508108351513881,0.16918080757729326,0.3491823628482301,nan,nan
24,16,34315,forward,e,-,2523,2523.0,0.0,0.4004045655323409,0.09145992397499349,0.1907809864676036,0.5110743112892582,0.32029332482165457,0.16857236846964585,0.572716237374,0.40414386890435416,-0.5649149879668456,0.21712419814524025,0.2393328161431978,nan,nan
24,17,193928,forward,e,-,20837,20837.0,0.0,0.7631441663486187,0.09184049679303308,0.5298834794664903,0.840574269962473,0.3106907904959827,0.20676521138336054,0.8597500074356198,0.6529847960522592,-1.3915855856399613,0.268516850416606,0.5916351184997357,nan,nan
24,18,153904,forward,e,-,8300,8300.0,0.0,0.5632507801999593,0.11544422058490876,0.36413047472591464,0.731246740502503,0.3671162657765884,0.17006665311222163,0.88577017291152,0.7157035197992985,-0.3477538520046719,0.2061828685383242,0.35940338482568623,nan,nan
24,19,220939,forward,e,-,4671,4671.0,0.0,0.26683908989209726,0.0605661423052767,0.19305870809267583,0.3999578568131857,0.20689914872050985,0.17108557576733655,0.572955757279698,0.40187018151236154,1.8974687123363716,0.14398787314065514,0.3169857736071675,nan,nan
24,20,45979,forward,e,-,11744,11744.0,0.0,0.44928397236366846,0.08063760124399214,0.3899662746779661,0.6323506633528023,0.24238438867483625,0.17717376521115666,0.6664920247996247,0.489318259588468,0.595268719036019,0.175287312275636,0.2825434124713688,nan,nan
24,21,15889,forward,e,-,12009,12009.0,0.0,0.4927558523990591,0.051926298846462715,0.389197306358187,0.5474114597804919,0.15821415342230488,0.36933174053788914,0.5562090261526239,0.18687728561473477,-0.4571754791686682,0.09074591341426112,0.110611479234559,nan,nan
24,22,8686,forward,e,-,2986,2986.0,0.0,0.34980326636100667,0.03087819846342721,0.3099533607886297,0.38534206952410754,0.07538870873547787,0.2961950763715573,0.5167569749855222,0.2205618986139649,1.75021458421457,0.044072883082868414,0.17464631244933854,nan,nan
24,23,132574,forward,e,-,3863,3863.0,0.0,0.3166165833779649,0.10248103507047991,0.18509311524541522,0.5062602715078474,0.32116715626243214,0.17001816509090778,0.572619520313711,0.4026013552228032,0.311058819375362,0.21018153620052138,0.22525648635502898,nan,nan
24,0,108523,forward,w,deg,26084,26084.0,0.0,-3.5105836770982535,17.996167007159038,-21.2078807105551,34.53237732572446,55.740258036279556,-22.16932929071791,68.16544142982298,90.33477072054089,0.856278996133424,49.66351065661586,83.2965747607144,173.04577341235262,0.951953459445161
24,1,14264,forward,w,deg,303,303.0,0.0,-0.5294867512391761,88.32434495788613,-169.14105539955673,167.75191340970053,336.89296880925724,-179.81887084460823,179.67482824720503,359.49369909181326,-0.0889470340935654,170.825935799464,179.95164725919028,51.67701313426312,0.353015947781671
24,2,21401,forward,w,deg,1060,1060.0,0.0,-3.2395222800472823,23.22151131374949,-23.632153195019118,47.88655378689002,71.51870698190913,-160.24613235225132,150.5266230801558,310.7727554324071,1.3466604165476537,56.92231138264564,156.74354823345777,158.8158204233627,0.9305437848490816
24,3,49068,forward,w,deg,4841,4841.0,0.0,-0.7806175210718607,13.393660938774905,-19.12956096187753,24.735143256387346,43.864704218264876,-21.802482630362306,38.39005095248746,60.19253358284976,0.44551483347661686,30.090614329280527,43.74552202538064,313.3689687830132,0.972989692257557
24,4,165967,forward,w,deg,4005,4005.0,0.0,-17.42042865987719,67.66591702376655,-62.69131542018811,115.60176916765681,178.29308458784493,-179.66332796210614,179.89048430221447,359.55381226432064,0.30819568589467833,159.30842721891236,179.98488585706338,282.1200265886105,0.4507022798535276
24,5,33028,forward,w,deg,1616,1616.0,0.0,-3.431599269884387,38.947436787879944,-28.748242467266273,57.38032575046543,86.1285682177317,-179.0331531681186,179.52875641166372,358.5619095797823,1.1714913621675538,56.48390782346178,179.35727701335395,211.08709501541165,0.853577857432162
24,6,111153,forward,w,deg,11084,11084.0,0.0,-4.54473456974047,19.185125619519575,-22.72337565297143,35.1194228755792,57.84279852855063,-24.311399093371847,77.43824296180105,101.7496420551729,0.7505978925192001,39.5478668962657,81.86668698248758,15.419236935485685,0.9454181807574443
24,7,211064,forward,w,deg,21957,21957.0,0.0,-2.7150379380596803,18.769794235953313,-20.781637431542503,33.1960388418098,53.9776762733523,-24.27510500158678,109.46406944666455,133.73917444825133,1.875112960482672,36.68914838810479,112.95717899295948,15.72777039707557,0.9501390940545625
24,8,77722,forward,w,deg,4814,4814.0,0.0,-3.1891489743810553,14.363555996059269,-16.12433221345031,30.592499863416517,46.71683207686682,-17.73217174693292,65.50910348304569,83.24127522997861,1.2103673691101204,33.967931243781,68.88453486341018,308.0158070049077,0.9693031354603445
24,9,12322,forward,w,deg,1046,1046.0,0.0,-8.57914484011927,53.25549812001268,-36.48127056783379,127.36313575234183,163.8444063201756,-164.56764260824292,179.66738797577005,344.235030584013,1.2589688202801543,142.3702277696683,179.11444011904496,171.50671059081816,0.6957001230183992
24,10,98058,forward,w,deg,3012,3012.0,0.0,-4.364409058269018,18.67326520091973,-22.600863395705,36.45096044651893,59.051823842223925,-26.00470872474682,73.77998535578251,99.78469408052933,0.9308170823980384,34.485190505622306,71.8142154148859,340.78278160841353,0.9484927989018603
24,11,36141,forward,w,deg,2038,2038.0,0.0,-4.820119309099397,60.85209680363513,-39.567056973117865,146.23777008130608,185.80482705442395,-179.00930286482617,179.77932267052603,358.7886255353522,0.48833791054934184,162.6139182514392,179.87999342054036,306.7420247377657,0.6605795612691506
24,12,160348,forward,w,deg,1621,1621.0,0.0,-0.3846648713820855,91.26131796739018,-169.89062122456522,159.36498684652554,329.25560807109076,-179.91294642025832,179.8340693137893,359.74701573404764,-0.0594106985552222,171.64521491994196,179.90140828906345,29.92491736304259,0.2963847921199869
24,13,144186,forward,w,deg,25067,25067.0,0.0,-2.867055043061356,14.856507183883767,-17.17002240407221,25.705162441812703,42.87518484588492,-17.892051643766763,90.8371685553987,108.72922019916547,1.121813850966808,37.30736871585558,102.43937482944159,8.379146035429173,0.9672507397157204
24,14,43405,forward,w,deg,5467,5467.0,0.0,-0.963956579747304,26.774735689243236,-38.84486090397253,33.40971615432282,72.25457705829535,-179.74205845289583,179.01809723765092,358.76015569054675,-0.2938064227242025,43.704908591851996,179.92514005647865,234.18987283014545,0.9162589704280623
24,15,74518,forward,w,deg,13110,13110.0,0.0,-3.420485645394919,23.06330423509195,-25.785379448314984,38.24529781194544,64.03067726026043,-179.4562098450753,178.1305085829697,357.586718428045,0.5939869453889358,46.962185700028876,179.84822163002002,190.16311230878082,0.9303229049480763
24,16,34315,forward,w,deg,2523,2523.0,0.0,-1.2989373325081033,21.570899065084276,-44.26294817096304,36.33810505574585,80.6010532267089,-75.14638325578551,77.08141010233783,152.22779335812334,-0.08333977911606873,48.18161788358679,88.37922924444842,48.78932230529577,0.9323250374731388
24,17,193928,forward,w,deg,20837,20837.0,0.0,-4.349740195169062,20.009705906355453,-23.50696830880714,38.8133578475966,62.32032615640374,-137.85355255608954,76.89403427098489,214.74758682707443,0.6903058171613963,41.55203270956007,135.24228271985166,178.1637316865505,0.9413482578118686
24,18,153904,forward,w,deg,8300,8300.0,0.0,-2.2711257476803723,27.446202436590816,-44.99807182704942,46.112736596070505,91.11080842311992,-158.37691814154422,154.54115750901667,312.9180756505609,0.45390271844806096,61.10860522009058,169.1307872404717,287.01431124769346,0.8980421920370614
24,19,220939,forward,w,deg,4671,4671.0,0.0,-6.027997957048626,24.06776683261985,-24.30516484976188,53.24272601712421,77.54789086688609,-34.557943930036856,115.48555513715826,150.0434990671951,1.3896170507266046,65.02576045422775,127.2685895742618,59.842957999240966,0.9177561113208431
24,20,45979,forward,w,deg,11744,11744.0,0.0,-3.157600622973362,19.46068424292345,-18.449696223976225,29.968644854320388,48.41834107829661,-179.81488569545957,178.8264455902081,358.64133128566766,2.717085401121727,44.12420312780255,179.81575087125879,181.59142507691357,0.9554001848023687
24,21,15889,forward,w,deg,12009,12009.0,0.0,-0.5042184816846316,6.784508727778861,-10.047575620866576,11.776041622741346,21.82361724360792,-11.77057875573962,21.507418860547887,33.27799761628751,0.34684809218284174,16.506348568030333,26.237725805836874,301.6118675794645,0.9930089951288807
24,22,8686,forward,w,deg,2986,2986.0,0.0,-1.7497745881254048,6.386951499823796,-4.055149785029286,5.8564072338734405,9.911557018902727,-4.206934403020796,57.907577031506605,62.1145114345274,4.41596073243538,9.364633639355432,61.4158034369886,293.61642655389767,0.9939668030369576
24,23,132574,forward,w,deg,3863,3863.0,0.0,3.9772454464348357,32.98533715892682,-55.837797040003316,49.32675817210864,105.16455521211196,-69.6569415384661,99.3107018059095,168.9676433443756,-0.148805563125239,59.03911898262041,101.07509719934319,119.95027187324797,0.8447351320875858
27,0,97837,backward,eps,km^2/s^2,25454,25454.0,0.0,-0.09915022103214383,0.021642426526747666,-0.1397936749268534,-0.06756000183357437,0.07223367309327904,-0.1750987102168181,-0.058817793307683885,0.11628091690913422,-0.540995258950081,0.057046628943447635,0.09235166423341234,nan,nan
27,1,30546,backward,eps,km^2/s^2,317,317.0,0.0,-0.8560646753774963,0.05826407865397755,-0.9759384587363742,-0.8190107185897068,0.15692774014666744,-1.020754723273971,-0.8068393667227801,0.21391535655119098,-0.668306030685107,0.14625987413767433,0.1910761386752713,nan,nan
27,2,21401,backward,eps,km^2/s^2,1048,1048.0,0.0,-0.8294270259252241,0.03902645513604495,-0.9566621642876595,-0.8246578714711907,0.13200429281646875,-1.020599717396067,-0.8219637802093935,0.1986359371866735,-2.150264946869379,0.128051465471083,0.19198901857949058,nan,nan
27,3,49068,backward,eps,km^2/s^2,4841,4841.0,0.0,-0.9794157073754236,0.012678694425641296,-0.993068425757468,-0.9532153060499318,0.039853119707536244,-0.9964085775907987,-0.9281148789320531,0.06829369865874557,0.7949044488043127,0.03136413903890867,0.0564645661567873,nan,nan
27,4,146677,backward,eps,km^2/s^2,3462,3462.0,0.0,-0.22680258781793888,0.025812986432929806,-0.2583826697016131,-0.1805067581649304,0.07787591153668272,-0.2593276385082858,-0.15294206854965076,0.10638556995863502,0.3486620653091141,0.053491223030774734,0.08105591264605438,nan,nan
27,5,33028,backward,eps,km^2/s^2,1616,1616.0,0.0,-0.8247223264130898,0.019413907811702238,-0.8625014329320803,-0.8075627174221641,0.054938715509916136,-1.0207392989867343,-0.8064439402549758,0.21429535873175853,-1.4530748869675205,0.04027825357542961,0.19851611963008364,nan,nan
27,6,209914,backward,eps,km^2/s^2,4385,4385.0,0.0,-0.17904881177373255,0.04288532813460448,-0.23792116624780896,-0.10331575095729323,0.13460541529051573,-0.25198693484168744,-0.04876882800468796,0.20321810683699948,0.2879495191684191,0.07882724611326228,0.1121619453275241,nan,nan
27,7,219125,backward,eps,km^2/s^2,4220,4220.0,0.0,-0.2499496221313217,0.010248678304287847,-0.2568553177228579,-0.22898540137542767,0.027869916347430246,-0.2582250091029896,-0.17927374966223075,0.07895125944075887,1.853976383283916,0.019986089450081408,0.06969774116327832,nan,nan
27,8,77722,backward,eps,km^2/s^2,4814,4814.0,0.0,-0.9905960016553238,0.01230842740474369,-1.0052649634777957,-0.9665057393142114,0.03875922416358435,-1.0086547271271056,-0.9620409644423636,0.04661376268474193,0.35584662784432564,0.03232778196668246,0.03679255683853022,nan,nan
27,9,12322,backward,eps,km^2/s^2,1042,1042.0,0.0,-0.81594510553671,0.006207035032985408,-0.8250765430435866,-0.8078107184243434,0.017265824619243197,-0.8662232361574104,-0.806208472304013,0.060014763853397324,-2.270471526085302,0.009518631368398039,0.05066532448222183,nan,nan
27,10,98058,backward,eps,km^2/s^2,3015,3015.0,0.0,-0.9090585538667888,0.041956950275422206,-0.9588672085269699,-0.8215397961158004,0.13732741241116952,-0.9716903857139396,-0.8065266032009923,0.16516378251294728,0.4894673834124592,0.07973016113990594,0.09474335405471401,nan,nan
27,11,36141,backward,eps,km^2/s^2,2030,2030.0,0.0,-0.8853855436491982,0.05149658747686802,-0.9750117153159008,-0.8278158329971831,0.14719588231871772,-1.0207786020554366,-0.8206074327557955,0.20017116929964107,-0.2830219551800206,0.07967135297707707,0.11371106250473129,nan,nan
27,12,154799,backward,eps,km^2/s^2,126,126.0,0.0,-0.18202767846882972,0.16146578788521238,-0.25683213481697253,-0.10759202726338929,0.14924010755358325,-1.0176690233481307,-0.043834796693581146,0.9738342266545496,-3.773186732228777,0.1386223390434292,0.8351510045779862,nan,nan
27,13,149609,backward,eps,km^2/s^2,26477,26477.0,0.0,-0.21865364307143487,0.028832614064208208,-0.24602679244843098,-0.15655165857202424,0.08947513387640674,-0.25039704754313097,-0.11917669865826308,0.1312203488848679,0.6848356154137043,0.06589102676566383,0.10326598667942499,nan,nan
27,14,43405,backward,eps,km^2/s^2,5487,5487.0,0.0,-0.8524003999393915,0.026726933971140465,-0.9064199971935545,-0.8306225502465602,0.0757974469469943,-1.020836128343177,-0.8068607798424272,0.21397534850074984,-1.3019859897064074,0.06046444899905782,0.17488058014868035,nan,nan
27,15,74518,backward,eps,km^2/s^2,13094,13094.0,0.0,-0.9391816082967618,0.01753015252574644,-0.9681121234646312,-0.9122416172627009,0.05587050620193024,-1.016166401552411,-0.9012620367006913,0.11490436485171973,-0.06979944462493357,0.04607564334152411,0.0578529355971108,nan,nan
27,16,34315,backward,eps,km^2/s^2,2523,2523.0,0.0,-0.9121023964438718,0.04694274708155066,-0.977421298085389,-0.8370627977661079,0.1403585003192811,-1.0207437552380227,-0.8063623697289342,0.21438138550908858,0.205852659052059,0.07685546283606721,0.10813905884841246,nan,nan
27,17,193452,backward,eps,km^2/s^2,20733,20733.0,0.0,-0.16392611505262022,0.022025949928961546,-0.19725430100678348,-0.12721566691651462,0.07003863409026886,-0.20484585318262583,-0.11341707344999652,0.0914287797326293,0.10523197916141191,0.04643228931866519,0.06023088278518329,nan,nan
27,18,168109,backward,eps,km^2/s^2,1138,1138.0,0.0,-0.1935197403144719,0.04604731481420248,-0.254820527794188,-0.11486674711566945,0.13995378067851855,-0.25835961762247284,-0.04380722131250103,0.2145523963099718,0.31894531002864335,0.08237662241242373,0.15343614821559215,nan,nan
27,19,134636,backward,eps,km^2/s^2,3432,3432.0,0.0,-0.14921157948799157,0.05742258872419686,-0.21359537668933878,-0.046883553948670206,0.1667118227406686,-0.25368033123087885,-0.04391779137377705,0.2097625398571018,0.35133618356653723,0.10661002897689327,0.10957579155178643,nan,nan
27,20,46209,backward,eps,km^2/s^2,11737,11737.0,0.0,-0.8752588466335263,0.02080961457867635,-0.9061370738923865,-0.8402964065401379,0.06584066735224858,-0.9118025259588078,-0.8154048335959787,0.09639769236282913,0.11616517349434727,0.03760327251126489,0.062494845455424164,nan,nan
27,21,15889,backward,eps,km^2/s^2,12009,12009.0,0.0,-0.8908769874277576,0.028625454119216416,-0.9464306011634044,-0.8548510297422829,0.0915795714211215,-0.9620982854500806,-0.8455281706683686,0.11657011478171198,-0.3857667698955782,0.052818886566146646,0.06848657085282284,nan,nan
27,22,8686,backward,eps,km^2/s^2,2986,2986.0,0.0,-0.9230893170050957,0.025091737322012673,-0.959513345631655,-0.8808674786926141,0.07864586693904096,-0.9699743335828579,-0.8508318586618089,0.11914247492104901,0.12575670724068735,0.04283108250132714,0.0719553575876466,nan,nan
27,23,171756,backward,eps,km^2/s^2,601,601.0,0.0,-0.1916526914338631,0.045390337312677505,-0.2566625454317857,-0.11129950658372156,0.14536303884806412,-0.2595672674968075,-0.043879077490019736,0.21568819000678774,0.31580674359806665,0.08124720044962042,0.14866762954332224,nan,nan
27,24,173502,backward,eps,km^2/s^2,13986,13986.0,0.0,-0.21904081914313317,0.011970017135284993,-0.23306583555485674,-0.1932763947222896,0.039789440832567136,-0.24003540139887936,-0.17534225350574362,0.06469314789313574,0.7795208744480316,0.029429258331114344,0.047363399547660334,nan,nan
27,25,152141,backward,eps,km^2/s^2,7967,7967.0,0.0,-0.16557317697798613,0.03503250620662762,-0.20919350795407773,-0.1111750209761338,0.09801848697794394,-0.23276434514685485,-0.044138872659411854,0.188625472487443,0.14115261281556482,0.06088732761258669,0.12792347592930864,nan,nan
27,26,119322,backward,eps,km^2/s^2,15518,15518.0,0.0,-0.15856902498097353,0.022685831256908668,-0.1977582877954958,-0.12587624549169302,0.0718820423038028,-0.2071138824787392,-0.1185014355040731,0.08861244697466608,-0.15691966903515678,0.042534301879707366,0.05188989656295073,nan,nan
27,0,97837,backward,e,-,25454,25454.0,0.0,0.7633905328908399,0.05216213604038163,0.6649206031929016,0.838985462743307,0.1740648595504054,0.5777299368054237,0.8598376401626954,0.28210770335727164,-0.5659862716557971,0.1377466432298264,0.2249373096173043,nan,nan
27,1,30546,backward,e,-,317,317.0,0.0,0.2998412439213567,0.11068394577445506,0.2086907258878557,0.5096443411833754,0.3009536152955197,0.17006358404121355,0.5728758045889726,0.402812220547759,0.48346443892022756,0.2711838491799683,0.3344153125855655,nan,nan
27,2,21401,backward,e,-,1048,1048.0,0.0,0.23759055796055117,0.07618789615135081,0.22495999352570656,0.48034768543000883,0.25538769190430227,0.21752467444325066,0.5726383910271284,0.3551137165838778,1.893573553487298,0.24505222361119058,0.3373429292083102,nan,nan
27,3,49068,backward,e,-,4841,4841.0,0.0,0.5146718215812315,0.0189919208496091,0.47494727082351273,0.5344589102878458,0.05951163946433302,0.4351727305718936,0.5391959438023879,0.1040232132304943,-0.8567154413668011,0.047220672017932896,0.08699521226955204,nan,nan
27,4,146677,backward,e,-,3462,3462.0,0.0,0.4441958672375421,0.06896072109258604,0.35611342197206297,0.5641778675190631,0.2080644455470001,0.35333869863390605,0.6326883514582192,0.2793496528243132,0.28676249657600444,0.13964049285129518,0.2081509767904513,nan,nan
27,5,33028,backward,e,-,1616,1616.0,0.0,0.2245900768140284,0.04850200418421135,0.1727842517881981,0.3140583720290795,0.1412741202408814,0.16891681672627307,0.57285141266025,0.4039345959339769,0.7800349773028635,0.09523997416305437,0.3540330147942249,nan,nan
27,6,209914,backward,e,-,4385,4385.0,0.0,0.5687410883662106,0.10763343312253455,0.4151473921420906,0.7536529871973554,0.3385055950552648,0.3743020159916167,0.883824362832667,0.5095223468410502,0.2247780822285207,0.2016118002972806,0.26978658812228784,nan,nan
27,7,219125,backward,e,-,4220,4220.0,0.0,0.3807610773639525,0.02851734486048989,0.3607031737931041,0.43892885870311027,0.07822568491000614,0.3566637372686819,0.5686278532387624,0.21196411597008052,1.7420988103590012,0.0546891205035217,0.18438811503917385,nan,nan
27,8,77722,backward,e,-,4814,4814.0,0.0,0.5309196144226955,0.01784062472131406,0.49543379111316,0.551612754938406,0.05617896382524601,0.48828440468421264,0.5563450703171937,0.06806066563298108,-0.39025503178433707,0.04724291495627574,0.05439230138522311,nan,nan
27,9,12322,backward,e,-,1042,1042.0,0.0,0.1995937769927799,0.017738784148432395,0.17338879862389245,0.2261575650226268,0.052768766398734346,0.16819393098549065,0.3213481075818065,0.15315417659631583,1.3747275411098956,0.028343253650378337,0.12273525576331118,nan,nan
27,10,98058,backward,e,-,3015,3015.0,0.0,0.4026541483517731,0.08079380740046518,0.21707085247483734,0.4840344068627535,0.2669635543879162,0.16915703389195855,0.5033967835729937,0.3342397496810351,-0.7967916625593177,0.17203017885149316,0.219943997434372,nan,nan
27,11,36141,backward,e,-,2030,2030.0,0.0,0.3591204461196975,0.09619386703683597,0.23361715386895845,0.5082517052989741,0.2746345514300157,0.21103584373457032,0.5728973064372875,0.36186146270271724,0.11002787361048072,0.165894371785709,0.1876540065095719,nan,nan
27,12,154799,backward,e,-,126,126.0,0.0,0.5638353182796756,0.13171521689520288,0.3758726058628006,0.7430136821574629,0.3671410762946623,0.20302693345651393,0.8955575813930169,0.692530647936503,-0.13235163047190995,0.29031794186906834,0.35660574393299493,nan,nan
27,13,149609,backward,e,-,26477,26477.0,0.0,0.4668782625106261,0.07466433014677372,0.3920561268029313,0.6239059750832903,0.23184984828035898,0.37958676983966266,0.715101289363275,0.33551451952361233,0.6266519082303352,0.16786222543105117,0.2590575397110359,nan,nan
27,14,43405,backward,e,-,5487,5487.0,0.0,0.2924869347191872,0.05414802347126922,0.24057326395626993,0.3979176697676858,0.15734440581141584,0.17028196900333534,0.5729713754320799,0.4026894064287445,0.8305958437146095,0.11979395665389642,0.2948476623182905,nan,nan
27,15,74518,backward,e,-,13094,13094.0,0.0,0.45294150681583206,0.02821985370127249,0.4080295178960701,0.4979600209693997,0.08993050307332956,0.3888909181254845,0.5665585488567753,0.17766763073129077,0.0012018628348539687,0.07506178715724778,0.09417978715676212,nan,nan
27,16,34315,backward,e,-,2523,2523.0,0.0,0.4076586826812764,0.08612537684128962,0.25522152371437706,0.5118021964436525,0.2565806727292755,0.1685914010438332,0.5728380058839121,0.4042466048400789,-0.49533328934297244,0.15396813766108436,0.2397292549677037,nan,nan
27,17,193452,backward,e,-,20733,20733.0,0.0,0.6062044130606707,0.05444613183568759,0.5226796437890647,0.6958828195700344,0.17320317578096966,0.5031430085291696,0.729224069522131,0.22608106099296144,0.08044454295014306,0.1135852104147019,0.14692646036679857,nan,nan
27,18,168109,backward,e,-,1138,1138.0,0.0,0.5319644579585328,0.11692184118386999,0.36618970639666065,0.7255018416932345,0.35931213529657385,0.3562459716788956,0.8956261106421681,0.5393801389632725,0.22505386529113408,0.20315061364384368,0.3732748825927773,nan,nan
27,19,134636,backward,e,-,3432,3432.0,0.0,0.6421311681551133,0.14045477544016216,0.4803568199316685,0.8882938886858431,0.4079370687541746,0.3705687672005976,0.8953605839444655,0.5247918167438679,0.3216983756549734,0.25666105027804326,0.26369668202041074,nan,nan
27,20,46209,backward,e,-,11737,11737.0,0.0,0.3399048752785207,0.041931674743207165,0.2643423373028556,0.39731480560809224,0.13297246830523662,0.19912757106917733,0.4073045145669734,0.20817694349779609,-0.2521697402284629,0.08069871238891543,0.14591347862259374,nan,nan
27,21,15889,backward,e,-,12009,12009.0,0.0,0.36903416311321446,0.052259787929831325,0.2967558243399063,0.4641177814029626,0.1673619570630563,0.2759808255270147,0.4886047653412886,0.2126239398142739,0.24184835701711227,0.09186421592256272,0.11451558132695816,nan,nan
27,22,8686,backward,e,-,2986,2986.0,0.0,0.42572619076164897,0.0429623546446225,0.34962766756604635,0.4844458982616254,0.13481823069557902,0.2881415248747148,0.5004312289167241,0.2122897040420093,-0.224835075137665,0.07560827271033647,0.13709441540166806,nan,nan
27,23,171756,backward,e,-,601,601.0,0.0,0.536362449850919,0.11522107036337903,0.3617207661592415,0.7341500142749875,0.372429248115746,0.35264176551903914,0.8954556794646302,0.5428139139455911,0.2175325420444605,0.19974101297005842,0.36104667815970115,nan,nan
27,24,173502,backward,e,-,13986,13986.0,0.0,0.4657239189376987,0.031248446761368287,0.4280795201800431,0.5321458200678988,0.1040662998878557,0.4080731369167677,0.5773309914616982,0.16925785454493047,0.7297975829451786,0.0764022318062739,0.12158740320007327,nan,nan
27,25,152141,backward,e,-,7967,7967.0,0.0,0.6019355641919009,0.08665216356782045,0.49191916249801454,0.7343898767688221,0.24247071427080752,0.4279448335007615,0.8948398682898845,0.466895034789123,0.1187646597829041,0.14870480904722946,0.3090165548145113,nan,nan
27,26,119322,backward,e,-,15518,15518.0,0.0,0.6190538345963661,0.056144752220197165,0.5208745673639015,0.6988508535746244,0.17797628621072292,0.49683201679212097,0.7167161307309861,0.2198841139388651,-0.1798199299725335,0.10642652347933426,0.13046907405111474,nan,nan
27,0,97837,backward,w,deg,25454,25454.0,0.0,-1.1030204930936804,4.603104760051071,-5.625095534488001,9.72768869393885,15.352784228426852,-6.647659137276435,13.84234790806579,20.490007045342225,0.9428939219204132,11.133105889986714,15.247765104113682,19.928074927614194,0.9967783102077017
27,1,30546,backward,w,deg,317,317.0,0.0,0.21517589602368048,9.332386686989476,-10.803352793407878,14.42861763120133,25.23197042460921,-31.192039341075997,16.68716943542705,47.87920877650305,-0.5863478673559552,18.775425430449683,39.1641119781178,202.79487412026808,0.9868396675036591
27,2,21401,backward,w,deg,1048,1048.0,0.0,0.5568507452114062,6.935686502112256,-12.832513624589096,11.046684270949749,23.879197895538844,-34.80978584570434,13.153535727584512,47.96332157328885,-1.0348801377819314,12.952558084673045,33.726142878565554,206.54431547814605,0.9927346787733209
27,3,49068,backward,w,deg,4841,4841.0,0.0,-1.571143603136619,5.676950416863734,-6.596850249113686,12.145080349352128,18.741930598465814,-7.624427436282929,20.009345299851077,27.633772736134006,1.1497093872592246,14.7963933830913,22.66065833359025,191.5800669196594,0.9951068062569152
27,4,146677,backward,w,deg,3462,3462.0,0.0,1.9950582074302474,4.727141513547178,-11.461486564296315,3.319287333923317,14.780773898219632,-18.985200088391707,3.503440231067998,22.488640319459705,-1.938823754355928,14.677997614067808,22.201711138163205,33.43572760654994,0.9966079439921289
27,5,33028,backward,w,deg,1616,1616.0,0.0,8.180866393964365,16.173884910262792,-31.957163602236697,13.80096080664525,45.75812440888195,-33.16105057152629,14.113675926132117,47.274726497658406,-0.8902127575233015,42.234625811892236,43.43851278118183,204.70685216662895,0.9607534402899793
27,6,209914,backward,w,deg,4385,4385.0,0.0,-3.0913405039682402,8.048439173445562,-8.709868911802397,15.31896802126696,24.028836933069357,-9.747472695300132,15.973367583168681,25.720840278468813,0.769323864746689,21.675391988376283,22.329791550278003,20.383941953826813,0.9901705390652166
27,7,219125,backward,w,deg,4220,4220.0,0.0,1.0577116061450624,5.406136589185877,-10.166789833049876,6.377697820349097,16.544487653398974,-14.768591078498673,7.2956685532214465,22.06425963172012,-0.5913593335573628,12.13008322686876,13.048053959741083,29.025169124777772,0.9955560967888291
27,8,77722,backward,w,deg,4814,4814.0,0.0,-0.6490429811539116,6.75140397735399,-9.183404925878582,11.946434546567508,21.12983947244609,-10.764148477674638,14.527369188028302,25.29151766570294,0.3291712482816885,11.277271159908056,13.22762503179706,191.483590937996,0.9930734061864724
27,9,12322,backward,w,deg,1042,1042.0,0.0,2.690447406213039,8.770664136597638,-18.086660819842592,11.617295174326319,29.70395599416891,-29.75437251429588,17.81039973280423,47.56477224710011,-0.9670678655618289,19.441916824300126,31.109628518753425,201.2511205613644,0.988369884845263
27,10,98058,backward,w,deg,3015,3015.0,0.0,2.341091032101957,9.837277290318589,-16.322854240246762,12.692672589443445,29.01552682969021,-31.29948080162825,13.114039966000945,44.413520767629194,-0.41901209733079164,25.17973108976222,40.15635765114371,206.937253869869,0.9853284493578016
27,11,36141,backward,w,deg,2030,2030.0,0.0,-1.6121459377905012,9.511968386542183,-9.006236640320832,15.898084024641967,24.9043206649628,-29.61859402093623,19.23648653461956,48.85508055555579,-0.4064850121001765,22.545632876090664,24.477448620525905,201.1181553859527,0.9863413077965553
27,12,154799,backward,w,deg,126,126.0,0.0,-0.11752096225512787,37.69302867773515,-10.653210444569545,10.463184396130131,21.116394840699677,-178.07940661816383,176.33943371102993,354.41884032919376,1.08309053054741,15.298738874078317,179.18511017495655,25.078447882829735,0.902470964399857
27,13,149609,backward,w,deg,26477,26477.0,0.0,1.7672319564368308,5.387669021389822,-9.766361160399446,6.204433946654631,15.970795107054077,-14.46758114628335,8.970828630307551,23.438409776590902,-0.580104953199245,16.198003831224366,20.899223817108293,27.38002994191267,0.9955858584627457
27,14,43405,backward,w,deg,5487,5487.0,0.0,2.7016916447119,7.670794155268377,-11.779864127420021,9.263012160765685,21.042876288185706,-37.67089575507288,10.522489988494272,48.19338574356715,-1.6567766710605536,15.4700125845854,41.361044212238255,209.17458537244224,0.9911381800130796
27,15,74518,backward,w,deg,13094,13094.0,0.0,-0.3450042212029558,4.69822490814683,-6.808926601628516,8.001606003369428,14.810532604997945,-27.056622343013487,13.405978194135116,40.4626005371486,0.14502899381165574,10.110468580058955,25.00105097569181,200.8176051700825,0.9966442800453101
27,16,34315,backward,w,deg,2523,2523.0,0.0,-0.9616210258596425,7.626235012331594,-5.853610022098519,19.35108456951847,25.204694591616988,-25.4925139603576,23.28369872426765,48.77621268462525,0.9257429232090029,22.684394716395484,25.960804811004294,196.94491961235653,0.9912234443053113
27,17,193452,backward,w,deg,20733,20733.0,0.0,-0.22744034778918376,3.392204118598298,-4.5566946930395655,3.658285949066798,8.214980642106363,-6.717322228166438,14.063417672185437,20.780739900351875,1.6490701091074353,5.876978417414066,16.282110140532723,21.047057580277254,0.9982513001671935
27,18,168109,backward,w,deg,1138,1138.0,0.0,-0.7955281110013459,5.430494752191877,-8.05101133501682,9.873681955029804,17.924693290046626,-15.60223658025211,10.75115517937428,26.35339175962639,0.17375241078485887,9.9587238462427,15.819443696812243,26.20501743357748,0.9955189703238742
27,19,134636,backward,w,deg,3432,3432.0,0.0,1.8206314896522144,5.982953836620402,-11.082026453453894,7.147175619541597,18.22920207299549,-11.428155395493178,15.019873872740362,26.44802926823354,-0.6247935900637299,13.675219822106955,14.02134876414624,22.043262096800014,0.9945608159277195
27,20,46209,backward,w,deg,11737,11737.0,0.0,-0.12798618972624354,3.3922759068708617,-5.27425588290132,5.629744790759781,10.904000673661102,-9.544251242549308,11.031548892536307,20.575800135085615,0.057269142427904686,6.094429033338769,10.599365072359348,205.3825291558395,0.9982484125763883
27,21,15889,backward,w,deg,12009,12009.0,0.0,-0.37963676289268733,3.4962266885366184,-5.203920729441347,6.105257168144732,11.309177897586078,-6.339737441892737,7.793111439348763,14.1328488812415,0.2553349916248376,6.436066848214551,8.123921119418583,189.95935590899776,0.9981394537177564
27,22,8686,backward,w,deg,2986,2986.0,0.0,-0.35489897493006595,3.054500868867138,-2.3451203870047905,1.5531461277471195,3.89826651475191,-2.803398379652691,28.81751015591618,31.620908535568873,5.354262444643621,2.3596234468194623,29.623987474988525,182.92885745089453,0.9985921960296885
27,23,171756,backward,w,deg,601,601.0,0.0,-1.4064257290094986,5.953658064054425,-8.165521967311776,9.901218591114485,18.06674055842626,-15.350898983289653,10.628843485095047,25.9797424683847,0.24895201912038936,11.43948462449032,14.0282571820143,26.432647732639055,0.9946136030998012
27,24,173502,backward,w,deg,13986,13986.0,0.0,0.5962423675056812,2.9196529020768587,-5.765703628431048,3.4074754866396972,9.173179115070745,-13.992561234505246,8.163452033676208,22.156013268181454,-0.7771798418563026,7.36027444635171,15.587132052425915,28.1770298419871,0.9987026510724664
27,25,152141,backward,w,deg,7967,7967.0,0.0,-0.16227078507270676,3.252315227677709,-4.455112466330425,6.735013018675433,11.190125485005858,-13.67174927727234,12.167182565386753,25.838931842659093,0.7787047434239603,7.556691672548586,14.413597407761472,24.259421091132136,0.998392006072635
27,26,119322,backward,w,deg,15518,15518.0,0.0,0.12737705610666694,1.7917584524689278,-2.978129320810943,2.544103102003453,5.522232422814396,-13.925055455540075,7.850623635931328,21.775679091471403,0.04874257573070022,3.1111799930487223,13.472094569154848,27.33513077293504,0.9995112061387368
27,0,97837,forward,eps,km^2/s^2,25454,25454.0,0.0,-0.15413333412847735,0.03279529007289423,-0.19716163768225042,-0.0973359472254659,0.09982569045678452,-0.24708281665803833,-0.0882210887501893,0.15886172790784903,0.13914234401630562,0.054465968289861715,0.10438533688943852,nan,nan
27,1,30546,forward,eps,km^2/s^2,317,317.0,0.0,-0.2060453966259589,0.3316111605558974,-0.9617513089383435,-0.1153856769964905,0.846365631941853,-1.020440955040417,-0.051543237175719625,0.9688977178646974,-0.8066576407439869,0.7579132131807524,0.8166028592828259,nan,nan
27,2,21401,forward,eps,km^2/s^2,1048,1048.0,0.0,-0.8283526980161933,0.044684075535387224,-0.9301031678483632,-0.8126059580068501,0.11749720984151313,-1.0201739466041788,-0.04606809117142474,0.9741058554327541,4.078428869631438,0.10564718386124827,0.7804413898990897,nan,nan
27,3,49068,forward,eps,km^2/s^2,4841,4841.0,0.0,-0.9560590943436192,0.02651966208354353,-0.98567722879244,-0.9054657034014768,0.08021152539096321,-0.9895364381834701,-0.8931894370421036,0.09634700114136652,0.38212781799456946,0.04709379793955204,0.05937006429892522,nan,nan
27,4,146677,forward,eps,km^2/s^2,3462,3462.0,0.0,-0.17356147073056782,0.06059414434913648,-0.2052097967104553,-0.10700131726155812,0.09820847944889718,-0.8476596220473298,-0.10433638509149645,0.7433232369558334,-6.83252168347365,0.07263309640563811,0.6685291015304032,nan,nan
27,5,33028,forward,eps,km^2/s^2,1616,1616.0,0.0,-0.24578998830869947,0.12548645133176403,-0.25699455516197073,-0.2051086004597237,0.05188595470224702,-0.980671682301569,-0.10745760176690045,0.8732140805346685,-4.86620020123634,0.08280963486843448,0.7384136813241222,nan,nan
27,6,209914,forward,eps,km^2/s^2,4385,4385.0,0.0,-0.8424121783250782,0.027530812813153564,-0.9139808257073108,-0.8230652972967143,0.09091552841059647,-1.020820045950525,-0.8070918060031312,0.21372823994739376,-2.3732554394299847,0.0701798545818935,0.1770190748251077,nan,nan
27,7,219125,forward,eps,km^2/s^2,4220,4220.0,0.0,-0.8322573398016868,0.04250686829069952,-0.9562772913937119,-0.8079745372854429,0.14830275410826899,-1.0208111579248749,-0.8071000864686817,0.21371107145619317,-2.115204662348623,0.14787702693713184,0.2124108934682949,nan,nan
27,8,77722,forward,eps,km^2/s^2,4814,4814.0,0.0,-0.8779258096508264,0.024912528999643763,-0.9291660909577614,-0.8501304598952725,0.0790356310624889,-0.971391766789463,-0.8124351423138624,0.15895662447560066,-0.726957614207456,0.04467945135923411,0.08303467428098865,nan,nan
27,9,12322,forward,eps,km^2/s^2,1042,1042.0,0.0,-0.8192911143965952,0.25579357332628594,-0.8798661468353278,-0.10979686318657772,0.7700692836487502,-0.9840399596112792,-0.04389160369217371,0.9401483559191055,1.837639174706494,0.7093014411069284,0.7752067006013323,nan,nan
27,10,98058,forward,eps,km^2/s^2,3015,3015.0,0.0,-0.9097739533152212,0.0403775451809752,-0.9768387413005732,-0.8467073538162115,0.1301313874843617,-0.9819994090634598,-0.8085486977147093,0.17345071134875056,0.07199209339496264,0.069764810119303,0.10792346622080529,nan,nan
27,11,36141,forward,eps,km^2/s^2,2030,2030.0,0.0,-0.17171424356412213,0.2705490718310327,-0.8884783270963382,-0.04688029501167533,0.8415980320846629,-1.0160398633790297,-0.043981079635574294,0.9720587837434554,-1.755188406288385,0.7403455425589422,0.8679070788416338,nan,nan
27,12,154799,forward,eps,km^2/s^2,126,126.0,0.0,-0.21065287712109587,0.33456132194473576,-0.963785403693878,-0.11504958267369061,0.8487358210201874,-0.9769988255449953,-0.046719852405381124,0.9302789731396142,-0.7028075193838477,0.7515088770924786,0.7647222989435959,nan,nan
27,13,149609,forward,eps,km^2/s^2,26477,26477.0,0.0,-0.8707109071130789,0.02379013135206107,-0.9218806694736279,-0.841548116559646,0.08033255291398189,-0.9712989713042742,-0.8108506487456871,0.1604483225585871,-0.7936251272219096,0.08363014959296976,0.1330484514236161,nan,nan
27,14,43405,forward,eps,km^2/s^2,5487,5487.0,0.0,-0.18727237127621743,0.08213229606902189,-0.23527578684382372,-0.09992131780068872,0.135354469043135,-0.979689980049135,-0.0461703378629178,0.9335196421862172,-6.680329153649545,0.08386125073846783,0.8076337314886086,nan,nan
27,15,74518,forward,eps,km^2/s^2,13094,13094.0,0.0,-0.1952596902740663,0.05441447423899248,-0.22867694768982585,-0.12843333701893622,0.10024361067088963,-0.8409721946254286,-0.11840664812713053,0.7225655464982981,-6.945764902030465,0.06834958734481338,0.6448590169377048,nan,nan
27,16,34315,forward,eps,km^2/s^2,2523,2523.0,0.0,-0.908065526349429,0.04856553643044309,-0.9769447073396669,-0.8135329364485694,0.16341177089109749,-1.0206562915180895,-0.8063625597697947,0.2142937317482948,0.2153877125760402,0.09965222494520401,0.1082914228660724,nan,nan
27,17,193452,forward,eps,km^2/s^2,20733,20733.0,0.0,-0.09843053121069179,0.03551300215617366,-0.1840142081946489,-0.06685420978456039,0.1171599984100885,-0.2446092001612038,-0.05885393284037144,0.18575526732083236,-1.3667543047814938,0.09839171663552783,0.15898670860208275,nan,nan
27,18,168109,forward,eps,km^2/s^2,1138,1138.0,0.0,-0.1884912806541485,0.06541638492398223,-0.2549280927550627,-0.11419965813360233,0.14072843462146034,-0.9453208889543383,-0.04380055913553149,0.9015203298188068,-5.170122813491427,0.08199562322479595,0.7493386619075892,nan,nan
27,19,134636,forward,eps,km^2/s^2,3432,3432.0,0.0,-0.8713990366504835,0.05352676380890758,-0.9740334775527058,-0.8105048999675224,0.16352857758518335,-1.0195542132081998,-0.8067544423545633,0.21279977085363655,-0.40903911168285495,0.09050777830013929,0.11892724065820581,nan,nan
27,20,46209,forward,eps,km^2/s^2,11737,11737.0,0.0,-0.2252665601425483,0.054176577228633886,-0.24675239539572894,-0.15315930514280104,0.09359309025292789,-0.8869091299979199,-0.13918629282039252,0.7477228371775274,-7.522912660921069,0.06942302825771668,0.6654416568417667,nan,nan
27,21,15889,forward,eps,km^2/s^2,12009,12009.0,0.0,-0.9648665302134715,0.03298127249702342,-1.0022430780117184,-0.9020319541123349,0.10021112389938347,-1.0085644016778017,-0.8911740447928009,0.11739035688500077,0.36865308870090835,0.05453313403636977,0.06539104335590373,nan,nan
27,22,8686,forward,eps,km^2/s^2,2986,2986.0,0.0,-0.8808717949585241,0.016800773037909705,-0.8998536792518612,-0.8611100006759711,0.03874367857589012,-0.9807700187474337,-0.854697651065499,0.12607236768193475,-2.1281705461558875,0.02295584713719448,0.10387218663276698,nan,nan
27,23,171756,forward,eps,km^2/s^2,601,601.0,0.0,-0.8561856548886155,0.05814510494977754,-0.974464448612036,-0.8156974377726366,0.15876701083939937,-1.0205829238249695,-0.2548967586088483,0.7656861652161212,1.346964925486762,0.10609540596222922,0.6135964901265258,nan,nan
27,24,173502,forward,eps,km^2/s^2,13986,13986.0,0.0,-0.9231680357173067,0.01988920918429974,-0.9520954579029167,-0.891039793523813,0.0610556643791037,-0.9987341335954162,-0.8093950962020211,0.18933903739339508,0.13100556087744059,0.03353155940872474,0.11009295907159466,nan,nan
27,25,152141,forward,eps,km^2/s^2,7967,7967.0,0.0,-0.17886871906060808,0.05176328801115579,-0.2549626990981876,-0.11242928144610723,0.14253341765208036,-0.9968920251449903,-0.06780546489835193,0.9290865602466384,-3.9251375943833247,0.07362380702578955,0.8136055254810748,nan,nan
27,26,119322,forward,eps,km^2/s^2,15518,15518.0,0.0,-0.9429018553381978,0.023061477358219368,-0.9697058903962812,-0.896941034056791,0.07276485633949015,-0.9750473144925218,-0.8510394547458431,0.12400785974667872,0.4679456307204765,0.039185457328301566,0.08267194935875055,nan,nan
27,0,97837,forward,e,-,25454,25454.0,0.0,0.6302764653262001,0.08048400838279317,0.522798887610004,0.7676974930782552,0.24489860546825115,0.388197704222218,0.7895647552290961,0.4013670510068781,0.1018325660547721,0.13541913909736908,0.27002032248515506,nan,nan
27,1,30546,forward,e,-,317,317.0,0.0,0.5042565629602026,0.15397126686502197,0.23061545181457624,0.7242488299299722,0.493633378115396,0.20285625283815495,0.8772211912241045,0.6743649383859496,-0.19005991878602801,0.2871684578035423,0.3713513493395916,nan,nan
27,2,21401,forward,e,-,1048,1048.0,0.0,0.2346504366581118,0.07829414112287264,0.1892704965887821,0.44147746725676257,0.2522069706679805,0.16971236327555636,0.8902517038777613,0.7205393406022049,2.0789968563622687,0.21150427279725267,0.6602785094182515,nan,nan
27,3,49068,forward,e,-,4841,4841.0,0.0,0.4794959614901874,0.04225646712444543,0.39560939143295365,0.5238323695015679,0.1282229780686142,0.37336142565604225,0.5294155266261129,0.15605410097007066,-0.4578552171696399,0.07824609699577317,0.10049406277268458,nan,nan
27,4,146677,forward,e,-,3462,3462.0,0.0,0.5821225795541664,0.0938556039263728,0.5021591333375907,0.7444860681930442,0.24232693485545354,0.2062286491345052,0.7508729048001415,0.5446442556656362,-0.16183907946285211,0.17761216252759524,0.36200053859917725,nan,nan
27,5,33028,forward,e,-,1616,1616.0,0.0,0.3943979809219317,0.05551539809560487,0.3614619256997434,0.5148087218110258,0.15334679611128238,0.27785373109047,0.7437231962695249,0.46586946517905486,2.2094724442065776,0.11242703548755933,0.3402898005414557,nan,nan
27,6,209914,forward,e,-,4385,4385.0,0.0,0.269722417113168,0.055227761476878065,0.22077623248284467,0.4111000669861805,0.19032383450333584,0.17108557576733655,0.572955757279698,0.40187018151236154,1.7845892575975797,0.1379204476776553,0.29977613797117286,nan,nan
27,7,219125,forward,e,-,4220,4220.0,0.0,0.24473210415017194,0.08613949537706514,0.17406497608499813,0.4797716104140557,0.30570663432905754,0.17112378451425372,0.5729437428642237,0.40181995834997,1.5891350385149705,0.3046371399018948,0.39780927235206276,nan,nan
27,8,77722,forward,e,-,4814,4814.0,0.0,0.3446038331193597,0.04726732759408834,0.28648028322414265,0.4364754473783706,0.14999516415422792,0.18982757206028292,0.5029569112002404,0.31312933913995755,0.4745551506408454,0.08436106559208371,0.1747017636870292,nan,nan
27,9,12322,forward,e,-,1042,1042.0,0.0,0.22598148719687267,0.17697932178439696,0.18854950367704343,0.7381087389475771,0.5495592352705336,0.17222573043226008,0.8954250633070769,0.7231993328748169,1.9664998690976132,0.5288845001785916,0.6862008245380914,nan,nan
27,10,98058,forward,e,-,3015,3015.0,0.0,0.4034629703008607,0.07283360264803859,0.2792216685583149,0.5108993431321044,0.23167767457378952,0.17689843824555226,0.5185090086168794,0.34161057037132714,-0.35684465290285877,0.13570902381663144,0.23803225412939408,nan,nan
27,11,36141,forward,e,-,2030,2030.0,0.0,0.5867339403349887,0.18392528530028276,0.28673751370091166,0.8883047639079376,0.601567250207026,0.1705568463462666,0.8952125964134294,0.7246557500671629,-0.010569172799674325,0.35806687378746316,0.47424754114210826,nan,nan
27,12,154799,forward,e,-,126,126.0,0.0,0.4947996634970178,0.16310986981278272,0.22894724965222976,0.7250673114919484,0.4961200618397186,0.1698141830836259,0.8887012718543874,0.7188870887707615,-0.010441471038322454,0.2807717926214173,0.4048240259543841,nan,nan
27,13,149609,forward,e,-,26477,26477.0,0.0,0.3308726948174282,0.04637500882676958,0.2671810471681478,0.4246043205537525,0.15742327338560475,0.18243695076172362,0.5027912750382381,0.32035432427651445,0.5342353237006493,0.16538804895865677,0.2435750034431423,nan,nan
27,14,43405,forward,e,-,5487,5487.0,0.0,0.5480056684286156,0.10112002593896617,0.43006654457408755,0.761779190820293,0.33171264624620544,0.16987312589813894,0.890008058378988,0.720134932480849,0.48395845381658903,0.20671538101534484,0.4166765067018854,nan,nan
27,15,74518,forward,e,-,13094,13094.0,0.0,0.5273623386524164,0.0880573318831845,0.4400545232429017,0.6926815298740348,0.2526270066311331,0.1759040453018719,0.7169528444652796,0.5410487991634078,0.1487830517822497,0.16922381765403902,0.3491823628482301,nan,nan
27,16,34315,forward,e,-,2523,2523.0,0.0,0.4004045655323409,0.09145992397499349,0.1907809864676036,0.5110743112892582,0.32029332482165457,0.16857236846964585,0.572716237374,0.40414386890435416,-0.5649149879668456,0.21712419814524025,0.2393328161431978,nan,nan
27,17,193452,forward,e,-,20733,20733.0,0.0,0.765124335752525,0.08693560761055567,0.5554581180421816,0.8406599737540686,0.28520185571188705,0.39514213872149,0.8597500074356198,0.4646078687141298,-1.4386846085970604,0.2404373249683386,0.4007533042890307,nan,nan
27,18,168109,forward,e,-,1138,1138.0,0.0,0.5447073223025627,0.12061208352158916,0.36728971663443993,0.7271068286460962,0.3598171120116563,0.3562089582089487,0.8956399397956282,0.5394309815866795,0.27787575930415076,0.20153920381619905,0.370072314965731,nan,nan
27,19,134636,forward,e,-,3432,3432.0,0.0,0.33172894042103357,0.10409761536806171,0.18279401265668982,0.5067541133607659,0.3239601007040761,0.17001816509090778,0.571272756412367,0.4012545913214592,0.18143161882093517,0.2044419677701413,0.21721781533592333,nan,nan
27,20,46209,forward,e,-,11737,11737.0,0.0,0.44913151805724866,0.08037462631136068,0.3900062968172087,0.6322828674653659,0.24227657064815716,0.17717376521115666,0.6664920247996247,0.489318259588468,0.607372522217195,0.17591689649899014,0.2816078207555387,nan,nan
27,21,15889,forward,e,-,12009,12009.0,0.0,0.4927558523990591,0.051926298846462715,0.389197306358187,0.5474114597804919,0.15821415342230488,0.36933174053788914,0.5562090261526239,0.18687728561473477,-0.4571754791686682,0.09074591341426112,0.110611479234559,nan,nan
27,22,8686,forward,e,-,2986,2986.0,0.0,0.34980326636100667,0.03087819846342721,0.3099533607886297,0.38534206952410754,0.07538870873547787,0.2961950763715573,0.5167569749855222,0.2205618986139649,1.75021458421457,0.044072883082868414,0.17464631244933854,nan,nan
27,23,171756,forward,e,-,601,601.0,0.0,0.3002384319823208,0.10167728250687229,0.20158196063939773,0.5074793466530131,0.3058973860136154,0.17006665311222163,0.572619520313711,0.40255286720148936,0.5566216583595086,0.18065777027790547,0.24579794393860338,nan,nan
27,24,173502,forward,e,-,13986,13986.0,0.0,0.42670934103039226,0.03374896643990007,0.37000775688409127,0.4734975042108906,0.10348974732679933,0.17954941229196014,0.5422283212035953,0.3626789089116352,-0.2615699592194345,0.05643310921241114,0.24092353460471966,nan,nan
27,25,152141,forward,e,-,7967,7967.0,0.0,0.5688045586989412,0.1116808833187117,0.3660998807590732,0.7313889714767734,0.3652890907177002,0.1713813094736515,0.8384885339059525,0.667107224432301,-0.28108150493330464,0.1921288986498681,0.3863648301636783,nan,nan
27,26,119322,forward,e,-,15518,15518.0,0.0,0.458851577118799,0.0378842701588075,0.3806695290483063,0.5003645263743693,0.11969499732606304,0.28987177594082353,0.5083076614849963,0.21843588554417276,-0.5577822644126906,0.06368619093870033,0.15409675739632234,nan,nan
27,0,97837,forward,w,deg,25454,25454.0,0.0,-3.384144471746268,18.11813126750619,-21.833167703311556,34.60990055878181,56.44306826209336,-22.824424471749666,69.60563916726863,92.4300636390183,0.8129947568180228,47.81775480652478,82.81349341501164,173.70086859338437,0.951277514321076
27,1,30546,forward,w,deg,317,317.0,0.0,-1.46365986092934,81.29552877070974,-167.87506836397887,64.9117203564467,232.78678872042556,-179.42079100943158,161.0292214102442,340.4500124196758,-0.4853131580549781,176.32749106568625,179.9945588267364,41.49027261111367,0.3367424231608993
27,2,21401,forward,w,deg,1048,1048.0,0.0,-2.6524035101428183,19.42333956263922,-22.934756988955414,38.75433512253859,61.689092111494006,-57.74175400648262,151.18798185738763,208.92973586387023,1.971063364436381,46.46132481647803,156.74354823345777,158.1544616461309,0.9479539717651017
27,3,49068,forward,w,deg,4841,4841.0,0.0,-0.7806175210718607,13.393660938774905,-19.12956096187753,24.735143256387346,43.864704218264876,-21.802482630362306,38.39005095248746,60.19253358284976,0.44551483347661686,30.090614329280527,43.74552202538064,313.3689687830132,0.972989692257557
27,4,146677,forward,w,deg,3462,3462.0,0.0,-3.6756861098221236,26.542372673699106,-31.10336993008889,46.962373406108775,78.06574333619767,-179.26116065132243,179.69829934456425,358.9594599958867,1.3140000451558826,61.19897546918237,176.24250835708705,242.10499127983348,0.9071046948171073
27,5,33028,forward,w,deg,1616,1616.0,0.0,-3.431599269884387,38.947436787879944,-28.748242467266273,57.38032575046543,86.1285682177317,-179.0331531681186,179.52875641166372,358.5619095797823,1.1714913621675538,56.48390782346178,179.35727701335395,211.08709501541165,0.853577857432162
27,6,209914,forward,w,deg,4385,4385.0,0.0,-3.316070812468098,18.345736804149645,-18.91343431591527,35.983538884793624,54.8969732007089,-26.12086839829709,103.65743266192248,129.77830106021958,1.8209285605293466,50.752697821454426,118.42659159858323,55.44129920477895,0.951968837228249
27,7,219125,forward,w,deg,4220,4220.0,0.0,-9.834548970163894,36.17899051336413,-35.30946298768839,72.733601180415,108.04306416810338,-37.23278328205811,127.48115114224089,164.713934424299,0.9660166003739379,56.385092835466494,111.13264279729242,35.6983612901848,0.8189766070127127
27,8,77722,forward,w,deg,4814,4814.0,0.0,-3.1891489743810553,14.363555996059269,-16.12433221345031,30.592499863416517,46.71683207686682,-17.73217174693292,65.50910348304569,83.24127522997861,1.2103673691101204,33.967931243781,68.88453486341018,308.0158070049077,0.9693031354603445
27,9,12322,forward,w,deg,1042,1042.0,0.0,-8.59985140805182,53.40438563056507,-36.43547175074469,127.45092107810852,163.88639282885322,-169.58843306707973,179.74188192605186,349.3303149931316,1.2305460156750252,143.09744010235696,179.11444011904496,171.43221664053635,0.695892839816022
27,10,98058,forward,w,deg,3015,3015.0,0.0,-4.372533808461526,18.670336769059293,-22.608942162688056,36.425504699407654,59.034446862095706,-26.017435026613157,73.76725905391618,99.78469408052933,0.9291253935422472,34.47246106037737,71.8142154148859,340.79550791027987,0.9485071103765725
27,11,36141,forward,w,deg,2030,2030.0,0.0,-4.7243009892928,60.9371421290363,-39.388247120145444,146.24304399224602,185.63129111239147,-179.9758758418671,179.35289493211633,359.3287707739834,0.47778045342124786,162.63973261297826,179.87999342054036,306.4972232501588,0.6605334194480122
27,12,154799,forward,w,deg,126,126.0,0.0,-3.691013803181704,89.51303283310223,-129.78622419856396,167.23064172787628,297.01686592644023,-179.76851999877056,174.65588103064135,354.4244010294119,0.1070278373107096,174.16286157476335,179.52600672896733,173.00611744175416,0.269910770225764
27,13,149609,forward,w,deg,26477,26477.0,0.0,-2.547795402399572,16.83863411934952,-20.70911832212396,31.425867904843894,52.134986226967854,-23.559087898761618,96.06193898195801,119.62102688071963,1.186537772633156,30.866849427293197,95.50292050440726,15.07713026490831,0.9583516557752442
27,14,43405,forward,w,deg,5487,5487.0,0.0,-0.9527314942060627,26.859668415337726,-39.256502550017906,33.55803627715714,72.81453882717506,-179.58159831022985,179.17855738031687,358.76015569054675,-0.2882625192867529,44.07012418265387,179.92514005647865,234.02941268747946,0.9155171672923569
27,15,74518,forward,w,deg,13094,13094.0,0.0,-3.4305763598382555,23.06781872309567,-25.792712489135774,38.254845225496645,64.04755771463242,-179.47429171352493,178.11242671452004,357.58671842804495,0.5928709254722869,46.97372717778964,179.84822163002002,190.18119417723045,0.930302153307659
27,16,34315,forward,w,deg,2523,2523.0,0.0,-1.2989373325081033,21.570899065084276,-44.26294817096304,36.33810505574585,80.6010532267089,-75.14638325578551,77.08141010233783,152.22779335812334,-0.08333977911606873,48.18161788358679,88.37922924444842,48.78932230529577,0.9323250374731388
27,17,193452,forward,w,deg,20733,20733.0,0.0,-3.8859040914942398,18.430979996347375,-21.888282590771745,37.190086107689375,59.07836869846112,-24.344021895704884,74.36629427267297,98.71031616837786,0.9260949126049279,38.70313668568968,75.87934485067328,175.87204256033348,0.9497205844371713
27,18,168109,forward,w,deg,1138,1138.0,0.0,0.23255347552779426,31.52419656116053,-47.19934611379687,52.37308392072708,99.57243003452396,-73.38956919148734,170.09569786568596,243.4852670571733,0.5861868304424943,57.06519064416008,170.7447105473637,31.399190106622953,0.8642769471793887
27,19,134636,forward,w,deg,3432,3432.0,0.0,2.1668662773689675,28.25843025966774,-52.04514594006554,42.34735843832325,94.3925043783888,-63.09130985625174,76.96696796120057,140.0582778174523,-0.24537005954044447,51.894859443137214,83.74787253567519,123.79165985056756,0.8846147525919802
27,20,46209,forward,w,deg,11737,11737.0,0.0,-3.1666226131935957,19.27948832082803,-18.42639891194122,29.969140870117744,48.39553978205896,-179.79068899044356,178.85064229522413,358.64133128566766,2.7600957558500587,44.055477499927875,179.78893575295263,181.56722837189756,0.9558562986460297
27,21,15889,forward,w,deg,12009,12009.0,0.0,-0.5042184816846316,6.784508727778861,-10.047575620866576,11.776041622741346,21.82361724360792,-11.77057875573962,21.507418860547887,33.27799761628751,0.34684809218284174,16.506348568030333,26.237725805836874,301.6118675794645,0.9930089951288807
27,22,8686,forward,w,deg,2986,2986.0,0.0,-1.7497745881254048,6.386951499823796,-4.055149785029286,5.8564072338734405,9.911557018902727,-4.206934403020796,57.907577031506605,62.1145114345274,4.41596073243538,9.364633639355432,61.4158034369886,293.61642655389767,0.9939668030369576
27,23,171756,forward,w,deg,601,601.0,0.0,-1.1046814594276668,34.50599655715731,-52.465091852437894,55.20580062317538,107.67089247561327,-73.67315260851501,135.13662216194462,208.80977477045963,0.16689412983609023,62.4915126617646,142.0488738761847,216.6514823225715,0.8317087174399868
27,24,173502,forward,w,deg,13986,13986.0,0.0,-3.949084266501899,15.359733465945459,-15.569363022769892,26.76150704676259,42.33087006953248,-15.965727319978782,98.88494907336525,114.85067639334403,1.5671513161523432,35.51674413405641,107.64018616065908,6.452821711641184,0.9656101495724366
27,25,152141,forward,w,deg,7967,7967.0,0.0,-2.182695328048169,24.04949346417007,-41.054168097694514,41.55301837263217,82.60718647032668,-177.09913995930367,138.37750626943523,315.4766462287389,-0.0722142218716615,60.55358994312425,158.34094224987064,286.9331786782272,0.9179963051571427
27,26,119322,forward,w,deg,15518,15518.0,0.0,-3.1127178675865963,16.04983252475693,-18.51693202575161,31.859168870142202,50.37610089589381,-20.229161355479846,71.63911861702707,91.86827997250691,1.1569381201220674,42.86787658829722,82.64782633518212,11.098937924043625,0.9618765436167821
29,0,94651,backward,eps,km^2/s^2,24761,24761.0,0.0,-0.0984172862663556,0.02341974980305069,-0.14808032239764668,-0.06740201521609701,0.08067830718154967,-0.1808042275346745,-0.058817793307683885,0.12198643422699063,-0.7829157868105563,0.06530013050976669,0.09802403564679452,nan,nan
29,1,14264,backward,eps,km^2/s^2,303,303.0,0.0,-0.8636095087329121,0.05430395408895146,-0.9725918000101466,-0.8190662990865747,0.15352550092357187,-1.0176690233481307,-0.8068393667227801,0.21082965662535058,-0.6566602290887771,0.14456327577829936,0.18964049911628356,nan,nan
29,2,21401,backward,eps,km^2/s^2,1049,1049.0,0.0,-0.8294056686499515,0.0392278892812457,-0.9572717716163608,-0.8246589497398429,0.1326128218765179,-1.020754723273971,-0.8219637802093935,0.19879094306457756,-2.208354192936005,0.1286610727997843,0.19214402445739465,nan,nan
29,3,49068,backward,eps,km^2/s^2,4837,4837.0,0.0,-0.9794128573983533,0.01267880674493001,-0.993067020353092,-0.9532141027752343,0.039852917577857694,-0.996399116625677,-0.9281148789320531,0.0682842376936239,0.7949786057781114,0.031365342313606145,0.0564645661567873,nan,nan
29,4,149947,backward,eps,km^2/s^2,3503,3503.0,0.0,-0.22606305950248884,0.025748251801506788,-0.2583641681453414,-0.18299011525950562,0.07537405288583579,-0.2593276385082858,-0.15798653060821344,0.10134110790007234,0.24553500015949487,0.053034063572265665,0.07803764822355785,nan,nan
29,5,33028,backward,eps,km^2/s^2,1576,1576.0,0.0,-0.8254530938800998,0.019390699956580167,-0.8626755179132921,-0.8076874037504758,0.05498811416281635,-1.0207392989867343,-0.8066103600792471,0.2141289389074872,-1.445462300833667,0.040452338556641376,0.19851611963008364,nan,nan
29,6,153596,backward,eps,km^2/s^2,2207,2207.0,0.0,-0.1634713845618032,0.0349133031561649,-0.20449821956362207,-0.10650698213873931,0.09799123742488276,-0.23396340960576145,-0.10462873397446115,0.1293346756313003,0.1715405854666006,0.060239194130468264,0.06728347759562725,nan,nan
29,7,175498,backward,eps,km^2/s^2,2817,2817.0,0.0,-0.2497905691598532,0.010562165705643521,-0.25642651301088115,-0.22785668709301635,0.028569825917864805,-0.25726788764161435,-0.18468911335516458,0.07257877428644977,1.7714508466459178,0.017883107087203507,0.06105068082505527,nan,nan
29,8,8686,backward,eps,km^2/s^2,2980,2980.0,0.0,-0.9230219765937426,0.02510549082960722,-0.9595130990412114,-0.8808281718834704,0.078684927157741,-0.9699743335828579,-0.8508318586618089,0.11914247492104901,0.1245503063134246,0.042882521334938487,0.0719553575876466,nan,nan
29,9,12322,backward,eps,km^2/s^2,1036,1036.0,0.0,-0.8159223903396462,0.005589568902162527,-0.825036054616545,-0.807884300124267,0.017151754492277904,-0.8650264245822996,-0.806208472304013,0.05881795227828657,-1.3424817334921726,0.009478142941356349,0.04946851290711107,nan,nan
29,10,26783,backward,eps,km^2/s^2,1430,1430.0,0.0,-0.8668853265756807,0.030476226748358093,-0.9101554206007666,-0.8085384137943945,0.10161700680637209,-0.9239286379840658,-0.8063623697289342,0.11756626825513161,0.3108426280613854,0.057689160646367546,0.059831640348151915,nan,nan
29,11,35910,backward,eps,km^2/s^2,1975,1975.0,0.0,-0.8819018063394106,0.05061337798357116,-0.9739120237548247,-0.8274371872354627,0.146474836519362,-1.0207786020554366,-0.8206074327557955,0.20017116929964107,-0.35534183025059335,0.07837125990107201,0.11571629997605681,nan,nan
29,12,133457,backward,eps,km^2/s^2,3458,3458.0,0.0,-0.14924488029942862,0.056895681795113076,-0.21335606208299215,-0.0469147783430671,0.16644128373992506,-0.24181840798177956,-0.04391779137377705,0.1979006166080025,0.3686915408224521,0.1046537202980843,0.10765070726737436,nan,nan
29,13,149609,backward,eps,km^2/s^2,26298,26298.0,0.0,-0.2186564838046559,0.02870773511288704,-0.24598773129894233,-0.15673776869454648,0.08924996260439585,-0.2503484518318607,-0.1265314213170705,0.1238170305147902,0.6807407737689708,0.06570491664314158,0.09591126402061756,nan,nan
29,14,43405,backward,eps,km^2/s^2,5431,5431.0,0.0,-0.8525828714933756,0.026717865447480907,-0.9065797863082673,-0.8309898606089321,0.0755899256993352,-1.020836128343177,-0.8068607798424272,0.21397534850074984,-1.323019399696452,0.0606242381137706,0.17488058014868035,nan,nan
29,15,74518,backward,eps,km^2/s^2,13082,13082.0,0.0,-0.9391161614906396,0.01753846089543476,-0.9680544295514799,-0.9121619963848319,0.05589243316664805,-1.016166401552411,-0.9012620367006913,0.11490436485171973,-0.07112339127525506,0.04617655034664934,0.0578529355971108,nan,nan
29,16,45392,backward,eps,km^2/s^2,1385,1385.0,0.0,-0.9559281226493286,0.022749709918447047,-0.9784965129791695,-0.9108252701571645,0.06767124282200498,-1.0207437552380227,-0.8385877573608712,0.18215599787715153,0.5108006288548723,0.04767021962621309,0.11976576032944275,nan,nan
29,17,170313,backward,eps,km^2/s^2,20191,20191.0,0.0,-0.16159695384449013,0.023363526036133668,-0.19643293378200316,-0.1211021477924844,0.07533078598951876,-0.20393761703701752,-0.10783662095679791,0.0961009960802196,0.14772535983419272,0.04846081090534515,0.061726337741031645,nan,nan
29,18,208654,backward,eps,km^2/s^2,3501,3501.0,0.0,-0.1631332559658314,0.0354664677295384,-0.21264508695003392,-0.09897540090697443,0.11366968604305949,-0.2230349468747932,-0.0445526154721928,0.1784823314026004,0.31005691761039966,0.0605651871809777,0.11359512511048331,nan,nan
29,19,164816,backward,eps,km^2/s^2,2505,2505.0,0.0,-0.2421254408490009,0.013072956393286077,-0.25721318618877725,-0.21654977147366514,0.04066341471511212,-0.2582250091029896,-0.20023730165444997,0.05798770744853965,0.4543795306215121,0.026558161970128762,0.042870631789343916,nan,nan
29,20,45979,backward,eps,km^2/s^2,11732,11732.0,0.0,-0.8752265942075884,0.02075314896934377,-0.9060418286869032,-0.8402980655503035,0.06574376313659969,-0.9116388916753617,-0.8316030585217338,0.08003583315362794,0.113354119453892,0.03722660135180834,0.045921608380378065,nan,nan
29,21,15889,backward,eps,km^2/s^2,12009,12009.0,0.0,-0.8908769874277576,0.028625454119216416,-0.9464306011634044,-0.8548510297422829,0.0915795714211215,-0.9620982854500806,-0.8455281706683686,0.11657011478171198,-0.3857667698955782,0.052818886566146646,0.06848657085282284,nan,nan
29,22,100032,backward,eps,km^2/s^2,2943,2943.0,0.0,-0.912116667257073,0.04033852697892888,-0.959514962374509,-0.830499584183117,0.12901537819139197,-0.9716903857139396,-0.8065266032009923,0.16516378251294728,0.5088275630642176,0.07501367090174088,0.09898665188386557,nan,nan
29,23,150949,backward,eps,km^2/s^2,447,447.0,0.0,-0.1699435427029401,0.0410042527992351,-0.21293824048510102,-0.10792322816986658,0.10501501231523444,-0.2578973543269155,-0.043834796693581146,0.21406255763333437,0.23209712368774554,0.07234707299329113,0.12042184250252885,nan,nan
29,24,173781,backward,eps,km^2/s^2,13960,13960.0,0.0,-0.2191384703962882,0.011995220061075703,-0.23316429534632685,-0.19322999314069353,0.03993430220563332,-0.24322543364234006,-0.17471297632550709,0.06851245731683298,0.7959391496567748,0.02972517367519003,0.04824219049037648,nan,nan
29,25,152436,backward,eps,km^2/s^2,6951,6951.0,0.0,-0.16557493698809578,0.03511484245786541,-0.2095123398298065,-0.11165735522904224,0.09785498460076425,-0.23276434514685485,-0.044138872659411854,0.188625472487443,0.1319599843082658,0.06125243794514662,0.128770920514777,nan,nan
29,26,119604,backward,eps,km^2/s^2,15567,15567.0,0.0,-0.15876841369797223,0.022826037974776583,-0.19822293684765283,-0.12594971819081435,0.07227321865683847,-0.207662361019049,-0.11861720493557071,0.0890451560834783,-0.1605949598695109,0.04266526507728167,0.05210468924867784,nan,nan
29,27,76930,backward,eps,km^2/s^2,4797,4797.0,0.0,-0.9906993898578029,0.012262423613556063,-1.0052693788989768,-0.9666183429246511,0.03865103597432573,-1.0086547271271056,-0.9620409644423636,0.04661376268474193,0.3615888698036948,0.03233167159065644,0.03690905007294387,nan,nan
29,28,172613,backward,eps,km^2/s^2,1327,1327.0,0.0,-0.19953108131484165,0.04597579989063828,-0.25675039885702056,-0.115301290227709,0.14144910862931154,-0.2595672674968075,-0.04380722131250103,0.21576004618430644,0.4399227972950094,0.08603728593908695,0.15753135485429492,nan,nan
29,0,94651,backward,e,-,24761,24761.0,0.0,0.7651493854264997,0.05654755150734521,0.6446510130976362,0.8393715770991403,0.19472056400150417,0.5634116600032416,0.8598376401626954,0.29642598015945376,-0.8118859118245428,0.15793235193483468,0.23917170502922924,nan,nan
29,1,14264,backward,e,-,303,303.0,0.0,0.3158932049182244,0.10416242667999456,0.2088552061943191,0.5047185508032559,0.2958633446089368,0.17006358404121355,0.5687330050081139,0.3986694209669003,0.44369982733933205,0.27129836767652354,0.33531282188138156,nan,nan
29,2,21401,backward,e,-,1049,1049.0,0.0,0.2375352607603144,0.07632769707013035,0.22496134561770448,0.48141698206376493,0.25645563644606045,0.21752467444325066,0.5728758045889726,0.35535113014572195,1.962969311533117,0.24612152024494668,0.33758034277015436,nan,nan
29,3,49068,backward,e,-,4837,4837.0,0.0,0.5146467335355054,0.01899237290308235,0.47494595655868244,0.5344405453593595,0.05949458880067704,0.4351727305718936,0.5391917984091384,0.10401906783724485,-0.8567633578593199,0.047221986282763195,0.08699521226955204,nan,nan
29,4,149947,backward,e,-,3503,3503.0,0.0,0.4462171292550092,0.06884549705653495,0.35615722695224683,0.5579036559824377,0.2017464290301909,0.35333869863390605,0.6202551083088614,0.2669164096749554,0.19373623275801777,0.1389191475144266,0.20127059984085033,nan,nan
29,5,33028,backward,e,-,1576,1576.0,0.0,0.22705212620560417,0.04831187935157824,0.17305914534810007,0.31453296226153,0.14147381691342992,0.16945223746756752,0.57285141266025,0.4033991751926824,0.7614945951709262,0.09571456439550487,0.3540330147942249,nan,nan
29,6,153596,backward,e,-,2207,2207.0,0.0,0.6071660990466681,0.08609907331773543,0.5041011126443535,0.7456678257561723,0.24156671311181876,0.4246648141608949,0.7501700804378386,0.3255052662769437,0.1521491260605822,0.1466426339099262,0.17456571711814722,nan,nan
29,7,175498,backward,e,-,2817,2817.0,0.0,0.3811601977955376,0.029411350760265815,0.36199054269389686,0.44312803587969163,0.08113749318579477,0.359487215227587,0.5550590694566417,0.19557185422905476,1.6746687792131378,0.05095938914573226,0.1628904227226824,nan,nan
29,8,8686,backward,e,-,2980,2980.0,0.0,0.42559224729697614,0.0429930597121223,0.3495274856938692,0.4844381888737181,0.13491070317984888,0.2881415248747148,0.5004312289167241,0.2122897040420093,-0.22428139364186003,0.07570845458251362,0.13709441540166806,nan,nan
29,9,12322,backward,e,-,1036,1036.0,0.0,0.19949038695960772,0.01645957051551377,0.17372866951510632,0.22597757755463324,0.05224890803952692,0.16819393098549065,0.31682709338837817,0.14863316240288751,0.725855569946086,0.028275347801811936,0.11821424156988286,nan,nan
29,10,26783,backward,e,-,1430,1430.0,0.0,0.32268286185347306,0.06762421823633367,0.17599836899135812,0.40407291686175045,0.22807454787039233,0.1685914010438332,0.42763187478898884,0.25904047374515565,-0.6122867362678307,0.14522193559406166,0.1526289035415866,nan,nan
29,11,35910,backward,e,-,1975,1975.0,0.0,0.3528675845366649,0.09488309122385431,0.2325675466026797,0.5066061008093935,0.2740385542067138,0.21103584373457032,0.5728973064372875,0.36186146270271724,0.17162191166125482,0.16384899912801681,0.1841119399705998,nan,nan
29,12,133457,backward,e,-,3458,3458.0,0.0,0.6420069613064117,0.13908945243830803,0.4809962397807794,0.8882118686875419,0.4072156289067625,0.4030483832654117,0.8953605839444655,0.4923122006790538,0.34072371241205807,0.2518244103726218,0.25897312562954544,nan,nan
29,13,149609,backward,e,-,26298,26298.0,0.0,0.4668393702993868,0.07435057922712365,0.3922037655154741,0.6234333758415872,0.2312296103261131,0.37974814173539173,0.6973409409567167,0.317592799221325,0.6230315063311588,0.16738962618934813,0.24129719130447763,nan,nan
29,14,43405,backward,e,-,5431,5431.0,0.0,0.29290957783895877,0.05395109512792189,0.2415345991094583,0.39815936546293257,0.15662476635347428,0.17028196900333534,0.5729713754320799,0.4026894064287445,0.8618677325160161,0.12003565234914321,0.2948476623182905,nan,nan
29,15,74518,backward,e,-,13082,13082.0,0.0,0.4528656037681157,0.028237459004826396,0.4079051204489862,0.49791338330873924,0.09000826285975305,0.3888909181254845,0.5665585488567753,0.17766763073129077,0.0026029229996268033,0.07518267014236904,0.09417978715676212,nan,nan
29,16,45392,backward,e,-,1385,1385.0,0.0,0.4792326138382378,0.03627863736476363,0.40526091557546323,0.5134044783608859,0.10814356278542264,0.26123258656771,0.5728380058839121,0.3116054193162021,-0.6305040585584071,0.07797745172021066,0.22171489445178605,nan,nan
29,17,170313,backward,e,-,20191,20191.0,0.0,0.6119988803272974,0.05761715769599689,0.5247681201298564,0.7106225236052752,0.18585440347541882,0.5055190939696781,0.7425083036760617,0.2369892097063836,0.12116284094617893,0.11840387089019905,0.15028965096098545,nan,nan
29,18,208654,backward,e,-,3501,3501.0,0.0,0.6083965218477314,0.08753828395380239,0.4826261048978621,0.7640479862103218,0.28142188131245965,0.4542800631742791,0.8938551550362668,0.4395750918619877,0.2656459561480984,0.14833670858719816,0.27298380286146207,nan,nan
29,19,164816,backward,e,-,2505,2505.0,0.0,0.40280172903742606,0.036273758152479095,0.35964564504473645,0.4728374931807924,0.11319184813605593,0.3566637372686819,0.5156353525338632,0.15897161526518128,0.41597436189792697,0.0734239736248838,0.11622183297795458,nan,nan
29,20,45979,backward,e,-,11732,11732.0,0.0,0.3398654990080753,0.041811855953356986,0.2643396036073304,0.39714271691430497,0.13280311330697459,0.24270357966408668,0.4070149161079655,0.1643113364438788,-0.24701008070631433,0.07996696082146672,0.10160298476471041,nan,nan
29,21,15889,backward,e,-,12009,12009.0,0.0,0.36903416311321446,0.052259787929831325,0.2967558243399063,0.4641177814029626,0.1673619570630563,0.2759808255270147,0.4886047653412886,0.2126239398142739,0.24184835701711227,0.09186421592256272,0.11451558132695816,nan,nan
29,22,100032,backward,e,-,2943,2943.0,0.0,0.4077448095676133,0.07645421430942573,0.24112831163179413,0.4850370241568386,0.24390871252504445,0.16916200796351413,0.5033967835729937,0.33423477560947956,-0.8100095318829255,0.1555047209206893,0.22747102458896926,nan,nan
29,23,150949,backward,e,-,447,447.0,0.0,0.5910497657365236,0.10196983835834725,0.48206063250241277,0.7422341773691827,0.26017354486676997,0.35779820469093704,0.8955575813930169,0.5377593767020798,0.1581501135109773,0.18093380065200448,0.2903389962401124,nan,nan
29,24,173781,backward,e,-,13960,13960.0,0.0,0.4655093016860727,0.03131768048938068,0.42780370905817533,0.5322286590670662,0.10442495000889085,0.3990679858608867,0.5789026716100169,0.17983468574913014,0.7450550396230756,0.07714944156905976,0.1238234541120104,nan,nan
29,25,152436,backward,e,-,6951,6951.0,0.0,0.6017707226894139,0.08689572315073489,0.49094038436837295,0.7332586570468967,0.2423182726785238,0.4279448335007615,0.8948398682898845,0.466895034789123,0.10907595160578581,0.14958284266035138,0.3111287713127928,nan,nan
29,26,119604,backward,e,-,15567,15567.0,0.0,0.6185428877340845,0.05650452332349515,0.5196491514960847,0.6987106947317114,0.17906154323562673,0.4954111246894626,0.7164402452571084,0.2210291205676458,-0.18373983472941005,0.10683166926489647,0.13106969607151864,nan,nan
29,27,76930,backward,e,-,4797,4797.0,0.0,0.5310300812604193,0.017773500274367943,0.495559477723592,0.5516247788791696,0.05606530115557762,0.48828440468421264,0.5563450703171937,0.06806066563298108,-0.3963654125081061,0.04727949371426986,0.054554566753649225,nan,nan
29,28,172613,backward,e,-,1327,1327.0,0.0,0.5167878055652719,0.11719325186219508,0.3609704278836762,0.7244675877766499,0.36349715989297365,0.35264176551903914,0.8956261106421681,0.542984345123129,0.34308533869512037,0.21259163956478755,0.3837501624303058,nan,nan
29,0,94651,backward,w,deg,24761,24761.0,0.0,-1.4249643164833685,4.974406287864599,-5.842191448887604,10.5417633156558,16.383954764543404,-6.848434385196953,14.103628668386108,20.95206305358306,0.9472611329882018,11.917625838575873,15.479491191306153,20.128850175534712,0.9962383416432965
29,1,14264,backward,w,deg,303,303.0,0.0,-1.2104843096000195,10.611004478049539,-26.297156466882672,15.532432474909386,41.82958894179206,-30.17113167311163,17.713079175500752,47.88421084861238,-0.726801852382408,25.453889203143767,29.32786440937278,201.7739664523037,0.9830297321269664
29,2,21401,backward,w,deg,1049,1049.0,0.0,0.4823186329392115,6.4684742146409455,-12.604699908223761,10.91569181810961,23.520391726333372,-34.93470510235218,13.028616470936669,47.96332157328885,-0.6426882243479924,12.78081269161367,33.726142878565554,206.6692347347939,0.9936630973587373
29,3,49068,backward,w,deg,4837,4837.0,0.0,-1.573393979961196,5.67718569912385,-6.599184650487632,12.143994409645693,18.743179060133325,-7.626779452412677,20.00699328372133,27.633772736134006,1.149959541386901,14.797659459514612,22.66065833359025,191.58241893578915,0.9951064004453587
29,4,149947,backward,w,deg,3503,3503.0,0.0,1.7375429984031143,4.479257979259969,-11.274537227990526,3.10192060449227,14.376457832482796,-19.201065357286268,3.287574962173494,22.488640319459762,-2.1126890129309817,14.155163091847808,22.081691221143558,33.65159287544447,0.9969546616676412
29,5,33028,backward,w,deg,1576,1576.0,0.0,8.672557883989214,16.31536774524101,-32.04342687028976,13.744110384244273,45.78753725453403,-33.23111031388234,14.043616183776066,47.274726497658406,-0.8947127251741188,42.250829337589245,43.43851278118183,204.776911908985,0.960070285251342
29,6,153596,backward,w,deg,2207,2207.0,0.0,-0.2885541131520313,2.953633504897242,-3.5157755423524573,6.767456554971437,10.283232097323895,-6.299658030414292,12.861634568604387,19.16129259901868,1.7527225382508558,6.557477253099263,12.450261962164205,23.605641822810526,0.9986735054922221
29,7,175498,backward,w,deg,2817,2817.0,0.0,1.2333116416045016,5.632514381803125,-10.42173955761989,6.593320118376084,17.015059675995975,-14.180239469634785,6.844878109939685,21.02511757957447,-0.5786484827042787,15.591236282706426,19.349736194721316,28.749358104376885,0.9951763302697062
29,8,8686,backward,w,deg,2980,2980.0,0.0,-0.3171454406088543,2.8922506846844316,-2.3050709422068194,1.5628651942527938,3.867936136459613,-2.763010229741326,28.857898305827547,31.620908535568873,5.36082463817999,2.3289543634137715,29.623987474988525,182.88846930098316,0.9987369391949039
29,9,12322,backward,w,deg,1036,1036.0,0.0,2.6377601655611613,8.665791604089966,-17.777536285515048,11.658525357942864,29.43606164345791,-29.933253655744807,17.631518591355302,47.56477224710011,-0.9440790207497909,18.953911148523666,31.109628518753425,201.4300017028133,0.9886438475972559
29,10,26783,backward,w,deg,1430,1430.0,0.0,-0.9937168167711263,9.913523277684645,-19.7115979791654,20.331995261991164,40.043593241156564,-27.71081891084475,21.0653937737805,48.77621268462525,0.090902749263208,20.889178583977703,27.885920947938388,199.16322456284368,0.9851953035146666
29,11,35910,backward,w,deg,1975,1975.0,0.0,-1.7152761063795765,9.5854828374555,-9.140678673170502,15.778884555646172,24.919563228816674,-29.753892910274715,19.101187645281072,48.85508055555579,-0.42018433429662605,22.417470755181423,24.62268730482441,201.25345427529118,0.986129416235821
29,12,133457,backward,w,deg,3458,3458.0,0.0,1.7875218584284625,6.051977733254026,-11.167467617106688,7.675332525791302,18.84280014289799,-11.515066568580266,14.932962699653274,26.44802926823354,-0.5942117917553168,13.547333135894455,13.894932087368034,22.130173269887106,0.9944350672785311
29,13,149609,backward,w,deg,26298,26298.0,0.0,1.775997630806856,5.379658897769029,-9.770439498993927,6.181640367037967,15.952079866031895,-14.254980847083175,8.971254605879494,23.22623545296267,-0.5847353498914664,16.202508145390784,20.687049493480032,27.37960396634073,0.9955989454269724
29,14,43405,backward,w,deg,5431,5431.0,0.0,2.5487884475662668,7.2951320375480835,-11.750304248148822,9.076238215545757,20.82654246369458,-37.81023738930827,10.873943268016774,48.684180657325044,-1.5152118184716283,15.241912875510607,41.301846016670055,209.37312520224583,0.9919713394840212
29,15,74518,backward,w,deg,13082,13082.0,0.0,-0.34106592929629187,4.694996976503757,-6.8007970067234975,7.99243255124376,14.793229557967258,-27.066190557735723,13.39640997941288,40.4626005371486,0.13522835145947332,10.117360398191462,25.00105097569181,200.82717338480472,0.9966490045701112
29,16,45392,backward,w,deg,1385,1385.0,0.0,-2.287042422990851,5.707378884738481,-4.169152987743734,13.244017904612168,17.4131708923559,-21.01984968365261,24.261619541398375,45.281469225050984,1.5052101046435538,17.15556130771162,28.159799297199413,195.28054010024718,0.9950620042126962
29,17,170313,backward,w,deg,20191,20191.0,0.0,-0.04933404828341281,2.613501881225232,-3.938076474376757,3.4217556805404143,7.3598321549171715,-6.0345015478842186,13.772623596892686,19.807125144776904,1.3019075863903347,5.6982395825631755,12.307559811736468,20.561707693789852,0.9989612484035719
29,18,208654,backward,w,deg,3501,3501.0,0.0,-3.498746071721314,7.004394531836824,-7.144287902532824,15.340155734574438,22.484443637107262,-8.044614146729145,17.393537777952673,25.43815192468182,0.9123615815818362,20.020400103692594,22.07378214707083,18.681083405255837,0.9925519963241076
29,19,164816,backward,w,deg,2505,2505.0,0.0,1.0514445237720338,6.681799963929742,-10.684964403009065,7.733298386798947,18.41826278980801,-12.789949820647905,8.123482522927503,20.91343234357541,-0.2991789315314648,17.858083184581865,19.963068602220687,28.236911496922446,0.9932120317121816
29,20,45979,backward,w,deg,11732,11732.0,0.0,-0.12622560234741798,3.389892884265376,-5.267384591023436,5.629051033132164,10.8964356241556,-9.41071294527822,7.170163429563246,16.580876374841466,0.05462545604437686,6.089015547436835,9.832922541622054,205.37351655761356,0.9982508601691467
29,21,15889,backward,w,deg,12009,12009.0,0.0,-0.37963676289268733,3.4962266885366184,-5.203920729441347,6.105257168144732,11.309177897586078,-6.339737441892737,7.793111439348763,14.1328488812415,0.2553349916248376,6.436066848214551,8.123921119418583,189.95935590899776,0.9981394537177564
29,22,100032,backward,w,deg,2943,2943.0,0.0,2.232660125342875,9.682759246356445,-16.229923758910665,12.705851653732337,28.935775412643004,-23.079438889871028,13.138473148086831,36.21791203795786,-0.37306564065269837,24.556521200368305,31.406036331328664,206.91282068778312,0.9857794845607547
29,23,150949,backward,w,deg,447,447.0,0.0,-0.003702978062847251,3.737301082369117,-5.009979582005082,7.644421761306992,12.654401343312074,-13.414904678026033,12.095749603895541,25.510654281921575,0.14492117533074483,10.149730611630504,13.211082264291093,24.238116719858006,0.997877511336756
29,24,173781,backward,w,deg,13960,13960.0,0.0,0.5887575965562633,2.922848835393668,-5.768645832426944,3.408438049347697,9.17708388177464,-14.01022922115041,8.149335890562469,22.15956511171288,-0.7181425701661761,7.34020062450345,15.581784013226923,28.194697828632254,0.9986997804977473
29,25,152436,backward,w,deg,6951,6951.0,0.0,-0.1403878312674749,3.2714392975112876,-4.450520708149256,6.6924386221019745,11.14295933025123,-13.756977454699609,12.078992982337354,25.835970437036963,0.7104094742523863,7.76465985708505,14.496741594411134,24.34464926855941,0.9983731842682713
29,26,119604,backward,w,deg,15567,15567.0,0.0,0.13106207123152558,1.7890865464518955,-2.9755108728398114,2.534436049016804,5.509946921856615,-13.930596848549499,7.856068545616068,21.786665394165567,0.04418760205840006,3.104160494748959,13.485350510437428,27.34067216594444,0.9995126628257025
29,27,76930,backward,w,deg,4797,4797.0,0.0,-0.6378349685194848,6.720487416604485,-9.136008800082106,11.901420329175442,21.037429129257546,-10.711913102806164,14.579604562896776,25.29151766570294,0.33328897510264344,11.217303965783508,13.377853762121276,191.43135556312754,0.9931366141591068
29,28,172613,backward,w,deg,1327,1327.0,0.0,-1.093605490595877,5.728253959377134,-8.481247145136951,9.4384766213962,17.919723766533153,-16.23955225071296,10.219158113695755,26.458710364408716,0.11075887524081439,10.096422100104515,15.725700970240695,26.842333104038335,0.9950134988418614
29,0,94651,forward,eps,km^2/s^2,24761,24761.0,0.0,-0.1550439433439258,0.03122331864259615,-0.19633621710120186,-0.0992254604097258,0.09711075669147606,-0.20771718255735483,-0.09048652349403596,0.11723065906331886,0.24235391050855656,0.05283617150990283,0.06419802324807644,nan,nan
29,1,14264,forward,eps,km^2/s^2,303,303.0,0.0,-0.2056720922204861,0.32393840271103463,-0.9407589925845269,-0.1120210915439255,0.8287379010406014,-1.020440955040417,-0.04492689432768027,0.9755140607127367,-0.8573006560641172,0.7347730997007963,0.8144550621566866,nan,nan
29,2,21401,forward,eps,km^2/s^2,1049,1049.0,0.0,-0.8283531883897285,0.046498545260806816,-0.9365376653263167,-0.812606344950674,0.1239313203756427,-1.0201739466041788,-0.21857673575568803,0.8015972108484908,3.0319263453774066,0.11352986617253727,0.6079327453148264,nan,nan
29,3,49068,forward,eps,km^2/s^2,4837,4837.0,0.0,-0.9561452878994219,0.02649547506430825,-0.9856773079948123,-0.9055337972102661,0.08014351078454629,-0.9895364381834701,-0.8934464324712942,0.09609000571217596,0.3826132854609396,0.04702570413076275,0.059113068869734664,nan,nan
29,4,149947,forward,eps,km^2/s^2,3503,3503.0,0.0,-0.16671246697449782,0.050049412357113514,-0.20459042023120316,-0.1065108651397831,0.09807955509142006,-0.8269552673886098,-0.10407870452841517,0.7228765628601946,-6.412494958936001,0.06049982177300164,0.6604496050949061,nan,nan
29,5,33028,forward,eps,km^2/s^2,1576,1576.0,0.0,-0.24523580137320306,0.0790840352937265,-0.2565667357624361,-0.20398520736840708,0.05258152839402902,-0.980671682301569,-0.10745760176690045,0.8732140805346685,-8.496815898620298,0.04581666346360325,0.7384136813241222,nan,nan
29,6,153596,forward,eps,km^2/s^2,2207,2207.0,0.0,-0.23573589051377986,0.020227221991405416,-0.25845660926173203,-0.1980045739683047,0.060452035293427325,-0.25930099629598635,-0.1827438536840812,0.07655714261190516,0.37071160337270204,0.04164146152662599,0.056902181810849495,nan,nan
29,7,175498,forward,eps,km^2/s^2,2817,2817.0,0.0,-0.8256300190341046,0.021198418736117497,-0.8603858790591007,-0.8077745273975341,0.05261135166156661,-0.9841565378209203,-0.8071892914486543,0.17696724637226602,-2.3464524812607612,0.05092800714305028,0.17469866590486982,nan,nan
29,8,8686,forward,eps,km^2/s^2,2980,2980.0,0.0,-0.8808496631831284,0.01643776756875796,-0.8996555438415175,-0.8611061618330317,0.03854938200848579,-0.979942286512975,-0.854697651065499,0.125244635447476,-2.066862988357452,0.022757711726850736,0.10304445439830823,nan,nan
29,9,12322,forward,eps,km^2/s^2,1036,1036.0,0.0,-0.8192911143965952,0.2534719994720563,-0.8796471648019326,-0.11651976609723444,0.7631273987046981,-0.9840399596112792,-0.04389160369217371,0.9401483559191055,1.8546483017753004,0.7025785381962716,0.7752067006013323,nan,nan
29,10,26783,forward,eps,km^2/s^2,1430,1430.0,0.0,-0.905712379610268,0.04924041078714933,-0.9774071583263158,-0.8146580984290009,0.1627490598973148,-1.0206562915180895,-0.8063625597697947,0.2142937317482948,0.12652544768295107,0.12160059079030348,0.1298961294495098,nan,nan
29,11,35910,forward,eps,km^2/s^2,1975,1975.0,0.0,-0.16659204977983222,0.250508353465761,-0.8866958667688255,-0.04680744703758079,0.8398884197312447,-0.9997486343995929,-0.043981079635574294,0.9557675547640186,-2.0504725518444724,0.7442916700343515,0.8573444376651189,nan,nan
29,12,133457,forward,eps,km^2/s^2,3458,3458.0,0.0,-0.8719237104779736,0.05387984755550162,-0.9742989924993816,-0.8104967638392109,0.1638022286601707,-1.0205829238249695,-0.8067544423545633,0.21382848147040623,-0.4038940649050574,0.0888335657112404,0.12187877015670356,nan,nan
29,13,149609,forward,eps,km^2/s^2,26298,26298.0,0.0,-0.8705733256140776,0.02378702759875945,-0.9217903466989528,-0.8415094238392847,0.08028092285966804,-0.9715083996257589,-0.8087495535208197,0.16275884610493918,-0.7814860020004323,0.08353982681829465,0.13325787974510073,nan,nan
29,14,43405,forward,eps,km^2/s^2,5431,5431.0,0.0,-0.18718013675522116,0.05463796490152793,-0.23261207740776257,-0.09991102694450193,0.13270105046326064,-0.8483447052761657,-0.0461703378629178,0.8021743674132479,-5.265669403432499,0.08199788575434147,0.6762884567156393,nan,nan
29,15,74518,forward,eps,km^2/s^2,13082,13082.0,0.0,-0.19518269863945714,0.04486612527008999,-0.22859140315013915,-0.1284326683987206,0.10015873475141854,-0.8353886169974348,-0.11840664812713053,0.7169819688703043,-5.825115746529713,0.06804573197537361,0.639275439309711,nan,nan
29,16,45392,forward,eps,km^2/s^2,1385,1385.0,0.0,-0.9039972084654778,0.0483919297509266,-0.9760012434023025,-0.8127668188465884,0.16323442455571413,-1.0203849539144754,-0.8064880705613207,0.2138968833531547,0.1767225487306469,0.10063225036953344,0.10715824158825416,nan,nan
29,17,170313,forward,eps,km^2/s^2,20191,20191.0,0.0,-0.09573438380850008,0.027357539972272058,-0.1537656938612889,-0.06670896559237327,0.08705672826891564,-0.19589732550508676,-0.05885393284037144,0.13704339266471532,-0.8984399243149387,0.07600995832398094,0.11814158996777879,nan,nan
29,18,208654,forward,eps,km^2/s^2,3501,3501.0,0.0,-0.8432468003649416,0.028508747243520267,-0.9182418529469714,-0.824372919387023,0.09386893355994841,-1.020820045950525,-0.8081579121131915,0.21266213383733346,-2.269583573001695,0.07450108609080885,0.1770792790943625,nan,nan
29,19,164816,forward,eps,km^2/s^2,2505,2505.0,0.0,-0.8419991686732586,0.0475851650888768,-0.9705806173930602,-0.8117750963223793,0.1588055210706809,-1.0208111579248749,-0.8070918060031312,0.21371935192174363,-1.403895060661279,0.09025621313289511,0.14048675366470986,nan,nan
29,20,45979,forward,eps,km^2/s^2,11732,11732.0,0.0,-0.22515981215321973,0.051285225455440925,-0.24668542044248742,-0.1531404900389919,0.09354493040349551,-0.8362472459085936,-0.13918629282039252,0.697060953088201,-7.429618641248957,0.06890275887783723,0.6151325930137324,nan,nan
29,21,15889,forward,eps,km^2/s^2,12009,12009.0,0.0,-0.9648665302134715,0.03298127249702342,-1.0022430780117184,-0.9020319541123349,0.10021112389938347,-1.0085644016778017,-0.8911740447928009,0.11739035688500077,0.36865308870090835,0.05453313403636977,0.06539104335590373,nan,nan
29,22,100032,forward,eps,km^2/s^2,2943,2943.0,0.0,-0.9102891775442303,0.04032287774611488,-0.9769603205873438,-0.8466504687365154,0.13030985185082844,-0.9819994090634598,-0.8085486977147093,0.17345071134875056,0.06808998826261575,0.07281318337456191,0.110914954396368,nan,nan
29,23,150949,forward,eps,km^2/s^2,447,447.0,0.0,-0.8336120687236475,0.2601569242835446,-0.9714663345126435,-0.14901545355653123,0.8224508809561123,-0.9826458788423504,-0.0919250959679977,0.8907207828743527,1.6909662464720125,0.7422805800349683,0.7993709376235019,nan,nan
29,24,173781,forward,eps,km^2/s^2,13960,13960.0,0.0,-0.923010918159745,0.019803903524555435,-0.9520647875820687,-0.8910839655281859,0.06098082205388278,-1.0105042189071916,-0.8503133897439553,0.16019082916323624,0.045195026145760736,0.03358259513371474,0.0913398728413215,nan,nan
29,25,152436,forward,eps,km^2/s^2,6951,6951.0,0.0,-0.1674175166658044,0.05110177869975394,-0.2100617112340284,-0.11200823590758086,0.09805347532644754,-0.9968920251449903,-0.06780546489835193,0.9290865602466384,-6.9690122628359905,0.06432753574471162,0.8208069556737917,nan,nan
29,26,119604,forward,eps,km^2/s^2,15567,15567.0,0.0,-0.9430115048371573,0.022993341038726328,-0.9697017177555666,-0.8971434553649487,0.07255826239061791,-0.9750473144925218,-0.8510394547458431,0.12400785974667872,0.4701828123073475,0.03906369714914584,0.08302791284699307,nan,nan
29,27,76930,forward,eps,km^2/s^2,4797,4797.0,0.0,-0.8779848254737488,0.024816956355063573,-0.9287926651737746,-0.8501526975378819,0.07863996763589265,-0.971391766789463,-0.8124351423138624,0.15895662447560066,-0.7207811207787741,0.044086738570645365,0.08255921305721448,nan,nan
29,28,172613,forward,eps,km^2/s^2,1327,1327.0,0.0,-0.1969994413633137,0.24471811807188715,-0.8863121312320156,-0.11453425153522094,0.7717778796967947,-1.0084233505739606,-0.04380055913553149,0.9646227914384291,-1.9724924303013154,0.6947264773477166,0.8168376966896617,nan,nan
29,0,94651,forward,e,-,24761,24761.0,0.0,0.6280912209215501,0.07649772210706449,0.5249872147843201,0.7631738765956338,0.23818666181131376,0.4945975559633394,0.7841382419656238,0.2895406860022844,0.21787705267060778,0.1312244946739044,0.16161415349488512,nan,nan
29,1,14264,forward,e,-,303,303.0,0.0,0.5053994008820625,0.1658486590555463,0.22328941548926698,0.7323309390476439,0.509041523558377,0.20285625283815495,0.892947970469117,0.690091717630962,-0.10872036861986166,0.28497622667232897,0.39279380330911795,nan,nan
29,2,21401,forward,e,-,1049,1049.0,0.0,0.23467232686801304,0.07775246780435231,0.18945118146478188,0.4514861354022564,0.26203495393747456,0.16971236327555636,0.5721043294030014,0.402391966127445,1.7043487681584923,0.22151294094274657,0.3421311349434915,nan,nan
29,3,49068,forward,e,-,4837,4837.0,0.0,0.47951507377919944,0.04221388477469184,0.3957330106697318,0.5238395791535931,0.12810656848386132,0.3738368212161587,0.5294155266261129,0.15557870540995422,-0.4582413843444016,0.07812247775899497,0.10001866721256814,nan,nan
29,4,149947,forward,e,-,3503,3503.0,0.0,0.5991620175631148,0.09024058072011554,0.5037408022029498,0.745624121956671,0.24188331975372124,0.2062286491345052,0.7514951973571784,0.5452665482226732,-0.08363711496663104,0.1472177937589927,0.39343428747008347,nan,nan
29,5,33028,forward,e,-,1576,1576.0,0.0,0.39570458877969683,0.05512171213948412,0.3618771151725703,0.5149875017498111,0.1531103865772408,0.35907069968116695,0.7437231962695249,0.38465249658835793,2.3193716402118354,0.11155410602174198,0.3402898005414557,nan,nan
29,6,153596,forward,e,-,2207,2207.0,0.0,0.4197681506839612,0.05482409454757268,0.3559627635512989,0.5196895099769825,0.16372674642568358,0.3534727015855489,0.5585088111332429,0.20503610954769402,0.32418316918720375,0.11070360081819221,0.14952290197445267,nan,nan
29,7,175498,forward,e,-,2817,2817.0,0.0,0.22822097048534584,0.050434997912917265,0.17336619304412565,0.3100969970508512,0.13673080400672555,0.17140178779317194,0.5212219375949423,0.34982014980177034,1.2649652785447643,0.13035670678182132,0.3414816473259124,nan,nan
29,8,8686,forward,e,-,2980,2980.0,0.0,0.3496817315302656,0.030304250479301974,0.3099467214323015,0.3849353402527902,0.07498861882048868,0.2961950763715573,0.5154629321271346,0.21926785575557728,1.6929906082506312,0.04358878443884012,0.1733522695909509,nan,nan
29,9,12322,forward,e,-,1036,1036.0,0.0,0.22598148719687267,0.17339631372613212,0.18854393683431062,0.7214857088329367,0.5329417719986261,0.17222573043226008,0.8954250633070769,0.7231993328748169,1.9680221748163487,0.5122614700639512,0.6862008245380914,nan,nan
29,10,26783,forward,e,-,1430,1430.0,0.0,0.3963502165362134,0.09216688917297444,0.19385151801133285,0.511768395016351,0.31791687700501814,0.16857236846964585,0.572716237374,0.40414386890435416,-0.45703133303917043,0.25411894970867754,0.27939809925036463,nan,nan
29,11,35910,forward,e,-,1975,1975.0,0.0,0.5998726174574602,0.17880187861752217,0.3096949719809098,0.8884845235202379,0.5787895515393281,0.1705568463462666,0.8952125964134294,0.7246557500671629,-0.03487318354780391,0.34910415543145146,0.48824228106609474,nan,nan
29,12,133457,forward,e,-,3458,3458.0,0.0,0.3330145761885893,0.10463357020512298,0.18275553863159996,0.5071596217122776,0.3244040830806776,0.17001816509090778,0.572619520313711,0.4026013552228032,0.17574947916249947,0.20101436200338094,0.21375173554407317,nan,nan
29,13,149609,forward,e,-,26298,26298.0,0.0,0.330553180084597,0.046475624861375325,0.26708986268244866,0.42438810492542106,0.1572982422429724,0.175969075502094,0.5031026509987027,0.32713357549660865,0.5016775998472938,0.1651718333303253,0.2438863794036069,nan,nan
29,14,43405,forward,e,-,5431,5431.0,0.0,0.5482539054631838,0.10113953652174862,0.43005438944442825,0.761800679677199,0.33174629023277075,0.16987312589813894,0.890008058378988,0.720134932480849,0.4791768443533616,0.2061351368456919,0.4166765067018854,nan,nan
29,15,74518,forward,e,-,13082,13082.0,0.0,0.5275344430158915,0.08672693918257603,0.4403409056250367,0.6927016990780097,0.252360793452973,0.1874282338484579,0.7169528444652796,0.5295246106168218,0.26250201801831824,0.16844033322120702,0.33765817430164413,nan,nan
29,16,45392,forward,e,-,1385,1385.0,0.0,0.393227092652766,0.09193560838631835,0.18894576593275683,0.5097368572539842,0.3207910913212274,0.1690549787012258,0.5723421520948844,0.4032871733936586,-0.5313182378071403,0.2204619866862092,0.24035277391774032,nan,nan
29,17,170313,forward,e,-,20191,20191.0,0.0,0.7716243934578448,0.06615877414246817,0.6306819328956899,0.8410113961208328,0.2103294632251429,0.5250959763492817,0.8597500074356198,0.33465403108633807,-0.9311424243241003,0.1839537419500416,0.28953969849644967,nan,nan
29,18,208654,forward,e,-,3501,3501.0,0.0,0.2717864867682652,0.05678776004182382,0.2248734046103373,0.41862658322432506,0.19375317861398775,0.17467649438969368,0.572955757279698,0.39827926289000437,1.7231425245298182,0.14554868887959327,0.29987786293496627,nan,nan
29,19,164816,forward,e,-,2505,2505.0,0.0,0.2683153553618745,0.09258222143283341,0.18538811929636229,0.5014085568098544,0.3160204375134921,0.17108557576733655,0.5729437428642237,0.40185816709688715,1.0279108733280826,0.1724084507155556,0.22347788831973053,nan,nan
29,20,45979,forward,e,-,11732,11732.0,0.0,0.4493744984019943,0.08040117774042485,0.3901504261575206,0.6323644000836411,0.24221397392612054,0.18807880243534977,0.6664920247996247,0.47841322236427486,0.6143276014960743,0.1749285127486412,0.2716383752471757,nan,nan
29,21,15889,forward,e,-,12009,12009.0,0.0,0.4927558523990591,0.051926298846462715,0.389197306358187,0.5474114597804919,0.15821415342230488,0.36933174053788914,0.5562090261526239,0.18687728561473477,-0.4571754791686682,0.09074591341426112,0.110611479234559,nan,nan
29,22,100032,forward,e,-,2943,2943.0,0.0,0.4046437076033838,0.07261118937764086,0.2789476971304068,0.5111715240044713,0.2322238268740645,0.17689843824555226,0.5185090086168794,0.34161057037132714,-0.33938192756820706,0.1410862409355724,0.2431354998204269,nan,nan
29,23,150949,forward,e,-,447,447.0,0.0,0.32230278463419293,0.1367141091612056,0.20929699956166103,0.6426228102435118,0.4333258106818507,0.1698141830836259,0.7806098396144959,0.6107956565308701,0.8987394189488002,0.2739393030512938,0.411926332422278,nan,nan
29,24,173781,forward,e,-,13960,13960.0,0.0,0.4264732138680448,0.033496641465277775,0.3701029861835046,0.47344210275641224,0.10333911657290762,0.288258210095421,0.5587434251500458,0.2704852150546248,-0.15015733520471009,0.05646372111774907,0.13881872324463468,nan,nan
29,25,152436,forward,e,-,6951,6951.0,0.0,0.5973516665667297,0.0894243639827891,0.4896428937400572,0.7324037890955521,0.24276089535549494,0.17006665311222163,0.8384885339059525,0.6684218807937308,-0.1317907078588124,0.15726172455806453,0.4057243519481653,nan,nan
29,26,119604,forward,e,-,15567,15567.0,0.0,0.45899937323257295,0.037765750066117314,0.3811058118509253,0.5003596914603511,0.1192538796094258,0.28987177594082353,0.5083076614849963,0.21843588554417276,-0.5599871495688521,0.06354557382663582,0.15467874215706706,nan,nan
29,27,76930,forward,e,-,4797,4797.0,0.0,0.34471599575440176,0.047104000844355384,0.2866507331978071,0.436051418921259,0.1494006857234519,0.18982757206028292,0.5029569112002404,0.31312933913995755,0.4673418612241763,0.08461282666988225,0.17559173527228703,nan,nan
29,28,172613,forward,e,-,1327,1327.0,0.0,0.5231755118228552,0.1439307628140699,0.2669536602992774,0.7263012740177376,0.45934761371846017,0.17101087925057248,0.8956399397956282,0.7246290605450557,-0.0752968456749176,0.2978052884743517,0.36573498471469235,nan,nan
29,0,94651,forward,w,deg,24761,24761.0,0.0,-3.196160186987754,18.178810488978243,-22.441786843308734,34.008867633797195,56.45065447710593,-23.52926854533058,66.90348198548685,90.43275053081743,0.7296293694914121,47.102639095363,79.99725344705269,174.4057126669653,0.9508629699538866
29,1,14264,forward,w,deg,303,303.0,0.0,-0.5294867512391761,88.32434495788613,-169.14105539955673,167.75191340970053,336.89296880925724,-179.81887084460823,179.67482824720503,359.49369909181326,-0.0889470340935654,170.825935799464,179.95164725919028,51.67701313426312,0.353015947781671
29,2,21401,forward,w,deg,1049,1049.0,0.0,-3.2384396750165365,22.74715145447588,-23.677104908474014,47.425397457972394,71.1025023664464,-160.32743410763794,104.40371272580734,264.7311468334453,1.1973494999132226,56.496772890787724,154.02920719894934,158.89712217874933,0.9324611135752223
29,3,49068,forward,w,deg,4837,4837.0,0.0,-0.7536044753006763,13.392034058388465,-19.120335374897433,24.72927080717462,43.84960618207205,-21.81293268107072,38.37960090177904,60.19253358284976,0.44525274387513974,30.095191930776213,43.74552202538064,313.3794188337216,0.9729961358106123
29,4,149947,forward,w,deg,3503,3503.0,0.0,-3.556140649181117,25.609014434002138,-31.296828791969844,46.69075770905703,77.98758650102687,-179.2506192722158,163.46694584791362,342.7175651201294,0.6464388426689816,60.09516269201755,176.71721559910668,241.0539098966135,0.9107151182204895
29,5,33028,forward,w,deg,1576,1576.0,0.0,-4.1746020484436315,29.24619158440521,-28.434606412954096,49.08444004373085,77.51904645668495,-178.48896202648848,177.6614254868507,356.1503875133392,-1.2340371722430725,46.96280783504285,179.9789589053716,210.7248662404336,0.8998149018450228
29,6,153596,forward,w,deg,2207,2207.0,0.0,-4.506274001217179,26.992533543768907,-32.9766018358467,54.35416861442626,87.33077045027295,-37.717534675164046,99.37021751696221,137.08775219212626,0.7864327221082854,71.62800524257192,116.64405414510787,234.9373812652911,0.8949180174723356
29,7,175498,forward,w,deg,2817,2817.0,0.0,-3.436210652768665,16.725821896174033,-17.529179419167985,30.068339369596405,47.59751878876439,-18.802189545037436,98.57887815188826,117.3810676969257,1.849617043742386,33.33885268725123,101.8493914695431,17.26776755316406,0.9598699117654399
29,8,8686,forward,w,deg,2980,2980.0,0.0,-1.681740401113899,6.058146883433887,-3.975930169195408,5.757222850267495,9.733153019462904,-4.127564726612832,57.98694670791457,62.1145114345274,4.310057945562125,9.186079579341524,61.4158034369886,293.5370568774897,0.9945526444618998
29,9,12322,forward,w,deg,1036,1036.0,0.0,-8.600860836069103,52.78053942008225,-36.01906722282209,127.58075694777415,163.59982417059624,-164.4941580859784,179.7408724980346,344.235030584013,1.317291283777476,142.58055730048406,179.11444011904496,171.43322606855364,0.7012449388411786
29,10,26783,forward,w,deg,1430,1430.0,0.0,2.2424057770774652,22.289451422555977,-42.65352360494726,29.78626018685224,72.4397837917995,-66.95527190033664,86.00753592901071,152.96280782934735,-0.27555861704001905,49.52258314407788,79.67900178374839,39.863196478622854,0.9279355498039078
29,11,35910,forward,w,deg,1975,1975.0,0.0,-3.5635510838361597,57.774388995004706,-38.0418346234297,146.94009757654612,184.98193219997583,-178.4446041050687,178.70137497648,357.1459790815487,0.36676757614663474,160.76748002740015,179.88746412232757,304.29472228734386,0.7025510590163275
29,12,133457,forward,w,deg,3458,3458.0,0.0,1.937514735082928,29.08541666763777,-52.809973841064114,44.24598784005657,97.05596168112069,-64.1685366960271,94.39208698881453,158.56062368484163,-0.16416102127156446,54.37779016806849,102.40932303836934,124.86888669034292,0.8783430478035573
29,13,149609,forward,w,deg,26298,26298.0,0.0,-2.446274435074045,16.54364382796079,-20.50450110623808,30.925558456070213,51.430059562308294,-23.347269264264696,96.87289676503792,120.22016602930262,1.168783604438414,30.154721344022626,96.1020596529903,14.865311630411426,0.959754620224921
29,14,43405,forward,w,deg,5431,5431.0,0.0,-0.9127195540909554,23.13594364066199,-38.3505392668269,33.01059299479371,71.36113226162061,-179.76636774409084,173.06197801063433,352.8283457547252,0.278747485584875,43.24336728358725,179.16213752634536,234.21418212134046,0.9283272690687996
29,15,74518,forward,w,deg,13082,13082.0,0.0,-3.4284584805592004,21.773174000693093,-25.752975862127336,37.97960778995728,63.732583652084614,-178.32066011054332,171.51452039223966,349.835180502783,0.7593201196911457,46.532879420939835,179.84822163002002,190.17730964052353,0.9344743050452051
29,16,45392,forward,w,deg,1385,1385.0,0.0,-1.2567446112588243,21.938145102464823,-40.47990891309506,37.34288162969932,77.82279054279438,-74.30242845320953,59.0276857391367,133.33011419234623,-0.13814247732642887,49.689953543505794,68.51688987911365,55.37920322772561,0.9297396081915255
29,17,170313,forward,w,deg,20191,20191.0,0.0,-2.9325242443196373,15.739248814603759,-19.247704606635693,30.166493738408192,49.414198345043886,-21.39387728931706,70.105052906857,91.49893019617406,0.9330232240923554,40.33753736000217,80.27609652845098,172.66702204670895,0.9631161531452845
29,18,208654,forward,w,deg,3501,3501.0,0.0,-2.2857740482381246,14.671457225649124,-16.797845304078862,27.65839034841258,44.45623565249144,-24.120069912699194,99.26915988858423,123.38922980128342,1.4824937544829369,40.541537284123024,112.15230682429467,53.440500719181045,0.9684638689344292
29,19,164816,forward,w,deg,2505,2505.0,0.0,-2.231438864011267,29.80260803118411,-38.796258126162044,53.67178095900989,92.46803908517194,-43.546034356827874,102.91363994002768,146.45967429685555,0.5156130372002413,55.28670846535738,104.52856744637518,72.41487319637154,0.8722959954862666
29,20,45979,forward,w,deg,11732,11732.0,0.0,-3.1530105854053545,18.65908042855464,-18.430042254628887,29.917982922911463,48.34802517754035,-179.81240587857354,178.82892540709418,358.6413312856677,3.2736765490843993,43.994319099331236,179.81575087125879,181.58894526002754,0.9573826443662439
29,21,15889,forward,w,deg,12009,12009.0,0.0,-0.5042184816846316,6.784508727778861,-10.047575620866576,11.776041622741346,21.82361724360792,-11.77057875573962,21.507418860547887,33.27799761628751,0.34684809218284174,16.506348568030333,26.237725805836874,301.6118675794645,0.9930089951288807
29,22,100032,forward,w,deg,2943,2943.0,0.0,-3.9675572517547266,17.551803641523783,-21.633742152477232,33.83179109685896,55.46553324933619,-24.998157512685054,65.97217553703274,90.9703330497178,0.8539939236786523,31.330737344238493,63.471121784412276,339.77623039635176,0.9542310470892573
29,23,150949,forward,w,deg,447,447.0,0.0,1.7627772913322417,49.617392747074724,-85.20140532715037,93.21007026590118,178.41147559305153,-141.14700869640347,178.1749243503889,319.32193304679237,0.3189509229565642,148.6360117954518,178.68519292291307,234.21619385125604,0.7121900766423728
29,24,173781,forward,w,deg,13960,13960.0,0.0,-4.046585672528366,15.80900176367501,-15.642080022176923,26.967831930059404,42.60991195223633,-16.037755817267453,103.59431728000527,119.63207309727272,1.731411755533161,35.80176036526113,112.42824571520703,6.524850208929961,0.9638752421113888
29,25,152436,forward,w,deg,6951,6951.0,0.0,-3.2694481153050106,21.54493519880765,-24.70702520608728,39.05728949092196,63.76431469700924,-179.47068923094037,178.8102852289639,358.28097445990426,0.012762253118280633,63.87028805269907,158.2218186835605,291.02375348995963,0.9353367253078778
29,26,119604,forward,w,deg,15567,15567.0,0.0,-3.089962543260185,15.986814848870377,-18.472729483649733,31.61200238885318,50.084731872502914,-20.196928842839498,71.67135112966739,91.86827997250688,1.1546514238273473,42.57905040875388,82.6383991495681,11.06670541140332,0.9621672946000146
29,27,76930,forward,w,deg,4797,4797.0,0.0,-3.171087047553897,14.214068197262508,-15.985230796933127,30.206316056359743,46.19154685329287,-17.590123171543212,65.6511520584354,83.24127522997861,1.214968144122855,33.61131955197214,69.05615555404779,307.873758429518,0.969933124933535
29,28,172613,forward,w,deg,1327,1327.0,0.0,-0.2474011202039037,64.28900607920117,-55.7146236904499,153.52908904604016,209.24371273649007,-179.9162839267987,178.67762658975653,358.59391051655524,0.5245619685612359,164.36872478402523,179.38798224872215,34.630149488642594,0.6206847995212522
32,0,94651,backward,eps,km^2/s^2,24762,24762.0,0.0,-0.09841787626004417,0.023421935844789212,-0.14808647994125845,-0.06740203363738317,0.08068444630387528,-0.1808042275346745,-0.058817793307683885,0.12198643422699063,-0.7829160707583965,0.06530628805337844,0.09802403564679452,nan,nan
32,1,30546,backward,eps,km^2/s^2,212,212.0,0.0,-0.8342532395613855,0.059937336172486824,-0.9765592462425804,-0.8166849573085311,0.1598742889340493,-1.0183677716126565,-0.8068393667227801,0.21152840488987634,-0.9624610800368512,0.14688066164388056,0.18868918701395665,nan,nan
32,2,21401,backward,eps,km^2/s^2,999,999.0,0.0,-0.8292127280655119,0.037281673697099366,-0.9531998566164358,-0.8246157818204698,0.128584074795966,-1.0030563556592664,-0.8219637802093935,0.1810925754498729,-2.358565964306255,0.12458915779985937,0.17444565684268998,nan,nan
32,3,49068,backward,eps,km^2/s^2,4837,4837.0,0.0,-0.9794128573983533,0.01267880674493001,-0.993067020353092,-0.9532141027752343,0.039852917577857694,-0.996399116625677,-0.9281148789320531,0.0682842376936239,0.7949786057781114,0.031365342313606145,0.0564645661567873,nan,nan
32,4,203087,backward,eps,km^2/s^2,3277,3277.0,0.0,-0.20179724677924127,0.016290546631611526,-0.2325715099558084,-0.17638039924450138,0.056191110711307,-0.2584258866957744,-0.12368804208487294,0.13473784461090144,-0.7418857810606894,0.037255072365123466,0.08040666360454041,nan,nan
32,5,33028,backward,eps,km^2/s^2,1533,1533.0,0.0,-0.8249881002018923,0.018440070856749383,-0.8617124987070144,-0.8076996974538289,0.05401280125318553,-1.0207392989867343,-0.8066103600792471,0.2141289389074872,-1.4008029411566378,0.03948931935036365,0.19851611963008364,nan,nan
32,6,153596,backward,eps,km^2/s^2,2200,2200.0,0.0,-0.16433430693407486,0.0347446365437862,-0.2044855916444756,-0.10656334228710894,0.09792224935736667,-0.23396340960576145,-0.10462873397446115,0.1293346756313003,0.19212569677461727,0.060190875287018324,0.06728347759562725,nan,nan
32,7,149947,backward,eps,km^2/s^2,3463,3463.0,0.0,-0.22617248610432839,0.025862625338479762,-0.2583709249195812,-0.18288078924637724,0.07549013567320395,-0.2593276385082858,-0.15798653060821344,0.10134110790007234,0.24475152921111387,0.053143389585394045,0.07803764822355785,nan,nan
32,8,8686,backward,eps,km^2/s^2,2980,2980.0,0.0,-0.9230219765937426,0.02510549082960722,-0.9595130990412114,-0.8808281718834704,0.078684927157741,-0.9699743335828579,-0.8508318586618089,0.11914247492104901,0.1245503063134246,0.042882521334938487,0.0719553575876466,nan,nan
32,9,12322,backward,eps,km^2/s^2,1022,1022.0,0.0,-0.8158655690205665,0.0051319795699961415,-0.8247926063953844,-0.8079003223050687,0.016892284090315735,-0.8436044658510862,-0.806208472304013,0.037395993547073125,-0.3763184100997902,0.009317825508593239,0.02804655417589763,nan,nan
32,10,26334,backward,eps,km^2/s^2,1419,1419.0,0.0,-0.8665562791955077,0.030669554760042614,-0.9102741360373515,-0.8083063687206195,0.10196776731673207,-0.9239286379840658,-0.8063623697289342,0.11756626825513161,0.30249358526250264,0.056742973157370764,0.05896655792847827,nan,nan
32,11,36819,backward,eps,km^2/s^2,178,178.0,0.0,-0.8853205485374248,0.047715765439676046,-0.9670875779155097,-0.827268170988635,0.13981940692687467,-1.020754723273971,-0.8170902978840135,0.20366442538995755,-0.3324018371281421,0.07523052951939761,0.11984448919744306,nan,nan
32,12,133457,backward,eps,km^2/s^2,3436,3436.0,0.0,-0.14957692422725227,0.056830499667465256,-0.21335899362043848,-0.04686795326158108,0.1664910403588574,-0.24181840798177956,-0.043879077490019736,0.19793933049175982,0.37937551473517733,0.10470054537957033,0.10768942115113167,nan,nan
32,13,149609,backward,eps,km^2/s^2,26298,26298.0,0.0,-0.2186564838046559,0.02870773511288704,-0.24598773129894233,-0.15673776869454648,0.08924996260439585,-0.2503484518318607,-0.1265314213170705,0.1238170305147902,0.6807407737689708,0.06570491664314158,0.09591126402061756,nan,nan
32,14,35909,backward,eps,km^2/s^2,1960,1960.0,0.0,-0.8806504842039898,0.05040230252820008,-0.9737309940354147,-0.8275601781962149,0.14617081583919989,-1.0207786020554366,-0.8206074327557955,0.20017116929964107,-0.36780935072149,0.0773147033315035,0.11652952806906614,nan,nan
32,15,56808,backward,eps,km^2/s^2,7491,7491.0,0.0,-0.8713249851916769,0.021353679157731096,-0.906395956469077,-0.8381563363207825,0.06823962014829454,-0.9412522397006342,-0.8310290574037036,0.11022318229693062,-0.07038999497605464,0.04079209117587157,0.062472063936213074,nan,nan
32,16,45392,backward,eps,km^2/s^2,1395,1395.0,0.0,-0.955589772827463,0.022968746805367264,-0.9784952856977471,-0.9099128137388752,0.0685824719588719,-1.0207437552380227,-0.850367147645064,0.1703766075929587,0.4939261561578747,0.048555389343154155,0.10798637004524991,nan,nan
32,17,170313,backward,eps,km^2/s^2,20200,20200.0,0.0,-0.16161672654657733,0.023361774876633126,-0.19643028493235018,-0.12110386986325938,0.0753264150690908,-0.20393761703701752,-0.10783662095679791,0.0961009960802196,0.14851382102325297,0.048459088834570174,0.061726337741031645,nan,nan
32,18,208654,backward,eps,km^2/s^2,3476,3476.0,0.0,-0.16345919724894825,0.034873055788439966,-0.212575791801787,-0.10107809303587267,0.11149769876591434,-0.2230349468747932,-0.0445526154721928,0.1784823314026004,0.27476846455225973,0.05847836554396424,0.11359512511048331,nan,nan
32,19,164816,backward,eps,km^2/s^2,2490,2490.0,0.0,-0.24224608048710733,0.013080935375335065,-0.2572148492725731,-0.21655519445427632,0.04065965481829678,-0.2582250091029896,-0.20023730165444997,0.05798770744853965,0.45910321804915966,0.026552738989517582,0.042870631789343916,nan,nan
32,20,45239,backward,eps,km^2/s^2,4356,4356.0,0.0,-0.8492696276714651,0.025341061991176774,-0.9039288130550454,-0.8300220569670781,0.07390675608796726,-1.020836128343177,-0.8068572750885142,0.21397885325466282,-1.418482275730805,0.056952898388652695,0.1738602136767844,nan,nan
32,21,15889,backward,eps,km^2/s^2,12009,12009.0,0.0,-0.8908769874277576,0.028625454119216416,-0.9464306011634044,-0.8548510297422829,0.0915795714211215,-0.9620982854500806,-0.8455281706683686,0.11657011478171198,-0.3857667698955782,0.052818886566146646,0.06848657085282284,nan,nan
32,22,100032,backward,eps,km^2/s^2,2907,2907.0,0.0,-0.9128627857527436,0.04038515309806189,-0.9595580205311431,-0.830988381027299,0.12856963950384415,-0.9716903857139396,-0.8065266032009923,0.16516378251294728,0.5114924185302638,0.07452487405755887,0.09898665188386557,nan,nan
32,23,154799,backward,eps,km^2/s^2,166,166.0,0.0,-0.1866236594854731,0.14232588956968417,-0.25448580959259437,-0.11416211169477747,0.1403236978978169,-1.0176690233481307,-0.043834796693581146,0.9738342266545496,-4.288061426524611,0.11955499175532847,0.8351510045779862,nan,nan
32,24,175498,backward,eps,km^2/s^2,2817,2817.0,0.0,-0.2497905691598532,0.010562165705643521,-0.25642651301088115,-0.22785668709301635,0.028569825917864805,-0.25726788764161435,-0.18468911335516458,0.07257877428644977,1.7714508466459178,0.017883107087203507,0.06105068082505527,nan,nan
32,25,120396,backward,eps,km^2/s^2,4030,4030.0,0.0,-0.13304072721329036,0.022875087329874293,-0.1747742099917394,-0.10983739269151621,0.06493681730022319,-0.18304160244530832,-0.04380722131250103,0.13923438113280728,0.0017859200144068907,0.05174690783648998,0.08009743557048032,nan,nan
32,26,119604,backward,eps,km^2/s^2,15567,15567.0,0.0,-0.15876841369797223,0.022826037974776583,-0.19822293684765283,-0.12594971819081435,0.07227321865683847,-0.207662361019049,-0.11861720493557071,0.0890451560834783,-0.1605949598695109,0.04266526507728167,0.05210468924867784,nan,nan
32,27,76930,backward,eps,km^2/s^2,4797,4797.0,0.0,-0.9906993898578029,0.012262423613556063,-1.0052693788989768,-0.9666183429246511,0.03865103597432573,-1.0086547271271056,-0.9620409644423636,0.04661376268474193,0.3615888698036948,0.03233167159065644,0.03690905007294387,nan,nan
32,28,164396,backward,eps,km^2/s^2,1357,1357.0,0.0,-0.18437392421204502,0.043052906751973714,-0.25175216115714777,-0.1146414662683705,0.13711069488877725,-0.2595672674968075,-0.04390831562550124,0.21565895187130624,0.10409784773408634,0.07881637251650726,0.14954952315937653,nan,nan
32,29,77279,backward,eps,km^2/s^2,12294,12294.0,0.0,-0.9408099723222805,0.0166896858548055,-0.9685113480921468,-0.9149598248586431,0.05355152323350365,-1.0175623660736905,-0.9032646973374825,0.11429766873620806,-0.0777178594571689,0.044103228231635726,0.05851367662944773,nan,nan
32,30,41861,backward,eps,km^2/s^2,6170,6170.0,0.0,-0.8847443825459003,0.022096005777007672,-0.9135639532410915,-0.8441510805786114,0.06941287266248009,-0.9195189788611466,-0.8368024549426645,0.08271652391848217,0.2681511007475731,0.04060252850302811,0.047951154138975105,nan,nan
32,31,173781,backward,eps,km^2/s^2,13960,13960.0,0.0,-0.2191384703962882,0.011995220061075703,-0.23316429534632685,-0.19322999314069353,0.03993430220563332,-0.24322543364234006,-0.17471297632550709,0.06851245731683298,0.7959391496567748,0.02972517367519003,0.04824219049037648,nan,nan
32,0,94651,backward,e,-,24762,24762.0,0.0,0.76514864450281,0.05655290394407974,0.6446445529428695,0.8393713183048696,0.19472676536200006,0.5634116600032416,0.8598376401626954,0.29642598015945376,-0.8118814232847232,0.15793881208960137,0.23917170502922924,nan,nan
32,1,30546,backward,e,-,212,212.0,0.0,0.24993215210841624,0.11380209849681801,0.20284448342538766,0.5105463175208699,0.30770183409548224,0.17006358404121355,0.5696766464524057,0.3996130624111921,0.818526207459848,0.2720858255174628,0.3312161544489986,nan,nan
32,2,21401,backward,e,-,999,999.0,0.0,0.23692809000976528,0.07287143774864807,0.22492107921614926,0.4749673383694477,0.2500462591532985,0.21752467444325066,0.548651718359921,0.33112704391667036,2.0895312498115124,0.23967187655062946,0.3133562565411028,nan,nan
32,3,49068,backward,e,-,4837,4837.0,0.0,0.5146467335355054,0.01899237290308235,0.47494595655868244,0.5344405453593595,0.05949458880067704,0.4351727305718936,0.5391917984091384,0.10401906783724485,-0.8567633578593199,0.047221986282763195,0.08699521226955204,nan,nan
32,4,203087,backward,e,-,3277,3277.0,0.0,0.5109268098383889,0.042619806871110624,0.4285036784834483,0.5748909413644508,0.14638726288100257,0.35604827303698017,0.7046917262443643,0.3486434532073841,-0.9293009885769692,0.09695373297831802,0.1994326171405476,nan,nan
32,5,33028,backward,e,-,1533,1533.0,0.0,0.2256659571125598,0.04653539113420274,0.17322422292734826,0.31271170474568327,0.139487481818335,0.16945223746756752,0.57285141266025,0.4033991751926824,0.7115298981155553,0.09389330687965816,0.3540330147942249,nan,nan
32,6,153596,backward,e,-,2200,2200.0,0.0,0.6049887257624533,0.08567509438819304,0.504108742300824,0.745539601785734,0.24143085948490994,0.4246648141608949,0.7501700804378386,0.3255052662769437,0.17286225373213607,0.1464789813461016,0.17456571711814722,nan,nan
32,7,149947,backward,e,-,3463,3463.0,0.0,0.44585125272313686,0.06914235422989927,0.3561422047808574,0.5581653318030149,0.20202312702215747,0.35333869863390605,0.6202551083088614,0.2669164096749554,0.19393789028930203,0.13918082333500373,0.20127059984085033,nan,nan
32,8,8686,backward,e,-,2980,2980.0,0.0,0.42559224729697614,0.0429930597121223,0.3495274856938692,0.4844381888737181,0.13491070317984888,0.2881415248747148,0.5004312289167241,0.2122897040420093,-0.22428139364186003,0.07570845458251362,0.13709441540166806,nan,nan
32,9,12322,backward,e,-,1022,1022.0,0.0,0.1993812021472356,0.015496655995056117,0.1737933365886513,0.22529968355344435,0.05150634696479306,0.16819393098549065,0.26963704952433076,0.10144311853884011,0.16253303449908077,0.028051625929134086,0.07102419770583546,nan,nan
32,10,26334,backward,e,-,1419,1419.0,0.0,0.3219557309037834,0.06821829567983445,0.17529192859926165,0.4042840806473952,0.22899215204813353,0.1685914010438332,0.42763187478898884,0.25904047374515565,-0.6010456509704474,0.14338453880553836,0.15008506636096686,nan,nan
32,11,36819,backward,e,-,178,178.0,0.0,0.35938827445573623,0.08957967498013852,0.2320253710161579,0.4963180561618524,0.2642926851456945,0.20354616221157962,0.5728758045889726,0.36932964237739296,0.05687261700761962,0.16039738970502274,0.18510897389574404,nan,nan
32,12,133457,backward,e,-,3436,3436.0,0.0,0.6411914424692573,0.13893361289551892,0.4809675154556988,0.8883179735460044,0.40735045809030557,0.4030483832654117,0.8954556794646302,0.4924072961992185,0.351185846710605,0.25193051523108434,0.2590682211497102,nan,nan
32,13,149609,backward,e,-,26298,26298.0,0.0,0.4668393702993868,0.07435057922712365,0.3922037655154741,0.6234333758415872,0.2312296103261131,0.37974814173539173,0.6973409409567167,0.317592799221325,0.6230315063311588,0.16738962618934813,0.24129719130447763,nan,nan
32,14,35909,backward,e,-,1960,1960.0,0.0,0.3503370306295972,0.09460830842654126,0.23270204029336908,0.5063118074178011,0.2736097671244321,0.21103584373457032,0.5728973064372875,0.36186146270271724,0.187655422977294,0.16228261403183805,0.1826707238958085,nan,nan
32,15,56808,backward,e,-,7491,7491.0,0.0,0.3321466908258163,0.043209608779302904,0.25911551088679763,0.39794109049647297,0.13882557960967534,0.2412161780719966,0.4560854315612715,0.2148692534892749,-0.0820931789912616,0.08801262342238758,0.10912481094381593,nan,nan
32,16,45392,backward,e,-,1395,1395.0,0.0,0.4789097443732382,0.036627929336441704,0.403949887281656,0.5133707719293786,0.10942088464772265,0.2884730137980067,0.5728380058839121,0.2843649920859054,-0.5939366751195887,0.07940095211071765,0.1944744672214893,nan,nan
32,17,170313,backward,e,-,20200,20200.0,0.0,0.6119710972886552,0.05761268687115333,0.5247704887656347,0.7106214863238581,0.18585099755822343,0.5055190939696781,0.7425083036760617,0.2369892097063836,0.12195376996143176,0.11840283360878194,0.15028965096098545,nan,nan
32,18,208654,backward,e,-,3476,3476.0,0.0,0.6076753060661217,0.0861257237538447,0.4826352909616668,0.7590055798634219,0.2763702889017551,0.4542800631742791,0.8938551550362668,0.4395750918619877,0.23177196470902503,0.14727198039415143,0.27298380286146207,nan,nan
32,19,164816,backward,e,-,2490,2490.0,0.0,0.4026751306550852,0.03629566708254615,0.3595930386048614,0.4728239768921798,0.1132309382873184,0.3566637372686819,0.5156353525338632,0.15897161526518128,0.4207157154701089,0.07341045733627125,0.11622183297795458,nan,nan
32,20,45239,backward,e,-,4356,4356.0,0.0,0.28559103659326734,0.05195321911700304,0.2391026427603622,0.39367764605888356,0.15457500329852136,0.17028196900333534,0.5729713754320799,0.4026894064287445,0.9277040838427743,0.11318319602200225,0.29247692539519854,nan,nan
32,21,15889,backward,e,-,12009,12009.0,0.0,0.36903416311321446,0.052259787929831325,0.2967558243399063,0.4641177814029626,0.1673619570630563,0.2759808255270147,0.4886047653412886,0.2126239398142739,0.24184835701711227,0.09186421592256272,0.11451558132695816,nan,nan
32,22,100032,backward,e,-,2907,2907.0,0.0,0.4092145491696885,0.07643946340862767,0.24239336309912574,0.4850592354795631,0.24266587238043735,0.16921621043999194,0.5033967835729937,0.33418057313300176,-0.8065934814656505,0.15423966945335751,0.22741682211249145,nan,nan
32,23,154799,backward,e,-,166,166.0,0.0,0.5563026480464747,0.12436007555946,0.3770395515430949,0.727206055772548,0.35016650422945317,0.20302693345651393,0.8955575813930169,0.692530647936503,-0.1424581402482259,0.19900641344307474,0.35660574393299493,nan,nan
32,24,175498,backward,e,-,2817,2817.0,0.0,0.3811601977955376,0.029411350760265815,0.36199054269389686,0.44312803587969163,0.08113749318579477,0.359487215227587,0.5550590694566417,0.19557185422905476,1.6746687792131378,0.05095938914573226,0.1628904227226824,nan,nan
32,25,120396,backward,e,-,4030,4030.0,0.0,0.6815627905534867,0.0557230823552769,0.5790649981414593,0.7376294292395054,0.15856443109804608,0.558361655347144,0.8956261106421681,0.33726445529502413,-0.02369666927974867,0.12669082007344143,0.19188762846743979,nan,nan
32,26,119604,backward,e,-,15567,15567.0,0.0,0.6185428877340845,0.05650452332349515,0.5196491514960847,0.6987106947317114,0.17906154323562673,0.4954111246894626,0.7164402452571084,0.2210291205676458,-0.18373983472941005,0.10683166926489647,0.13106969607151864,nan,nan
32,27,76930,backward,e,-,4797,4797.0,0.0,0.5310300812604193,0.017773500274367943,0.495559477723592,0.5516247788791696,0.05606530115557762,0.48828440468421264,0.5563450703171937,0.06806066563298108,-0.3963654125081061,0.04727949371426986,0.054554566753649225,nan,nan
32,28,164396,backward,e,-,1357,1357.0,0.0,0.5549679826083719,0.10887685979019261,0.37525656858198103,0.7260340904440894,0.35077752186210837,0.35264176551903914,0.8953803856012519,0.5427386200822127,0.01491597720260962,0.19404163879348213,0.3633879339506446,nan,nan
32,29,77279,backward,e,-,12294,12294.0,0.0,0.45555900856793013,0.02673021012302849,0.41282098883652363,0.49856285369640363,0.08574186485988,0.392465659703418,0.5684740189318007,0.1760083592283827,0.007897562360475069,0.07145247079357923,0.09174546168511377,nan,nan
32,30,41861,backward,e,-,6170,6170.0,0.0,0.3581500353262621,0.043423049324018075,0.2731902300551486,0.41016801311989837,0.13697778306474978,0.25560907397241645,0.4202723380253809,0.16466326405296444,-0.39305225356370016,0.08491014088284493,0.10249129696557713,nan,nan
32,31,173781,backward,e,-,13960,13960.0,0.0,0.4655093016860727,0.03131768048938068,0.42780370905817533,0.5322286590670662,0.10442495000889085,0.3990679858608867,0.5789026716100169,0.17983468574913014,0.7450550396230756,0.07714944156905976,0.1238234541120104,nan,nan
32,0,94651,backward,w,deg,24762,24762.0,0.0,-1.4250877886956062,4.974880033639727,-5.84266964782648,10.541308553310847,16.383978201137328,-6.8489133070413,14.103149746541732,20.952063053583032,0.9472145312083693,11.917649998075268,15.479491191306153,20.129329097379074,0.9962376257150964
32,1,30546,backward,w,deg,212,212.0,0.0,3.8227511695504006,9.394515579918771,-12.452164152228423,13.313316196596933,25.765480348825356,-32.71878384347815,15.060629513531723,47.77941335700987,-0.9944516332415658,18.7976968673749,39.064316558624625,204.4214140421634,0.9866858258452095
32,2,21401,backward,w,deg,999,999.0,0.0,0.29704991983405193,6.374143212340903,-12.414306921722144,10.680951266065634,23.095258187787778,-35.181794863996856,12.781526709291995,47.96332157328885,-0.6506788894671581,12.702076992202947,33.726142878565554,206.91632449643856,0.9938476055412666
32,3,49068,backward,w,deg,4837,4837.0,0.0,-1.573393979961196,5.67718569912385,-6.599184650487632,12.143994409645693,18.743179060133325,-7.626779452412677,20.00699328372133,27.633772736134006,1.149959541386901,14.797659459514612,22.66065833359025,191.58241893578915,0.9951064004453587
32,4,203087,backward,w,deg,3277,3277.0,0.0,0.07441019393169768,4.678006612070614,-7.012247649593593,10.399830797782776,17.41207844737637,-13.306971326242149,11.678071695037403,24.98504302127955,0.614998510127478,14.692858871454682,15.971099768709308,25.223945718717093,0.9966739981441705
32,5,33028,backward,w,deg,1533,1533.0,0.0,8.484662239879924,15.981897684375431,-31.90124424745746,13.332955196299418,45.23419944375688,-33.66088475797815,13.618294280724342,47.279179038702495,-0.9315063229197953,41.67887227066112,43.43851278118183,205.2066863530808,0.9616836648773036
32,6,153596,backward,w,deg,2200,2200.0,0.0,-0.26898086285812894,2.9657359330537894,-3.74160153209384,6.794919382699739,10.536520914793579,-6.261277234553404,12.900015364465247,19.16129259901865,1.6929187090673976,6.594593090066255,12.450261962164205,23.567261026949655,0.9986625986237677
32,7,149947,backward,w,deg,3463,3463.0,0.0,1.5998199965190736,4.203871507729882,-10.472040721607296,2.939560888166065,13.411601609773362,-19.36491210252788,3.123728216931852,22.488640319459734,-2.144979919245208,13.188819840222962,22.081691221143558,33.81543962068609,0.9973167916372472
32,8,8686,backward,w,deg,2980,2980.0,0.0,-0.3171454406088543,2.8922506846844316,-2.3050709422068194,1.5628651942527938,3.867936136459613,-2.763010229741326,28.857898305827547,31.620908535568873,5.36082463817999,2.3289543634137715,29.623987474988525,182.88846930098316,0.9987369391949039
32,9,12322,backward,w,deg,1022,1022.0,0.0,2.635951754204072,8.626183485586155,-17.694379136880755,11.540986021083047,29.235365157963802,-28.62223861400369,17.734090579560956,46.35632919356465,-0.9396840682801851,18.973325988095024,29.901185465217964,201.32742971460766,0.9887454560857772
32,10,26334,backward,w,deg,1419,1419.0,0.0,-1.0291331117174707,9.956438034237683,-19.70175214341071,20.26765774980011,39.96940989321082,-27.773047086917842,21.003165597707408,48.77621268462525,0.08943586704823535,20.853477345948438,27.92153227894815,199.22545273891677,0.9850659594546746
32,11,36819,backward,w,deg,178,178.0,0.0,-0.5325844811078468,10.007960456688487,-24.697673593880985,17.257237011767423,41.95491060564841,-27.72278278405608,19.605359179343395,47.328141963399474,-0.578005956767746,22.678217806992517,25.703326997167608,199.2195308311246,0.98490331871555
32,12,133457,backward,w,deg,3436,3436.0,0.0,1.75771017211909,6.016029503023912,-11.221329899624166,7.624151399263809,18.845481298887975,-11.573315714298388,14.87471355393518,26.44802926823357,-0.6054525318873938,13.542946272693811,13.894932087368034,22.188422415605217,0.9945010628303268
32,13,149609,backward,w,deg,26298,26298.0,0.0,1.775997630806856,5.379658897769029,-9.770439498993927,6.181640367037967,15.952079866031895,-14.254980847083175,8.971254605879494,23.22623545296267,-0.5847353498914664,16.202508145390784,20.687049493480032,27.37960396634073,0.9955989454269724
32,14,35909,backward,w,deg,1960,1960.0,0.0,-1.6646436537859444,9.626973806172195,-9.147545498994605,15.808771263201436,24.95631676219604,-29.758233105029262,19.096847450526525,48.85508055555579,-0.43327765419219394,22.377838062222953,24.75981918171516,201.25779447004572,0.9860104956704235
32,15,56808,backward,w,deg,7491,7491.0,0.0,0.2811981465996496,3.9793114797665265,-5.40401172988004,4.386122799065674,9.790134528945714,-35.73534026559199,10.661032487336996,46.39637275292898,-4.368920337863067,8.338347940103347,38.669676475815294,207.29822807852955,0.9976249454962784
32,16,45392,backward,w,deg,1395,1395.0,0.0,-2.2696072861423886,5.6921253662081295,-4.166761714092962,13.188270551274645,17.355032265367605,-21.021005806331573,24.410954109265674,45.43195991559725,1.5091605957456637,17.134379195299086,28.310289987745676,195.28169622292614,0.9950883559364102
32,17,170313,backward,w,deg,20200,20200.0,0.0,-0.05004300587074795,2.613655948625159,-3.9365407614359653,3.4230509721931552,7.35959173362912,-6.033200724864969,13.773924419911936,19.807125144776904,1.3019443522589833,5.697607584853853,12.307559811736468,20.560406870770606,0.9989611256425739
32,18,208654,backward,w,deg,3476,3476.0,0.0,-3.503709114133329,6.991708992354697,-7.11087769228773,15.292366160405912,22.40324385269364,-8.083826616776577,17.354325307905214,25.43815192468179,0.9073666476370299,20.011822999571507,22.07378214707083,18.720295875303282,0.9925787660866451
32,19,164816,backward,w,deg,2490,2490.0,0.0,1.0562500376780832,6.672071782551993,-10.678137466327033,7.722467794994811,18.400605261321843,-12.799711354406469,8.110636506314478,20.910347860720947,-0.30245230953854196,17.841494714141252,19.963068602220687,28.246673030681013,0.9932317796054708
32,20,45239,backward,w,deg,4356,4356.0,0.0,1.4177305746942892,6.149237473765618,-11.914553895220187,7.546459116265233,19.46101301148542,-39.51964775820389,8.510627270080107,48.030275028283995,-2.156650357338219,14.265758840755318,41.87085270373902,211.1864480908564,0.9943034765971412
32,21,15889,backward,w,deg,12009,12009.0,0.0,-0.37963676289268733,3.4962266885366184,-5.203920729441347,6.105257168144732,11.309177897586078,-6.339737441892737,7.793111439348763,14.1328488812415,0.2553349916248376,6.436066848214551,8.123921119418583,189.95935590899776,0.9981394537177564
32,22,100032,backward,w,deg,2907,2907.0,0.0,2.2401649600266182,9.651440628833132,-16.36577022256946,12.589507398090236,28.955277620659693,-21.991317390253784,13.013113893925606,35.00443128417939,-0.398064635704502,24.56700840986587,30.192555577550195,207.03817994194435,0.9858719219947963
32,23,154799,backward,w,deg,166,166.0,0.0,-0.33352564020397324,32.917897183580045,-7.473281909465207,10.540726516557001,18.014008426022208,-178.00186449773696,176.4169758314568,354.41884032919376,1.287686239614226,14.006686398141028,179.18511017495655,25.000905762402876,0.9253681269614425
32,24,175498,backward,w,deg,2817,2817.0,0.0,1.2333116416045016,5.632514381803125,-10.42173955761989,6.593320118376084,17.015059675995975,-14.180239469634785,6.844878109939685,21.02511757957447,-0.5786484827042787,15.591236282706426,19.349736194721316,28.749358104376885,0.9951763302697062
32,25,120396,backward,w,deg,4030,4030.0,0.0,-0.300109845465542,2.741947641723275,-2.0086727445233876,5.082333230398076,7.091005974921464,-13.277209827596465,8.728640974088933,22.005850801685398,-1.0514846780577327,7.855270083969604,11.61632286257273,23.864881641456268,0.9988573504553175
32,26,119604,backward,w,deg,15567,15567.0,0.0,0.13106207123152558,1.7890865464518955,-2.9755108728398114,2.534436049016804,5.509946921856615,-13.930596848549499,7.856068545616068,21.786665394165567,0.04418760205840006,3.104160494748959,13.485350510437428,27.34067216594444,0.9995126628257025
32,27,76930,backward,w,deg,4797,4797.0,0.0,-0.6378349685194848,6.720487416604485,-9.136008800082106,11.901420329175442,21.037429129257546,-10.711913102806164,14.579604562896776,25.29151766570294,0.33328897510264344,11.217303965783508,13.377853762121276,191.43135556312754,0.9931366141591068
32,28,164396,backward,w,deg,1357,1357.0,0.0,-0.6445326164909488,4.803719548937005,-6.8403588170131,10.273614131246779,17.113972948259878,-14.949864658483165,11.468139234056878,26.418003892540042,0.4793579590015885,9.86184084287844,15.780585330468057,25.58912329352292,0.9964934910045076
32,29,77279,backward,w,deg,12294,12294.0,0.0,-0.19813196498300556,4.734670609412351,-6.896911959068501,7.961401704063815,14.858313663132316,-26.813953127565867,13.214123151346456,40.02807627891232,0.0889227222993938,9.696096499732995,25.138072480401462,200.8598522989673,0.9965921530639282
32,30,41861,backward,w,deg,6170,6170.0,0.0,0.20920939840074482,2.245338501122221,-4.208809190114037,3.2455077838021755,7.454316973916212,-8.0438787444279,4.013194828429988,12.057073572857888,-0.5074355501689798,4.940620716634838,8.7756902709487,201.6513391106395,0.9992323969486352
32,31,173781,backward,w,deg,13960,13960.0,0.0,0.5887575965562633,2.922848835393668,-5.768645832426944,3.408438049347697,9.17708388177464,-14.01022922115041,8.149335890562469,22.15956511171288,-0.7181425701661761,7.34020062450345,15.581784013226923,28.194697828632254,0.9986997804977473
32,0,94651,forward,eps,km^2/s^2,24762,24762.0,0.0,-0.1550460085916292,0.03122309272875761,-0.1963361807308062,-0.0992257857875493,0.09711039494325689,-0.20771718255735483,-0.09048652349403596,0.11723065906331886,0.24242567998674916,0.05283607445046748,0.06419802324807644,nan,nan
32,1,30546,forward,eps,km^2/s^2,212,212.0,0.0,-0.18618619258813557,0.1457844686090219,-0.258785762154908,-0.11178571330471197,0.14700004885019602,-0.9500665357404836,-0.051543237175719625,0.898523298564764,-4.01026637902771,0.12707906465999716,0.7462284399828926,nan,nan
32,2,21401,forward,eps,km^2/s^2,999,999.0,0.0,-0.8281216990183274,0.046864667870283594,-0.8918225677332283,-0.8124708650351169,0.07935170269811143,-1.0201739466041788,-0.04477593560856841,0.9753980109956104,8.930607000725766,0.0685813743506155,0.7817335454619461,nan,nan
32,3,49068,forward,eps,km^2/s^2,4837,4837.0,0.0,-0.9561452878994219,0.02649547506430825,-0.9856773079948123,-0.9055337972102661,0.08014351078454629,-0.9895364381834701,-0.8934464324712942,0.09609000571217596,0.3826132854609396,0.04702570413076275,0.059113068869734664,nan,nan
32,4,203087,forward,eps,km^2/s^2,3277,3277.0,0.0,-0.1694926269446544,0.09868693556222122,-0.21215677228341917,-0.11042997789789477,0.1017267943855244,-1.0195542132081998,-0.059984160387641094,0.9595700528205587,-6.164589958061282,0.06487047068548761,0.8453049395214016,nan,nan
32,5,33028,forward,eps,km^2/s^2,1533,1533.0,0.0,-0.2456584283533657,0.0732545747691741,-0.25656102916999346,-0.20363436883447597,0.05292666033551749,-0.980671682301569,-0.10745760176690045,0.8732140805346685,-9.079859514110494,0.044983896889671554,0.7384136813241222,nan,nan
32,6,153596,forward,eps,km^2/s^2,2200,2200.0,0.0,-0.2357354347198964,0.02054802751632085,-0.25845683904688227,-0.19733643977475934,0.06112039927212293,-0.25930099629598635,-0.18083127953353884,0.07846971676244752,0.38455721356335754,0.042309595720171345,0.05881475596139185,nan,nan
32,7,149947,forward,eps,km^2/s^2,3463,3463.0,0.0,-0.16650566229370367,0.05006002712977163,-0.20450909326600406,-0.1065108651397831,0.09799822812622096,-0.8269552673886098,-0.10407870452841517,0.7228765628601946,-6.4832048765457895,0.06048303451088002,0.6604496050949061,nan,nan
32,8,8686,forward,eps,km^2/s^2,2980,2980.0,0.0,-0.8808496631831284,0.01643776756875796,-0.8996555438415175,-0.8611061618330317,0.03854938200848579,-0.979942286512975,-0.854697651065499,0.125244635447476,-2.066862988357452,0.022757711726850736,0.10304445439830823,nan,nan
32,9,12322,forward,eps,km^2/s^2,1022,1022.0,0.0,-0.8191396614895639,0.25526112324867667,-0.8756299153177212,-0.10979686318657772,0.7658330521311434,-0.9840399596112792,-0.04389160369217371,0.9401483559191055,1.8406888641908494,0.7093014411069284,0.7752067006013323,nan,nan
32,10,26334,forward,eps,km^2/s^2,1419,1419.0,0.0,-0.9065198499305012,0.0489518810359726,-0.977518010693339,-0.8199194786431808,0.15759853205015817,-1.0206562915180895,-0.8063625597697947,0.2142937317482948,0.14040004752603238,0.11782040618050917,0.13137732505389532,nan,nan
32,11,36819,forward,eps,km^2/s^2,178,178.0,0.0,-0.880141184369723,0.22644626438735796,-0.9763017613357471,-0.19912921323907024,0.7771725480966769,-1.020440955040417,-0.060086332099685946,0.960354622940731,2.2879034146464625,0.6319961023035162,0.7710389834429004,nan,nan
32,12,133457,forward,eps,km^2/s^2,3436,3436.0,0.0,-0.8726361032629517,0.053797232459494956,-0.9742995956431959,-0.8104932788912261,0.16380631675196977,-1.0205829238249695,-0.8067544423545633,0.21382848147040623,-0.38948663877647866,0.08868407553477123,0.12187877015670356,nan,nan
32,13,149609,forward,eps,km^2/s^2,26298,26298.0,0.0,-0.8705733256140776,0.02378702759875945,-0.9217903466989528,-0.8415094238392847,0.08028092285966804,-0.9715083996257589,-0.8087495535208197,0.16275884610493918,-0.7814860020004323,0.08353982681829465,0.13325787974510073,nan,nan
32,14,35909,forward,eps,km^2/s^2,1960,1960.0,0.0,-0.16521261491527028,0.24381107506267388,-0.8799393982503173,-0.04683032316180248,0.8331090750885148,-0.9997486343995929,-0.043981079635574294,0.9557675547640186,-2.1295628065503553,0.7256914059649962,0.8455006421142718,nan,nan
32,15,56808,forward,eps,km^2/s^2,7491,7491.0,0.0,-0.23516272700095076,0.008975967872270077,-0.24821372324395274,-0.21932350706941828,0.028890216174534467,-0.25802878862821066,-0.20435536184316894,0.05367342678504172,0.19828489418166614,0.019133041165691977,0.03368930500494394,nan,nan
32,16,45392,forward,eps,km^2/s^2,1395,1395.0,0.0,-0.9038264206621626,0.04835392697411721,-0.9760009522345212,-0.8126469381770147,0.1633540140575065,-1.0203849539144754,-0.8064880705613207,0.2138968833531547,0.17238794388674322,0.10075333880979839,0.10715824158825416,nan,nan
32,17,170313,forward,eps,km^2/s^2,20200,20200.0,0.0,-0.09574267919233598,0.027392607217001028,-0.15404196818234947,-0.06671064433269983,0.08733132384964964,-0.19589732550508676,-0.05885393284037144,0.13704339266471532,-0.8990328525348524,0.0762862326450415,0.11814158996777879,nan,nan
32,18,208654,forward,eps,km^2/s^2,3476,3476.0,0.0,-0.8433006060972188,0.028307662481613163,-0.9180911169449634,-0.8245419837545733,0.09354913319039004,-1.020820045950525,-0.8081579121131915,0.21266213383733346,-2.2469471968309107,0.07435035008880084,0.1770792790943625,nan,nan
32,19,164816,forward,eps,km^2/s^2,2490,2490.0,0.0,-0.8419509892147359,0.047237050415452876,-0.9701896419285633,-0.811772995219169,0.15841664670939426,-1.0208111579248749,-0.8070918060031312,0.21371935192174363,-1.4054846719120262,0.08986523766839825,0.14048675366470986,nan,nan
32,20,45239,forward,eps,km^2/s^2,4356,4356.0,0.0,-0.18705378796199656,0.05957597510759834,-0.21856148484304927,-0.09510111765501075,0.12346036718803852,-0.8943866425699905,-0.0461703378629178,0.8482163047070727,-5.9031109708173295,0.08148697658950774,0.7213139879074164,nan,nan
32,21,15889,forward,eps,km^2/s^2,12009,12009.0,0.0,-0.9648665302134715,0.03298127249702342,-1.0022430780117184,-0.9020319541123349,0.10021112389938347,-1.0085644016778017,-0.8911740447928009,0.11739035688500077,0.36865308870090835,0.05453313403636977,0.06539104335590373,nan,nan
32,22,100032,forward,eps,km^2/s^2,2907,2907.0,0.0,-0.9110054575291521,0.039554953286980554,-0.976974086468468,-0.8478191761938169,0.1291549102746511,-0.9819994090634598,-0.8085486977147093,0.17345071134875056,0.02998143521948406,0.07164447591726045,0.110914954396368,nan,nan
32,23,154799,forward,eps,km^2/s^2,166,166.0,0.0,-0.5323956446752762,0.3646526374881774,-0.9721057388321941,-0.11600228923691402,0.8561034495952801,-0.9769988255449953,-0.046719852405381124,0.9302789731396142,-0.005246768205538195,0.7598292122307948,0.7647222989435959,nan,nan
32,24,175498,forward,eps,km^2/s^2,2817,2817.0,0.0,-0.8256300190341046,0.021198418736117497,-0.8603858790591007,-0.8077745273975341,0.05261135166156661,-0.9841565378209203,-0.8071892914486543,0.17696724637226602,-2.3464524812607612,0.05092800714305028,0.17469866590486982,nan,nan
32,25,120396,forward,eps,km^2/s^2,4030,4030.0,0.0,-0.16903266529050714,0.07880668167518198,-0.21085312852976626,-0.11326121973226483,0.09759190879750143,-0.8469894841534737,-0.06269689419354152,0.7842925899599322,-6.58267492053776,0.06397279171036564,0.6703692667204055,nan,nan
32,26,119604,forward,eps,km^2/s^2,15567,15567.0,0.0,-0.9430115048371573,0.022993341038726328,-0.9697017177555666,-0.8971434553649487,0.07255826239061791,-0.9750473144925218,-0.8510394547458431,0.12400785974667872,0.4701828123073475,0.03906369714914584,0.08302791284699307,nan,nan
32,27,76930,forward,eps,km^2/s^2,4797,4797.0,0.0,-0.8779848254737488,0.024816956355063573,-0.9287926651737746,-0.8501526975378819,0.07863996763589265,-0.971391766789463,-0.8124351423138624,0.15895662447560066,-0.7207811207787741,0.044086738570645365,0.08255921305721448,nan,nan
32,28,164396,forward,eps,km^2/s^2,1357,1357.0,0.0,-0.21086792375783892,0.32800928000427704,-0.9236400768450896,-0.11521292596192775,0.8084271508831619,-1.0084233505739606,-0.04380055913553149,0.9646227914384291,-0.6609773855530503,0.7229162828970213,0.8076995566258921,nan,nan
32,29,77279,forward,eps,km^2/s^2,12294,12294.0,0.0,-0.1975187587059119,0.04498191829484951,-0.22825193307761216,-0.12802989363449752,0.10022203944311464,-0.8353886169974348,-0.11840664812713053,0.7169819688703043,-5.866403324690573,0.0699183498756537,0.6378172925413629,nan,nan
32,30,41861,forward,eps,km^2/s^2,6170,6170.0,0.0,-0.1768625594395154,0.08218990263151975,-0.21619054985431022,-0.14320155211894936,0.07298899773536086,-0.8364723675436735,-0.13519446193763418,0.7012779056060393,-7.004916774068724,0.04411417126191865,0.6643959889512819,nan,nan
32,31,173781,forward,eps,km^2/s^2,13960,13960.0,0.0,-0.923010918159745,0.019803903524555435,-0.9520647875820687,-0.8910839655281859,0.06098082205388278,-1.0105042189071916,-0.8503133897439553,0.16019082916323624,0.045195026145760736,0.03358259513371474,0.0913398728413215,nan,nan
32,0,94651,forward,e,-,24762,24762.0,0.0,0.6280911249288582,0.0764971511452591,0.5249876583184834,0.763172759776761,0.23818510145827765,0.4945975559633394,0.7841382419656238,0.2895406860022844,0.2179491160057943,0.13122405113974112,0.16161415349488512,nan,nan
32,1,30546,forward,e,-,212,212.0,0.0,0.5508495689882944,0.1188555742820719,0.3605050772200461,0.7328992485517817,0.3723941713317356,0.2053839745854985,0.8772211912241045,0.671837216638606,-0.29012577127314626,0.23846994163881713,0.3713513493395916,nan,nan
32,2,21401,forward,e,-,999,999.0,0.0,0.23411209933287455,0.07053098558116686,0.18917721375643898,0.37718512686976824,0.18800791311332926,0.16971236327555636,0.8933250748032786,0.7236127115277222,2.8469407668498645,0.14721193241025837,0.6633518803437688,nan,nan
32,3,49068,forward,e,-,4837,4837.0,0.0,0.47951507377919944,0.04221388477469184,0.3957330106697318,0.5238395791535931,0.12810656848386132,0.3738368212161587,0.5294155266261129,0.15557870540995422,-0.4582413843444016,0.07812247775899497,0.10001866721256814,nan,nan
32,4,203087,forward,e,-,3277,3277.0,0.0,0.5922710925887155,0.09889826063044937,0.4846217437955458,0.7362116463527781,0.25158990255723235,0.17006665311222163,0.8571224749469785,0.6870558218347569,-0.46522670209625744,0.15839464833006844,0.41032573304321235,nan,nan
32,5,33028,forward,e,-,1533,1533.0,0.0,0.3943448478121595,0.055088100972308714,0.3618081821049505,0.5153675984573667,0.15355941635241616,0.35907069968116695,0.7437231962695249,0.38465249658835793,2.4134636675888,0.11193420272929744,0.3402898005414557,nan,nan
32,6,153596,forward,e,-,2200,2200.0,0.0,0.4197859043466321,0.0556476131681218,0.3559623488607874,0.5214013554399549,0.1654390065791675,0.3534727015855489,0.5633284052797051,0.20985570369415618,0.3378347244789111,0.11241544628116468,0.15434249612091483,nan,nan
32,7,149947,forward,e,-,3463,3463.0,0.0,0.5996629366045887,0.08974248286068359,0.5040218951994587,0.745624121956671,0.24160222675721232,0.2062286491345052,0.7514951973571784,0.5452665482226732,-0.07057388391915176,0.14719445203569803,0.39343428747008347,nan,nan
32,8,8686,forward,e,-,2980,2980.0,0.0,0.3496817315302656,0.030304250479301974,0.3099467214323015,0.3849353402527902,0.07498861882048868,0.2961950763715573,0.5154629321271346,0.21926785575557728,1.6929906082506312,0.04358878443884012,0.1733522695909509,nan,nan
32,9,12322,forward,e,-,1022,1022.0,0.0,0.2253029552786363,0.17654306821491383,0.18852895596075353,0.7381087389475771,0.5495797829868236,0.17222573043226008,0.8954250633070769,0.7231993328748169,1.995601226145674,0.5288845001785916,0.6862008245380914,nan,nan
32,10,26334,forward,e,-,1419,1419.0,0.0,0.397668697355547,0.09131384379192914,0.20908290443390196,0.5119769130762929,0.3028940086423909,0.16857236846964585,0.572716237374,0.40414386890435416,-0.47032512405525784,0.24129020053019146,0.28180073649444765,nan,nan
32,11,36819,forward,e,-,178,178.0,0.0,0.3991838872181054,0.12917731924753298,0.21508018793949357,0.567376785350875,0.3522965974113814,0.18600693989988665,0.8568787149132043,0.6708717750133177,0.39311826789650994,0.3252187907067013,0.6147207202690307,nan,nan
32,12,133457,forward,e,-,3436,3436.0,0.0,0.33427425343332634,0.10453057296469496,0.1827353202815963,0.507160460911681,0.32442514063008465,0.17001816509090778,0.572619520313711,0.4026013552228032,0.16284385063449514,0.20103458035338465,0.21375173554407317,nan,nan
32,13,149609,forward,e,-,26298,26298.0,0.0,0.330553180084597,0.046475624861375325,0.26708986268244866,0.42438810492542106,0.1572982422429724,0.175969075502094,0.5031026509987027,0.32713357549660865,0.5016775998472938,0.1651718333303253,0.2438863794036069,nan,nan
32,14,35909,forward,e,-,1960,1960.0,0.0,0.6028530398589415,0.17818169589429647,0.311945173118594,0.8884129541034246,0.5764677809848306,0.1705568463462666,0.8952125964134294,0.7246557500671629,-0.035662403830629935,0.3178662802701325,0.45925460704245985,nan,nan
32,15,56808,forward,e,-,7491,7491.0,0.0,0.4224186365417482,0.02465585032870661,0.38590390790748336,0.46520354953913456,0.07929964163165121,0.3572200901263215,0.5050407907697425,0.147820700643421,0.15410062172803277,0.05200270399244891,0.09024762952713933,nan,nan
32,16,45392,forward,e,-,1395,1395.0,0.0,0.3929350108499928,0.09189485924307829,0.1883841560618571,0.5096916790258256,0.3213075229639685,0.1690549787012258,0.5723421520948844,0.4032871733936586,-0.528071694427198,0.221023596557109,0.24035277391774032,nan,nan
32,17,170313,forward,e,-,20200,20200.0,0.0,0.7715700420546533,0.06624548343780945,0.6300014389042744,0.8410081624008632,0.21100672349658878,0.5250959763492817,0.8597500074356198,0.33465403108633807,-0.931714633570283,0.18463423594145703,0.28953969849644967,nan,nan
32,18,208654,forward,e,-,3476,3476.0,0.0,0.2719095802055,0.05647971817028988,0.22534246166084954,0.4183728943494821,0.19303043268863257,0.17467649438969368,0.572955757279698,0.39827926289000437,1.703939886566473,0.14529500000475032,0.29987786293496627,nan,nan
32,19,164816,forward,e,-,2490,2490.0,0.0,0.2681016816929064,0.09205794565722,0.18528264377497816,0.5010042288205943,0.3157215850456161,0.17108557576733655,0.5729437428642237,0.40185816709688715,1.0288261702316632,0.17185298323431555,0.22347788831973053,nan,nan
32,20,45239,forward,e,-,4356,4356.0,0.0,0.5485279269066269,0.10009995670857579,0.4667792344315697,0.7733189835414872,0.3065397491099175,0.16987312589813894,0.890008058378988,0.720134932480849,0.5961624683172076,0.20051524198701184,0.4141434505437003,nan,nan
32,21,15889,forward,e,-,12009,12009.0,0.0,0.4927558523990591,0.051926298846462715,0.389197306358187,0.5474114597804919,0.15821415342230488,0.36933174053788914,0.5562090261526239,0.18687728561473477,-0.4571754791686682,0.09074591341426112,0.110611479234559,nan,nan
32,22,100032,forward,e,-,2907,2907.0,0.0,0.40549078465520527,0.07068869450439542,0.2820763871903614,0.5112027559631586,0.22912636877279718,0.17689843824555226,0.5185090086168794,0.34161057037132714,-0.279806870728129,0.13795755087561776,0.2431354998204269,nan,nan
32,23,154799,forward,e,-,166,166.0,0.0,0.4830561685887842,0.14789051720962101,0.23676645936543195,0.722883855963224,0.4861173965977921,0.1698141830836259,0.8887012718543874,0.7188870887707615,0.2418856047346831,0.2612655593621596,0.4048240259543841,nan,nan
32,24,175498,forward,e,-,2817,2817.0,0.0,0.22822097048534584,0.050434997912917265,0.17336619304412565,0.3100969970508512,0.13673080400672555,0.17140178779317194,0.5212219375949423,0.34982014980177034,1.2649652785447643,0.13035670678182132,0.3414816473259124,nan,nan
32,25,120396,forward,e,-,4030,4030.0,0.0,0.5933204422558259,0.09439683610133219,0.4875384589360844,0.7293793609747571,0.2418409020386727,0.1713813094736515,0.8506606350833577,0.6792793256097062,-0.43631260048457565,0.1564594753550656,0.40305671503100915,nan,nan
32,26,119604,forward,e,-,15567,15567.0,0.0,0.45899937323257295,0.037765750066117314,0.3811058118509253,0.5003596914603511,0.1192538796094258,0.28987177594082353,0.5083076614849963,0.21843588554417276,-0.5599871495688521,0.06354557382663582,0.15467874215706706,nan,nan
32,27,76930,forward,e,-,4797,4797.0,0.0,0.34471599575440176,0.047104000844355384,0.2866507331978071,0.436051418921259,0.1494006857234519,0.18982757206028292,0.5029569112002404,0.31312933913995755,0.4673418612241763,0.08461282666988225,0.17559173527228703,nan,nan
32,28,164396,forward,e,-,1357,1357.0,0.0,0.4932441489788795,0.16567847355756035,0.2230410913440916,0.7246779477844999,0.5016368564404083,0.17100555090973987,0.8956399397956282,0.7246343888858883,0.10153272175787142,0.2994744233395853,0.3821883454924,nan,nan
32,29,77279,forward,e,-,12294,12294.0,0.0,0.5215957320159379,0.08641341602052423,0.4412313778567546,0.6936658901943457,0.25243451233759107,0.1874282338484579,0.7169528444652796,0.5295246106168218,0.33968410839168217,0.17317422790761722,0.33394027915444635,nan,nan
32,30,41861,forward,e,-,6170,6170.0,0.0,0.5734359909133395,0.07137210376744889,0.4727334307468294,0.6566521367678272,0.1839187060209978,0.18615264140574067,0.6762152456966782,0.49006260429093756,-1.6341319473181277,0.11275039233043481,0.39933118167152354,nan,nan
32,31,173781,forward,e,-,13960,13960.0,0.0,0.4264732138680448,0.033496641465277775,0.3701029861835046,0.47344210275641224,0.10333911657290762,0.288258210095421,0.5587434251500458,0.2704852150546248,-0.15015733520471009,0.05646372111774907,0.13881872324463468,nan,nan
32,0,94651,forward,w,deg,24762,24762.0,0.0,-3.1982707329133433,18.183612281640148,-22.44403562614528,34.01324331726869,56.45727894341397,-23.531531890114536,68.44524937089787,91.9767812610124,0.7307003790032636,47.10927812361845,81.54128417724763,174.40797601174924,0.9508394059770844
32,1,30546,forward,w,deg,212,212.0,0.0,-3.2910398119084334,43.72512399916267,-59.74084893343907,60.088016829495054,119.82886576293413,-177.66079037888227,132.7006985805018,310.3614889593841,-0.7936220303214533,85.09092597890029,178.7331391544568,56.269455239280276,0.787391720288669
32,2,21401,forward,w,deg,999,999.0,0.0,-1.5742008598585073,17.3052189756669,-21.23578539529257,28.277709159662773,49.513494554955344,-60.22864665838047,152.93488342721162,213.16353008559207,2.3731121844083827,36.362037275700914,156.74354823345777,156.40756007630685,0.9596438363724786
32,3,49068,forward,w,deg,4837,4837.0,0.0,-0.7536044753006763,13.392034058388465,-19.120335374897433,24.72927080717462,43.84960618207205,-21.81293268107072,38.37960090177904,60.19253358284976,0.44525274387513974,30.095191930776213,43.74552202538064,313.3794188337216,0.9729961358106123
32,4,203087,forward,w,deg,3277,3277.0,0.0,-3.8043453746492446,30.637551233639545,-30.352950936275725,50.58335175721231,80.93630269348805,-179.09527832132432,177.34939876445998,356.4446770857843,-0.36072049223508645,62.52916262937565,179.80539033112257,301.923156733199,0.8861836253250128
32,5,33028,forward,w,deg,1533,1533.0,0.0,-4.589581254336991,28.404038834504785,-28.01131745668755,48.81591024449652,76.82722770118407,-178.0934291902254,178.05695832311375,356.1503875133392,-1.0158521562079204,45.34346974628059,179.35727701335395,210.32933340417054,0.9033250609596164
32,6,153596,forward,w,deg,2200,2200.0,0.0,-4.114787754542093,26.16888289511011,-32.43567127089003,51.97038449406343,84.40605576495346,-37.172112958489635,89.8678978291291,127.04001078761874,0.7532785704472176,68.69879940553467,106.59631274060035,234.39195954861668,0.9007919674379006
32,7,149947,forward,w,deg,3463,3463.0,0.0,-3.2215662001381133,24.724022577297205,-30.69763810915089,44.178060119132574,74.87569822828347,-178.60234171934852,164.1152234007809,342.7175651201294,0.5781644233399708,56.923456662055955,176.71721559910668,240.40563234374622,0.9167244208105213
32,8,8686,forward,w,deg,2980,2980.0,0.0,-1.681740401113899,6.058146883433887,-3.975930169195408,5.757222850267495,9.733153019462904,-4.127564726612832,57.98694670791457,62.1145114345274,4.310057945562125,9.186079579341524,61.4158034369886,293.5370568774897,0.9945526444618998
32,9,12322,forward,w,deg,1022,1022.0,0.0,-8.085830529830929,53.02504505559084,-35.44595117122243,128.13999163112015,163.58594280234257,-179.56904752093646,178.83540250417366,358.4044500251101,1.2559676200775336,143.58594375466822,179.11444011904496,170.7431460875247,0.703759296442256
32,10,26334,forward,w,deg,1419,1419.0,0.0,2.246931840992147,22.057479127966104,-42.43945688344047,29.528065514584377,71.96752239802484,-67.15737671718159,85.80543111216576,152.96280782934735,-0.2629128495688018,50.021311269752324,79.03061274860102,40.06530129546783,0.9294040786958563
32,11,36819,forward,w,deg,178,178.0,0.0,3.6271010472239453,63.995692861259364,-63.28118567788515,143.15319988196876,206.43438555985392,-179.83357583196255,179.9513759718543,359.78495180381685,0.12774223897088324,169.3627443389717,176.02203221645618,233.38768304351078,0.6274594925858786
32,12,133457,forward,w,deg,3436,3436.0,0.0,1.7777008070920175,28.904221169785906,-52.354544592208526,44.01062059305879,96.36516518526732,-64.47063752943642,94.08998615540526,158.5606236848417,-0.14914019428770015,54.17956721034503,102.40932303836934,125.17098752375223,0.8798586290501085
32,13,149609,forward,w,deg,26298,26298.0,0.0,-2.446274435074045,16.54364382796079,-20.50450110623808,30.925558456070213,51.430059562308294,-23.347269264264696,96.87289676503792,120.22016602930262,1.168783604438414,30.154721344022626,96.1020596529903,14.865311630411426,0.959754620224921
32,14,35909,forward,w,deg,1960,1960.0,0.0,-3.3609144269110516,56.3539848348744,-36.95113753562071,147.07226105870615,184.02339859432686,-178.21056091166858,178.9354181698801,357.1459790815487,0.48896929872603134,162.53423827986902,179.6933103939577,304.06067909394375,0.716881880401641
32,15,56808,forward,w,deg,7491,7491.0,0.0,-2.312935846930401,17.745957230316066,-23.07464918340932,28.530146812470733,51.60479599588005,-26.16921816207264,87.88507666743737,114.05429482951001,0.8897269491502194,28.348903697993833,84.6231329386012,192.00178515335267,0.9536303444518861
32,16,45392,forward,w,deg,1395,1395.0,0.0,-1.2538851537755136,21.96939974509902,-40.32521822968812,37.42710575811012,77.75232398779823,-74.23639956634923,59.093714625996995,133.33011419234623,-0.12153893083559943,49.860293808454585,68.51688987911365,55.31317434086531,0.9295336333285412
32,17,170313,forward,w,deg,20200,20200.0,0.0,-2.9400772609590575,15.78377497995064,-19.270040130635174,30.246412973185137,49.51645310382031,-21.41646942292519,70.08246077324887,91.49893019617406,0.9422787674933716,40.44004872838725,80.27609652845098,172.68961418031708,0.9629200118017123
32,18,208654,forward,w,deg,3476,3476.0,0.0,-2.282107990052623,14.516827686779008,-16.678950288819216,27.61455677847917,44.293507067298385,-23.992888639499512,92.99174543437016,116.98463407386967,1.4307964516419251,40.37052244098996,105.74771109688089,53.313319445981364,0.9690404514586867
32,19,164816,forward,w,deg,2490,2490.0,0.0,-2.043665907223499,29.35791939986759,-38.45029083412595,51.846447845362604,90.29673867948856,-43.19170310966359,103.26797118719196,146.45967429685555,0.4882417302531413,53.107044104545835,104.52856744637518,72.06054194920729,0.8756847281337662
32,20,45239,forward,w,deg,4356,4356.0,0.0,-1.662315859826606,20.616537873815222,-24.493801868012888,29.06881330028665,53.56261516829954,-176.51821941460904,176.7149459943313,353.2331654089403,1.0547897563290975,33.18186524999009,179.83681949735055,239.18933033763363,0.9463846537360489
32,21,15889,forward,w,deg,12009,12009.0,0.0,-0.5042184816846316,6.784508727778861,-10.047575620866576,11.776041622741346,21.82361724360792,-11.77057875573962,21.507418860547887,33.27799761628751,0.34684809218284174,16.506348568030333,26.237725805836874,301.6118675794645,0.9930089951288807
32,22,100032,forward,w,deg,2907,2907.0,0.0,-4.124573023708365,17.51072473930713,-21.563224179684607,33.868333850783024,55.43155803046763,-24.889193888578802,63.15909640933336,88.04829029791216,0.8414199707105756,31.258316474056308,60.54907903260664,339.6672667722455,0.9544182146577652
32,23,154799,forward,w,deg,166,166.0,0.0,31.149240731696636,79.64718425388362,-106.15077788665305,124.49652023661204,230.6472981232651,-178.34391509437143,177.26116817882672,355.60508327319815,0.11463055790336063,171.92687316725352,179.52600672896733,230.73503329601633,0.28768090712840716
32,24,175498,forward,w,deg,2817,2817.0,0.0,-3.436210652768665,16.725821896174033,-17.529179419167985,30.068339369596405,47.59751878876439,-18.802189545037436,98.57887815188826,117.3810676969257,1.849617043742386,33.33885268725123,101.8493914695431,17.26776755316406,0.9598699117654399
32,25,120396,forward,w,deg,4030,4030.0,0.0,-4.533481902975211,23.58235427945272,-20.74144269073891,38.991382056860694,59.73282474759961,-146.3145085355537,162.08771639358218,308.40222492913585,2.4537560058025085,57.271721744896745,179.8202816033393,286.4633866632686,0.9305200837267962
32,26,119604,forward,w,deg,15567,15567.0,0.0,-3.089962543260185,15.986814848870377,-18.472729483649733,31.61200238885318,50.084731872502914,-20.196928842839498,71.67135112966739,91.86827997250688,1.1546514238273473,42.57905040875388,82.6383991495681,11.06670541140332,0.9621672946000146
32,27,76930,forward,w,deg,4797,4797.0,0.0,-3.171087047553897,14.214068197262508,-15.985230796933127,30.206316056359743,46.19154685329287,-17.590123171543212,65.6511520584354,83.24127522997861,1.214968144122855,33.61131955197214,69.05615555404779,307.873758429518,0.969933124933535
32,28,164396,forward,w,deg,1357,1357.0,0.0,-1.2148398058101293,94.39491632477454,-165.52510282273664,171.46888915337604,336.9939919761127,-179.35557225503135,179.81686436817898,359.17243662321033,0.016801323731322367,175.7070047357783,179.87067385891805,40.685505680104065,0.294920803974949
32,29,77279,forward,w,deg,12294,12294.0,0.0,-3.320590457904686,21.998373405114016,-26.11624910737458,38.00757660692792,64.1238257143025,-179.34935767173872,170.4858228310443,349.83518050278303,0.7219393288285508,45.4260406217651,177.76138761408083,191.20600720171893,0.9332404925719509
32,30,41861,forward,w,deg,6170,6170.0,0.0,-2.9994552908309373,23.40620526892356,-11.059845841869585,23.60630572249987,34.66615156436946,-179.36698022649955,179.39318466178253,358.7601648882821,3.5989521432384985,31.060221874201773,179.9224146180352,173.44493215320966,0.9539268076025688
32,31,173781,forward,w,deg,13960,13960.0,0.0,-4.046585672528366,15.80900176367501,-15.642080022176923,26.967831930059404,42.60991195223633,-16.037755817267453,103.59431728000527,119.63207309727272,1.731411755533161,35.80176036526113,112.42824571520703,6.524850208929961,0.9638752421113888
