N=194058, N_branch=500, dt_b=-0.0001, dt_f=0.0001, rtol=1e-9
T_min=0, T_max_b=-6.283185307179586, T_max_f=12.566370614359172, ZOOM=True
Features: normalized position, unit tangent and residence time blocks.
OE event: first outward crossing of 2.5 lunar SOI along each integration direction, before any detected collision.
Frame: geocentric inertial axes coincident with synodic axes at t=0.
STD: ddof=0; w statistics use offsets from the cluster circular mean (angle_origin_deg).
angle_resultant: 1=concentrated directions; 0=no defined mean direction. Broad angular clouds require caution with linearized moments.
NaN: missing event, undefined parameter/statistic, or missing representative parameter.

K=10, STD=0.0160278453
n = trajectories per cluster; conditions overlap.
n = 1: clusters=0/10 (0.00%); trajectories=0/194058 (0.00%)
n < 10: clusters=0/10 (0.00%); trajectories=0/194058 (0.00%)
n < 100: clusters=0/10 (0.00%); trajectories=0/194058 (0.00%)

K=10, phase=backward, parameter=eps [km^2/s^2]
cluster representative_source n_cluster n_valid n_missing median std p05 p95 width90 minimum maximum range skewness error95 error_max angle_origin_deg angle_resultant
0 147032 56027 56027 0 -0.1348151222 0.03784793284 -0.1965749543 -0.07940543976 0.1171695145 -0.2444005001 -0.05268666046 0.1917138397 -0.1343678748 0.07078875476 0.1181568641 nan nan
1 33467 11705 11705 0 -0.9922732686 0.03340456436 -1.01484134 -0.9173393775 0.09750196214 -1.032726459 -0.8275574974 0.2051689618 2.00676429 0.07775941858 0.1675412987 nan nan
2 52405 8935 8935 0 -0.8780069944 0.02383581291 -0.9144805885 -0.8337753706 0.08070521787 -0.9880099564 -0.8278744769 0.1601354795 0.1036193286 0.05370224979 0.100627346 nan nan
3 156649 34123 34123 0 -0.2203106351 0.02617091319 -0.2449841884 -0.1621006307 0.08288355779 -0.2527590311 -0.1076997851 0.1450592461 0.8249310299 0.05947169239 0.113872538 nan nan
4 40474 10586 10586 0 -0.8791482382 0.0238442162 -0.9185434169 -0.8461488112 0.07239460572 -0.9344903854 -0.8272587452 0.1072316402 -0.05512348299 0.04913293071 0.06802299668 nan nan
5 138247 28417 28417 0 -0.1868049695 0.0309161727 -0.2235298539 -0.1332740576 0.0902557963 -0.2433846649 -0.05271329248 0.1906713724 0.3811730259 0.05691430094 0.137475066 nan nan
6 32694 5546 5546 0 -0.8893735983 0.04692193269 -0.9799839141 -0.8336097431 0.146374171 -1.032801629 -0.8273421217 0.2054595072 -0.3993905101 0.0776367833 0.126065162 nan nan
7 16324 15122 15122 0 -0.9133505092 0.03289469008 -0.9769791085 -0.8729154178 0.1040636907 -0.9999543061 -0.8273098337 0.1726444724 -0.3779892914 0.057917538 0.09228568878 nan nan
8 57507 14671 14671 0 -0.9512726821 0.01927282398 -0.9813713604 -0.922275817 0.05909554338 -1.032861257 -0.8548782997 0.1779829573 0.2366307146 0.03346933822 0.09398806233 nan nan
9 221423 8926 8926 0 -0.2050542808 0.04099950593 -0.2499569128 -0.1211532575 0.1288036553 -0.2525377874 -0.05290583231 0.1996319551 0.8569564992 0.08638689807 0.1546343233 nan nan

K=10, phase=backward, parameter=e [-]
cluster representative_source n_cluster n_valid n_missing median std p05 p95 width90 minimum maximum range skewness error95 error_max angle_origin_deg angle_resultant
0 147032 56027 56027 0 0.668017956 0.0962801597 0.5082004835 0.8057309768 0.2975304933 0.3712407459 0.8713416162 0.5001008703 -0.1888305305 0.1815087759 0.3184480845 nan nan
1 33467 11705 11705 0 0.5119357615 0.05881808579 0.3873464602 0.5450654177 0.1577189575 0.1699038644 0.5702076526 0.4003037882 -2.633295708 0.1287660058 0.3462086016 nan nan
2 52405 8935 8935 0 0.3083306711 0.0552915288 0.1915059286 0.3821980056 0.190692077 0.1711316916 0.5055022087 0.3343705171 -0.4536015272 0.1371703997 0.1769617208 nan nan
3 156649 34123 34123 0 0.4428768431 0.07168030006 0.3700666256 0.5980838151 0.2280171895 0.3462129696 0.7362300581 0.3900170885 0.729883849 0.1596077774 0.2977540204 nan nan
4 40474 10586 10586 0 0.3107464236 0.05310284912 0.2296189561 0.3896485298 0.1600295736 0.1687973804 0.4180200045 0.249222624 -0.1773923791 0.1151199628 0.1759415385 nan nan
5 138247 28417 28417 0 0.5337115957 0.08133793533 0.4337242099 0.6716735224 0.2379493125 0.374600839 0.8712782905 0.4966774515 0.329793744 0.1469705415 0.3465684938 nan nan
6 32694 5546 5546 0 0.3325579624 0.09726389869 0.1910866399 0.4931614188 0.3020747789 0.1691760635 0.5703028197 0.4011267562 0.1179839726 0.1763146133 0.2029830495 nan nan
7 16324 15122 15122 0 0.3798266033 0.06062886086 0.2966155004 0.4884479304 0.19183243 0.1689586571 0.5234007481 0.354442091 0.1917913245 0.1040714464 0.2224949391 nan nan
8 57507 14671 14671 0 0.4470952007 0.03264401362 0.3965921446 0.4953450312 0.09875288651 0.2533797863 0.5703882386 0.3170084523 -0.5240435536 0.05493013335 0.1896376174 nan nan
9 221423 8926 8926 0 0.4854868189 0.1099703772 0.35509749 0.7027924284 0.3476949385 0.3469408035 0.870800046 0.5238592425 0.7260065625 0.2232533191 0.3912609367 nan nan

K=10, phase=backward, parameter=w [deg]
cluster representative_source n_cluster n_valid n_missing median std p05 p95 width90 minimum maximum range skewness error95 error_max angle_origin_deg angle_resultant
0 147032 56027 56027 0 -0.7586629669 4.836333143 -6.033088854 11.40789256 17.44098141 -9.818268299 13.63171484 23.44998314 1.01293863 13.62434132 15.84816361 17.32097637 0.9964454619
1 33467 11705 11705 0 -1.296755585 8.980422174 -11.5330535 18.14702756 29.68008107 -18.98934601 26.124359 45.113705 0.7197658617 25.47937679 33.45670822 190.8919901 0.9877900459
2 52405 8935 8935 0 1.624464133 8.884479947 -21.98081633 11.06106229 33.04187862 -36.35779313 14.12454478 50.48233792 -2.366493712 26.1155105 40.4924873 203.5556666 0.9882054751
3 156649 34123 34123 0 1.00558958 6.025008681 -10.0877468 7.542437927 17.63018473 -13.00365095 10.43695262 23.44060357 -0.3405298427 15.50927352 18.42517767 20.65303048 0.9944800061
4 40474 10586 10586 0 -1.43683272 6.887514635 -7.448501192 12.11559537 19.56409656 -35.30752093 14.55379053 49.86131146 -0.7065911253 14.53950528 33.27530316 202.4392438 0.9928344886
5 138247 28417 28417 0 0.3228783672 2.831276378 -5.367396986 3.410222995 8.777619981 -14.80866946 8.769437079 23.57810654 -1.275345324 7.434239902 16.87551237 22.33392171 0.9987809105
6 32694 5546 5546 0 -3.101913258 9.848192871 -9.989493283 17.22885787 27.21835115 -32.29260533 18.10464046 50.39724579 0.05741918557 21.95939497 27.88199172 199.3501775 0.9853481794
7 16324 15122 15122 0 -0.3973765553 4.73513118 -6.079556017 6.271143592 12.35069961 -20.27452559 29.27848573 49.55301132 1.784325587 7.679047976 30.66168582 187.5607529 0.9966041289
8 57507 14671 14671 0 -0.2224897524 5.223088239 -7.442073936 8.719964604 16.16203854 -28.71332992 16.81912858 45.5324585 0.06890022112 11.00232697 26.58121535 199.6341617 0.9958564781
9 221423 8926 8926 0 0.2179629664 6.592283594 -8.822113673 12.11126453 20.9333782 -9.420589248 13.78500535 23.2055946 0.2926227048 19.19934664 20.87308745 16.95584171 0.9933961985

K=10, phase=forward, parameter=eps [km^2/s^2]
cluster representative_source n_cluster n_valid n_missing median std p05 p95 width90 minimum maximum range skewness error95 error_max angle_origin_deg angle_resultant
0 147032 56027 56023 4 -0.1395795126 0.09256354833 -0.2104810796 -0.08182065335 0.1286604262 -0.971492712 -0.05270234629 0.9187903657 -5.982410769 0.09602625499 0.8570378874 nan nan
1 33467 11705 11705 0 -0.9104418552 0.07120398688 -0.9941569011 -0.8695867148 0.1245701863 -1.03210096 -0.122047375 0.9100535847 7.177734672 0.09040427284 0.7824218736 nan nan
2 52405 8935 8935 0 -0.2318410909 0.07877368328 -0.24864039 -0.2114842541 0.03715613596 -0.9936956233 -0.1707919905 0.8229036329 -7.381370634 0.02476262995 0.7596791784 nan nan
3 156649 34123 34123 0 -0.8859924452 0.1354333907 -0.9397817043 -0.8313893935 0.1083923108 -1.032752685 -0.112689779 0.9200629057 4.6527281 0.06620674755 0.7751768417 nan nan
4 40474 10586 10585 1 -0.1778910246 0.09459145138 -0.2147692578 -0.08074188395 0.1340273739 -0.9877261112 -0.05276686663 0.9349592445 -5.735125775 0.1107194887 0.8098350865 nan nan
5 138247 28417 28417 0 -0.9473916741 0.05288556683 -0.980180001 -0.8913752387 0.0888047623 -1.032822576 -0.1212917853 0.9115307909 10.49579486 0.05319434236 0.8191883824 nan nan
6 32694 5546 5545 1 -0.8985326428 0.04904504702 -0.9868922353 -0.8345397775 0.1523524577 -1.032728341 -0.8273640653 0.205364276 -0.2449616251 0.1239574654 0.1311331777 nan nan
7 16324 15122 15122 0 -0.9714543737 0.0374352486 -1.013450459 -0.9034016964 0.1100487625 -1.031401665 -0.8287743513 0.2026273133 0.5531658647 0.0603951752 0.1349993974 nan nan
8 57507 14671 14671 0 -0.1977614282 0.06720364859 -0.2259663096 -0.1345018524 0.09146445719 -0.9857280937 -0.05884921902 0.9268788747 -7.564752363 0.06181087217 0.7905601646 nan nan
9 221423 8926 8924 2 -0.8546211012 0.3152400739 -0.9735346919 -0.1231494233 0.8503852685 -1.030434577 -0.05684369301 0.9735908842 1.115587214 0.7317986897 0.79810442 nan nan

K=10, phase=forward, parameter=e [-]
cluster representative_source n_cluster n_valid n_missing median std p05 p95 width90 minimum maximum range skewness error95 error_max angle_origin_deg angle_resultant
0 147032 56027 56023 4 0.6560956911 0.1144728547 0.4693762262 0.7997895503 0.3304133242 0.175739925 0.8713080396 0.6955681146 -0.792361646 0.2497399557 0.5433762568 nan nan
1 33467 11705 11705 0 0.3758887175 0.07520538562 0.2908225614 0.5158236788 0.2250011174 0.1701907883 0.6998554369 0.5296646486 0.3760970866 0.1535854971 0.3370169561 nan nan
2 52405 8935 8935 0 0.4098563386 0.0409742569 0.3593544457 0.468581995 0.1092275494 0.1717765426 0.5771112534 0.4053347108 -1.663796123 0.07032024419 0.2322602337 nan nan
3 156649 34123 34123 0 0.3310819159 0.07178317523 0.2503520176 0.4480545922 0.1977025745 0.1705352549 0.7232742197 0.5527389648 1.29922752 0.1488849692 0.3937796014 nan nan
4 40474 10586 10585 1 0.5575657836 0.1051685669 0.4575808326 0.8023628718 0.3447820392 0.1719259134 0.8711452963 0.6992193829 0.4662556966 0.2766564271 0.3851035952 nan nan
5 138247 28417 28417 0 0.4408554835 0.05522790985 0.3510082537 0.4940198496 0.143011596 0.1705447562 0.7017484521 0.5312036958 -1.593947064 0.09714450194 0.2729894908 nan nan
6 32694 5546 5545 1 0.3513166706 0.09979720579 0.1942493028 0.5038146377 0.3095653349 0.1692288258 0.5702003835 0.4009715577 -0.03238088341 0.2646687681 0.2896892451 nan nan
7 16324 15122 15122 0 0.4797979022 0.06320175698 0.3606490399 0.5430645067 0.1824154669 0.1741496937 0.5683851512 0.3942354575 -0.8250776719 0.1067784631 0.2932778093 nan nan
8 57507 14671 14671 0 0.5047191536 0.08476047982 0.4268398511 0.6685295743 0.2416897232 0.1698213303 0.8563122445 0.6864909143 0.05715433444 0.1601209212 0.3448705086 nan nan
9 221423 8926 8924 2 0.3021200097 0.1609309206 0.1859491838 0.6972068308 0.511257647 0.1707520955 0.8612129224 0.690460827 0.7398586823 0.4439097347 0.6079158263 nan nan

K=10, phase=forward, parameter=w [deg]
cluster representative_source n_cluster n_valid n_missing median std p05 p95 width90 minimum maximum range skewness error95 error_max angle_origin_deg angle_resultant
0 147032 56027 56023 4 -7.496329511 45.51381358 -30.51240923 104.2750708 134.78748 -179.9034423 179.6879143 359.5913566 0.8572905992 134.2650573 179.9934454 186.4766486 0.7640301667
1 33467 11705 11705 0 -3.97048304 28.53510697 -20.92535451 42.24009004 63.16544456 -177.501219 179.9558218 357.4570407 0.9431226339 65.47939335 179.3234015 314.0325628 0.9086843714
2 52405 8935 8935 0 -2.439532343 23.77060725 -28.28526666 39.93197715 68.2172438 -179.2090764 179.5456231 358.7546995 0.9989129645 41.4623864 179.4384273 204.5065453 0.924231873
3 156649 34123 34123 0 -1.944660915 31.15846816 -22.17762587 36.62389224 58.8015181 -177.9253767 179.2899917 357.2153684 -1.384174724 81.27622859 179.9213779 16.12531423 0.8885448248
4 40474 10586 10585 1 -10.54402532 50.69342669 -46.23839997 91.02357318 137.2619732 -179.378602 179.1685309 358.5471329 0.3079121745 133.5738434 179.9670217 214.1685162 0.6841461449
5 138247 28417 28417 0 -4.515525705 33.30420415 -20.19948938 61.38973243 81.58922181 -179.9786988 179.7930195 359.7717183 1.748838018 96.58070783 179.9709334 13.2943614 0.8813944483
6 32694 5546 5545 1 0.2305477666 76.10001056 -84.5430385 126.2528069 210.7958454 -179.9062335 179.2468476 359.1530811 0.2199470508 128.6481546 179.8419001 45.66943289 0.34387222
7 16324 15122 15122 0 -2.290900416 24.80732074 -11.52815622 16.7583128 28.28646903 -179.0303396 179.4914725 358.521812 2.714336364 39.23373728 177.9275327 304.7093774 0.936214044
8 57507 14671 14671 0 -4.482641585 35.87473477 -28.98360297 64.40218106 93.38578403 -179.7681226 178.7866501 358.5547728 1.491641987 96.8024577 179.9505625 197.9114846 0.8550930582
9 221423 8926 8924 2 -3.250680926 70.73343203 -134.0932808 93.87749167 227.9707725 -170.6069458 178.1584806 348.7654264 -0.3648030472 129.0477386 179.2324874 57.04236936 0.4521571049

K=12, STD=0.01518791886
n = trajectories per cluster; conditions overlap.
n = 1: clusters=0/12 (0.00%); trajectories=0/194058 (0.00%)
n < 10: clusters=0/12 (0.00%); trajectories=0/194058 (0.00%)
n < 100: clusters=0/12 (0.00%); trajectories=0/194058 (0.00%)

K=12, phase=backward, parameter=eps [km^2/s^2]
cluster representative_source n_cluster n_valid n_missing median std p05 p95 width90 minimum maximum range skewness error95 error_max angle_origin_deg angle_resultant
0 148221 53944 53944 0 -0.132549661 0.03562616262 -0.1914831562 -0.07911114265 0.1123720136 -0.2160988801 -0.05268666046 0.1634122197 -0.03789979803 0.0648784944 0.08849591024 nan nan
1 38978 8770 8770 0 -0.9976161762 0.01659101793 -1.015902036 -0.9779697086 0.03793232763 -1.032726459 -0.8275709045 0.2051555548 4.946766786 0.02251520809 0.1728206673 nan nan
2 49624 9410 9410 0 -0.8829240258 0.02116887151 -0.9179489175 -0.8531060401 0.06484287737 -0.9880099564 -0.8290548242 0.1589551323 -0.1163408793 0.04213870188 0.09305299282 nan nan
3 172694 25766 25766 0 -0.2278445204 0.01402786414 -0.2442627376 -0.1984438115 0.04581892603 -0.2527590311 -0.1826430322 0.07011599895 0.5108382595 0.03156048938 0.04736126871 nan nan
4 40708 9491 9491 0 -0.8804445305 0.02363919728 -0.9205507283 -0.8494301376 0.0711205907 -0.9344903854 -0.8272587452 0.1072316402 -0.1421416855 0.0488204496 0.070991842 nan nan
5 140920 27453 27453 0 -0.189919347 0.03014156865 -0.2233201535 -0.1344418501 0.08887830337 -0.2383362414 -0.05273741919 0.1855988222 0.450781881 0.05818794525 0.1398923762 nan nan
6 25363 3488 3488 0 -0.8416498561 0.0328643664 -0.8996566707 -0.8285180311 0.07113863956 -1.032801629 -0.8273098337 0.2054917952 -3.368577302 0.05819581982 0.191340778 nan nan
7 31134 6122 6122 0 -0.9325583588 0.03361834635 -0.975326572 -0.8672756934 0.1080508786 -0.9842761492 -0.8275661233 0.1567100259 0.5025871684 0.06476455941 0.1044741295 nan nan
8 57825 14290 14290 0 -0.9523421129 0.01897063967 -0.9815821202 -0.9244016241 0.0571804961 -1.032861257 -0.8548782997 0.1779829573 0.3567384015 0.0321989812 0.09598886352 nan nan
9 223066 7000 7000 0 -0.2239588569 0.02094216605 -0.2509040183 -0.1938038572 0.05710016108 -0.2525377874 -0.1510112003 0.1015265871 0.1090512265 0.03011661943 0.07290927632 nan nan
10 16751 14994 14994 0 -0.9132169085 0.0324775622 -0.9756158951 -0.8729756838 0.1026402113 -0.9998325348 -0.8504015746 0.1494309602 -0.375451647 0.05661059848 0.08065601522 nan nan
11 105722 13330 13330 0 -0.1717704038 0.02571259332 -0.2038958622 -0.1235173278 0.08037853433 -0.2182154647 -0.05271329248 0.1655021722 1.056080292 0.04801477 0.1188188053 nan nan

K=12, phase=backward, parameter=e [-]
cluster representative_source n_cluster n_valid n_missing median std p05 p95 width90 minimum maximum range skewness error95 error_max angle_origin_deg angle_resultant
0 148221 53944 53944 0 0.6737188307 0.09012333903 0.5219177626 0.8064773167 0.2845595542 0.4532685183 0.8713416162 0.4180730979 -0.07181601678 0.1666489003 0.2330182967 nan nan
1 38978 8770 8770 0 0.5199337334 0.02928293192 0.4899789378 0.5465646095 0.05658567171 0.170015221 0.5702076526 0.4001924316 -7.098641891 0.03412013409 0.3539818461 nan nan
2 49624 9410 9410 0 0.3190399577 0.0460404959 0.248335982 0.3886018487 0.1402658667 0.175361803 0.5055022087 0.3301404057 -0.1555764343 0.09606538434 0.1687787647 nan nan
3 172694 25766 25766 0 0.4213957036 0.04013310059 0.3728162744 0.5040065404 0.131190266 0.3462129696 0.5462474232 0.2000344536 0.4480194446 0.08948396284 0.1317248457 nan nan
4 40708 9491 9491 0 0.3136685107 0.05164039446 0.2386520229 0.3933525668 0.1547005439 0.1687973804 0.4180200045 0.249222624 -0.04137819063 0.1120581832 0.1819128256 nan nan
5 140920 27453 27453 0 0.5255468319 0.07935025376 0.4342722691 0.6686646797 0.2343924107 0.3893322304 0.8712211021 0.4818888716 0.4016774914 0.1504621191 0.3530185414 nan nan
6 25363 3488 3488 0 0.2165466045 0.0696414661 0.1734203572 0.3536019986 0.1801816414 0.1689586571 0.5703028197 0.4013441627 2.777613163 0.1375589905 0.3542598116 nan nan
7 31134 6122 6122 0 0.4149003658 0.06347732274 0.2836504848 0.4858521984 0.2022017136 0.1700244505 0.4998487813 0.3298243309 -0.8061603761 0.1303096901 0.2439357244 nan nan
8 57825 14290 14290 0 0.4488490134 0.03217607737 0.400467195 0.4956439039 0.09517670887 0.2533797863 0.5703882386 0.3170084523 -0.7002880466 0.0528041266 0.1929876212 nan nan
9 223066 7000 7000 0 0.4315553111 0.06000781737 0.352041437 0.5157112466 0.1636698096 0.3469408035 0.6277910259 0.2808502224 0.07511791542 0.08541014301 0.1938662325 nan nan
10 16751 14994 14994 0 0.3795592015 0.05984653006 0.2967475362 0.4863098698 0.1895623336 0.240312326 0.5232182909 0.2829059648 0.2128927513 0.102772635 0.1503717517 nan nan
11 105722 13330 13330 0 0.5732194455 0.06639583539 0.4874700518 0.6963932022 0.2089231503 0.4473860799 0.8712782905 0.4238922106 0.9653614844 0.1231266638 0.2976948463 nan nan

K=12, phase=backward, parameter=w [deg]
cluster representative_source n_cluster n_valid n_missing median std p05 p95 width90 minimum maximum range skewness error95 error_max angle_origin_deg angle_resultant
0 148221 53944 53944 0 -0.5752060016 4.402451929 -5.682275988 9.795809084 15.47808507 -9.477241453 13.67234639 23.14958784 0.9595543238 11.65173509 15.52827239 16.97994952 0.9970536438
1 38978 8770 8770 0 -0.5000615468 6.168722144 -8.941416442 10.73010426 19.6715207 -15.78704525 26.09859734 41.88564259 0.4057320655 16.72445876 32.09295184 190.5692573 0.9942194547
2 49624 9410 9410 0 0.8906560566 7.774461739 -8.285752347 10.73285169 19.01860404 -37.00042836 13.48190956 50.48233792 -2.860904818 11.06543765 37.47069236 204.1983018 0.9909903874
3 172694 25766 25766 0 -0.4328721969 5.759509554 -8.308877274 8.994962408 17.30383968 -10.40340511 12.29596811 22.69937322 0.15726302 13.94392627 16.0384541 18.79038853 0.9949552561
4 40708 9491 9491 0 -1.764884398 6.930375194 -7.237726217 12.38760302 19.62532924 -35.14724857 15.21991933 50.3671679 -0.6215628596 15.00949171 32.85798204 202.226258 0.9927477339
5 140920 27453 27453 0 0.3103365226 2.826530065 -5.456272562 3.443792855 8.900065416 -14.7611599 8.816946638 23.57810654 -1.21299371 7.527277284 16.83216462 22.28641215 0.9987849215
6 25363 3488 3488 0 1.411313627 10.30853786 -21.36941296 15.32330744 36.6927204 -31.74984997 18.31976395 50.06961393 -0.7331373297 27.00412758 37.38456459 198.8074222 0.9839667888
7 31134 6122 6122 0 -2.107247492 13.39253659 -15.76085507 21.44534233 37.2061974 -27.58975092 22.65462946 50.24438038 0.2713602841 25.62227424 26.83156137 194.6891571 0.9728865244
8 57825 14290 14290 0 -0.2617741715 5.272492554 -7.478884829 9.019022977 16.49790781 -28.41740806 17.77993444 46.1973425 0.1495763121 11.58455718 26.06947498 199.6056838 0.9957778072
9 223066 7000 7000 0 -1.236795571 6.362511774 -10.25982713 8.708011285 18.96783841 -14.04405738 8.989286704 23.03334408 -0.11096786 20.5264614 20.80773682 21.9634045 0.9938462048
10 16751 14994 14994 0 -0.4378127545 4.612993762 -5.884154544 6.297059159 12.1812137 -20.60070392 28.92866198 49.5293659 1.726283933 7.809671752 30.40566142 187.8869312 0.996775717
11 105722 13330 13330 0 3.24261721 6.997234308 -13.98230473 6.867173433 20.84947816 -14.65161307 8.797590772 23.44920384 -1.154888348 17.81833951 18.48764785 22.18686553 0.9925687887

K=12, phase=forward, parameter=eps [km^2/s^2]
cluster representative_source n_cluster n_valid n_missing median std p05 p95 width90 minimum maximum range skewness error95 error_max angle_origin_deg angle_resultant
0 148221 53944 53941 3 -0.1384651772 0.09102205869 -0.2110242713 -0.08149434023 0.1295299311 -0.971492712 -0.05270234629 0.9187903657 -6.04119493 0.09664128757 0.8571097283 nan nan
1 38978 8770 8770 0 -0.9178503879 0.07913068651 -0.9955912535 -0.8684160505 0.1271752029 -1.03210096 -0.122047375 0.9100535847 6.909269696 0.08702464407 0.7870465343 nan nan
2 49624 9410 9410 0 -0.2293038404 0.05069584257 -0.2438999576 -0.2065348258 0.03736513174 -0.9430517576 -0.1663441179 0.7767076396 -11.94209673 0.02539516044 0.7119598372 nan nan
3 172694 25766 25766 0 -0.8874304561 0.03738275584 -0.9456390102 -0.8511581986 0.0944808116 -1.032752685 -0.2504551737 0.782297511 5.616638936 0.06054424765 0.6413885569 nan nan
4 40708 9491 9491 0 -0.1745462737 0.09632521934 -0.2093673492 -0.08609151714 0.1232758321 -0.9877261112 -0.05281330025 0.9349128109 -5.989733117 0.1000770382 0.8156504178 nan nan
5 140920 27453 27453 0 -0.9483468351 0.0297318886 -0.9803651807 -0.9029834698 0.07738171082 -1.032822576 -0.212821325 0.8200012512 3.842293322 0.04467649849 0.7294423158 nan nan
6 25363 3488 3487 1 -0.8411909857 0.3077858719 -0.9498571636 -0.131630326 0.8182268376 -1.027438213 -0.05276686663 0.9746713459 0.8877453646 0.8019208961 0.8807843554 nan nan
7 31134 6122 6122 0 -0.9020834683 0.03991853768 -0.9887549001 -0.861459572 0.127295328 -1.032728341 -0.8274579806 0.2052703607 -0.4119823101 0.0737907441 0.1069955772 nan nan
8 57825 14290 14289 1 -0.1974346153 0.1005986252 -0.2259935128 -0.1343528905 0.09164062237 -0.9857280937 -0.05884921902 0.9268788747 -6.216227541 0.06262640691 0.7916670052 nan nan
9 223066 7000 6998 2 -0.1834769849 0.2776445029 -0.8462491881 -0.1161681475 0.7300810406 -0.9167730541 -0.05474438652 0.8620286676 -1.3739767 0.7125466982 0.7830705642 nan nan
10 16751 14994 14994 0 -0.9713415669 0.03734890789 -1.013467981 -0.9052442705 0.108223711 -1.020743789 -0.8293355521 0.1914082374 0.5460216661 0.06173785389 0.1376465723 nan nan
11 105722 13330 13329 1 -0.8839635682 0.03994635367 -0.9552538231 -0.8526044363 0.1026493868 -1.03264743 -0.2467627729 0.7858846572 5.251878517 0.08091178425 0.6286009149 nan nan

K=12, phase=forward, parameter=e [-]
cluster representative_source n_cluster n_valid n_missing median std p05 p95 width90 minimum maximum range skewness error95 error_max angle_origin_deg angle_resultant
0 148221 53944 53941 3 0.6588827731 0.1144293557 0.4678364314 0.8006267919 0.3327903605 0.2012276035 0.8713080396 0.6700804361 -0.8138409237 0.2514616167 0.5180704446 nan nan
1 38978 8770 8770 0 0.3903515282 0.07817558277 0.2885694133 0.5176795113 0.229110098 0.1701907883 0.6998554369 0.5296646486 0.207839746 0.1466148965 0.3280789273 nan nan
2 49624 9410 9410 0 0.417192135 0.0347410888 0.3739982206 0.4821797633 0.1081815427 0.2724156356 0.5885921026 0.316176467 0.3690760338 0.07298781388 0.1771462375 nan nan
3 172694 25766 25766 0 0.3288115887 0.0624618712 0.2436715904 0.4375861354 0.193914545 0.1705702238 0.5702361478 0.399665924 0.1317842306 0.1265745312 0.2324616557 nan nan
4 40708 9491 9491 0 0.5661234018 0.09879288296 0.4728546914 0.789410603 0.3165559116 0.1692288258 0.8710333686 0.7018045428 0.3377286496 0.2444483334 0.4030196636 nan nan
5 140920 27453 27453 0 0.4421754421 0.05196516301 0.3600491292 0.4937702384 0.1337211092 0.1705447562 0.5703371427 0.3997923864 -1.825627322 0.07403288888 0.261276754 nan nan
6 25363 3488 3487 1 0.3368574854 0.1480673267 0.191171251 0.675627989 0.484456738 0.1708431098 0.8711452963 0.7003021865 1.63633336 0.2589736965 0.4544910038 nan nan
7 31134 6122 6122 0 0.3581060194 0.07491289936 0.270001319 0.5066169491 0.23661563 0.1695672008 0.5702003835 0.4006331827 0.08838710938 0.1498765611 0.2488593944 nan nan
8 57825 14290 14289 1 0.5057060919 0.08392993997 0.4281594479 0.6689164725 0.2407570246 0.1699981667 0.8563122445 0.6863140778 0.1410290586 0.158703849 0.3444221062 nan nan
9 223066 7000 6998 2 0.5430970596 0.1742769596 0.1917622104 0.7146063324 0.5228441221 0.1722295388 0.8663378066 0.6941082678 -0.7535474532 0.4790320158 0.4985646874 nan nan
10 16751 14994 14994 0 0.4795578766 0.06296766217 0.3642991097 0.543104131 0.1788050213 0.1760264404 0.5534628013 0.3774363609 -0.8095682241 0.1082888783 0.2965615476 nan nan
11 105722 13330 13329 1 0.3214523035 0.0639115008 0.2478507068 0.4537052093 0.2058545025 0.1705352549 0.5700895747 0.3995543197 0.6503252174 0.1513884534 0.2677728188 nan nan

K=12, phase=forward, parameter=w [deg]
cluster representative_source n_cluster n_valid n_missing median std p05 p95 width90 minimum maximum range skewness error95 error_max angle_origin_deg angle_resultant
0 148221 53944 53941 3 -6.825990146 43.61951781 -28.75380124 103.1040952 131.8578965 -179.3611429 179.9283943 359.2895372 1.013020941 131.3583462 179.9506061 184.7931648 0.7834238402
1 38978 8770 8770 0 -2.813559186 28.19702885 -19.2583775 33.58109251 52.83947001 -179.7397602 179.0224423 358.7622025 2.537596578 53.73172912 179.5402896 313.5814479 0.9127212691
2 49624 9410 9410 0 -2.048353775 27.0691369 -30.16104602 42.48343555 72.64448158 -179.5734721 178.0201571 357.5936292 1.415351807 66.83039153 179.7363109 203.6256405 0.9076443381
3 172694 25766 25766 0 -5.026835147 31.16136764 -26.19971305 63.90497846 90.10469151 -179.1122218 179.3831614 358.4953833 1.172480561 90.68153493 179.9237237 22.34574504 0.8821820726
4 40708 9491 9491 0 -13.01811026 51.65137225 -45.64306124 94.18176791 139.8248291 -179.3934859 179.8211858 359.2146718 0.4190327878 135.656044 179.9624642 213.5158612 0.6792709739
5 140920 27453 27453 0 -4.802873315 34.94491624 -20.53676985 105.4585393 125.9953091 -179.652011 179.7295336 359.3815446 2.28422225 123.4498387 179.9707418 13.66934516 0.8678698502
6 25363 3488 3487 1 -6.492990854 72.51332944 -148.2938524 108.6849598 256.9788122 -173.7844051 178.0969831 351.8813882 -0.3887951295 167.910389 179.9585434 172.4887476 0.4601121105
7 31134 6122 6122 0 -2.822592707 50.7689668 -38.31950905 91.85711045 130.1766195 -179.7297274 179.8851613 359.6148887 0.08237754341 113.1966414 179.3666655 330.6246248 0.724845988
8 57825 14290 14289 1 -4.287921423 38.41565881 -29.15313234 67.00833067 96.16146301 -179.9128909 179.5557699 359.4686608 1.077604288 111.5913622 179.8120036 197.8816045 0.8395667195
9 223066 7000 6998 2 -4.972303241 61.16684971 -76.55625332 105.0278344 181.5840877 -179.584609 179.4610267 359.0456357 0.2930207061 122.9366192 179.8001323 298.3036655 0.545118701
10 16751 14994 14994 0 -3.970917497 29.15040233 -13.60875223 91.81520956 105.4239618 -179.9126475 179.8400192 359.7526667 2.688697478 101.5047594 177.5015831 306.9931513 0.905160493
11 105722 13330 13329 1 -3.116477185 41.96641577 -34.3112222 100.5591987 134.8704209 -179.4689345 179.6325105 359.101445 0.5489470236 127.3236052 179.7567621 29.94853075 0.8048419941

K=14, STD=0.01428697352
n = trajectories per cluster; conditions overlap.
n = 1: clusters=0/14 (0.00%); trajectories=0/194058 (0.00%)
n < 10: clusters=0/14 (0.00%); trajectories=0/194058 (0.00%)
n < 100: clusters=0/14 (0.00%); trajectories=0/194058 (0.00%)

K=14, phase=backward, parameter=eps [km^2/s^2]
cluster representative_source n_cluster n_valid n_missing median std p05 p95 width90 minimum maximum range skewness error95 error_max angle_origin_deg angle_resultant
0 128398 31848 31848 0 -0.1107347974 0.02601635746 -0.1583088355 -0.07469800749 0.08361082796 -0.2043594656 -0.05268666046 0.1516728051 -0.523638335 0.0575471637 0.1035977938 nan nan
1 39208 8668 8668 0 -0.9977691212 0.01933321063 -1.015937029 -0.9789845938 0.03695243475 -1.032726459 -0.8275661233 0.2051603359 5.578522537 0.0218010461 0.1731606472 nan nan
2 49624 8686 8686 0 -0.8853576609 0.02004032036 -0.9183275218 -0.8554963718 0.06283115002 -0.9880099564 -0.8403539683 0.1476559881 -0.2088481284 0.03972739014 0.09305299282 nan nan
3 171855 22661 22661 0 -0.2262893924 0.01327162736 -0.241201237 -0.1986173206 0.04258391633 -0.2527508553 -0.1826430322 0.07010782313 0.535133449 0.03109068894 0.04706497737 nan nan
4 40478 9290 9290 0 -0.880682875 0.02330393252 -0.92055123 -0.8498003816 0.07075084841 -0.9344903854 -0.8294156067 0.1050747786 -0.1840215956 0.04810471348 0.06848948833 nan nan
5 140920 27741 27741 0 -0.1895353685 0.03000165237 -0.2233416654 -0.1345587385 0.08878292695 -0.2383362414 -0.05273741919 0.1855988222 0.408301788 0.05807105687 0.1398923762 nan nan
6 28932 2839 2839 0 -0.8369918612 0.01275125441 -0.8724520637 -0.8283417871 0.04411027665 -0.885599702 -0.8272587452 0.05834095673 -1.500810573 0.03500230226 0.04814994049 nan nan
7 5959 5526 5526 0 -0.9316156087 0.0336271242 -0.9716684643 -0.8625238221 0.1091446422 -0.9808974963 -0.8355809082 0.1453165881 0.5943378728 0.07590297316 0.1028458871 nan nan
8 57825 14069 14069 0 -0.9521817307 0.01864713186 -0.9815588768 -0.9244686782 0.05709019863 -1.032861257 -0.8548782997 0.1779829573 0.2177149346 0.03210552195 0.09598886352 nan nan
9 221020 5965 5965 0 -0.2440867195 0.0105052086 -0.2512533811 -0.2226190743 0.02863430682 -0.2527590311 -0.1648913482 0.08786768294 2.184755138 0.01657093816 0.07057099342 nan nan
10 16751 14023 14023 0 -0.9123446958 0.03274260868 -0.9759251393 -0.8727952018 0.1031299375 -0.9998325348 -0.8371408942 0.1626916406 -0.3991331038 0.05699485418 0.08203562533 nan nan
11 101915 13131 13131 0 -0.1721899789 0.02583902524 -0.20413649 -0.1232848238 0.08085166618 -0.2214723942 -0.05271329248 0.1687591017 1.067986372 0.05211454348 0.1226860748 nan nan
12 34081 3464 3464 0 -0.9056656404 0.04940525157 -0.988178299 -0.8438382687 0.1443400303 -1.032801629 -0.828154621 0.2046470079 -0.163767594 0.07975100554 0.1092214979 nan nan
13 161766 26147 26147 0 -0.1737599407 0.02511948057 -0.2091860626 -0.1283304716 0.08085559107 -0.2464599073 -0.1140918622 0.1323680451 0.05155344099 0.05106956434 0.07084055723 nan nan

K=14, phase=backward, parameter=e [-]
cluster representative_source n_cluster n_valid n_missing median std p05 p95 width90 minimum maximum range skewness error95 error_max angle_origin_deg angle_resultant
0 128398 31848 31848 0 0.7282320544 0.06530411105 0.6076080032 0.8173472699 0.2097392667 0.4856916625 0.8713416162 0.3856499536 -0.5765067434 0.1454760339 0.2673923746 nan nan
1 39208 8668 8668 0 0.5201508437 0.03580040656 0.4916119723 0.5466163378 0.05500436545 0.170015221 0.5702076526 0.4001924316 -7.105322296 0.03299490346 0.3544777691 nan nan
2 49624 8686 8686 0 0.3242443135 0.04260219999 0.2546636495 0.3893502148 0.1346865653 0.2116769001 0.5055022087 0.2938253086 0.01678122204 0.08979876348 0.1613616409 nan nan
3 171855 22661 22661 0 0.4258721758 0.03779304947 0.3820710696 0.5035251528 0.1214540832 0.3463354118 0.5462474232 0.1999120114 0.4843210099 0.0881599617 0.1308822321 nan nan
4 40478 9290 9290 0 0.3141274539 0.05055869795 0.239655516 0.3933537658 0.1536982498 0.1769952038 0.4180200045 0.2410248007 0.0350825395 0.1103624841 0.1730227963 nan nan
5 140920 27741 27741 0 0.5264865951 0.07901331084 0.4342297461 0.6684099508 0.2341802047 0.3893322304 0.8712211021 0.4818888716 0.3626704208 0.1502073902 0.3530185414 nan nan
6 28932 2839 2839 0 0.2021772888 0.03551126625 0.1728459916 0.295982146 0.1231361544 0.1687973804 0.324874334 0.1560769535 1.214570659 0.09207392021 0.1209661082 nan nan
7 5959 5526 5526 0 0.4131276237 0.06421956567 0.2722196801 0.4801100772 0.2078903971 0.1980167193 0.4945490511 0.2965323317 -0.8652626344 0.1527715035 0.2269744642 nan nan
8 57825 14069 14069 0 0.4486114215 0.03145370518 0.4005627889 0.4956069612 0.09504417234 0.2533797863 0.5703882386 0.3170084523 -0.5045570616 0.05266549958 0.1929876212 nan nan
9 221020 5965 5965 0 0.3731404978 0.03088734244 0.3509390123 0.437604189 0.08666517674 0.3462129696 0.5923355353 0.2461225657 2.018569175 0.05151936433 0.1920560548 nan nan
10 16751 14023 14023 0 0.3779608771 0.06035563712 0.2963093953 0.4867593631 0.1904499678 0.2029938788 0.5232182909 0.3202244121 0.235263303 0.1030523799 0.187690199 nan nan
11 101915 13131 13131 0 0.5720931626 0.06670941164 0.486848789 0.697007153 0.210158364 0.43819305 0.8712782905 0.4330852405 0.9780270584 0.1335998393 0.3078709767 nan nan
12 34081 3464 3464 0 0.3653520147 0.09743633774 0.2229530959 0.5057339362 0.2827808403 0.1723145659 0.5703028197 0.3979882538 -0.0445480226 0.1758770761 0.2265156061 nan nan
13 161766 26147 26147 0 0.5686550229 0.06578530479 0.4733375613 0.6841924159 0.2108548545 0.3650714545 0.7197896696 0.3547182152 -0.04166131194 0.1325255143 0.1985591758 nan nan

K=14, phase=backward, parameter=w [deg]
cluster representative_source n_cluster n_valid n_missing median std p05 p95 width90 minimum maximum range skewness error95 error_max angle_origin_deg angle_resultant
0 128398 31848 31848 0 -1.308103298 4.916240556 -5.793245093 10.54235547 16.33560056 -9.186530058 14.07631848 23.26284854 0.933552109 13.13949323 16.67345624 16.68923813 0.9963260026
1 39208 8668 8668 0 -0.6638667541 6.262737084 -9.129816721 11.02097885 20.15079557 -17.53294209 25.75262806 43.28557015 0.4075520208 17.31497827 32.04662748 190.8964408 0.9940422499
2 49624 8686 8686 0 0.4827354945 5.320542792 -7.384153134 5.368778805 12.75293194 -37.23442844 13.19111034 50.42553879 -3.327530435 8.648020346 37.41389322 204.489101 0.9957609195
3 171855 22661 22661 0 -0.379862868 5.63764541 -8.12276094 8.500951901 16.62371284 -10.3674098 12.33196342 22.69937322 0.145794382 13.91085411 16.15550297 18.75439322 0.9951661546
4 40478 9290 9290 0 -1.770695726 6.584261347 -7.112152958 12.20610872 19.31826167 -35.1001708 14.76114066 49.86131146 -0.4505130789 14.83985482 32.76867529 202.2318937 0.9934473725
5 140920 27741 27741 0 0.288871249 2.77245396 -5.385865867 3.421364721 8.807230588 -14.81291179 8.765194746 23.57810654 -1.098025963 7.405118698 16.83216462 22.33816405 0.9988308112
6 28932 2839 2839 0 2.317174042 14.47421636 -28.34671788 17.23608511 45.58280299 -30.8397358 18.12258027 48.96231607 -0.5867120464 38.32109563 40.81411355 198.0376092 0.9684686558
7 5959 5526 5526 0 -3.465996144 14.1304484 -14.57116147 22.70408205 37.27524352 -26.36295326 23.83198328 50.19493654 0.4092607102 37.93624755 39.06414878 193.4623594 0.9698252068
8 57825 14069 14069 0 -0.2585273882 5.146161454 -7.314388679 8.766550773 16.08093945 -28.3930188 16.87199581 45.26501461 0.1245839346 11.24194622 26.06947498 199.5812945 0.995977138
9 221020 5965 5965 0 0.605806647 6.150384327 -10.24502775 8.203265424 18.44829317 -12.44476248 9.22104493 21.66580741 -0.252855067 16.3176225 17.33540201 20.55094317 0.9942483212
10 16751 14023 14023 0 -0.3949707945 4.29214711 -5.445627393 5.927116714 11.37274411 -20.3841511 29.1452148 49.5293659 1.831486614 7.199146277 30.40566142 187.6703784 0.9972079094
11 101915 13131 13131 0 3.438224183 7.154656728 -13.72294889 7.146532404 20.8694813 -14.38384946 9.065354376 23.44920384 -1.051480263 18.76682664 19.42772721 21.91910193 0.9922292358
12 34081 3464 3464 0 -2.193473399 8.688641382 -7.954574643 17.73122065 25.68579529 -30.98116043 19.41608537 50.39724579 0.2197968112 23.38438019 25.81883498 198.0387326 0.9885983947
13 161766 26147 26147 0 -0.6621547458 4.560110349 -5.808861139 11.95927092 17.76813206 -10.43768143 12.7968431 23.23452453 1.321812074 11.0673103 11.88181812 18.15584811 0.9968407428

K=14, phase=forward, parameter=eps [km^2/s^2]
cluster representative_source n_cluster n_valid n_missing median std p05 p95 width90 minimum maximum range skewness error95 error_max angle_origin_deg angle_resultant
0 128398 31848 31847 1 -0.153092215 0.1082914282 -0.2094262353 -0.1047451976 0.1046810377 -0.971492712 -0.07961204661 0.8918806654 -5.574602263 0.06999162992 0.8320581066 nan nan
1 39208 8668 8668 0 -0.917511928 0.07940981932 -0.9956232678 -0.8680634098 0.127559858 -1.03210096 -0.122047375 0.9100535847 6.893611847 0.08734543057 0.7867498631 nan nan
2 49624 8686 8686 0 -0.229193641 0.02475640513 -0.2424097581 -0.2075990707 0.0348106874 -0.9646241065 -0.1671924347 0.7974316718 -20.47480989 0.02372989275 0.7335321861 nan nan
3 171855 22661 22661 0 -0.8911196654 0.03206256577 -0.9456825175 -0.856892845 0.08878967251 -1.03146224 -0.1371285066 0.8943337333 5.139947006 0.05519580426 0.7541745929 nan nan
4 40478 9290 9290 0 -0.173815171 0.08147320731 -0.2085822443 -0.07731592753 0.1312663168 -0.9904613741 -0.05281330025 0.9376480738 -6.512983995 0.1022781857 0.819170411 nan nan
5 140920 27741 27741 0 -0.9481450642 0.0281302199 -0.9803005451 -0.9030806997 0.07721984538 -1.032822576 -0.2505715409 0.7822510354 2.153827816 0.04404811912 0.6916921 nan nan
6 28932 2839 2838 1 -0.2458056832 0.3094879829 -0.9071812239 -0.1455222616 0.7616589622 -0.9975364196 -0.05276686663 0.944769553 -0.6167003343 0.7022306533 0.7925858491 nan nan
7 5959 5526 5526 0 -0.9010272755 0.03407538141 -0.9814879565 -0.8639337326 0.1175542239 -1.031401665 -0.8309221051 0.2004795594 -0.7057041987 0.1011355905 0.1510492986 nan nan
8 57825 14069 14069 0 -0.1967781639 0.04380397529 -0.2246705892 -0.1342922901 0.09037829916 -0.8983375977 -0.05884921902 0.8394883787 -7.618926018 0.06006060556 0.7042765091 nan nan
9 221020 5965 5964 1 -0.8393144136 0.3021281545 -0.9003283808 -0.127171327 0.7731570538 -1.032752685 -0.07181052377 0.9609421609 1.11180431 0.7029585194 0.7583193226 nan nan
10 16751 14023 14023 0 -0.9757493721 0.03409685377 -1.013818616 -0.9131353339 0.100683282 -1.020743789 -0.8303055485 0.1904382409 0.5761428392 0.05384679042 0.1366765758 nan nan
11 101915 13131 13130 1 -0.8824379462 0.04265646531 -0.9551270828 -0.8522062172 0.1029208656 -1.03264743 -0.2470401639 0.7856072662 6.074429003 0.0982065376 0.6111430339 nan nan
12 34081 3464 3463 1 -0.8994211348 0.05338953753 -0.9883019663 -0.8333990657 0.1549029006 -1.032728341 -0.206766864 0.8259614773 0.4406638844 0.1011246755 0.7277568772 nan nan
13 161766 26147 26144 3 -0.1179754999 0.05369790004 -0.2104287001 -0.07615457158 0.1342741285 -0.966324431 -0.05270234629 0.9136220847 -3.924100881 0.07608956649 0.8192854467 nan nan

K=14, phase=forward, parameter=e [-]
cluster representative_source n_cluster n_valid n_missing median std p05 p95 width90 minimum maximum range skewness error95 error_max angle_origin_deg angle_resultant
0 128398 31848 31847 1 0.6218596252 0.1008187844 0.4720581162 0.743138288 0.2710801718 0.175739925 0.8054577252 0.6297178002 -1.252724693 0.1844567783 0.4807749695 nan nan
1 39208 8668 8668 0 0.3895818418 0.07840348188 0.2876365099 0.5177244972 0.2300879873 0.1701907883 0.6998554369 0.5296646486 0.2171499672 0.1472241686 0.3286466423 nan nan
2 49624 8686 8686 0 0.4175878898 0.03189577746 0.3784743225 0.4793181923 0.1008438698 0.1932380693 0.5864085523 0.393170483 0.1726151185 0.06844129052 0.2182077958 nan nan
3 171855 22661 22661 0 0.3363705211 0.05484273647 0.258450155 0.4376214665 0.1791713115 0.1705702238 0.6620800671 0.4915098434 0.3779141794 0.1042483653 0.3254206753 nan nan
4 40478 9290 9290 0 0.5678740059 0.09944114216 0.4749249579 0.8110866223 0.3361616644 0.1719259134 0.8710333686 0.6991074552 0.6345631231 0.2548688209 0.4023656134 nan nan
5 140920 27741 27741 0 0.4418198756 0.05099483406 0.3602185669 0.4936729439 0.133454377 0.1705447562 0.5703371427 0.3997923864 -1.753797214 0.0731486684 0.261276754 nan nan
6 28932 2839 2838 1 0.3761178977 0.1308600242 0.1936247495 0.6407103154 0.4470855659 0.1717765426 0.8711452963 0.6993687537 0.7210229071 0.2947799581 0.3844737976 nan nan
7 5959 5526 5526 0 0.3560175498 0.06412081792 0.2759277271 0.4955126501 0.2195849231 0.1823787294 0.5683851512 0.3860064218 0.3410277107 0.1824620318 0.2553345329 nan nan
8 57825 14069 14069 0 0.5075639134 0.08106928062 0.4304189267 0.6691033275 0.2386844008 0.1702432655 0.8563122445 0.686068979 0.3293716623 0.1558623801 0.3441770074 nan nan
9 221020 5965 5964 1 0.259780668 0.1656982308 0.1755019675 0.6871047723 0.5116028047 0.171841315 0.824591781 0.652750466 1.037205445 0.508186131 0.6456731397 nan nan
10 16751 14023 14023 0 0.4864837436 0.05661548122 0.3793707648 0.5435995402 0.1642287754 0.1793797446 0.5534628013 0.3740830567 -0.8527368893 0.09321722327 0.2932082434 nan nan
11 101915 13131 13130 1 0.3182291172 0.0639573352 0.2471239697 0.4534640872 0.2063401175 0.1705352549 0.5700895747 0.3995543197 0.7114748258 0.1920544018 0.3086798893 nan nan
12 34081 3464 3463 1 0.3530454032 0.1051815499 0.1904877156 0.5059433107 0.3154555951 0.1692288258 0.5702003835 0.4009715577 -0.0467611335 0.2278576489 0.2491165386 nan nan
13 161766 26147 26144 3 0.7101339322 0.1197709584 0.4696606889 0.8137280406 0.3440673517 0.2007161778 0.8713080396 0.6705918618 -0.8030207627 0.1919763471 0.4357592758 nan nan

K=14, phase=forward, parameter=w [deg]
cluster representative_source n_cluster n_valid n_missing median std p05 p95 width90 minimum maximum range skewness error95 error_max angle_origin_deg angle_resultant
0 128398 31848 31847 1 -4.227472682 32.04091627 -22.36531431 49.5284436 71.89375791 -179.1728511 179.9744633 359.1473144 0.6702243749 77.94762163 179.8155002 177.8391339 0.8778036101
1 39208 8668 8668 0 -2.490458017 25.31128955 -19.02652245 30.92514493 49.95166739 -177.1593639 179.8342087 356.9935726 2.297646894 50.12603549 179.5104774 314.007479 0.9275081643
2 49624 8686 8686 0 -2.386929165 23.33020935 -28.42443509 36.97848208 65.40291717 -179.9056424 177.9138239 357.8194663 0.7191315477 59.00167954 175.2506617 201.55144 0.9254933944
3 171855 22661 22661 0 -3.508451988 26.79726413 -22.88743242 48.22556652 71.11299894 -179.073431 179.9262392 358.9996702 1.54628903 70.55163315 179.9217648 18.67512958 0.9137381915
4 40478 9290 9290 0 -14.21945059 50.05976224 -45.06322924 91.66788851 136.7311177 -178.1459637 179.8992788 358.0452425 0.3543208957 132.2089632 179.7444086 212.9358779 0.6906192658
5 140920 27741 27741 0 -4.731506006 34.45959248 -20.36553173 104.7414004 125.1069322 -179.490411 179.8911336 359.3815446 2.32411231 122.5812173 179.9707418 13.50774514 0.8714426827
6 28932 2839 2838 1 -2.879314056 63.03728883 -72.88649361 157.212283 230.0987767 -179.8111566 179.8540201 359.6651767 0.3539844052 143.6929218 179.6993242 211.1621052 0.6137902583
7 5959 5526 5526 0 -1.505887207 46.71257126 -25.64923734 49.56004345 75.20928079 -179.8844513 179.9583098 359.842761 -1.17602294 139.2760009 179.5660857 317.7255104 0.7946538719
8 57825 14069 14069 0 -4.395232985 34.32640923 -28.9743052 58.71275952 87.68706472 -179.8939785 178.6607942 358.5547728 1.598732153 89.37131947 179.8120036 198.0373405 0.8638846804
9 221020 5965 5964 1 -3.727253254 67.81148471 -138.2376322 83.5114481 221.7490803 -178.9944791 179.6387707 358.6332497 -0.5279503882 174.1724803 179.9995566 23.93742685 0.4911212513
10 16751 14023 14023 0 -1.549510236 19.05909602 -10.72895038 13.58357751 24.31252789 -177.1387283 179.9816178 357.1203461 3.527185752 20.47810017 178.2791348 304.2192321 0.96203863
11 101915 13131 13130 1 -1.772481081 43.02589875 -35.06956406 101.8236665 136.8932306 -179.2674529 179.1690237 358.4364765 0.5200961525 113.7998334 179.7942547 31.31057263 0.7959268607
12 34081 3464 3463 1 -10.40109761 62.86924307 -80.94963306 108.2758717 189.2255048 -179.924393 179.9142452 359.8386382 0.3513662886 135.2957366 179.8752991 64.28324575 0.5532045792
13 161766 26147 26144 3 -16.43492746 59.20350064 -48.20471953 108.6946367 156.8993563 -179.9159265 179.9747083 359.8906349 0.3714091168 133.0956539 179.6068052 207.893864 0.589651411

K=17, STD=0.01351110741
n = trajectories per cluster; conditions overlap.
n = 1: clusters=0/17 (0.00%); trajectories=0/194058 (0.00%)
n < 10: clusters=0/17 (0.00%); trajectories=0/194058 (0.00%)
n < 100: clusters=0/17 (0.00%); trajectories=0/194058 (0.00%)

K=17, phase=backward, parameter=eps [km^2/s^2]
cluster representative_source n_cluster n_valid n_missing median std p05 p95 width90 minimum maximum range skewness error95 error_max angle_origin_deg angle_resultant
0 128398 31223 31223 0 -0.1112981771 0.02544298099 -0.158834541 -0.07658443377 0.08225010727 -0.2043594656 -0.05268666046 0.1516728051 -0.5981441494 0.05807286929 0.1035977938 nan nan
1 34371 5403 5403 0 -0.9907279164 0.01455089574 -1.005303056 -0.9625517672 0.04275128899 -1.032259749 -0.849545128 0.1827146205 2.121296633 0.02361509607 0.1341785192 nan nan
2 49166 7430 7430 0 -0.8831240821 0.01841790777 -0.9135360285 -0.8551529591 0.05838306944 -0.9471330254 -0.8464754333 0.1006575922 -0.1138827252 0.03798635319 0.05414273029 nan nan
3 208293 5988 5988 0 -0.1676103686 0.04825130582 -0.2270234657 -0.06403901814 0.1629844476 -0.2435275714 -0.05271329248 0.1908142789 0.5468780739 0.09400060869 0.1053263343 nan nan
4 48796 7237 7237 0 -0.95878694 0.03000695796 -0.9843027634 -0.8583914632 0.1259113002 -1.032505169 -0.8479408104 0.1845643589 1.809343559 0.09512977542 0.1055804282 nan nan
5 122456 16861 16861 0 -0.1628323083 0.02338011663 -0.1998567357 -0.1304200213 0.06943671432 -0.207873619 -0.05273741919 0.1551361998 0.412667203 0.0379221701 0.1135305657 nan nan
6 28932 2738 2738 0 -0.8371882042 0.01254741196 -0.8694649936 -0.8284164814 0.04104851215 -0.8858524444 -0.8272587452 0.05859369914 -1.520782921 0.03201523212 0.0484026829 nan nan
7 5959 5279 5279 0 -0.9328633349 0.03135385331 -0.9718859049 -0.8704822093 0.1014036956 -0.9807621069 -0.842135321 0.1386267859 0.542109011 0.06794458601 0.09629147431 nan nan
8 81619 8171 8171 0 -0.9444845562 0.01818583199 -0.9701033744 -0.9179868737 0.05211650075 -1.032861257 -0.851247819 0.1816134379 0.4055221039 0.03203753545 0.09403740651 nan nan
9 219846 5593 5593 0 -0.2451167252 0.009021114047 -0.2513768291 -0.227921672 0.0234551571 -0.2527590311 -0.1714162399 0.0813427912 2.51717222 0.01335950496 0.06734339715 nan nan
10 15482 12437 12437 0 -0.9066062464 0.02732698942 -0.9591432093 -0.8720288483 0.08711436102 -0.9755721253 -0.828154621 0.1474175043 -0.3776458648 0.05049165952 0.08074737362 nan nan
11 154309 27440 27440 0 -0.2144887387 0.02609142202 -0.2403663271 -0.1605861444 0.07978018271 -0.2508530548 -0.1143694192 0.1364836356 0.6873318502 0.06017138656 0.1063881118 nan nan
12 34080 3333 3333 0 -0.9010214346 0.04719316168 -0.9830000435 -0.8434620914 0.1395379522 -1.032801629 -0.8276441363 0.2051574926 -0.2202349715 0.07934379826 0.1100434608 nan nan
13 161766 26146 26146 0 -0.1737714607 0.02512646552 -0.2092914289 -0.1283760924 0.08091533649 -0.2461988891 -0.1140918622 0.132107027 0.04895068401 0.05110364709 0.07057953909 nan nan
14 168732 14242 14242 0 -0.2163290173 0.01019935943 -0.2291516371 -0.1956120936 0.03353954357 -0.2494260272 -0.1704525008 0.07897352637 0.6581313214 0.02377801445 0.04865570604 nan nan
15 73397 5236 5236 0 -1.000907081 0.03848448734 -1.01733755 -0.8591729801 0.1581645704 -1.032726459 -0.827498801 0.2052276582 3.281306992 0.152999139 0.1846733181 nan nan
16 41395 9301 9301 0 -0.8815778105 0.0219400595 -0.9184566334 -0.8501008241 0.0683558093 -0.9344903854 -0.8294156067 0.1050747786 -0.1228843839 0.04590613862 0.06659135593 nan nan

K=17, phase=backward, parameter=e [-]
cluster representative_source n_cluster n_valid n_missing median std p05 p95 width90 minimum maximum range skewness error95 error_max angle_origin_deg angle_resultant
0 128398 31223 31223 0 0.7268230421 0.06391731158 0.6062306346 0.8126979953 0.2064673607 0.4856916625 0.8713416162 0.3856499536 -0.6503543421 0.1468534026 0.2673923746 nan nan
1 34371 5403 5403 0 0.50957691 0.02338421781 0.4654632392 0.5312567603 0.06579352102 0.2392180652 0.5695487871 0.3303307218 -3.060520792 0.03591978132 0.2596522737 nan nan
2 49166 7430 7430 0 0.3194745561 0.03973977684 0.2537218548 0.3803673652 0.1266455104 0.2295064549 0.4398119143 0.2103054594 -0.03975609988 0.08646411866 0.1106284089 nan nan
3 208293 5988 5988 0 0.5847254064 0.1242066885 0.4231698731 0.8435587785 0.4203889054 0.3739412483 0.8712782905 0.4973370421 0.4701706826 0.2344491589 0.2614728396 nan nan
4 48796 7237 7237 0 0.4594409675 0.05607448926 0.2623531959 0.4998434554 0.2374902595 0.2344536747 0.569904472 0.3354507973 -2.237867945 0.1884012558 0.2163007769 nan nan
5 122456 16861 16861 0 0.5963612901 0.06028765055 0.4989213781 0.6788412928 0.1799199147 0.4772165083 0.8712211021 0.3940045938 0.3435364016 0.09827450229 0.283722646 nan nan
6 28932 2738 2738 0 0.2027101237 0.03495852067 0.1730980574 0.2880882865 0.1149902291 0.1687973804 0.3254120572 0.1566146767 1.223007861 0.08418006071 0.1215038314 nan nan
7 5959 5279 5279 0 0.4154151581 0.05882791983 0.2911782908 0.4805005286 0.1893222377 0.2169830282 0.4942798039 0.2772967757 -0.8011373792 0.1338128927 0.2080081553 nan nan
8 81619 8171 8171 0 0.4356583906 0.03171225287 0.3887110314 0.4777093582 0.08899832675 0.2436274873 0.5703882386 0.3267607513 -0.8172930478 0.05326734929 0.182343853 nan nan
9 219846 5593 5593 0 0.3699118145 0.02667169674 0.3505838327 0.4213190408 0.07073520804 0.3462129696 0.5754983647 0.2292853951 2.318350188 0.04191270271 0.1850950699 nan nan
10 15482 12437 12437 0 0.3669495599 0.05182590566 0.2945632993 0.4599331391 0.1653698398 0.1723145659 0.4862247967 0.3139102308 0.2080980444 0.09138420193 0.1990606882 nan nan
11 154309 27440 27440 0 0.4592094555 0.07101367182 0.3845598036 0.6019704245 0.2174106209 0.3520433274 0.7196917963 0.3676484689 0.6121341848 0.1612247774 0.2789461492 nan nan
12 34080 3333 3333 0 0.3561605008 0.09421388847 0.2217468064 0.4978192411 0.2760724348 0.1702919115 0.5703028197 0.4000109083 0.003288251956 0.1755894257 0.2270443206 nan nan
13 161766 26146 26146 0 0.5686098371 0.06581130783 0.4728541947 0.6840990518 0.2112448572 0.3658538532 0.7197896696 0.3539358165 -0.0446769597 0.1327308211 0.197776777 nan nan
14 168732 14242 14242 0 0.4540314496 0.02819169561 0.4175217493 0.5101290436 0.09260729433 0.3561978927 0.5779937567 0.221795864 0.576656784 0.06541942819 0.1322065692 nan nan
15 73397 5236 5236 0 0.5248196683 0.07365932572 0.264329745 0.5486257484 0.2842960035 0.1697422376 0.5702076526 0.400465415 -3.56104547 0.2769136791 0.3715011864 nan nan
16 41395 9301 9301 0 0.3160866445 0.04767968145 0.2404648073 0.3895064807 0.1490416734 0.1769952038 0.4180200045 0.2410248007 -0.03154956765 0.1057455728 0.1692151763 nan nan

K=17, phase=backward, parameter=w [deg]
cluster representative_source n_cluster n_valid n_missing median std p05 p95 width90 minimum maximum range skewness error95 error_max angle_origin_deg angle_resultant
0 128398 31223 31223 0 -1.353997079 4.865431182 -5.744558132 10.48324915 16.22780728 -9.29852636 13.96432218 23.26284854 0.9775422511 13.19238321 16.67345624 16.80123443 0.9964013957
1 34371 5403 5403 0 -1.472462106 6.022014744 -7.296863881 12.32692122 19.6237851 -17.75991771 26.14579528 43.90571299 1.053886318 17.63464343 31.45351749 190.4439912 0.9944965686
2 49166 7430 7430 0 0.6302554399 5.486948139 -7.363923725 5.193214653 12.55713838 -37.13408618 13.30935214 50.44343832 -3.580512404 8.704505862 37.64909315 204.3708592 0.9954988866
3 208293 5988 5988 0 -2.48081196 7.171199155 -7.478150764 13.81849643 21.2966472 -7.833057499 15.7378471 23.5709046 0.5403515624 20.0277537 21.94710437 15.36551169 0.9921878122
4 48796 7237 7237 0 -1.179072314 4.835863116 -5.118876235 10.50205288 15.62092912 -24.97176505 19.8581302 44.82989525 1.458431583 13.5746945 22.88551145 196.9124715 0.9964498529
5 122456 16861 16861 0 0.04238193175 2.076345153 -2.488349284 2.482692441 4.971041725 -15.33425557 8.065899405 23.40015497 -2.063103255 3.331776706 15.72741425 22.85950782 0.9993446886
6 28932 2738 2738 0 2.312476185 14.43518917 -28.40190108 17.18499087 45.58689195 -30.86511342 18.09720265 48.96231607 -0.5954754861 38.35090121 40.81411355 198.0629868 0.9686398241
7 5959 5279 5279 0 -3.394087118 13.86398255 -13.77517668 23.06835997 36.84353665 -25.5610451 24.62524438 50.18628948 0.4986450135 37.4986173 39.05550172 192.6604513 0.9709569578
8 81619 8171 8171 0 -0.2464353576 4.302059086 -5.020857163 7.036833799 12.05769096 -31.60560598 14.1675132 45.77311918 -0.8568874846 7.829746727 33.98245832 202.618587 0.9971958331
9 219846 5593 5593 0 0.447869651 5.76754741 -9.572912961 7.925046179 17.49795914 -12.25322735 8.960243091 21.21347044 -0.2310662818 15.18893926 16.22413617 20.51247373 0.9949412882
10 15482 12437 12437 0 -0.1852819914 3.766999685 -5.392386473 5.753923968 11.14631044 -20.27689365 29.27611767 49.55301132 1.274017115 6.212774547 29.71887943 187.563121 0.9978474192
11 154309 27440 27440 0 1.142240999 6.168773309 -10.15097228 7.360889901 17.51186218 -12.94916589 10.43794838 23.38711427 -0.3478465391 15.85072575 18.64891936 20.64840825 0.9942135144
12 34080 3333 3333 0 -2.32169731 8.917614322 -8.124298802 17.68681495 25.81111375 -31.16610663 19.23113917 50.39724579 0.1440923019 23.32028247 25.94184111 198.2236788 0.9879919241
13 161766 26146 26146 0 -0.6637688428 4.563808787 -5.811787484 11.9566715 17.76845898 -10.44024407 12.79428046 23.23452453 1.321603135 11.06625127 11.88181812 18.15841075 0.9968356202
14 168732 14242 14242 0 0.4434315418 3.875244314 -6.929338012 4.70431046 11.63364847 -13.04827723 9.816154149 22.86443138 -0.5262923208 9.269578579 15.38851779 21.27734197 0.9977154169
15 73397 5236 5236 0 -0.9986983086 8.152431797 -10.50499259 12.69457795 23.19957054 -20.94260944 25.59086781 46.53347725 0.7212222681 13.43859435 26.1607408 191.6107262 0.9899340562
16 41395 9301 9301 0 -1.753603758 6.480786568 -7.010469228 12.20244568 19.21291491 -35.24379218 14.61751928 49.86131146 -0.4351097765 14.11205876 33.54931036 202.3755151 0.9936508287

K=17, phase=forward, parameter=eps [km^2/s^2]
cluster representative_source n_cluster n_valid n_missing median std p05 p95 width90 minimum maximum range skewness error95 error_max angle_origin_deg angle_resultant
0 128398 31223 31222 1 -0.1520634311 0.04904688151 -0.1995039193 -0.1046598292 0.09484409009 -0.8871220873 -0.07961204661 0.8075100407 -7.941491217 0.0600693139 0.7476874819 nan nan
1 34371 5403 5403 0 -0.9636514542 0.03308608338 -0.997856284 -0.9075008526 0.09035543135 -1.029626834 -0.8276125597 0.2020142742 0.8890421977 0.05427141081 0.1183730024 nan nan
2 49166 7430 7430 0 -0.2308179415 0.02541158293 -0.2427579247 -0.211803338 0.03095458672 -0.8505961664 -0.1751207935 0.6754753729 -20.62012856 0.02113087982 0.6178377245 nan nan
3 208293 5988 5986 2 -0.860769334 0.04408822157 -0.9826066131 -0.8397542601 0.142852353 -1.03264743 -0.8277379583 0.2049094717 -1.20922328 0.116755405 0.166796222 nan nan
4 48796 7237 7237 0 -0.1573356469 0.06502432019 -0.1977902701 -0.1228660412 0.07492422887 -0.857066714 -0.05324740104 0.803819313 -8.280351193 0.06250317938 0.7084331156 nan nan
5 122456 16861 16861 0 -0.9543191513 0.03143034718 -0.9821076953 -0.902188018 0.07991967729 -0.9896114344 -0.250896322 0.7387151124 3.178153288 0.04306553768 0.692962016 nan nan
6 28932 2738 2737 1 -0.2451069938 0.30236657 -0.8884172712 -0.140537204 0.7478800672 -0.9975364196 -0.05276686663 0.944769553 -0.6888905653 0.6834667007 0.7925858491 nan nan
7 5959 5279 5279 0 -0.9004394521 0.03311266455 -0.9804977826 -0.863803312 0.1166944706 -0.9946604177 -0.8277021595 0.1669582582 -0.7634671444 0.1001454166 0.1143080517 nan nan
8 81619 8171 8171 0 -0.2135152436 0.0213972267 -0.2279959915 -0.1927361148 0.03525987672 -0.9430517576 -0.1395884912 0.8034632663 -21.43437759 0.02023403212 0.7323159032 nan nan
9 219846 5593 5592 1 -0.8374092773 0.3085559274 -0.9158769836 -0.1256585243 0.7902184593 -1.032333832 -0.07181052377 0.9605233078 1.019571044 0.7034609976 0.7573089981 nan nan
10 15482 12437 12437 0 -0.9768356486 0.03445202562 -1.01435882 -0.9131331884 0.1012256315 -1.031401665 -0.8303055485 0.201096116 0.5922386554 0.05503340131 0.1378541195 nan nan
11 154309 27440 27440 0 -0.8862651208 0.0304136638 -0.9339845205 -0.8585829329 0.07540158757 -1.031707359 -0.1371285066 0.8945788524 9.067570337 0.05080038069 0.7466712268 nan nan
12 34080 3333 3332 1 -0.8983620119 0.05212762963 -0.9883170917 -0.8336482481 0.1546688436 -1.032728341 -0.8273640653 0.205364276 -0.2100335878 0.105581974 0.1118661568 nan nan
13 161766 26146 26144 2 -0.1179754999 0.04998361202 -0.2098703572 -0.07615457158 0.1337157856 -0.8443471414 -0.05270234629 0.7916447951 -2.595352037 0.07605798776 0.6973081571 nan nan
14 168732 14242 14242 0 -0.9365518114 0.02342881894 -0.9656032263 -0.9029437088 0.06265951748 -1.032822576 -0.8288592395 0.2039633368 0.6158457412 0.04403896561 0.1027164043 nan nan
15 73397 5236 5236 0 -0.8961728911 0.0340526919 -0.9624747183 -0.8676012847 0.09487343362 -1.03210096 -0.1335737151 0.8985272447 5.008095599 0.06304740785 0.7690207812 nan nan
16 41395 9301 9301 0 -0.1787878037 0.07458786063 -0.212031977 -0.1046453161 0.1073866609 -0.9904613741 -0.05281330025 0.9376480738 -7.139176868 0.08889766319 0.8078604836 nan nan

K=17, phase=forward, parameter=e [-]
cluster representative_source n_cluster n_valid n_missing median std p05 p95 width90 minimum maximum range skewness error95 error_max angle_origin_deg angle_resultant
0 128398 31223 31222 1 0.6244571501 0.0865257543 0.5005112335 0.7432949085 0.242783675 0.2100095554 0.8054577252 0.5954481698 -0.6401430204 0.156003661 0.4465053392 nan nan
1 34371 5403 5403 0 0.4672751143 0.05812108013 0.3687878622 0.5202989188 0.1515110566 0.1701907883 0.5659313005 0.3957405122 -1.318868798 0.08677311485 0.2678514276 nan nan
2 49166 7430 7430 0 0.4127319868 0.0286828729 0.3774423838 0.4676968927 0.09025450896 0.1932380693 0.5658930131 0.3726549438 -0.02963216126 0.0615331421 0.2133996352 nan nan
3 208293 5988 5986 2 0.2681303671 0.08845385579 0.209889254 0.4972386941 0.2873494402 0.1705844038 0.5700895747 0.3995051708 0.9651382379 0.2166959213 0.2895468019 nan nan
4 48796 7237 7237 0 0.6105415408 0.07988908998 0.5049199889 0.6977803801 0.1928603912 0.1699981667 0.8699854239 0.6999872572 -0.2650597533 0.1611450256 0.4627775432 nan nan
5 122456 16861 16861 0 0.4520992117 0.05619438491 0.3585233143 0.4964650453 0.137941731 0.1705447562 0.5079289129 0.3373841566 -1.950694785 0.07600166457 0.2639802226 nan nan
6 28932 2738 2737 1 0.3743132822 0.1347791481 0.1933412327 0.6536137839 0.4602725511 0.1717765426 0.8711452963 0.6993687537 0.8051824205 0.295310395 0.3844737976 nan nan
7 5959 5279 5279 0 0.354875823 0.06242994493 0.2757176317 0.4939807421 0.2182631104 0.170452989 0.5155260751 0.345073086 0.3861858631 0.1809301238 0.2024754568 nan nan
8 81619 8171 8171 0 0.4619772066 0.03305588802 0.4210792423 0.5186277599 0.0975485176 0.2107801706 0.6566610215 0.445880851 0.08562878868 0.05535658602 0.2595645896 nan nan
9 219846 5593 5592 1 0.2598355094 0.1699196652 0.1753068831 0.6909450359 0.5156381529 0.171841315 0.824591781 0.652750466 0.9242108298 0.5154370276 0.6490837726 nan nan
10 15482 12437 12437 0 0.4881863785 0.05711463652 0.3793657827 0.5443610377 0.164995255 0.1793797446 0.5683851512 0.3890054066 -0.8659077456 0.09509917302 0.2950852111 nan nan
11 154309 27440 27440 0 0.3262415265 0.04647761115 0.2627569357 0.4176320177 0.154875082 0.1705352549 0.6620800671 0.4915448122 0.5035500725 0.09874069283 0.3412102307 nan nan
12 34080 3333 3332 1 0.350701073 0.1054105322 0.1912759753 0.5059618568 0.3146858815 0.1692288258 0.5702003835 0.4009715577 -0.03679794631 0.2352584024 0.2573055518 nan nan
13 161766 26146 26144 2 0.7101339322 0.1194611568 0.4706557718 0.8137280406 0.3430722688 0.2007161778 0.8713080396 0.6705918618 -0.7912570458 0.1917854034 0.4357592758 nan nan
14 168732 14242 14242 0 0.4219995273 0.04301936629 0.3600285719 0.4705198267 0.1104912548 0.1749284846 0.5703371427 0.395408658 -1.168942626 0.07470376549 0.2357274501 nan nan
15 73397 5236 5236 0 0.3464584188 0.05632094948 0.2844028704 0.4658887606 0.1814858902 0.1800733503 0.6710085921 0.4909352417 0.691311277 0.1157386302 0.311801869 nan nan
16 41395 9301 9301 0 0.5552444355 0.08976684085 0.4655757132 0.7437678136 0.2781921004 0.1719259134 0.8710333686 0.6991074552 0.636838891 0.2225513342 0.3727086133 nan nan

K=17, phase=forward, parameter=w [deg]
cluster representative_source n_cluster n_valid n_missing median std p05 p95 width90 minimum maximum range skewness error95 error_max angle_origin_deg angle_resultant
0 128398 31223 31222 1 -4.905525691 29.7424413 -23.17191737 48.89258807 72.06450544 -179.927112 178.7448659 358.671978 1.218846307 74.24580407 179.8155002 179.0687313 0.8944321895
1 34371 5403 5403 0 -2.727910401 31.71924342 -21.71678172 96.44905829 118.16584 -178.6473993 172.8366858 351.4840851 2.469180269 112.4908351 176.5547207 316.5459668 0.8875736529
2 49166 7430 7430 0 -2.014966018 22.00758117 -27.13945953 34.29542241 61.43488193 -177.5513531 177.8617424 355.4130955 0.7896456072 54.76716302 174.2174381 201.6035215 0.9336129352
3 208293 5988 5986 2 -12.6506604 41.69353098 -43.7118995 73.74539342 117.4572929 -173.2662478 178.3094664 351.5757142 0.6465211263 117.8843498 179.3999601 85.84299268 0.7652445821
4 48796 7237 7237 0 -8.178990572 47.8815845 -29.99480981 117.3793438 147.3741536 -179.7782453 179.5325785 359.3108238 1.141199857 139.0678212 179.7309929 198.6107834 0.7504065104
5 122456 16861 16861 0 -4.185562601 31.63638255 -20.0402799 48.50093122 68.54121112 -179.8914166 179.9654614 359.856878 1.413313717 72.31216291 179.9652603 14.0818254 0.8926444349
6 28932 2738 2737 1 -3.662007524 57.74403848 -67.48268724 97.9563919 165.4390791 -179.0854973 179.8015413 358.8870387 0.4463713692 135.8199531 179.6993242 211.214584 0.6549084713
7 5959 5279 5279 0 -14.66534496 45.57420978 -131.9411146 44.81862317 176.7597378 -179.9796437 179.9663765 359.9460201 -1.609608571 140.0660228 179.5660857 315.5392516 0.8051884882
8 81619 8171 8171 0 -2.6148934 25.50898601 -30.76084646 43.5808085 74.34165496 -169.629308 173.858567 343.487875 0.9626257287 49.27360998 179.0571762 200.8170084 0.9110602979
9 219846 5593 5592 1 -1.723086015 68.52682811 -134.1490209 89.97351215 224.1225331 -179.7238919 179.4362673 359.1601592 -0.4332617048 170.1271951 179.9882006 19.32559042 0.4765902573
10 15482 12437 12437 0 -0.9577030077 18.34534517 -9.933004618 11.86690699 21.79991161 -179.2176952 178.1448144 357.3625096 3.164276711 17.52683949 178.4822974 303.4185451 0.9660897255
11 154309 27440 27440 0 -2.617398322 22.0780557 -21.82258811 34.50808636 56.33067447 -177.5560341 179.9954986 357.5515327 -0.2671474512 55.90555748 179.1680411 18.20443898 0.9387152102
12 34080 3333 3332 1 -11.08826349 64.15001345 -81.76604283 108.4796512 190.245694 -179.0115661 179.8754011 358.8869672 0.3373635785 135.3195563 179.7728008 64.48345166 0.5335246988
13 161766 26146 26144 2 -16.44738684 59.14510385 -48.22579018 108.5206079 156.7463981 -179.9999498 179.8906851 359.8906349 0.3735229515 132.9892918 179.6068052 207.9778872 0.5902205153
14 168732 14242 14242 0 -4.931167502 27.91049144 -17.6581486 32.37976348 50.03791208 -179.6539584 179.0193139 358.6732722 2.180132359 46.92822274 179.3706374 10.45983162 0.9141014363
15 73397 5236 5236 0 -5.399400056 26.91402811 -19.95154811 57.09044316 77.04199128 -177.7688315 179.2247411 356.9935726 1.564103284 68.66985253 178.6001585 314.6169466 0.9103315559
16 41395 9301 9301 0 -14.36278159 47.52338748 -41.82950218 92.013247 133.8427492 -179.8819263 173.6597457 353.541672 0.5055120801 131.4639371 179.9095038 209.7050373 0.7197446644

K=19, STD=0.01316995344
n = trajectories per cluster; conditions overlap.
n = 1: clusters=0/19 (0.00%); trajectories=0/194058 (0.00%)
n < 10: clusters=0/19 (0.00%); trajectories=0/194058 (0.00%)
n < 100: clusters=0/19 (0.00%); trajectories=0/194058 (0.00%)

K=19, phase=backward, parameter=eps [km^2/s^2]
cluster representative_source n_cluster n_valid n_missing median std p05 p95 width90 minimum maximum range skewness error95 error_max angle_origin_deg angle_resultant
0 128106 30977 30977 0 -0.1112231032 0.02529182041 -0.1589739766 -0.07689519589 0.08207878068 -0.2041057006 -0.05268666046 0.1514190401 -0.6303885251 0.05855847375 0.1036901977 nan nan
1 21987 4740 4740 0 -0.9517864893 0.01495151422 -0.9756267834 -0.9303809052 0.04524587812 -0.9837809093 -0.9090884615 0.07469244776 -0.09363605447 0.0262044923 0.04085314911 nan nan
2 49166 7430 7430 0 -0.8831240821 0.01841790777 -0.9135360285 -0.8551529591 0.05838306944 -0.9471330254 -0.8464754333 0.1006575922 -0.1138827252 0.03798635319 0.05414273029 nan nan
3 221317 4360 4360 0 -0.2113780326 0.0368681807 -0.2484226754 -0.1340393522 0.1143833232 -0.2514873919 -0.1096031292 0.1418842626 0.6378048824 0.07732881688 0.1017650398 nan nan
4 48796 7234 7234 0 -0.9587581847 0.03001070625 -0.9843038368 -0.858378427 0.1259254098 -1.032505169 -0.8479408104 0.1845643589 1.808746875 0.09514281158 0.1055804282 nan nan
5 127595 3640 3640 0 -0.1341357201 0.04848670274 -0.2081722775 -0.05586369105 0.1523085865 -0.2211817588 -0.05271329248 0.1684684663 0.1139486842 0.09028695629 0.09343735485 nan nan
6 28932 2732 2732 0 -0.8372128914 0.01255205551 -0.869612659 -0.8284255719 0.04118708709 -0.8858524444 -0.8272587452 0.05859369914 -1.518620007 0.03216289755 0.0484026829 nan nan
7 5959 5138 5138 0 -0.9317654822 0.03148291808 -0.9720587281 -0.8701115141 0.101947214 -0.981633692 -0.842135321 0.1394983711 0.5088371048 0.06831528122 0.09629147431 nan nan
8 81619 8170 8170 0 -0.9444828181 0.01818598748 -0.9701038232 -0.9179859942 0.052117829 -1.032861257 -0.851247819 0.1816134379 0.4053183887 0.03203898879 0.09403740651 nan nan
9 172743 4506 4506 0 -0.2442907881 0.01219626483 -0.2515417803 -0.2147453529 0.03679642744 -0.2527590311 -0.1793252113 0.07343381985 1.382871803 0.03064438572 0.06606452729 nan nan
10 13960 9060 9060 0 -0.8958122158 0.01702400963 -0.9245196425 -0.8704028341 0.05411680839 -0.930538211 -0.8277881415 0.1027500694 -0.02316728653 0.02933292944 0.07035071159 nan nan
11 154309 27432 27432 0 -0.2144887387 0.0262168572 -0.2404595587 -0.1604456432 0.08001391545 -0.2514649332 -0.1080291318 0.1434358014 0.6864014001 0.06031188773 0.1127283992 nan nan
12 34080 3289 3289 0 -0.9003131604 0.04715351398 -0.983125485 -0.8434303706 0.1396951144 -1.032801629 -0.8276441363 0.2051574926 -0.238658179 0.07934555726 0.1100434608 nan nan
13 161476 25175 25175 0 -0.1720882895 0.02322780828 -0.2043500862 -0.1275729111 0.07677717514 -0.2354436355 -0.1140918622 0.1213517733 0.2923176279 0.04815972176 0.0612412699 nan nan
14 168732 15039 15039 0 -0.216967264 0.01142351296 -0.2321459338 -0.195792297 0.03635363679 -0.252119558 -0.1661069724 0.08601258558 0.2246535239 0.02578716091 0.05300123441 nan nan
15 74960 5224 5224 0 -1.000820994 0.03870799079 -1.017341615 -0.8585965569 0.1587450578 -1.032726459 -0.827498801 0.2052276582 3.256996634 0.1532695781 0.184367334 nan nan
16 41395 9300 9300 0 -0.8815807212 0.02193823599 -0.9184575823 -0.8501056625 0.06835191981 -0.9344903854 -0.8294156067 0.1050747786 -0.1228503412 0.04590130019 0.06659135593 nan nan
17 50657 4248 4248 0 -0.994415119 0.01112265683 -1.005948969 -0.978490756 0.02745821348 -1.032259749 -0.849545128 0.1827146205 5.372941622 0.02143139537 0.1503338463 nan nan
18 122456 16364 16364 0 -0.1635476076 0.02166387697 -0.1999807091 -0.1319803599 0.06800034925 -0.207873619 -0.05273741919 0.1551361998 -0.05280385991 0.03696203534 0.1135305657 nan nan

K=19, phase=backward, parameter=e [-]
cluster representative_source n_cluster n_valid n_missing median std p05 p95 width90 minimum maximum range skewness error95 error_max angle_origin_deg angle_resultant
0 128106 30977 30977 0 0.7270137613 0.06355171199 0.6059159203 0.8119335362 0.206017616 0.4863850426 0.8713416162 0.3849565736 -0.6822671872 0.148024574 0.2675554517 nan nan
1 21987 4740 4740 0 0.4477754872 0.02489689866 0.4109994404 0.4862938167 0.0752943763 0.3720806294 0.4989788383 0.1268982089 0.03701941398 0.04294856223 0.07261473781 nan nan
2 49166 7430 7430 0 0.3194745561 0.03973977684 0.2537218548 0.3803673652 0.1266455104 0.2295064549 0.4398119143 0.2103054594 -0.03975609988 0.08646411866 0.1106284089 nan nan
3 221317 4360 4360 0 0.4682140009 0.1000864936 0.3595926252 0.6705643607 0.3109717354 0.3503572148 0.7314977701 0.3811405552 0.5536519339 0.2015683967 0.2625018061 nan nan
4 48796 7234 7234 0 0.4593948419 0.05608199884 0.2623158727 0.4998441613 0.2375282885 0.2344536747 0.569904472 0.3354507973 -2.23725245 0.1884385789 0.2163007769 nan nan
5 127595 3640 3640 0 0.669562073 0.1228589316 0.4768664378 0.8635796483 0.3867132105 0.4389678398 0.8712782905 0.4323104507 0.0729766678 0.2243353703 0.2320340125 nan nan
6 28932 2732 2732 0 0.2027713224 0.0349672002 0.1731210495 0.288434054 0.1153130044 0.1687973804 0.3254120572 0.1566146767 1.221018119 0.08452582819 0.1215038314 nan nan
7 5959 5138 5138 0 0.4134897496 0.05908573545 0.2903331643 0.4806795514 0.1903463871 0.2169830282 0.4956286968 0.2786456686 -0.7693976754 0.1346580193 0.2080081553 nan nan
8 81619 8170 8170 0 0.4356539779 0.03171257298 0.3887106523 0.4777098675 0.08899921514 0.2436274873 0.5703882386 0.3267607513 -0.8171261602 0.05326771777 0.182343853 nan nan
9 172743 4506 4506 0 0.3721810332 0.03553884173 0.3501192744 0.4574477162 0.1073284418 0.3462129696 0.5549425557 0.2087295861 1.325597204 0.08919976366 0.1866946031 nan nan
10 13960 9060 9060 0 0.3456145549 0.0346129822 0.2908408971 0.4004370123 0.1095961152 0.1707114886 0.4112630623 0.2405515737 -0.139455091 0.05963885981 0.1795897327 nan nan
11 154309 27432 27432 0 0.4592094555 0.07136073345 0.3842742135 0.6022881516 0.2180139381 0.350407497 0.7354146975 0.3850072005 0.6101561142 0.1615425045 0.2946690504 nan nan
12 34080 3289 3289 0 0.3547595077 0.09416283783 0.221719486 0.4980187908 0.2762993048 0.1702919115 0.5703028197 0.4000109083 0.0191453011 0.1756167461 0.2270443206 nan nan
13 161476 25175 25175 0 0.5730180799 0.06025349743 0.4872156524 0.6862311651 0.1990155128 0.3978437922 0.7197896696 0.3219458774 0.2370165731 0.1234243908 0.1665321906 nan nan
14 168732 15039 15039 0 0.4522037396 0.0318724464 0.4081291099 0.5097784466 0.1016493367 0.3479116145 0.5892083861 0.2412967716 0.1068889729 0.07161412051 0.1434211986 nan nan
15 74960 5224 5224 0 0.5246991173 0.07410284396 0.2628842751 0.5486330114 0.2857487363 0.1697422376 0.5702076526 0.400465415 -3.534532828 0.277919769 0.3710618065 nan nan
16 41395 9300 9300 0 0.3160869032 0.04767453385 0.2404907353 0.3895069811 0.1490162458 0.1769952038 0.4180200045 0.2410248007 -0.03156163211 0.1057196448 0.1692151763 nan nan
17 50657 4248 4248 0 0.5151196288 0.0185882021 0.4908402485 0.5321901289 0.04134988042 0.2392180652 0.5695487871 0.3303307218 -7.364778447 0.03245674908 0.284044984 nan nan
18 122456 16364 16364 0 0.5944939333 0.05610634843 0.498587572 0.6748831431 0.1762955712 0.4772165083 0.8712211021 0.3940045938 -0.08734311306 0.09586966979 0.283722646 nan nan

K=19, phase=backward, parameter=w [deg]
cluster representative_source n_cluster n_valid n_missing median std p05 p95 width90 minimum maximum range skewness error95 error_max angle_origin_deg angle_resultant
0 128106 30977 30977 0 -1.366928245 4.867231774 -5.738101771 10.4858034 16.22390517 -9.315796771 13.94705177 23.26284854 0.9797769487 13.22472083 16.68596921 16.81850484 0.9963987165
1 21987 4740 4740 0 -0.8278309815 5.43869678 -4.999207953 17.12260981 22.12181777 -14.43840382 27.36006247 41.79846629 2.694990014 19.27970799 29.51716064 187.0051679 0.9955312943
2 49166 7430 7430 0 0.6302554399 5.486948139 -7.363923725 5.193214653 12.55713838 -37.13408618 13.30935214 50.44343832 -3.580512404 8.704505862 37.64909315 204.3708592 0.9954988866
3 221317 4360 4360 0 -3.097677971 7.815483508 -7.68831328 13.42801602 21.1163293 -8.171004088 14.35488678 22.52589087 0.6522477515 19.1338865 20.06075726 15.94175307 0.9907236029
4 48796 7234 7234 0 -1.177804011 4.834954021 -5.11621972 10.51046966 15.62668938 -24.96901865 19.8608766 44.82989525 1.460435219 13.57521 22.88551145 196.9097251 0.9964512003
5 127595 3640 3640 0 2.75378401 5.980072394 -9.062440828 8.081509459 17.14395029 -9.340256637 14.23138723 23.57164386 -0.3424702613 12.10279803 12.38061384 16.86550889 0.9945630738
6 28932 2732 2732 0 2.312937287 14.44232556 -28.40388986 17.18671377 45.59060363 -30.86465232 18.09766376 48.96231607 -0.5952738117 38.35335109 40.81411355 198.0625257 0.9686090345
7 5959 5138 5138 0 -3.386848909 13.90679098 -13.80656713 23.11980474 36.92637187 -25.57985325 24.60643622 50.18628948 0.4972191539 37.56887023 39.05550172 192.6792594 0.9707787396
8 81619 8170 8170 0 -0.2474968956 4.302155633 -5.020662057 7.037670095 12.05833215 -31.60518646 14.16793273 45.77311918 -0.856704129 7.829753673 33.98245832 202.6181675 0.9971957078
9 172743 4506 4506 0 1.166809038 6.224965854 -11.71974833 7.778316467 19.4980648 -14.59014811 8.100485591 22.6906337 -0.5211253129 15.56184381 18.43224359 22.84838234 0.994110801
10 13960 9060 9060 0 0.0631400692 3.944928125 -5.908698519 5.536076072 11.44477459 -20.8397073 28.71330402 49.55301132 0.9576416103 6.196612703 29.13121022 188.1259346 0.9976390423
11 154309 27432 27432 0 1.142703511 6.16298283 -10.16423096 7.318824398 17.48305536 -12.98548226 10.44106432 23.42654658 -0.3527506502 15.86710037 18.68835166 20.64529232 0.9942243983
12 34080 3289 3289 0 -2.338320876 8.932538235 -8.139717906 17.64796139 25.7876793 -31.20974468 19.18750111 50.39724579 0.1330056599 23.35975774 25.94184111 198.2673169 0.9879524288
13 161476 25175 25175 0 -0.3462944447 3.940321007 -5.337588213 10.80962411 16.14721232 -9.999471015 13.23505352 23.23452453 1.410313808 9.783723452 11.87433128 17.71763769 0.9976407634
14 168732 15039 15039 0 0.5136382501 4.169649554 -7.426135307 5.00730669 12.433442 -13.03435972 9.945811934 22.98017165 -0.5465528962 9.886170981 15.49439539 21.15754686 0.9973555129
15 74960 5224 5224 0 -0.9933524865 8.184001161 -10.56709214 12.77218844 23.33928057 -21.00462587 25.52885138 46.53347725 0.710931404 13.34215686 25.85192194 191.6727426 0.9898557521
16 41395 9300 9300 0 -1.75659079 6.471752795 -7.010778627 12.1991374 19.20991602 -35.24722528 14.61408618 49.86131146 -0.4235848689 14.10845668 33.54931036 202.3789482 0.9936681365
17 50657 4248 4248 0 -1.01800361 5.171698448 -6.771338612 9.861361972 16.63270058 -16.04202841 25.76554605 41.80757446 0.8664563533 12.62867863 28.52834592 190.8242405 0.9959374786
18 122456 16364 16364 0 -0.02378078487 1.844465524 -2.399120976 2.35871022 4.757831196 -15.41655413 7.95918214 23.37573627 -1.649378867 3.054166137 15.70299555 22.96622509 0.9994827341

K=19, phase=forward, parameter=eps [km^2/s^2]
cluster representative_source n_cluster n_valid n_missing median std p05 p95 width90 minimum maximum range skewness error95 error_max angle_origin_deg angle_resultant
0 128106 30977 30977 0 -0.1519869238 0.03268773888 -0.1989015048 -0.1046959837 0.0942055211 -0.8775143532 -0.07961204661 0.7979023066 -0.6830968697 0.05898303797 0.7375881392 nan nan
1 21987 4740 4740 0 -0.9708673286 0.03499990363 -1.004635042 -0.9078608678 0.09677417394 -1.008435512 -0.8277021595 0.1807333521 0.6755396383 0.05023225499 0.1302662541 nan nan
2 49166 7430 7430 0 -0.2308179415 0.02541158293 -0.2427579247 -0.211803338 0.03095458672 -0.8505961664 -0.1751207935 0.6754753729 -20.62012856 0.02113087982 0.6178377245 nan nan
3 221317 4360 4359 1 -0.8589379876 0.03379076057 -0.9641478689 -0.8327388535 0.1314090154 -1.030434577 -0.8278679467 0.2025666305 -2.16486117 0.1052866109 0.1715733192 nan nan
4 48796 7234 7234 0 -0.1573266652 0.06357007719 -0.1975805302 -0.1228643347 0.07471619546 -0.857066714 -0.05324740104 0.803819313 -8.383054926 0.06171647903 0.7084331156 nan nan
5 127595 3640 3639 1 -0.8755203044 0.06065147622 -0.9829186742 -0.835845252 0.1470734221 -1.03264743 -0.1137687478 0.9188786823 4.118277091 0.09399527045 0.8151398645 nan nan
6 28932 2732 2731 1 -0.2450467391 0.3017016812 -0.8860806002 -0.1404543246 0.7456262757 -0.9975364196 -0.05276686663 0.944769553 -0.6949280713 0.6811300297 0.7925858491 nan nan
7 5959 5138 5138 0 -0.9000544583 0.0330212886 -0.9803583516 -0.863745055 0.1166132965 -0.9945256716 -0.8320477918 0.1624778798 -0.7675003588 0.1000059856 0.1141733056 nan nan
8 81619 8170 8170 0 -0.2135147588 0.0202270184 -0.227992348 -0.1927360859 0.03525626209 -0.9430517576 -0.1395884912 0.8034632663 -21.66904547 0.02022183406 0.7323159032 nan nan
9 172743 4506 4505 1 -0.2002285101 0.3363911592 -0.8568166751 -0.1158126413 0.7410040338 -0.9061959726 -0.06054582819 0.8456501444 -0.3172503803 0.7433042158 0.7926835133 nan nan
10 13960 9060 9060 0 -0.9766559714 0.0352890741 -1.01561789 -0.9135714705 0.1020464193 -1.031401665 -0.8298157655 0.201585899 0.5720923975 0.05429554133 0.1380158732 nan nan
11 154309 27432 27432 0 -0.8862630335 0.03034890524 -0.9343836917 -0.8585145526 0.07586913915 -1.031707359 -0.2068452183 0.8248621407 8.5580096 0.05212239172 0.6769545151 nan nan
12 34080 3289 3288 1 -0.8987393549 0.05227275481 -0.988319682 -0.8336473592 0.1546723228 -1.032728341 -0.8273640653 0.205364276 -0.2028278187 0.1055828629 0.1118661568 nan nan
13 161476 25175 25172 3 -0.1164137804 0.04965609503 -0.211492443 -0.07595648308 0.1355359599 -0.8443471414 -0.05270234629 0.7916447951 -2.444135991 0.07737621023 0.6957766407 nan nan
14 168732 15039 15039 0 -0.935004507 0.02981065579 -0.9657390342 -0.8683926875 0.0973463467 -1.032822576 -0.8282095325 0.2046130438 1.115555408 0.06423318851 0.1027164043 nan nan
15 74960 5224 5224 0 -0.8959619282 0.03408814552 -0.9624804759 -0.8675631023 0.09491737359 -1.03210096 -0.1335737151 0.8985272447 4.99637876 0.06311205242 0.7689976451 nan nan
16 41395 9300 9300 0 -0.1787874308 0.07421495119 -0.2120220108 -0.1046340291 0.1073879817 -0.9904613741 -0.05281330025 0.9376480738 -7.152154472 0.08881403135 0.8078604836 nan nan
17 50657 4248 4248 0 -0.9642865386 0.03250952303 -0.9974985752 -0.907414629 0.09008394618 -1.029626834 -0.8276125597 0.2020142742 1.001460599 0.05109223279 0.1307634024 nan nan
18 122456 16364 16364 0 -0.9554079729 0.02774260124 -0.9822052794 -0.9086752226 0.0735300568 -0.9896114344 -0.250896322 0.7387151124 3.941687672 0.04067818589 0.692962016 nan nan

K=19, phase=forward, parameter=e [-]
cluster representative_source n_cluster n_valid n_missing median std p05 p95 width90 minimum maximum range skewness error95 error_max angle_origin_deg angle_resultant
0 128106 30977 30977 0 0.6247112193 0.08385407046 0.5020863209 0.7432207777 0.2411344568 0.307042874 0.8054577252 0.4984148512 -0.4494276863 0.1531870491 0.3482304961 nan nan
1 21987 4740 4740 0 0.4788838212 0.05965128142 0.3693407266 0.5302752012 0.1609344746 0.170452989 0.5358328063 0.3653798173 -0.9646567992 0.08865648721 0.2875442248 nan nan
2 49166 7430 7430 0 0.4127319868 0.0286828729 0.3774423838 0.4676968927 0.09025450896 0.1932380693 0.5658930131 0.3726549438 -0.02963216126 0.0615331421 0.2133996352 nan nan
3 221317 4360 4359 1 0.2635190107 0.06968607997 0.187831748 0.4681100006 0.2802782525 0.171052843 0.5670128556 0.3959600125 1.656767323 0.2047916456 0.3036945005 nan nan
4 48796 7234 7234 0 0.6105562129 0.07946897471 0.5055645953 0.6977841773 0.192219582 0.1699981667 0.8699854239 0.6999872572 -0.2189314893 0.1609181745 0.4627775432 nan nan
5 127595 3640 3639 1 0.3038389795 0.09797635482 0.2016566652 0.498834881 0.2971782158 0.1705844038 0.7205663889 0.5499819851 0.4488666897 0.2073002874 0.312137809 nan nan
6 28932 2732 2731 1 0.3742012444 0.134883603 0.1933125985 0.6540330193 0.4607204208 0.1717765426 0.8711452963 0.6993687537 0.8078966135 0.2953193083 0.3844737976 nan nan
7 5959 5138 5138 0 0.3540894506 0.06230326287 0.2755777579 0.4937138274 0.2181360695 0.1862807331 0.5153228252 0.3290420921 0.3905205147 0.1806632091 0.2022722069 nan nan
8 81619 8170 8170 0 0.4619794446 0.03294899283 0.4210954659 0.5186310165 0.0975355506 0.2107801706 0.6566610215 0.445880851 0.1324843165 0.05535022398 0.2595645896 nan nan
9 172743 4506 4505 1 0.4987342666 0.1977544375 0.1818929941 0.7154970356 0.5336040415 0.1718972398 0.8521650137 0.6802677739 -0.04195863076 0.5393505666 0.549346321 nan nan
10 13960 9060 9060 0 0.4879149625 0.05842457654 0.3801535231 0.5461633482 0.1660098251 0.1776932819 0.5683851512 0.3906918693 -0.853655817 0.09385213896 0.2962397949 nan nan
11 154309 27432 27432 0 0.326235485 0.04724012939 0.262501067 0.4182778673 0.1557768003 0.1705352549 0.5687824395 0.3982471845 0.4566089097 0.1006035572 0.2479126031 nan nan
12 34080 3289 3288 1 0.3516156516 0.1057305078 0.191273515 0.5059647047 0.3146911897 0.1692288258 0.5702003835 0.4009715577 -0.04125369907 0.2352608627 0.2573055518 nan nan
13 161476 25175 25172 3 0.7140107082 0.1197833728 0.4669444421 0.8142582654 0.3473138233 0.2007161778 0.8713080396 0.6705918618 -0.8448340121 0.1951272506 0.4318498832 nan nan
14 168732 15039 15039 0 0.4192998151 0.05883680193 0.2865437699 0.4707423507 0.1841985808 0.1723066007 0.5703371427 0.398030542 -1.76474452 0.1281732752 0.2383493341 nan nan
15 74960 5224 5224 0 0.3460347727 0.05639059262 0.2843719177 0.4659348752 0.1815629575 0.1800733503 0.6710085921 0.4909352417 0.6972329455 0.1158971662 0.311846609 nan nan
16 41395 9300 9300 0 0.5552617048 0.0897457319 0.4657307652 0.7437964501 0.2780656849 0.1719259134 0.8710333686 0.6991074552 0.6379491502 0.2225962585 0.3727086133 nan nan
17 50657 4248 4248 0 0.4683211236 0.05737867109 0.3685772447 0.519758288 0.1511810433 0.1701907883 0.5659313005 0.3957405122 -1.4778074 0.09033362549 0.288499472 nan nan
18 122456 16364 16364 0 0.4539170357 0.04713163122 0.3710954707 0.4966135432 0.1255180725 0.1705447562 0.5079289129 0.3373841566 -1.786735558 0.06769491323 0.2639802226 nan nan

K=19, phase=forward, parameter=w [deg]
cluster representative_source n_cluster n_valid n_missing median std p05 p95 width90 minimum maximum range skewness error95 error_max angle_origin_deg angle_resultant
0 128106 30977 30977 0 -4.946706014 29.09041588 -23.24638864 48.06648591 71.31287454 -179.5609861 179.9467738 359.5077599 1.306122908 73.13575818 179.8466231 179.1948454 0.8987060182
1 21987 4740 4740 0 -2.974170997 26.90279029 -12.97816568 39.82197015 52.80013583 -179.921617 178.4616375 358.3832545 3.100756717 47.52937137 178.9925907 305.5570951 0.9250340899
2 49166 7430 7430 0 -2.014966018 22.00758117 -27.13945953 34.29542241 61.43488193 -177.5513531 177.8617424 355.4130955 0.7896456072 54.76716302 174.2174381 201.6035215 0.9336129352
3 221317 4360 4359 1 -8.771673648 32.72333923 -27.58415444 76.44687357 104.031028 -178.46997 179.7867843 358.2567543 1.489530283 101.617642 179.998446 67.09546986 0.8614160974
4 48796 7234 7234 0 -8.185179899 47.84405183 -29.99911909 117.3764163 147.3755354 -179.7875424 179.5232814 359.3108238 1.146626174 139.0775383 179.7309929 198.6200805 0.7507875552
5 127595 3640 3639 1 6.218089297 41.12673837 -56.30290436 67.89115128 124.1940556 -166.9174893 172.9081395 339.8256288 0.4508415451 72.406427 174.5372974 115.5578737 0.7837114533
6 28932 2732 2731 1 -3.736988022 57.55543184 -66.37973277 97.55485745 163.9345902 -179.1926492 179.6943895 358.8870387 0.4531452932 135.6359531 179.6993242 211.3217358 0.6565222494
7 5959 5138 5138 0 -14.7319012 45.08868655 -143.3757306 44.40160096 187.7773316 -179.9195024 179.9669233 359.8864257 -1.717625285 137.8241476 179.5660857 315.6647345 0.8093273753
8 81619 8170 8170 0 -2.607460233 25.49524209 -30.75330943 43.57655676 74.32986619 -169.6217143 173.8661607 343.487875 0.9616897962 49.26878649 179.0571762 200.8094147 0.9111518549
9 172743 4506 4505 1 -13.93143767 66.85502268 -86.04984414 96.3401916 182.3900357 -163.5363749 176.4759576 340.0123326 0.07072562707 156.6378265 179.9928229 312.1109125 0.4239980277
10 13960 9060 9060 0 -1.116350765 19.76586298 -9.512819405 12.11695399 21.62977339 -179.4071813 177.9550731 357.3622543 2.227470607 17.41046722 179.3069524 303.6080311 0.9613652239
11 154309 27432 27432 0 -2.627430411 21.90867069 -21.83957489 34.35213082 56.1917057 -178.6454745 179.9527646 358.598239 -0.01258824616 55.34251712 179.1680411 18.24717299 0.9392543141
12 34080 3289 3288 1 -11.08697556 64.45240593 -81.82018139 108.5592141 190.3793955 -179.9958358 179.8428024 359.8386382 0.3276348396 135.3365552 179.7728008 64.35468851 0.52947831
13 161476 25175 25172 3 -16.62266966 59.18520244 -46.30484989 109.811408 156.1162579 -179.8982967 179.9573485 359.8556452 0.3908957233 131.9548747 179.8370834 205.8827442 0.5897530405
14 168732 15039 15039 0 -4.562390872 27.50031276 -18.59007593 32.98390495 51.57398088 -179.9873896 179.9878586 359.9752482 2.074632657 51.92129021 179.3706374 11.42218303 0.9144665351
15 74960 5224 5224 0 -5.430657719 27.19719958 -20.0201985 57.16386358 77.18406208 -177.8787873 179.1147853 356.9935726 1.504258103 69.07373103 179.0444492 314.7269024 0.9090201746
16 41395 9300 9300 0 -14.3670629 47.50583086 -41.83324008 92.00725204 133.8404921 -179.8884839 173.6531881 353.541672 0.507598476 131.4644412 179.9095038 209.7115949 0.7198911518
17 50657 4248 4248 0 -2.459327019 30.9238077 -20.7757302 95.85827348 116.6340037 -179.7474417 158.9589486 338.7063903 2.53844282 106.47114 170.6625178 317.6460093 0.8934909849
18 122456 16364 16364 0 -3.490673175 23.81633688 -18.80771891 36.97251984 55.78023875 -174.2572871 179.3613632 353.6186504 1.526612839 52.77247253 179.7621968 12.93432919 0.9341017914

K=22, STD=0.01279033386
n = trajectories per cluster; conditions overlap.
n = 1: clusters=0/22 (0.00%); trajectories=0/194058 (0.00%)
n < 10: clusters=0/22 (0.00%); trajectories=0/194058 (0.00%)
n < 100: clusters=0/22 (0.00%); trajectories=0/194058 (0.00%)

K=22, phase=backward, parameter=eps [km^2/s^2]
cluster representative_source n_cluster n_valid n_missing median std p05 p95 width90 minimum maximum range skewness error95 error_max angle_origin_deg angle_resultant
0 128106 30977 30977 0 -0.1112231032 0.02529182041 -0.1589739766 -0.07689519589 0.08207878068 -0.2041057006 -0.05268666046 0.1514190401 -0.6303885251 0.05855847375 0.1036901977 nan nan
1 22427 4532 4532 0 -0.95218156 0.01485504512 -0.9761309411 -0.9307746427 0.04535629843 -0.9837976931 -0.9161824583 0.06761523479 -0.1092347731 0.02600584752 0.03433787889 nan nan
2 48712 7153 7153 0 -0.8830542434 0.01812735182 -0.9127589298 -0.8551275654 0.05763136438 -0.9370038763 -0.8488704886 0.08813338776 -0.09152926957 0.03727420374 0.04474330507 nan nan
3 221317 4360 4360 0 -0.2113780326 0.0368681807 -0.2484226754 -0.1340393522 0.1143833232 -0.2514873919 -0.1096031292 0.1418842626 0.6378048824 0.07732881688 0.1017650398 nan nan
4 52507 7046 7046 0 -0.9617810795 0.01748852493 -0.9834052869 -0.9294308792 0.05397440767 -1.030676384 -0.9123556491 0.118320735 0.2926365964 0.03068842141 0.07070120632 nan nan
5 127595 3640 3640 0 -0.1341357201 0.04848670274 -0.2081722775 -0.05586369105 0.1523085865 -0.2211817588 -0.05271329248 0.1684684663 0.1139486842 0.09028695629 0.09343735485 nan nan
6 30751 1700 1700 0 -0.841351817 0.0147959457 -0.8743666267 -0.8284679569 0.04589866978 -0.9013732586 -0.8272587452 0.07411451338 -0.8147062786 0.03574160087 0.06274823278 nan nan
7 8822 3016 3016 0 -0.9362218923 0.02391140854 -0.9731217932 -0.8978441766 0.07527761658 -0.983407574 -0.8659559972 0.1174515768 0.06686049936 0.04181698295 0.07334464934 nan nan
8 80817 7726 7726 0 -0.9426848169 0.01769476026 -0.9680503983 -0.9174509743 0.050599424 -1.032861257 -0.853106808 0.1797544489 0.3304077963 0.03083373847 0.09493902636 nan nan
9 172743 4506 4506 0 -0.2442907881 0.01219626483 -0.2515417803 -0.2147453529 0.03679642744 -0.2527590311 -0.1793252113 0.07343381985 1.382871803 0.03064438572 0.06606452729 nan nan
10 14142 8908 8908 0 -0.8957089514 0.01697393706 -0.9247834986 -0.870505743 0.05427775563 -0.930538211 -0.8425674903 0.08797072066 -0.09041847157 0.02935900234 0.05579268262 nan nan
11 154309 27432 27432 0 -0.2144887387 0.0262168572 -0.2404595587 -0.1604456432 0.08001391545 -0.2514649332 -0.1080291318 0.1434358014 0.6864014001 0.06031188773 0.1127283992 nan nan
12 98454 3052 3052 0 -0.9190711614 0.03815611076 -0.9708094633 -0.8495829072 0.1212265561 -0.9824229039 -0.8275211649 0.154901739 0.290973257 0.06620036706 0.08803171188 nan nan
13 161476 25175 25175 0 -0.1720882895 0.02322780828 -0.2043500862 -0.1275729111 0.07677717514 -0.2354436355 -0.1140918622 0.1213517733 0.2923176279 0.04815972176 0.0612412699 nan nan
14 168732 15039 15039 0 -0.216967264 0.01142351296 -0.2321459338 -0.195792297 0.03635363679 -0.252119558 -0.1661069724 0.08601258558 0.2246535239 0.02578716091 0.05300123441 nan nan
15 76537 4936 4936 0 -1.00228024 0.02070180804 -1.017449609 -0.9787503495 0.03869925969 -1.032726459 -0.8275709045 0.2051555548 5.290574424 0.03283880528 0.1840182503 nan nan
16 42086 8788 8788 0 -0.8857193083 0.02098428876 -0.9200998011 -0.8561421752 0.06395762589 -0.9344903854 -0.8290652577 0.1054251277 -0.08148387279 0.04025642268 0.06733334018 nan nan
17 49752 4181 4181 0 -0.9946136452 0.008271927623 -1.005986035 -0.9787429293 0.02724310591 -1.032259749 -0.9748154319 0.0574443166 0.2149985294 0.02080198824 0.03277280492 nan nan
18 122456 16364 16364 0 -0.1635476076 0.02166387697 -0.1999807091 -0.1319803599 0.06800034925 -0.207873619 -0.05273741919 0.1551361998 -0.05280385991 0.03696203534 0.1135305657 nan nan
19 19853 1959 1959 0 -0.8409070166 0.0114082967 -0.8618604793 -0.8292797029 0.03258077642 -0.9020306197 -0.8273098337 0.07472078608 -2.505521822 0.0216297191 0.06179985954 nan nan
20 34315 1988 1988 0 -0.9271077513 0.04006987649 -0.9885617311 -0.865026207 0.1235355241 -1.032801629 -0.8454566606 0.1873449683 0.0286672908 0.06355918163 0.1055409757 nan nan
21 34650 1580 1580 0 -0.8529965561 0.03838650928 -0.9869772262 -0.8428158387 0.1441613875 -1.032505169 -0.8282045309 0.2043006384 -2.685914121 0.1357625768 0.1812905199 nan nan

K=22, phase=backward, parameter=e [-]
cluster representative_source n_cluster n_valid n_missing median std p05 p95 width90 minimum maximum range skewness error95 error_max angle_origin_deg angle_resultant
0 128106 30977 30977 0 0.7270137613 0.06355171199 0.6059159203 0.8119335362 0.206017616 0.4863850426 0.8713416162 0.3849565736 -0.6822671872 0.148024574 0.2675554517 nan nan
1 22427 4532 4532 0 0.448445824 0.02470093627 0.411664106 0.4871079433 0.07544383727 0.3854579941 0.4990063001 0.1135483061 0.0551756008 0.04244304973 0.060207615 nan nan
2 48712 7153 7153 0 0.3193404259 0.03919893281 0.2536826953 0.3789571397 0.1252744444 0.2369659788 0.4224180244 0.1854520456 -0.06027866255 0.08495477585 0.1016714924 nan nan
3 221317 4360 4360 0 0.4682140009 0.1000864936 0.3595926252 0.6705643607 0.3109717354 0.3503572148 0.7314977701 0.3811405552 0.5536519339 0.2015683967 0.2625018061 nan nan
4 52507 7046 7046 0 0.4643516472 0.02881782546 0.4094010251 0.4984599337 0.08905890865 0.3782831744 0.5673838823 0.1891007079 -0.3604028931 0.052207021 0.1060136451 nan nan
5 127595 3640 3640 0 0.669562073 0.1228589316 0.4768664378 0.8635796483 0.3867132105 0.4389678398 0.8712782905 0.4323104507 0.0729766678 0.2243353703 0.2320340125 nan nan
6 30751 1700 1700 0 0.2153768773 0.04106038606 0.1732809581 0.3003273462 0.1270463881 0.1687973804 0.3563919371 0.1875945567 0.5892332224 0.09275268715 0.1488172781 nan nan
7 8822 3016 3016 0 0.4212408073 0.04214384925 0.3495994161 0.4823580655 0.1327586493 0.2804295175 0.4983652407 0.2179357232 -0.1827934943 0.07692891652 0.1460988151 nan nan
8 80817 7726 7726 0 0.432597832 0.03091225146 0.3877259019 0.4744166941 0.08669079219 0.2487506131 0.5703882386 0.3216376255 -0.748202783 0.05144304569 0.1756592465 nan nan
9 172743 4506 4506 0 0.3721810332 0.03553884173 0.3501192744 0.4574477162 0.1073284418 0.3462129696 0.5549425557 0.2087295861 1.325597204 0.08919976366 0.1866946031 nan nan
10 14142 8908 8908 0 0.3453652773 0.03435908186 0.2910189136 0.4009293186 0.109910405 0.2182562001 0.4112630623 0.1930068622 -0.02773442231 0.05978858079 0.1324893184 nan nan
11 154309 27432 27432 0 0.4592094555 0.07136073345 0.3842742135 0.6022881516 0.2180139381 0.350407497 0.7354146975 0.3850072005 0.6101561142 0.1615425045 0.2946690504 nan nan
12 98454 3052 3052 0 0.3907454687 0.07518338177 0.2393266676 0.4788424938 0.2395158262 0.1697974517 0.4970037574 0.3272063058 -0.5890389575 0.1449644315 0.2144936475 nan nan
13 161476 25175 25175 0 0.5730180799 0.06025349743 0.4872156524 0.6862311651 0.1990155128 0.3978437922 0.7197896696 0.3219458774 0.2370165731 0.1234243908 0.1665321906 nan nan
14 168732 15039 15039 0 0.4522037396 0.0318724464 0.4081291099 0.5097784466 0.1016493367 0.3479116145 0.5892083861 0.2412967716 0.1068889729 0.07161412051 0.1434211986 nan nan
15 76537 4936 4936 0 0.5268285178 0.03848279437 0.4912440541 0.548788379 0.05754432489 0.170015221 0.5702076526 0.4001924316 -6.875615798 0.04916216527 0.3703909984 nan nan
16 42086 8788 8788 0 0.3250257571 0.04481229992 0.2564086652 0.3925429458 0.1361342806 0.1751198144 0.4180200045 0.2429001901 -0.06613387922 0.0905955709 0.1718844217 nan nan
17 49752 4181 4181 0 0.5154614252 0.0124523063 0.4912052407 0.5322534315 0.04104819075 0.4851779411 0.5695487871 0.08437084598 -0.2564139251 0.03152952411 0.04686809672 nan nan
18 122456 16364 16364 0 0.5944939333 0.05610634843 0.498587572 0.6748831431 0.1762955712 0.4772165083 0.8712211021 0.3940045938 -0.08734311306 0.09586966979 0.283722646 nan nan
19 19853 1959 1959 0 0.2143612221 0.03056139793 0.1763757631 0.2707545486 0.09437878554 0.1689586571 0.3576946334 0.1887359763 1.857093345 0.05848109014 0.145421175 nan nan
20 34315 1988 1988 0 0.4052057814 0.07363071784 0.2782604511 0.5063293089 0.2280688578 0.2265936197 0.5703028197 0.3437092001 -0.2108101058 0.1274824462 0.1788769081 nan nan
21 34650 1580 1580 0 0.2483245894 0.07479463836 0.2200527493 0.5039115402 0.283858791 0.1721287398 0.569904472 0.3977757322 2.524559088 0.2603302768 0.3263232086 nan nan

K=22, phase=backward, parameter=w [deg]
cluster representative_source n_cluster n_valid n_missing median std p05 p95 width90 minimum maximum range skewness error95 error_max angle_origin_deg angle_resultant
0 128106 30977 30977 0 -1.366928245 4.867231774 -5.738101771 10.4858034 16.22390517 -9.315796771 13.94705177 23.26284854 0.9797769487 13.22472083 16.68596921 16.81850484 0.9963987165
1 22427 4532 4532 0 -0.7616733668 5.208608406 -4.743592374 16.85047613 21.5940685 -14.46280008 26.51430181 40.9771019 2.801511508 18.93720758 28.60103327 187.0295641 0.9959006396
2 48712 7153 7153 0 0.6665551601 5.270182935 -7.275525167 5.073546038 12.34907121 -37.08646467 13.35697365 50.44343832 -3.760709103 8.242202308 37.59584759 204.3232377 0.9958467319
3 221317 4360 4360 0 -3.097677971 7.815483508 -7.68831328 13.42801602 21.1163293 -8.171004088 14.35488678 22.52589087 0.6522477515 19.1338865 20.06075726 15.94175307 0.9907236029
4 52507 7046 7046 0 -0.7921851465 4.34809092 -4.820334589 9.804277373 14.62461196 -24.85037879 17.18012827 42.03050706 1.327602191 12.32006197 22.47541355 196.5792045 0.9971293594
5 127595 3640 3640 0 2.75378401 5.980072394 -9.062440828 8.081509459 17.14395029 -9.340256637 14.23138723 23.57164386 -0.3424702613 12.10279803 12.38061384 16.86550889 0.9945630738
6 30751 1700 1700 0 7.445900191 16.63446329 -31.46064981 15.66482979 47.1254796 -32.64766302 16.01523626 48.66289928 -0.7514665312 40.51123038 41.69824358 199.8455364 0.9584602528
7 8822 3016 3016 0 -1.890676099 7.031445779 -3.721430723 21.85247126 25.57390198 -4.184740969 34.41245468 38.59719565 3.291595761 24.11196954 36.67195297 182.4114104 0.9925935536
8 80817 7726 7726 0 -0.2513435601 4.219345186 -4.722794799 6.825341008 11.54813581 -31.88252189 13.64993661 45.5324585 -0.979201851 7.426451146 34.07068255 202.8033537 0.9973033213
9 172743 4506 4506 0 1.166809038 6.224965854 -11.71974833 7.778316467 19.4980648 -14.59014811 8.100485591 22.6906337 -0.5211253129 15.56184381 18.43224359 22.84838234 0.994110801
10 14142 8908 8908 0 0.06813447326 3.778153484 -5.718551357 5.435836582 11.15438794 -20.88679628 28.64256962 49.5293659 0.7613129591 6.02474572 29.03591109 188.1730236 0.9978331766
11 154309 27432 27432 0 1.142703511 6.16298283 -10.16423096 7.318824398 17.48305536 -12.98548226 10.44106432 23.42654658 -0.3527506502 15.86710037 18.68835166 20.64529232 0.9942243983
12 98454 3052 3052 0 3.10887869 10.44265676 -15.04518378 12.60977549 27.65495927 -37.1728346 13.0869846 50.2598192 -0.5392852755 24.98572869 47.1133795 204.2722408 0.9835007233
13 161476 25175 25175 0 -0.3462944447 3.940321007 -5.337588213 10.80962411 16.14721232 -9.999471015 13.23505352 23.23452453 1.410313808 9.783723452 11.87433128 17.71763769 0.9976407634
14 168732 15039 15039 0 0.5136382501 4.169649554 -7.426135307 5.00730669 12.433442 -13.03435972 9.945811934 22.98017165 -0.5465528962 9.886170981 15.49439539 21.15754686 0.9973555129
15 76537 4936 4936 0 -0.5308333832 6.853565718 -9.620454459 11.78941561 21.40987006 -15.17946441 17.44192566 32.62139007 0.2552553504 11.44940369 16.51047152 190.7239802 0.9928624784
16 42086 8788 8788 0 -1.661577738 6.49776162 -6.650857395 12.7050135 19.35587089 -34.76260711 15.09870435 49.86131146 -0.3467628107 13.92955835 33.78365065 201.89433 0.9936199414
17 49752 4181 4181 0 -0.9810163357 4.982749359 -6.678142949 9.807156869 16.48529982 -15.97331386 13.50092663 29.47424049 0.6139870733 12.72041672 16.4136064 190.7555259 0.9962248236
18 122456 16364 16364 0 -0.02378078487 1.844465524 -2.399120976 2.35871022 4.757831196 -15.41655413 7.95918214 23.37573627 -1.649378867 3.054166137 15.70299555 22.96622509 0.9994827341
19 19853 1959 1959 0 1.748050107 9.207336906 -19.49992689 15.16460631 34.6645332 -31.17537644 17.62216078 48.79753721 -0.9374063228 21.79453639 33.46998594 198.6689931 0.9872091593
20 34315 1988 1988 0 -1.518995156 8.055298228 -5.40853596 19.89216279 25.30069875 -28.31716476 22.08008103 50.39724579 0.6322041419 24.03110337 25.36397253 195.374737 0.9902186278
21 34650 1580 1580 0 1.010332313 5.861378576 -12.18610106 9.623850183 21.80995124 -35.37664608 10.83820442 46.2148505 -0.9463060962 13.89087668 37.0814217 205.9478958 0.9947894314

K=22, phase=forward, parameter=eps [km^2/s^2]
cluster representative_source n_cluster n_valid n_missing median std p05 p95 width90 minimum maximum range skewness error95 error_max angle_origin_deg angle_resultant
0 128106 30977 30977 0 -0.1519869238 0.03268773888 -0.1989015048 -0.1046959837 0.0942055211 -0.8775143532 -0.07961204661 0.7979023066 -0.6830968697 0.05898303797 0.7375881392 nan nan
1 22427 4532 4532 0 -0.9734913894 0.03322412434 -1.004738683 -0.9119566515 0.09278203204 -1.008435512 -0.8308364273 0.1775990843 0.7354474167 0.04821705179 0.1290616501 nan nan
2 48712 7153 7153 0 -0.2308899372 0.009592054649 -0.2422933475 -0.2119455229 0.03034782464 -0.2524932782 -0.1750066737 0.07748660453 0.8172321047 0.02066977347 0.05760862268 nan nan
3 221317 4360 4359 1 -0.8589379876 0.03379076057 -0.9641478689 -0.8327388535 0.1314090154 -1.030434577 -0.8278679467 0.2025666305 -2.16486117 0.1052866109 0.1715733192 nan nan
4 52507 7046 7046 0 -0.1619280195 0.05932658224 -0.1987353419 -0.1303547856 0.06838055634 -0.8540137839 -0.06641807564 0.7875957083 -9.648402543 0.04046495007 0.6957026784 nan nan
5 127595 3640 3639 1 -0.8755203044 0.06065147622 -0.9829186742 -0.835845252 0.1470734221 -1.03264743 -0.1137687478 0.9188786823 4.118277091 0.09399527045 0.8151398645 nan nan
6 30751 1700 1700 0 -0.237518021 0.02832788487 -0.2498212396 -0.1593819289 0.09043931066 -0.2527828516 -0.07789858299 0.1748842686 2.210831919 0.06763325497 0.1491166009 nan nan
7 8822 3016 3016 0 -0.8967499337 0.02435208158 -0.9531955633 -0.8769359799 0.07625958339 -0.9945256716 -0.8320477918 0.1624778798 -1.961446988 0.06026326607 0.1015517828 nan nan
8 80817 7726 7726 0 -0.2143975998 0.01324080528 -0.2283512153 -0.1950683372 0.03328287805 -0.8822466557 -0.1571118798 0.7251347759 -16.55179235 0.01981984395 0.6695519368 nan nan
9 172743 4506 4505 1 -0.2002285101 0.3363911592 -0.8568166751 -0.1158126413 0.7410040338 -0.9061959726 -0.06054582819 0.8456501444 -0.3172503803 0.7433042158 0.7926835133 nan nan
10 14142 8908 8908 0 -0.9777496008 0.03441157748 -1.01564875 -0.916062483 0.09958626737 -1.031401665 -0.8303055485 0.201096116 0.5756879124 0.05281832794 0.1385634152 nan nan
11 154309 27432 27432 0 -0.8862630335 0.03034890524 -0.9343836917 -0.8585145526 0.07586913915 -1.031707359 -0.2068452183 0.8248621407 8.5580096 0.05212239172 0.6769545151 nan nan
12 98454 3052 3052 0 -0.9253713409 0.04001330963 -0.9898846696 -0.8620688364 0.1278158332 -0.9939867236 -0.8285734072 0.1654133165 0.03783031756 0.068328055 0.0951633709 nan nan
13 161476 25175 25172 3 -0.1164137804 0.04965609503 -0.211492443 -0.07595648308 0.1355359599 -0.8443471414 -0.05270234629 0.7916447951 -2.444135991 0.07737621023 0.6957766407 nan nan
14 168732 15039 15039 0 -0.935004507 0.02981065579 -0.9657390342 -0.8683926875 0.0973463467 -1.032822576 -0.8282095325 0.2046130438 1.115555408 0.06423318851 0.1027164043 nan nan
15 76537 4936 4936 0 -0.8944474549 0.02928091366 -0.9513214823 -0.8675612953 0.08376018703 -1.03210096 -0.1387055082 0.8933954515 2.690181055 0.0550016338 0.7634069761 nan nan
16 42086 8788 8788 0 -0.1824104714 0.07054239638 -0.2127748976 -0.1397239817 0.07305091589 -0.9877261112 -0.05281330025 0.9349128109 -8.057928393 0.05409480792 0.8012327084 nan nan
17 49752 4181 4181 0 -0.9646429178 0.03213803931 -0.9975178157 -0.9102231469 0.08729466885 -1.029626834 -0.8276125597 0.2020142742 1.038487188 0.04672388005 0.1292460351 nan nan
18 122456 16364 16364 0 -0.9554079729 0.02774260124 -0.9822052794 -0.9086752226 0.0735300568 -0.9896114344 -0.250896322 0.7387151124 3.941687672 0.04067818589 0.692962016 nan nan
19 19853 1959 1958 1 -0.8446427086 0.1388822977 -0.9210669935 -0.8314923078 0.08957468564 -1.019432587 -0.05276686663 0.9666657202 4.658066788 0.1260077805 0.7879362331 nan nan
20 34315 1988 1987 1 -0.9226144772 0.04261862169 -0.9829881344 -0.8395457064 0.1434424279 -1.032728341 -0.8273640653 0.205364276 0.2634275237 0.09116592973 0.1057005811 nan nan
21 34650 1580 1580 0 -0.1158597378 0.2048888427 -0.8627347985 -0.05505630535 0.8076784932 -1.027438213 -0.05304384531 0.9743943672 -3.043498799 0.7882232924 0.9529267065 nan nan

K=22, phase=forward, parameter=e [-]
cluster representative_source n_cluster n_valid n_missing median std p05 p95 width90 minimum maximum range skewness error95 error_max angle_origin_deg angle_resultant
0 128106 30977 30977 0 0.6247112193 0.08385407046 0.5020863209 0.7432207777 0.2411344568 0.307042874 0.8054577252 0.4984148512 -0.4494276863 0.1531870491 0.3482304961 nan nan
1 22427 4532 4532 0 0.4830206206 0.05621399163 0.3771643526 0.5304362388 0.1532718862 0.1812165204 0.5358328063 0.3546162859 -1.037459767 0.0839892756 0.2799371077 nan nan
2 48712 7153 7153 0 0.4125133669 0.02775634225 0.3787335394 0.4673061015 0.08857256216 0.3468571376 0.5661881111 0.2193309735 0.7338054355 0.06026892032 0.1591509299 nan nan
3 221317 4360 4359 1 0.2635190107 0.06968607997 0.187831748 0.4681100006 0.2802782525 0.171052843 0.5670128556 0.3959600125 1.656767323 0.2047916456 0.3036945005 nan nan
4 52507 7046 7046 0 0.5987804338 0.06572983447 0.5020818037 0.6789968559 0.1769150522 0.1702432655 0.8377984961 0.6675552306 -1.452243109 0.1060421442 0.4378155101 nan nan
5 127595 3640 3639 1 0.3038389795 0.09797635482 0.2016566652 0.498834881 0.2971782158 0.1705844038 0.7205663889 0.5499819851 0.4488666897 0.2073002874 0.312137809 nan nan
6 30751 1700 1700 0 0.3927954232 0.0777776577 0.3556414837 0.6054756164 0.2498341327 0.3461726393 0.8096607621 0.4634881228 2.041484514 0.1804769601 0.3846621058 nan nan
7 8822 3016 3016 0 0.3474606411 0.0456885556 0.3055982214 0.450341809 0.1447435876 0.1862807331 0.5153228252 0.3290420921 1.315846721 0.1292354507 0.1755310748 nan nan
8 80817 7726 7726 0 0.4595790067 0.0302193167 0.4199080066 0.5124427453 0.09253473869 0.3177232409 0.6112569965 0.2935337555 0.05549229136 0.05381514536 0.1471817143 nan nan
9 172743 4506 4505 1 0.4987342666 0.1977544375 0.1818929941 0.7154970356 0.5336040415 0.1718972398 0.8521650137 0.6802677739 -0.04195863076 0.5393505666 0.549346321 nan nan
10 14142 8908 8908 0 0.4896298868 0.05673436376 0.3848271918 0.5462114085 0.1613842167 0.1793797446 0.5683851512 0.3890054066 -0.8594283144 0.09077994282 0.2962096417 nan nan
11 154309 27432 27432 0 0.326235485 0.04724012939 0.262501067 0.4182778673 0.1557768003 0.1705352549 0.5687824395 0.3982471845 0.4566089097 0.1006035572 0.2479126031 nan nan
12 98454 3052 3052 0 0.4021414956 0.07446290284 0.271496644 0.50832697 0.236830326 0.1739209576 0.5145196842 0.3405987266 -0.3065205416 0.1276009137 0.2251766001 nan nan
13 161476 25175 25172 3 0.7140107082 0.1197833728 0.4669444421 0.8142582654 0.3473138233 0.2007161778 0.8713080396 0.6705918618 -0.8448340121 0.1951272506 0.4318498832 nan nan
14 168732 15039 15039 0 0.4192998151 0.05883680193 0.2865437699 0.4707423507 0.1841985808 0.1723066007 0.5703371427 0.398030542 -1.76474452 0.1281732752 0.2383493341 nan nan
15 76537 4936 4936 0 0.342938052 0.05278247359 0.2842810217 0.4470732922 0.1627922705 0.1800733503 0.658102654 0.4780293037 0.699150468 0.1024808989 0.2998419759 nan nan
16 42086 8788 8788 0 0.5457346437 0.07178269237 0.4632957245 0.6555649284 0.192269204 0.1740052391 0.8710333686 0.6970281295 -0.1876917237 0.139965373 0.3603268494 nan nan
17 49752 4181 4181 0 0.4689167683 0.05671568636 0.3739132922 0.5197903106 0.1458770184 0.1701907883 0.5659313005 0.3957405122 -1.528920347 0.08237642236 0.2860091532 nan nan
18 122456 16364 16364 0 0.4539170357 0.04713163122 0.3710954707 0.4966135432 0.1255180725 0.1705447562 0.5079289129 0.3373841566 -1.786735558 0.06769491323 0.2639802226 nan nan
19 19853 1959 1958 1 0.2267675074 0.1079799304 0.1897426543 0.4697669023 0.280024248 0.1708431098 0.8711452963 0.7003021865 3.035232216 0.256067595 0.657445989 nan nan
20 34315 1988 1987 1 0.396960538 0.0842405594 0.2103959183 0.4978068661 0.2874109478 0.1692288258 0.5702003835 0.4009715577 -0.6687617564 0.1946567951 0.2358238875 nan nan
21 34650 1580 1580 0 0.7159425946 0.1526384764 0.3361008567 0.8655257102 0.5294248535 0.1733359682 0.8704757404 0.6971397721 -1.272367443 0.4818585996 0.644623488 nan nan

K=22, phase=forward, parameter=w [deg]
cluster representative_source n_cluster n_valid n_missing median std p05 p95 width90 minimum maximum range skewness error95 error_max angle_origin_deg angle_resultant
0 128106 30977 30977 0 -4.946706014 29.09041588 -23.24638864 48.06648591 71.31287454 -179.5609861 179.9467738 359.5077599 1.306122908 73.13575818 179.8466231 179.1948454 0.8987060182
1 22427 4532 4532 0 -2.661158383 24.37997648 -12.82159915 37.59521095 50.4168101 -178.5650772 179.9898971 358.5549742 3.508536638 45.11705791 179.3383805 305.645581 0.9377937295
2 48712 7153 7153 0 -2.168813865 21.96300092 -26.79026472 35.15683192 61.94709665 -177.6347815 177.778314 355.4130955 0.7621240094 55.84809312 173.7556703 201.6869499 0.9337840344
3 221317 4360 4359 1 -8.771673648 32.72333923 -27.58415444 76.44687357 104.031028 -178.46997 179.7867843 358.2567543 1.489530283 101.617642 179.998446 67.09546986 0.8614160974
4 52507 7046 7046 0 -5.583934457 40.06399466 -25.20357026 108.5981741 133.8017443 -179.8834384 178.9079255 358.7913639 1.572063317 127.6901069 179.8063307 194.166762 0.8303938975
5 127595 3640 3639 1 6.218089297 41.12673837 -56.30290436 67.89115128 124.1940556 -166.9174893 172.9081395 339.8256288 0.4508415451 72.406427 174.5372974 115.5578737 0.7837114533
6 30751 1700 1700 0 -6.182040154 32.44886789 -34.48697159 61.50998775 95.99695933 -175.4682351 177.9624979 353.430733 0.820747202 58.08315866 179.8402625 225.2796416 0.8603900429
7 8822 3016 3016 0 -3.590840898 23.54691931 -6.846769019 47.84665601 54.69342503 -175.0130617 175.6201061 350.6331678 0.2958824099 58.0266714 178.4108472 299.0317943 0.9418876925
8 80817 7726 7726 0 -2.358814726 25.5278576 -31.37503048 43.29319826 74.66822874 -170.0683153 172.6015284 342.6698437 0.8964256481 47.66910568 178.9647682 201.2560157 0.9102842826
9 172743 4506 4505 1 -13.93143767 66.85502268 -86.04984414 96.3401916 182.3900357 -163.5363749 176.4759576 340.0123326 0.07072562707 156.6378265 179.9928229 312.1109125 0.4239980277
10 14142 8908 8908 0 -1.023823631 18.07347547 -9.417691448 11.9756474 21.39333885 -171.5947426 171.2182346 342.8129772 3.002835129 17.09685726 175.8923918 303.6114984 0.9669735652
11 154309 27432 27432 0 -2.627430411 21.90867069 -21.83957489 34.35213082 56.1917057 -178.6454745 179.9527646 358.598239 -0.01258824616 55.34251712 179.1680411 18.24717299 0.9392543141
12 98454 3052 3052 0 -7.362467507 45.14705464 -27.47727558 77.62023882 105.0975144 -179.0185184 179.4126725 358.4311909 1.674022532 122.1276121 179.3235673 346.9851129 0.8013170696
13 161476 25175 25172 3 -16.62266966 59.18520244 -46.30484989 109.811408 156.1162579 -179.8982967 179.9573485 359.8556452 0.3908957233 131.9548747 179.8370834 205.8827442 0.5897530405
14 168732 15039 15039 0 -4.562390872 27.50031276 -18.59007593 32.98390495 51.57398088 -179.9873896 179.9878586 359.9752482 2.074632657 51.92129021 179.3706374 11.42218303 0.9144665351
15 76537 4936 4936 0 -3.859169484 24.26083321 -17.41035894 36.16042151 53.57078045 -179.4042975 175.639727 355.0440245 1.575969488 43.85398481 178.9460027 312.0081876 0.9308286779
16 42086 8788 8788 0 -14.97570101 44.62701848 -36.26691845 95.60738449 131.8743029 -173.2891188 179.2078278 352.4969466 0.9380518454 130.0051578 179.987596 204.1569552 0.7544983955
17 49752 4181 4181 0 -2.100390003 28.73965216 -20.19548012 27.34757949 47.54305961 -179.2517136 159.4546767 338.7063903 2.600777941 89.88258748 170.0496451 317.1502811 0.9070970095
18 122456 16364 16364 0 -3.490673175 23.81633688 -18.80771891 36.97251984 55.78023875 -174.2572871 179.3613632 353.6186504 1.526612839 52.77247253 179.7621968 12.93432919 0.9341017914
19 19853 1959 1958 1 -0.1535645934 57.06469696 -146.5651806 76.28617417 222.8513548 -177.9499515 165.2155478 343.1654993 -0.9325732871 142.8376673 172.825241 162.5542297 0.6801975124
20 34315 1988 1987 1 -2.561253743 35.49655869 -54.97569069 45.76689572 100.7425864 -178.4754435 177.5975709 356.0730144 -1.180965359 65.39786347 172.9155341 48.82851489 0.8622026104
21 34650 1580 1580 0 -5.39873009 54.22530941 -129.0238859 94.22468345 223.2485693 -179.3098572 176.8809881 356.1908453 -0.2376436483 133.9376512 179.2738738 277.1295164 0.7033521052

K=24, STD=0.01258518583
n = trajectories per cluster; conditions overlap.
n = 1: clusters=0/24 (0.00%); trajectories=0/194058 (0.00%)
n < 10: clusters=0/24 (0.00%); trajectories=0/194058 (0.00%)
n < 100: clusters=0/24 (0.00%); trajectories=0/194058 (0.00%)

K=24, phase=backward, parameter=eps [km^2/s^2]
cluster representative_source n_cluster n_valid n_missing median std p05 p95 width90 minimum maximum range skewness error95 error_max angle_origin_deg angle_resultant
0 127235 30241 30241 0 -0.1105307338 0.02544436474 -0.1589903692 -0.07674115779 0.08224921137 -0.2062126874 -0.05268666046 0.153526027 -0.6794506309 0.0588453359 0.1060676542 nan nan
1 22427 4532 4532 0 -0.95218156 0.01485504512 -0.9761309411 -0.9307746427 0.04535629843 -0.9837976931 -0.9161824583 0.06761523479 -0.1092347731 0.02600584752 0.03433787889 nan nan
2 30751 1720 1720 0 -0.8411611599 0.01480208041 -0.8742738344 -0.8284386709 0.04583516355 -0.9013732586 -0.8272587452 0.07411451338 -0.8199056709 0.03564880858 0.06274823278 nan nan
3 221317 4359 4359 0 -0.2113878961 0.0368724087 -0.2484260714 -0.1340362145 0.1143898569 -0.2514873919 -0.1096031292 0.1418842626 0.6377227863 0.07733195457 0.1017650398 nan nan
4 58136 12618 12618 0 -0.9481500496 0.01639337916 -0.9719449827 -0.9224008286 0.04954415411 -1.032725041 -0.855178302 0.1775467385 0.3929852248 0.02732749853 0.09062403299 nan nan
5 127595 3634 3634 0 -0.1341357201 0.04852594605 -0.2081775703 -0.0558621968 0.1523153735 -0.2211817588 -0.05271329248 0.1684684663 0.1139551999 0.09028845054 0.09343735485 nan nan
6 22050 1724 1724 0 -0.8433682811 0.0127803756 -0.8717251369 -0.8331775843 0.03854755261 -1.029219855 -0.8281073239 0.2011125312 -3.806517659 0.02895956026 0.1864542784 nan nan
7 8822 3027 3027 0 -0.9362859207 0.02394939119 -0.9731111618 -0.8978598196 0.07525134211 -0.983407574 -0.8659559972 0.1174515768 0.07193385557 0.04179178726 0.07334464934 nan nan
8 67258 1765 1765 0 -0.9802325382 0.005752318674 -0.9872055487 -0.9754747198 0.01173082886 -1.032861257 -0.9721555214 0.06070573559 -4.529078408 0.007034267853 0.05268321447 nan nan
9 172743 4524 4524 0 -0.2442591672 0.01230067129 -0.2515292634 -0.2141950776 0.03733418588 -0.2527590311 -0.1793252113 0.07343381985 1.35996974 0.03119466101 0.06606452729 nan nan
10 14142 8908 8908 0 -0.8957089514 0.01697393706 -0.9247834986 -0.870505743 0.05427775563 -0.930538211 -0.8425674903 0.08797072066 -0.09041847157 0.02935900234 0.05579268262 nan nan
11 154309 27407 27407 0 -0.2145466296 0.02622770597 -0.2404600532 -0.1604428314 0.08001722179 -0.2514649332 -0.1080291318 0.1434358014 0.6867636935 0.06031469953 0.1127283992 nan nan
12 99245 2857 2857 0 -0.9245505967 0.03392357745 -0.9714190084 -0.8672967739 0.1041222345 -0.9838862117 -0.8502124152 0.1336737964 0.1647690251 0.05607348414 0.06686821055 nan nan
13 152421 1802 1802 0 -0.1666181629 0.03114304924 -0.2021670042 -0.1143046746 0.08786232959 -0.2413780044 -0.1125412434 0.1288367609 0.1552774872 0.05278738051 0.07460921332 nan nan
14 168732 15039 15039 0 -0.216967264 0.01142351296 -0.2321459338 -0.195792297 0.03635363679 -0.252119558 -0.1661069724 0.08601258558 0.2246535239 0.02578716091 0.05300123441 nan nan
15 76537 4874 4874 0 -1.002586592 0.01215902129 -1.017485506 -0.9794756802 0.03800982608 -1.032726459 -0.9747855988 0.05794086046 0.2984722261 0.03211347455 0.03680355602 nan nan
16 42086 8714 8714 0 -0.8852715755 0.02080607455 -0.9191318213 -0.8559237965 0.06320802478 -0.9344903854 -0.828650967 0.1058394184 -0.07624305323 0.0404748014 0.0677476309 nan nan
17 49752 4179 4179 0 -0.9946136452 0.008253724137 -1.005979006 -0.9787421822 0.02723682424 -1.032259749 -0.9748154319 0.0574443166 0.2329004212 0.02080134952 0.03277280492 nan nan
18 122456 16361 16361 0 -0.1635460445 0.02166549936 -0.1999810755 -0.1319802291 0.06800084636 -0.207873619 -0.05273741919 0.1551361998 -0.05301969976 0.03696223427 0.1135305657 nan nan
19 30062 576 576 0 -0.8348424095 0.01189067262 -0.8664263068 -0.8276207115 0.03880559538 -0.8878570321 -0.8273098337 0.06054719847 -1.591451671 0.03102695206 0.05245767736 nan nan
20 34315 1953 1953 0 -0.9276762824 0.03949948798 -0.9886451235 -0.8658414138 0.1228037096 -1.032801629 -0.8475233157 0.1852783132 0.02450360655 0.06329560498 0.1055409757 nan nan
21 34650 1529 1529 0 -0.8532988254 0.03525150613 -0.9631600067 -0.8427902735 0.1203697333 -1.013904651 -0.8295389212 0.18436573 -2.490920177 0.1119453574 0.1626900019 nan nan
22 49623 7589 7589 0 -0.8848147812 0.0193237384 -0.9164928714 -0.8553697083 0.06112316308 -0.9880099564 -0.8488704886 0.1391394679 -0.1265225458 0.03913822594 0.09367041029 nan nan
23 161185 24126 24126 0 -0.1712907425 0.02325187857 -0.2043313531 -0.1271500168 0.0771813363 -0.2342910087 -0.1140918622 0.1201991465 0.2710207338 0.04736532176 0.06028747383 nan nan

K=24, phase=backward, parameter=e [-]
cluster representative_source n_cluster n_valid n_missing median std p05 p95 width90 minimum maximum range skewness error95 error_max angle_origin_deg angle_resultant
0 127235 30241 30241 0 0.7287270336 0.06395372101 0.6058358638 0.8123423984 0.2065065346 0.4806100146 0.8713416162 0.3907316015 -0.733244297 0.1487704247 0.2739962738 nan nan
1 22427 4532 4532 0 0.448445824 0.02470093627 0.411664106 0.4871079433 0.07544383727 0.3854579941 0.4990063001 0.1135483061 0.0551756008 0.04244304973 0.060207615 nan nan
2 30751 1720 1720 0 0.2149601435 0.04110419377 0.1731515685 0.3001246756 0.1269731071 0.1687973804 0.3563919371 0.1875945567 0.5956148536 0.09255001659 0.1488172781 nan nan
3 221317 4359 4359 0 0.4682005776 0.10009797 0.3595922141 0.6705730867 0.3109808726 0.3503572148 0.7314977701 0.3811405552 0.5536003356 0.2015771227 0.2625018061 nan nan
4 58136 12618 12618 0 0.4418218331 0.02810931815 0.3968253276 0.4806133724 0.08378804476 0.2541566755 0.5702043312 0.3160476557 -0.6822094729 0.04552325317 0.1836966822 nan nan
5 127595 3634 3634 0 0.669562073 0.1229583101 0.4768360957 0.8635853941 0.3867492984 0.4389678398 0.8712782905 0.4323104507 0.07308540501 0.2243411162 0.2320340125 nan nan
6 22050 1724 1724 0 0.2215568484 0.03216641542 0.1895643232 0.29431446 0.1047501368 0.1720293297 0.5653666074 0.3933372777 2.501970531 0.07448683396 0.3455389814 nan nan
7 8822 3027 3027 0 0.4214660915 0.0422049805 0.3496341618 0.4823418803 0.1327077185 0.2804295175 0.4983652407 0.2179357232 -0.1872009806 0.07689417088 0.1460988151 nan nan
8 67258 1765 1765 0 0.4935737814 0.008635909369 0.4861383354 0.504263709 0.01812537363 0.4809826619 0.5703882386 0.08940557671 4.24837752 0.01081213753 0.07691451023 nan nan
9 172743 4524 4524 0 0.3723673904 0.03583098607 0.350120872 0.4587927554 0.1086718833 0.3462129696 0.5549425557 0.2087295861 1.304076848 0.09054480281 0.1866946031 nan nan
10 14142 8908 8908 0 0.3453652773 0.03435908186 0.2910189136 0.4009293186 0.109910405 0.2182562001 0.4112630623 0.1930068622 -0.02773442231 0.05978858079 0.1324893184 nan nan
11 154309 27407 27407 0 0.4591073192 0.07138978789 0.3842573002 0.6023232412 0.218065941 0.350407497 0.7354146975 0.3850072005 0.6106340648 0.1615775941 0.2946690504 nan nan
12 99245 2857 2857 0 0.4006376603 0.06358175147 0.2837045549 0.4798339129 0.196129358 0.2410331961 0.4992519153 0.2582187192 -0.3286370057 0.1047166816 0.1461000123 nan nan
13 152421 1802 1802 0 0.58695639 0.08027652602 0.4933205861 0.7192783113 0.2259577252 0.3802823781 0.7236261954 0.3433438173 0.1219372082 0.1335199116 0.2062853185 nan nan
14 168732 15039 15039 0 0.4522037396 0.0318724464 0.4081291099 0.5097784466 0.1016493367 0.3479116145 0.5892083861 0.2412967716 0.1068889729 0.07161412051 0.1434211986 nan nan
15 76537 4874 4874 0 0.5272599728 0.01804914184 0.4923782794 0.548825577 0.05644729755 0.4851352643 0.5702076526 0.08507238838 -0.3328385894 0.04802793997 0.05527095513 nan nan
16 42086 8714 8714 0 0.3239765581 0.04455398414 0.2558226723 0.3907413452 0.1349186729 0.1741773924 0.4180200045 0.2438426121 -0.07540327635 0.09118156377 0.1728268438 nan nan
17 49752 4179 4179 0 0.5154614252 0.01242697824 0.491202226 0.5322515254 0.04104929931 0.4851779411 0.5695487871 0.08437084598 -0.2724751372 0.03152707801 0.04686809672 nan nan
18 122456 16361 16361 0 0.5945025741 0.05611061407 0.4985874626 0.6748859494 0.1762984868 0.4772165083 0.8712211021 0.3940045938 -0.08755042911 0.0958756906 0.283722646 nan nan
19 30062 576 576 0 0.1955383267 0.03401752058 0.1701831292 0.2810843658 0.1109012366 0.1689586571 0.3296597904 0.1607011333 1.253061828 0.08364604426 0.1322214689 nan nan
20 34315 1953 1953 0 0.406364502 0.07230587298 0.2804012668 0.5064645894 0.2260633227 0.2332802667 0.5703028197 0.3370225531 -0.2028604859 0.1255399118 0.1721902611 nan nan
21 34650 1529 1529 0 0.249063083 0.07050558348 0.2199956564 0.4665836656 0.2465880092 0.1774377329 0.5437616093 0.3663238764 2.306054829 0.2230024022 0.3001803459 nan nan
22 49623 7589 7589 0 0.3230858231 0.04134914875 0.2543430838 0.3859069051 0.1315638213 0.2369659788 0.5055022087 0.2685362299 -0.04186776511 0.08869007365 0.1626144235 nan nan
23 161185 24126 24126 0 0.5750757236 0.06027989393 0.4872469644 0.6872148285 0.1999678641 0.4012218082 0.7197896696 0.3185678614 0.2165196556 0.1212081187 0.1666278654 nan nan

K=24, phase=backward, parameter=w [deg]
cluster representative_source n_cluster n_valid n_missing median std p05 p95 width90 minimum maximum range skewness error95 error_max angle_origin_deg angle_resultant
0 127235 30241 30241 0 -1.42327214 4.891677253 -5.694108946 10.55954725 16.2536562 -9.256497848 14.060276 23.31677384 1.007104245 13.18181345 16.68254219 16.75920592 0.9963626054
1 22427 4532 4532 0 -0.7616733668 5.208608406 -4.743592374 16.85047613 21.5940685 -14.46280008 26.51430181 40.9771019 2.801511508 18.93720758 28.60103327 187.0295641 0.9959006396
2 30751 1720 1720 0 7.335944135 16.63534603 -31.38755649 15.77896766 47.16652415 -32.53352515 16.14785451 48.68137966 -0.7396546728 40.55227493 41.69824358 199.7313986 0.9584517632
3 221317 4359 4359 0 -3.09744325 7.816141942 -7.687416215 13.42910547 21.11652169 -8.170068788 14.35582208 22.52589087 0.6525558735 19.13404065 20.06075726 15.94081777 0.9907220457
4 58136 12618 12618 0 -0.005873551012 5.158917689 -7.695058914 8.497157054 16.19221597 -29.11695964 16.32334963 45.44030926 -0.007619298146 10.59412254 27.16709603 200.1299407 0.9959573006
5 127595 3634 3634 0 2.760081209 5.983109939 -9.057320256 8.094562666 17.15188292 -9.334810588 14.23683327 23.57164386 -0.3403555563 12.1031235 12.38061384 16.86006284 0.9945575463
6 22050 1724 1724 0 1.147989247 7.713029684 -14.96544293 14.20416368 29.16960661 -31.97820411 16.55328578 48.53148989 -0.9682342575 17.37990964 34.39267082 199.4718207 0.9910166731
7 8822 3027 3027 0 -1.90319439 7.016955492 -3.739859506 21.7151615 25.455021 -4.2048942 34.39230145 38.59719565 3.278553141 23.99481301 36.67195297 182.4315636 0.9926231936
8 67258 1765 1765 0 0.004290326792 3.181532116 -4.220869843 4.696141079 8.917010922 -21.98931207 6.697820985 28.68713305 -1.456604806 6.281162032 20.65563033 196.0954039 0.9984626335
9 172743 4524 4524 0 1.168683555 6.228000083 -11.68441785 7.765194979 19.44961283 -14.62094007 8.070852847 22.69179292 -0.5209930763 15.49572136 18.43224359 22.8791743 0.9941050621
10 14142 8908 8908 0 0.06813447326 3.778153484 -5.718551357 5.435836582 11.15438794 -20.88679628 28.64256962 49.5293659 0.7613129591 6.02474572 29.03591109 188.1730236 0.9978331766
11 154309 27407 27407 0 1.147272855 6.164502829 -10.16818026 7.318806012 17.48698627 -12.98854901 10.43799757 23.42654658 -0.3539104916 15.86798292 18.68835166 20.64835907 0.9942215548
12 99245 2857 2857 0 2.846858514 10.00419436 -15.00428671 12.56101385 27.56530056 -37.22936343 13.03045576 50.2598192 -0.3239381281 24.71898451 46.94406123 204.3287696 0.9848226398
13 152421 1802 1802 0 -0.2168016418 3.052541294 -4.823222848 7.278885199 12.10210805 -9.408613717 11.34142385 20.75003756 1.35551701 7.348146045 11.10900987 19.07751192 0.9985831018
14 168732 15039 15039 0 0.5136382501 4.169649554 -7.426135307 5.00730669 12.433442 -13.03435972 9.945811934 22.98017165 -0.5465528962 9.886170981 15.49439539 21.15754686 0.9973555129
15 76537 4874 4874 0 -0.5157529752 6.797112135 -9.550861806 11.73117872 21.28204052 -11.28850102 14.262521 25.55102202 0.2567977101 11.36020697 13.2688877 190.661801 0.9929792205
16 42086 8714 8714 0 -1.702490162 6.597089526 -6.736385942 12.67324571 19.40963165 -34.85313517 15.00817629 49.86131146 -0.3584983531 13.97757787 33.78365065 201.984858 0.9934235518
17 49752 4179 4179 0 -0.9794544741 4.981759679 -6.677644162 9.808776738 16.4864209 -15.971752 13.50248849 29.47424049 0.6141350204 12.72047045 16.4136064 190.7539641 0.9962263239
18 122456 16361 16361 0 -0.02378717153 1.844400582 -2.399590962 2.358325488 4.75791645 -15.41695211 7.958784157 23.37573627 -1.650203961 3.054203687 15.70299555 22.96662307 0.9994827708
19 30062 576 576 0 3.111925055 14.98051717 -27.52811288 17.72621524 45.25432812 -31.05418851 19.09649715 50.15068567 -0.5372850161 38.83180432 42.35787995 198.133198 0.9662126073
20 34315 1953 1953 0 -1.554590743 7.827052333 -5.417581335 19.51322897 24.93081031 -28.34771292 22.04953288 50.39724579 0.8055311129 23.84694633 25.36397253 195.4052851 0.9907608622
21 34650 1529 1529 0 1.107462183 6.053558549 -13.08018124 9.562016046 22.64219728 -35.40886912 10.80598138 46.2148505 -1.031699157 14.75273382 37.0814217 205.9801189 0.9944424702
22 49623 7589 7589 0 0.6373941249 5.163571924 -7.252487163 5.00072686 12.25321402 -37.13846991 13.30496841 50.44343832 -3.805949474 8.126799468 37.56625438 204.3752429 0.9960121177
23 161185 24126 24126 0 -0.3874894002 3.945875733 -5.310543058 10.74855198 16.05909504 -9.935715974 13.29880856 23.23452453 1.417587802 9.793735925 11.99506323 17.65388265 0.9976341051

K=24, phase=forward, parameter=eps [km^2/s^2]
cluster representative_source n_cluster n_valid n_missing median std p05 p95 width90 minimum maximum range skewness error95 error_max angle_origin_deg angle_resultant
0 127235 30241 30241 0 -0.1512927686 0.03011901741 -0.1963862611 -0.1048054533 0.09158080782 -0.8775143532 -0.09322217553 0.7842921777 -0.4828200473 0.0573780671 0.7385061592 nan nan
1 22427 4532 4532 0 -0.9734913894 0.03322412434 -1.004738683 -0.9119566515 0.09278203204 -1.008435512 -0.8308364273 0.1775990843 0.7354474167 0.04821705179 0.1290616501 nan nan
2 30751 1720 1720 0 -0.2373859671 0.03004107076 -0.2498096929 -0.1537753763 0.09603431656 -0.2527828516 -0.07789858299 0.1748842686 2.132146122 0.0732398076 0.1491166009 nan nan
3 221317 4359 4359 0 -0.8589379876 0.03379076057 -0.9641478689 -0.8327388535 0.1314090154 -1.030434577 -0.8278679467 0.2025666305 -2.16486117 0.1052866109 0.1715733192 nan nan
4 58136 12618 12618 0 -0.2018375073 0.03527164764 -0.2254936405 -0.1396416798 0.08585196068 -0.8540137839 -0.06641807564 0.7875957083 -6.459094435 0.06043324011 0.6540912846 nan nan
5 127595 3634 3633 1 -0.8755684076 0.05337647741 -0.9829285781 -0.8365016206 0.1464269575 -1.03264743 -0.1137687478 0.9188786823 2.207037353 0.09290349729 0.8151398645 nan nan
6 22050 1724 1723 1 -0.8432226911 0.1159905301 -0.8962368145 -0.8327216971 0.06351511744 -1.027438213 -0.05276686663 0.9746713459 5.726352616 0.08457620762 0.7876192784 nan nan
7 8822 3027 3027 0 -0.8966548914 0.02458852995 -0.9531793519 -0.8766338766 0.07654547533 -0.9945256716 -0.8320477918 0.1624778798 -1.850336223 0.06021929263 0.1015517828 nan nan
8 67258 1765 1765 0 -0.1520824402 0.08195387186 -0.2102037363 -0.1285400125 0.08166372384 -0.8983375977 -0.05884921902 0.8394883787 -7.381452527 0.0650198141 0.7524035277 nan nan
9 172743 4524 4523 1 -0.2001506707 0.3360056198 -0.8567886818 -0.1158280289 0.7409606529 -0.9061959726 -0.07181052377 0.8343854488 -0.325155818 0.7432762225 0.7926835133 nan nan
10 14142 8908 8908 0 -0.9777496008 0.03441157748 -1.01564875 -0.916062483 0.09958626737 -1.031401665 -0.8303055485 0.201096116 0.5756879124 0.05281832794 0.1385634152 nan nan
11 154309 27407 27407 0 -0.8862864977 0.02341885109 -0.934388851 -0.858564133 0.07582471804 -1.031707359 -0.2068452183 0.8248621407 0.1361610551 0.05177896349 0.6769545151 nan nan
12 99245 2857 2857 0 -0.922852621 0.03992562941 -0.9895582092 -0.8613895525 0.1281686568 -0.9939867236 -0.8285734072 0.1654133165 -0.0249114473 0.06903810939 0.09426342634 nan nan
13 152421 1802 1802 0 -0.2416593208 0.01215055506 -0.2518509332 -0.2158575936 0.03599333967 -0.252502972 -0.1913148854 0.06118808659 0.8990834629 0.02370878152 0.04825148967 nan nan
14 168732 15039 15039 0 -0.935004507 0.02981065579 -0.9657390342 -0.8683926875 0.0973463467 -1.032822576 -0.8282095325 0.2046130438 1.115555408 0.06423318851 0.1027164043 nan nan
15 76537 4874 4874 0 -0.8942712449 0.03040150714 -0.947260774 -0.867631815 0.07962895891 -1.03210096 -0.2512985392 0.7808024205 5.307319291 0.04921016519 0.6508139451 nan nan
16 42086 8714 8714 0 -0.182040215 0.07121635775 -0.2126265903 -0.1390215789 0.07360501143 -0.9877261112 -0.05281330025 0.9349128109 -7.987943013 0.05529037867 0.8012327084 nan nan
17 49752 4179 4179 0 -0.9646682256 0.032075364 -0.9975181313 -0.9104223462 0.08709578506 -1.029626834 -0.8276125597 0.2020142742 1.034058037 0.04661419189 0.1292460351 nan nan
18 122456 16361 16361 0 -0.9554140331 0.02608011928 -0.9822062099 -0.9086935464 0.07351266355 -0.9896114344 -0.8277199769 0.1618914575 1.228768678 0.04066407811 0.1161383611 nan nan
19 30062 576 576 0 -0.9254379441 0.07719273172 -0.9917089884 -0.8494675483 0.1422414401 -0.9933002974 -0.1385058546 0.8547944428 6.160107221 0.07453037994 0.779122025 nan nan
20 34315 1953 1952 1 -0.9224222362 0.04240883383 -0.9818396955 -0.8396140118 0.1422256837 -1.032728341 -0.8273640653 0.205364276 0.2636648103 0.09110863472 0.1057005811 nan nan
21 34650 1529 1529 0 -0.1134600831 0.138469217 -0.1974732773 -0.05502577065 0.1424475067 -0.9430517576 -0.05304384531 0.8900079123 -4.759152811 0.1229617712 0.8685402515 nan nan
22 49623 7589 7589 0 -0.2303677794 0.009563626534 -0.2422603281 -0.2117665189 0.0304938092 -0.2524932782 -0.1750066737 0.07748660453 0.749290623 0.02025625443 0.05700809905 nan nan
23 161185 24126 24122 4 -0.1133039864 0.04506004482 -0.2028478047 -0.07572189928 0.1271259054 -0.8443471414 -0.05270234629 0.7916447951 -3.295250164 0.06726164128 0.7079658662 nan nan

K=24, phase=forward, parameter=e [-]
cluster representative_source n_cluster n_valid n_missing median std p05 p95 width90 minimum maximum range skewness error95 error_max angle_origin_deg angle_resultant
0 127235 30241 30241 0 0.6265063803 0.07627817572 0.508931786 0.7429695181 0.2340377321 0.307042874 0.77198889 0.464946016 -0.06552940419 0.1486561677 0.3505450797 nan nan
1 22427 4532 4532 0 0.4830206206 0.05621399163 0.3771643526 0.5304362388 0.1532718862 0.1812165204 0.5358328063 0.3546162859 -1.037459767 0.0839892756 0.2799371077 nan nan
2 30751 1720 1720 0 0.3935758769 0.08218570728 0.3557081828 0.6198069013 0.2640987185 0.3461726393 0.8096607621 0.4634881228 1.981232989 0.194808245 0.3846621058 nan nan
3 221317 4359 4359 0 0.2635190107 0.06968607997 0.187831748 0.4681100006 0.2802782525 0.171052843 0.5670128556 0.3959600125 1.656767323 0.2047916456 0.3036945005 nan nan
4 58136 12618 12618 0 0.4939093685 0.07461326356 0.4282032502 0.6554571991 0.2272539489 0.1702432655 0.8377984961 0.6675552306 0.570062861 0.1572934333 0.3391783516 nan nan
5 127595 3634 3633 1 0.3033764137 0.09755819436 0.2015999879 0.4978452493 0.2962452613 0.1705844038 0.7205663889 0.5499819851 0.4388129151 0.2071173819 0.312137809 nan nan
6 22050 1724 1723 1 0.2231529309 0.09308618188 0.1893978735 0.4013476424 0.2119497689 0.1708431098 0.8711452963 0.7003021865 4.167641541 0.1885983376 0.6583959915 nan nan
7 8822 3027 3027 0 0.3472738078 0.04651067779 0.3048775275 0.4503160672 0.1454385398 0.1862807331 0.5153228252 0.3290420921 1.137800079 0.1322626881 0.1755310748 nan nan
8 67258 1765 1765 0 0.6240543672 0.08021972328 0.4698434288 0.6835783384 0.2137349096 0.1699981667 0.8563122445 0.6863140778 -1.962302175 0.1708852923 0.469712649 nan nan
9 172743 4524 4523 1 0.4988085753 0.1971678337 0.1819041584 0.7154414564 0.533537298 0.1718972398 0.824591781 0.6526945412 -0.0485721055 0.5393394023 0.549346321 nan nan
10 14142 8908 8908 0 0.4896298868 0.05673436376 0.3848271918 0.5462114085 0.1613842167 0.1793797446 0.5683851512 0.3890054066 -0.8594283144 0.09077994282 0.2962096417 nan nan
11 154309 27407 27407 0 0.3262058138 0.04725242713 0.2624882852 0.4183029504 0.1558146652 0.1705352549 0.5687824395 0.3982471845 0.4580286715 0.1006083726 0.2479126031 nan nan
12 99245 2857 2857 0 0.3977053631 0.07463241011 0.2698304452 0.5078252321 0.2379947868 0.1739209576 0.5145196842 0.3405987266 -0.2531044561 0.1276313922 0.2235408798 nan nan
13 152421 1802 1802 0 0.3798740905 0.03557566483 0.3490930564 0.4540453535 0.1049522971 0.3470213037 0.5233587346 0.1763374309 0.8574092006 0.06843137588 0.137744757 nan nan
14 168732 15039 15039 0 0.4192998151 0.05883680193 0.2865437699 0.4707423507 0.1841985808 0.1723066007 0.5703371427 0.398030542 -1.76474452 0.1281732752 0.2383493341 nan nan
15 76537 4874 4874 0 0.3426086983 0.05030643779 0.2844339418 0.4403035131 0.1558695713 0.1800733503 0.5693491207 0.3892757704 0.5985600431 0.09252946609 0.2110884426 nan nan
16 42086 8714 8714 0 0.5465705398 0.07230920804 0.4637499612 0.6576912231 0.1939412618 0.1740052391 0.8710333686 0.6970281295 -0.2053054615 0.1426932138 0.3603268494 nan nan
17 49752 4179 4179 0 0.4689614154 0.05656565464 0.3742983404 0.5197910229 0.1454926825 0.1701907883 0.5659313005 0.3957405122 -1.522461013 0.08224137402 0.2860091532 nan nan
18 122456 16361 16361 0 0.4539216569 0.04711917775 0.3711328426 0.4966152252 0.1254823826 0.1705447562 0.5079289129 0.3373841566 -1.78816109 0.06766552861 0.2639802226 nan nan
19 30062 576 576 0 0.4055756621 0.08726981901 0.2393040489 0.5112461555 0.2719421066 0.1879810555 0.6586051594 0.4706241039 -0.2808629308 0.1487852458 0.270704859 nan nan
20 34315 1953 1952 1 0.3967264689 0.0838616947 0.2105567833 0.4960830144 0.285526231 0.1692288258 0.5702003835 0.4009715577 -0.6704373046 0.19449593 0.2358238875 nan nan
21 34650 1529 1529 0 0.7217210671 0.1235093406 0.5052497995 0.865623154 0.3603733546 0.1733359682 0.8704757404 0.6971397721 -1.420826203 0.3127096568 0.644623488 nan nan
22 49623 7589 7589 0 0.4140185871 0.02767211148 0.3789995174 0.4677332089 0.08873369151 0.3468571376 0.5661881111 0.2193309735 0.6668175189 0.05908334464 0.157396333 nan nan
23 161185 24126 24122 4 0.7218904908 0.1047552384 0.491102716 0.8147988585 0.3236961425 0.2007161778 0.8713080396 0.6705918618 -0.7680100696 0.1729062398 0.462841871 nan nan

K=24, phase=forward, parameter=w [deg]
cluster representative_source n_cluster n_valid n_missing median std p05 p95 width90 minimum maximum range skewness error95 error_max angle_origin_deg angle_resultant
0 127235 30241 30241 0 -4.491245104 26.82560648 -22.32624265 42.18756453 64.51380718 -178.6569347 173.5761982 352.2331329 1.637598686 64.63541225 179.9747729 178.2907941 0.9126754231
1 22427 4532 4532 0 -2.661158383 24.37997648 -12.82159915 37.59521095 50.4168101 -178.5650772 179.9898971 358.5549742 3.508536638 45.11705791 179.3383805 305.645581 0.9377937295
2 30751 1720 1720 0 -6.416930785 32.4061875 -35.07287303 62.57173216 97.64460519 -176.1348844 177.2958486 353.430733 0.9727604746 58.93854573 179.8402625 225.946291 0.8582928729
3 221317 4359 4359 0 -8.771673648 32.72333923 -27.58415444 76.44687357 104.031028 -178.46997 179.7867843 358.2567543 1.489530283 101.617642 179.998446 67.09546986 0.8614160974
4 58136 12618 12618 0 -5.627675346 30.22821901 -27.25145304 49.54666872 76.79812175 -179.8340795 178.1877362 358.0218157 1.502604942 75.16014848 179.382723 196.0955874 0.887209144
5 127595 3634 3633 1 6.217083269 41.10562687 -56.36593699 67.84279569 124.2087327 -166.9748364 172.8507924 339.8256288 0.4500674953 72.43863015 174.5372974 115.6152207 0.7839752077
6 22050 1724 1723 1 -3.294257639 30.48109763 -29.43305205 69.24057182 98.67362387 -177.9800808 177.3299635 355.3100443 1.342216516 84.63505601 174.0392391 167.2743147 0.8921339945
7 8822 3027 3027 0 -3.737664189 23.77535311 -7.038238306 49.00139191 56.03963022 -175.2046807 175.4284871 350.6331678 0.3159724902 58.64148756 178.4108472 299.2234133 0.9403025374
8 67258 1765 1765 0 -7.6927027 46.56124301 -23.02727454 124.5888681 147.6161427 -176.4487732 173.9611505 350.4099237 1.256240344 143.5135232 179.6630832 209.6198331 0.7773327993
9 172743 4524 4523 1 -14.12606676 66.79774197 -85.58012161 96.55569997 182.1358216 -163.008598 177.0037346 340.0123326 0.07780872003 156.4328427 179.9928229 311.5831356 0.425032628
10 14142 8908 8908 0 -1.023823631 18.07347547 -9.417691448 11.9756474 21.39333885 -171.5947426 171.2182346 342.8129772 3.002835129 17.09685726 175.8923918 303.6114984 0.9669735652
11 154309 27407 27407 0 -2.632205434 21.91369838 -21.83452172 34.3634794 56.19800112 -178.6393678 179.9588713 358.598239 -0.01228663799 55.34580907 179.1680411 18.24106631 0.9392314728
12 99245 2857 2857 0 -6.314680973 44.26787343 -25.0258982 78.56255141 103.5884496 -179.9806517 178.2667688 358.2474205 1.604766159 86.3078562 179.8690399 344.1770321 0.8152338432
13 152421 1802 1802 0 -5.37568406 43.3590291 -43.00305941 104.7077387 147.7107981 -48.30659311 175.8208923 224.1274854 1.369294793 134.100632 179.8420914 255.3685958 0.7734543414
14 168732 15039 15039 0 -4.562390872 27.50031276 -18.59007593 32.98390495 51.57398088 -179.9873896 179.9878586 359.9752482 2.074632657 51.92129021 179.3706374 11.42218303 0.9144665351
15 76537 4874 4874 0 -3.407394856 22.61010144 -16.72625718 33.61734731 50.34360449 -178.6991757 176.3448488 355.0440245 1.462003475 40.14001065 178.9460027 311.3030658 0.9405135263
16 42086 8714 8714 0 -14.89663529 44.71481883 -37.00244226 94.83791119 131.8403535 -174.2344297 178.2625169 352.4969466 0.9111462968 130.1299696 179.987596 205.1022661 0.7532052293
17 49752 4179 4179 0 -2.115733671 28.72092032 -20.19868921 27.34499181 47.54368102 -179.2694223 159.436968 338.7063903 2.609464861 90.4021084 170.0496451 317.1679898 0.9072321295
18 122456 16361 16361 0 -3.490863566 23.81839572 -18.80850929 36.97522927 55.78373856 -174.2579747 179.3606757 353.6186504 1.526398537 52.77634798 179.7621968 12.93501674 0.9340904153
19 30062 576 576 0 -5.835932866 45.3328405 -31.03476914 125.8505744 156.8853436 -56.61360374 179.6540276 236.2676313 1.85407642 149.391737 177.1265897 33.02160797 0.774333613
20 34315 1953 1952 1 -2.575314761 34.02998025 -53.8629294 45.72188855 99.58481795 -178.470121 160.3052875 338.7754085 -1.190989473 63.6390766 169.7868601 48.82319243 0.8701479713
21 34650 1529 1529 0 -5.666801992 47.17504369 -31.92515446 95.24010722 127.1652617 -176.8330753 178.399685 355.2327603 0.2022390672 134.3325033 179.2738738 279.4199741 0.7733540275
22 49623 7589 7589 0 -2.292697441 21.92987645 -26.77114416 35.1875132 61.95865737 -177.2108254 178.2022701 355.4130955 0.7540264674 56.19884877 174.3600953 201.2629938 0.9339672323
23 161185 24126 24122 4 -15.9288153 59.22331751 -43.38987085 112.0811285 155.4709994 -179.0305045 179.7978474 358.8283519 0.4146248895 133.8207026 179.876531 202.6886234 0.5940922657

K=27, STD=0.01205304872
n = trajectories per cluster; conditions overlap.
n = 1: clusters=0/27 (0.00%); trajectories=0/194058 (0.00%)
n < 10: clusters=0/27 (0.00%); trajectories=0/194058 (0.00%)
n < 100: clusters=0/27 (0.00%); trajectories=0/194058 (0.00%)

K=27, phase=backward, parameter=eps [km^2/s^2]
cluster representative_source n_cluster n_valid n_missing median std p05 p95 width90 minimum maximum range skewness error95 error_max angle_origin_deg angle_resultant
0 144351 45536 45536 0 -0.1285936259 0.03458156086 -0.1884931143 -0.07977567994 0.1087174343 -0.2035717269 -0.05277766638 0.1507940605 -0.1478666088 0.06604969283 0.08112696682 nan nan
1 22427 4532 4532 0 -0.95218156 0.01485504512 -0.9761309411 -0.9307746427 0.04535629843 -0.9837976931 -0.9161824583 0.06761523479 -0.1092347731 0.02600584752 0.03433787889 nan nan
2 30751 1717 1717 0 -0.8411441519 0.01479472228 -0.8742880211 -0.8284379527 0.04585006839 -0.9013732586 -0.8272587452 0.07411451338 -0.8232659376 0.03566299523 0.06274823278 nan nan
3 221195 4353 4353 0 -0.2100280635 0.03646152331 -0.2481820563 -0.1339395049 0.1142425515 -0.2514873919 -0.1128687881 0.1386186038 0.6003262305 0.07482942366 0.09590014043 nan nan
4 50147 6044 6044 0 -0.9505673061 0.01611118346 -0.9734264048 -0.9240413451 0.04938505973 -0.975241856 -0.9098053673 0.06543648879 0.1402868931 0.02702382261 0.0368077498 nan nan
5 127305 3326 3326 0 -0.1355594562 0.0500805197 -0.2084784819 -0.0555279303 0.1529505516 -0.2211817588 -0.05271329248 0.1684684663 0.1265484683 0.09030403984 0.09311867765 nan nan
6 22050 1724 1724 0 -0.8433682811 0.0127803756 -0.8717251369 -0.8331775843 0.03854755261 -1.029219855 -0.8281073239 0.2011125312 -3.806517659 0.02895956026 0.1864542784 nan nan
7 8822 3015 3015 0 -0.9361321671 0.02393049594 -0.9731229596 -0.8978430743 0.07527988522 -0.983407574 -0.8659559972 0.1174515768 0.06493391937 0.04181851009 0.07334464934 nan nan
8 80416 7405 7405 0 -0.9437921617 0.01776187315 -0.9685394383 -0.91730712 0.05123231832 -1.032725041 -0.853106808 0.1796182325 0.4977833012 0.03105309068 0.09458091907 nan nan
9 175498 2917 2917 0 -0.2443631466 0.01164060264 -0.2499161412 -0.2188898239 0.03102631728 -0.2527590311 -0.1642841265 0.08847490464 2.605268181 0.0237829581 0.07838865551 nan nan
10 14142 8908 8908 0 -0.8957089514 0.01697393706 -0.9247834986 -0.870505743 0.05427775563 -0.930538211 -0.8425674903 0.08797072066 -0.09041847157 0.02935900234 0.05579268262 nan nan
11 176287 17400 17400 0 -0.2290344432 0.01309570025 -0.2417573591 -0.19893699 0.04282036919 -0.2521693194 -0.1875834268 0.06458589264 0.7967674935 0.0333502807 0.04470384386 nan nan
12 99245 2846 2846 0 -0.9243400302 0.03391267681 -0.9714017801 -0.8672813149 0.1041204652 -0.9838862117 -0.8502124152 0.1336737964 0.160010894 0.05606810923 0.06686821055 nan nan
13 156237 2360 2360 0 -0.1779115598 0.03014214023 -0.2018666277 -0.1149331859 0.08693344174 -0.2335394808 -0.1123828244 0.1211566563 0.5107291172 0.05745142586 0.0613381458 nan nan
14 168732 13781 13781 0 -0.2162690032 0.01010601525 -0.2286408409 -0.19534265 0.03329819087 -0.247262219 -0.1736882392 0.07357397977 0.7312427206 0.02394124686 0.0454199676 nan nan
15 76537 4871 4871 0 -1.002600346 0.01215801941 -1.017485952 -0.9794747151 0.03801123711 -1.032726459 -0.9747855988 0.05794086046 0.2999189227 0.03211443972 0.03680355602 nan nan
16 41854 8530 8530 0 -0.8840661308 0.02006216705 -0.9169568843 -0.8559008006 0.06105608375 -0.9344903854 -0.828650967 0.1058394184 -0.07081001475 0.03950285507 0.06675268863 nan nan
17 49752 4179 4179 0 -0.9946136452 0.008253724137 -1.005979006 -0.9787421822 0.02723682424 -1.032259749 -0.9748154319 0.0574443166 0.2329004212 0.02080134952 0.03277280492 nan nan
18 125038 14729 14729 0 -0.1650168981 0.0224764675 -0.202224966 -0.1322671689 0.06995779709 -0.2101562628 -0.05273741919 0.1574188436 -0.04879353572 0.03788398996 0.1147971467 nan nan
19 30062 576 576 0 -0.8348424095 0.01189067262 -0.8664263068 -0.8276207115 0.03880559538 -0.8878570321 -0.8273098337 0.06054719847 -1.591451671 0.03102695206 0.05245767736 nan nan
20 34315 1947 1947 0 -0.9276076785 0.03952570887 -0.9886697968 -0.8658153726 0.1228544241 -1.032801629 -0.8475233157 0.1852783132 0.02033871166 0.06329685069 0.1055409757 nan nan
21 34650 1433 1433 0 -0.8528716661 0.02904672212 -0.920997386 -0.842590306 0.07840708005 -1.013904651 -0.8295389212 0.18436573 -3.70469714 0.06978273664 0.1626900019 nan nan
22 48939 7080 7080 0 -0.8832394763 0.01815889386 -0.9127570506 -0.855110554 0.05764649661 -0.9370038763 -0.8488704886 0.08813338776 -0.08128264404 0.03766242295 0.04437901176 nan nan
23 151127 3679 3679 0 -0.2291688037 0.01968412863 -0.2516464586 -0.193707349 0.05793910961 -0.2525377874 -0.171209761 0.08132802632 0.3067127615 0.04224388251 0.06474147045 nan nan
24 67258 1758 1758 0 -0.98024642 0.005602361685 -0.9871898327 -0.9755298692 0.0116599635 -1.032861257 -0.9748517141 0.05800954284 -4.566581534 0.007011790251 0.05268321447 nan nan
25 117692 12097 12097 0 -0.1776786929 0.02067746942 -0.209457891 -0.1451854182 0.06427247289 -0.218225074 -0.05817614925 0.1600489248 0.3768513797 0.0373168945 0.1243261634 nan nan
26 149482 7315 7315 0 -0.1681000354 0.03210648908 -0.2064920138 -0.1181469311 0.08834508274 -0.2318630639 -0.05268666046 0.1791764035 0.2294483215 0.05312110475 0.1184236379 nan nan

K=27, phase=backward, parameter=e [-]
cluster representative_source n_cluster n_valid n_missing median std p05 p95 width90 minimum maximum range skewness error95 error_max angle_origin_deg angle_resultant
0 144351 45536 45536 0 0.6837148927 0.08734793739 0.5299264696 0.8048349235 0.2749084539 0.4879128101 0.871126336 0.3832135259 -0.1769527532 0.1692799139 0.2112752098 nan nan
1 22427 4532 4532 0 0.448445824 0.02470093627 0.411664106 0.4871079433 0.07544383727 0.3854579941 0.4990063001 0.1135483061 0.0551756008 0.04244304973 0.060207615 nan nan
2 30751 1717 1717 0 0.2149221418 0.04108245879 0.1731513428 0.3001555892 0.1270042464 0.1687973804 0.3563919371 0.1875945567 0.5983437647 0.0925809302 0.1488172781 nan nan
3 221195 4353 4353 0 0.4719043124 0.09895869357 0.3605725645 0.6708274831 0.3102549186 0.3503572148 0.7234018269 0.3730446121 0.5158688414 0.1946729562 0.2472473 nan nan
4 50147 6044 6044 0 0.4458935303 0.02713285116 0.3997158358 0.4829321394 0.08321630358 0.3734465753 0.4857618377 0.1123152624 -0.1960374141 0.04440622689 0.06575285371 nan nan
5 127305 3326 3326 0 0.6658888748 0.1268822465 0.4760260016 0.8644127857 0.3883867841 0.4389678398 0.8712782905 0.4323104507 0.08893708034 0.2243601926 0.2312256974 nan nan
6 22050 1724 1724 0 0.2215568484 0.03216641542 0.1895643232 0.29431446 0.1047501368 0.1720293297 0.5653666074 0.3933372777 2.501970531 0.07448683396 0.3455389814 nan nan
7 8822 3015 3015 0 0.421138427 0.04217684541 0.3495957919 0.4823584358 0.1327626439 0.2804295175 0.4983652407 0.2179357232 -0.1805440966 0.07693254074 0.1460988151 nan nan
8 80416 7405 7405 0 0.4344970201 0.03111367139 0.3874532602 0.4752354376 0.0877821774 0.2487506131 0.5702043312 0.3214537181 -0.89046945 0.05180013482 0.1760426293 nan nan
9 175498 2917 2917 0 0.3723464414 0.0338937672 0.355298855 0.4481263872 0.09282753229 0.3462129696 0.5938893629 0.2476763933 2.426632974 0.0714083394 0.2171713151 nan nan
10 14142 8908 8908 0 0.3453652773 0.03435908186 0.2910189136 0.4009293186 0.109910405 0.2182562001 0.4112630623 0.1930068622 -0.02773442231 0.05978858079 0.1324893184 nan nan
11 176287 17400 17400 0 0.4179514973 0.03741515737 0.380430105 0.5026873832 0.1222572782 0.3477742903 0.5330695074 0.1852952172 0.7402960929 0.09476214605 0.1251442703 nan nan
12 99245 2846 2846 0 0.4002739331 0.06357207488 0.2836649035 0.4797509589 0.1960860554 0.2410331961 0.4992519153 0.2582187192 -0.3240746063 0.104794179 0.1461000123 nan nan
13 156237 2360 2360 0 0.5576007083 0.07765266152 0.4942359301 0.7176769745 0.2234410444 0.4034140447 0.7240336018 0.3206195571 0.4834353976 0.1457626654 0.1690747168 nan nan
14 168732 13781 13781 0 0.4541941064 0.02790524152 0.4189570764 0.5108681309 0.09191105457 0.362800552 0.5696111304 0.2068105784 0.6552638375 0.06580718341 0.1238239429 nan nan
15 76537 4871 4871 0 0.5272972838 0.01804767692 0.4923772771 0.5488278516 0.05645057455 0.4851352643 0.5702076526 0.08507238838 -0.3343137955 0.0480289423 0.05527095513 nan nan
16 41854 8530 8530 0 0.3213935927 0.04320743123 0.2556836185 0.3867394382 0.1310558197 0.1741773924 0.4180200045 0.2438426121 -0.0805526018 0.08931099316 0.1708172193 nan nan
17 49752 4179 4179 0 0.5154614252 0.01242697824 0.491202226 0.5322515254 0.04104929931 0.4851779411 0.5695487871 0.08437084598 -0.2724751372 0.03152707801 0.04686809672 nan nan
18 125038 14729 14729 0 0.5907428281 0.05827417289 0.4925052571 0.6741642395 0.1816589824 0.470978348 0.8712211021 0.4002427541 -0.08409205395 0.09825136474 0.2869799828 nan nan
19 30062 576 576 0 0.1955383267 0.03401752058 0.1701831292 0.2810843658 0.1109012366 0.1689586571 0.3296597904 0.1607011333 1.253061828 0.08364604426 0.1322214689 nan nan
20 34315 1947 1947 0 0.4060934217 0.07235367039 0.2803660799 0.5064912269 0.226125147 0.2332802667 0.5703028197 0.3370225531 -0.1986809186 0.1255818751 0.1721902611 nan nan
21 34650 1433 1433 0 0.2479852968 0.05744783919 0.2194067109 0.3941304288 0.1747237179 0.1774377329 0.5437616093 0.3663238764 3.397161135 0.1505491654 0.3001803459 nan nan
22 48939 7080 7080 0 0.3197310816 0.039266872 0.2536655142 0.3789555144 0.1252900002 0.2369659788 0.4224180244 0.1854520456 -0.06987386449 0.08572012335 0.1024196587 nan nan
23 151127 3679 3679 0 0.4165459929 0.05620107106 0.3497248798 0.5146504271 0.1649255473 0.3469408035 0.576045086 0.2291042825 0.261424215 0.1183512134 0.1797458723 nan nan
24 67258 1758 1758 0 0.4935913334 0.008416102899 0.4862386471 0.5042475676 0.01800892054 0.4852237255 0.5703882386 0.08516451312 4.273440423 0.01077383924 0.07691451023 nan nan
25 117692 12097 12097 0 0.5577817945 0.05419111924 0.4721570347 0.6414986126 0.1693415779 0.4473310529 0.8579553378 0.4106242849 0.3122843957 0.09677747197 0.313095395 nan nan
26 149482 7315 7315 0 0.5828951863 0.082870511 0.481519394 0.7096769172 0.2281575232 0.408312282 0.8713416162 0.4630293342 0.1949785475 0.1351631335 0.2960964935 nan nan

K=27, phase=backward, parameter=w [deg]
cluster representative_source n_cluster n_valid n_missing median std p05 p95 width90 minimum maximum range skewness error95 error_max angle_origin_deg angle_resultant
0 144351 45536 45536 0 -0.6756680737 4.182463745 -5.163040592 9.684718244 14.84775884 -8.976981506 13.77511585 22.75209735 1.210806959 11.21051729 15.30091489 16.49328555 0.9973407867
1 22427 4532 4532 0 -0.7616733668 5.208608406 -4.743592374 16.85047613 21.5940685 -14.46280008 26.51430181 40.9771019 2.801511508 18.93720758 28.60103327 187.0295641 0.9959006396
2 30751 1717 1717 0 7.33560237 16.62707008 -31.36169136 15.7701355 47.13182686 -32.5422376 16.12066168 48.66289928 -0.7399867651 40.51769735 41.69824358 199.740111 0.958492632
3 221195 4353 4353 0 -3.082838176 7.816077205 -7.677927073 13.45053109 21.12845817 -8.024931139 14.35155179 22.37648293 0.6484400291 19.32494216 20.22596285 15.94508806 0.9907222281
4 50147 6044 6044 0 -0.9301473287 4.680161226 -5.097863827 10.99588456 16.09374839 -25.12786031 17.22364621 42.35150652 1.362769449 12.54213317 23.7048491 196.856686 0.9966749538
5 127305 3326 3326 0 2.672143958 5.96469331 -9.148457973 8.37707303 17.525531 -9.423574386 14.14806948 23.57164386 -0.3237393309 12.10009013 12.37520655 16.94882664 0.9945912028
6 22050 1724 1724 0 1.147989247 7.713029684 -14.96544293 14.20416368 29.16960661 -31.97820411 16.55328578 48.53148989 -0.9682342575 17.37990964 34.39267082 199.4718207 0.9910166731
7 8822 3015 3015 0 -1.884459014 7.018925319 -3.714991488 21.77121882 25.48621031 -4.178247313 34.41894834 38.59719565 3.297175008 24.02422345 36.67195297 182.4049167 0.9926199113
8 80416 7405 7405 0 -0.2274862863 4.064561248 -4.797472053 6.53857577 11.33604782 -32.06354001 13.46891849 45.5324585 -0.937472457 7.248430101 33.93559524 202.9843718 0.9974970588
9 175498 2917 2917 0 0.4054185212 6.007297948 -9.805037528 8.368227425 18.17326495 -11.59525124 9.105584047 20.70083529 -0.1951879742 15.74455093 17.53476464 19.77769625 0.9945124908
10 14142 8908 8908 0 0.06813447326 3.778153484 -5.718551357 5.435836582 11.15438794 -20.88679628 28.64256962 49.5293659 0.7613129591 6.02474572 29.03591109 188.1730236 0.9978331766
11 176287 17400 17400 0 -0.5314212398 5.491682611 -7.734770026 8.593849003 16.32861903 -9.821668008 12.36707538 22.18874339 0.2021139545 13.37339137 15.46028935 18.41290959 0.9954129117
12 99245 2846 2846 0 2.842644433 10.00081382 -15.01727011 12.54484187 27.56211198 -37.24560311 13.01421609 50.2598192 -0.3249873015 24.71572823 46.94406123 204.3450093 0.9848329267
13 156237 2360 2360 0 0.02933807984 2.93063442 -4.865542133 5.936052002 10.80159414 -6.911748834 11.73340959 18.64515842 1.287574436 7.026500384 10.9698814 18.68685762 0.9986940088
14 168732 13781 13781 0 0.4571024723 3.834024831 -6.936841567 4.585810828 11.52265239 -13.01298182 9.809783737 22.82276556 -0.5023497038 9.260849043 15.3369893 21.29357506 0.9977635716
15 76537 4871 4871 0 -0.5215617416 6.798719919 -9.549055247 11.73344268 21.28249793 -11.28651172 14.2645103 25.55102202 0.2575723383 11.36194493 13.2688877 190.6598117 0.9929759032
16 41854 8530 8530 0 -1.651699598 6.538255422 -6.706685299 12.58924632 19.29593162 -34.9592527 14.90205876 49.86131146 -0.4375973878 13.88616765 33.87631365 202.0909756 0.9935419193
17 49752 4179 4179 0 -0.9794544741 4.981759679 -6.677644162 9.808776738 16.4864209 -15.971752 13.50248849 29.47424049 0.6141350204 12.72047045 16.4136064 190.7539641 0.9962263239
18 125038 14729 14729 0 -0.04283725737 1.624603308 -2.178953852 2.139251824 4.318205675 -15.27278135 7.842826711 23.11560806 -1.301093966 2.729270879 15.53376624 22.82245231 0.9995985731
19 30062 576 576 0 3.111925055 14.98051717 -27.52811288 17.72621524 45.25432812 -31.05418851 19.09649715 50.15068567 -0.5372850161 38.83180432 42.35787995 198.133198 0.9662126073
20 34315 1947 1947 0 -1.548886221 7.819678 -5.404826387 19.54290282 24.94772921 -28.34372091 22.05352488 50.39724579 0.8047539061 23.84969584 25.36397253 195.4012931 0.9907784984
21 34650 1433 1433 0 0.6152415049 5.288467385 -11.6656904 8.966010011 20.63170041 -36.08286051 10.13198999 46.2148505 -1.056745 12.66425159 37.0814217 206.6541103 0.9957588678
22 48939 7080 7080 0 0.6689175607 5.25693771 -7.262030084 5.037116112 12.2991462 -37.08412337 13.35931496 50.44343832 -3.78046303 8.261016351 37.62265398 204.3208964 0.9958677014
23 151127 3679 3679 0 3.504066966 6.498246605 -14.31719745 5.210931178 19.52812863 -17.43696075 5.397287643 22.8342484 -1.185742545 18.02528121 21.14504452 25.55540356 0.9935899668
24 67258 1758 1758 0 -0.0008643081054 3.108878371 -4.199536038 4.588113556 8.787649594 -21.97971041 6.696645799 28.67635621 -1.37495394 6.155313352 20.65563033 196.0858023 0.9985317722
25 117692 12097 12097 0 1.675570181 4.936402732 -14.50406938 4.63615875 19.14022813 -16.8418347 6.681995253 23.52382995 -2.050685077 16.30759264 18.64535796 24.40436138 0.9963035079
26 149482 7315 7315 0 0.01512057797 3.658361854 -6.420656456 7.768403642 14.1890601 -12.11485189 10.97201471 23.0868666 0.09460031908 9.102319721 12.7619963 19.61755995 0.9979656517

K=27, phase=forward, parameter=eps [km^2/s^2]
cluster representative_source n_cluster n_valid n_missing median std p05 p95 width90 minimum maximum range skewness error95 error_max angle_origin_deg angle_resultant
0 144351 45536 45535 1 -0.1302240579 0.03646721055 -0.1922504169 -0.08013890505 0.1121115119 -0.8417957323 -0.06741220713 0.7743835252 -0.7953325724 0.07557249931 0.7251178147 nan nan
1 22427 4532 4532 0 -0.9734913894 0.03322412434 -1.004738683 -0.9119566515 0.09278203204 -1.008435512 -0.8308364273 0.1775990843 0.7354474167 0.04821705179 0.1290616501 nan nan
2 30751 1717 1717 0 -0.2373970656 0.02996164458 -0.2498114668 -0.1545148041 0.09529666263 -0.2527828516 -0.07789858299 0.1748842686 2.137358276 0.07250037975 0.1491166009 nan nan
3 221195 4353 4352 1 -0.8590743066 0.03355603052 -0.9660444917 -0.8342013469 0.1318431448 -1.030434577 -0.8278679467 0.2025666305 -2.203460966 0.1064674454 0.1708575309 nan nan
4 50147 6044 6044 0 -0.1677167309 0.06058042562 -0.2004352741 -0.1340209967 0.06641427745 -0.8540137839 -0.06641807564 0.7875957083 -9.46605965 0.03829254396 0.6885065017 nan nan
5 127305 3326 3326 0 -0.8817279816 0.05125149199 -0.9836914584 -0.8357540935 0.1479373649 -1.03264743 -0.1137687478 0.9188786823 1.164669335 0.08906909176 0.8097021044 nan nan
6 22050 1724 1723 1 -0.8432226911 0.1159905301 -0.8962368145 -0.8327216971 0.06351511744 -1.027438213 -0.05276686663 0.9746713459 5.726352616 0.08457620762 0.7876192784 nan nan
7 8822 3015 3015 0 -0.8967459488 0.02431119685 -0.9531911268 -0.8769356702 0.07625545658 -0.9945256716 -0.8320477918 0.1624778798 -1.961419693 0.06022184266 0.1015517828 nan nan
8 80416 7405 7405 0 -0.2148092309 0.01290225585 -0.2283517791 -0.1959337572 0.03241802186 -0.8822466557 -0.1740116843 0.7082349713 -18.70127389 0.02039550305 0.6680393456 nan nan
9 175498 2917 2916 1 -0.8429669519 0.02477929431 -0.8761799371 -0.8286518101 0.047528127 -1.031567892 -0.8280981773 0.2034697143 -3.861174901 0.04664905434 0.2020370089 nan nan
10 14142 8908 8908 0 -0.9777496008 0.03441157748 -1.01564875 -0.916062483 0.09958626737 -1.031401665 -0.8303055485 0.201096116 0.5756879124 0.05281832794 0.1385634152 nan nan
11 176287 17400 17400 0 -0.886513317 0.02342072401 -0.9301450619 -0.8582062425 0.07193881942 -1.028773311 -0.1371285066 0.891644804 1.112835105 0.04242202167 0.7512608368 nan nan
12 99245 2846 2846 0 -0.9229822154 0.03964635318 -0.9895598742 -0.8623632769 0.1271965973 -0.9939867236 -0.8285734072 0.1654133165 -0.04002883845 0.06875921561 0.09426342634 nan nan
13 156237 2360 2360 0 -0.2344867933 0.02156107763 -0.251709479 -0.1860530888 0.06565639019 -0.252502972 -0.1659654759 0.08653749612 0.801564643 0.04836043572 0.06844804861 nan nan
14 168732 13781 13781 0 -0.936923018 0.02236059173 -0.9646054744 -0.9058248216 0.05878065283 -1.032822576 -0.8302300174 0.2025925588 0.594490788 0.03747865747 0.1027164043 nan nan
15 76537 4871 4871 0 -0.8942827296 0.02582692814 -0.9472633642 -0.8676472494 0.07961611483 -1.03210096 -0.8302712828 0.2018296769 -0.9671612814 0.04894281002 0.1299884754 nan nan
16 41854 8530 8530 0 -0.1833226121 0.07145302328 -0.2131207279 -0.138974162 0.07414656591 -0.9877261112 -0.05281330025 0.9349128109 -7.947478722 0.05648903513 0.8001918862 nan nan
17 49752 4179 4179 0 -0.9646682256 0.032075364 -0.9975181313 -0.9104223462 0.08709578506 -1.029626834 -0.8276125597 0.2020142742 1.034058037 0.04661419189 0.1292460351 nan nan
18 125038 14729 14729 0 -0.9594744328 0.02306650724 -0.982614937 -0.9175841114 0.06503082557 -0.9896114344 -0.8277199769 0.1618914575 1.416235179 0.03525073347 0.1225946184 nan nan
19 30062 576 576 0 -0.9254379441 0.07719273172 -0.9917089884 -0.8494675483 0.1422414401 -0.9933002974 -0.1385058546 0.8547944428 6.160107221 0.07453037994 0.779122025 nan nan
20 34315 1947 1946 1 -0.9225810468 0.04225703767 -0.9818585641 -0.8413288807 0.1405296834 -1.032728341 -0.8273640653 0.205364276 0.2635746722 0.08985570133 0.1057005811 nan nan
21 34650 1433 1433 0 -0.1080372249 0.142975972 -0.2010350195 -0.05500313757 0.1460318819 -0.9430517576 -0.05304384531 0.8900079123 -4.619807188 0.1265235134 0.8685402515 nan nan
22 48939 7080 7080 0 -0.2309969324 0.009425541656 -0.2423320356 -0.212565232 0.02976680354 -0.2524932782 -0.1750066737 0.07748660453 0.7894815493 0.02012291362 0.05768147201 nan nan
23 151127 3679 3679 0 -0.1692410958 0.03345982159 -0.2049242536 -0.113975787 0.09094846664 -0.2515543665 -0.05474438652 0.19680998 0.04913123015 0.04761834885 0.1029810602 nan nan
24 67258 1758 1758 0 -0.1522690989 0.08208933093 -0.2112672213 -0.1286518773 0.08261534396 -0.8983375977 -0.05884921902 0.8394883787 -7.367273757 0.06616683554 0.7524035277 nan nan
25 117692 12097 12097 0 -0.8905188593 0.02645019275 -0.9455010076 -0.8590781554 0.0864228523 -1.031707359 -0.827713574 0.203993785 -0.6676762419 0.05897117289 0.1451775242 nan nan
26 149482 7315 7312 3 -0.1704518425 0.08292686477 -0.2076032389 -0.1189024696 0.08870076936 -0.8815431542 -0.05270234629 0.8288408079 -6.798635335 0.04730759559 0.7173051269 nan nan

K=27, phase=forward, parameter=e [-]
cluster representative_source n_cluster n_valid n_missing median std p05 p95 width90 minimum maximum range skewness error95 error_max angle_origin_deg angle_resultant
0 144351 45536 45535 1 0.6796358862 0.09089073542 0.5199783475 0.80395793 0.2839795826 0.2073914285 0.835234226 0.6278427976 -0.2142791179 0.1935986023 0.5061855213 nan nan
1 22427 4532 4532 0 0.4830206206 0.05621399163 0.3771643526 0.5304362388 0.1532718862 0.1812165204 0.5358328063 0.3546162859 -1.037459767 0.0839892756 0.2799371077 nan nan
2 30751 1717 1717 0 0.3935228104 0.08198099001 0.3556976615 0.6186831399 0.2629854784 0.3461726393 0.8096607621 0.4634881228 1.985826913 0.1936844836 0.3846621058 nan nan
3 221195 4353 4352 1 0.263891278 0.0688485401 0.1927499008 0.4711576379 0.2784077371 0.171052843 0.5670128556 0.3959600125 1.714977403 0.2060388683 0.301894086 nan nan
4 50147 6044 6044 0 0.5838226229 0.06533588915 0.4973362331 0.669752996 0.1724167628 0.1702432655 0.8377984961 0.6675552306 -1.304632801 0.09846993554 0.4192327727 nan nan
5 127305 3326 3326 0 0.3163655106 0.09823751827 0.1997355619 0.4989311116 0.2991955497 0.1705844038 0.7205663889 0.5499819851 0.3350854727 0.1996102901 0.3219241457 nan nan
6 22050 1724 1723 1 0.2231529309 0.09308618188 0.1893978735 0.4013476424 0.2119497689 0.1708431098 0.8711452963 0.7003021865 4.167641541 0.1885983376 0.6583959915 nan nan
7 8822 3015 3015 0 0.3474410374 0.0456209451 0.3055980818 0.4503347157 0.1447366339 0.1862807331 0.5153228252 0.3290420921 1.315722986 0.1286095123 0.1755310748 nan nan
8 80416 7405 7405 0 0.4584113187 0.02884850815 0.4199336764 0.5104145209 0.09048084449 0.3177232409 0.5675852738 0.2498620329 -0.0625979159 0.05532770464 0.1429564453 nan nan
9 175498 2917 2916 1 0.2206462417 0.05647620473 0.1738733697 0.3043982041 0.1305248345 0.1718972398 0.5685885703 0.3966913306 2.342521106 0.1270994578 0.391289824 nan nan
10 14142 8908 8908 0 0.4896298868 0.05673436376 0.3848271918 0.5462114085 0.1613842167 0.1793797446 0.5683851512 0.3890054066 -0.8594283144 0.09077994282 0.2962096417 nan nan
11 176287 17400 17400 0 0.3267008949 0.04646873637 0.2616249518 0.4107778536 0.1491529017 0.1705702238 0.6620800671 0.4915098434 0.5260592444 0.08305228405 0.3314724014 nan nan
12 99245 2846 2846 0 0.3978019443 0.07383497939 0.2722186409 0.5078290417 0.2356104008 0.1739209576 0.5145196842 0.3405987266 -0.2243522007 0.1252431966 0.2235408798 nan nan
13 156237 2360 2360 0 0.4007756906 0.06107442122 0.349596198 0.5351603513 0.1855641534 0.3470213037 0.5895785775 0.2425572738 0.738279586 0.1343573193 0.1887755455 nan nan
14 168732 13781 13781 0 0.422651729 0.04095537515 0.3656537536 0.4689353036 0.1032815499 0.1798993496 0.5703371427 0.3904377931 -1.228245293 0.06309456139 0.2307565852 nan nan
15 76537 4871 4871 0 0.3425731802 0.05032188977 0.2844327296 0.4403277398 0.1558950102 0.1800733503 0.5693491207 0.3892757704 0.598467564 0.09254224322 0.2110884426 nan nan
16 41854 8530 8530 0 0.5432418875 0.0724335677 0.4621067493 0.658189489 0.1960827397 0.1740052391 0.8710333686 0.6970281295 -0.1450628362 0.1459368271 0.3575584271 nan nan
17 49752 4179 4179 0 0.4689614154 0.05656565464 0.3742983404 0.5197910229 0.1454926825 0.1701907883 0.5659313005 0.3957405122 -1.522461013 0.08224137402 0.2860091532 nan nan
18 125038 14729 14729 0 0.4605790239 0.04112804428 0.3878879757 0.4972451308 0.109357155 0.1705447562 0.5079289129 0.3373841566 -2.062126707 0.05848015404 0.2748802499 nan nan
19 30062 576 576 0 0.4055756621 0.08726981901 0.2393040489 0.5112461555 0.2719421066 0.1879810555 0.6586051594 0.4706241039 -0.2808629308 0.1487852458 0.270704859 nan nan
20 34315 1947 1946 1 0.3968593712 0.08344943973 0.2156309892 0.496112102 0.2804811128 0.1692288258 0.5702003835 0.4009715577 -0.6711191038 0.1894217241 0.2358238875 nan nan
21 34650 1433 1433 0 0.7352194685 0.1262748403 0.496428977 0.8656806892 0.3692517122 0.1733359682 0.8704757404 0.6971397721 -1.494340775 0.3215304793 0.644623488 nan nan
22 48939 7080 7080 0 0.412192395 0.02730202996 0.3786156587 0.4654475217 0.08683186303 0.3468571376 0.5661881111 0.2193309735 0.7082238795 0.05877148671 0.1593544292 nan nan
23 151127 3679 3679 0 0.5796774059 0.08678306292 0.4847180242 0.7200871969 0.2353691728 0.3499722785 0.8663378066 0.5163655281 -0.01931072496 0.1256672751 0.2598687816 nan nan
24 67258 1758 1758 0 0.6236138657 0.08032141723 0.4682689402 0.6832417418 0.2149728016 0.1699981667 0.8563122445 0.6863140778 -1.956872943 0.173766352 0.469712649 nan nan
25 117692 12097 12097 0 0.3349850607 0.05335113089 0.2636868817 0.4374378759 0.1737509942 0.1705352549 0.5687824395 0.3982471845 0.3523094338 0.114030099 0.2421431589 nan nan
26 149482 7315 7312 3 0.5769555143 0.09171488907 0.4784679991 0.7077381668 0.2292701677 0.2429142858 0.8713080396 0.6283937538 -0.3412508913 0.1198869553 0.3501196185 nan nan

K=27, phase=forward, parameter=w [deg]
cluster representative_source n_cluster n_valid n_missing median std p05 p95 width90 minimum maximum range skewness error95 error_max angle_origin_deg angle_resultant
0 144351 45536 45535 1 -3.426551148 20.56418659 -21.36221307 35.15592716 56.51814022 -177.6935091 178.8139819 356.507491 0.0241627248 57.09381347 179.9821834 177.837767 0.9431814525
1 22427 4532 4532 0 -2.661158383 24.37997648 -12.82159915 37.59521095 50.4168101 -178.5650772 179.9898971 358.5549742 3.508536638 45.11705791 179.3383805 305.645581 0.9377937295
2 30751 1717 1717 0 -6.400664317 32.39360967 -35.02826787 62.62502405 97.65329192 -176.0888324 177.3419006 353.430733 0.9757577734 58.94402613 179.8402625 225.9002389 0.8584406914
3 221195 4353 4352 1 -8.843385953 32.66080238 -27.54458247 78.08688738 105.6314698 -178.4866071 179.7701472 358.2567543 1.451801074 103.2341291 179.7169989 67.11210698 0.8609979771
4 50147 6044 6044 0 -7.820639453 40.45399385 -21.02651477 112.3102931 133.3368079 -177.8657362 179.8995932 357.7653295 1.688221328 131.1965976 179.9194652 188.8399899 0.8293917685
5 127305 3326 3326 0 5.003840421 36.3155741 -54.01205926 56.6033635 110.6154228 -169.3058401 179.198931 348.5047711 0.07234608093 64.31912997 175.125622 117.9462244 0.8257173286
6 22050 1724 1723 1 -3.294257639 30.48109763 -29.43305205 69.24057182 98.67362387 -177.9800808 177.3299635 355.3100443 1.342216516 84.63505601 174.0392391 167.2743147 0.8921339945
7 8822 3015 3015 0 -3.584409829 23.52553656 -6.829928303 47.75194321 54.58187151 -174.9962119 175.6369559 350.6331678 0.2934950582 58.00551237 178.4108472 299.0149445 0.9420329677
8 80416 7405 7405 0 -2.338360462 24.03094003 -30.35606692 41.30600322 71.66207014 -171.0777349 167.3225918 338.4003266 0.8213365317 44.37281103 178.6169262 202.2654353 0.919075689
9 175498 2917 2916 1 -4.594768885 26.26206421 -19.71671 38.84968792 58.56639792 -178.0698067 176.1829037 354.2527104 -0.2292316459 43.65683402 178.0482139 23.47956645 0.9227324461
10 14142 8908 8908 0 -1.023823631 18.07347547 -9.417691448 11.9756474 21.39333885 -171.5947426 171.2182346 342.8129772 3.002835129 17.09685726 175.8923918 303.6114984 0.9669735652
11 176287 17400 17400 0 -2.223250276 20.96229205 -19.5182577 34.67730968 54.19556738 -179.322588 177.8927804 357.2153684 1.538445505 53.56585492 179.5701104 17.52252554 0.9447886787
12 99245 2846 2846 0 -6.282900088 44.29668715 -24.89013675 78.72489583 103.6150326 -179.8199384 178.4274821 358.2474205 1.613669673 87.60849663 179.8690399 344.0163188 0.8154760615
13 156237 2360 2360 0 -6.40448619 40.25102704 -38.80239683 82.20095005 121.0033469 -43.39022917 168.0795966 211.4698258 1.399732318 105.062952 178.6239116 245.0444185 0.7993268608
14 168732 13781 13781 0 -5.101483891 26.47026795 -17.41323658 32.09126584 49.50450243 -179.3710745 178.1057492 357.4768237 2.178978031 45.77806145 179.3336907 10.17694776 0.9206948549
15 76537 4871 4871 0 -3.411015341 22.61348433 -16.73108723 33.61351498 50.34460221 -178.7091134 176.334911 355.0440245 1.461160296 40.14169887 178.9460027 311.3130036 0.940499167
16 41854 8530 8530 0 -14.8345146 44.62080146 -37.1176553 94.65133788 131.7689932 -174.3311208 178.1658258 352.4969466 0.9081494654 129.9336817 179.9548928 205.1989571 0.753918538
17 49752 4179 4179 0 -2.115733671 28.72092032 -20.19868921 27.34499181 47.54368102 -179.2694223 159.436968 338.7063903 2.609464861 90.4021084 170.0496451 317.1679898 0.9072321295
18 125038 14729 14729 0 -2.921668584 21.81264865 -18.203566 33.38183915 51.58540515 -169.9999806 179.5529866 349.5529672 2.566834895 46.68237237 179.8517797 12.74270583 0.9436142922
19 30062 576 576 0 -5.835932866 45.3328405 -31.03476914 125.8505744 156.8853436 -56.61360374 179.6540276 236.2676313 1.85407642 149.391737 177.1265897 33.02160797 0.774333613
20 34315 1947 1946 1 -2.6708909 33.95882471 -53.72252116 45.63695771 99.35947887 -178.5719941 160.2034144 338.7754085 -1.197867227 63.59921387 169.7868601 48.92506554 0.8709271817
21 34650 1433 1433 0 -5.178600479 47.41166428 -29.46773948 101.0308618 130.4986013 -178.906324 177.2845214 356.1908453 0.2326400979 135.4984835 179.2738738 276.7259831 0.776608767
22 48939 7080 7080 0 -2.130964789 21.88168812 -26.7272467 35.19534317 61.92258988 -177.5718049 177.8412907 355.4130955 0.7564117566 55.75022663 173.6785287 201.6239733 0.9342868571
23 151127 3679 3679 0 -4.511676181 53.03671771 -37.90684057 138.4944493 176.4012898 -179.4761369 178.0267793 357.5029162 0.93162005 158.7319952 179.9981712 251.8018259 0.7196260091
24 67258 1758 1758 0 -7.661694589 46.6343831 -22.97859054 124.7034829 147.6820735 -176.3980541 174.0118696 350.4099237 1.255141282 143.5790415 179.6630832 209.569114 0.7767254646
25 117692 12097 12097 0 -4.237928911 29.05547408 -24.63073346 37.70316575 62.33389921 -177.137247 170.8898857 348.0271327 -1.686583521 63.25560371 179.374557 18.87569922 0.9024309
26 149482 7315 7312 3 -5.233772425 36.43768567 -28.40148367 90.07921249 118.4806962 -172.990925 179.2413112 352.2322362 1.482276048 120.0608821 179.5970959 299.2215285 0.8455449956

K=29, STD=0.01199968248
n = trajectories per cluster; conditions overlap.
n = 1: clusters=0/29 (0.00%); trajectories=0/194058 (0.00%)
n < 10: clusters=1/29 (3.45%); trajectories=2/194058 (0.00%)
n < 100: clusters=1/29 (3.45%); trajectories=2/194058 (0.00%)

K=29, phase=backward, parameter=eps [km^2/s^2]
cluster representative_source n_cluster n_valid n_missing median std p05 p95 width90 minimum maximum range skewness error95 error_max angle_origin_deg angle_resultant
0 144351 45536 45536 0 -0.1285936259 0.03458156086 -0.1884931143 -0.07977567994 0.1087174343 -0.2035717269 -0.05277766638 0.1507940605 -0.1478666088 0.06604969283 0.08112696682 nan nan
1 22427 4532 4532 0 -0.95218156 0.01485504512 -0.9761309411 -0.9307746427 0.04535629843 -0.9837976931 -0.9161824583 0.06761523479 -0.1092347731 0.02600584752 0.03433787889 nan nan
2 33938 1408 1408 0 -0.843771562 0.01498357207 -0.8747001369 -0.828650148 0.04604998893 -0.9065522154 -0.8280585205 0.07849369493 -0.68868052 0.03474881624 0.06660089476 nan nan
3 221195 4353 4353 0 -0.2100280635 0.03646152331 -0.2481820563 -0.1339395049 0.1142425515 -0.2514873919 -0.1128687881 0.1386186038 0.6003262305 0.07482942366 0.09590014043 nan nan
4 50147 5997 5997 0 -0.950670659 0.01659144786 -0.9734340451 -0.9238373653 0.04959667976 -0.975241856 -0.8589555075 0.1162863486 0.4268171294 0.0271159767 0.08765760957 nan nan
5 127305 3326 3326 0 -0.1355594562 0.0500805197 -0.2084784819 -0.0555279303 0.1529505516 -0.2211817588 -0.05271329248 0.1684684663 0.1265484683 0.09030403984 0.09311867765 nan nan
6 35771 662 662 0 -0.839937229 0.009743945779 -0.8559184539 -0.8280941885 0.02782426542 -0.8971883357 -0.8272587452 0.06992959045 -1.163566217 0.01581687664 0.05708675844 nan nan
7 8822 3017 3017 0 -0.936190755 0.02391719376 -0.9731206269 -0.8978452789 0.07527534793 -0.983407574 -0.8659559972 0.1174515768 0.06629502509 0.04181545582 0.07334464934 nan nan
8 80416 7393 7393 0 -0.9438352333 0.01742855252 -0.9685535848 -0.917442355 0.05111122978 -1.032725041 -0.8560864506 0.1766385899 0.3510751094 0.03093108359 0.09458091907 nan nan
9 175498 2916 2916 0 -0.2443641231 0.0116425202 -0.2499162319 -0.2188861964 0.03103003559 -0.2527590311 -0.1642841265 0.08847490464 2.604673455 0.02378658566 0.07838865551 nan nan
10 14142 8905 8905 0 -0.8957150625 0.01695303593 -0.9247846183 -0.8705371481 0.05424747019 -0.930538211 -0.8425674903 0.08797072066 -0.09598737633 0.02935596472 0.05579268262 nan nan
11 176287 17399 17399 0 -0.2290340066 0.01309490066 -0.241754585 -0.1989368267 0.04281775832 -0.2521693194 -0.1875834268 0.06458589264 0.7969719451 0.03335044396 0.04470384386 nan nan
12 98454 2848 2848 0 -0.9236028266 0.0339510565 -0.9711654735 -0.8668208995 0.104344574 -0.9824229039 -0.8496564711 0.1327664329 0.1491407816 0.05697354566 0.06687002714 nan nan
13 156237 2360 2360 0 -0.1779115598 0.03014214023 -0.2018666277 -0.1149331859 0.08693344174 -0.2335394808 -0.1123828244 0.1211566563 0.5107291172 0.05745142586 0.0613381458 nan nan
14 168732 13781 13781 0 -0.2162690032 0.01010601525 -0.2286408409 -0.19534265 0.03329819087 -0.247262219 -0.1736882392 0.07357397977 0.7312427206 0.02394124686 0.0454199676 nan nan
15 76537 4878 4878 0 -1.002575694 0.01217539364 -1.017484912 -0.9794285648 0.03805634698 -1.032726459 -0.9747855988 0.05794086046 0.2984016952 0.03216058993 0.03680355602 nan nan
16 41854 8341 8341 0 -0.8843197222 0.01979511511 -0.9169677854 -0.8565854575 0.06038232794 -0.9344903854 -0.8467359605 0.08775442491 -0.1069727641 0.03883728219 0.04866769514 nan nan
17 49752 4179 4179 0 -0.9946136452 0.008253724137 -1.005979006 -0.9787421822 0.02723682424 -1.032259749 -0.9748154319 0.0574443166 0.2329004212 0.02080134952 0.03277280492 nan nan
18 125038 14729 14729 0 -0.1650168981 0.0224764675 -0.202224966 -0.1322671689 0.06995779709 -0.2101562628 -0.05273741919 0.1574188436 -0.04879353572 0.03788398996 0.1147971467 nan nan
19 30062 550 550 0 -0.8350253127 0.0113885806 -0.8643080473 -0.8276189139 0.03668913335 -0.8878570321 -0.8273421217 0.06051491044 -1.588516094 0.02890869249 0.05245767736 nan nan
20 34315 1951 1951 0 -0.9277602536 0.03950726448 -0.9886533479 -0.8658327334 0.1228206145 -1.032801629 -0.8475233157 0.1852783132 0.02582152127 0.06329602022 0.1055409757 nan nan
21 31697 1389 1389 0 -0.8542593469 0.03663320751 -0.9847787931 -0.8466379986 0.1381407945 -1.013904651 -0.8434038118 0.1705008395 -2.260492994 0.1302772176 0.1594030759 nan nan
22 48939 7102 7102 0 -0.8831354136 0.01815176082 -0.9127505536 -0.8551180475 0.05763250612 -0.9370038763 -0.8392353827 0.09776849365 -0.08419970431 0.03762256457 0.05338948188 nan nan
23 151127 3679 3679 0 -0.2291688037 0.01968412863 -0.2516464586 -0.193707349 0.05793910961 -0.2525377874 -0.171209761 0.08132802632 0.3067127615 0.04224388251 0.06474147045 nan nan
24 68381 1742 1742 0 -0.9802101186 0.005594242854 -0.9871348021 -0.9755279009 0.01160690127 -1.032861257 -0.9748517141 0.05800954284 -4.644890956 0.006554510634 0.05228096543 nan nan
25 117692 12097 12097 0 -0.1776786929 0.02067746942 -0.209457891 -0.1451854182 0.06427247289 -0.218225074 -0.05817614925 0.1600489248 0.3768513797 0.0373168945 0.1243261634 nan nan
26 149482 7315 7315 0 -0.1681000354 0.03210648908 -0.2064920138 -0.1181469311 0.08834508274 -0.2318630639 -0.05268666046 0.1791764035 0.2294483215 0.05312110475 0.1184236379 nan nan
27 167957 2 2 0 -0.2458028032 0.002959822374 -0.2484666434 -0.2431389631 0.005327680273 -0.2487626256 -0.2428429808 0.005919644748 nan 0.005623662511 0.005919644748 nan nan
28 22050 1671 1671 0 -0.8436822263 0.01276424836 -0.871600279 -0.8332517723 0.03834850672 -1.029219855 -0.8281073239 0.2011125312 -3.86464383 0.02883470234 0.1864542784 nan nan

K=29, phase=backward, parameter=e [-]
cluster representative_source n_cluster n_valid n_missing median std p05 p95 width90 minimum maximum range skewness error95 error_max angle_origin_deg angle_resultant
0 144351 45536 45536 0 0.6837148927 0.08734793739 0.5299264696 0.8048349235 0.2749084539 0.4879128101 0.871126336 0.3832135259 -0.1769527532 0.1692799139 0.2112752098 nan nan
1 22427 4532 4532 0 0.448445824 0.02470093627 0.411664106 0.4871079433 0.07544383727 0.3854579941 0.4990063001 0.1135483061 0.0551756008 0.04244304973 0.060207615 nan nan
2 33938 1408 1408 0 0.2227847342 0.04132465977 0.1738834148 0.3010813011 0.1271978863 0.1717649681 0.3665400589 0.1947750908 0.44797529 0.08942122475 0.1548799826 nan nan
3 221195 4353 4353 0 0.4719043124 0.09895869357 0.3605725645 0.6708274831 0.3102549186 0.3503572148 0.7234018269 0.3730446121 0.5158688414 0.1946729562 0.2472473 nan nan
4 50147 5997 5997 0 0.4460116563 0.02825779518 0.3994043489 0.4829590976 0.0835547487 0.2636744898 0.4857618377 0.2220873479 -0.6530561104 0.04453063471 0.1755249393 nan nan
5 127305 3326 3326 0 0.6658888748 0.1268822465 0.4760260016 0.8644127857 0.3883867841 0.4389678398 0.8712782905 0.4323104507 0.08893708034 0.2243601926 0.2312256974 nan nan
6 35771 662 662 0 0.2114936711 0.02841535414 0.1719418795 0.2556943986 0.08375251905 0.1687973804 0.3480293821 0.1792320017 0.6874441588 0.04356385423 0.1358899492 nan nan
7 8822 3017 3017 0 0.4212247793 0.04215349621 0.3496030403 0.4823576952 0.1327546548 0.2804295175 0.4983652407 0.2179357232 -0.1821032724 0.07692529231 0.1460988151 nan nan
8 80416 7393 7393 0 0.4345371573 0.03032110153 0.3877196974 0.4752524278 0.08753273042 0.2564963379 0.5702043312 0.3137079934 -0.6740590257 0.05161545996 0.1682969045 nan nan
9 175498 2916 2916 0 0.3723373994 0.03389929535 0.3552988263 0.448137558 0.09283873171 0.3462129696 0.5938893629 0.2476763933 2.426054776 0.07141951012 0.2171713151 nan nan
10 14142 8905 8905 0 0.3454372797 0.03430207792 0.2911212957 0.4009329879 0.1098116922 0.2182562001 0.4112630623 0.1930068622 -0.01907397005 0.05973853737 0.1324893184 nan nan
11 176287 17399 17399 0 0.4179541203 0.03741270257 0.3804334099 0.5026904298 0.1222570199 0.3477742903 0.5330695074 0.1852952172 0.7405138853 0.09476519267 0.1251442703 nan nan
12 98454 2848 2848 0 0.3990510227 0.06372299422 0.2827308105 0.4794378099 0.1967069994 0.2395251158 0.4970037574 0.2574786416 -0.3130078355 0.1033254804 0.1447659833 nan nan
13 156237 2360 2360 0 0.5576007083 0.07765266152 0.4942359301 0.7176769745 0.2234410444 0.4034140447 0.7240336018 0.3206195571 0.4834353976 0.1457626654 0.1690747168 nan nan
14 168732 13781 13781 0 0.4541941064 0.02790524152 0.4189570764 0.5108681309 0.09191105457 0.362800552 0.5696111304 0.2068105784 0.6552638375 0.06580718341 0.1238239429 nan nan
15 76537 4878 4878 0 0.5272401449 0.01807423324 0.4922838412 0.5488225441 0.05653870286 0.4851352643 0.5702076526 0.08507238838 -0.3327272015 0.04812237818 0.05527095513 nan nan
16 41854 8341 8341 0 0.3219294505 0.04242673204 0.2574905618 0.3867539878 0.129263426 0.2310395652 0.4180200045 0.1869804393 -0.02244733933 0.08750404987 0.1139550465 nan nan
17 49752 4179 4179 0 0.5154614252 0.01242697824 0.491202226 0.5322515254 0.04104929931 0.4851779411 0.5695487871 0.08437084598 -0.2724751372 0.03152707801 0.04686809672 nan nan
18 125038 14729 14729 0 0.5907428281 0.05827417289 0.4925052571 0.6741642395 0.1816589824 0.470978348 0.8712211021 0.4002427541 -0.08409205395 0.09825136474 0.2869799828 nan nan
19 30062 550 550 0 0.1957589937 0.03279558257 0.1701697202 0.2765132325 0.1063435123 0.1691760635 0.3296597904 0.1604837269 1.233739581 0.07907491098 0.1322214689 nan nan
20 34315 1951 1951 0 0.4064156946 0.07232419923 0.2803895378 0.5064734686 0.2260839308 0.2332802667 0.5703028197 0.3370225531 -0.2040802209 0.1255538996 0.1721902611 nan nan
21 31697 1389 1389 0 0.2516150331 0.07274387691 0.2310401028 0.5005442997 0.2695041969 0.2217856182 0.5437616093 0.3219759911 2.057755943 0.2483410655 0.2915583751 nan nan
22 48939 7102 7102 0 0.3194960198 0.03925815866 0.2536807556 0.3789457132 0.1252649576 0.2095030473 0.4224180244 0.2129149771 -0.067752115 0.08570488192 0.1298825902 nan nan
23 151127 3679 3679 0 0.4165459929 0.05620107106 0.3497248798 0.5146504271 0.1649255473 0.3469408035 0.576045086 0.2291042825 0.261424215 0.1183512134 0.1797458723 nan nan
24 68381 1742 1742 0 0.4935407616 0.008401278829 0.486230313 0.5041548373 0.01792452438 0.4852237255 0.5703882386 0.08516451312 4.351499996 0.01005694179 0.07629034307 nan nan
25 117692 12097 12097 0 0.5577817945 0.05419111924 0.4721570347 0.6414986126 0.1693415779 0.4473310529 0.8579553378 0.4106242849 0.3122843957 0.09677747197 0.313095395 nan nan
26 149482 7315 7315 0 0.5828951863 0.082870511 0.481519394 0.7096769172 0.2281575232 0.408312282 0.8713416162 0.4630293342 0.1949785475 0.1351631335 0.2960964935 nan nan
27 167957 2 2 0 0.3677321361 0.008207623147 0.3603452752 0.3751189969 0.01477372166 0.3595245129 0.3759397592 0.01641524629 nan 0.01559448398 0.01641524629 nan nan
28 22050 1671 1671 0 0.2225084179 0.03203352232 0.1898163863 0.2940279529 0.1042115666 0.1720293297 0.5653666074 0.3933372777 2.538530073 0.07420032684 0.3455389814 nan nan

K=29, phase=backward, parameter=w [deg]
cluster representative_source n_cluster n_valid n_missing median std p05 p95 width90 minimum maximum range skewness error95 error_max angle_origin_deg angle_resultant
0 144351 45536 45536 0 -0.6756680737 4.182463745 -5.163040592 9.684718244 14.84775884 -8.976981506 13.77511585 22.75209735 1.210806959 11.21051729 15.30091489 16.49328555 0.9973407867
1 22427 4532 4532 0 -0.7616733668 5.208608406 -4.743592374 16.85047613 21.5940685 -14.46280008 26.51430181 40.9771019 2.801511508 18.93720758 28.60103327 187.0295641 0.9959006396
2 33938 1408 1408 0 8.543136093 17.07575478 -31.99871587 15.30684708 47.30556295 -33.04568803 15.61721124 48.66289928 -0.7905546057 42.373772 43.42074417 200.2435615 0.9562622559
3 221195 4353 4353 0 -3.082838176 7.816077205 -7.677927073 13.45053109 21.12845817 -8.024931139 14.35155179 22.37648293 0.6484400291 19.32494216 20.22596285 15.94508806 0.9907222281
4 50147 5997 5997 0 -0.9576374897 4.71715565 -5.126634716 11.18414241 16.31077713 -25.19640408 17.15510245 42.35150652 1.361201636 12.77802638 23.7048491 196.9252297 0.9966222246
5 127305 3326 3326 0 2.672143958 5.96469331 -9.148457973 8.37707303 17.525531 -9.423574386 14.14806948 23.57164386 -0.3237393309 12.10009013 12.37520655 16.94882664 0.9945912028
6 35771 662 662 0 4.940176721 14.36984706 -31.27183388 15.01481036 46.28664424 -33.31264636 15.80223555 49.11488191 -1.041854343 42.60555968 44.64637216 200.4497373 0.9690194161
7 8822 3017 3017 0 -1.893901846 7.032965141 -3.72487862 21.84275779 25.56763641 -4.188243287 34.40895236 38.59719565 3.288086362 24.10575839 36.67195297 182.4149127 0.9925902147
8 80416 7393 7393 0 -0.2156650998 4.036738575 -4.778679224 6.420723558 11.19940278 -32.04344224 13.48901626 45.5324585 -0.9912419832 7.214240429 33.93559524 202.9642741 0.9975312396
9 175498 2916 2916 0 0.4061286323 6.006731015 -9.802914939 8.371039082 18.17395402 -11.59268046 9.108154827 20.70083529 -0.194690867 15.74499912 17.53476464 19.77512547 0.9945135255
10 14142 8905 8905 0 0.06195647355 3.761896891 -5.720758178 5.429531305 11.15028948 -20.89323229 28.63613361 49.5293659 0.8128148456 6.022476674 29.03591109 188.1794596 0.9978516583
11 176287 17399 17399 0 -0.5314660132 5.491818492 -7.735063305 8.593795074 16.32885838 -9.821786089 12.3669573 22.18874339 0.2020492657 13.37356657 15.46028935 18.41302768 0.9954126847
12 98454 2848 2848 0 2.868816206 10.05568071 -14.99642652 12.57466634 27.57109285 -37.21943134 13.04038786 50.2598192 -0.3432639953 24.89037468 47.1133795 204.3188375 0.9846701784
13 156237 2360 2360 0 0.02933807984 2.93063442 -4.865542133 5.936052002 10.80159414 -6.911748834 11.73340959 18.64515842 1.287574436 7.026500384 10.9698814 18.68685762 0.9986940088
14 168732 13781 13781 0 0.4571024723 3.834024831 -6.936841567 4.585810828 11.52265239 -13.01298182 9.809783737 22.82276556 -0.5023497038 9.260849043 15.3369893 21.29357506 0.9977635716
15 76537 4878 4878 0 -0.5240476841 6.812818859 -9.567844107 11.81457071 21.38241482 -11.30572699 14.36338684 25.66911383 0.25813603 11.37779964 13.38697951 190.679027 0.9929468073
16 41854 8341 8341 0 -1.759257125 6.055457253 -6.676443198 12.38481739 19.06126059 -35.10860923 14.75270223 49.86131146 0.1835952335 13.73312259 33.87631365 202.2403321 0.9944436921
17 49752 4179 4179 0 -0.9794544741 4.981759679 -6.677644162 9.808776738 16.4864209 -15.971752 13.50248849 29.47424049 0.6141350204 12.72047045 16.4136064 190.7539641 0.9962263239
18 125038 14729 14729 0 -0.04283725737 1.624603308 -2.178953852 2.139251824 4.318205675 -15.27278135 7.842826711 23.11560806 -1.301093966 2.729270879 15.53376624 22.82245231 0.9995985731
19 30062 550 550 0 3.263877435 15.00249376 -27.56976644 17.55114525 45.1209117 -31.20253939 18.94814628 50.15068567 -0.554226509 38.72510701 42.35787995 198.2815488 0.9661150045
20 34315 1951 1951 0 -1.566711603 7.837664802 -5.422603595 19.50795621 24.93055981 -28.36154629 22.0356995 50.39724579 0.8027059521 23.84786283 25.36397253 195.4191185 0.9907356791
21 31697 1389 1389 0 1.854155162 6.252272914 -11.85547473 9.564515458 21.41999019 -14.26018508 11.76644847 26.02663355 -0.6161815565 11.85059685 14.25530721 205.0196518 0.9940613706
22 48939 7102 7102 0 0.6897749558 5.416553804 -7.304191599 5.083285477 12.38747708 -37.06786409 13.37557423 50.44343832 -3.779700876 8.375111587 37.62265398 204.3046371 0.9956160527
23 151127 3679 3679 0 3.504066966 6.498246605 -14.31719745 5.210931178 19.52812863 -17.43696075 5.397287643 22.8342484 -1.185742545 18.02528121 21.14504452 25.55540356 0.9935899668
24 68381 1742 1742 0 0.002455317643 3.113244419 -4.229843972 4.573188342 8.803032314 -21.99557878 6.680777435 28.67635621 -1.391384429 5.993879873 20.81808107 196.1016706 0.9985276778
25 117692 12097 12097 0 1.675570181 4.936402732 -14.50406938 4.63615875 19.14022813 -16.8418347 6.681995253 23.52382995 -2.050685077 16.30759264 18.64535796 24.40436138 0.9963035079
26 149482 7315 7315 0 0.01512057797 3.658361854 -6.420656456 7.768403642 14.1890601 -12.11485189 10.97201471 23.0868666 0.09460031908 9.102319721 12.7619963 19.61755995 0.9979656517
27 167957 2 2 0 0 5.44337948 -4.899041532 4.899041532 9.798083064 -5.44337948 5.44337948 10.88675896 nan 10.34242101 10.88675896 21.81078213 0.9954904285
28 22050 1671 1671 0 1.107611685 7.619779227 -14.52885703 14.27538031 28.80423734 -31.974035 16.57592865 48.54996365 -0.9378763363 16.94749286 34.39267082 199.4676516 0.9912319915

K=29, phase=forward, parameter=eps [km^2/s^2]
cluster representative_source n_cluster n_valid n_missing median std p05 p95 width90 minimum maximum range skewness error95 error_max angle_origin_deg angle_resultant
0 144351 45536 45535 1 -0.1302240579 0.03646721055 -0.1922504169 -0.08013890505 0.1121115119 -0.8417957323 -0.06741220713 0.7743835252 -0.7953325724 0.07557249931 0.7251178147 nan nan
1 22427 4532 4532 0 -0.9734913894 0.03322412434 -1.004738683 -0.9119566515 0.09278203204 -1.008435512 -0.8308364273 0.1775990843 0.7354474167 0.04821705179 0.1290616501 nan nan
2 33938 1408 1408 0 -0.2409791857 0.01307374794 -0.2499412843 -0.2109207579 0.03902052645 -0.2527828516 -0.1773773486 0.07540550305 1.865664996 0.03106479426 0.06460820357 nan nan
3 221195 4353 4352 1 -0.8590743066 0.03355603052 -0.9660444917 -0.8342013469 0.1318431448 -1.030434577 -0.8278679467 0.2025666305 -2.203460966 0.1064674454 0.1708575309 nan nan
4 50147 5997 5997 0 -0.1680532228 0.0606957519 -0.2004446219 -0.1345089462 0.06593567571 -0.8540137839 -0.06641807564 0.7875957083 -9.473239094 0.03771760814 0.6885065017 nan nan
5 127305 3326 3326 0 -0.8817279816 0.05125149199 -0.9836914584 -0.8357540935 0.1479373649 -1.03264743 -0.1137687478 0.9188786823 1.164669335 0.08906909176 0.8097021044 nan nan
6 35771 662 661 1 -0.15819102 0.1496571313 -0.2224899969 -0.05831435042 0.1641756465 -0.9739501615 -0.05276686663 0.9211832949 -4.194775612 0.1042882668 0.8146364751 nan nan
7 8822 3017 3017 0 -0.8967459488 0.02435936131 -0.9531953951 -0.8769312416 0.07626415353 -0.9945256716 -0.8320477918 0.1624778798 -1.959840416 0.06025545228 0.1015517828 nan nan
8 80416 7393 7393 0 -0.2148216286 0.01290390448 -0.2283557982 -0.1959392671 0.03241653108 -0.8822466557 -0.1740116843 0.7082349713 -18.72486421 0.0203628662 0.6680393456 nan nan
9 175498 2916 2915 1 -0.8429648604 0.0246561936 -0.8761572068 -0.8286517419 0.04750546491 -1.031567892 -0.8280981773 0.2034697143 -3.869393092 0.04662632411 0.2020370089 nan nan
10 14142 8905 8905 0 -0.9777577954 0.03437087182 -1.015649312 -0.9160981612 0.09955115037 -1.031401665 -0.8303055485 0.201096116 0.5727313873 0.05278177949 0.1385634152 nan nan
11 176287 17399 17399 0 -0.8865142995 0.02341958816 -0.9301453741 -0.8582078022 0.07193757185 -1.028773311 -0.1371285066 0.891644804 1.113090435 0.04242234136 0.7512608368 nan nan
12 98454 2848 2848 0 -0.9230824804 0.0396775755 -0.9896338788 -0.8616946254 0.1279392534 -0.9939867236 -0.8285734072 0.1654133165 -0.0324693234 0.06810905603 0.0951633709 nan nan
13 156237 2360 2360 0 -0.2344867933 0.02156107763 -0.251709479 -0.1860530888 0.06565639019 -0.252502972 -0.1659654759 0.08653749612 0.801564643 0.04836043572 0.06844804861 nan nan
14 168732 13781 13781 0 -0.936923018 0.02236059173 -0.9646054744 -0.9058248216 0.05878065283 -1.032822576 -0.8302300174 0.2025925588 0.594490788 0.03747865747 0.1027164043 nan nan
15 76537 4878 4878 0 -0.894225171 0.02582978268 -0.9472573203 -0.8676372355 0.0796200848 -1.03210096 -0.8302712828 0.2018296769 -0.9681287039 0.04892344675 0.1299884754 nan nan
16 41854 8341 8341 0 -0.1838230243 0.0716721429 -0.2132165342 -0.1432707921 0.06994574212 -0.9877261112 -0.05281330025 0.9349128109 -7.946834036 0.05278631618 0.8001918862 nan nan
17 49752 4179 4179 0 -0.9646682256 0.032075364 -0.9975181313 -0.9104223462 0.08709578506 -1.029626834 -0.8276125597 0.2020142742 1.034058037 0.04661419189 0.1292460351 nan nan
18 125038 14729 14729 0 -0.9594744328 0.02306650724 -0.982614937 -0.9175841114 0.06503082557 -0.9896114344 -0.8277199769 0.1618914575 1.416235179 0.03525073347 0.1225946184 nan nan
19 30062 550 550 0 -0.9257418273 0.04602881151 -0.9917527098 -0.8496593528 0.142093357 -0.9933002974 -0.8328467911 0.1604535062 0.1087701393 0.07438742072 0.08478108851 nan nan
20 34315 1951 1950 1 -0.9225810468 0.04229045353 -0.9821139231 -0.8417248753 0.1403890478 -1.032728341 -0.8273640653 0.205364276 0.260771258 0.08972754439 0.1057005811 nan nan
21 31697 1389 1389 0 -0.1202600699 0.1426815423 -0.1958992108 -0.05504997813 0.1408492327 -0.9430517576 -0.05324740104 0.8898043565 -4.602234905 0.1226811156 0.8698336624 nan nan
22 48939 7102 7102 0 -0.2309586658 0.009443440299 -0.2422890077 -0.2124395818 0.02984942583 -0.2524932782 -0.1750066737 0.07748660453 0.7864299086 0.02024856381 0.05768147201 nan nan
23 151127 3679 3679 0 -0.1692410958 0.03345982159 -0.2049242536 -0.113975787 0.09094846664 -0.2515543665 -0.05474438652 0.19680998 0.04913123015 0.04761834885 0.1029810602 nan nan
24 68381 1742 1742 0 -0.152012336 0.08244182041 -0.2119976997 -0.1286490738 0.08334862591 -0.8983375977 -0.05884921902 0.8394883787 -7.344639725 0.06626489815 0.7521946518 nan nan
25 117692 12097 12097 0 -0.8905188593 0.02645019275 -0.9455010076 -0.8590781554 0.0864228523 -1.031707359 -0.827713574 0.203993785 -0.6676762419 0.05897117289 0.1451775242 nan nan
26 149482 7315 7312 3 -0.1704518425 0.08292686477 -0.2076032389 -0.1189024696 0.08870076936 -0.8815431542 -0.05270234629 0.8288408079 -6.798635335 0.04730759559 0.7173051269 nan nan
27 167957 2 2 0 -0.9173630773 0.06664816757 -0.9773464281 -0.8573797265 0.1199667016 -0.9840112448 -0.8507149097 0.1332963351 nan 0.1266315184 0.1332963351 nan nan
28 22050 1671 1671 0 -0.8434782677 0.03520708422 -0.8958626174 -0.8331100713 0.06275254614 -1.027438213 -0.05764273974 0.9697954728 11.00400103 0.05576404404 0.7827434053 nan nan

K=29, phase=forward, parameter=e [-]
cluster representative_source n_cluster n_valid n_missing median std p05 p95 width90 minimum maximum range skewness error95 error_max angle_origin_deg angle_resultant
0 144351 45536 45535 1 0.6796358862 0.09089073542 0.5199783475 0.80395793 0.2839795826 0.2073914285 0.835234226 0.6278427976 -0.2142791179 0.1935986023 0.5061855213 nan nan
1 22427 4532 4532 0 0.4830206206 0.05621399163 0.3771643526 0.5304362388 0.1532718862 0.1812165204 0.5358328063 0.3546162859 -1.037459767 0.0839892756 0.2799371077 nan nan
2 33938 1408 1408 0 0.3819603378 0.03797231625 0.3552446596 0.4703211999 0.1150765403 0.3461726393 0.5600128608 0.2138402215 1.739909963 0.09164598644 0.1813376474 nan nan
3 221195 4353 4352 1 0.263891278 0.0688485401 0.1927499008 0.4711576379 0.2784077371 0.171052843 0.5670128556 0.3959600125 1.714977403 0.2060388683 0.301894086 nan nan
4 50147 5997 5997 0 0.5829403753 0.06496475066 0.4972221697 0.6685033451 0.1712811754 0.1702432655 0.8377984961 0.6675552306 -1.335318812 0.09694146161 0.4192327727 nan nan
5 127305 3326 3326 0 0.3163655106 0.09823751827 0.1997355619 0.4989311116 0.2991955497 0.1705844038 0.7205663889 0.5499819851 0.3350854727 0.1996102901 0.3219241457 nan nan
6 35771 662 661 1 0.6091766487 0.1370556312 0.4573469302 0.857603974 0.4002570437 0.2373167072 0.8711452963 0.6338285891 0.191502024 0.2564747895 0.3683020248 nan nan
7 8822 3017 3017 0 0.3474410374 0.04570234216 0.3055849392 0.4503415182 0.144756579 0.1862807331 0.5153228252 0.3290420921 1.316643206 0.1287052331 0.1755310748 nan nan
8 80416 7393 7393 0 0.4583466478 0.02884208839 0.4199176623 0.5102378957 0.09032023336 0.3177232409 0.5675852738 0.2498620329 -0.06503390488 0.05526534815 0.1429564453 nan nan
9 175498 2916 2915 1 0.2206393726 0.05626640189 0.1738731792 0.30434534 0.1304721608 0.1718972398 0.5685885703 0.3966913306 2.337235681 0.1270465937 0.391289824 nan nan
10 14142 8905 8905 0 0.4896711751 0.05664792035 0.3849059659 0.546211854 0.1613058882 0.1793797446 0.5683851512 0.3890054066 -0.8553826883 0.09070019876 0.2962096417 nan nan
11 176287 17399 17399 0 0.3267021452 0.0464653536 0.2616295772 0.4107795008 0.1491499236 0.1705702238 0.6620800671 0.4915098434 0.5262620232 0.0830438233 0.3314724014 nan nan
12 98454 2848 2848 0 0.3979454791 0.07394297137 0.2705788305 0.5079621497 0.2373833192 0.1739209576 0.5145196842 0.3405987266 -0.2370716004 0.1285187272 0.2251766001 nan nan
13 156237 2360 2360 0 0.4007756906 0.06107442122 0.349596198 0.5351603513 0.1855641534 0.3470213037 0.5895785775 0.2425572738 0.738279586 0.1343573193 0.1887755455 nan nan
14 168732 13781 13781 0 0.422651729 0.04095537515 0.3656537536 0.4689353036 0.1032815499 0.1798993496 0.5703371427 0.3904377931 -1.228245293 0.06309456139 0.2307565852 nan nan
15 76537 4878 4878 0 0.342469777 0.05033206109 0.2844136306 0.4402712109 0.1558575803 0.1800733503 0.5693491207 0.3892757704 0.5998061466 0.09251242993 0.2110884426 nan nan
16 41854 8341 8341 0 0.5417240824 0.07182285647 0.4620013992 0.6468925837 0.1848911845 0.1740052391 0.8710333686 0.6970281295 -0.1266350162 0.1369432954 0.3575584271 nan nan
17 49752 4179 4179 0 0.4689614154 0.05656565464 0.3742983404 0.5197910229 0.1454926825 0.1701907883 0.5659313005 0.3957405122 -1.522461013 0.08224137402 0.2860091532 nan nan
18 125038 14729 14729 0 0.4605790239 0.04112804428 0.3878879757 0.4972451308 0.109357155 0.1705447562 0.5079289129 0.3373841566 -2.062126707 0.05848015404 0.2748802499 nan nan
19 30062 550 550 0 0.4027292921 0.08635730652 0.2392929575 0.5111655125 0.271872555 0.1879810555 0.5134857391 0.3255046836 -0.3315866374 0.1486073429 0.1999192449 nan nan
20 34315 1951 1950 1 0.3968593712 0.08348520236 0.2168031181 0.4964756784 0.2796725603 0.1692288258 0.5702003835 0.4009715577 -0.6675653695 0.1882495952 0.2358238875 nan nan
21 31697 1389 1389 0 0.7050091888 0.1241137799 0.5101784263 0.86556152 0.3553830937 0.1733359682 0.8699854239 0.6966494557 -1.35538048 0.3109560766 0.6477985346 nan nan
22 48939 7102 7102 0 0.4123007073 0.02735235508 0.3787352818 0.4660447942 0.08730951246 0.3468571376 0.5661881111 0.2193309735 0.7064387023 0.05924944495 0.1593544292 nan nan
23 151127 3679 3679 0 0.5796774059 0.08678306292 0.4847180242 0.7200871969 0.2353691728 0.3499722785 0.8663378066 0.5163655281 -0.01931072496 0.1256672751 0.2598687816 nan nan
24 68381 1742 1742 0 0.6242950365 0.0804362807 0.466303867 0.6832539235 0.2169500564 0.1699981667 0.8563122445 0.6863140778 -1.979019988 0.1744994489 0.4691839526 nan nan
25 117692 12097 12097 0 0.3349850607 0.05335113089 0.2636868817 0.4374378759 0.1737509942 0.1705352549 0.5687824395 0.3982471845 0.3523094338 0.114030099 0.2421431589 nan nan
26 149482 7315 7312 3 0.5769555143 0.09171488907 0.4784679991 0.7077381668 0.2292701677 0.2429142858 0.8713080396 0.6283937538 -0.3412508913 0.1198869553 0.3501196185 nan nan
27 167957 2 2 0 0.3708779079 0.128492728 0.2552344527 0.4865213631 0.2312869104 0.2423851799 0.4993706359 0.256985456 nan 0.2441361832 0.256985456 nan nan
28 22050 1671 1671 0 0.2221212069 0.05639035584 0.1893839358 0.3466782325 0.1572942967 0.1708431098 0.859260499 0.6884173891 3.266177154 0.1339289277 0.6465111942 nan nan

K=29, phase=forward, parameter=w [deg]
cluster representative_source n_cluster n_valid n_missing median std p05 p95 width90 minimum maximum range skewness error95 error_max angle_origin_deg angle_resultant
0 144351 45536 45535 1 -3.426551148 20.56418659 -21.36221307 35.15592716 56.51814022 -177.6935091 178.8139819 356.507491 0.0241627248 57.09381347 179.9821834 177.837767 0.9431814525
1 22427 4532 4532 0 -2.661158383 24.37997648 -12.82159915 37.59521095 50.4168101 -178.5650772 179.9898971 358.5549742 3.508536638 45.11705791 179.3383805 305.645581 0.9377937295
2 33938 1408 1408 0 -3.84720834 22.3253371 -25.94615018 43.8057067 69.75185688 -27.6319535 168.9555324 196.5874859 1.414227641 68.90076019 174.8631689 216.494188 0.9302052139
3 221195 4353 4352 1 -8.843385953 32.66080238 -27.54458247 78.08688738 105.6314698 -178.4866071 179.7701472 358.2567543 1.451801074 103.2341291 179.7169989 67.11210698 0.8609979771
4 50147 5997 5997 0 -7.539278229 39.0506612 -20.58863924 108.8505728 129.4392121 -179.975469 179.2424938 359.2179628 1.661424659 127.9704641 179.9194652 188.3865649 0.8416475434
5 127305 3326 3326 0 5.003840421 36.3155741 -54.01205926 56.6033635 110.6154228 -169.3058401 179.198931 348.5047711 0.07234608093 64.31912997 175.125622 117.9462244 0.8257173286
6 35771 662 661 1 -4.44637935 50.82290042 -33.18322503 131.2760165 164.4592415 -177.9462398 179.0545579 357.0007977 0.8001115006 155.8171168 179.5816781 283.5323409 0.7446263013
7 8822 3017 3017 0 -3.592199497 23.54874325 -6.858537266 47.82584973 54.68438699 -175.0248391 175.6083288 350.6331678 0.2942033804 58.02446361 178.4108472 299.0435716 0.9418620787
8 80416 7393 7393 0 -2.322761991 23.93383906 -30.27803486 41.01197397 71.29000883 -170.9924027 167.4079239 338.4003266 0.81995899 44.29507892 178.6169262 202.1801032 0.9197332291
9 175498 2916 2915 1 -4.576486459 26.22661991 -19.69593918 38.55197166 58.24791084 -178.048958 176.2037525 354.2527104 -0.2362608271 43.55724056 178.0482139 23.45871773 0.9229791355
10 14142 8905 8905 0 -1.013764267 17.94682191 -9.400764748 11.94850988 21.34927463 -171.5775233 171.235454 342.8129772 2.977513034 17.06230773 175.8923918 303.5942791 0.9674517323
11 176287 17399 17399 0 -2.222327209 20.93135739 -19.51676815 34.64959419 54.16636233 -179.3209666 177.8944018 357.2153684 1.524770447 53.55681371 179.5701104 17.52090414 0.9448938562
12 98454 2848 2848 0 -6.31065165 44.88486013 -25.05017791 78.83076179 103.8809397 -179.9457684 178.3016521 358.2474205 1.541610688 124.1594954 179.3235673 344.1421488 0.8115544988
13 156237 2360 2360 0 -6.40448619 40.25102704 -38.80239683 82.20095005 121.0033469 -43.39022917 168.0795966 211.4698258 1.399732318 105.062952 178.6239116 245.0444185 0.7993268608
14 168732 13781 13781 0 -5.101483891 26.47026795 -17.41323658 32.09126584 49.50450243 -179.3710745 178.1057492 357.4768237 2.178978031 45.77806145 179.3336907 10.17694776 0.9206948549
15 76537 4878 4878 0 -3.413321723 22.6081357 -16.75801828 33.57063014 50.32864842 -178.7377523 176.3062722 355.0440245 1.457405789 40.13775969 178.9460027 311.3416425 0.9405042406
16 41854 8341 8341 0 -14.50461201 42.99219504 -35.61965063 90.86673116 126.4863818 -173.8563211 179.6853509 353.541672 0.9440479048 124.743646 179.9548928 203.6794321 0.7718592015
17 49752 4179 4179 0 -2.115733671 28.72092032 -20.19868921 27.34499181 47.54368102 -179.2694223 159.436968 338.7063903 2.609464861 90.4021084 170.0496451 317.1679898 0.9072321295
18 125038 14729 14729 0 -2.921668584 21.81264865 -18.203566 33.38183915 51.58540515 -169.9999806 179.5529866 349.5529672 2.566834895 46.68237237 179.8517797 12.74270583 0.9436142922
19 30062 550 550 0 -5.122171301 44.50433069 -29.38979021 127.3877302 156.7775204 -178.9413356 176.6780381 355.6193737 1.808803734 150.1275235 177.1265897 31.6169712 0.788776016
20 34315 1951 1950 1 -2.630673749 33.98346075 -53.89909054 45.66588001 99.56497055 -178.531777 160.2436315 338.7754085 -1.194436059 63.59136505 169.7868601 48.88484839 0.8706072005
21 31697 1389 1389 0 -5.301378274 44.85808194 -32.45980209 67.47085268 99.93065477 -171.5559148 177.664738 349.2206528 -0.1582802629 130.0160038 179.1534061 280.1549212 0.7920397529
22 48939 7102 7102 0 -2.144839534 21.9316351 -26.80746201 35.37093032 62.17839234 -177.6635282 177.7495673 355.4130955 0.7404480597 56.03177564 173.6785287 201.7156966 0.9340022195
23 151127 3679 3679 0 -4.511676181 53.03671771 -37.90684057 138.4944493 176.4012898 -179.4761369 178.0267793 357.5029162 0.93162005 158.7319952 179.9981712 251.8018259 0.7196260091
24 68381 1742 1742 0 -7.325187582 45.45935886 -22.44853229 123.1357941 145.5843263 -175.8644617 174.545462 350.4099237 1.272490133 142.4027366 179.2543688 209.0355216 0.7885824924
25 117692 12097 12097 0 -4.237928911 29.05547408 -24.63073346 37.70316575 62.33389921 -177.137247 170.8898857 348.0271327 -1.686583521 63.25560371 179.374557 18.87569922 0.9024309
26 149482 7315 7312 3 -5.233772425 36.43768567 -28.40148367 90.07921249 118.4806962 -172.990925 179.2413112 352.2322362 1.482276048 120.0608821 179.5970959 299.2215285 0.8455449956
27 167957 2 2 0 -1.421085472e-14 34.03870932 -30.63483839 30.63483839 61.26967677 -34.03870932 34.03870932 68.07741864 nan 64.67354771 68.07741864 135.7583733 0.8286595898
28 22050 1671 1671 0 -3.35043784 24.27884609 -28.12301549 52.36249277 80.48550826 -159.8192986 175.6971844 335.516483 1.601809309 65.26518679 174.0392391 167.2825294 0.923927224

K=32, STD=0.01188009774
n = trajectories per cluster; conditions overlap.
n = 1: clusters=0/32 (0.00%); trajectories=0/194058 (0.00%)
n < 10: clusters=1/32 (3.12%); trajectories=2/194058 (0.00%)
n < 100: clusters=1/32 (3.12%); trajectories=2/194058 (0.00%)

K=32, phase=backward, parameter=eps [km^2/s^2]
cluster representative_source n_cluster n_valid n_missing median std p05 p95 width90 minimum maximum range skewness error95 error_max angle_origin_deg angle_resultant
0 144351 45536 45536 0 -0.1285936259 0.03458156086 -0.1884931143 -0.07977567994 0.1087174343 -0.2035717269 -0.05277766638 0.1507940605 -0.1478666088 0.06604969283 0.08112696682 nan nan
1 23915 4583 4583 0 -0.8961615111 0.02213734733 -0.9389165023 -0.8689970766 0.06991942563 -0.9492040331 -0.8636873421 0.08551669097 -0.3786062669 0.03882762098 0.0491151518 nan nan
2 19832 1037 1037 0 -0.8332222495 0.005864236779 -0.8462674498 -0.8282546675 0.01801278221 -0.8546095202 -0.8272587452 0.02735077501 -0.8852300921 0.01384379595 0.02218586643 nan nan
3 221195 4353 4353 0 -0.2100280635 0.03646152331 -0.2481820563 -0.1339395049 0.1142425515 -0.2514873919 -0.1128687881 0.1386186038 0.6003262305 0.07482942366 0.09590014043 nan nan
4 57501 12951 12951 0 -0.9467339119 0.01692550482 -0.9717141434 -0.9203878283 0.05132631515 -1.032725041 -0.856391879 0.1763331615 0.2686784997 0.02836279627 0.08853530527 nan nan
5 127305 3326 3326 0 -0.1355594562 0.0500805197 -0.2084784819 -0.0555279303 0.1529505516 -0.2211817588 -0.05271329248 0.1684684663 0.1265484683 0.09030403984 0.09311867765 nan nan
6 30062 489 489 0 -0.8346592701 0.009444937317 -0.8530750838 -0.8275955194 0.02547956445 -0.8874399638 -0.8273421217 0.06009784214 -1.538477919 0.01767572903 0.05204060906 nan nan
7 8552 2732 2732 0 -0.9352463956 0.02306329082 -0.9722998548 -0.8986918256 0.07360802919 -0.983407574 -0.8771550846 0.1062524894 -0.005709517564 0.04029691165 0.06061938217 nan nan
8 36833 1165 1165 0 -0.9209330656 0.04102532327 -0.9876014272 -0.8616027562 0.1259986711 -0.9892940416 -0.8467359605 0.1425580811 -0.03332798718 0.06535144405 0.08021823972 nan nan
9 175498 2916 2916 0 -0.2443641231 0.0116425202 -0.2499162319 -0.2188861964 0.03103003559 -0.2527590311 -0.1642841265 0.08847490464 2.604673455 0.02378658566 0.07838865551 nan nan
10 9615 5112 5112 0 -0.8994117549 0.01653412681 -0.9278715679 -0.8758178213 0.0520537466 -0.9352804809 -0.8425674903 0.09271299061 -0.09442717113 0.03229193983 0.05328680932 nan nan
11 176287 17399 17399 0 -0.2290340066 0.01309490066 -0.241754585 -0.1989368267 0.04281775832 -0.2521693194 -0.1875834268 0.06458589264 0.7969719451 0.03335044396 0.04470384386 nan nan
12 31323 999 999 0 -0.8941359106 0.02085494214 -0.9271284662 -0.8632077607 0.06392070546 -0.9346633784 -0.8449916947 0.08967168366 -0.002388553963 0.03797318929 0.05618925531 nan nan
13 156237 2360 2360 0 -0.1779115598 0.03014214023 -0.2018666277 -0.1149331859 0.08693344174 -0.2335394808 -0.1123828244 0.1211566563 0.5107291172 0.05745142586 0.0613381458 nan nan
14 168732 13781 13781 0 -0.2162690032 0.01010601525 -0.2286408409 -0.19534265 0.03329819087 -0.247262219 -0.1736882392 0.07357397977 0.7312427206 0.02394124686 0.0454199676 nan nan
15 71849 4665 4665 0 -1.003566641 0.01162377141 -1.017541995 -0.9809872572 0.03655473809 -1.032726459 -0.9748868084 0.05783965079 0.3461505567 0.03152082385 0.03762127267 nan nan
16 35338 1353 1353 0 -0.8525299519 0.007436754644 -0.8597737946 -0.8423822163 0.01739157834 -0.9876795865 -0.8282045309 0.1594750556 -8.704369777 0.01058034681 0.136629845 nan nan
17 49752 4094 4094 0 -0.9948357424 0.008189764803 -1.005986255 -0.9789114913 0.02707476417 -1.032259749 -0.9748154319 0.0574443166 0.25389188 0.02062954467 0.03277280492 nan nan
18 125038 14729 14729 0 -0.1650168981 0.0224764675 -0.202224966 -0.1322671689 0.06995779709 -0.2101562628 -0.05273741919 0.1574188436 -0.04879353572 0.03788398996 0.1147971467 nan nan
19 28151 1511 1511 0 -0.8928799674 0.01998633337 -0.9307697594 -0.8658720876 0.06489767175 -0.9418676248 -0.8473882159 0.09447940883 -0.3162588398 0.03595986624 0.05236309408 nan nan
20 110896 1930 1930 0 -0.954758695 0.02626281866 -0.9797165468 -0.9082857186 0.07143082819 -0.9842761492 -0.8535019508 0.1307741985 1.501398209 0.04554045033 0.1003242182 nan nan
21 22279 836 836 0 -0.8467694724 0.01835558735 -0.8816652797 -0.843266034 0.0383992457 -1.029219855 -0.8413147502 0.1879051049 -5.892190351 0.03490383591 0.1824584113 nan nan
22 66366 884 884 0 -0.8616108016 0.0165306365 -0.893795677 -0.8438972167 0.0498984603 -0.9512593681 -0.8391363314 0.1121230368 -1.313870151 0.03439015307 0.07368448167 nan nan
23 151127 3679 3679 0 -0.2291688037 0.01968412863 -0.2516464586 -0.193707349 0.05793910961 -0.2525377874 -0.171209761 0.08132802632 0.3067127615 0.04224388251 0.06474147045 nan nan
24 68757 1656 1656 0 -0.9800720272 0.005872802175 -0.9867693306 -0.9754347967 0.01133453386 -1.032861257 -0.9712650374 0.06159621956 -4.676780212 0.006666349106 0.05269876842 nan nan
25 117692 12097 12097 0 -0.1776786929 0.02067746942 -0.209457891 -0.1451854182 0.06427247289 -0.218225074 -0.05817614925 0.1600489248 0.3768513797 0.0373168945 0.1243261634 nan nan
26 149482 7315 7315 0 -0.1681000354 0.03210648908 -0.2064920138 -0.1181469311 0.08834508274 -0.2318630639 -0.05268666046 0.1791764035 0.2294483215 0.05312110475 0.1184236379 nan nan
27 167957 2 2 0 -0.2458028032 0.002959822374 -0.2484666434 -0.2431389631 0.005327680273 -0.2487626256 -0.2428429808 0.005919644748 nan 0.005623662511 0.005919644748 nan nan
28 14797 915 915 0 -0.836354326 0.004258557944 -0.8434291514 -0.8316933787 0.01173577274 -0.8665942385 -0.8273098337 0.03928440487 -1.314374685 0.007413209952 0.02996367002 nan nan
29 24197 3810 3810 0 -0.9566736156 0.01393093168 -0.97798414 -0.933857785 0.04412635494 -0.9837976931 -0.9238201125 0.0599775806 0.08216473036 0.02466780169 0.03130959789 nan nan
30 45752 14795 14795 0 -0.8837738707 0.0189821221 -0.9147524285 -0.855900428 0.05885200046 -0.9370038763 -0.8436197578 0.09338411854 -0.0736265146 0.03848639203 0.0507646333 nan nan
31 46081 1048 1048 0 -0.9678386852 0.01959037741 -0.9905297704 -0.9332192515 0.05731051888 -1.032801629 -0.9193166513 0.1134849776 0.2334797374 0.03988858757 0.05996074876 nan nan

K=32, phase=backward, parameter=e [-]
cluster representative_source n_cluster n_valid n_missing median std p05 p95 width90 minimum maximum range skewness error95 error_max angle_origin_deg angle_resultant
0 144351 45536 45536 0 0.6837148927 0.08734793739 0.5299264696 0.8048349235 0.2749084539 0.4879128101 0.871126336 0.3832135259 -0.1769527532 0.1692799139 0.2112752098 nan nan
1 23915 4583 4583 0 0.3463989083 0.04387514757 0.2875120165 0.4259566068 0.1384445903 0.2749409086 0.4434834108 0.1685425022 0.2492229598 0.07453374905 0.08922348846 nan nan
2 19832 1037 1037 0 0.1899624052 0.01861672861 0.1724861882 0.2298857509 0.05739956266 0.1687973804 0.2526748821 0.08387750165 0.7343357021 0.04242176794 0.06521089914 nan nan
3 221195 4353 4353 0 0.4719043124 0.09895869357 0.3605725645 0.6708274831 0.3102549186 0.3503572148 0.7234018269 0.3730446121 0.5158688414 0.1946729562 0.2472473 nan nan
4 57501 12951 12951 0 0.4394647639 0.02902476697 0.3931107857 0.4802614105 0.08715062475 0.2572791913 0.5702043312 0.3129251399 -0.4996127298 0.04704678965 0.1778356534 nan nan
5 127305 3326 3326 0 0.6658888748 0.1268822465 0.4760260016 0.8644127857 0.3883867841 0.4389678398 0.8712782905 0.4323104507 0.08893708034 0.2243601926 0.2312256974 nan nan
6 30062 489 489 0 0.1944417258 0.02815343788 0.1700707265 0.2484644564 0.07839372989 0.1691760635 0.3287844605 0.159608397 1.079572266 0.05102613488 0.1313461389 nan nan
7 8552 2732 2732 0 0.4195183176 0.04059632253 0.3512903989 0.4810282888 0.1297378899 0.3065870977 0.4983652407 0.191778143 -0.1021643364 0.07287245865 0.1172957611 nan nan
8 36833 1165 1165 0 0.3940165152 0.07664668319 0.2699126868 0.504868637 0.2349559503 0.2310395652 0.5074424839 0.2764029188 -0.175939532 0.1350197156 0.1738928372 nan nan
9 175498 2916 2916 0 0.3723373994 0.03389929535 0.3552988263 0.448137558 0.09283873171 0.3462129696 0.5938893629 0.2476763933 2.426054776 0.07141951012 0.2171713151 nan nan
10 9615 5112 5112 0 0.3528238549 0.03290329437 0.3031553505 0.4064486882 0.1032933377 0.2182562001 0.4195557869 0.2012995868 -0.03065700088 0.06236304033 0.1274045522 nan nan
11 176287 17399 17399 0 0.4179541203 0.03741270257 0.3804334099 0.5026904298 0.1222570199 0.3477742903 0.5330695074 0.1852952172 0.7405138853 0.09476519267 0.1251442703 nan nan
12 31323 999 999 0 0.3424905644 0.04304871365 0.2738328685 0.4052353682 0.1314024997 0.2252671967 0.4183223121 0.1930551154 -0.1455272377 0.08263679582 0.1312024676 nan nan
13 156237 2360 2360 0 0.5576007083 0.07765266152 0.4942359301 0.7176769745 0.2234410444 0.4034140447 0.7240336018 0.3206195571 0.4834353976 0.1457626654 0.1690747168 nan nan
14 168732 13781 13781 0 0.4541941064 0.02790524152 0.4189570764 0.5108681309 0.09191105457 0.362800552 0.5696111304 0.2068105784 0.6552638375 0.06580718341 0.1238239429 nan nan
15 71849 4665 4665 0 0.5287148119 0.01723325425 0.4946726122 0.5489224138 0.05424980169 0.4852915898 0.5702076526 0.0849160628 -0.3820306973 0.04705307021 0.05643409254 nan nan
16 35338 1353 1353 0 0.2471111437 0.01751660876 0.2188008191 0.2657259463 0.04692512719 0.1721287398 0.5049891218 0.332860382 4.402134205 0.0284829885 0.2618406568 nan nan
17 49752 4094 4094 0 0.5157849711 0.01232790795 0.4914889663 0.532259323 0.04077035671 0.4851779411 0.5695487871 0.08437084598 -0.2940164997 0.0312633734 0.04686809672 nan nan
18 125038 14729 14729 0 0.5907428281 0.05827417289 0.4925052571 0.6741642395 0.1816589824 0.470978348 0.8712211021 0.4002427541 -0.08409205395 0.09825136474 0.2869799828 nan nan
19 28151 1511 1511 0 0.3399030154 0.04057900975 0.2802360604 0.4117137639 0.1314777035 0.2332810549 0.4310622916 0.1977812368 0.138235379 0.07428354402 0.1203374303 nan nan
20 110896 1930 1930 0 0.4528452121 0.04783045729 0.370549769 0.492822714 0.122272945 0.2498003255 0.4998487813 0.2500484558 -1.888033119 0.08083925654 0.2015887001 nan nan
21 22279 836 836 0 0.231252375 0.03819421377 0.2213339045 0.3164401638 0.09510625933 0.2155579988 0.5653666074 0.3498086086 4.887527866 0.08519584386 0.3341222875 nan nan
22 66366 884 884 0 0.2700002326 0.03816122132 0.2231715732 0.3411382613 0.1179666882 0.2091809857 0.4467517445 0.2375707588 0.9057515416 0.08537543503 0.1392523228 nan nan
23 151127 3679 3679 0 0.4165459929 0.05620107106 0.3497248798 0.5146504271 0.1649255473 0.3469408035 0.576045086 0.2291042825 0.261424215 0.1183512134 0.1797458723 nan nan
24 68757 1656 1656 0 0.4933382072 0.008805652359 0.4861054665 0.5036082588 0.0175027923 0.4795763535 0.5703882386 0.09081188511 4.408790125 0.0102637289 0.07693636227 nan nan
25 117692 12097 12097 0 0.5577817945 0.05419111924 0.4721570347 0.6414986126 0.1693415779 0.4473310529 0.8579553378 0.4106242849 0.3122843957 0.09677747197 0.313095395 nan nan
26 149482 7315 7315 0 0.5828951863 0.082870511 0.481519394 0.7096769172 0.2281575232 0.408312282 0.8713416162 0.4630293342 0.1949785475 0.1351631335 0.2960964935 nan nan
27 167957 2 2 0 0.3677321361 0.008207623147 0.3603452752 0.3751189969 0.01477372166 0.3595245129 0.3759397592 0.01641524629 nan 0.01559448398 0.01641524629 nan nan
28 14797 915 915 0 0.2001632205 0.01315067732 0.1845220786 0.22169441 0.03717233134 0.1689586571 0.2813253932 0.1123667361 0.8761104129 0.02410092552 0.08025733556 nan nan
29 24197 3810 3810 0 0.4559044439 0.02302307754 0.417102005 0.4900055028 0.07290349777 0.3992412145 0.4990063001 0.09976508567 -0.140241992 0.04060411736 0.05408985642 nan nan
30 45752 14795 14795 0 0.3208626478 0.04089332689 0.2557312705 0.382662075 0.1269308044 0.2224004341 0.4224180244 0.2000175903 -0.0592495814 0.08722242395 0.1205532603 nan nan
31 46081 1048 1048 0 0.474024011 0.03177168229 0.4160641658 0.5093176159 0.09325345009 0.3912683349 0.5703028197 0.1790344849 -0.3099008038 0.06626717958 0.09069822328 nan nan

K=32, phase=backward, parameter=w [deg]
cluster representative_source n_cluster n_valid n_missing median std p05 p95 width90 minimum maximum range skewness error95 error_max angle_origin_deg angle_resultant
0 144351 45536 45536 0 -0.6756680737 4.182463745 -5.163040592 9.684718244 14.84775884 -8.976981506 13.77511585 22.75209735 1.210806959 11.21051729 15.30091489 16.49328555 0.9973407867
1 23915 4583 4583 0 -0.09424303135 1.798297825 -2.854342139 3.063193147 5.917535286 -3.700382296 3.933683703 7.634065999 0.1259040703 4.572466277 5.418506434 190.4200274 0.9995075393
2 19832 1037 1037 0 3.008829966 14.19999317 -23.86097838 17.79732683 41.65830521 -26.37988966 20.47465229 46.85454196 -0.3642442231 31.91940917 34.43832045 194.6795109 0.9695621517
3 221195 4353 4353 0 -3.082838176 7.816077205 -7.677927073 13.45053109 21.12845817 -8.024931139 14.35155179 22.37648293 0.6484400291 19.32494216 20.22596285 15.94508806 0.9907222281
4 57501 12951 12951 0 -0.1582360837 5.061354404 -7.413897178 8.454391448 15.86828863 -29.31053573 16.22192277 45.5324585 0.07660416917 10.56908145 27.35957019 200.2313675 0.9961085454
5 127305 3326 3326 0 2.672143958 5.96469331 -9.148457973 8.37707303 17.525531 -9.423574386 14.14806948 23.57164386 -0.3237393309 12.10009013 12.37520655 16.94882664 0.9945912028
6 30062 489 489 0 4.964619928 15.1531969 -28.45965503 16.34247344 44.80212848 -32.53482755 17.58728992 50.12211747 -0.6516729072 38.25413924 42.32931175 199.6424052 0.9654454434
7 8552 2732 2732 0 -1.265563453 6.120094052 -3.057335638 9.346464896 12.40380053 -3.484093319 35.04374342 38.52783673 4.247931358 10.9267001 36.62397862 181.7107627 0.9944075892
8 36833 1165 1165 0 -0.4777447754 7.231297394 -4.514569015 16.5931489 21.10771791 -28.24518103 21.44159304 49.68677407 -0.2748167021 21.13403758 26.3099187 195.382272 0.992122969
9 175498 2916 2916 0 0.4061286323 6.006731015 -9.802914939 8.371039082 18.17395402 -11.59268046 9.108154827 20.70083529 -0.194690867 15.74499912 17.53476464 19.77512547 0.9945135255
10 9615 5112 5112 0 -0.4985018195 3.698382898 -3.980775892 7.68940381 11.6701797 -18.40349334 30.92752074 49.33101408 2.926838089 8.391357168 31.57120552 185.9117179 0.9979324417
11 176287 17399 17399 0 -0.5314660132 5.491818492 -7.735063305 8.593795074 16.32885838 -9.821786089 12.3669573 22.18874339 0.2020492657 13.37356657 15.46028935 18.41302768 0.9954126847
12 31323 999 999 0 -1.309670015 9.484853155 -4.786980649 20.34314821 25.13012886 -29.41643152 20.98081427 50.39724579 0.1000176814 22.12012482 28.20498235 196.4740037 0.9864797723
13 156237 2360 2360 0 0.02933807984 2.93063442 -4.865542133 5.936052002 10.80159414 -6.911748834 11.73340959 18.64515842 1.287574436 7.026500384 10.9698814 18.68685762 0.9986940088
14 168732 13781 13781 0 0.4571024723 3.834024831 -6.936841567 4.585810828 11.52265239 -13.01298182 9.809783737 22.82276556 -0.5023497038 9.260849043 15.3369893 21.29357506 0.9977635716
15 71849 4665 4665 0 -0.4189734436 6.448049609 -9.056051193 11.16537982 20.22143101 -10.751923 14.0953375 24.84726051 0.2561216815 10.80241612 13.49165325 190.125223 0.9936803783
16 35338 1353 1353 0 -0.210781142 4.490528655 -6.083718165 7.929851977 14.01357014 -40.63339357 9.227917893 49.86131146 -2.384678905 8.251916687 40.97913021 207.7651164 0.9969653352
17 49752 4094 4094 0 -0.9756403137 4.987264655 -6.694013367 9.812994259 16.50700763 -15.9676795 13.11829693 29.08597642 0.6130022577 12.72060479 16.02534233 190.7498916 0.9962179966
18 125038 14729 14729 0 -0.04283725737 1.624603308 -2.178953852 2.139251824 4.318205675 -15.27278135 7.842826711 23.11560806 -1.301093966 2.729270879 15.53376624 22.82245231 0.9995985731
19 28151 1511 1511 0 -5.639987938 10.75094716 -9.726218525 16.47842638 26.2046449 -33.42405793 16.82584342 50.24990135 0.5191541981 22.9591401 26.99443714 200.5234641 0.9825056611
20 110896 1930 1930 0 2.647925562 9.561296191 -15.64893388 10.493029 26.14196287 -25.89898946 12.66987495 38.56886441 -1.081940934 19.87777203 30.12782761 204.5317191 0.9861784043
21 22279 836 836 0 -0.6793671557 5.214272015 -6.502893635 11.69641649 18.19931012 -31.52420214 14.1573 45.68150214 0.8381028543 13.66027324 29.59441245 203.0428619 0.9958746621
22 66366 884 884 0 9.841281873 18.99831717 -37.17406487 11.07602939 48.25009426 -37.41221417 11.29878505 48.71099922 -1.326619411 47.99029388 48.22844318 204.6100876 0.9464631394
23 151127 3679 3679 0 3.504066966 6.498246605 -14.31719745 5.210931178 19.52812863 -17.43696075 5.397287643 22.8342484 -1.185742545 18.02528121 21.14504452 25.55540356 0.9935899668
24 68757 1656 1656 0 0.001711711392 3.140546735 -3.915636609 4.614309935 8.529946544 -22.19404843 6.742110262 28.93615869 -1.668867866 6.015288166 20.95775711 196.3001403 0.9985024748
25 117692 12097 12097 0 1.675570181 4.936402732 -14.50406938 4.63615875 19.14022813 -16.8418347 6.681995253 23.52382995 -2.050685077 16.30759264 18.64535796 24.40436138 0.9963035079
26 149482 7315 7315 0 0.01512057797 3.658361854 -6.420656456 7.768403642 14.1890601 -12.11485189 10.97201471 23.0868666 0.09460031908 9.102319721 12.7619963 19.61755995 0.9979656517
27 167957 2 2 0 0 5.44337948 -4.899041532 4.899041532 9.798083064 -5.44337948 5.44337948 10.88675896 nan 10.34242101 10.88675896 21.81078213 0.9954904285
28 14797 915 915 0 2.462998029 8.654406269 -16.97396642 11.76387578 28.7378422 -28.47136791 18.53535687 47.00672478 -0.9578618109 18.96553859 30.46294008 195.9649845 0.98867925
29 24197 3810 3810 0 -1.006671815 5.435163187 -4.609957993 17.41147571 22.02143371 -14.3932853 24.58555878 38.97884407 2.776510798 19.31863973 26.49272279 186.9600494 0.9955368812
30 45752 14795 14795 0 -0.1559617971 5.105096528 -7.028569188 7.433493024 14.46206221 -36.49019017 14.03520318 50.52539335 -0.5986218063 8.338600176 35.84204814 203.6450082 0.9960518788
31 46081 1048 1048 0 -3.162494992 6.487463012 -4.579720452 15.35647346 19.93619391 -20.72529073 19.63579708 40.36108781 1.459531553 19.61614516 23.89546879 194.4765185 0.9936188413

K=32, phase=forward, parameter=eps [km^2/s^2]
cluster representative_source n_cluster n_valid n_missing median std p05 p95 width90 minimum maximum range skewness error95 error_max angle_origin_deg angle_resultant
0 144351 45536 45535 1 -0.1302240579 0.03646721055 -0.1922504169 -0.08013890505 0.1121115119 -0.8417957323 -0.06741220713 0.7743835252 -0.7953325724 0.07557249931 0.7251178147 nan nan
1 23915 4583 4583 0 -1.004892478 0.009643455939 -1.01752348 -0.9860821784 0.03144130181 -1.020743789 -0.9803000232 0.04044376621 0.3309307654 0.02685642041 0.03263857562 nan nan
2 19832 1037 1037 0 -0.2294718998 0.03598544078 -0.2482267586 -0.1316514696 0.1165752891 -0.2527828516 -0.07789858299 0.1748842686 1.40934002 0.0790074794 0.132760366 nan nan
3 221195 4353 4352 1 -0.8590743066 0.03355603052 -0.9660444917 -0.8342013469 0.1318431448 -1.030434577 -0.8278679467 0.2025666305 -2.203460966 0.1064674454 0.1708575309 nan nan
4 57501 12951 12951 0 -0.2009268685 0.03016875406 -0.2260502985 -0.1398021682 0.08624813032 -0.8822466557 -0.1248617948 0.7573848609 -1.91590012 0.05979595611 0.6826934895 nan nan
5 127305 3326 3326 0 -0.8817279816 0.05125149199 -0.9836914584 -0.8357540935 0.1479373649 -1.03264743 -0.1137687478 0.9188786823 1.164669335 0.08906909176 0.8097021044 nan nan
6 30062 489 489 0 -0.92680357 0.04252115993 -0.9912127364 -0.8641318078 0.1270809286 -0.9933002974 -0.8328467911 0.1604535062 0.05808021048 0.0742042354 0.08478108851 nan nan
7 8552 2732 2732 0 -0.8965716204 0.02166321514 -0.948930947 -0.8793272771 0.06960366988 -0.9945256716 -0.8347851214 0.1597405502 -2.498626923 0.05698097293 0.1014738211 nan nan
8 36833 1165 1164 1 -0.1786312512 0.1157415257 -0.2108931128 -0.09007264983 0.120820463 -0.9200026709 -0.05281330025 0.8671893706 -5.132218379 0.1125596661 0.7447254365 nan nan
9 175498 2916 2915 1 -0.8429648604 0.0246561936 -0.8761572068 -0.8286517419 0.04750546491 -1.031567892 -0.8280981773 0.2034697143 -3.869393092 0.04662632411 0.2020370089 nan nan
10 9615 5112 5112 0 -0.9465346483 0.02426825277 -0.9798166834 -0.910817974 0.06899870944 -0.9897243342 -0.8311214499 0.1586028842 0.6339373641 0.04141138999 0.1086056304 nan nan
11 176287 17399 17399 0 -0.8865142995 0.02341958816 -0.9301453741 -0.8582078022 0.07193757185 -1.028773311 -0.1371285066 0.891644804 1.113090435 0.04242234136 0.7512608368 nan nan
12 31323 999 999 0 -0.9090700201 0.04066564699 -0.9718663722 -0.8324061852 0.139460187 -1.027888208 -0.8273640653 0.2005241422 0.05140842734 0.0891854942 0.1079053576 nan nan
13 156237 2360 2360 0 -0.2344867933 0.02156107763 -0.251709479 -0.1860530888 0.06565639019 -0.252502972 -0.1659654759 0.08653749612 0.801564643 0.04836043572 0.06844804861 nan nan
14 168732 13781 13781 0 -0.936923018 0.02236059173 -0.9646054744 -0.9058248216 0.05878065283 -1.032822576 -0.8302300174 0.2025925588 0.594490788 0.03747865747 0.1027164043 nan nan
15 71849 4665 4665 0 -0.8937758934 0.02996129627 -0.9454254372 -0.8676055521 0.0778198851 -1.03210096 -0.2512985392 0.7808024205 5.894907471 0.04758596041 0.6508997676 nan nan
16 35338 1353 1353 0 -0.102830418 0.1230510123 -0.1875391236 -0.05502509367 0.1325140299 -0.9082024394 -0.05304384531 0.8551585941 -5.410055521 0.09686301188 0.8175263277 nan nan
17 49752 4094 4094 0 -0.9648300258 0.03166264577 -0.9975487763 -0.9122028891 0.08534588723 -1.000851811 -0.8276125597 0.1732392516 1.050647912 0.04465570577 0.1292460351 nan nan
18 125038 14729 14729 0 -0.9594744328 0.02306650724 -0.982614937 -0.9175841114 0.06503082557 -0.9896114344 -0.8277199769 0.1618914575 1.416235179 0.03525073347 0.1225946184 nan nan
19 28151 1511 1511 0 -0.9206454531 0.0487620298 -0.9911069817 -0.8419890244 0.1491179573 -1.032728341 -0.8276860363 0.205042305 0.07282034674 0.07840132206 0.1133828656 nan nan
20 110896 1930 1930 0 -0.9183549934 0.03796927762 -0.984615535 -0.8672228527 0.1173926823 -0.9931867247 -0.8287056311 0.1644810936 -0.1086965809 0.06931720026 0.09071221636 nan nan
21 22279 836 836 0 -0.8460008268 0.03388956404 -0.8968275143 -0.832957009 0.06387050526 -1.027438213 -0.206766864 0.8206713485 6.946143553 0.05307015669 0.6370523615 nan nan
22 66366 884 884 0 -0.244899676 0.0172254348 -0.2501472776 -0.1962626133 0.05388466426 -0.2512161163 -0.1682451153 0.08297100096 1.764009724 0.04043217183 0.06844966982 nan nan
23 151127 3679 3679 0 -0.1692410958 0.03345982159 -0.2049242536 -0.113975787 0.09094846664 -0.2515543665 -0.05474438652 0.19680998 0.04913123015 0.04761834885 0.1029810602 nan nan
24 68757 1656 1656 0 -0.1503733393 0.06983338423 -0.2113585311 -0.1285352448 0.08282328629 -0.8983375977 -0.05884921902 0.8394883787 -8.532390418 0.06284938511 0.7490477099 nan nan
25 117692 12097 12097 0 -0.8905188593 0.02645019275 -0.9455010076 -0.8590781554 0.0864228523 -1.031707359 -0.827713574 0.203993785 -0.6676762419 0.05897117289 0.1451775242 nan nan
26 149482 7315 7312 3 -0.1704518425 0.08292686477 -0.2076032389 -0.1189024696 0.08870076936 -0.8815431542 -0.05270234629 0.8288408079 -6.798635335 0.04730759559 0.7173051269 nan nan
27 167957 2 2 0 -0.9173630773 0.06664816757 -0.9773464281 -0.8573797265 0.1199667016 -0.9840112448 -0.8507149097 0.1332963351 nan 0.1266315184 0.1332963351 nan nan
28 14797 915 914 1 -0.8403996918 0.1612957068 -0.8964183541 -0.619260063 0.2771582911 -0.9975364196 -0.05276686663 0.944769553 4.008741787 0.3156679784 0.7862355131 nan nan
29 24197 3810 3810 0 -0.9697576482 0.03117165016 -1.002047084 -0.9123675853 0.08967949851 -1.005449777 -0.834938325 0.1705114515 0.72107142 0.05009622144 0.1275254817 nan nan
30 45752 14795 14795 0 -0.2119145773 0.02992258678 -0.2401952444 -0.1546303163 0.08556492814 -0.9877261112 -0.05380482852 0.9339212826 -0.4883256223 0.06099108487 0.7721247241 nan nan
31 46081 1048 1048 0 -0.929555924 0.04272761244 -0.9871307656 -0.8489022417 0.1382285239 -1.03253592 -0.8275074923 0.2050284274 0.4014969462 0.08949368069 0.1065861109 nan nan

K=32, phase=forward, parameter=e [-]
cluster representative_source n_cluster n_valid n_missing median std p05 p95 width90 minimum maximum range skewness error95 error_max angle_origin_deg angle_resultant
0 144351 45536 45535 1 0.6796358862 0.09089073542 0.5199783475 0.80395793 0.2839795826 0.2073914285 0.835234226 0.6278427976 -0.2142791179 0.1935986023 0.5061855213 nan nan
1 23915 4583 4583 0 0.5306324669 0.01422835619 0.5025788834 0.5488835742 0.04630469078 0.4937234525 0.5534628013 0.05973934881 -0.364554096 0.03976590537 0.04862133635 nan nan
2 19832 1037 1037 0 0.415938785 0.0974326086 0.3599923387 0.6759854261 0.3159930875 0.3461726393 0.8096607621 0.4634881228 1.304085249 0.2049532164 0.3386285524 nan nan
3 221195 4353 4352 1 0.263891278 0.0688485401 0.1927499008 0.4711576379 0.2784077371 0.171052843 0.5670128556 0.3959600125 1.714977403 0.2060388683 0.301894086 nan nan
4 57501 12951 12951 0 0.4963249511 0.07545896945 0.4266096481 0.6551078332 0.2284981851 0.1836914582 0.6927921084 0.5091006501 0.5530887516 0.1555957116 0.3159162987 nan nan
5 127305 3326 3326 0 0.3163655106 0.09823751827 0.1997355619 0.4989311116 0.2991955497 0.1705844038 0.7205663889 0.5499819851 0.3350854727 0.1996102901 0.3219241457 nan nan
6 30062 489 489 0 0.4046400636 0.07875260653 0.276056914 0.5103490681 0.2342921541 0.1879810555 0.5134857391 0.3255046836 -0.2721373172 0.1250073395 0.1999192449 nan nan
7 8552 2732 2732 0 0.3470527553 0.040263911 0.3108537579 0.4432329653 0.1323792074 0.1954379741 0.5153228252 0.3198848511 1.798681974 0.109175465 0.1753741725 nan nan
8 36833 1165 1164 1 0.5555552375 0.1084550235 0.4693954194 0.7796694149 0.3102739955 0.1719259134 0.8710333686 0.6991074552 0.3740339795 0.2578759771 0.3923991428 nan nan
9 175498 2916 2915 1 0.2206393726 0.05626640189 0.1738731792 0.30434534 0.1304721608 0.1718972398 0.5685885703 0.3966913306 2.337235681 0.1270465937 0.391289824 nan nan
10 9615 5112 5112 0 0.4389013379 0.04301152293 0.3749708889 0.4928656324 0.1178947435 0.1821694006 0.5080970953 0.3259276946 -1.062463893 0.06759243628 0.2450997292 nan nan
11 176287 17399 17399 0 0.3267021452 0.0464653536 0.2616295772 0.4107795008 0.1491499236 0.1705702238 0.6620800671 0.4915098434 0.5262620232 0.0830438233 0.3314724014 nan nan
12 31323 999 999 0 0.3717964766 0.08264821492 0.1865030308 0.4804346761 0.2939316453 0.1692288258 0.563516676 0.3942878502 -0.4523972314 0.2057533955 0.2230276005 nan nan
13 156237 2360 2360 0 0.4007756906 0.06107442122 0.349596198 0.5351603513 0.1855641534 0.3470213037 0.5895785775 0.2425572738 0.738279586 0.1343573193 0.1887755455 nan nan
14 168732 13781 13781 0 0.422651729 0.04095537515 0.3656537536 0.4689353036 0.1032815499 0.1798993496 0.5703371427 0.3904377931 -1.228245293 0.06309456139 0.2307565852 nan nan
15 71849 4665 4665 0 0.3416007024 0.04914130888 0.2844097004 0.4373180986 0.1529083982 0.1800733503 0.5693491207 0.3892757704 0.5498576775 0.08810274439 0.2109216967 nan nan
16 35338 1353 1353 0 0.748251973 0.1158729152 0.5325814983 0.8656318635 0.3330503653 0.1733359682 0.8704757404 0.6971397721 -1.462746984 0.2456618097 0.6049073397 nan nan
17 49752 4094 4094 0 0.4691660707 0.05578871553 0.3776831705 0.5198264385 0.142143268 0.1701907883 0.5247298101 0.3545390218 -1.555188322 0.07851677095 0.2860091532 nan nan
18 125038 14729 14729 0 0.4605790239 0.04112804428 0.3878879757 0.4972451308 0.109357155 0.1705447562 0.5079289129 0.3373841566 -2.062126707 0.05848015404 0.2748802499 nan nan
19 28151 1511 1511 0 0.3937061203 0.09484323796 0.2177044977 0.5101946542 0.2924901565 0.1704532017 0.5702003835 0.3997471818 -0.3711756251 0.176259216 0.2208662558 nan nan
20 110896 1930 1930 0 0.3892331638 0.07135872721 0.2834394501 0.5003164066 0.2168769565 0.1744036455 0.5133298248 0.3389261793 -0.1674805695 0.1170169887 0.2167943649 nan nan
21 22279 836 836 0 0.2291978989 0.05735663582 0.1889186679 0.348165751 0.1592470831 0.1711396671 0.5628345597 0.3916948926 2.287214454 0.1252432417 0.3399120504 nan nan
22 66366 884 884 0 0.3708425126 0.04956284362 0.3545316754 0.5101406145 0.1556089391 0.3511219621 0.5836957494 0.2325737874 1.66062268 0.1134817271 0.1870368621 nan nan
23 151127 3679 3679 0 0.5796774059 0.08678306292 0.4847180242 0.7200871969 0.2353691728 0.3499722785 0.8663378066 0.5163655281 -0.01931072496 0.1256672751 0.2598687816 nan nan
24 68757 1656 1656 0 0.6283000335 0.07429355647 0.4680233061 0.6835950237 0.2155717176 0.1733253401 0.8563122445 0.6829869044 -2.009181022 0.165393079 0.4578544784 nan nan
25 117692 12097 12097 0 0.3349850607 0.05335113089 0.2636868817 0.4374378759 0.1737509942 0.1705352549 0.5687824395 0.3982471845 0.3523094338 0.114030099 0.2421431589 nan nan
26 149482 7315 7312 3 0.5769555143 0.09171488907 0.4784679991 0.7077381668 0.2292701677 0.2429142858 0.8713080396 0.6283937538 -0.3412508913 0.1198869553 0.3501196185 nan nan
27 167957 2 2 0 0.3708779079 0.128492728 0.2552344527 0.4865213631 0.2312869104 0.2423851799 0.4993706359 0.256985456 nan 0.2441361832 0.256985456 nan nan
28 14797 915 914 1 0.2181021954 0.1217003936 0.1897513529 0.4926169458 0.3028655929 0.1717765426 0.8711452963 0.6993687537 3.550439053 0.2841090111 0.6626373616 nan nan
29 24197 3810 3810 0 0.4770675939 0.05286788306 0.3779459155 0.5264863146 0.1485403991 0.194815602 0.5314794704 0.3366638685 -1.022381252 0.08738158084 0.2705118943 nan nan
30 45752 14795 14795 0 0.4662444167 0.07901413649 0.3850771941 0.617401591 0.2323243969 0.3468571376 0.8686279193 0.5217707817 0.6756754916 0.1621363768 0.4133627051 nan nan
31 46081 1048 1048 0 0.4095758328 0.08343638668 0.2373982931 0.5041532097 0.2667549166 0.1697538605 0.5699327695 0.400178909 -0.8153900682 0.1801960139 0.2478404465 nan nan

K=32, phase=forward, parameter=w [deg]
cluster representative_source n_cluster n_valid n_missing median std p05 p95 width90 minimum maximum range skewness error95 error_max angle_origin_deg angle_resultant
0 144351 45536 45535 1 -3.426551148 20.56418659 -21.36221307 35.15592716 56.51814022 -177.6935091 178.8139819 356.507491 0.0241627248 57.09381347 179.9821834 177.837767 0.9431814525
1 23915 4583 4583 0 -0.4301316965 4.312770665 -6.195278758 7.97432987 14.16960863 -7.385937502 15.01166343 22.39760093 0.5757462872 8.340778556 15.37811211 307.0896615 0.997171075
2 19832 1037 1037 0 -3.064379658 39.82655031 -45.6627639 62.17387047 107.8366344 -169.7137736 175.2874608 345.0012344 0.5186843991 57.70164538 175.1765447 235.5553245 0.7927369197
3 221195 4353 4352 1 -8.843385953 32.66080238 -27.54458247 78.08688738 105.6314698 -178.4866071 179.7701472 358.2567543 1.451801074 103.2341291 179.7169989 67.11210698 0.8609979771
4 57501 12951 12951 0 -5.594816533 24.25987516 -26.09896582 42.99353424 69.09250006 -163.5597667 179.1100769 342.6698437 1.136326623 66.45039905 179.9928301 194.7474672 0.9181674313
5 127305 3326 3326 0 5.003840421 36.3155741 -54.01205926 56.6033635 110.6154228 -169.3058401 179.198931 348.5047711 0.07234608093 64.31912997 175.125622 117.9462244 0.8257173286
6 30062 489 489 0 -2.042208129 28.08366772 -23.95694739 38.69674463 62.65369201 -35.15817315 149.334269 184.4924422 2.962752487 54.71494317 165.3524676 25.49864396 0.9100295394
7 8552 2732 2732 0 -2.79362685 16.46431733 -5.69429985 19.92945518 25.62375503 -165.7935185 176.7713561 342.5648746 -0.7324154357 42.46925788 178.5054163 297.8805443 0.9673349226
8 36833 1165 1164 1 -5.35946071 36.74114207 -24.66419824 97.22162055 121.8858188 -175.4962676 173.6734048 349.1696724 1.987836527 123.5123352 176.9229714 317.4357005 0.8506455956
9 175498 2916 2915 1 -4.576486459 26.22661991 -19.69593918 38.55197166 58.24791084 -178.048958 176.2037525 354.2527104 -0.2362608271 43.55724056 178.0482139 23.45871773 0.9229791355
10 9615 5112 5112 0 -1.638429052 22.80122342 -6.870723553 15.10392801 21.97465156 -178.5278577 174.7387711 353.2666288 2.640446972 19.14601947 177.4390771 300.0909619 0.9503230847
11 176287 17399 17399 0 -2.222327209 20.93135739 -19.51676815 34.64959419 54.16636233 -179.3209666 177.8944018 357.2153684 1.524770447 53.55681371 179.5701104 17.52090414 0.9448938562
12 31323 999 999 0 -0.2249279642 39.54870891 -52.15372859 46.78595123 98.93967982 -176.5114974 175.2666816 351.7781789 -0.9923958822 98.01004505 179.8888362 42.9375832 0.8438638121
13 156237 2360 2360 0 -6.40448619 40.25102704 -38.80239683 82.20095005 121.0033469 -43.39022917 168.0795966 211.4698258 1.399732318 105.062952 178.6239116 245.0444185 0.7993268608
14 168732 13781 13781 0 -5.101483891 26.47026795 -17.41323658 32.09126584 49.50450243 -179.3710745 178.1057492 357.4768237 2.178978031 45.77806145 179.3336907 10.17694776 0.9206948549
15 71849 4665 4665 0 -3.281967343 19.62339035 -15.83399271 31.93123699 47.7652297 -177.7436231 177.3004014 355.0440245 0.9604602348 38.01177613 177.7227536 310.3475132 0.9529202747
16 35338 1353 1353 0 -3.924096195 44.71706421 -24.42703177 111.7672075 136.1942393 -179.6647024 178.2467129 357.9114153 0.6352759098 141.0101842 179.8704375 272.1363489 0.8108435021
17 49752 4094 4094 0 -1.728293955 27.261466 -19.79179027 24.24930183 44.04109211 -178.8226409 159.8837494 338.7063903 2.801088461 33.8736242 170.0496451 316.7212085 0.9172271117
18 125038 14729 14729 0 -2.921668584 21.81264865 -18.203566 33.38183915 51.58540515 -169.9999806 179.5529866 349.5529672 2.566834895 46.68237237 179.8517797 12.74270583 0.9436142922
19 28151 1511 1511 0 -3.767200415 61.32862719 -34.22309363 162.6579093 196.8810029 -179.6479499 179.9571714 359.6051213 1.135854101 165.7727913 179.7016662 351.8322428 0.6355610148
20 110896 1930 1930 0 -3.386962843 29.35495167 -20.49499759 46.74740915 67.24240673 -179.3003345 179.7377043 359.0380388 0.7147455329 82.12490626 177.6648663 339.3488128 0.9065077804
21 22279 836 836 0 -3.128512684 34.27917062 -26.27584119 58.62486841 84.90070961 -163.1725895 179.5355913 342.7081808 -1.122255612 91.79958434 173.9415711 163.4441224 0.8812757792
22 66366 884 884 0 -2.45455885 21.10502605 -27.86301514 43.83779333 71.70080846 -31.23321012 96.38324509 127.6164552 0.8550704116 39.76620067 92.31165244 221.5170997 0.9348653836
23 151127 3679 3679 0 -4.511676181 53.03671771 -37.90684057 138.4944493 176.4012898 -179.4761369 178.0267793 357.5029162 0.93162005 158.7319952 179.9981712 251.8018259 0.7196260091
24 68757 1656 1656 0 -5.364841713 36.47538252 -19.46075593 58.17931039 77.64006632 -172.1957963 175.5971107 347.792907 1.4435633 91.29215189 179.8730837 206.0390673 0.8658351043
25 117692 12097 12097 0 -4.237928911 29.05547408 -24.63073346 37.70316575 62.33389921 -177.137247 170.8898857 348.0271327 -1.686583521 63.25560371 179.374557 18.87569922 0.9024309
26 149482 7315 7312 3 -5.233772425 36.43768567 -28.40148367 90.07921249 118.4806962 -172.990925 179.2413112 352.2322362 1.482276048 120.0608821 179.5970959 299.2215285 0.8455449956
27 167957 2 2 0 -1.421085472e-14 34.03870932 -30.63483839 30.63483839 61.26967677 -34.03870932 34.03870932 68.07741864 nan 64.67354771 68.07741864 135.7583733 0.8286595898
28 14797 915 914 1 -2.501303652 34.57105553 -31.77026645 59.44871264 91.21897909 -179.5977439 175.7123004 355.3100443 0.6260507625 89.7055851 176.1993435 168.8919778 0.8710005091
29 24197 3810 3810 0 -3.883744122 23.66065035 -12.81733804 37.86784338 50.68518142 -178.7085886 176.8134449 355.5220335 3.21391634 44.7612705 179.5660123 305.7890924 0.9397607674
30 45752 14795 14795 0 -6.018709258 28.14295255 -31.469953 49.31963055 80.78958355 -179.2339794 178.5854869 357.8194663 0.6760716 78.59871134 177.8477216 200.879777 0.8906662513
31 46081 1048 1048 0 -3.164348339 35.69200316 -66.26739995 41.35988322 107.6272832 -179.8129567 179.4479428 359.2608995 -1.272196472 63.21638455 177.5349078 56.01613948 0.8617554666
