K,cluster,representative_source,phase,parameter,unit,n_cluster,n_valid,n_missing,median,std,p05,p95,width90,minimum,maximum,range,skewness,error95,error_max,angle_origin_deg,angle_resultant
10,0,147032,backward,eps,km^2/s^2,56027,56027.0,0.0,-0.13481512217057828,0.037847932842160106,-0.19657495426964494,-0.07940543975740727,0.11716951451223767,-0.2444005001295252,-0.052686660463821866,0.19171383966570332,-0.13436787475117137,0.07078875476473276,0.11815686408540493,nan,nan
10,1,33467,backward,eps,km^2/s^2,11705,11705.0,0.0,-0.9922732685618239,0.03340456435922704,-1.0148413396722331,-0.9173393775282499,0.09750196214398321,-1.032726459212424,-0.8275574974332702,0.20516896177915367,2.0067642898147917,0.07775941858015553,0.16754129867513523,nan,nan
10,2,52405,backward,eps,km^2/s^2,8935,8935.0,0.0,-0.8780069943913409,0.023835812911196876,-0.9144805885149516,-0.833775370649651,0.0807052178653006,-0.9880099564205258,-0.8278744768814343,0.16013547953909146,0.10361932857490282,0.0537022497852867,0.1006273460334155,nan,nan
10,3,156649,backward,eps,km^2/s^2,34123,34123.0,0.0,-0.22031063505398474,0.026170913192632008,-0.24498418844668146,-0.16210063065625516,0.0828835577904263,-0.25275903114329945,-0.10769978508828137,0.14505924605501808,0.8249310298592503,0.0594716923854632,0.11387253795343699,nan,nan
10,4,40474,backward,eps,km^2/s^2,10586,10586.0,0.0,-0.8791482382098511,0.023844216200320262,-0.918543416927653,-0.8461488112063844,0.07239460572126855,-0.9344903853991138,-0.8272587452353299,0.10723164016378384,-0.05512348299070572,0.04913293071166125,0.06802299668271572,nan,nan
10,5,138247,backward,eps,km^2/s^2,28417,28417.0,0.0,-0.18680496953269854,0.03091617269649175,-0.22352985386751384,-0.13327405756741817,0.09025579630009567,-0.24338466489057548,-0.05271329248426082,0.19067137240631465,0.3811730259125068,0.05691430093707877,0.13747506602023613,nan,nan
10,6,32694,backward,eps,km^2/s^2,5546,5546.0,0.0,-0.8893735982503824,0.0469219326854405,-0.9799839140879916,-0.8336097430702845,0.1463741710177071,-1.032801628880673,-0.8273421216899342,0.2054595071907388,-0.3993905100820404,0.07763678329599011,0.1260651620194242,nan,nan
10,7,16324,backward,eps,km^2/s^2,15122,15122.0,0.0,-0.9133505091624087,0.032894690081445035,-0.9769791085245461,-0.8729154178490222,0.1040636906755239,-0.9999543060848821,-0.8273098336599867,0.17264447242489545,-0.3779892914045488,0.057917538004826415,0.09228568878370291,nan,nan
10,8,57507,backward,eps,km^2/s^2,14671,14671.0,0.0,-0.9512726820839101,0.019272823975560908,-0.9813713603563288,-0.9222758169762768,0.05909554338005196,-1.0328612569408748,-0.8548782996780089,0.17798295726286595,0.23663071456552504,0.033469338224996203,0.09398806233273982,nan,nan
10,9,221423,backward,eps,km^2/s^2,8926,8926.0,0.0,-0.20505428084598915,0.04099950592699674,-0.24995691280641597,-0.12115325752888911,0.12880365527752685,-0.25253778735729787,-0.05290583230667578,0.1996319550506221,0.8569564991594802,0.08638689806514172,0.15463432328735505,nan,nan
10,0,147032,backward,e,-,56027,56027.0,0.0,0.6680179560159607,0.09628015969927363,0.5082004835162774,0.8057309768081716,0.2975304932918942,0.37124074585599026,0.8713416161528794,0.5001008702968892,-0.18883053046442017,0.18150877586726893,0.31844808449010426,nan,nan
10,1,33467,backward,e,-,11705,11705.0,0.0,0.5119357614809859,0.058818085792675036,0.38734646021282515,0.5450654176692407,0.1577189574564155,0.16990386443310063,0.570207652630325,0.4003037881972244,-2.6332957081449133,0.1287660057990696,0.34620860157879413,nan,nan
10,2,52405,backward,e,-,8935,8935.0,0.0,0.3083306710884123,0.055291528795383044,0.1915059285686393,0.38219800560389117,0.19069207703525187,0.17113169164966144,0.5055022087040824,0.3343705170544209,-0.4536015271860761,0.13717039965179378,0.17696172083521122,nan,nan
10,3,156649,backward,e,-,34123,34123.0,0.0,0.4428768430587567,0.0716803000640625,0.3700666256339804,0.5980838151221706,0.22801718948819016,0.3462129695991155,0.736230058135801,0.3900170885366855,0.7298838489816653,0.159607777415103,0.29775402042873345,nan,nan
10,4,40474,backward,e,-,10586,10586.0,0.0,0.3107464236232994,0.053102849116452994,0.22961895614816136,0.3896485297650799,0.16002957361691855,0.1687973804253869,0.4180200044678657,0.2492226240424788,-0.1773923790578156,0.11511996282133562,0.1759415385441101,nan,nan
10,5,138247,backward,e,-,28417,28417.0,0.0,0.5337115957419243,0.08133793532877434,0.4337242099477786,0.6716735224304655,0.23794931248268691,0.37460083895742313,0.8712782904839208,0.49667745152649767,0.329793743989465,0.14697054150463312,0.346568493756398,nan,nan
10,6,32694,backward,e,-,5546,5546.0,0.0,0.33255796238780144,0.09726389868774386,0.1910866398503565,0.4931614187998827,0.30207477894952617,0.16917606351019532,0.5703028197356329,0.4011267562254376,0.11798397260197159,0.17631461332509646,0.20298304948471174,nan,nan
10,7,16324,backward,e,-,15122,15122.0,0.0,0.3798266032511574,0.06062886085635524,0.2966155003932165,0.48844793038044015,0.19183242998722366,0.16895865707661148,0.5234007480592864,0.3544420909826749,0.19179132452969322,0.10407144639599568,0.22249493908550796,nan,nan
10,8,57507,backward,e,-,14671,14671.0,0.0,0.44709520066517255,0.03264401362246478,0.39659214464984727,0.49534503115549067,0.0987528865056434,0.25337978633725994,0.57038823861696,0.31700845227970004,-0.5240435536413458,0.05493013335384492,0.18963761744133895,nan,nan
10,9,221423,backward,e,-,8926,8926.0,0.0,0.48548681890716094,0.10997037718308939,0.3550974899669549,0.7027924284203992,0.34769493845344435,0.34694080348613904,0.8708000460202943,0.5238592425341553,0.7260065624836615,0.22325331909702056,0.39126093669691553,nan,nan
10,0,147032,backward,w,deg,56027,56027.0,0.0,-0.7586629669202694,4.836333142546706,-6.03308885371718,11.40789255541024,17.44098140912742,-9.818268299387341,13.63171483903011,23.44998313841745,1.0129386303422314,13.624341324280165,15.848163607900062,17.320976366640828,0.9964454618645873
10,1,33467,backward,w,deg,11705,11705.0,0.0,-1.2967555853141164,8.980422174012478,-11.533053504239001,18.147027561288432,29.680081065527432,-18.989346008233895,26.124358996448848,45.11370500468274,0.7197658616760065,25.47937678785444,33.45670822301486,190.89199008841575,0.987790045933904
10,2,52405,backward,w,deg,8935,8935.0,0.0,1.6244641329114415,8.88447994695849,-21.980816331603158,11.061062292957674,33.04187862456083,-36.35779313363071,14.124544783040704,50.48233791667141,-2.3664937124253695,26.11551049970094,40.49248730172852,203.55566655058783,0.9882054751028997
10,3,156649,backward,w,deg,34123,34123.0,0.0,1.0055895801424128,6.025008681448808,-10.087746803445844,7.542437926862302,17.630184730308144,-13.003650954792874,10.436952618694278,23.440603573487152,-0.34052984266090686,15.509273517545472,18.425177668892502,20.653030477952363,0.9944800061097916
10,4,40474,backward,w,deg,10586,10586.0,0.0,-1.4368327198140634,6.887514634591931,-7.448501192393863,12.115595367232217,19.56409655962608,-35.30752093251496,14.553790528889124,49.861311461404085,-0.7065911253153893,14.539505278958082,33.27530316342853,202.43924380670617,0.9928344885580631
10,5,138247,backward,w,deg,28417,28417.0,0.0,0.32287836715704543,2.831276378035566,-5.36739698590523,3.410222995052561,8.777619980957791,-14.808669457098233,8.769437078974391,23.578106536072625,-1.2753453240429706,7.434239901777526,16.875512372970547,22.333921712773538,0.998780910468963
10,6,32694,backward,w,deg,5546,5546.0,0.0,-3.101913257874571,9.848192871337725,-9.989493282520698,17.228857869822043,27.21835115234274,-32.29260532910689,18.104640464752407,50.3972457938593,0.057419185574603564,21.95939497276457,27.881991716314815,199.35017752028378,0.9853481794460214
10,7,16324,backward,w,deg,15122,15122.0,0.0,-0.3973765552581341,4.735131179717458,-6.079556016859315,6.271143592186256,12.35069960904557,-20.274525589792717,29.278485730393072,49.55301132018579,1.7843255872056194,7.679047975969583,30.661685824105234,187.56075289460867,0.9966041288544972
10,8,57507,backward,w,deg,14671,14671.0,0.0,-0.2224897523863092,5.223088238946848,-7.442073936052907,8.71996460354417,16.162038539597077,-28.71332992431732,16.819128575887106,45.53245850020443,0.06890022112060107,11.00232697321691,26.581215353764918,199.63416173911722,0.9958564781311656
10,9,221423,backward,w,deg,8926,8926.0,0.0,0.21796296640999913,6.59228359426839,-8.822113673159542,12.1112645318198,20.93337820497934,-9.420589248471316,13.78500534691139,23.205594595382706,0.29262270479623703,19.19934663822646,20.87308745331805,16.955841712897033,0.9933961985037696
10,0,147032,forward,eps,km^2/s^2,56027,56023.0,4.0,-0.13957951257202433,0.09256354832853707,-0.21048107958943116,-0.08182065335453062,0.12866042623490054,-0.9714927120260883,-0.05270234629178039,0.918790365734308,-5.982410768517033,0.09602625499123962,0.857037887427897,nan,nan
10,1,33467,forward,eps,km^2/s^2,11705,11705.0,0.0,-0.9104418552426587,0.07120398688364113,-0.9941569010975515,-0.8695867148414455,0.12457018625610605,-1.032100959715513,-0.12204737501194007,0.910053584703573,7.177734671550772,0.0904042728423723,0.7824218735784868,nan,nan
10,2,52405,forward,eps,km^2/s^2,8935,8935.0,0.0,-0.23184109085057825,0.0787736832778587,-0.24864039001617125,-0.21148425405241622,0.03715613596375503,-0.9936956233468415,-0.17079199049199578,0.8229036328548457,-7.381370633771362,0.02476262994678661,0.7596791783794247,nan,nan
10,3,156649,forward,eps,km^2/s^2,34123,34123.0,0.0,-0.8859924451734291,0.13543339068273938,-0.939781704319649,-0.8313893935095497,0.10839231081009937,-1.032752684703397,-0.11268977904583521,0.9200629056575618,4.652728100338655,0.0662067475465259,0.7751768416908202,nan,nan
10,4,40474,forward,eps,km^2/s^2,10586,10585.0,1.0,-0.1778910246336367,0.09459145138035546,-0.21476925780098727,-0.08074188394698643,0.13402737385400082,-0.9877261111691635,-0.05276686662596186,0.9349592445432017,-5.7351257746838815,0.11071948871034844,0.8098350865355268,nan,nan
10,5,138247,forward,eps,km^2/s^2,28417,28417.0,0.0,-0.9473916741410613,0.05288556682730545,-0.9801800009730888,-0.891375238669483,0.08880476230360579,-1.0328225762440004,-0.12129178531406692,0.9115307909299335,10.495794859016181,0.05319434235978716,0.8191883823525945,nan,nan
10,6,32694,forward,eps,km^2/s^2,5546,5545.0,1.0,-0.8985326427607128,0.04904504701646069,-0.9868922352774756,-0.8345397775315568,0.15235245774591877,-1.0327283412741601,-0.8273640652606364,0.2053642760135237,-0.24496162513404862,0.123957465389628,0.13113317766054844,nan,nan
10,7,16324,forward,eps,km^2/s^2,15122,15122.0,0.0,-0.9714543736559846,0.03743524860137875,-1.0134504588771633,-0.9034016964215075,0.11004876245565587,-1.0314016645503226,-0.8287743512533032,0.20262731329701933,0.5531658646561635,0.06039517520065077,0.1349993973529282,nan,nan
10,8,57507,forward,eps,km^2/s^2,14671,14671.0,0.0,-0.19776142824692144,0.06720364858735692,-0.22596630959591105,-0.13450185240190785,0.0914644571940032,-0.9857280937318955,-0.058849219021311905,0.9268788747105836,-7.564752363272728,0.061810872165673963,0.7905601645680979,nan,nan
10,9,221423,forward,eps,km^2/s^2,8926,8924.0,2.0,-0.8546211011731453,0.31524007386014125,-0.9735346918681012,-0.12314942333922667,0.8503852685288745,-1.0304345772281724,-0.056843693007358365,0.9735908842208141,1.115587213586157,0.7317986896684451,0.7981044200003133,nan,nan
10,0,147032,forward,e,-,56027,56023.0,4.0,0.6560956910903785,0.11447285471403801,0.46937622615823793,0.7997895503219694,0.3304133241637315,0.1757399249948291,0.8713080396266609,0.6955681146318318,-0.7923616459727776,0.24973995566822174,0.543376256831632,nan,nan
10,1,33467,forward,e,-,11705,11705.0,0.0,0.37588871751870695,0.07520538562451425,0.2908225614253441,0.5158236788158128,0.22500111739046874,0.17019078829443438,0.6998554368508715,0.5296646485564371,0.3760970865840323,0.15358549710619457,0.3370169561480889,nan,nan
10,2,52405,forward,e,-,8935,8935.0,0.0,0.4098563386052252,0.04097425690068578,0.3593544456749851,0.468581995032362,0.10922754935737689,0.171776542593248,0.5771112533852688,0.40533471079202077,-1.6637961231609095,0.07032024418675341,0.2322602337085484,nan,nan
10,3,156649,forward,e,-,34123,34123.0,0.0,0.33108191587014885,0.07178317523268561,0.2503520176486533,0.4480545921894491,0.19770257454079582,0.17053525493279453,0.7232742197207817,0.5527389647879871,1.2992275197190415,0.14888496922792474,0.3937796014383113,nan,nan
10,4,40474,forward,e,-,10586,10585.0,1.0,0.5575657835627893,0.10516856687381984,0.4575808326209144,0.8023628718032428,0.3447820391823284,0.17192591343746522,0.8711452962979094,0.6992193828604442,0.46625569664368244,0.2766564270923824,0.3851035952194677,nan,nan
10,5,138247,forward,e,-,28417,28417.0,0.0,0.4408554834967261,0.05522790985342923,0.3510082536706302,0.4940198496358313,0.14301159596520108,0.17054475624136034,0.7017484520679091,0.5312036958265488,-1.5939470641198366,0.09714450193539778,0.2729894907876394,nan,nan
10,6,32694,forward,e,-,5546,5545.0,1.0,0.35131667055101645,0.09979720578580528,0.1942493028266461,0.5038146376910954,0.30956533486444926,0.16922882581967422,0.5702003834770726,0.40097155765739834,-0.03238088340894375,0.2646687681015349,0.2896892451085068,nan,nan
10,7,16324,forward,e,-,15122,15122.0,0.0,0.47979790220482366,0.06320175697512928,0.3606490398681525,0.543064506731214,0.18241546686306148,0.17414969369913297,0.5683851512160862,0.39423545751695327,-0.8250776718996772,0.10677846308319783,0.2932778092522174,nan,nan
10,8,57507,forward,e,-,14671,14671.0,0.0,0.5047191536349321,0.08476047982060539,0.42683985111320805,0.6685295743287545,0.24168972321554644,0.1698213302601276,0.8563122445220511,0.6864909142619235,0.05715433443822907,0.1601209211909121,0.34487050857785684,nan,nan
10,9,221423,forward,e,-,8926,8924.0,2.0,0.3021200097368376,0.16093092057386119,0.1859491837640552,0.6972068307898177,0.5112576470257625,0.17075209545231126,0.8612129224282654,0.6904608269759541,0.7398586822614486,0.4439097346765393,0.6079158263149871,nan,nan
10,0,147032,forward,w,deg,56027,56023.0,4.0,-7.496329510852888,45.51381358471626,-30.512409229163854,104.27507079121261,134.78748002037648,-179.90344228731743,179.68791427219298,359.5913565595104,0.8572905992453578,134.26505733110287,179.99344543089558,186.47664862834012,0.7640301667295464
10,1,33467,forward,w,deg,11705,11705.0,0.0,-3.970483039780447,28.535106965716317,-20.925354513739364,42.240090042686546,63.16544455642591,-177.50121896423127,179.95582177420505,357.4570407384363,0.943122633941788,65.47939334735247,179.32340151550494,314.0325627550755,0.9086843713516358
10,2,52405,forward,w,deg,8935,8935.0,0.0,-2.439532342780609,23.770607253806748,-28.2852666564152,39.93197714702107,68.21724380343628,-179.2090764089891,179.54562309763764,358.7546995066267,0.9989129644965008,41.46238639859846,179.43842729856158,204.5065453173913,0.9242318730231738
10,3,156649,forward,w,deg,34123,34123.0,0.0,-1.9446609151041514,31.158468162370774,-22.177625866603,36.62389223570662,58.80151810230962,-177.92537665390682,179.28999174068457,357.2153683945914,-1.3841747239071005,81.27622858628918,179.9213779066382,16.125314229147165,0.8885448247525474
10,4,40474,forward,w,deg,10586,10585.0,1.0,-10.544025324994465,50.69342669253323,-46.23839997217877,91.02357318115338,137.26197315333215,-179.3786019631084,179.1685309024473,358.5471328655557,0.3079121744551727,133.5738434032074,179.96702170875778,214.168516158822,0.684146144867431
10,5,138247,forward,w,deg,28417,28417.0,0.0,-4.515525704916882,33.30420415283795,-20.199489380946535,61.38973242511698,81.58922180606352,-179.97869880917904,179.7930195296882,359.77171833886723,1.748838018031154,96.58070783353931,179.97093342112882,13.294361402488065,0.8813944483156765
10,6,32694,forward,w,deg,5546,5545.0,1.0,0.23054776657713205,76.10001056267313,-84.54303850475114,126.2528069112569,210.79584541600804,-179.9062335191599,179.24684760371997,359.1530811228799,0.21994705082613086,128.6481546260148,179.84190012032047,45.6694328902923,0.34387222004883694
10,7,16324,forward,w,deg,15122,15122.0,0.0,-2.2909004164444013,24.807320740173857,-11.528156221872596,16.75831280400417,28.286469025876766,-179.03033957525088,179.49147246083942,358.5218120360903,2.7143363635758617,39.23373727932254,177.92753272893307,304.7093774141649,0.9362140439845166
10,8,57507,forward,w,deg,14671,14671.0,0.0,-4.482641585245233,35.8747347728465,-28.98360297022691,64.40218106008675,93.38578403031366,-179.7681226263073,178.7866501370662,358.55477276337353,1.4916419865657407,96.80245769756829,179.95056254563133,197.9114845608708,0.8550930581961076
10,9,221423,forward,w,deg,8926,8924.0,2.0,-3.2506809257683216,70.73343203015705,-134.09328080158144,93.87749167387067,227.97077247545212,-170.6069457932353,178.1584806256995,348.7654264189348,-0.3648030471656613,129.04773856995203,179.2324874480048,57.04236936358397,0.4521571049160582
12,0,148221,backward,eps,km^2/s^2,53944,53944.0,0.0,-0.13254966097734205,0.03562616261986731,-0.19148315623289688,-0.07911114265012306,0.11237201358277382,-0.21609888011472161,-0.052686660463821866,0.16341221965089975,-0.037899798031354605,0.0648784944037739,0.08849591024251902,nan,nan
12,1,38978,backward,eps,km^2/s^2,8770,8770.0,0.0,-0.9976161762396685,0.016591017927108976,-1.0159020361864188,-0.9779697085522703,0.037932327634148555,-1.032726459212424,-0.8275709044623738,0.2051555547500501,4.946766786137954,0.022515208090347388,0.17282066727289203,nan,nan
12,2,49624,backward,eps,km^2/s^2,9410,9410.0,0.0,-0.882924025798039,0.02116887151348855,-0.9179489174607682,-0.8531060400898671,0.06484287737090111,-0.9880099564205258,-0.829054824162802,0.15895513225772384,-0.11634087928933261,0.04213870187539424,0.09305299281502943,nan,nan
12,3,172694,backward,eps,km^2/s^2,25766,25766.0,0.0,-0.22784452044243178,0.014027864136070359,-0.24426273755411176,-0.19844381152302804,0.04581892603108373,-0.25275903114329945,-0.18264303219119038,0.07011599895210907,0.5108382594612254,0.03156048938124428,0.04736126871308194,nan,nan
12,4,40708,backward,eps,km^2/s^2,9491,9491.0,0.0,-0.8804445305199109,0.023639197279761083,-0.9205507283296338,-0.8494301376308486,0.07112059069878518,-0.9344903853991138,-0.8272587452353299,0.10723164016378384,-0.1421416855210721,0.04882044959977727,0.07099184199529596,nan,nan
12,5,140920,backward,eps,km^2/s^2,27453,27453.0,0.0,-0.18991934701769875,0.03014156865341385,-0.2233201534674702,-0.1344418500992862,0.088878303368184,-0.23833624143428273,-0.05273741918696473,0.185598822247318,0.4507818810468073,0.058187945250958134,0.1398923761632796,nan,nan
12,6,25363,backward,eps,km^2/s^2,3488,3488.0,0.0,-0.8416498560639067,0.03286436640081996,-0.8996566706885379,-0.8285180311295138,0.07113863955902411,-1.032801628880673,-0.8273098336599867,0.20549179522068628,-3.368577302358858,0.0581958198202771,0.19134077801241212,nan,nan
12,7,31134,backward,eps,km^2/s^2,6122,6122.0,0.0,-0.932558358808396,0.03361834634950041,-0.9753265720364994,-0.8672756934216954,0.108050878614804,-0.9842761492308703,-0.8275661232874831,0.15671002594338712,0.5025871683695284,0.06476455941084686,0.10447412954505908,nan,nan
12,8,57825,backward,eps,km^2/s^2,14290,14290.0,0.0,-0.9523421128591754,0.01897063967437906,-0.9815821202229627,-0.9244016241236274,0.05718049609933529,-1.0328612569408748,-0.8548782996780089,0.17798295726286595,0.35673840151743064,0.032198981201413374,0.09598886351824021,nan,nan
12,9,223066,backward,eps,km^2/s^2,7000,7000.0,0.0,-0.2239588569080475,0.02094216605340877,-0.2509040182620203,-0.19380385718123105,0.05710016108078925,-0.25253778735729787,-0.15101120029202753,0.10152658706527035,0.10905122653387861,0.03011661942683231,0.07290927631603583,nan,nan
12,10,16751,backward,eps,km^2/s^2,14994,14994.0,0.0,-0.9132169084567162,0.03247756220201151,-0.9756158950594426,-0.872975683807924,0.10264021125151856,-0.9998325347881041,-0.8504015746160043,0.14943096017209978,-0.37545164701532185,0.05661059847906029,0.08065601522171573,nan,nan
12,11,105722,backward,eps,km^2/s^2,13330,13330.0,0.0,-0.1717704037990736,0.02571259331933539,-0.20389586216311867,-0.12351732783082614,0.08037853433229253,-0.21821546473140419,-0.05271329248426082,0.16550217224714336,1.0560802915405803,0.048014769995608,0.11881880534217332,nan,nan
12,0,148221,backward,e,-,53944,53944.0,0.0,0.6737188307052749,0.09012333903028445,0.5219177625577142,0.8064773167451998,0.2845595541874857,0.45326851827021575,0.8713416161528794,0.41807309788266367,-0.0718160167750648,0.166648900257953,0.23301829671565266,nan,nan
12,1,38978,backward,e,-,8770,8770.0,0.0,0.5199337333846652,0.029282931922137562,0.48997893776776286,0.5465646094812979,0.05658567171353507,0.17001522102484717,0.570207652630325,0.40019243160547785,-7.098641891113503,0.03412013408502699,0.35398184613160283,nan,nan
12,2,49624,backward,e,-,9410,9410.0,0.0,0.3190399577098661,0.04604049590117736,0.24833598200794715,0.38860184871753434,0.14026586670958718,0.17536180304304672,0.5055022087040824,0.33014040566103564,-0.15557643426493298,0.09606538433651361,0.16877876471443298,nan,nan
12,3,172694,backward,e,-,25766,25766.0,0.0,0.42139570358492523,0.040133100585785175,0.37281627440023246,0.5040065403664562,0.13119026596622374,0.3462129695991155,0.5462474232301808,0.2000344536310653,0.4480194445558034,0.08948396284463794,0.13172484570836251,nan,nan
12,4,40708,backward,e,-,9491,9491.0,0.0,0.31366851068837187,0.051640394457642354,0.23865202286224166,0.39335256675548746,0.1547005438932458,0.1687973804253869,0.4180200044678657,0.2492226240424788,-0.04137819063422927,0.1120581831988137,0.18191282563566846,nan,nan
12,5,140920,backward,e,-,27453,27453.0,0.0,0.5255468318814421,0.07935025375702506,0.4342722690596319,0.6686646797207009,0.23439241066106897,0.3893322304314118,0.8712211020512518,0.48188887161984,0.4016774913946537,0.15046211910138219,0.3530185414319331,nan,nan
12,6,25363,backward,e,-,3488,3488.0,0.0,0.21654660448161447,0.0696414661022135,0.17342035715919932,0.3536019985867765,0.18018164142757717,0.16895865707661148,0.5703028197356329,0.4013441626590214,2.77761316260279,0.13755899048769432,0.35425981163655074,nan,nan
12,7,31134,backward,e,-,6122,6122.0,0.0,0.4149003657639557,0.06347732274063352,0.2836504848038522,0.4858521984300086,0.2022017136261564,0.170024450464594,0.49984878133064076,0.3298243308660468,-0.8061603760648322,0.13030969010921928,0.24393572444847747,nan,nan
12,8,57825,backward,e,-,14290,14290.0,0.0,0.4488490134484642,0.03217607737410444,0.4004671949835737,0.4956439038515513,0.09517670886797763,0.25337978633725994,0.57038823861696,0.31700845227970004,-0.7002880466325551,0.05280412660111557,0.19298762118749707,nan,nan
12,9,223066,backward,e,-,7000,7000.0,0.0,0.43155531111977863,0.0600078173706319,0.3520414370322352,0.5157112466200119,0.16366980958777666,0.34694080348613904,0.6277910259118981,0.280850222425759,0.0751179154176553,0.08541014300711967,0.19386623245823548,nan,nan
12,10,16751,backward,e,-,14994,14994.0,0.0,0.37955920150035205,0.059846530060391256,0.29674753623280503,0.48630986979132435,0.1895623335585193,0.24031232601914165,0.5232182908666767,0.28290596484753505,0.2128927513220072,0.10277263503419397,0.15037175168842926,nan,nan
12,11,105722,backward,e,-,13330,13330.0,0.0,0.5732194455316169,0.06639583538964146,0.48747005181525277,0.6963932021555904,0.20892315034033765,0.4473860798902421,0.8712782904839208,0.4238922105936787,0.9653614843703352,0.12312666379872828,0.2976948462760798,nan,nan
12,0,148221,backward,w,deg,53944,53944.0,0.0,-0.5752060015752818,4.402451928515074,-5.682275988405117,9.795809084448377,15.478085072853494,-9.477241453344618,13.672346385236494,23.149587838581112,0.9595543237595778,11.651735093138866,15.528272393926983,16.9799495205981,0.997053643766372
12,1,38978,backward,w,deg,8770,8770.0,0.0,-0.5000615467759957,6.168722144315862,-8.941416442124622,10.730104260857916,19.671520702982537,-15.787045247172529,26.09859733865082,41.88564258582335,0.4057320655003912,16.724458762435077,32.09295184022798,190.56925730820376,0.9942194546553826
12,2,49624,backward,w,deg,9410,9410.0,0.0,0.8906560565531549,7.7744617386720645,-8.285752347163879,10.732851690025788,19.018604037189668,-37.00042835935034,13.481909557321075,50.48233791667141,-2.8609048175296237,11.065437654022805,37.47069235579113,204.19830177630746,0.9909903874452035
12,3,172694,backward,w,deg,25766,25766.0,0.0,-0.4328721969211955,5.759509554375829,-8.308877273874955,8.994962407840141,17.303839681715097,-10.403405105506977,12.295968110190216,22.699373215697193,0.15726301996253225,13.943926272400276,16.038454104032297,18.790388527480058,0.9949552561240449
12,4,40708,backward,w,deg,9491,9491.0,0.0,-1.7648843979121978,6.9303751941903515,-7.237726216959942,12.387603021057103,19.625329238017045,-35.147248565994005,15.219919334224016,50.36716790021802,-0.6215628596462514,15.009491712842262,32.85798203819519,202.22625800613915,0.9927477338896991
12,5,140920,backward,w,deg,27453,27453.0,0.0,0.3103365226388064,2.8265300650710934,-5.456272561510371,3.4437928545104906,8.900065416020862,-14.761159898337496,8.8169466377351,23.578106536072596,-1.2129937095771446,7.527277284275324,16.832164621102464,22.286412154012808,0.9987849215157629
12,6,25363,backward,w,deg,3488,3488.0,0.0,1.411313627395927,10.308537859263904,-21.369412959204137,15.323307439626289,36.692720398830424,-31.749849970585473,18.319763954617798,50.06961392520327,-0.733137329729875,27.00412758120293,37.3845645925843,198.80742216176236,0.9839667888155872
12,7,31134,backward,w,deg,6122,6122.0,0.0,-2.107247491730064,13.392536592351911,-15.76085506700654,21.445342330155558,37.2061973971621,-27.58975091653278,22.654629461583625,50.244380378116404,0.2713602841115643,25.62227423825296,26.831561369681026,194.68915708830815,0.9728865243992187
12,8,57825,backward,w,deg,14290,14290.0,0.0,-0.2617741715297228,5.2724925544347245,-7.478884828914248,9.019022976588799,16.497907805503047,-28.417408061174854,17.779934440423148,46.197342501598,0.14957631214768807,11.584557178475539,26.069474976449357,199.60568376369406,0.995777807243729
12,9,223066,backward,w,deg,7000,7000.0,0.0,-1.2367955714803145,6.362511773546642,-10.259827129807151,8.708011284821936,18.967838414629085,-14.04405737823808,8.989286703909443,23.033344082147522,-0.11096785997806485,20.52646140006152,20.807736819149028,21.96340450176149,0.9938462047805378
12,10,16751,backward,w,deg,14994,14994.0,0.0,-0.4378127544601824,4.612993761547265,-5.884154543812568,6.297059159025061,12.181213702837628,-20.600703915218986,28.928661982562772,49.52936589778176,1.7262839328652315,7.809671752182893,30.405661422068448,187.88693122003494,0.9967757170251921
12,11,105722,backward,w,deg,13330,13330.0,0.0,3.242617209544491,6.997234307587199,-13.982304725289822,6.867173433431462,20.849478158721283,-14.651613066670052,8.797590771922927,23.44920383859298,-1.1548883480229748,17.818339507364655,18.48764784874487,22.18686553109577,0.9925687886734597
12,0,148221,forward,eps,km^2/s^2,53944,53941.0,3.0,-0.1384651772158973,0.09102205868512867,-0.21102427131120538,-0.08149434022990154,0.12952993108130384,-0.9714927120260883,-0.05270234629178039,0.918790365734308,-6.041194929577514,0.09664128757016516,0.8571097282850482,nan,nan
12,1,38978,forward,eps,km^2/s^2,8770,8770.0,0.0,-0.9178503879416205,0.07913068650718952,-0.995591253466444,-0.8684160505353733,0.12717520293107065,-1.032100959715513,-0.12204737501194007,0.910053584703573,6.909269695859842,0.08702464406540182,0.7870465343062846,nan,nan
12,2,49624,forward,eps,km^2/s^2,9410,9410.0,0.0,-0.22930384037896717,0.05069584256576986,-0.24389995757326946,-0.20653482583381025,0.03736513173945921,-0.9430517575830868,-0.16634411793666642,0.7767076396464203,-11.942096733901812,0.025395160442378904,0.7119598371655754,nan,nan
12,3,172694,forward,eps,km^2/s^2,25766,25766.0,0.0,-0.8874304560911311,0.03738275583581114,-0.9456390101962224,-0.851158198597834,0.09448081159838839,-1.032752684703397,-0.25045517371706955,0.7822975109863275,5.616638936046863,0.06054424765312527,0.6413885569399069,nan,nan
12,4,40708,forward,eps,km^2/s^2,9491,9491.0,0.0,-0.1745462737442488,0.09632521934004021,-0.20936734922540567,-0.0860915171437715,0.12327583208163417,-0.9877261111691635,-0.052813300245758366,0.9349128109234052,-5.989733116665045,0.10007703820203251,0.8156504178051763,nan,nan
12,5,140920,forward,eps,km^2/s^2,27453,27453.0,0.0,-0.9483468351224449,0.029731888602174326,-0.9803651806557633,-0.9029834698370571,0.07738171081870615,-1.0328225762440004,-0.21282132500146278,0.8200012512425376,3.8422933218030413,0.04467649849022056,0.7294423158471568,nan,nan
12,6,25363,forward,eps,km^2/s^2,3488,3487.0,1.0,-0.8411909856787165,0.30778587192115686,-0.949857163557445,-0.13163032595456403,0.818226837602881,-1.0274382125404289,-0.05276686662596186,0.974671345914467,0.8877453645934944,0.801920896117884,0.8807843554464861,nan,nan
12,7,31134,forward,eps,km^2/s^2,6122,6122.0,0.0,-0.9020834683485146,0.039918537681614345,-0.9887549000683111,-0.8614595720480619,0.12729532802024923,-1.0327283412741601,-0.8274579805951601,0.20527036067900006,-0.4119823100691403,0.0737907441043056,0.10699557720637332,nan,nan
12,8,57825,forward,eps,km^2/s^2,14290,14289.0,1.0,-0.19743461526363687,0.10059862521249915,-0.22599351284782823,-0.13435289047886892,0.09164062236895931,-0.9857280937318955,-0.058849219021311905,0.9268788747105836,-6.216227541078703,0.06262640690563147,0.7916670051605912,nan,nan
12,9,223066,forward,eps,km^2/s^2,7000,6998.0,2.0,-0.18347698490511338,0.2776445028516681,-0.84624918813089,-0.11616814750714842,0.7300810406237416,-0.9167730541128998,-0.05474438652019287,0.8620286675927069,-1.3739767004519001,0.71254669821438,0.7830705641963898,nan,nan
12,10,16751,forward,eps,km^2/s^2,14994,14994.0,0.0,-0.9713415669260534,0.03734890789276976,-1.013467981459419,-0.9052442704581323,0.1082237110012867,-1.0207437894405547,-0.8293355520673729,0.1914082373731818,0.5460216660877302,0.06173785388755193,0.13764657227831134,nan,nan
12,11,105722,forward,eps,km^2/s^2,13330,13329.0,1.0,-0.8839635681615641,0.03994635366719541,-0.9552538231003804,-0.8526044362685482,0.10264938683183222,-1.0326474300605972,-0.2467627728952636,0.7858846571653336,5.251878517009871,0.08091178424674035,0.6286009149176989,nan,nan
12,0,148221,forward,e,-,53944,53941.0,3.0,0.6588827730608618,0.11442935570414356,0.4678364314348698,0.800626791913002,0.3327903604781322,0.20122760351217245,0.8713080396266609,0.6700804361144885,-0.8138409236558236,0.2514616166733445,0.5180704445960418,nan,nan
12,1,38978,forward,e,-,8770,8770.0,0.0,0.3903515281693435,0.07817558276859028,0.28856941332149083,0.5176795112881968,0.22911009796670595,0.17019078829443438,0.6998554368508715,0.5296646485564371,0.20783974602362568,0.14661489648245624,0.3280789272691423,nan,nan
12,2,49624,forward,e,-,9410,9410.0,0.0,0.41719213498715413,0.03474108880313009,0.3739982206011598,0.4821797632713593,0.10818154267019953,0.27241563561210963,0.5885921025835861,0.31617646697147644,0.36907603379881515,0.07298781388035769,0.1771462375248018,nan,nan
12,3,172694,forward,e,-,25766,25766.0,0.0,0.32881158872937766,0.06246187119588032,0.24367159036198566,0.4375861354038426,0.19391454504185696,0.1705702237646053,0.5702361477826314,0.39966592401802614,0.1317842306154423,0.12657453122012075,0.23246165567926924,nan,nan
12,4,40708,forward,e,-,9491,9491.0,0.0,0.5661234017695855,0.09879288296004983,0.4728546914189631,0.7894106030368644,0.3165559116179013,0.16922882581967422,0.8710333686233579,0.7018045428036837,0.3377286496241174,0.24444833341633576,0.40301966357138674,nan,nan
12,5,140920,forward,e,-,27453,27453.0,0.0,0.44217544208577747,0.0519651630071119,0.3600491292152557,0.493770238441903,0.13372110922664726,0.17054475624136034,0.5703371426776247,0.39979238643626436,-1.8256273220396666,0.0740328888757391,0.261276753996277,nan,nan
12,6,25363,forward,e,-,3488,3487.0,1.0,0.3368574853733731,0.14806732666074066,0.19117125097661355,0.6756279889503921,0.48445673797377853,0.170843109816489,0.8711452962979094,0.7003021864814204,1.63633336045185,0.25897369648989926,0.45449100383741653,nan,nan
12,7,31134,forward,e,-,6122,6122.0,0.0,0.3581060194316539,0.0749128993561563,0.2700013190447713,0.5066169490858026,0.23661563004103126,0.16956720075738044,0.5702003834770726,0.40063318271969217,0.08838710937880871,0.14987656106048533,0.24885939442433255,nan,nan
12,8,57825,forward,e,-,14290,14289.0,1.0,0.5057060918882276,0.08392993997331406,0.4281594479460403,0.6689164725167361,0.24075702457069587,0.16999816670989903,0.8563122445220511,0.6863140778121521,0.14102905862520843,0.15870384902985138,0.34442210617540175,nan,nan
12,9,223066,forward,e,-,7000,6998.0,2.0,0.5430970596389761,0.17427695957104877,0.19176221035723756,0.7146063324317865,0.522844122074549,0.17222953879808778,0.86633780657164,0.6941082677735522,-0.7535474531981984,0.4790320157998693,0.49856468735901915,nan,nan
12,10,16751,forward,e,-,14994,14994.0,0.0,0.4795578765914452,0.06296766216966215,0.36429910973408286,0.5431041310288299,0.17880502129474707,0.17602644041310156,0.5534628012741507,0.37743636086104915,-0.8095682240954587,0.1082888782878974,0.29656154760887876,nan,nan
12,11,105722,forward,e,-,13330,13329.0,1.0,0.32145230353806975,0.06391150079899731,0.24785070681007124,0.45370520926043945,0.2058545024503682,0.17053525493279453,0.5700895746611183,0.3995543197283238,0.6503252173629213,0.15138845342351123,0.2677728188241901,nan,nan
12,0,148221,forward,w,deg,53944,53941.0,3.0,-6.825990145832492,43.61951780747997,-28.753801238624987,103.10409521714666,131.85789645577165,-179.36114285317066,179.9283943493047,359.28953720247534,1.0130209408340765,131.35834617499788,179.95060614500846,184.79316475945637,0.7834238401857316
12,1,38978,forward,w,deg,8770,8770.0,0.0,-2.8135591862926788,28.197028854501827,-19.258377495020092,33.581092510839774,52.839470005859866,-179.73976015606738,179.0224422983748,358.7622024544422,2.537596577883631,53.731729119532226,179.5402895502612,313.5814478607796,0.9127212691395515
12,2,49624,forward,w,deg,9410,9410.0,0.0,-2.048353774683818,27.069136902167546,-30.161046024060262,42.48343555291919,72.64448157697944,-179.57347213486958,178.02015710559454,357.5936292404641,1.4153518070519313,66.83039153488872,179.7363108895479,203.62564054989855,0.9076443381102259
12,3,172694,forward,w,deg,25766,25766.0,0.0,-5.0268351472244746,31.161367638231724,-26.199713054763322,63.90497845634638,90.1046915111097,-179.11222182227186,179.38316143896566,358.4953832612375,1.172480560985892,90.6815349288984,179.92372368482017,22.345745041392597,0.8821820726048752
12,4,40708,forward,w,deg,9491,9491.0,0.0,-13.018110256482544,51.65137225362064,-45.64306123718512,94.18176791051735,139.82482914770247,-179.39348594563788,179.82118583818738,359.2146717838252,0.41903278775890507,135.65604400683497,179.9624641798456,213.51586122308194,0.6792709739219929
12,5,140920,forward,w,deg,27453,27453.0,0.0,-4.80287331505275,34.94491623545555,-20.536769846026708,105.45853927759218,125.99530912361888,-179.65201100671868,179.72953362362097,359.38154463033965,2.284222250199788,123.44983865125322,179.97074175009863,13.66934516193097,0.8678698501761193
12,6,25363,forward,w,deg,3488,3487.0,1.0,-6.4929908544597765,72.51332944055045,-148.29385235227852,108.68495983325639,256.97881218553493,-173.7844050886889,178.0969831016298,351.8813881903187,-0.3887951294899661,167.91038898763566,179.95854342928783,172.48874757237948,0.4601121105192067
12,7,31134,forward,w,deg,6122,6122.0,0.0,-2.8225927068853878,50.76896680367573,-38.319509050852645,91.85711045180983,130.17661950266248,-179.7297273837402,179.88516133234896,359.6148887160891,0.0823775434089235,113.19664140228409,179.3666654558967,330.62462479778975,0.7248459880068633
12,8,57825,forward,w,deg,14290,14289.0,1.0,-4.287921422912689,38.41565881462082,-29.153132335801,67.00833066948717,96.16146300528817,-179.9128908583114,179.55576989519193,359.46866075350334,1.077604287692284,111.59136215515733,179.81200358679882,197.88160450667075,0.8395667195227807
12,9,223066,forward,w,deg,7000,6998.0,2.0,-4.972303241212927,61.16684970735219,-76.55625332339508,105.02783440140676,181.58408772480186,-179.58460895868853,179.46102669494138,359.0456356536299,0.2930207060855496,122.93661922112736,179.80013233103904,298.30366551498497,0.5451187010125516
12,10,16751,forward,w,deg,14994,14994.0,0.0,-3.970917497413268,29.15040232765084,-13.608752234879617,91.81520956424299,105.42396179912261,-179.91264745252158,179.84001923337576,359.75266668589734,2.6886974775795958,101.50475938427087,177.50158311838914,306.99315127200873,0.9051604930434015
12,11,105722,forward,w,deg,13330,13329.0,1.0,-3.116477185457171,41.96641577236827,-34.3112221957435,100.55919869601948,134.870420891763,-179.46893446878778,179.63251051188183,359.1014449806696,0.5489470236483,127.32360518430636,179.7567620548349,29.94853075131437,0.8048419940960725
14,0,128398,backward,eps,km^2/s^2,31848,31848.0,0.0,-0.11073479738509659,0.026016357461179557,-0.15830883545180768,-0.07469800748906957,0.08361082796273811,-0.20435946557992052,-0.052686660463821866,0.15167280511609865,-0.5236383349776109,0.05754716369753456,0.10359779382564743,nan,nan
14,1,39208,backward,eps,km^2/s^2,8668,8668.0,0.0,-0.9977691211990323,0.019333210629948056,-1.0159370285509424,-0.9789845938009877,0.03695243474995469,-1.032726459212424,-0.8275661232874831,0.20516033592494076,5.5785225365715645,0.021801046095453924,0.1731606472342857,nan,nan
14,2,49624,backward,eps,km^2/s^2,8686,8686.0,0.0,-0.8853576608832411,0.020040320359299715,-0.9183275217956834,-0.8554963717710322,0.06283115002465123,-0.9880099564205258,-0.8403539683166863,0.1476559881038395,-0.20884812838725625,0.03972739014110749,0.09305299281502943,nan,nan
14,3,171855,backward,eps,km^2/s^2,22661,22661.0,0.0,-0.2262893923555973,0.013271627364690758,-0.24120123695635426,-0.19861732062434656,0.0425839163320077,-0.2527508553193874,-0.18264303219119038,0.07010782312819702,0.5351334490107258,0.031090688941477373,0.047064977374633554,nan,nan
14,4,40478,backward,eps,km^2/s^2,9290,9290.0,0.0,-0.8806828750119193,0.023303932516525787,-0.9205512300102959,-0.8498003815964981,0.07075084841379786,-0.9344903853991138,-0.8294156067496377,0.10507477864947612,-0.18402159563340825,0.04810471348302545,0.06848948832988588,nan,nan
14,5,140920,backward,eps,km^2/s^2,27741,27741.0,0.0,-0.18953536846097807,0.030001652368697198,-0.22334166542216094,-0.13455873847699323,0.0887829269451677,-0.23833624143428273,-0.05273741918696473,0.185598822247318,0.40830178797781097,0.05807105687325109,0.1398923761632796,nan,nan
14,6,28932,backward,eps,km^2/s^2,2839,2839.0,0.0,-0.836991861230804,0.012751254406428238,-0.8724520637333748,-0.8283417870823926,0.044110276650982216,-0.8855997019647686,-0.8272587452353299,0.05834095672943862,-1.5008105733684562,0.03500230226101378,0.048149940492407506,nan,nan
14,7,5959,backward,eps,km^2/s^2,5526,5526.0,0.0,-0.9316156086680298,0.03362712419786061,-0.9716684643144742,-0.8625238221336773,0.10914464218079689,-0.9808974963472594,-0.8355809082145855,0.1453165881326739,0.5943378728151716,0.07590297316000522,0.10284588707909692,nan,nan
14,8,57825,backward,eps,km^2/s^2,14069,14069.0,0.0,-0.9521817307475531,0.01864713186082194,-0.9815588768420249,-0.9244686782160549,0.05709019862596998,-1.0328612569408748,-0.8548782996780089,0.17798295726286595,0.21771493456924781,0.03210552194773353,0.09598886351824021,nan,nan
14,9,221020,backward,eps,km^2/s^2,5965,5965.0,0.0,-0.24408671946739818,0.010505208598092031,-0.2512533810760561,-0.22261907425129035,0.028634306824765754,-0.25275903114329945,-0.1648913482065521,0.08786768293674735,2.184755138250028,0.01657093815942037,0.07057099342064649,nan,nan
14,10,16751,backward,eps,km^2/s^2,14023,14023.0,0.0,-0.912344695832215,0.032742608684852466,-0.9759251393144398,-0.8727952018081213,0.10312993750631849,-0.9998325347881041,-0.8371408942332763,0.16269164055482777,-0.3991331038129443,0.0569948541801906,0.08203562533311204,nan,nan
14,11,101915,backward,eps,km^2/s^2,13131,13131.0,0.0,-0.17218997887237092,0.02583902524000989,-0.20413648999873688,-0.12328482382193034,0.08085166617680653,-0.22147239420007397,-0.05271329248426082,0.16875910171581315,1.0679863721075045,0.0521145434829115,0.12268607482058103,nan,nan
14,12,34081,backward,eps,km^2/s^2,3464,3464.0,0.0,-0.9056656404115248,0.04940525156514062,-0.9881782989683778,-0.843838268667033,0.1443400303013448,-1.032801628880673,-0.8281546209589192,0.20464700792175372,-0.163767593990218,0.07975100554143363,0.10922149794213554,nan,nan
14,13,161766,backward,eps,km^2/s^2,26147,26147.0,0.0,-0.17375994073123152,0.025119480569803877,-0.2091860626439025,-0.1283304715697621,0.08085559107414039,-0.2464599072836312,-0.11409186215351719,0.13236804513011402,0.051553440993046734,0.0510695643446238,0.07084055723395483,nan,nan
14,0,128398,backward,e,-,31848,31848.0,0.0,0.7282320544290831,0.06530411105094353,0.6076080031893609,0.817347269902468,0.20973926671310705,0.48569166252762735,0.8713416161528794,0.38564995362525206,-0.5765067433892166,0.14547603393199512,0.2673923745937287,nan,nan
14,1,39208,backward,e,-,8668,8668.0,0.0,0.5201508437435083,0.03580040656474841,0.49161197230316794,0.5466163377537472,0.05500436545057924,0.17001522102484717,0.570207652630325,0.40019243160547785,-7.1053222958422655,0.03299490346141458,0.35447776908402856,nan,nan
14,2,49624,backward,e,-,8686,8686.0,0.0,0.3242443135466775,0.042602199989400125,0.2546636495136534,0.38935021478343484,0.13468656526978146,0.21167690010757031,0.5055022087040824,0.293825308596512,0.016781222042090472,0.08979876348013395,0.16136164094660266,nan,nan
14,3,171855,backward,e,-,22661,22661.0,0.0,0.4258721758003029,0.03779304946575029,0.3820710696173772,0.5035251528337211,0.12145408321634393,0.34633541182785305,0.5462474232301808,0.19991201140232778,0.4843210098634714,0.08815996169990131,0.13088223209636102,nan,nan
14,4,40478,backward,e,-,9290,9290.0,0.0,0.31412745394279096,0.05055869794662014,0.2396555159832416,0.3933537657592372,0.15369824977599558,0.17699520378829653,0.4180200044678657,0.24102480067956916,0.035082539504891916,0.11036248414804758,0.17302279634299267,nan,nan
14,5,140920,backward,e,-,27741,27741.0,0.0,0.526486595066314,0.07901331083531193,0.4342297461254758,0.6684099508305105,0.23418020470503464,0.3893322304314118,0.8712211020512518,0.48188887161984,0.36267042076505895,0.15020739021119178,0.3530185414319331,nan,nan
14,6,28932,backward,e,-,2839,2839.0,0.0,0.2021772888161722,0.03551126625400953,0.17284599161396505,0.29598214600906086,0.12313615439509581,0.1687973804253869,0.3248743339597046,0.15607695353431772,1.214570659316347,0.092073920212295,0.12096610816293873,nan,nan
14,7,5959,backward,e,-,5526,5526.0,0.0,0.4131276237427244,0.06421956567255141,0.27221968009466313,0.4801100771638224,0.2078903970691593,0.19801671934167947,0.4945490510897534,0.2965323317480739,-0.8652626343638865,0.15277150345315335,0.22697446420613698,nan,nan
14,8,57825,backward,e,-,14069,14069.0,0.0,0.4486114215364331,0.03145370517583256,0.4005627888932184,0.4956069612345752,0.09504417234135681,0.25337978633725994,0.57038823861696,0.31700845227970004,-0.5045570615796242,0.052665499584726404,0.19298762118749707,nan,nan
14,9,221020,backward,e,-,5965,5965.0,0.0,0.373140497824284,0.030887342441344553,0.3509390122651215,0.43760418900548065,0.08666517674035917,0.3462129695991155,0.5923355353404743,0.24612256574135882,2.0185691748696035,0.051519364326949604,0.19205605483288296,nan,nan
14,10,16751,backward,e,-,14023,14023.0,0.0,0.37796087711576987,0.060355637116781435,0.29630939528780115,0.4867593630647671,0.19044996777696593,0.20299387875727526,0.5232182908666767,0.32022441210940145,0.2352633030087522,0.10305237990887592,0.18769019895029565,nan,nan
14,11,101915,backward,e,-,13131,13131.0,0.0,0.5720931625891192,0.06670941164238006,0.4868487890489651,0.6970071530017248,0.21015836395275966,0.4381930499927192,0.8712782904839208,0.4330852404912016,0.9780270583663798,0.13359983926594904,0.3078709767481451,nan,nan
14,12,34081,backward,e,-,3464,3464.0,0.0,0.36535201474328005,0.09743633774427592,0.2229530958841255,0.5057339361688147,0.2827808402846892,0.17231456591425864,0.5703028197356329,0.39798825382137426,-0.044548022596074016,0.1758770760813191,0.22651560605118598,nan,nan
14,13,161766,backward,e,-,26147,26147.0,0.0,0.5686550228560951,0.06578530479463772,0.4733375613179283,0.6841924158539775,0.21085485453604919,0.36507145445078065,0.7197896696368885,0.35471821518610785,-0.04166131193873166,0.1325255143138435,0.19855917575232102,nan,nan
14,0,128398,backward,w,deg,31848,31848.0,0.0,-1.3081032978601712,4.916240555627245,-5.793245092830726,10.542355472027488,16.335600564858215,-9.186530058417134,14.076318480859214,23.262848539276348,0.9335521089573086,13.13949322824114,16.673456237072884,16.689238125670617,0.9963260025598646
14,1,39208,backward,w,deg,8668,8668.0,0.0,-0.6638667540910888,6.262737084409343,-9.12981672075826,11.020978849132586,20.150795569890846,-17.5329420892094,25.752628058295358,43.28557014750476,0.4075520208238788,17.314978267807003,32.046627476969775,190.8964407715994,0.9940422498833945
14,2,49624,backward,w,deg,8686,8686.0,0.0,0.48273549449393727,5.320542792138972,-7.384153133706214,5.368778805188036,12.75293193889425,-37.234428440965104,13.191110344103436,50.42553878506854,-3.3275304353746824,8.64802034623753,37.41389322418826,204.4891009895251,0.9957609195079943
14,3,171855,backward,w,deg,22661,22661.0,0.0,-0.37986286799315394,5.63764541043845,-8.1227609398276,8.50095190054597,16.62371284037357,-10.367409796488857,12.331963419208364,22.69937321569722,0.1457943820274386,13.91085410988913,16.15550296655036,18.754393218461914,0.9951661545825423
14,4,40478,backward,w,deg,9290,9290.0,0.0,-1.7706957263863927,6.584261346969612,-7.112152957972327,12.206108715745595,19.31826167371792,-35.10017079986304,14.761140661541049,49.861311461404085,-0.45051307894083115,14.83985481544159,32.768675288596654,202.23189367405425,0.9934473724932444
14,5,140920,backward,w,deg,27741,27741.0,0.0,0.28887124899958394,2.7724539595389293,-5.385865866645133,3.4213647212970955,8.807230587942229,-14.812911789632551,8.765194746440073,23.578106536072625,-1.098025963452375,7.405118698115075,16.832164621102464,22.33816404530784,0.9988308111800034
14,6,28932,backward,w,deg,2839,2839.0,0.0,2.317174042227066,14.474216355006455,-28.346717877145537,17.236085114150338,45.58280299129588,-30.83973580032719,18.122580273150675,48.962316073477865,-0.5867120463922147,38.321095626946416,40.81411355012807,198.0376092172843,0.9684686558158481
14,7,5959,backward,w,deg,5526,5526.0,0.0,-3.465996143750246,14.130448402329495,-14.57116146868276,22.704082053966573,37.27524352264933,-26.362953261076058,23.83198327994816,50.19493654102422,0.4092607101880276,37.93624755461184,39.06414878059343,193.46235943285143,0.9698252068344925
14,8,57825,backward,w,deg,14069,14069.0,0.0,-0.25852738818409193,5.146161453587476,-7.314388678842652,8.766550772729037,16.080939451571687,-28.39301880037499,16.87199581211013,45.26501461248512,0.124583934595085,11.24194621541528,26.069474976449357,199.5812945028942,0.9959771379842224
14,9,221020,backward,w,deg,5965,5965.0,0.0,0.6058066469640266,6.150384327266207,-10.245027745916484,8.20326542422334,18.448293170139824,-12.444762480664593,9.221044929974795,21.66580741063939,-0.2528550669586229,16.317622502768735,17.335402008520163,20.550943174862564,0.9942483212349944
14,10,16751,backward,w,deg,14023,14023.0,0.0,-0.39497079448963746,4.292147109920461,-5.445627393178211,5.927116713995206,11.372744107173418,-20.38415109502469,29.145214802757067,49.52936589778176,1.83148661375743,7.199146277209283,30.405661422068448,187.67037839984064,0.9972079094445728
14,11,101915,backward,w,deg,13131,13131.0,0.0,3.4382241830587645,7.154656728259068,-13.722948893998009,7.146532403915089,20.869481297913097,-14.383849462344813,9.065354376248166,23.44920383859298,-1.0514802629828885,18.7668266404023,19.427727208749104,21.919101926770548,0.9922292358268804
14,12,34081,backward,w,deg,3464,3464.0,0.0,-2.193473398735435,8.688641381698694,-7.95457464289013,17.73122064901336,25.68579529190349,-30.981160425121686,19.416085368737612,50.3972457938593,0.21979681116750702,23.384380193203896,25.818834977108736,198.03873261629857,0.9885983947222243
14,13,161766,backward,w,deg,26147,26147.0,0.0,-0.6621547458460384,4.560110348982964,-5.8088611385380515,11.959270916660733,17.768132055198784,-10.437681433687004,12.79684309875887,23.234524532445874,1.3218120740279442,11.067310301747684,11.881818119890283,18.155848106912075,0.9968407427861454
14,0,128398,forward,eps,km^2/s^2,31848,31847.0,1.0,-0.15309221499739023,0.10829142816430472,-0.20942623530802754,-0.104745197579876,0.10468103772815153,-0.9714927120260883,-0.07961204661477184,0.8918806654113165,-5.574602263067417,0.06999162992182024,0.8320581066398811,nan,nan
14,1,39208,forward,eps,km^2/s^2,8668,8668.0,0.0,-0.9175119279648759,0.07940981932453652,-0.9956232677565631,-0.8680634097598531,0.12755985799671,-1.032100959715513,-0.12204737501194007,0.910053584703573,6.893611846897871,0.08734543056664128,0.7867498631324191,nan,nan
14,2,49624,forward,eps,km^2/s^2,8686,8686.0,0.0,-0.22919364103416506,0.024756405125988996,-0.24240975813176602,-0.20759907072898656,0.034810687402779456,-0.9646241064750161,-0.16719243472367146,0.7974316717513446,-20.474809886224392,0.023729892747112957,0.7335321860575047,nan,nan
14,3,171855,forward,eps,km^2/s^2,22661,22661.0,0.0,-0.8911196653634772,0.03206256576822855,-0.9456825175014714,-0.8568928449939308,0.08878967250754055,-1.0314622399231208,-0.13712850658317932,0.8943337333399415,5.139947006140801,0.05519580426227666,0.7541745928808712,nan,nan
14,4,40478,forward,eps,km^2/s^2,9290,9290.0,0.0,-0.17381517103343658,0.08147320731053202,-0.2085822442949025,-0.0773159275290183,0.13126631676588418,-0.9904613740779418,-0.052813300245758366,0.9376480738321834,-6.512983995154019,0.102278185658951,0.8191704109636088,nan,nan
14,5,140920,forward,eps,km^2/s^2,27741,27741.0,0.0,-0.9481450642317619,0.028130219899113067,-0.9803005451193614,-0.903080699736365,0.07721984538299642,-1.0328225762440004,-0.2505715408566494,0.7822510353873511,2.1538278158171775,0.044048119123855756,0.6916920999919702,nan,nan
14,6,28932,forward,eps,km^2/s^2,2839,2838.0,1.0,-0.24580568322647492,0.30948798287852547,-0.9071812238506406,-0.14552226164817095,0.7616589622024696,-0.9975364195935326,-0.05276686662596186,0.9447695529675707,-0.6167003342514211,0.7022306533225084,0.7925858490654004,nan,nan
14,7,5959,forward,eps,km^2/s^2,5526,5526.0,0.0,-0.9010272755164017,0.03407538140915845,-0.9814879564694517,-0.8639337326068675,0.1175542238625843,-1.0314016645503226,-0.8309221051066014,0.2004795594437212,-0.7057041986757255,0.10113559049279586,0.15104929857366667,nan,nan
14,8,57825,forward,eps,km^2/s^2,14069,14069.0,0.0,-0.19677816387564817,0.043803975288549304,-0.22467058922560873,-0.13429229006493099,0.09037829916067774,-0.8983375976782122,-0.058849219021311905,0.8394883786569003,-7.6189260175550535,0.06006060555702223,0.7042765091069079,nan,nan
14,9,221020,forward,eps,km^2/s^2,5965,5964.0,1.0,-0.8393144135544207,0.3021281544523392,-0.900328380753091,-0.12717132697188127,0.7731570537812097,-1.032752684703397,-0.07181052376753161,0.9609421609358654,1.1118043095488044,0.7029585194070995,0.7583193226114492,nan,nan
14,10,16751,forward,eps,km^2/s^2,14023,14023.0,0.0,-0.9757493721207431,0.034096853773641175,-1.0138186159337546,-0.9131353339296329,0.10068328200412169,-1.0207437894405547,-0.8303055485322965,0.19043824090825812,0.5761428392302236,0.05384679041605138,0.13667657581338766,nan,nan
14,11,101915,forward,eps,km^2/s^2,13131,13130.0,1.0,-0.8824379461739328,0.04265646530766136,-0.9551270828026358,-0.8522062172062673,0.10292086559636848,-1.0326474300605972,-0.24704016386814232,0.7856072661924549,6.074429002910563,0.09820653760434077,0.6111430339151434,nan,nan
14,12,34081,forward,eps,km^2/s^2,3464,3463.0,1.0,-0.8994211347686638,0.053389537526273005,-0.9883019663482602,-0.833399065712553,0.15490290063570722,-1.0327283412741601,-0.2067668640211714,0.8259614772529887,0.4406638844322044,0.10112467547566854,0.7277568771670501,nan,nan
14,13,161766,forward,eps,km^2/s^2,26147,26144.0,3.0,-0.1179754998550103,0.05369790004367765,-0.2104287000861449,-0.07615457158030425,0.13427412850584064,-0.9663244309770538,-0.05270234629178039,0.9136220846852734,-3.9241008806583797,0.07608956648944175,0.8192854466600843,nan,nan
14,0,128398,forward,e,-,31848,31847.0,1.0,0.6218596252040558,0.10081878443918783,0.47205811619939103,0.7431382879885154,0.2710801717891244,0.1757399249948291,0.8054577251600691,0.6297178001652399,-1.252724692698789,0.184456778340173,0.4807749695447365,nan,nan
14,1,39208,forward,e,-,8668,8668.0,0.0,0.38958184179692784,0.0784034818799181,0.28763650993400774,0.517724497217919,0.23008798728391128,0.17019078829443438,0.6998554368508715,0.5296646485564371,0.2171499672342081,0.14722416863524432,0.32864664227280266,nan,nan
14,2,49624,forward,e,-,8686,8686.0,0.0,0.41758788978635963,0.03189577746069763,0.3784743224894833,0.47931819229109146,0.10084386980160814,0.19323806930316476,0.5864085522564614,0.3931704829532966,0.17261511846675662,0.06844129052235626,0.21820779575561952,nan,nan
14,3,171855,forward,e,-,22661,22661.0,0.0,0.3363705211048738,0.05484273646800065,0.25845015504697166,0.43762146651144745,0.1791713114644758,0.1705702237646053,0.6620800671306087,0.49150984336600345,0.377914179352934,0.10424836527005538,0.32542067526778073,nan,nan
14,4,40478,forward,e,-,9290,9290.0,0.0,0.5678740059045488,0.09944114216374755,0.4749249579231839,0.8110866223080485,0.3361616643848646,0.17192591343746522,0.8710333686233579,0.6991074551858927,0.6345631231397658,0.254868820914487,0.40236561342395505,nan,nan
14,5,140920,forward,e,-,27741,27741.0,0.0,0.4418198756212272,0.05099483405884953,0.36021856691695897,0.4936729439172223,0.1334543770002633,0.17054475624136034,0.5703371426776247,0.39979238643626436,-1.7537972142990754,0.07314866840284562,0.261276753996277,nan,nan
14,6,28932,forward,e,-,2839,2838.0,1.0,0.37611789766391746,0.13086002420463433,0.19362474951978945,0.6407103153958873,0.4470855658760978,0.171776542593248,0.8711452962979094,0.6993687537046613,0.7210229071186403,0.2947799581103234,0.3844737976391098,nan,nan
14,7,5959,forward,e,-,5526,5526.0,0.0,0.3560175498302579,0.06412081791673924,0.2759277270778375,0.4955126501376508,0.21958492305981325,0.18237872940838543,0.5683851512160862,0.38600642180770084,0.3410277107249745,0.1824620318328439,0.25533453291127933,nan,nan
14,8,57825,forward,e,-,14069,14069.0,0.0,0.5075639134310802,0.08106928061893891,0.43041892671009746,0.6691033275366468,0.23868440082654935,0.17024326553491917,0.8563122445220511,0.6860689789871319,0.3293716623199151,0.15586238008764547,0.3441770073503816,nan,nan
14,9,221020,forward,e,-,5965,5964.0,1.0,0.25978066797294685,0.16569823075753487,0.17550196750915706,0.6871047722525648,0.5116028047434078,0.17184131500062838,0.8245917809903422,0.6527504659897139,1.037205444550528,0.5081861309847854,0.6456731397225628,nan,nan
14,10,16751,forward,e,-,14023,14023.0,0.0,0.4864837436055294,0.05661548121519131,0.3793707647524404,0.5435995401709015,0.1642287754184611,0.1793797446110454,0.5534628012741507,0.3740830566631053,-0.8527368892847382,0.09321722326953992,0.29320824341093493,nan,nan
14,11,101915,forward,e,-,13131,13130.0,1.0,0.3182291172488818,0.06395733520121809,0.2471239697022523,0.45346408715895725,0.20634011745670494,0.17053525493279453,0.5700895746611183,0.3995543197283238,0.711474825818901,0.1920544017633347,0.3086798892654957,nan,nan
14,12,34081,forward,e,-,3464,3463.0,1.0,0.3530454031681302,0.10518154985978512,0.1904877155661993,0.5059433106782001,0.3154555951120008,0.16922882581967422,0.5702003834770726,0.40097155765739834,-0.04676113349792739,0.22785764886525334,0.24911653861177843,nan,nan
14,13,161766,forward,e,-,26147,26144.0,3.0,0.7101339322433398,0.11977095844062412,0.46966068894671686,0.8137280406361358,0.34406735168941893,0.20071617782615417,0.8713080396266609,0.6705918618005068,-0.8030207626723918,0.1919763470526107,0.4357592758108568,nan,nan
14,0,128398,forward,w,deg,31848,31847.0,1.0,-4.2274726818735076,32.040916274773636,-22.36531431155772,49.52844359859938,71.8937579101571,-179.17285108573947,179.97446327414758,359.14731435988705,0.670224374905389,77.94762162797063,179.81550015028984,177.83913393032134,0.8778036101323222
14,1,39208,forward,w,deg,8668,8668.0,0.0,-2.4904580169824726,25.311289547027474,-19.02652245202772,30.925144933424292,49.95166738545201,-177.1593639331452,179.83420866820404,356.99357260134923,2.297646893939332,50.12603549330544,179.51047743705595,314.00747903650813,0.9275081642878265
14,2,49624,forward,w,deg,8686,8686.0,0.0,-2.3869291646038278,23.330209353543395,-28.424435094521428,36.97848207727146,65.4029171717929,-179.9056423588093,177.91382392970417,357.81946628851347,0.7191315476854772,59.001679543138835,175.25066166651527,201.55144001430236,0.9254933943994147
14,3,171855,forward,w,deg,22661,22661.0,0.0,-3.5084519878246283,26.797264128070793,-22.887432416435217,48.22556652028939,71.11299893672461,-179.07343103844062,179.92623917004266,358.9996702084833,1.5462890303864687,70.55163314957719,179.92176479753425,18.675129577359495,0.9137381914515993
14,4,40478,forward,w,deg,9290,9290.0,0.0,-14.219450587264333,50.059762236522076,-45.063229242415375,91.66788850745007,136.73111774986546,-178.14596368136256,179.89927880406583,358.0452424854284,0.35432089574588305,132.20896320948154,179.74440863297644,212.9358778770762,0.6906192657932961
14,5,140920,forward,w,deg,27741,27741.0,0.0,-4.731506005889031,34.45959248119924,-20.365531733401212,104.74140042720296,125.10693216060417,-179.49041098646615,179.89113364387356,359.3815446303397,2.324112310330675,122.58121729783812,179.97074175009863,13.50774514167842,0.8714426827489731
14,6,28932,forward,w,deg,2839,2838.0,1.0,-2.8793140558654073,63.03728882774144,-72.88649361139056,157.21228304272205,230.0987766541126,-179.81115656388133,179.85402011295685,359.6651766768382,0.35398440523328606,143.6929218264172,179.69932421473368,211.16210519473296,0.6137902583146538
14,7,5959,forward,w,deg,5526,5526.0,0.0,-1.5058872073206828,46.71257125577647,-25.649237339223333,49.560043448294564,75.2092807875179,-179.88445125837973,179.95830978755419,359.8427610459339,-1.1760229395527129,139.2760009449555,179.5660856979763,317.7255104186261,0.7946538718928718
14,8,57825,forward,w,deg,14069,14069.0,0.0,-4.395232985035506,34.32640922586832,-28.974305200441542,58.71275952094525,87.68706472138679,-179.8939785302655,178.66079423310805,358.55477276337353,1.598732153204726,89.37131946887216,179.81200358679882,198.03734046482901,0.863884680439882
14,9,221020,forward,w,deg,5965,5964.0,1.0,-3.7272532536103995,67.81148470624643,-138.23763224323108,83.51144809998766,221.74908034321874,-178.9944790833764,179.6387706594528,358.6332497428292,-0.5279503881583101,174.1724802541882,179.9995566089995,23.937426845734954,0.4911212512843607
14,10,16751,forward,w,deg,14023,14023.0,0.0,-1.5495102363665296,19.059096022542043,-10.728950380337352,13.583577511002819,24.31252789134017,-177.1387282951831,179.98161776033407,357.1203460555172,3.5271857516813734,20.478100173696152,178.279134750061,304.21923211467026,0.9620386299593748
14,11,101915,forward,w,deg,13131,13130.0,1.0,-1.7724810814858785,43.025898747271604,-35.06956406389561,101.82366648744264,136.89323055133826,-179.26745287082582,179.16902365688037,358.4364765277062,0.5200961525353727,113.79983344017151,179.79425469493037,31.310572625646202,0.7959268607400194
14,12,34081,forward,w,deg,3464,3463.0,1.0,-10.401097610909574,62.869243074180524,-80.94963306232009,108.27587174497333,189.22550480729342,-179.9243930152429,179.91424515297768,359.8386381682206,0.3513662886086279,135.2957365727312,179.87529906878058,64.28324575431597,0.5532045792229915
14,13,161766,forward,w,deg,26147,26144.0,3.0,-16.434927462169156,59.203500635757194,-48.20471952846216,108.69463673238853,156.89935626085068,-179.91592654584926,179.97470833206825,359.8906348779175,0.3714091167771212,133.09565387881904,179.60680524344096,207.89386399618044,0.5896514109566413
17,0,128398,backward,eps,km^2/s^2,31223,31223.0,0.0,-0.11129817710486517,0.02544298098505942,-0.1588345410425056,-0.07658443377338427,0.08225010726912134,-0.20435946557992052,-0.052686660463821866,0.15167280511609865,-0.5981441493803665,0.05807286928823247,0.10359779382564743,nan,nan
17,1,34371,backward,eps,km^2/s^2,5403,5403.0,0.0,-0.9907279163506426,0.014550895739972777,-1.0053030562091667,-0.9625517672222319,0.04275128898693481,-1.0322597485080705,-0.8495451279664619,0.18271462054160859,2.121296633347988,0.023615096072369734,0.13417851916513968,nan,nan
17,2,49166,backward,eps,km^2/s^2,7430,7430.0,0.0,-0.8831240820908762,0.01841790776833172,-0.9135360285447341,-0.8551529591024983,0.05838306944223581,-0.9471330254367822,-0.8464754332809821,0.10065759215580017,-0.11388272520959986,0.03798635319092098,0.054142730293989194,nan,nan
17,3,208293,backward,eps,km^2/s^2,5988,5988.0,0.0,-0.16761036855811615,0.048251305819039275,-0.22702346573388296,-0.0640390181400161,0.16298444759386688,-0.24352757137617065,-0.05271329248426082,0.19081427889190983,0.5468780739297229,0.0940006086897436,0.10532633434549887,nan,nan
17,4,48796,backward,eps,km^2/s^2,7237,7237.0,0.0,-0.9587869399920095,0.03000695796011755,-0.9843027633546176,-0.8583914631807847,0.1259113001738329,-1.0325051692607983,-0.8479408103847876,0.18456435887601064,1.8093435592347327,0.09512977541782,0.10558042821381708,nan,nan
17,5,122456,backward,eps,km^2/s^2,16861,16861.0,0.0,-0.16283230834206464,0.023380116632817555,-0.19985673567210255,-0.13042002134745867,0.06943671432464388,-0.20787361902357604,-0.05273741918696473,0.1551361998366113,0.41266720300152815,0.03792217010198301,0.11353056570844222,nan,nan
17,6,28932,backward,eps,km^2/s^2,2738,2738.0,0.0,-0.8371882042223633,0.012547411963672511,-0.8694649935918739,-0.8284164814425804,0.0410485121492935,-0.8858524443767697,-0.8272587452353299,0.05859369914143975,-1.5207829210374828,0.03201523211951294,0.048402682904408634,nan,nan
17,7,5959,backward,eps,km^2/s^2,5279,5279.0,0.0,-0.9328633349161501,0.031353853314790285,-0.9718859048607412,-0.8704822092813904,0.1014036955793508,-0.9807621068644599,-0.8421353209851523,0.13862678587930755,0.542109010963638,0.06794458601229199,0.09629147430853013,nan,nan
17,8,81619,backward,eps,km^2/s^2,8171,8171.0,0.0,-0.9444845561772603,0.018185831990997495,-0.9701033744257934,-0.9179868736792696,0.05211650074652385,-1.0328612569408748,-0.8512478190465986,0.1816134378942762,0.4055221039217274,0.03203753545150001,0.0940374065080416,nan,nan
17,9,219846,backward,eps,km^2/s^2,5593,5593.0,0.0,-0.24511672515705168,0.0090211140472522,-0.2513768291090833,-0.22792167200730531,0.023455157101778007,-0.25275903114329945,-0.17141623994093114,0.08134279120236831,2.5171722199327573,0.013359504961388269,0.06734339715106324,nan,nan
17,10,15482,backward,eps,km^2/s^2,12437,12437.0,0.0,-0.9066062463511004,0.027326989415898267,-0.9591432092738505,-0.8720288482515864,0.08711436102226411,-0.9755721252768041,-0.8281546209589192,0.14741750431788492,-0.37764586481886725,0.05049165952378347,0.08074737361813411,nan,nan
17,11,154309,backward,eps,km^2/s^2,27440,27440.0,0.0,-0.21448873870926383,0.026091422023623922,-0.24036632711684566,-0.1605861444103587,0.07978018270648696,-0.25085305479585795,-0.11436941918923793,0.13648363560662002,0.6873318501799327,0.06017138655814066,0.10638811177926144,nan,nan
17,12,34080,backward,eps,km^2/s^2,3333,3333.0,0.0,-0.9010214345815761,0.047193161681682264,-0.9830000435431681,-0.8434620913626735,0.13953795218049458,-1.032801628880673,-0.8276441363225,0.20515749255817295,-0.22023497154100108,0.0793437982583062,0.11004346079599214,nan,nan
17,13,161766,backward,eps,km^2/s^2,26146,26146.0,0.0,-0.1737714607362936,0.025126465516981025,-0.2092914288986064,-0.12837609240560538,0.08091533649300103,-0.24619888914125204,-0.11409186215351719,0.13210702698773485,0.04895068401150838,0.05110364708943675,0.07057953909157566,nan,nan
17,14,168732,backward,eps,km^2/s^2,14242,14242.0,0.0,-0.21632901727300685,0.010199359431713045,-0.22915163712002426,-0.1956120935506057,0.03353954356941857,-0.24942602717073958,-0.17045250079854796,0.07897352637219163,0.658131321371275,0.02377801444502563,0.04865570604103364,nan,nan
17,15,73397,backward,eps,km^2/s^2,5236,5236.0,0.0,-1.000907081199579,0.03848448734113564,-1.0173375504262294,-0.8591729800725483,0.15816457035368114,-1.032726459212424,-0.8274988010172788,0.2052276581951451,3.281306992007422,0.1529991390461085,0.184673318101378,nan,nan
17,16,41395,backward,eps,km^2/s^2,9301,9301.0,0.0,-0.8815778105313916,0.021940059504374117,-0.9184566333634558,-0.8501008240670049,0.06835580929645091,-0.9344903853991138,-0.8294156067496377,0.10507477864947612,-0.12288438391754726,0.04590613861669968,0.06659135593406695,nan,nan
17,0,128398,backward,e,-,31223,31223.0,0.0,0.7268230421326176,0.06391731157795917,0.6062306345640964,0.812697995292175,0.20646736072807859,0.48569166252762735,0.8713416161528794,0.38564995362525206,-0.6503543421292635,0.1468534025572595,0.2673923745937287,nan,nan
17,1,34371,backward,e,-,5403,5403.0,0.0,0.5095769100464467,0.023384217813925537,0.4654632392449267,0.5312567602697331,0.0657935210248064,0.23921806524805297,0.5695487870921859,0.3303307218441329,-3.0605207923542577,0.0359197813155938,0.25965227365896626,nan,nan
17,2,49166,backward,e,-,7430,7430.0,0.0,0.31947455614650294,0.03973977684029043,0.25372185478358106,0.3803673652037049,0.12664551042012384,0.2295064549352735,0.43981191434811906,0.21030545941284556,-0.03975609987587577,0.08646411865787271,0.11062840893323267,nan,nan
17,3,208293,backward,e,-,5988,5988.0,0.0,0.5847254063879974,0.1242066885398972,0.4231698731126757,0.8435587784824867,0.42038890536981105,0.3739412483405414,0.8712782904839208,0.4973370421433794,0.47017068263865247,0.2344491588603289,0.2614728396050604,nan,nan
17,4,48796,backward,e,-,7237,7237.0,0.0,0.45944096745915364,0.05607448925979196,0.26235319585386807,0.4998434553937262,0.23749025953985814,0.23445367473011597,0.5699044720234303,0.33545079729331434,-2.237867944660635,0.18840125581057415,0.2163007769343263,nan,nan
17,5,122456,backward,e,-,16861,16861.0,0.0,0.5963612901078547,0.06028765055480135,0.498921378148335,0.6788412928241945,0.1799199146758595,0.47721650829255796,0.8712211020512518,0.39400459375869384,0.3435364015578673,0.09827450228586898,0.28372264600111463,nan,nan
17,6,28932,backward,e,-,2738,2738.0,0.0,0.20271012365649263,0.03495852066811449,0.17309805735409595,0.2880882865038538,0.11499022914975787,0.1687973804253869,0.32541205716514365,0.15661467673975676,1.223007861362952,0.08418006070708793,0.12150383136837778,nan,nan
17,7,5959,backward,e,-,5279,5279.0,0.0,0.4154151580588507,0.058827919829360864,0.2911782908349844,0.48050052855322956,0.18932223771824513,0.2169830282142313,0.49427980394799226,0.277296775733761,-0.8011373791839559,0.13381289271283203,0.20800815533358516,nan,nan
17,8,81619,backward,e,-,8171,8171.0,0.0,0.43565839057491657,0.03171225287157853,0.38871103140219787,0.477709358155301,0.08899832675310315,0.24362748732147155,0.57038823861696,0.3267607512954884,-0.8172930477606976,0.05326734929466434,0.18234385295333427,nan,nan
17,9,219846,backward,e,-,5593,5593.0,0.0,0.36991181451251587,0.02667169673790366,0.3505838327120054,0.4213190407546507,0.07073520804264533,0.3462129695991155,0.5754983646980466,0.2292853950989311,2.3183501876609904,0.04191270271131305,0.1850950699289889,nan,nan
17,10,15482,backward,e,-,12437,12437.0,0.0,0.36694955991291667,0.05182590565744321,0.29456329933038894,0.4599331391314306,0.16536983980104164,0.17231456591425864,0.4862247967410338,0.31391023082677516,0.20809804443465116,0.09138420192773657,0.1990606881531629,nan,nan
17,11,154309,backward,e,-,27440,27440.0,0.0,0.45920945554282505,0.07101367181869904,0.3845598035727319,0.6019704245195163,0.21741062094678443,0.3520433274160711,0.7196917962798136,0.36764846886374253,0.6121341847595501,0.1612247774146332,0.27894614917493044,nan,nan
17,12,34080,backward,e,-,3333,3333.0,0.0,0.356160500777744,0.09421388846977652,0.22174680636736593,0.4978192411265383,0.27607243475917237,0.1702919114627872,0.5703028197356329,0.4000109082728457,0.0032882519555785016,0.17558942570527847,0.22704432060985721,nan,nan
17,13,161766,backward,e,-,26146,26146.0,0.0,0.5686098370567391,0.06581130782748142,0.47285419466545775,0.6840990518189585,0.21124485715350072,0.36585385317333863,0.7197896696368885,0.3539358164635499,-0.044676959701999655,0.13273082108548984,0.19777677702976304,nan,nan
17,14,168732,backward,e,-,14242,14242.0,0.0,0.4540314496371324,0.028191695608963528,0.41752174925347796,0.5101290435826897,0.09260729432921178,0.3561978927337754,0.5779937567325082,0.2217958639987328,0.5766567839812172,0.06541942818666921,0.1322065692220274,nan,nan
17,15,73397,backward,e,-,5236,5236.0,0.0,0.5248196682976323,0.073659325724713,0.2643297449547718,0.548625748429136,0.28429600347436423,0.16974223764575355,0.570207652630325,0.40046541498457144,-3.561045470309066,0.27691367906306086,0.3715011863720791,nan,nan
17,16,41395,backward,e,-,9301,9301.0,0.0,0.316086644532443,0.04767968144861908,0.24046480728335332,0.38950648067465543,0.14904167339130212,0.17699520378829653,0.4180200044678657,0.24102480067956916,-0.03154956765318906,0.1057455727595952,0.169215176254652,nan,nan
17,0,128398,backward,w,deg,31223,31223.0,0.0,-1.353997078613304,4.8654311818496145,-5.744558132398916,10.483249148664674,16.22780728106359,-9.298526359934897,13.964322179341451,23.262848539276348,0.9775422511322336,13.192383206396107,16.673456237072884,16.801234427188383,0.9964013956829245
17,1,34371,backward,w,deg,5403,5403.0,0.0,-1.4724621064573284,6.02201474374749,-7.296863880710381,12.326921216997512,19.623785097707895,-17.75991771126175,26.14579527894341,43.90571299020516,1.0538863183879714,17.63464342946512,31.45351749141102,190.44399124396503,0.9944965686381733
17,2,49166,backward,w,deg,7430,7430.0,0.0,0.6302554398673124,5.486948138929277,-7.363923725121631,5.193214652872632,12.557138377994264,-37.134086180138326,13.309352142267414,50.44343832240574,-3.5805124036186973,8.704505861581366,37.64909314975782,204.37085919136112,0.995498886593106
17,3,208293,backward,w,deg,5988,5988.0,0.0,-2.480811960217153,7.17119915486359,-7.478150764063203,13.818496432356543,21.296647196419748,-7.833057498607872,15.73784710206121,23.57090460066908,0.5403515624456214,20.027753699638456,21.94710436934315,15.365511689686715,0.9921878121673522
17,4,48796,backward,w,deg,7237,7237.0,0.0,-1.1790723142243564,4.835863115743034,-5.118876235319971,10.502052880373371,15.620929115693343,-24.971765054042805,19.85813019675001,44.829895250792816,1.4584315834066344,13.574694500674518,22.885511448283495,196.9124714623882,0.9964498529069515
17,5,122456,backward,w,deg,16861,16861.0,0.0,0.042381931753226354,2.076345152513647,-2.4883492840460235,2.482692441393084,4.9710417254391075,-15.334255567411361,8.065899404683108,23.40015497209447,-2.063103255497889,3.331776706152823,15.727414250815855,22.859507823086652,0.9993446886078836
17,6,28932,backward,w,deg,2738,2738.0,0.0,2.312476184950782,14.43518917047602,-28.40190108220444,17.18499087140803,45.586891953612465,-30.865113419621906,18.09720265385596,48.962316073477865,-0.5954754861404438,38.3509012127106,40.81411355012807,198.06298683657903,0.968639824102332
17,7,5959,backward,w,deg,5279,5279.0,0.0,-3.394087117620245,13.863982547040104,-13.775176679676918,23.06835996950355,36.843536649180464,-25.561045095436356,24.625244381905134,50.18628947734149,0.49864501346147755,37.49861730450912,39.0555017169107,192.66045126721173,0.9709569578290798
17,8,81619,backward,w,deg,8171,8171.0,0.0,-0.24643535762655233,4.302059086442342,-5.020857163444944,7.0368337988551275,12.057690962300072,-31.605605982659455,14.167513202217407,45.77311918487686,-0.8568874846427149,7.829746726796344,33.98245832194715,202.61858703665652,0.997195833070871
17,9,219846,backward,w,deg,5593,5593.0,0.0,0.44786965101400256,5.7675474095941,-9.57291296115498,7.925046178503032,17.49795913965801,-12.25322735034274,8.960243090588989,21.21347044093173,-0.231066281813429,15.188939258547144,16.224136170633102,20.512473729182496,0.9949412882082922
17,10,15482,backward,w,deg,12437,12437.0,0.0,-0.18528199141343293,3.7669996845154623,-5.392386472828986,5.7539239684810335,11.14631044131002,-20.276893651383716,29.276117668802073,49.55301132018579,1.2740171146018784,6.212774546570663,29.71887943494056,187.56312095619967,0.9978474191966558
17,11,154309,backward,w,deg,27440,27440.0,0.0,1.1422409991690472,6.16877330933427,-10.150972281215633,7.360889901122657,17.51186218233829,-12.9491658863042,10.437948383738444,23.387114270042645,-0.3478465390982276,15.850725750039562,18.64891935512813,20.648408253931827,0.994213514446431
17,12,34080,backward,w,deg,3333,3333.0,0.0,-2.3216973103867815,8.91761432171682,-8.124298802062281,17.68681494613143,25.811113748193712,-31.166106626685064,19.231139167174234,50.3972457938593,0.14409230185094626,23.32028247249569,25.941841108086578,198.22367881786195,0.9879919240634769
17,13,161766,backward,w,deg,26146,26146.0,0.0,-0.6637688428036199,4.563808787446295,-5.8117874844119015,11.956671498932842,17.768458983344743,-10.440244074254764,12.794280458191082,23.234524532445846,1.3216031347411266,11.066251272107166,11.881818119890283,18.158410747479845,0.9968356201563591
17,14,168732,backward,w,deg,14242,14242.0,0.0,0.44343154181885325,3.8752443137677552,-6.929338012305867,4.704310460140277,11.633648472446144,-13.048277226818698,9.816154149032315,22.864431375851012,-0.526292320822713,9.269578578683396,15.388517793196257,21.27734196537772,0.9977154169264042
17,15,73397,backward,w,deg,5236,5236.0,0.0,-0.9986983086247676,8.152431796708164,-10.50499259061553,12.69457794510766,23.19957053572319,-20.942609439541627,25.590867813383397,46.533477252925024,0.7212222680898303,13.438594348596894,26.16074080319359,191.61072619621697,0.9899340562179866
17,16,41395,backward,w,deg,9301,9301.0,0.0,-1.7536037582094366,6.480786567596986,-7.010469228473568,12.202445676876437,19.212914905350004,-35.24379218131364,14.617519280090448,49.861311461404085,-0.43510977650486604,14.112058762049912,33.549310360725116,202.37551505550485,0.9936508287247592
17,0,128398,forward,eps,km^2/s^2,31223,31222.0,1.0,-0.15206343106835518,0.049046881507440854,-0.1995039192861944,-0.10465982919901155,0.09484409008718285,-0.8871220873039014,-0.07961204661477184,0.8075100406891296,-7.941491217197515,0.06006931389998711,0.7476874819176942,nan,nan
17,1,34371,forward,eps,km^2/s^2,5403,5403.0,0.0,-0.9636514542385055,0.033086083381097274,-0.9978562839628431,-0.9075008526159141,0.09035543134692903,-1.0296268339021548,-0.8276125597326043,0.20201427416955053,0.8890421976637433,0.05427141080990814,0.11837300240713033,nan,nan
17,2,49166,forward,eps,km^2/s^2,7430,7430.0,0.0,-0.2308179414782036,0.02541158292535765,-0.24275792474401667,-0.21180333802408158,0.03095458671993509,-0.850596166426508,-0.17512079351412313,0.6754753729123849,-20.620128558454613,0.02113087981778367,0.617837724468901,nan,nan
17,3,208293,forward,eps,km^2/s^2,5988,5986.0,2.0,-0.8607693340311221,0.044088221572089595,-0.9826066130858369,-0.839754260129522,0.14285235295631482,-1.0326474300605972,-0.8277379583230318,0.20490947173756546,-1.209223279818916,0.11675540500622783,0.1667962219809882,nan,nan
17,4,48796,forward,eps,km^2/s^2,7237,7237.0,0.0,-0.157335646856123,0.0650243201911754,-0.19779027011711853,-0.12286604124409488,0.07492422887302365,-0.8570667140354231,-0.05324740104314285,0.8038193129922803,-8.280351192516953,0.06250317938464556,0.7084331156321353,nan,nan
17,5,122456,forward,eps,km^2/s^2,16861,16861.0,0.0,-0.9543191513257896,0.03143034717969704,-0.9821076953196797,-0.9021880180333239,0.07991967728635574,-0.989611434359214,-0.250896321974985,0.7387151123842289,3.178153288316396,0.04306553768101029,0.6929620160079603,nan,nan
17,6,28932,forward,eps,km^2/s^2,2738,2737.0,1.0,-0.24510699375881512,0.30236656998186534,-0.8884172712061467,-0.14053720396526856,0.7478800672408781,-0.9975364195935326,-0.05276686662596186,0.9447695529675707,-0.6888905652549934,0.6834667006780144,0.7925858490654004,nan,nan
17,7,5959,forward,eps,km^2/s^2,5279,5279.0,0.0,-0.9004394520696881,0.03311266455110491,-0.9804977826171903,-0.8638033120484497,0.1166944705687406,-0.9946604176793636,-0.8277021594980445,0.16695825818131915,-0.7634671444306647,0.10014541664053442,0.11430805170270775,nan,nan
17,8,81619,forward,eps,km^2/s^2,8171,8171.0,0.0,-0.2135152436466114,0.021397226703318194,-0.22799599147944466,-0.1927361147619002,0.035259876717544464,-0.9430517575830868,-0.13958849123654232,0.8034632663465444,-21.434377585943267,0.020234032122009443,0.732315903244027,nan,nan
17,9,219846,forward,eps,km^2/s^2,5593,5592.0,1.0,-0.8374092773034847,0.3085559273712173,-0.9158769835828974,-0.1256585242905691,0.7902184592923283,-1.0323338315558401,-0.07181052376753161,0.9605233077883085,1.0195710444253387,0.7034609975735047,0.7573089980965421,nan,nan
17,10,15482,forward,eps,km^2/s^2,12437,12437.0,0.0,-0.97683564860648,0.03445202562024651,-1.0143588199058862,-0.9131331883630524,0.10122563154283382,-1.0314016645503226,-0.8303055485322965,0.20109611601802602,0.5922386554446359,0.05503340131457563,0.13785411951000537,nan,nan
17,11,154309,forward,eps,km^2/s^2,27440,27440.0,0.0,-0.8862651208000697,0.030413663796751783,-0.9339845204564725,-0.8585829328892733,0.07540158756719917,-1.0317073589652344,-0.13712850658317932,0.894578852382055,9.06757033719089,0.05080038068913922,0.7466712268276887,nan,nan
17,12,34080,forward,eps,km^2/s^2,3333,3332.0,1.0,-0.8983620119169883,0.05212762963338057,-0.988317091655758,-0.8336482480859286,0.15466884356982935,-1.0327283412741601,-0.8273640652606364,0.2053642760135237,-0.2100335877871555,0.10558197398811052,0.11186615681340273,nan,nan
17,13,161766,forward,eps,km^2/s^2,26146,26144.0,2.0,-0.1179754998550103,0.04998361202145334,-0.20987035719802263,-0.07615457158030425,0.13371578561771838,-0.8443471413752017,-0.05270234629178039,0.7916447950834213,-2.5953520366832947,0.07605798776333052,0.6973081570582322,nan,nan
17,14,168732,forward,eps,km^2/s^2,14242,14242.0,0.0,-0.9365518113811785,0.02342881894208116,-0.9656032262554325,-0.902943708777095,0.06265951747833753,-1.0328225762440004,-0.8288592394570291,0.20396333678697132,0.6158457411888275,0.044038965610667016,0.102716404328838,nan,nan
17,15,73397,forward,eps,km^2/s^2,5236,5236.0,0.0,-0.8961728910949477,0.03405269190476668,-0.9624747183165869,-0.8676012846954803,0.09487343362110667,-1.032100959715513,-0.13357371505371352,0.8985272446617996,5.008095599386726,0.06304740785046248,0.769020781195954,nan,nan
17,16,41395,forward,eps,km^2/s^2,9301,9301.0,0.0,-0.17878780370092479,0.07458786063475127,-0.21203197696032539,-0.10464531611005223,0.10738666085027315,-0.9904613740779418,-0.052813300245758366,0.9376480738321834,-7.139176868123594,0.08889766318767872,0.8078604835560768,nan,nan
17,0,128398,forward,e,-,31223,31222.0,1.0,0.6244571500717496,0.08652575430290034,0.5005112334963795,0.7432949084820252,0.24278367498564568,0.21000955536700647,0.8054577251600691,0.5954481697930626,-0.6401430203577569,0.156003661043186,0.4465053391725591,nan,nan
17,1,34371,forward,e,-,5403,5403.0,0.0,0.4672751142536043,0.05812108012601911,0.36878786224770194,0.5202989188097967,0.1515110565620948,0.17019078829443438,0.5659313004805991,0.3957405121861648,-1.3188687976007982,0.0867731148499474,0.2678514276239833,nan,nan
17,2,49166,forward,e,-,7430,7430.0,0.0,0.4127319868497792,0.028682872901432455,0.37744238377866807,0.46769689273924436,0.0902545089605763,0.19323806930316476,0.5658930130615952,0.37265494375843045,-0.029632161260369765,0.06153314209534791,0.21339963518070523,nan,nan
17,3,208293,forward,e,-,5988,5986.0,2.0,0.2681303671420526,0.088453855790639,0.20988925395229374,0.497238694125412,0.28734944017311825,0.1705844038257078,0.5700895746611183,0.3995051708354105,0.9651382378533458,0.21669592133431914,0.28954680187002546,nan,nan
17,4,48796,forward,e,-,7237,7237.0,0.0,0.610541540799287,0.07988908998393766,0.5049199888789773,0.6977803800509004,0.1928603911719231,0.16999816670989903,0.8699854239218292,0.6999872572119301,-0.2650597532792413,0.16114502556905377,0.46277754323069537,nan,nan
17,5,122456,forward,e,-,16861,16861.0,0.0,0.45209921168876654,0.05619438490747653,0.35852331429145723,0.4964650452592098,0.13794173096775258,0.17054475624136034,0.5079289128749084,0.33738415663354804,-1.9506947851621115,0.0760016645671946,0.2639802226172915,nan,nan
17,6,28932,forward,e,-,2738,2737.0,1.0,0.37431328215478177,0.13477914814581257,0.19334123272904544,0.6536137838675273,0.46027255113848187,0.171776542593248,0.8711452962979094,0.6993687537046613,0.8051824204750214,0.29531039504995843,0.3844737976391098,nan,nan
17,7,5959,forward,e,-,5279,5279.0,0.0,0.3548758229837976,0.06242994493269892,0.27571763165822144,0.4939807420700153,0.21826311041179386,0.1704529890301281,0.5155260750554439,0.34507308602531583,0.38618586313977066,0.1809301237652084,0.202475456750637,nan,nan
17,8,81619,forward,e,-,8171,8171.0,0.0,0.46197720663795283,0.03305588801652176,0.4210792423417582,0.5186277599405656,0.09754851759880745,0.21078017056425158,0.6566610215402747,0.44588085097602315,0.08562878867627471,0.05535658602281865,0.25956458955178047,nan,nan
17,9,219846,forward,e,-,5593,5592.0,1.0,0.2598355093693109,0.1699196652076269,0.17530688305064326,0.6909450359484616,0.5156381528978183,0.17184131500062838,0.8245917809903422,0.6527504659897139,0.924210829804721,0.5154370275952841,0.6490837726371648,nan,nan
17,10,15482,forward,e,-,12437,12437.0,0.0,0.48818637848552127,0.057114636517785644,0.3793657826870493,0.5443610376745953,0.16499525498754603,0.1793797446110454,0.5683851512160862,0.38900540660504085,-0.8659077456135237,0.09509917301539544,0.29508521109139935,nan,nan
17,11,154309,forward,e,-,27440,27440.0,0.0,0.32624152648251825,0.046477611149898984,0.2627569357111199,0.41763201768031294,0.15487508196919303,0.17053525493279453,0.6620800671306087,0.4915448121978142,0.503550072455979,0.09874069283275302,0.3412102307069555,nan,nan
17,12,34080,forward,e,-,3333,3332.0,1.0,0.3507010729924148,0.10541053218482903,0.19127597528907886,0.5059618568248689,0.3146858815357901,0.16922882581967422,0.5702003834770726,0.40097155765739834,-0.0367979463051022,0.23525840237572987,0.2573055518451345,nan,nan
17,13,161766,forward,e,-,26146,26144.0,2.0,0.7101339322433398,0.1194611568100467,0.4706557717931421,0.8137280406361358,0.3430722688429937,0.20071617782615417,0.8713080396266609,0.6705918618005068,-0.7912570457600921,0.191785403434323,0.4357592758108568,nan,nan
17,14,168732,forward,e,-,14242,14242.0,0.0,0.42199952732027424,0.04301936629451166,0.36002857190482407,0.47051982671072123,0.11049125480589717,0.1749284846451081,0.5703371426776247,0.39540865803251657,-1.1689426256882818,0.07470376549369963,0.23572745013794003,nan,nan
17,15,73397,forward,e,-,5236,5236.0,0.0,0.34645841882068124,0.05632094947694995,0.2844028704227024,0.4658887606370655,0.18148589021436312,0.18007335031348148,0.671008592052553,0.49093524173907155,0.6913112770285461,0.11573863017154891,0.3118018689891319,nan,nan
17,16,41395,forward,e,-,9301,9301.0,0.0,0.5552444355341347,0.08976684084702234,0.4655757131949723,0.7437678135550196,0.2781921003600473,0.17192591343746522,0.8710333686233579,0.6991074551858927,0.6368388910459655,0.2225513341781722,0.3727086132790852,nan,nan
17,0,128398,forward,w,deg,31223,31222.0,1.0,-4.905525690563451,29.742441301136278,-23.17191736562278,48.892588071598375,72.06450543722116,-179.92711201967836,178.74486594663114,358.6719779663095,1.2188463066001929,74.2458040727122,179.81550015028984,179.06873125783778,0.8944321895000753
17,1,34371,forward,w,deg,5403,5403.0,0.0,-2.7279104014511972,31.71924341616986,-21.716781717487265,96.44905829137507,118.16584000886233,-178.64739927862215,172.83668581186782,351.48408509049,2.4691802688298186,112.49083511594603,176.55472068903282,316.54596683827134,0.8875736528664326
17,2,49166,forward,w,deg,7430,7430.0,0.0,-2.014966017813677,22.007581167596374,-27.139459525319538,34.29542240787712,61.43488193319666,-177.55135312348386,177.86174240549371,355.4130955289776,0.7896456071750636,54.76716301759007,174.21743806461026,201.60352153851284,0.9336129352144725
17,3,208293,forward,w,deg,5988,5986.0,2.0,-12.650660395012451,41.69353098373959,-43.71189949701258,73.74539342141597,117.45729291842855,-173.2662478147452,178.3094663526731,351.5757141674183,0.6465211262688411,117.88434975721722,179.3999600732442,85.84299267512951,0.7652445821130446
17,4,48796,forward,w,deg,7237,7237.0,0.0,-8.178990572127873,47.881584500519175,-29.994809810937095,117.3793438320485,147.3741536429856,-179.77824534436638,179.5325784863241,359.3108238306905,1.141199857283453,139.06782124738024,179.73099285576768,198.6107834482394,0.7504065104105684
17,5,122456,forward,w,deg,16861,16861.0,0.0,-4.185562600923049,31.63638255255757,-20.040279896646325,48.50093121960106,68.54121111624738,-179.89141659125517,179.96546144973024,359.8568780409854,1.4133137173586718,72.31216290697512,179.96526025002836,14.081825396405385,0.8926444348807104
17,6,28932,forward,w,deg,2738,2737.0,1.0,-3.66200752359822,57.7440384779879,-67.4826872428569,97.9563918989722,165.4390791418291,-179.0854973298167,179.80154134366404,358.88703867348073,0.4463713691737261,135.81995308653032,179.69932421473368,211.21458396402573,0.6549084712995141
17,7,5959,forward,w,deg,5279,5279.0,0.0,-14.665344958407445,45.574209780297366,-131.94111461325016,44.818623168224484,176.75973778147466,-179.97964367776555,179.96637645024612,359.9460201280117,-1.6096085707514658,140.06602279237956,179.5660856979763,315.5392515846903,0.8051884881683296
17,8,81619,forward,w,deg,8171,8171.0,0.0,-2.6148933997515655,25.508986011620884,-30.760846460474795,43.58080850101558,74.34165496149038,-169.6293079933726,173.85856695920023,343.48787495257284,0.962625728695331,49.27360997943484,179.05717623816292,200.81700844802776,0.9110602978824841
17,9,219846,forward,w,deg,5593,5592.0,1.0,-1.7230860146124911,68.52682811370794,-134.14902094324884,89.97351215297341,224.12253309622224,-179.72389187915542,179.43626727423452,359.16015915338994,-0.433261704785322,170.12719514492002,179.9882005714012,19.325590418074288,0.47659025725005194
17,10,15482,forward,w,deg,12437,12437.0,0.0,-0.9577030077305153,18.345345166324663,-9.93300461799148,11.866906992747118,21.799911610738597,-179.21769519787287,178.14481439146147,357.3625095893343,3.1642767108980885,17.526839485379366,178.48229736161792,303.41854507287724,0.9660897254726011
17,11,154309,forward,w,deg,27440,27440.0,0.0,-2.6173983223373085,22.078055702382994,-21.822588110831486,34.50808636137805,56.33067447220954,-177.55603407985728,179.99549859257468,357.55153267243196,-0.2671474512345651,55.90555747872786,179.16804105819563,18.20443898266563,0.9387152101603614
17,12,34080,forward,w,deg,3333,3332.0,1.0,-11.08826349372113,64.15001344965383,-81.766042830698,108.47965116072744,190.24569399142544,-179.01156613418465,179.87540108363737,358.886967217822,0.33736357851102927,135.3195562580193,179.7728007527095,64.4834516554357,0.5335246987501622
17,13,161766,forward,w,deg,26146,26144.0,2.0,-16.447386842790735,59.14510385164101,-48.225790180412076,108.52060787300681,156.7463980534189,-179.99994977861664,179.89068509930087,359.8906348779175,0.37352295149367665,132.98929179496028,179.60680524344096,207.97788722894782,0.5902205152972159
17,14,168732,forward,w,deg,14242,14242.0,0.0,-4.931167501607135,27.910491443625016,-17.658148603042736,32.37976348064423,50.03791208368696,-179.65395837921062,179.01931385039916,358.6732722296098,2.1801323585436974,46.92822274338332,179.37063743973607,10.459831619184737,0.9141014362975725
17,15,73397,forward,w,deg,5236,5236.0,0.0,-5.399400055644037,26.91402810765496,-19.95154811236391,57.090443162675086,77.041991275039,-177.76883146018866,179.22474114116062,356.9935726013493,1.564103284019397,68.66985253105621,178.60015852185575,314.6169465635516,0.9103315559301319
17,16,41395,forward,w,deg,9301,9301.0,0.0,-14.362781585099356,47.52338747984346,-41.829502177611204,92.01324699802035,133.84274917563155,-179.8819263248397,173.65974568683737,353.54167201167706,0.5055120801276188,131.46393712545478,179.90950379606198,209.70503730293518,0.7197446643989457
19,0,128106,backward,eps,km^2/s^2,30977,30977.0,0.0,-0.11122310315140516,0.02529182040508421,-0.158973976570899,-0.07689519589354817,0.08207878067735085,-0.20410570056429028,-0.052686660463821866,0.15141904010046842,-0.6303885250899212,0.05855847375053858,0.1036901977439299,nan,nan
19,1,21987,backward,eps,km^2/s^2,4740,4740.0,0.0,-0.9517864893014969,0.014951514217494145,-0.9756267833666331,-0.9303809052484692,0.04524587811816394,-0.9837809092802452,-0.909088461515255,0.07469244776499018,-0.09363605446843273,0.026204492302551063,0.04085314910871385,nan,nan
19,2,49166,backward,eps,km^2/s^2,7430,7430.0,0.0,-0.8831240820908762,0.01841790776833172,-0.9135360285447341,-0.8551529591024983,0.05838306944223581,-0.9471330254367822,-0.8464754332809821,0.10065759215580017,-0.11388272520959986,0.03798635319092098,0.054142730293989194,nan,nan
19,3,221317,backward,eps,km^2/s^2,4360,4360.0,0.0,-0.21137803257867105,0.036868180697097803,-0.24842267540155052,-0.13403935218321794,0.11438332321833258,-0.25148739185646374,-0.10960312924132098,0.14188426261514275,0.6378048824278064,0.07732881687980808,0.10176503982170504,nan,nan
19,4,48796,backward,eps,km^2/s^2,7234,7234.0,0.0,-0.9587581847266804,0.030010706252499204,-0.9843038367824872,-0.8583784270166509,0.12592540976583633,-1.0325051692607983,-0.8479408103847876,0.18456435887601064,1.808746875230382,0.09514281158195384,0.10558042821381708,nan,nan
19,5,127595,backward,eps,km^2/s^2,3640,3640.0,0.0,-0.13413572005306665,0.04848670273821931,-0.20817227752490283,-0.05586369104561736,0.15230858647928547,-0.22118175880267327,-0.05271329248426082,0.16846846631841245,0.11394868418663158,0.09028695629314334,0.09343735485449989,nan,nan
19,6,28932,backward,eps,km^2/s^2,2732,2732.0,0.0,-0.8372128914401844,0.012552055514830924,-0.8696126590227987,-0.8284255719331434,0.04118708708965535,-0.8858524443767697,-0.8272587452353299,0.05859369914143975,-1.518620007265631,0.032162897550437594,0.048402682904408634,nan,nan
19,7,5959,backward,eps,km^2/s^2,5138,5138.0,0.0,-0.9317654822499555,0.03148291807831071,-0.9720587280629015,-0.8701115140717999,0.10194721399110163,-0.9816336920429669,-0.8421353209851523,0.1394983710578146,0.5088371047688929,0.06831528122188256,0.09629147430853013,nan,nan
19,8,81619,backward,eps,km^2/s^2,8170,8170.0,0.0,-0.9444828181410636,0.018185987484427818,-0.9701038231666743,-0.917985994163318,0.052117829003356264,-1.0328612569408748,-0.8512478190465986,0.1816134378942762,0.4053183887204837,0.03203898878507309,0.0940374065080416,nan,nan
19,9,172743,backward,eps,km^2/s^2,4506,4506.0,0.0,-0.24429078808482185,0.01219626483310584,-0.2515417802970173,-0.2147453528599363,0.036796427437081,-0.25275903114329945,-0.17932521129315288,0.07343381985014658,1.3828718026322024,0.0306443857206785,0.06606452728746193,nan,nan
19,10,13960,backward,eps,km^2/s^2,9060,9060.0,0.0,-0.8958122158384163,0.01702400962977816,-0.9245196425077521,-0.8704028341151651,0.054116808392587035,-0.9305382109554943,-0.8277881415220372,0.1027500694334571,-0.023167286530803768,0.02933292943697061,0.07035071158781347,nan,nan
19,11,154309,backward,eps,km^2/s^2,27432,27432.0,0.0,-0.21448873870926383,0.026216857195897413,-0.24045955869142063,-0.16044564323831523,0.0800139154531054,-0.2514649332181286,-0.1080291318003711,0.14343580141775747,0.6864014000889113,0.06031188773018414,0.11272839916812827,nan,nan
19,12,34080,backward,eps,km^2/s^2,3289,3289.0,0.0,-0.9003131604491268,0.047153513976704926,-0.9831254850245358,-0.8434303706469668,0.13969511437756899,-1.032801628880673,-0.8276441363225,0.20515749255817295,-0.23865817904889686,0.07934555726004913,0.11004346079599214,nan,nan
19,13,161476,backward,eps,km^2/s^2,25175,25175.0,0.0,-0.1720882895278663,0.023227808282892285,-0.2043500862463999,-0.12757291110587468,0.0767771751405252,-0.23544363548091796,-0.11409186215351719,0.12135177332740077,0.29231762794470467,0.0481597217633532,0.061241269898369255,nan,nan
19,14,168732,backward,eps,km^2/s^2,15039,15039.0,0.0,-0.2169672639946288,0.011423512961736656,-0.23214593375596412,-0.19579229696648887,0.03635363678947526,-0.2521195580160148,-0.16610697243298667,0.08601258558302816,0.2246535238749471,0.025787160909772948,0.05300123440659493,nan,nan
19,15,74960,backward,eps,km^2/s^2,5224,5224.0,0.0,-1.0008209940068156,0.038707990787907806,-1.0173416147008247,-0.8585965568879966,0.1587450578128281,-1.032726459212424,-0.8274988010172788,0.2052276581951451,3.256996633710516,0.15326957812257846,0.1843673339932963,nan,nan
19,16,41395,backward,eps,km^2/s^2,9300,9300.0,0.0,-0.8815807211648378,0.02193823598862841,-0.9184575823073818,-0.8501056624968384,0.06835191981054345,-0.9344903853991138,-0.8294156067496377,0.10507477864947612,-0.12285034115559505,0.04590130018686625,0.06659135593406695,nan,nan
19,17,50657,backward,eps,km^2/s^2,4248,4248.0,0.0,-0.9944151189927588,0.011122656833231945,-1.0059489694642432,-0.978490755983026,0.02745821348121713,-1.0322597485080705,-0.8495451279664619,0.18271462054160859,5.372941621733698,0.021431395366793015,0.15033384625358615,nan,nan
19,18,122456,backward,eps,km^2/s^2,16364,16364.0,0.0,-0.16354760758249234,0.02166387697465859,-0.19998070912079166,-0.13198035986719253,0.06800034925359913,-0.20787361902357604,-0.05273741918696473,0.1551361998366113,-0.05280385991240374,0.036962035341074964,0.11353056570844222,nan,nan
19,0,128106,backward,e,-,30977,30977.0,0.0,0.727013761284721,0.06355171199191732,0.6059159202580456,0.811933536231125,0.20601761597307933,0.48638504258221515,0.8713416161528794,0.38495657357066426,-0.682267187243254,0.1480245740037342,0.26755545167956485,nan,nan
19,1,21987,backward,e,-,4740,4740.0,0.0,0.4477754871574738,0.02489689866148376,0.4109994404320868,0.48629381672859956,0.07529437629651275,0.3720806293747325,0.49897883826885153,0.126898208894119,0.03701941397649983,0.042948562228121864,0.07261473780903133,nan,nan
19,2,49166,backward,e,-,7430,7430.0,0.0,0.31947455614650294,0.03973977684029043,0.25372185478358106,0.3803673652037049,0.12664551042012384,0.2295064549352735,0.43981191434811906,0.21030545941284556,-0.03975609987587577,0.08646411865787271,0.11062840893323267,nan,nan
19,3,221317,backward,e,-,4360,4360.0,0.0,0.46821400091760335,0.10008649363602702,0.35959262524895863,0.6705643606948902,0.3109717354459316,0.3503572148329607,0.7314977700656362,0.38114055523267554,0.5536519338544099,0.20156839669648446,0.2625018060672304,nan,nan
19,4,48796,backward,e,-,7234,7234.0,0.0,0.4593948419352715,0.05608199883960809,0.2623158727348646,0.499844161260295,0.2375282885254304,0.23445367473011597,0.5699044720234303,0.33545079729331434,-2.237252449998571,0.18843857892957752,0.2163007769343263,nan,nan
19,5,127595,backward,e,-,3640,3640.0,0.0,0.6695620730090158,0.12285893159285702,0.4768664377789289,0.8635796482713904,0.38671321049246155,0.4389678397678123,0.8712782904839208,0.4323104507161085,0.07297666780060269,0.22433537031650025,0.23203401252903055,nan,nan
19,6,28932,backward,e,-,2732,2732.0,0.0,0.20277132239546342,0.03496720020079991,0.17312104954175958,0.28843405399047267,0.11531300444871309,0.1687973804253869,0.32541205716514365,0.15661467673975676,1.221018118851148,0.08452582819370678,0.12150383136837778,nan,nan
19,7,5959,backward,e,-,5138,5138.0,0.0,0.4134897495757173,0.05908573544616044,0.2903331642834648,0.48067955137909346,0.19034638709562868,0.2169830282142313,0.49562869683315036,0.27864566861891904,-0.769397675410354,0.13465801926435164,0.20800815533358516,nan,nan
19,8,81619,backward,e,-,8170,8170.0,0.0,0.43565397787734617,0.03171257298076184,0.3887106523434729,0.4777098674802206,0.08899921513674769,0.24362748732147155,0.57038823861696,0.3267607512954884,-0.8171261602479923,0.05326771777361015,0.18234385295333427,nan,nan
19,9,172743,backward,e,-,4506,4506.0,0.0,0.37218103315942463,0.03553884172548456,0.35011927444883606,0.45744771623592684,0.10732844178709078,0.3462129695991155,0.5549425556989553,0.20872958609983983,1.3255972041181703,0.0891997636575554,0.1866946031205839,nan,nan
19,10,13960,backward,e,-,9060,9060.0,0.0,0.34561455491409243,0.034612982202327815,0.2908408971448345,0.4004370123437942,0.10959611519895968,0.1707114886229629,0.41126306227818665,0.24055157365522375,-0.13945509099305003,0.05963885980787026,0.1795897326643969,nan,nan
19,11,154309,backward,e,-,27432,27432.0,0.0,0.45920945554282505,0.07136073344545238,0.38427421352557123,0.6022881516172766,0.21801393809170533,0.3504074970429261,0.7354146975499651,0.385007200507039,0.6101561142473143,0.16154250451239338,0.29466905044508196,nan,nan
19,12,34080,backward,e,-,3289,3289.0,0.0,0.3547595077201732,0.09416283782726619,0.22171948599402524,0.49801879075212535,0.2762993047581001,0.1702919114627872,0.5703028197356329,0.4000109082728457,0.019145301100947868,0.17561674607861913,0.22704432060985721,nan,nan
19,13,161476,backward,e,-,25175,25175.0,0.0,0.5730180798911183,0.060253497426589975,0.4872156523821243,0.6862311651496754,0.19901551276755114,0.3978437922424886,0.7197896696368885,0.3219458773943999,0.23701657314976937,0.12342439076612358,0.16653219062610342,nan,nan
19,14,168732,backward,e,-,15039,15039.0,0.0,0.4522037395761701,0.03187244639934618,0.40812910994376755,0.5097784466411941,0.10164933669742654,0.34791161447656394,0.5892083860911365,0.24129677161457252,0.10688897285085769,0.07161412051042633,0.14342119858065566,nan,nan
19,15,74960,backward,e,-,5224,5224.0,0.0,0.5246991172808178,0.0741028439614162,0.26288427509051016,0.5486330113958882,0.285748736305378,0.16974223764575355,0.570207652630325,0.40046541498457144,-3.534532828401576,0.27791976903298,0.3710618064777368,nan,nan
19,16,41395,backward,e,-,9300,9300.0,0.0,0.3160869032482285,0.04767453385403765,0.24049073525887177,0.38950698110428156,0.1490162458454098,0.17699520378829653,0.4180200044678657,0.24102480067956916,-0.031561632108596374,0.10571964478407674,0.169215176254652,nan,nan
19,17,50657,backward,e,-,4248,4248.0,0.0,0.5151196288135205,0.01858820209631648,0.49084024848947466,0.5321901289122046,0.04134988042272997,0.23921806524805297,0.5695487870921859,0.3303307218441329,-7.3647784473746345,0.03245674907562607,0.28404498403133815,nan,nan
19,18,122456,backward,e,-,16364,16364.0,0.0,0.5944939333425252,0.05610634843410645,0.49858757196052467,0.6748831431469001,0.17629557118637545,0.47721650829255796,0.8712211020512518,0.39400459375869384,-0.08734311306048764,0.09586966978556408,0.28372264600111463,nan,nan
19,0,128106,backward,w,deg,30977,30977.0,0.0,-1.3669282447753517,4.867231773901147,-5.738101770710125,10.485803396656761,16.223905167366887,-9.315796771142658,13.947051768133718,23.262848539276376,0.9797769486537985,13.224720834089885,16.685969205566835,16.81850483839613,0.9963987164686886
19,1,21987,backward,w,deg,4740,4740.0,0.0,-0.8278309815085834,5.438696779828894,-4.999207952953894,17.122609813809873,22.12181776676377,-14.438403824486983,27.360062467025585,41.79846629151257,2.6949900143143113,19.27970798681025,29.517160640025963,187.00516788599043,0.9955312943455545
19,2,49166,backward,w,deg,7430,7430.0,0.0,0.6302554398673124,5.486948138929277,-7.363923725121631,5.193214652872632,12.557138377994264,-37.134086180138326,13.309352142267414,50.44343832240574,-3.5805124036186973,8.704505861581366,37.64909314975782,204.37085919136112,0.995498886593106
19,3,221317,backward,w,deg,4360,4360.0,0.0,-3.0976779706252273,7.815483508009447,-7.688313279594814,13.428016022479262,21.116329302074078,-8.171004088334229,14.354886777913435,22.525890866247664,0.652247751504509,19.133886500371613,20.06075725580581,15.941753072193517,0.9907236029449387
19,4,48796,backward,w,deg,7234,7234.0,0.0,-1.1778040108107604,4.834954021467243,-5.116219720103961,10.510469658833896,15.626689378937858,-24.96901864695633,19.860876603836488,44.829895250792816,1.460435218941019,13.575209996584364,22.885511448283495,196.90972505530172,0.9964512003442677
19,5,127595,backward,w,deg,3640,3640.0,0.0,2.753784010487905,5.980072393829977,-9.062440828365544,8.081509459293917,17.14395028765946,-9.34025663693211,14.231387225714911,23.571643862647022,-0.3424702612733115,12.10279802833694,12.380613836903535,16.86550889260742,0.9945630738278382
19,6,28932,backward,w,deg,2732,2732.0,0.0,2.3129372868888254,14.442325560380663,-28.403889861681503,17.186713765032348,45.59060362671385,-30.864652317683863,18.097663755794002,48.962316073477865,-0.5952738116959925,38.353351094125706,40.81411355012807,198.06252573464099,0.9686090344989488
19,7,5959,backward,w,deg,5138,5138.0,0.0,-3.3868489091513254,13.906790983539976,-13.80656713307042,23.11980473899011,36.92637187206053,-25.57985325393713,24.60643622340436,50.18628947734149,0.4972191538848552,37.56887023249645,39.0555017169107,192.6792594257125,0.9707787395547526
19,8,81619,backward,w,deg,8170,8170.0,0.0,-0.2474968956427972,4.302155632567969,-5.0206620572097265,7.037670094908972,12.058332152118698,-31.60518645565,14.167932729226862,45.77311918487686,-0.8567041289968316,7.82975367336654,33.98245832194715,202.61816750964707,0.9971957078491562
19,9,172743,backward,w,deg,4506,4506.0,0.0,1.1668090380233593,6.224965854374061,-11.719748329839405,7.778316467167059,19.498064797006464,-14.590148106533604,8.100485591354357,22.69063369788796,-0.5211253129222922,15.561843809589845,18.432243586284073,22.84838233582304,0.9941108009983787
19,10,13960,backward,w,deg,9060,9060.0,0.0,0.06314006920067072,3.944928125362589,-5.9086985188909384,5.536076072007874,11.444774590898813,-20.839707295329276,28.713304024856512,49.55301132018579,0.9576416102911053,6.196612703029129,29.131210220406757,188.12593460014523,0.9976390422788042
19,11,154309,backward,w,deg,27432,27432.0,0.0,1.1427035111207715,6.162982830223678,-10.16423095971803,7.318824398202375,17.483055357920406,-12.985482256131291,10.441064321190481,23.426546577321773,-0.3527506502009765,15.867100365994023,18.688351662407285,20.64529231647977,0.9942243982949996
19,12,34080,backward,w,deg,3289,3289.0,0.0,-2.3383208758716876,8.932538234813405,-8.139717906484623,17.647961394201115,25.78767930068574,-31.209744683524264,19.187501110335035,50.3972457938593,0.13300565989218688,23.35975773981509,25.941841108086578,198.26731687470115,0.9879524288035122
19,13,161476,backward,w,deg,25175,25175.0,0.0,-0.3462944446960705,3.9403210070957155,-5.33758821296693,10.809624106621287,16.147212319588217,-9.999471015190835,13.235053517255011,23.234524532445846,1.4103138075639565,9.783723451773078,11.874331275568181,17.71763768841592,0.9976407634431698
19,14,168732,backward,w,deg,15039,15039.0,0.0,0.5136382500853642,4.169649553603206,-7.42613530742945,5.007306689659142,12.433441997088593,-13.034359721026533,9.945811933653232,22.980171654679765,-0.5465528961980747,9.886170981090045,15.494395394687132,21.15754685809468,0.9973555129305909
19,15,74960,backward,w,deg,5224,5224.0,0.0,-0.9933524864752314,8.184001161477232,-10.56709213664368,12.772188437088122,23.339280573731802,-21.004625868706967,25.528851384218058,46.533477252925024,0.7109314040096014,13.34215685682986,25.851921939133547,191.6727426253823,0.9898557520777886
19,16,41395,backward,w,deg,9300,9300.0,0.0,-1.7565907902094295,6.471752795147357,-7.0107786272111365,12.199137395083188,19.209916022294323,-35.247225280142544,14.614086181261541,49.861311461404085,-0.42358486889671826,14.108456682715175,33.549310360725116,202.37894815433376,0.9936681365318848
19,17,50657,backward,w,deg,4248,4248.0,0.0,-1.0180036101815375,5.171698447644396,-6.7713386121870345,9.861361972388144,16.63270058457518,-16.04202841356198,25.76554604831523,41.80757446187721,0.866456353312485,12.628678627812434,28.528345923619042,190.8242404745932,0.9959374785845401
19,18,122456,backward,w,deg,16364,16364.0,0.0,-0.023780784872343474,1.844465524059898,-2.399120976175385,2.358710220275519,4.757831196450904,-15.416554130330468,7.959182139981976,23.375736270312444,-1.6493788673823881,3.0541661371464794,15.702995549033801,22.96622508778781,0.9994827341473232
19,0,128106,forward,eps,km^2/s^2,30977,30977.0,0.0,-0.1519869238260262,0.03268773887527829,-0.19890150483113844,-0.10469598373313208,0.09420552109800637,-0.8775143531947545,-0.07961204661477184,0.7979023065799826,-0.6830968696875022,0.0589830379661294,0.737588139150224,nan,nan
19,1,21987,forward,eps,km^2/s^2,4740,4740.0,0.0,-0.9708673286376157,0.034999903631188656,-1.004635041696859,-0.9078608677519486,0.09677417394491039,-1.0084355116174786,-0.8277021594980445,0.1807333521194341,0.6755396382651143,0.05023225499312188,0.13026625410734383,nan,nan
19,2,49166,forward,eps,km^2/s^2,7430,7430.0,0.0,-0.2308179414782036,0.02541158292535765,-0.24275792474401667,-0.21180333802408158,0.03095458671993509,-0.850596166426508,-0.17512079351412313,0.6754753729123849,-20.620128558454613,0.02113087981778367,0.617837724468901,nan,nan
19,3,221317,forward,eps,km^2/s^2,4360,4359.0,1.0,-0.8589379876047469,0.03379076057262761,-0.9641478688823563,-0.8327388535158011,0.13140901536655514,-1.0304345772281724,-0.8278679467382324,0.20256663048994006,-2.1648611695852997,0.10528661085539202,0.17157331920120833,nan,nan
19,4,48796,forward,eps,km^2/s^2,7234,7234.0,0.0,-0.15732666518000205,0.06357007718605984,-0.19758053017534943,-0.12286433471335578,0.07471619546199365,-0.8570667140354231,-0.05324740104314285,0.8038193129922803,-8.383054926283148,0.06171647902549851,0.7084331156321353,nan,nan
19,5,127595,forward,eps,km^2/s^2,3640,3639.0,1.0,-0.8755203043503281,0.06065147622437639,-0.9829186741528471,-0.8358452520234099,0.1470734221294372,-1.0326474300605972,-0.11376874780057283,0.9188786822600243,4.118277090819032,0.09399527045198246,0.8151398644829972,nan,nan
19,6,28932,forward,eps,km^2/s^2,2732,2731.0,1.0,-0.24504673911309105,0.3017016812475194,-0.88608060024135,-0.14045432457442583,0.7456262756669242,-0.9975364195935326,-0.05276686662596186,0.9447695529675707,-0.6949280712957316,0.6811300297132179,0.7925858490654004,nan,nan
19,7,5959,forward,eps,km^2/s^2,5138,5138.0,0.0,-0.9000544583159205,0.0330212885970809,-0.9803583515533653,-0.8637450550493039,0.11661329650406138,-0.994525671553609,-0.8320477917622136,0.1624778797913955,-0.767500358841003,0.10000598557670935,0.11417330557695315,nan,nan
19,8,81619,forward,eps,km^2/s^2,8170,8170.0,0.0,-0.21351475880777435,0.02022701840360382,-0.2279923480224509,-0.1927360859350455,0.03525626208740543,-0.9430517575830868,-0.13958849123654232,0.8034632663465444,-21.6690454655097,0.020221834057989743,0.732315903244027,nan,nan
19,9,172743,forward,eps,km^2/s^2,4506,4505.0,1.0,-0.2002285101025792,0.3363911591749014,-0.8568166750764954,-0.11581264130999042,0.7410040337665049,-0.9061959725771758,-0.06054582819250687,0.8456501443846689,-0.3172503802703005,0.7433042157995439,0.7926835133002242,nan,nan
19,10,13960,forward,eps,km^2/s^2,9060,9060.0,0.0,-0.9766559713642164,0.03528907410185096,-1.015617889892704,-0.9135714705429024,0.10204641934980152,-1.0314016645503226,-0.829815765540761,0.2015858990095616,0.5720923974800028,0.05429554132872722,0.13801587316267883,nan,nan
19,11,154309,forward,eps,km^2/s^2,27432,27432.0,0.0,-0.8862630335371733,0.030348905239414282,-0.9343836917464129,-0.8585145525945725,0.07586913915184035,-1.0317073589652344,-0.20684521827112423,0.8248621406941101,8.55800960019601,0.05212239172410005,0.6769545151397438,nan,nan
19,12,34080,forward,eps,km^2/s^2,3289,3288.0,1.0,-0.8987393548598256,0.05227275481444743,-0.9883196819911316,-0.8336473592202227,0.15467232277090892,-1.0327283412741601,-0.8273640652606364,0.2053642760135237,-0.20282781865656987,0.10558286285381649,0.11186615681340273,nan,nan
19,13,161476,forward,eps,km^2/s^2,25175,25172.0,3.0,-0.11641378041858172,0.04965609502615236,-0.2114924430004838,-0.0759564830817202,0.1355359599187636,-0.8443471413752017,-0.05270234629178039,0.7916447950834213,-2.44413599069075,0.07737621022625374,0.6957766407250969,nan,nan
19,14,168732,forward,eps,km^2/s^2,15039,15039.0,0.0,-0.9350045070235735,0.029810655792570345,-0.9657390342496261,-0.8683926875486476,0.09734634670097853,-1.0328225762440004,-0.8282095324531948,0.20461304379080558,1.1155554079425738,0.06423318850994195,0.102716404328838,nan,nan
19,15,74960,forward,eps,km^2/s^2,5224,5224.0,0.0,-0.895961928155567,0.034088145518765114,-0.9624804758956245,-0.8675631023053036,0.09491737359032082,-1.032100959715513,-0.13357371505371352,0.8985272446617996,4.996378759526375,0.06311205242427198,0.7689976450757283,nan,nan
19,16,41395,forward,eps,km^2/s^2,9300,9300.0,0.0,-0.17878743077065204,0.07421495119355244,-0.21202201078180263,-0.10463402908286114,0.1073879816989415,-0.9904613740779418,-0.052813300245758366,0.9376480738321834,-7.152154472356131,0.08881403135327498,0.8078604835560768,nan,nan
19,17,50657,forward,eps,km^2/s^2,4248,4248.0,0.0,-0.9642865386459643,0.03250952303190089,-0.9974985751797074,-0.9074146289995809,0.0900839461801265,-1.0296268339021548,-0.8276125597326043,0.20201427416955053,1.0014605985929024,0.05109223279213251,0.13076340236323936,nan,nan
19,18,122456,forward,eps,km^2/s^2,16364,16364.0,0.0,-0.955407972903076,0.02774260124486325,-0.9822052794277422,-0.9086752226256066,0.07353005680213553,-0.989611434359214,-0.250896321974985,0.7387151123842289,3.94168767181959,0.0406781858879004,0.6929620160079603,nan,nan
19,0,128106,forward,e,-,30977,30977.0,0.0,0.6247112193076091,0.08385407046300819,0.5020863209337273,0.7432207776889926,0.24113445675526535,0.30704287398452773,0.8054577251600691,0.49841485117554135,-0.4494276862766844,0.15318704911537515,0.34823049606457473,nan,nan
19,1,21987,forward,e,-,4740,4740.0,0.0,0.4788838212167718,0.059651281423355906,0.3693407266094159,0.5302752011676184,0.16093447455820248,0.1704529890301281,0.5358328063070537,0.3653798172769256,-0.9646567991967853,0.08865648720927392,0.2875442247885618,nan,nan
19,2,49166,forward,e,-,7430,7430.0,0.0,0.4127319868497792,0.028682872901432455,0.37744238377866807,0.46769689273924436,0.0902545089605763,0.19323806930316476,0.5658930130615952,0.37265494375843045,-0.029632161260369765,0.06153314209534791,0.21339963518070523,nan,nan
19,3,221317,forward,e,-,4360,4359.0,1.0,0.2635190107419678,0.06968607997046047,0.18783174803354322,0.4681100005741229,0.2802782525405797,0.17105284302764806,0.5670128555665018,0.39596001253885377,1.6567673233376816,0.20479164555595508,0.303694500548334,nan,nan
19,4,48796,forward,e,-,7234,7234.0,0.0,0.6105562129443198,0.07946897471435618,0.5055645953011281,0.6977841773431066,0.19221958204197853,0.16999816670989903,0.8699854239218292,0.6999872572119301,-0.21893148929546546,0.16091817453917343,0.46277754323069537,nan,nan
19,5,127595,forward,e,-,3640,3639.0,1.0,0.30383897949652566,0.09797635481517149,0.20165666522661044,0.49883488104751106,0.29717821582090065,0.1705844038257078,0.7205663889073746,0.5499819850816667,0.44886668970783666,0.20730028738504055,0.312137808954682,nan,nan
19,6,28932,forward,e,-,2732,2731.0,1.0,0.37420124439513597,0.1348836030325049,0.19331259848502602,0.6540330193223323,0.46072042083730624,0.171776542593248,0.8711452962979094,0.6993687537046613,0.8078966135020103,0.29531930830313835,0.3844737976391098,nan,nan
19,7,5959,forward,e,-,5138,5138.0,0.0,0.3540894505809458,0.06230326287350836,0.27557775786894295,0.49371382738456404,0.2181360695156211,0.18628073310755738,0.5153228251799941,0.3290420920724367,0.3905205146793557,0.18066320907975714,0.20227220687518715,nan,nan
19,8,81619,forward,e,-,8170,8170.0,0.0,0.4619794445684785,0.032948992830524014,0.42109546586466123,0.5186310164657748,0.09753555060111357,0.21078017056425158,0.6566610215402747,0.44588085097602315,0.13248431645280176,0.055350223978173095,0.25956458955178047,nan,nan
19,9,172743,forward,e,-,4506,4505.0,1.0,0.4987342665983988,0.19775443745932691,0.1818929941203621,0.7154970356456547,0.5336040415252926,0.17189723978097268,0.8521650137309407,0.680267773949968,-0.041958630756298666,0.5393505666219583,0.5493463209613477,nan,nan
19,10,13960,forward,e,-,9060,9060.0,0.0,0.4879149624560948,0.058424576543716085,0.38015352309218065,0.5461633482360679,0.1660098251438873,0.177693281925898,0.5683851512160862,0.39069186929018823,-0.853655816990221,0.09385213896136936,0.29623979489955804,nan,nan
19,11,154309,forward,e,-,27432,27432.0,0.0,0.32623548495356025,0.047240129391314646,0.26250106700153175,0.4182778673249347,0.15577680032340296,0.17053525493279453,0.5687824394814771,0.3982471845486826,0.45660890966464046,0.10060355722001905,0.24791260305782387,nan,nan
19,12,34080,forward,e,-,3289,3288.0,1.0,0.35161565164867525,0.10573050779526409,0.1912735149622871,0.5059647046945698,0.3146911897322827,0.16922882581967422,0.5702003834770726,0.40097155765739834,-0.0412536990675437,0.23526086270252164,0.2573055518451345,nan,nan
19,13,161476,forward,e,-,25175,25172.0,3.0,0.7140107081807505,0.11978337284973146,0.46694444209633607,0.8142582653886496,0.3473138232923136,0.20071617782615417,0.8713080396266609,0.6705918618005068,-0.8448340120567642,0.19512725057768257,0.43184988319642836,nan,nan
19,14,168732,forward,e,-,15039,15039.0,0.0,0.4192998150634169,0.058836801934291805,0.28654376993913966,0.47074235074604037,0.1841985808069007,0.1723066006552341,0.5703371426776247,0.39803054202239063,-1.7647445204435135,0.12817327515538296,0.23834933412781403,nan,nan
19,15,74960,forward,e,-,5224,5224.0,0.0,0.34603477266681115,0.056390592622693386,0.2843719177082532,0.4659348751926547,0.1815629574844015,0.18007335031348148,0.671008592052553,0.49093524173907155,0.6972329455277726,0.11589716619942612,0.31184660898272465,nan,nan
19,16,41395,forward,e,-,9300,9300.0,0.0,0.5552617048224202,0.08974573189924968,0.46573076521304246,0.7437964501390537,0.27806568492601125,0.17192591343746522,0.8710333686233579,0.6991074551858927,0.6379491502336084,0.2225962585094823,0.3727086132790852,nan,nan
19,17,50657,forward,e,-,4248,4248.0,0.0,0.46832112363973327,0.05737867109030035,0.3685772446529559,0.5197582880010807,0.15118104334812482,0.17019078829443438,0.5659313004805991,0.3957405121861648,-1.477807400333812,0.09033362549382479,0.2884994719825865,nan,nan
19,18,122456,forward,e,-,16364,16364.0,0.0,0.45391703566753805,0.04713163122416762,0.3710954707488603,0.49661354322258816,0.12551807247372787,0.17054475624136034,0.5079289128749084,0.33738415663354804,-1.7867355583448161,0.06769491323174237,0.2639802226172915,nan,nan
19,0,128106,forward,w,deg,30977,30977.0,0.0,-4.946706014294307,29.09041588098255,-23.246388637418146,48.06648590650607,71.31287454392421,-179.56098608410116,179.94677379568878,359.50775987978994,1.3061229078123113,73.13575817918637,179.84662312017133,179.19484544247064,0.8987060181625492
19,1,21987,forward,w,deg,4740,4740.0,0.0,-2.9741709971993657,26.902790291706825,-12.978165682594021,39.821970150321164,52.80013583291519,-179.9216170319471,178.4616374804807,358.3832545124278,3.100756717258941,47.529371370675236,178.99259067231125,305.5570950849237,0.9250340898628692
19,2,49166,forward,w,deg,7430,7430.0,0.0,-2.014966017813677,22.007581167596374,-27.139459525319538,34.29542240787712,61.43488193319666,-177.55135312348386,177.86174240549371,355.4130955289776,0.7896456071750636,54.76716301759007,174.21743806461026,201.60352153851284,0.9336129352144725
19,3,221317,forward,w,deg,4360,4359.0,1.0,-8.771673647696275,32.72333922853408,-27.584154441109938,76.44687357009097,104.0310280112009,-178.46996997121556,179.78678429068725,358.2567542619028,1.48953028280934,101.6176420307068,179.99844599214708,67.09546986250406,0.861416097387035
19,4,48796,forward,w,deg,7234,7234.0,0.0,-8.18517989929451,47.84405183038622,-29.99911908531768,117.37641632253822,147.3755354078559,-179.78754239360737,179.52328143708314,359.31082383069054,1.1466261737092949,139.07753828119098,179.73099285576768,198.6200804974804,0.7507875552484583
19,5,127595,forward,w,deg,3640,3639.0,1.0,6.218089296936228,41.12673836929715,-56.30290435783903,67.8911512765411,124.19405563438013,-166.9174893467699,172.90813946195482,339.82562880872473,0.45084154506917673,72.4064269977412,174.53729737506444,115.55787366499213,0.783711453342345
19,6,28932,forward,w,deg,2732,2731.0,1.0,-3.736988021744253,57.55543184498854,-66.37973276562379,97.55485745101407,163.93459021663784,-179.1926491577817,179.69438951569907,358.8870386734808,0.45314529317400454,135.6359530749814,179.69932421473368,211.32173579199073,0.656522249376757
19,7,5959,forward,w,deg,5138,5138.0,0.0,-14.731901202291112,45.0886865523017,-143.37573063756932,44.40160096291935,187.77733160048868,-179.91950242923016,179.9669232915549,359.88642572078504,-1.7176252846723743,137.82414764471858,179.5660856979763,315.6647345430186,0.809327375341497
19,8,81619,forward,w,deg,8170,8170.0,0.0,-2.607460232640989,25.495242094062448,-30.753309432174373,43.576556756565566,74.32986618873994,-169.62171426952403,173.86616068304875,343.4878749525728,0.9616897961947793,49.268786494449834,179.05717623816292,200.80941472417922,0.9111518549453173
19,9,172743,forward,w,deg,4506,4505.0,1.0,-13.931437667003365,66.85502268145481,-86.04984414402114,96.34019159829029,182.39003574231143,-163.5363749327195,176.47595764115465,340.0123325738741,0.07072562706525148,156.63782651590284,179.99282294055618,312.11091251414575,0.4239980277007037
19,10,13960,forward,w,deg,9060,9060.0,0.0,-1.1163507648036557,19.765862983821503,-9.51281940545175,12.11695398528268,21.62977339073443,-179.40718126483316,177.95507307306463,357.36225433789775,2.2274706073117443,17.410467220522236,179.30695243563346,303.6080311398375,0.961365223855407
19,11,154309,forward,w,deg,27432,27432.0,0.0,-2.62743041057918,21.90867069059407,-21.839574887620927,34.352130816855244,56.19170570447617,-178.64547445576625,179.95276458055525,358.5982390363215,-0.012588246162408147,55.34251711502019,179.16804105819563,18.247172994685084,0.9392543140583
19,12,34080,forward,w,deg,3289,3288.0,1.0,-11.086975562008206,64.45240593064659,-81.82018139061837,108.55921405953654,190.3793954501549,-179.99583577241606,179.84280239580448,359.83863816822054,0.32763483961837436,135.33655524117216,179.7728007527095,64.35468851148914,0.5294783099515721
19,13,161476,forward,w,deg,25175,25172.0,3.0,-16.622669664484675,59.185202440287156,-46.30484988669608,109.81140797950091,156.116257866197,-179.89829668379173,179.95734847605274,359.85564515984447,0.39089572327930405,131.95487469805573,179.83708340043043,205.8827441816333,0.5897530404510584
19,14,168732,forward,w,deg,15039,15039.0,0.0,-4.562390871543755,27.500312755736047,-18.59007592858743,32.983904947104016,51.57398087569145,-179.9873895673876,179.9878586305707,359.9752481979583,2.0746326573592584,51.921290213475835,179.37063743973607,11.422183029166321,0.9144665351157478
19,15,74960,forward,w,deg,5224,5224.0,0.0,-5.430657719118301,27.197199579260175,-20.020198498874052,57.16386357668931,77.18406207556336,-177.87878729632678,179.11478530502245,356.99357260134923,1.5042581029699826,69.07373103489785,179.04444918486195,314.7269023996897,0.909020174626463
19,16,41395,forward,w,deg,9300,9300.0,0.0,-14.367062895008644,47.50583085534875,-41.83324008030758,92.00725203541212,133.8404921157197,-179.88848389065393,173.65318812102316,353.54167201167706,0.5075984759702373,131.46444116070575,179.90950379606198,209.71159486874942,0.7198911517643517
19,17,50657,forward,w,deg,4248,4248.0,0.0,-2.459327019036209,30.9238077012537,-20.775730199337378,95.85827348083639,116.63400368017376,-179.74744172902334,158.95894855072282,338.7063902797462,2.5384428197355713,106.47114001108952,170.66251777404491,317.64600928867253,0.8934909849345484
19,18,122456,forward,w,deg,16364,16364.0,0.0,-3.4906731749598947,23.816336878157276,-18.807718910968084,36.972519839297014,55.7802387502651,-174.2572871431003,179.36136322890457,353.6186503720049,1.5266128391148663,52.77247253100299,179.76219683276395,12.934329186540317,0.9341017913723
22,0,128106,backward,eps,km^2/s^2,30977,30977.0,0.0,-0.11122310315140516,0.02529182040508421,-0.158973976570899,-0.07689519589354817,0.08207878067735085,-0.20410570056429028,-0.052686660463821866,0.15141904010046842,-0.6303885250899212,0.05855847375053858,0.1036901977439299,nan,nan
22,1,22427,backward,eps,km^2/s^2,4532,4532.0,0.0,-0.9521815600315129,0.014855045119523099,-0.9761309411410694,-0.9307746427091795,0.04535629843188982,-0.983797693081812,-0.9161824582914693,0.0676152347903427,-0.10923477310893555,0.02600584751950865,0.03433787889227391,nan,nan
22,2,48712,backward,eps,km^2/s^2,7153,7153.0,0.0,-0.8830542433894375,0.018127351821149863,-0.9127589298105677,-0.8551275654292659,0.057631364381301786,-0.9370038763116468,-0.8488704885536074,0.08813338775803947,-0.09152926957061623,0.037274203739085174,0.04474330506739732,nan,nan
22,3,221317,backward,eps,km^2/s^2,4360,4360.0,0.0,-0.21137803257867105,0.036868180697097803,-0.24842267540155052,-0.13403935218321794,0.11438332321833258,-0.25148739185646374,-0.10960312924132098,0.14188426261514275,0.6378048824278064,0.07732881687980808,0.10176503982170504,nan,nan
22,4,52507,backward,eps,km^2/s^2,7046,7046.0,0.0,-0.9617810795144726,0.01748852493167481,-0.9834052868739807,-0.9294308792072832,0.05397440766669748,-1.0306763840594635,-0.9123556490580655,0.11832073500139795,0.2926365964069738,0.030688421409155897,0.07070120632093424,nan,nan
22,5,127595,backward,eps,km^2/s^2,3640,3640.0,0.0,-0.13413572005306665,0.04848670273821931,-0.20817227752490283,-0.05586369104561736,0.15230858647928547,-0.22118175880267327,-0.05271329248426082,0.16846846631841245,0.11394868418663158,0.09028695629314334,0.09343735485449989,nan,nan
22,6,30751,backward,eps,km^2/s^2,1700,1700.0,0.0,-0.8413518169942091,0.014795945701457569,-0.8743666267106415,-0.8284679569270038,0.04589866978363766,-0.9013732586164549,-0.8272587452353299,0.07411451338112496,-0.8147062786459236,0.035741600870937196,0.06274823277675057,nan,nan
22,7,8822,backward,eps,km^2/s^2,3016,3016.0,0.0,-0.9362218922712298,0.023911408540417782,-0.9731217932169298,-0.897844176641307,0.07527761657562282,-0.9834075739932913,-0.8659559972331552,0.11745157676013607,0.0668604993596684,0.041816982953074844,0.07334464934423135,nan,nan
22,8,80817,backward,eps,km^2/s^2,7726,7726.0,0.0,-0.9426848169167397,0.017694760256642628,-0.9680503982695605,-0.9174509742660804,0.050599424003480165,-1.0328612569408748,-0.853106808021477,0.17975444891939785,0.33040779631062994,0.030833738466824134,0.09493902636335072,nan,nan
22,9,172743,backward,eps,km^2/s^2,4506,4506.0,0.0,-0.24429078808482185,0.01219626483310584,-0.2515417802970173,-0.2147453528599363,0.036796427437081,-0.25275903114329945,-0.17932521129315288,0.07343381985014658,1.3828718026322024,0.0306443857206785,0.06606452728746193,nan,nan
22,10,14142,backward,eps,km^2/s^2,8908,8908.0,0.0,-0.8957089513969796,0.016973937062202207,-0.924783498612469,-0.8705057429872071,0.054277755625261936,-0.9305382109554943,-0.8425674902909528,0.08797072066454148,-0.09041847156666796,0.0293590023376488,0.05579268261558035,nan,nan
22,11,154309,backward,eps,km^2/s^2,27432,27432.0,0.0,-0.21448873870926383,0.026216857195897413,-0.24045955869142063,-0.16044564323831523,0.0800139154531054,-0.2514649332181286,-0.1080291318003711,0.14343580141775747,0.6864014000889113,0.06031188773018414,0.11272839916812827,nan,nan
22,12,98454,backward,eps,km^2/s^2,3052,3052.0,0.0,-0.9190711613557622,0.03815611076128281,-0.9708094632702592,-0.8495829071658934,0.12122655610436583,-0.9824229039339913,-0.8275211649181271,0.15490173901586424,0.29097325698153775,0.06620036706197338,0.08803171187542613,nan,nan
22,13,161476,backward,eps,km^2/s^2,25175,25175.0,0.0,-0.1720882895278663,0.023227808282892285,-0.2043500862463999,-0.12757291110587468,0.0767771751405252,-0.23544363548091796,-0.11409186215351719,0.12135177332740077,0.29231762794470467,0.0481597217633532,0.061241269898369255,nan,nan
22,14,168732,backward,eps,km^2/s^2,15039,15039.0,0.0,-0.2169672639946288,0.011423512961736656,-0.23214593375596412,-0.19579229696648887,0.03635363678947526,-0.2521195580160148,-0.16610697243298667,0.08601258558302816,0.2246535238749471,0.025787160909772948,0.05300123440659493,nan,nan
22,15,76537,backward,eps,km^2/s^2,4936,4936.0,0.0,-1.0022802402569966,0.02070180803979161,-1.01744960918584,-0.9787503494934063,0.03869925969243371,-1.032726459212424,-0.8275709044623738,0.2051555547500501,5.290574423832547,0.03283880528341909,0.18401825031445163,nan,nan
22,16,42086,backward,eps,km^2/s^2,8788,8788.0,0.0,-0.885719308340638,0.020984288758218405,-0.9200998011077048,-0.8561421752175201,0.06395762589018472,-0.9344903853991138,-0.8290652577164128,0.10542512768270096,-0.08148387279384826,0.040256422676392525,0.06733334017749981,nan,nan
22,17,49752,backward,eps,km^2/s^2,4181,4181.0,0.0,-0.9946136451612118,0.008271927623193977,-1.0059860351986587,-0.978742929287499,0.02724310591115975,-1.0322597485080705,-0.9748154319099194,0.05744431659815108,0.21499852942209868,0.02080198823651802,0.03277280492276713,nan,nan
22,18,122456,backward,eps,km^2/s^2,16364,16364.0,0.0,-0.16354760758249234,0.02166387697465859,-0.19998070912079166,-0.13198035986719253,0.06800034925359913,-0.20787361902357604,-0.05273741918696473,0.1551361998366113,-0.05280385991240374,0.036962035341074964,0.11353056570844222,nan,nan
22,19,19853,backward,eps,km^2/s^2,1959,1959.0,0.0,-0.8409070165726658,0.011408296695766665,-0.8618604792993593,-0.8292797028836313,0.032580776415727986,-0.9020306197439281,-0.8273098336599867,0.07472078608394139,-2.5055218220846984,0.02162971909558017,0.061799859540148994,nan,nan
22,20,34315,backward,eps,km^2/s^2,1988,1988.0,0.0,-0.9271077512623298,0.04006987648910814,-0.9885617310707623,-0.8650262069859228,0.12353552408483948,-1.032801628880673,-0.8454566605730471,0.18734496830762581,0.02866729079567281,0.06355918162979751,0.10554097565270526,nan,nan
22,21,34650,backward,eps,km^2/s^2,1580,1580.0,0.0,-0.8529965560701414,0.03838650927552243,-0.9869772261848506,-0.842815838652082,0.14416138753276864,-1.0325051692607983,-0.8282045309061612,0.20430063835463708,-2.685914120939489,0.13576257679468748,0.18129051987063516,nan,nan
22,0,128106,backward,e,-,30977,30977.0,0.0,0.727013761284721,0.06355171199191732,0.6059159202580456,0.811933536231125,0.20601761597307933,0.48638504258221515,0.8713416161528794,0.38495657357066426,-0.682267187243254,0.1480245740037342,0.26755545167956485,nan,nan
22,1,22427,backward,e,-,4532,4532.0,0.0,0.4484458240229644,0.02470093626693402,0.4116641060399946,0.4871079433123273,0.07544383727233273,0.38545799405380715,0.49900630014504865,0.1135483060912415,0.055175600802762535,0.04244304973038225,0.0602076150039797,nan,nan
22,2,48712,backward,e,-,7153,7153.0,0.0,0.3193404258887461,0.03919893281265154,0.2536826953452056,0.3789571397280554,0.1252744443828498,0.23696597880240347,0.42241802438394,0.18545204558153652,-0.060278662554197886,0.08495477584595637,0.10167149238875853,nan,nan
22,3,221317,backward,e,-,4360,4360.0,0.0,0.46821400091760335,0.10008649363602702,0.35959262524895863,0.6705643606948902,0.3109717354459316,0.3503572148329607,0.7314977700656362,0.38114055523267554,0.5536519338544099,0.20156839669648446,0.2625018060672304,nan,nan
22,4,52507,backward,e,-,7046,7046.0,0.0,0.46435164718418886,0.028817825456158113,0.40940102506138776,0.49845993371036856,0.0890589086489808,0.3782831744045526,0.5673838823427213,0.1891007079381687,-0.3604028930681471,0.05220702100016529,0.1060136450595498,nan,nan
22,5,127595,backward,e,-,3640,3640.0,0.0,0.6695620730090158,0.12285893159285702,0.4768664377789289,0.8635796482713904,0.38671321049246155,0.4389678397678123,0.8712782904839208,0.4323104507161085,0.07297666780060269,0.22433537031650025,0.23203401252903055,nan,nan
22,6,30751,backward,e,-,1700,1700.0,0.0,0.2153768772563732,0.04106038606366521,0.17328095811446698,0.3003273461753113,0.12704638806084434,0.1687973804253869,0.3563919371117984,0.1875945566864115,0.5892332223532464,0.09275268714773091,0.148817278084218,nan,nan
22,7,8822,backward,e,-,3016,3016.0,0.0,0.4212408073246263,0.0421438492501307,0.3495994161243955,0.48235806547169324,0.13275864934729775,0.28042951753226425,0.49836524072798566,0.2179357231957214,-0.1827934943063483,0.07692891652334329,0.1460988151154745,nan,nan
22,8,80817,backward,e,-,7726,7726.0,0.0,0.43259783198988566,0.030912251462101477,0.3877259018876565,0.4744166940742882,0.08669079218663173,0.2487506130898798,0.57038823861696,0.3216376255270802,-0.7482027829729923,0.05144304569141123,0.17565924653046308,nan,nan
22,9,172743,backward,e,-,4506,4506.0,0.0,0.37218103315942463,0.03553884172548456,0.35011927444883606,0.45744771623592684,0.10732844178709078,0.3462129695991155,0.5549425556989553,0.20872958609983983,1.3255972041181703,0.0891997636575554,0.1866946031205839,nan,nan
22,10,14142,backward,e,-,8908,8908.0,0.0,0.3453652772802931,0.03435908185708179,0.29101891358496346,0.400929318619842,0.10991040503487853,0.21825620010217733,0.41126306227818665,0.19300686217600932,-0.027734422306568078,0.059788580787264366,0.13248931841748146,nan,nan
22,11,154309,backward,e,-,27432,27432.0,0.0,0.45920945554282505,0.07136073344545238,0.38427421352557123,0.6022881516172766,0.21801393809170533,0.3504074970429261,0.7354146975499651,0.385007200507039,0.6101561142473143,0.16154250451239338,0.29466905044508196,nan,nan
22,12,98454,backward,e,-,3052,3052.0,0.0,0.39074546870052645,0.07518338177185661,0.2393266676483221,0.47884249384978284,0.23951582620146072,0.16979745165763724,0.49700375742523173,0.32720630576759446,-0.5890389574789143,0.1449644315077009,0.21449364749838587,nan,nan
22,13,161476,backward,e,-,25175,25175.0,0.0,0.5730180798911183,0.060253497426589975,0.4872156523821243,0.6862311651496754,0.19901551276755114,0.3978437922424886,0.7197896696368885,0.3219458773943999,0.23701657314976937,0.12342439076612358,0.16653219062610342,nan,nan
22,14,168732,backward,e,-,15039,15039.0,0.0,0.4522037395761701,0.03187244639934618,0.40812910994376755,0.5097784466411941,0.10164933669742654,0.34791161447656394,0.5892083860911365,0.24129677161457252,0.10688897285085769,0.07161412051042633,0.14342119858065566,nan,nan
22,15,76537,backward,e,-,4936,4936.0,0.0,0.5268285177839329,0.03848279437116178,0.49124405411264777,0.5487883790049515,0.05754432489230371,0.17001522102484717,0.570207652630325,0.40019243160547785,-6.8756157980644605,0.049162165269248825,0.3703909983570494,nan,nan
22,16,42086,backward,e,-,8788,8788.0,0.0,0.32502575713550186,0.04481229991513993,0.2564086652092414,0.3925429457746878,0.1361342805654464,0.17511981436113727,0.4180200044678657,0.24290019010672842,-0.06613387922496865,0.09059557089517843,0.17188442174328256,nan,nan
22,17,49752,backward,e,-,4181,4181.0,0.0,0.515461425189154,0.012452306302561012,0.4912052407091779,0.5322534314626044,0.04104819075342647,0.4851779411170938,0.5695487870921859,0.08437084597509215,-0.2564139250622488,0.03152952411407817,0.046868096720866004,nan,nan
22,18,122456,backward,e,-,16364,16364.0,0.0,0.5944939333425252,0.05610634843410645,0.49858757196052467,0.6748831431469001,0.17629557118637545,0.47721650829255796,0.8712211020512518,0.39400459375869384,-0.08734311306048764,0.09586966978556408,0.28372264600111463,nan,nan
22,19,19853,backward,e,-,1959,1959.0,0.0,0.21436122214891182,0.030561397925084544,0.17637576306278727,0.27075454859958503,0.09437878553679777,0.16895865707661148,0.35769463341438257,0.1887359763377711,1.85709334452448,0.058481090136365974,0.1454211749511635,nan,nan
22,20,34315,backward,e,-,1988,1988.0,0.0,0.4052057814194942,0.07363071784441644,0.2782604511446103,0.5063293088965242,0.22806885775191388,0.22659361967162464,0.5703028197356329,0.3437092000640083,-0.21081010583257917,0.12748244618716364,0.17887690807715326,nan,nan
22,21,34650,backward,e,-,1580,1580.0,0.0,0.24832458944480879,0.07479463836420583,0.22005274925470436,0.5039115402441332,0.28385879098942884,0.1721287398000112,0.5699044720234303,0.3977757322234191,2.5245590884350992,0.2603302768463655,0.32632320862566266,nan,nan
22,0,128106,backward,w,deg,30977,30977.0,0.0,-1.3669282447753517,4.867231773901147,-5.738101770710125,10.485803396656761,16.223905167366887,-9.315796771142658,13.947051768133718,23.262848539276376,0.9797769486537985,13.224720834089885,16.685969205566835,16.81850483839613,0.9963987164686886
22,1,22427,backward,w,deg,4532,4532.0,0.0,-0.7616733668446614,5.20860840631759,-4.743592373715562,16.850476128878054,21.594068502593615,-14.462800083330507,26.514301813970945,40.97710189730145,2.8015115076148525,18.937207581461276,28.601033266554168,187.02956414483396,0.9959006396469383
22,2,48712,backward,w,deg,7153,7153.0,0.0,0.6665551601151947,5.270182934952183,-7.2755251666617875,5.073546038358721,12.349071205020508,-37.08646467011354,13.356973652292197,50.44343832240574,-3.7607091031744733,8.242202308075543,37.59584759048195,204.32323768133634,0.9958467319115297
22,3,221317,backward,w,deg,4360,4360.0,0.0,-3.0976779706252273,7.815483508009447,-7.688313279594814,13.428016022479262,21.116329302074078,-8.171004088334229,14.354886777913435,22.525890866247664,0.652247751504509,19.133886500371613,20.06075725580581,15.941753072193517,0.9907236029449387
22,4,52507,backward,w,deg,7046,7046.0,0.0,-0.792185146457328,4.34809091964643,-4.82033458858033,9.804277372569324,14.624611961149654,-24.85037879204762,17.180128271737516,42.03050706378514,1.3276021910217708,12.320061970852144,22.47541354527175,196.57920446070528,0.9971293593722095
22,5,127595,backward,w,deg,3640,3640.0,0.0,2.753784010487905,5.980072393829977,-9.062440828365544,8.081509459293917,17.14395028765946,-9.34025663693211,14.231387225714911,23.571643862647022,-0.3424702612733115,12.10279802833694,12.380613836903535,16.86550889260742,0.9945630738278382
22,6,30751,backward,w,deg,1700,1700.0,0.0,7.445900190767844,16.634463287952677,-31.460649806883225,15.664829791092231,47.125479597975456,-32.6476630157276,16.0152362594975,48.6628992752251,-0.7514665311645916,40.51123037500824,41.698243583852616,199.84553643268472,0.958460252805283
22,7,8822,backward,w,deg,3016,3016.0,0.0,-1.8906760991008582,7.0314457794482745,-3.7214307232376598,21.85247125708947,25.57390198032713,-4.184740969189477,34.4124546812902,38.59719565047968,3.291595761093952,24.111969542096354,36.671952966297084,182.41141035905005,0.9925935536226921
22,8,80817,backward,w,deg,7726,7726.0,0.0,-0.25134356005293057,4.219345186350759,-4.722794798994698,6.8253410079824945,11.548135806977193,-31.882521888584677,13.64993661161975,45.53245850020443,-0.9792018509530227,7.42645114610702,34.07068255384593,202.80335370338457,0.9973033212688175
22,9,172743,backward,w,deg,4506,4506.0,0.0,1.1668090380233593,6.224965854374061,-11.719748329839405,7.778316467167059,19.498064797006464,-14.590148106533604,8.100485591354357,22.69063369788796,-0.5211253129222922,15.561843809589845,18.432243586284073,22.84838233582304,0.9941108009983787
22,10,14142,backward,w,deg,8908,8908.0,0.0,0.06813447325505706,3.7781534839306725,-5.71855135726998,5.435836582065927,11.154387939335908,-20.88679627657251,28.642569621209248,49.52936589778176,0.7613129591119326,6.024745719709932,29.035911093034883,188.17302358138846,0.9978331766496829
22,11,154309,backward,w,deg,27432,27432.0,0.0,1.1427035111207715,6.162982830223678,-10.16423095971803,7.318824398202375,17.483055357920406,-12.985482256131291,10.441064321190481,23.426546577321773,-0.3527506502009765,15.867100365994023,18.688351662407285,20.64529231647977,0.9942243982949996
22,12,98454,backward,w,deg,3052,3052.0,0.0,3.1088786903305277,10.44265675825311,-15.045183784321027,12.609775490403996,27.654959274725023,-37.172834599020945,13.086984596040907,50.25981919506185,-0.539285275499359,24.9857286859867,47.11337950068662,204.27224077079632,0.9835007232793733
22,13,161476,backward,w,deg,25175,25175.0,0.0,-0.3462944446960705,3.9403210070957155,-5.33758821296693,10.809624106621287,16.147212319588217,-9.999471015190835,13.235053517255011,23.234524532445846,1.4103138075639565,9.783723451773078,11.874331275568181,17.71763768841592,0.9976407634431698
22,14,168732,backward,w,deg,15039,15039.0,0.0,0.5136382500853642,4.169649553603206,-7.42613530742945,5.007306689659142,12.433441997088593,-13.034359721026533,9.945811933653232,22.980171654679765,-0.5465528961980747,9.886170981090045,15.494395394687132,21.15754685809468,0.9973555129305909
22,15,76537,backward,w,deg,4936,4936.0,0.0,-0.5308333831731744,6.853565718329435,-9.620454458878683,11.789415605666228,21.40987006454491,-15.179464413021833,17.441925659125104,32.62139007214694,0.255255350427445,11.44940369324619,16.510471524055504,190.7239801995645,0.9928624783823741
22,16,42086,backward,w,deg,8788,8788.0,0.0,-1.6615777382917685,6.497761620282384,-6.650857394853739,12.70501349858252,19.35587089343626,-34.76260711200777,15.098704349396314,49.861311461404085,-0.3467628107272736,13.929558348358887,33.78365064770432,201.89432998619898,0.9936199413587701
22,17,49752,backward,w,deg,4181,4181.0,0.0,-0.9810163356901285,4.982749358695971,-6.678142949174088,9.807156869080586,16.485299818254674,-15.97331386344564,13.500926628426186,29.474240491871825,0.6139870733312016,12.720416715259432,16.413606402534754,190.75552592447687,0.9962248235885743
22,18,122456,backward,w,deg,16364,16364.0,0.0,-0.023780784872343474,1.844465524059898,-2.399120976175385,2.358710220275519,4.757831196450904,-15.416554130330468,7.959182139981976,23.375736270312444,-1.6493788673823881,3.0541661371464794,15.702995549033801,22.96622508778781,0.9994827341473232
22,19,19853,backward,w,deg,1959,1959.0,0.0,1.7480501071184449,9.207336905958975,-19.49992688901253,15.164606310700174,34.66453319971271,-31.175376436767152,17.62216077691133,48.79753721367848,-0.9374063227999447,21.794536393768333,33.469985941522964,198.6689930701516,0.9872091592711829
22,20,34315,backward,w,deg,1988,1988.0,0.0,-1.5189951561938244,8.055298227855761,-5.4085359601031895,19.892162791212233,25.300698751315423,-28.31716476174691,22.08008103211239,50.3972457938593,0.632204141938862,24.03110337152407,25.36397252653552,195.3747369529238,0.9902186277923273
22,21,34650,backward,w,deg,1580,1580.0,0.0,1.0103323131327926,5.861378576453025,-12.186101056716263,9.623850182917817,21.80995123963408,-35.376646076918774,10.838204422705815,46.21485049962459,-0.9463060961501881,13.890876683244493,37.081421703447006,205.9478958161681,0.9947894313933175
22,0,128106,forward,eps,km^2/s^2,30977,30977.0,0.0,-0.1519869238260262,0.03268773887527829,-0.19890150483113844,-0.10469598373313208,0.09420552109800637,-0.8775143531947545,-0.07961204661477184,0.7979023065799826,-0.6830968696875022,0.0589830379661294,0.737588139150224,nan,nan
22,1,22427,forward,eps,km^2/s^2,4532,4532.0,0.0,-0.9734913893915229,0.0332241243449776,-1.004738683494786,-0.9119566514577205,0.09278203203706548,-1.0084355116174786,-0.8308364272895858,0.17759908432789273,0.7354474167470169,0.04821705179268698,0.12906165010042892,nan,nan
22,2,48712,forward,eps,km^2/s^2,7153,7153.0,0.0,-0.23088993718360135,0.00959205464935755,-0.24229334750168244,-0.2119455228602337,0.03034782464144875,-0.25249327819096623,-0.1750066736570966,0.07748660453386963,0.8172321046709371,0.020669773472581608,0.0576086226757187,nan,nan
22,3,221317,forward,eps,km^2/s^2,4360,4359.0,1.0,-0.8589379876047469,0.03379076057262761,-0.9641478688823563,-0.8327388535158011,0.13140901536655514,-1.0304345772281724,-0.8278679467382324,0.20256663048994006,-2.1648611695852997,0.10528661085539202,0.17157331920120833,nan,nan
22,4,52507,forward,eps,km^2/s^2,7046,7046.0,0.0,-0.16192801952208932,0.0593265822371499,-0.19873534194334155,-0.13035478560097402,0.06838055634236753,-0.8540137839118356,-0.06641807564057967,0.7875957082712559,-9.648402543352883,0.04046495006998427,0.6957026783796405,nan,nan
22,5,127595,forward,eps,km^2/s^2,3640,3639.0,1.0,-0.8755203043503281,0.06065147622437639,-0.9829186741528471,-0.8358452520234099,0.1470734221294372,-1.0326474300605972,-0.11376874780057283,0.9188786822600243,4.118277090819032,0.09399527045198246,0.8151398644829972,nan,nan
22,6,30751,forward,eps,km^2/s^2,1700,1700.0,0.0,-0.23751802098602162,0.02832788487316254,-0.2498212395814044,-0.15938192892283556,0.09043931065856883,-0.2527828516333516,-0.07789858299212749,0.17488426864122414,2.210831919433919,0.06763325496677976,0.14911660089748785,nan,nan
22,7,8822,forward,eps,km^2/s^2,3016,3016.0,0.0,-0.8967499336523227,0.024352081582544576,-0.9531955632720777,-0.8769359798849667,0.07625958338711092,-0.994525671553609,-0.8320477917622136,0.1624778797913955,-1.961446988111174,0.06026326606983312,0.10155178276162147,nan,nan
22,8,80817,forward,eps,km^2/s^2,7726,7726.0,0.0,-0.21439759982557244,0.013240805275013735,-0.22835121525640137,-0.1950683372040638,0.03328287805233757,-0.8822466556587749,-0.15711187976742608,0.7251347758913489,-16.55179235251774,0.019819843948197108,0.6695519368022421,nan,nan
22,9,172743,forward,eps,km^2/s^2,4506,4505.0,1.0,-0.2002285101025792,0.3363911591749014,-0.8568166750764954,-0.11581264130999042,0.7410040337665049,-0.9061959725771758,-0.06054582819250687,0.8456501443846689,-0.3172503802703005,0.7433042157995439,0.7926835133002242,nan,nan
22,10,14142,forward,eps,km^2/s^2,8908,8908.0,0.0,-0.9777496008207041,0.034411577478507344,-1.0156487504066671,-0.9160624830350453,0.0995862673716218,-1.0314016645503226,-0.8303055485322965,0.20109611601802602,0.5756879123610198,0.052818327941892736,0.1385634152099957,nan,nan
22,11,154309,forward,eps,km^2/s^2,27432,27432.0,0.0,-0.8862630335371733,0.030348905239414282,-0.9343836917464129,-0.8585145525945725,0.07586913915184035,-1.0317073589652344,-0.20684521827112423,0.8248621406941101,8.55800960019601,0.05212239172410005,0.6769545151397438,nan,nan
22,12,98454,forward,eps,km^2/s^2,3052,3052.0,0.0,-0.9253713408758105,0.040013309631649625,-0.9898846695718108,-0.8620688363871976,0.1278158331846132,-0.9939867236403566,-0.8285734071895701,0.1654133164507865,0.03783031755524962,0.06832805499741436,0.09516337089766402,nan,nan
22,13,161476,forward,eps,km^2/s^2,25175,25172.0,3.0,-0.11641378041858172,0.04965609502615236,-0.2114924430004838,-0.0759564830817202,0.1355359599187636,-0.8443471413752017,-0.05270234629178039,0.7916447950834213,-2.44413599069075,0.07737621022625374,0.6957766407250969,nan,nan
22,14,168732,forward,eps,km^2/s^2,15039,15039.0,0.0,-0.9350045070235735,0.029810655792570345,-0.9657390342496261,-0.8683926875486476,0.09734634670097853,-1.0328225762440004,-0.8282095324531948,0.20461304379080558,1.1155554079425738,0.06423318850994195,0.102716404328838,nan,nan
22,15,76537,forward,eps,km^2/s^2,4936,4936.0,0.0,-0.894447454884445,0.029280913660129443,-0.9513214822854584,-0.867561295259147,0.08376018702631138,-1.032100959715513,-0.13870550819093674,0.8933954515245763,2.690181054640528,0.0550016338036603,0.7634069761405633,nan,nan
22,16,42086,forward,eps,km^2/s^2,8788,8788.0,0.0,-0.1824104713883632,0.07054239638154566,-0.21277489758312298,-0.1397239816881941,0.07305091589492888,-0.9877261111691635,-0.052813300245758366,0.9349128109234052,-8.057928392865884,0.05409480792263559,0.8012327083633026,nan,nan
22,17,49752,forward,eps,km^2/s^2,4181,4181.0,0.0,-0.9646429177828098,0.032138039309332,-0.9975178157447857,-0.910223146897968,0.08729466884681769,-1.0296268339021548,-0.8276125597326043,0.20201427416955053,1.0384871877737092,0.04672388005434991,0.12924603510231303,nan,nan
22,18,122456,forward,eps,km^2/s^2,16364,16364.0,0.0,-0.955407972903076,0.02774260124486325,-0.9822052794277422,-0.9086752226256066,0.07353005680213553,-0.989611434359214,-0.250896321974985,0.7387151123842289,3.94168767181959,0.0406781858879004,0.6929620160079603,nan,nan
22,19,19853,forward,eps,km^2/s^2,1959,1958.0,1.0,-0.844642708554033,0.13888229770503038,-0.9210669934555549,-0.8314923078164799,0.089574685639075,-1.0194325868202911,-0.05276686662596186,0.9666657201943293,4.658066787856645,0.12600778048592845,0.787936233075453,nan,nan
22,20,34315,forward,eps,km^2/s^2,1988,1987.0,1.0,-0.9226144771742861,0.042618621688990485,-0.9829881343590834,-0.839545706420281,0.14344242793880235,-1.0327283412741601,-0.8273640652606364,0.2053642760135237,0.26342752370771766,0.09116592973073918,0.1057005811296925,nan,nan
22,21,34650,forward,eps,km^2/s^2,1580,1580.0,0.0,-0.11585973784222714,0.20488884274417976,-0.8627347985305209,-0.055056305351702986,0.8076784931788179,-1.0274382125404289,-0.05304384530966044,0.9743943672307684,-3.0434987992925278,0.7882232924404341,0.952926706450342,nan,nan
22,0,128106,forward,e,-,30977,30977.0,0.0,0.6247112193076091,0.08385407046300819,0.5020863209337273,0.7432207776889926,0.24113445675526535,0.30704287398452773,0.8054577251600691,0.49841485117554135,-0.4494276862766844,0.15318704911537515,0.34823049606457473,nan,nan
22,1,22427,forward,e,-,4532,4532.0,0.0,0.48302062063796336,0.05621399162816792,0.37716435255131797,0.530436238753817,0.15327188620249899,0.18121652040416797,0.5358328063070537,0.3546162859028857,-1.03745976709104,0.08398927559869371,0.27993710774584374,nan,nan
22,2,48712,forward,e,-,7153,7153.0,0.0,0.4125133669458224,0.02775634224852309,0.378733539364131,0.46730610152713753,0.08857256216300652,0.3468571376175296,0.5661881111391748,0.21933097352164516,0.7338054355348927,0.06026892031779531,0.15915092992983254,nan,nan
22,3,221317,forward,e,-,4360,4359.0,1.0,0.2635190107419678,0.06968607997046047,0.18783174803354322,0.4681100005741229,0.2802782525405797,0.17105284302764806,0.5670128555665018,0.39596001253885377,1.6567673233376816,0.20479164555595508,0.303694500548334,nan,nan
22,4,52507,forward,e,-,7046,7046.0,0.0,0.5987804338124574,0.06572983447429535,0.5020818036612742,0.6789968558873735,0.17691505222609927,0.17024326553491917,0.8377984961315766,0.6675552305966574,-1.4522431086326433,0.10604214418343447,0.4378155100628015,nan,nan
22,5,127595,forward,e,-,3640,3639.0,1.0,0.30383897949652566,0.09797635481517149,0.20165666522661044,0.49883488104751106,0.29717821582090065,0.1705844038257078,0.7205663889073746,0.5499819850816667,0.44886668970783666,0.20730028738504055,0.312137808954682,nan,nan
22,6,30751,forward,e,-,1700,1700.0,0.0,0.3927954232467086,0.07777765769542577,0.3556414836851289,0.6054756164079348,0.2498341327228059,0.3461726392920899,0.8096607620596151,0.4634881227675252,2.041484514463272,0.18047696014628845,0.3846621057979688,nan,nan
22,7,8822,forward,e,-,3016,3016.0,0.0,0.3474606411075397,0.04568855560057502,0.3055982213827493,0.4503418090136317,0.1447435876308824,0.18628073310755738,0.5153228251799941,0.3290420920724367,1.3158467210648954,0.12923545066443298,0.17553107476220609,nan,nan
22,8,80817,forward,e,-,7726,7726.0,0.0,0.45957900670753293,0.030219316696035083,0.4199080065908539,0.5124427452769109,0.092534738686057,0.31772324094050586,0.611256996456433,0.2935337555159272,0.05549229136371755,0.053815145364961375,0.1471817143276984,nan,nan
22,9,172743,forward,e,-,4506,4505.0,1.0,0.4987342665983988,0.19775443745932691,0.1818929941203621,0.7154970356456547,0.5336040415252926,0.17189723978097268,0.8521650137309407,0.680267773949968,-0.041958630756298666,0.5393505666219583,0.5493463209613477,nan,nan
22,10,14142,forward,e,-,8908,8908.0,0.0,0.48962988677277763,0.05673436375871264,0.3848271917582846,0.5462114085070205,0.16138421674873593,0.1793797446110454,0.5683851512160862,0.38900540660504085,-0.8594283144463345,0.09077994281886322,0.29620964168411296,nan,nan
22,11,154309,forward,e,-,27432,27432.0,0.0,0.32623548495356025,0.047240129391314646,0.26250106700153175,0.4182778673249347,0.15577680032340296,0.17053525493279453,0.5687824394814771,0.3982471845486826,0.45660890966464046,0.10060355722001905,0.24791260305782387,nan,nan
22,12,98454,forward,e,-,3052,3052.0,0.0,0.40214149555391765,0.07446290283717523,0.27149664398219026,0.5083269700176971,0.23683032603550686,0.1739209576265037,0.5145196842135321,0.3405987265870284,-0.30652054162294023,0.12760091372652957,0.22517660008221632,nan,nan
22,13,161476,forward,e,-,25175,25172.0,3.0,0.7140107081807505,0.11978337284973146,0.46694444209633607,0.8142582653886496,0.3473138232923136,0.20071617782615417,0.8713080396266609,0.6705918618005068,-0.8448340120567642,0.19512725057768257,0.43184988319642836,nan,nan
22,14,168732,forward,e,-,15039,15039.0,0.0,0.4192998150634169,0.058836801934291805,0.28654376993913966,0.47074235074604037,0.1841985808069007,0.1723066006552341,0.5703371426776247,0.39803054202239063,-1.7647445204435135,0.12817327515538296,0.23834933412781403,nan,nan
22,15,76537,forward,e,-,4936,4936.0,0.0,0.34293805204665184,0.05278247359148583,0.28428102168119807,0.44707329219679576,0.1627922705155977,0.18007335031348148,0.6581026540348555,0.478029303721374,0.6991504679924293,0.10248089894941943,0.29984197593699624,nan,nan
22,16,42086,forward,e,-,8788,8788.0,0.0,0.5457346437215258,0.07178269237041585,0.46329572445962375,0.6555649284197141,0.1922692039600904,0.17400523907912827,0.8710333686233579,0.6970281295442297,-0.1876917236643109,0.1399653730424884,0.3603268494126547,nan,nan
22,17,49752,forward,e,-,4181,4181.0,0.0,0.4689167683391677,0.05671568636035107,0.3739132922303567,0.5197903105967532,0.1458770183663965,0.17019078829443438,0.5659313004805991,0.3957405121861648,-1.5289203468933525,0.08237642235902382,0.2860091531611698,nan,nan
22,18,122456,forward,e,-,16364,16364.0,0.0,0.45391703566753805,0.04713163122416762,0.3710954707488603,0.49661354322258816,0.12551807247372787,0.17054475624136034,0.5079289128749084,0.33738415663354804,-1.7867355583448161,0.06769491323174237,0.2639802226172915,nan,nan
22,19,19853,forward,e,-,1959,1958.0,1.0,0.22676750742262655,0.10797993044683214,0.1897426543103616,0.4697669023036607,0.28002424799329906,0.170843109816489,0.8711452962979094,0.7003021864814204,3.0352322161340903,0.2560675950242742,0.6574459890185228,nan,nan
22,20,34315,forward,e,-,1988,1987.0,1.0,0.3969605379552112,0.08424055940157506,0.2103959182867197,0.49780686609315883,0.28741094780643917,0.16922882581967422,0.5702003834770726,0.40097155765739834,-0.6687617563732028,0.19465679506409767,0.23582388753114322,nan,nan
22,21,34650,forward,e,-,1580,1580.0,0.0,0.7159425945617094,0.1526384764207511,0.33610085670233925,0.8655257101974072,0.529424853495068,0.17333596824877287,0.8704757403732265,0.6971397721244537,-1.2723674426126466,0.48185859958163546,0.6446234880352019,nan,nan
22,0,128106,forward,w,deg,30977,30977.0,0.0,-4.946706014294307,29.09041588098255,-23.246388637418146,48.06648590650607,71.31287454392421,-179.56098608410116,179.94677379568878,359.50775987978994,1.3061229078123113,73.13575817918637,179.84662312017133,179.19484544247064,0.8987060181625492
22,1,22427,forward,w,deg,4532,4532.0,0.0,-2.6611583825850005,24.379976483577902,-12.821599146927161,37.59521095382196,50.416810100749125,-178.565077167143,179.98989706634643,358.5549742334894,3.5085366380789678,45.117057909991075,179.33838053924146,305.64558098663014,0.9377937294541523
22,2,48712,forward,w,deg,7153,7153.0,0.0,-2.1688138646639743,21.963000921163292,-26.790264724934367,35.156831920107535,61.9470966450419,-177.63478150501422,177.77831402396333,355.4130955289776,0.762124009373314,55.848093118080484,173.75567029880062,201.6869499200432,0.9337840343583388
22,3,221317,forward,w,deg,4360,4359.0,1.0,-8.771673647696275,32.72333922853408,-27.584154441109938,76.44687357009097,104.0310280112009,-178.46996997121556,179.78678429068725,358.2567542619028,1.48953028280934,101.6176420307068,179.99844599214708,67.09546986250406,0.861416097387035
22,4,52507,forward,w,deg,7046,7046.0,0.0,-5.583934456717827,40.06399465596264,-25.203570262910517,108.59817408176423,133.80174434467474,-179.88343842661297,178.90792549957473,358.7913639261877,1.57206331719774,127.6901068567501,179.80633068575605,194.16676203066783,0.8303938974955483
22,5,127595,forward,w,deg,3640,3639.0,1.0,6.218089296936228,41.12673836929715,-56.30290435783903,67.8911512765411,124.19405563438013,-166.9174893467699,172.90813946195482,339.82562880872473,0.45084154506917673,72.4064269977412,174.53729737506444,115.55787366499213,0.783711453342345
22,6,30751,forward,w,deg,1700,1700.0,0.0,-6.182040154318969,32.44886789434808,-34.486971586472784,61.509987747289074,95.99695933376185,-175.46823509239005,177.9624979208064,353.43073301319646,0.8207472020034162,58.08315865927136,179.84026250837866,225.27964164682533,0.860390042891093
22,7,8822,forward,w,deg,3016,3016.0,0.0,-3.5908408981234743,23.54691930851686,-6.846769019491262,47.84665600834195,54.693425027833214,-175.01306172405717,175.62010610578267,350.63316782983986,0.2958824099102794,58.02667140364062,178.41084721402336,299.0317942894615,0.9418876925207281
22,8,80817,forward,w,deg,7726,7726.0,0.0,-2.3588147255413077,25.527857600161763,-31.375030480207165,43.29319826361611,74.66822874382328,-170.06831528457775,172.60152838476404,342.6698436693418,0.8964256480692456,47.66910567509372,178.9647682124867,201.25601573923294,0.9102842825807275
22,9,172743,forward,w,deg,4506,4505.0,1.0,-13.931437667003365,66.85502268145481,-86.04984414402114,96.34019159829029,182.39003574231143,-163.5363749327195,176.47595764115465,340.0123325738741,0.07072562706525148,156.63782651590284,179.99282294055618,312.11091251414575,0.4239980277007037
22,10,14142,forward,w,deg,8908,8908.0,0.0,-1.0238236305484065,18.073475474995767,-9.417691447635884,11.97564740347612,21.393338851112006,-171.5947425999196,171.21823461380677,342.8129772137264,3.0028351290971877,17.096857256790077,175.89239178153906,303.61149841436225,0.9669735652284521
22,11,154309,forward,w,deg,27432,27432.0,0.0,-2.62743041057918,21.90867069059407,-21.839574887620927,34.352130816855244,56.19170570447617,-178.64547445576625,179.95276458055525,358.5982390363215,-0.012588246162408147,55.34251711502019,179.16804105819563,18.247172994685084,0.9392543140583
22,12,98454,forward,w,deg,3052,3052.0,0.0,-7.362467506754598,45.14705463747078,-27.477275579777814,77.62023881978509,105.0975143995629,-179.01851843283214,179.4126724790155,358.43119091184764,1.6740225315092427,122.12761207828362,179.3235672680555,346.9851129496479,0.8013170695757428
22,13,161476,forward,w,deg,25175,25172.0,3.0,-16.622669664484675,59.185202440287156,-46.30484988669608,109.81140797950091,156.116257866197,-179.89829668379173,179.95734847605274,359.85564515984447,0.39089572327930405,131.95487469805573,179.83708340043043,205.8827441816333,0.5897530404510584
22,14,168732,forward,w,deg,15039,15039.0,0.0,-4.562390871543755,27.500312755736047,-18.59007592858743,32.983904947104016,51.57398087569145,-179.9873895673876,179.9878586305707,359.9752481979583,2.0746326573592584,51.921290213475835,179.37063743973607,11.422183029166321,0.9144665351157478
22,15,76537,forward,w,deg,4936,4936.0,0.0,-3.8591694842654647,24.260833211823034,-17.410358935441366,36.16042151235938,53.57078044780074,-179.40429746264326,175.63972700511033,355.0440244677536,1.5759694883576383,43.8539848136992,178.94600268022,312.0081876217977,0.930828677884752
22,16,42086,forward,w,deg,8788,8788.0,0.0,-14.975701014580295,44.6270184756608,-36.26691845209656,95.60738449413012,131.8743029462267,-173.28911878538335,179.20782781063883,352.4969465960222,0.9380518453848364,130.00515778470702,179.98759601918653,204.1569551791337,0.7544983954549607
22,17,49752,forward,w,deg,4181,4181.0,0.0,-2.100390002986103,28.739652162997107,-20.195480119547483,27.347579491456486,47.54305961100397,-179.25171358249062,159.45467669725554,338.7063902797462,2.6007779409035536,89.88258748149724,170.0496451237568,317.1502811421398,0.9070970094648675
22,18,122456,forward,w,deg,16364,16364.0,0.0,-3.4906731749598947,23.816336878157276,-18.807718910968084,36.972519839297014,55.7802387502651,-174.2572871431003,179.36136322890457,353.6186503720049,1.5266128391148663,52.77247253100299,179.76219683276395,12.934329186540317,0.9341017913723
22,19,19853,forward,w,deg,1959,1958.0,1.0,-0.15356459336719297,57.064696963152535,-146.56518061265285,76.28617417434216,222.85135478699502,-177.9499515056243,165.21554775291202,343.16549925853633,-0.9325732871226354,142.83766731911544,172.8252409584735,162.55422967974616,0.6801975124224462
22,20,34315,forward,w,deg,1988,1987.0,1.0,-2.561253742988839,35.49655869028562,-54.975690685094094,45.76689571920851,100.74258640430261,-178.4754434715536,177.59757091541667,356.07301438697027,-1.180965359047607,65.39786346898853,172.91553406351426,48.82851488851478,0.8622026103711553
22,21,34650,forward,w,deg,1580,1580.0,0.0,-5.398730089918047,54.22530941115067,-129.0238858713776,94.22468345241234,223.24856932378992,-179.30985724136846,176.8809880740344,356.19084531540284,-0.23764364831246917,133.93765124143377,179.27387375843162,277.12951639927275,0.7033521052057926
24,0,127235,backward,eps,km^2/s^2,30241,30241.0,0.0,-0.11053073376534645,0.02544436474093678,-0.1589903691646315,-0.07674115779357682,0.08224921137105468,-0.2062126874322346,-0.052686660463821866,0.15352602696841272,-0.6794506309318165,0.058845335901510865,0.10606765416911396,nan,nan
24,1,22427,backward,eps,km^2/s^2,4532,4532.0,0.0,-0.9521815600315129,0.014855045119523099,-0.9761309411410694,-0.9307746427091795,0.04535629843188982,-0.983797693081812,-0.9161824582914693,0.0676152347903427,-0.10923477310893555,0.02600584751950865,0.03433787889227391,nan,nan
24,2,30751,backward,eps,km^2/s^2,1720,1720.0,0.0,-0.8411611598515539,0.014802080410075297,-0.8742738344235325,-0.8284386708775404,0.04583516354599204,-0.9013732586164549,-0.8272587452353299,0.07411451338112496,-0.8199056708612448,0.03564880858382818,0.06274823277675057,nan,nan
24,3,221317,backward,eps,km^2/s^2,4359,4359.0,0.0,-0.21138789609431607,0.036872408697868155,-0.2484260714296725,-0.13403621449658465,0.11438985693308784,-0.25148739185646374,-0.10960312924132098,0.14188426261514275,0.637722786304431,0.07733195456644137,0.10176503982170504,nan,nan
24,4,58136,backward,eps,km^2/s^2,12618,12618.0,0.0,-0.9481500495635689,0.01639337915655699,-0.9719449826745881,-0.9224008285600062,0.049544154114581906,-1.0327250405173798,-0.8551783020261849,0.17754673849119484,0.3929852247976145,0.027327498531102633,0.0906240329924013,nan,nan
24,5,127595,backward,eps,km^2/s^2,3634,3634.0,0.0,-0.13413572005306665,0.04852594605463025,-0.20817757034182144,-0.05586219679669456,0.15231537354512686,-0.22118175880267327,-0.05271329248426082,0.16846846631841245,0.11395519985942196,0.09028845054206615,0.09343735485449989,nan,nan
24,6,22050,backward,eps,km^2/s^2,1724,1724.0,0.0,-0.8433682811207677,0.012780375604160607,-0.8717251368922598,-0.8331775842790997,0.03854755261316012,-1.0292198550497513,-0.8281073238974423,0.20111253115230898,-3.806517659030533,0.028959560259917916,0.18645427841740947,nan,nan
24,7,8822,backward,eps,km^2/s^2,3027,3027.0,0.0,-0.93628592071815,0.0239493911946644,-0.973111161755424,-0.8978598196404544,0.07525134211496964,-0.9834075739932913,-0.8659559972331552,0.11745157676013607,0.07193385556872331,0.041791787260985105,0.07334464934423135,nan,nan
24,8,67258,backward,eps,km^2/s^2,1765,1765.0,0.0,-0.9802325381723422,0.005752318674262528,-0.9872055486738895,-0.9754747198149704,0.011730828858919184,-1.0328612569408748,-0.9721555213519895,0.06070573558888537,-4.52907840790034,0.0070342678532233196,0.05268321446749935,nan,nan
24,9,172743,backward,eps,km^2/s^2,4524,4524.0,0.0,-0.24425916722993496,0.012300671289224081,-0.25152926344311227,-0.21419507756794737,0.037334185875164905,-0.25275903114329945,-0.17932521129315288,0.07343381985014658,1.3599697398417858,0.03119466101266743,0.06606452728746193,nan,nan
24,10,14142,backward,eps,km^2/s^2,8908,8908.0,0.0,-0.8957089513969796,0.016973937062202207,-0.924783498612469,-0.8705057429872071,0.054277755625261936,-0.9305382109554943,-0.8425674902909528,0.08797072066454148,-0.09041847156666796,0.0293590023376488,0.05579268261558035,nan,nan
24,11,154309,backward,eps,km^2/s^2,27407,27407.0,0.0,-0.2145466296080839,0.026227705967016627,-0.2404600532315428,-0.16044283143973806,0.08001722179180473,-0.2514649332181286,-0.1080291318003711,0.14343580141775747,0.6867636934941255,0.060314699528761305,0.11272839916812827,nan,nan
24,12,99245,backward,eps,km^2/s^2,2857,2857.0,0.0,-0.924550596692501,0.033923577447335075,-0.9714190084019791,-0.8672967738859054,0.10412223451607372,-0.9838862116795855,-0.8502124152387229,0.13367379644086252,0.16476902513042016,0.05607348413846749,0.06686821055305181,nan,nan
24,13,152421,backward,eps,km^2/s^2,1802,1802.0,0.0,-0.16661816292222065,0.031143049241383246,-0.20216700418410774,-0.11430467459574946,0.08786232958835828,-0.24137800438311124,-0.11254124344586053,0.12883676093725072,0.15527748721872367,0.05278738050689358,0.07460921332378484,nan,nan
24,14,168732,backward,eps,km^2/s^2,15039,15039.0,0.0,-0.2169672639946288,0.011423512961736656,-0.23214593375596412,-0.19579229696648887,0.03635363678947526,-0.2521195580160148,-0.16610697243298667,0.08601258558302816,0.2246535238749471,0.025787160909772948,0.05300123440659493,nan,nan
24,15,76537,backward,eps,km^2/s^2,4874,4874.0,0.0,-1.0025865919850256,0.012159021289002448,-1.0174855063066135,-0.9794756802283953,0.038009826078218234,-1.032726459212424,-0.974785598753356,0.05794086045906788,0.2984722260850308,0.03211347454843016,0.03680355602346941,nan,nan
24,16,42086,backward,eps,km^2/s^2,8714,8714.0,0.0,-0.8852715754503591,0.02080607454646608,-0.9191318212686648,-0.8559237964910134,0.06320802477765142,-0.9344903853991138,-0.8286509669981137,0.10583941840100008,-0.07624305322760891,0.040474801402899274,0.06774763089579894,nan,nan
24,17,49752,backward,eps,km^2/s^2,4179,4179.0,0.0,-0.9946136451612118,0.008253724136642602,-1.0059790064822358,-0.9787421822374719,0.027236824244763924,-1.0322597485080705,-0.9748154319099194,0.05744431659815108,0.23290042118763518,0.020801349521696988,0.03277280492276713,nan,nan
24,18,122456,backward,eps,km^2/s^2,16361,16361.0,0.0,-0.16354604446405524,0.021665499359968175,-0.19998107545522797,-0.13198022909408835,0.06800084636113962,-0.20787361902357604,-0.05273741918696473,0.1551361998366113,-0.05301969976419143,0.03696223427187528,0.11353056570844222,nan,nan
24,19,30062,backward,eps,km^2/s^2,576,576.0,0.0,-0.8348424095392442,0.011890672622540942,-0.8664263068341931,-0.8276207114588505,0.03880559537534256,-0.8878570321275192,-0.8273098336599867,0.06054719846753254,-1.5914516710304474,0.031026952062387536,0.05245767735571372,nan,nan
24,20,34315,backward,eps,km^2/s^2,1953,1953.0,0.0,-0.9276762824431932,0.039499487984118425,-0.9886451234518595,-0.8658414138406024,0.12280370961125708,-1.032801628880673,-0.8475233156837552,0.1852783131969178,0.024503606550435732,0.06329560497769923,0.10554097565270526,nan,nan
24,21,34650,backward,eps,km^2/s^2,1529,1529.0,0.0,-0.8532988253716629,0.03525150613145161,-0.9631600067481374,-0.8427902734505647,0.12036973329757272,-1.0139046512891579,-0.8295389212486624,0.1843657300404955,-2.4909201768788845,0.11194535735797428,0.16269000189899474,nan,nan
24,22,49623,backward,eps,km^2/s^2,7589,7589.0,0.0,-0.8848147812463858,0.019323738400997985,-0.9164928714084005,-0.8553697083235657,0.061123163084834786,-0.9880099564205258,-0.8488704885536074,0.13913946786691844,-0.12652254575331476,0.039138225941068146,0.09367041029270595,nan,nan
24,23,161185,backward,eps,km^2/s^2,24126,24126.0,0.0,-0.17129074253245996,0.023251878570588795,-0.20433135307385272,-0.12715001677084148,0.07718133630301124,-0.23429100867562008,-0.11409186215351719,0.1201991465221029,0.27102073376867697,0.047365321764258464,0.06028747383057187,nan,nan
24,0,127235,backward,e,-,30241,30241.0,0.0,0.7287270335963815,0.06395372100808427,0.6058358637778989,0.8123423983849369,0.20650653460703805,0.48061001461827046,0.8713416161528794,0.39073160153460895,-0.7332442970386865,0.1487704246853192,0.2739962738449476,nan,nan
24,1,22427,backward,e,-,4532,4532.0,0.0,0.4484458240229644,0.02470093626693402,0.4116641060399946,0.4871079433123273,0.07544383727233273,0.38545799405380715,0.49900630014504865,0.1135483060912415,0.055175600802762535,0.04244304973038225,0.0602076150039797,nan,nan
24,2,30751,backward,e,-,1720,1720.0,0.0,0.21496014345314338,0.04110419376895195,0.17315156850698374,0.30012467561725514,0.1269731071102714,0.1687973804253869,0.3563919371117984,0.1875945566864115,0.5956148535926435,0.09255001658967475,0.148817278084218,nan,nan
24,3,221317,backward,e,-,4359,4359.0,0.0,0.468200577587414,0.10009797004657554,0.35959221407019465,0.6705730866650905,0.3109808725948959,0.3503572148329607,0.7314977700656362,0.38114055523267554,0.5536003355699698,0.20157712266668476,0.2625018060672304,nan,nan
24,4,58136,backward,e,-,12618,12618.0,0.0,0.4418218330500753,0.028109318154152987,0.3968253276338371,0.48061337238981006,0.08378804475597296,0.2541566755041224,0.5702043312171212,0.3160476557129988,-0.6822094729433309,0.04552325316545128,0.1836966821897425,nan,nan
24,5,127595,backward,e,-,3634,3634.0,0.0,0.6695620730090158,0.12295831006564456,0.47683609573340274,0.8635853941199717,0.38674929838656896,0.4389678397678123,0.8712782904839208,0.4323104507161085,0.07308540500828356,0.22434111616508148,0.23203401252903055,nan,nan
24,6,22050,backward,e,-,1724,1724.0,0.0,0.2215568484288014,0.03216641541814454,0.189564323211453,0.2943144599879253,0.10475013677647232,0.1720293297014963,0.5653666074458314,0.39333727774433513,2.5019705310075353,0.07448683395662245,0.34553898141452855,nan,nan
24,7,8822,backward,e,-,3027,3027.0,0.0,0.42146609148777936,0.04220498049942951,0.34963416176359546,0.48234188026953206,0.1327077185059366,0.28042951753226425,0.49836524072798566,0.2179357231957214,-0.18720098059430454,0.0768941708841433,0.1460988151154745,nan,nan
24,8,67258,backward,e,-,1765,1765.0,0.0,0.4935737814444415,0.008635909368910627,0.48613833541803597,0.5042637090482969,0.0181253736302609,0.4809826619099823,0.57038823861696,0.08940557670697769,4.248377520280949,0.010812137527653242,0.07691451023232887,nan,nan
24,9,172743,backward,e,-,4524,4524.0,0.0,0.37236739043652173,0.03583098607445951,0.35012087204328995,0.45879275538350855,0.1086718833402186,0.3462129695991155,0.5549425556989553,0.20872958609983983,1.3040768479861444,0.09054480280513712,0.1866946031205839,nan,nan
24,10,14142,backward,e,-,8908,8908.0,0.0,0.3453652772802931,0.03435908185708179,0.29101891358496346,0.400929318619842,0.10991040503487853,0.21825620010217733,0.41126306227818665,0.19300686217600932,-0.027734422306568078,0.059788580787264366,0.13248931841748146,nan,nan
24,11,154309,backward,e,-,27407,27407.0,0.0,0.45910731920542097,0.07138978789081675,0.3842573001606745,0.6023232411848536,0.2180659410241791,0.3504074970429261,0.7354146975499651,0.385007200507039,0.6106340647550165,0.16157759407997035,0.29466905044508196,nan,nan
24,12,99245,backward,e,-,2857,2857.0,0.0,0.40063766032910814,0.06358175147399225,0.2837045548988475,0.4798339128511305,0.19612935795228298,0.2410331961242514,0.49925191529291235,0.25821871916866096,-0.32863700572713445,0.10471668156948172,0.14610001229940245,nan,nan
24,13,152421,backward,e,-,1802,1802.0,0.0,0.5869563900337562,0.08027652602332098,0.49332058605372975,0.7192783112745137,0.22595772522078394,0.3802823780743207,0.7236261953669159,0.34334381729259517,0.12193720817402158,0.13351991157394832,0.20628531847938697,nan,nan
24,14,168732,backward,e,-,15039,15039.0,0.0,0.4522037395761701,0.03187244639934618,0.40812910994376755,0.5097784466411941,0.10164933669742654,0.34791161447656394,0.5892083860911365,0.24129677161457252,0.10688897285085769,0.07161412051042633,0.14342119858065566,nan,nan
24,15,76537,backward,e,-,4874,4874.0,0.0,0.5272599727742012,0.01804914184055,0.49237827941471124,0.5488255769603773,0.05644729754566602,0.4851352642511614,0.570207652630325,0.08507238837916364,-0.3328385894181888,0.04802793996718537,0.05527095513073521,nan,nan
24,16,42086,backward,e,-,8714,8714.0,0.0,0.3239765581326679,0.04455398414432297,0.25582267233564787,0.3907413451914349,0.13491867285578701,0.17417739235369858,0.4180200044678657,0.2438426121141671,-0.07540327634872042,0.09118156376877193,0.17282684375072124,nan,nan
24,17,49752,backward,e,-,4179,4179.0,0.0,0.515461425189154,0.012426978242843048,0.49120222604431585,0.532251525355557,0.04104929931124113,0.4851779411170938,0.5695487870921859,0.08437084597509215,-0.27247513716896404,0.031527078006892265,0.046868096720866004,nan,nan
24,18,122456,backward,e,-,16361,16361.0,0.0,0.5945025741441394,0.056110614071077786,0.49858746259772274,0.6748859494070754,0.17629848680935262,0.47721650829255796,0.8712211020512518,0.39400459375869384,-0.08755042911226023,0.09587569060143564,0.28372264600111463,nan,nan
24,19,30062,backward,e,-,576,576.0,0.0,0.1955383267087703,0.03401752058476042,0.17018312917705425,0.2810843658029901,0.11090123662593587,0.16895865707661148,0.3296597904038128,0.16070113332720135,1.2530618276528744,0.08364604425898478,0.13222146885980748,nan,nan
24,20,34315,backward,e,-,1953,1953.0,0.0,0.406364501983111,0.0723058729789128,0.2804012667504246,0.5064645894400536,0.22606332268962898,0.23328026667514062,0.5703028197356329,0.3370225530604923,-0.2028604859118366,0.12553991177311524,0.17219026107363727,nan,nan
24,21,34650,backward,e,-,1529,1529.0,0.0,0.24906308295872134,0.07050558347866999,0.21999565640519186,0.46658366564597686,0.246588009240785,0.1774377329353115,0.5437616093154545,0.36632387638014297,2.3060548288079765,0.2230024022482092,0.30018034591768683,nan,nan
24,22,49623,backward,e,-,7589,7589.0,0.0,0.3230858231099128,0.04134914875043571,0.25434308383943727,0.3859069051249229,0.13156382128548566,0.23696597880240347,0.5055022087040824,0.2685362299016789,-0.041867765111951526,0.08869007365492733,0.1626144235433994,nan,nan
24,23,161185,backward,e,-,24126,24126.0,0.0,0.5750757235538844,0.060279893931373736,0.4872469644103471,0.6872148285395437,0.19996786412919665,0.40122180824346443,0.7197896696368885,0.3185678613934241,0.2165196555616983,0.1212081187301888,0.16662786537536056,nan,nan
24,0,127235,backward,w,deg,30241,30241.0,0.0,-1.423272139747553,4.891677253137523,-5.694108946315367,10.559547249074484,16.25365619538985,-9.256497848416501,14.060275996499854,23.316773844916355,1.0071042445990122,13.18181344696248,16.68254219438785,16.759205915669988,0.9963626054348774
24,1,22427,backward,w,deg,4532,4532.0,0.0,-0.7616733668446614,5.20860840631759,-4.743592373715562,16.850476128878054,21.594068502593615,-14.462800083330507,26.514301813970945,40.97710189730145,2.8015115076148525,18.937207581461276,28.601033266554168,187.02956414483396,0.9959006396469383
24,2,30751,backward,w,deg,1720,1720.0,0.0,7.335944135061212,16.63534603113086,-31.387556492541123,15.778967658393029,47.16652415093415,-32.533525148426804,16.147854510689058,48.68137965911586,-0.7396546727880431,40.552274927966934,41.698243583852616,199.73139856538393,0.9584517631910974
24,3,221317,backward,w,deg,4359,4359.0,0.0,-3.0974432501143383,7.816141941680805,-7.68741621451353,13.429105472511067,21.116521687024598,-8.170068787672449,14.355822078575216,22.525890866247664,0.6525558734986643,19.134040649741635,20.06075725580581,15.940817771531735,0.9907220457411596
24,4,58136,backward,w,deg,12618,12618.0,0.0,-0.005873551012115286,5.158917689471937,-7.695058914133233,8.497157054477036,16.19221596861027,-29.116959635061818,16.32334962594544,45.44030926100726,-0.007619298145664573,10.594122543798528,27.167096029878167,200.12994068905888,0.9959573005729815
24,5,127595,backward,w,deg,3634,3634.0,0.0,2.760081209165847,5.983109938599499,-9.057320255731877,8.094562666114548,17.151882921846425,-9.334810587735717,14.236833274911305,23.571643862647022,-0.34035555629009034,12.103123504899667,12.380613836903535,16.860062843411033,0.9945575462610137
24,6,22050,backward,w,deg,1724,1724.0,0.0,1.147989247143542,7.713029684118072,-14.965442934679189,14.204163677879006,29.169606612558194,-31.978204110815454,16.553285778413823,48.53148988922928,-0.9682342574623302,17.379909643406407,34.39267081954267,199.4718207441999,0.9910166730763093
24,7,8822,backward,w,deg,3027,3027.0,0.0,-1.9031943895825236,7.016955492289125,-3.7398595058494974,21.715161497935007,25.455021003784505,-4.2048941998460805,34.392301450633596,38.59719565047968,3.2785531411640267,23.994813013598495,36.671952966297084,182.43156358970666,0.9926231936372499
24,8,67258,backward,w,deg,1765,1765.0,0.0,0.004290326792130372,3.1815321156672063,-4.220869842890369,4.696141078982265,8.917010921872635,-21.98931206773844,6.697820985177287,28.687133052915726,-1.4566048063933652,6.2811620317313155,20.65563033172856,196.09540393139167,0.9984626335173413
24,9,172743,backward,w,deg,4524,4524.0,0.0,1.1686835549139545,6.2280000834986415,-11.684417848642374,7.765194979445173,19.449612828087545,-14.620940071811049,8.070852847231947,22.691792919042996,-0.5209930762760311,15.495721363115365,18.432243586284073,22.879174301100484,0.9941050620995127
24,10,14142,backward,w,deg,8908,8908.0,0.0,0.06813447325505706,3.7781534839306725,-5.71855135726998,5.435836582065927,11.154387939335908,-20.88679627657251,28.642569621209248,49.52936589778176,0.7613129591119326,6.024745719709932,29.035911093034883,188.17302358138846,0.9978331766496829
24,11,154309,backward,w,deg,27407,27407.0,0.0,1.1472728547000202,6.164502829194537,-10.168180262411212,7.318806011944157,17.48698627435537,-12.988549005239719,10.437997572082054,23.426546577321773,-0.35391049159194266,15.867982919578756,18.688351662407285,20.648359065588206,0.9942215548105011
24,12,99245,backward,w,deg,2857,2857.0,0.0,2.846858513580628,10.004194362762728,-15.00428671366107,12.561013847730925,27.565300561391993,-37.22936343358862,13.030455761473235,50.25981919506185,-0.323938128118171,24.718984510981084,46.94406123090863,204.328769605364,0.9848226397544223
24,13,152421,backward,w,deg,1802,1802.0,0.0,-0.21680164175515415,3.05254129410327,-4.823222847997976,7.278885199111126,12.102108047109102,-9.408613716520279,11.341423847366684,20.750037563886963,1.355517010050342,7.348146044757182,11.109009865429584,19.077511921115846,0.9985831017880176
24,14,168732,backward,w,deg,15039,15039.0,0.0,0.5136382500853642,4.169649553603206,-7.42613530742945,5.007306689659142,12.433441997088593,-13.034359721026533,9.945811933653232,22.980171654679765,-0.5465528961980747,9.886170981090045,15.494395394687132,21.15754685809468,0.9973555129305909
24,15,76537,backward,w,deg,4874,4874.0,0.0,-0.5157529751695478,6.7971121354122745,-9.55086180554395,11.731178718884673,21.282040524428623,-11.288501022938789,14.26252099680866,25.55102201974745,0.25679771012487734,11.360206969730788,13.268887699358146,190.66180103718358,0.9929792205129051
24,16,42086,backward,w,deg,8714,8714.0,0.0,-1.7024901618606663,6.597089525622572,-6.736385942026939,12.673245706536981,19.40963164856392,-34.85313516885918,15.008176292544903,49.861311461404085,-0.35849835311383066,13.977577865373247,33.78365064770432,201.9848580430504,0.9934235518287033
24,17,49752,backward,w,deg,4179,4179.0,0.0,-0.9794544741140498,4.981759679321045,-6.677644161587713,9.808776737863692,16.486420899451403,-15.971752001869561,13.502488490002264,29.474240491871825,0.6141350203645886,12.720470450936972,16.413606402534754,190.7539640629008,0.9962263238967065
24,18,122456,backward,w,deg,16361,16361.0,0.0,-0.023787171528994122,1.8444005823279563,-2.3995909621999942,2.358325487508523,4.757916449708517,-15.4169521131505,7.958784157161915,23.375736270312416,-1.650203961117969,3.054203687032185,15.702995549033801,22.966623070607852,0.9994827708466791
24,19,30062,backward,w,deg,576,576.0,0.0,3.111925054612499,14.980517169767207,-27.528112877455285,17.726215244533115,45.2543281219884,-31.054188514922714,19.096497150632587,50.1506856655553,-0.5372850161186755,38.83180431535855,42.35787995282598,198.13319795506786,0.9662126073039866
24,20,34315,backward,w,deg,1953,1953.0,0.0,-1.5545907430979184,7.827052332777595,-5.417581334706972,19.51322897419441,24.93081030890138,-28.347712916503383,22.049532877355915,50.3972457938593,0.8055311129079361,23.846946327791958,25.36397252653552,195.40528510768027,0.9907608622105234
24,21,34650,backward,w,deg,1529,1529.0,0.0,1.1074621828224167,6.053558549467064,-13.08018123847159,9.56201604563152,22.642197284103112,-35.40886912376365,10.805981375860938,46.21485049962459,-1.0316991570544645,14.752733818154944,37.081421703447006,205.980118863013,0.9944424702114798
24,22,49623,backward,w,deg,7589,7589.0,0.0,0.6373941249347297,5.1635719240328735,-7.252487162959806,5.000726859644935,12.253214022604741,-37.13846990904679,13.30496841335895,50.44343832240574,-3.8059494743680133,8.126799468050343,37.5662543813456,204.37524292026959,0.9960121176886638
24,23,161185,backward,w,deg,24126,24126.0,0.0,-0.38748940022439626,3.9458757327801797,-5.310543058373682,10.748551983097613,16.059095041471295,-9.93571597392733,13.298808558518516,23.234524532445846,1.4175878018003436,9.793735925114696,11.995063225081395,17.653882647152418,0.9976341051074855
24,0,127235,forward,eps,km^2/s^2,30241,30241.0,0.0,-0.15129276855448015,0.030119017408413218,-0.19638626111760404,-0.10480545329648083,0.09158080782112321,-0.8775143531947545,-0.09322217552601542,0.784292177668739,-0.4828200472602838,0.057378067101067964,0.7385061591782184,nan,nan
24,1,22427,forward,eps,km^2/s^2,4532,4532.0,0.0,-0.9734913893915229,0.0332241243449776,-1.004738683494786,-0.9119566514577205,0.09278203203706548,-1.0084355116174786,-0.8308364272895858,0.17759908432789273,0.7354474167470169,0.04821705179268698,0.12906165010042892,nan,nan
24,2,30751,forward,eps,km^2/s^2,1720,1720.0,0.0,-0.23738596710946402,0.030041070757733806,-0.2498096928578081,-0.15377537629349555,0.09603431656431255,-0.2527828516333516,-0.07789858299212749,0.17488426864122414,2.1321461220310964,0.07323980759611977,0.14911660089748785,nan,nan
24,3,221317,forward,eps,km^2/s^2,4359,4359.0,0.0,-0.8589379876047469,0.03379076057262761,-0.9641478688823563,-0.8327388535158011,0.13140901536655514,-1.0304345772281724,-0.8278679467382324,0.20256663048994006,-2.1648611695852997,0.10528661085539202,0.17157331920120833,nan,nan
24,4,58136,forward,eps,km^2/s^2,12618,12618.0,0.0,-0.2018375073260102,0.03527164764033513,-0.22549364050854617,-0.139641679826227,0.08585196068231918,-0.8540137839118356,-0.06641807564057967,0.7875957082712559,-6.459094434903535,0.060433240107635164,0.6540912846045192,nan,nan
24,5,127595,forward,eps,km^2/s^2,3634,3633.0,1.0,-0.8755684076136425,0.05337647741441359,-0.9829285780682682,-0.8365016205716591,0.14642695749660906,-1.0326474300605972,-0.11376874780057283,0.9188786822600243,2.2070373531026712,0.09290349729374185,0.8151398644829972,nan,nan
24,6,22050,forward,eps,km^2/s^2,1724,1723.0,1.0,-0.8432226911078131,0.11599053013481274,-0.8962368144921083,-0.8327216970507665,0.06351511744134186,-1.0274382125404289,-0.05276686662596186,0.974671345914467,5.726352615753285,0.08457620762467982,0.7876192783852835,nan,nan
24,7,8822,forward,eps,km^2/s^2,3027,3027.0,0.0,-0.8966548913951331,0.02458852994551945,-0.9531793518845187,-0.876633876552919,0.07654547533159972,-0.994525671553609,-0.8320477917622136,0.1624778797913955,-1.8503362229025189,0.06021929263343684,0.10155178276162147,nan,nan
24,8,67258,forward,eps,km^2/s^2,1765,1765.0,0.0,-0.15208244023133688,0.08195387185580132,-0.21020373634864917,-0.12854001250412256,0.08166372384452661,-0.8983375976782122,-0.058849219021311905,0.8394883786569003,-7.381452526695825,0.06501981409865921,0.7524035276762527,nan,nan
24,9,172743,forward,eps,km^2/s^2,4524,4523.0,1.0,-0.20015067073638976,0.3360056197800048,-0.8567886818242704,-0.11582802890134854,0.7409606529229218,-0.9061959725771758,-0.07181052376753161,0.8343854488096442,-0.3251558179764113,0.7432762225473188,0.7926835133002242,nan,nan
24,10,14142,forward,eps,km^2/s^2,8908,8908.0,0.0,-0.9777496008207041,0.034411577478507344,-1.0156487504066671,-0.9160624830350453,0.0995862673716218,-1.0314016645503226,-0.8303055485322965,0.20109611601802602,0.5756879123610198,0.052818327941892736,0.1385634152099957,nan,nan
24,11,154309,forward,eps,km^2/s^2,27407,27407.0,0.0,-0.8862864976949902,0.023418851088590566,-0.9343888510219868,-0.8585641329817432,0.0758247180402436,-1.0317073589652344,-0.20684521827112423,0.8248621406941101,0.13616105506225906,0.05177896349272,0.6769545151397438,nan,nan
24,12,99245,forward,eps,km^2/s^2,2857,2857.0,0.0,-0.9228526209887307,0.03992562940897955,-0.9895582092136852,-0.8613895524503792,0.12816865676330602,-0.9939867236403566,-0.8285734071895701,0.1654133164507865,-0.024911447297659442,0.06903810939248985,0.09426342634332396,nan,nan
24,13,152421,forward,eps,km^2/s^2,1802,1802.0,0.0,-0.24165932077302862,0.012150555063071394,-0.2518509332256887,-0.21585759355935077,0.035993339666337915,-0.2525029720023428,-0.19131488541157815,0.061188086590764634,0.899083462866508,0.023708781523591602,0.04825148967136422,nan,nan
24,14,168732,forward,eps,km^2/s^2,15039,15039.0,0.0,-0.9350045070235735,0.029810655792570345,-0.9657390342496261,-0.8683926875486476,0.09734634670097853,-1.0328225762440004,-0.8282095324531948,0.20461304379080558,1.1155554079425738,0.06423318850994195,0.102716404328838,nan,nan
24,15,76537,forward,eps,km^2/s^2,4874,4874.0,0.0,-0.8942712448578268,0.0304015071401811,-0.9472607739548586,-0.8676318150478688,0.07962895890698984,-1.032100959715513,-0.251298539201006,0.7808024205145071,5.307319290930164,0.049210165193495276,0.6508139451304941,nan,nan
24,16,42086,forward,eps,km^2/s^2,8714,8714.0,0.0,-0.1820402150393376,0.0712163577473142,-0.2126265903333987,-0.1390215789077224,0.0736050114256763,-0.9877261111691635,-0.052813300245758366,0.9349128109234052,-7.987943012788485,0.05529037866651939,0.8012327083633026,nan,nan
24,17,49752,forward,eps,km^2/s^2,4179,4179.0,0.0,-0.9646682256147128,0.032075364004752645,-0.997518131250814,-0.9104223461913625,0.08709578505945148,-1.0296268339021548,-0.8276125597326043,0.20201427416955053,1.0340580370252,0.04661419188839419,0.12924603510231303,nan,nan
24,18,122456,forward,eps,km^2/s^2,16361,16361.0,0.0,-0.9554140331287857,0.02608011928074148,-0.9822062099296902,-0.908693546379653,0.07351266355003716,-0.989611434359214,-0.827719976907938,0.16189145745127598,1.228768678434879,0.0406640781133456,0.1161383610750073,nan,nan
24,19,30062,forward,eps,km^2/s^2,576,576.0,0.0,-0.9254379440551541,0.07719273171754572,-0.9917089884025978,-0.8494675483190333,0.14224144008356454,-0.9933002973532914,-0.1385058545790438,0.8547944427742475,6.16010722141493,0.07453037993848366,0.7791220250349411,nan,nan
24,20,34315,forward,eps,km^2/s^2,1953,1952.0,1.0,-0.922422236217453,0.042408833834014344,-0.9818396954962044,-0.8396140117913887,0.1422256837048157,-1.0327283412741601,-0.8273640652606364,0.2053642760135237,0.26366481027768324,0.09110863471738269,0.1057005811296925,nan,nan
24,21,34650,forward,eps,km^2/s^2,1529,1529.0,0.0,-0.1134600830643081,0.1384692169818762,-0.19747327730935865,-0.055025770653942895,0.14244750665541575,-0.9430517575830868,-0.05304384530966044,0.8900079122734263,-4.759152811348244,0.12296177121927178,0.868540251493,nan,nan
24,22,49623,forward,eps,km^2/s^2,7589,7589.0,0.0,-0.23036777937186176,0.009563626533526076,-0.24226032808607956,-0.2117665188836606,0.030493809202418953,-0.25249327819096623,-0.1750066736570966,0.07748660453386963,0.749290622971484,0.02025625443142856,0.057008099050238514,nan,nan
24,23,161185,forward,eps,km^2/s^2,24126,24122.0,4.0,-0.11330398636082212,0.04506004481661384,-0.20284780471361447,-0.0757218992779665,0.12712590543564795,-0.8443471413752017,-0.05270234629178039,0.7916447950834213,-3.2952501643358825,0.0672616412779355,0.7079658661776549,nan,nan
24,0,127235,forward,e,-,30241,30241.0,0.0,0.6265063803107478,0.07627817572326948,0.5089317860008599,0.7429695181443401,0.23403773214348023,0.30704287398452773,0.7719888900017718,0.4649460160172441,-0.06552940418745723,0.1486561676626239,0.35054507967895604,nan,nan
24,1,22427,forward,e,-,4532,4532.0,0.0,0.48302062063796336,0.05621399162816792,0.37716435255131797,0.530436238753817,0.15327188620249899,0.18121652040416797,0.5358328063070537,0.3546162859028857,-1.03745976709104,0.08398927559869371,0.27993710774584374,nan,nan
24,2,30751,forward,e,-,1720,1720.0,0.0,0.3935758768655253,0.08218570728162859,0.35570818279010835,0.6198069012549859,0.2640987184648776,0.3461726392920899,0.8096607620596151,0.4634881227675252,1.9812329885744993,0.19480824499333965,0.3846621057979688,nan,nan
24,3,221317,forward,e,-,4359,4359.0,0.0,0.2635190107419678,0.06968607997046047,0.18783174803354322,0.4681100005741229,0.2802782525405797,0.17105284302764806,0.5670128555665018,0.39596001253885377,1.6567673233376816,0.20479164555595508,0.303694500548334,nan,nan
24,4,58136,forward,e,-,12618,12618.0,0.0,0.4939093685291951,0.07461326355638216,0.42820325017319244,0.6554571991080194,0.22725394893482692,0.17024326553491917,0.8377984961315766,0.6675552305966574,0.5700628610014947,0.15729343325267714,0.3391783515722956,nan,nan
24,5,127595,forward,e,-,3634,3633.0,1.0,0.303376413707374,0.09755819436333647,0.20159998794203177,0.49784524926926577,0.296245261327234,0.1705844038257078,0.7205663889073746,0.5499819850816667,0.4388129150932244,0.20711738191351617,0.312137808954682,nan,nan
24,6,22050,forward,e,-,1724,1723.0,1.0,0.22315293089756705,0.09308618187856135,0.18939787347337347,0.4013476424032107,0.21194976892983722,0.170843109816489,0.8711452962979094,0.7003021864814204,4.167641540762486,0.18859833760776604,0.6583959915024648,nan,nan
24,7,8822,forward,e,-,3027,3027.0,0.0,0.3472738077985626,0.04651067778617706,0.30487752745716634,0.45031606720780243,0.1454385397506361,0.18628073310755738,0.5153228251799941,0.3290420920724367,1.1378000790408083,0.13226268810560804,0.17553107476220609,nan,nan
24,8,67258,forward,e,-,1765,1765.0,0.0,0.62405436724922,0.08021972327652836,0.4698434287608561,0.6835783383784142,0.2137349096175581,0.16999816670989903,0.8563122445220511,0.6863140778121521,-1.9623021751850525,0.17088529226498184,0.4697126489974192,nan,nan
24,9,172743,forward,e,-,4524,4523.0,1.0,0.4988085752684139,0.19716783370560423,0.18190415839551857,0.7154414564117728,0.5335372980162543,0.17189723978097268,0.8245917809903422,0.6526945412093695,-0.04857210550238401,0.5393394023468019,0.5493463209613477,nan,nan
24,10,14142,forward,e,-,8908,8908.0,0.0,0.48962988677277763,0.05673436375871264,0.3848271917582846,0.5462114085070205,0.16138421674873593,0.1793797446110454,0.5683851512160862,0.38900540660504085,-0.8594283144463345,0.09077994281886322,0.29620964168411296,nan,nan
24,11,154309,forward,e,-,27407,27407.0,0.0,0.3262058137530943,0.04725242712505075,0.2624882852023994,0.41830295043020976,0.15581466522781035,0.17053525493279453,0.5687824394814771,0.3982471845486826,0.4580286715490983,0.10060837262813752,0.24791260305782387,nan,nan
24,12,99245,forward,e,-,2857,2857.0,0.0,0.3977053631240583,0.07463241010507292,0.2698304452292183,0.5078252320717196,0.2379947868425013,0.1739209576265037,0.5145196842135321,0.3405987265870284,-0.25310445609029797,0.127631392195045,0.2235408797977597,nan,nan
24,13,152421,forward,e,-,1802,1802.0,0.0,0.37987409052951465,0.035575664833910524,0.349093056376776,0.45404535345257735,0.10495229707580134,0.3470213036894984,0.5233587345875809,0.17633743089808246,0.8574092005571545,0.06843137587670554,0.13774475701170907,nan,nan
24,14,168732,forward,e,-,15039,15039.0,0.0,0.4192998150634169,0.058836801934291805,0.28654376993913966,0.47074235074604037,0.1841985808069007,0.1723066006552341,0.5703371426776247,0.39803054202239063,-1.7647445204435135,0.12817327515538296,0.23834933412781403,nan,nan
24,15,76537,forward,e,-,4874,4874.0,0.0,0.342608698275908,0.05030643778577418,0.2844339417856258,0.4403035131192202,0.15586957133359441,0.18007335031348148,0.5693491207314456,0.38927577041796413,0.5985600430888783,0.09252946609254381,0.2110884426335864,nan,nan
24,16,42086,forward,e,-,8714,8714.0,0.0,0.5465705397627815,0.07230920804243392,0.463749961221138,0.6576912230654101,0.19394126184427207,0.17400523907912827,0.8710333686233579,0.6970281295442297,-0.20530546150545845,0.14269321377210725,0.3603268494126547,nan,nan
24,17,49752,forward,e,-,4179,4179.0,0.0,0.46896141541938186,0.056565654637646984,0.37429834037661014,0.5197910228789286,0.1454926825023185,0.17019078829443438,0.5659313004805991,0.3957405121861648,-1.5224610130601777,0.08224137402088429,0.2860091531611698,nan,nan
24,18,122456,forward,e,-,16361,16361.0,0.0,0.4539216569281583,0.04711917775360306,0.3711328425724349,0.4966152251612621,0.1254823825888272,0.17054475624136034,0.5079289128749084,0.33738415663354804,-1.7881610903462708,0.06766552861395081,0.2639802226172915,nan,nan
24,19,30062,forward,e,-,576,576.0,0.0,0.4055756621187291,0.08726981901036585,0.23930404889762874,0.5112461555290734,0.27194210663144464,0.18798105547145658,0.6586051593637458,0.47062410389228915,-0.28086293076590996,0.14878524578163085,0.2707048590157647,nan,nan
24,20,34315,forward,e,-,1953,1952.0,1.0,0.39672646889459817,0.08386169469714046,0.21055678333782551,0.4960830143861898,0.2855262310483643,0.16922882581967422,0.5702003834770726,0.40097155765739834,-0.670437304560637,0.19449593001299184,0.23582388753114322,nan,nan
24,21,34650,forward,e,-,1529,1529.0,0.0,0.7217210671182197,0.12350934060415412,0.5052497994633257,0.8656231540498089,0.36037335458648323,0.17333596824877287,0.8704757403732265,0.6971397721244537,-1.4208262031991556,0.312709656820649,0.6446234880352019,nan,nan
24,22,49623,forward,e,-,7589,7589.0,0.0,0.4140185871259033,0.02767211147554188,0.37899951737693083,0.46773320889016023,0.0887336915132294,0.3468571376175296,0.5661881111391748,0.21933097352164516,0.6668175189026203,0.05908334464159957,0.15739633304567557,nan,nan
24,23,161185,forward,e,-,24126,24122.0,4.0,0.7218904908150088,0.10475523839369334,0.49110271597153904,0.8147988584934371,0.3236961425218981,0.20071617782615417,0.8713080396266609,0.6705918618005068,-0.7680100695565121,0.1729062397682168,0.4628418710381994,nan,nan
24,0,127235,forward,w,deg,30241,30241.0,0.0,-4.4912451039234895,26.825606482780934,-22.32624265442567,42.187564527013706,64.51380718143938,-178.65693470792695,173.57619820519653,352.2331329131235,1.6375986857616407,64.63541224996365,179.9747729401979,178.29079406629643,0.9126754231133972
24,1,22427,forward,w,deg,4532,4532.0,0.0,-2.6611583825850005,24.379976483577902,-12.821599146927161,37.59521095382196,50.416810100749125,-178.565077167143,179.98989706634643,358.5549742334894,3.5085366380789678,45.117057909991075,179.33838053924146,305.64558098663014,0.9377937294541523
24,2,30751,forward,w,deg,1720,1720.0,0.0,-6.4169307848269455,32.406187501279646,-35.0728730314075,62.57173216249746,97.64460519390497,-176.13488441392838,177.29584859926803,353.4307330131964,0.9727604746202969,58.93854573331772,179.84026250837866,225.94629096836368,0.858292872872372
24,3,221317,forward,w,deg,4359,4359.0,0.0,-8.771673647696275,32.72333922853408,-27.584154441109938,76.44687357009097,104.0310280112009,-178.46996997121556,179.78678429068725,358.2567542619028,1.48953028280934,101.6176420307068,179.99844599214708,67.09546986250406,0.861416097387035
24,4,58136,forward,w,deg,12618,12618.0,0.0,-5.627675346387832,30.228219008032568,-27.251453037173892,49.54666871782183,76.79812175499572,-179.8340794933018,178.18773619587455,358.0218156891764,1.5026049421845367,75.16014847718236,179.38272297056164,196.09558740818028,0.8872091440040659
24,5,127595,forward,w,deg,3634,3633.0,1.0,6.217083269295756,41.105626871923555,-56.36593699073316,67.84279568909052,124.20873267982368,-166.97483639793188,172.85079241079285,339.82562880872473,0.4500674952746912,72.43863014784868,174.53729737506444,115.61522071615411,0.7839752076553813
24,6,22050,forward,w,deg,1724,1723.0,1.0,-3.2942576391283467,30.481097633962523,-29.43305204749871,69.24057182258937,98.67362387008808,-177.98008079475244,177.3299635130677,355.31004430782014,1.3422165159463932,84.63505600539798,174.0392391379837,167.2743146610541,0.8921339944575104
24,7,8822,forward,w,deg,3027,3027.0,0.0,-3.7376641893566216,23.77535311081465,-7.038238306317732,49.00139191329618,56.03963021961391,-175.20468074364,175.42848708619982,350.63316782983986,0.3159724902051034,58.64148756187344,178.41084721402336,299.22341330904436,0.9403025374038133
24,8,67258,forward,w,deg,1765,1765.0,0.0,-7.692702700365629,46.56124301119563,-23.027274541979516,124.58886813142186,147.61614267340138,-176.44877324332722,173.96115047633828,350.40992371966547,1.2562403437555785,143.51352320871896,179.66308324650743,209.61983311030454,0.7773327993256653
24,9,172743,forward,w,deg,4524,4523.0,1.0,-14.126066757121066,66.7977419650836,-85.58012161320151,96.55569997143384,182.13582158463535,-163.00859800168385,177.0037345721903,340.0123325738741,0.07780872003184591,156.43284272570534,179.99282294055618,311.5831355831101,0.425032627960784
24,10,14142,forward,w,deg,8908,8908.0,0.0,-1.0238236305484065,18.073475474995767,-9.417691447635884,11.97564740347612,21.393338851112006,-171.5947425999196,171.21823461380677,342.8129772137264,3.0028351290971877,17.096857256790077,175.89239178153906,303.61149841436225,0.9669735652284521
24,11,154309,forward,w,deg,27407,27407.0,0.0,-2.6322054338392036,21.913698378209858,-21.834521723645263,34.363479398463106,56.198001122108366,-178.6393677698543,179.95887126646716,358.59823903632144,-0.012286637989872447,55.345809073134795,179.16804105819563,18.241066308773174,0.9392314728201296
24,12,99245,forward,w,deg,2857,2857.0,0.0,-6.314680973455097,44.267873431203725,-25.02589820391546,78.56255141427962,103.58844961819509,-179.9806517022478,178.2667687582001,358.24742046044787,1.6047661593374092,86.30785620473601,179.86903990563547,344.17703213137736,0.8152338431674911
24,13,152421,forward,w,deg,1802,1802.0,0.0,-5.375684059526179,43.359029096225626,-43.003059405044745,104.70773872038762,147.71079812543238,-48.3065931130769,175.8208922958429,224.1274854089198,1.3692947928581347,134.10063201302324,179.84209140226966,255.36859575507998,0.7734543414066993
24,14,168732,forward,w,deg,15039,15039.0,0.0,-4.562390871543755,27.500312755736047,-18.59007592858743,32.983904947104016,51.57398087569145,-179.9873895673876,179.9878586305707,359.9752481979583,2.0746326573592584,51.921290213475835,179.37063743973607,11.422183029166321,0.9144665351157478
24,15,76537,forward,w,deg,4874,4874.0,0.0,-3.4073948560722727,22.610101442469738,-16.726257175956626,33.617347311942034,50.34360448789866,-178.69917567922565,176.34484878852788,355.0440244677535,1.462003475413722,40.14001065015204,178.94600268022,311.30306583838006,0.9405135262632995
24,16,42086,forward,w,deg,8714,8714.0,0.0,-14.896635288072005,44.71481882891684,-37.00244225891653,94.83791119248882,131.84035345140535,-174.23442969725582,178.26251689876642,352.4969465960222,0.9111462967948599,130.12996961386844,179.98759601918653,205.10226609100616,0.7532052293012569
24,17,49752,forward,w,deg,4179,4179.0,0.0,-2.1157336706098704,28.72092031519566,-20.19868920911038,27.34499181323558,47.543681022345964,-179.26942225764392,159.43696802210223,338.7063902797462,2.609464860810567,90.40210839552999,170.0496451237568,317.1679898172931,0.9072321294673253
24,18,122456,forward,w,deg,16361,16361.0,0.0,-3.490863566128411,23.818395720697087,-18.80850929300641,36.97522926699398,55.78373856000039,-174.25797469620784,179.36067567579704,353.6186503720049,1.5263985367396133,52.776347981789684,179.76219683276395,12.93501673964785,0.9340904153470558
24,19,30062,forward,w,deg,576,576.0,0.0,-5.835932865923155,45.33284050187034,-31.0347691410284,125.85057442161025,156.88534356263864,-56.61360374183744,179.65402760098567,236.2676313428231,1.8540764196072699,149.39173695995635,177.1265897271444,33.021607966458774,0.7743336130268217
24,20,34315,forward,w,deg,1953,1952.0,1.0,-2.5753147610881086,34.02998024921788,-53.862929402632076,45.72188854852365,99.58481795115573,-178.47012101473376,160.3052874969099,338.77540851164366,-1.1909894731878978,63.63907659596868,169.78686006115913,48.82319243169495,0.8701479712563812
24,21,34650,forward,w,deg,1529,1529.0,0.0,-5.666801992093724,47.17504368656526,-31.925154455598733,95.24010722364187,127.1652616792406,-176.83307533006973,178.39968501543444,355.2327603455042,0.20223906718028906,134.33250329121924,179.27387375843162,279.4199741424698,0.7733540274674351
24,22,49623,forward,w,deg,7589,7589.0,0.0,-2.292697440879465,21.929876445465872,-26.77114416294077,35.187513202881576,61.95865736582235,-177.21082541565582,178.20227011332173,355.4130955289776,0.7540264674222583,56.1988487715924,174.360095347377,201.2629938306848,0.933967232284567
24,23,161185,forward,w,deg,24126,24122.0,4.0,-15.928815304698418,59.223317509236594,-43.389870848176805,112.08112853474638,155.4709993829232,-179.03050453300995,179.79784739801266,358.8283519310226,0.4146248894846223,133.82070257980502,179.87653101271945,202.68862338165576,0.5940922656963221
27,0,144351,backward,eps,km^2/s^2,45536,45536.0,0.0,-0.12859362589384274,0.03458156086153424,-0.18849311425453014,-0.07977567994011628,0.10871743431441386,-0.20357172688800335,-0.0527776663821834,0.15079406050581995,-0.1478666088109703,0.06604969282725186,0.08112696681584697,nan,nan
27,1,22427,backward,eps,km^2/s^2,4532,4532.0,0.0,-0.9521815600315129,0.014855045119523099,-0.9761309411410694,-0.9307746427091795,0.04535629843188982,-0.983797693081812,-0.9161824582914693,0.0676152347903427,-0.10923477310893555,0.02600584751950865,0.03433787889227391,nan,nan
27,2,30751,backward,eps,km^2/s^2,1717,1717.0,0.0,-0.8411441519041458,0.014794722280741883,-0.8742880210666206,-0.8284379526764891,0.045850068390131504,-0.9013732586164549,-0.8272587452353299,0.07411451338112496,-0.8232659375659481,0.03566299522691628,0.06274823277675057,nan,nan
27,3,221195,backward,eps,km^2/s^2,4353,4353.0,0.0,-0.21002806349797465,0.03646152331191938,-0.24818205633862256,-0.13393950485674078,0.11424255148188178,-0.25148739185646374,-0.11286878808427214,0.1386186037721916,0.6003262304588066,0.0748294236601561,0.09590014043262474,nan,nan
27,4,50147,backward,eps,km^2/s^2,6044,6044.0,0.0,-0.9505673061454825,0.016111183464340647,-0.9734264047997724,-0.9240413450694483,0.04938505973032403,-0.9752418560483527,-0.9098053672613926,0.06543648878696007,0.14028689307263395,0.027023822611269965,0.03680774979893875,nan,nan
27,5,127305,backward,eps,km^2/s^2,3326,3326.0,0.0,-0.13555945624624638,0.05008051970025946,-0.20847848191585266,-0.05552793029753528,0.1529505516183174,-0.22118175880267327,-0.05271329248426082,0.16846846631841245,0.12654846828218577,0.09030403984125662,0.09311867765453108,nan,nan
27,6,22050,backward,eps,km^2/s^2,1724,1724.0,0.0,-0.8433682811207677,0.012780375604160607,-0.8717251368922598,-0.8331775842790997,0.03854755261316012,-1.0292198550497513,-0.8281073238974423,0.20111253115230898,-3.806517659030533,0.028959560259917916,0.18645427841740947,nan,nan
27,7,8822,backward,eps,km^2/s^2,3015,3015.0,0.0,-0.9361321671446596,0.02393049593939304,-0.973122959556977,-0.8978430743356602,0.07527988522131679,-0.9834075739932913,-0.8659559972331552,0.11745157676013607,0.06493391937383985,0.04181851008598253,0.07334464934423135,nan,nan
27,8,80416,backward,eps,km^2/s^2,7405,7405.0,0.0,-0.9437921617123641,0.01776187315215392,-0.9685394383231283,-0.917307120002226,0.05123231832090225,-1.0327250405173798,-0.853106808021477,0.1796182324959028,0.4977833011784587,0.03105309067653293,0.09458091906831978,nan,nan
27,9,175498,backward,eps,km^2/s^2,2917,2917.0,0.0,-0.24436314663819447,0.011640602643882706,-0.24991614119497674,-0.2188898239177443,0.03102631727723243,-0.25275903114329945,-0.16428412650311375,0.0884749046401857,2.6052681814916663,0.0237829580989341,0.07838865551356466,nan,nan
27,10,14142,backward,eps,km^2/s^2,8908,8908.0,0.0,-0.8957089513969796,0.016973937062202207,-0.924783498612469,-0.8705057429872071,0.054277755625261936,-0.9305382109554943,-0.8425674902909528,0.08797072066454148,-0.09041847156666796,0.0293590023376488,0.05579268261558035,nan,nan
27,11,176287,backward,eps,km^2/s^2,17400,17400.0,0.0,-0.22903444318945476,0.013095700253816584,-0.2417573591494244,-0.19893698996298653,0.04282036918643786,-0.25216931944048854,-0.18758342679994644,0.0645858926405421,0.7967674934795778,0.033350280696711185,0.04470384385975129,nan,nan
27,12,99245,backward,eps,km^2/s^2,2846,2846.0,0.0,-0.9243400301745808,0.033912676811605855,-0.9714017800957455,-0.8672813148788181,0.10412046521692742,-0.9838862116795855,-0.8502124152387229,0.13367379644086252,0.16001089404179808,0.0560681092281895,0.06686821055305181,nan,nan
27,13,156237,backward,eps,km^2/s^2,2360,2360.0,0.0,-0.17791155977685735,0.030142140226331254,-0.20186662765581223,-0.11493318591752458,0.08693344173828765,-0.23353948075764874,-0.1123828244365922,0.12115665632105654,0.5107291172300469,0.05745142585558862,0.06133814580036123,nan,nan
27,14,168732,backward,eps,km^2/s^2,13781,13781.0,0.0,-0.21626900324201592,0.010106015250666468,-0.22864084089175246,-0.1953426500184841,0.03329819087326835,-0.2472622190092194,-0.17368823923775817,0.07357397977146124,0.731242720584672,0.023941246857488774,0.04541996760182343,nan,nan
27,15,76537,backward,eps,km^2/s^2,4871,4871.0,0.0,-1.0026003463697313,0.012158019407665447,-1.01748595216842,-0.9794747150585392,0.03801123710988086,-1.032726459212424,-0.974785598753356,0.05794086045906788,0.29991892273361287,0.0321144397182862,0.03680355602346941,nan,nan
27,16,41854,backward,eps,km^2/s^2,8530,8530.0,0.0,-0.8840661307569112,0.020062167053160572,-0.9169568842995832,-0.8559008005536379,0.06105608374594529,-0.9344903853991138,-0.8286509669981137,0.10583941840100008,-0.07081001475299688,0.03950285507394312,0.06675268862946737,nan,nan
27,17,49752,backward,eps,km^2/s^2,4179,4179.0,0.0,-0.9946136451612118,0.008253724136642602,-1.0059790064822358,-0.9787421822374719,0.027236824244763924,-1.0322597485080705,-0.9748154319099194,0.05744431659815108,0.23290042118763518,0.020801349521696988,0.03277280492276713,nan,nan
27,18,125038,backward,eps,km^2/s^2,14729,14729.0,0.0,-0.16501689805402708,0.02247646749805761,-0.2022249659969737,-0.13226716890599968,0.06995779709097402,-0.21015626276466431,-0.05273741918696473,0.15741884357769959,-0.048793535721570955,0.03788398995719207,0.11479714669477442,nan,nan
27,19,30062,backward,eps,km^2/s^2,576,576.0,0.0,-0.8348424095392442,0.011890672622540942,-0.8664263068341931,-0.8276207114588505,0.03880559537534256,-0.8878570321275192,-0.8273098336599867,0.06054719846753254,-1.5914516710304474,0.031026952062387536,0.05245767735571372,nan,nan
27,20,34315,backward,eps,km^2/s^2,1947,1947.0,0.0,-0.9276076785068206,0.03952570887187145,-0.9886697967820735,-0.865815372647926,0.12285442413414749,-1.032801628880673,-0.8475233156837552,0.1852783131969178,0.020338711659598527,0.0632968506909342,0.10554097565270526,nan,nan
27,21,34650,backward,eps,km^2/s^2,1433,1433.0,0.0,-0.8528716661160525,0.029046722115961324,-0.920997386033466,-0.8425903059843042,0.07840708004916186,-1.0139046512891579,-0.8295389212486624,0.1843657300404955,-3.70469714024449,0.06978273664330284,0.16269000189899474,nan,nan
27,22,48939,backward,eps,km^2/s^2,7080,7080.0,0.0,-0.8832394763180607,0.01815889386070305,-0.9127570506216746,-0.8551105540134827,0.05764649660819188,-0.9370038763116468,-0.8488704885536074,0.08813338775803947,-0.0812826440391888,0.03766242295001659,0.04437901176214987,nan,nan
27,23,151127,backward,eps,km^2/s^2,3679,3679.0,0.0,-0.2291688036746618,0.01968412863342578,-0.2516464585861596,-0.193707348977268,0.05793910960889159,-0.25253778735729787,-0.17120976104181895,0.08132802631547892,0.30671276151947224,0.04224388251219874,0.06474147044764778,nan,nan
27,24,67258,backward,eps,km^2/s^2,1758,1758.0,0.0,-0.9802464199695347,0.005602361684854511,-0.987189832724031,-0.9755298692263813,0.01165996349764975,-1.0328612569408748,-0.9748517141057387,0.05800954283513615,-4.566581533628377,0.007011790250655547,0.05268321446749935,nan,nan
27,25,117692,backward,eps,km^2/s^2,12097,12097.0,0.0,-0.17767869294133698,0.02067746942096541,-0.20945789104254195,-0.1451854181559027,0.06427247288663926,-0.21822507401780494,-0.05817614925192216,0.16004892476588278,0.37685137971225824,0.03731689450155451,0.12432616340553504,nan,nan
27,26,149482,backward,eps,km^2/s^2,7315,7315.0,0.0,-0.1681000354491924,0.03210648907913355,-0.20649201381561402,-0.11814693107943687,0.08834508273617715,-0.23186306394004969,-0.052686660463821866,0.17917640347622782,0.22944832150996136,0.053121104745726046,0.11842363790078636,nan,nan
27,0,144351,backward,e,-,45536,45536.0,0.0,0.6837148927275939,0.08734793739001397,0.5299264696057264,0.8048349235316693,0.2749084539259429,0.48791281010664467,0.8711263359947446,0.3832135258881,-0.17695275322004886,0.16927991389723207,0.21127520982498138,nan,nan
27,1,22427,backward,e,-,4532,4532.0,0.0,0.4484458240229644,0.02470093626693402,0.4116641060399946,0.4871079433123273,0.07544383727233273,0.38545799405380715,0.49900630014504865,0.1135483060912415,0.055175600802762535,0.04244304973038225,0.0602076150039797,nan,nan
27,2,30751,backward,e,-,1717,1717.0,0.0,0.21492214178145705,0.0410824587858724,0.17315134279008532,0.30015558922264174,0.12700424643255642,0.1687973804253869,0.3563919371117984,0.1875945566864115,0.5983437646731806,0.09258093019506135,0.148817278084218,nan,nan
27,3,221195,backward,e,-,4353,4353.0,0.0,0.47190431240551006,0.09895869356844345,0.3605725644819513,0.670827483111468,0.3102549186295167,0.3503572148329607,0.7234018269407189,0.3730446121077582,0.5158688413529459,0.19467295619923053,0.2472473000284814,nan,nan
27,4,50147,backward,e,-,6044,6044.0,0.0,0.44589353025742173,0.027132851161833723,0.3997158358435746,0.4829321394277265,0.08321630358415188,0.37344657533453224,0.48576183770508,0.11231526237054779,-0.1960374140610946,0.044406226894869234,0.0657528537059528,nan,nan
27,5,127305,backward,e,-,3326,3326.0,0.0,0.6658888748442253,0.12688224653948996,0.4760260016422993,0.8644127857386292,0.38838678409632993,0.4389678397678123,0.8712782904839208,0.4323104507161085,0.0889370803433939,0.2243601926161927,0.23122569736148424,nan,nan
27,6,22050,backward,e,-,1724,1724.0,0.0,0.2215568484288014,0.03216641541814454,0.189564323211453,0.2943144599879253,0.10475013677647232,0.1720293297014963,0.5653666074458314,0.39333727774433513,2.5019705310075353,0.07448683395662245,0.34553898141452855,nan,nan
27,7,8822,backward,e,-,3015,3015.0,0.0,0.4211384270432296,0.042176845408034264,0.3495957919117131,0.4823584357769856,0.13276264386527253,0.28042951753226425,0.49836524072798566,0.2179357231957214,-0.18054409664613408,0.07693254073602566,0.1460988151154745,nan,nan
27,8,80416,backward,e,-,7405,7405.0,0.0,0.43449702008316077,0.031113671393238482,0.3874532601900022,0.47523543759082176,0.08778217740081956,0.2487506130898798,0.5702043312171212,0.32145371812724144,-0.8904694500085863,0.05180013482396119,0.17604262928884443,nan,nan
27,9,175498,backward,e,-,2917,2917.0,0.0,0.37234644141596057,0.03389376719900692,0.35529885495818225,0.4481263872492558,0.09282753229107354,0.3462129695991155,0.5938893629455648,0.2476763933464493,2.426632974114488,0.07140833940128452,0.21717131509759352,nan,nan
27,10,14142,backward,e,-,8908,8908.0,0.0,0.3453652772802931,0.03435908185708179,0.29101891358496346,0.400929318619842,0.10991040503487853,0.21825620010217733,0.41126306227818665,0.19300686217600932,-0.027734422306568078,0.059788580787264366,0.13248931841748146,nan,nan
27,11,176287,backward,e,-,17400,17400.0,0.0,0.4179514973197693,0.0374151573700853,0.3804301050355786,0.5026873831919864,0.12225727815640774,0.3477742902692545,0.5330695074239917,0.18529521715473724,0.740296092888647,0.09476214604998381,0.12514427028198916,nan,nan
27,12,99245,backward,e,-,2846,2846.0,0.0,0.40027393313675097,0.06357207487763694,0.28366490349585094,0.4797509589418204,0.19608605544596946,0.2410331961242514,0.49925191529291235,0.25821871916866096,-0.32407460628308393,0.10479417899035882,0.14610001229940245,nan,nan
27,13,156237,backward,e,-,2360,2360.0,0.0,0.5576007083181986,0.07765266152158529,0.4942359300737422,0.7176769745102041,0.22344104443646184,0.4034140446723346,0.7240336018045388,0.3206195571322042,0.48343539755333187,0.145762665440024,0.16907471677885771,nan,nan
27,14,168732,backward,e,-,13781,13781.0,0.0,0.45419410644117314,0.02790524152320685,0.4189570763747006,0.5108681309450098,0.09191105457030924,0.36280055201138134,0.5696111303873903,0.20681057837600897,0.6552638375236604,0.06580718341385133,0.12382394287690951,nan,nan
27,15,76537,backward,e,-,4871,4871.0,0.0,0.5272972838001073,0.018047676916895097,0.4923772770850596,0.5488278516367326,0.05645057455167307,0.4851352642511614,0.570207652630325,0.08507238837916364,-0.3343137955162791,0.04802894229683702,0.05527095513073521,nan,nan
27,16,41854,backward,e,-,8530,8530.0,0.0,0.32139359269612566,0.0432074312272857,0.2556836185078915,0.3867394382047827,0.13105581969689117,0.17417739235369858,0.4180200044678657,0.2438426121141671,-0.08055260180330293,0.08931099316454871,0.1708172193187417,nan,nan
27,17,49752,backward,e,-,4179,4179.0,0.0,0.515461425189154,0.012426978242843048,0.49120222604431585,0.532251525355557,0.04104929931124113,0.4851779411170938,0.5695487870921859,0.08437084597509215,-0.27247513716896404,0.031527078006892265,0.046868096720866004,nan,nan
27,18,125038,backward,e,-,14729,14729.0,0.0,0.5907428280898241,0.058274172888322796,0.49250525709366727,0.6741642395308607,0.18165898243719342,0.47097834795344146,0.8712211020512518,0.40024275409781035,-0.08409205395016156,0.09825136474076565,0.28697998284344417,nan,nan
27,19,30062,backward,e,-,576,576.0,0.0,0.1955383267087703,0.03401752058476042,0.17018312917705425,0.2810843658029901,0.11090123662593587,0.16895865707661148,0.3296597904038128,0.16070113332720135,1.2530618276528744,0.08364604425898478,0.13222146885980748,nan,nan
27,20,34315,backward,e,-,1947,1947.0,0.0,0.40609342173398927,0.07235367038513166,0.28036607990436874,0.5064912268958618,0.22612514699149305,0.23328026667514062,0.5703028197356329,0.3370225530604923,-0.198680918577742,0.12558187513880073,0.17219026107363727,nan,nan
27,21,34650,backward,e,-,1433,1433.0,0.0,0.24798529682006062,0.05744783918510644,0.21940671088788985,0.39413042878758453,0.17472371789969468,0.1774377329353115,0.5437616093154545,0.36632387638014297,3.3971611349250317,0.15054916538981689,0.30018034591768683,nan,nan
27,22,48939,backward,e,-,7080,7080.0,0.0,0.31973108157375946,0.03926687200220997,0.25366551416556565,0.37895551437656116,0.1252900002109955,0.23696597880240347,0.42241802438394,0.18545204558153652,-0.06987386448529452,0.0857201233540273,0.10241965871718947,nan,nan
27,23,151127,backward,e,-,3679,3679.0,0.0,0.4165459928905202,0.0562010710628353,0.3497248798014073,0.5146504270779118,0.16492554727650444,0.34694080348613904,0.5760450859956427,0.2291042825095037,0.26142421503740215,0.11835121341605608,0.17974587233378703,nan,nan
27,24,67258,backward,e,-,1758,1758.0,0.0,0.49359133341151107,0.008416102899053472,0.4862386470823128,0.5042475676211788,0.018008920538866047,0.4852237254976675,0.57038823861696,0.08516451311929246,4.273440422711024,0.010773839236547721,0.07691451023232887,nan,nan
27,25,117692,backward,e,-,12097,12097.0,0.0,0.5577817945246845,0.054191119237196404,0.4721570346988227,0.6414986125676709,0.16934157786884824,0.4473310529173248,0.8579553378414655,0.4106242849241407,0.3122843956920435,0.09677747197418678,0.31309539500061234,nan,nan
27,26,149482,backward,e,-,7315,7315.0,0.0,0.5828951863380325,0.08287051100455292,0.48151939395839694,0.7096769171743955,0.22815752321599858,0.40831228196744646,0.8713416161528794,0.46302933418543296,0.19497854752598237,0.13516313350024328,0.2960964935017474,nan,nan
27,0,144351,backward,w,deg,45536,45536.0,0.0,-0.6756680737449301,4.182463745392517,-5.163040591654543,9.684718244300797,14.84775883595534,-8.976981506421538,13.77511584689509,22.75209735331663,1.2108069586159302,11.210517290670744,15.30091489326503,16.49328555385609,0.9973407866925695
27,1,22427,backward,w,deg,4532,4532.0,0.0,-0.7616733668446614,5.20860840631759,-4.743592373715562,16.850476128878054,21.594068502593615,-14.462800083330507,26.514301813970945,40.97710189730145,2.8015115076148525,18.937207581461276,28.601033266554168,187.02956414483396,0.9959006396469383
27,2,30751,backward,w,deg,1717,1717.0,0.0,7.33560236971357,16.627070083852526,-31.361691360110402,15.770135501072946,47.13182686118335,-32.54223759743405,16.12066167779105,48.6628992752251,-0.7399867650605925,40.51769734652896,41.698243583852616,199.74011101439118,0.9584926320238686
27,3,221195,backward,w,deg,4353,4353.0,0.0,-3.0828381760235004,7.816077205125451,-7.67792707271945,13.450531092533376,21.128458165252827,-8.024931139143177,14.351551787969669,22.376482927112846,0.6484400290795046,19.324942159381134,20.225962854817425,15.945088062137268,0.990722228090417
27,4,50147,backward,w,deg,6044,6044.0,0.0,-0.9301473286764264,4.680161225783767,-5.097863827189808,10.995884561808856,16.093748388998662,-25.127860314428403,17.223646210187695,42.3515065246161,1.3627694491007416,12.542133166768185,23.704849095438703,196.85668598308607,0.9966749537669969
27,5,127305,backward,w,deg,3326,3326.0,0.0,2.6721439578595465,5.9646933095945,-9.148457972765144,8.377073029713777,17.52553100247892,-9.423574386317767,14.148069476329255,23.571643862647022,-0.32373933086408085,12.100090133455737,12.37520654700839,16.94882664199308,0.9945912028236887
27,6,22050,backward,w,deg,1724,1724.0,0.0,1.147989247143542,7.713029684118072,-14.965442934679189,14.204163677879006,29.169606612558194,-31.978204110815454,16.553285778413823,48.53148988922928,-0.9682342574623302,17.379909643406407,34.39267081954267,199.4718207441999,0.9910166730763093
27,7,8822,backward,w,deg,3015,3015.0,0.0,-1.884459014368332,7.018925319327971,-3.7149914884505164,21.771218817116868,25.486210305567383,-4.178247313347555,34.41894833713212,38.59719565047968,3.2971750081039106,24.02422344628183,36.671952966297084,182.40491670320813,0.9926199113219952
27,8,80416,backward,w,deg,7405,7405.0,0.0,-0.22748628633647172,4.064561247643639,-4.797472052534095,6.538575769612623,11.336047822146718,-32.06354000861393,13.4689184915905,45.53245850020443,-0.9374724570062565,7.248430100903618,33.935595242502984,202.98437182341382,0.9974970587887122
27,9,175498,backward,w,deg,2917,2917.0,0.0,0.40541852120699673,6.007297947688271,-9.805037528025924,8.368227425332526,18.173264953358448,-11.595251237974509,9.105584047113439,20.700835285087948,-0.19518797418070263,15.744550929137732,17.53476463908629,19.777696249316993,0.9945124908450156
27,10,14142,backward,w,deg,8908,8908.0,0.0,0.06813447325505706,3.7781534839306725,-5.71855135726998,5.435836582065927,11.154387939335908,-20.88679627657251,28.642569621209248,49.52936589778176,0.7613129591119326,6.024745719709932,29.035911093034883,188.17302358138846,0.9978331766496829
27,11,176287,backward,w,deg,17400,17400.0,0.0,-0.5314212398361775,5.491682610566179,-7.734770025984368,8.593849002554219,16.328619028538586,-9.821668008114727,12.367075379988393,22.18874338810312,0.20211395445369937,13.373391369596552,15.460289351726942,18.412909594848585,0.9954129116884627
27,12,99245,backward,w,deg,2846,2846.0,0.0,2.8426444334439367,10.000813816331194,-15.017270108144004,12.54484187387856,27.562111982022564,-37.24560311000954,13.014216085052311,50.25981919506185,-0.3249873015032884,24.715728229043094,46.94406123090863,204.3450092817849,0.9848329266858549
27,13,156237,backward,w,deg,2360,2360.0,0.0,0.02933807984162229,2.930634419805814,-4.865542132767446,5.936052002407813,10.80159413517526,-6.911748834141349,11.733409588077194,18.645158422218543,1.2875744360125736,7.02650038366709,10.969881400811602,18.686857620430953,0.9986940088272975
27,14,168732,backward,w,deg,13781,13781.0,0.0,0.4571024722953041,3.8340248306204843,-6.936841566519945,4.585810828202,11.522652394721945,-13.012981819734534,9.809783736612502,22.822765556347036,-0.5023497038127854,9.260849043139814,15.336989296354403,21.29357505513542,0.9977635716290072
27,15,76537,backward,w,deg,4871,4871.0,0.0,-0.5215617416284317,6.79871991921593,-9.549055247362574,11.733442677962941,21.282497925325515,-11.286511717243059,14.264510302504391,25.55102201974745,0.25757233832884346,11.361944927036774,13.268887699358146,190.65981173148785,0.992975903184437
27,16,41854,backward,w,deg,8530,8530.0,0.0,-1.6516995980183253,6.5382554217605255,-6.706685298898168,12.589246316792234,19.295931615690403,-34.95925270486845,14.902058756535638,49.861311461404085,-0.4375973877959404,13.886167649551222,33.87631364536753,202.09097557905966,0.9935419193130915
27,17,49752,backward,w,deg,4179,4179.0,0.0,-0.9794544741140498,4.981759679321045,-6.677644161587713,9.808776737863692,16.486420899451403,-15.971752001869561,13.502488490002264,29.474240491871825,0.6141350203645886,12.720470450936972,16.413606402534754,190.7539640629008,0.9962263238967065
27,18,125038,backward,w,deg,14729,14729.0,0.0,-0.042837257365846426,1.624603308282809,-2.178953851675891,2.1392518235072258,4.318205675183117,-15.272781352940086,7.842826711301626,23.115608064241712,-1.3010939662350944,2.729270878665156,15.533766241941834,22.822452310397445,0.9995985730724424
27,19,30062,backward,w,deg,576,576.0,0.0,3.111925054612499,14.980517169767207,-27.528112877455285,17.726215244533115,45.2543281219884,-31.054188514922714,19.096497150632587,50.1506856655553,-0.5372850161186755,38.83180431535855,42.35787995282598,198.13319795506786,0.9662126073039866
27,20,34315,backward,w,deg,1947,1947.0,0.0,-1.5488862210913794,7.819678000209715,-5.404826386546148,19.542902824713792,24.94772921125994,-28.343720910416835,22.053524883442464,50.3972457938593,0.8047539061387418,23.849695843668272,25.36397252653552,195.40129310159372,0.9907784984241091
27,21,34650,backward,w,deg,1433,1433.0,0.0,0.6152415049492674,5.288467384955908,-11.66569040168551,8.9660100114541,20.631700413139612,-36.082860511281325,10.131989988343264,46.21485049962459,-1.0567449999115017,12.66425159385119,37.081421703447006,206.65411025053066,0.9957588678040146
27,22,48939,backward,w,deg,7080,7080.0,0.0,0.6689175607443048,5.2569377098925765,-7.262030084325794,5.037116112317886,12.29914619664368,-37.08412336572718,13.35931495667856,50.44343832240574,-3.7804630296551247,8.261016350815629,37.62265398192221,204.32089637694997,0.9958677014061036
27,23,151127,backward,w,deg,3679,3679.0,0.0,3.504066965661849,6.498246605490036,-14.31719745024319,5.210931178186115,19.528128628429307,-17.436960753821126,5.397287643317583,22.83424839713871,-1.1857425451345533,18.02528121321737,21.14504451679531,25.555403562353366,0.9935899668160293
27,24,67258,backward,w,deg,1758,1758.0,0.0,-0.0008643081054060531,3.1088783714214347,-4.1995360383174765,4.588113555510986,8.787649593828462,-21.97971041396741,6.696645798500214,28.676356212467624,-1.374953940345194,6.155313352278489,20.65563033172856,196.08580227762064,0.9985317722253572
27,25,117692,backward,w,deg,12097,12097.0,0.0,1.6755701805337821,4.936402732218613,-14.504069379126161,4.636158749702312,19.140228128828472,-16.8418347006899,6.681995253193747,23.52382995388365,-2.0506850766552294,16.307592641623256,18.645357963186996,24.404361384476534,0.996303507903355
27,26,149482,backward,w,deg,7315,7315.0,0.0,0.015120577965319626,3.658361854105444,-6.420656456179832,7.768403642088233,14.189060098268065,-12.11485188700982,10.972014709915129,23.08686659692495,0.09460031908337452,9.102319720952423,12.76199630006164,19.6175599542633,0.9979656517456247
27,0,144351,forward,eps,km^2/s^2,45536,45535.0,1.0,-0.1302240579373629,0.03646721055345067,-0.19225041692338993,-0.08013890505056441,0.11211151187282552,-0.841795732306269,-0.06741220713151774,0.7743835251747513,-0.7953325724167211,0.07557249930984297,0.7251178146927221,nan,nan
27,1,22427,forward,eps,km^2/s^2,4532,4532.0,0.0,-0.9734913893915229,0.0332241243449776,-1.004738683494786,-0.9119566514577205,0.09278203203706548,-1.0084355116174786,-0.8308364272895858,0.17759908432789273,0.7354474167470169,0.04821705179268698,0.12906165010042892,nan,nan
27,2,30751,forward,eps,km^2/s^2,1717,1717.0,0.0,-0.2373970656257564,0.02996164457807999,-0.24981146676414437,-0.1545148041377748,0.09529666262636957,-0.2527828516333516,-0.07789858299212749,0.17488426864122414,2.1373582756434244,0.07250037975184052,0.14911660089748785,nan,nan
27,3,221195,forward,eps,km^2/s^2,4353,4352.0,1.0,-0.8590743066137823,0.0335560305210555,-0.9660444916536671,-0.8342013468844763,0.1318431447691908,-1.0304345772281724,-0.8278679467382324,0.20256663048994006,-2.203460965960598,0.10646744536801107,0.17085753094251643,nan,nan
27,4,50147,forward,eps,km^2/s^2,6044,6044.0,0.0,-0.16771673094937103,0.06058042561602455,-0.20043527413171752,-0.13402099668299614,0.06641427744872139,-0.8540137839118356,-0.06641807564057967,0.7875957082712559,-9.466059650083695,0.038292543958173594,0.6885065016874378,nan,nan
27,5,127305,forward,eps,km^2/s^2,3326,3326.0,0.0,-0.8817279816168556,0.05125149198622566,-0.9836914584117947,-0.8357540934734399,0.14793736493835485,-1.0326474300605972,-0.11376874780057283,0.9188786822600243,1.1646693349940958,0.08906909176271088,0.8097021043743742,nan,nan
27,6,22050,forward,eps,km^2/s^2,1724,1723.0,1.0,-0.8432226911078131,0.11599053013481274,-0.8962368144921083,-0.8327216970507665,0.06351511744134186,-1.0274382125404289,-0.05276686662596186,0.974671345914467,5.726352615753285,0.08457620762467982,0.7876192783852835,nan,nan
27,7,8822,forward,eps,km^2/s^2,3015,3015.0,0.0,-0.8967459488184892,0.024311196850158756,-0.9531911268085753,-0.8769356702276206,0.07625545658095467,-0.994525671553609,-0.8320477917622136,0.1624778797913955,-1.9614196933818087,0.060221842656893364,0.10155178276162147,nan,nan
27,8,80416,forward,eps,km^2/s^2,7405,7405.0,0.0,-0.21480923089195292,0.012902255852733899,-0.22835177905365028,-0.19593375719470935,0.03241802185894094,-0.8822466556587749,-0.17401168434581843,0.7082349713129565,-18.701273892817383,0.02039550304676107,0.6680393456165313,nan,nan
27,9,175498,forward,eps,km^2/s^2,2917,2916.0,1.0,-0.842966951883562,0.02477929431447633,-0.8761799370837982,-0.8286518100822818,0.04752812700151632,-1.0315678916030597,-0.8280981773283629,0.20346971427469684,-3.8611749011680745,0.04664905434263389,0.20203700886189546,nan,nan
27,10,14142,forward,eps,km^2/s^2,8908,8908.0,0.0,-0.9777496008207041,0.034411577478507344,-1.0156487504066671,-0.9160624830350453,0.0995862673716218,-1.0314016645503226,-0.8303055485322965,0.20109611601802602,0.5756879123610198,0.052818327941892736,0.1385634152099957,nan,nan
27,11,176287,forward,eps,km^2/s^2,17400,17400.0,0.0,-0.8865133170222853,0.023420724012315906,-0.9301450618774406,-0.8582062424545698,0.07193881942287084,-1.0287733105909567,-0.13712850658317932,0.8916448040077773,1.1128351053701517,0.04242202167408224,0.7512608367951927,nan,nan
27,12,99245,forward,eps,km^2/s^2,2846,2846.0,0.0,-0.9229822153507359,0.03964635317558322,-0.9895598742163602,-0.8623632768988534,0.12719659731750677,-0.9939867236403566,-0.8285734071895701,0.1654133164507865,-0.04002883845272886,0.06875921561318432,0.09426342634332396,nan,nan
27,13,156237,forward,eps,km^2/s^2,2360,2360.0,0.0,-0.23448679329542077,0.021561077630205178,-0.2517094789597693,-0.1860530887664116,0.0656563901933577,-0.2525029720023428,-0.16596547588053123,0.08653749612181155,0.8015646430409987,0.04836043572063783,0.06844804860651821,nan,nan
27,14,168732,forward,eps,km^2/s^2,13781,13781.0,0.0,-0.9369230180141144,0.022360591726531386,-0.9646054744272994,-0.9058248215968483,0.058780652830451086,-1.0328225762440004,-0.8302300174080461,0.20259255883595428,0.594490788010133,0.03747865746727941,0.102716404328838,nan,nan
27,15,76537,forward,eps,km^2/s^2,4871,4871.0,0.0,-0.8942827295529847,0.025826928142520984,-0.9472633642245796,-0.8676472493922358,0.07961611483234377,-1.032100959715513,-0.8302712827942225,0.2018296769212906,-0.967161281400569,0.04894281001882139,0.12998847538401304,nan,nan
27,16,41854,forward,eps,km^2/s^2,8530,8530.0,0.0,-0.18332261207562775,0.07145302327769769,-0.21312072793197348,-0.13897416201711207,0.0741465659148614,-0.9877261111691635,-0.052813300245758366,0.9349128109234052,-7.947478722022471,0.05648903512579376,0.8001918862073976,nan,nan
27,17,49752,forward,eps,km^2/s^2,4179,4179.0,0.0,-0.9646682256147128,0.032075364004752645,-0.997518131250814,-0.9104223461913625,0.08709578505945148,-1.0296268339021548,-0.8276125597326043,0.20201427416955053,1.0340580370252,0.04661419188839419,0.12924603510231303,nan,nan
27,18,125038,forward,eps,km^2/s^2,14729,14729.0,0.0,-0.9594744327800271,0.023066507239457794,-0.982614936953597,-0.9175841113840908,0.06503082556950623,-0.989611434359214,-0.827719976907938,0.16189145745127598,1.4162351790441503,0.03525073346680481,0.12259461838714114,nan,nan
27,19,30062,forward,eps,km^2/s^2,576,576.0,0.0,-0.9254379440551541,0.07719273171754572,-0.9917089884025978,-0.8494675483190333,0.14224144008356454,-0.9933002973532914,-0.1385058545790438,0.8547944427742475,6.16010722141493,0.07453037993848366,0.7791220250349411,nan,nan
27,20,34315,forward,eps,km^2/s^2,1947,1946.0,1.0,-0.9225810468125504,0.04225703766707073,-0.9818585641092384,-0.8413288807352414,0.14052968337399707,-1.0327283412741601,-0.8273640652606364,0.2053642760135237,0.26357467221930553,0.08985570132754911,0.1057005811296925,nan,nan
27,21,34650,forward,eps,km^2/s^2,1433,1433.0,0.0,-0.10803722490918344,0.14297597201024206,-0.20103501948094485,-0.0550031375673798,0.14603188191356503,-0.9430517575830868,-0.05304384530966044,0.8900079122734263,-4.619807187892746,0.12652351339085777,0.868540251493,nan,nan
27,22,48939,forward,eps,km^2/s^2,7080,7080.0,0.0,-0.23099693241610192,0.009425541656043953,-0.24233203557593397,-0.21256523203859407,0.029766803537339903,-0.25249327819096623,-0.1750066736570966,0.07748660453386963,0.7894815492609655,0.020122913624068862,0.05768147200556634,nan,nan
27,23,151127,forward,eps,km^2/s^2,3679,3679.0,0.0,-0.16924109575487123,0.03345982159272889,-0.20492425364268707,-0.1139757869984517,0.09094846664423537,-0.2515543664836237,-0.05474438652019287,0.19680997996343086,0.04913123015271723,0.0476183488486441,0.1029810602384646,nan,nan
27,24,67258,forward,eps,km^2/s^2,1758,1758.0,0.0,-0.15226909893958587,0.08208933093175999,-0.21126722129302986,-0.1286518773366696,0.08261534395636025,-0.8983375976782122,-0.058849219021311905,0.8394883786569003,-7.367273756772581,0.06616683554207273,0.7524035276762527,nan,nan
27,25,117692,forward,eps,km^2/s^2,12097,12097.0,0.0,-0.8905188593336275,0.02645019274743568,-0.9455010076478524,-0.8590781553505842,0.0864228522972682,-1.0317073589652344,-0.8277135739962949,0.2039937849689395,-0.6676762419162828,0.05897117289075657,0.14517752420813856,nan,nan
27,26,149482,forward,eps,km^2/s^2,7315,7312.0,3.0,-0.17045184245063877,0.08292686477210208,-0.2076032389342398,-0.11890246957798992,0.08870076935624988,-0.8815431542326329,-0.05270234629178039,0.8288408079408525,-6.7986353349280675,0.04730759559261363,0.7173051268686153,nan,nan
27,0,144351,forward,e,-,45536,45535.0,1.0,0.6796358861554429,0.09089073542143053,0.5199783474526021,0.8039579300045169,0.2839795825519148,0.2073914284595431,0.835234226010017,0.6278427975504739,-0.21427911789534226,0.1935986023104584,0.5061855213035175,nan,nan
27,1,22427,forward,e,-,4532,4532.0,0.0,0.48302062063796336,0.05621399162816792,0.37716435255131797,0.530436238753817,0.15327188620249899,0.18121652040416797,0.5358328063070537,0.3546162859028857,-1.03745976709104,0.08398927559869371,0.27993710774584374,nan,nan
27,2,30751,forward,e,-,1717,1717.0,0.0,0.39352281043558385,0.08198099001403324,0.35569766145985365,0.6186831398980871,0.26298547843823344,0.3461726392920899,0.8096607620596151,0.4634881227675252,1.9858269131768505,0.1936844836364407,0.3846621057979688,nan,nan
27,3,221195,forward,e,-,4353,4352.0,1.0,0.26389127803818546,0.06884854010111238,0.19274990079582888,0.47115763789238413,0.27840773709655525,0.17105284302764806,0.5670128555665018,0.39596001253885377,1.714977402888594,0.20603886832908686,0.30189408600320455,nan,nan
27,4,50147,forward,e,-,6044,6044.0,0.0,0.5838226228805404,0.0653358891538399,0.4973362331049147,0.669752995950652,0.17241676284573726,0.17024326553491917,0.8377984961315766,0.6675552305966574,-1.3046328009239438,0.09846993554050765,0.41923277267504844,nan,nan
27,5,127305,forward,e,-,3326,3326.0,0.0,0.3163655106312402,0.09823751827182801,0.1997355618762371,0.49893111158396575,0.29919554970772866,0.1705844038257078,0.7205663889073746,0.5499819850816667,0.33508547270607475,0.19961029007777095,0.32192414569454775,nan,nan
27,6,22050,forward,e,-,1724,1723.0,1.0,0.22315293089756705,0.09308618187856135,0.18939787347337347,0.4013476424032107,0.21194976892983722,0.170843109816489,0.8711452962979094,0.7003021864814204,4.167641540762486,0.18859833760776604,0.6583959915024648,nan,nan
27,7,8822,forward,e,-,3015,3015.0,0.0,0.34744103739625976,0.045620945102945475,0.30559808178896103,0.4503347156640246,0.14473663387506358,0.18628073310755738,0.5153228251799941,0.3290420920724367,1.3157229864468087,0.12860951230070158,0.17553107476220609,nan,nan
27,8,80416,forward,e,-,7405,7405.0,0.0,0.4584113187278132,0.02884850815476174,0.4199336764023422,0.5104145208927336,0.09048084449039145,0.31772324094050586,0.5675852738371057,0.2498620328965998,-0.0625979158958848,0.055327704638682626,0.14295644529596435,nan,nan
27,9,175498,forward,e,-,2917,2916.0,1.0,0.2206462416803854,0.05647620472989914,0.17387336967153222,0.3043982041323007,0.13052483446076846,0.17189723978097268,0.5685885703492667,0.396691330568294,2.3425211056325193,0.1270994578006429,0.3912898240176089,nan,nan
27,10,14142,forward,e,-,8908,8908.0,0.0,0.48962988677277763,0.05673436375871264,0.3848271917582846,0.5462114085070205,0.16138421674873593,0.1793797446110454,0.5683851512160862,0.38900540660504085,-0.8594283144463345,0.09077994281886322,0.29620964168411296,nan,nan
27,11,176287,forward,e,-,17400,17400.0,0.0,0.32670089486610054,0.04646873637221017,0.2616249518180889,0.41077785355431184,0.14915290173622292,0.1705702237646053,0.6620800671306087,0.49150984336600345,0.5260592443757663,0.08305228404511764,0.33147240140289175,nan,nan
27,12,99245,forward,e,-,2846,2846.0,0.0,0.3978019443434645,0.073834979389532,0.2722186408636869,0.5078290416667476,0.23561040080306067,0.1739209576265037,0.5145196842135321,0.3405987265870284,-0.22435220071218379,0.12524319656057648,0.2235408797977597,nan,nan
27,13,156237,forward,e,-,2360,2360.0,0.0,0.40077569064488805,0.06107442121599359,0.3495961979596639,0.5351603513189545,0.18556415335929055,0.3470213036894984,0.5895785775390109,0.24255727384951248,0.7382795859792652,0.13435731930440445,0.18877554552446085,nan,nan
27,14,168732,forward,e,-,13781,13781.0,0.0,0.4226517290001086,0.04095537514828271,0.3656537536291974,0.46893530356058455,0.10328154993138716,0.17989934961581472,0.5703371426776247,0.39043779306181,-1.2282452925171279,0.06309456139374459,0.2307565851672334,nan,nan
27,15,76537,forward,e,-,4871,4871.0,0.0,0.3425731801906489,0.05032188977420887,0.284432729586662,0.4403277397559471,0.1558950101692851,0.18007335031348148,0.5693491207314456,0.38927577041796413,0.598467563959513,0.09254224321789825,0.2110884426335864,nan,nan
27,16,41854,forward,e,-,8530,8530.0,0.0,0.5432418875357901,0.07243356770183514,0.4621067492890941,0.6581894890272647,0.19608273973817059,0.17400523907912827,0.8710333686233579,0.6970281295442297,-0.14506283619466165,0.1459368270721855,0.35755842713871466,nan,nan
27,17,49752,forward,e,-,4179,4179.0,0.0,0.46896141541938186,0.056565654637646984,0.37429834037661014,0.5197910228789286,0.1454926825023185,0.17019078829443438,0.5659313004805991,0.3957405121861648,-1.5224610130601777,0.08224137402088429,0.2860091531611698,nan,nan
27,18,125038,forward,e,-,14729,14729.0,0.0,0.4605790238566051,0.041128044283002964,0.38788797572224554,0.4972451307516064,0.10935715502936089,0.17054475624136034,0.5079289128749084,0.33738415663354804,-2.062126706854641,0.058480154043258174,0.2748802498626577,nan,nan
27,19,30062,forward,e,-,576,576.0,0.0,0.4055756621187291,0.08726981901036585,0.23930404889762874,0.5112461555290734,0.27194210663144464,0.18798105547145658,0.6586051593637458,0.47062410389228915,-0.28086293076590996,0.14878524578163085,0.2707048590157647,nan,nan
27,20,34315,forward,e,-,1947,1946.0,1.0,0.3968593712273645,0.08344943972696507,0.21563098922309132,0.4961121020421402,0.28048111281904886,0.16922882581967422,0.5702003834770726,0.40097155765739834,-0.6711191038037078,0.18942172412772612,0.23582388753114322,nan,nan
27,21,34650,forward,e,-,1433,1433.0,0.0,0.7352194685241379,0.12627484025907937,0.4964289770245523,0.8656806892345599,0.3692517122100076,0.17333596824877287,0.8704757403732265,0.6971397721244537,-1.49434077524012,0.32153047925942163,0.6446234880352019,nan,nan
27,22,48939,forward,e,-,7080,7080.0,0.0,0.4121923949658868,0.027302029963159623,0.3786156587012154,0.46544752173149934,0.08683186303028395,0.3468571376175296,0.5661881111391748,0.21933097352164516,0.7082238795268336,0.058771486706380244,0.1593544292390343,nan,nan
27,23,151127,forward,e,-,3679,3679.0,0.0,0.5796774058781566,0.08678306292411721,0.4847180241740022,0.7200871969480155,0.23536917277401326,0.349972278472357,0.86633780657164,0.5163655280992829,-0.019310724958357894,0.12566727506611647,0.2598687815714207,nan,nan
27,24,67258,forward,e,-,1758,1758.0,0.0,0.6236138657391304,0.08032141723194332,0.46826894021710164,0.6832417418487479,0.21497280163164623,0.16999816670989903,0.8563122445220511,0.6863140778121521,-1.9568729431196157,0.17376635199861468,0.4697126489974192,nan,nan
27,25,117692,forward,e,-,12097,12097.0,0.0,0.334985060652124,0.053351130886280136,0.2636868817135343,0.4374378758782372,0.17375099416470285,0.17053525493279453,0.5687824394814771,0.3982471845486826,0.35230943376035456,0.11403009901044384,0.24214315892351845,nan,nan
27,26,149482,forward,e,-,7315,7312.0,3.0,0.5769555142764524,0.09171488906558858,0.47846799911812105,0.7077381668288507,0.22927016771072967,0.24291428584937888,0.8713080396266609,0.628393753777282,-0.34125089126528113,0.11988695534422551,0.3501196185012555,nan,nan
27,0,144351,forward,w,deg,45536,45535.0,1.0,-3.426551148023634,20.564186593229582,-21.362213067831185,35.155927156000985,56.51814022383217,-177.6935091190907,178.81398189281418,356.5074910119049,0.02416272479523986,57.093813472186504,179.98218344776274,177.83776698684903,0.9431814524529226
27,1,22427,forward,w,deg,4532,4532.0,0.0,-2.6611583825850005,24.379976483577902,-12.821599146927161,37.59521095382196,50.416810100749125,-178.565077167143,179.98989706634643,358.5549742334894,3.5085366380789678,45.117057909991075,179.33838053924146,305.64558098663014,0.9377937294541523
27,2,30751,forward,w,deg,1717,1717.0,0.0,-6.400664317229257,32.39360966564119,-35.02826787022362,62.62502404626864,97.65329191649226,-176.08883236404694,177.34190064914947,353.4307330131964,0.9757577733967686,58.9440261327533,179.84026250837866,225.90023891848222,0.858440691353336
27,3,221195,forward,w,deg,4353,4352.0,1.0,-8.843385952652213,32.66080238087291,-27.54458247317238,78.08688737541479,105.63146984858717,-178.486607083855,179.77014717804775,358.25675426190276,1.4518010743054943,103.23412908003374,179.71699887028797,67.11210697514355,0.8609979770847108
27,4,50147,forward,w,deg,6044,6044.0,0.0,-7.820639452920815,40.45399385394383,-21.026514771396947,112.31029314692296,133.3368079183199,-177.8657362150819,179.89959324317977,357.7653294582617,1.6882213283821248,131.19659763886094,179.91946515256922,188.83998990364015,0.8293917684563523
27,5,127305,forward,w,deg,3326,3326.0,0.0,5.003840421337088,36.31557409764183,-54.01205925514225,56.60336350465073,110.61542275979298,-169.30584006731743,179.19893103370987,348.5047711010273,0.07234608093442163,64.31912996772549,175.125622034873,117.94622438553968,0.8257173285555494
27,6,22050,forward,w,deg,1724,1723.0,1.0,-3.2942576391283467,30.481097633962523,-29.43305204749871,69.24057182258937,98.67362387008808,-177.98008079475244,177.3299635130677,355.31004430782014,1.3422165159463932,84.63505600539798,174.0392391379837,167.2743146610541,0.8921339944575104
27,7,8822,forward,w,deg,3015,3015.0,0.0,-3.5844098293928255,23.525536562959587,-6.829928302983978,47.7519432095756,54.58187151255958,-174.99621191846663,175.6369559113732,350.63316782983986,0.29349505816159144,58.005512368953205,178.41084721402336,299.014944483871,0.942032967655668
27,8,80416,forward,w,deg,7405,7405.0,0.0,-2.338360461662944,24.030940029439016,-30.356066921062695,41.30600321543977,71.66207013650246,-171.0777348613783,167.32259177134142,338.4003266327197,0.8213365317217272,44.372811030011505,178.61692619485007,202.26543531603346,0.919075689039104
27,9,175498,forward,w,deg,2917,2916.0,1.0,-4.594768885000619,26.262064211774348,-19.716709998690156,38.849687920120495,58.56639791881065,-178.06980668068866,176.1829037336695,354.25271041435815,-0.22923164589248463,43.65683402487683,178.0482139208642,23.47956645359762,0.9227324460565405
27,10,14142,forward,w,deg,8908,8908.0,0.0,-1.0238236305484065,18.073475474995767,-9.417691447635884,11.97564740347612,21.393338851112006,-171.5947425999196,171.21823461380677,342.8129772137264,3.0028351290971877,17.096857256790077,175.89239178153906,303.61149841436225,0.9669735652284521
27,11,176287,forward,w,deg,17400,17400.0,0.0,-2.223250275545695,20.962292051558176,-19.518257702083766,34.67730968247674,54.195567384560505,-179.32258796052582,177.89278043406557,357.2153683945914,1.5384455052834813,53.56585492041851,179.5701104191619,17.522525535766157,0.9447886787399824
27,12,99245,forward,w,deg,2846,2846.0,0.0,-6.282900087653616,44.29668714942249,-24.89013674830447,78.7248958269363,103.61503257524078,-179.81993838524087,178.42748207520702,358.24742046044787,1.613669673441253,87.60849663406646,179.86903990563547,344.01631881437044,0.8154760615253279
27,13,156237,forward,w,deg,2360,2360.0,0.0,-6.40448619009743,40.25102704436109,-38.8023968312957,82.2009500536676,121.00334688496329,-43.39022917322288,168.0795966293622,211.46982580258506,1.3997323182590597,105.06295203338236,178.62391159144016,245.04441849190852,0.799326860807242
27,14,168732,forward,w,deg,13781,13781.0,0.0,-5.101483891397436,26.470267952428138,-17.413236583585217,32.091265842941084,49.5045024265263,-179.37107451714598,178.10574917489237,357.47682369203835,2.1789780305736643,45.77806144734012,179.33369072530132,10.176947757120095,0.9206948548877436
27,15,76537,forward,w,deg,4871,4871.0,0.0,-3.4110153405323445,22.613484330799928,-16.7310872298076,33.6135149808068,50.3446022106144,-178.70911342016606,176.33491104758752,355.0440244677536,1.461160296062849,40.1416988695608,178.94600268022,311.3130035793205,0.9404991670350266
27,16,41854,forward,w,deg,8530,8530.0,0.0,-14.834514600722827,44.62080145749328,-37.11765529901799,94.6513378838916,131.76899318290958,-174.331120755978,178.16582584004425,352.4969465960222,0.9081494653600143,129.93368165644887,179.9548927947843,205.19895714972833,0.7539185380465206
27,17,49752,forward,w,deg,4179,4179.0,0.0,-2.1157336706098704,28.72092031519566,-20.19868920911038,27.34499181323558,47.543681022345964,-179.26942225764392,159.43696802210223,338.7063902797462,2.609464860810567,90.40210839552999,170.0496451237568,317.1679898172931,0.9072321294673253
27,18,125038,forward,w,deg,14729,14729.0,0.0,-2.921668583948559,21.812648645372796,-18.20356599570605,33.38183915398175,51.5854051496878,-169.99998063665657,179.55298658370555,349.5529672203621,2.566834894593584,46.68237236758148,179.8517796917822,12.742705831739348,0.9436142922467422
27,19,30062,forward,w,deg,576,576.0,0.0,-5.835932865923155,45.33284050187034,-31.0347691410284,125.85057442161025,156.88534356263864,-56.61360374183744,179.65402760098567,236.2676313428231,1.8540764196072699,149.39173695995635,177.1265897271444,33.021607966458774,0.7743336130268217
27,20,34315,forward,w,deg,1947,1946.0,1.0,-2.6708909001765733,33.95882470660226,-53.72252115844951,45.63695770686052,99.35947886531002,-178.57199412092052,160.2034143907232,338.7754085116437,-1.197867226737389,63.59921386983045,169.78686006115913,48.9250655378817,0.8709271817006454
27,21,34650,forward,w,deg,1433,1433.0,0.0,-5.178600479017973,47.41166427908114,-29.46773947982806,101.03086179426539,130.49860127409346,-178.90632396075645,177.28452135464642,356.19084531540284,0.2326400978826062,135.49848347628784,179.27387375843162,276.72598311866074,0.7766087669781738
27,22,48939,forward,w,deg,7080,7080.0,0.0,-2.130964789280071,21.881688124942958,-26.727246700964532,35.19534317441578,61.92258987538031,-177.57180485454924,177.8412906744283,355.4130955289776,0.7564117565587267,55.75022662507261,173.67852867559293,201.62397326957822,0.9342868571361126
27,23,151127,forward,w,deg,3679,3679.0,0.0,-4.511676180613364,53.03671771438021,-37.906840565868826,138.4944492741167,176.40128983998554,-179.47613690719442,178.02677926903402,357.50291617622844,0.9316200500194007,158.73199523089838,179.99817120578354,251.80182589092038,0.719626009105768
27,24,67258,forward,w,deg,1758,1758.0,0.0,-7.661694589173436,46.63438310322291,-22.978590537051392,124.70348294532246,147.68207348237385,-176.3980541002705,174.011869619395,350.40992371966547,1.2551412816942675,143.57904146662747,179.66308324650743,209.56911396724783,0.77672546463202
27,25,117692,forward,w,deg,12097,12097.0,0.0,-4.237928911363326,29.055474078572455,-24.63073345845951,37.70316574944435,62.33389920790386,-177.13724698666596,170.88988567360406,348.02713266027,-1.6865835211523361,63.25560370721067,179.37455704953163,18.87569922433309,0.9024308999518967
27,26,149482,forward,w,deg,7315,7312.0,3.0,-5.233772424913582,36.437685667108966,-28.401483671278733,90.07921249481296,118.48069616609169,-172.99092501780325,179.24131117701376,352.232236194817,1.4822760480213115,120.06088208277995,179.59709593139027,299.2215285336533,0.8455449955594357
29,0,144351,backward,eps,km^2/s^2,45536,45536.0,0.0,-0.12859362589384274,0.03458156086153424,-0.18849311425453014,-0.07977567994011628,0.10871743431441386,-0.20357172688800335,-0.0527776663821834,0.15079406050581995,-0.1478666088109703,0.06604969282725186,0.08112696681584697,nan,nan
29,1,22427,backward,eps,km^2/s^2,4532,4532.0,0.0,-0.9521815600315129,0.014855045119523099,-0.9761309411410694,-0.9307746427091795,0.04535629843188982,-0.983797693081812,-0.9161824582914693,0.0676152347903427,-0.10923477310893555,0.02600584751950865,0.03433787889227391,nan,nan
29,2,33938,backward,eps,km^2/s^2,1408,1408.0,0.0,-0.8437715620109074,0.014983572072117254,-0.8747001368832358,-0.8286501479527462,0.046049988930489616,-0.9065522154063945,-0.8280585204799367,0.07849369492645786,-0.6886805199619478,0.03474881623698206,0.06660089476014086,nan,nan
29,3,221195,backward,eps,km^2/s^2,4353,4353.0,0.0,-0.21002806349797465,0.03646152331191938,-0.24818205633862256,-0.13393950485674078,0.11424255148188178,-0.25148739185646374,-0.11286878808427214,0.1386186037721916,0.6003262304588066,0.0748294236601561,0.09590014043262474,nan,nan
29,4,50147,backward,eps,km^2/s^2,5997,5997.0,0.0,-0.9506706590423843,0.01659144785913499,-0.9734340450764636,-0.9238373653191153,0.04959667975734827,-0.9752418560483527,-0.8589555074931432,0.11628634855520947,0.4268171293960448,0.027115976704154755,0.08765760956718815,nan,nan
29,5,127305,backward,eps,km^2/s^2,3326,3326.0,0.0,-0.13555945624624638,0.05008051970025946,-0.20847848191585266,-0.05552793029753528,0.1529505516183174,-0.22118175880267327,-0.05271329248426082,0.16846846631841245,0.12654846828218577,0.09030403984125662,0.09311867765453108,nan,nan
29,6,35771,backward,eps,km^2/s^2,662,662.0,0.0,-0.83993722900981,0.009743945778627071,-0.8559184538796806,-0.8280941884638887,0.02782426541579186,-0.8971883356838313,-0.8272587452353299,0.06992959044850133,-1.1635662165399236,0.015816876636537927,0.05708675844068867,nan,nan
29,7,8822,backward,eps,km^2/s^2,3017,3017.0,0.0,-0.9361907549849078,0.023917193762029235,-0.9731206268768826,-0.8978452789469539,0.07527534792992874,-0.9834075739932913,-0.8659559972331552,0.11745157676013607,0.06629502508602295,0.041815455820167144,0.07334464934423135,nan,nan
29,8,80416,backward,eps,km^2/s^2,7393,7393.0,0.0,-0.9438352332680826,0.017428552524678592,-0.9685535847845415,-0.9174423550057085,0.05111122977883298,-1.0327250405173798,-0.8560864505955532,0.17663858992182657,0.3510751094173832,0.030931083594137734,0.09458091906831978,nan,nan
29,9,175498,backward,eps,km^2/s^2,2916,2916.0,0.0,-0.2443641231288322,0.011642520197098362,-0.2499162319493824,-0.21888619635573942,0.03103003559364298,-0.25275903114329945,-0.16428412650311375,0.0884749046401857,2.6046734554370135,0.023786585660938997,0.07838865551356466,nan,nan
29,10,14142,backward,eps,km^2/s^2,8905,8905.0,0.0,-0.895715062501369,0.01695303593439709,-0.9247846183192644,-0.8705371481281295,0.05424747019113485,-0.9305382109554943,-0.8425674902909528,0.08797072066454148,-0.09598737632569806,0.02935596472274149,0.05579268261558035,nan,nan
29,11,176287,backward,eps,km^2/s^2,17399,17399.0,0.0,-0.22903400656881534,0.013094900664246676,-0.24175458501716376,-0.19893682670062765,0.042817758316536114,-0.25216931944048854,-0.18758342679994644,0.0645858926405421,0.7969719451084173,0.03335044395907008,0.04470384385975129,nan,nan
29,12,98454,backward,eps,km^2/s^2,2848,2848.0,0.0,-0.9236028265558108,0.03395105650248396,-0.9711654734863717,-0.8668208994631541,0.10434457402321762,-0.9824229039339913,-0.8496564710746803,0.132766432859311,0.14914078155659286,0.05697354565800117,0.0668700271404381,nan,nan
29,13,156237,backward,eps,km^2/s^2,2360,2360.0,0.0,-0.17791155977685735,0.030142140226331254,-0.20186662765581223,-0.11493318591752458,0.08693344173828765,-0.23353948075764874,-0.1123828244365922,0.12115665632105654,0.5107291172300469,0.05745142585558862,0.06133814580036123,nan,nan
29,14,168732,backward,eps,km^2/s^2,13781,13781.0,0.0,-0.21626900324201592,0.010106015250666468,-0.22864084089175246,-0.1953426500184841,0.03329819087326835,-0.2472622190092194,-0.17368823923775817,0.07357397977146124,0.731242720584672,0.023941246857488774,0.04541996760182343,nan,nan
29,15,76537,backward,eps,km^2/s^2,4878,4878.0,0.0,-1.0025756941644686,0.012175393639279055,-1.0174849118242046,-0.9794285648429443,0.03805634698126037,-1.032726459212424,-0.974785598753356,0.05794086045906788,0.2984016952373309,0.03216058993388115,0.03680355602346941,nan,nan
29,16,41854,backward,eps,km^2/s^2,8341,8341.0,0.0,-0.8843197221510328,0.019795115114399818,-0.9169677854200753,-0.8565854574768079,0.060382327943267367,-0.9344903853991138,-0.8467359604878761,0.08775442491123764,-0.10697276409396118,0.038837282189646105,0.048667695139704925,nan,nan
29,17,49752,backward,eps,km^2/s^2,4179,4179.0,0.0,-0.9946136451612118,0.008253724136642602,-1.0059790064822358,-0.9787421822374719,0.027236824244763924,-1.0322597485080705,-0.9748154319099194,0.05744431659815108,0.23290042118763518,0.020801349521696988,0.03277280492276713,nan,nan
29,18,125038,backward,eps,km^2/s^2,14729,14729.0,0.0,-0.16501689805402708,0.02247646749805761,-0.2022249659969737,-0.13226716890599968,0.06995779709097402,-0.21015626276466431,-0.05273741918696473,0.15741884357769959,-0.048793535721570955,0.03788398995719207,0.11479714669477442,nan,nan
29,19,30062,backward,eps,km^2/s^2,550,550.0,0.0,-0.8350253127044222,0.011388580604601652,-0.8643080472643268,-0.8276189139127473,0.03668913335157942,-0.8878570321275192,-0.8273421216899342,0.06051491043758506,-1.5885160935349611,0.028908692492521284,0.05245767735571372,nan,nan
29,20,34315,backward,eps,km^2/s^2,1951,1951.0,0.0,-0.9277602535948746,0.03950726448362922,-0.9886533478952642,-0.8658327334430436,0.12282061445222059,-1.032801628880673,-0.8475233156837552,0.1852783131969178,0.025821521273021373,0.06329602021544423,0.10554097565270526,nan,nan
29,21,31697,backward,eps,km^2/s^2,1389,1389.0,0.0,-0.8542593468526203,0.036633207513090446,-0.9847787930658358,-0.8466379985737713,0.1381407944920645,-1.0139046512891579,-0.8434038117855542,0.17050083950360362,-2.260492994099845,0.1302772176429218,0.15940307586624392,nan,nan
29,22,48939,backward,eps,km^2/s^2,7102,7102.0,0.0,-0.8831354136089891,0.018151760819021683,-0.9127505536083574,-0.8551180474913567,0.05763250611700077,-0.9370038763116468,-0.8392353826657091,0.09776849364593776,-0.08419970430533295,0.037622564565132285,0.05338948188378789,nan,nan
29,23,151127,backward,eps,km^2/s^2,3679,3679.0,0.0,-0.2291688036746618,0.01968412863342578,-0.2516464585861596,-0.193707348977268,0.05793910960889159,-0.25253778735729787,-0.17120976104181895,0.08132802631547892,0.30671276151947224,0.04224388251219874,0.06474147044764778,nan,nan
29,24,68381,backward,eps,km^2/s^2,1742,1742.0,0.0,-0.9802101185940075,0.005594242853898532,-0.9871348021457278,-0.9755279008732887,0.01160690127243913,-1.0328612569408748,-0.9748517141057387,0.05800954283513615,-4.6448909558852405,0.006554510634106095,0.05228096542925309,nan,nan
29,25,117692,backward,eps,km^2/s^2,12097,12097.0,0.0,-0.17767869294133698,0.02067746942096541,-0.20945789104254195,-0.1451854181559027,0.06427247288663926,-0.21822507401780494,-0.05817614925192216,0.16004892476588278,0.37685137971225824,0.03731689450155451,0.12432616340553504,nan,nan
29,26,149482,backward,eps,km^2/s^2,7315,7315.0,0.0,-0.1681000354491924,0.03210648907913355,-0.20649201381561402,-0.11814693107943687,0.08834508273617715,-0.23186306394004969,-0.052686660463821866,0.17917640347622782,0.22944832150996136,0.053121104745726046,0.11842363790078636,nan,nan
29,27,167957,backward,eps,km^2/s^2,2,2.0,0.0,-0.24580280321905418,0.0029598223740810448,-0.24846664335572713,-0.24313896308238123,0.005327680273345903,-0.24876262559313522,-0.24284298084497313,0.0059196447481620895,nan,0.005623662510753985,0.0059196447481620895,nan,nan
29,28,22050,backward,eps,km^2/s^2,1671,1671.0,0.0,-0.8436822263050232,0.012764248364447225,-0.8716002789684869,-0.8332517722530226,0.0383485067154643,-1.0292198550497513,-0.8281073238974423,0.20111253115230898,-3.864643829750337,0.028834702336145046,0.18645427841740947,nan,nan
29,0,144351,backward,e,-,45536,45536.0,0.0,0.6837148927275939,0.08734793739001397,0.5299264696057264,0.8048349235316693,0.2749084539259429,0.48791281010664467,0.8711263359947446,0.3832135258881,-0.17695275322004886,0.16927991389723207,0.21127520982498138,nan,nan
29,1,22427,backward,e,-,4532,4532.0,0.0,0.4484458240229644,0.02470093626693402,0.4116641060399946,0.4871079433123273,0.07544383727233273,0.38545799405380715,0.49900630014504865,0.1135483060912415,0.055175600802762535,0.04244304973038225,0.0602076150039797,nan,nan
29,2,33938,backward,e,-,1408,1408.0,0.0,0.22278473417603772,0.041324659768964454,0.17388341482909292,0.3010813010955155,0.1271978862664226,0.17176496810137876,0.36654005894988834,0.19477509084850958,0.44797529000687236,0.08942122475219327,0.15487998260656613,nan,nan
29,3,221195,backward,e,-,4353,4353.0,0.0,0.47190431240551006,0.09895869356844345,0.3605725644819513,0.670827483111468,0.3102549186295167,0.3503572148329607,0.7234018269407189,0.3730446121077582,0.5158688413529459,0.19467295619923053,0.2472473000284814,nan,nan
29,4,50147,backward,e,-,5997,5997.0,0.0,0.4460116563213515,0.02825779517819619,0.3994043488681644,0.48295909757236316,0.08355474870419877,0.2636744897820043,0.48576183770508,0.22208734792307572,-0.653056110358827,0.044530634711962114,0.17552493925848073,nan,nan
29,5,127305,backward,e,-,3326,3326.0,0.0,0.6658888748442253,0.12688224653948996,0.4760260016422993,0.8644127857386292,0.38838678409632993,0.4389678397678123,0.8712782904839208,0.4323104507161085,0.0889370803433939,0.2243601926161927,0.23122569736148424,nan,nan
29,6,35771,backward,e,-,662,662.0,0.0,0.2114936711484152,0.028415354136781534,0.17194187951912454,0.25569439856913057,0.08375251905000602,0.1687973804253869,0.3480293821059474,0.17923200168056053,0.687444158807618,0.04356385423248938,0.13588994915961408,nan,nan
29,7,8822,backward,e,-,3017,3017.0,0.0,0.421224779295188,0.04215349620856845,0.3496030403370779,0.4823576951664009,0.13275465482932303,0.28042951753226425,0.49836524072798566,0.2179357231957214,-0.18210327241398874,0.07692529231066088,0.1460988151154745,nan,nan
29,8,80416,backward,e,-,7393,7393.0,0.0,0.4345371572845853,0.030321101526101256,0.3877196973745704,0.47525242779940907,0.08753273042483867,0.25649633785541753,0.5702043312171212,0.3137079933617037,-0.674059025745247,0.05161545995866381,0.1682969045233067,nan,nan
29,9,175498,backward,e,-,2916,2916.0,0.0,0.3723373994364094,0.033899295349770896,0.3552988262567925,0.4481375579693327,0.0928387317125402,0.3462129695991155,0.5938893629455648,0.2476763933464493,2.426054776083621,0.0714195101213614,0.21717131509759352,nan,nan
29,10,14142,backward,e,-,8905,8905.0,0.0,0.34543727974373434,0.03430207791880657,0.2911212957371371,0.4009329879161724,0.1098116921790353,0.21825620010217733,0.41126306227818665,0.19300686217600932,-0.019073970048899245,0.05973853736696447,0.13248931841748146,nan,nan
29,11,176287,backward,e,-,17399,17399.0,0.0,0.41795412031939205,0.03741270257323182,0.3804334099316721,0.5026904298117768,0.12225701988010473,0.3477742902692545,0.5330695074239917,0.18529521715473724,0.7405138852769156,0.09476519266977419,0.12514427028198916,nan,nan
29,12,98454,backward,e,-,2848,2848.0,0.0,0.3990510227143892,0.06372299422087928,0.28273081049972776,0.4794378098654055,0.19670699936567776,0.23952511582688493,0.49700375742523173,0.25747864159834677,-0.31300783547328587,0.10332548040196017,0.14476598332913818,nan,nan
29,13,156237,backward,e,-,2360,2360.0,0.0,0.5576007083181986,0.07765266152158529,0.4942359300737422,0.7176769745102041,0.22344104443646184,0.4034140446723346,0.7240336018045388,0.3206195571322042,0.48343539755333187,0.145762665440024,0.16907471677885771,nan,nan
29,14,168732,backward,e,-,13781,13781.0,0.0,0.45419410644117314,0.02790524152320685,0.4189570763747006,0.5108681309450098,0.09191105457030924,0.36280055201138134,0.5696111303873903,0.20681057837600897,0.6552638375236604,0.06580718341385133,0.12382394287690951,nan,nan
29,15,76537,backward,e,-,4878,4878.0,0.0,0.5272401449314852,0.01807423323830856,0.4922838411981821,0.54882254405857,0.056538702860387924,0.4851352642511614,0.570207652630325,0.08507238837916364,-0.3327272014521404,0.04812237818371448,0.05527095513073521,nan,nan
29,16,41854,backward,e,-,8341,8341.0,0.0,0.3219294505420427,0.042426732044942815,0.2574905617993303,0.386753987773425,0.12926342597409474,0.23103956517760432,0.4180200044678657,0.18698043929026137,-0.022447339333641323,0.08750404987311,0.11395504649483595,nan,nan
29,17,49752,backward,e,-,4179,4179.0,0.0,0.515461425189154,0.012426978242843048,0.49120222604431585,0.532251525355557,0.04104929931124113,0.4851779411170938,0.5695487870921859,0.08437084597509215,-0.27247513716896404,0.031527078006892265,0.046868096720866004,nan,nan
29,18,125038,backward,e,-,14729,14729.0,0.0,0.5907428280898241,0.058274172888322796,0.49250525709366727,0.6741642395308607,0.18165898243719342,0.47097834795344146,0.8712211020512518,0.40024275409781035,-0.08409205395016156,0.09825136474076565,0.28697998284344417,nan,nan
29,19,30062,backward,e,-,550,550.0,0.0,0.19575899372951108,0.032795582565558826,0.17016972024204235,0.27651323252653903,0.10634351228449668,0.16917606351019532,0.3296597904038128,0.1604837268936175,1.233739581057895,0.07907491098253369,0.13222146885980748,nan,nan
29,20,34315,backward,e,-,1951,1951.0,0.0,0.4064156946387442,0.0723241992346636,0.2803895378017393,0.5064734685919896,0.2260839307902503,0.23328026667514062,0.5703028197356329,0.3370225530604923,-0.20408022087825523,0.1255538995616771,0.17219026107363727,nan,nan
29,21,31697,backward,e,-,1389,1389.0,0.0,0.2516150331421049,0.07274387691264164,0.23104010279132953,0.5005442997029003,0.26950419691157074,0.22178561824189358,0.5437616093154545,0.3219759910735609,2.0577559431963897,0.24834106546669174,0.2915583750792459,nan,nan
29,22,48939,backward,e,-,7102,7102.0,0.0,0.3194960197902259,0.03925815866452393,0.2536807555961559,0.3789457131661519,0.125264957569996,0.20950304730240557,0.42241802438394,0.21291497708153442,-0.06775211500327324,0.08570488192343706,0.12988259021718737,nan,nan
29,23,151127,backward,e,-,3679,3679.0,0.0,0.4165459928905202,0.0562010710628353,0.3497248798014073,0.5146504270779118,0.16492554727650444,0.34694080348613904,0.5760450859956427,0.2291042825095037,0.26142421503740215,0.11835121341605608,0.17974587233378703,nan,nan
29,24,68381,backward,e,-,1742,1742.0,0.0,0.4935407615637383,0.008401278828691029,0.48623031295428654,0.504154837332526,0.017924524378239437,0.4852237254976675,0.57038823861696,0.08516451311929246,4.351499995995443,0.010056941786979193,0.07629034307141319,nan,nan
29,25,117692,backward,e,-,12097,12097.0,0.0,0.5577817945246845,0.054191119237196404,0.4721570346988227,0.6414986125676709,0.16934157786884824,0.4473310529173248,0.8579553378414655,0.4106242849241407,0.3122843956920435,0.09677747197418678,0.31309539500061234,nan,nan
29,26,149482,backward,e,-,7315,7315.0,0.0,0.5828951863380325,0.08287051100455292,0.48151939395839694,0.7096769171743955,0.22815752321599858,0.40831228196744646,0.8713416161528794,0.46302933418543296,0.19497854752598237,0.13516313350024328,0.2960964935017474,nan,nan
29,27,167957,backward,e,-,2,2.0,0.0,0.3677321360631841,0.008207623147010346,0.3603452752308748,0.37511899689549344,0.014773721664618655,0.35952451291617377,0.37593975921019446,0.01641524629402069,nan,0.015594483979319656,0.01641524629402069,nan,nan
29,28,22050,backward,e,-,1671,1671.0,0.0,0.22250841792670217,0.032033522317066646,0.18981638631685963,0.2940279528755707,0.10421156655871108,0.1720293297014963,0.5653666074458314,0.39333727774433513,2.53853007285519,0.0742003268442678,0.34553898141452855,nan,nan
29,0,144351,backward,w,deg,45536,45536.0,0.0,-0.6756680737449301,4.182463745392517,-5.163040591654543,9.684718244300797,14.84775883595534,-8.976981506421538,13.77511584689509,22.75209735331663,1.2108069586159302,11.210517290670744,15.30091489326503,16.49328555385609,0.9973407866925695
29,1,22427,backward,w,deg,4532,4532.0,0.0,-0.7616733668446614,5.20860840631759,-4.743592373715562,16.850476128878054,21.594068502593615,-14.462800083330507,26.514301813970945,40.97710189730145,2.8015115076148525,18.937207581461276,28.601033266554168,187.02956414483396,0.9959006396469383
29,2,33938,backward,w,deg,1408,1408.0,0.0,8.54313609279717,17.075754782407618,-31.998715865944025,15.306847082753599,47.30556294869763,-33.045688033504746,15.617211241720355,48.6628992752251,-0.790554605700891,42.37377199785702,43.420744165417744,200.24356145046187,0.9562622559317744
29,3,221195,backward,w,deg,4353,4353.0,0.0,-3.0828381760235004,7.816077205125451,-7.67792707271945,13.450531092533376,21.128458165252827,-8.024931139143177,14.351551787969669,22.376482927112846,0.6484400290795046,19.324942159381134,20.225962854817425,15.945088062137268,0.990722228090417
29,4,50147,backward,w,deg,5997,5997.0,0.0,-0.9576374897065705,4.717155650184664,-5.1266347160831005,11.184142408957666,16.310777125040765,-25.19640407932303,17.155102445293068,42.3515065246161,1.3612016357508672,12.778026380294445,23.704849095438703,196.9252297479807,0.996622224574086
29,5,127305,backward,w,deg,3326,3326.0,0.0,2.6721439578595465,5.9646933095945,-9.148457972765144,8.377073029713777,17.52553100247892,-9.423574386317767,14.148069476329255,23.571643862647022,-0.32373933086408085,12.100090133455737,12.37520654700839,16.94882664199308,0.9945912028236887
29,6,35771,backward,w,deg,662,662.0,0.0,4.940176721100499,14.369847057784897,-31.271833882960372,15.014810357924553,46.286644240884925,-33.312646362109206,15.802235549277384,49.11488191138659,-1.0418543431692107,42.60555968095191,44.64637216010075,200.44973733549992,0.9690194160803735
29,7,8822,backward,w,deg,3017,3017.0,0.0,-1.8939018456641747,7.032965141430996,-3.7248786198555934,21.842757786832657,25.56763640668825,-4.188243286862189,34.40895236361749,38.59719565047968,3.2880863617009277,24.105758389512253,36.671952966297084,182.41491267672276,0.9925902147465935
29,8,80416,backward,w,deg,7393,7393.0,0.0,-0.21566509978339354,4.0367385750919516,-4.778679223560777,6.420723557791896,11.199402781352674,-32.043442236787484,13.489016263416943,45.53245850020443,-0.9912419832311349,7.21424042878294,33.935595242502984,202.96427405158738,0.9975312396012482
29,9,175498,backward,w,deg,2916,2916.0,0.0,0.4061286323180582,6.006731015118306,-9.802914938812819,8.371039082442266,18.173954021255085,-11.592680457871722,9.108154827216225,20.700835285087948,-0.19469086703002295,15.744999120027416,17.53476463908629,19.775125469214203,0.9945135254875695
29,10,14142,backward,w,deg,8905,8905.0,0.0,0.061956473546075586,3.761896891234719,-5.720758178259786,5.429531304893237,11.150289483153022,-20.893232290315694,28.636133607466064,49.52936589778176,0.812814845649948,6.0224766744435945,29.035911093034883,188.17945959513165,0.9978516583498821
29,11,176287,backward,w,deg,17399,17399.0,0.0,-0.5314660132109736,5.491818492316434,-7.735063305481802,8.593795073629245,16.328858379111047,-9.82178608944622,12.366957298656928,22.18874338810315,0.20204926569263135,13.373566567762522,15.460289351726942,18.413027676180054,0.9954126846728559
29,12,98454,backward,w,deg,2848,2848.0,0.0,2.8688162058443396,10.055680710952837,-14.996426517077492,12.574666337424794,27.571092854502286,-37.21943133760914,13.040387857452714,50.25981919506185,-0.3432639952572911,24.890374680154974,47.11337950068662,204.3188375093845,0.9846701784044394
29,13,156237,backward,w,deg,2360,2360.0,0.0,0.02933807984162229,2.930634419805814,-4.865542132767446,5.936052002407813,10.80159413517526,-6.911748834141349,11.733409588077194,18.645158422218543,1.2875744360125736,7.02650038366709,10.969881400811602,18.686857620430953,0.9986940088272975
29,14,168732,backward,w,deg,13781,13781.0,0.0,0.4571024722953041,3.8340248306204843,-6.936841566519945,4.585810828202,11.522652394721945,-13.012981819734534,9.809783736612502,22.822765556347036,-0.5023497038127854,9.260849043139814,15.336989296354403,21.29357505513542,0.9977635716290072
29,15,76537,backward,w,deg,4878,4878.0,0.0,-0.5240476840646267,6.812818859408294,-9.567844106898416,11.814570710781004,21.382414817679418,-11.305726987645727,14.363386843821786,25.669113831467513,0.2581360300254087,11.37779964376085,13.38697951107821,190.67902700189052,0.9929468072613609
29,16,41854,backward,w,deg,8341,8341.0,0.0,-1.7592571248824527,6.055457252588593,-6.6764431975481955,12.384817394451943,19.06126059200014,-35.10860923206053,14.752702229343555,49.861311461404085,0.18359523349636928,13.733122592777676,33.87631364536753,202.24033210625174,0.9944436920680042
29,17,49752,backward,w,deg,4179,4179.0,0.0,-0.9794544741140498,4.981759679321045,-6.677644161587713,9.808776737863692,16.486420899451403,-15.971752001869561,13.502488490002264,29.474240491871825,0.6141350203645886,12.720470450936972,16.413606402534754,190.7539640629008,0.9962263238967065
29,18,125038,backward,w,deg,14729,14729.0,0.0,-0.042837257365846426,1.624603308282809,-2.178953851675891,2.1392518235072258,4.318205675183117,-15.272781352940086,7.842826711301626,23.115608064241712,-1.3010939662350944,2.729270878665156,15.533766241941834,22.822452310397445,0.9995985730724424
29,19,30062,backward,w,deg,550,550.0,0.0,3.263877435102046,15.002493755280986,-27.569766441917743,17.551145253887462,45.120911695805205,-31.202539385748224,18.948146279807077,50.1506856655553,-0.5542265089839669,38.7251070089955,42.35787995282598,198.28154882589337,0.9661150044808396
29,20,34315,backward,w,deg,1951,1951.0,0.0,-1.5667116028475618,7.837664802363477,-5.4226035947799005,19.50795621333573,24.930559808115632,-28.361546292173017,22.03569950168628,50.3972457938593,0.802705952137262,23.847862833084065,25.36397252653552,195.4191184833499,0.9907356790872184
29,21,31697,backward,w,deg,1389,1389.0,0.0,1.8541551621434564,6.252272914224092,-11.855474727534368,9.564515457553401,21.41999018508777,-14.260185083678294,11.766448468863047,26.02663355254134,-0.6161815565166731,11.850596851069366,14.255307207213292,205.01965177001088,0.9940613705830169
29,22,48939,backward,w,deg,7102,7102.0,0.0,0.6897749557994359,5.416553804309967,-7.304191599429876,5.083285476588621,12.387477076018497,-37.06786408876175,13.375574233643988,50.44343832240574,-3.7797008757022708,8.375111587419774,37.62265398192221,204.30463709998455,0.9956160526896942
29,23,151127,backward,w,deg,3679,3679.0,0.0,3.504066965661849,6.498246605490036,-14.31719745024319,5.210931178186115,19.528128628429307,-17.436960753821126,5.397287643317583,22.83424839713871,-1.1857425451345533,18.02528121321737,21.14504451679531,25.555403562353366,0.9935899668160293
29,24,68381,backward,w,deg,1742,1742.0,0.0,0.0024553176433954604,3.1132444188291664,-4.22984397204704,4.573188341841771,8.80303231388881,-21.995578777479295,6.680777434988329,28.676356212467624,-1.3913844288518251,5.993879872756582,20.81808107184503,196.10167064113253,0.9985276777618667
29,25,117692,backward,w,deg,12097,12097.0,0.0,1.6755701805337821,4.936402732218613,-14.504069379126161,4.636158749702312,19.140228128828472,-16.8418347006899,6.681995253193747,23.52382995388365,-2.0506850766552294,16.307592641623256,18.645357963186996,24.404361384476534,0.996303507903355
29,26,149482,backward,w,deg,7315,7315.0,0.0,0.015120577965319626,3.658361854105444,-6.420656456179832,7.768403642088233,14.189060098268065,-12.11485188700982,10.972014709915129,23.08686659692495,0.09460031908337452,9.102319720952423,12.76199630006164,19.6175599542633,0.9979656517456247
29,27,167957,backward,w,deg,2,2.0,0.0,0.0,5.443379479999578,-4.89904153199962,4.89904153199962,9.79808306399924,-5.443379479999578,5.443379479999578,10.886758959999156,nan,10.342421011999198,10.886758959999156,21.81078212563554,0.9954904284780487
29,28,22050,backward,w,deg,1671,1671.0,0.0,1.1076116847795845,7.61977922680988,-14.528857031865286,14.275380310701863,28.80423734256715,-31.974034996126818,16.575928654102825,48.54996365022964,-0.9378763362995441,16.94749285528114,34.39267081954267,199.46765162951127,0.991231991533426
29,0,144351,forward,eps,km^2/s^2,45536,45535.0,1.0,-0.1302240579373629,0.03646721055345067,-0.19225041692338993,-0.08013890505056441,0.11211151187282552,-0.841795732306269,-0.06741220713151774,0.7743835251747513,-0.7953325724167211,0.07557249930984297,0.7251178146927221,nan,nan
29,1,22427,forward,eps,km^2/s^2,4532,4532.0,0.0,-0.9734913893915229,0.0332241243449776,-1.004738683494786,-0.9119566514577205,0.09278203203706548,-1.0084355116174786,-0.8308364272895858,0.17759908432789273,0.7354474167470169,0.04821705179268698,0.12906165010042892,nan,nan
29,2,33938,forward,eps,km^2/s^2,1408,1408.0,0.0,-0.24097918574677987,0.013073747938657935,-0.2499412843407866,-0.21092075789266396,0.03902052644812265,-0.2527828516333516,-0.177377348579487,0.07540550305386462,1.8656649960546814,0.03106479425607645,0.0646082035692534,nan,nan
29,3,221195,forward,eps,km^2/s^2,4353,4352.0,1.0,-0.8590743066137823,0.0335560305210555,-0.9660444916536671,-0.8342013468844763,0.1318431447691908,-1.0304345772281724,-0.8278679467382324,0.20256663048994006,-2.203460965960598,0.10646744536801107,0.17085753094251643,nan,nan
29,4,50147,forward,eps,km^2/s^2,5997,5997.0,0.0,-0.1680532227659982,0.06069575189578864,-0.20044462187814066,-0.13450894616635048,0.06593567571179018,-0.8540137839118356,-0.06641807564057967,0.7875957082712559,-9.473239093585768,0.03771760813719103,0.6885065016874378,nan,nan
29,5,127305,forward,eps,km^2/s^2,3326,3326.0,0.0,-0.8817279816168556,0.05125149198622566,-0.9836914584117947,-0.8357540934734399,0.14793736493835485,-1.0326474300605972,-0.11376874780057283,0.9188786822600243,1.1646693349940958,0.08906909176271088,0.8097021043743742,nan,nan
29,6,35771,forward,eps,km^2/s^2,662,661.0,1.0,-0.15819101995521567,0.14965713128061656,-0.22248999687730137,-0.058314350418761984,0.16417564645853938,-0.9739501615007442,-0.05276686662596186,0.9211832948747823,-4.194775611614341,0.10428826678510461,0.8146364750900594,nan,nan
29,7,8822,forward,eps,km^2/s^2,3017,3017.0,0.0,-0.8967459488184892,0.024359361312864383,-0.9531953950952744,-0.8769312415661248,0.07626415352914961,-0.994525671553609,-0.8320477917622136,0.1624778797913955,-1.959840416105958,0.060255452282294335,0.10155178276162147,nan,nan
29,8,80416,forward,eps,km^2/s^2,7393,7393.0,0.0,-0.21482162863121523,0.012903904478232742,-0.2283557981534055,-0.19593926707130283,0.032416531082102684,-0.8822466556587749,-0.17401168434581843,0.7082349713129565,-18.72486421200274,0.020362866203413432,0.6680393456165313,nan,nan
29,9,175498,forward,eps,km^2/s^2,2916,2915.0,1.0,-0.8429648604079263,0.02465619360349583,-0.8761572068471408,-0.828651741938847,0.04750546490829377,-1.0315678916030597,-0.8280981773283629,0.20346971427469684,-3.869393092203459,0.04662632410597653,0.20203700886189546,nan,nan
29,10,14142,forward,eps,km^2/s^2,8905,8905.0,0.0,-0.9777577953797816,0.03437087181522081,-1.0156493115356884,-0.9160981611664263,0.0995511503692621,-1.0314016645503226,-0.8303055485322965,0.20109611601802602,0.572731387260895,0.05278177948532518,0.1385634152099957,nan,nan
29,11,176287,forward,eps,km^2/s^2,17399,17399.0,0.0,-0.8865142995004769,0.02341958816108609,-0.9301453741032173,-0.8582078022496069,0.07193757185361038,-1.0287733105909567,-0.13712850658317932,0.8916448040077773,1.1130904354876732,0.04242234136150874,0.7512608367951927,nan,nan
29,12,98454,forward,eps,km^2/s^2,2848,2848.0,0.0,-0.9230824803827816,0.039677575502645626,-0.9896338787710255,-0.8616946253607202,0.12793925341030532,-0.9939867236403566,-0.8285734071895701,0.1654133164507865,-0.03246932339908151,0.06810905603368868,0.09516337089766402,nan,nan
29,13,156237,forward,eps,km^2/s^2,2360,2360.0,0.0,-0.23448679329542077,0.021561077630205178,-0.2517094789597693,-0.1860530887664116,0.0656563901933577,-0.2525029720023428,-0.16596547588053123,0.08653749612181155,0.8015646430409987,0.04836043572063783,0.06844804860651821,nan,nan
29,14,168732,forward,eps,km^2/s^2,13781,13781.0,0.0,-0.9369230180141144,0.022360591726531386,-0.9646054744272994,-0.9058248215968483,0.058780652830451086,-1.0328225762440004,-0.8302300174080461,0.20259255883595428,0.594490788010133,0.03747865746727941,0.102716404328838,nan,nan
29,15,76537,forward,eps,km^2/s^2,4878,4878.0,0.0,-0.8942251710478089,0.02582978268188813,-0.9472573202618975,-0.8676372354600531,0.07962008480184435,-1.032100959715513,-0.8302712827942225,0.2018296769212906,-0.9681287038570393,0.04892344675048861,0.12998847538401304,nan,nan
29,16,41854,forward,eps,km^2/s^2,8341,8341.0,0.0,-0.18382302425501446,0.0716721429002778,-0.21321653423666298,-0.14327079211608185,0.06994574212058113,-0.9877261111691635,-0.052813300245758366,0.9349128109234052,-7.946834035762573,0.05278631617890356,0.8001918862073976,nan,nan
29,17,49752,forward,eps,km^2/s^2,4179,4179.0,0.0,-0.9646682256147128,0.032075364004752645,-0.997518131250814,-0.9104223461913625,0.08709578505945148,-1.0296268339021548,-0.8276125597326043,0.20201427416955053,1.0340580370252,0.04661419188839419,0.12924603510231303,nan,nan
29,18,125038,forward,eps,km^2/s^2,14729,14729.0,0.0,-0.9594744327800271,0.023066507239457794,-0.982614936953597,-0.9175841113840908,0.06503082556950623,-0.989611434359214,-0.827719976907938,0.16189145745127598,1.4162351790441503,0.03525073346680481,0.12259461838714114,nan,nan
29,19,30062,forward,eps,km^2/s^2,550,550.0,0.0,-0.9257418273351655,0.04602881150642276,-0.9917527098133468,-0.8496593527814493,0.14209335703189752,-0.9933002973532914,-0.8328467911070134,0.16045350624627797,0.1087701393374312,0.07438742071891916,0.08478108850697152,nan,nan
29,20,34315,forward,eps,km^2/s^2,1951,1950.0,1.0,-0.9225810468125504,0.042290453531731,-0.9821139231292885,-0.8417248752855299,0.1403890478437586,-1.0327283412741601,-0.8273640652606364,0.2053642760135237,0.26077125800024387,0.08972754439009566,0.1057005811296925,nan,nan
29,21,31697,forward,eps,km^2/s^2,1389,1389.0,0.0,-0.12026006994803684,0.14268154234120634,-0.19589921079124226,-0.055049978125326436,0.1408492326659158,-0.9430517575830868,-0.05324740104314285,0.8898043565399439,-4.602234905460788,0.12268111563550572,0.8698336624273503,nan,nan
29,22,48939,forward,eps,km^2/s^2,7102,7102.0,0.0,-0.23095866576820065,0.009443440298521075,-0.24228900768496206,-0.2124395818499852,0.02984942583497685,-0.25249327819096623,-0.1750066736570966,0.07748660453386963,0.7864299085922615,0.020248563812677717,0.05768147200556634,nan,nan
29,23,151127,forward,eps,km^2/s^2,3679,3679.0,0.0,-0.16924109575487123,0.03345982159272889,-0.20492425364268707,-0.1139757869984517,0.09094846664423537,-0.2515543664836237,-0.05474438652019287,0.19680997996343086,0.04913123015271723,0.0476183488486441,0.1029810602384646,nan,nan
29,24,68381,forward,eps,km^2/s^2,1742,1742.0,0.0,-0.15201233600239736,0.08244182041482778,-0.21199769968768678,-0.12864907377699003,0.08334862591069675,-0.8983375976782122,-0.058849219021311905,0.8394883786569003,-7.344639725218837,0.0662648981454812,0.7521946518440379,nan,nan
29,25,117692,forward,eps,km^2/s^2,12097,12097.0,0.0,-0.8905188593336275,0.02645019274743568,-0.9455010076478524,-0.8590781553505842,0.0864228522972682,-1.0317073589652344,-0.8277135739962949,0.2039937849689395,-0.6676762419162828,0.05897117289075657,0.14517752420813856,nan,nan
29,26,149482,forward,eps,km^2/s^2,7315,7312.0,3.0,-0.17045184245063877,0.08292686477210208,-0.2076032389342398,-0.11890246957798992,0.08870076935624988,-0.8815431542326329,-0.05270234629178039,0.8288408079408525,-6.7986353349280675,0.04730759559261363,0.7173051268686153,nan,nan
29,27,167957,forward,eps,km^2/s^2,2,2.0,0.0,-0.9173630772820028,0.06664816756636693,-0.9773464280917331,-0.8573797264722726,0.11996670161946055,-0.9840112448483698,-0.8507149097156359,0.13329633513273387,nan,0.12663151837609718,0.13329633513273387,nan,nan
29,28,22050,forward,eps,km^2/s^2,1671,1671.0,0.0,-0.843478267731995,0.03520708422122873,-0.8958626173944608,-0.8331100712503602,0.06275254614410064,-1.0274382125404289,-0.05764273973508882,0.9697954728053401,11.004001034691726,0.055764044043082994,0.7827434052761565,nan,nan
29,0,144351,forward,e,-,45536,45535.0,1.0,0.6796358861554429,0.09089073542143053,0.5199783474526021,0.8039579300045169,0.2839795825519148,0.2073914284595431,0.835234226010017,0.6278427975504739,-0.21427911789534226,0.1935986023104584,0.5061855213035175,nan,nan
29,1,22427,forward,e,-,4532,4532.0,0.0,0.48302062063796336,0.05621399162816792,0.37716435255131797,0.530436238753817,0.15327188620249899,0.18121652040416797,0.5358328063070537,0.3546162859028857,-1.03745976709104,0.08398927559869371,0.27993710774584374,nan,nan
29,2,33938,forward,e,-,1408,1408.0,0.0,0.3819603378253945,0.03797231625131028,0.3552446596037384,0.47032119991228477,0.11507654030854636,0.3461726392920899,0.5600128608273899,0.21384022153529997,1.7399099625649688,0.09164598643712034,0.18133764735222546,nan,nan
29,3,221195,forward,e,-,4353,4352.0,1.0,0.26389127803818546,0.06884854010111238,0.19274990079582888,0.47115763789238413,0.27840773709655525,0.17105284302764806,0.5670128555665018,0.39596001253885377,1.714977402888594,0.20603886832908686,0.30189408600320455,nan,nan
29,4,50147,forward,e,-,5997,5997.0,0.0,0.5829403752899573,0.0649647506600173,0.4972221696571689,0.6685033450811163,0.17128117542394738,0.17024326553491917,0.8377984961315766,0.6675552305966574,-1.3353188122525272,0.09694146161138716,0.41923277267504844,nan,nan
29,5,127305,forward,e,-,3326,3326.0,0.0,0.3163655106312402,0.09823751827182801,0.1997355618762371,0.49893111158396575,0.29919554970772866,0.1705844038257078,0.7205663889073746,0.5499819850816667,0.33508547270607475,0.19961029007777095,0.32192414569454775,nan,nan
29,6,35771,forward,e,-,662,661.0,1.0,0.6091766486604006,0.13705563116834582,0.4573469302491018,0.8576039739878296,0.40025704373872784,0.2373167072009319,0.8711452962979094,0.6338285890969775,0.1915020240432187,0.2564747895140791,0.368302024767043,nan,nan
29,7,8822,forward,e,-,3017,3017.0,0.0,0.34744103739625976,0.04570234215826451,0.3055849391748544,0.4503415181541536,0.14475657897929917,0.18628073310755738,0.5153228251799941,0.3290420920724367,1.3166432062311335,0.12870523307511542,0.17553107476220609,nan,nan
29,8,80416,forward,e,-,7393,7393.0,0.0,0.4583466477692457,0.02884208838972305,0.41991766230903177,0.5102378956654097,0.0903202333563779,0.31772324094050586,0.5675852738371057,0.2498620328965998,-0.06503390487797273,0.05526534815243048,0.14295644529596435,nan,nan
29,9,175498,forward,e,-,2916,2915.0,1.0,0.22063937264400169,0.05626640188786738,0.17387317921981285,0.3043453399862469,0.13047216076643406,0.17189723978097268,0.5685885703492667,0.396691330568294,2.337235680626366,0.12704659365458915,0.3912898240176089,nan,nan
29,10,14142,forward,e,-,8905,8905.0,0.0,0.4896711751378606,0.05664792035314822,0.3849059658635735,0.5462118540480412,0.16130588818446767,0.1793797446110454,0.5683851512160862,0.38900540660504085,-0.8553826883489862,0.09070019875561208,0.29620964168411296,nan,nan
29,11,176287,forward,e,-,17399,17399.0,0.0,0.326702145174347,0.046465353601390015,0.2616295772491281,0.41077950084294146,0.14914992359381335,0.1705702237646053,0.6620800671306087,0.49150984336600345,0.5262620231964193,0.08304382329928096,0.33147240140289175,nan,nan
29,12,98454,forward,e,-,2848,2848.0,0.0,0.3979454790796365,0.07394297137464945,0.2705788305432729,0.5079621497371024,0.2373833191938295,0.1739209576265037,0.5145196842135321,0.3405987265870284,-0.23707160043817146,0.1285187271654471,0.22517660008221632,nan,nan
29,13,156237,forward,e,-,2360,2360.0,0.0,0.40077569064488805,0.06107442121599359,0.3495961979596639,0.5351603513189545,0.18556415335929055,0.3470213036894984,0.5895785775390109,0.24255727384951248,0.7382795859792652,0.13435731930440445,0.18877554552446085,nan,nan
29,14,168732,forward,e,-,13781,13781.0,0.0,0.4226517290001086,0.04095537514828271,0.3656537536291974,0.46893530356058455,0.10328154993138716,0.17989934961581472,0.5703371426776247,0.39043779306181,-1.2282452925171279,0.06309456139374459,0.2307565851672334,nan,nan
29,15,76537,forward,e,-,4878,4878.0,0.0,0.3424697769514615,0.050332061089652366,0.28441363059399916,0.4402712109369179,0.15585758034291874,0.18007335031348148,0.5693491207314456,0.38927577041796413,0.5998061466317005,0.09251242992540465,0.2110884426335864,nan,nan
29,16,41854,forward,e,-,8341,8341.0,0.0,0.5417240823664259,0.07182285646575841,0.4620013992080812,0.646892583687708,0.18489118447962677,0.17400523907912827,0.8710333686233579,0.6970281295442297,-0.12663501618975437,0.13694329537468608,0.35755842713871466,nan,nan
29,17,49752,forward,e,-,4179,4179.0,0.0,0.46896141541938186,0.056565654637646984,0.37429834037661014,0.5197910228789286,0.1454926825023185,0.17019078829443438,0.5659313004805991,0.3957405121861648,-1.5224610130601777,0.08224137402088429,0.2860091531611698,nan,nan
29,18,125038,forward,e,-,14729,14729.0,0.0,0.4605790238566051,0.041128044283002964,0.38788797572224554,0.4972451307516064,0.10935715502936089,0.17054475624136034,0.5079289128749084,0.33738415663354804,-2.062126706854641,0.058480154043258174,0.2748802498626577,nan,nan
29,19,30062,forward,e,-,550,550.0,0.0,0.4027292921439838,0.086357306519078,0.2392929574829248,0.5111655124788578,0.271872554995933,0.18798105547145658,0.5134857390694381,0.32550468359798146,-0.331586637434515,0.14860734286505625,0.1999192448765245,nan,nan
29,20,34315,forward,e,-,1951,1950.0,1.0,0.3968593712273645,0.08348520236279783,0.2168031181431274,0.49647567842790763,0.27967256028478027,0.16922882581967422,0.5702003834770726,0.40097155765739834,-0.6675653695477892,0.1882495952076898,0.23582388753114322,nan,nan
29,21,31697,forward,e,-,1389,1389.0,0.0,0.7050091887919807,0.12411377986284244,0.5101784262552084,0.8655615199748312,0.35538309371962284,0.17333596824877287,0.8699854239218292,0.6966494556730564,-1.3553804804113023,0.3109560766274694,0.6477985346339049,nan,nan
29,22,48939,forward,e,-,7102,7102.0,0.0,0.4123007072830086,0.027352355082986182,0.37873528178469684,0.4660447942476052,0.08730951246290836,0.3468571376175296,0.5661881111391748,0.21933097352164516,0.7064387023174512,0.059249444947351494,0.1593544292390343,nan,nan
29,23,151127,forward,e,-,3679,3679.0,0.0,0.5796774058781566,0.08678306292411721,0.4847180241740022,0.7200871969480155,0.23536917277401326,0.349972278472357,0.86633780657164,0.5163655280992829,-0.019310724958357894,0.12566727506611647,0.2598687815714207,nan,nan
29,24,68381,forward,e,-,1742,1742.0,0.0,0.6242950365119712,0.08043628069947435,0.4663038670289774,0.6832539234512208,0.2169500564222434,0.16999816670989903,0.8563122445220511,0.6863140778121521,-1.9790199875676182,0.17449944887300456,0.4691839525597225,nan,nan
29,25,117692,forward,e,-,12097,12097.0,0.0,0.334985060652124,0.053351130886280136,0.2636868817135343,0.4374378758782372,0.17375099416470285,0.17053525493279453,0.5687824394814771,0.3982471845486826,0.35230943376035456,0.11403009901044384,0.24214315892351845,nan,nan
29,26,149482,forward,e,-,7315,7312.0,3.0,0.5769555142764524,0.09171488906558858,0.47846799911812105,0.7077381668288507,0.22927016771072967,0.24291428584937888,0.8713080396266609,0.628393753777282,-0.34125089126528113,0.11988695534422551,0.3501196185012555,nan,nan
29,27,167957,forward,e,-,2,2.0,0.0,0.3708779078695199,0.12849272799673195,0.25523445267246114,0.48652136306657867,0.23128691039411753,0.24238517987278793,0.49937063586625186,0.2569854559934639,nan,0.24413618319379068,0.2569854559934639,nan,nan
29,28,22050,forward,e,-,1671,1671.0,0.0,0.2221212069424139,0.05639035584308642,0.18938393579687032,0.34667823246949736,0.15729429667262704,0.170843109816489,0.8592604989538514,0.6884173891373624,3.266177154391568,0.13392892767405268,0.6465111941584067,nan,nan
29,0,144351,forward,w,deg,45536,45535.0,1.0,-3.426551148023634,20.564186593229582,-21.362213067831185,35.155927156000985,56.51814022383217,-177.6935091190907,178.81398189281418,356.5074910119049,0.02416272479523986,57.093813472186504,179.98218344776274,177.83776698684903,0.9431814524529226
29,1,22427,forward,w,deg,4532,4532.0,0.0,-2.6611583825850005,24.379976483577902,-12.821599146927161,37.59521095382196,50.416810100749125,-178.565077167143,179.98989706634643,358.5549742334894,3.5085366380789678,45.117057909991075,179.33838053924146,305.64558098663014,0.9377937294541523
29,2,33938,forward,w,deg,1408,1408.0,0.0,-3.847208339951507,22.32533710468884,-25.94615018039025,43.80570669950056,69.75185687989081,-27.63195349893573,168.95553243905863,196.58748593799436,1.4142276414426302,68.9007601885193,174.8631688571727,216.49418802217102,0.9302052139173334
29,3,221195,forward,w,deg,4353,4352.0,1.0,-8.843385952652213,32.66080238087291,-27.54458247317238,78.08688737541479,105.63146984858717,-178.486607083855,179.77014717804775,358.25675426190276,1.4518010743054943,103.23412908003374,179.71699887028797,67.11210697514355,0.8609979770847108
29,4,50147,forward,w,deg,5997,5997.0,0.0,-7.539278229470256,39.050661196157854,-20.588639242026847,108.85057284020802,129.43921208223486,-179.97546899578467,179.2424938027849,359.2179627985696,1.6614246590361994,127.97046408557586,179.91946515256922,188.38656488563393,0.8416475434353861
29,5,127305,forward,w,deg,3326,3326.0,0.0,5.003840421337088,36.31557409764183,-54.01205925514225,56.60336350465073,110.61542275979298,-169.30584006731743,179.19893103370987,348.5047711010273,0.07234608093442163,64.31912996772549,175.125622034873,117.94622438553968,0.8257173285555494
29,6,35771,forward,w,deg,662,661.0,1.0,-4.44637934959411,50.822900419080064,-33.183225025103155,131.27601650760215,164.4592415327053,-177.94623977144,179.05455794185076,357.00079771329075,0.8001115005617442,155.81711682354393,179.5816780846485,283.5323408705493,0.744626301292814
29,7,8822,forward,w,deg,3017,3017.0,0.0,-3.5921994971745335,23.548743247837166,-6.858537266318956,47.82584972545038,54.68438699176934,-175.02483905996812,175.60832876987172,350.63316782983986,0.2942033804203338,58.024463614407686,178.41084721402336,299.04357162537246,0.9418620787274204
29,8,80416,forward,w,deg,7393,7393.0,0.0,-2.322761991443599,23.933839055259817,-30.278034862528568,41.011973971533656,71.29000883406222,-170.99240272296578,167.407923909754,338.4003266327198,0.8199589899891297,44.29507891989318,178.61692619485007,202.18010317762094,0.9197332290708634
29,9,175498,forward,w,deg,2916,2915.0,1.0,-4.576486459290095,26.226619913223516,-19.695939183964615,38.55197165806941,58.24791084203403,-178.04895795844504,176.20375245591305,354.2527104143581,-0.2362608271195552,43.55724056401577,178.0482139208642,23.45871773135403,0.9229791354593735
29,10,14142,forward,w,deg,8905,8905.0,0.0,-1.0137642672636957,17.94682191121052,-9.400764748007862,11.948509878771425,21.349274626779287,-171.57752325054523,171.23545396318116,342.8129772137264,2.9775130344179788,17.06230772767786,175.89239178153906,303.59427906498786,0.9674517322782122
29,11,176287,forward,w,deg,17399,17399.0,0.0,-2.222327209161392,20.93135739422262,-19.51676814617907,34.64959418544317,54.16636233162224,-179.32096656915365,177.89440182543774,357.2153683945914,1.5247704471221768,53.556813706977685,179.5701104191619,17.52090414439399,0.9448938561858655
29,12,98454,forward,w,deg,2848,2848.0,0.0,-6.310651649679613,44.88486013359824,-25.050177908723025,78.83076179371643,103.88093970243946,-179.94576837918098,178.30165208126692,358.24742046044787,1.5416106876745224,124.1594953990624,179.3235672680555,344.14214880831054,0.8115544988124106
29,13,156237,forward,w,deg,2360,2360.0,0.0,-6.40448619009743,40.25102704436109,-38.8023968312957,82.2009500536676,121.00334688496329,-43.39022917322288,168.0795966293622,211.46982580258506,1.3997323182590597,105.06295203338236,178.62391159144016,245.04441849190852,0.799326860807242
29,14,168732,forward,w,deg,13781,13781.0,0.0,-5.101483891397436,26.470267952428138,-17.413236583585217,32.091265842941084,49.5045024265263,-179.37107451714598,178.10574917489237,357.47682369203835,2.1789780305736643,45.77806144734012,179.33369072530132,10.176947757120095,0.9206948548877436
29,15,76537,forward,w,deg,4878,4878.0,0.0,-3.4133217232392496,22.608135704418462,-16.75801828023865,33.57063014045198,50.328648420690634,-178.73775230430883,176.30627216344476,355.0440244677536,1.4574057893169918,40.13775969094038,178.94600268022,311.34164246346324,0.9405042405868715
29,16,41854,forward,w,deg,8341,8341.0,0.0,-14.504612009482827,42.992195044626115,-35.61965062567617,90.86673116336999,126.48638178904616,-173.85632113726984,179.68535087440722,353.54167201167706,0.944047904801184,124.74364597530803,179.9548927947843,203.67943211536533,0.7718592014877095
29,17,49752,forward,w,deg,4179,4179.0,0.0,-2.1157336706098704,28.72092031519566,-20.19868920911038,27.34499181323558,47.543681022345964,-179.26942225764392,159.43696802210223,338.7063902797462,2.609464860810567,90.40210839552999,170.0496451237568,317.1679898172931,0.9072321294673253
29,18,125038,forward,w,deg,14729,14729.0,0.0,-2.921668583948559,21.812648645372796,-18.20356599570605,33.38183915398175,51.5854051496878,-169.99998063665657,179.55298658370555,349.5529672203621,2.566834894593584,46.68237236758148,179.8517796917822,12.742705831739348,0.9436142922467422
29,19,30062,forward,w,deg,550,550.0,0.0,-5.12217130094632,44.50433068712198,-29.389790205985605,127.38773017211243,156.77752037809802,-178.94133562944637,176.67803810562708,355.61937373507345,1.8088037339735794,150.12752353758367,177.1265897271444,31.616971196890812,0.7887760160457453
29,20,34315,forward,w,deg,1951,1950.0,1.0,-2.630673749074674,33.98346074540252,-53.8990905367316,45.66588001494665,99.56497055167824,-178.53177696981868,160.24363154182504,338.7754085116437,-1.1944360591293997,63.59136504618518,169.78686006115913,48.88484838677982,0.8706072005488933
29,21,31697,forward,w,deg,1389,1389.0,0.0,-5.301378273566343,44.858081936710555,-32.45980208737791,67.4708526776594,99.9306547650373,-171.5559148234747,177.66473799787002,349.22065282134474,-0.15828026285198274,130.01600380346213,179.1534061014147,280.1549211600343,0.7920397528808436
29,22,48939,forward,w,deg,7102,7102.0,0.0,-2.144839534208643,21.931635098202385,-26.807462014943848,35.370930324592614,62.17839233953646,-177.663528204396,177.74956732458156,355.4130955289776,0.7404480596560532,56.03177563696212,173.67852867559293,201.71569661942496,0.9340022195407799
29,23,151127,forward,w,deg,3679,3679.0,0.0,-4.511676180613364,53.03671771438021,-37.906840565868826,138.4944492741167,176.40128983998554,-179.47613690719442,178.02677926903402,357.50291617622844,0.9316200500194007,158.73199523089838,179.99817120578354,251.80182589092038,0.719626009105768
29,24,68381,forward,w,deg,1742,1742.0,0.0,-7.325187581604212,45.45935886308029,-22.448532285614426,123.13579405688115,145.5843263424956,-175.86446174435963,174.5454619753059,350.4099237196655,1.272490133466157,142.4027366480666,179.2543687831922,209.03552161133695,0.788582492399248
29,25,117692,forward,w,deg,12097,12097.0,0.0,-4.237928911363326,29.055474078572455,-24.63073345845951,37.70316574944435,62.33389920790386,-177.13724698666596,170.88988567360406,348.02713266027,-1.6865835211523361,63.25560370721067,179.37455704953163,18.87569922433309,0.9024308999518967
29,26,149482,forward,w,deg,7315,7312.0,3.0,-5.233772424913582,36.437685667108966,-28.401483671278733,90.07921249481296,118.48069616609169,-172.99092501780325,179.24131117701376,352.232236194817,1.4822760480213115,120.06088208277995,179.59709593139027,299.2215285336533,0.8455449955594357
29,27,167957,forward,w,deg,2,2.0,0.0,-1.4210854715202004e-14,34.038709319289964,-30.634838387360983,30.63483838736095,61.26967677472193,-34.03870931928998,34.03870931928995,68.07741863857993,nan,64.67354770665094,68.07741863857993,135.75837329432414,0.8286595898176489
29,28,22050,forward,w,deg,1671,1671.0,0.0,-3.350437840299861,24.27884609101373,-28.123015490010488,52.362492767687996,80.48550825769848,-159.81929861557592,175.69718436129745,335.51648297687336,1.6018093091484837,65.26518679142274,174.0392391379837,167.2825293793625,0.9239272239790894
32,0,144351,backward,eps,km^2/s^2,45536,45536.0,0.0,-0.12859362589384274,0.03458156086153424,-0.18849311425453014,-0.07977567994011628,0.10871743431441386,-0.20357172688800335,-0.0527776663821834,0.15079406050581995,-0.1478666088109703,0.06604969282725186,0.08112696681584697,nan,nan
32,1,23915,backward,eps,km^2/s^2,4583,4583.0,0.0,-0.8961615111223289,0.022137347331091677,-0.9389165022575351,-0.8689970766243894,0.06991942563314568,-0.9492040330799298,-0.8636873421076761,0.08551669097225378,-0.37860626689165966,0.03882762097880041,0.04911515180119519,nan,nan
32,2,19832,backward,eps,km^2/s^2,1037,1037.0,0.0,-0.8332222495030661,0.005864236778811434,-0.8462674497628859,-0.8282546675489494,0.01801278221393654,-0.8546095202492205,-0.8272587452353299,0.027350775013890605,-0.8852300920798647,0.013843795946750509,0.022185866433085177,nan,nan
32,3,221195,backward,eps,km^2/s^2,4353,4353.0,0.0,-0.21002806349797465,0.03646152331191938,-0.24818205633862256,-0.13393950485674078,0.11424255148188178,-0.25148739185646374,-0.11286878808427214,0.1386186037721916,0.6003262304588066,0.0748294236601561,0.09590014043262474,nan,nan
32,4,57501,backward,eps,km^2/s^2,12951,12951.0,0.0,-0.9467339119163882,0.016925504820012077,-0.9717141434263987,-0.9203878282735184,0.05132631515288033,-1.0327250405173798,-0.8563918790002023,0.17633316151717748,0.2686784997100159,0.02836279627274263,0.08853530526581066,nan,nan
32,5,127305,backward,eps,km^2/s^2,3326,3326.0,0.0,-0.13555945624624638,0.05008051970025946,-0.20847848191585266,-0.05552793029753528,0.1529505516183174,-0.22118175880267327,-0.05271329248426082,0.16846846631841245,0.12654846828218577,0.09030403984125662,0.09311867765453108,nan,nan
32,6,30062,backward,eps,km^2/s^2,489,489.0,0.0,-0.8346592701469806,0.009444937316732354,-0.8530750838034032,-0.8275955193526929,0.025479564450710313,-0.887439963827775,-0.8273421216899342,0.06009784213784086,-1.5384779187097002,0.017675729031597774,0.05204060905596952,nan,nan
32,7,8552,backward,eps,km^2/s^2,2732,2732.0,0.0,-0.9352463955733527,0.023063290815125558,-0.9722998548370789,-0.8986918256494628,0.07360802918761611,-0.9834075739932913,-0.8771550845771106,0.1062524894161807,-0.005709517563560648,0.04029691165451875,0.06061938217008911,nan,nan
32,8,36833,backward,eps,km^2/s^2,1165,1165.0,0.0,-0.9209330656129802,0.041025323273180876,-0.9876014272426807,-0.8616027561560452,0.12599867108663554,-0.9892940415880593,-0.8467359604878761,0.1425580811001832,-0.03332798718464411,0.06535144405072887,0.08021823971889797,nan,nan
32,9,175498,backward,eps,km^2/s^2,2916,2916.0,0.0,-0.2443641231288322,0.011642520197098362,-0.2499162319493824,-0.21888619635573942,0.03103003559364298,-0.25275903114329945,-0.16428412650311375,0.0884749046401857,2.6046734554370135,0.023786585660938997,0.07838865551356466,nan,nan
32,10,9615,backward,eps,km^2/s^2,5112,5112.0,0.0,-0.8994117548932767,0.016534126807730372,-0.9278715678508328,-0.875817821253447,0.05205374659738582,-0.9352804809016575,-0.8425674902909528,0.0927129906107047,-0.09442717113390378,0.032291939826562324,0.05328680932049479,nan,nan
32,11,176287,backward,eps,km^2/s^2,17399,17399.0,0.0,-0.22903400656881534,0.013094900664246676,-0.24175458501716376,-0.19893682670062765,0.042817758316536114,-0.25216931944048854,-0.18758342679994644,0.0645858926405421,0.7969719451084173,0.03335044395907008,0.04470384385975129,nan,nan
32,12,31323,backward,eps,km^2/s^2,999,999.0,0.0,-0.8941359106416424,0.020854942142887443,-0.9271284661992789,-0.8632077607440405,0.06392070545523842,-0.9346633783788452,-0.8449916947173342,0.08967168366151101,-0.002388553963126445,0.037973189287959806,0.05618925531466612,nan,nan
32,13,156237,backward,eps,km^2/s^2,2360,2360.0,0.0,-0.17791155977685735,0.030142140226331254,-0.20186662765581223,-0.11493318591752458,0.08693344173828765,-0.23353948075764874,-0.1123828244365922,0.12115665632105654,0.5107291172300469,0.05745142585558862,0.06133814580036123,nan,nan
32,14,168732,backward,eps,km^2/s^2,13781,13781.0,0.0,-0.21626900324201592,0.010106015250666468,-0.22864084089175246,-0.1953426500184841,0.03329819087326835,-0.2472622190092194,-0.17368823923775817,0.07357397977146124,0.731242720584672,0.023941246857488774,0.04541996760182343,nan,nan
32,15,71849,backward,eps,km^2/s^2,4665,4665.0,0.0,-1.0035666413700692,0.01162377140520694,-1.0175419953393119,-0.9809872572490952,0.0365547380902167,-1.032726459212424,-0.9748868084248539,0.05783965078757003,0.34615055666629124,0.03152082384686006,0.03762127267110138,nan,nan
32,16,35338,backward,eps,km^2/s^2,1353,1353.0,0.0,-0.8525299518646325,0.007436754643961087,-0.8597737946245503,-0.8423822162829188,0.01739157834163152,-0.9876795864600938,-0.8282045309061612,0.1594750555539326,-8.704369777280494,0.010580346813823825,0.13662984503699116,nan,nan
32,17,49752,backward,eps,km^2/s^2,4094,4094.0,0.0,-0.9948357424016998,0.008189764803358996,-1.005986255454143,-0.978911491288375,0.02707476416576804,-1.0322597485080705,-0.9748154319099194,0.05744431659815108,0.25389187999539137,0.020629544667111907,0.03277280492276713,nan,nan
32,18,125038,backward,eps,km^2/s^2,14729,14729.0,0.0,-0.16501689805402708,0.02247646749805761,-0.2022249659969737,-0.13226716890599968,0.06995779709097402,-0.21015626276466431,-0.05273741918696473,0.15741884357769959,-0.048793535721570955,0.03788398995719207,0.11479714669477442,nan,nan
32,19,28151,backward,eps,km^2/s^2,1511,1511.0,0.0,-0.892879967392858,0.019986333373163176,-0.9307697593611742,-0.8658720876075641,0.06489767175361016,-0.94186762475247,-0.8473882159216521,0.09447940883081785,-0.31625883978562747,0.03595986623953762,0.05236309407663864,nan,nan
32,20,110896,backward,eps,km^2/s^2,1930,1930.0,0.0,-0.9547586949587294,0.026262818664404813,-0.9797165467979372,-0.9082857186120088,0.07143082818592839,-0.9842761492308703,-0.8535019507690318,0.13077419846183846,1.5013982091554252,0.045540450329133446,0.10032421817211046,nan,nan
32,21,22279,backward,eps,km^2/s^2,836,836.0,0.0,-0.8467694724253558,0.01835558734697912,-0.8816652796506571,-0.8432660339509326,0.03839924569972453,-1.0292198550497513,-0.8413147501543616,0.1879051048953897,-5.892190351250999,0.03490383590618318,0.1824584113052774,nan,nan
32,22,66366,backward,eps,km^2/s^2,884,884.0,0.0,-0.8616108016175238,0.016530636499466747,-0.893795677027246,-0.8438972167246376,0.04989846030260847,-0.9512593681359032,-0.8391363313669848,0.11212303676891833,-1.3138701510129027,0.03439015307354251,0.0736844816698552,nan,nan
32,23,151127,backward,eps,km^2/s^2,3679,3679.0,0.0,-0.2291688036746618,0.01968412863342578,-0.2516464585861596,-0.193707348977268,0.05793910960889159,-0.25253778735729787,-0.17120976104181895,0.08132802631547892,0.30671276151947224,0.04224388251219874,0.06474147044764778,nan,nan
32,24,68757,backward,eps,km^2/s^2,1656,1656.0,0.0,-0.9800720271850059,0.005872802174967148,-0.9867693305520924,-0.9754347966908831,0.011334533861209306,-1.0328612569408748,-0.9712650373850118,0.06159621955586303,-4.6767802123396045,0.006666349106163594,0.0526987684207203,nan,nan
32,25,117692,backward,eps,km^2/s^2,12097,12097.0,0.0,-0.17767869294133698,0.02067746942096541,-0.20945789104254195,-0.1451854181559027,0.06427247288663926,-0.21822507401780494,-0.05817614925192216,0.16004892476588278,0.37685137971225824,0.03731689450155451,0.12432616340553504,nan,nan
32,26,149482,backward,eps,km^2/s^2,7315,7315.0,0.0,-0.1681000354491924,0.03210648907913355,-0.20649201381561402,-0.11814693107943687,0.08834508273617715,-0.23186306394004969,-0.052686660463821866,0.17917640347622782,0.22944832150996136,0.053121104745726046,0.11842363790078636,nan,nan
32,27,167957,backward,eps,km^2/s^2,2,2.0,0.0,-0.24580280321905418,0.0029598223740810448,-0.24846664335572713,-0.24313896308238123,0.005327680273345903,-0.24876262559313522,-0.24284298084497313,0.0059196447481620895,nan,0.005623662510753985,0.0059196447481620895,nan,nan
32,28,14797,backward,eps,km^2/s^2,915,915.0,0.0,-0.836354326047968,0.0042585579437037155,-0.8434291514021967,-0.8316933786580493,0.011735772744147388,-0.8665942385262813,-0.8273098336599867,0.03928440486629459,-1.3143746846993887,0.007413209951732845,0.02996367002248923,nan,nan
32,29,24197,backward,eps,km^2/s^2,3810,3810.0,0.0,-0.9566736156430029,0.013930931684928443,-0.9779841399764514,-0.9338577850344016,0.04412635494204975,-0.983797693081812,-0.9238201124836822,0.05997758059812974,0.08216473035597507,0.024667801687142953,0.03130959789091059,nan,nan
32,30,45752,backward,eps,km^2/s^2,14795,14795.0,0.0,-0.8837738707317091,0.018982122101159286,-0.9147524284759718,-0.8559004280127078,0.058852000463264,-0.9370038763116468,-0.8436197577703193,0.09338411854132755,-0.07362651459765521,0.03848639202837369,0.050764633304566154,nan,nan
32,31,46081,backward,eps,km^2/s^2,1048,1048.0,0.0,-0.9678386852130374,0.01959037741120456,-0.9905297703777729,-0.9332192514948788,0.05731051888289407,-1.032801628880673,-0.919316651303328,0.11348497757734499,0.2334797374474099,0.03988858756741865,0.05996074875790747,nan,nan
32,0,144351,backward,e,-,45536,45536.0,0.0,0.6837148927275939,0.08734793739001397,0.5299264696057264,0.8048349235316693,0.2749084539259429,0.48791281010664467,0.8711263359947446,0.3832135258881,-0.17695275322004886,0.16927991389723207,0.21127520982498138,nan,nan
32,1,23915,backward,e,-,4583,4583.0,0.0,0.3463989083240222,0.04387514757387565,0.2875120165372307,0.42595660684500336,0.13844459030777267,0.27494090856700754,0.4434834107606282,0.16854250219362066,0.24922295975698064,0.07453374904940537,0.08922348845653816,nan,nan
32,2,19832,backward,e,-,1037,1037.0,0.0,0.18996240524251692,0.01861672861191088,0.1724861882083445,0.2298857508713889,0.05739956266304441,0.1687973804253869,0.2526748820753616,0.0838775016499747,0.7343357020774933,0.04242176793859956,0.06521089914257225,nan,nan
32,3,221195,backward,e,-,4353,4353.0,0.0,0.47190431240551006,0.09895869356844345,0.3605725644819513,0.670827483111468,0.3102549186295167,0.3503572148329607,0.7234018269407189,0.3730446121077582,0.5158688413529459,0.19467295619923053,0.2472473000284814,nan,nan
32,4,57501,backward,e,-,12951,12951.0,0.0,0.4394647639349073,0.029024766966155705,0.3931107857411006,0.4802614104881247,0.08715062474702412,0.25727919130321075,0.5702043312171212,0.31292513991391047,-0.499612729844033,0.04704678965452472,0.17783565339251795,nan,nan
32,5,127305,backward,e,-,3326,3326.0,0.0,0.6658888748442253,0.12688224653948996,0.4760260016422993,0.8644127857386292,0.38838678409632993,0.4389678397678123,0.8712782904839208,0.4323104507161085,0.0889370803433939,0.2243601926161927,0.23122569736148424,nan,nan
32,6,30062,backward,e,-,489,489.0,0.0,0.19444172582954206,0.02815343788360684,0.1700707265395601,0.24846445642588852,0.07839372988632842,0.16917606351019532,0.32878446048417515,0.15960839697397983,1.0795722656170152,0.05102613488188318,0.1313461389401698,nan,nan
32,7,8552,backward,e,-,2732,2732.0,0.0,0.4195183175941951,0.04059632253459019,0.3512903989018583,0.4810282888051335,0.12973788990327517,0.30658709770330833,0.49836524072798566,0.19177814302467733,-0.10216433643125643,0.07287245864933456,0.1172957610868186,nan,nan
32,8,36833,backward,e,-,1165,1165.0,0.0,0.39401651516321273,0.07664668318834664,0.2699126867682778,0.5048686370353761,0.2349559502670983,0.23103956517760432,0.5074424839431062,0.2764029187655019,-0.17593953198710166,0.1350197156009813,0.17389283719165477,nan,nan
32,9,175498,backward,e,-,2916,2916.0,0.0,0.3723373994364094,0.033899295349770896,0.3552988262567925,0.4481375579693327,0.0928387317125402,0.3462129695991155,0.5938893629455648,0.2476763933464493,2.426054776083621,0.0714195101213614,0.21717131509759352,nan,nan
32,10,9615,backward,e,-,5112,5112.0,0.0,0.3528238548568231,0.03290329437451505,0.3031553505082706,0.40644868820203395,0.10329333769376337,0.21825620010217733,0.419555786936638,0.20129958683446064,-0.03065700087776918,0.06236304032595681,0.12740455223803754,nan,nan
32,11,176287,backward,e,-,17399,17399.0,0.0,0.41795412031939205,0.03741270257323182,0.3804334099316721,0.5026904298117768,0.12225701988010473,0.3477742902692545,0.5330695074239917,0.18529521715473724,0.7405138852769156,0.09476519266977419,0.12514427028198916,nan,nan
32,12,31323,backward,e,-,999,999.0,0.0,0.34249056442567277,0.04304871365253651,0.27383286846628746,0.40523536815241523,0.13140249968612777,0.22526719672557866,0.41832231211123333,0.19305511538565467,-0.14552723769867554,0.08263679582354226,0.13120246756425108,nan,nan
32,13,156237,backward,e,-,2360,2360.0,0.0,0.5576007083181986,0.07765266152158529,0.4942359300737422,0.7176769745102041,0.22344104443646184,0.4034140446723346,0.7240336018045388,0.3206195571322042,0.48343539755333187,0.145762665440024,0.16907471677885771,nan,nan
32,14,168732,backward,e,-,13781,13781.0,0.0,0.45419410644117314,0.02790524152320685,0.4189570763747006,0.5108681309450098,0.09191105457030924,0.36280055201138134,0.5696111303873903,0.20681057837600897,0.6552638375236604,0.06580718341385133,0.12382394287690951,nan,nan
32,15,71849,backward,e,-,4665,4665.0,0.0,0.5287148118783738,0.01723325424715382,0.4946726121601932,0.5489224138495375,0.054249801689344346,0.48529158983379594,0.570207652630325,0.08491606279652908,-0.3820306972904152,0.04705307021039608,0.05643409253679332,nan,nan
32,16,35338,backward,e,-,1353,1353.0,0.0,0.24711114370842593,0.017516608762193676,0.21880081908329765,0.2657259462748311,0.04692512719153344,0.1721287398000112,0.5049891218067168,0.33286038200670565,4.402134205028404,0.028482988501874144,0.26184065677463947,nan,nan
32,17,49752,backward,e,-,4094,4094.0,0.0,0.515784971134742,0.012327907950197756,0.4914889663253318,0.5322593230364375,0.04077035671110574,0.4851779411170938,0.5695487870921859,0.08437084597509215,-0.2940164996875609,0.031263373397677804,0.046868096720866004,nan,nan
32,18,125038,backward,e,-,14729,14729.0,0.0,0.5907428280898241,0.058274172888322796,0.49250525709366727,0.6741642395308607,0.18165898243719342,0.47097834795344146,0.8712211020512518,0.40024275409781035,-0.08409205395016156,0.09825136474076565,0.28697998284344417,nan,nan
32,19,28151,backward,e,-,1511,1511.0,0.0,0.33990301537307366,0.040579009745057765,0.2802360603547447,0.4117137639027336,0.13147770354798893,0.2332810548514386,0.43106229160914256,0.19778123675770395,0.13823537896467353,0.07428354401925555,0.120337430278429,nan,nan
32,20,110896,backward,e,-,1930,1930.0,0.0,0.45284521210510453,0.047830457287609776,0.37054976904754955,0.492822713997816,0.12227294495026647,0.2498003255025303,0.49984878133064076,0.2500484558281104,-1.8880331188593646,0.08083925653583246,0.2015887000808517,nan,nan
32,21,22279,backward,e,-,836,836.0,0.0,0.23125237498906026,0.03819421377295498,0.22133390451332027,0.3164401638455096,0.09510625933218933,0.21555799883310942,0.5653666074458314,0.349808608612722,4.887527865813146,0.08519584385549663,0.3341222874558185,nan,nan
32,22,66366,backward,e,-,884,884.0,0.0,0.2700002325854929,0.03816122132123719,0.22317157317334216,0.34113826132566893,0.11796668815232678,0.2091809857083188,0.44675174450892535,0.23757075880060655,0.9057515415772852,0.08537543503094634,0.13925232278508065,nan,nan
32,23,151127,backward,e,-,3679,3679.0,0.0,0.4165459928905202,0.0562010710628353,0.3497248798014073,0.5146504270779118,0.16492554727650444,0.34694080348613904,0.5760450859956427,0.2291042825095037,0.26142421503740215,0.11835121341605608,0.17974587233378703,nan,nan
32,24,68757,backward,e,-,1656,1656.0,0.0,0.4933382072162238,0.008805652359143056,0.4861054665153646,0.5036082588125285,0.01750279229716384,0.47957635350475164,0.57038823861696,0.09081188511220833,4.408790124975234,0.010263728900885144,0.0769363622708526,nan,nan
32,25,117692,backward,e,-,12097,12097.0,0.0,0.5577817945246845,0.054191119237196404,0.4721570346988227,0.6414986125676709,0.16934157786884824,0.4473310529173248,0.8579553378414655,0.4106242849241407,0.3122843956920435,0.09677747197418678,0.31309539500061234,nan,nan
32,26,149482,backward,e,-,7315,7315.0,0.0,0.5828951863380325,0.08287051100455292,0.48151939395839694,0.7096769171743955,0.22815752321599858,0.40831228196744646,0.8713416161528794,0.46302933418543296,0.19497854752598237,0.13516313350024328,0.2960964935017474,nan,nan
32,27,167957,backward,e,-,2,2.0,0.0,0.3677321360631841,0.008207623147010346,0.3603452752308748,0.37511899689549344,0.014773721664618655,0.35952451291617377,0.37593975921019446,0.01641524629402069,nan,0.015594483979319656,0.01641524629402069,nan,nan
32,28,14797,backward,e,-,915,915.0,0.0,0.20016322048719729,0.013150677322847158,0.1845220786409822,0.22169440998159867,0.03717233134061648,0.16895865707661148,0.2813253931640299,0.1123667360874184,0.876110412889953,0.024100925521387196,0.08025733555535194,nan,nan
32,29,24197,backward,e,-,3810,3810.0,0.0,0.45590444392796364,0.02302307753866873,0.41710200502015693,0.4900055027852945,0.07290349776513755,0.39924121447183325,0.49900630014504865,0.0997650856732154,-0.14024199201019188,0.04060411736329823,0.05408985642016362,nan,nan
32,30,45752,backward,e,-,14795,14795.0,0.0,0.320862647834353,0.040893326886532674,0.255731270509154,0.3826620749506514,0.1269308044414974,0.2224004341256186,0.42241802438394,0.2000175902583214,-0.05924958139781746,0.08722242394625176,0.12055326032978719,nan,nan
32,31,46081,backward,e,-,1048,1048.0,0.0,0.4740240110119078,0.03177168228993884,0.41606416584802564,0.5093176159376542,0.0932534500896286,0.39126833486501844,0.5703028197356329,0.17903448487061446,-0.30990080383186286,0.0662671795823079,0.09069822327515664,nan,nan
32,0,144351,backward,w,deg,45536,45536.0,0.0,-0.6756680737449301,4.182463745392517,-5.163040591654543,9.684718244300797,14.84775883595534,-8.976981506421538,13.77511584689509,22.75209735331663,1.2108069586159302,11.210517290670744,15.30091489326503,16.49328555385609,0.9973407866925695
32,1,23915,backward,w,deg,4583,4583.0,0.0,-0.09424303134551337,1.7982978251110733,-2.8543421385850762,3.0631931473645997,5.9175352859496755,-3.7003822957349257,3.9336837030220977,7.634065998757023,0.12590407026778452,4.5724662770240565,5.418506434173906,190.42002744511973,0.9995075392800603
32,2,19832,backward,w,deg,1037,1037.0,0.0,3.0088299656087827,14.199993174875202,-23.860978378769403,17.79732682888832,41.65830520765772,-26.379889664994096,20.474652292632413,46.85454195762651,-0.36424422310223836,31.919409166560794,34.43832045278549,194.67951088747924,0.9695621517186277
32,3,221195,backward,w,deg,4353,4353.0,0.0,-3.0828381760235004,7.816077205125451,-7.67792707271945,13.450531092533376,21.128458165252827,-8.024931139143177,14.351551787969669,22.376482927112846,0.6484400290795046,19.324942159381134,20.225962854817425,15.945088062137268,0.990722228090417
32,4,57501,backward,w,deg,12951,12951.0,0.0,-0.15823608372036801,5.061354403861941,-7.413897178121957,8.454391448105497,15.868288626227454,-29.310535730698774,16.221922769505653,45.53245850020443,0.07660416916881467,10.569081446277082,27.359570185913242,200.23136754549867,0.9961085454318974
32,5,127305,backward,w,deg,3326,3326.0,0.0,2.6721439578595465,5.9646933095945,-9.148457972765144,8.377073029713777,17.52553100247892,-9.423574386317767,14.148069476329255,23.571643862647022,-0.32373933086408085,12.100090133455737,12.37520654700839,16.94882664199308,0.9945912028236887
32,6,30062,backward,w,deg,489,489.0,0.0,4.964619927738596,15.153196902219864,-28.459655034522722,16.342473442743568,44.802128477266294,-32.534827547466705,17.587289920096765,50.12211746756347,-0.6516729071621764,38.254139241890165,42.32931175483415,199.64240518560368,0.9654454434447789
32,7,8552,backward,w,deg,2732,2732.0,0.0,-1.2655634534800555,6.120094052126787,-3.0573356382944468,9.346464896142148,12.403800534436595,-3.484093318602362,35.04374341631208,38.527836734914445,4.247931358305253,10.926700104693335,36.62397862486327,181.71076270846294,0.9944075891834082
32,8,36833,backward,w,deg,1165,1165.0,0.0,-0.4777447754437105,7.231297393987077,-4.514569015308456,16.593148895911934,21.10771791122039,-28.24518102876823,21.44159303818131,49.68677406694954,-0.27481670211778336,21.13403758139715,26.30991870079083,195.38227200215894,0.9921229689936555
32,9,175498,backward,w,deg,2916,2916.0,0.0,0.4061286323180582,6.006731015118306,-9.802914938812819,8.371039082442266,18.173954021255085,-11.592680457871722,9.108154827216225,20.700835285087948,-0.19469086703002295,15.744999120027416,17.53476463908629,19.775125469214203,0.9945135254875695
32,10,9615,backward,w,deg,5112,5112.0,0.0,-0.4985018195380633,3.6983828979167086,-3.9807758916289515,7.689403810271644,11.670179701900596,-18.403493339745467,30.92752074004173,49.331014079787195,2.926838088758882,8.391357167629035,31.571205521946126,185.91171788496,0.9979324417449603
32,11,176287,backward,w,deg,17399,17399.0,0.0,-0.5314660132109736,5.491818492316434,-7.735063305481802,8.593795073629245,16.328858379111047,-9.82178608944622,12.366957298656928,22.18874338810315,0.20204926569263135,13.373566567762522,15.460289351726942,18.413027676180054,0.9954126846728559
32,12,31323,backward,w,deg,999,999.0,0.0,-1.309670015216284,9.484853155475989,-4.78698064903827,20.343148208723065,25.130128857761335,-29.4164315209741,20.980814272885198,50.3972457938593,0.1000176814113855,22.12012481603353,28.20498234637583,196.474003712151,0.986479772321034
32,13,156237,backward,w,deg,2360,2360.0,0.0,0.02933807984162229,2.930634419805814,-4.865542132767446,5.936052002407813,10.80159413517526,-6.911748834141349,11.733409588077194,18.645158422218543,1.2875744360125736,7.02650038366709,10.969881400811602,18.686857620430953,0.9986940088272975
32,14,168732,backward,w,deg,13781,13781.0,0.0,0.4571024722953041,3.8340248306204843,-6.936841566519945,4.585810828202,11.522652394721945,-13.012981819734534,9.809783736612502,22.822765556347036,-0.5023497038127854,9.260849043139814,15.336989296354403,21.29357505513542,0.9977635716290072
32,15,71849,backward,w,deg,4665,4665.0,0.0,-0.4189734436220931,6.448049608539797,-9.056051192750022,11.165379817735737,20.22143101048576,-10.75192300268634,14.095337503279694,24.847260505966034,0.2561216815059254,10.802416116495488,13.491653253054977,190.12522301693113,0.9936803783089782
32,16,35338,backward,w,deg,1353,1353.0,0.0,-0.21078114195066178,4.4905286552114445,-6.083718164686473,7.929851977210203,14.013570141896675,-40.633393568291524,9.227917893112561,49.861311461404085,-2.384678904712025,8.25191668701812,40.9791302050744,207.76511644248274,0.9969653352402478
32,17,49752,backward,w,deg,4094,4094.0,0.0,-0.9756403137291727,4.987264654897327,-6.694013367188151,9.812994259380975,16.507007626569127,-15.967679498369847,13.118296925059099,29.085976423428946,0.6130022576741612,12.720604790130821,16.025342334091874,190.74989155940108,0.996217996570342
32,18,125038,backward,w,deg,14729,14729.0,0.0,-0.042837257365846426,1.624603308282809,-2.178953851675891,2.1392518235072258,4.318205675183117,-15.272781352940086,7.842826711301626,23.115608064241712,-1.3010939662350944,2.729270878665156,15.533766241941834,22.822452310397445,0.9995985730724424
32,19,28151,backward,w,deg,1511,1511.0,0.0,-5.639987938041742,10.750947156343358,-9.7262185249066,16.478426378156442,26.20464490306304,-33.424057926752454,16.82584342143059,50.249901348183045,0.5191541980536466,22.95914010216184,26.994437142191657,200.52346409852782,0.9825056610786463
32,20,110896,backward,w,deg,1930,1930.0,0.0,2.6479255620650974,9.561296190891918,-15.648933879933086,10.493028995054656,26.14196287498774,-25.898989464115033,12.6698749457303,38.56886440984533,-1.081940934171296,19.877772026100136,30.127827610282083,204.53171906387007,0.9861784043444305
32,21,22279,backward,w,deg,836,836.0,0.0,-0.6793671557076095,5.214272014705677,-6.50289363491305,11.696416487450989,18.19931012236404,-31.524202142138677,14.157299997621749,45.681502139760426,0.8381028543393693,13.660273241947998,29.594412445386382,203.04286191873854,0.9958746620594249
32,22,66366,backward,w,deg,884,884.0,0.0,9.841281873239353,18.998317169542226,-37.17406487272187,11.076029389180409,48.25009426190228,-37.412214167824715,11.29878504900222,48.710999216826934,-1.3266194114536847,47.990293884804615,48.22844317990746,204.61008758478184,0.9464631393994766
32,23,151127,backward,w,deg,3679,3679.0,0.0,3.504066965661849,6.498246605490036,-14.31719745024319,5.210931178186115,19.528128628429307,-17.436960753821126,5.397287643317583,22.83424839713871,-1.1857425451345533,18.02528121321737,21.14504451679531,25.555403562353366,0.9935899668160293
32,24,68757,backward,w,deg,1656,1656.0,0.0,0.0017117113922893168,3.1405467348180274,-3.915636608607379,4.614309935337737,8.529946543945115,-22.194048427981244,6.742110261895476,28.93615868987672,-1.6688678661085443,6.01528816554557,20.9577571091518,196.30014029163448,0.9985024747656779
32,25,117692,backward,w,deg,12097,12097.0,0.0,1.6755701805337821,4.936402732218613,-14.504069379126161,4.636158749702312,19.140228128828472,-16.8418347006899,6.681995253193747,23.52382995388365,-2.0506850766552294,16.307592641623256,18.645357963186996,24.404361384476534,0.996303507903355
32,26,149482,backward,w,deg,7315,7315.0,0.0,0.015120577965319626,3.658361854105444,-6.420656456179832,7.768403642088233,14.189060098268065,-12.11485188700982,10.972014709915129,23.08686659692495,0.09460031908337452,9.102319720952423,12.76199630006164,19.6175599542633,0.9979656517456247
32,27,167957,backward,w,deg,2,2.0,0.0,0.0,5.443379479999578,-4.89904153199962,4.89904153199962,9.79808306399924,-5.443379479999578,5.443379479999578,10.886758959999156,nan,10.342421011999198,10.886758959999156,21.81078212563554,0.9954904284780487
32,28,14797,backward,w,deg,915,915.0,0.0,2.4629980294861866,8.654406268758986,-16.973966421254055,11.763875775815073,28.737842197069128,-28.471367912522084,18.53535686645705,47.006724778979134,-0.957861810876116,18.965538593580916,30.462940084848952,195.96498454590653,0.988679250020667
32,29,24197,backward,w,deg,3810,3810.0,0.0,-1.0066718147699447,5.4351631867829,-4.609957992565754,17.411475714765032,22.021433707330786,-14.393285297064466,24.585558777912382,38.97884407497685,2.7765107980886627,19.318639729486932,26.492722792634282,186.96004935856791,0.995536881218151
32,30,45752,backward,w,deg,14795,14795.0,0.0,-0.15596179710266256,5.105096528456755,-7.028569187837275,7.433493024261562,14.462062212098836,-36.49019016841996,14.035203182361926,50.52539335078188,-0.5986218062928199,8.33860017556905,35.842048135658956,203.6450081512666,0.9960518788302799
32,31,46081,backward,w,deg,1048,1048.0,0.0,-3.1624949922645413,6.487463012463799,-4.579720452041971,15.356473458415884,19.936193910457856,-20.725290731993113,19.635797082934374,40.36108781492749,1.4595315533596067,19.61614516256092,23.89546878707941,194.47651852379119,0.9936188412600202
32,0,144351,forward,eps,km^2/s^2,45536,45535.0,1.0,-0.1302240579373629,0.03646721055345067,-0.19225041692338993,-0.08013890505056441,0.11211151187282552,-0.841795732306269,-0.06741220713151774,0.7743835251747513,-0.7953325724167211,0.07557249930984297,0.7251178146927221,nan,nan
32,1,23915,forward,eps,km^2/s^2,4583,4583.0,0.0,-1.004892478482116,0.009643455938940833,-1.0175234802481388,-0.9860821784389298,0.03144130180920901,-1.0207437894405547,-0.9803000232315546,0.04044376620900003,0.3309307654365619,0.02685642041076192,0.0326385756181371,nan,nan
32,2,19832,forward,eps,km^2/s^2,1037,1037.0,0.0,-0.22947189984661132,0.03598544078244953,-0.24822675863188495,-0.13165146955080245,0.1165752890810825,-0.2527828516333516,-0.07789858299212749,0.17488426864122414,1.4093400197023258,0.07900747939880633,0.1327603659574813,nan,nan
32,3,221195,forward,eps,km^2/s^2,4353,4352.0,1.0,-0.8590743066137823,0.0335560305210555,-0.9660444916536671,-0.8342013468844763,0.1318431447691908,-1.0304345772281724,-0.8278679467382324,0.20256663048994006,-2.203460965960598,0.10646744536801107,0.17085753094251643,nan,nan
32,4,57501,forward,eps,km^2/s^2,12951,12951.0,0.0,-0.20092686846388647,0.030168754064113453,-0.2260502984669934,-0.13980216815075475,0.08624813031623865,-0.8822466556587749,-0.12486179477794379,0.7573848608808311,-1.9159001198158332,0.059795956109397835,0.6826934894632185,nan,nan
32,5,127305,forward,eps,km^2/s^2,3326,3326.0,0.0,-0.8817279816168556,0.05125149198622566,-0.9836914584117947,-0.8357540934734399,0.14793736493835485,-1.0326474300605972,-0.11376874780057283,0.9188786822600243,1.1646693349940958,0.08906909176271088,0.8097021043743742,nan,nan
32,6,30062,forward,eps,km^2/s^2,489,489.0,0.0,-0.9268035700499566,0.04252115992837436,-0.9912127364072472,-0.8641318077821893,0.12708092862505782,-0.9933002973532914,-0.8328467911070134,0.16045350624627797,0.0580802104766547,0.07420423540046825,0.08478108850697152,nan,nan
32,7,8552,forward,eps,km^2/s^2,2732,2732.0,0.0,-0.8965716204118825,0.021663215138918133,-0.948930946984762,-0.8793272771007457,0.06960366988401634,-0.994525671553609,-0.834785121392589,0.15974055016102007,-2.498626923075696,0.05698097292632249,0.10147382113933512,nan,nan
32,8,36833,forward,eps,km^2/s^2,1165,1164.0,1.0,-0.17863125115558054,0.11574152568288011,-0.21089311282253173,-0.09007264982972811,0.12082046299280362,-0.9200026708659537,-0.052813300245758366,0.8671893706201953,-5.132218379337161,0.11255966606419229,0.7447254364955413,nan,nan
32,9,175498,forward,eps,km^2/s^2,2916,2915.0,1.0,-0.8429648604079263,0.02465619360349583,-0.8761572068471408,-0.828651741938847,0.04750546490829377,-1.0315678916030597,-0.8280981773283629,0.20346971427469684,-3.869393092203459,0.04662632410597653,0.20203700886189546,nan,nan
32,10,9615,forward,eps,km^2/s^2,5112,5112.0,0.0,-0.9465346482526951,0.02426825277280716,-0.9798166834438388,-0.910817974007269,0.06899870943656972,-0.9897243341615054,-0.8311214499176758,0.15860288424382962,0.6339373640644803,0.041411389993409695,0.10860563035453841,nan,nan
32,11,176287,forward,eps,km^2/s^2,17399,17399.0,0.0,-0.8865142995004769,0.02341958816108609,-0.9301453741032173,-0.8582078022496069,0.07193757185361038,-1.0287733105909567,-0.13712850658317932,0.8916448040077773,1.1130904354876732,0.04242234136150874,0.7512608367951927,nan,nan
32,12,31323,forward,eps,km^2/s^2,999,999.0,0.0,-0.9090700200581843,0.040665646992292664,-0.9718663722092427,-0.8324061852196563,0.1394601869895864,-1.0278882075085236,-0.8273640652606364,0.20052414224788717,0.05140842733974909,0.08918549420020794,0.10790535760818143,nan,nan
32,13,156237,forward,eps,km^2/s^2,2360,2360.0,0.0,-0.23448679329542077,0.021561077630205178,-0.2517094789597693,-0.1860530887664116,0.0656563901933577,-0.2525029720023428,-0.16596547588053123,0.08653749612181155,0.8015646430409987,0.04836043572063783,0.06844804860651821,nan,nan
32,14,168732,forward,eps,km^2/s^2,13781,13781.0,0.0,-0.9369230180141144,0.022360591726531386,-0.9646054744272994,-0.9058248215968483,0.058780652830451086,-1.0328225762440004,-0.8302300174080461,0.20259255883595428,0.594490788010133,0.03747865746727941,0.102716404328838,nan,nan
32,15,71849,forward,eps,km^2/s^2,4665,4665.0,0.0,-0.8937758933863686,0.029961296269784842,-0.9454254371584796,-0.8676055520615105,0.07781988509696913,-1.032100959715513,-0.251298539201006,0.7808024205145071,5.894907470727197,0.04758596040614501,0.6508997675966474,nan,nan
32,16,35338,forward,eps,km^2/s^2,1353,1353.0,0.0,-0.10283041796943937,0.12305101229004442,-0.18753912356703678,-0.0550250936730412,0.13251402989399558,-0.9082024394148789,-0.05304384530966044,0.8551585941052184,-5.410055521073912,0.09686301187858472,0.8175263277264269,nan,nan
32,17,49752,forward,eps,km^2/s^2,4094,4094.0,0.0,-0.9648300258278828,0.03166264576501283,-0.9975487762874813,-0.9122028890614907,0.08534588722599057,-1.0008518113595941,-0.8276125597326043,0.17323925162698983,1.050647911661487,0.04465570577342654,0.12924603510231303,nan,nan
32,18,125038,forward,eps,km^2/s^2,14729,14729.0,0.0,-0.9594744327800271,0.023066507239457794,-0.982614936953597,-0.9175841113840908,0.06503082556950623,-0.989611434359214,-0.827719976907938,0.16189145745127598,1.4162351790441503,0.03525073346680481,0.12259461838714114,nan,nan
32,19,28151,forward,eps,km^2/s^2,1511,1511.0,0.0,-0.9206454531064014,0.04876202979875617,-0.991106981663993,-0.8419890243547135,0.14911795730927957,-1.0327283412741601,-0.827686036318954,0.20504230495520614,0.07282034674022818,0.07840132205579986,0.11338286560011879,nan,nan
32,20,110896,forward,eps,km^2/s^2,1930,1930.0,0.0,-0.9183549933903484,0.03796927761581607,-0.9846155349976522,-0.867222852709174,0.11739268228847821,-0.9931867247036918,-0.8287056310878971,0.16448109361579477,-0.10869658089485669,0.06931720026445938,0.09071221635617688,nan,nan
32,21,22279,forward,eps,km^2/s^2,836,836.0,0.0,-0.8460008268030551,0.033889564043505696,-0.8968275143013232,-0.832957009040833,0.0638705052604902,-1.0274382125404289,-0.2067668640211714,0.8206713485192575,6.946143553028148,0.05307015668728032,0.6370523615104037,nan,nan
32,22,66366,forward,eps,km^2/s^2,884,884.0,0.0,-0.2448996760244035,0.017225434798088808,-0.25014727757520017,-0.19626261331264452,0.05388466426255564,-0.2512161162821495,-0.1682451153222605,0.08297100095988902,1.7640097242212176,0.04043217182838252,0.06844966981876655,nan,nan
32,23,151127,forward,eps,km^2/s^2,3679,3679.0,0.0,-0.16924109575487123,0.03345982159272889,-0.20492425364268707,-0.1139757869984517,0.09094846664423537,-0.2515543664836237,-0.05474438652019287,0.19680997996343086,0.04913123015271723,0.0476183488486441,0.1029810602384646,nan,nan
32,24,68757,forward,eps,km^2/s^2,1656,1656.0,0.0,-0.15037333934167257,0.0698333842288607,-0.21135853109236197,-0.12853524480726583,0.08282328628509614,-0.8983375976782122,-0.058849219021311905,0.8394883786569003,-8.532390417573453,0.06284938510718235,0.7490477099369094,nan,nan
32,25,117692,forward,eps,km^2/s^2,12097,12097.0,0.0,-0.8905188593336275,0.02645019274743568,-0.9455010076478524,-0.8590781553505842,0.0864228522972682,-1.0317073589652344,-0.8277135739962949,0.2039937849689395,-0.6676762419162828,0.05897117289075657,0.14517752420813856,nan,nan
32,26,149482,forward,eps,km^2/s^2,7315,7312.0,3.0,-0.17045184245063877,0.08292686477210208,-0.2076032389342398,-0.11890246957798992,0.08870076935624988,-0.8815431542326329,-0.05270234629178039,0.8288408079408525,-6.7986353349280675,0.04730759559261363,0.7173051268686153,nan,nan
32,27,167957,forward,eps,km^2/s^2,2,2.0,0.0,-0.9173630772820028,0.06664816756636693,-0.9773464280917331,-0.8573797264722726,0.11996670161946055,-0.9840112448483698,-0.8507149097156359,0.13329633513273387,nan,0.12663151837609718,0.13329633513273387,nan,nan
32,28,14797,forward,eps,km^2/s^2,915,914.0,1.0,-0.8403996918157344,0.1612957068489389,-0.8964183540628923,-0.6192600630044521,0.27715829105844014,-0.9975364195935326,-0.05276686662596186,0.9447695529675707,4.0087417865283825,0.3156679784213088,0.7862355131461646,nan,nan
32,29,24197,forward,eps,km^2/s^2,3810,3810.0,0.0,-0.9697576481618317,0.031171650158629067,-1.0020470838303777,-0.9123675853219883,0.08967949850838941,-1.0054497765044026,-0.8349383250161804,0.17051145148822222,0.7210714200159141,0.05009622144019238,0.1275254817460003,nan,nan
32,30,45752,forward,eps,km^2/s^2,14795,14795.0,0.0,-0.21191457734387809,0.029922586783825533,-0.24019524442732676,-0.15463031628892698,0.08556492813839978,-0.9877261111691635,-0.05380482852379065,0.9339212826453729,-0.48832562231198423,0.0609910848677323,0.7721247240703412,nan,nan
32,31,46081,forward,eps,km^2/s^2,1048,1048.0,0.0,-0.9295559239626754,0.04272761243690733,-0.987130765556461,-0.8489022416782416,0.13822852387821938,-1.0325359196395478,-0.8275074922779899,0.2050284273615579,0.40149694618660603,0.0894936806935168,0.1065861109485351,nan,nan
32,0,144351,forward,e,-,45536,45535.0,1.0,0.6796358861554429,0.09089073542143053,0.5199783474526021,0.8039579300045169,0.2839795825519148,0.2073914284595431,0.835234226010017,0.6278427975504739,-0.21427911789534226,0.1935986023104584,0.5061855213035175,nan,nan
32,1,23915,forward,e,-,4583,4583.0,0.0,0.5306324668972786,0.014228356194730925,0.5025788834445055,0.5488835742265442,0.04630469078203869,0.49372345246199223,0.5534628012741507,0.05973934881215848,-0.36455409602786415,0.03976590536761869,0.048621336350131994,nan,nan
32,2,19832,forward,e,-,1037,1037.0,0.0,0.4159387849902283,0.09743260859534016,0.35999233865114266,0.6759854261273096,0.31599308747616695,0.3461726392920899,0.8096607620596151,0.4634881227675252,1.3040852490366133,0.20495321642121575,0.33862855235352124,nan,nan
32,3,221195,forward,e,-,4353,4352.0,1.0,0.26389127803818546,0.06884854010111238,0.19274990079582888,0.47115763789238413,0.27840773709655525,0.17105284302764806,0.5670128555665018,0.39596001253885377,1.714977402888594,0.20603886832908686,0.30189408600320455,nan,nan
32,4,57501,forward,e,-,12951,12951.0,0.0,0.4963249510791039,0.07545896945122639,0.42660964813972824,0.6551078332299538,0.22849818509022557,0.18369145822920252,0.6927921083763081,0.5091006501471056,0.5530887515829369,0.15559571159354663,0.31591629873309945,nan,nan
32,5,127305,forward,e,-,3326,3326.0,0.0,0.3163655106312402,0.09823751827182801,0.1997355618762371,0.49893111158396575,0.29919554970772866,0.1705844038257078,0.7205663889073746,0.5499819850816667,0.33508547270607475,0.19961029007777095,0.32192414569454775,nan,nan
32,6,30062,forward,e,-,489,489.0,0.0,0.4046400636170488,0.07875260652892518,0.2760569139753316,0.5103490680753425,0.23429215410001092,0.18798105547145658,0.5134857390694381,0.32550468359798146,-0.27213731720540174,0.12500733954719848,0.1999192448765245,nan,nan
32,7,8552,forward,e,-,2732,2732.0,0.0,0.34705275534551544,0.04026391100272396,0.31085375788258984,0.44323296529102885,0.132379207408439,0.19543797406147564,0.5153228251799941,0.3198848511185184,1.7986819738862567,0.10917546502411907,0.17537417251338705,nan,nan
32,8,36833,forward,e,-,1165,1164.0,1.0,0.5555552375488377,0.10845502350080688,0.46939541938599494,0.77966941486477,0.3102739954787751,0.17192591343746522,0.8710333686233579,0.6991074551858927,0.3740339794746769,0.25787597708222076,0.3923991427633615,nan,nan
32,9,175498,forward,e,-,2916,2915.0,1.0,0.22063937264400169,0.05626640188786738,0.17387317921981285,0.3043453399862469,0.13047216076643406,0.17189723978097268,0.5685885703492667,0.396691330568294,2.337235680626366,0.12704659365458915,0.3912898240176089,nan,nan
32,10,9615,forward,e,-,5112,5112.0,0.0,0.43890133785749447,0.04301152292852732,0.37497088888043734,0.4928656324206979,0.11789474354026058,0.18216940063514422,0.508097095251802,0.3259276946166578,-1.0624638932064507,0.06759243627926352,0.24509972924127046,nan,nan
32,11,176287,forward,e,-,17399,17399.0,0.0,0.326702145174347,0.046465353601390015,0.2616295772491281,0.41077950084294146,0.14914992359381335,0.1705702237646053,0.6620800671306087,0.49150984336600345,0.5262620231964193,0.08304382329928096,0.33147240140289175,nan,nan
32,12,31323,forward,e,-,999,999.0,0.0,0.3717964765871293,0.08264821492487937,0.18650303084220282,0.4804346761243464,0.2939316452821436,0.16922882581967422,0.5635166759730738,0.3942878501533995,-0.45239723141048505,0.2057533954649278,0.2230276004874566,nan,nan
32,13,156237,forward,e,-,2360,2360.0,0.0,0.40077569064488805,0.06107442121599359,0.3495961979596639,0.5351603513189545,0.18556415335929055,0.3470213036894984,0.5895785775390109,0.24255727384951248,0.7382795859792652,0.13435731930440445,0.18877554552446085,nan,nan
32,14,168732,forward,e,-,13781,13781.0,0.0,0.4226517290001086,0.04095537514828271,0.3656537536291974,0.46893530356058455,0.10328154993138716,0.17989934961581472,0.5703371426776247,0.39043779306181,-1.2282452925171279,0.06309456139374459,0.2307565851672334,nan,nan
32,15,71849,forward,e,-,4665,4665.0,0.0,0.3416007023621391,0.04914130887650247,0.28440970040814045,0.4373180985851773,0.15290839817703683,0.18007335031348148,0.5693491207314456,0.38927577041796413,0.54985767754776,0.08810274438570431,0.21092169671961536,nan,nan
32,16,35338,forward,e,-,1353,1353.0,0.0,0.748251972966084,0.11587291518994622,0.5325814982661374,0.8656318635239941,0.3330503652578567,0.17333596824877287,0.8704757403732265,0.6971397721244537,-1.4627469841404135,0.24566180967206702,0.6049073396894319,nan,nan
32,17,49752,forward,e,-,4094,4094.0,0.0,0.46916607068079563,0.0557887155305971,0.377683170508125,0.5198264385403004,0.14214326803217542,0.17019078829443438,0.5247298100561147,0.3545390217616804,-1.5551883215761872,0.07851677094747923,0.2860091531611698,nan,nan
32,18,125038,forward,e,-,14729,14729.0,0.0,0.4605790238566051,0.041128044283002964,0.38788797572224554,0.4972451307516064,0.10935715502936089,0.17054475624136034,0.5079289128749084,0.33738415663354804,-2.062126706854641,0.058480154043258174,0.2748802498626577,nan,nan
32,19,28151,forward,e,-,1511,1511.0,0.0,0.3937061202551223,0.09484323796122178,0.2177044976759125,0.5101946541706843,0.29249015649477184,0.17045320168597958,0.5702003834770726,0.39974718179109303,-0.37117562514539293,0.17625921600322564,0.22086625583926736,nan,nan
32,20,110896,forward,e,-,1930,1930.0,0.0,0.3892331638165932,0.07135872720810862,0.28343945012003097,0.5003164066422288,0.2168769565221978,0.1744036454699824,0.5133298247811633,0.33892617931118085,-0.1674805695428997,0.11701698870581148,0.21679436487806367,nan,nan
32,21,22279,forward,e,-,836,836.0,0.0,0.22919789889315687,0.05735663581605766,0.18891866792953615,0.34816575098740943,0.15924708305787327,0.17113966710954176,0.5628345597321259,0.39169489262258417,2.28721445413646,0.12524324166352963,0.3399120504082461,nan,nan
32,22,66366,forward,e,-,884,884.0,0.0,0.37084251262375256,0.04956284361541709,0.3545316753545597,0.5101406144851158,0.15560893913055612,0.35112196207445245,0.5836957494325101,0.23257378735805767,1.6606226799775579,0.11348172711774634,0.18703686206514064,nan,nan
32,23,151127,forward,e,-,3679,3679.0,0.0,0.5796774058781566,0.08678306292411721,0.4847180241740022,0.7200871969480155,0.23536917277401326,0.349972278472357,0.86633780657164,0.5163655280992829,-0.019310724958357894,0.12566727506611647,0.2598687815714207,nan,nan
32,24,68757,forward,e,-,1656,1656.0,0.0,0.6283000335310425,0.07429355646616664,0.4680233060685861,0.6835950236800695,0.21557171761148342,0.17332534009759565,0.8563122445220511,0.6829869044244554,-2.0091810221674145,0.16539307896405286,0.45785447841114973,nan,nan
32,25,117692,forward,e,-,12097,12097.0,0.0,0.334985060652124,0.053351130886280136,0.2636868817135343,0.4374378758782372,0.17375099416470285,0.17053525493279453,0.5687824394814771,0.3982471845486826,0.35230943376035456,0.11403009901044384,0.24214315892351845,nan,nan
32,26,149482,forward,e,-,7315,7312.0,3.0,0.5769555142764524,0.09171488906558858,0.47846799911812105,0.7077381668288507,0.22927016771072967,0.24291428584937888,0.8713080396266609,0.628393753777282,-0.34125089126528113,0.11988695534422551,0.3501196185012555,nan,nan
32,27,167957,forward,e,-,2,2.0,0.0,0.3708779078695199,0.12849272799673195,0.25523445267246114,0.48652136306657867,0.23128691039411753,0.24238517987278793,0.49937063586625186,0.2569854559934639,nan,0.24413618319379068,0.2569854559934639,nan,nan
32,28,14797,forward,e,-,915,914.0,1.0,0.21810219539806974,0.12170039356374653,0.18975135290044176,0.49261694579944426,0.3028655928990025,0.171776542593248,0.8711452962979094,0.6993687537046613,3.550439053238952,0.28410901106928166,0.6626373615677468,nan,nan
32,29,24197,forward,e,-,3810,3810.0,0.0,0.47706759388979064,0.052867883061491865,0.3779459154580867,0.526486314589929,0.1485403991318423,0.19481560196122183,0.5314794704406148,0.336663868479393,-1.0223812522833335,0.08738158084438986,0.2705118943412548,nan,nan
32,30,45752,forward,e,-,14795,14795.0,0.0,0.4662444167161392,0.07901413648667392,0.38507719411607366,0.6174015909913934,0.2323243968753197,0.3468571376175296,0.8686279192990428,0.5217707816815131,0.67567549163785,0.16213637679983167,0.4133627051074812,nan,nan
32,31,46081,forward,e,-,1048,1048.0,0.0,0.40957583280777443,0.08343638668348674,0.2373982930726969,0.5041532096786887,0.2667549166059918,0.16975386045559968,0.5699327695049135,0.40017890904931375,-0.8153900681555354,0.1801960138739689,0.24784044649106615,nan,nan
32,0,144351,forward,w,deg,45536,45535.0,1.0,-3.426551148023634,20.564186593229582,-21.362213067831185,35.155927156000985,56.51814022383217,-177.6935091190907,178.81398189281418,356.5074910119049,0.02416272479523986,57.093813472186504,179.98218344776274,177.83776698684903,0.9431814524529226
32,1,23915,forward,w,deg,4583,4583.0,0.0,-0.4301316965200499,4.312770665151658,-6.1952787578458635,7.974329869965623,14.169608627811487,-7.385937501958551,15.011663426893563,22.397600928852114,0.5757462871515301,8.340778555666128,15.378112112594067,307.08966145000574,0.9971710749643622
32,2,19832,forward,w,deg,1037,1037.0,0.0,-3.0643796579348646,39.82655030577714,-45.66276389769063,62.173870466737604,107.83663436442824,-169.71377359970592,175.28746081028487,345.0012344099908,0.518684399086676,57.701645375054255,175.17654468728097,235.55532449762524,0.7927369196843183
32,3,221195,forward,w,deg,4353,4352.0,1.0,-8.843385952652213,32.66080238087291,-27.54458247317238,78.08688737541479,105.63146984858717,-178.486607083855,179.77014717804775,358.25675426190276,1.4518010743054943,103.23412908003374,179.71699887028797,67.11210697514355,0.8609979770847108
32,4,57501,forward,w,deg,12951,12951.0,0.0,-5.594816533136736,24.25987515589791,-26.09896581757188,42.993534243009165,69.09250006058105,-163.55976673733477,179.11007693200702,342.6698436693418,1.1363266227750561,66.45039905120257,179.99283006545443,194.74746719198995,0.9181674313299625
32,5,127305,forward,w,deg,3326,3326.0,0.0,5.003840421337088,36.31557409764183,-54.01205925514225,56.60336350465073,110.61542275979298,-169.30584006731743,179.19893103370987,348.5047711010273,0.07234608093442163,64.31912996772549,175.125622034873,117.94622438553968,0.8257173285555494
32,6,30062,forward,w,deg,489,489.0,0.0,-2.042208128750559,28.083667721102604,-23.95694738520616,38.69674462924565,62.653692014451806,-35.158173150742755,149.33426903188632,184.49244218262908,2.962752487137408,54.71494316545185,165.3524675680925,25.498643964318877,0.9100295393587493
32,7,8552,forward,w,deg,2732,2732.0,0.0,-2.793626850070666,16.46431733310253,-5.694299850006774,19.929455175074786,25.62375502508156,-165.79351846275574,176.77135610470037,342.5648745674561,-0.7324154357318756,42.46925788187538,178.5054163308883,297.8805442905438,0.9673349226086206
32,8,36833,forward,w,deg,1165,1164.0,1.0,-5.3594607098468146,36.74114207091038,-24.664198236253036,97.22162055057247,121.8858187868255,-175.49626760366044,173.6734048114563,349.16967241511674,1.9878365265227522,123.51233521384553,176.92297140920516,317.4357005468042,0.8506455956435174
32,9,175498,forward,w,deg,2916,2915.0,1.0,-4.576486459290095,26.226619913223516,-19.695939183964615,38.55197165806941,58.24791084203403,-178.04895795844504,176.20375245591305,354.2527104143581,-0.2362608271195552,43.55724056401577,178.0482139208642,23.45871773135403,0.9229791354593735
32,10,9615,forward,w,deg,5112,5112.0,0.0,-1.638429052391018,22.801223417909508,-6.87072355273865,15.103928007604578,21.97465156034323,-178.5278576767373,174.73877113852956,353.26662881526687,2.6404469717395616,19.146019473268606,177.43907705781555,300.09096188963946,0.9503230847340384
32,11,176287,forward,w,deg,17399,17399.0,0.0,-2.222327209161392,20.93135739422262,-19.51676814617907,34.64959418544317,54.16636233162224,-179.32096656915365,177.89440182543774,357.2153683945914,1.5247704471221768,53.556813706977685,179.5701104191619,17.52090414439399,0.9448938561858655
32,12,31323,forward,w,deg,999,999.0,0.0,-0.22492796422972106,39.54870890540487,-52.1537285899165,46.785951228737225,98.93967981865373,-176.51149739348858,175.26668155374642,351.778178947235,-0.9923958821755328,98.0100450480245,179.88883617844567,42.93758319742004,0.8438638121048015
32,13,156237,forward,w,deg,2360,2360.0,0.0,-6.40448619009743,40.25102704436109,-38.8023968312957,82.2009500536676,121.00334688496329,-43.39022917322288,168.0795966293622,211.46982580258506,1.3997323182590597,105.06295203338236,178.62391159144016,245.04441849190852,0.799326860807242
32,14,168732,forward,w,deg,13781,13781.0,0.0,-5.101483891397436,26.470267952428138,-17.413236583585217,32.091265842941084,49.5045024265263,-179.37107451714598,178.10574917489237,357.47682369203835,2.1789780305736643,45.77806144734012,179.33369072530132,10.176947757120095,0.9206948548877436
32,15,71849,forward,w,deg,4665,4665.0,0.0,-3.2819673428681426,19.62339035293275,-15.833992713180816,31.931236985528876,47.76522969870969,-177.7436230635827,177.30040140417088,355.0440244677536,0.9604602348210091,38.01177612807717,177.72275357885732,310.3475132227371,0.9529202747471057
32,16,35338,forward,w,deg,1353,1353.0,0.0,-3.924096195290474,44.71706420985786,-24.427031771550254,111.76720753380481,136.19423930535507,-179.66470235914102,178.24671291158228,357.9114152707233,0.6352759097910423,141.01018416436648,179.87043754278412,272.13634891340587,0.8108435020953109
32,17,49752,forward,w,deg,4094,4094.0,0.0,-1.728293955204066,27.261465995188015,-19.791790272251166,24.249301833048552,44.04109210529972,-178.82264089095978,159.88374938878638,338.7063902797462,2.8010884612641163,33.87362419947415,170.0496451237568,316.72120845060897,0.9172271117294692
32,18,125038,forward,w,deg,14729,14729.0,0.0,-2.921668583948559,21.812648645372796,-18.20356599570605,33.38183915398175,51.5854051496878,-169.99998063665657,179.55298658370555,349.5529672203621,2.566834894593584,46.68237236758148,179.8517796917822,12.742705831739348,0.9436142922467422
32,19,28151,forward,w,deg,1511,1511.0,0.0,-3.7672004153972125,61.328627186923036,-34.22309363118882,162.65790930030218,196.881002931491,-179.64794985260187,179.95717144447087,359.60512129707274,1.1358541008200496,165.77279127620318,179.70166624769269,351.8322428102447,0.6355610147562698
32,20,110896,forward,w,deg,1930,1930.0,0.0,-3.3869628433648984,29.354951665389454,-20.494997587013387,46.74740914649098,67.24240673350437,-179.30033453140513,179.73770431826392,359.0380388496691,0.7147455329241801,82.12490625985231,177.66486630773315,339.3488128133293,0.9065077803799618
32,21,22279,forward,w,deg,836,836.0,0.0,-3.1285126836868926,34.27917061731829,-26.27584119432816,58.62486841269519,84.90070960702334,-163.1725895167257,179.53559132923596,342.7081808459617,-1.122255612191242,91.79958433834584,173.94157109731486,163.44412241142402,0.8812757792490136
32,22,66366,forward,w,deg,884,884.0,0.0,-2.4545588500026696,21.10502604652851,-27.863015135814965,43.837793327946734,71.7008084637617,-31.233210118041853,96.38324508945686,127.61645520749872,0.8550704115830393,39.76620067416902,92.31165243567915,221.51709973893895,0.9348653836065505
32,23,151127,forward,w,deg,3679,3679.0,0.0,-4.511676180613364,53.03671771438021,-37.906840565868826,138.4944492741167,176.40128983998554,-179.47613690719442,178.02677926903402,357.50291617622844,0.9316200500194007,158.73199523089838,179.99817120578354,251.80182589092038,0.719626009105768
32,24,68757,forward,w,deg,1656,1656.0,0.0,-5.36484171348863,36.47538252389908,-19.460755931634438,58.179310385789975,77.64006631742441,-172.19579627900632,175.59711069454352,347.79290697354986,1.4435632999683592,91.29215189038402,179.87308372985444,206.0390673124516,0.8658351042843931
32,25,117692,forward,w,deg,12097,12097.0,0.0,-4.237928911363326,29.055474078572455,-24.63073345845951,37.70316574944435,62.33389920790386,-177.13724698666596,170.88988567360406,348.02713266027,-1.6865835211523361,63.25560370721067,179.37455704953163,18.87569922433309,0.9024308999518967
32,26,149482,forward,w,deg,7315,7312.0,3.0,-5.233772424913582,36.437685667108966,-28.401483671278733,90.07921249481296,118.48069616609169,-172.99092501780325,179.24131117701376,352.232236194817,1.4822760480213115,120.06088208277995,179.59709593139027,299.2215285336533,0.8455449955594357
32,27,167957,forward,w,deg,2,2.0,0.0,-1.4210854715202004e-14,34.038709319289964,-30.634838387360983,30.63483838736095,61.26967677472193,-34.03870931928998,34.03870931928995,68.07741863857993,nan,64.67354770665094,68.07741863857993,135.75837329432414,0.8286595898176489
32,28,14797,forward,w,deg,915,914.0,1.0,-2.501303652083209,34.57105553263683,-31.77026645078212,59.4487126373853,91.21897908816742,-179.59774390083754,175.7123004069826,355.31004430782014,0.6260507625139382,89.70558509522432,176.19934352354858,168.89197776713922,0.8710005091280134
32,29,24197,forward,w,deg,3810,3810.0,0.0,-3.8837441222709685,23.660650350829687,-12.817338044523817,37.8678433796305,50.685181424154315,-178.70858858884793,176.81344494402936,355.5220335328773,3.2139163400394506,44.761270500382984,179.56601226030995,305.7890924083351,0.9397607674122302
32,30,45752,forward,w,deg,14795,14795.0,0.0,-6.018709257500888,28.142952546014822,-31.469952998437623,49.319630551340204,80.78958354977783,-179.23397935347737,178.5854869350361,357.81946628851347,0.6760715999798217,78.59871133536511,177.84772156705264,200.87977700897042,0.8906662512934622
32,31,46081,forward,w,deg,1048,1048.0,0.0,-3.1643483392368807,35.69200315786459,-66.26739994508056,41.35988322271003,107.62728316779058,-179.81295674093258,179.44794277790436,359.26089951883694,-1.272196471618937,63.21638455027797,177.53490776187903,56.01613948322702,0.8617554665536514
