N=194124, N_branch=500, dt_b=-0.0001, dt_f=0.0001, rtol=1e-9
T_min=0, T_max_b=-6.283185307179586, T_max_f=12.566370614359172, ZOOM=False
Features: normalized position and unit tangent blocks.
Perigee: first noninitial geocentric minimum outside lunar SOI within each interval, before any detected surface entry.
Frame: geocentric inertial axes coincident with synodic axes at t=0.
STD: ddof=0; w statistics use offsets from the cluster circular mean (angle_origin_deg).
angle_resultant: 1=concentrated directions; 0=no defined mean direction. Broad angular clouds require caution with linearized moments.
NaN: missing event, undefined parameter/statistic, or missing representative parameter.

K=10, STD=0.01603226725
n = trajectories per cluster; conditions overlap.
n = 1: clusters=0/10 (0.00%); trajectories=0/194124 (0.00%)
n < 10: clusters=0/10 (0.00%); trajectories=0/194124 (0.00%)
n < 100: clusters=0/10 (0.00%); trajectories=0/194124 (0.00%)

K=10, phase=backward, parameter=a [km]
cluster representative_source n_cluster n_valid n_missing median std p05 p95 width90 minimum maximum range skewness error95 error_max angle_origin_deg angle_resultant
0 147032 56047 0 56047 nan nan nan nan nan nan nan nan nan nan nan nan nan
1 33467 11708 11708 0 200954.788 7477.645843 196477.0575 217423.7901 20946.73257 193076.1974 241038.0446 47961.84713 2.339886923 17022.55928 40636.81373 nan nan
2 52405 8936 8936 0 227099.9395 6220.90199 218038.0692 239244.8876 21206.81834 201816.8399 240932.038 39115.1981 0.2359910369 14578.18162 22872.47845 nan nan
3 156649 34130 0 34130 nan nan nan nan nan nan nan nan nan nan nan nan nan
4 40474 10599 10599 0 226820.1961 6131.443096 217104.3003 235666.841 18562.5407 213489.1343 241125.0718 27635.93744 0.02904919007 12928.22204 18386.45283 nan nan
5 138247 28418 0 28418 nan nan nan nan nan nan nan nan nan nan nan nan nan
6 32694 5549 5549 0 224215.2727 11548.93972 203478.6703 239273.2645 35794.59424 193064.5732 241085.7226 48021.14943 -0.265239459 19338.11905 26880.64448 nan nan
7 16324 15123 15123 0 218384.0864 7716.33323 204117.2651 228512.7681 24395.50302 199408.0302 241117.2713 41709.24112 -0.2717036805 13255.32664 24218.56467 nan nan
8 57507 14674 14674 0 209611.2062 4276.172115 203180.9973 216199.6101 13018.61281 193052.5207 233183.6866 40131.16585 0.4061096866 7267.037161 23029.44458 nan nan
9 221423 8940 0 8940 nan nan nan nan nan nan nan nan nan nan nan nan nan

K=10, phase=backward, parameter=e [-]
cluster representative_source n_cluster n_valid n_missing median std p05 p95 width90 minimum maximum range skewness error95 error_max angle_origin_deg angle_resultant
0 147032 56047 0 56047 nan nan nan nan nan nan nan nan nan nan nan nan nan
1 33467 11708 11708 0 0.5120884896 0.05874533874 0.3877221319 0.54520004 0.1574779082 0.1708203432 0.570313305 0.3994929619 -2.635475095 0.1285839798 0.3454857685 nan nan
2 52405 8936 8936 0 0.3085332649 0.05515962428 0.1924267302 0.3823749095 0.1899481794 0.1719701926 0.5056374904 0.3336672979 -0.4483255834 0.1366167652 0.1769049482 nan nan
3 156649 34130 0 34130 nan nan nan nan nan nan nan nan nan nan nan nan nan
4 40474 10599 10599 0 0.3109466768 0.05310507726 0.2294707014 0.3898983397 0.1604276382 0.1697173735 0.4185724086 0.2488550351 -0.1767540367 0.1155650942 0.1753184221 nan nan
5 138247 28418 0 28418 nan nan nan nan nan nan nan nan nan nan nan nan nan
6 32694 5549 5549 0 0.3328667494 0.09712211975 0.1918791829 0.4933008467 0.3014216638 0.1700108998 0.5704147561 0.4004038563 0.1193372427 0.1758580163 0.202746157 nan nan
7 16324 15123 15123 0 0.3802596219 0.06051216329 0.2971282814 0.488653612 0.1915253306 0.1699124926 0.5235340682 0.3536215756 0.1911751335 0.103873884 0.221965831 nan nan
8 57507 14674 14674 0 0.4472451475 0.03263106617 0.3967767223 0.4954721601 0.09869543779 0.2534330042 0.5704977882 0.317064784 -0.5265528769 0.05488085633 0.1897863273 nan nan
9 221423 8940 0 8940 nan nan nan nan nan nan nan nan nan nan nan nan nan

K=10, phase=backward, parameter=w [deg]
cluster representative_source n_cluster n_valid n_missing median std p05 p95 width90 minimum maximum range skewness error95 error_max angle_origin_deg angle_resultant
0 147032 56047 0 56047 nan nan nan nan nan nan nan nan nan nan nan nan nan
1 33467 11708 11708 0 -1.287065863 8.974661292 -11.55183847 18.12215549 29.67399396 -19.25824985 26.03650694 45.29475678 0.7142395052 25.44431473 33.35866618 190.8579686 0.987805353
2 52405 8936 8936 0 1.663453227 8.929617155 -22.27637759 11.04777842 33.32415601 -36.35815739 14.1584782 50.51663559 -2.360764735 26.4567658 40.53854559 203.4134237 0.9880858965
3 156649 34130 0 34130 nan nan nan nan nan nan nan nan nan nan nan nan nan
4 40474 10599 10599 0 -1.416104606 6.897251439 -7.454373152 12.12260495 19.5769781 -35.32526039 14.53667005 49.86193044 -0.72183244 14.5287658 33.33371065 202.3090524 0.9928149693
5 138247 28418 0 28418 nan nan nan nan nan nan nan nan nan nan nan nan nan
6 32694 5549 5549 0 -3.099786485 9.857803681 -9.930703576 17.26709371 27.19779729 -32.30365403 18.12259216 50.42624619 0.05816642919 21.93346547 27.94941716 199.2173624 0.985320448
7 16324 15123 15123 0 -0.3902189054 4.728414529 -6.071531156 6.238906636 12.31043779 -20.31353047 29.24349652 49.55702699 1.794147047 7.630779355 30.61544092 187.4858557 0.996613843
8 57507 14674 14674 0 -0.2186224093 5.222961586 -7.436892715 8.707311682 16.1442044 -28.71657293 16.73815653 45.45472946 0.05923880685 10.99784936 26.58612048 199.5907664 0.9958567466
9 221423 8940 0 8940 nan nan nan nan nan nan nan nan nan nan nan nan nan

K=10, phase=forward, parameter=a [km]
cluster representative_source n_cluster n_valid n_missing median std p05 p95 width90 minimum maximum range skewness error95 error_max angle_origin_deg angle_resultant
0 147032 56047 56044 3 194018.5851 193048.2932 188159.2093 405028.0257 216868.8164 187998.576 5805939.396 5617940.82 8.422726413 216176.3744 5617087.744 nan nan
1 33467 11708 11705 3 218431.2722 11897.9503 200544.03 229036.3763 28492.34628 189501.6338 574894.6302 385392.9964 8.217269875 20085.05536 354372.6936 nan nan
2 52405 8936 7420 1516 200235.1358 297528.5577 189199.3886 226754.5556 37555.16703 188847.325 18789119.65 18600272.33 39.47764771 35377.36653 18597742.47 nan nan
3 156649 34130 34129 1 208935.4551 670462.817 189246.7578 263595.202 74348.44419 188203.6546 76282242.54 76094038.88 62.63742769 56115.01418 76074762.35 nan nan
4 40474 10599 10597 2 211084.1936 268618.3593 190270.465 790928.443 600657.978 188375.5304 7565177.716 7376802.185 8.037524074 579921.2576 7354170.53 nan nan
5 138247 28418 28418 0 199415.3395 276211.9307 188804.4598 209827.4127 21022.95297 188334.9515 7484171.573 7295836.621 14.19267785 11331.82221 7285675.982 nan nan
6 32694 5549 5548 1 214568.2453 342027.8243 201223.5875 733056.7496 531833.1622 189478.0538 8837569.013 8648090.959 9.942955224 523244.4806 8627756.744 nan nan
7 16324 15123 15122 1 205324.5659 8693.49965 196747.1085 219849.7399 23102.63142 190385.976 541344.5833 350958.6074 5.340268382 12943.60959 334407.085 nan nan
8 57507 14674 14669 5 199243.7595 67421.78164 188793.6368 253021.7037 64228.06694 188390.3736 7296020.845 7107630.472 80.12539526 57507.82142 7100506.963 nan nan
9 221423 8940 8940 0 213702.0601 362622.8956 189141.8302 890600.5664 701458.7362 188291.556 16453922.65 16265631.1 18.27706089 677336.7935 16240658.88 nan nan

K=10, phase=forward, parameter=e [-]
cluster representative_source n_cluster n_valid n_missing median std p05 p95 width90 minimum maximum range skewness error95 error_max angle_origin_deg angle_resultant
0 147032 56047 56044 3 0.9195634237 0.2221468227 0.2650320779 0.9991658815 0.7341338036 3.774545329e-05 1 0.9999622545 -2.032892587 0.7140965146 0.979090847 nan nan
1 33467 11708 11705 3 0.3797907383 0.08820079696 0.2924388124 0.5187969957 0.2263581833 0.09405040396 0.9999353848 0.9058849809 1.10076918 0.1564723863 0.6366532532 nan nan
2 52405 8936 7420 1516 0.8611318484 0.1617869233 0.6102432587 0.9980832781 0.3878400194 0.09315892252 0.9999999998 0.9068410773 -1.817358638 0.3540811821 0.8711655182 nan nan
3 156649 34130 34129 1 0.7480909494 0.2234307884 0.211495662 0.9962364324 0.7847407704 0.0007192626071 0.9999999976 0.9992807349 -1.131349113 0.5550494161 0.7658258154 nan nan
4 40474 10599 10597 2 0.7001310389 0.1703919726 0.36247646 0.984849485 0.622373025 0.007668268694 0.9999999988 0.9923317301 -1.042392192 0.3458655039 0.7006736952 nan nan
5 138247 28418 28418 0 0.8493750155 0.1161803887 0.7146216759 0.99717476 0.2825530841 0.0001671890931 0.9999999981 0.999832809 -1.759058333 0.1441462398 0.8586007267 nan nan
6 32694 5549 5548 1 0.4576655286 0.2221374316 0.08490880117 0.8576210401 0.7727122389 0.0006053674971 0.9999965192 0.9993911517 -0.08095219741 0.5700518641 0.6543552978 nan nan
7 16324 15123 15122 1 0.4855413951 0.06813267345 0.3688577017 0.5479255892 0.1790678876 0.09062998825 0.9847060068 0.8940760185 -0.07612719261 0.1115166708 0.516987155 nan nan
8 57507 14674 14669 5 0.8545327234 0.1779422707 0.4488783901 0.9976692254 0.5487908353 1.887149263e-05 0.9999999977 0.9999811262 -2.205002457 0.4479259612 0.8967854799 nan nan
9 221423 8940 8940 0 0.6906630588 0.2724769777 0.1779301984 0.9946421948 0.8167119964 0.002519224893 0.9999999862 0.9974807613 -0.4867876121 0.5498760877 0.7252870612 nan nan

K=10, phase=forward, parameter=w [deg]
cluster representative_source n_cluster n_valid n_missing median std p05 p95 width90 minimum maximum range skewness error95 error_max angle_origin_deg angle_resultant
0 147032 56047 56044 3 -5.231953216 84.33618637 -55.34950184 146.8309751 202.180477 -174.212694 149.9215745 324.1342686 0.2371936427 176.9277523 179.9983618 312.4165926 0.1696370644
1 33467 11708 11705 3 -3.712597473 21.06231026 -20.62961365 38.45336035 59.082974 -174.6669835 153.3784098 328.0453933 1.948851191 57.01647686 171.9046265 314.0298991 0.9394124509
2 52405 8936 7420 1516 -8.434064126 50.59037773 -11.74800689 124.3016257 136.0496326 -175.782546 177.9950675 353.7776135 1.739832586 130.4976146 179.8465688 298.279115 0.7267094282
3 156649 34130 34129 1 -15.7743984 65.41237735 -36.95570025 137.2697462 174.2254465 -179.2380685 178.668344 357.9064125 0.8672254938 169.1059137 179.9924003 306.9441162 0.5130095091
4 40474 10599 10597 2 -15.16667848 56.40369967 -19.38420788 124.7255858 144.1097937 -177.6908281 164.8621674 342.5529955 1.11742659 145.0916379 176.9981182 305.250928 0.635113209
5 138247 28418 28418 0 -3.16472287 66.53320801 -175.7281116 34.92625497 210.6543666 -179.999884 179.9985319 359.9984159 -0.9639994309 171.9671959 179.9280019 266.9330324 0.682548376
6 32694 5549 5548 1 -6.088547995 57.75927282 -43.46927086 121.0748431 164.544114 -179.9723752 179.4693529 359.4417281 0.7770419251 160.8905123 169.2122855 333.5922276 0.6099521093
7 16324 15123 15122 1 -1.737835927 13.46456954 -10.76213343 13.90797428 24.67010771 -138.3241799 161.8283498 300.1525297 4.909788784 20.55286453 168.3678617 304.0698707 0.977207132
8 57507 14674 14669 5 -16.29693098 45.52353322 -33.89713301 90.74535534 124.6424884 -144.9180015 162.6703011 307.5883026 0.8175576942 118.1273583 178.6189492 323.1028188 0.7269715397
9 221423 8940 8940 0 11.01927354 66.21541527 -131.4923899 70.25751648 201.7499063 -132.7119679 150.6067284 283.3186963 -0.4277189757 138.5287294 174.9794201 29.35373293 0.4693254221

K=20, STD=0.01305783754
n = trajectories per cluster; conditions overlap.
n = 1: clusters=0/20 (0.00%); trajectories=0/194124 (0.00%)
n < 10: clusters=0/20 (0.00%); trajectories=0/194124 (0.00%)
n < 100: clusters=0/20 (0.00%); trajectories=0/194124 (0.00%)

K=20, phase=backward, parameter=a [km]
cluster representative_source n_cluster n_valid n_missing median std p05 p95 width90 minimum maximum range skewness error95 error_max angle_origin_deg angle_resultant
0 128106 30980 0 30980 nan nan nan nan nan nan nan nan nan nan nan nan nan
1 22427 4563 4563 0 209489.0284 3286.706798 204297.5211 214328.9935 10031.47238 202700.1039 217606.5195 14906.41558 -0.06864842669 5656.74104 7780.899904 nan nan
2 49166 7431 7431 0 225778.2736 4700.278472 218274.9664 233202.4938 14927.52743 210622.9716 235821.537 25198.56542 -0.04332833506 9933.277166 12667.72715 nan nan
3 221317 4362 0 4362 nan nan nan nan nan nan nan nan nan nan nan nan nan
4 48796 7249 7249 0 207985.0673 7010.041955 202580.0584 232159.3794 29579.32107 193116.9663 235187.1916 42070.22535 2.061040265 23022.60816 26050.42035 nan nan
5 127595 3652 0 3652 nan nan nan nan nan nan nan nan nan nan nan nan nan
6 28932 2721 2721 0 238228.8905 3495.481388 229454.9753 240775.4558 11320.48053 225046.9058 241125.0718 16078.166 -1.436189748 8606.636422 13014.70591 nan nan
7 8822 3117 3117 0 213326.2602 6552.216697 204958.6979 223327.1701 18368.47224 202792.8172 235758.0519 32965.23466 0.8626825726 10970.92207 23401.80386 nan nan
8 81619 8168 8168 0 211113.7713 4098.93992 205537.8264 217204.4748 11666.64845 193052.5207 233587.7125 40535.19182 0.6166552202 7029.050006 21204.71531 nan nan
9 172743 4515 0 4515 nan nan nan nan nan nan nan nan nan nan nan nan nan
10 13959 8887 8887 0 222715.9336 4235.070539 215720.6518 229164.1921 13443.54031 214403.6139 240981.4134 26577.79949 0.02744188476 7270.549408 18701.98122 nan nan
11 154309 27438 0 27438 nan nan nan nan nan nan nan nan nan nan nan nan nan
12 33852 2787 2787 0 221882.274 11904.47558 202282.3351 236434.8652 34152.53003 193064.5732 239154.6009 46090.02775 -0.1781646415 20235.6372 23143.07045 nan nan
13 161476 25184 0 25184 nan nan nan nan nan nan nan nan nan nan nan nan nan
14 168732 15039 0 15039 nan nan nan nan nan nan nan nan nan nan nan nan nan
15 76537 4954 4954 0 198960.4348 4629.57353 195978.1385 203735.4375 7757.29904 193076.1974 241020.0564 47943.85896 6.277119721 6625.990841 43910.60969 nan nan
16 41395 9312 9312 0 226174.4599 5592.157012 217119.7748 234538.9656 17419.19078 213489.1343 240408.6803 26919.54597 -0.05863846897 11981.96211 17851.67681 nan nan
17 49752 4195 4195 0 200488.7165 2113.730561 198214.4991 203769.0798 5554.580689 193167.7014 234645.8409 41478.13946 5.597698592 4265.223105 35136.07015 nan nan
18 122456 16365 0 16365 nan nan nan nan nan nan nan nan nan nan nan nan nan
19 97661 3205 3205 0 217887.5466 9698.544425 205461.2531 236446.1773 30984.92416 203381.5352 241041.6789 37660.14366 0.3789892599 18330.14891 22925.65055 nan nan

K=20, phase=backward, parameter=e [-]
cluster representative_source n_cluster n_valid n_missing median std p05 p95 width90 minimum maximum range skewness error95 error_max angle_origin_deg angle_resultant
0 128106 30980 0 30980 nan nan nan nan nan nan nan nan nan nan nan nan nan
1 22427 4563 4563 0 0.4484898271 0.02476721815 0.4117296999 0.4873319405 0.07560224064 0.3855433448 0.4992001343 0.1136567895 0.05503238919 0.04249264507 0.06043954095 nan nan
2 49166 7431 7431 0 0.3196882568 0.03968512314 0.2541774762 0.3806019675 0.1264244913 0.2309938547 0.4402835466 0.2092896919 -0.0365276045 0.08625137934 0.1093702625 nan nan
3 221317 4362 0 4362 nan nan nan nan nan nan nan nan nan nan nan nan nan
4 48796 7249 7249 0 0.4595879089 0.05594807531 0.2631036997 0.4999776826 0.2368739829 0.2349466751 0.5700086311 0.3350619559 -2.243380716 0.187874578 0.2160316026 nan nan
5 127595 3652 0 3652 nan nan nan nan nan nan nan nan nan nan nan nan nan
6 28932 2721 2721 0 0.2033595705 0.03482804885 0.1739859976 0.2902673983 0.1162814007 0.1697173735 0.3254896844 0.1557723109 1.227844632 0.08614082341 0.1213631095 nan nan
7 8822 3117 3117 0 0.4194276879 0.05185069459 0.341042418 0.4825020961 0.1414596781 0.2286783187 0.4985953263 0.2699170076 -1.069465706 0.08589861046 0.1982627097 nan nan
8 81619 8168 8168 0 0.4358341003 0.03159853096 0.3889413797 0.4778715678 0.08893018808 0.2495731812 0.5704977882 0.320924607 -0.7916044546 0.05325974888 0.176548024 nan nan
9 172743 4515 0 4515 nan nan nan nan nan nan nan nan nan nan nan nan nan
10 13959 8887 8887 0 0.3456725689 0.03458350202 0.2913724671 0.4010141012 0.1096416341 0.1716762051 0.4111083631 0.239432158 -0.1219702469 0.05898476962 0.1775747012 nan nan
11 154309 27438 0 27438 nan nan nan nan nan nan nan nan nan nan nan nan nan
12 33852 2787 2787 0 0.3521606841 0.09783660467 0.222102921 0.5022353389 0.2801324179 0.1918242992 0.5704147561 0.3785904569 0.0801661513 0.1749326485 0.2052112703 nan nan
13 161476 25184 0 25184 nan nan nan nan nan nan nan nan nan nan nan nan nan
14 168732 15039 0 15039 nan nan nan nan nan nan nan nan nan nan nan nan nan
15 76537 4954 4954 0 0.5269108756 0.03774593031 0.491402403 0.5489111567 0.05750875365 0.1708563335 0.570313305 0.3994569715 -6.917067397 0.04911659659 0.3696626661 nan nan
16 41395 9312 9312 0 0.3164718847 0.04761984112 0.2409437653 0.3897904423 0.1488466769 0.1774577432 0.4185724086 0.2411146654 -0.03295935037 0.1055572233 0.1690432455 nan nan
17 49752 4195 4195 0 0.5155091965 0.0161214977 0.491275877 0.5323804751 0.04110459813 0.2392747466 0.5696656159 0.3303908693 -6.402642016 0.03161345789 0.283563421 nan nan
18 122456 16365 0 16365 nan nan nan nan nan nan nan nan nan nan nan nan nan
19 97661 3205 3205 0 0.3836516548 0.07983376765 0.2216067884 0.4784451797 0.2568383914 0.1705551028 0.4938782584 0.3233231556 -0.5425483585 0.1599133871 0.2109650728 nan nan

K=20, phase=backward, parameter=w [deg]
cluster representative_source n_cluster n_valid n_missing median std p05 p95 width90 minimum maximum range skewness error95 error_max angle_origin_deg angle_resultant
0 128106 30980 0 30980 nan nan nan nan nan nan nan nan nan nan nan nan nan
1 22427 4563 4563 0 -0.7582549839 5.203736039 -4.753521856 16.8513917 21.60491355 -14.46474954 26.4879478 40.95269734 2.79673167 18.94687281 28.58342892 186.9969914 0.9959082101
2 49166 7431 7431 0 0.6488421105 5.514508455 -7.411361078 5.209160071 12.62052115 -37.1558511 13.31839143 50.47424254 -3.563939357 8.78872744 37.69797678 204.2535104 0.9954535243
3 221317 4362 0 4362 nan nan nan nan nan nan nan nan nan nan nan nan nan
4 48796 7249 7249 0 -1.162496723 4.826122214 -5.124249386 10.44628023 15.57052962 -24.94204734 19.80050364 44.74255098 1.450806467 13.4535043 22.7991532 196.8441466 0.9964641039
5 127595 3652 0 3652 nan nan nan nan nan nan nan nan nan nan nan nan nan
6 28932 2721 2721 0 2.288261679 14.51655811 -28.31122896 17.40185734 45.7130863 -30.66134052 18.27507882 48.93641933 -0.572867594 38.33987046 40.68998202 197.7166068 0.9682836807
7 8822 3117 3117 0 -2.575486308 8.092792965 -4.452897403 22.42947232 26.88236973 -4.925832141 33.60994973 38.53578187 2.663568292 25.42782327 36.60830067 183.102594 0.9901728953
8 81619 8168 8168 0 -0.2483327097 4.304985016 -5.007478493 7.03664772 12.04412621 -31.59980757 13.76201776 45.36182534 -0.8948390079 7.818766614 33.98213981 202.5669052 0.997192243
9 172743 4515 0 4515 nan nan nan nan nan nan nan nan nan nan nan nan nan
10 13959 8887 8887 0 0.07110924311 3.787009947 -5.715904813 5.428195698 11.14410051 -20.91223022 28.61899129 49.53122151 0.7799495076 6.01619657 28.98530041 188.0845554 0.997823034
11 154309 27438 0 27438 nan nan nan nan nan nan nan nan nan nan nan nan nan
12 33852 2787 2787 0 -1.61221519 8.130138812 -7.179791923 17.70224995 24.88204188 -30.30046931 20.12577688 50.42624619 0.08765258382 22.98634587 25.98562481 197.2141776 0.9900241121
13 161476 25184 0 25184 nan nan nan nan nan nan nan nan nan nan nan nan nan
14 168732 15039 0 15039 nan nan nan nan nan nan nan nan nan nan nan nan nan
15 76537 4954 4954 0 -0.5078218759 6.853965205 -9.633850306 11.77682742 21.41067772 -15.81787233 17.1614631 32.97933543 0.2508622992 11.45083446 16.74028463 190.713324 0.9928616774
16 41395 9312 9312 0 -1.752527078 6.412489928 -7.04051534 12.22559039 19.26610573 -35.2747741 14.58715634 49.86193044 -0.3486526265 14.07003623 33.60889059 202.2585661 0.993781252
17 49752 4195 4195 0 -1.004295319 5.082900492 -6.719338063 9.882225398 16.60156346 -16.01802722 25.61362116 41.63164838 0.7580554399 12.83803862 28.56871759 190.7752532 0.9960738637
18 122456 16365 0 16365 nan nan nan nan nan nan nan nan nan nan nan nan nan
19 97661 3205 3205 0 3.257048129 10.51043673 -15.18793467 12.38211919 27.57005386 -37.40964891 12.88473518 50.29438409 -0.6292620598 25.14269068 47.36440492 204.3674989 0.9832964289

K=20, phase=forward, parameter=a [km]
cluster representative_source n_cluster n_valid n_missing median std p05 p95 width90 minimum maximum range skewness error95 error_max angle_origin_deg angle_resultant
0 128106 30980 30979 1 193900.5051 99999.14023 188137.9546 355076.4718 166938.5173 187998.576 3928762.039 3740763.463 8.617238198 166280.0005 3739965.567 nan nan
1 22427 4563 4563 0 204895.9153 7567.067968 198461.7475 218323.1079 19861.36043 197729.1971 290701.7456 92972.54845 2.269256564 10552.28125 82930.91897 nan nan
2 49166 7431 7288 143 200586.5202 55390.99635 189225.5826 224054.4652 34828.88258 188871.8027 1306594.606 1117722.804 13.3326567 23550.43273 1106090.574 nan nan
3 221317 4362 4362 0 221493.9705 217892.2743 190424.3093 838235.961 647811.6517 188318.3353 931315.1968 742996.8615 1.86698379 630736.0352 723815.271 nan nan
4 48796 7249 7249 0 202926.3442 60839.34921 193587.4427 208713.2132 15125.77043 189382.2047 1452087.88 1262705.676 14.75673677 10977.24167 1248311.083 nan nan
5 127595 3652 3652 0 203153.0903 822911.0439 188903.9742 2327031.461 2138127.487 188331.8518 6054964.57 5866632.718 2.102293859 2129663.439 5857596.547 nan nan
6 28932 2721 1343 1378 516005.8954 947397.4196 189766.4838 1924335.635 1734569.151 188375.8048 18789119.65 18600743.85 8.017573408 nan nan nan nan
7 8822 3117 3117 0 222318.8595 27558.49489 203770.9368 227562.152 23791.2152 189849.7607 633371.7239 443521.9632 10.90782329 21460.34031 409983.6258 nan nan
8 81619 8168 8167 1 192801.5905 89566.3723 188653.6827 291567.0593 102913.3766 188390.3736 7296020.845 7107630.472 61.2104516 53033.97643 7057487.762 nan nan
9 172743 4515 4515 0 204864.5268 922371.2688 188642.5781 244035.5108 55392.93276 188196.3826 21659266.51 21471070.13 17.54446787 45589.96534 21460820.96 nan nan
10 13959 8887 8886 1 204036.2592 7534.766474 196326.2567 217512.6231 21186.36641 195345.8198 287295.2488 91949.42902 1.335467028 11618.7263 81401.35203 nan nan
11 154309 27438 27437 1 209180.9118 633820.6568 189348.8091 260733.5853 71384.77624 188218.9593 76282242.54 76094023.58 82.78629 51293.32059 76072802.27 nan nan
12 33852 2787 2786 1 209920.4013 87155.26546 201402.203 454600.7956 253198.5926 189844.4128 870325.3669 680480.9541 2.434254552 244954.0644 660678.6357 nan nan
13 161476 25184 25182 2 193922.0021 111388.9161 188192.0086 349017.2136 160825.205 188007.4237 5805939.396 5617931.972 21.80181889 160467.7151 5617389.897 nan nan
14 168732 15039 15039 0 194342.7096 307306.5621 188667.6193 240622.81 51955.19071 188339.4372 16453922.65 16265583.22 29.77581119 48207.95417 16261507.8 nan nan
15 76537 4954 4951 3 222954.782 7006.459163 208760.9864 229906.7444 21145.75807 200790.2396 290545.4692 89755.22952 1.08401908 12701.99969 69458.44436 nan nan
16 41395 9312 9311 1 211414.6672 237284.1203 190986.1247 752363.4581 561377.3334 188375.5304 3868441.785 3680066.255 5.720810116 541885.3899 3657963.717 nan nan
17 49752 4195 4195 0 206799.927 8136.52874 199896.7819 217444.1994 17547.41755 199228.2887 291191.5237 91963.23492 4.334560109 9128.891005 82765.96271 nan nan
18 122456 16365 16365 0 202430.9958 134252.3237 190717.7355 209031.6874 18313.95187 188358.2289 5879060.796 5690702.567 27.57300086 11966.48339 5676583.186 nan nan
19 97661 3205 3205 0 214341.6922 35751.96348 201199.6457 229805.9584 28606.31261 189478.0538 757214.4887 567736.435 12.4721555 16563.43276 541336.3825 nan nan

K=20, phase=forward, parameter=e [-]
cluster representative_source n_cluster n_valid n_missing median std p05 p95 width90 minimum maximum range skewness error95 error_max angle_origin_deg angle_resultant
0 128106 30980 30979 1 0.9194409504 0.2210986946 0.2640506522 0.9991221544 0.7350715021 3.774545329e-05 1 0.9999622545 -2.101586904 0.7163244607 0.9803373675 nan nan
1 22427 4563 4563 0 0.4865933412 0.0606558661 0.380791851 0.5322404291 0.1514485782 0.09456188752 0.698019206 0.6034573185 -0.4856624388 0.08559839051 0.3668811871 nan nan
2 49166 7431 7288 143 0.8545901302 0.1603862764 0.6152614365 0.9978312886 0.3825698521 0.09315892252 0.999999994 0.9068410715 -1.839644207 0.233784879 0.755887393 nan nan
3 221317 4362 4362 0 0.6281082636 0.2513461004 0.1766291113 0.9852466029 0.8086174916 0.008107592114 0.9999999862 0.9918923941 -0.1744144963 0.6083055645 0.7768270838 nan nan
4 48796 7249 7249 0 0.7920554128 0.1032142167 0.693561859 0.9202657665 0.2267039075 0.08097545257 0.999999759 0.9190243064 -2.778396508 0.1508886063 0.6993971209 nan nan
5 127595 3652 3652 0 0.8043590233 0.1672183404 0.4982590344 0.9915260793 0.4932670449 0.005575633586 0.9999999262 0.9944242926 -1.075952916 0.3622144477 0.8548978485 nan nan
6 28932 2721 1343 1378 0.6286694674 0.227731792 0.27326511 0.9846496954 0.7113845854 0.0358819124 0.9999986823 0.9641167699 -0.07221270018 nan nan nan nan
7 8822 3117 3117 0 0.3491466553 0.09831871384 0.3062214598 0.5133021872 0.2070807274 0.06921333456 0.9920669433 0.9228536088 3.649761006 0.1739157392 0.6517019846 nan nan
8 81619 8168 8167 1 0.944186084 0.2189714025 0.2804614428 0.9993737985 0.7189123558 1.887149263e-05 0.9999999998 0.9999811283 -2.250439567 0.4006226542 0.5993202591 nan nan
9 172743 4515 4515 0 0.7597068231 0.3374010957 0.1775239197 0.9938773325 0.8163534128 0.004732944403 0.9999999967 0.9952670523 -0.1054481005 0.6626391971 0.8354301724 nan nan
10 13959 8887 8886 1 0.4916829206 0.05847893953 0.3872816035 0.547657942 0.1603763385 0.1010133401 0.6997273372 0.5987139971 -0.5731121681 0.09181474382 0.3745315192 nan nan
11 154309 27438 27437 1 0.7439809024 0.1802631905 0.4497065876 0.9956531229 0.5459465353 0.0007192626071 0.9999999976 0.9992807349 -1.186241861 0.295359167 0.744346492 nan nan
12 33852 2787 2786 1 0.6470014448 0.2516332981 0.03743022571 0.8563667207 0.818936495 0.0006053674971 0.9951765647 0.9945711972 -0.7833396597 0.6174017278 0.654226586 nan nan
13 161476 25184 25182 2 0.9252992073 0.2289850445 0.2492313156 0.9992637307 0.7500324152 0.0002919113415 0.9999999998 0.9997080885 -1.933381278 0.738598508 0.9875379122 nan nan
14 168732 15039 15039 0 0.9294683938 0.2120281265 0.2829567909 0.9994052419 0.7164484511 0.0001671890931 0.9999999981 0.999832809 -2.137134911 0.6596708138 0.9424604155 nan nan
15 76537 4954 4951 3 0.3435684961 0.06808978604 0.2847218985 0.4538159127 0.1690940142 0.0948389445 0.7229129012 0.6280739567 2.169574271 0.1083836448 0.364242427 nan nan
16 41395 9312 9311 1 0.6942416114 0.1615578455 0.388589986 0.9761699336 0.5875799477 0.007668268694 0.9999999988 0.9923317301 -1.117965662 0.3281534086 0.7090751259 nan nan
17 49752 4195 4195 0 0.4743419222 0.06611945554 0.3875512538 0.5231423499 0.1355910961 0.09405040396 0.7019706172 0.6079202133 -0.6304316109 0.180858905 0.3624265112 nan nan
18 122456 16365 16365 0 0.7996908459 0.08028272652 0.7140527225 0.9595877479 0.2455350253 0.1222139117 0.9984655107 0.876251599 0.06456875628 0.1590047338 0.6807012788 nan nan
19 97661 3205 3205 0 0.4132630636 0.1452209156 0.2875265988 0.7027564562 0.4152298575 0.06631223318 0.9999965192 0.933684286 1.752195656 0.3062733 0.6003652001 nan nan

K=20, phase=forward, parameter=w [deg]
cluster representative_source n_cluster n_valid n_missing median std p05 p95 width90 minimum maximum range skewness error95 error_max angle_origin_deg angle_resultant
0 128106 30980 30979 1 -19.35340147 77.79906021 -60.79553202 129.538985 190.3345171 -137.9752181 134.678219 272.6534371 0.2922915671 178.0795972 179.9998664 323.2917811 0.2670198989
1 22427 4563 4563 0 -2.396136247 16.17718988 -12.39308669 34.45304452 46.84613121 -179.5417254 174.530274 354.0719994 3.746292869 40.92728673 179.2069108 305.3148453 0.9675529008
2 49166 7431 7288 143 -6.478096855 45.41985932 -9.654274853 125.8295964 135.4838713 -89.50288755 166.455592 255.9584796 2.047802578 134.1974509 174.8234465 296.1048316 0.7789737859
3 221317 4362 4362 0 20.66754823 54.85932718 -69.45081537 80.25711207 149.7079274 -119.3909231 119.7113029 239.1022259 -0.06601886209 140.4671388 179.9213296 16.35063725 0.5981319861
4 48796 7249 7249 0 -5.087410514 20.22858179 -16.08966085 35.10292164 51.19258248 -73.57155544 148.607411 222.1789664 2.871332807 45.95001538 158.5500846 305.0283724 0.9478527467
5 127595 3652 3652 0 -24.65036796 78.98646552 -77.94970984 121.9789573 199.9286672 -78.22960997 131.9543825 210.1839925 0.1025971434 171.129046 179.9182798 334.7865608 0.2194248883
6 28932 2721 1343 1378 21.03366189 66.17320484 -126.2191881 97.29067381 223.5098619 -179.676775 179.8459467 359.5227217 -0.153371737 nan nan 62.93117105 0.5759825885
7 8822 3117 3117 0 -4.338862946 19.48263687 -7.696983967 49.71409798 57.41108195 -27.75856981 155.3084982 183.067068 4.361868851 56.5312171 162.1256173 299.9766635 0.9550090156
8 81619 8168 8167 1 -12.94030244 53.22437569 -58.27683407 69.40526302 127.6820971 -170.8711179 74.95060659 245.8217245 -0.06291377393 116.2158671 177.8626395 347.9781623 0.6176195677
9 172743 4515 4515 0 -0.728736974 28.85246092 -32.08719384 45.86242604 77.94961988 -85.10639188 172.5308763 257.6372681 1.864418098 59.63458512 178.8371593 7.429585085 0.8979867269
10 13959 8887 8886 1 -1.030436329 11.66533129 -9.323373833 11.61528255 20.93865638 -93.66248284 162.2891279 255.9516107 6.730314052 16.16205045 166.8173122 303.6090927 0.9836495546
11 154309 27438 27437 1 -9.147677026 63.02515595 -26.37104217 144.2575639 170.628606 -179.1993689 179.6539711 358.85334 1.225422766 165.2840121 179.9910691 297.043637 0.5826988554
12 33852 2787 2786 1 -12.49703511 53.35772204 -39.86937147 141.5475326 181.416904 -164.9496248 148.7611413 313.7107661 1.359218038 158.8628063 166.076415 312.6982351 0.6909442079
13 161476 25184 25182 2 45.17644098 88.20453428 -122.4584547 101.6307475 224.0892022 -174.4361694 175.0767112 349.5128806 -0.02803284649 167.5929793 175.8029475 211.5466208 0.07604333971
14 168732 15039 15039 0 -11.20327702 86.11710334 -20.28303281 173.6074612 193.890494 -178.5083006 179.332123 357.8404237 0.4052218771 178.9371669 179.9990792 281.6608217 0.2132602136
15 76537 4954 4951 3 -3.498356472 17.18132253 -17.0910563 32.89003375 49.98109005 -43.1020964 104.3515257 147.4536221 2.056484721 38.15898381 109.6204758 311.9456377 0.958075797
16 41395 9312 9311 1 -14.09482813 55.70726832 -17.63507744 138.4983573 156.1334348 -167.0852212 166.5817382 333.6669594 1.247339288 156.1124661 176.8890458 303.5313572 0.6493553296
17 49752 4195 4195 0 -0.8139457969 17.84204868 -18.58516258 20.99240407 39.57756665 -64.76328801 151.7305285 216.4938165 3.449129252 28.77726226 159.4220029 315.6777804 0.9598254289
18 122456 16365 16365 0 -3.794168739 14.9166521 -9.929527461 24.92835283 34.85788029 -179.3878118 175.7894809 355.1772927 2.47979737 30.3775669 178.9963339 267.802894 0.9731913505
19 97661 3205 3205 0 -4.13030939 32.91064898 -45.26427135 66.90257611 112.1668475 -178.6850835 176.3421768 355.0272603 1.065052541 68.57224758 179.2048535 339.9357878 0.8694169785

K=30, STD=0.01186722269
n = trajectories per cluster; conditions overlap.
n = 1: clusters=0/30 (0.00%); trajectories=0/194124 (0.00%)
n < 10: clusters=1/30 (3.33%); trajectories=2/194124 (0.00%)
n < 100: clusters=1/30 (3.33%); trajectories=2/194124 (0.00%)

K=30, phase=backward, parameter=a [km]
cluster representative_source n_cluster n_valid n_missing median std p05 p95 width90 minimum maximum range skewness error95 error_max angle_origin_deg angle_resultant
0 144351 45542 0 45542 nan nan nan nan nan nan nan nan nan nan nan nan nan
1 23975 3858 3858 0 208476.214 3071.804711 203913.4236 213625.3863 9711.96262 202700.1039 217606.5195 14906.41558 0.1370353165 5418.486143 8730.982128 nan nan
2 33938 1408 1408 0 236340.7016 4155.642704 227911.0824 240714.4742 12803.39181 220111.1729 240887.1301 20775.95721 -0.614158432 9428.965332 17228.87481 nan nan
3 221195 4355 0 4355 nan nan nan nan nan nan nan nan nan nan nan nan nan
4 50147 5996 5996 0 209759.3761 3703.768663 204840.3614 215850.3319 11009.97045 204471.9973 232104.7028 27632.70552 0.5511281715 5893.088401 21443.10919 nan nan
5 127305 3336 0 3336 nan nan nan nan nan nan nan nan nan nan nan nan nan
6 35771 666 666 0 237378.2162 2728.244135 232948.2649 240878.3906 7930.125687 222425.0852 241125.0718 18699.9866 -0.9683866395 4343.167011 14866.3467 nan nan
7 8553 2926 2926 0 212811.0866 5380.837917 204897.2107 221911.5306 17014.3199 202792.8172 230330.5164 27537.69915 0.1546396826 9513.842171 17899.48899 nan nan
8 80416 7394 7394 0 211260.5854 3939.28742 205868.8646 217337.2895 11468.42482 193076.8534 232854.8674 39778.01396 0.5361066543 6799.524547 20317.41939 nan nan
9 175498 2918 0 2918 nan nan nan nan nan nan nan nan nan nan nan nan nan
10 23915 4615 4615 0 222605.3834 5428.359267 212413.4724 229551.4662 17137.99381 210110.2001 230946.3375 20836.13746 -0.3171827237 9228.87801 11474.60653 nan nan
11 176287 17401 0 17401 nan nan nan nan nan nan nan nan nan nan nan nan nan
12 98454 2797 2797 0 215776.2414 8027.239062 205295.276 230021.981 24726.70497 202949.7629 234614.083 31664.32013 0.2545395152 13055.29832 16860.11894 nan nan
13 156237 2360 0 2360 nan nan nan nan nan nan nan nan nan nan nan nan nan
14 168732 13781 0 13781 nan nan nan nan nan nan nan nan nan nan nan nan nan
15 76537 4875 4875 0 198883.7342 2433.606469 195972.5478 203574.6245 7602.076714 193076.1974 204540.1463 11463.94884 0.3300450323 6465.177763 7430.699565 nan nan
16 41854 8347 8347 0 225498.9804 5029.04702 217473.7878 232801.8737 15328.08594 213489.1343 235537.6775 22048.5432 -0.04990157056 10096.26659 12832.07038 nan nan
17 49752 4139 4139 0 200459.2066 1659.526126 198212.7789 203708.0907 5495.311828 193167.7014 204535.186 11367.48462 0.2780927608 4205.402958 6342.069315 nan nan
18 125038 14730 0 14730 nan nan nan nan nan nan nan nan nan nan nan nan nan
19 30062 551 551 0 238848.567 3183.636775 230762.3447 241012.0965 10249.75175 224532.5509 241085.7226 16553.17175 -1.480471141 7872.924362 14102.71824 nan nan
20 34315 1947 1947 0 214897.2819 9212.484717 201686.0655 230339.3308 28653.26521 193064.5732 235307.188 42242.61479 0.1363191795 15306.82285 22012.96588 nan nan
21 31697 1389 1389 0 233393.4145 8851.734852 202487.9487 235493.128 33005.17927 196651.6886 236398.7407 39747.05205 -2.155216652 30852.51494 36688.775 nan nan
22 48939 7102 7102 0 225774.1589 4637.719242 218462.2395 233199.1312 14736.89166 212870.5637 237537.1806 24666.61694 -0.01501442319 9834.590728 14154.94841 nan nan
23 151127 3687 0 3687 nan nan nan nan nan nan nan nan nan nan nan nan nan
24 68381 1743 1743 0 203424.2979 1130.201059 202000.7995 204401.8991 2401.099622 193052.5207 204531.0789 11478.55822 -4.384661967 1349.827145 10298.10592 nan nan
25 117692 12103 0 12103 nan nan nan nan nan nan nan nan nan nan nan nan nan
26 149482 7320 0 7320 nan nan nan nan nan nan nan nan nan nan nan nan nan
27 167957 2 0 2 nan nan nan nan nan nan nan nan nan nan nan nan nan
28 22050 1674 1674 0 236331.3361 3405.319486 228737.0132 239403.1864 10666.17328 193730.153 240851.328 47121.17499 -3.184396208 7866.142823 42873.003 nan nan
29 9472 5162 5162 0 221807.4743 4067.757048 215005.3615 227807.8431 12802.48168 213311.9075 236918.5975 23606.68992 -0.02173869424 7833.468259 14206.0704 nan nan

K=30, phase=backward, parameter=e [-]
cluster representative_source n_cluster n_valid n_missing median std p05 p95 width90 minimum maximum range skewness error95 error_max angle_origin_deg angle_resultant
0 144351 45542 0 45542 nan nan nan nan nan nan nan nan nan nan nan nan nan
1 23975 3858 3858 0 0.4560985703 0.02311172809 0.4171051663 0.4901943438 0.07308917746 0.3855433448 0.4992001343 0.1136567895 -0.1516013433 0.04072243959 0.06759312469 nan nan
2 33938 1408 1408 0 0.2232041907 0.04110739381 0.1747893233 0.3011525486 0.1263632253 0.1726509316 0.3673177989 0.1946668674 0.4526966908 0.08934350681 0.1555087571 nan nan
3 221195 4355 0 4355 nan nan nan nan nan nan nan nan nan nan nan nan nan
4 50147 5996 5996 0 0.4462357229 0.02823361791 0.3996159493 0.4831083745 0.08349242515 0.2638398091 0.4859440262 0.2221042171 -0.6553992653 0.04447348997 0.1755865428 nan nan
5 127305 3336 0 3336 nan nan nan nan nan nan nan nan nan nan nan nan nan
6 35771 666 666 0 0.2117392557 0.02829814542 0.1727363096 0.2560653621 0.0833290525 0.1697173735 0.348902848 0.1791854745 0.7191231517 0.04380660031 0.1366440862 nan nan
7 8553 2926 2926 0 0.4234352433 0.04124286574 0.3524497348 0.4829443636 0.1304946288 0.2809948888 0.4985953263 0.2176004375 -0.1929166827 0.07392628824 0.1453811343 nan nan
8 80416 7394 7394 0 0.4347171126 0.03031362941 0.3878903365 0.4753868939 0.08749655736 0.2565484204 0.5703110008 0.3137625804 -0.676476842 0.05160920108 0.168397147 nan nan
9 175498 2918 0 2918 nan nan nan nan nan nan nan nan nan nan nan nan nan
10 23915 4615 4615 0 0.3464618692 0.04379221501 0.2881086087 0.4262955598 0.1381869511 0.275559612 0.4437822963 0.1682226843 0.2573783645 0.07439370571 0.0891053175 nan nan
11 176287 17401 0 17401 nan nan nan nan nan nan nan nan nan nan nan nan nan
12 98454 2797 2797 0 0.4000524833 0.06362200087 0.2833022565 0.4796086158 0.1963063593 0.2395769711 0.4970993016 0.2575223305 -0.3289774323 0.1029769528 0.1447923019 nan nan
13 156237 2360 0 2360 nan nan nan nan nan nan nan nan nan nan nan nan nan
14 168732 13781 0 13781 nan nan nan nan nan nan nan nan nan nan nan nan nan
15 76537 4875 4875 0 0.5274391561 0.01803369432 0.4926735354 0.5489635604 0.05629002499 0.4852357324 0.570313305 0.0850775726 -0.3337829505 0.04784546417 0.05528326719 nan nan
16 41854 8347 8347 0 0.322264105 0.04239335632 0.2578705925 0.387016003 0.1291454105 0.2316081199 0.4185724086 0.1869642887 -0.02074210824 0.08741081059 0.1136732832 nan nan
17 49752 4139 4139 0 0.5157951143 0.01229720242 0.4916954871 0.532394349 0.04069886197 0.4852822681 0.5696656159 0.08438334781 -0.2815152067 0.03122327669 0.04682744836 nan nan
18 125038 14730 0 14730 nan nan nan nan nan nan nan nan nan nan nan nan nan
19 30062 551 551 0 0.1964056026 0.03263154049 0.1710533264 0.2770210811 0.1059677547 0.1700108998 0.329711172 0.1597002722 1.247619761 0.07940631782 0.1320964088 nan nan
20 34315 1947 1947 0 0.4070295288 0.07232041467 0.2805496848 0.5066373839 0.2260876991 0.2337934825 0.5704147561 0.3366212737 -0.2082669961 0.1253800208 0.1719922079 nan nan
21 31697 1389 1389 0 0.2518556602 0.07273526416 0.231275327 0.5007075948 0.2694322678 0.2220594784 0.5438525635 0.3217930851 2.056890874 0.2482161493 0.2913611181 nan nan
22 48939 7102 7102 0 0.3197161763 0.03919499958 0.2541196034 0.3791207334 0.1250011301 0.2096293158 0.4229543097 0.2133249939 -0.06469835243 0.08549635099 0.1299866386 nan nan
23 151127 3687 0 3687 nan nan nan nan nan nan nan nan nan nan nan nan nan
24 68381 1743 1743 0 0.4936759851 0.008396308372 0.4863963168 0.5043015496 0.01790523276 0.4853384813 0.5704977882 0.08515930688 4.351437213 0.01004986216 0.07624610079 nan nan
25 117692 12103 0 12103 nan nan nan nan nan nan nan nan nan nan nan nan nan
26 149482 7320 0 7320 nan nan nan nan nan nan nan nan nan nan nan nan nan
27 167957 2 0 2 nan nan nan nan nan nan nan nan nan nan nan nan nan
28 22050 1674 1674 0 0.2229890446 0.03187424338 0.1907054476 0.2939861467 0.1032806991 0.1728099338 0.5654637168 0.392653783 2.557078293 0.0737650306 0.3452426007 nan nan
29 9472 5162 5162 0 0.3531751898 0.03284112211 0.3033302971 0.4065825216 0.1032522245 0.2198026407 0.4196176733 0.1998150326 -0.04436049914 0.06239641795 0.1260522954 nan nan

K=30, phase=backward, parameter=w [deg]
cluster representative_source n_cluster n_valid n_missing median std p05 p95 width90 minimum maximum range skewness error95 error_max angle_origin_deg angle_resultant
0 144351 45542 0 45542 nan nan nan nan nan nan nan nan nan nan nan nan nan
1 23975 3858 3858 0 -1.083366517 5.593033578 -4.708037918 17.59103767 22.29907559 -14.47487683 26.47782051 40.95269734 2.724763078 19.62899018 28.51577302 187.0071187 0.995274569
2 33938 1408 1408 0 8.526243411 17.12605567 -31.93422431 15.43438366 47.36860797 -32.94149975 15.73744345 48.67894321 -0.7805981559 42.31647891 43.32375436 199.996766 0.9560023068
3 221195 4355 0 4355 nan nan nan nan nan nan nan nan nan nan nan nan nan
4 50147 5996 5996 0 -0.9581949079 4.714866264 -5.116577051 11.18670435 16.3032814 -25.19523123 17.13212721 42.32735844 1.361999647 12.78401079 23.70162027 196.884061 0.9966254866
5 127305 3336 0 3336 nan nan nan nan nan nan nan nan nan nan nan nan nan
6 35771 666 666 0 4.929513217 14.36313575 -31.13675722 15.13355534 46.27031256 -33.16614625 15.94478166 49.11092791 -1.029394727 42.51981184 44.54920087 200.1663375 0.9690446474
7 8553 2926 2926 0 -1.907692078 6.987241317 -3.701478124 21.7411567 25.44263482 -4.150007937 34.38577393 38.53578187 3.277369565 24.09945608 36.74407331 182.3267698 0.992684342
8 80416 7394 7394 0 -0.2184438136 4.030913133 -4.770677461 6.421157666 11.19183513 -32.04494738 13.40978208 45.45472946 -0.998232008 7.201750655 33.93557129 202.9191409 0.9975383561
9 175498 2918 0 2918 nan nan nan nan nan nan nan nan nan nan nan nan nan
10 23915 4615 4615 0 -0.1102736485 1.8128301 -2.85093615 3.080128212 5.931064363 -3.773042958 4.851415402 8.62445836 0.1686764055 4.555819776 5.477926584 190.3477876 0.9994995523
11 176287 17401 0 17401 nan nan nan nan nan nan nan nan nan nan nan nan nan
12 98454 2797 2797 0 2.941378871 10.03556486 -15.13581439 12.37156153 27.50737592 -37.46248617 12.83070147 50.29318764 -0.3813998677 24.86804117 47.19471295 204.4215326 0.9847326619
13 156237 2360 0 2360 nan nan nan nan nan nan nan nan nan nan nan nan nan
14 168732 13781 0 13781 nan nan nan nan nan nan nan nan nan nan nan nan nan
15 76537 4875 4875 0 -0.5211792217 6.807555025 -9.576367637 11.80212541 21.37849304 -11.32175765 14.34725334 25.66901099 0.256703918 11.38200348 13.37751136 190.6659943 0.9929576816
16 41854 8347 8347 0 -1.745580636 6.05723309 -6.704179862 12.42538936 19.12956922 -35.1431378 14.71879264 49.86193044 0.1855979449 13.73678277 33.93519706 202.1269298 0.9944404234
17 49752 4139 4139 0 -0.9599051099 4.991450986 -6.729034796 9.784782484 16.51381728 -16.00791083 13.46484746 29.47275829 0.5990732511 12.83470143 16.40982749 190.7651368 0.9962116102
18 125038 14730 0 14730 nan nan nan nan nan nan nan nan nan nan nan nan nan
19 30062 551 551 0 3.132942533 15.0384356 -27.53223257 17.69598271 45.22821528 -31.03100221 19.16462802 50.19563023 -0.5415283746 38.72479371 42.22356335 197.9679054 0.9659513916
20 34315 1947 1947 0 -1.578751681 7.848562784 -5.400564785 19.51921615 24.91978094 -28.4471787 21.9790675 50.42624619 0.7949972409 23.83147834 25.45112209 195.360887 0.9907099279
21 31697 1389 1389 0 1.818801074 6.220827459 -11.75873859 9.585404138 21.34414273 -14.13363918 11.80172943 25.93536861 -0.5991610128 11.74491474 14.10614348 204.8592396 0.9941207685
22 48939 7102 7102 0 0.7047964108 5.429162378 -7.343416587 5.096791791 12.44020838 -37.09387459 13.38036795 50.47424254 -3.754184135 8.459238042 37.67098648 204.1915339 0.9955951987
23 151127 3687 0 3687 nan nan nan nan nan nan nan nan nan nan nan nan nan
24 68381 1743 1743 0 0.01030321961 3.157272432 -4.236515106 4.585748482 8.822263588 -22.2624807 6.691940515 28.95442121 -1.52129257 5.994276364 21.09729402 196.061212 0.9984861557
25 117692 12103 0 12103 nan nan nan nan nan nan nan nan nan nan nan nan nan
26 149482 7320 0 7320 nan nan nan nan nan nan nan nan nan nan nan nan nan
27 167957 2 0 2 nan nan nan nan nan nan nan nan nan nan nan nan nan
28 22050 1674 1674 0 1.109551551 7.704767307 -14.70704564 14.52823245 29.23527809 -31.8620824 16.69923651 48.56131891 -0.9352329785 17.13765805 34.29269481 199.2062399 0.9910365116
29 9472 5162 5162 0 -0.5399961271 3.904278129 -4.073953171 7.867822571 11.94177574 -18.70405323 30.85297376 49.55702699 2.915356051 8.703923379 31.63432212 185.8763784 0.9976974509

K=30, phase=forward, parameter=a [km]
cluster representative_source n_cluster n_valid n_missing median std p05 p95 width90 minimum maximum range skewness error95 error_max angle_origin_deg angle_resultant
0 144351 45542 45540 2 193384.2857 89419.20004 188131.7288 364712.439 176580.7102 187998.576 4480813.766 4292815.19 6.936067087 175719.7808 4291821.108 nan nan
1 23975 3858 3858 0 205789.5316 7285.600915 198994.0208 218294.8766 19300.85582 198317.9059 290701.7456 92383.83972 2.506384072 10884.03555 83290.90453 nan nan
2 33938 1408 11 1397 279705.8117 5323582.995 239674.782 9535592.891 9295918.109 205360.9493 18789119.65 18583758.71 3.316529371 nan nan nan nan
3 221195 4355 4355 0 220767.0351 218261.7083 190026.1812 838608.9729 648582.7917 188318.3353 923942.512 735624.1767 1.851487705 632726.8701 718060.4091 nan nan
4 50147 5996 5996 0 202399.8227 13723.18056 192685.4553 208597.9607 15912.50533 190787.5147 1128307.231 937519.7163 51.73136849 9742.980037 926157.7998 nan nan
5 127305 3336 3336 0 203438.4897 860393.0187 188811.1207 2423082.157 2234271.036 188331.8518 6283699.162 6095367.31 2.043947567 2225633.435 6086250.441 nan nan
6 35771 666 665 1 210161.5967 726807.2298 188897.1126 1302594.737 1113697.624 188375.5304 9733554.719 9545179.189 6.715873241 1106768.273 9537728.256 nan nan
7 8553 2926 2926 0 222561.9981 6024.707581 208640.8488 227565.3307 18924.48193 200496.666 290687.8457 90191.17974 -1.037124351 15254.74566 67012.32895 nan nan
8 80416 7394 7393 1 192362.2747 92154.9742 188633.1878 295052.5062 106419.3184 188390.3736 7296020.845 7107630.472 61.81529909 71297.96822 7072266.307 nan nan
9 175498 2918 2918 0 236778.2562 1110077.391 228020.7864 240775.0091 12754.22264 202732.8438 21659266.51 21456533.67 14.86429423 13282.87486 21418864.46 nan nan
10 23915 4615 4614 1 198455.6861 3172.345811 195968.1817 202289.1823 6321.00065 195345.8198 233461.2372 38115.41744 6.574980713 5441.07972 36613.1346 nan nan
11 176287 17401 17401 0 202464.8165 814340.3383 189249.2018 255568.0432 66318.84141 188553.8771 76282242.54 76093688.66 62.35447073 52180.45792 76078854.95 nan nan
12 98454 2797 2797 0 214994.0948 8764.238628 201879.9358 229183.9779 27304.04215 189478.0538 280970.1447 91492.09094 0.179476853 15001.59501 65066.83225 nan nan
13 156237 2360 2360 0 194713.0319 91585.94141 188285.1384 278542.1497 90257.01126 188188.9864 3928762.039 3740573.052 29.30277996 89122.61927 3739342.508 nan nan
14 168732 13781 13781 0 193944.4914 235013.2578 188675.8137 234235.4341 45559.62038 188339.4372 8775147.526 8586808.089 29.40032919 41820.57825 8582732.67 nan nan
15 76537 4875 4872 3 223034.3435 6503.49457 210114.8766 229884.4968 19769.62018 202955.6949 290425.8947 87470.1998 0.8770550981 12215.38892 69338.86985 nan nan
16 41854 8347 8345 2 211246.912 171167.4705 190819.5953 324319.1813 133499.586 188388.8354 3868441.785 3680052.95 7.639651047 114127.4874 3658250.091 nan nan
17 49752 4139 4139 0 206822.9781 8061.891102 199894.0429 217471.5388 17577.49592 199228.2887 290667.2668 91438.97806 4.233902615 9141.644773 82241.70584 nan nan
18 125038 14730 14730 0 201624.892 98180.45596 190064.5974 207807.6112 17743.01377 188359.5922 4813753.221 4625393.629 34.41486824 11265.08179 4612545.685 nan nan
19 30062 551 551 0 212067.7823 10163.49625 200805.543 229850.4706 29044.92759 189465.639 239637.9267 50172.28772 0.03028366562 16594.1476 27873.89492 nan nan
20 34315 1947 1946 1 209805.6138 13837.29636 208532.0095 240766.7112 32234.70171 206005.9538 342072.9036 136066.9498 3.907089078 31144.00025 132450.1927 nan nan
21 31697 1389 1383 6 210338.003 388069.8611 189630.4137 1169406.664 979776.2501 189369.5122 2802071.047 2612701.535 2.539891316 970707.7524 2603372.136 nan nan
22 48939 7102 6986 116 200503.5383 50819.3646 189225.5009 223855.6206 34630.11976 188882.7471 1306594.606 1117711.859 14.17054898 23095.51148 1105834.497 nan nan
23 151127 3687 3687 0 196513.4972 227650.0387 188356.5352 292445.9492 104089.414 188188.6076 9903671.596 9715482.989 37.37401487 100969.8043 9712195.451 nan nan
24 68381 1743 1743 0 202421.6075 11799.39846 194023.5521 207645.653 13622.10088 191900.3895 291166.9449 99266.55542 5.894864395 7596.090766 90337.84773 nan nan
25 117692 12103 12102 1 211445.4924 150263.6389 191770.0145 253186.0353 61416.02089 188218.9593 5951144.654 5762925.694 26.54764488 40351.64852 5738310.267 nan nan
26 149482 7320 7319 1 196938.2153 193452.0724 188407.235 327286.1488 138878.9138 188239.9341 5805939.396 5617699.462 14.48017753 136178.8461 5614832.093 nan nan
27 167957 2 2 0 206129.3612 512.6989975 205667.9321 206590.7903 922.8581956 205616.6622 206642.0602 1025.397995 nan 974.1280953 1025.397995 nan nan
28 22050 1674 1674 0 408264.2356 627625.4421 193917.5821 1608550.912 1414633.33 189482.7134 8837569.013 8648086.299 4.867943435 1137628.632 8366646.732 nan nan
29 9472 5162 5162 0 210631.6749 6020.137341 203586.5157 218888.4593 15301.94357 202485.611 291060.468 88574.85699 3.042891892 9005.481816 78625.775 nan nan

K=30, phase=forward, parameter=e [-]
cluster representative_source n_cluster n_valid n_missing median std p05 p95 width90 minimum maximum range skewness error95 error_max angle_origin_deg angle_resultant
0 144351 45542 45540 2 0.9294181304 0.2336044366 0.2385392352 0.9992975637 0.7607583285 3.774545329e-05 1 0.9999622545 -1.942415653 0.7381564597 0.9766579495 nan nan
1 23975 3858 3858 0 0.4798011939 0.05979182988 0.3810076891 0.5283324086 0.1473247195 0.09456188752 0.698019206 0.6034573185 -0.339397075 0.08866691867 0.3695743611 nan nan
2 33938 1408 11 1397 0.1285517993 0.3065291027 0.1149652064 0.9165059526 0.8015407462 0.1144435277 0.9768786834 0.8624351557 1.951460039 nan nan nan nan
3 221195 4355 4355 0 0.631277152 0.2516885859 0.1800441853 0.9880518688 0.8080076835 0.006136354059 0.9999999862 0.9938636321 -0.1834512767 0.6218638989 0.7957717301 nan nan
4 50147 5996 5996 0 0.802118465 0.09163546657 0.6984234141 0.9315318388 0.2331084247 0.09275924696 0.9582645629 0.8655053159 -2.409961998 0.1290728562 0.7138432187 nan nan
5 127305 3336 3336 0 0.8045611832 0.1674954802 0.5051774476 0.9926311439 0.4874536962 0.005575633586 0.9999999262 0.9944242926 -1.177388965 0.3541828207 0.8537846348 nan nan
6 35771 666 665 1 0.759758887 0.2117870064 0.3627418588 0.9951912884 0.6324494296 0.0358819124 0.9999986823 0.9641167699 -0.8340167901 0.520602253 0.8474621994 nan nan
7 8553 2926 2926 0 0.3470573235 0.0584094866 0.3055602069 0.4881218011 0.1825615942 0.09457712793 0.7031667327 0.6085896048 2.577682271 0.1526995891 0.3651449578 nan nan
8 80416 7394 7393 1 0.9533174981 0.2252767145 0.2599769973 0.9994796312 0.7395026339 1.887149263e-05 0.9999999998 0.9999811283 -2.162887679 0.4436768282 0.703634954 nan nan
9 175498 2918 2918 0 0.2187355471 0.08183226942 0.1743142489 0.30217711 0.1278628611 0.09280181753 0.9799570657 0.8871552482 5.478196269 0.1242862869 0.8020662426 nan nan
10 23915 4615 4614 1 0.530615542 0.02455878069 0.5022239987 0.5489823923 0.04675839354 0.2507497978 0.5535822468 0.302832449 -7.080083014 0.04023628607 0.291710487 nan nan
11 176287 17401 17401 0 0.8397301855 0.1754987237 0.4991353921 0.9977273224 0.4985919303 0.002972835345 0.9999999976 0.9970271622 -1.572252221 0.316974256 0.8131368127 nan nan
12 98454 2797 2797 0 0.4063203952 0.1289870654 0.2903957549 0.671938558 0.3815428031 0.1155312175 0.9999965192 0.8844653017 1.848233248 0.2726208059 0.6005602703 nan nan
13 156237 2360 2360 0 0.9085787896 0.1862443335 0.3954878231 0.9988802449 0.6033924217 0.001314468504 0.9999999847 0.9986855162 -2.502270517 0.5776939268 0.9718672814 nan nan
14 168732 13781 13781 0 0.9342085288 0.1548232565 0.5870574321 0.9994848862 0.4124274542 0.0001671890931 0.9999999981 0.999832809 -2.761147878 0.3555701726 0.9424604155 nan nan
15 76537 4875 4872 3 0.3430007214 0.06452833945 0.2849728971 0.443373234 0.158400337 0.09506332243 0.7015280165 0.6064646941 2.293427563 0.09587658509 0.3428575423 nan nan
16 41854 8347 8345 2 0.6963740456 0.1586574771 0.4035450488 0.9789093798 0.5753643309 0.007668268694 0.9999999988 0.9923317301 -1.139009634 0.3187979312 0.7146747113 nan nan
17 49752 4139 4139 0 0.4737237789 0.06508286172 0.3873320029 0.5228062241 0.1354742212 0.09462640143 0.7006735322 0.6060471308 -0.6650528282 0.178423666 0.3618505137 nan nan
18 125038 14730 14730 0 0.8106260048 0.07917218488 0.7263389032 0.9695822601 0.2432433569 0.148581549 0.9999342557 0.8513527067 0.1656688474 0.1520925237 0.6701219153 nan nan
19 30062 551 551 0 0.4304491771 0.1529917781 0.2851883141 0.812563222 0.5273749079 0.1894484677 0.9998594752 0.8104110075 1.710358382 0.4243173389 0.6116135921 nan nan
20 34315 1947 1946 1 0.6514576853 0.1571539367 0.173902671 0.6854645993 0.5115619284 0.07522005048 0.7312966128 0.6560765623 -1.990977339 0.4818971407 0.5805797612 nan nan
21 31697 1389 1383 6 0.6984916919 0.2110623099 0.3203729661 0.9951258093 0.6747528432 0.06921333456 0.999999759 0.9307864244 -0.661305198 0.5629254586 0.8140850902 nan nan
22 48939 7102 6986 116 0.8548334427 0.1590693757 0.6173066653 0.9978092055 0.3805025402 0.09315892252 0.999999994 0.9068410715 -1.826471189 0.2287645686 0.7529123113 nan nan
23 151127 3687 3687 0 0.8787845831 0.1996567016 0.3164683542 0.9980323777 0.6815640235 0.004732944403 0.9999999967 0.9952670523 -2.344082777 0.6247089226 0.9364443323 nan nan
24 68381 1743 1743 0 0.7920554128 0.1189814475 0.7033471404 0.9115698143 0.2082226738 0.09393560652 0.9416817914 0.8477461849 -3.803700035 0.1163331428 0.7224486918 nan nan
25 117692 12103 12102 1 0.691145443 0.1411602662 0.529197484 0.9498476232 0.4206501391 0.0007192626071 0.9999999262 0.9992806636 -1.622406866 0.3055407718 0.6897408245 nan nan
26 149482 7320 7319 1 0.8737261837 0.1751972131 0.4513800154 0.9980412224 0.546661207 0.0005999373988 0.9999999761 0.9994000387 -2.412240287 0.4971571709 0.9479372489 nan nan
27 167957 2 2 0 0.7303968877 0.006826872716 0.7242527023 0.7365410732 0.01228837089 0.723570015 0.7372237604 0.01365374543 nan 0.01297105816 0.01365374543 nan nan
28 22050 1674 1674 0 0.5290639006 0.3159819073 0.02509695975 0.9420167893 0.9169198296 0.0006053674971 0.9999926079 0.9993872404 -0.1330204011 0.7601846199 0.8181604385 nan nan
29 9472 5162 5162 0 0.4409617083 0.05424879501 0.3764599038 0.4955901568 0.119130253 0.09428293306 0.6999896911 0.6057067581 0.4358523528 0.07039240024 0.3320542819 nan nan

K=30, phase=forward, parameter=w [deg]
cluster representative_source n_cluster n_valid n_missing median std p05 p95 width90 minimum maximum range skewness error95 error_max angle_origin_deg angle_resultant
0 144351 45542 45540 2 -21.20631334 85.66672028 -80.73618944 120.8290267 201.5652162 -149.7044637 123.8250126 273.5294763 0.06945324862 177.6822218 179.9999975 338.5131545 0.1073121445
1 23975 3858 3858 0 -3.742515055 17.15000057 -12.62160769 36.4720526 49.09366029 -179.8905121 174.1814872 354.0719994 3.478901516 42.53090705 179.9258829 305.6636321 0.9635074709
2 33938 1408 11 1397 -1.546960594 51.78468686 -91.00375513 26.91257652 117.9163317 -169.4830333 49.72459934 219.2076327 -2.660319483 nan nan 221.4422832 0.7815532763
3 221195 4355 4355 0 21.32899103 55.73552691 -69.84367279 80.89731085 150.7409836 -119.5441498 119.7984598 239.3426096 -0.0709772014 141.0006293 179.9017783 16.26348033 0.5871810331
4 50147 5996 5996 0 -5.572290987 17.95644254 -13.4878861 39.98220707 53.47009318 -61.00136059 143.6098585 204.6112191 2.25241849 48.88139257 152.3953344 301.822327 0.9547067454
5 127305 3336 3336 0 57.98683393 79.76294857 -84.05838141 116.3076744 200.3660559 -84.25499499 125.8539691 210.1089641 0.05630985332 171.980791 179.9896191 340.8869742 0.2042619146
6 35771 666 665 1 9.148001311 66.95518497 -140.3279212 75.06802466 215.3959459 -177.5947511 175.7521804 353.3469314 -0.6075867393 149.6169394 178.9777441 11.56995415 0.5039262575
7 8553 2926 2926 0 -4.279437541 14.88569942 -7.631678355 47.12672943 54.75840778 -8.111522572 70.59956655 78.71108912 2.885966857 53.62586603 77.09870316 299.9237242 0.9681881729
8 80416 7394 7393 1 7.596994681 53.69157506 -64.23780239 63.37709988 127.6149023 -177.4509214 68.56724052 246.0181619 -0.2333063421 117.5321454 175.927526 354.5579658 0.612720514
9 175498 2918 2918 0 -4.008357315 18.61989546 -19.095085 35.34667801 54.44176301 -33.16477783 125.6763694 158.8411472 1.892688006 36.53539215 126.8650836 23.18936729 0.9512614089
10 23915 4615 4614 1 -0.5618604697 4.893403051 -6.348357826 8.064212898 14.41257072 -7.551394694 36.33675489 43.88814958 1.739851239 8.603866395 36.87640839 307.282296 0.9963767918
11 176287 17401 17401 0 -14.94918333 67.97366259 -33.66769479 134.9700151 168.6377098 -174.9627724 177.6231358 352.5859081 0.8444816144 164.8974654 179.9933548 307.9893244 0.4741387573
12 98454 2797 2797 0 -2.313861477 27.99581306 -42.38846795 38.02593886 80.4144068 -175.5483017 179.4789587 355.0272603 1.744235836 50.17802969 178.0707336 336.7990059 0.9052188424
13 156237 2360 2360 0 1.810696829 82.99190019 -164.5703948 43.26114258 207.8315374 -170.2871954 120.3463894 290.6335848 -0.5215142234 166.0192502 171.7360508 255.1978647 0.2783664886
14 168732 13781 13781 0 -1.594306704 104.7582463 -178.0503239 178.046625 356.0969489 -179.9971808 179.9899517 359.9871325 0.04816638944 179.0367774 179.9990792 266.5367462 0.2301463371
15 76537 4875 4872 3 -3.084991298 14.84410081 -16.4245636 30.74350235 47.16806595 -42.4626038 99.23829922 141.700903 1.405235275 35.43999181 103.8677567 311.3061451 0.9675013333
16 41854 8347 8345 2 -10.88265282 48.79789167 -13.77368329 117.751935 131.5256182 -163.2281671 151.8720416 315.1002087 1.555487095 131.6285389 165.6825396 299.6743031 0.7314756653
17 49752 4139 4139 0 -0.7296813931 17.71128638 -18.58759545 20.86217771 39.44977316 -64.72457555 151.769241 216.4938165 3.492963754 28.67304566 159.4220029 315.639068 0.9605162019
18 125038 14730 14730 0 -3.639440727 12.93577888 -8.742987912 22.86120189 31.60418981 -174.9840421 176.9910885 351.9751306 3.277402143 27.99145179 177.9435976 266.6012864 0.9789615995
19 30062 551 551 0 -0.6874684534 32.65653548 -83.55400575 49.36873592 132.9227417 -92.30648115 150.5435244 242.8500055 0.1699344081 71.96647957 165.5370543 24.53917958 0.8647878667
20 34315 1947 1946 1 -11.03003 29.69472146 -18.74159231 69.54496104 88.28655334 -99.11062574 137.8981133 237.0087391 1.310284238 85.72762505 154.0807774 312.0958906 0.8803774141
21 31697 1389 1383 6 -33.9973317 70.77495741 -73.99468569 103.938953 177.9336387 -139.8447429 178.8960153 318.7407582 0.1865242022 158.2649388 175.9865419 347.6562677 0.3625326946
22 48939 7102 6986 116 -6.130007409 44.21808377 -9.229503596 126.1367454 135.366249 -86.57521556 151.3794934 237.9547089 2.152189148 134.1896293 159.4323773 295.7277808 0.7913861097
23 151127 3687 3687 0 -3.818401096 37.16221365 -30.54106061 93.18668147 123.7277421 -179.3641973 179.8230471 359.1872444 1.011171604 99.40723962 179.5557087 357.2515606 0.847878237
24 68381 1743 1743 0 -0.5066471756 10.96678846 -9.674920555 11.8001746 21.47509516 -67.96634235 95.47304737 163.4393897 1.317753816 17.15098919 99.95824229 314.7842817 0.9830425863
25 117692 12103 12102 1 -4.436112393 40.10495308 -25.70793359 131.9833203 157.6912539 -179.3443748 179.9133564 359.2577312 2.631791253 142.7949462 179.7725385 284.0751356 0.8403299333
26 149482 7320 7319 1 -9.786818173 82.54542748 -174.726266 66.8206207 241.5468867 -179.9910478 179.9960147 359.9870625 -0.4864755148 165.479806 179.6239292 268.2519269 0.4657951703
27 167957 2 2 0 -2.842170943e-14 13.18302478 -11.8647223 11.8647223 23.72944461 -13.18302478 13.18302478 26.36604956 nan 25.04774708 26.36604956 358.3002191 0.9736465144
28 22050 1674 1674 0 25.82541088 81.16688214 -154.3272466 32.46519451 186.7924411 -166.831914 174.6680463 341.4999603 -0.3884367498 178.7271157 179.9997855 66.81164815 0.2708858153
29 9472 5162 5162 0 -1.818558366 14.44792922 -6.987654556 14.51649314 21.5041477 -134.5634764 157.7989551 292.3624315 6.327167251 17.44038376 160.6559964 300.3091673 0.976493255

K=40, STD=0.01146681429
n = trajectories per cluster; conditions overlap.
n = 1: clusters=0/40 (0.00%); trajectories=0/194124 (0.00%)
n < 10: clusters=1/40 (2.50%); trajectories=2/194124 (0.00%)
n < 100: clusters=1/40 (2.50%); trajectories=2/194124 (0.00%)

K=40, phase=backward, parameter=a [km]
cluster representative_source n_cluster n_valid n_missing median std p05 p95 width90 minimum maximum range skewness error95 error_max angle_origin_deg angle_resultant
0 144351 45608 0 45608 nan nan nan nan nan nan nan nan nan nan nan nan nan
1 22426 4438 4438 0 209655.1602 3282.463447 204467.2776 214451.4225 9984.144936 202759.8231 216408.4283 13648.60518 -0.08986658557 5642.586596 7311.167435 nan nan
2 24011 832 832 0 238948.2836 1773.50513 235508.7702 240775.1642 5266.393972 234826.5462 240887.1301 6060.583874 -0.4141080005 3671.05397 4353.277936 nan nan
3 167952 2141 0 2141 nan nan nan nan nan nan nan nan nan nan nan nan nan
4 48782 6042 6042 0 210909.2966 4062.924354 204971.2349 217543.9692 12572.73428 204471.9973 219270.4558 14798.45852 0.1000066085 6866.380799 7517.348617 nan nan
5 51611 1255 0 1255 nan nan nan nan nan nan nan nan nan nan nan nan nan
6 29606 268 268 0 238933.9781 2845.321427 232506.2141 241036.9746 8530.760517 226773.6912 241085.7226 14312.03138 -0.8785357026 6236.373139 11968.89602 nan nan
7 100032 2644 2644 0 215343.6818 7786.780488 205293.1779 229637.3479 24344.16996 204405.3252 233148.234 28742.90873 0.2937531584 12747.36664 16258.25276 nan nan
8 40315 907 907 0 211367.3957 7692.314022 201755.9528 224735.1304 22979.17762 193116.9663 228741.806 35624.83977 0.2129152243 14914.72754 18803.58901 nan nan
9 175498 2764 0 2764 nan nan nan nan nan nan nan nan nan nan nan nan nan
10 14141 8651 8651 0 222706.4414 4134.326036 215833.2106 229060.5086 13227.29802 214604.9342 231002.7232 16397.78898 -0.04545232641 7138.654954 8778.442274 nan nan
11 210090 3039 0 3039 nan nan nan nan nan nan nan nan nan nan nan nan nan
12 31092 1062 1062 0 224159.7109 4617.279128 216400.3528 230811.3704 14411.01757 214513.8325 235788.4568 21274.62429 -0.1010137339 8909.477735 13886.56409 nan nan
13 156237 2361 0 2361 nan nan nan nan nan nan nan nan nan nan nan nan nan
14 165903 8837 0 8837 nan nan nan nan nan nan nan nan nan nan nan nan nan
15 43359 2173 2173 0 199360.3935 2220.914319 197057.2107 203777.7552 6720.544448 193076.1974 204519.6663 11443.46887 0.4299864471 5473.174388 6215.085493 nan nan
16 49800 1302 1302 0 229046.9822 4249.372367 220613.7573 234889.1639 14275.40656 213489.1343 235537.6775 22048.5432 -0.3991575464 9285.180484 16409.80344 nan nan
17 61172 435 435 0 201787.6453 1336.253481 201049.2614 204013.8877 2964.62634 193064.5732 205358.3439 12293.77072 -2.611309762 2546.888327 8562.803952 nan nan
18 120454 12566 0 12566 nan nan nan nan nan nan nan nan nan nan nan nan nan
19 32794 293 293 0 238142.8039 2508.01711 233700.597 240987.0165 7286.419445 229552.6831 241041.6789 11488.99576 -0.5168275478 4369.878113 8517.792024 nan nan
20 37548 882 882 0 209647.5438 4819.713252 203680.7871 216373.495 12692.70796 202619.3808 231429.7838 28810.40293 1.508034293 7436.271598 20917.11232 nan nan
21 21401 804 804 0 235481.4157 3184.290944 225132.5518 236404.5154 11271.96356 221376.4668 236905.2228 15528.75609 -2.86272856 10332.95747 14089.04255 nan nan
22 65627 743 743 0 230768.2312 3812.757051 223272.7802 234819.4061 11546.62587 210622.9716 236067.3488 25444.37722 -1.264393769 7606.162853 16874.82434 nan nan
23 153188 3577 0 3577 nan nan nan nan nan nan nan nan nan nan nan nan nan
24 69136 1600 1600 0 203459.1679 1026.273537 202076.721 204408.9784 2332.257306 193052.5207 204528.5522 11476.03145 -4.244369804 1274.449346 10298.64968 nan nan
25 167830 1814 0 1814 nan nan nan nan nan nan nan nan nan nan nan nan nan
26 148588 7200 0 7200 nan nan nan nan nan nan nan nan nan nan nan nan nan
27 167957 2 0 2 nan nan nan nan nan nan nan nan nan nan nan nan nan
28 14985 874 874 0 238414.9724 1416.880425 236275.5035 239566.5313 3291.027779 224569.8184 240991.0145 16421.19608 -2.323679309 2246.455551 13753.09166 nan nan
29 32944 470 470 0 216337.6371 9353.057235 203787.1455 231427.5989 27640.45332 202615.5526 236483.6659 33868.11332 0.1580762542 15673.97624 20730.04327 nan nan
30 45291 13149 13149 0 225806.8346 4589.99418 218685.3807 232897.6212 14212.24055 212638.556 234943.4829 22304.92696 -0.00992008563 9459.244004 11503.52312 nan nan
31 88569 2852 2852 0 198406.4543 2564.738427 195784.1752 203625.8767 7841.701495 195334.9647 204540.1463 9205.181575 0.4431018005 6128.130755 7042.400322 nan nan
32 176015 15556 0 15556 nan nan nan nan nan nan nan nan nan nan nan nan nan
33 116002 11138 0 11138 nan nan nan nan nan nan nan nan nan nan nan nan nan
34 31657 488 488 0 238147.179 2452.822054 233483.4491 240897.2562 7413.807112 230074.3959 241125.0718 11050.67586 -0.5697432908 4659.252752 8068.305952 nan nan
35 51108 3933 3933 0 200461.5325 1664.458641 198290.2078 203770.0771 5479.869243 193167.7014 204535.186 11367.48462 0.3054455635 4279.844775 6327.766148 nan nan
36 8686 2856 2856 0 213358.1877 5395.738866 205287.4094 222269.2466 16981.8372 204205.3143 230330.5164 26125.20206 0.119943348 9603.540492 17664.81029 nan nan
37 165874 9677 0 9677 nan nan nan nan nan nan nan nan nan nan nan nan nan
38 35110 1213 1213 0 233863.1964 1914.170373 232000.3827 236513.0479 4512.665149 201887.6693 237600.0027 35712.33342 -7.872423909 2832.946021 32201.06111 nan nan
39 80819 7678 7678 0 210987.8083 3989.696556 205593.1119 217407.5476 11814.43573 193076.8534 232937.5355 39860.68214 0.5411643063 6826.208591 20654.21995 nan nan

K=40, phase=backward, parameter=e [-]
cluster representative_source n_cluster n_valid n_missing median std p05 p95 width90 minimum maximum range skewness error95 error_max angle_origin_deg angle_resultant
0 144351 45608 0 45608 nan nan nan nan nan nan nan nan nan nan nan nan nan
1 22426 4438 4438 0 0.4472195917 0.02474153018 0.4107690278 0.4860891008 0.07532007298 0.3955290482 0.4987502492 0.1032212009 0.07652534065 0.0423127524 0.05462145445 nan nan
2 24011 832 832 0 0.1953081986 0.01940909873 0.1739936237 0.2314468033 0.05745317959 0.1726509316 0.2385571771 0.06590624552 0.3363478008 0.03977144292 0.0468818167 nan nan
3 167952 2141 0 2141 nan nan nan nan nan nan nan nan nan nan nan nan nan
4 48782 6042 6042 0 0.4375141233 0.03090866429 0.3864665628 0.4821613976 0.09569483483 0.3724094463 0.4859440262 0.1135345799 -0.1190856921 0.05195477648 0.05872929188 nan nan
5 51611 1255 0 1255 nan nan nan nan nan nan nan nan nan nan nan nan nan
6 29606 268 268 0 0.1955542749 0.02990402958 0.170673631 0.2597852606 0.08911162962 0.1700108998 0.310854133 0.1408432332 0.7311536723 0.06337315726 0.1144420297 nan nan
7 100032 2644 2644 0 0.4034244943 0.06157711584 0.2865601534 0.4796332566 0.1930731032 0.2537429246 0.4866718773 0.2329289527 -0.3646702217 0.10458399 0.1374012188 nan nan
8 40315 907 907 0 0.4341591191 0.05918563335 0.3287752983 0.5061084227 0.1773331244 0.2948031214 0.5700086311 0.2752055097 -0.2604016877 0.1171786755 0.1501844293 nan nan
9 175498 2764 0 2764 nan nan nan nan nan nan nan nan nan nan nan nan nan
10 14141 8651 8651 0 0.3458066027 0.0336440699 0.2923564717 0.4001110796 0.1077546079 0.2750330387 0.4095666379 0.1345335992 -0.01116712976 0.05796918019 0.07466022534 nan nan
11 210090 3039 0 3039 nan nan nan nan nan nan nan nan nan nan nan nan nan
12 31092 1062 1062 0 0.333435833 0.03812524602 0.2766239661 0.395538588 0.1189146219 0.2290958153 0.410756306 0.1816604907 0.04080151405 0.07537035071 0.1228985016 nan nan
13 156237 2361 0 2361 nan nan nan nan nan nan nan nan nan nan nan nan nan
14 165903 8837 0 8837 nan nan nan nan nan nan nan nan nan nan nan nan nan
15 43359 2173 2173 0 0.5239367931 0.0164239825 0.4911090869 0.5409588929 0.04984980596 0.4853942529 0.570313305 0.0849190521 -0.4330415308 0.04067041374 0.04638524774 nan nan
16 49800 1302 1302 0 0.2918987566 0.03676667019 0.2379680396 0.3619115178 0.1239434782 0.2316081199 0.4185724086 0.1869642887 0.3030165416 0.07806757489 0.1347284657 nan nan
17 61172 435 435 0 0.5058932394 0.009906117141 0.4891997156 0.5113557702 0.02215605462 0.4791368305 0.5704147561 0.09127792561 2.591950532 0.01890281302 0.0633214489 nan nan
18 120454 12566 0 12566 nan nan nan nan nan nan nan nan nan nan nan nan nan
19 32794 293 293 0 0.2032132092 0.02662169306 0.1713519967 0.2484633142 0.07711131755 0.170592258 0.2894307121 0.1188384541 0.4203423052 0.04461886146 0.08558625932 nan nan
20 37548 882 882 0 0.4471923845 0.03748825785 0.3957328046 0.4917386111 0.0960058065 0.2697648129 0.4996205578 0.229855745 -1.723368127 0.05579195572 0.1708955286 nan nan
21 21401 804 804 0 0.2317734553 0.02856405448 0.2221853646 0.32476882 0.1025834554 0.2169988019 0.3556024647 0.1386036628 2.776966331 0.09279040383 0.1236240486 nan nan
22 65627 743 743 0 0.2763981646 0.03338920277 0.2383395847 0.3420636712 0.1037240865 0.2285235433 0.4402835466 0.2117600033 1.089605296 0.06807272295 0.1355720434 nan nan
23 153188 3577 0 3577 nan nan nan nan nan nan nan nan nan nan nan nan nan
24 69136 1600 1600 0 0.4934292767 0.007629590979 0.4863384167 0.5037022537 0.01736383693 0.4853613783 0.5704977882 0.08513640983 4.208735689 0.009457046095 0.07625258061 nan nan
25 167830 1814 0 1814 nan nan nan nan nan nan nan nan nan nan nan nan nan
26 148588 7200 0 7200 nan nan nan nan nan nan nan nan nan nan nan nan nan
27 167957 2 0 2 nan nan nan nan nan nan nan nan nan nan nan nan nan
28 14985 874 874 0 0.201146052 0.01475149502 0.1888979676 0.2236668932 0.03476892563 0.1714609126 0.3294558209 0.1579949082 1.872543024 0.02511186976 0.1274205727 nan nan
29 32944 470 470 0 0.3957502205 0.07425027684 0.2708814326 0.4909759808 0.2200945482 0.2207230158 0.4996431885 0.2789201727 -0.2289935846 0.1296883823 0.1798467991 nan nan
30 45291 13149 13149 0 0.3195459912 0.03881153511 0.2570104389 0.3773896426 0.1203792037 0.2375146427 0.425040494 0.1875258513 -0.06075890722 0.08223132688 0.1016915351 nan nan
31 88569 2852 2852 0 0.5309336004 0.0190386741 0.4921569553 0.5503274091 0.05817045376 0.4852357324 0.5536543787 0.06841864628 -0.4466150897 0.04546738707 0.05238861 nan nan
32 176015 15556 0 15556 nan nan nan nan nan nan nan nan nan nan nan nan nan
33 116002 11138 0 11138 nan nan nan nan nan nan nan nan nan nan nan nan nan
34 31657 488 488 0 0.2043717385 0.02599005464 0.1724742611 0.2505665351 0.07809227396 0.1697173735 0.2848499342 0.1151325606 0.4739520859 0.04747462809 0.08175802716 nan nan
35 51108 3933 3933 0 0.5157840545 0.01233011093 0.4912616635 0.5318328113 0.04057114774 0.4852822681 0.5696656159 0.08438334781 -0.3080262093 0.03171631015 0.04672723506 nan nan
36 8686 2856 2856 0 0.4192060801 0.04142830125 0.3496208699 0.4800813697 0.1304604998 0.2809948888 0.4881042188 0.20710933 -0.1582054646 0.07496515664 0.1435911377 nan nan
37 165874 9677 0 9677 nan nan nan nan nan nan nan nan nan nan nan nan nan
38 35110 1213 1213 0 0.247473097 0.01711281215 0.2208676332 0.2648121667 0.04394453345 0.2094598728 0.5051342118 0.295674339 5.738283719 0.0277174318 0.2600095377 nan nan
39 80819 7678 7678 0 0.4367592825 0.0306725468 0.3872948793 0.4774414736 0.09014659439 0.2557673096 0.5703110008 0.3145436912 -0.6742975147 0.05165263127 0.1711206095 nan nan

K=40, phase=backward, parameter=w [deg]
cluster representative_source n_cluster n_valid n_missing median std p05 p95 width90 minimum maximum range skewness error95 error_max angle_origin_deg angle_resultant
0 144351 45608 0 45608 nan nan nan nan nan nan nan nan nan nan nan nan nan
1 22426 4438 4438 0 -0.5967292942 4.756336169 -4.462526006 3.88895357 8.351479576 -5.192997313 23.70989523 28.90289254 3.011207572 5.590276523 25.41121818 186.7289617 0.996580671
2 24011 832 832 0 3.783789539 14.78512903 -25.0634377 17.1429358 42.2063735 -26.97313933 18.21417894 45.18731827 -0.4284582375 34.84424333 36.75394496 195.5106187 0.9670226206
3 167952 2141 0 2141 nan nan nan nan nan nan nan nan nan nan nan nan nan
4 48782 6042 6042 0 -0.8314558993 4.278931063 -4.733630688 10.05578641 14.7894171 -24.2528374 17.17636188 41.42919928 1.605961236 11.41417307 22.91276836 196.9864814 0.9972198426
5 51611 1255 0 1255 nan nan nan nan nan nan nan nan nan nan nan nan nan
6 29606 268 268 0 4.515493616 16.34307544 -28.57878749 18.86179174 47.44057922 -30.60521872 19.44195407 50.04717279 -0.4657196484 39.84392818 41.87035941 197.6890605 0.959808468
7 100032 2644 2644 0 3.109343947 10.04055672 -15.37578257 12.23273287 27.60851544 -37.40947328 12.6662006 50.07567388 -0.4274392205 24.48796087 46.52165158 204.5618859 0.984716365
8 40315 907 907 0 -0.7980787812 5.117352639 -4.018448576 10.90395605 14.92240463 -25.00918625 19.51167066 44.52085691 0.6077244126 15.58560014 22.96263586 194.8072069 0.9960355423
9 175498 2764 0 2764 nan nan nan nan nan nan nan nan nan nan nan nan nan
10 14141 8651 8651 0 0.1302019878 3.390809235 -5.56826653 5.313189304 10.88145583 -6.804965718 6.626952629 13.43191835 -0.06736052494 5.879252774 6.800749509 187.9643751 0.9982498197
11 210090 3039 0 3039 nan nan nan nan nan nan nan nan nan nan nan nan nan
12 31092 1062 1062 0 -1.161992429 8.1993933 -4.166525468 20.14895305 24.31547852 -29.50957805 20.91666814 50.42624619 0.3819567299 21.63823895 28.57060354 196.4232864 0.9898916389
13 156237 2361 0 2361 nan nan nan nan nan nan nan nan nan nan nan nan nan
14 165903 8837 0 8837 nan nan nan nan nan nan nan nan nan nan nan nan nan
15 43359 2173 2173 0 -1.926595551 5.805905045 -6.396481133 12.59525093 18.99173206 -7.602022109 17.12931727 24.73133937 1.05055083 14.34688913 18.88095547 186.9462587 0.9948802452
16 49800 1302 1302 0 4.064919306 10.45809244 -13.00413945 9.917905825 22.92204528 -39.42836122 10.25137372 49.67973494 -1.630933695 18.13112031 44.55534208 206.4121532 0.9836338905
17 61172 435 435 0 -0.6882383189 3.674151446 -3.831334769 6.550312065 10.38164683 -20.2910647 10.21643752 30.50750222 -0.4216759657 8.875149996 18.4556781 194.0135468 0.9979488731
18 120454 12566 0 12566 nan nan nan nan nan nan nan nan nan nan nan nan nan
19 32794 293 293 0 5.891802044 14.50350151 -31.17599247 13.74984244 44.92583491 -34.91411548 14.17240047 49.08651595 -1.023339861 39.74409219 43.4822152 201.8719654 0.9684377823
20 37548 882 882 0 -4.297283718 8.270998818 -5.556217436 17.35445392 22.91067136 -23.93292303 21.85605639 45.78897942 1.273994062 22.03358231 26.53518478 195.4093477 0.9896390443
21 21401 804 804 0 -0.7252320779 4.965956514 -6.514213715 11.53202341 18.04623713 -8.092432852 13.03366062 21.12609347 1.164237561 14.22875168 15.73038889 202.9871388 0.9962531841
22 65627 743 743 0 11.08463981 20.08395084 -36.40102345 11.92806473 48.32908817 -36.61310646 12.12394193 48.73704839 -1.170903276 48.19300534 48.40508835 203.6683727 0.940089175
23 153188 3577 0 3577 nan nan nan nan nan nan nan nan nan nan nan nan nan
24 69136 1600 1600 0 0.005086197801 3.043333648 -3.811620203 4.457152066 8.268772269 -22.37316238 6.581258833 28.95442121 -1.846717019 5.714877784 21.24774005 196.1718936 0.9985940605
25 167830 1814 0 1814 nan nan nan nan nan nan nan nan nan nan nan nan nan
26 148588 7200 0 7200 nan nan nan nan nan nan nan nan nan nan nan nan nan
27 167957 2 0 2 nan nan nan nan nan nan nan nan nan nan nan nan nan
28 14985 874 874 0 2.506422495 8.313362811 -16.45266627 8.855054709 25.30772098 -28.09194291 19.67598547 47.76792839 -0.9959223171 18.80298478 30.44226142 195.4361004 0.9895523869
29 32944 470 470 0 -2.89183318 10.00146416 -8.215723171 18.5398259 26.75554907 -30.59452549 18.9625015 49.55702699 0.1476109941 24.12757998 25.0785435 197.7668507 0.9849010168
30 45291 13149 13149 0 -0.1156507432 4.462570373 -6.606446638 6.83374665 13.44019329 -35.78267466 14.38556189 50.16823654 -0.5091611583 7.454797267 35.70148379 203.18634 0.9969768086
31 88569 2852 2852 0 -0.09933640185 6.361597758 -10.64134698 10.04438966 20.68573664 -13.50614883 12.07261878 25.57876761 -0.06456361683 11.43403457 14.29883642 193.1704786 0.9938490725
32 176015 15556 0 15556 nan nan nan nan nan nan nan nan nan nan nan nan nan
33 116002 11138 0 11138 nan nan nan nan nan nan nan nan nan nan nan nan nan
34 31657 488 488 0 4.459518273 14.82420135 -29.59476574 15.84722718 45.44199292 -32.39036854 16.59264421 48.98301276 -0.7944185518 39.92724456 42.72284736 199.3990414 0.9669616737
35 51108 3933 3933 0 -1.065919373 4.917923183 -6.467682658 9.745467479 16.21315014 -15.26098223 13.17029796 28.43128019 0.6698106137 12.19844668 15.62241786 190.6685588 0.9963223331
36 8686 2856 2856 0 -1.005110085 4.972097513 -2.775672203 9.854228535 12.62990074 -3.21823807 31.2494735 34.46771157 4.32135321 11.09910428 32.49434924 181.3949999 0.9962883735
37 165874 9677 0 9677 nan nan nan nan nan nan nan nan nan nan nan nan nan
38 35110 1213 1213 0 -0.1740170438 3.367587664 -5.670652229 7.121248928 12.79190116 -13.39654182 9.235677719 22.63221953 0.3377687642 8.242540051 13.57056803 207.4252913 0.9982749049
39 80819 7678 7678 0 -0.140873687 4.04971731 -5.056650802 6.323118944 11.37976975 -32.00583044 13.54476118 45.55059162 -0.9010527293 7.421695583 33.9017142 202.7841618 0.9975142061

K=40, phase=forward, parameter=a [km]
cluster representative_source n_cluster n_valid n_missing median std p05 p95 width90 minimum maximum range skewness error95 error_max angle_origin_deg angle_resultant
0 144351 45608 45606 2 193386.241 88570.93803 188131.8933 364521.5159 176389.6226 187998.576 4480813.766 4292815.19 6.852186406 175528.8577 4291821.108 nan nan
1 22426 4438 4438 0 204550.915 6592.942337 198413.6469 218085.9024 19672.25542 197703.0841 219748.1184 22045.03436 0.5067788089 10810.6066 12472.82265 nan nan
2 24011 832 5 827 742223.093 7219802.769 730932.0082 15180776.82 14449844.81 728603.8283 18789119.65 18060515.83 2.23606392 nan nan nan nan
3 167952 2141 2141 0 227771.1668 351075.2481 207237.8978 278298.2665 71060.36872 188577.4119 16453922.65 16265345.24 46.07490938 47215.68239 16222840.07 nan nan
4 48782 6042 6042 0 203049.1259 5631.996494 194163.5919 209052.1428 14888.5509 192028.5859 291771.3033 99742.71734 3.14523775 9278.11609 88471.42654 nan nan
5 51611 1255 1255 0 1358904.704 910119.9285 200877.0847 3167321.276 2966444.191 197260.9786 4679542.026 4482281.047 0.6633311644 2345262.569 2348878.676 nan nan
6 29606 268 268 0 222875.6394 7850.156091 209505.7077 230847.7505 21342.04277 204851.5384 287295.2488 82443.71042 1.732177342 14164.30762 64244.38668 nan nan
7 100032 2644 2644 0 215038.7236 8697.839317 201509.983 228876.6577 27366.67468 189478.0538 280970.1447 91492.09094 0.1955923445 15935.35652 67441.86255 nan nan
8 40315 907 907 0 208803.1076 10905.85502 206853.1648 211704.8012 4851.636425 206194.4575 290782.827 84588.3695 6.185338547 3142.732034 82220.75784 nan nan
9 175498 2764 2764 0 236502.4206 1039463.824 228107.8665 240748.9788 12641.11236 204934.3944 21659266.51 21454332.12 16.31530591 13062.03401 21418864.46 nan nan
10 14141 8651 8650 1 203788.5052 6950.144478 196306.0542 217293.721 20987.66684 195345.8198 219782.7629 24436.94315 0.4172101093 11619.80076 14108.84266 nan nan
11 210090 3039 3039 0 216242.0392 325238.4909 189571.3715 989726.2698 800154.8984 188318.3353 1139139.376 950821.0407 0.6093670821 570634.9815 571888.0177 nan nan
12 31092 1062 1062 0 210133.2534 15240.67112 209687.4948 240771.3703 31083.8755 208005.624 348486.9407 140481.3167 3.631637032 30921.16353 138636.7339 nan nan
13 156237 2361 2361 0 194718.429 91566.66979 188285.2053 278504.942 90219.73663 188188.9864 3928762.039 3740573.052 29.30896091 89085.41159 3739342.508 nan nan
14 165903 8837 8837 0 199586.3563 290845.4411 188931.3 285720.1119 96788.81186 188334.8655 9318019.704 9129684.839 24.39133007 87698.32565 9119997.918 nan nan
15 43359 2173 2173 0 220512.5613 5652.916067 209208.5561 227401.6125 18193.05644 202188.8047 290122.6827 87933.87809 0.3534459048 11271.5277 69866.58977 nan nan
16 49800 1302 1300 2 212952.3634 391074.6932 189464.5775 1005900.896 816436.3183 188375.5304 7296020.845 7107645.315 6.972338961 725724.0224 7015843.972 nan nan
17 61172 435 435 0 209450.359 16888.67433 208157.4005 240935.2525 32777.852 203213.3496 291191.5237 87978.17409 3.591607823 31339.2247 81595.49587 nan nan
18 120454 12566 12566 0 202952.9928 57691.24318 193445.1449 208001.7848 14556.63995 190143.7384 4813753.221 4623609.483 57.45942686 9194.004065 4611195.132 nan nan
19 32794 293 293 0 205907.3209 6661.188791 197872.1748 216663.6655 18791.49071 189530.1516 239637.9267 50107.77504 0.8205421424 14295.50871 32075.40563 nan nan
20 37548 882 881 1 209514.5993 12297.8738 208375.4343 240350.3681 31974.93376 200845.7083 290444.1243 89598.41602 3.333552855 30943.46297 81037.21916 nan nan
21 21401 804 804 0 345073.7072 135819.8084 191689.2233 569918.3951 378229.1718 189482.7134 900343.5007 710860.7873 1.084423535 362880.8163 693305.9219 nan nan
22 65627 743 57 686 279202.9569 27594.16724 209717.8878 284307.3799 74589.49208 209339.7838 286486.0277 77146.24389 -1.558629616 nan nan nan nan
23 153188 3577 3577 0 196593.8934 230964.993 188350.7103 292485.7052 104134.9949 188188.6076 9903671.596 9715482.989 36.88387113 101510.0494 9712695.94 nan nan
24 69136 1600 1600 0 201887.4961 10805.49474 193931.1377 206513.7013 12582.5636 191900.3895 291166.9449 99266.55542 6.471298812 7367.557437 90628.6836 nan nan
25 167830 1814 1814 0 195500.2342 729207.5603 188440.2917 355424.7289 166984.4371 188330.2529 8775147.526 8586817.273 8.200907989 167014.3665 8586737.164 nan nan
26 148588 7200 7199 1 196829.5955 178099.8284 188407.235 285209.9192 96802.68422 188239.9341 5805939.396 5617699.462 18.21916157 93884.76669 5614614.243 nan nan
27 167957 2 2 0 206129.3612 512.6989975 205667.9321 206590.7903 922.8581956 205616.6622 206642.0602 1025.397995 nan 974.1280953 1025.397995 nan nan
28 14985 874 874 0 650855.7898 784378.7884 205709.623 2121575.129 1915865.506 189465.639 8837569.013 8648103.374 3.876918672 1449409.912 8165403.795 nan nan
29 32944 470 470 0 210534.9048 16896.70878 207962.5432 240162.2848 32199.74153 206005.9538 291060.468 85054.51413 2.526294659 29754.17484 80652.35804 nan nan
30 45291 13149 13148 1 208334.8042 88662.60615 189511.2559 226987.4268 37476.1709 188899.2487 1894268.983 1705369.734 9.849146401 20536.44937 1687818.006 nan nan
31 88569 2852 2849 3 225083.8077 5645.612927 212839.5421 230265.3231 17425.78099 205904.3071 239831.0223 33926.71521 -0.7344043301 12311.92655 18707.98766 nan nan
32 176015 15556 15556 0 203112.5411 858748.5985 189274.2199 244876.8042 55602.5843 188430.0851 76282242.54 76093812.45 59.61504512 40075.91086 76077441.64 nan nan
33 116002 11138 11137 1 211676.295 114685.804 192057.6287 224256.9605 32199.33181 188218.9593 5864673.427 5676454.467 32.5498805 24643.76818 5651487.421 nan nan
34 31657 488 484 4 203097.4555 803501.5206 188694.4284 1250879.188 1062184.759 188375.8048 9733554.719 9545178.914 6.607116316 1059433.076 9542108.607 nan nan
35 51108 3933 3933 0 206042.6339 7120.763176 199870.5709 216488.97 16618.39906 199228.2887 290343.2259 91114.93714 4.313033693 9216.576037 83070.83196 nan nan
36 8686 2856 2856 0 222560.6052 4870.197295 210936.5004 227380.3323 16443.8319 200496.666 239614.3799 39117.71393 -1.513635819 13456.04723 22727.41504 nan nan
37 165874 9677 9677 0 191481.4129 60724.20509 188607.0529 205237.0802 16630.02729 188345.5209 5879060.796 5690715.275 85.37371931 14557.23172 5688380.947 nan nan
38 35110 1213 1210 3 217188.7031 430842.082 189558.6325 1262482.519 1072923.887 189369.5122 2802071.047 2612701.535 2.190857615 612069.976 2151658.504 nan nan
39 80819 7678 7678 0 192079.3316 40733.03719 188638.7183 293774.2455 105135.5272 188390.3736 526976.2772 338585.9036 3.435169967 68757.49082 301959.5226 nan nan

K=40, phase=forward, parameter=e [-]
cluster representative_source n_cluster n_valid n_missing median std p05 p95 width90 minimum maximum range skewness error95 error_max angle_origin_deg angle_resultant
0 144351 45608 45606 2 0.9293881747 0.2335349538 0.2385906496 0.9992971695 0.7607065199 3.774545329e-05 1 0.9999622545 -1.943548306 0.7381050454 0.9766579495 nan nan
1 22426 4438 4438 0 0.4853304725 0.04958045027 0.3826240797 0.5309098805 0.1482858008 0.3695959536 0.5361603402 0.1665643866 -0.525095346 0.08253274925 0.09556087529 nan nan
2 24011 832 5 827 0.3739290622 0.2421870762 0.36370829 0.8572178126 0.4935095226 0.3615873894 0.9768786834 0.615291294 2.233107008 nan nan nan nan
3 167952 2141 2141 0 0.5916888243 0.2400139954 0.12417667 0.743379759 0.619203089 0.09023827666 0.9998966324 0.9096583557 -0.04398653595 0.4674974037 0.7240142772 nan nan
4 48782 6042 6042 0 0.7933053377 0.07754545557 0.7040486727 0.9115358219 0.2074871492 0.09275924696 0.9402915517 0.8475323047 -2.135317222 0.1216044389 0.6991440957 nan nan
5 51611 1255 1255 0 0.7532736626 0.08595712004 0.5929160978 0.8624693794 0.2695532817 0.5052535179 0.906897413 0.4016438951 -0.2447063139 0.2351316381 0.322794218 nan nan
6 29606 268 268 0 0.3437909053 0.05685841623 0.2763447837 0.4481504317 0.171805648 0.1010133401 0.4829304419 0.3819171018 0.05675304174 0.1166231142 0.2416931535 nan nan
7 100032 2644 2644 0 0.4059747561 0.1141870746 0.2929331215 0.6636399528 0.3707068313 0.1155312175 0.9999965192 0.8844653017 2.177766064 0.2463023544 0.5822620665 nan nan
8 40315 907 907 0 0.6867043627 0.1022394377 0.6467019076 0.7170370622 0.07033515461 0.09444405182 0.7287803729 0.6343363211 -4.668743879 0.04356642327 0.5958242791 nan nan
9 175498 2764 2764 0 0.2214585214 0.08020712444 0.1746597854 0.3013459565 0.1266861712 0.09280181753 0.9799570657 0.8871552482 5.366521411 0.1234551335 0.8020662426 nan nan
10 14141 8651 8650 1 0.4911730109 0.05206907401 0.3889951155 0.5464737404 0.1574786249 0.3693895919 0.5535822468 0.1841926549 -0.4362026433 0.08818990432 0.1077954279 nan nan
11 210090 3039 3039 0 0.6402653665 0.2150541347 0.3856584763 0.9911636103 0.6055051339 0.008107592114 0.9999999862 0.9918923941 -0.1059681393 0.597044316 0.6058806919 nan nan
12 31092 1062 1062 0 0.6431130613 0.1706091296 0.1733579897 0.6596157519 0.4862577622 0.05186042414 0.7146028428 0.6627424187 -1.521979609 0.4765706081 0.5980681737 nan nan
13 156237 2361 2361 0 0.9084953571 0.1862096222 0.3956364098 0.9988799911 0.6032435814 0.001314468504 0.9999999847 0.9986855162 -2.502186 0.5775453401 0.9718672814 nan nan
14 165903 8837 8837 0 0.866460517 0.2096795204 0.3096833535 0.9983152512 0.6886318977 0.002475218115 0.9999998997 0.9975246816 -1.903867888 0.5647242883 0.8719324238 nan nan
15 43359 2173 2173 0 0.3633635175 0.04755792005 0.3067486375 0.4501396467 0.1433910093 0.09560699903 0.7015280165 0.6059210175 1.395895064 0.08662617027 0.3361596057 nan nan
16 49800 1302 1300 2 0.6505503994 0.2754613345 0.1028332561 0.9931569847 0.8903237286 0.007668268694 0.9999999988 0.9923317301 -0.571393636 0.6291220134 0.6359650275 nan nan
17 61172 435 435 0 0.6662735674 0.1629725664 0.1717280395 0.6922703291 0.5205422896 0.09405040396 0.7287331323 0.6346827283 -2.375775551 0.4917398393 0.5694174748 nan nan
18 120454 12566 12566 0 0.7921564287 0.06275223885 0.7243918745 0.9202896951 0.1958978207 0.3969617276 0.9645353351 0.5675736075 0.2647645236 0.1212438136 0.4029972684 nan nan
19 32794 293 293 0 0.4909483443 0.1362565646 0.3957207958 0.8940134485 0.4982926527 0.1894484677 0.997886357 0.8084378893 1.967155942 0.4311079285 0.5349808369 nan nan
20 37548 882 881 1 0.6615823236 0.1686397913 0.1781228412 0.6889968061 0.510873965 0.09500276807 0.7144767977 0.6194740297 -1.532216851 0.4852980489 0.568418122 nan nan
21 21401 804 804 0 0.3340765496 0.3934151766 0.01448412131 0.9753903279 0.9609062066 0.0006053674971 0.9999926079 0.9993872404 0.07437973392 0.7830289731 0.7969077269 nan nan
22 65627 743 57 686 0.1221957145 0.2186437026 0.1087563761 0.6830595971 0.574303221 0.1037537261 0.6878381081 0.5840843821 1.5946699 nan nan nan nan
23 153188 3577 3577 0 0.8780067926 0.2003094518 0.3096980706 0.9980048455 0.6883067749 0.004732944403 0.9999999967 0.9952670523 -2.338207885 0.6390449628 0.944010089 nan nan
24 69136 1600 1600 0 0.8001794321 0.1089620239 0.7271095209 0.9128364769 0.185726956 0.09393560652 0.9416817914 0.8477461849 -4.156190824 0.1081212482 0.7265868529 nan nan
25 167830 1814 1814 0 0.9060447747 0.2144977677 0.2707703969 0.9989561229 0.7281857259 0.0001671890931 0.9999999262 0.9998327371 -2.134137762 0.7249645975 0.9955678053 nan nan
26 148588 7200 7199 1 0.8751450392 0.1724043528 0.449095393 0.9979687113 0.5488733183 0.0005999373988 0.9999999761 0.9994000387 -2.545577098 0.4961545449 0.9446500005 nan nan
27 167957 2 2 0 0.7303968877 0.006826872716 0.7242527023 0.7365410732 0.01228837089 0.723570015 0.7372237604 0.01365374543 nan 0.01297105816 0.01365374543 nan nan
28 14985 874 874 0 0.5632767695 0.2310466098 0.1472474105 0.8896823625 0.742434952 0.05757215997 0.9998594752 0.9422873152 -0.1726532729 0.4710279943 0.581205107 nan nan
29 32944 470 470 0 0.6418619068 0.1929210915 0.1825241909 0.695820785 0.5132965941 0.09428293306 0.7312966128 0.6370136797 -1.200161721 0.4547321539 0.5429734117 nan nan
30 45291 13149 13148 1 0.7605627398 0.1506230775 0.5993688875 0.9948262582 0.3954573707 0.09315892252 0.999999994 0.9068410715 -0.8155954194 0.2228580345 0.6832467012 nan nan
31 88569 2852 2849 3 0.3260489983 0.05173668717 0.2815334645 0.422563885 0.1410304205 0.1841024584 0.7003952306 0.5162927722 1.917475837 0.09781843299 0.3704384972 nan nan
32 176015 15556 15556 0 0.8327793597 0.1683591949 0.5657904686 0.9976632665 0.4318727979 0.002972835345 0.9999999976 0.9970271622 -1.487339157 0.2347953984 0.7976130316 nan nan
33 116002 11138 11137 1 0.6885955453 0.1219871396 0.5961691222 0.9453716225 0.3492025003 0.0007192626071 0.9999999262 0.9992806636 -1.051209846 0.2963871315 0.6846320462 nan nan
34 31657 488 484 4 0.8082714564 0.2210576898 0.3723355351 0.9967472862 0.6244117511 0.0358819124 0.9999986823 0.9641167699 -1.004188665 0.5737176009 0.9101712236 nan nan
35 51108 3933 3933 0 0.4765660555 0.0517865946 0.3949998522 0.5209216564 0.1259218042 0.09516883222 0.7006735322 0.6055047 -1.198508899 0.07370622917 0.3699588072 nan nan
36 8686 2856 2856 0 0.3471163695 0.040559743 0.3070412623 0.4370165631 0.1299753008 0.1865604805 0.6991079568 0.5125474763 1.440501376 0.1069053922 0.3574012416 nan nan
37 165874 9677 9677 0 0.9592009074 0.09658418303 0.8079187045 0.9995342651 0.1916155606 0.07995581711 0.9999999981 0.920044181 -5.033713299 0.1560322795 0.8839951669 nan nan
38 35110 1213 1210 3 0.7516545372 0.2153334003 0.323981885 0.9968511899 0.672869305 0.08097545257 0.999999759 0.9190243064 -0.5811067581 0.6038919402 0.6070405092 nan nan
39 80819 7678 7678 0 0.9526260189 0.2227655234 0.2699858022 0.9994680676 0.7294822654 1.887149263e-05 0.9999999998 0.9999811283 -2.225234343 0.4242264212 0.6941933519 nan nan

K=40, phase=forward, parameter=w [deg]
cluster representative_source n_cluster n_valid n_missing median std p05 p95 width90 minimum maximum range skewness error95 error_max angle_origin_deg angle_resultant
0 144351 45608 45606 2 -20.87581362 85.61279638 -80.73340785 120.8264647 201.5598726 -150.6328208 123.8275454 274.4603662 0.07023014046 177.6810424 179.9999975 338.5106217 0.108540834
1 22426 4438 4438 0 -2.055855978 11.26192619 -11.65912847 15.39909845 27.05822692 -12.31376241 48.15147759 60.46524 1.901799956 20.71704417 53.46942332 304.5964967 0.981153629
2 24011 832 5 827 -7.645346311 21.05706996 -15.83044588 32.71154849 48.54199437 -17.33901504 41.83170691 59.17072195 1.985560738 nan nan 229.3351756 0.9348064063
3 167952 2141 2141 0 8.043422074 54.54608561 -77.28471827 73.78213073 151.066849 -84.52777402 111.5597388 196.0875129 -0.08525125184 153.9674053 161.2104611 24.50220128 0.5968070555
4 48782 6042 6042 0 -5.15878267 16.05739736 -11.83960027 39.86479547 51.70439574 -55.7740564 108.3301356 164.104192 2.109016631 47.53924567 115.963777 299.1885748 0.9626153945
5 51611 1255 1255 0 4.546342833 58.76978753 -133.6898306 40.57385396 174.2636846 -142.4985014 55.30832222 197.8068236 -1.226172392 164.3832052 173.191876 42.34086526 0.6153470086
6 29606 268 268 0 -3.588640854 19.09561823 -22.69227033 38.18963242 60.88190275 -32.18763029 81.95131487 114.1389452 1.032679271 53.42791406 97.18959652 23.9469057 0.9464997861
7 100032 2644 2644 0 -3.202154879 23.99332024 -21.99447654 33.63127506 55.6257516 -176.8669113 174.0264719 350.8933832 1.54579464 50.65835646 177.1557287 338.1176155 0.9257702391
8 40315 907 907 0 -7.109757889 19.03231214 -12.19664533 40.25021579 52.44686113 -69.74362782 134.354991 204.0986188 1.710528048 48.91266738 140.4766398 302.6316288 0.9499384015
9 175498 2764 2764 0 -3.32712693 16.42758126 -17.34116619 29.55210703 46.89327322 -31.2997445 127.5414027 158.8411472 2.090379762 29.01173193 126.8650836 21.32433395 0.9620912533
10 14141 8651 8650 1 -0.6839149465 6.25843292 -8.898874751 11.43203691 20.33091166 -10.50621289 20.86131839 31.36753128 0.5423503083 15.5449164 24.97419788 303.2533378 0.9940508179
11 210090 3039 3039 0 36.91524925 59.01598098 -105.44377 83.01277309 188.4565431 -106.416753 123.2655928 229.6823458 -0.2956377975 149.0401599 150.0131429 3.058518039 0.5488952501
12 31092 1062 1062 0 -10.40343279 34.42572997 -15.23836183 79.30134045 94.53970229 -150.3014786 152.7291082 303.0305868 1.017717456 92.98732687 165.5186807 307.5003814 0.8484086386
13 156237 2361 2361 0 1.728494793 83.0127154 -164.6539131 43.35377942 208.0076925 -170.3712478 120.262337 290.6335848 -0.5214120899 166.018716 171.7360508 255.2819172 0.2783613198
14 165903 8837 8837 0 -13.06636482 84.04138254 -19.58765872 163.9056842 183.4933429 -178.8550359 179.8457039 358.7007398 0.4523418326 177.4869965 179.9895522 286.0036753 0.2408870644
15 43359 2173 2173 0 -4.444170897 11.47212999 -9.473030949 25.52982898 35.00285993 -31.66276145 61.87211193 93.53487338 1.912731235 30.85316571 67.19544866 303.2972076 0.9804092457
16 49800 1302 1300 2 2.910297683 63.2704976 -102.6570097 86.22539622 188.8824059 -178.3974412 178.7705245 357.1679657 -0.02971590329 170.4969493 179.8705953 330.0471275 0.5104461845
17 61172 435 435 0 -4.383942779 24.77551012 -14.2601823 71.48684482 85.74702712 -74.27664848 112.1214563 186.3981048 2.166980746 79.07553234 119.7101439 322.2676538 0.9192054334
18 120454 12566 12566 0 -3.140789024 12.07664623 -9.919132609 23.17640447 33.09553708 -172.6989066 175.8204909 348.5193975 3.42964687 28.1353795 179.2661943 267.771884 0.980223378
19 32794 293 293 0 -3.788200053 24.20687231 -25.7242151 39.54412638 65.26834148 -29.57484025 144.3390167 173.9138569 2.216371355 53.18390068 157.978791 30.74368727 0.9239617414
20 37548 882 881 1 -12.95380475 27.86555935 -21.76866234 60.9939731 82.76263544 -77.74319879 96.1273631 173.8705619 1.177436434 78.66733642 113.8007264 316.4168604 0.889471099
21 21401 804 804 0 -3.801966556 76.19348151 -26.97666826 155.5935501 182.5702184 -146.9373492 162.3481035 309.2854527 0.7799797413 161.0624188 167.8169722 299.1112729 0.4174531649
22 65627 743 57 686 -8.489811471 27.7843018 -21.84298363 56.96038884 78.80337247 -24.19236634 57.56717622 81.75954256 1.38851176 nan nan 233.1101726 0.8897564525
23 153188 3577 3577 0 -3.5668346 36.07199285 -29.8098752 88.77742566 118.5873009 -179.198224 179.9890204 359.1872444 1.066593999 94.98964167 178.7959108 357.0855873 0.8575279178
24 69136 1600 1600 0 -0.3234593466 9.850496457 -9.387985038 11.19233084 20.58031588 -67.84332158 89.82219081 157.6655124 0.1296162379 15.85078057 93.86149192 314.661261 0.9860666402
25 167830 1814 1814 0 8.236688027 86.13994555 -161.1812228 54.20399329 215.3852161 -164.9710393 154.8704581 319.8414974 -0.3050054477 170.7035231 174.4933396 248.7488735 0.2159750449
26 148588 7200 7199 1 -9.026204072 80.03203036 -174.4550913 53.56413814 228.0192294 -179.99189 179.9832225 359.9751126 -0.6490002089 165.5881785 179.5593365 267.2747596 0.4812383146
27 167957 2 2 0 -2.842170943e-14 13.18302478 -11.8647223 11.8647223 23.72944461 -13.18302478 13.18302478 26.36604956 nan 25.04774708 26.36604956 358.3002191 0.9736465144
28 14985 874 874 0 6.076382421 40.47829711 -70.67695474 13.13904687 83.81600161 -178.5702283 176.37893 354.9491583 -1.699754889 139.8471691 179.8000003 88.24817894 0.8418033881
29 32944 470 470 0 -3.247572043 59.37126641 -41.88952078 108.6218693 150.5113901 -168.2552856 173.2514312 341.5067168 0.7117128217 143.7749241 179.0028024 334.0009764 0.5913940131
30 45291 13149 13148 1 -7.437859823 45.41215341 -10.60308481 124.5606505 135.1637353 -86.09514981 153.9863794 240.0815292 2.094581713 134.9386108 164.3643396 296.6476283 0.7781548189
31 88569 2852 2849 3 -2.751021361 13.91277547 -15.58322272 29.19322201 44.77644473 -17.43627937 69.73146872 87.16774809 1.403446379 34.98697958 75.52522629 316.4540775 0.9712795541
32 176015 15556 15556 0 -14.1013368 65.39269022 -31.21643625 132.9136043 164.1300405 -174.2224313 178.3634768 352.5859081 0.9496039649 161.21738 179.9914736 307.2489834 0.5166610926
33 116002 11138 11137 1 -4.232726296 36.3215692 -25.98260169 128.0112678 153.9938695 -29.31452937 178.2620339 207.5765633 2.83601177 138.4391778 176.1222411 284.2874059 0.8643294104
34 31657 488 484 4 19.58181797 65.04732417 -122.0400156 60.80013705 182.8401526 -159.3941995 176.2422904 335.6364899 -0.3457537976 151.4844347 177.8053316 353.3694026 0.5080279926
35 51108 3933 3933 0 -0.5563160967 15.34203644 -17.93377524 20.53669645 38.4704717 -62.55275701 148.3624251 210.9151821 3.223545536 26.6494761 154.3926579 315.486975 0.9691733958
36 8686 2856 2856 0 -2.803323506 11.52669277 -5.980067905 20.34257512 26.32264303 -6.114240544 61.24601352 67.36025407 3.709469222 25.483575 66.3870134 298.2711591 0.9808871284
37 165874 9677 9677 0 3.478222372 78.92802468 -168.3204791 9.260633824 177.5811129 -173.6142537 149.5098549 323.1241086 -0.8239690906 173.5250872 178.8188618 257.5237327 0.4147805609
38 35110 1213 1210 3 21.14251364 70.67263214 -115.2727746 62.69108552 177.9638602 -177.7236405 178.4962011 356.2198416 -0.4075467867 159.2005246 179.7442873 29.31532369 0.389063786
39 80819 7678 7678 0 -6.076075585 53.18507279 -61.62630319 65.35294287 126.9792461 -175.5913502 70.64557126 246.2369215 -0.1717132618 116.2111398 176.4966036 352.6983947 0.6187818245

K=50, STD=0.01004631963
n = trajectories per cluster; conditions overlap.
n = 1: clusters=1/50 (2.00%); trajectories=1/194124 (0.00%)
n < 10: clusters=1/50 (2.00%); trajectories=1/194124 (0.00%)
n < 100: clusters=1/50 (2.00%); trajectories=1/194124 (0.00%)

K=50, phase=backward, parameter=a [km]
cluster representative_source n_cluster n_valid n_missing median std p05 p95 width90 minimum maximum range skewness error95 error_max angle_origin_deg angle_resultant
0 155584 12184 0 12184 nan nan nan nan nan nan nan nan nan nan nan nan nan
1 24196 3715 3715 0 208532.7898 3048.217928 203979.1715 213621.1441 9641.972553 202700.1039 216161.9384 13461.83452 0.1219495225 5435.567885 7105.650965 nan nan
2 23568 824 824 0 238995.3154 1757.496265 235563.1615 240775.3763 5212.214802 233499.791 240887.1301 7387.339134 -0.4487043942 3710.355411 5773.725885 nan nan
3 171049 2417 0 2417 nan nan nan nan nan nan nan nan nan nan nan nan nan
4 50148 5559 5559 0 209628.3675 3495.91891 204827.8818 215627.5283 10799.64644 204471.9973 217576.1751 13104.17774 0.1735336207 5742.141119 7098.82247 nan nan
5 51611 1286 0 1286 nan nan nan nan nan nan nan nan nan nan nan nan nan
6 20504 378 378 0 237376.0089 1086.858251 235904.8618 239089.0548 3184.193035 234416.5233 240550.088 6133.564677 0.3279617535 1885.303305 3094.661419 nan nan
7 27924 1214 1214 0 223200.7895 4879.272831 214251.3 230173.1197 15921.81969 211452.7525 232857.8625 21405.10999 -0.2820678562 8702.125199 10771.58629 nan nan
8 76903 285 285 0 202098.0782 2998.551426 195435.6655 204068.479 8632.813565 193052.5207 233991.1882 40938.66749 3.150475846 6909.400573 32334.75384 nan nan
9 78960 18817 0 18817 nan nan nan nan nan nan nan nan nan nan nan nan nan
10 9905 4965 4965 0 221736.3872 4019.905776 214943.5849 227636.0173 12692.4324 213219.7551 235166.0842 21946.32902 -0.07495111102 7562.542755 12786.45182 nan nan
11 210447 3063 0 3063 nan nan nan nan nan nan nan nan nan nan nan nan nan
12 22498 655 655 0 235503.3148 1221.3673 234235.908 236231.3033 1995.395396 210930.0619 236704.8036 25774.74172 -12.65959496 1324.318291 24630.16438 nan nan
13 152421 1773 0 1773 nan nan nan nan nan nan nan nan nan nan nan nan nan
14 166474 8815 0 8815 nan nan nan nan nan nan nan nan nan nan nan nan nan
15 43359 2140 2140 0 199332.707 2204.187959 197049.2698 203758.2482 6708.978364 193076.1974 204479.9056 11403.70818 0.4449615272 5453.667352 6175.324801 nan nan
16 41854 7409 7409 0 225643.4926 5153.455132 217383.0443 232850.6363 15467.59192 215422.8506 235326.9601 19904.10953 -0.07147947114 10145.02911 12621.35297 nan nan
17 61863 433 433 0 201843.4653 1276.152276 201065.5022 204157.5642 3092.061963 193064.5732 204479.1362 11414.56302 -2.371084671 2572.203976 8585.080674 nan nan
18 120454 12525 0 12525 nan nan nan nan nan nan nan nan nan nan nan nan nan
19 30745 271 271 0 238584.8954 2421.77174 233776.3566 240998.3912 7222.03464 232642.0481 241041.6789 8399.630838 -0.4547023276 4695.423555 5829.732056 nan nan
20 110203 1784 1784 0 209112.9824 6002.03642 204437.1891 219741.2028 15304.01365 202591.0563 233065.61 30474.55367 1.689181607 10365.00866 23689.41587 nan nan
21 78354 269 269 0 224776.0203 4572.869849 217475.2014 234677.0023 17201.80088 209021.0362 235570.6547 26549.61848 -0.07452425618 12279.11134 13449.72359 nan nan
22 65262 717 717 0 231105.9229 3611.263325 225141.5234 235023.0295 9881.506112 210622.9716 236339.9388 25716.96717 -1.274444707 7640.5219 16972.2879 nan nan
23 151422 3376 0 3376 nan nan nan nan nan nan nan nan nan nan nan nan nan
24 69514 1548 1548 0 203503.6042 697.0525673 202207.539 204411.4757 2203.936695 201890.0448 204528.5522 2638.507395 -0.3086715045 1194.557468 1375.227432 nan nan
25 168114 1774 0 1774 nan nan nan nan nan nan nan nan nan nan nan nan nan
26 148588 6986 0 6986 nan nan nan nan nan nan nan nan nan nan nan nan nan
27 167957 1 0 1 nan nan nan nan nan nan nan nan nan nan nan nan nan
28 12828 588 588 0 238881.773 1336.08147 236481.0186 239958.0843 3477.065687 229129.6108 240991.0145 11861.40369 -2.111826809 2223.482624 9542.554851 nan nan
29 34556 417 417 0 211058.1719 8701.054086 203078.3584 231227.9657 28149.60733 201468.0126 234569.7243 33101.7117 0.7054468625 18634.39635 21976.15491 nan nan
30 48939 6961 6961 0 225731.8103 4654.503186 218450.4306 233230.8514 14780.42078 212870.5637 236341.027 23470.46337 -0.001372832242 9864.718738 12958.79484 nan nan
31 88569 2769 2769 0 198259.5707 2473.532118 195778.7194 203324.1621 7545.442746 195334.9647 204531.5637 9196.599051 0.4728649504 5826.416166 7033.817798 nan nan
32 176015 15599 0 15599 nan nan nan nan nan nan nan nan nan nan nan nan nan
33 116002 11190 0 11190 nan nan nan nan nan nan nan nan nan nan nan nan nan
34 29608 442 442 0 238637.8102 2094.967731 234387.9888 240901.9736 6513.984859 233631.3229 241125.0718 7493.748847 -0.4872310846 4146.229692 4902.89551 nan nan
35 52314 3885 3885 0 200423.8136 1637.103275 198281.296 203690.0733 5408.777388 193167.7014 204535.186 11367.48462 0.3169159008 4363.60377 6169.618991 nan nan
36 31348 165 165 0 216694.3526 8607.923287 202728.3127 230813.1683 28084.85554 201334.3447 231255.9631 29921.6184 -0.03304936835 14410.94126 15360.00786 nan nan
37 165589 9558 0 9558 nan nan nan nan nan nan nan nan nan nan nan nan nan
38 35110 1164 1164 0 233888.7908 1295.156297 232179.0468 236513.065 4334.018263 230315.5884 237642.5613 7326.97287 0.4487134038 2594.772511 3773.142003 nan nan
39 80416 7244 7244 0 211200.9678 3562.238626 205942.5019 217116.9538 11174.45193 202642.9673 219276.2447 16633.27733 0.0866600322 6599.538077 9894.480641 nan nan
40 37316 864 864 0 210002.4027 4208.828654 204090.3252 217579.8226 13489.49746 202619.3808 230038.8539 27419.47306 0.3582435823 7655.497716 19237.66974 nan nan
41 8157 2550 2550 0 213699.8942 5187.150993 205589.6522 222187.5021 16597.84996 204384.0732 224732.4004 20348.32721 0.0508969006 8908.388695 11380.67449 nan nan
42 35310 320 320 0 237230.9754 5095.136582 225068.3945 241020.4708 15952.07637 221252.7269 241085.7226 19832.99575 -0.9749024155 12565.67642 16381.34403 nan nan
43 30636 801 801 0 223552.6476 4977.306206 215398.709 230957.244 15558.53498 212798.2372 236243.055 23444.81783 -0.06854923487 8822.213282 14014.67338 nan nan
44 83559 808 808 0 224447.5166 4857.587766 216741.382 232514.6964 15773.31431 214788.0643 235481.1536 20693.08937 0.05834318627 10013.6612 12980.11847 nan nan
45 23915 4561 4561 0 222616.9834 5384.75778 212550.9214 229550.8926 16999.97116 210266.2303 230946.3375 20680.10726 -0.3096351106 9116.591333 11318.57632 nan nan
46 35907 884 884 0 218690.2873 8336.62574 205876.6594 231637.604 25760.94463 204490.4459 235537.6775 31047.23166 0.09111064011 14280.94624 18181.01976 nan nan
47 170879 15630 0 15630 nan nan nan nan nan nan nan nan nan nan nan nan nan
48 179044 1231 0 1231 nan nan nan nan nan nan nan nan nan nan nan nan nan
49 222546 1310 0 1310 nan nan nan nan nan nan nan nan nan nan nan nan nan

K=50, phase=backward, parameter=e [-]
cluster representative_source n_cluster n_valid n_missing median std p05 p95 width90 minimum maximum range skewness error95 error_max angle_origin_deg angle_resultant
0 155584 12184 0 12184 nan nan nan nan nan nan nan nan nan nan nan nan nan
1 24196 3715 3715 0 0.4556711184 0.02293094195 0.4171343064 0.4897016336 0.07256732716 0.39744991 0.4992001343 0.1017502243 -0.1359697526 0.04078344546 0.05432304452 nan nan
2 23568 824 824 0 0.1951034257 0.01929287384 0.1739809047 0.2309128631 0.0569319584 0.1726509316 0.2504354263 0.07778449472 0.3756747967 0.04030463374 0.05982719694 nan nan
3 171049 2417 0 2417 nan nan nan nan nan nan nan nan nan nan nan nan nan
4 50148 5559 5559 0 0.4471815577 0.02647507086 0.4013869038 0.4832338078 0.08184690399 0.3857847462 0.4859440262 0.10015928 -0.1879376862 0.04331059022 0.055039311 nan nan
5 51611 1286 0 1286 nan nan nan nan nan nan nan nan nan nan nan nan nan
6 20504 378 378 0 0.212040458 0.01151930747 0.1936098845 0.227312317 0.0337024325 0.1768589676 0.2415276911 0.06466872345 -0.4098214729 0.01935822558 0.03375884227 nan nan
7 27924 1214 1214 0 0.3410863047 0.0398484439 0.2823702474 0.4121882064 0.129817959 0.2564852446 0.4335582843 0.1770730397 0.2181937395 0.0719144815 0.09407101647 nan nan
8 76903 285 285 0 0.5035947607 0.02302516104 0.4889712783 0.5528494834 0.06387820513 0.2463159419 0.5704977882 0.3241818463 -3.945375769 0.05111059879 0.2605158533 nan nan
9 78960 18817 0 18817 nan nan nan nan nan nan nan nan nan nan nan nan nan
10 9905 4965 4965 0 0.3536956796 0.03237439196 0.304823735 0.4070519656 0.1022282306 0.237597162 0.4203174498 0.1827202878 0.01850456636 0.05988107664 0.1109444641 nan nan
11 210447 3063 0 3063 nan nan nan nan nan nan nan nan nan nan nan nan nan
12 22498 655 655 0 0.2315387103 0.01088545816 0.224074557 0.2438978899 0.01982333291 0.2191744919 0.4379670055 0.2187925136 10.74001229 0.01293085395 0.2069999695 nan nan
13 152421 1773 0 1773 nan nan nan nan nan nan nan nan nan nan nan nan nan
14 166474 8815 0 8815 nan nan nan nan nan nan nan nan nan nan nan nan nan
15 43359 2140 2140 0 0.5241559929 0.01629551411 0.4914330202 0.5410122148 0.04957919468 0.4856928452 0.570313305 0.08462045983 -0.4474825084 0.04034648049 0.04608665547 nan nan
16 41854 7409 7409 0 0.3209979654 0.04344236537 0.2573509761 0.3876953276 0.1303443515 0.2337113159 0.4030672241 0.1693559082 0.003974483733 0.08793042702 0.1115700872 nan nan
17 61863 433 433 0 0.5054934039 0.009460910468 0.4882672349 0.511241274 0.02297403909 0.4857160248 0.5704147561 0.08469873131 2.351989814 0.01917297715 0.06348908267 nan nan
18 120454 12525 0 12525 nan nan nan nan nan nan nan nan nan nan nan nan nan
19 30745 271 271 0 0.1991468507 0.02584104604 0.1712405673 0.247734315 0.07649374765 0.1705551028 0.2616884088 0.09113330598 0.372358723 0.04829694803 0.0622510418 nan nan
20 110203 1784 1784 0 0.4508833125 0.04734859191 0.3686510963 0.486274987 0.1176238906 0.2545274949 0.499793732 0.2452662371 -1.845011723 0.0802109154 0.1943345169 nan nan
21 78354 269 269 0 0.3279344547 0.03870916532 0.2390812344 0.3869083695 0.1478271351 0.2312524612 0.4515697256 0.2203172644 -0.114574221 0.1076609793 0.1154897526 nan nan
22 65262 717 717 0 0.2732100268 0.03186913886 0.236115383 0.3251078175 0.08899243448 0.2257344318 0.4402835466 0.2145491148 1.081502849 0.06920331802 0.1364109296 nan nan
23 151422 3376 0 3376 nan nan nan nan nan nan nan nan nan nan nan nan nan
24 69514 1548 1548 0 0.4930948636 0.005194082028 0.4863122265 0.5027395573 0.01642733078 0.4853613783 0.5050900128 0.01972863449 0.3060479805 0.008904474056 0.01020606719 nan nan
25 168114 1774 0 1774 nan nan nan nan nan nan nan nan nan nan nan nan nan
26 148588 6986 0 6986 nan nan nan nan nan nan nan nan nan nan nan nan nan
27 167957 1 0 1 nan nan nan nan nan nan nan nan nan nan nan nan nan
28 12828 588 588 0 0.1962687017 0.01415166613 0.1830383336 0.2215740186 0.03853568497 0.1713995508 0.291390064 0.1199905132 1.795834614 0.02448653096 0.09310073984 nan nan
29 34556 417 417 0 0.4365459012 0.06858786914 0.2725223289 0.4961886015 0.2236662726 0.2400240368 0.5082489392 0.2682249024 -0.7820801521 0.1523355982 0.1848338902 nan nan
30 48939 6961 6961 0 0.3200893624 0.03934508625 0.2539053642 0.3791208889 0.1252155247 0.222687985 0.4229543097 0.2002663247 -0.07741189567 0.08571059019 0.1169279694 nan nan
31 88569 2769 2769 0 0.5320472175 0.01835658076 0.4943772251 0.5504010925 0.05602386735 0.4852904289 0.5536543787 0.06836394981 -0.475973338 0.04324711728 0.05233391353 nan nan
32 176015 15599 0 15599 nan nan nan nan nan nan nan nan nan nan nan nan nan
33 116002 11190 0 11190 nan nan nan nan nan nan nan nan nan nan nan nan nan
34 29608 442 442 0 0.1986693622 0.0224847628 0.1723534028 0.2419180389 0.06956463619 0.1697173735 0.2491447977 0.07942742422 0.3928925807 0.04313165172 0.05035841051 nan nan
35 52314 3885 3885 0 0.5160033986 0.01212835206 0.4918179846 0.5318902087 0.04007222408 0.4852822681 0.5696656159 0.08438334781 -0.3198092377 0.0323695889 0.0455611293 nan nan
36 31348 165 165 0 0.3932787279 0.06783778793 0.2766516429 0.4988307983 0.2221791554 0.2726984998 0.50927785 0.2365793502 -0.04342082648 0.116627085 0.1205802281 nan nan
37 165589 9558 0 9558 nan nan nan nan nan nan nan nan nan nan nan nan nan
38 35110 1164 1164 0 0.2470995959 0.01262904857 0.2208606397 0.2631207154 0.04226007575 0.2090315258 0.2799001314 0.07086860556 -0.5511201434 0.02566750969 0.03609314825 nan nan
39 80416 7244 7244 0 0.4351567504 0.02716794786 0.3895787727 0.4748074157 0.08522864297 0.3725228284 0.4994531554 0.126930327 -0.1062003696 0.05003431748 0.074507588 nan nan
40 37316 864 864 0 0.4443935284 0.03206385063 0.3861615465 0.4887893901 0.1026278436 0.2823809241 0.4996205578 0.2172396338 -0.4093425798 0.05858811455 0.1560937984 nan nan
41 8157 2550 2550 0 0.4167021026 0.03983287132 0.3502597999 0.4778087467 0.1275489468 0.3289110522 0.4867764236 0.1578653714 -0.08561255036 0.06909935823 0.09044810593 nan nan
42 35310 320 320 0 0.2132075908 0.04945038302 0.1709101272 0.3252440681 0.1543339409 0.1700108998 0.3565319822 0.1865210825 0.7911910063 0.1166922945 0.1479802086 nan nan
43 30636 801 801 0 0.3387266024 0.04098973196 0.2753026674 0.4033130123 0.1280103449 0.2268033251 0.4232942501 0.196490925 -0.004538220484 0.07405471869 0.122554061 nan nan
44 83559 808 808 0 0.3307683367 0.04056429078 0.2600988025 0.3923327268 0.1322339243 0.2321358755 0.4075102382 0.1753743627 -0.141348802 0.08635170812 0.1143146352 nan nan
45 23915 4561 4561 0 0.3464292673 0.04346187587 0.2881157263 0.4252536321 0.1371379058 0.275559612 0.4426000064 0.1670403944 0.2502037773 0.07384227176 0.08792302762 nan nan
46 35907 884 884 0 0.3775832038 0.06700698262 0.2691218211 0.475356467 0.2062346458 0.2316081199 0.4858310559 0.254222936 -0.193139113 0.1189291144 0.1564428156 nan nan
47 170879 15630 0 15630 nan nan nan nan nan nan nan nan nan nan nan nan nan
48 179044 1231 0 1231 nan nan nan nan nan nan nan nan nan nan nan nan nan
49 222546 1310 0 1310 nan nan nan nan nan nan nan nan nan nan nan nan nan

K=50, phase=backward, parameter=w [deg]
cluster representative_source n_cluster n_valid n_missing median std p05 p95 width90 minimum maximum range skewness error95 error_max angle_origin_deg angle_resultant
0 155584 12184 0 12184 nan nan nan nan nan nan nan nan nan nan nan nan nan
1 24196 3715 3715 0 -0.8478808314 5.100864416 -4.376466859 17.13691502 21.51338188 -5.115055052 23.72294001 28.83799507 2.990384641 18.71036982 25.29639481 186.7159169 0.9960690655
2 23568 824 824 0 3.617982898 14.8085221 -24.81532755 17.40473062 42.22005817 -26.92349139 19.77856283 46.70205421 -0.4063122982 34.75680656 36.8649704 195.1032902 0.9669156952
3 171049 2417 0 2417 nan nan nan nan nan nan nan nan nan nan nan nan nan
4 50148 5559 5559 0 -0.8333018878 4.183772895 -4.645118681 9.711241331 14.35636001 -24.22190538 16.51257319 40.73447857 1.397783126 11.38853016 22.64535105 196.8382985 0.997341036
5 51611 1286 0 1286 nan nan nan nan nan nan nan nan nan nan nan nan nan
6 20504 378 378 0 0.422334979 5.002671047 -5.816650766 8.135147269 13.95179804 -28.86573592 13.54418498 42.4099209 -1.900125608 9.851291019 28.66748169 201.5021812 0.9962191681
7 27924 1214 1214 0 -5.236295897 10.61870879 -9.217656493 17.04968356 26.26734005 -32.94657147 17.33027411 50.27684558 0.6953586499 22.78475141 27.22720377 199.9044214 0.9829371524
8 76903 285 285 0 0.1962154507 5.223000303 -12.68099842 6.951327169 19.63232559 -19.2688548 9.858103458 29.12695826 -1.656053951 14.25387023 20.84172662 193.6696305 0.9958649333
9 78960 18817 0 18817 nan nan nan nan nan nan nan nan nan nan nan nan nan
10 9905 4965 4965 0 -0.2992759437 2.892761184 -3.677581936 6.912773448 10.59035538 -18.16233869 11.16596365 29.32830233 1.008428906 7.26656668 17.84207653 185.5650916 0.9987269109
11 210447 3063 0 3063 nan nan nan nan nan nan nan nan nan nan nan nan nan
12 22498 655 655 0 -0.008464933747 3.619239014 -5.157850407 4.076366231 9.234216637 -29.98108925 14.3274284 44.30851765 0.1843382591 5.527823899 29.60627204 201.4575139 0.9980132696
13 152421 1773 0 1773 nan nan nan nan nan nan nan nan nan nan nan nan nan
14 166474 8815 0 8815 nan nan nan nan nan nan nan nan nan nan nan nan nan
15 43359 2140 2140 0 -1.869719888 5.650873062 -6.242524595 12.1432079 18.3857325 -7.448142697 17.16323431 24.61137701 1.051277511 13.74096669 18.7609931 186.7923793 0.9951493467
16 41854 7409 7409 0 -1.401047037 4.82969526 -5.782423706 9.046164016 14.82858772 -34.75115067 15.11077977 49.86193044 0.6525471174 9.8697704 33.93519706 201.7349427 0.9964543137
17 61863 433 433 0 -0.8513034136 3.529359603 -3.817091045 6.718376809 10.53546785 -20.38305719 10.12444503 30.50750222 0.1274465561 8.735242429 18.6148614 194.1055393 0.9981058749
18 120454 12525 0 12525 nan nan nan nan nan nan nan nan nan nan nan nan nan
19 30745 271 271 0 5.418088379 14.40505351 -29.82633367 14.10585454 43.93218821 -34.31304096 14.52020778 48.83324874 -0.9211078741 37.73194434 42.21865164 201.5568805 0.9688236827
20 110203 1784 1784 0 3.398650137 10.5693071 -24.79821056 10.62808258 35.42629314 -25.80356149 12.7412981 38.54485959 -1.181341091 29.33140031 30.33675124 204.3392525 0.9831388708
21 78354 269 269 0 5.151516418 10.68811812 -16.11287508 6.845158622 22.95803371 -41.88771181 7.689227774 49.57693959 -2.048319358 20.82504909 46.59988582 209.0401244 0.9829587869
22 65262 717 717 0 10.19309589 19.68230641 -37.27780241 11.03462164 48.31242405 -37.49507586 11.2280909 48.72316676 -1.291717739 48.17877884 48.39605229 204.5503421 0.9425643051
23 151422 3376 0 3376 nan nan nan nan nan nan nan nan nan nan nan nan nan
24 69514 1548 1548 0 -0.09337990374 2.626894591 -3.84162092 4.298390868 8.140011788 -22.53311785 6.42130336 28.95442121 -0.6382200757 5.576793519 21.2585318 196.3318491 0.9989505644
25 168114 1774 0 1774 nan nan nan nan nan nan nan nan nan nan nan nan nan
26 148588 6986 0 6986 nan nan nan nan nan nan nan nan nan nan nan nan nan
27 167957 1 0 1 nan nan nan nan nan nan nan nan nan nan nan nan nan
28 12828 588 588 0 1.25128365 8.241093104 -15.11838383 10.45901676 25.57740058 -25.59843521 20.15231611 45.75075132 -0.7206218697 18.22081829 28.70086968 192.9425927 0.9897199806
29 34556 417 417 0 -3.363345168 9.051935549 -8.010677251 18.03569649 26.04637374 -30.46482833 19.06639318 49.53122151 0.4799041626 24.75767505 25.78837173 197.6371535 0.987597206
30 48939 6961 6961 0 0.5282709422 4.182282473 -7.210988199 4.786777985 11.99776618 -37.23709921 13.21751375 50.45461295 -3.188994391 7.655406782 37.65135689 204.3543881 0.9973661203
31 88569 2769 2769 0 -0.08881400191 6.229198524 -10.41457966 9.845426124 20.26000578 -13.23079847 12.34796913 25.57876761 -0.05582131247 11.48261761 14.29883642 192.8951283 0.9941021109
32 176015 15599 0 15599 nan nan nan nan nan nan nan nan nan nan nan nan nan
33 116002 11190 0 11190 nan nan nan nan nan nan nan nan nan nan nan nan nan
34 29608 442 442 0 4.13616203 14.10490709 -27.60057282 15.52178076 43.12235358 -30.89531285 16.87646535 47.7717782 -0.7398953036 37.21240319 40.50714322 199.1152202 0.9700425414
35 52314 3885 3885 0 -1.028002379 4.932130455 -6.547427648 9.689867459 16.23729511 -15.31777469 13.1135055 28.43128019 0.639152263 12.05880202 15.38927212 190.7253512 0.9963010366
36 31348 165 165 0 -0.7204469051 4.052267428 -3.704614048 6.342706694 10.04732074 -3.766769512 22.11962463 25.88639414 2.989958755 7.159967273 22.93688521 193.0184747 0.9975140111
37 165589 9558 0 9558 nan nan nan nan nan nan nan nan nan nan nan nan nan
38 35110 1164 1164 0 -0.0616249657 2.966103338 -5.052561268 6.275952476 11.32851374 -10.7614497 9.326894486 20.08834418 0.1574096928 6.933682183 11.02669268 207.3340746 0.9986614158
39 80416 7244 7244 0 -0.1379593748 3.638979848 -4.562306129 5.656838346 10.21914447 -31.89584774 10.89906038 42.79490812 -1.276747226 6.784061692 33.93557129 202.7700412 0.9979927712
40 37316 864 864 0 -4.282061095 8.252412621 -5.614255944 17.57636621 23.19062216 -25.84402271 21.23038518 47.07440789 1.228580979 22.22816645 25.88218542 195.4767938 0.9896827003
41 8157 2550 2550 0 -0.4254991802 3.755961563 -2.19035351 1.191517367 3.381870878 -2.604215662 34.32434967 36.92856533 6.844284397 1.896044055 35.00730636 180.7809775 0.9978943611
42 35310 320 320 0 7.570377085 17.0385718 -33.14142031 15.77042734 48.91184764 -34.49252305 15.85338035 50.3459034 -0.7747483049 43.36125314 44.71235589 201.4294262 0.9564668409
43 30636 801 801 0 -0.1789789619 7.183373692 -3.497837501 20.19950534 23.69734284 -28.3323381 22.0939081 50.42624619 -0.09104407631 21.11579159 28.58875035 195.2460464 0.9922500735
44 83559 808 808 0 2.740934153 10.90338468 -43.21256945 4.337298995 47.54986845 -45.09423294 4.522464759 49.6166977 -3.552638435 46.3336923 48.21535579 212.0944242 0.9826674002
45 23915 4561 4561 0 -0.1016255549 1.779867428 -2.815848007 3.037232118 5.853080125 -3.768105895 3.92398483 7.692090725 0.1360555203 4.525668696 5.477926584 190.3428506 0.9995175802
46 35907 884 884 0 0.01268997523 5.377010311 -4.044778371 8.576674077 12.62145245 -27.01852396 21.75656298 48.77508694 -0.1862129929 14.20959992 26.58652124 194.906964 0.9956370868
47 170879 15630 0 15630 nan nan nan nan nan nan nan nan nan nan nan nan nan
48 179044 1231 0 1231 nan nan nan nan nan nan nan nan nan nan nan nan nan
49 222546 1310 0 1310 nan nan nan nan nan nan nan nan nan nan nan nan nan

K=50, phase=forward, parameter=a [km]
cluster representative_source n_cluster n_valid n_missing median std p05 p95 width90 minimum maximum range skewness error95 error_max angle_origin_deg angle_resultant
0 155584 12184 12183 1 193121.205 84087.10716 188044.6684 341792.64 153747.9716 187998.576 1093940.343 905941.7669 5.296019038 153788.192 905935.895 nan nan
1 24196 3715 3715 0 205307.0761 6217.754816 198944.477 217961.714 19017.23705 198294.0356 219640.8443 21346.80871 0.482272867 11303.65089 12982.78114 nan nan
2 23568 824 6 818 741233.9103 6769286.859 336171.6691 14278691.11 13942519.44 205360.9493 18789119.65 18583758.71 2.444856066 nan nan nan nan
3 171049 2417 2417 0 229975.9463 330420.3862 208241.2763 277947.2914 69706.01513 188577.4119 16453922.65 16265345.24 48.94321157 45251.83663 16221227.2 nan nan
4 50148 5559 5559 0 202020.2785 5750.899508 192513.9176 208139.6041 15625.68643 190787.5147 291771.3033 100983.7886 3.244796336 9711.22551 89594.91489 nan nan
5 51611 1286 1286 0 1337879.928 917075.7785 200604.0462 3147351.651 2946747.605 197260.9786 4679542.026 4482281.047 0.6715621595 2345535.608 2348878.676 nan nan
6 20504 378 378 0 582505.3702 422225.4083 194635.2056 1182076.913 987441.7073 189498.2159 4513902.019 4324403.803 3.557560293 506146.3017 3837971.408 nan nan
7 27924 1214 1214 0 214823.881 9476.625205 202582.6407 231578.5953 28995.95461 200634.2129 289862.8952 89228.68228 1.807971295 16289.47707 72262.32304 nan nan
8 76903 285 285 0 207430.4198 26855.74279 206321.2897 290343.8214 84022.53165 201920.2899 291166.9449 89246.65501 2.359963219 83268.0379 84091.16144 nan nan
9 78960 18817 18817 0 193764.8775 93194.65055 188185.2499 361052.0029 172866.753 188028.9339 2140816.243 1952787.309 6.408731688 170854.3923 1950618.633 nan nan
10 9905 4965 4965 0 210620.2156 5471.744253 203579.7869 218605.5104 15025.72353 202485.611 280584.762 78099.15108 2.114978415 8597.330139 68491.28308 nan nan
11 210447 3063 3063 0 216009.8623 324186.0638 189582.2791 987177.0199 797594.7407 188318.3353 1139139.376 950821.0407 0.6250580914 562127.0316 563390.9755 nan nan
12 22498 655 655 0 349160.9182 107720.2811 192775.0868 482664.7181 289889.6313 189787.3275 711869.2181 522081.8906 0.5790850939 173781.2617 347043.8361 nan nan
13 152421 1773 1773 0 194782.2514 99499.41931 188307.0946 261669.7604 73362.66577 188195.978 3928762.039 3740566.061 30.11171484 71477.63316 3738569.911 nan nan
14 166474 8815 8815 0 199233.2801 180175.3259 188923.7582 285124.6074 96200.84915 188339.4372 7339324.742 7150985.305 32.23832628 87527.17705 7141727.312 nan nan
15 43359 2140 2140 0 220529.3318 5531.642584 209456.5156 227336.141 17879.62545 202188.8047 290122.6827 87933.87809 0.3368271285 11044.0664 69866.58977 nan nan
16 41854 7409 7408 1 211221.4264 120328.7659 191181.5194 280104.2456 88922.7262 189237.1821 1894268.983 1705031.801 7.410883955 69912.55178 1684077.289 nan nan
17 61863 433 433 0 209362.9502 15618.3799 208196.157 240876.6261 32680.46905 203213.3496 291191.5237 87978.17409 3.82840535 31658.19668 81973.09426 nan nan
18 120454 12525 12525 0 202967.0719 57783.04317 193495.9688 208005.7324 14509.76364 190143.7384 4813753.221 4623609.483 57.37181852 9136.542526 4611195.132 nan nan
19 30745 271 271 0 206698.8613 5584.357603 200887.0618 216362.6055 15475.54366 200728.3962 239637.9267 38909.53052 1.414655005 8074.411639 30800.97035 nan nan
20 110203 1784 1784 0 215402.1496 8407.123806 202014.898 228337.6183 26322.72022 200507.2677 236969.4175 36462.1498 0.02980832912 14676.80301 23308.60224 nan nan
21 78354 269 269 0 209165.7718 25824.57704 189651.8275 237595.7519 47943.92438 189478.0538 344661.8056 155183.7518 3.410804409 47480.59406 154546.6477 nan nan
22 65262 717 40 677 280725.2705 3108.377208 275452.6272 285066.1856 9613.558462 273988.6148 286486.0277 12497.41294 -0.196684369 nan nan nan nan
23 151422 3376 3376 0 196421.4042 237250.9707 188347.1748 292494.9166 104147.7419 188188.6076 9903671.596 9715482.989 36.04504998 101641.0679 9712817.748 nan nan
24 69514 1548 1548 0 201684.4377 5420.420613 193898.2841 206122.7783 12224.49421 191900.3895 288333.7519 96433.36243 6.15613617 7156.363067 87563.13099 nan nan
25 168114 1774 1774 0 195651.5257 752479.7707 188446.4706 367119.9688 178673.4982 188331.8518 8775147.526 8586815.674 7.84241041 178721.073 8586748.63 nan nan
26 148588 6986 6985 1 197104.3807 168617.5169 188416.1499 276791.4079 88375.25793 188239.9341 5805939.396 5617699.462 20.92238649 85466.2553 5614614.243 nan nan
27 167957 1 1 0 206642.0602 0 206642.0602 206642.0602 0 206642.0602 206642.0602 0 nan 0 0 nan nan
28 12828 588 588 0 686833.5224 887293.811 206365.4665 2354516.05 2148150.584 189465.639 8837569.013 8648103.374 3.535752394 1633055.65 8116108.613 nan nan
29 34556 417 417 0 210286.453 15110.23121 207951.7583 239961.35 32009.59167 206005.9538 290701.7456 84695.79177 2.878178975 29345.83445 80086.23003 nan nan
30 48939 6961 6954 7 200451.6626 51254.23952 189223.8825 223317.4394 34093.55691 188882.7471 1306594.606 1117711.859 14.3054885 22557.33028 1105834.497 nan nan
31 88569 2769 2766 3 225266.8596 5458.291442 213445.4275 230286.1057 16840.67824 205932.0361 239831.0223 33898.98617 -0.7966035641 11841.85408 18680.25863 nan nan
32 176015 15599 15599 0 203062.1217 683570.4036 189270.7575 243782.9113 54512.15384 188430.0851 76282242.54 76093812.45 96.56506698 38982.01799 76077441.64 nan nan
33 116002 11190 11189 1 211660.1007 120136.1671 192037.3283 224429.5564 32392.22801 188218.9593 5951144.654 5762925.694 33.8773555 24676.08307 5737958.648 nan nan
34 29608 442 442 0 203718.0023 836495.8341 188628.7942 1334530.045 1145901.251 188375.8048 9733554.719 9545178.914 6.351790609 1142168.563 9541193.237 nan nan
35 52314 3885 3885 0 206185.7634 7238.501385 199869.5038 216512.1577 16642.65393 199228.2887 290667.2668 91438.97806 4.571500508 9175.212307 83330.32137 nan nan
36 31348 165 165 0 237164.9242 4554.481347 234005.1681 239867.3347 5862.166637 209014.8963 240403.8576 31388.96133 -4.94564526 5030.922091 30021.1939 nan nan
37 165589 9558 9558 0 191480.039 61456.79053 188605.2028 205194.913 16589.71028 188345.5209 5879060.796 5690715.275 83.50210397 14475.33548 5688341.218 nan nan
38 35110 1164 1161 3 220399.0249 436402.0653 189532.2698 1288201.307 1098669.037 189245.1579 2802071.047 2612825.889 2.140292738 637788.7637 2151658.504 nan nan
39 80416 7244 7244 0 192356.3109 40876.34368 188634.7578 294603.5044 105968.7466 188402.7716 519281.0089 330878.2372 3.390025543 70848.96642 295526.4709 nan nan
40 37316 864 863 1 209523.9202 12156.30197 208339.3105 240447.6795 32108.36906 200845.7083 290444.1243 89598.41602 3.326158418 31048.28766 81044.73243 nan nan
41 8157 2550 2550 0 222483.2624 3584.453819 218761.7002 226461.1507 7699.450514 200496.666 227636.6918 27140.0258 -2.749754369 4451.917557 22716.95176 nan nan
42 35310 320 320 0 225023.9643 7092.492233 211224.5942 230755.8041 19531.2099 204851.5384 287295.2488 82443.71042 1.681404726 13927.12354 62869.82934 nan nan
43 30636 801 801 0 209963.9404 14932.39702 209692.6343 240982.0269 31289.39262 207916.3375 342072.9036 134156.5661 3.862952656 31166.89925 132257.776 nan nan
44 83559 808 791 17 200537.2996 469757.2344 188681.8903 1150504.359 961822.4682 188375.5304 7296020.845 7107645.315 6.222430926 959216.0209 7104732.507 nan nan
45 23915 4561 4560 1 198427.886 1924.897351 195964.5166 202231.8482 6267.331536 195345.8198 203423.1868 8077.367004 0.3674859412 5383.745537 6575.084165 nan nan
46 35907 884 884 0 209970.6226 24058.41332 207244.0606 214647.9743 7403.913742 199350.4792 342290.1338 142939.6546 4.518937969 6980.031112 132530.9141 nan nan
47 170879 15630 15629 1 192958.5633 95678.38789 188152.6215 383471.6155 195318.9939 188018.3425 4480813.766 4292795.424 9.177490208 195151.2755 4292493.426 nan nan
48 179044 1231 1231 0 237598.2471 3998.899706 234734.4881 239970.8971 5236.40904 204432.3038 291975.7241 87543.42031 2.943191869 3460.406352 53810.43282 nan nan
49 222546 1310 1310 0 231528.9192 2381283.547 226347.9855 287563.6252 61215.63963 202433.2601 36245110.86 36042677.6 8.679675573 57542.60779 36015089.84 nan nan

K=50, phase=forward, parameter=e [-]
cluster representative_source n_cluster n_valid n_missing median std p05 p95 width90 minimum maximum range skewness error95 error_max angle_origin_deg angle_resultant
0 155584 12184 12183 1 0.9449181322 0.2321239587 0.2563573019 0.9995433155 0.7431860136 5.248673245e-05 0.9999999985 0.9999475117 -1.893519449 0.7424578591 0.9987626743 nan nan
1 24196 3715 3715 0 0.4798586796 0.04679217797 0.3836065341 0.5269524457 0.1433459115 0.3704104316 0.5317778053 0.1613673737 -0.5022079757 0.08616379418 0.09935989676 nan nan
2 23568 824 6 818 0.3762516959 0.2592886691 0.3642385152 0.946692318 0.5824538028 0.3615873894 0.9768786834 0.615291294 1.044467278 nan nan nan nan
3 171049 2417 2417 0 0.290273116 0.2398830385 0.1257433664 0.7356442962 0.6099009298 0.09023827666 0.9998966324 0.9096583557 0.1980862166 0.4744758928 0.7387282289 nan nan
4 50148 5559 5559 0 0.8074879844 0.07636236705 0.7126704297 0.9336343178 0.2209638881 0.09275924696 0.9582645629 0.8655053159 -1.279879006 0.1287726778 0.7131740851 nan nan
5 51611 1286 1286 0 0.7565922726 0.08607012213 0.5921108329 0.8618392758 0.2697284429 0.5052535179 0.906897413 0.4016438951 -0.2794533689 0.235936903 0.322794218 nan nan
6 20504 378 378 0 0.4630629758 0.2278894106 0.183067643 0.9315080632 0.7484404202 0.1143021633 0.9998594752 0.8855573119 0.4445552231 0.5112975137 0.5796489257 nan nan
7 27924 1214 1214 0 0.4074588415 0.1196883622 0.2684007442 0.6579275923 0.3895268481 0.09601369634 0.6677377578 0.5717240615 0.6130427228 0.2727889755 0.2895567715 nan nan
8 76903 285 285 0 0.7073971588 0.1998706623 0.09524372944 0.7277489064 0.6325051769 0.09393560652 0.8485104772 0.7545748707 -2.344260699 0.6184076885 0.6197158114 nan nan
9 78960 18817 18817 0 0.916019148 0.2206325663 0.2559862455 0.9988477782 0.7428615327 3.774545329e-05 1 0.9999622545 -2.169373821 0.7027049892 0.9586534893 nan nan
10 9905 4965 4965 0 0.4402053787 0.04082263327 0.3786624914 0.4929063537 0.1142438624 0.1162355997 0.6971690835 0.5809334838 -0.7928767899 0.06455464088 0.3126905085 nan nan
11 210447 3063 3063 0 0.6429509962 0.2150374861 0.3866693575 0.9911289731 0.6044596157 0.006136354059 0.9999999862 0.9938636321 -0.1163292971 0.6040662917 0.6129373047 nan nan
12 22498 655 655 0 0.1978036381 0.4053867458 0.01230919755 0.9543492705 0.942040073 0.0006053674971 0.9951765647 0.9945711972 0.1880586093 0.9195036676 0.9603309618 nan nan
13 152421 1773 1773 0 0.9029255428 0.1718850499 0.4641815552 0.9985871462 0.534405591 0.001314468504 0.9999999847 0.9986855162 -2.763364584 0.4966533729 0.9595204596 nan nan
14 166474 8815 8815 0 0.8703164346 0.2063229422 0.3122229662 0.9984266335 0.6862036673 0.002475218115 0.9999998997 0.9975246816 -1.988633931 0.5672765536 0.8770243017 nan nan
15 43359 2140 2140 0 0.3632249301 0.04558944808 0.3072717529 0.4485655511 0.1412937982 0.09560699903 0.70083585 0.6052288509 1.35780827 0.0847448096 0.3354674392 nan nan
16 41854 7409 7408 1 0.70001378 0.1413913397 0.4909998903 0.977094884 0.4860949937 0.06411024398 0.9999999416 0.9358896977 -0.980363989 0.2769368173 0.658232736 nan nan
17 61863 433 433 0 0.66760742 0.1587998591 0.1731665445 0.6914040379 0.5182374934 0.09405040396 0.7285025794 0.6344521754 -2.336275627 0.4974449806 0.5765611212 nan nan
18 120454 12525 12525 0 0.7920181007 0.06254366661 0.7243838939 0.9195327826 0.1951488887 0.3969617276 0.9645353351 0.5675736075 0.2620739704 0.1204989905 0.4029972684 nan nan
19 30745 271 271 0 0.4777544563 0.06810769577 0.3958601393 0.6369903132 0.2411301738 0.1894484677 0.836910641 0.6474621733 1.390960294 0.1919019986 0.3835809993 nan nan
20 110203 1784 1784 0 0.4032303734 0.07213273571 0.2986767757 0.5080662341 0.2093894584 0.2192722954 0.7038176037 0.4845453083 0.4813392737 0.1217104101 0.2870917105 nan nan
21 78354 269 269 0 0.7425215787 0.2430442157 0.2087604426 0.9971167561 0.7883563135 0.06443574578 0.9999965192 0.9355607734 -1.084260932 0.7875201188 0.9318448156 nan nan
22 65262 717 40 677 0.1173607598 0.008704209553 0.1070106619 0.133586487 0.02657582517 0.1037537261 0.1392947052 0.03554097919 0.4218594701 nan nan nan nan
23 151422 3376 3376 0 0.8827802413 0.2014918057 0.3092800604 0.9980620078 0.6887819474 0.004732944403 0.9999999967 0.9952670523 -2.334231249 0.641310445 0.9458575609 nan nan
24 69514 1548 1548 0 0.8033438321 0.07159542701 0.7330708171 0.9132484015 0.1801775844 0.09959542631 0.9416817914 0.8420863651 -2.964544926 0.1009405517 0.7174935391 nan nan
25 168114 1774 1774 0 0.9045002726 0.2163513122 0.267594913 0.9988720141 0.7312771012 0.0001671890931 0.9999999262 0.9998327371 -2.094506353 0.7285098364 0.9959375602 nan nan
26 148588 6986 6985 1 0.871212578 0.1703159962 0.4586008366 0.9979079987 0.5393071621 0.0005999373988 0.9999999761 0.9994000387 -2.546134252 0.4866491012 0.9446500005 nan nan
27 167957 1 1 0 0.723570015 0 0.723570015 0.723570015 0 0.723570015 0.723570015 0 nan 0 0 nan nan
28 12828 588 588 0 0.6089812039 0.2284507925 0.1661773976 0.888680768 0.7225033705 0.07425558741 0.9996046857 0.9253490983 -0.3319183687 0.431082288 0.5420062057 nan nan
29 34556 417 417 0 0.6486197221 0.1801547907 0.185295608 0.6960438698 0.5107482619 0.09456188752 0.7312966128 0.6367347252 -1.548522643 0.4520469285 0.542780649 nan nan
30 48939 6961 6954 7 0.8558296735 0.1523641183 0.6209822335 0.9978265426 0.3768443091 0.09315892252 0.999999994 0.9068410715 -1.713119148 0.2250890004 0.7529123113 nan nan
31 88569 2769 2766 3 0.3244461062 0.04985965577 0.2812787034 0.4179503889 0.1366716855 0.1841024584 0.7003952306 0.5162927722 1.994518001 0.09442422657 0.3704384972 nan nan
32 176015 15599 15599 0 0.8330189509 0.1675204337 0.5672429247 0.9976653231 0.4304223983 0.002972835345 0.9999999976 0.9970271622 -1.471961893 0.2333429423 0.7976130316 nan nan
33 116002 11190 11189 1 0.688768952 0.1233483397 0.5953831879 0.9459616719 0.350578484 0.0007192626071 0.9999999262 0.9992806636 -1.107866543 0.2974360099 0.6846320462 nan nan
34 29608 442 442 0 0.7999577899 0.2220958938 0.3718602677 0.9967473405 0.6248870728 0.0358819124 0.9999986823 0.9641167699 -0.9457013052 0.5608307547 0.89680911 nan nan
35 52314 3885 3885 0 0.4755254436 0.05224863175 0.3948517679 0.5210574215 0.1262056537 0.09462640143 0.7006735322 0.6060471308 -1.106697465 0.07391969088 0.3700164474 nan nan
36 31348 165 165 0 0.2135847873 0.07278001662 0.1836442404 0.2455095845 0.06186534409 0.1774501763 0.6907080506 0.5132578743 5.665275483 0.05237919731 0.4975776634 nan nan
37 165589 9558 9558 0 0.9589914572 0.1012281708 0.8079926952 0.9995299883 0.1915372931 0.07995581711 0.9999999981 0.920044181 -5.082931653 0.1553527698 0.8833896479 nan nan
38 35110 1164 1161 3 0.740846388 0.2152970689 0.3247895188 0.9974160291 0.6726265103 0.08097545257 0.999999759 0.9190243064 -0.4813285526 0.6044567794 0.6070405092 nan nan
39 80416 7244 7244 0 0.9535509849 0.2230696246 0.2762005466 0.999480459 0.7232799124 1.887149263e-05 0.9999999998 0.9999811283 -2.182408969 0.4274532789 0.703634954 nan nan
40 37316 864 863 1 0.6614729336 0.1684969279 0.1769512987 0.6892163697 0.512265071 0.09500276807 0.7144767977 0.6194740297 -1.531410283 0.48668096 0.5686294906 nan nan
41 8157 2550 2550 0 0.3477746215 0.02817274104 0.3149144682 0.3775546297 0.06264016154 0.3049777139 0.5154599078 0.2104821939 2.532604388 0.03617759317 0.1736537013 nan nan
42 35310 320 320 0 0.3264637361 0.05158089871 0.2769802598 0.4348410924 0.1578608326 0.1010133401 0.4829304419 0.3819171018 0.3231833422 0.1121707103 0.2304100185 nan nan
43 30636 801 801 0 0.6432626297 0.1538025494 0.1711040953 0.6588521829 0.4877480876 0.07522005048 0.6967274249 0.6215073745 -2.216901259 0.4768094214 0.5726934662 nan nan
44 83559 808 791 17 0.8383669277 0.2464831165 0.1339768562 0.9968675875 0.8628907314 0.007668268694 0.9999999988 0.9923317301 -1.303914286 0.8146840789 0.9409926664 nan nan
45 23915 4561 4560 1 0.5308435878 0.01422789472 0.5026797588 0.5490152655 0.04633550673 0.4935720996 0.5535822468 0.06001014718 -0.3705670464 0.03978052604 0.0488881852 nan nan
46 35907 884 884 0 0.6709540656 0.1269171709 0.6271436884 0.7109107078 0.08376701937 0.06891838147 0.8399006845 0.7709823031 -3.929765817 0.1513871137 0.6045813775 nan nan
47 170879 15630 15629 1 0.936805538 0.2479188925 0.2089854541 0.999382771 0.7903973169 0.0002919113415 0.9999999998 0.9997080885 -1.759662315 0.7908650166 0.9995585593 nan nan
48 179044 1231 1231 0 0.2090898764 0.04468296148 0.1827295862 0.2384545817 0.05572499551 0.09239031795 0.754074265 0.661683947 9.844634548 0.03585883848 0.5511721516 nan nan
49 222546 1310 1310 0 0.2708909177 0.1399812752 0.1742213744 0.3220802723 0.1478588979 0.09248305988 0.9880261434 0.8955430835 3.542980963 0.1895979186 0.7054473885 nan nan

K=50, phase=forward, parameter=w [deg]
cluster representative_source n_cluster n_valid n_missing median std p05 p95 width90 minimum maximum range skewness error95 error_max angle_origin_deg angle_resultant
0 155584 12184 12183 1 -1.289460051 88.20665127 -14.25352963 173.5253163 187.7788459 -179.9399521 179.953092 359.8930441 0.3353830038 179.2622874 179.9992218 95.88640938 0.2318916987
1 24196 3715 3715 0 -3.29358947 12.02643436 -11.86869526 32.51637255 44.38506781 -12.67028553 47.76553681 60.43582234 1.833226727 37.28004665 52.52921091 304.9824375 0.9785163624
2 23568 824 6 818 -8.007026137 69.07716766 -136.6529664 31.14524053 167.7982069 -176.6621941 42.54543856 219.2076327 -1.990857805 nan nan 228.621444 0.6125609618
3 171049 2417 2417 0 11.4111488 51.62161469 -80.09946888 68.84876102 148.9482299 -87.75622019 108.3312927 196.0875129 -0.2145991969 126.181459 133.8382103 27.73064746 0.6390393889
4 50148 5559 5559 0 -4.985030628 15.47739135 -12.69744336 36.79773385 49.49517721 -58.02342078 106.4892867 164.5127075 1.765982094 44.63946628 114.2378218 301.0294237 0.9648428967
5 51611 1286 1286 0 5.848683677 60.29827285 -132.5028481 41.92473672 174.4275848 -140.8430813 56.96374226 197.8068236 -1.128371067 164.8516428 173.191876 40.68544522 0.5899523014
6 20504 378 378 0 7.602292628 31.64270305 -44.30816158 8.768138301 53.07629989 -145.1658427 90.8335272 235.9993699 -2.42899938 73.20083869 152.5899337 85.89294442 0.8873557744
7 27924 1214 1214 0 -3.764554524 24.04871798 -37.14139289 40.65853369 77.79992658 -118.4988453 101.534929 220.0337743 0.2235076338 50.43160459 111.1668886 330.4352195 0.9166059535
8 76903 285 285 0 2.934149165 17.25127945 -45.72516784 17.25886122 62.98402905 -61.02449081 20.75387162 81.77836243 -1.978040058 52.54150751 67.84083048 310.5579187 0.9569179417
9 78960 18817 18817 0 -18.0417256 66.0893742 -49.97095665 118.3203012 168.2912578 -132.8701524 126.410732 259.2808844 0.5089635347 148.2343255 156.3247563 318.9314224 0.4605972059
10 9905 4965 4965 0 -1.391950855 10.41351437 -6.452026446 13.98764677 20.43967321 -85.99958853 140.8371056 226.8366941 8.353685553 16.61602149 143.4579467 299.8379187 0.9874005517
11 210447 3063 3063 0 36.72939405 59.15943828 -105.5943546 83.7263425 189.3206971 -106.5837692 123.0985767 229.6823458 -0.2870491758 150.0102415 150.9996561 3.22553422 0.5472304554
12 22498 655 655 0 3.451639318 72.40462742 -18.68038841 163.8751017 182.5554901 -124.2595144 170.647579 294.9070934 1.159332018 179.187598 179.9656135 290.8117974 0.5183563517
13 152421 1773 1773 0 -5.014872265 78.1292812 -170.9846652 39.40501949 210.3896846 -177.5915431 113.0420417 290.6335848 -0.8845718945 165.3276224 171.9345004 262.5022124 0.4273193495
14 166474 8815 8815 0 -11.73636332 84.23129292 -18.17898637 165.4375371 183.6165235 -179.7288148 176.176793 355.9056078 0.4619846918 177.7141679 179.9973859 284.535405 0.2412188712
15 43359 2140 2140 0 -4.168592044 10.85924649 -9.117118054 24.54797797 33.66509602 -31.2811269 61.62294144 92.90406834 1.853447098 29.48968014 66.56464362 302.9155731 0.9823823632
16 41854 7409 7408 1 -9.463240015 48.67146331 -11.84460591 120.6152283 132.4598342 -148.9791391 153.7495536 302.7286928 1.841340139 132.6391334 165.6825396 297.7967911 0.7417052347
17 61863 433 433 0 -4.976052169 23.4466975 -15.0078314 67.94967746 82.95750887 -74.66548462 101.7685524 176.434037 2.216292252 76.37625744 110.1951323 322.65649 0.9261745454
18 120454 12525 12525 0 -3.14113194 12.09213674 -9.944522009 23.23011257 33.17463458 -172.7253339 175.7940636 348.5193975 3.425973869 28.17713961 179.2661943 267.7983113 0.9801735444
19 30745 271 271 0 -1.94680463 18.50671167 -21.53673209 29.13599346 50.67272556 -25.37610015 148.5377568 173.9138569 2.721130451 39.01351519 158.4152785 26.54494717 0.9552648825
20 110203 1784 1784 0 -0.6475319027 17.07433683 -36.76855825 27.32818294 64.09674119 -40.99317253 137.2358349 178.2290075 -0.03250679633 36.7657135 137.9230094 335.7024054 0.9572779876
21 78354 269 269 0 -29.50003513 78.83824306 -76.76958643 157.5452103 234.3147968 -176.9012694 176.9692828 353.8705522 0.1978379331 157.8013771 173.2282603 348.7764081 0.333967372
22 65262 717 40 677 0.3375060468 7.323300117 -10.66272328 12.15037012 22.8130934 -13.19493487 17.20163043 30.3965653 0.1648323564 nan nan 222.1127411 0.9918574021
23 151422 3376 3376 0 -3.54428672 35.64753976 -28.2394767 68.6892078 96.92868449 -179.966426 179.2208184 359.1872444 1.13185393 94.98990773 178.7271397 357.8537893 0.8611791927
24 69514 1548 1548 0 -0.5338237027 7.905484973 -9.369189051 10.76839394 20.137583 -68.05368593 90.41743185 158.4711178 2.056113196 14.80856572 94.38640542 314.8716253 0.9909890889
25 168114 1774 1774 0 8.198019799 86.82610004 -161.2420486 56.77026572 218.0123144 -165.0115334 154.829964 319.8414974 -0.2746007012 170.771631 174.5411158 248.7893676 0.2059414114
26 148588 6986 6985 1 -9.060177114 80.16108315 -174.6236308 51.69252592 226.3161567 -179.9844755 179.9821904 359.9666659 -0.6485116279 165.5417791 179.5593365 267.5306321 0.4802373686
27 167957 1 1 0 0 0 0 0 0 0 0 0 nan 0 0 345.1171943 1
28 12828 588 588 0 5.785934499 40.8590431 -62.69508793 12.97735422 75.67244215 -179.3874166 175.5617417 354.9491583 -1.630886291 138.284363 178.6981433 89.06536716 0.8429862332
29 34556 417 417 0 -11.22662404 51.55174145 -38.55502756 107.9358932 146.4909208 -120.7778388 155.0486713 275.8265101 0.9485603151 137.9443823 179.1291598 330.7244487 0.6739439487
30 48939 6961 6954 7 -6.421240993 43.99274687 -9.481693648 125.8494957 135.3311894 -86.76672946 153.426855 240.1935845 2.204412202 134.2026385 161.7799978 296.0280396 0.7934791248
31 88569 2769 2766 3 -2.831497071 13.80727872 -15.27776067 29.09456049 44.37232116 -17.04862433 70.11912376 87.16774809 1.454251615 34.50066302 75.52522629 316.0664224 0.9717251501
32 176015 15599 15599 0 -14.02760359 65.30233587 -31.17258414 133.0724497 164.2450339 -159.7085144 178.4978703 338.2063848 0.9610004079 161.2697309 179.9914736 307.1145899 0.5173385062
33 116002 11190 11189 1 -4.218354443 36.467281 -25.91813883 128.2088427 154.1269815 -179.4900085 178.3286704 357.8186789 2.816060177 138.6198575 177.2169439 284.2207694 0.8636863085
34 29608 442 442 0 23.38008208 65.00567455 -120.639169 59.29064771 179.9298168 -157.6628618 177.9736281 335.6364899 -0.3653905193 152.4509501 177.1693073 351.6380649 0.5041111153
35 52314 3885 3885 0 -0.4891056661 14.89648332 -18.01976212 20.48588521 38.50564732 -62.57390668 148.3412754 210.9151821 2.941221109 26.2343159 154.0061509 315.5081247 0.9704517207
36 31348 165 165 0 -1.00399134 14.79714329 -13.17546997 22.27516982 35.45063979 -61.11193622 47.78371238 108.8956486 -0.7356618847 30.72963686 63.51229108 352.8720956 0.9682874163
37 165589 9558 9558 0 3.462159427 78.97683231 -168.1801757 9.142355764 177.3225315 -179.7727937 179.3886534 359.1614471 -0.8106306916 173.3283195 178.7536811 257.5215603 0.4182102297
38 35110 1164 1161 3 17.44931919 71.16577341 -119.8164155 58.23878812 178.0552036 -179.3838825 177.8229721 357.2068546 -0.4607234068 159.0955884 179.7442873 33.768711 0.3890920601
39 80416 7244 7244 0 12.56522607 53.97619536 -64.37708186 63.33190557 127.7089874 -173.62274 68.436632 242.059372 -0.217147257 117.5408163 175.927526 354.6885743 0.6070571008
40 37316 864 863 1 -12.53900413 27.95691975 -21.4088263 62.53494721 83.94377351 -83.13286918 97.04276901 180.1756382 1.224753854 79.62792133 114.1357431 315.5014545 0.8892162499
41 8157 2550 2550 0 -1.556881404 7.476383578 -4.267606848 5.191668592 9.45927544 -4.38543624 68.49328024 72.87871648 5.994612007 8.37293631 71.67454795 296.5423548 0.9920444364
42 35310 320 320 0 -3.686024604 20.50295203 -25.63523443 37.29319956 62.928434 -30.06768716 87.30981745 117.3775046 0.9481244332 49.06839605 99.08501394 18.58840312 0.9384913259
43 30636 801 801 0 -7.183379785 32.81487629 -12.11734498 84.16638481 96.2837298 -91.4927189 139.3034017 230.7961206 1.710036463 93.31111593 148.4481328 304.4779838 0.8642718814
44 83559 808 791 17 11.46685037 55.48440125 -122.5730904 28.96625542 151.5393458 -179.8252071 178.6866663 358.5118734 -1.110135659 140.1674478 179.165063 342.4169752 0.6563631188
45 23915 4561 4560 1 -0.4364287133 4.31950451 -6.200957984 8.047692373 14.24865036 -7.39311265 15.0014272 22.39453985 0.5774472177 8.429063825 15.38279865 307.1240139 0.9971622411
46 35907 884 884 0 -2.174928358 16.4237678 -5.657544845 37.56852869 43.22607353 -141.4546663 84.59694907 226.0516153 0.08286833129 50.26118186 137.2992859 295.3317842 0.9632644111
47 170879 15630 15629 1 -45.36177153 85.99475552 -58.26470009 119.0221493 177.2868493 -179.9106592 179.9944252 359.9050844 0.09787412326 163.2188616 173.4324408 146.8204143 0.1210976236
48 179044 1231 1231 0 -2.867660922 12.51528421 -13.83524391 24.54095252 38.37619643 -34.19350775 50.49635412 84.68986186 1.235239815 22.02994019 47.89578022 17.52084022 0.976569288
49 222546 1310 1310 0 -1.705617673 21.057106 -16.63600426 19.72097095 36.35697521 -38.27880583 144.7917124 183.0705183 3.652682802 33.59108645 128.6244047 20.69697627 0.9464627268

K=60, STD=0.009870709554
n = trajectories per cluster; conditions overlap.
n = 1: clusters=1/60 (1.67%); trajectories=1/194124 (0.00%)
n < 10: clusters=1/60 (1.67%); trajectories=1/194124 (0.00%)
n < 100: clusters=1/60 (1.67%); trajectories=1/194124 (0.00%)

K=60, phase=backward, parameter=a [km]
cluster representative_source n_cluster n_valid n_missing median std p05 p95 width90 minimum maximum range skewness error95 error_max angle_origin_deg angle_resultant
0 151769 15806 0 15806 nan nan nan nan nan nan nan nan nan nan nan nan nan
1 24196 3684 3684 0 208541.4658 3029.352793 203971.0164 213557.2885 9586.272084 202700.1039 215886.1181 13186.01422 0.1074369717 5394.961992 6829.830663 nan nan
2 23568 824 824 0 238995.3154 1757.496265 235563.1615 240775.3763 5212.214802 233499.791 240887.1301 7387.339134 -0.4487043942 3710.355411 5773.725885 nan nan
3 167952 1772 0 1772 nan nan nan nan nan nan nan nan nan nan nan nan nan
4 50148 5559 5559 0 209628.3675 3495.881951 204828.2734 215627.5283 10799.25482 204471.9973 217576.1751 13104.17774 0.1735620088 5742.141119 7098.82247 nan nan
5 69940 970 0 970 nan nan nan nan nan nan nan nan nan nan nan nan nan
6 20500 197 197 0 237612.2001 1628.445559 235060.2567 240447.1784 5386.921697 233962.2025 241117.2713 7155.068884 0.1667205673 2988.239557 3984.973785 nan nan
7 27925 910 910 0 223416.3492 5011.307254 213782.7481 230150.5458 16367.79773 211452.7525 231203.2728 19750.52029 -0.369417318 8815.972374 10457.37299 nan nan
8 76903 285 285 0 202098.0782 2998.551426 195435.6655 204068.479 8632.813565 193052.5207 233991.1882 40938.66749 3.150475846 6909.400573 32334.75384 nan nan
9 72665 17291 0 17291 nan nan nan nan nan nan nan nan nan nan nan nan nan
10 10499 4802 4802 0 221686.9637 4029.423579 214865.898 227573.57 12707.67201 213235.9658 231002.7232 17766.75742 -0.09089903232 7280.134798 9008.086983 nan nan
11 217246 2108 0 2108 nan nan nan nan nan nan nan nan nan nan nan nan nan
12 22279 605 605 0 235493.8128 783.3470719 234228.3117 236109.0127 1880.700949 230966.7842 236372.5772 5405.793091 -2.39440039 1265.501105 4527.028687 nan nan
13 152421 1768 0 1768 nan nan nan nan nan nan nan nan nan nan nan nan nan
14 173287 1167 0 1167 nan nan nan nan nan nan nan nan nan nan nan nan nan
15 43589 2137 2137 0 199221.2544 2133.112479 197025.3205 203548.8308 6523.510314 196682.9077 204479.9056 7796.99786 0.4833715104 5311.483545 6242.55833 nan nan
16 41854 7408 7408 0 225643.4923 5153.79723 217382.9712 232850.8291 15467.85786 215422.8506 235326.9601 19904.10953 -0.07142323016 10145.2219 12621.35297 nan nan
17 68394 176 176 0 201926.9757 1820.373291 200822.8843 204230.0823 3407.197923 193076.1974 204482.9701 11406.77272 -2.438555513 3249.813576 8013.271735 nan nan
18 125038 14776 0 14776 nan nan nan nan nan nan nan nan nan nan nan nan nan
19 32794 253 253 0 238249.1019 2463.377623 233700.597 240993.6789 7293.081842 232642.0481 241041.6789 8399.630838 -0.3425989217 4369.878113 5428.427097 nan nan
20 102368 563 563 0 215660.0173 8609.053275 204299.0004 231686.6181 27387.61767 202608.4876 233436.8318 30828.34418 0.2938449797 15325.21378 17075.42747 nan nan
21 20727 287 287 0 237107.4216 1031.212632 235914.3294 238949.945 3035.615638 234282.5102 239296.3437 5013.833491 -0.08857827818 1897.997779 2958.90072 nan nan
22 65262 717 717 0 231105.9229 3611.263325 225141.5234 235023.0295 9881.506112 210622.9716 236339.9388 25716.96717 -1.274444707 7640.5219 16972.2879 nan nan
23 153188 3171 0 3171 nan nan nan nan nan nan nan nan nan nan nan nan nan
24 69514 1548 1548 0 203503.6042 697.0525673 202207.539 204411.4757 2203.936695 201890.0448 204528.5522 2638.507395 -0.3086715045 1194.557468 1375.227432 nan nan
25 158311 430 0 430 nan nan nan nan nan nan nan nan nan nan nan nan nan
26 148588 6825 0 6825 nan nan nan nan nan nan nan nan nan nan nan nan nan
27 167957 1 0 1 nan nan nan nan nan nan nan nan nan nan nan nan nan
28 13170 552 552 0 238892.7651 1356.077474 236457.662 239707.8309 3250.168964 227394.8542 240991.0145 13596.16036 -2.662922876 2206.38825 11204.70589 nan nan
29 41011 141 141 0 208453.7244 4151.846878 203714.6659 216940.5119 13225.84602 202795.7967 220240.6381 17444.84131 0.5587668807 8486.78757 11786.9137 nan nan
30 48939 6961 6961 0 225731.8103 4654.503186 218450.4306 233230.8514 14780.42078 212870.5637 236341.027 23470.46337 -0.001372832242 9864.718738 12958.79484 nan nan
31 62912 437 437 0 201925.0015 1280.036167 200951.8875 204056.2139 3104.326459 193064.5732 204531.0811 11466.50788 -2.435310273 2545.4688 8524.817282 nan nan
32 176287 17297 0 17297 nan nan nan nan nan nan nan nan nan nan nan nan nan
33 117692 11712 0 11712 nan nan nan nan nan nan nan nan nan nan nan nan nan
34 29608 437 437 0 238634.3225 2095.46247 234382.2497 240900.9671 6518.717468 233631.3229 241125.0718 7493.748847 -0.4873693947 4151.968782 4902.89551 nan nan
35 52314 3803 3803 0 200374.6448 1633.739499 198275.5328 203690.9153 5415.382472 197716.6007 204535.186 6818.58532 0.4086182978 4353.594903 5197.865632 nan nan
36 31348 169 169 0 216694.3526 8514.823414 202762.696 230803.2005 28040.50455 201334.3447 231255.9631 29921.6184 -0.0209841011 14401.39266 15360.00786 nan nan
37 152154 664 0 664 nan nan nan nan nan nan nan nan nan nan nan nan nan
38 35110 1154 1154 0 233906.8036 1281.653376 232197.2397 236513.2181 4315.978408 230407.2782 237642.5613 7235.28303 0.487765813 2538.732389 3681.452162 nan nan
39 80416 7244 7244 0 211200.9678 3562.238626 205942.5019 217116.9538 11174.45193 202642.9673 219276.2447 16633.27733 0.0866600322 6599.538077 9894.480641 nan nan
40 37318 579 579 0 209724.5555 3497.869989 204761.3406 215387.6549 10626.31426 203123.6714 218690.0129 15566.34148 0.1480817866 5743.090669 8304.189508 nan nan
41 98857 128 128 0 216201.4834 9304.360448 205568.7365 232236.5402 26667.80371 204668.4979 235702.6984 31034.20046 0.396098797 15854.47441 19320.63265 nan nan
42 27801 237 237 0 239255.7417 2479.774066 233744.6877 241043.6388 7298.9511 229716.9348 241085.7226 11368.78779 -0.8780684676 5312.080573 9339.833475 nan nan
43 27239 206 206 0 226219.4888 5447.984619 216215.2973 234661.111 18445.81367 212212.7897 238135.7503 25922.96054 -0.1898324869 11180.50858 13942.08898 nan nan
44 83559 808 808 0 224447.5166 4857.587766 216741.382 232514.6964 15773.31431 214788.0643 235481.1536 20693.08937 0.05834318627 10013.6612 12980.11847 nan nan
45 23915 4561 4561 0 222616.9834 5384.75778 212550.9214 229550.8926 16999.97116 210266.2303 230946.3375 20680.10726 -0.3096351106 9116.591333 11318.57632 nan nan
46 35907 884 884 0 218690.2873 8336.62574 205876.6594 231637.604 25760.94463 204490.4459 235537.6775 31047.23166 0.09111064011 14280.94624 18181.01976 nan nan
47 175331 13268 0 13268 nan nan nan nan nan nan nan nan nan nan nan nan nan
48 184619 886 0 886 nan nan nan nan nan nan nan nan nan nan nan nan nan
49 218982 889 0 889 nan nan nan nan nan nan nan nan nan nan nan nan nan
50 30178 627 627 0 223776.4448 4599.442359 216751.277 230962.4012 14211.12424 214513.8325 235788.4568 21274.62429 0.05668420774 8238.34109 13064.39666 nan nan
51 77950 245 245 0 224673.0169 4369.417663 218040.3888 231521.3528 13480.96401 210721.4854 235570.6547 24849.16937 -0.1709763983 10372.56581 12700.1461 nan nan
52 193896 1169 0 1169 nan nan nan nan nan nan nan nan nan nan nan nan nan
53 88569 2702 2702 0 198248.2969 2476.776576 195770.2291 203305.8197 7535.590607 195334.9647 204531.5637 9196.599051 0.4739154492 5808.073716 7033.817798 nan nan
54 151271 1911 0 1911 nan nan nan nan nan nan nan nan nan nan nan nan nan
55 169016 13654 0 13654 nan nan nan nan nan nan nan nan nan nan nan nan nan
56 108770 1360 1360 0 209619.0637 6104.735044 204572.2292 220367.6472 15795.41801 202772.8474 232982.6761 30209.82876 1.581098449 9334.920009 21949.94892 nan nan
57 33842 439 439 0 218113.2416 7237.186655 206077.018 229984.7772 23907.75928 202897.2993 234148.6783 31251.37909 -0.06964276941 12809.34814 16058.19151 nan nan
58 6146 1552 1552 0 217890.1819 3434.208861 212604.781 223474.7846 10870.0036 210277.9296 230430.7539 20152.82429 0.1822821263 6094.790023 12464.60058 nan nan
59 11802 1408 1408 0 208313.6743 2780.593642 204437.2718 213152.6357 8715.363961 202916.314 214822.929 11906.61496 0.1799569309 4859.409622 6097.732023 nan nan

K=60, phase=backward, parameter=e [-]
cluster representative_source n_cluster n_valid n_missing median std p05 p95 width90 minimum maximum range skewness error95 error_max angle_origin_deg angle_resultant
0 151769 15806 0 15806 nan nan nan nan nan nan nan nan nan nan nan nan nan
1 24196 3684 3684 0 0.4555850573 0.02278662247 0.41764201 0.4897690152 0.07212700523 0.3995874669 0.4992001343 0.09961266735 -0.1214257467 0.04065641876 0.05218548756 nan nan
2 23568 824 824 0 0.1951034257 0.01929287384 0.1739809047 0.2309128631 0.0569319584 0.1726509316 0.2504354263 0.07778449472 0.3756747967 0.04030463374 0.05982719694 nan nan
3 167952 1772 0 1772 nan nan nan nan nan nan nan nan nan nan nan nan nan
4 50148 5559 5559 0 0.4471815577 0.0264748573 0.4013869038 0.4832290655 0.0818421617 0.3857847462 0.4859440262 0.10015928 -0.1879594416 0.04331059022 0.055039311 nan nan
5 69940 970 0 970 nan nan nan nan nan nan nan nan nan nan nan nan nan
6 20500 197 197 0 0.2092902644 0.01743573348 0.1783944191 0.2354537996 0.0570593805 0.1699124926 0.2492357433 0.07932325068 -0.2567495114 0.03158257647 0.04338423683 nan nan
7 27925 910 910 0 0.3394280909 0.04084400145 0.2825711309 0.4157828089 0.133211678 0.2731942552 0.4335582843 0.1603640291 0.3078615142 0.07248091963 0.08157653948 nan nan
8 76903 285 285 0 0.5035947607 0.02302516104 0.4889712783 0.5528494834 0.06387820513 0.2463159419 0.5704977882 0.3241818463 -3.945375769 0.05111059879 0.2605158533 nan nan
9 72665 17291 0 17291 nan nan nan nan nan nan nan nan nan nan nan nan nan
10 10499 4802 4802 0 0.3541288814 0.03241922591 0.3053774818 0.4076104446 0.1022329627 0.2750330387 0.4201822057 0.145149167 0.03898163781 0.05762144692 0.07660433541 nan nan
11 217246 2108 0 2108 nan nan nan nan nan nan nan nan nan nan nan nan nan
12 22279 605 605 0 0.2317033946 0.007529156019 0.2254744335 0.2440224779 0.01854804444 0.2226327884 0.2740448069 0.05141201842 2.239487273 0.0123714426 0.04239377152 nan nan
13 152421 1768 0 1768 nan nan nan nan nan nan nan nan nan nan nan nan nan
14 173287 1167 0 1167 nan nan nan nan nan nan nan nan nan nan nan nan nan
15 43589 2137 2137 0 0.5249923228 0.01577119492 0.4929157927 0.5412007769 0.04828498423 0.4856928452 0.5437252955 0.05803245033 -0.4863227482 0.03935981383 0.04658276131 nan nan
16 41854 7408 7408 0 0.3210002475 0.04344526146 0.2573505009 0.3876961507 0.1303456497 0.2337113159 0.4030672241 0.1693559082 0.003929568052 0.08793090219 0.1115700872 nan nan
17 68394 176 176 0 0.504780344 0.01350125372 0.4877622767 0.5130275797 0.02526530309 0.485691379 0.570313305 0.08462192599 2.423384281 0.02409226889 0.05924720773 nan nan
18 125038 14776 0 14776 nan nan nan nan nan nan nan nan nan nan nan nan nan
19 32794 253 253 0 0.2025843157 0.02622291652 0.1712515351 0.2484633142 0.07721177915 0.170592258 0.2616884088 0.09109615075 0.2628817959 0.04461886146 0.05784395599 nan nan
20 102368 563 563 0 0.4007415683 0.06867743869 0.2674031686 0.4870597692 0.2196566005 0.2509818376 0.4996448374 0.2486629998 -0.3774450244 0.127859592 0.144280923 nan nan
21 20727 287 287 0 0.2148914685 0.01076587174 0.1951811327 0.2271743298 0.0319931971 0.1914531809 0.2428694795 0.05141629861 -0.003971792439 0.02038934951 0.02935393306 nan nan
22 65262 717 717 0 0.2732100268 0.03186913886 0.236115383 0.3251078175 0.08899243448 0.2257344318 0.4402835466 0.2145491148 1.081502849 0.06920331802 0.1364109296 nan nan
23 153188 3171 0 3171 nan nan nan nan nan nan nan nan nan nan nan nan nan
24 69514 1548 1548 0 0.4930948636 0.005194082028 0.4863122265 0.5027395573 0.01642733078 0.4853613783 0.5050900128 0.01972863449 0.3060479805 0.008904474056 0.01020606719 nan nan
25 158311 430 0 430 nan nan nan nan nan nan nan nan nan nan nan nan nan
26 148588 6825 0 6825 nan nan nan nan nan nan nan nan nan nan nan nan nan
27 167957 1 0 1 nan nan nan nan nan nan nan nan nan nan nan nan nan
28 13170 552 552 0 0.1961783706 0.01420457651 0.1870726002 0.2218333488 0.03476074863 0.1714609126 0.3063817515 0.1349208388 2.209112097 0.02373216841 0.1073030011 nan nan
29 41011 141 141 0 0.4561863376 0.0314909947 0.3913144611 0.4916067034 0.1002922423 0.3653034393 0.4984289736 0.1331255343 -0.5864679136 0.06487187649 0.09088289829 nan nan
30 48939 6961 6961 0 0.3200893624 0.03934508625 0.2539053642 0.3791208889 0.1252155247 0.222687985 0.4229543097 0.2002663247 -0.07741189567 0.08571059019 0.1169279694 nan nan
31 62912 437 437 0 0.50487389 0.009489754156 0.4890718349 0.5120486805 0.02297684552 0.4853344496 0.5704147561 0.08508030652 2.416313535 0.01891356834 0.06304471446 nan nan
32 176287 17297 0 17297 nan nan nan nan nan nan nan nan nan nan nan nan nan
33 117692 11712 0 11712 nan nan nan nan nan nan nan nan nan nan nan nan nan
34 29608 437 437 0 0.1987863872 0.02248301453 0.1723684159 0.2419439938 0.06957557791 0.1697173735 0.2491447977 0.07942742422 0.392804771 0.04315760661 0.05035841051 nan nan
35 52314 3803 3803 0 0.5163925587 0.01210332471 0.4917923712 0.5319462089 0.04015383769 0.4852822681 0.536068018 0.05078574993 -0.4113897038 0.03231211541 0.03882221851 nan nan
36 31348 169 169 0 0.3932787279 0.06710604263 0.2767403492 0.4986067877 0.2218664386 0.2726984998 0.50927785 0.2365793502 -0.05785608578 0.1165383787 0.1205802281 nan nan
37 152154 664 0 664 nan nan nan nan nan nan nan nan nan nan nan nan nan
38 35110 1154 1154 0 0.2470051474 0.01251358147 0.2208561226 0.2629103752 0.04205425257 0.2090315258 0.2790755615 0.07004403575 -0.5853334697 0.02540460376 0.03609314825 nan nan
39 80416 7244 7244 0 0.4351567504 0.02716794786 0.3895787727 0.4748074157 0.08522864297 0.3725228284 0.4994531554 0.126930327 -0.1062003696 0.05003431748 0.074507588 nan nan
40 37318 579 579 0 0.446383672 0.02648361167 0.4032853006 0.4837488421 0.08046354154 0.377006182 0.4959852572 0.1189790752 -0.1672343547 0.04331450299 0.06461712752 nan nan
41 98857 128 128 0 0.3965311876 0.07517925602 0.2623302412 0.4775583934 0.2152281523 0.2287229791 0.4843030843 0.2555801052 -0.4679308053 0.1327941104 0.1664013725 nan nan
42 27801 237 237 0 0.1918242992 0.02664691796 0.1705856554 0.2490461675 0.0784605121 0.1700108998 0.2879950991 0.1179841993 0.7752337296 0.05615961842 0.09510855005 nan nan
43 27239 206 206 0 0.3159874122 0.04591568066 0.2418418192 0.3969973509 0.1551555317 0.2031482782 0.4277699252 0.224621647 0.0279905802 0.09248042601 0.1301825422 nan nan
44 83559 808 808 0 0.3307683367 0.04056429078 0.2600988025 0.3923327268 0.1322339243 0.2321358755 0.4075102382 0.1753743627 -0.141348802 0.08635170812 0.1143146352 nan nan
45 23915 4561 4561 0 0.3464292673 0.04346187587 0.2881157263 0.4252536321 0.1371379058 0.275559612 0.4426000064 0.1670403944 0.2502037773 0.07384227176 0.08792302762 nan nan
46 35907 884 884 0 0.3775832038 0.06700698262 0.2691218211 0.475356467 0.2062346458 0.2316081199 0.4858310559 0.254222936 -0.193139113 0.1189291144 0.1564428156 nan nan
47 175331 13268 0 13268 nan nan nan nan nan nan nan nan nan nan nan nan nan
48 184619 886 0 886 nan nan nan nan nan nan nan nan nan nan nan nan nan
49 218982 889 0 889 nan nan nan nan nan nan nan nan nan nan nan nan nan
50 30178 627 627 0 0.3367372427 0.03802399369 0.2754247292 0.3928042143 0.1173794851 0.2290958153 0.410756306 0.1816604907 -0.119704574 0.06991059279 0.1162395068 nan nan
51 77950 245 245 0 0.3285985051 0.03674316682 0.2698205207 0.3827040701 0.1128835495 0.2312524612 0.4390677101 0.207815249 -0.009826683802 0.08240380628 0.1076946453 nan nan
52 193896 1169 0 1169 nan nan nan nan nan nan nan nan nan nan nan nan nan
53 88569 2702 2702 0 0.5320700211 0.01838120315 0.4944761308 0.5504347706 0.05595863983 0.4852904289 0.5536543787 0.06836394981 -0.4768350249 0.0431482116 0.05233391353 nan nan
54 151271 1911 0 1911 nan nan nan nan nan nan nan nan nan nan nan nan nan
55 169016 13654 0 13654 nan nan nan nan nan nan nan nan nan nan nan nan nan
56 108770 1360 1360 0 0.4472079308 0.04817557876 0.3636482325 0.48507891 0.1214306775 0.2553135518 0.4984383404 0.2431247886 -1.729954632 0.07263981054 0.1809744912 nan nan
57 33842 439 439 0 0.382137721 0.05738178179 0.2839297499 0.4740040349 0.190074285 0.2474992333 0.4976807676 0.2501815342 -0.01394859445 0.1041325073 0.1348234125 nan nan
58 6146 1552 1552 0 0.3842763486 0.02700619302 0.3398210396 0.425038702 0.08521766231 0.280109165 0.4426467673 0.1625376023 -0.2471898309 0.04795852059 0.1036351463 nan nan
59 11802 1408 1408 0 0.457402003 0.02089848449 0.4209176954 0.486414039 0.06549634362 0.4077932576 0.4976798971 0.08988663944 -0.1915151515 0.03665670981 0.04657798881 nan nan

K=60, phase=backward, parameter=w [deg]
cluster representative_source n_cluster n_valid n_missing median std p05 p95 width90 minimum maximum range skewness error95 error_max angle_origin_deg angle_resultant
0 151769 15806 0 15806 nan nan nan nan nan nan nan nan nan nan nan nan nan
1 24196 3684 3684 0 -0.8159397374 5.037013069 -4.356963767 17.0397204 21.39668417 -5.10560087 23.75442448 28.86002535 3.022429503 18.58169074 25.29639481 186.6844324 0.9961668605
2 23568 824 824 0 3.617982898 14.8085221 -24.81532755 17.40473062 42.22005817 -26.92349139 19.77856283 46.70205421 -0.4063122982 34.75680656 36.8649704 195.1032902 0.9669156952
3 167952 1772 0 1772 nan nan nan nan nan nan nan nan nan nan nan nan nan
4 50148 5559 5559 0 -0.8364253579 4.184077487 -4.651507612 9.713730099 14.36523771 -24.21941661 16.51506196 40.73447857 1.397610235 11.38853016 22.64535105 196.8358097 0.9973406527
5 69940 970 0 970 nan nan nan nan nan nan nan nan nan nan nan nan nan
6 20500 197 197 0 1.856709462 7.891899693 -18.53935085 9.938839337 28.47819018 -33.90259456 12.91716675 46.81976131 -1.971834268 18.05920712 33.42245084 202.1291994 0.9906313129
7 27925 910 910 0 -5.189896653 10.65834107 -9.053594695 17.3548254 26.4084201 -32.59298609 17.56634214 50.15932823 0.8160037688 22.85584252 27.11129714 199.5520325 0.9828043942
8 76903 285 285 0 0.1962154507 5.223000303 -12.68099842 6.951327169 19.63232559 -19.2688548 9.858103458 29.12695826 -1.656053951 14.25387023 20.84172662 193.6696305 0.9958649333
9 72665 17291 0 17291 nan nan nan nan nan nan nan nan nan nan nan nan nan
10 10499 4802 4802 0 -0.2649291589 2.662503671 -3.485847368 6.0042351 9.490082467 -4.232223397 9.013686156 13.24590955 1.139058807 6.094941185 9.104392241 185.5572936 0.9989212193
11 217246 2108 0 2108 nan nan nan nan nan nan nan nan nan nan nan nan nan
12 22279 605 605 0 -0.02585069719 3.328732281 -5.01931374 4.162166848 9.181480588 -6.406869948 14.48336641 20.89023635 1.232425292 5.21262155 14.89914093 201.3015759 0.9983157509
13 152421 1768 0 1768 nan nan nan nan nan nan nan nan nan nan nan nan nan
14 173287 1167 0 1167 nan nan nan nan nan nan nan nan nan nan nan nan nan
15 43589 2137 2137 0 -1.82652035 5.703630838 -6.392962137 12.16669255 18.55965469 -7.57794278 17.03343423 24.61137701 1.016376603 13.86992575 18.73666743 186.9221794 0.9950583039
16 41854 7408 7408 0 -1.399333258 4.826974156 -5.780483016 9.045193478 14.82567649 -34.74917226 15.11275818 49.86193044 0.6511155247 9.86887997 33.93519706 201.7329643 0.9964582943
17 68394 176 176 0 -0.4150049963 4.885747081 -4.66730407 7.451464143 12.11876821 -19.5583513 9.914406983 29.47275829 -0.720726879 9.072763314 18.462212 194.3155773 0.9963755569
18 125038 14776 0 14776 nan nan nan nan nan nan nan nan nan nan nan nan nan
19 32794 253 253 0 6.021600571 14.45884148 -30.31448154 13.40719564 43.72167718 -35.04607473 13.81930537 48.8653801 -1.004457793 38.46463242 43.19622561 202.2899143 0.9686161214
20 102368 563 563 0 1.267691269 5.641658429 -8.134176905 5.3184995 13.4526764 -43.540525 5.461566893 49.00209189 -2.815055286 9.999724434 45.40607252 211.8783876 0.9952249547
21 20727 287 287 0 0.112405804 3.666705243 -5.811532552 8.124873922 13.93640647 -8.237313177 13.06214337 21.29945655 1.129986028 8.465598592 13.21788296 201.4001168 0.997956628
22 65262 717 717 0 10.19309589 19.68230641 -37.27780241 11.03462164 48.31242405 -37.49507586 11.2280909 48.72316676 -1.291717739 48.17877884 48.39605229 204.5503421 0.9425643051
23 153188 3171 0 3171 nan nan nan nan nan nan nan nan nan nan nan nan nan
24 69514 1548 1548 0 -0.09337990374 2.626894591 -3.84162092 4.298390868 8.140011788 -22.53311785 6.42130336 28.95442121 -0.6382200757 5.576793519 21.2585318 196.3318491 0.9989505644
25 158311 430 0 430 nan nan nan nan nan nan nan nan nan nan nan nan nan
26 148588 6825 0 6825 nan nan nan nan nan nan nan nan nan nan nan nan nan
27 167957 1 0 1 nan nan nan nan nan nan nan nan nan nan nan nan nan
28 13170 552 552 0 1.299285045 7.843730749 -14.39461285 8.705058356 23.0996712 -24.70959187 19.36593933 44.0755312 -0.7492650985 18.02281739 28.33779641 192.7041016 0.9906795167
29 41011 141 141 0 -1.502860616 6.177019861 -2.990888971 13.62988867 16.62077764 -21.79616981 18.98470854 40.78087835 0.4842334331 17.92365667 20.68887824 192.3740321 0.9942275293
30 48939 6961 6961 0 0.5282709422 4.182282473 -7.210988199 4.786777985 11.99776618 -37.23709921 13.21751375 50.45461295 -3.188994391 7.655406782 37.65135689 204.3543881 0.9973661203
31 62912 437 437 0 -0.8877767282 3.531506416 -3.709719355 6.578915049 10.2886344 -19.88782351 8.414679614 28.30250312 0.1357152197 8.41551154 18.30180049 194.0954132 0.9981033216
32 176287 17297 0 17297 nan nan nan nan nan nan nan nan nan nan nan nan nan
33 117692 11712 0 11712 nan nan nan nan nan nan nan nan nan nan nan nan nan
34 29608 437 437 0 4.080282026 14.15220846 -27.64240891 15.50333714 43.14574605 -30.92072988 16.85104832 47.7717782 -0.7426062453 37.22882225 40.50714322 199.1406373 0.969843105
35 52314 3803 3803 0 -1.065190312 4.916525895 -6.460017408 9.872339034 16.33235644 -7.985983012 13.17680725 21.16279026 0.6927924594 12.0848039 15.38927212 190.6620495 0.9963244526
36 31348 169 169 0 -0.575730927 3.634011088 -3.539573767 3.280694797 6.820268564 -3.602244505 20.45630501 24.05854951 2.837043522 3.93343037 21.10904058 192.8539497 0.9979981966
37 152154 664 0 664 nan nan nan nan nan nan nan nan nan nan nan nan nan
38 35110 1154 1154 0 -0.01786712508 2.858743763 -4.988559595 4.509211798 9.497771394 -10.68405772 9.387967591 20.07202531 -0.008442619284 6.799797876 11.02669268 207.2566826 0.998756457
39 80416 7244 7244 0 -0.1379593748 3.638979848 -4.562306129 5.656838346 10.21914447 -31.89584774 10.89906038 42.79490812 -1.276747226 6.784061692 33.93557129 202.7700412 0.9979927712
40 37318 579 579 0 -2.420853675 6.089592867 -3.402231894 15.3855103 18.78774219 -19.48323137 20.77358809 40.25681946 1.994895081 18.02081996 23.40889774 193.2057135 0.994383092
41 98857 128 128 0 1.460430854 7.687933347 -16.66302459 7.607506847 24.27053143 -18.4051206 7.705614608 26.11073521 -1.01899664 20.48997828 22.23207429 209.0237376 0.9910384152
42 27801 237 237 0 3.61433235 16.15989584 -27.54083864 19.97404525 47.51488389 -28.87884594 20.31676239 49.19560833 -0.3605930398 39.70709903 41.04510633 195.8157491 0.960673858
43 27239 206 206 0 -0.5237293041 9.649469843 -25.25904154 20.72526441 45.98430595 -28.21366001 21.35118535 49.56484535 -0.2269618443 25.14288337 28.09750184 195.3859852 0.9860129574
44 83559 808 808 0 2.740934153 10.90338468 -43.21256945 4.337298995 47.54986845 -45.09423294 4.522464759 49.6166977 -3.552638435 46.3336923 48.21535579 212.0944242 0.9826674002
45 23915 4561 4561 0 -0.1016255549 1.779867428 -2.815848007 3.037232118 5.853080125 -3.768105895 3.92398483 7.692090725 0.1360555203 4.525668696 5.477926584 190.3428506 0.9995175802
46 35907 884 884 0 0.01268997523 5.377010311 -4.044778371 8.576674077 12.62145245 -27.01852396 21.75656298 48.77508694 -0.1862129929 14.20959992 26.58652124 194.906964 0.9956370868
47 175331 13268 0 13268 nan nan nan nan nan nan nan nan nan nan nan nan nan
48 184619 886 0 886 nan nan nan nan nan nan nan nan nan nan nan nan nan
49 218982 889 0 889 nan nan nan nan nan nan nan nan nan nan nan nan nan
50 30178 627 627 0 0.4715404435 6.021934421 -2.206756303 1.908950162 4.115706465 -27.74512957 22.62396865 50.36909822 -1.461694316 19.64826654 28.72087261 194.6588379 0.9945609789
51 77950 245 245 0 5.850758227 11.11879608 -15.90005176 7.213317127 23.11336889 -41.17818851 7.690198312 48.86838682 -1.855320512 22.22340856 47.50154531 208.3306011 0.981537645
52 193896 1169 0 1169 nan nan nan nan nan nan nan nan nan nan nan nan nan
53 88569 2702 2702 0 -0.08435118027 6.167957036 -10.33929535 9.719830879 20.05912623 -13.14560269 12.01373489 25.15933758 -0.0646683535 11.30294884 14.10925618 192.9995127 0.9942172601
54 151271 1911 0 1911 nan nan nan nan nan nan nan nan nan nan nan nan nan
55 169016 13654 0 13654 nan nan nan nan nan nan nan nan nan nan nan nan nan
56 108770 1360 1360 0 1.954043794 8.128087635 -17.37828718 8.796610644 26.17489782 -17.66224477 10.65046292 28.31270769 -1.21531378 21.07309305 21.35705065 206.403197 0.9899946971
57 33842 439 439 0 0.571377194 4.004009541 -2.830716467 3.199337438 6.030053905 -26.26130458 3.360824724 29.6221293 -4.481369481 3.726858475 27.15744659 193.2191545 0.9975865745
58 6146 1552 1552 0 -0.5480184891 3.739630888 -2.307106431 4.470366139 6.77747257 -2.837858336 34.00615138 36.84400971 5.60042697 5.580459698 34.64090322 181.0991758 0.9979019941
59 11802 1408 1408 0 -1.166282108 5.290541776 -2.902779979 8.118677914 11.02145789 -3.245288645 30.02174375 33.26703239 4.186140853 9.374709079 31.27777491 181.4220505 0.9957993074

K=60, phase=forward, parameter=a [km]
cluster representative_source n_cluster n_valid n_missing median std p05 p95 width90 minimum maximum range skewness error95 error_max angle_origin_deg angle_resultant
0 151769 15806 15805 1 193271.2419 81251.8611 188060.6865 326462.5236 138401.8371 187998.576 1093940.343 905941.7669 5.671484236 138271.1395 905748.9587 nan nan
1 24196 3684 3684 0 205272.3815 6225.74711 198942.7353 217954.5472 19011.8118 198294.0356 219806.9907 21512.95512 0.4854040809 11296.484 13148.92755 nan nan
2 23568 824 6 818 741233.9103 6769286.859 336171.6691 14278691.11 13942519.44 205360.9493 18789119.65 18583758.71 2.444856066 nan nan nan nan
3 167952 1772 1772 0 228915.6657 385757.3262 208919.227 279536.1141 70616.88709 197033.5162 16453922.65 16256889.14 41.94280599 48453.52998 16222840.07 nan nan
4 50148 5559 5559 0 202020.2785 5758.161086 192513.9176 208139.6041 15625.68643 190787.5147 291771.3033 100983.7886 3.255142373 9711.22551 89594.91489 nan nan
5 69940 970 970 0 1509788.478 712425.0177 1011772.444 3101116.603 2089344.16 200010.5201 4366516.846 4166506.326 0.893554654 1691299.639 2472660.646 nan nan
6 20500 197 197 0 225089.2302 574419.482 190299.159 1439901.556 1249602.397 189498.2159 4513902.019 4324403.803 3.212356326 2493699.01 2494499.953 nan nan
7 27925 910 910 0 216196.7407 8738.503208 201710.5668 231627.9469 29917.38009 200634.2129 240666.1876 40031.97467 0.2156973195 15780.81825 24819.0589 nan nan
8 76903 285 285 0 207430.4198 26855.74279 206321.2897 290343.8214 84022.53165 201920.2899 291166.9449 89246.65501 2.359963219 83268.0379 84091.16144 nan nan
9 72665 17291 17291 0 193545.2004 94419.19773 188177.3556 370447.5306 182270.175 188028.9339 2140816.243 1952787.309 6.217677149 180930.4202 1951299.133 nan nan
10 10499 4802 4802 0 210406.6091 4729.336658 203533.8464 218175.4462 14641.59983 202485.611 219673.1003 17187.48937 0.1011274987 8021.632209 9044.863373 nan nan
11 217246 2108 2108 0 212772.7594 192664.4458 189380.5791 789156.2206 599775.6415 188339.8333 850120.4152 661780.5819 2.102176346 597005.789 657969.9836 nan nan
12 22279 605 605 0 343319.0538 96395.5091 192799.5425 429898.6432 237099.1007 189787.3275 627783.1014 437995.7739 0.4041118239 225683.3691 423567.8273 nan nan
13 152421 1768 1768 0 194676.2781 99604.91619 188306.0199 260969.9726 72663.95267 188195.978 3928762.039 3740566.061 30.1057493 70777.84533 3738569.911 nan nan
14 173287 1167 1167 0 240091.764 51089.7521 232703.3459 240831.2837 8127.93773 202732.8438 795888.1276 593155.2838 9.694805376 13970.22848 555290.9931 nan nan
15 43589 2137 2137 0 220570.7849 5420.385973 209374.4605 227515.8881 18141.42762 202188.8047 236820.0921 34631.28746 -0.6554581916 11192.21342 18204.11319 nan nan
16 41854 7408 7407 1 211220.4939 120336.8544 191180.3736 280105.1493 88924.77568 189237.1821 1894268.983 1705031.801 7.410416357 69913.45545 1684077.289 nan nan
17 68394 176 176 0 211022.5862 22998.80993 208009.9099 288322.8006 80312.89075 207717.5978 290667.2668 82949.66899 1.985811887 77458.8792 79803.34535 nan nan
18 125038 14776 14776 0 201601.1312 71502.04167 190053.0198 207772.9044 17719.88451 188458.069 5879060.796 5690602.727 59.68737674 11225.36829 5677853.259 nan nan
19 32794 253 253 0 206068.8876 5105.786818 200868.0781 216506.9059 15638.82782 200728.3962 219609.2073 18880.81113 0.5734705477 8944.384872 12046.68624 nan nan
20 102368 563 562 1 227015.7598 6420.271609 216537.5719 230830.3468 14292.77491 207634.6227 286467.5527 78832.93002 3.375562207 11495.34271 59346.26479 nan nan
21 20727 287 287 0 593973.0095 256069.7985 227802.4975 1134372.967 906570.4699 190244.1298 2416960.732 2226716.602 1.860930998 565294.7252 1847882.49 nan nan
22 65262 717 40 677 280725.2705 3108.377208 275452.6272 285066.1856 9613.558462 273988.6148 286486.0277 12497.41294 -0.196684369 nan nan nan nan
23 153188 3171 3171 0 196292.3985 244595.77 188338.3735 292620.0677 104281.6943 188190.521 9903671.596 9715481.075 35.01573166 101644.4119 9712695.94 nan nan
24 69514 1548 1548 0 201684.4377 5420.420613 193898.2841 206122.7783 12224.49421 191900.3895 288333.7519 96433.36243 6.15613617 7156.363067 87563.13099 nan nan
25 158311 430 430 0 196658.2019 3843748.662 188358.3474 3960406.88 3772048.533 188218.9593 76282242.54 76094023.58 17.85036675 3770995.048 76092830.7 nan nan
26 148588 6825 6824 1 196967.1251 170362.7759 188408.8648 276731.7181 88322.85326 188239.9341 5805939.396 5617699.462 20.75929368 85406.56552 5614614.243 nan nan
27 167957 1 1 0 206642.0602 0 206642.0602 206642.0602 0 206642.0602 206642.0602 0 nan 0 0 nan nan
28 13170 552 552 0 697495.5304 901930.851 207245.119 2393600.343 2186355.223 189465.639 8837569.013 8648103.374 3.53904252 1695275.808 8139244.478 nan nan
29 41011 141 141 0 209297.4023 17052.05769 207665.2212 239873.3489 32208.12769 206005.9538 290701.7456 84695.79177 3.167791885 31070.00011 81898.39677 nan nan
30 48939 6961 6954 7 200451.6626 51254.23952 189223.8825 223317.4394 34093.55691 188882.7471 1306594.606 1117711.859 14.3054885 22557.33028 1105834.497 nan nan
31 62912 437 437 0 209242.7056 15092.41932 208250.5955 240858.7556 32608.16008 203213.3496 291191.5237 87978.17409 3.973073061 31717.96186 82050.72993 nan nan
32 176287 17297 17297 0 202400.5263 386261.4313 189249.0512 252814.1181 63565.06684 188553.8771 33302499.96 33113946.08 69.08036295 49426.53281 33099112.38 nan nan
33 117692 11712 11711 1 211541.7372 57240.14719 192610.4619 236460.7657 43850.30382 188388.312 963557.609 775169.297 8.269386698 24445.41278 750723.2222 nan nan
34 29608 437 437 0 203516.9855 840391.821 188612.4206 1363577.282 1174964.861 188375.8048 9733554.719 9545178.914 6.330747271 1171215.799 9541193.237 nan nan
35 52314 3803 3803 0 205961.4292 5378.829911 199866.3673 216170.7357 16304.36832 199228.2887 219064.1047 19835.81595 0.3967439669 8833.790241 11727.15927 nan nan
36 31348 169 169 0 237198.5052 4019.654227 234120.2045 239905.5296 5785.325049 209014.8963 240454.1176 31439.22137 -5.317041184 4915.885647 30021.1939 nan nan
37 152154 664 664 0 197517.0169 502110.2882 188474.8448 357490.639 169015.7942 188323.4112 7249350.137 7061026.725 11.58707679 166833.4558 7058692.953 nan nan
38 35110 1154 1151 3 221066.8556 437677.7767 189528.3398 1291198.035 1101669.695 189245.1579 2802071.047 2612825.889 2.126888395 640785.4918 2151658.504 nan nan
39 80416 7244 7244 0 192356.3109 40876.34368 188634.7578 294603.5044 105968.7466 188402.7716 519281.0089 330878.2372 3.390025543 70848.96642 295526.4709 nan nan
40 37318 579 579 0 209569.9152 11142.64495 208238.0047 240877.4909 32639.48619 206206.1189 287714.2479 81508.129 4.648988279 31280.17085 78116.92785 nan nan
41 98857 128 128 0 210206.9724 14021.6246 207803.1788 240507.1487 32703.96981 207695.8669 290687.8457 82991.97878 3.426567191 30023.23893 80203.93598 nan nan
42 27801 237 237 0 223138.3952 6445.017469 210460.4537 230839.9208 20379.4671 204851.5384 237794.2941 32942.75571 -0.4264102663 13796.44609 19405.36141 nan nan
43 27239 206 206 0 227790.1491 18000.68449 208812.8971 241084.7329 32271.83574 207505.6899 291060.468 83554.77805 1.158860691 25023.41492 58443.02394 nan nan
44 83559 808 791 17 200537.2996 469757.2344 188681.8903 1150504.359 961822.4682 188375.5304 7296020.845 7107645.315 6.222430926 959216.0209 7104732.507 nan nan
45 23915 4561 4560 1 198427.886 1924.897351 195964.5166 202231.8482 6267.331536 195345.8198 203423.1868 8077.367004 0.3674859412 5383.745537 6575.084165 nan nan
46 35907 884 884 0 209970.6226 24058.41332 207244.0606 214647.9743 7403.913742 199350.4792 342290.1338 142939.6546 4.518937969 6980.031112 132530.9141 nan nan
47 175331 13268 13267 1 193407.4275 91317.40573 188149.8631 397151.7711 209001.9079 188026.0612 1047983.373 859957.3116 4.085874643 207912.4745 858744.0763 nan nan
48 184619 886 886 0 237511.4223 3770.563232 235445.4389 239344.2732 3898.834276 204432.3038 291527.457 87095.15315 2.984926751 3547.070401 52547.16248 nan nan
49 218982 889 889 0 230563.7964 2661939.16 226357.1723 266188.5936 39831.42135 202433.2601 36245110.86 36042677.6 7.449538107 45465.7502 36015193.86 nan nan
50 30178 627 627 0 209899.0997 14043.92504 209691.4558 225222.7544 15531.29863 208005.624 348486.9407 140481.3167 5.781935481 15401.44882 138665.6351 nan nan
51 77950 245 245 0 208566.0709 25052.98595 189632.5871 234060.6725 44428.08539 189478.0538 344661.8056 155183.7518 3.784221643 44428.49628 155029.6293 nan nan
52 193896 1169 1169 0 858990.444 335133.2743 198282.0757 1071949.77 873667.6946 191384.1578 2914327.331 2722943.173 -0.2650660221 685420.76 2030989.451 nan nan
53 88569 2702 2699 3 225204.6429 5470.279354 213479.8825 230244.7687 16764.88624 205932.0361 239737.3683 33805.33213 -0.7710446805 11722.62061 18680.25863 nan nan
54 151271 1911 1911 0 196041.542 571744.3388 188467.9631 336429.1398 147961.1767 188334.9515 6533945.639 6345610.688 8.272900608 145484.3886 6343000.888 nan nan
55 169016 13654 13654 0 193922.1172 151305.0081 188679.3926 233132.8732 44453.48064 188373.9356 8775147.526 8586773.591 51.15829699 40741.22533 8582755.878 nan nan
56 108770 1360 1360 0 213271.896 7227.197067 201696.8695 225117.5054 23420.63591 200515.9415 240626.526 40110.58449 0.2422957386 12307.05322 27816.07384 nan nan
57 33842 439 439 0 209754.8636 14261.22502 208841.8442 211439.7377 2597.89353 203867.0751 290444.1243 86577.0492 4.84593384 2709.534222 80735.13396 nan nan
58 6146 1552 1552 0 221303.3098 3490.297203 213943.8851 224607.147 10663.26197 200604.1069 225613.3631 25009.25629 -2.665430638 7847.15496 21186.93319 nan nan
59 11802 1408 1408 0 224293.563 5050.246425 209878.5392 227742.6204 17864.08123 200496.666 232676.4363 32179.77034 -2.592657824 14372.41193 23754.28518 nan nan

K=60, phase=forward, parameter=e [-]
cluster representative_source n_cluster n_valid n_missing median std p05 p95 width90 minimum maximum range skewness error95 error_max angle_origin_deg angle_resultant
0 151769 15806 15805 1 0.9295441544 0.2135000364 0.3100494775 0.999313176 0.6892636984 5.248673245e-05 0.9999999985 0.9999475117 -2.204845172 0.681661294 0.9916582848 nan nan
1 24196 3684 3684 0 0.4799760322 0.04685188439 0.3836955013 0.5269981645 0.1433026632 0.3690853459 0.5317778053 0.1626924594 -0.5053024074 0.08607482706 0.1006849824 nan nan
2 23568 824 6 818 0.3762516959 0.2592886691 0.3642385152 0.946692318 0.5824538028 0.3615873894 0.9768786834 0.615291294 1.044467278 nan nan nan nan
3 167952 1772 1772 0 0.3048023151 0.2270083428 0.1208115498 0.7055946259 0.5847830761 0.09023827666 0.973592302 0.8833540253 0.02510122483 0.4297122707 0.6977099468 nan nan
4 50148 5559 5559 0 0.8074879844 0.07645923115 0.7126704297 0.9336343178 0.2209638881 0.09275924696 0.9582645629 0.8655053159 -1.304148336 0.1287726778 0.7131740851 nan nan
5 69940 970 970 0 0.7182450607 0.08512951343 0.5913453348 0.859209566 0.2678642312 0.533054863 0.9001713031 0.3671164401 0.06036389419 0.1763625275 0.2346529993 nan nan
6 20500 197 197 0 0.6741085683 0.2227471076 0.2575117287 0.9864634702 0.7289517414 0.1688842369 0.9998594752 0.8309752383 -0.3802968209 0.5943657475 0.6829932394 nan nan
7 27925 910 910 0 0.3971090934 0.07147397363 0.2679471489 0.5066107479 0.238663599 0.1744547096 0.6669182476 0.4924635379 -0.2798006258 0.1327442612 0.2676485372 nan nan
8 76903 285 285 0 0.7073971588 0.1998706623 0.09524372944 0.7277489064 0.6325051769 0.09393560652 0.8485104772 0.7545748707 -2.344260699 0.6184076885 0.6197158114 nan nan
9 72665 17291 17291 0 0.9214235629 0.2293304133 0.2392488665 0.9990419806 0.7597931141 3.774545329e-05 1 0.9999622545 -2.044938243 0.7305191862 0.9697303073 nan nan
10 10499 4802 4802 0 0.4416889449 0.03581410684 0.3821218446 0.4929916152 0.1108697706 0.370236774 0.5009238803 0.1306871063 -0.1221784585 0.06051969771 0.06773101942 nan nan
11 217246 2108 2108 0 0.7267293738 0.2176361208 0.3624448827 0.9952354546 0.6327905719 0.006136354059 0.9999999862 0.9938636321 -0.6715877603 0.5962899794 0.9525985081 nan nan
12 22279 605 605 0 0.2092030393 0.4135859169 0.01119045371 0.9540250529 0.9428345992 0.0006053674971 0.993017748 0.9924123805 0.1077808325 0.8155767752 0.8261618614 nan nan
13 152421 1768 1768 0 0.9037500836 0.1710496488 0.4683412368 0.9985958582 0.5302546213 0.001314468504 0.9999999847 0.9986855162 -2.799938233 0.4924936912 0.9595204596 nan nan
14 173287 1167 1167 0 0.1821236821 0.04553665834 0.1735705843 0.2630482667 0.08947768242 0.09370133159 0.7784781386 0.684776807 2.476987518 0.08726074105 0.6026906129 nan nan
15 43589 2137 2137 0 0.3628532957 0.04495622026 0.305802744 0.4492192729 0.1434165289 0.2172100114 0.6996158153 0.4824058039 1.185105971 0.08594421572 0.3353383337 nan nan
16 41854 7408 7407 1 0.7000222812 0.1412735169 0.4913452088 0.9771023097 0.485757101 0.06411024398 0.9999999416 0.9358896977 -0.977838273 0.2769320644 0.658232736 nan nan
17 68394 176 176 0 0.6415946621 0.2143717118 0.09893235822 0.6956343294 0.5967019712 0.09462640143 0.7006735322 0.6060471308 -1.000663279 0.5453061675 0.5496121243 nan nan
18 125038 14776 14776 0 0.8110702156 0.07863837795 0.7265816253 0.9697529489 0.2431713236 0.2833096679 0.9988950289 0.715585361 0.2584557209 0.1520575631 0.5353937964 nan nan
19 32794 253 253 0 0.474085434 0.03846284992 0.3947379554 0.5126853673 0.1179474119 0.3703791603 0.5137284353 0.143349275 -0.5973245652 0.06816756463 0.0925263598 nan nan
20 102368 563 562 1 0.3097129235 0.05102222021 0.276556528 0.393908931 0.117352403 0.1041491098 0.7019062379 0.5977571281 2.520089018 0.09216255787 0.3930636785 nan nan
21 20727 287 287 0 0.3720578426 0.1861923506 0.1555213696 0.7253746256 0.569853256 0.1276256645 0.9951765647 0.8675509002 0.8119726262 0.4092439887 0.6790459278 nan nan
22 65262 717 40 677 0.1173607598 0.008704209553 0.1070106619 0.133586487 0.02657582517 0.1037537261 0.1392947052 0.03554097919 0.4218594701 nan nan nan nan
23 153188 3171 3171 0 0.8834461929 0.2022909076 0.3051684566 0.9980957246 0.6929272679 0.004732944403 0.9999999967 0.9952670523 -2.367659422 0.6435745767 0.944010089 nan nan
24 69514 1548 1548 0 0.8033438321 0.07159542701 0.7330708171 0.9132484015 0.1801775844 0.09959542631 0.9416817914 0.8420863651 -2.964544926 0.1009405517 0.7174935391 nan nan
25 158311 430 430 0 0.8898622724 0.1582518724 0.4885491447 0.998930913 0.5103817683 0.08334443805 0.999999701 0.916655263 -2.263156928 0.4876508249 0.8928555315 nan nan
26 148588 6825 6824 1 0.8731561026 0.1700643638 0.4593997274 0.9980062558 0.5386065285 0.0005999373988 0.9999999761 0.9994000387 -2.547878962 0.4858502105 0.9446500005 nan nan
27 167957 1 1 0 0.723570015 0 0.723570015 0.723570015 0 0.723570015 0.723570015 0 nan 0 0 nan nan
28 13170 552 552 0 0.5992419052 0.2344985114 0.1399605197 0.8881467213 0.7481862016 0.06553888218 0.9996046857 0.9340658035 -0.3316448124 0.4479797188 0.5594376831 nan nan
29 41011 141 141 0 0.672811434 0.1764882099 0.1865978934 0.7015280165 0.5149301231 0.09456188752 0.7312966128 0.6367347252 -1.887175242 0.4940737749 0.5861097807 nan nan
30 48939 6961 6954 7 0.8558296735 0.1523641183 0.6209822335 0.9978265426 0.3768443091 0.09315892252 0.999999994 0.9068410715 -1.713119148 0.2250890004 0.7529123113 nan nan
31 62912 437 437 0 0.6706115252 0.1553409332 0.1734629563 0.6901644853 0.516701529 0.09405040396 0.7002297787 0.6061793747 -2.423019185 0.498722803 0.5781353554 nan nan
32 176287 17297 17297 0 0.8400318461 0.1734765055 0.5116617883 0.9977397778 0.4860779895 0.002972835345 0.9999999976 0.9970271622 -1.554127298 0.3044478598 0.8131368127 nan nan
33 117692 11712 11711 1 0.6899519321 0.1379207823 0.581622674 0.9386868732 0.3570641992 0.0007192626071 0.9999999262 0.9992806636 -1.76599766 0.3041230109 0.6897408245 nan nan
34 29608 437 437 0 0.8009665484 0.2209137793 0.3766906958 0.9967492613 0.6200585655 0.0358819124 0.9999986823 0.9641167699 -0.9615767865 0.5560003266 0.89680911 nan nan
35 52314 3803 3803 0 0.4749030884 0.04041234169 0.3974872172 0.5201635934 0.1226763762 0.3748878797 0.5248600093 0.1499721296 -0.415991871 0.06715563165 0.08975496915 nan nan
36 31348 169 169 0 0.2132029567 0.06326967217 0.1832087516 0.244399544 0.06119079245 0.1768769103 0.6907080506 0.5138311404 6.416801447 0.0512691568 0.4975776634 nan nan
37 152154 664 664 0 0.8709386643 0.1965352886 0.3166990424 0.9982446155 0.6815455731 0.0001671890931 0.9999994959 0.9998323068 -2.325898015 0.6399030174 0.9564348707 nan nan
38 35110 1154 1151 3 0.7447973403 0.2154090758 0.3259609704 0.9974244454 0.671463475 0.08097545257 0.999999759 0.9190243064 -0.4869534498 0.6044651956 0.6070405092 nan nan
39 80416 7244 7244 0 0.9535509849 0.2230696246 0.2762005466 0.999480459 0.7232799124 1.887149263e-05 0.9999999998 0.9999811283 -2.182408969 0.4274532789 0.703634954 nan nan
40 37318 579 579 0 0.6595880496 0.1291968864 0.1733099101 0.6923499396 0.5190400296 0.1000527524 0.7285025794 0.628449827 -3.264218237 0.4849910488 0.5582482064 nan nan
41 98857 128 128 0 0.6571188595 0.1652038454 0.1776511062 0.698773055 0.5211219489 0.09457712793 0.7007308153 0.6061536874 -2.054337347 0.4758542914 0.5589282697 nan nan
42 27801 237 237 0 0.3419902732 0.0524323939 0.2764123712 0.4406548977 0.1642425265 0.206857312 0.4829304419 0.2760731299 0.2692324895 0.1112451163 0.1501166187 nan nan
43 27239 206 206 0 0.3046223296 0.2235714355 0.1701023908 0.6807030403 0.5106006495 0.09428293306 0.7041374342 0.6098545011 -0.01388268329 0.4187827856 0.4422171795 nan nan
44 83559 808 791 17 0.8383669277 0.2464831165 0.1339768562 0.9968675875 0.8628907314 0.007668268694 0.9999999988 0.9923317301 -1.303914286 0.8146840789 0.9409926664 nan nan
45 23915 4561 4560 1 0.5308435878 0.01422789472 0.5026797588 0.5490152655 0.04633550673 0.4935720996 0.5535822468 0.06001014718 -0.3705670464 0.03978052604 0.0488881852 nan nan
46 35907 884 884 0 0.6709540656 0.1269171709 0.6271436884 0.7109107078 0.08376701937 0.06891838147 0.8399006845 0.7709823031 -3.929765817 0.1513871137 0.6045813775 nan nan
47 175331 13268 13267 1 0.9413834644 0.2585488873 0.1894091833 0.9994671003 0.810057917 0.0002919113415 0.9999999998 0.9997080885 -1.575188462 0.8049781325 0.9940954045 nan nan
48 184619 886 886 0 0.2099666371 0.04298562168 0.189820286 0.2313969953 0.04157670932 0.09314805211 0.754074265 0.6609262129 10.9925966 0.03755626557 0.5601212322 nan nan
49 218982 889 889 0 0.2796256398 0.1533867213 0.2517498111 0.7440251965 0.4922753854 0.09248305988 0.9880261434 0.8955430835 3.240064344 0.4605145055 0.7045154523 nan nan
50 30178 627 627 0 0.6436773078 0.1125379872 0.3240272112 0.6596907243 0.3356635131 0.05186042414 0.6950946243 0.6432342001 -3.770158282 0.3230498986 0.5952166857 nan nan
51 77950 245 245 0 0.776960064 0.2323362111 0.2526890887 0.9975844861 0.7448953973 0.06443574578 0.9999965192 0.9355607734 -1.132886689 0.742905636 0.9311589789 nan nan
52 193896 1169 1169 0 0.5175048306 0.1444362205 0.4137991774 0.8518684807 0.4380693033 0.3747990824 0.9469473205 0.5721482381 0.954024885 0.3664715075 0.4615503472 nan nan
53 88569 2702 2699 3 0.3250232148 0.05003827872 0.2818392988 0.4179487506 0.1361094519 0.1851740756 0.7003952306 0.5152211551 1.989543865 0.09429441345 0.3704384972 nan nan
54 151271 1911 1911 0 0.8933702367 0.1847223359 0.4101035507 0.9985591089 0.5884555583 0.005575633586 0.9999999262 0.9944242926 -2.443094747 0.5426134581 0.9471413752 nan nan
55 169016 13654 13654 0 0.9344649061 0.1507248223 0.6059151299 0.9994926626 0.3935775327 0.04507662955 0.9999999981 0.9549233686 -2.777999133 0.3370756338 0.8979141341 nan nan
56 108770 1360 1360 0 0.419416025 0.05823071594 0.3257179357 0.5068557676 0.1811378319 0.1749300872 0.7035569077 0.5286268205 -0.05079431566 0.0997919875 0.2803276844 nan nan
57 33842 439 439 0 0.6589250577 0.1132058297 0.4898866973 0.6780650433 0.188178346 0.09500276807 0.6835705305 0.5885677625 -4.243139558 0.1697311629 0.5646150921 nan nan
58 6146 1552 1552 0 0.3573195107 0.02711134834 0.3304753658 0.4143968243 0.08392145855 0.3221692955 0.5146534877 0.1924841921 2.534271239 0.06099482016 0.1612514835 nan nan
59 11802 1408 1408 0 0.332889925 0.04057288545 0.3039582793 0.4450589441 0.1411006647 0.2582004602 0.6854597438 0.4272592836 2.679633113 0.1118283275 0.3522291272 nan nan

K=60, phase=forward, parameter=w [deg]
cluster representative_source n_cluster n_valid n_missing median std p05 p95 width90 minimum maximum range skewness error95 error_max angle_origin_deg angle_resultant
0 151769 15806 15805 1 21.97503304 88.53433297 -154.7551904 35.09111623 189.8463066 -160.9428479 80.82533351 241.7681814 -0.09209026026 178.9458949 179.9975746 238.1224041 0.05411083459
1 24196 3684 3684 0 -3.214473855 11.92648367 -11.86401282 31.68711172 43.55112454 -12.66798002 47.80070214 60.46868215 1.838448531 36.4156205 52.52921091 304.9472722 0.9788701415
2 23568 824 6 818 -8.007026137 69.07716766 -136.6529664 31.14524053 167.7982069 -176.6621941 42.54543856 219.2076327 -1.990857805 nan nan 228.621444 0.6125609618
3 167952 1772 1772 0 7.016502743 53.46507566 -81.9991954 70.73426923 152.7334646 -88.40356359 107.6839493 196.0875129 -0.1884430523 154.8060929 161.2104611 28.37799086 0.6145690992
4 50148 5559 5559 0 -4.984861189 15.47495 -12.69727392 36.79790329 49.49517721 -58.02325134 106.4894562 164.5127075 1.764728986 44.63946628 114.2378218 301.0292543 0.9648516503
5 69940 970 970 0 -3.211198144 31.12803551 -13.09995279 28.90916088 42.00911367 -146.4159706 41.11567993 187.5316505 -3.228994684 34.0520651 152.3221065 53.35248626 0.8995429725
6 20500 197 197 0 3.86584183 45.73453056 -123.5389715 68.36471651 191.903688 -154.046054 106.7641896 260.8102436 -0.9295269808 141.8893411 172.3964236 69.96228202 0.7582843834
7 27925 910 910 0 -7.440441564 18.75746208 -18.15541364 35.73328307 53.88869671 -43.49193912 96.42856144 139.9205006 1.148394357 51.64989145 112.3451698 335.5415871 0.9483410694
8 76903 285 285 0 2.934149165 17.25127945 -45.72516784 17.25886122 62.98402905 -61.02449081 20.75387162 81.77836243 -1.978040058 52.54150751 67.84083048 310.5579187 0.9569179417
9 72665 17291 17291 0 -22.37576663 66.81477744 -57.49850806 108.5197058 166.0182139 -143.8900344 115.98402 259.8740544 0.3289296295 145.4226331 152.8869473 329.7934119 0.4355046014
10 10499 4802 4802 0 -1.118153589 5.442287826 -6.101987586 13.17136801 19.2733556 -7.121436001 24.58137958 31.70281558 1.692432272 15.66112817 27.07113974 299.5332766 0.9955108889
11 217246 2108 2108 0 -24.27745906 56.38113287 -88.87908175 103.8822226 192.7613044 -94.17538255 135.503767 229.6791496 0.403665818 139.1492883 170.7708327 350.8203439 0.5889099367
12 22279 605 605 0 4.710878846 66.47706633 -17.07861366 165.545059 182.6236726 -122.6609918 172.2461016 294.9070934 1.503314352 160.6182849 167.3193276 289.2132748 0.6159978979
13 152421 1768 1768 0 -5.033642709 77.68545973 -170.8766542 39.10714158 209.9837958 -177.6158934 113.0176914 290.6335848 -0.9074514794 165.1952612 171.9345004 262.5265627 0.4360771586
14 173287 1167 1167 0 -0.3447062391 16.80445784 -27.54467764 28.69296231 56.23763996 -28.94287539 48.01237089 76.95524628 0.2397162156 34.9790442 54.29845278 31.75704805 0.9577568587
15 43589 2137 2137 0 -4.28128144 10.92516564 -9.216546257 24.6158261 33.83237236 -10.06657515 61.26841528 71.33499043 1.848067664 29.8891405 66.54172968 303.2700993 0.9821646511
16 41854 7408 7407 1 -9.456417427 48.65717351 -11.83606291 120.5887254 132.4247883 -148.9705395 153.7581533 302.7286928 1.842477372 132.5725434 165.6825396 297.7881914 0.7418817206
17 68394 176 176 0 -10.92520433 52.03591674 -31.99546566 107.2288656 139.2243313 -85.85278339 130.6410331 216.4938165 1.034795574 124.396064 147.8082315 336.7672758 0.6675356425
18 125038 14776 14776 0 -3.625099589 12.00933317 -8.713093561 22.72213419 31.43522775 -171.5099012 177.0094963 348.5193975 3.664528411 27.80553562 177.9435976 266.5828786 0.9808008304
19 32794 253 253 0 -1.07722676 14.60457155 -20.87939714 24.50706365 45.3864608 -24.11280793 39.32225145 63.43505938 0.4512306301 32.4890016 47.30418939 25.08585091 0.9679663358
20 102368 563 562 1 -2.753541649 16.61666413 -16.91853168 27.80409972 44.7226314 -127.5399277 49.96810095 177.5080286 -1.533309106 34.93572219 121.5288291 348.9370571 0.9621811265
21 20727 287 287 0 1.340071968 31.0253129 -3.389011264 2.053122836 5.4421341 -178.0316739 148.8811594 326.9128334 -3.678364316 35.83687123 179.3269994 92.59853501 0.9180922387
22 65262 717 40 677 0.3375060468 7.323300117 -10.66272328 12.15037012 22.8130934 -13.19493487 17.20163043 30.3965653 0.1648323564 nan nan 222.1127411 0.9918574021
23 153188 3171 3171 0 -2.578292902 32.40637887 -27.06910084 46.79817837 73.86727921 -179.7880934 179.9749726 359.763066 0.920720305 53.29890213 178.7959108 356.4547202 0.8890996406
24 69514 1548 1548 0 -0.5338237027 7.905484973 -9.369189051 10.76839394 20.137583 -68.05368593 90.41743185 158.4711178 2.056113196 14.80856572 94.38640542 314.8716253 0.9909890889
25 158311 430 430 0 -4.343427463 86.5097307 -171.5024371 60.94090152 232.4433386 -177.0592637 175.2785214 352.3377852 -0.4059792077 166.7430383 179.7373308 261.9000271 0.293698589
26 148588 6825 6824 1 -8.555535016 79.68737997 -174.4565256 48.07483385 222.5313595 -179.9714369 179.9948041 359.9662409 -0.7093585772 165.6585779 179.5593365 266.782923 0.4736113481
27 167957 1 1 0 0 0 0 0 0 0 0 0 nan 0 0 345.1171943 1
28 13170 552 552 0 5.006951809 40.92206596 -58.1101597 12.11533666 70.22549636 -178.9445445 179.7595834 358.7041279 -1.388465873 139.0653117 175.893782 89.91836723 0.8460846372
29 41011 141 141 0 -8.996429776 44.38603903 -19.64084004 119.5128319 139.1536719 -75.23713163 134.9697378 210.2068694 1.649693885 132.065766 147.5226719 311.8157406 0.7718583639
30 48939 6961 6954 7 -6.421240993 43.99274687 -9.481693648 125.8494957 135.3311894 -86.76672946 153.426855 240.1935845 2.204412202 134.2026385 161.7799978 296.0280396 0.7934791248
31 62912 437 437 0 -4.796896241 22.81813475 -15.33431436 62.88517263 78.21948699 -72.94015581 102.1542619 175.0944177 2.243617294 70.64422718 109.9133165 322.2707804 0.9299382865
32 176287 17297 17297 0 -14.74379935 67.76742835 -33.33546107 135.1071372 168.4425983 -160.2842853 177.9220994 338.2063848 0.8599770846 164.7914744 179.9933548 307.6903608 0.4776240983
33 117692 11712 11711 1 -4.419894846 38.1362467 -25.38756983 131.0689668 156.4565366 -29.7111855 175.9161465 205.627332 2.762724257 141.8475197 174.5403336 284.0931699 0.8532617944
34 29608 437 437 0 24.0340381 64.75127676 -120.1954019 59.56264126 179.7580431 -156.9319694 178.7045204 335.6364899 -0.3654272595 152.7380753 177.1693073 350.9071725 0.5074702265
35 52314 3803 3803 0 -0.4436816826 11.80207548 -17.61912652 20.37139081 37.99051733 -21.07553453 31.27975656 52.35529109 0.2335822658 25.71668747 36.62505322 315.1885459 0.978947311
36 31348 169 169 0 -1.041953369 13.62741986 -13.24872279 17.25675554 30.50547833 -61.14989824 44.66815983 105.8180581 -0.6967975904 25.65656553 63.51229108 352.9100576 0.9729252176
37 152154 664 664 0 -6.8674624 81.39037565 -174.4480771 45.38776943 219.8358465 -179.6186807 179.9119284 359.5306091 -0.6847034498 167.1875519 172.8287993 264.7936433 0.4190888265
38 35110 1154 1151 3 17.23359198 71.46319438 -120.1357341 57.95864001 178.0943741 -179.6644615 177.5423931 357.2068546 -0.457465559 159.0966144 179.7442873 34.04929006 0.3842122602
39 80416 7244 7244 0 12.56522607 53.97619536 -64.37708186 63.33190557 127.7089874 -173.62274 68.436632 242.059372 -0.217147257 117.5408163 175.927526 354.6885743 0.6070571008
40 37318 579 579 0 -8.949392046 25.20719521 -15.47258587 70.90798614 86.38057201 -62.74732031 95.59709287 158.3444132 1.924364245 82.0690703 106.758177 310.7383256 0.9123804766
41 98857 128 128 0 -0.2979658767 46.33107458 -64.3340522 114.7772912 179.1113435 -64.82637276 144.5739053 209.4002781 1.020044174 116.2956913 146.0923054 356.6063903 0.7432590894
42 27801 237 237 0 -3.147032887 18.39047591 -22.7968423 38.21456161 61.01140391 -26.12953808 55.20552286 81.33506093 0.8764084603 53.79001528 70.78097653 25.60407441 0.9499090587
43 27239 206 206 0 14.27627579 59.95130796 -70.14806196 75.94679549 146.0948575 -152.419087 163.3799941 315.799081 -0.0694079623 141.5642803 151.4184401 2.365696817 0.5359635371
44 83559 808 791 17 11.46685037 55.48440125 -122.5730904 28.96625542 151.5393458 -179.8252071 178.6866663 358.5118734 -1.110135659 140.1674478 179.165063 342.4169752 0.6563631188
45 23915 4561 4560 1 -0.4364287133 4.31950451 -6.200957984 8.047692373 14.24865036 -7.39311265 15.0014272 22.39453985 0.5774472177 8.429063825 15.38279865 307.1240139 0.9971622411
46 35907 884 884 0 -2.174928358 16.4237678 -5.657544845 37.56852869 43.22607353 -141.4546663 84.59694907 226.0516153 0.08286833129 50.26118186 137.2992859 295.3317842 0.9632644111
47 175331 13268 13267 1 -13.08514951 86.79155295 -26.51100761 149.5246495 176.0356571 -166.2199909 153.5945043 319.8144952 0.1888055005 161.4888552 165.55871 112.9227674 0.2399761655
48 184619 886 886 0 -3.560493931 11.94301155 -12.33656043 24.2445218 36.58108224 -32.8318507 49.58256793 82.41441863 1.380772276 28.60084613 53.93889226 16.15918318 0.9786572543
49 218982 889 889 0 -2.360235342 22.54161051 -13.06572763 19.03394754 32.09967517 -32.53473979 145.4301723 177.9649121 4.12229163 25.83972571 136.516853 17.22363191 0.9421267698
50 30178 627 627 0 -2.538604597 23.76152295 -7.197829823 61.13789847 68.3357283 -86.45071706 137.8309845 224.2817016 2.300920375 72.90397709 141.6570943 299.4359819 0.930438197
51 77950 245 245 0 -29.1374235 78.70733888 -73.93765138 160.7897447 234.727396 -174.1221297 175.2534358 349.3755655 0.230293123 137.1017945 173.5222201 345.9972684 0.3256855624
52 193896 1169 1169 0 12.58927808 54.00123517 -127.3069644 20.05909825 147.3660626 -131.9185305 47.40215461 179.3206851 -1.412419576 140.9896292 145.6011953 28.79990954 0.6661402525
53 88569 2702 2699 3 -2.644367864 13.47427287 -14.97070411 28.34251721 43.31322132 -16.82835531 70.1232933 86.95164861 1.468289363 33.74445019 75.52522629 316.0622529 0.9730539378
54 151271 1911 1911 0 -2.704581623 80.53030729 -170.9363879 39.89366511 210.830053 -176.4048057 143.4366917 319.8414974 -0.696394108 167.4516386 172.9200564 260.1826399 0.4077979326
55 169016 13654 13654 0 -1.39908234 103.8892794 -178.1027238 177.9798895 356.0826132 -179.9991265 179.9904793 359.9896058 0.04531706576 179.0275992 179.9996462 266.2480287 0.2335531006
56 108770 1360 1360 0 -3.222449703 13.02173571 -16.11625117 24.95308082 41.06933199 -41.73399886 40.97406807 82.70806693 0.6789870275 26.72649111 42.39950959 339.2755992 0.9744696627
57 33842 439 439 0 -2.802443162 19.88072405 -5.052822752 9.982444231 15.03526698 -85.84493588 123.9574337 209.8023696 3.116924177 45.77296119 128.3768185 297.7813101 0.9512174546
58 6146 1552 1552 0 -1.209273433 7.13601994 -5.355585169 9.641714271 14.99729944 -5.538209904 67.33597593 72.87418583 5.197082387 12.25685744 69.95111909 297.6996591 0.9926550471
59 11802 1408 1408 0 -3.348684717 11.07951276 -5.127805638 23.60082435 28.72862998 -5.245261764 57.69272862 62.93799038 3.677015511 27.81242047 61.90432474 297.4021804 0.9822395551

K=70, STD=0.009679401069
n = trajectories per cluster; conditions overlap.
n = 1: clusters=1/70 (1.43%); trajectories=1/194124 (0.00%)
n < 10: clusters=1/70 (1.43%); trajectories=1/194124 (0.00%)
n < 100: clusters=3/70 (4.29%); trajectories=118/194124 (0.06%)

K=70, phase=backward, parameter=a [km]
cluster representative_source n_cluster n_valid n_missing median std p05 p95 width90 minimum maximum range skewness error95 error_max angle_origin_deg angle_resultant
0 151769 15807 0 15807 nan nan nan nan nan nan nan nan nan nan nan nan nan
1 23310 3589 3589 0 208806.3263 2954.810277 204601.5457 213746.9934 9145.447759 202729.6866 216161.9384 13432.25182 0.1412898635 5016.864284 6842.466463 nan nan
2 23125 700 700 0 239432.6382 1420.338103 236573.4741 240791.305 4217.830936 235256.6492 240887.1301 5630.48097 -0.5712232686 2792.415062 4109.239984 nan nan
3 174958 1299 0 1299 nan nan nan nan nan nan nan nan nan nan nan nan nan
4 46306 533 533 0 206264.4067 4281.649262 201654.1863 213785.503 12131.31668 193116.9663 216853.6735 23736.70722 0.1536506078 8034.714956 12816.58949 nan nan
5 73796 896 0 896 nan nan nan nan nan nan nan nan nan nan nan nan nan
6 25121 42 42 0 239549.0802 1775.779024 235741.7468 240990.5345 5248.787677 234569.7243 241117.2713 6547.547081 -0.9505071709 3603.704716 4775.727226 nan nan
7 27925 873 873 0 223661.6688 4958.030709 214045.1799 230192.1587 16146.97881 212265.6693 231203.2728 18937.6035 -0.374727569 8723.708847 9644.4562 nan nan
8 41926 252 252 0 209145.1169 6696.356263 201820.6602 217629.2016 15808.5414 193076.8534 234494.9336 41418.08023 0.8681476686 12077.07178 24735.69991 nan nan
9 72665 17262 0 17262 nan nan nan nan nan nan nan nan nan nan nan nan nan
10 10200 4755 4755 0 221762.3426 3974.300838 215066.2184 227614.2131 12547.99464 213474.1816 231002.7232 17528.54161 -0.0801424348 7330.257852 8812.633581 nan nan
11 220944 1574 0 1574 nan nan nan nan nan nan nan nan nan nan nan nan nan
12 21398 374 374 0 235863.2195 2919.682901 234152.6631 236666.0594 2513.396221 193730.153 236920.2257 43190.0727 -9.596562775 1671.636544 42094.14669 nan nan
13 152421 1767 0 1767 nan nan nan nan nan nan nan nan nan nan nan nan nan
14 173287 1256 0 1256 nan nan nan nan nan nan nan nan nan nan nan nan nan
15 52788 2606 2606 0 200034.5792 1775.053862 198082.97 203760.8864 5677.916369 197665.3682 204535.186 6869.817799 0.5257288064 4983.492716 5757.792315 nan nan
16 86796 848 848 0 221633.7633 5594.300687 214377.2811 232124.4208 17747.13964 212483.2927 234021.1392 21537.84659 0.2803642441 10905.49923 12802.21769 nan nan
17 66531 156 156 0 201808.6795 1827.052605 200806.932 204076.4198 3269.487854 193076.1974 204482.9701 11406.77272 -2.587760837 3185.410732 8064.26822 nan nan
18 125038 14592 0 14592 nan nan nan nan nan nan nan nan nan nan nan nan nan
19 32794 252 252 0 238213.7424 2487.586724 233618.0443 240994.2231 7376.178758 232642.0481 241041.6789 8399.630838 -0.3356304755 4452.430847 5428.427097 nan nan
20 110195 959 959 0 209009.252 5750.307552 204469.1131 219803.3264 15334.21328 202608.4876 232689.6593 30081.17172 1.735303289 9338.018296 22224.35128 nan nan
21 23602 347 347 0 235287.8324 758.0659894 234178.9026 235858.8318 1679.929135 231143.9701 236082.5353 4938.565149 -2.632905427 1108.929713 4143.862251 nan nan
22 68608 525 525 0 228758.5345 3852.16807 222238.7712 235101.9239 12863.15264 213751.6007 236480.8432 22729.24254 -0.4463596686 8788.058295 12820.53355 nan nan
23 151422 3209 0 3209 nan nan nan nan nan nan nan nan nan nan nan nan nan
24 69514 1584 1584 0 203479.9733 1018.12907 202128.6253 204418.6359 2290.010614 193052.5207 204909.2614 11856.74066 -4.301472452 1214.081052 10212.75148 nan nan
25 159163 382 0 382 nan nan nan nan nan nan nan nan nan nan nan nan nan
26 148599 641 0 641 nan nan nan nan nan nan nan nan nan nan nan nan nan
27 167957 1 0 1 nan nan nan nan nan nan nan nan nan nan nan nan nan
28 10887 502 502 0 238998.8757 917.2836759 237062.7426 239585.7416 2522.998981 234262.0458 240887.4587 6625.41292 -1.067759449 1915.851156 4716.547932 nan nan
29 35940 163 163 0 208778.8647 4094.223487 203765.2059 216278.7599 12513.55403 202799.9283 219050.7657 16250.8374 0.3633549341 7544.177935 8181.259772 nan nan
30 49623 7404 7404 0 225342.5622 4863.215297 217637.5296 233149.7386 15512.20898 214801.3337 237064.8143 22263.4807 0.01811704055 10195.58553 14110.66128 nan nan
31 90992 2366 2366 0 198386.5579 2512.934281 195726.1407 203318.1088 7591.968046 195334.9647 204523.6458 9188.681076 0.4121980946 5659.538245 6865.075244 nan nan
32 176287 17235 0 17235 nan nan nan nan nan nan nan nan nan nan nan nan nan
33 117692 11580 0 11580 nan nan nan nan nan nan nan nan nan nan nan nan nan
34 27803 352 352 0 239042.5223 2034.879199 234768.7336 240919.8159 6151.082227 233267.2979 241125.0718 7857.773918 -0.6273577333 4083.006778 5584.442537 nan nan
35 69158 1454 1454 0 200977.3702 1420.937316 199528.0904 203982.117 4454.026596 199231.0362 204516.273 5285.236857 0.5441075665 4451.803549 4985.959534 nan nan
36 31348 169 169 0 216694.3526 8463.448144 202897.7667 230803.2005 27905.43384 201334.3447 231255.9631 29921.6184 -0.007219152139 14353.50941 15360.00786 nan nan
37 177577 888 0 888 nan nan nan nan nan nan nan nan nan nan nan nan nan
38 31224 352 352 0 235520.5407 888.4417059 234375.5912 237337.5317 2961.940494 233675.3636 237938.2375 4262.873926 0.4240313108 1710.262878 2258.676861 nan nan
39 58460 11809 11809 0 210204.6199 3376.147914 205191.0843 215886.0112 10694.92689 204480.2729 218314.5844 13834.31151 0.1210675334 5748.530543 7746.715794 nan nan
40 37086 540 540 0 209869.4691 3523.450645 204807.7994 215469.6328 10661.83338 203510.8456 218690.0129 15179.16733 0.1390763331 5912.640441 8015.009205 nan nan
41 103927 121 121 0 212221.6766 9129.108454 205193.9456 232008.822 26814.87637 203779.365 232521.4586 28742.09362 0.7947515931 19013.25234 19525.88893 nan nan
42 29606 242 242 0 239217.3984 2421.686095 233924.6882 241041.8879 7117.199724 229716.9348 241085.7226 11368.78779 -0.8747575109 4817.899098 9025.652427 nan nan
43 26563 174 174 0 226098.7192 4721.674447 218125.687 232817.1622 14691.4752 215830.8098 236243.055 20412.24516 -0.02269448406 8766.472501 10843.15151 nan nan
44 47728 402 402 0 233766.09 1819.580718 230752.9454 236345.696 5592.750564 230214.4839 237057.1295 6842.645598 -0.0958917495 3000.751159 3566.692575 nan nan
45 23915 4569 4569 0 222600.233 5407.862724 212469.8505 229550.5283 17080.67777 210182.3971 230946.3375 20763.94041 -0.3125533874 9176.491445 11402.40948 nan nan
46 33367 597 597 0 223613.4167 5540.818293 215355.3756 232462.3609 17106.98538 213489.1343 235537.6775 22048.5432 0.1342682629 10826.0973 13901.41391 nan nan
47 175331 13260 0 13260 nan nan nan nan nan nan nan nan nan nan nan nan nan
48 152164 553 0 553 nan nan nan nan nan nan nan nan nan nan nan nan nan
49 218982 881 0 881 nan nan nan nan nan nan nan nan nan nan nan nan nan
50 99635 429 429 0 218646.7984 8498.88212 204704.9352 231836.009 27131.07388 202648.2251 233436.8318 30788.60673 -0.01348081238 14484.62316 15737.27914 nan nan
51 75967 242 242 0 225230.9563 4183.541123 221535.2534 235122.0754 13586.82192 217499.8331 237615.0085 20115.17538 0.7285013958 10898.933 13391.86612 nan nan
52 204256 1634 0 1634 nan nan nan nan nan nan nan nan nan nan nan nan nan
53 47027 2323 2323 0 198915.61 2114.3932 196777.0061 203269.3692 6492.363044 196388.8654 204380.0599 7991.194581 0.5232356815 5573.499301 6684.190053 nan nan
54 147412 794 0 794 nan nan nan nan nan nan nan nan nan nan nan nan nan
55 169016 13451 0 13451 nan nan nan nan nan nan nan nan nan nan nan nan nan
56 105817 678 678 0 211119.6108 6739.057316 204378.3941 229812.5273 25434.13316 202974.466 232815.8821 29841.41609 1.131736663 16946.06823 19949.42308 nan nan
57 33842 434 434 0 218101.8642 7213.725561 206078.2793 229941.6492 23863.36996 202897.2993 231375.1727 28477.8734 -0.08021070495 12784.47079 15193.18758 nan nan
58 6146 1531 1531 0 217857.6696 3411.654402 212577.9155 223423.006 10845.09045 209907.7138 230380.8092 20473.09543 0.1270253139 6086.77104 12414.65597 nan nan
59 11641 1358 1358 0 208270.713 2834.694889 204264.5029 213179.3366 8914.833679 202792.8172 215024.4509 12231.63373 0.1668591253 5008.876117 6256.508308 nan nan
60 124702 850 0 850 nan nan nan nan nan nan nan nan nan nan nan nan nan
61 36259 809 809 0 233519.7645 1753.979272 232015.7454 234658.0706 2642.325224 201887.6693 235187.1916 33299.52232 -14.21709712 1488.903469 31604.32896 nan nan
62 46308 75 75 0 209404.9037 5027.690957 201550.5247 216939.4536 15388.92885 201481.0537 218843.7743 17362.72065 0.06238205335 11416.55151 13320.87226 nan nan
63 148588 6839 0 6839 nan nan nan nan nan nan nan nan nan nan nan nan nan
64 30178 636 636 0 223913.9173 4544.963776 216898.0063 230924.8434 14026.83703 214513.8325 235285.2243 20771.39183 0.02016098181 8215.966687 12561.1642 nan nan
65 42086 7511 7511 0 225331.8123 5336.39867 216858.0427 232817.9438 15959.90104 214998.0586 235326.9601 20328.90155 -0.07260366548 10359.26869 12868.28507 nan nan
66 20069 368 368 0 237455.9115 1081.01895 236050.8479 239169.8877 3119.039767 234412.0448 240550.088 6138.043229 0.1714674079 1981.394267 3083.797281 nan nan
67 184619 884 0 884 nan nan nan nan nan nan nan nan nan nan nan nan nan
68 35318 141 141 0 235401.0417 5282.859159 223839.2207 239921.7618 16082.54102 223349.7433 240886.9993 17537.25594 -0.7427946001 12793.70118 13283.17859 nan nan
69 62912 443 443 0 201951.4947 1281.421038 201066.6628 204104.3832 3037.720483 193064.5732 204531.0811 11466.50788 -2.41689567 2578.516943 8524.817282 nan nan

K=70, phase=backward, parameter=e [-]
cluster representative_source n_cluster n_valid n_missing median std p05 p95 width90 minimum maximum range skewness error95 error_max angle_origin_deg angle_resultant
0 151769 15807 0 15807 nan nan nan nan nan nan nan nan nan nan nan nan nan
1 23310 3589 3589 0 0.453631322 0.02224722351 0.4161463706 0.4850621266 0.06891575602 0.39744991 0.4990058391 0.1015559292 -0.1550157823 0.0378996182 0.05234592239 nan nan
2 23125 700 700 0 0.1898230546 0.01603073277 0.1738982053 0.2214372037 0.04753899839 0.1726509316 0.2354056176 0.06275468604 0.5282204837 0.03188482348 0.04585323738 nan nan
3 174958 1299 0 1299 nan nan nan nan nan nan nan nan nan nan nan nan nan
4 46306 533 533 0 0.472563711 0.03214987541 0.4157000618 0.5068533891 0.09115332737 0.3914441795 0.5700086311 0.1785644516 -0.1739553157 0.06076985829 0.09494080912 nan nan
5 73796 896 0 896 nan nan nan nan nan nan nan nan nan nan nan nan nan
6 25121 42 42 0 0.1883731134 0.01943625238 0.1714026189 0.2283229809 0.05692036204 0.1699124926 0.2400240368 0.07011154419 0.8413407003 0.03865378708 0.05035484299 nan nan
7 27925 873 873 0 0.3372742474 0.04045647826 0.282199435 0.4137723673 0.1315729323 0.2731942552 0.4273793779 0.1541851227 0.3151139207 0.07168592764 0.07878748967 nan nan
8 41926 252 252 0 0.4509631008 0.05204838696 0.3859001225 0.5056172442 0.1197171217 0.2415658104 0.5703110008 0.3287451904 -1.124084472 0.0901572115 0.2047626933 nan nan
9 72665 17262 0 17262 nan nan nan nan nan nan nan nan nan nan nan nan nan
10 10200 4755 4755 0 0.353482971 0.03200610917 0.305085244 0.4060403446 0.1009551006 0.2750330387 0.4183721233 0.1433390846 0.02810944532 0.05798308686 0.07425159422 nan nan
11 220944 1574 0 1574 nan nan nan nan nan nan nan nan nan nan nan nan nan
12 21398 374 374 0 0.2280453276 0.02474778815 0.2196346639 0.2447403291 0.02510566517 0.2170013598 0.5654637168 0.348462357 8.580100987 0.0164140285 0.3371374162 nan nan
13 152421 1767 0 1767 nan nan nan nan nan nan nan nan nan nan nan nan nan
14 173287 1256 0 1256 nan nan nan nan nan nan nan nan nan nan nan nan nan
15 52788 2606 2606 0 0.518894994 0.0131409298 0.4913192253 0.5333744189 0.04205519358 0.4852822681 0.5364483692 0.05116610108 -0.5286478482 0.03692713636 0.04296409361 nan nan
16 86796 848 848 0 0.3535408256 0.0461741755 0.2637836473 0.4106864612 0.1469028139 0.2472761381 0.4252407606 0.1779646225 -0.3563066592 0.09305312224 0.1095606314 nan nan
17 66531 156 156 0 0.5057233923 0.01354860101 0.4887567152 0.5131511143 0.02439439904 0.485691379 0.570313305 0.08462192599 2.572093281 0.0237189626 0.05962051401 nan nan
18 125038 14592 0 14592 nan nan nan nan nan nan nan nan nan nan nan nan nan
19 32794 252 252 0 0.2027404218 0.02643884017 0.1712511377 0.2492576882 0.07800655053 0.170592258 0.2616884088 0.09109615075 0.2561726525 0.04541323545 0.05784395599 nan nan
20 110195 959 959 0 0.4518278117 0.04523770391 0.3681633725 0.485833405 0.1176700325 0.2580708765 0.4996448374 0.2415739609 -1.893257764 0.07243482412 0.1825273202 nan nan
21 23602 347 347 0 0.2336730211 0.007260965685 0.2278906939 0.2444579989 0.01656730497 0.2255144701 0.2724318396 0.04691736943 2.476105579 0.01078497776 0.03875881843 nan nan
22 68608 525 525 0 0.2942443363 0.03331443636 0.2368953224 0.3503959897 0.1135006673 0.2242762211 0.4165733277 0.1922971065 0.3217711021 0.07698725167 0.1039424874 nan nan
23 151422 3209 0 3209 nan nan nan nan nan nan nan nan nan nan nan nan nan
24 69514 1584 1584 0 0.4932762962 0.007568762002 0.4862585291 0.5033435926 0.0170850635 0.4825119786 0.5704977882 0.08798580958 4.26379526 0.009102358736 0.07561384254 nan nan
25 159163 382 0 382 nan nan nan nan nan nan nan nan nan nan nan nan nan
26 148599 641 0 641 nan nan nan nan nan nan nan nan nan nan nan nan nan
27 167957 1 0 1 nan nan nan nan nan nan nan nan nan nan nan nan nan
28 10887 502 502 0 0.19518988 0.009983026062 0.1886534039 0.215435661 0.02678225709 0.1725560874 0.2463566291 0.07380054172 0.9999969926 0.02068536179 0.05136235252 nan nan
29 35940 163 163 0 0.4536040806 0.03099753022 0.3964705691 0.4912340925 0.09476352341 0.3741500169 0.4982038885 0.1240538716 -0.3864485853 0.0565333885 0.06381798026 nan nan
30 49623 7404 7404 0 0.3233543917 0.04094633987 0.2546052761 0.3855075639 0.1309022879 0.2151649203 0.4085541276 0.1933892073 -0.09455061807 0.08851071329 0.127951069 nan nan
31 90992 2366 2366 0 0.5311026824 0.0186509704 0.4944675385 0.5507667744 0.0562992359 0.4853819869 0.5536543787 0.06827239182 -0.4146983868 0.04196255809 0.05104810973 nan nan
32 176287 17235 0 17235 nan nan nan nan nan nan nan nan nan nan nan nan nan
33 117692 11580 0 11580 nan nan nan nan nan nan nan nan nan nan nan nan nan
34 27803 352 352 0 0.1941206557 0.02198293256 0.1721804581 0.2384405653 0.06626010725 0.1697173735 0.2558563766 0.08613900304 0.548130318 0.04318558574 0.06060139697 nan nan
35 69158 1454 1454 0 0.5119422364 0.0105326784 0.4896269633 0.5226388703 0.03301190708 0.4854330737 0.524844825 0.03941175123 -0.5465566603 0.03299851818 0.0371924077 nan nan
36 31348 169 169 0 0.3932787279 0.06673073553 0.2767403492 0.4976977405 0.2209573913 0.2726984998 0.50927785 0.2365793502 -0.07118445802 0.1165383787 0.1205802281 nan nan
37 177577 888 0 888 nan nan nan nan nan nan nan nan nan nan nan nan nan
38 31224 352 352 0 0.2309712008 0.0090387398 0.2122603429 0.2423037201 0.03004337718 0.2058615393 0.2493720353 0.04351049596 -0.4802292036 0.01742398626 0.02351051402 nan nan
39 58460 11809 11809 0 0.442809215 0.02564036603 0.3992627548 0.480487438 0.08122468318 0.3801262733 0.4858805364 0.1057542631 -0.138608836 0.04355050355 0.05995036262 nan nan
40 37086 540 540 0 0.4453404697 0.02668681717 0.4027542768 0.4833871807 0.08063290398 0.377006182 0.4931104452 0.1161042633 -0.15830319 0.04452514013 0.06242743014 nan nan
41 103927 121 121 0 0.4272332079 0.07341533792 0.2644474676 0.4805928355 0.2161453679 0.2596674671 0.4909503068 0.2312828397 -0.8568063723 0.1568583166 0.161638317 nan nan
42 29606 242 242 0 0.1919200987 0.02611079002 0.1705899097 0.2474790868 0.07688917716 0.1700108998 0.2879950991 0.1179841993 0.7683722071 0.0510669835 0.09158299577 nan nan
43 26563 174 174 0 0.3170701898 0.03979987594 0.2600170337 0.3820507945 0.1220337608 0.2268033251 0.3999424535 0.1731391284 -0.07043676949 0.0734059228 0.0965046908 nan nan
44 47728 402 402 0 0.2478975378 0.01750742252 0.2222388892 0.2760080748 0.05376918563 0.2148447897 0.2808579277 0.06601313805 0.04203458525 0.02896025826 0.03569983422 nan nan
45 23915 4569 4569 0 0.3465081058 0.04363543045 0.2881325354 0.425872343 0.1377398077 0.275559612 0.4432380392 0.1676784272 0.2527947697 0.07424226238 0.08856106041 nan nan
46 33367 597 597 0 0.3381476244 0.04614662142 0.2632992299 0.4036058089 0.1403065789 0.2316081199 0.4185724086 0.1869642887 -0.2260516387 0.09080346146 0.1224945715 nan nan
47 175331 13260 0 13260 nan nan nan nan nan nan nan nan nan nan nan nan nan
48 152164 553 0 553 nan nan nan nan nan nan nan nan nan nan nan nan nan
49 218982 881 0 881 nan nan nan nan nan nan nan nan nan nan nan nan nan
50 99635 429 429 0 0.3773259272 0.06802590055 0.2660239435 0.4840117389 0.2179877954 0.2509818376 0.4993476049 0.2483657673 -0.07451585341 0.1187656456 0.1338077515 nan nan
51 75967 242 242 0 0.3239548792 0.0363367289 0.2359486357 0.3542777189 0.1183290833 0.2089609521 0.3869417434 0.1779807912 -0.8594357271 0.09638532236 0.1233730059 nan nan
52 204256 1634 0 1634 nan nan nan nan nan nan nan nan nan nan nan nan nan
53 47027 2323 2323 0 0.5272312755 0.0156284866 0.4949721174 0.5430175125 0.04804539517 0.4866895261 0.5458975099 0.05920798382 -0.5248497466 0.04129213615 0.04957472744 nan nan
54 147412 794 0 794 nan nan nan nan nan nan nan nan nan nan nan nan nan
55 169016 13451 0 13451 nan nan nan nan nan nan nan nan nan nan nan nan nan
56 105817 678 678 0 0.4356339978 0.05322798765 0.2843944273 0.4864504786 0.2020560513 0.2568900865 0.4969553305 0.240065244 -1.26037461 0.1378915192 0.16539586 nan nan
57 33842 434 434 0 0.3822301834 0.05717296368 0.2843096022 0.4739954006 0.1896857984 0.2730779203 0.4976807676 0.2246028473 -0.0009079319705 0.1037909701 0.1153581217 nan nan
58 6146 1531 1531 0 0.3845622415 0.02679400644 0.340266915 0.4252287857 0.08496187068 0.2805506333 0.4454399812 0.1648893479 -0.1844029733 0.04787844259 0.103193678 nan nan
59 11641 1358 1358 0 0.457744976 0.02129569074 0.4207133201 0.4876675422 0.06695422207 0.4066010115 0.4985953263 0.09199431478 -0.1787971488 0.03762303634 0.04745039015 nan nan
60 124702 850 0 850 nan nan nan nan nan nan nan nan nan nan nan nan nan
61 36259 809 809 0 0.2506422068 0.01463742237 0.2396758487 0.2645630474 0.02488719866 0.2349466751 0.5051342118 0.2701875367 12.74222069 0.01414218669 0.2542548514 nan nan
62 46308 75 75 0 0.449020318 0.03797241576 0.3913204057 0.5076180635 0.1162976578 0.3763806944 0.5081477689 0.1317670745 -0.08129206404 0.08681921192 0.1017589232 nan nan
63 148588 6839 0 6839 nan nan nan nan nan nan nan nan nan nan nan nan nan
64 30178 636 636 0 0.3357686056 0.03755986151 0.2757489127 0.3916693582 0.1159204455 0.2364314276 0.410756306 0.1743248783 -0.07588134171 0.06958640932 0.1089038944 nan nan
65 42086 7511 7511 0 0.3236484068 0.04485753499 0.2576936616 0.3918304064 0.1341367448 0.2337113159 0.4063395632 0.1726282473 0.003975252176 0.08959644641 0.1135787921 nan nan
66 20069 368 368 0 0.2112163638 0.01144780699 0.1930887872 0.2257030765 0.03261428929 0.1768589676 0.2416817733 0.06482280567 -0.2726827516 0.02035302756 0.03394972482 nan nan
67 184619 884 0 884 nan nan nan nan nan nan nan nan nan nan nan nan nan
68 35318 141 141 0 0.2323455379 0.04938679377 0.1838912145 0.3355134857 0.1516222713 0.1732171762 0.3395463927 0.1663292165 0.630533649 0.1162059087 0.1202388157 nan nan
69 62912 443 443 0 0.5046985613 0.009498543778 0.4887277356 0.5112215685 0.02249383285 0.4853344496 0.5704147561 0.08508030652 2.39951192 0.0191427917 0.06304471446 nan nan

K=70, phase=backward, parameter=w [deg]
cluster representative_source n_cluster n_valid n_missing median std p05 p95 width90 minimum maximum range skewness error95 error_max angle_origin_deg angle_resultant
0 151769 15807 0 15807 nan nan nan nan nan nan nan nan nan nan nan nan nan
1 23310 3589 3589 0 -0.9160958365 5.118387675 -4.302075713 17.29139783 21.59347355 -4.992880529 23.88284207 28.8757226 3.024235543 18.88649872 25.47794296 186.5560148 0.9960426211
2 23125 700 700 0 2.365271724 13.94613571 -22.41415972 17.83202893 40.24618865 -24.03782271 20.41036365 44.44818637 -0.2720532117 34.16899631 35.7926593 193.039252 0.9706163866
3 174958 1299 0 1299 nan nan nan nan nan nan nan nan nan nan nan nan nan
4 46306 533 533 0 -2.24335898 5.558172928 -3.566515343 13.47960164 17.04611698 -22.68433865 18.65089517 41.33523382 1.267723423 17.37609252 22.15573761 194.3731685 0.9953174103
5 73796 896 0 896 nan nan nan nan nan nan nan nan nan nan nan nan nan
6 25121 42 42 0 3.641680423 13.025763 -23.44228327 16.09844508 39.54072835 -27.83759463 17.1632844 45.00087903 -0.5410925424 31.92983919 36.32515055 197.7937905 0.9743931115
7 27925 873 873 0 -4.883295459 10.47425487 -8.571784808 17.73174147 26.30352628 -32.2345138 17.92481444 50.15932823 0.903702616 22.8660818 27.11129714 199.1935602 0.9833991473
8 41926 252 252 0 1.269379215 7.726761074 -18.84712928 10.17254593 29.01967521 -20.8237406 20.23264447 41.05638508 -1.271924758 19.50532822 21.35303233 191.2844101 0.9909733861
9 72665 17262 0 17262 nan nan nan nan nan nan nan nan nan nan nan nan nan
10 10200 4755 4755 0 -0.2532729225 2.673718581 -3.507830609 6.13721972 9.645050328 -4.252343777 8.993565776 13.24590955 1.134070248 6.3115356 9.167881656 185.577414 0.9989121145
11 220944 1574 0 1574 nan nan nan nan nan nan nan nan nan nan nan nan nan
12 21398 374 374 0 -0.1942140168 3.658995254 -4.963299785 4.89175635 9.855056136 -12.56760759 15.20763662 27.7752442 1.478789191 5.464316599 15.31756302 200.6814147 0.9979661546
13 152421 1767 0 1767 nan nan nan nan nan nan nan nan nan nan nan nan nan
14 173287 1256 0 1256 nan nan nan nan nan nan nan nan nan nan nan nan nan
15 52788 2606 2606 0 -1.189919183 4.978462935 -5.987923024 10.3293843 16.31730732 -7.207659604 14.12437606 21.33203566 0.8803461581 11.83396131 15.62895307 189.7144807 0.9962320926
16 86796 848 848 0 2.117599577 9.077404825 -16.02011655 4.033794232 20.05391078 -45.38694329 4.229754407 49.6166977 -4.280993059 18.3501497 47.71697644 212.3871345 0.9879882836
17 66531 156 156 0 -0.2025023503 4.801707648 -4.648366707 7.122178813 11.77054552 -19.51620343 8.35848931 27.87469274 -0.9717765887 9.238384313 18.14239235 194.2734295 0.9965001722
18 125038 14592 0 14592 nan nan nan nan nan nan nan nan nan nan nan nan nan
19 32794 252 252 0 5.801257547 14.21665023 -30.46250279 13.06824934 43.53075213 -35.42764983 13.5002376 48.92788742 -1.049520509 38.23107858 43.19622561 202.6714894 0.9696654866
20 110195 959 959 0 1.994681914 8.254280519 -16.8386521 9.110463052 25.94911515 -17.06691965 11.18275682 28.24967647 -1.14068247 20.85083088 21.07909844 205.9105768 0.9896788551
21 23602 347 347 0 0.1696809254 3.146535524 -5.213555395 3.141899059 8.355454454 -7.106632162 13.37486736 20.48149952 1.083490884 5.188950932 14.16448095 202.3649745 0.99849486
22 68608 525 525 0 18.15340452 23.06021134 -29.48011398 18.92840893 48.40852291 -29.65232356 19.09818253 48.75050609 -0.4259689313 48.13736101 48.30957058 196.7075898 0.9203022056
23 151422 3209 0 3209 nan nan nan nan nan nan nan nan nan nan nan nan nan
24 69514 1584 1584 0 -0.04584405891 2.854146897 -3.814666477 4.362213462 8.17687994 -21.28842242 6.477429635 27.76585205 -1.256424056 5.706915482 20.06996264 196.2757228 0.9987620836
25 159163 382 0 382 nan nan nan nan nan nan nan nan nan nan nan nan nan
26 148599 641 0 641 nan nan nan nan nan nan nan nan nan nan nan nan nan
27 167957 1 0 1 nan nan nan nan nan nan nan nan nan nan nan nan nan
28 10887 502 502 0 0.9865113116 7.641039868 -13.84814674 8.899233456 22.7473802 -23.95927144 20.94250348 44.90177492 -0.6355374741 16.44149023 26.08360002 192.0906231 0.9911520054
29 35940 163 163 0 -2.723790914 7.662805376 -4.066901137 15.13145972 19.19836086 -22.88257005 20.68406039 43.56663044 0.6136930701 18.69012363 23.77347983 193.4604323 0.9911149167
30 49623 7404 7404 0 0.3449476466 3.424336169 -7.065564111 4.558170403 11.62373451 -35.322641 12.96673731 48.28937831 -1.471383856 7.182074281 35.43215147 204.6051645 0.9982200721
31 90992 2366 2366 0 0.03056434453 5.977015921 -10.26126609 9.252222008 19.5134881 -13.4564482 10.96892278 24.42537098 -0.1426160342 11.19493752 14.39011962 193.575713 0.9945691819
32 176287 17235 0 17235 nan nan nan nan nan nan nan nan nan nan nan nan nan
33 117692 11580 0 11580 nan nan nan nan nan nan nan nan nan nan nan nan nan
34 27803 352 352 0 4.360920099 14.31988881 -26.95645048 16.09930821 43.05575868 -30.82912106 17.69338412 48.52250518 -0.6249991067 36.42556445 40.29823503 198.2983015 0.9691033414
35 69158 1454 1454 0 -1.422177883 4.284570326 -4.747203105 8.859241113 13.60644422 -5.387443364 11.55989159 16.94733495 0.9017013631 8.575780292 11.27643076 191.9197655 0.9972075932
36 31348 169 169 0 -0.5655749774 3.641598264 -3.531025441 3.290850747 6.821876188 -3.592088555 20.46646096 24.05854951 2.82290327 3.93343037 21.10904058 192.8437937 0.9979898135
37 177577 888 0 888 nan nan nan nan nan nan nan nan nan nan nan nan nan
38 31224 352 352 0 0.42488383 2.763672212 -7.706386572 2.298115846 10.00450242 -10.40842086 9.096309285 19.50473014 -1.310096691 8.524937119 11.22697141 205.9936978 0.998838574
39 58460 11809 11809 0 0.04561332253 4.510066767 -7.118416222 7.447105368 14.56552159 -26.39736173 13.62373534 40.02109707 0.09981433871 9.471336562 24.3740635 200.0453663 0.9969056535
40 37086 540 540 0 -2.151680372 5.696844593 -3.110891472 15.26453401 18.37542548 -3.694546716 21.05298373 24.74753045 2.346481751 17.52574172 23.31419144 192.9263178 0.9950857947
41 103927 121 121 0 1.466648358 8.398358288 -16.43436125 9.26573517 25.70009642 -16.63925483 9.47891529 26.11817012 -0.7874741259 19.97130764 20.17620122 207.2336284 0.9893048188
42 29606 242 242 0 3.397296259 16.16932708 -27.47561704 19.63710419 47.11272123 -28.77288775 20.42272058 49.19560833 -0.3693835988 40.72002735 42.01729805 195.7097909 0.9606290587
43 26563 174 174 0 -0.8446177755 9.559288495 -12.04698905 20.41177218 32.45876123 -28.76318326 20.79384373 49.55702699 -0.2028531433 22.97578416 28.59294568 195.9355085 0.9862793294
44 47728 402 402 0 0.2323721418 1.193984515 -2.165501396 1.552478966 3.717980362 -3.644296072 1.839433034 5.483729107 -0.617071066 2.773577065 4.252371742 213.8535948 0.999782889
45 23915 4569 4569 0 -0.1028541816 1.781835544 -2.814558327 3.04026133 5.854819656 -3.763517726 3.928572999 7.692090725 0.1367587112 4.528967184 5.477926584 190.3382624 0.9995165129
46 33367 597 597 0 0.0903037021 6.044912146 -2.742094762 6.325776283 9.067871045 -28.92694652 20.75278842 49.67973494 -1.007904206 18.38949711 29.33158727 195.9107385 0.9945115935
47 175331 13260 0 13260 nan nan nan nan nan nan nan nan nan nan nan nan nan
48 152164 553 0 553 nan nan nan nan nan nan nan nan nan nan nan nan nan
49 218982 881 0 881 nan nan nan nan nan nan nan nan nan nan nan nan nan
50 99635 429 429 0 2.42142769 7.730557838 -8.88723408 5.087214737 13.97444882 -44.64398433 5.195117344 49.83910167 -3.804974246 11.15070053 46.90745078 212.1448372 0.9911810186
51 75967 242 242 0 4.910543238 11.08574042 -15.51059786 6.265685146 21.776283 -42.1264804 6.741906419 48.86838682 -2.366043497 21.19191707 47.80779962 209.278893 0.981765063
52 204256 1634 0 1634 nan nan nan nan nan nan nan nan nan nan nan nan nan
53 47027 2323 2323 0 -1.604007253 5.590836897 -6.542334113 11.64791838 18.19025249 -7.698575977 16.29644137 23.99501734 0.9005786051 12.83230038 17.48082337 187.0428126 0.995250392
54 147412 794 0 794 nan nan nan nan nan nan nan nan nan nan nan nan nan
55 169016 13451 0 13451 nan nan nan nan nan nan nan nan nan nan nan nan nan
56 105817 678 678 0 1.630461643 7.432017552 -18.83691636 8.522008557 27.35892492 -19.08837066 9.121229863 28.20960052 -1.415186979 22.16350244 22.41495674 207.800085 0.9916391309
57 33842 434 434 0 0.387325326 3.258859118 -3.036897448 2.977713571 6.014611019 -26.48694627 3.135183036 29.6221293 -4.693910714 3.707397767 27.15744659 193.4447962 0.998398954
58 6146 1531 1531 0 -0.3537506992 2.775253047 -2.088653803 0.8336896745 2.922343477 -2.603476454 35.79170397 38.39518042 4.687049135 2.030788081 36.21257415 180.8852941 0.9988344421
59 11641 1358 1358 0 -0.2822260557 1.959591015 -1.9504872 1.919458954 3.869946155 -2.282215934 25.25918579 27.54140173 3.956717333 2.272321076 25.61204791 180.4589778 0.9994169538
60 124702 850 0 850 nan nan nan nan nan nan nan nan nan nan nan nan nan
61 36259 809 809 0 0.4716904407 3.013966161 -5.658706502 3.310925436 8.969631938 -13.41995553 9.397017411 22.81697294 -0.340101597 6.90002171 13.64612718 207.4487051 0.9986178598
62 46308 75 75 0 -1.879238933 5.277609494 -3.575183584 14.59728152 18.1724651 -4.840878495 17.35788003 22.19875853 2.076654192 18.14115617 20.90175469 194.1490452 0.9957761591
63 148588 6839 0 6839 nan nan nan nan nan nan nan nan nan nan nan nan nan
64 30178 636 636 0 0.6246152321 5.590984026 -1.987172835 1.870530364 3.857703199 -27.52631143 22.29715079 49.82346222 -2.208733465 3.687889026 28.72087261 194.4400198 0.9953125579
65 42086 7511 7511 0 -1.378103397 4.776949165 -5.790907531 9.217606314 15.00851385 -8.112549367 14.96427841 23.07682778 0.8282992134 9.927633069 15.67430517 201.537718 0.9965294429
66 20069 368 368 0 0.459527271 4.678838917 -5.966836706 7.360908014 13.32774472 -28.5540882 13.8558327 42.4099209 -1.670994712 10.20723779 28.34642139 201.1905335 0.9966894381
67 184619 884 0 884 nan nan nan nan nan nan nan nan nan nan nan nan nan
68 35318 141 141 0 6.047322836 13.3364763 -34.22155279 9.688294775 43.90984757 -38.19331159 10.12521956 48.31853115 -1.739882625 38.99592891 42.96768771 205.7062104 0.9735050698
69 62912 443 443 0 -0.8418076123 3.655372135 -3.653128117 6.636031554 10.28915967 -20.29093413 8.496676653 28.78761078 -0.2116320347 8.500524214 18.78690815 194.0134162 0.9979691873

K=70, phase=forward, parameter=a [km]
cluster representative_source n_cluster n_valid n_missing median std p05 p95 width90 minimum maximum range skewness error95 error_max angle_origin_deg angle_resultant
0 151769 15807 15806 1 193272.1977 81249.38205 188060.697 326446.558 138385.861 187998.576 1093940.343 905941.7669 5.671679854 138255.1738 905748.9587 nan nan
1 23310 3589 3589 0 206059.1876 6176.201653 198944.3616 218131.1416 19186.78 198317.9059 219809.4388 21491.53292 0.3926240623 10667.54493 12345.84212 nan nan
2 23125 700 2 698 9764682.191 9024437.463 1642688.474 17886675.91 16243987.43 740244.7277 18789119.65 18048874.93 nan nan nan nan nan
3 174958 1299 1299 0 223576.6553 450466.9957 205938.0554 277965.9518 72027.8964 202564.8491 16453922.65 16251357.8 35.95014137 66869.04908 16242825.75 nan nan
4 46306 533 533 0 207886.0192 11077.02418 206725.5394 209139.1702 2413.630773 206194.4575 290782.827 84588.3695 7.070427575 1367.981717 82760.44562 nan nan
5 73796 896 896 0 1495912.903 503273.6463 1092330.102 2661299.278 1568969.175 1001474.513 3406730.121 2405255.608 1.087517318 833802.2216 1562682.641 nan nan
6 25121 42 42 0 209403.0694 14019.64853 207850.7975 233287.2422 25436.44467 205695.8635 287295.2488 81599.3853 3.526818261 24074.42363 78082.43028 nan nan
7 27925 873 873 0 216455.6201 8459.854184 202648.1957 231755.7468 29107.55117 200641.1537 240666.1876 40025.03385 0.2724848782 15908.61819 24819.0589 nan nan
8 41926 252 252 0 208289.4128 28442.48929 205988.1897 288317.1886 82328.99895 191760.5805 291424.9258 99664.34529 1.993031973 80346.24629 83453.98352 nan nan
9 72665 17262 17262 0 193550.3017 94468.43604 188177.1784 370511.1676 182333.9893 188028.9339 2140816.243 1952787.309 6.216971876 180994.0573 1951299.133 nan nan
10 10200 4755 4755 0 210386.388 4730.250343 203528.546 218170.8375 14642.29155 202451.942 219710.2734 17258.3314 0.1055609173 8194.520578 9271.124564 nan nan
11 220944 1574 1574 0 215217.0667 38219.34416 192446.4334 280697.4923 88251.05894 188394.7789 548566.8372 360172.0583 4.080647806 73775.51031 341644.8552 nan nan
12 21398 374 374 0 366449.6601 112160.8281 194964.1845 539734.8142 344770.6296 189844.4128 861457.3508 671612.938 0.8953405043 189529.7749 481118.9187 nan nan
13 152421 1767 1767 0 194661.5011 99631.72752 188305.805 261042.349 72736.54402 188195.978 3928762.039 3740566.061 30.09885791 70850.22174 3738569.911 nan nan
14 173287 1256 1256 0 240087.0188 29686.40557 232717.4982 240831.5907 8114.09249 226055.086 747418.5931 521363.5071 15.38055667 10411.34399 506821.4586 nan nan
15 52788 2606 2606 0 209604.2063 4440.671721 203363.9334 217334.5569 13970.62351 201333.4052 219457.0339 18123.6287 0.1986778236 7677.060666 9373.933232 nan nan
16 86796 848 848 0 198935.1731 228391.9997 188570.0913 886601.0845 698030.9932 188375.5304 3868441.785 3680066.255 6.674242075 696417.4176 3678258.118 nan nan
17 66531 156 156 0 211088.8729 23466.88015 207962.8533 288322.8006 80359.94739 207717.5978 290667.2668 82949.66899 1.924983803 77294.05225 79638.51841 nan nan
18 125038 14592 14592 0 201604.0211 37347.2176 190052.744 207780.712 17727.96794 188458.069 3444770.766 3256312.697 53.09105885 11215.76089 3243563.23 nan nan
19 32794 252 252 0 205912.3321 5636.148891 200834.1428 216140.3755 15306.23269 198555.7519 239637.9267 41082.17478 1.597577464 8823.832093 32075.40563 nan nan
20 110195 959 959 0 219170.6171 5709.127768 211533.3176 228794.0793 17260.76165 205641.9386 240591.3772 34949.43866 0.3134355567 10369.68008 21122.96417 nan nan
21 23602 347 347 0 204102.773 109572.1469 191909.5766 507275.5713 315365.9948 189787.3275 630528.5136 440741.1861 1.25878158 304468.0134 427720.9556 nan nan
22 68608 525 105 420 284121.558 251559.8646 275673.5946 818895.7581 543222.1635 273988.6148 871383.2401 597394.6253 0.1576220893 nan nan nan nan
23 151422 3209 3209 0 196238.4924 243210.61 188334.4647 292626.6376 104292.173 188190.521 9903671.596 9715481.075 35.19722436 101772.789 9712817.748 nan nan
24 69514 1584 1584 0 201797.0828 9683.2593 193918.2077 206314.1468 12395.9391 191900.3895 291166.9449 99266.55542 7.229511175 7336.272146 90396.32398 nan nan
25 159163 382 382 0 196933.211 1929416.854 188353.3008 4483030.046 4294676.745 188218.9593 29950842.12 29762623.16 10.20691616 4294069.8 29761881.88 nan nan
26 148599 641 641 0 197587.1387 189757.5893 188484.0129 305108.2464 116624.2335 188316.9417 4480813.766 4292496.825 18.34024164 113587.217 4289292.737 nan nan
27 167957 1 1 0 206642.0602 0 206642.0602 206642.0602 0 206642.0602 206642.0602 0 nan 0 0 nan nan
28 10887 502 502 0 756588.8824 927875.4649 206134.6491 2694421.147 2488286.498 189465.639 8837569.013 8648103.374 3.412269202 1884427.077 8027574.943 nan nan
29 35940 163 163 0 210571.9192 20469.56129 207933.3516 281157.2296 73223.87792 206005.9538 290701.7456 84695.79177 2.345332426 70530.67233 80075.18837 nan nan
30 49623 7404 7404 0 199671.7519 50825.07181 189189.6305 222826.6324 33637.00191 188837.4064 1306594.606 1117757.2 14.79699446 22589.79944 1106357.774 nan nan
31 90992 2366 2363 3 225370.6248 5385.600766 213997.7961 230337.2706 16339.4745 206767.2447 239737.3683 32970.12358 -0.7071992729 11565.43183 18547.21813 nan nan
32 176287 17235 17235 0 202405.515 658899.8614 189249.2209 253588.5568 64339.33588 188576.6305 76282242.54 76093665.91 97.90288477 50200.97157 76078854.95 nan nan
33 117692 11580 11579 1 211593.9897 53318.20482 193416.7314 234656.7254 41239.99405 188388.312 963557.609 775169.297 8.44500402 24435.25404 750723.2222 nan nan
34 27803 352 350 2 200044.6249 808366.6756 188494.8852 943818.2704 755323.3852 188375.8048 9733554.719 9545178.914 8.470396732 752127.0038 9541863.453 nan nan
35 69158 1454 1454 0 200608.0403 1045.040066 199369.5264 202661.8405 3292.314063 199011.1202 203744.2502 4733.129973 0.5120140806 1956.80242 3039.212145 nan nan
36 31348 169 169 0 237164.9242 4021.831203 234120.2045 239905.5296 5785.325049 209014.8963 240454.1176 31439.22137 -5.295122714 4915.885647 30021.1939 nan nan
37 177577 888 888 0 193788.9076 965993.2861 188397.6058 440177.6902 251780.0843 188334.9515 8775147.526 8586812.575 6.319229987 251210.2059 8586180.042 nan nan
38 31224 352 352 0 338108.3304 520728.8556 204180.4214 1598534.841 1394354.42 189490.9216 3634819.281 3445328.359 2.196342489 1395745.03 3432029.47 nan nan
39 58460 11809 11809 0 197577.9579 31557.91424 188746.5672 258229.1618 69482.59462 188406.2926 519281.0089 330874.7162 4.620085596 63552.59168 324604.4387 nan nan
40 37086 540 540 0 209560.7383 10251.23544 208327.8101 240866.8861 32539.07602 207046.4306 286989.639 79943.2084 4.626611957 31292.79249 77415.54534 nan nan
41 103927 121 121 0 210335.1452 11579.06004 207842.5408 240350.3681 32507.82733 207570.7801 282974.1851 75403.40503 2.840416913 29582.11063 72205.92763 nan nan
42 29606 242 242 0 222334.4471 6748.127794 209000.7246 230702.0913 21701.36678 204851.5384 237794.2941 32942.75571 -0.4111294116 14180.87634 18199.32374 nan nan
43 26563 174 174 0 210574.8084 19090.37094 208086.0971 252095.648 44009.55087 207505.6899 342622.4589 135116.769 2.8197651 42270.25654 132797.0675 nan nan
44 47728 402 0 402 nan nan nan nan nan nan nan nan nan nan nan nan nan
45 23915 4569 4568 1 198429.6489 1921.106981 195964.7009 202224.9737 6260.272727 195345.8198 203423.1868 8077.367004 0.3666189341 5376.871056 6575.084165 nan nan
46 33367 597 597 0 210915.9517 54949.62173 207126.1151 214152.2513 7026.13614 188400.7196 1003781.132 815380.4121 11.61561478 10332.97099 793181.7162 nan nan
47 175331 13260 13259 1 193342.0601 91194.19373 188149.7852 397091.3739 208941.5887 188026.0612 1047983.373 859957.3116 4.084126944 207852.0773 858744.0763 nan nan
48 152164 553 553 0 196579.821 233545.1878 188466.1627 888040.4873 699574.3246 188380.6363 1321953.635 1133572.999 2.229144544 697135.7144 1131048.863 nan nan
49 218982 881 881 0 230583.7491 2673636.583 226595.2794 287370.7587 60775.47934 202433.2601 36245110.86 36042677.6 7.41442372 57453.75371 36015193.86 nan nan
50 99635 429 428 1 227887.0304 9327.118279 217043.339 231092.6132 14049.27418 209003.7676 286467.5527 77463.78505 4.057771934 13744.11263 58558.59415 nan nan
51 75967 242 242 0 206700.8202 22411.64096 189632.279 233495.9985 43863.71949 189478.0538 344321.4846 154843.4308 3.827706106 43763.24576 154588.7319 nan nan
52 204256 1634 1634 0 794379.5304 325689.2846 191091.7907 1027691.26 836599.4692 189314.5534 1277585.933 1088271.379 -0.4703070952 635689.6563 637466.8935 nan nan
53 47027 2323 2323 0 221111.8778 5403.962485 210476.9878 228047.3423 17570.35446 202668.2523 238465.7163 35797.46391 -0.5902511696 10403.95555 17949.20482 nan nan
54 147412 794 794 0 195716.2407 117883.5707 188433.8044 309385.2687 120951.4643 188318.3353 972709.4585 784391.1233 4.854735639 117491.2496 780815.4394 nan nan
55 169016 13451 13451 0 193883.8875 57812.46708 188682.8809 230727.551 42044.67016 188412.9165 6553790.399 6365377.483 98.87502789 38335.90313 6361398.751 nan nan
56 105817 678 678 0 205823.2027 3864.526513 200682.0991 211998.6704 11316.57126 200496.666 233962.9125 33466.24649 0.5920598811 7078.198966 29042.44107 nan nan
57 33842 434 434 0 209751.9675 13088.8409 208851.5029 211367.0899 2515.586922 203867.0751 290444.1243 86577.0492 5.376114458 1703.158211 80735.13396 nan nan
58 6146 1531 1531 0 221338.092 3520.428191 217507.3604 224607.8442 7100.483865 203399.0067 290687.8457 87288.83897 3.5475727 4297.506016 68896.80567 nan nan
59 11641 1358 1358 0 224474.1442 3088.548058 219787.3623 227757.3656 7970.003247 201285.7618 232676.4363 31390.67455 -1.765013965 4742.240884 23103.38221 nan nan
60 124702 850 850 0 200010.5347 979199.1343 192183.0669 3491065.546 3298882.479 191020.6942 4840106.181 4649085.487 3.051938035 3292916.734 4641957.37 nan nan
61 36259 809 809 0 208757.0719 449989.1431 189474.497 1123226.734 933752.2369 189369.5122 7296020.845 7106651.333 5.881657157 933768.3222 7106562.433 nan nan
62 46308 75 75 0 208648.6495 5194.067141 207628.6984 209738.0713 2109.372877 207530.476 240626.526 33096.04999 5.848331947 1274.3562 32162.81097 nan nan
63 148588 6839 6838 1 196967.1251 170190.8806 188409.9171 276552.9683 88143.05115 188239.9341 5805939.396 5617699.462 20.78031116 85227.81571 5614614.243 nan nan
64 30178 636 636 0 209911.4016 12579.63209 209696.3389 240834.1185 31137.77961 208005.624 285522.5476 77516.92363 4.033382305 31012.81294 75701.24205 nan nan
65 42086 7511 7510 1 211080.3434 118699.4811 191367.0932 278121.1588 86754.06562 189237.1821 1894268.983 1705031.801 7.514140512 68089.96547 1684237.79 nan nan
66 20069 368 368 0 594246.5259 434935.2445 196405.3372 1246383.88 1049978.543 189498.2159 4513902.019 4324403.803 3.45665536 619092.5663 3886610.705 nan nan
67 184619 884 884 0 237518.4948 3432.922909 235469.3311 239344.3983 3875.067272 204350.2082 291527.457 87177.24882 5.905554998 3534.88512 52547.16248 nan nan
68 35318 141 141 0 1214673.477 753327.2795 202848.3911 2377118.032 2174269.641 189245.1579 3508964.661 3319719.503 0.5988211835 1160524.364 2292370.993 nan nan
69 62912 443 443 0 209275.2424 15405.35176 208260.229 240873.0464 32612.81741 206971.9565 290545.4692 83573.51266 3.919260805 31732.25264 81404.67542 nan nan

K=70, phase=forward, parameter=e [-]
cluster representative_source n_cluster n_valid n_missing median std p05 p95 width90 minimum maximum range skewness error95 error_max angle_origin_deg angle_resultant
0 151769 15807 15806 1 0.9295318723 0.2134936098 0.3100580542 0.9993130875 0.6892550333 5.248673245e-05 0.9999999985 0.9999475117 -2.204863662 0.6816527173 0.9916582848 nan nan
1 23310 3589 3589 0 0.4740668763 0.04650873075 0.3822898705 0.5269698443 0.1446799738 0.3690762257 0.5316089596 0.1625327339 -0.413818354 0.08145323751 0.09466688224 nan nan
2 23125 700 2 698 0.6745352879 0.3023433954 0.4024262321 0.9466443438 0.5442181117 0.3721918925 0.9768786834 0.6046867908 nan nan nan nan nan
3 174958 1299 1299 0 0.6251214008 0.2162872101 0.1263676143 0.7329766056 0.6066089912 0.09023827666 0.973592302 0.8833540253 -0.6229121195 0.5413570914 0.5774864291 nan nan
4 46306 533 533 0 0.7003802582 0.08265691618 0.6809038524 0.7191890998 0.03828524737 0.09444405182 0.7287803729 0.6343363211 -6.902228154 0.02214287292 0.6040246399 nan nan
5 73796 896 896 0 0.7043584669 0.07918221598 0.5895148763 0.8355938969 0.2460790207 0.5506363408 0.8718425969 0.3212062561 0.09921451686 0.1717758329 0.2106543683 nan nan
6 25121 42 42 0 0.6704614968 0.1754923646 0.2524159337 0.6979544665 0.4455385328 0.1010133401 0.7357603568 0.6347470167 -1.369711401 0.4216926346 0.5730952282 nan nan
7 27925 873 873 0 0.3947833949 0.06900616416 0.2667680375 0.4999852622 0.2332172247 0.1744547096 0.6611475814 0.4866928718 -0.3913995905 0.1345405054 0.2618778711 nan nan
8 41926 252 252 0 0.7022493048 0.2178794491 0.0994581649 0.7328103616 0.6333521967 0.09347374337 0.9660980328 0.8726242895 -1.924618776 0.6065514981 0.6125359196 nan nan
9 72665 17262 17262 0 0.9213351662 0.2293016949 0.2393000304 0.9990416047 0.7597415743 3.774545329e-05 1 0.9999622545 -2.045256053 0.7304680223 0.9697303073 nan nan
10 10200 4755 4755 0 0.4418494554 0.03581951787 0.3821264084 0.4931483113 0.1110219029 0.3699286215 0.5011730349 0.1312444134 -0.1265936318 0.0614767628 0.06943722183 nan nan
11 220944 1574 1574 0 0.6619478353 0.2609244998 0.1327176142 0.9585363854 0.8258187711 0.006136354059 0.9999927694 0.9938564154 -0.6180841402 0.6587643585 0.7853456187 nan nan
12 21398 374 374 0 0.06987992584 0.3268810844 0.007567850409 0.9278827072 0.9203148568 0.0006053674971 0.9951765647 0.9945711972 1.262534776 0.9204794174 0.9877732749 nan nan
13 152421 1767 1767 0 0.9038724252 0.171031948 0.4682069427 0.9985976006 0.5303906579 0.001314468504 0.9999999847 0.9986855162 -2.803475986 0.4926279854 0.9595204596 nan nan
14 173287 1256 1256 0 0.1821889487 0.03886638392 0.173360803 0.2594789065 0.08611810346 0.09370133159 0.3783295459 0.2846282143 0.6374379231 0.08369138083 0.2025420202 nan nan
15 52788 2606 2606 0 0.447600919 0.03360156192 0.3884019237 0.49422314 0.1058212163 0.3717870138 0.5093229818 0.137535968 -0.2212443709 0.05777383952 0.07005742621 nan nan
16 86796 848 848 0 0.8574714113 0.2460644176 0.1227450976 0.9974793126 0.874734215 0.00601734136 0.9999999988 0.9939826574 -1.640899348 0.8425721802 0.9592999364 nan nan
17 66531 156 156 0 0.6405921299 0.2176255799 0.09893235822 0.6959484193 0.5970160611 0.09462640143 0.7006735322 0.6060471308 -0.9681356385 0.5429256449 0.5472316017 nan nan
18 125038 14592 14592 0 0.8110702156 0.07849891127 0.7264733588 0.969762038 0.2432886792 0.2833096679 0.9988950289 0.715585361 0.281608842 0.151943034 0.5353937964 nan nan
19 32794 252 252 0 0.4780348947 0.06702987703 0.3975861653 0.5134289518 0.1158427865 0.1894484677 0.8862600973 0.6968116296 2.082735766 0.08116020794 0.4233545772 nan nan
20 110195 959 959 0 0.3738649052 0.04631752883 0.2941798302 0.4329531431 0.1387733129 0.1753152589 0.4770060289 0.30169077 -0.5034149102 0.08520621607 0.1962011157 nan nan
21 23602 347 347 0 0.8272229982 0.3733194222 0.04472254496 0.9647633304 0.9200407854 0.03880000471 0.993017748 0.9542177432 -0.6187046048 0.7965095789 0.8024321192 nan nan
22 68608 525 105 420 0.1347044324 0.1442633441 0.1101330529 0.4367080085 0.3265749556 0.1062184987 0.4743084414 0.3680899427 0.1751295718 nan nan nan nan
23 151422 3209 3209 0 0.884153194 0.2024457099 0.3051561856 0.9981182299 0.6929620443 0.004732944403 0.9999999967 0.9952670523 -2.372837953 0.6454343197 0.9458575609 nan nan
24 69514 1584 1584 0 0.8013141496 0.09612045011 0.7296304751 0.912944895 0.1833144198 0.09393560652 0.9416817914 0.8477461849 -4.341446965 0.1072806029 0.7231533589 nan nan
25 159163 382 382 0 0.8861485782 0.1564816285 0.4814828058 0.9990186332 0.5175358274 0.104013138 0.999999701 0.895986563 -2.189121721 0.4998663235 0.8773359914 nan nan
26 148599 641 641 0 0.8678428465 0.1876439311 0.3758136413 0.9979822472 0.6221686059 0.004740485177 0.9999994959 0.9952590107 -2.356469273 0.5678255875 0.9388987437 nan nan
27 167957 1 1 0 0.723570015 0 0.723570015 0.723570015 0 0.723570015 0.723570015 0 nan 0 0 nan nan
28 10887 502 502 0 0.6213066687 0.2106054715 0.2286129478 0.8999571808 0.671344233 0.07425558741 0.9996046857 0.9253490983 -0.260596463 0.3863537266 0.4839417348 nan nan
29 35940 163 163 0 0.6410543437 0.2041935511 0.1149382326 0.6963544272 0.5814161946 0.09456188752 0.7312966128 0.6367347252 -1.21451779 0.5238261015 0.5442024465 nan nan
30 49623 7404 7404 0 0.8655125291 0.1466024745 0.6251798038 0.9981280715 0.3729482677 0.09315892252 0.9999999998 0.9068410773 -1.662848249 0.2266349624 0.7586558437 nan nan
31 90992 2366 2363 3 0.3236901487 0.044059536 0.2809191951 0.4141502882 0.1332310931 0.1851740756 0.4685552349 0.2833811593 0.5564759744 0.09212098541 0.1444335156 nan nan
32 176287 17235 17235 0 0.8399002311 0.1741177138 0.5091096479 0.9977373101 0.4886276622 0.002972835345 0.9999999976 0.9970271622 -1.562844291 0.3070000002 0.8131368127 nan nan
33 117692 11580 11579 1 0.6894237392 0.1362798099 0.5831447089 0.928640667 0.3454959581 0.0007192626071 0.9999999262 0.9992806636 -1.849037112 0.3038249656 0.6897408245 nan nan
34 27803 352 350 2 0.835670552 0.2388353029 0.2990356931 0.9980409692 0.699005276 0.0358819124 0.9999986823 0.9641167699 -1.06401131 0.6434053278 0.9065591085 nan nan
35 69158 1454 1454 0 0.5146368583 0.007740237251 0.4992881344 0.5238078464 0.02451971205 0.4914589583 0.5264737966 0.03501483835 -0.5130447552 0.01467709945 0.02250627558 nan nan
36 31348 169 169 0 0.2135847873 0.06327559381 0.1832087516 0.244399544 0.06119079245 0.1768769103 0.6907080506 0.5138311404 6.405900953 0.0512691568 0.4975776634 nan nan
37 177577 888 888 0 0.9511116464 0.2692927656 0.1447436211 0.9994113063 0.8546676852 0.0001671890931 0.9999999262 0.9998327371 -1.549740357 0.8531668525 0.9977432845 nan nan
38 31224 352 352 0 0.6257101663 0.2131350648 0.09489777688 0.8667965432 0.7718987663 0.0714927134 0.9975636068 0.9260708934 -0.6232784626 0.7839202126 0.8073252761 nan nan
39 58460 11809 11809 0 0.8794086034 0.1745803375 0.478254598 0.9984261673 0.5201715693 1.887149263e-05 0.9999999977 0.9999811262 -2.333801195 0.4302838854 0.9085196119 nan nan
40 37086 540 540 0 0.6594779265 0.1280086059 0.1736065794 0.6914145754 0.517807996 0.1015208455 0.7167874603 0.6152666149 -3.274459241 0.4851494173 0.5572351513 nan nan
41 103927 121 121 0 0.6552407736 0.1663058599 0.1781228412 0.6980800232 0.5199571821 0.1105660713 0.7031667327 0.5926006614 -1.919409355 0.4711511944 0.5387079642 nan nan
42 29606 242 242 0 0.3485312681 0.05455533319 0.2771981682 0.4520945686 0.1748964004 0.206857312 0.4829304419 0.2760731299 0.2627580907 0.1174817621 0.1402239483 nan nan
43 26563 174 174 0 0.6370350855 0.2020636191 0.1652924244 0.6937071202 0.5284146958 0.06968956153 0.7041374342 0.6344478727 -0.9555896803 0.4717243325 0.5673271954 nan nan
44 47728 402 0 402 nan nan nan nan nan nan nan nan nan nan nan nan nan
45 23915 4569 4568 1 0.5308396528 0.01420000569 0.502741477 0.5490139588 0.04627248186 0.4935720996 0.5535822468 0.06001014718 -0.3697351972 0.03971880784 0.0488881852 nan nan
46 33367 597 597 0 0.6589454279 0.1141661376 0.6276720676 0.7182268778 0.09055481023 0.06891838147 0.9999707994 0.9310524179 -3.947161278 0.1638516287 0.5931244504 nan nan
47 175331 13260 13259 1 0.9417548783 0.2586663338 0.1893567581 0.999470701 0.810113943 0.0002919113415 0.9999999998 0.9997080885 -1.575245739 0.8050305578 0.9940954045 nan nan
48 152164 553 553 0 0.8868025415 0.220469559 0.3220860132 0.9987887996 0.6767027864 0.03330617661 0.9999999862 0.9666938096 -1.349306078 0.6320776478 0.9208574844 nan nan
49 218982 881 881 0 0.27947729 0.1486332331 0.251712536 0.7437885851 0.4920760492 0.09248305988 0.9880261434 0.8955430835 3.459712721 0.4602778941 0.7045154523 nan nan
50 99635 429 428 1 0.3022866914 0.05380513443 0.2742082329 0.3899557699 0.115747537 0.1041491098 0.6794054804 0.5752563706 0.7878101439 0.1129983704 0.3773004673 nan nan
51 75967 242 242 0 0.807417314 0.2300308128 0.2707622969 0.9976679763 0.7269056794 0.06443574578 0.9999965192 0.9355607734 -1.174377645 0.7231518887 0.9294784398 nan nan
52 204256 1634 1634 0 0.5139527713 0.1856222205 0.390904687 0.9813439756 0.5904392885 0.3031719262 0.9999997508 0.6968278246 0.9890260566 0.5353848227 0.554040598 nan nan
53 47027 2323 2323 0 0.3585066478 0.0429348224 0.3011694434 0.4408078581 0.1396384148 0.1995139564 0.4992398818 0.2997259255 0.4706275995 0.08008055259 0.1629621957 nan nan
54 147412 794 794 0 0.8937506987 0.1714353885 0.4383002322 0.998578307 0.5602780748 0.01157572631 0.9999998271 0.9884241008 -2.322419538 0.500227084 0.9269515899 nan nan
55 169016 13451 13451 0 0.9349075292 0.1476321096 0.6217321576 0.9994952382 0.3777630806 0.09339997098 0.9999999981 0.9066000272 -2.816906632 0.3212586061 0.8495907927 nan nan
56 105817 678 678 0 0.4758471654 0.02916847538 0.4294245003 0.5140760775 0.08465157726 0.245930446 0.5154599078 0.2695294618 -0.7490208048 0.05323911598 0.2367331702 nan nan
57 33842 434 434 0 0.6589849315 0.1047973968 0.6370124888 0.6775900793 0.04057759058 0.09500276807 0.6835705305 0.5885677625 -4.648184513 0.02302278346 0.5646150921 nan nan
58 6146 1531 1531 0 0.3570540878 0.02467336474 0.3304690421 0.3873800273 0.05691098524 0.09457712793 0.4937593772 0.3991822492 1.140395777 0.03408473008 0.2588248762 nan nan
59 11641 1358 1358 0 0.3313581782 0.02492150724 0.3038711019 0.3692067153 0.06533561334 0.2582004602 0.5095486968 0.2513482366 1.538224271 0.03833453987 0.1774540076 nan nan
60 124702 850 850 0 0.8389345205 0.06732913772 0.759651351 0.9347119184 0.1750605674 0.431318749 0.9516060886 0.5202873396 -1.347108253 0.09407866855 0.4183560504 nan nan
61 36259 809 809 0 0.8045662019 0.2175629416 0.3274662163 0.9985191667 0.6710529504 0.08097545257 0.999999759 0.9190243064 -0.7103474756 0.6725233121 0.9190140757 nan nan
62 46308 75 75 0 0.6854597438 0.08294411077 0.6663486021 0.7020060668 0.03565746474 0.1749300872 0.7038176037 0.5288875165 -5.829455474 0.02108487576 0.5125033907 nan nan
63 148588 6839 6838 1 0.8731561026 0.1699284829 0.4599500618 0.9979610598 0.538010998 0.0005999373988 0.9999999761 0.9994000387 -2.54986982 0.485299876 0.9446500005 nan nan
64 30178 636 636 0 0.64336935 0.1381722147 0.1726422987 0.6572793443 0.4846370457 0.1044982899 0.6950946243 0.5905963343 -2.770372812 0.4744348111 0.5425788199 nan nan
65 42086 7511 7510 1 0.7006899895 0.1391572989 0.4905072546 0.9742457918 0.4837385373 0.08218293699 0.9999999416 0.9178170047 -0.9932285523 0.2756512197 0.6414555263 nan nan
66 20069 368 368 0 0.4633565164 0.2273146759 0.1846369749 0.9349397191 0.7503027443 0.08136984877 0.9998594752 0.9184896264 0.4429117615 0.5578057034 0.6227254595 nan nan
67 184619 884 884 0 0.2099129197 0.03447368133 0.1898132301 0.2311618499 0.04134861983 0.09314805211 0.7552606392 0.6621125871 12.71123232 0.03744777081 0.5613076064 nan nan
68 35318 141 141 0 0.6976367274 0.1000311894 0.5645641436 0.8560451732 0.2914810296 0.1346673226 0.9952557755 0.860588453 -1.101718266 0.2238249314 0.4977808582 nan nan
69 62912 443 443 0 0.670309005 0.1552617241 0.1732838103 0.6901108251 0.5168270148 0.0948389445 0.7178244485 0.622985504 -2.498367718 0.4989019491 0.5773468149 nan nan

K=70, phase=forward, parameter=w [deg]
cluster representative_source n_cluster n_valid n_missing median std p05 p95 width90 minimum maximum range skewness error95 error_max angle_origin_deg angle_resultant
0 151769 15807 15806 1 21.92234879 88.53582245 -154.8092518 35.04018671 189.8494385 -160.9971618 80.77101961 241.7681814 -0.09219475823 178.9458625 179.9975746 238.176718 0.05414442619
1 23310 3589 3589 0 -3.208088268 11.9578332 -11.25970127 33.18791728 44.44761855 -11.95898339 48.50969877 60.46868215 2.010545285 37.91801147 53.23979296 304.2382755 0.9788064642
2 23125 700 2 698 -1.421085472e-14 24.73852661 -22.26467395 22.26467395 44.5293479 -24.73852661 24.73852661 49.47705322 nan nan nan 246.4283559 0.9082269916
3 174958 1299 1299 0 -7.258069903 54.3327738 -66.20663066 88.34415272 154.5507834 -71.48520488 124.602308 196.0875129 0.2941521503 114.3192212 150.5773765 11.45963215 0.6071182688
4 46306 533 533 0 -4.514065849 15.97173954 -15.17665819 32.69859285 47.87525104 -67.37609461 43.70587175 111.0819664 0.4721927479 40.13450531 60.99962724 308.1970611 0.9622168404
5 73796 896 896 0 -3.503899279 10.65067907 -10.87724064 21.67551411 32.55275475 -13.29096252 32.26742583 45.55838834 0.9830284147 17.33317869 27.57854213 53.32757097 0.9828724449
6 25121 42 42 0 -9.237522051 43.37238084 -24.02337077 103.3244253 127.3477961 -125.6848098 123.3403914 249.0252012 0.8532429182 118.7333083 138.7492744 41.60103783 0.7823222531
7 27925 873 873 0 -7.201992229 18.30533872 -17.41204989 36.29756291 53.70961281 -42.74861899 97.17188157 139.9205006 1.284771624 51.47085117 112.3451698 334.798267 0.9509316042
8 41926 252 252 0 0.7233228132 21.73327275 -50.80149429 30.22675159 81.02824588 -58.11930298 54.53885406 112.658157 -0.9497325286 53.07075248 60.38856117 293.4166451 0.9316502273
9 72665 17262 17262 0 -22.42755625 66.85345883 -57.42136706 108.6039107 166.0252777 -143.6532942 116.0628678 259.716162 0.3301617868 145.4279902 152.8869473 329.7145642 0.4348916367
10 10200 4755 4755 0 -1.119602148 5.475327952 -6.136976988 13.27080255 19.40777954 -7.148697042 24.51901214 31.66770919 1.699171053 15.64833075 26.89654034 299.5956441 0.9954565426
11 220944 1574 1574 0 -24.37040723 55.45986522 -36.63999779 102.7044658 139.3444636 -90.92056651 135.2099517 226.1305182 0.6725902591 133.588871 166.0943569 349.9209948 0.5997313749
12 21398 374 374 0 -1.475879021 86.41198003 -24.26876466 158.2992994 182.568064 -148.6285001 165.082266 313.7107661 0.2935940496 179.4741322 179.9809539 296.3771104 0.165629478
13 152421 1767 1767 0 -5.039223922 77.64476846 -170.8027295 39.11423771 209.9169672 -177.6268134 113.0067714 290.6335848 -0.9095353175 165.1104165 171.9345004 262.5374827 0.4368837282
14 173287 1256 1256 0 -1.304088093 18.63086725 -29.69347452 32.62892786 62.32240238 -31.25526234 77.91931788 109.1745802 0.4002570332 41.22739669 86.51778671 34.06943499 0.9484562099
15 52788 2606 2606 0 -2.048567421 10.8744943 -14.40414414 20.61100886 35.015153 -16.87568545 35.76848095 52.64416639 0.6239653788 24.11588664 39.27335873 310.6998215 0.9821290162
16 86796 848 848 0 3.015042098 44.02340347 -120.1902153 19.91973739 140.1099527 -178.9337773 177.9516121 356.8853894 -1.301484365 127.9332987 179.8773033 351.8524665 0.8056716243
17 66531 156 156 0 -11.70793848 52.28853737 -36.08314004 105.8837591 141.9668992 -86.73495735 126.1999503 212.9349076 0.9638696557 124.3812116 144.6974028 337.6494498 0.660903011
18 125038 14592 14592 0 -3.574334778 11.55547771 -8.59078103 22.24404074 30.83482177 -9.380722231 177.0984638 186.479186 4.12900362 27.20197935 177.9435976 266.4939111 0.9818599499
19 32794 252 252 0 -1.928927857 19.29677395 -21.3967019 30.76076283 52.15746473 -24.97113891 148.942718 173.9138569 2.670097985 39.79683579 157.978791 26.13998593 0.9514475287
20 110195 959 959 0 -3.110506815 11.53408666 -11.43117921 24.24554641 35.67672562 -15.3164994 63.81677527 79.13327467 1.871470818 27.24154242 66.81277128 335.9111199 0.9802366668
21 23602 347 347 0 1.534469844 59.35138783 -20.76922267 161.7399846 182.5092073 -126.4867104 162.7014617 289.188172 1.818009059 160.655577 161.6170541 293.0389934 0.6950898333
22 68608 525 105 420 -1.899449371 10.49491383 -13.54420442 21.46806624 35.01227066 -16.38930122 36.20290983 52.59221105 1.22502633 nan nan 222.9912452 0.9834421708
23 151422 3209 3209 0 -2.749349026 32.66809488 -26.9614641 46.9922961 73.9537602 -179.8316779 179.9082597 359.7399376 0.7783818963 54.03209662 178.7271397 356.2613707 0.887213669
24 69514 1584 1584 0 -0.2848841438 8.803041755 -9.337561465 11.17050495 20.50806642 -63.57415004 90.6124313 154.1865813 0.4774036672 15.39477982 94.38640542 314.6766259 0.9888295714
25 159163 382 382 0 -5.132454663 85.30799972 -172.0784884 55.65908713 227.7375755 -177.6065109 174.6014793 352.2079902 -0.4619475544 166.3747313 179.4043303 262.5770692 0.3281080128
26 148599 641 641 0 -7.712955285 81.75357056 -174.9886573 47.69429462 222.6829519 -179.9683921 179.7216078 359.6899999 -0.6410312669 167.2547648 172.2333271 265.8106093 0.435754253
27 167957 1 1 0 0 0 0 0 0 0 0 0 nan 0 0 345.1171943 1
28 10887 502 502 0 4.716937999 40.68283359 -49.48322582 11.60546557 61.08869139 -179.5475774 179.1565505 358.7041279 -1.289712156 138.0916548 179.2026275 90.52140006 0.84947109
29 35940 163 163 0 -17.43272873 50.59915052 -33.18959702 110.5761119 143.765709 -89.90586269 120.3010067 210.2068694 0.9307159087 135.1520651 144.8769599 326.4844716 0.6795166863
30 49623 7404 7404 0 -8.333509546 46.91719085 -11.506753 123.8852042 135.3919572 -68.57439507 149.230748 217.8051431 1.947693299 134.1979013 159.5434451 298.0769658 0.7591127249
31 90992 2366 2363 3 -2.620986447 13.44351727 -14.70829039 28.99423026 43.70252065 -16.63073292 68.86780105 85.49853397 1.485927226 34.41706356 74.29063434 317.3177452 0.9731639698
32 176287 17235 17235 0 -14.66416655 67.57065556 -33.13872331 135.0289856 168.1677089 -160.0839891 178.1223957 338.2063848 0.8682933049 164.5047426 179.9933548 307.4900645 0.4809008208
33 117692 11580 11579 1 -4.490962691 38.0103555 -25.11207878 131.0679513 156.1800301 -29.90749939 175.7198326 205.627332 2.780946017 142.0428181 174.5403336 284.2894838 0.854399966
34 27803 352 350 2 21.50825413 61.33787685 -123.8654707 55.0062417 178.8717124 -142.9774625 174.6380699 317.6155324 -0.4282624327 153.4265125 172.5385043 354.973623 0.5693434461
35 69158 1454 1454 0 -1.163346245 8.707854834 -12.43984893 16.01328692 28.45313586 -15.03548452 22.35254254 37.38802707 0.4356941343 16.19583501 22.53509063 322.5761321 0.9885031836
36 31348 169 169 0 -1.044583476 13.61141198 -13.12994742 17.3755309 30.50547833 -61.03112288 44.7869352 105.8180581 -0.6783622448 25.65656553 63.51229108 352.7912822 0.9729884219
37 177577 888 888 0 -7.309958353 86.25654619 -66.31781485 153.5325839 219.8503987 -148.516794 158.3534065 306.8702005 0.2795676729 159.3464081 164.1672307 105.7040279 0.2482010628
38 31224 352 352 0 -13.62354181 52.79987024 -153.9691763 26.15184594 180.1210222 -172.9052239 164.5045053 337.4097292 -1.113607288 141.4739647 177.4030762 66.73344088 0.7411859753
39 58460 11809 11809 0 -22.04453219 48.57693784 -35.93342699 89.58063783 125.5140648 -140.5275579 97.35260975 237.8801676 0.6902754528 119.1009476 126.8729195 325.0518922 0.6860286196
40 37086 540 540 0 -8.470487509 25.0925765 -14.68278897 71.84247298 86.52526196 -19.31603863 96.43589864 115.7519373 2.103769155 82.52793858 107.1213642 309.8995199 0.9138526487
41 103927 121 121 0 -3.927102639 48.58441036 -60.26898649 114.6809841 174.9499706 -61.58185543 145.5472558 207.1291112 0.9736648589 117.4525252 148.3187968 353.8156599 0.7147377726
42 29606 242 242 0 -2.443862439 17.4863455 -22.18021826 31.23438414 53.4146024 -25.21200106 56.12305988 81.33506093 0.8165406786 47.21229748 72.10097322 24.68653739 0.9545712765
43 26563 174 174 0 -29.78268696 59.40264073 -40.70304734 104.4887483 145.1917956 -122.6631889 163.8363372 286.4995261 0.5503777846 137.4312037 163.2212074 332.6097988 0.5519544304
44 47728 402 0 402 nan nan nan nan nan nan nan nan nan nan nan nan nan
45 23915 4569 4568 1 -0.4373269987 4.317041969 -6.195921672 8.03104905 14.22697072 -7.394010936 15.00052892 22.39453985 0.5770950234 8.413318788 15.38279865 307.1249122 0.9971654732
46 33367 597 597 0 -1.409960308 20.04151255 -3.581837361 6.036915373 9.618752734 -139.3245902 129.615524 268.9401142 0.1324790085 62.62862545 137.0614126 293.2017081 0.9505796393
47 175331 13260 13259 1 -13.40219638 86.55807185 -26.71579857 149.1917644 175.9075629 -166.5560077 153.2584875 319.8144952 0.1939652226 161.4919868 165.55871 113.2587842 0.241357655
48 152164 553 553 0 -13.95846275 101.4519028 -176.7549424 174.6263329 351.3812753 -179.9292529 179.9828371 359.91209 -0.07850524707 167.611054 178.4894961 272.9303641 0.2383110148
49 218982 881 881 0 -2.394306758 22.56868483 -13.13841125 18.96488258 32.10329384 -32.66650643 145.2984057 177.9649121 4.133477317 25.21990428 136.516853 17.35539855 0.9420236112
50 99635 429 428 1 -2.490937745 23.5855439 -16.97057877 32.30596787 49.27654664 -136.6949816 55.10284149 191.7978231 -2.807357664 45.05829933 129.8646975 352.4158689 0.9335630794
51 75967 242 242 0 45.48387018 78.18068809 -75.7470956 146.1927305 221.9398261 -177.2963778 169.6558605 346.9522383 0.1793126062 136.521039 171.082913 5.897409836 0.3101250706
52 204256 1634 1634 0 11.08810531 39.21060874 -89.6836267 21.48373036 111.1673571 -132.7065308 95.23154105 227.9380719 -1.6420899 101.0381466 144.0610507 31.09256984 0.8037072606
53 47027 2323 2323 0 -3.751013968 10.89191513 -9.441837064 23.17573784 32.6175749 -10.31342716 66.07872545 76.39215262 1.968018768 28.00082156 70.90380918 303.7178537 0.9823323012
54 147412 794 794 0 -3.730023516 80.37521972 -170.2793028 45.69418878 215.9734915 -177.1262788 176.2734751 353.3997539 -0.643142331 165.8280261 179.123894 261.3362787 0.4414726244
55 169016 13451 13451 0 -1.452854792 104.0545685 -178.0425802 178.0745831 356.1171634 -179.9988087 179.9969053 359.9957141 0.03604498339 179.0304308 179.9996462 266.5255066 0.2464965072
56 105817 678 678 0 1.303173582 14.01255031 -25.44393681 23.11150227 48.55543907 -29.65174829 30.61212779 60.26387608 -0.167216632 27.53595841 31.49969632 345.9085484 0.9704336731
57 33842 434 434 0 -3.0434655 18.33006675 -5.255220223 9.554988659 14.81020888 -86.09316138 123.7092082 209.8023696 3.813940491 14.71336511 128.3768185 298.0295356 0.9583602554
58 6146 1531 1531 0 -0.8650707945 5.001094654 -4.976097691 5.526821095 10.50291879 -5.15743089 28.15458377 33.31201466 2.40672983 7.761185249 30.38894793 297.3188801 0.9962161492
59 11641 1358 1358 0 -1.795541866 5.820069237 -3.397326446 5.098606986 8.495933431 -3.511446059 53.88997956 57.40142562 4.853328519 7.458461128 56.2498337 295.6683646 0.9949801608
60 124702 850 850 0 -5.512518526 55.29401041 -13.23127308 150.3843473 163.6156204 -179.7942864 179.790217 359.5845034 0.4618073348 171.6012477 179.9996566 269.9651641 0.7771058306
61 36259 809 809 0 47.42338474 71.19762423 -70.89473319 88.44596368 159.3406969 -150.8084253 106.6280941 257.4365194 -0.03691330038 129.4418104 179.5528289 2.400108434 0.3465500084
62 46308 75 75 0 -7.160849525 19.33455128 -15.12786518 38.2329435 53.36080868 -15.50643863 71.72637998 87.2328186 1.775432638 42.56407521 76.05751169 307.4973118 0.9461331921
63 148588 6839 6838 1 -8.54180042 79.69199241 -174.4406149 47.9789732 222.4195881 -179.9748851 179.974972 359.9498571 -0.710582448 165.6562587 179.5593365 266.7526122 0.4729393195
64 30178 636 636 0 -5.157732085 28.58690312 -9.747787797 83.62555063 93.37333843 -89.1996537 113.7863892 202.9860429 2.049034193 90.20059705 120.3614356 302.1849186 0.8972305371
65 42086 7511 7510 1 -9.005717346 48.01092906 -11.38268339 120.4073278 131.7900112 -148.5187275 154.2099653 302.7286928 1.897533298 131.9632557 165.6826583 297.3363794 0.7499176583
66 20069 368 368 0 7.632630765 33.30683585 -58.41564708 8.670683662 67.08633074 -145.1923 90.80706992 235.9993699 -2.703857685 77.34447113 152.970334 85.91940171 0.8799845893
67 184619 884 884 0 -3.547067755 11.95501204 -12.38084624 24.24467631 36.62552254 -32.8447669 49.56965172 82.41441863 1.376042476 28.61391684 53.93889226 16.17209938 0.9786140653
68 35318 141 141 0 -11.73454153 80.59589064 -37.28075293 179.3088711 216.589624 -179.4056771 179.5398624 358.9455395 0.3674264566 168.5869519 173.6869693 269.9343597 0.367163942
69 62912 443 443 0 -4.566801161 23.1354834 -14.990994 64.03583027 79.02682427 -73.86063189 102.5734051 176.434037 2.160933302 71.37574164 109.9133165 321.8516372 0.9282581131

K=80, STD=0.009224898852
n = trajectories per cluster; conditions overlap.
n = 1: clusters=1/80 (1.25%); trajectories=1/194124 (0.00%)
n < 10: clusters=1/80 (1.25%); trajectories=1/194124 (0.00%)
n < 100: clusters=4/80 (5.00%); trajectories=212/194124 (0.11%)

K=80, phase=backward, parameter=a [km]
cluster representative_source n_cluster n_valid n_missing median std p05 p95 width90 minimum maximum range skewness error95 error_max angle_origin_deg angle_resultant
0 157048 10663 0 10663 nan nan nan nan nan nan nan nan nan nan nan nan nan
1 69158 1420 1420 0 200951.213 1394.23145 199527.5901 203896.3115 4368.721439 199231.0362 204516.273 5285.236857 0.5521948862 4365.998028 4985.959534 nan nan
2 23125 685 685 0 239491.9754 1384.378846 236716.1194 240791.7217 4075.602379 234971.2139 240887.1301 5915.916253 -0.6271612662 2649.76977 4394.675267 nan nan
3 166807 973 0 973 nan nan nan nan nan nan nan nan nan nan nan nan nan
4 46306 533 533 0 206264.4067 4281.649262 201654.1863 213785.503 12131.31668 193116.9663 216853.6735 23736.70722 0.1536506078 8034.714956 12816.58949 nan nan
5 75363 828 0 828 nan nan nan nan nan nan nan nan nan nan nan nan nan
6 32340 45 45 0 238851.4472 2368.414331 234508.5728 240989.0943 6480.521513 233105.6795 241117.2713 8011.591851 -0.523850565 3569.998335 4972.891608 nan nan
7 27925 877 877 0 223589.6979 4953.129674 214050.6165 230184.8563 16134.23986 212054.8839 231203.2728 19148.38894 -0.3630054518 8738.929091 9855.241645 nan nan
8 41926 252 252 0 209145.1169 6696.356263 201820.6602 217629.2016 15808.5414 193076.8534 234494.9336 41418.08023 0.8681476686 12077.07178 24735.69991 nan nan
9 167109 2209 0 2209 nan nan nan nan nan nan nan nan nan nan nan nan nan
10 10199 4735 4735 0 221736.3872 3944.24883 215056.6957 227539.2589 12482.56326 213935.754 231002.7232 17066.96922 -0.07257768333 7495.070282 8547.68464 nan nan
11 217076 1674 0 1674 nan nan nan nan nan nan nan nan nan nan nan nan nan
12 19213 272 272 0 235734.289 3501.051005 234051.5995 236064.1208 2012.521315 193730.153 236179.9866 42449.83359 -8.409725671 1685.859941 42007.30643 nan nan
13 152421 1767 0 1767 nan nan nan nan nan nan nan nan nan nan nan nan nan
14 166808 679 0 679 nan nan nan nan nan nan nan nan nan nan nan nan nan
15 43589 1940 1940 0 199225.8115 2101.563505 197072.1443 203450.5208 6378.376479 196760.8109 204380.0599 7619.249026 0.4703174842 5213.173506 6142.712662 nan nan
16 84771 760 760 0 221901.08 4695.596035 214957.6446 229627.7955 14670.15084 213151.4466 234172.1863 21020.73961 0.14357536 7893.731817 12133.06356 nan nan
17 66531 152 152 0 201848.6909 1849.438434 200805.2238 204085.0746 3279.850835 193076.1974 204482.9701 11406.77272 -2.578105984 3201.425788 8064.26822 nan nan
18 125903 14187 0 14187 nan nan nan nan nan nan nan nan nan nan nan nan nan
19 32794 246 246 0 238213.7424 2488.82586 233646.7456 240997.4882 7350.74255 232642.0481 241041.6789 8399.630838 -0.3378910381 4423.729552 5428.427097 nan nan
20 112267 1026 1026 0 207920.3202 5687.178293 203257.0861 218499.6953 15242.60924 202568.3077 232689.6593 30121.35162 1.900021489 12841.66163 27031.62567 nan nan
21 24045 340 340 0 235309.1719 624.3637169 234240.6099 235894.9276 1654.317647 231494.8698 236191.6997 4696.829932 -2.281649223 1057.037295 3802.777411 nan nan
22 60 433 433 0 228349.6769 4521.297136 220242.2591 235926.7034 15684.44427 213751.6007 236959.9869 23208.38618 -0.4470100925 8536.363378 15027.02179 nan nan
23 81926 4638 0 4638 nan nan nan nan nan nan nan nan nan nan nan nan nan
24 69514 1581 1581 0 203480.0623 1018.707726 202128.5561 204418.877 2290.320868 193052.5207 204909.2614 11856.74066 -4.302763775 1214.230203 10212.75148 nan nan
25 148610 519 0 519 nan nan nan nan nan nan nan nan nan nan nan nan nan
26 148599 651 0 651 nan nan nan nan nan nan nan nan nan nan nan nan nan
27 167957 1 0 1 nan nan nan nan nan nan nan nan nan nan nan nan nan
28 9553 433 433 0 239140.8887 724.3282114 237878.3266 239702.6143 1824.287757 234615.9003 240887.4587 6271.558407 -1.550081983 1372.655986 4539.283327 nan nan
29 36859 137 137 0 208879.5899 3812.072245 203904.0068 215693.1389 11789.13211 202799.9283 219050.7657 16250.8374 0.2804947593 6510.951457 9133.210205 nan nan
30 49395 7398 7398 0 225379.2465 4843.003525 217696.8642 233159.3116 15462.44735 216276.5582 237064.8143 20788.2561 0.01742530228 10113.14282 14018.64558 nan nan
31 76120 304 304 0 201594.0606 1322.641201 199540.8248 203643.4429 4102.618154 193088.3021 204479.1362 11390.83409 -1.449678174 3096.876124 7577.34973 nan nan
32 188685 11581 0 11581 nan nan nan nan nan nan nan nan nan nan nan nan nan
33 110441 8873 0 8873 nan nan nan nan nan nan nan nan nan nan nan nan nan
34 29841 93 93 0 237532.9765 5302.973685 224962.6769 240192.048 15229.37115 224076.8235 240886.9993 16810.17575 -1.072212548 12878.30361 13764.15694 nan nan
35 53483 2578 2578 0 200046.2472 1756.777178 198099.4062 203698.72 5599.313763 197671.8411 204535.186 6863.344918 0.5229074534 4931.82868 5768.294727 nan nan
36 31348 150 150 0 217254.1612 8911.283218 202593.2376 230850.3559 28257.11832 201334.3447 231255.9631 29921.6184 -0.1139635352 14446.55544 15360.00786 nan nan
37 178930 835 0 835 nan nan nan nan nan nan nan nan nan nan nan nan nan
38 31678 340 340 0 235630.3681 845.4096997 234576.782 237343.0356 2766.253601 233675.3636 237938.2375 4262.873926 0.45221923 1714.064426 2264.964274 nan nan
39 58460 11875 11875 0 210234.4511 3386.842457 205194.1836 215918.4005 10724.2169 204480.2729 218314.5844 13834.31151 0.1153475839 5754.083801 7746.715794 nan nan
40 37086 567 567 0 209303.7052 3815.693819 203871.678 215443.3313 11571.65333 202734.5047 218690.0129 15955.50822 0.1388395107 6859.742715 8015.009205 nan nan
41 103927 119 119 0 212329.9293 9167.529784 205186.8423 232017.4412 26830.59889 203779.365 232521.4586 28742.09362 0.7726478212 19021.87151 19525.88893 nan nan
42 29606 243 243 0 239255.7417 2356.843747 233997.4742 241041.6322 7044.158053 231700.8906 241085.7226 9384.832057 -0.7948184972 4745.113079 7041.696699 nan nan
43 26563 169 169 0 226013.8164 4526.454648 218149.0648 231574.5073 13425.44258 216809.4589 236243.055 19433.59614 -0.04726264118 7777.125615 10843.15151 nan nan
44 47728 464 464 0 233290.8381 2176.384871 229405.8291 236309.0147 6903.185558 228461.4184 237057.1295 8595.711105 -0.2199580637 4084.607777 5029.01853 nan nan
45 23245 3738 3738 0 224242.192 4001.103449 217280.2469 229706.788 12426.54108 216237.2685 230946.3375 14709.069 -0.1800773575 6836.447351 8075.996917 nan nan
46 33367 591 591 0 223600.2795 5532.203276 215348.1775 231853.1425 16504.96499 213489.1343 235537.6775 22048.5432 0.1328423191 10216.87883 13901.41391 nan nan
47 171159 14745 0 14745 nan nan nan nan nan nan nan nan nan nan nan nan nan
48 181188 523 0 523 nan nan nan nan nan nan nan nan nan nan nan nan nan
49 219133 752 0 752 nan nan nan nan nan nan nan nan nan nan nan nan nan
50 98845 409 409 0 219259.5735 8066.238367 206275.1576 231923.4986 25648.34101 204373.5227 233436.8318 29063.3091 -0.01990038149 13861.48007 15374.8133 nan nan
51 77950 239 239 0 225222.8558 4126.934612 221532.067 235072.5177 13540.45073 217499.8331 237077.8528 19578.01971 0.7156492565 11650.88629 13656.22135 nan nan
52 193896 954 0 954 nan nan nan nan nan nan nan nan nan nan nan nan nan
53 84936 2516 2516 0 197784.4951 2248.164669 195747.8479 202519.0444 6771.196511 195334.9647 204463.1318 9128.167094 0.6562094485 5291.59186 7235.679253 nan nan
54 153332 574 0 574 nan nan nan nan nan nan nan nan nan nan nan nan nan
55 168449 13279 0 13279 nan nan nan nan nan nan nan nan nan nan nan nan nan
56 106193 702 702 0 211348.0607 6619.658008 204114.7096 229445.5684 25330.85874 202908.9929 232899.4332 29990.4403 1.09143378 16826.74422 20280.60907 nan nan
57 33842 431 431 0 218170.9644 7294.800496 205766.9511 229950.2815 24183.33045 202978.7923 231375.1727 28396.38032 -0.08974036652 12856.14659 15111.6945 nan nan
58 6040 1508 1508 0 217967.3074 3387.441423 212721.8167 223474.8652 10753.04847 210374.9145 230430.7539 20055.83933 0.1676723555 6017.916069 12196.08504 nan nan
59 11323 1295 1295 0 208474.6088 2794.070099 204501.1191 213311.9574 8810.838327 203342.4402 215024.4509 11682.01074 0.1819185705 4841.159875 6172.266955 nan nan
60 113656 506 0 506 nan nan nan nan nan nan nan nan nan nan nan nan nan
61 36030 791 791 0 233569.4663 1748.003548 232207.6576 234672.7483 2465.090721 201887.6693 235187.1916 33299.52232 -14.77886216 1395.149043 31674.55151 nan nan
62 46308 73 73 0 209776.0224 5063.97499 201549.2545 216966.3388 15417.08432 201481.0537 218843.7743 17362.72065 0.01713755656 11443.43677 13320.87226 nan nan
63 149779 6844 0 6844 nan nan nan nan nan nan nan nan nan nan nan nan nan
64 30178 596 596 0 223659.1013 4598.961505 216773.265 230959.0858 14185.82085 214513.8325 235285.2243 20771.39183 0.05074482126 8235.025728 12561.1642 nan nan
65 42086 7496 7496 0 225302.8156 5342.571416 216857.7635 232814.3355 15956.57208 214998.0586 235326.9601 20328.90155 -0.06747215304 10355.66048 12868.28507 nan nan
66 19850 337 337 0 237636.0088 1059.809997 236139.5314 239237.929 3098.397587 234416.5233 240550.088 6133.564677 0.155840866 1788.69678 3236.114339 nan nan
67 184619 867 0 867 nan nan nan nan nan nan nan nan nan nan nan nan nan
68 52112 184 184 0 232520.17 1219.69331 230466.3866 234293.8309 3827.444341 230091.8706 235221.0839 5129.213281 -0.11440812 2140.771196 2657.488153 nan nan
69 61172 303 303 0 201806.4305 1202.481814 201075.8668 204015.4031 2939.536244 193064.5732 204436.8777 11372.30451 -2.326415059 2451.10707 8562.803952 nan nan
70 150238 190 0 190 nan nan nan nan nan nan nan nan nan nan nan nan nan
71 27803 337 337 0 239149.2516 1906.697505 235146.6929 240925.856 5779.163087 234280.425 241125.0718 6844.646807 -0.5510475953 3705.047482 4571.315427 nan nan
72 132574 770 0 770 nan nan nan nan nan nan nan nan nan nan nan nan nan
73 28876 1858 1858 0 210990.406 3531.14771 204971.544 215878.6178 10907.07381 203612.0304 216473.9076 12861.87715 -0.1568842098 6567.96049 7927.474071 nan nan
74 21171 216 216 0 236618.8546 1883.541238 234262.7814 237555.621 3292.83954 224196.0477 237778.5908 13582.54315 -4.39871979 2428.265818 12494.99958 nan nan
75 31807 140 140 0 216983.97 7950.740036 204800.949 229645.4819 24844.53287 202670.6099 231209.2748 28538.6649 0.06444634537 13888.93054 15452.72341 nan nan
76 218020 1084 0 1084 nan nan nan nan nan nan nan nan nan nan nan nan nan
77 103681 17290 0 17290 nan nan nan nan nan nan nan nan nan nan nan nan nan
78 148701 9079 0 9079 nan nan nan nan nan nan nan nan nan nan nan nan nan
79 20892 2662 2662 0 209185.2195 3060.547994 204478.0711 213777.6002 9299.529174 202802.5858 216332.3473 13529.7615 -0.01691371986 5056.546082 7319.478325 nan nan

K=80, phase=backward, parameter=e [-]
cluster representative_source n_cluster n_valid n_missing median std p05 p95 width90 minimum maximum range skewness error95 error_max angle_origin_deg angle_resultant
0 157048 10663 0 10663 nan nan nan nan nan nan nan nan nan nan nan nan nan
1 69158 1420 1420 0 0.5121123311 0.01033558172 0.4902991372 0.5226515846 0.03235244742 0.4854330737 0.524844825 0.03941175123 -0.5552498835 0.03232634423 0.0371924077 nan nan
2 23125 685 685 0 0.1895523802 0.01549132863 0.1738837859 0.2194721985 0.04558841259 0.1726509316 0.236160505 0.06350957339 0.5422903754 0.02991981827 0.04660812473 nan nan
3 166807 973 0 973 nan nan nan nan nan nan nan nan nan nan nan nan nan
4 46306 533 533 0 0.472563711 0.03214987541 0.4157000618 0.5068533891 0.09115332737 0.3914441795 0.5700086311 0.1785644516 -0.1739553157 0.06076985829 0.09494080912 nan nan
5 75363 828 0 828 nan nan nan nan nan nan nan nan nan nan nan nan nan
6 32340 45 45 0 0.195234116 0.02567098111 0.1714118232 0.2415832774 0.07017145422 0.1699124926 0.2541560809 0.08424358826 0.4608461272 0.03780814864 0.05038095215 nan nan
7 27925 877 877 0 0.3378203295 0.04041676738 0.28227185 0.4137320112 0.1314601612 0.2731942552 0.4289860303 0.1557917751 0.3030176717 0.07185155219 0.07878748967 nan nan
8 41926 252 252 0 0.4509631008 0.05204838696 0.3859001225 0.5056172442 0.1197171217 0.2415658104 0.5703110008 0.3287451904 -1.124084472 0.0901572115 0.2047626933 nan nan
9 167109 2209 0 2209 nan nan nan nan nan nan nan nan nan nan nan nan nan
10 10199 4735 4735 0 0.3537050284 0.03175434366 0.3057168723 0.4061839092 0.1004670369 0.2750330387 0.4148232139 0.1397901753 0.02189625333 0.05932957438 0.07265946736 nan nan
11 217076 1674 0 1674 nan nan nan nan nan nan nan nan nan nan nan nan nan
12 19213 272 272 0 0.2293691313 0.02917292393 0.2260506178 0.2456792958 0.01962867797 0.2247418084 0.5654637168 0.3407219084 7.857634644 0.0163599147 0.3361443357 nan nan
13 152421 1767 0 1767 nan nan nan nan nan nan nan nan nan nan nan nan nan
14 166808 679 0 679 nan nan nan nan nan nan nan nan nan nan nan nan nan
15 43589 1940 1940 0 0.5249053677 0.01552643045 0.4937487817 0.5408292821 0.04708050038 0.4866895261 0.543148523 0.0564589969 -0.4714563255 0.03852682476 0.04558608044 nan nan
16 84771 760 760 0 0.3513974408 0.03832029094 0.2860519313 0.406194473 0.1201425417 0.2472630738 0.4201174017 0.1728543279 -0.2006696689 0.06546894993 0.102942396 nan nan
17 66531 152 152 0 0.5054536053 0.01371461848 0.488685315 0.5131642018 0.02447888677 0.485691379 0.570313305 0.08462192599 2.562610824 0.02380921492 0.05962051401 nan nan
18 125903 14187 0 14187 nan nan nan nan nan nan nan nan nan nan nan nan nan
19 32794 246 246 0 0.2027404218 0.02647053852 0.1712487534 0.248980007 0.07773125358 0.170592258 0.2616884088 0.09109615075 0.2594971651 0.0451355542 0.05784395599 nan nan
20 112267 1026 1026 0 0.459936533 0.04461820582 0.3784913374 0.4948168548 0.1163255174 0.2580708765 0.499945338 0.2418744616 -2.072365591 0.09836855355 0.2187890145 nan nan
21 24045 340 340 0 0.2334776296 0.006047828473 0.2274765825 0.2438560332 0.01637945069 0.2244055778 0.2692216734 0.04481609554 2.089790232 0.01030159056 0.03566723072 nan nan
22 60 433 433 0 0.2979078584 0.03891867946 0.2299541048 0.3662826572 0.1363285524 0.2193273173 0.4165733277 0.1972460104 0.3118026362 0.07496496113 0.1204387505 nan nan
23 81926 4638 0 4638 nan nan nan nan nan nan nan nan nan nan nan nan nan
24 69514 1581 1581 0 0.4932664757 0.00757302917 0.4862584703 0.5033491618 0.01709069143 0.4825119786 0.5704977882 0.08798580958 4.265149006 0.009103872442 0.07561384254 nan nan
25 148610 519 0 519 nan nan nan nan nan nan nan nan nan nan nan nan nan
26 148599 651 0 651 nan nan nan nan nan nan nan nan nan nan nan nan nan
27 167957 1 0 1 nan nan nan nan nan nan nan nan nan nan nan nan nan
28 9553 433 433 0 0.1936377808 0.008094338058 0.187133127 0.2068284306 0.01969530362 0.1725560874 0.2429740335 0.07041794612 1.447527831 0.01543509073 0.04985569116 nan nan
29 36859 137 137 0 0.4529995754 0.0288406122 0.4010468811 0.490200825 0.08915394389 0.3741500169 0.4982038885 0.1240538716 -0.3016640492 0.049529449 0.0710212181 nan nan
30 49395 7398 7398 0 0.3230742631 0.04078780933 0.2545983031 0.3851016735 0.1305033704 0.2151649203 0.3961725714 0.1810076511 -0.09394806412 0.08776795441 0.1272013372 nan nan
31 76120 304 304 0 0.507265862 0.009821094458 0.4919299866 0.5224589443 0.03052895769 0.4857160248 0.5702432147 0.08452718992 1.425162566 0.02314989398 0.05605246356 nan nan
32 188685 11581 0 11581 nan nan nan nan nan nan nan nan nan nan nan nan nan
33 110441 8873 0 8873 nan nan nan nan nan nan nan nan nan nan nan nan nan
34 29841 93 93 0 0.2102244695 0.05027950048 0.1804117407 0.326195469 0.1457837283 0.1732171762 0.3335634728 0.1603462965 0.987186738 0.1196712339 0.1270392377 nan nan
35 53483 2578 2578 0 0.5188397035 0.01300626231 0.4917876374 0.5332243348 0.04143669738 0.4852822681 0.5363938212 0.05111155314 -0.5259028697 0.03653371493 0.04303908428 nan nan
36 31348 150 150 0 0.3889129001 0.07020725371 0.2763205342 0.4998864301 0.2235658959 0.2726984998 0.50927785 0.2365793502 0.04236690564 0.1169581937 0.1205802281 nan nan
37 178930 835 0 835 nan nan nan nan nan nan nan nan nan nan nan nan nan
38 31678 340 340 0 0.2299115166 0.008635051601 0.2121901205 0.2404106479 0.02822052746 0.2058615393 0.2493720353 0.04351049596 -0.4956762175 0.01767487299 0.02355639928 nan nan
39 58460 11875 11875 0 0.4425802945 0.02572470984 0.399005575 0.4804576617 0.08145208661 0.3801262733 0.4858805364 0.1057542631 -0.1329616395 0.04364508597 0.05995036262 nan nan
40 37086 567 567 0 0.4498002488 0.02885351167 0.4029150073 0.4903337769 0.08741876959 0.377006182 0.4988896282 0.1218834462 -0.1583462192 0.05179908821 0.06242743014 nan nan
41 103927 119 119 0 0.4266974558 0.07373232759 0.264367452 0.4806233604 0.2162559084 0.2596674671 0.4909503068 0.2312828397 -0.8344702543 0.1569383322 0.161638317 nan nan
42 29606 243 243 0 0.1917342991 0.02549229721 0.1705921991 0.2470190604 0.07642686135 0.1700108998 0.2703122815 0.1003013817 0.7076526508 0.0506069571 0.07390017814 nan nan
43 26563 169 169 0 0.3181210078 0.03801643226 0.2697177382 0.3818645931 0.1121468549 0.2268033251 0.39237887 0.1655755449 -0.03404272974 0.06267223588 0.0965046908 nan nan
44 47728 464 464 0 0.2524508971 0.02065786673 0.22259999 0.2880725551 0.06547256515 0.2148447897 0.2963670999 0.08152231018 0.1505981001 0.0375279312 0.04582247597 nan nan
45 23245 3738 3738 0 0.3331178593 0.03288177268 0.2867042881 0.3887946288 0.1020903407 0.275559612 0.3968675338 0.1213079218 0.1333278256 0.05756591693 0.06871059299 nan nan
46 33367 591 591 0 0.3381476244 0.04605869917 0.2671511377 0.4036630331 0.1365118954 0.2316081199 0.4185724086 0.1869642887 -0.2239906209 0.08695155372 0.1224945715 nan nan
47 171159 14745 0 14745 nan nan nan nan nan nan nan nan nan nan nan nan nan
48 181188 523 0 523 nan nan nan nan nan nan nan nan nan nan nan nan nan
49 219133 752 0 752 nan nan nan nan nan nan nan nan nan nan nan nan nan
50 98845 409 409 0 0.3724698956 0.06487084758 0.2652143692 0.4722229083 0.2070085391 0.2509818376 0.4864679339 0.2354860962 -0.06702250662 0.1167238255 0.130956357 nan nan
51 77950 239 239 0 0.3240092359 0.03582072618 0.236190355 0.3543139686 0.1181236136 0.2146612063 0.3869417434 0.1722805371 -0.8431557022 0.1027567515 0.1242859002 nan nan
52 193896 954 0 954 nan nan nan nan nan nan nan nan nan nan nan nan nan
53 84936 2516 2516 0 0.5355774356 0.01667507639 0.5004009317 0.5506098969 0.05020896522 0.4858142052 0.5536543787 0.06784017354 -0.6580754933 0.03922898674 0.05381571325 nan nan
54 153332 574 0 574 nan nan nan nan nan nan nan nan nan nan nan nan nan
55 168449 13279 0 13279 nan nan nan nan nan nan nan nan nan nan nan nan nan
56 106193 702 702 0 0.4339400872 0.05223380461 0.2875178644 0.4884207236 0.2009028591 0.2561010856 0.4974238732 0.2413227876 -1.230298257 0.1366651934 0.1680819722 nan nan
57 33842 431 431 0 0.3816929777 0.05778851867 0.284233581 0.4763221523 0.1920885713 0.2730779203 0.4970755145 0.2239975942 0.009908927931 0.1044823114 0.1147528686 nan nan
58 6040 1508 1508 0 0.3837347678 0.02664302552 0.3398140839 0.4241372429 0.08432315903 0.280109165 0.4419173052 0.1618081402 -0.2311167506 0.0473136509 0.1015353196 nan nan
59 11323 1295 1295 0 0.4562572897 0.02100365354 0.4195864204 0.4859382088 0.06635178836 0.4066010115 0.4945201492 0.08791913768 -0.1936335688 0.03634455743 0.04682001614 nan nan
60 113656 506 0 506 nan nan nan nan nan nan nan nan nan nan nan nan nan
61 36030 791 791 0 0.2501393611 0.01453881608 0.2394861208 0.2628796448 0.02339352404 0.2349466751 0.5051342118 0.2701875367 13.38722668 0.01315821121 0.2549246085 nan nan
62 46308 73 73 0 0.4462196482 0.03824321615 0.391110788 0.5076305295 0.1165197415 0.3763806944 0.5081477689 0.1317670745 -0.03591756299 0.0870288296 0.1017589232 nan nan
63 149779 6844 0 6844 nan nan nan nan nan nan nan nan nan nan nan nan nan
64 30178 596 596 0 0.3375083909 0.03798818844 0.2756078219 0.3926295941 0.1170217722 0.2364314276 0.410756306 0.1743248783 -0.1064129186 0.0697275001 0.1089038944 nan nan
65 42086 7496 7496 0 0.3238486463 0.04490650953 0.2577186402 0.3918438035 0.1341251633 0.2337113159 0.4063395632 0.1726282473 -0.0008609231863 0.08957146784 0.1135787921 nan nan
66 19850 337 337 0 0.2091177743 0.01126967721 0.1921666945 0.2247977255 0.03263103104 0.1768589676 0.2415276911 0.06466872345 -0.2461774244 0.01883881951 0.03240991684 nan nan
67 184619 867 0 867 nan nan nan nan nan nan nan nan nan nan nan nan nan
68 52112 184 184 0 0.2597053278 0.01139908195 0.24282667 0.2785514644 0.03572479446 0.2341169465 0.281913467 0.0477965205 0.08100502048 0.02009205852 0.02516386364 nan nan
69 61172 303 303 0 0.5057533245 0.008914577055 0.4891860693 0.5111490465 0.02196297715 0.4860371988 0.5704147561 0.08437755733 2.305984397 0.01819596725 0.0633214489 nan nan
70 150238 190 0 190 nan nan nan nan nan nan nan nan nan nan nan nan nan
71 27803 337 337 0 0.1930733308 0.02069622372 0.1721599813 0.2343272658 0.06216728444 0.1697173735 0.2428185619 0.07310118834 0.4720946266 0.03907228618 0.04756358227 nan nan
72 132574 770 0 770 nan nan nan nan nan nan nan nan nan nan nan nan nan
73 28876 1858 1858 0 0.4371296777 0.02672728468 0.3996775793 0.4822676776 0.08259009831 0.3950996092 0.4924329531 0.09733334398 0.1423114709 0.04932653527 0.05949181078 nan nan
74 21171 216 216 0 0.2201236376 0.01783181498 0.210254146 0.2439416475 0.03368750149 0.207870927 0.3332219254 0.1253509985 4.115805587 0.02459966618 0.1138799441 nan nan
75 31807 140 140 0 0.3910202845 0.06277990193 0.2869975007 0.4833203104 0.1963228097 0.2731164279 0.4993811486 0.2262647207 -0.1320004215 0.11356273 0.1274438028 nan nan
76 218020 1084 0 1084 nan nan nan nan nan nan nan nan nan nan nan nan nan
77 103681 17290 0 17290 nan nan nan nan nan nan nan nan nan nan nan nan nan
78 148701 9079 0 9079 nan nan nan nan nan nan nan nan nan nan nan nan nan
79 20892 2662 2662 0 0.4508124783 0.02304140714 0.4159762267 0.4860216112 0.07004538442 0.3961178326 0.4984650493 0.1023472167 0.00392141979 0.03817274983 0.05600834402 nan nan

K=80, phase=backward, parameter=w [deg]
cluster representative_source n_cluster n_valid n_missing median std p05 p95 width90 minimum maximum range skewness error95 error_max angle_origin_deg angle_resultant
0 157048 10663 0 10663 nan nan nan nan nan nan nan nan nan nan nan nan nan
1 69158 1420 1420 0 -1.39475689 4.270533738 -4.791868223 8.801694388 13.59356261 -5.44548579 11.50184916 16.94733495 0.8922838109 8.576275993 11.27643076 191.977808 0.997225828
2 23125 685 685 0 2.522491866 13.59787258 -22.48488001 17.15629552 39.64117553 -24.27528206 19.58586014 43.8611422 -0.3130573306 33.41521308 35.20561514 193.8637556 0.9720602922
3 166807 973 0 973 nan nan nan nan nan nan nan nan nan nan nan nan nan
4 46306 533 533 0 -2.24335898 5.558172928 -3.566515343 13.47960164 17.04611698 -22.68433865 18.65089517 41.33523382 1.267723423 17.37609252 22.15573761 194.3731685 0.9953174103
5 75363 828 0 828 nan nan nan nan nan nan nan nan nan nan nan nan nan
6 32340 45 45 0 4.822913101 14.06054912 -30.09333157 14.76181729 44.85514886 -32.5841083 15.70292568 48.28703397 -0.9254581573 40.04063304 42.53140977 200.1861257 0.9703030898
7 27925 877 877 0 -5.269670091 10.69909238 -9.014226956 17.28927818 26.30350514 -32.67579789 17.48353035 50.15932823 0.8009476106 22.86505074 27.11129714 199.6348443 0.9826725078
8 41926 252 252 0 1.269379215 7.726761074 -18.84712928 10.17254593 29.01967521 -20.8237406 20.23264447 41.05638508 -1.271924758 19.50532822 21.35303233 191.2844101 0.9909733861
9 167109 2209 0 2209 nan nan nan nan nan nan nan nan nan nan nan nan nan
10 10199 4735 4735 0 -0.2240258099 2.62776827 -3.476120004 5.88373882 9.359858824 -4.270157934 8.975751619 13.24590955 1.13694696 5.983664304 9.075677103 185.5952281 0.9989491746
11 217076 1674 0 1674 nan nan nan nan nan nan nan nan nan nan nan nan nan
12 19213 272 272 0 -0.3785386138 3.851988709 -4.756226341 5.34660682 10.10283316 -12.06929371 15.60184144 27.67113515 1.568800331 6.562276432 16.72689653 200.1831009 0.9977467067
13 152421 1767 0 1767 nan nan nan nan nan nan nan nan nan nan nan nan nan
14 166808 679 0 679 nan nan nan nan nan nan nan nan nan nan nan nan nan
15 43589 1940 1940 0 -1.722076345 5.344563957 -5.99502976 11.39039034 17.3854201 -7.148541616 16.36496493 23.51350654 1.023348363 12.66422238 17.63879696 186.4927782 0.9956595781
16 84771 760 760 0 2.474109901 9.969455316 -18.13209576 4.384907081 22.51700284 -45.02901072 4.587686979 49.6166977 -3.864500469 21.15113814 48.0480531 212.029202 0.9855013304
17 66531 152 152 0 -0.2821347867 4.848705952 -4.626535716 7.148714894 11.77525061 -19.48970249 8.384990255 27.87469274 -0.9537701405 9.238656639 18.14239235 194.2469285 0.9964313558
18 125903 14187 0 14187 nan nan nan nan nan nan nan nan nan nan nan nan nan
19 32794 246 246 0 5.981719433 14.3217807 -30.47164727 13.23019467 43.70184194 -35.24718794 13.64973692 48.89692486 -1.021584371 38.42068494 43.19622561 202.4910275 0.9692099736
20 112267 1026 1026 0 1.497843571 7.841162694 -16.21171597 9.215060574 25.42677654 -16.47026572 11.7961644 28.26643012 -1.065763553 16.82055906 17.07910881 205.2843862 0.9906819807
21 24045 340 340 0 0.2604776978 2.741569851 -4.934908104 3.202636409 8.137544513 -6.863644969 13.40168926 20.26533423 0.513613655 4.915080215 13.77523241 202.2418672 0.9988566829
22 60 433 433 0 -19.63481663 23.3811185 -22.15574128 26.25301455 48.40875583 -22.31005496 26.42699343 48.73704839 0.1828188834 48.33233109 48.50630996 189.3653212 0.9179322444
23 81926 4638 0 4638 nan nan nan nan nan nan nan nan nan nan nan nan nan
24 69514 1581 1581 0 -0.04891048839 2.84788352 -3.802058088 4.362012977 8.164071065 -21.28716884 6.478683217 27.76585205 -1.264712554 5.705609709 20.06996264 196.2744693 0.998767521
25 148610 519 0 519 nan nan nan nan nan nan nan nan nan nan nan nan nan
26 148599 651 0 651 nan nan nan nan nan nan nan nan nan nan nan nan nan
27 167957 1 0 1 nan nan nan nan nan nan nan nan nan nan nan nan nan
28 9553 433 433 0 1.050475838 7.102073147 -12.84972208 8.715085989 21.56480807 -22.58486867 19.17301742 41.7578861 -0.6840283521 15.30335951 24.64902239 190.7162204 0.9923512836
29 36859 137 137 0 -2.334489921 7.544398187 -3.601522192 14.96934579 18.57086798 -22.4029248 21.16370564 43.56663044 0.5296545743 18.45827852 24.02226821 192.9807871 0.9913891892
30 49395 7398 7398 0 0.3224157628 3.286309921 -7.076683287 4.540141959 11.61682525 -11.38650944 12.94244562 24.32895506 -0.7300620664 7.150786211 12.88338887 204.6294562 0.9983566254
31 76120 304 304 0 -0.1276053398 4.411305977 -5.871214714 7.053878434 12.92509315 -21.7859007 9.008982903 30.79488361 -0.19594104 8.954995355 20.12429428 195.9934904 0.9970416234
32 188685 11581 0 11581 nan nan nan nan nan nan nan nan nan nan nan nan nan
33 110441 8873 0 8873 nan nan nan nan nan nan nan nan nan nan nan nan nan
34 29841 93 93 0 3.092660985 15.17972431 -32.11766247 14.70686821 46.82453068 -32.94613571 15.30286052 48.24899623 -1.050237571 39.80048385 40.62895709 200.4590345 0.9654640966
35 53483 2578 2578 0 -1.181990852 4.978905278 -6.025958293 10.28851549 16.31447378 -7.269260541 14.06277512 21.33203566 0.8742102184 11.66154504 15.43580468 189.7760816 0.9962313892
36 31348 150 150 0 -0.4792127457 3.400180257 -3.609553756 3.142520156 6.752073912 -3.670664959 17.8381528 21.50881776 2.419565665 3.863676183 18.55930883 192.9223701 0.9982453239
37 178930 835 0 835 nan nan nan nan nan nan nan nan nan nan nan nan nan
38 31678 340 340 0 0.5136842314 2.54041351 -7.619015781 2.202887028 9.821902809 -10.25843964 9.246290501 19.50473014 -1.946379479 8.870442246 11.50986611 205.8437166 0.999018607
39 58460 11875 11875 0 0.02966896969 4.559227679 -7.16453524 7.555925469 14.72046071 -26.45098679 13.57011028 40.02109707 0.124948502 9.638188183 24.3740635 200.0989913 0.9968379734
40 37086 567 567 0 -2.425865432 5.886300855 -3.365505681 15.128718 18.49422368 -3.886817083 20.7012651 24.58808218 2.111141765 17.74164434 23.31419144 193.2780364 0.9947507546
41 103927 119 119 0 1.472717241 8.463015146 -16.43860654 9.27358876 25.7121953 -16.63318595 9.484984173 26.11817012 -0.7805426936 19.98162181 20.17620122 207.2275595 0.9891395226
42 29606 243 243 0 3.083780961 16.08828758 -26.90426212 19.64434222 46.54860434 -28.61647013 20.43219955 49.04866969 -0.3556636415 40.1581514 41.87035941 195.7003119 0.9610160654
43 26563 169 169 0 -0.9585825327 8.977402549 -4.042399011 20.28922386 24.33162287 -28.8857432 20.67128379 49.55702699 -0.03617614785 20.92087657 28.59294568 196.0580684 0.9878943008
44 47728 464 464 0 0.2937225038 1.225193636 -2.296775104 1.462081937 3.75885704 -3.845039655 1.67873991 5.523779566 -0.733353644 2.70410719 4.252371742 214.0543384 0.9997713926
45 23245 3738 3738 0 -0.04319360583 1.634448944 -2.640576274 2.721858688 5.362434962 -4.481008315 3.484049046 7.965057361 0.004790938741 4.393443221 6.233875262 190.7827864 0.9995931817
46 33367 591 591 0 -0.02045682555 5.724249523 -2.841387917 5.888826487 8.730214404 -29.04894099 20.63079395 49.67973494 -0.6710031595 18.08611946 29.33158727 196.032733 0.9950752522
47 171159 14745 0 14745 nan nan nan nan nan nan nan nan nan nan nan nan nan
48 181188 523 0 523 nan nan nan nan nan nan nan nan nan nan nan nan nan
49 219133 752 0 752 nan nan nan nan nan nan nan nan nan nan nan nan nan
50 98845 409 409 0 2.324400836 8.223560967 -7.230770976 4.772924456 12.00369543 -45.52819154 4.874859844 50.40305138 -4.124164921 9.344217989 47.64163855 212.4650947 0.9900805626
51 77950 239 239 0 4.414595004 10.14086796 -15.58737143 5.780097045 21.36746848 -42.62463323 6.243753591 48.86838682 -2.439403299 20.46428352 47.50154531 209.7770458 0.984706105
52 193896 954 0 954 nan nan nan nan nan nan nan nan nan nan nan nan nan
53 84936 2516 2516 0 -0.08678388819 5.969622332 -9.830550834 9.495861811 19.32641264 -12.47077051 12.05629762 24.52706813 -0.04746935455 10.85650771 13.46520092 192.1351003 0.9945822516
54 153332 574 0 574 nan nan nan nan nan nan nan nan nan nan nan nan nan
55 168449 13279 0 13279 nan nan nan nan nan nan nan nan nan nan nan nan nan
56 106193 702 702 0 1.655746223 7.219408769 -18.92559747 8.151558808 27.07715627 -19.29022478 8.919375741 28.20960052 -1.47474917 21.90343871 22.26806603 208.0019391 0.992110747
57 33842 431 431 0 0.3944435019 3.273586485 -3.0386014 2.979514018 6.018115418 -26.48755651 3.13457279 29.6221293 -4.666421397 3.708491473 27.15744659 193.4454065 0.9983844185
58 6040 1508 1508 0 -0.3725486793 2.830393674 -2.093853357 0.8456289153 2.939482273 -2.617581807 35.77759862 38.39518042 4.612485682 2.04611848 36.19901124 180.8993995 0.998787628
59 11323 1295 1295 0 -0.257665684 1.787718701 -1.847549066 1.87048121 3.718030277 -2.154893989 10.24420262 12.39909661 3.158591755 2.216683626 10.59040503 180.3316558 0.9995139109
60 113656 506 0 506 nan nan nan nan nan nan nan nan nan nan nan nan nan
61 36030 791 791 0 0.6211592432 2.706359815 -5.574668464 3.215114713 8.789783176 -13.11719991 9.498700757 22.61590066 -1.000167686 6.225673238 13.58194889 207.1459494 0.9988853894
62 46308 73 73 0 -1.976038945 5.288677774 -3.661303018 14.51967286 18.18097588 -3.721744057 17.22663729 20.94838135 2.066146942 18.19479026 20.90175469 194.2802879 0.9957581784
63 149779 6844 0 6844 nan nan nan nan nan nan nan nan nan nan nan nan nan
64 30178 596 596 0 0.7233821738 5.4212176 -1.923941152 1.919204412 3.843145564 -27.45780054 22.31284122 49.77064176 -2.712103265 3.466403787 28.72087261 194.3715089 0.9955929669
65 42086 7496 7496 0 -1.377268364 4.767279887 -5.786050944 9.212339356 14.9983903 -8.107853548 14.32375271 22.43160626 0.8237842266 9.917670291 15.02908365 201.5330222 0.9965434232
66 19850 337 337 0 0.703131425 4.948783699 -6.098196888 6.523673055 12.62186994 -28.1887406 14.22118029 42.4099209 -2.157207487 9.772690514 28.31281697 200.8251859 0.9963002401
67 184619 867 0 867 nan nan nan nan nan nan nan nan nan nan nan nan nan
68 52112 184 184 0 0.4572644937 1.933400668 -1.857824851 1.457944716 3.315769567 -12.64293626 1.927484785 14.57042105 -4.194818758 2.829937477 13.61504889 214.9182377 0.9994319763
69 61172 303 303 0 -0.6815805955 3.467195684 -3.750498548 6.630176765 10.38067531 -20.28440698 8.502072313 28.78647929 -0.07245617031 8.707645429 18.4556781 194.0068891 0.9981725143
70 150238 190 0 190 nan nan nan nan nan nan nan nan nan nan nan nan nan
71 27803 337 337 0 4.367231476 14.09350323 -26.38232437 15.94358451 42.32590888 -29.96603281 17.71708922 47.68312203 -0.6142977365 35.87514344 39.45885188 198.2745964 0.9700593183
72 132574 770 0 770 nan nan nan nan nan nan nan nan nan nan nan nan nan
73 28876 1858 1858 0 -0.5880076255 3.239342752 -1.98316128 1.753459771 3.736621051 -2.327739606 21.1025076 23.4302472 4.792979564 2.065947432 21.27979252 188.3715234 0.998413117
74 21171 216 216 0 -0.4300044137 5.702269365 -2.69677128 10.568161 13.26493228 -34.03428375 13.08381893 47.11810268 -3.152466379 11.82986364 33.76581288 201.3784412 0.995140234
75 31807 140 140 0 -1.848207679 7.144094754 -5.180049798 20.82346744 26.00351724 -5.282072 22.23195606 27.51402806 2.19882368 23.5263909 24.93487951 194.5052145 0.9922935637
76 218020 1084 0 1084 nan nan nan nan nan nan nan nan nan nan nan nan nan
77 103681 17290 0 17290 nan nan nan nan nan nan nan nan nan nan nan nan nan
78 148701 9079 0 9079 nan nan nan nan nan nan nan nan nan nan nan nan nan
79 20892 2662 2662 0 -1.144509023 5.234753733 -3.788820478 18.10333183 21.89215231 -4.278177771 24.70587923 28.98405701 3.221183939 19.90549441 26.50804181 185.7329777 0.9958647256

K=80, phase=forward, parameter=a [km]
cluster representative_source n_cluster n_valid n_missing median std p05 p95 width90 minimum maximum range skewness error95 error_max angle_origin_deg angle_resultant
0 157048 10663 10662 1 193585.2701 83548.82852 188039.7066 343945.8994 155906.1928 187998.576 1093940.343 905941.7669 5.186083396 155914.8449 905909.2884 nan nan
1 69158 1420 1420 0 200613.7998 1030.806655 199373.3937 202634.1267 3260.732935 199011.1202 203627.812 4616.691776 0.4933481531 1929.088617 2922.773947 nan nan
2 23125 685 2 683 9764682.191 9024437.463 1642688.474 17886675.91 16243987.43 740244.7277 18789119.65 18048874.93 nan nan nan nan nan
3 166807 973 973 0 238015.0691 16758.24662 228078.4655 281656.5357 53578.07021 207237.8978 288250.2872 81012.38948 1.626890816 44102.83735 50696.58887 nan nan
4 46306 533 533 0 207886.0192 11077.02418 206725.5394 209139.1702 2413.630773 206194.4575 290782.827 84588.3695 7.070427575 1367.981717 82760.44562 nan nan
5 75363 828 828 0 1480298.805 513129.1468 1093185.187 2695667.38 1602482.193 1001474.513 3815246.734 2813772.221 1.392133451 869205.3728 1988784.726 nan nan
6 32340 45 45 0 209271.4029 13826.98501 207713.5813 233590.308 25876.72672 205695.8635 287295.2488 81599.3853 3.692734591 24405.63664 78110.57744 nan nan
7 27925 877 877 0 216262.64 8035.997811 202184.6067 231010.7351 28826.12847 200634.2129 239943.8742 39309.66129 0.1060542146 15198.24859 24096.74551 nan nan
8 41926 252 252 0 208289.4128 28442.48929 205988.1897 288317.1886 82328.99895 191760.5805 291424.9258 99664.34529 1.993031973 80346.24629 83453.98352 nan nan
9 167109 2209 2209 0 196961.8913 288674.4645 188364.074 292393.8181 104029.7441 188199.5896 9903671.596 9715472.007 30.53076193 101762.6671 9713040.445 nan nan
10 10199 4735 4735 0 210223.9625 4688.190112 203546.417 218049.814 14503.397 202752.7849 219673.1003 16920.31544 0.1294908855 8005.870224 8778.59832 nan nan
11 217076 1674 1674 0 213153.8042 211958.027 189781.7192 797745.5007 607963.7814 188362.1914 839128.4624 650766.271 1.747400877 605535.7002 646918.6619 nan nan
12 19213 272 272 0 359219.3355 80639.31093 192860.5 394304.6307 201444.1307 189787.3275 567900.6844 378113.357 -0.5019350222 173210.3971 202330.4502 nan nan
13 152421 1767 1767 0 194829.2844 99671.02629 188305.805 261814.6251 73508.82015 188195.978 3928762.039 3740566.061 30.0548155 71622.49787 3738569.911 nan nan
14 166808 679 679 0 240452.0675 44731.34427 226427.099 240825.115 14398.016 225515.6512 787024.3039 561508.6527 10.82766772 14445.71481 546454.93 nan nan
15 43589 1940 1940 0 220770.4912 5150.631732 210569.2059 227428.8109 16859.60496 202668.2523 236820.0921 34151.83977 -0.6709507204 9944.674295 17724.66549 nan nan
16 84771 760 760 0 200526.5718 336321.9301 188619.0079 967027.8812 778408.8733 188375.5304 3868441.785 3680066.255 4.77603895 775930.7872 3677344.691 nan nan
17 66531 152 152 0 211118.9895 23687.54711 207961.7349 288353.4353 80391.70033 207717.5978 290667.2668 82949.66899 1.883749835 77324.68689 79638.51841 nan nan
18 125903 14187 14187 0 201431.0337 22678.12177 189990.948 207545.1967 17554.24876 188458.069 968464.3885 780006.3195 27.48951469 10927.53632 767590.062 nan nan
19 32794 246 246 0 205847.2866 5259.615886 200853.2127 215951.0297 15097.81707 200728.3962 236224.2263 35495.83011 1.127261291 8388.508678 28661.70522 nan nan
20 112267 1026 1026 0 219486.0245 5336.608258 212291.7652 228409.0909 16117.32573 206289.9373 238890.3018 32600.36457 0.1219285069 9974.238769 17997.27324 nan nan
21 24045 340 340 0 204175.9369 115162.2205 191916.5219 526704.1461 334787.6243 189849.7607 633371.7239 443521.9632 1.191082245 325257.4521 431925.0299 nan nan
22 60 433 74 359 281291.0301 172715.9593 274892.6419 787092.1192 512199.4773 211804.3863 871383.2401 659578.8538 2.207823486 nan nan nan nan
23 81926 4638 4638 0 195124.1459 80122.12854 188301.8564 314311.3949 126009.5385 188161.1319 1002583.417 814422.2851 5.57702761 123117.2867 811389.3088 nan nan
24 69514 1581 1581 0 201787.9783 9595.198721 193915.7834 206283.8306 12368.04727 191900.3895 291166.9449 99266.55542 7.38023371 7294.131123 90396.32398 nan nan
25 148610 519 519 0 196579.821 241003.4544 188511.3138 897704.2454 709192.9316 188380.6363 1122333.647 933953.0105 2.060693924 705913.5826 930542.984 nan nan
26 148599 651 651 0 197513.3758 84590.61706 188478.6199 296746.2519 108267.632 188316.9417 1104957.43 916640.4885 7.167108662 105225.2225 913436.4008 nan nan
27 167957 1 1 0 206642.0602 0 206642.0602 206642.0602 0 206642.0602 206642.0602 0 nan 0 0 nan nan
28 9553 433 433 0 818870.383 975097.1762 205967.5286 2782991.785 2577024.257 189465.639 8837569.013 8648103.374 3.238340121 1894261.673 7948838.9 nan nan
29 36859 137 137 0 210592.0835 20296.28304 207920.8253 281629.9146 73709.0893 206005.9538 290701.7456 84695.79177 2.348408054 70929.15648 80000.98749 nan nan
30 49395 7398 7398 0 199700.2876 51343.65587 189191.4281 222757.2287 33565.80068 188845.741 1306594.606 1117748.865 14.6260071 22261.85568 1106099.233 nan nan
31 76120 304 304 0 224321.7603 13077.92355 208356.7044 234362.9373 26006.23289 207746.9149 290425.8947 82678.97973 2.296873317 15759.53887 66845.32659 nan nan
32 188685 11581 11581 0 198441.3666 707046.7609 189162.581 220853.1274 31690.54637 188873.5597 76282242.54 76093368.98 107.5680722 22094.57769 76083483.99 nan nan
33 110441 8873 8873 0 210928.6405 94737.30652 196491.0661 219166.1266 22675.0605 188219.7762 5537599.378 5349379.602 38.97974954 16709.43284 5325253.673 nan nan
34 29841 93 93 0 1216593.667 1083660.089 206553.7338 2918027.816 2711474.083 189947.1119 6153184.926 5963237.814 1.988758228 1756881.48 4992038.59 nan nan
35 53483 2578 2578 0 209436.6061 4425.347027 203271.1468 217146.0505 13874.90373 201333.4052 219457.0339 18123.6287 0.2084247139 7494.728382 9149.498018 nan nan
36 31348 150 150 0 237224.8988 4135.12777 234606.1656 239499.0852 4892.91951 209014.8963 239881.5132 30866.61697 -5.495216977 4429.924522 30021.1939 nan nan
37 178930 835 835 0 196041.542 996798.5224 188397.8656 446978.3101 258580.4446 188331.8518 8775147.526 8586815.674 5.900553794 257732.5462 8585901.762 nan nan
38 31678 340 340 0 337722.509 530034.799 204928.1667 1637453.104 1432524.938 189245.1579 3634819.281 3445574.123 2.128330999 1427422.164 3424788.34 nan nan
39 58460 11875 11875 0 197573.1792 31688.49863 188746.3915 258461.4304 69715.0389 188403.8878 519281.0089 330877.1211 4.609789466 63784.86028 324604.4387 nan nan
40 37086 567 567 0 209478.8319 7702.128992 208270.4347 210311.0411 2040.606392 207209.374 286989.639 79780.26502 9.512329191 1399.656195 77415.54534 nan nan
41 103927 119 119 0 210375.1959 11643.41754 207842.0126 240374.4882 32532.47561 207570.7801 282974.1851 75403.40503 2.815095837 29606.23072 72205.92763 nan nan
42 29606 243 243 0 222431.6306 6770.788897 209024.5413 230781.5957 21757.05439 204851.5384 237794.2941 32942.75571 -0.4241374402 14178.11489 18199.32374 nan nan
43 26563 169 169 0 210615.507 19219.79148 208921.4341 260491.0699 51569.63579 207736.2912 342622.4589 134886.1677 2.818190832 50665.67851 132797.0675 nan nan
44 47728 464 0 464 nan nan nan nan nan nan nan nan nan nan nan nan nan
45 23245 3738 3737 1 198238.5625 2051.370937 195876.5736 202339.587 6463.01341 195345.8198 203423.1868 8077.367004 0.4213137691 5624.338401 6707.938167 nan nan
46 33367 591 591 0 210918.2286 49128.19903 207271.988 214059.8402 6787.852126 188400.7196 1003781.132 815380.4121 13.24371307 7284.523282 793181.7162 nan nan
47 171159 14745 14744 1 192557.949 97702.65798 188146.025 391711.9004 203565.8754 188018.3425 4480813.766 4292795.424 9.042800653 203355.4847 4292457.351 nan nan
48 181188 523 523 0 239604.7057 51584.41688 234375.3484 240478.0818 6102.733436 204844.9842 768761.274 563916.2897 9.567122216 5634.747044 528973.7974 nan nan
49 219133 752 752 0 230745.3374 902631.6328 227575.1761 233340.1865 5765.010357 202433.2601 16452444.89 16250011.63 16.00439168 3168.445955 16222123.75 nan nan
50 98845 409 408 1 227495.0738 9543.38815 216614.2939 231019.8786 14405.58471 209003.7676 286467.5527 77463.78505 4.017511308 14941.99181 58333.35581 nan nan
51 77950 239 239 0 206682.5604 22551.43776 189624.5009 233529.9504 43905.4495 189478.0538 344321.4846 154843.4308 3.815399182 43897.77411 154689.3083 nan nan
52 193896 954 954 0 871962.8803 272186.8441 202924.0347 1069206.867 866282.8325 193687.9247 2183162.599 1989474.674 -1.132826076 680532.1425 1299824.719 nan nan
53 84936 2516 2513 3 225121.8366 5516.871685 213044.5294 229996.1978 16951.66837 205932.0361 239737.3683 33805.33213 -0.7859065083 11643.19248 18310.29925 nan nan
54 153332 574 574 0 194876.6634 127927.4089 188410.6143 316100.8553 127690.241 188218.9593 1018165.256 829946.2968 5.018343581 125664.6213 827729.0222 nan nan
55 168449 13279 13279 0 193746.9663 16958.67865 188682.101 227009.5814 38327.48033 188412.9165 739008.3816 550595.4651 5.982996852 34570.45012 546569.2503 nan nan
56 106193 702 702 0 206240.0658 3766.748086 200719.1076 211976.7413 11257.63368 200496.666 213329.861 12833.19502 0.003008207834 6437.442968 7790.562671 nan nan
57 33842 431 431 0 209731.5999 12798.96646 208851.2781 211276.2775 2424.999352 203867.0751 290444.1243 86577.0492 5.753090661 1596.686746 80735.13396 nan nan
58 6040 1508 1508 0 221366.9621 3552.159434 217469.303 224571.3658 7102.062816 203399.0067 290687.8457 87288.83897 3.472055932 4282.800681 68971.60896 nan nan
59 11323 1295 1295 0 224685.4514 2893.318945 220097.1016 227769.6621 7672.560511 208365.1516 232676.4363 24311.28468 -1.644152158 4688.324995 16297.77996 nan nan
60 113656 506 506 0 202778.6184 1230297.686 192215.8297 3784674.624 3592458.794 188914.3797 4840106.181 4651191.802 1.69348266 3584339.8 4639771.357 nan nan
61 36030 791 791 0 207838.4603 367865.9316 189471.3758 1100235.043 910763.6671 189369.5122 2493776.735 2304407.223 2.748970447 910780.6695 2304322.362 nan nan
62 46308 73 73 0 208628.4537 659.1219122 207626.7236 209649.1956 2022.471961 207530.476 209896.8895 2366.413488 0.01531760211 1185.480517 1433.174471 nan nan
63 149779 6844 6843 1 196991.8624 166100.6799 188410.1613 267947.3434 79537.18205 188239.9341 5805939.396 5617699.462 22.19707591 76916.77383 5614908.826 nan nan
64 30178 596 596 0 209887.8708 11390.16419 209692.9977 211612.0861 1919.088421 208005.624 289124.0554 81118.4314 5.896500266 1817.983445 79302.74983 nan nan
65 42086 7496 7495 1 211080.5187 118630.6006 191400.3044 279822.486 88422.18164 189237.1821 1894268.983 1705031.801 7.52295896 69791.29268 1684237.79 nan nan
66 19850 337 337 0 608481.3973 442010.0419 194452.1653 1252372.894 1057920.729 189498.2159 4513902.019 4324403.803 3.399541735 555140.3467 3816669.472 nan nan
67 184619 867 867 0 237551.0193 2457.623912 235563.9585 239344.2106 3780.252097 205366.0206 291527.457 86161.43641 9.634145832 3418.638925 52547.16248 nan nan
68 52112 184 170 14 203036.1085 662113.0848 188864.1177 1311992.142 1123128.025 188381.4461 7296020.845 7107639.399 6.445558342 1115977.387 7100006.09 nan nan
69 61172 303 303 0 209517.8675 13898.76602 208202.2039 240770.4724 32568.26853 206206.1189 290545.4692 84339.35023 4.602438848 31174.44465 80949.44137 nan nan
70 150238 190 190 0 205253.7067 6213127.862 188618.6384 15284634.48 15096015.84 188279.0296 36245110.86 36056831.83 2.800261587 15079459.16 36039935.55 nan nan
71 27803 337 335 2 200684.2378 695411.6355 188513.9672 929736.4473 741222.4801 188375.8048 9733554.719 9545178.914 10.67506406 738045.1808 9541863.453 nan nan
72 132574 770 770 0 196953.9962 344059.602 188929.6442 204246.3539 15316.70969 188344.0034 4031300.668 3842956.664 8.954034063 8148.865482 3835203.179 nan nan
73 28876 1858 1858 0 199557.7356 1388.336649 197883.7759 202322.2413 4438.465454 197495.0273 203356.6407 5861.613435 0.4305415698 4120.235517 5154.634907 nan nan
74 21171 216 216 0 468302.9584 283020.1392 210943.2197 839577.6915 628634.4718 190022.0867 2416960.732 2226938.645 3.661308174 378152.4345 1955535.475 nan nan
75 31807 140 140 0 240561.8736 3097.030976 233482.3413 241059.2786 7576.937268 231841.8109 241084.8959 9243.084989 -0.9451745356 7385.890782 9026.421164 nan nan
76 218020 1084 1084 0 214665.0183 493024.2544 206218.1224 229239.9339 23021.81145 202732.8438 16453922.65 16251189.81 32.90356242 21204.06933 16226815.77 nan nan
77 103681 17290 17290 0 193560.5765 95577.73144 188161.1955 364813.0596 176651.8641 188018.2092 2140816.243 1952798.034 6.283773538 175164.5559 1951167.739 nan nan
78 148701 9079 9078 1 212754.7051 44899.78268 189498.5456 322495.0818 132996.5362 188264.6697 758562.9942 570298.3245 3.070553567 112063.7369 548131.6493 nan nan
79 20892 2662 2662 0 209680.9627 5364.188682 202890.2668 218949.3331 16059.06628 200467.8538 220144.5523 19676.69859 0.1675106918 8906.922061 11329.33509 nan nan

K=80, phase=forward, parameter=e [-]
cluster representative_source n_cluster n_valid n_missing median std p05 p95 width90 minimum maximum range skewness error95 error_max angle_origin_deg angle_resultant
0 157048 10663 10662 1 0.9472353594 0.2368780591 0.2481672516 0.9995759168 0.7514086652 5.248673245e-05 0.9999999985 0.9999475117 -1.814552182 0.7513016765 0.9994164413 nan nan
1 69158 1420 1420 0 0.514604543 0.007634463296 0.4996589445 0.5237716736 0.02411272907 0.4923248766 0.5264737966 0.03414892004 -0.4946628786 0.01430628934 0.02164035727 nan nan
2 23125 685 2 683 0.6745352879 0.3023433954 0.4024262321 0.9466443438 0.5442181117 0.3721918925 0.9768786834 0.6046867908 nan nan nan nan nan
3 166807 973 973 0 0.2080267898 0.06519401547 0.1150174197 0.301902379 0.1868849593 0.09931915634 0.7145336044 0.6152144481 2.01870361 0.1007353227 0.501531513 nan nan
4 46306 533 533 0 0.7003802582 0.08265691618 0.6809038524 0.7191890998 0.03828524737 0.09444405182 0.7287803729 0.6343363211 -6.902228154 0.02214287292 0.6040246399 nan nan
5 75363 828 828 0 0.7008304024 0.07801680116 0.5899186545 0.8376798621 0.2477612076 0.5506363408 0.8856746506 0.3350383098 0.1822902386 0.1690142996 0.2082966134 nan nan
6 32340 45 45 0 0.6731923557 0.1677445232 0.2496102931 0.7004126386 0.4508023456 0.1010133401 0.7357603568 0.6347470167 -1.810379698 0.4249402871 0.57353724 nan nan
7 27925 877 877 0 0.3966446391 0.06465450423 0.2735944181 0.5037884251 0.230194007 0.1827548367 0.6611475814 0.4783927447 -0.1603088716 0.1258644693 0.2618778711 nan nan
8 41926 252 252 0 0.7022493048 0.2178794491 0.0994581649 0.7328103616 0.6333521967 0.09347374337 0.9660980328 0.8726242895 -1.924618776 0.6065514981 0.6125359196 nan nan
9 167109 2209 2209 0 0.8702546916 0.1981013074 0.3036155001 0.9976733717 0.6940578717 0.004732944403 0.9999998456 0.9952669012 -2.456232603 0.6504459998 0.9493285555 nan nan
10 10199 4735 4735 0 0.4430978969 0.03549281347 0.3830415342 0.4928031035 0.1097615693 0.370236774 0.4988745406 0.1286377667 -0.150236797 0.06034353975 0.0656837958 nan nan
11 217076 1674 1674 0 0.7152105334 0.2191201589 0.3692588334 0.9939158512 0.6246570178 0.008107592114 0.9999997508 0.9918921587 -0.5875966803 0.5887567379 0.9499079791 nan nan
12 19213 272 272 0 0.03639430579 0.3761471456 0.005113108753 0.9529581595 0.9478450508 0.0006053674971 0.993017748 0.9924123805 0.9935058779 0.9313442104 0.9714037988 nan nan
13 152421 1767 1767 0 0.9026098205 0.1723620974 0.4598622728 0.9985976006 0.5387353278 0.001314468504 0.9999999847 0.9986855162 -2.746535986 0.5009726553 0.9595204596 nan nan
14 166808 679 679 0 0.178754292 0.05599162057 0.173528906 0.3144343806 0.1409054746 0.09370133159 0.4119701473 0.3182688157 0.5745309915 0.1371389264 0.2346746931 nan nan
15 43589 1940 1940 0 0.3612845222 0.04075301389 0.3064976768 0.4402755553 0.1337778785 0.2172100114 0.4992398818 0.2820298705 0.5699516493 0.07658158623 0.1470674702 nan nan
16 84771 760 760 0 0.8365342576 0.2538933205 0.1213158861 0.9972064007 0.8758905146 0.007668268694 0.9999999988 0.9923317301 -1.295151484 0.8301894567 0.9438370741 nan nan
17 66531 152 152 0 0.6396367869 0.2194122781 0.09884610056 0.6959619542 0.5971158536 0.09462640143 0.7006735322 0.6060471308 -0.9277809119 0.5430119025 0.5472316017 nan nan
18 125903 14187 14187 0 0.8133006853 0.077820003 0.7287461625 0.9707082883 0.2419621258 0.2833096679 0.9990449668 0.7157352989 0.3143877997 0.1483128017 0.5397344932 nan nan
19 32794 246 246 0 0.4773304067 0.05317498052 0.3990552618 0.5131995462 0.1141442844 0.2269812052 0.836910641 0.6099294358 1.91633155 0.07195517639 0.374005121 nan nan
20 112267 1026 1026 0 0.3712936188 0.04295183065 0.2978139481 0.4268994738 0.1290855257 0.1947958102 0.472142936 0.2773471258 -0.2645017926 0.07939463701 0.1653816647 nan nan
21 24045 340 340 0 0.8267388591 0.3730567552 0.0457081599 0.9646151744 0.9189070145 0.03880000471 0.9920669433 0.9532669386 -0.5575007609 0.8101402618 0.817048417 nan nan
22 60 433 74 359 0.1204686896 0.1136891539 0.1078715461 0.427666656 0.3197951099 0.1062184987 0.6415238894 0.5353053906 2.351667728 nan nan nan nan
23 81926 4638 4638 0 0.8954164759 0.1942539176 0.3508781506 0.998334675 0.6474565245 0.003595182828 0.9999999967 0.9964048139 -2.459581053 0.5940391267 0.9413220944 nan nan
24 69514 1581 1581 0 0.8013670145 0.09359174365 0.7298519378 0.9129652233 0.1831132855 0.09393560652 0.9416817914 0.8477461849 -4.36547791 0.1067841163 0.7231533589 nan nan
25 148610 519 519 0 0.8858280469 0.2102960763 0.3947522727 0.9982639208 0.6035116481 0.03330617661 0.9999999862 0.9666938096 -1.372095761 0.546368125 0.907814221 nan nan
26 148599 651 651 0 0.869524938 0.1897694169 0.3574339496 0.9980378887 0.6406039391 0.004740485177 0.9999994959 0.9952590107 -2.353300328 0.5862052793 0.9388987437 nan nan
27 167957 1 1 0 0.723570015 0 0.723570015 0.723570015 0 0.723570015 0.723570015 0 nan 0 0 nan nan
28 9553 433 433 0 0.6546056201 0.1822922655 0.3263528335 0.9007219643 0.5743691308 0.07425558741 0.9996046857 0.9253490983 -0.2857482135 0.3461990208 0.483600035 nan nan
29 36859 137 137 0 0.6401967177 0.2048159485 0.1139342821 0.6965917912 0.5826575092 0.09456188752 0.7312966128 0.6367347252 -1.154618405 0.5246050715 0.5439774661 nan nan
30 49395 7398 7398 0 0.8652585983 0.1452740076 0.6259455136 0.9981267682 0.3721812547 0.09315892252 0.9999999998 0.9068410773 -1.615870648 0.2228513609 0.755637952 nan nan
31 76120 304 304 0 0.3314755629 0.1684006064 0.2420416011 0.6882340501 0.4461924491 0.09506332243 0.7002297787 0.6051664562 0.9073619847 0.3506358321 0.3626315606 nan nan
32 188685 11581 11581 0 0.8828637017 0.1292087789 0.6437072038 0.998479171 0.3547719672 0.09363998065 0.9999999785 0.9063599978 -1.563720975 0.227113947 0.7771811701 nan nan
33 110441 8873 8873 0 0.6937757242 0.07374411394 0.6173168723 0.8734361738 0.2561193016 0.3188054905 0.999227254 0.6804217635 1.192912802 0.1956424916 0.3701478583 nan nan
34 29841 93 93 0 0.7183973655 0.102635543 0.6128015785 0.8726894307 0.2598878522 0.1346673226 0.9650144562 0.8303471336 -1.671645393 0.2805823 0.479269044 nan nan
35 53483 2578 2578 0 0.4488569663 0.03347081777 0.3899172149 0.4949477442 0.1050305293 0.3717870138 0.5093229818 0.137535968 -0.2304084372 0.05662445568 0.07050208049 nan nan
36 31348 150 150 0 0.2129244715 0.06616906341 0.18786822 0.2396430466 0.05177482669 0.1834635949 0.6907080506 0.5072444558 6.293113577 0.04651265942 0.4975776634 nan nan
37 178930 835 835 0 0.9355297452 0.2736467188 0.1352528028 0.999482726 0.8642299232 0.0001671890931 0.9999999262 0.9998327371 -1.452236291 0.8607702996 0.9958559134 nan nan
38 31678 340 340 0 0.6356285633 0.2035717361 0.09602730399 0.8598011082 0.7637738042 0.0714927134 0.9974755556 0.9259828422 -0.7743040003 0.719435741 0.7439703316 nan nan
39 58460 11875 11875 0 0.8795774126 0.1749984242 0.4767788669 0.9984233353 0.5216444684 1.887149263e-05 0.9999999977 0.9999811262 -2.334910153 0.4317596165 0.9085196119 nan nan
40 37086 567 567 0 0.6626434449 0.05893973938 0.6437036681 0.6913440458 0.04764037771 0.1015208455 0.7144943716 0.6129735262 -8.677513479 0.03382513322 0.5572351513 nan nan
41 103927 119 119 0 0.6552394614 0.1671351029 0.1780502666 0.6980871304 0.5200368638 0.1105660713 0.7031667327 0.5926006614 -1.895313413 0.471223769 0.5387079642 nan nan
42 29606 243 243 0 0.3477423454 0.0547839469 0.276908929 0.4519150738 0.1750061448 0.206857312 0.4829304419 0.2760731299 0.2753712977 0.1173386541 0.1402239483 nan nan
43 26563 169 169 0 0.6370167569 0.2015506324 0.1542535072 0.6787919244 0.5245384172 0.06968956153 0.6999896911 0.6303001296 -0.9463060481 0.4827632497 0.5673271954 nan nan
44 47728 464 0 464 nan nan nan nan nan nan nan nan nan nan nan nan nan
45 23245 3738 3737 1 0.5321952059 0.01516231657 0.5018758235 0.5496302688 0.04775444538 0.4935720996 0.5535822468 0.06001014718 -0.425006964 0.04156317675 0.0498669006 nan nan
46 33367 591 591 0 0.6589454279 0.1120222072 0.6281326543 0.7178489394 0.08971628504 0.06891838147 0.9999707994 0.9310524179 -4.076002135 0.1409520225 0.5931244504 nan nan
47 171159 14745 14744 1 0.9417518874 0.2533460524 0.1997982862 0.9994250124 0.7996267263 0.0002919113415 0.9999999998 0.9997080885 -1.70699805 0.7999450602 0.999451435 nan nan
48 181188 523 523 0 0.187255826 0.06008668682 0.1774324066 0.2424206503 0.06498824369 0.09317868533 0.7484788086 0.6553001233 5.661230497 0.05930845741 0.5636384027 nan nan
49 219133 752 752 0 0.2761527242 0.06454094212 0.252444691 0.3044218662 0.05197717525 0.09327971792 0.9736131254 0.8803334075 8.333536325 0.02881627678 0.6937231576 nan nan
50 98845 409 408 1 0.3056557227 0.05689619729 0.2748640903 0.393310046 0.1184459557 0.1041491098 0.6794054804 0.5752563706 1.180284607 0.1196284286 0.3792391405 nan nan
51 77950 239 239 0 0.8116699757 0.2318135678 0.2695058984 0.9977099562 0.7282040578 0.06443574578 0.9999965192 0.9355607734 -1.170452321 0.7260888263 0.9311589789 nan nan
52 193896 954 954 0 0.5047061175 0.1120370848 0.4105707796 0.7852408012 0.3746700216 0.3747990824 0.9211073008 0.5463082184 1.393396068 0.299843828 0.4357103276 nan nan
53 84936 2516 2513 3 0.3257006424 0.04487210033 0.2840135888 0.4214245082 0.1374109193 0.1851740756 0.4748273292 0.2896532536 0.6385840347 0.09355718737 0.1478430214 nan nan
54 153332 574 574 0 0.9078294111 0.1746695126 0.4520557125 0.9990019917 0.5469462792 0.01157572631 0.9999998271 0.9884241008 -2.33061642 0.5081860859 0.9486660721 nan nan
55 168449 13279 13279 0 0.9362513566 0.1373869161 0.6708118384 0.9995036165 0.3286917782 0.09386868651 0.9999999981 0.9061313116 -2.934278439 0.2714388863 0.8483820382 nan nan
56 106193 702 702 0 0.472816706 0.02822295086 0.4295851272 0.5138273912 0.08424226399 0.4187265364 0.5154599078 0.09673337136 -0.01588514249 0.04846400098 0.05932259173 nan nan
57 33842 431 431 0 0.6592619493 0.0931347378 0.6373702244 0.6776980897 0.04032786531 0.09500276807 0.684063197 0.5890604289 -5.509802839 0.02268973596 0.5646150921 nan nan
58 6040 1508 1508 0 0.3568654221 0.02489071272 0.3307886552 0.3876810655 0.05689241024 0.09457712793 0.4937593772 0.3991822492 1.175106544 0.03394974403 0.2594315517 nan nan
59 11323 1295 1295 0 0.3297081388 0.02343563758 0.3037314374 0.3667348925 0.06300345511 0.2582004602 0.4565110088 0.1983105486 1.421520346 0.037900358 0.1266710886 nan nan
60 113656 506 506 0 0.8173112981 0.08266893264 0.7501853419 0.9346074486 0.1844221067 0.2317960204 0.9821404929 0.7503444725 -2.17853793 0.1447544025 0.5864780419 nan nan
61 36030 791 791 0 0.8102116768 0.22073774 0.3240087169 0.9986052375 0.6745965206 0.08097545257 0.999999759 0.9190243064 -0.7969661525 0.675987955 0.9190212194 nan nan
62 46308 73 73 0 0.6854920696 0.01118097637 0.6678421414 0.7020393432 0.03419720172 0.663986399 0.7038176037 0.03983120473 -0.04808707856 0.01959133642 0.02344707891 nan nan
63 149779 6844 6843 1 0.8730901782 0.1682463981 0.4842187667 0.9979584944 0.5137397277 0.0005999373988 0.9999999761 0.9994000387 -2.593110618 0.4654437239 0.9490625532 nan nan
64 30178 596 596 0 0.6438569572 0.09077290722 0.6363759732 0.6587420043 0.02236603109 0.09743429225 0.6950946243 0.597660332 -5.084330884 0.03129755609 0.5496428176 nan nan
65 42086 7496 7495 1 0.700689032 0.139585104 0.4885580972 0.9740343742 0.4854762771 0.06411024398 0.9999999416 0.9358896977 -1.015076099 0.2757317911 0.6595282193 nan nan
66 19850 337 337 0 0.4792905062 0.2225200498 0.2065488963 0.9422433745 0.7356944782 0.1090499087 0.9998594752 0.8908095664 0.4154258881 0.5047200486 0.5623361493 nan nan
67 184619 867 867 0 0.2095842555 0.02258199422 0.189823814 0.2301812142 0.04035740023 0.09314805211 0.7411943614 0.6480463093 14.85311992 0.03626276076 0.5472413287 nan nan
68 52112 184 170 14 0.8275526767 0.1955430224 0.4037449759 0.9959686725 0.5922236967 0.09343203222 0.999983192 0.9065511598 -0.7097238018 0.4770252661 0.7873382097 nan nan
69 61172 303 303 0 0.6656304177 0.1309736974 0.1738732652 0.6915594904 0.5176862252 0.0948389445 0.7285025794 0.6336636349 -3.4853746 0.4895946136 0.5686289343 nan nan
70 150238 190 190 0 0.7494354697 0.1730902283 0.5111573558 0.9972592909 0.486101935 0.09248305988 0.999999701 0.9075166411 -1.875492721 0.2560364698 0.651476491 nan nan
71 27803 337 335 2 0.8297107445 0.236912988 0.3066156312 0.9971421047 0.6905264735 0.0358819124 0.9999986823 0.9641167699 -1.020004764 0.6358253897 0.9065591085 nan nan
72 132574 770 770 0 0.8679957021 0.09528401084 0.7623056009 0.9854147371 0.2231091362 0.09812837322 0.9999454506 0.9018170774 -2.300540003 0.1201419005 0.7804428847 nan nan
73 28876 1858 1858 0 0.5224088873 0.01027618731 0.5018583082 0.5348250869 0.03296677875 0.4940791939 0.5376985588 0.04361936494 -0.4336243903 0.03059239485 0.03837150915 nan nan
74 21171 216 216 0 0.2204126245 0.2300495099 0.06717520746 0.8018804906 0.7347052831 0.04737068992 0.9969568339 0.9495861439 1.328038331 0.6348045512 0.8298808945 nan nan
75 31807 140 140 0 0.1766506731 0.03269900162 0.1704454881 0.2505530148 0.08010752667 0.1700982284 0.2659918488 0.0958936204 0.9268005079 0.07836358593 0.09380241995 nan nan
76 218020 1084 1084 0 0.6568114882 0.08372366527 0.5831484802 0.7438568813 0.1607084011 0.09023827666 0.973592302 0.8833540253 -3.898767103 0.1531707989 0.5116138561 nan nan
77 103681 17290 17290 0 0.918823347 0.2219622888 0.2547036933 0.9988889956 0.7441853023 3.774545329e-05 1 0.9999622545 -2.154741753 0.7120671141 0.966733062 nan nan
78 148701 9079 9078 1 0.7078582315 0.2231361461 0.1764003333 0.9941311815 0.8177308482 0.0007192626071 0.9999999976 0.9992807349 -1.030864461 0.5563531079 0.7320341785 nan nan
79 20892 2662 2662 0 0.4470866627 0.040649804 0.375841575 0.4978075029 0.1219659278 0.366419531 0.5156617303 0.1492421994 -0.1889513294 0.06673650051 0.084590728 nan nan

K=80, phase=forward, parameter=w [deg]
cluster representative_source n_cluster n_valid n_missing median std p05 p95 width90 minimum maximum range skewness error95 error_max angle_origin_deg angle_resultant
0 157048 10663 10662 1 -1.818164197 83.77354318 -13.1343274 171.7898671 184.9241945 -179.9526024 179.8207841 359.7733865 0.5950953577 179.2380098 179.9999822 96.0101582 0.3214990341
1 69158 1420 1420 0 -1.110622104 8.65275558 -12.62994955 15.91666878 28.54661833 -15.20451828 22.18350878 37.38802707 0.4280958294 16.26825062 22.53509063 322.7451659 0.9886480935
2 23125 685 2 683 -1.421085472e-14 24.73852661 -22.26467395 22.26467395 44.5293479 -24.73852661 24.73852661 49.47705322 nan nan nan 246.4283559 0.9082269916
3 166807 973 973 0 0.6166378346 20.19570575 -33.12101446 33.37981885 66.50083331 -118.705762 65.454737 184.160499 -0.2065979252 43.48646754 109.1093493 70.60720312 0.941037186
4 46306 533 533 0 -4.514065849 15.97173954 -15.17665819 32.69859285 47.87525104 -67.37609461 43.70587175 111.0819664 0.4721927479 40.13450531 60.99962724 308.1970611 0.9622168404
5 75363 828 828 0 -3.374733243 10.52065428 -10.36844258 22.3806136 32.74905618 -12.93247638 37.19775899 50.13023537 1.188897144 17.81904981 32.6361952 52.97311865 0.9833196292
6 32340 45 45 0 -5.885818699 35.80414617 -21.52821762 85.40819793 106.9364156 -121.9032981 107.1874284 229.0907265 0.5962553991 106.4927893 122.1507017 37.8195261 0.8458541687
7 27925 877 877 0 -7.181972585 18.2165607 -17.37891939 36.42639006 53.80530945 -42.72882227 97.19167829 139.9205006 1.292587742 51.5798816 112.3451698 334.7784703 0.9514149975
8 41926 252 252 0 0.7233228132 21.73327275 -50.80149429 30.22675159 81.02824588 -58.11930298 54.53885406 112.658157 -0.9497325286 53.07075248 60.38856117 293.4166451 0.9316502273
9 167109 2209 2209 0 -2.660864186 30.4136953 -33.61045639 43.71146632 77.32192272 -179.4388827 173.76816 353.2070427 2.354098205 50.33395366 179.2598058 359.3993441 0.897622373
10 10199 4735 4735 0 -1.07983858 5.336451239 -5.997364003 12.94164765 18.93901165 -6.979894666 24.52402769 31.50392236 1.726628157 15.11505995 26.69743999 299.5906285 0.9956836671
11 217076 1674 1674 0 -27.46841248 51.41021703 -46.48160196 95.48514706 141.966749 -98.11951511 130.8264252 228.9459403 0.4239640238 135.1146142 170.4558923 355.4976857 0.6442771575
12 19213 272 272 0 -8.105958435 69.90874356 -10.50003295 171.9958564 182.4958893 -10.65655025 178.8870377 189.5435879 1.449250234 179.3854082 179.9761036 282.5723387 0.5900997281
13 152421 1767 1767 0 -4.867360586 78.37710933 -171.0365544 38.95390718 209.9904615 -177.4347746 113.1988102 290.6335848 -0.8705737308 165.5362802 171.9345004 262.3454439 0.4216177918
14 166808 679 679 0 0.08972798707 14.25514116 -28.27509301 24.13434646 52.40943947 -31.03525513 42.07639802 73.11165315 -0.05498424491 33.19669176 37.5630631 33.95834384 0.9695341244
15 43589 1940 1940 0 -3.905846377 10.14560038 -8.445886113 23.47591965 31.92180577 -9.247814598 62.08717583 71.33499043 1.943660054 27.9304735 66.54172968 302.4513387 0.984603277
16 84771 760 760 0 8.019696878 53.08294791 -124.0563063 21.92579069 145.982097 -179.109959 179.8213609 358.9313198 -1.168324381 138.2458155 179.3595621 346.0947013 0.6993683268
17 66531 152 152 0 -11.96466198 52.82340452 -40.33606143 105.3846421 145.7207035 -87.32065287 125.6142548 212.9349076 0.926570605 124.4677901 144.6974028 338.2351453 0.6529536811
18 125903 14187 14187 0 -3.45935826 10.86105183 -8.303475974 21.36431157 29.66778754 -9.566206035 140.8452725 150.4114785 3.840145445 26.27055685 145.7515177 266.1883152 0.9836166683
19 32794 246 246 0 -1.399146319 17.72893881 -20.83453325 27.60314557 48.43767882 -24.30819054 149.6056664 173.9138569 2.735568984 35.97627017 157.978791 25.47703756 0.9589527983
20 112267 1026 1026 0 -2.842926869 11.04114063 -11.43393649 24.55859149 35.99252799 -13.4121049 62.85931259 76.27141749 1.774483503 32.63537021 70.9360913 334.2398335 0.9818202555
21 24045 340 340 0 1.263379079 62.1523721 -21.11298026 161.4326713 182.5456515 -126.8718573 162.3163147 289.188172 1.661255333 160.4486897 161.3323332 293.4241403 0.6613649791
22 60 433 74 359 -2.276752452 14.0493087 -14.96303735 30.47118156 45.43421891 -15.97791432 71.09415653 87.07207086 2.354620374 nan nan 224.8957206 0.9714958497
23 81926 4638 4638 0 -9.601217423 37.62270285 -31.8896764 57.82263693 89.71231333 -159.8771994 124.7040525 284.5812519 -0.703922151 72.46790588 149.6701785 336.0468298 0.8236891912
24 69514 1581 1581 0 -0.2260425153 8.369252319 -9.264602086 11.11029568 20.37489777 -63.49895726 89.88201868 153.3809759 -0.4516852393 15.31256127 93.58080002 314.6014331 0.9897814096
25 148610 519 519 0 -12.57680035 99.79980112 -176.2338485 174.1430246 350.3768731 -179.7795952 179.9762354 359.7558305 -0.0828718106 167.1759213 175.8100841 271.2330514 0.2600709978
26 148599 651 651 0 -7.372067634 81.22572592 -174.7880456 45.66622104 220.4542666 -179.9448295 179.9361168 359.8809463 -0.6839567086 167.1579939 172.2333271 265.363057 0.4332348589
27 167957 1 1 0 0 0 0 0 0 0 0 0 nan 0 0 345.1171943 1
28 9553 433 433 0 5.519355514 40.35950538 -49.1476137 12.54556518 61.69317888 -178.9680497 174.4855759 353.4536255 -1.20930857 137.1275541 174.9499181 90.14153305 0.8448365008
29 36859 137 137 0 -16.3335157 52.36312514 -32.19904598 112.514818 144.7138639 -88.720061 121.4868084 210.2068694 0.910131451 134.9941771 143.9661676 325.2986699 0.6598550266
30 49395 7398 7398 0 -8.339876208 46.83196886 -11.50708845 123.8852443 135.3923327 -25.88329969 149.2267842 175.1100839 1.959009461 134.2681723 159.6097122 298.0809296 0.7601344401
31 76120 304 304 0 -0.1591468795 19.84005982 -27.80711738 26.41232354 54.21944093 -89.56184177 71.6519779 161.2138197 0.1255372096 37.86908701 97.72391637 338.8924664 0.9430164196
32 188685 11581 11581 0 -7.3019598 57.06219427 -22.43952915 142.7652912 165.2048203 -133.3364236 150.0917601 283.4281837 1.556180589 160.9539456 168.2804145 297.6620389 0.6638912699
33 110441 8873 8873 0 -2.357225486 16.7566315 -22.52415976 26.43939321 48.96355297 -25.24643098 178.8224835 204.0689145 2.934630309 34.38729432 176.0389572 281.80263 0.9629441969
34 29841 93 93 0 -14.80146487 75.16200462 -44.05304755 131.3053773 175.3584248 -111.7457157 168.1168134 279.8625291 0.5326646235 168.965111 173.9317914 281.3574087 0.3604448366
35 53483 2578 2578 0 -1.919009139 10.88181784 -14.4481191 20.63195568 35.08007477 -17.08348444 35.56068196 52.64416639 0.6107091853 23.75916176 38.68788804 310.9076205 0.9821042852
36 31348 150 150 0 -0.856231074 13.28840252 -12.3690475 17.48022533 29.84927283 -60.90347321 44.91458487 105.8180581 -1.030658949 25.60249073 63.51229108 352.6636326 0.9743496686
37 178930 835 835 0 -2.060253031 80.87954609 -56.46788121 159.6132385 216.0811197 -144.5647775 164.4387116 309.0034891 0.5844740068 159.6478891 164.4733621 99.61872285 0.3758768843
38 31678 340 340 0 -14.44877627 43.34199034 -154.7599034 24.36752486 179.1274283 -155.7250116 88.9842483 244.7092599 -2.281345262 139.7628582 140.7279664 67.65428698 0.814819522
39 58460 11875 11875 0 -22.10355638 48.54911781 -36.11214526 89.40995169 125.522097 -142.1276341 97.1652039 239.292838 0.682151137 119.1176673 126.8729195 325.239298 0.6862711084
40 37086 567 567 0 -5.59555108 17.17484657 -12.13627644 38.32327432 50.45955076 -16.82563364 83.26796425 100.0935979 2.171260774 46.51833492 91.46302485 307.4091149 0.9575637225
41 103927 119 119 0 -3.05685708 48.92941211 -60.58147102 114.8398277 175.4212987 -61.86717145 145.2619397 207.1291112 0.9513998885 117.8966848 148.3187968 354.1009759 0.710378315
42 29606 243 243 0 -2.669888239 17.98367021 -22.4471652 35.99417241 58.44133761 -25.48509944 55.84996149 81.33506093 0.8800388721 52.24518413 72.10097322 24.95963578 0.9520757746
43 26563 169 169 0 -27.75557056 59.32557061 -38.11925561 107.2794409 145.3986965 -120.0706596 166.4288665 286.4995261 0.6195049927 137.629367 163.2212074 330.0172695 0.5579530365
44 47728 464 0 464 nan nan nan nan nan nan nan nan nan nan nan nan nan
45 23245 3738 3737 1 -0.4085749418 4.557869659 -6.529299302 8.368727015 14.89802632 -7.682646893 14.71189296 22.39453985 0.5195697478 8.336823948 14.67998989 307.4135482 0.9968405637
46 33367 591 591 0 -1.482380785 19.20873515 -3.585086218 5.882274158 9.467360375 -139.3970107 129.5431035 268.9401142 -0.1712893286 62.03960757 137.0614126 293.2741286 0.9542083907
47 171159 14745 14744 1 -40.03196848 82.10522258 -52.34828056 123.3751004 175.7233809 -178.0732593 171.1920885 349.2653478 0.1948907507 163.1358591 166.882662 141.166992 0.1679602046
48 181188 523 523 0 -3.06315826 16.24734593 -21.65853738 30.02776186 51.68629925 -41.02756837 54.80521375 95.83278212 0.761193052 38.66626131 63.4437132 24.96420518 0.9607245217
49 219133 752 752 0 -1.213267984 11.18255745 -10.36675246 14.41041254 24.777165 -20.70862962 129.5592289 150.2678586 5.89628185 23.14657707 116.8749185 14.75509654 0.9843158389
50 98845 409 408 1 -2.686975899 25.32288049 -16.55275054 32.68237404 49.23512458 -136.9522077 164.9829387 301.9351464 -1.723634092 44.27552846 171.2876781 352.673095 0.9272035829
51 77950 239 239 0 46.55835498 77.66126622 -71.541076 148.2098665 219.7509425 -174.3621403 172.590098 346.9522383 0.2132884697 134.1038597 173.5222201 2.963172375 0.3203555885
52 193896 954 954 0 5.447594738 38.59799204 -117.6875265 12.85386888 130.5413954 -137.9750983 27.07154992 165.0466483 -2.47650856 123.8089635 144.0965353 36.36113736 0.8345141168
53 84936 2516 2513 3 -1.996432797 11.48906783 -12.97797051 23.76030605 36.73827656 -14.58943973 65.91744185 80.50688158 1.71034022 27.87986059 70.03699639 313.4699534 0.980406089
54 153332 574 574 0 0.3880332918 84.08848017 -166.7604368 43.47224726 210.232684 -172.6396479 145.6175823 318.2572302 -0.464540467 166.6105246 172.4897357 256.8496477 0.3409792838
55 168449 13279 13279 0 -1.012741914 100.0713076 -178.0819976 177.6758515 355.7578491 -179.9996577 179.9987041 359.9983618 -0.004750258128 179.0492778 179.9991406 265.5416938 0.2592073319
56 106193 702 702 0 1.191010578 13.67818718 -25.00285987 22.48951557 47.49237544 -29.3906461 26.31445671 55.70510281 -0.1675030569 26.13436645 30.52215267 345.6474462 0.9718171966
57 33842 431 431 0 -2.463807174 16.67604785 -4.668354258 8.630860206 13.29921446 -85.50286157 124.299508 209.8023696 4.254664365 13.21281996 128.3768185 297.4392358 0.9661003517
58 6040 1508 1508 0 -0.9003431173 5.069914748 -5.010843745 5.466197309 10.47704105 -5.236501393 28.07551327 33.31201466 2.444329991 7.580895115 30.19021108 297.3979506 0.9961123762
59 11323 1295 1295 0 -1.667052818 5.491434414 -3.40026788 5.06014302 8.4604109 -3.514234096 42.60120612 46.11544022 4.733737937 7.15989566 44.70095876 295.6711527 0.9955143252
60 113656 506 506 0 -4.245462745 70.97499399 -26.92003246 167.3486763 194.2687088 -27.25336182 177.08348 204.3368418 1.09134818 175.4165376 179.9538125 283.846342 0.5066844569
61 36030 791 791 0 43.70839487 68.76187847 -74.60684981 85.27325988 159.8801097 -93.82150385 102.6376737 196.4591775 -0.007954207917 129.1400096 148.3546636 6.390528898 0.3730269521
62 46308 73 73 0 -6.764314529 15.73617572 -13.60360429 37.56623741 51.16984171 -13.97289584 42.93156878 56.90446462 1.333810121 40.36382634 45.7291577 305.963769 0.963141281
63 149779 6844 6843 1 -8.698929051 79.77200155 -174.5416268 49.03050304 223.5721298 -179.9638194 179.9923093 359.9561286 -0.7082704407 165.6076474 179.6387922 266.9265403 0.4722750926
64 30178 596 596 0 -1.341735718 20.10544946 -5.778581264 5.98063108 11.75921234 -85.21118352 139.0705181 224.2817016 2.668421492 60.33356847 141.6570943 298.1964484 0.9513789943
65 42086 7496 7495 1 -9.022860608 48.02341061 -11.39785125 120.3612738 131.7591251 -148.5337746 154.1949182 302.7286928 1.895237663 131.8527755 165.6826583 297.3514265 0.7496730369
66 19850 337 337 0 7.833197265 32.88390041 -39.91256168 8.855664384 48.76822607 -144.9375916 91.06177833 235.9993699 -2.476711489 71.28211736 152.626063 85.6646933 0.8811159514
67 184619 867 867 0 -3.469984811 11.7683429 -12.33750187 23.7913065 36.12880836 -32.87070597 47.46533777 80.33604374 1.342328109 28.39341794 51.86051737 16.19803844 0.9792572772
68 52112 184 170 14 20.76145109 61.22109852 -100.4368488 52.29455365 152.7314024 -113.0782072 93.37590251 206.4541097 -0.4294841551 151.0604815 163.7018398 320.8897319 0.5079931446
69 61172 303 303 0 -3.361852205 21.43391899 -12.10360254 58.37522603 70.47882857 -72.68593354 103.7481034 176.434037 2.886890114 69.04221649 109.746076 320.6769389 0.9404557466
70 150238 190 190 0 -15.54419816 72.21346985 -142.0448763 93.90105721 235.9459335 -146.1095102 122.6925648 268.8020751 -0.1410821633 157.4162081 178.823257 42.79612387 0.3692997617
71 27803 337 335 2 21.68284088 60.40332313 -122.9042909 53.64505342 176.5493443 -142.084568 166.874671 308.959239 -0.4928677267 153.3582272 172.5385043 354.0807286 0.5763193557
72 132574 770 770 0 -5.920033708 32.26136812 -9.025406374 36.28412511 45.30953149 -178.301861 179.4482322 357.7500932 1.114478892 49.58127906 178.1774414 265.7520921 0.9086298552
73 28876 1858 1858 0 -1.153204191 7.73003238 -7.08286077 7.471639156 14.55449993 -8.570534028 42.91580257 51.4863366 3.454292955 8.038021641 43.18062841 308.7157292 0.9911397388
74 21171 216 216 0 2.066329054 47.29159011 -155.8670684 2.525145256 158.3922137 -177.6726768 178.7342848 356.4069616 -1.683292859 160.9494248 179.7621472 92.23953786 0.825904221
75 31807 140 140 0 2.446115342 21.19263273 -38.39846226 28.17529146 66.57375372 -40.07695528 44.94076255 85.01771784 -0.4511119343 36.5470199 47.30543365 17.29056415 0.9333260889
76 218020 1084 1084 0 -12.4254578 29.59734874 -28.47393755 49.59572947 78.06966702 -33.2414791 158.0276406 191.2691197 1.514427521 68.63666514 177.0685762 333.2159064 0.8845196733
77 103681 17290 17290 0 -18.46525122 71.00897582 -43.60973183 129.0596593 172.6693911 -99.14741336 136.8303598 235.9777731 0.5534572761 159.5562574 167.3269578 310.5394768 0.3940299939
78 148701 9079 9078 1 -19.74362461 75.40096281 -59.02951229 120.9160072 179.9455195 -75.18620159 132.5306132 207.7168148 0.2753499259 174.8958466 179.9937966 329.568186 0.2871219009
79 20892 2662 2662 0 -3.348569076 11.82184134 -8.818016099 34.77433327 43.59234937 -9.199431453 51.32502599 60.52445744 2.492113469 39.52249111 56.07318382 301.4229483 0.9794008552

K=90, STD=0.008935149498
n = trajectories per cluster; conditions overlap.
n = 1: clusters=1/90 (1.11%); trajectories=1/194124 (0.00%)
n < 10: clusters=1/90 (1.11%); trajectories=1/194124 (0.00%)
n < 100: clusters=9/90 (10.00%); trajectories=457/194124 (0.24%)

K=90, phase=backward, parameter=a [km]
cluster representative_source n_cluster n_valid n_missing median std p05 p95 width90 minimum maximum range skewness error95 error_max angle_origin_deg angle_resultant
0 157048 10666 0 10666 nan nan nan nan nan nan nan nan nan nan nan nan nan
1 69158 1435 1435 0 200950.8877 1390.901443 199526.6515 203887.2128 4360.56136 199231.0362 204516.273 5285.236857 0.5549313093 4356.899353 4985.959534 nan nan
2 23125 685 685 0 239491.9754 1384.378846 236716.1194 240791.7217 4075.602379 234971.2139 240887.1301 5915.916253 -0.6271612662 2649.76977 4394.675267 nan nan
3 164231 951 0 951 nan nan nan nan nan nan nan nan nan nan nan nan nan
4 39851 380 380 0 210409.7143 3525.572832 204998.3135 215776.0684 10777.75493 202959.5136 218078.0976 15118.58405 0.01784379948 5738.147016 7566.559187 nan nan
5 75363 824 0 824 nan nan nan nan nan nan nan nan nan nan nan nan nan
6 32340 44 44 0 238862.6328 2259.294058 234581.1418 240989.5743 6408.432585 233714.1803 241117.2713 7403.091095 -0.4911798512 3497.42935 4364.390852 nan nan
7 27925 897 897 0 223444.9044 5018.675762 213767.5784 230172.0964 16404.51805 211240.7627 231203.2728 19962.51006 -0.3830828086 8864.548818 10669.36276 nan nan
8 69514 1533 1533 0 203492.1407 822.6052733 202168.1989 204412.6954 2244.496582 193457.3445 204528.5522 11071.20763 -2.92794174 1201.10179 9807.927665 nan nan
9 168245 2134 0 2134 nan nan nan nan nan nan nan nan nan nan nan nan nan
10 10199 4738 4738 0 221738.1775 3946.456742 215056.8443 227549.5615 12492.71718 213935.754 231002.7232 17066.96922 -0.07114999261 7499.337013 8547.68464 nan nan
11 217580 1660 0 1660 nan nan nan nan nan nan nan nan nan nan nan nan nan
12 19213 261 261 0 235741.4743 2728.241047 234171.9654 236066.0512 1894.085804 193730.153 236179.9866 42449.83359 -13.69246897 1565.494054 42007.30643 nan nan
13 154480 1690 0 1690 nan nan nan nan nan nan nan nan nan nan nan nan nan
14 173287 1116 0 1116 nan nan nan nan nan nan nan nan nan nan nan nan nan
15 45425 2193 2193 0 199082.2787 2143.409931 196902.7608 203459.8918 6557.130968 196536.693 204479.9056 7943.212568 0.506128795 5523.977662 6543.991509 nan nan
16 41854 7367 7367 0 225609.0597 5154.826798 217389.9903 232837.5526 15447.56238 215422.8506 235326.9601 19904.10953 -0.06579904839 10131.94547 12621.35297 nan nan
17 70288 110 110 0 201817.0461 1991.534691 198336.8212 203857.2858 5520.46455 193076.1974 204296.4332 11220.23572 -2.726143368 3764.104176 7956.659521 nan nan
18 125903 14194 0 14194 nan nan nan nan nan nan nan nan nan nan nan nan nan
19 32794 256 256 0 238245.6481 2457.669284 233707.0703 240992.0463 7284.976048 232642.0481 241041.6789 8399.630838 -0.3435908681 4363.404863 5428.427097 nan nan
20 108033 664 664 0 211628.5398 8277.708981 203871.5206 231382.2653 27510.74472 202568.3077 233432.7146 30864.40685 0.91718208 18347.05562 20397.50485 nan nan
21 24045 342 342 0 235306.2634 682.8929506 234238.7568 235893.0723 1654.315498 231453.0012 236191.6997 4738.69857 -2.558987507 1058.89038 3844.646048 nan nan
22 41694 298 298 0 209145.1169 6312.42064 201824.921 217045.0302 15220.10919 193076.8534 234494.9336 41418.08023 0.8702394901 8485.076364 24450.27368 nan nan
23 81926 4629 0 4629 nan nan nan nan nan nan nan nan nan nan nan nan nan
24 37073 55 55 0 215991.0091 9153.389284 203782.582 229575.4982 25792.91621 202877.6202 230773.3231 27895.70284 0.08164633 16264.71449 17462.53934 nan nan
25 127571 195 0 195 nan nan nan nan nan nan nan nan nan nan nan nan nan
26 147409 626 0 626 nan nan nan nan nan nan nan nan nan nan nan nan nan
27 167957 1 0 1 nan nan nan nan nan nan nan nan nan nan nan nan nan
28 9553 428 428 0 239146.074 594.4162805 237947.7624 239728.6974 1780.935004 237499.9787 240887.4587 3387.479998 -0.01318033932 1325.42144 1732.275079 nan nan
29 36611 59 59 0 213449.8032 7145.355215 205128.2465 228202.978 23074.73155 202795.7967 230933.8866 28138.0899 0.4843203575 14332.98318 17063.89182 nan nan
30 48712 6904 6904 0 225788.53 4587.763161 218588.9545 233224.5171 14635.56258 217311.3472 237064.8143 19753.46717 0.03254042855 9750.960154 13591.25743 nan nan
31 76116 159 159 0 202024.6116 1281.281476 200810.1991 204052.2985 3242.099395 193088.3021 204531.0811 11442.77896 -2.439571993 2780.756838 8239.446162 nan nan
32 189188 11550 0 11550 nan nan nan nan nan nan nan nan nan nan nan nan nan
33 110441 8736 0 8736 nan nan nan nan nan nan nan nan nan nan nan nan nan
34 83559 677 677 0 223491.2755 4222.860428 216425.5458 229723.405 13297.85918 214788.0643 234172.1863 19384.12199 0.03958651281 7328.893624 11671.15109 nan nan
35 52788 2579 2579 0 200021.1148 1756.458857 198085.1165 203688.7077 5603.591211 197671.8411 204535.186 6863.344918 0.5282516245 4911.313966 5757.792315 nan nan
36 30888 128 128 0 219626.6305 7722.445207 206603.0743 230904.5692 24301.49487 205025.9778 231255.9631 26229.98534 -0.1393189036 13285.71012 13637.10403 nan nan
37 178930 829 0 829 nan nan nan nan nan nan nan nan nan nan nan nan nan
38 31223 357 357 0 235721.0816 903.4975983 234632.3658 237555.7153 2923.349534 233675.3636 239054.9784 5379.614864 0.5118033511 1787.892362 3257.780996 nan nan
39 80818 7170 7170 0 211193.5864 3551.134463 205937.9316 217084.38 11146.44847 204742.5189 219173.333 14430.8141 0.09569959554 6515.820471 7692.900299 nan nan
40 40309 55 55 0 211496.8556 6787.451685 203825.7711 224843.9985 21018.2274 202995.4862 226662.2137 23666.72757 0.3863818367 13693.68386 15511.89913 nan nan
41 90029 71 71 0 224712.6849 5823.987665 215873.5111 232309.1421 16435.63102 212499.7425 232940.2977 20440.55527 -0.2061408264 11818.95517 12450.1108 nan nan
42 27801 233 233 0 239255.7417 2463.902411 233647.9411 241045.1341 7397.192979 232218.7649 241085.7226 8866.957674 -0.8035996178 5408.827155 6838.003364 nan nan
43 31807 142 142 0 216751.9147 7979.254981 204786.8968 229618.4146 24831.51776 202670.6099 231209.2748 28538.6649 0.06695170863 13861.86321 15452.72341 nan nan
44 60 428 428 0 228357.9257 4483.959302 220405.2378 235930.8828 15525.64502 213751.6007 236959.9869 23208.38618 -0.4188832997 8373.384694 15027.02179 nan nan
45 23245 3738 3738 0 224242.192 4001.103449 217280.2469 229706.788 12426.54108 216237.2685 230946.3375 14709.069 -0.1800773575 6836.447351 8075.996917 nan nan
46 31765 522 522 0 224494.3286 5096.811782 217090.0453 233806.2444 16716.19905 215043.7821 235537.6775 20493.89546 0.1603775372 10436.25336 12167.68654 nan nan
47 170879 14755 0 14755 nan nan nan nan nan nan nan nan nan nan nan nan nan
48 152164 524 0 524 nan nan nan nan nan nan nan nan nan nan nan nan nan
49 218982 831 0 831 nan nan nan nan nan nan nan nan nan nan nan nan nan
50 29716 401 401 0 224367.9491 4354.696896 217077.4389 231050.5949 13973.15597 215110.9619 235849.3029 20738.34105 -0.02847035503 7612.45019 11962.02765 nan nan
51 73217 166 166 0 226428.3167 4928.19916 222163.5965 237951.1276 15787.53105 221532.4139 240115.9105 18583.49667 0.908688242 12728.27182 14893.05478 nan nan
52 193896 949 0 949 nan nan nan nan nan nan nan nan nan nan nan nan nan
53 90184 2489 2489 0 198200.7102 2474.896353 195744.3838 203263.2868 7518.902988 195334.9647 204531.5637 9196.599051 0.4886467191 5607.157779 6875.434697 nan nan
54 153332 554 0 554 nan nan nan nan nan nan nan nan nan nan nan nan nan
55 168449 13280 0 13280 nan nan nan nan nan nan nan nan nan nan nan nan nan
56 108771 1189 1189 0 209716.4388 5783.280173 204393.1844 219813.0576 15419.87326 202636.7854 232982.6761 30345.89076 1.444285011 8917.362616 22086.98111 nan nan
57 38009 235 235 0 210968.0158 3789.766092 205016.3119 216858.5556 11842.24365 203352.0919 217928.8835 14576.79155 -0.02840271678 6659.592413 7372.220758 nan nan
58 6146 1516 1516 0 217937.7299 3368.569811 212702.2264 223431.6338 10729.40743 210374.9145 230380.8092 20005.89472 0.1331387559 6016.021167 12414.65597 nan nan
59 11482 1355 1355 0 208368.6567 2815.09369 204391.1922 213261.6818 8870.489642 202792.8172 215024.4509 12231.63373 0.1766434864 4948.236419 6214.178222 nan nan
60 111384 465 0 465 nan nan nan nan nan nan nan nan nan nan nan nan nan
61 36030 795 795 0 233585.9878 742.4828315 232228.6167 234681.0183 2452.40161 230407.2782 235187.1916 4779.913373 -0.3056077003 1386.750438 3154.942565 nan nan
62 38467 63 63 0 210895.2221 6233.900419 201542.9035 220142.8962 18599.99268 201481.0537 221780.2399 20299.18619 0.09285088338 9526.092462 10772.2017 nan nan
63 126135 2197 0 2197 nan nan nan nan nan nan nan nan nan nan nan nan nan
64 30637 532 532 0 223572.7825 4545.945121 216697.4768 230726.8052 14029.32833 214513.8325 233241.1763 18727.34383 0.04052594584 8671.13462 11185.50576 nan nan
65 50148 5389 5389 0 209700.8415 3497.761638 204839.2239 215639.7754 10800.55157 204471.9973 217576.1751 13104.17774 0.1593048682 5743.559399 7098.82247 nan nan
66 19850 327 327 0 237623.2385 1063.155485 236124.426 239198.2797 3073.853691 234416.5233 240550.088 6133.564677 0.126015 1818.175732 3236.114339 nan nan
67 176472 2995 0 2995 nan nan nan nan nan nan nan nan nan nan nan nan nan
68 52112 183 183 0 232519.2125 1216.674209 230463.8474 234294.2495 3830.402079 230091.8706 235221.0839 5129.213281 -0.1075635122 2142.170212 2657.488153 nan nan
69 56631 57 57 0 201827.7852 4239.972199 200807.8048 204241.7919 3433.987089 200790.7587 233105.6795 32314.92077 6.573544696 2619.862823 31483.75044 nan nan
70 169656 108 0 108 nan nan nan nan nan nan nan nan nan nan nan nan nan
71 27803 381 381 0 239134.1121 1853.776182 235197.8023 240915.433 5717.630728 234280.425 241125.0718 6844.646807 -0.5776459456 3653.938091 4571.315427 nan nan
72 132574 758 0 758 nan nan nan nan nan nan nan nan nan nan nan nan nan
73 28876 1858 1858 0 210990.406 3531.14771 204971.544 215878.6178 10907.07381 203612.0304 216473.9076 12861.87715 -0.1568842098 6567.96049 7927.474071 nan nan
74 21391 209 209 0 236654.1464 1159.685356 235542.384 237512.3542 1969.970211 227394.8542 237778.5908 10383.73667 -4.737467094 1132.1736 9245.970418 nan nan
75 68019 52 52 0 201391.0652 2332.648715 200732.3829 206252.8142 5520.431333 193671.1315 210298.8794 16627.74787 0.9220189608 6455.62307 9479.810657 nan nan
76 218020 1067 0 1067 nan nan nan nan nan nan nan nan nan nan nan nan nan
77 103681 17263 0 17263 nan nan nan nan nan nan nan nan nan nan nan nan nan
78 148701 9056 0 9056 nan nan nan nan nan nan nan nan nan nan nan nan nan
79 20892 2669 2669 0 209173.7215 3068.378266 204452.4355 213777.3229 9324.887336 202802.5858 216332.3473 13529.7615 -0.01828604999 5065.682004 7319.478325 nan nan
80 184619 882 0 882 nan nan nan nan nan nan nan nan nan nan nan nan nan
81 70510 100 100 0 225905.267 5016.718092 221477.5853 235829.6262 14352.0409 216853.3556 237129.1543 20275.79872 0.3934017075 9620.099768 10919.62791 nan nan
82 67639 232 232 0 202228.764 1929.088498 197665.3859 204093.4378 6428.051878 193052.5207 204437.1048 11384.58411 -2.919478045 4112.807601 8725.672796 nan nan
83 61172 275 275 0 201914.5234 1184.211051 201121.0553 204095.1096 2974.054306 193064.5732 204436.8777 11372.30451 -1.926403784 2519.861097 8562.803952 nan nan
84 129328 1825 0 1825 nan nan nan nan nan nan nan nan nan nan nan nan nan
85 105863 133 133 0 207950.1667 2915.125427 204513.0288 213388.8577 8875.828853 202799.9283 216131.3439 13331.41563 0.4050285306 6895.728805 9638.215054 nan nan
86 26563 143 143 0 226314.9327 5269.165782 216175.3523 231637.5089 15462.15661 213365.2731 236243.055 22877.78186 -0.2785782463 9761.751149 12034.63035 nan nan
87 47728 464 464 0 233290.8381 2176.384871 229405.8291 236309.0147 6903.185558 228461.4184 237057.1295 8595.711105 -0.2199580637 4084.607777 5029.01853 nan nan
88 169244 225 0 225 nan nan nan nan nan nan nan nan nan nan nan nan nan
89 36855 468 468 0 210031.4162 3563.923552 204702.3637 215474.5841 10772.22034 203223.6257 218690.0129 15466.38721 0.06468532692 6139.429547 7934.04342 nan nan

K=90, phase=backward, parameter=e [-]
cluster representative_source n_cluster n_valid n_missing median std p05 p95 width90 minimum maximum range skewness error95 error_max angle_origin_deg angle_resultant
0 157048 10666 0 10666 nan nan nan nan nan nan nan nan nan nan nan nan nan
1 69158 1435 1435 0 0.5121268519 0.01031117422 0.4903201821 0.5226531416 0.03233295957 0.4854330737 0.524844825 0.03941175123 -0.5579369483 0.03230529936 0.0371924077 nan nan
2 23125 685 685 0 0.1895523802 0.01549132863 0.1738837859 0.2194721985 0.04558841259 0.1726509316 0.236160505 0.06350957339 0.5422903754 0.02991981827 0.04660812473 nan nan
3 164231 951 0 951 nan nan nan nan nan nan nan nan nan nan nan nan nan
4 39851 380 380 0 0.4414216196 0.02672515268 0.400171275 0.4818786663 0.08170739128 0.3818360911 0.4972130791 0.115376988 -0.0359249624 0.0433407932 0.05881389779 nan nan
5 75363 824 0 824 nan nan nan nan nan nan nan nan nan nan nan nan nan
6 32340 44 44 0 0.1952254068 0.02465276881 0.1714087551 0.240662374 0.06925361894 0.1699124926 0.2516405241 0.08172803148 0.4467231774 0.03688724527 0.04786539537 nan nan
7 27925 897 897 0 0.3392993973 0.04089357898 0.2823762434 0.4159030611 0.1335268177 0.2731942552 0.4351692007 0.1619749455 0.3206697542 0.07277007295 0.08318745583 nan nan
8 69514 1533 1533 0 0.4931594872 0.006123653426 0.4863086132 0.503012262 0.0167036488 0.4853613783 0.5674829007 0.08212152236 2.895806589 0.008956153793 0.07259895506 nan nan
9 168245 2134 0 2134 nan nan nan nan nan nan nan nan nan nan nan nan nan
10 10199 4738 4738 0 0.353700354 0.03177423681 0.3056515974 0.4061790431 0.1005274457 0.2750330387 0.4148232139 0.1397901753 0.02024718621 0.0593461269 0.07265946736 nan nan
11 217580 1660 0 1660 nan nan nan nan nan nan nan nan nan nan nan nan nan
12 19213 261 261 0 0.2293075812 0.02228538445 0.2260204295 0.2445658682 0.01854543874 0.2247418084 0.5654637168 0.3407219084 12.87640047 0.01524648716 0.3361443357 nan nan
13 154480 1690 0 1690 nan nan nan nan nan nan nan nan nan nan nan nan nan
14 173287 1116 0 1116 nan nan nan nan nan nan nan nan nan nan nan nan nan
15 45425 2193 2193 0 0.526031384 0.01584644387 0.493597925 0.5420962898 0.04849836483 0.4856928452 0.5448055241 0.05911267892 -0.508923689 0.04089855873 0.04880363855 nan nan
16 41854 7367 7367 0 0.3212208216 0.04345301949 0.2573881945 0.3876778296 0.1302896352 0.2337113159 0.4030672241 0.1693559082 -0.001439552402 0.08789320866 0.1115700872 nan nan
17 70288 110 110 0 0.5056573934 0.01476574197 0.4905210614 0.531652975 0.04113191356 0.4870866438 0.570313305 0.08322666123 2.711192114 0.02806345731 0.05883221282 nan nan
18 125903 14194 0 14194 nan nan nan nan nan nan nan nan nan nan nan nan nan
19 32794 256 256 0 0.2027404218 0.02616915809 0.1712527272 0.2483995909 0.0771468637 0.170592258 0.2616884088 0.09109615075 0.2618064437 0.04455513816 0.05784395599 nan nan
20 108033 664 664 0 0.4317503316 0.06597279515 0.2702067733 0.4902308733 0.2200241001 0.251039506 0.499945338 0.2489058321 -1.01051796 0.1507707159 0.1699379832 nan nan
21 24045 342 342 0 0.2335107465 0.006581388128 0.2274923499 0.2438933811 0.01640103122 0.2244055778 0.2696634783 0.04525790042 2.371711977 0.01033893842 0.0361090356 nan nan
22 41694 298 298 0 0.4509631008 0.04898707048 0.3904692829 0.5055874438 0.1151181609 0.2415658104 0.5703110008 0.3287451904 -1.137680759 0.06341512271 0.2026053211 nan nan
23 81926 4629 0 4629 nan nan nan nan nan nan nan nan nan nan nan nan nan
24 37073 55 55 0 0.3981722874 0.07175737048 0.2875154718 0.4909767212 0.2034612495 0.2769035463 0.4978213229 0.2209177766 -0.1371400178 0.1318321342 0.1424440596 nan nan
25 127571 195 0 195 nan nan nan nan nan nan nan nan nan nan nan nan nan
26 147409 626 0 626 nan nan nan nan nan nan nan nan nan nan nan nan nan
27 167957 1 0 1 nan nan nan nan nan nan nan nan nan nan nan nan nan
28 9553 428 428 0 0.1935394517 0.006608064699 0.186830493 0.2061546922 0.01932419918 0.1725560874 0.2135401588 0.0409840714 -0.1845150965 0.01489403889 0.02056225496 nan nan
29 36611 59 59 0 0.4187182195 0.05608389017 0.2994743213 0.4810812978 0.1816069765 0.275470142 0.4984289736 0.2229588316 -0.5646545387 0.1155880329 0.1395922123 nan nan
30 48712 6904 6904 0 0.3195643927 0.03882546732 0.2539446842 0.3780798789 0.1241351947 0.2151649203 0.3881172398 0.1729523195 -0.1073135622 0.0849241746 0.1237039385 nan nan
31 76116 159 159 0 0.5040867361 0.009496916197 0.4891012801 0.5131229607 0.02402168057 0.4853344496 0.5702432147 0.08490876513 2.424300457 0.02075304489 0.06096747969 nan nan
32 189188 11550 0 11550 nan nan nan nan nan nan nan nan nan nan nan nan nan
33 110441 8736 0 8736 nan nan nan nan nan nan nan nan nan nan nan nan nan
34 83559 677 677 0 0.3383516662 0.03468879904 0.2852041017 0.3947929747 0.1095888729 0.2472630738 0.4075102382 0.1602471643 -0.09607975537 0.06124640888 0.09918743682 nan nan
35 52788 2579 2579 0 0.5190639398 0.01300365453 0.4918181351 0.5333263364 0.0415082013 0.4852822681 0.5363938212 0.05111155314 -0.5313530116 0.03642822654 0.04296409361 nan nan
36 30888 128 128 0 0.3702386152 0.06153358354 0.2758375568 0.470092493 0.1942549361 0.2726984998 0.4818691601 0.2091706603 0.06874108122 0.1102246776 0.1133637346 nan nan
37 178930 829 0 829 nan nan nan nan nan nan nan nan nan nan nan nan nan
38 31223 357 357 0 0.2289015263 0.009280936967 0.2099420001 0.2398487491 0.029906749 0.1929572831 0.2493720353 0.05641475223 -0.5671089625 0.01850250416 0.03521015711 nan nan
39 80818 7170 7170 0 0.4352165272 0.02708206774 0.389846786 0.4748908001 0.08504401407 0.3733374954 0.4838169532 0.1104794578 -0.114693242 0.04942147282 0.05809260538 nan nan
40 40309 55 55 0 0.433182704 0.05241519799 0.3278588713 0.4907766993 0.162917828 0.3126150203 0.4968143921 0.1841993718 -0.439833369 0.1079401058 0.1231839567 nan nan
41 90029 71 71 0 0.3282335391 0.04874177929 0.2616531685 0.3993376219 0.1376844534 0.2557234092 0.4251041323 0.1693807232 0.1323352757 0.1010266325 0.1069563919 nan nan
42 27801 233 233 0 0.1918242992 0.02633463563 0.1705836905 0.2497344519 0.07915076141 0.1700108998 0.2624717307 0.09246083092 0.6938788729 0.05684790284 0.06958518165 nan nan
43 31807 142 142 0 0.3928284019 0.06297377942 0.287235505 0.4836383026 0.1964027977 0.2731164279 0.4993811486 0.2262647207 -0.1352646409 0.1133247257 0.1274438028 nan nan
44 60 428 428 0 0.2977923597 0.03863831616 0.2299087243 0.3649947883 0.135086064 0.2193273173 0.4165733277 0.1972460104 0.2861013811 0.07448321671 0.1204387505 nan nan
45 23245 3738 3738 0 0.3331178593 0.03288177268 0.2867042881 0.3887946288 0.1020903407 0.275559612 0.3968675338 0.1213079218 0.1333278256 0.05756591693 0.06871059299 nan nan
46 31765 522 522 0 0.3307731892 0.04285604001 0.2488592334 0.390132376 0.1412731427 0.2316081199 0.4066979038 0.1750897839 -0.2534339744 0.09116655806 0.1084176715 nan nan
47 170879 14755 0 14755 nan nan nan nan nan nan nan nan nan nan nan nan nan
48 152164 524 0 524 nan nan nan nan nan nan nan nan nan nan nan nan nan
49 218982 831 0 831 nan nan nan nan nan nan nan nan nan nan nan nan nan
50 29716 401 401 0 0.3314638934 0.03609182465 0.2744469927 0.3902567182 0.1158097256 0.2307899188 0.405522457 0.1747325382 -0.03323039253 0.06363213982 0.1050212704 nan nan
51 73217 166 166 0 0.3138806367 0.04453926951 0.2053391229 0.3492353361 0.1438962132 0.1812762556 0.3542982659 0.1730220103 -1.059481249 0.118670113 0.1427329803 nan nan
52 193896 949 0 949 nan nan nan nan nan nan nan nan nan nan nan nan nan
53 90184 2489 2489 0 0.5324988928 0.01836848043 0.494780376 0.5506367077 0.05585633173 0.4852904289 0.5536543787 0.06836394981 -0.4912495993 0.041669448 0.05115939512 nan nan
54 153332 554 0 554 nan nan nan nan nan nan nan nan nan nan nan nan nan
55 168449 13280 0 13280 nan nan nan nan nan nan nan nan nan nan nan nan nan
56 108771 1189 1189 0 0.4463484692 0.0454015782 0.3680805714 0.4863387991 0.1182582277 0.2553135518 0.4994519398 0.244138388 -1.605423436 0.06925104844 0.182018068 nan nan
57 38009 235 235 0 0.4372029306 0.02875080679 0.3919575678 0.481922651 0.08996508323 0.3835861708 0.4943049785 0.1107188077 0.00876602257 0.0511548696 0.05673696506 nan nan
58 6146 1516 1516 0 0.3839823121 0.0264706654 0.3402065953 0.4243060042 0.08409940884 0.2805506333 0.4419173052 0.1613666719 -0.1903945406 0.04724220651 0.103193678 nan nan
59 11482 1355 1355 0 0.4570384793 0.02115778992 0.4200648555 0.4867326256 0.06666777016 0.4066010115 0.4985953263 0.09199431478 -0.1884951594 0.03727970907 0.04713364213 nan nan
60 111384 465 0 465 nan nan nan nan nan nan nan nan nan nan nan nan nan
61 36030 795 795 0 0.2500676486 0.007027128568 0.2393973899 0.2626910001 0.0232936102 0.2349466751 0.2790755615 0.0441288864 0.2585411733 0.01315295139 0.0288659582 nan nan
62 38467 63 63 0 0.437352792 0.04739188948 0.3660796635 0.5076928594 0.1416131959 0.3529549444 0.5081477689 0.1551928245 -0.1207816759 0.0712444339 0.08394025606 nan nan
63 126135 2197 0 2197 nan nan nan nan nan nan nan nan nan nan nan nan nan
64 30637 532 532 0 0.3386456537 0.03748546288 0.2773688084 0.393231162 0.1158623537 0.256111332 0.410756306 0.154644974 -0.09284739866 0.07338853608 0.09464601247 nan nan
65 50148 5389 5389 0 0.4466910208 0.02649114577 0.4012598204 0.4831201364 0.08186031601 0.3857847462 0.4859440262 0.10015928 -0.1737743224 0.04332751457 0.055039311 nan nan
66 19850 327 327 0 0.2093240431 0.01127346656 0.1925159498 0.2248396997 0.03232374992 0.1768589676 0.2415276911 0.06466872345 -0.2216667972 0.01878389039 0.03240991684 nan nan
67 176472 2995 0 2995 nan nan nan nan nan nan nan nan nan nan nan nan nan
68 52112 183 183 0 0.2597230112 0.01136905937 0.2427930239 0.2785739867 0.03578096279 0.2341169465 0.281913467 0.0477965205 0.07408899553 0.02011471912 0.02516386364 nan nan
69 56631 57 57 0 0.5056254016 0.03389685611 0.4876747325 0.5131472086 0.02547247614 0.2541560809 0.5132747325 0.2591186516 -6.704914835 0.01947421152 0.2529928631 nan nan
70 169656 108 0 108 nan nan nan nan nan nan nan nan nan nan nan nan nan
71 27803 381 381 0 0.1935277619 0.02015844026 0.1722330998 0.2342738522 0.0620407524 0.1697173735 0.2428185619 0.07310118834 0.4951723724 0.03901887258 0.04756358227 nan nan
72 132574 758 0 758 nan nan nan nan nan nan nan nan nan nan nan nan nan
73 28876 1858 1858 0 0.4371296777 0.02672728468 0.3996775793 0.4822676776 0.08259009831 0.3950996092 0.4924329531 0.09733334398 0.1423114709 0.04932653527 0.05949181078 nan nan
74 21391 209 209 0 0.2197083586 0.01126974621 0.2107298465 0.2307330412 0.02000319471 0.207870927 0.3063817515 0.09851082453 4.419825255 0.01119861702 0.08652277031 nan nan
75 68019 52 52 0 0.5088155938 0.01741964609 0.4725735233 0.5137016356 0.04112811238 0.4418819334 0.5658999528 0.1240180195 -0.9739653515 0.04801123386 0.07119198907 nan nan
76 218020 1067 0 1067 nan nan nan nan nan nan nan nan nan nan nan nan nan
77 103681 17263 0 17263 nan nan nan nan nan nan nan nan nan nan nan nan nan
78 148701 9056 0 9056 nan nan nan nan nan nan nan nan nan nan nan nan nan
79 20892 2669 2669 0 0.4509270663 0.02309903024 0.415979732 0.4862356915 0.0702559595 0.3961178326 0.4984650493 0.1023472167 0.005323561273 0.03830001849 0.05600834402 nan nan
80 184619 882 0 882 nan nan nan nan nan nan nan nan nan nan nan nan nan
81 70510 100 100 0 0.3182906365 0.04346161031 0.2308408623 0.3547875865 0.1239467242 0.2174958382 0.3927605453 0.1752647071 -0.4622798768 0.0848588992 0.09820392333 nan nan
82 67639 232 232 0 0.5026212201 0.01429237352 0.4887847971 0.5364478727 0.04766307565 0.4860394945 0.5704977882 0.0844582937 2.910362246 0.0304946035 0.06454451897 nan nan
83 61172 275 275 0 0.504908165 0.00878169047 0.4888402773 0.5108259557 0.02198567844 0.4860371988 0.5704147561 0.08437755733 1.908214825 0.01861747503 0.0633214489 nan nan
84 129328 1825 0 1825 nan nan nan nan nan nan nan nan nan nan nan nan nan
85 105863 133 133 0 0.4596547514 0.02202841114 0.418634793 0.4857458655 0.06711107252 0.3970783663 0.4982038885 0.1011255222 -0.4222967488 0.05198631115 0.07354273785 nan nan
86 26563 143 143 0 0.3155847814 0.04390392539 0.269149166 0.3973094709 0.1281603049 0.2268033251 0.4189594563 0.1921561312 0.1902361525 0.08125790987 0.0965046908 nan nan
87 47728 464 464 0 0.2524508971 0.02065786673 0.22259999 0.2880725551 0.06547256515 0.2148447897 0.2963670999 0.08152231018 0.1505981001 0.0375279312 0.04582247597 nan nan
88 169244 225 0 225 nan nan nan nan nan nan nan nan nan nan nan nan nan
89 36855 468 468 0 0.4442067984 0.02699640728 0.4027239413 0.4842117715 0.08148783023 0.377006182 0.4952566739 0.1182504919 -0.08441983139 0.04614739048 0.06181535357 nan nan

K=90, phase=backward, parameter=w [deg]
cluster representative_source n_cluster n_valid n_missing median std p05 p95 width90 minimum maximum range skewness error95 error_max angle_origin_deg angle_resultant
0 157048 10666 0 10666 nan nan nan nan nan nan nan nan nan nan nan nan nan
1 69158 1435 1435 0 -1.406645186 4.280465525 -4.796060153 8.799529522 13.59558967 -5.447816001 11.49951895 16.94733495 0.8899054831 8.576441338 11.27643076 191.9801382 0.9972129073
2 23125 685 685 0 2.522491866 13.59787258 -22.48488001 17.15629552 39.64117553 -24.27528206 19.58586014 43.8611422 -0.3130573306 33.41521308 35.20561514 193.8637556 0.9720602922
3 164231 951 0 951 nan nan nan nan nan nan nan nan nan nan nan nan nan
4 39851 380 380 0 -2.258539064 6.079623264 -3.388762413 15.07595642 18.46471883 -22.50500661 19.46554565 41.97055226 1.59799299 18.12623024 22.10688675 194.1938364 0.9944015073
5 75363 824 0 824 nan nan nan nan nan nan nan nan nan nan nan nan nan
6 32340 44 44 0 4.840871685 14.01309828 -29.7643307 14.95119778 44.71552848 -32.22095787 15.17908176 47.40003963 -0.9110506484 40.0747826 42.53140977 199.8229753 0.9704958824
7 27925 897 897 0 -5.364638473 10.76584231 -9.240203266 17.1815395 26.42174277 -32.77076627 17.38856196 50.15932823 0.7731584638 22.8596005 27.11129714 199.7298127 0.9824537062
8 69514 1533 1533 0 -0.07648570983 2.648664264 -3.748234307 4.22593795 7.974172256 -20.6159358 6.417137943 27.03307375 -0.8417908842 5.578151886 19.33718433 196.3360145 0.9989332383
9 168245 2134 0 2134 nan nan nan nan nan nan nan nan nan nan nan nan nan
10 10199 4738 4738 0 -0.2276206105 2.633522852 -3.480312763 5.945533767 9.42584653 -4.274810371 8.971099182 13.24590955 1.137761791 6.050111688 9.075677103 185.5998806 0.9989445688
11 217580 1660 0 1660 nan nan nan nan nan nan nan nan nan nan nan nan nan
12 19213 261 261 0 -0.3597391417 3.708443197 -4.614532111 5.250159122 9.864691233 -12.07030998 16.50811257 28.57842256 1.68640111 6.453509523 17.63418394 200.1841171 0.9979118415
13 154480 1690 0 1690 nan nan nan nan nan nan nan nan nan nan nan nan nan
14 173287 1116 0 1116 nan nan nan nan nan nan nan nan nan nan nan nan nan
15 45425 2193 2193 0 -1.728932654 5.657819464 -6.396331729 12.04241763 18.43874936 -7.55482619 17.05655082 24.61137701 0.9961500848 13.38660045 18.40073364 186.8990628 0.9951370451
16 41854 7367 7367 0 -1.394326589 4.744193308 -5.758803674 9.033848731 14.79265241 -8.3013155 14.13029076 22.43160626 0.7987320048 9.841343754 14.93778579 201.7264841 0.9965766627
17 70288 110 110 0 -0.01677635242 5.097627722 -7.294712765 7.075542659 14.37025542 -19.56256127 8.065030556 27.62759183 -1.292487201 8.85085786 18.77805414 194.3197873 0.9960581953
18 125903 14194 0 14194 nan nan nan nan nan nan nan nan nan nan nan nan nan
19 32794 256 256 0 5.965456995 14.52176062 -30.3867398 13.50936129 43.89610108 -34.93886112 13.92651897 48.8653801 -0.9921011847 38.64410428 43.19622561 202.1827007 0.9683409238
20 108033 664 664 0 1.064269682 6.479119939 -20.11586857 7.324312726 27.44018129 -20.62518327 7.589366329 28.21454959 -1.583829878 22.30367866 22.81299336 209.6879665 0.993646351
21 24045 342 342 0 0.2285216794 2.8835789 -4.995222748 3.161135137 8.156357885 -6.933629006 13.33170523 20.26533423 0.7927911479 5.021325342 13.77523241 202.3118512 0.9987354598
22 41694 298 298 0 1.150672295 7.255782843 -18.76581344 9.121434593 27.88724804 -21.02249357 18.29723798 39.31973155 -1.51938004 19.43860719 21.69528732 191.2411336 0.9920405886
23 81926 4629 0 4629 nan nan nan nan nan nan nan nan nan nan nan nan nan
24 37073 55 55 0 -0.5461857994 6.217572869 -4.27282799 10.62461908 14.89744707 -23.08451428 19.67347806 42.75799235 0.6517751965 20.2975557 22.3558426 194.9866135 0.9941604168
25 127571 195 0 195 nan nan nan nan nan nan nan nan nan nan nan nan nan
26 147409 626 0 626 nan nan nan nan nan nan nan nan nan nan nan nan nan
27 167957 1 0 1 nan nan nan nan nan nan nan nan nan nan nan nan nan
28 9553 428 428 0 0.8033555965 6.554208642 -12.21066485 8.329237304 20.53990216 -19.42192314 18.72422886 38.146152 -0.4403247007 14.02248972 21.03728829 191.1650089 0.9934774306
29 36611 59 59 0 -0.7302197717 4.282852915 -2.651417353 3.934951631 6.586368984 -22.69041813 12.10037283 34.79079096 -1.782803977 9.046251923 21.90672312 193.2682804 0.9972261173
30 48712 6904 6904 0 0.3481774746 3.330504556 -7.084222114 4.568249267 11.65247138 -11.33615599 12.99279907 24.32895506 -0.7285088879 7.274337652 12.83061665 204.5791028 0.9983121268
31 76116 159 159 0 -0.7241007111 3.680507273 -3.570162518 6.196316402 9.76647892 -20.00640412 8.296099006 28.30250312 -0.6342262635 5.843378388 20.63476199 194.2139939 0.9979421041
32 189188 11550 0 11550 nan nan nan nan nan nan nan nan nan nan nan nan nan
33 110441 8736 0 8736 nan nan nan nan nan nan nan nan nan nan nan nan nan
34 83559 677 677 0 2.447230703 10.63252919 -42.4453654 4.150198037 46.59556344 -45.28334974 4.333347955 49.6166977 -3.785470222 45.37737144 48.21535579 212.283541 0.983553021
35 52788 2579 2579 0 -1.168322489 4.9790235 -6.023950801 10.2899797 16.3139305 -7.248856798 14.08317887 21.33203566 0.8718829629 11.8357539 15.62895307 189.7556779 0.9962312162
36 30888 128 128 0 0.01079291442 2.115850705 -3.235311904 2.694586788 5.929898692 -3.293517685 4.147455109 7.440972794 -0.1805797131 3.293015096 4.098891345 192.5452229 0.9993182694
37 178930 829 0 829 nan nan nan nan nan nan nan nan nan nan nan nan nan
38 31223 357 357 0 0.5427746519 3.353571195 -7.576045409 2.567102976 10.14314839 -37.52755194 9.305008115 46.83256005 -4.560591678 8.721704567 38.67321109 205.784999 0.9983098714
39 80818 7170 7170 0 -0.3038808271 3.127935704 -4.559759689 5.487042849 10.04680254 -10.74075555 10.71525165 21.4560072 0.5223679094 6.614584944 12.59921662 202.95385 0.9985109053
40 40309 55 55 0 -1.238899272 6.318958148 -3.405486962 11.59553973 15.00102669 -22.92824502 16.52225186 39.45049688 -0.6243661887 17.02684658 20.64606878 194.4046697 0.9939624646
41 90029 71 71 0 3.598145888 7.334936349 -16.69974111 4.330136859 21.02987797 -19.11072236 4.373914995 23.48463735 -1.827102913 19.15090995 21.5618912 212.3554372 0.9918552137
42 27801 233 233 0 3.464515518 15.79603527 -27.44532071 18.75407632 46.19939703 -29.79531114 19.61499886 49.41031 -0.4191566334 38.25126811 40.60125853 197.1760621 0.9624204296
43 31807 142 142 0 -1.842800646 7.107983156 -5.126783306 20.84960305 25.97638635 -5.229812831 22.28421522 27.51402806 2.220698866 23.50026734 24.93487951 194.4529553 0.9923716543
44 60 428 428 0 -19.6499469 23.4090428 -22.11373613 26.29729799 48.41103412 -22.26758373 26.46946465 48.73704839 0.1863406292 48.33414329 48.50630996 189.32285 0.917737944
45 23245 3738 3738 0 -0.04319360583 1.634448944 -2.640576274 2.721858688 5.362434962 -4.481008315 3.484049046 7.965057361 0.004790938741 4.393443221 6.233875262 190.7827864 0.9995931817
46 31765 522 522 0 0.1123833808 6.151758978 -2.733860524 6.020635125 8.754495648 -29.12048389 20.55925105 49.67973494 -1.172799968 18.00930213 29.82743615 196.1042759 0.9943188881
47 170879 14755 0 14755 nan nan nan nan nan nan nan nan nan nan nan nan nan
48 152164 524 0 524 nan nan nan nan nan nan nan nan nan nan nan nan nan
49 218982 831 0 831 nan nan nan nan nan nan nan nan nan nan nan nan nan
50 29716 401 401 0 -2.397316317 11.01334055 -5.768260337 18.92898446 24.6972448 -31.26691394 19.11694436 50.3838583 -0.06899200534 21.08437894 29.2892579 198.2038171 0.9817778859
51 73217 166 166 0 4.849931982 10.16647782 -15.10305754 6.033111404 21.13616894 -42.04854898 7.426905693 49.47545467 -2.334858258 21.16070281 48.10619425 209.2009616 0.9846171676
52 193896 949 0 949 nan nan nan nan nan nan nan nan nan nan nan nan nan
53 90184 2489 2489 0 -0.0625574647 6.058232181 -10.23231675 9.463710902 19.69602765 -13.39853242 11.76080516 25.15933758 -0.09052549395 11.34971998 14.51593566 193.2524425 0.9944208036
54 153332 554 0 554 nan nan nan nan nan nan nan nan nan nan nan nan nan
55 168449 13280 0 13280 nan nan nan nan nan nan nan nan nan nan nan nan nan
56 108771 1189 1189 0 1.813857724 7.807494833 -17.61315636 8.289857794 25.90301415 -17.86667781 10.32644669 28.1931245 -1.304425285 20.97052929 21.22405074 206.60763 0.9907691683
57 38009 235 235 0 -0.8819110838 3.109178697 -1.746243339 1.989288197 3.735531536 -1.825535412 17.60476642 19.43030183 3.859108664 3.125673409 18.74115163 192.0581884 0.9985341709
58 6146 1516 1516 0 -0.4265653447 3.256877911 -2.153659033 0.8016970902 2.955356123 -2.669625297 34.1538842 36.8235095 5.710855152 2.047585727 34.64090322 180.951443 0.9984045031
59 11482 1355 1355 0 -0.7984974114 4.168160545 -2.464970096 7.771041972 10.23601207 -2.794722803 29.89395117 32.68867398 5.031861172 8.696599615 30.81950882 180.9714846 0.9973901817
60 111384 465 0 465 nan nan nan nan nan nan nan nan nan nan nan nan nan
61 36030 795 795 0 0.5764076688 2.619233861 -5.400303936 3.192486794 8.59279073 -9.356085668 9.482673064 18.83875873 -0.9350059913 6.018593698 9.804806963 207.1619771 0.9989558363
62 38467 63 63 0 -1.62379079 4.877744088 -3.919165973 13.67857428 17.59774026 -3.977250508 17.00924953 20.98650004 2.119721774 16.80913823 20.13981348 194.4976757 0.9963908864
63 126135 2197 0 2197 nan nan nan nan nan nan nan nan nan nan nan nan nan
64 30637 532 532 0 0.2647436524 5.936952081 -2.258175669 1.537791514 3.795967183 -27.90794835 22.51829784 50.42624619 -1.00307709 19.41563698 28.47156608 194.8216567 0.9947110619
65 50148 5389 5389 0 -0.831710985 4.050056754 -4.526015889 9.581297355 14.10731324 -5.410370663 16.52493058 21.93530124 1.636082882 11.1454943 18.08912752 196.8259411 0.9975076018
66 19850 327 327 0 0.6771899268 4.997217628 -6.078953666 5.303357609 11.38231127 -28.09307723 14.31684367 42.4099209 -2.095476953 10.17432009 28.31281697 200.7295225 0.9962275267
67 176472 2995 0 2995 nan nan nan nan nan nan nan nan nan nan nan nan nan
68 52112 183 183 0 0.4603434191 1.938581229 -1.858951039 1.460329206 3.319280245 -12.64153073 1.928890312 14.57042105 -4.182014757 2.832469192 13.61504889 214.9168322 0.9994289276
69 56631 57 57 0 -1.395215799 4.83555315 -4.360020632 7.831244193 12.19126482 -4.425438471 21.87959927 26.30503774 1.947749894 10.66583697 24.71419204 194.0094521 0.996456038
70 169656 108 0 108 nan nan nan nan nan nan nan nan nan nan nan nan nan
71 27803 381 381 0 4.289098033 14.15940896 -26.27117804 16.38960493 42.66078297 -29.55289171 18.2188865 47.7717782 -0.5987513692 36.26579438 39.54750805 197.7727991 0.9697773858
72 132574 758 0 758 nan nan nan nan nan nan nan nan nan nan nan nan nan
73 28876 1858 1858 0 -0.5880076255 3.239342752 -1.98316128 1.753459771 3.736621051 -2.327739606 21.1025076 23.4302472 4.792979564 2.065947432 21.27979252 188.3715234 0.998413117
74 21391 209 209 0 -0.842403798 3.070378331 -2.375746987 3.700412986 6.076159973 -7.855622012 12.5781283 20.43375031 2.381930877 6.588453056 13.24283069 201.8841318 0.9985676083
75 68019 52 52 0 -1.272127534 4.735758676 -4.428774711 10.21259285 14.64136756 -6.432250682 14.45272032 20.88497101 1.42808866 11.643418 15.88354547 194.3790669 0.9965927776
76 218020 1067 0 1067 nan nan nan nan nan nan nan nan nan nan nan nan nan
77 103681 17263 0 17263 nan nan nan nan nan nan nan nan nan nan nan nan nan
78 148701 9056 0 9056 nan nan nan nan nan nan nan nan nan nan nan nan nan
79 20892 2669 2669 0 -1.168609424 5.304585993 -3.817750901 18.18733909 22.00508999 -4.322628231 24.66142878 28.98405701 3.179994232 20.03395213 26.50804181 185.7774281 0.9957536245
80 184619 882 0 882 nan nan nan nan nan nan nan nan nan nan nan nan nan
81 70510 100 100 0 9.526277697 17.86568214 -36.13154349 11.34843493 47.47997842 -37.09919099 11.46212792 48.56131891 -1.344200067 47.23299316 48.20064067 204.4433484 0.9525615484
82 67639 232 232 0 -0.5218321322 4.05665906 -3.303880492 6.264524926 9.568405419 -19.45107825 7.824909009 27.27598726 -1.203394432 7.866524895 18.59685176 194.4383787 0.9975017921
83 61172 275 275 0 -0.825118989 3.629466628 -3.761081104 6.802696122 10.56377723 -20.28635997 8.50011932 28.78647929 -0.03040218539 8.875149996 18.4556781 194.0088421 0.9979975057
84 129328 1825 0 1825 nan nan nan nan nan nan nan nan nan nan nan nan nan
85 105863 133 133 0 4.160624488 9.297180018 -9.569296682 11.52761923 21.09691591 -26.43313938 13.73303407 40.16617345 -0.4221479815 15.71533046 32.57917316 198.9653813 0.9868990548
86 26563 143 143 0 0.4507832523 7.637893023 -2.918668864 2.977557176 5.896226039 -26.99180842 22.45933226 49.45114068 -0.8670338109 20.85767344 28.59294568 194.1641336 0.99124543
87 47728 464 464 0 0.2937225038 1.225193636 -2.296775104 1.462081937 3.75885704 -3.845039655 1.67873991 5.523779566 -0.733353644 2.70410719 4.252371742 214.0543384 0.9997713926
88 169244 225 0 225 nan nan nan nan nan nan nan nan nan nan nan nan nan
89 36855 468 468 0 -2.322100232 5.958883916 -3.215405026 15.98393324 19.19933827 -3.691648605 20.89643358 24.58808218 2.271585075 18.43463645 23.34713678 193.082868 0.9946241371

K=90, phase=forward, parameter=a [km]
cluster representative_source n_cluster n_valid n_missing median std p05 p95 width90 minimum maximum range skewness error95 error_max angle_origin_deg angle_resultant
0 157048 10666 10665 1 193617.125 83535.87908 188039.709 343927.3476 155887.6385 187998.576 1093940.343 905941.7669 5.187047097 155896.2931 905909.2884 nan nan
1 69158 1435 1435 0 200632.9484 1048.27084 199374.0605 202697.1094 3323.048938 199011.1202 203744.2502 4733.129973 0.4993331506 1992.071362 3039.212145 nan nan
2 23125 685 2 683 9764682.191 9024437.463 1642688.474 17886675.91 16243987.43 740244.7277 18789119.65 18048874.93 nan nan nan nan nan
3 164231 951 951 0 237871.8109 17029.40838 227930.5461 281656.5474 53726.00128 206828.6985 288250.2872 81421.58873 1.561497017 43699.07312 50292.81297 nan nan
4 39851 380 380 0 208514.3693 7091.409887 206793.3921 209462.0229 2668.630783 206341.6674 290782.827 84441.15964 10.95882053 1898.700106 82171.44358 nan nan
5 75363 824 824 0 1478599.834 514089.7592 1092778.974 2698207.779 1605428.805 1001474.513 3815246.734 2813772.221 1.392066924 871745.7714 1988784.726 nan nan
6 32340 44 44 0 209242.1107 13807.16658 207706.058 233603.9777 25897.91971 205695.8635 287295.2488 81599.3853 3.842883041 24419.30637 78110.57744 nan nan
7 27925 897 897 0 216065.66 8297.45379 201702.572 231010.7351 29308.16308 200634.2129 239943.8742 39309.66129 0.05870652154 15201.70211 24096.74551 nan nan
8 69514 1533 1533 0 201621.6045 6859.746894 193882.6648 206049.4235 12166.75871 191900.3895 290909.523 99009.13351 8.418752954 7099.021327 90138.90207 nan nan
9 168245 2134 2134 0 196676.4711 221497.6418 188355.9833 292444.2588 104088.2756 188199.5896 9903671.596 9715472.007 39.53418104 101936.3125 9713163.65 nan nan
10 10199 4738 4738 0 210217.9543 4687.137148 203546.4323 218049.101 14502.6687 202752.7849 219673.1003 16920.31544 0.1303848809 8005.440885 8778.59832 nan nan
11 217580 1660 1660 0 213196.3672 208860.8485 189869.1998 794605.5189 604736.319 188391.2971 838182.0686 649790.7715 1.789786519 601094.3164 644670.8662 nan nan
12 19213 261 261 0 359644.942 79871.64768 192866.3963 392566.2234 199699.827 189844.4128 567900.6844 378056.2717 -0.5386995035 172861.3026 202330.4502 nan nan
13 154480 1690 1690 0 194676.2781 101783.8562 188299.8388 264303.1353 76003.29647 188199.3183 3928762.039 3740562.72 29.49899055 74538.51267 3738997.416 nan nan
14 173287 1116 1116 0 240021.4503 31393.12373 232675.1427 240816.3254 8141.182753 225745.0031 747418.5931 521673.59 14.62818829 10085.51232 506821.4586 nan nan
15 45425 2193 2193 0 220963.6864 5435.85617 209631.717 227845.8646 18214.14755 202668.2523 229033.5142 26365.26187 -0.7297695544 10865.06484 17828.52952 nan nan
16 41854 7367 7366 1 211231.9202 120012.7195 191197.2736 280106.053 88908.77933 189237.1821 1894268.983 1705031.801 7.417502458 69914.35911 1684077.289 nan nan
17 70288 110 110 0 210953.2047 21785.38358 207955.106 289414.6725 81459.56651 207717.5978 290667.2668 82949.66899 3.073920088 78376.13494 79628.72926 nan nan
18 125903 14194 14194 0 201431.6081 25644.98953 189992.1063 207550.2723 17558.16603 188458.069 1054275.81 865817.7409 24.70950317 10938.22951 853401.4834 nan nan
19 32794 256 256 0 206191.3191 5411.336406 200874.449 216691.7302 15817.28115 200728.3962 236224.2263 35495.83011 1.017907391 9129.209108 28661.70522 nan nan
20 108033 664 663 1 225706.2868 4672.241196 215984.6724 230578.525 14593.85259 209608.4346 237164.9242 27556.48964 -0.774585649 10766.5895 17142.8273 nan nan
21 24045 342 342 0 204158.6844 115018.2668 191906.9053 526456.1766 334549.2713 189849.7607 633371.7239 443521.9632 1.199350037 325009.4826 431925.0299 nan nan
22 41694 298 298 0 208204.6489 27369.46641 206087.3302 288221.7529 82134.42271 191760.5805 291771.3033 100010.7227 2.143109025 80216.49254 83766.04292 nan nan
23 81926 4629 4629 0 195124.3183 79293.61774 188301.8382 314192.0625 125890.2243 188161.1319 1002583.417 814422.2851 5.557066544 122997.9544 811389.3088 nan nan
24 37073 55 55 0 209416.0103 10429.43941 207480.4026 211928.9915 4448.588941 204659.9662 286636.6773 81976.7111 7.170311153 2900.752978 77464.66261 nan nan
25 127571 195 195 0 197832.5233 475551.7749 188529.7571 798264.4766 609734.7195 188218.9593 4813753.221 4625534.262 6.650611738 602578.939 4618067.684 nan nan
26 147409 626 626 0 197406.7733 85974.44809 188498.2844 298922.3004 110424.016 188323.4112 1104957.43 916634.019 7.081778695 107092.7156 913127.8453 nan nan
27 167957 1 1 0 206642.0602 0 206642.0602 206642.0602 0 206642.0602 206642.0602 0 nan 0 0 nan nan
28 9553 428 428 0 831474.7158 974735.8479 208404.2543 2783116.902 2574712.648 189465.639 8837569.013 8648103.374 3.253463174 1894386.79 7948838.9 nan nan
29 36611 59 59 0 209249.5805 9839.883901 208088.4795 211664.4839 3576.004339 207570.7801 285281.1408 77710.36073 7.554103881 2400.993241 76017.65018 nan nan
30 48712 6904 6904 0 200235.1358 51992.93366 189221.0691 222939.3434 33718.27429 188882.7471 1306594.606 1117711.859 14.58740762 21924.11065 1105579.374 nan nan
31 76116 159 159 0 208618.9038 17080.05632 208240.5826 227600.574 19359.99146 208017.3606 290545.4692 82528.10858 3.876406696 19025.52051 81970.41563 nan nan
32 189188 11550 11550 0 198414.835 11978.09116 189162.3324 220737.205 31574.87263 188873.5597 291363.4175 102489.8578 2.51754979 22279.97468 92906.18717 nan nan
33 110441 8736 8736 0 211012.552 49856.62627 197852.6132 219187.329 21334.71581 188943.8673 963557.609 774613.7417 12.08692024 15684.26414 751211.9037 nan nan
34 83559 677 677 0 201077.262 423410.3027 188658.9249 1228619.128 1039960.203 188375.5304 3868441.785 3680066.255 3.391798071 1037330.79 3677153.447 nan nan
35 52788 2579 2579 0 209584.7351 4438.445623 203356.3582 217305.8794 13949.52125 201333.4052 219457.0339 18123.6287 0.2017802304 7673.475163 9373.933232 nan nan
36 30888 128 128 0 237287.9917 2796.198029 234607.2575 239500.079 4892.82148 210846.7193 239881.5132 29034.79398 -6.433158484 3644.76432 25080.61199 nan nan
37 178930 829 829 0 196087.4796 1010792.404 188398.2557 453811.3064 265413.0507 188334.9515 8775147.526 8586812.575 5.766747983 264565.5425 8585901.762 nan nan
38 31223 357 357 0 258990.9515 551871.3224 205214.896 1728764.354 1523549.458 189245.1579 3634819.281 3445574.123 2.087453981 1518081.133 3424136.059 nan nan
39 80818 7170 7170 0 192149.3229 40985.22245 188633.4085 295060.6193 106427.2108 188402.7716 519281.0089 330878.2372 3.415739756 67754.32138 291974.7109 nan nan
40 40309 55 55 0 208910.4442 14793.10164 206200.5735 212366.8089 6166.235464 206005.9538 288333.7519 82327.79811 4.999881705 3983.532439 79950.47543 nan nan
41 90029 71 71 0 210410.93 17151.53642 208973.8633 240852.1255 31878.26217 207736.2912 291060.468 83324.17676 3.350022396 30758.32094 80966.66341 nan nan
42 27801 233 233 0 223268.8683 6324.752039 211333.6008 230894.3752 19560.77444 204851.5384 237794.2941 32942.75571 -0.4892723132 13211.80368 19405.36141 nan nan
43 31807 142 142 0 240536.442 3077.602197 233486.5136 241059.0149 7572.501316 231841.8109 241084.8959 9243.084989 -0.9616517826 7381.718499 9026.421164 nan nan
44 60 428 69 359 281041.8786 151548.6081 275160.2441 775277.1103 500116.8662 273988.6148 827653.9353 553665.3205 2.721556593 nan nan nan nan
45 23245 3738 3737 1 198238.5625 2051.370937 195876.5736 202339.587 6463.01341 195345.8198 203423.1868 8077.367004 0.4213137691 5624.338401 6707.938167 nan nan
46 31765 522 522 0 211145.7139 68488.34777 207133.6747 215905.789 8772.114321 188400.7196 1003781.132 815380.4121 9.344702002 22487.38045 792806.0909 nan nan
47 170879 14755 14754 1 192538.2098 97680.89124 188145.9956 391588.6278 203442.6321 188018.3425 4480813.766 4292795.424 9.043724908 203268.2878 4292493.426 nan nan
48 152164 524 524 0 196196.5681 236770.1468 188486.8652 888075.4792 699588.614 188380.6363 1122333.647 933953.0105 2.089053681 697170.7063 931428.8739 nan nan
49 218982 831 831 0 230592.129 1966714.549 226897.9278 233435.3011 6537.373249 202433.2601 21659266.51 21456833.25 8.561497905 3621.332489 21429349.5 nan nan
50 29716 401 401 0 210489.7888 14264.15928 209619.2051 230590.8626 20971.65755 203867.0751 290138.19 86271.11489 3.785921242 20400.64196 79947.96929 nan nan
51 73217 166 166 0 202964.127 24586.02408 189533.347 228516.4806 38983.13356 189478.0538 344321.4846 154843.4308 4.170351292 23953.01635 139758.0204 nan nan
52 193896 949 949 0 871848.2878 265346.7115 203302.127 1069376.692 866074.565 195154.2583 2183162.599 1988008.34 -1.169646614 680201.6551 1299824.719 nan nan
53 90184 2489 2486 3 225244.9464 5196.501833 214275.7399 230177.8319 15902.09194 206480.7213 233342.8745 26862.15321 -0.8579287301 10352.02032 18147.03891 nan nan
54 153332 554 554 0 195217.2095 130043.3707 188437.9032 325099.9797 136662.0765 188336.9121 1018165.256 829828.344 4.922439683 134663.7458 827729.0222 nan nan
55 168449 13280 13280 0 193767.6985 52109.64624 188682.2435 226886.5317 38204.28814 188412.9165 5879060.796 5690647.879 97.72873877 34447.40042 5686621.664 nan nan
56 108771 1189 1189 0 211660.5105 6300.700865 201376.9198 221416.1036 20039.18379 200515.9415 232925.2966 32409.35504 0.1393706611 10897.66389 21123.07679 nan nan
57 38009 235 235 0 209205.9349 10378.0688 208632.243 209646.0067 1013.763652 208147.1771 290444.1243 82296.94718 7.508146522 832.0204261 81243.67041 nan nan
58 6146 1516 1516 0 221368.4956 3225.996424 217409.6986 224593.2425 7183.543879 200604.1069 225497.1597 24893.05283 -2.628059801 4381.341446 21186.93319 nan nan
59 11482 1355 1355 0 224529.817 4264.134033 219627.0396 227837.8149 8210.775306 200496.666 232676.4363 32179.77034 -2.749642147 5386.942713 24029.82727 nan nan
60 111384 465 465 0 203146.2982 1214005.188 192707.9652 3643136.078 3450428.112 189519.5817 4840106.181 4650586.6 1.610690505 3442494.719 4639464.823 nan nan
61 36030 795 795 0 207958.6186 367243.8841 189472.3821 1099488.249 910015.867 189369.5122 2493776.735 2304407.223 2.744955968 910033.8757 2304322.362 nan nan
62 38467 63 63 0 208789.5657 806.4192835 207640.5165 210080.422 2439.905509 207530.476 210313.357 2782.880946 0.09444718722 1349.829556 1430.635977 nan nan
63 126135 2197 2197 0 198862.2637 234543.3291 191324.4145 203448.3146 12123.90012 189348.0623 4743779.603 4554431.541 13.24026264 6522.705748 4546747.501 nan nan
64 30637 532 532 0 209862.6885 11731.75177 209686.0918 218617.5207 8931.428867 208005.624 289124.0554 81118.4314 5.615932777 8828.427052 79334.96173 nan nan
65 50148 5389 5389 0 201954.0768 4831.218467 192772.6591 208020.499 15247.83992 190951.4866 238850.3393 47898.85273 -0.2558688227 9405.379729 36673.9509 nan nan
66 19850 327 327 0 619112.7245 451473.1562 196380.9863 1286348.793 1089967.807 189498.2159 4513902.019 4324403.803 3.3327396 589116.2458 3816669.472 nan nan
67 176472 2995 2994 1 192647.6504 223587.7797 188307.4177 347511.4779 159204.0602 188239.9341 9124903.99 8936664.056 30.58953278 158493.9985 8935886.511 nan nan
68 52112 183 169 14 202848.3911 663576.5225 188847.6661 1313136.702 1124289.036 188381.4461 7296020.845 7107639.399 6.43303349 1117121.947 7100006.09 nan nan
69 56631 57 57 0 238346.4319 14539.59488 230396.6401 280441.3939 50044.75385 227600.0592 282598.1559 54998.09673 2.10167806 41661.21941 43817.98142 nan nan
70 169656 108 108 0 205248.8475 6329524.335 204845.8878 12951709.93 12746864.04 202564.8491 36245110.86 36042546.01 3.140197074 12746500.71 36039901.64 nan nan
71 27803 381 379 2 202352.7446 863034.0203 188618.9677 1311599.887 1122980.92 188375.8048 9733554.719 9545178.914 6.55248394 1119908.621 9541863.453 nan nan
72 132574 758 758 0 197050.279 359706.7194 188917.5048 204267.1769 15349.67211 188344.0034 4075994.717 3887650.714 8.929993823 8169.688447 3879897.229 nan nan
73 28876 1858 1858 0 199557.7356 1388.336649 197883.7759 202322.2413 4438.465454 197495.0273 203356.6407 5861.613435 0.4305415698 4120.235517 5154.634907 nan nan
74 21391 209 209 0 470922.2802 279906.8469 214334.6706 847019.78 632685.1094 190022.0867 2416960.732 2226938.645 3.82645914 387760.498 1957701.45 nan nan
75 68019 52 52 0 237554.2062 7490.009069 234306.7743 240004.5965 5697.822149 233884.0647 290287.4875 56403.42287 6.558162752 4522.969983 51665.67234 nan nan
76 218020 1067 1067 0 214867.6126 10168.70804 207563.7016 229362.4236 21798.72203 202732.8438 293141.664 90408.82022 3.71509934 20842.78675 66034.78058 nan nan
77 103681 17263 17263 0 193550.8557 86767.42411 188160.7776 361947.6752 173786.8976 188018.2092 1493889.084 1305870.874 4.882474578 172299.1715 1304240.58 nan nan
78 148701 9056 9055 1 212745.0622 44860.46672 189528.1182 322227.8467 132699.7285 188388.312 758562.9942 570174.6822 3.083799231 111796.5018 548131.6493 nan nan
79 20892 2669 2669 0 209619.137 5352.909593 202891.8005 218924.7829 16032.98246 200467.8538 220135.4199 19667.56617 0.1743641937 8905.38838 11329.33509 nan nan
80 184619 882 882 0 237519.7311 3058.459432 235487.7399 239344.5235 3856.78364 205366.0206 291527.457 86161.43641 11.12010741 3512.147642 52547.16248 nan nan
81 70510 100 100 0 211268.9813 27148.89694 190814.0408 280463.335 89649.29419 189490.4617 344661.8056 155171.3438 2.619770695 85279.05014 149477.5207 nan nan
82 67639 232 232 0 207456.502 21025.66693 206676.7357 290190.2245 83513.48874 206194.4575 291166.9449 84972.48743 3.422869257 82829.34396 83806.06442 nan nan
83 61172 275 275 0 209539.9996 11507.40549 208264.5291 210713.3836 2448.854484 207746.9149 290425.8947 82678.97973 6.442188562 1474.438551 80829.86686 nan nan
84 129328 1825 1825 0 197027.2182 123624.8322 190009.9449 202543.3848 12533.43988 188503.5905 2951158.358 2762654.767 12.34479385 6748.199208 2755218.734 nan nan
85 105863 133 133 0 210787.471 19091.71645 207890.2499 254872.419 46982.16916 207769.1545 290701.7456 82932.59108 2.237585125 44669.0818 80498.40837 nan nan
86 26563 143 143 0 211143.3664 19782.33274 209401.106 270565.5763 61164.47027 207859.0466 342622.4589 134763.4123 2.607887268 60740.18487 132797.0675 nan nan
87 47728 464 0 464 nan nan nan nan nan nan nan nan nan nan nan nan nan
88 169244 225 225 0 196278.2796 5606605.393 188347.0384 5435515.366 5247168.328 188264.6697 76282242.54 76093977.87 11.42614755 5247183.553 76093910.72 nan nan
89 36855 468 468 0 209597.3801 8320.478705 208554.7067 210462.1732 1907.466504 207980.9749 286255.281 78274.30607 8.644972543 1154.223168 76581.63598 nan nan

K=90, phase=forward, parameter=e [-]
cluster representative_source n_cluster n_valid n_missing median std p05 p95 width90 minimum maximum range skewness error95 error_max angle_origin_deg angle_resultant
0 157048 10666 10665 1 0.9470511894 0.23682031 0.2482273348 0.9995752997 0.7513479649 5.248673245e-05 0.9999999985 0.9999475117 -1.81435905 0.7512415932 0.9994164413 nan nan
1 69158 1435 1435 0 0.5144583238 0.007763413892 0.4992114262 0.5237652418 0.02455381555 0.4914589583 0.5264737966 0.03501483835 -0.5003334313 0.01475380763 0.02250627558 nan nan
2 23125 685 2 683 0.6745352879 0.3023433954 0.4024262321 0.9466443438 0.5442181117 0.3721918925 0.9768786834 0.6046867908 nan nan nan nan nan
3 164231 951 951 0 0.2095734488 0.07231542275 0.1150161317 0.3033335229 0.1883173912 0.09931915634 0.7201225717 0.6208034154 2.542569698 0.1001228332 0.5115051592 nan nan
4 39851 380 380 0 0.6913661393 0.05392633934 0.6769021568 0.717617639 0.04071548215 0.09444405182 0.7253995605 0.6309555087 -10.2955504 0.0287080747 0.595630018 nan nan
5 75363 824 824 0 0.7004408973 0.07819289284 0.5898787938 0.8378339289 0.2479551351 0.5506363408 0.8856746506 0.3350383098 0.1845560771 0.1690541604 0.2082966134 nan nan
6 32340 44 44 0 0.673650462 0.1630863081 0.2494843743 0.7005474684 0.4510630941 0.1010133401 0.7357603568 0.6347470167 -1.993140321 0.4250662058 0.57353724 nan nan
7 27925 897 897 0 0.397668284 0.06595534841 0.2735944181 0.506469299 0.232874881 0.1827548367 0.5144278837 0.331673047 -0.1869377111 0.1256752922 0.2165148736 nan nan
8 69514 1533 1533 0 0.8042600653 0.07493481218 0.7340743837 0.9133589122 0.1792845285 0.09430682135 0.9416817914 0.8473749701 -3.683497805 0.09913545851 0.722782144 nan nan
9 168245 2134 2134 0 0.8730907711 0.1987448823 0.2994951687 0.9978142105 0.6983190419 0.004732944403 0.9999998456 0.9952669012 -2.471403869 0.6564682073 0.9512304316 nan nan
10 10199 4738 4738 0 0.4431099688 0.03548472241 0.3830437425 0.4928016307 0.1097578882 0.370236774 0.4988745406 0.1286377667 -0.1511196028 0.06034312543 0.0656837958 nan nan
11 217580 1660 1660 0 0.7135028708 0.2176072375 0.3683327397 0.9924927191 0.6241599794 0.008107592114 0.9999997508 0.9918921587 -0.6039587341 0.5735542208 0.9337793684 nan nan
12 19213 261 261 0 0.0349257627 0.373490357 0.004974637788 0.952911893 0.9479372552 0.0006053674971 0.9920531568 0.9914477894 1.070164948 0.9312979438 0.9704392077 nan nan
13 154480 1690 1690 0 0.9046275798 0.1735046147 0.4550126352 0.9986842122 0.543671577 0.001314468504 0.9999999847 0.9986855162 -2.744222498 0.5126045503 0.9663027169 nan nan
14 173287 1116 1116 0 0.182331135 0.03997413786 0.1736199462 0.2602387151 0.08661876892 0.09370133159 0.3783295459 0.2846282143 0.5297084443 0.08445118945 0.2025420202 nan nan
15 45425 2193 2193 0 0.3597469875 0.04293719967 0.3030144402 0.4473604242 0.144345984 0.2927761754 0.4992398818 0.2064637065 0.6433284317 0.0839165461 0.1357960038 nan nan
16 41854 7367 7366 1 0.6999668085 0.1410071546 0.4914517558 0.9766049631 0.4851532073 0.06411024398 0.9999999416 0.9358896977 -0.9742556075 0.2769009333 0.658232736 nan nan
17 70288 110 110 0 0.6436893592 0.1549226976 0.09682200585 0.6963122561 0.5994902502 0.09462640143 0.7006735322 0.6060471308 -2.972446403 0.5452339508 0.5474295553 nan nan
18 125903 14194 14194 0 0.8132847558 0.07816473897 0.7286936238 0.9706802066 0.2419865828 0.2833096679 0.9990449668 0.7157352989 0.2662815723 0.1484685571 0.5397344932 nan nan
19 32794 256 256 0 0.4740989606 0.04367446662 0.3932987822 0.5130406036 0.1197418214 0.2269812052 0.6367892113 0.409808006 -0.6349327866 0.07220481911 0.2359243148 nan nan
20 108033 664 663 1 0.3204397962 0.03828606597 0.2785292322 0.3987971957 0.1202679635 0.2135847873 0.4471189291 0.2335341418 0.6755554806 0.08709943323 0.1351290542 nan nan
21 24045 342 342 0 0.8268390159 0.3731299241 0.04575367285 0.9647888999 0.9190352271 0.03880000471 0.9951321184 0.9563321137 -0.5656160522 0.8100947489 0.817048417 nan nan
22 41694 298 298 0 0.7034324021 0.2095854137 0.100082345 0.732389004 0.632306659 0.09275924696 0.9660980328 0.8733387859 -2.077323219 0.6057574701 0.6130805682 nan nan
23 81926 4629 4629 0 0.895397684 0.1929539803 0.3545739746 0.9983462399 0.6437722653 0.003595182828 0.9999999967 0.9964048139 -2.464419984 0.5903433027 0.9413220944 nan nan
24 37073 55 55 0 0.6734563658 0.07980378036 0.6395044084 0.7048634676 0.06535905916 0.1026438323 0.7505923432 0.6479485109 -6.492002522 0.03967943318 0.5745185874 nan nan
25 127571 195 195 0 0.8536986449 0.09905711047 0.7558734062 0.9981098466 0.2422364403 0.3703124303 0.9995851253 0.629272695 -1.724894813 0.1242956467 0.5098566226 nan nan
26 147409 626 626 0 0.8698128492 0.1892509326 0.3569236992 0.9979416673 0.6410179681 0.004740485177 0.9999994959 0.9952590107 -2.361821664 0.5821670537 0.9343502677 nan nan
27 167957 1 1 0 0.723570015 0 0.723570015 0.723570015 0 0.723570015 0.723570015 0 nan 0 0 nan nan
28 9553 428 428 0 0.6474097724 0.1824157801 0.3178883386 0.888680768 0.5707924294 0.07425558741 0.9996046857 0.9253490983 -0.2905899788 0.3440147463 0.483600035 nan nan
29 36611 59 59 0 0.6738564589 0.07474372387 0.6411780707 0.6942558747 0.05307780399 0.1052647623 0.7031667327 0.5979019705 -7.189602122 0.03347594286 0.5693892513 nan nan
30 48712 6904 6904 0 0.8580954029 0.1467325735 0.62345325 0.9978972133 0.3744439633 0.09315892252 0.999999994 0.9068410715 -1.601254804 0.2196603425 0.74995467 nan nan
31 76116 159 159 0 0.6827912759 0.159361016 0.3037790697 0.690489317 0.3867102472 0.0948389445 0.6956594247 0.6008204802 -2.199773603 0.3800199357 0.5889600609 nan nan
32 189188 11550 11550 0 0.8831955045 0.1285602379 0.6440566959 0.9984801969 0.354423501 0.09363998065 0.9999999785 0.9063599978 -1.543186019 0.230336376 0.7807530912 nan nan
33 110441 8736 8736 0 0.6930239372 0.07054686406 0.6168639419 0.8552865656 0.2384226236 0.3188054905 0.9858127283 0.6670072378 1.145650379 0.1826154119 0.3701478583 nan nan
34 83559 677 677 0 0.8288323326 0.2556864233 0.1224311521 0.9968808873 0.8744497351 0.007668268694 0.9999999988 0.9923317301 -1.209845311 0.826229783 0.9409926664 nan nan
35 52788 2579 2579 0 0.4477687378 0.03358055279 0.3886645926 0.4942676135 0.1056030209 0.3717870138 0.5093229818 0.137535968 -0.2240099348 0.05768737477 0.07005742621 nan nan
36 30888 128 128 0 0.2122549345 0.04187545848 0.1878557715 0.2396298811 0.05177410959 0.1834635949 0.6496659649 0.46620237 8.746452748 0.0393904465 0.4232473078 nan nan
37 178930 829 829 0 0.9354670359 0.2732132006 0.1369895764 0.9994857837 0.8624962073 0.0001671890931 0.9999999262 0.9998327371 -1.452570753 0.8590335261 0.9958559134 nan nan
38 31223 357 357 0 0.6419704292 0.198890161 0.09969211866 0.8580729654 0.7583808467 0.0714927134 0.9974421344 0.925949421 -0.9130154471 0.7102714468 0.738470852 nan nan
39 80818 7170 7170 0 0.9550148612 0.2205569729 0.294635411 0.999488153 0.704852742 1.887149263e-05 0.9999999998 0.9999811283 -2.244410692 0.38275778 0.6773743195 nan nan
40 40309 55 55 0 0.6877122517 0.1121372921 0.6507796905 0.7285717452 0.07779205474 0.0999431919 0.7312966128 0.6313534209 -4.781990179 0.04800284886 0.5988393475 nan nan
41 90029 71 71 0 0.6571287167 0.1695049344 0.1730422957 0.6778769146 0.5048346188 0.09428293306 0.6999896911 0.6057067581 -2.180503738 0.4864323823 0.5651917449 nan nan
42 27801 233 233 0 0.3409225274 0.05151449509 0.2759319473 0.4342792413 0.158347294 0.206857312 0.4829304419 0.2760731299 0.3267658438 0.1102023592 0.1501166187 nan nan
43 31807 142 142 0 0.1767890999 0.03249172091 0.1704475023 0.2505120902 0.08006458786 0.1700982284 0.2659918488 0.0958936204 0.9406830782 0.07832266132 0.09380241995 nan nan
44 60 428 69 359 0.119253152 0.08738112789 0.1081976209 0.4025954045 0.2943977836 0.1062184987 0.4437869948 0.3375684961 2.706504911 nan nan nan nan
45 23245 3738 3737 1 0.5321952059 0.01516231657 0.5018758235 0.5496302688 0.04775444538 0.4935720996 0.5535822468 0.06001014718 -0.425006964 0.04156317675 0.0498669006 nan nan
46 31765 522 522 0 0.6561227375 0.1169984134 0.6267855687 0.7190150474 0.09222947863 0.06891838147 0.9999707994 0.9310524179 -3.809287513 0.1699810628 0.5884497752 nan nan
47 170879 14755 14754 1 0.9417843004 0.2533433266 0.1999510829 0.999423171 0.7994720881 0.0002919113415 0.9999999998 0.9997080885 -1.70951508 0.7998993878 0.9995585593 nan nan
48 152164 524 524 0 0.8919005958 0.2094577944 0.3999210956 0.9987156921 0.5987945965 0.03330617661 0.9999999862 0.9666938096 -1.384271609 0.5542425654 0.9208574844 nan nan
49 218982 831 831 0 0.278035537 0.09174941753 0.2519939117 0.3109591264 0.05896521469 0.09327971792 0.9799570657 0.8866773478 6.43927963 0.03287333466 0.6964463746 nan nan
50 29716 401 401 0 0.6467019178 0.1590268589 0.2786427985 0.6605852667 0.3819424682 0.09551820919 0.6681772046 0.5726589954 -1.373566889 0.3715765528 0.5547011421 nan nan
51 73217 166 166 0 0.8378159075 0.2377226648 0.2958943237 0.998767511 0.7028731872 0.06443574578 0.9999965192 0.9355607734 -1.22784024 0.524767594 0.756226172 nan nan
52 193896 949 949 0 0.5028252582 0.1082135631 0.4104635588 0.7800915158 0.369627957 0.3747990824 0.9211073008 0.5463082184 1.423489404 0.2946945425 0.4357103276 nan nan
53 90184 2489 2486 3 0.3247198863 0.04218811984 0.2824438706 0.4119785549 0.1295346842 0.2518946672 0.4707080531 0.2188133858 0.7612071986 0.08215173374 0.1408812319 nan nan
54 153332 554 554 0 0.902711979 0.1761790149 0.4463907571 0.9989500094 0.5525592523 0.01157572631 0.9999998271 0.9884241008 -2.296466233 0.5138510413 0.9486660721 nan nan
55 168449 13280 13280 0 0.9361430953 0.1380948712 0.6645813467 0.9995027294 0.3349213827 0.09386868651 0.9999999981 0.9061313116 -2.905528036 0.2776693779 0.8483820382 nan nan
56 108771 1189 1189 0 0.4319582583 0.04831329711 0.3557395392 0.5089123382 0.153172799 0.2558570826 0.5153044634 0.2594473808 -0.216889529 0.08253248823 0.1750548037 nan nan
57 38009 235 235 0 0.6703349681 0.07460264423 0.6623249453 0.6829455841 0.02062063874 0.09500276807 0.6923301189 0.5973273509 -7.420729586 0.01826952875 0.5749468433 nan nan
58 6146 1516 1516 0 0.3568293299 0.02512420587 0.3306422118 0.3881420879 0.05749987605 0.3231231787 0.5146534877 0.191530309 2.485442967 0.03474008374 0.1612514835 nan nan
59 11482 1355 1355 0 0.3309642653 0.03374914789 0.3031602095 0.3704389005 0.06727869097 0.2582004602 0.5154599078 0.2572594476 2.524208091 0.04633318693 0.1844956425 nan nan
60 111384 465 465 0 0.8116483884 0.08344973115 0.7467442221 0.926718675 0.179974453 0.2317960204 0.9749790833 0.7431830629 -2.238043779 0.1459689048 0.5819931422 nan nan
61 36030 795 795 0 0.8112184168 0.2211512667 0.3241160448 0.9985875095 0.6744714647 0.08097545257 0.999999759 0.9190243064 -0.7851812313 0.6758806272 0.9190212194 nan nan
62 38467 63 63 0 0.6820939629 0.01351012935 0.6611728798 0.7018040084 0.04063112862 0.6578542879 0.7038176037 0.04596331578 -0.02504047855 0.02262961146 0.02464320673 nan nan
63 126135 2197 2197 0 0.8373005989 0.06313804353 0.7699527882 0.9456239878 0.1756711996 0.4842039705 0.9747028409 0.4904988704 -0.5226891659 0.09502135669 0.3790282219 nan nan
64 30637 532 532 0 0.6435347855 0.09820374271 0.3775702068 0.6561021666 0.2785319599 0.09743429225 0.6950946243 0.597660332 -4.399788201 0.2692390837 0.5493749982 nan nan
65 50148 5389 5389 0 0.8081153223 0.06785097045 0.7157809844 0.9302793917 0.2144984073 0.1952438554 0.9555727816 0.7603289262 0.09732965691 0.1243584612 0.6106894767 nan nan
66 19850 327 327 0 0.4785605857 0.2184401918 0.2093727234 0.9356266601 0.7262539367 0.1090499087 0.9998594752 0.8908095664 0.4580097245 0.4981033342 0.5623361493 nan nan
67 176472 2995 2994 1 0.9607813723 0.2465668325 0.2058902053 0.9996182612 0.7937280558 0.0005999373988 0.9999999761 0.9994000387 -1.762300032 0.7912672132 0.9965574811 nan nan
68 52112 183 169 14 0.8294969805 0.1961186553 0.4037363975 0.9960627937 0.5923263962 0.09343203222 0.999983192 0.9065511598 -0.7087514234 0.4770338445 0.7873382097 nan nan
69 56631 57 57 0 0.2043998499 0.04844228664 0.1169625888 0.2820033951 0.1650408063 0.1114451021 0.3062419912 0.1947968891 -0.05674361522 0.08611614798 0.1067302575 nan nan
70 169656 108 108 0 0.74532691 0.1725935038 0.7345862127 0.9664363272 0.2318501145 0.09248305988 0.9880261434 0.8955430835 -2.412783229 0.2443513475 0.6508186544 nan nan
71 27803 381 379 2 0.8101367189 0.2251473291 0.3606557436 0.9967483145 0.6360925709 0.0358819124 0.9999986823 0.9641167699 -1.01219772 0.5817852773 0.9065591085 nan nan
72 132574 758 758 0 0.8671322252 0.0955354625 0.7625975834 0.9855876511 0.2229900678 0.09812837322 0.9999454506 0.9018170774 -2.302018907 0.1202005836 0.7804428847 nan nan
73 28876 1858 1858 0 0.5224088873 0.01027618731 0.5018583082 0.5348250869 0.03296677875 0.4940791939 0.5376985588 0.04361936494 -0.4336243903 0.03059239485 0.03837150915 nan nan
74 21391 209 209 0 0.2087839901 0.2086304367 0.06411882122 0.7473263075 0.6832074863 0.04737068992 0.9969568339 0.9495861439 1.579430848 0.5840995768 0.8337301032 nan nan
75 68019 52 52 0 0.2094357376 0.02496651123 0.182101233 0.2425899239 0.06048869087 0.09531140483 0.2466986593 0.1513872545 -1.623185356 0.04682939067 0.1024743509 nan nan
76 218020 1067 1067 0 0.6563053948 0.08985933253 0.5815516005 0.7422178394 0.1606662388 0.09023827666 0.8012107177 0.7109724411 -3.831228661 0.1561087669 0.5116138561 nan nan
77 103681 17263 17263 0 0.9190178967 0.2220727208 0.2536626091 0.9988904549 0.7452278459 3.774545329e-05 1 0.9999622545 -2.155871125 0.7131081984 0.966733062 nan nan
78 148701 9056 9055 1 0.7077495959 0.2226912368 0.176540452 0.9939429506 0.8174024986 0.0007192626071 0.9999999976 0.9992807349 -1.035966246 0.5562129891 0.7320341785 nan nan
79 20892 2669 2669 0 0.4475535127 0.04056193398 0.3760311813 0.4978048713 0.12177369 0.3664814574 0.5156617303 0.1491802729 -0.1957506493 0.06673386895 0.084590728 nan nan
80 184619 882 882 0 0.2099051929 0.02298833185 0.1898061742 0.2309744071 0.04116823298 0.09314805211 0.7411943614 0.6480463093 13.6854799 0.03722387942 0.5472413287 nan nan
81 70510 100 100 0 0.7640259434 0.2488051367 0.1192321841 0.9863184131 0.867086229 0.06521721253 0.9999926079 0.9347753954 -1.348212446 0.830295769 0.8843107406 nan nan
82 67639 232 232 0 0.7069491216 0.1555512491 0.09564212533 0.7206385854 0.62499646 0.09393560652 0.7287803729 0.6348447664 -3.412811348 0.6130059306 0.6147124494 nan nan
83 61172 275 275 0 0.6651838188 0.08794064918 0.6430366318 0.6901271861 0.04709055436 0.09506332243 0.7002297787 0.6051664562 -5.739616933 0.02935545561 0.5684045564 nan nan
84 129328 1825 1825 0 0.8620381229 0.06662516123 0.7819646553 0.964776519 0.1828118637 0.478602945 0.9923323315 0.5137293865 -0.8850678374 0.09851187292 0.3991697471 nan nan
85 105863 133 133 0 0.6436754896 0.2097816647 0.1550542142 0.6971604041 0.5421061899 0.09456188752 0.6994227264 0.6048608388 -0.9466581928 0.5016176997 0.5621100264 nan nan
86 26563 143 143 0 0.6357971688 0.2082168732 0.1410068067 0.670433323 0.5294265163 0.06968956153 0.6977560299 0.6280664684 -0.6247080444 0.4960099503 0.5673271954 nan nan
87 47728 464 0 464 nan nan nan nan nan nan nan nan nan nan nan nan nan
88 169244 225 225 0 0.9228644168 0.1938684255 0.3946634797 0.9997274318 0.6050639521 0.08334443805 0.999999701 0.916655263 -1.93611777 0.6033136016 0.9146326433 nan nan
89 36855 468 468 0 0.6582726824 0.06328373161 0.6411848718 0.6847892485 0.04360437676 0.1030268385 0.6954714723 0.5924446338 -8.135919523 0.02926047176 0.5531929039 nan nan

K=90, phase=forward, parameter=w [deg]
cluster representative_source n_cluster n_valid n_missing median std p05 p95 width90 minimum maximum range skewness error95 error_max angle_origin_deg angle_resultant
0 157048 10666 10665 1 -1.796423014 83.88876527 -13.12299946 171.8262824 184.9492819 -179.9205223 179.8528642 359.7733865 0.5877273637 179.2379456 179.9999822 95.97807813 0.3211847901
1 69158 1435 1435 0 -1.125179005 8.673528701 -12.62202235 15.93628254 28.55830489 -15.18102641 22.20700066 37.38802707 0.4227612039 16.26437251 22.53509063 322.721674 0.9885933891
2 23125 685 2 683 -1.421085472e-14 24.73852661 -22.26467395 22.26467395 44.5293479 -24.73852661 24.73852661 49.47705322 nan nan nan 246.4283559 0.9082269916
3 164231 951 951 0 1.015542344 20.57126036 -33.93011652 32.58019274 66.51030925 -118.3565966 65.80390249 184.160499 -0.5561231296 45.20253234 107.1503153 70.25803763 0.9394188764
4 39851 380 380 0 -5.723731563 17.07199597 -10.85993063 41.07689813 51.93682875 -61.73785113 50.97193236 112.7097835 1.477073463 48.66633353 57.71416673 302.5588176 0.9573206431
5 75363 824 824 0 -3.374584291 10.53943159 -10.39801732 22.40808265 32.80609997 -12.93232743 37.19790794 50.13023537 1.186858523 17.8463699 32.6361952 52.9729697 0.9832602674
6 32340 44 44 0 -5.823152885 36.19734026 -21.36669358 86.69340202 108.0600956 -121.701188 107.3895385 229.0907265 0.6021342223 106.6045981 122.1507017 37.61741599 0.8425512664
7 27925 897 897 0 -7.540326373 18.41691213 -17.84707532 35.83712169 53.68419701 -19.3687513 96.71974696 116.0884983 1.236831918 51.46254455 112.3451698 335.2504016 0.9502394958
8 69514 1533 1533 0 -0.3725626249 7.311209367 -9.200357972 10.8638716 20.06422957 -61.83505011 60.61495492 122.450005 -0.5610183271 14.76781972 64.42729848 314.7149953 0.9920586403
9 168245 2134 2134 0 -2.377081919 30.2452456 -34.70267525 42.69905058 77.40172583 -179.5467422 173.6603004 353.2070427 2.378304301 49.31398807 178.6659973 359.5072036 0.8995141272
10 10199 4738 4738 0 -1.091762787 5.360023028 -6.009923356 13.01046813 19.02039148 -6.992526211 24.51139615 31.50392236 1.733643178 15.19651197 26.69743999 299.6032601 0.9956456971
11 217580 1660 1660 0 -26.63949844 50.60414499 -44.89428744 95.27733036 140.1716178 -95.71058786 131.8614134 227.5720013 0.4669995895 133.2782684 169.8623515 354.4626974 0.6545588856
12 19213 261 261 0 -8.015924583 69.5190568 -10.16709643 172.2121007 182.3791971 -10.32648998 179.217098 189.5435879 1.468381004 179.4148032 179.9761036 282.2422784 0.5948494474
13 154480 1690 1690 0 -4.261123121 78.99761225 -170.3349822 39.94689928 210.2818815 -175.8953294 113.8934813 289.7888107 -0.8262517 165.384931 170.9452781 261.6507728 0.4052076546
14 173287 1116 1116 0 -0.2673807145 16.46981163 -26.77915021 28.51533834 55.29448855 -28.04175179 48.9134945 76.95524628 0.2885728259 33.90029663 54.29845278 30.85592444 0.9594230662
15 45425 2193 2193 0 -3.952168879 10.74789997 -9.252052206 24.52121323 33.77326543 -10.03834487 44.87415648 54.91250135 1.80157403 29.43243504 49.78537829 303.3817256 0.9827077438
16 41854 7367 7366 1 -9.369493488 48.61216267 -11.73093334 120.6792607 132.410194 -146.0329843 153.8636742 299.8966584 1.856215616 132.5136243 165.6825396 297.6826705 0.7425960377
17 70288 110 110 0 1.935246016 18.26961451 -43.48699882 15.72954558 59.21654441 -67.86385461 81.25851249 149.1223671 -1.000409499 50.96011741 79.4814307 318.778347 0.95319952
18 125903 14194 14194 0 -3.472101264 11.15294299 -8.318726385 21.43274999 29.75147637 -9.221084794 140.8329845 150.0540692 4.163888082 26.35128327 145.7515177 266.2006032 0.983017576
19 32794 256 256 0 -1.164048034 17.28496336 -21.03393865 25.08140515 46.1153438 -24.2688963 149.8407647 174.109661 2.725419572 33.21943145 157.978791 25.24193928 0.960970163
20 108033 664 663 1 -3.934492612 13.95691253 -15.90627304 28.93873275 44.84500579 -17.98773657 52.9332143 70.92095087 1.005775634 34.8644489 58.85893045 344.6450031 0.9708253729
21 24045 342 342 0 1.10981308 61.97126832 -21.27094806 161.2658012 182.5367493 -127.0340988 162.1540733 289.188172 1.667241814 160.4440611 161.3323332 293.5863817 0.6630379047
22 41694 298 298 0 0.6224597364 21.18513616 -51.05222089 28.70458223 79.75680313 -59.47904945 87.7816612 147.2607107 -0.8662758715 52.83039652 86.18766505 293.7270749 0.9356654366
23 81926 4629 4629 0 -9.709012467 37.2537802 -31.85756349 57.51620303 89.37376653 -160.18444 88.51046597 248.694906 -0.7289988641 72.48028429 149.6701785 336.3540704 0.8272522979
24 37073 55 55 0 -4.334864097 26.03575046 -9.99916687 31.84291562 41.84208249 -150.8010001 56.72936596 207.5303661 -3.148274765 53.92967861 145.2542107 299.618652 0.9272702395
25 127571 195 195 0 -7.551135665 54.01033699 -169.7009833 126.9333569 296.6343402 -176.5140069 165.5915642 342.1055712 -0.6134459655 160.9276159 174.4690756 271.5869843 0.7624286764
26 147409 626 626 0 -6.939331394 80.25307035 -174.6766703 43.51718312 218.1938534 -179.6897508 179.8408583 359.5306091 -0.7574988534 167.0666426 172.2859842 264.8647134 0.4357345436
27 167957 1 1 0 0 0 0 0 0 0 0 0 nan 0 0 345.1171943 1
28 9553 428 428 0 5.454519759 37.72761398 -48.86298233 12.08344906 60.94643138 -179.0456755 174.40795 353.4536255 -1.435396833 78.2177716 174.9499181 90.21915886 0.8611748932
29 36611 59 59 0 -1.979265528 12.10781606 -4.940450412 14.25215604 19.19260645 -60.20395357 40.37205395 100.5760075 -0.5813462562 36.50561715 57.28413147 296.7825625 0.9788841086
30 48712 6904 6904 0 -6.745525033 43.99632208 -9.78024852 125.5890029 135.3692514 -24.15063051 150.7590137 174.9096442 2.226070954 134.322309 159.4923198 296.3482605 0.7930790226
31 76116 159 159 0 -4.424732116 19.70916146 -14.4753714 33.83465088 48.31002228 -71.56218472 89.65163495 161.2138197 1.525999872 36.63102655 91.67413365 320.8928093 0.945791665
32 189188 11550 11550 0 -7.243411259 57.02821041 -22.39487739 142.8930233 165.2879007 -25.30102043 150.1630894 175.4641098 1.562496805 161.0046549 168.2747209 297.5907096 0.6646163814
33 110441 8736 8736 0 -2.396775815 16.46281064 -21.77824059 26.256631 48.03487159 -25.07011548 135.6293186 160.699434 2.815108928 34.40220653 143.7748941 282.0003044 0.9637519158
34 83559 677 677 0 11.75743852 56.57081927 -121.9912419 25.70317493 147.6944168 -179.9137136 178.5981598 358.5118734 -1.043791829 139.4315468 179.165063 342.5054818 0.6417474338
35 52788 2579 2579 0 -1.94885923 10.87367469 -14.48687736 20.53707468 35.02395203 -16.98011277 35.66405362 52.64416639 0.6124302879 24.14637979 39.27335873 310.8042488 0.9821312384
36 30888 128 128 0 0.0791005651 8.615799512 -10.15779527 11.27160122 21.4293965 -57.06219719 19.5181045 76.58030169 -1.998174842 20.03600412 48.70295284 350.8323505 0.9890274624
37 178930 829 829 0 -2.492658801 80.93871412 -16.2470995 159.2081875 175.455287 -144.9738146 164.0296745 309.0034891 0.5787376659 159.6518751 164.4733621 100.0277599 0.3716805403
38 31223 357 357 0 -13.75938846 47.93713346 -153.8619007 25.37467235 179.236573 -173.3135123 178.7662136 352.0797259 -1.352973906 139.9480736 173.1536634 66.64774055 0.7873119652
39 80818 7170 7170 0 13.64659626 53.67283879 -65.14378373 62.45505429 127.598838 -174.9652439 67.55710162 242.5223455 -0.2359326579 116.8134468 176.542067 355.5681047 0.6114780124
40 40309 55 55 0 -4.890319655 18.86917134 -9.591831863 38.27924118 47.87107304 -60.59740489 48.46818822 109.0655931 0.1532580355 47.6111002 55.70708523 299.2710665 0.9484207273
41 90029 71 71 0 3.459618326 48.01842676 -70.50467057 108.4644529 178.9691235 -70.77404629 163.2269224 234.0009687 0.9004686334 111.4057983 166.1682678 2.518768482 0.7352823306
42 27801 233 233 0 -2.70908901 17.48017771 -21.36630294 36.24361474 57.60991768 -24.6664783 56.96875735 81.63523565 0.9871343832 50.05583392 70.78097653 23.84083992 0.9547638433
43 31807 142 142 0 2.215868637 21.24337971 -38.563602 28.3684253 66.9320273 -40.30720199 44.71051585 85.01771784 -0.4434983843 36.58258562 47.30543365 17.52081086 0.9330270974
44 60 428 69 359 -1.188654072 10.92496321 -14.0340821 22.28091405 36.31499615 -14.79223167 37.30286926 52.09510093 1.385240211 nan nan 223.7100379 0.9821160427
45 23245 3738 3737 1 -0.4085749418 4.557869659 -6.529299302 8.368727015 14.89802632 -7.682646893 14.71189296 22.39453985 0.5195697478 8.336823948 14.67998989 307.4135482 0.9968405637
46 31765 522 522 0 -1.585382349 21.67061518 -17.88477059 6.249739644 24.13451024 -139.4182023 159.4757133 298.8939156 0.8233381283 63.04150201 161.3870876 293.2953202 0.9450096516
47 170879 14755 14754 1 -41.21527396 81.95596947 -53.51283139 122.1777352 175.6905666 -179.3037406 169.9616071 349.2653478 0.19369194 163.1304661 166.8707833 142.3974733 0.1668128551
48 152164 524 524 0 -12.2550602 102.4635368 -176.0660591 174.1862828 350.2523419 -179.8692825 179.9950877 359.8643702 -0.06304837632 167.5175016 175.8631458 270.6507278 0.2210322256
49 218982 831 831 0 -1.65763101 17.12397633 -12.08336617 16.39863767 28.48200385 -22.57225588 132.2470139 154.8192698 5.291532095 21.90864243 122.7287855 16.6187228 0.9663865545
50 29716 401 401 0 -13.86959632 33.91773235 -16.4518838 71.50705214 87.95893595 -97.16291161 129.4115829 226.5744945 1.198996048 86.30137707 144.2059078 309.0992858 0.8471226527
51 73217 166 166 0 9.056041933 69.60524698 -116.8648251 101.9244732 218.7892983 -137.992027 125.6033918 263.5954188 -0.2839449818 148.0985744 169.2257762 49.94987855 0.4498146441
52 193896 949 949 0 4.915560855 36.60118685 -113.6561189 12.33195606 125.988075 -138.5701855 26.47646275 165.0466483 -2.635995677 119.1824688 144.0965353 36.95622453 0.8507443775
53 90184 2489 2486 3 -2.336076643 12.37823101 -14.19693578 27.09591802 41.2928538 -16.18010378 54.60651264 70.78661642 1.254889348 32.01303454 59.52362916 316.1167609 0.977069627
54 153332 554 554 0 -0.01121832133 84.72727554 -167.37232 44.10182193 211.4741419 -173.0758008 145.1814294 318.2572302 -0.443291198 166.7862549 172.4897357 257.2858007 0.3311017473
55 168449 13280 13280 0 -1.085346159 100.6472522 -178.0606723 177.797608 355.8582803 -179.9920302 179.9928026 359.9848328 0.003234063638 179.0491613 179.9991406 265.6832925 0.2582305793
56 108771 1189 1189 0 -2.592084217 13.190373 -17.1537995 25.34599855 42.49979805 -22.39573426 32.2752442 54.67097846 0.5569577131 26.47590373 33.40514939 339.6866587 0.973778616
57 38009 235 235 0 -3.060875045 13.74686367 -7.356609208 35.01651614 42.37312535 -7.919778448 82.19019924 90.10997769 4.09494827 37.84371848 85.01740158 300.6792139 0.9740038415
58 6146 1516 1516 0 -1.009811891 6.187424489 -5.113458032 5.373414092 10.48687212 -5.338748363 66.87783583 72.21658419 5.058860099 7.789095718 69.29351746 297.5001976 0.9944181607
59 11482 1355 1355 0 -2.784174474 9.47438253 -4.598988736 20.32914736 24.9281361 -4.716912569 57.23319664 61.95010921 4.03436129 23.76762213 60.67167141 296.8738312 0.9869401237
60 111384 465 465 0 -4.084588245 71.17499645 -30.41624274 162.8493219 193.2655647 -30.77992457 171.3985784 202.178503 1.003277142 176.0494129 179.3858407 287.4149864 0.4858355776
61 36030 795 795 0 43.12783181 68.78012195 -75.19626745 84.73816573 159.9344332 -94.4129664 87.21232438 181.6252908 -0.01695907004 129.1379647 148.3546636 6.981991446 0.3726946258
62 38467 63 63 0 -6.629975571 15.44561893 -12.52110406 37.88002123 50.40112529 -12.61888834 44.37995625 56.99884459 1.399270034 46.12337418 52.6233092 304.5153815 0.9645144854
63 126135 2197 2197 0 -5.881013425 23.47384717 -15.40391723 36.0975405 51.50145772 -179.6721381 178.9933513 358.6654893 2.770123359 46.34906681 179.1869394 272.034041 0.9366893748
64 30637 532 532 0 -2.335586462 22.18860661 -6.485532178 28.83198056 35.31751274 -86.33177422 137.9499274 224.2817016 2.399187421 68.32667871 141.5921962 299.3170391 0.9394278114
65 50148 5389 5389 0 -4.832026768 14.84126981 -12.36670349 36.45063897 48.81734246 -13.2884468 96.41167871 109.7001255 1.726061924 43.85721774 103.8182575 300.6874674 0.9674065817
66 19850 327 327 0 7.546195568 34.09032849 -40.53094491 8.535770062 49.06671497 -145.2334466 90.76592327 235.9993699 -2.465717045 74.28617317 152.626063 85.96054835 0.8737014116
67 176472 2995 2994 1 -5.286530227 92.5197952 -134.8258995 153.5547661 288.3806656 -150.1042588 160.7190479 310.8233067 0.08094765277 157.3050181 164.4692999 104.6490477 0.1841936141
68 52112 183 169 14 21.24045566 61.22247566 -99.93523886 52.61055276 152.5457916 -112.548794 93.90531569 206.4541097 -0.4200792478 151.0882847 163.7018398 320.3603188 0.5074107525
69 56631 57 57 0 3.433324617 22.41173266 -36.14099161 36.7728593 72.91385091 -69.60515756 41.37025962 110.9754172 -0.4965415424 39.45467658 72.35640268 66.03804933 0.9265551314
70 169656 108 108 0 -9.950281485 58.64299418 -43.93447822 117.6998684 161.6343466 -48.91936064 151.6213067 200.5406673 1.009901005 141.6575839 175.5790222 11.03249753 0.5940187447
71 27803 381 379 2 26.29772771 63.04553217 -117.2693556 59.9525072 177.2218628 -178.8887286 172.4549781 351.3437066 -0.3845854042 152.8502431 176.0844885 348.5004215 0.5299300851
72 132574 758 758 0 -5.893845647 32.50813236 -9.087280969 35.31576233 44.4030433 -178.3642128 179.3858804 357.7500932 0.744795493 50.58044231 177.200957 265.8144439 0.9075360384
73 28876 1858 1858 0 -1.153204191 7.73003238 -7.08286077 7.471639156 14.55449993 -8.570534028 42.91580257 51.4863366 3.454292955 8.038021641 43.18062841 308.7157292 0.9911397388
74 21391 209 209 0 0.8537316403 37.01124832 -5.160871441 1.369842501 6.530713942 -178.8969999 177.5099618 356.4069616 -1.512597027 68.65890598 179.7729273 93.46386092 0.900211916
75 68019 52 52 0 -0.2195159192 16.97534918 -17.12863549 20.76600189 37.89463738 -93.1721518 24.70934347 117.8814953 -2.996523931 20.65522986 96.14476202 9.850161007 0.961314936
76 218020 1067 1067 0 -12.63500271 31.44634661 -28.43618737 50.39860126 78.83478863 -33.16789459 162.7663779 195.9342725 1.756730278 69.36595242 179.5278875 333.1423219 0.8752507625
77 103681 17263 17263 0 -18.40079256 71.00844071 -43.51692527 129.135045 172.6519703 -99.07549188 136.9022812 235.9777731 0.5549138531 159.5597216 167.3269578 310.4675553 0.3942939943
78 148701 9056 9055 1 -19.36884445 75.14842706 -58.13692933 120.8620375 178.9989668 -74.30986991 131.3174621 205.627332 0.2873723454 174.1232112 179.9937966 328.6918543 0.2924187034
79 20892 2669 2669 0 -3.402546605 11.91977036 -8.903787593 35.42363941 44.327427 -9.286754908 51.23760816 60.52436307 2.466344183 40.25921507 56.07318382 301.5103661 0.9790552911
80 184619 882 882 0 -3.572720512 11.95054293 -12.3881829 24.22643647 36.61461938 -32.87607745 49.53834118 82.41441863 1.376350632 28.62698755 53.93889226 16.20340992 0.9786297694
81 70510 100 100 0 6.768478826 68.98490212 -86.70652184 144.2296642 230.9361861 -152.1610517 158.2254482 310.3864999 0.4260043861 155.9798363 169.9756202 304.3349754 0.5325782466
82 67639 232 232 0 0.7998954858 12.99036704 -26.21378829 14.91862587 41.13241417 -62.16651379 18.04280069 80.20931448 -2.141667663 26.60373468 62.55646018 313.2689896 0.9753272065
83 61172 275 275 0 -1.383883557 12.82406285 -10.05156338 14.00175685 24.05332023 -70.52024885 85.14001677 155.6602656 2.109740005 18.02084838 88.97230465 318.5112542 0.977190321
84 129328 1825 1825 0 -5.950604462 20.70211389 -12.73262881 34.73348873 47.46611754 -12.78667001 166.9771773 179.7638473 3.668540265 42.75043717 174.9941257 269.2653132 0.9482906959
85 105863 133 133 0 -7.426491578 52.52423443 -50.65755149 92.56147785 143.2190293 -105.5206194 136.0378197 241.558439 0.6259955974 102.3139434 145.7902852 349.7353003 0.6523386158
86 26563 143 143 0 -31.84627781 62.3206403 -42.98684444 102.4302105 145.417055 -125.2513177 161.2482085 286.4995261 0.4585862216 137.9607947 163.2212074 335.1979275 0.5056431678
87 47728 464 0 464 nan nan nan nan nan nan nan nan nan nan nan nan nan
88 169244 225 225 0 -26.41934474 93.79203495 -155.5112979 133.7194872 289.2307851 -171.5935684 178.7254136 350.318982 -0.06299781975 169.3329476 173.4016841 127.0992684 0.1168038581
89 36855 468 468 0 -5.554977983 17.67554459 -11.28553617 40.62303502 51.9085712 -13.75734251 85.71299241 99.47033492 2.392887679 47.9957583 93.08571569 306.8642885 0.9555503231

K=100, STD=0.008689428959
n = trajectories per cluster; conditions overlap.
n = 1: clusters=1/100 (1.00%); trajectories=1/194124 (0.00%)
n < 10: clusters=2/100 (2.00%); trajectories=9/194124 (0.00%)
n < 100: clusters=19/100 (19.00%); trajectories=1112/194124 (0.57%)

K=100, phase=backward, parameter=a [km]
cluster representative_source n_cluster n_valid n_missing median std p05 p95 width90 minimum maximum range skewness error95 error_max angle_origin_deg angle_resultant
0 157048 10631 0 10631 nan nan nan nan nan nan nan nan nan nan nan nan nan
1 69158 1420 1420 0 200951.213 1394.23145 199527.5901 203896.3115 4368.721439 199231.0362 204516.273 5285.236857 0.5521948862 4365.998028 4985.959534 nan nan
2 23125 696 696 0 239452.1402 1399.466709 236602.1672 240791.4161 4189.248976 235382.7243 240887.1301 5504.405817 -0.5726778682 2763.721973 3983.164831 nan nan
3 218020 1071 0 1071 nan nan nan nan nan nan nan nan nan nan nan nan nan
4 40083 378 378 0 210326.6264 3512.413127 204978.7454 215719.9158 10741.17049 202959.5136 218078.0976 15118.58405 0.01467120873 5652.900614 7852.957057 nan nan
5 75363 811 0 811 nan nan nan nan nan nan nan nan nan nan nan nan nan
6 23565 37 37 0 239787.5368 1862.185037 235491.3269 240992.1263 5500.799383 234569.7243 241117.2713 6547.547081 -0.9861567283 4081.639966 5003.242593 nan nan
7 27925 870 870 0 223574.341 4962.222716 214001.3784 230150.5458 16149.16747 211687.5298 231203.2728 19515.743 -0.3762852481 8750.916368 10222.5957 nan nan
8 69514 1531 1531 0 203491.2613 822.6414859 202166.9443 204411.0577 2244.113403 193457.3445 204528.5522 11071.20763 -2.929287718 1201.187456 9807.927665 nan nan
9 81122 4671 0 4671 nan nan nan nan nan nan nan nan nan nan nan nan nan
10 10199 4731 4731 0 221734.2736 3938.179806 215056.4975 227517.6669 12461.16945 213935.754 231002.7232 17066.96922 -0.0760358397 7490.222936 8547.68464 nan nan
11 217580 1637 0 1637 nan nan nan nan nan nan nan nan nan nan nan nan nan
12 21179 334 334 0 235861.8115 775.0850319 234386.829 236566.722 2179.892979 230966.7842 236854.7757 5887.991591 -2.706271681 1370.504315 4790.549151 nan nan
13 152421 1760 0 1760 nan nan nan nan nan nan nan nan nan nan nan nan nan
14 173287 1080 0 1080 nan nan nan nan nan nan nan nan nan nan nan nan nan
15 43818 2047 2047 0 199160.8394 2107.747432 197002.0443 203451.4521 6449.407851 196682.9077 204439.709 7756.801286 0.4990899797 5281.290589 6269.547476 nan nan
16 84771 749 749 0 223770.613 4996.189624 216131.3882 232335.3851 16203.99689 214397.641 234172.1863 19774.54524 0.1404300345 10296.26237 12133.06356 nan nan
17 70288 97 97 0 201658.2683 1988.659209 196830.6433 203534.7714 6704.128082 193076.1974 204295.7484 11219.55098 -2.855583518 4202.213635 7956.659521 nan nan
18 120453 11992 0 11992 nan nan nan nan nan nan nan nan nan nan nan nan nan
19 32794 254 254 0 238245.6481 2477.577759 233661.6568 240993.1347 7331.477932 232642.0481 241041.6789 8399.630838 -0.3425095957 4408.818384 5428.427097 nan nan
20 111230 935 935 0 209118.1398 6274.66275 203642.568 220512.8227 16870.25474 202568.3077 233107.8561 30539.54833 1.586461601 10505.32999 23100.36331 nan nan
21 20506 255 255 0 237337.6564 921.226279 236166.8173 239051.4858 2884.668502 235815.7281 239370.0704 3554.342317 0.2955176117 1761.785665 2080.37029 nan nan
22 41694 292 292 0 208977.1296 5268.401972 201824.4168 216597.3247 14772.90792 193076.8534 217856.8643 24780.01094 -0.3370939621 8220.243173 16967.80655 nan nan
23 160198 256 0 256 nan nan nan nan nan nan nan nan nan nan nan nan nan
24 37073 55 55 0 215991.0091 9153.389284 203782.582 229575.4982 25792.91621 202877.6202 230773.3231 27895.70284 0.08164633 16264.71449 17462.53934 nan nan
25 127571 198 0 198 nan nan nan nan nan nan nan nan nan nan nan nan nan
26 124986 331 0 331 nan nan nan nan nan nan nan nan nan nan nan nan nan
27 167957 1 0 1 nan nan nan nan nan nan nan nan nan nan nan nan nan
28 73606 100 100 0 225371.2992 4466.028623 221585.6575 235358.0203 13772.36281 217716.8693 235570.6547 17853.78544 0.5316179975 10237.49516 10450.12958 nan nan
29 40549 42 42 0 209301.4489 3954.831612 203766.756 215807.5441 12040.78804 202795.7967 217499.8331 14704.03635 0.1103738543 6774.213389 8466.50243 nan nan
30 48712 6907 6907 0 225787.4256 4589.532079 218584.7117 233224.2852 14639.57344 216328.5794 237064.8143 20736.23498 0.03169562306 9750.728233 13591.25743 nan nan
31 76116 164 164 0 201991.3091 1283.17339 200727.5118 203999.8623 3272.350502 193088.3021 204531.0811 11442.77896 -2.326406894 2769.711429 8239.446162 nan nan
32 189438 10535 0 10535 nan nan nan nan nan nan nan nan nan nan nan nan nan
33 109738 8406 0 8406 nan nan nan nan nan nan nan nan nan nan nan nan nan
34 18323 8 8 0 237466.3567 1772.165596 235692.1726 240557.715 4865.542395 235456.1056 240575.4556 5119.349956 0.5045474702 2810.481732 3046.548739 nan nan
35 53483 2587 2587 0 200044.9518 1757.147429 198095.2191 203696.0371 5600.818024 197671.8411 204535.186 6863.344918 0.5212377477 4929.14581 5768.294727 nan nan
36 30888 126 126 0 219442.9418 7688.877736 206595.103 230860.2541 24265.15107 205025.9778 231162.2344 26136.25662 -0.1210153171 13241.39499 13543.37531 nan nan
37 173733 623 0 623 nan nan nan nan nan nan nan nan nan nan nan nan nan
38 36175 75 75 0 209145.2984 3722.290733 203401.1543 214852.6102 11451.4559 202670.6099 217134.6552 14464.04531 0.06322483919 6221.568942 7615.891203 nan nan
39 50148 5376 5376 0 209680.1889 3492.163192 204838.3183 215632.9817 10794.66345 204471.9973 216963.9888 12491.99148 0.1613609486 5742.201571 6486.636206 nan nan
40 50859 38 38 0 208894.9879 4391.38646 203104.4437 214082.7547 10978.31106 193730.153 214538.7367 20808.58371 -0.7589543132 9755.23184 10745.74261 nan nan
41 90029 61 61 0 226081.0082 6104.023429 216131.3439 232351.7871 16220.44314 213112.5828 232940.2977 19827.71493 -0.3134377611 11861.60012 12450.1108 nan nan
42 27801 219 219 0 239401.8665 2233.216679 234229.3606 241049.9808 6820.620183 233187.9055 241085.7226 7897.8171 -0.7849973415 4827.40766 5868.86279 nan nan
43 25668 122 122 0 226434.1291 5296.459193 216172.093 233034.9131 16862.82017 213558.8843 236243.055 22684.17067 -0.3004976291 10025.95011 11957.68872 nan nan
44 68608 525 525 0 228778.6225 3950.684223 221672.4484 235101.9239 13429.47543 213751.6007 236480.8432 22729.24254 -0.5560110514 8886.394701 12820.53355 nan nan
45 23245 3738 3738 0 224242.192 4001.103449 217280.2469 229706.788 12426.54108 216237.2685 230946.3375 14709.069 -0.1800773575 6836.447351 8075.996917 nan nan
46 31765 527 527 0 224435.8206 5107.693051 216992.0484 233699.5112 16707.46278 215043.7821 235537.6775 20493.89546 0.1538156663 10329.52016 12167.68654 nan nan
47 170879 14738 0 14738 nan nan nan nan nan nan nan nan nan nan nan nan nan
48 221043 358 0 358 nan nan nan nan nan nan nan nan nan nan nan nan nan
49 219133 707 0 707 nan nan nan nan nan nan nan nan nan nan nan nan nan
50 863 458 458 0 225179.4676 4648.381971 217336.0539 231971.5077 14635.45373 214055.4035 235849.3029 21793.89943 -0.1445157434 11256.1595 15133.95475 nan nan
51 73217 135 135 0 225541.7254 3565.297613 222179.7354 234207.2318 12027.49648 221532.4139 235305.5147 13773.10079 0.7952789787 8984.37608 10082.6589 nan nan
52 191721 944 0 944 nan nan nan nan nan nan nan nan nan nan nan nan nan
53 87357 2612 2612 0 198101.8037 2430.184095 195762.0481 203154.5843 7392.536209 195334.9647 204519.0449 9184.080156 0.522443238 5742.980536 7107.44108 nan nan
54 148900 494 0 494 nan nan nan nan nan nan nan nan nan nan nan nan nan
55 167895 8345 0 8345 nan nan nan nan nan nan nan nan nan nan nan nan nan
56 107311 888 888 0 210380.6524 6284.916285 204042.6718 221149.8556 17107.18378 202591.0563 232899.4332 30308.37691 1.257123618 9285.480271 21021.43294 nan nan
57 36619 277 277 0 213077.9861 4851.67691 205382.1697 221101.7105 15719.54089 204456.4721 222759.3933 18302.92116 0.05601847881 8827.784752 10485.46752 nan nan
58 6040 1502 1502 0 217937.7299 3318.786956 212713.5273 223390.7218 10677.19451 210374.9145 229711.8516 19336.93704 0.0689908915 5961.763101 11477.18274 nan nan
59 11323 1318 1318 0 208459.9701 2809.860529 204449.658 213309.0847 8859.426651 202977.7812 215024.4509 12046.66976 0.1735982873 4912.967655 6172.266955 nan nan
60 100641 421 0 421 nan nan nan nan nan nan nan nan nan nan nan nan nan
61 36259 761 761 0 233476.8033 776.3142388 232049.5423 234620.9874 2571.445098 230407.2782 234968.2509 4560.972691 -0.3833115954 1466.190691 3084.720017 nan nan
62 38467 60 60 0 211356.423 6356.40254 201539.1556 220195.0394 18655.88387 201481.0537 221780.2399 20299.18619 -0.006584128972 9542.661374 10772.2017 nan nan
63 125553 3661 0 3661 nan nan nan nan nan nan nan nan nan nan nan nan nan
64 38709 120 120 0 208439.5026 3679.366575 203736.1156 215759.9775 12023.86182 202799.9283 217716.8925 14916.96422 0.3826033096 7334.696659 9291.611717 nan nan
65 80818 7161 7161 0 211188.1203 3547.671308 205937.8991 217076.1132 11138.21412 204742.5189 219173.333 14430.8141 0.09679212787 6519.180216 7692.900299 nan nan
66 22481 163 163 0 237260.9401 1416.955375 235102.3658 239682.1228 4579.756958 234416.5233 240911.7761 6495.252773 0.1724373558 2656.628662 3398.273791 nan nan
67 172893 321 0 321 nan nan nan nan nan nan nan nan nan nan nan nan nan
68 31689 94 94 0 234193.2743 946.0292965 232556.9687 235716.9944 3160.025677 231581.8653 236511.7625 4929.8972 -0.2552323294 1953.016068 2763.708744 nan nan
69 56631 56 56 0 201787.8735 1254.210879 200807.4892 204208.4665 3400.97731 200790.7587 204385.9328 3595.174116 0.3883342637 2586.537456 2764.003784 nan nan
70 218987 79 0 79 nan nan nan nan nan nan nan nan nan nan nan nan nan
71 29608 400 400 0 238937.2727 2072.104611 234458.698 240912.2351 6453.537141 233551.0589 241125.0718 7574.012854 -0.6198540228 4075.520445 4983.159517 nan nan
72 128761 646 0 646 nan nan nan nan nan nan nan nan nan nan nan nan nan
73 28876 1858 1858 0 210990.406 3531.14771 204971.544 215878.6178 10907.07381 203612.0304 216473.9076 12861.87715 -0.1568842098 6567.96049 7927.474071 nan nan
74 26689 93 93 0 238320.2919 1782.408633 234604.2071 240547.2034 5942.996303 234263.0266 240887.4587 6624.432104 -0.3526245669 3775.833896 4117.014368 nan nan
75 68019 48 48 0 201309.1305 1535.104557 200730.9409 203263.2133 2532.272367 193671.1315 205880.1826 12209.05101 -2.184063264 2685.961664 7147.937214 nan nan
76 206632 453 0 453 nan nan nan nan nan nan nan nan nan nan nan nan nan
77 103681 17209 0 17209 nan nan nan nan nan nan nan nan nan nan nan nan nan
78 147811 8066 0 8066 nan nan nan nan nan nan nan nan nan nan nan nan nan
79 20892 2668 2668 0 209177.089 3058.360264 204480.0855 213777.3625 9297.276981 202802.5858 216332.3473 13529.7615 -0.01361429501 5055.463704 7319.478325 nan nan
80 184619 879 0 879 nan nan nan nan nan nan nan nan nan nan nan nan nan
81 32446 37 37 0 225062.6258 5971.812396 216200.1826 235341.9811 19141.79853 215109.25 235788.4568 20679.2068 0.1181717631 11706.30989 12152.78555 nan nan
82 67639 231 231 0 202216.8374 1931.226077 197589.0727 204095.1249 6506.052195 193052.5207 204437.1048 11384.58411 -2.914843627 4189.120803 8725.672796 nan nan
83 61172 258 258 0 201813.7002 1139.580376 201112.1173 203895.8514 2783.734085 193064.5732 204436.8777 11372.30451 -2.259808202 2344.602178 8562.803952 nan nan
84 172885 3161 0 3161 nan nan nan nan nan nan nan nan nan nan nan nan nan
85 103984 93 93 0 207088.9734 3040.085103 203504.3068 213094.917 9590.610167 202981.7453 214130.4149 11148.66962 0.4709912731 8058.345975 9093.843885 nan nan
86 29029 59 59 0 225404.6456 4800.932144 217674.5338 231027.7627 13353.22885 215939.4325 235443.5318 19504.09922 -0.1103176066 7568.820879 10346.88283 nan nan
87 47501 406 406 0 233831.0175 1823.186841 230795.796 236407.1138 5611.317746 230304.8941 237057.1295 6752.235351 -0.1037239174 3015.65101 3487.482832 nan nan
88 169244 224 0 224 nan nan nan nan nan nan nan nan nan nan nan nan nan
89 37318 457 457 0 209967.2369 3657.784686 204443.7322 215391.071 10947.33886 202782.5675 218690.0129 15907.44539 0.01708754025 6134.452821 8304.189508 nan nan
90 41854 7365 7365 0 225609.0597 5154.656168 217389.8946 232837.6285 15447.73395 215422.8506 235326.9601 19904.10953 -0.06586911965 10132.02134 12621.35297 nan nan
91 30637 535 535 0 223342.3006 4592.639167 216470.1777 230700.1025 14229.92484 215005.5055 233241.1763 18235.67086 0.04560375721 8644.431979 11185.50576 nan nan
92 164231 944 0 944 nan nan nan nan nan nan nan nan nan nan nan nan nan
93 154222 515 0 515 nan nan nan nan nan nan nan nan nan nan nan nan nan
94 23161 315 315 0 235287.8324 680.2698488 234230.5451 235865.2906 1634.745422 231453.0012 236082.5353 4629.534092 -2.389402366 1046.457005 3824.000977 nan nan
95 31223 361 361 0 235632.4117 968.8215285 234370.2013 237541.3447 3171.143394 233675.3636 239054.9784 5379.614864 0.352652167 1845.36383 3257.780996 nan nan
96 28595 79 79 0 223298.984 4545.646351 216402.5293 230626.7868 14224.25751 215756.5514 231255.9631 15499.41174 -0.00677056261 8064.904498 8694.080846 nan nan
97 165014 9323 0 9323 nan nan nan nan nan nan nan nan nan nan nan nan nan
98 167109 2044 0 2044 nan nan nan nan nan nan nan nan nan nan nan nan nan
99 11196 425 425 0 239034.6763 753.7345265 237151.5617 239511.8187 2360.256913 236823.6557 240851.328 4027.672316 -0.9154761679 1781.875344 2089.798881 nan nan

K=100, phase=backward, parameter=e [-]
cluster representative_source n_cluster n_valid n_missing median std p05 p95 width90 minimum maximum range skewness error95 error_max angle_origin_deg angle_resultant
0 157048 10631 0 10631 nan nan nan nan nan nan nan nan nan nan nan nan nan
1 69158 1420 1420 0 0.5121123311 0.01033558172 0.4902991372 0.5226515846 0.03235244742 0.4854330737 0.524844825 0.03941175123 -0.5552498835 0.03232634423 0.0371924077 nan nan
2 23125 696 696 0 0.1896049005 0.01583856236 0.1738943601 0.2208762348 0.0469818747 0.1726509316 0.2354056176 0.06275468604 0.5375775473 0.03132385462 0.04585323738 nan nan
3 218020 1071 0 1071 nan nan nan nan nan nan nan nan nan nan nan nan nan
4 40083 378 378 0 0.4420491981 0.02661953221 0.4007626738 0.4821930884 0.08143041467 0.3818360911 0.4972130791 0.115376988 -0.03291291972 0.04276051772 0.06098170844 nan nan
5 75363 811 0 811 nan nan nan nan nan nan nan nan nan nan nan nan nan
6 23565 37 37 0 0.1846167027 0.02036920499 0.1713790932 0.2308333326 0.05945423941 0.1699124926 0.2400240368 0.07011154419 0.8955085191 0.0437562997 0.05294700395 nan nan
7 27925 870 870 0 0.3380274281 0.0404867405 0.2825711309 0.414107226 0.1315360952 0.2731942552 0.4317788261 0.1585845709 0.3154189471 0.07186085972 0.07979708127 nan nan
8 69514 1531 1531 0 0.4931681485 0.006123806445 0.4863130031 0.5030214763 0.01670847317 0.4853613783 0.5674829007 0.08212152236 2.897281365 0.008956794026 0.07259895506 nan nan
9 81122 4671 0 4671 nan nan nan nan nan nan nan nan nan nan nan nan nan
10 10199 4731 4731 0 0.3537540177 0.03170030957 0.3058573201 0.4061903973 0.1003330772 0.2750330387 0.4148232139 0.1397901753 0.02595810786 0.05926693326 0.07265946736 nan nan
11 217580 1637 0 1637 nan nan nan nan nan nan nan nan nan nan nan nan nan
12 21179 334 334 0 0.2280949352 0.007544784323 0.2206626506 0.2425286531 0.02186600249 0.2176249435 0.2740448069 0.05641986332 2.460035923 0.01350720337 0.04502335713 nan nan
13 152421 1760 0 1760 nan nan nan nan nan nan nan nan nan nan nan nan nan
14 173287 1080 0 1080 nan nan nan nan nan nan nan nan nan nan nan nan nan
15 43818 2047 2047 0 0.5254558881 0.0155748155 0.4937412312 0.5413610247 0.04761979355 0.4859946634 0.5437252955 0.05773063209 -0.5007264441 0.03903010158 0.04677666931 nan nan
16 84771 749 749 0 0.3361239534 0.04160570624 0.2618161353 0.3970896772 0.1352735419 0.2472630738 0.4105276348 0.163264561 -0.2195158796 0.08838933452 0.102942396 nan nan
17 70288 97 97 0 0.5068067592 0.01473571708 0.4928205118 0.5427120371 0.04989152522 0.4870957166 0.570313305 0.08321758838 2.844164214 0.03123094486 0.05883221282 nan nan
18 120453 11992 0 11992 nan nan nan nan nan nan nan nan nan nan nan nan nan
19 32794 254 254 0 0.2027404218 0.02635648205 0.1712519325 0.2488403805 0.07758844809 0.170592258 0.2616884088 0.09109615075 0.2621594828 0.04499592778 0.05784395599 nan nan
20 111230 935 935 0 0.4508450757 0.04945979643 0.3624817786 0.4919426228 0.1294608442 0.254117724 0.499945338 0.245827614 -1.736912603 0.0815883451 0.1899523997 nan nan
21 20506 255 255 0 0.2125049036 0.009764893506 0.1940786263 0.2246772831 0.03059865677 0.1907027765 0.2280718166 0.03736904007 -0.3217521702 0.01893019885 0.02230604866 nan nan
22 41694 292 292 0 0.4522344779 0.03968957988 0.3939574298 0.5055892115 0.1116317817 0.3841157815 0.5703110008 0.1861952193 0.3070687139 0.06141807995 0.1261398693 nan nan
23 160198 256 0 256 nan nan nan nan nan nan nan nan nan nan nan nan nan
24 37073 55 55 0 0.3981722874 0.07175737048 0.2875154718 0.4909767212 0.2034612495 0.2769035463 0.4978213229 0.2209177766 -0.1371400178 0.1318321342 0.1424440596 nan nan
25 127571 198 0 198 nan nan nan nan nan nan nan nan nan nan nan nan nan
26 124986 331 0 331 nan nan nan nan nan nan nan nan nan nan nan nan nan
27 167957 1 0 1 nan nan nan nan nan nan nan nan nan nan nan nan nan
28 73606 100 100 0 0.3227965485 0.03863599764 0.2332944601 0.3539157253 0.1206212653 0.2312524612 0.3846776406 0.1534251794 -0.6067975639 0.091570042 0.09361204091 nan nan
29 40549 42 42 0 0.4498013388 0.02989477229 0.40012255 0.4910604511 0.09093790108 0.3869417434 0.4984289736 0.1114872302 -0.1322497987 0.05169874598 0.06487955258 nan nan
30 48712 6907 6907 0 0.3195827942 0.03883942968 0.2539490014 0.3781172572 0.1241682559 0.2151649203 0.3968169417 0.1816520214 -0.1064676449 0.08491985738 0.1237039385 nan nan
31 76116 164 164 0 0.5043944221 0.009511180713 0.4894890308 0.5137494893 0.02426045847 0.4853344496 0.5702432147 0.08490876513 2.311548047 0.02066096674 0.06096747969 nan nan
32 189438 10535 0 10535 nan nan nan nan nan nan nan nan nan nan nan nan nan
33 109738 8406 0 8406 nan nan nan nan nan nan nan nan nan nan nan nan nan
34 18323 8 8 0 0.2103695737 0.01991901513 0.1758174565 0.2303841092 0.05456665266 0.1755703692 0.2317033946 0.05613302537 -0.533860059 0.03059066813 0.03190995351 nan nan
35 53483 2587 2587 0 0.5188421918 0.01300898116 0.4917980535 0.5332526436 0.04145459011 0.4852822681 0.5363938212 0.05111155314 -0.5242474608 0.03652329885 0.04303908428 nan nan
36 30888 126 126 0 0.3716962693 0.0612302025 0.2762323879 0.4701520769 0.1939196891 0.2735372453 0.4818691601 0.2083319148 0.05050070944 0.1098298465 0.1125249891 nan nan
37 173733 623 0 623 nan nan nan nan nan nan nan nan nan nan nan nan nan
38 36175 75 75 0 0.4510061256 0.02809696856 0.4075458837 0.4939586799 0.08641279616 0.389242018 0.4993811486 0.1101391306 -0.08135209025 0.04654048888 0.05894857344 nan nan
39 50148 5376 5376 0 0.4468381091 0.02644660675 0.401360985 0.483138038 0.08177705294 0.3905826754 0.4859440262 0.09536135084 -0.1757064169 0.04330746234 0.05024138183 nan nan
40 50859 38 38 0 0.4526969959 0.03293056686 0.4134244918 0.4961096274 0.08268513569 0.4099201837 0.5654637168 0.1555435331 0.7312396173 0.07366300889 0.07953058875 nan nan
41 90029 61 61 0 0.3168199391 0.05107554444 0.2612551792 0.3970783663 0.1358231871 0.2557234092 0.420865513 0.1651421038 0.2602574241 0.1014246219 0.1069563919 nan nan
42 27801 219 219 0 0.1897122491 0.02409830069 0.1705769068 0.243326663 0.07274975619 0.1700108998 0.2533746622 0.08336376238 0.6775928393 0.05044011391 0.06048811311 nan nan
43 25668 122 122 0 0.3146130957 0.04430107855 0.2548818704 0.3973359327 0.1424540623 0.2268033251 0.4174868504 0.1906835253 0.1937361082 0.0838952544 0.09554622092 nan nan
44 68608 525 525 0 0.2939983462 0.03409033091 0.2368953224 0.3549254829 0.1180301606 0.2242762211 0.4165733277 0.1922971065 0.4232928328 0.07775368663 0.1039424874 nan nan
45 23245 3738 3738 0 0.3331178593 0.03288177268 0.2867042881 0.3887946288 0.1020903407 0.275559612 0.3968675338 0.1213079218 0.1333278256 0.05756591693 0.06871059299 nan nan
46 31765 527 527 0 0.3311281828 0.04291352565 0.2501562284 0.3908991702 0.1407429418 0.2316081199 0.4066979038 0.1750897839 -0.2462122871 0.089869563 0.1084176715 nan nan
47 170879 14738 0 14738 nan nan nan nan nan nan nan nan nan nan nan nan nan
48 221043 358 0 358 nan nan nan nan nan nan nan nan nan nan nan nan nan
49 219133 707 0 707 nan nan nan nan nan nan nan nan nan nan nan nan nan
50 863 458 458 0 0.3247154463 0.03883395385 0.2655784375 0.3882123599 0.1226339224 0.2307899188 0.4131309994 0.1823410806 0.06652805992 0.09696684288 0.1317553616 nan nan
51 73217 135 135 0 0.3213651565 0.03077718375 0.2458878075 0.3491023976 0.1032145902 0.2345160491 0.3542982659 0.1197822168 -0.8918049996 0.07812142843 0.08949318676 nan nan
52 191721 944 0 944 nan nan nan nan nan nan nan nan nan nan nan nan nan
53 87357 2612 2612 0 0.5331571544 0.01803356355 0.4956650566 0.5505081505 0.05484309392 0.4853894485 0.5536543787 0.06826493015 -0.5249551512 0.04259865661 0.05287426463 nan nan
54 148900 494 0 494 nan nan nan nan nan nan nan nan nan nan nan nan nan
55 167895 8345 0 8345 nan nan nan nan nan nan nan nan nan nan nan nan nan
56 107311 888 888 0 0.4413337628 0.04944767891 0.3573733168 0.488966701 0.1315933842 0.2561010856 0.499793732 0.2436926464 -1.403734849 0.07247355649 0.1737457877 nan nan
57 36619 277 277 0 0.4211347777 0.03721252752 0.3584233211 0.4791927747 0.1207694535 0.3450310963 0.4860936373 0.141062541 -0.09045444461 0.06885504756 0.08224727241 nan nan
58 6040 1502 1502 0 0.3839823121 0.02604320295 0.3405095087 0.4241958155 0.08368630684 0.2864546693 0.4419173052 0.1554626359 -0.1156820491 0.04681946776 0.09518981535 nan nan
59 11323 1318 1318 0 0.4563673328 0.02112048444 0.4195884999 0.4863001282 0.06671162828 0.4066010115 0.4972242158 0.09062320429 -0.1854736427 0.03690108376 0.04682001614 nan nan
60 100641 421 0 421 nan nan nan nan nan nan nan nan nan nan nan nan nan
61 36259 761 761 0 0.2511503804 0.007320458872 0.2400781383 0.2643293085 0.02425117011 0.2364535195 0.2790755615 0.04262204209 0.3221120033 0.01377332882 0.02819620111 nan nan
62 38467 60 60 0 0.4340448335 0.04830807851 0.365663487 0.5077227063 0.1420592194 0.3529549444 0.5081477689 0.1551928245 -0.02019490616 0.07151251032 0.08394025606 nan nan
63 125553 3661 0 3661 nan nan nan nan nan nan nan nan nan nan nan nan nan
64 38709 120 120 0 0.4563017534 0.02779376429 0.4004943073 0.4914617516 0.09096744433 0.3852762378 0.4982038885 0.1129276507 -0.403352196 0.05592286196 0.07114093145 nan nan
65 80818 7161 7161 0 0.4352783695 0.02705467621 0.3899018452 0.4748918493 0.08499000412 0.3733374954 0.4838169532 0.1104794578 -0.1157594771 0.04942325646 0.05809260538 nan nan
66 22481 163 163 0 0.2131530024 0.01498643345 0.186158172 0.235273776 0.04911560396 0.1718748232 0.2415276911 0.06965286789 -0.2610670497 0.02827002033 0.03860869169 nan nan
67 172893 321 0 321 nan nan nan nan nan nan nan nan nan nan nan nan nan
68 31689 94 94 0 0.2443159832 0.009056550994 0.2290673043 0.2594235212 0.03035621692 0.2209331 0.2684224745 0.04748937444 0.1117677565 0.01823416245 0.02569480794 nan nan
69 56631 56 56 0 0.5058762913 0.009309423521 0.4878167969 0.513150322 0.02533352513 0.4866353822 0.5132747325 0.02663935029 -0.3886533529 0.01933214709 0.02051356176 nan nan
70 218987 79 0 79 nan nan nan nan nan nan nan nan nan nan nan nan nan
71 29608 400 400 0 0.1953714622 0.02226664885 0.1722753021 0.2412392205 0.06896391836 0.1697173735 0.2501712539 0.0804538804 0.5245868023 0.04245283323 0.0513848667 nan nan
72 128761 646 0 646 nan nan nan nan nan nan nan nan nan nan nan nan nan
73 28876 1858 1858 0 0.4371296777 0.02672728468 0.3996775793 0.4822676776 0.08259009831 0.3950996092 0.4924329531 0.09733334398 0.1423114709 0.04932653527 0.05949181078 nan nan
74 26689 93 93 0 0.2033595705 0.01927082552 0.1769426773 0.2401867207 0.06324404337 0.1725560874 0.2431366537 0.07058056628 0.2605616898 0.03950569763 0.04245563063 nan nan
75 68019 48 48 0 0.5094634366 0.01137255824 0.4948654842 0.5137127455 0.01884726122 0.4754956234 0.5658999528 0.09040432941 2.162556548 0.02007469118 0.05282603039 nan nan
76 206632 453 0 453 nan nan nan nan nan nan nan nan nan nan nan nan nan
77 103681 17209 0 17209 nan nan nan nan nan nan nan nan nan nan nan nan nan
78 147811 8066 0 8066 nan nan nan nan nan nan nan nan nan nan nan nan nan
79 20892 2668 2668 0 0.4508874822 0.02302450197 0.4159792312 0.4860041127 0.07002488151 0.3961178326 0.4984650493 0.1023472167 0.0006891876778 0.03815287187 0.05600834402 nan nan
80 184619 879 0 879 nan nan nan nan nan nan nan nan nan nan nan nan nan
81 32446 37 37 0 0.3260429714 0.0504677445 0.2334619611 0.397054746 0.163592785 0.2290958153 0.4055004613 0.176404646 -0.2225592256 0.1043689937 0.1087351395 nan nan
82 67639 231 231 0 0.5027085502 0.01430833 0.4887720903 0.5370245385 0.04825244821 0.4860394945 0.5704977882 0.0844582937 2.905664251 0.03107126928 0.06454451897 nan nan
83 61172 258 258 0 0.505673395 0.008452296677 0.4901606733 0.5108940934 0.02073342018 0.4860371988 0.5704147561 0.08437755733 2.236388367 0.01757722563 0.0633214489 nan nan
84 172885 3161 0 3161 nan nan nan nan nan nan nan nan nan nan nan nan nan
85 103984 93 93 0 0.466430443 0.02299056561 0.4205435057 0.493008043 0.07246453727 0.412579636 0.4969107493 0.08433111328 -0.4872054434 0.06100355123 0.06896742091 nan nan
86 29029 59 59 0 0.3232247278 0.03998993589 0.2746295466 0.3855731316 0.110943585 0.2348490233 0.3990970799 0.1642480566 0.05114992573 0.06160762031 0.09094281329 nan nan
87 47501 406 406 0 0.2472923453 0.01756169938 0.2216150608 0.2756154656 0.05400040477 0.2148447897 0.2800466622 0.0652018725 0.04972385269 0.0290228669 0.03494092189 nan nan
88 169244 224 0 224 nan nan nan nan nan nan nan nan nan nan nan nan nan
89 37318 457 457 0 0.4447918116 0.02769812515 0.4030125658 0.4861930967 0.08318053084 0.377006182 0.4985355696 0.1215293876 -0.03784157043 0.04654323262 0.06461712752 nan nan
90 41854 7365 7365 0 0.3212208216 0.04345119178 0.2573873813 0.3876786179 0.1302912366 0.2337113159 0.4030672241 0.1693559082 -0.001373893567 0.08789402183 0.1115700872 nan nan
91 30637 535 535 0 0.3402697083 0.03782950339 0.277601471 0.3949982947 0.1173968237 0.256111332 0.4063520231 0.1502406911 -0.09908557612 0.0731558734 0.09464601247 nan nan
92 164231 944 0 944 nan nan nan nan nan nan nan nan nan nan nan nan nan
93 154222 515 0 515 nan nan nan nan nan nan nan nan nan nan nan nan nan
94 23161 315 315 0 0.2336895113 0.006550738413 0.2278189559 0.2439944201 0.01617546412 0.2255144701 0.2696634783 0.04414900811 2.213056309 0.01019256029 0.03586161849 nan nan
95 31223 361 361 0 0.2296118913 0.009886648812 0.2101099332 0.2423302244 0.03222029122 0.1929572831 0.2493720353 0.05641475223 -0.428322227 0.01870756737 0.03521015711 nan nan
96 28595 79 79 0 0.3401186485 0.03748321071 0.2783085635 0.3955475125 0.1172389489 0.2726984998 0.4005602307 0.1278617309 -0.0417270534 0.06837547482 0.07398553857 nan nan
97 165014 9323 0 9323 nan nan nan nan nan nan nan nan nan nan nan nan nan
98 167109 2044 0 2044 nan nan nan nan nan nan nan nan nan nan nan nan nan
99 11196 425 425 0 0.1948995939 0.008018803477 0.1894561713 0.2145452563 0.02508908498 0.1728099338 0.2180004307 0.04519049686 0.8470108147 0.01907289254 0.02289601049 nan nan

K=100, phase=backward, parameter=w [deg]
cluster representative_source n_cluster n_valid n_missing median std p05 p95 width90 minimum maximum range skewness error95 error_max angle_origin_deg angle_resultant
0 157048 10631 0 10631 nan nan nan nan nan nan nan nan nan nan nan nan nan
1 69158 1420 1420 0 -1.39475689 4.270533738 -4.791868223 8.801694388 13.59356261 -5.44548579 11.50184916 16.94733495 0.8922838109 8.576275993 11.27643076 191.977808 0.997225828
2 23125 696 696 0 2.349593219 13.87869858 -22.24970024 17.88737921 40.13707945 -23.86923225 20.52171536 44.39094761 -0.2632787553 34.17312728 35.7926593 192.8706616 0.9708974257
3 218020 1071 0 1071 nan nan nan nan nan nan nan nan nan nan nan nan nan
4 40083 378 378 0 -2.281710802 6.097483905 -3.382645552 15.09613551 18.47878107 -22.49813043 19.47242183 41.97055226 1.595452706 18.23745468 22.20472068 194.1869602 0.9943685848
5 75363 811 0 811 nan nan nan nan nan nan nan nan nan nan nan nan nan
6 23565 37 37 0 1.492713021 12.82426874 -23.44293413 16.03763014 39.48056427 -28.14018773 16.8606913 45.00087903 -0.5469536472 30.66520421 35.36245782 198.0963836 0.9751827898
7 27925 870 870 0 -5.420514841 10.58889553 -9.151437462 17.14098341 26.29242087 -10.01040198 17.35987752 27.3702795 0.8964656471 22.86153389 23.080428 199.790894 0.9830137803
8 69514 1531 1531 0 -0.07663790339 2.641489779 -3.740948231 4.187998645 7.928946876 -20.60812282 5.811952182 26.420075 -0.856345511 5.574632913 19.33718433 196.3282016 0.9989390128
9 81122 4671 0 4671 nan nan nan nan nan nan nan nan nan nan nan nan nan
10 10199 4731 4731 0 -0.2206386088 2.621154227 -3.470909864 5.821485904 9.292395768 -4.264334888 8.981574665 13.24590955 1.13745572 5.915588342 9.075677103 185.5894051 0.9989544571
11 217580 1637 0 1637 nan nan nan nan nan nan nan nan nan nan nan nan nan
12 21179 334 334 0 -0.07442020198 3.146306702 -4.519743739 4.788663243 9.308406982 -5.608516726 15.28171963 20.89023635 1.585545645 5.198238881 15.41072973 200.5032227 0.9984956372
13 152421 1760 0 1760 nan nan nan nan nan nan nan nan nan nan nan nan nan
14 173287 1080 0 1080 nan nan nan nan nan nan nan nan nan nan nan nan nan
15 43818 2047 2047 0 -1.715237659 5.431853966 -6.110646043 11.45853386 17.5691799 -7.263110222 17.22813222 24.49124244 1.004681344 12.82277235 18.59237071 186.6073469 0.9955168405
16 84771 749 749 0 2.143747308 9.999010859 -16.33536684 3.758497029 20.09386387 -45.6815509 3.935146795 49.6166977 -4.104191128 18.70186903 48.0480531 212.6817422 0.9854739711
17 70288 97 97 0 0.213002922 4.952183932 -9.710794683 5.942083708 15.65287839 -19.17504073 8.206757157 27.38179789 -1.583622842 9.313808095 18.77805414 193.9322668 0.9962809065
18 120453 11992 0 11992 nan nan nan nan nan nan nan nan nan nan nan nan nan
19 32794 254 254 0 6.01976082 14.4569835 -30.33892251 13.37346653 43.71238904 -35.1018252 13.79509966 48.89692486 -1.008774966 38.43332292 43.19622561 202.3456647 0.968625659
20 111230 935 935 0 1.48704814 7.64511516 -17.67848189 8.588751723 26.26723361 -17.90995788 10.31706313 28.22702102 -1.288172731 20.62512921 20.85660521 206.8120141 0.991148894
21 20506 255 255 0 0.7506525047 2.559400063 -5.302118224 2.854569188 8.156687412 -8.146862213 5.179195324 13.32605754 -1.043029021 6.113883929 8.958627918 200.317669 0.999002893
22 41694 292 292 0 1.331382315 7.112592943 -18.55542284 7.262841883 25.81826472 -20.77406357 18.54566798 39.31973155 -1.648800602 19.47664659 21.69528732 190.9927036 0.9923509235
23 160198 256 0 256 nan nan nan nan nan nan nan nan nan nan nan nan nan
24 37073 55 55 0 -0.5461857994 6.217572869 -4.27282799 10.62461908 14.89744707 -23.08451428 19.67347806 42.75799235 0.6517751965 20.2975557 22.3558426 194.9866135 0.9941604168
25 127571 198 0 198 nan nan nan nan nan nan nan nan nan nan nan nan nan
26 124986 331 0 331 nan nan nan nan nan nan nan nan nan nan nan nan nan
27 167957 1 0 1 nan nan nan nan nan nan nan nan nan nan nan nan nan
28 73606 100 100 0 5.381562076 13.3497595 -40.3728062 7.089815527 47.46262172 -41.4332399 7.243402065 48.67664197 -2.276919484 46.855924 47.91635771 208.7773974 0.9736918688
29 40549 42 42 0 -0.6663457825 4.653124057 -1.313151871 9.027691459 10.34084333 -21.31136692 13.47942404 34.79079096 -1.145427445 12.87141598 20.29330919 191.8892292 0.9967268239
30 48712 6907 6907 0 0.3556308043 3.383937534 -7.087948229 4.578948987 11.66689722 -35.0115011 13.00355396 48.01505506 -1.004726036 7.291394292 35.18443841 204.5683479 0.9982591222
31 76116 164 164 0 -0.6975075246 3.636977512 -3.532641724 6.14097798 9.673619704 -19.97401087 8.328492247 28.30250312 -0.6150617702 5.787228756 20.63476199 194.1816006 0.9979904448
32 189438 10535 0 10535 nan nan nan nan nan nan nan nan nan nan nan nan nan
33 109738 8406 0 8406 nan nan nan nan nan nan nan nan nan nan nan nan nan
34 18323 8 8 0 2.354362152 12.62138994 -20.86146177 11.50370799 32.36516976 -30.97095969 11.83473511 42.8056948 -2.00653525 24.39233834 31.36781719 200.0822047 0.9761903999
35 53483 2587 2587 0 -1.179635587 4.981440966 -6.024421469 10.35656267 16.38098414 -7.266439546 14.06559612 21.33203566 0.8737389842 11.72677123 15.43580468 189.7732606 0.9962275535
36 30888 126 126 0 0.03554115016 2.098181665 -3.210944071 2.710756036 5.921700107 -3.268769449 2.777119616 6.045889065 -0.2134207736 3.284256071 3.342081449 192.5204746 0.9993296022
37 173733 623 0 623 nan nan nan nan nan nan nan nan nan nan nan nan nan
38 36175 75 75 0 -3.493960933 6.981887984 -4.352737913 15.4388451 19.79158301 -4.41362372 19.67348847 24.08711219 1.523358547 19.43629759 23.67094095 193.6367662 0.9926085709
39 50148 5376 5376 0 -0.8041578279 3.989512908 -4.494612982 9.469847371 13.96446035 -5.375255619 16.24334063 21.61859625 1.618719541 10.99892927 17.77242253 196.790826 0.9975813507
40 50859 38 38 0 -1.473702068 7.285300684 -7.483014708 12.7063402 20.18935491 -21.97313583 15.14395857 37.1170944 -0.3941560514 17.23594623 19.95034003 193.4495605 0.9919717123
41 90029 61 61 0 2.085145124 5.654874283 -20.24634744 2.617964215 22.86431165 -21.89712968 2.653166382 24.55029606 -3.307983146 20.97676767 22.62754991 214.0761858 0.995177163
42 27801 219 219 0 3.458346573 15.39790149 -26.5208957 18.83098153 45.35187723 -28.93844835 19.16331937 48.10176772 -0.4069903606 37.53371307 39.95126572 196.9691921 0.9642728283
43 25668 122 122 0 -0.218325176 8.754326762 -3.949950568 20.78963235 24.73958292 -27.68890028 21.76224039 49.45114068 -0.2160165046 21.21522579 28.2356541 194.8612255 0.9884914838
44 68608 525 525 0 18.33040144 23.08767711 -29.30311706 19.10540585 48.40852291 -29.47532663 19.27517946 48.75050609 -0.4097915832 48.13736101 48.30957058 196.5305929 0.920100136
45 23245 3738 3738 0 -0.04319360583 1.634448944 -2.640576274 2.721858688 5.362434962 -4.481008315 3.484049046 7.965057361 0.004790938741 4.393443221 6.233875262 190.7827864 0.9995931817
46 31765 527 527 0 0.2101419165 6.364474051 -2.709008239 6.026459638 8.735467877 -29.0016863 20.67804864 49.67973494 -1.333830772 18.64611048 29.82743615 195.9854783 0.9939214498
47 170879 14738 0 14738 nan nan nan nan nan nan nan nan nan nan nan nan nan
48 221043 358 0 358 nan nan nan nan nan nan nan nan nan nan nan nan nan
49 219133 707 0 707 nan nan nan nan nan nan nan nan nan nan nan nan nan
50 863 458 458 0 -6.038927035 14.08877485 -34.765635 14.79162712 49.55726212 -35.5218165 14.90442969 50.42624619 -0.7506471277 48.75222414 48.86502671 202.4355248 0.970250713
51 73217 135 135 0 4.312344941 10.61682587 -16.15366375 5.410957481 21.56462123 -42.73713806 6.738316615 49.47545467 -2.599917522 21.52271995 48.10619425 209.8895507 0.9832969464
52 191721 944 0 944 nan nan nan nan nan nan nan nan nan nan nan nan nan
53 87357 2612 2612 0 -0.1052079548 6.083520555 -10.16635668 9.587115129 19.75347181 -13.02958451 11.77988235 24.80946686 -0.06851185709 10.97500723 13.83331949 192.8834946 0.9943741005
54 148900 494 0 494 nan nan nan nan nan nan nan nan nan nan nan nan nan
55 167895 8345 0 8345 nan nan nan nan nan nan nan nan nan nan nan nan nan
56 107311 888 888 0 1.548114408 7.357112841 -18.39814348 7.920600614 26.31874409 -18.64530647 9.577055855 28.22236232 -1.403538598 21.58311453 21.83027753 207.3570208 0.9918052393
57 36619 277 277 0 -0.5923827771 2.485857066 -2.167365583 3.222030612 5.389396195 -2.271675441 13.99603279 16.26770823 2.686879725 4.246355827 15.020358 192.5076231 0.9990608116
58 6040 1502 1502 0 -0.3105792501 2.577300023 -2.029813492 0.8814284146 2.911241907 -2.552926498 13.77864317 16.33156967 4.023177006 2.010517285 14.13540048 180.8347442 0.9989916821
59 11323 1318 1318 0 -0.3637923826 2.249008355 -1.98001058 1.913821751 3.893832331 -2.295649498 27.28326203 29.57891152 4.629944704 2.400779674 27.77021995 180.4724113 0.9992334902
60 100641 421 0 421 nan nan nan nan nan nan nan nan nan nan nan nan nan
61 36259 761 761 0 0.4228988974 2.740565056 -5.356062214 3.069773523 8.425835737 -8.980063063 9.033796321 18.01385938 -0.3888749081 6.682572193 9.044085901 207.6108539 0.9988570218
62 38467 60 60 0 -1.533581711 4.902383033 -4.089033064 13.89616514 17.9851982 -4.146148285 16.79084886 20.93699714 2.089297525 17.24512976 20.13981348 194.7160763 0.9963540275
63 125553 3661 0 3661 nan nan nan nan nan nan nan nan nan nan nan nan nan
64 38709 120 120 0 -3.112641722 6.413503693 -4.016203736 13.97367726 17.989881 -4.204963635 18.9871231 23.19208673 1.593754298 17.67423214 22.68767797 193.559473 0.9937598056
65 80818 7161 7161 0 -0.2960404904 3.111379683 -4.549707163 5.481881461 10.03158862 -10.72875653 10.72725067 21.4560072 0.5061998815 6.591396279 12.59921662 202.9418509 0.9985266014
66 22481 163 163 0 0.8760233454 6.266561183 -5.9514362 8.810600008 14.76203621 -31.34901424 11.83597702 43.18499126 -2.372938426 11.17939401 30.83550437 203.2103892 0.9940930088
67 172893 321 0 321 nan nan nan nan nan nan nan nan nan nan nan nan nan
68 31689 94 94 0 -0.7332090125 4.485675078 -5.975083582 7.764586577 13.73967016 -8.531211752 10.50861926 19.03983101 0.7740231702 8.318659146 11.06269183 206.3371032 0.9969395916
69 56631 56 56 0 -1.097569357 3.886847434 -3.979017218 7.861176045 11.84019326 -4.043276853 8.756462502 12.79973935 0.8613880537 10.3136072 11.20889366 193.6272905 0.9977012139
70 218987 79 0 79 nan nan nan nan nan nan nan nan nan nan nan nan nan
71 29608 400 400 0 4.224657862 14.36885494 -27.07182971 16.09824966 43.17007937 -30.88259013 17.41908299 48.30167312 -0.6495175424 37.22627772 41.03703814 198.5726026 0.9688968737
72 128761 646 0 646 nan nan nan nan nan nan nan nan nan nan nan nan nan
73 28876 1858 1858 0 -0.5880076255 3.239342752 -1.98316128 1.753459771 3.736621051 -2.327739606 21.1025076 23.4302472 4.792979564 2.065947432 21.27979252 188.3715234 0.998413117
74 26689 93 93 0 3.564119624 12.98957226 -25.73256474 16.58501962 42.31758436 -28.24212118 17.99701748 46.23913865 -0.7868088721 35.83845563 38.34801207 196.3734729 0.974579729
75 68019 48 48 0 -0.825900656 3.243889761 -3.422265783 7.065169426 10.48743521 -5.42160092 8.151027814 13.57262873 0.8822484369 7.485344814 8.571203202 193.3684171 0.9983985972
76 206632 453 0 453 nan nan nan nan nan nan nan nan nan nan nan nan nan
77 103681 17209 0 17209 nan nan nan nan nan nan nan nan nan nan nan nan nan
78 147811 8066 0 8066 nan nan nan nan nan nan nan nan nan nan nan nan nan
79 20892 2668 2668 0 -1.186754882 5.323188865 -3.833522573 18.1888627 22.02238527 -4.324713382 24.65934362 28.98405701 3.169213929 20.03756089 26.50804181 185.7795133 0.9957237948
80 184619 879 0 879 nan nan nan nan nan nan nan nan nan nan nan nan nan
81 32446 37 37 0 2.604193226 8.554190676 -24.44443077 4.537474732 28.98190551 -25.3404934 4.553789532 29.89428293 -2.54027111 28.8178895 29.71395212 192.9425108 0.9890025965
82 67639 231 231 0 -0.5298645943 4.060221511 -3.318422237 6.257174662 9.575596899 -19.46462967 7.811357583 27.27598726 -1.213527447 7.872745002 18.59685176 194.4519301 0.9974974388
83 61172 258 258 0 -0.8007700756 3.592370882 -3.789898144 6.731436009 10.52133415 -20.44462976 8.34184953 28.78647929 -0.1568424216 8.85990016 18.4556781 194.1671118 0.9980384691
84 172885 3161 0 3161 nan nan nan nan nan nan nan nan nan nan nan nan nan
85 103984 93 93 0 2.706955575 8.863276383 -12.50515043 8.92788174 21.43303217 -29.36899313 9.595445805 38.96443893 -1.398474602 13.97693123 30.84077393 201.901235 0.9881430644
86 29029 59 59 0 0.6389912075 5.736458633 -2.545245527 2.261674362 4.80691989 -27.29317745 19.85309646 47.14627392 -2.742038681 6.16489893 29.55842122 194.486055 0.9950637272
87 47501 406 406 0 0.2399458991 1.214463396 -2.197499887 1.584543049 3.782042936 -3.606938248 1.876790859 5.483729107 -0.6082488839 2.802397818 4.211836179 213.816237 0.999775378
88 169244 224 0 224 nan nan nan nan nan nan nan nan nan nan nan nan nan
89 37318 457 457 0 -2.854223659 6.597516823 -3.750496322 16.96669302 20.71718935 -4.305858994 20.28222319 24.58808218 1.923654193 20.09336758 23.40889774 193.6970784 0.9934075407
90 41854 7365 7365 0 -1.392773498 4.743408927 -5.757406257 9.035773065 14.79317932 -8.299468116 14.13213815 22.43160626 0.7995208811 9.841420704 14.93778579 201.7246367 0.9965777965
91 30637 535 535 0 0.1899038303 3.893444341 -2.261328693 1.361050781 3.622379474 -27.88396966 21.80718646 49.69115612 -0.8519341012 2.984845197 28.39208043 194.8771636 0.9977221017
92 164231 944 0 944 nan nan nan nan nan nan nan nan nan nan nan nan nan
93 154222 515 0 515 nan nan nan nan nan nan nan nan nan nan nan nan nan
94 23161 315 315 0 0.3389994661 2.811345749 -4.926478821 3.240559252 8.167038073 -6.751791801 13.63342232 20.38521412 0.8593270066 4.618653234 14.36175963 202.0101341 0.9987981092
95 31223 361 361 0 0.3936120044 3.63869578 -7.833323353 5.819009772 13.65233313 -37.8058262 9.026733848 46.83256005 -3.439061939 8.700708245 38.67321109 206.0632733 0.9980071736
96 28595 79 79 0 -2.277961848 7.401066596 -4.757107795 19.6887073 24.4458151 -5.154736295 20.06491344 25.21964974 2.199504496 21.5562668 21.93247294 196.6722571 0.9917250997
97 165014 9323 0 9323 nan nan nan nan nan nan nan nan nan nan nan nan nan
98 167109 2044 0 2044 nan nan nan nan nan nan nan nan nan nan nan nan nan
99 11196 425 425 0 0.7274647854 6.423147131 -12.04990873 8.449644819 20.49955355 -16.38318395 12.29650338 28.67968734 -0.472180054 14.67379946 19.00707468 191.8946389 0.9937319025

K=100, phase=forward, parameter=a [km]
cluster representative_source n_cluster n_valid n_missing median std p05 p95 width90 minimum maximum range skewness error95 error_max angle_origin_deg angle_resultant
0 157048 10631 10630 1 193599.2714 83660.41308 188039.4941 344066.2025 156026.7084 187998.576 1093940.343 905941.7669 5.17802811 156035.148 905909.2884 nan nan
1 69158 1420 1420 0 200613.7998 1030.806655 199373.3937 202634.1267 3260.732935 199011.1202 203627.812 4616.691776 0.4933481531 1929.088617 2922.773947 nan nan
2 23125 696 4 692 744814.2868 7814073.418 740541.4825 16082862.53 15342321.05 740244.7277 18789119.65 18048874.93 1.999999328 nan nan nan nan
3 218020 1071 1071 0 214846.0887 10179.85918 207126.0267 229359.1522 22233.12553 202732.8438 293141.664 90408.82022 3.69872245 21098.16947 66034.78058 nan nan
4 40083 378 378 0 208499.707 7110.147613 206790.9221 209445.0554 2654.133309 206341.6674 290782.827 84441.15964 10.93312562 1871.896082 82199.50156 nan nan
5 75363 811 811 0 1481886.463 516079.5471 1097484.773 2707456.724 1609971.951 1001474.513 3815246.734 2813772.221 1.392146454 880994.7165 1988784.726 nan nan
6 23565 37 37 0 209285.7029 14252.24468 208103.4567 232021.9886 23918.53187 205695.8635 287295.2488 81599.3853 3.984312801 23007.16385 78280.42405 nan nan
7 27925 870 870 0 216040.2351 8010.610749 201871.3314 230857.6606 28986.32925 200634.2129 233461.2372 32827.02434 0.04328309771 15168.27795 17614.10856 nan nan
8 69514 1531 1531 0 201601.1192 6758.980234 193879.6393 206027.2804 12147.64116 191900.3895 290909.523 99009.13351 8.677958971 7022.579656 90138.90207 nan nan
9 81122 4671 4671 0 195094.3731 80973.02585 188299.6621 316822.9879 128523.3258 188161.1319 1002583.417 814422.2851 5.550498678 125755.8886 811516.3177 nan nan
10 10199 4731 4731 0 210225.6116 4689.123538 203546.3966 218050.7646 14504.36808 202752.7849 219673.1003 16920.31544 0.1280194364 8006.442675 8778.59832 nan nan
11 217580 1637 1637 0 213373.6204 213281.3873 190027.4809 797631.179 607603.698 188394.7789 838182.0686 649787.2898 1.719097942 604119.9765 644670.8662 nan nan
12 21179 334 334 0 366244.5787 99782.66989 194944.7035 487109.0009 292164.2974 189844.4128 845182.697 655338.2842 0.592016713 184057.0201 470029.9303 nan nan
13 152421 1760 1760 0 194775.5026 99801.7569 188304.4261 261500.7516 73196.32553 188195.978 3928762.039 3740566.061 30.0559115 71308.62433 3738569.911 nan nan
14 173287 1080 1080 0 240093.2066 10106.17563 233357.8883 240826.857 7468.968682 229775.0043 291304.9331 61529.92873 4.306003645 8712.85557 50707.79852 nan nan
15 43818 2047 2047 0 220884.6977 5251.292053 210174.192 227641.9417 17467.74968 202668.2523 228947.8701 26279.61777 -0.7234756061 10359.41662 17865.35628 nan nan
16 84771 749 749 0 199333.2359 398520.2483 188653.1146 1154468.222 965815.1077 188375.5304 3868441.785 3680066.255 3.932286993 963371.1283 3677344.691 nan nan
17 70288 97 97 0 210951.5001 23072.8213 207946.492 289738.8876 81792.39562 207717.5978 290667.2668 82949.66899 2.834236864 78700.35011 79628.72926 nan nan
18 120453 11992 11992 0 202880.7815 19131.71685 193512.3251 207780.712 14268.38684 190781.8807 1054275.81 863493.9292 36.14180387 8976.101398 851807.7062 nan nan
19 32794 254 254 0 206129.1692 5095.777786 200870.2017 216499.6685 15629.46672 200728.3962 219609.2073 18880.81113 0.5754244643 8937.147411 12046.68624 nan nan
20 111230 935 934 1 222345.9283 5106.988509 215031.24 230244.6627 15213.42277 207380.4416 232925.2966 25544.85497 -0.1797170233 9261.360223 16912.1586 nan nan
21 20506 255 255 0 612240.1749 233499.3988 453905.8484 1176825.322 722919.4731 416965.7778 1731865.279 1314899.501 1.712395191 603920.6351 1158960.592 nan nan
22 41694 292 292 0 208210.8666 27529.1552 206171.9151 288235.3857 82063.47058 205819.1963 291771.3033 85952.10694 2.119031726 80230.12533 83766.04292 nan nan
23 160198 256 256 0 203752.089 820389.1815 203095.3218 204752.5208 1657.198978 202382.0778 9903671.596 9701289.518 11.2737911 1030.028371 9699897.225 nan nan
24 37073 55 55 0 209416.0103 10429.43941 207480.4026 211928.9915 4448.588941 204659.9662 286636.6773 81976.7111 7.170311153 2900.752978 77464.66261 nan nan
25 127571 198 198 0 197902.8372 472078.2873 188533.7675 787023.817 598490.0495 188218.9593 4813753.221 4625534.262 6.703796282 591338.2795 4618067.684 nan nan
26 124986 331 331 0 199163.8265 141620.774 192264.6084 203902.9709 11638.36258 191521.0294 1560781.703 1369260.674 7.411087702 6192.80217 1363047.073 nan nan
27 167957 1 1 0 206642.0602 0 206642.0602 206642.0602 0 206642.0602 206642.0602 0 nan 0 0 nan nan
28 73606 100 100 0 209972.8588 35721.6371 191049.8267 342892.8077 151842.981 189506.1369 344661.8056 155155.6687 2.608028309 151625.0994 153394.0972 nan nan
29 40549 42 42 0 208838.2101 11674.06137 207688.7356 209575.9973 1887.26172 207570.7801 285281.1408 77710.36073 6.461276636 1135.05781 76538.18602 nan nan
30 48712 6907 6907 0 200236.4837 51998.38913 189221.1351 222963.4413 33742.30619 188882.7471 1306594.606 1117711.859 14.57610117 21948.20849 1105579.374 nan nan
31 76116 164 164 0 208631.9695 16896.52549 208243.7641 227533.6843 19289.92028 208017.3606 290545.4692 82528.10858 3.848554685 18958.63081 81970.41563 nan nan
32 189438 10535 10535 0 199310.0734 11691.66988 189186.5489 221107.3467 31920.79783 188912.6598 291363.4175 102450.7578 2.202071761 21710.90175 91966.97259 nan nan
33 109738 8406 8406 0 211165.6789 28945.27664 197513.7003 219016.6342 21502.93393 188724.4508 963557.609 774833.1582 23.10461154 15273.54348 751057.7674 nan nan
34 18323 8 8 0 236930.2623 327758.795 206284.1441 999863.2845 793579.1404 205757.094 1204351.548 998594.4538 2.15344971 763501.8231 967990.0865 nan nan
35 53483 2587 2587 0 209491.2079 4435.43827 203271.4511 217192.4351 13920.984 201333.4052 219457.0339 18123.6287 0.2067347731 7503.133983 9149.498018 nan nan
36 30888 126 126 0 237304.2841 1543.372566 234714.9768 239501.0729 4786.096025 233756.1696 239881.5132 6125.343672 -0.1227917358 3573.741623 3954.181988 nan nan
37 173733 623 623 0 190598.7754 67964.35224 188377.7043 313122.8854 124745.1811 188344.0034 799368.8387 611024.8353 5.291115903 124634.8812 610880.8344 nan nan
38 36175 75 75 0 240103.2433 3087.675321 233507.9348 241025.9563 7518.021452 232501.0065 241054.7475 8553.740947 -0.615915795 7526.280777 8533.209101 nan nan
39 50148 5376 5376 0 201955.6475 4805.294228 192771.7927 208020.0814 15248.28871 190951.4866 209209.2213 18257.73477 -0.3453626064 9404.595703 11224.90184 nan nan
40 50859 38 38 0 208243.0577 21799.19404 206169.9162 286747.4826 80577.56635 206005.9538 291191.5237 85185.56983 3.245819386 79532.64808 83976.68916 nan nan
41 90029 61 61 0 210238.3693 15582.20205 208959.3521 240801.3218 31841.96968 207736.2912 290687.8457 82951.5545 3.430115301 30707.51723 80594.04115 nan nan
42 27801 219 219 0 223147.1232 6023.255337 211625.8587 230645.7152 19019.85649 204851.5384 237794.2941 32942.75571 -0.5456111878 12887.57691 19405.36141 nan nan
43 25668 122 122 0 212053.9319 18028.59563 208146.9443 272244.6607 64097.71637 207859.0466 280584.762 72725.71542 1.278801101 44018.01304 51899.65933 nan nan
44 68608 525 103 422 283624.2615 245962.2957 275628.682 808278.4108 532649.7287 273988.6148 822311.5422 548322.9275 0.3132496887 nan nan nan nan
45 23245 3738 3737 1 198238.5625 2051.370937 195876.5736 202339.587 6463.01341 195345.8198 203423.1868 8077.367004 0.4213137691 5624.338401 6707.938167 nan nan
46 31765 527 527 0 211140.0645 71637.16569 207117.8298 258397.1821 51279.35231 188400.7196 1003781.132 815380.4121 9.017713235 52695.83712 792806.0909 nan nan
47 170879 14738 14737 1 192538.4081 97644.3375 188145.8893 391551.646 203405.7567 188018.3425 4480813.766 4292795.424 9.055949409 203231.306 4292493.426 nan nan
48 221043 358 358 0 227697.8018 234649.7504 221864.7527 830988.2695 609123.5167 188380.6363 878922.0882 690541.4519 1.343020437 605560.5968 653494.4155 nan nan
49 219133 707 707 0 230864.2411 2916.334031 227842.5161 233328.8157 5486.299509 202433.2601 234461.8033 32028.5432 -6.316956734 3060.376388 27887.87968 nan nan
50 863 458 458 0 211385.2858 14885.65661 209694.4396 231126.8657 21432.42608 201120.2598 290138.19 89017.93015 2.785540164 72062.94988 80637.12966 nan nan
51 73217 135 135 0 203078.5646 12563.29416 189522.9153 224314.2862 34791.37092 189478.0538 235668.2831 46190.22931 0.5379752121 19750.82202 31104.81891 nan nan
52 191721 944 944 0 879820.4696 264723.1992 203585.7525 1078699.656 875113.9034 195154.2583 2183162.599 1988008.34 -1.067820273 695689.262 1284221.016 nan nan
53 87357 2612 2609 3 224976.2161 5343.396266 213707.4771 230139.5644 16432.08724 205932.0361 233342.8745 27410.83841 -0.8290175625 10693.8088 18469.24978 nan nan
54 148900 494 494 0 195779.9962 133935.8588 188458.3816 330451.1182 141992.7367 188336.9121 1018165.256 829828.344 4.860599669 138947.4884 826661.6263 nan nan
55 167895 8345 8345 0 198142.1909 25974.19619 188914.6283 263929.5716 75014.94333 188412.8889 390277.9662 201865.0773 3.168641506 67150.37865 193498.7732 nan nan
56 107311 888 888 0 208621.6212 4575.077542 200876.6657 215099.8823 14223.21662 200496.666 217420.4421 16923.77616 -0.07756163893 7330.814375 9548.668551 nan nan
57 36619 277 277 0 209351.8641 11628.68597 208761.2935 210079.4965 1318.203011 208147.1771 290444.1243 82296.94718 6.598396763 856.3811406 81141.76543 nan nan
58 6040 1502 1502 0 221369.1169 2970.585677 217557.8164 224556.7201 6998.903677 203399.0067 225480.9095 22081.90276 -2.293842138 4158.420292 18317.23001 nan nan
59 11323 1318 1318 0 224676.4122 3150.450734 220068.117 227865.1095 7796.992533 200762.1602 232676.4363 31914.27607 -1.981150667 4832.733435 23900.77134 nan nan
60 100641 421 421 0 203331.4729 1218297.334 194413.8337 3624382.088 3429968.254 191401.3848 4591580.284 4400178.899 1.496948655 3422655.054 4389853.25 nan nan
61 36259 761 761 0 209997.5532 383077.0287 189468.0982 1111866.67 922398.5718 189369.5122 2493776.735 2304407.223 2.434564107 922408.2583 2304318.324 nan nan
62 38467 60 60 0 208949.5447 827.5683297 207631.7308 210090.2748 2458.543994 207530.476 210313.357 2782.880946 0.04234442127 1353.849043 1430.635977 nan nan
63 125553 3661 3661 0 198463.8942 200589.1894 191881.7929 203224.7186 11342.92568 190042.8783 4743779.603 4553736.725 14.13172797 6298.794611 4546848.6 nan nan
64 38709 120 120 0 210523.685 14829.3048 209009.8318 239097.3792 30087.54739 207949.74 290399.8935 82450.15342 3.321045121 28422.56691 79725.08121 nan nan
65 80818 7161 7161 0 192152.7866 40935.92669 188633.4536 295030.8713 106397.4178 188403.8878 519281.0089 330877.1211 3.417704786 67724.5734 291974.7109 nan nan
66 22481 163 163 0 234419.5738 604378.527 190308.4962 1595176.741 1404868.244 189530.1516 4513902.019 4324371.868 3.087584446 1062156.167 3261706.229 nan nan
67 172893 321 321 0 191460.7337 66899.54459 188361.6509 367378.4147 179016.7639 188316.9417 596315.2502 407998.3086 3.304417661 178937.9832 407874.8187 nan nan
68 31689 94 94 0 210419.935 816339.7928 190337.8118 1350028.468 1159690.657 189823.6681 7296020.845 7106197.177 6.085745359 1159023.347 7105015.724 nan nan
69 56631 56 56 0 238563.3032 14557.18605 231700.4629 280480.1022 48779.63929 227600.0592 282598.1559 54998.09673 2.096137002 41699.92768 43817.98142 nan nan
70 218987 79 79 0 205616.6622 8631462.541 205026.766 22141407.94 21936381.18 202564.8491 36245110.86 36042546.01 1.383691174 21936297.76 36040000.68 nan nan
71 29608 400 398 2 201783.9268 844766.8819 188514.3216 1282095.411 1093581.089 188375.8048 9733554.719 9545178.914 6.699774817 1089733.929 9541193.237 nan nan
72 128761 646 646 0 198322.6237 489623.5863 191889.3608 204422.3549 12532.99411 190751.1246 4562033.585 4371282.46 6.894413774 7329.362582 4364940.593 nan nan
73 28876 1858 1858 0 199557.7356 1388.336649 197883.7759 202322.2413 4438.465454 197495.0273 203356.6407 5861.613435 0.4305415698 4120.235517 5154.634907 nan nan
74 26689 93 93 0 208444.5573 423618.7034 189916.7316 1168181.745 978265.0138 189465.639 2416960.732 2227495.093 3.23773663 939019.3879 2187798.374 nan nan
75 68019 48 48 0 237554.2062 7775.832132 234269.3323 240051.4798 5782.147442 233884.0647 290287.4875 56403.42287 6.32999195 4569.620486 51665.67234 nan nan
76 206632 453 453 0 204867.5405 1478108.131 188467.1224 4984466.321 4795999.198 188334.9515 8775147.526 8586812.575 3.626881808 4669668.074 8460349.28 nan nan
77 103681 17209 17209 0 193550.8557 86306.08359 188160.3734 361897.2778 173736.9044 188018.2092 1055672.432 867654.2224 4.788676004 172248.7741 866023.9279 nan nan
78 147811 8066 8065 1 212945.3415 43702.9857 189480.2726 316886.1221 127405.8494 188388.312 758562.9942 570174.6822 3.145065235 105066.9805 546743.8526 nan nan
79 20892 2668 2668 0 209658.6502 5363.946294 202891.5814 218946.557 16054.97558 200467.8538 220144.5523 19676.69859 0.1716152447 8905.607477 11329.33509 nan nan
80 184619 879 879 0 237521.5538 2860.506895 235505.3738 239345.1243 3839.750472 234408.6445 291527.457 57118.81246 15.22023628 3489.017083 52547.16248 nan nan
81 32446 37 37 0 211893.329 39568.77083 209444.5459 342182.8147 132738.2688 207505.6899 348486.9407 140981.2507 2.306297125 130646.3269 136950.4529 nan nan
82 67639 231 231 0 207456.481 21068.51015 206676.0084 290190.8433 83514.83484 206194.4575 291166.9449 84972.48743 3.413788576 82829.96278 83806.06442 nan nan
83 61172 258 258 0 209550.5633 11946.95551 208247.5044 210685.7331 2438.22871 207746.9149 290425.8947 82678.97973 6.085459149 1653.140945 80829.86686 nan nan
84 172885 3161 3160 1 190865.8246 149512.9341 188310.354 339889.8918 151579.5379 188239.9341 5805939.396 5617699.462 30.2151697 151417.9425 5617467.446 nan nan
85 103984 93 93 0 210833.6265 19120.63763 207866.9121 257793.2371 49926.32501 207770.4957 290701.7456 82931.24992 2.609759216 47283.60892 80192.11746 nan nan
86 29029 59 59 0 210428.9282 10647.30491 207275.5427 212908.2137 5632.670935 206566.7382 291060.468 84493.72981 7.155306836 4754.923483 80161.49768 nan nan
87 47501 406 0 406 nan nan nan nan nan nan nan nan nan nan nan nan nan
88 169244 224 224 0 196001.6602 5258962.527 188346.659 5337215.967 5148869.308 188264.6697 76282242.54 76093977.87 13.27395085 5148884.153 76093910.72 nan nan
89 37318 457 457 0 209552.1312 7501.700084 208519.4932 210351.3754 1831.882205 207614.875 286255.281 78640.406 8.622939989 1585.955533 76657.96093 nan nan
90 41854 7365 7364 1 211231.9202 120023.374 191197.1303 280034.6383 88837.50793 189237.1821 1894268.983 1705031.801 7.417666772 69842.94442 1684077.289 nan nan
91 30637 535 535 0 209858.3352 8958.627849 209679.5729 210736.7921 1057.219205 208005.624 289124.0554 81118.4314 7.868619147 1174.875859 79334.96173 nan nan
92 164231 944 944 0 237889.8542 16954.37369 228018.7996 281656.5882 53637.78862 207237.8978 288250.2872 81012.38948 1.596968427 43699.11397 50292.81297 nan nan
93 154222 515 515 0 196434.1499 213533.1715 188491.1635 873055.7529 684564.5894 188380.7335 1089528.998 901148.2646 2.499929287 682619.2757 899092.5209 nan nan
94 23161 315 315 0 202796.032 87913.65714 192069.3752 442265.0042 250195.629 189849.7607 543841.4711 353991.7103 1.17152484 238081.2034 339657.6703 nan nan
95 31223 361 361 0 334897.9391 551523.4441 204798.2246 1710028.45 1505230.225 189245.1579 3634819.281 3445574.123 2.049245207 1499345.228 3424136.059 nan nan
96 28595 79 79 0 240508.0365 3253.41652 232910.6447 241068.5953 8157.950578 231841.8109 241084.8959 9243.084989 -0.8480662396 8071.382183 9140.215944 nan nan
97 165014 9323 9323 0 191494.5293 9085.681931 188603.2708 204302.7691 15699.49828 188381.8938 291105.3417 102723.4479 7.003497847 13501.1614 100303.734 nan nan
98 167109 2044 2044 0 196197.8242 72593.88847 188329.0662 292512.3781 104183.3119 188199.5896 1173735.937 985536.3477 8.890445559 101881.2272 983104.7863 nan nan
99 11196 425 425 0 810943.2336 954041.4974 217146.5474 2783191.973 2566045.425 210402.2272 8837569.013 8627166.785 3.46462799 2010894.663 8065271.703 nan nan

K=100, phase=forward, parameter=e [-]
cluster representative_source n_cluster n_valid n_missing median std p05 p95 width90 minimum maximum range skewness error95 error_max angle_origin_deg angle_resultant
0 157048 10631 10630 1 0.9474360727 0.2371772598 0.2481357407 0.9995776349 0.7514418942 5.248673245e-05 0.9999999985 0.9999475117 -1.810191428 0.7513331873 0.9994164413 nan nan
1 69158 1420 1420 0 0.514604543 0.007634463296 0.4996589445 0.5237716736 0.02411272907 0.4923248766 0.5264737966 0.03414892004 -0.4946628786 0.01430628934 0.02164035727 nan nan
2 23125 696 4 692 0.3762516959 0.2606755397 0.372452468 0.8871330303 0.5146805623 0.3721918925 0.9768786834 0.6046867908 1.99952 nan nan nan nan
3 218020 1071 1071 0 0.6564750273 0.0899081185 0.5815780329 0.742207496 0.160629463 0.09023827666 0.8012107177 0.7109724411 -3.820330009 0.1560693647 0.5116138561 nan nan
4 40083 378 378 0 0.6914611077 0.05406143943 0.676957601 0.7176225383 0.04066493732 0.09444405182 0.7253995605 0.6309555087 -10.27860688 0.02855837766 0.5958171536 nan nan
5 75363 811 811 0 0.701412463 0.07791339831 0.5913676451 0.8383894698 0.2470218247 0.5506363408 0.8856746506 0.3350383098 0.1858772048 0.1675653091 0.2082966134 nan nan
6 23565 37 37 0 0.6730200848 0.1602973167 0.264280042 0.6934410404 0.4291609984 0.1010133401 0.7357603568 0.6347470167 -1.995750054 0.4131726037 0.5764393056 nan nan
7 27925 870 870 0 0.3977662046 0.06355420094 0.2749922419 0.5053089034 0.2303166615 0.2507497978 0.5144278837 0.2636780859 -0.1574283798 0.1242774684 0.1485199125 nan nan
8 69514 1531 1531 0 0.8045302889 0.07212239906 0.7342134644 0.9133788736 0.1791654093 0.09430682135 0.9416817914 0.8473749701 -3.531414044 0.09861888907 0.722782144 nan nan
9 81122 4671 4671 0 0.8959199436 0.1930187797 0.3557914106 0.9983199604 0.6425285498 0.003595182828 0.9999999967 0.9964048139 -2.461464937 0.5910417651 0.9432379928 nan nan
10 10199 4731 4731 0 0.4430337909 0.03550012165 0.3830385898 0.4928050672 0.1097664774 0.370236774 0.4988745406 0.1286377667 -0.1487808674 0.06034409219 0.0656837958 nan nan
11 217580 1637 1637 0 0.7092898223 0.2170319774 0.3713396656 0.9916442757 0.6203046101 0.008107592114 0.9999997508 0.9918921587 -0.5793545705 0.5705472949 0.9337793684 nan nan
12 21179 334 334 0 0.0547563784 0.3296806818 0.00714043543 0.9285647308 0.9214242953 0.0006053674971 0.9920531568 0.9914477894 1.422340162 0.9245025278 0.9879909539 nan nan
13 152421 1760 1760 0 0.9029705597 0.1715522723 0.4669987247 0.9986091797 0.5316104549 0.001314468504 0.9999999847 0.9986855162 -2.749423311 0.4938362033 0.9595204596 nan nan
14 173287 1080 1080 0 0.1814197775 0.03633937597 0.1734569657 0.2517968541 0.07833988838 0.09370133159 0.2847736903 0.1910723587 -0.08880514849 0.07983516976 0.1089861646 nan nan
15 43818 2047 2047 0 0.3603323152 0.04150086526 0.30468375 0.4431524255 0.1384686756 0.2935413684 0.4992398818 0.2056985135 0.6348242221 0.0799978622 0.1360853185 nan nan
16 84771 749 749 0 0.8506503482 0.2409784834 0.1237290914 0.9971589698 0.8734298784 0.007668268694 0.9999999988 0.9923317301 -1.590735978 0.8277762514 0.9438370741 nan nan
17 70288 97 97 0 0.6439498673 0.1641003781 0.09622572892 0.696600555 0.600374826 0.09462640143 0.7006735322 0.6060471308 -2.745749387 0.5458302278 0.5474295553 nan nan
18 120453 11992 11992 0 0.7931713358 0.06089646819 0.7263399 0.9192594291 0.192919529 0.4081879248 0.957580343 0.5493924182 0.4657738308 0.1186841285 0.3926882814 nan nan
19 32794 254 254 0 0.4736358609 0.03838753823 0.3947943114 0.5126698095 0.1178754981 0.3703791603 0.5137284353 0.143349275 -0.5994115413 0.06811120866 0.0925263598 nan nan
20 111230 935 934 1 0.3483130626 0.04150691776 0.2817546664 0.4059843876 0.1242297212 0.2558570826 0.4639438114 0.2080867288 0.09465544891 0.07435299507 0.1313962799 nan nan
21 20506 255 255 0 0.3620921643 0.1578823521 0.1515548945 0.6631611492 0.5116062548 0.08136984877 0.7714471865 0.6900773378 0.3981141512 0.3425875737 0.450873611 nan nan
22 41694 292 292 0 0.7027174106 0.2090154676 0.09996487121 0.7300635885 0.6300987173 0.09275924696 0.7347542111 0.6419949641 -2.104791243 0.605874944 0.6130805682 nan nan
23 160198 256 256 0 0.7640594912 0.08536139005 0.7499880638 0.7738740873 0.02388602349 0.09223832221 0.9560823682 0.863844046 -7.20956886 0.01493664879 0.6713909605 nan nan
24 37073 55 55 0 0.6734563658 0.07980378036 0.6395044084 0.7048634676 0.06535905916 0.1026438323 0.7505923432 0.6479485109 -6.492002522 0.03967943318 0.5745185874 nan nan
25 127571 198 198 0 0.8526834089 0.09845412513 0.75623286 0.9980674363 0.2418345763 0.3703124303 0.9995851253 0.629272695 -1.731166882 0.1239361929 0.5098566226 nan nan
26 124986 331 331 0 0.8340497972 0.06604693669 0.7632692887 0.9327163417 0.169447053 0.463732097 0.9436392289 0.4799071319 -1.178267496 0.09121317122 0.3907503629 nan nan
27 167957 1 1 0 0.723570015 0 0.723570015 0.723570015 0 0.723570015 0.723570015 0 nan 0 0 nan nan
28 73606 100 100 0 0.7921807674 0.2665274273 0.07210792301 0.9839241533 0.9118162303 0.06443574578 0.9999926079 0.9355568621 -1.346397895 0.9141146202 0.9217867975 nan nan
29 40549 42 42 0 0.6813276117 0.08839937748 0.6688595749 0.7011240086 0.03226443369 0.1052647623 0.7031667327 0.5979019705 -6.380543583 0.01937700283 0.5778786694 nan nan
30 48712 6907 6907 0 0.8580483636 0.1472347388 0.6234016166 0.9978965539 0.3744949374 0.09315892252 0.999999994 0.9068410715 -1.614139748 0.219711976 0.74995467 nan nan
31 76116 164 164 0 0.6826012336 0.1630307039 0.3043556277 0.6904236691 0.3860680414 0.0948389445 0.6956594247 0.6008204802 -2.000969872 0.3794433777 0.5889600609 nan nan
32 189438 10535 10535 0 0.8719043754 0.1268261171 0.641167715 0.9983108725 0.3571431575 0.09363998065 0.9999999785 0.9063599978 -1.29602992 0.2224899719 0.7700177063 nan nan
33 109738 8406 8406 0 0.6915267102 0.06806559854 0.6178324403 0.860199581 0.2423671407 0.3960815195 0.9899244783 0.5938429588 1.773805387 0.1763840575 0.303149145 nan nan
34 18323 8 8 0 0.491160045 0.2453629852 0.1229681827 0.7255425012 0.6025743184 0.07425558741 0.7347376111 0.6604820237 -0.253696528 0.4929487564 0.5416613517 nan nan
35 53483 2587 2587 0 0.4484658161 0.03354963333 0.389511995 0.4949236229 0.1054116279 0.3717870138 0.5093229818 0.137535968 -0.2287857361 0.05664517164 0.07050208049 nan nan
36 30888 126 126 0 0.2120829096 0.0163754876 0.187843323 0.2385688321 0.05072550908 0.1834635949 0.2479223923 0.06445879748 0.05282439868 0.03857533404 0.04295506218 nan nan
37 173733 623 623 0 0.9678107719 0.2253777278 0.2858852262 0.9996147709 0.7137295447 0.005575633586 0.9999999262 0.9944242926 -2.114401382 0.7141121366 0.9944217292 nan nan
38 36175 75 75 0 0.1809553714 0.03267607665 0.1708207255 0.250309168 0.07948844256 0.1705797532 0.2598563325 0.08927657927 0.598990178 0.07964431292 0.08919147735 nan nan
39 50148 5376 5376 0 0.8081132007 0.0673445506 0.7157836458 0.9302873622 0.2145037164 0.6947344903 0.9555727816 0.2608382912 0.2390266188 0.1243540302 0.1496394495 nan nan
40 50859 38 38 0 0.6994574328 0.1631229031 0.1035182221 0.7289847571 0.6254665349 0.09405040396 0.7312966128 0.6372462088 -3.199551082 0.6109585756 0.6204263938 nan nan
41 90029 61 61 0 0.6577496799 0.1682576814 0.1730712056 0.6781461198 0.5050749142 0.09457712793 0.6999896911 0.6054125632 -2.115981594 0.4864034724 0.5648975501 nan nan
42 27801 219 219 0 0.3419212361 0.04880428663 0.2775675641 0.4318267974 0.1542592334 0.206857312 0.4829304419 0.2760731299 0.4038738801 0.1013274016 0.1501166187 nan nan
43 25668 122 122 0 0.634056158 0.2177212267 0.1387990232 0.6926200137 0.5538209904 0.1162355997 0.6977560299 0.5815204302 -0.1895725545 0.3956581663 0.4007941826 nan nan
44 68608 525 103 422 0.1310826081 0.1406324353 0.1092529022 0.4285083727 0.3192554706 0.1062184987 0.4394295388 0.3332110401 0.3239695757 nan nan nan nan
45 23245 3738 3737 1 0.5321952059 0.01516231657 0.5018758235 0.5496302688 0.04775444538 0.4935720996 0.5535822468 0.06001014718 -0.425006964 0.04156317675 0.0498669006 nan nan
46 31765 527 527 0 0.6562944908 0.1183873782 0.572454921 0.7191801857 0.1467252647 0.06891838147 0.9999707994 0.9310524179 -3.748328921 0.182901559 0.5884497752 nan nan
47 170879 14738 14737 1 0.9417725808 0.253257072 0.1997258038 0.9994242376 0.7996984338 0.0002919113415 0.9999999998 0.9997080885 -1.711171119 0.8001246669 0.9995585593 nan nan
48 221043 358 358 0 0.3127721202 0.1615350734 0.1095125238 0.5179297958 0.4084172719 0.09248305988 0.9982600731 0.9057770132 2.647508554 0.2578531445 0.6759494666 nan nan
49 219133 707 707 0 0.2750156462 0.04515929526 0.2521063692 0.3017455691 0.04963919996 0.2411759205 0.7827990555 0.541623135 9.783454453 0.02806614083 0.5029090877 nan nan
50 863 458 458 0 0.4501093533 0.1757752053 0.2738761183 0.657563627 0.3836875087 0.09551820919 0.6681772046 0.5726589954 -0.2293051697 0.544124608 0.5547381855 nan nan
51 73217 135 135 0 0.8366801332 0.2240226905 0.331601343 0.9993656047 0.6677642617 0.2291916108 0.9999965192 0.7708049084 -0.9690389058 0.4890605747 0.591470307 nan nan
52 191721 944 944 0 0.503950818 0.1059056736 0.4103563381 0.777322509 0.3669661709 0.3747990824 0.9211073008 0.5463082184 1.423763227 0.2823701762 0.4261549681 nan nan
53 87357 2612 2609 3 0.3269736051 0.04330781533 0.2827565733 0.4160451756 0.1332886023 0.2518946672 0.4748273292 0.2229326619 0.7347333198 0.08434256013 0.1431247137 nan nan
54 148900 494 494 0 0.8937506987 0.168057853 0.4635784899 0.998578307 0.5349998171 0.01157572631 0.9999998271 0.9884241008 -2.380366919 0.4806653843 0.9326681479 nan nan
55 167895 8345 8345 0 0.8828846699 0.1787734508 0.4464262311 0.9985423521 0.552116121 0.002475218115 0.9999999981 0.99752478 -2.16346824 0.4430305387 0.8869815518 nan nan
56 107311 888 888 0 0.4549585572 0.03443369961 0.405573416 0.5126015622 0.1070281462 0.3876437684 0.5154599078 0.1278161394 0.0605920661 0.05502142987 0.07295107746 nan nan
57 36619 277 277 0 0.667692417 0.08345173334 0.6549157722 0.6802935823 0.02537781011 0.09500276807 0.6923301189 0.5973273509 -6.519219513 0.01474208046 0.5727431231 nan nan
58 6040 1502 1502 0 0.3568156831 0.02322031351 0.330888572 0.3869809856 0.05609241369 0.3232776524 0.4937593772 0.1704817247 2.159903727 0.03297230597 0.1397506975 nan nan
59 11323 1318 1318 0 0.3297282483 0.0254459482 0.3029934151 0.3669426291 0.06394921399 0.2582004602 0.5134546369 0.2552541767 1.69957437 0.03917042579 0.1836147167 nan nan
60 100641 421 421 0 0.806983512 0.06603644625 0.749304589 0.903555288 0.1542506989 0.4905198839 0.9456006972 0.4550808132 -1.185827166 0.1234691207 0.3071979941 nan nan
61 36259 761 761 0 0.801275978 0.2161377266 0.3302765974 0.9986669747 0.6683903773 0.0979167926 0.999999759 0.9020829664 -0.6091484057 0.6697129309 0.9020727357 nan nan
62 38467 60 60 0 0.6793083575 0.01388126313 0.6610822783 0.7019593765 0.04087709823 0.6578542879 0.7038176037 0.04596331578 0.01727074505 0.02278497957 0.02464320673 nan nan
63 125553 3661 3661 0 0.8423210311 0.05952064498 0.7731540264 0.9369787079 0.1638246815 0.4842039705 0.9634847222 0.4792807517 -0.8318405977 0.0911589991 0.3799236463 nan nan
64 38709 120 120 0 0.6420556952 0.1631933579 0.1958535426 0.6773972194 0.4815436769 0.09505675568 0.6960490919 0.6009923362 -1.899439501 0.4443134025 0.5451101894 nan nan
65 80818 7161 7161 0 0.9549733499 0.2204156251 0.2948369052 0.9994892173 0.7046523121 1.887149263e-05 0.9999999998 0.9999811283 -2.245177111 0.3825562858 0.6773743195 nan nan
66 22481 163 163 0 0.6556400588 0.2326342018 0.2492965732 0.9857085692 0.736411996 0.1688842369 0.9998594752 0.8309752383 -0.2234778772 0.4339250669 0.5143374032 nan nan
67 172893 321 321 0 0.9562021586 0.2598787365 0.1688981485 0.9995001148 0.8306019663 0.004740485177 0.9999994959 0.9952590107 -1.729126546 0.8310961542 0.9952538176 nan nan
68 31689 94 94 0 0.7679935835 0.2498733705 0.226537155 0.9848321242 0.7582949692 0.08097545257 0.9921757982 0.9112003456 -0.9037290677 0.7493583938 0.8949200962 nan nan
69 56631 56 56 0 0.2019557918 0.04737995793 0.1168597826 0.2702746147 0.153414832 0.1114451021 0.3062419912 0.1947968891 -0.07969306552 0.085626842 0.1067302575 nan nan
70 218987 79 79 0 0.7462899261 0.1804785173 0.7375270314 0.9803225853 0.2427955539 0.09280181753 0.9880261434 0.8952243259 -2.315142945 0.2427316654 0.6515333078 nan nan
71 29608 400 398 2 0.8113117715 0.2222413462 0.37415712 0.9971394576 0.6229823376 0.0358819124 0.9999986823 0.9641167699 -1.053843967 0.5585339024 0.89680911 nan nan
72 128761 646 646 0 0.8500019011 0.07843454346 0.7615805584 0.9388981642 0.1773176059 0.431318749 0.9553282585 0.5240095095 -2.223920726 0.1028518133 0.4331136227 nan nan
73 28876 1858 1858 0 0.5224088873 0.01027618731 0.5018583082 0.5348250869 0.03296677875 0.4940791939 0.5376985588 0.04361936494 -0.4336243903 0.03059239485 0.03837150915 nan nan
74 26689 93 93 0 0.815719723 0.1576961472 0.5049683158 0.9958886724 0.4909203566 0.2548471539 0.9996046857 0.7447575318 -1.000634024 0.3313585276 0.4114946987 nan nan
75 68019 48 48 0 0.2094357376 0.02553503495 0.1815591094 0.2429554724 0.06139636301 0.09531140483 0.2466986593 0.1513872545 -1.628983206 0.04728270805 0.1024743509 nan nan
76 206632 453 453 0 0.8965876215 0.2894645993 0.09544232072 0.9988991216 0.9034568009 0.0001671890931 0.9999995515 0.9998323624 -1.181520263 0.7852890303 0.7863894602 nan nan
77 103681 17209 17209 0 0.9189913674 0.222090434 0.2539951751 0.9988900311 0.744894856 3.774545329e-05 1 0.9999622545 -2.15566759 0.7127756323 0.966733062 nan nan
78 147811 8066 8065 1 0.7038897476 0.2157401195 0.2028201302 0.994794809 0.7919746788 0.0007192626071 0.9999999976 0.9992807349 -1.020579225 0.5152612435 0.7173621111 nan nan
79 20892 2668 2668 0 0.4472422859 0.04064777826 0.3758602297 0.4978052472 0.1219450175 0.366419531 0.5156617303 0.1492421994 -0.193013946 0.06673424489 0.084590728 nan nan
80 184619 879 879 0 0.2098496401 0.01439325038 0.1897950977 0.2307748685 0.04097977076 0.09314805211 0.2416937163 0.1485456642 -1.063820562 0.03697388104 0.1008049806 nan nan
81 32446 37 37 0 0.6496659649 0.2095368814 0.07411395269 0.6851254642 0.6110115115 0.05186042414 0.7041374342 0.6522770101 -1.892987878 0.5859222195 0.6081757481 nan nan
82 67639 231 231 0 0.7069750025 0.1558753246 0.09562851118 0.7206436526 0.6250151414 0.09393560652 0.7287803729 0.6348447664 -3.403891853 0.6130195448 0.6147124494 nan nan
83 61172 258 258 0 0.6651608348 0.0968003107 0.6452902677 0.6904502647 0.04515999698 0.09506332243 0.7002297787 0.6051664562 -4.864856403 0.0333766515 0.5684045564 nan nan
84 172885 3161 3160 1 0.9625000271 0.2429346746 0.2183320384 0.999573935 0.7812418966 0.0005999373988 0.9999999761 0.9994000387 -1.918305801 0.7815979428 0.9993300438 nan nan
85 103984 93 93 0 0.6474977177 0.1959075658 0.1468990442 0.6975926195 0.5506935754 0.09456188752 0.6993923008 0.6048304133 -1.453134811 0.5049991414 0.5573362981 nan nan
86 29029 59 59 0 0.6494243634 0.1082143914 0.4476292995 0.6664155218 0.2187862223 0.09428293306 0.6707947866 0.5765118536 -2.432730496 0.2032913509 0.5566377173 nan nan
87 47501 406 0 406 nan nan nan nan nan nan nan nan nan nan nan nan nan
88 169244 224 224 0 0.9224375633 0.1940717101 0.3934057399 0.9997299044 0.6063241645 0.08334443805 0.999999701 0.916655263 -1.921421366 0.6045713414 0.9146326433 nan nan
89 37318 457 457 0 0.6596412479 0.08133106045 0.6418357685 0.6854794588 0.04364369034 0.1030268385 0.7022390011 0.5992121625 -4.66202898 0.03658957046 0.5552741203 nan nan
90 41854 7365 7364 1 0.6999668085 0.1408636788 0.4916911707 0.9766151043 0.4849239335 0.06411024398 0.9999999416 0.9358896977 -0.9718896107 0.2768864797 0.658232736 nan nan
91 30637 535 535 0 0.6437829551 0.06853990091 0.6375515781 0.6560924769 0.01854089884 0.09743429225 0.6950946243 0.597660332 -7.197002402 0.01337213013 0.5493749982 nan nan
92 164231 944 944 0 0.209366088 0.0658933312 0.1150116239 0.3024533258 0.1874417019 0.09931915634 0.7145336044 0.6152144481 1.979609691 0.09908463424 0.5059161918 nan nan
93 154222 515 515 0 0.8884430922 0.2006083065 0.4117117475 0.9985507677 0.5868390202 0.03330617661 0.9999999862 0.9666938096 -1.548956192 0.549503632 0.9279092029 nan nan
94 23161 315 315 0 0.8413753214 0.3742469013 0.04492813815 0.9646353221 0.9197071839 0.03880000471 0.9951321184 0.9563321137 -0.77022319 0.7817165653 0.7878446987 nan nan
95 31223 361 361 0 0.6408392902 0.2009572062 0.09623169698 0.8611048982 0.7648732013 0.0714927134 0.997516115 0.9260234016 -0.8868958992 0.7137318685 0.738470852 nan nan
96 28595 79 79 0 0.1773157737 0.03430901954 0.1703368168 0.2560033123 0.08566649547 0.1700982284 0.2659918488 0.0958936204 0.8306705668 0.085049878 0.09503841449 nan nan
97 165014 9323 9323 0 0.95861512 0.0876358351 0.8128199054 0.9995286293 0.1867087239 0.09398887813 0.9999999973 0.9060111192 -5.274969642 0.1492819301 0.8681129573 nan nan
98 167109 2044 2044 0 0.8835561008 0.1998765499 0.3029939995 0.998073136 0.6950791366 0.004732944403 0.9999998456 0.9952669012 -2.514289091 0.6510675004 0.9493285555 nan nan
99 11196 425 425 0 0.5789135252 0.2034329073 0.2134041811 0.8580247862 0.6446206052 0.1158671039 0.9551953034 0.8393281995 -0.2020293606 0.3656582651 0.4625695572 nan nan

K=100, phase=forward, parameter=w [deg]
cluster representative_source n_cluster n_valid n_missing median std p05 p95 width90 minimum maximum range skewness error95 error_max angle_origin_deg angle_resultant
0 157048 10631 10630 1 -1.741525479 83.63617829 -13.02425677 171.8961032 184.92036 -179.8423098 179.9310767 359.7733865 0.6053723501 179.2392008 179.9999822 95.8998656 0.3254056401
1 69158 1420 1420 0 -1.110622104 8.65275558 -12.62994955 15.91666878 28.54661833 -15.20451828 22.18350878 37.38802707 0.4280958294 16.26825062 22.53509063 322.7451659 0.9886480935
2 23125 696 4 692 -10.28828538 21.28500913 -14.05461543 30.41051848 44.46513391 -14.37723887 37.2506373 51.62787617 1.939158355 nan nan 233.9162452 0.9328486384
3 218020 1071 1071 0 -12.72241464 31.54711527 -28.62152643 50.72535684 79.34688327 -33.44214403 162.4921285 195.9342725 1.726915783 69.96695745 179.5278875 333.4165713 0.8741121822
4 40083 378 378 0 -5.788420959 17.08656324 -10.89772293 41.02894736 51.92667029 -61.84331984 50.86646365 112.7097835 1.465444563 48.39819825 57.37823524 302.6642863 0.9572415482
5 75363 811 811 0 -3.35576513 10.57603779 -10.45383101 22.36715575 32.82098676 -12.39745803 37.07284062 49.47029864 1.180299519 17.93051033 32.6361952 53.09803703 0.9831439788
6 23565 37 37 0 -3.915235765 27.79159671 -18.59487422 40.78550174 59.38037597 -119.9327152 70.04927741 189.9819926 -1.430191688 56.53471303 110.7848537 35.84894317 0.9041616589
7 27925 870 870 0 -7.164796035 17.49725601 -17.28518378 36.25752569 53.54270947 -18.80665368 49.58349124 68.39014492 0.9969911722 51.32085094 64.64681648 334.688304 0.954360928
8 69514 1531 1531 0 -0.3092068844 6.982447642 -9.135926143 10.82596434 19.96189049 -61.76951237 15.34266584 77.11217821 -1.456602891 14.72208339 58.02270656 314.6494576 0.9927094191
9 81122 4671 4671 0 -9.725696288 37.68422714 -32.01148664 58.28294908 90.29443572 -159.9398093 88.75509665 248.694906 -0.7012267689 72.79285659 149.4525963 336.1094397 0.8227648945
10 10199 4731 4731 0 -1.062850082 5.294687737 -5.978051268 12.86081067 18.83886193 -6.960485674 24.54343669 31.50392236 1.706284884 15.01481397 26.69743999 299.5712195 0.9957503842
11 217580 1637 1637 0 -26.11702332 49.51075967 -43.75931653 93.8860113 137.6453278 -94.80171775 132.5219648 227.3236826 0.4760350589 131.226398 169.8623515 353.802146 0.6675102084
12 21179 334 334 0 4.327616421 85.75657586 -17.69012201 164.8752537 182.5653757 -48.32146163 171.6582203 219.979682 0.4041374953 179.9149928 179.9970753 289.8011561 0.2048141957
13 152421 1760 1760 0 -4.641150663 78.40313782 -170.7116617 38.98921796 209.7008796 -176.3377113 113.4510994 289.7888107 -0.8651681192 165.4636767 171.0897262 262.0931547 0.4198022972
14 173287 1080 1080 0 -0.7486208225 16.5683049 -26.47063636 29.216367 55.68700336 -27.6656495 49.28959679 76.95524628 0.3299587538 34.22522299 54.29845278 30.47982215 0.9589477293
15 43818 2047 2047 0 -3.837654151 10.19238247 -8.692194709 23.52117225 32.21336696 -9.501412391 43.05406705 52.55547944 1.848708268 28.23095711 47.76385191 302.7312378 0.9844328189
16 84771 749 749 0 7.039726239 50.20450445 -117.6232601 23.94606408 141.5693242 -177.9546175 179.9535757 357.9081933 -1.022377837 131.0940321 179.3595621 347.7586961 0.7311027702
17 70288 97 97 0 2.491958581 18.73404194 -47.01132128 13.46577063 60.4770919 -66.98977149 82.13259561 149.1223671 -0.9598571626 52.85286619 79.4814307 317.9042639 0.9510064727
18 120453 11992 11992 0 -2.97199351 10.74577102 -9.596688374 22.06853066 31.66521904 -10.33934008 134.0914462 144.4307863 2.759756515 26.72005858 138.7429742 267.4578502 0.9833446408
19 32794 254 254 0 -1.040211866 14.60857436 -20.81641737 24.56138325 45.37780063 -24.05034378 39.3847156 63.43505938 0.4569369817 32.48085705 47.30418939 25.02338676 0.9679489676
20 111230 935 934 1 -2.632744668 11.61342547 -12.50541214 25.24327444 37.74868658 -15.29381702 49.50030365 64.79412067 1.36487586 29.97842309 54.23545229 337.614457 0.9797763052
21 20506 255 255 0 0.08139894289 0.6628202965 -0.6815697613 0.8212479178 1.502817679 -4.737726398 1.224677053 5.962403451 -3.489559917 0.9302335669 4.716032971 93.93280424 0.999933104
22 41694 292 292 0 0.7658536755 21.40047022 -51.11996177 29.09510804 80.21506981 -59.48708719 87.77362346 147.2607107 -0.8575630083 52.86043769 86.18766505 293.7351126 0.9343518245
23 160198 256 256 0 -4.76063665 21.8345603 -22.32867873 42.83481315 65.16349187 -25.12111385 124.2202269 149.3413408 1.915065328 50.16888134 131.5542951 351.9721463 0.9348343698
24 37073 55 55 0 -4.334864097 26.03575046 -9.99916687 31.84291562 41.84208249 -150.8010001 56.72936596 207.5303661 -3.148274765 53.92967861 145.2542107 299.618652 0.9272702395
25 127571 198 198 0 -7.394053648 53.60681682 -169.5114239 127.1075995 296.6190234 -176.3321587 165.7734124 342.1055712 -0.6127548965 160.9196555 174.4690756 271.4051361 0.7657993499
26 124986 331 331 0 -5.893171593 23.62488025 -14.08313396 32.88921218 46.97234614 -14.24170886 138.1709263 152.4126352 3.587144026 42.00197935 147.2836935 270.8935896 0.9351920307
27 167957 1 1 0 0 0 0 0 0 0 0 0 nan 0 0 345.1171943 1
28 73606 100 100 0 5.349883628 62.10280095 -88.61123712 141.730995 230.3422321 -154.065767 156.3207329 310.3864999 0.4557960931 154.7229292 169.3126671 306.2396907 0.6265417743
29 40549 42 42 0 -1.407505886 14.07549368 -6.946110262 29.37211074 36.318221 -62.90957971 37.66642781 100.5760075 -1.077133547 35.99810204 61.69735063 299.4881886 0.9716075534
30 48712 6907 6907 0 -6.726646627 44.00529788 -9.764251644 125.6058746 135.3701263 -65.3763736 150.778012 216.1543856 2.22389969 134.3201825 159.4923198 296.3292622 0.7930025525
31 76116 164 164 0 -4.750492772 19.81443007 -14.92442444 33.12652957 48.05095401 -72.10043403 89.11338564 161.2138197 1.423300597 36.41380821 91.67413365 321.4310586 0.9449589376
32 189438 10535 10535 0 -6.812688979 53.7392035 -20.67714867 141.204361 161.8815097 -23.45158491 150.3698383 173.8214232 1.736106509 158.3447156 167.5101929 297.3839607 0.7033408463
33 109738 8406 8406 0 -2.161575698 14.24220426 -22.15271297 25.55283143 47.7055444 -25.07828992 135.6211441 160.699434 1.676278188 33.34748136 143.415794 282.0084788 0.9709749987
34 18323 8 8 0 -1.466042092 50.56709579 -35.21827977 94.95901364 130.1772934 -41.38075373 134.4169842 175.797738 1.995770454 118.7326989 158.1906695 70.33078325 0.7245583006
35 53483 2587 2587 0 -1.94042298 10.88416786 -14.48881716 20.62380937 35.11262653 -17.06387024 35.58029615 52.64416639 0.6110138474 23.73140125 38.68788804 310.8880063 0.9820966216
36 30888 126 126 0 -0.1801461321 7.027768553 -10.11234112 10.9102521 21.02259322 -13.16040773 19.12089715 32.28130489 0.343985548 19.66670379 27.87734884 351.2295579 0.9925013915
37 173733 623 623 0 -30.59959685 86.00214824 -45.2433435 128.6581226 173.9014661 -173.0755437 133.7946568 306.8702005 0.09780965484 158.1358332 163.2723673 130.2627776 0.1563023013
38 36175 75 75 0 3.426317995 20.50881957 -37.03628927 26.26829518 63.30458445 -39.39003984 33.43397984 72.82401968 -0.5964797724 46.33201129 48.68576186 16.82334926 0.9374532384
39 50148 5376 5376 0 -4.748751351 14.62819901 -12.25827563 36.09621359 48.35448922 -13.17943893 50.64994252 63.82938145 1.702168866 43.3937845 57.94751342 300.5784595 0.9682741869
40 50859 38 38 0 -5.675718125 21.66273963 -31.23231701 35.87833836 67.11065537 -64.00278735 39.42808123 103.4308686 -0.4336436608 40.90537883 65.41316828 302.6764489 0.9322043362
41 90029 61 61 0 -1.528314752 40.81290685 -75.41095469 99.26664381 174.6775985 -77.41765809 131.4187369 208.836395 1.187389422 109.4507794 141.6028726 9.761558756 0.8014802469
42 27801 219 219 0 -2.558125975 15.72128227 -20.43645749 29.96960446 50.40606195 -23.45568117 57.87937976 81.33506093 0.8099395505 42.87120122 70.78097653 22.93021751 0.9631361787
43 25668 122 122 0 2.560050015 60.89285749 -69.4119892 74.29747062 143.7094598 -152.4764276 78.25198687 230.7284145 -0.1556373284 147.0373336 148.5373828 2.423037455 0.5101888468
44 68608 525 103 422 -1.720653602 10.09399386 -13.45633307 20.07152882 33.52786189 -16.21050545 36.3817056 52.59221105 1.09356803 nan nan 222.8124495 0.9846570902
45 23245 3738 3737 1 -0.4085749418 4.557869659 -6.529299302 8.368727015 14.89802632 -7.682646893 14.71189296 22.39453985 0.5195697478 8.336823948 14.67998989 307.4135482 0.9968405637
46 31765 527 527 0 -1.369588847 20.73321173 -19.54278983 6.339999728 25.88278956 -139.1917312 129.748383 268.9401142 0.0459073176 63.0081113 137.506828 293.0688491 0.9474890223
47 170879 14738 14737 1 -41.18600301 81.94462163 -53.47595177 122.2126483 175.6886001 -179.2706773 169.9946705 349.2653478 0.1942909212 163.1348275 166.8707833 142.36441 0.1670503209
48 221043 358 358 0 1.532835491 29.36253811 -11.58323846 13.88284573 25.46608419 -135.9772263 28.56181807 164.5390444 -3.915832403 20.32548435 140.4458909 33.06790064 0.9139396751
49 219133 707 707 0 -0.9272672538 7.206468684 -9.509538828 12.51061403 22.02015285 -19.79056197 25.30724636 45.09780833 0.6132402626 23.11191691 33.39294006 13.8370289 0.9921222373
50 863 458 458 0 -24.88776968 41.0195722 -34.34275047 67.66269141 102.0054419 -115.1231835 111.4513109 226.5744945 0.1485729233 163.8799619 179.9801045 327.0595578 0.7724850345
51 73217 135 135 0 1.801289221 67.72644481 -124.2908829 95.26591043 219.5567934 -125.9116746 116.9811539 242.8928284 -0.3589854534 146.9023943 148.5231859 58.57211649 0.4876213417
52 191721 944 944 0 4.336841414 35.09700182 -112.2197642 11.90147483 124.121239 -139.176291 25.87035731 165.0466483 -2.7975621 116.9228696 143.8793964 37.56232998 0.8633246947
53 87357 2612 2609 3 -2.328407936 12.29826888 -14.21425966 27.21275744 41.4270171 -16.13173987 50.56396123 66.69570111 1.231478511 32.4713135 55.8225173 315.4272956 0.9773552579
54 148900 494 494 0 -2.997424794 81.11261805 -170.0377526 41.46589352 211.5036462 -176.2557438 142.0014863 318.2572302 -0.6273278565 166.2542755 172.4722667 260.4657437 0.4187934794
55 167895 8345 8345 0 -8.261845453 84.03952322 -14.40034423 168.5908433 182.9911875 -23.61009309 178.9568487 202.5669418 0.5269633589 178.0274847 179.9986108 280.7136275 0.2613976181
56 107311 888 888 0 -0.431677914 13.71632325 -21.50096429 23.40567765 44.90664193 -26.31822801 29.12628846 55.44451647 0.1477192691 24.81189748 28.48632804 342.8356144 0.9716345846
57 36619 277 277 0 -2.994142832 13.81201125 -5.981127283 6.794691027 12.77581831 -6.272963061 84.07765525 90.35061831 4.736989936 9.244266391 86.52723062 298.7917578 0.9744788147
58 6040 1502 1502 0 -0.8148635517 4.802698609 -4.909551043 5.36122214 10.27077318 -5.134937899 25.70647184 30.84140974 2.311081181 7.374356452 27.71960615 297.2963871 0.9965076038
59 11323 1318 1318 0 -2.052145252 6.971276249 -3.800767255 4.964112159 8.764879414 -3.917723504 55.72704294 59.64476644 4.57736504 7.467354206 58.23028498 296.0746421 0.9928390729
60 100641 421 421 0 -4.84388185 72.02041726 -32.37660468 159.7477668 192.1243715 -33.35315185 166.8826836 200.2358355 0.9203778804 176.3414667 179.8696239 290.0076142 0.4599348929
61 36259 761 761 0 38.44428629 70.95462607 -80.17304714 79.16926649 159.3423136 -160.14712 81.89698023 242.0441002 -0.1557966396 129.3814296 179.5528289 11.73880317 0.3537936163
62 38467 60 60 0 -8.235327462 15.82976845 -12.66720371 38.5308215 51.19802522 -12.76072587 44.23811872 56.99884459 1.335189572 46.91601198 52.6233092 304.657219 0.9627159356
63 125553 3661 3661 0 -5.671521787 22.43322245 -14.9054093 34.84568001 49.75108931 -179.4433858 179.2221036 358.6654893 3.080941224 44.39532478 178.698104 271.8052887 0.9413108176
64 38709 120 120 0 -15.11543602 44.2041976 -25.96119272 115.4495795 141.4107722 -29.58066288 124.4646782 154.0453411 1.560578742 133.6329594 142.6480582 322.3208001 0.7617620764
65 80818 7161 7161 0 13.96574587 53.66712914 -65.14096499 62.45924197 127.600207 -174.5000355 67.55933648 242.059372 -0.2327421824 116.8128629 176.542067 355.5658699 0.6112752836
66 22481 163 163 0 14.02210447 42.36922233 -117.8559825 64.1346741 181.9906566 -137.4747135 101.274354 238.7490675 -1.042733153 133.5828495 152.092015 75.45211762 0.7911561252
67 172893 321 321 0 -21.13397113 93.59669858 -145.9977285 138.1987011 284.1964297 -164.6348072 143.646947 308.2817542 -0.04497309526 171.3626238 174.3996909 120.6195434 0.1084887003
68 31689 94 94 0 7.829126267 71.62724117 -46.70509448 166.8981742 213.6032687 -48.69312684 168.2913253 216.9844522 1.163705253 155.7814977 157.1746488 285.9029905 0.5353205691
69 56631 56 56 0 4.302955856 22.44259818 -36.77551944 36.4473052 73.22282464 -69.99561738 40.97979981 110.9754172 -0.5398515904 39.6635921 72.35640268 66.42850915 0.9264183912
70 218987 79 79 0 -32.39035134 65.92413574 -73.34590756 89.36105661 162.7069642 -78.910012 107.2977038 186.2077158 0.1452441895 129.9965432 147.9331903 58.19098494 0.4220714295
71 29608 400 398 2 24.15004908 62.1898697 -118.907438 58.05383516 176.9612731 -150.04194 178.9505997 328.9925397 -0.3687860387 151.6961907 177.1693073 350.6610933 0.5458980793
72 128761 646 646 0 -5.615580345 33.60043569 -10.55882961 37.45297329 48.0118029 -179.8572389 177.8928543 357.7500932 0.8996268367 52.03092277 179.8350833 267.30747 0.9012447977
73 28876 1858 1858 0 -1.153204191 7.73003238 -7.08286077 7.471639156 14.55449993 -8.570534028 42.91580257 51.4863366 3.454292955 8.038021641 43.18062841 308.7157292 0.9911397388
74 26689 93 93 0 13.04683691 75.40340888 -125.3435833 76.99836934 202.3419527 -161.8243857 142.9045461 304.7289318 -0.2700696474 153.5045226 169.3629888 35.79905719 0.3249518191
75 68019 48 48 0 0.271902949 16.33420798 -15.46520331 16.86220631 32.32740962 -91.35231789 22.3977321 113.75005 -3.527854841 20.25764745 96.14476202 8.030327096 0.9645239683
76 206632 453 453 0 7.467039169 91.20824801 -123.0497248 172.1794516 295.2291764 -133.9097902 174.7041505 308.6139407 0.2676927804 175.9384151 178.4631141 89.19480394 0.2701754649
77 103681 17209 17209 0 -18.32253765 71.06329527 -43.336648 129.3364977 172.6731457 -98.84689597 137.0949162 235.9418122 0.5566540589 159.5685393 167.3269578 310.2749203 0.39384206
78 147811 8066 8065 1 -18.80891512 73.60313163 -55.91333836 120.118174 176.0315124 -73.24396414 132.4050854 205.6490496 0.3257287829 171.3301475 179.982038 327.6259485 0.3202982566
79 20892 2668 2668 0 -3.418902567 11.94899787 -8.900027701 35.67446562 44.57449332 -9.281787848 51.24266959 60.52445744 2.461977978 40.50497985 56.07318382 301.5053047 0.9789527627
80 184619 879 879 0 -3.604685357 11.91013748 -12.39412137 24.22750154 36.62162291 -13.41612536 49.50097088 62.91709624 1.409788581 28.66542292 53.93889226 16.24078022 0.9787713235
81 32446 37 37 0 4.213295947 28.63935287 -58.34795882 9.76509448 68.1130533 -66.09201236 130.3532812 196.4452936 1.615380023 67.40286078 127.6313388 287.4891418 0.9049061267
82 67639 231 231 0 0.8188291122 13.01257077 -26.2482378 14.8933939 41.1416317 -62.19383662 18.01547786 80.20931448 -2.145556467 26.61086137 62.55646018 313.2963124 0.9752455626
83 61172 258 258 0 -1.7526355 13.60614177 -10.50733009 13.7428986 24.25022869 -71.26040279 84.39986282 155.6602656 2.021014136 19.09453509 88.97230465 319.2514081 0.9742473184
84 172885 3161 3160 1 -38.79347163 88.49504309 -53.54861355 122.9068974 176.455511 -179.9343279 179.9882768 359.9226048 0.006395187541 156.523933 163.7363774 139.6395693 0.1335438649
85 103984 93 93 0 -3.521112708 49.26905515 -45.23033676 114.6677809 159.8981176 -100.5964158 140.9620232 241.558439 1.001206073 122.0561528 148.3503951 344.8110968 0.7168298741
86 29029 59 59 0 -5.905796454 33.24140063 -7.578559797 24.63459632 32.21315611 -133.6408485 144.3948461 278.0356945 1.457905024 40.51194911 150.5289814 299.3865394 0.8926096394
87 47501 406 0 406 nan nan nan nan nan nan nan nan nan nan nan nan nan
88 169244 224 224 0 -37.03549752 95.29186773 -166.0586242 125.2555566 291.3141808 -178.8245924 177.7412502 356.5658426 -0.1071487966 169.3383448 173.4016841 137.7644498 0.08384230955
89 37318 457 457 0 -7.25968981 20.74759557 -13.1226921 46.26048372 59.38317582 -15.55515323 81.4321675 96.98732072 2.064843268 55.34534146 90.51702523 308.6620992 0.9388899732
90 41854 7365 7364 1 -9.362269214 48.60466039 -11.72170663 120.6916183 132.4133249 -146.0237507 153.8729077 299.8966584 1.857131562 132.5146494 165.6825396 297.673437 0.7427114174
91 30637 535 535 0 -1.632948423 15.47071751 -4.542565502 5.45225379 9.994819292 -85.60872565 138.6729759 224.2817016 4.18986961 8.59898398 141.5921962 298.5939905 0.9708401579
92 164231 944 944 0 0.8689247807 19.90185746 -33.59892167 32.65807965 66.25700133 -118.6331463 65.52735277 184.160499 -0.3320716947 44.39624146 107.1503153 70.53458735 0.9426896453
93 154222 515 515 0 -7.551253705 99.29967887 -174.8573545 134.7072551 309.5646096 -179.8082301 179.8123218 359.6205519 -0.05728041697 168.2184423 175.956873 265.1766808 0.2039295148
94 23161 315 315 0 3.116034191 48.53797138 -18.94076863 163.5620644 182.502833 -124.645588 164.542584 289.188172 2.54531346 160.9056273 161.886147 291.197871 0.8072363892
95 31223 361 361 0 -12.99549942 57.69900105 -153.1504614 27.31020098 180.4606624 -172.4129413 179.6667846 352.0797259 -0.4442706321 140.5304726 179.8061412 65.74716952 0.7128724162
96 28595 79 79 0 -0.4656781743 21.17373394 -37.27486077 27.93046567 65.20532643 -38.39035211 46.62736572 85.01771784 -0.2830107626 40.30943384 43.75838706 15.60396098 0.9334316191
97 165014 9323 9323 0 3.783646043 77.33847287 -167.5405772 9.044078733 176.5846559 -170.8592167 142.7727594 313.6319761 -0.9132066373 172.8934833 176.2121228 257.1828986 0.4390090292
98 167109 2044 2044 0 -2.421683448 30.7852995 -34.71978141 43.95175958 78.67154099 -179.21981 173.9872327 353.2070427 2.351098911 50.43779802 179.2598058 359.1802714 0.8961411179
99 11196 425 425 0 2.62432673 18.24178641 -49.14795114 8.507181615 57.65513275 -52.60104387 140.0156567 192.6167005 0.7264619068 52.61660457 137.1141236 92.91976136 0.9572424414
