N=194124, N_branch=500, dt_b=-0.0001, dt_f=0.0001, rtol=1e-9
T_min=0, T_max_b=-6.283185307179586, T_max_f=12.566370614359172, ZOOM=False
Features: normalized position and unit tangent blocks.
OE event: first outward crossing of 2.5 lunar SOI along each integration direction, before any detected collision.
Frame: geocentric inertial axes coincident with synodic axes at t=0.
STD: ddof=0; w statistics use offsets from the cluster circular mean (angle_origin_deg).
angle_resultant: 1=concentrated directions; 0=no defined mean direction. Broad angular clouds require caution with linearized moments.
NaN: missing event, undefined parameter/statistic, or missing representative parameter.

K=10, STD=0.01603226725
n = trajectories per cluster; conditions overlap.
n = 1: clusters=0/10 (0.00%); trajectories=0/194124 (0.00%)
n < 10: clusters=0/10 (0.00%); trajectories=0/194124 (0.00%)
n < 100: clusters=0/10 (0.00%); trajectories=0/194124 (0.00%)

K=10, phase=backward, parameter=a [km]
cluster representative_source n_cluster n_valid n_missing median std p05 p95 width90 minimum maximum range skewness error95 error_max angle_origin_deg angle_resultant
0 147032 56047 56047 0 1529778.845 582986.5597 1007909.016 2793660.839 1785751.822 806790.2393 4550878.486 3744088.247 1.157255944 1162418.867 2919636.514 nan nan
1 33467 11708 11708 0 203505.4729 7978.372799 198844.8945 221042.9984 22198.10388 195307.782 247181.8484 51874.06637 2.393620833 18036.42815 44175.27814 nan nan
2 52405 8936 8936 0 231252.0904 6898.612771 221493.5066 245162.4094 23668.90272 204381.6968 247044.6973 42663.00045 0.3054860892 16575.87524 24228.54284 nan nan
3 156649 34130 34130 0 889805.0632 154210.0801 797153.9614 1272436.567 475282.6053 768052.7014 1889603.742 1121551.041 1.530270333 375189.9748 992357.1501 nan nan
4 40474 10599 10599 0 231006.5861 6697.481568 220558.4333 240758.9752 20200.54195 217107.4155 247275.166 30167.75056 0.0704767368 14173.43936 20689.63012 nan nan
5 138247 28418 28418 0 1079030.684 266426.5996 877806.9102 1572444.984 694638.0738 808242.1069 4543425.988 3735183.881 2.96719505 513359.5899 3484340.594 nan nan
6 32694 5549 5549 0 228159.4978 12543.15084 206129.2037 245122.69 38993.48626 195309.8806 247235.4223 51925.54165 -0.2261031616 21494.51284 28331.57302 nan nan
7 16324 15123 15123 0 222081.69 8279.151229 206885.0299 233046.773 26161.7431 201883.0694 247282.6172 45399.54772 -0.2562875335 14208.38408 26795.01544 nan nan
8 57507 14674 14674 0 212564.6086 4511.73348 205816.8909 219517.3101 13700.41928 195292.2075 237826.719 42534.51151 0.4293780393 7649.357005 24665.43196 nan nan
9 221423 8940 8940 0 957678.302 364211.423 777351.6745 1711745.64 934393.9653 769310.1008 4539420.922 3770110.821 3.661043794 785007.0495 3612682.331 nan nan

K=10, phase=backward, parameter=e [-]
cluster representative_source n_cluster n_valid n_missing median std p05 p95 width90 minimum maximum range skewness error95 error_max angle_origin_deg angle_resultant
0 147032 56047 56047 0 0.6882746471 0.09963689079 0.5210786247 0.8298944488 0.3088158241 0.3881493345 0.8956261106 0.5074767762 -0.1717077428 0.1869481426 0.3197992387 nan nan
1 33467 11708 11708 0 0.514976301 0.05886816755 0.389243549 0.5479274189 0.1586838699 0.1693191876 0.5728758046 0.403556617 -2.61212934 0.1291180987 0.3490424601 nan nan
2 52405 8936 8936 0 0.3131901768 0.05634172273 0.1908910079 0.3866370966 0.1957460887 0.1705917047 0.5088916189 0.3382999142 -0.5112076882 0.1431605237 0.1752006258 nan nan
3 156649 34130 34130 0 0.4524458707 0.07682690382 0.3803066333 0.6235867659 0.2432801326 0.3526417655 0.7484095422 0.3957677767 0.7891475028 0.1667567991 0.2915795754 nan nan
4 40474 10599 10599 0 0.3150756737 0.05308786409 0.2342065285 0.3932424162 0.1590358876 0.1683444931 0.4170856067 0.2487411137 -0.2112536835 0.1144886261 0.1803506615 nan nan
5 138247 28418 28418 0 0.5537955552 0.08613356109 0.4442333403 0.6966820972 0.2524487569 0.3895813856 0.8954556795 0.5058742939 0.2801375028 0.1517254395 0.3504697807 nan nan
6 32694 5549 5549 0 0.3369034383 0.09757308346 0.1915311139 0.4964158938 0.3048847799 0.168591401 0.5728380059 0.4042466048 0.100269392 0.1790165117 0.2024139787 nan nan
7 16324 15123 15123 0 0.3815436336 0.06096849344 0.2981426295 0.4909836575 0.192841028 0.168193931 0.5264969803 0.3583030493 0.19833834 0.1046073722 0.2250336219 nan nan
8 57507 14674 14674 0 0.4508926895 0.03232880824 0.4010068237 0.4987294643 0.09772264056 0.2604265039 0.5729713754 0.3125448715 -0.5056561542 0.05446899225 0.1861477403 nan nan
9 221423 8940 8940 0 0.4945398781 0.112352648 0.3618036157 0.7216780094 0.3598743937 0.3537780304 0.8953605839 0.5415825535 0.7434248244 0.2447031466 0.4183857211 nan nan

K=10, phase=backward, parameter=w [deg]
cluster representative_source n_cluster n_valid n_missing median std p05 p95 width90 minimum maximum range skewness error95 error_max angle_origin_deg angle_resultant
0 147032 56047 56047 0 -0.6626052229 5.08190111 -6.656138642 11.58824242 18.24438106 -10.78608633 15.5654097 26.35149602 1.015992207 14.11393311 18.09110039 21.37375814 0.9960771403
1 33467 11708 11708 0 -1.45802247 8.969531725 -10.84522216 18.37747801 29.22270017 -16.03509859 27.76546306 43.80056165 0.8742970827 25.83504506 35.22303011 192.1090722 0.9878276706
2 52405 8936 8936 0 0.979076077 8.048984437 -16.94853482 11.00378165 27.95231647 -35.24500029 13.45626659 48.70126688 -2.342764653 20.25684728 38.55331275 206.7908019 0.9902983795
3 156649 34130 34130 0 1.525573135 5.40328686 -9.856891038 7.200304139 17.05719518 -16.1206864 9.48184661 25.60253301 -0.5483269567 14.87915292 21.14294828 27.57594278 0.9955606252
4 40474 10599 10599 0 -1.778569059 6.819440724 -7.865191659 11.4554167 19.32060836 -34.00868193 14.84639863 48.85508056 -0.474709206 14.69418132 31.30001275 205.5082433 0.9929628464
5 138247 28418 28418 0 0.1671561294 2.696573187 -3.995179802 3.609973763 7.605153565 -16.91247882 9.532541868 26.44502069 -1.057612563 6.051008141 18.85643953 27.52894935 0.998894176
6 32694 5549 5549 0 -2.928603561 9.671995679 -11.14455146 16.4736007 27.61815216 -31.12978403 17.64642866 48.77621268 0.03978736752 22.21160414 25.72267724 202.5821897 0.985846565
7 16324 15123 15123 0 -0.6379608014 4.831227875 -6.151019832 6.952043774 13.10306361 -18.39993196 29.58004945 47.97998141 1.567301935 8.540028495 31.14248689 189.89668 0.9964623946
8 57507 14674 14674 0 -0.2308983095 5.267022521 -7.470168367 8.795434872 16.26560324 -27.90596394 18.36799398 46.27395793 0.1159625175 11.0542143 25.82116498 200.9797066 0.9957868963
9 221423 8940 8940 0 0.5218774267 7.135939651 -11.36745804 11.91812367 23.28558171 -13.04662497 13.4014043 26.44802927 0.03192274107 18.17152425 19.65480487 23.66173167 0.9922654671

K=10, phase=forward, parameter=a [km]
cluster representative_source n_cluster n_valid n_missing median std p05 p95 width90 minimum maximum range skewness error95 error_max angle_origin_deg angle_resultant
0 147032 56047 56027 20 1468612.262 572382.4068 942338.511 2695656.745 1753318.234 207909.7437 4551570.686 4343660.942 0.661891314 1039772.682 2731447.756 nan nan
1 33467 11708 11705 3 222727.2092 91490.66541 203095.85 233937.463 30841.61305 195418.9692 1733640.137 1538221.168 13.35252687 21423.56731 1509297.725 nan nan
2 52405 8936 8934 2 842185.3901 87539.57456 781047.8113 914707.7284 133659.917 203188.8692 1139149.767 935960.8977 -4.988356424 96118.11409 624302.4162 nan nan
3 156649 34130 34123 7 229035.0113 184281.3454 215233.6657 245533.095 30299.42934 195317.7004 1890987.136 1695669.436 5.852202492 18271.93802 1662438.208 nan nan
4 40474 10599 10587 12 1134069.707 628152.6669 926762.0665 2661223.498 1734461.431 204424.929 4542129.342 4337704.413 3.069989971 1515496.885 3396402.73 nan nan
5 138247 28418 28416 2 213492.8083 64696.03779 206076.8167 227737.7248 21660.9081 195295.2842 1745613.519 1550318.235 18.6898159 13582.49967 1530464.654 nan nan
6 32694 5549 5546 3 225713.7086 16196.61789 204635.2898 244691.2653 40055.97558 195326.6174 951117.7636 755791.1462 16.13601048 33672.61187 740099.1102 nan nan
7 16324 15123 15122 1 208109.3443 8821.895255 199130.7641 224769.5661 25638.80202 195549.0618 246940.291 51391.22927 0.7412998814 14857.13996 37027.86488 nan nan
8 57507 14674 14671 3 1005239.916 241129.7118 866337.3638 1556213.626 689876.2623 204842.3198 3867846.723 3663004.403 0.6302167877 543962.1081 2839727.138 nan nan
9 221423 8940 8927 13 238170.3718 518781.6887 207585.4855 1711560.153 1503974.668 195800.4036 4049480.974 3853680.57 1.523881153 1473483.034 3811403.854 nan nan

K=10, phase=forward, parameter=e [-]
cluster representative_source n_cluster n_valid n_missing median std p05 p95 width90 minimum maximum range skewness error95 error_max angle_origin_deg angle_resultant
0 147032 56047 56027 20 0.6751042342 0.1187347684 0.4855628113 0.8237100479 0.3381472366 0.1752735965 0.8956399398 0.7203663433 -0.7753592376 0.2529484139 0.5632376287 nan nan
1 33467 11708 11705 3 0.3785349079 0.07603762558 0.292809999 0.5189731227 0.2261631237 0.169493203 0.7251866045 0.5556934015 0.4147742353 0.1546389047 0.3602402002 nan nan
2 52405 8936 8934 2 0.4181888549 0.04100081776 0.3656285278 0.4690709844 0.1034424566 0.1722257304 0.5792593629 0.4070336325 -2.029096063 0.06792642657 0.2345348374 nan nan
3 156649 34130 34123 7 0.3357442734 0.0731248202 0.2540842916 0.4521440438 0.1980597522 0.1700666531 0.7482513907 0.5781847376 1.425121873 0.1496776468 0.4142947662 nan nan
4 40474 10599 10587 12 0.5762866351 0.1074316266 0.4757273045 0.8215187897 0.3457914852 0.1698731259 0.8954250633 0.7255519374 0.4150411439 0.2749823937 0.4107902157 nan nan
5 138247 28418 28416 2 0.4445923417 0.05544250896 0.3554782255 0.4974650188 0.1419867933 0.1698141831 0.7270899802 0.5572757971 -1.561211931 0.09757810074 0.294741104 nan nan
6 32694 5549 5546 3 0.3550990974 0.09988457353 0.1961774198 0.5070559182 0.3108784984 0.1685723685 0.5727162374 0.4041438689 -0.0468426443 0.2654652511 0.2930703024 nan nan
7 16324 15123 15122 1 0.4822266356 0.06396021512 0.3613889848 0.5459013944 0.1845124095 0.1716030474 0.5711935452 0.3995904978 -0.8334855477 0.1078977414 0.2976836789 nan nan
8 57507 14674 14671 3 0.5195735667 0.09040144081 0.4361632944 0.6934886614 0.257325367 0.1692186463 0.8772211912 0.7080025449 0.07319027993 0.1665071783 0.3613974734 nan nan
9 221423 8940 8927 13 0.3048681258 0.1678457088 0.1852624293 0.7216151587 0.5363527293 0.1700719612 0.8827245536 0.7126525924 0.77306523 0.4641704907 0.6252798856 nan nan

K=10, phase=forward, parameter=w [deg]
cluster representative_source n_cluster n_valid n_missing median std p05 p95 width90 minimum maximum range skewness error95 error_max angle_origin_deg angle_resultant
0 147032 56047 56027 20 -7.337761744 45.11485494 -30.57381813 103.089511 133.6633292 -179.913992 179.8948077 359.8087997 0.8477200537 132.6644355 179.9939731 182.4715427 0.7676409025
1 33467 11708 11705 3 -3.970495852 28.73173106 -21.4954531 43.01227111 64.50772421 -178.9842778 179.9634208 358.9476986 0.8785915838 66.21600686 179.9322514 311.7862642 0.906625978
2 52405 8936 8934 2 -2.892110372 23.50637382 -27.10001695 40.28913843 67.38915538 -179.8981139 179.0718469 358.9699608 1.147782256 42.31570024 179.5214079 196.4187279 0.9261962512
3 156649 34130 34123 7 -2.205788591 31.5335181 -21.67806867 37.11392704 58.79199571 -179.9547208 178.6237528 358.5784736 -1.421543269 83.0598522 179.9113659 13.43291568 0.8868241029
4 40474 10599 10587 12 -9.942679539 50.75927607 -46.34201152 91.981387 138.3233985 -179.7188203 179.0089829 358.7278031 0.3062673801 134.189214 179.8996141 209.136846 0.6835377047
5 138247 28418 28416 2 -4.447700763 33.02380237 -20.6785035 61.1969183 81.8754218 -179.9703758 179.877853 359.8482288 1.713431642 95.07628323 179.8635109 11.89602502 0.8824080329
6 32694 5549 5546 3 -0.7863069415 75.01818083 -85.13404928 121.0962136 206.2302629 -179.624785 179.5951767 359.2199617 0.1939771491 123.8889808 179.696853 44.79700809 0.3545789777
7 16324 15123 15122 1 -2.190441425 24.68486302 -12.47569849 17.20193791 29.6776364 -179.2801184 179.7185532 358.9986716 2.596663826 39.6311621 178.2469239 303.2775441 0.9360989163
8 57507 14674 14671 3 -4.510164823 35.73910191 -28.55740443 63.70611161 92.26351604 -179.6196514 178.9948469 358.6144983 1.503269484 95.78895818 179.7331564 192.3616123 0.856727111
9 221423 8940 8927 13 -3.323810165 71.35790513 -133.7820231 96.99940745 230.7814305 -179.4036086 178.2505211 357.6541297 -0.3332380405 129.4379405 179.8235615 52.50564229 0.4442210929

K=11, STD=0.01578863976
n = trajectories per cluster; conditions overlap.
n = 1: clusters=0/11 (0.00%); trajectories=0/194124 (0.00%)
n < 10: clusters=0/11 (0.00%); trajectories=0/194124 (0.00%)
n < 100: clusters=0/11 (0.00%); trajectories=0/194124 (0.00%)

K=11, phase=backward, parameter=a [km]
cluster representative_source n_cluster n_valid n_missing median std p05 p95 width90 minimum maximum range skewness error95 error_max angle_origin_deg angle_resultant
0 147032 56047 56047 0 1529778.845 582986.5597 1007909.016 2793660.839 1785751.822 806790.2393 4550878.486 3744088.247 1.157255944 1162418.867 2919636.514 nan nan
1 38978 8773 8773 0 202387.1449 3920.461207 198627.7281 206647.5224 8019.79426 195307.782 247159.3687 51851.58671 6.421435932 4792.625972 45283.14968 nan nan
2 49624 9410 9410 0 229867.0551 5936.968943 220611.8718 238786.3057 18174.43384 204381.6968 246829.3298 42447.63296 0.07172163047 12220.86683 22219.99952 nan nan
3 156649 34130 34130 0 889805.0632 154210.0801 797153.9614 1272436.567 475282.6053 768052.7014 1889603.742 1121551.041 1.530270333 375189.9748 992357.1501 nan nan
4 40708 9497 9497 0 230608.0585 6564.541733 220057.9687 239742.9703 19685.00159 217107.4155 247275.166 30167.75056 -0.04403039729 13945.34224 21477.53796 nan nan
5 138247 28418 28418 0 1079030.684 266426.5996 877806.9102 1572444.984 694638.0738 808242.1069 4543425.988 3735183.881 2.96719505 513359.5899 3484340.594 nan nan
6 25363 3498 3498 0 242184.0437 8825.294348 225301.5362 246853.5376 21552.00141 195309.8806 247282.6172 51972.73651 -3.02803828 16911.3395 46902.99505 nan nan
7 31134 6122 6122 0 217176.9161 8503.569521 207188.9246 234477.057 27288.1324 205104.1873 247145.9507 42041.76338 0.6679207997 17173.73012 29842.6238 nan nan
8 57825 14294 14294 0 212319.2403 4441.29206 205768.4649 218995.9407 13227.47585 195292.2075 237826.719 42534.51151 0.5854516486 7346.063653 25131.57755 nan nan
9 221423 8940 8940 0 957678.302 364211.423 777351.6745 1711745.64 934393.9653 769310.1008 4539420.922 3770110.821 3.661043794 785007.0495 3612682.331 nan nan
10 16751 14995 14995 0 222103.4638 8178.710734 207183.2726 233016.7096 25833.43699 201912.2977 240697.7616 38785.46396 -0.2633860671 14004.41719 20108.11998 nan nan

K=11, phase=backward, parameter=e [-]
cluster representative_source n_cluster n_valid n_missing median std p05 p95 width90 minimum maximum range skewness error95 error_max angle_origin_deg angle_resultant
0 147032 56047 56047 0 0.6882746471 0.09963689079 0.5210786247 0.8298944488 0.3088158241 0.3881493345 0.8956261106 0.5074767762 -0.1717077428 0.1869481426 0.3197992387 nan nan
1 38978 8773 8773 0 0.5228861017 0.0292909867 0.4927129941 0.549436204 0.05672320991 0.1694347377 0.5728758046 0.4034410669 -7.109747015 0.03382235142 0.3569579547 nan nan
2 49624 9410 9410 0 0.3240251061 0.04665095036 0.251012465 0.3930337877 0.1420213227 0.1728167799 0.5088916189 0.336074839 -0.2307573686 0.09799495634 0.1759524851 nan nan
3 156649 34130 34130 0 0.4524458707 0.07682690382 0.3803066333 0.6235867659 0.2432801326 0.3526417655 0.7484095422 0.3957677767 0.7891475028 0.1667567991 0.2915795754 nan nan
4 40708 9497 9497 0 0.317988434 0.0513838546 0.2430645583 0.3969038386 0.1538392803 0.1683444931 0.4170346165 0.2486901235 -0.05542417802 0.1115271018 0.186247167 nan nan
5 138247 28418 28418 0 0.5537955552 0.08613356109 0.4442333403 0.6966820972 0.2524487569 0.3895813856 0.8954556795 0.5058742939 0.2801375028 0.1517254395 0.3504697807 nan nan
6 25363 3498 3498 0 0.2210903625 0.07037269029 0.1728792677 0.3587894043 0.1859101366 0.168193931 0.5728380059 0.4046440749 2.687142724 0.1379904953 0.352039097 nan nan
7 31134 6122 6122 0 0.4175028963 0.06312768698 0.2873142593 0.4890682696 0.2017540103 0.1694667968 0.5039025528 0.3344357561 -0.783016226 0.1292559212 0.2471033837 nan nan
8 57825 14294 14294 0 0.4526560465 0.03184667711 0.4048026546 0.4990845761 0.09428192153 0.2604265039 0.5729713754 0.3125448715 -0.6782085394 0.05228455356 0.1894706661 nan nan
9 221423 8940 8940 0 0.4945398781 0.112352648 0.3618036157 0.7216780094 0.3598743937 0.3537780304 0.8953605839 0.5415825535 0.7434248244 0.2447031466 0.4183857211 nan nan
10 16751 14995 14995 0 0.3814606721 0.06018141572 0.2983687015 0.4888412952 0.1904725937 0.2317298432 0.5262844357 0.2945545925 0.2160722921 0.1033746364 0.1607620844 nan nan

K=11, phase=backward, parameter=w [deg]
cluster representative_source n_cluster n_valid n_missing median std p05 p95 width90 minimum maximum range skewness error95 error_max angle_origin_deg angle_resultant
0 147032 56047 56047 0 -0.6626052229 5.08190111 -6.656138642 11.58824242 18.24438106 -10.78608633 15.5654097 26.35149602 1.015992207 14.11393311 18.09110039 21.37375814 0.9960771403
1 38978 8773 8773 0 -0.5442062549 6.143728235 -8.651502127 10.73486388 19.38636601 -15.49632022 28.12605706 43.62237729 0.5045179334 16.70314985 34.09434303 191.5702938 0.9942679578
2 49624 9410 9410 0 0.5818584035 7.2227635 -7.993948643 10.7260301 18.71997874 -35.47164535 13.22962153 48.70126688 -2.76299448 11.70212796 35.39901738 207.0174469 0.9922010827
3 156649 34130 34130 0 1.525573135 5.40328686 -9.856891038 7.200304139 17.05719518 -16.1206864 9.48184661 25.60253301 -0.5483269567 14.87915292 21.14294828 27.57594278 0.9955606252
4 40708 9497 9497 0 -2.062930986 6.963296444 -7.667002711 11.92615248 19.59315519 -33.73973872 15.14975433 48.88949306 -0.4297486834 15.33741 30.79346008 205.2048876 0.9926665599
5 138247 28418 28418 0 0.1671561294 2.696573187 -3.995179802 3.609973763 7.605153565 -16.91247882 9.532541868 26.44502069 -1.057612563 6.051008141 18.85643953 27.52894935 0.998894176
6 25363 3498 3498 0 1.588245116 9.496462885 -18.78440281 13.404832 32.18923481 -32.89546934 15.87836467 48.77383401 -0.7802687902 24.16056066 38.27162719 204.347875 0.9863781991
7 31134 6122 6122 0 -1.836493715 13.3155951 -15.78886825 21.98151035 37.77037859 -25.1259432 23.42166102 48.54760422 0.293175057 26.29909088 27.73924154 196.6296328 0.9731997011
8 57825 14294 14294 0 -0.278717414 5.318328898 -7.494685383 9.061393576 16.55607896 -27.67904174 19.29135053 46.97039227 0.2011240815 11.56617032 25.36980018 200.9372678 0.9957046936
9 221423 8940 8940 0 0.5218774267 7.135939651 -11.36745804 11.91812367 23.28558171 -13.04662497 13.4014043 26.44802927 0.03192274107 18.17152425 19.65480487 23.66173167 0.9922654671
10 16751 14995 14995 0 -0.6589645137 4.69893648 -6.008484503 6.900617761 12.90910226 -18.75078794 29.26114918 48.01193712 1.460799839 8.574797948 30.90650918 190.2155803 0.996651751

K=11, phase=forward, parameter=a [km]
cluster representative_source n_cluster n_valid n_missing median std p05 p95 width90 minimum maximum range skewness error95 error_max angle_origin_deg angle_resultant
0 147032 56047 56027 20 1468612.262 572382.4068 942338.511 2695656.745 1753318.234 207909.7437 4551570.686 4343660.942 0.661891314 1039772.682 2731447.756 nan nan
1 38978 8773 8770 3 220844.3242 104764.706 202791.9115 234322.8377 31530.92625 195418.9692 1733640.137 1538221.168 11.71343265 20513.21378 1510512.356 nan nan
2 49624 9410 9410 0 851916.2295 67063.36672 796815.1739 940945.7819 144130.608 214619.024 1172033.027 957414.0028 -4.305265319 90612.94329 638204.9501 nan nan
3 156649 34130 34123 7 229035.0113 184281.3454 215233.6657 245533.095 30299.42934 195317.7004 1890987.136 1695669.436 5.852202492 18271.93802 1662438.208 nan nan
4 40708 9497 9491 6 1158182.587 585268.7936 951535.018 2461938.122 1510403.104 204424.929 4532888.748 4328463.819 3.190565645 1273664.057 3344614.683 nan nan
5 138247 28418 28416 2 213492.8083 64696.03779 206076.8167 227737.7248 21660.9081 195295.2842 1745613.519 1550318.235 18.6898159 13582.49967 1530464.654 nan nan
6 25363 3498 3488 10 242366.1225 702226.5473 212982.9657 1594324.521 1381341.556 196406.2895 4542129.342 4345723.053 3.673550035 1377432.433 4325237.254 nan nan
7 31134 6122 6122 0 224991.0959 10090.44981 204230.2412 235860.6136 31630.37236 195326.6174 247211.266 51884.64856 -0.2369397421 19725.6442 30789.93191 nan nan
8 57825 14294 14290 4 1006543.302 255956.8241 866060.6972 1557966.141 691905.4442 204842.3198 3867846.723 3663004.403 0.2047648346 561280.1292 2833447.42 nan nan
9 221423 8940 8927 13 238170.3718 518781.6887 207585.4855 1711560.153 1503974.668 195800.4036 4049480.974 3853680.57 1.523881153 1473483.034 3811403.854 nan nan
10 16751 14995 14994 1 208145.1995 8782.069875 199124.2163 224215.5126 25091.29626 197668.4292 246882.2972 49213.86802 0.7284967352 15033.27186 37700.05646 nan nan

K=11, phase=forward, parameter=e [-]
cluster representative_source n_cluster n_valid n_missing median std p05 p95 width90 minimum maximum range skewness error95 error_max angle_origin_deg angle_resultant
0 147032 56047 56027 20 0.6751042342 0.1187347684 0.4855628113 0.8237100479 0.3381472366 0.1752735965 0.8956399398 0.7203663433 -0.7753592376 0.2529484139 0.5632376287 nan nan
1 38978 8773 8770 3 0.3928710405 0.07896373396 0.2905548825 0.5208527348 0.2302978523 0.169493203 0.7251866045 0.5556934015 0.2520169227 0.1475926446 0.3512224146 nan nan
2 49624 9410 9410 0 0.4255627423 0.03465788757 0.380267126 0.4848413297 0.1045742037 0.2740657562 0.5914520989 0.3173863427 0.1394104244 0.06333338595 0.1656996492 nan nan
3 156649 34130 34123 7 0.3357442734 0.0731248202 0.2540842916 0.4521440438 0.1980597522 0.1700666531 0.7482513907 0.5781847376 1.425121873 0.1496776468 0.4142947662 nan nan
4 40708 9497 9491 6 0.5854612438 0.100586667 0.4905143371 0.8070655259 0.3165511888 0.1685723685 0.8952125964 0.7266402279 0.2603082895 0.2400106997 0.4276160792 nan nan
5 138247 28418 28416 2 0.4445923417 0.05544250896 0.3554782255 0.4974650188 0.1419867933 0.1698141831 0.7270899802 0.5572757971 -1.561211931 0.09757810074 0.294741104 nan nan
6 25363 3498 3488 10 0.341877646 0.1527436954 0.19059929 0.7009719166 0.5103726267 0.1697123633 0.8954250633 0.7257127 1.663053354 0.281328824 0.4757819706 nan nan
7 31134 6122 6122 0 0.3599959315 0.07515021266 0.2760525637 0.5100131665 0.2339606028 0.1689234382 0.5727162374 0.4037927992 0.1088907612 0.1480796438 0.2546803581 nan nan
8 57825 14294 14290 4 0.5201903257 0.08967875509 0.4370186639 0.6938198199 0.2568011561 0.1692186463 0.8772211912 0.7080025449 0.1426809383 0.164871513 0.3644012496 nan nan
9 221423 8940 8927 13 0.3048681258 0.1678457088 0.1852624293 0.7216151587 0.5363527293 0.1700719612 0.8827245536 0.7126525924 0.77306523 0.4641704907 0.6252798856 nan nan
10 16751 14995 14994 1 0.4819873657 0.06359530093 0.3655246253 0.5459591452 0.1804345199 0.1719264037 0.5562090262 0.3842826224 -0.8142127966 0.1089667036 0.3025649251 nan nan

K=11, phase=forward, parameter=w [deg]
cluster representative_source n_cluster n_valid n_missing median std p05 p95 width90 minimum maximum range skewness error95 error_max angle_origin_deg angle_resultant
0 147032 56047 56027 20 -7.337761744 45.11485494 -30.57381813 103.089511 133.6633292 -179.913992 179.8948077 359.8087997 0.8477200537 132.6644355 179.9939731 182.4715427 0.7676409025
1 38978 8773 8770 3 -2.908955585 28.25572154 -19.8373269 34.11673727 53.95406417 -178.6145851 179.2346904 357.8492756 2.522087408 53.34930764 178.9525808 311.429705 0.9116717864
2 49624 9410 9410 0 -2.624025062 26.92516383 -28.72883997 42.78381666 71.51265662 -179.1960378 179.773923 358.9699608 1.651449351 66.59945863 179.8516189 195.7166518 0.9096445559
3 156649 34130 34123 7 -2.205788591 31.5335181 -21.67806867 37.11392704 58.79199571 -179.9547208 178.6237528 358.5784736 -1.421543269 83.0598522 179.9113659 13.43291568 0.8868241029
4 40708 9497 9491 6 -12.36063096 51.62581159 -45.93356048 94.93622718 140.8697877 -179.8302927 179.9234408 359.7537335 0.4112378295 135.8560138 179.9023621 208.6817936 0.6794765616
5 138247 28418 28416 2 -4.447700763 33.02380237 -20.6785035 61.1969183 81.8754218 -179.9703758 179.877853 359.8482288 1.713431642 95.07628323 179.8635109 11.89602502 0.8824080329
6 25363 3498 3488 10 -4.715787346 71.12628565 -144.1509817 112.1335707 256.2845524 -178.9337099 176.63252 355.5662299 -0.3493468511 167.5192129 179.9846635 165.1616427 0.4752779787
7 31134 6122 6122 0 -2.502868417 51.14583068 -38.68130411 93.32582137 132.0071255 -179.9414332 179.987623 359.9290562 0.1567346343 113.5151081 179.8742269 328.2626593 0.7200850428
8 57825 14294 14290 4 -4.274395278 38.23726676 -28.75239701 65.73986918 94.49226619 -179.5926145 179.7268917 359.3195062 1.031206477 109.4606404 179.8977155 192.3345755 0.8415269521
9 221423 8940 8927 13 -3.323810165 71.35790513 -133.7820231 96.99940745 230.7814305 -179.4036086 178.2505211 357.6541297 -0.3332380405 129.4379405 179.8235615 52.50564229 0.4442210929
10 16751 14995 14994 1 -3.862004894 28.92983846 -14.50904101 90.75915905 105.2682001 -179.7503982 177.3955809 357.1459791 2.608334079 100.53402 177.2041323 305.6005164 0.9057964604

K=13, STD=0.0149856978
n = trajectories per cluster; conditions overlap.
n = 1: clusters=0/13 (0.00%); trajectories=0/194124 (0.00%)
n < 10: clusters=0/13 (0.00%); trajectories=0/194124 (0.00%)
n < 100: clusters=0/13 (0.00%); trajectories=0/194124 (0.00%)

K=13, phase=backward, parameter=a [km]
cluster representative_source n_cluster n_valid n_missing median std p05 p95 width90 minimum maximum range skewness error95 error_max angle_origin_deg angle_resultant
0 148221 53958 53958 0 1559605.896 575519.921 1036472.506 2806319.979 1769847.474 931329.5301 4550878.486 3619548.956 1.164899321 1194666.762 2939225.268 nan nan
1 39208 8671 8671 0 202343.4689 4718.248133 198615.8197 206383.3262 7767.506464 195307.782 247159.3687 51851.58671 6.68090117 4593.899625 45353.84521 nan nan
2 49624 8687 8687 0 229202.0184 5529.630632 220519.4021 237969.6134 17450.21127 204381.6968 243748.1287 39366.43183 -0.07338301675 11421.14134 22219.99952 nan nan
3 172694 25795 25795 0 859103.2008 57340.17102 795893.3736 980212.9971 184319.6236 768052.7014 1059281.166 291228.4647 0.6105346422 121981.8782 201050.0471 nan nan
4 40478 9300 9300 0 230559.8499 6451.87411 220058.6205 239640.9229 19582.3024 217107.4155 246236.3776 29128.96215 -0.101160162 13750.3591 20345.81379 nan nan
5 140920 27460 27460 0 1058885.023 251696.6376 878828.5599 1556785.119 677956.5595 831721.3456 4536269.84 3704548.495 2.738186971 512782.7719 3492267.493 nan nan
6 28932 2844 2844 0 243876.0292 4069.919518 232776.0061 246907.21 14131.20387 228988.8147 247282.6172 18293.80245 -1.366610868 10642.83979 14430.03124 nan nan
7 5959 5526 5526 0 217446.2208 8557.541654 208016.3842 235784.7093 27768.32511 205993.4289 243998.6629 38005.23397 0.7395644221 19821.76164 28035.71522 nan nan
8 57825 14071 14071 0 212356.1101 4351.093262 205774.6618 218975.9572 13201.29545 195292.2075 237826.719 42534.51151 0.4109562885 7338.741808 25131.57755 nan nan
9 223066 7011 7011 0 887405.7259 90289.35265 774582.7857 1023542.138 248959.3527 768762.4125 1301345.855 532583.4426 0.2064998493 168900.8242 446704.5409 nan nan
10 16751 14024 14024 0 222323.6349 8245.586613 207111.358 233076.9595 25965.60149 201912.2977 243469.2738 41556.97609 -0.2866543495 14041.67491 22879.63211 nan nan
11 105346 13311 13311 0 1185381.708 316626.5266 987023.1376 1692025.925 705002.7872 920303.9278 4543425.988 3623122.06 4.730538751 494372.8104 3345772.874 nan nan
12 34081 3466 3466 0 223822.6032 12823.31487 204359.7589 241509.5341 37149.7752 195309.8806 246782.1825 51472.30189 -0.03240541761 22165.22395 27418.25263 nan nan

K=13, phase=backward, parameter=e [-]
cluster representative_source n_cluster n_valid n_missing median std p05 p95 width90 minimum maximum range skewness error95 error_max angle_origin_deg angle_resultant
0 148221 53958 53958 0 0.6942577479 0.09396308556 0.5350449206 0.8306749683 0.2956300477 0.4780031843 0.8956261106 0.4176229264 -0.09236421731 0.1718095863 0.2263587398 nan nan
1 39208 8671 8671 0 0.5232026091 0.03578607081 0.494600163 0.5495023456 0.0549021826 0.1694347377 0.5728758046 0.4034410669 -7.13412474 0.03242219383 0.3574591606 nan nan
2 49624 8687 8687 0 0.329131055 0.04274722203 0.2582929956 0.3937050715 0.1354120759 0.2033387333 0.5088916189 0.3055528856 -0.01576397843 0.09083538917 0.1601223539 nan nan
3 172694 25795 25795 0 0.430807105 0.03964562659 0.3792941466 0.5071206193 0.1278264727 0.3526417655 0.5462144328 0.1935726673 0.3070784092 0.07739662304 0.1164904366 nan nan
4 40478 9300 9300 0 0.3185412466 0.05026438697 0.2440550224 0.3968519035 0.1527968811 0.1805935826 0.4170346165 0.2364410339 0.02765970154 0.1098383438 0.1732997837 nan nan
5 140920 27460 27460 0 0.5448975333 0.08409026633 0.4449158968 0.6936255885 0.2487096917 0.4088853038 0.8952915353 0.4864062315 0.3565664153 0.1555293523 0.3571952991 nan nan
6 28932 2844 2844 0 0.2044364754 0.03722405257 0.1722623073 0.3014217839 0.1291594766 0.168193931 0.3311178945 0.1629239635 1.156405836 0.09179179045 0.121487901 nan nan
7 5959 5526 5526 0 0.4155604535 0.06366372387 0.2764535043 0.4829657797 0.2065122754 0.204082779 0.4973510031 0.2932682241 -0.8345057817 0.1492646433 0.2216353687 nan nan
8 57825 14071 14071 0 0.4523938272 0.03115026662 0.4048910763 0.499046662 0.09415558562 0.2604265039 0.5729713754 0.3125448715 -0.4862931213 0.05222079768 0.1894706661 nan nan
9 223066 7011 7011 0 0.4500839591 0.06158206064 0.3590862783 0.5285926957 0.1695064174 0.3533386986 0.633060707 0.2797220084 -0.02476434616 0.1001517397 0.204619751 nan nan
10 16751 14024 14024 0 0.3797677511 0.06068651798 0.2978296718 0.4892971363 0.1914674644 0.2093090935 0.5262844357 0.3169753423 0.2385850324 0.1035351051 0.1831828341 nan nan
11 105346 13311 13311 0 0.5952980009 0.06638977795 0.5097152515 0.7184047324 0.2086894808 0.4712745892 0.8954556795 0.4241810903 0.9417822236 0.11952436 0.2960473228 nan nan
12 34081 3466 3466 0 0.3691375689 0.09724458669 0.2269871485 0.5089869891 0.2819998406 0.1743351206 0.5728380059 0.3985028853 -0.04616792643 0.1747357208 0.2273877487 nan nan

K=13, phase=backward, parameter=w [deg]
cluster representative_source n_cluster n_valid n_missing median std p05 p95 width90 minimum maximum range skewness error95 error_max angle_origin_deg angle_resultant
0 148221 53958 53958 0 -0.4190376282 4.522744714 -6.258741072 9.559542614 15.81828369 -10.37975767 15.21349076 25.59324843 0.8329804112 11.62801125 17.28195939 20.96742948 0.9968908321
1 39208 8671 8671 0 -0.7218091626 6.286179061 -8.975871429 11.05840506 20.03427649 -15.83846808 27.78251182 43.6209799 0.5439354526 17.34476955 34.06887631 191.9124417 0.99400027
2 49624 8687 8687 0 0.2884153016 5.048427888 -6.305986334 5.138127385 11.44411372 -35.6336052 13.06766167 48.70126688 -3.558107598 7.839094042 35.39901738 207.1794068 0.9961833995
3 172694 25795 25795 0 0.1925704705 5.529314654 -8.790033225 8.661229908 17.45126313 -11.79355986 10.55293714 22.346497 -0.099402918 13.99646209 16.99998872 26.50485225 0.9953500119
4 40478 9300 9300 0 -2.050527342 6.66755447 -7.506538591 11.41559263 18.92213122 -33.68280248 15.17227807 48.85508056 -0.3312055468 14.80948929 30.73315844 205.1823638 0.9932716413
5 140920 27460 27460 0 0.1067847785 2.663107854 -3.917549665 3.633846278 7.551395943 -16.9307224 9.515943039 26.44666544 -0.9035598174 6.039039429 18.9186225 27.54719293 0.998921287
6 28932 2844 2844 0 2.425208306 13.22182279 -27.6314211 14.25228393 41.88370503 -32.52759712 15.79696548 48.3245626 -0.8177875884 37.04566778 41.94184379 204.1426672 0.9736855351
7 5959 5526 5526 0 -3.812624703 14.10762422 -14.67082137 23.2330908 37.90391217 -23.96420953 24.58339469 48.54760422 0.4202918694 38.50978327 39.86008716 195.4678991 0.9699264657
8 57825 14071 14071 0 -0.2626106533 5.184089303 -7.330769439 8.810990653 16.14176009 -27.65426992 18.43520457 46.08947449 0.1648838531 11.27338613 25.36980018 200.912496 0.9959180687
9 223066 7011 7011 0 0.4017015651 6.104043802 -10.04369988 7.306757439 17.35045732 -16.38799453 7.619487322 24.00748185 -0.300750186 17.80111937 18.11384926 29.33668529 0.9943348509
10 16751 14024 14024 0 -0.6424882797 4.421298779 -5.602871742 6.610778886 12.21365063 -18.52139535 29.45858606 47.97998141 1.52259903 8.071711204 30.90650918 190.0181434 0.9970349395
11 105346 13311 13311 0 2.768561775 6.886344276 -14.13748391 6.922520256 21.06000416 -16.13574969 9.3738665 25.50961619 -1.082887776 17.67398341 19.6722492 26.75085639 0.992801641
12 34081 3466 3466 0 -2.026199014 8.993617268 -9.304645845 17.70053944 27.00518528 -29.2536854 19.52252728 48.77621268 0.2508282911 23.62247018 25.44445803 200.7060911 0.9877659296

K=13, phase=forward, parameter=a [km]
cluster representative_source n_cluster n_valid n_missing median std p05 p95 width90 minimum maximum range skewness error95 error_max angle_origin_deg angle_resultant
0 148221 53958 53944 14 1481434.139 575340.8712 941833.6894 2709566.241 1767732.552 207909.7437 4551570.686 4343660.942 0.6409415041 1042545.21 2730614.817 nan nan
1 39208 8671 8668 3 220928.3333 105354.1267 202788.1102 234410.1509 31622.04076 195418.9692 1733640.137 1538221.168 11.64531213 20594.96039 1510435.959 nan nan
2 49624 8687 8686 1 852634.4343 48738.97518 802129.7215 939530.289 137400.5675 209626.016 1165512.926 955886.9101 -2.112249907 87096.4352 643197.9582 nan nan
3 172694 25795 25792 3 228635.7205 20490.30806 213846.2531 239387.5156 25541.26248 195317.7004 774958.5227 579640.8224 22.2394275 16755.08831 547511.9612 nan nan
4 40478 9300 9290 10 1166033.196 637521.9636 955949.0852 2794944.222 1838995.136 203840.7897 4532888.748 4329047.958 3.062993125 1600596.55 3338541.076 nan nan
5 140920 27460 27458 2 213269.8908 11192.89637 206029.2476 224568.9301 18539.68247 195295.2842 947313.3173 752018.0331 33.29385225 10271.3578 732591.8677 nan nan
6 28932 2844 2839 5 791628.4508 469912.5842 223546.6017 1387220.649 1163674.048 202594.7616 4542129.342 4339534.58 2.415574191 722296.7255 3604806.797 nan nan
7 5959 5526 5526 0 225317.4398 8650.090972 205831.2968 235146.1922 29314.89541 195549.0618 245933.1365 50384.07471 -0.509583675 25272.74237 35554.97736 nan nan
8 57825 14071 14069 2 1011403.21 232664.7075 871382.0249 1559451.569 688069.5442 225839.6389 3867846.723 3642007.084 0.9335566636 529896.5983 2833447.42 nan nan
9 223066 7011 6999 12 1084997.011 523689.4525 240550.6828 1829080.058 1588529.375 220765.1067 4267165.471 4046400.364 -0.1916737381 1305402.163 2721250.376 nan nan
10 16751 14024 14023 1 207171.3057 7943.861489 199061.8554 222197.0339 23135.17854 197668.4292 246639.0149 48970.58572 0.7750141153 13014.79316 37456.77416 nan nan
11 105346 13311 13300 11 229662.9578 22687.2934 211656.1568 238722.6571 27066.50022 195340.6591 947664.0465 752323.3874 21.31744614 20701.63437 715483.3218 nan nan
12 34081 3466 3464 2 225641.7286 22180.65088 204319.744 245133.5821 40813.83818 195326.6174 953754.8766 758428.2591 20.28658961 28456.09538 737077.3898 nan nan

K=13, phase=forward, parameter=e [-]
cluster representative_source n_cluster n_valid n_missing median std p05 p95 width90 minimum maximum range skewness error95 error_max angle_origin_deg angle_resultant
0 148221 53958 53944 14 0.6779885883 0.1186710232 0.4852408461 0.8245957297 0.3393548835 0.1946760287 0.8956399398 0.7009639111 -0.7959221725 0.2533926848 0.5439575023 nan nan
1 39208 8671 8668 3 0.3920872147 0.07917244611 0.2896232464 0.5208837116 0.2312604652 0.169493203 0.7251866045 0.5556934015 0.2618561085 0.1482220155 0.3517852275 nan nan
2 49624 8687 8686 1 0.4261573419 0.03192887082 0.3849618982 0.483741173 0.09877927477 0.1957749225 0.5890949099 0.3933199874 -0.01725338521 0.06065453247 0.2299775273 nan nan
3 172694 25795 25792 3 0.3336019957 0.06305314644 0.2462042404 0.4418781859 0.1956739454 0.1700666531 0.5727852021 0.4027185489 0.05627608252 0.1313212862 0.2304024879 nan nan
4 40478 9300 9290 10 0.588266713 0.1010997122 0.493102489 0.830077843 0.336975354 0.1698731259 0.8952125964 0.7253394705 0.5801204411 0.2525656056 0.4284334371 nan nan
5 140920 27460 27458 2 0.445827382 0.05209292575 0.3638104005 0.4972606619 0.1334502615 0.1698141831 0.5729557573 0.4031415742 -1.859304735 0.07406752917 0.2656022232 nan nan
6 28932 2844 2839 5 0.384079365 0.134514297 0.1928806489 0.6556550946 0.4627744457 0.1722257304 0.8954250633 0.7231993329 0.7337363474 0.293095373 0.4120347892 nan nan
7 5959 5526 5526 0 0.3575733254 0.06433181893 0.2822762955 0.4986343138 0.2163580183 0.1816681563 0.5711935452 0.3895253889 0.3817470548 0.1856116991 0.2581709305 nan nan
8 57825 14071 14069 2 0.5227219678 0.08665908188 0.439774588 0.6941113859 0.2543367979 0.1701598274 0.8772211912 0.7070613638 0.3209784669 0.162160763 0.3634600685 nan nan
9 223066 7011 6999 12 0.55664865 0.1808238332 0.196309226 0.7396873713 0.5433781454 0.172999977 0.8887012719 0.7157012948 -0.7307908688 0.49521937 0.5185286189 nan nan
10 16751 14024 14023 1 0.488855358 0.05739117765 0.3805019101 0.5463830357 0.1658811256 0.1744012197 0.5562090262 0.3818078064 -0.8701644538 0.09398941867 0.3000901091 nan nan
11 105346 13311 13300 11 0.3255982685 0.06371335591 0.2528022943 0.4573210376 0.2045187432 0.1700181651 0.5726195203 0.4026013552 0.639088677 0.1517490968 0.2670475795 nan nan
12 34081 3466 3464 2 0.3558781599 0.1053375448 0.1914345704 0.5092697597 0.3178351893 0.1685723685 0.5727162374 0.4041438689 -0.05374470509 0.2297004435 0.2525626455 nan nan

K=13, phase=forward, parameter=w [deg]
cluster representative_source n_cluster n_valid n_missing median std p05 p95 width90 minimum maximum range skewness error95 error_max angle_origin_deg angle_resultant
0 148221 53958 53944 14 -6.667403257 43.20455266 -28.83268384 101.9270524 130.7597363 -179.6014734 179.7517584 359.3532318 0.991204438 130.215633 179.9845396 180.7954471 0.787001424
1 39208 8671 8668 3 -2.571474893 25.34264077 -19.57000236 31.64196147 51.21196383 -179.0425674 178.1434902 357.1860577 2.192662221 50.70153012 178.9760989 311.8576873 0.9265724088
2 49624 8687 8686 1 -3.041563889 22.96879728 -27.02404697 37.22886605 64.25291302 -179.3889563 179.9261046 359.3150609 0.8569042537 58.9266487 173.7375084 193.7138216 0.9278500182
3 172694 25795 25792 3 -5.030656228 30.99304586 -25.6434815 63.39234629 89.03582779 -179.9822781 179.7971247 359.7794028 1.181498108 89.92775874 179.3898719 19.59447348 0.8841703873
4 40478 9300 9290 10 -13.54851997 50.08546918 -45.35639277 92.03602116 137.3924139 -179.9668167 178.311554 358.2783707 0.3562030072 132.424033 179.9306562 208.1126456 0.6903038543
5 140920 27460 27458 2 -4.747730171 34.62061887 -21.08119615 103.9274266 125.0086227 -179.9124326 179.9793026 359.8917351 2.231734074 122.0777268 179.899102 12.30190405 0.8690015418
6 28932 2844 2839 5 -4.973744101 63.3671365 -75.14562493 105.3177613 180.4633862 -179.9733678 179.9961429 359.9695108 0.1162412741 148.0188914 179.8457281 202.9757165 0.6157760743
7 5959 5526 5526 0 -0.2484030984 47.10481989 -25.95496846 50.83374477 76.78871324 -179.7449616 179.9297261 359.6746877 -1.106446722 138.541991 179.8941088 315.3724226 0.7910176463
8 57825 14071 14069 2 -4.388880114 34.14939159 -28.56972967 58.28558419 86.85531386 -179.7788016 178.8356967 358.6144983 1.619245131 88.52392561 179.8977155 192.5207626 0.8656078882
9 223066 7011 6999 12 -4.819360252 60.79119823 -76.18068768 104.0529721 180.2336598 -179.8193336 178.6046491 358.4239827 0.2762551786 120.415834 179.7491106 293.6122775 0.549936191
10 16751 14024 14023 1 -1.477352401 18.96995021 -11.5977819 14.05878995 25.65657184 -176.9888258 179.7820564 356.7708822 3.348292541 20.94557641 178.6417492 302.838944 0.9617549425
11 105346 13311 13300 11 -3.1006505 42.1588901 -33.85760714 101.6770133 135.5346205 -179.5191602 178.8425751 358.3617352 0.5400682574 128.3200196 179.5045431 27.10148014 0.8045433211
12 34081 3466 3464 2 -10.01157109 62.02618444 -82.34070164 104.6139368 186.9546385 -179.9657408 179.9446223 359.9103631 0.3121940186 131.3978525 179.8829383 62.47811351 0.5613209734

K=15, STD=0.01395219032
n = trajectories per cluster; conditions overlap.
n = 1: clusters=0/15 (0.00%); trajectories=0/194124 (0.00%)
n < 10: clusters=0/15 (0.00%); trajectories=0/194124 (0.00%)
n < 100: clusters=0/15 (0.00%); trajectories=0/194124 (0.00%)

K=15, phase=backward, parameter=a [km]
cluster representative_source n_cluster n_valid n_missing median std p05 p95 width90 minimum maximum range skewness error95 error_max angle_origin_deg angle_resultant
0 128398 31228 31228 0 1904015.636 500436.7669 1293288.36 2916364.873 1623076.514 992885.5913 4550878.486 3557992.895 0.7374754335 943405.2945 2444437.009 nan nan
1 39208 8671 8671 0 202343.4689 4718.248133 198615.8197 206383.3262 7767.506464 195307.782 247159.3687 51851.58671 6.68090117 4593.899625 45353.84521 nan nan
2 49624 8687 8687 0 229202.0184 5529.630632 220519.4021 237969.6134 17450.21127 204381.6968 243748.1287 39366.43183 -0.07338301675 11421.14134 22219.99952 nan nan
3 208293 6000 6000 0 1184587.67 790665.8664 864744.4098 3542556.112 2677811.702 809679.9595 4543425.988 3733746.029 2.208220974 2298662.198 3299532.074 nan nan
4 40478 9300 9300 0 230559.8499 6451.87411 220058.6205 239640.9229 19582.3024 217107.4155 246236.3776 29128.96215 -0.101160162 13750.3591 20345.81379 nan nan
5 122456 16862 16862 0 1257274.783 281729.2516 999450.7708 1610497.117 611046.3464 954375.5452 4536269.84 3581894.295 4.811222488 382594.2827 3308367.006 nan nan
6 28932 2844 2844 0 243876.0292 4069.919518 232776.0061 246907.21 14131.20387 228988.8147 247282.6172 18293.80245 -1.366610868 10642.83979 14430.03124 nan nan
7 5959 5526 5526 0 217446.2208 8557.541654 208016.3842 235784.7093 27768.32511 205993.4289 243998.6629 38005.23397 0.7395644221 19821.76164 28035.71522 nan nan
8 57825 14071 14071 0 212356.1101 4351.093262 205774.6618 218975.9572 13201.29545 195292.2075 237826.719 42534.51151 0.4109562885 7338.741808 25131.57755 nan nan
9 219846 5600 5600 0 795132.8715 33734.15406 772576.1507 859529.145 86952.99434 768052.7014 1134539.833 366487.1313 2.892713362 54806.35182 329817.0395 nan nan
10 16751 14024 14024 0 222323.6349 8245.586613 207111.358 233076.9595 25965.60149 201912.2977 243469.2738 41556.97609 -0.2866543495 14041.67491 22879.63211 nan nan
11 154309 27447 27447 0 915095.0965 157339.1076 810129.4182 1286022.805 475893.3869 777457.9443 1767039.763 989581.8189 1.29145564 384600.5774 865617.5355 nan nan
12 34081 3466 3466 0 223822.6032 12823.31487 204359.7589 241509.5341 37149.7752 195309.8806 246782.1825 51472.30189 -0.03240541761 22165.22395 27418.25263 nan nan
13 161766 26156 26156 0 1148258.47 205354.0395 945405.5484 1622339.813 676934.2644 799173.08 1861890.515 1062717.436 0.895413172 480950.1304 720500.8331 nan nan
14 168732 14242 14242 0 909679.4825 52711.14109 854487.425 1026971.278 172483.8526 784926.8344 1141380.122 356453.2871 1.05945452 123229.6139 237638.4578 nan nan

K=15, phase=backward, parameter=e [-]
cluster representative_source n_cluster n_valid n_missing median std p05 p95 width90 minimum maximum range skewness error95 error_max angle_origin_deg angle_resultant
0 128398 31228 31228 0 0.7499887981 0.06448734124 0.6300956266 0.8370667771 0.2069711506 0.5125146789 0.8956261106 0.3831114318 -0.5698566414 0.1441419998 0.2617229475 nan nan
1 39208 8671 8671 0 0.5232026091 0.03578607081 0.494600163 0.5495023456 0.0549021826 0.1694347377 0.5728758046 0.4034410669 -7.13412474 0.03242219383 0.3574591606 nan nan
2 49624 8687 8687 0 0.329131055 0.04274722203 0.2582929956 0.3937050715 0.1354120759 0.2033387333 0.5088916189 0.3055528856 -0.01576397843 0.09083538917 0.1601223539 nan nan
3 208293 6000 6000 0 0.5955240359 0.1283533178 0.4348775006 0.8658756548 0.4309981543 0.3906839974 0.8954556795 0.5047716821 0.4883525655 0.2502384018 0.2798184264 nan nan
4 40478 9300 9300 0 0.3185412466 0.05026438697 0.2440550224 0.3968519035 0.1527968811 0.1805935826 0.4170346165 0.2364410339 0.02765970154 0.1098383438 0.1732997837 nan nan
5 122456 16862 16862 0 0.6190673101 0.06262309819 0.516455468 0.7038948404 0.1874393724 0.4922151284 0.8952915353 0.4030764069 0.2877566355 0.1026155714 0.2855927667 nan nan
6 28932 2844 2844 0 0.2044364754 0.03722405257 0.1722623073 0.3014217839 0.1291594766 0.168193931 0.3311178945 0.1629239635 1.156405836 0.09179179045 0.121487901 nan nan
7 5959 5526 5526 0 0.4155604535 0.06366372387 0.2764535043 0.4829657797 0.2065122754 0.204082779 0.4973510031 0.2932682241 -0.8345057817 0.1492646433 0.2216353687 nan nan
8 57825 14071 14071 0 0.4523938272 0.03115026662 0.4048910763 0.499046662 0.09415558562 0.2604265039 0.5729713754 0.3125448715 -0.4862931213 0.05222079768 0.1894706661 nan nan
9 219846 5600 5600 0 0.378426591 0.02636876645 0.3571573555 0.4308084548 0.07365109932 0.3526417655 0.5774913853 0.2248496198 1.924872178 0.04300361628 0.1896865468 nan nan
10 16751 14024 14024 0 0.3797677511 0.06068651798 0.2978296718 0.4892971363 0.1914674644 0.2093090935 0.5262844357 0.3169753423 0.2385850324 0.1035351051 0.1831828341 nan nan
11 154309 27447 27447 0 0.469006016 0.07674707148 0.3918763896 0.6276874191 0.2358110295 0.3616334231 0.7308438266 0.3692104035 0.6557505911 0.1681375486 0.271293956 nan nan
12 34081 3466 3466 0 0.3691375689 0.09724458669 0.2269871485 0.5089869891 0.2819998406 0.1743351206 0.5728380059 0.3985028853 -0.04616792643 0.1747357208 0.2273877487 nan nan
13 161766 26156 26156 0 0.5821289008 0.06777275585 0.4872240772 0.7062103628 0.2189862856 0.381488341 0.7442977461 0.3628094051 0.1046711322 0.1364257758 0.1979252373 nan nan
14 168732 14242 14242 0 0.4654234239 0.03100018723 0.4274087749 0.5299624769 0.102553702 0.3685913825 0.5801137771 0.2115223947 0.6716709046 0.06954040416 0.1188063249 nan nan

K=15, phase=backward, parameter=w [deg]
cluster representative_source n_cluster n_valid n_missing median std p05 p95 width90 minimum maximum range skewness error95 error_max angle_origin_deg angle_resultant
0 128398 31228 31228 0 -1.288340138 4.959838635 -5.82815386 10.89737426 16.72552812 -9.627846659 15.71552357 25.34337023 1.09389131 13.76802112 18.58617043 20.21551847 0.9962616212
1 39208 8671 8671 0 -0.7218091626 6.286179061 -8.975871429 11.05840506 20.03427649 -15.83846808 27.78251182 43.6209799 0.5439354526 17.34476955 34.06887631 191.9124417 0.99400027
2 49624 8687 8687 0 0.2884153016 5.048427888 -6.305986334 5.138127385 11.44411372 -35.6336052 13.06766167 48.70126688 -3.558107598 7.839094042 35.39901738 207.1794068 0.9961833995
3 208293 6000 6000 0 -0.4482801597 7.438849814 -9.411542796 15.00211706 24.41365985 -9.896996989 16.14725781 26.0442548 0.4836437142 21.1973712 22.34251195 20.51210369 0.9915983251
4 40478 9300 9300 0 -2.050527342 6.66755447 -7.506538591 11.41559263 18.92213122 -33.68280248 15.17227807 48.85508056 -0.3312055468 14.80948929 30.73315844 205.1823638 0.9932716413
5 122456 16862 16862 0 0.2503756591 2.338062311 -3.158702907 2.810887303 5.96959021 -16.56526258 8.792557453 25.35782003 -1.831305419 3.841220221 16.93635363 27.18348652 0.999169015
6 28932 2844 2844 0 2.425208306 13.22182279 -27.6314211 14.25228393 41.88370503 -32.52759712 15.79696548 48.3245626 -0.8177875884 37.04566778 41.94184379 204.1426672 0.9736855351
7 5959 5526 5526 0 -3.812624703 14.10762422 -14.67082137 23.2330908 37.90391217 -23.96420953 24.58339469 48.54760422 0.4202918694 38.50978327 39.86008716 195.4678991 0.9699264657
8 57825 14071 14071 0 -0.2626106533 5.184089303 -7.330769439 8.810990653 16.14176009 -27.65426992 18.43520457 46.08947449 0.1648838531 11.27338613 25.36980018 200.912496 0.9959180687
9 219846 5600 5600 0 1.100301976 5.248995533 -9.582669166 6.160736192 15.74340536 -15.42104452 7.165758752 22.58680327 -0.6012964866 12.86402805 13.86905061 29.49091703 0.9958104115
10 16751 14024 14024 0 -0.6424882797 4.421298779 -5.602871742 6.610778886 12.21365063 -18.52139535 29.45858606 47.97998141 1.52259903 8.071711204 30.90650918 190.0181434 0.9970349395
11 154309 27447 27447 0 1.731217278 5.430399637 -9.87492021 6.299577233 16.17449744 -15.67555013 9.731598268 25.4071484 -0.5769334439 15.34124698 21.1418769 27.32619113 0.995515771
12 34081 3466 3466 0 -2.026199014 8.993617268 -9.304645845 17.70053944 27.00518528 -29.2536854 19.52252728 48.77621268 0.2508282911 23.62247018 25.44445803 200.7060911 0.9877659296
13 161766 26156 26156 0 -0.8299056861 4.626697343 -5.589842337 12.67636584 18.26620817 -11.27245102 13.76529271 25.03774372 1.534777076 11.87296792 12.95242944 23.19087991 0.9967490497
14 168732 14242 14242 0 0.584008243 3.378725364 -6.428474263 3.72142119 10.14989545 -13.97856577 9.089780031 23.0683458 -0.7009937259 8.693915536 16.24400704 27.97335594 0.9982632092

K=15, phase=forward, parameter=a [km]
cluster representative_source n_cluster n_valid n_missing median std p05 p95 width90 minimum maximum range skewness error95 error_max angle_origin_deg angle_resultant
0 128398 31228 31222 6 1327504.336 347974.4933 987468.6575 2044547.84 1057079.183 228551.3064 2668615.345 2440064.039 0.4556277016 637646.7106 1233948.082 nan nan
1 39208 8671 8668 3 220928.3333 105354.1267 202788.1102 234410.1509 31622.04076 195418.9692 1733640.137 1538221.168 11.64531213 20594.96039 1510435.959 nan nan
2 49624 8687 8686 1 852634.4343 48738.97518 802129.7215 939530.289 137400.5675 209626.016 1165512.926 955886.9101 -2.112249907 87096.4352 643197.9582 nan nan
3 208293 6000 5989 11 236267.1179 18551.50795 205589.6486 243598.3553 38008.70678 195340.6591 1081874.302 886533.643 26.16601489 29072.38885 847238.187 nan nan
4 40478 9300 9290 10 1166033.196 637521.9636 955949.0852 2794944.222 1838995.136 203840.7897 4532888.748 4329047.958 3.062993125 1600596.55 3338541.076 nan nan
5 122456 16862 16861 1 211909.8303 10601.65033 205660.1033 224755.17 19095.06673 204045.2464 773830.6283 569785.3819 26.69026683 10385.32774 559460.786 nan nan
6 28932 2844 2839 5 791628.4508 469912.5842 223546.6017 1387220.649 1163674.048 202594.7616 4542129.342 4339534.58 2.415574191 722296.7255 3604806.797 nan nan
7 5959 5526 5526 0 225317.4398 8650.090972 205831.2968 235146.1922 29314.89541 195549.0618 245933.1365 50384.07471 -0.509583675 25272.74237 35554.97736 nan nan
8 57825 14071 14069 2 1011403.21 232664.7075 871382.0249 1559451.569 688069.5442 225839.6389 3867846.723 3642007.084 0.9335566636 529896.5983 2833447.42 nan nan
9 219846 5600 5593 7 243615.2553 496228.3006 221355.3653 1667890.336 1446534.971 195377.1758 3016504.278 2821127.102 1.433289212 1421173.297 2769787.238 nan nan
10 16751 14024 14023 1 207171.3057 7943.861489 199061.8554 222197.0339 23135.17854 197668.4292 246639.0149 48970.58572 0.7750141153 13014.79316 37456.77416 nan nan
11 154309 27447 27440 7 228972.8544 19890.72209 216632.5006 237043.8641 20411.36353 195539.2265 1509414.046 1313874.82 31.11423656 13288.81843 1279738.086 nan nan
12 34081 3466 3464 2 225641.7286 22180.65088 204319.744 245133.5821 40813.83818 195326.6174 953754.8766 758428.2591 20.28658961 28456.09538 737077.3898 nan nan
13 161766 26156 26146 10 1785041.776 653871.0004 942013.9971 2931011.594 1988997.597 241146.9223 4551570.686 4310423.764 0.25848786 1501068.134 3121627.227 nan nan
14 168732 14242 14242 0 216046.0123 5829.428187 209263.6194 224527.9139 15264.2945 195295.2842 246490.2341 51194.94989 0.9900299209 10308.67683 28875.67836 nan nan

K=15, phase=forward, parameter=e [-]
cluster representative_source n_cluster n_valid n_missing median std p05 p95 width90 minimum maximum range skewness error95 error_max angle_origin_deg angle_resultant
0 128398 31228 31222 6 0.6400307585 0.09045610297 0.510726385 0.7672995186 0.2565731337 0.1946760287 0.822037683 0.6273616543 -0.5698156339 0.163059429 0.4791097853 nan nan
1 39208 8671 8668 3 0.3920872147 0.07917244611 0.2896232464 0.5208837116 0.2312604652 0.169493203 0.7251866045 0.5556934015 0.2618561085 0.1482220155 0.3517852275 nan nan
2 49624 8687 8686 1 0.4261573419 0.03192887082 0.3849618982 0.483741173 0.09877927477 0.1957749225 0.5890949099 0.3933199874 -0.01725338521 0.06065453247 0.2299775273 nan nan
3 208293 6000 5989 11 0.2728860816 0.08841401262 0.206416177 0.5002786913 0.2938625142 0.1698141831 0.5726195203 0.4028053372 0.9403305133 0.2136500893 0.2859909183 nan nan
4 40478 9300 9290 10 0.588266713 0.1010997122 0.493102489 0.830077843 0.336975354 0.1698731259 0.8952125964 0.7253394705 0.5801204411 0.2525656056 0.4284334371 nan nan
5 122456 16862 16861 1 0.455432383 0.05621461083 0.3623600943 0.499861144 0.1375010497 0.1704928964 0.5112590529 0.3407661565 -1.955135006 0.07550976324 0.2673769611 nan nan
6 28932 2844 2839 5 0.384079365 0.134514297 0.1928806489 0.6556550946 0.4627744457 0.1722257304 0.8954250633 0.7231993329 0.7337363474 0.293095373 0.4120347892 nan nan
7 5959 5526 5526 0 0.3575733254 0.06433181893 0.2822762955 0.4986343138 0.2163580183 0.1816681563 0.5711935452 0.3895253889 0.3817470548 0.1856116991 0.2581709305 nan nan
8 57825 14071 14069 2 0.5227219678 0.08665908188 0.439774588 0.6941113859 0.2543367979 0.1701598274 0.8772211912 0.7070613638 0.3209784669 0.162160763 0.3634600685 nan nan
9 219846 5600 5593 7 0.2652889553 0.1764904589 0.1747544028 0.7143112348 0.539556832 0.1711237845 0.842575963 0.6714521785 0.9447755471 0.5399872251 0.6682519534 nan nan
10 16751 14024 14023 1 0.488855358 0.05739117765 0.3805019101 0.5463830357 0.1658811256 0.1744012197 0.5562090262 0.3818078064 -0.8701644538 0.09398941867 0.3000901091 nan nan
11 154309 27447 27440 7 0.3308971813 0.04656790264 0.266191172 0.4218895295 0.1556983575 0.1700666531 0.6839207812 0.5138541281 0.4800840883 0.09847513169 0.3586176435 nan nan
12 34081 3466 3464 2 0.3558781599 0.1053375448 0.1914345704 0.5092697597 0.3178351893 0.1685723685 0.5727162374 0.4041438689 -0.05374470509 0.2297004435 0.2525626455 nan nan
13 161766 26156 26146 10 0.7332721741 0.1225440336 0.4853635051 0.8378795454 0.3525160403 0.2062286491 0.8956399398 0.6894112907 -0.8224935805 0.189088075 0.4596068996 nan nan
14 168732 14242 14242 0 0.4259806942 0.04295070979 0.3641423861 0.474400267 0.1102578809 0.176276511 0.5729557573 0.3966792463 -1.210259973 0.07386576059 0.238449594 nan nan

K=15, phase=forward, parameter=w [deg]
cluster representative_source n_cluster n_valid n_missing median std p05 p95 width90 minimum maximum range skewness error95 error_max angle_origin_deg angle_resultant
0 128398 31228 31222 6 -4.847221308 29.26021335 -22.84418051 47.57996407 70.42414458 -179.8926184 179.7005182 359.5931366 1.269561369 72.41938837 179.9764906 174.6697779 0.8974583204
1 39208 8671 8668 3 -2.571474893 25.34264077 -19.57000236 31.64196147 51.21196383 -179.0425674 178.1434902 357.1860577 2.192662221 50.70153012 178.9760989 311.8576873 0.9265724088
2 49624 8687 8686 1 -3.041563889 22.96879728 -27.02404697 37.22886605 64.25291302 -179.3889563 179.9261046 359.3150609 0.8569042537 58.9266487 173.7375084 193.7138216 0.9278500182
3 208293 6000 5989 11 -13.07556759 42.59766194 -43.57803946 75.93855622 119.5165957 -179.4625279 178.7632325 358.2257605 0.6023541535 119.9834934 179.3729328 82.13488193 0.7568101337
4 40478 9300 9290 10 -13.54851997 50.08546918 -45.35639277 92.03602116 137.3924139 -179.9668167 178.311554 358.2783707 0.3562030072 132.424033 179.9306562 208.1126456 0.6903038543
5 122456 16862 16861 1 -4.173889837 31.39480858 -20.48443619 48.27859524 68.76303143 -178.5074471 179.5475916 358.0550388 1.329688364 71.31478492 179.7921079 12.73361497 0.8934949119
6 28932 2844 2839 5 -4.973744101 63.3671365 -75.14562493 105.3177613 180.4633862 -179.9733678 179.9961429 359.9695108 0.1162412741 148.0188914 179.8457281 202.9757165 0.6157760743
7 5959 5526 5526 0 -0.2484030984 47.10481989 -25.95496846 50.83374477 76.78871324 -179.7449616 179.9297261 359.6746877 -1.106446722 138.541991 179.8941088 315.3724226 0.7910176463
8 57825 14071 14069 2 -4.388880114 34.14939159 -28.56972967 58.28558419 86.85531386 -179.7788016 178.8356967 358.6144983 1.619245131 88.52392561 179.8977155 192.5207626 0.8656078882
9 219846 5600 5593 7 -0.8029348938 68.49937374 -132.9343121 92.55719354 225.4915057 -178.3641623 179.6786888 358.0428511 -0.4042148275 166.2819567 179.0996257 13.79950611 0.4776287973
10 16751 14024 14023 1 -1.477352401 18.96995021 -11.5977819 14.05878995 25.65657184 -176.9888258 179.7820564 356.7708822 3.348292541 20.94557641 178.6417492 302.838944 0.9617549425
11 154309 27447 27440 7 -2.880224678 22.20724772 -21.57519936 35.32847411 56.90367347 -179.9335598 179.9552393 359.8887992 -0.2952830351 56.63602375 178.8784098 15.55667483 0.9381214459
12 34081 3466 3464 2 -10.01157109 62.02618444 -82.34070164 104.6139368 186.9546385 -179.9657408 179.9446223 359.9103631 0.3121940186 131.3978525 179.8829383 62.47811351 0.5613209734
13 161766 26156 26146 10 -16.15583518 58.47066742 -48.06124138 106.968597 155.0298384 -179.9563449 179.9854878 359.9418327 0.3853077387 132.236812 179.938225 204.4863422 0.5989247152
14 168732 14242 14242 0 -4.907733138 27.79920185 -18.08405763 32.69256013 50.77661776 -179.6665094 179.9775277 359.6440371 2.203386187 47.24171134 179.9921949 8.956413631 0.9138614982

K=17, STD=0.01351539196
n = trajectories per cluster; conditions overlap.
n = 1: clusters=0/17 (0.00%); trajectories=0/194124 (0.00%)
n < 10: clusters=0/17 (0.00%); trajectories=0/194124 (0.00%)
n < 100: clusters=0/17 (0.00%); trajectories=0/194124 (0.00%)

K=17, phase=backward, parameter=a [km]
cluster representative_source n_cluster n_valid n_missing median std p05 p95 width90 minimum maximum range skewness error95 error_max angle_origin_deg angle_resultant
0 128398 31228 31228 0 1904015.636 500436.7669 1293288.36 2916364.873 1623076.514 992885.5913 4550878.486 3557992.895 0.7374754335 943405.2945 2444437.009 nan nan
1 34371 5403 5403 0 203851.2534 3263.608238 200787.0412 210132.1436 9345.102377 195426.4351 239462.7722 44036.33719 2.724205152 5108.346036 34029.21768 nan nan
2 49166 7431 7431 0 229820.3625 5133.288999 221738.4475 238090.0438 16351.59625 214008.8361 241853.8626 27845.02655 -0.006473673735 10971.55358 14725.36348 nan nan
3 208293 6000 6000 0 1184587.67 790665.8664 864744.4098 3542556.112 2677811.702 809679.9595 4543425.988 3733746.029 2.208220974 2298662.198 3299532.074 nan nan
4 48796 7237 7237 0 210877.6782 7506.362901 205184.7257 236768.0508 31583.32506 195346.2669 240327.4725 44981.20557 2.095533677 24648.37329 28207.79502 nan nan
5 122456 16862 16862 0 1257274.783 281729.2516 999450.7708 1610497.117 611046.3464 954375.5452 4536269.84 3581894.295 4.811222488 382594.2827 3308367.006 nan nan
6 28932 2744 2744 0 243808.8206 4006.316076 234697.177 246885.935 12188.75808 228916.9687 247282.6172 18365.64844 -1.382362358 8721.668991 14501.87723 nan nan
7 5959 5279 5279 0 217128.8306 7911.977392 207976.5398 233458.8096 25482.26979 206116.1563 243212.0194 37095.86304 0.6876694929 17495.86195 27249.07172 nan nan
8 81619 8173 8173 0 214120.9407 4347.790993 208268.6569 220581.0168 12312.35982 195292.2075 239125.7385 43833.53097 0.6800158196 7385.816196 23673.60962 nan nan
9 219846 5600 5600 0 795132.8715 33734.15406 772576.1507 859529.145 86952.99434 768052.7014 1134539.833 366487.1313 2.892713362 54806.35182 329817.0395 nan nan
10 15482 12439 12439 0 223818.0383 7021.639694 210922.4495 233288.5692 22366.11978 207215.1505 246963.4355 39748.28498 -0.267223993 12439.31355 23739.39254 nan nan
11 154309 27447 27447 0 915095.0965 157339.1076 810129.4182 1286022.805 475893.3869 777457.9443 1767039.763 989581.8189 1.29145564 384600.5774 865617.5355 nan nan
12 34080 3336 3336 0 225082.649 12351.25714 205488.4523 241642.7354 36154.28312 195309.8806 247085.4548 51775.5742 -0.08465426378 22083.42356 27517.32876 nan nan
13 161766 26156 26156 0 1148258.47 205354.0395 945405.5484 1622339.813 676934.2644 799173.08 1861890.515 1062717.436 0.895413172 480950.1304 720500.8331 nan nan
14 168732 14242 14242 0 909679.4825 52711.14109 854487.425 1026971.278 172483.8526 784926.8344 1141380.122 356453.2871 1.05945452 123229.6139 237638.4578 nan nan
15 73397 5239 5239 0 201698.5975 9653.286642 198338.0255 236510.9344 38172.90896 195307.782 247185.0776 51877.29557 3.488123076 37151.01019 47825.15338 nan nan
16 41395 9308 9308 0 230298.8026 6085.342138 220571.9542 239550.7318 18978.77762 217107.4155 246236.3776 29128.96215 -0.03634626666 13164.92633 19850.57212 nan nan

K=17, phase=backward, parameter=e [-]
cluster representative_source n_cluster n_valid n_missing median std p05 p95 width90 minimum maximum range skewness error95 error_max angle_origin_deg angle_resultant
0 128398 31228 31228 0 0.7499887981 0.06448734124 0.6300956266 0.8370667771 0.2069711506 0.5125146789 0.8956261106 0.3831114318 -0.5698566414 0.1441419998 0.2617229475 nan nan
1 34371 5403 5403 0 0.5125194209 0.0233838523 0.4678617769 0.5342202304 0.06635845349 0.2463107941 0.5719985499 0.3256877558 -2.930565976 0.03627462575 0.2548894213 nan nan
2 49166 7431 7431 0 0.3243132889 0.0399313519 0.257174545 0.384822779 0.127648234 0.2212747976 0.4394687349 0.2181939373 -0.07421617829 0.08765197782 0.1235333803 nan nan
3 208293 6000 6000 0 0.5955240359 0.1283533178 0.4348775006 0.8658756548 0.4309981543 0.3906839974 0.8954556795 0.5047716821 0.4883525655 0.2502384018 0.2798184264 nan nan
4 48796 7237 7237 0 0.4628116804 0.05571507761 0.2693405288 0.5032172156 0.2338766867 0.2375309614 0.5726100257 0.3350790642 -2.222662344 0.1845656132 0.2163751806 nan nan
5 122456 16862 16862 0 0.6190673101 0.06262309819 0.516455468 0.7038948404 0.1874393724 0.4922151284 0.8952915353 0.4030764069 0.2877566355 0.1026155714 0.2855927667 nan nan
6 28932 2744 2744 0 0.2049871976 0.03665782094 0.1725335477 0.2855679464 0.1130343987 0.168193931 0.3316732564 0.1634793254 1.164333643 0.07593795297 0.1220432629 nan nan
7 5959 5279 5279 0 0.4177753035 0.05848378505 0.2957162828 0.483293797 0.1875775143 0.208478005 0.4962781948 0.2878001898 -0.776248192 0.1300018648 0.2172401426 nan nan
8 81619 8173 8173 0 0.4397784113 0.0313503001 0.3933952921 0.4814586353 0.08806334318 0.2486481218 0.5729713754 0.3243232537 -0.8010071376 0.05254042376 0.1817380105 nan nan
9 219846 5600 5600 0 0.378426591 0.02636876645 0.3571573555 0.4308084548 0.07365109932 0.3526417655 0.5774913853 0.2248496198 1.924872178 0.04300361628 0.1896865468 nan nan
10 15482 12439 12439 0 0.3686951139 0.05206492969 0.2961862937 0.4622324576 0.1660461638 0.1712212675 0.4886047653 0.3173834978 0.2096720797 0.09174963027 0.2019145139 nan nan
11 154309 27447 27447 0 0.469006016 0.07674707148 0.3918763896 0.6276874191 0.2358110295 0.3616334231 0.7308438266 0.3692104035 0.6557505911 0.1681375486 0.271293956 nan nan
12 34080 3336 3336 0 0.3600077355 0.094060106 0.225934668 0.5009894114 0.2750547434 0.1706212708 0.5728380059 0.4022167351 0.001206272216 0.174307136 0.2296205332 nan nan
13 161766 26156 26156 0 0.5821289008 0.06777275585 0.4872240772 0.7062103628 0.2189862856 0.381488341 0.7442977461 0.3628094051 0.1046711322 0.1364257758 0.1979252373 nan nan
14 168732 14242 14242 0 0.4654234239 0.03100018723 0.4274087749 0.5299624769 0.102553702 0.3685913825 0.5801137771 0.2115223947 0.6716709046 0.06954040416 0.1188063249 nan nan
15 73397 5239 5239 0 0.5277634779 0.07340081508 0.2715348281 0.5514588961 0.2799240679 0.1691570339 0.5728758046 0.4037187707 -3.577390554 0.2727838204 0.3751616146 nan nan
16 41395 9308 9308 0 0.3204953382 0.0474373121 0.2448538763 0.3930822203 0.148228344 0.1805935826 0.4170346165 0.2364410339 -0.04115591357 0.1053571992 0.1696174929 nan nan

K=17, phase=backward, parameter=w [deg]
cluster representative_source n_cluster n_valid n_missing median std p05 p95 width90 minimum maximum range skewness error95 error_max angle_origin_deg angle_resultant
0 128398 31228 31228 0 -1.288340138 4.959838635 -5.82815386 10.89737426 16.72552812 -9.627846659 15.71552357 25.34337023 1.09389131 13.76802112 18.58617043 20.21551847 0.9962616212
1 34371 5403 5403 0 -1.454031121 5.951647311 -7.029474852 12.22651094 19.2559858 -17.16529688 28.17158217 45.33687906 1.154804868 17.42402787 33.3690991 191.5169288 0.9946260443
2 49166 7431 7431 0 0.4302276158 5.190729981 -6.383055533 4.854254393 11.23730993 -35.59084151 13.11042536 48.70126688 -3.864572697 7.556534054 35.66599999 207.1366431 0.9959720349
3 208293 6000 6000 0 -0.4482801597 7.438849814 -9.411542796 15.00211706 24.41365985 -9.896996989 16.14725781 26.0442548 0.4836437142 21.1973712 22.34251195 20.51210369 0.9915983251
4 48796 7237 7237 0 -1.298247272 5.127762882 -5.277199369 12.23722769 17.51442706 -24.57635693 21.3268607 45.90321763 1.552673221 15.36082391 24.41590869 198.3702147 0.996010205
5 122456 16862 16862 0 0.2503756591 2.338062311 -3.158702907 2.810887303 5.96959021 -16.56526258 8.792557453 25.35782003 -1.831305419 3.841220221 16.93635363 27.18348652 0.999169015
6 28932 2744 2744 0 2.401090872 13.18926628 -27.64856717 14.24231799 41.89088515 -32.39271283 15.78148086 48.17419369 -0.8252635478 37.04732922 41.79147489 204.1581518 0.9738158172
7 5959 5279 5279 0 -3.94350097 13.76373798 -13.82831279 23.11114929 36.93946208 -23.11185338 25.40967157 48.52152495 0.4987626091 37.53548561 39.83400789 194.615543 0.971374137
8 81619 8173 8173 0 -0.2408848364 4.398053104 -5.178618747 6.948181808 12.12680055 -30.87000891 15.68777547 46.55778438 -0.7299411499 8.005461252 33.24767372 204.0081725 0.9970693799
9 219846 5600 5600 0 1.100301976 5.248995533 -9.582669166 6.160736192 15.74340536 -15.42104452 7.165758752 22.58680327 -0.6012964866 12.86402805 13.86905061 29.49091703 0.9958104115
10 15482 12439 12439 0 -0.4411966826 3.97264708 -5.547206341 6.297011633 11.84421797 -18.56043419 29.41954722 47.97998141 1.173213851 6.855159492 29.96176648 190.0571822 0.9976049321
11 154309 27447 27447 0 1.731217278 5.430399637 -9.87492021 6.299577233 16.17449744 -15.67555013 9.731598268 25.4071484 -0.5769334439 15.34124698 21.1418769 27.32619113 0.995515771
12 34080 3336 3336 0 -2.158165946 9.172680224 -9.566319505 17.45911453 27.02543403 -29.54119418 19.2350185 48.77621268 0.1677777681 23.531887 25.30779098 200.9935998 0.9872755389
13 161766 26156 26156 0 -0.8299056861 4.626697343 -5.589842337 12.67636584 18.26620817 -11.27245102 13.76529271 25.03774372 1.534777076 11.87296792 12.95242944 23.19087991 0.9967490497
14 168732 14242 14242 0 0.584008243 3.378725364 -6.428474263 3.72142119 10.14989545 -13.97856577 9.089780031 23.0683458 -0.7009937259 8.693915536 16.24400704 27.97335594 0.9982632092
15 73397 5239 5239 0 -1.21202708 8.465708555 -10.43694575 12.81920788 23.25615363 -14.8101972 27.25039572 42.06059293 0.971551579 13.74808096 28.1727471 192.8008981 0.9891632718
16 41395 9308 9308 0 -1.996002852 6.509251771 -7.151326084 11.34419529 18.49552138 -33.79016457 15.06491598 48.85508056 -0.3221689742 13.96720821 31.54491453 205.2897259 0.9935872837

K=17, phase=forward, parameter=a [km]
cluster representative_source n_cluster n_valid n_missing median std p05 p95 width90 minimum maximum range skewness error95 error_max angle_origin_deg angle_resultant
0 128398 31228 31222 6 1327504.336 347974.4933 987468.6575 2044547.84 1057079.183 228551.3064 2668615.345 2440064.039 0.4556277016 637646.7106 1233948.082 nan nan
1 34371 5403 5403 0 209866.2525 8008.317744 202318.828 223491.6084 21172.78037 195882.2113 247163.5305 51281.31914 1.169484572 12285.52921 33161.37595 nan nan
2 49166 7431 7430 1 845875.2999 44007.35974 800892.6985 918786.9873 117894.2888 239364.6789 1108417.192 869052.5136 -3.519939862 73884.72774 606115.3499 nan nan
3 208293 6000 5989 11 236267.1179 18551.50795 205589.6486 243598.3553 38008.70678 195340.6591 1081874.302 886533.643 26.16601489 29072.38885 847238.187 nan nan
4 48796 7237 7237 0 1305086.696 490342.8834 1015039.236 1722958.562 707919.3254 237157.7578 4471536.463 4234378.705 3.801023591 605913.927 3082296.14 nan nan
5 122456 16862 16861 1 211909.8303 10601.65033 205660.1033 224755.17 19095.06673 204045.2464 773830.6283 569785.3819 26.69026683 10385.32774 559460.786 nan nan
6 28932 2744 2738 6 794560.1182 497035.427 228454.406 1444406.219 1215951.813 202594.7616 4542129.342 4339534.58 2.68748063 716603.3511 3604806.797 nan nan
7 5959 5279 5279 0 225478.5777 8420.487492 206041.6915 235154.124 29112.43255 202984.8776 247111.66 44126.78242 -0.5621320898 25062.34765 28119.16153 nan nan
8 81619 8173 8171 2 920435.9347 62716.54532 857809.6211 1032192.839 174383.2174 214619.024 1418611.538 1203992.514 -0.1104346478 118748.1044 706966.0577 nan nan
9 219846 5600 5593 7 243615.2553 496228.3006 221355.3653 1667890.336 1446534.971 195377.1758 3016504.278 2821127.102 1.433289212 1421173.297 2769787.238 nan nan
10 15482 12439 12437 2 206936.6609 8017.266031 198941.5443 222207.1159 23265.5716 195549.0618 246639.0149 51089.95312 0.7875328008 13282.44221 37713.42111 nan nan
11 154309 27447 27440 7 228972.8544 19890.72209 216632.5006 237043.8641 20411.36353 195539.2265 1509414.046 1313874.82 31.11423656 13288.81843 1279738.086 nan nan
12 34080 3336 3333 3 225857.4255 18590.15473 204320.9762 245057.5467 40736.5705 195326.6174 951117.7636 755791.1462 17.80096077 29515.0967 735575.3137 nan nan
13 161766 26156 26146 10 1785041.776 653871.0004 942013.9971 2931011.594 1988997.597 241146.9223 4551570.686 4310423.764 0.25848786 1501068.134 3121627.227 nan nan
14 168732 14242 14242 0 216046.0123 5829.428187 209263.6194 224527.9139 15264.2945 195295.2842 246490.2341 51194.94989 0.9900299209 10308.67683 28875.67836 nan nan
15 73397 5239 5236 3 226504.9193 27528.22231 209934.2299 234552.7602 24618.53027 195418.9692 1557141.081 1361722.112 41.57278103 16026.1115 1332353.862 nan nan
16 41395 9308 9301 7 1126914.911 498113.3673 937133.489 1958967.99 1021834.501 203840.7897 4532888.748 4329047.958 3.801124632 876583.9587 3419848.255 nan nan

K=17, phase=forward, parameter=e [-]
cluster representative_source n_cluster n_valid n_missing median std p05 p95 width90 minimum maximum range skewness error95 error_max angle_origin_deg angle_resultant
0 128398 31228 31222 6 0.6400307585 0.09045610297 0.510726385 0.7672995186 0.2565731337 0.1946760287 0.822037683 0.6273616543 -0.5698156339 0.163059429 0.4791097853 nan nan
1 34371 5403 5403 0 0.4699169735 0.05875574807 0.3713945275 0.523417785 0.1520232575 0.169493203 0.5688579778 0.3993647748 -1.342929704 0.08761712856 0.2706799966 nan nan
2 49166 7431 7430 1 0.4208875699 0.02861355398 0.3838391548 0.471231514 0.08739235921 0.1957749225 0.5671631893 0.3713882668 -0.2559717565 0.05380364432 0.2244376576 nan nan
3 208293 6000 5989 11 0.2728860816 0.08841401262 0.206416177 0.5002786913 0.2938625142 0.1698141831 0.5726195203 0.4028053372 0.9403305133 0.2136500893 0.2859909183 nan nan
4 48796 7237 7237 0 0.6333725496 0.08201024023 0.5239727053 0.723457076 0.1994843706 0.1699024182 0.893771873 0.7238694548 -0.4039354761 0.1728746161 0.4861272237 nan nan
5 122456 16862 16861 1 0.455432383 0.05621461083 0.3623600943 0.499861144 0.1375010497 0.1704928964 0.5112590529 0.3407661565 -1.955135006 0.07550976324 0.2673769611 nan nan
6 28932 2744 2738 6 0.3831551908 0.1387263758 0.1922558171 0.6694962251 0.477240408 0.1722257304 0.8954250633 0.7231993329 0.815867771 0.2935892916 0.4120347892 nan nan
7 5959 5279 5279 0 0.3563434498 0.06265697733 0.282102865 0.4971298446 0.2150269796 0.1702037848 0.5187309825 0.3485271977 0.4306959528 0.1841072299 0.2057083679 nan nan
8 81619 8173 8171 2 0.4722944958 0.03497722816 0.4299820268 0.5326981855 0.1027161587 0.2153038587 0.6639248231 0.4486209644 0.1722780259 0.06512970422 0.2581856321 nan nan
9 219846 5600 5593 7 0.2652889553 0.1764904589 0.1747544028 0.7143112348 0.539556832 0.1711237845 0.842575963 0.6714521785 0.9447755471 0.5399872251 0.6682519534 nan nan
10 15482 12439 12437 2 0.4904910418 0.05791403145 0.3803930806 0.5472128354 0.1668197547 0.1744012197 0.5711935452 0.3967923254 -0.8811207648 0.09590312838 0.3018949893 nan nan
11 154309 27447 27440 7 0.3308971813 0.04656790264 0.266191172 0.4218895295 0.1556983575 0.1700666531 0.6839207812 0.5138541281 0.4800840883 0.09847513169 0.3586176435 nan nan
12 34080 3336 3333 3 0.354279634 0.1055478309 0.1923821578 0.5092691414 0.3168869836 0.1685723685 0.5727162374 0.4041438689 -0.04366535066 0.2369139357 0.260723725 nan nan
13 161766 26156 26146 10 0.7332721741 0.1225440336 0.4853635051 0.8378795454 0.3525160403 0.2062286491 0.8956399398 0.6894112907 -0.8224935805 0.189088075 0.4596068996 nan nan
14 168732 14242 14242 0 0.4259806942 0.04295070979 0.3641423861 0.474400267 0.1102578809 0.176276511 0.5729557573 0.3966792463 -1.210259973 0.07386576059 0.238449594 nan nan
15 73397 5239 5236 3 0.3489097072 0.05664079756 0.286332942 0.469872022 0.18353908 0.1816681563 0.6937205124 0.5120523561 0.7172677561 0.1167696744 0.3319587253 nan nan
16 41395 9308 9301 7 0.5736146285 0.09148977363 0.4822077528 0.7573590814 0.2751513286 0.1698731259 0.8952125964 0.7253394705 0.5714678726 0.2157520085 0.3979977924 nan nan

K=17, phase=forward, parameter=w [deg]
cluster representative_source n_cluster n_valid n_missing median std p05 p95 width90 minimum maximum range skewness error95 error_max angle_origin_deg angle_resultant
0 128398 31228 31222 6 -4.847221308 29.26021335 -22.84418051 47.57996407 70.42414458 -179.8926184 179.7005182 359.5931366 1.269561369 72.41938837 179.9764906 174.6697779 0.8974583204
1 34371 5403 5403 0 -2.621080036 31.42694005 -22.51812307 94.53712508 117.0552481 -178.2812461 171.3366989 349.617945 2.40031311 110.8565556 177.3116079 315.1846485 0.8882516102
2 49166 7431 7430 1 -2.633068062 21.62632552 -25.71027988 34.36369924 60.07397912 -179.3033595 176.2455577 355.5489172 0.8126437394 54.53993704 175.2118997 193.6282248 0.9359878704
3 208293 6000 5989 11 -13.07556759 42.59766194 -43.57803946 75.93855622 119.5165957 -179.4625279 178.7632325 358.2257605 0.6023541535 119.9834934 179.3729328 82.13488193 0.7568101337
4 48796 7237 7237 0 -8.087156155 47.86968464 -30.60247668 116.5157014 147.1181781 -178.7892736 179.9490322 358.7383058 1.134362922 138.2389508 179.9296864 194.5200978 0.7493496138
5 122456 16862 16861 1 -4.173889837 31.39480858 -20.48443619 48.27859524 68.76303143 -178.5074471 179.5475916 358.0550388 1.329688364 71.31478492 179.7921079 12.73361497 0.8934949119
6 28932 2744 2738 6 -4.872044754 58.02905913 -66.46963014 95.66066922 162.1302994 -179.7008011 179.919599 359.6204001 0.2802992473 140.3142411 179.8457281 203.3023048 0.6564671034
7 5959 5279 5279 0 -15.3106533 45.97370158 -122.2861195 46.08280128 168.3689208 -179.9993123 179.9641426 359.9634548 -1.536660238 139.2327334 179.8941088 313.1635008 0.8016606874
8 81619 8173 8171 2 -2.985787496 25.25864462 -29.83944386 43.36908836 73.20853221 -172.4711905 178.9361074 351.4072979 0.9691987691 47.72451366 177.4244341 194.149549 0.9127584304
9 219846 5600 5593 7 -0.8029348938 68.49937374 -132.9343121 92.55719354 225.4915057 -178.3641623 179.6786888 358.0428511 -0.4042148275 166.2819567 179.0996257 13.79950611 0.4776287973
10 15482 12439 12437 2 -0.8948566526 18.24276267 -10.8087662 12.3395947 23.1483609 -179.4206488 178.4249964 357.8456452 2.96606299 17.98622356 178.848248 302.0416492 0.9658715319
11 154309 27447 27440 7 -2.880224678 22.20724772 -21.57519936 35.32847411 56.90367347 -179.9335598 179.9552393 359.8887992 -0.2952830351 56.63602375 178.8784098 15.55667483 0.9381214459
12 34080 3336 3333 3 -10.69648238 63.26017396 -83.30216474 104.8994579 188.2016227 -179.172319 179.7850985 358.9574176 0.301697702 130.8147574 179.8080302 62.72727418 0.5424674917
13 161766 26156 26146 10 -16.15583518 58.47066742 -48.06124138 106.968597 155.0298384 -179.9563449 179.9854878 359.9418327 0.3853077387 132.236812 179.938225 204.4863422 0.5989247152
14 168732 14242 14242 0 -4.907733138 27.79920185 -18.08405763 32.69256013 50.77661776 -179.6665094 179.9775277 359.6440371 2.203386187 47.24171134 179.9921949 8.956413631 0.9138614982
15 73397 5239 5236 3 -5.506770949 27.23559107 -20.05679056 57.64685491 77.70364547 -179.1140681 178.0719896 357.1860577 1.577217151 68.79652162 176.4652721 311.929188 0.9082812303
16 41395 9308 9301 7 -13.3896095 47.45925765 -41.92676607 92.37180488 134.298571 -178.2625785 179.4093001 357.6718786 0.5269721212 131.2439741 179.9727529 204.6867781 0.7205830615

K=19, STD=0.01317413507
n = trajectories per cluster; conditions overlap.
n = 1: clusters=0/19 (0.00%); trajectories=0/194124 (0.00%)
n < 10: clusters=0/19 (0.00%); trajectories=0/194124 (0.00%)
n < 100: clusters=0/19 (0.00%); trajectories=0/194124 (0.00%)

K=19, phase=backward, parameter=a [km]
cluster representative_source n_cluster n_valid n_missing median std p05 p95 width90 minimum maximum range skewness error95 error_max angle_origin_deg angle_resultant
0 128106 30980 30980 0 1904714.269 487844.0892 1294402.471 2902768.771 1608366.301 994287.9765 4550878.486 3556590.509 0.5800648427 937160.5581 2436033.949 nan nan
1 21987 4740 4740 0 212633.3973 3505.204048 207185.5911 217797.3402 10611.74908 205388.9893 222736.061 17347.0717 -0.04947714738 6042.019356 9648.432999 nan nan
2 49166 7431 7431 0 229820.3625 5133.288999 221738.4475 238090.0438 16351.59625 214008.8361 241853.8626 27845.02655 -0.006473673735 10971.55358 14725.36348 nan nan
3 221317 4362 4362 0 924887.2871 225172.6121 782294.4874 1486409.355 704114.8673 772045.0536 1856054.399 1084009.345 1.324554687 576745.3286 946390.3724 nan nan
4 48796 7234 7234 0 210881.1302 7507.321803 205184.6037 236776.569 31591.9653 195346.2669 240327.4725 44981.20557 2.094936327 24656.89153 28207.79502 nan nan
5 127595 3652 3652 0 1554738.699 1008967.809 944951.1413 4232930.867 3287979.726 906911.243 4543425.988 3636514.745 1.253268054 2826995.768 3137490.889 nan nan
6 28932 2738 2738 0 243802.3017 4007.763761 234682.2033 246885.5316 12203.32831 228916.9687 247282.6172 18365.64844 -1.380279215 8736.642675 14501.87723 nan nan
7 5959 5138 5138 0 217387.68 7944.589125 207945.0272 233556.3763 25611.34902 205923.4438 243212.0194 37288.57562 0.6556849174 17593.42859 27249.07172 nan nan
8 81619 8172 8172 0 214123.9194 4347.824494 208268.4621 220581.0618 12312.59978 195292.2075 239125.7385 43833.53097 0.6798400686 7385.822727 23673.60962 nan nan
9 172743 4515 4515 0 800606.8841 51661.50919 772026.8375 933440.2311 161413.3936 768052.7014 1080093.809 312041.1072 1.367501621 130568.0402 277221.6177 nan nan
10 13960 9062 9062 0 226685.5668 4580.751442 219246.9577 233762.2085 14515.25082 217723.0871 247133.4129 29410.32574 0.06129231113 7844.131447 21068.64967 nan nan
11 154309 27438 27438 0 915122.8721 158187.6858 809759.5682 1286773.998 477014.4297 772148.0813 1883110.718 1110962.637 1.299721936 385351.7703 981688.4903 nan nan
12 34080 3292 3292 0 225211.2001 12342.46295 205462.7746 241651.873 36189.09841 195309.8806 247085.4548 51775.5742 -0.1013223216 22088.46404 27517.32876 nan nan
13 161476 25184 25184 0 1160496.992 200941.5785 968232.5444 1634771.813 666539.2688 843966.0976 1861890.515 1017924.418 0.9669301718 491293.7066 718412.4088 nan nan
14 168732 15039 15039 0 906711.6894 56916.52767 844843.2617 1025500.5 180657.2387 771953.8647 1173532.298 401578.433 0.7245129415 125217.2294 269790.6339 nan nan
15 74960 5227 5227 0 201705.5936 9710.846355 198337.9318 236684.5656 38346.63383 195307.782 247185.0776 51877.29557 3.462505904 37265.39294 47765.90494 nan nan
16 41395 9307 9307 0 230298.234 6084.537052 220571.7262 239544.576 18972.84984 217107.4155 246236.3776 29128.96215 -0.03645719457 13158.77055 19850.57212 nan nan
17 50657 4248 4248 0 203067.5861 2550.379384 200663.8716 206510.649 5846.777427 195426.4351 239462.7722 44036.33719 6.762570206 4582.662015 37519.90045 nan nan
18 122456 16365 16365 0 1251113.49 197042.1395 998667.9344 1589766.042 591098.1076 954375.5452 4536269.84 3581894.295 1.563194156 361863.2075 3308367.006 nan nan

K=19, phase=backward, parameter=e [-]
cluster representative_source n_cluster n_valid n_missing median std p05 p95 width90 minimum maximum range skewness error95 error_max angle_origin_deg angle_resultant
0 128106 30980 30980 0 0.7501649327 0.0640785583 0.6303600763 0.8362997089 0.2059396326 0.5132441295 0.8956261106 0.3823819811 -0.5996427765 0.1447783956 0.2618943424 nan nan
1 21987 4740 4740 0 0.4499220438 0.02510848216 0.4127919698 0.4889159467 0.07612397691 0.377865056 0.5015846715 0.1237196155 0.04224659131 0.04329552692 0.06881175315 nan nan
2 49166 7431 7431 0 0.3243132889 0.0399313519 0.257174545 0.384822779 0.127648234 0.2212747976 0.4394687349 0.2181939373 -0.07421617829 0.08765197782 0.1235333803 nan nan
3 221317 4362 4362 0 0.4751291503 0.09969951219 0.366662583 0.6794510297 0.3127884468 0.3566637373 0.7438227878 0.3871590505 0.5664130863 0.2131408618 0.2775126199 nan nan
4 48796 7234 7234 0 0.4627923845 0.0557223386 0.2692543337 0.5032175525 0.2339632188 0.2375309614 0.5726100257 0.3350790642 -2.222058858 0.1846518083 0.2163751806 nan nan
5 127595 3652 3652 0 0.6931845399 0.1258950159 0.4869484031 0.8877841046 0.4008357016 0.4627754376 0.8954556795 0.4326802418 0.02869904345 0.2275104983 0.2351820731 nan nan
6 28932 2738 2738 0 0.2050812936 0.03666831461 0.1725368817 0.2856634775 0.1131265958 0.168193931 0.3316732564 0.1634793254 1.162406113 0.07603348411 0.1220432629 nan nan
7 5959 5138 5138 0 0.4159390261 0.0587304337 0.2950506177 0.4834756439 0.1884250263 0.208478005 0.4976500486 0.2891720436 -0.744913862 0.13066753 0.2172401426 nan nan
8 81619 8172 8172 0 0.4397731146 0.03135055141 0.3933939667 0.481459502 0.08806553524 0.2486481218 0.5729713754 0.3243232537 -0.8008427791 0.05254089045 0.1817380105 nan nan
9 172743 4515 4515 0 0.3830773366 0.03916692504 0.3565913733 0.479481565 0.1228901917 0.3526417655 0.555349464 0.2027076985 1.096367593 0.09475484342 0.1706227424 nan nan
10 13960 9062 9062 0 0.3472884516 0.03474918897 0.2924178258 0.4022756513 0.1098578254 0.1698247327 0.4134082931 0.2435835604 -0.1386879293 0.0598137875 0.1821417529 nan nan
11 154309 27438 27438 0 0.4690377111 0.07708399201 0.3915646701 0.6279235332 0.236358863 0.3567892051 0.7475373127 0.3907481076 0.6511745451 0.1683736626 0.2879874422 nan nan
12 34080 3292 3292 0 0.3588414265 0.09401072155 0.225883752 0.5011777987 0.2752940467 0.1706212708 0.5728380059 0.4022167351 0.01695028922 0.174358052 0.2296205332 nan nan
13 161476 25184 25184 0 0.5866881301 0.06308022498 0.5002040466 0.7084551831 0.2082511365 0.4184802697 0.7442977461 0.3258174764 0.3212923046 0.1292731535 0.1640896774 nan nan
14 168732 15039 15039 0 0.4635657134 0.03488928878 0.4200044553 0.5293256802 0.1093212249 0.3565500024 0.5919951165 0.2354451141 0.1479195825 0.07841585253 0.1306876643 nan nan
15 74960 5227 5227 0 0.5276908897 0.07384637101 0.2700864514 0.5514655973 0.2813791459 0.1691570339 0.5728758046 0.4037187707 -3.551223723 0.2738180862 0.3747475036 nan nan
16 41395 9307 9307 0 0.3204961538 0.0474295138 0.2448779987 0.3930822378 0.1482042391 0.1805935826 0.4170346165 0.2364410339 -0.04095096294 0.1053330768 0.1696174929 nan nan
17 50657 4248 4248 0 0.518103215 0.0184592764 0.4937019726 0.5350801306 0.041378158 0.2463107941 0.5719985499 0.3256877558 -7.160190338 0.03241801766 0.2796879953 nan nan
18 122456 16365 16365 0 0.6171377549 0.05845077274 0.5160739639 0.6999870783 0.1839131144 0.4922151284 0.8952915353 0.4030764069 -0.1189594767 0.09990781463 0.2855927667 nan nan

K=19, phase=backward, parameter=w [deg]
cluster representative_source n_cluster n_valid n_missing median std p05 p95 width90 minimum maximum range skewness error95 error_max angle_origin_deg angle_resultant
0 128106 30980 30980 0 -1.308388981 4.959621315 -5.814278406 10.90102756 16.71530597 -9.644004726 15.68798118 25.33198591 1.099743403 13.80642425 18.59337786 20.23167654 0.9962619289
1 21987 4740 4740 0 -0.8453914374 5.322285329 -4.829906178 16.56735021 21.39725638 -14.30895333 27.474662 41.78361533 2.699805196 18.66974328 29.57705507 188.5696437 0.9957191999
2 49166 7431 7431 0 0.4302276158 5.190729981 -6.383055533 4.854254393 11.23730993 -35.59084151 13.11042536 48.70126688 -3.864572697 7.556534054 35.66599999 207.1366431 0.9959720349
3 221317 4362 4362 0 -1.647660674 8.358635385 -10.17303316 12.77669316 22.94972631 -11.10231885 13.4355706 24.53788945 0.3362243896 17.73424703 18.39312447 22.93683445 0.9893892379
4 48796 7234 7234 0 -1.296569929 5.127248013 -5.274892465 12.24055911 17.51545157 -24.5737891 21.32942853 45.90321763 1.554506443 15.36239713 24.41590869 198.3676468 0.9960110211
5 127595 3652 3652 0 2.50375403 6.472316336 -9.983664007 7.54297772 17.52664173 -10.32559969 15.72812157 26.05372126 -0.4139486102 12.89282923 13.23476491 20.94070639 0.9936326574
6 28932 2738 2738 0 2.397420004 13.19590668 -27.6462876 14.24673805 41.89302565 -32.38972511 15.78446858 48.17419369 -0.824874709 37.04803737 41.79147489 204.1551641 0.9737895943
7 5959 5138 5138 0 -3.919288708 13.80897536 -13.87421501 23.13756595 37.01178096 -23.14175359 25.37977136 48.52152495 0.4965206915 37.59180248 39.83400789 194.6454432 0.9711869248
8 81619 8172 8172 0 -0.2410156902 4.398185709 -5.178482013 6.949299291 12.1277813 -30.86962509 15.68815929 46.55778438 -0.7297471858 8.005497914 33.24767372 204.0077887 0.9970692037
9 172743 4515 4515 0 1.688805165 5.340826461 -11.04328692 5.413902604 16.45718952 -16.87377157 5.653129939 22.52690151 -1.027710463 14.77459265 20.60507729 31.30304267 0.9956655989
10 13960 9062 9062 0 0.01272843109 4.036051436 -6.057355487 5.76682272 11.82417821 -19.43935405 28.54062736 47.97998141 0.9462007891 6.471052929 29.07893737 190.9361021 0.997528059
11 154309 27438 27438 0 1.740352549 5.430126483 -9.896728884 6.285751574 16.18248046 -15.8653517 9.73235287 25.59770457 -0.5911029222 15.36381025 21.33243307 27.32543652 0.9955163096
12 34080 3292 3292 0 -2.183461229 9.184043952 -9.598260032 17.42795937 27.02621941 -29.5972963 19.17891639 48.77621268 0.1567234854 23.55683396 25.30779098 201.0497019 0.9872445124
13 161476 25184 25184 0 -0.4439625721 3.857312266 -5.057703342 10.10564218 15.16334552 -10.76097203 13.81374973 24.57472176 1.549281756 9.160333177 12.4932045 22.67940092 0.9977394029
14 168732 15039 15039 0 0.56246642 3.636070629 -6.770213335 3.980286433 10.75049977 -14.24525717 9.102776721 23.34803389 -0.6277854934 9.048651297 16.52369513 27.96035925 0.9979888714
15 74960 5227 5227 0 -1.211495689 8.498070121 -10.5039275 13.00466753 23.50859504 -14.87541556 27.18517736 42.06059293 0.9597158684 13.70433976 27.86548482 192.8661165 0.9890798842
16 41395 9307 9307 0 -1.999058685 6.502202851 -7.153689269 11.34193607 18.49562534 -33.79325647 15.06182409 48.85508056 -0.3142544087 13.96323139 31.54491453 205.2928178 0.9936009308
17 50657 4248 4248 0 -1.035386523 5.13815982 -6.607072397 9.795684526 16.40275692 -15.76208213 27.8524553 43.61453744 0.9941705416 12.59127363 30.64474948 191.8360557 0.9959918763
18 122456 16365 16365 0 0.1777627115 2.07037223 -3.065858888 2.679397123 5.745256011 -16.6941674 8.663652629 25.35782003 -1.262029281 3.587262173 16.93635363 27.31239134 0.9993480476

K=19, phase=forward, parameter=a [km]
cluster representative_source n_cluster n_valid n_missing median std p05 p95 width90 minimum maximum range skewness error95 error_max angle_origin_deg angle_resultant
0 128106 30980 30976 4 1328338.969 342227.8163 990816.8889 2043610.358 1052793.469 231595.3116 2668615.345 2437020.034 0.5593000672 630868.9083 1225260.752 nan nan
1 21987 4740 4740 0 208218.4696 8310.529648 200912.7975 223529.0363 22616.23884 200131.8806 247111.66 46979.77947 0.8737388082 12308.16952 35890.79322 nan nan
2 49166 7431 7430 1 845875.2999 44007.35974 800892.6985 918786.9873 117894.2888 239364.6789 1108417.192 869052.5136 -3.519939862 73884.72774 606115.3499 nan nan
3 221317 4362 4360 2 236853.0485 15702.80175 209598.7034 245832.7491 36234.04575 195800.4036 1081874.302 886073.8985 35.65037659 27258.85419 845022.6875 nan nan
4 48796 7234 7234 0 1305422.215 489895.984 1016073.276 1722965.078 706891.8017 237157.7578 4471536.463 4234378.705 3.815330836 598540.68 3082296.14 nan nan
5 127595 3652 3640 12 232101.7553 55690.39236 205506.9344 244115.2156 38608.28113 195340.6591 1872552.332 1677211.672 19.91159853 26081.81957 1654518.936 nan nan
6 28932 2738 2732 6 794976.7039 496985.6508 229069.3787 1445607.959 1216538.58 202594.7616 4542129.342 4339534.58 2.68981384 716243.2091 3604806.797 nan nan
7 5959 5138 5138 0 225570.5675 8400.938111 206089.9984 235228.7213 29138.72287 203015.7444 245231.8241 42216.07978 -0.5667029613 25014.04073 28088.29477 nan nan
8 81619 8172 8170 2 920452.6604 62254.03859 857843.4235 1032194.237 174350.8133 214619.024 1418611.538 1203992.514 0.04968789509 118477.0613 706966.0577 nan nan
9 172743 4515 4506 9 982999.46 582549.4086 237258.3947 1837055.88 1599797.485 223481.3253 3727499.141 3504017.816 0.2286306002 1633825.414 1856424.376 nan nan
10 13960 9062 9060 2 206972.5225 8199.514056 198691.4765 222139.1527 23447.67614 195549.0618 246762.0239 51212.96212 0.7697815479 13128.68711 37750.05778 nan nan
11 154309 27438 27432 6 228970.4498 18361.95487 216519.6413 237081.046 20561.40469 195539.2265 953883.1639 758343.9374 27.20840822 13556.04817 724207.2033 nan nan
12 34080 3292 3289 3 225769.8567 18676.08604 204320.4174 245051.2023 40730.78491 195326.6174 951117.7636 755791.1462 17.79506142 29508.75232 735575.3137 nan nan
13 161476 25184 25176 8 1808273.908 655859.8704 940576.0368 2941093.702 2000517.665 241146.9223 4551570.686 4310423.764 0.2101837869 1527454.588 3137931.572 nan nan
14 168732 15039 15039 0 216416.3308 7717.189647 209237.8411 233881.7677 24643.92655 195295.2842 246961.2559 51665.97165 1.523801815 16829.93987 29346.70012 nan nan
15 74960 5227 5224 3 226566.537 27558.98519 209933.2813 234559.47 24626.18861 195418.9692 1557141.081 1361722.112 41.52512112 16039.86994 1332348.68 nan nan
16 41395 9307 9300 7 1126989.444 498028.4786 937139.1499 1959035.774 1021896.624 203840.7897 4532888.748 4329047.958 3.803734737 875870.34 3419848.255 nan nan
17 50657 4248 4248 0 209680.8669 7885.550292 202390.2788 223551.4781 21161.19929 195882.2113 247163.5305 51281.31914 1.30926259 12479.33552 36074.26979 nan nan
18 122456 16365 16364 1 211649.2218 9921.946257 205637.3638 223073.6328 17436.269 204045.2464 773830.6283 569785.3819 33.30370833 9457.010294 559460.786 nan nan

K=19, phase=forward, parameter=e [-]
cluster representative_source n_cluster n_valid n_missing median std p05 p95 width90 minimum maximum range skewness error95 error_max angle_origin_deg angle_resultant
0 128106 30980 30976 4 0.6402919879 0.08776829994 0.5124726602 0.7671966884 0.2547240282 0.3099506679 0.822037683 0.5120870151 -0.3836679142 0.1600298559 0.3625518482 nan nan
1 21987 4740 4740 0 0.4814549964 0.06036444379 0.3707987596 0.533351196 0.1625524365 0.1702037848 0.5388564165 0.3686526317 -0.9822224227 0.08921222344 0.2898071982 nan nan
2 49166 7431 7430 1 0.4208875699 0.02861355398 0.3838391548 0.471231514 0.08739235921 0.1957749225 0.5671631893 0.3713882668 -0.2559717565 0.05380364432 0.2244376576 nan nan
3 221317 4362 4360 2 0.2679028617 0.07091992065 0.1829045046 0.4721483339 0.2892438292 0.170324271 0.5693291022 0.3990048312 1.558809245 0.2042079354 0.3013887038 nan nan
4 48796 7234 7234 0 0.6334018583 0.08154815607 0.5249764084 0.7234617011 0.1984852927 0.1699024182 0.893771873 0.7238694548 -0.3546989173 0.1727858518 0.4861272237 nan nan
5 127595 3652 3640 12 0.3072985435 0.09763360929 0.2057465029 0.5018679004 0.2961213974 0.1698141831 0.7457509923 0.5759368092 0.4502391338 0.2072418618 0.3343595996 nan nan
6 28932 2738 2732 6 0.3829175641 0.1388404428 0.1922491605 0.6698430519 0.4775938914 0.1722257304 0.8954250633 0.7231993329 0.818258458 0.2936098234 0.4120347892 nan nan
7 5959 5138 5138 0 0.355700671 0.06251866952 0.2820428997 0.4967291636 0.2146862639 0.1914905578 0.5185090086 0.3270184508 0.4360971133 0.1837065489 0.205486394 nan nan
8 81619 8172 8170 2 0.4722975612 0.03487096272 0.4299985996 0.5326983441 0.1026997445 0.2153038587 0.6639248231 0.4486209644 0.2156769076 0.06507788041 0.2581856321 nan nan
9 172743 4515 4506 9 0.508296402 0.2047695985 0.1854544305 0.7407850649 0.5553306344 0.1711702751 0.8726010776 0.7014308025 -0.02909837825 0.5601123906 0.5743965461 nan nan
10 13960 9062 9060 2 0.4902326224 0.05924151684 0.3808817434 0.548972072 0.1680903286 0.1731515918 0.5711935452 0.3980419534 -0.8642638183 0.09479433976 0.3025009133 nan nan
11 154309 27438 27432 6 0.3309113432 0.04733708226 0.2659239531 0.4227484286 0.1568244755 0.1700666531 0.5711940404 0.4011273873 0.4248659285 0.1003192509 0.2458909026 nan nan
12 34080 3292 3289 3 0.3546921911 0.10585588 0.1925094687 0.5092694162 0.3167599475 0.1685723685 0.5727162374 0.4041438689 -0.04764417934 0.2367866248 0.260723725 nan nan
13 161476 25184 25176 8 0.7366919092 0.1227426835 0.4843080461 0.8384691754 0.3541611293 0.2062286491 0.8956399398 0.6894112907 -0.8770131662 0.1922422 0.4556803348 nan nan
14 168732 15039 15039 0 0.4233798999 0.05889681761 0.2928420096 0.474564113 0.1817221034 0.1716128969 0.5729557573 0.4013428604 -1.815416352 0.1263481451 0.2431132081 nan nan
15 74960 5227 5224 3 0.3484657862 0.05670869238 0.2862855676 0.4699401125 0.1836545449 0.1816681563 0.6937205124 0.5120523561 0.7232752029 0.1168405051 0.3319949392 nan nan
16 41395 9307 9300 7 0.5736281622 0.09146640615 0.4822833026 0.7573671297 0.2750838271 0.1698731259 0.8952125964 0.7253394705 0.5726774073 0.2157746187 0.3979977924 nan nan
17 50657 4248 4248 0 0.4710964346 0.05799355721 0.370810449 0.5229157925 0.1521053435 0.169493203 0.5688579778 0.3993647748 -1.504720285 0.09047931484 0.2915460226 nan nan
18 122456 16365 16364 1 0.4572716683 0.04718073896 0.3747791996 0.5000188211 0.1252396215 0.1704928964 0.5112590529 0.3407661565 -1.802549732 0.06764395744 0.2673769611 nan nan

K=19, phase=forward, parameter=w [deg]
cluster representative_source n_cluster n_valid n_missing median std p05 p95 width90 minimum maximum range skewness error95 error_max angle_origin_deg angle_resultant
0 128106 30980 30976 4 -4.91193991 28.60592286 -22.90722266 46.78020854 69.6874312 -179.8671756 179.9860479 359.8532235 1.367525907 71.12531628 179.9567487 174.7911117 0.9016969305
1 21987 4740 4740 0 -2.786352923 26.74287695 -13.99129293 40.25546642 54.24675936 -178.3195524 177.9185015 356.2380539 3.122077056 48.09799093 177.9345237 304.1696706 0.9248282535
2 49166 7431 7430 1 -2.633068062 21.62632552 -25.71027988 34.36369924 60.07397912 -179.3033595 176.2455577 355.5489172 0.8126437394 54.53993704 175.2118997 193.6282248 0.9359878704
3 221317 4362 4360 2 -8.919004452 33.26881291 -27.39446241 78.81401751 106.2084799 -177.0965528 171.3466212 348.443174 1.465690432 103.6414183 178.8892238 62.73810917 0.8584265514
4 48796 7234 7234 0 -8.093611131 47.82954665 -30.60496724 116.5520302 147.1569975 -178.7980316 179.9402742 358.7383058 1.140353409 138.2412449 179.9296864 194.5288558 0.7497452874
5 127595 3652 3640 12 6.456540332 41.76219092 -56.84874522 69.16311361 126.0118588 -165.8428077 174.4026431 340.2454507 0.4230674768 73.4726091 174.885782 112.3357391 0.7762419254
6 28932 2738 2732 6 -4.892066083 57.85715516 -66.31282232 95.44028769 161.75311 -179.8081179 179.8122823 359.6204001 0.2822783298 140.2175921 179.8457281 203.4096216 0.6579415733
7 5959 5138 5138 0 -15.36440613 45.50453026 -121.712932 45.68945322 167.4023852 -179.7384536 179.9766326 359.7150862 -1.634984203 137.3974483 179.8941088 313.2799668 0.8057333014
8 81619 8172 8170 2 -2.983417979 25.24406828 -29.83251503 43.35649432 73.18900935 -172.4635774 178.9437206 351.4072979 0.9680558476 47.72375282 177.4244341 194.1419358 0.9128537606
9 172743 4515 4506 9 -14.34372456 66.46258425 -85.40252112 94.55050983 179.9530309 -163.0399928 177.3420987 340.3820915 0.06482994253 153.9344084 179.9197706 307.3750694 0.4287985461
10 13960 9062 9060 2 -1.081124747 19.63855425 -10.35720773 12.5957947 22.95300243 -179.6047303 177.7895492 357.3942795 2.054198711 17.95348239 179.6538828 302.2257307 0.9612665293
11 154309 27438 27432 6 -2.874696532 22.03101075 -21.56908423 35.11493424 56.68401847 -179.966126 179.9226732 359.8887992 0.001595556295 56.17250283 178.3173414 15.589241 0.9386821268
12 34080 3292 3289 3 -10.67502789 63.5358935 -83.22993106 104.998561 188.228492 -179.0757866 179.8816309 358.9574176 0.3002137235 130.8164929 179.8080302 62.63074176 0.5386073668
13 161476 25184 25176 8 -16.3460188 58.50316195 -46.21001618 108.3061862 154.5162023 -179.9466329 179.9560961 359.902729 0.3969543623 130.857172 179.9304016 202.4665274 0.5984244847
14 168732 15039 15039 0 -4.331413659 27.33049753 -18.83158838 32.66203426 51.49362264 -179.9707818 179.5565864 359.5273682 2.061604469 48.56267986 179.9921949 9.73331781 0.9150096113
15 74960 5227 5224 3 -5.508352793 27.51809828 -20.14637791 57.96267371 78.10905162 -179.220901 177.9651567 357.1860577 1.516478644 69.00273101 178.3249919 312.0360209 0.9069641049
16 41395 9307 9300 7 -13.35371097 47.44259769 -41.93334012 92.36916822 134.3025083 -178.2694255 179.4024531 357.6718786 0.5289220594 131.2528819 179.9727529 204.6936251 0.7207249219
17 50657 4248 4248 0 -2.320246908 30.59221477 -21.50650145 94.39778558 115.904287 -179.3993651 156.6016566 336.0010216 2.468464119 105.2422091 170.2015729 316.3027674 0.8944303765
18 122456 16365 16364 1 -3.425887905 23.74024117 -19.2196767 37.13139381 56.35107051 -175.1459739 176.5851874 351.7311613 1.35125231 53.11405928 179.1433025 11.55114895 0.9339475867

K=21, STD=0.01289266763
n = trajectories per cluster; conditions overlap.
n = 1: clusters=0/21 (0.00%); trajectories=0/194124 (0.00%)
n < 10: clusters=0/21 (0.00%); trajectories=0/194124 (0.00%)
n < 100: clusters=0/21 (0.00%); trajectories=0/194124 (0.00%)

K=21, phase=backward, parameter=a [km]
cluster representative_source n_cluster n_valid n_missing median std p05 p95 width90 minimum maximum range skewness error95 error_max angle_origin_deg angle_resultant
0 128106 30980 30980 0 1904714.269 487844.0892 1294402.471 2902768.771 1608366.301 994287.9765 4550878.486 3556590.509 0.5800648427 937160.5581 2436033.949 nan nan
1 22427 4532 4532 0 212536.8391 3478.219852 207079.4794 217677.4358 10597.95635 205382.7262 220930.9582 15548.23203 -0.06569840944 5982.541835 7981.070294 nan nan
2 48484 7649 7649 0 229813.8798 5081.908728 221841.4611 238050.9929 16209.53178 216093.775 240090.2645 23996.48948 0.007162792068 10804.03219 12827.89285 nan nan
3 221317 4362 4362 0 924887.2871 225172.6121 782294.4874 1486409.355 704114.8673 772045.0536 1856054.399 1084009.345 1.324554687 576745.3286 946390.3724 nan nan
4 52036 6994 6994 0 210083.4106 5084.551383 205159.9304 217966.1677 12806.23732 195346.2669 240114.4509 44768.18393 1.945063464 7597.050764 29697.83891 nan nan
5 127595 3652 3652 0 1554738.699 1008967.809 944951.1413 4232930.867 3287979.726 906911.243 4543425.988 3636514.745 1.253268054 2826995.768 3137490.889 nan nan
6 30751 1727 1727 0 242542.1361 4717.388863 232208.8027 246878.922 14670.1193 225767.8418 247275.166 21507.32424 -0.7094460235 10811.80245 17252.76335 nan nan
7 8822 3023 3023 0 216444.9126 5976.239469 207811.3265 226453.393 18642.06652 205532.5941 236989.9726 31457.37851 0.2389025549 10740.90069 21277.4803 nan nan
8 81218 7945 7945 0 214454.6397 4323.772015 208594.8687 220655.747 12060.87838 195292.2075 238456.56 43164.35251 0.7393452792 7193.664945 22895.93282 nan nan
9 172743 4515 4515 0 800606.8841 51661.50919 772026.8375 933440.2311 161413.3936 768052.7014 1080093.809 312041.1072 1.367501621 130568.0402 277221.6177 nan nan
10 14142 8910 8910 0 226720.4287 4560.823713 219177.3663 233734.6567 14557.29043 217723.0871 243078.478 25355.39088 -0.01901165915 7853.47987 17074.81988 nan nan
11 154309 27438 27438 0 915122.8721 158187.6858 809759.5682 1286773.998 477014.4297 772148.0813 1883110.718 1110962.637 1.299721936 385351.7703 981688.4903 nan nan
12 21609 2216 2216 0 241947.8638 3693.698692 235766.3971 246367.8082 10601.41113 195960.2887 247282.6172 51322.32845 -2.696624643 6339.040877 46145.14927 nan nan
13 161476 25184 25184 0 1160496.992 200941.5785 968232.5444 1634771.813 666539.2688 843966.0976 1861890.515 1017924.418 0.9669301718 491293.7066 718412.4088 nan nan
14 168732 15039 15039 0 906711.6894 56916.52767 844843.2617 1025500.5 180657.2387 771953.8647 1173532.298 401578.433 0.7245129415 125217.2294 269790.6339 nan nan
15 76537 4942 4942 0 201413.5225 5163.280246 198320.8601 206439.1294 8118.269321 195307.782 247159.4104 51851.62834 6.381322369 6966.577528 47686.85848 nan nan
16 41397 9426 9426 0 230261.1434 6306.645902 220084.3831 239273.4849 19189.10179 217107.4155 247089.2587 29981.84323 -0.06943352449 13233.47204 21049.24586 nan nan
17 49752 4186 4186 0 203021.4205 2159.254197 200652.1501 206475.5169 5823.366766 195426.4351 236514.8829 41088.44782 5.219625313 4451.492909 34487.07895 nan nan
18 122456 16365 16365 0 1251113.49 197042.1395 998667.9344 1589766.042 591098.1076 954375.5452 4536269.84 3581894.295 1.563194156 361863.2075 3308367.006 nan nan
19 98454 3054 3054 0 220340.2722 9983.41304 208080.2546 239862.5767 31782.32215 205499.9922 247185.0776 41685.08544 0.4662224265 18780.69479 26103.19569 nan nan
20 34315 1985 1985 0 218399.2342 10005.51598 204279.2521 235170.8024 30891.5503 195309.8806 242785.7035 47475.82286 0.1637621739 16748.82292 24332.58597 nan nan

K=21, phase=backward, parameter=e [-]
cluster representative_source n_cluster n_valid n_missing median std p05 p95 width90 minimum maximum range skewness error95 error_max angle_origin_deg angle_resultant
0 128106 30980 30980 0 0.7501649327 0.0640785583 0.6303600763 0.8362997089 0.2059396326 0.5132441295 0.8956261106 0.3823819811 -0.5996427765 0.1447783956 0.2618943424 nan nan
1 22427 4532 4532 0 0.4506008463 0.02490856875 0.4136444123 0.4895645684 0.07592015605 0.3910460557 0.5016345196 0.1105884639 0.05857134494 0.0427283683 0.05662085922 nan nan
2 48484 7649 7649 0 0.3243822289 0.03954948429 0.2574210663 0.3841383783 0.126717312 0.239498846 0.4253899103 0.1858910643 -0.08611756117 0.08636597729 0.1042881976 nan nan
3 221317 4362 4362 0 0.4751291503 0.09969951219 0.366662583 0.6794510297 0.3127884468 0.3566637373 0.7438227878 0.3871590505 0.5664130863 0.2131408618 0.2775126199 nan nan
4 52036 6994 6994 0 0.4684467333 0.03698978489 0.4120988216 0.5033766343 0.09127781273 0.2394810474 0.5726100257 0.3331289783 -2.142222996 0.05439194574 0.2265650035 nan nan
5 127595 3652 3652 0 0.6931845399 0.1258950159 0.4869484031 0.8877841046 0.4008357016 0.4627754376 0.8954556795 0.4326802418 0.02869904345 0.2275104983 0.2351820731 nan nan
6 30751 1727 1727 0 0.2173364985 0.04302842529 0.1725684989 0.3059687562 0.1334002573 0.1683444931 0.3529563713 0.1846118782 0.5544247024 0.09246025619 0.1394478712 nan nan
7 8822 3023 3023 0 0.4223875432 0.04345999299 0.3488539401 0.4842309232 0.1353769831 0.2675142623 0.5004312289 0.2329169666 -0.2760022276 0.07876176043 0.1601014381 nan nan
8 81218 7945 7945 0 0.4374577546 0.03122534869 0.3928037129 0.4791112836 0.08630757063 0.255039056 0.5729713754 0.3179323195 -0.8722284131 0.05123668668 0.1745687269 nan nan
9 172743 4515 4515 0 0.3830773366 0.03916692504 0.3565913733 0.479481565 0.1228901917 0.3526417655 0.555349464 0.2027076985 1.096367593 0.09475484342 0.1706227424 nan nan
10 14142 8910 8910 0 0.3470534408 0.03451772439 0.2926157968 0.4027821619 0.1101663651 0.209753035 0.4134082931 0.2036552581 -0.03221358457 0.0599374476 0.1426771516 nan nan
11 154309 27438 27438 0 0.4690377111 0.07708399201 0.3915646701 0.6279235332 0.236358863 0.3567892051 0.7475373127 0.3907481076 0.6511745451 0.1683736626 0.2879874422 nan nan
12 21609 2216 2216 0 0.2232038016 0.03258844057 0.1781543521 0.2762682868 0.09811393471 0.168193931 0.5683087456 0.4001148147 1.996533914 0.05466409546 0.3467045543 nan nan
13 161476 25184 25184 0 0.5866881301 0.06308022498 0.5002040466 0.7084551831 0.2082511365 0.4184802697 0.7442977461 0.3258174764 0.3212923046 0.1292731535 0.1640896774 nan nan
14 168732 15039 15039 0 0.4635657134 0.03488928878 0.4200044553 0.5293256802 0.1093212249 0.3565500024 0.5919951165 0.2354451141 0.1479195825 0.07841585253 0.1306876643 nan nan
15 76537 4942 4942 0 0.5297745386 0.03946526819 0.4942881317 0.5516029476 0.05731481589 0.1694347377 0.5728758046 0.4034410669 -6.834164739 0.0492436932 0.3740970872 nan nan
16 41397 9426 9426 0 0.320829098 0.04908534673 0.2472345004 0.3966408394 0.149406339 0.170063584 0.4170346165 0.2469710325 -0.007403144536 0.1055622992 0.1827332156 nan nan
17 49752 4186 4186 0 0.5183992161 0.01550375136 0.4939440925 0.5351793539 0.04123526143 0.271481987 0.5719985499 0.3005165629 -5.627143872 0.03155018364 0.2539111538 nan nan
18 122456 16365 16365 0 0.6171377549 0.05845077274 0.5160739639 0.6999870783 0.1839131144 0.4922151284 0.8952915353 0.4030764069 -0.1189594767 0.09990781463 0.2855927667 nan nan
19 98454 3054 3054 0 0.3949548687 0.0755792201 0.2427969266 0.4828610845 0.240064158 0.169162008 0.5011134564 0.3319514485 -0.6068576371 0.1471686871 0.2208036057 nan nan
20 34315 1985 1985 0 0.4088273708 0.073689214 0.2812663906 0.5095597912 0.2282934005 0.2125049713 0.5728380059 0.3603330346 -0.2249551853 0.1273343104 0.1958156847 nan nan

K=21, phase=backward, parameter=w [deg]
cluster representative_source n_cluster n_valid n_missing median std p05 p95 width90 minimum maximum range skewness error95 error_max angle_origin_deg angle_resultant
0 128106 30980 30980 0 -1.308388981 4.959621315 -5.814278406 10.90102756 16.71530597 -9.644004726 15.68798118 25.33198591 1.099743403 13.80642425 18.59337786 20.23167654 0.9962619289
1 22427 4532 4532 0 -0.7859808413 5.096635424 -4.599790103 16.29462927 20.89441937 -14.32672067 26.52261534 40.84933601 2.799370606 18.33077632 28.55876239 188.5874111 0.996073677
2 48484 7649 7649 0 0.3935608771 4.923109937 -6.29966272 4.92069316 11.22035588 -35.58225492 13.11901195 48.70126688 -3.981238765 6.592416082 35.47192993 207.1280565 0.9963742731
3 221317 4362 4362 0 -1.647660674 8.358635385 -10.17303316 12.77669316 22.94972631 -11.10231885 13.4355706 24.53788945 0.3362243896 17.73424703 18.39312447 22.93683445 0.9893892379
4 52036 6994 6994 0 -0.9291806971 4.630344977 -4.879577368 10.43825552 15.31783289 -24.14757104 21.5812847 45.72885573 1.607312516 13.30623395 24.31474974 197.9414288 0.9967473767
5 127595 3652 3652 0 2.50375403 6.472316336 -9.983664007 7.54297772 17.52664173 -10.32559969 15.72812157 26.05372126 -0.4139486102 12.89282923 13.23476491 20.94070639 0.9936326574
6 30751 1727 1727 0 7.602593439 15.23271477 -30.91455551 13.05906844 43.97362395 -33.84840871 13.39549429 47.243903 -0.9332532761 39.68669186 42.62054506 205.4634788 0.9651574068
7 8822 3023 3023 0 -1.917249735 7.195555473 -3.923155562 21.76992658 25.69308214 -4.38353617 35.18595824 39.56949441 3.244577363 24.22762145 37.64365311 184.5089952 0.9922471124
8 81218 7945 7945 0 -0.2627694787 4.380844558 -4.987780735 6.986821411 11.97460215 -30.97831632 15.23122068 46.209537 -0.6950023447 7.805726139 33.2523009 204.1164799 0.9970922438
9 172743 4515 4515 0 1.688805165 5.340826461 -11.04328692 5.413902604 16.45718952 -16.87377157 5.653129939 22.52690151 -1.027710463 14.77459265 20.60507729 31.30304267 0.9956655989
10 14142 8910 8910 0 0.02404964558 3.858518842 -5.865022814 5.677357808 11.54238062 -19.48224538 28.49773604 47.97998141 0.7272870359 6.333439998 29.01651529 190.9789934 0.9977391594
11 154309 27438 27438 0 1.740352549 5.430126483 -9.896728884 6.285751574 16.18248046 -15.8653517 9.73235287 25.59770457 -0.5911029222 15.36381025 21.33243307 27.32543652 0.9955163096
12 21609 2216 2216 0 1.167552742 7.955909415 -16.29929946 11.82710097 28.12640042 -33.56834854 14.5667799 48.13512845 -1.243499284 18.14082416 35.40987325 205.3077366 0.9904458412
13 161476 25184 25184 0 -0.4439625721 3.857312266 -5.057703342 10.10564218 15.16334552 -10.76097203 13.81374973 24.57472176 1.549281756 9.160333177 12.4932045 22.67940092 0.9977394029
14 168732 15039 15039 0 0.56246642 3.636070629 -6.770213335 3.980286433 10.75049977 -14.24525717 9.102776721 23.34803389 -0.6277854934 9.048651297 16.52369513 27.96035925 0.9979888714
15 76537 4942 4942 0 -0.5812174082 6.853223293 -9.405505478 11.8132469 21.21875238 -11.01468284 23.13409064 34.14877348 0.3297769986 11.30987613 22.37839259 191.7341253 0.9928642809
16 41397 9426 9426 0 -1.999880607 6.621202815 -7.365726003 11.61085232 18.97657832 -33.65740236 15.1976782 48.85508056 -0.2904839159 14.45332348 31.26039542 205.1569637 0.9933643891
17 49752 4186 4186 0 -1.016284722 5.020287275 -6.538715035 9.81957743 16.35829247 -15.72506684 27.87958671 43.60465355 0.8272276381 12.78685148 30.84686076 191.7990404 0.9961706505
18 122456 16365 16365 0 0.1777627115 2.07037223 -3.065858888 2.679397123 5.745256011 -16.6941674 8.663652629 25.35782003 -1.262029281 3.587262173 16.93635363 27.31239134 0.9993480476
19 98454 3054 3054 0 2.252928966 10.25764142 -15.73246289 13.24218801 28.97465091 -34.8664148 13.68118942 48.54760422 -0.4120451187 25.13647531 44.27042722 206.3701044 0.9840647315
20 34315 1985 1985 0 -1.235049159 8.014191728 -6.079479007 19.65917204 25.73865104 -25.90408438 22.8721283 48.77621268 0.8198907785 22.81492621 25.96080481 197.35649 0.9903089051

K=21, phase=forward, parameter=a [km]
cluster representative_source n_cluster n_valid n_missing median std p05 p95 width90 minimum maximum range skewness error95 error_max angle_origin_deg angle_resultant
0 128106 30980 30976 4 1328338.969 342227.8163 990816.8889 2043610.358 1052793.469 231595.3116 2668615.345 2437020.034 0.5593000672 630868.9083 1225260.752 nan nan
1 22427 4532 4532 0 207634.1595 7850.570771 200893.0122 222447.9869 21554.97464 200131.8806 246481.2391 46349.35859 0.9473916915 11672.85643 35706.10869 nan nan
2 48484 7649 7649 0 848328.4453 41460.09938 802949.7084 929983.946 127034.2377 768506.2556 1118908.228 350401.9726 0.8720674092 79145.38801 267847.6619 nan nan
3 221317 4362 4360 2 236853.0485 15702.80175 209598.7034 245832.7491 36234.04575 195800.4036 1081874.302 886073.8985 35.65037659 27258.85419 845022.6875 nan nan
4 52036 6994 6993 1 1278052.242 328383.9303 1012250.996 1626077.598 613826.6015 238082.6323 4458271.992 4220189.36 4.518122983 364572.6833 3122464.835 nan nan
5 127595 3652 3640 12 232101.7553 55690.39236 205506.9344 244115.2156 38608.28113 195340.6591 1872552.332 1677211.672 19.91159853 26081.81957 1654518.936 nan nan
6 30751 1727 1727 0 824201.8745 202286.1025 777553.4413 1311030.449 533477.0079 769187.3523 2739064.668 1969877.316 3.840650548 466914.5704 1894948.789 nan nan
7 8822 3023 3023 0 226530.2874 6147.067602 212012.7697 231981.7967 19969.02699 203015.7444 245231.8241 42216.07978 -1.697340656 16210.82865 24508.81416 nan nan
8 81218 7945 7944 1 918398.1055 56834.47994 857052.6035 1022952.353 165899.7491 229891.7885 1351614.547 1121722.758 0.6933938004 112520.7598 687347.5349 nan nan
9 172743 4515 4506 9 982999.46 582549.4086 237258.3947 1837055.88 1599797.485 223481.3253 3727499.141 3504017.816 0.2286306002 1633825.414 1856424.376 nan nan
10 14142 8910 8908 2 206751.0621 7971.218545 198682.4139 221493.1922 22810.77827 195549.0618 246639.0149 51089.95312 0.7766078073 12717.69272 37862.20679 nan nan
11 154309 27438 27432 6 228970.4498 18361.95487 216519.6413 237081.046 20561.40469 195539.2265 953883.1639 758343.9374 27.20840822 13556.04817 724207.2033 nan nan
12 21609 2216 2207 9 241464.491 911164.6285 221010.3378 3297440.523 3076430.185 196406.2895 4542129.342 4345723.053 3.22914493 3055093.437 4299782.256 nan nan
13 161476 25184 25176 8 1808273.908 655859.8704 940576.0368 2941093.702 2000517.665 241146.9223 4551570.686 4310423.764 0.2101837869 1527454.588 3137931.572 nan nan
14 168732 15039 15039 0 216416.3308 7717.189647 209237.8411 233881.7677 24643.92655 195295.2842 246961.2559 51665.97165 1.523801815 16829.93987 29346.70012 nan nan
15 76537 4942 4939 3 226945.9489 19327.3116 212500.5513 234559.8713 22059.31991 195418.9692 1489966.216 1294547.247 56.57927134 14076.70649 1265053.927 nan nan
16 41397 9426 9420 6 1145687.563 525277.9966 944717.5882 2195988.32 1251270.732 204424.929 4532888.748 4328463.819 3.503716542 1059856.722 3396757.149 nan nan
17 49752 4186 4186 0 209602.9065 7789.157357 202388.2144 222955.2257 20567.01124 195882.2113 247163.5305 51281.31914 1.342496161 11551.90663 35723.24507 nan nan
18 122456 16365 16364 1 211649.2218 9921.946257 205637.3638 223073.6328 17436.269 204045.2464 773830.6283 569785.3819 33.30370833 9457.010294 559460.786 nan nan
19 98454 3054 3054 0 218775.7958 9966.574919 203997.175 235739.5682 31742.39324 203121.884 246566.8939 43445.00998 0.1986920054 16391.94078 27219.26653 nan nan
20 34315 1985 1983 2 219610.3552 19758.76966 205498.2692 242674.9253 37176.65605 195326.6174 951117.7636 755791.1462 25.51483523 24164.38429 732607.2227 nan nan

K=21, phase=forward, parameter=e [-]
cluster representative_source n_cluster n_valid n_missing median std p05 p95 width90 minimum maximum range skewness error95 error_max angle_origin_deg angle_resultant
0 128106 30980 30976 4 0.6402919879 0.08776829994 0.5124726602 0.7671966884 0.2547240282 0.3099506679 0.822037683 0.5120870151 -0.3836679142 0.1600298559 0.3625518482 nan nan
1 22427 4532 4532 0 0.4856801467 0.05694486004 0.3788480771 0.5334798582 0.1546317811 0.1760689075 0.5388564165 0.362787509 -1.0629186 0.08434602305 0.2871251926 nan nan
2 48484 7649 7649 0 0.4227554345 0.02973295586 0.3857109999 0.4781839269 0.09247292692 0.3532132518 0.5713761839 0.2181629321 0.4800515792 0.05574209907 0.1469596663 nan nan
3 221317 4362 4360 2 0.2679028617 0.07091992065 0.1829045046 0.4721483339 0.2892438292 0.170324271 0.5693291022 0.3990048312 1.558809245 0.2042079354 0.3013887038 nan nan
4 52036 6994 6993 1 0.625390878 0.07264487838 0.5230018253 0.7068149876 0.1838131623 0.1701598274 0.8934549656 0.7232951382 -1.045921539 0.1330693099 0.4718421298 nan nan
5 127595 3652 3640 12 0.3072985435 0.09763360929 0.2057465029 0.5018679004 0.2961213974 0.1698141831 0.7457509923 0.5759368092 0.4502391338 0.2072418618 0.3343595996 nan nan
6 30751 1727 1727 0 0.4038757828 0.08419331582 0.3619981275 0.6356196629 0.2736215354 0.3535949382 0.8266182284 0.4730232902 1.995050199 0.2152229793 0.4062215448 nan nan
7 8822 3023 3023 0 0.3482768324 0.04571357159 0.3063465715 0.4550344996 0.1486879281 0.1914905578 0.5185090086 0.3270184508 1.489001888 0.1269035622 0.1777287231 nan nan
8 81218 7945 7944 1 0.471038659 0.0331378902 0.4292803646 0.5283628353 0.09908247068 0.3242626434 0.6469716014 0.3227089579 0.2437447765 0.06260530399 0.1761936932 nan nan
9 172743 4515 4506 9 0.508296402 0.2047695985 0.1854544305 0.7407850649 0.5553306344 0.1711702751 0.8726010776 0.7014308025 -0.02909837825 0.5601123906 0.5743965461 nan nan
10 14142 8910 8908 2 0.491859117 0.05754455216 0.3855806659 0.5490424298 0.1634617638 0.1744012197 0.5711935452 0.3967923254 -0.8724587429 0.09179037629 0.3029278332 nan nan
11 154309 27438 27432 6 0.3309113432 0.04733708226 0.2659239531 0.4227484286 0.1568244755 0.1700666531 0.5711940404 0.4011273873 0.4248659285 0.1003192509 0.2458909026 nan nan
12 21609 2216 2207 9 0.2321283571 0.1812931976 0.1889678747 0.8559824078 0.6670145331 0.1697123633 0.8954250633 0.7257127 2.291451785 0.6366483342 0.6760909897 nan nan
13 161476 25184 25176 8 0.7366919092 0.1227426835 0.4843080461 0.8384691754 0.3541611293 0.2062286491 0.8956399398 0.6894112907 -0.8770131662 0.1922422 0.4556803348 nan nan
14 168732 15039 15039 0 0.4233798999 0.05889681761 0.2928420096 0.474564113 0.1817221034 0.1716128969 0.5729557573 0.4013428604 -1.815416352 0.1263481451 0.2431132081 nan nan
15 76537 4942 4939 3 0.3455807011 0.05321177395 0.2861041309 0.4516775498 0.165573419 0.1843337776 0.6797373159 0.4954035383 0.7331364718 0.1033948758 0.3189018831 nan nan
16 41397 9426 9420 6 0.5810316408 0.09463768717 0.4868004299 0.783645537 0.2968451071 0.1698731259 0.8952125964 0.7253394705 0.4566439032 0.2309825204 0.4071212114 nan nan
17 49752 4186 4186 0 0.4717281551 0.05727888468 0.3751809777 0.5229266767 0.147745699 0.169493203 0.5688579778 0.3993647748 -1.54036819 0.08364413038 0.2890398827 nan nan
18 122456 16365 16364 1 0.4572716683 0.04718073896 0.3747791996 0.5000188211 0.1252396215 0.1704928964 0.5112590529 0.3407661565 -1.802549732 0.06764395744 0.2673769611 nan nan
19 98454 3054 3054 0 0.4063624227 0.07363121344 0.277594835 0.5115785904 0.2339837554 0.1768984382 0.5177719142 0.3408734759 -0.290891909 0.1241884561 0.2248848529 nan nan
20 34315 1985 1983 2 0.3999713805 0.08427277453 0.2178806398 0.5008838775 0.2830032377 0.1685723685 0.5727162374 0.4041438689 -0.6798472864 0.1900245448 0.2393328161 nan nan

K=21, phase=forward, parameter=w [deg]
cluster representative_source n_cluster n_valid n_missing median std p05 p95 width90 minimum maximum range skewness error95 error_max angle_origin_deg angle_resultant
0 128106 30980 30976 4 -4.91193991 28.60592286 -22.90722266 46.78020854 69.6874312 -179.8671756 179.9860479 359.8532235 1.367525907 71.12531628 179.9567487 174.7911117 0.9016969305
1 22427 4532 4532 0 -2.473144279 24.24137768 -13.74001233 37.93084996 51.67086229 -178.4391834 176.660112 355.0992954 3.393192331 45.58423262 178.3079954 304.2893016 0.9375489574
2 48484 7649 7649 0 -2.933951358 22.30892033 -26.3900449 36.28459352 62.67463843 -179.5256755 176.0232417 355.5489172 0.8298080756 57.5462748 174.1774947 193.8505408 0.9317411748
3 221317 4362 4360 2 -8.919004452 33.26881291 -27.39446241 78.81401751 106.2084799 -177.0965528 171.3466212 348.443174 1.465690432 103.6414183 178.8892238 62.73810917 0.8584265514
4 52036 6994 6993 1 -6.425938535 44.51922345 -27.61663841 118.3406198 145.9572582 -179.3815512 179.2329471 358.6144983 1.497983585 137.7446395 179.9642869 192.1235121 0.7893319891
5 127595 3652 3640 12 6.456540332 41.76219092 -56.84874522 69.16311361 126.0118588 -165.8428077 174.4026431 340.2454507 0.4230674768 73.4726091 174.885782 112.3357391 0.7762419254
6 30751 1727 1727 0 -7.473780452 33.75347982 -34.87880874 64.78279353 99.66160227 -177.8038035 176.6153711 354.4191746 0.8286238519 62.85790314 179.2027887 217.8304163 0.848601866
7 8822 3023 3023 0 -3.737278273 25.69682756 -6.610736719 48.96327398 55.5740107 -174.0485046 176.5497578 350.5982624 1.305228249 59.44057742 179.6618311 296.1366766 0.9345327099
8 81218 7945 7944 1 -2.910538087 25.68466447 -30.33901529 44.24350018 74.58251548 -172.6177567 172.23364 344.8513967 0.9829850149 47.10306096 178.4641072 194.2961151 0.9096607164
9 172743 4515 4506 9 -14.34372456 66.46258425 -85.40252112 94.55050983 179.9530309 -163.0399928 177.3420987 340.3820915 0.06482994253 153.9344084 179.9197706 307.3750694 0.4287985461
10 14142 8910 8908 2 -0.9824631957 17.95791031 -10.2470143 12.39942684 22.64644114 -171.2972479 171.1741109 342.4713588 2.802702239 17.57309545 175.9004141 302.2450957 0.9668184186
11 154309 27438 27432 6 -2.874696532 22.03101075 -21.56908423 35.11493424 56.68401847 -179.966126 179.9226732 359.8887992 0.001595556295 56.17250283 178.3173414 15.589241 0.9386821268
12 21609 2216 2207 9 -2.47806956 62.95152844 -143.0892796 119.7619967 262.8512763 -178.1079354 178.7737512 356.8816866 -0.297683121 143.49659 173.515151 159.902098 0.6152622602
13 161476 25184 25176 8 -16.3460188 58.50316195 -46.21001618 108.3061862 154.5162023 -179.9466329 179.9560961 359.902729 0.3969543623 130.857172 179.9304016 202.4665274 0.5984244847
14 168732 15039 15039 0 -4.331413659 27.33049753 -18.83158838 32.66203426 51.49362264 -179.9707818 179.5565864 359.5273682 2.061604469 48.56267986 179.9921949 9.73331781 0.9150096113
15 76537 4942 4939 3 -3.959807125 24.61966731 -17.49325776 37.63392388 55.12718163 -179.3267021 177.9566743 357.2833764 1.76328359 44.70651944 177.9407364 309.3278797 0.9288758592
16 41397 9426 9420 6 -13.33613144 48.96464597 -43.48568812 94.34468283 137.830371 -179.810641 177.905969 357.7166101 0.5094182867 134.4463025 179.9839182 206.2348406 0.7041375032
17 49752 4186 4186 0 -1.987161134 28.92231495 -20.96305054 29.31011571 50.27316625 -178.958853 157.0421686 336.0010216 2.553740674 98.21971654 169.56739 315.8622554 0.9055130767
18 122456 16365 16364 1 -3.425887905 23.74024117 -19.2196767 37.13139381 56.35107051 -175.1459739 176.5851874 351.7311613 1.35125231 53.11405928 179.1433025 11.55114895 0.9339475867
19 98454 3054 3054 0 -7.974479722 44.77224534 -27.07137357 79.0865838 106.1579574 -179.0081926 179.144819 358.1530116 1.75841263 103.3545451 179.9549771 345.2563901 0.8005426619
20 34315 1985 1983 2 -2.65557039 35.30602677 -55.96811328 46.37404458 102.3421579 -178.667558 179.7796933 358.4472513 -1.084085692 64.21144502 171.6529898 46.58376067 0.8614675555

K=23, STD=0.0127557911
n = trajectories per cluster; conditions overlap.
n = 1: clusters=0/23 (0.00%); trajectories=0/194124 (0.00%)
n < 10: clusters=0/23 (0.00%); trajectories=0/194124 (0.00%)
n < 100: clusters=0/23 (0.00%); trajectories=0/194124 (0.00%)

K=23, phase=backward, parameter=a [km]
cluster representative_source n_cluster n_valid n_missing median std p05 p95 width90 minimum maximum range skewness error95 error_max angle_origin_deg angle_resultant
0 128106 30980 30980 0 1904714.269 487844.0892 1294402.471 2902768.771 1608366.301 994287.9765 4550878.486 3556590.509 0.5800648427 937160.5581 2436033.949 nan nan
1 22427 4532 4532 0 212536.8391 3478.219852 207079.4794 217677.4358 10597.95635 205382.7262 220930.9582 15548.23203 -0.06569840944 5982.541835 7981.070294 nan nan
2 30751 1720 1720 0 242560.978 4720.876197 232206.6722 246879.2384 14672.56628 225767.8418 247275.166 21507.32424 -0.7130981518 10813.93297 17252.76335 nan nan
3 221317 4362 4362 0 924887.2871 225172.6121 782294.4874 1486409.355 704114.8673 772045.0536 1856054.399 1084009.345 1.324554687 576745.3286 946390.3724 nan nan
4 58136 12619 12619 0 213305.1214 3877.270915 207876.6508 219496.2055 11619.55474 195310.7333 237735.5118 42424.77853 0.5778615829 6334.687387 23860.13402 nan nan
5 127595 3652 3652 0 1554738.699 1008967.809 944951.1413 4232930.867 3287979.726 906911.243 4543425.988 3636514.745 1.253268054 2826995.768 3137490.889 nan nan
6 22050 1731 1731 0 241640.0914 3849.915438 233059.4908 245363.5193 12304.0285 195960.2887 246969.3292 51009.04055 -2.886808234 8799.558304 45898.7604 nan nan
7 8822 3027 3027 0 216380.7694 5878.066887 207812.7312 226310.0302 18497.29903 205532.5941 235011.301 29478.70686 0.1590898885 10597.53791 19298.80865 nan nan
8 67258 1766 1766 0 206067.6074 1209.670645 204564.6075 207095.4553 2530.847822 195292.2075 207769.5851 12477.37757 -4.254757407 1528.180807 10798.94831 nan nan
9 172743 4515 4515 0 800606.8841 51661.50919 772026.8375 933440.2311 161413.3936 768052.7014 1080093.809 312041.1072 1.367501621 130568.0402 277221.6177 nan nan
10 14142 8910 8910 0 226720.4287 4560.823713 219177.3663 233734.6567 14557.29043 217723.0871 243078.478 25355.39088 -0.01901165915 7853.47987 17074.81988 nan nan
11 154309 27438 27438 0 915122.8721 158187.6858 809759.5682 1286773.998 477014.4297 772148.0813 1883110.718 1110962.637 1.299721936 385351.7703 981688.4903 nan nan
12 99245 2857 2857 0 218973.2565 8582.907774 207932.9696 234428.9021 26495.93251 205186.0649 239251.6804 34065.61547 0.2724411946 14024.60959 18555.0204 nan nan
13 161476 25184 25184 0 1160496.992 200941.5785 968232.5444 1634771.813 666539.2688 843966.0976 1861890.515 1017924.418 0.9669301718 491293.7066 718412.4088 nan nan
14 168732 15039 15039 0 906711.6894 56916.52767 844843.2617 1025500.5 180657.2387 771953.8647 1173532.298 401578.433 0.7245129415 125217.2294 269790.6339 nan nan
15 76537 4877 4877 0 201348.6572 2542.774023 198316.3371 206270.0674 7953.730307 195307.782 207227.4969 11919.71489 0.3346737263 6797.515498 7754.94503 nan nan
16 42086 8720 8720 0 229269.2859 5739.349234 220414.1114 237804.3144 17390.20299 217107.4155 246914.4768 29807.06132 0.01773758577 11527.64754 20637.80996 nan nan
17 49752 4179 4179 0 203020.0392 1761.923419 200651.6476 206458.1746 5806.526949 195426.4351 207190.2944 11763.85931 0.2787920469 4440.595324 6601.368867 nan nan
18 122456 16365 16365 0 1251113.49 197042.1395 998667.9344 1589766.042 591098.1076 954375.5452 4536269.84 3581894.295 1.563194156 361863.2075 3308367.006 nan nan
19 30062 578 578 0 244616.0433 3806.802329 235151.5314 247147.4296 11995.89823 228340.8814 247282.6172 18941.73575 -1.398753753 8901.551806 15712.20178 nan nan
20 34315 1955 1955 0 218302.8235 9842.138084 204254.152 234903.6319 30649.47991 195309.8806 241305.2645 45995.3839 0.1540753606 16508.86731 23143.23689 nan nan
21 34650 1529 1529 0 238466.109 9194.168972 209890.1559 241762.1347 31871.97882 198957.5659 246191.1124 47233.54645 -2.378029173 29202.4037 40134.99361 nan nan
22 49623 7589 7589 0 229341.6127 5356.743891 220983.5905 238009.0334 17025.44286 204381.6968 240090.2645 35708.56767 -0.01060282501 11265.61127 22384.01048 nan nan

K=23, phase=backward, parameter=e [-]
cluster representative_source n_cluster n_valid n_missing median std p05 p95 width90 minimum maximum range skewness error95 error_max angle_origin_deg angle_resultant
0 128106 30980 30980 0 0.7501649327 0.0640785583 0.6303600763 0.8362997089 0.2059396326 0.5132441295 0.8956261106 0.3823819811 -0.5996427765 0.1447783956 0.2618943424 nan nan
1 22427 4532 4532 0 0.4506008463 0.02490856875 0.4136444123 0.4895645684 0.07592015605 0.3910460557 0.5016345196 0.1105884639 0.05857134494 0.0427283683 0.05662085922 nan nan
2 30751 1720 1720 0 0.2171903197 0.04305212622 0.1725631666 0.3060170606 0.133453894 0.1683444931 0.3529563713 0.1846118782 0.5587579972 0.09250856051 0.1394478712 nan nan
3 221317 4362 4362 0 0.4751291503 0.09969951219 0.366662583 0.6794510297 0.3127884468 0.3566637373 0.7438227878 0.3871590505 0.5664130863 0.2131408618 0.2775126199 nan nan
4 58136 12619 12619 0 0.4456308619 0.02782595128 0.401175657 0.4841547801 0.08297912308 0.2612016163 0.5728514127 0.3116497963 -0.660167727 0.04514537991 0.1802858474 nan nan
5 127595 3652 3652 0 0.6931845399 0.1258950159 0.4869484031 0.8877841046 0.4008357016 0.4627754376 0.8954556795 0.4326802418 0.02869904345 0.2275104983 0.2351820731 nan nan
6 22050 1731 1731 0 0.2260650027 0.03327413151 0.1885726395 0.2984259641 0.1098533246 0.1720649884 0.5683087456 0.3962437573 2.293814691 0.0745275607 0.3444103422 nan nan
7 8822 3027 3027 0 0.4229296655 0.04269146095 0.3498026978 0.4842459531 0.1344432553 0.2824158144 0.5004312289 0.2180154145 -0.1871887921 0.07781300265 0.1451998861 nan nan
8 67258 1766 1766 0 0.4969792273 0.008536770299 0.4896695579 0.5075963696 0.01792681165 0.4850437433 0.5729713754 0.0879276321 4.244644257 0.01082505973 0.07619606341 nan nan
9 172743 4515 4515 0 0.3830773366 0.03916692504 0.3565913733 0.479481565 0.1228901917 0.3526417655 0.555349464 0.2027076985 1.096367593 0.09475484342 0.1706227424 nan nan
10 14142 8910 8910 0 0.3470534408 0.03451772439 0.2926157968 0.4027821619 0.1101663651 0.209753035 0.4134082931 0.2036552581 -0.03221358457 0.0599374476 0.1426771516 nan nan
11 154309 27438 27438 0 0.4690377111 0.07708399201 0.3915646701 0.6279235332 0.236358863 0.3567892051 0.7475373127 0.3907481076 0.6511745451 0.1683736626 0.2879874422 nan nan
12 99245 2857 2857 0 0.4049615707 0.06325960241 0.2877542843 0.4838702326 0.1961159483 0.24817224 0.5033271554 0.2551549155 -0.3260250671 0.1057642621 0.1445951362 nan nan
13 161476 25184 25184 0 0.5866881301 0.06308022498 0.5002040466 0.7084551831 0.2082511365 0.4184802697 0.7442977461 0.3258174764 0.3212923046 0.1292731535 0.1640896774 nan nan
14 168732 15039 15039 0 0.4635657134 0.03488928878 0.4200044553 0.5293256802 0.1093212249 0.3565500024 0.5919951165 0.2354451141 0.1479195825 0.07841585253 0.1306876643 nan nan
15 76537 4877 4877 0 0.5302466343 0.01797034257 0.4954503646 0.5516247789 0.05617441429 0.4882844047 0.5728758046 0.0845913999 -0.3367924755 0.0480814603 0.05524742021 nan nan
16 42086 8720 8720 0 0.3283589795 0.04445310278 0.2597110583 0.3942440873 0.134533029 0.1717112539 0.4170346165 0.2453233627 -0.09704910365 0.09133137179 0.1793311762 nan nan
17 49752 4179 4179 0 0.5184413405 0.01248122837 0.4940953693 0.5351930545 0.0410976852 0.4886581369 0.5719985499 0.08334041304 -0.283462934 0.03139032574 0.04660540907 nan nan
18 122456 16365 16365 0 0.6171377549 0.05845077274 0.5160739639 0.6999870783 0.1839131144 0.4922151284 0.8952915353 0.4030764069 -0.1189594767 0.09990781463 0.2855927667 nan nan
19 30062 578 578 0 0.1971740903 0.03550449533 0.1696242134 0.2808007004 0.111176487 0.168193931 0.3361355799 0.1679416489 1.144702572 0.07723605435 0.1325709338 nan nan
20 34315 1955 1955 0 0.4094512563 0.07234964209 0.2836934935 0.5097609721 0.2260674786 0.2262177443 0.5728380059 0.3466202616 -0.210642882 0.1249651918 0.1821029117 nan nan
21 34650 1529 1529 0 0.2544173336 0.06990964295 0.2250569077 0.4697038108 0.2446469031 0.1810878115 0.5472175968 0.3661297853 2.298287747 0.2206324413 0.2981462273 nan nan
22 49623 7589 7589 0 0.3280456554 0.04151909523 0.2578273647 0.3903426512 0.1325152865 0.239498846 0.5088916189 0.2693927729 -0.07144495425 0.08981260037 0.1613510974 nan nan

K=23, phase=backward, parameter=w [deg]
cluster representative_source n_cluster n_valid n_missing median std p05 p95 width90 minimum maximum range skewness error95 error_max angle_origin_deg angle_resultant
0 128106 30980 30980 0 -1.308388981 4.959621315 -5.814278406 10.90102756 16.71530597 -9.644004726 15.68798118 25.33198591 1.099743403 13.80642425 18.59337786 20.23167654 0.9962619289
1 22427 4532 4532 0 -0.7859808413 5.096635424 -4.599790103 16.29462927 20.89441937 -14.32672067 26.52261534 40.84933601 2.799370606 18.33077632 28.55876239 188.5874111 0.996073677
2 30751 1720 1720 0 7.587543346 15.25915286 -30.90185238 13.10548133 44.00733371 -33.78208689 13.45092473 47.23301161 -0.9285507574 39.74031055 42.62054506 205.397157 0.9650361916
3 221317 4362 4362 0 -1.647660674 8.358635385 -10.17303316 12.77669316 22.94972631 -11.10231885 13.4355706 24.53788945 0.3362243896 17.73424703 18.39312447 22.93683445 0.9893892379
4 58136 12619 12619 0 -0.04340200166 5.166967352 -7.699678097 8.522041889 16.22171999 -28.3749688 17.8345682 46.209537 0.03910489022 10.56725745 26.46462715 201.5131324 0.9959448865
5 127595 3652 3652 0 2.50375403 6.472316336 -9.983664007 7.54297772 17.52664173 -10.32559969 15.72812157 26.05372126 -0.4139486102 12.89282923 13.23476491 20.94070639 0.9936326574
6 22050 1731 1731 0 1.105716642 6.887357636 -12.96429629 11.60746741 24.57176369 -33.20266615 14.57626473 47.77893089 -1.331981097 15.19721998 35.43558984 204.9420542 0.9928377772
7 8822 3027 3027 0 -1.825094352 6.876345847 -3.830325296 20.76347945 24.59380475 -4.291889426 35.03506015 39.32694957 3.262926801 23.12952758 37.40110827 184.4173485 0.9929110545
8 67258 1766 1766 0 0.01082118264 3.197774772 -4.112910342 4.670815653 8.783725994 -21.84538589 6.695025905 28.54041179 -1.593170713 6.214296186 20.55124339 197.1280632 0.9984472704
9 172743 4515 4515 0 1.688805165 5.340826461 -11.04328692 5.413902604 16.45718952 -16.87377157 5.653129939 22.52690151 -1.027710463 14.77459265 20.60507729 31.30304267 0.9956655989
10 14142 8910 8910 0 0.02404964558 3.858518842 -5.865022814 5.677357808 11.54238062 -19.48224538 28.49773604 47.97998141 0.7272870359 6.333439998 29.01651529 190.9789934 0.9977391594
11 154309 27438 27438 0 1.740352549 5.430126483 -9.896728884 6.285751574 16.18248046 -15.8653517 9.73235287 25.59770457 -0.5911029222 15.36381025 21.33243307 27.32543652 0.9955163096
12 99245 2857 2857 0 2.074216903 9.887196349 -15.38299446 13.45675849 28.83975296 -34.6567491 13.89085512 48.54760422 -0.2614497668 24.80435948 44.07811411 206.1604387 0.9851761465
13 161476 25184 25184 0 -0.4439625721 3.857312266 -5.057703342 10.10564218 15.16334552 -10.76097203 13.81374973 24.57472176 1.549281756 9.160333177 12.4932045 22.67940092 0.9977394029
14 168732 15039 15039 0 0.56246642 3.636070629 -6.770213335 3.980286433 10.75049977 -14.24525717 9.102776721 23.34803389 -0.6277854934 9.048651297 16.52369513 27.96035925 0.9979888714
15 76537 4877 4877 0 -0.5454477215 6.728530943 -9.288861896 11.72850206 21.01736395 -10.88483137 14.28877656 25.17360794 0.2875801819 11.19103143 13.40322705 191.6042738 0.9931199405
16 42086 8720 8720 0 -1.803369798 6.509399143 -6.890325227 12.0208201 18.91114532 -33.27900924 15.57607131 48.85508056 -0.2336041735 13.95994834 31.76118096 204.7785706 0.9935893834
17 49752 4179 4179 0 -0.984323364 4.910123931 -6.499137977 9.75125252 16.2503905 -15.68429696 13.40136264 29.0856596 0.647467362 12.68906611 16.32786681 191.7582705 0.9963340082
18 122456 16365 16365 0 0.1777627115 2.07037223 -3.065858888 2.679397123 5.745256011 -16.6941674 8.663652629 25.35782003 -1.262029281 3.587262173 16.93635363 27.31239134 0.9993480476
19 30062 578 578 0 3.859213918 13.77043174 -26.56264869 14.98896161 41.5516103 -32.53166536 15.44200675 47.97367211 -0.6982362027 37.2190066 43.18802327 204.5077307 0.9714355223
20 34315 1955 1955 0 -1.273454038 7.818947864 -6.091681851 19.21387291 25.30555476 -25.93849141 22.83772127 48.77621268 0.9411359481 22.79017943 25.96080481 197.3908971 0.9907728237
21 34650 1529 1529 0 1.601400632 6.491446185 -15.39970182 9.12023875 24.51994057 -31.96661733 9.889590524 41.85620785 -1.348305538 17.43175416 33.99866967 209.8074848 0.9936134192
22 49623 7589 7589 0 0.4261731299 4.858905 -6.1471426 4.717665279 10.86480788 -35.54786982 13.15339706 48.70126688 -4.186150669 6.573001712 35.54693063 207.0936714 0.9964699392

K=23, phase=forward, parameter=a [km]
cluster representative_source n_cluster n_valid n_missing median std p05 p95 width90 minimum maximum range skewness error95 error_max angle_origin_deg angle_resultant
0 128106 30980 30976 4 1328338.969 342227.8163 990816.8889 2043610.358 1052793.469 231595.3116 2668615.345 2437020.034 0.5593000672 630868.9083 1225260.752 nan nan
1 22427 4532 4532 0 207634.1595 7850.570771 200893.0122 222447.9869 21554.97464 200131.8806 246481.2391 46349.35859 0.9473916915 11672.85643 35706.10869 nan nan
2 30751 1720 1720 0 823833.1856 201675.7601 777552.907 1305773.786 528220.8787 769187.3523 2739064.668 1969877.316 3.876496052 461657.9068 1894948.789 nan nan
3 221317 4362 4360 2 236853.0485 15702.80175 209598.7034 245832.7491 36234.04575 195800.4036 1081874.302 886073.8985 35.65037659 27258.85419 845022.6875 nan nan
4 58136 12619 12618 1 982765.4597 205226.2876 867902.2332 1495056.698 627154.4647 238082.6323 3317914.974 3079832.342 1.131081825 496527.5116 2316675.147 nan nan
5 127595 3652 3640 12 232101.7553 55690.39236 205506.9344 244115.2156 38608.28113 195340.6591 1872552.332 1677211.672 19.91159853 26081.81957 1654518.936 nan nan
6 22050 1731 1724 7 241719.5283 378416.2424 226129.9716 245491.9963 19362.02468 196406.2895 4542129.342 4345723.053 8.165618965 23594.99149 4299496.025 nan nan
7 8822 3027 3027 0 226539.9981 6261.939633 212014.4352 232092.0554 20077.62022 203015.7444 245231.8241 42216.07978 -1.514618179 16558.64185 24508.81416 nan nan
8 67258 1766 1765 1 1353955.643 259802.8916 934581.7989 1637610.107 703028.3079 225839.6389 3867846.723 3642007.084 -0.5086637598 479602.6994 2454311.197 nan nan
9 172743 4515 4506 9 982999.46 582549.4086 237258.3947 1837055.88 1599797.485 223481.3253 3727499.141 3504017.816 0.2286306002 1633825.414 1856424.376 nan nan
10 14142 8910 8908 2 206751.0621 7971.218545 198682.4139 221493.1922 22810.77827 195549.0618 246639.0149 51089.95312 0.7766078073 12717.69272 37862.20679 nan nan
11 154309 27438 27432 6 228970.4498 18361.95487 216519.6413 237081.046 20561.40469 195539.2265 953883.1639 758343.9374 27.20840822 13556.04817 724207.2033 nan nan
12 99245 2857 2857 0 219513.7102 10013.16989 204075.265 235857.5131 31782.24809 203121.884 246566.8939 43445.00998 0.1539080302 16417.5427 26994.88229 nan nan
13 161476 25184 25176 8 1808273.908 655859.8704 940576.0368 2941093.702 2000517.665 241146.9223 4551570.686 4310423.764 0.2101837869 1527454.588 3137931.572 nan nan
14 168732 15039 15039 0 216416.3308 7717.189647 209237.8411 233881.7677 24643.92655 195295.2842 246961.2559 51665.97165 1.523801815 16829.93987 29346.70012 nan nan
15 76537 4877 4874 3 227009.8969 15139.43893 213514.5664 234532.007 21017.44065 195418.9692 772908.1878 577489.2187 28.83339991 12653.94101 547995.8986 nan nan
16 42086 8720 8714 6 1102296.343 286131.4295 933171.0418 1454552.01 521380.9687 204424.929 4532888.748 4328463.819 4.741031417 459047.8014 3445529.13 nan nan
17 49752 4179 4179 0 209590.1023 7777.635824 202387.8983 222795.2499 20407.35161 195882.2113 247163.5305 51281.31914 1.351307624 11363.02212 35723.24507 nan nan
18 122456 16365 16364 1 211649.2218 9921.946257 205637.3638 223073.6328 17436.269 204045.2464 773830.6283 569785.3819 33.30370833 9457.010294 559460.786 nan nan
19 30062 578 576 2 218918.0002 81098.00562 203604.735 239685.0533 36080.31824 203269.8874 1492498.208 1289228.321 12.59367253 18812.81041 1271625.966 nan nan
20 34315 1955 1953 2 219662.6595 19848.69246 205673.8324 242871.1915 37197.35907 195326.6174 951117.7636 755791.1462 25.54871237 24360.65055 732607.2227 nan nan
21 34650 1529 1529 0 1811208.825 1066650.145 1003553.099 4296810.711 3293257.613 214619.024 4492215.182 4277596.158 0.6139616366 1889849.349 2678783.424 nan nan
22 49623 7589 7589 0 847759.0966 37401.29904 802752.5499 917792.607 115040.0571 768506.2556 1109270.055 340763.7998 0.8762655703 71095.85718 260588.4088 nan nan

K=23, phase=forward, parameter=e [-]
cluster representative_source n_cluster n_valid n_missing median std p05 p95 width90 minimum maximum range skewness error95 error_max angle_origin_deg angle_resultant
0 128106 30980 30976 4 0.6402919879 0.08776829994 0.5124726602 0.7671966884 0.2547240282 0.3099506679 0.822037683 0.5120870151 -0.3836679142 0.1600298559 0.3625518482 nan nan
1 22427 4532 4532 0 0.4856801467 0.05694486004 0.3788480771 0.5334798582 0.1546317811 0.1760689075 0.5388564165 0.362787509 -1.0629186 0.08434602305 0.2871251926 nan nan
2 30751 1720 1720 0 0.403571854 0.08385024756 0.3619932534 0.6336577013 0.2716644479 0.3535949382 0.8266182284 0.4730232902 2.014205594 0.2132610178 0.4062215448 nan nan
3 221317 4362 4360 2 0.2679028617 0.07091992065 0.1829045046 0.4721483339 0.2892438292 0.170324271 0.5693291022 0.3990048312 1.558809245 0.2042079354 0.3013887038 nan nan
4 58136 12619 12618 1 0.50780801 0.08011591835 0.4372314483 0.6807553684 0.2435239201 0.1701598274 0.8568787149 0.6867188875 0.5616242362 0.1640162062 0.3471412275 nan nan
5 127595 3652 3640 12 0.3072985435 0.09763360929 0.2057465029 0.5018679004 0.2961213974 0.1698141831 0.7457509923 0.5759368092 0.4502391338 0.2072418618 0.3343595996 nan nan
6 22050 1731 1724 7 0.2272978342 0.09566455906 0.1883679395 0.4040878727 0.2157199332 0.1697123633 0.8954250633 0.7257127 4.195565675 0.1874681347 0.6788053253 nan nan
7 8822 3027 3027 0 0.3481717569 0.04677178814 0.3054826333 0.4550254626 0.1495428293 0.1914905578 0.5185090086 0.3270184508 1.267472662 0.1303463569 0.1777287231 nan nan
8 67258 1766 1765 1 0.6467340457 0.08357162285 0.481048562 0.7089059232 0.2278573613 0.1699024182 0.8772211912 0.707318773 -1.971860835 0.1810807723 0.4921834438 nan nan
9 172743 4515 4506 9 0.508296402 0.2047695985 0.1854544305 0.7407850649 0.5553306344 0.1711702751 0.8726010776 0.7014308025 -0.02909837825 0.5601123906 0.5743965461 nan nan
10 14142 8910 8908 2 0.491859117 0.05754455216 0.3855806659 0.5490424298 0.1634617638 0.1744012197 0.5711935452 0.3967923254 -0.8724587429 0.09179037629 0.3029278332 nan nan
11 154309 27438 27432 6 0.3309113432 0.04733708226 0.2659239531 0.4227484286 0.1568244755 0.1700666531 0.5711940404 0.4011273873 0.4248659285 0.1003192509 0.2458909026 nan nan
12 99245 2857 2857 0 0.4009186355 0.07417459783 0.2760038184 0.511001526 0.2349977076 0.1768984382 0.5177719142 0.3408734759 -0.2566828987 0.1241496512 0.2232550314 nan nan
13 161476 25184 25176 8 0.7366919092 0.1227426835 0.4843080461 0.8384691754 0.3541611293 0.2062286491 0.8956399398 0.6894112907 -0.8770131662 0.1922422 0.4556803348 nan nan
14 168732 15039 15039 0 0.4233798999 0.05889681761 0.2928420096 0.474564113 0.1817221034 0.1716128969 0.5729557573 0.4013428604 -1.815416352 0.1263481451 0.2431132081 nan nan
15 76537 4877 4874 3 0.3452617341 0.05060522751 0.2863605554 0.4440253829 0.1576648275 0.1843337776 0.5721043294 0.3877705518 0.6227222449 0.09241590409 0.2112688966 nan nan
16 42086 8720 8714 6 0.5638784155 0.07479867711 0.480092572 0.6722785439 0.1921859719 0.1771737652 0.8952125964 0.7180388312 -0.2631477995 0.1348669911 0.3800583048 nan nan
17 49752 4179 4179 0 0.4718224988 0.05720034181 0.3763459958 0.5229299736 0.1465839779 0.169493203 0.5688579778 0.3993647748 -1.550227261 0.08223101945 0.2890398827 nan nan
18 122456 16365 16364 1 0.4572716683 0.04718073896 0.3747791996 0.5000188211 0.1252396215 0.1704928964 0.5112590529 0.3407661565 -1.802549732 0.06764395744 0.2673769611 nan nan
19 30062 578 576 2 0.4082995469 0.08730120996 0.2441601633 0.5145689364 0.2704087731 0.1816681563 0.6802876347 0.4986194784 -0.2594055674 0.146722499 0.2895830853 nan nan
20 34315 1955 1953 2 0.3996554921 0.08415419038 0.2162510144 0.4998347803 0.2835837659 0.1685723685 0.5727162374 0.4041438689 -0.6886234831 0.1916541702 0.2393328161 nan nan
21 34650 1529 1529 0 0.7372494179 0.1268817312 0.5185045975 0.8894605533 0.3709559558 0.1705568463 0.8942666422 0.7237097959 -1.399471292 0.3173635327 0.6653112838 nan nan
22 49623 7589 7589 0 0.4224393315 0.02724072617 0.3855335261 0.4706824951 0.085148969 0.3532132518 0.5675076137 0.2142943619 0.4392023553 0.0502373145 0.1448612538 nan nan

K=23, phase=forward, parameter=w [deg]
cluster representative_source n_cluster n_valid n_missing median std p05 p95 width90 minimum maximum range skewness error95 error_max angle_origin_deg angle_resultant
0 128106 30980 30976 4 -4.91193991 28.60592286 -22.90722266 46.78020854 69.6874312 -179.8671756 179.9860479 359.8532235 1.367525907 71.12531628 179.9567487 174.7911117 0.9016969305
1 22427 4532 4532 0 -2.473144279 24.24137768 -13.74001233 37.93084996 51.67086229 -178.4391834 176.660112 355.0992954 3.393192331 45.58423262 178.3079954 304.2893016 0.9375489574
2 30751 1720 1720 0 -7.420146388 33.17663385 -34.71487294 64.42842054 99.14329349 -177.6481861 176.7709885 354.4191746 0.9987760379 62.04638257 179.2027887 217.6747989 0.8517772879
3 221317 4362 4360 2 -8.919004452 33.26881291 -27.39446241 78.81401751 106.2084799 -177.0965528 171.3466212 348.443174 1.465690432 103.6414183 178.8892238 62.73810917 0.8584265514
4 58136 12619 12618 1 -5.798224816 29.9065582 -26.64723071 49.27695547 75.92418619 -179.6642267 179.1444366 358.8086633 1.53487605 74.80880325 179.2147862 190.3711292 0.8898119892
5 127595 3652 3640 12 6.456540332 41.76219092 -56.84874522 69.16311361 126.0118588 -165.8428077 174.4026431 340.2454507 0.4230674768 73.4726091 174.885782 112.3357391 0.7762419254
6 22050 1731 1724 7 -3.327522652 30.48026576 -26.34261577 69.47542704 95.81804281 -175.5777384 179.9884915 355.5662299 1.499180121 87.15224873 173.1463704 161.8056712 0.8936965224
7 8822 3027 3027 0 -3.952669234 23.81082173 -6.829281135 49.3035394 56.13282053 -174.2671052 174.3735409 348.6406462 0.3807841153 59.2577099 179.3889875 296.3552773 0.9397332367
8 67258 1766 1765 1 -7.524879751 46.20455295 -23.50730257 121.7337241 145.2410267 -178.3610852 178.9436088 357.3046941 1.259035649 141.7333694 179.9667238 205.7186337 0.7795589774
9 172743 4515 4506 9 -14.34372456 66.46258425 -85.40252112 94.55050983 179.9530309 -163.0399928 177.3420987 340.3820915 0.06482994253 153.9344084 179.9197706 307.3750694 0.4287985461
10 14142 8910 8908 2 -0.9824631957 17.95791031 -10.2470143 12.39942684 22.64644114 -171.2972479 171.1741109 342.4713588 2.802702239 17.57309545 175.9004141 302.2450957 0.9668184186
11 154309 27438 27432 6 -2.874696532 22.03101075 -21.56908423 35.11493424 56.68401847 -179.966126 179.9226732 359.8887992 0.001595556295 56.17250283 178.3173414 15.589241 0.9386821268
12 99245 2857 2857 0 -6.812341226 44.04520906 -24.42797021 79.90804555 104.3360158 -179.354705 179.4572397 358.8119446 1.80014424 87.27277153 179.936209 342.3220608 0.8140365433
13 161476 25184 25176 8 -16.3460188 58.50316195 -46.21001618 108.3061862 154.5162023 -179.9466329 179.9560961 359.902729 0.3969543623 130.857172 179.9304016 202.4665274 0.5984244847
14 168732 15039 15039 0 -4.331413659 27.33049753 -18.83158838 32.66203426 51.49362264 -179.9707818 179.5565864 359.5273682 2.061604469 48.56267986 179.9921949 9.73331781 0.9150096113
15 76537 4877 4874 3 -3.498080105 22.83925752 -16.78935248 34.76869993 51.55805241 -178.5823087 178.7010677 357.2833764 1.684799602 40.93638369 177.2581899 308.5834863 0.9393847931
16 42086 8720 8714 6 -13.90002614 44.46741625 -37.07218916 95.33655716 132.4087463 -175.9326534 176.7911477 352.723801 0.9249495909 130.2136518 179.9238817 200.0287316 0.7561694369
17 49752 4179 4179 0 -1.985516627 28.38737646 -20.92974911 27.75260627 48.68235538 -178.9197103 157.0813113 336.0010216 2.519204141 83.84830974 169.56739 315.8231127 0.9080642278
18 122456 16365 16364 1 -3.425887905 23.74024117 -19.2196767 37.13139381 56.35107051 -175.1459739 176.5851874 351.7311613 1.35125231 53.11405928 179.1433025 11.55114895 0.9339475867
19 30062 578 576 2 -5.558553454 44.91174391 -31.69103547 123.5774224 155.2684578 -57.09256576 176.9359142 234.02848 1.815350757 147.3592116 174.4098973 31.2223275 0.7753630546
20 34315 1955 1953 2 -2.671803473 34.70310832 -55.02176324 46.47807043 101.4998337 -178.664373 179.7828783 358.4472513 -0.9846613242 63.99347248 171.6529898 46.58057571 0.8648803617
21 34650 1529 1529 0 -5.223604053 47.14693637 -33.35839284 95.80252397 129.1609168 -176.1291996 178.4976639 354.6268635 0.2266849232 133.345095 178.5186946 275.9361006 0.7721798502
22 49623 7589 7589 0 -2.786878647 21.58001201 -25.39530851 35.42527529 60.8205838 -178.9887207 176.5601965 355.5489172 0.7705101387 55.85400908 171.765442 193.313586 0.9361455115

K=25, STD=0.01250665507
n = trajectories per cluster; conditions overlap.
n = 1: clusters=0/25 (0.00%); trajectories=0/194124 (0.00%)
n < 10: clusters=0/25 (0.00%); trajectories=0/194124 (0.00%)
n < 100: clusters=0/25 (0.00%); trajectories=0/194124 (0.00%)

K=25, phase=backward, parameter=a [km]
cluster representative_source n_cluster n_valid n_missing median std p05 p95 width90 minimum maximum range skewness error95 error_max angle_origin_deg angle_resultant
0 127235 30245 30245 0 1918205.649 490196.8436 1293312.468 2909593.912 1616281.445 982899.5061 4550878.486 3567978.98 0.5479766022 942928.2703 2428632.312 nan nan
1 22427 4532 4532 0 212536.8391 3478.219852 207079.4794 217677.4358 10597.95635 205382.7262 220930.9582 15548.23203 -0.06569840944 5982.541835 7981.070294 nan nan
2 30751 1717 1717 0 242563.078 4719.220825 232200.4944 246879.3863 14678.89192 225767.8418 247275.166 21507.32424 -0.7158523379 10820.11072 17252.76335 nan nan
3 221317 4361 4361 0 924847.6255 225197.8851 782292.8226 1486479.124 704186.3009 772045.0536 1856054.399 1084009.345 1.324313512 576815.0974 946390.3724 nan nan
4 50147 6044 6044 0 212772.6625 3782.341699 207555.9566 219177.0383 11621.08164 207189.7961 222554.9047 15365.10859 0.178140354 6223.99782 8834.970263 nan nan
5 127595 3646 3646 0 1554738.699 1009703.049 944832.8499 4233421.604 3288588.754 906911.243 4543425.988 3636514.745 1.251050029 2827486.505 3137490.889 nan nan
6 22050 1731 1731 0 241640.0914 3849.915438 233059.4908 245363.5193 12304.0285 195960.2887 246969.3292 51009.04055 -2.886808234 8799.558304 45898.7604 nan nan
7 8822 3015 3015 0 216416.2201 5873.472232 207809.562 226317.6859 18508.12391 205532.5941 235011.301 29478.70686 0.1524326678 10605.1936 19298.80865 nan nan
8 80416 7406 7406 0 214298.9282 4262.372555 208615.01 220750.1961 12135.18606 195310.7333 238367.5112 43056.77789 0.7536168982 7178.283305 22750.08017 nan nan
9 172743 4532 4532 0 800814.9815 52207.05062 772032.3669 935684.0417 163651.6748 768052.7014 1080093.809 312041.1072 1.350320582 132811.8509 277221.6177 nan nan
10 14142 8910 8910 0 226720.4287 4560.823713 219177.3663 233734.6567 14557.29043 217723.0871 243078.478 25355.39088 -0.01901165915 7853.47987 17074.81988 nan nan
11 154309 27413 27413 0 915043.2733 158257.199 809754.0243 1286813.37 477059.3458 772148.0813 1883110.718 1110962.637 1.299231927 385391.1424 981688.4903 nan nan
12 99245 2846 2846 0 219016.6625 8581.395998 207944.2757 234449.0518 26504.77603 205186.0649 239251.6804 34065.61547 0.2676868825 14028.38913 18555.0204 nan nan
13 152421 1802 1802 0 1217930.2 301874.222 972242.5163 1859595.924 887353.4074 819266.6039 1895650.987 1076384.384 0.5626965625 649888.2165 685943.2802 nan nan
14 168732 15039 15039 0 906711.6894 56916.52767 844843.2617 1025500.5 180657.2387 771953.8647 1173532.298 401578.433 0.7245129415 125217.2294 269790.6339 nan nan
15 76537 4874 4874 0 201345.8614 2542.577334 198315.8589 206270.2092 7954.350249 195307.782 207227.4969 11919.71489 0.3361474305 6797.657264 7754.94503 nan nan
16 41854 8536 8536 0 229598.4162 5554.482096 220949.5874 237827.6119 16878.0245 217107.4155 246914.4768 29807.06132 0.02228532341 11285.22813 20372.09297 nan nan
17 49752 4179 4179 0 203020.0392 1761.923419 200651.6476 206458.1746 5806.526949 195426.4351 207190.2944 11763.85931 0.2787920469 4440.595324 6601.368867 nan nan
18 122456 16362 16362 0 1251125.807 197054.6399 998654.504 1589766.63 591112.1265 954375.5452 4536269.84 3581894.295 1.562911034 361863.796 3308367.006 nan nan
19 30062 578 578 0 244616.0433 3806.802329 235151.5314 247147.4296 11995.89823 228340.8814 247282.6172 18941.73575 -1.398753753 8901.551806 15712.20178 nan nan
20 34315 1949 1949 0 218333.329 9848.647905 204252.8796 234911.7254 30658.84579 195309.8806 241305.2645 45995.3839 0.1498550657 16512.3233 23143.23689 nan nan
21 34650 1433 1433 0 238597.0956 7508.564566 219995.0427 241826.9106 21831.86788 198957.5659 246191.1124 47233.54645 -3.525432715 19097.5168 40134.99361 nan nan
22 48939 7080 7080 0 229783.0619 5068.792343 221944.5749 238091.8293 16147.25439 216093.775 240090.2645 23996.48948 0.02254599512 10866.90903 12862.47787 nan nan
23 161185 24135 24135 0 1166230.371 202393.0865 968061.6171 1640425.091 672363.4741 848853.0351 1861890.515 1013037.48 0.9362788944 487632.0867 709097.511 nan nan
24 67258 1759 1759 0 206061.9804 1179.797853 204567.1248 207091.2116 2524.086814 195292.2075 207192.4814 11900.27395 -4.279644951 1524.031037 10798.94831 nan nan

K=25, phase=backward, parameter=e [-]
cluster representative_source n_cluster n_valid n_missing median std p05 p95 width90 minimum maximum range skewness error95 error_max angle_origin_deg angle_resultant
0 127235 30245 30245 0 0.7518872834 0.06450010389 0.6300946874 0.8367008608 0.2066061734 0.5072478491 0.8956261106 0.3883782615 -0.6496723956 0.1458295419 0.2686763803 nan nan
1 22427 4532 4532 0 0.4506008463 0.02490856875 0.4136444123 0.4895645684 0.07592015605 0.3910460557 0.5016345196 0.1105884639 0.05857134494 0.0427283683 0.05662085922 nan nan
2 30751 1717 1717 0 0.2171699155 0.04303787014 0.172560212 0.306044972 0.13348476 0.1683444931 0.3529563713 0.1846118782 0.5610643832 0.09253647194 0.1394478712 nan nan
3 221317 4361 4361 0 0.4751117587 0.09971088224 0.3666619309 0.6794666026 0.3128046717 0.3566637373 0.7438227878 0.3871590505 0.5663990298 0.2131564347 0.2775126199 nan nan
4 50147 6044 6044 0 0.4493062003 0.02704402212 0.4032795177 0.4864229072 0.08314338951 0.3791861292 0.4891161724 0.1099300432 -0.1847682131 0.04446912536 0.06332988764 nan nan
5 127595 3646 3646 0 0.6931845399 0.1259962732 0.4869420926 0.8878052145 0.4008631219 0.4627754376 0.8954556795 0.4326802418 0.02897322953 0.2275316081 0.2351820731 nan nan
6 22050 1731 1731 0 0.2260650027 0.03327413151 0.1885726395 0.2984259641 0.1098533246 0.1720649884 0.5683087456 0.3962437573 2.293814691 0.0745275607 0.3444103422 nan nan
7 8822 3015 3015 0 0.4226568475 0.04265816159 0.3497368562 0.4842387643 0.1345019081 0.2824158144 0.5004312289 0.2180154145 -0.1806542679 0.07787884434 0.1451998861 nan nan
8 80416 7406 7406 0 0.438605717 0.03075608762 0.3921333455 0.4789895332 0.08685618773 0.2558045319 0.5728514127 0.3170468807 -0.8732737482 0.05112480103 0.1733919031 nan nan
9 172743 4532 4532 0 0.3833120906 0.03952391152 0.3566010829 0.4807434859 0.124142403 0.3526417655 0.555349464 0.2027076985 1.085096171 0.09601676436 0.1706227424 nan nan
10 14142 8910 8910 0 0.3470534408 0.03451772439 0.2926157968 0.4027821619 0.1101663651 0.209753035 0.4134082931 0.2036552581 -0.03221358457 0.0599374476 0.1426771516 nan nan
11 154309 27413 27413 0 0.4689089386 0.07711623824 0.3915592183 0.6279473216 0.2363881033 0.3567892051 0.7475373127 0.3907481076 0.6514626565 0.1683974511 0.2879874422 nan nan
12 99245 2846 2846 0 0.4045543868 0.06325200952 0.287582776 0.4838323615 0.1962495856 0.24817224 0.5033271554 0.2551549155 -0.3213249147 0.1057685161 0.1445951362 nan nan
13 152421 1802 1802 0 0.6064316976 0.08518157003 0.5025455928 0.7439909436 0.2414453509 0.3987271499 0.7488716583 0.3501445084 0.1200562942 0.1411120945 0.2051538848 nan nan
14 168732 15039 15039 0 0.4635657134 0.03488928878 0.4200044553 0.5293256802 0.1093212249 0.3565500024 0.5919951165 0.2354451141 0.1479195825 0.07841585253 0.1306876643 nan nan
15 76537 4874 4874 0 0.5302629903 0.01796899406 0.4954494917 0.551630967 0.05618147529 0.4882844047 0.5728758046 0.0845913999 -0.3382668945 0.04808233315 0.05524742021 nan nan
16 41854 8536 8536 0 0.3257858181 0.04313068493 0.2595781098 0.3903340483 0.1307559385 0.1717112539 0.4170346165 0.2453233627 -0.103241704 0.08947020658 0.1773370625 nan nan
17 49752 4179 4179 0 0.5184413405 0.01248122837 0.4940953693 0.5351930545 0.0410976852 0.4886581369 0.5719985499 0.08334041304 -0.283462934 0.03139032574 0.04660540907 nan nan
18 122456 16362 16362 0 0.6171461547 0.05845496184 0.5160718131 0.6999886877 0.1839168746 0.4922151284 0.8952915353 0.4030764069 -0.1191911067 0.09990847941 0.2855927667 nan nan
19 30062 578 578 0 0.1971740903 0.03550449533 0.1696242134 0.2808007004 0.111176487 0.168193931 0.3361355799 0.1679416489 1.144702572 0.07723605435 0.1325709338 nan nan
20 34315 1949 1949 0 0.4091416659 0.07239799042 0.2836119543 0.5097957709 0.2261838166 0.2262177443 0.5728380059 0.3466202616 -0.2064173123 0.1250061099 0.1821029117 nan nan
21 34650 1433 1433 0 0.2533380224 0.05704359806 0.2244569146 0.3973264491 0.1728695344 0.1810878115 0.5472175968 0.3661297853 3.379132914 0.1482550796 0.2981462273 nan nan
22 48939 7080 7080 0 0.3245745599 0.03946736195 0.257164572 0.3833803739 0.1262158018 0.239498846 0.4253899103 0.1858910643 -0.1011109592 0.08689242044 0.1045581465 nan nan
23 161185 24135 24135 0 0.588814764 0.06314114833 0.500038106 0.7094754666 0.2094373606 0.4222134989 0.7442977461 0.3220842472 0.2989729825 0.126718896 0.1615099518 nan nan
24 67258 1759 1759 0 0.497006007 0.008327868045 0.4897160762 0.507571299 0.01785522281 0.4888996391 0.5729713754 0.08407173634 4.268909418 0.01079598695 0.07619606341 nan nan

K=25, phase=backward, parameter=w [deg]
cluster representative_source n_cluster n_valid n_missing median std p05 p95 width90 minimum maximum range skewness error95 error_max angle_origin_deg angle_resultant
0 127235 30245 30245 0 -1.345996525 4.98604717 -5.771177715 10.97558997 16.74676769 -9.581385024 15.89453858 25.47592361 1.132192252 13.76933899 18.6882876 20.16905684 0.9962222258
1 22427 4532 4532 0 -0.7859808413 5.096635424 -4.599790103 16.29462927 20.89441937 -14.32672067 26.52261534 40.84933601 2.799370606 18.33077632 28.55876239 188.5874111 0.996073677
2 30751 1717 1717 0 7.581582138 15.24854334 -30.90155904 13.09293623 43.99449527 -33.79145629 13.44155532 47.23301161 -0.9287390885 39.73064781 42.62054506 205.4065264 0.965084228
3 221317 4361 4361 0 -1.659833682 8.359455573 -10.17236063 12.77748902 22.94984965 -11.10158156 13.43630789 24.53788945 0.3364511783 17.73430561 18.39312447 22.93609716 0.9893871586
4 50147 6044 6044 0 -0.9014940425 4.640751451 -5.166023004 10.7581526 15.92417561 -24.63248262 17.48451287 42.11699549 1.349151059 12.25214602 23.26135723 198.2680323 0.996730642
5 127595 3646 3646 0 2.511684004 6.476262245 -9.979786654 7.558071512 17.53785817 -10.32092611 15.73279516 26.05372126 -0.4120458565 12.89362546 13.23476491 20.93603281 0.9936248865
6 22050 1731 1731 0 1.105716642 6.887357636 -12.96429629 11.60746741 24.57176369 -33.20266615 14.57626473 47.77893089 -1.331981097 15.19721998 35.43558984 204.9420542 0.9928377772
7 8822 3015 3015 0 -1.806333117 6.880525012 -3.808429253 20.80867819 24.61710744 -4.268052016 35.05889756 39.32694957 3.278299321 23.15088891 37.40110827 184.3935111 0.9929031273
8 80416 7406 7406 0 -0.2233774845 4.152765061 -4.964163319 6.43761553 11.40177885 -31.3093361 14.96462183 46.27395793 -0.7470244494 7.412548435 33.18561684 204.3830787 0.997386898
9 172743 4532 4532 0 1.692544793 5.335767756 -11.00611359 5.396335051 16.40244864 -16.89124341 5.635658093 22.52690151 -1.027163198 14.71994747 20.60507729 31.32051452 0.9956737761
10 14142 8910 8910 0 0.02404964558 3.858518842 -5.865022814 5.677357808 11.54238062 -19.48224538 28.49773604 47.97998141 0.7272870359 6.333439998 29.01651529 190.9789934 0.9977391594
11 154309 27413 27413 0 1.743563318 5.431077845 -9.90169851 6.282710972 16.18440948 -15.86869993 9.729004643 25.59770457 -0.5925839382 15.36543165 21.33243307 27.32878475 0.9955147452
12 99245 2846 2846 0 2.07511011 9.882360311 -15.36902365 13.43950666 28.8085303 -34.67515997 13.87244425 48.54760422 -0.2620913205 24.77197779 44.07811411 206.1788496 0.9851906336
13 152421 1802 1802 0 -0.266035007 2.939677434 -3.151415141 6.356994694 9.508409835 -6.395279907 12.70032643 19.09560633 1.85319966 6.379836147 12.55657028 23.76694997 0.9986861631
14 168732 15039 15039 0 0.56246642 3.636070629 -6.770213335 3.980286433 10.75049977 -14.24525717 9.102776721 23.34803389 -0.6277854934 9.048651297 16.52369513 27.96035925 0.9979888714
15 76537 4874 4874 0 -0.5489852883 6.730090198 -9.287189516 11.73142065 21.01861017 -10.88279621 14.29081173 25.17360794 0.2883784389 11.19146984 13.40322705 191.6022387 0.9931167562
16 41854 8536 8536 0 -1.803202638 6.432375593 -6.669304857 11.92415188 18.59345673 -33.41575503 15.43932552 48.85508056 -0.304287216 13.85267328 31.87969203 204.9153164 0.9937416333
17 49752 4179 4179 0 -0.984323364 4.910123931 -6.499137977 9.75125252 16.2503905 -15.68429696 13.40136264 29.0856596 0.647467362 12.68906611 16.32786681 191.7582705 0.9963340082
18 122456 16362 16362 0 0.1777906107 2.070419909 -3.066392933 2.679137091 5.745530024 -16.69449574 8.663324286 25.35782003 -1.262529737 3.587553385 16.93635363 27.31271969 0.9993480177
19 30062 578 578 0 3.859213918 13.77043174 -26.56264869 14.98896161 41.5516103 -32.53166536 15.44200675 47.97367211 -0.6982362027 37.2190066 43.18802327 204.5077307 0.9714355223
20 34315 1949 1949 0 -1.269256586 7.811817143 -6.07955615 19.21625931 25.29581546 -25.93642323 22.83978945 48.77621268 0.9414951748 22.79221386 25.96080481 197.3888289 0.9907898578
21 34650 1433 1433 0 0.9407578367 5.486781846 -13.48125086 8.498098805 21.97934966 -32.79267544 9.063532408 41.85620785 -1.450344202 14.68724508 33.99866967 210.633543 0.9954361849
22 48939 7080 7080 0 0.4700390457 4.936208853 -6.273337535 4.700537426 10.97387496 -35.55110829 13.15015859 48.70126688 -4.186082841 6.736869127 35.65099833 207.0969099 0.9963579007
23 161185 24135 24135 0 -0.4663777038 3.858738497 -5.033621203 10.03485594 15.06847714 -10.67594924 13.87639372 24.55234296 1.553602813 9.150978945 12.63101839 22.59437813 0.9977377147
24 67258 1759 1759 0 0.002781196973 3.125215555 -4.094614414 4.568071448 8.662685862 -21.83596963 6.662557174 28.4985268 -1.522260585 6.092557976 20.55124339 197.118647 0.9985166757

K=25, phase=forward, parameter=a [km]
cluster representative_source n_cluster n_valid n_missing median std p05 p95 width90 minimum maximum range skewness error95 error_max angle_origin_deg angle_resultant
0 127235 30245 30241 4 1335030.19 332304.6973 1004086.978 2040121.547 1036034.57 231595.3116 2268772.798 2037177.487 0.6245409369 577254.6792 1236093.598 nan nan
1 22427 4532 4532 0 207634.1595 7850.570771 200893.0122 222447.9869 21554.97464 200131.8806 246481.2391 46349.35859 0.9473916915 11672.85643 35706.10869 nan nan
2 30751 1717 1717 0 823669.7676 200914.5703 777551.9922 1301523.568 523971.5757 769187.3523 2739064.668 1969877.316 3.897890575 457407.6891 1894948.789 nan nan
3 221317 4361 4359 2 236851.6146 9054.5226 209598.5954 245828.9758 36230.38043 195800.4036 247081.6279 51281.22427 -1.847509646 27253.01922 41051.21099 nan nan
4 50147 6044 6044 0 1215351.145 206784.8641 997961.594 1564766.579 566804.9847 238082.6323 3317914.974 3079832.342 -0.2722604091 340576.8112 2084163.054 nan nan
5 127595 3646 3634 12 232044.4901 39484.18718 205506.8651 243873.3725 38366.50744 195340.6591 1872552.332 1677211.672 30.5282017 25839.97655 1654518.936 nan nan
6 22050 1731 1724 7 241719.5283 378416.2424 226129.9716 245491.9963 19362.02468 196406.2895 4542129.342 4345723.053 8.165618965 23594.99149 4299496.025 nan nan
7 8822 3015 3015 0 226530.2874 6172.523769 212013.0584 231988.9439 19975.88547 203015.7444 245231.8241 42216.07978 -1.649798962 16212.77924 24508.81416 nan nan
8 80416 7406 7405 1 914357.3248 49114.65613 856115.7022 1004356.169 148240.4666 229891.7885 1160807.177 930915.3885 0.09108679383 104537.3552 676882.6977 nan nan
9 172743 4532 4523 9 983313.5115 579428.1936 237261.5963 1835734.856 1598473.259 223481.3253 3016504.278 2793022.953 0.2043337719 1633813.169 1647593.44 nan nan
10 14142 8910 8908 2 206751.0621 7971.218545 198682.4139 221493.1922 22810.77827 195549.0618 246639.0149 51089.95312 0.7766078073 12717.69272 37862.20679 nan nan
11 154309 27413 27407 6 228965.1111 7592.282641 216516.5505 237052.6696 20536.11912 195539.2265 953883.1639 758343.9374 31.50753079 13477.42735 724207.2033 nan nan
12 99245 2846 2846 0 219459.3113 9924.686836 204074.4177 235703.8916 31629.47394 203121.884 246566.8939 43445.00998 0.13323149 16352.3757 26994.88229 nan nan
13 152421 1802 1802 0 810969.0279 51112.19845 771042.6389 928146.6498 157104.0108 768841.3999 1007521.398 238679.9978 0.8568317475 100864.4859 180239.2339 nan nan
14 168732 15039 15039 0 216416.3308 7717.189647 209237.8411 233881.7677 24643.92655 195295.2842 246961.2559 51665.97165 1.523801815 16829.93987 29346.70012 nan nan
15 76537 4874 4871 3 227006.5501 6744.672622 213513.7419 234529.9352 21016.19326 195418.9692 245898.3453 50479.37611 -0.749417844 12609.42211 29493.32007 nan nan
16 41854 8536 8530 6 1093570.606 287277.5666 930940.2771 1452250.185 521309.9082 204424.929 4532888.748 4328463.819 4.841361573 467229.7196 3452098.687 nan nan
17 49752 4179 4179 0 209590.1023 7777.635824 202387.8983 222795.2499 20407.35161 195882.2113 247163.5305 51281.31914 1.351307624 11363.02212 35723.24507 nan nan
18 122456 16362 16361 1 211648.3924 6405.7183 205637.2262 223070.3045 17433.07833 204045.2464 247089.4239 43044.17754 1.574908615 9454.645084 32719.58165 nan nan
19 30062 578 576 2 218918.0002 81098.00562 203604.735 239685.0533 36080.31824 203269.8874 1492498.208 1289228.321 12.59367253 18812.81041 1271625.966 nan nan
20 34315 1949 1947 2 219642.1247 19845.55935 205671.8764 242534.4212 36862.54483 195326.6174 951117.7636 755791.1462 25.64504454 24023.88028 732607.2227 nan nan
21 34650 1433 1433 0 1909832.638 1085030.143 997571.9637 4301994.085 3304422.121 214619.024 4492215.182 4277596.158 0.514250553 1895830.484 2678783.424 nan nan
22 48939 7080 7080 0 845219.4385 36688.45697 802461.3797 914128.5845 111667.2048 768506.2556 1109270.055 340763.7998 0.9000500018 69823.37756 263401.7455 nan nan
23 161185 24135 24127 8 1857872.868 630404.8409 975695.0815 2950580.678 1974885.597 241146.9223 4551570.686 4310423.764 0.2027812017 1396602.849 2997592.857 nan nan
24 67258 1759 1758 1 1352579.934 259608.5013 934349.6065 1635184.235 700834.6282 225839.6389 3867846.723 3642007.084 -0.5031656016 480039.0116 2454311.197 nan nan

K=25, phase=forward, parameter=e [-]
cluster representative_source n_cluster n_valid n_missing median std p05 p95 width90 minimum maximum range skewness error95 error_max angle_origin_deg angle_resultant
0 127235 30245 30241 4 0.6420634573 0.08025898525 0.5193149053 0.7668138358 0.2474989305 0.3099506679 0.7904014675 0.4804507995 -0.02346275252 0.1556397648 0.3650040022 nan nan
1 22427 4532 4532 0 0.4856801467 0.05694486004 0.3788480771 0.5334798582 0.1546317811 0.1760689075 0.5388564165 0.362787509 -1.0629186 0.08434602305 0.2871251926 nan nan
2 30751 1717 1717 0 0.4034333957 0.08362161212 0.3619899057 0.6324337984 0.2704438927 0.3535949382 0.8266182284 0.4730232902 2.018042121 0.2120371149 0.4062215448 nan nan
3 221317 4361 4359 2 0.2679010629 0.07080790831 0.1829040325 0.4721233632 0.2892193307 0.170324271 0.5693291022 0.3990048312 1.556158047 0.2041829648 0.3013887038 nan nan
4 50147 6044 6044 0 0.6055614143 0.06809017196 0.5155882563 0.6951464814 0.1795582251 0.1701598274 0.8568787149 0.6867188875 -1.321214578 0.1021846745 0.4414469127 nan nan
5 127595 3646 3634 12 0.3069967156 0.09712095084 0.2057333647 0.5010612122 0.2953278475 0.1698141831 0.7457509923 0.5759368092 0.4339156489 0.2059635116 0.3343595996 nan nan
6 22050 1731 1724 7 0.2272978342 0.09566455906 0.1883679395 0.4040878727 0.2157199332 0.1697123633 0.8954250633 0.7257127 4.195565675 0.1874681347 0.6788053253 nan nan
7 8822 3015 3015 0 0.3482768324 0.04595084227 0.3062506349 0.4550331208 0.1487824859 0.1914905578 0.5185090086 0.3270184508 1.432595663 0.126926471 0.1777287231 nan nan
8 80416 7406 7405 1 0.4685429556 0.02985357077 0.4286641641 0.5195690882 0.09090492409 0.3242626434 0.5865382837 0.2622756403 -0.03297746193 0.06019203269 0.1398480353 nan nan
9 172743 4532 4523 9 0.5085870015 0.2041709578 0.1854708287 0.7406463358 0.5551755071 0.1711702751 0.842575963 0.671405688 -0.03541754499 0.5600959925 0.5743965461 nan nan
10 14142 8910 8908 2 0.491859117 0.05754455216 0.3855806659 0.5490424298 0.1634617638 0.1744012197 0.5711935452 0.3967923254 -0.8724587429 0.09179037629 0.3029278332 nan nan
11 154309 27413 27407 6 0.3308710293 0.04734725109 0.265914407 0.4227760036 0.1568615966 0.1700666531 0.5711940404 0.4011273873 0.4264447345 0.100397802 0.2458909026 nan nan
12 99245 2846 2846 0 0.401190005 0.07338600809 0.2776150162 0.5110140498 0.2333990335 0.1768984382 0.5177719142 0.3408734759 -0.2281289446 0.1225384534 0.2232550314 nan nan
13 152421 1802 1802 0 0.3919953584 0.03950849295 0.3556670213 0.4762024524 0.1205354311 0.3534727016 0.5216857773 0.1682130757 0.6398104031 0.0709302902 0.1164136151 nan nan
14 168732 15039 15039 0 0.4233798999 0.05889681761 0.2928420096 0.474564113 0.1817221034 0.1716128969 0.5729557573 0.4013428604 -1.815416352 0.1263481451 0.2431132081 nan nan
15 76537 4874 4871 3 0.3451919735 0.05062057712 0.2863554919 0.4440430713 0.1576875794 0.1843337776 0.5721043294 0.3877705518 0.622763245 0.09242341165 0.2112688966 nan nan
16 41854 8536 8530 6 0.5602019137 0.07478079063 0.4787319208 0.671532516 0.1928005952 0.1771737652 0.8952125964 0.7180388312 -0.2049865333 0.1377082511 0.3772454137 nan nan
17 49752 4179 4179 0 0.4718224988 0.05720034181 0.3763459958 0.5229299736 0.1465839779 0.169493203 0.5688579778 0.3993647748 -1.550227261 0.08223101945 0.2890398827 nan nan
18 122456 16362 16361 1 0.4572833599 0.04716929228 0.3747888821 0.5000191756 0.1252302935 0.1704928964 0.5112590529 0.3407661565 -1.803966378 0.06763080482 0.2673769611 nan nan
19 30062 578 576 2 0.4082995469 0.08730120996 0.2441601633 0.5145689364 0.2704087731 0.1816681563 0.6802876347 0.4986194784 -0.2594055674 0.146722499 0.2895830853 nan nan
20 34315 1949 1947 2 0.3999614173 0.08375441308 0.2206093558 0.4998491197 0.2792397639 0.1685723685 0.5727162374 0.4041438689 -0.6898957726 0.1872958288 0.2393328161 nan nan
21 34650 1433 1433 0 0.7510711385 0.129880145 0.5153071231 0.8895821459 0.3742750229 0.1705568463 0.8942666422 0.7237097959 -1.459067984 0.3205610071 0.6653112838 nan nan
22 48939 7080 7080 0 0.4204241055 0.02684789097 0.3852975175 0.4684777447 0.08318022723 0.3532132518 0.5675076137 0.2142943619 0.4736014841 0.04978142654 0.1470034797 nan nan
23 161185 24135 24127 8 0.7438477375 0.1071543381 0.5041835681 0.8389680858 0.3347845177 0.2062286491 0.8956399398 0.6894112907 -0.8058093707 0.1891171562 0.4866939336 nan nan
24 67258 1759 1758 1 0.6465033305 0.08362646955 0.4809510989 0.7084522851 0.2275011862 0.1699024182 0.8772211912 0.707318773 -1.966170468 0.1813853282 0.4921834438 nan nan

K=25, phase=forward, parameter=w [deg]
cluster representative_source n_cluster n_valid n_missing median std p05 p95 width90 minimum maximum range skewness error95 error_max angle_origin_deg angle_resultant
0 127235 30245 30241 4 -4.515012082 26.51090282 -22.00056043 41.15992889 63.16048932 -179.5247552 172.8561461 352.3809014 1.595672582 63.22863607 179.7147578 173.8950514 0.91449486
1 22427 4532 4532 0 -2.473144279 24.24137768 -13.74001233 37.93084996 51.67086229 -178.4391834 176.660112 355.0992954 3.393192331 45.58423262 178.3079954 304.2893016 0.9375489574
2 30751 1717 1717 0 -7.415105399 33.16067018 -34.66627977 64.16268212 98.82896189 -177.5984722 176.8207025 354.4191746 1.001789599 62.02907506 179.2027887 217.6250849 0.851958957
3 221317 4361 4359 2 -8.925774648 33.18972272 -27.38195693 78.81406752 106.1960245 -177.1036763 171.3394977 348.443174 1.496675322 103.6220581 178.8892238 62.74523266 0.8588265367
4 50147 6044 6044 0 -7.709053053 40.40669009 -21.65445378 111.9055164 133.5599701 -178.3881352 179.7690602 358.1571954 1.698663117 130.4278843 179.9755005 184.5012883 0.8288017391
5 127595 3646 3634 12 6.425034821 41.74370478 -56.92019789 69.29251105 126.2127089 -165.9028236 174.3426271 340.2454507 0.4222658457 73.49235161 174.885782 112.3957551 0.7764800793
6 22050 1731 1724 7 -3.327522652 30.48026576 -26.34261577 69.47542704 95.81804281 -175.5777384 179.9884915 355.5662299 1.499180121 87.15224873 173.1463704 161.8056712 0.8936965224
7 8822 3015 3015 0 -3.765108919 23.58898405 -6.626830869 46.64525455 53.27208541 -174.0644585 174.5761876 348.6406462 0.3669166734 58.40052875 179.3889875 296.1526306 0.9412989285
8 80416 7406 7405 1 -2.62574442 23.83492212 -29.63861075 41.18018546 70.81879621 -173.7658378 166.8063076 340.5721454 0.8106983754 43.06320473 176.6962054 195.4441962 0.9202711444
9 172743 4532 4523 9 -14.77542591 66.40556545 -85.07191685 94.6135579 179.6854748 -162.5474202 177.8346713 340.3820915 0.07122321963 153.5384213 179.9197706 306.8824968 0.4297904622
10 14142 8910 8908 2 -0.9824631957 17.95791031 -10.2470143 12.39942684 22.64644114 -171.2972479 171.1741109 342.4713588 2.802702239 17.57309545 175.9004141 302.2450957 0.9668184186
11 154309 27413 27407 6 -2.872943303 22.03717439 -21.56985144 35.14244811 56.71229955 -179.9664568 179.9223423 359.8887992 0.001419641183 56.18540572 178.3173414 15.58957182 0.93865191
12 99245 2846 2846 0 -6.777116718 44.08474331 -24.32433007 80.05830476 104.3826348 -179.2078101 179.6041345 358.8119446 1.807591003 88.51833494 179.936209 342.1751659 0.8141290117
13 152421 1802 1802 0 -5.653466266 42.52443572 -40.83202992 103.7391334 144.5711633 -45.63054253 174.4703887 220.1009313 1.436307065 132.521695 179.7999261 247.1822162 0.7820031246
14 168732 15039 15039 0 -4.331413659 27.33049753 -18.83158838 32.66203426 51.49362264 -179.9707818 179.5565864 359.5273682 2.061604469 48.56267986 179.9921949 9.73331781 0.9150096113
15 76537 4874 4871 3 -3.508451017 22.83885243 -16.77234531 34.76045762 51.53280293 -178.596713 178.6866635 357.2833764 1.684706227 40.93943411 177.2581899 308.5978906 0.9393948494
16 41854 8536 8530 6 -13.8048437 44.39155854 -37.15897698 95.21998143 132.3789584 -175.9768539 176.7469471 352.723801 0.9226294236 130.1139183 179.9844928 200.0729322 0.7566992466
17 49752 4179 4179 0 -1.985516627 28.38737646 -20.92974911 27.75260627 48.68235538 -178.9197103 157.0813113 336.0010216 2.519204141 83.84830974 169.56739 315.8231127 0.9080642278
18 122456 16362 16361 1 -3.426634521 23.74173371 -19.2220364 37.13471043 56.35674684 -175.1483163 176.582845 351.7311613 1.350982788 53.12564052 179.1433025 11.55349142 0.9339398408
19 30062 578 576 2 -5.558553454 44.91174391 -31.69103547 123.5774224 155.2684578 -57.09256576 176.9359142 234.02848 1.815350757 147.3592116 174.4098973 31.2223275 0.7753630546
20 34315 1949 1947 2 -2.774085664 34.63073501 -54.73925966 46.40615256 101.1454122 -178.7759754 179.671276 358.4472513 -0.9901386586 63.93711751 171.6529898 46.69217804 0.8656819496
21 34650 1433 1433 0 -4.784449702 47.39239624 -30.79403609 104.1642014 134.9582375 -178.8211871 178.8766692 357.6978563 0.2577255155 134.3254092 178.5186946 273.2549516 0.7752825632
22 48939 7080 7080 0 -2.732047712 21.53494581 -25.48502798 35.26886942 60.75389739 -179.3131449 176.2357723 355.5489172 0.7745929499 55.65362659 171.1463614 193.6380102 0.9364412624
23 161185 24135 24127 8 -15.85923167 58.70637288 -43.56355985 110.1870876 153.7506474 -179.2629106 178.3622326 357.6251431 0.3886392795 132.9244553 179.9154945 199.4901998 0.6005544124
24 67258 1759 1758 1 -7.510028477 46.27857145 -23.46114595 121.8283985 145.2895445 -178.3057765 178.9989176 357.3046941 1.25829004 141.8216016 179.9667238 205.663325 0.7789555006

K=27, STD=0.01205830023
n = trajectories per cluster; conditions overlap.
n = 1: clusters=0/27 (0.00%); trajectories=0/194124 (0.00%)
n < 10: clusters=0/27 (0.00%); trajectories=0/194124 (0.00%)
n < 100: clusters=0/27 (0.00%); trajectories=0/194124 (0.00%)

K=27, phase=backward, parameter=a [km]
cluster representative_source n_cluster n_valid n_missing median std p05 p95 width90 minimum maximum range skewness error95 error_max angle_origin_deg angle_resultant
0 144351 45542 45542 0 1611164.585 546263.2969 1049896.53 2781585.854 1731689.325 981110.4068 4548015.641 3566905.235 0.7353726606 1093548.425 2859978.212 nan nan
1 22427 4532 4532 0 212536.8391 3478.219852 207079.4794 217677.4358 10597.95635 205382.7262 220930.9582 15548.23203 -0.06569840944 5982.541835 7981.070294 nan nan
2 30751 1717 1717 0 242563.078 4719.220825 232200.4944 246879.3863 14678.89192 225767.8418 247275.166 21507.32424 -0.7158523379 10820.11072 17252.76335 nan nan
3 221195 4355 4355 0 930824.6233 221583.7572 782726.8291 1487571.805 704844.9759 772045.0536 1795689.707 1023644.654 1.252978595 566136.4682 874254.3706 nan nan
4 50147 6044 6044 0 212772.6625 3782.341699 207555.9566 219177.0383 11621.08164 207189.7961 222554.9047 15365.10859 0.178140354 6223.99782 8834.970263 nan nan
5 127305 3336 3336 0 1539074.29 1046382.727 943188.9826 4261670.621 3318481.639 906911.243 4543425.988 3636514.745 1.15992967 2852268.521 3134023.888 nan nan
6 22050 1731 1731 0 241640.0914 3849.915438 233059.4908 245363.5193 12304.0285 195960.2887 246969.3292 51009.04055 -2.886808234 8799.558304 45898.7604 nan nan
7 8822 3015 3015 0 216416.2201 5873.472232 207809.562 226317.6859 18508.12391 205532.5941 235011.301 29478.70686 0.1524326678 10605.1936 19298.80865 nan nan
8 80416 7406 7406 0 214298.9282 4262.372555 208615.01 220750.1961 12135.18606 195310.7333 238367.5112 43056.77789 0.7536168982 7178.283305 22750.08017 nan nan
9 175498 2919 2919 0 796677.8399 44860.01679 776984.8192 875368.4734 98383.6542 768052.7014 1188019.989 419967.2881 3.233372888 64098.39944 376749.9155 nan nan
10 14142 8910 8910 0 226720.4287 4560.823713 219177.3663 233734.6567 14557.29043 217723.0871 243078.478 25355.39088 -0.01901165915 7853.47987 17074.81988 nan nan
11 176287 17402 17402 0 853237.3847 52398.29629 805146.3636 974522.5584 169376.1948 770862.1456 1035632.271 264770.1254 0.8873173245 126157.6788 187267.3914 nan nan
12 99245 2846 2846 0 219016.6625 8581.395998 207944.2757 234449.0518 26504.77603 205186.0649 239251.6804 34065.61547 0.2676868825 14028.38913 18555.0204 nan nan
13 156237 2360 2360 0 1124613.706 290326.5589 973975.4315 1849822.042 875846.6103 852104.7857 1896509.705 1044404.919 0.8959612266 682056.6576 728744.3206 nan nan
14 168732 13781 13781 0 910114.4456 52365.06551 856829.598 1028439.957 171610.3592 793484.8972 1141104.812 347619.9152 1.131925431 124698.2934 237363.1486 nan nan
15 76537 4874 4874 0 201345.8614 2542.577334 198315.8589 206270.2092 7954.350249 195307.782 207227.4969 11919.71489 0.3361474305 6797.657264 7754.94503 nan nan
16 41854 8536 8536 0 229598.4162 5554.482096 220949.5874 237827.6119 16878.0245 217107.4155 246914.4768 29807.06132 0.02228532341 11285.22813 20372.09297 nan nan
17 49752 4179 4179 0 203020.0392 1761.923419 200651.6476 206458.1746 5806.526949 195426.4351 207190.2944 11763.85931 0.2787920469 4440.595324 6601.368867 nan nan
18 125038 14730 14730 0 1238025.89 202587.8853 985765.4664 1586189.131 600423.6646 942278.9963 4536269.84 3593990.844 1.593641305 369401.233 3319481.942 nan nan
19 30062 578 578 0 244616.0433 3806.802329 235151.5314 247147.4296 11995.89823 228340.8814 247282.6172 18941.73575 -1.398753753 8901.551806 15712.20178 nan nan
20 34315 1949 1949 0 218333.329 9848.647905 204252.8796 234911.7254 30658.84579 195309.8806 241305.2645 45995.3839 0.1498550657 16512.3233 23143.23689 nan nan
21 34650 1433 1433 0 238597.0956 7508.564566 219995.0427 241826.9106 21831.86788 198957.5659 246191.1124 47233.54645 -3.525432715 19097.5168 40134.99361 nan nan
22 48939 7080 7080 0 229783.0619 5068.792343 221944.5749 238091.8293 16147.25439 216093.775 240090.2645 23996.48948 0.02254599512 10866.90903 12862.47787 nan nan
23 151127 3687 3687 0 866632.7964 92015.08918 771672.7985 1050428.154 278755.3553 768762.4125 1135407.224 366644.8114 0.4557557256 208082.9874 293062.0575 nan nan
24 67258 1759 1759 0 206061.9804 1179.797853 204567.1248 207091.2116 2524.086814 195292.2075 207192.4814 11900.27395 -4.279644951 1524.031037 10798.94831 nan nan
25 117692 12103 12103 0 1143359.233 169243.1774 957036.5147 1431264.264 474227.7498 920641.476 3929633.812 3008992.336 2.00652555 316585.8379 2814955.386 nan nan
26 149482 7320 7320 0 1204801.782 326339.8763 951871.149 1792897.535 841026.3859 859168.0389 4550878.486 3691710.447 1.785140692 614190.6948 3372171.646 nan nan

K=27, phase=backward, parameter=e [-]
cluster representative_source n_cluster n_valid n_missing median std p05 p95 width90 minimum maximum range skewness error95 error_max angle_origin_deg angle_resultant
0 144351 45542 45542 0 0.7042067773 0.0915183213 0.5413877343 0.8291311254 0.2877433911 0.5074307805 0.8955575814 0.3881268009 -0.1976513646 0.1764856455 0.2104393542 nan nan
1 22427 4532 4532 0 0.4506008463 0.02490856875 0.4136444123 0.4895645684 0.07592015605 0.3910460557 0.5016345196 0.1105884639 0.05857134494 0.0427283683 0.05662085922 nan nan
2 30751 1717 1717 0 0.2171699155 0.04303787014 0.172560212 0.306044972 0.13348476 0.1683444931 0.3529563713 0.1846118782 0.5610643832 0.09253647194 0.1394478712 nan nan
3 221195 4355 4355 0 0.4789111746 0.09850467893 0.3670907325 0.6796979227 0.3126071902 0.3566637373 0.735157011 0.3784932737 0.5266219764 0.2059920875 0.2614511758 nan nan
4 50147 6044 6044 0 0.4493062003 0.02704402212 0.4032795177 0.4864229072 0.08314338951 0.3791861292 0.4891161724 0.1099300432 -0.1847682131 0.04446912536 0.06332988764 nan nan
5 127305 3336 3336 0 0.6900497605 0.130158815 0.4862423996 0.8885555414 0.4023131419 0.4627754376 0.8954556795 0.4326802418 0.04344971386 0.2274319079 0.234332046 nan nan
6 22050 1731 1731 0 0.2260650027 0.03327413151 0.1885726395 0.2984259641 0.1098533246 0.1720649884 0.5683087456 0.3962437573 2.293814691 0.0745275607 0.3444103422 nan nan
7 8822 3015 3015 0 0.4226568475 0.04265816159 0.3497368562 0.4842387643 0.1345019081 0.2824158144 0.5004312289 0.2180154145 -0.1806542679 0.07787884434 0.1451998861 nan nan
8 80416 7406 7406 0 0.438605717 0.03075608762 0.3921333455 0.4789895332 0.08685618773 0.2558045319 0.5728514127 0.3170468807 -0.8732737482 0.05112480103 0.1733919031 nan nan
9 175498 2919 2919 0 0.3799203144 0.03259059894 0.3615442626 0.4434344572 0.08189019465 0.3526417655 0.597116756 0.2444749905 2.217839953 0.0512658105 0.2049481092 nan nan
10 14142 8910 8910 0 0.3470534408 0.03451772439 0.2926157968 0.4027821619 0.1101663651 0.209753035 0.4134082931 0.2036552581 -0.03221358457 0.0599374476 0.1426771516 nan nan
11 176287 17402 17402 0 0.4264752145 0.03599667425 0.3875614822 0.5043159689 0.1167544867 0.3557329462 0.535200477 0.1794675308 0.6092130324 0.08195752934 0.1128420374 nan nan
12 99245 2846 2846 0 0.4045543868 0.06325200952 0.287582776 0.4838323615 0.1962495856 0.24817224 0.5033271554 0.2551549155 -0.3213249147 0.1057685161 0.1445951362 nan nan
13 156237 2360 2360 0 0.5729728041 0.08282181428 0.5035394839 0.7426239378 0.2390844539 0.4246648142 0.7489920442 0.32432723 0.4738685295 0.1536316956 0.1645411633 nan nan
14 168732 13781 13781 0 0.4656873304 0.03058496051 0.4291139257 0.5306900373 0.1015761116 0.3764783542 0.5789293429 0.2024509887 0.7544225903 0.06996926986 0.1176218907 nan nan
15 76537 4874 4874 0 0.5302629903 0.01796899406 0.4954494917 0.551630967 0.05618147529 0.4882844047 0.5728758046 0.0845913999 -0.3382668945 0.04808233315 0.05524742021 nan nan
16 41854 8536 8536 0 0.3257858181 0.04313068493 0.2595781098 0.3903340483 0.1307559385 0.1717112539 0.4170346165 0.2453233627 -0.103241704 0.08947020658 0.1773370625 nan nan
17 49752 4179 4179 0 0.5184413405 0.01248122837 0.4940953693 0.5351930545 0.0410976852 0.4886581369 0.5719985499 0.08334041304 -0.283462934 0.03139032574 0.04660540907 nan nan
18 125038 14730 14730 0 0.6129941335 0.06083105726 0.5093342799 0.6993221002 0.1899878203 0.485250866 0.8952915353 0.4100406693 -0.1115954074 0.1027399704 0.2892487196 nan nan
19 30062 578 578 0 0.1971740903 0.03550449533 0.1696242134 0.2808007004 0.111176487 0.168193931 0.3361355799 0.1679416489 1.144702572 0.07723605435 0.1325709338 nan nan
20 34315 1949 1949 0 0.4091416659 0.07239799042 0.2836119543 0.5097957709 0.2261838166 0.2262177443 0.5728380059 0.3466202616 -0.2064173123 0.1250061099 0.1821029117 nan nan
21 34650 1433 1433 0 0.2533380224 0.05704359806 0.2244569146 0.3973264491 0.1728695344 0.1810878115 0.5472175968 0.3661297853 3.379132914 0.1482550796 0.2981462273 nan nan
22 48939 7080 7080 0 0.3245745599 0.03946736195 0.257164572 0.3833803739 0.1262158018 0.239498846 0.4253899103 0.1858910643 -0.1011109592 0.08689242044 0.1045581465 nan nan
23 151127 3687 3687 0 0.4356162495 0.06178533417 0.3562838834 0.5406709117 0.1843870283 0.3533386986 0.5778355597 0.2244968611 0.180321695 0.1234711319 0.1606357799 nan nan
24 67258 1759 1759 0 0.497006007 0.008327868045 0.4897160762 0.507571299 0.01785522281 0.4888996391 0.5729713754 0.08407173634 4.268909418 0.01079598695 0.07619606341 nan nan
25 117692 12103 12103 0 0.5798170978 0.05607126588 0.4933473241 0.6662403266 0.1728930025 0.4714693659 0.879149594 0.4076802281 0.2943591347 0.09772787761 0.3106371451 nan nan
26 149482 7320 7320 0 0.6021044107 0.08754950977 0.4911866529 0.7343526165 0.2431659637 0.4299217109 0.8956261106 0.4657043998 0.1633718897 0.1416254447 0.3025345462 nan nan

K=27, phase=backward, parameter=w [deg]
cluster representative_source n_cluster n_valid n_missing median std p05 p95 width90 minimum maximum range skewness error95 error_max angle_origin_deg angle_resultant
0 144351 45542 45542 0 -0.5301785308 4.24362736 -5.660456334 9.378698613 15.03915495 -9.700381879 15.00651468 24.70689655 1.068555326 11.18095482 16.80877089 20.43253908 0.9972625426
1 22427 4532 4532 0 -0.7859808413 5.096635424 -4.599790103 16.29462927 20.89441937 -14.32672067 26.52261534 40.84933601 2.799370606 18.33077632 28.55876239 188.5874111 0.996073677
2 30751 1717 1717 0 7.581582138 15.24854334 -30.90155904 13.09293623 43.99449527 -33.79145629 13.44155532 47.23301161 -0.9287390885 39.73064781 42.62054506 205.4065264 0.965084228
3 221195 4355 4355 0 -1.609784565 8.340568179 -10.11708602 12.83922246 22.95630848 -11.00083656 13.49356149 24.49439805 0.3468016215 18.05539907 18.7097381 22.87884356 0.9894351958
4 50147 6044 6044 0 -0.9014940425 4.640751451 -5.166023004 10.7581526 15.92417561 -24.63248262 17.48451287 42.11699549 1.349151059 12.25214602 23.26135723 198.2680323 0.996730642
5 127305 3336 3336 0 2.440833916 6.492994382 -10.09472538 7.838415798 17.93314117 -10.4252007 15.62852057 26.05372126 -0.4110432498 12.89077322 13.22124854 21.0403074 0.9935922932
6 22050 1731 1731 0 1.105716642 6.887357636 -12.96429629 11.60746741 24.57176369 -33.20266615 14.57626473 47.77893089 -1.331981097 15.19721998 35.43558984 204.9420542 0.9928377772
7 8822 3015 3015 0 -1.806333117 6.880525012 -3.808429253 20.80867819 24.61710744 -4.268052016 35.05889756 39.32694957 3.278299321 23.15088891 37.40110827 184.3935111 0.9929031273
8 80416 7406 7406 0 -0.2233774845 4.152765061 -4.964163319 6.43761553 11.40177885 -31.3093361 14.96462183 46.27395793 -0.7470244494 7.412548435 33.18561684 204.3830787 0.997386898
9 175498 2919 2919 0 1.174033024 5.644634142 -10.35461106 6.669777178 17.02438824 -14.98052386 6.921693374 21.90221724 -0.6053042266 15.60092305 20.22683585 28.67254284 0.9951560762
10 14142 8910 8910 0 0.02404964558 3.858518842 -5.865022814 5.677357808 11.54238062 -19.48224538 28.49773604 47.97998141 0.7272870359 6.333439998 29.01651529 190.9789934 0.9977391594
11 176287 17402 17402 0 0.1389606412 5.342589801 -8.467804616 7.304796599 15.77260122 -10.69470868 10.86124841 21.55595709 -0.08984504734 13.82761132 16.05451538 26.19654098 0.9956582265
12 99245 2846 2846 0 2.07511011 9.882360311 -15.36902365 13.43950666 28.8085303 -34.67515997 13.87244425 48.54760422 -0.2620913205 24.77197779 44.07811411 206.1788496 0.9851906336
13 156237 2360 2360 0 -0.02585611453 2.699861421 -3.554209535 4.567402802 8.121612337 -6.289271843 12.87202076 19.1612926 1.798754952 5.976554484 12.23896718 23.59525563 0.9988916966
14 168732 13781 13781 0 0.6593278817 3.356158569 -6.421117601 3.711859927 10.13297753 -13.78834192 9.090325442 22.87866736 -0.6951844049 8.687104285 16.0543286 27.97281053 0.9982862484
15 76537 4874 4874 0 -0.5489852883 6.730090198 -9.287189516 11.73142065 21.01861017 -10.88279621 14.29081173 25.17360794 0.2883784389 11.19146984 13.40322705 191.6022387 0.9931167562
16 41854 8536 8536 0 -1.803202638 6.432375593 -6.669304857 11.92415188 18.59345673 -33.41575503 15.43932552 48.85508056 -0.304287216 13.85267328 31.87969203 204.9153164 0.9937416333
17 49752 4179 4179 0 -0.984323364 4.910123931 -6.499137977 9.75125252 16.2503905 -15.68429696 13.40136264 29.0856596 0.647467362 12.68906611 16.32786681 191.7582705 0.9963340082
18 125038 14730 14730 0 0.1319206613 1.898511438 -2.891894353 2.501773762 5.393668115 -16.60243575 8.250837825 24.85327358 -1.019971717 3.319607561 16.81866491 27.22065969 0.9994516412
19 30062 578 578 0 3.859213918 13.77043174 -26.56264869 14.98896161 41.5516103 -32.53166536 15.44200675 47.97367211 -0.6982362027 37.2190066 43.18802327 204.5077307 0.9714355223
20 34315 1949 1949 0 -1.269256586 7.811817143 -6.07955615 19.21625931 25.29581546 -25.93642323 22.83978945 48.77621268 0.9414951748 22.79221386 25.96080481 197.3888289 0.9907898578
21 34650 1433 1433 0 0.9407578367 5.486781846 -13.48125086 8.498098805 21.97934966 -32.79267544 9.063532408 41.85620785 -1.450344202 14.68724508 33.99866967 210.633543 0.9954361849
22 48939 7080 7080 0 0.4700390457 4.936208853 -6.273337535 4.700537426 10.97387496 -35.55110829 13.15015859 48.70126688 -4.186082841 6.736869127 35.65099833 207.0969099 0.9963579007
23 151127 3687 3687 0 2.612817392 5.473189138 -12.51416284 3.984330006 16.49849285 -18.83265508 4.192650542 23.02530562 -1.614863693 16.21944174 22.53793398 32.76352207 0.9954532324
24 67258 1759 1759 0 0.002781196973 3.125215555 -4.094614414 4.568071448 8.662685862 -21.83596963 6.662557174 28.4985268 -1.522260585 6.092557976 20.55124339 197.118647 0.9985166757
25 117692 12103 12103 0 1.338860483 4.735479908 -13.00457691 4.58504279 17.5896197 -18.44215496 7.595300159 26.03745512 -1.759661975 14.75641002 20.19398807 29.09225109 0.9965956866
26 149482 7320 7320 0 -0.02701022609 3.560964607 -4.920042354 7.037130663 11.95717302 -13.75392202 12.09440973 25.84833175 0.15208859 9.06923882 14.35389376 24.34159384 0.9980732011

K=27, phase=forward, parameter=a [km]
cluster representative_source n_cluster n_valid n_missing median std p05 p95 width90 minimum maximum range skewness error95 error_max angle_origin_deg angle_resultant
0 144351 45542 45536 6 1583442.537 548739.3669 1028025.848 2764085.746 1736059.898 241974.2817 3387391.995 3145417.714 0.7324133018 983217.2053 1605730.924 nan nan
1 22427 4532 4532 0 207634.1595 7850.570771 200893.0122 222447.9869 21554.97464 200131.8806 246481.2391 46349.35859 0.9473916915 11672.85643 35706.10869 nan nan
2 30751 1717 1717 0 823669.7676 200914.5703 777551.9922 1301523.568 523971.5757 769187.3523 2739064.668 1969877.316 3.897890575 457407.6891 1894948.789 nan nan
3 221195 4355 4353 2 236803.8472 15663.14252 209290.3106 245365.9769 36075.66635 195800.4036 1081874.302 886073.8985 35.99612979 27430.39608 845246.5067 nan nan
4 50147 6044 6044 0 1215351.145 206784.8641 997961.594 1564766.579 566804.9847 238082.6323 3317914.974 3079832.342 -0.2722604091 340576.8112 2084163.054 nan nan
5 127305 3336 3326 10 230339.3225 32609.18078 205358.0628 244073.7429 38715.68015 195340.6591 1872552.332 1677211.672 39.90433205 24696.53967 1653175.128 nan nan
6 22050 1731 1724 7 241719.5283 378416.2424 226129.9716 245491.9963 19362.02468 196406.2895 4542129.342 4345723.053 8.165618965 23594.99149 4299496.025 nan nan
7 8822 3015 3015 0 226530.2874 6172.523769 212013.0584 231988.9439 19975.88547 203015.7444 245231.8241 42216.07978 -1.649798962 16212.77924 24508.81416 nan nan
8 80416 7406 7405 1 914357.3248 49114.65613 856115.7022 1004356.169 148240.4666 229891.7885 1160807.177 930915.3885 0.09108679383 104537.3552 676882.6977 nan nan
9 175498 2919 2917 2 241572.6938 13234.82426 231609.234 246827.7742 15218.54024 195568.183 849927.9025 654359.7195 33.08144223 14707.31872 603637.9498 nan nan
10 14142 8910 8908 2 206751.0621 7971.218545 198682.4139 221493.1922 22810.77827 195549.0618 246639.0149 51089.95312 0.7766078073 12717.69272 37862.20679 nan nan
11 176287 17402 17399 3 228872.3778 11465.53758 217599.6866 237147.0828 19547.39626 196044.9722 1509414.046 1313369.074 80.06186613 11009.86301 1281028.814 nan nan
12 99245 2846 2846 0 219459.3113 9924.686836 204074.4177 235703.8916 31629.47394 203121.884 246566.8939 43445.00998 0.13323149 16352.3757 26994.88229 nan nan
13 156237 2360 2360 0 842808.8758 105867.0974 771449.3603 1095544.984 324095.6235 768841.3999 1204904.305 436062.9053 1.051560287 246611.4669 355970.7884 nan nan
14 168732 13781 13781 0 215948.4668 5552.842638 209495.1891 223760.9794 14265.79026 195295.2842 246465.7823 51170.49811 1.023853917 8804.671862 28851.22658 nan nan
15 76537 4874 4871 3 227006.5501 6744.672622 213513.7419 234529.9352 21016.19326 195418.9692 245898.3453 50479.37611 -0.749417844 12609.42211 29493.32007 nan nan
16 41854 8536 8530 6 1093570.606 287277.5666 930940.2771 1452250.185 521309.9082 204424.929 4532888.748 4328463.819 4.841361573 467229.7196 3452098.687 nan nan
17 49752 4179 4179 0 209590.1023 7777.635824 202387.8983 222795.2499 20407.35161 195882.2113 247163.5305 51281.31914 1.351307624 11363.02212 35723.24507 nan nan
18 125038 14730 14729 1 210714.0804 5624.271893 205548.4452 220786.592 15238.14682 204045.2464 247089.4239 43044.17754 1.834276162 8166.067342 34239.24265 nan nan
19 30062 578 576 2 218918.0002 81098.00562 203604.735 239685.0533 36080.31824 203269.8874 1492498.208 1289228.321 12.59367253 18812.81041 1271625.966 nan nan
20 34315 1949 1947 2 219642.1247 19845.55935 205671.8764 242534.4212 36862.54483 195326.6174 951117.7636 755791.1462 25.64504454 24023.88028 732607.2227 nan nan
21 34650 1433 1433 0 1909832.638 1085030.143 997571.9637 4301994.085 3304422.121 214619.024 4492215.182 4277596.158 0.514250553 1895830.484 2678783.424 nan nan
22 48939 7080 7080 0 845219.4385 36688.45697 802461.3797 914128.5845 111667.2048 768506.2556 1109270.055 340763.7998 0.9000500018 69823.37756 263401.7455 nan nan
23 151127 3687 3679 8 1194188.59 322912.3797 968092.8866 1865469.804 897376.9177 773863.6857 4267165.471 3493301.785 0.869292534 579360.5233 2981056.19 nan nan
24 67258 1759 1758 1 1352579.934 259608.5013 934349.6065 1635184.235 700834.6282 225839.6389 3867846.723 3642007.084 -0.5031656016 480039.0116 2454311.197 nan nan
25 117692 12103 12098 5 227868.3327 7028.307318 213869.3587 236938.152 23068.79329 195539.2265 247072.7297 51533.5032 -0.4796136777 15210.68743 33425.03682 nan nan
26 149482 7320 7315 5 1186206.011 357519.3018 945930.826 1781896.808 835965.9823 230086.8322 4551570.686 4321483.854 1.801484772 561721.7841 3318634.158 nan nan

K=27, phase=forward, parameter=e [-]
cluster representative_source n_cluster n_valid n_missing median std p05 p95 width90 minimum maximum range skewness error95 error_max angle_origin_deg angle_resultant
0 144351 45542 45536 6 0.698989707 0.09502080834 0.5311810503 0.8280545361 0.2968734857 0.1946760287 0.8597500074 0.6650739788 -0.2202075856 0.2016397697 0.5381447913 nan nan
1 22427 4532 4532 0 0.4856801467 0.05694486004 0.3788480771 0.5334798582 0.1546317811 0.1760689075 0.5388564165 0.362787509 -1.0629186 0.08434602305 0.2871251926 nan nan
2 30751 1717 1717 0 0.4034333957 0.08362161212 0.3619899057 0.6324337984 0.2704438927 0.3535949382 0.8266182284 0.4730232902 2.018042121 0.2120371149 0.4062215448 nan nan
3 221195 4355 4353 2 0.2683153554 0.07002611951 0.187885977 0.474632981 0.2867470041 0.170324271 0.5693291022 0.3990048312 1.615919731 0.2047935189 0.2994896401 nan nan
4 50147 6044 6044 0 0.6055614143 0.06809017196 0.5155882563 0.6951464814 0.1795582251 0.1701598274 0.8568787149 0.6867188875 -1.321214578 0.1021846745 0.4414469127 nan nan
5 127305 3336 3326 10 0.3210470464 0.09784339735 0.2025271134 0.502007625 0.2994805116 0.1698141831 0.7457509923 0.5759368092 0.3303258686 0.19977636 0.3440888532 nan nan
6 22050 1731 1724 7 0.2272978342 0.09566455906 0.1883679395 0.4040878727 0.2157199332 0.1697123633 0.8954250633 0.7257127 4.195565675 0.1874681347 0.6788053253 nan nan
7 8822 3015 3015 0 0.3482768324 0.04595084227 0.3062506349 0.4550331208 0.1487824859 0.1914905578 0.5185090086 0.3270184508 1.432595663 0.126926471 0.1777287231 nan nan
8 80416 7406 7405 1 0.4685429556 0.02985357077 0.4286641641 0.5195690882 0.09090492409 0.3242626434 0.5865382837 0.2622756403 -0.03297746193 0.06019203269 0.1398480353 nan nan
9 175498 2919 2917 2 0.2272750868 0.05774959918 0.1731991152 0.3111112289 0.1379121137 0.1711702751 0.5709867871 0.399816512 2.105378199 0.1313709386 0.3912464968 nan nan
10 14142 8910 8908 2 0.491859117 0.05754455216 0.3855806659 0.5490424298 0.1634617638 0.1744012197 0.5711935452 0.3967923254 -0.8724587429 0.09179037629 0.3029278332 nan nan
11 176287 17402 17399 3 0.3316677323 0.04650926176 0.2652235875 0.4148921541 0.1496685666 0.1700666531 0.6839207812 0.5138541281 0.4922798017 0.08381203568 0.348658394 nan nan
12 99245 2846 2846 0 0.401190005 0.07338600809 0.2776150162 0.5110140498 0.2333990335 0.1768984382 0.5177719142 0.3408734759 -0.2281289446 0.1225384534 0.2232550314 nan nan
13 156237 2360 2360 0 0.4178108295 0.06728924748 0.3560439096 0.5604567811 0.2044128715 0.3534727016 0.6017595388 0.2482868372 0.6495014203 0.138215781 0.1795185387 nan nan
14 168732 13781 13781 0 0.426746947 0.04092173237 0.3698625209 0.4727956759 0.102933155 0.176276511 0.5729557573 0.3966792463 -1.275096868 0.0629050332 0.238449594 nan nan
15 76537 4874 4871 3 0.3451919735 0.05062057712 0.2863554919 0.4440430713 0.1576875794 0.1843337776 0.5721043294 0.3877705518 0.622763245 0.09242341165 0.2112688966 nan nan
16 41854 8536 8530 6 0.5602019137 0.07478079063 0.4787319208 0.671532516 0.1928005952 0.1771737652 0.8952125964 0.7180388312 -0.2049865333 0.1377082511 0.3772454137 nan nan
17 49752 4179 4179 0 0.4718224988 0.05720034181 0.3763459958 0.5229299736 0.1465839779 0.169493203 0.5688579778 0.3993647748 -1.550227261 0.08223101945 0.2890398827 nan nan
18 125038 14730 14729 1 0.4639854924 0.04131375501 0.3915774119 0.5006581708 0.1090807588 0.1704928964 0.5112590529 0.3407661565 -2.106072383 0.05839404882 0.2782388696 nan nan
19 30062 578 576 2 0.4082995469 0.08730120996 0.2441601633 0.5145689364 0.2704087731 0.1816681563 0.6802876347 0.4986194784 -0.2594055674 0.146722499 0.2895830853 nan nan
20 34315 1949 1947 2 0.3999614173 0.08375441308 0.2206093558 0.4998491197 0.2792397639 0.1685723685 0.5727162374 0.4041438689 -0.6898957726 0.1872958288 0.2393328161 nan nan
21 34650 1433 1433 0 0.7510711385 0.129880145 0.5153071231 0.8895821459 0.3742750229 0.1705568463 0.8942666422 0.7237097959 -1.459067984 0.3205610071 0.6653112838 nan nan
22 48939 7080 7080 0 0.4204241055 0.02684789097 0.3852975175 0.4684777447 0.08318022723 0.3532132518 0.5675076137 0.2142943619 0.4736014841 0.04978142654 0.1470034797 nan nan
23 151127 3687 3679 8 0.5984387582 0.09169960935 0.5002921177 0.7447651413 0.2444730236 0.358302313 0.8887012719 0.5303989589 0.002846344324 0.1279671063 0.2697122055 nan nan
24 67258 1759 1758 1 0.6465033305 0.08362646955 0.4809510989 0.7084522851 0.2275011862 0.1699024182 0.8772211912 0.707318773 -1.966170468 0.1813853282 0.4921834438 nan nan
25 117692 12103 12098 5 0.3390210928 0.05333080438 0.2667026476 0.4416409591 0.1749383115 0.1707323136 0.5711940404 0.4004617267 0.347480542 0.1140481174 0.2405463734 nan nan
26 149482 7320 7315 5 0.5957210103 0.09683550292 0.4877508701 0.7326956305 0.2449447603 0.2485964883 0.8956399398 0.6470434515 -0.3235519981 0.1269073034 0.3629138699 nan nan

K=27, phase=forward, parameter=w [deg]
cluster representative_source n_cluster n_valid n_missing median std p05 p95 width90 minimum maximum range skewness error95 error_max angle_origin_deg angle_resultant
0 144351 45542 45536 6 -3.286434399 20.42931477 -21.43437159 34.67237454 56.10674613 -177.669647 176.9592098 354.6288567 -0.05715525234 55.97895534 179.2103103 173.8555538 0.9439808045
1 22427 4532 4532 0 -2.473144279 24.24137768 -13.74001233 37.93084996 51.67086229 -178.4391834 176.660112 355.0992954 3.393192331 45.58423262 178.3079954 304.2893016 0.9375489574
2 30751 1717 1717 0 -7.415105399 33.16067018 -34.66627977 64.16268212 98.82896189 -177.5984722 176.8207025 354.4191746 1.001789599 62.02907506 179.2027887 217.6250849 0.851958957
3 221195 4355 4353 2 -9.056634808 33.18799013 -27.40584404 80.46698946 107.8728335 -177.1782941 171.2648798 348.443174 1.426449117 105.7879304 178.6707138 62.81985054 0.8581141538
4 50147 6044 6044 0 -7.709053053 40.40669009 -21.65445378 111.9055164 133.5599701 -178.3881352 179.7690602 358.1571954 1.698663117 130.4278843 179.9755005 184.5012883 0.8288017391
5 127305 3336 3326 10 5.350858617 37.1191271 -54.6467477 57.94926708 112.5960148 -168.2635182 179.1915953 347.4551134 0.06654461335 65.84552954 173.8179845 114.7564496 0.8175955963
6 22050 1731 1724 7 -3.327522652 30.48026576 -26.34261577 69.47542704 95.81804281 -175.5777384 179.9884915 355.5662299 1.499180121 87.15224873 173.1463704 161.8056712 0.8936965224
7 8822 3015 3015 0 -3.765108919 23.58898405 -6.626830869 46.64525455 53.27208541 -174.0644585 174.5761876 348.6406462 0.3669166734 58.40052875 179.3889875 296.1526306 0.9412989285
8 80416 7406 7405 1 -2.62574442 23.83492212 -29.63861075 41.18018546 70.81879621 -173.7658378 166.8063076 340.5721454 0.8106983754 43.06320473 176.6962054 195.4441962 0.9202711444
9 175498 2919 2917 2 -4.224191025 25.88259355 -18.78982995 36.87163436 55.6614643 -178.7189277 177.1006975 355.8196253 -0.1417188584 44.16803684 179.4809406 18.3346463 0.9258251678
10 14142 8910 8908 2 -0.9824631957 17.95791031 -10.2470143 12.39942684 22.64644114 -171.2972479 171.1741109 342.4713588 2.802702239 17.57309545 175.9004141 302.2450957 0.9668184186
11 176287 17402 17399 3 -2.318735126 21.01427467 -19.23683781 35.6084338 54.84527161 -179.4096575 177.1350968 356.5447543 1.600176293 54.27740751 179.9422297 14.92157169 0.9445947396
12 99245 2846 2846 0 -6.777116718 44.08474331 -24.32433007 80.05830476 104.3826348 -179.2078101 179.6041345 358.8119446 1.807591003 88.51833494 179.936209 342.1751659 0.8141290117
13 156237 2360 2360 0 -6.725214653 39.00274641 -36.52405311 81.02797222 117.5520253 -40.89407251 165.281767 206.1758395 1.488959936 103.6526285 179.4753023 237.7519243 0.8113825101
14 168732 13781 13781 0 -5.086352034 26.38128089 -17.83047053 32.3481581 50.17862863 -179.7466608 179.4951185 359.2417793 2.170783122 46.16380586 179.9921949 8.680602108 0.920381994
15 76537 4874 4871 3 -3.508451017 22.83885243 -16.77234531 34.76045762 51.53280293 -178.596713 178.6866635 357.2833764 1.684706227 40.93943411 177.2581899 308.5978906 0.9393948494
16 41854 8536 8530 6 -13.8048437 44.39155854 -37.15897698 95.21998143 132.3789584 -175.9768539 176.7469471 352.723801 0.9226294236 130.1139183 179.9844928 200.0729322 0.7566992466
17 49752 4179 4179 0 -1.985516627 28.38737646 -20.92974911 27.75260627 48.68235538 -178.9197103 157.0813113 336.0010216 2.519204141 83.84830974 169.56739 315.8231127 0.9080642278
18 125038 14730 14729 1 -2.901348874 21.69278371 -18.61836888 33.50506539 52.12343426 -174.2958695 176.7205102 351.0163797 2.407057989 46.93902513 179.4515409 11.41582624 0.9434725976
19 30062 578 576 2 -5.558553454 44.91174391 -31.69103547 123.5774224 155.2684578 -57.09256576 176.9359142 234.02848 1.815350757 147.3592116 174.4098973 31.2223275 0.7753630546
20 34315 1949 1947 2 -2.774085664 34.63073501 -54.73925966 46.40615256 101.1454122 -178.7759754 179.671276 358.4472513 -0.9901386586 63.93711751 171.6529898 46.69217804 0.8656819496
21 34650 1433 1433 0 -4.784449702 47.39239624 -30.79403609 104.1642014 134.9582375 -178.8211871 178.8766692 357.6978563 0.2577255155 134.3254092 178.5186946 273.2549516 0.7752825632
22 48939 7080 7080 0 -2.732047712 21.53494581 -25.48502798 35.26886942 60.75389739 -179.3131449 176.2357723 355.5489172 0.7745929499 55.65362659 171.1463614 193.6380102 0.9364412624
23 151127 3687 3679 8 -4.569395911 52.76701812 -37.62064247 137.2106491 174.8312915 -179.7065554 179.3409759 359.0475313 0.9501117747 157.8220078 179.9202144 247.2116186 0.7220597268
24 67258 1759 1758 1 -7.510028477 46.27857145 -23.46114595 121.8283985 145.2895445 -178.3057765 178.9989176 357.3046941 1.25829004 141.8216016 179.9667238 205.663325 0.7789555006
25 117692 12103 12098 5 -4.841732091 29.30384947 -24.2881654 38.19875861 62.48692401 -177.4057787 179.4692658 356.8750445 -1.674665074 64.19565213 179.825211 16.29594899 0.9011895736
26 149482 7320 7315 5 -5.223873112 36.2813194 -28.0911676 90.01839945 118.109567 -178.1348876 177.9364538 356.0713414 1.483400128 120.0078396 178.8363144 294.4708808 0.8470981248
