N=194124, N_branch=500, dt_b=-0.0001, dt_f=0.0001, rtol=1e-9
T_min=0, T_max_b=-6.283185307179586, T_max_f=12.566370614359172, ZOOM=False
Features: normalized position and unit tangent blocks.
OE event: first outward crossing of 2.5 lunar SOI along each integration direction, before any detected collision.
Frame: geocentric inertial axes coincident with synodic axes at t=0.
STD: ddof=0; w statistics use offsets from the cluster circular mean (angle_origin_deg).
angle_resultant: 1=concentrated directions; 0=no defined mean direction. Broad angular clouds require caution with linearized moments.
NaN: missing event, undefined parameter/statistic, or missing representative parameter.

K=10, STD=0.01603226725
n = trajectories per cluster; conditions overlap.
n = 1: clusters=0/10 (0.00%); trajectories=0/194124 (0.00%)
n < 10: clusters=0/10 (0.00%); trajectories=0/194124 (0.00%)
n < 100: clusters=0/10 (0.00%); trajectories=0/194124 (0.00%)

K=10, phase=backward, parameter=a [km]
cluster representative_source n_cluster n_valid n_missing median std p05 p95 width90 minimum maximum range skewness error95 error_max angle_origin_deg angle_resultant
0 147032 56047 56047 0 1529778.845 582986.5597 1007909.016 2793660.839 1785751.822 806790.2393 4550878.486 3744088.247 1.157255944 1162418.867 2919636.514 nan nan
1 33467 11708 11708 0 203505.4729 7978.372799 198844.8945 221042.9984 22198.10388 195307.782 247181.8484 51874.06637 2.393620833 18036.42815 44175.27814 nan nan
2 52405 8936 8936 0 231252.0904 6898.612771 221493.5066 245162.4094 23668.90272 204381.6968 247044.6973 42663.00045 0.3054860892 16575.87524 24228.54284 nan nan
3 156649 34130 34130 0 889805.0632 154210.0801 797153.9614 1272436.567 475282.6053 768052.7014 1889603.742 1121551.041 1.530270333 375189.9748 992357.1501 nan nan
4 40474 10599 10599 0 231006.5861 6697.481568 220558.4333 240758.9752 20200.54195 217107.4155 247275.166 30167.75056 0.0704767368 14173.43936 20689.63012 nan nan
5 138247 28418 28418 0 1079030.684 266426.5996 877806.9102 1572444.984 694638.0738 808242.1069 4543425.988 3735183.881 2.96719505 513359.5899 3484340.594 nan nan
6 32694 5549 5549 0 228159.4978 12543.15084 206129.2037 245122.69 38993.48626 195309.8806 247235.4223 51925.54165 -0.2261031616 21494.51284 28331.57302 nan nan
7 16324 15123 15123 0 222081.69 8279.151229 206885.0299 233046.773 26161.7431 201883.0694 247282.6172 45399.54772 -0.2562875335 14208.38408 26795.01544 nan nan
8 57507 14674 14674 0 212564.6086 4511.73348 205816.8909 219517.3101 13700.41928 195292.2075 237826.719 42534.51151 0.4293780393 7649.357005 24665.43196 nan nan
9 221423 8940 8940 0 957678.302 364211.423 777351.6745 1711745.64 934393.9653 769310.1008 4539420.922 3770110.821 3.661043794 785007.0495 3612682.331 nan nan

K=10, phase=backward, parameter=e [-]
cluster representative_source n_cluster n_valid n_missing median std p05 p95 width90 minimum maximum range skewness error95 error_max angle_origin_deg angle_resultant
0 147032 56047 56047 0 0.6882746471 0.09963689079 0.5210786247 0.8298944488 0.3088158241 0.3881493345 0.8956261106 0.5074767762 -0.1717077428 0.1869481426 0.3197992387 nan nan
1 33467 11708 11708 0 0.514976301 0.05886816755 0.389243549 0.5479274189 0.1586838699 0.1693191876 0.5728758046 0.403556617 -2.61212934 0.1291180987 0.3490424601 nan nan
2 52405 8936 8936 0 0.3131901768 0.05634172273 0.1908910079 0.3866370966 0.1957460887 0.1705917047 0.5088916189 0.3382999142 -0.5112076882 0.1431605237 0.1752006258 nan nan
3 156649 34130 34130 0 0.4524458707 0.07682690382 0.3803066333 0.6235867659 0.2432801326 0.3526417655 0.7484095422 0.3957677767 0.7891475028 0.1667567991 0.2915795754 nan nan
4 40474 10599 10599 0 0.3150756737 0.05308786409 0.2342065285 0.3932424162 0.1590358876 0.1683444931 0.4170856067 0.2487411137 -0.2112536835 0.1144886261 0.1803506615 nan nan
5 138247 28418 28418 0 0.5537955552 0.08613356109 0.4442333403 0.6966820972 0.2524487569 0.3895813856 0.8954556795 0.5058742939 0.2801375028 0.1517254395 0.3504697807 nan nan
6 32694 5549 5549 0 0.3369034383 0.09757308346 0.1915311139 0.4964158938 0.3048847799 0.168591401 0.5728380059 0.4042466048 0.100269392 0.1790165117 0.2024139787 nan nan
7 16324 15123 15123 0 0.3815436336 0.06096849344 0.2981426295 0.4909836575 0.192841028 0.168193931 0.5264969803 0.3583030493 0.19833834 0.1046073722 0.2250336219 nan nan
8 57507 14674 14674 0 0.4508926895 0.03232880824 0.4010068237 0.4987294643 0.09772264056 0.2604265039 0.5729713754 0.3125448715 -0.5056561542 0.05446899225 0.1861477403 nan nan
9 221423 8940 8940 0 0.4945398781 0.112352648 0.3618036157 0.7216780094 0.3598743937 0.3537780304 0.8953605839 0.5415825535 0.7434248244 0.2447031466 0.4183857211 nan nan

K=10, phase=backward, parameter=w [deg]
cluster representative_source n_cluster n_valid n_missing median std p05 p95 width90 minimum maximum range skewness error95 error_max angle_origin_deg angle_resultant
0 147032 56047 56047 0 -0.6626052229 5.08190111 -6.656138642 11.58824242 18.24438106 -10.78608633 15.5654097 26.35149602 1.015992207 14.11393311 18.09110039 21.37375814 0.9960771403
1 33467 11708 11708 0 -1.45802247 8.969531725 -10.84522216 18.37747801 29.22270017 -16.03509859 27.76546306 43.80056165 0.8742970827 25.83504506 35.22303011 192.1090722 0.9878276706
2 52405 8936 8936 0 0.979076077 8.048984437 -16.94853482 11.00378165 27.95231647 -35.24500029 13.45626659 48.70126688 -2.342764653 20.25684728 38.55331275 206.7908019 0.9902983795
3 156649 34130 34130 0 1.525573135 5.40328686 -9.856891038 7.200304139 17.05719518 -16.1206864 9.48184661 25.60253301 -0.5483269567 14.87915292 21.14294828 27.57594278 0.9955606252
4 40474 10599 10599 0 -1.778569059 6.819440724 -7.865191659 11.4554167 19.32060836 -34.00868193 14.84639863 48.85508056 -0.474709206 14.69418132 31.30001275 205.5082433 0.9929628464
5 138247 28418 28418 0 0.1671561294 2.696573187 -3.995179802 3.609973763 7.605153565 -16.91247882 9.532541868 26.44502069 -1.057612563 6.051008141 18.85643953 27.52894935 0.998894176
6 32694 5549 5549 0 -2.928603561 9.671995679 -11.14455146 16.4736007 27.61815216 -31.12978403 17.64642866 48.77621268 0.03978736752 22.21160414 25.72267724 202.5821897 0.985846565
7 16324 15123 15123 0 -0.6379608014 4.831227875 -6.151019832 6.952043774 13.10306361 -18.39993196 29.58004945 47.97998141 1.567301935 8.540028495 31.14248689 189.89668 0.9964623946
8 57507 14674 14674 0 -0.2308983095 5.267022521 -7.470168367 8.795434872 16.26560324 -27.90596394 18.36799398 46.27395793 0.1159625175 11.0542143 25.82116498 200.9797066 0.9957868963
9 221423 8940 8940 0 0.5218774267 7.135939651 -11.36745804 11.91812367 23.28558171 -13.04662497 13.4014043 26.44802927 0.03192274107 18.17152425 19.65480487 23.66173167 0.9922654671

K=10, phase=forward, parameter=a [km]
cluster representative_source n_cluster n_valid n_missing median std p05 p95 width90 minimum maximum range skewness error95 error_max angle_origin_deg angle_resultant
0 147032 56047 56027 20 1468612.262 572382.4068 942338.511 2695656.745 1753318.234 207909.7437 4551570.686 4343660.942 0.661891314 1039772.682 2731447.756 nan nan
1 33467 11708 11705 3 222727.2092 91490.66541 203095.85 233937.463 30841.61305 195418.9692 1733640.137 1538221.168 13.35252687 21423.56731 1509297.725 nan nan
2 52405 8936 8934 2 842185.3901 87539.57456 781047.8113 914707.7284 133659.917 203188.8692 1139149.767 935960.8977 -4.988356424 96118.11409 624302.4162 nan nan
3 156649 34130 34123 7 229035.0113 184281.3454 215233.6657 245533.095 30299.42934 195317.7004 1890987.136 1695669.436 5.852202492 18271.93802 1662438.208 nan nan
4 40474 10599 10587 12 1134069.707 628152.6669 926762.0665 2661223.498 1734461.431 204424.929 4542129.342 4337704.413 3.069989971 1515496.885 3396402.73 nan nan
5 138247 28418 28416 2 213492.8083 64696.03779 206076.8167 227737.7248 21660.9081 195295.2842 1745613.519 1550318.235 18.6898159 13582.49967 1530464.654 nan nan
6 32694 5549 5546 3 225713.7086 16196.61789 204635.2898 244691.2653 40055.97558 195326.6174 951117.7636 755791.1462 16.13601048 33672.61187 740099.1102 nan nan
7 16324 15123 15122 1 208109.3443 8821.895255 199130.7641 224769.5661 25638.80202 195549.0618 246940.291 51391.22927 0.7412998814 14857.13996 37027.86488 nan nan
8 57507 14674 14671 3 1005239.916 241129.7118 866337.3638 1556213.626 689876.2623 204842.3198 3867846.723 3663004.403 0.6302167877 543962.1081 2839727.138 nan nan
9 221423 8940 8927 13 238170.3718 518781.6887 207585.4855 1711560.153 1503974.668 195800.4036 4049480.974 3853680.57 1.523881153 1473483.034 3811403.854 nan nan

K=10, phase=forward, parameter=e [-]
cluster representative_source n_cluster n_valid n_missing median std p05 p95 width90 minimum maximum range skewness error95 error_max angle_origin_deg angle_resultant
0 147032 56047 56027 20 0.6751042342 0.1187347684 0.4855628113 0.8237100479 0.3381472366 0.1752735965 0.8956399398 0.7203663433 -0.7753592376 0.2529484139 0.5632376287 nan nan
1 33467 11708 11705 3 0.3785349079 0.07603762558 0.292809999 0.5189731227 0.2261631237 0.169493203 0.7251866045 0.5556934015 0.4147742353 0.1546389047 0.3602402002 nan nan
2 52405 8936 8934 2 0.4181888549 0.04100081776 0.3656285278 0.4690709844 0.1034424566 0.1722257304 0.5792593629 0.4070336325 -2.029096063 0.06792642657 0.2345348374 nan nan
3 156649 34130 34123 7 0.3357442734 0.0731248202 0.2540842916 0.4521440438 0.1980597522 0.1700666531 0.7482513907 0.5781847376 1.425121873 0.1496776468 0.4142947662 nan nan
4 40474 10599 10587 12 0.5762866351 0.1074316266 0.4757273045 0.8215187897 0.3457914852 0.1698731259 0.8954250633 0.7255519374 0.4150411439 0.2749823937 0.4107902157 nan nan
5 138247 28418 28416 2 0.4445923417 0.05544250896 0.3554782255 0.4974650188 0.1419867933 0.1698141831 0.7270899802 0.5572757971 -1.561211931 0.09757810074 0.294741104 nan nan
6 32694 5549 5546 3 0.3550990974 0.09988457353 0.1961774198 0.5070559182 0.3108784984 0.1685723685 0.5727162374 0.4041438689 -0.0468426443 0.2654652511 0.2930703024 nan nan
7 16324 15123 15122 1 0.4822266356 0.06396021512 0.3613889848 0.5459013944 0.1845124095 0.1716030474 0.5711935452 0.3995904978 -0.8334855477 0.1078977414 0.2976836789 nan nan
8 57507 14674 14671 3 0.5195735667 0.09040144081 0.4361632944 0.6934886614 0.257325367 0.1692186463 0.8772211912 0.7080025449 0.07319027993 0.1665071783 0.3613974734 nan nan
9 221423 8940 8927 13 0.3048681258 0.1678457088 0.1852624293 0.7216151587 0.5363527293 0.1700719612 0.8827245536 0.7126525924 0.77306523 0.4641704907 0.6252798856 nan nan

K=10, phase=forward, parameter=w [deg]
cluster representative_source n_cluster n_valid n_missing median std p05 p95 width90 minimum maximum range skewness error95 error_max angle_origin_deg angle_resultant
0 147032 56047 56027 20 -7.337761744 45.11485494 -30.57381813 103.089511 133.6633292 -179.913992 179.8948077 359.8087997 0.8477200537 132.6644355 179.9939731 182.4715427 0.7676409025
1 33467 11708 11705 3 -3.970495852 28.73173106 -21.4954531 43.01227111 64.50772421 -178.9842778 179.9634208 358.9476986 0.8785915838 66.21600686 179.9322514 311.7862642 0.906625978
2 52405 8936 8934 2 -2.892110372 23.50637382 -27.10001695 40.28913843 67.38915538 -179.8981139 179.0718469 358.9699608 1.147782256 42.31570024 179.5214079 196.4187279 0.9261962512
3 156649 34130 34123 7 -2.205788591 31.5335181 -21.67806867 37.11392704 58.79199571 -179.9547208 178.6237528 358.5784736 -1.421543269 83.0598522 179.9113659 13.43291568 0.8868241029
4 40474 10599 10587 12 -9.942679539 50.75927607 -46.34201152 91.981387 138.3233985 -179.7188203 179.0089829 358.7278031 0.3062673801 134.189214 179.8996141 209.136846 0.6835377047
5 138247 28418 28416 2 -4.447700763 33.02380237 -20.6785035 61.1969183 81.8754218 -179.9703758 179.877853 359.8482288 1.713431642 95.07628323 179.8635109 11.89602502 0.8824080329
6 32694 5549 5546 3 -0.7863069415 75.01818083 -85.13404928 121.0962136 206.2302629 -179.624785 179.5951767 359.2199617 0.1939771491 123.8889808 179.696853 44.79700809 0.3545789777
7 16324 15123 15122 1 -2.190441425 24.68486302 -12.47569849 17.20193791 29.6776364 -179.2801184 179.7185532 358.9986716 2.596663826 39.6311621 178.2469239 303.2775441 0.9360989163
8 57507 14674 14671 3 -4.510164823 35.73910191 -28.55740443 63.70611161 92.26351604 -179.6196514 178.9948469 358.6144983 1.503269484 95.78895818 179.7331564 192.3616123 0.856727111
9 221423 8940 8927 13 -3.323810165 71.35790513 -133.7820231 96.99940745 230.7814305 -179.4036086 178.2505211 357.6541297 -0.3332380405 129.4379405 179.8235615 52.50564229 0.4442210929

K=13, STD=0.0149856978
n = trajectories per cluster; conditions overlap.
n = 1: clusters=0/13 (0.00%); trajectories=0/194124 (0.00%)
n < 10: clusters=0/13 (0.00%); trajectories=0/194124 (0.00%)
n < 100: clusters=0/13 (0.00%); trajectories=0/194124 (0.00%)

K=13, phase=backward, parameter=a [km]
cluster representative_source n_cluster n_valid n_missing median std p05 p95 width90 minimum maximum range skewness error95 error_max angle_origin_deg angle_resultant
0 148221 53958 53958 0 1559605.896 575519.921 1036472.506 2806319.979 1769847.474 931329.5301 4550878.486 3619548.956 1.164899321 1194666.762 2939225.268 nan nan
1 39208 8671 8671 0 202343.4689 4718.248133 198615.8197 206383.3262 7767.506464 195307.782 247159.3687 51851.58671 6.68090117 4593.899625 45353.84521 nan nan
2 49624 8687 8687 0 229202.0184 5529.630632 220519.4021 237969.6134 17450.21127 204381.6968 243748.1287 39366.43183 -0.07338301675 11421.14134 22219.99952 nan nan
3 172694 25795 25795 0 859103.2008 57340.17102 795893.3736 980212.9971 184319.6236 768052.7014 1059281.166 291228.4647 0.6105346422 121981.8782 201050.0471 nan nan
4 40478 9300 9300 0 230559.8499 6451.87411 220058.6205 239640.9229 19582.3024 217107.4155 246236.3776 29128.96215 -0.101160162 13750.3591 20345.81379 nan nan
5 140920 27460 27460 0 1058885.023 251696.6376 878828.5599 1556785.119 677956.5595 831721.3456 4536269.84 3704548.495 2.738186971 512782.7719 3492267.493 nan nan
6 28932 2844 2844 0 243876.0292 4069.919518 232776.0061 246907.21 14131.20387 228988.8147 247282.6172 18293.80245 -1.366610868 10642.83979 14430.03124 nan nan
7 5959 5526 5526 0 217446.2208 8557.541654 208016.3842 235784.7093 27768.32511 205993.4289 243998.6629 38005.23397 0.7395644221 19821.76164 28035.71522 nan nan
8 57825 14071 14071 0 212356.1101 4351.093262 205774.6618 218975.9572 13201.29545 195292.2075 237826.719 42534.51151 0.4109562885 7338.741808 25131.57755 nan nan
9 223066 7011 7011 0 887405.7259 90289.35265 774582.7857 1023542.138 248959.3527 768762.4125 1301345.855 532583.4426 0.2064998493 168900.8242 446704.5409 nan nan
10 16751 14024 14024 0 222323.6349 8245.586613 207111.358 233076.9595 25965.60149 201912.2977 243469.2738 41556.97609 -0.2866543495 14041.67491 22879.63211 nan nan
11 105346 13311 13311 0 1185381.708 316626.5266 987023.1376 1692025.925 705002.7872 920303.9278 4543425.988 3623122.06 4.730538751 494372.8104 3345772.874 nan nan
12 34081 3466 3466 0 223822.6032 12823.31487 204359.7589 241509.5341 37149.7752 195309.8806 246782.1825 51472.30189 -0.03240541761 22165.22395 27418.25263 nan nan

K=13, phase=backward, parameter=e [-]
cluster representative_source n_cluster n_valid n_missing median std p05 p95 width90 minimum maximum range skewness error95 error_max angle_origin_deg angle_resultant
0 148221 53958 53958 0 0.6942577479 0.09396308556 0.5350449206 0.8306749683 0.2956300477 0.4780031843 0.8956261106 0.4176229264 -0.09236421731 0.1718095863 0.2263587398 nan nan
1 39208 8671 8671 0 0.5232026091 0.03578607081 0.494600163 0.5495023456 0.0549021826 0.1694347377 0.5728758046 0.4034410669 -7.13412474 0.03242219383 0.3574591606 nan nan
2 49624 8687 8687 0 0.329131055 0.04274722203 0.2582929956 0.3937050715 0.1354120759 0.2033387333 0.5088916189 0.3055528856 -0.01576397843 0.09083538917 0.1601223539 nan nan
3 172694 25795 25795 0 0.430807105 0.03964562659 0.3792941466 0.5071206193 0.1278264727 0.3526417655 0.5462144328 0.1935726673 0.3070784092 0.07739662304 0.1164904366 nan nan
4 40478 9300 9300 0 0.3185412466 0.05026438697 0.2440550224 0.3968519035 0.1527968811 0.1805935826 0.4170346165 0.2364410339 0.02765970154 0.1098383438 0.1732997837 nan nan
5 140920 27460 27460 0 0.5448975333 0.08409026633 0.4449158968 0.6936255885 0.2487096917 0.4088853038 0.8952915353 0.4864062315 0.3565664153 0.1555293523 0.3571952991 nan nan
6 28932 2844 2844 0 0.2044364754 0.03722405257 0.1722623073 0.3014217839 0.1291594766 0.168193931 0.3311178945 0.1629239635 1.156405836 0.09179179045 0.121487901 nan nan
7 5959 5526 5526 0 0.4155604535 0.06366372387 0.2764535043 0.4829657797 0.2065122754 0.204082779 0.4973510031 0.2932682241 -0.8345057817 0.1492646433 0.2216353687 nan nan
8 57825 14071 14071 0 0.4523938272 0.03115026662 0.4048910763 0.499046662 0.09415558562 0.2604265039 0.5729713754 0.3125448715 -0.4862931213 0.05222079768 0.1894706661 nan nan
9 223066 7011 7011 0 0.4500839591 0.06158206064 0.3590862783 0.5285926957 0.1695064174 0.3533386986 0.633060707 0.2797220084 -0.02476434616 0.1001517397 0.204619751 nan nan
10 16751 14024 14024 0 0.3797677511 0.06068651798 0.2978296718 0.4892971363 0.1914674644 0.2093090935 0.5262844357 0.3169753423 0.2385850324 0.1035351051 0.1831828341 nan nan
11 105346 13311 13311 0 0.5952980009 0.06638977795 0.5097152515 0.7184047324 0.2086894808 0.4712745892 0.8954556795 0.4241810903 0.9417822236 0.11952436 0.2960473228 nan nan
12 34081 3466 3466 0 0.3691375689 0.09724458669 0.2269871485 0.5089869891 0.2819998406 0.1743351206 0.5728380059 0.3985028853 -0.04616792643 0.1747357208 0.2273877487 nan nan

K=13, phase=backward, parameter=w [deg]
cluster representative_source n_cluster n_valid n_missing median std p05 p95 width90 minimum maximum range skewness error95 error_max angle_origin_deg angle_resultant
0 148221 53958 53958 0 -0.4190376282 4.522744714 -6.258741072 9.559542614 15.81828369 -10.37975767 15.21349076 25.59324843 0.8329804112 11.62801125 17.28195939 20.96742948 0.9968908321
1 39208 8671 8671 0 -0.7218091626 6.286179061 -8.975871429 11.05840506 20.03427649 -15.83846808 27.78251182 43.6209799 0.5439354526 17.34476955 34.06887631 191.9124417 0.99400027
2 49624 8687 8687 0 0.2884153016 5.048427888 -6.305986334 5.138127385 11.44411372 -35.6336052 13.06766167 48.70126688 -3.558107598 7.839094042 35.39901738 207.1794068 0.9961833995
3 172694 25795 25795 0 0.1925704705 5.529314654 -8.790033225 8.661229908 17.45126313 -11.79355986 10.55293714 22.346497 -0.099402918 13.99646209 16.99998872 26.50485225 0.9953500119
4 40478 9300 9300 0 -2.050527342 6.66755447 -7.506538591 11.41559263 18.92213122 -33.68280248 15.17227807 48.85508056 -0.3312055468 14.80948929 30.73315844 205.1823638 0.9932716413
5 140920 27460 27460 0 0.1067847785 2.663107854 -3.917549665 3.633846278 7.551395943 -16.9307224 9.515943039 26.44666544 -0.9035598174 6.039039429 18.9186225 27.54719293 0.998921287
6 28932 2844 2844 0 2.425208306 13.22182279 -27.6314211 14.25228393 41.88370503 -32.52759712 15.79696548 48.3245626 -0.8177875884 37.04566778 41.94184379 204.1426672 0.9736855351
7 5959 5526 5526 0 -3.812624703 14.10762422 -14.67082137 23.2330908 37.90391217 -23.96420953 24.58339469 48.54760422 0.4202918694 38.50978327 39.86008716 195.4678991 0.9699264657
8 57825 14071 14071 0 -0.2626106533 5.184089303 -7.330769439 8.810990653 16.14176009 -27.65426992 18.43520457 46.08947449 0.1648838531 11.27338613 25.36980018 200.912496 0.9959180687
9 223066 7011 7011 0 0.4017015651 6.104043802 -10.04369988 7.306757439 17.35045732 -16.38799453 7.619487322 24.00748185 -0.300750186 17.80111937 18.11384926 29.33668529 0.9943348509
10 16751 14024 14024 0 -0.6424882797 4.421298779 -5.602871742 6.610778886 12.21365063 -18.52139535 29.45858606 47.97998141 1.52259903 8.071711204 30.90650918 190.0181434 0.9970349395
11 105346 13311 13311 0 2.768561775 6.886344276 -14.13748391 6.922520256 21.06000416 -16.13574969 9.3738665 25.50961619 -1.082887776 17.67398341 19.6722492 26.75085639 0.992801641
12 34081 3466 3466 0 -2.026199014 8.993617268 -9.304645845 17.70053944 27.00518528 -29.2536854 19.52252728 48.77621268 0.2508282911 23.62247018 25.44445803 200.7060911 0.9877659296

K=13, phase=forward, parameter=a [km]
cluster representative_source n_cluster n_valid n_missing median std p05 p95 width90 minimum maximum range skewness error95 error_max angle_origin_deg angle_resultant
0 148221 53958 53944 14 1481434.139 575340.8712 941833.6894 2709566.241 1767732.552 207909.7437 4551570.686 4343660.942 0.6409415041 1042545.21 2730614.817 nan nan
1 39208 8671 8668 3 220928.3333 105354.1267 202788.1102 234410.1509 31622.04076 195418.9692 1733640.137 1538221.168 11.64531213 20594.96039 1510435.959 nan nan
2 49624 8687 8686 1 852634.4343 48738.97518 802129.7215 939530.289 137400.5675 209626.016 1165512.926 955886.9101 -2.112249907 87096.4352 643197.9582 nan nan
3 172694 25795 25792 3 228635.7205 20490.30806 213846.2531 239387.5156 25541.26248 195317.7004 774958.5227 579640.8224 22.2394275 16755.08831 547511.9612 nan nan
4 40478 9300 9290 10 1166033.196 637521.9636 955949.0852 2794944.222 1838995.136 203840.7897 4532888.748 4329047.958 3.062993125 1600596.55 3338541.076 nan nan
5 140920 27460 27458 2 213269.8908 11192.89637 206029.2476 224568.9301 18539.68247 195295.2842 947313.3173 752018.0331 33.29385225 10271.3578 732591.8677 nan nan
6 28932 2844 2839 5 791628.4508 469912.5842 223546.6017 1387220.649 1163674.048 202594.7616 4542129.342 4339534.58 2.415574191 722296.7255 3604806.797 nan nan
7 5959 5526 5526 0 225317.4398 8650.090972 205831.2968 235146.1922 29314.89541 195549.0618 245933.1365 50384.07471 -0.509583675 25272.74237 35554.97736 nan nan
8 57825 14071 14069 2 1011403.21 232664.7075 871382.0249 1559451.569 688069.5442 225839.6389 3867846.723 3642007.084 0.9335566636 529896.5983 2833447.42 nan nan
9 223066 7011 6999 12 1084997.011 523689.4525 240550.6828 1829080.058 1588529.375 220765.1067 4267165.471 4046400.364 -0.1916737381 1305402.163 2721250.376 nan nan
10 16751 14024 14023 1 207171.3057 7943.861489 199061.8554 222197.0339 23135.17854 197668.4292 246639.0149 48970.58572 0.7750141153 13014.79316 37456.77416 nan nan
11 105346 13311 13300 11 229662.9578 22687.2934 211656.1568 238722.6571 27066.50022 195340.6591 947664.0465 752323.3874 21.31744614 20701.63437 715483.3218 nan nan
12 34081 3466 3464 2 225641.7286 22180.65088 204319.744 245133.5821 40813.83818 195326.6174 953754.8766 758428.2591 20.28658961 28456.09538 737077.3898 nan nan

K=13, phase=forward, parameter=e [-]
cluster representative_source n_cluster n_valid n_missing median std p05 p95 width90 minimum maximum range skewness error95 error_max angle_origin_deg angle_resultant
0 148221 53958 53944 14 0.6779885883 0.1186710232 0.4852408461 0.8245957297 0.3393548835 0.1946760287 0.8956399398 0.7009639111 -0.7959221725 0.2533926848 0.5439575023 nan nan
1 39208 8671 8668 3 0.3920872147 0.07917244611 0.2896232464 0.5208837116 0.2312604652 0.169493203 0.7251866045 0.5556934015 0.2618561085 0.1482220155 0.3517852275 nan nan
2 49624 8687 8686 1 0.4261573419 0.03192887082 0.3849618982 0.483741173 0.09877927477 0.1957749225 0.5890949099 0.3933199874 -0.01725338521 0.06065453247 0.2299775273 nan nan
3 172694 25795 25792 3 0.3336019957 0.06305314644 0.2462042404 0.4418781859 0.1956739454 0.1700666531 0.5727852021 0.4027185489 0.05627608252 0.1313212862 0.2304024879 nan nan
4 40478 9300 9290 10 0.588266713 0.1010997122 0.493102489 0.830077843 0.336975354 0.1698731259 0.8952125964 0.7253394705 0.5801204411 0.2525656056 0.4284334371 nan nan
5 140920 27460 27458 2 0.445827382 0.05209292575 0.3638104005 0.4972606619 0.1334502615 0.1698141831 0.5729557573 0.4031415742 -1.859304735 0.07406752917 0.2656022232 nan nan
6 28932 2844 2839 5 0.384079365 0.134514297 0.1928806489 0.6556550946 0.4627744457 0.1722257304 0.8954250633 0.7231993329 0.7337363474 0.293095373 0.4120347892 nan nan
7 5959 5526 5526 0 0.3575733254 0.06433181893 0.2822762955 0.4986343138 0.2163580183 0.1816681563 0.5711935452 0.3895253889 0.3817470548 0.1856116991 0.2581709305 nan nan
8 57825 14071 14069 2 0.5227219678 0.08665908188 0.439774588 0.6941113859 0.2543367979 0.1701598274 0.8772211912 0.7070613638 0.3209784669 0.162160763 0.3634600685 nan nan
9 223066 7011 6999 12 0.55664865 0.1808238332 0.196309226 0.7396873713 0.5433781454 0.172999977 0.8887012719 0.7157012948 -0.7307908688 0.49521937 0.5185286189 nan nan
10 16751 14024 14023 1 0.488855358 0.05739117765 0.3805019101 0.5463830357 0.1658811256 0.1744012197 0.5562090262 0.3818078064 -0.8701644538 0.09398941867 0.3000901091 nan nan
11 105346 13311 13300 11 0.3255982685 0.06371335591 0.2528022943 0.4573210376 0.2045187432 0.1700181651 0.5726195203 0.4026013552 0.639088677 0.1517490968 0.2670475795 nan nan
12 34081 3466 3464 2 0.3558781599 0.1053375448 0.1914345704 0.5092697597 0.3178351893 0.1685723685 0.5727162374 0.4041438689 -0.05374470509 0.2297004435 0.2525626455 nan nan

K=13, phase=forward, parameter=w [deg]
cluster representative_source n_cluster n_valid n_missing median std p05 p95 width90 minimum maximum range skewness error95 error_max angle_origin_deg angle_resultant
0 148221 53958 53944 14 -6.667403257 43.20455266 -28.83268384 101.9270524 130.7597363 -179.6014734 179.7517584 359.3532318 0.991204438 130.215633 179.9845396 180.7954471 0.787001424
1 39208 8671 8668 3 -2.571474893 25.34264077 -19.57000236 31.64196147 51.21196383 -179.0425674 178.1434902 357.1860577 2.192662221 50.70153012 178.9760989 311.8576873 0.9265724088
2 49624 8687 8686 1 -3.041563889 22.96879728 -27.02404697 37.22886605 64.25291302 -179.3889563 179.9261046 359.3150609 0.8569042537 58.9266487 173.7375084 193.7138216 0.9278500182
3 172694 25795 25792 3 -5.030656228 30.99304586 -25.6434815 63.39234629 89.03582779 -179.9822781 179.7971247 359.7794028 1.181498108 89.92775874 179.3898719 19.59447348 0.8841703873
4 40478 9300 9290 10 -13.54851997 50.08546918 -45.35639277 92.03602116 137.3924139 -179.9668167 178.311554 358.2783707 0.3562030072 132.424033 179.9306562 208.1126456 0.6903038543
5 140920 27460 27458 2 -4.747730171 34.62061887 -21.08119615 103.9274266 125.0086227 -179.9124326 179.9793026 359.8917351 2.231734074 122.0777268 179.899102 12.30190405 0.8690015418
6 28932 2844 2839 5 -4.973744101 63.3671365 -75.14562493 105.3177613 180.4633862 -179.9733678 179.9961429 359.9695108 0.1162412741 148.0188914 179.8457281 202.9757165 0.6157760743
7 5959 5526 5526 0 -0.2484030984 47.10481989 -25.95496846 50.83374477 76.78871324 -179.7449616 179.9297261 359.6746877 -1.106446722 138.541991 179.8941088 315.3724226 0.7910176463
8 57825 14071 14069 2 -4.388880114 34.14939159 -28.56972967 58.28558419 86.85531386 -179.7788016 178.8356967 358.6144983 1.619245131 88.52392561 179.8977155 192.5207626 0.8656078882
9 223066 7011 6999 12 -4.819360252 60.79119823 -76.18068768 104.0529721 180.2336598 -179.8193336 178.6046491 358.4239827 0.2762551786 120.415834 179.7491106 293.6122775 0.549936191
10 16751 14024 14023 1 -1.477352401 18.96995021 -11.5977819 14.05878995 25.65657184 -176.9888258 179.7820564 356.7708822 3.348292541 20.94557641 178.6417492 302.838944 0.9617549425
11 105346 13311 13300 11 -3.1006505 42.1588901 -33.85760714 101.6770133 135.5346205 -179.5191602 178.8425751 358.3617352 0.5400682574 128.3200196 179.5045431 27.10148014 0.8045433211
12 34081 3466 3464 2 -10.01157109 62.02618444 -82.34070164 104.6139368 186.9546385 -179.9657408 179.9446223 359.9103631 0.3121940186 131.3978525 179.8829383 62.47811351 0.5613209734

K=17, STD=0.01351539196
n = trajectories per cluster; conditions overlap.
n = 1: clusters=0/17 (0.00%); trajectories=0/194124 (0.00%)
n < 10: clusters=0/17 (0.00%); trajectories=0/194124 (0.00%)
n < 100: clusters=0/17 (0.00%); trajectories=0/194124 (0.00%)

K=17, phase=backward, parameter=a [km]
cluster representative_source n_cluster n_valid n_missing median std p05 p95 width90 minimum maximum range skewness error95 error_max angle_origin_deg angle_resultant
0 128398 31228 31228 0 1904015.636 500436.7669 1293288.36 2916364.873 1623076.514 992885.5913 4550878.486 3557992.895 0.7374754335 943405.2945 2444437.009 nan nan
1 34371 5403 5403 0 203851.2534 3263.608238 200787.0412 210132.1436 9345.102377 195426.4351 239462.7722 44036.33719 2.724205152 5108.346036 34029.21768 nan nan
2 49166 7431 7431 0 229820.3625 5133.288999 221738.4475 238090.0438 16351.59625 214008.8361 241853.8626 27845.02655 -0.006473673735 10971.55358 14725.36348 nan nan
3 208293 6000 6000 0 1184587.67 790665.8664 864744.4098 3542556.112 2677811.702 809679.9595 4543425.988 3733746.029 2.208220974 2298662.198 3299532.074 nan nan
4 48796 7237 7237 0 210877.6782 7506.362901 205184.7257 236768.0508 31583.32506 195346.2669 240327.4725 44981.20557 2.095533677 24648.37329 28207.79502 nan nan
5 122456 16862 16862 0 1257274.783 281729.2516 999450.7708 1610497.117 611046.3464 954375.5452 4536269.84 3581894.295 4.811222488 382594.2827 3308367.006 nan nan
6 28932 2744 2744 0 243808.8206 4006.316076 234697.177 246885.935 12188.75808 228916.9687 247282.6172 18365.64844 -1.382362358 8721.668991 14501.87723 nan nan
7 5959 5279 5279 0 217128.8306 7911.977392 207976.5398 233458.8096 25482.26979 206116.1563 243212.0194 37095.86304 0.6876694929 17495.86195 27249.07172 nan nan
8 81619 8173 8173 0 214120.9407 4347.790993 208268.6569 220581.0168 12312.35982 195292.2075 239125.7385 43833.53097 0.6800158196 7385.816196 23673.60962 nan nan
9 219846 5600 5600 0 795132.8715 33734.15406 772576.1507 859529.145 86952.99434 768052.7014 1134539.833 366487.1313 2.892713362 54806.35182 329817.0395 nan nan
10 15482 12439 12439 0 223818.0383 7021.639694 210922.4495 233288.5692 22366.11978 207215.1505 246963.4355 39748.28498 -0.267223993 12439.31355 23739.39254 nan nan
11 154309 27447 27447 0 915095.0965 157339.1076 810129.4182 1286022.805 475893.3869 777457.9443 1767039.763 989581.8189 1.29145564 384600.5774 865617.5355 nan nan
12 34080 3336 3336 0 225082.649 12351.25714 205488.4523 241642.7354 36154.28312 195309.8806 247085.4548 51775.5742 -0.08465426378 22083.42356 27517.32876 nan nan
13 161766 26156 26156 0 1148258.47 205354.0395 945405.5484 1622339.813 676934.2644 799173.08 1861890.515 1062717.436 0.895413172 480950.1304 720500.8331 nan nan
14 168732 14242 14242 0 909679.4825 52711.14109 854487.425 1026971.278 172483.8526 784926.8344 1141380.122 356453.2871 1.05945452 123229.6139 237638.4578 nan nan
15 73397 5239 5239 0 201698.5975 9653.286642 198338.0255 236510.9344 38172.90896 195307.782 247185.0776 51877.29557 3.488123076 37151.01019 47825.15338 nan nan
16 41395 9308 9308 0 230298.8026 6085.342138 220571.9542 239550.7318 18978.77762 217107.4155 246236.3776 29128.96215 -0.03634626666 13164.92633 19850.57212 nan nan

K=17, phase=backward, parameter=e [-]
cluster representative_source n_cluster n_valid n_missing median std p05 p95 width90 minimum maximum range skewness error95 error_max angle_origin_deg angle_resultant
0 128398 31228 31228 0 0.7499887981 0.06448734124 0.6300956266 0.8370667771 0.2069711506 0.5125146789 0.8956261106 0.3831114318 -0.5698566414 0.1441419998 0.2617229475 nan nan
1 34371 5403 5403 0 0.5125194209 0.0233838523 0.4678617769 0.5342202304 0.06635845349 0.2463107941 0.5719985499 0.3256877558 -2.930565976 0.03627462575 0.2548894213 nan nan
2 49166 7431 7431 0 0.3243132889 0.0399313519 0.257174545 0.384822779 0.127648234 0.2212747976 0.4394687349 0.2181939373 -0.07421617829 0.08765197782 0.1235333803 nan nan
3 208293 6000 6000 0 0.5955240359 0.1283533178 0.4348775006 0.8658756548 0.4309981543 0.3906839974 0.8954556795 0.5047716821 0.4883525655 0.2502384018 0.2798184264 nan nan
4 48796 7237 7237 0 0.4628116804 0.05571507761 0.2693405288 0.5032172156 0.2338766867 0.2375309614 0.5726100257 0.3350790642 -2.222662344 0.1845656132 0.2163751806 nan nan
5 122456 16862 16862 0 0.6190673101 0.06262309819 0.516455468 0.7038948404 0.1874393724 0.4922151284 0.8952915353 0.4030764069 0.2877566355 0.1026155714 0.2855927667 nan nan
6 28932 2744 2744 0 0.2049871976 0.03665782094 0.1725335477 0.2855679464 0.1130343987 0.168193931 0.3316732564 0.1634793254 1.164333643 0.07593795297 0.1220432629 nan nan
7 5959 5279 5279 0 0.4177753035 0.05848378505 0.2957162828 0.483293797 0.1875775143 0.208478005 0.4962781948 0.2878001898 -0.776248192 0.1300018648 0.2172401426 nan nan
8 81619 8173 8173 0 0.4397784113 0.0313503001 0.3933952921 0.4814586353 0.08806334318 0.2486481218 0.5729713754 0.3243232537 -0.8010071376 0.05254042376 0.1817380105 nan nan
9 219846 5600 5600 0 0.378426591 0.02636876645 0.3571573555 0.4308084548 0.07365109932 0.3526417655 0.5774913853 0.2248496198 1.924872178 0.04300361628 0.1896865468 nan nan
10 15482 12439 12439 0 0.3686951139 0.05206492969 0.2961862937 0.4622324576 0.1660461638 0.1712212675 0.4886047653 0.3173834978 0.2096720797 0.09174963027 0.2019145139 nan nan
11 154309 27447 27447 0 0.469006016 0.07674707148 0.3918763896 0.6276874191 0.2358110295 0.3616334231 0.7308438266 0.3692104035 0.6557505911 0.1681375486 0.271293956 nan nan
12 34080 3336 3336 0 0.3600077355 0.094060106 0.225934668 0.5009894114 0.2750547434 0.1706212708 0.5728380059 0.4022167351 0.001206272216 0.174307136 0.2296205332 nan nan
13 161766 26156 26156 0 0.5821289008 0.06777275585 0.4872240772 0.7062103628 0.2189862856 0.381488341 0.7442977461 0.3628094051 0.1046711322 0.1364257758 0.1979252373 nan nan
14 168732 14242 14242 0 0.4654234239 0.03100018723 0.4274087749 0.5299624769 0.102553702 0.3685913825 0.5801137771 0.2115223947 0.6716709046 0.06954040416 0.1188063249 nan nan
15 73397 5239 5239 0 0.5277634779 0.07340081508 0.2715348281 0.5514588961 0.2799240679 0.1691570339 0.5728758046 0.4037187707 -3.577390554 0.2727838204 0.3751616146 nan nan
16 41395 9308 9308 0 0.3204953382 0.0474373121 0.2448538763 0.3930822203 0.148228344 0.1805935826 0.4170346165 0.2364410339 -0.04115591357 0.1053571992 0.1696174929 nan nan

K=17, phase=backward, parameter=w [deg]
cluster representative_source n_cluster n_valid n_missing median std p05 p95 width90 minimum maximum range skewness error95 error_max angle_origin_deg angle_resultant
0 128398 31228 31228 0 -1.288340138 4.959838635 -5.82815386 10.89737426 16.72552812 -9.627846659 15.71552357 25.34337023 1.09389131 13.76802112 18.58617043 20.21551847 0.9962616212
1 34371 5403 5403 0 -1.454031121 5.951647311 -7.029474852 12.22651094 19.2559858 -17.16529688 28.17158217 45.33687906 1.154804868 17.42402787 33.3690991 191.5169288 0.9946260443
2 49166 7431 7431 0 0.4302276158 5.190729981 -6.383055533 4.854254393 11.23730993 -35.59084151 13.11042536 48.70126688 -3.864572697 7.556534054 35.66599999 207.1366431 0.9959720349
3 208293 6000 6000 0 -0.4482801597 7.438849814 -9.411542796 15.00211706 24.41365985 -9.896996989 16.14725781 26.0442548 0.4836437142 21.1973712 22.34251195 20.51210369 0.9915983251
4 48796 7237 7237 0 -1.298247272 5.127762882 -5.277199369 12.23722769 17.51442706 -24.57635693 21.3268607 45.90321763 1.552673221 15.36082391 24.41590869 198.3702147 0.996010205
5 122456 16862 16862 0 0.2503756591 2.338062311 -3.158702907 2.810887303 5.96959021 -16.56526258 8.792557453 25.35782003 -1.831305419 3.841220221 16.93635363 27.18348652 0.999169015
6 28932 2744 2744 0 2.401090872 13.18926628 -27.64856717 14.24231799 41.89088515 -32.39271283 15.78148086 48.17419369 -0.8252635478 37.04732922 41.79147489 204.1581518 0.9738158172
7 5959 5279 5279 0 -3.94350097 13.76373798 -13.82831279 23.11114929 36.93946208 -23.11185338 25.40967157 48.52152495 0.4987626091 37.53548561 39.83400789 194.615543 0.971374137
8 81619 8173 8173 0 -0.2408848364 4.398053104 -5.178618747 6.948181808 12.12680055 -30.87000891 15.68777547 46.55778438 -0.7299411499 8.005461252 33.24767372 204.0081725 0.9970693799
9 219846 5600 5600 0 1.100301976 5.248995533 -9.582669166 6.160736192 15.74340536 -15.42104452 7.165758752 22.58680327 -0.6012964866 12.86402805 13.86905061 29.49091703 0.9958104115
10 15482 12439 12439 0 -0.4411966826 3.97264708 -5.547206341 6.297011633 11.84421797 -18.56043419 29.41954722 47.97998141 1.173213851 6.855159492 29.96176648 190.0571822 0.9976049321
11 154309 27447 27447 0 1.731217278 5.430399637 -9.87492021 6.299577233 16.17449744 -15.67555013 9.731598268 25.4071484 -0.5769334439 15.34124698 21.1418769 27.32619113 0.995515771
12 34080 3336 3336 0 -2.158165946 9.172680224 -9.566319505 17.45911453 27.02543403 -29.54119418 19.2350185 48.77621268 0.1677777681 23.531887 25.30779098 200.9935998 0.9872755389
13 161766 26156 26156 0 -0.8299056861 4.626697343 -5.589842337 12.67636584 18.26620817 -11.27245102 13.76529271 25.03774372 1.534777076 11.87296792 12.95242944 23.19087991 0.9967490497
14 168732 14242 14242 0 0.584008243 3.378725364 -6.428474263 3.72142119 10.14989545 -13.97856577 9.089780031 23.0683458 -0.7009937259 8.693915536 16.24400704 27.97335594 0.9982632092
15 73397 5239 5239 0 -1.21202708 8.465708555 -10.43694575 12.81920788 23.25615363 -14.8101972 27.25039572 42.06059293 0.971551579 13.74808096 28.1727471 192.8008981 0.9891632718
16 41395 9308 9308 0 -1.996002852 6.509251771 -7.151326084 11.34419529 18.49552138 -33.79016457 15.06491598 48.85508056 -0.3221689742 13.96720821 31.54491453 205.2897259 0.9935872837

K=17, phase=forward, parameter=a [km]
cluster representative_source n_cluster n_valid n_missing median std p05 p95 width90 minimum maximum range skewness error95 error_max angle_origin_deg angle_resultant
0 128398 31228 31222 6 1327504.336 347974.4933 987468.6575 2044547.84 1057079.183 228551.3064 2668615.345 2440064.039 0.4556277016 637646.7106 1233948.082 nan nan
1 34371 5403 5403 0 209866.2525 8008.317744 202318.828 223491.6084 21172.78037 195882.2113 247163.5305 51281.31914 1.169484572 12285.52921 33161.37595 nan nan
2 49166 7431 7430 1 845875.2999 44007.35974 800892.6985 918786.9873 117894.2888 239364.6789 1108417.192 869052.5136 -3.519939862 73884.72774 606115.3499 nan nan
3 208293 6000 5989 11 236267.1179 18551.50795 205589.6486 243598.3553 38008.70678 195340.6591 1081874.302 886533.643 26.16601489 29072.38885 847238.187 nan nan
4 48796 7237 7237 0 1305086.696 490342.8834 1015039.236 1722958.562 707919.3254 237157.7578 4471536.463 4234378.705 3.801023591 605913.927 3082296.14 nan nan
5 122456 16862 16861 1 211909.8303 10601.65033 205660.1033 224755.17 19095.06673 204045.2464 773830.6283 569785.3819 26.69026683 10385.32774 559460.786 nan nan
6 28932 2744 2738 6 794560.1182 497035.427 228454.406 1444406.219 1215951.813 202594.7616 4542129.342 4339534.58 2.68748063 716603.3511 3604806.797 nan nan
7 5959 5279 5279 0 225478.5777 8420.487492 206041.6915 235154.124 29112.43255 202984.8776 247111.66 44126.78242 -0.5621320898 25062.34765 28119.16153 nan nan
8 81619 8173 8171 2 920435.9347 62716.54532 857809.6211 1032192.839 174383.2174 214619.024 1418611.538 1203992.514 -0.1104346478 118748.1044 706966.0577 nan nan
9 219846 5600 5593 7 243615.2553 496228.3006 221355.3653 1667890.336 1446534.971 195377.1758 3016504.278 2821127.102 1.433289212 1421173.297 2769787.238 nan nan
10 15482 12439 12437 2 206936.6609 8017.266031 198941.5443 222207.1159 23265.5716 195549.0618 246639.0149 51089.95312 0.7875328008 13282.44221 37713.42111 nan nan
11 154309 27447 27440 7 228972.8544 19890.72209 216632.5006 237043.8641 20411.36353 195539.2265 1509414.046 1313874.82 31.11423656 13288.81843 1279738.086 nan nan
12 34080 3336 3333 3 225857.4255 18590.15473 204320.9762 245057.5467 40736.5705 195326.6174 951117.7636 755791.1462 17.80096077 29515.0967 735575.3137 nan nan
13 161766 26156 26146 10 1785041.776 653871.0004 942013.9971 2931011.594 1988997.597 241146.9223 4551570.686 4310423.764 0.25848786 1501068.134 3121627.227 nan nan
14 168732 14242 14242 0 216046.0123 5829.428187 209263.6194 224527.9139 15264.2945 195295.2842 246490.2341 51194.94989 0.9900299209 10308.67683 28875.67836 nan nan
15 73397 5239 5236 3 226504.9193 27528.22231 209934.2299 234552.7602 24618.53027 195418.9692 1557141.081 1361722.112 41.57278103 16026.1115 1332353.862 nan nan
16 41395 9308 9301 7 1126914.911 498113.3673 937133.489 1958967.99 1021834.501 203840.7897 4532888.748 4329047.958 3.801124632 876583.9587 3419848.255 nan nan

K=17, phase=forward, parameter=e [-]
cluster representative_source n_cluster n_valid n_missing median std p05 p95 width90 minimum maximum range skewness error95 error_max angle_origin_deg angle_resultant
0 128398 31228 31222 6 0.6400307585 0.09045610297 0.510726385 0.7672995186 0.2565731337 0.1946760287 0.822037683 0.6273616543 -0.5698156339 0.163059429 0.4791097853 nan nan
1 34371 5403 5403 0 0.4699169735 0.05875574807 0.3713945275 0.523417785 0.1520232575 0.169493203 0.5688579778 0.3993647748 -1.342929704 0.08761712856 0.2706799966 nan nan
2 49166 7431 7430 1 0.4208875699 0.02861355398 0.3838391548 0.471231514 0.08739235921 0.1957749225 0.5671631893 0.3713882668 -0.2559717565 0.05380364432 0.2244376576 nan nan
3 208293 6000 5989 11 0.2728860816 0.08841401262 0.206416177 0.5002786913 0.2938625142 0.1698141831 0.5726195203 0.4028053372 0.9403305133 0.2136500893 0.2859909183 nan nan
4 48796 7237 7237 0 0.6333725496 0.08201024023 0.5239727053 0.723457076 0.1994843706 0.1699024182 0.893771873 0.7238694548 -0.4039354761 0.1728746161 0.4861272237 nan nan
5 122456 16862 16861 1 0.455432383 0.05621461083 0.3623600943 0.499861144 0.1375010497 0.1704928964 0.5112590529 0.3407661565 -1.955135006 0.07550976324 0.2673769611 nan nan
6 28932 2744 2738 6 0.3831551908 0.1387263758 0.1922558171 0.6694962251 0.477240408 0.1722257304 0.8954250633 0.7231993329 0.815867771 0.2935892916 0.4120347892 nan nan
7 5959 5279 5279 0 0.3563434498 0.06265697733 0.282102865 0.4971298446 0.2150269796 0.1702037848 0.5187309825 0.3485271977 0.4306959528 0.1841072299 0.2057083679 nan nan
8 81619 8173 8171 2 0.4722944958 0.03497722816 0.4299820268 0.5326981855 0.1027161587 0.2153038587 0.6639248231 0.4486209644 0.1722780259 0.06512970422 0.2581856321 nan nan
9 219846 5600 5593 7 0.2652889553 0.1764904589 0.1747544028 0.7143112348 0.539556832 0.1711237845 0.842575963 0.6714521785 0.9447755471 0.5399872251 0.6682519534 nan nan
10 15482 12439 12437 2 0.4904910418 0.05791403145 0.3803930806 0.5472128354 0.1668197547 0.1744012197 0.5711935452 0.3967923254 -0.8811207648 0.09590312838 0.3018949893 nan nan
11 154309 27447 27440 7 0.3308971813 0.04656790264 0.266191172 0.4218895295 0.1556983575 0.1700666531 0.6839207812 0.5138541281 0.4800840883 0.09847513169 0.3586176435 nan nan
12 34080 3336 3333 3 0.354279634 0.1055478309 0.1923821578 0.5092691414 0.3168869836 0.1685723685 0.5727162374 0.4041438689 -0.04366535066 0.2369139357 0.260723725 nan nan
13 161766 26156 26146 10 0.7332721741 0.1225440336 0.4853635051 0.8378795454 0.3525160403 0.2062286491 0.8956399398 0.6894112907 -0.8224935805 0.189088075 0.4596068996 nan nan
14 168732 14242 14242 0 0.4259806942 0.04295070979 0.3641423861 0.474400267 0.1102578809 0.176276511 0.5729557573 0.3966792463 -1.210259973 0.07386576059 0.238449594 nan nan
15 73397 5239 5236 3 0.3489097072 0.05664079756 0.286332942 0.469872022 0.18353908 0.1816681563 0.6937205124 0.5120523561 0.7172677561 0.1167696744 0.3319587253 nan nan
16 41395 9308 9301 7 0.5736146285 0.09148977363 0.4822077528 0.7573590814 0.2751513286 0.1698731259 0.8952125964 0.7253394705 0.5714678726 0.2157520085 0.3979977924 nan nan

K=17, phase=forward, parameter=w [deg]
cluster representative_source n_cluster n_valid n_missing median std p05 p95 width90 minimum maximum range skewness error95 error_max angle_origin_deg angle_resultant
0 128398 31228 31222 6 -4.847221308 29.26021335 -22.84418051 47.57996407 70.42414458 -179.8926184 179.7005182 359.5931366 1.269561369 72.41938837 179.9764906 174.6697779 0.8974583204
1 34371 5403 5403 0 -2.621080036 31.42694005 -22.51812307 94.53712508 117.0552481 -178.2812461 171.3366989 349.617945 2.40031311 110.8565556 177.3116079 315.1846485 0.8882516102
2 49166 7431 7430 1 -2.633068062 21.62632552 -25.71027988 34.36369924 60.07397912 -179.3033595 176.2455577 355.5489172 0.8126437394 54.53993704 175.2118997 193.6282248 0.9359878704
3 208293 6000 5989 11 -13.07556759 42.59766194 -43.57803946 75.93855622 119.5165957 -179.4625279 178.7632325 358.2257605 0.6023541535 119.9834934 179.3729328 82.13488193 0.7568101337
4 48796 7237 7237 0 -8.087156155 47.86968464 -30.60247668 116.5157014 147.1181781 -178.7892736 179.9490322 358.7383058 1.134362922 138.2389508 179.9296864 194.5200978 0.7493496138
5 122456 16862 16861 1 -4.173889837 31.39480858 -20.48443619 48.27859524 68.76303143 -178.5074471 179.5475916 358.0550388 1.329688364 71.31478492 179.7921079 12.73361497 0.8934949119
6 28932 2744 2738 6 -4.872044754 58.02905913 -66.46963014 95.66066922 162.1302994 -179.7008011 179.919599 359.6204001 0.2802992473 140.3142411 179.8457281 203.3023048 0.6564671034
7 5959 5279 5279 0 -15.3106533 45.97370158 -122.2861195 46.08280128 168.3689208 -179.9993123 179.9641426 359.9634548 -1.536660238 139.2327334 179.8941088 313.1635008 0.8016606874
8 81619 8173 8171 2 -2.985787496 25.25864462 -29.83944386 43.36908836 73.20853221 -172.4711905 178.9361074 351.4072979 0.9691987691 47.72451366 177.4244341 194.149549 0.9127584304
9 219846 5600 5593 7 -0.8029348938 68.49937374 -132.9343121 92.55719354 225.4915057 -178.3641623 179.6786888 358.0428511 -0.4042148275 166.2819567 179.0996257 13.79950611 0.4776287973
10 15482 12439 12437 2 -0.8948566526 18.24276267 -10.8087662 12.3395947 23.1483609 -179.4206488 178.4249964 357.8456452 2.96606299 17.98622356 178.848248 302.0416492 0.9658715319
11 154309 27447 27440 7 -2.880224678 22.20724772 -21.57519936 35.32847411 56.90367347 -179.9335598 179.9552393 359.8887992 -0.2952830351 56.63602375 178.8784098 15.55667483 0.9381214459
12 34080 3336 3333 3 -10.69648238 63.26017396 -83.30216474 104.8994579 188.2016227 -179.172319 179.7850985 358.9574176 0.301697702 130.8147574 179.8080302 62.72727418 0.5424674917
13 161766 26156 26146 10 -16.15583518 58.47066742 -48.06124138 106.968597 155.0298384 -179.9563449 179.9854878 359.9418327 0.3853077387 132.236812 179.938225 204.4863422 0.5989247152
14 168732 14242 14242 0 -4.907733138 27.79920185 -18.08405763 32.69256013 50.77661776 -179.6665094 179.9775277 359.6440371 2.203386187 47.24171134 179.9921949 8.956413631 0.9138614982
15 73397 5239 5236 3 -5.506770949 27.23559107 -20.05679056 57.64685491 77.70364547 -179.1140681 178.0719896 357.1860577 1.577217151 68.79652162 176.4652721 311.929188 0.9082812303
16 41395 9308 9301 7 -13.3896095 47.45925765 -41.92676607 92.37180488 134.298571 -178.2625785 179.4093001 357.6718786 0.5269721212 131.2439741 179.9727529 204.6867781 0.7205830615

K=21, STD=0.01289266763
n = trajectories per cluster; conditions overlap.
n = 1: clusters=0/21 (0.00%); trajectories=0/194124 (0.00%)
n < 10: clusters=0/21 (0.00%); trajectories=0/194124 (0.00%)
n < 100: clusters=0/21 (0.00%); trajectories=0/194124 (0.00%)

K=21, phase=backward, parameter=a [km]
cluster representative_source n_cluster n_valid n_missing median std p05 p95 width90 minimum maximum range skewness error95 error_max angle_origin_deg angle_resultant
0 128106 30980 30980 0 1904714.269 487844.0892 1294402.471 2902768.771 1608366.301 994287.9765 4550878.486 3556590.509 0.5800648427 937160.5581 2436033.949 nan nan
1 22427 4532 4532 0 212536.8391 3478.219852 207079.4794 217677.4358 10597.95635 205382.7262 220930.9582 15548.23203 -0.06569840944 5982.541835 7981.070294 nan nan
2 48484 7649 7649 0 229813.8798 5081.908728 221841.4611 238050.9929 16209.53178 216093.775 240090.2645 23996.48948 0.007162792068 10804.03219 12827.89285 nan nan
3 221317 4362 4362 0 924887.2871 225172.6121 782294.4874 1486409.355 704114.8673 772045.0536 1856054.399 1084009.345 1.324554687 576745.3286 946390.3724 nan nan
4 52036 6994 6994 0 210083.4106 5084.551383 205159.9304 217966.1677 12806.23732 195346.2669 240114.4509 44768.18393 1.945063464 7597.050764 29697.83891 nan nan
5 127595 3652 3652 0 1554738.699 1008967.809 944951.1413 4232930.867 3287979.726 906911.243 4543425.988 3636514.745 1.253268054 2826995.768 3137490.889 nan nan
6 30751 1727 1727 0 242542.1361 4717.388863 232208.8027 246878.922 14670.1193 225767.8418 247275.166 21507.32424 -0.7094460235 10811.80245 17252.76335 nan nan
7 8822 3023 3023 0 216444.9126 5976.239469 207811.3265 226453.393 18642.06652 205532.5941 236989.9726 31457.37851 0.2389025549 10740.90069 21277.4803 nan nan
8 81218 7945 7945 0 214454.6397 4323.772015 208594.8687 220655.747 12060.87838 195292.2075 238456.56 43164.35251 0.7393452792 7193.664945 22895.93282 nan nan
9 172743 4515 4515 0 800606.8841 51661.50919 772026.8375 933440.2311 161413.3936 768052.7014 1080093.809 312041.1072 1.367501621 130568.0402 277221.6177 nan nan
10 14142 8910 8910 0 226720.4287 4560.823713 219177.3663 233734.6567 14557.29043 217723.0871 243078.478 25355.39088 -0.01901165915 7853.47987 17074.81988 nan nan
11 154309 27438 27438 0 915122.8721 158187.6858 809759.5682 1286773.998 477014.4297 772148.0813 1883110.718 1110962.637 1.299721936 385351.7703 981688.4903 nan nan
12 21609 2216 2216 0 241947.8638 3693.698692 235766.3971 246367.8082 10601.41113 195960.2887 247282.6172 51322.32845 -2.696624643 6339.040877 46145.14927 nan nan
13 161476 25184 25184 0 1160496.992 200941.5785 968232.5444 1634771.813 666539.2688 843966.0976 1861890.515 1017924.418 0.9669301718 491293.7066 718412.4088 nan nan
14 168732 15039 15039 0 906711.6894 56916.52767 844843.2617 1025500.5 180657.2387 771953.8647 1173532.298 401578.433 0.7245129415 125217.2294 269790.6339 nan nan
15 76537 4942 4942 0 201413.5225 5163.280246 198320.8601 206439.1294 8118.269321 195307.782 247159.4104 51851.62834 6.381322369 6966.577528 47686.85848 nan nan
16 41397 9426 9426 0 230261.1434 6306.645902 220084.3831 239273.4849 19189.10179 217107.4155 247089.2587 29981.84323 -0.06943352449 13233.47204 21049.24586 nan nan
17 49752 4186 4186 0 203021.4205 2159.254197 200652.1501 206475.5169 5823.366766 195426.4351 236514.8829 41088.44782 5.219625313 4451.492909 34487.07895 nan nan
18 122456 16365 16365 0 1251113.49 197042.1395 998667.9344 1589766.042 591098.1076 954375.5452 4536269.84 3581894.295 1.563194156 361863.2075 3308367.006 nan nan
19 98454 3054 3054 0 220340.2722 9983.41304 208080.2546 239862.5767 31782.32215 205499.9922 247185.0776 41685.08544 0.4662224265 18780.69479 26103.19569 nan nan
20 34315 1985 1985 0 218399.2342 10005.51598 204279.2521 235170.8024 30891.5503 195309.8806 242785.7035 47475.82286 0.1637621739 16748.82292 24332.58597 nan nan

K=21, phase=backward, parameter=e [-]
cluster representative_source n_cluster n_valid n_missing median std p05 p95 width90 minimum maximum range skewness error95 error_max angle_origin_deg angle_resultant
0 128106 30980 30980 0 0.7501649327 0.0640785583 0.6303600763 0.8362997089 0.2059396326 0.5132441295 0.8956261106 0.3823819811 -0.5996427765 0.1447783956 0.2618943424 nan nan
1 22427 4532 4532 0 0.4506008463 0.02490856875 0.4136444123 0.4895645684 0.07592015605 0.3910460557 0.5016345196 0.1105884639 0.05857134494 0.0427283683 0.05662085922 nan nan
2 48484 7649 7649 0 0.3243822289 0.03954948429 0.2574210663 0.3841383783 0.126717312 0.239498846 0.4253899103 0.1858910643 -0.08611756117 0.08636597729 0.1042881976 nan nan
3 221317 4362 4362 0 0.4751291503 0.09969951219 0.366662583 0.6794510297 0.3127884468 0.3566637373 0.7438227878 0.3871590505 0.5664130863 0.2131408618 0.2775126199 nan nan
4 52036 6994 6994 0 0.4684467333 0.03698978489 0.4120988216 0.5033766343 0.09127781273 0.2394810474 0.5726100257 0.3331289783 -2.142222996 0.05439194574 0.2265650035 nan nan
5 127595 3652 3652 0 0.6931845399 0.1258950159 0.4869484031 0.8877841046 0.4008357016 0.4627754376 0.8954556795 0.4326802418 0.02869904345 0.2275104983 0.2351820731 nan nan
6 30751 1727 1727 0 0.2173364985 0.04302842529 0.1725684989 0.3059687562 0.1334002573 0.1683444931 0.3529563713 0.1846118782 0.5544247024 0.09246025619 0.1394478712 nan nan
7 8822 3023 3023 0 0.4223875432 0.04345999299 0.3488539401 0.4842309232 0.1353769831 0.2675142623 0.5004312289 0.2329169666 -0.2760022276 0.07876176043 0.1601014381 nan nan
8 81218 7945 7945 0 0.4374577546 0.03122534869 0.3928037129 0.4791112836 0.08630757063 0.255039056 0.5729713754 0.3179323195 -0.8722284131 0.05123668668 0.1745687269 nan nan
9 172743 4515 4515 0 0.3830773366 0.03916692504 0.3565913733 0.479481565 0.1228901917 0.3526417655 0.555349464 0.2027076985 1.096367593 0.09475484342 0.1706227424 nan nan
10 14142 8910 8910 0 0.3470534408 0.03451772439 0.2926157968 0.4027821619 0.1101663651 0.209753035 0.4134082931 0.2036552581 -0.03221358457 0.0599374476 0.1426771516 nan nan
11 154309 27438 27438 0 0.4690377111 0.07708399201 0.3915646701 0.6279235332 0.236358863 0.3567892051 0.7475373127 0.3907481076 0.6511745451 0.1683736626 0.2879874422 nan nan
12 21609 2216 2216 0 0.2232038016 0.03258844057 0.1781543521 0.2762682868 0.09811393471 0.168193931 0.5683087456 0.4001148147 1.996533914 0.05466409546 0.3467045543 nan nan
13 161476 25184 25184 0 0.5866881301 0.06308022498 0.5002040466 0.7084551831 0.2082511365 0.4184802697 0.7442977461 0.3258174764 0.3212923046 0.1292731535 0.1640896774 nan nan
14 168732 15039 15039 0 0.4635657134 0.03488928878 0.4200044553 0.5293256802 0.1093212249 0.3565500024 0.5919951165 0.2354451141 0.1479195825 0.07841585253 0.1306876643 nan nan
15 76537 4942 4942 0 0.5297745386 0.03946526819 0.4942881317 0.5516029476 0.05731481589 0.1694347377 0.5728758046 0.4034410669 -6.834164739 0.0492436932 0.3740970872 nan nan
16 41397 9426 9426 0 0.320829098 0.04908534673 0.2472345004 0.3966408394 0.149406339 0.170063584 0.4170346165 0.2469710325 -0.007403144536 0.1055622992 0.1827332156 nan nan
17 49752 4186 4186 0 0.5183992161 0.01550375136 0.4939440925 0.5351793539 0.04123526143 0.271481987 0.5719985499 0.3005165629 -5.627143872 0.03155018364 0.2539111538 nan nan
18 122456 16365 16365 0 0.6171377549 0.05845077274 0.5160739639 0.6999870783 0.1839131144 0.4922151284 0.8952915353 0.4030764069 -0.1189594767 0.09990781463 0.2855927667 nan nan
19 98454 3054 3054 0 0.3949548687 0.0755792201 0.2427969266 0.4828610845 0.240064158 0.169162008 0.5011134564 0.3319514485 -0.6068576371 0.1471686871 0.2208036057 nan nan
20 34315 1985 1985 0 0.4088273708 0.073689214 0.2812663906 0.5095597912 0.2282934005 0.2125049713 0.5728380059 0.3603330346 -0.2249551853 0.1273343104 0.1958156847 nan nan

K=21, phase=backward, parameter=w [deg]
cluster representative_source n_cluster n_valid n_missing median std p05 p95 width90 minimum maximum range skewness error95 error_max angle_origin_deg angle_resultant
0 128106 30980 30980 0 -1.308388981 4.959621315 -5.814278406 10.90102756 16.71530597 -9.644004726 15.68798118 25.33198591 1.099743403 13.80642425 18.59337786 20.23167654 0.9962619289
1 22427 4532 4532 0 -0.7859808413 5.096635424 -4.599790103 16.29462927 20.89441937 -14.32672067 26.52261534 40.84933601 2.799370606 18.33077632 28.55876239 188.5874111 0.996073677
2 48484 7649 7649 0 0.3935608771 4.923109937 -6.29966272 4.92069316 11.22035588 -35.58225492 13.11901195 48.70126688 -3.981238765 6.592416082 35.47192993 207.1280565 0.9963742731
3 221317 4362 4362 0 -1.647660674 8.358635385 -10.17303316 12.77669316 22.94972631 -11.10231885 13.4355706 24.53788945 0.3362243896 17.73424703 18.39312447 22.93683445 0.9893892379
4 52036 6994 6994 0 -0.9291806971 4.630344977 -4.879577368 10.43825552 15.31783289 -24.14757104 21.5812847 45.72885573 1.607312516 13.30623395 24.31474974 197.9414288 0.9967473767
5 127595 3652 3652 0 2.50375403 6.472316336 -9.983664007 7.54297772 17.52664173 -10.32559969 15.72812157 26.05372126 -0.4139486102 12.89282923 13.23476491 20.94070639 0.9936326574
6 30751 1727 1727 0 7.602593439 15.23271477 -30.91455551 13.05906844 43.97362395 -33.84840871 13.39549429 47.243903 -0.9332532761 39.68669186 42.62054506 205.4634788 0.9651574068
7 8822 3023 3023 0 -1.917249735 7.195555473 -3.923155562 21.76992658 25.69308214 -4.38353617 35.18595824 39.56949441 3.244577363 24.22762145 37.64365311 184.5089952 0.9922471124
8 81218 7945 7945 0 -0.2627694787 4.380844558 -4.987780735 6.986821411 11.97460215 -30.97831632 15.23122068 46.209537 -0.6950023447 7.805726139 33.2523009 204.1164799 0.9970922438
9 172743 4515 4515 0 1.688805165 5.340826461 -11.04328692 5.413902604 16.45718952 -16.87377157 5.653129939 22.52690151 -1.027710463 14.77459265 20.60507729 31.30304267 0.9956655989
10 14142 8910 8910 0 0.02404964558 3.858518842 -5.865022814 5.677357808 11.54238062 -19.48224538 28.49773604 47.97998141 0.7272870359 6.333439998 29.01651529 190.9789934 0.9977391594
11 154309 27438 27438 0 1.740352549 5.430126483 -9.896728884 6.285751574 16.18248046 -15.8653517 9.73235287 25.59770457 -0.5911029222 15.36381025 21.33243307 27.32543652 0.9955163096
12 21609 2216 2216 0 1.167552742 7.955909415 -16.29929946 11.82710097 28.12640042 -33.56834854 14.5667799 48.13512845 -1.243499284 18.14082416 35.40987325 205.3077366 0.9904458412
13 161476 25184 25184 0 -0.4439625721 3.857312266 -5.057703342 10.10564218 15.16334552 -10.76097203 13.81374973 24.57472176 1.549281756 9.160333177 12.4932045 22.67940092 0.9977394029
14 168732 15039 15039 0 0.56246642 3.636070629 -6.770213335 3.980286433 10.75049977 -14.24525717 9.102776721 23.34803389 -0.6277854934 9.048651297 16.52369513 27.96035925 0.9979888714
15 76537 4942 4942 0 -0.5812174082 6.853223293 -9.405505478 11.8132469 21.21875238 -11.01468284 23.13409064 34.14877348 0.3297769986 11.30987613 22.37839259 191.7341253 0.9928642809
16 41397 9426 9426 0 -1.999880607 6.621202815 -7.365726003 11.61085232 18.97657832 -33.65740236 15.1976782 48.85508056 -0.2904839159 14.45332348 31.26039542 205.1569637 0.9933643891
17 49752 4186 4186 0 -1.016284722 5.020287275 -6.538715035 9.81957743 16.35829247 -15.72506684 27.87958671 43.60465355 0.8272276381 12.78685148 30.84686076 191.7990404 0.9961706505
18 122456 16365 16365 0 0.1777627115 2.07037223 -3.065858888 2.679397123 5.745256011 -16.6941674 8.663652629 25.35782003 -1.262029281 3.587262173 16.93635363 27.31239134 0.9993480476
19 98454 3054 3054 0 2.252928966 10.25764142 -15.73246289 13.24218801 28.97465091 -34.8664148 13.68118942 48.54760422 -0.4120451187 25.13647531 44.27042722 206.3701044 0.9840647315
20 34315 1985 1985 0 -1.235049159 8.014191728 -6.079479007 19.65917204 25.73865104 -25.90408438 22.8721283 48.77621268 0.8198907785 22.81492621 25.96080481 197.35649 0.9903089051

K=21, phase=forward, parameter=a [km]
cluster representative_source n_cluster n_valid n_missing median std p05 p95 width90 minimum maximum range skewness error95 error_max angle_origin_deg angle_resultant
0 128106 30980 30976 4 1328338.969 342227.8163 990816.8889 2043610.358 1052793.469 231595.3116 2668615.345 2437020.034 0.5593000672 630868.9083 1225260.752 nan nan
1 22427 4532 4532 0 207634.1595 7850.570771 200893.0122 222447.9869 21554.97464 200131.8806 246481.2391 46349.35859 0.9473916915 11672.85643 35706.10869 nan nan
2 48484 7649 7649 0 848328.4453 41460.09938 802949.7084 929983.946 127034.2377 768506.2556 1118908.228 350401.9726 0.8720674092 79145.38801 267847.6619 nan nan
3 221317 4362 4360 2 236853.0485 15702.80175 209598.7034 245832.7491 36234.04575 195800.4036 1081874.302 886073.8985 35.65037659 27258.85419 845022.6875 nan nan
4 52036 6994 6993 1 1278052.242 328383.9303 1012250.996 1626077.598 613826.6015 238082.6323 4458271.992 4220189.36 4.518122983 364572.6833 3122464.835 nan nan
5 127595 3652 3640 12 232101.7553 55690.39236 205506.9344 244115.2156 38608.28113 195340.6591 1872552.332 1677211.672 19.91159853 26081.81957 1654518.936 nan nan
6 30751 1727 1727 0 824201.8745 202286.1025 777553.4413 1311030.449 533477.0079 769187.3523 2739064.668 1969877.316 3.840650548 466914.5704 1894948.789 nan nan
7 8822 3023 3023 0 226530.2874 6147.067602 212012.7697 231981.7967 19969.02699 203015.7444 245231.8241 42216.07978 -1.697340656 16210.82865 24508.81416 nan nan
8 81218 7945 7944 1 918398.1055 56834.47994 857052.6035 1022952.353 165899.7491 229891.7885 1351614.547 1121722.758 0.6933938004 112520.7598 687347.5349 nan nan
9 172743 4515 4506 9 982999.46 582549.4086 237258.3947 1837055.88 1599797.485 223481.3253 3727499.141 3504017.816 0.2286306002 1633825.414 1856424.376 nan nan
10 14142 8910 8908 2 206751.0621 7971.218545 198682.4139 221493.1922 22810.77827 195549.0618 246639.0149 51089.95312 0.7766078073 12717.69272 37862.20679 nan nan
11 154309 27438 27432 6 228970.4498 18361.95487 216519.6413 237081.046 20561.40469 195539.2265 953883.1639 758343.9374 27.20840822 13556.04817 724207.2033 nan nan
12 21609 2216 2207 9 241464.491 911164.6285 221010.3378 3297440.523 3076430.185 196406.2895 4542129.342 4345723.053 3.22914493 3055093.437 4299782.256 nan nan
13 161476 25184 25176 8 1808273.908 655859.8704 940576.0368 2941093.702 2000517.665 241146.9223 4551570.686 4310423.764 0.2101837869 1527454.588 3137931.572 nan nan
14 168732 15039 15039 0 216416.3308 7717.189647 209237.8411 233881.7677 24643.92655 195295.2842 246961.2559 51665.97165 1.523801815 16829.93987 29346.70012 nan nan
15 76537 4942 4939 3 226945.9489 19327.3116 212500.5513 234559.8713 22059.31991 195418.9692 1489966.216 1294547.247 56.57927134 14076.70649 1265053.927 nan nan
16 41397 9426 9420 6 1145687.563 525277.9966 944717.5882 2195988.32 1251270.732 204424.929 4532888.748 4328463.819 3.503716542 1059856.722 3396757.149 nan nan
17 49752 4186 4186 0 209602.9065 7789.157357 202388.2144 222955.2257 20567.01124 195882.2113 247163.5305 51281.31914 1.342496161 11551.90663 35723.24507 nan nan
18 122456 16365 16364 1 211649.2218 9921.946257 205637.3638 223073.6328 17436.269 204045.2464 773830.6283 569785.3819 33.30370833 9457.010294 559460.786 nan nan
19 98454 3054 3054 0 218775.7958 9966.574919 203997.175 235739.5682 31742.39324 203121.884 246566.8939 43445.00998 0.1986920054 16391.94078 27219.26653 nan nan
20 34315 1985 1983 2 219610.3552 19758.76966 205498.2692 242674.9253 37176.65605 195326.6174 951117.7636 755791.1462 25.51483523 24164.38429 732607.2227 nan nan

K=21, phase=forward, parameter=e [-]
cluster representative_source n_cluster n_valid n_missing median std p05 p95 width90 minimum maximum range skewness error95 error_max angle_origin_deg angle_resultant
0 128106 30980 30976 4 0.6402919879 0.08776829994 0.5124726602 0.7671966884 0.2547240282 0.3099506679 0.822037683 0.5120870151 -0.3836679142 0.1600298559 0.3625518482 nan nan
1 22427 4532 4532 0 0.4856801467 0.05694486004 0.3788480771 0.5334798582 0.1546317811 0.1760689075 0.5388564165 0.362787509 -1.0629186 0.08434602305 0.2871251926 nan nan
2 48484 7649 7649 0 0.4227554345 0.02973295586 0.3857109999 0.4781839269 0.09247292692 0.3532132518 0.5713761839 0.2181629321 0.4800515792 0.05574209907 0.1469596663 nan nan
3 221317 4362 4360 2 0.2679028617 0.07091992065 0.1829045046 0.4721483339 0.2892438292 0.170324271 0.5693291022 0.3990048312 1.558809245 0.2042079354 0.3013887038 nan nan
4 52036 6994 6993 1 0.625390878 0.07264487838 0.5230018253 0.7068149876 0.1838131623 0.1701598274 0.8934549656 0.7232951382 -1.045921539 0.1330693099 0.4718421298 nan nan
5 127595 3652 3640 12 0.3072985435 0.09763360929 0.2057465029 0.5018679004 0.2961213974 0.1698141831 0.7457509923 0.5759368092 0.4502391338 0.2072418618 0.3343595996 nan nan
6 30751 1727 1727 0 0.4038757828 0.08419331582 0.3619981275 0.6356196629 0.2736215354 0.3535949382 0.8266182284 0.4730232902 1.995050199 0.2152229793 0.4062215448 nan nan
7 8822 3023 3023 0 0.3482768324 0.04571357159 0.3063465715 0.4550344996 0.1486879281 0.1914905578 0.5185090086 0.3270184508 1.489001888 0.1269035622 0.1777287231 nan nan
8 81218 7945 7944 1 0.471038659 0.0331378902 0.4292803646 0.5283628353 0.09908247068 0.3242626434 0.6469716014 0.3227089579 0.2437447765 0.06260530399 0.1761936932 nan nan
9 172743 4515 4506 9 0.508296402 0.2047695985 0.1854544305 0.7407850649 0.5553306344 0.1711702751 0.8726010776 0.7014308025 -0.02909837825 0.5601123906 0.5743965461 nan nan
10 14142 8910 8908 2 0.491859117 0.05754455216 0.3855806659 0.5490424298 0.1634617638 0.1744012197 0.5711935452 0.3967923254 -0.8724587429 0.09179037629 0.3029278332 nan nan
11 154309 27438 27432 6 0.3309113432 0.04733708226 0.2659239531 0.4227484286 0.1568244755 0.1700666531 0.5711940404 0.4011273873 0.4248659285 0.1003192509 0.2458909026 nan nan
12 21609 2216 2207 9 0.2321283571 0.1812931976 0.1889678747 0.8559824078 0.6670145331 0.1697123633 0.8954250633 0.7257127 2.291451785 0.6366483342 0.6760909897 nan nan
13 161476 25184 25176 8 0.7366919092 0.1227426835 0.4843080461 0.8384691754 0.3541611293 0.2062286491 0.8956399398 0.6894112907 -0.8770131662 0.1922422 0.4556803348 nan nan
14 168732 15039 15039 0 0.4233798999 0.05889681761 0.2928420096 0.474564113 0.1817221034 0.1716128969 0.5729557573 0.4013428604 -1.815416352 0.1263481451 0.2431132081 nan nan
15 76537 4942 4939 3 0.3455807011 0.05321177395 0.2861041309 0.4516775498 0.165573419 0.1843337776 0.6797373159 0.4954035383 0.7331364718 0.1033948758 0.3189018831 nan nan
16 41397 9426 9420 6 0.5810316408 0.09463768717 0.4868004299 0.783645537 0.2968451071 0.1698731259 0.8952125964 0.7253394705 0.4566439032 0.2309825204 0.4071212114 nan nan
17 49752 4186 4186 0 0.4717281551 0.05727888468 0.3751809777 0.5229266767 0.147745699 0.169493203 0.5688579778 0.3993647748 -1.54036819 0.08364413038 0.2890398827 nan nan
18 122456 16365 16364 1 0.4572716683 0.04718073896 0.3747791996 0.5000188211 0.1252396215 0.1704928964 0.5112590529 0.3407661565 -1.802549732 0.06764395744 0.2673769611 nan nan
19 98454 3054 3054 0 0.4063624227 0.07363121344 0.277594835 0.5115785904 0.2339837554 0.1768984382 0.5177719142 0.3408734759 -0.290891909 0.1241884561 0.2248848529 nan nan
20 34315 1985 1983 2 0.3999713805 0.08427277453 0.2178806398 0.5008838775 0.2830032377 0.1685723685 0.5727162374 0.4041438689 -0.6798472864 0.1900245448 0.2393328161 nan nan

K=21, phase=forward, parameter=w [deg]
cluster representative_source n_cluster n_valid n_missing median std p05 p95 width90 minimum maximum range skewness error95 error_max angle_origin_deg angle_resultant
0 128106 30980 30976 4 -4.91193991 28.60592286 -22.90722266 46.78020854 69.6874312 -179.8671756 179.9860479 359.8532235 1.367525907 71.12531628 179.9567487 174.7911117 0.9016969305
1 22427 4532 4532 0 -2.473144279 24.24137768 -13.74001233 37.93084996 51.67086229 -178.4391834 176.660112 355.0992954 3.393192331 45.58423262 178.3079954 304.2893016 0.9375489574
2 48484 7649 7649 0 -2.933951358 22.30892033 -26.3900449 36.28459352 62.67463843 -179.5256755 176.0232417 355.5489172 0.8298080756 57.5462748 174.1774947 193.8505408 0.9317411748
3 221317 4362 4360 2 -8.919004452 33.26881291 -27.39446241 78.81401751 106.2084799 -177.0965528 171.3466212 348.443174 1.465690432 103.6414183 178.8892238 62.73810917 0.8584265514
4 52036 6994 6993 1 -6.425938535 44.51922345 -27.61663841 118.3406198 145.9572582 -179.3815512 179.2329471 358.6144983 1.497983585 137.7446395 179.9642869 192.1235121 0.7893319891
5 127595 3652 3640 12 6.456540332 41.76219092 -56.84874522 69.16311361 126.0118588 -165.8428077 174.4026431 340.2454507 0.4230674768 73.4726091 174.885782 112.3357391 0.7762419254
6 30751 1727 1727 0 -7.473780452 33.75347982 -34.87880874 64.78279353 99.66160227 -177.8038035 176.6153711 354.4191746 0.8286238519 62.85790314 179.2027887 217.8304163 0.848601866
7 8822 3023 3023 0 -3.737278273 25.69682756 -6.610736719 48.96327398 55.5740107 -174.0485046 176.5497578 350.5982624 1.305228249 59.44057742 179.6618311 296.1366766 0.9345327099
8 81218 7945 7944 1 -2.910538087 25.68466447 -30.33901529 44.24350018 74.58251548 -172.6177567 172.23364 344.8513967 0.9829850149 47.10306096 178.4641072 194.2961151 0.9096607164
9 172743 4515 4506 9 -14.34372456 66.46258425 -85.40252112 94.55050983 179.9530309 -163.0399928 177.3420987 340.3820915 0.06482994253 153.9344084 179.9197706 307.3750694 0.4287985461
10 14142 8910 8908 2 -0.9824631957 17.95791031 -10.2470143 12.39942684 22.64644114 -171.2972479 171.1741109 342.4713588 2.802702239 17.57309545 175.9004141 302.2450957 0.9668184186
11 154309 27438 27432 6 -2.874696532 22.03101075 -21.56908423 35.11493424 56.68401847 -179.966126 179.9226732 359.8887992 0.001595556295 56.17250283 178.3173414 15.589241 0.9386821268
12 21609 2216 2207 9 -2.47806956 62.95152844 -143.0892796 119.7619967 262.8512763 -178.1079354 178.7737512 356.8816866 -0.297683121 143.49659 173.515151 159.902098 0.6152622602
13 161476 25184 25176 8 -16.3460188 58.50316195 -46.21001618 108.3061862 154.5162023 -179.9466329 179.9560961 359.902729 0.3969543623 130.857172 179.9304016 202.4665274 0.5984244847
14 168732 15039 15039 0 -4.331413659 27.33049753 -18.83158838 32.66203426 51.49362264 -179.9707818 179.5565864 359.5273682 2.061604469 48.56267986 179.9921949 9.73331781 0.9150096113
15 76537 4942 4939 3 -3.959807125 24.61966731 -17.49325776 37.63392388 55.12718163 -179.3267021 177.9566743 357.2833764 1.76328359 44.70651944 177.9407364 309.3278797 0.9288758592
16 41397 9426 9420 6 -13.33613144 48.96464597 -43.48568812 94.34468283 137.830371 -179.810641 177.905969 357.7166101 0.5094182867 134.4463025 179.9839182 206.2348406 0.7041375032
17 49752 4186 4186 0 -1.987161134 28.92231495 -20.96305054 29.31011571 50.27316625 -178.958853 157.0421686 336.0010216 2.553740674 98.21971654 169.56739 315.8622554 0.9055130767
18 122456 16365 16364 1 -3.425887905 23.74024117 -19.2196767 37.13139381 56.35107051 -175.1459739 176.5851874 351.7311613 1.35125231 53.11405928 179.1433025 11.55114895 0.9339475867
19 98454 3054 3054 0 -7.974479722 44.77224534 -27.07137357 79.0865838 106.1579574 -179.0081926 179.144819 358.1530116 1.75841263 103.3545451 179.9549771 345.2563901 0.8005426619
20 34315 1985 1983 2 -2.65557039 35.30602677 -55.96811328 46.37404458 102.3421579 -178.667558 179.7796933 358.4472513 -1.084085692 64.21144502 171.6529898 46.58376067 0.8614675555

K=25, STD=0.01250665507
n = trajectories per cluster; conditions overlap.
n = 1: clusters=0/25 (0.00%); trajectories=0/194124 (0.00%)
n < 10: clusters=0/25 (0.00%); trajectories=0/194124 (0.00%)
n < 100: clusters=0/25 (0.00%); trajectories=0/194124 (0.00%)

K=25, phase=backward, parameter=a [km]
cluster representative_source n_cluster n_valid n_missing median std p05 p95 width90 minimum maximum range skewness error95 error_max angle_origin_deg angle_resultant
0 127235 30245 30245 0 1918205.649 490196.8436 1293312.468 2909593.912 1616281.445 982899.5061 4550878.486 3567978.98 0.5479766022 942928.2703 2428632.312 nan nan
1 22427 4532 4532 0 212536.8391 3478.219852 207079.4794 217677.4358 10597.95635 205382.7262 220930.9582 15548.23203 -0.06569840944 5982.541835 7981.070294 nan nan
2 30751 1717 1717 0 242563.078 4719.220825 232200.4944 246879.3863 14678.89192 225767.8418 247275.166 21507.32424 -0.7158523379 10820.11072 17252.76335 nan nan
3 221317 4361 4361 0 924847.6255 225197.8851 782292.8226 1486479.124 704186.3009 772045.0536 1856054.399 1084009.345 1.324313512 576815.0974 946390.3724 nan nan
4 50147 6044 6044 0 212772.6625 3782.341699 207555.9566 219177.0383 11621.08164 207189.7961 222554.9047 15365.10859 0.178140354 6223.99782 8834.970263 nan nan
5 127595 3646 3646 0 1554738.699 1009703.049 944832.8499 4233421.604 3288588.754 906911.243 4543425.988 3636514.745 1.251050029 2827486.505 3137490.889 nan nan
6 22050 1731 1731 0 241640.0914 3849.915438 233059.4908 245363.5193 12304.0285 195960.2887 246969.3292 51009.04055 -2.886808234 8799.558304 45898.7604 nan nan
7 8822 3015 3015 0 216416.2201 5873.472232 207809.562 226317.6859 18508.12391 205532.5941 235011.301 29478.70686 0.1524326678 10605.1936 19298.80865 nan nan
8 80416 7406 7406 0 214298.9282 4262.372555 208615.01 220750.1961 12135.18606 195310.7333 238367.5112 43056.77789 0.7536168982 7178.283305 22750.08017 nan nan
9 172743 4532 4532 0 800814.9815 52207.05062 772032.3669 935684.0417 163651.6748 768052.7014 1080093.809 312041.1072 1.350320582 132811.8509 277221.6177 nan nan
10 14142 8910 8910 0 226720.4287 4560.823713 219177.3663 233734.6567 14557.29043 217723.0871 243078.478 25355.39088 -0.01901165915 7853.47987 17074.81988 nan nan
11 154309 27413 27413 0 915043.2733 158257.199 809754.0243 1286813.37 477059.3458 772148.0813 1883110.718 1110962.637 1.299231927 385391.1424 981688.4903 nan nan
12 99245 2846 2846 0 219016.6625 8581.395998 207944.2757 234449.0518 26504.77603 205186.0649 239251.6804 34065.61547 0.2676868825 14028.38913 18555.0204 nan nan
13 152421 1802 1802 0 1217930.2 301874.222 972242.5163 1859595.924 887353.4074 819266.6039 1895650.987 1076384.384 0.5626965625 649888.2165 685943.2802 nan nan
14 168732 15039 15039 0 906711.6894 56916.52767 844843.2617 1025500.5 180657.2387 771953.8647 1173532.298 401578.433 0.7245129415 125217.2294 269790.6339 nan nan
15 76537 4874 4874 0 201345.8614 2542.577334 198315.8589 206270.2092 7954.350249 195307.782 207227.4969 11919.71489 0.3361474305 6797.657264 7754.94503 nan nan
16 41854 8536 8536 0 229598.4162 5554.482096 220949.5874 237827.6119 16878.0245 217107.4155 246914.4768 29807.06132 0.02228532341 11285.22813 20372.09297 nan nan
17 49752 4179 4179 0 203020.0392 1761.923419 200651.6476 206458.1746 5806.526949 195426.4351 207190.2944 11763.85931 0.2787920469 4440.595324 6601.368867 nan nan
18 122456 16362 16362 0 1251125.807 197054.6399 998654.504 1589766.63 591112.1265 954375.5452 4536269.84 3581894.295 1.562911034 361863.796 3308367.006 nan nan
19 30062 578 578 0 244616.0433 3806.802329 235151.5314 247147.4296 11995.89823 228340.8814 247282.6172 18941.73575 -1.398753753 8901.551806 15712.20178 nan nan
20 34315 1949 1949 0 218333.329 9848.647905 204252.8796 234911.7254 30658.84579 195309.8806 241305.2645 45995.3839 0.1498550657 16512.3233 23143.23689 nan nan
21 34650 1433 1433 0 238597.0956 7508.564566 219995.0427 241826.9106 21831.86788 198957.5659 246191.1124 47233.54645 -3.525432715 19097.5168 40134.99361 nan nan
22 48939 7080 7080 0 229783.0619 5068.792343 221944.5749 238091.8293 16147.25439 216093.775 240090.2645 23996.48948 0.02254599512 10866.90903 12862.47787 nan nan
23 161185 24135 24135 0 1166230.371 202393.0865 968061.6171 1640425.091 672363.4741 848853.0351 1861890.515 1013037.48 0.9362788944 487632.0867 709097.511 nan nan
24 67258 1759 1759 0 206061.9804 1179.797853 204567.1248 207091.2116 2524.086814 195292.2075 207192.4814 11900.27395 -4.279644951 1524.031037 10798.94831 nan nan

K=25, phase=backward, parameter=e [-]
cluster representative_source n_cluster n_valid n_missing median std p05 p95 width90 minimum maximum range skewness error95 error_max angle_origin_deg angle_resultant
0 127235 30245 30245 0 0.7518872834 0.06450010389 0.6300946874 0.8367008608 0.2066061734 0.5072478491 0.8956261106 0.3883782615 -0.6496723956 0.1458295419 0.2686763803 nan nan
1 22427 4532 4532 0 0.4506008463 0.02490856875 0.4136444123 0.4895645684 0.07592015605 0.3910460557 0.5016345196 0.1105884639 0.05857134494 0.0427283683 0.05662085922 nan nan
2 30751 1717 1717 0 0.2171699155 0.04303787014 0.172560212 0.306044972 0.13348476 0.1683444931 0.3529563713 0.1846118782 0.5610643832 0.09253647194 0.1394478712 nan nan
3 221317 4361 4361 0 0.4751117587 0.09971088224 0.3666619309 0.6794666026 0.3128046717 0.3566637373 0.7438227878 0.3871590505 0.5663990298 0.2131564347 0.2775126199 nan nan
4 50147 6044 6044 0 0.4493062003 0.02704402212 0.4032795177 0.4864229072 0.08314338951 0.3791861292 0.4891161724 0.1099300432 -0.1847682131 0.04446912536 0.06332988764 nan nan
5 127595 3646 3646 0 0.6931845399 0.1259962732 0.4869420926 0.8878052145 0.4008631219 0.4627754376 0.8954556795 0.4326802418 0.02897322953 0.2275316081 0.2351820731 nan nan
6 22050 1731 1731 0 0.2260650027 0.03327413151 0.1885726395 0.2984259641 0.1098533246 0.1720649884 0.5683087456 0.3962437573 2.293814691 0.0745275607 0.3444103422 nan nan
7 8822 3015 3015 0 0.4226568475 0.04265816159 0.3497368562 0.4842387643 0.1345019081 0.2824158144 0.5004312289 0.2180154145 -0.1806542679 0.07787884434 0.1451998861 nan nan
8 80416 7406 7406 0 0.438605717 0.03075608762 0.3921333455 0.4789895332 0.08685618773 0.2558045319 0.5728514127 0.3170468807 -0.8732737482 0.05112480103 0.1733919031 nan nan
9 172743 4532 4532 0 0.3833120906 0.03952391152 0.3566010829 0.4807434859 0.124142403 0.3526417655 0.555349464 0.2027076985 1.085096171 0.09601676436 0.1706227424 nan nan
10 14142 8910 8910 0 0.3470534408 0.03451772439 0.2926157968 0.4027821619 0.1101663651 0.209753035 0.4134082931 0.2036552581 -0.03221358457 0.0599374476 0.1426771516 nan nan
11 154309 27413 27413 0 0.4689089386 0.07711623824 0.3915592183 0.6279473216 0.2363881033 0.3567892051 0.7475373127 0.3907481076 0.6514626565 0.1683974511 0.2879874422 nan nan
12 99245 2846 2846 0 0.4045543868 0.06325200952 0.287582776 0.4838323615 0.1962495856 0.24817224 0.5033271554 0.2551549155 -0.3213249147 0.1057685161 0.1445951362 nan nan
13 152421 1802 1802 0 0.6064316976 0.08518157003 0.5025455928 0.7439909436 0.2414453509 0.3987271499 0.7488716583 0.3501445084 0.1200562942 0.1411120945 0.2051538848 nan nan
14 168732 15039 15039 0 0.4635657134 0.03488928878 0.4200044553 0.5293256802 0.1093212249 0.3565500024 0.5919951165 0.2354451141 0.1479195825 0.07841585253 0.1306876643 nan nan
15 76537 4874 4874 0 0.5302629903 0.01796899406 0.4954494917 0.551630967 0.05618147529 0.4882844047 0.5728758046 0.0845913999 -0.3382668945 0.04808233315 0.05524742021 nan nan
16 41854 8536 8536 0 0.3257858181 0.04313068493 0.2595781098 0.3903340483 0.1307559385 0.1717112539 0.4170346165 0.2453233627 -0.103241704 0.08947020658 0.1773370625 nan nan
17 49752 4179 4179 0 0.5184413405 0.01248122837 0.4940953693 0.5351930545 0.0410976852 0.4886581369 0.5719985499 0.08334041304 -0.283462934 0.03139032574 0.04660540907 nan nan
18 122456 16362 16362 0 0.6171461547 0.05845496184 0.5160718131 0.6999886877 0.1839168746 0.4922151284 0.8952915353 0.4030764069 -0.1191911067 0.09990847941 0.2855927667 nan nan
19 30062 578 578 0 0.1971740903 0.03550449533 0.1696242134 0.2808007004 0.111176487 0.168193931 0.3361355799 0.1679416489 1.144702572 0.07723605435 0.1325709338 nan nan
20 34315 1949 1949 0 0.4091416659 0.07239799042 0.2836119543 0.5097957709 0.2261838166 0.2262177443 0.5728380059 0.3466202616 -0.2064173123 0.1250061099 0.1821029117 nan nan
21 34650 1433 1433 0 0.2533380224 0.05704359806 0.2244569146 0.3973264491 0.1728695344 0.1810878115 0.5472175968 0.3661297853 3.379132914 0.1482550796 0.2981462273 nan nan
22 48939 7080 7080 0 0.3245745599 0.03946736195 0.257164572 0.3833803739 0.1262158018 0.239498846 0.4253899103 0.1858910643 -0.1011109592 0.08689242044 0.1045581465 nan nan
23 161185 24135 24135 0 0.588814764 0.06314114833 0.500038106 0.7094754666 0.2094373606 0.4222134989 0.7442977461 0.3220842472 0.2989729825 0.126718896 0.1615099518 nan nan
24 67258 1759 1759 0 0.497006007 0.008327868045 0.4897160762 0.507571299 0.01785522281 0.4888996391 0.5729713754 0.08407173634 4.268909418 0.01079598695 0.07619606341 nan nan

K=25, phase=backward, parameter=w [deg]
cluster representative_source n_cluster n_valid n_missing median std p05 p95 width90 minimum maximum range skewness error95 error_max angle_origin_deg angle_resultant
0 127235 30245 30245 0 -1.345996525 4.98604717 -5.771177715 10.97558997 16.74676769 -9.581385024 15.89453858 25.47592361 1.132192252 13.76933899 18.6882876 20.16905684 0.9962222258
1 22427 4532 4532 0 -0.7859808413 5.096635424 -4.599790103 16.29462927 20.89441937 -14.32672067 26.52261534 40.84933601 2.799370606 18.33077632 28.55876239 188.5874111 0.996073677
2 30751 1717 1717 0 7.581582138 15.24854334 -30.90155904 13.09293623 43.99449527 -33.79145629 13.44155532 47.23301161 -0.9287390885 39.73064781 42.62054506 205.4065264 0.965084228
3 221317 4361 4361 0 -1.659833682 8.359455573 -10.17236063 12.77748902 22.94984965 -11.10158156 13.43630789 24.53788945 0.3364511783 17.73430561 18.39312447 22.93609716 0.9893871586
4 50147 6044 6044 0 -0.9014940425 4.640751451 -5.166023004 10.7581526 15.92417561 -24.63248262 17.48451287 42.11699549 1.349151059 12.25214602 23.26135723 198.2680323 0.996730642
5 127595 3646 3646 0 2.511684004 6.476262245 -9.979786654 7.558071512 17.53785817 -10.32092611 15.73279516 26.05372126 -0.4120458565 12.89362546 13.23476491 20.93603281 0.9936248865
6 22050 1731 1731 0 1.105716642 6.887357636 -12.96429629 11.60746741 24.57176369 -33.20266615 14.57626473 47.77893089 -1.331981097 15.19721998 35.43558984 204.9420542 0.9928377772
7 8822 3015 3015 0 -1.806333117 6.880525012 -3.808429253 20.80867819 24.61710744 -4.268052016 35.05889756 39.32694957 3.278299321 23.15088891 37.40110827 184.3935111 0.9929031273
8 80416 7406 7406 0 -0.2233774845 4.152765061 -4.964163319 6.43761553 11.40177885 -31.3093361 14.96462183 46.27395793 -0.7470244494 7.412548435 33.18561684 204.3830787 0.997386898
9 172743 4532 4532 0 1.692544793 5.335767756 -11.00611359 5.396335051 16.40244864 -16.89124341 5.635658093 22.52690151 -1.027163198 14.71994747 20.60507729 31.32051452 0.9956737761
10 14142 8910 8910 0 0.02404964558 3.858518842 -5.865022814 5.677357808 11.54238062 -19.48224538 28.49773604 47.97998141 0.7272870359 6.333439998 29.01651529 190.9789934 0.9977391594
11 154309 27413 27413 0 1.743563318 5.431077845 -9.90169851 6.282710972 16.18440948 -15.86869993 9.729004643 25.59770457 -0.5925839382 15.36543165 21.33243307 27.32878475 0.9955147452
12 99245 2846 2846 0 2.07511011 9.882360311 -15.36902365 13.43950666 28.8085303 -34.67515997 13.87244425 48.54760422 -0.2620913205 24.77197779 44.07811411 206.1788496 0.9851906336
13 152421 1802 1802 0 -0.266035007 2.939677434 -3.151415141 6.356994694 9.508409835 -6.395279907 12.70032643 19.09560633 1.85319966 6.379836147 12.55657028 23.76694997 0.9986861631
14 168732 15039 15039 0 0.56246642 3.636070629 -6.770213335 3.980286433 10.75049977 -14.24525717 9.102776721 23.34803389 -0.6277854934 9.048651297 16.52369513 27.96035925 0.9979888714
15 76537 4874 4874 0 -0.5489852883 6.730090198 -9.287189516 11.73142065 21.01861017 -10.88279621 14.29081173 25.17360794 0.2883784389 11.19146984 13.40322705 191.6022387 0.9931167562
16 41854 8536 8536 0 -1.803202638 6.432375593 -6.669304857 11.92415188 18.59345673 -33.41575503 15.43932552 48.85508056 -0.304287216 13.85267328 31.87969203 204.9153164 0.9937416333
17 49752 4179 4179 0 -0.984323364 4.910123931 -6.499137977 9.75125252 16.2503905 -15.68429696 13.40136264 29.0856596 0.647467362 12.68906611 16.32786681 191.7582705 0.9963340082
18 122456 16362 16362 0 0.1777906107 2.070419909 -3.066392933 2.679137091 5.745530024 -16.69449574 8.663324286 25.35782003 -1.262529737 3.587553385 16.93635363 27.31271969 0.9993480177
19 30062 578 578 0 3.859213918 13.77043174 -26.56264869 14.98896161 41.5516103 -32.53166536 15.44200675 47.97367211 -0.6982362027 37.2190066 43.18802327 204.5077307 0.9714355223
20 34315 1949 1949 0 -1.269256586 7.811817143 -6.07955615 19.21625931 25.29581546 -25.93642323 22.83978945 48.77621268 0.9414951748 22.79221386 25.96080481 197.3888289 0.9907898578
21 34650 1433 1433 0 0.9407578367 5.486781846 -13.48125086 8.498098805 21.97934966 -32.79267544 9.063532408 41.85620785 -1.450344202 14.68724508 33.99866967 210.633543 0.9954361849
22 48939 7080 7080 0 0.4700390457 4.936208853 -6.273337535 4.700537426 10.97387496 -35.55110829 13.15015859 48.70126688 -4.186082841 6.736869127 35.65099833 207.0969099 0.9963579007
23 161185 24135 24135 0 -0.4663777038 3.858738497 -5.033621203 10.03485594 15.06847714 -10.67594924 13.87639372 24.55234296 1.553602813 9.150978945 12.63101839 22.59437813 0.9977377147
24 67258 1759 1759 0 0.002781196973 3.125215555 -4.094614414 4.568071448 8.662685862 -21.83596963 6.662557174 28.4985268 -1.522260585 6.092557976 20.55124339 197.118647 0.9985166757

K=25, phase=forward, parameter=a [km]
cluster representative_source n_cluster n_valid n_missing median std p05 p95 width90 minimum maximum range skewness error95 error_max angle_origin_deg angle_resultant
0 127235 30245 30241 4 1335030.19 332304.6973 1004086.978 2040121.547 1036034.57 231595.3116 2268772.798 2037177.487 0.6245409369 577254.6792 1236093.598 nan nan
1 22427 4532 4532 0 207634.1595 7850.570771 200893.0122 222447.9869 21554.97464 200131.8806 246481.2391 46349.35859 0.9473916915 11672.85643 35706.10869 nan nan
2 30751 1717 1717 0 823669.7676 200914.5703 777551.9922 1301523.568 523971.5757 769187.3523 2739064.668 1969877.316 3.897890575 457407.6891 1894948.789 nan nan
3 221317 4361 4359 2 236851.6146 9054.5226 209598.5954 245828.9758 36230.38043 195800.4036 247081.6279 51281.22427 -1.847509646 27253.01922 41051.21099 nan nan
4 50147 6044 6044 0 1215351.145 206784.8641 997961.594 1564766.579 566804.9847 238082.6323 3317914.974 3079832.342 -0.2722604091 340576.8112 2084163.054 nan nan
5 127595 3646 3634 12 232044.4901 39484.18718 205506.8651 243873.3725 38366.50744 195340.6591 1872552.332 1677211.672 30.5282017 25839.97655 1654518.936 nan nan
6 22050 1731 1724 7 241719.5283 378416.2424 226129.9716 245491.9963 19362.02468 196406.2895 4542129.342 4345723.053 8.165618965 23594.99149 4299496.025 nan nan
7 8822 3015 3015 0 226530.2874 6172.523769 212013.0584 231988.9439 19975.88547 203015.7444 245231.8241 42216.07978 -1.649798962 16212.77924 24508.81416 nan nan
8 80416 7406 7405 1 914357.3248 49114.65613 856115.7022 1004356.169 148240.4666 229891.7885 1160807.177 930915.3885 0.09108679383 104537.3552 676882.6977 nan nan
9 172743 4532 4523 9 983313.5115 579428.1936 237261.5963 1835734.856 1598473.259 223481.3253 3016504.278 2793022.953 0.2043337719 1633813.169 1647593.44 nan nan
10 14142 8910 8908 2 206751.0621 7971.218545 198682.4139 221493.1922 22810.77827 195549.0618 246639.0149 51089.95312 0.7766078073 12717.69272 37862.20679 nan nan
11 154309 27413 27407 6 228965.1111 7592.282641 216516.5505 237052.6696 20536.11912 195539.2265 953883.1639 758343.9374 31.50753079 13477.42735 724207.2033 nan nan
12 99245 2846 2846 0 219459.3113 9924.686836 204074.4177 235703.8916 31629.47394 203121.884 246566.8939 43445.00998 0.13323149 16352.3757 26994.88229 nan nan
13 152421 1802 1802 0 810969.0279 51112.19845 771042.6389 928146.6498 157104.0108 768841.3999 1007521.398 238679.9978 0.8568317475 100864.4859 180239.2339 nan nan
14 168732 15039 15039 0 216416.3308 7717.189647 209237.8411 233881.7677 24643.92655 195295.2842 246961.2559 51665.97165 1.523801815 16829.93987 29346.70012 nan nan
15 76537 4874 4871 3 227006.5501 6744.672622 213513.7419 234529.9352 21016.19326 195418.9692 245898.3453 50479.37611 -0.749417844 12609.42211 29493.32007 nan nan
16 41854 8536 8530 6 1093570.606 287277.5666 930940.2771 1452250.185 521309.9082 204424.929 4532888.748 4328463.819 4.841361573 467229.7196 3452098.687 nan nan
17 49752 4179 4179 0 209590.1023 7777.635824 202387.8983 222795.2499 20407.35161 195882.2113 247163.5305 51281.31914 1.351307624 11363.02212 35723.24507 nan nan
18 122456 16362 16361 1 211648.3924 6405.7183 205637.2262 223070.3045 17433.07833 204045.2464 247089.4239 43044.17754 1.574908615 9454.645084 32719.58165 nan nan
19 30062 578 576 2 218918.0002 81098.00562 203604.735 239685.0533 36080.31824 203269.8874 1492498.208 1289228.321 12.59367253 18812.81041 1271625.966 nan nan
20 34315 1949 1947 2 219642.1247 19845.55935 205671.8764 242534.4212 36862.54483 195326.6174 951117.7636 755791.1462 25.64504454 24023.88028 732607.2227 nan nan
21 34650 1433 1433 0 1909832.638 1085030.143 997571.9637 4301994.085 3304422.121 214619.024 4492215.182 4277596.158 0.514250553 1895830.484 2678783.424 nan nan
22 48939 7080 7080 0 845219.4385 36688.45697 802461.3797 914128.5845 111667.2048 768506.2556 1109270.055 340763.7998 0.9000500018 69823.37756 263401.7455 nan nan
23 161185 24135 24127 8 1857872.868 630404.8409 975695.0815 2950580.678 1974885.597 241146.9223 4551570.686 4310423.764 0.2027812017 1396602.849 2997592.857 nan nan
24 67258 1759 1758 1 1352579.934 259608.5013 934349.6065 1635184.235 700834.6282 225839.6389 3867846.723 3642007.084 -0.5031656016 480039.0116 2454311.197 nan nan

K=25, phase=forward, parameter=e [-]
cluster representative_source n_cluster n_valid n_missing median std p05 p95 width90 minimum maximum range skewness error95 error_max angle_origin_deg angle_resultant
0 127235 30245 30241 4 0.6420634573 0.08025898525 0.5193149053 0.7668138358 0.2474989305 0.3099506679 0.7904014675 0.4804507995 -0.02346275252 0.1556397648 0.3650040022 nan nan
1 22427 4532 4532 0 0.4856801467 0.05694486004 0.3788480771 0.5334798582 0.1546317811 0.1760689075 0.5388564165 0.362787509 -1.0629186 0.08434602305 0.2871251926 nan nan
2 30751 1717 1717 0 0.4034333957 0.08362161212 0.3619899057 0.6324337984 0.2704438927 0.3535949382 0.8266182284 0.4730232902 2.018042121 0.2120371149 0.4062215448 nan nan
3 221317 4361 4359 2 0.2679010629 0.07080790831 0.1829040325 0.4721233632 0.2892193307 0.170324271 0.5693291022 0.3990048312 1.556158047 0.2041829648 0.3013887038 nan nan
4 50147 6044 6044 0 0.6055614143 0.06809017196 0.5155882563 0.6951464814 0.1795582251 0.1701598274 0.8568787149 0.6867188875 -1.321214578 0.1021846745 0.4414469127 nan nan
5 127595 3646 3634 12 0.3069967156 0.09712095084 0.2057333647 0.5010612122 0.2953278475 0.1698141831 0.7457509923 0.5759368092 0.4339156489 0.2059635116 0.3343595996 nan nan
6 22050 1731 1724 7 0.2272978342 0.09566455906 0.1883679395 0.4040878727 0.2157199332 0.1697123633 0.8954250633 0.7257127 4.195565675 0.1874681347 0.6788053253 nan nan
7 8822 3015 3015 0 0.3482768324 0.04595084227 0.3062506349 0.4550331208 0.1487824859 0.1914905578 0.5185090086 0.3270184508 1.432595663 0.126926471 0.1777287231 nan nan
8 80416 7406 7405 1 0.4685429556 0.02985357077 0.4286641641 0.5195690882 0.09090492409 0.3242626434 0.5865382837 0.2622756403 -0.03297746193 0.06019203269 0.1398480353 nan nan
9 172743 4532 4523 9 0.5085870015 0.2041709578 0.1854708287 0.7406463358 0.5551755071 0.1711702751 0.842575963 0.671405688 -0.03541754499 0.5600959925 0.5743965461 nan nan
10 14142 8910 8908 2 0.491859117 0.05754455216 0.3855806659 0.5490424298 0.1634617638 0.1744012197 0.5711935452 0.3967923254 -0.8724587429 0.09179037629 0.3029278332 nan nan
11 154309 27413 27407 6 0.3308710293 0.04734725109 0.265914407 0.4227760036 0.1568615966 0.1700666531 0.5711940404 0.4011273873 0.4264447345 0.100397802 0.2458909026 nan nan
12 99245 2846 2846 0 0.401190005 0.07338600809 0.2776150162 0.5110140498 0.2333990335 0.1768984382 0.5177719142 0.3408734759 -0.2281289446 0.1225384534 0.2232550314 nan nan
13 152421 1802 1802 0 0.3919953584 0.03950849295 0.3556670213 0.4762024524 0.1205354311 0.3534727016 0.5216857773 0.1682130757 0.6398104031 0.0709302902 0.1164136151 nan nan
14 168732 15039 15039 0 0.4233798999 0.05889681761 0.2928420096 0.474564113 0.1817221034 0.1716128969 0.5729557573 0.4013428604 -1.815416352 0.1263481451 0.2431132081 nan nan
15 76537 4874 4871 3 0.3451919735 0.05062057712 0.2863554919 0.4440430713 0.1576875794 0.1843337776 0.5721043294 0.3877705518 0.622763245 0.09242341165 0.2112688966 nan nan
16 41854 8536 8530 6 0.5602019137 0.07478079063 0.4787319208 0.671532516 0.1928005952 0.1771737652 0.8952125964 0.7180388312 -0.2049865333 0.1377082511 0.3772454137 nan nan
17 49752 4179 4179 0 0.4718224988 0.05720034181 0.3763459958 0.5229299736 0.1465839779 0.169493203 0.5688579778 0.3993647748 -1.550227261 0.08223101945 0.2890398827 nan nan
18 122456 16362 16361 1 0.4572833599 0.04716929228 0.3747888821 0.5000191756 0.1252302935 0.1704928964 0.5112590529 0.3407661565 -1.803966378 0.06763080482 0.2673769611 nan nan
19 30062 578 576 2 0.4082995469 0.08730120996 0.2441601633 0.5145689364 0.2704087731 0.1816681563 0.6802876347 0.4986194784 -0.2594055674 0.146722499 0.2895830853 nan nan
20 34315 1949 1947 2 0.3999614173 0.08375441308 0.2206093558 0.4998491197 0.2792397639 0.1685723685 0.5727162374 0.4041438689 -0.6898957726 0.1872958288 0.2393328161 nan nan
21 34650 1433 1433 0 0.7510711385 0.129880145 0.5153071231 0.8895821459 0.3742750229 0.1705568463 0.8942666422 0.7237097959 -1.459067984 0.3205610071 0.6653112838 nan nan
22 48939 7080 7080 0 0.4204241055 0.02684789097 0.3852975175 0.4684777447 0.08318022723 0.3532132518 0.5675076137 0.2142943619 0.4736014841 0.04978142654 0.1470034797 nan nan
23 161185 24135 24127 8 0.7438477375 0.1071543381 0.5041835681 0.8389680858 0.3347845177 0.2062286491 0.8956399398 0.6894112907 -0.8058093707 0.1891171562 0.4866939336 nan nan
24 67258 1759 1758 1 0.6465033305 0.08362646955 0.4809510989 0.7084522851 0.2275011862 0.1699024182 0.8772211912 0.707318773 -1.966170468 0.1813853282 0.4921834438 nan nan

K=25, phase=forward, parameter=w [deg]
cluster representative_source n_cluster n_valid n_missing median std p05 p95 width90 minimum maximum range skewness error95 error_max angle_origin_deg angle_resultant
0 127235 30245 30241 4 -4.515012082 26.51090282 -22.00056043 41.15992889 63.16048932 -179.5247552 172.8561461 352.3809014 1.595672582 63.22863607 179.7147578 173.8950514 0.91449486
1 22427 4532 4532 0 -2.473144279 24.24137768 -13.74001233 37.93084996 51.67086229 -178.4391834 176.660112 355.0992954 3.393192331 45.58423262 178.3079954 304.2893016 0.9375489574
2 30751 1717 1717 0 -7.415105399 33.16067018 -34.66627977 64.16268212 98.82896189 -177.5984722 176.8207025 354.4191746 1.001789599 62.02907506 179.2027887 217.6250849 0.851958957
3 221317 4361 4359 2 -8.925774648 33.18972272 -27.38195693 78.81406752 106.1960245 -177.1036763 171.3394977 348.443174 1.496675322 103.6220581 178.8892238 62.74523266 0.8588265367
4 50147 6044 6044 0 -7.709053053 40.40669009 -21.65445378 111.9055164 133.5599701 -178.3881352 179.7690602 358.1571954 1.698663117 130.4278843 179.9755005 184.5012883 0.8288017391
5 127595 3646 3634 12 6.425034821 41.74370478 -56.92019789 69.29251105 126.2127089 -165.9028236 174.3426271 340.2454507 0.4222658457 73.49235161 174.885782 112.3957551 0.7764800793
6 22050 1731 1724 7 -3.327522652 30.48026576 -26.34261577 69.47542704 95.81804281 -175.5777384 179.9884915 355.5662299 1.499180121 87.15224873 173.1463704 161.8056712 0.8936965224
7 8822 3015 3015 0 -3.765108919 23.58898405 -6.626830869 46.64525455 53.27208541 -174.0644585 174.5761876 348.6406462 0.3669166734 58.40052875 179.3889875 296.1526306 0.9412989285
8 80416 7406 7405 1 -2.62574442 23.83492212 -29.63861075 41.18018546 70.81879621 -173.7658378 166.8063076 340.5721454 0.8106983754 43.06320473 176.6962054 195.4441962 0.9202711444
9 172743 4532 4523 9 -14.77542591 66.40556545 -85.07191685 94.6135579 179.6854748 -162.5474202 177.8346713 340.3820915 0.07122321963 153.5384213 179.9197706 306.8824968 0.4297904622
10 14142 8910 8908 2 -0.9824631957 17.95791031 -10.2470143 12.39942684 22.64644114 -171.2972479 171.1741109 342.4713588 2.802702239 17.57309545 175.9004141 302.2450957 0.9668184186
11 154309 27413 27407 6 -2.872943303 22.03717439 -21.56985144 35.14244811 56.71229955 -179.9664568 179.9223423 359.8887992 0.001419641183 56.18540572 178.3173414 15.58957182 0.93865191
12 99245 2846 2846 0 -6.777116718 44.08474331 -24.32433007 80.05830476 104.3826348 -179.2078101 179.6041345 358.8119446 1.807591003 88.51833494 179.936209 342.1751659 0.8141290117
13 152421 1802 1802 0 -5.653466266 42.52443572 -40.83202992 103.7391334 144.5711633 -45.63054253 174.4703887 220.1009313 1.436307065 132.521695 179.7999261 247.1822162 0.7820031246
14 168732 15039 15039 0 -4.331413659 27.33049753 -18.83158838 32.66203426 51.49362264 -179.9707818 179.5565864 359.5273682 2.061604469 48.56267986 179.9921949 9.73331781 0.9150096113
15 76537 4874 4871 3 -3.508451017 22.83885243 -16.77234531 34.76045762 51.53280293 -178.596713 178.6866635 357.2833764 1.684706227 40.93943411 177.2581899 308.5978906 0.9393948494
16 41854 8536 8530 6 -13.8048437 44.39155854 -37.15897698 95.21998143 132.3789584 -175.9768539 176.7469471 352.723801 0.9226294236 130.1139183 179.9844928 200.0729322 0.7566992466
17 49752 4179 4179 0 -1.985516627 28.38737646 -20.92974911 27.75260627 48.68235538 -178.9197103 157.0813113 336.0010216 2.519204141 83.84830974 169.56739 315.8231127 0.9080642278
18 122456 16362 16361 1 -3.426634521 23.74173371 -19.2220364 37.13471043 56.35674684 -175.1483163 176.582845 351.7311613 1.350982788 53.12564052 179.1433025 11.55349142 0.9339398408
19 30062 578 576 2 -5.558553454 44.91174391 -31.69103547 123.5774224 155.2684578 -57.09256576 176.9359142 234.02848 1.815350757 147.3592116 174.4098973 31.2223275 0.7753630546
20 34315 1949 1947 2 -2.774085664 34.63073501 -54.73925966 46.40615256 101.1454122 -178.7759754 179.671276 358.4472513 -0.9901386586 63.93711751 171.6529898 46.69217804 0.8656819496
21 34650 1433 1433 0 -4.784449702 47.39239624 -30.79403609 104.1642014 134.9582375 -178.8211871 178.8766692 357.6978563 0.2577255155 134.3254092 178.5186946 273.2549516 0.7752825632
22 48939 7080 7080 0 -2.732047712 21.53494581 -25.48502798 35.26886942 60.75389739 -179.3131449 176.2357723 355.5489172 0.7745929499 55.65362659 171.1463614 193.6380102 0.9364412624
23 161185 24135 24127 8 -15.85923167 58.70637288 -43.56355985 110.1870876 153.7506474 -179.2629106 178.3622326 357.6251431 0.3886392795 132.9244553 179.9154945 199.4901998 0.6005544124
24 67258 1759 1758 1 -7.510028477 46.27857145 -23.46114595 121.8283985 145.2895445 -178.3057765 178.9989176 357.3046941 1.25829004 141.8216016 179.9667238 205.663325 0.7789555006

K=29, STD=0.01200503091
n = trajectories per cluster; conditions overlap.
n = 1: clusters=0/29 (0.00%); trajectories=0/194124 (0.00%)
n < 10: clusters=1/29 (3.45%); trajectories=2/194124 (0.00%)
n < 100: clusters=1/29 (3.45%); trajectories=2/194124 (0.00%)

K=29, phase=backward, parameter=a [km]
cluster representative_source n_cluster n_valid n_missing median std p05 p95 width90 minimum maximum range skewness error95 error_max angle_origin_deg angle_resultant
0 144351 45542 45542 0 1611164.585 546263.2969 1049896.53 2781585.854 1731689.325 981110.4068 4548015.641 3566905.235 0.7353726606 1093548.425 2859978.212 nan nan
1 22427 4532 4532 0 212536.8391 3478.219852 207079.4794 217677.4358 10597.95635 205382.7262 220930.9582 15548.23203 -0.06569840944 5982.541835 7981.070294 nan nan
2 33938 1408 1408 0 241677.7247 4770.645885 232076.9526 246815.6038 14738.65121 224355.1472 247007.5314 22652.38413 -0.5625695429 10481.92542 18203.73077 nan nan
3 221195 4355 4355 0 930824.6233 221583.7572 782726.8291 1487571.805 704844.9759 772045.0536 1795689.707 1023644.654 1.252978595 566136.4682 874254.3706 nan nan
4 50147 5997 5997 0 212758.6859 3920.966161 207553.725 219203.9432 11650.21821 207189.7961 236697.8585 29508.06237 0.5643258954 6244.212252 22977.92404 nan nan
5 127305 3336 3336 0 1539074.29 1046382.727 943188.9826 4261670.621 3318481.639 906911.243 4543425.988 3636514.745 1.15992967 2852268.521 3134023.888 nan nan
6 35771 667 667 0 242718.1857 3117.770362 237749.1726 246992.5732 9243.400647 226923.8677 247282.6172 20358.74947 -0.7083963232 4793.354477 15563.15965 nan nan
7 8822 3015 3015 0 216416.2201 5873.472232 207809.562 226317.6859 18508.12391 205532.5941 235011.301 29478.70686 0.1524326678 10605.1936 19298.80865 nan nan
8 80416 7394 7394 0 214278.0758 4164.900409 208612.6544 220723.1102 12110.45579 195310.7333 237460.0652 42149.33185 0.5658228012 7146.421158 21842.63413 nan nan
9 175498 2918 2918 0 796658.0458 44867.69336 776984.5129 875375.188 98390.67512 768052.7014 1188019.989 419967.2881 3.232857835 64105.11408 376749.9155 nan nan
10 14142 8907 8907 0 226718.4494 4553.332662 219177.3485 233730.646 14553.29743 217723.0871 243078.478 25355.39088 -0.02775316488 7851.744983 17074.81988 nan nan
11 176287 17401 17401 0 853238.2552 52395.1242 805146.4948 974523.4695 169376.9747 770862.1456 1035632.271 264770.1254 0.8875403363 126158.5899 187267.3914 nan nan
12 99245 2846 2846 0 219016.6625 8581.395998 207944.2757 234449.0518 26504.77603 205186.0649 239251.6804 34065.61547 0.2676868825 14028.38913 18555.0204 nan nan
13 156237 2360 2360 0 1124613.706 290326.5589 973975.4315 1849822.042 875846.6103 852104.7857 1896509.705 1044404.919 0.8959612266 682056.6576 728744.3206 nan nan
14 168732 13781 13781 0 910114.4456 52365.06551 856829.598 1028439.957 171610.3592 793484.8972 1141104.812 347619.9152 1.131925431 124698.2934 237363.1486 nan nan
15 76537 4874 4874 0 201345.8614 2542.577334 198315.8589 206270.2092 7954.350249 195307.782 207227.4969 11919.71489 0.3361474305 6797.657264 7754.94503 nan nan
16 41854 8348 8348 0 229545.3447 5464.055132 220944.9831 237604.6034 16659.62038 217107.4155 241012.9308 23905.51536 -0.02389000252 11062.21963 14470.54701 nan nan
17 49752 4179 4179 0 203020.0392 1761.923419 200651.6476 206458.1746 5806.526949 195426.4351 207190.2944 11763.85931 0.2787920469 4440.595324 6601.368867 nan nan
18 125038 14730 14730 0 1238025.89 202587.8853 985765.4664 1586189.131 600423.6646 942278.9963 4536269.84 3593990.844 1.593641305 369401.233 3319481.942 nan nan
19 30062 560 560 0 244502.2806 3832.723225 235075.2737 247146.7009 12071.42714 228340.8814 247235.4223 18894.5409 -1.366680594 8977.809428 15712.20178 nan nan
20 34315 1949 1949 0 218333.329 9848.647905 204252.8796 234911.7254 30658.84579 195309.8806 241305.2645 45995.3839 0.1498550657 16512.3233 23143.23689 nan nan
21 31697 1389 1389 0 238164.3412 9506.986829 205096.1928 240582.8116 35486.61888 198957.5659 241565.8396 42608.27367 -2.136643979 33047.51026 39186.13707 nan nan
22 48939 7102 7102 0 229806.3254 5069.509136 221947.2311 238099.057 16151.82589 216093.775 242770.6784 26676.90336 0.02085404037 10872.94414 15542.89175 nan nan
23 151127 3687 3687 0 866632.7964 92015.08918 771672.7985 1050428.154 278755.3553 768762.4125 1135407.224 366644.8114 0.4557557256 208082.9874 293062.0575 nan nan
24 68381 1743 1743 0 206072.6529 1177.771435 204573.6714 207092.0154 2518.343969 195292.2075 207192.4814 11900.27395 -4.357183735 1427.539561 10709.00345 nan nan
25 117692 12103 12103 0 1143359.233 169243.1774 957036.5147 1431264.264 474227.7498 920641.476 3929633.812 3008992.336 2.00652555 316585.8379 2814955.386 nan nan
26 149482 7320 7320 0 1204801.782 326339.8763 951871.149 1792897.535 841026.3859 859168.0389 4550878.486 3691710.447 1.785140692 614190.6948 3372171.646 nan nan
27 167957 2 2 0 794337.6619 18603.38645 777594.6141 811080.7097 33486.0956 775734.2754 812941.0483 37206.77289 nan 35346.43425 37206.77289 nan nan
28 22050 1679 1679 0 241511.5083 3869.457807 232860.0896 245337.9025 12477.81298 195960.2887 246895.5719 50935.28318 -2.885338998 8998.959525 45898.7604 nan nan

K=29, phase=backward, parameter=e [-]
cluster representative_source n_cluster n_valid n_missing median std p05 p95 width90 minimum maximum range skewness error95 error_max angle_origin_deg angle_resultant
0 144351 45542 45542 0 0.7042067773 0.0915183213 0.5413877343 0.8291311254 0.2877433911 0.5074307805 0.8955575814 0.3881268009 -0.1976513646 0.1764856455 0.2104393542 nan nan
1 22427 4532 4532 0 0.4506008463 0.02490856875 0.4136444123 0.4895645684 0.07592015605 0.3910460557 0.5016345196 0.1105884639 0.05857134494 0.0427283683 0.05662085922 nan nan
2 33938 1408 1408 0 0.2252744202 0.04333318047 0.1732746487 0.3067400279 0.1334653792 0.1711268948 0.3635976751 0.1924707803 0.4043749263 0.08874171278 0.14559936 nan nan
3 221195 4355 4355 0 0.4789111746 0.09850467893 0.3670907325 0.6796979227 0.3126071902 0.3566637373 0.735157011 0.3784932737 0.5266219764 0.2059920875 0.2614511758 nan nan
4 50147 5997 5997 0 0.4493950062 0.02813659191 0.4031503022 0.486434691 0.08328438872 0.2696096098 0.4891161724 0.2195065626 -0.6294156542 0.04456172789 0.172906407 nan nan
5 127305 3336 3336 0 0.6900497605 0.130158815 0.4862423996 0.8885555414 0.4023131419 0.4627754376 0.8954556795 0.4326802418 0.04344971386 0.2274319079 0.234332046 nan nan
6 35771 667 667 0 0.2158750683 0.02957319027 0.171356184 0.2607065418 0.08935035785 0.168193931 0.344181999 0.1759880681 0.408567671 0.04833334685 0.1254284084 nan nan
7 8822 3015 3015 0 0.4226568475 0.04265816159 0.3497368562 0.4842387643 0.1345019081 0.2824158144 0.5004312289 0.2180154145 -0.1806542679 0.07787884434 0.1451998861 nan nan
8 80416 7394 7394 0 0.4387033628 0.02997996382 0.3923328321 0.4790069639 0.08667413181 0.2635350061 0.5728514127 0.3093164065 -0.659087103 0.05092540652 0.1656614289 nan nan
9 175498 2918 2918 0 0.3799139331 0.03259613652 0.3615437547 0.4434384158 0.08189466109 0.3526417655 0.597116756 0.2444749905 2.217563307 0.05126976907 0.2049481092 nan nan
10 14142 8907 8907 0 0.3470777325 0.03444911169 0.2926555104 0.4027846905 0.1101291801 0.209753035 0.4134082931 0.2036552581 -0.02047785729 0.05989407127 0.1426771516 nan nan
11 176287 17401 17401 0 0.4264755733 0.03599332122 0.3875746154 0.5043167499 0.1167421344 0.3557329462 0.535200477 0.1794675308 0.6095653653 0.08195831033 0.1128420374 nan nan
12 99245 2846 2846 0 0.4045543868 0.06325200952 0.287582776 0.4838323615 0.1962495856 0.24817224 0.5033271554 0.2551549155 -0.3213249147 0.1057685161 0.1445951362 nan nan
13 156237 2360 2360 0 0.5729728041 0.08282181428 0.5035394839 0.7426239378 0.2390844539 0.4246648142 0.7489920442 0.32432723 0.4738685295 0.1536316956 0.1645411633 nan nan
14 168732 13781 13781 0 0.4656873304 0.03058496051 0.4291139257 0.5306900373 0.1015761116 0.3764783542 0.5789293429 0.2024509887 0.7544225903 0.06996926986 0.1176218907 nan nan
15 76537 4874 4874 0 0.5302629903 0.01796899406 0.4954494917 0.551630967 0.05618147529 0.4882844047 0.5728758046 0.0845913999 -0.3382668945 0.04808233315 0.05524742021 nan nan
16 41854 8348 8348 0 0.3263487117 0.04229399435 0.2614358613 0.3904105762 0.1289747148 0.2288859488 0.4170346165 0.1881486677 -0.04192916277 0.08761245506 0.1201623676 nan nan
17 49752 4179 4179 0 0.5184413405 0.01248122837 0.4940953693 0.5351930545 0.0410976852 0.4886581369 0.5719985499 0.08334041304 -0.283462934 0.03139032574 0.04660540907 nan nan
18 125038 14730 14730 0 0.6129941335 0.06083105726 0.5093342799 0.6993221002 0.1899878203 0.485250866 0.8952915353 0.4100406693 -0.1115954074 0.1027399704 0.2892487196 nan nan
19 30062 560 560 0 0.1978768551 0.03570930788 0.1696308208 0.28137874 0.1117479192 0.168591401 0.3361355799 0.1675441788 1.114332615 0.07781409395 0.1325709338 nan nan
20 34315 1949 1949 0 0.4091416659 0.07239799042 0.2836119543 0.5097957709 0.2261838166 0.2262177443 0.5728380059 0.3466202616 -0.2064173123 0.1250061099 0.1821029117 nan nan
21 31697 1389 1389 0 0.2570465343 0.07201742707 0.2356346292 0.5038371896 0.2682025604 0.2268731598 0.5472175968 0.3203444371 2.063116266 0.2467558973 0.2901363045 nan nan
22 48939 7102 7102 0 0.3245042844 0.03948307129 0.2571038736 0.3833508835 0.1262470099 0.2160609311 0.4253899103 0.2093289791 -0.1002019473 0.08695311891 0.1279960613 nan nan
23 151127 3687 3687 0 0.4356162495 0.06178533417 0.3562838834 0.5406709117 0.1843870283 0.3533386986 0.5778355597 0.2244968611 0.180321695 0.1234711319 0.1606357799 nan nan
24 68381 1743 1743 0 0.4969137319 0.008313582004 0.4897047222 0.5075224587 0.01781773651 0.4888996391 0.5729713754 0.08407173634 4.346250659 0.01010658566 0.0755555024 nan nan
25 117692 12103 12103 0 0.5798170978 0.05607126588 0.4933473241 0.6662403266 0.1728930025 0.4714693659 0.879149594 0.4076802281 0.2943591347 0.09772787761 0.3106371451 nan nan
26 149482 7320 7320 0 0.6021044107 0.08754950977 0.4911866529 0.7343526165 0.2431659637 0.4299217109 0.8956261106 0.4657043998 0.1633718897 0.1416254447 0.3025345462 nan nan
27 167957 2 2 0 0.377018032 0.01641729503 0.3622424664 0.3917935975 0.02955113105 0.3606007369 0.393435327 0.03283459006 nan 0.03119286055 0.03283459006 nan nan
28 22050 1679 1679 0 0.2270382253 0.03337642348 0.1888692787 0.3010149333 0.1121456546 0.1728107296 0.5683087456 0.3954980161 2.300510042 0.0771165299 0.3444103422 nan nan

K=29, phase=backward, parameter=w [deg]
cluster representative_source n_cluster n_valid n_missing median std p05 p95 width90 minimum maximum range skewness error95 error_max angle_origin_deg angle_resultant
0 144351 45542 45542 0 -0.5301785308 4.24362736 -5.660456334 9.378698613 15.03915495 -9.700381879 15.00651468 24.70689655 1.068555326 11.18095482 16.80877089 20.43253908 0.9972625426
1 22427 4532 4532 0 -0.7859808413 5.096635424 -4.599790103 16.29462927 20.89441937 -14.32672067 26.52261534 40.84933601 2.799370606 18.33077632 28.55876239 188.5874111 0.996073677
2 33938 1408 1408 0 8.604384759 15.69678483 -31.47659133 12.87039428 44.3469856 -34.07797519 13.14370673 47.22168192 -0.9605368109 41.47665642 44.07804028 205.6930453 0.9630307139
3 221195 4355 4355 0 -1.609784565 8.340568179 -10.11708602 12.83922246 22.95630848 -11.00083656 13.49356149 24.49439805 0.3468016215 18.05539907 18.7097381 22.87884356 0.9894351958
4 50147 5997 5997 0 -0.9314833252 4.69279915 -5.195907342 10.95093892 16.14684626 -24.70327093 17.41372456 42.11699549 1.359309583 12.48032472 23.26135723 198.3388206 0.9966570695
5 127305 3336 3336 0 2.440833916 6.492994382 -10.09472538 7.838415798 17.93314117 -10.4252007 15.62852057 26.05372126 -0.4110432498 12.89077322 13.22124854 21.0403074 0.9935922932
6 35771 667 667 0 4.346647709 13.3303469 -30.37538523 12.83198376 43.20736899 -34.80307651 13.63699482 48.44007133 -1.246109298 40.84145401 45.26914528 206.3026379 0.9733493288
7 8822 3015 3015 0 -1.806333117 6.880525012 -3.808429253 20.80867819 24.61710744 -4.268052016 35.05889756 39.32694957 3.278299321 23.15088891 37.40110827 184.3935111 0.9929031273
8 80416 7394 7394 0 -0.2060761421 4.114567004 -4.941987364 6.320870777 11.26285814 -31.28594285 14.98801508 46.27395793 -0.8238353464 7.377168115 33.18561684 204.3596855 0.9974347168
9 175498 2918 2918 0 1.171084145 5.644271725 -10.35319195 6.672063082 17.02525503 -14.97825212 6.923965119 21.90221724 -0.6049749735 15.60177568 20.22683585 28.6702711 0.9951566961
10 14142 8907 8907 0 0.02023956083 3.848477953 -5.868941557 5.672195972 11.54113753 -19.48745314 28.49252827 47.97998141 0.7518090952 6.330311287 29.01651529 190.9842012 0.9977508664
11 176287 17401 17401 0 0.1385427293 5.342742802 -8.467831601 7.304814788 15.77264639 -10.69469093 10.86126615 21.55595709 -0.08983256097 13.82765605 16.05451538 26.19652324 0.9956579778
12 99245 2846 2846 0 2.07511011 9.882360311 -15.36902365 13.43950666 28.8085303 -34.67515997 13.87244425 48.54760422 -0.2620913205 24.77197779 44.07811411 206.1788496 0.9851906336
13 156237 2360 2360 0 -0.02585611453 2.699861421 -3.554209535 4.567402802 8.121612337 -6.289271843 12.87202076 19.1612926 1.798754952 5.976554484 12.23896718 23.59525563 0.9988916966
14 168732 13781 13781 0 0.6593278817 3.356158569 -6.421117601 3.711859927 10.13297753 -13.78834192 9.090325442 22.87866736 -0.6951844049 8.687104285 16.0543286 27.97281053 0.9982862484
15 76537 4874 4874 0 -0.5489852883 6.730090198 -9.287189516 11.73142065 21.01861017 -10.88279621 14.29081173 25.17360794 0.2883784389 11.19146984 13.40322705 191.6022387 0.9931167562
16 41854 8348 8348 0 -1.886745843 5.99174598 -6.62577911 11.55250899 18.1782881 -33.52765976 15.312501 48.84016076 0.1733844609 13.39749781 31.86477224 205.0421409 0.9945578216
17 49752 4179 4179 0 -0.984323364 4.910123931 -6.499137977 9.75125252 16.2503905 -15.68429696 13.40136264 29.0856596 0.647467362 12.68906611 16.32786681 191.7582705 0.9963340082
18 125038 14730 14730 0 0.1319206613 1.898511438 -2.891894353 2.501773762 5.393668115 -16.60243575 8.250837825 24.85327358 -1.019971717 3.319607561 16.81866491 27.22065969 0.9994516412
19 30062 560 560 0 4.01772958 13.86524338 -26.8991889 14.9277675 41.8269564 -32.60226905 15.37140307 47.97367211 -0.7095300107 37.48494312 43.18802327 204.5783344 0.9710455218
20 34315 1949 1949 0 -1.269256586 7.811817143 -6.07955615 19.21625931 25.29581546 -25.93642323 22.83978945 48.77621268 0.9414951748 22.79221386 25.96080481 197.3888289 0.9907898578
21 31697 1389 1389 0 2.532755207 6.850983671 -13.90108603 9.12560192 23.02668795 -16.64261402 11.03249348 27.6751075 -0.9045257068 14.32457805 17.06610605 208.6645819 0.9928749689
22 48939 7102 7102 0 0.4865557215 5.080893347 -6.303498892 4.731172382 11.03467127 -35.5371321 13.16413478 48.70126688 -4.133045898 6.917185845 35.65099833 207.0829337 0.9961426011
23 151127 3687 3687 0 2.612817392 5.473189138 -12.51416284 3.984330006 16.49849285 -18.83265508 4.192650542 23.02530562 -1.614863693 16.21944174 22.53793398 32.76352207 0.9954532324
24 68381 1743 1743 0 0.01133453487 3.129744862 -4.121620733 4.554050101 8.675670834 -21.85204712 6.646479679 28.4985268 -1.539403224 5.939128684 20.70721063 197.1347245 0.9985124091
25 117692 12103 12103 0 1.338860483 4.735479908 -13.00457691 4.58504279 17.5896197 -18.44215496 7.595300159 26.03745512 -1.759661975 14.75641002 20.19398807 29.09225109 0.9965956866
26 149482 7320 7320 0 -0.02701022609 3.560964607 -4.920042354 7.037130663 11.95717302 -13.75392202 12.09440973 25.84833175 0.15208859 9.06923882 14.35389376 24.34159384 0.9980732011
27 167957 2 2 0 0 4.390065345 -3.951058811 3.951058811 7.902117622 -4.390065345 4.390065345 8.780130691 nan 8.341124156 8.780130691 30.89398473 0.9970660397
28 22050 1679 1679 0 1.058894635 6.771508886 -12.43109119 11.74227733 24.17336853 -33.19545953 14.60731207 47.8027716 -1.301489081 14.67122151 35.43558984 204.9348476 0.9930761255

K=29, phase=forward, parameter=a [km]
cluster representative_source n_cluster n_valid n_missing median std p05 p95 width90 minimum maximum range skewness error95 error_max angle_origin_deg angle_resultant
0 144351 45542 45536 6 1583442.537 548739.3669 1028025.848 2764085.746 1736059.898 241974.2817 3387391.995 3145417.714 0.7324133018 983217.2053 1605730.924 nan nan
1 22427 4532 4532 0 207634.1595 7850.570771 200893.0122 222447.9869 21554.97464 200131.8806 246481.2391 46349.35859 0.9473916915 11672.85643 35706.10869 nan nan
2 33938 1408 1408 0 807815.2024 50726.7454 777131.4024 909387.5259 132256.1235 769187.3523 1093480.187 324292.8348 2.118165209 94446.35744 278539.0187 nan nan
3 221195 4355 4353 2 236803.8472 15663.14252 209290.3106 245365.9769 36075.66635 195800.4036 1081874.302 886073.8985 35.99612979 27430.39608 845246.5067 nan nan
4 50147 5997 5997 0 1213368.833 204386.0871 997769.1892 1556703.763 558934.5737 238082.6323 3317914.974 3079832.342 -0.3061675275 334731.269 2084163.054 nan nan
5 127305 3336 3326 10 230339.3225 32609.18078 205358.0628 244073.7429 38715.68015 195340.6591 1872552.332 1677211.672 39.90433205 24696.53967 1653175.128 nan nan
6 35771 667 662 5 1278807.154 959025.1451 893258.1359 4004306.023 3111047.887 207513.6075 4542129.342 4334615.735 1.461416492 2725481.642 3263304.962 nan nan
7 8822 3015 3015 0 226530.2874 6172.523769 212013.0584 231988.9439 19975.88547 203015.7444 245231.8241 42216.07978 -1.649798962 16212.77924 24508.81416 nan nan
8 80416 7394 7393 1 914251.9671 49113.61251 856066.1703 1004239.296 148173.126 229891.7885 1160807.177 930915.3885 0.08970522317 104413.9158 676882.6977 nan nan
9 175498 2918 2916 2 241574.5602 13221.06449 231616.8909 246827.7811 15210.89015 195568.183 849927.9025 654359.7195 33.19994002 14681.99227 603637.9498 nan nan
10 14142 8907 8905 2 206747.247 7960.147594 198681.9363 221483.1169 22801.18065 195549.0618 246639.0149 51089.95312 0.7730626893 12714.01344 37862.20679 nan nan
11 176287 17401 17398 3 228869.8992 11465.5821 217599.5858 237141.502 19541.91627 196044.9722 1509414.046 1313369.074 80.06564979 11009.93793 1281028.814 nan nan
12 99245 2846 2846 0 219459.3113 9924.686836 204074.4177 235703.8916 31629.47394 203121.884 246566.8939 43445.00998 0.13323149 16352.3757 26994.88229 nan nan
13 156237 2360 2360 0 842808.8758 105867.0974 771449.3603 1095544.984 324095.6235 768841.3999 1204904.305 436062.9053 1.051560287 246611.4669 355970.7884 nan nan
14 168732 13781 13781 0 215948.4668 5552.842638 209495.1891 223760.9794 14265.79026 195295.2842 246465.7823 51170.49811 1.023853917 8804.671862 28851.22658 nan nan
15 76537 4874 4871 3 227006.5501 6744.672622 213513.7419 234529.9352 21016.19326 195418.9692 245898.3453 50479.37611 -0.749417844 12609.42211 29493.32007 nan nan
16 41854 8348 8342 6 1090240.409 283089.6646 930821.9009 1416993.795 486171.8942 204424.929 4532888.748 4328463.819 4.748569777 418395.3808 3452098.687 nan nan
17 49752 4179 4179 0 209590.1023 7777.635824 202387.8983 222795.2499 20407.35161 195882.2113 247163.5305 51281.31914 1.351307624 11363.02212 35723.24507 nan nan
18 125038 14730 14729 1 210714.0804 5624.271893 205548.4452 220786.592 15238.14682 204045.2464 247089.4239 43044.17754 1.834276162 8166.067342 34239.24265 nan nan
19 30062 560 559 1 218808.9053 11618.77472 203583.6871 239644.4674 36060.78026 203269.8874 245933.1365 42663.24907 0.2420853966 18772.22453 25060.89362 nan nan
20 34315 1949 1947 2 219642.1247 19845.55935 205671.8764 242534.4212 36862.54483 195326.6174 951117.7636 755791.1462 25.64504454 24023.88028 732607.2227 nan nan
21 31697 1389 1389 0 1719407.433 1055310.201 1012518.504 4278789.8 3266271.296 214619.024 4476312.438 4261693.414 0.7186167757 1939563.415 2737462.895 nan nan
22 48939 7102 7102 0 845334.2247 36725.17372 802528.4201 914216.2854 111687.8653 768506.2556 1109270.055 340763.7998 0.8919197986 69817.1659 263401.7455 nan nan
23 151127 3687 3679 8 1194188.59 322912.3797 968092.8866 1865469.804 897376.9177 773863.6857 4267165.471 3493301.785 0.869292534 579360.5233 2981056.19 nan nan
24 68381 1743 1742 1 1354108.455 259784.6004 934003.2561 1635247.43 701244.1739 225839.6389 3867846.723 3642007.084 -0.5200036611 479127.7038 2456682.048 nan nan
25 117692 12103 12098 5 227868.3327 7028.307318 213869.3587 236938.152 23068.79329 195539.2265 247072.7297 51533.5032 -0.4796136777 15210.68743 33425.03682 nan nan
26 149482 7320 7315 5 1186206.011 357519.3018 945930.826 1781896.808 835965.9823 230086.8322 4551570.686 4321483.854 1.801484772 561721.7841 3318634.158 nan nan
27 167957 2 2 0 222189.8777 16910.39978 206970.5179 237409.2375 30438.7196 205279.4779 239100.2775 33820.79955 nan 32129.75958 33820.79955 nan nan
28 22050 1679 1676 3 241608.6901 98219.32391 226140.5561 245390.5126 19249.95643 196406.2895 3975068.281 3778661.992 34.74218498 16499.64156 3732434.965 nan nan

K=29, phase=forward, parameter=e [-]
cluster representative_source n_cluster n_valid n_missing median std p05 p95 width90 minimum maximum range skewness error95 error_max angle_origin_deg angle_resultant
0 144351 45542 45536 6 0.698989707 0.09502080834 0.5311810503 0.8280545361 0.2968734857 0.1946760287 0.8597500074 0.6650739788 -0.2202075856 0.2016397697 0.5381447913 nan nan
1 22427 4532 4532 0 0.4856801467 0.05694486004 0.3788480771 0.5334798582 0.1546317811 0.1760689075 0.5388564165 0.362787509 -1.0629186 0.08434602305 0.2871251926 nan nan
2 33938 1408 1408 0 0.3897840093 0.03707239768 0.3616894637 0.4662046408 0.1045151771 0.3535949382 0.5610085586 0.2074136204 1.475156667 0.07097980727 0.1657837251 nan nan
3 221195 4355 4353 2 0.2683153554 0.07002611951 0.187885977 0.474632981 0.2867470041 0.170324271 0.5693291022 0.3990048312 1.615919731 0.2047935189 0.2994896401 nan nan
4 50147 5997 5997 0 0.6048881125 0.06770783177 0.5155678532 0.6935311587 0.1779633055 0.1701598274 0.8568787149 0.6867188875 -1.35030733 0.1010663681 0.4414469127 nan nan
5 127305 3336 3326 10 0.3210470464 0.09784339735 0.2025271134 0.502007625 0.2994805116 0.1698141831 0.7457509923 0.5759368092 0.3303258686 0.19977636 0.3440888532 nan nan
6 35771 667 662 5 0.6256492127 0.1420045313 0.4705878115 0.8813926729 0.4108048614 0.2444057445 0.8954250633 0.6510193188 0.1728965988 0.2620397542 0.3813468081 nan nan
7 8822 3015 3015 0 0.3482768324 0.04595084227 0.3062506349 0.4550331208 0.1487824859 0.1914905578 0.5185090086 0.3270184508 1.432595663 0.126926471 0.1777287231 nan nan
8 80416 7394 7393 1 0.4684472501 0.02985628383 0.428647963 0.5195422219 0.09089425892 0.3242626434 0.5865382837 0.2622756403 -0.03353032051 0.06001407209 0.1398480353 nan nan
9 175498 2918 2916 2 0.2272597785 0.05754787926 0.173198562 0.3109023012 0.1377037391 0.1711702751 0.5709867871 0.399816512 2.098942832 0.1311620109 0.3912464968 nan nan
10 14142 8907 8905 2 0.4918688321 0.05746048428 0.3856962402 0.5490430917 0.1633468515 0.1744012197 0.5711935452 0.3967923254 -0.8688150495 0.0916630775 0.3029278332 nan nan
11 176287 17401 17398 3 0.3316787436 0.0465061408 0.26523936 0.4148947889 0.1496554288 0.1700666531 0.6839207812 0.5138541281 0.4924424021 0.08380047519 0.348658394 nan nan
12 99245 2846 2846 0 0.401190005 0.07338600809 0.2776150162 0.5110140498 0.2333990335 0.1768984382 0.5177719142 0.3408734759 -0.2281289446 0.1225384534 0.2232550314 nan nan
13 156237 2360 2360 0 0.4178108295 0.06728924748 0.3560439096 0.5604567811 0.2044128715 0.3534727016 0.6017595388 0.2482868372 0.6495014203 0.138215781 0.1795185387 nan nan
14 168732 13781 13781 0 0.426746947 0.04092173237 0.3698625209 0.4727956759 0.102933155 0.176276511 0.5729557573 0.3966792463 -1.275096868 0.0629050332 0.238449594 nan nan
15 76537 4874 4871 3 0.3451919735 0.05062057712 0.2863554919 0.4440430713 0.1576875794 0.1843337776 0.5721043294 0.3877705518 0.622763245 0.09242341165 0.2112688966 nan nan
16 41854 8348 8342 6 0.5587952379 0.07414807818 0.4786739229 0.66281105 0.184137127 0.1771737652 0.8952125964 0.7180388312 -0.2115041481 0.1275874937 0.3772454137 nan nan
17 49752 4179 4179 0 0.4718224988 0.05720034181 0.3763459958 0.5229299736 0.1465839779 0.169493203 0.5688579778 0.3993647748 -1.550227261 0.08223101945 0.2890398827 nan nan
18 125038 14730 14729 1 0.4639854924 0.04131375501 0.3915774119 0.5006581708 0.1090807588 0.1704928964 0.5112590529 0.3407661565 -2.106072383 0.05839404882 0.2782388696 nan nan
19 30062 560 559 1 0.4057066501 0.08638186022 0.244122344 0.5145138455 0.2703915015 0.1816681563 0.5167290047 0.3350608483 -0.3217144614 0.1465822054 0.2090363931 nan nan
20 34315 1949 1947 2 0.3999614173 0.08375441308 0.2206093558 0.4998491197 0.2792397639 0.1685723685 0.5727162374 0.4041438689 -0.6898957726 0.1872958288 0.2393328161 nan nan
21 31697 1389 1389 0 0.7231217184 0.1274523822 0.5233500434 0.8889954405 0.3656453971 0.1705568463 0.8938855077 0.7233286614 -1.343135672 0.3157846732 0.6685778703 nan nan
22 48939 7102 7102 0 0.4205251799 0.0268689293 0.385338478 0.4685276908 0.08318921284 0.3532132518 0.5675076137 0.2142943619 0.4693772286 0.04975198523 0.1470034797 nan nan
23 151127 3687 3679 8 0.5984387582 0.09169960935 0.5002921177 0.7447651413 0.2444730236 0.358302313 0.8887012719 0.5303989589 0.002846344324 0.1279671063 0.2697122055 nan nan
24 68381 1743 1742 1 0.6468094972 0.08371530605 0.4807174513 0.7084603598 0.2277429085 0.1699024182 0.8772211912 0.707318773 -1.990153813 0.1808209244 0.4916066962 nan nan
25 117692 12103 12098 5 0.3390210928 0.05333080438 0.2667026476 0.4416409591 0.1749383115 0.1707323136 0.5711940404 0.4004617267 0.347480542 0.1140481174 0.2405463734 nan nan
26 149482 7320 7315 5 0.5957210103 0.09683550292 0.4877508701 0.7326956305 0.2449447603 0.2485964883 0.8956399398 0.6470434515 -0.3235519981 0.1269073034 0.3629138699 nan nan
27 167957 2 2 0 0.3759789031 0.1265000224 0.2621288829 0.4898289233 0.2277000404 0.2494788806 0.5024789255 0.2530000449 nan 0.2403500426 0.2530000449 nan nan
28 22050 1679 1676 3 0.2263699559 0.05780450064 0.1883422252 0.3526702671 0.1643280419 0.1697123633 0.8805307354 0.7108183721 3.171426029 0.1360505291 0.6639109974 nan nan

K=29, phase=forward, parameter=w [deg]
cluster representative_source n_cluster n_valid n_missing median std p05 p95 width90 minimum maximum range skewness error95 error_max angle_origin_deg angle_resultant
0 144351 45542 45536 6 -3.286434399 20.42931477 -21.43437159 34.67237454 56.10674613 -177.669647 176.9592098 354.6288567 -0.05715525234 55.97895534 179.2103103 173.8555538 0.9439808045
1 22427 4532 4532 0 -2.473144279 24.24137768 -13.74001233 37.93084996 51.67086229 -178.4391834 176.660112 355.0992954 3.393192331 45.58423262 178.3079954 304.2893016 0.9375489574
2 33938 1408 1408 0 -3.916209601 22.17269034 -25.22362586 44.15992051 69.38354637 -26.91865129 167.6573724 194.5760237 1.468722624 68.63773446 176.4163204 207.8332023 0.9312006516
3 221195 4355 4353 2 -9.056634808 33.18799013 -27.40584404 80.46698946 107.8728335 -177.1782941 171.2648798 348.443174 1.426449117 105.7879304 178.6707138 62.81985054 0.8581141538
4 50147 5997 5997 0 -7.42889579 38.97290171 -21.22657908 108.7210753 129.9476543 -179.780709 179.6597583 359.4404673 1.700130002 127.281141 179.9755005 184.0510575 0.841160576
5 127305 3336 3326 10 5.350858617 37.1191271 -54.6467477 57.94926708 112.5960148 -168.2635182 179.1915953 347.4551134 0.06654461335 65.84552954 173.8179845 114.7564496 0.8175955963
6 35771 667 662 5 -4.399936781 50.84520886 -33.62899935 131.933496 165.5624953 -179.5219792 175.5134841 355.0354633 0.7727552052 157.8729137 179.5705049 278.9202804 0.7431051188
7 8822 3015 3015 0 -3.765108919 23.58898405 -6.626830869 46.64525455 53.27208541 -174.0644585 174.5761876 348.6406462 0.3669166734 58.40052875 179.3889875 296.1526306 0.9412989285
8 80416 7394 7393 1 -2.556266758 23.7362054 -29.56024073 41.05772478 70.61796551 -173.6804734 166.8916721 340.5721454 0.8087953939 42.99671271 176.6962054 195.3588318 0.9209333932
9 175498 2918 2916 2 -4.221881045 25.84221298 -18.77002519 36.83814935 55.60817454 -178.6979013 177.1217239 355.8196253 -0.1502042543 43.95114183 179.4809406 18.31361989 0.9260968963
10 14142 8907 8905 2 -0.9734139003 17.83421266 -10.23073364 12.39259729 22.62333093 -171.2798066 171.1915522 342.4713588 2.774021807 17.53507955 175.9004141 302.2276543 0.9672860091
11 176287 17401 17398 3 -2.317884108 20.98394224 -19.23520359 35.60391491 54.8391185 -179.4079696 177.1367847 356.5447543 1.587311387 54.2655098 179.9422297 14.91988375 0.9446993238
12 99245 2846 2846 0 -6.777116718 44.08474331 -24.32433007 80.05830476 104.3826348 -179.2078101 179.6041345 358.8119446 1.807591003 88.51833494 179.936209 342.1751659 0.8141290117
13 156237 2360 2360 0 -6.725214653 39.00274641 -36.52405311 81.02797222 117.5520253 -40.89407251 165.281767 206.1758395 1.488959936 103.6526285 179.4753023 237.7519243 0.8113825101
14 168732 13781 13781 0 -5.086352034 26.38128089 -17.83047053 32.3481581 50.17862863 -179.7466608 179.4951185 359.2417793 2.170783122 46.16380586 179.9921949 8.680602108 0.920381994
15 76537 4874 4871 3 -3.508451017 22.83885243 -16.77234531 34.76045762 51.53280293 -178.596713 178.6866635 357.2833764 1.684706227 40.93943411 177.2581899 308.5978906 0.9393948494
16 41854 8348 8342 6 -13.6772993 42.74119535 -35.67634664 91.03006642 126.7064131 -174.4679656 178.2558354 352.723801 0.9597886588 124.8031933 179.9844928 198.5640438 0.7747876872
17 49752 4179 4179 0 -1.985516627 28.38737646 -20.92974911 27.75260627 48.68235538 -178.9197103 157.0813113 336.0010216 2.519204141 83.84830974 169.56739 315.8231127 0.9080642278
18 125038 14730 14729 1 -2.901348874 21.69278371 -18.61836888 33.50506539 52.12343426 -174.2958695 176.7205102 351.0163797 2.407057989 46.93902513 179.4515409 11.41582624 0.9434725976
19 30062 560 559 1 -5.407414325 43.90816469 -30.43007739 125.6211617 156.051239 -55.5904649 178.4380151 234.02848 1.953492542 147.90085 174.4098973 29.72022663 0.7894277638
20 34315 1949 1947 2 -2.774085664 34.63073501 -54.73925966 46.40615256 101.1454122 -178.7759754 179.671276 358.4472513 -0.9901386586 63.93711751 171.6529898 46.69217804 0.8656819496
21 31697 1389 1389 0 -4.617612037 44.84272321 -33.74298559 66.70969639 100.452682 -176.7865087 175.5382111 352.3247198 -0.1860967828 129.2495117 178.2033335 276.5934097 0.7910195578
22 48939 7102 7102 0 -2.788471187 21.58868052 -25.56096639 35.66065723 61.22162362 -179.406993 176.1419242 355.5489172 0.7585801279 55.8559829 171.1463614 193.7318583 0.9361351533
23 151127 3687 3679 8 -4.569395911 52.76701812 -37.62064247 137.2106491 174.8312915 -179.7065554 179.3409759 359.0475313 0.9501117747 157.8220078 179.9202144 247.2116186 0.7220597268
24 68381 1743 1742 1 -7.134801105 45.11350985 -22.93792462 121.4028377 144.3407623 -177.767702 179.536992 357.3046941 1.275800034 139.902932 179.5065889 205.1252505 0.7906884562
25 117692 12103 12098 5 -4.841732091 29.30384947 -24.2881654 38.19875861 62.48692401 -177.4057787 179.4692658 356.8750445 -1.674665074 64.19565213 179.825211 16.29594899 0.9011895736
26 149482 7320 7315 5 -5.223873112 36.2813194 -28.0911676 90.01839945 118.109567 -178.1348876 177.9364538 356.0713414 1.483400128 120.0078396 178.8363144 294.4708808 0.8470981248
27 167957 2 2 0 1.421085472e-14 32.6535022 -29.38815198 29.38815198 58.77630396 -32.6535022 32.6535022 65.3070044 nan 62.04165418 65.3070044 133.3077657 0.8419489313
28 22050 1679 1676 3 -3.347565096 24.06303093 -25.39366786 52.0127736 77.40644146 -157.0490642 176.8637035 333.9127676 1.852743642 65.16870069 172.7389938 161.8121458 0.9261682373

K=33, STD=0.01177215899
n = trajectories per cluster; conditions overlap.
n = 1: clusters=0/33 (0.00%); trajectories=0/194124 (0.00%)
n < 10: clusters=1/33 (3.03%); trajectories=2/194124 (0.00%)
n < 100: clusters=1/33 (3.03%); trajectories=2/194124 (0.00%)

K=33, phase=backward, parameter=a [km]
cluster representative_source n_cluster n_valid n_missing median std p05 p95 width90 minimum maximum range skewness error95 error_max angle_origin_deg angle_resultant
0 144351 45533 45533 0 1611164.786 546307.5732 1049884.321 2781615.35 1731731.029 981110.4068 4548015.641 3566905.235 0.7352429835 1093577.921 2859978.212 nan nan
1 23915 4584 4584 0 226528.7051 5865.603326 215664.2316 234189.5488 18525.31722 213224.0222 235726.2035 22502.18126 -0.2891205284 9942.560792 12225.76499 nan nan
2 19832 1037 1037 0 245214.5288 1963.274078 240983.3983 246943.2721 5959.87376 237915.7741 247275.166 9359.391923 -0.837385249 4202.589435 7270.213664 nan nan
3 167952 2153 2153 0 824425.8271 48070.33425 775361.8918 934708.3814 159346.4896 771582.7651 1047698.978 276116.2126 0.9519365028 117131.1952 230121.7915 nan nan
4 57501 12952 12952 0 213626.3654 4008.907782 207923.7942 220015.5672 12091.77299 195310.7333 237367.6443 42056.911 0.4191568571 6551.573712 23111.02474 nan nan
5 127015 2849 2849 0 1469856.863 1114133.177 937944.7794 4298597.545 3360652.766 887177.8821 4543425.988 3656248.106 1.104441906 2891501.686 3136330.129 nan nan
6 30062 489 489 0 244677.2895 3151.78486 238478.9732 247155.9395 8676.966307 228454.8495 247235.4223 18780.57281 -1.266049931 5574.109939 15598.23369 nan nan
7 8552 2732 2732 0 216660.194 5656.782199 208007.3679 226091.042 18083.67416 205532.5941 231312.0906 25779.49648 0.08047162267 10090.54034 15228.36797 nan nan
8 36833 1166 1166 0 219996.343 10356.26566 204484.1388 236330.6177 31846.4789 204117.5554 240766.2721 36648.71672 0.1065422874 17817.59793 22253.25232 nan nan
9 175498 2786 2786 0 796892.8658 45058.97159 777172.7951 873652.3972 96479.60206 768052.7014 1188019.989 419967.2881 3.293256099 62382.32324 376749.9155 nan nan
10 9615 5112 5112 0 225764.0145 4400.158954 218451.9262 232287.3446 13835.41838 216658.5192 243078.478 26419.95886 -0.02060824673 8430.100283 16340.12233 nan nan
11 210981 3127 3127 0 1188974.902 422235.2642 921216.4613 2168303.785 1247087.324 863691.9682 4531083.484 3667391.516 2.185785989 934813.5371 3297593.236 nan nan
12 31323 1001 1001 0 226960.8579 5672.546526 218469.7667 235817.166 17347.39926 217067.2429 242353.7122 25286.4693 0.12200472 10717.27951 17253.82573 nan nan
13 156237 2360 2360 0 1124613.706 290326.5589 973975.4315 1849822.042 875846.6103 852104.7857 1896509.705 1044404.919 0.8959612266 682056.6576 728744.3206 nan nan
14 168732 13743 13743 0 909963.5466 52375.44735 856783.9241 1028435.823 171651.899 793484.8972 1141104.812 347619.9152 1.137192032 124694.1593 237363.1486 nan nan
15 71849 4669 4669 0 201142.6099 2436.424058 198301.4354 205996.7174 7695.281997 195307.782 207189.3502 11881.5682 0.3938394764 6702.098291 7894.731151 nan nan
16 35338 1353 1353 0 238705.1293 2134.918249 236418.8416 241894.5213 5475.67968 204469.7379 247089.2587 42619.52076 -5.874889956 3368.35762 34664.07009 nan nan
17 49752 4091 4091 0 202968.2969 1747.512522 200649.0854 206427.2947 5778.209241 195426.4351 207190.2944 11763.85931 0.3003745162 4407.252058 6601.368867 nan nan
18 125038 14617 14617 0 1237147.808 192345.8705 985437.1156 1582702.395 597265.2796 942278.9963 3581082.76 2638803.763 0.4097372122 365914.4972 2364294.862 nan nan
19 28151 1511 1511 0 227140.2178 5332.131667 217602.7905 235005.559 17402.76851 214926.5876 241321.6293 26395.04169 -0.1712023157 9799.965467 15819.53479 nan nan
20 110896 1936 1936 0 211720.2325 6429.732812 206087.8524 222927.2924 16839.43999 205104.1873 238235.6048 33131.41747 1.769327722 11063.97516 26372.28753 nan nan
21 22279 837 837 0 240619.7178 4918.881084 230088.2803 241671.9061 11583.6258 195960.2887 242308.6865 46348.39778 -5.170865567 10530.58723 44658.57883 nan nan
22 66366 884 884 0 236109.8368 4689.020574 227786.3453 241500.1332 13713.78787 213019.8508 243121.9494 30102.09867 -1.024864773 10549.2558 18193.91734 nan nan
23 151127 3686 3686 0 866581.0534 91990.72175 771672.1805 1050444.017 278771.8367 768762.4125 1135407.224 366644.8114 0.4562638238 208098.8508 293062.0575 nan nan
24 68757 1657 1657 0 206095.0115 1233.090896 204654.3361 207103.3901 2449.053996 195292.2075 207965.1538 12672.9463 -4.419500593 1449.196675 10798.84078 nan nan
25 117692 12037 12037 0 1143140.115 171125.2629 956934.7674 1429502.297 472567.5292 920641.476 4269513.168 3348871.692 2.43154265 314823.87 3154834.742 nan nan
26 149482 7211 7211 0 1197634.773 320908.3695 951828.2592 1783848.242 832019.983 859168.0389 4550878.486 3691710.447 1.874848502 605141.4022 3372171.646 nan nan
27 167957 2 2 0 794337.6619 18603.38645 777594.6141 811080.7097 33486.0956 775734.2754 812941.0483 37206.77289 nan 35346.43425 37206.77289 nan nan
28 14797 923 923 0 244051.4834 1458.814799 241628.6968 245738.1196 4109.422745 235761.3829 247282.6172 11521.23429 -0.6583392666 2669.12454 8170.764328 nan nan
29 24197 3808 3808 0 211484.6898 3247.483661 206661.42 216934.2789 10272.85894 205382.7262 219337.0899 13954.3637 0.1304782803 5712.363222 7467.272246 nan nan
30 45752 14799 14799 0 229653.4273 5274.3285 221449.3219 237831.708 16382.3861 216484.7385 241503.765 25019.0265 0.01358976623 11048.43155 14720.4885 nan nan
31 45851 1048 1048 0 208847.4144 4447.556443 203848.5113 216894.3419 13045.83057 195309.8806 220131.29 24821.40936 0.2908923377 9112.660332 12542.92782 nan nan
32 176287 17431 17431 0 853553.8615 52400.2908 805399.9372 974574.2322 169174.295 770862.1456 1035632.271 264770.1254 0.8821079981 126209.3526 187267.3914 nan nan

K=33, phase=backward, parameter=e [-]
cluster representative_source n_cluster n_valid n_missing median std p05 p95 width90 minimum maximum range skewness error95 error_max angle_origin_deg angle_resultant
0 144351 45533 45533 0 0.7042137919 0.09152606658 0.541386897 0.8291381158 0.2877512187 0.5074307805 0.8955575814 0.3881268009 -0.1975976132 0.1764858047 0.2104393542 nan nan
1 23915 4584 4584 0 0.3487248843 0.04408480192 0.2889789323 0.4283036863 0.139324754 0.276432379 0.4457902298 0.1693578508 0.2382625443 0.07493887915 0.08897172665 nan nan
2 19832 1037 1037 0 0.1903523656 0.01980545569 0.1717943714 0.2315577293 0.0597633579 0.1683444931 0.2596445073 0.0913000142 0.7268896192 0.03985127608 0.06793805408 nan nan
3 167952 2153 2153 0 0.4038584361 0.03649564737 0.3599233249 0.481194181 0.1212708561 0.3561485094 0.540961113 0.1848126037 0.6045223281 0.08380012989 0.1435670619 nan nan
4 57501 12952 12952 0 0.4432742485 0.02876419844 0.3973176555 0.4838011539 0.08648349843 0.2643154621 0.5728514127 0.3085359506 -0.4823570157 0.04668316552 0.1744456632 nan nan
5 127015 2849 2849 0 0.6751019299 0.1379113146 0.4829478341 0.8895044697 0.4065566356 0.4497215189 0.8954556795 0.4457341605 0.1600952048 0.2289485571 0.2348997669 nan nan
6 30062 489 489 0 0.1966425552 0.03037134435 0.1695032074 0.2548906684 0.08538746104 0.168591401 0.3352694822 0.1666780811 0.9656530144 0.05132602231 0.1317048361 nan nan
7 8552 2732 2732 0 0.4208147621 0.04106439541 0.3513529257 0.4828193124 0.1314663867 0.3132744137 0.5004312289 0.1871568152 -0.1069937412 0.07389936514 0.1116614261 nan nan
8 36833 1166 1166 0 0.3969747229 0.07676993435 0.271320644 0.5081251188 0.2368044748 0.2334201831 0.5107605156 0.2773403325 -0.1798090904 0.1366063911 0.1745068519 nan nan
9 175498 2786 2786 0 0.3799920117 0.03260242777 0.3617040137 0.4422163137 0.0805123 0.3526417655 0.597116756 0.2444749905 2.268899244 0.05004766696 0.2049481092 nan nan
10 9615 5112 5112 0 0.354145986 0.03309245331 0.3040459902 0.4079653702 0.10391938 0.209753035 0.4208645247 0.2111114897 -0.03078184872 0.06262546554 0.1369933749 nan nan
11 210981 3127 3127 0 0.5974010868 0.09707686159 0.4728746844 0.7808684093 0.3079937249 0.4332311191 0.895168798 0.4619376789 0.4060436958 0.1705667569 0.2828232601 nan nan
12 31323 1001 1001 0 0.3456235345 0.04340167719 0.2758219191 0.4082574106 0.1324354915 0.2165533359 0.4183128346 0.2017594987 -0.2087495346 0.0837685805 0.1430371637 nan nan
13 156237 2360 2360 0 0.5729728041 0.08282181428 0.5035394839 0.7426239378 0.2390844539 0.4246648142 0.7489920442 0.32432723 0.4738685295 0.1536316956 0.1645411633 nan nan
14 168732 13743 13743 0 0.4656305558 0.03058862543 0.4290803133 0.5306897255 0.1016094122 0.3764783542 0.5789293429 0.2024509887 0.7594047379 0.06996111253 0.1176218907 nan nan
15 71849 4669 4669 0 0.5316352111 0.0172356846 0.4973501853 0.5517673279 0.05441714259 0.4885901842 0.5728758046 0.08428562036 -0.3990255996 0.04742530148 0.05618530253 nan nan
16 35338 1353 1353 0 0.2523440919 0.01783768128 0.2238039809 0.2721083901 0.04830440923 0.170063584 0.5082403438 0.3381767597 4.018673684 0.0295652193 0.2594981686 nan nan
17 49752 4091 4091 0 0.5188111829 0.01237860578 0.4942787871 0.5352243278 0.04094554072 0.4886581369 0.5719985499 0.08334041304 -0.3048132265 0.03118972018 0.04660540907 nan nan
18 125038 14617 14617 0 0.6127209161 0.06037267733 0.5091439918 0.6986873188 0.1895433269 0.485250866 0.8673150729 0.3820642068 -0.1539493228 0.1023274728 0.2612722571 nan nan
19 28151 1511 1511 0 0.3446960133 0.04034075656 0.2823012376 0.4144424045 0.1321411669 0.226081005 0.4336788884 0.2075978834 0.08105149049 0.07495613312 0.1304441722 nan nan
20 110896 1936 1936 0 0.4569446811 0.04698839116 0.3764829036 0.4969600418 0.1204771382 0.2569725307 0.5039025528 0.2469300221 -1.888616642 0.07961921062 0.1991295835 nan nan
21 22279 837 837 0 0.2350811286 0.03847746661 0.2256299774 0.3226633869 0.09703340952 0.2197531228 0.5683087456 0.3485556228 4.760579561 0.08752079559 0.3331661543 nan nan
22 66366 884 884 0 0.2740277138 0.03788123741 0.2271006645 0.3383980331 0.1112973686 0.2094078419 0.446593148 0.237185306 0.8035592297 0.088390605 0.1326118302 nan nan
23 151127 3686 3686 0 0.4355394562 0.06177255374 0.3562838548 0.5406770866 0.1843932319 0.3533386986 0.5778355597 0.2244968611 0.1806874214 0.1234773068 0.1606357799 nan nan
24 68757 1657 1657 0 0.4967825051 0.008700667684 0.48965221 0.5069653047 0.01731309471 0.4836628352 0.5729713754 0.08930854022 4.411092741 0.01026955351 0.07618887028 nan nan
25 117692 12037 12037 0 0.5796890429 0.05604392712 0.4932493318 0.6658127431 0.1725634112 0.4714693659 0.8887315673 0.4172622014 0.3040097271 0.09730029411 0.3202191184 nan nan
26 149482 7211 7211 0 0.5997033317 0.08669899959 0.4911030699 0.7330046744 0.2419016045 0.4299217109 0.8956261106 0.4657043998 0.1757313535 0.1402303299 0.3025345462 nan nan
27 167957 2 2 0 0.377018032 0.01641729503 0.3622424664 0.3917935975 0.02955113105 0.3606007369 0.393435327 0.03283459006 nan 0.03119286055 0.03283459006 nan nan
28 14797 923 923 0 0.202644553 0.01447968249 0.1855199543 0.2259340361 0.04041408177 0.168193931 0.2742923448 0.1060984138 0.4047134654 0.02650942298 0.0704169496 nan nan
29 24197 3808 3808 0 0.4582347635 0.02324132656 0.4190511282 0.4925445089 0.0734933807 0.4018338053 0.5016345196 0.09980071428 -0.1380942466 0.04086692981 0.05356379782 nan nan
30 45752 14799 14799 0 0.3256830168 0.0409549481 0.2594072899 0.3868240471 0.1274167572 0.2274278009 0.4215543485 0.1941265475 -0.08256035678 0.08791890945 0.1198983985 nan nan
31 45851 1048 1048 0 0.4772673409 0.03165372451 0.4195885097 0.5126211161 0.09303260641 0.3968807678 0.5728380059 0.1759572381 -0.2954946196 0.06486600876 0.08866749157 nan nan
32 176287 17431 17431 0 0.4267528899 0.03597091892 0.387800331 0.5043190579 0.1165187269 0.3557329462 0.535200477 0.1794675308 0.6071889539 0.08196061835 0.1128420374 nan nan

K=33, phase=backward, parameter=w [deg]
cluster representative_source n_cluster n_valid n_missing median std p05 p95 width90 minimum maximum range skewness error95 error_max angle_origin_deg angle_resultant
0 144351 45533 45533 0 -0.5302087079 4.243675111 -5.660034228 9.380486034 15.04052026 -9.700125993 15.00677056 24.70689655 1.069104286 11.18248636 16.80877089 20.4322832 0.9972624816
1 23915 4584 4584 0 0.03022957918 2.129836945 -3.629721364 3.40777148 7.037492844 -4.735983748 4.289400643 9.025384391 -0.09736487191 5.138512333 6.244774717 193.1253723 0.9993092681
2 19832 1037 1037 0 3.670494433 13.20953587 -23.65210087 15.35159521 39.00369608 -27.2967312 17.0774198 44.374151 -0.5263099262 31.40222612 35.04685644 201.652507 0.9736481672
3 167952 2153 2153 0 0.08951470756 6.365298268 -9.699893638 7.651082799 17.35097644 -13.24356586 8.308852893 21.55241875 -0.1901370682 16.61639944 20.16007166 28.06293167 0.9938389744
4 57501 12952 12952 0 -0.1724418193 5.066661001 -7.441779939 8.436107796 15.87788774 -28.55915774 17.71480019 46.27395793 0.1172856875 10.48547962 26.65040806 201.6329004 0.9961005958
5 127015 2849 2849 0 1.82932656 6.144003998 -11.01944864 7.874558105 18.89400675 -11.34764708 15.08960324 26.43725031 -0.5563802172 12.96241509 13.29037864 21.96275378 0.9942643542
6 30062 489 489 0 5.333705013 13.75809862 -27.3942293 13.53786071 40.93209001 -33.88352964 13.90945579 47.79298542 -0.8415674454 36.50055601 42.98985635 206.0577619 0.9715021426
7 8552 2732 2732 0 -1.213786186 6.007172543 -3.114896779 9.166301996 12.28119878 -3.594915557 35.45981544 39.054731 4.240500527 10.8277977 37.12131114 183.7203746 0.9946083296
8 36833 1166 1166 0 -0.1921370272 7.219997689 -5.37336176 15.84511263 21.21847439 -26.0355808 21.94690139 47.98248219 -0.1242706744 21.29899483 24.20616855 197.5351422 0.9921350723
9 175498 2786 2786 0 1.186533148 5.630406494 -10.36489102 6.634500439 16.99939146 -15.01598468 6.886232553 21.90221724 -0.6162628834 15.57574219 20.22683585 28.70800366 0.9951805224
10 9615 5112 5112 0 -0.5051784565 3.771048073 -4.171188181 7.897899353 12.06908753 -17.15711929 30.82286213 47.97998141 2.727273467 8.481478312 31.36618864 188.6538673 0.9978490722
11 210981 3127 3127 0 -3.420470213 7.168712666 -6.83038542 16.86192135 23.69230677 -7.588666983 18.13525778 25.72392476 1.159491167 21.224487 22.49782343 18.22513624 0.9922053106
12 31323 1001 1001 0 -1.096494673 9.16614147 -5.621232284 20.03130038 25.65253267 -27.70725965 21.0686232 48.77588285 0.2294049438 22.56464825 26.18428183 199.1596653 0.9873545313
13 156237 2360 2360 0 -0.02585611453 2.699861421 -3.554209535 4.567402802 8.121612337 -6.289271843 12.87202076 19.1612926 1.798754952 5.976554484 12.23896718 23.59525563 0.9988916966
14 168732 13743 13743 0 0.661245126 3.34840778 -6.413809202 3.702848072 10.11665727 -13.7971962 9.081471159 22.87866736 -0.7006260579 8.670941603 16.0543286 27.98166481 0.9982941515
15 71849 4669 4669 0 -0.4035261208 6.371538045 -8.791675441 11.10257651 19.89425195 -10.34990808 14.12927472 24.4791828 0.2869523478 10.63983034 13.63066599 191.0693505 0.9938292227
16 35338 1353 1353 0 -0.1136106029 4.117915614 -5.727442084 7.305994132 13.03343622 -39.77099758 8.427239663 48.19823724 -2.580082029 7.235634733 40.13066009 211.9274023 0.9974452671
17 49752 4091 4091 0 -0.9816767992 4.917637259 -6.519214288 9.762720396 16.28193468 -15.67772324 13.10329484 28.78101808 0.6470929585 12.69025629 16.0232253 191.7516968 0.9963227993
18 125038 14617 14617 0 0.1271251269 1.845152763 -2.879662839 2.480172842 5.359835681 -16.48522114 8.233856671 24.71907781 -0.7773497043 3.279403203 16.68446914 27.23764085 0.9994819204
19 28151 1511 1511 0 -5.184826422 10.55986302 -10.44048839 16.44562006 26.88610844 -31.53664432 16.98488063 48.52152495 0.5347945803 23.02426621 25.0385527 203.0403339 0.9831132359
20 110896 1936 1936 0 2.415592971 9.630578216 -15.63790974 10.84757827 26.48548801 -25.59837753 14.22579257 39.82417011 -0.980288599 19.70006165 29.66052944 205.8255013 0.985976268
21 22279 837 837 0 -0.3643586245 4.723634313 -5.933466939 9.97292555 15.90639249 -34.16790295 12.55378223 46.72168518 0.2480537934 11.77923562 32.52672347 207.6748361 0.9966155364
22 66366 884 884 0 9.488661849 18.32086438 -36.3718122 10.40981358 46.78162578 -36.69424553 10.59670489 47.29095042 -1.328212829 46.03454591 46.35697924 208.2400471 0.9501194069
23 151127 3686 3686 0 2.609431196 5.468691733 -12.49022361 3.980437493 16.4706611 -18.83657774 4.188727877 23.02530562 -1.61635809 16.19157985 22.53793398 32.76744474 0.995460701
24 68757 1657 1657 0 -0.0007296636387 3.163318533 -3.834879073 4.583989179 8.418868253 -22.04771893 6.746799787 28.79451872 -1.8146714 6.021699744 20.8489697 197.3303963 0.9984810784
25 117692 12037 12037 0 1.319891705 4.691111019 -12.97586703 4.547651228 17.52351826 -18.47192795 7.565527167 26.03745512 -1.761204896 14.69792716 20.19398807 29.12202408 0.9966590164
26 149482 7211 7211 0 -0.1425455301 3.30082138 -4.359748689 6.949531212 11.3092799 -13.90346314 11.94486861 25.84833175 0.7294887722 7.72883946 14.35389376 24.49113495 0.998343894
27 167957 2 2 0 0 4.390065345 -3.951058811 3.951058811 7.902117622 -4.390065345 4.390065345 8.780130691 nan 8.341124156 8.780130691 30.89398473 0.9970660397
28 14797 923 923 0 2.363395371 8.047294382 -15.90131865 10.93125379 26.83257245 -29.86918147 16.12055371 45.98973518 -1.195424283 17.78417268 31.7520355 202.3947766 0.9902159501
29 24197 3808 3808 0 -0.9714145074 5.318128758 -4.484582364 16.92063592 21.40521829 -14.20252544 24.45163168 38.65415712 2.791641431 18.79302534 26.3240211 188.4632159 0.9957257988
30 45752 14799 14799 0 -0.2106939938 4.91227805 -6.666966914 7.432644722 14.09961164 -34.9087879 13.82379941 48.73258731 -0.5805413807 8.686678004 33.8242283 206.4232691 0.9963432022
31 45851 1048 1048 0 -2.993278155 6.393404355 -4.502779865 15.306935 19.80971487 -20.498884 19.90433174 40.40321574 1.513543835 19.59336211 24.19075885 195.7061658 0.9938031349
32 176287 17431 17431 0 0.1263414954 5.342647434 -8.462881342 7.315523105 15.77840445 -10.68478743 10.87116966 21.55595709 -0.08498466173 13.83260929 16.05451538 26.18661974 0.9956581423

K=33, phase=forward, parameter=a [km]
cluster representative_source n_cluster n_valid n_missing median std p05 p95 width90 minimum maximum range skewness error95 error_max angle_origin_deg angle_resultant
0 144351 45533 45528 5 1583412.804 548782.2016 1028025.692 2764293.612 1736267.92 241974.2817 3387391.995 3145417.714 0.7322985941 983260.756 1605730.924 nan nan
1 23915 4584 4583 1 200897.5594 2021.952897 198308.4779 204893.5575 6585.079528 197668.4292 205965.7575 8297.328371 0.3666796826 5685.522745 6757.722836 nan nan
2 19832 1037 1037 0 859800.3694 255313.4719 783687.0251 1568305.251 784618.2262 769187.3523 2739064.668 1969877.316 2.684329732 657462.9448 1828222.362 nan nan
3 167952 2153 2151 2 238086.2659 10499.94653 209382.6099 246475.0931 37092.48328 195800.4036 247011.975 51211.57138 -1.245320091 27234.83744 40817.04369 nan nan
4 57501 12952 12951 1 987958.5303 206130.0035 865478.8002 1493681.935 628203.1344 229891.7885 1691048.539 1461156.751 1.015922049 490448.8016 773623.8968 nan nan
5 127015 2849 2838 11 229996.5192 132054.5369 208952.6795 246007.964 37055.28457 195340.6591 1872552.332 1677211.672 10.43460108 20905.77679 1643744.304 nan nan
6 30062 489 489 0 218579.5141 10652.31136 203713.8263 235544.6414 31830.8151 203269.8874 245933.1365 42663.24907 0.1945489668 17510.19027 25060.89362 nan nan
7 8552 2732 2732 0 226575.7554 5470.143927 213043.5902 231308.7803 18265.19003 203015.7444 244266.5325 41250.78811 -2.14458015 14911.78701 24491.6547 nan nan
8 36833 1166 1165 1 1128685.436 631831.3849 930307.4861 2391356.589 1461049.103 220249.3805 4532888.748 4312639.367 2.900360309 1241106.489 3382638.648 nan nan
9 175498 2786 2785 1 241247.8286 13447.64717 231545.2415 246788.1638 15242.9223 195568.183 849927.9025 654359.7195 33.09351702 14755.82683 603637.9498 nan nan
10 9615 5112 5112 0 213956.7113 5963.472861 206291.3617 222816.833 16525.47125 204021.0187 246423.4298 42402.41113 0.9109361505 9577.235567 30820.34515 nan nan
11 210981 3127 3123 4 236664.7649 18314.8211 205007.5655 240070.1524 35062.58692 196756.3667 1081874.302 885117.9354 31.47879679 31243.19982 845631.9839 nan nan
12 31323 1001 999 2 222973.0623 10761.15031 207982.9081 246009.2269 38026.31883 196214.0937 247235.364 51021.27028 0.2830141664 25742.69866 26968.83577 nan nan
13 156237 2360 2360 0 842808.8758 105867.0974 771449.3603 1095544.984 324095.6235 768841.3999 1204904.305 436062.9053 1.051560287 246611.4669 355970.7884 nan nan
14 168732 13743 13743 0 215926.7431 5554.351517 209483.5657 223715.9515 14232.38588 195295.2842 246791.6264 51496.3422 1.082277857 8735.645156 29177.07067 nan nan
15 71849 4669 4666 3 227137.3157 15335.90593 213920.9268 234553.8111 20632.88433 195418.9692 772908.1878 577489.2187 28.96174347 12089.97791 548015.7834 nan nan
16 35338 1353 1353 0 2008257.23 1053695.901 1065430.641 4299367.561 3233936.92 223254.71 4492215.182 4268960.472 0.5408944447 2060018.334 2191770.211 nan nan
17 49752 4091 4091 0 209555.7952 7657.228253 202382.3375 222324.2165 19941.87904 201692.0199 247163.5305 45471.51059 1.380609281 10883.93111 35723.24507 nan nan
18 125038 14617 14617 0 210663.288 5164.509988 205543.5992 220507.0196 14963.4204 204045.2464 246936.7039 42891.45747 1.434956711 8052.991948 34086.52258 nan nan
19 28151 1511 1511 0 219877.3744 12448.05628 203734.5089 241951.3328 38216.8239 195326.6174 247065.2678 51738.65037 0.2635409944 22138.2305 26938.66375 nan nan
20 110896 1936 1936 0 220660.6487 9639.980236 205083.9981 234615.4297 29531.43157 203272.7067 246517.7183 43245.0116 0.06350161173 16345.41181 26084.14134 nan nan
21 22279 837 836 1 240865.7283 25702.86009 225958.8491 245334.8755 19376.02641 196406.2895 953754.8766 757348.5871 25.60425169 15552.47146 712259.7687 nan nan
22 66366 884 884 0 793765.8164 68720.53683 776333.792 981023.3341 204689.5422 772659.755 1157550.112 384890.3571 2.191157624 170672.9776 347199.7555 nan nan
23 151127 3686 3679 7 1194188.59 322912.3797 968092.8866 1865469.804 897376.9177 773863.6857 4267165.471 3493301.785 0.869292534 579360.5233 2981056.19 nan nan
24 68757 1657 1656 1 1371133.908 244433.8094 938916.2522 1638210.357 699294.1047 225839.6389 3867846.723 3642007.084 -0.3541577393 442995.7031 2489861.31 nan nan
25 117692 12037 12032 5 227823.2581 6998.180519 213883.0375 236914.5293 23031.49179 195539.2265 247072.7297 51533.5032 -0.4762498111 15167.99153 33425.03682 nan nan
26 149482 7211 7207 4 1193149.637 340220.7897 948946.0681 1782698.292 833752.224 772521.1289 4551570.686 3779049.557 2.364166548 549761.7638 3318634.158 nan nan
27 167957 2 2 0 222189.8777 16910.39978 206970.5179 237409.2375 30438.7196 205279.4779 239100.2775 33820.79955 nan 32129.75958 33820.79955 nan nan
28 14797 923 915 8 242631.1312 559754.7952 226073.57 421391.0121 195317.4421 202594.7616 4542129.342 4339534.58 5.627125391 203960.8546 4299015.191 nan nan
29 24197 3808 3808 0 208451.2796 7375.947304 201449.4079 222325.5532 20876.14529 200750.0759 245345.6186 44595.54271 0.933941581 12142.82852 35162.89387 nan nan
30 45752 14799 14795 4 928505.3026 203119.706 810000.3638 1326456.89 516456.5265 204424.929 4379856.719 4175431.79 3.993714744 401424.233 3454745.583 nan nan
31 45851 1048 1046 2 218171.1655 10941.21963 204717.6288 239685.2756 34967.64687 195367.8359 247196.8877 51829.05184 0.6316990342 22444.9796 29956.59166 nan nan
32 176287 17431 17428 3 228900.2419 11451.57774 217648.321 237152.3611 19504.04012 196044.9722 1509414.046 1313369.074 80.21509726 10970.30714 1281028.814 nan nan

K=33, phase=forward, parameter=e [-]
cluster representative_source n_cluster n_valid n_missing median std p05 p95 width90 minimum maximum range skewness error95 error_max angle_origin_deg angle_resultant
0 144351 45533 45528 5 0.6989859491 0.09502797201 0.5311784934 0.8280667032 0.2968882098 0.1946760287 0.8597500074 0.6650739788 -0.2201354058 0.2016423266 0.5381447913 nan nan
1 23915 4584 4583 1 0.5334293805 0.01432360821 0.5049878631 0.5516957176 0.04670785452 0.4978177641 0.5562090262 0.05839126206 -0.3692686403 0.04039760064 0.04756769965 nan nan
2 19832 1037 1037 0 0.4305973928 0.09882022901 0.3679784629 0.6963104049 0.328331942 0.3535949382 0.8266182284 0.4730232902 1.34308863 0.2291870538 0.3594948772 nan nan
3 167952 2153 2151 2 0.2570107866 0.08358905198 0.1768262551 0.4733260825 0.2964998274 0.1710855758 0.5693291022 0.3982435264 1.023016191 0.2061976971 0.3022007168 nan nan
4 57501 12952 12951 1 0.5108296516 0.08113270612 0.4355556304 0.6804101994 0.244854569 0.1885344455 0.7181904323 0.5296559868 0.5374829792 0.1620602097 0.3299176543 nan nan
5 127015 2849 2838 11 0.3254544925 0.09886862336 0.1909131309 0.4820887958 0.2911756648 0.1698141831 0.7457509923 0.5759368092 0.5598305516 0.1602089656 0.4140988139 nan nan
6 30062 489 489 0 0.4073713522 0.07878163204 0.2784672676 0.5135803568 0.2351130891 0.1816681563 0.5167290047 0.3350608483 -0.2709350974 0.1254686472 0.2090363931 nan nan
7 8552 2732 2732 0 0.3479358911 0.040595943 0.3115609557 0.4477125768 0.1361516211 0.2014168179 0.5185090086 0.3170921908 1.913783416 0.110455982 0.1776082562 nan nan
8 36833 1166 1165 1 0.5743739504 0.1136472923 0.4784825139 0.8013177936 0.3228352797 0.1698731259 0.8952125964 0.7253394705 0.3188792666 0.262175399 0.4127649804 nan nan
9 175498 2786 2785 1 0.2302551117 0.05720739369 0.1735276891 0.3114723867 0.1379446976 0.1715852171 0.5709867871 0.3994015699 2.128113993 0.1317320965 0.3912464968 nan nan
10 9615 5112 5112 0 0.4402428441 0.04372510527 0.3758974988 0.4951546165 0.1192571176 0.17661122 0.5114374519 0.3348262319 -1.095693042 0.06863039785 0.251807908 nan nan
11 210981 3127 3123 4 0.2696891388 0.07764461751 0.2399051808 0.5045258908 0.26462071 0.1702305503 0.5625278525 0.3922973022 1.869054886 0.2312565683 0.28925853 nan nan
12 31323 1001 999 2 0.3754058174 0.08315736446 0.1808662302 0.4832365803 0.3023703501 0.1685723685 0.5665258078 0.3979534394 -0.4792278857 0.2142866117 0.2265804735 nan nan
13 156237 2360 2360 0 0.4178108295 0.06728924748 0.3560439096 0.5604567811 0.2044128715 0.3534727016 0.6017595388 0.2482868372 0.6495014203 0.138215781 0.1795185387 nan nan
14 168732 13743 13743 0 0.4268721745 0.04101029732 0.370202952 0.4728599754 0.1026570235 0.1741456087 0.5729557573 0.3988101486 -1.36015913 0.06240556919 0.2405804963 nan nan
15 71849 4669 4666 3 0.3442937745 0.04949407087 0.2863277703 0.4410587029 0.1547309326 0.1843337776 0.5721043294 0.3877705518 0.5795240155 0.0883676096 0.2111279048 nan nan
16 35338 1353 1353 0 0.7633355575 0.1195024371 0.5477773125 0.8895281656 0.3417508532 0.1705568463 0.8942666422 0.7237097959 -1.402072257 0.245713765 0.6229342311 nan nan
17 49752 4091 4091 0 0.4721451402 0.05631659613 0.3798507666 0.5229774866 0.14312672 0.169493203 0.5278521997 0.3583589967 -1.586169716 0.078682319 0.2890398827 nan nan
18 125038 14617 14617 0 0.4643495497 0.03751549873 0.3935965176 0.5006882609 0.1070917433 0.1724628902 0.5112590529 0.3387961627 -1.638730819 0.05751488855 0.2762688758 nan nan
19 28151 1511 1511 0 0.3987203498 0.09400109242 0.2236054896 0.5134755747 0.2898700851 0.1708617995 0.5727162374 0.4018544379 -0.3853660926 0.1748333683 0.2260475725 nan nan
20 110896 1936 1936 0 0.3922293818 0.07164063505 0.2856639978 0.5039529404 0.2182889426 0.1760689075 0.5167355573 0.3406666498 -0.1705949218 0.1175700356 0.2178026903 nan nan
21 22279 837 836 1 0.2328981744 0.05797520771 0.1892990353 0.3540984274 0.1647993921 0.1716030474 0.5650182522 0.3934152048 2.213521593 0.1267587754 0.3376786002 nan nan
22 66366 884 884 0 0.3776629686 0.04759628204 0.3609519558 0.5079696807 0.1470177249 0.357303287 0.5861770082 0.2288737211 1.675031525 0.1151807244 0.1933880518 nan nan
23 151127 3686 3679 7 0.5984387582 0.09169960935 0.5002921177 0.7447651413 0.2444730236 0.358302313 0.8887012719 0.5303989589 0.002846344324 0.1279671063 0.2697122055 nan nan
24 68757 1657 1656 1 0.6514521571 0.07677649725 0.4828410606 0.7089800035 0.2261389429 0.1759040453 0.8772211912 0.7013171459 -2.023968939 0.1714670605 0.4773035619 nan nan
25 117692 12037 12032 5 0.33939165 0.05308258578 0.2669588702 0.4415566984 0.1745978282 0.1707323136 0.5711940404 0.4004617267 0.3478896811 0.1138558865 0.2405463734 nan nan
26 149482 7211 7207 4 0.5981402089 0.08939252468 0.4894989507 0.7328390129 0.2433400622 0.3570046691 0.8956399398 0.5386352707 0.1505436226 0.1254717424 0.2841295816 nan nan
27 167957 2 2 0 0.3759789031 0.1265000224 0.2621288829 0.4898289233 0.2277000404 0.2494788806 0.5024789255 0.2530000449 nan 0.2403500426 0.2530000449 nan nan
28 14797 923 915 8 0.2217317398 0.1254816183 0.1883714032 0.4999725278 0.3116011246 0.1722257304 0.8954250633 0.7231993329 3.561396849 0.2880289381 0.6834814736 nan nan
29 24197 3808 3808 0 0.4797942723 0.05347735968 0.3797751999 0.5295819759 0.149806776 0.187598804 0.5344854552 0.3468866512 -1.045403387 0.08765286563 0.2798292615 nan nan
30 45752 14799 14795 4 0.4770239279 0.0835704647 0.3918148265 0.6394286212 0.2476137947 0.3532132518 0.8915607213 0.5383474695 0.6394300455 0.1648669263 0.4169990264 nan nan
31 45851 1048 1046 2 0.4103704569 0.08325518149 0.2442067788 0.5064894691 0.2622826903 0.1690549787 0.5724196201 0.4033646414 -0.8249657219 0.1728842771 0.2480360772 nan nan
32 176287 17431 17428 3 0.3314045328 0.04640842945 0.2651721624 0.4146871912 0.1495150288 0.1700666531 0.6839207812 0.5138541281 0.5005046358 0.08367902237 0.348658394 nan nan

K=33, phase=forward, parameter=w [deg]
cluster representative_source n_cluster n_valid n_missing median std p05 p95 width90 minimum maximum range skewness error95 error_max angle_origin_deg angle_resultant
0 144351 45533 45528 5 -3.29011244 20.36231179 -21.43869707 34.66416651 56.10286358 -177.6781494 176.9507073 354.6288567 -0.01862031952 55.95586954 179.2103103 173.8640562 0.9442483805
1 23915 4584 4583 1 -0.400139325 4.39074589 -6.374366806 8.088198186 14.46256499 -7.646172927 15.09483034 22.74100326 0.5457500439 8.33819931 15.34483146 306.1359097 0.9970679522
2 19832 1037 1037 0 -4.814359399 40.56225019 -46.14693455 63.75178625 109.8987208 -170.6897682 175.9041142 346.5938824 0.5260920528 59.70229804 175.6760956 228.226239 0.7847867553
3 167952 2153 2151 2 -2.5612413 35.36878209 -38.18952417 74.90691665 113.0964408 -44.17653169 176.7942462 220.9707779 1.221569768 64.18937609 152.3398147 71.33099207 0.8364600666
4 57501 12952 12951 1 -5.644607326 23.8237837 -25.46530416 42.89094552 68.35624968 -167.3838822 177.4675144 344.8513967 1.147536054 66.10071805 175.5317023 189.0622406 0.9209655637
5 127015 2849 2838 11 1.572782458 33.70365909 -51.81295061 55.42196747 107.2349181 -174.9303526 160.4011774 335.33153 0.1342335717 65.13223693 170.482601 121.423284 0.8498361856
6 30062 489 489 0 -2.415247232 27.85313568 -24.48306115 39.29375587 63.77681702 -36.21074014 146.0518039 182.262544 2.848837367 55.41487545 162.1729234 23.56165782 0.909886812
7 8552 2732 2732 0 -2.955448437 16.5868773 -5.473473887 21.64854416 27.12201805 -165.0429018 175.7245904 340.7674922 -0.5391680027 43.91327742 179.4806956 295.0042278 0.9666680874
8 36833 1166 1165 1 -5.664887682 36.7050797 -24.22467001 97.53948251 121.7641525 -177.2413961 175.3136896 352.5550857 2.026194215 122.1438947 177.8289199 312.4190323 0.8519716715
9 175498 2786 2785 1 -3.36513106 24.77813543 -17.22548436 30.31812165 47.54360601 -177.1047963 178.714829 355.8196253 -0.1981440073 35.79417114 179.4809406 16.72051485 0.9338614401
10 9615 5112 5112 0 -1.565080556 22.57976357 -7.440230491 15.79561321 23.2358437 -178.3276035 175.0763232 353.4039267 2.550336648 19.9768845 177.9128024 298.3428833 0.9506385703
11 210981 3127 3123 4 -8.222317594 33.98368355 -23.83128906 85.15283302 108.9841221 -151.2981532 159.5794562 310.8776094 1.668759717 103.1782371 177.5759247 61.77488094 0.8505300469
12 31323 1001 999 2 -0.4733105378 39.87555015 -52.99060577 46.86316048 99.85376625 -176.0361726 172.1085903 348.1447629 -1.062340294 96.90884576 176.1988017 40.4283574 0.8407009478
13 156237 2360 2360 0 -6.725214653 39.00274641 -36.52405311 81.02797222 117.5520253 -40.89407251 165.281767 206.1758395 1.488959936 103.6526285 179.4753023 237.7519243 0.8113825101
14 168732 13743 13743 0 -5.063820944 25.18786637 -17.74778739 31.78355576 49.53134315 -179.6699703 179.571809 359.2417793 2.21816771 45.41067475 179.9921949 8.603911631 0.9254519367
15 71849 4669 4666 3 -3.374119173 19.90157272 -15.90652821 32.98211011 48.88863832 -174.6553886 179.6519293 354.3073178 1.362914091 39.01155093 176.0330729 307.6326248 0.951607916
16 35338 1353 1353 0 -3.719115037 44.67540441 -25.69259772 113.2838383 138.976436 -179.6884333 179.659192 359.3476253 0.6808052104 141.3146021 178.4699362 268.6259813 0.8092560387
17 49752 4091 4091 0 -1.621642522 26.77865466 -20.48054671 24.50734514 44.98789185 -178.4290026 157.572019 336.0010216 2.703784546 34.27329598 169.56739 315.332405 0.9188127889
18 125038 14617 14617 0 -2.702698849 18.50888064 -18.30142253 31.37952007 49.6809426 -173.9713443 174.2807312 348.2520754 1.641639137 44.1861106 179.2750422 11.09130096 0.9555387
19 28151 1511 1511 0 -4.636434539 60.80398538 -33.66321638 160.9723506 194.635567 -173.8217314 179.6176955 353.4394269 1.190810169 167.92954 179.6007025 350.0574578 0.6352229321
20 110896 1936 1936 0 -3.727247889 29.60116686 -19.66262405 47.4433346 67.10595866 -179.3894469 179.398463 358.7879098 0.6846325103 83.4800123 178.139431 337.3030614 0.9041378736
21 22279 837 836 1 -3.161590348 34.11907671 -24.06512328 57.67046395 81.73558722 -179.6503141 135.0040918 314.6544059 -1.312966918 95.22163733 173.1445073 158.3261634 0.8824955672
22 66366 884 884 0 -2.766743367 21.40835379 -27.91201352 45.24181481 73.15382833 -30.87720005 96.6032147 127.4804148 0.8289367786 41.74394646 93.10534635 212.610485 0.9329376371
23 151127 3686 3679 7 -4.569395911 52.76701812 -37.62064247 137.2106491 174.8312915 -179.7065554 179.3409759 359.0475313 0.9501117747 157.8220078 179.9202144 247.2116186 0.7220597268
24 68757 1657 1656 1 -5.196640663 36.28076396 -19.91206164 55.57259561 75.48465724 -174.7073295 174.4308339 349.1381634 1.365700311 90.97056155 179.8176908 202.0648779 0.8668783455
25 117692 12037 12032 5 -4.76817288 29.05210214 -24.04308246 37.78772547 61.83080793 -173.9307532 179.7240013 353.6547545 -1.784313046 62.95584397 177.1254749 16.04121345 0.9027684799
26 149482 7211 7207 4 -4.90441093 33.55351647 -27.28523036 65.76888198 93.05411234 -177.3073338 178.7640076 356.0713414 1.421903124 101.9086889 178.8363144 293.643327 0.8674153573
27 167957 2 2 0 1.421085472e-14 32.6535022 -29.38815198 29.38815198 58.77630396 -32.6535022 32.6535022 65.3070044 nan 62.04165418 65.3070044 133.3077657 0.8419489313
28 14797 923 915 8 -2.365979937 34.49308704 -28.89240659 61.79600092 90.68840751 -176.9013923 178.6648376 355.5662299 0.7856956165 91.74476143 173.1407709 163.1293251 0.8734084937
29 24197 3808 3808 0 -3.741856486 23.41013852 -13.66500138 38.22503069 51.89003207 -178.5212041 176.5780913 355.0992954 3.093829226 44.99502863 179.2436933 304.3713222 0.9401503115
30 45752 14799 14795 4 -6.552956881 27.87230254 -30.13359547 50.3311257 80.46472116 -179.9521015 179.3629594 359.3150609 0.77981185 79.03595064 178.7481545 194.2769668 0.8930672672
31 45851 1048 1046 2 -2.932229883 36.13551358 -58.47178338 42.16446032 100.6362437 -178.769995 179.8827093 358.6527044 -0.7097685954 64.10012294 177.2682279 54.25892817 0.8591042239
32 176287 17431 17428 3 -2.309984882 20.87436462 -19.25732085 36.06763725 55.3249581 -179.4279551 177.1167992 356.5447543 1.532398394 54.76295434 179.9422297 14.93986925 0.9452076803

K=37, STD=0.01173620762
n = trajectories per cluster; conditions overlap.
n = 1: clusters=0/37 (0.00%); trajectories=0/194124 (0.00%)
n < 10: clusters=1/37 (2.70%); trajectories=2/194124 (0.00%)
n < 100: clusters=1/37 (2.70%); trajectories=2/194124 (0.00%)

K=37, phase=backward, parameter=a [km]
cluster representative_source n_cluster n_valid n_missing median std p05 p95 width90 minimum maximum range skewness error95 error_max angle_origin_deg angle_resultant
0 144351 45608 45608 0 1609435.556 546079.7095 1049737.852 2780281.199 1730543.347 948409.815 3389473.317 2441063.502 0.7313749237 1092243.77 1701435.888 nan nan
1 22426 4443 4443 0 212755.471 3490.474642 207247.8438 217868.233 10620.38913 205441.7435 219891.0994 14449.35587 -0.0860202295 5985.097088 7767.313308 nan nan
2 23568 922 922 0 245015.9106 2070.162629 240701.6409 246911.3937 6209.752816 239528.5279 247275.166 7746.638107 -0.5584959835 4147.28734 5320.400313 nan nan
3 167952 2151 2151 0 824372.3352 47632.35527 775360.7104 933920.5343 158559.8239 771582.7651 1047698.978 276116.2126 0.9402281211 116343.3481 230121.7915 nan nan
4 57501 12857 12857 0 213583.32 3828.479111 207921.996 219929.4893 12007.49333 195310.7333 221971.8916 26661.15833 0.04246315034 6471.932589 18945.88627 nan nan
5 51611 1265 1265 0 2986699.942 1068958.733 1431265.024 4395912.578 2964647.553 1094054.493 4548015.641 3453961.149 -0.04521681031 2289598.777 2441701.841 nan nan
6 29606 267 267 0 244736.1781 3221.448338 237759.7099 247184.4845 9424.774601 235965.186 247235.4223 11270.23629 -0.7606781454 6419.3444 8213.868273 nan nan
7 101206 2616 2616 0 217815.1687 8182.589397 207930.2422 233563.7751 25633.53292 207179.5363 237687.4369 30507.90056 0.3827767134 14050.31448 18173.97628 nan nan
8 36833 1052 1052 0 218979.2211 9967.83223 204455.6584 235527.9938 31072.33537 204117.5554 240766.2721 36648.71672 0.1491352853 17014.97395 22253.25232 nan nan
9 175498 2784 2784 0 796892.8658 45071.97904 777168.3362 873666.4783 96498.14207 768052.7014 1188019.989 419967.2881 3.291948779 62396.40432 376749.9155 nan nan
10 14141 8646 8646 0 226729.2003 4475.058905 219331.8986 233656.2138 14324.31512 218013.3641 235783.2038 17769.83974 -0.03441130052 7709.271188 9573.138006 nan nan
11 210090 3056 3056 0 1210188.78 379440.7644 922279.4376 2133930.997 1211651.56 863691.9682 2891885.99 2028194.022 1.414755689 876066.1896 1634021.183 nan nan
12 30634 1115 1115 0 228340.8814 4905.723088 220427.2985 235633.3419 15206.04339 218223.6536 242353.7122 24130.05862 -0.03904165829 9168.19964 15888.56996 nan nan
13 156237 2361 2361 0 1124387.975 290329.3586 973967.2403 1849763.036 875795.7956 852104.7857 1896509.705 1044404.919 0.8964025698 681997.6517 728744.3206 nan nan
14 169016 13583 13583 0 909243.9921 52054.10787 856535.183 1027199.861 170664.6781 793484.8972 1139048.468 345563.5709 1.147861273 124500.2677 236348.8746 nan nan
15 43359 2176 2176 0 201891.4924 2349.308895 199451.6542 206559.4254 7107.771173 195307.782 207223.518 11915.73593 0.4299202635 5772.433287 6436.525834 nan nan
16 35110 1272 1272 0 238745.2536 3842.47266 236592.4785 241854.2471 5261.768561 198957.5659 244562.0936 45604.52766 -7.379028211 3336.83637 39980.98492 nan nan
17 61172 435 435 0 204357.4837 1399.54285 203590.3437 206703.6353 3113.291614 195309.8806 208034.8451 12724.9645 -2.548526947 2673.883503 8903.121813 nan nan
18 125038 14677 14677 0 1236691.189 192113.9649 984479.9286 1584464.181 599984.2527 941161.6176 2382948.841 1441787.223 0.2730939561 367676.2832 1166160.943 nan nan
19 32794 317 317 0 243483.5376 3380.029109 235827.7715 247116.3699 11288.59841 234777.8345 247185.0776 12407.24307 -0.578085036 7561.233421 8611.170355 nan nan
20 37548 898 898 0 212758.9181 5095.321823 206424.8166 219338.8689 12914.05229 205191.7688 235866.9375 30675.16873 1.472213862 7806.434746 22255.5049 nan nan
21 21401 810 810 0 240598.9246 3564.750184 229037.0569 241626.7679 12589.71097 224970.2568 242189.6113 17219.35452 -2.79567723 11560.05495 15626.85505 nan nan
22 65627 754 754 0 235459.9628 4380.876648 226942.8492 240133.8713 13191.02214 213019.8508 242424.0429 29404.1921 -1.256002082 9005.94142 18554.55908 nan nan
23 153188 3577 3577 0 861780.0551 89283.08917 771635.4377 1040632.19 268996.7527 768762.4125 1135407.224 366644.8114 0.4791577975 203039.7138 297814.7473 nan nan
24 68757 1648 1648 0 206096.92 1198.39395 204656.4354 207103.9065 2447.471109 195292.2075 207965.1538 12672.9463 -4.392554557 1445.580974 10798.84078 nan nan
25 167830 1819 1819 0 1030968.066 213101.795 930142.0732 1585481.944 655339.8708 785687.6499 1720590.413 934902.7633 1.188844326 584749.9029 719858.3722 nan nan
26 148588 7200 7200 0 1200880.077 320786.4914 951833.3686 1784059.042 832225.6729 859168.0389 4550878.486 3691710.447 1.869810697 594686.3158 3361505.76 nan nan
27 167957 2 2 0 794337.6619 18603.38645 777594.6141 811080.7097 33486.0956 775734.2754 812941.0483 37206.77289 nan 35346.43425 37206.77289 nan nan
28 14797 910 910 0 244026.9132 1643.272952 241515.9812 245607.5839 4091.602714 228398.7064 247282.6172 18883.91075 -1.884272449 2675.416865 15533.44079 nan nan
29 32944 479 479 0 219630.1149 10002.90207 206474.8529 236100.8637 29626.01076 205184.2305 241552.792 36368.56149 0.1896651356 16923.73814 22375.66645 nan nan
30 45751 14123 14123 0 229689.5123 5306.363814 221494.0338 237861.0926 16367.0588 216484.7385 242770.6784 26285.93992 0.01206103903 10910.85173 15820.43757 nan nan
31 88569 2856 2856 0 200843.4819 2656.400533 198121.4077 206244.7368 8123.329116 197650.7279 207200.8564 9550.12851 0.4439796909 6385.928014 7342.047611 nan nan
32 176287 17501 17501 0 853924.1978 53156.44048 805423.6982 976810.9974 171387.2992 770862.1456 1040428.325 269566.1798 0.892428434 128446.1178 192063.4458 nan nan
33 117130 11951 11951 0 1145618.247 161315.2573 958441.2286 1429540.497 471099.2684 921771.8589 2591610.538 1669838.679 1.041014724 308286.9199 1470356.961 nan nan
34 72822 1210 1210 0 231733.462 7427.80134 221519.2299 245979.3996 24460.16962 218888.1845 247109.3031 28221.11859 0.2884333695 15874.57927 17004.48281 nan nan
35 51108 3933 3933 0 202997.1387 1753.38685 200728.8209 206491.0595 5762.238552 195426.4351 207190.2944 11763.85931 0.3174570046 4498.491313 6582.611447 nan nan
36 8419 2850 2850 0 216935.82 5837.512944 208207.5909 226556.5768 18348.98588 207207.9542 235011.301 27803.34679 0.1346875179 10145.10558 18599.82976 nan nan

K=37, phase=backward, parameter=e [-]
cluster representative_source n_cluster n_valid n_missing median std p05 p95 width90 minimum maximum range skewness error95 error_max angle_origin_deg angle_resultant
0 144351 45608 45608 0 0.7038729313 0.09163614799 0.5412742641 0.8290728775 0.2877986135 0.4881113724 0.8598376402 0.3717262677 -0.1959677108 0.1765958706 0.2297587623 nan nan
1 22426 4443 4443 0 0.4491388814 0.02500353348 0.4123332986 0.4883922717 0.07605897307 0.3978153457 0.5012262179 0.1034108722 0.07894023372 0.04277344499 0.05541087695 nan nan
2 23568 922 922 0 0.192550019 0.02095799281 0.1722559106 0.2352146291 0.06295871855 0.1683444931 0.2456082515 0.07726375843 0.5016794962 0.03987980735 0.05027342974 nan nan
3 167952 2151 2151 0 0.4037585779 0.03624267768 0.3599222092 0.480728112 0.1208059029 0.3561485094 0.540961113 0.1848126037 0.5900798215 0.0833340609 0.1435670619 nan nan
4 57501 12857 12857 0 0.443619735 0.02737567399 0.3979795684 0.4838332885 0.0858537201 0.3832948343 0.5728514127 0.1895565784 -0.05409132933 0.04628167581 0.1340902874 nan nan
5 51611 1265 1265 0 0.84099613 0.08213343375 0.6661306916 0.8919478671 0.2258171755 0.559813993 0.8955575814 0.3357435884 -0.7420535093 0.1203438069 0.2142585318 nan nan
6 29606 267 267 0 0.1959506951 0.03129957197 0.1692451932 0.2610426051 0.09179741192 0.168591401 0.2760665429 0.1074751419 0.6543203721 0.05873263947 0.07375657728 nan nan
7 101206 2616 2616 0 0.4133508849 0.06009580028 0.2950348412 0.4838300628 0.1887952216 0.2616445432 0.4892541955 0.2276096524 -0.4332859409 0.106309428 0.139699726 nan nan
8 36833 1052 1052 0 0.4044388118 0.07353315485 0.2783262675 0.5083688951 0.2300426276 0.2334201831 0.5107605156 0.2773403325 -0.2129505845 0.1296007675 0.1745068519 nan nan
9 175498 2784 2784 0 0.3799920117 0.0326113812 0.3617032892 0.4422247339 0.0805214447 0.3526417655 0.597116756 0.2444749905 2.267823666 0.05005608721 0.2049481092 nan nan
10 14141 8646 8646 0 0.347007364 0.03385127471 0.293203175 0.4016178735 0.1084146985 0.2759808255 0.4112959915 0.135315166 -0.009149649051 0.05826454738 0.07490123562 nan nan
11 210090 3056 3056 0 0.6044861222 0.09386593774 0.4735480215 0.7773254489 0.3037774275 0.4332311191 0.8357881902 0.4025570711 0.2776373336 0.1659253616 0.2157427113 nan nan
12 30634 1115 1115 0 0.3352694822 0.03764717027 0.2773682056 0.3939842705 0.1166160649 0.2165533359 0.4088955811 0.1923422452 -0.03166904262 0.0720108557 0.1328257254 nan nan
13 156237 2361 2361 0 0.5729700708 0.08283323676 0.5035083949 0.7426176177 0.2391092228 0.4246648142 0.7489920442 0.32432723 0.474206224 0.1536316655 0.1645411633 nan nan
14 169016 13583 13583 0 0.4651217638 0.03044824995 0.4288485536 0.5300761737 0.1012276201 0.3764783542 0.5781417858 0.2016634316 0.7699818847 0.06997827155 0.1175098129 nan nan
15 43359 2176 2176 0 0.5263172464 0.0166715348 0.4931183643 0.5435956047 0.05047724037 0.488330328 0.5728758046 0.08454547658 -0.431839404 0.04099948965 0.04578752598 nan nan
16 35110 1272 1272 0 0.2520274752 0.02966658762 0.2242055087 0.2705185532 0.04631304456 0.1959331968 0.5472175968 0.3512844 6.679672137 0.02955210019 0.2968004993 nan nan
17 61172 435 435 0 0.5090172704 0.009897599988 0.492327661 0.514457502 0.02212984095 0.483182026 0.5728380059 0.08965597991 2.52500822 0.01890639866 0.06281814945 nan nan
18 125038 14677 14677 0 0.6125557833 0.06065133522 0.5087089074 0.6990040338 0.1902951264 0.4846093695 0.8006659886 0.3160566191 -0.1582071424 0.1027889165 0.1946231728 nan nan
19 32794 317 317 0 0.2088092018 0.03217560145 0.169991826 0.2756330248 0.1056411987 0.169162008 0.2843455304 0.1151835224 0.3985079877 0.06552234004 0.07423484567 nan nan
20 37548 898 898 0 0.4493907666 0.03695476141 0.4022955635 0.4943181442 0.09202258076 0.2768763598 0.5032275587 0.2263511988 -1.595816067 0.05556410429 0.1662631472 nan nan
21 21401 810 810 0 0.2352004127 0.02938275124 0.2261206075 0.3307509181 0.1046303107 0.2208808744 0.361333594 0.1404527196 2.706891214 0.09545545629 0.1260381322 nan nan
22 65627 754 754 0 0.2795339286 0.03500577001 0.2386234594 0.3444427626 0.1058193033 0.2159748283 0.446593148 0.2306183196 1.011953552 0.07562903917 0.135419879 nan nan
23 153188 3577 3577 0 0.4320884108 0.06050452913 0.3562138211 0.5362515815 0.1800377604 0.3533386986 0.5778355597 0.2244968611 0.2093739926 0.1227558056 0.1643397839 nan nan
24 68757 1648 1648 0 0.4967696166 0.00845550269 0.489639047 0.5069405944 0.01730154742 0.4836628352 0.5729713754 0.08930854022 4.383060883 0.01022648572 0.07618887028 nan nan
25 167830 1819 1819 0 0.5323352109 0.07405020034 0.4783414581 0.699264833 0.2209233749 0.3692853471 0.7230820827 0.3537967355 0.693811131 0.1819843988 0.2058016485 nan nan
26 148588 7200 7200 0 0.6008347956 0.08664118791 0.4911304217 0.733034515 0.2419040933 0.4299217109 0.8956261106 0.4657043998 0.1652471605 0.1366899959 0.2987704294 nan nan
27 167957 2 2 0 0.377018032 0.01641729503 0.3622424664 0.3917935975 0.02955113105 0.3606007369 0.393435327 0.03283459006 nan 0.03119286055 0.03283459006 nan nan
28 14797 910 910 0 0.202928627 0.01591717797 0.1866314856 0.2270013662 0.04036988061 0.168193931 0.335628798 0.167434867 1.31337249 0.02730002547 0.1317534028 nan nan
29 32944 479 479 0 0.3999550602 0.07414858915 0.2739266745 0.4940163614 0.2200896869 0.2246927558 0.5032872386 0.2785944828 -0.2508679086 0.1291315497 0.1783654685 nan nan
30 45751 14123 14123 0 0.325234576 0.04121621948 0.2591371038 0.3865704058 0.127433302 0.2160609311 0.4215543485 0.2054934173 -0.07923701306 0.08693615841 0.1300123311 nan nan
31 88569 2856 2856 0 0.5338717644 0.01871557206 0.4958149941 0.5530260771 0.05721108296 0.4887721887 0.5563450703 0.06757288161 -0.4447515944 0.04502027588 0.05206308128 nan nan
32 176287 17501 17501 0 0.4269973267 0.03637529466 0.3878205854 0.5054403359 0.1176197505 0.3557329462 0.5374508149 0.1817178687 0.6131954436 0.08308189637 0.1150923754 nan nan
33 117130 11951 11951 0 0.5806530442 0.0553988872 0.4941323919 0.6658248208 0.1716924288 0.4721704538 0.8167420041 0.3445715504 0.2342714643 0.09536065318 0.245598093 nan nan
34 72822 1210 1210 0 0.309673916 0.06134874671 0.1827960725 0.386680505 0.2038844325 0.1700000448 0.4058388586 0.2358388138 -0.460201782 0.1398169051 0.1526129328 nan nan
35 51108 3933 3933 0 0.5186111216 0.01242626436 0.4937881231 0.5346230233 0.04083490027 0.4886581369 0.5719985499 0.08334041304 -0.3227777121 0.03181145003 0.04646429885 nan nan
36 8419 2850 2850 0 0.4187805756 0.0424456394 0.3478640623 0.4814285134 0.1335644511 0.2824158144 0.489040284 0.2066244695 -0.1623850049 0.07470654445 0.1401547923 nan nan

K=37, phase=backward, parameter=w [deg]
cluster representative_source n_cluster n_valid n_missing median std p05 p95 width90 minimum maximum range skewness error95 error_max angle_origin_deg angle_resultant
0 144351 45608 45608 0 -0.5465108141 4.279034194 -5.680701584 9.497097996 15.17779958 -9.723952081 15.55222876 25.27618084 1.086097954 11.32292441 17.37805517 20.45610929 0.9972168075
1 22426 4443 4443 0 -0.6100294546 4.659393004 -4.351495801 4.238406702 8.589902504 -4.931725454 23.40172781 28.33345326 2.991694149 5.890562237 25.05388335 188.3446398 0.9967173706
2 23568 922 922 0 3.899021303 13.33166772 -24.04605416 14.89250563 38.93855979 -26.98386875 15.79338638 42.77725513 -0.5432878743 33.5425327 36.48034729 202.1983523 0.9731610352
3 167952 2151 2151 0 0.1195458692 6.392264159 -9.697305244 7.681151623 17.37845687 -13.21248295 8.246628566 21.45911152 -0.1914409582 16.64489395 20.16007166 28.03184877 0.9937867229
4 57501 12857 12857 0 -0.1185280754 4.833055892 -7.268735409 7.990277874 15.25901328 -28.38005886 13.88228436 42.26234322 -0.07707154712 9.831836645 26.65040806 201.4538015 0.9964507474
5 51611 1265 1265 0 -2.302985899 6.669304097 -6.865731077 11.75786427 18.62359535 -7.064636866 17.07310306 24.13773993 0.5409010287 13.14417752 13.34308331 17.67974357 0.9932406297
6 29606 267 267 0 5.257992366 14.79917876 -27.84526441 15.39114703 43.23641144 -31.28088558 15.68844072 46.9693263 -0.6679515151 38.33759526 41.77321643 204.5362641 0.9670233947
7 101206 2616 2616 0 2.533987171 10.07584157 -15.92631706 13.17057247 29.09688953 -34.94304049 13.60456373 48.54760422 -0.4567426935 24.35960099 43.37632442 206.4467301 0.9846172821
8 36833 1052 1052 0 -0.2080341756 5.222145107 -4.9214422 9.885594827 14.80703703 -25.22518055 22.32131983 47.54650038 0.516435303 13.22577186 24.20616855 197.1607237 0.9958721122
9 175498 2784 2784 0 1.186332633 5.630910194 -10.36688226 6.634328245 17.0012105 -15.0161852 6.886032039 21.90221724 -0.6165665913 15.57753291 20.22683585 28.70820418 0.9951796636
10 14141 8646 8646 0 0.08383079101 3.502798733 -5.711336132 5.537103586 11.24843972 -7.06662396 6.882362263 13.94898622 -0.04762379504 6.102193341 7.17030339 190.8701051 0.9981323864
11 210090 3056 3056 0 -3.422851133 7.16888822 -6.742541981 16.92280829 23.66535027 -7.483515691 18.20068764 25.68420333 1.183776985 21.36328861 22.64116796 18.15970638 0.9922054434
12 30634 1115 1115 0 -1.106651638 7.998336708 -4.612970307 19.39535896 24.00832926 -27.91797675 20.82164095 48.7396177 0.4334627483 21.24922226 26.88134225 199.3703824 0.9903702551
13 156237 2361 2361 0 -0.03055459192 2.711291256 -3.558799158 4.616913053 8.17571221 -6.294483154 12.86680944 19.1612926 1.80993385 5.988546383 12.23896718 23.60046695 0.9988823112
14 169016 13583 13583 0 0.6631220252 3.317151078 -6.366044817 3.674654921 10.04069974 -13.82416521 9.038205323 22.86237053 -0.7219574787 8.592576076 16.05069647 28.00863382 0.9983258342
15 43359 2176 2176 0 -1.969327384 5.700043094 -6.153496067 12.48605061 18.63954668 -7.273753139 17.0941019 24.36785504 1.098789107 14.29189041 18.89994169 187.9931956 0.9950651898
16 35110 1272 1272 0 0.3270322429 3.562337794 -6.225323696 6.326443237 12.55176693 -33.41103676 8.44517109 41.85620785 -1.846069389 7.628373452 34.08901546 211.2519043 0.9980766525
17 61172 435 435 0 -0.7059271017 3.629729628 -3.679511408 6.509286428 10.18879784 -19.84758439 10.104767 29.9523514 -0.4089750779 8.841209861 18.02049968 195.0548662 0.9979980836
18 125038 14677 14677 0 0.1301331899 1.849230921 -2.895018861 2.49266595 5.387684811 -16.29083497 8.739854315 25.03068929 -0.7302558391 3.297273145 16.49153417 27.23618966 0.9994796106
19 32794 317 317 0 5.748219411 13.09850791 -28.37708704 12.0524133 40.42950034 -35.49125096 12.28477475 47.7760257 -1.086040311 37.00744672 44.12161063 207.4463706 0.9742167135
20 37548 898 898 0 -4.129102886 8.26376463 -5.673690482 17.47487978 23.14857026 -23.37325403 23.34843114 46.72168518 1.335459754 22.03978936 27.91334072 196.8801872 0.989661869
21 21401 810 810 0 -0.432304194 4.231292332 -5.881451596 9.575962915 15.45741451 -7.26643104 11.12865574 18.39508678 0.9592880485 11.96689987 13.5195927 207.8516095 0.9972775366
22 65627 754 754 0 10.80257428 19.29310938 -35.29775335 11.58001855 46.8777719 -35.5504946 11.75178552 47.30228012 -1.145243439 46.28491803 46.53765928 207.0962962 0.9445818086
23 153188 3577 3577 0 2.638854618 5.484752762 -12.65415291 3.95167244 16.60582535 -18.87005177 4.155253848 23.02530562 -1.63563073 16.25399609 22.46989495 32.80091876 0.9954343183
24 68757 1648 1648 0 -0.004404171554 3.149030327 -3.821087672 4.483710447 8.304798119 -22.049529 6.744989726 28.79451872 -1.83777993 5.932868777 20.8489697 197.3322063 0.99849482
25 167830 1819 1819 0 0.2752136776 3.340097625 -5.611406539 6.58306154 12.19446808 -13.31307429 11.95216903 25.26524332 0.6914132058 8.46198159 14.98074983 25.11096694 0.9983038946
26 148588 7200 7200 0 -0.1484184292 3.301006157 -4.345303243 6.963480679 11.30878392 -13.89835419 11.94997756 25.84833175 0.7357829483 7.836707043 14.25434776 24.48602601 0.9983437147
27 167957 2 2 0 0 4.390065345 -3.951058811 3.951058811 7.902117622 -4.390065345 4.390065345 8.780130691 nan 8.341124156 8.780130691 30.89398473 0.9970660397
28 14797 910 910 0 2.499653282 7.682691452 -15.47624163 7.855167379 23.33140901 -29.67895519 16.85696994 46.53592514 -1.269254002 17.54932193 31.7520355 202.2045504 0.991078899
29 32944 479 479 0 -2.185106436 9.757404396 -9.175494517 18.6724408 27.84793532 -28.54626968 19.64801895 48.19428863 0.3135129493 24.50011671 25.47569486 200.0430177 0.9856124956
30 45751 14123 14123 0 -0.07666592625 4.28335627 -6.287911429 6.708396076 12.99630751 -34.47486898 14.31688513 48.79175411 -0.5508154695 7.527438317 33.92151615 206.0377568 0.9972143354
31 88569 2856 2856 0 -0.1273849447 6.346122308 -10.55201287 10.10759893 20.6596118 -13.12156749 12.14790158 25.26946907 -0.04363352475 11.29328133 13.8370448 194.0880698 0.9938788347
32 176287 17501 17501 0 0.1381272973 5.365508508 -8.499183748 7.339451436 15.83863518 -10.6689371 10.88701999 21.55595709 -0.08647421853 13.88476203 16.05451538 26.17076941 0.9956209464
33 117130 11951 11951 0 1.262432094 4.594529849 -12.98432974 4.487063408 17.47139315 -18.37023293 7.506281961 25.8765149 -1.791301314 14.55319583 19.93909902 29.18126929 0.9967951025
34 72822 1210 1210 0 3.847254355 11.53075991 -35.93421891 6.683386318 42.61760522 -41.15203202 7.288039313 48.44007133 -2.574385118 41.87906872 47.09688183 212.6515934 0.9803308521
35 51108 3933 3933 0 -1.081318962 4.843287913 -6.296663183 9.679722319 15.9763855 -15.06439975 13.15598749 28.22038723 0.706130281 12.15985243 15.6331393 191.6990042 0.9964330572
36 8419 2850 2850 0 -0.9013086178 4.435898879 -2.828586132 9.790696531 12.61928266 -11.81736799 35.26526314 47.08263113 4.063153315 11.08282002 36.55738663 183.4202028 0.9970356085

K=37, phase=forward, parameter=a [km]
cluster representative_source n_cluster n_valid n_missing median std p05 p95 width90 minimum maximum range skewness error95 error_max angle_origin_deg angle_resultant
0 144351 45608 45605 3 1583004.466 548602.2597 1027877.867 2763512.731 1735634.864 241974.2817 3387391.995 3145417.714 0.7333551603 982913.6114 1605730.924 nan nan
1 22426 4443 4443 0 207343.159 7023.859773 200858.495 221799.7394 20941.24432 200110.9374 223583.421 23472.48357 0.5136673012 11549.27748 13332.95912 nan nan
2 23568 922 922 0 832621.5404 160926.0352 779853.8392 1110575.723 330721.8836 769187.3523 2365530.346 1596342.994 4.677719725 277960.9799 1532915.603 nan nan
3 167952 2151 2149 2 238125.2487 10274.59774 210026.7047 246475.6722 36448.96756 195800.4036 247011.975 51211.57138 -1.287077192 26590.74263 40817.04369 nan nan
4 57501 12857 12856 1 988019.6896 204979.6633 865573.9501 1490195.125 624621.1748 239567.2773 1685783.843 1446216.566 1.00780822 487237.5613 763948.4081 nan nan
5 51611 1265 1259 6 239240.6245 78242.9079 208181.782 245579.7484 37397.96637 195340.6591 1872552.332 1677211.672 17.54675391 31031.61084 1633804.67 nan nan
6 29606 267 267 0 226721.3957 7392.521048 212139.1269 235583.7908 23444.66386 207505.1477 243069.0259 35563.87818 -0.4757134249 15285.57481 19490.74457 nan nan
7 101206 2616 2616 0 219054.6822 9651.766859 203993.0119 235284.053 31291.04115 203030.5851 246566.8939 43536.30887 0.1842557604 18737.80854 30020.64946 nan nan
8 36833 1052 1051 1 1106120.14 384924.0181 932539.8725 1715770.179 783230.3069 238822.0967 4437460.99 4198638.894 3.120401936 567514.6987 3287210.89 nan nan
9 175498 2784 2783 1 241248.0794 13416.44407 231560.8513 246788.4099 15227.55865 195568.183 849927.9025 654359.7195 33.35888278 14740.07396 603637.9498 nan nan
10 14141 8646 8645 1 206527.5159 7390.919996 198659.6111 220969.7789 22310.16788 197668.4292 223643.3887 25974.95949 0.4264934485 12378.33454 15051.94426 nan nan
11 210090 3056 3051 5 236602.5625 22741.12333 205002.3159 239803.2467 34800.93086 196756.3667 1081874.302 885117.9354 27.73968426 31346.65578 845539.4756 nan nan
12 30634 1115 1114 1 221907.021 12099.7583 204361.0605 245868.8177 41507.75719 195326.6174 247235.364 51908.74658 0.2284219564 30537.98059 31904.52694 nan nan
13 156237 2361 2361 0 842881.5113 105845.3059 771449.7445 1095516.913 324067.1687 768841.3999 1204904.305 436062.9053 1.051552619 246583.3963 355970.7884 nan nan
14 169016 13583 13583 0 215883.3719 5150.592423 209495.5593 223465.6485 13970.08919 195295.2842 244386.034 49090.74984 0.6702288558 8511.283763 26711.79329 nan nan
15 43359 2176 2176 0 224306.0043 5894.350999 212687.2712 231843.2582 19155.98695 204736.4669 243460.1778 38723.71088 -0.5307917785 11984.57653 19416.88588 nan nan
16 35110 1272 1272 0 2138951.318 1048581.799 1135190.485 4316322.738 3181132.253 226687.5877 4476312.438 4249624.85 0.4755183087 1738112.665 2396468.459 nan nan
17 61172 435 435 0 219243.4097 67358.56287 204421.2597 245886.1744 41464.9147 195418.9692 1489966.216 1294547.247 16.59316519 25778.08579 1269858.128 nan nan
18 125038 14677 14676 1 210674.3695 5293.978234 205545.7352 220548.5385 15002.80329 204045.2464 246588.0246 42542.77821 1.559913351 8081.294043 33737.84332 nan nan
19 32794 317 317 0 211320.5068 145810.3858 203437.6034 239870.6435 36433.04009 203249.8066 1492498.208 1289248.402 6.991522613 29370.31319 1281997.878 nan nan
20 37548 898 896 2 218372.7699 12030.08921 204208.4124 241750.8638 37542.45142 195367.8359 247196.8877 51829.05184 0.4626311549 27255.43192 32701.45578 nan nan
21 21401 810 809 1 240875.8725 26062.6169 226005.2597 245276.7287 19271.46897 196406.2895 953754.8766 757348.5871 25.3744823 15232.14911 712546.0997 nan nan
22 65627 754 754 0 795105.9414 61769.77929 776496.2867 967519.5706 191023.2839 772659.755 1053128.979 280469.2241 1.629669888 156401.3464 242010.7549 nan nan
23 153188 3577 3570 7 1185556.98 318822.2417 967958.5218 1864995.391 897036.8692 773863.6857 3727499.141 2953635.455 0.7127986242 609352.1961 2471855.946 nan nan
24 68757 1648 1647 1 1372163.649 236773.4467 945370.0991 1638439.456 693069.3572 239002.5991 3867846.723 3628844.124 -0.1135561082 435200.23 2489861.31 nan nan
25 167830 1819 1816 3 224574.97 257720.1997 209912.9869 247028.7956 37115.8087 197696.0776 4267165.471 4069469.393 6.311828806 24273.95245 4037404.133 nan nan
26 148588 7200 7195 5 1192007.329 340291.4327 948841.6034 1782744.403 833902.7992 772521.1289 4551570.686 3779049.557 2.369694869 565286.2106 3334112.494 nan nan
27 167957 2 2 0 222189.8777 16910.39978 206970.5179 237409.2375 30438.7196 205279.4779 239100.2775 33820.79955 nan 32129.75958 33820.79955 nan nan
28 14797 910 902 8 242823.9519 481114.7384 227677.6498 246483.1578 18805.50802 202594.7616 4542129.342 4339534.58 6.4526114 36894.14785 4299015.191 nan nan
29 32944 479 478 1 232093.9018 11460.09232 206104.0403 245088.5349 38984.49467 195549.0618 247118.9287 51569.86693 -0.5718536313 30096.59422 40651.5727 nan nan
30 45751 14123 14122 1 918387.2935 173244.2234 809028.4972 1309057.114 500028.6173 239411.6272 1952758.451 1713346.824 1.062588282 395637.3374 1035126.979 nan nan
31 88569 2856 2853 3 229229.7754 21274.07823 216408.2041 234964.6506 18556.44646 203977.9739 773983.0591 570005.0852 23.4595951 13037.0233 545268.2052 nan nan
32 176287 17501 17498 3 228917.1854 11432.19562 217646.3504 237151.9123 19505.56192 196044.9722 1509414.046 1313369.074 80.29798879 10970.79463 1281028.814 nan nan
33 117130 11951 11945 6 227766.0181 6996.053983 213842.6893 236890.6514 23047.9621 195539.2265 247072.7297 51533.5032 -0.4765921528 15081.69006 33293.10232 nan nan
34 72822 1210 1207 3 1155162.179 590668.6233 923181.7427 2229975.941 1306794.198 204424.929 4532888.748 4328463.819 3.338435038 1131673.025 3434585.832 nan nan
35 51108 3933 3933 0 208844.7153 6667.955742 202367.6374 220467.367 18099.72955 201692.0199 246538.3611 44846.34122 1.246819447 10248.55094 36319.54507 nan nan
36 8419 2850 2850 0 226706.9192 5108.271158 221693.324 231995.6043 10302.28028 203015.7444 245083.4207 42067.67634 -0.9268610802 14501.87749 24325.96647 nan nan

K=37, phase=forward, parameter=e [-]
cluster representative_source n_cluster n_valid n_missing median std p05 p95 width90 minimum maximum range skewness error95 error_max angle_origin_deg angle_resultant
0 144351 45608 45605 3 0.6988896244 0.09502861922 0.531034012 0.8280014146 0.2969674026 0.1946760287 0.8597500074 0.6650739788 -0.2195207863 0.201786808 0.5381447913 nan nan
1 22426 4443 4443 0 0.4877112895 0.05031042743 0.3835784085 0.5337278913 0.1501494828 0.3703402168 0.5389969431 0.1686567263 -0.5255800987 0.08335681672 0.09659500838 nan nan
2 23568 922 922 0 0.4097981185 0.0688056105 0.3643505782 0.5680285575 0.2036779793 0.3535949382 0.7991960764 0.4456011382 2.437728336 0.1583373988 0.3895049178 nan nan
3 167952 2151 2149 2 0.2567778051 0.08192440993 0.1768228646 0.4688767713 0.2920539067 0.1710855758 0.5693291022 0.3982435264 1.05285604 0.201748386 0.3022007168 nan nan
4 57501 12857 12856 1 0.5108574789 0.08091670006 0.4356319528 0.6797154511 0.2440834983 0.1885344455 0.7173034092 0.5287689637 0.5312642753 0.1614239879 0.3299176543 nan nan
5 51611 1265 1259 6 0.2478857507 0.08843968089 0.1901438792 0.4852949448 0.2951510655 0.1700181651 0.7457509923 0.5757328272 1.725716502 0.2333567163 0.4938127638 nan nan
6 29606 267 267 0 0.347396852 0.05562675023 0.2780057206 0.453783602 0.1757778814 0.2132005794 0.4869251522 0.2737245728 0.378313427 0.1171549419 0.1415934812 nan nan
7 101206 2616 2616 0 0.404309699 0.07132617141 0.2816390603 0.5115750533 0.229935993 0.1768984382 0.5184171408 0.3415187025 -0.2863777893 0.1403913825 0.2451320045 nan nan
8 36833 1052 1051 1 0.5653501632 0.0956331587 0.4798674166 0.722295104 0.2424276873 0.1702037848 0.8929479705 0.7227441857 0.1274324958 0.1403266861 0.4124343215 nan nan
9 175498 2784 2783 1 0.2302025247 0.05674639393 0.1735275877 0.3113575504 0.1378299628 0.1715852171 0.5709867871 0.3994015699 2.10418934 0.1316172602 0.3912464968 nan nan
10 14141 8646 8645 1 0.4933335006 0.05287930776 0.3894696568 0.5492279131 0.1597582563 0.36981521 0.5562090262 0.1863938162 -0.4387817991 0.08917802612 0.1088324729 nan nan
11 210090 3056 3051 5 0.2701566427 0.07761685476 0.2422584414 0.5045611246 0.2623026832 0.1700719612 0.5625278525 0.3924558913 1.902410311 0.2320547454 0.2900214733 nan nan
12 30634 1115 1114 1 0.3831635648 0.09259263495 0.1847055049 0.5090788313 0.3243733264 0.1685723685 0.5727162374 0.4041438689 -0.4004542857 0.2461036178 0.2622367542 nan nan
13 156237 2361 2361 0 0.4179392902 0.06727647531 0.356044006 0.5604449171 0.204400911 0.3534727016 0.6017595388 0.2482868372 0.6492003623 0.1382039169 0.1795185387 nan nan
14 169016 13583 13583 0 0.4271887298 0.03759447276 0.3720567379 0.4727765267 0.1007197888 0.2001543428 0.5729557573 0.3728014145 -0.8717086806 0.06084921116 0.2141424216 nan nan
15 43359 2176 2176 0 0.365232351 0.04377600882 0.3075977465 0.4502228783 0.1426251318 0.2094086788 0.5064513436 0.2970426648 0.4374943448 0.08749159157 0.1578031734 nan nan
16 35110 1272 1272 0 0.7778524322 0.1133756149 0.5773033867 0.8899454954 0.3126421087 0.1705568463 0.8938855077 0.7233286614 -1.492422903 0.2416385931 0.6483851334 nan nan
17 61172 435 435 0 0.4028777391 0.08829212132 0.1858209264 0.5089838076 0.3231628811 0.169493203 0.6797373159 0.510244113 -0.6785409543 0.2113038319 0.2834075219 nan nan
18 125038 14677 14676 1 0.4642599242 0.03856267041 0.3933038451 0.5006752615 0.1073714164 0.1749967884 0.5112590529 0.3362622646 -1.776991429 0.05768041921 0.2737349777 nan nan
19 32794 317 317 0 0.4621852184 0.08189787696 0.2439942022 0.5161124268 0.2721182245 0.1816681563 0.6802876347 0.4986194784 -1.242326093 0.2213207005 0.2836467465 nan nan
20 37548 898 896 2 0.4089152122 0.09139437661 0.225109619 0.5101023861 0.2849927671 0.1690549787 0.5724196201 0.4033646414 -0.6204539178 0.2117019271 0.2677565675 nan nan
21 21401 810 809 1 0.2328316085 0.05709171054 0.1900817105 0.3538414247 0.1637597142 0.1716030474 0.5650182522 0.3934152048 2.2450312 0.1238682303 0.3350450578 nan nan
22 65627 754 754 0 0.3788736156 0.04502499835 0.361058284 0.5006585063 0.1396002223 0.357303287 0.5434348864 0.1861315994 1.281319096 0.1072012448 0.149977625 nan nan
23 153188 3577 3570 7 0.5955701594 0.09158155484 0.5001977477 0.7447191535 0.2445214058 0.358302313 0.8726010776 0.5142987646 0.01035677848 0.1310774268 0.2604604578 nan nan
24 68757 1648 1647 1 0.6517104033 0.07359124025 0.4875860908 0.7090275941 0.2214415033 0.1759040453 0.8772211912 0.7013171459 -1.866310621 0.1670072277 0.4773035619 nan nan
25 167830 1819 1816 3 0.3708196024 0.1039587134 0.1777711267 0.5002617316 0.3224906049 0.1698141831 0.8887012719 0.7188870888 0.581275249 0.1759277534 0.5643672937 nan nan
26 148588 7200 7195 5 0.5977640207 0.08934067442 0.4894011951 0.732860073 0.2434588779 0.3570046691 0.8956399398 0.5386352707 0.1581665909 0.1284683744 0.2892087487 nan nan
27 167957 2 2 0 0.3759789031 0.1265000224 0.2621288829 0.4898289233 0.2277000404 0.2494788806 0.5024789255 0.2530000449 nan 0.2403500426 0.2530000449 nan nan
28 14797 910 902 8 0.2185301409 0.1126070949 0.1882463053 0.4843805082 0.2961342028 0.1722257304 0.8954250633 0.7231993329 3.936124106 0.2724369184 0.6834814736 nan nan
29 32944 479 478 1 0.3056685397 0.08880472142 0.1901719867 0.4968008405 0.3066288538 0.1698731259 0.5711935452 0.4013204193 0.3953653155 0.2241738654 0.2985665701 nan nan
30 45751 14123 14122 1 0.4709684727 0.08167034237 0.3908920475 0.6344971288 0.2436050813 0.1880788024 0.7565838101 0.5685050077 0.5048780066 0.1656832922 0.2866514241 nan nan
31 88569 2856 2853 3 0.3284313447 0.04603229862 0.2828455545 0.4233464785 0.140500924 0.1885850058 0.5117104591 0.3231254533 0.5949992802 0.09655470483 0.1795377612 nan nan
32 176287 17501 17498 3 0.3312527819 0.04636482688 0.2651740458 0.4147154541 0.1495414083 0.1700666531 0.6839207812 0.5138541281 0.5058739413 0.08369837714 0.348658394 nan nan
33 117130 11951 11945 6 0.3398898232 0.05304394567 0.2671050673 0.4417364121 0.1746313448 0.1707323136 0.5711940404 0.4004617267 0.3497656558 0.1130343419 0.2395385764 nan nan
34 72822 1210 1207 3 0.5845481979 0.1015199451 0.4742981777 0.7867313203 0.3124331426 0.2843787611 0.8952125964 0.6108338353 0.7342016114 0.2307292632 0.3331049548 nan nan
35 51108 3933 3933 0 0.4770188258 0.04849598461 0.3934385204 0.523079728 0.1296412076 0.1754842183 0.5278521997 0.3523679813 -1.409540068 0.07380696188 0.291761264 nan nan
36 8419 2850 2850 0 0.3470132769 0.03878578145 0.3061448119 0.3840058577 0.07786104588 0.1930497671 0.5185090086 0.3254592415 0.5720256758 0.1091145617 0.1763573514 nan nan

K=37, phase=forward, parameter=w [deg]
cluster representative_source n_cluster n_valid n_missing median std p05 p95 width90 minimum maximum range skewness error95 error_max angle_origin_deg angle_resultant
0 144351 45608 45605 3 -3.31497483 20.49254294 -21.50161482 34.85200659 56.35362141 -177.7394493 176.8894074 354.6288567 -0.04768249763 56.27462507 179.2103103 173.9253561 0.9436307542
1 22426 4443 4443 0 -1.863328105 11.61553347 -12.58668179 15.8301986 28.4168804 -13.4419484 48.58901898 62.03096738 1.758678722 21.20828416 53.96710455 303.1700008 0.979944897
2 23568 922 922 0 -7.926648019 32.79807618 -31.63282205 65.85999599 97.49281804 -179.110838 161.9339494 341.0447874 1.027764564 95.44874426 177.4142743 213.5566253 0.8570439629
3 167952 2151 2149 2 -2.411807051 34.26981796 -37.34269269 69.69078931 107.033482 -43.326199 177.6445789 220.9707779 1.20726388 64.04066555 152.3398147 70.48065938 0.8450227726
4 57501 12857 12856 1 -5.50367277 23.2942814 -24.89542514 41.28096322 66.17638836 -175.6803467 178.1074474 353.7877942 1.127962778 63.94573214 175.5317023 188.4223077 0.9246593013
5 51611 1265 1259 6 -6.175049577 35.08985243 -38.78644483 67.67206818 106.458513 -170.9432017 156.9747504 327.9179521 0.5348237908 57.82236988 177.7054385 104.8912467 0.8362074412
6 29606 267 267 0 -3.358869569 20.75270056 -22.62750257 39.05228742 61.67978999 -24.98775474 155.4081959 180.3959506 2.082137271 54.20639101 170.5622995 21.17807651 0.9423262546
7 101206 2616 2616 0 -4.767222132 36.26610888 -21.77912025 74.86193876 96.64105901 -179.6571742 179.4079755 359.0651497 1.972231514 74.38474757 179.943755 338.9931794 0.8751744357
8 36833 1052 1051 1 -5.075496922 29.83535318 -22.78858118 46.38017298 69.16875416 -176.2618331 167.9490829 344.2109161 1.24642518 70.99494869 177.1295832 311.4394693 0.8968036339
9 175498 2784 2783 1 -3.353506905 24.51692239 -17.20569751 30.30260354 47.50830105 -177.0931721 178.7264531 355.8196253 -0.1473266617 35.62126979 179.4809406 16.7088907 0.9349972285
10 14141 8646 8645 1 -0.6264075736 6.650709478 -9.705204947 11.89177462 21.59697956 -11.65484862 21.27959007 32.93443868 0.4537826377 16.03173617 25.41955162 301.8396964 0.9932829785
11 210090 3056 3051 5 -8.055545311 33.70994423 -23.23785589 85.38451634 108.6223722 -152.1532099 131.8907608 284.0439707 1.616139508 102.3160479 148.723922 61.17019704 0.8527690453
12 30634 1115 1114 1 2.863938123 44.33018182 -65.71632267 64.84546105 130.5617837 -173.6232886 175.5170031 349.1402918 -0.1184366754 116.0350214 176.8161279 38.01547343 0.7914434722
13 156237 2361 2361 0 -6.734959829 38.99851813 -36.53970493 81.00858314 117.5482881 -40.90973383 165.2661057 206.1758395 1.488069121 103.6489008 179.4753023 237.7675856 0.8113997172
14 169016 13583 13583 0 -4.896452509 21.34415315 -17.39684061 30.23026646 47.62710707 -179.3173794 179.9243998 359.2417793 1.571345439 43.15404833 179.197262 8.251320736 0.9412539761
15 43359 2176 2176 0 -4.630042853 13.60955759 -9.523570885 26.84416793 36.36773881 -133.6967043 59.05571181 192.7524161 -0.4544608478 32.43977127 128.6707026 300.5220676 0.9740020579
16 35110 1272 1272 0 -4.110511584 41.92650301 -27.35535059 108.0956373 135.4509879 -178.7753797 177.3781728 356.1535525 1.175048678 134.8881361 179.4162666 270.9070005 0.8230974069
17 61172 435 435 0 -1.416426101 36.94500497 -64.1574127 42.70641959 106.8638323 -177.6489488 175.486451 353.1353998 -0.2052457472 74.40047628 175.8269115 61.99879728 0.8636844352
18 125038 14677 14676 1 -2.767871325 19.68484167 -18.40369866 32.07047832 50.47417698 -174.0607419 176.9556378 351.0163797 2.070707896 44.8766354 179.4148949 11.18069864 0.9513653874
19 32794 317 317 0 -5.460416951 49.77903234 -65.09448433 122.5089319 187.6034162 -147.2840256 136.7091499 283.9931755 1.192239589 138.0550155 152.2552335 31.23221919 0.7149044184
20 37548 898 896 2 -0.908146397 41.28951059 -66.01721383 55.29101138 121.3082252 -176.3838847 161.5947546 337.9786393 -0.6023997665 69.11145833 176.0595795 44.3000874 0.8048394194
21 21401 810 809 1 -2.92588368 23.6193837 -21.78070071 54.31568842 76.09638913 -179.302061 130.3823102 309.6843712 1.64082957 61.30042993 173.923046 157.9779103 0.9319248738
22 65627 754 754 0 -2.732410535 20.92144688 -27.05505387 44.84363442 71.8986883 -30.94629637 95.04861384 125.9949102 0.8914304118 40.00343537 90.20841479 214.1650858 0.9359948601
23 153188 3577 3570 7 -4.635316189 50.8954491 -37.36885709 129.8073183 167.1761754 -178.7875714 179.6577903 358.4453617 1.037037475 154.5751962 179.9970286 247.8472728 0.7351907915
24 68757 1648 1647 1 -5.161427095 35.07567005 -19.79769629 54.25659182 74.0542881 -174.6321153 174.5060481 349.1381634 1.470764057 82.68979345 179.7377854 201.9896637 0.874193417
25 167830 1819 1816 3 -4.277762931 31.07228646 -46.58890303 52.89002234 99.47892537 -177.4308366 162.4455672 339.8764039 0.2056539699 73.34426493 174.8134557 132.2483079 0.8778565663
26 148588 7200 7195 5 -4.857041336 33.22278814 -27.20942433 63.4813901 90.69081444 -177.2327336 178.8386078 356.0713414 1.441500218 99.3001155 178.9921723 293.5687268 0.8695497404
27 167957 2 2 0 1.421085472e-14 32.6535022 -29.38815198 29.38815198 58.77630396 -32.6535022 32.6535022 65.3070044 nan 62.04165418 65.3070044 133.3077657 0.8419489313
28 14797 910 902 8 -2.762805162 31.98828452 -28.76700729 55.76772024 84.53472753 -177.5436091 178.0226208 355.5662299 0.9448903612 85.7203469 173.1407709 163.7715419 0.8887260721
29 32944 479 478 1 -8.51081389 44.60809311 -44.99790592 86.75139857 131.7493045 -171.9807235 163.3886512 335.3693747 0.6257484725 129.5211974 175.2095941 88.43084319 0.7456278414
30 45751 14123 14122 1 -6.05454355 26.41723381 -28.23177867 47.30186647 75.53364514 -178.7370694 177.4967869 356.2338563 1.105050643 73.42190124 179.7523756 192.3769956 0.9055572984
31 88569 2856 2853 3 -2.681871966 17.01496508 -15.98173286 30.64687994 46.62861279 -150.7845547 118.6308424 269.4153971 -1.144265959 37.38439634 145.1683751 313.3239787 0.9619023832
32 176287 17501 17498 3 -2.335216797 20.72790341 -19.3161429 36.293405 55.60954791 -179.5098811 177.0348733 356.5447543 1.593084313 54.72516958 179.9422297 15.02179523 0.9456038106
33 117130 11951 11945 6 -4.813997962 29.00980318 -23.8985697 37.69144846 61.59001817 -176.9990794 179.875965 356.8750445 -1.830985074 62.65918197 177.1121204 15.88924974 0.9031641635
34 72822 1210 1207 3 -4.102878787 36.89167174 -27.965448 57.65343743 85.61888544 -179.0976491 175.896168 354.9938171 0.7378834209 84.0949086 179.9318403 253.6824384 0.8604526227
35 51108 3933 3933 0 -0.9380979302 20.78793719 -19.13136811 21.94036904 41.07173715 -129.5490857 158.2959009 287.8449866 3.159612495 28.66665319 164.8890302 314.6085231 0.9485681731
36 8419 2850 2850 0 -2.992331498 12.36332607 -5.752124967 23.11576728 28.86789225 -148.6881964 59.61125181 208.2994482 1.7352453 29.59437026 143.5972744 295.301563 0.9787216542

K=41, STD=0.01140843192
n = trajectories per cluster; conditions overlap.
n = 1: clusters=0/41 (0.00%); trajectories=0/194124 (0.00%)
n < 10: clusters=1/41 (2.44%); trajectories=2/194124 (0.00%)
n < 100: clusters=1/41 (2.44%); trajectories=2/194124 (0.00%)

K=41, phase=backward, parameter=a [km]
cluster representative_source n_cluster n_valid n_missing median std p05 p95 width90 minimum maximum range skewness error95 error_max angle_origin_deg angle_resultant
0 144351 45608 45608 0 1609435.556 546079.7095 1049737.852 2780281.199 1730543.347 948409.815 3389473.317 2441063.502 0.7313749237 1092243.77 1701435.888 nan nan
1 22426 4427 4427 0 212720.169 3483.600155 207247.5468 217849.8752 10602.32845 205441.7435 219891.0994 14449.35587 -0.08107274868 5984.491445 7767.313308 nan nan
2 24011 832 832 0 244745.619 2113.529966 240517.071 246886.9527 6369.881657 239693.3299 247007.5314 7314.201492 -0.462054382 4220.205891 5043.947072 nan nan
3 167952 2141 2141 0 824641.8625 47750.43862 775366.6174 934049.107 158682.4896 771582.7651 1047698.978 276116.2126 0.9452864448 116471.9207 230121.7915 nan nan
4 48782 6034 6034 0 213982.3102 4302.981743 207693.3564 221000.1942 13306.83778 207189.7961 222704.3098 15514.5137 0.1021571343 7276.553741 7828.536009 nan nan
5 51611 1255 1255 0 2998077.148 1067000.845 1437031.526 4396655.794 2959624.267 1094054.493 4548015.641 3453961.149 -0.06040915423 2290341.993 2441701.841 nan nan
6 35310 324 324 0 242839.4885 5782.766351 229073.7797 247156.0934 18082.31373 224814.3433 247235.4223 22421.07902 -0.9575644243 13800.99212 18060.42854 nan nan
7 28151 1477 1477 0 227029.2245 5237.600548 217454.6756 234808.4939 17353.81835 214003.4589 237360.0789 23356.61997 -0.2602485016 9788.294812 11857.98437 nan nan
8 40315 899 899 0 214595.5043 8138.203214 204312.4461 228691.7798 24379.33366 195346.2669 233189.1212 37842.85426 0.2016114475 15790.42125 20194.06646 nan nan
9 175498 2764 2764 0 796467.4745 44189.5979 777123.0344 869985.8345 92862.80013 768134.4346 1188019.989 419885.5548 3.38285195 58715.76052 376749.9155 nan nan
10 14141 8568 8568 0 226750.9021 4481.008046 219328.5307 233670.1749 14341.64417 218013.3641 235783.2038 17769.83974 -0.03922469621 7712.28731 9573.138006 nan nan
11 210090 3039 3039 0 1211109.965 379541.3571 922445.8083 2135679.403 1213233.594 863691.9682 2891885.99 2028194.022 1.417190429 877814.595 1634021.183 nan nan
12 31323 851 851 0 227061.7992 5683.195809 217757.1344 235607.4327 17850.29823 214825.2669 242353.7122 27528.4453 -0.05883927195 10507.54616 17253.82573 nan nan
13 156237 2361 2361 0 1124387.975 290329.3586 973967.2403 1849763.036 875795.7956 852104.7857 1896509.705 1044404.919 0.8964025698 681997.6517 728744.3206 nan nan
14 165903 8837 8837 0 898887.9384 59746.9973 845944.8724 1033140.975 187196.1023 782277.9685 1154503.297 372225.3287 1.115404441 143552.0367 264914.3592 nan nan
15 43359 2143 2143 0 201825.7285 2316.77609 199446.6161 206501.8792 7055.26317 195307.782 207213.3943 11905.61227 0.4562458949 5714.887125 6426.402173 nan nan
16 50026 1254 1254 0 233411.5571 4705.075805 224175.758 240036.628 15860.86999 217107.4155 241397.1086 24289.6931 -0.3624756424 9975.470823 17043.81332 nan nan
17 61172 452 452 0 204393.7233 1599.295001 203596.4476 207051.3708 3454.923247 195309.8806 211611.2664 16301.38578 -0.9708567874 2930.593726 8903.121813 nan nan
18 120454 12566 12566 0 1290035.458 170105.0563 1068446.243 1594587.648 526141.405 1024639.492 2382948.841 1358309.348 0.2751762523 321183.1115 1109544.304 nan nan
19 32794 303 303 0 243871.4811 2890.856478 238464.338 247131.0577 8666.719673 237453.5232 247185.0776 9731.554363 -0.3473450562 4924.66688 5935.481649 nan nan
20 110558 1907 1907 0 211372.9202 6055.938265 207009.7348 222347.4875 15337.7527 205137.2823 237502.2698 32364.98756 1.869175862 11226.16589 26380.94822 nan nan
21 22279 803 803 0 240661.9338 3136.191076 232997.6332 241684.5054 8686.872213 214339.3951 242308.6865 27969.29135 -3.718221277 7621.234355 26279.4724 nan nan
22 65627 743 743 0 235369.7949 4170.511929 227781.9934 240034.0805 12252.08715 214008.8361 242130.226 28121.38991 -1.09492962 8808.33108 17565.57378 nan nan
23 153188 3577 3577 0 861780.0551 89283.08917 771635.4377 1040632.19 268996.7527 768762.4125 1135407.224 366644.8114 0.4791577975 203039.7138 297814.7473 nan nan
24 69136 1600 1600 0 206097.7636 1068.493967 204660.5751 207093.5057 2432.930575 195292.2075 207192.4814 11900.27395 -4.205769111 1339.822148 10708.18977 nan nan
25 167830 1814 1814 0 1030907.048 213125.7214 930054.3039 1586269.883 656215.5795 785687.6499 1720590.413 934902.7633 1.191953689 585537.8423 719858.3722 nan nan
26 148588 7200 7200 0 1200880.077 320786.4914 951833.3686 1784059.042 832225.6729 859168.0389 4550878.486 3691710.447 1.869810697 594686.3158 3361505.76 nan nan
27 167957 2 2 0 794337.6619 18603.38645 777594.6141 811080.7097 33486.0956 775734.2754 812941.0483 37206.77289 nan 35346.43425 37206.77289 nan nan
28 14797 846 846 0 244095.3402 1441.259686 241689.0707 245527.5849 3838.514197 235761.3829 247133.4129 11372.03003 -0.7692021811 2549.989666 8170.764328 nan nan
29 32944 457 457 0 218663.9732 10008.41345 206458.5559 236134.1819 29675.62601 205184.2305 241552.792 36368.56149 0.275893883 16957.05633 22375.66645 nan nan
30 45291 13142 13142 0 229853.1057 5012.216113 222193.3937 237742.1468 15548.75313 216186.8945 240090.2645 23903.36998 0.01777899103 10433.72935 12780.3392 nan nan
31 88569 2774 2774 0 200689.1597 2564.254986 198114.0532 205948.5541 7834.500833 197650.7279 207200.8564 9550.12851 0.476837753 6089.745267 7342.047611 nan nan
32 176015 15556 15556 0 850652.0005 54034.29555 804675.0989 979230.0212 174554.9223 768052.7014 1041678.847 273626.1458 0.9498251784 132341.355 194790.181 nan nan
33 116002 11138 11138 0 1157014.094 160335.3999 963376.3522 1433231.517 469855.1652 929419.038 2591610.538 1662191.5 1.054565926 304058.6355 1462437.656 nan nan
34 31657 487 487 0 243688.5077 2873.436323 238275.4241 247028.9441 8753.51997 235489.5782 247282.6172 11793.03894 -0.4762170125 5206.304959 7992.150846 nan nan
35 51108 3933 3933 0 202997.1387 1753.38685 200728.8209 206491.0595 5762.238552 195426.4351 207190.2944 11763.85931 0.3174570046 4498.491313 6582.611447 nan nan
36 8025 2574 2574 0 218068.4553 5510.865549 209034.6037 226820.273 17785.66921 207216.234 235068.7778 27852.54379 0.0002987822163 9761.98196 17408.58269 nan nan
37 165874 9677 9677 0 932890.4378 52991.23248 876815.0836 1039778.166 162963.0819 811017.9487 1169268.417 358250.4679 0.5380616436 106128.4222 235451.2861 nan nan
38 35110 1219 1219 0 238698.1365 2116.676811 236527.7384 241689.2798 5161.541404 204469.7379 242953.9111 38484.17316 -7.123173713 3255.429276 34468.81294 nan nan
39 80819 7678 7678 0 213997.4821 4216.589635 208323.8585 220786.3641 12462.50552 195310.7333 237552.184 42241.45068 0.569795722 7166.060698 22203.27151 nan nan
40 38011 862 862 0 212694.4664 4425.32605 206347.8927 220662.9468 14315.05408 205191.7688 234339.7303 29147.96151 0.3982344465 7800.623412 21120.79299 nan nan

K=41, phase=backward, parameter=e [-]
cluster representative_source n_cluster n_valid n_missing median std p05 p95 width90 minimum maximum range skewness error95 error_max angle_origin_deg angle_resultant
0 144351 45608 45608 0 0.7038729313 0.09163614799 0.5412742641 0.8290728775 0.2877986135 0.4881113724 0.8598376402 0.3717262677 -0.1959677108 0.1765958706 0.2297587623 nan nan
1 22426 4427 4427 0 0.4493658443 0.02495333894 0.4124059025 0.4884016112 0.07599570868 0.3978153457 0.5012262179 0.1034108722 0.07400007741 0.04276044604 0.05541087695 nan nan
2 24011 832 832 0 0.1953716445 0.02134294159 0.1725305129 0.2368690808 0.06433856789 0.1711268948 0.2441558693 0.07302897443 0.4080565648 0.04039075283 0.04767754134 nan nan
3 167952 2141 2141 0 0.404052998 0.03629792806 0.359927788 0.4807908379 0.12086305 0.3561485094 0.540961113 0.1848126037 0.5922412867 0.08339678685 0.1435670619 nan nan
4 48782 6034 6034 0 0.4406606058 0.030840907 0.3900831309 0.4854440641 0.09536093314 0.3777807411 0.4891161724 0.1113354313 -0.1130775636 0.05210022823 0.05646018788 nan nan
5 51611 1255 1255 0 0.8414752035 0.08192103813 0.6676758194 0.8919685047 0.2242926853 0.559813993 0.8955575814 0.3357435884 -0.7655180959 0.1204352203 0.2142585318 nan nan
6 35310 324 324 0 0.2139358058 0.05169896923 0.1695040683 0.330558488 0.1610544197 0.168591401 0.362571352 0.193979951 0.7791239494 0.1154532137 0.1474660777 nan nan
7 28151 1477 1477 0 0.3454766599 0.0395120334 0.2841324068 0.4155435486 0.1314111418 0.2642988962 0.440294461 0.1759955648 0.1808249143 0.07485294187 0.09222628108 nan nan
8 40315 899 899 0 0.4362807728 0.05889089448 0.3325389693 0.5093953671 0.1768563979 0.2973835172 0.5726100257 0.2752265085 -0.2327504127 0.1157416188 0.1501889354 nan nan
9 175498 2764 2764 0 0.3797227751 0.03200301649 0.3616560027 0.4385422652 0.07688626247 0.3526634878 0.597116756 0.2444532682 2.323864518 0.04637361847 0.2049481092 nan nan
10 14141 8568 8568 0 0.3467815672 0.0338980068 0.2931511705 0.4016349918 0.1084838213 0.2759808255 0.4112959915 0.135315166 -0.004345711265 0.05828503286 0.07490123562 nan nan
11 210090 3039 3039 0 0.6047990029 0.09377149536 0.4736475825 0.7775119836 0.3038644011 0.4332311191 0.8357881902 0.4025570711 0.2769821967 0.1658915647 0.2157427113 nan nan
12 31323 851 851 0 0.3450683217 0.04325045582 0.2775871758 0.4136006128 0.136013437 0.2165533359 0.4344322577 0.2178789218 -0.01770816359 0.0820033238 0.1430371637 nan nan
13 156237 2361 2361 0 0.5729700708 0.08283323676 0.5035083949 0.7426176177 0.2391092228 0.4246648142 0.7489920442 0.32432723 0.474206224 0.1536316655 0.1645411633 nan nan
14 165903 8837 8837 0 0.458339457 0.03556892746 0.4209328027 0.5328480316 0.1119152289 0.3661309769 0.5839901982 0.2178592213 0.7362830539 0.08115394813 0.1321423726 nan nan
15 43359 2143 2143 0 0.5267681496 0.01645027317 0.4935541435 0.5436549175 0.05010077398 0.488446606 0.5728758046 0.08442919862 -0.4594347836 0.04056371047 0.04567124803 nan nan
16 50026 1254 1254 0 0.2962795861 0.03747109982 0.240102774 0.3670521589 0.126949385 0.2254549829 0.4170346165 0.1915796336 0.2608231555 0.07650458069 0.1264870383 nan nan
17 61172 452 452 0 0.5087474645 0.01130183582 0.4899703371 0.5144167028 0.02444636571 0.4578691075 0.5728380059 0.1149688984 0.9655973326 0.02081319979 0.06281814945 nan nan
18 120454 12566 12566 0 0.6289749323 0.04910815949 0.5492425611 0.7009384639 0.1516959028 0.5285301802 0.8006659886 0.2721358083 -0.0812298723 0.0820994331 0.1766446215 nan nan
19 32794 303 303 0 0.2046283992 0.02842863269 0.1699168359 0.2546162058 0.08469936992 0.1691570339 0.2636358172 0.0944787833 0.2474059782 0.04450552111 0.05352513245 nan nan
20 110558 1907 1907 0 0.4592837342 0.04414859087 0.3807270138 0.4904377058 0.109710692 0.263212555 0.5036553622 0.2404428072 -1.991658621 0.08063587094 0.1981503298 nan nan
21 22279 803 803 0 0.2346603232 0.02576940656 0.225556946 0.2999236694 0.0743667234 0.2197531228 0.4370851162 0.2173319934 3.526026523 0.06478107806 0.2019425249 nan nan
22 65627 743 743 0 0.2803317263 0.03346737036 0.2398466412 0.3384784338 0.09863179252 0.2187022509 0.4394687349 0.220766484 0.860432112 0.07426062488 0.128295466 nan nan
23 153188 3577 3577 0 0.4320884108 0.06050452913 0.3562138211 0.5362515815 0.1800377604 0.3533386986 0.5778355597 0.2244968611 0.2093739926 0.1227558056 0.1643397839 nan nan
24 69136 1600 1600 0 0.4967631376 0.007540515926 0.4896929039 0.5069042901 0.01721138628 0.4888996391 0.5729713754 0.08407173634 4.191530138 0.009479479671 0.07554656496 nan nan
25 167830 1814 1814 0 0.5322633663 0.07407497125 0.4783338623 0.6994163275 0.2210824652 0.3692853471 0.7230820827 0.3537967355 0.6939856277 0.1821358933 0.2058016485 nan nan
26 148588 7200 7200 0 0.6008347956 0.08664118791 0.4911304217 0.733034515 0.2419040933 0.4299217109 0.8956261106 0.4657043998 0.1652471605 0.1366899959 0.2987704294 nan nan
27 167957 2 2 0 0.377018032 0.01641729503 0.3622424664 0.3917935975 0.02955113105 0.3606007369 0.393435327 0.03283459006 nan 0.03119286055 0.03283459006 nan nan
28 14797 846 846 0 0.2022282309 0.01427743159 0.1869589393 0.2253933764 0.03843443713 0.1698247327 0.2742923448 0.1044676121 0.5073313933 0.02579299082 0.0704169496 nan nan
29 32944 457 457 0 0.4068211733 0.07415539102 0.2737952288 0.4941832727 0.2203880439 0.2246927558 0.5032872386 0.2785944828 -0.3348035623 0.1292629954 0.1783654685 nan nan
30 45291 13142 13142 0 0.3239349119 0.03899577138 0.2601699142 0.3814101669 0.1212402527 0.239498846 0.4237159538 0.1842171079 -0.08552853298 0.08318952048 0.1038605887 nan nan
31 88569 2774 2774 0 0.5349384875 0.01806905264 0.4979288435 0.5530734737 0.05514463017 0.4887721887 0.5563450703 0.06757288161 -0.478148894 0.04290642646 0.05206308128 nan nan
32 176015 15556 15556 0 0.424597203 0.0370038081 0.3871442349 0.5069065116 0.1197622767 0.3526417655 0.5380310524 0.1853892869 0.6733762938 0.08568651745 0.1168110582 nan nan
33 116002 11138 11138 0 0.5849084368 0.05426463155 0.4969312573 0.6668100493 0.169878792 0.4771754213 0.8167420041 0.3395665828 0.2100781188 0.09355580129 0.2424768204 nan nan
34 31657 487 487 0 0.2064895028 0.02799230511 0.1710047189 0.2564563296 0.08545161073 0.168193931 0.2765120292 0.1083180982 0.3487553299 0.04728945622 0.06734515583 nan nan
35 51108 3933 3933 0 0.5186111216 0.01242626436 0.4937881231 0.5346230233 0.04083490027 0.4886581369 0.5719985499 0.08334041304 -0.3227777121 0.03181145003 0.04646429885 nan nan
36 8025 2574 2574 0 0.4105254679 0.04013069735 0.3458388254 0.4754878321 0.1296490068 0.281939602 0.4884624285 0.2065228265 -0.02922254614 0.07099517504 0.1316026038 nan nan
37 165874 9677 9677 0 0.4796058468 0.03007344155 0.4435557828 0.5361389155 0.09258313267 0.3919964047 0.5904545597 0.1984581549 0.3557745769 0.05626127719 0.1103506033 nan nan
38 35110 1219 1219 0 0.2523941698 0.0173748556 0.2257658822 0.271216548 0.04545066577 0.2137959957 0.5082403438 0.294444348 5.353618346 0.02865119193 0.2578232462 nan nan
39 80819 7678 7678 0 0.4407574611 0.0303314092 0.3919011825 0.4810165186 0.08911533618 0.2627558749 0.5728514127 0.3100955378 -0.6585010139 0.05097713081 0.168363122 nan nan
40 38011 862 862 0 0.4497825447 0.03167142455 0.3927699445 0.4948635837 0.1020936392 0.2892944998 0.5032275587 0.2139330589 -0.4220017213 0.05560250514 0.1566529647 nan nan

K=41, phase=backward, parameter=w [deg]
cluster representative_source n_cluster n_valid n_missing median std p05 p95 width90 minimum maximum range skewness error95 error_max angle_origin_deg angle_resultant
0 144351 45608 45608 0 -0.5465108141 4.279034194 -5.680701584 9.497097996 15.17779958 -9.723952081 15.55222876 25.27618084 1.086097954 11.32292441 17.37805517 20.45610929 0.9972168075
1 22426 4427 4427 0 -0.6157640799 4.675591622 -4.340614591 4.204306973 8.544921564 -4.931036414 23.38257735 28.31361376 2.993376371 5.875612971 25.05388335 188.3637903 0.9966945699
2 24011 832 832 0 4.438559256 13.62325338 -24.70254978 14.66753867 39.37008845 -27.33713964 15.46837721 42.80551684 -0.5883978612 34.01915233 36.65374219 202.5516232 0.9719864178
3 167952 2141 2141 0 0.1067143208 6.399943629 -9.702879993 7.689729802 17.39260979 -13.20449057 8.254620947 21.45911152 -0.1899018663 16.65846108 20.16007166 28.02385639 0.9937718042
4 48782 6034 6034 0 -0.8178355605 4.259634421 -4.881735577 9.706209264 14.58794484 -24.07995354 17.39260359 41.47255713 1.530388884 11.03360467 22.78788067 198.5148359 0.9972446534
5 51611 1255 1255 0 -2.375124879 6.660642623 -6.807837923 11.85512051 18.66295843 -7.005973074 17.13176686 24.13773993 0.5599221434 13.14494816 13.34308331 17.62107978 0.9932583348
6 35310 324 324 0 7.556921742 15.24337148 -31.93401965 13.10547707 45.03949672 -35.13423952 13.11831345 48.25255297 -0.9648047552 41.83189066 45.03211052 207.1103049 0.9651309332
7 28151 1477 1477 0 -5.334837668 10.54053301 -10.69976802 16.30873211 27.00850013 -31.71293889 16.80858605 48.52152495 0.5306464011 23.05556633 25.0385527 203.2166285 0.9831698913
8 40315 899 899 0 -0.8114794339 5.173617692 -4.435601345 10.69210161 15.12770296 -24.1999017 19.50068971 43.70059141 0.5013177768 15.47328299 23.1909039 196.5803146 0.9959458193
9 175498 2764 2764 0 1.171592706 5.557815105 -10.18841363 6.534416626 16.72283026 -15.11629066 6.785926576 21.90221724 -0.6307503368 15.29895882 20.22683585 28.80830964 0.9953039397
10 14141 8568 8568 0 0.08395392357 3.467253696 -5.641544349 5.495729585 11.13727393 -7.036269814 6.818966878 13.85523669 -0.04287852358 6.052474151 7.146289484 190.9094866 0.998170075
11 210090 3039 3039 0 -3.384793314 7.126552948 -6.693204692 16.88927834 23.58248304 -7.429033908 18.25516943 25.68420333 1.19535493 21.27527688 22.64116796 18.10522459 0.9922972313
12 31323 851 851 0 -0.1965437449 7.247275906 -5.104679251 19.03523545 24.1399147 -26.78262177 21.95699593 48.7396177 0.1871346365 21.00907584 26.18428183 198.2350274 0.9920957971
13 156237 2361 2361 0 -0.03055459192 2.711291256 -3.558799158 4.616913053 8.17571221 -6.294483154 12.86680944 19.1612926 1.80993385 5.988546383 12.23896718 23.60046695 0.9988823112
14 165903 8837 8837 0 1.359133422 4.432462838 -8.021298634 4.566650743 12.58794938 -13.32868156 9.365414063 22.69409562 -0.5489157458 11.70698494 17.01436786 27.69237533 0.997011231
15 43359 2143 2143 0 -1.850318304 5.422928347 -5.934378468 11.56321746 17.49759593 -7.054421564 17.07323296 24.12765452 1.069636158 13.14972568 18.65974118 187.773864 0.9955319928
16 50026 1254 1254 0 3.85650362 9.813339569 -12.2125736 8.918814409 21.13138801 -38.59438227 9.423611464 48.01799373 -1.962800912 16.84287961 43.22468827 210.0939436 0.9856078745
17 61172 452 452 0 -0.9059560123 3.975213904 -3.891800063 7.265964463 11.15776453 -20.06706884 13.29724345 33.36431229 0.0901533606 9.61580665 18.02049968 195.2743506 0.9975993474
18 120454 12566 12566 0 0.01590173299 1.836110629 -2.735028506 2.672137917 5.407166423 -16.04458111 7.914264567 23.95884568 -0.4661530421 3.056099507 15.98945116 26.9899358 0.999486955
19 32794 303 303 0 5.562198113 12.77103116 -28.44617953 11.21290909 39.65908862 -35.24069028 11.60755016 46.84824044 -1.206794265 36.17176415 42.9662749 208.3511457 0.9754951535
20 110558 1907 1907 0 4.229872896 11.89836232 -23.12993621 12.37878177 35.50871798 -23.76971732 16.13977072 39.90948804 -0.8774347843 28.31497166 28.95475277 203.9115231 0.9786217841
21 22279 803 803 0 -0.2099397439 4.07803425 -5.523171925 9.527535335 15.05070726 -33.97689545 11.49643661 45.47333205 0.250235108 11.04583779 32.52672347 207.4838286 0.9974773213
22 65627 743 743 0 10.61247656 19.30514747 -35.50209407 11.37851238 46.88060645 -35.75699754 11.54528258 47.30228012 -1.170222188 46.28275581 46.53765928 207.3027991 0.9445375398
23 153188 3577 3577 0 2.638854618 5.484752762 -12.65415291 3.95167244 16.60582535 -18.87005177 4.155253848 23.02530562 -1.63563073 16.25399609 22.46989495 32.80091876 0.9954343183
24 69136 1600 1600 0 0.001923540467 3.016701935 -3.737221055 4.418167624 8.155388679 -21.96353649 6.534990314 28.4985268 -1.865717432 5.661678744 20.8554298 197.2462138 0.9986185241
25 167830 1814 1814 0 0.275770537 3.334192793 -5.591633398 6.597597048 12.18923045 -13.32007313 11.94517019 25.26524332 0.6986285768 8.441108034 14.98074983 25.11796578 0.9983098888
26 148588 7200 7200 0 -0.1484184292 3.301006157 -4.345303243 6.963480679 11.30878392 -13.89835419 11.94997756 25.84833175 0.7357829483 7.836707043 14.25434776 24.48602601 0.9983437147
27 167957 2 2 0 0 4.390065345 -3.951058811 3.951058811 7.902117622 -4.390065345 4.390065345 8.780130691 nan 8.341124156 8.780130691 30.89398473 0.9970660397
28 14797 846 846 0 2.404129258 7.595755517 -15.11414187 7.81088646 22.92502833 -29.4598351 16.52990009 45.98973518 -1.293110684 17.40634227 31.7520355 201.9854303 0.9912797868
29 32944 457 457 0 -2.156365618 9.76036554 -9.034826941 18.9445218 27.97934874 -28.40375266 19.79053598 48.19428863 0.353049368 24.62968068 25.47569486 199.9005007 0.9856020219
30 45291 13142 13142 0 -0.1621876772 4.231207402 -6.010066529 6.621643588 12.63171012 -34.55059286 14.24116125 48.79175411 -0.5674411346 7.354368072 34.02788011 206.1134807 0.9972824778
31 88569 2774 2774 0 -0.1387631785 6.20703431 -10.30702648 9.964980188 20.27200667 -12.83747086 12.31465597 25.15212684 -0.03214636299 11.31702776 13.8370448 193.8039732 0.9941438882
32 176015 15556 15556 0 0.09516912437 5.442985549 -8.524540192 7.448874668 15.97341486 -10.58249313 10.95147142 21.53396456 -0.06999378532 14.12942084 16.18737378 26.08432544 0.9954936429
33 116002 11138 11138 0 1.196717504 4.561730095 -13.13072205 4.42901789 17.55973994 -18.40379227 6.909894274 25.31368654 -1.853763235 14.61849426 19.89156448 29.21482862 0.9968410771
34 31657 487 487 0 4.348260769 13.50629795 -28.56114236 13.13901617 41.70015853 -33.80033905 14.00161024 47.80194929 -1.005376771 38.07310498 43.31230167 205.9380225 0.9725726897
35 51108 3933 3933 0 -1.081318962 4.843287913 -6.296663183 9.679722319 15.9763855 -15.06439975 13.15598749 28.22038723 0.706130281 12.15985243 15.6331393 191.6990042 0.9964330572
36 8025 2574 2574 0 -0.4039093552 3.263142615 -2.340831786 1.619015468 3.959847254 -2.927319081 36.12741192 39.054731 6.260282232 2.258802893 36.72332513 183.0527782 0.9984025303
37 165874 9677 9677 0 0.3039876044 2.211144849 -4.144125725 2.507894705 6.65202043 -14.42269594 8.122579598 22.54527554 -0.8666226533 5.633831092 15.64766237 28.24650007 0.9992559803
38 35110 1219 1219 0 -0.04137292891 3.050274159 -5.370259546 6.104825612 11.47508516 -16.70671798 7.927002695 24.63372067 0.07152535354 7.487879808 16.86575244 211.7708485 0.9985845953
39 80819 7678 7678 0 -0.1500234068 4.139053203 -5.23675286 6.387971858 11.62472472 -31.20697919 15.1342873 46.34126648 -0.7362259943 7.626939484 33.10896657 204.2134133 0.9974029549
40 38011 862 862 0 -4.30598422 8.17271358 -5.806751118 17.33606003 23.14281114 -24.7515035 22.66299115 47.41449465 1.193672794 22.13623073 27.46316185 197.027495 0.9898793364

K=41, phase=forward, parameter=a [km]
cluster representative_source n_cluster n_valid n_missing median std p05 p95 width90 minimum maximum range skewness error95 error_max angle_origin_deg angle_resultant
0 144351 45608 45605 3 1583004.466 548602.2597 1027877.867 2763512.731 1735634.864 241974.2817 3387391.995 3145417.714 0.7333551603 982913.6114 1605730.924 nan nan
1 22426 4427 4427 0 207243.564 6989.078486 200855.4244 221695.1383 20839.71393 200110.9374 223395.3708 23284.43335 0.5160823755 11444.67643 13144.9089 nan nan
2 24011 832 832 0 823219.9569 55903.91724 779260.2262 948339.0978 169078.8716 769187.3523 1139149.767 369962.4145 2.196391643 116989.1988 307799.8678 nan nan
3 167952 2141 2139 2 238139.3227 10240.98795 210334.9722 246479.4179 36144.44568 195800.4036 247011.975 51211.57138 -1.297264238 26282.4751 40817.04369 nan nan
4 48782 6034 6034 0 1241135.119 183542.2778 1009960.921 1551711.441 541750.5202 239448.114 1687340.425 1447892.311 -0.2268037257 311532.508 1013524.182 nan nan
5 51611 1255 1249 6 239244.3201 78552.28839 208069.134 245554.8052 37485.67125 195340.6591 1872552.332 1677211.672 17.4782959 31041.186 1633804.67 nan nan
6 35310 324 324 0 228776.2479 6765.559641 213547.3585 235417.1101 21869.75157 207505.1477 243069.0259 35563.87818 -0.7609700965 14984.76648 20979.01654 nan nan
7 28151 1477 1477 0 220773.0515 12233.4707 203766.5303 241796.575 38030.04474 195326.6174 247065.2678 51738.65037 0.2098767269 21936.47875 26938.66375 nan nan
8 40315 899 899 0 1116733.574 336531.5821 932903.8016 1712706.449 779802.6477 237157.7578 4301158.028 4064000.27 1.684376165 547153.5247 3127783.726 nan nan
9 175498 2764 2763 1 241296.368 13588.85581 231743.8189 246791.0759 15047.25695 195568.183 849927.9025 654359.7195 32.28121467 14548.09682 603637.9498 nan nan
10 14141 8568 8567 1 206435.5796 7311.524298 198654.2571 220721.3724 22067.1153 197668.4292 223355.1888 25686.75958 0.4302243721 12129.92797 14763.74435 nan nan
11 210090 3039 3034 5 236619.7598 22798.69339 204994.8991 239809.6344 34814.73532 196756.3667 1081874.302 885117.9354 27.68213187 31353.19964 845539.4756 nan nan
12 31323 851 851 0 222643.4085 10303.83357 208271.7361 246130.0464 37858.3103 196214.0937 247235.364 51021.27028 0.3824425755 25863.51816 26968.83577 nan nan
13 156237 2361 2361 0 842881.5113 105845.3059 771449.7445 1095516.913 324067.1687 768841.3999 1204904.305 436062.9053 1.051552619 246583.3963 355970.7884 nan nan
14 165903 8837 8836 1 220110.9946 5264.090115 211890.7914 225905.2141 14014.42268 195377.1758 245946.815 50569.63918 0.3122064028 11283.11103 27447.85996 nan nan
15 43359 2143 2143 0 224353.4578 5758.077214 212806.3064 231835.9089 19029.60249 204736.4669 243460.1778 38723.71088 -0.568634689 11553.1347 19416.88588 nan nan
16 50026 1254 1249 5 1235616.142 620377.733 936731.7255 2594800.624 1658068.898 204424.929 4532888.748 4328463.819 3.025752532 1375258.367 3313346.492 nan nan
17 61172 452 452 0 219013.0857 66096.77629 204433.6541 245843.7941 41410.14005 195418.9692 1489966.216 1294547.247 16.91146301 25735.70547 1269858.128 nan nan
18 120454 12566 12565 1 211057.6781 5660.286775 205435.4208 221190.3211 15754.90029 204045.2464 246936.7039 42891.45747 1.366795084 8392.853942 33750.14758 nan nan
19 32794 303 303 0 210861.7677 10821.13289 203433.7096 239662.4935 36228.78392 203249.8066 245933.1365 42683.32985 1.365987889 29162.16323 35432.80619 nan nan
20 110558 1907 1907 0 219537.5117 9422.805155 204472.3868 232874.1743 28401.78748 203015.7444 244685.3197 41669.57536 0.007281980775 17050.45197 28861.59744 nan nan
21 22279 803 802 1 240914.4842 26151.14854 226019.3652 245322.7802 19303.41509 196406.2895 953754.8766 757348.5871 25.31834454 15496.86072 712259.7687 nan nan
22 65627 743 743 0 797892.2004 67027.52522 776707.8865 989545.2677 212837.3813 772749.7037 1089720.031 316970.3268 1.677712306 178427.0435 278601.8063 nan nan
23 153188 3577 3570 7 1185556.98 318822.2417 967958.5218 1864995.391 897036.8692 773863.6857 3727499.141 2953635.455 0.7127986242 609352.1961 2471855.946 nan nan
24 69136 1600 1599 1 1374962.048 226473.4964 963889.3364 1633784.012 669894.6758 239002.5991 1726485.048 1487482.449 -1.117725288 430538.1374 1155424.875 nan nan
25 167830 1814 1811 3 224534.8841 258069.4725 209890.2038 247031.1934 37140.98954 197696.0776 4267165.471 4069469.393 6.302526028 24280.43807 4037404.133 nan nan
26 148588 7200 7195 5 1192007.329 340291.4327 948841.6034 1782744.403 833902.7992 772521.1289 4551570.686 3779049.557 2.369694869 565286.2106 3334112.494 nan nan
27 167957 2 2 0 222189.8777 16910.39978 206970.5179 237409.2375 30438.7196 205279.4779 239100.2775 33820.79955 nan 32129.75958 33820.79955 nan nan
28 14797 846 839 7 242555.3195 130565.9625 227186.125 245390.471 18204.34598 202594.7616 3975068.281 3772473.52 27.92012075 16464.20899 3731954.131 nan nan
29 32944 457 456 1 232020.0265 11515.27124 206065.0087 244713.0964 38648.08769 195549.0618 247106.7347 51557.67291 -0.5692464826 30135.62575 40651.5727 nan nan
30 45291 13142 13141 1 912897.4447 147540.1007 808596.9005 1267312.959 458716.0589 768506.2556 1421167.831 652661.5749 0.9624881455 353782.6687 507637.5398 nan nan
31 88569 2774 2771 3 229421.8118 5862.021115 216986.6565 234959.0201 17972.36361 203977.9739 245503.9072 41525.9333 -0.7478966324 12281.50796 24736.87993 nan nan
32 176015 15556 15554 2 229810.9656 11653.55609 219938.7607 237279.3003 17340.53955 196044.9722 1509414.046 1313369.074 85.11369415 9629.243001 1280229.61 nan nan
33 116002 11138 11132 6 228368.2197 6814.417268 214724.9958 236943.9397 22218.94393 195539.2265 247072.7297 51533.5032 -0.5160925802 14697.95938 33715.85117 nan nan
34 31657 487 486 1 1157800.324 628290.366 923977.5237 2802062.831 1878085.308 225098.614 4542129.342 4317030.728 2.607641579 1695692.966 3435759.476 nan nan
35 51108 3933 3933 0 208844.7153 6667.955742 202367.6374 220467.367 18099.72955 201692.0199 246538.3611 44846.34122 1.246819447 10248.55094 36319.54507 nan nan
36 8025 2574 2574 0 226194.4503 3850.82038 222063.7926 230623.9626 8560.170005 203121.884 244266.5325 41144.64852 -1.441198999 5042.979381 23484.82885 nan nan
37 165874 9677 9677 0 212624.932 4038.302138 208267.0948 219269.5499 11002.4551 195295.2842 244683.9015 49388.61729 1.393633395 6314.068609 31322.18152 nan nan
38 35110 1219 1219 0 2155619.042 1059194.421 1146526.772 4316245.305 3169718.533 226687.5877 4476312.438 4249624.85 0.4398707217 1740370.957 2396468.459 nan nan
39 80819 7678 7677 1 915433.886 54050.67811 854473.1201 1019712.701 165239.5809 229891.7885 1127402.506 897510.7175 0.2950944335 116799.2846 678302.1081 nan nan
40 38011 862 860 2 215224.6143 12273.84636 204051.6915 239532.3979 35480.70636 195367.8359 247196.8877 51829.05184 0.6317774099 26586.3382 34250.82799 nan nan

K=41, phase=forward, parameter=e [-]
cluster representative_source n_cluster n_valid n_missing median std p05 p95 width90 minimum maximum range skewness error95 error_max angle_origin_deg angle_resultant
0 144351 45608 45605 3 0.6988896244 0.09502861922 0.531034012 0.8280014146 0.2969674026 0.1946760287 0.8597500074 0.6650739788 -0.2195207863 0.201786808 0.5381447913 nan nan
1 22426 4427 4427 0 0.48838886 0.0500557858 0.3843926419 0.5337519975 0.1493593557 0.3717351303 0.5389969431 0.1672618128 -0.5278007616 0.08254258333 0.09520009491 nan nan
2 24011 832 832 0 0.4021778467 0.0389973805 0.3640051106 0.4898321759 0.1258270652 0.3535949382 0.5792593629 0.2256644247 1.463286958 0.08114044037 0.1705676274 nan nan
3 167952 2141 2139 2 0.2565581839 0.08168802056 0.1768084054 0.4669544285 0.2901460232 0.1710855758 0.5693291022 0.3982435264 1.060842229 0.1998260432 0.3022007168 nan nan
4 48782 6034 6034 0 0.6140162302 0.05941359041 0.521655052 0.6925939163 0.1709388643 0.1874282338 0.7175698908 0.530141657 -1.006362784 0.09764554156 0.4302886586 nan nan
5 51611 1255 1249 6 0.2478166827 0.08861856303 0.1905357104 0.4853621981 0.2948264877 0.1700181651 0.7457509923 0.5757328272 1.727095926 0.2334239697 0.4938127638 nan nan
6 35310 324 324 0 0.3318006548 0.05104339491 0.27912531 0.444111695 0.164986385 0.2132005794 0.4869251522 0.2737245728 0.661902888 0.1131967925 0.152889502 nan nan
7 28151 1477 1477 0 0.3918585838 0.09240155807 0.2247931502 0.5131990311 0.2884058809 0.1708617995 0.5727162374 0.4018544379 -0.3352957855 0.172593817 0.2260475725 nan nan
8 40315 899 899 0 0.5691928782 0.1006165671 0.4801499329 0.7217778442 0.2416279113 0.1701598274 0.8895797 0.7194198726 -0.597142519 0.132039393 0.4209806711 nan nan
9 175498 2764 2763 1 0.2298512407 0.05849866116 0.1735164295 0.3098532048 0.1363367752 0.1715852171 0.5709867871 0.3994015699 2.253268254 0.1301129145 0.3912464968 nan nan
10 14141 8568 8567 1 0.494143996 0.052299779 0.3912553608 0.5492703381 0.1580149773 0.3719405898 0.5562090262 0.1842684364 -0.4421319712 0.08739232215 0.1067070931 nan nan
11 210090 3039 3034 5 0.2700321237 0.07773363735 0.2422241006 0.5046093546 0.262385254 0.1700719612 0.5625278525 0.3924558913 1.906797359 0.2321029754 0.2900214733 nan nan
12 31323 851 851 0 0.3775909007 0.07978381592 0.1806801662 0.4811836812 0.300503515 0.1685723685 0.5665258078 0.3979534394 -0.6020181984 0.2144726757 0.2265804735 nan nan
13 156237 2361 2361 0 0.4179392902 0.06727647531 0.356044006 0.5604449171 0.204400911 0.3534727016 0.6017595388 0.2482868372 0.6492003623 0.1382039169 0.1795185387 nan nan
14 165903 8837 8836 1 0.3966773858 0.03889007297 0.3539569761 0.4558088701 0.1018518941 0.1834885621 0.5723949177 0.3889063556 -0.5668562511 0.08147484425 0.1955783502 nan nan
15 43359 2143 2143 0 0.3648807988 0.0427636349 0.3076469278 0.4488323125 0.1411853846 0.2094086788 0.5064513436 0.2970426648 0.4787707232 0.08393297332 0.1578031734 nan nan
16 50026 1254 1249 5 0.6127007228 0.0985759621 0.4823636308 0.8169546744 0.3345910436 0.1988113311 0.8952125964 0.6964012653 0.532759888 0.2108129818 0.4089440701 nan nan
17 61172 452 452 0 0.4047585128 0.08683670949 0.1866346832 0.5086833634 0.3220486802 0.169493203 0.6797373159 0.510244113 -0.7152990692 0.2106333015 0.2834075219 nan nan
18 120454 12566 12565 1 0.4615253155 0.04123365271 0.388574518 0.5014432578 0.1128687398 0.1724628902 0.5112590529 0.3387961627 -1.568414081 0.06003381421 0.2738538912 nan nan
19 32794 303 303 0 0.4627427442 0.08098201215 0.2438240767 0.5155420439 0.2717179672 0.1816681563 0.5168726041 0.3352044478 -1.451897145 0.221490826 0.2836467465 nan nan
20 110558 1907 1907 0 0.4004260217 0.06951448854 0.2996416646 0.5082600832 0.2086184186 0.1971493815 0.5185090086 0.3213596271 -0.07876177066 0.1275758746 0.2300681577 nan nan
21 22279 803 802 1 0.232471215 0.05680848175 0.1896560974 0.3536755131 0.1640194157 0.1716030474 0.5650182522 0.3934152048 2.310787086 0.1263358611 0.3376786002 nan nan
22 65627 743 743 0 0.381475991 0.04775737272 0.3612427847 0.5124757671 0.1512329824 0.3573783224 0.5594339579 0.2020556355 1.297311391 0.1190185057 0.1659766965 nan nan
23 153188 3577 3570 7 0.5955701594 0.09158155484 0.5001977477 0.7447191535 0.2445214058 0.358302313 0.8726010776 0.5142987646 0.01035677848 0.1310774268 0.2604604578 nan nan
24 69136 1600 1599 1 0.6524344726 0.07302753542 0.4971773444 0.7081937979 0.2110164535 0.1759040453 0.7240520803 0.548148035 -2.11541385 0.1601959537 0.4814692529 nan nan
25 167830 1814 1811 3 0.3709616185 0.1039074871 0.1777523747 0.500267825 0.3225154503 0.1698141831 0.8887012719 0.7188870888 0.5794288605 0.1759338468 0.5643672937 nan nan
26 148588 7200 7195 5 0.5977640207 0.08934067442 0.4894011951 0.732860073 0.2434588779 0.3570046691 0.8956399398 0.5386352707 0.1581665909 0.1284683744 0.2892087487 nan nan
27 167957 2 2 0 0.3759789031 0.1265000224 0.2621288829 0.4898289233 0.2277000404 0.2494788806 0.5024789255 0.2530000449 nan 0.2403500426 0.2530000449 nan nan
28 14797 846 839 7 0.217433797 0.05863827167 0.1882436197 0.3487920489 0.1605484292 0.1722257304 0.8805307354 0.708305005 3.822932468 0.1368484591 0.6685871457 nan nan
29 32944 457 456 1 0.3063650312 0.08895590362 0.1939064201 0.4970762807 0.3031698606 0.1698731259 0.5711935452 0.4013204193 0.4038635243 0.2244493056 0.2985665701 nan nan
30 45291 13142 13141 1 0.4675312404 0.07520045377 0.3906254157 0.6220876944 0.2314622787 0.3532132518 0.6645258334 0.3113125816 0.5251241874 0.1547358507 0.1971739896 nan nan
31 88569 2774 2771 3 0.3267369559 0.04459729402 0.2827418352 0.4188266292 0.136084794 0.1885850058 0.5117104591 0.3231254533 0.6294698185 0.09171593299 0.1795377612 nan nan
32 176015 15556 15554 2 0.324418059 0.04239686568 0.2640813863 0.3980973318 0.1340159455 0.1700666531 0.6839207812 0.5138541281 0.6193223247 0.07535857327 0.354773639 nan nan
33 116002 11138 11132 6 0.3352593248 0.05177755955 0.2666631135 0.4353608834 0.16869777 0.1707323136 0.5711940404 0.4004617267 0.3875074913 0.1103648653 0.2427848196 nan nan
34 31657 487 486 1 0.5854367703 0.1145306982 0.4745995631 0.8303693749 0.3557698118 0.258702033 0.8954250633 0.6367230303 0.5006364593 0.2727732851 0.3299907621 nan nan
35 51108 3933 3933 0 0.4770188258 0.04849598461 0.3934385204 0.523079728 0.1296412076 0.1754842183 0.5278521997 0.3523679813 -1.409540068 0.07380696188 0.291761264 nan nan
36 8025 2574 2574 0 0.3508005438 0.02891362881 0.3168245771 0.3812912774 0.06446670031 0.2014168179 0.5177719142 0.3163550963 1.165768562 0.03822189741 0.1700835429 nan nan
37 165874 9677 9677 0 0.4504743245 0.02932534709 0.4027046909 0.481471266 0.07876657502 0.1969318777 0.5729557573 0.3760238795 -1.656822852 0.04543424844 0.2482641709 nan nan
38 35110 1219 1219 0 0.7795747916 0.1159583994 0.5819973541 0.8899428302 0.307945476 0.1705568463 0.8938855077 0.7233286614 -1.535066253 0.2369446257 0.6483851334 nan nan
39 80819 7678 7677 1 0.469132382 0.0323916232 0.427373723 0.5271454498 0.09977172679 0.3242626434 0.5738339933 0.2495713498 0.0790263361 0.06672543668 0.1407585422 nan nan
40 38011 862 860 2 0.4315858956 0.0931108818 0.2450790539 0.5112372132 0.2661581593 0.1690549787 0.5724196201 0.4033646414 -0.7762102917 0.2028184571 0.2788425323 nan nan

K=41, phase=forward, parameter=w [deg]
cluster representative_source n_cluster n_valid n_missing median std p05 p95 width90 minimum maximum range skewness error95 error_max angle_origin_deg angle_resultant
0 144351 45608 45605 3 -3.31497483 20.49254294 -21.50161482 34.85200659 56.35362141 -177.7394493 176.8894074 354.6288567 -0.04768249763 56.27462507 179.2103103 173.9253561 0.9436307542
1 22426 4427 4427 0 -1.872406224 11.63215108 -12.57273892 16.06077193 28.63351085 -13.43934537 48.53953108 61.97887646 1.761553998 21.48834539 53.96710455 303.2194887 0.9798879397
2 24011 832 832 0 -5.997707803 24.04850846 -25.21862405 46.40325153 71.62187559 -26.16844698 168.4075767 194.5760237 1.294421452 71.3737329 166.6219419 207.082998 0.9185954447
3 167952 2141 2139 2 -2.472173619 34.26725557 -37.29217219 70.1947302 107.4869024 -43.30075136 177.6700265 220.9707779 1.214270219 63.98307542 152.3398147 70.45521174 0.845135648
4 48782 6034 6034 0 -5.949756363 23.28695802 -17.89824713 42.64376095 60.54200808 -179.720822 179.523491 359.244313 0.87168701 56.84743029 178.4218846 180.4635969 0.9314044291
5 51611 1255 1249 6 -6.139708377 34.85808669 -38.44166194 67.19954222 105.6412042 -170.5784124 157.3395397 327.9179521 0.5347274131 56.63459238 177.7054385 104.5264573 0.8383355483
6 35310 324 324 0 -4.087564636 22.2256988 -26.02261036 38.82658155 64.8491919 -30.65975634 160.7591962 191.4189526 1.723911875 50.70677596 172.6393906 15.82707618 0.9328579759
7 28151 1477 1477 0 -4.895556702 58.60922675 -31.48695481 160.6778346 192.1647894 -179.7714651 178.8817792 358.6532443 1.221225413 167.1779713 178.6631955 347.8242678 0.6663630234
8 40315 899 899 0 -4.933207685 28.15151474 -24.38897232 45.62168378 70.01065609 -159.0257151 174.6185128 333.6442279 1.183060774 66.60618839 173.456774 313.1142091 0.9028530551
9 175498 2764 2763 1 -3.594468293 24.67452764 -17.24122841 31.32960869 48.57083709 -175.2734971 178.6909222 353.9644193 0.02619898027 36.34183212 178.5619104 16.74442159 0.9330344925
10 14141 8568 8567 1 -0.6075251528 6.617233265 -9.679153663 11.81437856 21.49353222 -11.67661921 21.24666478 32.923284 0.4476306055 15.98726539 25.41955162 301.8726217 0.9933502269
11 210090 3039 3034 5 -8.089640293 33.78727362 -23.25238761 85.42317609 108.6755637 -152.168257 131.8757137 284.0439707 1.611530084 102.3425263 148.723922 61.18524415 0.8520949875
12 31323 851 851 0 -2.234947934 39.33332763 -50.62873096 32.04450111 82.67323207 -177.2546128 170.8901501 348.1447629 -1.369007001 116.8268443 176.1988017 41.64679764 0.8570618898
13 156237 2361 2361 0 -6.734959829 38.99851813 -36.53970493 81.00858314 117.5482881 -40.90973383 165.2661057 206.1758395 1.488069121 103.6489008 179.4753023 237.7675856 0.8113997172
14 165903 8837 8836 1 -8.618910091 26.58552658 -18.1637263 40.95940393 59.12313023 -179.6736276 168.3413228 348.0149504 0.9192662796 71.76016204 179.9593289 8.963531823 0.9101347357
15 43359 2143 2143 0 -4.36067102 13.11760268 -9.090810047 25.42278227 34.51359231 -133.2530853 59.49933085 192.7524161 -0.669250124 30.92187131 128.6707026 300.0784485 0.9759421871
16 50026 1254 1249 5 -7.597829759 41.37600933 -30.7384527 75.17296862 105.9114213 -178.7619912 179.9309876 358.6929788 1.04580225 103.466751 178.614532 258.7367256 0.8137453536
17 61172 452 452 0 -1.213374462 36.36320736 -56.05312756 41.97603075 98.02915831 -177.9927405 175.1426593 353.1353998 -0.2312411207 73.85859235 175.8269115 62.34258902 0.8675403038
18 120454 12566 12565 1 -3.091380719 21.07246551 -19.14060634 34.36887644 53.50948277 -174.6097328 176.4066469 351.0163797 1.983946679 46.82893838 178.2912669 11.72968947 0.9449787437
19 32794 303 303 0 -7.910317381 48.01840868 -31.46504377 119.9656632 151.430707 -150.5995916 133.393584 283.9931755 1.392529258 138.8273128 152.2552335 34.54778514 0.7331263926
20 110558 1907 1907 0 0.4018740054 23.16668993 -38.99367661 29.34951277 68.34318938 -179.2419629 158.7083645 337.9503274 -1.521106243 40.71559381 179.7721114 331.2529615 0.9322678259
21 22279 803 802 1 -3.168059484 23.62270627 -22.26863787 54.78068499 77.04932286 -179.9038789 129.7804923 309.6843712 1.598907713 61.95092018 173.1445073 158.5797282 0.9318394596
22 65627 743 743 0 -2.908668239 20.6200025 -27.14135828 43.91465672 71.056015 -31.02733881 94.8358691 125.8632079 0.8725683369 39.28720241 90.20841479 214.3778306 0.9377588747
23 153188 3577 3570 7 -4.635316189 50.8954491 -37.36885709 129.8073183 167.1761754 -178.7875714 179.6577903 358.4453617 1.037037475 154.5751962 179.9970286 247.8472728 0.7351907915
24 69136 1600 1599 1 -4.701532345 29.00819488 -18.78921931 41.76651969 60.55573901 -172.3802345 175.5033852 347.8836197 1.30597415 60.80088593 179.7859812 200.9923266 0.9086890745
25 167830 1814 1811 3 -4.277900237 31.05852637 -46.62422453 53.02196761 99.64619214 -177.3771925 162.4992114 339.8764039 0.1998482082 73.41265074 174.8134557 132.1946637 0.8779091532
26 148588 7200 7195 5 -4.857041336 33.22278814 -27.20942433 63.4813901 90.69081444 -177.2327336 178.8386078 356.0713414 1.441500218 99.3001155 178.9921723 293.5687268 0.8695497404
27 167957 2 2 0 1.421085472e-14 32.6535022 -29.38815198 29.38815198 58.77630396 -32.6535022 32.6535022 65.3070044 nan 62.04165418 65.3070044 133.3077657 0.8419489313
28 14797 846 839 7 -2.850859082 20.02679297 -26.68067538 31.38156626 58.06224164 -159.2098699 119.6208546 278.8307245 1.357543757 41.96126274 150.1718519 163.9729516 0.9466900731
29 32944 457 456 1 -7.734521034 44.24758408 -44.40208921 87.53063969 131.9327289 -171.6371748 163.7321999 335.3693747 0.6617283941 129.6621884 175.2095941 88.08729444 0.7513811103
30 45291 13142 13141 1 -5.721388618 24.57066271 -27.58783338 43.93025394 71.51808733 -178.064801 178.1690554 356.2338563 0.7900500545 68.81000369 177.897623 191.7047271 0.9156939077
31 88569 2774 2771 3 -2.780591002 17.03918686 -15.64820387 30.87843468 46.52663856 -150.4503268 118.9650703 269.4153971 -1.141739926 36.9716028 145.1683751 312.9897508 0.961914866
32 176015 15556 15554 2 -2.089332825 19.7864942 -18.48333884 35.66735702 54.15069586 -179.8430237 178.123257 357.9662807 1.740316159 53.75677742 179.8545816 15.35493783 0.9506725288
33 116002 11138 11132 6 -4.613780732 28.56614679 -23.57257514 37.01292537 60.58550051 -177.5219817 179.3530628 356.8750445 -1.956999116 61.12264353 175.8391554 16.41215203 0.9070291031
34 31657 487 486 1 -5.400863483 45.80754623 -31.15625284 130.760538 161.9167908 -179.6136442 175.4218191 355.0354633 1.511539421 156.7830057 179.3959343 279.0119454 0.782275151
35 51108 3933 3933 0 -0.9380979302 20.78793719 -19.13136811 21.94036904 41.07173715 -129.5490857 158.2959009 287.8449866 3.159612495 28.66665319 164.8890302 314.6085231 0.9485681731
36 8025 2574 2574 0 -1.791150116 8.736497276 -4.216404517 5.985282863 10.20168738 -147.1421471 176.9733046 324.1154516 4.658786501 9.503099971 179.5212217 293.7555137 0.9904707288
37 165874 9677 9677 0 -2.100960018 16.91822889 -17.09956898 22.03232263 39.13189161 -179.5995786 179.6422007 359.2417793 1.927707836 30.22497495 178.5259141 8.533519855 0.9629185187
38 35110 1219 1219 0 -3.222541408 40.43641828 -25.24735182 71.02568375 96.27303557 -176.6763532 179.4771993 356.1535525 1.08808892 132.9257891 179.4162666 268.807974 0.8372798763
39 80819 7678 7677 1 -2.98902812 23.33996872 -28.61893164 41.05238254 69.67131418 -173.520899 171.3304977 344.8513967 0.8913506385 42.75918635 176.2468594 195.1992574 0.923236734
40 38011 862 860 2 1.693510608 41.3583622 -66.46509676 53.83036862 120.2954654 -173.2664383 162.782365 336.0488033 -0.6455942451 71.41815972 176.1402008 43.11247695 0.799120703

K=45, STD=0.01120689812
n = trajectories per cluster; conditions overlap.
n = 1: clusters=0/45 (0.00%); trajectories=0/194124 (0.00%)
n < 10: clusters=1/45 (2.22%); trajectories=2/194124 (0.00%)
n < 100: clusters=1/45 (2.22%); trajectories=2/194124 (0.00%)

K=45, phase=backward, parameter=a [km]
cluster representative_source n_cluster n_valid n_missing median std p05 p95 width90 minimum maximum range skewness error95 error_max angle_origin_deg angle_resultant
0 144351 45608 45608 0 1609435.556 546079.7095 1049737.852 2780281.199 1730543.347 948409.815 3389473.317 2441063.502 0.7313749237 1092243.77 1701435.888 nan nan
1 23915 4561 4561 0 226594.5359 5818.763526 215807.2955 234190.7065 18383.41095 213387.7703 235726.2035 22338.43317 -0.2888768915 9858.96172 12062.0169 nan nan
2 23568 825 825 0 244752.1881 2080.319128 240651.7397 246888.1253 6236.385547 239611.0897 247007.5314 7396.441612 -0.4634343709 4197.188506 5237.838478 nan nan
3 167952 2141 2141 0 824641.8625 47750.43862 775366.6174 934049.107 158682.4896 771582.7651 1047698.978 276116.2126 0.9452864448 116471.9207 230121.7915 nan nan
4 48782 6026 6026 0 213982.3102 4305.82558 207690.8238 221005.5332 13314.70941 207189.7961 222704.3098 15514.5137 0.1017199865 7278.600433 7828.536009 nan nan
5 51611 1255 1255 0 2998077.148 1067000.845 1437031.526 4396655.794 2959624.267 1094054.493 4548015.641 3453961.149 -0.06040915423 2290341.993 2441701.841 nan nan
6 34556 417 417 0 214012.778 9356.829523 205663.426 235945.4351 30282.00905 204029.2977 240660.2302 36630.93255 0.7416054091 20123.98718 24838.78235 nan nan
7 28151 1230 1230 0 226844.4964 5299.999776 217311.6305 234703.5751 17391.94454 214311.8953 236952.275 22640.37973 -0.2325352276 9645.977013 11450.1805 nan nan
8 40083 898 898 0 215090.7037 8396.7935 204312.0224 229390.8327 25078.81032 195346.2669 239240.2612 43893.99431 0.1976392548 16183.21217 25941.90446 nan nan
9 175498 2764 2764 0 796467.4745 44189.5979 777123.0344 869985.8345 92862.80013 768134.4346 1188019.989 419885.5548 3.38285195 58715.76052 376749.9155 nan nan
10 9905 4957 4957 0 225720.3482 4347.608173 218410.7805 232130.9089 13720.1284 216608.065 241168.0771 24560.01212 -0.06370237152 8136.528732 14744.07415 nan nan
11 210090 3039 3039 0 1211109.965 379541.3571 922445.8083 2135679.403 1213233.594 863691.9682 2891885.99 2028194.022 1.417190429 877814.595 1634021.183 nan nan
12 22717 781 781 0 240791.5819 1347.020303 239171.9577 242008.4375 2836.479846 214339.3951 242610.0139 28270.61877 -10.05639442 1659.432546 26421.96835 nan nan
13 156237 2361 2361 0 1124387.975 290329.3586 973967.2403 1849763.036 875795.7956 852104.7857 1896509.705 1044404.919 0.8964025698 681997.6517 728744.3206 nan nan
14 165903 8837 8837 0 898887.9384 59746.9973 845944.8724 1033140.975 187196.1023 782277.9685 1154503.297 372225.3287 1.115404441 143552.0367 264914.3592 nan nan
15 43359 2140 2140 0 201839.8966 2331.603326 199446.5403 206545.9476 7099.407247 195307.782 207213.3943 11905.61227 0.4496688494 5758.955466 6426.402173 nan nan
16 50026 1248 1248 0 233569.4855 4716.127566 224174.9787 239909.529 15734.55032 220934.6655 241397.1086 20462.44306 -0.3893920545 9976.250081 13216.56329 nan nan
17 61863 434 434 0 204412.5322 1401.915388 203603.0321 206868.9424 3265.910333 195309.8806 207205.4167 11895.53608 -2.520963357 2727.17029 8925.079059 nan nan
18 120454 12566 12566 0 1290035.458 170105.0563 1068446.243 1594587.648 526141.405 1024639.492 2382948.841 1358309.348 0.2751762523 321183.1115 1109544.304 nan nan
19 32794 286 286 0 244030.2017 2894.218879 238426.8349 247133.0905 8706.255625 237546.6656 247185.0776 9638.411984 -0.4065186161 4962.170021 5842.33927 nan nan
20 110203 1784 1784 0 211948.7518 6314.975616 207168.2383 223057.0553 15888.817 205139.1364 237502.2698 32363.13343 1.740951051 10828.1821 25273.39661 nan nan
21 59987 335 335 0 231579.6318 6173.835594 225375.5556 242844.6757 17469.1201 216866.4378 244610.7063 27744.26851 0.3188690282 10307.83443 15798.21024 nan nan
22 65627 751 751 0 235478.5065 4202.479488 227816.8086 240137.713 12320.90444 214008.8361 242424.0429 28415.20681 -1.07940563 8885.296693 17565.57378 nan nan
23 153188 3577 3577 0 861780.0551 89283.08917 771635.4377 1040632.19 268996.7527 768762.4125 1135407.224 366644.8114 0.4791577975 203039.7138 297814.7473 nan nan
24 69136 1596 1596 0 206100.7067 1071.100533 204658.7945 207093.531 2434.736466 195292.2075 207192.4814 11900.27395 -4.186734242 1341.602774 10708.18977 nan nan
25 167830 1814 1814 0 1030907.048 213125.7214 930054.3039 1586269.883 656215.5795 785687.6499 1720590.413 934902.7633 1.191953689 585537.8423 719858.3722 nan nan
26 148588 7200 7200 0 1200880.077 320786.4914 951833.3686 1784059.042 832225.6729 859168.0389 4550878.486 3691710.447 1.869810697 594686.3158 3361505.76 nan nan
27 167957 2 2 0 794337.6619 18603.38645 777594.6141 811080.7097 33486.0956 775734.2754 812941.0483 37206.77289 nan 35346.43425 37206.77289 nan nan
28 12157 744 744 0 244367.2007 1280.836915 242086.599 245658.5318 3571.932778 235761.3829 247133.4129 11372.03003 -0.8148110105 2472.111246 8729.233395 nan nan
29 24196 3709 3709 0 211555.3746 3243.017095 206732.8166 216978.6679 10245.85122 205382.7262 219631.3862 14248.66008 0.1249801803 5760.339122 7501.354974 nan nan
30 45291 13141 13141 0 229853.0575 5012.40297 222193.3193 237742.2308 15548.91149 216186.8945 241503.765 25316.87044 0.01825958973 10433.80429 14193.83966 nan nan
31 88569 2769 2769 0 200679.0111 2562.057987 198112.4778 205937.8313 7825.353433 197650.7279 207200.8564 9550.12851 0.4791010321 6079.022489 7342.047611 nan nan
32 176015 15556 15556 0 850652.0005 54034.29555 804675.0989 979230.0212 174554.9223 768052.7014 1041678.847 273626.1458 0.9498251784 132341.355 194790.181 nan nan
33 116002 11138 11138 0 1157014.094 160335.3999 963376.3522 1433231.517 469855.1652 929419.038 2591610.538 1662191.5 1.054565926 304058.6355 1462437.656 nan nan
34 29608 452 452 0 244116.6978 2761.592335 238611.5626 247037.1346 8425.571973 236233.5712 247282.6172 11049.04596 -0.5261483245 5332.353985 7710.345383 nan nan
35 52314 3886 3886 0 202954.5798 1723.635988 200712.5248 206409.6104 5697.085582 195426.4351 207190.2944 11763.85931 0.3280054214 4575.573714 6414.295388 nan nan
36 31348 168 168 0 220329.482 9168.12227 205358.9467 235534.2066 30175.25994 203912.0342 236051.8116 32139.77739 -0.03308285747 15574.85013 16272.59077 nan nan
37 165874 9677 9677 0 932890.4378 52991.23248 876815.0836 1039778.166 162963.0819 811017.9487 1169268.417 358250.4679 0.5380616436 106128.4222 235451.2861 nan nan
38 33505 629 629 0 239650.4937 1548.700772 238147.5173 242274.0603 4126.542993 225647.7803 243357.5878 17709.80749 -1.941265698 2769.591138 13959.06704 nan nan
39 80819 7644 7644 0 213962.7375 3977.334536 208319.9425 220700.0666 12380.12414 195310.7333 223874.4022 28563.66892 0.05048283382 7091.096579 20038.17917 nan nan
40 37316 871 871 0 213089.3298 4772.630245 206796.2188 221378.1703 14581.95147 205191.7688 234666.1202 29474.35142 0.8002120045 8193.01328 20749.40842 nan nan
41 8287 2550 2550 0 217171.0223 5551.938877 208496.6534 226308.2654 17811.61205 207216.234 228690.5224 21474.28845 0.05783259402 9571.254401 11953.51143 nan nan
42 33249 308 308 0 243359.3831 5440.723779 229676.9454 247164.1266 17487.18116 226048.9166 247235.4223 21186.50569 -1.049122232 13697.55904 17325.58784 nan nan
43 30636 813 813 0 227488.7077 5377.947222 218819.2593 235693.3861 16874.1268 216037.9112 242353.7122 26315.80105 -0.03509681839 9654.659673 16256.9006 nan nan
44 39017 636 636 0 237759.8438 1186.840339 235580.5144 239735.6644 4155.150003 234400.0958 240552.4253 6152.329443 -0.2353221035 2554.267686 3734.686306 nan nan

K=45, phase=backward, parameter=e [-]
cluster representative_source n_cluster n_valid n_missing median std p05 p95 width90 minimum maximum range skewness error95 error_max angle_origin_deg angle_resultant
0 144351 45608 45608 0 0.7038729313 0.09163614799 0.5412742641 0.8290728775 0.2877986135 0.4881113724 0.8598376402 0.3717262677 -0.1959677108 0.1765958706 0.2297587623 nan nan
1 23915 4561 4561 0 0.348174769 0.04375076455 0.2889634572 0.4272507754 0.1382873182 0.276432379 0.4446234613 0.1681910823 0.2381025035 0.07439932256 0.08780495815 nan nan
2 23568 825 825 0 0.1948845974 0.02103393123 0.1725287081 0.2356421815 0.06311347341 0.1711268948 0.2448812763 0.07375438148 0.4092230404 0.0403073597 0.04954645455 nan nan
3 167952 2141 2141 0 0.404052998 0.03629792806 0.359927788 0.4807908379 0.12086305 0.3561485094 0.540961113 0.1848126037 0.5922412867 0.08339678685 0.1435670619 nan nan
4 48782 6026 6026 0 0.4406606058 0.03086140968 0.3900769649 0.4854636705 0.0953867056 0.3777807411 0.4891161724 0.1113354313 -0.1126481985 0.05210333688 0.05646018788 nan nan
5 51611 1255 1255 0 0.8414752035 0.08192103813 0.6676758194 0.8919685047 0.2242926853 0.559813993 0.8955575814 0.3357435884 -0.7655180959 0.1204352203 0.2142585318 nan nan
6 34556 417 417 0 0.440383152 0.06890167089 0.2761233304 0.4999120621 0.2237887317 0.2356516045 0.5113810567 0.2757294522 -0.7995629854 0.1511546948 0.1916264206 nan nan
7 28151 1230 1230 0 0.3469845756 0.03993729843 0.2850283752 0.4165274499 0.1314990747 0.2642988962 0.4380855429 0.1737866467 0.1588652865 0.07357414898 0.09222628108 nan nan
8 40083 898 898 0 0.4325706916 0.06085776187 0.3271862596 0.5093963793 0.1822101197 0.2474417899 0.5726100257 0.3251682358 -0.2327961055 0.1189104078 0.197963864 nan nan
9 175498 2764 2764 0 0.3797227751 0.03200301649 0.3616560027 0.4385422652 0.07688626247 0.3526634878 0.597116756 0.2444532682 2.323864518 0.04637361847 0.2049481092 nan nan
10 9905 4957 4957 0 0.354394656 0.03266557549 0.3051679464 0.4082390877 0.1030711413 0.2274786858 0.4212321298 0.193753444 0.01872831941 0.06024175192 0.1216464579 nan nan
11 210090 3039 3039 0 0.6047990029 0.09377149536 0.4736475825 0.7775119836 0.3038644011 0.4332311191 0.8357881902 0.4025570711 0.2769821967 0.1658915647 0.2157427113 nan nan
12 22717 781 781 0 0.2335626767 0.011287459 0.2225891961 0.248183386 0.02559418993 0.2169060916 0.4370851162 0.2201790247 7.964827803 0.01497684806 0.2031962923 nan nan
13 156237 2361 2361 0 0.5729700708 0.08283323676 0.5035083949 0.7426176177 0.2391092228 0.4246648142 0.7489920442 0.32432723 0.474206224 0.1536316655 0.1645411633 nan nan
14 165903 8837 8837 0 0.458339457 0.03556892746 0.4209328027 0.5328480316 0.1119152289 0.3661309769 0.5839901982 0.2178592213 0.7362830539 0.08115394813 0.1321423726 nan nan
15 43359 2140 2140 0 0.5266774857 0.01655190573 0.4932688741 0.5436559048 0.05038703076 0.488446606 0.5728758046 0.08442919862 -0.4522423077 0.04084897991 0.04567124803 nan nan
16 50026 1248 1248 0 0.2948517121 0.03757189655 0.2411950578 0.3670687456 0.1258736878 0.2254549829 0.3903223611 0.1648673782 0.2950749711 0.07652116737 0.09977478288 nan nan
17 61863 434 434 0 0.5086553853 0.00991868747 0.4912850226 0.5143731731 0.0230881505 0.4887657189 0.5728380059 0.08407228698 2.496231183 0.0193727273 0.06297025964 nan nan
18 120454 12566 12566 0 0.6289749323 0.04910815949 0.5492425611 0.7009384639 0.1516959028 0.5285301802 0.8006659886 0.2721358083 -0.0812298723 0.0820994331 0.1766446215 nan nan
19 32794 286 286 0 0.203397486 0.0284568934 0.1698324077 0.2549409555 0.08510854773 0.1691570339 0.262848446 0.09369141215 0.3044710061 0.04483027073 0.0527377613 nan nan
20 110203 1784 1784 0 0.4553744508 0.04612046075 0.3755206124 0.4893295519 0.1138089396 0.263212555 0.5036387604 0.2404262055 -1.858902878 0.07798329227 0.1902913497 nan nan
21 59987 335 335 0 0.311093433 0.05042608975 0.2149182114 0.3580266503 0.1431084389 0.1976632662 0.419801228 0.2221379618 -0.4126299983 0.08857503799 0.1172376098 nan nan
22 65627 751 751 0 0.2795323037 0.03375519154 0.2385990001 0.3378352288 0.09923622871 0.2159748283 0.4394687349 0.2234939066 0.848185114 0.07528702598 0.128295466 nan nan
23 153188 3577 3577 0 0.4320884108 0.06050452913 0.3562138211 0.5362515815 0.1800377604 0.3533386986 0.5778355597 0.2244968611 0.2093739926 0.1227558056 0.1643397839 nan nan
24 69136 1596 1596 0 0.4967079268 0.007558984823 0.4896916987 0.5069169777 0.01722527898 0.4888996391 0.5729713754 0.08407173634 4.172392863 0.009492167209 0.07554656496 nan nan
25 167830 1814 1814 0 0.5322633663 0.07407497125 0.4783338623 0.6994163275 0.2210824652 0.3692853471 0.7230820827 0.3537967355 0.6939856277 0.1821358933 0.2058016485 nan nan
26 148588 7200 7200 0 0.6008347956 0.08664118791 0.4911304217 0.733034515 0.2419040933 0.4299217109 0.8956261106 0.4657043998 0.1652471605 0.1366899959 0.2987704294 nan nan
27 167957 2 2 0 0.377018032 0.01641729503 0.3622424664 0.3917935975 0.02955113105 0.3606007369 0.393435327 0.03283459006 nan 0.03119286055 0.03283459006 nan nan
28 12157 744 744 0 0.1993231161 0.01281161826 0.1857871365 0.2216363091 0.03584917263 0.1698247327 0.2742923448 0.1044676121 0.5427403333 0.02464053786 0.07611872694 nan nan
29 24196 3709 3709 0 0.4576711888 0.02321254074 0.4186753523 0.4920215172 0.07334616496 0.3996941114 0.5016345196 0.1019404081 -0.1326113446 0.04123992571 0.05384809 nan nan
30 45291 13141 13141 0 0.3239382393 0.0389978108 0.2601692396 0.3814102413 0.1212410017 0.2274278009 0.4237159538 0.1962881529 -0.08610874744 0.08319019501 0.1159316337 nan nan
31 88569 2769 2769 0 0.535009665 0.01805323371 0.4979430243 0.553080773 0.05513774866 0.4887721887 0.5563450703 0.06757288161 -0.4804091343 0.04289224569 0.05206308128 nan nan
32 176015 15556 15556 0 0.424597203 0.0370038081 0.3871442349 0.5069065116 0.1197622767 0.3526417655 0.5380310524 0.1853892869 0.6733762938 0.08568651745 0.1168110582 nan nan
33 116002 11138 11138 0 0.5849084368 0.05426463155 0.4969312573 0.6668100493 0.169878792 0.4771754213 0.8167420041 0.3395665828 0.2100781188 0.09355580129 0.2424768204 nan nan
34 29608 452 452 0 0.2021884489 0.02705330975 0.1708713884 0.2535239914 0.08265260299 0.168193931 0.270332874 0.102138943 0.4039129094 0.04892075159 0.06572963416 nan nan
35 52314 3886 3886 0 0.5188816454 0.01221319285 0.4943467839 0.5347534887 0.04040670477 0.4886581369 0.5719985499 0.08334041304 -0.3333110888 0.03243315229 0.0452684846 nan nan
36 31348 168 168 0 0.3948993767 0.06763395312 0.2781398763 0.5019861249 0.2238462487 0.2738012697 0.5121338816 0.2383326119 -0.02766909314 0.1175769262 0.1219155328 nan nan
37 165874 9677 9677 0 0.4796058468 0.03007344155 0.4435557828 0.5361389155 0.09258313267 0.3919964047 0.5904545597 0.1984581549 0.3557745769 0.05626127719 0.1103506033 nan nan
38 33505 629 629 0 0.2440518335 0.0134609296 0.2202957607 0.2571415822 0.03684582151 0.2098502277 0.3555731569 0.1457229291 1.389502741 0.02490070044 0.1110102695 nan nan
39 80819 7644 7644 0 0.4409695907 0.02844749182 0.3924738715 0.4810295826 0.08855571109 0.3694776548 0.5728514127 0.2033737578 -0.06474262612 0.0504713387 0.1417324157 nan nan
40 37316 871 871 0 0.4468955996 0.03433957098 0.3874369369 0.4916835658 0.1042466289 0.2866832441 0.5032275587 0.2165443146 -0.8693650267 0.05854325899 0.1542723083 nan nan
41 8287 2550 2550 0 0.4170814496 0.04035439841 0.3497021739 0.4793096626 0.1296074887 0.3316107956 0.4884624285 0.1568516329 -0.08258120583 0.07051699128 0.08860836961 nan nan
42 33249 308 308 0 0.2097248602 0.04899732908 0.1694596414 0.3259391925 0.1564795511 0.168591401 0.3533863887 0.1847949877 0.8633339743 0.1156673844 0.1431145806 nan nan
43 30636 813 813 0 0.341731883 0.04107570038 0.2768716507 0.4056619341 0.1287902834 0.2165533359 0.4257239421 0.2091706062 -0.04169112594 0.07526660016 0.1355849149 nan nan
44 39017 636 636 0 0.2605821484 0.01017335023 0.2435172255 0.2791284064 0.0356111809 0.2362173365 0.2887982437 0.05258090722 0.1934972483 0.02169652838 0.03136636574 nan nan

K=45, phase=backward, parameter=w [deg]
cluster representative_source n_cluster n_valid n_missing median std p05 p95 width90 minimum maximum range skewness error95 error_max angle_origin_deg angle_resultant
0 144351 45608 45608 0 -0.5465108141 4.279034194 -5.680701584 9.497097996 15.17779958 -9.723952081 15.55222876 25.27618084 1.086097954 11.32292441 17.37805517 20.45610929 0.9972168075
1 23915 4561 4561 0 0.02361373005 2.116574171 -3.595468092 3.387488136 6.982956228 -4.761065422 4.275619491 9.036684913 -0.09079639542 5.079177387 6.244774717 193.150454 0.9993178419
2 23568 825 825 0 4.419777591 13.57839292 -24.57705378 14.67455377 39.25160756 -27.24223512 15.53502001 42.77725513 -0.58330191 33.81516595 36.48034729 202.4567187 0.9721684555
3 167952 2141 2141 0 0.1067143208 6.399943629 -9.702879993 7.689729802 17.39260979 -13.20449057 8.254620947 21.45911152 -0.1899018663 16.65846108 20.16007166 28.02385639 0.9937718042
4 48782 6026 6026 0 -0.8197277247 4.23514929 -4.872304392 9.620236645 14.49254104 -23.6906441 17.39020428 41.08084839 1.57427176 10.99116867 22.39617193 198.5172352 0.9972760384
5 51611 1255 1255 0 -2.375124879 6.660642623 -6.807837923 11.85512051 18.66295843 -7.005973074 17.13176686 24.13773993 0.5599221434 13.14494816 13.34308331 17.62107978 0.9932583348
6 34556 417 417 0 -2.605634885 9.223758377 -8.691005611 18.88683019 27.5778358 -28.09272545 20.09994685 48.1926723 0.5172673183 25.83167406 27.04479072 199.5932363 0.9871259545
7 28151 1230 1230 0 -4.683303732 10.41815353 -9.975402411 17.19689047 27.17229288 -30.89997253 17.62155242 48.52152495 0.7084261983 23.08860231 25.0385527 202.4036621 0.9835692193
8 40083 898 898 0 -0.6493835405 5.183312207 -4.395558406 10.03872187 14.43428027 -24.20874459 19.49184682 43.70059141 0.2197519956 15.19644402 23.07490835 196.5891574 0.9959320483
9 175498 2764 2764 0 1.171592706 5.557815105 -10.18841363 6.534416626 16.72283026 -15.11629066 6.785926576 21.90221724 -0.6307503368 15.29895882 20.22683585 28.80830964 0.9953039397
10 9905 4957 4957 0 -0.3098557693 3.00261582 -3.87951811 6.8699569 10.74947501 -16.90040282 11.4590926 28.35949542 0.9945618104 7.205868748 16.64023239 188.3971509 0.9986283129
11 210090 3039 3039 0 -3.384793314 7.126552948 -6.693204692 16.88927834 23.58248304 -7.429033908 18.25516943 25.68420333 1.19535493 21.27527688 22.64116796 18.10522459 0.9922972313
12 22717 781 781 0 0.261827685 3.152199289 -4.767139935 3.507069754 8.274209688 -33.24529509 12.22803696 45.47333205 -0.6966043943 5.079854849 32.94777347 206.7522282 0.9984944773
13 156237 2361 2361 0 -0.03055459192 2.711291256 -3.558799158 4.616913053 8.17571221 -6.294483154 12.86680944 19.1612926 1.80993385 5.988546383 12.23896718 23.60046695 0.9988823112
14 165903 8837 8837 0 1.359133422 4.432462838 -8.021298634 4.566650743 12.58794938 -13.32868156 9.365414063 22.69409562 -0.5489157458 11.70698494 17.01436786 27.69237533 0.997011231
15 43359 2140 2140 0 -1.918364788 5.546148696 -5.998455466 12.01564968 18.01410515 -7.118218062 17.12963303 24.24785109 1.100122512 13.6659544 18.77993775 187.8376605 0.9953274163
16 50026 1248 1248 0 3.658061745 9.776435815 -12.35810288 8.822019455 21.18012233 -38.69407392 9.32391981 48.01799373 -2.044094614 16.88871723 43.22468827 210.1936353 0.9857265185
17 61863 434 434 0 -0.8984986097 3.492101428 -3.685943706 6.686274901 10.37221861 -19.92753631 10.02481509 29.9523514 0.1466255791 8.68950465 18.17845507 195.1348181 0.9981455832
18 120454 12566 12566 0 0.01590173299 1.836110629 -2.735028506 2.672137917 5.407166423 -16.04458111 7.914264567 23.95884568 -0.4661530421 3.056099507 15.98945116 26.9899358 0.999486955
19 32794 286 286 0 5.35919176 12.76833745 -28.34496972 11.25632838 39.6012981 -35.21127386 11.62800823 46.8392821 -1.184762137 36.09997075 42.9662749 208.3217293 0.9755013666
20 110203 1784 1784 0 3.190515323 10.70860633 -24.70565931 10.98219896 35.68785827 -25.47944593 14.38712265 39.86656858 -1.109606168 29.09450767 29.86829428 205.6641712 0.9826922847
21 59987 335 335 0 4.224664064 8.760560281 -13.90660925 6.682132354 20.5887416 -40.21200363 7.883012799 48.09501643 -2.135078915 19.54940601 45.8548004 211.8148384 0.9885011764
22 65627 751 751 0 10.54437757 19.25759987 -35.55538722 11.30591503 46.86130226 -35.81185684 11.4673222 47.27917904 -1.178499133 46.28118966 46.53765928 207.3576584 0.9448145943
23 153188 3577 3577 0 2.638854618 5.484752762 -12.65415291 3.95167244 16.60582535 -18.87005177 4.155253848 23.02530562 -1.63563073 16.25399609 22.46989495 32.80091876 0.9954343183
24 69136 1596 1596 0 -0.001174621556 3.000798951 -3.722113389 4.334083328 8.056196717 -21.97177642 6.526750381 28.4985268 -1.891676745 5.659256489 20.8554298 197.2544538 0.9986331023
25 167830 1814 1814 0 0.275770537 3.334192793 -5.591633398 6.597597048 12.18923045 -13.32007313 11.94517019 25.26524332 0.6986285768 8.441108034 14.98074983 25.11796578 0.9983098888
26 148588 7200 7200 0 -0.1484184292 3.301006157 -4.345303243 6.963480679 11.30878392 -13.89835419 11.94997756 25.84833175 0.7357829483 7.836707043 14.25434776 24.48602601 0.9983437147
27 167957 2 2 0 0 4.390065345 -3.951058811 3.951058811 7.902117622 -4.390065345 4.390065345 8.780130691 nan 8.341124156 8.780130691 30.89398473 0.9970660397
28 12157 744 744 0 2.247859075 7.407997219 -14.65791096 7.952834151 22.61074511 -28.6295872 17.36014798 45.98973518 -1.202813231 16.02242507 29.96402063 201.1551824 0.9916983335
29 24196 3709 3709 0 -0.8152185405 4.986013085 -4.271321467 16.6165767 20.88789817 -4.841658393 23.47195537 28.31361376 3.004611061 18.15725925 25.01263791 188.2744122 0.9962429017
30 45291 13141 13141 0 -0.1613721267 4.229682421 -6.00917993 6.620842324 12.63002225 -34.54970387 14.13447679 48.68418066 -0.5702908928 7.351276569 34.02788011 206.1125917 0.9972844311
31 88569 2769 2769 0 -0.1401456403 6.214173266 -10.31724038 9.917801003 20.23504139 -12.84228445 12.42718462 25.26946907 -0.03404001986 11.32232946 13.8370448 193.8087868 0.9941303989
32 176015 15556 15556 0 0.09516912437 5.442985549 -8.524540192 7.448874668 15.97341486 -10.58249313 10.95147142 21.53396456 -0.06999378532 14.12942084 16.18737378 26.08432544 0.9954936429
33 116002 11138 11138 0 1.196717504 4.561730095 -13.13072205 4.42901789 17.55973994 -18.40379227 6.909894274 25.31368654 -1.853763235 14.61849426 19.89156448 29.21482862 0.9968410771
34 29608 452 452 0 4.589448778 13.6020474 -27.98347933 13.4214509 41.40493022 -33.1411933 14.46692087 47.60811417 -0.932429748 37.21903874 42.37675271 205.4727118 0.9721646295
35 52314 3886 3886 0 -1.041258331 4.858492669 -6.365878792 9.629976048 15.99585484 -15.11816045 13.10222678 28.22038723 0.6750233531 12.0132242 15.41051923 191.7527649 0.9964106091
36 31348 168 168 0 -0.4873930045 4.888152864 -4.87235437 6.441708573 11.31406294 -4.944500628 22.3856038 27.33010443 2.404918806 7.720338235 23.66423346 195.5310847 0.9963843263
37 165874 9677 9677 0 0.3039876044 2.211144849 -4.144125725 2.507894705 6.65202043 -14.42269594 8.122579598 22.54527554 -0.8666226533 5.633831092 15.64766237 28.24650007 0.9992559803
38 33505 629 629 0 0.644381164 2.832621637 -5.809238081 2.208667335 8.017905417 -10.74053278 9.624634627 20.36516741 -0.4658125094 7.837079155 12.42824871 210.0703189 0.9987794787
39 80819 7644 7644 0 -0.09752698297 4.025612372 -5.173705268 6.219359605 11.39306487 -31.14390937 11.93206864 43.07597801 -0.9807547401 7.517547432 33.10896657 204.1503434 0.9975431461
40 37316 871 871 0 -4.337772568 8.40013706 -5.926853375 17.76610645 23.69295983 -24.87195287 23.06802695 47.93997982 1.231630516 22.48564478 27.78756529 197.1479443 0.9893131664
41 8287 2550 2550 0 -0.3838338349 3.510954297 -2.229285401 1.405597403 3.634882804 -2.741239095 33.87779088 36.61902998 6.917522425 2.07641783 34.54861131 182.8666982 0.9981571346
42 33249 308 308 0 7.165483381 15.38001923 -31.37799851 13.86016353 45.23816204 -34.38048462 13.87206835 48.25255297 -0.8777978689 41.37912992 44.38161603 206.35655 0.9644773596
43 30636 813 813 0 -0.2179878138 7.366270256 -4.750060383 19.58715608 24.33721646 -26.86768399 21.87193371 48.7396177 0.126669986 21.22821879 26.61076497 198.3200896 0.9918386423
44 39017 636 636 0 -0.7718008357 2.699026455 -3.088771944 5.437856475 8.526628419 -7.365796657 6.382767408 13.74856407 0.9023259742 6.183811939 7.1103705 213.9718745 0.9988911015

K=45, phase=forward, parameter=a [km]
cluster representative_source n_cluster n_valid n_missing median std p05 p95 width90 minimum maximum range skewness error95 error_max angle_origin_deg angle_resultant
0 144351 45608 45605 3 1583004.466 548602.2597 1027877.867 2763512.731 1735634.864 241974.2817 3387391.995 3145417.714 0.7333551603 982913.6114 1605730.924 nan nan
1 23915 4561 4560 1 200885.2667 2024.788066 198308.1592 204902.131 6593.971738 197668.4292 205996.222 8327.792872 0.3722701148 5694.096248 6788.187337 nan nan
2 23568 825 825 0 824025.4856 57970.74661 779191.2818 953155.9698 173964.6879 769187.3523 1139149.767 369962.4145 2.228579374 120541.2269 306535.0239 nan nan
3 167952 2141 2139 2 238139.3227 10240.98795 210334.9722 246479.4179 36144.44568 195800.4036 247011.975 51211.57138 -1.297264238 26282.4751 40817.04369 nan nan
4 48782 6026 6026 0 1241973.685 178995.4916 1011042.203 1551783.466 540741.2631 239448.114 1687340.425 1447892.311 0.02645530437 309935.2435 1013524.182 nan nan
5 51611 1255 1249 6 239244.3201 78552.28839 208069.134 245554.8052 37485.67125 195340.6591 1872552.332 1677211.672 17.4782959 31041.186 1633804.67 nan nan
6 34556 417 417 0 231976.0305 10789.80201 207001.3671 244655.1879 37653.82075 204025.7709 247118.9287 43093.15785 -0.5216118252 29066.94827 32042.54453 nan nan
7 28151 1230 1230 0 218141.1813 10369.39888 203707.4705 235765.6757 32058.20525 195326.6174 246566.8939 51240.2765 0.2460651698 16805.42631 26440.28987 nan nan
8 40083 898 898 0 1121033.542 296010.8059 933972.4624 1711074.755 777102.2926 245065.7692 3867846.723 3622780.954 1.681429743 589544.2982 2744547.357 nan nan
9 175498 2764 2763 1 241296.368 13588.85581 231743.8189 246791.0759 15047.25695 195568.183 849927.9025 654359.7195 32.28121467 14548.09682 603637.9498 nan nan
10 9905 4957 4957 0 213809.8401 5453.82697 206314.8141 222378.5424 16063.72826 204637.3257 245741.5852 41104.25947 0.5821535177 9182.220343 30316.67994 nan nan
11 210090 3039 3034 5 236619.7598 22798.69339 204994.8991 239809.6344 34814.73532 196756.3667 1081874.302 885117.9354 27.68213187 31353.19964 845539.4756 nan nan
12 22717 781 780 1 240985.6119 6849.005974 226070.6429 245416.7899 19346.147 196406.2895 246940.291 50534.00157 -2.829613921 16017.12842 45681.48186 nan nan
13 156237 2361 2361 0 842881.5113 105845.3059 771449.7445 1095516.913 324067.1687 768841.3999 1204904.305 436062.9053 1.051552619 246583.3963 355970.7884 nan nan
14 165903 8837 8836 1 220110.9946 5264.090115 211890.7914 225905.2141 14014.42268 195377.1758 245946.815 50569.63918 0.3122064028 11283.11103 27447.85996 nan nan
15 43359 2140 2140 0 224341.5327 5736.493581 212702.5875 231760.0774 19057.48987 204736.4669 241937.4934 37201.02652 -0.6578236284 11350.16964 19306.825 nan nan
16 50026 1248 1244 4 1240192.517 579500.3727 937793.188 2438517.219 1500724.031 204424.929 4532888.748 4328463.819 2.830374742 1218974.963 3313346.492 nan nan
17 61863 434 434 0 217605.8919 61950.75244 204290.4393 245607.212 41316.77267 195418.9692 1489966.216 1294547.247 19.83202544 30590.31233 1274949.317 nan nan
18 120454 12566 12565 1 211057.6781 5660.286775 205435.4208 221190.3211 15754.90029 204045.2464 246936.7039 42891.45747 1.366795084 8392.853942 33750.14758 nan nan
19 32794 286 286 0 210427.5395 9517.334737 203432.0404 239367.6951 35935.65478 203249.8066 245933.1365 42683.32985 1.560347331 28867.36485 35432.80619 nan nan
20 110203 1784 1784 0 218937.5562 9089.882416 204263.958 232837.7509 28573.79286 203024.4131 243134.2329 40109.81977 0.01598856486 15870.34439 26166.82635 nan nan
21 59987 335 334 1 239303.8619 9330.263519 215740.9528 244281.4977 28540.54487 195549.0618 247137.9208 51588.859 -1.502989397 25296.10737 45487.99844 nan nan
22 65627 751 751 0 796302.6187 65825.65916 776713.4896 977793.017 201079.5273 772749.7037 1089720.031 316970.3268 1.72210988 166674.7928 278601.8063 nan nan
23 153188 3577 3570 7 1185556.98 318822.2417 967958.5218 1864995.391 897036.8692 773863.6857 3727499.141 2953635.455 0.7127986242 609352.1961 2471855.946 nan nan
24 69136 1596 1595 1 1379187.185 216894.6004 977376.3565 1634251.851 656875.4949 239002.5991 2349057.239 2110054.64 -0.6939010141 421525.9483 1155424.875 nan nan
25 167830 1814 1811 3 224534.8841 258069.4725 209890.2038 247031.1934 37140.98954 197696.0776 4267165.471 4069469.393 6.302526028 24280.43807 4037404.133 nan nan
26 148588 7200 7195 5 1192007.329 340291.4327 948841.6034 1782744.403 833902.7992 772521.1289 4551570.686 3779049.557 2.369694869 565286.2106 3334112.494 nan nan
27 167957 2 2 0 222189.8777 16910.39978 206970.5179 237409.2375 30438.7196 205279.4779 239100.2775 33820.79955 nan 32129.75958 33820.79955 nan nan
28 12157 744 737 7 242889.286 139260.1761 227269.4723 245388.6902 18119.21794 202594.7616 3975068.281 3772473.52 26.17973607 16655.43183 3731835.208 nan nan
29 24196 3709 3709 0 208085.3828 6601.631243 201407.9713 221599.1009 20191.12961 200719.7351 223395.3708 22675.63573 0.4898332664 12005.28461 13801.55451 nan nan
30 45291 13141 13140 1 912917.877 147544.0162 808596.8784 1267316.552 458719.6738 768506.2556 1421167.831 652661.5749 0.9623847289 353786.2615 507637.5398 nan nan
31 88569 2769 2766 3 229421.0448 5841.968463 216981.7815 234957.3721 17975.59054 208629.304 245503.9072 36874.60326 -0.7416978413 12245.25522 20085.5499 nan nan
32 176015 15556 15554 2 229810.9656 11653.55609 219938.7607 237279.3003 17340.53955 196044.9722 1509414.046 1313369.074 85.11369415 9629.243001 1280229.61 nan nan
33 116002 11138 11132 6 228368.2197 6814.417268 214724.9958 236943.9397 22218.94393 195539.2265 247072.7297 51533.5032 -0.5160925802 14697.95938 33715.85117 nan nan
34 29608 452 451 1 1158008.147 621120.5016 924920.8882 2899272.626 1974351.738 225098.614 4542129.342 4317030.728 2.656765082 1761050.983 3403907.699 nan nan
35 52314 3886 3886 0 209012.2924 6664.691718 202367.1146 220546.8544 18179.73977 201692.0199 246037.3134 44345.29349 1.153914758 10260.36847 35750.82751 nan nan
36 31348 168 167 1 242336.8262 54797.2114 238939.3028 245551.7979 6612.495098 213854.3676 951117.7636 737263.396 12.85561183 5675.932367 706586.3388 nan nan
37 165874 9677 9677 0 212624.932 4038.302138 208267.0948 219269.5499 11002.4551 195295.2842 244683.9015 49388.61729 1.393633395 6314.068609 31322.18152 nan nan
38 33505 629 629 0 3227883.731 1069044.97 1005488.905 4385318.792 3379829.887 224379.9463 4476312.438 4251932.491 -0.6658267157 2454375.585 3235484.545 nan nan
39 80819 7644 7643 1 915178.6709 53573.06419 854411.3709 1020136.623 165725.2519 772255.6914 1127402.506 355146.8146 0.5849515026 116813.2029 219208.6094 nan nan
40 37316 871 869 2 216104.8706 12112.42009 204102.6676 240540.5161 36437.84849 195367.8359 247196.8877 51829.05184 0.6112996431 26574.11039 33230.48201 nan nan
41 8287 2550 2550 0 226538.5188 3790.554104 222629.5805 230853.0528 8223.472346 203015.7444 232131.036 29115.29165 -2.677347343 4691.143675 24169.53155 nan nan
42 33249 308 308 0 228496.9756 6807.808934 213256.4573 235456.0348 22199.57747 207505.1477 243069.0259 35563.87818 -0.7263955811 15226.16412 20977.47371 nan nan
43 30636 813 813 0 222715.4054 10298.61627 208060.7541 245462.916 37402.16196 196214.0937 247235.364 51021.27028 0.3302103408 25129.67572 26902.12371 nan nan
44 39017 636 636 0 1584256.823 514496.0793 925393.1976 2473425.577 1548032.379 237521.1049 4452421.558 4214900.453 1.588667088 928374.432 2892462.058 nan nan

K=45, phase=forward, parameter=e [-]
cluster representative_source n_cluster n_valid n_missing median std p05 p95 width90 minimum maximum range skewness error95 error_max angle_origin_deg angle_resultant
0 144351 45608 45605 3 0.6988896244 0.09502861922 0.531034012 0.8280014146 0.2969674026 0.1946760287 0.8597500074 0.6650739788 -0.2195207863 0.201786808 0.5381447913 nan nan
1 23915 4561 4560 1 0.5334762233 0.014343357 0.5049500994 0.5517027582 0.0467526588 0.4976087052 0.5562090262 0.05860032094 -0.3747119764 0.04043536432 0.04777675853 nan nan
2 23568 825 825 0 0.4034333957 0.03998866105 0.3635076376 0.4926012466 0.129093609 0.3535949382 0.5792593629 0.2256644247 1.500037625 0.08291008797 0.1695682042 nan nan
3 167952 2141 2139 2 0.2565581839 0.08168802056 0.1768084054 0.4669544285 0.2901460232 0.1710855758 0.5693291022 0.3982435264 1.060842229 0.1998260432 0.3022007168 nan nan
4 48782 6026 6026 0 0.6142514555 0.05713591152 0.5221218877 0.6926026112 0.1704807234 0.1919999945 0.7175698908 0.5255698963 -0.5816074736 0.09729630702 0.425716898 nan nan
5 51611 1255 1249 6 0.2478166827 0.08861856303 0.1905357104 0.4853621981 0.2948264877 0.1700181651 0.7457509923 0.5757328272 1.727095926 0.2334239697 0.4938127638 nan nan
6 34556 417 417 0 0.3080842079 0.08376171163 0.1944882869 0.4904262106 0.2959379237 0.1698731259 0.5113890039 0.341515878 0.3388976402 0.2166792555 0.2376420488 nan nan
7 28151 1230 1230 0 0.410831939 0.07654741076 0.277700928 0.513645029 0.235944101 0.1768984382 0.5727162374 0.3958177991 -0.3696260293 0.1205291272 0.2200109338 nan nan
8 40083 898 898 0 0.571361688 0.08832728465 0.4806869598 0.7215394747 0.2408525149 0.1702037848 0.8772211912 0.7070174064 0.1249023641 0.1496923483 0.4020544782 nan nan
9 175498 2764 2763 1 0.2298512407 0.05849866116 0.1735164295 0.3098532048 0.1363367752 0.1715852171 0.5709867871 0.3994015699 2.253268254 0.1301129145 0.3912464968 nan nan
10 9905 4957 4957 0 0.4413292995 0.0397170702 0.379130229 0.4949837196 0.1158534907 0.1835877395 0.507021332 0.3234335924 -0.7393298952 0.06568013436 0.2461216424 nan nan
11 210090 3039 3034 5 0.2700321237 0.07773363735 0.2422241006 0.5046093546 0.262385254 0.1700719612 0.5625278525 0.3924558913 1.906797359 0.2321029754 0.2900214733 nan nan
12 22717 781 780 1 0.2318870252 0.05527281771 0.1881736431 0.3531453175 0.1649716744 0.1716030474 0.5650182522 0.3934152048 2.48066288 0.1313237541 0.3431966888 nan nan
13 156237 2361 2361 0 0.4179392902 0.06727647531 0.356044006 0.5604449171 0.204400911 0.3534727016 0.6017595388 0.2482868372 0.6492003623 0.1382039169 0.1795185387 nan nan
14 165903 8837 8836 1 0.3966773858 0.03889007297 0.3539569761 0.4558088701 0.1018518941 0.1834885621 0.5723949177 0.3889063556 -0.5668562511 0.08147484425 0.1955783502 nan nan
15 43359 2140 2140 0 0.3649512602 0.0425037311 0.3082776684 0.4495744829 0.1412968144 0.2239448188 0.5064513436 0.2825065248 0.5873141536 0.08296511316 0.1432670334 nan nan
16 50026 1248 1244 4 0.6143405941 0.0986218418 0.4829025219 0.8052115325 0.3223090106 0.1988113311 0.8952125964 0.6964012653 0.4145432194 0.198563344 0.4089440701 nan nan
17 61863 434 434 0 0.414910617 0.08601389614 0.1989169219 0.5100110349 0.311094113 0.169493203 0.6797373159 0.510244113 -0.8090588865 0.2456082315 0.2635886004 nan nan
18 120454 12566 12565 1 0.4615253155 0.04123365271 0.388574518 0.5014432578 0.1128687398 0.1724628902 0.5112590529 0.3387961627 -1.568414081 0.06003381421 0.2738538912 nan nan
19 32794 286 286 0 0.4658329607 0.07085555973 0.2464499151 0.515594653 0.269144738 0.1816681563 0.5168726041 0.3352044478 -1.679353568 0.2188649877 0.2836467465 nan nan
20 110203 1784 1784 0 0.4049165217 0.06671053777 0.3000619771 0.5096246399 0.2095626628 0.2092215476 0.518468962 0.3092474145 -0.0684447662 0.1189246038 0.2097650333 nan nan
21 59987 335 334 1 0.2470292557 0.07358235903 0.2009966364 0.4279022614 0.226905625 0.1697123633 0.5711935452 0.4014811819 1.28851481 0.1962450796 0.3395363633 nan nan
22 65627 751 751 0 0.3795550204 0.04702713674 0.3612649414 0.5062485509 0.1449836095 0.3573783224 0.5594339579 0.2020556355 1.330446644 0.1127912895 0.1659766965 nan nan
23 153188 3577 3570 7 0.5955701594 0.09158155484 0.5001977477 0.7447191535 0.2445214058 0.358302313 0.8726010776 0.5142987646 0.01035677848 0.1310774268 0.2604604578 nan nan
24 69136 1596 1595 1 0.6535165474 0.06842142619 0.5043291795 0.7082912785 0.203962099 0.1759040453 0.7977850458 0.6218810005 -1.746722073 0.1530441186 0.4814692529 nan nan
25 167830 1814 1811 3 0.3709616185 0.1039074871 0.1777523747 0.500267825 0.3225154503 0.1698141831 0.8887012719 0.7188870888 0.5794288605 0.1759338468 0.5643672937 nan nan
26 148588 7200 7195 5 0.5977640207 0.08934067442 0.4894011951 0.732860073 0.2434588779 0.3570046691 0.8956399398 0.5386352707 0.1581665909 0.1284683744 0.2892087487 nan nan
27 167957 2 2 0 0.3759789031 0.1265000224 0.2621288829 0.4898289233 0.2277000404 0.2494788806 0.5024789255 0.2530000449 nan 0.2403500426 0.2530000449 nan nan
28 12157 744 737 7 0.2147010766 0.05916850911 0.1883457111 0.3493322375 0.1609865264 0.1722257304 0.8805307354 0.708305005 4.186196075 0.13855953 0.6697580279 nan nan
29 24196 3709 3709 0 0.4824504071 0.04730064054 0.3850084923 0.5298688822 0.1448603899 0.3717351303 0.5347098093 0.162974679 -0.5021334417 0.08661551524 0.09988887724 nan nan
30 45291 13141 13140 1 0.4675344125 0.0752022387 0.3906248171 0.6220881994 0.2314633823 0.3532132518 0.6645258334 0.3113125816 0.5250529436 0.1547363556 0.1971739896 nan nan
31 88569 2769 2766 3 0.3267461293 0.04442944454 0.282767593 0.4188620432 0.1360944502 0.1885850058 0.4789896043 0.2904045985 0.631234942 0.09164127852 0.1468169064 nan nan
32 176015 15556 15554 2 0.324418059 0.04239686568 0.2640813863 0.3980973318 0.1340159455 0.1700666531 0.6839207812 0.5138541281 0.6193223247 0.07535857327 0.354773639 nan nan
33 116002 11138 11132 6 0.3352593248 0.05177755955 0.2666631135 0.4353608834 0.16869777 0.1707323136 0.5711940404 0.4004617267 0.3875074913 0.1103648653 0.2427848196 nan nan
34 29608 452 451 1 0.5855120239 0.1127987421 0.4752179498 0.8360116432 0.3607936934 0.258702033 0.8954250633 0.6367230303 0.5291555209 0.2628624301 0.3193497306 nan nan
35 52314 3886 3886 0 0.4758982579 0.04836181685 0.3928664727 0.5230866841 0.1302202114 0.180601501 0.5278521997 0.3472506986 -1.290624312 0.07389870937 0.2861636811 nan nan
36 31348 168 167 1 0.2207024562 0.03422746967 0.1882573857 0.2516323378 0.06337495204 0.1808318697 0.490918675 0.3100868053 4.610861891 0.05289477341 0.2921811106 nan nan
37 165874 9677 9677 0 0.4504743245 0.02932534709 0.4027046909 0.481471266 0.07876657502 0.1969318777 0.5729557573 0.3760238795 -1.656822852 0.04543424844 0.2482641709 nan nan
38 33505 629 629 0 0.8528791454 0.1180869341 0.5195187596 0.8916808372 0.3721620776 0.1705568463 0.8938855077 0.7233286614 -2.38824281 0.34322548 0.6921873932 nan nan
39 80819 7644 7643 1 0.4689919416 0.03241027294 0.4273693666 0.5272140259 0.09984465927 0.3568115374 0.5738339933 0.2170224558 0.09228890787 0.06680879294 0.1088128076 nan nan
40 37316 871 869 2 0.4253200366 0.0920414236 0.2343372955 0.5108525298 0.2765152343 0.1690549787 0.5724196201 0.4033646414 -0.7656321191 0.2062626043 0.2715449211 nan nan
41 8287 2550 2550 0 0.3482313586 0.02810053985 0.3150950014 0.3771711919 0.06207619047 0.305013172 0.5185090086 0.2134958366 2.532939044 0.03553846335 0.1751781495 nan nan
42 33249 308 308 0 0.3339338389 0.05133110497 0.2790989164 0.4461824873 0.1670835709 0.2132005794 0.4869251522 0.2737245728 0.6252452197 0.1137502353 0.1528773681 nan nan
43 30636 813 813 0 0.3772244765 0.07952933759 0.1863960483 0.4827160464 0.2963199981 0.1685723685 0.5665258078 0.3979534394 -0.550611156 0.2082699619 0.2260936418 nan nan
44 39017 636 636 0 0.6994717911 0.09072423026 0.4754110275 0.807963152 0.3325521245 0.1942188516 0.8933250748 0.6991062232 -1.134659055 0.219330996 0.5005231719 nan nan

K=45, phase=forward, parameter=w [deg]
cluster representative_source n_cluster n_valid n_missing median std p05 p95 width90 minimum maximum range skewness error95 error_max angle_origin_deg angle_resultant
0 144351 45608 45605 3 -3.31497483 20.49254294 -21.50161482 34.85200659 56.35362141 -177.7394493 176.8894074 354.6288567 -0.04768249763 56.27462507 179.2103103 173.9253561 0.9436307542
1 23915 4561 4560 1 -0.4083011185 4.39799598 -6.383943696 8.139357852 14.52330155 -7.658997203 15.08200606 22.74100326 0.546725753 8.402183252 15.34483146 306.148734 0.9970582687
2 23568 825 825 0 -6.0508915 24.75174743 -25.55394639 46.58888956 72.14283595 -26.50017645 168.0758473 194.5760237 1.474159247 69.65027476 177.4142743 207.4147275 0.9156582823
3 167952 2141 2139 2 -2.472173619 34.26725557 -37.29217219 70.1947302 107.4869024 -43.30075136 177.6700265 220.9707779 1.214270219 63.98307542 152.3398147 70.45521174 0.845135648
4 48782 6026 6026 0 -5.956722416 22.38692378 -17.86677473 42.30448468 60.17125941 -179.6918433 160.3022316 339.9940748 0.6925827034 56.33093984 173.1472129 180.4346181 0.9340738012
5 51611 1255 1249 6 -6.139708377 34.85808669 -38.44166194 67.19954222 105.6412042 -170.5784124 157.3395397 327.9179521 0.5347274131 56.63459238 177.7054385 104.5264573 0.8383355483
6 34556 417 417 0 -5.413120687 43.09643434 -40.59135456 87.90460757 128.4959621 -173.0955348 146.2685129 319.3640477 0.4299353613 128.484275 175.9743409 84.47763872 0.7751259713
7 28151 1230 1230 0 -12.8133928 39.23414118 -29.84344416 74.99982439 104.8432686 -144.141411 174.0967247 318.2381357 1.493050947 102.6988731 169.3704905 346.2629607 0.8093741245
8 40083 898 898 0 -4.834580356 25.48071265 -23.30763831 43.093766 66.40140431 -157.9893851 154.4546303 312.4440154 1.172065701 63.69779012 173.6117409 312.0778791 0.9176366575
9 175498 2764 2763 1 -3.594468293 24.67452764 -17.24122841 31.32960869 48.57083709 -175.2734971 178.6909222 353.9644193 0.02619898027 36.34183212 178.5619104 16.74442159 0.9330344925
10 9905 4957 4957 0 -1.209799607 11.40139524 -6.933060405 14.78825618 21.72131658 -127.8860884 150.0569195 277.9430079 4.816003949 17.52057601 152.6974762 297.942592 0.985309503
11 210090 3039 3034 5 -8.089640293 33.78727362 -23.25238761 85.42317609 108.6755637 -152.168257 131.8757137 284.0439707 1.611530084 102.3425263 148.723922 61.18524415 0.8520949875
12 22717 781 780 1 -3.76128912 24.44198824 -21.43675063 55.66709132 77.10384195 -154.9783356 178.934432 333.9127676 2.1076237 64.65973945 172.9534445 159.7414173 0.928182393
13 156237 2361 2361 0 -6.734959829 38.99851813 -36.53970493 81.00858314 117.5482881 -40.90973383 165.2661057 206.1758395 1.488069121 103.6489008 179.4753023 237.7675856 0.8113997172
14 165903 8837 8836 1 -8.618910091 26.58552658 -18.1637263 40.95940393 59.12313023 -179.6736276 168.3413228 348.0149504 0.9192662796 71.76016204 179.9593289 8.963531823 0.9101347357
15 43359 2140 2140 0 -4.421006426 12.74546644 -9.161843941 25.72760644 34.88945039 -133.3377683 59.41464782 192.7524161 -0.5296076 30.96039533 128.6707026 300.1631315 0.9771243597
16 50026 1248 1244 4 -6.465352249 40.88260886 -30.12625068 73.95449095 104.0807416 -179.4475165 179.9588997 359.4064162 0.9803138608 103.4468715 178.614532 258.1152296 0.8202748069
17 61863 434 434 0 -0.4869728163 36.67451447 -65.08539276 40.2737977 105.3591905 -176.4125967 176.7228032 353.1353998 -0.05382821409 69.35100634 179.9362567 60.76244515 0.8627982199
18 120454 12566 12565 1 -3.091380719 21.07246551 -19.14060634 34.36887644 53.50948277 -174.6097328 176.4066469 351.0163797 1.983946679 46.82893838 178.2912669 11.72968947 0.9449787437
19 32794 286 286 0 -5.001009854 41.4474905 -27.61661756 121.4677427 149.0843603 -34.26319349 143.9419681 178.2051616 2.016876781 136.274872 158.7490973 30.49326486 0.8046619507
20 110203 1784 1784 0 -1.509169873 21.75827884 -38.77280292 29.93294927 68.70575219 -177.7100344 178.2594392 355.9694736 0.1887551957 38.77231543 179.3183755 334.2412052 0.9406819998
21 59987 335 334 1 -3.385669142 25.7015227 -18.48144914 43.38204925 61.8634984 -73.26616529 147.4014604 220.6676257 2.280044449 56.39219331 158.4839892 151.1781687 0.9170318936
22 65627 751 751 0 -2.706444439 20.64319973 -26.87056867 43.96728449 70.83785316 -30.75012612 95.24478409 125.9949102 0.8802848548 38.93091519 90.20841479 213.9689156 0.9376446523
23 153188 3577 3570 7 -4.635316189 50.8954491 -37.36885709 129.8073183 167.1761754 -178.7875714 179.6577903 358.4453617 1.037037475 154.5751962 179.9970286 247.8472728 0.7351907915
24 69136 1596 1595 1 -4.629976645 27.8903082 -18.70907676 40.04141548 58.75049224 -172.2731925 173.5838455 345.8570379 0.6137544567 59.47731807 179.7859812 200.8852846 0.9133122865
25 167830 1814 1811 3 -4.277900237 31.05852637 -46.62422453 53.02196761 99.64619214 -177.3771925 162.4992114 339.8764039 0.1998482082 73.41265074 174.8134557 132.1946637 0.8779091532
26 148588 7200 7195 5 -4.857041336 33.22278814 -27.20942433 63.4813901 90.69081444 -177.2327336 178.8386078 356.0713414 1.441500218 99.3001155 178.9921723 293.5687268 0.8695497404
27 167957 2 2 0 1.421085472e-14 32.6535022 -29.38815198 29.38815198 58.77630396 -32.6535022 32.6535022 65.3070044 nan 62.04165418 65.3070044 133.3077657 0.8419489313
28 12157 744 737 7 -3.698995196 19.03062564 -21.71484305 32.0134179 53.72826095 -42.69077224 118.2820336 160.9728058 2.331992166 40.75604223 127.0246579 165.3117726 0.9503271265
29 24196 3709 3709 0 -3.157224109 12.35301806 -12.74849126 32.80089359 45.54938485 -13.7734238 48.20545266 61.97887646 1.72055723 37.57841708 52.98297615 303.5535671 0.9773295086
30 45291 13141 13140 1 -5.72074968 24.54054241 -27.58458869 43.92093927 71.50552796 -178.0575796 178.1762768 356.2338563 0.7452826694 68.80752434 177.897623 191.6975057 0.9158148163
31 88569 2769 2766 3 -2.703446184 16.66490153 -15.55619974 30.41252882 45.96872856 -150.3565753 66.45110298 216.8076783 -1.486257658 36.29359475 145.1683751 312.8959994 0.9633390664
32 176015 15556 15554 2 -2.089332825 19.7864942 -18.48333884 35.66735702 54.15069586 -179.8430237 178.123257 357.9662807 1.740316159 53.75677742 179.8545816 15.35493783 0.9506725288
33 116002 11138 11132 6 -4.613780732 28.56614679 -23.57257514 37.01292537 60.58550051 -177.5219817 179.3530628 356.8750445 -1.956999116 61.12264353 175.8391554 16.41215203 0.9070291031
34 29608 452 451 1 -4.883204669 45.13253902 -29.74416465 132.6949866 162.4391512 -178.9452517 176.0902116 355.0354633 1.567362816 156.9384312 178.3088197 278.3435529 0.7923272849
35 52314 3886 3886 0 -0.9303384768 21.21897365 -19.36273441 21.95746923 41.32020364 -177.8504529 154.8001533 332.6506062 2.851085559 28.58591941 171.495504 314.7538552 0.9465819133
36 31348 168 167 1 -1.623428442 16.1862977 -12.46606711 27.60683367 40.07290078 -83.86880885 52.7071572 136.575966 -0.9800053282 36.14952261 84.57164519 348.2611769 0.9633104582
37 165874 9677 9677 0 -2.100960018 16.91822889 -17.09956898 22.03232263 39.13189161 -179.5995786 179.6422007 359.2417793 1.927707836 30.22497495 178.5259141 8.533519855 0.9629185187
38 33505 629 629 0 -6.246911357 43.14250853 -23.36961981 114.3158362 137.685456 -179.6255894 178.2765622 357.9021517 1.04776489 135.5360924 174.1954551 288.0928016 0.8119761758
39 80819 7644 7643 1 -2.896451898 23.00127112 -28.40495965 39.52896679 67.93392644 -173.2818784 171.5695183 344.8513967 0.8692130244 42.5599871 176.2468594 194.9602368 0.9253536452
40 37316 871 869 2 0.3392817896 40.82371491 -65.29413088 53.73146824 119.0255991 -175.6727058 162.3059335 337.9786393 -0.711541704 68.4792689 176.4049706 43.58890849 0.8074701177
41 8287 2550 2550 0 -1.656227237 7.349251964 -3.962880025 5.456769766 9.419649791 -4.091851004 70.56887215 74.66072315 6.13767684 8.73286792 73.8449703 293.5013432 0.9923198347
42 33249 308 308 0 -3.918895143 22.23007151 -26.42617815 39.19232681 65.61850497 -30.7008183 159.6221587 190.322977 1.714422954 51.3033652 171.7331971 16.96411369 0.9329238079
43 30636 813 813 0 -1.746516526 35.91025455 -48.68080302 31.14460383 79.82540684 -177.0729123 157.6526816 334.7255939 -1.861556106 77.09638523 172.3192809 41.46509714 0.8780723723
44 39017 636 636 0 -0.9671743469 23.05196044 -10.9232492 12.95271324 23.87596244 -174.8709115 169.8074306 344.6783421 2.28174619 18.56217542 173.4410105 253.4689827 0.9515231272
