# x0 y0 z0 v0x v0y v0z Cj E_SOI h_min_periluneo h_perigeo
1.014538845492553687e+00 -9.189884000630883093e-03 0.000000000000000000e+00 1.071668648410351032e+00 2.570408886868035814e-01 0.000000000000000000e+00 2.600000000000004974e+00 4.231090950520155491e-02 2.398072749868836581e+03 2.492949734737599647e+04
9.765722273183812252e-01 -2.213286324785324749e-02 0.000000000000000000e+00 -1.657540336601406317e+00 -4.275127364145472897e-01 0.000000000000000000e+00 1.000000000000003553e+00 2.542889835752727978e-01 4.872700915525113487e+03 1.199469111420617628e+04
9.014196958722413555e-01 -3.317728737664481231e-02 0.000000000000000000e+00 -1.023436777466748993e+00 2.998566115334548310e-01 0.000000000000000000e+00 2.100000000000004974e+00 3.216683256774803545e-02 1.546928489135370546e+04 8.137144161597373022e+04
9.503554412328280021e-01 -6.764104443585697291e-02 0.000000000000000000e+00 -1.379183686252459573e+00 -1.751409292092881209e+00 0.000000000000000000e+00 -1.699999999999998845e+00 3.452679724896409730e-02 1.241516052204033031e+03 3.584798444310348714e+05
9.513127755857673229e-01 -2.654547279658222084e-02 0.000000000000000000e+00 -1.622491154691267257e+00 -7.491025902288935834e-01 0.000000000000000000e+00 3.000000000000029310e-01 1.001377729263860927e-01 1.758334130434907081e+02 2.206275439895359887e+04
1.024112236366454765e+00 -7.776572252017077691e-02 0.000000000000000000e+00 1.080595773438970175e+00 -1.942059298505083520e+00 0.000000000000000000e+00 -1.699999999999998845e+00 5.014490166873795951e-02 1.102700414016094555e+03 3.670562778105005273e+05
1.010495748301707408e+00 -8.451700743299081497e-02 0.000000000000000000e+00 4.312361247905309170e-01 3.813063360256793710e-01 0.000000000000000000e+00 2.900000000000005684e+00 1.721813780219905998e-01 2.796713330599183610e+04 3.413355192200178863e+05
9.473685109840832563e-01 -5.571727995110625081e-02 0.000000000000000000e+00 -1.486120864120525242e+00 -1.549353690400022909e+00 0.000000000000000000e+00 -1.299999999999998490e+00 2.937591090013257078e-02 2.204807894909862682e+02 3.362576746480020811e+05
1.017954460791229421e+00 -5.431081505702634038e-02 0.000000000000000000e+00 1.354898436288163310e+00 -1.584320958736857188e+00 0.000000000000000000e+00 -9.999999999999982236e-01 7.241246699232550821e-02 2.917724368639889235e+03 1.800245961268143146e+05
9.856703898572909406e-01 -7.599405829268919207e-03 0.000000000000000000e+00 -2.205244973575072542e+00 -5.121847243238387692e-01 0.000000000000000000e+00 9.000000000000034639e-01 6.168687393562062304e-01 7.571739084536603741e+02 1.262370454879957833e+03
9.806720444253370639e-01 -1.471593278011230042e-02 0.000000000000000000e+00 1.364271414615759737e+00 2.732710264324585414e-01 0.000000000000000000e+00 2.500000000000005329e+00 5.265182039680723625e-01 2.617357987378291455e+03 1.681024855288682738e+05
9.854413580729585176e-01 -1.961261515841753594e-02 0.000000000000000000e+00 -1.205681079309954828e+00 3.573700568311160564e-01 0.000000000000000000e+00 2.600000000000004974e+00 1.399486935289073475e-01 5.679330932486011079e+03 1.473465965994902654e+05
9.563078741021192597e-01 -7.430737727358585620e-02 0.000000000000000000e+00 1.392722691637966470e+00 -1.384006074523533192e+00 0.000000000000000000e+00 -5.999999999999978684e-01 8.383368253610093412e-02 3.279413657984008751e+03 1.184413704457553395e+05
9.861826145182552850e-01 -9.453288931675766713e-03 0.000000000000000000e+00 -2.131699219538711443e+00 -1.067240417461724711e+00 0.000000000000000000e+00 -1.999999999999975131e-01 5.638481191181807795e-01 1.018043688607911008e+03 5.037797651371970278e+04
9.576303044676344189e-01 -3.356179943557871526e-02 0.000000000000000000e+00 -1.617128766305535370e+00 -1.215404773292878549e+00 0.000000000000000000e+00 -5.999999999999978684e-01 1.213129240537050568e-01 3.747333935910759806e+02 2.238527973950121668e+05
1.115944170814897163e+00 -6.810915290542608747e-02 0.000000000000000000e+00 3.530484934303956823e-01 2.025046798960002115e-01 0.000000000000000000e+00 3.000000000000005329e+00 5.402210919299265529e-02 4.757401290590397548e+04 3.949571137292122003e+05
9.039445650689716949e-01 -3.912550644715753062e-02 0.000000000000000000e+00 -1.317371323777272396e+00 -1.892125071787291099e-02 0.000000000000000000e+00 1.500000000000003553e+00 7.339179236226001102e-02 8.767608073540086480e+03 8.598479553026603753e+03
9.449120273028106531e-01 -4.003982651595966447e-02 0.000000000000000000e+00 -9.866193968355618793e-01 3.122429749146296563e-01 0.000000000000000000e+00 2.300000000000004263e+00 4.477117069255732995e-02 1.107183156840584343e+04 6.090147595668815484e+03
9.442197755594660125e-01 -3.928436630356760967e-02 0.000000000000000000e+00 -1.597479506518060477e+00 -7.205295774427407096e-01 0.000000000000000000e+00 3.000000000000029310e-01 8.796713220556015567e-02 3.339380647377623063e+03 3.223379605254006310e+04
1.063174343541076095e+00 -1.159901114750663403e-01 0.000000000000000000e+00 1.114607719624492566e+00 -1.761777713837244352e+00 0.000000000000000000e+00 -1.199999999999998401e+00 2.674792069819095786e-02 2.089733917290417367e+02 3.472956654800377437e+05
1.010057447681746101e+00 -8.288124725030612816e-02 0.000000000000000000e+00 1.357918151542902185e+00 -1.375794319438240709e+00 0.000000000000000000e+00 -4.999999999999977796e-01 5.925925514697981400e-02 2.686538700390271515e+03 1.780765789865531551e+05
9.498311719304424194e-01 -2.107389473023128790e-02 0.000000000000000000e+00 -1.571824363930437229e+00 -4.942972150258682085e-01 0.000000000000000000e+00 8.000000000000033751e-01 1.086237678238416299e-01 8.889039935446318097e+00 5.572819020712006750e+04
1.043201766601001168e+00 -4.644607956848515601e-02 0.000000000000000000e+00 8.855018217666901226e-01 1.135396349714570957e-01 0.000000000000000000e+00 2.500000000000005329e+00 8.577029748717490687e-02 1.818082687556595920e+04 1.566702356097464799e+05
9.708806267956818781e-01 -3.061262949466082850e-02 0.000000000000000000e+00 -1.572996753489373845e+00 -1.540243688553462276e+00 0.000000000000000000e+00 -1.199999999999998401e+00 8.658763660411454566e-02 1.228375897428467169e+03 2.620617357873828150e+05
9.886372153018245790e-01 -1.126507653628703448e-02 0.000000000000000000e+00 -1.499462638943107828e+00 3.938361918158377328e-01 0.000000000000000000e+00 2.700000000000004619e+00 1.039982578054102491e-01 2.185495980890701958e+03 1.747748159432103275e+05
9.810911997367249837e-01 -1.856823454325258124e-02 0.000000000000000000e+00 1.158718915382981329e+00 3.726462065633416310e-01 0.000000000000000000e+00 2.700000000000004619e+00 2.800020301634621456e-01 3.391264606148865823e+03 4.922373314274364384e+04
9.872980136167421872e-01 -7.886399812502319431e-03 0.000000000000000000e+00 2.223065216045815529e+00 -1.258334896821576399e+00 0.000000000000000000e+00 -4.999999999999977796e-01 7.087962907077784980e-01 9.191898965877412593e+02 8.952154562443464238e+04
9.350198059539639450e-01 -2.928396895537287506e-02 0.000000000000000000e+00 -1.248205741526946966e+00 6.570216954725367764e-02 0.000000000000000000e+00 1.800000000000004263e+00 7.640587590073613655e-02 8.041201154301124006e+03 1.135972699638418999e+04
9.941992273686589554e-01 -2.750375841885930456e-02 0.000000000000000000e+00 1.634521184426665830e+00 -1.241344795128216383e+00 0.000000000000000000e+00 -3.999999999999976907e-01 1.964758704112708476e-01 8.996290649571775475e+02 1.940723243674085534e+05
1.051200789415030146e+00 -4.435906131760435078e-02 0.000000000000000000e+00 3.869835709041478111e-01 3.575367806475363008e-01 0.000000000000000000e+00 3.000000000000005329e+00 3.058359292165962334e-02 2.709550813909576027e+04 3.270045932305140304e+05
1.054445125311404663e+00 -6.431066286634166962e-02 0.000000000000000000e+00 3.303070448474734744e-01 3.440362543646001692e-01 0.000000000000000000e+00 3.000000000000005329e+00 6.749080377212242354e-02 1.291368730477536701e+04 3.852843311098350678e+05
9.753722337566400613e-01 -3.088227906718390287e-02 0.000000000000000000e+00 -1.202362221022832189e+00 1.894937847408343368e-01 0.000000000000000000e+00 2.200000000000004619e+00 1.687631282314087100e-01 1.059533773094135540e+04 6.112996862548701756e+04
9.903339197834853946e-01 -9.272039029494751408e-03 0.000000000000000000e+00 2.112371118062462472e+00 -9.597098633567250348e-01 0.000000000000000000e+00 1.000000000000027534e-01 5.212245971164818359e-01 8.791850270251457005e+02 6.091030572282479261e+04
9.190500020137216675e-01 -6.194733219821656200e-02 0.000000000000000000e+00 -1.595254296249982051e+00 -1.087719523580982894e+00 0.000000000000000000e+00 -4.999999999999977796e-01 6.832208027969670361e-02 3.390539179863073400e+02 3.675379095773532172e+05
9.867707482384490136e-01 -6.117816856836626703e-03 0.000000000000000000e+00 -2.425704351093963762e+00 -1.174451030659544593e+00 0.000000000000000000e+00 -3.999999999999976907e-01 7.747996508694089401e-01 3.860255921056514694e+01 1.509289701662533917e+05
1.065153591539566458e+00 -1.643149521372126373e-02 0.000000000000000000e+00 7.346185157346252215e-01 1.906832529913665419e-01 0.000000000000000000e+00 2.700000000000004619e+00 2.901409001998987713e-02 1.035857846966984835e+04 8.219044516482480685e+04
1.055163472001865665e+00 -5.851515668022942707e-02 0.000000000000000000e+00 3.452791936918850890e-01 3.440243785028536672e-01 0.000000000000000000e+00 3.000000000000005329e+00 5.833260636479507821e-02 5.952110284258671982e+02 3.754139180344225606e+05
9.571896669165227411e-01 -1.301432039698254342e-02 0.000000000000000000e+00 -1.497220005455323966e+00 -2.057023147415155961e-01 0.000000000000000000e+00 1.400000000000003908e+00 1.134412604472758435e-01 4.435314526461588969e+01 4.480311739702148770e+03
9.567307513103685546e-01 -1.944514258629461215e-02 0.000000000000000000e+00 -1.613936914130012390e+00 -5.584942366707940087e-01 0.000000000000000000e+00 7.000000000000032863e-01 1.244615759768637336e-01 3.946142836951111121e+01 3.749492893501975341e+05
9.504302131091706407e-01 -1.436391247090434108e-02 0.000000000000000000e+00 -1.196843541883523487e+00 1.722035365114914229e-01 0.000000000000000000e+00 2.100000000000004974e+00 4.446763798297909825e-02 3.526475624578654788e+03 8.668815598616221905e+03
9.850429729985644700e-01 -9.179685209832208828e-03 0.000000000000000000e+00 1.892534960413956968e+00 -3.834025671452381129e-02 0.000000000000000000e+00 1.900000000000003908e+00 8.121150502974989749e-01 1.740724317420749458e+03 5.299452402752049966e+04
9.264803490155649746e-01 -2.732329947167399034e-02 0.000000000000000000e+00 -1.463029099832270363e+00 -2.904946854636506481e-01 0.000000000000000000e+00 1.100000000000003197e+00 8.423483518442854978e-02 1.317392727459711523e+03 1.181293307410069247e+04
9.856947576705643588e-01 -1.108510811787737083e-02 0.000000000000000000e+00 -2.017304202854075967e+00 -6.587789928603386969e-01 0.000000000000000000e+00 6.000000000000031974e-01 5.246575426609610959e-01 1.880547446983278633e+03 3.352110591556382133e+03
9.900919717962770594e-01 -2.133584224523568662e-02 0.000000000000000000e+00 1.181566876410360845e+00 2.969955853792808353e-01 0.000000000000000000e+00 2.600000000000004974e+00 3.296629230858728055e-01 3.286073362297676795e+03 2.463802504994288756e+04
1.044092400491510864e+00 -6.702769729413197985e-02 0.000000000000000000e+00 3.224853301139391504e-01 3.675564516722752417e-01 0.000000000000000000e+00 3.000000000000005329e+00 6.459031499535188015e-02 4.270118807570169338e+03 2.606551205155134667e+05
9.315102106445386498e-01 -3.658715218069449188e-02 0.000000000000000000e+00 -1.578680877192498277e+00 -6.562359142774836229e-01 0.000000000000000000e+00 4.000000000000030198e-01 7.380418253469313294e-02 7.453247164567744676e+02 5.566677626619299554e+04
9.766043259612494642e-01 -9.435808309681303560e-03 0.000000000000000000e+00 -1.503652863055284561e+00 2.153821467136912970e-01 0.000000000000000000e+00 2.300000000000004263e+00 1.054451616585278945e-01 1.721803805946944522e+03 6.284221683447367104e+04
1.023016152446379667e+00 -2.555007989424816495e-02 0.000000000000000000e+00 1.524372189500970531e+00 -7.684753403933383131e-01 0.000000000000000000e+00 6.000000000000031974e-01 9.255280300666028637e-02 2.578867657624368235e+02 7.049466428590608120e+04
9.857247889163629484e-01 -5.837552901167861880e-03 0.000000000000000000e+00 -2.396515435164697116e+00 -5.657741969641794100e-01 0.000000000000000000e+00 8.000000000000033751e-01 6.814002490105387499e-01 8.147048163603363946e+01 3.841995605580035044e+04
9.678242040393176815e-01 -1.740771065019123057e-02 0.000000000000000000e+00 1.649398755757517598e+00 -1.359440039947565904e+00 0.000000000000000000e+00 -6.999999999999979572e-01 3.522387102259678660e-01 2.768238316994067191e+03 1.382171110338997678e+05
9.819539418745689696e-01 -1.157065372224920508e-02 0.000000000000000000e+00 -1.938965283018809549e+00 -6.028106847774130639e-01 0.000000000000000000e+00 7.000000000000032863e-01 3.964159216799405527e-01 1.427802061192717019e+03 9.746270232919685441e+03
1.036979545717737539e+00 -4.581452334921649883e-02 0.000000000000000000e+00 8.969287626766201393e-01 1.267933278106128381e-01 0.000000000000000000e+00 2.500000000000005329e+00 9.587962983967020236e-02 4.247770336358674285e+03 1.704950074736048191e+04
9.897620360851879795e-01 -7.670825779840157767e-03 0.000000000000000000e+00 2.213270003995819302e+00 -6.533543565742301329e-01 0.000000000000000000e+00 7.000000000000032863e-01 6.239995930992265905e-01 7.253043478817581899e+02 1.167870938469186513e+04
9.716590160171005852e-01 -2.312238516831388591e-02 0.000000000000000000e+00 -1.675370096851053203e+00 -1.344007840093300876e+00 0.000000000000000000e+00 -7.999999999999980460e-01 2.139302825508779538e-01 4.676391583637336566e+02 2.344206814344992163e+05
1.119166375484881959e+00 -3.765451258695591552e-02 0.000000000000000000e+00 3.663009128674218906e-01 2.075257838505630836e-01 0.000000000000000000e+00 3.000000000000005329e+00 3.247626525533370972e-02 1.502196430041163694e+03 1.280463543224214227e+05
9.888528657959836377e-01 -9.546536161030365689e-03 0.000000000000000000e+00 1.585491068329341502e+00 4.115303092235374494e-01 0.000000000000000000e+00 2.800000000000005151e+00 1.371984386631969755e-01 3.033116802783328225e+01 2.579652789985258132e+05
1.057267172309828140e+00 -5.043490245259982935e-02 0.000000000000000000e+00 1.280081885934404529e+00 -4.586526194873277174e-01 0.000000000000000000e+00 1.400000000000003908e+00 5.454253318104666098e-02 4.812092203198963944e+03 5.242188994387010098e+03
9.811611751173060503e-01 -1.113121593300750445e-02 0.000000000000000000e+00 -1.939048081103670773e+00 -6.025688822835704173e-01 0.000000000000000000e+00 7.000000000000032863e-01 3.774911638711253570e-01 1.114399287524378906e+03 1.248794265388346685e+04
9.894211084446005167e-01 -1.118268604698556198e-02 0.000000000000000000e+00 1.461608771400100482e+00 4.089018338399442176e-01 0.000000000000000000e+00 2.800000000000005151e+00 1.454112731908164535e-01 2.533927920978283510e+03 2.190726503366184770e+05
1.062747335487979727e+00 -5.441647406193609454e-02 0.000000000000000000e+00 1.193213073264904445e+00 -3.268166274238032409e-01 0.000000000000000000e+00 1.700000000000004619e+00 5.413468930922477745e-02 1.129806368381190987e+04 3.186332033314018190e+04
9.847253734322296559e-01 -1.607215769422056656e-02 0.000000000000000000e+00 -1.622901004204717834e+00 -4.453917371869275249e-02 0.000000000000000000e+00 1.800000000000004263e+00 3.815127829534298853e-01 4.341197580789641506e+03 3.121625663072863972e+04
9.765156699690596964e-01 -1.618636450738734217e-02 0.000000000000000000e+00 -1.803452802925994414e+00 -7.932832329005027328e-01 0.000000000000000000e+00 3.000000000000029310e-01 2.527101060720419734e-01 1.514211851874141530e+03 4.162429527167027845e+04
9.836986903798725645e-01 -2.620708211592414835e-02 0.000000000000000000e+00 -1.125787977790133398e+00 3.163099599642695270e-01 0.000000000000000000e+00 2.500000000000005329e+00 1.686669606075724970e-01 8.350568984865130915e+03 1.629000656320249836e+05
9.843923837887036399e-01 -2.459854911179005024e-02 0.000000000000000000e+00 9.795621926263513579e-01 4.127121908982827048e-01 0.000000000000000000e+00 2.800000000000005151e+00 1.660790183534887610e-01 5.676933427264494640e+03 2.644748791918615461e+05
9.745976072118055500e-01 -2.492315616845011336e-02 0.000000000000000000e+00 -1.095670400814774403e+00 3.353649777033076984e-01 0.000000000000000000e+00 2.500000000000005329e+00 8.560123397032931569e-02 4.077784041933411572e+03 1.574986187025750041e+04
1.141681211403745122e+00 -5.599016971027133416e-02 0.000000000000000000e+00 3.775222152431728651e-01 1.509104098426845286e-01 0.000000000000000000e+00 3.000000000000005329e+00 4.015167106649204093e-02 8.521161250430996006e+03 3.132631631847637473e+05
9.840167455559084564e-01 -6.914443932295301007e-03 0.000000000000000000e+00 -2.167145860635220522e+00 -3.590916090795199245e-01 0.000000000000000000e+00 1.200000000000003730e+00 5.035482297526332474e-01 3.564345951595790325e+02 1.473656881602048816e+04
9.860421758079116472e-01 -1.285966893008612041e-02 0.000000000000000000e+00 -1.647072570729644747e+00 1.001339160016360696e-01 0.000000000000000000e+00 2.100000000000004974e+00 4.053114681807035713e-01 3.230604598990372324e+03 3.627882898672849115e+04
1.066004762211879564e+00 -5.271640051129902749e-02 0.000000000000000000e+00 5.061127372176572603e-01 2.665789088128023843e-01 0.000000000000000000e+00 2.900000000000005684e+00 6.695410755911951339e-02 5.034473864923500514e+03 1.357398933884494181e+05
9.286053971901926385e-01 -4.971169173837959587e-02 0.000000000000000000e+00 -1.583352765862766853e+00 -6.849713487571821302e-01 0.000000000000000000e+00 3.000000000000029310e-01 6.951446955737526634e-02 4.317338849600299909e+03 2.319240646923513123e+04
9.934957767658750827e-01 -9.779665228974108657e-03 0.000000000000000000e+00 1.999406774991524305e+00 -7.113095452907133298e-01 0.000000000000000000e+00 6.000000000000031974e-01 3.951066116022798891e-01 6.684719464291351869e+02 2.760603168096880108e+04
1.026229796699154040e+00 -2.040717403247895717e-02 0.000000000000000000e+00 1.146480286705406471e+00 2.245065281998820730e-02 0.000000000000000000e+00 2.200000000000004619e+00 8.438828178621315956e-02 5.067098975362582678e+03 8.392426466875796905e+04
1.008492965049871737e+00 -3.435652126767579917e-02 0.000000000000000000e+00 9.476877208829913579e-01 2.471036726977559606e-01 0.000000000000000000e+00 2.600000000000004974e+00 1.762409077352286857e-01 1.285417311970152514e+04 1.907458384889596491e+05
1.051237637349353493e+00 -3.808744481214535599e-02 0.000000000000000000e+00 7.416147312467015196e-01 2.047135286767544637e-01 0.000000000000000000e+00 2.700000000000004619e+00 6.738361650618733545e-02 3.122918804242443116e+02 1.235449573523057188e+05
9.532164989492972751e-01 -2.336024365917838824e-02 0.000000000000000000e+00 -1.616127851828053519e+00 -6.519130282940428511e-01 0.000000000000000000e+00 5.000000000000031086e-01 1.105415627809793883e-01 1.667380248147432837e+02 3.977897911630145973e+04
1.081927906611510837e+00 -6.835197469461302966e-02 0.000000000000000000e+00 5.980175220196757291e-01 1.699598769889081040e-01 0.000000000000000000e+00 2.800000000000005151e+00 6.590301895397372711e-02 3.423631616495214257e+04 2.636473005329490989e+05
9.732334282983742257e-01 -1.061918635923716527e-02 0.000000000000000000e+00 -1.685740207508767075e+00 -2.357038681466397390e-01 0.000000000000000000e+00 1.400000000000003908e+00 2.028821217011660127e-01 5.599724230390388584e+02 8.715949371829314259e+03
9.880170121771115754e-01 -9.597659158422843992e-03 0.000000000000000000e+00 -2.052755346479322451e+00 -4.114990736502480706e-01 0.000000000000000000e+00 1.100000000000003197e+00 6.670457892515663234e-01 1.867753261676152988e+03 1.387592852931616289e+04
1.025208907675898118e+00 -3.607757567791625153e-02 0.000000000000000000e+00 1.367529712586284640e+00 -3.918148286996944729e-01 0.000000000000000000e+00 1.400000000000003908e+00 9.694724307569220489e-02 5.460974482043334319e+02 1.507867401917443203e+03
9.872980136167421872e-01 -7.886399812502319431e-03 0.000000000000000000e+00 -2.238838015670820081e+00 -7.162611304119047562e-01 0.000000000000000000e+00 5.000000000000031086e-01 7.184392995041407604e-01 1.001529546895946055e+03 1.164755589149252773e+04
9.272494365226627844e-01 -3.935413124834015453e-02 0.000000000000000000e+00 -1.263821597064893831e+00 4.140885323313502064e-02 0.000000000000000000e+00 1.700000000000004619e+00 8.122302465432934548e-02 1.145039817517734991e+04 2.951054125140259202e+03
9.838032625925065000e-01 -1.411085242096737392e-02 0.000000000000000000e+00 1.330704188060925608e+00 3.691334108667459479e-01 0.000000000000000000e+00 2.700000000000004619e+00 2.741463046763463196e-01 2.544711070145413032e+03 2.524904591593414807e+04
1.036798743401617706e+00 -9.606832992708154439e-02 0.000000000000000000e+00 1.965931214995645937e-01 3.828446661749843605e-01 0.000000000000000000e+00 3.000000000000005329e+00 5.727311109309931453e-02 1.312124941699363035e+03 3.746778995352960774e+05
9.037405811316167048e-01 -2.411783991726869358e-02 0.000000000000000000e+00 -1.034497724043567324e+00 2.850609430355524609e-01 0.000000000000000000e+00 2.100000000000004974e+00 2.803816196557937929e-02 1.114427885046160191e+04 5.185487530347250868e+03
1.017739099714507489e+00 -3.825696299419648755e-02 0.000000000000000000e+00 1.476302736175305386e+00 -1.369442649734386341e+00 0.000000000000000000e+00 -5.999999999999978684e-01 9.028390192924368174e-02 8.161479076497840879e+02 2.064028869341219252e+05
1.061284508214129563e+00 -3.741701351073016546e-02 0.000000000000000000e+00 7.267799540772276190e-01 1.838161424704760905e-01 0.000000000000000000e+00 2.700000000000004619e+00 5.736199216763693265e-02 1.719163824468805615e+04 2.492424923722471067e+04
9.912105210234081198e-01 -1.254355939486414412e-02 0.000000000000000000e+00 1.825707885925653473e+00 -1.670237026404072012e+00 0.000000000000000000e+00 -1.299999999999998490e+00 3.667998060667076454e-01 5.925900834969997959e+02 2.669489499435286270e+05
9.909000290549586643e-01 -3.486788480558175585e-02 0.000000000000000000e+00 7.400934172185311688e-01 4.451466929835560804e-01 0.000000000000000000e+00 2.900000000000005684e+00 4.282094338239069570e-02 6.602122599821343840e+01 2.820739936938110041e+05
1.055490528849199361e+00 -3.749404318051445528e-02 0.000000000000000000e+00 1.371088711350110678e+00 -6.318140247446388802e-01 0.000000000000000000e+00 1.000000000000003553e+00 5.047396411164184471e-02 5.217457084640318499e+02 2.540962721348087871e+04
9.960488661554823819e-01 -2.523510220279960581e-02 0.000000000000000000e+00 9.590247459708398647e-01 3.845682389520568289e-01 0.000000000000000000e+00 2.800000000000005151e+00 1.730789355262137286e-01 8.425613825932603504e+03 1.976813457053669845e+05
1.034302815256605834e+00 -6.393752471833387407e-02 0.000000000000000000e+00 1.353967752959740256e+00 -1.460345698675106219e+00 0.000000000000000000e+00 -6.999999999999979572e-01 5.388978408024021338e-02 2.128350359607256905e+03 2.481011719047704828e+05
1.130212560135502420e+00 -5.751841618230896930e-02 0.000000000000000000e+00 3.681298572069481856e-01 1.753094606842063308e-01 0.000000000000000000e+00 3.000000000000005329e+00 4.357973983915538335e-02 7.358731432400394624e+03 3.045541377723863116e+05
9.062364384263795758e-01 -2.034841776187808898e-02 0.000000000000000000e+00 -1.154673642987311677e+00 1.675249800070027495e-01 0.000000000000000000e+00 1.900000000000003908e+00 4.531753132916032517e-02 6.015185673515765302e+03 2.626857398228818056e+04
9.771078460923465769e-01 -1.235684136626816025e-02 0.000000000000000000e+00 -1.827379454890592614e+00 -5.447830538998706951e-01 0.000000000000000000e+00 8.000000000000033751e-01 2.829707528348981982e-01 9.324110109175396701e+02 1.902164428311836673e+04
9.820725890955728232e-01 -7.666199016489378716e-03 0.000000000000000000e+00 -1.660578327839912438e+00 3.545613500974758026e-01 0.000000000000000000e+00 2.600000000000004974e+00 4.584332025296307400e-02 1.346834446045486629e+03 4.908734409615298500e+04
1.004470884822260990e+00 -1.845993530813213809e-02 0.000000000000000000e+00 9.234633475022304694e-01 4.217647371167443926e-01 0.000000000000000000e+00 2.900000000000005684e+00 3.095808519685463306e-02 5.038712058898141549e+03 3.687158098419834860e+05
1.003104084257040229e+00 -4.430257480065883519e-02 0.000000000000000000e+00 8.988170455224163691e-01 2.512197613153589471e-01 0.000000000000000000e+00 2.600000000000004974e+00 2.099496905053717388e-01 1.623508737037767060e+04 2.018413493457304430e+05
9.832026554681096986e-01 -6.395811347740517315e-03 0.000000000000000000e+00 1.922302781674634753e+00 1.738979700491480318e-01 0.000000000000000000e+00 2.300000000000004263e+00 7.390485341336502367e-01 1.229894076964098701e+02 5.265063685405333672e+03
1.031299786349962000e+00 -4.195946884217154754e-02 0.000000000000000000e+00 1.471454960972038872e+00 -1.092874574257008291e+00 0.000000000000000000e+00 2.664535259100375697e-15 7.028741731822922556e-02 9.660334418269076195e+02 1.061536014892466919e+05
9.842603909700780029e-01 -7.043992496990331489e-03 0.000000000000000000e+00 -2.193922811789723148e+00 -4.606140442071556262e-01 0.000000000000000000e+00 1.000000000000003553e+00 5.325919419839104663e-01 3.507543098445365217e+02 4.508339965564733575e+03
9.311999338805200255e-01 -4.753461695844995311e-02 0.000000000000000000e+00 -1.575469189236206491e+00 -6.384273780506590779e-01 0.000000000000000000e+00 4.000000000000030198e-01 7.552869542614926157e-02 4.677744870411757802e+03 1.758159553219955706e+04
1.052689218932770343e+00 -3.895964302092616571e-02 0.000000000000000000e+00 1.124200738706018443e+00 -1.457893765275190268e-01 0.000000000000000000e+00 2.000000000000004441e+00 6.200078266475136934e-02 9.500148055819208821e+03 3.837062122948149045e+04
9.265306442025612599e-01 -1.758289449052313075e-02 0.000000000000000000e+00 -1.146199748418052389e+00 1.741823839570063315e-01 0.000000000000000000e+00 2.000000000000004441e+00 4.111359059221174339e-02 5.065423793425788062e+03 8.869629415800014613e+03
9.951792712284274200e-01 -4.627845260598844462e-02 0.000000000000000000e+00 6.203152781134524396e-01 4.308462848240869336e-01 0.000000000000000000e+00 2.900000000000005684e+00 9.484860850140416910e-02 1.803071295507010632e+02 3.082166347270419938e+05
1.040676305655912293e+00 -6.761524780478676833e-02 0.000000000000000000e+00 3.201550046987901021e-01 3.754997043828299241e-01 0.000000000000000000e+00 3.000000000000005329e+00 6.032693533989151591e-02 1.382976318496269232e+04 1.288657374202360807e+05
1.086039379442982789e+00 -5.220849328111037274e-02 0.000000000000000000e+00 3.487925970374639029e-01 2.758489325894801780e-01 0.000000000000000000e+00 3.000000000000005329e+00 4.888117907122536271e-02 4.272369739669429691e+03 3.739903077943829703e+05
1.101127897201898076e+00 -4.808383344893793487e-02 0.000000000000000000e+00 3.549393557750186168e-01 2.435125427104309070e-01 0.000000000000000000e+00 3.000000000000005329e+00 4.258062390742947678e-02 8.734642824809037847e+03 3.986430485837446176e+05
9.846339637810027634e-01 -7.222177587482686394e-03 0.000000000000000000e+00 -1.887857771990446798e+00 2.478872866336754577e-01 0.000000000000000000e+00 2.400000000000004796e+00 2.553899014998418093e-01 1.083704101640605813e+03 8.351765330613605329e+04
9.397574248656930251e-01 -3.367442262329439079e-02 0.000000000000000000e+00 -1.396813290907877425e+00 -1.460388602568973848e-01 0.000000000000000000e+00 1.400000000000003908e+00 1.028648644315722227e-01 2.291624737558685865e+03 6.990948528959981559e+03
1.130745884193275153e+00 -6.065592303360117094e-02 0.000000000000000000e+00 3.676718210886775751e-01 1.728355888191133727e-01 0.000000000000000000e+00 3.000000000000005329e+00 4.507442982066031667e-02 1.052618786630817795e+03 1.805958686119414924e+05
9.240839567228705809e-01 -5.741473901928677293e-02 0.000000000000000000e+00 -1.593270088174850718e+00 -1.099197121256886067e+00 0.000000000000000000e+00 -4.999999999999977796e-01 7.105759600707796386e-02 8.364871679728473453e+01 2.584667906209594221e+05
1.081992586355065011e+00 -4.933830907582695789e-03 0.000000000000000000e+00 6.248948663716445973e-01 2.090444774132088901e-01 0.000000000000000000e+00 2.800000000000005151e+00 1.095999266711768574e-02 6.426483008775639064e+03 2.558545898278841632e+05
1.012402922885388135e+00 -2.726935604914264635e-02 0.000000000000000000e+00 8.336891064097934345e-01 3.472555550065417607e-01 0.000000000000000000e+00 2.800000000000005151e+00 1.075857088483629653e-01 8.221427628952411396e+03 1.088582084438924212e+05
9.858033496631607440e-01 -7.636278846810054186e-03 0.000000000000000000e+00 1.980240205222573824e+00 6.391921539833961274e-02 0.000000000000000000e+00 2.100000000000004974e+00 7.857448457566590383e-01 1.092102247619759510e+03 2.480026245787257358e+04
1.036365532599778705e+00 -5.581132907688855088e-02 0.000000000000000000e+00 3.698557276220142409e-01 3.880768184673730192e-01 0.000000000000000000e+00 3.000000000000005329e+00 3.657111702115893592e-02 2.651926974157018412e+04 8.613533506103118998e+04
9.061072246382548823e-01 -4.346313048773674248e-02 0.000000000000000000e+00 -1.556806488499967056e+00 -5.576113388802488302e-01 0.000000000000000000e+00 5.000000000000031086e-01 5.904442824676518070e-02 1.393041083238278190e+02 6.179715148864615912e+03
9.750557876558404446e-01 -2.129228701692488165e-02 0.000000000000000000e+00 1.039749952496808127e+00 3.863104038012195596e-01 0.000000000000000000e+00 2.700000000000004619e+00 2.217957202145376117e-01 2.680483082704499793e+03 2.408942937110612693e+05
9.830703028440328506e-01 -1.387975109997658697e-02 0.000000000000000000e+00 -1.418453758738092096e+00 3.082871249562508242e-01 0.000000000000000000e+00 2.500000000000005329e+00 1.737204060458989729e-01 3.839518850194500374e+03 1.108657207918839413e+04
9.377731048951227777e-01 -3.377694447767281422e-02 0.000000000000000000e+00 -1.533745389037818097e+00 -4.572044593264575352e-01 0.000000000000000000e+00 8.000000000000033751e-01 9.472875129383973025e-02 3.080521422400130177e+03 6.515129831845611989e+03
1.000961117683081492e+00 -3.245243113274694918e-02 0.000000000000000000e+00 1.385641779557372999e+00 -1.796217387531716225e+00 0.000000000000000000e+00 -1.499999999999998668e+00 1.335777390263020448e-01 1.457124532613121346e+03 3.141745723770081531e+05
9.773435506819880825e-01 -7.633007652234966370e-03 0.000000000000000000e+00 -1.574306122904682192e+00 2.115510064739505036e-01 0.000000000000000000e+00 2.300000000000004263e+00 9.377862136322272224e-02 9.224266451368656590e+02 2.390271561178495176e+03
1.051461329743957673e+00 -4.969902043237822697e-02 0.000000000000000000e+00 1.073947057101914293e+00 -1.059620873933597718e-01 0.000000000000000000e+00 2.100000000000004974e+00 6.912723663085337811e-02 1.474595300287257487e+04 8.166923041415543412e+04
9.955702934062562459e-01 -1.818908613202932512e-02 0.000000000000000000e+00 1.538553586455135846e+00 -1.200075338340340636e-01 0.000000000000000000e+00 1.800000000000004263e+00 3.081545545586105161e-01 4.748718064583154046e+03 1.844393106853388963e+04
9.723612322991561641e-01 -1.720144663084491321e-02 0.000000000000000000e+00 -1.515579388533030647e+00 -7.169362122040844054e-02 0.000000000000000000e+00 1.700000000000004619e+00 1.939861232925455536e-01 3.779156347881088095e+03 5.920659460852457414e+03
1.073958370923006500e+00 -6.488770017919916200e-02 0.000000000000000000e+00 3.309184191627524974e-01 2.988295239485216359e-01 0.000000000000000000e+00 3.000000000000005329e+00 6.708369309582118412e-02 5.437856722944297871e+03 3.701205805191609543e+05
1.070325299275628916e+00 -6.678759800022721071e-02 0.000000000000000000e+00 3.267432249103031094e-01 3.065617299258038830e-01 0.000000000000000000e+00 3.000000000000005329e+00 7.051308763163421922e-02 3.418891747361832131e+03 2.269816365743652277e+05
1.143842587742343042e+00 -5.988014208156682699e-02 0.000000000000000000e+00 3.785489696467230214e-01 1.445749080652069807e-01 0.000000000000000000e+00 3.000000000000005329e+00 4.132935441633214108e-02 5.845557354927607776e+03 2.949936385286037112e+05
9.384720928144739682e-01 -2.850805033148825357e-02 0.000000000000000000e+00 -1.554218952175324908e+00 -5.191788115396132053e-01 0.000000000000000000e+00 7.000000000000032863e-01 8.999105055787291751e-02 6.470243125666224842e+02 4.456823107037814771e+04
1.059372480419874751e+00 -2.462734251025556695e-02 0.000000000000000000e+00 9.406769808087667162e-01 5.093304624134776387e-02 0.000000000000000000e+00 2.400000000000004796e+00 4.681176810310470199e-02 8.248168625969183267e+03 8.705127297621618709e+03
1.042120057304224634e+00 -4.240081854193129135e-02 0.000000000000000000e+00 1.438498557037259928e+00 -8.624779393111368098e-01 0.000000000000000000e+00 5.000000000000031086e-01 6.052376559249916799e-02 1.345981029097643386e+03 4.131499117217918683e+04
1.084043337591098277e+00 -8.970221928196847605e-02 0.000000000000000000e+00 3.049306069050902179e-01 2.670101755867633209e-01 0.000000000000000000e+00 3.000000000000005329e+00 8.650448006581168414e-02 4.861413387946999865e+04 3.823452365919565200e+05
9.989264938315300935e-01 -6.282084212910203636e-02 0.000000000000000000e+00 5.093642595323734090e-01 4.166479841624278757e-01 0.000000000000000000e+00 2.900000000000005684e+00 1.372125166894120618e-01 1.867584356218858738e+04 2.959023003663810086e+05
9.644480582614242126e-01 -1.578446124572789946e-02 0.000000000000000000e+00 -1.605789038047633621e+00 -3.681511807916636458e-01 0.000000000000000000e+00 1.100000000000003197e+00 1.579641057795880266e-01 9.105354417160582443e+02 1.195595886994347529e+04
9.918963848391633142e-01 -1.054253604521059387e-02 0.000000000000000000e+00 1.631981223882227772e+00 2.004495619077093782e-01 0.000000000000000000e+00 2.400000000000004796e+00 3.653968492792228906e-01 2.395742238285295116e+03 7.638209167199696822e+04
9.233862371406910130e-01 -2.870088683392165926e-02 0.000000000000000000e+00 -1.071496075782779389e+00 2.461451065936854643e-01 0.000000000000000000e+00 2.100000000000004974e+00 3.884170809714650174e-02 1.135701366310478625e+04 5.788466616203762533e+04
9.429201839621935699e-01 -3.510261665148434879e-02 0.000000000000000000e+00 -1.555125199582281459e+00 -5.151461508141306211e-01 0.000000000000000000e+00 7.000000000000032863e-01 1.000625258791380395e-01 3.738492535470926668e+03 6.703546041201536354e+03
8.881616734868607033e-01 -2.485496280610826822e-02 0.000000000000000000e+00 -1.347454552052703702e+00 -6.300428888492051738e-02 0.000000000000000000e+00 1.400000000000003908e+00 6.455322818831883691e-02 1.152716256284223164e+03 2.236505598125821052e+03
9.625952951508014444e-01 -3.744087529207686810e-02 0.000000000000000000e+00 -1.554331058558873213e+00 -1.474966700144282994e+00 0.000000000000000000e+00 -1.099999999999998312e+00 4.712042948785168106e-02 9.058336854419370638e+02 2.753088377251502825e+05
1.078586895388726763e+00 -3.124339615723757332e-02 0.000000000000000000e+00 7.107616531852208874e-01 1.515571458241374569e-01 0.000000000000000000e+00 2.700000000000004619e+00 4.144982134480711816e-02 1.701163435745281458e+04 1.629325562464129180e+05
1.016040701542036517e+00 -5.532837889975166651e-02 0.000000000000000000e+00 1.287042461179710218e+00 -1.728877501647262172e+00 0.000000000000000000e+00 -1.299999999999998490e+00 7.190375690379118001e-02 2.168179530659214379e+03 2.578225294837490655e+05
9.953853550022278007e-01 -2.188575733699823014e-02 0.000000000000000000e+00 1.478569584905912615e+00 -1.242037627406756689e-01 0.000000000000000000e+00 1.800000000000004263e+00 2.943967693595738733e-01 6.208006842944107120e+03 4.053586294486314728e+04
1.010440897824060658e+00 -2.891569055446321576e-02 0.000000000000000000e+00 1.574334454866468391e+00 -8.583875563129730324e-01 0.000000000000000000e+00 4.000000000000030198e-01 1.305360081601971145e-01 3.251818542728140073e+03 1.925490762980462387e+04
1.062137069675081591e+00 -5.803982259288901352e-02 0.000000000000000000e+00 1.387748422112272451e+00 -9.999165628711470521e-01 0.000000000000000000e+00 3.000000000000029310e-01 4.247196833992973597e-02 4.364531257180963735e+02 1.698888064379021307e+04
9.293343277331129748e-01 -6.731398758852333297e-02 0.000000000000000000e+00 -1.590620141235378426e+00 -1.141809195589926107e+00 0.000000000000000000e+00 -5.999999999999978684e-01 8.985414515235770616e-02 3.671120255584296501e+03 9.975501684549840866e+04
1.048983522122479917e+00 -2.346715839303684797e-02 0.000000000000000000e+00 1.064344742704543378e+00 -2.468511975953165821e-02 0.000000000000000000e+00 2.200000000000004619e+00 5.439961049959745470e-02 5.648627233854351289e+03 3.494556416402145987e+04
9.644215678134879788e-01 -1.245684422032110328e-02 0.000000000000000000e+00 -1.322535976105133182e+00 1.412354262329199306e-01 0.000000000000000000e+00 2.100000000000004974e+00 7.436622601587346282e-02 2.473350607843036414e+03 2.740040825624002537e+03
1.002416256258106486e+00 -1.798846513099401634e-02 0.000000000000000000e+00 1.298987556435292623e+00 1.211784737017542607e-01 0.000000000000000000e+00 2.300000000000004263e+00 2.043930771171406924e-01 5.132244699159435186e+03 2.254084667413206625e+04
9.823504425000438856e-01 -1.361060634599043501e-02 0.000000000000000000e+00 -1.418182339182248120e+00 3.095684268094555658e-01 0.000000000000000000e+00 2.500000000000005329e+00 1.589706937287451993e-01 3.769245879125962801e+03 6.583161937094143650e+04
1.116263580733162453e+00 -5.988047652898571827e-02 0.000000000000000000e+00 3.570151733464083099e-01 2.051412516755047322e-01 0.000000000000000000e+00 3.000000000000005329e+00 4.874695473907413035e-02 4.825863749181202365e+03 7.053924964908690890e+04
9.107284782749982543e-01 -3.761442795665826538e-02 0.000000000000000000e+00 -1.198890555450031314e+00 1.254538304442870955e-01 0.000000000000000000e+00 1.800000000000004263e+00 6.328360985787283288e-02 1.200715981955875577e+04 3.841582781310586142e+04
1.104368036571578227e+00 -6.458728812348167592e-02 0.000000000000000000e+00 3.463333870013039495e-01 2.298427511057434813e-01 0.000000000000000000e+00 3.000000000000005329e+00 5.600043789136371908e-02 1.278475033279610579e+04 4.044749793499741354e+05
1.075158524367566537e+00 -1.158630093519026766e-01 0.000000000000000000e+00 1.223933184558882781e+00 -1.498568476134917837e+00 0.000000000000000000e+00 -5.999999999999978684e-01 2.560869000857056779e-02 1.305872156913359277e+03 1.844412756054821657e+05
1.087063935922117475e+00 -6.692099253651870305e-02 0.000000000000000000e+00 3.337707996703472846e-01 2.681326250921455268e-01 0.000000000000000000e+00 3.000000000000005329e+00 6.478131217337314285e-02 1.232967298473116534e+04 3.942791910907096462e+05
1.067074802751294405e+00 -2.271749446868035621e-02 0.000000000000000000e+00 6.411003962047553406e-01 2.307908362550874504e-01 0.000000000000000000e+00 2.800000000000005151e+00 3.255510749680516625e-02 4.013175411107891250e+03 1.408837827200524043e+05
9.958307987266706851e-01 -3.754913163169529278e-02 0.000000000000000000e+00 7.057004778715868509e-01 4.322146326818880890e-01 0.000000000000000000e+00 2.900000000000005684e+00 8.192838406695780729e-02 2.397964508362168999e+03 8.736699581206252333e+04
9.937450269521158619e-01 -1.157065372224920681e-02 0.000000000000000000e+00 1.945458751203760883e+00 -1.066846383535968723e+00 0.000000000000000000e+00 -9.999999999999742428e-02 3.549239511517401358e-01 6.424187701571767093e+02 9.770590484646597179e+04
1.116387691940837978e+00 -1.040881881112722951e-01 0.000000000000000000e+00 3.356642209994324944e-01 1.862305463433298613e-01 0.000000000000000000e+00 3.000000000000005329e+00 7.007391064121606949e-02 3.526627468435114224e+03 3.720196585738350987e+05
9.878494844133424158e-01 -6.212194043075113664e-03 0.000000000000000000e+00 -2.417754330902943227e+00 -7.196092596845798939e-01 0.000000000000000000e+00 5.000000000000031086e-01 8.727445748392274050e-01 5.073329634044640670e+02 7.365738501111338337e+03
9.863478510312186920e-01 -9.480940040870572752e-03 0.000000000000000000e+00 1.627496416027767179e+00 3.666027479320831950e-01 0.000000000000000000e+00 2.700000000000004619e+00 2.673214110157969281e-01 1.494210321594196103e+03 1.087351281691131589e+05
9.833132657939794852e-01 -1.396104536584114042e-02 0.000000000000000000e+00 -1.901012967832232281e+00 -7.022784957869696587e-01 0.000000000000000000e+00 5.000000000000031086e-01 3.996446604203603425e-01 2.376158080466089814e+03 1.075740727719882125e+04
9.898452539222255542e-01 -9.389357323070817579e-03 0.000000000000000000e+00 -1.739564828089302351e+00 2.388773478251807469e-01 0.000000000000000000e+00 2.400000000000004796e+00 4.500775492721427740e-01 1.581262983894347599e+03 3.313029727697809722e+04
9.991832988576251351e-01 -1.618636450738734564e-02 0.000000000000000000e+00 1.508776653868139972e+00 -7.311058148713647786e-02 0.000000000000000000e+00 1.900000000000003908e+00 2.527964675159954377e-01 3.779278297097866471e+03 5.700075950714750434e+03
1.090958758496426206e+00 -4.165885085639116359e-02 0.000000000000000000e+00 3.577495080767112978e-01 2.687270180665672914e-01 0.000000000000000000e+00 3.000000000000005329e+00 3.603340347922635856e-02 3.491705205320657114e+04 2.247846988056694681e+05
9.545507640934666194e-01 -2.794094393908322024e-02 0.000000000000000000e+00 -1.223723060568427057e+00 1.280645560729027632e-01 0.000000000000000000e+00 2.000000000000004441e+00 9.280545017233797489e-02 8.846233669958366590e+03 1.315639744127446102e+04
9.626721124935687657e-01 -4.735174969738592532e-02 0.000000000000000000e+00 -1.423878394578586670e+00 -1.725983987142592602e+00 0.000000000000000000e+00 -1.599999999999998757e+00 5.918298348591948671e-02 1.178987288014188380e+03 3.339078151179240085e+05
1.100915588672662704e+00 -5.272359029387255203e-02 0.000000000000000000e+00 6.026444154068493209e-01 1.393671903385776956e-01 0.000000000000000000e+00 2.800000000000005151e+00 4.719509596863082079e-02 2.962054730131433098e+04 2.487127493919395492e+05
9.949662529608329642e-01 -1.283899032288668071e-02 0.000000000000000000e+00 -1.377951333714438453e+00 3.292260603420028575e-01 0.000000000000000000e+00 2.600000000000004974e+00 2.615027984817229201e-01 1.520362102554435296e+03 1.252622356884882611e+05
1.008175521281581277e+00 -1.705557003943504457e-02 0.000000000000000000e+00 1.150528499504843483e+00 2.119356222237576137e-01 0.000000000000000000e+00 2.500000000000005329e+00 1.342940465719788534e-01 1.698590447199709388e+03 8.661184850214824837e+04
9.829822755937096534e-01 -6.229743200825277674e-03 0.000000000000000000e+00 -1.817221220567292184e+00 3.510010976577360720e-01 0.000000000000000000e+00 2.600000000000004974e+00 4.743317971066646210e-02 7.133092149273776386e+02 7.094199598915802198e+04
1.050374157829450095e+00 -7.721154141483414779e-02 0.000000000000000000e+00 2.924524497380868171e-01 3.505149086706488837e-01 0.000000000000000000e+00 3.000000000000005329e+00 8.442055909926099444e-02 3.567221366921816661e+04 4.040246967200471554e+05
1.046705591032204063e+00 -2.870604123412573774e-02 0.000000000000000000e+00 1.063978616747686123e+00 -2.575628273792808856e-02 0.000000000000000000e+00 2.200000000000004619e+00 6.253433362773794246e-02 5.855738855174545279e+02 6.418608159694273490e+04
9.889812930947179392e-01 -1.293663242484107030e-02 0.000000000000000000e+00 -1.709629179047875036e+00 -6.202857749181721857e-03 0.000000000000000000e+00 1.900000000000003908e+00 5.392678211416158662e-01 3.228596931071527706e+03 5.078632959769072477e+04
9.697163544363169851e-01 -2.589679343268450062e-02 0.000000000000000000e+00 -1.651919973121205532e+00 -1.338784290602955673e+00 0.000000000000000000e+00 -7.999999999999980460e-01 2.130976369060582076e-01 7.146466330761721792e+02 1.765644217336079746e+05
9.775456371526977106e-01 -1.272419168354155770e-02 0.000000000000000000e+00 -1.838796866567007360e+00 -5.957370703113369359e-01 0.000000000000000000e+00 7.000000000000032863e-01 2.898923935432449195e-01 1.021990121869883410e+03 5.218202872973043122e+04
9.762818712469553128e-01 -9.037609899888133028e-03 0.000000000000000000e+00 -1.461662770619989837e+00 2.663185449462551757e-01 0.000000000000000000e+00 2.400000000000004796e+00 6.305961320933814451e-02 7.991874396742401814e+02 3.752657240346316830e+05
9.951742604272389991e-01 -3.768270585837439623e-02 0.000000000000000000e+00 8.002992153130431552e-01 3.798839863187992716e-01 0.000000000000000000e+00 2.800000000000005151e+00 2.029349494564890166e-01 1.234440022150586992e+04 1.475797583132285217e+05
9.560243887773289817e-01 -2.146629805581576692e-02 0.000000000000000000e+00 -1.101866061147511289e+00 2.711327811714112634e-01 0.000000000000000000e+00 2.300000000000004263e+00 4.051041773607242519e-02 7.667026278694687790e+03 7.543536545228528848e+04
9.466934455266194925e-01 -2.881776867133533163e-02 0.000000000000000000e+00 -1.553075011737076849e+00 -4.777711193777002263e-01 0.000000000000000000e+00 8.000000000000033751e-01 1.076471887689385704e-01 2.411233269507688419e+03 6.545557141815992509e+03
8.928380349144428019e-01 -2.904791520167368524e-02 0.000000000000000000e+00 -1.411976377851355657e+00 -1.758309589621105395e-01 0.000000000000000000e+00 1.200000000000003730e+00 6.767479953480938504e-02 5.122697368098624793e+02 2.003884194803914215e+04
9.754141748606380835e-01 -1.535632840726778442e-02 0.000000000000000000e+00 -1.396968476817584737e+00 1.740631638736030995e-01 0.000000000000000000e+00 2.200000000000004619e+00 1.562774905826825600e-01 4.165609818867811555e+03 2.573087057886472030e+04
1.117656974786992885e+00 -2.996842049711366529e-02 0.000000000000000000e+00 3.672191971411289946e-01 2.137863464001539815e-01 0.000000000000000000e+00 3.000000000000005329e+00 2.643247682268979118e-02 3.559331248649278859e+04 2.735716858309833915e+05
9.844453514210603773e-01 -1.601518657215893204e-02 0.000000000000000000e+00 1.265628271077983591e+00 3.660351389257465171e-01 0.000000000000000000e+00 2.700000000000004619e+00 2.890595509273027885e-01 7.228085021350814259e+02 1.088468534547538729e+05
1.050985376671983218e+00 -5.297730390827407737e-02 0.000000000000000000e+00 1.413386613041196060e+00 -1.077326377681931735e+00 0.000000000000000000e+00 1.000000000000027534e-01 4.899976758860143805e-02 1.051261736420785269e+02 4.783826612371212832e+04
9.727125209257583283e-01 -1.270142047957575904e-02 0.000000000000000000e+00 -1.437474254451877931e+00 1.253474051823414703e-01 0.000000000000000000e+00 2.100000000000004974e+00 1.317670637353783591e-01 2.716663715366613360e+03 6.110819620945614588e+04
9.890193230052896078e-01 -9.527570757631893816e-03 0.000000000000000000e+00 1.838513883103500390e+00 5.483556463049239771e-02 0.000000000000000000e+00 2.100000000000004974e+00 5.603115377931386920e-01 1.928204682824707788e+03 2.590620068271640775e+04
1.037226876012210752e+00 -2.850805033148827092e-02 0.000000000000000000e+00 1.132112319816302337e+00 -5.681169434841912974e-02 0.000000000000000000e+00 2.100000000000004974e+00 7.523333374677053376e-02 7.229569614222276869e+03 6.810232268279243726e+04
9.948018937731029077e-01 -8.898678183606208505e-03 0.000000000000000000e+00 1.947450442402087978e+00 -4.594278840382527984e-01 0.000000000000000000e+00 1.100000000000003197e+00 3.549701899737111033e-01 4.861637709810584056e+02 1.315714988719988833e+04
9.953976915103673884e-01 -4.280800968006718416e-02 0.000000000000000000e+00 6.516824794249486130e-01 4.314392968943703277e-01 0.000000000000000000e+00 2.900000000000005684e+00 8.964774943443913624e-02 1.288072952168633492e+04 2.549736604241585301e+05
9.982119680672333351e-01 -1.479916037520203828e-02 0.000000000000000000e+00 1.218244125893169105e+00 3.359255069978343555e-01 0.000000000000000000e+00 2.700000000000004619e+00 1.649846415980359415e-01 4.554438973739624998e+03 2.400782182287109026e+04
1.120108680679195778e+00 -4.043569420353412824e-02 0.000000000000000000e+00 3.660959205803214211e-01 2.043713787387460012e-01 0.000000000000000000e+00 3.000000000000005329e+00 3.449950469451840834e-02 3.928326840427910065e+04 7.219420578968172777e+04
9.758750482721270103e-01 -1.116634234967545970e-02 0.000000000000000000e+00 -1.783964661703494547e+00 -3.919932552498448519e-01 0.000000000000000000e+00 1.100000000000003197e+00 2.559947405599495851e-01 6.710605458463014656e+02 1.190665063679563536e+04
9.937182535015723905e-01 -2.761038775806312628e-02 0.000000000000000000e+00 1.174739217251110857e+00 1.804602996984656094e-01 0.000000000000000000e+00 2.400000000000004796e+00 3.036216049712118781e-01 9.089810893460642546e+03 1.336268546887962148e+05
9.862668832385830253e-01 -1.288925222456044177e-02 0.000000000000000000e+00 1.542310991341408366e+00 2.101178396534516823e-01 0.000000000000000000e+00 2.400000000000004796e+00 5.254409214805896289e-01 2.995126433329686733e+03 1.127552999690805882e+04
9.782188581472124334e-01 -1.107876819830873848e-02 0.000000000000000000e+00 -1.830558822816389153e+00 -3.953660609250608804e-01 0.000000000000000000e+00 1.100000000000003197e+00 2.992345236739143433e-01 9.925553930300803813e+02 4.776551490194053258e+03
9.971261967088003164e-01 -1.744695832547150591e-02 0.000000000000000000e+00 1.322186740207788036e+00 1.828924113409853003e-01 0.000000000000000000e+00 2.400000000000004796e+00 2.658843859050811220e-01 5.185414672508066360e+03 6.056266187722787436e+04
1.110124383908962731e+00 -5.701772203494046010e-02 0.000000000000000000e+00 3.543216933342244745e-01 2.199485204923108950e-01 0.000000000000000000e+00 3.000000000000005329e+00 4.844270067549327763e-02 5.837953508345271985e+03 2.603803010857288027e+05
1.044188758182146071e+00 -3.658715218069448494e-02 0.000000000000000000e+00 8.328310313203812765e-01 1.703334770690833611e-01 0.000000000000000000e+00 2.600000000000004974e+00 7.510114244744531264e-02 1.302026445436694485e+04 6.699726844367657031e+04
9.737887355902858921e-01 -2.250190184571062776e-02 0.000000000000000000e+00 -1.705302733246123026e+00 -6.781740826239447406e-01 0.000000000000000000e+00 5.000000000000031086e-01 2.146063928041162250e-01 3.566837019288024749e+03 7.987303280194344552e+03
9.900285789693938909e-01 -7.599405829268917473e-03 0.000000000000000000e+00 -1.921133290764399426e+00 1.862422331034794265e-01 0.000000000000000000e+00 2.300000000000004263e+00 5.713315786893773396e-01 9.426481679220282786e+02 5.063038304317247821e+03
9.801734116887419468e-01 -2.362452265466268020e-02 0.000000000000000000e+00 -1.459197648041316464e+00 -2.736779720662534804e-02 0.000000000000000000e+00 1.800000000000004263e+00 2.648103767360281413e-01 7.102788258546598627e+03 1.847189549732349406e+03
1.092349820040666941e+00 -3.803501163917402672e-02 0.000000000000000000e+00 5.041544315128287934e-01 2.161850393927924885e-01 0.000000000000000000e+00 2.900000000000005684e+00 3.981578576353959897e-02 3.534056814591209786e+03 2.229850348623562604e+05
1.106066514470522177e+00 -5.765829808235654191e-02 0.000000000000000000e+00 3.515997252439501120e-01 2.287563552058259064e-01 0.000000000000000000e+00 3.000000000000005329e+00 5.002587691116588270e-02 7.941790001674235100e+03 3.423948720549760619e+05
1.069536319673450198e+00 -3.135663819221834459e-02 0.000000000000000000e+00 1.104616522367661835e+00 -1.678561402638356903e-01 0.000000000000000000e+00 2.000000000000004441e+00 4.440842265571814940e-02 5.437859108084936452e+03 9.151569282854139601e+03
9.894240783163119612e-01 -1.799769066655046088e-02 0.000000000000000000e+00 -1.440376909612817613e+00 1.482069596391645538e-01 0.000000000000000000e+00 2.200000000000004619e+00 4.038227064762353602e-01 3.271423720036385134e+02 1.524810050646856325e+03
1.114628512914315195e+00 -4.614379270354055512e-02 0.000000000000000000e+00 3.615042504153683778e-01 2.142353695729465046e-01 0.000000000000000000e+00 3.000000000000005329e+00 3.928001446999780655e-02 1.766194868551771606e+03 3.742312508813550812e+05
1.042961602185761727e+00 -4.821685527992297486e-03 0.000000000000000000e+00 9.944483974382113400e-01 1.029883842736007971e-01 0.000000000000000000e+00 2.400000000000004796e+00 2.423122133599183228e-02 7.618821585846154676e+02 1.836678045191123238e+04
1.011408778502922434e+00 -3.242658644396132633e-02 0.000000000000000000e+00 1.556934913764997708e+00 -9.140570113287095344e-01 0.000000000000000000e+00 3.000000000000029310e-01 1.215504163407765265e-01 3.875083901808870905e+03 9.637393640311569470e+03
1.059272920815645280e+00 -6.660343194894112473e-02 0.000000000000000000e+00 3.246876656185875842e-01 3.321896957081467150e-01 0.000000000000000000e+00 3.000000000000005329e+00 7.174206335723505579e-02 1.194488544711145551e+04 3.199852632629555883e+05
1.039456641980834872e+00 -3.749479472225696053e-02 0.000000000000000000e+00 1.111473099084909988e+00 -7.075853182165842137e-02 0.000000000000000000e+00 2.100000000000004974e+00 7.942977121020525222e-02 3.718047503980849910e+02 1.263429981724888421e+03
1.044936805158986681e+00 -4.147636633159322572e-02 0.000000000000000000e+00 1.094671452079016172e+00 -8.518812760697319630e-02 0.000000000000000000e+00 2.100000000000004974e+00 7.371862547617150097e-02 1.194585443645409214e+04 7.963700468289357377e+04
9.801479601636210459e-01 -8.258873624897499974e-03 0.000000000000000000e+00 -1.696826378936808100e+00 1.563597008302610447e-01 0.000000000000000000e+00 2.200000000000004619e+00 1.895752961651175905e-01 1.199275445978563084e+03 6.642309445026905451e+04
9.893267829769463173e-01 -2.818853582071157229e-02 0.000000000000000000e+00 -1.042801689138753263e+00 3.536071010311576113e-01 0.000000000000000000e+00 2.600000000000004974e+00 1.540263675818089595e-01 6.464220063349213888e+03 1.224159968769901388e+04
9.926219369319566610e-01 -1.023455745397160686e-02 0.000000000000000000e+00 1.982730635932123509e+00 -6.101975021085426221e-01 0.000000000000000000e+00 8.000000000000033751e-01 4.239754105705630938e-01 1.154524688011861372e+03 9.210928178968577413e+03
9.870416717106357263e-01 -2.313272915986665582e-02 0.000000000000000000e+00 1.017749578244431463e+00 4.069435985474283424e-01 0.000000000000000000e+00 2.800000000000005151e+00 1.778579821717184151e-01 5.934524980130070617e+03 1.182909252994360722e+05
1.058099652515843037e+00 -6.783979876489484862e-02 0.000000000000000000e+00 3.215480753785280865e-01 3.345706895194109909e-01 0.000000000000000000e+00 3.000000000000005329e+00 7.349937394959771275e-02 5.228891899073481000e+03 5.235496832422710577e+04
1.102736992640402480e+00 -4.410118248320384071e-02 0.000000000000000000e+00 4.999076543305765452e-01 1.904168387194726253e-01 0.000000000000000000e+00 2.900000000000005684e+00 4.201284580889536741e-02 3.123472312127605619e+04 2.596182577855237760e+05
9.853092055776705438e-01 -1.100315649066718401e-02 0.000000000000000000e+00 1.550242276702507471e+00 3.166388173540156670e-01 0.000000000000000000e+00 2.600000000000004974e+00 4.010733454083777461e-01 1.948717342745774658e+03 1.467945493621405622e+05
1.094620194797059964e+00 -1.500564475909500241e-02 0.000000000000000000e+00 7.758807876004428783e-01 8.216445185386742067e-02 0.000000000000000000e+00 2.600000000000004974e+00 2.587505422873123684e-02 1.566741338757968151e+03 9.505361715275622555e+04
9.774819197183942654e-01 -2.442445181442449292e-02 0.000000000000000000e+00 -1.230933241279029478e+00 2.291576016875431498e-01 0.000000000000000000e+00 2.300000000000004263e+00 1.716101438884184982e-01 8.103189020517807876e+03 9.407253479343910294e+04
9.939556300853240600e-01 -1.879278401025191031e-02 0.000000000000000000e+00 1.714349208381690026e+00 -1.429156709518804913e+00 0.000000000000000000e+00 -7.999999999999980460e-01 2.532953577708990656e-01 1.901040273080556517e+03 1.422706153204251023e+05
9.658564945610893515e-01 -5.443456005062954906e-02 0.000000000000000000e+00 1.453685157277240680e+00 -1.361457534123446722e+00 0.000000000000000000e+00 -5.999999999999978684e-01 1.194976188524689426e-01 5.584426411363319858e+02 2.340133973195051949e+05
9.740097892709220773e-01 -1.161288308961094112e-02 0.000000000000000000e+00 -1.395493348498864528e+00 2.231761680977796258e-01 0.000000000000000000e+00 2.300000000000004263e+00 9.329905356864760801e-02 2.674609199684751275e+03 5.297160259162305010e+03
9.026876077260796993e-01 -5.117041794385741860e-02 0.000000000000000000e+00 -1.569785937159366984e+00 -5.950416530930595638e-01 0.000000000000000000e+00 4.000000000000030198e-01 5.524939810582484706e-02 1.480847104794770758e+03 1.027013269343045613e+04
9.831957009260460234e-01 -1.212352047220830939e-02 0.000000000000000000e+00 -1.709652771867351095e+00 3.973007925406908843e-03 0.000000000000000000e+00 1.900000000000003908e+00 3.594112569474572361e-01 2.766749507830979383e+03 1.927073587868605318e+04
1.062156861686928355e+00 -3.154161031122312830e-02 0.000000000000000000e+00 1.032028900800318061e+00 -5.811187373076004414e-02 0.000000000000000000e+00 2.200000000000004619e+00 5.055690751042710152e-02 8.297161146085987639e+03 4.366635088297487528e+04
1.120993416341315774e+00 -4.326108591729191377e-02 0.000000000000000000e+00 3.658400003639425413e-01 2.013175099756744080e-01 0.000000000000000000e+00 3.000000000000005329e+00 3.645433265686465890e-02 9.823252837976591763e+03 3.746400730885671219e+05
9.870231181736002224e-01 -7.862349577572461459e-03 0.000000000000000000e+00 -2.254293060145140970e+00 -9.184713058579152545e-01 0.000000000000000000e+00 1.000000000000027534e-01 6.974341071308717277e-01 8.160772348139386168e+02 2.092708606930152746e+04
1.077067942031408432e+00 -4.743829539381566596e-02 0.000000000000000000e+00 6.143996343371421753e-01 1.936072710896258597e-01 0.000000000000000000e+00 2.800000000000005151e+00 5.567312754465404689e-02 2.601133107693625061e+04 1.574000219780055049e+05
9.878494844133424158e-01 -1.467951181305867867e-02 0.000000000000000000e+00 1.511088022024066557e+00 1.536224657721776965e-01 0.000000000000000000e+00 2.300000000000004263e+00 4.925803353684850561e-01 4.743995609542859029e+02 1.576735944647765064e+04
1.053297976995632101e+00 -7.018491556353008420e-02 0.000000000000000000e+00 3.142648680624438029e-01 3.451832282938228080e-01 0.000000000000000000e+00 3.000000000000005329e+00 7.600593500451412188e-02 3.909935142851149521e+03 2.665861295124233002e+05
9.629371963330506379e-01 -1.946361260052661968e-02 0.000000000000000000e+00 -1.216807614278434313e+00 2.036026819434016422e-01 0.000000000000000000e+00 2.200000000000004619e+00 7.781626933912445809e-02 1.090264287660542550e+03 8.406344178579773143e+03
9.897620360851879795e-01 -7.670825779840157767e-03 0.000000000000000000e+00 1.824734492950606191e+00 3.094835311910343334e-01 0.000000000000000000e+00 2.600000000000004974e+00 3.269388392234974794e-01 1.286139858312081742e+03 2.563880623199819092e+04
9.351330839020434160e-01 -7.815527779853705115e-02 0.000000000000000000e+00 -1.443105147432160340e+00 -1.623080045497400814e+00 0.000000000000000000e+00 -1.499999999999998668e+00 1.849827311812150821e-02 6.927036848833215572e+02 3.566760059485257952e+05
1.066601265051238423e+00 -4.187306452530516199e-02 0.000000000000000000e+00 5.182367757229259242e-01 2.708680697985568764e-01 0.000000000000000000e+00 2.900000000000005684e+00 5.281093409397812077e-02 2.595909008413466654e+04 4.746097572972308990e+04
9.247238641227932820e-01 -2.297584680535048537e-02 0.000000000000000000e+00 -1.081380212388253215e+00 2.370475340673714182e-01 0.000000000000000000e+00 2.100000000000004974e+00 3.453818505622319179e-02 8.702507322736048081e+03 3.817068412899543910e+04
1.078002532160030613e+00 -2.756255272317018751e-02 0.000000000000000000e+00 3.747591793458293075e-01 3.031732458456034562e-01 0.000000000000000000e+00 3.000000000000005329e+00 1.268482248440387650e-02 2.735240407295525074e+04 3.103700345074773650e+05
9.834371200479715691e-01 -1.039487902903535668e-02 0.000000000000000000e+00 1.590683934972342728e+00 2.706918468882616446e-01 0.000000000000000000e+00 2.500000000000005329e+00 5.200833425695235990e-01 1.504875533008181492e+03 1.584877527722746308e+05
9.798124080131358493e-01 -1.805156914954163250e-02 0.000000000000000000e+00 -1.812515031309952285e+00 -9.467521191164048888e-01 0.000000000000000000e+00 2.664535259100375697e-15 2.715061333225891049e-01 2.458803149546971781e+03 3.025584170792943041e+04
9.951082179430941199e-01 -8.650621761765599216e-03 0.000000000000000000e+00 1.464402317450790303e+00 3.989684776099807761e-01 0.000000000000000000e+00 2.800000000000005151e+00 7.788125972976596423e-02 1.898855747955935840e+03 4.737415235891932389e+04
1.031029951811933021e+00 -5.146047715216761631e-02 0.000000000000000000e+00 1.404944251476273331e+00 -1.394692793616828297e+00 0.000000000000000000e+00 -5.999999999999978684e-01 6.294293800811172346e-02 5.582322083073954673e+02 2.063101498085255153e+05
1.018050998298827281e+00 -5.231055651515689048e-02 0.000000000000000000e+00 1.424279199400147800e+00 -1.388603389590503223e+00 0.000000000000000000e+00 -5.999999999999978684e-01 7.683812165123281301e-02 4.392146172251854296e+03 1.010736738981601666e+05
9.768001840734020780e-01 -1.838912385009134481e-02 0.000000000000000000e+00 -1.159138882744803700e+00 3.755515150116732204e-01 0.000000000000000000e+00 2.600000000000004974e+00 3.907805291977937967e-02 8.801650380304075725e+02 8.740128662118558714e+04
9.822031920608097488e-01 -9.779665228974106922e-03 0.000000000000000000e+00 -1.584258526564376712e+00 3.061227738922885910e-01 0.000000000000000000e+00 2.500000000000005329e+00 1.375880001995526125e-01 2.194758168084129466e+03 5.406914224464750441e+04
1.012687251401514166e+00 -9.269580834641430456e-02 0.000000000000000000e+00 1.332379861604251259e+00 -1.389998746783801531e+00 0.000000000000000000e+00 -4.999999999999977796e-01 5.193554507451394325e-02 6.935070112760987513e+02 2.480255161577620311e+05
9.990631345435585509e-01 -2.404775030842144085e-02 0.000000000000000000e+00 1.544910012570892333e+00 -1.637391066459032540e+00 0.000000000000000000e+00 -1.199999999999998401e+00 1.755789507569580632e-01 9.746165812005265252e+02 2.735413404495109571e+05
1.103985187084762787e+00 -5.415496754089518111e-02 0.000000000000000000e+00 3.525356647982813563e-01 2.347788645501176497e-01 0.000000000000000000e+00 3.000000000000005329e+00 4.762192152745738788e-02 4.724771614810860228e+03 3.784219760350334109e+05
9.900088168370497765e-01 -9.353096297847973695e-03 0.000000000000000000e+00 1.777417516818796894e+00 1.547165059273135079e-01 0.000000000000000000e+00 2.300000000000004263e+00 4.671336350767233414e-01 1.894076842407974027e+03 2.962437210762433824e+04
1.075402686035148658e+00 -1.701861839724369552e-02 0.000000000000000000e+00 9.192411529291795169e-01 2.564175769465520602e-02 0.000000000000000000e+00 2.400000000000004796e+00 3.245706615258858729e-02 5.393968030692491993e+03 1.479441536748484941e+04
9.746365274333542716e-01 -1.232128171632682762e-02 0.000000000000000000e+00 1.776917037579734293e+00 -1.356364175554087392e+00 0.000000000000000000e+00 -6.999999999999979572e-01 5.085364562920517972e-01 1.325688856185892064e+03 2.615890618409537710e+05
1.007427206893586114e+00 -2.694642326580957634e-02 0.000000000000000000e+00 1.331226063606567145e+00 -1.007591091386644822e-01 0.000000000000000000e+00 1.900000000000003908e+00 1.745551574324153143e-01 7.468502951385573397e+03 1.086724354763660813e+04
1.012987057459204809e+00 -2.185175886965482275e-02 0.000000000000000000e+00 7.888473420658940194e-01 4.009350535724996445e-01 0.000000000000000000e+00 2.900000000000005684e+00 3.446782935740502762e-02 9.552954409730693442e+03 1.133227046085471957e+05
1.114628512914315195e+00 -4.614379270354055512e-02 0.000000000000000000e+00 6.028811951978124695e-01 1.145267703259446046e-01 0.000000000000000000e+00 2.800000000000005151e+00 3.919145764508288193e-02 6.408045304112022677e+03 8.464905963529749715e+04
1.062103887164900229e+00 -1.443359376168444966e-02 0.000000000000000000e+00 7.409572800146849714e-01 1.986927365732114870e-01 0.000000000000000000e+00 2.700000000000004619e+00 2.655882434507494949e-02 9.339766404665977461e+03 1.205144972793946799e+05
9.747734448800823293e-01 -9.853502549592357829e-03 0.000000000000000000e+00 -1.725978750392181960e+00 -2.393104013692556875e-01 0.000000000000000000e+00 1.400000000000003908e+00 2.187075919702782811e-01 4.277023602321855833e+02 1.059085558304678489e+04
9.499279321231836049e-01 -3.792155229015879009e-02 0.000000000000000000e+00 -1.586945741484123262e+00 -6.249123268875592663e-01 0.000000000000000000e+00 5.000000000000031086e-01 1.060667494016554607e-01 2.979939989214634011e+02 5.441320876083086478e+04
1.004072954908137749e+00 -3.479134475077130112e-02 0.000000000000000000e+00 7.169633059677161802e-01 4.139967558820782378e-01 0.000000000000000000e+00 2.900000000000005684e+00 9.187767318254554116e-02 1.293052384557773257e+04 2.395169355038560752e+05
1.113260496413450706e+00 -3.360377938739882858e-02 0.000000000000000000e+00 5.024515524049667503e-01 1.730390889076756922e-01 0.000000000000000000e+00 2.900000000000005684e+00 3.273300758213788103e-02 1.951215978550422960e+03 9.579842158725662739e+04
9.825595669517481756e-01 -5.875048535259978603e-03 0.000000000000000000e+00 -1.853402853844376086e+00 3.006749136182774729e-01 0.000000000000000000e+00 2.500000000000005329e+00 9.339119553589431133e-02 4.777434193850717179e+02 1.344700506382406820e+04
1.072424458872674791e+00 -3.765520468853154196e-02 0.000000000000000000e+00 7.888418357820654592e-01 1.107619877516892309e-01 0.000000000000000000e+00 2.600000000000004974e+00 5.007890092786688313e-02 2.485200053366653265e+03 3.258883436384904053e+04
1.045045502099300805e+00 -7.063119960551858534e-02 0.000000000000000000e+00 3.102277325327047475e-01 3.645576910472389520e-01 0.000000000000000000e+00 3.000000000000005329e+00 7.073003734561296441e-02 5.195597107361841154e+03 2.930071894894673023e+05
1.005739786696549398e+00 -7.175408329267982110e-02 0.000000000000000000e+00 1.391191409916756161e+00 -1.358686261985491139e+00 0.000000000000000000e+00 -4.999999999999977796e-01 7.077926950370676262e-02 4.241174122513694783e+03 2.439516477844316978e+05
9.789722722185957293e-01 -3.560455341364206217e-02 0.000000000000000000e+00 -9.318995906958253972e-01 3.815485743124838458e-01 0.000000000000000000e+00 2.600000000000004974e+00 7.010674833266285211e-02 1.212524274631656044e+04 2.051958259435464279e+05
9.968827038738684587e-01 -1.564599506155104486e-02 0.000000000000000000e+00 1.096868745693586389e+00 4.401906792766386300e-01 0.000000000000000000e+00 2.900000000000005684e+00 2.868628849461736866e-02 5.080965733790291779e+03 2.496469342814040428e+05
1.029005523300065228e+00 -2.881776867133534897e-02 0.000000000000000000e+00 1.233012311153370177e+00 -1.411221718803295222e-01 0.000000000000000000e+00 1.900000000000003908e+00 9.048059587871869203e-02 6.520233551614393946e+03 1.430165241115694516e+04
9.476007192932338619e-01 -2.714813486590363784e-02 0.000000000000000000e+00 -1.361146247174931601e+00 -6.514511996916567960e-02 0.000000000000000000e+00 1.600000000000004086e+00 1.048363694034446930e-01 6.044096379011787576e+03 1.049512152659964158e+03
1.128482632381187623e+00 -1.726757932162504769e-02 0.000000000000000000e+00 8.222270360032942760e-01 -3.364614603421437616e-02 0.000000000000000000e+00 2.500000000000005329e+00 2.339652176052195443e-02 8.288737554294492611e+02 1.194590815923033369e+05
9.921413583066239772e-01 -1.403808696204357498e-02 0.000000000000000000e+00 1.721853163329468916e+00 -1.772643638394943322e+00 0.000000000000000000e+00 -1.499999999999998668e+00 3.189935084959457656e-01 4.402677421215115032e+02 3.261872142396670533e+05
9.604939388162200276e-01 -3.378128547335138010e-02 0.000000000000000000e+00 -1.622275754505571044e+00 -1.216964703402602543e+00 0.000000000000000000e+00 -5.999999999999978684e-01 1.259347493998230760e-01 1.168373826375920089e+03 2.137913385927549389e+05
9.773515229066376264e-01 -2.251295110237146180e-02 0.000000000000000000e+00 -1.205419941253359273e+00 2.777043075482356627e-01 0.000000000000000000e+00 2.400000000000004796e+00 1.430407289559989803e-01 7.485501327653017142e+03 5.673309420006715663e+04
9.777468599777023872e-01 -1.497775666782296539e-02 0.000000000000000000e+00 -1.842528774537712133e+00 -9.497512554259132100e-01 0.000000000000000000e+00 2.664535259100375697e-15 2.616201274178364122e-01 9.502031986918467510e+02 8.268347461509339337e+04
9.056278416596662550e-01 -2.992623057480750526e-02 0.000000000000000000e+00 -1.093487736896047169e+00 2.337235998526864811e-01 0.000000000000000000e+00 2.000000000000004441e+00 4.194632053937601829e-02 1.183154960341113838e+04 5.272641315324282914e+04
9.833149855018024077e-01 -6.475935582090182850e-03 0.000000000000000000e+00 -1.887661818158304694e+00 2.494359198196559324e-01 0.000000000000000000e+00 2.400000000000004796e+00 1.888154833357111317e-01 7.190989972137244877e+02 5.873126706789962191e+04
9.912055302514084509e-01 -2.118923949340807689e-02 0.000000000000000000e+00 1.328414585751193311e+00 1.401470370019674005e-01 0.000000000000000000e+00 2.300000000000004263e+00 3.675022913438579786e-01 6.494097661916709512e+03 1.139214536450039595e+05
1.047523280162375281e+00 -6.399231136966682110e-02 0.000000000000000000e+00 3.323033791132287140e-01 3.602164337956593743e-01 0.000000000000000000e+00 3.000000000000005329e+00 6.344194959887661245e-02 8.963982818796101128e+03 4.061712201224538730e+05
9.821091939890649325e-01 -3.624276736095629475e-02 0.000000000000000000e+00 8.023576866821294784e-01 4.124473453630921882e-01 0.000000000000000000e+00 2.800000000000005151e+00 1.963586054938536996e-01 8.428249526681398493e+03 2.487306005256902718e+05
8.595372911297797236e-01 -4.169115886467313764e-02 0.000000000000000000e+00 -1.335771609361197765e+00 1.762268950855034461e-02 0.000000000000000000e+00 1.400000000000003908e+00 6.375472770429775615e-02 4.687456510193509530e+03 2.593974044263921314e+03
1.109568894616890899e+00 -6.201913719615981951e-02 0.000000000000000000e+00 6.835355528824801352e-01 6.544722895507909532e-02 0.000000000000000000e+00 2.700000000000004619e+00 4.547966125007273097e-02 2.961016497430458548e+04 2.236478490986008837e+05
1.124967082431407084e+00 -4.192105668203766067e-02 0.000000000000000000e+00 3.684869670168393063e-01 1.931117175019854693e-01 0.000000000000000000e+00 3.000000000000005329e+00 3.516177164018497586e-02 4.019399913140329772e+03 3.878409285188221838e+05
1.027645259145523626e+00 -3.843033294361836855e-02 0.000000000000000000e+00 1.306105018706818166e+00 -2.994474183810571510e-01 0.000000000000000000e+00 1.600000000000004086e+00 9.476532732406414694e-02 8.652388076434055620e+03 2.195724950679433459e+04
1.030915495181518704e+00 -2.587666988921407188e-02 0.000000000000000000e+00 7.388310637760053812e-01 3.079060831780129903e-01 0.000000000000000000e+00 2.800000000000005151e+00 6.008346822965443534e-02 1.259072167904180242e+04 1.244906704808148934e+05
1.062156861686928355e+00 -3.154161031122312830e-02 0.000000000000000000e+00 8.722052009599298161e-01 8.785629956958085351e-02 0.000000000000000000e+00 2.500000000000005329e+00 5.149370050923225695e-02 1.246497506829095073e+04 1.027741228917576809e+05
1.017682564801104528e+00 -2.415835215903283303e-02 0.000000000000000000e+00 1.565104973810816924e+00 -8.588845048880214827e-01 0.000000000000000000e+00 4.000000000000030198e-01 1.066240325872906403e-01 1.868617452362931317e+02 3.246454823120371293e+04
1.032158154978596087e+00 -3.851693969264328304e-02 0.000000000000000000e+00 1.479009378254179774e+00 -9.919031512960391206e-01 0.000000000000000000e+00 2.000000000000028422e-01 7.134840399645113462e-02 7.216894951661216737e+02 8.369445697197930713e+04
9.773783314324446803e-01 -1.675734767420179738e-02 0.000000000000000000e+00 -1.306683302398553348e+00 2.725120113449484016e-01 0.000000000000000000e+00 2.400000000000004796e+00 1.324410659861776640e-01 1.206768066880254992e+03 2.852835245991552074e+04
9.934917062609092131e-01 -7.765852142278455682e-03 0.000000000000000000e+00 1.708827027613507799e+00 2.512788194656126461e-01 0.000000000000000000e+00 2.500000000000005329e+00 2.542892346900469391e-01 1.256961844156872075e+03 1.859509274549657857e+04
9.863410138294541607e-01 -7.760408400315243517e-03 0.000000000000000000e+00 -2.244709165105420290e+00 -7.659713517399548977e-01 0.000000000000000000e+00 4.000000000000030198e-01 6.650104943621825138e-01 7.488675406695369929e+02 2.415804045288987982e+04
1.027045862306758428e+00 -3.407289147317969780e-02 0.000000000000000000e+00 1.058709524451016515e+00 5.641670171071559020e-02 0.000000000000000000e+00 2.300000000000004263e+00 1.044159389458476916e-01 1.133835802964570030e+04 1.245419631703074992e+04
9.834286967877902130e-01 -6.554087183727751870e-03 0.000000000000000000e+00 -1.853514560903219088e+00 2.999435945558729943e-01 0.000000000000000000e+00 2.500000000000005329e+00 1.377759489618881616e-01 8.126567148214285226e+02 1.513261076248955796e+05
9.746414734331988461e-01 -1.690548313194901661e-02 0.000000000000000000e+00 -1.717875103310086748e+00 -4.834293443869642215e-01 0.000000000000000000e+00 9.000000000000034639e-01 2.445079423665832419e-01 2.391836226064879156e+03 2.278536035172122865e+03
1.032107647882294810e+00 -8.323749934368324110e-02 0.000000000000000000e+00 1.126866210233078425e+00 -1.856368575002857346e+00 0.000000000000000000e+00 -1.499999999999998668e+00 4.426242281174106591e-02 1.062675329059145042e+03 3.700788774690192076e+05
1.039523620430663486e+00 -2.409604535341985238e-02 0.000000000000000000e+00 1.373337305342498205e+00 -4.466295577176738196e-01 0.000000000000000000e+00 1.300000000000004263e+00 6.368780965346405865e-02 2.886805670287272960e+02 6.613037493995814657e+03
9.893579549972306708e-01 -7.760408400315242650e-03 0.000000000000000000e+00 1.892590728490822771e+00 2.086437319422971837e-01 0.000000000000000000e+00 2.400000000000004796e+00 4.639019908742318954e-01 1.284396087949238790e+03 1.244666726656220708e+05
1.049796816611558992e+00 -6.879948239962076217e-02 0.000000000000000000e+00 3.173630979789638928e-01 3.537435552326499422e-01 0.000000000000000000e+00 3.000000000000005329e+00 7.231204286916086132e-02 2.676401488789686027e+03 2.551287295488236123e+05
1.024867554127445013e+00 -4.111273149930201598e-02 0.000000000000000000e+00 1.487188272365241870e+00 -9.398152263149819330e-01 0.000000000000000000e+00 3.000000000000029310e-01 8.302111610866583224e-02 3.610734907451419531e+03 8.291226111028724699e+04
1.001101361614879393e+00 -2.492315616845011336e-02 0.000000000000000000e+00 1.124760029998700395e+00 2.189012407557341944e-01 0.000000000000000000e+00 2.500000000000005329e+00 2.218479045873343325e-01 8.459142772326940758e+03 1.210599444024550903e+05
9.834371200479715691e-01 -1.039487902903535668e-02 0.000000000000000000e+00 -2.031727997379313866e+00 -7.587033686599264914e-01 0.000000000000000000e+00 4.000000000000030198e-01 4.543971020043754971e-01 1.068069845708627554e+03 2.980396758176491858e+04
1.067845058394345292e+00 -7.725082782770331669e-02 0.000000000000000000e+00 5.929253826104516900e-01 1.947241901635606565e-01 0.000000000000000000e+00 2.800000000000005151e+00 8.198966468678461905e-02 3.643611204709977028e+04 2.917088678446234553e+05
9.822616342819547874e-01 -2.420363803322088045e-02 0.000000000000000000e+00 -1.093083841678147206e+00 3.675526547787470455e-01 0.000000000000000000e+00 2.600000000000004974e+00 1.000075832968335965e-01 7.734768471548381058e+03 1.567865122612781415e+05
9.061014293660153429e-01 -5.939343857360639134e-02 0.000000000000000000e+00 -1.571118250996684784e+00 -5.862845464044605936e-01 0.000000000000000000e+00 4.000000000000030198e-01 5.831156663134653972e-02 2.545909809275262319e+02 3.713699703433522955e+05
1.046123459778395937e+00 -4.552861935212283023e-02 0.000000000000000000e+00 5.397649850620374057e-01 3.144734917295192722e-01 0.000000000000000000e+00 2.900000000000005684e+00 7.256295359478387441e-02 4.382212186487654435e+02 2.771107960425693891e+05
1.050126862252567239e+00 -4.865642016231437605e-02 0.000000000000000000e+00 1.116906697572573215e+00 -1.518659900428962206e-01 0.000000000000000000e+00 2.000000000000004441e+00 6.867407815505369162e-02 1.341585241698060963e+04 6.625749923113260593e+04
1.007043485197848698e+00 -3.324498455928184826e-02 0.000000000000000000e+00 8.910274852900373910e-01 3.030018061950068287e-01 0.000000000000000000e+00 2.700000000000004619e+00 1.728536823696271152e-01 1.912803211260781836e+03 7.963355500093004957e+04
1.026518316068810943e+00 -6.697638109659923011e-02 0.000000000000000000e+00 3.209737271900672262e-01 4.094195358205451329e-01 0.000000000000000000e+00 3.000000000000005329e+00 8.973799131106756713e-03 6.296111482599873852e+03 2.663162255476943683e+05
9.853092055776705438e-01 -1.100315649066718401e-02 0.000000000000000000e+00 -2.031321493265685785e+00 -7.597659166664373354e-01 0.000000000000000000e+00 4.000000000000030198e-01 5.088826803266575105e-01 1.665489814665456151e+03 1.595882345902452653e+04
9.816792882735555503e-01 -7.353353416601900519e-03 0.000000000000000000e+00 -1.805560027889927754e+00 1.523192207010835852e-01 0.000000000000000000e+00 2.200000000000004619e+00 2.224771459409896901e-01 8.860191825041466700e+02 1.463922051025553810e+04
1.080097695934691293e+00 -2.645174899824924430e-02 0.000000000000000000e+00 7.862007438733120690e-01 1.035951543026894794e-01 0.000000000000000000e+00 2.600000000000004974e+00 3.753226961595012429e-02 4.223590229762987292e+03 3.780765685556538665e+04
9.762349051517711374e-01 -1.598609690950607634e-02 0.000000000000000000e+00 -1.397059677303514214e+00 1.731585145814593107e-01 0.000000000000000000e+00 2.200000000000004619e+00 1.689945783698662551e-01 4.452881528623142913e+03 3.320138959247949970e+03
1.030297920269391820e+00 -7.064606085309500794e-02 0.000000000000000000e+00 3.038711499821610817e-01 3.999115418127186516e-01 0.000000000000000000e+00 3.000000000000005329e+00 2.948565749453374574e-02 7.828268865354662921e+03 1.979595603684959933e+05
9.716584235431959815e-01 -1.407467448559353990e-02 0.000000000000000000e+00 -1.731681325809819816e+00 -5.351112334669669846e-01 0.000000000000000000e+00 8.000000000000033751e-01 2.098262147751596973e-01 6.481009449056157337e+02 3.763817647439856228e+04
9.830770318947281705e-01 -1.023455745397160860e-02 0.000000000000000000e+00 -1.998747288439308711e+00 -5.554894327998100012e-01 0.000000000000000000e+00 8.000000000000033751e-01 4.455089495654913079e-01 1.222293025618358115e+03 5.845730385378408755e+03
9.594282076701901030e-01 -3.509735383521449259e-02 0.000000000000000000e+00 -1.113851273470468417e+00 2.265504814301339542e-01 0.000000000000000000e+00 2.200000000000004619e+00 9.112008337784979761e-02 1.290725228241830155e+04 1.009264458649129665e+05
1.053558390353662277e+00 -1.396685911777329966e-02 0.000000000000000000e+00 7.604761047311763278e-01 2.175467296764016789e-01 0.000000000000000000e+00 2.700000000000004619e+00 2.680475785771049141e-02 5.879417236834608048e+03 9.757780449741224584e+04
1.068812652039911271e+00 -5.461034611466165228e-02 0.000000000000000000e+00 3.477647189783600878e-01 3.140547341258835279e-01 0.000000000000000000e+00 3.000000000000005329e+00 5.353704907215220410e-02 1.613611978443379849e+04 2.327917236920265423e+05
1.004146183008667759e+00 -1.874720720606528127e-02 0.000000000000000000e+00 9.964483420484272491e-01 3.711196319205242178e-01 0.000000000000000000e+00 2.800000000000005151e+00 1.007469121092680192e-01 3.905610523104519871e+03 2.066761832610094571e+05
1.024796610324733459e+00 -4.562590073011941333e-02 0.000000000000000000e+00 5.818022260790464140e-01 3.621839985597199996e-01 0.000000000000000000e+00 2.900000000000005684e+00 9.760428510733114293e-02 1.213330386067287009e+03 2.685336288260711008e+05
1.054157775114412665e+00 -2.413424410025998348e-02 0.000000000000000000e+00 6.647874034944944999e-01 2.581442630134691552e-01 0.000000000000000000e+00 2.800000000000005151e+00 3.837511285503024394e-02 1.455064682954654745e+04 1.328640608516145148e+05
1.121930248870658398e+00 -5.969660248449432105e-02 0.000000000000000000e+00 3.611833896075413164e-01 1.926567282636378331e-01 0.000000000000000000e+00 3.000000000000005329e+00 4.700306552097557183e-02 1.867674627378113883e+03 2.632087831819831044e+05
9.832026554681096986e-01 -6.395811347740517315e-03 0.000000000000000000e+00 -1.853479851430410275e+00 3.001681674707644132e-01 0.000000000000000000e+00 2.500000000000005329e+00 1.266423912611736868e-01 7.354308259138421136e+02 3.481023358546319650e+04
9.830770318947281705e-01 -1.023455745397160860e-02 0.000000000000000000e+00 1.504456367955395502e+00 3.743932022809737248e-01 0.000000000000000000e+00 2.700000000000004619e+00 2.120792501064270308e-01 1.021223841932011055e+03 7.798381206554568780e+04
9.642974468758638285e-01 -2.355203753747862894e-02 0.000000000000000000e+00 -1.670981776011980724e+00 -7.685068973389053149e-01 0.000000000000000000e+00 3.000000000000029310e-01 1.448637258571987274e-01 1.587402514168629523e+03 4.890949829837399739e+04
1.023562331336972386e+00 -1.819660438148824541e-02 0.000000000000000000e+00 9.534313922636253880e-01 2.292384317236547675e-01 0.000000000000000000e+00 2.600000000000004974e+00 6.980055080608436879e-02 6.756223744594445634e+03 2.634055134080921198e+04
1.120794237132806570e+00 -3.812129440315202566e-02 0.000000000000000000e+00 3.670129963276025364e-01 2.037626772817463516e-01 0.000000000000000000e+00 3.000000000000005329e+00 3.277576607939704234e-02 3.863747806879910786e+04 8.824409038822361617e+04
9.893579549972306708e-01 -7.760408400315242650e-03 0.000000000000000000e+00 1.859602806350573179e+00 2.594403111725385735e-01 0.000000000000000000e+00 2.500000000000005329e+00 4.092654937521261749e-01 1.294380100386681988e+03 5.383978130676650471e+04
1.021909500794762948e+00 -4.359483295975834921e-02 0.000000000000000000e+00 1.434149201374499194e+00 -1.427446394239607397e+00 0.000000000000000000e+00 -6.999999999999979572e-01 7.819517508562229269e-02 6.141425287541105718e+02 2.633020463350938517e+05
1.023730879178703645e+00 -4.430983236825629390e-02 0.000000000000000000e+00 5.902178489222538182e-01 3.651929226995009881e-01 0.000000000000000000e+00 2.900000000000005684e+00 9.601553542752078174e-02 1.993911241400311701e+04 7.900690220250166021e+04
1.083253850434733767e+00 -4.247676045639840053e-02 0.000000000000000000e+00 9.521196053202313214e-01 -6.063780528932487951e-02 0.000000000000000000e+00 2.300000000000004263e+00 4.438253987172138815e-02 3.161553766351011063e+02 4.112113974582744413e+04
1.077366105850855460e+00 -5.378701257019986165e-02 0.000000000000000000e+00 3.471375485709093378e-01 2.949022972121889130e-01 0.000000000000000000e+00 3.000000000000005329e+00 5.187631043350988264e-02 6.405071565858200302e+03 3.889595970793357701e+05
9.447928294652020442e-01 -2.904208046926625916e-02 0.000000000000000000e+00 -1.184389786803041966e+00 1.491546146981614085e-01 0.000000000000000000e+00 2.000000000000004441e+00 7.289213656636360505e-02 9.450083593117598866e+03 7.508665551777690780e+03
9.758034109532115474e-01 -2.364175032293953926e-02 0.000000000000000000e+00 -1.529272031350391581e+00 -1.707275869044900807e-01 0.000000000000000000e+00 1.500000000000003553e+00 2.365168957678036865e-01 6.308054538357571801e+03 1.103585259773083089e+04
9.493325447206991674e-01 -4.430867056525372716e-02 0.000000000000000000e+00 -1.575375093028733353e+00 -1.299220983835854160e+00 0.000000000000000000e+00 -7.999999999999980460e-01 5.809460309733279759e-01 4.841540219355574663e+02 2.461391275462108315e+05
9.883125623194223275e-01 -2.652971547137248851e-02 0.000000000000000000e+00 1.022380677254351777e+00 3.494956940312617943e-01 0.000000000000000000e+00 2.700000000000004619e+00 2.906812365290210032e-01 7.718013727056443713e+03 2.163007833488826000e+05
9.870128658796962773e-01 -9.562593597034811654e-03 0.000000000000000000e+00 1.776872956308297891e+00 1.608111210338131480e-01 0.000000000000000000e+00 2.300000000000004263e+00 5.934448109979625352e-01 1.858612533970430150e+03 6.388253896975479438e+04
9.870231181736002224e-01 -7.862349577572461459e-03 0.000000000000000000e+00 -2.229944235795543239e+00 -1.323924259897491629e+00 0.000000000000000000e+00 -6.999999999999979572e-01 6.488535283308272117e-01 5.242431154384103138e+02 1.149966168272584182e+05
9.958865608135489822e-01 -1.805156914954163597e-02 0.000000000000000000e+00 1.108999215592198384e+00 3.894669715176223845e-01 0.000000000000000000e+00 2.800000000000005151e+00 1.470114227830738862e-01 5.816278525289888421e+03 1.243702649005352287e+05
9.886861029469885542e-01 -9.562593597034811654e-03 0.000000000000000000e+00 1.669451606175918146e+00 3.099508109702345804e-01 0.000000000000000000e+00 2.600000000000004974e+00 3.592867578160798270e-01 1.923064202366522295e+03 6.937322936633325298e+04
9.724391930294979947e-01 -2.564703176717518518e-02 0.000000000000000000e+00 -1.071646882933335432e+00 3.405753384329237576e-01 0.000000000000000000e+00 2.500000000000005329e+00 7.103918266254322100e-02 9.269102247815830196e+03 2.741600098101329786e+04
9.777460269697643147e-01 -2.269273696185261299e-02 0.000000000000000000e+00 -1.665447921510698315e+00 -1.502137202757347190e+00 0.000000000000000000e+00 -1.099999999999998312e+00 9.773714067095382041e-02 1.479447454829682783e+03 2.095675902347713709e+05
1.000297778925708370e+00 -4.341236208361039933e-02 0.000000000000000000e+00 6.436163967562551491e-01 4.194539077016682938e-01 0.000000000000000000e+00 2.900000000000005684e+00 1.071234787445822512e-01 1.447493569025996476e+04 2.768926899032947258e+05
9.823747307108801063e-01 -9.876717127590991727e-03 0.000000000000000000e+00 -1.696987030536979857e+00 1.543229839387346980e-01 0.000000000000000000e+00 2.200000000000004619e+00 2.687024966252687941e-01 2.015171668377569631e+03 2.159375868753734539e+04
1.117798379939212605e+00 -6.059616515249704322e-02 0.000000000000000000e+00 3.578068315996318915e-01 2.014434523746830297e-01 0.000000000000000000e+00 3.000000000000005329e+00 4.875568118410836954e-02 3.323973780206485458e+02 2.404176957261390635e+05
9.440325249308449962e-01 -4.866366356302528895e-02 0.000000000000000000e+00 -1.570324562203756047e+00 -1.289307075715430795e+00 0.000000000000000000e+00 -7.999999999999980460e-01 1.207029507300333204e+00 3.545355315570492962e+02 3.036904882212210214e+05
1.031236397213607159e+00 -3.152243730825256274e-02 0.000000000000000000e+00 1.471707186459730865e+00 -7.377881255636444813e-01 0.000000000000000000e+00 7.000000000000032863e-01 7.676776012392733106e-02 1.050091940338696759e+03 3.665843866632260033e+05
1.012123875859838984e+00 -4.204447930814725343e-02 0.000000000000000000e+00 6.323891698313846010e-01 3.924905417047058198e-01 0.000000000000000000e+00 2.900000000000005684e+00 1.053569503818460318e-01 1.691127178318903680e+04 1.369355369290314848e+05
9.773783314324446803e-01 -1.675734767420179738e-02 0.000000000000000000e+00 -1.812637847174362715e+00 -9.465875997949441123e-01 0.000000000000000000e+00 2.664535259100375697e-15 2.479176429395797687e-01 1.456702634394501274e+03 7.187728060583744082e+04
1.060802602183691157e+00 -5.699722232282516954e-02 0.000000000000000000e+00 8.515218184141318813e-01 6.873548132405678246e-02 0.000000000000000000e+00 2.500000000000005329e+00 7.001316257813625099e-02 2.247764476625947646e+04 1.768034409401065786e+05
9.987221387708904441e-01 -1.442849966245271336e-02 0.000000000000000000e+00 1.515458490690585247e+00 -1.954486001383915622e-02 0.000000000000000000e+00 2.000000000000004441e+00 2.554995913866308643e-01 3.251855903707281414e+03 9.195008019734035770e+03
9.495500585959825157e-01 -2.393213738899304527e-02 0.000000000000000000e+00 -1.259886554994864793e+00 8.207436400380881125e-02 0.000000000000000000e+00 1.900000000000003908e+00 8.472996392108202157e-02 6.497926929939072579e+03 1.878656390160940282e+04
1.047676886748062586e+00 -4.346715213626135832e-02 0.000000000000000000e+00 8.827687769541420204e-01 1.070103811090431095e-01 0.000000000000000000e+00 2.500000000000005329e+00 7.699759238064202149e-02 1.704755264338944835e+04 1.573516233815516171e+05
1.015271885176866729e+00 -5.381949182466538167e-02 0.000000000000000000e+00 1.207878591290086900e+00 -1.870120682174919668e+00 0.000000000000000000e+00 -1.599999999999998757e+00 7.316258768123914957e-02 5.189264149951169429e+02 3.655679231362971477e+05
9.918957062341783315e-01 -1.411085242096737045e-02 0.000000000000000000e+00 -1.507121353446717826e+00 1.887401645359410574e-01 0.000000000000000000e+00 2.300000000000004263e+00 4.836586829959156342e-01 3.187643821132436642e+03 1.925527021779273855e+04
1.152945829089983887e+00 -3.509231136875585327e-02 0.000000000000000000e+00 6.851616397700782679e-01 -3.954618351433845588e-03 0.000000000000000000e+00 2.700000000000004619e+00 2.678225159351328016e-02 2.006038645472085045e+04 3.820996612836031272e+04
9.834788172628258218e-01 -1.752978847412317923e-02 0.000000000000000000e+00 -1.303961692783507154e+00 3.104492845244766763e-01 0.000000000000000000e+00 2.500000000000005329e+00 1.805802515975471201e-01 5.207085569459562976e+03 9.884715127485191624e+04
9.718810710160159516e-01 -2.119080030841603846e-02 0.000000000000000000e+00 -1.713600453963857628e+00 -7.291934397361156117e-01 0.000000000000000000e+00 4.000000000000030198e-01 1.977795567714866198e-01 2.510099303664660965e+03 2.581741790716712421e+04
9.951977671324251373e-01 -1.650451321210464478e-02 0.000000000000000000e+00 1.602685332822898046e+00 -1.679490664390849985e-01 0.000000000000000000e+00 1.700000000000004619e+00 3.205611041548506179e-01 3.997929141967131272e+03 8.328850195382719903e+03
1.049765272935448746e+00 -2.131931568676456376e-02 0.000000000000000000e+00 6.789588267733571714e-01 2.696444893434027379e-01 0.000000000000000000e+00 2.800000000000005151e+00 3.431333689354341271e-02 1.287983614682209736e+04 1.204406664750492491e+05
1.076064338337881843e+00 -8.821485392453937147e-02 0.000000000000000000e+00 4.680713223822462465e-01 2.258348570027695623e-01 0.000000000000000000e+00 2.900000000000005684e+00 8.519425052766166351e-02 4.391446063053322723e+04 3.303775767946667038e+05
9.554228979693810686e-01 -2.355929408958002194e-02 0.000000000000000000e+00 -1.622602572467863657e+00 -6.543286584774352654e-01 0.000000000000000000e+00 5.000000000000031086e-01 1.172951484469869771e-01 5.962683738858634115e+02 5.919858110350857896e+04
1.022358100428597094e+00 -4.749703518387863449e-02 0.000000000000000000e+00 6.864793126238580845e-01 3.129257878799563963e-01 0.000000000000000000e+00 2.800000000000005151e+00 1.292530353055368064e-01 6.184320321605808203e+03 8.410112226073745114e+04
1.030265884150163069e+00 -6.057689673731722624e-02 0.000000000000000000e+00 1.381425257097910864e+00 -1.406238748560188823e+00 0.000000000000000000e+00 -5.999999999999978684e-01 5.911154891290623659e-02 3.059923692350281272e+03 2.144584783857608272e+05
9.834788172628258218e-01 -1.752978847412317923e-02 0.000000000000000000e+00 1.314196953592992712e+00 2.637825272369005991e-01 0.000000000000000000e+00 2.500000000000005329e+00 4.837413333823157857e-01 4.197469792950625560e+03 1.709881008722851038e+04
9.499427347912293707e-01 -2.754086569891628367e-02 0.000000000000000000e+00 -1.589893113331271035e+00 -5.888383009520338218e-01 0.000000000000000000e+00 6.000000000000031974e-01 1.078443748367918231e-01 1.509220019536088557e+03 5.544531393677477172e+04
1.017838537684290001e+00 -4.446059986215619708e-02 0.000000000000000000e+00 1.391727503615640460e+00 -1.571810276540191786e+00 0.000000000000000000e+00 -9.999999999999982236e-01 8.168059971911223460e-02 6.739946641032189518e+02 2.549915935958362825e+05
9.875144799163837472e-01 -9.593273625822880749e-03 0.000000000000000000e+00 -1.918285464023026021e+00 -5.759332420056001434e-02 0.000000000000000000e+00 1.800000000000004263e+00 5.829967523313138722e-01 1.940879227667122223e+03 1.133557096627234932e+04
9.785441468218235572e-01 -2.303151873936869209e-02 0.000000000000000000e+00 -1.424587198441799263e+00 2.527357473079821018e-02 0.000000000000000000e+00 1.900000000000003908e+00 2.409960622417835485e-01 6.942480644131313966e+03 4.759300907649157307e+04
1.036199037074769569e+00 -5.369761827217416766e-02 0.000000000000000000e+00 1.411260535644369929e+00 -1.305128802267757848e+00 0.000000000000000000e+00 -3.999999999999976907e-01 5.814735276875049319e-02 8.515437167161140906e+02 1.949507213056661712e+05
9.986114986293440632e-01 -1.657204863129538644e-02 0.000000000000000000e+00 1.727060418227083227e+00 -1.378033889174554716e+00 0.000000000000000000e+00 -6.999999999999979572e-01 2.240031177970060183e-01 1.057557159931692610e+02 2.784052456757336040e+05
9.862778603820843148e-01 -1.118268604698556025e-02 0.000000000000000000e+00 1.506671623500959845e+00 3.652949218304746837e-01 0.000000000000000000e+00 2.700000000000004619e+00 2.757189008903199179e-01 2.076100015956948482e+03 1.266838746679756732e+05
9.886758506530846091e-01 -7.862349577572461459e-03 0.000000000000000000e+00 1.747721022603219376e+00 4.133984378001736570e-01 0.000000000000000000e+00 2.800000000000005151e+00 1.289033070267862069e-01 1.255704893140215745e+03 1.842512754036938131e+05
9.918957062341783315e-01 -1.411085242096737045e-02 0.000000000000000000e+00 1.743451595260660181e+00 -1.722618401941411914e+00 0.000000000000000000e+00 -1.399999999999998579e+00 3.234466445786042255e-01 6.423687488975463111e+02 2.910272019386555185e+05
1.078612682622422714e+00 -4.041037941302688674e-02 0.000000000000000000e+00 9.053659488225411778e-01 -1.506100756989400217e-03 0.000000000000000000e+00 2.400000000000004796e+00 4.681797223259454022e-02 1.415704994503853777e+04 1.207699127287953161e+04
9.781989698462207894e-01 -8.689362345791526443e-03 0.000000000000000000e+00 -1.574318161226393897e+00 2.113384880754619333e-01 0.000000000000000000e+00 2.300000000000004263e+00 1.225361073768320153e-01 2.668863380991675172e+02 3.758107006224553334e+05
1.038651115223121701e+00 -6.273478943433989652e-02 0.000000000000000000e+00 3.395138860373538292e-01 3.812337647225727544e-01 0.000000000000000000e+00 3.000000000000005329e+00 5.034924152557037486e-02 1.742838277661146776e+03 3.823795998413882335e+05
1.056881476781030171e+00 -6.666342013204377970e-02 0.000000000000000000e+00 3.242578954019460502e-01 3.377307673404239541e-01 0.000000000000000000e+00 3.000000000000005329e+00 7.161885342712732971e-02 1.358311079147313467e+04 1.435435582657530613e+05
9.860829349660840126e-01 -1.115355424837592875e-02 0.000000000000000000e+00 -1.585522402038892942e+00 2.993665575701444093e-01 0.000000000000000000e+00 2.500000000000005329e+00 2.469789475992549277e-01 2.600564220199807551e+03 1.219400282001258893e+04
9.813723239210188076e-01 -9.250343846460798436e-03 0.000000000000000000e+00 -1.624117884729198380e+00 2.566268028175859306e-01 0.000000000000000000e+00 2.400000000000004796e+00 1.617721629376448200e-01 1.875645138140879908e+03 3.133968122476644203e+04
1.078944872058736459e+00 -6.378567712544060131e-02 0.000000000000000000e+00 3.339948238403607772e-01 2.877860329085055180e-01 0.000000000000000000e+00 3.000000000000005329e+00 6.426423895171853862e-02 1.029555122541347555e+04 2.292391924752978084e+05
1.103489166477491068e+00 -4.208940217135729439e-02 0.000000000000000000e+00 3.587774353637182001e-01 2.405455549436560092e-01 0.000000000000000000e+00 3.000000000000005329e+00 3.665039915138574439e-02 2.480520600981548341e+04 2.010654907874077035e+05
9.850429729985644700e-01 -9.179685209832208828e-03 0.000000000000000000e+00 1.742450202666361747e+00 2.168544279048686130e-01 0.000000000000000000e+00 2.400000000000004796e+00 6.023401328664207410e-01 1.428203882902314945e+03 3.554392397056325717e+04
9.990631345435585509e-01 -2.404775030842144085e-02 0.000000000000000000e+00 1.246213806857512818e+00 1.214396930963913823e-01 0.000000000000000000e+00 2.300000000000004263e+00 2.508566640414549576e-01 7.689909249944863404e+03 5.834599791648420796e+04
1.078168789025135244e+00 -7.851337366781557803e-02 0.000000000000000000e+00 3.131385020159869748e-01 2.845585546825363243e-01 0.000000000000000000e+00 3.000000000000005329e+00 8.065402838671650865e-02 4.398126708445094846e+04 3.944958886414837325e+05
1.018386727378364220e+00 -6.548732887177093065e-02 0.000000000000000000e+00 6.275399306454388926e-01 3.117715116494434446e-01 0.000000000000000000e+00 2.800000000000005151e+00 1.585263838235055622e-01 2.602891721330459768e+04 2.791347099532565917e+05
9.613984457232633840e-01 -7.267363152211263333e-02 0.000000000000000000e+00 1.396659987391875912e+00 -1.384513140586310476e+00 0.000000000000000000e+00 -5.999999999999978684e-01 8.597604303202675824e-02 4.178648162017137111e+03 1.074980706203749869e+05
9.882632345634144722e-01 -7.894823168092798826e-03 0.000000000000000000e+00 1.859289235014047748e+00 2.616658013822296680e-01 0.000000000000000000e+00 2.500000000000005329e+00 4.492453721244405451e-01 1.281667916027458887e+03 3.652402693972993438e+04
9.833429700051791178e-01 -8.475520913897178696e-03 0.000000000000000000e+00 -2.090726848941240501e+00 -5.586201851598383561e-01 0.000000000000000000e+00 8.000000000000033751e-01 4.765795168957882022e-01 6.166583906197450915e+02 2.682738237403988023e+04
1.088978758518189593e+00 -6.076459824044631169e-02 0.000000000000000000e+00 3.410081956301234118e-01 2.660398091574520674e-01 0.000000000000000000e+00 3.000000000000005329e+00 5.781961089201993753e-02 1.937654372698147654e+03 2.438368784395644907e+05
9.834915746049083252e-01 -8.552879572076621528e-03 0.000000000000000000e+00 1.808034502866017856e+00 1.191746554759233467e-01 0.000000000000000000e+00 2.200000000000004619e+00 7.933740291714557191e-01 1.144694846387882308e+03 9.727172880378008995e+04
1.025494216347056842e+00 -2.173419611550141822e-02 0.000000000000000000e+00 8.606100379578655035e-01 2.722439241134843035e-01 0.000000000000000000e+00 2.700000000000004619e+00 6.897571861346761535e-02 9.233668111750255775e+03 1.647021085844143818e+05
1.000713304918432023e+00 -2.320694650642159476e-02 0.000000000000000000e+00 1.635567500545028308e+00 -1.338967116669772306e+00 0.000000000000000000e+00 -5.999999999999978684e-01 1.775554161637049044e-01 1.329264009222054256e+03 1.269614419178342505e+05
9.369045612626877295e-01 -3.838975317235144430e-02 0.000000000000000000e+00 -1.144281889999383406e+00 1.757540480230819213e-01 0.000000000000000000e+00 2.000000000000004441e+00 6.975536616989155836e-02 1.377730074052482632e+04 1.113064580313969418e+04
9.544865429421923730e-01 -2.514077966892758198e-02 0.000000000000000000e+00 -1.632968630432738655e+00 -7.549844680835502420e-01 0.000000000000000000e+00 3.000000000000029310e-01 1.081438054591272041e-01 2.731688909147190998e+02 5.428598109752672462e+04
1.080332076190921642e+00 -6.475700791583241522e-02 0.000000000000000000e+00 3.331989309149452350e-01 2.842757111820898852e-01 0.000000000000000000e+00 3.000000000000005329e+00 6.495347644928806119e-02 8.020203320144360077e+03 3.210064641970029334e+05
1.034295563981827648e+00 -5.535228218765870373e-02 0.000000000000000000e+00 5.305072861050437183e-01 3.362714047056951649e-01 0.000000000000000000e+00 2.900000000000005684e+00 1.035942015796571247e-01 5.241867602592386675e+02 3.165909983604915906e+05
9.435469096126836153e-01 -1.525459984369772516e-02 0.000000000000000000e+00 -1.207393521952005777e+00 1.355574696627640241e-01 0.000000000000000000e+00 2.000000000000004441e+00 5.016644870724802641e-02 3.444843693571355288e+03 3.627085365895727591e+03
9.840167455559084564e-01 -6.914443932295301007e-03 0.000000000000000000e+00 -2.193942180239682571e+00 -4.605276047587543720e-01 0.000000000000000000e+00 1.000000000000003553e+00 5.189294356019691357e-01 2.584324615119574560e+02 1.038049160352440231e+04
9.797262787862934807e-01 -7.844488489490824765e-03 0.000000000000000000e+00 -1.583779123274716705e+00 3.087585035823161572e-01 0.000000000000000000e+00 2.500000000000005329e+00 5.771502176109388066e-02 1.310338680542541397e+03 1.192496232150628566e+04
9.868461030307011939e-01 -9.546536161030365689e-03 0.000000000000000000e+00 -2.108120285412923067e+00 -6.625461851397879132e-01 0.000000000000000000e+00 6.000000000000031974e-01 6.192280135840477762e-01 1.539320789466137057e+03 4.561376724885294971e+04
9.872001333164992509e-01 -6.178162994114559832e-03 0.000000000000000000e+00 -2.417975967703373197e+00 -7.188649994299080026e-01 0.000000000000000000e+00 5.000000000000031086e-01 8.163040093376857653e-01 3.875851001606372961e+02 1.732168007135782682e+04
1.006814905160000384e+00 -3.722173399871616523e-02 0.000000000000000000e+00 8.625184343974742207e-01 3.007840428062920624e-01 0.000000000000000000e+00 2.700000000000004619e+00 1.809675047087140054e-01 1.412283757980043993e+04 2.184145027012187929e+05
9.694603605632510224e-01 -1.104930033994036206e-02 0.000000000000000000e+00 -1.403043454954056024e+00 1.294814887628990274e-01 0.000000000000000000e+00 2.100000000000004974e+00 9.395617936432089368e-02 1.904031549987910466e+03 1.570373227433475040e+04
1.082421800154712566e+00 -4.014356634283482161e-02 0.000000000000000000e+00 1.119009612041078405e+00 -2.477495334349316125e-01 0.000000000000000000e+00 1.900000000000003908e+00 4.047022800841678508e-02 6.352754585584045344e+03 5.660796957181180915e+03
1.018507505626107035e+00 -2.310247605301621668e-02 0.000000000000000000e+00 1.533087464118606080e+00 -6.610745390919521292e-01 0.000000000000000000e+00 8.000000000000033751e-01 1.066098113186427082e-01 9.446474271209600602e+02 4.224154975874616503e+04
1.033384423606463542e+00 -2.123329085937458380e-02 0.000000000000000000e+00 8.221353906952276747e-01 2.556736239630220675e-01 0.000000000000000000e+00 2.700000000000004619e+00 5.517483705287710288e-02 9.646785000998941541e+03 1.710848490546185349e+05
9.909621426017860557e-01 -1.085512912511814136e-02 0.000000000000000000e+00 1.509208793499768442e+00 3.546992631309822674e-01 0.000000000000000000e+00 2.700000000000004619e+00 2.395284448149288536e-01 2.594898908561210192e+03 2.174135559408533154e+05
9.448884965012355197e-01 -4.942096323709141426e-02 0.000000000000000000e+00 -1.570793060408321118e+00 -1.288645804076138379e+00 0.000000000000000000e+00 -7.999999999999980460e-01 9.958473268239987908e-01 7.929644075043444218e+02 2.184138990106733108e+05
9.161749546185427029e-01 -5.018704605995519263e-02 0.000000000000000000e+00 -1.545279540106901495e+00 -5.068270740941533958e-01 0.000000000000000000e+00 6.000000000000031974e-01 7.067290220147351421e-02 3.255093454057416238e+03 5.751964478739741753e+04
9.415857164708031357e-01 -3.614521692154819277e-02 0.000000000000000000e+00 -1.588557808957888673e+00 -6.695846809720457093e-01 0.000000000000000000e+00 4.000000000000030198e-01 8.711162791000699734e-02 2.271982750935093009e+03 4.520635288628763374e+04
9.891854238704279600e-01 -9.505703163885001819e-03 0.000000000000000000e+00 1.707802364527582384e+00 2.579778980884893658e-01 0.000000000000000000e+00 2.500000000000005329e+00 4.144700225447522923e-01 1.952568715939467666e+03 8.945432902992592062e+03
9.764758600252984033e-01 -1.177773283148727916e-02 0.000000000000000000e+00 -1.485929996645344087e+00 1.678045234008581632e-01 0.000000000000000000e+00 2.200000000000004619e+00 1.513424812340966319e-01 2.613116290316420873e+03 3.346788349374013342e+04
9.901973447930753069e-01 -1.104581463534284359e-02 0.000000000000000000e+00 2.015351798521802795e+00 -8.613171894799596107e-01 0.000000000000000000e+00 3.000000000000029310e-01 4.809778649883206803e-01 1.605118563309501951e+03 9.793458316053016461e+03
9.964849058404458004e-01 -3.740411957577457341e-02 0.000000000000000000e+00 7.066494827279969915e-01 4.307011175034544670e-01 0.000000000000000000e+00 2.900000000000005684e+00 8.445215768470806794e-02 1.184062882372622153e+04 5.065688772953567241e+04
1.033313000521267400e+00 -1.133532767341774265e-02 0.000000000000000000e+00 9.740428171684631931e-01 1.655787343364692743e-01 0.000000000000000000e+00 2.500000000000005329e+00 3.987315939319124869e-02 3.572413419291495302e+03 1.890445878543543222e+04
1.024843910903509459e+00 -2.590377630015991417e-02 0.000000000000000000e+00 1.496902009646223330e+00 -6.730307462486199155e-01 0.000000000000000000e+00 8.000000000000033751e-01 8.944080059147395401e-02 7.785799035400762023e+02 4.200692959977155988e+04
9.983474459200472051e-01 -2.251295110237145833e-02 0.000000000000000000e+00 1.603549099985292159e+00 -1.535843142071236400e+00 0.000000000000000000e+00 -9.999999999999982236e-01 1.897355608393775650e-01 1.223826941086681700e+03 2.171914163073485543e+05
1.026106447407538980e+00 -2.988961530116510459e-02 0.000000000000000000e+00 1.304022390039492052e+00 -2.365880837313726059e-01 0.000000000000000000e+00 1.700000000000004619e+00 9.645565813287716728e-02 6.085905491110946059e+03 1.852899412174027748e+04
1.015463501797395862e+00 -2.666654661510777305e-02 0.000000000000000000e+00 1.551461347710753280e+00 -7.614742855578756631e-01 0.000000000000000000e+00 6.000000000000031974e-01 1.156761400200082834e-01 2.068888122515754276e+03 2.316657483716850038e+04
9.827627251956827514e-01 -8.140516416938553546e-03 0.000000000000000000e+00 -2.090764009390372546e+00 -5.584958904397838708e-01 0.000000000000000000e+00 8.000000000000033751e-01 4.532356281640614326e-01 3.816182383419858866e+02 1.686263959387453360e+04
1.074002252029018001e+00 -2.308456450832642448e-02 0.000000000000000000e+00 9.189760332463599024e-01 2.306522537562623668e-02 0.000000000000000000e+00 2.400000000000004796e+00 3.781962781304681886e-02 4.282555557445437444e+03 3.811301239303977491e+04
1.091670101651418312e+00 -3.985300105287534200e-02 0.000000000000000000e+00 8.367222141365656674e-01 2.136381325387085722e-02 0.000000000000000000e+00 2.500000000000005329e+00 4.119170683537856648e-02 1.982783134777722580e+02 5.538648195935280819e+04
9.917117758526861060e-01 -1.061155851694962904e-02 0.000000000000000000e+00 1.553087223646193671e+00 3.024210055864636204e-01 0.000000000000000000e+00 2.600000000000004974e+00 2.904458354694346434e-01 1.150858178019405386e+03 1.579378181600556709e+05
1.072812809606205287e+00 -6.638062475339981394e-02 0.000000000000000000e+00 3.282108128461497243e-01 3.009653189293671760e-01 0.000000000000000000e+00 3.000000000000005329e+00 6.929825067706228692e-02 4.065122976270639356e+03 1.812708584784546983e+05
1.040733753759593760e+00 -3.567089008103542513e-02 0.000000000000000000e+00 1.221783180729349549e+00 -2.190581897942587564e-01 0.000000000000000000e+00 1.800000000000004263e+00 7.291319186636212313e-02 7.516080986166736693e+03 1.445244179127471944e+04
9.847583546404110599e-01 -1.951662528590271742e-02 0.000000000000000000e+00 -1.398541844516313803e+00 1.595974288401265373e-01 0.000000000000000000e+00 2.200000000000004619e+00 3.010238369101884137e-01 5.847870119425328085e+03 8.684554926495178370e+04
1.003044637762364522e+00 -5.670908432735097260e-02 0.000000000000000000e+00 5.472998649439966279e-01 4.084052142797238161e-01 0.000000000000000000e+00 2.900000000000005684e+00 1.351002985003188217e-01 1.865234516135133163e+04 2.983309896331088385e+05
1.076373378964992522e+00 -4.510517716242693625e-02 0.000000000000000000e+00 5.073211704820395074e-01 2.475935079628712732e-01 0.000000000000000000e+00 2.900000000000005684e+00 5.223890651914815664e-02 2.853214598763841786e+04 2.839351621449930826e+05
9.106521746725511068e-01 -2.360158611382740662e-02 0.000000000000000000e+00 -1.208063746477033851e+00 1.083485058123501432e-01 0.000000000000000000e+00 1.800000000000004263e+00 5.569410251356340241e-02 5.882190146338071827e+03 1.179490910452493699e+04
9.890193230052896078e-01 -9.527570757631893816e-03 0.000000000000000000e+00 -1.963955056076978511e+00 -1.613095633319039102e-01 0.000000000000000000e+00 1.600000000000004086e+00 6.903259910221338780e-01 1.948410055747550814e+03 1.859745692397250968e+04
1.097212870844529009e+00 -5.731492217731632560e-03 0.000000000000000000e+00 6.999625371801415641e-01 1.294910404269652426e-01 0.000000000000000000e+00 2.700000000000004619e+00 1.778637619271057277e-02 1.564697022291658868e+03 3.743101835905089392e+05
9.616401684333925060e-01 -1.767840684909052079e-02 0.000000000000000000e+00 -1.643133262881860013e+00 -5.677969569161606112e-01 0.000000000000000000e+00 7.000000000000032863e-01 1.424105825803305692e-01 1.518327632999434229e+02 1.360563948389473444e+04
1.084544139874387136e+00 -5.141346029989458943e-02 0.000000000000000000e+00 3.495364129824041211e-01 2.795181653989597392e-01 0.000000000000000000e+00 3.000000000000005329e+00 4.808558427915559513e-02 1.450039930580943837e+04 2.237104682615521015e+05
9.474878571306755148e-01 -3.268420132727169886e-02 0.000000000000000000e+00 -1.349435903004708059e+00 -5.772766509120600548e-02 0.000000000000000000e+00 1.600000000000004086e+00 1.093134648367364847e-01 8.385924729854139514e+03 1.533149366262506373e+04
9.850292073352476807e-01 -5.535105421904040583e-03 0.000000000000000000e+00 2.129399658457376443e+00 1.704521758941027754e-01 0.000000000000000000e+00 2.300000000000004263e+00 7.345751276243215333e-01 6.446884151472829672e+01 2.374287587179251204e+03
1.065777285409492237e+00 -2.683269372591623458e-02 0.000000000000000000e+00 5.338603452201557964e-01 2.806157322089797845e-01 0.000000000000000000e+00 2.900000000000005684e+00 3.014584403228297987e-02 1.999966492981107876e+04 2.254082497170721472e+05
1.038244423061806865e+00 -1.834225762571246518e-02 0.000000000000000000e+00 8.791091880711531248e-01 1.980142900755844093e-01 0.000000000000000000e+00 2.600000000000004974e+00 4.916103249718625778e-02 7.633106329147802171e+03 1.797256188318937493e+05
1.029059534908852935e+00 -5.089017417757187023e-02 0.000000000000000000e+00 1.397151174361067172e+00 -1.440786030870025769e+00 0.000000000000000000e+00 -6.999999999999979572e-01 6.473726248292875629e-02 4.324341543583180965e+02 2.894051680570341996e+05
9.482580539277554177e-01 -3.093221557122895204e-02 0.000000000000000000e+00 -1.140957963945075315e+00 1.952445519788526540e-01 0.000000000000000000e+00 2.100000000000004974e+00 7.043717807980834356e-02 1.092148292064374982e+04 6.356751606840571912e+04
9.862778603820843148e-01 -1.118268604698556025e-02 0.000000000000000000e+00 1.666636050254479473e+00 1.606985904427887524e-01 0.000000000000000000e+00 2.300000000000004263e+00 5.915022961144702496e-01 2.414096038589279487e+03 5.896717055237093882e+04
1.046636068762093030e+00 -4.760443737168974093e-02 0.000000000000000000e+00 9.381128712768075362e-01 5.506061122912144640e-02 0.000000000000000000e+00 2.400000000000004796e+00 7.965093556693104981e-02 9.198484260350402110e+03 1.867830826238222653e+04
9.870128658796962773e-01 -9.562593597034811654e-03 0.000000000000000000e+00 1.707065368495773061e+00 2.628032480589446163e-01 0.000000000000000000e+00 2.500000000000005329e+00 4.762131682719392689e-01 1.773932140187876257e+03 7.800633450518286554e+04
1.036513147976367621e+00 -4.381695948249739181e-02 0.000000000000000000e+00 1.457263942584456906e+00 -1.051730322111217086e+00 0.000000000000000000e+00 1.000000000000027534e-01 6.390768224511053641e-02 7.947892531622735532e+02 9.802384705497913819e+04
9.867492295304294281e-01 -7.828720280784439919e-03 0.000000000000000000e+00 -1.818338057965450671e+00 3.450724044179126482e-01 0.000000000000000000e+00 2.600000000000004974e+00 1.925350989844560323e-01 1.295510995177032328e+03 8.804822696197504411e+04
9.714922089618143186e-01 -4.750497729546748760e-02 0.000000000000000000e+00 6.686513760037864351e-01 4.345705428499279654e-01 0.000000000000000000e+00 2.800000000000005151e+00 1.548541380719482830e-01 1.859059515608993706e+03 3.736438735125436797e+05
1.054527090720752236e+00 -4.844411664793169675e-02 0.000000000000000000e+00 5.224180768014689002e-01 2.942719091593705705e-01 0.000000000000000000e+00 2.900000000000005684e+00 7.010778457896825466e-02 2.020233032408709960e+03 2.807275086681414978e+05
8.985518785953433563e-01 -4.355335243834663334e-02 0.000000000000000000e+00 -1.311802896538909913e+00 -2.402709520355204940e-03 0.000000000000000000e+00 1.500000000000003553e+00 7.262037386268835326e-02 3.531400902924923230e+03 2.851953964459942654e+03
1.006575662911924463e+00 -1.360536506623936936e-02 0.000000000000000000e+00 1.153258767466546875e+00 2.691599174411190010e-01 0.000000000000000000e+00 2.600000000000004974e+00 1.081220620826501833e-01 4.017106036434813632e+03 3.021406452542137413e+04
9.942469155552390303e-01 -1.507140329083174121e-02 0.000000000000000000e+00 1.802360467546776146e+00 -1.373821891121794758e+00 0.000000000000000000e+00 -6.999999999999979572e-01 2.904929610912372895e-01 9.370495955289329686e+02 2.539701720210933418e+05
9.775569248048812110e-01 -2.989176357401987158e-02 0.000000000000000000e+00 1.593958438327078397e+00 -1.334098561891047696e+00 0.000000000000000000e+00 -5.999999999999978684e-01 2.242974721288054640e-01 5.869766364986834560e+03 9.896857825416719425e+04
1.038244423061806865e+00 -1.834225762571246518e-02 0.000000000000000000e+00 9.433581951940015475e-01 1.487210112444621035e-01 0.000000000000000000e+00 2.500000000000005329e+00 5.331027026223442156e-02 6.572879363287945125e+03 9.607787421502958750e+03
9.511253916859069291e-01 -3.672409272743544506e-02 0.000000000000000000e+00 -1.578429564536922625e+00 -5.761824684683810593e-01 0.000000000000000000e+00 6.000000000000031974e-01 1.125643152706572170e-01 5.122506290722827544e+03 1.382687729615496937e+04
1.131139561054641529e+00 -2.269491859289211530e-02 0.000000000000000000e+00 3.745324573039069960e-01 1.869868738929663932e-01 0.000000000000000000e+00 3.000000000000005329e+00 2.242641453880301824e-02 3.518160417996819160e+04 2.988081403997021262e+05
1.041348242100895494e+00 -3.474249946893070984e-02 0.000000000000000000e+00 1.252623984692523562e+00 -2.680491303809934278e-01 0.000000000000000000e+00 1.700000000000004619e+00 7.052917617194988387e-02 6.373112195938994773e+03 4.933820124743127963e+03
1.003633945659070381e+00 -2.340142615191817196e-02 0.000000000000000000e+00 1.177419000723529896e+00 1.640219457418467808e-01 0.000000000000000000e+00 2.400000000000004796e+00 2.017116221974951107e-01 7.635063058152696613e+03 7.702032818325741391e+04
9.819396753236457887e-01 -7.564210692215744825e-03 0.000000000000000000e+00 -1.700225863149187111e+00 3.040900891357684599e-01 0.000000000000000000e+00 2.500000000000005329e+00 1.056058027240316111e-01 1.222850662691136449e+03 6.481607067441163235e+04
9.523228512486303643e-01 -3.552663316471210003e-02 0.000000000000000000e+00 -1.593714792071012187e+00 -6.316782518644011857e-01 0.000000000000000000e+00 5.000000000000031086e-01 1.113454270824176529e-01 4.411505224956676102e+03 7.193065944284195211e+03
1.004216764574481058e+00 -1.636728016113855877e-02 0.000000000000000000e+00 1.031121103049061016e+00 3.728320091057948926e-01 0.000000000000000000e+00 2.800000000000005151e+00 8.429727899771531641e-02 5.799665840487634341e+03 3.733454158990965516e+04
9.647120736967877974e-01 -2.395949017961505542e-02 0.000000000000000000e+00 -1.633077053186430483e+00 -5.619456452019434556e-01 0.000000000000000000e+00 7.000000000000032863e-01 1.616681314280693227e-01 2.958507564228629235e+03 7.949489074451619672e+03
9.848637529370488641e-01 -2.124458334558892644e-02 0.000000000000000000e+00 1.055170217087612938e+00 4.134332317483020991e-01 0.000000000000000000e+00 2.800000000000005151e+00 1.545464947919037713e-01 3.507366340198100715e+03 1.065813633293261373e+05
9.565965528248093763e-01 -6.702212807782091664e-02 0.000000000000000000e+00 1.412527703124091261e+00 -1.373870247890522478e+00 0.000000000000000000e+00 -5.999999999999978684e-01 9.444242346331407911e-02 9.318704367627636884e+02 2.292234249180533807e+05
9.977892046178979957e-01 -2.460167080493173841e-02 0.000000000000000000e+00 8.832857849608279910e-01 4.330385143811752990e-01 0.000000000000000000e+00 2.900000000000005684e+00 6.022526298924957278e-02 7.267244925634708125e+03 2.183238045641196950e+05
1.079022226235436532e+00 -3.499793656107134249e-02 0.000000000000000000e+00 8.493895096165345882e-01 5.074900055047164293e-02 0.000000000000000000e+00 2.500000000000005329e+00 4.416507869279061999e-02 1.395174915120668993e+04 1.126535787127671501e+05
9.888129417138834532e-01 -7.846730024167622441e-03 0.000000000000000000e+00 1.859452000706257602e+00 2.605111304855503018e-01 0.000000000000000000e+00 2.500000000000005329e+00 4.299302762813247969e-01 1.301165764849259631e+03 6.270986686863731302e+04
9.361004868677178514e-01 -5.747308430403580415e-02 0.000000000000000000e+00 -1.579070412998045514e+00 -1.216571560362922133e+00 0.000000000000000000e+00 -6.999999999999979572e-01 1.498171221276128617e-01 1.547101833790728733e+03 2.336725147146117233e+05
1.076552789996894299e+00 -9.323093098896817130e-03 0.000000000000000000e+00 7.189443003547814071e-01 1.711429177944696622e-01 0.000000000000000000e+00 2.700000000000004619e+00 1.977211009961362884e-02 7.670576103514636088e+03 7.458590127891089651e+04
9.810820063892217169e-01 -2.213542321572917540e-02 0.000000000000000000e+00 1.011413226077506167e+00 4.225947038811226353e-01 0.000000000000000000e+00 2.800000000000005151e+00 1.055195940549483180e-01 3.964150125248215318e+03 2.538634615603299171e+05
9.801054416036631967e-01 -2.890116122171111634e-02 0.000000000000000000e+00 -1.011474411477726543e+00 3.752563914499811304e-01 0.000000000000000000e+00 2.600000000000004974e+00 8.002133374929794318e-02 9.680368532518981738e+03 1.767955653113762673e+05
1.109399205597334293e+00 -3.485382168977924772e-02 0.000000000000000000e+00 5.022203399024048887e-01 1.807413549117528884e-01 0.000000000000000000e+00 2.900000000000005684e+00 3.411440343402905723e-02 1.606526158044344356e+03 2.621286083579779952e+05
8.970298036353864246e-01 -4.429571799855767933e-02 0.000000000000000000e+00 -1.526279124163269607e+00 -4.336722681850234684e-01 0.000000000000000000e+00 7.000000000000032863e-01 6.200714696584842117e-02 1.188498520784599805e+03 3.488639085365976644e+04
1.049535087441334946e+00 -7.351403901995046120e-02 0.000000000000000000e+00 3.029811135446794368e-01 3.532977842570506621e-01 0.000000000000000000e+00 3.000000000000005329e+00 7.887018259270152376e-02 3.460116624924683128e+04 3.904399192333744722e+05
9.823613432712168247e-01 -1.176935666002158938e-02 0.000000000000000000e+00 -1.764573105064267233e+00 -9.609950241860326647e-02 0.000000000000000000e+00 1.700000000000004619e+00 3.613250691173705564e-01 2.407904724501696364e+03 6.992764522319326716e+03
9.995944979998719893e-01 -4.710667655697226008e-02 0.000000000000000000e+00 6.134503347658638583e-01 4.198644499628044202e-01 0.000000000000000000e+00 2.900000000000005684e+00 1.124769804082573627e-01 5.229256549455169079e+03 1.365326013122237637e+05
9.852756540596935286e-01 -7.474946110359270875e-03 0.000000000000000000e+00 -2.205317812245367826e+00 -5.118764027318621901e-01 0.000000000000000000e+00 9.000000000000034639e-01 5.947995113461415073e-01 6.446011669564974227e+02 1.485107408649758327e+03
1.042749118216875548e+00 -5.685023501956006087e-02 0.000000000000000000e+00 3.592016217367615116e-01 3.730730851983320995e-01 0.000000000000000000e+00 3.000000000000005329e+00 4.745914726144594142e-02 2.861638892781894538e+04 7.367831485499082191e+04
9.991887202607199203e-01 -3.489857949162114559e-02 0.000000000000000000e+00 1.089874622757058820e+00 1.625007478593827048e-01 0.000000000000000000e+00 2.400000000000004796e+00 2.388550034603925121e-01 1.212376790255790547e+04 1.413882123656092153e+05
9.917117758526861060e-01 -1.061155851694962904e-02 0.000000000000000000e+00 1.974247154843117302e+00 -1.416293246636030956e+00 0.000000000000000000e+00 -7.999999999999980460e-01 4.107239161682806894e-01 3.508481491977670998e+02 2.901870824549928657e+05
1.035061752651285527e+00 -1.718386033080296360e-02 0.000000000000000000e+00 8.940669295598687727e-01 2.057735795502748100e-01 0.000000000000000000e+00 2.600000000000004974e+00 4.928097353760947652e-02 6.966170982182000444e+03 8.747966249878832969e+03
1.099578821766532766e+00 -7.255788006008810631e-02 0.000000000000000000e+00 3.371782591276753505e-01 2.375426153255939254e-01 0.000000000000000000e+00 3.000000000000005329e+00 6.406217077597353704e-02 4.649595596854716860e+04 4.038945760797187686e+05
1.049218619811119746e+00 -2.732329947167398687e-02 0.000000000000000000e+00 8.343802681195237048e-01 1.673585465345229506e-01 0.000000000000000000e+00 2.600000000000004974e+00 5.611017832866945637e-02 1.191161303261158537e+04 9.554693127570407523e+04
9.822495970316345026e-01 -1.538556413273140140e-02 0.000000000000000000e+00 -1.305834479741826426e+00 3.614560033979608011e-01 0.000000000000000000e+00 2.600000000000004974e+00 9.753708964802906833e-02 3.987382139465364162e+03 2.945966707187626889e+04
1.042459830528004172e+00 -8.096316762656877164e-02 0.000000000000000000e+00 1.288903163542940211e+00 -1.532559019422116808e+00 0.000000000000000000e+00 -7.999999999999980460e-01 4.240531645114106740e-02 3.071242296885396172e+03 1.535774459867455298e+05
1.018902678458745603e+00 -4.781772552505197948e-02 0.000000000000000000e+00 1.335267800150616635e+00 -1.672680529992190079e+00 0.000000000000000000e+00 -1.199999999999998401e+00 7.617173218700359905e-02 2.002974939733940971e+02 3.653288832701789215e+05
9.976891722734620993e-01 -1.515179059067008581e-02 0.000000000000000000e+00 1.160440640999639950e+00 3.876998928468299299e-01 0.000000000000000000e+00 2.800000000000005151e+00 1.174809273377014074e-01 4.828385885978595979e+03 5.392000126802062732e+04
9.616027288416600927e-01 -2.050621287059046366e-02 0.000000000000000000e+00 -1.654877199869710935e+00 -6.667670853213442106e-01 0.000000000000000000e+00 5.000000000000031086e-01 1.389643990457923861e-01 5.808699441035846576e+02 2.055440497161952590e+04
1.154602286402255817e+00 -3.544440223960556441e-02 0.000000000000000000e+00 3.900918698545132179e-01 1.314830944186695660e-01 0.000000000000000000e+00 3.000000000000005329e+00 2.927225862602259726e-02 1.465563241524660953e+04 1.188356657476010878e+05
1.036172489289213017e+00 -4.666498337357578158e-02 0.000000000000000000e+00 1.449504323456067834e+00 -9.587903111272118029e-01 0.000000000000000000e+00 3.000000000000029310e-01 6.518476740630677058e-02 2.797013324517961792e+03 3.989440857649718237e+04
9.340723454400412518e-01 -3.104824566248332376e-02 0.000000000000000000e+00 -1.530927167633718611e+00 -4.559845277100698091e-01 0.000000000000000000e+00 8.000000000000033751e-01 8.842316712489713126e-02 1.561253729169916141e+03 1.719941537746508402e+04
9.811187950460613649e-01 -2.915381861167851141e-02 0.000000000000000000e+00 8.880634451945986774e-01 4.185686038677701171e-01 0.000000000000000000e+00 2.800000000000005151e+00 1.565648406736495912e-01 6.055833627176088157e+03 2.473063150362131419e+05
9.818787890565073839e-01 -1.341040133723065721e-02 0.000000000000000000e+00 -1.908172053855364814e+00 -7.523091958328252948e-01 0.000000000000000000e+00 4.000000000000030198e-01 3.695349569489594921e-01 1.799789245976898883e+03 2.412846961489929527e+04
9.888129417138834532e-01 -7.846730024167622441e-03 0.000000000000000000e+00 2.006336292634098850e+00 6.517123339736549323e-03 0.000000000000000000e+00 2.000000000000004441e+00 6.229801800111923749e-01 1.267692970389246966e+03 1.017516377467242273e+04
1.067474939640643328e+00 -6.221022367314441720e-02 0.000000000000000000e+00 3.344440527858807966e-01 3.145940850778508602e-01 0.000000000000000000e+00 3.000000000000005329e+00 6.483199271195673463e-02 1.053769993913038161e+04 4.012717565744452877e+05
1.108898381177437331e+00 -3.018087967656216120e-02 0.000000000000000000e+00 5.031493467736299907e-01 1.841900108221121712e-01 0.000000000000000000e+00 2.900000000000005684e+00 3.087681279860939737e-02 2.689796212699133321e+04 2.068681005867740605e+05
9.688236155921489123e-01 -2.524818069599403525e-02 0.000000000000000000e+00 -1.217464593656018890e+00 1.976439201237560617e-01 0.000000000000000000e+00 2.200000000000004619e+00 1.226398789550806334e-01 8.432194271088554160e+03 2.115115329376625596e+04
1.040679162872720998e+00 -2.928396895537287159e-02 0.000000000000000000e+00 9.772151289052523060e-01 8.409180730168715201e-02 0.000000000000000000e+00 2.400000000000004796e+00 7.124388638888463909e-02 1.009484547247223782e+04 6.684425369621865684e+04
9.997412905788460868e-01 -1.578095979164537838e-02 0.000000000000000000e+00 1.225900411472503615e+00 2.809951242037208030e-01 0.000000000000000000e+00 2.600000000000004974e+00 1.870924409268115152e-01 4.843435535441270076e+03 1.298851402000617236e+05
9.858537149044592773e-01 -9.389357323070817579e-03 0.000000000000000000e+00 1.892490477774712687e+00 -4.033557509295437882e-02 0.000000000000000000e+00 1.900000000000003908e+00 7.618489468774535256e-01 1.854024702361497248e+03 5.165949713593076012e+04
1.004754967545291366e+00 -1.320801098014352630e-02 0.000000000000000000e+00 1.643403431490632949e+00 -4.293714396684246704e-01 0.000000000000000000e+00 1.200000000000003730e+00 1.778667985895016623e-01 6.711894994284029963e+02 7.351516217633203269e+03
1.065823451115594400e+00 -2.089306140851967392e-02 0.000000000000000000e+00 8.068120222475015924e-01 1.376654620964648523e-01 0.000000000000000000e+00 2.600000000000004974e+00 3.730812497409063955e-02 1.011646040807933969e+04 1.000172766282825614e+05
1.001396910262539741e+00 -3.042801664903757239e-02 0.000000000000000000e+00 1.170262887871167612e+00 1.105152054588803140e-01 0.000000000000000000e+00 2.300000000000004263e+00 2.248830518317917748e-01 1.022291406106379327e+04 1.134403652303984418e+05
1.012207408833630362e+00 -4.394285887349142633e-02 0.000000000000000000e+00 7.232876573516846541e-01 3.376006302879751564e-01 0.000000000000000000e+00 2.800000000000005151e+00 1.531561636359459189e-01 1.751395314601216160e+04 1.914800676258635940e+05
1.088750256341712630e+00 -8.170783404464523891e-02 0.000000000000000000e+00 3.192125342558350676e-01 2.588881543364510707e-01 0.000000000000000000e+00 3.000000000000005329e+00 7.711186935338430748e-02 4.728059609633445507e+04 3.794912644038936705e+05
9.912105210234081198e-01 -1.254355939486414412e-02 0.000000000000000000e+00 1.543698919691843807e+00 1.997364624811079625e-01 0.000000000000000000e+00 2.400000000000004796e+00 3.876731787774688187e-01 3.184889144550916171e+03 7.919499803145987971e+04
9.756796459263928911e-01 -2.733390477416359002e-02 0.000000000000000000e+00 -1.603930724587017131e+00 -1.546466845377716393e+00 0.000000000000000000e+00 -1.199999999999998401e+00 1.100287258122909922e-01 1.841913552296383386e+03 2.241334394885966321e+05
1.081115467238404015e+00 -6.056763743362356123e-02 0.000000000000000000e+00 6.034764905684175673e-01 1.766414118567259661e-01 0.000000000000000000e+00 2.800000000000005151e+00 6.230371865960849381e-02 3.128547449223263175e+04 2.498936500752494612e+05
9.863478510312186920e-01 -9.480940040870572752e-03 0.000000000000000000e+00 -2.121449332694106626e+00 -7.632790366480088906e-01 0.000000000000000000e+00 4.000000000000030198e-01 5.965557932475468172e-01 1.344030550139962088e+03 1.748068007676053458e+04
1.123289790191372761e+00 -5.199066228238533038e-02 0.000000000000000000e+00 3.647321974580873261e-01 1.927858257741429104e-01 0.000000000000000000e+00 3.000000000000005329e+00 4.193836670139645950e-02 9.043654907550848293e+03 4.061790320314430865e+05
9.307533803250434001e-01 -3.851180848607937274e-02 0.000000000000000000e+00 -1.554486823679344099e+00 -5.457073014919492371e-01 0.000000000000000000e+00 6.000000000000031974e-01 8.081962759828675846e-02 2.610076452959634480e+03 1.915810352649805645e+04
1.034954313554400152e+00 -4.548860474072471960e-02 0.000000000000000000e+00 8.342952868773777508e-01 1.824712691939938403e-01 0.000000000000000000e+00 2.600000000000004974e+00 1.011192561774351961e-01 1.870727621828271367e+04 1.823445430814141582e+05
9.990579698439713274e-01 -2.774197493605782411e-02 0.000000000000000000e+00 1.043995769824951791e+00 2.724076674755533389e-01 0.000000000000000000e+00 2.600000000000004974e+00 2.333117627019947460e-01 9.629930393552294845e+03 1.350373141584846599e+04
9.825189650401177088e-01 -1.548095234738091491e-02 0.000000000000000000e+00 -1.402813523085751690e+00 2.606908587699477420e-01 0.000000000000000000e+00 2.400000000000004796e+00 2.119129067946968481e-01 4.444892065687177819e+03 8.901479760813408939e+04
1.010970608103511692e+00 -2.156079664953777092e-02 0.000000000000000000e+00 8.107767865052917244e-01 4.055435092675522823e-01 0.000000000000000000e+00 2.900000000000005684e+00 3.601288757456744954e-02 9.164625223729353820e+03 1.122081635985511966e+05
9.859610273162059402e-01 -1.796746907831988163e-02 0.000000000000000000e+00 1.151678674139453351e+00 4.126585741530002793e-01 0.000000000000000000e+00 2.800000000000005151e+00 1.496150485039878797e-01 4.054382907348442131e+03 1.950345639526459272e+05
9.491382183954163443e-01 -2.326007526287163923e-02 0.000000000000000000e+00 -1.511001359263038912e+00 -3.332058252969255507e-01 0.000000000000000000e+00 1.100000000000003197e+00 1.138766653082724373e-01 1.998257712810997191e+03 3.012754010605003714e+02
1.063819079455444960e+00 -2.178393083628812898e-02 0.000000000000000000e+00 8.757197142585577687e-01 9.281447453175237228e-02 0.000000000000000000e+00 2.500000000000005329e+00 4.055207959827215186e-02 8.665740709188065011e+03 1.707346421920766079e+04
9.330111051501812636e-01 -4.440724393360014066e-02 0.000000000000000000e+00 -1.553602123823606407e+00 -5.396404548452840011e-01 0.000000000000000000e+00 6.000000000000031974e-01 8.475396473651893026e-02 5.182001929640745402e+03 2.330772862876512590e+03
9.898924775929457409e-01 -1.453665181318668578e-02 0.000000000000000000e+00 -1.544771474736375660e+00 1.438109459769918441e-01 0.000000000000000000e+00 2.200000000000004619e+00 4.663411219779299843e-01 3.668720332366648563e+03 9.999844809804001125e+04
9.358632105596174089e-01 -1.892145627316722117e-02 0.000000000000000000e+00 -1.404822100279235597e+00 -1.598702553495732204e-01 0.000000000000000000e+00 1.400000000000003908e+00 8.495949000079866531e-02 8.279094524903972570e+02 1.001451315294882079e+04
9.720424107368295097e-01 -2.737865472670490685e-02 0.000000000000000000e+00 -1.609663823777181202e+00 -1.493294523896487425e+00 0.000000000000000000e+00 -1.099999999999998312e+00 8.060573677838074602e-02 1.010800428519669026e+03 2.521492654328596254e+05
1.025587264862108938e+00 -4.497413542634912803e-02 0.000000000000000000e+00 1.475401066751861556e+00 -1.092258880807747579e+00 0.000000000000000000e+00 2.664535259100375697e-15 7.713153189159373257e-02 3.222014874639176014e+03 3.268108832527107006e+04
9.877115116638043313e-01 -7.904453527127880061e-03 0.000000000000000000e+00 1.859115140042953751e+00 2.628988293128031173e-01 0.000000000000000000e+00 2.500000000000005329e+00 4.668662751315871828e-01 2.538476041718391940e+01 4.594364313539264549e+04
1.014050646477564710e+00 -3.884482020609272140e-02 0.000000000000000000e+00 1.441708117014934620e+00 -1.514530395112270389e+00 0.000000000000000000e+00 -8.999999999999981348e-01 9.471649541394791538e-02 8.621558535005100339e+02 2.253744447672942188e+05
9.930599427073506513e-01 -3.289753894594557582e-02 0.000000000000000000e+00 1.000925637811044489e+00 2.817772623137146937e-01 0.000000000000000000e+00 2.600000000000004974e+00 2.848635494649083277e-01 1.094537976042450100e+04 1.829885174648078682e+05
1.026985542438885179e+00 -7.060331763115262893e-02 0.000000000000000000e+00 3.019671724709697136e-01 4.079862526339035345e-01 0.000000000000000000e+00 3.000000000000005329e+00 9.623807654409967036e-03 1.297756024653067470e+04 3.991638332666276838e+05
9.867176757319668923e-01 -1.293663242484107030e-02 0.000000000000000000e+00 1.360652298900778323e+00 4.141190771591238828e-01 0.000000000000000000e+00 2.800000000000005151e+00 1.320294656947955669e-01 2.620360458513184312e+03 1.407714745174622221e+05
9.812118696634415382e-01 -9.135892936816389712e-03 0.000000000000000000e+00 -1.584025262819048541e+00 3.073865052260369990e-01 0.000000000000000000e+00 2.500000000000005329e+00 1.071726162081751976e-01 1.912248150306255866e+03 1.292973946733452321e+05
9.805907508835907116e-01 -8.650621761765597481e-03 0.000000000000000000e+00 -1.624003532401083971e+00 2.574117552055424363e-01 0.000000000000000000e+00 2.400000000000004796e+00 1.353178544917241211e-01 1.590311832065366843e+03 2.543653990777103172e+04
9.692671548354326871e-01 -2.557638247127163450e-02 0.000000000000000000e+00 -1.166223808381615434e+00 2.472948930451259464e-01 0.000000000000000000e+00 2.300000000000004263e+00 1.073252823374062775e-01 8.878169389043252522e+03 1.307719409621162413e+04
1.062191217807520571e+00 -2.131714902009202231e-02 0.000000000000000000e+00 8.787632185606807367e-01 9.655763271937180259e-02 0.000000000000000000e+00 2.500000000000005329e+00 4.082229758249423385e-02 8.448748389706159287e+03 3.464765048547276092e+04
1.043481543698089764e+00 -5.372325517068213957e-02 0.000000000000000000e+00 3.695552031761594747e-01 3.722216015042537074e-01 0.000000000000000000e+00 3.000000000000005329e+00 4.288447081826289586e-02 2.798782762028097204e+04 1.744139950203938643e+05
9.957872603833471947e-01 -1.432012692053452434e-02 0.000000000000000000e+00 1.821054932831311479e+00 -7.209120866517624293e-01 0.000000000000000000e+00 6.000000000000031974e-01 2.994306005720428487e-01 1.795025378006002256e+03 1.730839289920002557e+04
8.672076870570255558e-01 -9.769380123509308067e-02 0.000000000000000000e+00 -1.639256887727086776e+00 -9.818271072033293301e-01 0.000000000000000000e+00 -4.999999999999977796e-01 5.442882615749716074e-02 5.875855707849508462e+02 2.087559446231102629e+05
9.302676578109982941e-01 -3.459865197702211015e-02 0.000000000000000000e+00 -1.555476384319827599e+00 -5.512151169641206216e-01 0.000000000000000000e+00 6.000000000000031974e-01 7.893602231003578329e-02 1.098665141361645965e+03 3.062746026492294914e+04
1.026918616552764618e+00 -1.905528895138213635e-02 0.000000000000000000e+00 1.048918961149064355e+00 1.218086760068309571e-01 0.000000000000000000e+00 2.400000000000004796e+00 7.562175044162174065e-02 1.515002873310170116e+03 5.866551384853287163e+04
9.129514138513412647e-01 -7.755922251137729873e-02 0.000000000000000000e+00 -1.598684657373497409e+00 -1.112329706242541016e+00 0.000000000000000000e+00 -5.999999999999978684e-01 8.522307047636476507e-02 2.982522282236601768e+03 1.116216071957158128e+05
9.991832988576251351e-01 -1.618636450738734564e-02 0.000000000000000000e+00 1.322615862589568092e+00 1.801094900591866943e-01 0.000000000000000000e+00 2.400000000000004796e+00 2.305869112510334495e-01 6.377269010539207557e+02 5.921454564808410942e+04
9.976317572965359703e-01 -2.097815189632147581e-02 0.000000000000000000e+00 1.340104543183618935e+00 7.635871327815312026e-02 0.000000000000000000e+00 2.200000000000004619e+00 2.717514494480660070e-01 6.312203726611949605e+03 6.240751927065569907e+04
9.800049959238515962e-01 -8.123205627048943681e-03 0.000000000000000000e+00 1.992758525661531666e+00 -1.353731227179840291e+00 0.000000000000000000e+00 -6.999999999999979572e-01 7.725810259566696647e-01 2.526850812360322379e+03 1.188981691945144557e+05
9.090977037754464085e-01 -4.187306452530516893e-02 0.000000000000000000e+00 -1.355311084856507531e+00 -7.860646852114482053e-02 0.000000000000000000e+00 1.400000000000003908e+00 7.884356457355087833e-02 8.884649351888649107e+03 5.003336006153362177e+03
1.032158154978596087e+00 -3.851693969264328304e-02 0.000000000000000000e+00 1.461292914044725055e+00 -7.974732734565485037e-01 0.000000000000000000e+00 6.000000000000031974e-01 7.454924114935582158e-02 2.662132866901757552e+03 2.017715337464156983e+04
9.794574585235079622e-01 -7.556214051059079173e-03 0.000000000000000000e+00 -1.583752005656910322e+00 3.089191440601637972e-01 0.000000000000000000e+00 2.500000000000005329e+00 4.801367539541886303e-02 1.174088716944975431e+03 5.152907862967227629e+03
9.923559988215056027e-01 -8.475520913897178696e-03 0.000000000000000000e+00 2.077171404059731774e+00 -6.070879535611164446e-01 0.000000000000000000e+00 8.000000000000033751e-01 4.578172312510666586e-01 5.656098788169540512e+02 1.459097280634431809e+04
9.264307633408656040e-01 -4.973589966374943744e-02 0.000000000000000000e+00 -1.573190789974342696e+00 -6.287610286137252924e-01 0.000000000000000000e+00 4.000000000000030198e-01 7.118910804840128392e-02 4.700999320685432394e+03 1.606612223761499990e+04
1.045253629038706000e+00 -6.603591442056393201e-02 0.000000000000000000e+00 3.258818737429325374e-01 3.650446081811469790e-01 0.000000000000000000e+00 3.000000000000005329e+00 6.447413934345938569e-02 5.120687462475956636e+03 2.874324599881679751e+05
9.994640636749136942e-01 -1.598609690950607981e-02 0.000000000000000000e+00 1.111253898519618089e+00 3.832568188662970332e-01 0.000000000000000000e+00 2.800000000000005151e+00 1.106118408111965296e-01 5.302746462277172213e+03 1.401304368645065697e+05
1.037332185369502113e+00 -5.495610694946138214e-02 0.000000000000000000e+00 1.414430851422146418e+00 -1.259779526818006090e+00 0.000000000000000000e+00 -2.999999999999976019e-01 5.727757212658540070e-02 1.466639214595674275e+03 1.396288360885309521e+05
1.156258743714527970e+00 -3.579649311045527554e-02 0.000000000000000000e+00 3.913611091622111182e-01 1.278044159407948355e-01 0.000000000000000000e+00 3.000000000000005329e+00 2.929561883548644982e-02 1.503888338533198112e+04 2.535235034845409682e+05
9.900512294623202703e-01 -1.793177442495326110e-02 0.000000000000000000e+00 1.603364548022695457e+00 -1.608746619874270312e-01 0.000000000000000000e+00 1.700000000000004619e+00 4.127542382525550280e-01 4.984361542836039916e+03 3.203920202053744288e+04
1.037215398957347601e+00 -2.095458750308565668e-02 0.000000000000000000e+00 1.053225204137831605e+00 4.982110926979358562e-02 0.000000000000000000e+00 2.300000000000004263e+00 6.390724371017815486e-02 5.797619449570280267e+03 7.502058595994928328e+04
1.039456641980834872e+00 -3.749479472225696053e-02 0.000000000000000000e+00 1.453692170583110732e+00 -8.527357697436742656e-01 0.000000000000000000e+00 5.000000000000031086e-01 6.362249064178428226e-02 3.887392180303554596e+02 7.918256577939256385e+04
9.998205569170526275e-01 -3.289025139059788272e-02 0.000000000000000000e+00 8.415335376722665739e-01 3.716655285301451173e-01 0.000000000000000000e+00 2.800000000000005151e+00 1.771675196396223229e-01 1.167238041488624549e+04 6.980840284960964345e+04
1.012055826090076049e+00 -1.758693667557563456e-02 0.000000000000000000e+00 1.206177327354468698e+00 1.029792404461007671e-01 0.000000000000000000e+00 2.300000000000004263e+00 1.257244237191383618e-01 3.305969172164156589e+03 1.085754281129249284e+04
1.003481987404136300e+00 -1.930453349285713230e-02 0.000000000000000000e+00 1.225649841518771099e+00 1.684042560276650669e-01 0.000000000000000000e+00 2.400000000000004796e+00 1.920424981569470169e-01 5.918067828069603820e+03 1.190895805238659086e+05
1.054445125311404663e+00 -6.431066286634166962e-02 0.000000000000000000e+00 1.377241693938063394e+00 -1.237202087240282466e+00 0.000000000000000000e+00 -1.999999999999975131e-01 4.335905419023367013e-02 2.587136195510130392e+02 1.451366698905384692e+05
1.026361292899421906e+00 -5.709610408829901562e-02 0.000000000000000000e+00 1.408077974592266912e+00 -1.351447336198327465e+00 0.000000000000000000e+00 -4.999999999999977796e-01 6.515538477371801696e-02 3.833054034796424730e+03 1.933892110900555272e+05
1.026279817356960722e+00 -3.979577473218117584e-02 0.000000000000000000e+00 7.070035110772807663e-01 3.089121260846827144e-01 0.000000000000000000e+00 2.800000000000005151e+00 1.052944230551981081e-01 6.435398709843513643e+03 5.769164204870763206e+04
9.448188870160481034e-01 -3.740592763777736418e-02 0.000000000000000000e+00 -1.213162199819559195e+00 1.072136958381233324e-01 0.000000000000000000e+00 1.900000000000003908e+00 8.953169761463306009e-02 1.235472537811199254e+04 4.358965965940040405e+03
9.770572332886404698e-01 -2.423979289928960418e-02 0.000000000000000000e+00 -1.060173107352623934e+00 3.791691614944831534e-01 0.000000000000000000e+00 2.600000000000004974e+00 5.430729062860987361e-02 8.413635559355876467e+03 8.138245625490127713e+04
9.889497392962554034e-01 -7.828720280784441654e-03 0.000000000000000000e+00 1.787299503591196270e+00 3.619242133252774662e-01 0.000000000000000000e+00 2.700000000000004619e+00 2.553296688178007812e-01 1.291877955760939130e+03 4.384212771785147925e+04
1.082535725279029304e+00 -6.148996378950544878e-02 0.000000000000000000e+00 4.919724744827965179e-01 2.254743307833834975e-01 0.000000000000000000e+00 2.900000000000005684e+00 6.401019598782053954e-02 3.531787330199192365e+04 2.998745295219144900e+05
1.048564652726224233e+00 -2.453052030439992898e-02 0.000000000000000000e+00 6.784720535032570110e-01 2.701475292017695984e-01 0.000000000000000000e+00 2.800000000000005151e+00 4.160907006459363400e-02 1.998421438510059033e+03 3.741428809096483164e+05
9.927206924830166423e-01 -3.466044641039341123e-02 0.000000000000000000e+00 7.427417513847444086e-01 4.407690126873506919e-01 0.000000000000000000e+00 2.900000000000005684e+00 5.805096145023737331e-02 1.005468561172848604e+04 9.841833956164422852e+04
1.092477531563406323e+00 -6.794624828067866162e-02 0.000000000000000000e+00 6.846937559786926419e-01 9.643564777298659074e-02 0.000000000000000000e+00 2.700000000000004619e+00 5.569879972474878899e-02 3.149732938868521160e+04 2.445861101222479774e+05
1.075914524267438610e+00 -5.291481436141905886e-02 0.000000000000000000e+00 1.117061800229717017e+00 -2.504856592408344351e-01 0.000000000000000000e+00 1.900000000000003908e+00 4.742293489101739173e-02 1.161840885605347103e+04 5.190352653628340340e+04
1.037332185369502113e+00 -5.495610694946138214e-02 0.000000000000000000e+00 3.723249507290675164e-01 3.860482103431792655e-01 0.000000000000000000e+00 3.000000000000005329e+00 3.699322677331091935e-02 2.659362653180697816e+04 1.435511975831710151e+05
9.813144457936611165e-01 -4.126060998347236275e-02 0.000000000000000000e+00 7.507305889027187096e-01 4.120431735640802118e-01 0.000000000000000000e+00 2.800000000000005151e+00 2.086502689791225051e-01 9.619063023469672771e+03 2.608253696812326671e+05
9.852036080410948582e-01 -9.227267477193532019e-03 0.000000000000000000e+00 -2.126497253462090065e+00 -8.131207866847950383e-01 0.000000000000000000e+00 3.000000000000029310e-01 5.501072207258445035e-01 9.769115903895411748e+02 3.325391802982128138e+04
9.851716727898041093e-01 -3.829449032656474794e-02 0.000000000000000000e+00 8.731019348913916511e-01 3.497210923327844778e-01 0.000000000000000000e+00 2.700000000000004619e+00 3.045352957935150151e-01 1.099498170795048281e+04 2.392350493333163322e+05
1.021494676609405072e+00 -9.647603615189232276e-03 0.000000000000000000e+00 1.108505020992839762e+00 1.426939715818835164e-01 0.000000000000000000e+00 2.400000000000004796e+00 5.237483718578964803e-02 1.865476529618803852e+03 2.036088292577776519e+04
1.050426118135509013e+00 -3.612863632447348844e-02 0.000000000000000000e+00 8.212331135014543371e-01 1.576785426611280461e-01 0.000000000000000000e+00 2.600000000000004974e+00 6.674310059282229091e-02 1.555578681997925196e+04 1.198645704367957369e+05
1.029294553359771269e+00 -5.918969260513191194e-02 0.000000000000000000e+00 1.323131430086541105e+00 -1.594554672957757546e+00 0.000000000000000000e+00 -9.999999999999982236e-01 5.864524209517243958e-02 6.353685422942011201e+02 3.515463920021583326e+05
8.930080366120027868e-01 -5.475673541843730646e-02 0.000000000000000000e+00 -1.486712327438675985e+00 -3.012897185015118162e-01 0.000000000000000000e+00 9.000000000000034639e-01 6.935472634361450339e-02 5.764306834504892549e+02 2.961030298311632214e+04
1.032778784864491151e+00 -3.510261665148434879e-02 0.000000000000000000e+00 9.873461506651204367e-01 9.438357549310028016e-02 0.000000000000000000e+00 2.400000000000004796e+00 9.284803418513025430e-02 1.248869022692364342e+04 3.477305870748365123e+04
1.003463291305911165e+00 -3.506918446134855288e-02 0.000000000000000000e+00 8.088101133221657912e-01 3.622128157487551348e-01 0.000000000000000000e+00 2.800000000000005151e+00 1.672828225923298773e-01 1.160319673506617391e+03 1.614205685142985603e+05
9.718633875038363845e-01 -1.161457926157122983e-02 0.000000000000000000e+00 -1.729531836821030177e+00 -4.368572407158496373e-01 0.000000000000000000e+00 1.000000000000003553e+00 2.058401505638341178e-01 1.131604701786821749e+02 3.734170315539894364e+04
1.033659900152855693e+00 -7.054185417505677569e-02 0.000000000000000000e+00 3.061345021879362527e-01 3.917882101785643556e-01 0.000000000000000000e+00 3.000000000000005329e+00 4.443560917853408426e-02 2.335781157987350070e+03 2.197298752565709583e+05
9.838365748115190934e-01 -1.235046581770421308e-02 0.000000000000000000e+00 -1.971658734471171570e+00 -8.575977532652218072e-01 0.000000000000000000e+00 2.000000000000028422e-01 4.257158578328563148e-01 1.680125521238776628e+03 3.245555136875405151e+04
1.003874947449235888e+00 -4.402959782742200956e-02 0.000000000000000000e+00 6.342860433087613714e-01 4.107773842273052534e-01 0.000000000000000000e+00 2.900000000000005684e+00 1.127796914368897063e-01 1.559769091154207490e+04 2.841516378485953901e+05
9.452416429673509146e-01 -2.662433427061209820e-02 0.000000000000000000e+00 -1.141007120894630855e+00 1.969739035537927396e-01 0.000000000000000000e+00 2.100000000000004974e+00 5.928670369767465032e-02 9.129931785042443153e+03 3.616737252164623351e+04
1.057917734462237691e+00 -7.513899891862067804e-02 0.000000000000000000e+00 3.037031232483385912e-01 3.330544879102174116e-01 0.000000000000000000e+00 3.000000000000005329e+00 8.377274080305815995e-02 3.762083878273554001e+04 4.019048536203524563e+05
1.082051636151498464e+00 -9.420215173815610354e-02 0.000000000000000000e+00 4.661577730528138064e-01 2.092110380645756940e-01 0.000000000000000000e+00 2.900000000000005684e+00 8.201463453672772075e-02 4.673219832016235159e+04 3.421694571589849656e+05
9.741646564857385782e-01 -2.468808310406945053e-02 0.000000000000000000e+00 -1.207128876617185931e+00 2.363003185317151533e-01 0.000000000000000000e+00 2.300000000000004263e+00 1.415652651804188145e-01 8.332578559056115409e+03 8.579358055856701685e+04
1.122382976151485856e+00 -2.372188440235407578e-02 0.000000000000000000e+00 8.237268471732620556e-01 -2.659219414068680898e-02 0.000000000000000000e+00 2.500000000000005329e+00 2.642637410089441335e-02 9.501908728972308381e+03 1.433739946825428924e+05
9.957564563690467496e-01 -7.522981291588859420e-02 0.000000000000000000e+00 4.423784801861946891e-01 4.213173832438538713e-01 0.000000000000000000e+00 2.900000000000005684e+00 1.456633216970276978e-01 2.000146615513544384e+04 3.332314925144322915e+05
9.438055044244736402e-01 -2.752173323115178830e-02 0.000000000000000000e+00 -1.588745889440437598e+00 -6.333945210515026236e-01 0.000000000000000000e+00 5.000000000000031086e-01 9.150522129528676496e-02 9.874947638325755861e+01 1.444489531131923286e+04
9.933242381158047252e-01 -9.876717127590988257e-03 0.000000000000000000e+00 2.005845608733867635e+00 -7.616865996180784970e-01 0.000000000000000000e+00 5.000000000000031086e-01 3.987925047248181976e-01 6.638938084440129614e+02 3.493158454746915231e+04
9.848831928465981989e-01 -9.129306721430368796e-03 0.000000000000000000e+00 -1.661442357656027324e+00 3.503862910815729870e-01 0.000000000000000000e+00 2.600000000000004974e+00 1.364575718680175465e-01 1.915074302632994204e+03 7.847057714203631622e+04
1.026164535016371060e+00 -6.912218103350478704e-02 0.000000000000000000e+00 1.277483062427569482e+00 -1.652847946374884636e+00 0.000000000000000000e+00 -1.099999999999998312e+00 5.493098246709741256e-02 3.136267262531529923e+03 1.954864572642929561e+05
1.080188096636131023e+00 -3.179473396115273937e-02 0.000000000000000000e+00 1.007981351986727780e+00 -9.245216500465393283e-02 0.000000000000000000e+00 2.200000000000004619e+00 4.016144868928571421e-02 7.596799410855595852e+03 1.203802731146231963e+04
1.088444475565682801e+00 -5.125570808378435150e-02 0.000000000000000000e+00 3.499092269082332840e-01 2.707778278317529708e-01 0.000000000000000000e+00 3.000000000000005329e+00 4.746017328848832484e-02 7.212148619402621080e+03 4.057805975817461149e+05
1.045667911090898405e+00 -3.074260278828416793e-02 0.000000000000000000e+00 1.063823727659725993e+00 -2.588890595232237746e-02 0.000000000000000000e+00 2.200000000000004619e+00 6.581898000875915922e-02 8.619474017425085549e+03 4.005085552946083044e+04
1.029527180057872471e+00 -3.374993247330156793e-02 0.000000000000000000e+00 1.471015721769815210e+00 -7.388944832461831203e-01 0.000000000000000000e+00 7.000000000000032863e-01 8.006218122731792453e-02 2.094417079506300070e+03 1.847909398190467982e+04
9.915609658402898541e-01 -6.980281345301458940e-03 0.000000000000000000e+00 -1.979611725625004093e+00 8.126214753245201983e-02 0.000000000000000000e+00 2.100000000000004974e+00 7.922861846268584030e-01 6.312147567618044377e+02 3.930106105944736555e+03
9.627283611898476146e-01 -4.351106176629147143e-02 0.000000000000000000e+00 -1.505454774956671349e+00 -1.571819461478827451e+00 0.000000000000000000e+00 -1.299999999999998490e+00 5.585095686331983944e-02 1.690536908435451323e+03 2.734432202521556756e+05
1.083683729076116542e+00 -5.022459942043688667e-03 0.000000000000000000e+00 6.231970990171709079e-01 2.052945539338049685e-01 0.000000000000000000e+00 2.800000000000005151e+00 1.148867347235111441e-02 4.692003349044176503e+03 3.709672986704664654e+05
1.006679180842225962e+00 -2.325273857844647324e-02 0.000000000000000000e+00 9.129436661382434037e-01 3.624073126223192887e-01 0.000000000000000000e+00 2.800000000000005151e+00 1.129920292750086902e-01 8.952908369437967849e+03 1.202050015885186440e+05
1.000713304918432023e+00 -2.320694650642159476e-02 0.000000000000000000e+00 1.612158404224925956e+00 -1.438352970605273340e+00 0.000000000000000000e+00 -7.999999999999980460e-01 1.749255093702007935e-01 1.094220784012707554e+03 2.933767449244685704e+05
1.067205034766937954e+00 -4.768162510873422827e-02 0.000000000000000000e+00 9.649529565811455489e-01 -3.486738491287422886e-02 0.000000000000000000e+00 2.300000000000004263e+00 5.674295548839821540e-02 1.566874924703040779e+04 1.136272392684247170e+05
9.945138433172855397e-01 -1.307954079733550205e-02 0.000000000000000000e+00 1.284598133327975455e+00 3.961424871228065858e-01 0.000000000000000000e+00 2.800000000000005151e+00 1.281340262904978322e-01 3.758587607283712259e+03 2.195645160485062297e+04
9.890862017303315712e-01 -7.808325833365215886e-03 0.000000000000000000e+00 2.215730172934729847e+00 -1.309950159337071263e+00 0.000000000000000000e+00 -5.999999999999978684e-01 6.192958935240113760e-01 4.121325458367106194e+02 2.075229930913796707e+05
9.965258394731607572e-01 -1.388507058844738740e-02 0.000000000000000000e+00 1.414474920973708638e+00 1.877556652747479071e-01 0.000000000000000000e+00 2.400000000000004796e+00 2.636316294030173202e-01 3.710929379562060149e+03 4.998692105188023561e+04
9.779695331758180288e-01 -1.711257751969527327e-02 0.000000000000000000e+00 -1.760773135387152522e+00 -1.407595875594729318e+00 0.000000000000000000e+00 -8.999999999999981348e-01 2.788054451810542678e-01 3.857190435310074577e+02 1.581262327955716173e+05
1.010514152519739639e+00 -4.860453760522113337e-02 0.000000000000000000e+00 1.296457384422401438e+00 -1.767926714097486363e+00 0.000000000000000000e+00 -1.399999999999998579e+00 8.478623009692694279e-02 2.045845154907088045e+03 2.793646322409904678e+05
9.805877783827463556e-01 -1.076592192577535689e-02 0.000000000000000000e+00 -1.916314624552914792e+00 -5.007582323381752909e-01 0.000000000000000000e+00 9.000000000000034639e-01 3.617261480142857644e-01 1.056013760872537205e+03 3.101806172195894032e+04
9.888336980208531912e-01 -1.124961301093794011e-02 0.000000000000000000e+00 -1.761164757638684408e+00 4.236686706905140598e-02 0.000000000000000000e+00 2.000000000000004441e+00 5.572175596549683307e-01 2.561962833389269690e+03 5.282696496181959083e+04
9.310892049438357354e-01 -2.065905221553147875e-02 0.000000000000000000e+00 -1.102307045431713206e+00 2.206219486994561718e-01 0.000000000000000000e+00 2.100000000000004974e+00 3.586992774089404340e-02 7.226842769942357336e+03 4.252720736954238237e+04
9.729467241267452104e-01 -1.543226003592561291e-02 0.000000000000000000e+00 -1.702372097259363226e+00 -4.322868080299722138e-01 0.000000000000000000e+00 1.000000000000003553e+00 2.257016697809219874e-01 1.731842688071053999e+03 1.651436387353764076e+04
9.811899953753835391e-01 -1.495745727466765013e-02 0.000000000000000000e+00 -1.355651572333470334e+00 3.132110695870620187e-01 0.000000000000000000e+00 2.500000000000005329e+00 1.411058493138034331e-01 4.363020754099165970e+03 3.565098768560354074e+04
1.025494216347056842e+00 -2.173419611550141822e-02 0.000000000000000000e+00 7.814376085879416456e-01 3.226788737040367505e-01 0.000000000000000000e+00 2.800000000000005151e+00 5.330294919900074868e-02 1.018866653578389014e+04 1.706441574019924738e+05
9.758750482721270103e-01 -1.116634234967545970e-02 0.000000000000000000e+00 -1.485900322288909781e+00 1.681929207486072830e-01 0.000000000000000000e+00 2.200000000000004619e+00 1.380634962154352885e-01 2.321302368256098816e+03 1.072106978571269792e+03
1.078236976580352113e+00 -9.500108241795871683e-03 0.000000000000000000e+00 9.171791858850246726e-01 2.652614346981313834e-02 0.000000000000000000e+00 2.400000000000004796e+00 2.565753161848399397e-02 2.815464525867467273e+03 1.437728336478551137e+04
1.100306496066969730e+00 -4.093100487644778934e-02 0.000000000000000000e+00 6.068705399531812983e-01 1.479682680275015705e-01 0.000000000000000000e+00 2.800000000000005151e+00 4.069199641662592931e-02 2.523595540023196372e+04 2.631736329469828634e+05
9.789321229091045851e-01 -1.373153255004478171e-02 0.000000000000000000e+00 -1.838754794810744331e+00 -5.957999755894803906e-01 0.000000000000000000e+00 7.000000000000032863e-01 3.129343545423482476e-01 1.655670755102989915e+03 1.232263167960428473e+04
9.878494844133424158e-01 -2.992068379902909289e-02 0.000000000000000000e+00 -1.017612086796529480e+00 3.580563677820413071e-01 0.000000000000000000e+00 2.600000000000004974e+00 1.376376916599012790e-01 8.685787160700854656e+03 3.527722818587616348e+04
9.894211084446005167e-01 -1.118268604698556198e-02 0.000000000000000000e+00 1.508460502675105674e+00 3.578377037436786812e-01 0.000000000000000000e+00 2.700000000000004619e+00 2.620093160529454179e-01 2.570616615282358907e+03 1.369066549914458301e+05
1.080557865816972996e+00 -6.735658179227894948e-02 0.000000000000000000e+00 3.299250950723995324e-01 2.828494174420557727e-01 0.000000000000000000e+00 3.000000000000005329e+00 6.780386983229318154e-02 2.694685247244370657e+03 2.297124294796003960e+05
9.576538018996815227e-01 -3.126854458849172985e-02 0.000000000000000000e+00 -1.620990525677158400e+00 -6.969037352747320391e-01 0.000000000000000000e+00 4.000000000000030198e-01 1.217997196766352763e-01 3.393673118176658591e+03 2.328902686283496223e+04
9.711180503659332386e-01 -2.480537106593404609e-02 0.000000000000000000e+00 -1.673912507523085846e+00 -1.289404056311582725e+00 0.000000000000000000e+00 -6.999999999999979572e-01 1.786952703781618801e-01 1.033449438620948513e+03 2.483788536211466126e+05
9.831753939592148273e-01 -5.342509835851617928e-02 0.000000000000000000e+00 6.658699330683434114e-01 4.016961158069387583e-01 0.000000000000000000e+00 2.800000000000005151e+00 2.386107363918639479e-01 1.372459871441552059e+04 2.934388011556523852e+05
9.817433387413607715e-01 -1.879278401025190684e-02 0.000000000000000000e+00 -1.397929961772750307e+00 1.651122422149399471e-01 0.000000000000000000e+00 2.200000000000004619e+00 2.529714208115931839e-01 5.638173359956525019e+03 2.695443468255703920e+04
1.021554380471459744e+00 -3.254843977936307253e-02 0.000000000000000000e+00 1.171570094254356542e+00 -3.207419250408900108e-02 0.000000000000000000e+00 2.100000000000004974e+00 1.164859183310714835e-01 9.658508045306767599e+03 1.021616753336614784e+04
9.454486658714111869e-01 -5.427057289088211417e-02 0.000000000000000000e+00 -1.570783214671895189e+00 -1.281477475898298524e+00 0.000000000000000000e+00 -7.999999999999980460e-01 8.109556232572711076e-01 2.366415220856254109e+03 1.523923274694713182e+05
9.814144099855480752e-01 -1.319385782015542775e-02 0.000000000000000000e+00 1.425701584552828471e+00 2.729134311283716863e-01 0.000000000000000000e+00 2.500000000000005329e+00 5.257418868538241696e-01 2.181586224411967123e+03 1.591974974680732994e+05
1.057941210903263318e+00 -3.268430883555566852e-02 0.000000000000000000e+00 1.158120078185101764e+00 -1.967597272232672889e-01 0.000000000000000000e+00 1.900000000000003908e+00 5.277277091753288657e-02 5.739778739286341988e+03 5.477532771328855233e+03
9.876326819678208357e-01 -6.208409742311938283e-03 0.000000000000000000e+00 -2.429913691509226759e+00 -8.711446823457466015e-01 0.000000000000000000e+00 2.000000000000028422e-01 8.565726404356969192e-01 4.109500945298850070e+02 3.001410949424150749e+04
1.104515620653560459e+00 -3.345347624119091728e-02 0.000000000000000000e+00 5.029057720360857742e-01 1.920318358537945747e-01 0.000000000000000000e+00 2.900000000000005684e+00 3.380401218184739265e-02 2.410416801814721475e+04 9.882062738368214923e+04
9.685449509204853147e-01 -1.563250299079395333e-02 0.000000000000000000e+00 -1.346168985352284020e+00 1.370305977643876960e-01 0.000000000000000000e+00 2.100000000000004974e+00 1.117797555852869384e-01 3.920243439224624126e+03 1.483725926797290231e+04
9.898452539222255542e-01 -9.389357323070817579e-03 0.000000000000000000e+00 2.099919502733880172e+00 -7.572887563322550086e-01 0.000000000000000000e+00 5.000000000000031086e-01 5.523505879576793287e-01 1.223907705926968674e+03 1.197391516961197703e+04
9.285358181671907740e-01 -3.153763576949995817e-02 0.000000000000000000e+00 -1.540673270580132925e+00 -5.003406293566693419e-01 0.000000000000000000e+00 7.000000000000032863e-01 7.917505495278560901e-02 4.079536023037090899e+02 3.610246450841713522e+04
9.979652154539182529e-01 -2.635238031518777682e-02 0.000000000000000000e+00 1.002723466010487341e+00 3.276134534606590654e-01 0.000000000000000000e+00 2.700000000000004619e+00 2.171044159475729596e-01 9.092616596159474284e+03 1.625583445011877629e+05
1.016878965742390450e+00 -3.459598866503955233e-02 0.000000000000000000e+00 1.530037622575145528e+00 -9.226003381472127618e-01 0.000000000000000000e+00 3.000000000000029310e-01 1.036302436542890087e-01 3.340531938887215347e+03 3.111239235540272784e+04
9.891854238704279600e-01 -9.505703163885001819e-03 0.000000000000000000e+00 2.070033842509591882e+00 -1.413542147604072596e+00 0.000000000000000000e+00 -7.999999999999980460e-01 5.255270462862470238e-01 7.707727160131233859e+02 1.438751316527679446e+05
1.043685598030743567e+00 -1.814225307539203691e-02 0.000000000000000000e+00 7.866763620778789434e-01 2.358173284480487852e-01 0.000000000000000000e+00 2.700000000000004619e+00 3.856588063812329409e-02 9.224476158650786601e+03 8.975134554458210187e+04
9.819819348030950357e-01 -1.528548932620374910e-02 0.000000000000000000e+00 -1.869566109701337409e+00 -8.003659800591890194e-01 0.000000000000000000e+00 3.000000000000029310e-01 3.469098620678415235e-01 1.899492507416765079e+02 5.047619134894747549e+04
1.005739786696549398e+00 -7.175408329267982110e-02 0.000000000000000000e+00 4.730098800149312721e-01 3.971190639374233555e-01 0.000000000000000000e+00 2.900000000000005684e+00 1.592128033311074331e-01 2.317001675368186989e+04 3.074346410050192499e+05
1.078513463958570284e+00 -6.339843047709452228e-03 0.000000000000000000e+00 6.288571828083582282e-01 2.158356537871935210e-01 0.000000000000000000e+00 2.800000000000005151e+00 1.166633164451817521e-02 6.817561404430808579e+03 2.234140525947322312e+05
9.652580710026242850e-01 -2.891569055446322964e-02 0.000000000000000000e+00 -1.600466920594959541e+00 -5.037830495136532694e-01 0.000000000000000000e+00 8.000000000000033751e-01 1.656193338670337578e-01 5.229162172185354393e+03 4.164812827381603711e+03
9.023433640118648791e-01 -4.356754443208755295e-02 0.000000000000000000e+00 -1.526831439170611926e+00 -4.428484730702373362e-01 0.000000000000000000e+00 7.000000000000032863e-01 6.435538233055863866e-02 1.537788804587262575e+03 2.692023098016459699e+04
9.827607529634375672e-01 -3.563168121148221033e-03 0.000000000000000000e+00 2.389096304286736139e+00 -1.398452412123584176e+00 0.000000000000000000e+00 -7.999999999999980460e-01 1.481058976329191701e+00 3.619295419807937151e+02 2.514320819268030755e+05
9.776902773383812084e-01 -4.400436034705142163e-02 0.000000000000000000e+00 7.165819971399426391e-01 4.200232067010366555e-01 0.000000000000000000e+00 2.800000000000005151e+00 1.972015557044151102e-01 9.176991012885211603e+03 2.831653501158217550e+05
1.001325705496320717e+00 -1.445147781876075788e-02 0.000000000000000000e+00 1.112241598539311038e+00 3.805599411051556746e-01 0.000000000000000000e+00 2.800000000000005151e+00 8.614412627154280355e-02 4.757620581093830879e+03 5.067605171617124870e+04
9.847243162557783869e-01 -9.076147357763599682e-03 0.000000000000000000e+00 1.808259720348881938e+00 1.155893187176785936e-01 0.000000000000000000e+00 2.200000000000004619e+00 7.387212861300370692e-01 1.503867618555723084e+03 9.513687195651233196e+04
1.000978954211962035e+00 -3.607292180111906083e-02 0.000000000000000000e+00 9.573612191089486689e-01 2.619486254349313592e-01 0.000000000000000000e+00 2.600000000000004974e+00 2.232388482518770090e-01 8.660969376905248282e+03 3.879208792859531241e+04
9.583178329097580272e-01 -4.064683121118893572e-02 0.000000000000000000e+00 -1.524070078838047015e+00 -1.521495859139578632e+00 0.000000000000000000e+00 -1.199999999999998401e+00 4.688176272639555525e-02 9.383457167413234856e+01 2.836344320591297001e+05
9.798644211912672652e-01 -7.985063222075126227e-03 0.000000000000000000e+00 -1.623926217380614601e+00 2.579633497206793580e-01 0.000000000000000000e+00 2.400000000000004796e+00 1.094483881119194674e-01 1.269537794650621663e+03 4.334198622506339234e+03
9.844094516159278552e-01 -2.801681882573890670e-02 0.000000000000000000e+00 -1.101216588584224221e+00 3.159312159913307272e-01 0.000000000000000000e+00 2.500000000000005329e+00 1.717257030911442106e-01 8.899239559788067709e+03 1.746789209578699956e+05
1.144236146532304321e+00 -5.384824611775942960e-02 0.000000000000000000e+00 3.799580102377710378e-01 1.462669532128126615e-01 0.000000000000000000e+00 3.000000000000005329e+00 3.866587381475318497e-02 5.782280164323134159e+03 2.665299952925243997e+05
1.033338089154067108e+00 -4.710482914105783986e-02 0.000000000000000000e+00 1.451330038349053275e+00 -1.150031279580095767e+00 0.000000000000000000e+00 -9.999999999999742428e-02 6.533544065160599990e-02 1.434033454402610914e+03 1.051514401109106839e+05
9.898956191635239765e-01 -7.636278846810055053e-03 0.000000000000000000e+00 2.234565121225752460e+00 -8.556613400072798914e-01 0.000000000000000000e+00 3.000000000000029310e-01 6.089007555216618961e-01 5.286147613018326865e+02 4.042089707066538540e+04
9.865578966461586718e-01 -6.076442698526762082e-03 0.000000000000000000e+00 -2.423242034368035203e+00 -7.689449527525749062e-01 0.000000000000000000e+00 4.000000000000030198e-01 7.660717134714765120e-01 2.073416846252395089e+02 3.060734040050995100e+04
1.033996170621793276e+00 -4.155066289303249727e-02 0.000000000000000000e+00 1.467456507750490191e+00 -9.979227761458799861e-01 0.000000000000000000e+00 2.000000000000028422e-01 6.821195645867890456e-02 1.210586222219615593e+03 7.483391790817043511e+04
1.091462249715855481e+00 -5.279334081412370705e-02 0.000000000000000000e+00 8.887101848268736948e-01 -3.755966738412674921e-02 0.000000000000000000e+00 2.400000000000004796e+00 4.532696878703737497e-02 1.848883943405384707e+04 1.340048169426622335e+05
8.913632511134029768e-01 -8.687659468233040194e-02 0.000000000000000000e+00 -1.612829020999488883e+00 -1.079199634703579713e+00 0.000000000000000000e+00 -5.999999999999978684e-01 8.362364759624037192e-02 9.565431645361489927e+02 2.233882597940264386e+05
9.881844889103010843e-01 -9.593273625822880749e-03 0.000000000000000000e+00 1.743385884241995587e+00 2.091457713358817749e-01 0.000000000000000000e+00 2.400000000000004796e+00 5.017396545238924643e-01 1.930996777953396759e+03 5.946694913036088110e+04
1.043979729432269687e+00 -3.372645376824132818e-02 0.000000000000000000e+00 1.399335818320701863e+00 -6.113392491625940783e-01 0.000000000000000000e+00 1.000000000000003553e+00 6.093306109442690743e-02 1.132825262525281687e+03 2.082290231243053859e+04
1.018589339721924336e+00 -3.536215838953778168e-02 0.000000000000000000e+00 1.521446568343898020e+00 -1.121724246676320869e+00 0.000000000000000000e+00 -9.999999999999742428e-02 9.493210797516936361e-02 1.686481093242135330e+03 9.493143841070696362e+04
9.527934451257380477e-01 -1.943187988520297255e-02 0.000000000000000000e+00 -1.508599947845113753e+00 -2.926951433973087324e-01 0.000000000000000000e+00 1.200000000000003730e+00 1.180662292453217299e-01 1.334043757625501485e+03 6.190768488511428586e+03
1.041490360489732980e+00 -3.755974578486166032e-02 0.000000000000000000e+00 1.107057290607091682e+00 -7.459857416673673636e-02 0.000000000000000000e+00 2.100000000000004974e+00 7.631804321611759812e-02 1.060089251782818064e+04 1.811776549336250173e+04
9.400317588882904918e-01 -3.105319404540316311e-02 0.000000000000000000e+00 -1.554663058481640769e+00 -5.173726848590211036e-01 0.000000000000000000e+00 7.000000000000032863e-01 9.373462102775523275e-02 1.790773712573915418e+03 5.572041879262981092e+04
1.043031604928974065e+00 -6.347976808464508847e-02 0.000000000000000000e+00 1.357075486686741606e+00 -1.417110891002841155e+00 0.000000000000000000e+00 -5.999999999999978684e-01 4.858703310085091265e-02 2.517433591330970728e+02 2.851538337080740603e+05
9.903897632490142877e-01 -1.100315649066718401e-02 0.000000000000000000e+00 1.631656258888501299e+00 2.030046005157747357e-01 0.000000000000000000e+00 2.400000000000004796e+00 4.157792331455931745e-01 2.566463608380338883e+03 8.889016937739630521e+03
9.835437546885139604e-01 -6.630242346918284631e-03 0.000000000000000000e+00 -2.167173581894121348e+00 -3.589401994183409328e-01 0.000000000000000000e+00 1.200000000000003730e+00 4.762689005507434459e-01 1.681652614708393401e+02 6.308761834547578474e+03
9.886861029469885542e-01 -9.562593597034811654e-03 0.000000000000000000e+00 1.939404667531655191e+00 -1.478096956931094219e-01 0.000000000000000000e+00 1.700000000000004619e+00 6.201790337035570921e-01 1.880286752075407549e+03 8.236187227281496234e+03
1.006281380598492703e+00 -1.908678724036394839e-02 0.000000000000000000e+00 1.094748100878434549e+00 2.644769730034041144e-01 0.000000000000000000e+00 2.600000000000004974e+00 1.460440849122976448e-01 6.446036214755065885e+03 4.120250834324878088e+04
1.058568925151185169e+00 -2.162110280915606128e-02 0.000000000000000000e+00 9.972104508765017306e-01 6.993941311624693111e-03 0.000000000000000000e+00 2.300000000000004263e+00 4.459722206786594784e-02 3.115932954726222306e+02 7.840399306308527594e+04
9.845663916214535405e-01 -9.020223311689039986e-03 0.000000000000000000e+00 1.706058746782313174e+00 2.693151294199689905e-01 0.000000000000000000e+00 2.500000000000005329e+00 5.158035329193905172e-01 1.191951760090187918e+03 7.294101232087056269e+04
9.801479601636210459e-01 -8.258873624897499974e-03 0.000000000000000000e+00 -1.623952644816587521e+00 2.577710683780076728e-01 0.000000000000000000e+00 2.400000000000004796e+00 1.197276524117672214e-01 1.401669123640311000e+03 8.735568840424998780e+04
9.741734750908512819e-01 -3.221865891741845789e-02 0.000000000000000000e+00 -1.134650455598129826e+00 2.427749477004937095e-01 0.000000000000000000e+00 2.300000000000004263e+00 1.431892013699899990e-01 1.136085130277509597e+04 1.171685945277861319e+05
1.040146867693189758e+00 -3.940890498030712175e-02 0.000000000000000000e+00 6.730626024002613894e-01 2.788229053996025275e-01 0.000000000000000000e+00 2.800000000000005151e+00 7.950049517691851197e-02 8.308210604607609639e+03 8.853027398066487513e+04
1.088508132797422867e+00 -3.863923492992434039e-02 0.000000000000000000e+00 5.053078117445997108e-01 2.242816013515351870e-01 0.000000000000000000e+00 2.900000000000005684e+00 4.131593299561531207e-02 6.159948107333506414e+03 1.705204933356824331e+05
9.992447196296339040e-01 -3.309416606882853440e-02 0.000000000000000000e+00 1.573918458291466038e+00 -1.252618830787432858e+00 0.000000000000000000e+00 -3.999999999999976907e-01 1.511015493281028799e-01 3.684103596923109308e+03 1.673429848881303333e+05
9.645894091504707557e-01 -3.871126601792609923e-02 0.000000000000000000e+00 -9.950655597850585066e-01 3.178440011052695024e-01 0.000000000000000000e+00 2.400000000000004796e+00 7.576427984932969373e-02 1.493010093778272130e+04 2.769836751147457835e+04
9.886861029469885542e-01 -9.562593597034811654e-03 0.000000000000000000e+00 1.707645275806126239e+00 2.590092326568258496e-01 0.000000000000000000e+00 2.500000000000005329e+00 4.300239886184110683e-01 1.940329509561240002e+03 1.174371291149779572e+05
1.144063544637940355e+00 -2.754475358361367990e-02 0.000000000000000000e+00 5.088461980448485411e-01 1.104342934756935152e-01 0.000000000000000000e+00 2.900000000000005684e+00 2.657347611487368214e-02 2.876411408490207759e+04 5.303581662268486980e+04
9.688207158902671923e-01 -1.596703264947021625e-02 0.000000000000000000e+00 -1.674329752070257804e+00 -4.770071905696275927e-01 0.000000000000000000e+00 9.000000000000034639e-01 1.877547159590726988e-01 1.106971484240541940e+03 1.720942411200473725e+04
1.019035670111713365e+00 -1.589015528597921556e-02 0.000000000000000000e+00 9.953199720145876617e-01 2.409120939441695142e-01 0.000000000000000000e+00 2.600000000000004974e+00 7.072552164335425828e-02 5.523447859776973019e+03 3.021103601656172395e+04
9.061626491532345229e-01 -3.135663819221831683e-02 0.000000000000000000e+00 -1.242816147897597201e+00 7.377985715083552887e-02 0.000000000000000000e+00 1.700000000000004619e+00 6.379037508653125077e-02 8.017058237152468791e+03 5.839936280054020244e+03
1.112204063852857860e+00 -7.471976958093920484e-02 0.000000000000000000e+00 3.465095818561394481e-01 2.081703958777429975e-01 0.000000000000000000e+00 3.000000000000005329e+00 5.950370808943673123e-02 4.915291406484985055e+04 4.000379236495937221e+05
8.995285050323189591e-01 -6.184301554465693879e-02 0.000000000000000000e+00 -1.572182508320175698e+00 -5.733532397816798465e-01 0.000000000000000000e+00 4.000000000000030198e-01 5.534909298047586274e-02 5.020053571232333525e+03 2.151499841383722014e+04
9.831097330350051511e-01 -2.438390698812588700e-02 0.000000000000000000e+00 -1.153176883949156295e+00 3.163630928673110687e-01 0.000000000000000000e+00 2.500000000000005329e+00 1.658274142686405050e-01 7.767196985487715210e+03 1.462704464668630389e+05
1.022448136390364581e+00 -5.758182660234409389e-02 0.000000000000000000e+00 1.317109560165352411e+00 -1.637792053281601490e+00 0.000000000000000000e+00 -1.099999999999998312e+00 6.501699096956171930e-02 1.753061934289937653e+03 2.420220691751660779e+05
1.068025107633239656e+00 -4.628941764845377616e-02 0.000000000000000000e+00 3.620678637550073797e-01 3.187375898593932666e-01 0.000000000000000000e+00 3.000000000000005329e+00 4.021188779672743574e-02 3.169463904874078435e+04 2.590640626664506271e+05
9.957661663848693667e-01 -2.175090495377375588e-02 0.000000000000000000e+00 1.469642464630779743e+00 -1.881957307658747247e+00 0.000000000000000000e+00 -1.699999999999998845e+00 2.010377740548634218e-01 5.468851743743081215e+02 3.614112959343043622e+05
1.021626428891015292e+00 -5.007637951821967276e-02 0.000000000000000000e+00 5.678695931354871274e-01 3.673896173090013262e-01 0.000000000000000000e+00 2.900000000000005684e+00 1.115814100300633327e-01 2.147620556473563556e+04 2.634168961357069202e+05
9.672255082405754045e-01 -1.050844072979146941e-02 0.000000000000000000e+00 -1.329921279217188834e+00 1.843828417475687764e-01 0.000000000000000000e+00 2.200000000000004619e+00 5.827737759165627085e-02 1.930622556118477860e+03 1.211292495881983996e+03
1.065274544528125755e+00 -3.286498816224031616e-02 0.000000000000000000e+00 6.368384619286077131e-01 2.282795079165892693e-01 0.000000000000000000e+00 2.800000000000005151e+00 4.704307099584959656e-02 1.926411165145873019e+04 1.967995458057190990e+05
1.053312606646138239e+00 -6.546312223279578124e-02 0.000000000000000000e+00 3.272594597890360335e-01 3.463584352716370662e-01 0.000000000000000000e+00 3.000000000000005329e+00 6.892368320346965727e-02 7.213764206837143320e+03 1.215893751223793661e+05
9.847219213159125184e-01 -2.975677516252520430e-02 0.000000000000000000e+00 8.923953752583454468e-01 4.091332332033432162e-01 0.000000000000000000e+00 2.800000000000005151e+00 1.884167542900303804e-01 2.907906915759670028e+03 7.950834524950663035e+04
9.626718184989145888e-01 -2.431378934940564909e-02 0.000000000000000000e+00 -1.623440850517196887e+00 -5.587118904784303952e-01 0.000000000000000000e+00 7.000000000000032863e-01 1.519327082683475383e-01 2.751229530556531245e+03 9.133177951693729483e+03
1.004206759864870513e+00 -4.750497729546749454e-02 0.000000000000000000e+00 7.147903231259188361e-01 3.538673276313725191e-01 0.000000000000000000e+00 2.800000000000005151e+00 1.858435290665252093e-01 1.736473907583816253e+04 2.474884694270775944e+05
9.045816647262368004e-01 -3.196352125369381764e-02 0.000000000000000000e+00 -1.467968753825286132e+00 -3.010985243323500704e-01 0.000000000000000000e+00 1.000000000000003553e+00 7.043367693755621384e-02 3.415420014856538842e+02 3.690342454144881049e+04
1.066912886832150908e+00 -5.134437387480468573e-02 0.000000000000000000e+00 3.542714221211104020e-01 3.194926287229057360e-01 0.000000000000000000e+00 3.000000000000005329e+00 4.834499804221931152e-02 1.438559571406380928e+04 1.257715911924119282e+05
9.845473127537416325e-01 -1.430327687630560986e-02 0.000000000000000000e+00 -1.320036838983923655e+00 4.056106318526750409e-01 0.000000000000000000e+00 2.700000000000004619e+00 4.144075630842290053e-02 2.513678548641650650e+03 8.553091152274368505e+04
9.517707076231892716e-01 -3.248547653517292605e-02 0.000000000000000000e+00 -1.607097023515479561e+00 -6.878920187227580696e-01 0.000000000000000000e+00 4.000000000000030198e-01 1.061181182234682552e-01 2.752181198831656275e+03 2.869278338677236752e+04
1.130541864966920995e+00 -5.193577917808805955e-02 0.000000000000000000e+00 3.698262868196173780e-01 1.768802697435879756e-01 0.000000000000000000e+00 3.000000000000005329e+00 4.046189013773155568e-02 1.224993442748442067e+04 3.897737025415148819e+05
9.815518943118101136e-01 -7.244548694430468817e-03 0.000000000000000000e+00 -1.700168005452749931e+00 3.044366242101131936e-01 0.000000000000000000e+00 2.500000000000005329e+00 8.990119291163671533e-02 1.069619046853108102e+03 1.107459657070799585e+05
9.558942334639423111e-01 -3.426781123912318872e-02 0.000000000000000000e+00 -1.251611748576581862e+00 8.158007858836748005e-02 0.000000000000000000e+00 1.900000000000003908e+00 1.119528548372393795e-01 1.103462287830348396e+04 4.911670494731430517e+04
9.823504425000438856e-01 -1.361060634599043501e-02 0.000000000000000000e+00 -1.370261179239623317e+00 3.598028053177904639e-01 0.000000000000000000e+00 2.600000000000004974e+00 9.510355215033884646e-02 3.825592710694055313e+03 9.733550013231452613e+04
9.480644223676480964e-01 -3.338363088890731328e-02 0.000000000000000000e+00 -1.607732638516888635e+00 -7.344107070904571932e-01 0.000000000000000000e+00 3.000000000000029310e-01 9.445464842390245697e-02 1.942511176342994304e+03 5.190237504006976087e+04
1.097396258034107230e+00 -2.731307828477931576e-02 0.000000000000000000e+00 8.366349061992434111e-01 2.016078855434291078e-02 0.000000000000000000e+00 2.500000000000005329e+00 3.295284195419066059e-02 1.105593985834959494e+04 7.263339553725099540e+04
9.399386752726182070e-01 -2.766131855448989915e-02 0.000000000000000000e+00 -1.000153786879594442e+00 3.121647384068320652e-01 0.000000000000000000e+00 2.300000000000004263e+00 2.289229012232566265e-02 3.085382641601546311e+03 1.289075852331422539e+03
9.628238696638504734e-01 -2.683668620648728062e-02 0.000000000000000000e+00 -1.447353355297121613e+00 -1.442712922598152481e-01 0.000000000000000000e+00 1.500000000000003553e+00 1.542650903233890869e-01 9.351822451350562915e+02 3.483128133320333291e+02
9.972540210819809126e-01 -1.928215765998292364e-02 0.000000000000000000e+00 1.237249049807628509e+00 2.318925566605790078e-01 0.000000000000000000e+00 2.500000000000005329e+00 2.549988240531300687e-01 6.074647399508784474e+03 7.527608909934549592e+04
9.466394339178317852e-01 -5.089017417757185635e-02 0.000000000000000000e+00 -1.582631955457031836e+00 -1.234023821476777583e+00 0.000000000000000000e+00 -6.999999999999979572e-01 1.439577811564430321e-01 2.259169810660875100e+03 1.376429843475242669e+05
1.086279539991082732e+00 -4.800754579961293705e-02 0.000000000000000000e+00 3.528386677123316884e-01 2.768653067381321997e-01 0.000000000000000000e+00 3.000000000000005329e+00 4.374784795290899420e-02 3.614118123163928249e+04 8.406227276776100916e+04
9.844884478032767117e-01 -1.254355939486414412e-02 0.000000000000000000e+00 -1.679327639588756638e+00 5.250432482530439232e-02 0.000000000000000000e+00 2.000000000000004441e+00 3.800537511971027738e-01 3.053406231649307301e+03 2.759402308371273102e+04
1.023994701334890678e+00 -4.626376794253928698e-02 0.000000000000000000e+00 1.444298788932242728e+00 -1.335479750836898294e+00 0.000000000000000000e+00 -4.999999999999977796e-01 7.468297131216528051e-02 1.633404325589266591e+03 1.017170749692917889e+05
9.424254889422031267e-01 -2.517893184280207974e-02 0.000000000000000000e+00 -1.531449460549725083e+00 -4.246908895450743349e-01 0.000000000000000000e+00 9.000000000000034639e-01 9.952788824242164711e-02 9.845348163276403284e+02 2.650927271783546166e+04
1.004602430118017864e+00 -2.681031747434225315e-02 0.000000000000000000e+00 1.528946334910841420e+00 -1.543830998079601891e+00 0.000000000000000000e+00 -9.999999999999982236e-01 1.421154411100562232e-01 4.094627008166831388e+02 2.256585549948263506e+05
1.048564652726224233e+00 -2.453052030439992898e-02 0.000000000000000000e+00 1.064274326148194172e+00 -2.498346694425464601e-02 0.000000000000000000e+00 2.200000000000004619e+00 5.601914014946739878e-02 6.074264498132940389e+03 2.298256202593539274e+04
9.986114986293440632e-01 -1.657204863129538644e-02 0.000000000000000000e+00 1.110755217363835312e+00 3.846270076571247643e-01 0.000000000000000000e+00 2.800000000000005151e+00 1.204977370420190486e-01 5.483505677021194970e+03 2.462759170455156418e+05
9.845084091417507510e-01 -7.164959041871647033e-03 0.000000000000000000e+00 -2.181130640043432489e+00 -4.100324881530655885e-01 0.000000000000000000e+00 1.100000000000003197e+00 5.396025298790894098e-01 4.859884884286000784e+02 1.740485635274475499e+03
1.037561176151722053e+00 -5.924408722314980502e-02 0.000000000000000000e+00 3.543307882358198713e-01 3.845218469212680623e-01 0.000000000000000000e+00 3.000000000000005329e+00 4.362393968154252427e-02 5.345269059846874370e+03 3.733440811236947193e+05
1.079288520621975556e+00 -1.448252057371938670e-02 0.000000000000000000e+00 7.902484179277659004e-01 1.144103309922289841e-01 0.000000000000000000e+00 2.600000000000004974e+00 2.738268648498034738e-02 8.289115131856868175e+03 1.291478802091042744e+05
1.081241466661504891e+00 -2.855279437550587579e-02 0.000000000000000000e+00 3.711378986197536589e-01 2.954979201706919856e-01 0.000000000000000000e+00 3.000000000000005329e+00 1.582891194761110176e-02 2.841835218995439573e+04 3.248021210136244190e+05
9.678286391202264305e-01 -2.223540133999377458e-02 0.000000000000000000e+00 -1.235417724329838096e+00 1.966084836277724734e-01 0.000000000000000000e+00 2.200000000000004619e+00 1.109746858207370651e-01 7.147565847543807649e+03 5.055792994222242851e+04
1.000392747699820228e+00 -3.267631802317864931e-02 0.000000000000000000e+00 8.420790127765689359e-01 3.704850598128634487e-01 0.000000000000000000e+00 2.800000000000005151e+00 1.743025127842339483e-01 1.169421273045511225e+04 1.376109713170444593e+05
1.141761590158380635e+00 -3.837459793879886838e-02 0.000000000000000000e+00 3.802346281139183382e-01 1.579283381487294191e-01 0.000000000000000000e+00 3.000000000000005329e+00 3.163874963788650130e-02 1.395495900269485719e+04 8.880046596577916353e+04
9.430925308185396094e-01 -3.251783021058661516e-02 0.000000000000000000e+00 -1.119665914212444324e+00 2.077507441964036583e-01 0.000000000000000000e+00 2.100000000000004974e+00 6.292815820405049665e-02 1.183084035979508371e+04 6.955393022437678883e+04
1.020591193629822424e+00 -5.671030388958958612e-02 0.000000000000000000e+00 1.378149895634477096e+00 -1.492250523005423046e+00 0.000000000000000000e+00 -7.999999999999980460e-01 6.900916746787802425e-02 3.749033161377131364e+03 1.338842801189243910e+05
1.047093571636492193e+00 -4.971169173837962363e-02 0.000000000000000000e+00 9.880479614289644497e-01 1.916031494317890771e-03 0.000000000000000000e+00 2.300000000000004263e+00 7.810090144834831716e-02 1.713011625371845003e+04 1.189159237300919049e+05
9.789930207969697040e-01 -9.497394463670150166e-03 0.000000000000000000e+00 -1.871350943865146332e+00 -3.480561862428129261e-01 0.000000000000000000e+00 1.200000000000003730e+00 3.090143662482925935e-01 5.954180876751729556e+02 6.322864572315274927e+03
9.666923660013104769e-01 -2.115711841203193888e-02 0.000000000000000000e+00 -1.655733867773123924e+00 -5.688585283031779571e-01 0.000000000000000000e+00 7.000000000000032863e-01 1.726086343817800905e-01 2.242199330159216515e+03 1.162261875462789612e+04
1.039309961565509921e+00 -4.318046739859070227e-02 0.000000000000000000e+00 1.142463753394130643e+00 -1.263933500971134993e-01 0.000000000000000000e+00 2.000000000000004441e+00 8.113412819051667169e-02 1.210102654622144473e+04 6.527162600142549491e+04
1.027477436160851632e+00 -4.558674373321316281e-02 0.000000000000000000e+00 1.466854655105022553e+00 -1.143243753039579147e+00 0.000000000000000000e+00 -9.999999999999742428e-02 7.331392513555931578e-02 8.503753394342550109e+02 1.129101548993715114e+05
1.060916170567540284e+00 -1.957815954863562427e-02 0.000000000000000000e+00 8.819921104580874527e-01 1.006731685319436215e-01 0.000000000000000000e+00 2.500000000000005329e+00 3.940248070761200733e-02 7.745376658344864154e+03 5.780239676635291835e+04
1.045252137182280716e+00 -7.900797345825119611e-02 0.000000000000000000e+00 1.290550958792977765e+00 -1.531456429611476100e+00 0.000000000000000000e+00 -7.999999999999980460e-01 4.175633527531930761e-02 1.808136063699012766e+03 2.951875244187622447e+05
9.820676524659902595e-01 -5.391645516418616668e-03 0.000000000000000000e+00 -1.887573854710569599e+00 2.501774543049968269e-01 0.000000000000000000e+00 2.400000000000004796e+00 1.182243709824404854e-01 1.712328324006494995e+02 8.107554229649907938e+03
9.948340171983126590e-01 -2.028455608959390047e-02 0.000000000000000000e+00 1.408349921508148306e+00 3.148873228212709097e-02 0.000000000000000000e+00 2.100000000000004974e+00 3.152000699230425029e-01 5.985799601098105086e+03 1.896608197727581864e+04
1.021411283848921103e+00 -3.021917994570802804e-02 0.000000000000000000e+00 1.521966055269009299e+00 -8.225744017041799472e-01 0.000000000000000000e+00 5.000000000000031086e-01 9.604032768523741714e-02 1.698033106964599938e+03 3.522238173352937883e+04
9.085489626871217084e-01 -3.697844057662356965e-02 0.000000000000000000e+00 -1.469266054018828926e+00 -2.999259989154560713e-01 0.000000000000000000e+00 1.000000000000003553e+00 7.447841920583742059e-02 2.585720226167556575e+03 2.894911815437973564e+04
1.107479945921395537e+00 -4.592183166763032925e-02 0.000000000000000000e+00 6.037834899938957500e-01 1.297111622617469762e-01 0.000000000000000000e+00 2.800000000000005151e+00 4.124594479577021328e-02 2.137108137728117435e+04 1.262232264201691432e+05
9.877410666780354065e-01 -6.211247895832916130e-03 0.000000000000000000e+00 -2.431775764680933705e+00 -9.218677475500591800e-01 0.000000000000000000e+00 1.000000000000027534e-01 8.652047266010709503e-01 4.115486586561568174e+02 2.141691073586825587e+04
9.895163543084295465e-01 -9.453288931675768447e-03 0.000000000000000000e+00 1.629161954564239068e+00 3.591320948504247990e-01 0.000000000000000000e+00 2.700000000000004619e+00 2.545830626517155970e-01 1.946936544669074237e+03 1.577669163388979214e+05
9.503024272338770340e-01 -1.831292339117107301e-02 0.000000000000000000e+00 -1.185815926105395990e+00 1.771075028514594585e-01 0.000000000000000000e+00 2.100000000000004974e+00 5.357075137067199982e-02 5.260874602824869726e+03 1.652109472125629691e+04
1.057340445524933781e+00 -2.529264139516948853e-02 0.000000000000000000e+00 7.440502866392023629e-01 2.010444870128077766e-01 0.000000000000000000e+00 2.700000000000004619e+00 4.440354423497493846e-02 1.325878354951239089e+04 1.132572349051886849e+05
1.042656878032425016e+00 -1.571576722573867976e-02 0.000000000000000000e+00 8.660242123701928918e-01 1.908675985471544601e-01 0.000000000000000000e+00 2.600000000000004974e+00 3.971541133654462458e-02 6.820135927589923085e+03 2.143060415063161781e+04
9.991832988576251351e-01 -1.618636450738734564e-02 0.000000000000000000e+00 1.405546487184117455e+00 7.868431068081004065e-02 0.000000000000000000e+00 2.200000000000004619e+00 2.455321755598249556e-01 4.289649981575949823e+03 2.128117986732036297e+04
1.064600817297863600e+00 -5.176942770961772550e-02 0.000000000000000000e+00 5.082331165092641712e-01 2.701802252121559000e-01 0.000000000000000000e+00 2.900000000000005684e+00 6.684576177816790865e-02 1.861150834740485516e+04 1.976433556767640112e+05
1.010565393988602123e+00 -4.098058567819573561e-02 0.000000000000000000e+00 7.444570084840325119e-01 3.429465266788380151e-01 0.000000000000000000e+00 2.800000000000005151e+00 1.531988021723167948e-01 1.620585840932081919e+04 2.637162520856763003e+05
9.857414491448284188e-01 -6.036623187848703942e-02 0.000000000000000000e+00 6.326011389369153859e-01 3.920723499882016183e-01 0.000000000000000000e+00 2.800000000000005151e+00 2.444692173370204280e-01 2.995091561878020457e+03 3.717507801882353378e+05
1.009810516497045896e+00 -2.274131444480228040e-02 0.000000000000000000e+00 1.600083336661651590e+00 -7.492717025093796890e-01 0.000000000000000000e+00 6.000000000000031974e-01 1.414669294406518951e-01 1.864884877867778641e+03 2.391617359532312184e+04
9.949561382358974582e-01 -8.775986597952216764e-03 0.000000000000000000e+00 1.632474235862740874e+00 1.966505713281218592e-01 0.000000000000000000e+00 2.400000000000004796e+00 2.555102132251875213e-01 1.559218013666518345e+03 1.279852193250075652e+04
1.038649713541686781e+00 -6.054135556831349158e-02 0.000000000000000000e+00 1.381367301582914209e+00 -1.363393561551310418e+00 0.000000000000000000e+00 -4.999999999999977796e-01 5.310292759668044926e-02 1.349631828105059640e+03 1.690881260494666058e+05
9.837927205182394053e-01 -8.699758247921627816e-03 0.000000000000000000e+00 -2.090678230709118068e+00 -5.587919041190899661e-01 0.000000000000000000e+00 8.000000000000033751e-01 4.944951890384116089e-01 7.841229504307221987e+02 6.616332975445082411e+03
1.031170118478172526e+00 -7.209764243651177462e-02 0.000000000000000000e+00 1.215956022321296848e+00 -1.751580474877062699e+00 0.000000000000000000e+00 -1.299999999999998490e+00 4.990498848005384125e-02 8.206799362729342420e+02 3.332031357876589755e+05
1.086038028995124805e+00 -7.133815340161521468e-02 0.000000000000000000e+00 4.846411941934419265e-01 2.125697751147143932e-01 0.000000000000000000e+00 2.900000000000005684e+00 6.831553167207858601e-02 3.923876985998417513e+04 2.964788052033710410e+05
1.049786055765936865e+00 -3.721524660336454626e-02 0.000000000000000000e+00 8.873426563435176107e-01 1.081568821937732017e-01 0.000000000000000000e+00 2.500000000000005329e+00 6.862266349888689054e-02 1.271473578347951297e+04 9.756288611394897089e+03
1.050966548726731009e+00 -4.756211944395257601e-02 0.000000000000000000e+00 3.786473449088849086e-01 3.570026928642913711e-01 0.000000000000000000e+00 3.000000000000005329e+00 3.679809696642424161e-02 2.807937290799773837e+04 2.974288791622915887e+05
9.454698856773207094e-01 -3.556070566883694911e-02 0.000000000000000000e+00 -1.373232266068734608e+00 -1.019014582497353993e-01 0.000000000000000000e+00 1.500000000000003553e+00 1.108686632279261564e-01 8.872872368001149880e+03 1.094009765098101707e+04
1.048959535677364663e+00 -3.528190454747513055e-02 0.000000000000000000e+00 1.095189003175357501e+00 -8.599118562776318642e-02 0.000000000000000000e+00 2.100000000000004974e+00 6.487762592883875024e-02 9.290455083516417290e+03 4.229314866488882399e+04
9.853004139379646364e-01 -1.445649704393448150e-02 0.000000000000000000e+00 -1.751442928255995124e+00 -1.986258847857066412e-01 0.000000000000000000e+00 1.500000000000003553e+00 4.343661934255006463e-01 3.584013845444494564e+03 9.705784795969628249e+03
9.954846914260019330e-01 -1.637375427817153173e-02 0.000000000000000000e+00 1.159104533773180234e+00 3.915311203131387474e-01 0.000000000000000000e+00 2.800000000000005151e+00 1.410591505521964217e-01 5.134759189178150336e+03 2.143236215752888529e+05
1.107588589430478887e+00 -5.840066364256758791e-02 0.000000000000000000e+00 3.520702929217737198e-01 2.250616724231739862e-01 0.000000000000000000e+00 3.000000000000005329e+00 5.019016485057056776e-02 4.126775072836316554e+02 2.070209692573555512e+05
9.774486861757951672e-01 -1.876353671347806562e-02 0.000000000000000000e+00 1.112967774261424347e+00 3.819727717377022214e-01 0.000000000000000000e+00 2.700000000000004619e+00 2.286400299949503390e-01 2.487953646218615177e+03 2.182370496329170419e+05
1.078043274326845768e+00 -8.121085320866815171e-02 0.000000000000000000e+00 4.749439712260327129e-01 2.250901208225776773e-01 0.000000000000000000e+00 2.900000000000005684e+00 8.009515566217212390e-02 4.174853866798178933e+04 3.092427636248987983e+05
1.001433190603812529e+00 -2.665952447311212628e-02 0.000000000000000000e+00 1.156272000913196374e+00 1.653581830118620033e-01 0.000000000000000000e+00 2.400000000000004796e+00 2.252919141236991440e-01 1.095854404158395255e+03 1.669433656272612643e+04
9.508550579231754840e-01 -2.590377630015989682e-02 0.000000000000000000e+00 -1.301082037316765527e+00 3.040062835786398743e-02 0.000000000000000000e+00 1.800000000000004263e+00 9.850926930440954965e-02 6.785831023840632952e+03 1.154284026891697795e+04
9.712579406401008475e-01 -2.283630088219576124e-02 0.000000000000000000e+00 -1.675191909662348211e+00 -1.344244657139697985e+00 0.000000000000000000e+00 -7.999999999999980460e-01 2.139607004051446992e-01 2.774858087344916271e+02 2.491728841254487925e+05
9.935897748376198990e-01 -3.624276736095630169e-02 0.000000000000000000e+00 7.225046802803157808e-01 4.380884980209117097e-01 0.000000000000000000e+00 2.900000000000005684e+00 6.713816527244195753e-02 1.054440668010675836e+04 8.414430788705823943e+04
9.979521088489824443e-01 -1.497775666782296018e-02 0.000000000000000000e+00 1.781108838272008610e+00 -7.242930328221375280e-01 0.000000000000000000e+00 6.000000000000031974e-01 2.596574440449092580e-01 1.578734637209098764e+03 2.128777049305330729e+04
9.812200297238211633e-01 -2.040336355838883245e-02 0.000000000000000000e+00 -1.269933865246378524e+00 2.677298367481999453e-01 0.000000000000000000e+00 2.400000000000004796e+00 1.885740135818474994e-01 6.435838296789660490e+03 4.206679426283687644e+04
9.692703244355028724e-01 -1.072668301452276568e-02 0.000000000000000000e+00 -1.598017583368839922e+00 -1.779262102053976724e-01 0.000000000000000000e+00 1.500000000000003553e+00 1.587520717541037463e-01 3.970491366275515475e+02 1.938627175919200454e+03
1.029325850744935655e+00 -5.708732074564419612e-02 0.000000000000000000e+00 1.379028768419027218e+00 -1.449002495898159770e+00 0.000000000000000000e+00 -6.999999999999979572e-01 6.116400984080218317e-02 1.869960135268818249e+03 2.472335097600492882e+05
9.768001840734020780e-01 -1.838912385009134481e-02 0.000000000000000000e+00 -1.721310535323004709e+00 -1.456616603950562361e+00 0.000000000000000000e+00 -9.999999999999982236e-01 9.439093062550618640e-01 2.353199251552562430e+02 2.637474239539516857e+05
9.868776831614878287e-01 -6.135711625859858152e-03 0.000000000000000000e+00 -2.411896337396794987e+00 -6.679313144157332793e-01 0.000000000000000000e+00 6.000000000000031974e-01 7.860573136088380153e-01 3.399098592609575462e+02 1.389099369056052092e+04
9.287664077221107206e-01 -1.255849563437443951e-02 0.000000000000000000e+00 -1.103527095025332194e+00 2.165171808623675975e-01 0.000000000000000000e+00 2.100000000000004974e+00 2.498334530586816815e-02 3.870111557589121730e+03 2.921244860620360123e+04
9.537653991917640628e-01 -2.962884325371609173e-02 0.000000000000000000e+00 -1.595082705786162514e+00 -5.905916172455641933e-01 0.000000000000000000e+00 6.000000000000031974e-01 1.183457026100728643e-01 2.900848785629573285e+03 1.463476383087121212e+04
9.094652571220243065e-01 -2.546857932094614280e-02 0.000000000000000000e+00 -1.103189386222219293e+00 2.202623600799016035e-01 0.000000000000000000e+00 2.000000000000004441e+00 4.067995351655193104e-02 9.556072577330840431e+03 2.605248866163435014e+04
9.939556300853240600e-01 -1.879278401025191031e-02 0.000000000000000000e+00 1.752673449924429860e+00 -1.228665083157953974e+00 0.000000000000000000e+00 -3.999999999999976907e-01 2.626983113309694362e-01 2.444131570332616320e+03 2.262871362029825686e+05
1.074279272954443476e+00 -3.317728737664484701e-02 0.000000000000000000e+00 5.182236504701231983e-01 2.584337828302816220e-01 0.000000000000000000e+00 2.900000000000005684e+00 3.843982246374059997e-02 2.372940598935477465e+04 2.394887951123236853e+05
9.796770994447574488e-01 -1.009205495981532752e-02 0.000000000000000000e+00 -1.491984718969086021e+00 3.115190946141404016e-01 0.000000000000000000e+00 2.500000000000005329e+00 8.507338219451870964e-02 2.332291649744190636e+03 7.418376777509909880e+04
1.025747384032568599e+00 -7.127558279491746918e-02 0.000000000000000000e+00 1.382175634989924573e+00 -1.321722384639498316e+00 0.000000000000000000e+00 -3.999999999999976907e-01 5.816161111711514592e-02 8.261640685691822910e+02 1.967143254252932093e+05
9.867461665820431715e-01 -3.159488886864401935e-02 0.000000000000000000e+00 8.704504975916954601e-01 4.031756012531518829e-01 0.000000000000000000e+00 2.800000000000005151e+00 2.010329970375821507e-01 8.427042574714303555e+03 1.061192010345192248e+05
9.870128658796962773e-01 -9.562593597034811654e-03 0.000000000000000000e+00 -2.099619021524522733e+00 -6.121582180779326920e-01 0.000000000000000000e+00 7.000000000000032863e-01 6.264791609147706275e-01 1.609317803892181473e+03 7.892373245416851205e+03
1.006737181411725857e+00 -2.097691266270656704e-02 0.000000000000000000e+00 1.308991334576304455e+00 8.524190777017359374e-03 0.000000000000000000e+00 2.100000000000004974e+00 1.762832817530437246e-01 5.680640270917913767e+03 2.600111284910594986e+04
1.067844291252797451e+00 -2.599188833848575103e-02 0.000000000000000000e+00 9.260883366963873486e-01 3.274092208650410812e-02 0.000000000000000000e+00 2.400000000000004796e+00 4.306882545356969377e-02 8.758052056239343074e+03 1.044877210242789879e+05
1.045101875482577602e+00 -5.928658648918561785e-02 0.000000000000000000e+00 3.488333139388694604e-01 3.670130568955331518e-01 0.000000000000000000e+00 3.000000000000005329e+00 5.386602740512175941e-02 1.898543427781802848e+03 3.740807315234414418e+05
9.255710526033935626e-01 -2.023548914555033801e-02 0.000000000000000000e+00 -1.413303842387803710e+00 -1.928456528261718039e-01 0.000000000000000000e+00 1.300000000000004263e+00 7.858766826408924988e-02 6.377248240592606976e+01 9.623438776746896110e+03
1.027335064940267495e+00 -5.434723915656832632e-02 0.000000000000000000e+00 1.414237070374830152e+00 -1.348372975498554505e+00 0.000000000000000000e+00 -4.999999999999977796e-01 6.579860161954197151e-02 2.843884841562035490e+03 1.664324572517116321e+05
1.131194712326361262e+00 -5.502507758976282054e-02 0.000000000000000000e+00 1.221742418948523534e+00 -1.635311487579268697e+00 0.000000000000000000e+00 -9.999999999999982236e-01 1.685817620773016542e-02 8.847629627042703078e+02 2.382197711453302181e+05
1.049268205485819117e+00 -4.973589966374945825e-02 0.000000000000000000e+00 1.186464376336644921e+00 -2.501241327648626167e-01 0.000000000000000000e+00 1.800000000000004263e+00 6.685161206658196686e-02 1.201807267805425363e+04 4.232280168952314125e+04
1.002970823334151884e+00 -2.967729862328470636e-02 0.000000000000000000e+00 1.428351708301094147e+00 -1.744039601156690544e+00 0.000000000000000000e+00 -1.399999999999998579e+00 1.367214876104843324e-01 5.162577435523932081e+02 3.477855036746187252e+05
9.823504425000438856e-01 -1.361060634599043501e-02 0.000000000000000000e+00 -1.920491434288072563e+00 -1.057727001107497511e+00 0.000000000000000000e+00 -1.999999999999975131e-01 3.466117327833356243e-01 1.204466681722213792e+02 8.574331719967492973e+04
9.918623940151657381e-01 -1.235046581770421481e-02 0.000000000000000000e+00 1.414000111476874988e+00 3.514528823685161840e-01 0.000000000000000000e+00 2.700000000000004619e+00 2.336853159768078891e-01 3.233337315911550377e+03 9.123155166857430595e+04
9.793298702020784008e-01 -9.800695030349313233e-03 0.000000000000000000e+00 -1.534543845893371561e+00 2.612567590718037347e-01 0.000000000000000000e+00 2.400000000000004796e+00 1.210179000216538014e-01 2.079682498978456351e+03 1.106527146283427646e+04
9.915748223291077634e-01 -2.112744119361276499e-02 0.000000000000000000e+00 -1.223725608854026703e+00 2.946698395421892269e-01 0.000000000000000000e+00 2.500000000000005329e+00 2.827179556619136558e-01 5.403086972873564264e+03 6.958308547949853164e+03
1.009744386566087782e+00 -3.949944908054789372e-02 0.000000000000000000e+00 1.491049508605581941e+00 -1.366721702226377566e+00 0.000000000000000000e+00 -5.999999999999978684e-01 1.050675660539342610e-01 3.370319266869882540e+03 1.121435828234190994e+05
1.090171994230312968e+00 -4.771376992929333288e-02 0.000000000000000000e+00 7.695436017731832612e-01 6.653133007758306461e-02 0.000000000000000000e+00 2.600000000000004974e+00 4.665856006741363887e-02 2.111320964190645100e+04 1.830878129009169934e+05
9.856069970304077721e-01 -2.133584224523568662e-02 0.000000000000000000e+00 1.281718875711099104e+00 2.037090626491191991e-01 0.000000000000000000e+00 2.400000000000004796e+00 4.525050561163670437e-01 6.105951811693628770e+03 1.380291986321233853e+05
9.744235038143591598e-01 -1.208880722998886999e-02 0.000000000000000000e+00 -1.437895573667782534e+00 1.721378206747216921e-01 0.000000000000000000e+00 2.200000000000004619e+00 1.263704901603609210e-01 2.695762796803904166e+03 1.504019736148859374e+04
1.050563265459614870e+00 -3.918791971816772135e-02 0.000000000000000000e+00 6.526961038668313009e-01 2.562466617167760696e-01 0.000000000000000000e+00 2.800000000000005151e+00 6.674144156835672137e-02 2.027642399433832179e+04 5.799017252836730040e+04
9.648597004843579850e-01 -3.283281409361104436e-02 0.000000000000000000e+00 -1.090956583320042750e+00 2.630298884458317499e-01 0.000000000000000000e+00 2.300000000000004263e+00 9.335226099352010587e-02 1.213475103012085856e+04 1.153221947447158745e+05
1.076919158191910419e+00 -4.667943804199716287e-03 0.000000000000000000e+00 6.307044046749992194e-01 2.203315285988279304e-01 0.000000000000000000e+00 2.800000000000005151e+00 9.195549347003681775e-03 4.321224950390419508e+03 2.174490766199294594e+05
1.062850290016687627e+00 -4.506503048239180603e-02 0.000000000000000000e+00 1.230040781612386169e+00 -3.642219651394205671e-01 0.000000000000000000e+00 1.600000000000004086e+00 5.117747117025416709e-02 6.896991869901069549e+03 4.488785645226136694e+03
9.790151336717057839e-01 -1.172357940406737811e-02 0.000000000000000000e+00 -1.921648317820541907e+00 -1.007215765841543931e+00 0.000000000000000000e+00 -9.999999999999742428e-02 2.967332691015241442e-01 6.177277328207282636e+01 3.781558548610794969e+04
9.847243162557783869e-01 -9.076147357763599682e-03 0.000000000000000000e+00 -1.865708878457704056e+00 4.790081086923193149e-02 0.000000000000000000e+00 2.000000000000004441e+00 4.123567001497950857e-01 1.681687470641790014e+03 8.702811549235724669e+03
9.805877783827463556e-01 -1.076592192577535689e-02 0.000000000000000000e+00 -1.928403763288595529e+00 -5.516153308821423185e-01 0.000000000000000000e+00 8.000000000000033751e-01 3.631331553497641473e-01 6.276975753104917430e+02 1.134097928554606915e+04
9.946370880726942421e-01 -6.787603659351782934e-03 0.000000000000000000e+00 1.708969143513389133e+00 2.503940273705184683e-01 0.000000000000000000e+00 2.500000000000005329e+00 2.012606974030706486e-01 7.762231173756123326e+02 1.959176527358651219e+04
9.668725717506359008e-01 -1.888769699838355534e-02 0.000000000000000000e+00 -1.255288682306400228e+00 1.949690193755263812e-01 0.000000000000000000e+00 2.200000000000004619e+00 9.604621467121263190e-02 3.790179284101982944e+02 2.063002838434961450e+04
1.001558152859416850e+00 -3.766425700637965335e-02 0.000000000000000000e+00 6.951371100746237541e-01 4.186285601284728819e-01 0.000000000000000000e+00 2.900000000000005684e+00 9.732555137870456397e-02 1.322485139798622004e+04 2.198045707248382096e+05
1.056799199709519632e+00 -5.386942151263361678e-02 0.000000000000000000e+00 1.388141145218940498e+00 -8.464283695497547555e-01 0.000000000000000000e+00 6.000000000000031974e-01 4.804936109164775759e-02 2.556538329953214998e+03 2.229746366004707306e+04
9.749385264398829909e-01 -1.713341992083804166e-02 0.000000000000000000e+00 -1.763997953575315414e+00 -6.878129733836055859e-01 0.000000000000000000e+00 5.000000000000031086e-01 2.385095385065518214e-01 1.846744705655411281e+03 2.341736212227507713e+04
9.767707162150336409e-01 -9.630626266129954649e-03 0.000000000000000000e+00 -1.542818202732295640e+00 1.645058782190372271e-01 0.000000000000000000e+00 2.200000000000004619e+00 1.374431373306031490e-01 1.662131852844664991e+03 1.773476649926280516e+04
9.825888178645705295e-01 -1.370450489920603011e-02 0.000000000000000000e+00 -1.702420366162955334e+00 -9.397396807253567685e-02 0.000000000000000000e+00 1.700000000000004619e+00 3.580491978049274993e-01 3.204382282686518465e+03 5.532356149108289173e+03
9.962003800495132788e-01 -1.790855348422151425e-02 0.000000000000000000e+00 1.405271332818663899e+00 8.241083954776612375e-02 0.000000000000000000e+00 2.200000000000004619e+00 2.958062043168474542e-01 5.116378692993522236e+03 4.214026668866402179e+04
1.001012834275859298e+00 -2.106576330283342624e-02 0.000000000000000000e+00 1.689666069805092263e+00 -1.037014242686314702e+00 0.000000000000000000e+00 2.664535259100375697e-15 1.925889510917803693e-01 1.950443257876081816e+03 6.413171389308795915e+04
9.810025716953298947e-01 -2.387802230851505253e-02 0.000000000000000000e+00 -1.152018626335353790e+00 3.206635027404831639e-01 0.000000000000000000e+00 2.500000000000005329e+00 1.437118667517278403e-01 7.811140478640178117e+03 1.321502749155896017e+05
9.998460544523450899e-01 -1.778564649585469629e-02 0.000000000000000000e+00 1.238036935045172537e+00 2.280073516158940272e-01 0.000000000000000000e+00 2.500000000000005329e+00 2.160935659813383036e-01 5.502898680957926445e+03 5.910630390309631184e+04
9.859985831113912136e-01 -2.646912179331825307e-02 0.000000000000000000e+00 1.142245711481855830e+00 2.503775797118195090e-01 0.000000000000000000e+00 2.500000000000005329e+00 3.930070696405985609e-01 7.882765279366340110e+03 1.687064653585398628e+05
9.708619192080603089e-01 -2.254326043760870521e-02 0.000000000000000000e+00 -1.343589664555685514e+00 8.982515973124251263e-02 0.000000000000000000e+00 2.000000000000004441e+00 1.604202420728078338e-01 6.700166071549179833e+03 2.632891505920029886e+04
9.729709891538370625e-01 -1.773150017791147795e-02 0.000000000000000000e+00 -1.483783419736571130e+00 -2.125165713367715634e-02 0.000000000000000000e+00 1.800000000000004263e+00 1.922782626048169796e-01 4.266308285057576541e+03 1.129092889085966817e+04
1.005495627288885085e+00 -4.157170744101122695e-02 0.000000000000000000e+00 6.513460503710514216e-01 4.079309328280595337e-01 0.000000000000000000e+00 2.900000000000005684e+00 1.080809003480191349e-01 1.364257447750886604e+04 5.634481147402993520e+04
9.791873133049149303e-01 -1.776008270002604750e-02 0.000000000000000000e+00 -1.573120172551018658e+00 -8.291005164191846133e-02 0.000000000000000000e+00 1.700000000000004619e+00 2.771466175117143771e-01 4.561968395003852493e+03 5.804647049734687243e+03
1.048631011381130795e+00 -6.294111369362395680e-02 0.000000000000000000e+00 3.353372924543844835e-01 3.578998822783294176e-01 0.000000000000000000e+00 3.000000000000005329e+00 6.259476565846297524e-02 4.568621085330974893e+03 3.776308815334752435e+05
9.849267484232381298e-01 -1.090779921217944690e-02 0.000000000000000000e+00 -2.039814617488191484e+00 -1.114752740062440406e+00 0.000000000000000000e+00 -2.999999999999976019e-01 4.609815973110654164e-01 1.107798676144435376e+03 6.574046120716117730e+04
9.862668832385830253e-01 -1.288925222456044177e-02 0.000000000000000000e+00 1.410826503083901118e+00 3.639248256841003393e-01 0.000000000000000000e+00 2.700000000000004619e+00 2.824050457036271222e-01 2.666358147763488432e+03 1.516756178548045573e+05
1.006412111080531080e+00 -5.390978228508480630e-02 0.000000000000000000e+00 6.779536274317085054e-01 3.454649062369622992e-01 0.000000000000000000e+00 2.800000000000005151e+00 1.852084919344240965e-01 1.990822870172730109e+04 2.526588967587510415e+05
9.848831928465981989e-01 -9.129306721430368796e-03 0.000000000000000000e+00 -2.115869518834745833e+00 -7.115177018581764212e-01 0.000000000000000000e+00 5.000000000000031086e-01 5.405667032584948739e-01 9.823000418039124497e+02 2.028476696083097704e+04
9.949611201925878667e-01 -3.080387880449772867e-02 0.000000000000000000e+00 8.791934753613931397e-01 3.839556273525826513e-01 0.000000000000000000e+00 2.800000000000005151e+00 1.910666285971997780e-01 2.430133698581544650e+03 1.245041861004563689e+05
9.875144799163837472e-01 -9.593273625822880749e-03 0.000000000000000000e+00 1.892406362184887447e+00 -4.398036876456625638e-02 0.000000000000000000e+00 1.900000000000003908e+00 6.671516449318469766e-01 1.952519648049575153e+03 2.745521125081980426e+04
1.094776391848462760e+00 -4.986083579982727998e-02 0.000000000000000000e+00 3.520771497043862497e-01 2.570604280926794272e-01 0.000000000000000000e+00 3.000000000000005329e+00 4.513537713294590858e-02 6.637576106750570943e+03 3.942068081054068753e+05
1.080669851009212756e+00 -5.145116936325514617e-02 0.000000000000000000e+00 3.496737256165081686e-01 2.882604043421684858e-01 0.000000000000000000e+00 3.000000000000005329e+00 4.847622743370203630e-02 2.635158163674546449e+04 6.611637089919633581e+04
9.473750333519669331e-01 -3.518390352804556809e-02 0.000000000000000000e+00 -1.574995964045275310e+00 -5.735245659869713242e-01 0.000000000000000000e+00 6.000000000000031974e-01 1.046536129938946263e-01 3.932709591530644502e+03 1.007191864971582254e+04
1.000713304918432023e+00 -2.320694650642159476e-02 0.000000000000000000e+00 1.031027708710234192e+00 3.238762915586707591e-01 0.000000000000000000e+00 2.700000000000004619e+00 1.861591501227801426e-01 4.341562261414064778e+03 1.188797948819938611e+05
1.022564886013685115e+00 -2.615993147688326290e-02 0.000000000000000000e+00 1.524156298986966585e+00 -7.688461859173322255e-01 0.000000000000000000e+00 6.000000000000031974e-01 9.386932875332484882e-02 5.322639899003389701e+02 6.832282542048688629e+04
1.080191240151255228e+00 -4.503808355876875308e-02 0.000000000000000000e+00 6.140239154723234893e-01 1.883962651735894001e-01 0.000000000000000000e+00 2.800000000000005151e+00 5.191999971103064548e-02 2.534575834447425950e+04 2.567282012342233211e+05
1.053144108933876888e+00 -3.471776769436309834e-02 0.000000000000000000e+00 1.088059083618915457e+00 -9.314282750717914339e-02 0.000000000000000000e+00 2.100000000000004974e+00 5.995297806583119171e-02 8.837899038334160650e+03 3.533992653038641583e+04
9.800342854796614267e-01 -1.037111927487470962e-02 0.000000000000000000e+00 1.405970957454187431e+00 3.824802379124213614e-01 0.000000000000000000e+00 2.700000000000004619e+00 1.023569459515949881e-01 3.255292302073011683e+02 8.143240337029195507e+04
9.874553788906652585e-01 -1.128570556757835242e-02 0.000000000000000000e+00 1.861186313365312817e+00 -1.986928193248871655e-01 0.000000000000000000e+00 1.600000000000004086e+00 6.266495726111842579e-01 2.588163291837019187e+03 2.187554922470032761e+04
1.100289921712412911e+00 -6.491751674241762193e-02 0.000000000000000000e+00 3.434207973356434018e-01 2.388950163501223911e-01 0.000000000000000000e+00 3.000000000000005329e+00 5.777900589423157901e-02 7.103642568848594237e+03 2.593990948687762721e+05
1.076396764328659605e+00 -9.495533233898310888e-02 0.000000000000000000e+00 2.874280829591071562e-01 2.834091215914358308e-01 0.000000000000000000e+00 3.000000000000005329e+00 9.652266340114938614e-02 4.815575454202260153e+04 4.019282516404506168e+05
1.017297891207679106e+00 -6.037818157881851000e-02 0.000000000000000000e+00 1.145750918412992814e+00 -1.924430295376213351e+00 0.000000000000000000e+00 -1.699999999999998845e+00 6.545950364243856290e-02 4.406169024058744412e+02 3.671001502290561330e+05
9.934492093031944693e-01 -2.245926982126469212e-02 0.000000000000000000e+00 1.202205400986283701e+00 2.371068314784211262e-01 0.000000000000000000e+00 2.500000000000005329e+00 3.092181394428703545e-01 7.144731436623653281e+03 4.286095219948363956e+04
1.056415413054039298e+00 -2.770243336958349081e-02 0.000000000000000000e+00 6.563185454497311166e-01 2.508837207387180634e-01 0.000000000000000000e+00 2.800000000000005151e+00 4.372200382722579021e-02 1.625699704925709193e+04 1.698002831486311334e+05
9.901973447930753069e-01 -1.104581463534284359e-02 0.000000000000000000e+00 1.935690572663820053e+00 -1.567358344348584565e+00 0.000000000000000000e+00 -1.099999999999998312e+00 4.315102428962969139e-01 6.976377149582214088e+02 2.092826856713257439e+05
9.579598691121773424e-01 -3.825696299419650143e-02 0.000000000000000000e+00 -1.562378919798870225e+00 -1.419035261664094660e+00 0.000000000000000000e+00 -9.999999999999982236e-01 1.780399648003944124e-02 2.134684069359740590e+02 2.078975835444771801e+05
9.183388530747826906e-01 -3.390260015560303541e-02 0.000000000000000000e+00 -1.111907218544753384e+00 2.103808521544747734e-01 0.000000000000000000e+00 2.000000000000004441e+00 5.001057376881010846e-02 1.270775913967417910e+04 6.156246042107023823e+04
9.874750715499557296e-01 -2.145009857748759324e-02 0.000000000000000000e+00 1.327569800887379747e+00 1.478076535256762636e-01 0.000000000000000000e+00 2.300000000000004263e+00 4.303818258488749104e-01 5.805952681091071099e+00 1.025021966295045786e+04
1.121708805764374928e+00 -5.138377922090982958e-02 0.000000000000000000e+00 3.638754971056634147e-01 1.965142494769419879e-01 0.000000000000000000e+00 3.000000000000005329e+00 4.186088651509365516e-02 6.409241139332312741e+03 3.922859289407678298e+05
9.814144099855480752e-01 -1.319385782015542775e-02 0.000000000000000000e+00 1.328776826523856425e+00 3.761102157345588282e-01 0.000000000000000000e+00 2.700000000000004619e+00 2.230009232047029666e-01 1.635230422062536491e+03 2.170472390894336568e+05
1.019596475636257882e+00 -5.727308825232203110e-02 0.000000000000000000e+00 1.219944296374450676e+00 -1.826925849223449694e+00 0.000000000000000000e+00 -1.499999999999998668e+00 6.643852710654944704e-02 3.257504629490027241e+02 3.481282991584218689e+05
8.824478827482686860e-01 -4.045988411435080118e-02 0.000000000000000000e+00 -1.462530058902685726e+00 -2.506408317323639556e-01 0.000000000000000000e+00 1.000000000000003553e+00 6.482406243417024316e-02 1.787110691579845707e+03 1.025868493667317307e+04
1.109553801371162551e+00 -5.418625303550362454e-02 0.000000000000000000e+00 7.584452431334619549e-01 2.240261441676453733e-02 0.000000000000000000e+00 2.600000000000004974e+00 4.116010710429145875e-02 2.353434986510407907e+04 1.831721992822050233e+05
1.088342096081099442e+00 -1.056219909919020421e-02 0.000000000000000000e+00 8.471170192195768278e-01 5.187018257766119050e-02 0.000000000000000000e+00 2.500000000000005329e+00 2.434805740936805615e-02 5.045440715511011149e+03 2.191205977266643458e+04
1.124176524145878542e+00 -4.961898458826906333e-02 0.000000000000000000e+00 3.660238840966701934e-01 1.917878205361048249e-01 0.000000000000000000e+00 3.000000000000005329e+00 4.027149208625978999e-02 2.844231003330026397e+03 3.742519208457461209e+05
1.034120888184855147e+00 -3.882631783873143061e-02 0.000000000000000000e+00 1.028990227213600672e+00 3.784335515821699025e-02 0.000000000000000000e+00 2.300000000000004263e+00 9.267745149406947380e-02 1.312488448807890381e+04 1.145830076180145115e+05
1.010590798858144623e+00 -2.196103208370353901e-02 0.000000000000000000e+00 8.104552685763273256e-01 4.061243350337271907e-01 0.000000000000000000e+00 2.900000000000005684e+00 3.858704948886725050e-02 9.286179494292226082e+03 2.514406904625752068e+05
9.972641481757966719e-01 -2.114568102441562181e-02 0.000000000000000000e+00 1.091283443008583598e+00 3.328517804949894798e-01 0.000000000000000000e+00 2.700000000000004619e+00 2.085397432961210440e-01 7.055587939435308726e+03 1.138154524206087226e+05
9.986114986293440632e-01 -1.657204863129538644e-02 0.000000000000000000e+00 1.766469825817378325e+00 -9.280621974830015608e-01 0.000000000000000000e+00 2.000000000000028422e-01 2.371406701365108283e-01 1.416141987722773592e+03 5.407245733442073106e+04
9.926754417208010217e-01 -2.090351764758245634e-02 0.000000000000000000e+00 1.408240148685074633e+00 3.497753252977647137e-02 0.000000000000000000e+00 2.100000000000004974e+00 3.475475876922715091e-01 6.284699891306139762e+03 7.908443822053492477e+04
9.986114986293440632e-01 -1.657204863129538644e-02 0.000000000000000000e+00 1.275947029971232771e+00 2.316770697066172502e-01 0.000000000000000000e+00 2.500000000000005329e+00 2.267823747493584730e-01 4.981699635951674281e+03 1.135595777474471106e+04
1.018960813486653016e+00 -4.978853416037757468e-02 0.000000000000000000e+00 1.349477839100002630e+00 -1.627097469403949059e+00 0.000000000000000000e+00 -1.099999999999998312e+00 7.477044444394194411e-02 1.085594109622517863e+03 2.672489157180372276e+05
9.906559958281203615e-01 -9.179685209832210563e-03 0.000000000000000000e+00 -1.892870061285326200e+00 -1.424068238061432061e-02 0.000000000000000000e+00 1.900000000000003908e+00 7.347514402731336602e-01 1.713929980061221158e+03 1.245818123797887529e+04
9.382570213918803859e-01 -3.737060136439576685e-02 0.000000000000000000e+00 -1.592788184943757068e+00 -7.164341245460177365e-01 0.000000000000000000e+00 3.000000000000029310e-01 7.888914178834806334e-02 1.572014188748500374e+03 4.958365521892513061e+04
1.076173383082953849e+00 -1.241311444319666106e-02 0.000000000000000000e+00 9.193532501098313769e-01 2.814112252016180357e-02 0.000000000000000000e+00 2.400000000000004796e+00 2.843470970857411503e-02 3.779110949194036948e+03 1.310703336021987343e+04
9.809578710615317609e-01 -1.296123961968434317e-02 0.000000000000000000e+00 -1.462446161361917962e+00 2.614880660681915270e-01 0.000000000000000000e+00 2.400000000000004796e+00 1.764506666419962400e-01 3.461213779390013315e+03 5.283226965347595979e+04
1.087902867574422228e+00 -6.252029269219956664e-02 0.000000000000000000e+00 3.388076606555184833e-01 2.678329272760723301e-01 0.000000000000000000e+00 3.000000000000005329e+00 5.998554568211004329e-02 1.229521123107230960e+04 1.851989058343876677e+05
9.872780758135097923e-01 -1.636300139284476915e-02 0.000000000000000000e+00 -1.308678729890024872e+00 3.508921889082936008e-01 0.000000000000000000e+00 2.600000000000004974e+00 1.735442865820706337e-01 4.276259256156100491e+03 3.164491875242748938e+04
9.215581683104977495e-01 -3.983184122970694768e-02 0.000000000000000000e+00 -1.255498991941868203e+00 5.333662599470242321e-02 0.000000000000000000e+00 1.700000000000004619e+00 7.671025605346433462e-02 1.162793167522739168e+04 1.681521717128025557e+02
1.113630811676247223e+00 -3.845521089886275168e-02 0.000000000000000000e+00 3.635875447065486377e-01 2.194315869909506667e-01 0.000000000000000000e+00 3.000000000000005329e+00 3.321035913209861856e-02 3.772218081217729195e+04 1.458260715556366777e+05
1.077882266040078862e+00 -4.587399352759661403e-02 0.000000000000000000e+00 5.058338040918846090e-01 2.438678034706741604e-01 0.000000000000000000e+00 2.900000000000005684e+00 5.238752600924578839e-02 2.901724710771296304e+04 2.771662824228190002e+05
9.529994294745762762e-01 -8.210158437657982811e-02 0.000000000000000000e+00 1.373359582259122691e+00 -1.393184024349578998e+00 0.000000000000000000e+00 -5.999999999999978684e-01 7.444826340516379204e-02 5.105394592628252212e+03 9.670348441802209709e+04
1.026079901875018408e+00 -4.893270292532021781e-02 0.000000000000000000e+00 1.393921940793367620e+00 -1.484721355416348976e+00 0.000000000000000000e+00 -7.999999999999980460e-01 6.861538697067671999e-02 2.856883800374536122e+02 2.925329319619238959e+05
1.050564506549477750e+00 -2.407404145451234878e-02 0.000000000000000000e+00 7.601138768365625076e-01 2.164889863568563722e-01 0.000000000000000000e+00 2.700000000000004619e+00 4.645160493092257564e-02 1.223951938943268033e+04 1.035875978107783303e+05
1.000664374238642962e+00 -2.515063739802583451e-02 0.000000000000000000e+00 9.342776839130989552e-01 3.742919064105433846e-01 0.000000000000000000e+00 2.800000000000005151e+00 1.505693404688630277e-01 9.043742028402886717e+03 1.531393643457185244e+05
9.803136138244570308e-01 -2.188575733699822667e-02 0.000000000000000000e+00 -1.514988201260821565e+00 -7.991024767773510784e-02 0.000000000000000000e+00 1.700000000000004619e+00 2.789832534386798013e-01 6.290221250998963114e+03 2.684368545497060404e+04
1.052566439909152107e+00 -2.355504545280523443e-02 0.000000000000000000e+00 8.963069370838790961e-01 1.144217544865022279e-01 0.000000000000000000e+00 2.500000000000005329e+00 4.952934098612601921e-02 9.099621387195478746e+03 1.009356529603227827e+05
1.059125067208259940e+00 -3.789789961922623851e-02 0.000000000000000000e+00 6.406722579076992163e-01 2.384399313314391755e-01 0.000000000000000000e+00 2.800000000000005151e+00 5.751385797275922196e-02 2.064539254288631855e+04 1.178130302858916111e+05
9.750745829403738574e-01 -1.277490147296851501e-02 0.000000000000000000e+00 -1.745375184998078533e+00 -3.883155719642274462e-01 0.000000000000000000e+00 1.100000000000003197e+00 2.475768545953696831e-01 1.181617767466809937e+03 4.758289176332931675e+03
9.976317572965359703e-01 -2.097815189632147581e-02 0.000000000000000000e+00 1.657026927648938663e+00 -1.433866312039303370e+00 0.000000000000000000e+00 -7.999999999999980460e-01 2.059682274885825948e-01 1.406189444675449522e+03 1.539686004100758582e+05
9.880761222055737258e-01 -1.298407042101277185e-02 0.000000000000000000e+00 1.580786251743477866e+00 1.548584640298182324e-01 0.000000000000000000e+00 2.300000000000004263e+00 5.059596912815831349e-01 3.229992063730539485e+03 7.972540348535811063e+04
9.901973447930753069e-01 -1.104581463534284359e-02 0.000000000000000000e+00 1.761678224709903873e+00 -7.267518324161115261e-05 0.000000000000000000e+00 2.000000000000004441e+00 4.983981015642820478e-01 2.461794096073508172e+03 4.842405586139050138e+04
9.939556300853240600e-01 -1.879278401025191031e-02 0.000000000000000000e+00 1.107622725767000604e+00 3.932607353983120779e-01 0.000000000000000000e+00 2.800000000000005151e+00 1.609867131130774121e-01 5.854001259559403479e+03 1.229772173875761073e+05
1.064012214841800974e+00 -1.342954429896284219e-02 0.000000000000000000e+00 6.503979790249627690e-01 2.433835833121533176e-01 0.000000000000000000e+00 2.800000000000005151e+00 1.859802398428566164e-02 1.146544710250561002e+04 2.103420257905313920e+05
9.983654402605364186e-01 -4.217719520983074372e-02 0.000000000000000000e+00 6.563553999190250288e-01 4.244981696858529663e-01 0.000000000000000000e+00 2.900000000000005684e+00 1.000602389698598410e-01 1.827535436822953443e+02 2.807678959799423465e+05
1.018589339721924336e+00 -3.536215838953778168e-02 0.000000000000000000e+00 1.513039681894625232e+00 -8.269074113340586507e-01 0.000000000000000000e+00 5.000000000000031086e-01 1.011463336606700514e-01 3.973487436432701088e+03 1.830747832202534482e+04
1.069234443133439294e+00 -5.698636159269791085e-02 0.000000000000000000e+00 1.366801297143301008e+00 -8.645426441986220345e-01 0.000000000000000000e+00 6.000000000000031974e-01 4.043446116694351250e-02 5.345961411771883149e+02 3.858867544588132660e+03
1.118757343871720433e+00 -3.263899515523317751e-02 0.000000000000000000e+00 5.029241845281037238e-01 1.616988371044229267e-01 0.000000000000000000e+00 2.900000000000005684e+00 3.144735842210363147e-02 8.771713906762806801e+03 1.090186551683654252e+05
1.083353419230540515e+00 -2.738531263064147153e-02 0.000000000000000000e+00 7.078878875591426700e-01 1.441908797373980256e-01 0.000000000000000000e+00 2.700000000000004619e+00 3.649296334528136926e-02 1.579654663587173854e+04 1.590224005815639393e+05
1.033006916392592123e+00 -2.202475119222632033e-02 0.000000000000000000e+00 7.399580461688725075e-01 3.060136618100800510e-01 0.000000000000000000e+00 2.800000000000005151e+00 4.562382118497755601e-02 1.117178393903689175e+04 1.315700790487760096e+05
9.706876852267087852e-01 -2.450958930049919327e-02 0.000000000000000000e+00 -1.650306678825273154e+00 -1.393225631563183242e+00 0.000000000000000000e+00 -8.999999999999981348e-01 5.343267289253246233e-01 3.499703045934621741e+02 2.097835610761516436e+05
1.090845764870953305e+00 -5.023464248024608197e-02 0.000000000000000000e+00 3.510866006188563260e-01 2.657527740693852447e-01 0.000000000000000000e+00 3.000000000000005329e+00 4.601202997190066007e-02 3.595317143256101190e+03 2.824397942996539059e+05
1.063204988423958941e+00 -1.739718890228616338e-02 0.000000000000000000e+00 8.788458988791094662e-01 9.782031068541119367e-02 0.000000000000000000e+00 2.500000000000005329e+00 3.586592384217823087e-02 1.205303614305374367e+03 1.029326289799083752e+05
9.784875074015829677e-01 -6.314733228914783288e-03 0.000000000000000000e+00 -1.661537300792536920e+00 2.074778525755498759e-01 0.000000000000000000e+00 2.300000000000004263e+00 9.105582092122913029e-02 3.628025619923113254e+02 2.748825582238563584e+03
9.922073942217765063e-01 -8.552879572076624998e-03 0.000000000000000000e+00 1.708590366156903739e+00 2.528080005487676196e-01 0.000000000000000000e+00 2.500000000000005329e+00 3.072273626703712068e-01 1.629360281809456410e+03 2.198874043435689237e+04
1.058469428684466251e+00 -2.710845676188984935e-02 0.000000000000000000e+00 9.405252009808010571e-01 5.046098821625660119e-02 0.000000000000000000e+00 2.400000000000004796e+00 4.999006361818108396e-02 9.220079073356006120e+03 6.112928334233882197e+04
9.972540210819809126e-01 -1.928215765998292364e-02 0.000000000000000000e+00 1.736451779527948824e+00 -1.081339255950084288e+00 0.000000000000000000e+00 -9.999999999999742428e-02 2.319923365419674921e-01 2.161087329741294070e+03 3.884106284715575748e+04
9.536294661875460710e-01 -2.396111471937626899e-02 0.000000000000000000e+00 -1.605492134610872146e+00 -5.993039569824624158e-01 0.000000000000000000e+00 6.000000000000031974e-01 1.155114948972328914e-01 8.060890350029915226e+02 4.619365901108756952e+04
1.021630769886693768e+00 -2.735554559712241249e-02 0.000000000000000000e+00 1.504525968188219487e+00 -6.711180837427818124e-01 0.000000000000000000e+00 8.000000000000033751e-01 9.820825644799363596e-02 1.829692078291590178e+03 1.448094143132246973e+04
1.030786941523874178e+00 -4.003982651595965753e-02 0.000000000000000000e+00 6.940301735660141524e-01 2.988845059237406065e-01 0.000000000000000000e+00 2.800000000000005151e+00 9.631966858239648932e-02 8.217561204225788970e+03 4.404688074684457388e+04
1.055490528849199361e+00 -3.749404318051445528e-02 0.000000000000000000e+00 8.110182392731691836e-01 1.460227099528478567e-01 0.000000000000000000e+00 2.600000000000004974e+00 6.297286592137185668e-02 4.377560515155746543e+03 1.844338995923930270e+04
1.030321243647269736e+00 -5.845736154018213449e-02 0.000000000000000000e+00 7.336876232848180690e-01 2.350057621464345103e-01 0.000000000000000000e+00 2.700000000000004619e+00 1.231665546748849371e-01 2.449704027167510867e+04 2.354517936692659569e+05
9.853092055776705438e-01 -1.100315649066718401e-02 0.000000000000000000e+00 -1.730202905112612655e+00 9.954478525266739763e-02 0.000000000000000000e+00 2.100000000000004974e+00 3.980644998827114756e-01 2.505272494161526083e+03 4.043052825870941160e+04
9.946782670425299289e-01 -2.738875116840620849e-02 0.000000000000000000e+00 1.267638908069822712e+00 7.554800104522577109e-02 0.000000000000000000e+00 2.200000000000004619e+00 2.923571736539483656e-01 8.875977307459928852e+03 9.750134059208886174e+04
9.853004139379646364e-01 -1.445649704393448150e-02 0.000000000000000000e+00 -1.371744347395499330e+00 3.540085005099923854e-01 0.000000000000000000e+00 2.600000000000004974e+00 1.471564014613146176e-01 3.875544836357466920e+03 1.457696601372279983e+05
1.040103156357547798e+00 -3.658841499446984641e-02 0.000000000000000000e+00 8.417631238519551751e-01 1.788745014218267315e-01 0.000000000000000000e+00 2.600000000000004974e+00 8.121585633924705006e-02 1.531598000971231158e+04 4.147314140466227400e+04
1.037332185369502113e+00 -5.495610694946138214e-02 0.000000000000000000e+00 1.396771223407886620e+00 -1.355245084515790621e+00 0.000000000000000000e+00 -4.999999999999977796e-01 5.615005899020292235e-02 3.043338328914188082e+02 2.258845399930024578e+05
9.893511177954661395e-01 -9.480940040870572752e-03 0.000000000000000000e+00 1.777311694194499747e+00 1.559040962422977572e-01 0.000000000000000000e+00 2.300000000000004263e+00 4.952148421359905961e-01 1.938344454694210299e+03 1.770096947638439087e+04
1.046581057394665448e+00 -5.288214584035696997e-02 0.000000000000000000e+00 1.419024490295856200e+00 -9.776304318367211588e-01 0.000000000000000000e+00 3.000000000000029310e-01 5.379191305171563547e-02 2.350341061341427121e+03 4.512618990887453401e+04
1.111624736230765853e+00 -3.316547876743747986e-02 0.000000000000000000e+00 6.059763493069268980e-01 1.287241965815667522e-01 0.000000000000000000e+00 2.800000000000005151e+00 3.328728671501765546e-02 1.787111189544429180e+03 1.414984754554670944e+05
1.053216410571408579e+00 -5.293309310183903771e-02 0.000000000000000000e+00 9.229285179680826179e-01 3.710521275357239745e-02 0.000000000000000000e+00 2.400000000000004796e+00 7.406672350591010645e-02 1.947719332229656357e+04 1.450215235047421011e+05
9.894320855881018062e-01 -1.288925222456044004e-02 0.000000000000000000e+00 -1.402979015889725956e+00 3.930955658833937272e-01 0.000000000000000000e+00 2.700000000000004619e+00 1.045940027711914910e-01 2.563827956674662346e+03 1.236433548113511060e+05
9.874553788906652585e-01 -1.128570556757835242e-02 0.000000000000000000e+00 1.761666391603003312e+00 4.985399290991283754e-03 0.000000000000000000e+00 2.000000000000004441e+00 6.103778417104914755e-01 2.599230537089417339e+03 2.264121576191917848e+04
9.423797719713968846e-01 -7.276675084641287539e-02 0.000000000000000000e+00 -1.411107974166285750e+00 -1.687953136927413667e+00 0.000000000000000000e+00 -1.599999999999998757e+00 2.581471648143177783e-02 7.227366149397413437e+02 3.681948963215124677e+05
1.036716560391758968e+00 -3.550400891758883487e-02 0.000000000000000000e+00 9.177870390731719397e-01 1.363662209535253245e-01 0.000000000000000000e+00 2.500000000000005329e+00 8.591560202050189943e-02 1.363854897559541132e+04 7.628037697750447842e+04
1.048242695537390468e+00 -7.457940469110792281e-02 0.000000000000000000e+00 2.989006105962779269e-01 3.561516198850845916e-01 0.000000000000000000e+00 3.000000000000005329e+00 7.933028999061038367e-02 3.439564919228423969e+04 3.974283429061891511e+05
9.007213481381575182e-01 -5.444370204734236968e-02 0.000000000000000000e+00 -1.508391799110944564e+00 -3.687495924122818902e-01 0.000000000000000000e+00 8.000000000000033751e-01 6.959541086704656987e-02 4.022566725859097005e+03 3.812339634128588659e+04
1.028931814804200373e+00 -3.447216827887214508e-02 0.000000000000000000e+00 1.183275813955917410e+00 -9.784816781107703865e-02 0.000000000000000000e+00 2.000000000000004441e+00 9.638488341958599548e-02 9.391248423496917894e+03 2.677625517297216720e+04
9.411446289978783186e-01 -3.270309183290257687e-02 0.000000000000000000e+00 -1.257371793355662293e+00 5.769276968306535913e-02 0.000000000000000000e+00 1.800000000000004263e+00 8.735071128959534525e-02 9.561919881703115607e+03 3.093710690372263343e+04
9.873471052288094185e-01 -9.585965889144364149e-03 0.000000000000000000e+00 1.628066798835743789e+00 3.640535414058646557e-01 0.000000000000000000e+00 2.700000000000004619e+00 2.715630373451550783e-01 1.711476311521968455e+03 1.003035002525710879e+05
1.054871612491163235e+00 -3.125293158853303249e-02 0.000000000000000000e+00 6.554892876249994726e-01 2.519578405722660563e-01 0.000000000000000000e+00 2.800000000000005151e+00 5.051257540645905098e-02 1.752875945339269310e+04 2.081492661142128054e+05
9.536394709228845912e-01 -6.171649804526558453e-02 0.000000000000000000e+00 -1.379361150598695129e+00 -1.759687888394993793e+00 0.000000000000000000e+00 -1.699999999999998845e+00 4.018074330013291645e-02 9.521770994846133362e+02 3.701085569543872261e+05
1.036093868892514092e+00 -6.890012153042908427e-02 0.000000000000000000e+00 3.142179304634363235e-01 3.861740972641291569e-01 0.000000000000000000e+00 3.000000000000005329e+00 5.130533617879821234e-02 4.788200933833367344e+03 1.045924623085069179e+05
1.022114614096045315e+00 -3.674485291666848563e-02 0.000000000000000000e+00 1.491588676569266969e+00 -7.835487958516001994e-01 0.000000000000000000e+00 6.000000000000031974e-01 9.345947888851018071e-02 4.107925177703752524e+03 6.285558552491576847e+03
9.807428305907873733e-01 -8.775986597952215029e-03 0.000000000000000000e+00 -1.696855262539323839e+00 1.559614371634764907e-01 0.000000000000000000e+00 2.200000000000004619e+00 2.114829661973802732e-01 1.460314263129246001e+03 7.864934532072253205e+03
1.075625015271384655e+00 -4.281098687813561510e-02 0.000000000000000000e+00 7.071943203561574798e-01 1.496082341626232826e-01 0.000000000000000000e+00 2.700000000000004619e+00 5.251694880929142634e-02 2.134200821811860806e+04 2.199862747081992857e+05
9.278688797206220418e-01 -1.607175458894483100e-02 0.000000000000000000e+00 -1.151198542753769205e+00 1.695313040998698839e-01 0.000000000000000000e+00 2.000000000000004441e+00 4.011444243365545198e-02 4.354783914656323759e+03 7.788227017077777418e+03
1.011745204980143864e+00 -1.800671701323780863e-02 0.000000000000000000e+00 9.861934630484392450e-01 3.047104055597936179e-01 0.000000000000000000e+00 2.700000000000004619e+00 9.143339442278825002e-02 6.623194012011698760e+03 9.262776482125661278e+04
9.512316215306256817e-01 -5.428821426026728819e-02 0.000000000000000000e+00 -1.464643894701086912e+00 -1.606628576936582453e+00 0.000000000000000000e+00 -1.399999999999998579e+00 3.661651623370164310e-02 3.911787105946937118e+02 3.500674412108427496e+05
9.417224900240017682e-01 -3.351322311292067452e-02 0.000000000000000000e+00 -1.580587167966896134e+00 -6.211955434089899697e-01 0.000000000000000000e+00 5.000000000000031086e-01 9.037033733755248099e-02 1.876856051823028110e+03 2.849080895724221045e+04
9.812765335834130465e-01 -3.092330238260718178e-02 0.000000000000000000e+00 -9.902761374294868357e-01 3.737608206210231709e-01 0.000000000000000000e+00 2.600000000000004974e+00 8.742555561965954791e-02 1.018330467271477937e+04 1.964628209772689443e+05
9.858064912337390906e-01 -1.453665181318668405e-02 0.000000000000000000e+00 1.582367977689111971e+00 5.576339347764699972e-02 0.000000000000000000e+00 2.100000000000004974e+00 5.818928578140822871e-01 3.780999526742084527e+03 8.002665702098228212e+04
9.938201797701774476e-01 -1.341040133723065894e-02 0.000000000000000000e+00 1.430850289142492793e+00 2.444640788465767267e-01 0.000000000000000000e+00 2.500000000000005329e+00 2.959075677047574571e-01 3.628469178598706549e+03 4.332000308066287107e+04
1.010440897824060658e+00 -2.891569055446321576e-02 0.000000000000000000e+00 1.578266225989582328e+00 -9.079834208361180492e-01 0.000000000000000000e+00 3.000000000000029310e-01 1.292047654080256680e-01 2.957400117785562543e+03 2.701305378559680685e+04
1.028323222569379469e+00 -5.780248847294660458e-02 0.000000000000000000e+00 1.403199351910213499e+00 -1.353560983126844253e+00 0.000000000000000000e+00 -4.999999999999977796e-01 6.290278641361050915e-02 3.474474174510320609e+03 1.708286750645927677e+05
9.234677830630729778e-01 -3.280411531971208494e-02 0.000000000000000000e+00 -1.501021235940233733e+00 -3.840190086977752215e-01 0.000000000000000000e+00 9.000000000000034639e-01 8.086288939781209606e-02 1.633283815315365246e+03 5.277958652580689886e+03
1.030560874954394635e+00 -4.271139054105219102e-02 0.000000000000000000e+00 1.468296754172041974e+00 -1.141701576841237520e+00 0.000000000000000000e+00 -9.999999999999742428e-02 7.034173759818308780e-02 8.757782450188365146e+02 1.251885267349625647e+05
9.979529418569205168e-01 -2.269273696185261646e-02 0.000000000000000000e+00 1.119132916164908620e+00 2.787493928509330310e-01 0.000000000000000000e+00 2.600000000000004974e+00 2.360691973772539587e-01 7.596588676832411693e+03 1.250901461070142395e+05
1.034791453505324865e+00 -3.801285705742100951e-02 0.000000000000000000e+00 1.261840338693793084e+00 -2.611197503207761672e-01 0.000000000000000000e+00 1.700000000000004619e+00 8.226711876380558841e-02 8.306344766045798679e+03 2.110664610170410015e+03
9.829848251130806069e-01 -1.204045428042738869e-02 0.000000000000000000e+00 -1.447554151994503657e+00 3.571012101873311528e-01 0.000000000000000000e+00 2.600000000000004974e+00 1.017861199916881426e-01 3.165527337311109477e+03 9.341348430313695280e+04
1.032025462362646806e+00 -4.119476588261102717e-02 0.000000000000000000e+00 1.473009050208030413e+00 -1.044018646788613447e+00 0.000000000000000000e+00 1.000000000000027534e-01 7.022484455949126736e-02 1.058761191437448815e+03 8.952962289961046190e+04
9.527583231917162720e-01 -1.072844463346348150e-02 0.000000000000000000e+00 -1.171058633918412362e+00 2.148499895497646139e-01 0.000000000000000000e+00 2.200000000000004619e+00 2.161589507532533927e-02 2.466718343705620100e+03 3.448831443687435967e+04
1.119803537144189454e+00 -3.535698186724422348e-02 0.000000000000000000e+00 3.671268329376451423e-01 2.070090132494378510e-01 0.000000000000000000e+00 3.000000000000005329e+00 3.073507829885641085e-02 3.761958324498462025e+04 1.771731375712880981e+05
9.152947031548689383e-01 -3.538733127602512740e-02 0.000000000000000000e+00 -1.206619915584182579e+00 1.132776159213575717e-01 0.000000000000000000e+00 1.800000000000004263e+00 6.464234016594311294e-02 1.091144210190477861e+04 3.532521228316333872e+04
1.078909532577072117e+00 -2.439946636821047413e-02 0.000000000000000000e+00 7.131167402723173065e-01 1.556749788216299779e-01 0.000000000000000000e+00 2.700000000000004619e+00 3.506930757331380016e-02 1.439625227585603716e+04 1.257132532645906613e+05
9.759968340374807205e-01 -1.363491453422758376e-02 0.000000000000000000e+00 -1.350173763881840738e+00 2.721871256819513030e-01 0.000000000000000000e+00 2.400000000000004796e+00 9.993563326666757285e-02 3.784247008221073884e+03 4.419870122442136199e+04
9.974292752283755448e-01 -1.728240011583021332e-02 0.000000000000000000e+00 1.442478861496186093e+00 2.998374267066135010e-02 0.000000000000000000e+00 2.100000000000004974e+00 2.783752206877830315e-01 4.669230660259713659e+03 3.495299121666901920e+04
1.121819329068643567e+00 -4.612951686294708420e-02 0.000000000000000000e+00 8.745647847187717483e-01 -8.998756552560290001e-02 0.000000000000000000e+00 2.400000000000004796e+00 3.272054491954530520e-02 2.440524424613762676e+03 4.873076723503156245e+03
9.480806496588047860e-01 -2.784643788094352118e-02 0.000000000000000000e+00 -1.572311813661653401e+00 -5.335506629035825510e-01 0.000000000000000000e+00 7.000000000000032863e-01 1.070666486895014147e-01 3.610931617976637540e+02 7.623095664004762511e+03
9.593324723874434579e-01 -2.309262101300296743e-02 0.000000000000000000e+00 -1.383683285676036157e+00 -4.054818232859672827e-02 0.000000000000000000e+00 1.700000000000004619e+00 1.263597822841939222e-01 5.422197052296186484e+03 5.334257293217042388e+03
1.013425866884614113e+00 -1.858232957790970086e-02 0.000000000000000000e+00 8.937304816575377675e-01 3.512986263978792878e-01 0.000000000000000000e+00 2.800000000000005151e+00 6.280647911051794041e-02 7.547568866460793288e+03 1.568422654004321957e+05
1.030517581919863312e+00 -8.024702020649179812e-02 0.000000000000000000e+00 1.103945396470721096e+00 -1.899040282058588991e+00 0.000000000000000000e+00 -1.599999999999998757e+00 4.617682501492157560e-02 2.395545688023741491e+02 3.420319941317760386e+05
1.053435542545369197e+00 -4.098271763924709460e-02 0.000000000000000000e+00 8.768440712757690214e-01 9.745116566150453796e-02 0.000000000000000000e+00 2.500000000000005329e+00 6.792295519708489715e-02 1.612136465326511097e+04 1.617482624487006688e+05
9.874357342632703594e-01 -7.894823168092798826e-03 0.000000000000000000e+00 -2.232059171194894720e+00 -6.658356815151461605e-01 0.000000000000000000e+00 6.000000000000031974e-01 7.261131618827455503e-01 1.054951569785840547e+03 2.918989853105678776e+03
1.059180096716878072e+00 -4.457231348140584110e-02 0.000000000000000000e+00 1.208140019847326441e+00 -3.093890879559451634e-01 0.000000000000000000e+00 1.700000000000004619e+00 5.493010873342230732e-02 8.105657555356013290e+03 1.206718170796514823e+04
9.842603909700780029e-01 -7.043992496990331489e-03 0.000000000000000000e+00 1.857759427421719955e+00 2.723830237696852619e-01 0.000000000000000000e+00 2.500000000000005329e+00 5.040022197985674079e-01 3.782376738689910667e+02 7.916274873147969629e+03
9.995112956524476733e-01 -2.193267703125867385e-02 0.000000000000000000e+00 1.555266024440860484e+00 -3.337781386978408427e-01 0.000000000000000000e+00 1.400000000000003908e+00 2.334163389258472054e-01 2.192463438874216536e+03 9.174323686878087756e+03
9.837927205182394053e-01 -8.699758247921627816e-03 0.000000000000000000e+00 1.667027481191437621e+00 3.228052561879639071e-01 0.000000000000000000e+00 2.600000000000004974e+00 3.756270156224222334e-01 7.953351674309955115e+02 4.008995089078117599e+04
9.926619808890232433e-01 -2.264101582124703957e-02 0.000000000000000000e+00 1.414625895733091498e+00 -1.805145309415984514e-02 0.000000000000000000e+00 2.000000000000004441e+00 3.350862827123894938e-01 6.876940724583748306e+03 6.573594522877666168e+04
9.697053769839425463e-01 -2.162330521340256884e-02 0.000000000000000000e+00 -1.710648914433455126e+00 -8.289179589683359772e-01 0.000000000000000000e+00 2.000000000000028422e-01 1.728800535788599935e-01 1.770171593487836617e+03 5.174488623327736423e+04
1.034216595815827588e+00 -7.420288938929009426e-02 0.000000000000000000e+00 1.365633237313623294e+00 -1.330904931789001822e+00 0.000000000000000000e+00 -3.999999999999976907e-01 5.130997378166939765e-02 6.141385036319339633e+03 1.468513724813214794e+05
1.006428644391181848e+00 -1.072668301452277262e-02 0.000000000000000000e+00 1.070559906851913601e+00 3.731042109584743471e-01 0.000000000000000000e+00 2.800000000000005151e+00 2.547715987830904277e-02 3.368231601895502990e+03 4.637695593200103031e+04
1.028309899846328923e+00 -3.772994778265692517e-02 0.000000000000000000e+00 1.472578942967175841e+00 -7.919841341869255924e-01 0.000000000000000000e+00 6.000000000000031974e-01 8.102391412165547979e-02 3.178151398663083455e+03 1.659390511118670111e+04
1.027308265701103007e+00 -5.850004900231487587e-02 0.000000000000000000e+00 3.658806743001911110e-01 4.086518605268427695e-01 0.000000000000000000e+00 3.000000000000005329e+00 1.331119329959232038e-02 1.433792943561889297e+04 1.675478268720309716e+05
1.013860351785197844e+00 -2.342029017731334095e-02 0.000000000000000000e+00 1.244109988695276003e+00 -7.494858486526313236e-03 0.000000000000000000e+00 2.100000000000004974e+00 1.360091435482170263e-01 6.315516395189935793e+03 5.533667466801840055e+04
9.893511177954661395e-01 -9.480940040870572752e-03 0.000000000000000000e+00 1.669712550643430049e+00 3.085497427797672665e-01 0.000000000000000000e+00 2.600000000000004974e+00 3.440857096263118531e-01 1.950781232284244652e+03 4.328790046270070161e+04
1.065446941103369793e+00 -2.225071265248424260e-02 0.000000000000000000e+00 8.067667988131309587e-01 1.373851475986122284e-01 0.000000000000000000e+00 2.600000000000004974e+00 3.902542312685947090e-02 1.062809887704109315e+04 8.646259427956718719e+04
1.080191240151255228e+00 -4.503808355876875308e-02 0.000000000000000000e+00 1.150820991590266074e+00 -2.968662439862743141e-01 0.000000000000000000e+00 1.800000000000004263e+00 4.219356575678813448e-02 7.074369684918337043e+03 3.079885895318253461e+04
1.066888456756497350e+00 -2.876783327989800021e-02 0.000000000000000000e+00 1.026735872371355329e+00 -6.431369029837409601e-02 0.000000000000000000e+00 2.200000000000004619e+00 4.541902231358706937e-02 7.049895278665224396e+03 2.114947107611108731e+04
9.879874571628805002e-01 -7.904453527127880061e-03 0.000000000000000000e+00 2.228320295912294746e+00 -1.208310228499713146e+00 0.000000000000000000e+00 -3.999999999999976907e-01 6.795355751938466637e-01 7.926633971952601314e+02 2.063419741860105714e+05
9.642974468758638285e-01 -2.355203753747862894e-02 0.000000000000000000e+00 -1.655388612727920927e+00 -6.651853034097742201e-01 0.000000000000000000e+00 5.000000000000031086e-01 1.526406424887595259e-01 2.155682437749828750e+03 3.642263334756802942e+04
9.822666477589003797e-01 -1.718220446211498470e-02 0.000000000000000000e+00 1.262968746040179058e+00 3.188099871262842222e-01 0.000000000000000000e+00 2.600000000000004974e+00 4.149239248283839721e-01 3.567143800214079874e+03 5.570267736454782425e+04
9.871604609535609143e-01 -7.875574183131681463e-03 0.000000000000000000e+00 -2.253744138285318943e+00 -1.070543556988766243e+00 0.000000000000000000e+00 -1.999999999999975131e-01 6.919048205859500422e-01 7.473844893340707358e+02 4.798842403543926048e+04
9.651337483971532683e-01 -2.435964452894196983e-02 0.000000000000000000e+00 -1.676471152584568136e+00 -8.198224386524444185e-01 0.000000000000000000e+00 2.000000000000028422e-01 1.446729834679915949e-01 1.758832440230193470e+03 5.373763511285185814e+04
9.440325249308449962e-01 -4.866366356302528895e-02 0.000000000000000000e+00 -1.581490226380592778e+00 -1.235767223231363454e+00 0.000000000000000000e+00 -6.999999999999979572e-01 1.474593251068451183e-01 9.199611243904440698e+02 2.601687180045731366e+05
1.018347150637545440e+00 -5.985504012501054183e-02 0.000000000000000000e+00 1.212007068371370844e+00 -1.829590504164214870e+00 0.000000000000000000e+00 -1.499999999999998668e+00 6.537125109042792037e-02 1.207607969584156990e+03 3.422822529692731914e+05
1.009786154629925825e+00 -1.776396528285367760e-02 0.000000000000000000e+00 1.009141673916568838e+00 3.090654435726364890e-01 0.000000000000000000e+00 2.700000000000004619e+00 9.878467795490357417e-02 6.399917040882777655e+03 5.729210929319921706e+04
9.965258394731607572e-01 -1.388507058844738740e-02 0.000000000000000000e+00 1.527979215429841942e+00 3.565121485653315742e-02 0.000000000000000000e+00 2.100000000000004974e+00 2.919143311490204895e-01 3.322647696642857227e+03 1.518943030833589000e+04
9.330215368729778413e-01 -2.915253682585260131e-02 0.000000000000000000e+00 -1.492834968774195747e+00 -3.513950314254309926e-01 0.000000000000000000e+00 1.000000000000003553e+00 9.081431788427128671e-02 1.975818267235646317e+03 5.347030503335850881e+03
1.010207604904314715e+00 -5.990840329833769552e-03 0.000000000000000000e+00 1.206022343327090018e+00 2.199742077308915189e-01 0.000000000000000000e+00 2.500000000000005329e+00 3.931174786656690262e-02 5.398437414904832394e+02 1.653301085537841573e+04
9.957872603833471947e-01 -1.432012692053452434e-02 0.000000000000000000e+00 1.827547800024879487e+00 -1.223120739622247433e+00 0.000000000000000000e+00 -3.999999999999976907e-01 2.801949886779593335e-01 6.409746710508467231e+02 1.969750449665751366e+05
8.976711656333633549e-01 -3.282222381208126788e-02 0.000000000000000000e+00 -9.485566678067632873e-01 3.612045609540022739e-01 0.000000000000000000e+00 2.200000000000004619e+00 1.890816286954298542e-02 1.788318077545147389e+04 1.764439235010874472e+04
1.025269806272070428e+00 -2.819823509279462473e-02 0.000000000000000000e+00 1.029988691943521273e+00 1.160502531902002782e-01 0.000000000000000000e+00 2.400000000000004796e+00 1.009138144899974637e-01 7.527021947381052087e+03 7.124701716146162653e+04
9.826214283326321075e-01 -8.050500387543584394e-03 0.000000000000000000e+00 -1.737619790208922543e+00 2.527718403627680077e-01 0.000000000000000000e+00 2.400000000000004796e+00 1.854999428790302662e-01 1.383212770634785329e+03 1.515547090121628571e+04
9.733113912382788113e-01 -2.419545018375841849e-02 0.000000000000000000e+00 -1.640556422965196992e+00 -4.707912462992103753e-01 0.000000000000000000e+00 9.000000000000034639e-01 2.201959918090970469e-01 4.599274682455160473e+03 2.816836611592703412e+04
9.678242040393176815e-01 -1.740771065019123057e-02 0.000000000000000000e+00 -1.671287197000232316e+00 -5.247786036512845920e-01 0.000000000000000000e+00 8.000000000000033751e-01 1.806502562737344053e-01 1.269704462108737061e+03 1.870591624787487308e+04
9.690859476998643363e-01 -1.040079823754722771e-02 0.000000000000000000e+00 -1.361160639992622823e+00 1.805014374290657142e-01 0.000000000000000000e+00 2.200000000000004619e+00 6.777294012595669326e-02 1.875463915088926797e+03 1.950114283912400424e+04
9.641761455789205071e-01 -1.537364599541107130e-02 0.000000000000000000e+00 -1.301157227860413101e+00 1.453381133244528445e-01 0.000000000000000000e+00 2.100000000000004974e+00 8.589980313041216398e-02 3.760967898926199723e+03 1.415707174303128704e+04
1.038284386865942155e+00 -6.941768789648564142e-02 0.000000000000000000e+00 3.126587984547218313e-01 3.808616123969132961e-01 0.000000000000000000e+00 3.000000000000005329e+00 5.752606444096602933e-02 8.683893343165528904e+02 2.519436489107874804e+05
1.063448415591729646e+00 -3.687206239644724715e-02 0.000000000000000000e+00 9.780882802487113059e-01 -1.725162540985246754e-02 0.000000000000000000e+00 2.300000000000004263e+00 5.383900221938745650e-02 1.160426634629624641e+04 8.035775381874134473e+04
1.031484841432635413e+00 -2.128238563201527433e-02 0.000000000000000000e+00 1.121397879659887575e+00 1.136231902194455474e-02 0.000000000000000000e+00 2.200000000000004619e+00 7.486183076992947161e-02 5.277544909021017702e+03 5.057557366615575302e+04
9.913310777965703702e-01 -3.312514832944100929e-02 0.000000000000000000e+00 8.532826146335343864e-01 3.912923888438579190e-01 0.000000000000000000e+00 2.800000000000005151e+00 2.045929291952450491e-01 1.005227419789370833e+04 2.568359418738202075e+05
1.097801310357578775e+00 -3.785944980421958317e-02 0.000000000000000000e+00 7.688283596537991427e-01 5.856390017096338441e-02 0.000000000000000000e+00 2.600000000000004974e+00 3.868353820394992981e-02 9.203059293997334862e+02 6.592859942928458622e+04
1.052528255653903733e+00 -3.585202833548613299e-02 0.000000000000000000e+00 1.164441027176448484e+00 -1.908249669384573244e-01 0.000000000000000000e+00 1.900000000000003908e+00 5.956394696007288880e-02 7.374328851418262275e+03 1.965441597961345178e+04
9.874357342632703594e-01 -7.894823168092798826e-03 0.000000000000000000e+00 1.980359043677186959e+00 6.002796531580149864e-02 0.000000000000000000e+00 2.100000000000004974e+00 6.842463252425191600e-01 1.285112719757250034e+03 3.148683052740195853e+04
1.125394200917173348e+00 -1.445653224296941479e-02 0.000000000000000000e+00 3.716030081857276679e-01 2.025128707455101651e-01 0.000000000000000000e+00 3.000000000000005329e+00 1.573652467147185208e-02 3.191551785601029042e+04 3.357118503568735905e+05
9.461967743792178975e-01 -2.809510766758494676e-02 0.000000000000000000e+00 -1.025258430347119720e+00 2.988036767010815442e-01 0.000000000000000000e+00 2.300000000000004263e+00 3.254036649752267696e-02 6.182747225707475991e+03 2.393340632748313510e+03
1.057743958174000909e+00 -4.367491452086615794e-02 0.000000000000000000e+00 5.261394853097718372e-01 2.895701945391334076e-01 0.000000000000000000e+00 2.900000000000005684e+00 6.041077302857660730e-02 1.426798883554342319e+04 5.419502301301479019e+04
9.720435467657295714e-01 -4.590377604806315792e-02 0.000000000000000000e+00 1.490487076855866011e+00 -1.353226203516902038e+00 0.000000000000000000e+00 -5.999999999999978684e-01 1.433094276961471014e-01 1.691298906659883414e+03 1.900766399388487334e+05
9.754141748606380835e-01 -1.535632840726778442e-02 0.000000000000000000e+00 -1.770577897133796874e+00 -5.889590991070553505e-01 0.000000000000000000e+00 7.000000000000032863e-01 2.531525141975004556e-01 1.609314073042789460e+03 1.235454581705696182e+04
9.461505481415832808e-01 -3.888488714930829482e-02 0.000000000000000000e+00 -1.569182952669760711e+00 -5.661840953516908970e-01 0.000000000000000000e+00 6.000000000000031974e-01 1.028050367879378424e-01 5.130712943689611166e+03 4.781726878172730721e+03
9.889722668391024429e-01 -2.142396493650531447e-02 0.000000000000000000e+00 1.234060243230654219e+00 2.477687332448583746e-01 0.000000000000000000e+00 2.500000000000005329e+00 3.772077939786213641e-01 6.380537114665062290e+03 1.588761086917781795e+05
9.791236143320120044e-01 -1.959862508697862715e-02 0.000000000000000000e+00 -1.317383577576972664e+00 2.213732213298404139e-01 0.000000000000000000e+00 2.300000000000004263e+00 1.904282273127733682e-01 6.110050263312858078e+03 6.163885536750055326e+04
9.383702207335076206e-01 -3.464575341368620470e-02 0.000000000000000000e+00 -1.101285709588801343e+00 2.199727454927408732e-01 0.000000000000000000e+00 2.100000000000004974e+00 5.815295729320344581e-02 1.300588304206591420e+04 7.802244562029161898e+04
9.894931630513759124e-01 -7.732900010798788963e-03 0.000000000000000000e+00 2.006340986642539015e+00 5.385230028575454901e-03 0.000000000000000000e+00 2.000000000000004441e+00 5.804511535579458537e-01 1.198948816781180767e+03 8.953534886284511231e+03
1.055464732218129198e+00 -5.282682124256977974e-02 0.000000000000000000e+00 7.939819458002607133e-01 1.338367634356060487e-01 0.000000000000000000e+00 2.600000000000004974e+00 7.579339863442788316e-02 2.239911069314894849e+04 1.866228159380990837e+05
1.013726154302556415e+00 -4.306601076817640622e-02 0.000000000000000000e+00 6.216810567279966726e-01 3.884000408245709135e-01 0.000000000000000000e+00 2.900000000000005684e+00 1.060983265532343955e-01 1.757190338608829916e+04 6.644711819836642826e+04
9.888734753937066246e-01 -1.464375326007175300e-02 0.000000000000000000e+00 -1.323033912072943741e+00 3.956916653675536799e-01 0.000000000000000000e+00 2.700000000000004619e+00 9.237094372502878403e-02 3.255532640991153585e+03 8.258788485603489971e+04
9.847122802177707968e-01 -1.779196911877362064e-02 0.000000000000000000e+00 1.314818453313157720e+00 2.606161889727846015e-01 0.000000000000000000e+00 2.500000000000005329e+00 4.642756785568460387e-01 4.493721882063388875e+03 1.561589301462141157e+05
9.392263300649276170e-01 -5.794681887798608377e-02 0.000000000000000000e+00 -1.541098673224326809e+00 -1.380074350263658323e+00 0.000000000000000000e+00 -9.999999999999982236e-01 -3.445935452143047192e-03 4.668037083362276576e+02 2.346976171290100610e+05
9.601557650315611925e-01 -2.407378297938660844e-02 0.000000000000000000e+00 -1.626961056225712632e+00 -6.075176070495337255e-01 0.000000000000000000e+00 6.000000000000031974e-01 1.378880053548730833e-01 1.920162165892457097e+03 1.970721473580547172e+04
1.093241592642412829e+00 -4.914514717631596891e-02 0.000000000000000000e+00 3.523155801929708231e-01 2.607776501583027318e-01 0.000000000000000000e+00 3.000000000000005329e+00 4.454502064486180052e-02 1.718895640751053361e+04 1.937076966213815613e+05
1.085894134890776908e+00 -2.444527689299647033e-02 0.000000000000000000e+00 9.050401355735852027e-01 -1.738291427573720451e-03 0.000000000000000000e+00 2.400000000000004796e+00 3.449579892741236331e-02 8.023313363752675286e+03 3.312300190552278218e+04
