N=194124, N_branch=500, dt_b=-0.0001, dt_f=0.0001, rtol=1e-9
T_min=0, T_max_b=-6.283185307179586, T_max_f=12.566370614359172, ZOOM=False
Features: normalized position and unit tangent blocks.
OE event: first outward crossing of 2.5 lunar SOI along each integration direction, before any detected collision.
Frame: geocentric inertial axes coincident with synodic axes at t=0.
STD: ddof=0; w statistics use offsets from the cluster circular mean (angle_origin_deg).
angle_resultant: 1=concentrated directions; 0=no defined mean direction. Broad angular clouds require caution with linearized moments.
NaN: missing event, undefined parameter/statistic, or missing representative parameter.

K=10, STD=0.01603226725
n = trajectories per cluster; conditions overlap.
n = 1: clusters=0/10 (0.00%); trajectories=0/194124 (0.00%)
n < 10: clusters=0/10 (0.00%); trajectories=0/194124 (0.00%)
n < 100: clusters=0/10 (0.00%); trajectories=0/194124 (0.00%)

K=10, phase=backward, parameter=eps [km^2/s^2]
cluster representative_source n_cluster n_valid n_missing median std p05 p95 width90 minimum maximum range skewness error95 error_max angle_origin_deg angle_resultant
0 147032 56047 56047 0 -0.1303203673 0.0407743716 -0.1977969617 -0.07136204161 0.1264349201 -0.2471043045 -0.04380722131 0.2032970832 -0.1341381185 0.07598345068 0.1248898542 nan nan
1 33467 11708 11708 0 -0.9796362633 0.03456434057 -1.002597233 -0.9019120401 0.1006851926 -1.020754723 -0.8065371397 0.2142175836 2.029335734 0.08013174665 0.175506647 nan nan
2 52405 8936 8936 0 -0.8620953034 0.02547139 -0.9000775871 -0.8131807055 0.08689688165 -0.9754363726 -0.8069849027 0.1684514699 0.1713746739 0.05897773334 0.10337858 nan nan
3 156649 34130 34130 0 -0.2240505806 0.02955973813 -0.2500913884 -0.1566768412 0.09341454722 -0.2595672675 -0.1055043111 0.1540629564 0.8694684061 0.06551552241 0.1166880525 nan nan
4 40474 10599 10599 0 -0.8630115027 0.02506541783 -0.9038935308 -0.82805362 0.07583991075 -0.9182613159 -0.8062327658 0.1120285501 -0.01848804847 0.05179663263 0.07361748689 nan nan
5 138247 28418 28418 0 -0.1847596587 0.0342890927 -0.2271129774 -0.1267843028 0.1003286746 -0.2466604243 -0.04387907749 0.2027813468 0.3221808227 0.06145485346 0.1443600788 nan nan
6 32694 5549 5549 0 -0.8737805917 0.04912541326 -0.967166891 -0.8133124724 0.1538544185 -1.020743755 -0.8063623697 0.2143813855 -0.3683451656 0.08193090046 0.1293108937 nan nan
7 16324 15123 15123 0 -0.8976937316 0.0342039971 -0.9636334787 -0.8554563467 0.108177132 -0.9875089653 -0.8062084723 0.181300493 -0.3716399991 0.06004297716 0.09797543396 nan nan
8 57507 14674 14674 0 -0.9378858612 0.01975101239 -0.9686344992 -0.9081805024 0.06045399681 -1.020836128 -0.8382630086 0.1825731197 0.2453271884 0.03428765368 0.09699753405 nan nan
9 221423 8940 8940 0 -0.208171513 0.04386962703 -0.2564622262 -0.1164666855 0.1399955407 -0.2591430176 -0.04391779137 0.2152252262 0.857937028 0.09865475555 0.1712036496 nan nan

K=10, phase=backward, parameter=e [-]
cluster representative_source n_cluster n_valid n_missing median std p05 p95 width90 minimum maximum range skewness error95 error_max angle_origin_deg angle_resultant
0 147032 56047 56047 0 0.6882746471 0.09963689079 0.5210786247 0.8298944488 0.3088158241 0.3881493345 0.8956261106 0.5074767762 -0.1717077428 0.1869481426 0.3197992387 nan nan
1 33467 11708 11708 0 0.514976301 0.05886816755 0.389243549 0.5479274189 0.1586838699 0.1693191876 0.5728758046 0.403556617 -2.61212934 0.1291180987 0.3490424601 nan nan
2 52405 8936 8936 0 0.3131901768 0.05634172273 0.1908910079 0.3866370966 0.1957460887 0.1705917047 0.5088916189 0.3382999142 -0.5112076882 0.1431605237 0.1752006258 nan nan
3 156649 34130 34130 0 0.4524458707 0.07682690382 0.3803066333 0.6235867659 0.2432801326 0.3526417655 0.7484095422 0.3957677767 0.7891475028 0.1667567991 0.2915795754 nan nan
4 40474 10599 10599 0 0.3150756737 0.05308786409 0.2342065285 0.3932424162 0.1590358876 0.1683444931 0.4170856067 0.2487411137 -0.2112536835 0.1144886261 0.1803506615 nan nan
5 138247 28418 28418 0 0.5537955552 0.08613356109 0.4442333403 0.6966820972 0.2524487569 0.3895813856 0.8954556795 0.5058742939 0.2801375028 0.1517254395 0.3504697807 nan nan
6 32694 5549 5549 0 0.3369034383 0.09757308346 0.1915311139 0.4964158938 0.3048847799 0.168591401 0.5728380059 0.4042466048 0.100269392 0.1790165117 0.2024139787 nan nan
7 16324 15123 15123 0 0.3815436336 0.06096849344 0.2981426295 0.4909836575 0.192841028 0.168193931 0.5264969803 0.3583030493 0.19833834 0.1046073722 0.2250336219 nan nan
8 57507 14674 14674 0 0.4508926895 0.03232880824 0.4010068237 0.4987294643 0.09772264056 0.2604265039 0.5729713754 0.3125448715 -0.5056561542 0.05446899225 0.1861477403 nan nan
9 221423 8940 8940 0 0.4945398781 0.112352648 0.3618036157 0.7216780094 0.3598743937 0.3537780304 0.8953605839 0.5415825535 0.7434248244 0.2447031466 0.4183857211 nan nan

K=10, phase=backward, parameter=w [deg]
cluster representative_source n_cluster n_valid n_missing median std p05 p95 width90 minimum maximum range skewness error95 error_max angle_origin_deg angle_resultant
0 147032 56047 56047 0 -0.6626052229 5.08190111 -6.656138642 11.58824242 18.24438106 -10.78608633 15.5654097 26.35149602 1.015992207 14.11393311 18.09110039 21.37375814 0.9960771403
1 33467 11708 11708 0 -1.45802247 8.969531725 -10.84522216 18.37747801 29.22270017 -16.03509859 27.76546306 43.80056165 0.8742970827 25.83504506 35.22303011 192.1090722 0.9878276706
2 52405 8936 8936 0 0.979076077 8.048984437 -16.94853482 11.00378165 27.95231647 -35.24500029 13.45626659 48.70126688 -2.342764653 20.25684728 38.55331275 206.7908019 0.9902983795
3 156649 34130 34130 0 1.525573135 5.40328686 -9.856891038 7.200304139 17.05719518 -16.1206864 9.48184661 25.60253301 -0.5483269567 14.87915292 21.14294828 27.57594278 0.9955606252
4 40474 10599 10599 0 -1.778569059 6.819440724 -7.865191659 11.4554167 19.32060836 -34.00868193 14.84639863 48.85508056 -0.474709206 14.69418132 31.30001275 205.5082433 0.9929628464
5 138247 28418 28418 0 0.1671561294 2.696573187 -3.995179802 3.609973763 7.605153565 -16.91247882 9.532541868 26.44502069 -1.057612563 6.051008141 18.85643953 27.52894935 0.998894176
6 32694 5549 5549 0 -2.928603561 9.671995679 -11.14455146 16.4736007 27.61815216 -31.12978403 17.64642866 48.77621268 0.03978736752 22.21160414 25.72267724 202.5821897 0.985846565
7 16324 15123 15123 0 -0.6379608014 4.831227875 -6.151019832 6.952043774 13.10306361 -18.39993196 29.58004945 47.97998141 1.567301935 8.540028495 31.14248689 189.89668 0.9964623946
8 57507 14674 14674 0 -0.2308983095 5.267022521 -7.470168367 8.795434872 16.26560324 -27.90596394 18.36799398 46.27395793 0.1159625175 11.0542143 25.82116498 200.9797066 0.9957868963
9 221423 8940 8940 0 0.5218774267 7.135939651 -11.36745804 11.91812367 23.28558171 -13.04662497 13.4014043 26.44802927 0.03192274107 18.17152425 19.65480487 23.66173167 0.9922654671

K=10, phase=forward, parameter=eps [km^2/s^2]
cluster representative_source n_cluster n_valid n_missing median std p05 p95 width90 minimum maximum range skewness error95 error_max angle_origin_deg angle_resultant
0 147032 56047 56027 20 -0.1357481114 0.09261707924 -0.2115602183 -0.07395650109 0.1376037172 -0.9588840688 -0.04380055914 0.9150835096 -5.621537875 0.1020284182 0.8493522687 nan nan
1 33467 11708 11705 3 -0.8950919905 0.07144091197 -0.9816120861 -0.8521992947 0.1294127915 -1.020173947 -0.1149958038 0.9051781428 6.791071563 0.09369232723 0.7736517739 nan nan
2 52405 8936 8934 2 -0.2367190684 0.0756588646 -0.2552485752 -0.2179508662 0.03729770895 -0.9811627075 -0.1750088942 0.8061538133 -7.354477722 0.02507231299 0.7402401207 nan nan
3 156649 34130 34123 7 -0.8704404618 0.1329111819 -0.926255381 -0.8119530322 0.1143023488 -1.020702889 -0.105427127 0.9152757617 4.614884492 0.06853901933 0.7668646087 nan nan
4 40474 10599 10587 12 -0.1757928457 0.09390226385 -0.2151159917 -0.07491341541 0.1402025763 -0.9752300855 -0.04389160369 0.9313384818 -5.469707089 0.1139974697 0.8012257996 nan nan
5 138247 28418 28416 2 -0.9338082279 0.0529838973 -0.9674127552 -0.8753988501 0.0920139051 -1.020820046 -0.1142070331 0.9066130128 10.0497373 0.05533606265 0.8124134308 nan nan
6 32694 5549 5546 3 -0.8832487058 0.05199076009 -0.9742275696 -0.814746455 0.1594811146 -1.020656292 -0.2096074205 0.811048871 0.1831038588 0.1300105023 0.7351495369 nan nan
7 16324 15123 15122 1 -0.9579643899 0.03889221924 -1.001157917 -0.8869587838 0.1141991332 -1.019495257 -0.8073260956 0.2121691615 0.5673198719 0.06279520948 0.1424096807 nan nan
8 57507 14674 14671 3 -0.1983221496 0.06749643376 -0.2301197539 -0.1281066697 0.1020130842 -0.9732429375 -0.05154323718 0.9216997003 -6.836873087 0.0670951072 0.779334229 nan nan
9 221423 8940 8927 13 -0.8370534904 0.3096478874 -0.9603818934 -0.1164793076 0.8439025858 -1.018186568 -0.04923133169 0.9689552365 1.109812365 0.7209020461 0.788150022 nan nan

K=10, phase=forward, parameter=e [-]
cluster representative_source n_cluster n_valid n_missing median std p05 p95 width90 minimum maximum range skewness error95 error_max angle_origin_deg angle_resultant
0 147032 56047 56027 20 0.6751042342 0.1187347684 0.4855628113 0.8237100479 0.3381472366 0.1752735965 0.8956399398 0.7203663433 -0.7753592376 0.2529484139 0.5632376287 nan nan
1 33467 11708 11705 3 0.3785349079 0.07603762558 0.292809999 0.5189731227 0.2261631237 0.169493203 0.7251866045 0.5556934015 0.4147742353 0.1546389047 0.3602402002 nan nan
2 52405 8936 8934 2 0.4181888549 0.04100081776 0.3656285278 0.4690709844 0.1034424566 0.1722257304 0.5792593629 0.4070336325 -2.029096063 0.06792642657 0.2345348374 nan nan
3 156649 34130 34123 7 0.3357442734 0.0731248202 0.2540842916 0.4521440438 0.1980597522 0.1700666531 0.7482513907 0.5781847376 1.425121873 0.1496776468 0.4142947662 nan nan
4 40474 10599 10587 12 0.5762866351 0.1074316266 0.4757273045 0.8215187897 0.3457914852 0.1698731259 0.8954250633 0.7255519374 0.4150411439 0.2749823937 0.4107902157 nan nan
5 138247 28418 28416 2 0.4445923417 0.05544250896 0.3554782255 0.4974650188 0.1419867933 0.1698141831 0.7270899802 0.5572757971 -1.561211931 0.09757810074 0.294741104 nan nan
6 32694 5549 5546 3 0.3550990974 0.09988457353 0.1961774198 0.5070559182 0.3108784984 0.1685723685 0.5727162374 0.4041438689 -0.0468426443 0.2654652511 0.2930703024 nan nan
7 16324 15123 15122 1 0.4822266356 0.06396021512 0.3613889848 0.5459013944 0.1845124095 0.1716030474 0.5711935452 0.3995904978 -0.8334855477 0.1078977414 0.2976836789 nan nan
8 57507 14674 14671 3 0.5195735667 0.09040144081 0.4361632944 0.6934886614 0.257325367 0.1692186463 0.8772211912 0.7080025449 0.07319027993 0.1665071783 0.3613974734 nan nan
9 221423 8940 8927 13 0.3048681258 0.1678457088 0.1852624293 0.7216151587 0.5363527293 0.1700719612 0.8827245536 0.7126525924 0.77306523 0.4641704907 0.6252798856 nan nan

K=10, phase=forward, parameter=w [deg]
cluster representative_source n_cluster n_valid n_missing median std p05 p95 width90 minimum maximum range skewness error95 error_max angle_origin_deg angle_resultant
0 147032 56047 56027 20 -7.337761744 45.11485494 -30.57381813 103.089511 133.6633292 -179.913992 179.8948077 359.8087997 0.8477200537 132.6644355 179.9939731 182.4715427 0.7676409025
1 33467 11708 11705 3 -3.970495852 28.73173106 -21.4954531 43.01227111 64.50772421 -178.9842778 179.9634208 358.9476986 0.8785915838 66.21600686 179.9322514 311.7862642 0.906625978
2 52405 8936 8934 2 -2.892110372 23.50637382 -27.10001695 40.28913843 67.38915538 -179.8981139 179.0718469 358.9699608 1.147782256 42.31570024 179.5214079 196.4187279 0.9261962512
3 156649 34130 34123 7 -2.205788591 31.5335181 -21.67806867 37.11392704 58.79199571 -179.9547208 178.6237528 358.5784736 -1.421543269 83.0598522 179.9113659 13.43291568 0.8868241029
4 40474 10599 10587 12 -9.942679539 50.75927607 -46.34201152 91.981387 138.3233985 -179.7188203 179.0089829 358.7278031 0.3062673801 134.189214 179.8996141 209.136846 0.6835377047
5 138247 28418 28416 2 -4.447700763 33.02380237 -20.6785035 61.1969183 81.8754218 -179.9703758 179.877853 359.8482288 1.713431642 95.07628323 179.8635109 11.89602502 0.8824080329
6 32694 5549 5546 3 -0.7863069415 75.01818083 -85.13404928 121.0962136 206.2302629 -179.624785 179.5951767 359.2199617 0.1939771491 123.8889808 179.696853 44.79700809 0.3545789777
7 16324 15123 15122 1 -2.190441425 24.68486302 -12.47569849 17.20193791 29.6776364 -179.2801184 179.7185532 358.9986716 2.596663826 39.6311621 178.2469239 303.2775441 0.9360989163
8 57507 14674 14671 3 -4.510164823 35.73910191 -28.55740443 63.70611161 92.26351604 -179.6196514 178.9948469 358.6144983 1.503269484 95.78895818 179.7331564 192.3616123 0.856727111
9 221423 8940 8927 13 -3.323810165 71.35790513 -133.7820231 96.99940745 230.7814305 -179.4036086 178.2505211 357.6541297 -0.3332380405 129.4379405 179.8235615 52.50564229 0.4442210929

K=14, STD=0.01429118132
n = trajectories per cluster; conditions overlap.
n = 1: clusters=0/14 (0.00%); trajectories=0/194124 (0.00%)
n < 10: clusters=0/14 (0.00%); trajectories=0/194124 (0.00%)
n < 100: clusters=0/14 (0.00%); trajectories=0/194124 (0.00%)

K=14, phase=backward, parameter=eps [km^2/s^2]
cluster representative_source n_cluster n_valid n_missing median std p05 p95 width90 minimum maximum range skewness error95 error_max angle_origin_deg angle_resultant
0 128398 31854 31854 0 -0.1041455524 0.0272552396 -0.1538562698 -0.06646155513 0.08739471462 -0.200789842 -0.04380722131 0.1569826207 -0.4721419826 0.05921260499 0.1061461772 nan nan
1 39208 8671 8671 0 -0.98526205 0.02002023795 -1.003753584 -0.9659760053 0.03777757919 -1.020754723 -0.8066104959 0.2141442273 5.694068799 0.02198775655 0.1812779301 nan nan
2 49624 8687 8687 0 -0.8698062191 0.02107306928 -0.9040535168 -0.8377596542 0.06629386266 -0.9754363726 -0.8178989602 0.1575374124 -0.1685944217 0.04229023494 0.09564886794 nan nan
3 171855 22666 22666 0 -0.2305154719 0.01379338703 -0.2469707949 -0.202963412 0.04400738296 -0.2595672675 -0.1882043667 0.07136290082 0.4183463935 0.02894782256 0.04370686787 nan nan
4 40478 9300 9300 0 -0.864683687 0.02437185935 -0.905946518 -0.8319169305 0.0740295875 -0.9182613159 -0.8096339905 0.1086273254 -0.1660556471 0.05064025844 0.07292319843 nan nan
5 140920 27743 27743 0 -0.1877907812 0.03332618443 -0.2268659294 -0.12814913 0.09871679948 -0.2396972761 -0.04394829849 0.1957489776 0.3569893617 0.06280957954 0.147010411 nan nan
6 28932 2844 2844 0 -0.8174700142 0.01411661608 -0.8564514207 -0.8074342624 0.04901715836 -0.8706160659 -0.8062084723 0.06440759363 -1.445359127 0.0374460548 0.05161069998 nan nan
7 5959 5526 5526 0 -0.9168305634 0.03475478731 -0.9583924928 -0.845522772 0.1128697209 -0.9678043715 -0.8170591537 0.1507452178 0.5911451121 0.07760475131 0.1060683696 nan nan
8 57825 14071 14071 0 -0.9388067095 0.01910426062 -0.9688332824 -0.9104257085 0.05840757393 -1.020836128 -0.8382630086 0.1825731197 0.2263488798 0.03285218734 0.09904726392 nan nan
9 221020 5971 5971 0 -0.2496998309 0.01097379735 -0.257933689 -0.2269776686 0.03095602038 -0.2595396483 -0.1685355458 0.09100410247 1.816771464 0.01761116977 0.07605329259 nan nan
10 16751 14024 14024 0 -0.8967168115 0.03403968574 -0.9625804349 -0.855345554 0.1072348809 -0.9873660162 -0.8188357319 0.1685302843 -0.3918167339 0.05902931175 0.08492991858 nan nan
11 101915 13142 13142 0 -0.1687377307 0.02714112074 -0.2027400198 -0.1177088993 0.08503112055 -0.2203051252 -0.04387907749 0.1764260477 0.9996898976 0.05286678788 0.1266966097 nan nan
12 34081 3466 3466 0 -0.890711387 0.05140942294 -0.9755410854 -0.8254802104 0.150060875 -1.020743755 -0.8078433336 0.2129004217 -0.1476233905 0.08343467781 0.111928249 nan nan
13 161766 26159 26159 0 -0.1735938801 0.02713949218 -0.2108409905 -0.1228292077 0.0880117828 -0.2498086618 -0.1070746853 0.1427339765 0.1735298923 0.05488636569 0.07514321311 nan nan

K=14, phase=backward, parameter=e [-]
cluster representative_source n_cluster n_valid n_missing median std p05 p95 width90 minimum maximum range skewness error95 error_max angle_origin_deg angle_resultant
0 128398 31854 31854 0 0.7513721446 0.06586262525 0.6308430201 0.8416156674 0.2107726472 0.5125146789 0.8956261106 0.3831114318 -0.5041967452 0.1433946062 0.2617229475 nan nan
1 39208 8671 8671 0 0.5232026091 0.03578607081 0.494600163 0.5495023456 0.0549021826 0.1694347377 0.5728758046 0.4034410669 -7.13412474 0.03242219383 0.3574591606 nan nan
2 49624 8687 8687 0 0.329131055 0.04274722203 0.2582929956 0.3937050715 0.1354120759 0.2033387333 0.5088916189 0.3055528856 -0.01576397843 0.09083538917 0.1601223539 nan nan
3 171855 22666 22666 0 0.4350212607 0.03719466992 0.3893707743 0.508163979 0.1187932047 0.3526417655 0.5462144328 0.1935726673 0.3738017033 0.07742805972 0.1154590902 nan nan
4 40478 9300 9300 0 0.3185412466 0.05026438697 0.2440550224 0.3968519035 0.1527968811 0.1805935826 0.4170346165 0.2364410339 0.02765970154 0.1098383438 0.1732997837 nan nan
5 140920 27743 27743 0 0.546188633 0.08377726516 0.4448990508 0.6933730537 0.2484740029 0.4088853038 0.8952915353 0.4864062315 0.3187089484 0.1552768175 0.3571952991 nan nan
6 28932 2844 2844 0 0.2044364754 0.03722405257 0.1722623073 0.3014217839 0.1291594766 0.168193931 0.3311178945 0.1629239635 1.156405836 0.09179179045 0.121487901 nan nan
7 5959 5526 5526 0 0.4155604535 0.06366372387 0.2764535043 0.4829657797 0.2065122754 0.204082779 0.4973510031 0.2932682241 -0.8345057817 0.1492646433 0.2216353687 nan nan
8 57825 14071 14071 0 0.4523938272 0.03115026662 0.4048910763 0.499046662 0.09415558562 0.2604265039 0.5729713754 0.3125448715 -0.4862931213 0.05222079768 0.1894706661 nan nan
9 221020 5971 5971 0 0.3813902297 0.03048917588 0.3575244164 0.4442655567 0.08674114034 0.3526634878 0.5953270064 0.2426635186 1.687897695 0.04744219575 0.1985036454 nan nan
10 16751 14024 14024 0 0.3797677511 0.06068651798 0.2978296718 0.4892971363 0.1914674644 0.2093090935 0.5262844357 0.3169753423 0.2385850324 0.1035351051 0.1831828341 nan nan
11 101915 13142 13142 0 0.5939039565 0.06700711769 0.5079283399 0.7186856057 0.2107572659 0.4615243521 0.8954556795 0.4339313274 0.9365727732 0.1295487056 0.3063187794 nan nan
12 34081 3466 3466 0 0.3691375689 0.09724458669 0.2269871485 0.5089869891 0.2819998406 0.1743351206 0.5728380059 0.3985028853 -0.04616792643 0.1747357208 0.2273877487 nan nan
13 161766 26159 26159 0 0.5822128267 0.06776225526 0.4873232205 0.7063209227 0.2189977023 0.3804979314 0.7442977461 0.3637998147 0.1071027361 0.1363230692 0.1989156469 nan nan

K=14, phase=backward, parameter=w [deg]
cluster representative_source n_cluster n_valid n_missing median std p05 p95 width90 minimum maximum range skewness error95 error_max angle_origin_deg angle_resultant
0 128398 31854 31854 0 -1.228345399 5.020341284 -5.912516313 10.95541701 16.86793333 -9.50492181 15.83844842 25.34337023 1.035159475 13.70313902 18.58617043 20.09259362 0.9961700473
1 39208 8671 8671 0 -0.7218091626 6.286179061 -8.975871429 11.05840506 20.03427649 -15.83846808 27.78251182 43.6209799 0.5439354526 17.34476955 34.06887631 191.9124417 0.99400027
2 49624 8687 8687 0 0.2884153016 5.048427888 -6.305986334 5.138127385 11.44411372 -35.6336052 13.06766167 48.70126688 -3.558107598 7.839094042 35.39901738 207.1794068 0.9961833995
3 171855 22666 22666 0 0.2326364563 5.392414683 -8.523453743 7.27616494 15.79961868 -11.62783403 10.71866297 22.346497 -0.1072437815 13.97717904 17.08155933 26.33912642 0.995577037
4 40478 9300 9300 0 -2.050527342 6.66755447 -7.506538591 11.41559263 18.92213122 -33.68280248 15.17227807 48.85508056 -0.3312055468 14.80948929 30.73315844 205.1823638 0.9932716413
5 140920 27743 27743 0 0.08951272925 2.600738844 -3.898559927 3.60894625 7.507506177 -16.97009511 9.474816918 26.44491203 -0.7650387609 5.962820152 18.91686909 27.58831905 0.9989710779
6 28932 2844 2844 0 2.425208306 13.22182279 -27.6314211 14.25228393 41.88370503 -32.52759712 15.79696548 48.3245626 -0.8177875884 37.04566778 41.94184379 204.1426672 0.9736855351
7 5959 5526 5526 0 -3.812624703 14.10762422 -14.67082137 23.2330908 37.90391217 -23.96420953 24.58339469 48.54760422 0.4202918694 38.50978327 39.86008716 195.4678991 0.9699264657
8 57825 14071 14071 0 -0.2626106533 5.184089303 -7.330769439 8.810990653 16.14176009 -27.65426992 18.43520457 46.08947449 0.1648838531 11.27338613 25.36980018 200.912496 0.9959180687
9 221020 5971 5971 0 1.355357968 5.638021434 -10.51046536 6.352661536 16.86312689 -15.74348965 7.326023677 23.06951332 -0.6259736778 13.96297835 14.93634049 29.39294154 0.9951673113
10 16751 14024 14024 0 -0.6424882797 4.421298779 -5.602871742 6.610778886 12.21365063 -18.52139535 29.45858606 47.97998141 1.52259903 8.071711204 30.90650918 190.0181434 0.9970349395
11 101915 13142 13142 0 2.895823165 7.000867642 -13.94599919 7.185715006 21.1317142 -15.90787682 9.601739369 25.50961619 -0.9898724598 18.72443123 20.68630887 26.52298352 0.9925589977
12 34081 3466 3466 0 -2.026199014 8.993617268 -9.304645845 17.70053944 27.00518528 -29.2536854 19.52252728 48.77621268 0.2508282911 23.62247018 25.44445803 200.7060911 0.9877659296
13 161766 26159 26159 0 -0.8267646762 4.620558339 -5.586227175 12.66520064 18.25142781 -11.26908077 13.76866295 25.03774372 1.533787277 11.85181629 12.95242944 23.18750966 0.9967576577

K=14, phase=forward, parameter=eps [km^2/s^2]
cluster representative_source n_cluster n_valid n_missing median std p05 p95 width90 minimum maximum range skewness error95 error_max angle_origin_deg angle_resultant
0 128398 31854 31848 6 -0.1513998839 0.1070633079 -0.2113789689 -0.09764786253 0.1137311064 -0.9588840688 -0.0747059112 0.8841781576 -5.386437438 0.07506346508 0.822568565 nan nan
1 39208 8671 8668 3 -0.9023801429 0.07946814473 -0.9831017253 -0.8504808354 0.13262089 -1.020173947 -0.1149958038 0.9051781428 6.587642387 0.09043894096 0.7781834496 nan nan
2 49624 8687 8686 1 -0.2338180737 0.02431632981 -0.248540025 -0.2121925641 0.03634746092 -0.9510333919 -0.1710503046 0.7799830873 -19.35659679 0.02236766976 0.7172672842 nan nan
3 171855 22666 22662 4 -0.8758380959 0.03280925243 -0.9323232739 -0.839310886 0.09301238796 -1.019554213 -0.1320786311 0.8874755821 4.295475525 0.05729123715 0.7438719945 nan nan
4 40478 9300 9290 10 -0.170973984 0.0809913075 -0.2085480758 -0.07133006862 0.1372180072 -0.9780247679 -0.04398107964 0.9340436883 -6.178383098 0.1052607428 0.811104075 nan nan
5 140920 27743 27741 2 -0.9345673305 0.02913176886 -0.967553685 -0.8878696712 0.07968401377 -1.020820046 -0.2579661683 0.7628538777 2.025500257 0.04530832233 0.6704987863 nan nan
6 28932 2844 2839 5 -0.2518370087 0.299579096 -0.8918111016 -0.1437127849 0.7480983167 -0.9840399596 -0.04389160369 0.9401483559 -0.610598386 0.679118745 0.771347603 nan nan
7 5959 5526 5526 0 -0.884802087 0.03550817005 -0.9685667056 -0.8478187087 0.1207479969 -1.019495257 -0.8106322875 0.2088629696 -0.7011975133 0.1059191217 0.1568476731 nan nan
8 57825 14071 14069 2 -0.1971136131 0.04580821385 -0.2287875298 -0.127840676 0.1009468538 -0.882756198 -0.05154323718 0.8312129608 -6.061354224 0.06531164966 0.6900246866 nan nan
9 221020 5971 5964 7 -0.8201229691 0.2953561125 -0.8843369341 -0.1208932358 0.7634436983 -1.020702889 -0.06609019004 0.9546126986 1.109248846 0.6877279669 0.7425310127 nan nan
10 16751 14024 14023 1 -0.9623018995 0.03543072059 -1.001504485 -0.897227733 0.1042767524 -1.008564402 -0.8083122659 0.2002521357 0.5945079943 0.05582325403 0.1447387211 nan nan
11 101915 13142 13131 11 -0.8665101168 0.04336570439 -0.9416539468 -0.834735384 0.1069185628 -1.020582924 -0.2103713249 0.810211599 5.362876551 0.1028683495 0.6298286755 nan nan
12 34081 3466 3464 2 -0.8835304643 0.05672020227 -0.97573214 -0.8132763346 0.1624558054 -1.020656292 -0.2090278602 0.8116284313 0.8061823306 0.1068069837 0.711055458 nan nan
13 161766 26159 26147 12 -0.111684825 0.05622693365 -0.2117605537 -0.06801810546 0.1437424483 -0.9528603308 -0.04380055914 0.9090597717 -3.371903885 0.0779174533 0.8134412932 nan nan

K=14, phase=forward, parameter=e [-]
cluster representative_source n_cluster n_valid n_missing median std p05 p95 width90 minimum maximum range skewness error95 error_max angle_origin_deg angle_resultant
0 128398 31854 31848 6 0.6370320946 0.1049710351 0.4859963357 0.7669754545 0.2809791188 0.1752735965 0.822037683 0.6467640865 -1.180733563 0.1877894783 0.4985122175 nan nan
1 39208 8671 8668 3 0.3920872147 0.07917244611 0.2896232464 0.5208837116 0.2312604652 0.169493203 0.7251866045 0.5556934015 0.2618561085 0.1482220155 0.3517852275 nan nan
2 49624 8687 8686 1 0.4261573419 0.03192887082 0.3849618982 0.483741173 0.09877927477 0.1957749225 0.5890949099 0.3933199874 -0.01725338521 0.06065453247 0.2299775273 nan nan
3 171855 22666 22662 4 0.3411669843 0.05479027781 0.2622352751 0.4419695895 0.1797343144 0.1700666531 0.6839207812 0.5138541281 0.3542407356 0.103946647 0.3426591772 nan nan
4 40478 9300 9290 10 0.588266713 0.1010997122 0.493102489 0.830077843 0.336975354 0.1698731259 0.8952125964 0.7253394705 0.5801204411 0.2525656056 0.4284334371 nan nan
5 140920 27743 27741 2 0.4454821539 0.05113653538 0.363945493 0.4971150628 0.1331695698 0.170324271 0.5729557573 0.4026314863 -1.792743946 0.07295961806 0.2650921353 nan nan
6 28932 2844 2839 5 0.384079365 0.134514297 0.1928806489 0.6556550946 0.4627744457 0.1722257304 0.8954250633 0.7231993329 0.7337363474 0.293095373 0.4120347892 nan nan
7 5959 5526 5526 0 0.3575733254 0.06433181893 0.2822762955 0.4986343138 0.2163580183 0.1816681563 0.5711935452 0.3895253889 0.3817470548 0.1856116991 0.2581709305 nan nan
8 57825 14071 14069 2 0.5227219678 0.08665908188 0.439774588 0.6941113859 0.2543367979 0.1701598274 0.8772211912 0.7070613638 0.3209784669 0.162160763 0.3634600685 nan nan
9 221020 5971 5964 7 0.2639059138 0.1723920173 0.1749727358 0.7109969719 0.5360242362 0.1710855758 0.842575963 0.6714903873 1.055848697 0.535217476 0.6667964671 nan nan
10 16751 14024 14023 1 0.488855358 0.05739117765 0.3805019101 0.5463830357 0.1658811256 0.1744012197 0.5562090262 0.3818078064 -0.8701644538 0.09398941867 0.3000901091 nan nan
11 101915 13142 13131 11 0.3225274511 0.06372682389 0.2518650511 0.4570521009 0.2051870498 0.1698141831 0.5726195203 0.4028053372 0.6995984176 0.1933278903 0.3088953097 nan nan
12 34081 3466 3464 2 0.3558781599 0.1053375448 0.1914345704 0.5092697597 0.3178351893 0.1685723685 0.5727162374 0.4041438689 -0.05374470509 0.2297004435 0.2525626455 nan nan
13 161766 26159 26147 12 0.7332682082 0.1228649485 0.4850776715 0.8378786808 0.3528010093 0.2062286491 0.8956399398 0.6894112907 -0.8343922346 0.18937952 0.4596068996 nan nan

K=14, phase=forward, parameter=w [deg]
cluster representative_source n_cluster n_valid n_missing median std p05 p95 width90 minimum maximum range skewness error95 error_max angle_origin_deg angle_resultant
0 128398 31854 31848 6 -4.233114728 31.60769213 -22.05406965 48.200431 70.25450066 -179.8546835 179.7963956 359.6510791 0.664735101 76.43776043 179.9764906 173.4412018 0.8806982566
1 39208 8671 8668 3 -2.571474893 25.34264077 -19.57000236 31.64196147 51.21196383 -179.0425674 178.1434902 357.1860577 2.192662221 50.70153012 178.9760989 311.8576873 0.9265724088
2 49624 8687 8686 1 -3.041563889 22.96879728 -27.02404697 37.22886605 64.25291302 -179.3889563 179.9261046 359.3150609 0.8569042537 58.9266487 173.7375084 193.7138216 0.9278500182
3 171855 22666 22662 4 -3.641840941 26.83411083 -22.58071502 48.329759 70.91047403 -176.5557084 179.4552111 356.0109196 1.597822312 70.61466055 179.4058126 16.16790387 0.9137628242
4 40478 9300 9290 10 -13.54851997 50.08546918 -45.35639277 92.03602116 137.3924139 -179.9668167 178.311554 358.2783707 0.3562030072 132.424033 179.9306562 208.1126456 0.6903038543
5 140920 27743 27741 2 -4.689429336 34.14070034 -20.91237696 103.2252235 124.1376005 -179.8623973 179.7820454 359.6444426 2.265550902 121.1398814 179.899102 12.14360387 0.8724595851
6 28932 2844 2839 5 -4.973744101 63.3671365 -75.14562493 105.3177613 180.4633862 -179.9733678 179.9961429 359.9695108 0.1162412741 148.0188914 179.8457281 202.9757165 0.6157760743
7 5959 5526 5526 0 -0.2484030984 47.10481989 -25.95496846 50.83374477 76.78871324 -179.7449616 179.9297261 359.6746877 -1.106446722 138.541991 179.8941088 315.3724226 0.7910176463
8 57825 14071 14069 2 -4.388880114 34.14939159 -28.56972967 58.28558419 86.85531386 -179.7788016 178.8356967 358.6144983 1.619245131 88.52392561 179.8977155 192.5207626 0.8656078882
9 221020 5971 5964 7 -3.059529684 67.69965493 -137.1454993 85.33740802 222.4829074 -179.0557899 176.9879558 356.0437456 -0.5142525988 173.6424437 179.9947551 18.44738807 0.4923583404
10 16751 14024 14023 1 -1.477352401 18.96995021 -11.5977819 14.05878995 25.65657184 -176.9888258 179.7820564 356.7708822 3.348292541 20.94557641 178.6417492 302.838944 0.9617549425
11 101915 13142 13131 11 -1.628358116 43.2697299 -34.61259417 103.126573 137.7391672 -179.8517486 179.2018834 359.0536321 0.505114201 116.4164454 179.8127258 28.38043655 0.7954282235
12 34081 3466 3464 2 -10.01157109 62.02618444 -82.34070164 104.6139368 186.9546385 -179.9657408 179.9446223 359.9103631 0.3121940186 131.3978525 179.8829383 62.47811351 0.5613209734
13 161766 26159 26147 12 -16.13079321 58.53656408 -48.03800666 107.083237 155.1212437 -179.9905241 179.9561882 359.9467122 0.3813257918 132.3801908 179.938225 204.409001 0.5983083261

K=18, STD=0.01335125524
n = trajectories per cluster; conditions overlap.
n = 1: clusters=0/18 (0.00%); trajectories=0/194124 (0.00%)
n < 10: clusters=0/18 (0.00%); trajectories=0/194124 (0.00%)
n < 100: clusters=0/18 (0.00%); trajectories=0/194124 (0.00%)

K=18, phase=backward, parameter=eps [km^2/s^2]
cluster representative_source n_cluster n_valid n_missing median std p05 p95 width90 minimum maximum range skewness error95 error_max angle_origin_deg angle_resultant
0 128398 31228 31228 0 -0.1047057268 0.02667325752 -0.1541507271 -0.06835953307 0.08579119405 -0.200789842 -0.04380722131 0.1569826207 -0.5380375163 0.05950706235 0.1061461772 nan nan
1 21987 4740 4740 0 -0.9375824472 0.01548895686 -0.962235549 -0.9153525053 0.04688304363 -0.9706525249 -0.8950564185 0.07559610631 -0.09420093443 0.02717631194 0.04052742042 nan nan
2 49166 7431 7431 0 -0.8674659583 0.0194106382 -0.8990833265 -0.8373358998 0.06174742677 -0.9315565875 -0.8243049702 0.1072516173 -0.07562805518 0.04051299183 0.05380966547 nan nan
3 208293 6000 6000 0 -0.1682959796 0.05194753247 -0.2305436601 -0.05627612795 0.1742675321 -0.2462223977 -0.04387907749 0.2023433202 0.5475065235 0.1039958524 0.1163929029 nan nan
4 48796 7234 7234 0 -0.945373068 0.03104027642 -0.9716193973 -0.8419808786 0.1296385187 -1.020553626 -0.8295403723 0.1910132535 1.826784416 0.09787224284 0.1103127492 nan nan
5 122456 16862 16862 0 -0.1585662448 0.02537214807 -0.1994708962 -0.123788698 0.07568219825 -0.208891921 -0.04394829849 0.1649436225 0.338681502 0.04141613438 0.1184109171 nan nan
6 28932 2738 2738 0 -0.8177172224 0.01390044398 -0.8494949327 -0.8075051613 0.04198977143 -0.8708893103 -0.8062084723 0.06468083802 -1.46290243 0.03048956679 0.05188394438 nan nan
7 5959 5138 5138 0 -0.9170774582 0.03254319711 -0.9587213681 -0.8535898021 0.1051315659 -0.9681332895 -0.8197018449 0.1484314446 0.5084771606 0.06953772114 0.1034256784 nan nan
8 81619 8172 8172 0 -0.9310559118 0.01865550355 -0.9572325019 -0.9038008038 0.05343169813 -1.020836128 -0.8337092539 0.1871268745 0.4257272034 0.03269610058 0.0955199476 nan nan
9 219846 5600 5600 0 -0.2507270774 0.009450521849 -0.2580474958 -0.2319425027 0.02610499315 -0.2595672675 -0.1757200014 0.08384726609 2.070088071 0.01579664762 0.07201914888 nan nan
10 13960 9062 9062 0 -0.8794619959 0.01778700975 -0.9093003758 -0.8528381996 0.05646217623 -0.9156646804 -0.8066952124 0.108969468 -0.01355009993 0.0305970499 0.07518190176 nan nan
11 154309 27447 27447 0 -0.2178586048 0.0296818536 -0.2460857939 -0.1550216219 0.09106417198 -0.2564271707 -0.1128222155 0.1436049552 0.7191917017 0.06614148557 0.1083408919 nan nan
12 34080 3292 3292 0 -0.8852194793 0.04912077659 -0.9703039486 -0.8249939821 0.1453099665 -1.020743755 -0.8068517879 0.2138919673 -0.2210228671 0.08302230068 0.1127734384 nan nan
13 161766 26156 26156 0 -0.1736206144 0.02714151529 -0.2108738851 -0.1228850697 0.08798881543 -0.2494595301 -0.1070746853 0.1423848448 0.1713432499 0.05492712446 0.07479408142 nan nan
14 168732 14242 14242 0 -0.219155587 0.01184758106 -0.2333110297 -0.1941255275 0.03918550219 -0.2539871645 -0.1746669118 0.0793202527 0.7336159096 0.02670159183 0.04592858469 nan nan
15 74960 5227 5227 0 -0.9883778501 0.04011246348 -1.005159927 -0.8423081661 0.1628517607 -1.020754723 -0.8065266032 0.2142281201 3.284791924 0.1574018333 0.1931833963 nan nan
16 41395 9307 9307 0 -0.8656659566 0.02295894828 -0.9038390571 -0.8322515347 0.07158752235 -0.9182613159 -0.8096339905 0.1086273254 -0.102678127 0.04837497175 0.07099251602 nan nan
17 50657 4248 4248 0 -0.9817487114 0.01143020124 -0.9935088932 -0.9653804389 0.02812845434 -1.020134973 -0.8325358432 0.1875991296 5.366268605 0.02190566741 0.1546806861 nan nan

K=18, phase=backward, parameter=e [-]
cluster representative_source n_cluster n_valid n_missing median std p05 p95 width90 minimum maximum range skewness error95 error_max angle_origin_deg angle_resultant
0 128398 31228 31228 0 0.7499887981 0.06448734124 0.6300956266 0.8370667771 0.2069711506 0.5125146789 0.8956261106 0.3831114318 -0.5698566414 0.1441419998 0.2617229475 nan nan
1 21987 4740 4740 0 0.4499220438 0.02510848216 0.4127919698 0.4889159467 0.07612397691 0.377865056 0.5015846715 0.1237196155 0.04224659131 0.04329552692 0.06881175315 nan nan
2 49166 7431 7431 0 0.3243132889 0.0399313519 0.257174545 0.384822779 0.127648234 0.2212747976 0.4394687349 0.2181939373 -0.07421617829 0.08765197782 0.1235333803 nan nan
3 208293 6000 6000 0 0.5955240359 0.1283533178 0.4348775006 0.8658756548 0.4309981543 0.3906839974 0.8954556795 0.5047716821 0.4883525655 0.2502384018 0.2798184264 nan nan
4 48796 7234 7234 0 0.4627923845 0.0557223386 0.2692543337 0.5032175525 0.2339632188 0.2375309614 0.5726100257 0.3350790642 -2.222058858 0.1846518083 0.2163751806 nan nan
5 122456 16862 16862 0 0.6190673101 0.06262309819 0.516455468 0.7038948404 0.1874393724 0.4922151284 0.8952915353 0.4030764069 0.2877566355 0.1026155714 0.2855927667 nan nan
6 28932 2738 2738 0 0.2050812936 0.03666831461 0.1725368817 0.2856634775 0.1131265958 0.168193931 0.3316732564 0.1634793254 1.162406113 0.07603348411 0.1220432629 nan nan
7 5959 5138 5138 0 0.4159390261 0.0587304337 0.2950506177 0.4834756439 0.1884250263 0.208478005 0.4976500486 0.2891720436 -0.744913862 0.13066753 0.2172401426 nan nan
8 81619 8172 8172 0 0.4397731146 0.03135055141 0.3933939667 0.481459502 0.08806553524 0.2486481218 0.5729713754 0.3243232537 -0.8008427791 0.05254089045 0.1817380105 nan nan
9 219846 5600 5600 0 0.378426591 0.02636876645 0.3571573555 0.4308084548 0.07365109932 0.3526417655 0.5774913853 0.2248496198 1.924872178 0.04300361628 0.1896865468 nan nan
10 13960 9062 9062 0 0.3472884516 0.03474918897 0.2924178258 0.4022756513 0.1098578254 0.1698247327 0.4134082931 0.2435835604 -0.1386879293 0.0598137875 0.1821417529 nan nan
11 154309 27447 27447 0 0.469006016 0.07674707148 0.3918763896 0.6276874191 0.2358110295 0.3616334231 0.7308438266 0.3692104035 0.6557505911 0.1681375486 0.271293956 nan nan
12 34080 3292 3292 0 0.3588414265 0.09401072155 0.225883752 0.5011777987 0.2752940467 0.1706212708 0.5728380059 0.4022167351 0.01695028922 0.174358052 0.2296205332 nan nan
13 161766 26156 26156 0 0.5821289008 0.06777275585 0.4872240772 0.7062103628 0.2189862856 0.381488341 0.7442977461 0.3628094051 0.1046711322 0.1364257758 0.1979252373 nan nan
14 168732 14242 14242 0 0.4654234239 0.03100018723 0.4274087749 0.5299624769 0.102553702 0.3685913825 0.5801137771 0.2115223947 0.6716709046 0.06954040416 0.1188063249 nan nan
15 74960 5227 5227 0 0.5276908897 0.07384637101 0.2700864514 0.5514655973 0.2813791459 0.1691570339 0.5728758046 0.4037187707 -3.551223723 0.2738180862 0.3747475036 nan nan
16 41395 9307 9307 0 0.3204961538 0.0474295138 0.2448779987 0.3930822378 0.1482042391 0.1805935826 0.4170346165 0.2364410339 -0.04095096294 0.1053330768 0.1696174929 nan nan
17 50657 4248 4248 0 0.518103215 0.0184592764 0.4937019726 0.5350801306 0.041378158 0.2463107941 0.5719985499 0.3256877558 -7.160190338 0.03241801766 0.2796879953 nan nan

K=18, phase=backward, parameter=w [deg]
cluster representative_source n_cluster n_valid n_missing median std p05 p95 width90 minimum maximum range skewness error95 error_max angle_origin_deg angle_resultant
0 128398 31228 31228 0 -1.288340138 4.959838635 -5.82815386 10.89737426 16.72552812 -9.627846659 15.71552357 25.34337023 1.09389131 13.76802112 18.58617043 20.21551847 0.9962616212
1 21987 4740 4740 0 -0.8453914374 5.322285329 -4.829906178 16.56735021 21.39725638 -14.30895333 27.474662 41.78361533 2.699805196 18.66974328 29.57705507 188.5696437 0.9957191999
2 49166 7431 7431 0 0.4302276158 5.190729981 -6.383055533 4.854254393 11.23730993 -35.59084151 13.11042536 48.70126688 -3.864572697 7.556534054 35.66599999 207.1366431 0.9959720349
3 208293 6000 6000 0 -0.4482801597 7.438849814 -9.411542796 15.00211706 24.41365985 -9.896996989 16.14725781 26.0442548 0.4836437142 21.1973712 22.34251195 20.51210369 0.9915983251
4 48796 7234 7234 0 -1.296569929 5.127248013 -5.274892465 12.24055911 17.51545157 -24.5737891 21.32942853 45.90321763 1.554506443 15.36239713 24.41590869 198.3676468 0.9960110211
5 122456 16862 16862 0 0.2503756591 2.338062311 -3.158702907 2.810887303 5.96959021 -16.56526258 8.792557453 25.35782003 -1.831305419 3.841220221 16.93635363 27.18348652 0.999169015
6 28932 2738 2738 0 2.397420004 13.19590668 -27.6462876 14.24673805 41.89302565 -32.38972511 15.78446858 48.17419369 -0.824874709 37.04803737 41.79147489 204.1551641 0.9737895943
7 5959 5138 5138 0 -3.919288708 13.80897536 -13.87421501 23.13756595 37.01178096 -23.14175359 25.37977136 48.52152495 0.4965206915 37.59180248 39.83400789 194.6454432 0.9711869248
8 81619 8172 8172 0 -0.2410156902 4.398185709 -5.178482013 6.949299291 12.1277813 -30.86962509 15.68815929 46.55778438 -0.7297471858 8.005497914 33.24767372 204.0077887 0.9970692037
9 219846 5600 5600 0 1.100301976 5.248995533 -9.582669166 6.160736192 15.74340536 -15.42104452 7.165758752 22.58680327 -0.6012964866 12.86402805 13.86905061 29.49091703 0.9958104115
10 13960 9062 9062 0 0.01272843109 4.036051436 -6.057355487 5.76682272 11.82417821 -19.43935405 28.54062736 47.97998141 0.9462007891 6.471052929 29.07893737 190.9361021 0.997528059
11 154309 27447 27447 0 1.731217278 5.430399637 -9.87492021 6.299577233 16.17449744 -15.67555013 9.731598268 25.4071484 -0.5769334439 15.34124698 21.1418769 27.32619113 0.995515771
12 34080 3292 3292 0 -2.183461229 9.184043952 -9.598260032 17.42795937 27.02621941 -29.5972963 19.17891639 48.77621268 0.1567234854 23.55683396 25.30779098 201.0497019 0.9872445124
13 161766 26156 26156 0 -0.8299056861 4.626697343 -5.589842337 12.67636584 18.26620817 -11.27245102 13.76529271 25.03774372 1.534777076 11.87296792 12.95242944 23.19087991 0.9967490497
14 168732 14242 14242 0 0.584008243 3.378725364 -6.428474263 3.72142119 10.14989545 -13.97856577 9.089780031 23.0683458 -0.7009937259 8.693915536 16.24400704 27.97335594 0.9982632092
15 74960 5227 5227 0 -1.211495689 8.498070121 -10.5039275 13.00466753 23.50859504 -14.87541556 27.18517736 42.06059293 0.9597158684 13.70433976 27.86548482 192.8661165 0.9890798842
16 41395 9307 9307 0 -1.999058685 6.502202851 -7.153689269 11.34193607 18.49562534 -33.79325647 15.06182409 48.85508056 -0.3142544087 13.96323139 31.54491453 205.2928178 0.9936009308
17 50657 4248 4248 0 -1.035386523 5.13815982 -6.607072397 9.795684526 16.40275692 -15.76208213 27.8524553 43.61453744 0.9941705416 12.59127363 30.64474948 191.8360557 0.9959918763

K=18, phase=forward, parameter=eps [km^2/s^2]
cluster representative_source n_cluster n_valid n_missing median std p05 p95 width90 minimum maximum range skewness error95 error_max angle_origin_deg angle_resultant
0 128398 31228 31222 6 -0.1501775442 0.05047273639 -0.2018913102 -0.097508768 0.1043825422 -0.8722826578 -0.0747059112 0.7975767466 -6.801095926 0.0655758064 0.7359671539 nan nan
1 21987 4740 4740 0 -0.9574623315 0.03638197734 -0.9922779609 -0.8918811815 0.1003967794 -0.996149841 -0.8067662246 0.1893836165 0.6943857458 0.05205635304 0.1370862651 nan nan
2 49166 7431 7430 1 -0.2356864434 0.02478280179 -0.2489239088 -0.2169832008 0.03194070797 -0.8328770221 -0.1798612854 0.6530157367 -19.77503168 0.0197475399 0.5970803928 nan nan
3 208293 6000 5989 11 -0.8437963894 0.04749295342 -0.9697051502 -0.8184018567 0.1513032934 -1.020582924 -0.1842740331 0.8363088907 -0.1418660433 0.1201656535 0.6653877543 nan nan
4 48796 7234 7234 0 -0.1527179013 0.06333888843 -0.1962076694 -0.1157082889 0.08049938048 -0.8406275335 -0.04458452764 0.7960430058 -7.937624971 0.06915900375 0.6971236791 nan nan
5 122456 16862 16861 1 -0.9407838264 0.03245696651 -0.9693729499 -0.8870155956 0.0823573543 -0.9770447709 -0.2576291681 0.7194156028 2.901943161 0.04434580464 0.6723586459 nan nan
6 28932 2738 2732 6 -0.2507763325 0.2918315657 -0.870309937 -0.1379085654 0.7324013716 -0.9840399596 -0.04389160369 0.9401483559 -0.685692379 0.6576175804 0.771347603 nan nan
7 5959 5138 5138 0 -0.8838091919 0.03442565035 -0.9673508787 -0.8475212548 0.1198296239 -0.9819994091 -0.8129505283 0.1690488807 -0.7644187544 0.1047032947 0.1193518251 nan nan
8 81619 8172 8170 2 -0.2165905425 0.02071027744 -0.2323982857 -0.1931432418 0.03925504394 -0.9289080589 -0.1405327221 0.7883753368 -18.49316067 0.02541100796 0.7125836576 nan nan
9 219846 5600 5593 7 -0.8183450611 0.30173753 -0.9006393352 -0.1195290478 0.7811102874 -1.020392173 -0.06609019004 0.9543019831 1.016798625 0.6885275874 0.7419664452 nan nan
10 13960 9062 9060 2 -0.9632261267 0.03667260992 -1.00337138 -0.8974615172 0.1059098627 -1.019495257 -0.8079093284 0.2115859287 0.5869399296 0.05637194881 0.1459180754 nan nan
11 154309 27447 27440 7 -0.8706767511 0.03079703097 -0.920274384 -0.8410314342 0.07924294973 -1.019546536 -0.1320786311 0.8874679048 7.852566379 0.0529365237 0.7359327205 nan nan
12 34080 3292 3289 3 -0.8830290452 0.05581323021 -0.9757289241 -0.8135497364 0.1621791877 -1.020656292 -0.2096074205 0.811048871 0.3639583151 0.111378699 0.7153210149 nan nan
13 161766 26156 26146 10 -0.1116844119 0.05282424946 -0.2116330985 -0.06801792989 0.1436151686 -0.8267214822 -0.04380055914 0.782920923 -2.239701197 0.07784469611 0.6873024445 nan nan
14 168732 14242 14242 0 -0.9227726022 0.02425942578 -0.9526803634 -0.8879133892 0.06476697423 -1.020820046 -0.8088001609 0.212019885 0.6756584764 0.04496163888 0.107321191 nan nan
15 74960 5227 5224 3 -0.8799240333 0.03502351189 -0.9496414276 -0.8499394249 0.09970200271 -1.020173947 -0.128030365 0.8921435816 4.248836067 0.06582248043 0.7588383181 nan nan
16 41395 9307 9300 7 -0.1768972575 0.07373878833 -0.2127339798 -0.1017650357 0.1109689441 -0.9780247679 -0.04398107964 0.9340436883 -6.771364748 0.08925959398 0.7989105827 nan nan
17 50657 4248 4248 0 -0.950784609 0.03381912396 -0.9850341737 -0.891791648 0.09324252571 -1.017761335 -0.8065969142 0.2111644212 1.032641046 0.05271757815 0.1378440315 nan nan

K=18, phase=forward, parameter=e [-]
cluster representative_source n_cluster n_valid n_missing median std p05 p95 width90 minimum maximum range skewness error95 error_max angle_origin_deg angle_resultant
0 128398 31228 31222 6 0.6400307585 0.09045610297 0.510726385 0.7672995186 0.2565731337 0.1946760287 0.822037683 0.6273616543 -0.5698156339 0.163059429 0.4791097853 nan nan
1 21987 4740 4740 0 0.4814549964 0.06036444379 0.3707987596 0.533351196 0.1625524365 0.1702037848 0.5388564165 0.3686526317 -0.9822224227 0.08921222344 0.2898071982 nan nan
2 49166 7431 7430 1 0.4208875699 0.02861355398 0.3838391548 0.471231514 0.08739235921 0.1957749225 0.5671631893 0.3713882668 -0.2559717565 0.05380364432 0.2244376576 nan nan
3 208293 6000 5989 11 0.2728860816 0.08841401262 0.206416177 0.5002786913 0.2938625142 0.1698141831 0.5726195203 0.4028053372 0.9403305133 0.2136500893 0.2859909183 nan nan
4 48796 7234 7234 0 0.6334018583 0.08154815607 0.5249764084 0.7234617011 0.1984852927 0.1699024182 0.893771873 0.7238694548 -0.3546989173 0.1727858518 0.4861272237 nan nan
5 122456 16862 16861 1 0.455432383 0.05621461083 0.3623600943 0.499861144 0.1375010497 0.1704928964 0.5112590529 0.3407661565 -1.955135006 0.07550976324 0.2673769611 nan nan
6 28932 2738 2732 6 0.3829175641 0.1388404428 0.1922491605 0.6698430519 0.4775938914 0.1722257304 0.8954250633 0.7231993329 0.818258458 0.2936098234 0.4120347892 nan nan
7 5959 5138 5138 0 0.355700671 0.06251866952 0.2820428997 0.4967291636 0.2146862639 0.1914905578 0.5185090086 0.3270184508 0.4360971133 0.1837065489 0.205486394 nan nan
8 81619 8172 8170 2 0.4722975612 0.03487096272 0.4299985996 0.5326983441 0.1026997445 0.2153038587 0.6639248231 0.4486209644 0.2156769076 0.06507788041 0.2581856321 nan nan
9 219846 5600 5593 7 0.2652889553 0.1764904589 0.1747544028 0.7143112348 0.539556832 0.1711237845 0.842575963 0.6714521785 0.9447755471 0.5399872251 0.6682519534 nan nan
10 13960 9062 9060 2 0.4902326224 0.05924151684 0.3808817434 0.548972072 0.1680903286 0.1731515918 0.5711935452 0.3980419534 -0.8642638183 0.09479433976 0.3025009133 nan nan
11 154309 27447 27440 7 0.3308971813 0.04656790264 0.266191172 0.4218895295 0.1556983575 0.1700666531 0.6839207812 0.5138541281 0.4800840883 0.09847513169 0.3586176435 nan nan
12 34080 3292 3289 3 0.3546921911 0.10585588 0.1925094687 0.5092694162 0.3167599475 0.1685723685 0.5727162374 0.4041438689 -0.04764417934 0.2367866248 0.260723725 nan nan
13 161766 26156 26146 10 0.7332721741 0.1225440336 0.4853635051 0.8378795454 0.3525160403 0.2062286491 0.8956399398 0.6894112907 -0.8224935805 0.189088075 0.4596068996 nan nan
14 168732 14242 14242 0 0.4259806942 0.04295070979 0.3641423861 0.474400267 0.1102578809 0.176276511 0.5729557573 0.3966792463 -1.210259973 0.07386576059 0.238449594 nan nan
15 74960 5227 5224 3 0.3484657862 0.05670869238 0.2862855676 0.4699401125 0.1836545449 0.1816681563 0.6937205124 0.5120523561 0.7232752029 0.1168405051 0.3319949392 nan nan
16 41395 9307 9300 7 0.5736281622 0.09146640615 0.4822833026 0.7573671297 0.2750838271 0.1698731259 0.8952125964 0.7253394705 0.5726774073 0.2157746187 0.3979977924 nan nan
17 50657 4248 4248 0 0.4710964346 0.05799355721 0.370810449 0.5229157925 0.1521053435 0.169493203 0.5688579778 0.3993647748 -1.504720285 0.09047931484 0.2915460226 nan nan

K=18, phase=forward, parameter=w [deg]
cluster representative_source n_cluster n_valid n_missing median std p05 p95 width90 minimum maximum range skewness error95 error_max angle_origin_deg angle_resultant
0 128398 31228 31222 6 -4.847221308 29.26021335 -22.84418051 47.57996407 70.42414458 -179.8926184 179.7005182 359.5931366 1.269561369 72.41938837 179.9764906 174.6697779 0.8974583204
1 21987 4740 4740 0 -2.786352923 26.74287695 -13.99129293 40.25546642 54.24675936 -178.3195524 177.9185015 356.2380539 3.122077056 48.09799093 177.9345237 304.1696706 0.9248282535
2 49166 7431 7430 1 -2.633068062 21.62632552 -25.71027988 34.36369924 60.07397912 -179.3033595 176.2455577 355.5489172 0.8126437394 54.53993704 175.2118997 193.6282248 0.9359878704
3 208293 6000 5989 11 -13.07556759 42.59766194 -43.57803946 75.93855622 119.5165957 -179.4625279 178.7632325 358.2257605 0.6023541535 119.9834934 179.3729328 82.13488193 0.7568101337
4 48796 7234 7234 0 -8.093611131 47.82954665 -30.60496724 116.5520302 147.1569975 -178.7980316 179.9402742 358.7383058 1.140353409 138.2412449 179.9296864 194.5288558 0.7497452874
5 122456 16862 16861 1 -4.173889837 31.39480858 -20.48443619 48.27859524 68.76303143 -178.5074471 179.5475916 358.0550388 1.329688364 71.31478492 179.7921079 12.73361497 0.8934949119
6 28932 2738 2732 6 -4.892066083 57.85715516 -66.31282232 95.44028769 161.75311 -179.8081179 179.8122823 359.6204001 0.2822783298 140.2175921 179.8457281 203.4096216 0.6579415733
7 5959 5138 5138 0 -15.36440613 45.50453026 -121.712932 45.68945322 167.4023852 -179.7384536 179.9766326 359.7150862 -1.634984203 137.3974483 179.8941088 313.2799668 0.8057333014
8 81619 8172 8170 2 -2.983417979 25.24406828 -29.83251503 43.35649432 73.18900935 -172.4635774 178.9437206 351.4072979 0.9680558476 47.72375282 177.4244341 194.1419358 0.9128537606
9 219846 5600 5593 7 -0.8029348938 68.49937374 -132.9343121 92.55719354 225.4915057 -178.3641623 179.6786888 358.0428511 -0.4042148275 166.2819567 179.0996257 13.79950611 0.4776287973
10 13960 9062 9060 2 -1.081124747 19.63855425 -10.35720773 12.5957947 22.95300243 -179.6047303 177.7895492 357.3942795 2.054198711 17.95348239 179.6538828 302.2257307 0.9612665293
11 154309 27447 27440 7 -2.880224678 22.20724772 -21.57519936 35.32847411 56.90367347 -179.9335598 179.9552393 359.8887992 -0.2952830351 56.63602375 178.8784098 15.55667483 0.9381214459
12 34080 3292 3289 3 -10.67502789 63.5358935 -83.22993106 104.998561 188.228492 -179.0757866 179.8816309 358.9574176 0.3002137235 130.8164929 179.8080302 62.63074176 0.5386073668
13 161766 26156 26146 10 -16.15583518 58.47066742 -48.06124138 106.968597 155.0298384 -179.9563449 179.9854878 359.9418327 0.3853077387 132.236812 179.938225 204.4863422 0.5989247152
14 168732 14242 14242 0 -4.907733138 27.79920185 -18.08405763 32.69256013 50.77661776 -179.6665094 179.9775277 359.6440371 2.203386187 47.24171134 179.9921949 8.956413631 0.9138614982
15 74960 5227 5224 3 -5.508352793 27.51809828 -20.14637791 57.96267371 78.10905162 -179.220901 177.9651567 357.1860577 1.516478644 69.00273101 178.3249919 312.0360209 0.9069641049
16 41395 9307 9300 7 -13.35371097 47.44259769 -41.93334012 92.36916822 134.3025083 -178.2694255 179.4024531 357.6718786 0.5289220594 131.2528819 179.9727529 204.6936251 0.7207249219
17 50657 4248 4248 0 -2.320246908 30.59221477 -21.50650145 94.39778558 115.904287 -179.3993651 156.6016566 336.0010216 2.468464119 105.2422091 170.2015729 316.3027674 0.8944303765

K=23, STD=0.0127557911
n = trajectories per cluster; conditions overlap.
n = 1: clusters=0/23 (0.00%); trajectories=0/194124 (0.00%)
n < 10: clusters=0/23 (0.00%); trajectories=0/194124 (0.00%)
n < 100: clusters=0/23 (0.00%); trajectories=0/194124 (0.00%)

K=23, phase=backward, parameter=eps [km^2/s^2]
cluster representative_source n_cluster n_valid n_missing median std p05 p95 width90 minimum maximum range skewness error95 error_max angle_origin_deg angle_resultant
0 128106 30980 30980 0 -0.1046673216 0.026500953 -0.1540180474 -0.06867971813 0.08533832929 -0.2005066396 -0.04380722131 0.1566994183 -0.5679639485 0.05975043697 0.1062390292 nan nan
1 22427 4532 4532 0 -0.9380084033 0.01538649872 -0.9627286196 -0.9158567137 0.04687190588 -0.9706821246 -0.9023694218 0.06831270288 -0.1087446233 0.02696027651 0.0344931322 nan nan
2 30751 1720 1720 0 -0.8219019509 0.01638329379 -0.8585513045 -0.8075257452 0.0510255593 -0.883036926 -0.8062327658 0.07680416028 -0.7730549472 0.03820382452 0.06268944604 nan nan
3 221317 4362 4362 0 -0.2155520398 0.03851087111 -0.2548418073 -0.1341227763 0.120719031 -0.2582250091 -0.1074113674 0.1508136417 0.6430897625 0.08503653448 0.1117479433 nan nan
4 58136 12619 12619 0 -0.9346298846 0.01680835021 -0.9590367185 -0.9082678242 0.05076889427 -1.020739299 -0.838584608 0.182154691 0.399626654 0.02802062338 0.09355327077 nan nan
5 127595 3652 3652 0 -0.1282281975 0.05160166792 -0.210975299 -0.04709770951 0.1638775895 -0.2198245336 -0.04387907749 0.1759454561 0.06174711827 0.09470210837 0.09792074039 nan nan
6 22050 1731 1731 0 -0.8250342061 0.01386401594 -0.8554096851 -0.8125141896 0.04289549549 -1.017355824 -0.8072311716 0.2101246525 -3.491432693 0.03112239151 0.1930685305 nan nan
7 8822 3027 3027 0 -0.9213450049 0.02491830905 -0.9593317018 -0.8809213666 0.07841033521 -0.9699743336 -0.8483053376 0.121668996 0.07936555182 0.0436128107 0.07589399301 nan nan
8 67258 1766 1766 0 -0.9674559893 0.005838956577 -0.9745641901 -0.9626543505 0.01190983966 -1.020836128 -0.9595309195 0.06130520888 -4.512884572 0.007226521538 0.05349068251 nan nan
9 172743 4515 4515 0 -0.2490127739 0.01423228946 -0.258231102 -0.2135769758 0.04465412619 -0.2595672675 -0.1845778019 0.07498946564 1.142986393 0.03473320765 0.06373238158 nan nan
10 14142 8910 8910 0 -0.8793267645 0.01773742217 -0.9095890892 -0.8529387288 0.05665036038 -0.9156646804 -0.820152169 0.09551251131 -0.08045753683 0.03064948888 0.06196338005 nan nan
11 154309 27438 27438 0 -0.2178519924 0.02980835 -0.2461981912 -0.1549311234 0.09126706783 -0.2581905542 -0.1058680932 0.152322461 0.7154259513 0.06623198409 0.1152950142 nan nan
12 99245 2857 2857 0 -0.9104369372 0.03515210319 -0.9587769627 -0.8504128118 0.1083641509 -0.971612478 -0.8332703898 0.1383420881 0.175109631 0.0575970461 0.07005701435 nan nan
13 161476 25184 25184 0 -0.1717896233 0.02542794229 -0.2059023343 -0.1219505618 0.08395177249 -0.2362196083 -0.1070746853 0.129144923 0.3621096713 0.05266663504 0.0672717581 nan nan
14 168732 15039 15039 0 -0.2198729137 0.01320700123 -0.2359743518 -0.1944039433 0.0415704085 -0.2582555126 -0.1698814267 0.08837408587 0.2549902637 0.02986007749 0.05071406978 nan nan
15 76537 4877 4877 0 -0.9901299754 0.01240152127 -1.005269379 -0.9665064036 0.03876297533 -1.020754723 -0.9620409644 0.05871375883 0.3029592203 0.03293607163 0.03740151076 nan nan
16 42086 8720 8720 0 -0.8695510183 0.02178581862 -0.9044853788 -0.8383419853 0.06614339347 -0.9182613159 -0.8074104994 0.1108508165 -0.04898873659 0.0427092685 0.0736407544 nan nan
17 49752 4179 4179 0 -0.9819786349 0.008485160986 -0.9935694193 -0.9656258051 0.02794361423 -1.020134973 -0.9622137061 0.05792126668 0.2433274884 0.02122351967 0.03333346756 nan nan
18 122456 16365 16365 0 -0.1593471276 0.02360834189 -0.1996272579 -0.1254029434 0.07422431445 -0.208891921 -0.04394829849 0.1649436225 -0.09158560668 0.04035484851 0.1184109171 nan nan
19 30062 578 578 0 -0.8149969981 0.01310586201 -0.8477994685 -0.8066494616 0.04115000684 -0.8730865002 -0.8062084723 0.06687802794 -1.488204309 0.03092250707 0.05620953886 nan nan
20 34315 1955 1955 0 -0.9132329935 0.04094667359 -0.9760454758 -0.8486941641 0.1273513118 -1.020743755 -0.8261789952 0.19456476 0.04004830274 0.06563711575 0.1081390588 nan nan
21 34650 1529 1529 0 -0.8360154062 0.0365713825 -0.9498365872 -0.824617723 0.1252188642 -1.002029453 -0.8097828514 0.1922466017 -2.475537456 0.1160116394 0.1682045053 nan nan
22 49623 7589 7589 0 -0.8692767903 0.02034317855 -0.9021545017 -0.8376209011 0.0645336006 -0.9754363726 -0.830359954 0.1450764186 -0.08997582551 0.04167517915 0.09628518459 nan nan

K=23, phase=backward, parameter=e [-]
cluster representative_source n_cluster n_valid n_missing median std p05 p95 width90 minimum maximum range skewness error95 error_max angle_origin_deg angle_resultant
0 128106 30980 30980 0 0.7501649327 0.0640785583 0.6303600763 0.8362997089 0.2059396326 0.5132441295 0.8956261106 0.3823819811 -0.5996427765 0.1447783956 0.2618943424 nan nan
1 22427 4532 4532 0 0.4506008463 0.02490856875 0.4136444123 0.4895645684 0.07592015605 0.3910460557 0.5016345196 0.1105884639 0.05857134494 0.0427283683 0.05662085922 nan nan
2 30751 1720 1720 0 0.2171903197 0.04305212622 0.1725631666 0.3060170606 0.133453894 0.1683444931 0.3529563713 0.1846118782 0.5587579972 0.09250856051 0.1394478712 nan nan
3 221317 4362 4362 0 0.4751291503 0.09969951219 0.366662583 0.6794510297 0.3127884468 0.3566637373 0.7438227878 0.3871590505 0.5664130863 0.2131408618 0.2775126199 nan nan
4 58136 12619 12619 0 0.4456308619 0.02782595128 0.401175657 0.4841547801 0.08297912308 0.2612016163 0.5728514127 0.3116497963 -0.660167727 0.04514537991 0.1802858474 nan nan
5 127595 3652 3652 0 0.6931845399 0.1258950159 0.4869484031 0.8877841046 0.4008357016 0.4627754376 0.8954556795 0.4326802418 0.02869904345 0.2275104983 0.2351820731 nan nan
6 22050 1731 1731 0 0.2260650027 0.03327413151 0.1885726395 0.2984259641 0.1098533246 0.1720649884 0.5683087456 0.3962437573 2.293814691 0.0745275607 0.3444103422 nan nan
7 8822 3027 3027 0 0.4229296655 0.04269146095 0.3498026978 0.4842459531 0.1344432553 0.2824158144 0.5004312289 0.2180154145 -0.1871887921 0.07781300265 0.1451998861 nan nan
8 67258 1766 1766 0 0.4969792273 0.008536770299 0.4896695579 0.5075963696 0.01792681165 0.4850437433 0.5729713754 0.0879276321 4.244644257 0.01082505973 0.07619606341 nan nan
9 172743 4515 4515 0 0.3830773366 0.03916692504 0.3565913733 0.479481565 0.1228901917 0.3526417655 0.555349464 0.2027076985 1.096367593 0.09475484342 0.1706227424 nan nan
10 14142 8910 8910 0 0.3470534408 0.03451772439 0.2926157968 0.4027821619 0.1101663651 0.209753035 0.4134082931 0.2036552581 -0.03221358457 0.0599374476 0.1426771516 nan nan
11 154309 27438 27438 0 0.4690377111 0.07708399201 0.3915646701 0.6279235332 0.236358863 0.3567892051 0.7475373127 0.3907481076 0.6511745451 0.1683736626 0.2879874422 nan nan
12 99245 2857 2857 0 0.4049615707 0.06325960241 0.2877542843 0.4838702326 0.1961159483 0.24817224 0.5033271554 0.2551549155 -0.3260250671 0.1057642621 0.1445951362 nan nan
13 161476 25184 25184 0 0.5866881301 0.06308022498 0.5002040466 0.7084551831 0.2082511365 0.4184802697 0.7442977461 0.3258174764 0.3212923046 0.1292731535 0.1640896774 nan nan
14 168732 15039 15039 0 0.4635657134 0.03488928878 0.4200044553 0.5293256802 0.1093212249 0.3565500024 0.5919951165 0.2354451141 0.1479195825 0.07841585253 0.1306876643 nan nan
15 76537 4877 4877 0 0.5302466343 0.01797034257 0.4954503646 0.5516247789 0.05617441429 0.4882844047 0.5728758046 0.0845913999 -0.3367924755 0.0480814603 0.05524742021 nan nan
16 42086 8720 8720 0 0.3283589795 0.04445310278 0.2597110583 0.3942440873 0.134533029 0.1717112539 0.4170346165 0.2453233627 -0.09704910365 0.09133137179 0.1793311762 nan nan
17 49752 4179 4179 0 0.5184413405 0.01248122837 0.4940953693 0.5351930545 0.0410976852 0.4886581369 0.5719985499 0.08334041304 -0.283462934 0.03139032574 0.04660540907 nan nan
18 122456 16365 16365 0 0.6171377549 0.05845077274 0.5160739639 0.6999870783 0.1839131144 0.4922151284 0.8952915353 0.4030764069 -0.1189594767 0.09990781463 0.2855927667 nan nan
19 30062 578 578 0 0.1971740903 0.03550449533 0.1696242134 0.2808007004 0.111176487 0.168193931 0.3361355799 0.1679416489 1.144702572 0.07723605435 0.1325709338 nan nan
20 34315 1955 1955 0 0.4094512563 0.07234964209 0.2836934935 0.5097609721 0.2260674786 0.2262177443 0.5728380059 0.3466202616 -0.210642882 0.1249651918 0.1821029117 nan nan
21 34650 1529 1529 0 0.2544173336 0.06990964295 0.2250569077 0.4697038108 0.2446469031 0.1810878115 0.5472175968 0.3661297853 2.298287747 0.2206324413 0.2981462273 nan nan
22 49623 7589 7589 0 0.3280456554 0.04151909523 0.2578273647 0.3903426512 0.1325152865 0.239498846 0.5088916189 0.2693927729 -0.07144495425 0.08981260037 0.1613510974 nan nan

K=23, phase=backward, parameter=w [deg]
cluster representative_source n_cluster n_valid n_missing median std p05 p95 width90 minimum maximum range skewness error95 error_max angle_origin_deg angle_resultant
0 128106 30980 30980 0 -1.308388981 4.959621315 -5.814278406 10.90102756 16.71530597 -9.644004726 15.68798118 25.33198591 1.099743403 13.80642425 18.59337786 20.23167654 0.9962619289
1 22427 4532 4532 0 -0.7859808413 5.096635424 -4.599790103 16.29462927 20.89441937 -14.32672067 26.52261534 40.84933601 2.799370606 18.33077632 28.55876239 188.5874111 0.996073677
2 30751 1720 1720 0 7.587543346 15.25915286 -30.90185238 13.10548133 44.00733371 -33.78208689 13.45092473 47.23301161 -0.9285507574 39.74031055 42.62054506 205.397157 0.9650361916
3 221317 4362 4362 0 -1.647660674 8.358635385 -10.17303316 12.77669316 22.94972631 -11.10231885 13.4355706 24.53788945 0.3362243896 17.73424703 18.39312447 22.93683445 0.9893892379
4 58136 12619 12619 0 -0.04340200166 5.166967352 -7.699678097 8.522041889 16.22171999 -28.3749688 17.8345682 46.209537 0.03910489022 10.56725745 26.46462715 201.5131324 0.9959448865
5 127595 3652 3652 0 2.50375403 6.472316336 -9.983664007 7.54297772 17.52664173 -10.32559969 15.72812157 26.05372126 -0.4139486102 12.89282923 13.23476491 20.94070639 0.9936326574
6 22050 1731 1731 0 1.105716642 6.887357636 -12.96429629 11.60746741 24.57176369 -33.20266615 14.57626473 47.77893089 -1.331981097 15.19721998 35.43558984 204.9420542 0.9928377772
7 8822 3027 3027 0 -1.825094352 6.876345847 -3.830325296 20.76347945 24.59380475 -4.291889426 35.03506015 39.32694957 3.262926801 23.12952758 37.40110827 184.4173485 0.9929110545
8 67258 1766 1766 0 0.01082118264 3.197774772 -4.112910342 4.670815653 8.783725994 -21.84538589 6.695025905 28.54041179 -1.593170713 6.214296186 20.55124339 197.1280632 0.9984472704
9 172743 4515 4515 0 1.688805165 5.340826461 -11.04328692 5.413902604 16.45718952 -16.87377157 5.653129939 22.52690151 -1.027710463 14.77459265 20.60507729 31.30304267 0.9956655989
10 14142 8910 8910 0 0.02404964558 3.858518842 -5.865022814 5.677357808 11.54238062 -19.48224538 28.49773604 47.97998141 0.7272870359 6.333439998 29.01651529 190.9789934 0.9977391594
11 154309 27438 27438 0 1.740352549 5.430126483 -9.896728884 6.285751574 16.18248046 -15.8653517 9.73235287 25.59770457 -0.5911029222 15.36381025 21.33243307 27.32543652 0.9955163096
12 99245 2857 2857 0 2.074216903 9.887196349 -15.38299446 13.45675849 28.83975296 -34.6567491 13.89085512 48.54760422 -0.2614497668 24.80435948 44.07811411 206.1604387 0.9851761465
13 161476 25184 25184 0 -0.4439625721 3.857312266 -5.057703342 10.10564218 15.16334552 -10.76097203 13.81374973 24.57472176 1.549281756 9.160333177 12.4932045 22.67940092 0.9977394029
14 168732 15039 15039 0 0.56246642 3.636070629 -6.770213335 3.980286433 10.75049977 -14.24525717 9.102776721 23.34803389 -0.6277854934 9.048651297 16.52369513 27.96035925 0.9979888714
15 76537 4877 4877 0 -0.5454477215 6.728530943 -9.288861896 11.72850206 21.01736395 -10.88483137 14.28877656 25.17360794 0.2875801819 11.19103143 13.40322705 191.6042738 0.9931199405
16 42086 8720 8720 0 -1.803369798 6.509399143 -6.890325227 12.0208201 18.91114532 -33.27900924 15.57607131 48.85508056 -0.2336041735 13.95994834 31.76118096 204.7785706 0.9935893834
17 49752 4179 4179 0 -0.984323364 4.910123931 -6.499137977 9.75125252 16.2503905 -15.68429696 13.40136264 29.0856596 0.647467362 12.68906611 16.32786681 191.7582705 0.9963340082
18 122456 16365 16365 0 0.1777627115 2.07037223 -3.065858888 2.679397123 5.745256011 -16.6941674 8.663652629 25.35782003 -1.262029281 3.587262173 16.93635363 27.31239134 0.9993480476
19 30062 578 578 0 3.859213918 13.77043174 -26.56264869 14.98896161 41.5516103 -32.53166536 15.44200675 47.97367211 -0.6982362027 37.2190066 43.18802327 204.5077307 0.9714355223
20 34315 1955 1955 0 -1.273454038 7.818947864 -6.091681851 19.21387291 25.30555476 -25.93849141 22.83772127 48.77621268 0.9411359481 22.79017943 25.96080481 197.3908971 0.9907728237
21 34650 1529 1529 0 1.601400632 6.491446185 -15.39970182 9.12023875 24.51994057 -31.96661733 9.889590524 41.85620785 -1.348305538 17.43175416 33.99866967 209.8074848 0.9936134192
22 49623 7589 7589 0 0.4261731299 4.858905 -6.1471426 4.717665279 10.86480788 -35.54786982 13.15339706 48.70126688 -4.186150669 6.573001712 35.54693063 207.0936714 0.9964699392

K=23, phase=forward, parameter=eps [km^2/s^2]
cluster representative_source n_cluster n_valid n_missing median std p05 p95 width90 minimum maximum range skewness error95 error_max angle_origin_deg angle_resultant
0 128106 30980 30976 4 -0.1500831833 0.03565695379 -0.2012090662 -0.097553499 0.1036555672 -0.8608176893 -0.0747059112 0.7861117781 -0.5444094735 0.06436552626 0.7239741494 nan nan
1 22427 4532 4532 0 -0.9601567564 0.03454234543 -0.9923756868 -0.8962155347 0.09616015212 -0.996149841 -0.8088296768 0.1873201642 0.7578372621 0.04990309962 0.1370188233 nan nan
2 30751 1720 1720 0 -0.2419923666 0.03220450129 -0.2563958532 -0.1526767851 0.1037190681 -0.2591843722 -0.07278445935 0.1863999128 2.147800315 0.08350090806 0.1633932338 nan nan
3 221317 4362 4360 2 -0.8417089933 0.03695103693 -0.9511573202 -0.8109633144 0.1401940058 -1.018186568 -0.1842740331 0.8339125351 -0.5212377262 0.1094702073 0.6574400558 nan nan
4 58136 12619 12618 1 -0.2028574975 0.03777695385 -0.2297048371 -0.1333470104 0.0963578267 -0.8373619657 -0.0600863321 0.7772756336 -4.681837375 0.06600879292 0.6382474921 nan nan
5 127595 3652 3640 12 -0.8589393979 0.06172760537 -0.970095445 -0.8166690592 0.1534263858 -1.020582924 -0.1064650305 0.9141178934 3.635938869 0.09832999639 0.8078964603 nan nan
6 22050 1731 1724 7 -0.8247630749 0.114116687 -0.88162281 -0.8120889642 0.06953384584 -1.015045605 -0.04389160369 0.9711540017 5.6694005 0.08851108213 0.7777653047 nan nan
7 8822 3027 3027 0 -0.8800271151 0.025693222 -0.9403196573 -0.8589752918 0.08134436547 -0.9819994091 -0.8129505283 0.1690488807 -1.874555672 0.06410065791 0.1057804097 nan nan
8 67258 1766 1765 1 -0.147243628 0.08119245832 -0.2133160964 -0.1217392005 0.09157689587 -0.882756198 -0.05154323718 0.8312129608 -7.138570025 0.07230965555 0.7417188224 nan nan
9 172743 4515 4506 9 -0.2028092071 0.3288296753 -0.8402709682 -0.1085221998 0.7317487685 -0.8920715892 -0.05348394016 0.8385876491 -0.3131280729 0.7337218636 0.7855224845 nan nan
10 14142 8910 8908 2 -0.9642578809 0.03575952575 -1.003417147 -0.9000788648 0.1033382825 -1.019495257 -0.8083122659 0.2111829911 0.5916531938 0.05482821056 0.1465894916 nan nan
11 154309 27438 27432 6 -0.870685895 0.03076766184 -0.9207540704 -0.8408995338 0.07985453665 -1.019546536 -0.2089997481 0.8105467878 7.353002542 0.05412594778 0.6590116034 nan nan
12 99245 2857 2857 0 -0.9081953962 0.0412680893 -0.9769010516 -0.8452617976 0.1316392541 -0.9814862737 -0.8085486977 0.172937576 -0.003848092067 0.0713453737 0.09940555152 nan nan
13 161476 25184 25176 8 -0.1102495259 0.05250106302 -0.2119566449 -0.06778476367 0.1441718812 -0.8267214822 -0.04380055914 0.782920923 -2.130629446 0.07914583101 0.6856944414 nan nan
14 168732 15039 15039 0 -0.9211936099 0.03104108758 -0.9527977345 -0.8524022329 0.1003955016 -1.020820046 -0.8072575607 0.2135624852 1.187553881 0.06625306499 0.1088637912 nan nan
15 76537 4877 4874 3 -0.8782055044 0.03113167257 -0.933713069 -0.8500389501 0.08367411886 -1.020173947 -0.25793664 0.7622373066 4.310143871 0.05110134256 0.6284593043 nan nan
16 42086 8720 8714 6 -0.1808600221 0.07041721016 -0.2136385851 -0.137060314 0.07657827112 -0.9752300855 -0.04398107964 0.9312490059 -7.651726647 0.05453211494 0.7918856447 nan nan
17 49752 4179 4179 0 -0.9511963531 0.03337735869 -0.9850457596 -0.8948186332 0.09022712637 -1.017761335 -0.8065969142 0.2111644212 1.066359726 0.0480867461 0.1362761083 nan nan
18 122456 16365 16364 1 -0.9419422347 0.02854292325 -0.9694801436 -0.8937019516 0.075778192 -0.9770447709 -0.2576291681 0.7194156028 3.529091012 0.04190624707 0.6723586459 nan nan
19 30062 578 576 2 -0.910666771 0.07726254834 -0.9791586705 -0.8317637609 0.1473949097 -0.9807716408 -0.1335755982 0.8471960426 5.796894991 0.07706641746 0.769033704 nan nan
20 34315 1955 1953 2 -0.9075795652 0.04692418866 -0.9693082425 -0.8208522896 0.1484559529 -1.020656292 -0.2096074205 0.811048871 1.892577119 0.09728323405 0.7027574482 nan nan
21 34650 1529 1529 0 -0.1100708754 0.1371365182 -0.198655928 -0.04639751543 0.1522584125 -0.9289080589 -0.04437929461 0.8845287642 -4.665986919 0.1297538846 0.8600060155 nan nan
22 49623 7589 7589 0 -0.235162727 0.009963824285 -0.2483471912 -0.2172182904 0.03112890085 -0.259414077 -0.1797229989 0.0796910781 0.5095781903 0.01851255688 0.05518409699 nan nan

K=23, phase=forward, parameter=e [-]
cluster representative_source n_cluster n_valid n_missing median std p05 p95 width90 minimum maximum range skewness error95 error_max angle_origin_deg angle_resultant
0 128106 30980 30976 4 0.6402919879 0.08776829994 0.5124726602 0.7671966884 0.2547240282 0.3099506679 0.822037683 0.5120870151 -0.3836679142 0.1600298559 0.3625518482 nan nan
1 22427 4532 4532 0 0.4856801467 0.05694486004 0.3788480771 0.5334798582 0.1546317811 0.1760689075 0.5388564165 0.362787509 -1.0629186 0.08434602305 0.2871251926 nan nan
2 30751 1720 1720 0 0.403571854 0.08385024756 0.3619932534 0.6336577013 0.2716644479 0.3535949382 0.8266182284 0.4730232902 2.014205594 0.2132610178 0.4062215448 nan nan
3 221317 4362 4360 2 0.2679028617 0.07091992065 0.1829045046 0.4721483339 0.2892438292 0.170324271 0.5693291022 0.3990048312 1.558809245 0.2042079354 0.3013887038 nan nan
4 58136 12619 12618 1 0.50780801 0.08011591835 0.4372314483 0.6807553684 0.2435239201 0.1701598274 0.8568787149 0.6867188875 0.5616242362 0.1640162062 0.3471412275 nan nan
5 127595 3652 3640 12 0.3072985435 0.09763360929 0.2057465029 0.5018679004 0.2961213974 0.1698141831 0.7457509923 0.5759368092 0.4502391338 0.2072418618 0.3343595996 nan nan
6 22050 1731 1724 7 0.2272978342 0.09566455906 0.1883679395 0.4040878727 0.2157199332 0.1697123633 0.8954250633 0.7257127 4.195565675 0.1874681347 0.6788053253 nan nan
7 8822 3027 3027 0 0.3481717569 0.04677178814 0.3054826333 0.4550254626 0.1495428293 0.1914905578 0.5185090086 0.3270184508 1.267472662 0.1303463569 0.1777287231 nan nan
8 67258 1766 1765 1 0.6467340457 0.08357162285 0.481048562 0.7089059232 0.2278573613 0.1699024182 0.8772211912 0.707318773 -1.971860835 0.1810807723 0.4921834438 nan nan
9 172743 4515 4506 9 0.508296402 0.2047695985 0.1854544305 0.7407850649 0.5553306344 0.1711702751 0.8726010776 0.7014308025 -0.02909837825 0.5601123906 0.5743965461 nan nan
10 14142 8910 8908 2 0.491859117 0.05754455216 0.3855806659 0.5490424298 0.1634617638 0.1744012197 0.5711935452 0.3967923254 -0.8724587429 0.09179037629 0.3029278332 nan nan
11 154309 27438 27432 6 0.3309113432 0.04733708226 0.2659239531 0.4227484286 0.1568244755 0.1700666531 0.5711940404 0.4011273873 0.4248659285 0.1003192509 0.2458909026 nan nan
12 99245 2857 2857 0 0.4009186355 0.07417459783 0.2760038184 0.511001526 0.2349977076 0.1768984382 0.5177719142 0.3408734759 -0.2566828987 0.1241496512 0.2232550314 nan nan
13 161476 25184 25176 8 0.7366919092 0.1227426835 0.4843080461 0.8384691754 0.3541611293 0.2062286491 0.8956399398 0.6894112907 -0.8770131662 0.1922422 0.4556803348 nan nan
14 168732 15039 15039 0 0.4233798999 0.05889681761 0.2928420096 0.474564113 0.1817221034 0.1716128969 0.5729557573 0.4013428604 -1.815416352 0.1263481451 0.2431132081 nan nan
15 76537 4877 4874 3 0.3452617341 0.05060522751 0.2863605554 0.4440253829 0.1576648275 0.1843337776 0.5721043294 0.3877705518 0.6227222449 0.09241590409 0.2112688966 nan nan
16 42086 8720 8714 6 0.5638784155 0.07479867711 0.480092572 0.6722785439 0.1921859719 0.1771737652 0.8952125964 0.7180388312 -0.2631477995 0.1348669911 0.3800583048 nan nan
17 49752 4179 4179 0 0.4718224988 0.05720034181 0.3763459958 0.5229299736 0.1465839779 0.169493203 0.5688579778 0.3993647748 -1.550227261 0.08223101945 0.2890398827 nan nan
18 122456 16365 16364 1 0.4572716683 0.04718073896 0.3747791996 0.5000188211 0.1252396215 0.1704928964 0.5112590529 0.3407661565 -1.802549732 0.06764395744 0.2673769611 nan nan
19 30062 578 576 2 0.4082995469 0.08730120996 0.2441601633 0.5145689364 0.2704087731 0.1816681563 0.6802876347 0.4986194784 -0.2594055674 0.146722499 0.2895830853 nan nan
20 34315 1955 1953 2 0.3996554921 0.08415419038 0.2162510144 0.4998347803 0.2835837659 0.1685723685 0.5727162374 0.4041438689 -0.6886234831 0.1916541702 0.2393328161 nan nan
21 34650 1529 1529 0 0.7372494179 0.1268817312 0.5185045975 0.8894605533 0.3709559558 0.1705568463 0.8942666422 0.7237097959 -1.399471292 0.3173635327 0.6653112838 nan nan
22 49623 7589 7589 0 0.4224393315 0.02724072617 0.3855335261 0.4706824951 0.085148969 0.3532132518 0.5675076137 0.2142943619 0.4392023553 0.0502373145 0.1448612538 nan nan

K=23, phase=forward, parameter=w [deg]
cluster representative_source n_cluster n_valid n_missing median std p05 p95 width90 minimum maximum range skewness error95 error_max angle_origin_deg angle_resultant
0 128106 30980 30976 4 -4.91193991 28.60592286 -22.90722266 46.78020854 69.6874312 -179.8671756 179.9860479 359.8532235 1.367525907 71.12531628 179.9567487 174.7911117 0.9016969305
1 22427 4532 4532 0 -2.473144279 24.24137768 -13.74001233 37.93084996 51.67086229 -178.4391834 176.660112 355.0992954 3.393192331 45.58423262 178.3079954 304.2893016 0.9375489574
2 30751 1720 1720 0 -7.420146388 33.17663385 -34.71487294 64.42842054 99.14329349 -177.6481861 176.7709885 354.4191746 0.9987760379 62.04638257 179.2027887 217.6747989 0.8517772879
3 221317 4362 4360 2 -8.919004452 33.26881291 -27.39446241 78.81401751 106.2084799 -177.0965528 171.3466212 348.443174 1.465690432 103.6414183 178.8892238 62.73810917 0.8584265514
4 58136 12619 12618 1 -5.798224816 29.9065582 -26.64723071 49.27695547 75.92418619 -179.6642267 179.1444366 358.8086633 1.53487605 74.80880325 179.2147862 190.3711292 0.8898119892
5 127595 3652 3640 12 6.456540332 41.76219092 -56.84874522 69.16311361 126.0118588 -165.8428077 174.4026431 340.2454507 0.4230674768 73.4726091 174.885782 112.3357391 0.7762419254
6 22050 1731 1724 7 -3.327522652 30.48026576 -26.34261577 69.47542704 95.81804281 -175.5777384 179.9884915 355.5662299 1.499180121 87.15224873 173.1463704 161.8056712 0.8936965224
7 8822 3027 3027 0 -3.952669234 23.81082173 -6.829281135 49.3035394 56.13282053 -174.2671052 174.3735409 348.6406462 0.3807841153 59.2577099 179.3889875 296.3552773 0.9397332367
8 67258 1766 1765 1 -7.524879751 46.20455295 -23.50730257 121.7337241 145.2410267 -178.3610852 178.9436088 357.3046941 1.259035649 141.7333694 179.9667238 205.7186337 0.7795589774
9 172743 4515 4506 9 -14.34372456 66.46258425 -85.40252112 94.55050983 179.9530309 -163.0399928 177.3420987 340.3820915 0.06482994253 153.9344084 179.9197706 307.3750694 0.4287985461
10 14142 8910 8908 2 -0.9824631957 17.95791031 -10.2470143 12.39942684 22.64644114 -171.2972479 171.1741109 342.4713588 2.802702239 17.57309545 175.9004141 302.2450957 0.9668184186
11 154309 27438 27432 6 -2.874696532 22.03101075 -21.56908423 35.11493424 56.68401847 -179.966126 179.9226732 359.8887992 0.001595556295 56.17250283 178.3173414 15.589241 0.9386821268
12 99245 2857 2857 0 -6.812341226 44.04520906 -24.42797021 79.90804555 104.3360158 -179.354705 179.4572397 358.8119446 1.80014424 87.27277153 179.936209 342.3220608 0.8140365433
13 161476 25184 25176 8 -16.3460188 58.50316195 -46.21001618 108.3061862 154.5162023 -179.9466329 179.9560961 359.902729 0.3969543623 130.857172 179.9304016 202.4665274 0.5984244847
14 168732 15039 15039 0 -4.331413659 27.33049753 -18.83158838 32.66203426 51.49362264 -179.9707818 179.5565864 359.5273682 2.061604469 48.56267986 179.9921949 9.73331781 0.9150096113
15 76537 4877 4874 3 -3.498080105 22.83925752 -16.78935248 34.76869993 51.55805241 -178.5823087 178.7010677 357.2833764 1.684799602 40.93638369 177.2581899 308.5834863 0.9393847931
16 42086 8720 8714 6 -13.90002614 44.46741625 -37.07218916 95.33655716 132.4087463 -175.9326534 176.7911477 352.723801 0.9249495909 130.2136518 179.9238817 200.0287316 0.7561694369
17 49752 4179 4179 0 -1.985516627 28.38737646 -20.92974911 27.75260627 48.68235538 -178.9197103 157.0813113 336.0010216 2.519204141 83.84830974 169.56739 315.8231127 0.9080642278
18 122456 16365 16364 1 -3.425887905 23.74024117 -19.2196767 37.13139381 56.35107051 -175.1459739 176.5851874 351.7311613 1.35125231 53.11405928 179.1433025 11.55114895 0.9339475867
19 30062 578 576 2 -5.558553454 44.91174391 -31.69103547 123.5774224 155.2684578 -57.09256576 176.9359142 234.02848 1.815350757 147.3592116 174.4098973 31.2223275 0.7753630546
20 34315 1955 1953 2 -2.671803473 34.70310832 -55.02176324 46.47807043 101.4998337 -178.664373 179.7828783 358.4472513 -0.9846613242 63.99347248 171.6529898 46.58057571 0.8648803617
21 34650 1529 1529 0 -5.223604053 47.14693637 -33.35839284 95.80252397 129.1609168 -176.1291996 178.4976639 354.6268635 0.2266849232 133.345095 178.5186946 275.9361006 0.7721798502
22 49623 7589 7589 0 -2.786878647 21.58001201 -25.39530851 35.42527529 60.8205838 -178.9887207 176.5601965 355.5489172 0.7705101387 55.85400908 171.765442 193.313586 0.9361455115

K=27, STD=0.01205830023
n = trajectories per cluster; conditions overlap.
n = 1: clusters=0/27 (0.00%); trajectories=0/194124 (0.00%)
n < 10: clusters=0/27 (0.00%); trajectories=0/194124 (0.00%)
n < 100: clusters=0/27 (0.00%); trajectories=0/194124 (0.00%)

K=27, phase=backward, parameter=eps [km^2/s^2]
cluster representative_source n_cluster n_valid n_missing median std p05 p95 width90 minimum maximum range skewness error95 error_max angle_origin_deg angle_resultant
0 144351 45542 45542 0 -0.1237374151 0.03763019978 -0.1898866558 -0.07167182733 0.1182148285 -0.2031997007 -0.04383479669 0.159364904 -0.1754495581 0.07178979124 0.08509725961 nan nan
1 22427 4532 4532 0 -0.9380084033 0.01538649872 -0.9627286196 -0.9158567137 0.04687190588 -0.9706821246 -0.9023694218 0.06831270288 -0.1087446233 0.02696027651 0.0344931322 nan nan
2 30751 1717 1717 0 -0.8218948351 0.0163778272 -0.8585741495 -0.8075252615 0.05104888805 -0.883036926 -0.8062327658 0.07680416028 -0.775936834 0.03822666952 0.06268944604 nan nan
3 221195 4355 4355 0 -0.2141771243 0.03806004562 -0.2547010446 -0.1340179674 0.1206830773 -0.2582250091 -0.111022155 0.1472028541 0.6035723563 0.08234158932 0.1053374017 nan nan
4 50147 6044 6044 0 -0.9369687752 0.01657841304 -0.9605185234 -0.9095904506 0.05092807287 -0.9622160199 -0.8957849806 0.06643103935 0.1350227478 0.02789718723 0.03703086324 nan nan
5 127305 3336 3336 0 -0.1295332899 0.05335290749 -0.2113694548 -0.04678009173 0.1645893631 -0.2198245336 -0.04387907749 0.1759454561 0.07375441842 0.09467091149 0.09757192573 nan nan
6 22050 1731 1731 0 -0.8250342061 0.01386401594 -0.8554096851 -0.8125141896 0.04289549549 -1.017355824 -0.8072311716 0.2101246525 -3.491432693 0.03112239151 0.1930685305 nan nan
7 8822 3015 3015 0 -0.9211940812 0.02489636313 -0.9593463317 -0.8808915677 0.07845476393 -0.9699743336 -0.8483053376 0.121668996 0.07248320213 0.0436186872 0.07589399301 nan nan
8 80416 7406 7406 0 -0.9302955582 0.01822591705 -0.9556423627 -0.9031083304 0.05253403231 -1.020739299 -0.8363612138 0.1843780852 0.5161583999 0.03168947841 0.09613250793 nan nan
9 175498 2919 2919 0 -0.2502408515 0.01181598629 -0.2565833155 -0.2277456265 0.02883768896 -0.2595672675 -0.167809753 0.09175751449 2.373395228 0.01799416765 0.07793004117 nan nan
10 14142 8910 8910 0 -0.8793267645 0.01773742217 -0.9095890892 -0.8529387288 0.05665036038 -0.9156646804 -0.820152169 0.09551251131 -0.08045753683 0.03064948888 0.06196338005 nan nan
11 176287 17402 17402 0 -0.2336528434 0.01329324424 -0.24760882 -0.2045733465 0.04303547349 -0.2586212621 -0.1925020556 0.0661192065 0.6560902497 0.03042146034 0.04249275124 nan nan
12 99245 2846 2846 0 -0.9102565018 0.03514246895 -0.9587248329 -0.8503397237 0.1083851092 -0.971612478 -0.8332703898 0.1383420881 0.1702388448 0.05760221998 0.07005701435 nan nan
13 156237 2360 2360 0 -0.177270958 0.03353302319 -0.2046882648 -0.1077732562 0.09691500855 -0.2339634096 -0.105120127 0.1288432826 0.4950604541 0.06301253514 0.06560024519 nan nan
14 168732 13781 13781 0 -0.2190508479 0.01170130882 -0.232673266 -0.1938483036 0.03882496249 -0.2512478079 -0.1747090529 0.07653875501 0.8137584694 0.02686466745 0.0458864436 nan nan
15 76537 4874 4874 0 -0.9901437239 0.01240055231 -1.005271803 -0.9665057393 0.0387660635 -1.020754723 -0.9620409644 0.05871375883 0.3044069158 0.03293673589 0.03740151076 nan nan
16 41854 8536 8536 0 -0.8683045131 0.02102476602 -0.902293339 -0.8382598613 0.06403347771 -0.9182613159 -0.8074104994 0.1108508165 -0.04301817803 0.04175798634 0.07260734825 nan nan
17 49752 4179 4179 0 -0.9819786349 0.008485160986 -0.9935694193 -0.9656258051 0.02794361423 -1.020134973 -0.9622137061 0.05792126668 0.2433274884 0.02122351967 0.03333346756 nan nan
18 125038 14730 14730 0 -0.1610316413 0.02454506854 -0.2022401353 -0.1256857314 0.07655440391 -0.2115735804 -0.04394829849 0.1676252819 -0.0833627487 0.0414451511 0.1198940123 nan nan
19 30062 578 578 0 -0.8149969981 0.01310586201 -0.8477994685 -0.8066494616 0.04115000684 -0.8730865002 -0.8062084723 0.06687802794 -1.488204309 0.03092250707 0.05620953886 nan nan
20 34315 1949 1949 0 -0.9131053967 0.04097415747 -0.9760515562 -0.8486649241 0.1273866321 -1.020743755 -0.8261789952 0.19456476 0.03584430577 0.06563939952 0.1081390588 nan nan
21 34650 1433 1433 0 -0.835556445 0.03013647352 -0.906208512 -0.8243968402 0.08181167178 -1.002029453 -0.8097828514 0.1922466017 -3.676715411 0.07238356417 0.1682045053 nan nan
22 48939 7080 7080 0 -0.8676067738 0.01914716163 -0.8982483177 -0.8373296203 0.06091869735 -0.9225686439 -0.830359954 0.09220868994 -0.04478644942 0.04011247048 0.04700343513 nan nan
23 151127 3687 3687 0 -0.2300413068 0.02291865537 -0.2583495769 -0.1897905574 0.06855901951 -0.2593276385 -0.1755857606 0.0837418779 0.2272438241 0.04688361008 0.06108840689 nan nan
24 67258 1759 1759 0 -0.9674824081 0.005691944927 -0.9745521976 -0.9626740771 0.01187812043 -1.020836128 -0.9622035491 0.05863257922 -4.549179243 0.007206751741 0.05349068251 nan nan
25 117692 12103 12103 0 -0.17436457 0.02246652443 -0.2083111124 -0.1392903784 0.06902073399 -0.2165461216 -0.05073280375 0.1658133178 0.3387187961 0.03956061235 0.128118187 nan nan
26 149482 7320 7320 0 -0.1654723159 0.03539798449 -0.2094415208 -0.1111950556 0.09824646519 -0.2320399875 -0.04380722131 0.1882327662 0.1890677949 0.05799815001 0.1253284231 nan nan

K=27, phase=backward, parameter=e [-]
cluster representative_source n_cluster n_valid n_missing median std p05 p95 width90 minimum maximum range skewness error95 error_max angle_origin_deg angle_resultant
0 144351 45542 45542 0 0.7042067773 0.0915183213 0.5413877343 0.8291311254 0.2877433911 0.5074307805 0.8955575814 0.3881268009 -0.1976513646 0.1764856455 0.2104393542 nan nan
1 22427 4532 4532 0 0.4506008463 0.02490856875 0.4136444123 0.4895645684 0.07592015605 0.3910460557 0.5016345196 0.1105884639 0.05857134494 0.0427283683 0.05662085922 nan nan
2 30751 1717 1717 0 0.2171699155 0.04303787014 0.172560212 0.306044972 0.13348476 0.1683444931 0.3529563713 0.1846118782 0.5610643832 0.09253647194 0.1394478712 nan nan
3 221195 4355 4355 0 0.4789111746 0.09850467893 0.3670907325 0.6796979227 0.3126071902 0.3566637373 0.735157011 0.3784932737 0.5266219764 0.2059920875 0.2614511758 nan nan
4 50147 6044 6044 0 0.4493062003 0.02704402212 0.4032795177 0.4864229072 0.08314338951 0.3791861292 0.4891161724 0.1099300432 -0.1847682131 0.04446912536 0.06332988764 nan nan
5 127305 3336 3336 0 0.6900497605 0.130158815 0.4862423996 0.8885555414 0.4023131419 0.4627754376 0.8954556795 0.4326802418 0.04344971386 0.2274319079 0.234332046 nan nan
6 22050 1731 1731 0 0.2260650027 0.03327413151 0.1885726395 0.2984259641 0.1098533246 0.1720649884 0.5683087456 0.3962437573 2.293814691 0.0745275607 0.3444103422 nan nan
7 8822 3015 3015 0 0.4226568475 0.04265816159 0.3497368562 0.4842387643 0.1345019081 0.2824158144 0.5004312289 0.2180154145 -0.1806542679 0.07787884434 0.1451998861 nan nan
8 80416 7406 7406 0 0.438605717 0.03075608762 0.3921333455 0.4789895332 0.08685618773 0.2558045319 0.5728514127 0.3170468807 -0.8732737482 0.05112480103 0.1733919031 nan nan
9 175498 2919 2919 0 0.3799203144 0.03259059894 0.3615442626 0.4434344572 0.08189019465 0.3526417655 0.597116756 0.2444749905 2.217839953 0.0512658105 0.2049481092 nan nan
10 14142 8910 8910 0 0.3470534408 0.03451772439 0.2926157968 0.4027821619 0.1101663651 0.209753035 0.4134082931 0.2036552581 -0.03221358457 0.0599374476 0.1426771516 nan nan
11 176287 17402 17402 0 0.4264752145 0.03599667425 0.3875614822 0.5043159689 0.1167544867 0.3557329462 0.535200477 0.1794675308 0.6092130324 0.08195752934 0.1128420374 nan nan
12 99245 2846 2846 0 0.4045543868 0.06325200952 0.287582776 0.4838323615 0.1962495856 0.24817224 0.5033271554 0.2551549155 -0.3213249147 0.1057685161 0.1445951362 nan nan
13 156237 2360 2360 0 0.5729728041 0.08282181428 0.5035394839 0.7426239378 0.2390844539 0.4246648142 0.7489920442 0.32432723 0.4738685295 0.1536316956 0.1645411633 nan nan
14 168732 13781 13781 0 0.4656873304 0.03058496051 0.4291139257 0.5306900373 0.1015761116 0.3764783542 0.5789293429 0.2024509887 0.7544225903 0.06996926986 0.1176218907 nan nan
15 76537 4874 4874 0 0.5302629903 0.01796899406 0.4954494917 0.551630967 0.05618147529 0.4882844047 0.5728758046 0.0845913999 -0.3382668945 0.04808233315 0.05524742021 nan nan
16 41854 8536 8536 0 0.3257858181 0.04313068493 0.2595781098 0.3903340483 0.1307559385 0.1717112539 0.4170346165 0.2453233627 -0.103241704 0.08947020658 0.1773370625 nan nan
17 49752 4179 4179 0 0.5184413405 0.01248122837 0.4940953693 0.5351930545 0.0410976852 0.4886581369 0.5719985499 0.08334041304 -0.283462934 0.03139032574 0.04660540907 nan nan
18 125038 14730 14730 0 0.6129941335 0.06083105726 0.5093342799 0.6993221002 0.1899878203 0.485250866 0.8952915353 0.4100406693 -0.1115954074 0.1027399704 0.2892487196 nan nan
19 30062 578 578 0 0.1971740903 0.03550449533 0.1696242134 0.2808007004 0.111176487 0.168193931 0.3361355799 0.1679416489 1.144702572 0.07723605435 0.1325709338 nan nan
20 34315 1949 1949 0 0.4091416659 0.07239799042 0.2836119543 0.5097957709 0.2261838166 0.2262177443 0.5728380059 0.3466202616 -0.2064173123 0.1250061099 0.1821029117 nan nan
21 34650 1433 1433 0 0.2533380224 0.05704359806 0.2244569146 0.3973264491 0.1728695344 0.1810878115 0.5472175968 0.3661297853 3.379132914 0.1482550796 0.2981462273 nan nan
22 48939 7080 7080 0 0.3245745599 0.03946736195 0.257164572 0.3833803739 0.1262158018 0.239498846 0.4253899103 0.1858910643 -0.1011109592 0.08689242044 0.1045581465 nan nan
23 151127 3687 3687 0 0.4356162495 0.06178533417 0.3562838834 0.5406709117 0.1843870283 0.3533386986 0.5778355597 0.2244968611 0.180321695 0.1234711319 0.1606357799 nan nan
24 67258 1759 1759 0 0.497006007 0.008327868045 0.4897160762 0.507571299 0.01785522281 0.4888996391 0.5729713754 0.08407173634 4.268909418 0.01079598695 0.07619606341 nan nan
25 117692 12103 12103 0 0.5798170978 0.05607126588 0.4933473241 0.6662403266 0.1728930025 0.4714693659 0.879149594 0.4076802281 0.2943591347 0.09772787761 0.3106371451 nan nan
26 149482 7320 7320 0 0.6021044107 0.08754950977 0.4911866529 0.7343526165 0.2431659637 0.4299217109 0.8956261106 0.4657043998 0.1633718897 0.1416254447 0.3025345462 nan nan

K=27, phase=backward, parameter=w [deg]
cluster representative_source n_cluster n_valid n_missing median std p05 p95 width90 minimum maximum range skewness error95 error_max angle_origin_deg angle_resultant
0 144351 45542 45542 0 -0.5301785308 4.24362736 -5.660456334 9.378698613 15.03915495 -9.700381879 15.00651468 24.70689655 1.068555326 11.18095482 16.80877089 20.43253908 0.9972625426
1 22427 4532 4532 0 -0.7859808413 5.096635424 -4.599790103 16.29462927 20.89441937 -14.32672067 26.52261534 40.84933601 2.799370606 18.33077632 28.55876239 188.5874111 0.996073677
2 30751 1717 1717 0 7.581582138 15.24854334 -30.90155904 13.09293623 43.99449527 -33.79145629 13.44155532 47.23301161 -0.9287390885 39.73064781 42.62054506 205.4065264 0.965084228
3 221195 4355 4355 0 -1.609784565 8.340568179 -10.11708602 12.83922246 22.95630848 -11.00083656 13.49356149 24.49439805 0.3468016215 18.05539907 18.7097381 22.87884356 0.9894351958
4 50147 6044 6044 0 -0.9014940425 4.640751451 -5.166023004 10.7581526 15.92417561 -24.63248262 17.48451287 42.11699549 1.349151059 12.25214602 23.26135723 198.2680323 0.996730642
5 127305 3336 3336 0 2.440833916 6.492994382 -10.09472538 7.838415798 17.93314117 -10.4252007 15.62852057 26.05372126 -0.4110432498 12.89077322 13.22124854 21.0403074 0.9935922932
6 22050 1731 1731 0 1.105716642 6.887357636 -12.96429629 11.60746741 24.57176369 -33.20266615 14.57626473 47.77893089 -1.331981097 15.19721998 35.43558984 204.9420542 0.9928377772
7 8822 3015 3015 0 -1.806333117 6.880525012 -3.808429253 20.80867819 24.61710744 -4.268052016 35.05889756 39.32694957 3.278299321 23.15088891 37.40110827 184.3935111 0.9929031273
8 80416 7406 7406 0 -0.2233774845 4.152765061 -4.964163319 6.43761553 11.40177885 -31.3093361 14.96462183 46.27395793 -0.7470244494 7.412548435 33.18561684 204.3830787 0.997386898
9 175498 2919 2919 0 1.174033024 5.644634142 -10.35461106 6.669777178 17.02438824 -14.98052386 6.921693374 21.90221724 -0.6053042266 15.60092305 20.22683585 28.67254284 0.9951560762
10 14142 8910 8910 0 0.02404964558 3.858518842 -5.865022814 5.677357808 11.54238062 -19.48224538 28.49773604 47.97998141 0.7272870359 6.333439998 29.01651529 190.9789934 0.9977391594
11 176287 17402 17402 0 0.1389606412 5.342589801 -8.467804616 7.304796599 15.77260122 -10.69470868 10.86124841 21.55595709 -0.08984504734 13.82761132 16.05451538 26.19654098 0.9956582265
12 99245 2846 2846 0 2.07511011 9.882360311 -15.36902365 13.43950666 28.8085303 -34.67515997 13.87244425 48.54760422 -0.2620913205 24.77197779 44.07811411 206.1788496 0.9851906336
13 156237 2360 2360 0 -0.02585611453 2.699861421 -3.554209535 4.567402802 8.121612337 -6.289271843 12.87202076 19.1612926 1.798754952 5.976554484 12.23896718 23.59525563 0.9988916966
14 168732 13781 13781 0 0.6593278817 3.356158569 -6.421117601 3.711859927 10.13297753 -13.78834192 9.090325442 22.87866736 -0.6951844049 8.687104285 16.0543286 27.97281053 0.9982862484
15 76537 4874 4874 0 -0.5489852883 6.730090198 -9.287189516 11.73142065 21.01861017 -10.88279621 14.29081173 25.17360794 0.2883784389 11.19146984 13.40322705 191.6022387 0.9931167562
16 41854 8536 8536 0 -1.803202638 6.432375593 -6.669304857 11.92415188 18.59345673 -33.41575503 15.43932552 48.85508056 -0.304287216 13.85267328 31.87969203 204.9153164 0.9937416333
17 49752 4179 4179 0 -0.984323364 4.910123931 -6.499137977 9.75125252 16.2503905 -15.68429696 13.40136264 29.0856596 0.647467362 12.68906611 16.32786681 191.7582705 0.9963340082
18 125038 14730 14730 0 0.1319206613 1.898511438 -2.891894353 2.501773762 5.393668115 -16.60243575 8.250837825 24.85327358 -1.019971717 3.319607561 16.81866491 27.22065969 0.9994516412
19 30062 578 578 0 3.859213918 13.77043174 -26.56264869 14.98896161 41.5516103 -32.53166536 15.44200675 47.97367211 -0.6982362027 37.2190066 43.18802327 204.5077307 0.9714355223
20 34315 1949 1949 0 -1.269256586 7.811817143 -6.07955615 19.21625931 25.29581546 -25.93642323 22.83978945 48.77621268 0.9414951748 22.79221386 25.96080481 197.3888289 0.9907898578
21 34650 1433 1433 0 0.9407578367 5.486781846 -13.48125086 8.498098805 21.97934966 -32.79267544 9.063532408 41.85620785 -1.450344202 14.68724508 33.99866967 210.633543 0.9954361849
22 48939 7080 7080 0 0.4700390457 4.936208853 -6.273337535 4.700537426 10.97387496 -35.55110829 13.15015859 48.70126688 -4.186082841 6.736869127 35.65099833 207.0969099 0.9963579007
23 151127 3687 3687 0 2.612817392 5.473189138 -12.51416284 3.984330006 16.49849285 -18.83265508 4.192650542 23.02530562 -1.614863693 16.21944174 22.53793398 32.76352207 0.9954532324
24 67258 1759 1759 0 0.002781196973 3.125215555 -4.094614414 4.568071448 8.662685862 -21.83596963 6.662557174 28.4985268 -1.522260585 6.092557976 20.55124339 197.118647 0.9985166757
25 117692 12103 12103 0 1.338860483 4.735479908 -13.00457691 4.58504279 17.5896197 -18.44215496 7.595300159 26.03745512 -1.759661975 14.75641002 20.19398807 29.09225109 0.9965956866
26 149482 7320 7320 0 -0.02701022609 3.560964607 -4.920042354 7.037130663 11.95717302 -13.75392202 12.09440973 25.84833175 0.15208859 9.06923882 14.35389376 24.34159384 0.9980732011

K=27, phase=forward, parameter=eps [km^2/s^2]
cluster representative_source n_cluster n_valid n_missing median std p05 p95 width90 minimum maximum range skewness error95 error_max angle_origin_deg angle_resultant
0 144351 45542 45536 6 -0.1259037422 0.0396177598 -0.1939263895 -0.07212559979 0.1218007897 -0.8238947527 -0.05885393284 0.7650408199 -0.7504306262 0.08203005623 0.7119984194 nan nan
1 22427 4532 4532 0 -0.9601567564 0.03454234543 -0.9923756868 -0.8962155347 0.09616015212 -0.996149841 -0.8088296768 0.1873201642 0.7578372621 0.04990309962 0.1370188233 nan nan
2 30751 1717 1717 0 -0.2420403769 0.03211168063 -0.2563961549 -0.1531757608 0.1032203941 -0.2591843722 -0.07278445935 0.1863999128 2.152130018 0.08300193239 0.1633932338 nan nan
3 221195 4355 4353 2 -0.841883877 0.03669611256 -0.9525589301 -0.8125060513 0.1400528787 -1.018186568 -0.1842740331 0.8339125351 -0.520154908 0.1104717103 0.6582362082 nan nan
4 50147 6044 6044 0 -0.164036004 0.06019404082 -0.1997685507 -0.1274064413 0.07236210945 -0.8373619657 -0.0600863321 0.7772756336 -9.025071922 0.0417432765 0.6757724777 nan nan
5 127305 3336 3326 10 -0.8655115394 0.05296482732 -0.9707987034 -0.8168078677 0.1539908357 -1.020582924 -0.1064650305 0.9141178934 0.9259083966 0.09348397522 0.8022954882 nan nan
6 22050 1731 1724 7 -0.8247630749 0.114116687 -0.88162281 -0.8120889642 0.06953384584 -1.015045605 -0.04389160369 0.9711540017 5.6694005 0.08851108213 0.7777653047 nan nan
7 8822 3015 3015 0 -0.8800648394 0.0254124246 -0.9403257632 -0.8593570781 0.08096868511 -0.9819994091 -0.8129505283 0.1690488807 -1.982195668 0.06410676389 0.1057804097 nan nan
8 80416 7406 7405 1 -0.2180343894 0.0135660203 -0.2328672871 -0.1984966565 0.0343706306 -0.8671964417 -0.1717437185 0.6954527233 -14.79268415 0.02320102708 0.6473387549 nan nan
9 175498 2919 2917 2 -0.8252643868 0.02852051192 -0.860765946 -0.8076941164 0.05307182961 -1.019395578 -0.2345626498 0.7848329282 0.331119648 0.05140694398 0.5748952221 nan nan
10 14142 8910 8908 2 -0.9642578809 0.03575952575 -1.003417147 -0.9000788648 0.1033382825 -1.019495257 -0.8083122659 0.2111829911 0.5916531938 0.05482821056 0.1465894916 nan nan
11 176287 17402 17399 3 -0.8710589846 0.02441808247 -0.916183953 -0.8406653737 0.07551857928 -1.016916367 -0.1320786311 0.8848377362 0.8648533096 0.04409594625 0.7408383223 nan nan
12 99245 2846 2846 0 -0.9084205181 0.04097038364 -0.9769051078 -0.8458127177 0.1310923901 -0.9814862737 -0.8085486977 0.172937576 -0.01973068953 0.07105943634 0.09940555152 nan nan
13 156237 2360 2360 0 -0.2365439523 0.02512591779 -0.2584244038 -0.1819745847 0.07644981906 -0.2593009963 -0.1654582361 0.09384276021 0.7103146177 0.05286281658 0.06937916524 nan nan
14 168732 13781 13781 0 -0.9231894254 0.02316024755 -0.9516272991 -0.8909566876 0.06067061153 -1.020820046 -0.8088804017 0.2119396443 0.6637443672 0.03857857367 0.1072409503 nan nan
15 76537 4874 4871 3 -0.878218452 0.02701303688 -0.9337166743 -0.8500464593 0.08367021502 -1.020173947 -0.8107469808 0.2094269658 -0.9551129925 0.05089203296 0.1337780022 nan nan
16 41854 8536 8530 6 -0.1823031269 0.07061032353 -0.2141505169 -0.1372778196 0.07687269724 -0.9752300855 -0.04398107964 0.9312490059 -7.619486744 0.05587700656 0.7907711899 nan nan
17 49752 4179 4179 0 -0.9511963531 0.03337735869 -0.9850457596 -0.8948186332 0.09022712637 -1.017761335 -0.8065969142 0.2111644212 1.066359726 0.0480867461 0.1362761083 nan nan
18 125038 14730 14729 1 -0.94612254 0.023926574 -0.9698995332 -0.9029594563 0.06694007691 -0.9770447709 -0.8068388271 0.1702059437 1.471994393 0.03631500617 0.1297887097 nan nan
19 30062 578 576 2 -0.910666771 0.07726254834 -0.9791586705 -0.8317637609 0.1473949097 -0.9807716408 -0.1335755982 0.8471960426 5.796894991 0.07706641746 0.769033704 nan nan
20 34315 1949 1947 2 -0.9076644166 0.04678481165 -0.969317461 -0.8219920249 0.1473254361 -1.020656292 -0.2096074205 0.811048871 1.91397958 0.09427758935 0.7027574482 nan nan
21 34650 1433 1433 0 -0.1043868122 0.1415861037 -0.1998466936 -0.04634161223 0.1535050814 -0.9289080589 -0.04437929461 0.8845287642 -4.530157413 0.1309446502 0.8600060155 nan nan
22 48939 7080 7080 0 -0.235869328 0.009811571215 -0.2484373031 -0.2180889476 0.03034835543 -0.259414077 -0.1797229989 0.0796910781 0.542554184 0.01825154716 0.05596539208 nan nan
23 151127 3687 3679 8 -0.166942929 0.03694030155 -0.2059320381 -0.1068692405 0.09906279754 -0.2576181628 -0.04671985241 0.2108983104 0.05519065696 0.05099428333 0.1082913461 nan nan
24 67258 1759 1758 1 -0.1473933907 0.08131748366 -0.2133691127 -0.1219198038 0.09144930887 -0.882756198 -0.05154323718 0.8312129608 -7.126660823 0.0724178911 0.7417188224 nan nan
25 117692 12103 12098 5 -0.8748970894 0.02762009582 -0.9321641133 -0.8414066682 0.09075744516 -1.019546536 -0.8068933437 0.2126531922 -0.6411182923 0.06163742631 0.1488371155 nan nan
26 149482 7320 7315 5 -0.1680663722 0.08281868358 -0.2107567864 -0.1118815299 0.09887525645 -0.8664613228 -0.04380055914 0.8226607637 -6.371207219 0.05159607213 0.7047649691 nan nan

K=27, phase=forward, parameter=e [-]
cluster representative_source n_cluster n_valid n_missing median std p05 p95 width90 minimum maximum range skewness error95 error_max angle_origin_deg angle_resultant
0 144351 45542 45536 6 0.698989707 0.09502080834 0.5311810503 0.8280545361 0.2968734857 0.1946760287 0.8597500074 0.6650739788 -0.2202075856 0.2016397697 0.5381447913 nan nan
1 22427 4532 4532 0 0.4856801467 0.05694486004 0.3788480771 0.5334798582 0.1546317811 0.1760689075 0.5388564165 0.362787509 -1.0629186 0.08434602305 0.2871251926 nan nan
2 30751 1717 1717 0 0.4034333957 0.08362161212 0.3619899057 0.6324337984 0.2704438927 0.3535949382 0.8266182284 0.4730232902 2.018042121 0.2120371149 0.4062215448 nan nan
3 221195 4355 4353 2 0.2683153554 0.07002611951 0.187885977 0.474632981 0.2867470041 0.170324271 0.5693291022 0.3990048312 1.615919731 0.2047935189 0.2994896401 nan nan
4 50147 6044 6044 0 0.6055614143 0.06809017196 0.5155882563 0.6951464814 0.1795582251 0.1701598274 0.8568787149 0.6867188875 -1.321214578 0.1021846745 0.4414469127 nan nan
5 127305 3336 3326 10 0.3210470464 0.09784339735 0.2025271134 0.502007625 0.2994805116 0.1698141831 0.7457509923 0.5759368092 0.3303258686 0.19977636 0.3440888532 nan nan
6 22050 1731 1724 7 0.2272978342 0.09566455906 0.1883679395 0.4040878727 0.2157199332 0.1697123633 0.8954250633 0.7257127 4.195565675 0.1874681347 0.6788053253 nan nan
7 8822 3015 3015 0 0.3482768324 0.04595084227 0.3062506349 0.4550331208 0.1487824859 0.1914905578 0.5185090086 0.3270184508 1.432595663 0.126926471 0.1777287231 nan nan
8 80416 7406 7405 1 0.4685429556 0.02985357077 0.4286641641 0.5195690882 0.09090492409 0.3242626434 0.5865382837 0.2622756403 -0.03297746193 0.06019203269 0.1398480353 nan nan
9 175498 2919 2917 2 0.2272750868 0.05774959918 0.1731991152 0.3111112289 0.1379121137 0.1711702751 0.5709867871 0.399816512 2.105378199 0.1313709386 0.3912464968 nan nan
10 14142 8910 8908 2 0.491859117 0.05754455216 0.3855806659 0.5490424298 0.1634617638 0.1744012197 0.5711935452 0.3967923254 -0.8724587429 0.09179037629 0.3029278332 nan nan
11 176287 17402 17399 3 0.3316677323 0.04650926176 0.2652235875 0.4148921541 0.1496685666 0.1700666531 0.6839207812 0.5138541281 0.4922798017 0.08381203568 0.348658394 nan nan
12 99245 2846 2846 0 0.401190005 0.07338600809 0.2776150162 0.5110140498 0.2333990335 0.1768984382 0.5177719142 0.3408734759 -0.2281289446 0.1225384534 0.2232550314 nan nan
13 156237 2360 2360 0 0.4178108295 0.06728924748 0.3560439096 0.5604567811 0.2044128715 0.3534727016 0.6017595388 0.2482868372 0.6495014203 0.138215781 0.1795185387 nan nan
14 168732 13781 13781 0 0.426746947 0.04092173237 0.3698625209 0.4727956759 0.102933155 0.176276511 0.5729557573 0.3966792463 -1.275096868 0.0629050332 0.238449594 nan nan
15 76537 4874 4871 3 0.3451919735 0.05062057712 0.2863554919 0.4440430713 0.1576875794 0.1843337776 0.5721043294 0.3877705518 0.622763245 0.09242341165 0.2112688966 nan nan
16 41854 8536 8530 6 0.5602019137 0.07478079063 0.4787319208 0.671532516 0.1928005952 0.1771737652 0.8952125964 0.7180388312 -0.2049865333 0.1377082511 0.3772454137 nan nan
17 49752 4179 4179 0 0.4718224988 0.05720034181 0.3763459958 0.5229299736 0.1465839779 0.169493203 0.5688579778 0.3993647748 -1.550227261 0.08223101945 0.2890398827 nan nan
18 125038 14730 14729 1 0.4639854924 0.04131375501 0.3915774119 0.5006581708 0.1090807588 0.1704928964 0.5112590529 0.3407661565 -2.106072383 0.05839404882 0.2782388696 nan nan
19 30062 578 576 2 0.4082995469 0.08730120996 0.2441601633 0.5145689364 0.2704087731 0.1816681563 0.6802876347 0.4986194784 -0.2594055674 0.146722499 0.2895830853 nan nan
20 34315 1949 1947 2 0.3999614173 0.08375441308 0.2206093558 0.4998491197 0.2792397639 0.1685723685 0.5727162374 0.4041438689 -0.6898957726 0.1872958288 0.2393328161 nan nan
21 34650 1433 1433 0 0.7510711385 0.129880145 0.5153071231 0.8895821459 0.3742750229 0.1705568463 0.8942666422 0.7237097959 -1.459067984 0.3205610071 0.6653112838 nan nan
22 48939 7080 7080 0 0.4204241055 0.02684789097 0.3852975175 0.4684777447 0.08318022723 0.3532132518 0.5675076137 0.2142943619 0.4736014841 0.04978142654 0.1470034797 nan nan
23 151127 3687 3679 8 0.5984387582 0.09169960935 0.5002921177 0.7447651413 0.2444730236 0.358302313 0.8887012719 0.5303989589 0.002846344324 0.1279671063 0.2697122055 nan nan
24 67258 1759 1758 1 0.6465033305 0.08362646955 0.4809510989 0.7084522851 0.2275011862 0.1699024182 0.8772211912 0.707318773 -1.966170468 0.1813853282 0.4921834438 nan nan
25 117692 12103 12098 5 0.3390210928 0.05333080438 0.2667026476 0.4416409591 0.1749383115 0.1707323136 0.5711940404 0.4004617267 0.347480542 0.1140481174 0.2405463734 nan nan
26 149482 7320 7315 5 0.5957210103 0.09683550292 0.4877508701 0.7326956305 0.2449447603 0.2485964883 0.8956399398 0.6470434515 -0.3235519981 0.1269073034 0.3629138699 nan nan

K=27, phase=forward, parameter=w [deg]
cluster representative_source n_cluster n_valid n_missing median std p05 p95 width90 minimum maximum range skewness error95 error_max angle_origin_deg angle_resultant
0 144351 45542 45536 6 -3.286434399 20.42931477 -21.43437159 34.67237454 56.10674613 -177.669647 176.9592098 354.6288567 -0.05715525234 55.97895534 179.2103103 173.8555538 0.9439808045
1 22427 4532 4532 0 -2.473144279 24.24137768 -13.74001233 37.93084996 51.67086229 -178.4391834 176.660112 355.0992954 3.393192331 45.58423262 178.3079954 304.2893016 0.9375489574
2 30751 1717 1717 0 -7.415105399 33.16067018 -34.66627977 64.16268212 98.82896189 -177.5984722 176.8207025 354.4191746 1.001789599 62.02907506 179.2027887 217.6250849 0.851958957
3 221195 4355 4353 2 -9.056634808 33.18799013 -27.40584404 80.46698946 107.8728335 -177.1782941 171.2648798 348.443174 1.426449117 105.7879304 178.6707138 62.81985054 0.8581141538
4 50147 6044 6044 0 -7.709053053 40.40669009 -21.65445378 111.9055164 133.5599701 -178.3881352 179.7690602 358.1571954 1.698663117 130.4278843 179.9755005 184.5012883 0.8288017391
5 127305 3336 3326 10 5.350858617 37.1191271 -54.6467477 57.94926708 112.5960148 -168.2635182 179.1915953 347.4551134 0.06654461335 65.84552954 173.8179845 114.7564496 0.8175955963
6 22050 1731 1724 7 -3.327522652 30.48026576 -26.34261577 69.47542704 95.81804281 -175.5777384 179.9884915 355.5662299 1.499180121 87.15224873 173.1463704 161.8056712 0.8936965224
7 8822 3015 3015 0 -3.765108919 23.58898405 -6.626830869 46.64525455 53.27208541 -174.0644585 174.5761876 348.6406462 0.3669166734 58.40052875 179.3889875 296.1526306 0.9412989285
8 80416 7406 7405 1 -2.62574442 23.83492212 -29.63861075 41.18018546 70.81879621 -173.7658378 166.8063076 340.5721454 0.8106983754 43.06320473 176.6962054 195.4441962 0.9202711444
9 175498 2919 2917 2 -4.224191025 25.88259355 -18.78982995 36.87163436 55.6614643 -178.7189277 177.1006975 355.8196253 -0.1417188584 44.16803684 179.4809406 18.3346463 0.9258251678
10 14142 8910 8908 2 -0.9824631957 17.95791031 -10.2470143 12.39942684 22.64644114 -171.2972479 171.1741109 342.4713588 2.802702239 17.57309545 175.9004141 302.2450957 0.9668184186
11 176287 17402 17399 3 -2.318735126 21.01427467 -19.23683781 35.6084338 54.84527161 -179.4096575 177.1350968 356.5447543 1.600176293 54.27740751 179.9422297 14.92157169 0.9445947396
12 99245 2846 2846 0 -6.777116718 44.08474331 -24.32433007 80.05830476 104.3826348 -179.2078101 179.6041345 358.8119446 1.807591003 88.51833494 179.936209 342.1751659 0.8141290117
13 156237 2360 2360 0 -6.725214653 39.00274641 -36.52405311 81.02797222 117.5520253 -40.89407251 165.281767 206.1758395 1.488959936 103.6526285 179.4753023 237.7519243 0.8113825101
14 168732 13781 13781 0 -5.086352034 26.38128089 -17.83047053 32.3481581 50.17862863 -179.7466608 179.4951185 359.2417793 2.170783122 46.16380586 179.9921949 8.680602108 0.920381994
15 76537 4874 4871 3 -3.508451017 22.83885243 -16.77234531 34.76045762 51.53280293 -178.596713 178.6866635 357.2833764 1.684706227 40.93943411 177.2581899 308.5978906 0.9393948494
16 41854 8536 8530 6 -13.8048437 44.39155854 -37.15897698 95.21998143 132.3789584 -175.9768539 176.7469471 352.723801 0.9226294236 130.1139183 179.9844928 200.0729322 0.7566992466
17 49752 4179 4179 0 -1.985516627 28.38737646 -20.92974911 27.75260627 48.68235538 -178.9197103 157.0813113 336.0010216 2.519204141 83.84830974 169.56739 315.8231127 0.9080642278
18 125038 14730 14729 1 -2.901348874 21.69278371 -18.61836888 33.50506539 52.12343426 -174.2958695 176.7205102 351.0163797 2.407057989 46.93902513 179.4515409 11.41582624 0.9434725976
19 30062 578 576 2 -5.558553454 44.91174391 -31.69103547 123.5774224 155.2684578 -57.09256576 176.9359142 234.02848 1.815350757 147.3592116 174.4098973 31.2223275 0.7753630546
20 34315 1949 1947 2 -2.774085664 34.63073501 -54.73925966 46.40615256 101.1454122 -178.7759754 179.671276 358.4472513 -0.9901386586 63.93711751 171.6529898 46.69217804 0.8656819496
21 34650 1433 1433 0 -4.784449702 47.39239624 -30.79403609 104.1642014 134.9582375 -178.8211871 178.8766692 357.6978563 0.2577255155 134.3254092 178.5186946 273.2549516 0.7752825632
22 48939 7080 7080 0 -2.732047712 21.53494581 -25.48502798 35.26886942 60.75389739 -179.3131449 176.2357723 355.5489172 0.7745929499 55.65362659 171.1463614 193.6380102 0.9364412624
23 151127 3687 3679 8 -4.569395911 52.76701812 -37.62064247 137.2106491 174.8312915 -179.7065554 179.3409759 359.0475313 0.9501117747 157.8220078 179.9202144 247.2116186 0.7220597268
24 67258 1759 1758 1 -7.510028477 46.27857145 -23.46114595 121.8283985 145.2895445 -178.3057765 178.9989176 357.3046941 1.25829004 141.8216016 179.9667238 205.663325 0.7789555006
25 117692 12103 12098 5 -4.841732091 29.30384947 -24.2881654 38.19875861 62.48692401 -177.4057787 179.4692658 356.8750445 -1.674665074 64.19565213 179.825211 16.29594899 0.9011895736
26 149482 7320 7315 5 -5.223873112 36.2813194 -28.0911676 90.01839945 118.109567 -178.1348876 177.9364538 356.0713414 1.483400128 120.0078396 178.8363144 294.4708808 0.8470981248

K=32, STD=0.01188521411
n = trajectories per cluster; conditions overlap.
n = 1: clusters=0/32 (0.00%); trajectories=0/194124 (0.00%)
n < 10: clusters=1/32 (3.12%); trajectories=2/194124 (0.00%)
n < 100: clusters=1/32 (3.12%); trajectories=2/194124 (0.00%)

K=32, phase=backward, parameter=eps [km^2/s^2]
cluster representative_source n_cluster n_valid n_missing median std p05 p95 width90 minimum maximum range skewness error95 error_max angle_origin_deg angle_resultant
0 144351 45542 45542 0 -0.1237374151 0.03763019978 -0.1898866558 -0.07167182733 0.1182148285 -0.2031997007 -0.04383479669 0.159364904 -0.1754495581 0.07178979124 0.08509725961 nan nan
1 23915 4584 4584 0 -0.8800709866 0.02311307074 -0.9244061452 -0.8512819722 0.07312417296 -0.9349853686 -0.8457326256 0.08925274292 -0.3614666531 0.04012346977 0.05070269316 nan nan
2 19832 1037 1037 0 -0.8130078668 0.006579961725 -0.8272824721 -0.8073163497 0.01996612235 -0.8379492355 -0.8062327658 0.03171646968 -0.8695529353 0.01417996639 0.02484672977 nan nan
3 221195 4355 4355 0 -0.2141771243 0.03806004562 -0.2547010446 -0.1340179674 0.1206830773 -0.2582250091 -0.111022155 0.1472028541 0.6035723563 0.08234158932 0.1053374017 nan nan
4 57501 12952 12952 0 -0.9332244203 0.01736808957 -0.9588192722 -0.9061237964 0.05269547573 -1.020739299 -0.8398842293 0.1808550697 0.2747074041 0.02909193448 0.09059503149 nan nan
5 127305 3336 3336 0 -0.1295332899 0.05335290749 -0.2113694548 -0.04678009173 0.1645893631 -0.2198245336 -0.04387907749 0.1759454561 0.07375441842 0.09467091149 0.09757192573 nan nan
6 30062 489 489 0 -0.814792993 0.01075513936 -0.8359703161 -0.8066216874 0.02934862874 -0.8726509481 -0.8063623697 0.06628857837 -1.38689316 0.01909335475 0.05577398672 nan nan
7 8552 2732 2732 0 -0.9201567549 0.0239883591 -0.9584340357 -0.881774614 0.07665942172 -0.9699743336 -0.8618716838 0.1081026498 0.003620557542 0.04202456581 0.06073987892 nan nan
8 36833 1166 1166 0 -0.9062029794 0.04261302995 -0.9749477017 -0.8435696698 0.1313780319 -0.9766986509 -0.8280285242 0.1486701267 -0.01835904148 0.06878484878 0.08432599436 nan nan
9 175498 2918 2918 0 -0.2502470692 0.0118179924 -0.2565834166 -0.2277438798 0.02883953685 -0.2595672675 -0.167809753 0.09175751449 2.373097873 0.01799591439 0.07793004117 nan nan
10 9615 5112 5112 0 -0.8830518957 0.01726480621 -0.9126096733 -0.8582531319 0.05435654131 -0.9201638678 -0.820152169 0.1000116988 -0.08657773071 0.03364687379 0.05910507171 nan nan
11 176287 17401 17401 0 -0.233652605 0.01329210343 -0.2476087796 -0.2045731552 0.0430356244 -0.2586212621 -0.1925020556 0.0661192065 0.6564101796 0.03042165159 0.04249275124 nan nan
12 31323 1001 1001 0 -0.8783952566 0.02188098756 -0.9125351483 -0.8454063984 0.06712874988 -0.918431258 -0.8226048578 0.09582640018 0.04788471157 0.04025082736 0.06305236794 nan nan
13 156237 2360 2360 0 -0.177270958 0.03353302319 -0.2046882648 -0.1077732562 0.09691500855 -0.2339634096 -0.105120127 0.1288432826 0.4950604541 0.06301253514 0.06560024519 nan nan
14 168732 13781 13781 0 -0.2190508479 0.01170130882 -0.232673266 -0.1938483036 0.03882496249 -0.2512478079 -0.1747090529 0.07653875501 0.8137584694 0.02686466745 0.0458864436 nan nan
15 71849 4669 4669 0 -0.9911442491 0.01189769613 -1.005344922 -0.967788922 0.03755599964 -1.020754723 -0.9622180908 0.05853663251 0.3610553876 0.03254586841 0.03811669964 nan nan
16 35338 1353 1353 0 -0.8351782872 0.007947141961 -0.8432548762 -0.8241664175 0.01908845874 -0.9750163668 -0.8068393667 0.1681770001 -7.877215303 0.01166119826 0.1413352464 nan nan
17 49752 4091 4091 0 -0.9822289688 0.008417468602 -0.9935821067 -0.9657702554 0.02781185138 -1.020134973 -0.9622137061 0.05792126668 0.2643403965 0.02106756013 0.03333346756 nan nan
18 125038 14730 14730 0 -0.1610316413 0.02454506854 -0.2022401353 -0.1256857314 0.07655440391 -0.2115735804 -0.04394829849 0.1676252819 -0.0833627487 0.0414451511 0.1198940123 nan nan
19 28151 1511 1511 0 -0.877701637 0.02074848948 -0.9161708845 -0.8483260651 0.06784481937 -0.9275787756 -0.8261229694 0.1014558062 -0.2617251986 0.03784556802 0.05795458834 nan nan
20 110896 1936 1936 0 -0.9416263088 0.02690660848 -0.9673609515 -0.8942886239 0.0730723276 -0.9720003459 -0.8368242908 0.1351760551 1.529516551 0.04670174478 0.1041660779 nan nan
21 22279 837 837 0 -0.8285328519 0.0192792791 -0.8664559002 -0.8249255954 0.04153030479 -1.017355824 -0.8227577141 0.19459811 -5.712748547 0.03792012058 0.1888200445 nan nan
22 66366 884 884 0 -0.8443584718 0.017243261 -0.8752120083 -0.8255123441 0.04969966419 -0.9358815166 -0.8200055218 0.1158759948 -1.196597973 0.03775427419 0.07364332624 nan nan
23 151127 3687 3687 0 -0.2300413068 0.02291865537 -0.2583495769 -0.1897905574 0.06855901951 -0.2593276385 -0.1755857606 0.0837418779 0.2272438241 0.04688361008 0.06108840689 nan nan
24 68757 1657 1657 0 -0.9673273483 0.005958963281 -0.9741369022 -0.962617468 0.01151943421 -1.020836128 -0.9586285844 0.0622075439 -4.666180733 0.006850380431 0.05349017778 nan nan
25 117692 12103 12103 0 -0.17436457 0.02246652443 -0.2083111124 -0.1392903784 0.06902073399 -0.2165461216 -0.05073280375 0.1658133178 0.3387187961 0.03956061235 0.128118187 nan nan
26 149482 7320 7320 0 -0.1654723159 0.03539798449 -0.2094415208 -0.1111950556 0.09824646519 -0.2320399875 -0.04380722131 0.1882327662 0.1890677949 0.05799815001 0.1253284231 nan nan
27 167957 2 2 0 -0.2511158158 0.005881131901 -0.2564088345 -0.2458227971 0.01058603742 -0.2569969477 -0.2452346839 0.0117622638 nan 0.01117415061 0.0117622638 nan nan
28 14797 923 923 0 -0.8168823161 0.004909455985 -0.8250731128 -0.8112756086 0.01379750426 -0.8456064288 -0.8062084723 0.03939795646 -0.7150182034 0.008864157955 0.02832447844 nan nan
29 24197 3808 3808 0 -0.9426750522 0.01443593556 -0.9646761405 -0.9189941863 0.04568195418 -0.9706821246 -0.908926717 0.06175540766 0.08397469359 0.02554415688 0.03203478119 nan nan
30 45752 14799 14799 0 -0.8680965199 0.01995566276 -0.9002571752 -0.8382454243 0.0620117509 -0.920902519 -0.8254999296 0.09540258939 -0.04582188627 0.04084450635 0.05358314956 nan nan
31 45851 1048 1048 0 -0.9545789281 0.02009969916 -0.9779877211 -0.9191634014 0.05882431968 -1.020743755 -0.9056474479 0.1150963073 0.2279984269 0.04033873931 0.06159702791 nan nan

K=32, phase=backward, parameter=e [-]
cluster representative_source n_cluster n_valid n_missing median std p05 p95 width90 minimum maximum range skewness error95 error_max angle_origin_deg angle_resultant
0 144351 45542 45542 0 0.7042067773 0.0915183213 0.5413877343 0.8291311254 0.2877433911 0.5074307805 0.8955575814 0.3881268009 -0.1976513646 0.1764856455 0.2104393542 nan nan
1 23915 4584 4584 0 0.3487248843 0.04408480192 0.2889789323 0.4283036863 0.139324754 0.276432379 0.4457902298 0.1693578508 0.2382625443 0.07493887915 0.08897172665 nan nan
2 19832 1037 1037 0 0.1903523656 0.01980545569 0.1717943714 0.2315577293 0.0597633579 0.1683444931 0.2596445073 0.0913000142 0.7268896192 0.03985127608 0.06793805408 nan nan
3 221195 4355 4355 0 0.4789111746 0.09850467893 0.3670907325 0.6796979227 0.3126071902 0.3566637373 0.735157011 0.3784932737 0.5266219764 0.2059920875 0.2614511758 nan nan
4 57501 12952 12952 0 0.4432742485 0.02876419844 0.3973176555 0.4838011539 0.08648349843 0.2643154621 0.5728514127 0.3085359506 -0.4823570157 0.04668316552 0.1744456632 nan nan
5 127305 3336 3336 0 0.6900497605 0.130158815 0.4862423996 0.8885555414 0.4023131419 0.4627754376 0.8954556795 0.4326802418 0.04344971386 0.2274319079 0.234332046 nan nan
6 30062 489 489 0 0.1966425552 0.03037134435 0.1695032074 0.2548906684 0.08538746104 0.168591401 0.3352694822 0.1666780811 0.9656530144 0.05132602231 0.1317048361 nan nan
7 8552 2732 2732 0 0.4208147621 0.04106439541 0.3513529257 0.4828193124 0.1314663867 0.3132744137 0.5004312289 0.1871568152 -0.1069937412 0.07389936514 0.1116614261 nan nan
8 36833 1166 1166 0 0.3969747229 0.07676993435 0.271320644 0.5081251188 0.2368044748 0.2334201831 0.5107605156 0.2773403325 -0.1798090904 0.1366063911 0.1745068519 nan nan
9 175498 2918 2918 0 0.3799139331 0.03259613652 0.3615437547 0.4434384158 0.08189466109 0.3526417655 0.597116756 0.2444749905 2.217563307 0.05126976907 0.2049481092 nan nan
10 9615 5112 5112 0 0.354145986 0.03309245331 0.3040459902 0.4079653702 0.10391938 0.209753035 0.4208645247 0.2111114897 -0.03078184872 0.06262546554 0.1369933749 nan nan
11 176287 17401 17401 0 0.4264755733 0.03599332122 0.3875746154 0.5043167499 0.1167421344 0.3557329462 0.535200477 0.1794675308 0.6095653653 0.08195831033 0.1128420374 nan nan
12 31323 1001 1001 0 0.3456235345 0.04340167719 0.2758219191 0.4082574106 0.1324354915 0.2165533359 0.4183128346 0.2017594987 -0.2087495346 0.0837685805 0.1430371637 nan nan
13 156237 2360 2360 0 0.5729728041 0.08282181428 0.5035394839 0.7426239378 0.2390844539 0.4246648142 0.7489920442 0.32432723 0.4738685295 0.1536316956 0.1645411633 nan nan
14 168732 13781 13781 0 0.4656873304 0.03058496051 0.4291139257 0.5306900373 0.1015761116 0.3764783542 0.5789293429 0.2024509887 0.7544225903 0.06996926986 0.1176218907 nan nan
15 71849 4669 4669 0 0.5316352111 0.0172356846 0.4973501853 0.5517673279 0.05441714259 0.4885901842 0.5728758046 0.08428562036 -0.3990255996 0.04742530148 0.05618530253 nan nan
16 35338 1353 1353 0 0.2523440919 0.01783768128 0.2238039809 0.2721083901 0.04830440923 0.170063584 0.5082403438 0.3381767597 4.018673684 0.0295652193 0.2594981686 nan nan
17 49752 4091 4091 0 0.5188111829 0.01237860578 0.4942787871 0.5352243278 0.04094554072 0.4886581369 0.5719985499 0.08334041304 -0.3048132265 0.03118972018 0.04660540907 nan nan
18 125038 14730 14730 0 0.6129941335 0.06083105726 0.5093342799 0.6993221002 0.1899878203 0.485250866 0.8952915353 0.4100406693 -0.1115954074 0.1027399704 0.2892487196 nan nan
19 28151 1511 1511 0 0.3446960133 0.04034075656 0.2823012376 0.4144424045 0.1321411669 0.226081005 0.4336788884 0.2075978834 0.08105149049 0.07495613312 0.1304441722 nan nan
20 110896 1936 1936 0 0.4569446811 0.04698839116 0.3764829036 0.4969600418 0.1204771382 0.2569725307 0.5039025528 0.2469300221 -1.888616642 0.07961921062 0.1991295835 nan nan
21 22279 837 837 0 0.2350811286 0.03847746661 0.2256299774 0.3226633869 0.09703340952 0.2197531228 0.5683087456 0.3485556228 4.760579561 0.08752079559 0.3331661543 nan nan
22 66366 884 884 0 0.2740277138 0.03788123741 0.2271006645 0.3383980331 0.1112973686 0.2094078419 0.446593148 0.237185306 0.8035592297 0.088390605 0.1326118302 nan nan
23 151127 3687 3687 0 0.4356162495 0.06178533417 0.3562838834 0.5406709117 0.1843870283 0.3533386986 0.5778355597 0.2244968611 0.180321695 0.1234711319 0.1606357799 nan nan
24 68757 1657 1657 0 0.4967825051 0.008700667684 0.48965221 0.5069653047 0.01731309471 0.4836628352 0.5729713754 0.08930854022 4.411092741 0.01026955351 0.07618887028 nan nan
25 117692 12103 12103 0 0.5798170978 0.05607126588 0.4933473241 0.6662403266 0.1728930025 0.4714693659 0.879149594 0.4076802281 0.2943591347 0.09772787761 0.3106371451 nan nan
26 149482 7320 7320 0 0.6021044107 0.08754950977 0.4911866529 0.7343526165 0.2431659637 0.4299217109 0.8956261106 0.4657043998 0.1633718897 0.1416254447 0.3025345462 nan nan
27 167957 2 2 0 0.377018032 0.01641729503 0.3622424664 0.3917935975 0.02955113105 0.3606007369 0.393435327 0.03283459006 nan 0.03119286055 0.03283459006 nan nan
28 14797 923 923 0 0.202644553 0.01447968249 0.1855199543 0.2259340361 0.04041408177 0.168193931 0.2742923448 0.1060984138 0.4047134654 0.02650942298 0.0704169496 nan nan
29 24197 3808 3808 0 0.4582347635 0.02324132656 0.4190511282 0.4925445089 0.0734933807 0.4018338053 0.5016345196 0.09980071428 -0.1380942466 0.04086692981 0.05356379782 nan nan
30 45752 14799 14799 0 0.3256830168 0.0409549481 0.2594072899 0.3868240471 0.1274167572 0.2274278009 0.4215543485 0.1941265475 -0.08256035678 0.08791890945 0.1198983985 nan nan
31 45851 1048 1048 0 0.4772673409 0.03165372451 0.4195885097 0.5126211161 0.09303260641 0.3968807678 0.5728380059 0.1759572381 -0.2954946196 0.06486600876 0.08866749157 nan nan

K=32, phase=backward, parameter=w [deg]
cluster representative_source n_cluster n_valid n_missing median std p05 p95 width90 minimum maximum range skewness error95 error_max angle_origin_deg angle_resultant
0 144351 45542 45542 0 -0.5301785308 4.24362736 -5.660456334 9.378698613 15.03915495 -9.700381879 15.00651468 24.70689655 1.068555326 11.18095482 16.80877089 20.43253908 0.9972625426
1 23915 4584 4584 0 0.03022957918 2.129836945 -3.629721364 3.40777148 7.037492844 -4.735983748 4.289400643 9.025384391 -0.09736487191 5.138512333 6.244774717 193.1253723 0.9993092681
2 19832 1037 1037 0 3.670494433 13.20953587 -23.65210087 15.35159521 39.00369608 -27.2967312 17.0774198 44.374151 -0.5263099262 31.40222612 35.04685644 201.652507 0.9736481672
3 221195 4355 4355 0 -1.609784565 8.340568179 -10.11708602 12.83922246 22.95630848 -11.00083656 13.49356149 24.49439805 0.3468016215 18.05539907 18.7097381 22.87884356 0.9894351958
4 57501 12952 12952 0 -0.1724418193 5.066661001 -7.441779939 8.436107796 15.87788774 -28.55915774 17.71480019 46.27395793 0.1172856875 10.48547962 26.65040806 201.6329004 0.9961005958
5 127305 3336 3336 0 2.440833916 6.492994382 -10.09472538 7.838415798 17.93314117 -10.4252007 15.62852057 26.05372126 -0.4110432498 12.89077322 13.22124854 21.0403074 0.9935922932
6 30062 489 489 0 5.333705013 13.75809862 -27.3942293 13.53786071 40.93209001 -33.88352964 13.90945579 47.79298542 -0.8415674454 36.50055601 42.98985635 206.0577619 0.9715021426
7 8552 2732 2732 0 -1.213786186 6.007172543 -3.114896779 9.166301996 12.28119878 -3.594915557 35.45981544 39.054731 4.240500527 10.8277977 37.12131114 183.7203746 0.9946083296
8 36833 1166 1166 0 -0.1921370272 7.219997689 -5.37336176 15.84511263 21.21847439 -26.0355808 21.94690139 47.98248219 -0.1242706744 21.29899483 24.20616855 197.5351422 0.9921350723
9 175498 2918 2918 0 1.171084145 5.644271725 -10.35319195 6.672063082 17.02525503 -14.97825212 6.923965119 21.90221724 -0.6049749735 15.60177568 20.22683585 28.6702711 0.9951566961
10 9615 5112 5112 0 -0.5051784565 3.771048073 -4.171188181 7.897899353 12.06908753 -17.15711929 30.82286213 47.97998141 2.727273467 8.481478312 31.36618864 188.6538673 0.9978490722
11 176287 17401 17401 0 0.1385427293 5.342742802 -8.467831601 7.304814788 15.77264639 -10.69469093 10.86126615 21.55595709 -0.08983256097 13.82765605 16.05451538 26.19652324 0.9956579778
12 31323 1001 1001 0 -1.096494673 9.16614147 -5.621232284 20.03130038 25.65253267 -27.70725965 21.0686232 48.77588285 0.2294049438 22.56464825 26.18428183 199.1596653 0.9873545313
13 156237 2360 2360 0 -0.02585611453 2.699861421 -3.554209535 4.567402802 8.121612337 -6.289271843 12.87202076 19.1612926 1.798754952 5.976554484 12.23896718 23.59525563 0.9988916966
14 168732 13781 13781 0 0.6593278817 3.356158569 -6.421117601 3.711859927 10.13297753 -13.78834192 9.090325442 22.87866736 -0.6951844049 8.687104285 16.0543286 27.97281053 0.9982862484
15 71849 4669 4669 0 -0.4035261208 6.371538045 -8.791675441 11.10257651 19.89425195 -10.34990808 14.12927472 24.4791828 0.2869523478 10.63983034 13.63066599 191.0693505 0.9938292227
16 35338 1353 1353 0 -0.1136106029 4.117915614 -5.727442084 7.305994132 13.03343622 -39.77099758 8.427239663 48.19823724 -2.580082029 7.235634733 40.13066009 211.9274023 0.9974452671
17 49752 4091 4091 0 -0.9816767992 4.917637259 -6.519214288 9.762720396 16.28193468 -15.67772324 13.10329484 28.78101808 0.6470929585 12.69025629 16.0232253 191.7516968 0.9963227993
18 125038 14730 14730 0 0.1319206613 1.898511438 -2.891894353 2.501773762 5.393668115 -16.60243575 8.250837825 24.85327358 -1.019971717 3.319607561 16.81866491 27.22065969 0.9994516412
19 28151 1511 1511 0 -5.184826422 10.55986302 -10.44048839 16.44562006 26.88610844 -31.53664432 16.98488063 48.52152495 0.5347945803 23.02426621 25.0385527 203.0403339 0.9831132359
20 110896 1936 1936 0 2.415592971 9.630578216 -15.63790974 10.84757827 26.48548801 -25.59837753 14.22579257 39.82417011 -0.980288599 19.70006165 29.66052944 205.8255013 0.985976268
21 22279 837 837 0 -0.3643586245 4.723634313 -5.933466939 9.97292555 15.90639249 -34.16790295 12.55378223 46.72168518 0.2480537934 11.77923562 32.52672347 207.6748361 0.9966155364
22 66366 884 884 0 9.488661849 18.32086438 -36.3718122 10.40981358 46.78162578 -36.69424553 10.59670489 47.29095042 -1.328212829 46.03454591 46.35697924 208.2400471 0.9501194069
23 151127 3687 3687 0 2.612817392 5.473189138 -12.51416284 3.984330006 16.49849285 -18.83265508 4.192650542 23.02530562 -1.614863693 16.21944174 22.53793398 32.76352207 0.9954532324
24 68757 1657 1657 0 -0.0007296636387 3.163318533 -3.834879073 4.583989179 8.418868253 -22.04771893 6.746799787 28.79451872 -1.8146714 6.021699744 20.8489697 197.3303963 0.9984810784
25 117692 12103 12103 0 1.338860483 4.735479908 -13.00457691 4.58504279 17.5896197 -18.44215496 7.595300159 26.03745512 -1.759661975 14.75641002 20.19398807 29.09225109 0.9965956866
26 149482 7320 7320 0 -0.02701022609 3.560964607 -4.920042354 7.037130663 11.95717302 -13.75392202 12.09440973 25.84833175 0.15208859 9.06923882 14.35389376 24.34159384 0.9980732011
27 167957 2 2 0 0 4.390065345 -3.951058811 3.951058811 7.902117622 -4.390065345 4.390065345 8.780130691 nan 8.341124156 8.780130691 30.89398473 0.9970660397
28 14797 923 923 0 2.363395371 8.047294382 -15.90131865 10.93125379 26.83257245 -29.86918147 16.12055371 45.98973518 -1.195424283 17.78417268 31.7520355 202.3947766 0.9902159501
29 24197 3808 3808 0 -0.9714145074 5.318128758 -4.484582364 16.92063592 21.40521829 -14.20252544 24.45163168 38.65415712 2.791641431 18.79302534 26.3240211 188.4632159 0.9957257988
30 45752 14799 14799 0 -0.2106939938 4.91227805 -6.666966914 7.432644722 14.09961164 -34.9087879 13.82379941 48.73258731 -0.5805413807 8.686678004 33.8242283 206.4232691 0.9963432022
31 45851 1048 1048 0 -2.993278155 6.393404355 -4.502779865 15.306935 19.80971487 -20.498884 19.90433174 40.40321574 1.513543835 19.59336211 24.19075885 195.7061658 0.9938031349

K=32, phase=forward, parameter=eps [km^2/s^2]
cluster representative_source n_cluster n_valid n_missing median std p05 p95 width90 minimum maximum range skewness error95 error_max angle_origin_deg angle_resultant
0 144351 45542 45536 6 -0.1259037422 0.0396177598 -0.1939263895 -0.07212559979 0.1218007897 -0.8238947527 -0.05885393284 0.7650408199 -0.7504306262 0.08203005623 0.7119984194 nan nan
1 23915 4584 4583 1 -0.9923532251 0.009921263363 -1.005309219 -0.9729995588 0.0323096599 -1.008564402 -0.9679343954 0.04063000629 0.3356410157 0.02777002007 0.03283518347 nan nan
2 19832 1037 1037 0 -0.2318693363 0.03837125455 -0.2543889786 -0.1271197501 0.1272692285 -0.2591843722 -0.07278445935 0.1863999128 1.433799826 0.09175605268 0.1460913434 nan nan
3 221195 4355 4353 2 -0.841883877 0.03669611256 -0.9525589301 -0.8125060513 0.1400528787 -1.018186568 -0.1842740331 0.8339125351 -0.520154908 0.1104717103 0.6582362082 nan nan
4 57501 12952 12951 1 -0.2017912037 0.03352341977 -0.230348035 -0.1334697411 0.09687829399 -0.8671964417 -0.1178921458 0.7493042959 -1.120936253 0.06521840672 0.668533537 nan nan
5 127305 3336 3326 10 -0.8655115394 0.05296482732 -0.9707987034 -0.8168078677 0.1539908357 -1.020582924 -0.1064650305 0.9141178934 0.9259083966 0.09348397522 0.8022954882 nan nan
6 30062 489 489 0 -0.9120769705 0.04411037008 -0.9786343313 -0.846384545 0.1322497863 -0.9807716408 -0.8106322875 0.1701393533 0.06956302944 0.07677721209 0.09197701467 nan nan
7 8552 2732 2732 0 -0.8798882328 0.02263487616 -0.9357772694 -0.8618840187 0.07389325076 -0.9819994091 -0.8161631435 0.1658362656 -2.514392846 0.05970868169 0.105714322 nan nan
8 36833 1166 1165 1 -0.1766314463 0.1148139703 -0.2142961806 -0.0833889299 0.1309072507 -0.9051618694 -0.04398107964 0.8611807898 -4.913395185 0.117702899 0.7318418749 nan nan
9 175498 2918 2916 2 -0.8252580107 0.02840603604 -0.8607374886 -0.8076940939 0.05304339462 -1.019395578 -0.2345626498 0.7848329282 0.3718898033 0.05131280743 0.5748952221 nan nan
10 9615 5112 5112 0 -0.931783536 0.02533470628 -0.9664066366 -0.8947319572 0.07167467944 -0.9771607958 -0.8090194229 0.1681413729 0.6634956977 0.04296392941 0.1156488919 nan nan
11 176287 17401 17398 3 -0.8710684179 0.0244169206 -0.9161843774 -0.8406851577 0.07549921977 -1.016916367 -0.1320786311 0.8848377362 0.8650587473 0.04409643853 0.7408383223 nan nan
12 31323 1001 999 2 -0.89410505 0.04256125516 -0.9585467701 -0.8103815598 0.1481652103 -1.016039863 -0.8063625598 0.2096773036 0.0928326216 0.09489969783 0.1109484608 nan nan
13 156237 2360 2360 0 -0.2365439523 0.02512591779 -0.2584244038 -0.1819745847 0.07644981906 -0.2593009963 -0.1654582361 0.09384276021 0.7103146177 0.05286281658 0.06937916524 nan nan
14 168732 13781 13781 0 -0.9231894254 0.02316024755 -0.9516272991 -0.8909566876 0.06067061153 -1.020820046 -0.8088804017 0.2119396443 0.6637443672 0.03857857367 0.1072409503 nan nan
15 71849 4669 4666 3 -0.8777128514 0.03067266619 -0.9319394049 -0.8499599304 0.08197947451 -1.020173947 -0.25793664 0.7622373066 4.810052465 0.04946945292 0.6285376788 nan nan
16 35338 1353 1353 0 -0.09927081951 0.1220970273 -0.1871186313 -0.04636992265 0.1407487086 -0.892977089 -0.04437929461 0.8485977944 -5.271339996 0.1004565535 0.8063150112 nan nan
17 49752 4091 4091 0 -0.9513520768 0.03289175146 -0.9850728254 -0.8967144657 0.08835835974 -0.9884443673 -0.8065969142 0.1818474531 1.084845633 0.04615855687 0.1362761083 nan nan
18 125038 14730 14729 1 -0.94612254 0.023926574 -0.9698995332 -0.9029594563 0.06694007691 -0.9770447709 -0.8068388271 0.1702059437 1.471994393 0.03631500617 0.1297887097 nan nan
19 28151 1511 1511 0 -0.9066932946 0.05044929223 -0.9785349673 -0.8239730438 0.1545619236 -1.020656292 -0.8069177135 0.213738578 0.103987323 0.08276005568 0.1149895647 nan nan
20 110896 1936 1936 0 -0.9034748325 0.03955128246 -0.9720960482 -0.8497367001 0.122359348 -0.9807580381 -0.808709988 0.17204805 -0.08853395327 0.07185858806 0.09569551936 nan nan
21 22279 837 836 1 -0.8276866222 0.03455121681 -0.8822904789 -0.8126090536 0.06968142532 -1.015045605 -0.2090278602 0.8060177452 5.679990544 0.05682426626 0.6165016621 nan nan
22 66366 884 884 0 -0.2511588916 0.01741990148 -0.2567984852 -0.2032181955 0.05358028968 -0.2580195742 -0.1722269636 0.08579261064 1.764511785 0.04280050413 0.07379173609 nan nan
23 151127 3687 3679 8 -0.166942929 0.03694030155 -0.2059320381 -0.1068692405 0.09906279754 -0.2576181628 -0.04671985241 0.2108983104 0.05519065696 0.05099428333 0.1082913461 nan nan
24 68757 1657 1656 1 -0.1453988856 0.06938640226 -0.2123321059 -0.1216945942 0.09063751171 -0.882756198 -0.05154323718 0.8312129608 -8.215809524 0.06840147879 0.7380802536 nan nan
25 117692 12103 12098 5 -0.8748970894 0.02762009582 -0.9321641133 -0.8414066682 0.09075744516 -1.019546536 -0.8068933437 0.2126531922 -0.6411182923 0.06163742631 0.1488371155 nan nan
26 149482 7320 7315 5 -0.1680663722 0.08281868358 -0.2107567864 -0.1118815299 0.09887525645 -0.8664613228 -0.04380055914 0.8226607637 -6.371207219 0.05159607213 0.7047649691 nan nan
27 167957 2 2 0 -0.902484188 0.06868615516 -0.9643017277 -0.8406666484 0.1236350793 -0.9711703432 -0.8337980329 0.1373723103 nan 0.1305036948 0.1373723103 nan nan
28 14797 923 915 8 -0.82166431 0.158405987 -0.881842812 -0.6373182222 0.2445245898 -0.9840399596 -0.04389160369 0.9401483559 3.992983939 0.2886210981 0.7761402221 nan nan
29 24197 3808 3808 0 -0.9563929823 0.03237499143 -0.9896347825 -0.8967090743 0.09292570815 -0.9930822697 -0.8125734715 0.1805087983 0.7414285909 0.0518053256 0.1359409285 nan nan
30 45752 14799 14795 4 -0.214712119 0.03306297118 -0.2461250018 -0.150296133 0.09582886879 -0.9752300855 -0.0455177769 0.9297123086 -0.1676968753 0.0652126411 0.7597302032 nan nan
31 45851 1048 1046 2 -0.9137841311 0.04430675731 -0.9738357283 -0.8317630165 0.1420727118 -1.020440955 -0.8064880706 0.2139528845 0.4227099112 0.08838317792 0.1112115673 nan nan

K=32, phase=forward, parameter=e [-]
cluster representative_source n_cluster n_valid n_missing median std p05 p95 width90 minimum maximum range skewness error95 error_max angle_origin_deg angle_resultant
0 144351 45542 45536 6 0.698989707 0.09502080834 0.5311810503 0.8280545361 0.2968734857 0.1946760287 0.8597500074 0.6650739788 -0.2202075856 0.2016397697 0.5381447913 nan nan
1 23915 4584 4583 1 0.5334293805 0.01432360821 0.5049878631 0.5516957176 0.04670785452 0.4978177641 0.5562090262 0.05839126206 -0.3692686403 0.04039760064 0.04756769965 nan nan
2 19832 1037 1037 0 0.4305973928 0.09882022901 0.3679784629 0.6963104049 0.328331942 0.3535949382 0.8266182284 0.4730232902 1.34308863 0.2291870538 0.3594948772 nan nan
3 221195 4355 4353 2 0.2683153554 0.07002611951 0.187885977 0.474632981 0.2867470041 0.170324271 0.5693291022 0.3990048312 1.615919731 0.2047935189 0.2994896401 nan nan
4 57501 12952 12951 1 0.5108296516 0.08113270612 0.4355556304 0.6804101994 0.244854569 0.1885344455 0.7181904323 0.5296559868 0.5374829792 0.1620602097 0.3299176543 nan nan
5 127305 3336 3326 10 0.3210470464 0.09784339735 0.2025271134 0.502007625 0.2994805116 0.1698141831 0.7457509923 0.5759368092 0.3303258686 0.19977636 0.3440888532 nan nan
6 30062 489 489 0 0.4073713522 0.07878163204 0.2784672676 0.5135803568 0.2351130891 0.1816681563 0.5167290047 0.3350608483 -0.2709350974 0.1254686472 0.2090363931 nan nan
7 8552 2732 2732 0 0.3479358911 0.040595943 0.3115609557 0.4477125768 0.1361516211 0.2014168179 0.5185090086 0.3170921908 1.913783416 0.110455982 0.1776082562 nan nan
8 36833 1166 1165 1 0.5743739504 0.1136472923 0.4784825139 0.8013177936 0.3228352797 0.1698731259 0.8952125964 0.7253394705 0.3188792666 0.262175399 0.4127649804 nan nan
9 175498 2918 2916 2 0.2272597785 0.05754787926 0.173198562 0.3109023012 0.1377037391 0.1711702751 0.5709867871 0.399816512 2.098942832 0.1311620109 0.3912464968 nan nan
10 9615 5112 5112 0 0.4402428441 0.04372510527 0.3758974988 0.4951546165 0.1192571176 0.17661122 0.5114374519 0.3348262319 -1.095693042 0.06863039785 0.251807908 nan nan
11 176287 17401 17398 3 0.3316787436 0.0465061408 0.26523936 0.4148947889 0.1496554288 0.1700666531 0.6839207812 0.5138541281 0.4924424021 0.08380047519 0.348658394 nan nan
12 31323 1001 999 2 0.3754058174 0.08315736446 0.1808662302 0.4832365803 0.3023703501 0.1685723685 0.5665258078 0.3979534394 -0.4792278857 0.2142866117 0.2265804735 nan nan
13 156237 2360 2360 0 0.4178108295 0.06728924748 0.3560439096 0.5604567811 0.2044128715 0.3534727016 0.6017595388 0.2482868372 0.6495014203 0.138215781 0.1795185387 nan nan
14 168732 13781 13781 0 0.426746947 0.04092173237 0.3698625209 0.4727956759 0.102933155 0.176276511 0.5729557573 0.3966792463 -1.275096868 0.0629050332 0.238449594 nan nan
15 71849 4669 4666 3 0.3442937745 0.04949407087 0.2863277703 0.4410587029 0.1547309326 0.1843337776 0.5721043294 0.3877705518 0.5795240155 0.0883676096 0.2111279048 nan nan
16 35338 1353 1353 0 0.7633355575 0.1195024371 0.5477773125 0.8895281656 0.3417508532 0.1705568463 0.8942666422 0.7237097959 -1.402072257 0.245713765 0.6229342311 nan nan
17 49752 4091 4091 0 0.4721451402 0.05631659613 0.3798507666 0.5229774866 0.14312672 0.169493203 0.5278521997 0.3583589967 -1.586169716 0.078682319 0.2890398827 nan nan
18 125038 14730 14729 1 0.4639854924 0.04131375501 0.3915774119 0.5006581708 0.1090807588 0.1704928964 0.5112590529 0.3407661565 -2.106072383 0.05839404882 0.2782388696 nan nan
19 28151 1511 1511 0 0.3987203498 0.09400109242 0.2236054896 0.5134755747 0.2898700851 0.1708617995 0.5727162374 0.4018544379 -0.3853660926 0.1748333683 0.2260475725 nan nan
20 110896 1936 1936 0 0.3922293818 0.07164063505 0.2856639978 0.5039529404 0.2182889426 0.1760689075 0.5167355573 0.3406666498 -0.1705949218 0.1175700356 0.2178026903 nan nan
21 22279 837 836 1 0.2328981744 0.05797520771 0.1892990353 0.3540984274 0.1647993921 0.1716030474 0.5650182522 0.3934152048 2.213521593 0.1267587754 0.3376786002 nan nan
22 66366 884 884 0 0.3776629686 0.04759628204 0.3609519558 0.5079696807 0.1470177249 0.357303287 0.5861770082 0.2288737211 1.675031525 0.1151807244 0.1933880518 nan nan
23 151127 3687 3679 8 0.5984387582 0.09169960935 0.5002921177 0.7447651413 0.2444730236 0.358302313 0.8887012719 0.5303989589 0.002846344324 0.1279671063 0.2697122055 nan nan
24 68757 1657 1656 1 0.6514521571 0.07677649725 0.4828410606 0.7089800035 0.2261389429 0.1759040453 0.8772211912 0.7013171459 -2.023968939 0.1714670605 0.4773035619 nan nan
25 117692 12103 12098 5 0.3390210928 0.05333080438 0.2667026476 0.4416409591 0.1749383115 0.1707323136 0.5711940404 0.4004617267 0.347480542 0.1140481174 0.2405463734 nan nan
26 149482 7320 7315 5 0.5957210103 0.09683550292 0.4877508701 0.7326956305 0.2449447603 0.2485964883 0.8956399398 0.6470434515 -0.3235519981 0.1269073034 0.3629138699 nan nan
27 167957 2 2 0 0.3759789031 0.1265000224 0.2621288829 0.4898289233 0.2277000404 0.2494788806 0.5024789255 0.2530000449 nan 0.2403500426 0.2530000449 nan nan
28 14797 923 915 8 0.2217317398 0.1254816183 0.1883714032 0.4999725278 0.3116011246 0.1722257304 0.8954250633 0.7231993329 3.561396849 0.2880289381 0.6834814736 nan nan
29 24197 3808 3808 0 0.4797942723 0.05347735968 0.3797751999 0.5295819759 0.149806776 0.187598804 0.5344854552 0.3468866512 -1.045403387 0.08765286563 0.2798292615 nan nan
30 45752 14799 14795 4 0.4770239279 0.0835704647 0.3918148265 0.6394286212 0.2476137947 0.3532132518 0.8915607213 0.5383474695 0.6394300455 0.1648669263 0.4169990264 nan nan
31 45851 1048 1046 2 0.4103704569 0.08325518149 0.2442067788 0.5064894691 0.2622826903 0.1690549787 0.5724196201 0.4033646414 -0.8249657219 0.1728842771 0.2480360772 nan nan

K=32, phase=forward, parameter=w [deg]
cluster representative_source n_cluster n_valid n_missing median std p05 p95 width90 minimum maximum range skewness error95 error_max angle_origin_deg angle_resultant
0 144351 45542 45536 6 -3.286434399 20.42931477 -21.43437159 34.67237454 56.10674613 -177.669647 176.9592098 354.6288567 -0.05715525234 55.97895534 179.2103103 173.8555538 0.9439808045
1 23915 4584 4583 1 -0.400139325 4.39074589 -6.374366806 8.088198186 14.46256499 -7.646172927 15.09483034 22.74100326 0.5457500439 8.33819931 15.34483146 306.1359097 0.9970679522
2 19832 1037 1037 0 -4.814359399 40.56225019 -46.14693455 63.75178625 109.8987208 -170.6897682 175.9041142 346.5938824 0.5260920528 59.70229804 175.6760956 228.226239 0.7847867553
3 221195 4355 4353 2 -9.056634808 33.18799013 -27.40584404 80.46698946 107.8728335 -177.1782941 171.2648798 348.443174 1.426449117 105.7879304 178.6707138 62.81985054 0.8581141538
4 57501 12952 12951 1 -5.644607326 23.8237837 -25.46530416 42.89094552 68.35624968 -167.3838822 177.4675144 344.8513967 1.147536054 66.10071805 175.5317023 189.0622406 0.9209655637
5 127305 3336 3326 10 5.350858617 37.1191271 -54.6467477 57.94926708 112.5960148 -168.2635182 179.1915953 347.4551134 0.06654461335 65.84552954 173.8179845 114.7564496 0.8175955963
6 30062 489 489 0 -2.415247232 27.85313568 -24.48306115 39.29375587 63.77681702 -36.21074014 146.0518039 182.262544 2.848837367 55.41487545 162.1729234 23.56165782 0.909886812
7 8552 2732 2732 0 -2.955448437 16.5868773 -5.473473887 21.64854416 27.12201805 -165.0429018 175.7245904 340.7674922 -0.5391680027 43.91327742 179.4806956 295.0042278 0.9666680874
8 36833 1166 1165 1 -5.664887682 36.7050797 -24.22467001 97.53948251 121.7641525 -177.2413961 175.3136896 352.5550857 2.026194215 122.1438947 177.8289199 312.4190323 0.8519716715
9 175498 2918 2916 2 -4.221881045 25.84221298 -18.77002519 36.83814935 55.60817454 -178.6979013 177.1217239 355.8196253 -0.1502042543 43.95114183 179.4809406 18.31361989 0.9260968963
10 9615 5112 5112 0 -1.565080556 22.57976357 -7.440230491 15.79561321 23.2358437 -178.3276035 175.0763232 353.4039267 2.550336648 19.9768845 177.9128024 298.3428833 0.9506385703
11 176287 17401 17398 3 -2.317884108 20.98394224 -19.23520359 35.60391491 54.8391185 -179.4079696 177.1367847 356.5447543 1.587311387 54.2655098 179.9422297 14.91988375 0.9446993238
12 31323 1001 999 2 -0.4733105378 39.87555015 -52.99060577 46.86316048 99.85376625 -176.0361726 172.1085903 348.1447629 -1.062340294 96.90884576 176.1988017 40.4283574 0.8407009478
13 156237 2360 2360 0 -6.725214653 39.00274641 -36.52405311 81.02797222 117.5520253 -40.89407251 165.281767 206.1758395 1.488959936 103.6526285 179.4753023 237.7519243 0.8113825101
14 168732 13781 13781 0 -5.086352034 26.38128089 -17.83047053 32.3481581 50.17862863 -179.7466608 179.4951185 359.2417793 2.170783122 46.16380586 179.9921949 8.680602108 0.920381994
15 71849 4669 4666 3 -3.374119173 19.90157272 -15.90652821 32.98211011 48.88863832 -174.6553886 179.6519293 354.3073178 1.362914091 39.01155093 176.0330729 307.6326248 0.951607916
16 35338 1353 1353 0 -3.719115037 44.67540441 -25.69259772 113.2838383 138.976436 -179.6884333 179.659192 359.3476253 0.6808052104 141.3146021 178.4699362 268.6259813 0.8092560387
17 49752 4091 4091 0 -1.621642522 26.77865466 -20.48054671 24.50734514 44.98789185 -178.4290026 157.572019 336.0010216 2.703784546 34.27329598 169.56739 315.332405 0.9188127889
18 125038 14730 14729 1 -2.901348874 21.69278371 -18.61836888 33.50506539 52.12343426 -174.2958695 176.7205102 351.0163797 2.407057989 46.93902513 179.4515409 11.41582624 0.9434725976
19 28151 1511 1511 0 -4.636434539 60.80398538 -33.66321638 160.9723506 194.635567 -173.8217314 179.6176955 353.4394269 1.190810169 167.92954 179.6007025 350.0574578 0.6352229321
20 110896 1936 1936 0 -3.727247889 29.60116686 -19.66262405 47.4433346 67.10595866 -179.3894469 179.398463 358.7879098 0.6846325103 83.4800123 178.139431 337.3030614 0.9041378736
21 22279 837 836 1 -3.161590348 34.11907671 -24.06512328 57.67046395 81.73558722 -179.6503141 135.0040918 314.6544059 -1.312966918 95.22163733 173.1445073 158.3261634 0.8824955672
22 66366 884 884 0 -2.766743367 21.40835379 -27.91201352 45.24181481 73.15382833 -30.87720005 96.6032147 127.4804148 0.8289367786 41.74394646 93.10534635 212.610485 0.9329376371
23 151127 3687 3679 8 -4.569395911 52.76701812 -37.62064247 137.2106491 174.8312915 -179.7065554 179.3409759 359.0475313 0.9501117747 157.8220078 179.9202144 247.2116186 0.7220597268
24 68757 1657 1656 1 -5.196640663 36.28076396 -19.91206164 55.57259561 75.48465724 -174.7073295 174.4308339 349.1381634 1.365700311 90.97056155 179.8176908 202.0648779 0.8668783455
25 117692 12103 12098 5 -4.841732091 29.30384947 -24.2881654 38.19875861 62.48692401 -177.4057787 179.4692658 356.8750445 -1.674665074 64.19565213 179.825211 16.29594899 0.9011895736
26 149482 7320 7315 5 -5.223873112 36.2813194 -28.0911676 90.01839945 118.109567 -178.1348876 177.9364538 356.0713414 1.483400128 120.0078396 178.8363144 294.4708808 0.8470981248
27 167957 2 2 0 1.421085472e-14 32.6535022 -29.38815198 29.38815198 58.77630396 -32.6535022 32.6535022 65.3070044 nan 62.04165418 65.3070044 133.3077657 0.8419489313
28 14797 923 915 8 -2.365979937 34.49308704 -28.89240659 61.79600092 90.68840751 -176.9013923 178.6648376 355.5662299 0.7856956165 91.74476143 173.1407709 163.1293251 0.8734084937
29 24197 3808 3808 0 -3.741856486 23.41013852 -13.66500138 38.22503069 51.89003207 -178.5212041 176.5780913 355.0992954 3.093829226 44.99502863 179.2436933 304.3713222 0.9401503115
30 45752 14799 14795 4 -6.552956881 27.87230254 -30.13359547 50.3311257 80.46472116 -179.9521015 179.3629594 359.3150609 0.77981185 79.03595064 178.7481545 194.2769668 0.8930672672
31 45851 1048 1046 2 -2.932229883 36.13551358 -58.47178338 42.16446032 100.6362437 -178.769995 179.8827093 358.6527044 -0.7097685954 64.10012294 177.2682279 54.25892817 0.8591042239

K=36, STD=0.0117181581
n = trajectories per cluster; conditions overlap.
n = 1: clusters=0/36 (0.00%); trajectories=0/194124 (0.00%)
n < 10: clusters=1/36 (2.78%); trajectories=2/194124 (0.00%)
n < 100: clusters=1/36 (2.78%); trajectories=2/194124 (0.00%)

K=36, phase=backward, parameter=eps [km^2/s^2]
cluster representative_source n_cluster n_valid n_missing median std p05 p95 width90 minimum maximum range skewness error95 error_max angle_origin_deg angle_resultant
0 144351 45608 45608 0 -0.1238703472 0.03767627802 -0.189915359 -0.07170545954 0.1182098994 -0.2102059024 -0.05881779331 0.1513881091 -0.1737455767 0.07181291789 0.09210346132 nan nan
1 22426 4437 4437 0 -0.9371220737 0.01540913598 -0.9619476582 -0.9151100995 0.04683755875 -0.9704032762 -0.9066367013 0.06376657496 -0.1238510296 0.02697380945 0.03535228002 nan nan
2 23568 924 924 0 -0.8136221756 0.006935201704 -0.8282491391 -0.8074206901 0.02082844898 -0.8323072944 -0.8062327658 0.02607452866 -0.5813200949 0.01402731483 0.01808547018 nan nan
3 167952 2151 2151 0 -0.2418340991 0.01310985578 -0.2571207676 -0.2134671354 0.04365363223 -0.2583797228 -0.1902849437 0.06809477913 0.6524432774 0.03037692532 0.05355911696 nan nan
4 57501 12856 12856 0 -0.9334098227 0.01670225696 -0.9588246571 -0.9064782899 0.05234636718 -1.020739299 -0.8981377756 0.1226015234 -0.01519980537 0.02858035663 0.09026003821 nan nan
5 51611 1265 1265 0 -0.06674970532 0.03416599153 -0.1392905329 -0.04535152543 0.09393900748 -0.1822224966 -0.04383479669 0.1383876999 -0.7292584252 0.05033735477 0.08757309488 nan nan
6 30062 484 484 0 -0.8145803039 0.009996298513 -0.8353817366 -0.8066204845 0.02876125209 -0.8686476469 -0.8063623697 0.06228527719 -1.016229324 0.01850477519 0.05177068554 nan nan
7 8156 2692 2692 0 -0.9165927834 0.02374339384 -0.9560393188 -0.8798368073 0.07620251148 -0.962131699 -0.8618716838 0.1002600152 -0.04057362596 0.04120989748 0.05658869575 nan nan
8 36833 1049 1049 0 -0.9104000995 0.04128590676 -0.9750948754 -0.846411013 0.1286838624 -0.9766986509 -0.8280285242 0.1486701267 0.02974297147 0.06594350557 0.08432599436 nan nan
9 175498 2784 2784 0 -0.2501733289 0.01183285082 -0.2565227272 -0.2281892995 0.0283334277 -0.2595672675 -0.167809753 0.09175751449 2.425199727 0.0175504947 0.07793004117 nan nan
10 14141 8611 8611 0 -0.8792239419 0.01744203017 -0.9089547172 -0.8531625813 0.0557921359 -0.9144455059 -0.8266489635 0.08779654234 -0.08957898877 0.03015663063 0.05466169027 nan nan
11 210090 3056 3056 0 -0.1647357521 0.03795606247 -0.2161615374 -0.09342447564 0.1227370618 -0.230824586 -0.06893817449 0.1618864115 0.3253939871 0.06669265912 0.08955369186 nan nan
12 31322 1011 1011 0 -0.8771192958 0.02191227287 -0.9120678133 -0.8448565956 0.0672112177 -0.9175307502 -0.821141188 0.09638956224 0.01443332661 0.04006419561 0.06377960322 nan nan
13 156237 2361 2361 0 -0.1773065395 0.0335371062 -0.2046899862 -0.107776692 0.09691329422 -0.2339634096 -0.105120127 0.1288432826 0.4954277831 0.0630123961 0.06560024519 nan nan
14 169016 13583 13583 0 -0.2192605535 0.01164798789 -0.2327532423 -0.1940823287 0.03867091365 -0.2512478079 -0.1750244582 0.07622334967 0.829490379 0.0268858795 0.0458256922 nan nan
15 43359 2169 2169 0 -0.9875424749 0.01133412629 -0.9995581163 -0.9651926539 0.03436546235 -1.020754723 -0.9621064395 0.0586482838 0.4071472687 0.0277256901 0.03079324436 nan nan
16 35110 1280 1280 0 -0.8350078374 0.01537497951 -0.8426529584 -0.8241686245 0.01848433394 -1.002029453 -0.8068393667 0.1951900864 -7.868410169 0.0117153304 0.1676670604 nan nan
17 46767 998 998 0 -0.9541692093 0.01992182486 -0.9779606631 -0.9191327073 0.05882795581 -1.020743755 -0.9056474479 0.1150963073 0.2422285219 0.04191216899 0.06000645355 nan nan
18 125038 14677 14677 0 -0.1612054349 0.02446186567 -0.202504221 -0.125822561 0.07668166003 -0.2118247677 -0.08366161186 0.1281631558 -0.1332420968 0.04146018051 0.08018069896 nan nan
19 28151 1463 1463 0 -0.877570457 0.02075233179 -0.9162938375 -0.8483094831 0.06798435444 -0.9275787756 -0.8261229694 0.1014558062 -0.2771411254 0.03778270817 0.05795458834 nan nan
20 109846 1878 1878 0 -0.9392389926 0.02626244337 -0.9614230103 -0.8929965864 0.06842642381 -0.9682933159 -0.8365072856 0.1317860302 1.591209336 0.04272705693 0.09921635775 nan nan
21 22279 816 816 0 -0.8284118894 0.01679287477 -0.8634387361 -0.8248979262 0.03854080987 -1.017355824 -0.8227577141 0.19459811 -5.957826949 0.03490295646 0.1888200445 nan nan
22 65627 754 754 0 -0.8466889225 0.01625209328 -0.8784649792 -0.8302091681 0.04825581113 -0.9358815166 -0.8223662086 0.113515308 -1.438222928 0.03248864752 0.07498613038 nan nan
23 153188 3577 3577 0 -0.2313366848 0.02241319902 -0.2583620856 -0.1915771453 0.06678494034 -0.2593276385 -0.1755857606 0.0837418779 0.2554889685 0.04643996518 0.06243134984 nan nan
24 68757 1651 1651 0 -0.9673190716 0.005908948308 -0.9741311235 -0.962615868 0.01151525555 -1.020836128 -0.9586285844 0.0622075439 -4.700502681 0.006843667014 0.05349017778 nan nan
25 167830 1819 1819 0 -0.1933729546 0.02963411171 -0.2143342902 -0.1257418368 0.08859245347 -0.2537412177 -0.1158679831 0.1378732345 0.728034979 0.07347367031 0.08334752393 nan nan
26 148588 7200 7200 0 -0.1660126979 0.03502182992 -0.2094498339 -0.1117459324 0.09770390156 -0.2320399875 -0.04380722131 0.1882327662 0.1913020752 0.05599586785 0.1238116728 nan nan
27 167957 2 2 0 -0.2511158158 0.005881131901 -0.2564088345 -0.2458227971 0.01058603742 -0.2569969477 -0.2452346839 0.0117622638 nan 0.01117415061 0.0117622638 nan nan
28 14797 918 918 0 -0.8168232958 0.005191743643 -0.8250454919 -0.8112300707 0.01381542115 -0.8533952571 -0.8062084723 0.04718678482 -1.290089151 0.008868436764 0.0361133068 nan nan
29 34556 459 459 0 -0.922770426 0.04098809139 -0.969739737 -0.8453001039 0.1244396332 -0.9774505656 -0.8283933776 0.149057188 0.3174574171 0.07843265273 0.09533937894 nan nan
30 45751 14092 14092 0 -0.8679842877 0.0200827359 -0.9001006695 -0.8381356216 0.06196504788 -0.920902519 -0.8211920085 0.09971051053 -0.04482480919 0.04031654707 0.05724434067 nan nan
31 88569 2863 2863 0 -0.992595664 0.012712474 -1.006276213 -0.9680191887 0.03825702421 -1.020599717 -0.9621646574 0.05843506002 0.3725847934 0.02949171522 0.03534624652 nan nan
32 176287 17501 17501 0 -0.2334649159 0.01344316565 -0.2475235599 -0.2040940791 0.04342948075 -0.2586212621 -0.1916146804 0.06700658174 0.6598023508 0.0309007277 0.04338012648 nan nan
33 117130 11951 11951 0 -0.1740207452 0.02219101866 -0.2080058071 -0.1394583374 0.06854746967 -0.2162805678 -0.07692565609 0.1393549117 0.2746683842 0.03834761354 0.1008765334 nan nan
34 72822 1214 1214 0 -0.8602176466 0.02719163716 -0.8999727775 -0.8104865204 0.08948625712 -0.9107907832 -0.8067739195 0.1040168637 0.184464398 0.05590706816 0.05961966909 nan nan
35 51108 3970 3970 0 -0.9819818444 0.008405269792 -0.9931800911 -0.965506885 0.02767320608 -1.020134973 -0.9622137061 0.05792126668 0.2725154552 0.02146840057 0.03324183875 nan nan

K=36, phase=backward, parameter=e [-]
cluster representative_source n_cluster n_valid n_missing median std p05 p95 width90 minimum maximum range skewness error95 error_max angle_origin_deg angle_resultant
0 144351 45608 45608 0 0.7038729313 0.09163614799 0.5412742641 0.8290728775 0.2877986135 0.4881113724 0.8598376402 0.3717262677 -0.1959677108 0.1765958706 0.2297587623 nan nan
1 22426 4437 4437 0 0.4493378089 0.02498371226 0.4123701059 0.4883987441 0.0760286382 0.3978153457 0.5012262179 0.1034108722 0.07430736584 0.04277752041 0.05541087695 nan nan
2 23568 924 924 0 0.1925322297 0.02095144776 0.1722564761 0.2352054181 0.06294894204 0.1683444931 0.2456082515 0.07726375843 0.505101249 0.03987059635 0.05027342974 nan nan
3 167952 2151 2151 0 0.4037585779 0.03624267768 0.3599222092 0.480728112 0.1208059029 0.3561485094 0.540961113 0.1848126037 0.5900798215 0.0833340609 0.1435670619 nan nan
4 57501 12856 12856 0 0.443615229 0.02737367293 0.3979795597 0.4838226592 0.08584309951 0.3832948343 0.5728514127 0.1895565784 -0.05409150465 0.04628000517 0.1340902874 nan nan
5 51611 1265 1265 0 0.84099613 0.08213343375 0.6661306916 0.8919478671 0.2258171755 0.559813993 0.8955575814 0.3357435884 -0.7420535093 0.1203438069 0.2142585318 nan nan
6 30062 484 484 0 0.195975437 0.02882644535 0.1694966886 0.2534459625 0.08394927394 0.168591401 0.3272371857 0.1586457847 0.7338341355 0.04988131644 0.1236725396 nan nan
7 8156 2692 2692 0 0.4147288392 0.04093891372 0.3476264022 0.4790829077 0.1314565055 0.3132744137 0.489040284 0.1757658702 -0.06121174994 0.07047963973 0.1046069415 nan nan
8 36833 1049 1049 0 0.4043833204 0.07359819107 0.2782490116 0.508378344 0.2301293324 0.2334201831 0.5107605156 0.2773403325 -0.2124390224 0.1296780235 0.1745068519 nan nan
9 175498 2784 2784 0 0.3799920117 0.0326113812 0.3617032892 0.4422247339 0.0805214447 0.3526417655 0.597116756 0.2444749905 2.267823666 0.05005608721 0.2049481092 nan nan
10 14141 8611 8611 0 0.3468160798 0.03393769599 0.2931093484 0.4016265352 0.1085171867 0.2274786858 0.4112959915 0.1838173057 -0.01324254518 0.05835031968 0.1234033753 nan nan
11 210090 3056 3056 0 0.6044861222 0.09386593774 0.4735480215 0.7773254489 0.3037774275 0.4332311191 0.8357881902 0.4025570711 0.2776373336 0.1659253616 0.2157427113 nan nan
12 31322 1011 1011 0 0.3431741569 0.04355929651 0.2748214099 0.4073853905 0.1325639806 0.2125049713 0.4167811961 0.2042762249 -0.1755706166 0.08337491216 0.1456913508 nan nan
13 156237 2361 2361 0 0.5729700708 0.08283323676 0.5035083949 0.7426176177 0.2391092228 0.4246648142 0.7489920442 0.32432723 0.474206224 0.1536316655 0.1645411633 nan nan
14 169016 13583 13583 0 0.4651217638 0.03044824995 0.4288485536 0.5300761737 0.1012276201 0.3764783542 0.5781417858 0.2016634316 0.7699818847 0.06997827155 0.1175098129 nan nan
15 43359 2169 2169 0 0.5263926924 0.01660074523 0.4932312949 0.5436197368 0.05038844191 0.488446606 0.5728758046 0.08442919862 -0.4357010805 0.04088655907 0.04567124803 nan nan
16 35110 1280 1280 0 0.2519523027 0.02983799248 0.2238175003 0.2705445072 0.0467270069 0.170063584 0.5472175968 0.3771540128 6.50602583 0.02991117673 0.2968004993 nan nan
17 46767 998 998 0 0.476468759 0.03139538715 0.419526571 0.5126163401 0.09308976905 0.3968807678 0.5728380059 0.1759572381 -0.3043768839 0.06727618074 0.08973536105 nan nan
18 125038 14677 14677 0 0.6125557833 0.06065133522 0.5087089074 0.6990040338 0.1902951264 0.4846093695 0.8006659886 0.3160566191 -0.1582071424 0.1027889165 0.1946231728 nan nan
19 28151 1463 1463 0 0.3444426711 0.04033509563 0.2822095761 0.4146345871 0.132425011 0.226081005 0.4336788884 0.2075978834 0.09518029507 0.07495615253 0.1304441722 nan nan
20 109846 1878 1878 0 0.4531826288 0.04623765747 0.3741104556 0.4877574268 0.1136469712 0.2561986088 0.4983488091 0.2421502003 -1.937767853 0.07351697777 0.1914288246 nan nan
21 22279 816 816 0 0.2348968521 0.03425512858 0.2255801473 0.3164585487 0.09087840144 0.2197531228 0.5683087456 0.3485556228 4.877267835 0.0813159574 0.3331661543 nan nan
22 65627 754 754 0 0.2795339286 0.03500577001 0.2386234594 0.3444427626 0.1058193033 0.2159748283 0.446593148 0.2306183196 1.011953552 0.07562903917 0.135419879 nan nan
23 153188 3577 3577 0 0.4320884108 0.06050452913 0.3562138211 0.5362515815 0.1800377604 0.3533386986 0.5778355597 0.2244968611 0.2093739926 0.1227558056 0.1643397839 nan nan
24 68757 1651 1651 0 0.4967745564 0.008628187418 0.4896434347 0.5069540969 0.01731066217 0.4836628352 0.5729713754 0.08930854022 4.438535305 0.01024875068 0.07618887028 nan nan
25 167830 1819 1819 0 0.5323352109 0.07405020034 0.4783414581 0.699264833 0.2209233749 0.3692853471 0.7230820827 0.3537967355 0.693811131 0.1819843988 0.2058016485 nan nan
26 148588 7200 7200 0 0.6008347956 0.08664118791 0.4911304217 0.733034515 0.2419040933 0.4299217109 0.8956261106 0.4657043998 0.1652471605 0.1366899959 0.2987704294 nan nan
27 167957 2 2 0 0.377018032 0.01641729503 0.3622424664 0.3917935975 0.02955113105 0.3606007369 0.393435327 0.03283459006 nan 0.03119286055 0.03283459006 nan nan
28 14797 918 918 0 0.202463891 0.01509426531 0.185456225 0.2259753812 0.04051915619 0.168193931 0.2940409369 0.1258470059 0.8075990447 0.02705613993 0.0901655417 nan nan
29 34556 459 459 0 0.4257701634 0.07302866093 0.2770080979 0.5003045711 0.2232964733 0.2356516045 0.5118555794 0.2762039748 -0.4680087808 0.1502699273 0.1916264206 nan nan
30 45751 14092 14092 0 0.3253061463 0.0412386929 0.2591150783 0.3866210116 0.1275059333 0.2160609311 0.4215543485 0.2054934173 -0.08067209234 0.08695818396 0.1300123311 nan nan
31 88569 2863 2863 0 0.5338091388 0.01831209825 0.497938418 0.5530402778 0.05510185986 0.4887721887 0.572638391 0.08386620232 -0.4020900864 0.04289685203 0.05206308128 nan nan
32 176287 17501 17501 0 0.4269973267 0.03637529466 0.3878205854 0.5054403359 0.1176197505 0.3557329462 0.5374508149 0.1817178687 0.6131954436 0.08308189637 0.1150923754 nan nan
33 117130 11951 11951 0 0.5806530442 0.0553988872 0.4941323919 0.6658248208 0.1716924288 0.4721704538 0.8167420041 0.3445715504 0.2342714643 0.09536065318 0.245598093 nan nan
34 72822 1214 1214 0 0.3096171488 0.0613044485 0.1828895044 0.3866480718 0.2037585674 0.1700000448 0.4058388586 0.2358388138 -0.4578615221 0.1397234732 0.1526129328 nan nan
35 51108 3970 3970 0 0.518444843 0.01237466359 0.4938064495 0.5346072409 0.04080079142 0.4886581369 0.5719985499 0.08334041304 -0.3139309264 0.03177172426 0.04646429885 nan nan

K=36, phase=backward, parameter=w [deg]
cluster representative_source n_cluster n_valid n_missing median std p05 p95 width90 minimum maximum range skewness error95 error_max angle_origin_deg angle_resultant
0 144351 45608 45608 0 -0.5465108141 4.279034194 -5.680701584 9.497097996 15.17779958 -9.723952081 15.55222876 25.27618084 1.086097954 11.32292441 17.37805517 20.45610929 0.9972168075
1 22426 4437 4437 0 -0.6127800374 4.675094557 -4.350890581 4.2575473 8.608437881 -4.947430036 23.38602323 28.33345326 2.98900221 5.925407417 25.05388335 188.3603444 0.9966952433
2 23568 924 924 0 3.907511185 13.32787084 -24.03741305 14.89981616 38.93722921 -26.97537887 15.80187626 42.77725513 -0.5419814669 33.54238146 36.48034729 202.1898624 0.9731759864
3 167952 2151 2151 0 0.1195458692 6.392264159 -9.697305244 7.681151623 17.37845687 -13.21248295 8.246628566 21.45911152 -0.1914409582 16.64489395 20.16007166 28.03184877 0.9937867229
4 57501 12856 12856 0 -0.1183340859 4.83319031 -7.268608024 7.990733482 15.25934151 -28.3798576 13.88248562 42.26234322 -0.07695838116 9.831904319 26.65040806 201.4536002 0.9964505501
5 51611 1265 1265 0 -2.302985899 6.669304097 -6.865731077 11.75786427 18.62359535 -7.064636866 17.07310306 24.13773993 0.5409010287 13.14417752 13.34308331 17.67974357 0.9932406297
6 30062 484 484 0 5.247743754 13.67341514 -27.06602886 13.56606705 40.63209591 -33.85016261 13.94282282 47.79298542 -0.8320656323 36.2057226 42.98985635 206.0243949 0.9718464458
7 8156 2692 2692 0 -0.6617416557 4.389650671 -2.570000495 1.491633364 4.061633858 -3.103825727 35.95090527 39.054731 5.620224744 2.458636139 36.91790805 183.2292848 0.9971200871
8 36833 1049 1049 0 -0.1728293513 5.171128958 -4.883822327 9.388580345 14.27240267 -25.18242776 22.36407261 47.54650038 0.4810092529 12.79875206 24.20616855 197.1179709 0.995952268
9 175498 2784 2784 0 1.186332633 5.630910194 -10.36688226 6.634328245 17.0012105 -15.0161852 6.886032039 21.90221724 -0.6165665913 15.57753291 20.22683585 28.70820418 0.9951796636
10 14141 8611 8611 0 0.0893709111 3.494854963 -5.679207137 5.523691893 11.20289903 -16.24046688 7.547471028 23.78793791 -0.06238634268 6.083115045 15.93155193 190.8910789 0.9981408919
11 210090 3056 3056 0 -3.422851133 7.16888822 -6.742541981 16.92280829 23.66535027 -7.483515691 18.20068764 25.68420333 1.183776985 21.36328861 22.64116796 18.15970638 0.9922054434
12 31322 1011 1011 0 -1.475447898 9.432455763 -5.991734889 19.92500289 25.91673777 -28.18204428 20.59416841 48.77621268 0.3119537999 22.44611538 26.31976634 199.6344499 0.9866046572
13 156237 2361 2361 0 -0.03055459192 2.711291256 -3.558799158 4.616913053 8.17571221 -6.294483154 12.86680944 19.1612926 1.80993385 5.988546383 12.23896718 23.60046695 0.9988823112
14 169016 13583 13583 0 0.6631220252 3.317151078 -6.366044817 3.674654921 10.04069974 -13.82416521 9.038205323 22.86237053 -0.7219574787 8.592576076 16.05069647 28.00863382 0.9983258342
15 43359 2169 2169 0 -1.94219022 5.644269088 -6.1092505 12.28985392 18.39910442 -7.233361945 17.01448914 24.24785109 1.092605978 14.05530253 18.77993775 187.9528044 0.9951609811
16 35110 1280 1280 0 0.3315689611 3.596647094 -6.238845106 6.333064581 12.57190969 -33.41530875 8.440899104 41.85620785 -1.845960504 7.636676492 34.08901546 211.2561763 0.9980394143
17 46767 998 998 0 -3.113112259 6.546402138 -4.592404807 15.60454271 20.19694751 -20.59341017 19.80980557 40.40321574 1.49369841 19.91279738 24.11806025 195.8006919 0.9935032936
18 125038 14677 14677 0 0.1301331899 1.849230921 -2.895018861 2.49266595 5.387684811 -16.29083497 8.739854315 25.03068929 -0.7302558391 3.297273145 16.49153417 27.23618966 0.9994796106
19 28151 1463 1463 0 -5.265094601 10.59309569 -10.47896894 16.40760506 26.886574 -31.59000995 16.93151499 48.52152495 0.5353283575 23.02785797 25.0385527 203.0936996 0.9830053692
20 109846 1878 1878 0 3.44532719 10.82684494 -24.365951 11.43873594 35.80468694 -25.18562262 14.68094596 39.86656858 -0.9774725015 29.74539901 30.56507062 205.3703479 0.9822937865
21 22279 816 816 0 -0.1922935246 4.32286189 -5.672126476 9.725252244 15.39737872 -33.95727384 12.72908821 46.68636204 0.1223102405 11.45287242 32.52672347 207.464207 0.9971655344
22 65627 754 754 0 10.80257428 19.29310938 -35.29775335 11.58001855 46.8777719 -35.5504946 11.75178552 47.30228012 -1.145243439 46.28491803 46.53765928 207.0962962 0.9445818086
23 153188 3577 3577 0 2.638854618 5.484752762 -12.65415291 3.95167244 16.60582535 -18.87005177 4.155253848 23.02530562 -1.63563073 16.25399609 22.46989495 32.80091876 0.9954343183
24 68757 1651 1651 0 -0.002314533008 3.15713585 -3.825750102 4.532989318 8.35873942 -22.0493038 6.745214918 28.79451872 -1.828401929 5.977185125 20.8489697 197.3319811 0.9984870409
25 167830 1819 1819 0 0.2752136776 3.340097625 -5.611406539 6.58306154 12.19446808 -13.31307429 11.95216903 25.26524332 0.6914132058 8.46198159 14.98074983 25.11096694 0.9983038946
26 148588 7200 7200 0 -0.1484184292 3.301006157 -4.345303243 6.963480679 11.30878392 -13.89835419 11.94997756 25.84833175 0.7357829483 7.836707043 14.25434776 24.48602601 0.9983437147
27 167957 2 2 0 0 4.390065345 -3.951058811 3.951058811 7.902117622 -4.390065345 4.390065345 8.780130691 nan 8.341124156 8.780130691 30.89398473 0.9970660397
28 14797 918 918 0 2.322985974 7.864872666 -15.5933444 10.07311677 25.66646117 -29.87129 16.11844518 45.98973518 -1.189577059 17.47408989 31.7520355 202.3968852 0.9906514121
29 34556 459 459 0 -2.076421445 9.223288737 -8.751656548 19.00703193 27.75868848 -28.17697054 20.0173181 48.19428863 0.5525634706 26.03235811 27.04264428 199.6737186 0.9871339112
30 45751 14092 14092 0 -0.08152863657 4.268612954 -6.245636989 6.692759736 12.93839672 -34.49048977 14.30126434 48.79175411 -0.5556157016 7.502317729 33.92151615 206.0533776 0.9972335163
31 88569 2863 2863 0 -0.09587182839 6.198186812 -10.39524138 9.826177509 20.22141889 -12.9665326 12.30293647 25.26946907 -0.05739277762 11.29436444 13.8370448 193.9330349 0.994160564
32 176287 17501 17501 0 0.1381272973 5.365508508 -8.499183748 7.339451436 15.83863518 -10.6689371 10.88701999 21.55595709 -0.08647421853 13.88476203 16.05451538 26.17076941 0.9956209464
33 117130 11951 11951 0 1.262432094 4.594529849 -12.98432974 4.487063408 17.47139315 -18.37023293 7.506281961 25.8765149 -1.791301314 14.55319583 19.93909902 29.18126929 0.9967951025
34 72822 1214 1214 0 3.914050516 11.62683719 -36.21545927 6.763769278 42.97922855 -41.07115479 7.368916537 48.44007133 -2.542337267 42.24118631 47.09688183 212.5707162 0.9799988937
35 51108 3970 3970 0 -1.05132431 4.831506904 -6.312620808 9.648261301 15.96088211 -15.08412998 13.13625725 28.22038723 0.686710602 12.14822883 15.6331393 191.7187344 0.9964503566

K=36, phase=forward, parameter=eps [km^2/s^2]
cluster representative_source n_cluster n_valid n_missing median std p05 p95 width90 minimum maximum range skewness error95 error_max angle_origin_deg angle_resultant
0 144351 45608 45605 3 -0.1259385841 0.03961951839 -0.1939543085 -0.07214055463 0.1218137539 -0.8238947527 -0.05885393284 0.7650408199 -0.7487816793 0.08205797525 0.7119984194 nan nan
1 22426 4437 4437 0 -0.9617362756 0.03145022802 -0.9925510472 -0.8991460993 0.09340494792 -0.9962540956 -0.891984009 0.1042700866 0.4503028589 0.04906271424 0.05622480446 nan nan
2 23568 924 924 0 -0.2394229694 0.02629885196 -0.2556379728 -0.1797321468 0.07590582598 -0.2591843722 -0.08427765103 0.1749067211 2.619984356 0.05970793361 0.1551624294 nan nan
3 167952 2151 2149 2 -0.8372121062 0.03964922562 -0.9492191049 -0.8088479452 0.1403711597 -1.018186568 -0.807091806 0.2110947622 -1.50001026 0.1066720177 0.175639481 nan nan
4 57501 12856 12855 1 -0.201778246 0.03290865728 -0.2303206517 -0.1337799753 0.09654067636 -0.8312982018 -0.1182603225 0.7130378793 -0.5407840681 0.06492395764 0.6326352971 nan nan
5 51611 1265 1259 6 -0.8333088973 0.05956758736 -0.957631163 -0.811798788 0.145832375 -1.020582924 -0.1064650305 0.9141178934 4.892345381 0.1247487161 0.7285644708 nan nan
6 30062 484 484 0 -0.912613026 0.05584445492 -0.9786973896 -0.8462323174 0.1324650722 -0.9807716408 -0.1581192429 0.8226523979 5.077837452 0.07688519335 0.7444900593 nan nan
7 8156 2692 2692 0 -0.8805095102 0.01811106542 -0.898192838 -0.8631770248 0.0350158132 -0.9819994091 -0.8161631435 0.1658362656 -2.347297385 0.02276914608 0.1039013259 nan nan
8 36833 1049 1048 1 -0.1801027426 0.05457190729 -0.2137462247 -0.1161934228 0.09755280186 -0.8347692436 -0.04492689433 0.7898423493 -6.34965148 0.05730590836 0.6614492491 nan nan
9 175498 2784 2783 1 -0.8263748316 0.02829522878 -0.8609457956 -0.8078229487 0.05312284691 -1.019395578 -0.2345626498 0.7848329282 0.609165811 0.05152872023 0.5748952221 nan nan
10 14141 8611 8610 1 -0.9654810485 0.03358473026 -1.003539788 -0.9026431905 0.1008965972 -1.008564402 -0.8118393386 0.1967250631 0.3647208774 0.05310713556 0.1439109875 nan nan
11 210090 3056 3051 5 -0.8426000923 0.0449320528 -0.9724833606 -0.8313538026 0.141129558 -1.013239593 -0.1842740331 0.8289655601 0.4096901582 0.1289958198 0.6592806133 nan nan
12 31322 1011 1011 0 -0.8959276549 0.04339470648 -0.964942038 -0.8109464812 0.1539955567 -1.020656292 -0.8063625598 0.2142937317 0.04892001054 0.1029428081 0.1072793353 nan nan
13 156237 2361 2361 0 -0.2365235663 0.02512107242 -0.2584242751 -0.1819792452 0.07644502987 -0.2593009963 -0.1654582361 0.09384276021 0.7100553678 0.05285815609 0.06937916524 nan nan
14 169016 13583 13583 0 -0.9234677929 0.02172573487 -0.9516256176 -0.8921341707 0.05949144683 -1.020820046 -0.8157640504 0.2050559955 0.3431091659 0.03726869665 0.1049498892 nan nan
15 43359 2169 2169 0 -0.8887056147 0.02381762364 -0.9373074999 -0.8597929007 0.07751459919 -0.9737461236 -0.8188663248 0.1548797988 -0.6917586146 0.0503050894 0.08391211288 nan nan
16 35110 1280 1280 0 -0.09393188573 0.1046854964 -0.1788112086 -0.04618872141 0.1326224872 -0.8794541554 -0.04453695844 0.834917197 -5.855425937 0.1028106439 0.8034535907 nan nan
17 46767 998 996 2 -0.9168275084 0.0433841531 -0.9732523282 -0.8333666721 0.1398856561 -1.020440955 -0.8064880706 0.2139528845 0.4857083464 0.09104443664 0.1178483913 nan nan
18 125038 14677 14676 1 -0.9463008787 0.02274042184 -0.9699123207 -0.9039340841 0.0659782366 -0.9770447709 -0.8084794115 0.1685653594 1.24677839 0.03591244584 0.1281481254 nan nan
19 28151 1463 1463 0 -0.904497947 0.05004881882 -0.9785187255 -0.8243417386 0.1541769869 -1.019495257 -0.8069177135 0.2125775435 0.07499682464 0.08197052015 0.1138285302 nan nan
20 109846 1878 1878 0 -0.9084205181 0.04062727741 -0.9763293165 -0.8519871751 0.1243421415 -0.9819574797 -0.8088726934 0.1730847863 -0.02599594273 0.06632086367 0.1035481705 nan nan
21 22279 816 815 1 -0.8276063699 0.03475094975 -0.882293629 -0.8126938563 0.06959977262 -1.015045605 -0.2090278602 0.8060177452 5.705459393 0.05682747793 0.6165016621 nan nan
22 65627 754 754 0 -0.2507355695 0.01636048214 -0.256744745 -0.2060549688 0.05068977618 -0.2580195742 -0.1893038222 0.06871575204 1.347910493 0.03973083043 0.05648197704 nan nan
23 153188 3577 3570 7 -0.1681585969 0.03688367796 -0.2059606239 -0.1068964257 0.09906419819 -0.2576181628 -0.05348394016 0.2041342227 0.06326617711 0.05353163431 0.1052883463 nan nan
24 68757 1651 1650 1 -0.1453215406 0.06070735962 -0.211457481 -0.1216832502 0.08977423078 -0.834138799 -0.05154323718 0.7825955618 -8.873601719 0.06682609213 0.6894628546 nan nan
25 167830 1819 1816 3 -0.887727342 0.1455608517 -0.949733273 -0.8070368501 0.1426964229 -1.008423351 -0.04671985241 0.9617034982 4.371279409 0.102498931 0.8209689524 nan nan
26 148588 7200 7195 5 -0.1672484189 0.0360588575 -0.2101102443 -0.1118283365 0.09828190774 -0.2580658749 -0.04380055914 0.2142653158 0.1941906676 0.05277663119 0.1199515453 nan nan
27 167957 2 2 0 -0.902484188 0.06868615516 -0.9643017277 -0.8406666484 0.1236350793 -0.9711703432 -0.8337980329 0.1373723103 nan 0.1305036948 0.1373723103 nan nan
28 14797 918 910 8 -0.8218925161 0.1433832886 -0.881959283 -0.8090805804 0.0728787026 -0.9840399596 -0.04389160369 0.9401483559 4.401223724 0.1400602978 0.7761402221 nan nan
29 34556 459 459 0 -0.8583794543 0.04553404696 -0.966756197 -0.8126679287 0.1540882683 -1.017761335 -0.8067424946 0.2110188408 -0.7476643352 0.1222492132 0.1732543516 nan nan
30 45751 14092 14091 1 -0.2169448514 0.03129527517 -0.2462980637 -0.152264547 0.09403351673 -0.259414077 -0.1020921665 0.1573219105 0.6366020569 0.06499188655 0.115164267 nan nan
31 88569 2863 2860 3 -0.8694366974 0.03497722389 -0.926541488 -0.8482677948 0.07827369316 -1.020173947 -0.2575784297 0.7625955169 7.079681749 0.05688579555 0.6140804837 nan nan
32 176287 17501 17498 3 -0.8708884859 0.02433905174 -0.9159875213 -0.840648254 0.07533926731 -1.016916367 -0.1320786311 0.8848377362 0.8635431058 0.04377151921 0.7408383223 nan nan
33 117130 11951 11945 6 -0.8752901009 0.02750646588 -0.9322803676 -0.8415753843 0.09070498329 -1.019546536 -0.8068933437 0.2126531922 -0.6338899746 0.0611481629 0.1483351033 nan nan
34 72822 1214 1209 5 -0.1726401356 0.05882453517 -0.2159769623 -0.08961915083 0.1263578114 -0.9752300855 -0.04398107964 0.9312490059 -6.126553388 0.09675133685 0.7937124567 nan nan
35 51108 3970 3970 0 -0.9541500971 0.03049006734 -0.9851227617 -0.902532185 0.08259057677 -0.9884443673 -0.8065969142 0.1818474531 1.123025514 0.04581936962 0.1417546404 nan nan

K=36, phase=forward, parameter=e [-]
cluster representative_source n_cluster n_valid n_missing median std p05 p95 width90 minimum maximum range skewness error95 error_max angle_origin_deg angle_resultant
0 144351 45608 45605 3 0.6988896244 0.09502861922 0.531034012 0.8280014146 0.2969674026 0.1946760287 0.8597500074 0.6650739788 -0.2195207863 0.201786808 0.5381447913 nan nan
1 22426 4437 4437 0 0.4880786287 0.05014923915 0.3840747203 0.5337358254 0.1496611051 0.370920703 0.5389969431 0.1680762401 -0.5270629118 0.08286050489 0.09601452224 nan nan
2 23568 924 924 0 0.4098347736 0.06878118115 0.3643593047 0.5674802618 0.203120957 0.3535949382 0.7991960764 0.4456011382 2.430897281 0.1577891031 0.3895049178 nan nan
3 167952 2151 2149 2 0.2567778051 0.08192440993 0.1768228646 0.4688767713 0.2920539067 0.1710855758 0.5693291022 0.3982435264 1.05285604 0.201748386 0.3022007168 nan nan
4 57501 12856 12855 1 0.5108619285 0.08088012381 0.4356391044 0.6797161665 0.2440770621 0.1885344455 0.7173034092 0.5287689637 0.5346890956 0.1614137654 0.3299176543 nan nan
5 51611 1265 1259 6 0.2478857507 0.08843968089 0.1901438792 0.4852949448 0.2951510655 0.1700181651 0.7457509923 0.5757328272 1.725716502 0.2333567163 0.4938127638 nan nan
6 30062 484 484 0 0.4090079196 0.07936222166 0.2784004521 0.5138559677 0.2354555155 0.1816681563 0.620297195 0.4386290386 -0.2592066619 0.1255477236 0.2295926455 nan nan
7 8156 2692 2692 0 0.3491698727 0.03331535211 0.3142214315 0.3820440812 0.06782264977 0.2014168179 0.5185090086 0.3170921908 1.551813368 0.04243714563 0.1740671426 nan nan
8 36833 1049 1048 1 0.5654440127 0.09327108076 0.4799349491 0.722295202 0.2423602529 0.2013018344 0.8929479705 0.691646136 0.334763701 0.1401038251 0.3813362719 nan nan
9 175498 2784 2783 1 0.2302025247 0.05674639393 0.1735275877 0.3113575504 0.1378299628 0.1715852171 0.5709867871 0.3994015699 2.10418934 0.1316172602 0.3912464968 nan nan
10 14141 8611 8610 1 0.4938231797 0.05277043587 0.3901950698 0.5492443843 0.1590493145 0.1853454898 0.5562090262 0.3708635364 -0.4648921793 0.08845261313 0.2933021931 nan nan
11 210090 3056 3051 5 0.2701566427 0.07761685476 0.2422584414 0.5045611246 0.2623026832 0.1700719612 0.5625278525 0.3924558913 1.902410311 0.2320547454 0.2900214733 nan nan
12 31322 1011 1011 0 0.3790643646 0.08369465369 0.1849687891 0.4930276658 0.3080588767 0.1685723685 0.5727162374 0.4041438689 -0.4555013697 0.2246807478 0.2410771685 nan nan
13 156237 2361 2361 0 0.4179392902 0.06727647531 0.356044006 0.5604449171 0.204400911 0.3534727016 0.6017595388 0.2482868372 0.6492003623 0.1382039169 0.1795185387 nan nan
14 169016 13583 13583 0 0.4271887298 0.03759447276 0.3720567379 0.4727765267 0.1007197888 0.2001543428 0.5729557573 0.3728014145 -0.8717086806 0.06084921116 0.2141424216 nan nan
15 43359 2169 2169 0 0.3651060929 0.0436857195 0.3073710282 0.4499513472 0.142580319 0.2094086788 0.5064513436 0.2970426648 0.4317851408 0.08751671445 0.1578031734 nan nan
16 35110 1280 1280 0 0.7761096393 0.1169793384 0.5694488864 0.8899424494 0.320493563 0.1705568463 0.8938855077 0.7233286614 -1.576894973 0.2494930934 0.6483851334 nan nan
17 46767 998 996 2 0.4155925042 0.08129565562 0.2482393624 0.5056981243 0.2574587618 0.1690549787 0.5724196201 0.4033646414 -0.8942163259 0.1800762294 0.2592606132 nan nan
18 125038 14677 14676 1 0.4642599242 0.03856267041 0.3933038451 0.5006752615 0.1073714164 0.1749967884 0.5112590529 0.3362622646 -1.776991429 0.05768041921 0.2737349777 nan nan
19 28151 1463 1463 0 0.3945675809 0.09339371638 0.2247894592 0.5134606399 0.2886711807 0.1708617995 0.5711935452 0.4003317457 -0.3552867722 0.1740677999 0.2260475725 nan nan
20 109846 1878 1878 0 0.40098067 0.07296637746 0.2913546866 0.5101323565 0.21877767 0.17801916 0.518468962 0.340449802 -0.2133451777 0.1165829638 0.2299184903 nan nan
21 22279 816 815 1 0.2326497771 0.05791129746 0.1897009712 0.3541042429 0.1644032716 0.1716030474 0.5650182522 0.3934152048 2.297316011 0.1267645909 0.3376786002 nan nan
22 65627 754 754 0 0.3788736156 0.04502499835 0.361058284 0.5006585063 0.1396002223 0.357303287 0.5434348864 0.1861315994 1.281319096 0.1072012448 0.149977625 nan nan
23 153188 3577 3570 7 0.5955701594 0.09158155484 0.5001977477 0.7447191535 0.2445214058 0.358302313 0.8726010776 0.5142987646 0.01035677848 0.1310774268 0.2604604578 nan nan
24 68757 1651 1650 1 0.6516406744 0.07469052242 0.4856869291 0.7090117306 0.2233248014 0.1759040453 0.8772211912 0.7013171459 -1.933705362 0.1680030614 0.4773035619 nan nan
25 167830 1819 1816 3 0.3708196024 0.1039587134 0.1777711267 0.5002617316 0.3224906049 0.1698141831 0.8887012719 0.7188870888 0.581275249 0.1759277534 0.5643672937 nan nan
26 148588 7200 7195 5 0.5977640207 0.08934067442 0.4894011951 0.732860073 0.2434588779 0.3570046691 0.8956399398 0.5386352707 0.1581665909 0.1284683744 0.2892087487 nan nan
27 167957 2 2 0 0.3759789031 0.1265000224 0.2621288829 0.4898289233 0.2277000404 0.2494788806 0.5024789255 0.2530000449 nan 0.2403500426 0.2530000449 nan nan
28 14797 918 910 8 0.2213435749 0.1131867816 0.1883698288 0.4757811729 0.287411344 0.1722257304 0.8954250633 0.7231993329 3.780423166 0.2638375831 0.6834814736 nan nan
29 34556 459 459 0 0.3048285687 0.08950997731 0.1878838364 0.495822655 0.3079388186 0.1698731259 0.5688579778 0.3989848519 0.3884075276 0.2220756999 0.2951110227 nan nan
30 45751 14092 14091 1 0.4712315512 0.08081875577 0.3914177168 0.6345737326 0.2431560158 0.3532132518 0.7565838101 0.4033705583 0.5774023421 0.1646413466 0.2866514241 nan nan
31 88569 2863 2860 3 0.3279389027 0.04990412632 0.2824942397 0.4325645764 0.1500703366 0.1843337776 0.5721043294 0.3877705518 0.9060451316 0.1053646738 0.2399316315 nan nan
32 176287 17501 17498 3 0.3312527819 0.04636482688 0.2651740458 0.4147154541 0.1495414083 0.1700666531 0.6839207812 0.5138541281 0.5058739413 0.08369837714 0.348658394 nan nan
33 117130 11951 11945 6 0.3398898232 0.05304394567 0.2671050673 0.4417364121 0.1746313448 0.1707323136 0.5711940404 0.4004617267 0.3497656558 0.1130343419 0.2395385764 nan nan
34 72822 1214 1209 5 0.5843855605 0.101854733 0.4740837508 0.7862620755 0.3121783247 0.2843787611 0.8952125964 0.6108338353 0.7184856323 0.2300581418 0.3331049548 nan nan
35 51108 3970 3970 0 0.476473121 0.0515538669 0.3903538346 0.5230520078 0.1326981732 0.169493203 0.5278521997 0.3583589967 -1.65070505 0.07689164766 0.2977522793 nan nan

K=36, phase=forward, parameter=w [deg]
cluster representative_source n_cluster n_valid n_missing median std p05 p95 width90 minimum maximum range skewness error95 error_max angle_origin_deg angle_resultant
0 144351 45608 45605 3 -3.31497483 20.49254294 -21.50161482 34.85200659 56.35362141 -177.7394493 176.8894074 354.6288567 -0.04768249763 56.27462507 179.2103103 173.9253561 0.9436307542
1 22426 4437 4437 0 -1.871981687 11.63286845 -12.5856274 16.06192833 28.64755574 -13.42892095 48.54995551 61.97887646 1.758429825 21.47907737 53.96710455 303.2090642 0.9798849237
2 23568 924 924 0 -7.918387365 33.61641939 -31.60919797 65.79040369 97.39960166 -179.0614014 161.983386 341.0447874 0.7398545533 95.82256743 177.4142743 213.5071888 0.8531860274
3 167952 2151 2149 2 -2.411807051 34.26981796 -37.34269269 69.69078931 107.033482 -43.326199 177.6445789 220.9707779 1.20726388 64.04066555 152.3398147 70.48065938 0.8450227726
4 57501 12856 12855 1 -5.495983842 23.24318808 -24.89462615 41.28065236 66.17527851 -166.7443123 178.1070844 344.8513967 1.167725808 63.9233242 175.5317023 188.4226707 0.924808801
5 51611 1265 1259 6 -6.175049577 35.08985243 -38.78644483 67.67206818 106.458513 -170.9432017 156.9747504 327.9179521 0.5348237908 57.82236988 177.7054385 104.8912467 0.8362074412
6 30062 484 484 0 -2.543568231 27.81695702 -24.17870377 39.09999819 63.27870196 -35.91301469 145.8096339 181.7226486 2.877908499 55.46328775 162.1729234 23.8038278 0.9102454676
7 8156 2692 2692 0 -2.277474741 10.75398573 -4.703265136 6.102704574 10.80596971 -147.6361776 176.4792741 324.1154516 4.34068064 10.16166177 179.5235582 294.2495441 0.9849534844
8 36833 1049 1048 1 -5.106412246 28.77696476 -22.81747827 46.46584941 69.28332768 -176.347853 167.8630631 344.2109161 1.748678209 69.98947077 177.1295832 311.5254892 0.9018703596
9 175498 2784 2783 1 -3.353506905 24.51692239 -17.20569751 30.30260354 47.50830105 -177.0931721 178.7264531 355.8196253 -0.1473266617 35.62126979 179.4809406 16.7088907 0.9349972285
10 14141 8611 8610 1 -0.631395902 7.644127383 -9.702029772 11.86245252 21.56448229 -131.8117506 146.1312573 277.9430079 2.577408312 16.05621511 150.2997767 301.8682542 0.9919734803
11 210090 3056 3051 5 -8.055545311 33.70994423 -23.23785589 85.38451634 108.6223722 -152.1532099 131.8907608 284.0439707 1.616139508 102.3160479 148.723922 61.17019704 0.8527690453
12 31322 1011 1011 0 0.8661251103 38.50889729 -51.51209467 36.03563075 87.54772542 -174.4708815 173.6738814 348.1447629 -1.028342964 81.6462622 174.5894478 38.86306631 0.8478230501
13 156237 2361 2361 0 -6.734959829 38.99851813 -36.53970493 81.00858314 117.5482881 -40.90973383 165.2661057 206.1758395 1.488069121 103.6489008 179.4753023 237.7675856 0.8113997172
14 169016 13583 13583 0 -4.896452509 21.34415315 -17.39684061 30.23026646 47.62710707 -179.3173794 179.9243998 359.2417793 1.571345439 43.15404833 179.197262 8.251320736 0.9412539761
15 43359 2169 2169 0 -4.642726467 13.77193252 -9.519545824 26.6932436 36.21278943 -133.6976167 169.09415 302.7917666 0.641963648 32.29476384 174.121064 300.5229799 0.9741929119
16 35110 1280 1280 0 -4.119087804 42.86729132 -27.61947913 115.6583142 143.2777933 -178.7839559 177.3695966 356.1535525 1.073182494 134.8311728 179.4162666 270.9155767 0.814831394
17 46767 998 996 2 -1.856504928 35.94080168 -68.58895498 43.0822721 111.6712271 -179.1625958 178.6389674 357.8015632 -1.213480422 67.45263069 178.2170912 52.33177903 0.857411309
18 125038 14677 14676 1 -2.767871325 19.68484167 -18.40369866 32.07047832 50.47417698 -174.0607419 176.9556378 351.0163797 2.070707896 44.8766354 179.4148949 11.18069864 0.9513653874
19 28151 1463 1463 0 -4.515746825 60.060081 -32.13658926 161.4080298 193.544619 -179.2974958 179.6373273 358.9348231 1.182449323 167.960446 179.6007025 348.4154754 0.6503768649
20 109846 1878 1878 0 -2.481161701 26.73553517 -40.79661645 33.83824221 74.63485866 -178.7261865 179.8913697 358.6175562 1.061664165 41.01046849 179.5239736 336.6398011 0.9145100868
21 22279 816 815 1 -3.426647363 26.31004885 -22.73847067 57.74724729 80.48571796 -155.2656846 179.7659251 335.0316097 1.405690001 68.57564932 173.1445073 158.9099241 0.9191851414
22 65627 754 754 0 -2.732410535 20.92144688 -27.05505387 44.84363442 71.8986883 -30.94629637 95.04861384 125.9949102 0.8914304118 40.00343537 90.20841479 214.1650858 0.9359948601
23 153188 3577 3570 7 -4.635316189 50.8954491 -37.36885709 129.8073183 167.1761754 -178.7875714 179.6577903 358.4453617 1.037037475 154.5751962 179.9970286 247.8472728 0.7351907915
24 68757 1651 1650 1 -5.159382306 35.49461257 -19.8127563 54.22338889 74.0361452 -174.6250153 174.5131481 349.1381634 1.319675033 85.52243142 179.7377854 201.9825637 0.8719861141
25 167830 1819 1816 3 -4.277762931 31.07228646 -46.58890303 52.89002234 99.47892537 -177.4308366 162.4455672 339.8764039 0.2056539699 73.34426493 174.8134557 132.2483079 0.8778565663
26 148588 7200 7195 5 -4.857041336 33.22278814 -27.20942433 63.4813901 90.69081444 -177.2327336 178.8386078 356.0713414 1.441500218 99.3001155 178.9921723 293.5687268 0.8695497404
27 167957 2 2 0 1.421085472e-14 32.6535022 -29.38815198 29.38815198 58.77630396 -32.6535022 32.6535022 65.3070044 nan 62.04165418 65.3070044 133.3077657 0.8419489313
28 14797 918 910 8 -2.318364259 32.38746005 -28.69047187 52.85326533 81.5437372 -176.8629516 178.7032783 355.5662299 0.8968326784 86.07887324 173.1407709 163.0908844 0.8854041449
29 34556 459 459 0 -8.020805517 44.84833861 -43.49654611 89.54036338 133.0369095 -170.9452269 143.3508051 314.296032 0.5716621405 130.289127 176.8744539 87.39534659 0.7489656428
30 45751 14092 14091 1 -6.061219991 25.45290689 -28.17887407 46.97467525 75.15354932 -178.6842407 177.5496156 356.2338563 0.8560564199 72.91555245 178.6490845 192.3241669 0.9095094573
31 88569 2863 2860 3 -3.274951716 23.51995486 -16.59780255 34.07034815 50.66815071 -151.3948043 179.0430079 330.4378122 2.124981061 41.42076816 179.5767549 313.9342283 0.9372815745
32 176287 17501 17498 3 -2.335216797 20.72790341 -19.3161429 36.293405 55.60954791 -179.5098811 177.0348733 356.5447543 1.593084313 54.72516958 179.9422297 15.02179523 0.9456038106
33 117130 11951 11945 6 -4.813997962 29.00980318 -23.8985697 37.69144846 61.59001817 -176.9990794 179.875965 356.8750445 -1.830985074 62.65918197 177.1121204 15.88924974 0.9031641635
34 72822 1214 1209 5 -4.266450228 37.54475727 -27.97585686 57.63220643 85.60806329 -179.0855507 175.9082664 354.9938171 0.5529155437 85.39449853 179.9318403 253.67034 0.8573859796
35 51108 3970 3970 0 -1.231837254 22.61132967 -19.66183813 22.42314069 42.08497882 -178.2362622 154.414344 332.6506062 2.820278994 29.77900195 171.1119914 315.1396646 0.9392429242

K=41, STD=0.01140843192
n = trajectories per cluster; conditions overlap.
n = 1: clusters=0/41 (0.00%); trajectories=0/194124 (0.00%)
n < 10: clusters=1/41 (2.44%); trajectories=2/194124 (0.00%)
n < 100: clusters=1/41 (2.44%); trajectories=2/194124 (0.00%)

K=41, phase=backward, parameter=eps [km^2/s^2]
cluster representative_source n_cluster n_valid n_missing median std p05 p95 width90 minimum maximum range skewness error95 error_max angle_origin_deg angle_resultant
0 144351 45608 45608 0 -0.1238703472 0.03767627802 -0.189915359 -0.07170545954 0.1182098994 -0.2102059024 -0.05881779331 0.1513881091 -0.1737455767 0.07181291789 0.09210346132 nan nan
1 22426 4427 4427 0 -0.9371999934 0.01539199163 -0.9619478932 -0.9151317658 0.04681612734 -0.9704032762 -0.9066367013 0.06376657496 -0.1234518488 0.02696442108 0.03535228002 nan nan
2 24011 832 832 0 -0.8145655145 0.007087680971 -0.8288864495 -0.8075005132 0.02138593632 -0.8317350387 -0.8071063255 0.02462871325 -0.4812431379 0.01429317016 0.01714175938 nan nan
3 167952 2141 2141 0 -0.2417550576 0.01313235394 -0.2571188087 -0.2134377513 0.04368105743 -0.2583797228 -0.1902849437 0.06809477913 0.6550187072 0.03040630936 0.05355911696 nan nan
4 48782 6034 6034 0 -0.9316720659 0.01869267865 -0.9598830913 -0.9020867239 0.05779636745 -0.9622160199 -0.8951840274 0.06703199249 0.05352275879 0.03217458439 0.03441789054 nan nan
5 51611 1255 1255 0 -0.06649640126 0.03407702479 -0.1387314888 -0.04534386188 0.09338762694 -0.1822224966 -0.04383479669 0.1383876999 -0.7525818162 0.0503656291 0.08757309488 nan nan
6 35310 324 324 0 -0.8209593359 0.02031619853 -0.8702931756 -0.8066211852 0.06367199045 -0.8867821248 -0.8063623697 0.08041975502 -1.035201403 0.04945312087 0.06594206998 nan nan
7 28151 1477 1477 0 -0.8781307406 0.02044154492 -0.9167949173 -0.8490380303 0.06775688701 -0.9315799941 -0.8399109991 0.09166899504 -0.3465271944 0.03773341161 0.04750243634 nan nan
8 40315 899 899 0 -0.9290098674 0.03487019756 -0.9757669922 -0.8717468605 0.1040201317 -1.020553626 -0.8549341409 0.1656194849 0.1013913304 0.06528988541 0.08456315758 nan nan
9 175498 2764 2764 0 -0.2503069459 0.01161211598 -0.2565376809 -0.2291547062 0.02738297471 -0.2595396483 -0.167809753 0.09172989528 2.484854636 0.016585088 0.07793004117 nan nan
10 14141 8568 8568 0 -0.8792085904 0.01742757489 -0.9089621871 -0.8531740993 0.05578808783 -0.9144455059 -0.8455281707 0.06891733521 -0.09579601678 0.03015510075 0.03578248314 nan nan
11 210090 3039 3039 0 -0.1646104374 0.0379206444 -0.2161225514 -0.09334797205 0.1227745793 -0.230824586 -0.06893817449 0.1618864115 0.3248286474 0.06669120564 0.08955369186 nan nan
12 31323 851 851 0 -0.878004762 0.02204217436 -0.9155215174 -0.8461589702 0.06936254714 -0.928016261 -0.8226048578 0.1054114032 -0.140071072 0.03991714176 0.06305236794 nan nan
13 156237 2361 2361 0 -0.1773065395 0.0335371062 -0.2046899862 -0.107776692 0.09691329422 -0.2339634096 -0.105120127 0.1288432826 0.4954277831 0.0630123961 0.06560024519 nan nan
14 165903 8837 8837 0 -0.221786646 0.01353168844 -0.23566706 -0.1929662518 0.04270080818 -0.2548471886 -0.1726814826 0.08216570606 0.7980104843 0.03113876173 0.05142353096 nan nan
15 43359 2143 2143 0 -0.9877895276 0.01122871117 -0.9995724416 -0.9654214371 0.03415100453 -1.020754723 -0.9621064395 0.0586482838 0.4294548355 0.02750813681 0.03079324436 nan nan
16 50026 1254 1254 0 -0.85411941 0.01746182972 -0.8893082054 -0.8305454993 0.05876270616 -0.9182613159 -0.8258646601 0.09239665578 -0.4352378197 0.03788691654 0.06684002699 nan nan
17 61172 452 452 0 -0.9753789782 0.007675742784 -0.9791985244 -0.9628593227 0.01633920165 -1.020743755 -0.9421111852 0.07863257009 -1.2751611 0.01381152189 0.04450160315 nan nan
18 120454 12566 12566 0 -0.1545394274 0.01993401749 -0.1865899593 -0.1250237585 0.06156620079 -0.1945673014 -0.08366161186 0.1109056896 -0.06462328848 0.03335597361 0.07289613176 nan nan
19 32794 303 303 0 -0.8174852593 0.009768594503 -0.8360216179 -0.8067029006 0.02931871724 -0.8395804715 -0.8065266032 0.0330538683 -0.3730988741 0.01691583658 0.02047469023 nan nan
20 110558 1907 1907 0 -0.9431735193 0.02536649902 -0.9630529757 -0.8966206185 0.06643235717 -0.9718435322 -0.8394081502 0.132435382 1.632851896 0.04767690422 0.1048893725 nan nan
21 22279 803 803 0 -0.8283875139 0.01143955949 -0.8556368516 -0.824882591 0.03075426059 -0.9301199198 -0.8227577141 0.1073622057 -3.860363996 0.02710107199 0.1015841402 nan nan
22 65627 743 743 0 -0.8470132758 0.01540412138 -0.8752287249 -0.8305543169 0.04467440796 -0.9315565875 -0.8233641224 0.1081924651 -1.253469032 0.03170806118 0.07066120122 nan nan
23 153188 3577 3577 0 -0.2313366848 0.02241319902 -0.2583620856 -0.1915771453 0.06678494034 -0.2593276385 -0.1755857606 0.0837418779 0.2554889685 0.04643996518 0.06243134984 nan nan
24 69136 1600 1600 0 -0.9673144312 0.00513737071 -0.9741072059 -0.962663413 0.01144379297 -1.020836128 -0.9622035491 0.05863257922 -4.507133973 0.006335572292 0.0530644947 nan nan
25 167830 1814 1814 0 -0.1933844008 0.02964209445 -0.2143545175 -0.1256794459 0.08867507164 -0.2537412177 -0.1158679831 0.1378732345 0.7285792657 0.0735360612 0.08334752393 nan nan
26 148588 7200 7200 0 -0.1660126979 0.03502182992 -0.2094498339 -0.1117459324 0.09770390156 -0.2320399875 -0.04380722131 0.1882327662 0.1913020752 0.05599586785 0.1238116728 nan nan
27 167957 2 2 0 -0.2511158158 0.005881131901 -0.2564088345 -0.2458227971 0.01058603742 -0.2569969477 -0.2452346839 0.0117622638 nan 0.01117415061 0.0117622638 nan nan
28 14797 846 846 0 -0.8167355462 0.004853202588 -0.8248670099 -0.8119712543 0.01289575565 -0.8456064288 -0.8066952124 0.03891121636 -0.8280284479 0.008455219228 0.02832447844 nan nan
29 32944 457 457 0 -0.91172468 0.04095468816 -0.9656240257 -0.8442714211 0.1213526046 -0.9716211646 -0.8253323812 0.1462887834 0.1803962184 0.06531866728 0.08425770721 nan nan
30 45291 13142 13142 0 -0.8673423853 0.01892233718 -0.8972424323 -0.8385612045 0.05868122783 -0.9221712603 -0.830359954 0.09181130633 -0.04041763199 0.03849319541 0.04668639901 nan nan
31 88569 2774 2774 0 -0.9933837048 0.01254510308 -1.006295807 -0.9680152498 0.0382805571 -1.008654727 -0.9621646574 0.04649006975 0.447311898 0.02949565406 0.03534624652 nan nan
32 176015 15556 15556 0 -0.2343629838 0.01367132428 -0.2477538341 -0.203589899 0.04416393517 -0.2595672675 -0.1913846494 0.06818261806 0.7201322337 0.03181452779 0.04401977733 nan nan
33 116002 11138 11138 0 -0.1723067524 0.02175343976 -0.2069402478 -0.1390991999 0.06784104787 -0.21450103 -0.07692565609 0.1375753739 0.2521689442 0.03758527025 0.09962954125 nan nan
34 31657 487 487 0 -0.8180990679 0.009727086801 -0.8366844452 -0.8070363649 0.0296480803 -0.846582437 -0.8062084723 0.04037396465 -0.5079517684 0.01789060068 0.02778859246 nan nan
35 51108 3933 3933 0 -0.9820894143 0.008439654406 -0.9931874261 -0.9654720242 0.0277154019 -1.020134973 -0.9622137061 0.05792126668 0.2821219722 0.02149815078 0.03324183875 nan nan
36 8025 2574 2574 0 -0.9142144886 0.02314608415 -0.9537241082 -0.878939693 0.0747844153 -0.9620932548 -0.8480979179 0.1139953369 -0.08139319228 0.04096774996 0.06783134017 nan nan
37 165874 9677 9677 0 -0.2137028454 0.011581483 -0.2273698807 -0.1917344946 0.03563538619 -0.2458161886 -0.1705009202 0.07531526835 0.3788761234 0.02184717267 0.04298985275 nan nan
38 35110 1219 1219 0 -0.835202754 0.007970612228 -0.8428666437 -0.8248662959 0.01800034773 -0.9750163668 -0.8205726761 0.1544436907 -9.038007731 0.01128477713 0.1406539742 nan nan
39 80819 7678 7678 0 -0.9316060127 0.01813290475 -0.9569779592 -0.9029603882 0.05401757106 -1.020739299 -0.8392317749 0.1815075241 0.3792425881 0.03172791237 0.09497961575 nan nan
40 38011 862 862 0 -0.9373132477 0.01933360996 -0.9661418817 -0.9034654168 0.06267646494 -0.9715854693 -0.8507364104 0.1208490589 0.3029915311 0.03490450165 0.08427125583 nan nan

K=41, phase=backward, parameter=e [-]
cluster representative_source n_cluster n_valid n_missing median std p05 p95 width90 minimum maximum range skewness error95 error_max angle_origin_deg angle_resultant
0 144351 45608 45608 0 0.7038729313 0.09163614799 0.5412742641 0.8290728775 0.2877986135 0.4881113724 0.8598376402 0.3717262677 -0.1959677108 0.1765958706 0.2297587623 nan nan
1 22426 4427 4427 0 0.4493658443 0.02495333894 0.4124059025 0.4884016112 0.07599570868 0.3978153457 0.5012262179 0.1034108722 0.07400007741 0.04276044604 0.05541087695 nan nan
2 24011 832 832 0 0.1953716445 0.02134294159 0.1725305129 0.2368690808 0.06433856789 0.1711268948 0.2441558693 0.07302897443 0.4080565648 0.04039075283 0.04767754134 nan nan
3 167952 2141 2141 0 0.404052998 0.03629792806 0.359927788 0.4807908379 0.12086305 0.3561485094 0.540961113 0.1848126037 0.5922412867 0.08339678685 0.1435670619 nan nan
4 48782 6034 6034 0 0.4406606058 0.030840907 0.3900831309 0.4854440641 0.09536093314 0.3777807411 0.4891161724 0.1113354313 -0.1130775636 0.05210022823 0.05646018788 nan nan
5 51611 1255 1255 0 0.8414752035 0.08192103813 0.6676758194 0.8919685047 0.2242926853 0.559813993 0.8955575814 0.3357435884 -0.7655180959 0.1204352203 0.2142585318 nan nan
6 35310 324 324 0 0.2139358058 0.05169896923 0.1695040683 0.330558488 0.1610544197 0.168591401 0.362571352 0.193979951 0.7791239494 0.1154532137 0.1474660777 nan nan
7 28151 1477 1477 0 0.3454766599 0.0395120334 0.2841324068 0.4155435486 0.1314111418 0.2642988962 0.440294461 0.1759955648 0.1808249143 0.07485294187 0.09222628108 nan nan
8 40315 899 899 0 0.4362807728 0.05889089448 0.3325389693 0.5093953671 0.1768563979 0.2973835172 0.5726100257 0.2752265085 -0.2327504127 0.1157416188 0.1501889354 nan nan
9 175498 2764 2764 0 0.3797227751 0.03200301649 0.3616560027 0.4385422652 0.07688626247 0.3526634878 0.597116756 0.2444532682 2.323864518 0.04637361847 0.2049481092 nan nan
10 14141 8568 8568 0 0.3467815672 0.0338980068 0.2931511705 0.4016349918 0.1084838213 0.2759808255 0.4112959915 0.135315166 -0.004345711265 0.05828503286 0.07490123562 nan nan
11 210090 3039 3039 0 0.6047990029 0.09377149536 0.4736475825 0.7775119836 0.3038644011 0.4332311191 0.8357881902 0.4025570711 0.2769821967 0.1658915647 0.2157427113 nan nan
12 31323 851 851 0 0.3450683217 0.04325045582 0.2775871758 0.4136006128 0.136013437 0.2165533359 0.4344322577 0.2178789218 -0.01770816359 0.0820033238 0.1430371637 nan nan
13 156237 2361 2361 0 0.5729700708 0.08283323676 0.5035083949 0.7426176177 0.2391092228 0.4246648142 0.7489920442 0.32432723 0.474206224 0.1536316655 0.1645411633 nan nan
14 165903 8837 8837 0 0.458339457 0.03556892746 0.4209328027 0.5328480316 0.1119152289 0.3661309769 0.5839901982 0.2178592213 0.7362830539 0.08115394813 0.1321423726 nan nan
15 43359 2143 2143 0 0.5267681496 0.01645027317 0.4935541435 0.5436549175 0.05010077398 0.488446606 0.5728758046 0.08442919862 -0.4594347836 0.04056371047 0.04567124803 nan nan
16 50026 1254 1254 0 0.2962795861 0.03747109982 0.240102774 0.3670521589 0.126949385 0.2254549829 0.4170346165 0.1915796336 0.2608231555 0.07650458069 0.1264870383 nan nan
17 61172 452 452 0 0.5087474645 0.01130183582 0.4899703371 0.5144167028 0.02444636571 0.4578691075 0.5728380059 0.1149688984 0.9655973326 0.02081319979 0.06281814945 nan nan
18 120454 12566 12566 0 0.6289749323 0.04910815949 0.5492425611 0.7009384639 0.1516959028 0.5285301802 0.8006659886 0.2721358083 -0.0812298723 0.0820994331 0.1766446215 nan nan
19 32794 303 303 0 0.2046283992 0.02842863269 0.1699168359 0.2546162058 0.08469936992 0.1691570339 0.2636358172 0.0944787833 0.2474059782 0.04450552111 0.05352513245 nan nan
20 110558 1907 1907 0 0.4592837342 0.04414859087 0.3807270138 0.4904377058 0.109710692 0.263212555 0.5036553622 0.2404428072 -1.991658621 0.08063587094 0.1981503298 nan nan
21 22279 803 803 0 0.2346603232 0.02576940656 0.225556946 0.2999236694 0.0743667234 0.2197531228 0.4370851162 0.2173319934 3.526026523 0.06478107806 0.2019425249 nan nan
22 65627 743 743 0 0.2803317263 0.03346737036 0.2398466412 0.3384784338 0.09863179252 0.2187022509 0.4394687349 0.220766484 0.860432112 0.07426062488 0.128295466 nan nan
23 153188 3577 3577 0 0.4320884108 0.06050452913 0.3562138211 0.5362515815 0.1800377604 0.3533386986 0.5778355597 0.2244968611 0.2093739926 0.1227558056 0.1643397839 nan nan
24 69136 1600 1600 0 0.4967631376 0.007540515926 0.4896929039 0.5069042901 0.01721138628 0.4888996391 0.5729713754 0.08407173634 4.191530138 0.009479479671 0.07554656496 nan nan
25 167830 1814 1814 0 0.5322633663 0.07407497125 0.4783338623 0.6994163275 0.2210824652 0.3692853471 0.7230820827 0.3537967355 0.6939856277 0.1821358933 0.2058016485 nan nan
26 148588 7200 7200 0 0.6008347956 0.08664118791 0.4911304217 0.733034515 0.2419040933 0.4299217109 0.8956261106 0.4657043998 0.1652471605 0.1366899959 0.2987704294 nan nan
27 167957 2 2 0 0.377018032 0.01641729503 0.3622424664 0.3917935975 0.02955113105 0.3606007369 0.393435327 0.03283459006 nan 0.03119286055 0.03283459006 nan nan
28 14797 846 846 0 0.2022282309 0.01427743159 0.1869589393 0.2253933764 0.03843443713 0.1698247327 0.2742923448 0.1044676121 0.5073313933 0.02579299082 0.0704169496 nan nan
29 32944 457 457 0 0.4068211733 0.07415539102 0.2737952288 0.4941832727 0.2203880439 0.2246927558 0.5032872386 0.2785944828 -0.3348035623 0.1292629954 0.1783654685 nan nan
30 45291 13142 13142 0 0.3239349119 0.03899577138 0.2601699142 0.3814101669 0.1212402527 0.239498846 0.4237159538 0.1842171079 -0.08552853298 0.08318952048 0.1038605887 nan nan
31 88569 2774 2774 0 0.5349384875 0.01806905264 0.4979288435 0.5530734737 0.05514463017 0.4887721887 0.5563450703 0.06757288161 -0.478148894 0.04290642646 0.05206308128 nan nan
32 176015 15556 15556 0 0.424597203 0.0370038081 0.3871442349 0.5069065116 0.1197622767 0.3526417655 0.5380310524 0.1853892869 0.6733762938 0.08568651745 0.1168110582 nan nan
33 116002 11138 11138 0 0.5849084368 0.05426463155 0.4969312573 0.6668100493 0.169878792 0.4771754213 0.8167420041 0.3395665828 0.2100781188 0.09355580129 0.2424768204 nan nan
34 31657 487 487 0 0.2064895028 0.02799230511 0.1710047189 0.2564563296 0.08545161073 0.168193931 0.2765120292 0.1083180982 0.3487553299 0.04728945622 0.06734515583 nan nan
35 51108 3933 3933 0 0.5186111216 0.01242626436 0.4937881231 0.5346230233 0.04083490027 0.4886581369 0.5719985499 0.08334041304 -0.3227777121 0.03181145003 0.04646429885 nan nan
36 8025 2574 2574 0 0.4105254679 0.04013069735 0.3458388254 0.4754878321 0.1296490068 0.281939602 0.4884624285 0.2065228265 -0.02922254614 0.07099517504 0.1316026038 nan nan
37 165874 9677 9677 0 0.4796058468 0.03007344155 0.4435557828 0.5361389155 0.09258313267 0.3919964047 0.5904545597 0.1984581549 0.3557745769 0.05626127719 0.1103506033 nan nan
38 35110 1219 1219 0 0.2523941698 0.0173748556 0.2257658822 0.271216548 0.04545066577 0.2137959957 0.5082403438 0.294444348 5.353618346 0.02865119193 0.2578232462 nan nan
39 80819 7678 7678 0 0.4407574611 0.0303314092 0.3919011825 0.4810165186 0.08911533618 0.2627558749 0.5728514127 0.3100955378 -0.6585010139 0.05097713081 0.168363122 nan nan
40 38011 862 862 0 0.4497825447 0.03167142455 0.3927699445 0.4948635837 0.1020936392 0.2892944998 0.5032275587 0.2139330589 -0.4220017213 0.05560250514 0.1566529647 nan nan

K=41, phase=backward, parameter=w [deg]
cluster representative_source n_cluster n_valid n_missing median std p05 p95 width90 minimum maximum range skewness error95 error_max angle_origin_deg angle_resultant
0 144351 45608 45608 0 -0.5465108141 4.279034194 -5.680701584 9.497097996 15.17779958 -9.723952081 15.55222876 25.27618084 1.086097954 11.32292441 17.37805517 20.45610929 0.9972168075
1 22426 4427 4427 0 -0.6157640799 4.675591622 -4.340614591 4.204306973 8.544921564 -4.931036414 23.38257735 28.31361376 2.993376371 5.875612971 25.05388335 188.3637903 0.9966945699
2 24011 832 832 0 4.438559256 13.62325338 -24.70254978 14.66753867 39.37008845 -27.33713964 15.46837721 42.80551684 -0.5883978612 34.01915233 36.65374219 202.5516232 0.9719864178
3 167952 2141 2141 0 0.1067143208 6.399943629 -9.702879993 7.689729802 17.39260979 -13.20449057 8.254620947 21.45911152 -0.1899018663 16.65846108 20.16007166 28.02385639 0.9937718042
4 48782 6034 6034 0 -0.8178355605 4.259634421 -4.881735577 9.706209264 14.58794484 -24.07995354 17.39260359 41.47255713 1.530388884 11.03360467 22.78788067 198.5148359 0.9972446534
5 51611 1255 1255 0 -2.375124879 6.660642623 -6.807837923 11.85512051 18.66295843 -7.005973074 17.13176686 24.13773993 0.5599221434 13.14494816 13.34308331 17.62107978 0.9932583348
6 35310 324 324 0 7.556921742 15.24337148 -31.93401965 13.10547707 45.03949672 -35.13423952 13.11831345 48.25255297 -0.9648047552 41.83189066 45.03211052 207.1103049 0.9651309332
7 28151 1477 1477 0 -5.334837668 10.54053301 -10.69976802 16.30873211 27.00850013 -31.71293889 16.80858605 48.52152495 0.5306464011 23.05556633 25.0385527 203.2166285 0.9831698913
8 40315 899 899 0 -0.8114794339 5.173617692 -4.435601345 10.69210161 15.12770296 -24.1999017 19.50068971 43.70059141 0.5013177768 15.47328299 23.1909039 196.5803146 0.9959458193
9 175498 2764 2764 0 1.171592706 5.557815105 -10.18841363 6.534416626 16.72283026 -15.11629066 6.785926576 21.90221724 -0.6307503368 15.29895882 20.22683585 28.80830964 0.9953039397
10 14141 8568 8568 0 0.08395392357 3.467253696 -5.641544349 5.495729585 11.13727393 -7.036269814 6.818966878 13.85523669 -0.04287852358 6.052474151 7.146289484 190.9094866 0.998170075
11 210090 3039 3039 0 -3.384793314 7.126552948 -6.693204692 16.88927834 23.58248304 -7.429033908 18.25516943 25.68420333 1.19535493 21.27527688 22.64116796 18.10522459 0.9922972313
12 31323 851 851 0 -0.1965437449 7.247275906 -5.104679251 19.03523545 24.1399147 -26.78262177 21.95699593 48.7396177 0.1871346365 21.00907584 26.18428183 198.2350274 0.9920957971
13 156237 2361 2361 0 -0.03055459192 2.711291256 -3.558799158 4.616913053 8.17571221 -6.294483154 12.86680944 19.1612926 1.80993385 5.988546383 12.23896718 23.60046695 0.9988823112
14 165903 8837 8837 0 1.359133422 4.432462838 -8.021298634 4.566650743 12.58794938 -13.32868156 9.365414063 22.69409562 -0.5489157458 11.70698494 17.01436786 27.69237533 0.997011231
15 43359 2143 2143 0 -1.850318304 5.422928347 -5.934378468 11.56321746 17.49759593 -7.054421564 17.07323296 24.12765452 1.069636158 13.14972568 18.65974118 187.773864 0.9955319928
16 50026 1254 1254 0 3.85650362 9.813339569 -12.2125736 8.918814409 21.13138801 -38.59438227 9.423611464 48.01799373 -1.962800912 16.84287961 43.22468827 210.0939436 0.9856078745
17 61172 452 452 0 -0.9059560123 3.975213904 -3.891800063 7.265964463 11.15776453 -20.06706884 13.29724345 33.36431229 0.0901533606 9.61580665 18.02049968 195.2743506 0.9975993474
18 120454 12566 12566 0 0.01590173299 1.836110629 -2.735028506 2.672137917 5.407166423 -16.04458111 7.914264567 23.95884568 -0.4661530421 3.056099507 15.98945116 26.9899358 0.999486955
19 32794 303 303 0 5.562198113 12.77103116 -28.44617953 11.21290909 39.65908862 -35.24069028 11.60755016 46.84824044 -1.206794265 36.17176415 42.9662749 208.3511457 0.9754951535
20 110558 1907 1907 0 4.229872896 11.89836232 -23.12993621 12.37878177 35.50871798 -23.76971732 16.13977072 39.90948804 -0.8774347843 28.31497166 28.95475277 203.9115231 0.9786217841
21 22279 803 803 0 -0.2099397439 4.07803425 -5.523171925 9.527535335 15.05070726 -33.97689545 11.49643661 45.47333205 0.250235108 11.04583779 32.52672347 207.4838286 0.9974773213
22 65627 743 743 0 10.61247656 19.30514747 -35.50209407 11.37851238 46.88060645 -35.75699754 11.54528258 47.30228012 -1.170222188 46.28275581 46.53765928 207.3027991 0.9445375398
23 153188 3577 3577 0 2.638854618 5.484752762 -12.65415291 3.95167244 16.60582535 -18.87005177 4.155253848 23.02530562 -1.63563073 16.25399609 22.46989495 32.80091876 0.9954343183
24 69136 1600 1600 0 0.001923540467 3.016701935 -3.737221055 4.418167624 8.155388679 -21.96353649 6.534990314 28.4985268 -1.865717432 5.661678744 20.8554298 197.2462138 0.9986185241
25 167830 1814 1814 0 0.275770537 3.334192793 -5.591633398 6.597597048 12.18923045 -13.32007313 11.94517019 25.26524332 0.6986285768 8.441108034 14.98074983 25.11796578 0.9983098888
26 148588 7200 7200 0 -0.1484184292 3.301006157 -4.345303243 6.963480679 11.30878392 -13.89835419 11.94997756 25.84833175 0.7357829483 7.836707043 14.25434776 24.48602601 0.9983437147
27 167957 2 2 0 0 4.390065345 -3.951058811 3.951058811 7.902117622 -4.390065345 4.390065345 8.780130691 nan 8.341124156 8.780130691 30.89398473 0.9970660397
28 14797 846 846 0 2.404129258 7.595755517 -15.11414187 7.81088646 22.92502833 -29.4598351 16.52990009 45.98973518 -1.293110684 17.40634227 31.7520355 201.9854303 0.9912797868
29 32944 457 457 0 -2.156365618 9.76036554 -9.034826941 18.9445218 27.97934874 -28.40375266 19.79053598 48.19428863 0.353049368 24.62968068 25.47569486 199.9005007 0.9856020219
30 45291 13142 13142 0 -0.1621876772 4.231207402 -6.010066529 6.621643588 12.63171012 -34.55059286 14.24116125 48.79175411 -0.5674411346 7.354368072 34.02788011 206.1134807 0.9972824778
31 88569 2774 2774 0 -0.1387631785 6.20703431 -10.30702648 9.964980188 20.27200667 -12.83747086 12.31465597 25.15212684 -0.03214636299 11.31702776 13.8370448 193.8039732 0.9941438882
32 176015 15556 15556 0 0.09516912437 5.442985549 -8.524540192 7.448874668 15.97341486 -10.58249313 10.95147142 21.53396456 -0.06999378532 14.12942084 16.18737378 26.08432544 0.9954936429
33 116002 11138 11138 0 1.196717504 4.561730095 -13.13072205 4.42901789 17.55973994 -18.40379227 6.909894274 25.31368654 -1.853763235 14.61849426 19.89156448 29.21482862 0.9968410771
34 31657 487 487 0 4.348260769 13.50629795 -28.56114236 13.13901617 41.70015853 -33.80033905 14.00161024 47.80194929 -1.005376771 38.07310498 43.31230167 205.9380225 0.9725726897
35 51108 3933 3933 0 -1.081318962 4.843287913 -6.296663183 9.679722319 15.9763855 -15.06439975 13.15598749 28.22038723 0.706130281 12.15985243 15.6331393 191.6990042 0.9964330572
36 8025 2574 2574 0 -0.4039093552 3.263142615 -2.340831786 1.619015468 3.959847254 -2.927319081 36.12741192 39.054731 6.260282232 2.258802893 36.72332513 183.0527782 0.9984025303
37 165874 9677 9677 0 0.3039876044 2.211144849 -4.144125725 2.507894705 6.65202043 -14.42269594 8.122579598 22.54527554 -0.8666226533 5.633831092 15.64766237 28.24650007 0.9992559803
38 35110 1219 1219 0 -0.04137292891 3.050274159 -5.370259546 6.104825612 11.47508516 -16.70671798 7.927002695 24.63372067 0.07152535354 7.487879808 16.86575244 211.7708485 0.9985845953
39 80819 7678 7678 0 -0.1500234068 4.139053203 -5.23675286 6.387971858 11.62472472 -31.20697919 15.1342873 46.34126648 -0.7362259943 7.626939484 33.10896657 204.2134133 0.9974029549
40 38011 862 862 0 -4.30598422 8.17271358 -5.806751118 17.33606003 23.14281114 -24.7515035 22.66299115 47.41449465 1.193672794 22.13623073 27.46316185 197.027495 0.9898793364

K=41, phase=forward, parameter=eps [km^2/s^2]
cluster representative_source n_cluster n_valid n_missing median std p05 p95 width90 minimum maximum range skewness error95 error_max angle_origin_deg angle_resultant
0 144351 45608 45605 3 -0.1259385841 0.03961951839 -0.1939543085 -0.07214055463 0.1218137539 -0.8238947527 -0.05885393284 0.7650408199 -0.7487816793 0.08205797525 0.7119984194 nan nan
1 22426 4427 4427 0 -0.9619663797 0.03139865848 -0.992561399 -0.8992589672 0.09330243179 -0.9962540956 -0.8924148263 0.1038392694 0.4513150471 0.04894984628 0.05579398724 nan nan
2 24011 832 832 0 -0.2421726308 0.01427427289 -0.2558341039 -0.2102228042 0.04561129965 -0.2591843722 -0.1750088942 0.08417547799 1.570014889 0.02958156843 0.06479547849 nan nan
3 167952 2141 2139 2 -0.837162627 0.03951023355 -0.9478279569 -0.8088356536 0.1389923033 -1.018186568 -0.807091806 0.2110947622 -1.512293494 0.1052808697 0.175639481 nan nan
4 48782 6034 6034 0 -0.1606282329 0.04224950118 -0.1973951045 -0.1284783603 0.06891674418 -0.8325868084 -0.1181512267 0.7144355817 -11.1696084 0.03940302823 0.6734760749 nan nan
5 51611 1255 1249 6 -0.8332960253 0.05975803107 -0.9581497902 -0.8118812522 0.146268538 -1.020582924 -0.1064650305 0.9141178934 4.885985527 0.1247929626 0.7285644708 nan nan
6 35310 324 324 0 -0.8714250083 0.02675492499 -0.9335713143 -0.8468430398 0.08672827447 -0.9607537122 -0.8201840619 0.1405696504 -0.9064927199 0.06103232838 0.08821472633 nan nan
7 28151 1477 1477 0 -0.9030148364 0.04952399222 -0.978381193 -0.8245002783 0.1538809147 -1.020656292 -0.8069177135 0.213738578 0.04579707824 0.08207421503 0.1149895647 nan nan
8 40315 899 899 0 -0.1785218476 0.09491519951 -0.2136997842 -0.1164013489 0.09729843525 -0.8406275335 -0.04635061993 0.7942769135 -5.633241833 0.0540771191 0.6707232321 nan nan
9 175498 2764 2763 1 -0.8262094563 0.02944163008 -0.8602660559 -0.8078142222 0.05245183373 -1.019395578 -0.2345626498 0.7848329282 0.1233265316 0.05081547073 0.5748952221 nan nan
10 14141 8568 8567 1 -0.9657314956 0.03334508311 -1.00355937 -0.9032262662 0.1003331034 -1.008564402 -0.8925753734 0.1159890283 0.3545034173 0.05265333931 0.06317495265 nan nan
11 210090 3039 3034 5 -0.8425388529 0.04501667859 -0.9725185454 -0.8313316581 0.1411868873 -1.013239593 -0.1842740331 0.8289655601 0.4077368803 0.1290268693 0.6592806133 nan nan
12 31323 851 851 0 -0.895428894 0.04071385373 -0.9572174542 -0.8099841154 0.1472333388 -1.016039863 -0.8063625598 0.2096773036 0.1683133397 0.09584609697 0.1109484608 nan nan
13 156237 2361 2361 0 -0.2365235663 0.02512107242 -0.2584242751 -0.1819792452 0.07644502987 -0.2593009963 -0.1654582361 0.09384276021 0.7100553678 0.05285815609 0.06937916524 nan nan
14 165903 8837 8836 1 -0.9057309536 0.02170595795 -0.9408683581 -0.8824999538 0.05836840424 -1.020392173 -0.8105872037 0.2098049695 -0.04560398189 0.04771355997 0.1256931537 nan nan
15 43359 2143 2143 0 -0.8886038262 0.0233181557 -0.9368206473 -0.8599243404 0.07689630686 -0.9737461236 -0.8188663248 0.1548797988 -0.7316718565 0.04838053377 0.08391211288 nan nan
16 50026 1254 1249 5 -0.1613456917 0.04968617849 -0.2128265262 -0.07683592277 0.1359906035 -0.9752300855 -0.04398107964 0.9312490059 -5.050785716 0.0880036808 0.8117578155 nan nan
17 61172 452 452 0 -0.9102713894 0.06573439816 -0.9751884636 -0.8109268955 0.1642615681 -1.020173947 -0.1338025915 0.8863713551 5.789438105 0.09725065655 0.7719403198 nan nan
18 120454 12566 12565 1 -0.9445822717 0.02430223021 -0.9704331427 -0.9013113234 0.06912181928 -0.9770447709 -0.8073378234 0.1697069475 1.081601561 0.037271027 0.1278118619 nan nan
19 32794 303 303 0 -0.9454598772 0.04443079998 -0.9799818398 -0.8318420548 0.148139785 -0.9808685396 -0.8106322875 0.1702362521 1.205778042 0.1152412144 0.1364509818 nan nan
20 110558 1907 1907 0 -0.9080969329 0.03899268888 -0.9750037422 -0.856090383 0.1189133592 -0.9819994091 -0.8147662525 0.1672331566 -0.1202735263 0.06763263913 0.1089567696 nan nan
21 22279 803 802 1 -0.8275191171 0.03434715205 -0.8820542487 -0.8126491183 0.06940513037 -1.015045605 -0.2090278602 0.8060177452 6.104035323 0.05660714748 0.6165016621 nan nan
22 65627 743 743 0 -0.2498599947 0.01742037755 -0.2566747995 -0.2014676803 0.05520711913 -0.2579895405 -0.1829473034 0.07504223716 1.368241078 0.04431811888 0.06283849587 nan nan
23 153188 3577 3570 7 -0.1681585969 0.03688367796 -0.2059606239 -0.1068964257 0.09906419819 -0.2576181628 -0.05348394016 0.2041342227 0.06326617711 0.05353163431 0.1052883463 nan nan
24 69136 1600 1599 1 -0.1449940682 0.06336124478 -0.2068301523 -0.1220242942 0.08480585811 -0.834138799 -0.115472382 0.718666417 -8.817243036 0.06386012003 0.6911687667 nan nan
25 167830 1814 1811 3 -0.887885826 0.1457535758 -0.9498363751 -0.8070290166 0.1428073585 -1.008423351 -0.04671985241 0.9617034982 4.367336766 0.1025295541 0.8209689524 nan nan
26 148588 7200 7195 5 -0.1672484189 0.0360588575 -0.2101102443 -0.1118283365 0.09828190774 -0.2580658749 -0.04380055914 0.2142653158 0.1941906676 0.05277663119 0.1199515453 nan nan
27 167957 2 2 0 -0.902484188 0.06868615516 -0.9643017277 -0.8406666484 0.1236350793 -0.9711703432 -0.8337980329 0.1373723103 nan 0.1305036948 0.1373723103 nan nan
28 14797 846 839 7 -0.8219211246 0.04189220275 -0.8775246666 -0.8124249495 0.06509971713 -0.9840399596 -0.05015293497 0.9338870246 10.06217907 0.05956841425 0.7698788909 nan nan
29 32944 457 456 1 -0.859241985 0.04567960971 -0.96746819 -0.814673798 0.152794392 -1.019495257 -0.8067823051 0.212712952 -0.7395408385 0.1234342972 0.1754613642 nan nan
30 45291 13142 13141 1 -0.2183830639 0.0289923816 -0.2465521954 -0.1573102678 0.08924192761 -0.259414077 -0.1402799421 0.1191341349 0.5799043574 0.06092151176 0.07795183743 nan nan
31 88569 2774 2771 3 -0.8689729169 0.02292879471 -0.9187723549 -0.8484940944 0.07027826053 -0.9773670028 -0.8120495648 0.165317438 -0.8998769988 0.04915600645 0.1057080893 nan nan
32 176015 15556 15554 2 -0.8675014287 0.02217224584 -0.9064402306 -0.8401969357 0.06624329494 -1.016916367 -0.1320786311 0.8848377362 1.495253302 0.03726044026 0.7377943151 nan nan
33 116002 11138 11132 6 -0.8729819818 0.02669910045 -0.9284496215 -0.8413861155 0.08706350607 -1.019546536 -0.8068933437 0.2126531922 -0.6725755771 0.05911456037 0.1499416267 nan nan
34 31657 487 486 1 -0.1721897493 0.06389146792 -0.2157642757 -0.0711602347 0.144604041 -0.8856622325 -0.04389160369 0.8417706288 -5.015102716 0.1135141644 0.7054681155 nan nan
35 51108 3933 3933 0 -0.9545912653 0.02914873994 -0.9851443814 -0.9042668947 0.08087748672 -0.9884443673 -0.8086422742 0.1798020931 0.9780703748 0.04408465988 0.1397092804 nan nan
36 8025 2574 2574 0 -0.8813714958 0.0154658035 -0.8977660823 -0.8644433078 0.03332277449 -0.9814862737 -0.8161631435 0.1653231302 -1.895673157 0.0196263171 0.1017182451 nan nan
37 165874 9677 9677 0 -0.9376197754 0.01734926555 -0.9572387859 -0.9092066867 0.04803209916 -1.020820046 -0.814770975 0.2060490709 0.9326595064 0.02685663179 0.1196109798 nan nan
38 35110 1219 1219 0 -0.09248449615 0.1027701793 -0.1738829561 -0.04618860304 0.127694353 -0.8794541554 -0.04453695844 0.834917197 -5.946737072 0.09788239134 0.8034535907 nan nan
39 80819 7678 7677 1 -0.2177779783 0.01433581992 -0.233314936 -0.1955073628 0.0378075732 -0.8671964417 -0.1768324444 0.6903639973 -12.04504961 0.0257247976 0.6476823691 nan nan
40 38011 862 860 2 -0.9262943408 0.04989945658 -0.9770139101 -0.8322939874 0.1447199227 -1.020440955 -0.8064880706 0.2139528845 0.4791384002 0.1039118353 0.1297177521 nan nan

K=41, phase=forward, parameter=e [-]
cluster representative_source n_cluster n_valid n_missing median std p05 p95 width90 minimum maximum range skewness error95 error_max angle_origin_deg angle_resultant
0 144351 45608 45605 3 0.6988896244 0.09502861922 0.531034012 0.8280014146 0.2969674026 0.1946760287 0.8597500074 0.6650739788 -0.2195207863 0.201786808 0.5381447913 nan nan
1 22426 4427 4427 0 0.48838886 0.0500557858 0.3843926419 0.5337519975 0.1493593557 0.3717351303 0.5389969431 0.1672618128 -0.5278007616 0.08254258333 0.09520009491 nan nan
2 24011 832 832 0 0.4021778467 0.0389973805 0.3640051106 0.4898321759 0.1258270652 0.3535949382 0.5792593629 0.2256644247 1.463286958 0.08114044037 0.1705676274 nan nan
3 167952 2141 2139 2 0.2565581839 0.08168802056 0.1768084054 0.4669544285 0.2901460232 0.1710855758 0.5693291022 0.3982435264 1.060842229 0.1998260432 0.3022007168 nan nan
4 48782 6034 6034 0 0.6140162302 0.05941359041 0.521655052 0.6925939163 0.1709388643 0.1874282338 0.7175698908 0.530141657 -1.006362784 0.09764554156 0.4302886586 nan nan
5 51611 1255 1249 6 0.2478166827 0.08861856303 0.1905357104 0.4853621981 0.2948264877 0.1700181651 0.7457509923 0.5757328272 1.727095926 0.2334239697 0.4938127638 nan nan
6 35310 324 324 0 0.3318006548 0.05104339491 0.27912531 0.444111695 0.164986385 0.2132005794 0.4869251522 0.2737245728 0.661902888 0.1131967925 0.152889502 nan nan
7 28151 1477 1477 0 0.3918585838 0.09240155807 0.2247931502 0.5131990311 0.2884058809 0.1708617995 0.5727162374 0.4018544379 -0.3352957855 0.172593817 0.2260475725 nan nan
8 40315 899 899 0 0.5691928782 0.1006165671 0.4801499329 0.7217778442 0.2416279113 0.1701598274 0.8895797 0.7194198726 -0.597142519 0.132039393 0.4209806711 nan nan
9 175498 2764 2763 1 0.2298512407 0.05849866116 0.1735164295 0.3098532048 0.1363367752 0.1715852171 0.5709867871 0.3994015699 2.253268254 0.1301129145 0.3912464968 nan nan
10 14141 8568 8567 1 0.494143996 0.052299779 0.3912553608 0.5492703381 0.1580149773 0.3719405898 0.5562090262 0.1842684364 -0.4421319712 0.08739232215 0.1067070931 nan nan
11 210090 3039 3034 5 0.2700321237 0.07773363735 0.2422241006 0.5046093546 0.262385254 0.1700719612 0.5625278525 0.3924558913 1.906797359 0.2321029754 0.2900214733 nan nan
12 31323 851 851 0 0.3775909007 0.07978381592 0.1806801662 0.4811836812 0.300503515 0.1685723685 0.5665258078 0.3979534394 -0.6020181984 0.2144726757 0.2265804735 nan nan
13 156237 2361 2361 0 0.4179392902 0.06727647531 0.356044006 0.5604449171 0.204400911 0.3534727016 0.6017595388 0.2482868372 0.6492003623 0.1382039169 0.1795185387 nan nan
14 165903 8837 8836 1 0.3966773858 0.03889007297 0.3539569761 0.4558088701 0.1018518941 0.1834885621 0.5723949177 0.3889063556 -0.5668562511 0.08147484425 0.1955783502 nan nan
15 43359 2143 2143 0 0.3648807988 0.0427636349 0.3076469278 0.4488323125 0.1411853846 0.2094086788 0.5064513436 0.2970426648 0.4787707232 0.08393297332 0.1578031734 nan nan
16 50026 1254 1249 5 0.6127007228 0.0985759621 0.4823636308 0.8169546744 0.3345910436 0.1988113311 0.8952125964 0.6964012653 0.532759888 0.2108129818 0.4089440701 nan nan
17 61172 452 452 0 0.4047585128 0.08683670949 0.1866346832 0.5086833634 0.3220486802 0.169493203 0.6797373159 0.510244113 -0.7152990692 0.2106333015 0.2834075219 nan nan
18 120454 12566 12565 1 0.4615253155 0.04123365271 0.388574518 0.5014432578 0.1128687398 0.1724628902 0.5112590529 0.3387961627 -1.568414081 0.06003381421 0.2738538912 nan nan
19 32794 303 303 0 0.4627427442 0.08098201215 0.2438240767 0.5155420439 0.2717179672 0.1816681563 0.5168726041 0.3352044478 -1.451897145 0.221490826 0.2836467465 nan nan
20 110558 1907 1907 0 0.4004260217 0.06951448854 0.2996416646 0.5082600832 0.2086184186 0.1971493815 0.5185090086 0.3213596271 -0.07876177066 0.1275758746 0.2300681577 nan nan
21 22279 803 802 1 0.232471215 0.05680848175 0.1896560974 0.3536755131 0.1640194157 0.1716030474 0.5650182522 0.3934152048 2.310787086 0.1263358611 0.3376786002 nan nan
22 65627 743 743 0 0.381475991 0.04775737272 0.3612427847 0.5124757671 0.1512329824 0.3573783224 0.5594339579 0.2020556355 1.297311391 0.1190185057 0.1659766965 nan nan
23 153188 3577 3570 7 0.5955701594 0.09158155484 0.5001977477 0.7447191535 0.2445214058 0.358302313 0.8726010776 0.5142987646 0.01035677848 0.1310774268 0.2604604578 nan nan
24 69136 1600 1599 1 0.6524344726 0.07302753542 0.4971773444 0.7081937979 0.2110164535 0.1759040453 0.7240520803 0.548148035 -2.11541385 0.1601959537 0.4814692529 nan nan
25 167830 1814 1811 3 0.3709616185 0.1039074871 0.1777523747 0.500267825 0.3225154503 0.1698141831 0.8887012719 0.7188870888 0.5794288605 0.1759338468 0.5643672937 nan nan
26 148588 7200 7195 5 0.5977640207 0.08934067442 0.4894011951 0.732860073 0.2434588779 0.3570046691 0.8956399398 0.5386352707 0.1581665909 0.1284683744 0.2892087487 nan nan
27 167957 2 2 0 0.3759789031 0.1265000224 0.2621288829 0.4898289233 0.2277000404 0.2494788806 0.5024789255 0.2530000449 nan 0.2403500426 0.2530000449 nan nan
28 14797 846 839 7 0.217433797 0.05863827167 0.1882436197 0.3487920489 0.1605484292 0.1722257304 0.8805307354 0.708305005 3.822932468 0.1368484591 0.6685871457 nan nan
29 32944 457 456 1 0.3063650312 0.08895590362 0.1939064201 0.4970762807 0.3031698606 0.1698731259 0.5711935452 0.4013204193 0.4038635243 0.2244493056 0.2985665701 nan nan
30 45291 13142 13141 1 0.4675312404 0.07520045377 0.3906254157 0.6220876944 0.2314622787 0.3532132518 0.6645258334 0.3113125816 0.5251241874 0.1547358507 0.1971739896 nan nan
31 88569 2774 2771 3 0.3267369559 0.04459729402 0.2827418352 0.4188266292 0.136084794 0.1885850058 0.5117104591 0.3231254533 0.6294698185 0.09171593299 0.1795377612 nan nan
32 176015 15556 15554 2 0.324418059 0.04239686568 0.2640813863 0.3980973318 0.1340159455 0.1700666531 0.6839207812 0.5138541281 0.6193223247 0.07535857327 0.354773639 nan nan
33 116002 11138 11132 6 0.3352593248 0.05177755955 0.2666631135 0.4353608834 0.16869777 0.1707323136 0.5711940404 0.4004617267 0.3875074913 0.1103648653 0.2427848196 nan nan
34 31657 487 486 1 0.5854367703 0.1145306982 0.4745995631 0.8303693749 0.3557698118 0.258702033 0.8954250633 0.6367230303 0.5006364593 0.2727732851 0.3299907621 nan nan
35 51108 3933 3933 0 0.4770188258 0.04849598461 0.3934385204 0.523079728 0.1296412076 0.1754842183 0.5278521997 0.3523679813 -1.409540068 0.07380696188 0.291761264 nan nan
36 8025 2574 2574 0 0.3508005438 0.02891362881 0.3168245771 0.3812912774 0.06446670031 0.2014168179 0.5177719142 0.3163550963 1.165768562 0.03822189741 0.1700835429 nan nan
37 165874 9677 9677 0 0.4504743245 0.02932534709 0.4027046909 0.481471266 0.07876657502 0.1969318777 0.5729557573 0.3760238795 -1.656822852 0.04543424844 0.2482641709 nan nan
38 35110 1219 1219 0 0.7795747916 0.1159583994 0.5819973541 0.8899428302 0.307945476 0.1705568463 0.8938855077 0.7233286614 -1.535066253 0.2369446257 0.6483851334 nan nan
39 80819 7678 7677 1 0.469132382 0.0323916232 0.427373723 0.5271454498 0.09977172679 0.3242626434 0.5738339933 0.2495713498 0.0790263361 0.06672543668 0.1407585422 nan nan
40 38011 862 860 2 0.4315858956 0.0931108818 0.2450790539 0.5112372132 0.2661581593 0.1690549787 0.5724196201 0.4033646414 -0.7762102917 0.2028184571 0.2788425323 nan nan

K=41, phase=forward, parameter=w [deg]
cluster representative_source n_cluster n_valid n_missing median std p05 p95 width90 minimum maximum range skewness error95 error_max angle_origin_deg angle_resultant
0 144351 45608 45605 3 -3.31497483 20.49254294 -21.50161482 34.85200659 56.35362141 -177.7394493 176.8894074 354.6288567 -0.04768249763 56.27462507 179.2103103 173.9253561 0.9436307542
1 22426 4427 4427 0 -1.872406224 11.63215108 -12.57273892 16.06077193 28.63351085 -13.43934537 48.53953108 61.97887646 1.761553998 21.48834539 53.96710455 303.2194887 0.9798879397
2 24011 832 832 0 -5.997707803 24.04850846 -25.21862405 46.40325153 71.62187559 -26.16844698 168.4075767 194.5760237 1.294421452 71.3737329 166.6219419 207.082998 0.9185954447
3 167952 2141 2139 2 -2.472173619 34.26725557 -37.29217219 70.1947302 107.4869024 -43.30075136 177.6700265 220.9707779 1.214270219 63.98307542 152.3398147 70.45521174 0.845135648
4 48782 6034 6034 0 -5.949756363 23.28695802 -17.89824713 42.64376095 60.54200808 -179.720822 179.523491 359.244313 0.87168701 56.84743029 178.4218846 180.4635969 0.9314044291
5 51611 1255 1249 6 -6.139708377 34.85808669 -38.44166194 67.19954222 105.6412042 -170.5784124 157.3395397 327.9179521 0.5347274131 56.63459238 177.7054385 104.5264573 0.8383355483
6 35310 324 324 0 -4.087564636 22.2256988 -26.02261036 38.82658155 64.8491919 -30.65975634 160.7591962 191.4189526 1.723911875 50.70677596 172.6393906 15.82707618 0.9328579759
7 28151 1477 1477 0 -4.895556702 58.60922675 -31.48695481 160.6778346 192.1647894 -179.7714651 178.8817792 358.6532443 1.221225413 167.1779713 178.6631955 347.8242678 0.6663630234
8 40315 899 899 0 -4.933207685 28.15151474 -24.38897232 45.62168378 70.01065609 -159.0257151 174.6185128 333.6442279 1.183060774 66.60618839 173.456774 313.1142091 0.9028530551
9 175498 2764 2763 1 -3.594468293 24.67452764 -17.24122841 31.32960869 48.57083709 -175.2734971 178.6909222 353.9644193 0.02619898027 36.34183212 178.5619104 16.74442159 0.9330344925
10 14141 8568 8567 1 -0.6075251528 6.617233265 -9.679153663 11.81437856 21.49353222 -11.67661921 21.24666478 32.923284 0.4476306055 15.98726539 25.41955162 301.8726217 0.9933502269
11 210090 3039 3034 5 -8.089640293 33.78727362 -23.25238761 85.42317609 108.6755637 -152.168257 131.8757137 284.0439707 1.611530084 102.3425263 148.723922 61.18524415 0.8520949875
12 31323 851 851 0 -2.234947934 39.33332763 -50.62873096 32.04450111 82.67323207 -177.2546128 170.8901501 348.1447629 -1.369007001 116.8268443 176.1988017 41.64679764 0.8570618898
13 156237 2361 2361 0 -6.734959829 38.99851813 -36.53970493 81.00858314 117.5482881 -40.90973383 165.2661057 206.1758395 1.488069121 103.6489008 179.4753023 237.7675856 0.8113997172
14 165903 8837 8836 1 -8.618910091 26.58552658 -18.1637263 40.95940393 59.12313023 -179.6736276 168.3413228 348.0149504 0.9192662796 71.76016204 179.9593289 8.963531823 0.9101347357
15 43359 2143 2143 0 -4.36067102 13.11760268 -9.090810047 25.42278227 34.51359231 -133.2530853 59.49933085 192.7524161 -0.669250124 30.92187131 128.6707026 300.0784485 0.9759421871
16 50026 1254 1249 5 -7.597829759 41.37600933 -30.7384527 75.17296862 105.9114213 -178.7619912 179.9309876 358.6929788 1.04580225 103.466751 178.614532 258.7367256 0.8137453536
17 61172 452 452 0 -1.213374462 36.36320736 -56.05312756 41.97603075 98.02915831 -177.9927405 175.1426593 353.1353998 -0.2312411207 73.85859235 175.8269115 62.34258902 0.8675403038
18 120454 12566 12565 1 -3.091380719 21.07246551 -19.14060634 34.36887644 53.50948277 -174.6097328 176.4066469 351.0163797 1.983946679 46.82893838 178.2912669 11.72968947 0.9449787437
19 32794 303 303 0 -7.910317381 48.01840868 -31.46504377 119.9656632 151.430707 -150.5995916 133.393584 283.9931755 1.392529258 138.8273128 152.2552335 34.54778514 0.7331263926
20 110558 1907 1907 0 0.4018740054 23.16668993 -38.99367661 29.34951277 68.34318938 -179.2419629 158.7083645 337.9503274 -1.521106243 40.71559381 179.7721114 331.2529615 0.9322678259
21 22279 803 802 1 -3.168059484 23.62270627 -22.26863787 54.78068499 77.04932286 -179.9038789 129.7804923 309.6843712 1.598907713 61.95092018 173.1445073 158.5797282 0.9318394596
22 65627 743 743 0 -2.908668239 20.6200025 -27.14135828 43.91465672 71.056015 -31.02733881 94.8358691 125.8632079 0.8725683369 39.28720241 90.20841479 214.3778306 0.9377588747
23 153188 3577 3570 7 -4.635316189 50.8954491 -37.36885709 129.8073183 167.1761754 -178.7875714 179.6577903 358.4453617 1.037037475 154.5751962 179.9970286 247.8472728 0.7351907915
24 69136 1600 1599 1 -4.701532345 29.00819488 -18.78921931 41.76651969 60.55573901 -172.3802345 175.5033852 347.8836197 1.30597415 60.80088593 179.7859812 200.9923266 0.9086890745
25 167830 1814 1811 3 -4.277900237 31.05852637 -46.62422453 53.02196761 99.64619214 -177.3771925 162.4992114 339.8764039 0.1998482082 73.41265074 174.8134557 132.1946637 0.8779091532
26 148588 7200 7195 5 -4.857041336 33.22278814 -27.20942433 63.4813901 90.69081444 -177.2327336 178.8386078 356.0713414 1.441500218 99.3001155 178.9921723 293.5687268 0.8695497404
27 167957 2 2 0 1.421085472e-14 32.6535022 -29.38815198 29.38815198 58.77630396 -32.6535022 32.6535022 65.3070044 nan 62.04165418 65.3070044 133.3077657 0.8419489313
28 14797 846 839 7 -2.850859082 20.02679297 -26.68067538 31.38156626 58.06224164 -159.2098699 119.6208546 278.8307245 1.357543757 41.96126274 150.1718519 163.9729516 0.9466900731
29 32944 457 456 1 -7.734521034 44.24758408 -44.40208921 87.53063969 131.9327289 -171.6371748 163.7321999 335.3693747 0.6617283941 129.6621884 175.2095941 88.08729444 0.7513811103
30 45291 13142 13141 1 -5.721388618 24.57066271 -27.58783338 43.93025394 71.51808733 -178.064801 178.1690554 356.2338563 0.7900500545 68.81000369 177.897623 191.7047271 0.9156939077
31 88569 2774 2771 3 -2.780591002 17.03918686 -15.64820387 30.87843468 46.52663856 -150.4503268 118.9650703 269.4153971 -1.141739926 36.9716028 145.1683751 312.9897508 0.961914866
32 176015 15556 15554 2 -2.089332825 19.7864942 -18.48333884 35.66735702 54.15069586 -179.8430237 178.123257 357.9662807 1.740316159 53.75677742 179.8545816 15.35493783 0.9506725288
33 116002 11138 11132 6 -4.613780732 28.56614679 -23.57257514 37.01292537 60.58550051 -177.5219817 179.3530628 356.8750445 -1.956999116 61.12264353 175.8391554 16.41215203 0.9070291031
34 31657 487 486 1 -5.400863483 45.80754623 -31.15625284 130.760538 161.9167908 -179.6136442 175.4218191 355.0354633 1.511539421 156.7830057 179.3959343 279.0119454 0.782275151
35 51108 3933 3933 0 -0.9380979302 20.78793719 -19.13136811 21.94036904 41.07173715 -129.5490857 158.2959009 287.8449866 3.159612495 28.66665319 164.8890302 314.6085231 0.9485681731
36 8025 2574 2574 0 -1.791150116 8.736497276 -4.216404517 5.985282863 10.20168738 -147.1421471 176.9733046 324.1154516 4.658786501 9.503099971 179.5212217 293.7555137 0.9904707288
37 165874 9677 9677 0 -2.100960018 16.91822889 -17.09956898 22.03232263 39.13189161 -179.5995786 179.6422007 359.2417793 1.927707836 30.22497495 178.5259141 8.533519855 0.9629185187
38 35110 1219 1219 0 -3.222541408 40.43641828 -25.24735182 71.02568375 96.27303557 -176.6763532 179.4771993 356.1535525 1.08808892 132.9257891 179.4162666 268.807974 0.8372798763
39 80819 7678 7677 1 -2.98902812 23.33996872 -28.61893164 41.05238254 69.67131418 -173.520899 171.3304977 344.8513967 0.8913506385 42.75918635 176.2468594 195.1992574 0.923236734
40 38011 862 860 2 1.693510608 41.3583622 -66.46509676 53.83036862 120.2954654 -173.2664383 162.782365 336.0488033 -0.6455942451 71.41815972 176.1402008 43.11247695 0.799120703

K=45, STD=0.01120689812
n = trajectories per cluster; conditions overlap.
n = 1: clusters=0/45 (0.00%); trajectories=0/194124 (0.00%)
n < 10: clusters=1/45 (2.22%); trajectories=2/194124 (0.00%)
n < 100: clusters=1/45 (2.22%); trajectories=2/194124 (0.00%)

K=45, phase=backward, parameter=eps [km^2/s^2]
cluster representative_source n_cluster n_valid n_missing median std p05 p95 width90 minimum maximum range skewness error95 error_max angle_origin_deg angle_resultant
0 144351 45608 45608 0 -0.1238703472 0.03767627802 -0.189915359 -0.07170545954 0.1182098994 -0.2102059024 -0.05881779331 0.1513881091 -0.1737455767 0.07181291789 0.09210346132 nan nan
1 23915 4561 4561 0 -0.8798153061 0.02291195118 -0.9237933339 -0.8512777642 0.07251556965 -0.9342678857 -0.8457326256 0.08853526004 -0.3606046883 0.03951065851 0.04998521028 nan nan
2 23568 825 825 0 -0.8145436516 0.006973630234 -0.8284226046 -0.8074966781 0.02092592649 -0.8320205096 -0.8071063255 0.02491418414 -0.4825573466 0.01420078033 0.01779868538 nan nan
3 167952 2141 2141 0 -0.2417550576 0.01313235394 -0.2571188087 -0.2134377513 0.04368105743 -0.2583797228 -0.1902849437 0.06809477913 0.6550187072 0.03040630936 0.05355911696 nan nan
4 48782 6026 6026 0 -0.9316720659 0.01870542907 -0.9598947964 -0.9020649314 0.05782986495 -0.9622160199 -0.8951840274 0.06703199249 0.05314769767 0.03217824248 0.03441789054 nan nan
5 51611 1255 1255 0 -0.06649640126 0.03407702479 -0.1387314888 -0.04534386188 0.09338762694 -0.1822224966 -0.04383479669 0.1383876999 -0.7525818162 0.0503656291 0.08757309488 nan nan
6 34556 417 417 0 -0.9315394289 0.03870246627 -0.9693572996 -0.8449468092 0.1244104904 -0.9771211451 -0.8283933776 0.1487277675 0.6259197586 0.07878594739 0.09533937894 nan nan
7 28151 1230 1230 0 -0.8788458357 0.0207088518 -0.9173983956 -0.8494175726 0.067980823 -0.9302392699 -0.8413565178 0.08888275207 -0.3131520479 0.03730471311 0.0461617121 nan nan
8 40083 898 898 0 -0.9268710312 0.03586883676 -0.9757690159 -0.8690902848 0.106678731 -1.020553626 -0.8333101626 0.1872434632 0.09431598192 0.06653223665 0.1013493632 nan nan
9 175498 2764 2764 0 -0.2503069459 0.01161211598 -0.2565376809 -0.2291547062 0.02738297471 -0.2595396483 -0.167809753 0.09172989528 2.484854636 0.016585088 0.07793004117 nan nan
10 9905 4957 4957 0 -0.8832227251 0.01708037201 -0.912781597 -0.8588315192 0.0539500778 -0.9203782001 -0.8266489635 0.09372923656 -0.1243493973 0.03258695232 0.05382898217 nan nan
11 210090 3039 3039 0 -0.1646104374 0.0379206444 -0.2161225514 -0.09334797205 0.1227745793 -0.230824586 -0.06893817449 0.1618864115 0.3248286474 0.06669120564 0.08955369186 nan nan
12 22717 781 781 0 -0.8279414895 0.004936603155 -0.8335481422 -0.8237784725 0.009769669727 -0.9301199198 -0.8217358295 0.1083840903 -11.6365929 0.005715153072 0.1020745136 nan nan
13 156237 2361 2361 0 -0.1773065395 0.0335371062 -0.2046899862 -0.107776692 0.09691329422 -0.2339634096 -0.105120127 0.1288432826 0.4954277831 0.0630123961 0.06560024519 nan nan
14 165903 8837 8837 0 -0.221786646 0.01353168844 -0.23566706 -0.1929662518 0.04270080818 -0.2548471886 -0.1726814826 0.08216570606 0.7980104843 0.03113876173 0.05142353096 nan nan
15 43359 2140 2140 0 -0.9877201901 0.01129891251 -0.9995728211 -0.9652154561 0.03435736501 -1.020754723 -0.9621064395 0.0586482838 0.4230542451 0.02772378639 0.03079324436 nan nan
16 50026 1248 1248 0 -0.8535418938 0.01749677726 -0.8893112967 -0.8309855054 0.05832579136 -0.90235428 -0.8258646601 0.07648961989 -0.456117328 0.03789000787 0.05093299109 nan nan
17 61863 434 434 0 -0.9752892304 0.006797178866 -0.9791668571 -0.9637084184 0.01545843869 -1.020743755 -0.9621434814 0.05860027388 -2.768950852 0.01286269494 0.04460655868 nan nan
18 120454 12566 12566 0 -0.1545394274 0.01993401749 -0.1865899593 -0.1250237585 0.06156620079 -0.1945673014 -0.08366161186 0.1109056896 -0.06462328848 0.03335597361 0.07289613176 nan nan
19 32794 286 286 0 -0.8169535696 0.009780671744 -0.8361531217 -0.8066962648 0.02945685692 -0.8392512708 -0.8065266032 0.03272466763 -0.4326850204 0.01704734042 0.02014548956 nan nan
20 110203 1784 1784 0 -0.940611065 0.02637268497 -0.9623161481 -0.8937683785 0.06854776958 -0.9718347483 -0.8394081502 0.1324265981 1.514693015 0.04560117087 0.09996139913 nan nan
21 59987 335 335 0 -0.8608759735 0.02256569083 -0.884573935 -0.820941788 0.06363214704 -0.9192816696 -0.8150147801 0.1042668895 0.2450245413 0.03635137696 0.06242033421 nan nan
22 65627 751 751 0 -0.8466222416 0.01550971905 -0.875094992 -0.8301958867 0.04489910537 -0.9315565875 -0.8223662086 0.1091903789 -1.236973619 0.03216271569 0.07066120122 nan nan
23 153188 3577 3577 0 -0.2313366848 0.02241319902 -0.2583620856 -0.1915771453 0.06678494034 -0.2593276385 -0.1755857606 0.0837418779 0.2554889685 0.04643996518 0.06243134984 nan nan
24 69136 1596 1596 0 -0.9673006182 0.005149691344 -0.9741156811 -0.9626632955 0.0114523856 -1.020836128 -0.9622035491 0.05863257922 -4.487005871 0.006344047476 0.0530644947 nan nan
25 167830 1814 1814 0 -0.1933844008 0.02964209445 -0.2143545175 -0.1256794459 0.08867507164 -0.2537412177 -0.1158679831 0.1378732345 0.7285792657 0.0735360612 0.08334752393 nan nan
26 148588 7200 7200 0 -0.1660126979 0.03502182992 -0.2094498339 -0.1117459324 0.09770390156 -0.2320399875 -0.04380722131 0.1882327662 0.1913020752 0.05599586785 0.1238116728 nan nan
27 167957 2 2 0 -0.2511158158 0.005881131901 -0.2564088345 -0.2458227971 0.01058603742 -0.2569969477 -0.2452346839 0.0117622638 nan 0.01117415061 0.0117622638 nan nan
28 12157 744 744 0 -0.8158269218 0.004302037336 -0.8235125027 -0.8115384373 0.01197406539 -0.8456064288 -0.8066952124 0.03891121636 -0.8760044991 0.008236382682 0.03019132591 nan nan
29 24196 3709 3709 0 -0.9423600859 0.01440981681 -0.9643429826 -0.9188061802 0.04553680241 -0.9706821246 -0.9077087952 0.06297332945 0.0779658045 0.02570348513 0.03209845322 nan nan
30 45291 13141 13141 0 -0.8673425675 0.01892291666 -0.8972427326 -0.8385609082 0.05868182438 -0.9221712603 -0.8254999296 0.09667133068 -0.03999310809 0.03849332511 0.05154642336 nan nan
31 88569 2769 2769 0 -0.9934339417 0.01253476985 -1.006303809 -0.9680656531 0.03823815583 -1.008654727 -0.9621646574 0.04649006975 0.4496459451 0.02944525079 0.03534624652 nan nan
32 176015 15556 15556 0 -0.2343629838 0.01367132428 -0.2477538341 -0.203589899 0.04416393517 -0.2595672675 -0.1913846494 0.06818261806 0.7201322337 0.03181452779 0.04401977733 nan nan
33 116002 11138 11138 0 -0.1723067524 0.02175343976 -0.2069402478 -0.1390991999 0.06784104787 -0.21450103 -0.07692565609 0.1375753739 0.2521689442 0.03758527025 0.09962954125 nan nan
34 29608 452 452 0 -0.8166640938 0.009332556909 -0.8355057901 -0.8070096081 0.02849618205 -0.8439162139 -0.8062084723 0.03770774163 -0.5555014123 0.01826327058 0.02667369441 nan nan
35 52314 3886 3886 0 -0.9822953549 0.008300520897 -0.9932680642 -0.9658529982 0.02741506604 -1.020134973 -0.9622137061 0.05792126668 0.2914942084 0.02189443263 0.03241886331 nan nan
36 31348 168 168 0 -0.9048328638 0.03779418993 -0.9707949161 -0.8464220401 0.124372876 -0.9776830572 -0.8445660283 0.1331170289 -0.1566926093 0.06536684176 0.07225498282 nan nan
37 165874 9677 9677 0 -0.2137028454 0.011581483 -0.2273698807 -0.1917344946 0.03563538619 -0.2458161886 -0.1705009202 0.07531526835 0.3788761234 0.02184717267 0.04298985275 nan nan
38 33505 629 629 0 -0.8318837065 0.005443007763 -0.8371338209 -0.822875304 0.01425851687 -0.8835067676 -0.8192115265 0.06429524106 -2.291480811 0.0095644513 0.05147152652 nan nan
39 80819 7644 7644 0 -0.9317572925 0.01727292929 -0.9569959488 -0.903313461 0.05368248787 -1.020739299 -0.8905052968 0.1302340022 -0.02519698131 0.03142120039 0.09497961575 nan nan
40 37316 871 871 0 -0.935576367 0.02057945238 -0.9640473311 -0.9005465359 0.06350079523 -0.9715854693 -0.8495531473 0.1220323221 0.619857573 0.03600219179 0.08240461943 nan nan
41 8287 2550 2550 0 -0.9179923679 0.02344952483 -0.9561848492 -0.8809282364 0.07525661279 -0.9620932548 -0.8717516532 0.09034160162 -0.01516435173 0.04061960183 0.04807897508 nan nan
42 33249 308 308 0 -0.8192054864 0.01904731392 -0.8680085044 -0.8065949694 0.06141353496 -0.881938936 -0.8063623697 0.07557656631 -1.127592856 0.04885392013 0.06278435179 nan nan
43 30636 813 813 0 -0.8763570863 0.02074872574 -0.9110776759 -0.8458503842 0.06522729175 -0.922807205 -0.8226048578 0.1002023472 -0.1116729271 0.03666621456 0.05914725339 nan nan
44 39017 636 636 0 -0.8384987894 0.004190783854 -0.8462556516 -0.8315881648 0.01466748677 -0.8505173187 -0.8287646271 0.02175269169 -0.2661635763 0.009077062113 0.01333872925 nan nan

K=45, phase=backward, parameter=e [-]
cluster representative_source n_cluster n_valid n_missing median std p05 p95 width90 minimum maximum range skewness error95 error_max angle_origin_deg angle_resultant
0 144351 45608 45608 0 0.7038729313 0.09163614799 0.5412742641 0.8290728775 0.2877986135 0.4881113724 0.8598376402 0.3717262677 -0.1959677108 0.1765958706 0.2297587623 nan nan
1 23915 4561 4561 0 0.348174769 0.04375076455 0.2889634572 0.4272507754 0.1382873182 0.276432379 0.4446234613 0.1681910823 0.2381025035 0.07439932256 0.08780495815 nan nan
2 23568 825 825 0 0.1948845974 0.02103393123 0.1725287081 0.2356421815 0.06311347341 0.1711268948 0.2448812763 0.07375438148 0.4092230404 0.0403073597 0.04954645455 nan nan
3 167952 2141 2141 0 0.404052998 0.03629792806 0.359927788 0.4807908379 0.12086305 0.3561485094 0.540961113 0.1848126037 0.5922412867 0.08339678685 0.1435670619 nan nan
4 48782 6026 6026 0 0.4406606058 0.03086140968 0.3900769649 0.4854636705 0.0953867056 0.3777807411 0.4891161724 0.1113354313 -0.1126481985 0.05210333688 0.05646018788 nan nan
5 51611 1255 1255 0 0.8414752035 0.08192103813 0.6676758194 0.8919685047 0.2242926853 0.559813993 0.8955575814 0.3357435884 -0.7655180959 0.1204352203 0.2142585318 nan nan
6 34556 417 417 0 0.440383152 0.06890167089 0.2761233304 0.4999120621 0.2237887317 0.2356516045 0.5113810567 0.2757294522 -0.7995629854 0.1511546948 0.1916264206 nan nan
7 28151 1230 1230 0 0.3469845756 0.03993729843 0.2850283752 0.4165274499 0.1314990747 0.2642988962 0.4380855429 0.1737866467 0.1588652865 0.07357414898 0.09222628108 nan nan
8 40083 898 898 0 0.4325706916 0.06085776187 0.3271862596 0.5093963793 0.1822101197 0.2474417899 0.5726100257 0.3251682358 -0.2327961055 0.1189104078 0.197963864 nan nan
9 175498 2764 2764 0 0.3797227751 0.03200301649 0.3616560027 0.4385422652 0.07688626247 0.3526634878 0.597116756 0.2444532682 2.323864518 0.04637361847 0.2049481092 nan nan
10 9905 4957 4957 0 0.354394656 0.03266557549 0.3051679464 0.4082390877 0.1030711413 0.2274786858 0.4212321298 0.193753444 0.01872831941 0.06024175192 0.1216464579 nan nan
11 210090 3039 3039 0 0.6047990029 0.09377149536 0.4736475825 0.7775119836 0.3038644011 0.4332311191 0.8357881902 0.4025570711 0.2769821967 0.1658915647 0.2157427113 nan nan
12 22717 781 781 0 0.2335626767 0.011287459 0.2225891961 0.248183386 0.02559418993 0.2169060916 0.4370851162 0.2201790247 7.964827803 0.01497684806 0.2031962923 nan nan
13 156237 2361 2361 0 0.5729700708 0.08283323676 0.5035083949 0.7426176177 0.2391092228 0.4246648142 0.7489920442 0.32432723 0.474206224 0.1536316655 0.1645411633 nan nan
14 165903 8837 8837 0 0.458339457 0.03556892746 0.4209328027 0.5328480316 0.1119152289 0.3661309769 0.5839901982 0.2178592213 0.7362830539 0.08115394813 0.1321423726 nan nan
15 43359 2140 2140 0 0.5266774857 0.01655190573 0.4932688741 0.5436559048 0.05038703076 0.488446606 0.5728758046 0.08442919862 -0.4522423077 0.04084897991 0.04567124803 nan nan
16 50026 1248 1248 0 0.2948517121 0.03757189655 0.2411950578 0.3670687456 0.1258736878 0.2254549829 0.3903223611 0.1648673782 0.2950749711 0.07652116737 0.09977478288 nan nan
17 61863 434 434 0 0.5086553853 0.00991868747 0.4912850226 0.5143731731 0.0230881505 0.4887657189 0.5728380059 0.08407228698 2.496231183 0.0193727273 0.06297025964 nan nan
18 120454 12566 12566 0 0.6289749323 0.04910815949 0.5492425611 0.7009384639 0.1516959028 0.5285301802 0.8006659886 0.2721358083 -0.0812298723 0.0820994331 0.1766446215 nan nan
19 32794 286 286 0 0.203397486 0.0284568934 0.1698324077 0.2549409555 0.08510854773 0.1691570339 0.262848446 0.09369141215 0.3044710061 0.04483027073 0.0527377613 nan nan
20 110203 1784 1784 0 0.4553744508 0.04612046075 0.3755206124 0.4893295519 0.1138089396 0.263212555 0.5036387604 0.2404262055 -1.858902878 0.07798329227 0.1902913497 nan nan
21 59987 335 335 0 0.311093433 0.05042608975 0.2149182114 0.3580266503 0.1431084389 0.1976632662 0.419801228 0.2221379618 -0.4126299983 0.08857503799 0.1172376098 nan nan
22 65627 751 751 0 0.2795323037 0.03375519154 0.2385990001 0.3378352288 0.09923622871 0.2159748283 0.4394687349 0.2234939066 0.848185114 0.07528702598 0.128295466 nan nan
23 153188 3577 3577 0 0.4320884108 0.06050452913 0.3562138211 0.5362515815 0.1800377604 0.3533386986 0.5778355597 0.2244968611 0.2093739926 0.1227558056 0.1643397839 nan nan
24 69136 1596 1596 0 0.4967079268 0.007558984823 0.4896916987 0.5069169777 0.01722527898 0.4888996391 0.5729713754 0.08407173634 4.172392863 0.009492167209 0.07554656496 nan nan
25 167830 1814 1814 0 0.5322633663 0.07407497125 0.4783338623 0.6994163275 0.2210824652 0.3692853471 0.7230820827 0.3537967355 0.6939856277 0.1821358933 0.2058016485 nan nan
26 148588 7200 7200 0 0.6008347956 0.08664118791 0.4911304217 0.733034515 0.2419040933 0.4299217109 0.8956261106 0.4657043998 0.1652471605 0.1366899959 0.2987704294 nan nan
27 167957 2 2 0 0.377018032 0.01641729503 0.3622424664 0.3917935975 0.02955113105 0.3606007369 0.393435327 0.03283459006 nan 0.03119286055 0.03283459006 nan nan
28 12157 744 744 0 0.1993231161 0.01281161826 0.1857871365 0.2216363091 0.03584917263 0.1698247327 0.2742923448 0.1044676121 0.5427403333 0.02464053786 0.07611872694 nan nan
29 24196 3709 3709 0 0.4576711888 0.02321254074 0.4186753523 0.4920215172 0.07334616496 0.3996941114 0.5016345196 0.1019404081 -0.1326113446 0.04123992571 0.05384809 nan nan
30 45291 13141 13141 0 0.3239382393 0.0389978108 0.2601692396 0.3814102413 0.1212410017 0.2274278009 0.4237159538 0.1962881529 -0.08610874744 0.08319019501 0.1159316337 nan nan
31 88569 2769 2769 0 0.535009665 0.01805323371 0.4979430243 0.553080773 0.05513774866 0.4887721887 0.5563450703 0.06757288161 -0.4804091343 0.04289224569 0.05206308128 nan nan
32 176015 15556 15556 0 0.424597203 0.0370038081 0.3871442349 0.5069065116 0.1197622767 0.3526417655 0.5380310524 0.1853892869 0.6733762938 0.08568651745 0.1168110582 nan nan
33 116002 11138 11138 0 0.5849084368 0.05426463155 0.4969312573 0.6668100493 0.169878792 0.4771754213 0.8167420041 0.3395665828 0.2100781188 0.09355580129 0.2424768204 nan nan
34 29608 452 452 0 0.2021884489 0.02705330975 0.1708713884 0.2535239914 0.08265260299 0.168193931 0.270332874 0.102138943 0.4039129094 0.04892075159 0.06572963416 nan nan
35 52314 3886 3886 0 0.5188816454 0.01221319285 0.4943467839 0.5347534887 0.04040670477 0.4886581369 0.5719985499 0.08334041304 -0.3333110888 0.03243315229 0.0452684846 nan nan
36 31348 168 168 0 0.3948993767 0.06763395312 0.2781398763 0.5019861249 0.2238462487 0.2738012697 0.5121338816 0.2383326119 -0.02766909314 0.1175769262 0.1219155328 nan nan
37 165874 9677 9677 0 0.4796058468 0.03007344155 0.4435557828 0.5361389155 0.09258313267 0.3919964047 0.5904545597 0.1984581549 0.3557745769 0.05626127719 0.1103506033 nan nan
38 33505 629 629 0 0.2440518335 0.0134609296 0.2202957607 0.2571415822 0.03684582151 0.2098502277 0.3555731569 0.1457229291 1.389502741 0.02490070044 0.1110102695 nan nan
39 80819 7644 7644 0 0.4409695907 0.02844749182 0.3924738715 0.4810295826 0.08855571109 0.3694776548 0.5728514127 0.2033737578 -0.06474262612 0.0504713387 0.1417324157 nan nan
40 37316 871 871 0 0.4468955996 0.03433957098 0.3874369369 0.4916835658 0.1042466289 0.2866832441 0.5032275587 0.2165443146 -0.8693650267 0.05854325899 0.1542723083 nan nan
41 8287 2550 2550 0 0.4170814496 0.04035439841 0.3497021739 0.4793096626 0.1296074887 0.3316107956 0.4884624285 0.1568516329 -0.08258120583 0.07051699128 0.08860836961 nan nan
42 33249 308 308 0 0.2097248602 0.04899732908 0.1694596414 0.3259391925 0.1564795511 0.168591401 0.3533863887 0.1847949877 0.8633339743 0.1156673844 0.1431145806 nan nan
43 30636 813 813 0 0.341731883 0.04107570038 0.2768716507 0.4056619341 0.1287902834 0.2165533359 0.4257239421 0.2091706062 -0.04169112594 0.07526660016 0.1355849149 nan nan
44 39017 636 636 0 0.2605821484 0.01017335023 0.2435172255 0.2791284064 0.0356111809 0.2362173365 0.2887982437 0.05258090722 0.1934972483 0.02169652838 0.03136636574 nan nan

K=45, phase=backward, parameter=w [deg]
cluster representative_source n_cluster n_valid n_missing median std p05 p95 width90 minimum maximum range skewness error95 error_max angle_origin_deg angle_resultant
0 144351 45608 45608 0 -0.5465108141 4.279034194 -5.680701584 9.497097996 15.17779958 -9.723952081 15.55222876 25.27618084 1.086097954 11.32292441 17.37805517 20.45610929 0.9972168075
1 23915 4561 4561 0 0.02361373005 2.116574171 -3.595468092 3.387488136 6.982956228 -4.761065422 4.275619491 9.036684913 -0.09079639542 5.079177387 6.244774717 193.150454 0.9993178419
2 23568 825 825 0 4.419777591 13.57839292 -24.57705378 14.67455377 39.25160756 -27.24223512 15.53502001 42.77725513 -0.58330191 33.81516595 36.48034729 202.4567187 0.9721684555
3 167952 2141 2141 0 0.1067143208 6.399943629 -9.702879993 7.689729802 17.39260979 -13.20449057 8.254620947 21.45911152 -0.1899018663 16.65846108 20.16007166 28.02385639 0.9937718042
4 48782 6026 6026 0 -0.8197277247 4.23514929 -4.872304392 9.620236645 14.49254104 -23.6906441 17.39020428 41.08084839 1.57427176 10.99116867 22.39617193 198.5172352 0.9972760384
5 51611 1255 1255 0 -2.375124879 6.660642623 -6.807837923 11.85512051 18.66295843 -7.005973074 17.13176686 24.13773993 0.5599221434 13.14494816 13.34308331 17.62107978 0.9932583348
6 34556 417 417 0 -2.605634885 9.223758377 -8.691005611 18.88683019 27.5778358 -28.09272545 20.09994685 48.1926723 0.5172673183 25.83167406 27.04479072 199.5932363 0.9871259545
7 28151 1230 1230 0 -4.683303732 10.41815353 -9.975402411 17.19689047 27.17229288 -30.89997253 17.62155242 48.52152495 0.7084261983 23.08860231 25.0385527 202.4036621 0.9835692193
8 40083 898 898 0 -0.6493835405 5.183312207 -4.395558406 10.03872187 14.43428027 -24.20874459 19.49184682 43.70059141 0.2197519956 15.19644402 23.07490835 196.5891574 0.9959320483
9 175498 2764 2764 0 1.171592706 5.557815105 -10.18841363 6.534416626 16.72283026 -15.11629066 6.785926576 21.90221724 -0.6307503368 15.29895882 20.22683585 28.80830964 0.9953039397
10 9905 4957 4957 0 -0.3098557693 3.00261582 -3.87951811 6.8699569 10.74947501 -16.90040282 11.4590926 28.35949542 0.9945618104 7.205868748 16.64023239 188.3971509 0.9986283129
11 210090 3039 3039 0 -3.384793314 7.126552948 -6.693204692 16.88927834 23.58248304 -7.429033908 18.25516943 25.68420333 1.19535493 21.27527688 22.64116796 18.10522459 0.9922972313
12 22717 781 781 0 0.261827685 3.152199289 -4.767139935 3.507069754 8.274209688 -33.24529509 12.22803696 45.47333205 -0.6966043943 5.079854849 32.94777347 206.7522282 0.9984944773
13 156237 2361 2361 0 -0.03055459192 2.711291256 -3.558799158 4.616913053 8.17571221 -6.294483154 12.86680944 19.1612926 1.80993385 5.988546383 12.23896718 23.60046695 0.9988823112
14 165903 8837 8837 0 1.359133422 4.432462838 -8.021298634 4.566650743 12.58794938 -13.32868156 9.365414063 22.69409562 -0.5489157458 11.70698494 17.01436786 27.69237533 0.997011231
15 43359 2140 2140 0 -1.918364788 5.546148696 -5.998455466 12.01564968 18.01410515 -7.118218062 17.12963303 24.24785109 1.100122512 13.6659544 18.77993775 187.8376605 0.9953274163
16 50026 1248 1248 0 3.658061745 9.776435815 -12.35810288 8.822019455 21.18012233 -38.69407392 9.32391981 48.01799373 -2.044094614 16.88871723 43.22468827 210.1936353 0.9857265185
17 61863 434 434 0 -0.8984986097 3.492101428 -3.685943706 6.686274901 10.37221861 -19.92753631 10.02481509 29.9523514 0.1466255791 8.68950465 18.17845507 195.1348181 0.9981455832
18 120454 12566 12566 0 0.01590173299 1.836110629 -2.735028506 2.672137917 5.407166423 -16.04458111 7.914264567 23.95884568 -0.4661530421 3.056099507 15.98945116 26.9899358 0.999486955
19 32794 286 286 0 5.35919176 12.76833745 -28.34496972 11.25632838 39.6012981 -35.21127386 11.62800823 46.8392821 -1.184762137 36.09997075 42.9662749 208.3217293 0.9755013666
20 110203 1784 1784 0 3.190515323 10.70860633 -24.70565931 10.98219896 35.68785827 -25.47944593 14.38712265 39.86656858 -1.109606168 29.09450767 29.86829428 205.6641712 0.9826922847
21 59987 335 335 0 4.224664064 8.760560281 -13.90660925 6.682132354 20.5887416 -40.21200363 7.883012799 48.09501643 -2.135078915 19.54940601 45.8548004 211.8148384 0.9885011764
22 65627 751 751 0 10.54437757 19.25759987 -35.55538722 11.30591503 46.86130226 -35.81185684 11.4673222 47.27917904 -1.178499133 46.28118966 46.53765928 207.3576584 0.9448145943
23 153188 3577 3577 0 2.638854618 5.484752762 -12.65415291 3.95167244 16.60582535 -18.87005177 4.155253848 23.02530562 -1.63563073 16.25399609 22.46989495 32.80091876 0.9954343183
24 69136 1596 1596 0 -0.001174621556 3.000798951 -3.722113389 4.334083328 8.056196717 -21.97177642 6.526750381 28.4985268 -1.891676745 5.659256489 20.8554298 197.2544538 0.9986331023
25 167830 1814 1814 0 0.275770537 3.334192793 -5.591633398 6.597597048 12.18923045 -13.32007313 11.94517019 25.26524332 0.6986285768 8.441108034 14.98074983 25.11796578 0.9983098888
26 148588 7200 7200 0 -0.1484184292 3.301006157 -4.345303243 6.963480679 11.30878392 -13.89835419 11.94997756 25.84833175 0.7357829483 7.836707043 14.25434776 24.48602601 0.9983437147
27 167957 2 2 0 0 4.390065345 -3.951058811 3.951058811 7.902117622 -4.390065345 4.390065345 8.780130691 nan 8.341124156 8.780130691 30.89398473 0.9970660397
28 12157 744 744 0 2.247859075 7.407997219 -14.65791096 7.952834151 22.61074511 -28.6295872 17.36014798 45.98973518 -1.202813231 16.02242507 29.96402063 201.1551824 0.9916983335
29 24196 3709 3709 0 -0.8152185405 4.986013085 -4.271321467 16.6165767 20.88789817 -4.841658393 23.47195537 28.31361376 3.004611061 18.15725925 25.01263791 188.2744122 0.9962429017
30 45291 13141 13141 0 -0.1613721267 4.229682421 -6.00917993 6.620842324 12.63002225 -34.54970387 14.13447679 48.68418066 -0.5702908928 7.351276569 34.02788011 206.1125917 0.9972844311
31 88569 2769 2769 0 -0.1401456403 6.214173266 -10.31724038 9.917801003 20.23504139 -12.84228445 12.42718462 25.26946907 -0.03404001986 11.32232946 13.8370448 193.8087868 0.9941303989
32 176015 15556 15556 0 0.09516912437 5.442985549 -8.524540192 7.448874668 15.97341486 -10.58249313 10.95147142 21.53396456 -0.06999378532 14.12942084 16.18737378 26.08432544 0.9954936429
33 116002 11138 11138 0 1.196717504 4.561730095 -13.13072205 4.42901789 17.55973994 -18.40379227 6.909894274 25.31368654 -1.853763235 14.61849426 19.89156448 29.21482862 0.9968410771
34 29608 452 452 0 4.589448778 13.6020474 -27.98347933 13.4214509 41.40493022 -33.1411933 14.46692087 47.60811417 -0.932429748 37.21903874 42.37675271 205.4727118 0.9721646295
35 52314 3886 3886 0 -1.041258331 4.858492669 -6.365878792 9.629976048 15.99585484 -15.11816045 13.10222678 28.22038723 0.6750233531 12.0132242 15.41051923 191.7527649 0.9964106091
36 31348 168 168 0 -0.4873930045 4.888152864 -4.87235437 6.441708573 11.31406294 -4.944500628 22.3856038 27.33010443 2.404918806 7.720338235 23.66423346 195.5310847 0.9963843263
37 165874 9677 9677 0 0.3039876044 2.211144849 -4.144125725 2.507894705 6.65202043 -14.42269594 8.122579598 22.54527554 -0.8666226533 5.633831092 15.64766237 28.24650007 0.9992559803
38 33505 629 629 0 0.644381164 2.832621637 -5.809238081 2.208667335 8.017905417 -10.74053278 9.624634627 20.36516741 -0.4658125094 7.837079155 12.42824871 210.0703189 0.9987794787
39 80819 7644 7644 0 -0.09752698297 4.025612372 -5.173705268 6.219359605 11.39306487 -31.14390937 11.93206864 43.07597801 -0.9807547401 7.517547432 33.10896657 204.1503434 0.9975431461
40 37316 871 871 0 -4.337772568 8.40013706 -5.926853375 17.76610645 23.69295983 -24.87195287 23.06802695 47.93997982 1.231630516 22.48564478 27.78756529 197.1479443 0.9893131664
41 8287 2550 2550 0 -0.3838338349 3.510954297 -2.229285401 1.405597403 3.634882804 -2.741239095 33.87779088 36.61902998 6.917522425 2.07641783 34.54861131 182.8666982 0.9981571346
42 33249 308 308 0 7.165483381 15.38001923 -31.37799851 13.86016353 45.23816204 -34.38048462 13.87206835 48.25255297 -0.8777978689 41.37912992 44.38161603 206.35655 0.9644773596
43 30636 813 813 0 -0.2179878138 7.366270256 -4.750060383 19.58715608 24.33721646 -26.86768399 21.87193371 48.7396177 0.126669986 21.22821879 26.61076497 198.3200896 0.9918386423
44 39017 636 636 0 -0.7718008357 2.699026455 -3.088771944 5.437856475 8.526628419 -7.365796657 6.382767408 13.74856407 0.9023259742 6.183811939 7.1103705 213.9718745 0.9988911015

K=45, phase=forward, parameter=eps [km^2/s^2]
cluster representative_source n_cluster n_valid n_missing median std p05 p95 width90 minimum maximum range skewness error95 error_max angle_origin_deg angle_resultant
0 144351 45608 45605 3 -0.1259385841 0.03961951839 -0.1939543085 -0.07214055463 0.1218137539 -0.8238947527 -0.05885393284 0.7650408199 -0.7487816793 0.08205797525 0.7119984194 nan nan
1 23915 4561 4560 1 -0.9924139501 0.009935011863 -1.005310834 -0.9729588466 0.03235198775 -1.008564402 -0.9677912489 0.04077315279 0.3412095493 0.02781073226 0.03297832997 nan nan
2 23568 825 825 0 -0.2419358921 0.01466252972 -0.2558567398 -0.20915923 0.04669750974 -0.2591843722 -0.1750088942 0.08417547799 1.608191682 0.03028085039 0.06443118624 nan nan
3 167952 2141 2139 2 -0.837162627 0.03951023355 -0.9478279569 -0.8088356536 0.1389923033 -1.018186568 -0.807091806 0.2110947622 -1.512293494 0.1052808697 0.175639481 nan nan
4 48782 6026 6026 0 -0.1605197791 0.03278084179 -0.1971839952 -0.128472397 0.06871159826 -0.8325868084 -0.1181512267 0.7144355817 -10.80756445 0.03929569602 0.6734760749 nan nan
5 51611 1255 1249 6 -0.8332960253 0.05975803107 -0.9581497902 -0.8118812522 0.146268538 -1.020582924 -0.1064650305 0.9141178934 4.885985527 0.1247929626 0.7285644708 nan nan
6 34556 417 417 0 -0.859404916 0.04246138551 -0.963091965 -0.8148666031 0.1482253619 -0.9771380359 -0.8067424946 0.1703955413 -0.6981205014 0.1185849812 0.1326310521 nan nan
7 28151 1230 1230 0 -0.9139096978 0.04312155622 -0.9786648499 -0.8455910333 0.1330738166 -1.020656292 -0.8085486977 0.2121075938 0.07752220802 0.07334242974 0.1149895647 nan nan
8 40083 898 898 0 -0.1778375605 0.04594838644 -0.2134552668 -0.1165123687 0.09694289809 -0.8135013783 -0.05154323718 0.7619581412 -5.738697877 0.06111290327 0.6360230079 nan nan
9 175498 2764 2763 1 -0.8262094563 0.02944163008 -0.8602660559 -0.8078142222 0.05245183373 -1.019395578 -0.2345626498 0.7848329282 0.1233265316 0.05081547073 0.5748952221 nan nan
10 9905 4957 4957 0 -0.9324236009 0.02344829033 -0.9662967822 -0.896495405 0.06980137711 -0.9742178771 -0.8112641614 0.1629537157 0.3885420171 0.0412016105 0.1141689532 nan nan
11 210090 3039 3034 5 -0.8425388529 0.04501667859 -0.9725185454 -0.8313316581 0.1411868873 -1.013239593 -0.1842740331 0.8289655601 0.4077368803 0.1290268693 0.6592806133 nan nan
12 22717 781 780 1 -0.8272748711 0.02603435658 -0.8818541782 -0.8123378237 0.0695163545 -1.015045605 -0.8073260956 0.2077195099 -3.188467255 0.05834566342 0.1915370907 nan nan
13 156237 2361 2361 0 -0.2365235663 0.02512107242 -0.2584242751 -0.1819792452 0.07644502987 -0.2593009963 -0.1654582361 0.09384276021 0.7100553678 0.05285815609 0.06937916524 nan nan
14 165903 8837 8836 1 -0.9057309536 0.02170595795 -0.9408683581 -0.8824999538 0.05836840424 -1.020392173 -0.8105872037 0.2098049695 -0.04560398189 0.04771355997 0.1256931537 nan nan
15 43359 2140 2140 0 -0.8886510606 0.02329639446 -0.9372774604 -0.8602057064 0.07707175397 -0.9737461236 -0.8240200317 0.1497260919 -0.8030630074 0.04748516098 0.08391211288 nan nan
16 50026 1248 1244 4 -0.1607503208 0.04975922603 -0.2125856145 -0.08175582709 0.1308297874 -0.9752300855 -0.04398107964 0.9312490059 -5.14370539 0.08232154806 0.8117578155 nan nan
17 61863 434 434 0 -0.9161579006 0.058617001 -0.9758721411 -0.8117080174 0.1641641237 -1.020173947 -0.1338025915 0.8863713551 5.533936348 0.1154811539 0.7933865798 nan nan
18 120454 12566 12565 1 -0.9445822717 0.02430223021 -0.9704331427 -0.9013113234 0.06912181928 -0.9770447709 -0.8073378234 0.1697069475 1.081601561 0.037271027 0.1278118619 nan nan
19 32794 286 286 0 -0.9474108853 0.03951072377 -0.9799898808 -0.8328665481 0.1471233327 -0.9808685396 -0.8106322875 0.1702362521 1.349990254 0.1142167212 0.1364509818 nan nan
20 110203 1784 1784 0 -0.910585395 0.03783966891 -0.9759986192 -0.8562243031 0.1197743161 -0.9819574797 -0.8199640942 0.1619933856 -0.1024809608 0.06291046378 0.09888977525 nan nan
21 59987 335 334 1 -0.8330886907 0.0360156682 -0.9240797768 -0.8161131446 0.1079666322 -1.019495257 -0.806680498 0.2128147591 -1.752802449 0.09698148403 0.1923969643 nan nan
22 65627 751 751 0 -0.250358766 0.0171441389 -0.2566729478 -0.2038891191 0.05278382876 -0.2579895405 -0.1829473034 0.07504223716 1.403035686 0.04189668013 0.06283849587 nan nan
23 153188 3577 3570 7 -0.1681585969 0.03688367796 -0.2059606239 -0.1068964257 0.09906419819 -0.2576181628 -0.05348394016 0.2041342227 0.06326617711 0.05353163431 0.1052883463 nan nan
24 69136 1596 1595 1 -0.1445498792 0.04536367741 -0.2039761093 -0.1219893629 0.08198674635 -0.834138799 -0.08486866038 0.7492701386 -10.13883663 0.06100607698 0.6911687667 nan nan
25 167830 1814 1811 3 -0.887885826 0.1457535758 -0.9498363751 -0.8070290166 0.1428073585 -1.008423351 -0.04671985241 0.9617034982 4.367336766 0.1025295541 0.8209689524 nan nan
26 148588 7200 7195 5 -0.1672484189 0.0360588575 -0.2101102443 -0.1118283365 0.09828190774 -0.2580658749 -0.04380055914 0.2142653158 0.1941906676 0.05277663119 0.1199515453 nan nan
27 167957 2 2 0 -0.902484188 0.06868615516 -0.9643017277 -0.8406666484 0.1236350793 -0.9711703432 -0.8337980329 0.1373723103 nan 0.1305036948 0.1373723103 nan nan
28 12157 744 737 7 -0.8207910042 0.04382033263 -0.87720368 -0.8124308452 0.06477283481 -0.9840399596 -0.05015293497 0.9338870246 9.974811364 0.06025045887 0.7694779577 nan nan
29 24196 3709 3709 0 -0.9580747014 0.02955285742 -0.989838385 -0.8996486909 0.09018969412 -0.9932323842 -0.8924148263 0.1008175579 0.4211321324 0.05153080741 0.05876467201 nan nan
30 45291 13141 13140 1 -0.2183781763 0.02899314748 -0.2465522021 -0.1573098218 0.0892423803 -0.259414077 -0.1402799421 0.1191341349 0.579821007 0.0609219577 0.07795183743 nan nan
31 88569 2769 2766 3 -0.8689758219 0.02284414294 -0.9187929968 -0.848500046 0.0702929508 -0.9555768879 -0.8120495648 0.1435273231 -0.8829245761 0.04901456345 0.08391797445 nan nan
32 176015 15556 15554 2 -0.8675014287 0.02217224584 -0.9064402306 -0.8401969357 0.06624329494 -1.016916367 -0.1320786311 0.8848377362 1.495253302 0.03726044026 0.7377943151 nan nan
33 116002 11138 11132 6 -0.8729819818 0.02669910045 -0.9284496215 -0.8413861155 0.08706350607 -1.019546536 -0.8068933437 0.2126531922 -0.6725755771 0.05911456037 0.1499416267 nan nan
34 29608 452 451 1 -0.1721588414 0.06456647166 -0.2155442089 -0.06881008166 0.1467341273 -0.8856622325 -0.04389160369 0.8417706288 -5.245967484 0.1091417091 0.7105106334 nan nan
35 52314 3886 3886 0 -0.9538259147 0.02918315725 -0.9851469267 -0.9039409913 0.08120593545 -0.9884443673 -0.8102890503 0.178155317 0.9078877938 0.04410538538 0.1377573264 nan nan
36 31348 168 167 1 -0.8226621769 0.04878749352 -0.8343597681 -0.8118911884 0.02246857974 -0.9322294571 -0.2096074205 0.7226220366 11.75180878 0.01937354522 0.605671602 nan nan
37 165874 9677 9677 0 -0.9376197754 0.01734926555 -0.9572387859 -0.9092066867 0.04803209916 -1.020820046 -0.814770975 0.2060490709 0.9326595064 0.02685663179 0.1196109798 nan nan
38 33505 629 629 0 -0.06176224351 0.1008756543 -0.1982730438 -0.04546108462 0.1528119592 -0.8884989247 -0.04453695844 0.8439619663 -6.34610387 0.1406519025 0.8308777833 nan nan
39 80819 7644 7643 1 -0.2178387099 0.01228676893 -0.2333317977 -0.1954261227 0.03790567508 -0.2581545765 -0.1768324444 0.08132213212 0.1886254469 0.02574287778 0.04268162822 nan nan
40 37316 871 869 2 -0.922521276 0.04917237475 -0.9767698947 -0.8288088682 0.1479610266 -1.020440955 -0.8064880706 0.2139528845 0.4485769979 0.1029324506 0.1252532482 nan nan
41 8287 2550 2550 0 -0.8800328619 0.01550206223 -0.8954845124 -0.8635854652 0.03189904714 -0.9819994091 -0.8588310483 0.1231683608 -3.042858964 0.0182212765 0.1044718484 nan nan
42 33249 308 308 0 -0.8724900673 0.02694880401 -0.9348434913 -0.8467030532 0.08814043807 -0.9607537122 -0.8201840619 0.1405696504 -0.8738265297 0.06229861353 0.08820883448 nan nan
43 30636 813 813 0 -0.8951394296 0.04081710537 -0.9581881802 -0.8121879502 0.1460002301 -1.016039863 -0.8063625598 0.2096773036 0.1136091764 0.09510599088 0.1112225026 nan nan
44 39017 636 636 0 -0.1258390509 0.05276135477 -0.2154341996 -0.08060198404 0.1348322156 -0.8393415863 -0.04477593561 0.7945656507 -7.442133213 0.08763515035 0.711542537 nan nan

K=45, phase=forward, parameter=e [-]
cluster representative_source n_cluster n_valid n_missing median std p05 p95 width90 minimum maximum range skewness error95 error_max angle_origin_deg angle_resultant
0 144351 45608 45605 3 0.6988896244 0.09502861922 0.531034012 0.8280014146 0.2969674026 0.1946760287 0.8597500074 0.6650739788 -0.2195207863 0.201786808 0.5381447913 nan nan
1 23915 4561 4560 1 0.5334762233 0.014343357 0.5049500994 0.5517027582 0.0467526588 0.4976087052 0.5562090262 0.05860032094 -0.3747119764 0.04043536432 0.04777675853 nan nan
2 23568 825 825 0 0.4034333957 0.03998866105 0.3635076376 0.4926012466 0.129093609 0.3535949382 0.5792593629 0.2256644247 1.500037625 0.08291008797 0.1695682042 nan nan
3 167952 2141 2139 2 0.2565581839 0.08168802056 0.1768084054 0.4669544285 0.2901460232 0.1710855758 0.5693291022 0.3982435264 1.060842229 0.1998260432 0.3022007168 nan nan
4 48782 6026 6026 0 0.6142514555 0.05713591152 0.5221218877 0.6926026112 0.1704807234 0.1919999945 0.7175698908 0.5255698963 -0.5816074736 0.09729630702 0.425716898 nan nan
5 51611 1255 1249 6 0.2478166827 0.08861856303 0.1905357104 0.4853621981 0.2948264877 0.1700181651 0.7457509923 0.5757328272 1.727095926 0.2334239697 0.4938127638 nan nan
6 34556 417 417 0 0.3080842079 0.08376171163 0.1944882869 0.4904262106 0.2959379237 0.1698731259 0.5113890039 0.341515878 0.3388976402 0.2166792555 0.2376420488 nan nan
7 28151 1230 1230 0 0.410831939 0.07654741076 0.277700928 0.513645029 0.235944101 0.1768984382 0.5727162374 0.3958177991 -0.3696260293 0.1205291272 0.2200109338 nan nan
8 40083 898 898 0 0.571361688 0.08832728465 0.4806869598 0.7215394747 0.2408525149 0.1702037848 0.8772211912 0.7070174064 0.1249023641 0.1496923483 0.4020544782 nan nan
9 175498 2764 2763 1 0.2298512407 0.05849866116 0.1735164295 0.3098532048 0.1363367752 0.1715852171 0.5709867871 0.3994015699 2.253268254 0.1301129145 0.3912464968 nan nan
10 9905 4957 4957 0 0.4413292995 0.0397170702 0.379130229 0.4949837196 0.1158534907 0.1835877395 0.507021332 0.3234335924 -0.7393298952 0.06568013436 0.2461216424 nan nan
11 210090 3039 3034 5 0.2700321237 0.07773363735 0.2422241006 0.5046093546 0.262385254 0.1700719612 0.5625278525 0.3924558913 1.906797359 0.2321029754 0.2900214733 nan nan
12 22717 781 780 1 0.2318870252 0.05527281771 0.1881736431 0.3531453175 0.1649716744 0.1716030474 0.5650182522 0.3934152048 2.48066288 0.1313237541 0.3431966888 nan nan
13 156237 2361 2361 0 0.4179392902 0.06727647531 0.356044006 0.5604449171 0.204400911 0.3534727016 0.6017595388 0.2482868372 0.6492003623 0.1382039169 0.1795185387 nan nan
14 165903 8837 8836 1 0.3966773858 0.03889007297 0.3539569761 0.4558088701 0.1018518941 0.1834885621 0.5723949177 0.3889063556 -0.5668562511 0.08147484425 0.1955783502 nan nan
15 43359 2140 2140 0 0.3649512602 0.0425037311 0.3082776684 0.4495744829 0.1412968144 0.2239448188 0.5064513436 0.2825065248 0.5873141536 0.08296511316 0.1432670334 nan nan
16 50026 1248 1244 4 0.6143405941 0.0986218418 0.4829025219 0.8052115325 0.3223090106 0.1988113311 0.8952125964 0.6964012653 0.4145432194 0.198563344 0.4089440701 nan nan
17 61863 434 434 0 0.414910617 0.08601389614 0.1989169219 0.5100110349 0.311094113 0.169493203 0.6797373159 0.510244113 -0.8090588865 0.2456082315 0.2635886004 nan nan
18 120454 12566 12565 1 0.4615253155 0.04123365271 0.388574518 0.5014432578 0.1128687398 0.1724628902 0.5112590529 0.3387961627 -1.568414081 0.06003381421 0.2738538912 nan nan
19 32794 286 286 0 0.4658329607 0.07085555973 0.2464499151 0.515594653 0.269144738 0.1816681563 0.5168726041 0.3352044478 -1.679353568 0.2188649877 0.2836467465 nan nan
20 110203 1784 1784 0 0.4049165217 0.06671053777 0.3000619771 0.5096246399 0.2095626628 0.2092215476 0.518468962 0.3092474145 -0.0684447662 0.1189246038 0.2097650333 nan nan
21 59987 335 334 1 0.2470292557 0.07358235903 0.2009966364 0.4279022614 0.226905625 0.1697123633 0.5711935452 0.4014811819 1.28851481 0.1962450796 0.3395363633 nan nan
22 65627 751 751 0 0.3795550204 0.04702713674 0.3612649414 0.5062485509 0.1449836095 0.3573783224 0.5594339579 0.2020556355 1.330446644 0.1127912895 0.1659766965 nan nan
23 153188 3577 3570 7 0.5955701594 0.09158155484 0.5001977477 0.7447191535 0.2445214058 0.358302313 0.8726010776 0.5142987646 0.01035677848 0.1310774268 0.2604604578 nan nan
24 69136 1596 1595 1 0.6535165474 0.06842142619 0.5043291795 0.7082912785 0.203962099 0.1759040453 0.7977850458 0.6218810005 -1.746722073 0.1530441186 0.4814692529 nan nan
25 167830 1814 1811 3 0.3709616185 0.1039074871 0.1777523747 0.500267825 0.3225154503 0.1698141831 0.8887012719 0.7188870888 0.5794288605 0.1759338468 0.5643672937 nan nan
26 148588 7200 7195 5 0.5977640207 0.08934067442 0.4894011951 0.732860073 0.2434588779 0.3570046691 0.8956399398 0.5386352707 0.1581665909 0.1284683744 0.2892087487 nan nan
27 167957 2 2 0 0.3759789031 0.1265000224 0.2621288829 0.4898289233 0.2277000404 0.2494788806 0.5024789255 0.2530000449 nan 0.2403500426 0.2530000449 nan nan
28 12157 744 737 7 0.2147010766 0.05916850911 0.1883457111 0.3493322375 0.1609865264 0.1722257304 0.8805307354 0.708305005 4.186196075 0.13855953 0.6697580279 nan nan
29 24196 3709 3709 0 0.4824504071 0.04730064054 0.3850084923 0.5298688822 0.1448603899 0.3717351303 0.5347098093 0.162974679 -0.5021334417 0.08661551524 0.09988887724 nan nan
30 45291 13141 13140 1 0.4675344125 0.0752022387 0.3906248171 0.6220881994 0.2314633823 0.3532132518 0.6645258334 0.3113125816 0.5250529436 0.1547363556 0.1971739896 nan nan
31 88569 2769 2766 3 0.3267461293 0.04442944454 0.282767593 0.4188620432 0.1360944502 0.1885850058 0.4789896043 0.2904045985 0.631234942 0.09164127852 0.1468169064 nan nan
32 176015 15556 15554 2 0.324418059 0.04239686568 0.2640813863 0.3980973318 0.1340159455 0.1700666531 0.6839207812 0.5138541281 0.6193223247 0.07535857327 0.354773639 nan nan
33 116002 11138 11132 6 0.3352593248 0.05177755955 0.2666631135 0.4353608834 0.16869777 0.1707323136 0.5711940404 0.4004617267 0.3875074913 0.1103648653 0.2427848196 nan nan
34 29608 452 451 1 0.5855120239 0.1127987421 0.4752179498 0.8360116432 0.3607936934 0.258702033 0.8954250633 0.6367230303 0.5291555209 0.2628624301 0.3193497306 nan nan
35 52314 3886 3886 0 0.4758982579 0.04836181685 0.3928664727 0.5230866841 0.1302202114 0.180601501 0.5278521997 0.3472506986 -1.290624312 0.07389870937 0.2861636811 nan nan
36 31348 168 167 1 0.2207024562 0.03422746967 0.1882573857 0.2516323378 0.06337495204 0.1808318697 0.490918675 0.3100868053 4.610861891 0.05289477341 0.2921811106 nan nan
37 165874 9677 9677 0 0.4504743245 0.02932534709 0.4027046909 0.481471266 0.07876657502 0.1969318777 0.5729557573 0.3760238795 -1.656822852 0.04543424844 0.2482641709 nan nan
38 33505 629 629 0 0.8528791454 0.1180869341 0.5195187596 0.8916808372 0.3721620776 0.1705568463 0.8938855077 0.7233286614 -2.38824281 0.34322548 0.6921873932 nan nan
39 80819 7644 7643 1 0.4689919416 0.03241027294 0.4273693666 0.5272140259 0.09984465927 0.3568115374 0.5738339933 0.2170224558 0.09228890787 0.06680879294 0.1088128076 nan nan
40 37316 871 869 2 0.4253200366 0.0920414236 0.2343372955 0.5108525298 0.2765152343 0.1690549787 0.5724196201 0.4033646414 -0.7656321191 0.2062626043 0.2715449211 nan nan
41 8287 2550 2550 0 0.3482313586 0.02810053985 0.3150950014 0.3771711919 0.06207619047 0.305013172 0.5185090086 0.2134958366 2.532939044 0.03553846335 0.1751781495 nan nan
42 33249 308 308 0 0.3339338389 0.05133110497 0.2790989164 0.4461824873 0.1670835709 0.2132005794 0.4869251522 0.2737245728 0.6252452197 0.1137502353 0.1528773681 nan nan
43 30636 813 813 0 0.3772244765 0.07952933759 0.1863960483 0.4827160464 0.2963199981 0.1685723685 0.5665258078 0.3979534394 -0.550611156 0.2082699619 0.2260936418 nan nan
44 39017 636 636 0 0.6994717911 0.09072423026 0.4754110275 0.807963152 0.3325521245 0.1942188516 0.8933250748 0.6991062232 -1.134659055 0.219330996 0.5005231719 nan nan

K=45, phase=forward, parameter=w [deg]
cluster representative_source n_cluster n_valid n_missing median std p05 p95 width90 minimum maximum range skewness error95 error_max angle_origin_deg angle_resultant
0 144351 45608 45605 3 -3.31497483 20.49254294 -21.50161482 34.85200659 56.35362141 -177.7394493 176.8894074 354.6288567 -0.04768249763 56.27462507 179.2103103 173.9253561 0.9436307542
1 23915 4561 4560 1 -0.4083011185 4.39799598 -6.383943696 8.139357852 14.52330155 -7.658997203 15.08200606 22.74100326 0.546725753 8.402183252 15.34483146 306.148734 0.9970582687
2 23568 825 825 0 -6.0508915 24.75174743 -25.55394639 46.58888956 72.14283595 -26.50017645 168.0758473 194.5760237 1.474159247 69.65027476 177.4142743 207.4147275 0.9156582823
3 167952 2141 2139 2 -2.472173619 34.26725557 -37.29217219 70.1947302 107.4869024 -43.30075136 177.6700265 220.9707779 1.214270219 63.98307542 152.3398147 70.45521174 0.845135648
4 48782 6026 6026 0 -5.956722416 22.38692378 -17.86677473 42.30448468 60.17125941 -179.6918433 160.3022316 339.9940748 0.6925827034 56.33093984 173.1472129 180.4346181 0.9340738012
5 51611 1255 1249 6 -6.139708377 34.85808669 -38.44166194 67.19954222 105.6412042 -170.5784124 157.3395397 327.9179521 0.5347274131 56.63459238 177.7054385 104.5264573 0.8383355483
6 34556 417 417 0 -5.413120687 43.09643434 -40.59135456 87.90460757 128.4959621 -173.0955348 146.2685129 319.3640477 0.4299353613 128.484275 175.9743409 84.47763872 0.7751259713
7 28151 1230 1230 0 -12.8133928 39.23414118 -29.84344416 74.99982439 104.8432686 -144.141411 174.0967247 318.2381357 1.493050947 102.6988731 169.3704905 346.2629607 0.8093741245
8 40083 898 898 0 -4.834580356 25.48071265 -23.30763831 43.093766 66.40140431 -157.9893851 154.4546303 312.4440154 1.172065701 63.69779012 173.6117409 312.0778791 0.9176366575
9 175498 2764 2763 1 -3.594468293 24.67452764 -17.24122841 31.32960869 48.57083709 -175.2734971 178.6909222 353.9644193 0.02619898027 36.34183212 178.5619104 16.74442159 0.9330344925
10 9905 4957 4957 0 -1.209799607 11.40139524 -6.933060405 14.78825618 21.72131658 -127.8860884 150.0569195 277.9430079 4.816003949 17.52057601 152.6974762 297.942592 0.985309503
11 210090 3039 3034 5 -8.089640293 33.78727362 -23.25238761 85.42317609 108.6755637 -152.168257 131.8757137 284.0439707 1.611530084 102.3425263 148.723922 61.18524415 0.8520949875
12 22717 781 780 1 -3.76128912 24.44198824 -21.43675063 55.66709132 77.10384195 -154.9783356 178.934432 333.9127676 2.1076237 64.65973945 172.9534445 159.7414173 0.928182393
13 156237 2361 2361 0 -6.734959829 38.99851813 -36.53970493 81.00858314 117.5482881 -40.90973383 165.2661057 206.1758395 1.488069121 103.6489008 179.4753023 237.7675856 0.8113997172
14 165903 8837 8836 1 -8.618910091 26.58552658 -18.1637263 40.95940393 59.12313023 -179.6736276 168.3413228 348.0149504 0.9192662796 71.76016204 179.9593289 8.963531823 0.9101347357
15 43359 2140 2140 0 -4.421006426 12.74546644 -9.161843941 25.72760644 34.88945039 -133.3377683 59.41464782 192.7524161 -0.5296076 30.96039533 128.6707026 300.1631315 0.9771243597
16 50026 1248 1244 4 -6.465352249 40.88260886 -30.12625068 73.95449095 104.0807416 -179.4475165 179.9588997 359.4064162 0.9803138608 103.4468715 178.614532 258.1152296 0.8202748069
17 61863 434 434 0 -0.4869728163 36.67451447 -65.08539276 40.2737977 105.3591905 -176.4125967 176.7228032 353.1353998 -0.05382821409 69.35100634 179.9362567 60.76244515 0.8627982199
18 120454 12566 12565 1 -3.091380719 21.07246551 -19.14060634 34.36887644 53.50948277 -174.6097328 176.4066469 351.0163797 1.983946679 46.82893838 178.2912669 11.72968947 0.9449787437
19 32794 286 286 0 -5.001009854 41.4474905 -27.61661756 121.4677427 149.0843603 -34.26319349 143.9419681 178.2051616 2.016876781 136.274872 158.7490973 30.49326486 0.8046619507
20 110203 1784 1784 0 -1.509169873 21.75827884 -38.77280292 29.93294927 68.70575219 -177.7100344 178.2594392 355.9694736 0.1887551957 38.77231543 179.3183755 334.2412052 0.9406819998
21 59987 335 334 1 -3.385669142 25.7015227 -18.48144914 43.38204925 61.8634984 -73.26616529 147.4014604 220.6676257 2.280044449 56.39219331 158.4839892 151.1781687 0.9170318936
22 65627 751 751 0 -2.706444439 20.64319973 -26.87056867 43.96728449 70.83785316 -30.75012612 95.24478409 125.9949102 0.8802848548 38.93091519 90.20841479 213.9689156 0.9376446523
23 153188 3577 3570 7 -4.635316189 50.8954491 -37.36885709 129.8073183 167.1761754 -178.7875714 179.6577903 358.4453617 1.037037475 154.5751962 179.9970286 247.8472728 0.7351907915
24 69136 1596 1595 1 -4.629976645 27.8903082 -18.70907676 40.04141548 58.75049224 -172.2731925 173.5838455 345.8570379 0.6137544567 59.47731807 179.7859812 200.8852846 0.9133122865
25 167830 1814 1811 3 -4.277900237 31.05852637 -46.62422453 53.02196761 99.64619214 -177.3771925 162.4992114 339.8764039 0.1998482082 73.41265074 174.8134557 132.1946637 0.8779091532
26 148588 7200 7195 5 -4.857041336 33.22278814 -27.20942433 63.4813901 90.69081444 -177.2327336 178.8386078 356.0713414 1.441500218 99.3001155 178.9921723 293.5687268 0.8695497404
27 167957 2 2 0 1.421085472e-14 32.6535022 -29.38815198 29.38815198 58.77630396 -32.6535022 32.6535022 65.3070044 nan 62.04165418 65.3070044 133.3077657 0.8419489313
28 12157 744 737 7 -3.698995196 19.03062564 -21.71484305 32.0134179 53.72826095 -42.69077224 118.2820336 160.9728058 2.331992166 40.75604223 127.0246579 165.3117726 0.9503271265
29 24196 3709 3709 0 -3.157224109 12.35301806 -12.74849126 32.80089359 45.54938485 -13.7734238 48.20545266 61.97887646 1.72055723 37.57841708 52.98297615 303.5535671 0.9773295086
30 45291 13141 13140 1 -5.72074968 24.54054241 -27.58458869 43.92093927 71.50552796 -178.0575796 178.1762768 356.2338563 0.7452826694 68.80752434 177.897623 191.6975057 0.9158148163
31 88569 2769 2766 3 -2.703446184 16.66490153 -15.55619974 30.41252882 45.96872856 -150.3565753 66.45110298 216.8076783 -1.486257658 36.29359475 145.1683751 312.8959994 0.9633390664
32 176015 15556 15554 2 -2.089332825 19.7864942 -18.48333884 35.66735702 54.15069586 -179.8430237 178.123257 357.9662807 1.740316159 53.75677742 179.8545816 15.35493783 0.9506725288
33 116002 11138 11132 6 -4.613780732 28.56614679 -23.57257514 37.01292537 60.58550051 -177.5219817 179.3530628 356.8750445 -1.956999116 61.12264353 175.8391554 16.41215203 0.9070291031
34 29608 452 451 1 -4.883204669 45.13253902 -29.74416465 132.6949866 162.4391512 -178.9452517 176.0902116 355.0354633 1.567362816 156.9384312 178.3088197 278.3435529 0.7923272849
35 52314 3886 3886 0 -0.9303384768 21.21897365 -19.36273441 21.95746923 41.32020364 -177.8504529 154.8001533 332.6506062 2.851085559 28.58591941 171.495504 314.7538552 0.9465819133
36 31348 168 167 1 -1.623428442 16.1862977 -12.46606711 27.60683367 40.07290078 -83.86880885 52.7071572 136.575966 -0.9800053282 36.14952261 84.57164519 348.2611769 0.9633104582
37 165874 9677 9677 0 -2.100960018 16.91822889 -17.09956898 22.03232263 39.13189161 -179.5995786 179.6422007 359.2417793 1.927707836 30.22497495 178.5259141 8.533519855 0.9629185187
38 33505 629 629 0 -6.246911357 43.14250853 -23.36961981 114.3158362 137.685456 -179.6255894 178.2765622 357.9021517 1.04776489 135.5360924 174.1954551 288.0928016 0.8119761758
39 80819 7644 7643 1 -2.896451898 23.00127112 -28.40495965 39.52896679 67.93392644 -173.2818784 171.5695183 344.8513967 0.8692130244 42.5599871 176.2468594 194.9602368 0.9253536452
40 37316 871 869 2 0.3392817896 40.82371491 -65.29413088 53.73146824 119.0255991 -175.6727058 162.3059335 337.9786393 -0.711541704 68.4792689 176.4049706 43.58890849 0.8074701177
41 8287 2550 2550 0 -1.656227237 7.349251964 -3.962880025 5.456769766 9.419649791 -4.091851004 70.56887215 74.66072315 6.13767684 8.73286792 73.8449703 293.5013432 0.9923198347
42 33249 308 308 0 -3.918895143 22.23007151 -26.42617815 39.19232681 65.61850497 -30.7008183 159.6221587 190.322977 1.714422954 51.3033652 171.7331971 16.96411369 0.9329238079
43 30636 813 813 0 -1.746516526 35.91025455 -48.68080302 31.14460383 79.82540684 -177.0729123 157.6526816 334.7255939 -1.861556106 77.09638523 172.3192809 41.46509714 0.8780723723
44 39017 636 636 0 -0.9671743469 23.05196044 -10.9232492 12.95271324 23.87596244 -174.8709115 169.8074306 344.6783421 2.28174619 18.56217542 173.4410105 253.4689827 0.9515231272

K=50, STD=0.01004631963
n = trajectories per cluster; conditions overlap.
n = 1: clusters=1/50 (2.00%); trajectories=1/194124 (0.00%)
n < 10: clusters=1/50 (2.00%); trajectories=1/194124 (0.00%)
n < 100: clusters=1/50 (2.00%); trajectories=1/194124 (0.00%)

K=50, phase=backward, parameter=eps [km^2/s^2]
cluster representative_source n_cluster n_valid n_missing median std p05 p95 width90 minimum maximum range skewness error95 error_max angle_origin_deg angle_resultant
0 155584 12184 12184 0 -0.1214620784 0.02029559957 -0.1576378806 -0.09133589928 0.06630198134 -0.1827842417 -0.08135474934 0.1014294924 -0.1528569673 0.03660021496 0.05743836353 nan nan
1 24196 3715 3715 0 -0.9423631064 0.01440539602 -0.9643427949 -0.9188064603 0.04553633465 -0.9706821246 -0.9077087952 0.06297332945 0.07857917809 0.0256969539 0.03209845322 nan nan
2 23568 824 824 0 -0.8144963802 0.00696921062 -0.8283992489 -0.8074961302 0.02090311866 -0.8370017384 -0.8071063255 0.02989541289 -0.4940331379 0.01417742462 0.02277991413 nan nan
3 171049 2417 2417 0 -0.2419642984 0.01288542307 -0.257007779 -0.2170902973 0.03991748168 -0.2583797228 -0.1841468353 0.07423288756 0.7812230135 0.02576000328 0.05870346529 nan nan
4 50148 5559 5559 0 -0.9376402835 0.01624818617 -0.9605696069 -0.910388475 0.05018113183 -0.9622160199 -0.9024964388 0.05971958113 0.13541508 0.02695677989 0.03116725532 nan nan
5 51611 1286 1286 0 -0.06743545196 0.03425447523 -0.1384211339 -0.04536693693 0.09305419698 -0.1822224966 -0.04383479669 0.1383876999 -0.6869471677 0.05020256537 0.08757309488 nan nan
6 20504 378 378 0 -0.8212919432 0.004393796819 -0.8271917754 -0.8143138606 0.0128779148 -0.8334337096 -0.8084343518 0.02499935778 0.3685751901 0.007710124921 0.01266352768 nan nan
7 27924 1214 1214 0 -0.8780803063 0.02049823926 -0.9162163065 -0.8489695078 0.06724679868 -0.9289055233 -0.8395804715 0.08932505178 -0.3146238028 0.03647172679 0.04662523414 nan nan
8 76903 285 285 0 -0.9739426606 0.01449366773 -1.008378794 -0.9641504406 0.04422835368 -1.020836128 -0.8345324116 0.1863037168 1.800657719 0.03576751054 0.1416978568 nan nan
9 78960 18817 18817 0 -0.09374641244 0.02782911331 -0.1600410127 -0.06587403755 0.0941669751 -0.1890364581 -0.04380722131 0.1452292368 -1.081549609 0.07327304343 0.1022684889 nan nan
10 9905 4965 4965 0 -0.883240176 0.01708081033 -0.9127740412 -0.8587993075 0.05397473376 -0.9203782001 -0.8266489635 0.09372923656 -0.1222054808 0.03258496768 0.05382898217 nan nan
11 210447 3063 3063 0 -0.1651974944 0.03803730523 -0.2163277252 -0.09374690466 0.1225808205 -0.230824586 -0.06893817449 0.1618864115 0.3268598375 0.06735269461 0.09099601325 nan nan
12 22498 655 655 0 -0.8284949847 0.005016123486 -0.8336562789 -0.8256767681 0.007979510758 -0.9301199198 -0.8238826028 0.106237317 -12.91265295 0.005366630291 0.1018302712 nan nan
13 152421 1773 1773 0 -0.1659137089 0.03415013536 -0.2048572213 -0.1071342511 0.09772297018 -0.2339634096 -0.1051677457 0.1287956639 0.2247707135 0.05784253409 0.06916216067 nan nan
14 166474 8815 8815 0 -0.2219771418 0.01350271619 -0.235668852 -0.1930410955 0.04262775651 -0.2557896395 -0.1726814826 0.08310815689 0.8054738772 0.03123631614 0.05157748601 nan nan
15 43359 2140 2140 0 -0.9877201901 0.01129891251 -0.9995728211 -0.9652154561 0.03435736501 -1.020754723 -0.9621064395 0.0586482838 0.4230542451 0.02772378639 0.03079324436 nan nan
16 41854 7409 7409 0 -0.8678999844 0.02123236033 -0.9027046897 -0.8388298018 0.06387488793 -0.9111615241 -0.827181099 0.08398042506 -0.1043943463 0.04118804589 0.0528367486 nan nan
17 61863 433 433 0 -0.9752572449 0.006476759854 -0.9791454508 -0.9637043442 0.0154411066 -1.020743755 -0.9621434814 0.05860027388 -2.557323033 0.01273173183 0.04460655868 nan nan
18 120454 12525 12525 0 -0.1544201986 0.01987096471 -0.1863982659 -0.1250089202 0.06138934568 -0.1945673014 -0.08366161186 0.1109056896 -0.06399668122 0.033238049 0.07289613176 nan nan
19 30745 271 271 0 -0.8164294102 0.009738365077 -0.8358010663 -0.8066936405 0.02910742577 -0.8384292465 -0.8065266032 0.0319026433 -0.4474222051 0.01828254418 0.02091072441 nan nan
20 110203 1784 1784 0 -0.9403934335 0.02651887471 -0.9623161481 -0.8931904822 0.06912566592 -0.9718347483 -0.8387542211 0.1330805272 1.51411807 0.04617906721 0.1006153283 nan nan
21 78354 269 269 0 -0.8718008026 0.01894542054 -0.9024363468 -0.832024919 0.07041142785 -0.9409783243 -0.8261229694 0.1148553549 -0.152158165 0.04981833509 0.05941953609 nan nan
22 65262 717 717 0 -0.8457134248 0.01452311082 -0.8696820126 -0.8301166766 0.03956533602 -0.9315565875 -0.8223662086 0.1091903789 -1.253627066 0.03139449411 0.07105634606 nan nan
23 151422 3376 3376 0 -0.2334524766 0.02146301496 -0.2584199744 -0.1939079501 0.06451202434 -0.2593276385 -0.1755857606 0.0837418779 0.3165750867 0.04300011411 0.06132230356 nan nan
24 69514 1548 1548 0 -0.9670686416 0.003428493308 -0.9734727954 -0.9626599602 0.01081283521 -0.9750811766 -0.9622035491 0.01287762752 -0.3188519078 0.00584793149 0.006884050334 nan nan
25 168114 1774 1774 0 -0.1938625308 0.02949599596 -0.21444485 -0.1263105447 0.08813430523 -0.2569938618 -0.1158679831 0.1411258787 0.711975 0.07319016479 0.08363272639 nan nan
26 148588 6986 6986 0 -0.1644117373 0.03491953518 -0.2094500461 -0.1117869556 0.09766309046 -0.2320399875 -0.05346711917 0.1785728683 0.1043528516 0.05591861302 0.114151775 nan nan
27 167957 1 1 0 -0.2452346839 0 -0.2452346839 -0.2452346839 0 -0.2452346839 -0.2452346839 0 nan 0 0 nan nan
28 12828 588 588 0 -0.8149053 0.005248199761 -0.8246205734 -0.8108203973 0.01380017606 -0.8533952571 -0.8066952124 0.04670004471 -1.909407095 0.008814853322 0.03740170423 nan nan
29 34556 417 417 0 -0.9315394289 0.03850724089 -0.9693572996 -0.845614268 0.1237430317 -0.9771211451 -0.8328338052 0.1442873399 0.6118605403 0.07811848863 0.09089895139 nan nan
30 48939 6961 6961 0 -0.8676764188 0.01921401201 -0.8982476555 -0.8372510562 0.06099659932 -0.9225686439 -0.8254999296 0.09706871429 -0.03357703806 0.04020157555 0.05186345948 nan nan
31 88569 2769 2769 0 -0.9934339417 0.01253476985 -1.006303809 -0.9680656531 0.03823815583 -1.008654727 -0.9621646574 0.04649006975 0.4496459451 0.02944525079 0.03534624652 nan nan
32 176015 15599 15599 0 -0.2342876712 0.0136538412 -0.2477241437 -0.2036190925 0.04410505124 -0.2581905542 -0.1913846494 0.06680590472 0.7167970483 0.03178533431 0.04401977733 nan nan
33 116002 11190 11190 0 -0.1724497208 0.02179190654 -0.20701211 -0.1391299307 0.06788217928 -0.2146802064 -0.07692565609 0.1377545503 0.2550579395 0.03758562657 0.09962954125 nan nan
34 29608 442 442 0 -0.8162832319 0.008462568278 -0.8334590777 -0.8069886515 0.02647042624 -0.8365128555 -0.8062084723 0.03030438322 -0.506415526 0.0162165582 0.019270336 nan nan
35 52314 3885 3885 0 -0.9822969202 0.008300336244 -0.9932681635 -0.9658509535 0.02741720994 -1.020134973 -0.9622137061 0.05792126668 0.292098276 0.0218946578 0.03241886331 nan nan
36 31348 165 165 0 -0.9054280744 0.03802286503 -0.9709887621 -0.8463912658 0.1245974963 -0.9776830572 -0.8445660283 0.1331170289 -0.1325449331 0.06556068767 0.07225498282 nan nan
37 165589 9558 9558 0 -0.2133601132 0.01161806572 -0.2271774687 -0.1915583922 0.03561907651 -0.2458161886 -0.1705009202 0.07531526835 0.3685907524 0.02181541688 0.04272330766 nan nan
38 35110 1164 1164 0 -0.8350602592 0.005122890121 -0.8420628403 -0.8248532221 0.01720961815 -0.8496324856 -0.8203854851 0.02924700046 0.3998682291 0.01018192091 0.0152700929 nan nan
39 80416 7244 7244 0 -0.9306320021 0.01629583656 -0.9553058805 -0.9041874313 0.05111844922 -0.9714455194 -0.8949366535 0.0765088659 0.04289195288 0.03069908943 0.04683872835 nan nan
40 37316 864 864 0 -0.9357876295 0.01935902391 -0.9641119258 -0.9020134705 0.06209845525 -0.9715854693 -0.8507364104 0.1208490589 0.2655023327 0.03511491309 0.08122135625 nan nan
41 8157 2550 2550 0 -0.9180514619 0.02348158815 -0.9561848492 -0.8809282364 0.07525661279 -0.9620932548 -0.8712303484 0.09086290637 -0.01209804895 0.04060177749 0.04842891822 nan nan
42 35310 320 320 0 -0.8214390388 0.02051759205 -0.8708810439 -0.8066178556 0.06426318836 -0.8867821248 -0.8063623697 0.08041975502 -1.010720876 0.05004098915 0.06594206998 nan nan
43 30636 801 801 0 -0.8762853652 0.02087011051 -0.9111654053 -0.8458178112 0.06534759408 -0.922807205 -0.8226048578 0.1002023472 -0.1049605283 0.03667749642 0.05914725339 nan nan
44 83559 808 808 0 -0.8732998668 0.02027856735 -0.9061198985 -0.8402720833 0.06584781512 -0.9147344112 -0.8282834719 0.0864509393 0.02380918808 0.04121821217 0.05320682359 nan nan
45 23915 4561 4561 0 -0.8798153061 0.02291195118 -0.9237933339 -0.8512777642 0.07251556965 -0.9342678857 -0.8457326256 0.08853526004 -0.3606046883 0.03951065851 0.04998521028 nan nan
46 35907 884 884 0 -0.89700051 0.03605367568 -0.9556188036 -0.8431575953 0.1124612083 -0.9620497148 -0.8280285242 0.1340211906 -0.001909381894 0.05947767893 0.07460675002 nan nan
47 170879 15630 15630 0 -0.1724639785 0.02258533083 -0.1990919332 -0.1236052547 0.07548667854 -0.2303919648 -0.1062621907 0.124129774 0.6639140412 0.04848791244 0.0657036305 nan nan
48 179044 1231 1231 0 -0.2498120283 0.008602052672 -0.2562000498 -0.235804598 0.02039545184 -0.2582821244 -0.1825082858 0.07577383867 2.727090597 0.01321146346 0.06650777571 nan nan
49 222546 1310 1310 0 -0.252236921 0.01324970782 -0.2566628897 -0.2181000085 0.03856288119 -0.2595672675 -0.1805101526 0.07905711494 1.654541496 0.02207037184 0.05966022782 nan nan

K=50, phase=backward, parameter=e [-]
cluster representative_source n_cluster n_valid n_missing median std p05 p95 width90 minimum maximum range skewness error95 error_max angle_origin_deg angle_resultant
0 155584 12184 12184 0 0.7097680401 0.04908186082 0.6218583523 0.7822004211 0.1603420687 0.5584411735 0.8060751233 0.2476339499 -0.1653525242 0.08858089096 0.1419747188 nan nan
1 24196 3715 3715 0 0.4576836253 0.02320512374 0.4186760881 0.4920165385 0.07334045039 0.3996941114 0.5016345196 0.1019404081 -0.1332328631 0.04123938743 0.05384809 nan nan
2 23568 824 824 0 0.1948334761 0.02098193691 0.1725284502 0.2351783019 0.06264985166 0.1711268948 0.2573441421 0.0862172473 0.4142871821 0.03984348012 0.06200932036 nan nan
3 171049 2417 2417 0 0.4033889899 0.03559024491 0.3602986523 0.4718427641 0.1115441118 0.3561485094 0.5564270256 0.2002785162 0.708701074 0.07156185553 0.156146117 nan nan
4 50148 5559 5559 0 0.4504232251 0.02646744645 0.4046622834 0.4864893104 0.08182702701 0.3912686763 0.4891161724 0.09784749615 -0.183516893 0.04344917321 0.05263218631 nan nan
5 51611 1286 1286 0 0.8392970674 0.082341679 0.6682910666 0.8919010062 0.2236099396 0.559813993 0.8955575814 0.3357435884 -0.6995361319 0.1200332258 0.2142585318 nan nan
6 20504 378 378 0 0.2158393593 0.01276980074 0.1947931496 0.2319577351 0.03716458555 0.175566381 0.2485684402 0.07300205915 -0.5283055573 0.02223898952 0.03859525864 nan nan
7 27924 1214 1214 0 0.3453093071 0.03966653582 0.2839506371 0.414488969 0.1305383318 0.2636358172 0.4358803294 0.1722445122 0.1602741946 0.07258928538 0.08945338478 nan nan
8 76903 285 285 0 0.506631944 0.0228586814 0.4920311995 0.5560355604 0.06400436094 0.2505733456 0.5729713754 0.3223980298 -3.992002465 0.05094698078 0.2594890282 nan nan
9 78960 18817 18817 0 0.776276198 0.06738043347 0.6152028921 0.8430077949 0.2278049028 0.5425852262 0.8956261106 0.3530408844 -1.106565051 0.1778107908 0.2504284567 nan nan
10 9905 4965 4965 0 0.3544222802 0.03266795079 0.3051494561 0.408223938 0.1030744819 0.2274786858 0.4212321298 0.193753444 0.016484992 0.06025370327 0.1216464579 nan nan
11 210447 3063 3063 0 0.6034907604 0.09410781141 0.4732229059 0.776556406 0.3033335001 0.4332311191 0.8357881902 0.4025570711 0.2786816952 0.1665719558 0.2192874251 nan nan
12 22498 655 655 0 0.2350295276 0.01119538181 0.2274913637 0.2485786358 0.02108727208 0.2227825149 0.4370851162 0.2143026013 9.429489154 0.01406472847 0.2025712089 nan nan
13 152421 1773 1773 0 0.6011221909 0.08429384981 0.5030104939 0.7441445687 0.2411340748 0.4246648142 0.7488716583 0.3242068441 0.2027517048 0.1407680665 0.1792162205 nan nan
14 166474 8815 8815 0 0.4578293815 0.03550054174 0.4208735338 0.5327309997 0.1118574659 0.3634339021 0.5839901982 0.2205562961 0.742172133 0.08160448102 0.1325468079 nan nan
15 43359 2140 2140 0 0.5266774857 0.01655190573 0.4932688741 0.5436559048 0.05038703076 0.488446606 0.5728758046 0.08442919862 -0.4522423077 0.04084897991 0.04567124803 nan nan
16 41854 7409 7409 0 0.3250581397 0.04332679609 0.2609023399 0.3911459339 0.130243594 0.2288859488 0.4058866434 0.1770006946 -0.01188848448 0.08814597653 0.1201623676 nan nan
17 61863 433 433 0 0.5086530692 0.009476384615 0.4912783954 0.51434429 0.02306589462 0.4887657189 0.5728380059 0.08407228698 2.275264181 0.01909649259 0.06297025964 nan nan
18 120454 12525 12525 0 0.629256556 0.04894875734 0.5496773731 0.7009729842 0.1512956111 0.5285301802 0.8006659886 0.2721358083 -0.08051254098 0.08190294539 0.1766446215 nan nan
19 30745 271 271 0 0.2015887866 0.02840055257 0.1698010593 0.2540765454 0.08427548607 0.1691570339 0.2608625204 0.09170548648 0.3253449681 0.04861484416 0.05540081917 nan nan
20 110203 1784 1784 0 0.4550256349 0.04642659077 0.3744626848 0.4893295519 0.1148668672 0.2616445432 0.5036387604 0.2419942173 -1.856858757 0.07904121986 0.1918593615 nan nan
21 78354 269 269 0 0.3330816121 0.03887668384 0.2448778473 0.3907448167 0.1458669694 0.226081005 0.4560595174 0.2299785124 -0.2235082811 0.1076877895 0.1264846318 nan nan
22 65262 717 717 0 0.2771542587 0.03187882376 0.2384856505 0.3289076585 0.09042200796 0.2159748283 0.4394687349 0.2234939066 0.8384155325 0.07332016912 0.1291276357 nan nan
23 151422 3376 3376 0 0.42625655 0.05808062589 0.3560588463 0.5303211737 0.1742623274 0.3533386986 0.5778355597 0.2244968611 0.2697944294 0.1137667936 0.1612811796 nan nan
24 69514 1548 1548 0 0.4963954577 0.005157930113 0.4896792442 0.5059657401 0.01628649593 0.4888996391 0.5083700711 0.019470432 0.3077853146 0.008832704407 0.01030385718 nan nan
25 168114 1774 1774 0 0.531290564 0.07378264049 0.4781005629 0.6980145619 0.2199139991 0.3599944368 0.7230820827 0.3630876459 0.6723941265 0.181464275 0.2065317957 nan nan
26 148588 6986 6986 0 0.6047744068 0.08641500693 0.4911148217 0.7329301016 0.2418152798 0.4299217109 0.8726411838 0.4427194729 0.08221096829 0.1364868012 0.2757855025 nan nan
27 167957 1 1 0 0.393435327 0 0.393435327 0.393435327 0 0.393435327 0.393435327 0 nan 0 0 nan nan
28 12828 588 588 0 0.1962120775 0.01513477333 0.1830039483 0.2247327201 0.04172877188 0.1698247327 0.2940409369 0.1242162042 1.384623054 0.02668287379 0.09409403804 nan nan
29 34556 417 417 0 0.440383152 0.06843451161 0.277262546 0.4999120621 0.2226495161 0.2470618693 0.5113810567 0.2643191874 -0.7803028962 0.1500154792 0.1802161559 nan nan
30 48939 6961 6961 0 0.3248099892 0.03962363686 0.2569507146 0.3833907219 0.1264400073 0.2274278009 0.4253899103 0.1979621094 -0.1109860771 0.08710627787 0.1166291916 nan nan
31 88569 2769 2769 0 0.535009665 0.01805323371 0.4979430243 0.553080773 0.05513774866 0.4887721887 0.5563450703 0.06757288161 -0.4804091343 0.04289224569 0.05206308128 nan nan
32 176015 15599 15599 0 0.4247547004 0.03695450089 0.387218222 0.5067797468 0.1195615248 0.3567492646 0.5380310524 0.1812817878 0.6702061797 0.08555975262 0.1168110582 nan nan
33 116002 11190 11190 0 0.5845455011 0.0543638301 0.4967040583 0.6666150827 0.1699110244 0.4767105414 0.8167420041 0.3400314628 0.2130842957 0.09360386441 0.2424768204 nan nan
34 29608 442 442 0 0.2007091573 0.02499994959 0.1707982356 0.2485157941 0.07771755854 0.168193931 0.2561878164 0.08799388541 0.3806448347 0.04391255425 0.05158457656 nan nan
35 52314 3885 3885 0 0.5189013714 0.01221294126 0.4943453256 0.534754064 0.04040873841 0.4886581369 0.5719985499 0.08334041304 -0.3339278298 0.0324334864 0.0452684846 nan nan
36 31348 165 165 0 0.3957168025 0.06807441957 0.27806844 0.5023069636 0.2242385236 0.2738012697 0.5121338816 0.2383326119 -0.04966226217 0.1176483626 0.1219155328 nan nan
37 165589 9558 9558 0 0.4804675726 0.03016273755 0.4440729433 0.5366166445 0.09254370118 0.3919964047 0.5904545597 0.1984581549 0.3456620158 0.0562156057 0.1096530661 nan nan
38 35110 1164 1164 0 0.2521070501 0.01294296811 0.2257149541 0.2691572005 0.04344224634 0.2132364981 0.2868332705 0.07359677243 -0.4940282438 0.02640274787 0.03718059944 nan nan
39 80416 7244 7244 0 0.4391779467 0.02692894461 0.3940069256 0.478452691 0.08444576539 0.3774544151 0.5030096622 0.1255552471 -0.1038212105 0.04939402992 0.07381322717 nan nan
40 37316 864 864 0 0.4473251017 0.03180663797 0.3898796175 0.4917803113 0.1019006937 0.2892944998 0.5032275587 0.2139330589 -0.3822013992 0.05766621298 0.1516610526 nan nan
41 8157 2550 2550 0 0.4172268711 0.04040651303 0.3497021739 0.4793096626 0.1296074887 0.3313760235 0.4884624285 0.157086405 -0.08541918756 0.07022158866 0.08854773906 nan nan
42 35310 320 320 0 0.2161168445 0.05208405489 0.1694902284 0.3317382272 0.1622479988 0.168591401 0.362571352 0.193979951 0.7535989484 0.1166329529 0.1474660777 nan nan
43 30636 801 801 0 0.3416335758 0.0413379428 0.2767818752 0.4058100267 0.1290281514 0.2165533359 0.4257239421 0.2091706062 -0.05027063752 0.0753563756 0.1355849149 nan nan
44 83559 808 808 0 0.3363573543 0.04083188067 0.2648470376 0.3976713352 0.1328242976 0.234128295 0.412639498 0.178511203 -0.1862697095 0.08764195212 0.1183606948 nan nan
45 23915 4561 4561 0 0.348174769 0.04375076455 0.2889634572 0.4272507754 0.1382873182 0.276432379 0.4446234613 0.1681910823 0.2381025035 0.07439932256 0.08780495815 nan nan
46 35907 884 884 0 0.3806842454 0.06710525943 0.270627879 0.4789216531 0.208293774 0.2334201831 0.4888892717 0.2554690886 -0.1971795942 0.1202078169 0.1574155128 nan nan
47 170879 15630 15630 0 0.5850801693 0.05582142822 0.517963853 0.7045206245 0.1865567715 0.4344006327 0.7462877132 0.3118870805 0.6277139398 0.1186042132 0.1600458125 nan nan
48 179044 1231 1231 0 0.3807910988 0.02393829979 0.3626062716 0.4214273386 0.05882106694 0.356447831 0.5605318669 0.2040840359 2.565847389 0.03858149381 0.1776860222 nan nan
49 222546 1310 1310 0 0.3743058525 0.03676076243 0.3613220993 0.4691820834 0.107859984 0.3526417655 0.5655378146 0.2128960491 1.559253281 0.05985637203 0.1562121033 nan nan

K=50, phase=backward, parameter=w [deg]
cluster representative_source n_cluster n_valid n_missing median std p05 p95 width90 minimum maximum range skewness error95 error_max angle_origin_deg angle_resultant
0 155584 12184 12184 0 0.001254290345 2.026099 -3.053530881 3.329898673 6.383429554 -4.033951981 16.43930813 20.47326011 0.8189448306 3.838208794 15.81609034 17.59755678 0.9993751857
1 24196 3715 3715 0 -0.8108132571 4.985548803 -4.273900461 16.62180741 20.89570787 -4.858047692 23.47951657 28.33756426 3.003799898 18.15492876 25.01263791 188.266851 0.9962436058
2 23568 824 824 0 4.393579049 13.69324219 -24.48817417 14.90873131 39.39690548 -27.53477723 16.49841595 44.03319319 -0.5670267528 33.99920094 37.045804 202.1838041 0.9716970991
3 171049 2417 2417 0 0.4252038397 6.40869301 -9.97332971 7.335305327 17.30863504 -13.87415077 7.938764954 21.81291572 -0.2775085982 15.80530744 19.7061285 28.33971238 0.9937550865
4 50148 5559 5559 0 -0.7976823609 4.137583427 -4.726592812 9.454636209 14.18122902 -23.93755834 16.69453604 40.63209438 1.353421871 11.05710422 22.41360675 198.2822939 0.9973992714
5 51611 1286 1286 0 -2.161456993 6.6609825 -6.932499454 11.63730661 18.56980607 -7.131501477 17.00623845 24.13773993 0.5132631272 13.14408128 13.34308331 17.74660818 0.9932572304
6 20504 378 378 0 0.2068475444 4.345026066 -4.545169343 7.41627606 11.9614454 -26.96958227 11.61355454 38.58313681 -2.054923141 8.652939616 26.76654787 207.4683788 0.997144757
7 27924 1214 1214 0 -4.758643648 10.41878518 -9.978230321 17.08820362 27.06643394 -31.01232559 17.50919935 48.52152495 0.692416539 22.86800718 25.26302466 202.5160152 0.9835665102
8 76903 285 285 0 0.1885255668 5.225603024 -12.88517133 6.914415832 19.79958716 -18.94427812 13.31852426 32.26280238 -1.605331845 14.41609464 20.47520143 194.7186328 0.9958606716
9 78960 18817 18817 0 -1.197341988 5.381184471 -7.289826184 10.51187798 17.80170417 -11.00903724 13.47536506 24.4844023 0.618516954 11.6734523 14.63693938 21.59670905 0.9955976526
10 9905 4965 4965 0 -0.3138743344 3.008205524 -3.88568873 6.896759243 10.78244797 -16.89833557 11.46115986 28.35949542 0.9953852351 7.211520292 16.64023239 188.3950836 0.9986232053
11 210447 3063 3063 0 -3.420287637 7.155714451 -6.756765882 16.90846123 23.66522712 -7.504424747 18.17977859 25.68420333 1.17851797 21.29168761 22.56300497 18.18061543 0.9922339169
12 22498 655 655 0 0.05854589962 3.343440837 -4.705878756 3.783759137 8.489637892 -33.02531082 12.44802123 45.47333205 -0.5486911743 5.065520334 32.73710418 206.532244 0.9983066407
13 152421 1773 1773 0 -0.1814151255 2.822240232 -3.193645699 5.669413249 8.863058948 -6.345375486 12.75023085 19.09560633 1.868171833 6.13309394 12.55657028 23.71704554 0.9987889986
14 166474 8815 8815 0 1.316545477 4.311891973 -7.818489662 4.454506456 12.27299612 -13.43077432 9.263321307 22.69409562 -0.534002963 11.33093385 16.9432185 27.79446809 0.997171436
15 43359 2140 2140 0 -1.918364788 5.546148696 -5.998455466 12.01564968 18.01410515 -7.118218062 17.12963303 24.24785109 1.100122512 13.6659544 18.77993775 187.8376605 0.9953274163
16 41854 7409 7409 0 -1.563458565 4.866198819 -5.697896878 8.977696606 14.67559348 -32.51964605 15.67859119 48.19823724 0.6839555346 10.28234241 31.22284871 204.6760507 0.996399705
17 61863 433 433 0 -0.8978898506 3.482417008 -3.684767762 6.677178545 10.36194631 -19.94238186 10.00996954 29.9523514 0.1499464758 8.695754832 18.17845507 195.1496636 0.9981558608
18 120454 12525 12525 0 0.01530283152 1.836606352 -2.731142954 2.672393122 5.403536076 -16.03983445 7.919011236 23.95884568 -0.4588157752 3.056276264 15.98945116 26.98518913 0.9994866795
19 30745 271 271 0 5.423279454 12.95473382 -28.32432293 11.51739792 39.84172085 -34.912278 11.70841196 46.62068997 -1.14124562 35.66294983 42.2509049 208.0227334 0.9747761485
20 110203 1784 1784 0 3.13768463 10.62887389 -24.71303675 10.98980044 35.7028372 -25.52033594 14.33429196 39.8546279 -1.102375056 29.04905441 29.8563536 205.7170019 0.9829469393
21 78354 269 269 0 4.736656067 10.27702969 -16.87312217 6.932708723 23.8058309 -40.08688609 8.008130339 48.09501643 -1.978191091 20.99429723 44.20806114 211.6897209 0.9842014518
22 65262 717 717 0 9.709010767 18.9117219 -36.34673356 10.44395559 46.79068916 -36.67429716 10.61665326 47.29095042 -1.296943368 46.2156821 46.54324571 208.2200988 0.946868001
23 151422 3376 3376 0 2.787871773 5.571652015 -12.69756544 4.035171598 16.73273704 -18.79496281 4.230342811 23.02530562 -1.578470704 16.43999061 22.53738798 32.7258298 0.9952882182
24 69514 1548 1548 0 -0.1043022069 2.594005102 -3.774141045 4.260620652 8.034761698 -22.12574473 6.372782072 28.4985268 -0.6143670516 5.530247427 20.86179773 197.4084221 0.9989766197
25 168114 1774 1774 0 0.24855434 3.40518312 -5.721152368 7.007076447 12.72822881 -13.31347416 11.95176916 25.26524332 0.6943790204 8.532195318 14.97999441 25.11136681 0.998237174
26 148588 6986 6986 0 -0.1996458166 3.229512245 -4.147096214 6.84486788 10.99196409 -13.88061285 11.96175795 25.84237081 0.850943964 7.44888239 14.24838681 24.47424561 0.998414548
27 167957 1 1 0 0 0 0 0 0 0 0 0 nan 0 0 35.28405007 1
28 12828 588 588 0 1.429640119 7.59998126 -14.24446537 9.126259685 23.37072506 -27.48003216 17.79961509 45.27964726 -0.9966253158 17.19083376 30.42640055 200.0056273 0.9912598297
29 34556 417 417 0 -2.46152111 9.071105652 -8.546891836 18.33035325 26.87724509 -27.94861167 20.24191418 48.19052586 0.5184994489 25.13108335 27.04264428 199.4491225 0.9875479896
30 48939 6961 6961 0 0.3180174793 3.822629586 -5.996670845 4.417859912 10.41453076 -35.67723946 13.0069412 48.68418066 -3.811245843 5.987447028 35.63391211 207.2401273 0.9978019902
31 88569 2769 2769 0 -0.1401456403 6.214173266 -10.31724038 9.917801003 20.23504139 -12.84228445 12.42718462 25.26946907 -0.03404001986 11.32232946 13.8370448 193.8087868 0.9941303989
32 176015 15599 15599 0 0.1025936299 5.432747454 -8.519746003 7.427078129 15.94682413 -10.58159112 10.81859399 21.40018511 -0.07351923601 14.12552867 16.18737378 26.08342342 0.9955105541
33 116002 11190 11190 0 1.20511035 4.567243322 -13.12260355 4.433883436 17.55648699 -18.39837331 7.245135944 25.64350925 -1.846720748 14.61579472 19.89156448 29.20940966 0.9968333995
34 29608 442 442 0 4.105672444 12.76705901 -26.40155105 12.90065114 39.30220219 -31.01036007 14.13846038 45.14882046 -0.9260717368 35.30864997 39.917459 205.8011723 0.975442693
35 52314 3885 3885 0 -1.041092766 4.859068599 -6.365529543 9.630477511 15.99600705 -15.11780701 13.10258022 28.22038723 0.6751683243 12.01817191 15.41051923 191.7524114 0.9964097586
36 31348 165 165 0 -0.2764015403 4.272102685 -4.61286735 5.474379052 10.0872464 -4.684047275 21.76049462 26.4445419 2.12765728 6.492555361 22.77867093 195.2706314 0.9972334389
37 165589 9558 9558 0 0.3039435512 2.234897708 -4.119491996 2.492358808 6.611850804 -14.4229923 8.122283244 22.54527554 -1.008370758 5.620159572 15.64948384 28.24679643 0.9992400203
38 35110 1164 1164 0 0.04539981504 2.653533203 -4.828582652 5.768262019 10.59684467 -9.833748296 7.996537997 17.83028629 0.01772800855 6.401647246 10.0630939 211.7005374 0.9989284985
39 80416 7244 7244 0 -0.1369215829 3.684416801 -4.737823904 5.836053317 10.57387722 -31.12769216 11.13465106 42.26234322 -1.166320939 6.953592122 33.18561684 204.2014348 0.9979417323
40 37316 864 864 0 -4.197585272 8.188775809 -5.751599802 17.52445134 23.27605114 -24.69642932 22.71806533 47.41449465 1.237082685 22.06846613 27.26208011 196.9724208 0.9898413562
41 8157 2550 2550 0 -0.430547699 3.714993077 -2.277341372 1.390934466 3.668275837 -2.775235825 34.05769259 36.83292841 6.740233011 2.16051523 34.82727335 182.9006949 0.9979384522
42 35310 320 320 0 7.758184127 15.29631617 -32.19489497 12.9584566 45.15335157 -35.2815404 12.97101256 48.25255297 -0.9844246022 41.94546509 45.03211052 207.2576058 0.9648973735
43 30636 801 801 0 -0.02461641375 6.979073596 -4.521389071 19.33417599 23.85556506 -26.65117391 22.08844379 48.7396177 0.0246764325 21.08605604 26.61076497 198.1035796 0.9926743173
44 83559 808 808 0 2.656915954 10.4186808 -40.23212127 4.854296864 45.08641814 -43.00700646 5.016145642 48.0231521 -3.459900098 42.95989411 45.7347793 214.5065678 0.9840925947
45 23915 4561 4561 0 0.02361373005 2.116574171 -3.595468092 3.387488136 6.982956228 -4.761065422 4.275619491 9.036684913 -0.09079639542 5.079177387 6.244774717 193.150454 0.9993178419
46 35907 884 884 0 0.3742719619 5.580261572 -5.145722417 8.498563126 13.64428554 -25.75674073 22.14406203 47.90080276 -0.2977295613 13.39422785 24.95241281 197.3379815 0.9952948016
47 170879 15630 15630 0 -0.2818756783 3.099777819 -4.327075322 3.074155995 7.401231317 -9.163246688 14.78408295 23.94732964 1.994621898 6.040623207 14.16664953 21.65589926 0.9985401573
48 179044 1231 1231 0 2.04075162 4.893178248 -10.78249108 4.649952994 15.43244407 -15.9490765 5.380575527 21.32965202 -1.22569242 14.29162727 19.45821269 30.39960402 0.9963611046
49 222546 1310 1310 0 0.3399330459 5.628103889 -9.304620244 8.915442063 18.22006231 -12.11587508 10.60912212 22.7249972 -0.09373725615 15.04261967 16.73629973 26.42667474 0.9951834646

K=50, phase=forward, parameter=eps [km^2/s^2]
cluster representative_source n_cluster n_valid n_missing median std p05 p95 width90 minimum maximum range skewness error95 error_max angle_origin_deg angle_resultant
0 155584 12184 12184 0 -0.1345552656 0.02677429069 -0.1777146188 -0.09650779077 0.08120682807 -0.2315508462 -0.08900056374 0.1425502825 -0.4938394904 0.04957069119 0.1034069186 nan nan
1 24196 3715 3715 0 -0.958003416 0.02962127608 -0.9898368241 -0.89945326 0.09038356411 -0.9932323842 -0.8921911757 0.1010412085 0.4202849361 0.05172623826 0.05898832259 nan nan
2 23568 824 824 0 -0.2415423292 0.01473759453 -0.255857128 -0.2087194682 0.04713765975 -0.2591843722 -0.1750088942 0.08417547799 1.583076062 0.03072061221 0.06443118624 nan nan
3 171049 2417 2415 2 -0.835130832 0.03839875178 -0.9343069496 -0.8079972016 0.126309748 -1.018186568 -0.807091806 0.2110947622 -1.5623359 0.0981069486 0.1819865672 nan nan
4 50148 5559 5559 0 -0.1633729105 0.0351391427 -0.197363516 -0.1283684073 0.06899510876 -0.8373619657 -0.1139752595 0.7233867062 -10.66532154 0.03814460747 0.6767972242 nan nan
5 51611 1286 1280 6 -0.8333824311 0.0804663387 -0.9586026594 -0.8109219493 0.1476807101 -1.020582924 -0.1064650305 0.9141178934 5.838000339 0.1274746859 0.7285644708 nan nan
6 20504 378 376 2 -0.8276502565 0.0921974389 -0.8840833479 -0.8226873501 0.06139599779 -0.9840399596 -0.05015293497 0.9338870246 6.92315398 0.05746586602 0.7773395188 nan nan
7 27924 1214 1214 0 -0.9138817725 0.0431732698 -0.9786629667 -0.8454471708 0.1332157959 -1.020656292 -0.8085486977 0.2121075938 0.07966560238 0.07657901617 0.1182306801 nan nan
8 76903 285 285 0 -0.193896144 0.05804603126 -0.2509349035 -0.1161411569 0.1347937467 -0.8343813206 -0.05154323718 0.7828380834 -4.682830617 0.08974105334 0.6285921214 nan nan
9 78960 18817 18816 1 -0.1600009097 0.03415156293 -0.1983126946 -0.09898880806 0.09932388656 -0.8140495661 -0.09150487179 0.7225446943 -0.1014716378 0.05270631321 0.6679098041 nan nan
10 9905 4965 4965 0 -0.9323554654 0.0234785754 -0.9662973643 -0.8963902036 0.06990716069 -0.9771607958 -0.8112641614 0.1658966344 0.3860673283 0.04120380029 0.1141689532 nan nan
11 210447 3063 3058 5 -0.8426440145 0.04218732968 -0.9726595294 -0.8314051142 0.1412544153 -1.013239593 -0.8067932353 0.206446358 -2.050827149 0.1289078523 0.1694879161 nan nan
12 22498 655 654 1 -0.8272613007 0.03684331716 -0.882296779 -0.8122216517 0.07007512738 -1.015045605 -0.2090278602 0.8060177452 6.14383762 0.05804735817 0.6152849935 nan nan
13 152421 1773 1773 0 -0.2456482958 0.01483088268 -0.2585646012 -0.2138068224 0.04475777881 -0.2593009963 -0.1890548658 0.07024613053 0.6799413431 0.02717666507 0.05192862173 nan nan
14 166474 8815 8814 1 -0.9064017255 0.02193172291 -0.9411703121 -0.8837893049 0.05738100718 -1.020392173 -0.8091131929 0.2112789803 0.06626773029 0.0472623177 0.1247101772 nan nan
15 43359 2140 2140 0 -0.8886510606 0.02329639446 -0.9372774604 -0.8602057064 0.07707175397 -0.9737461236 -0.8240200317 0.1497260919 -0.8030630074 0.04748516098 0.08391211288 nan nan
16 41854 7409 7407 2 -0.1822170922 0.02664375121 -0.2130932306 -0.1442121325 0.06888109805 -0.830688004 -0.08588686419 0.7448011398 -5.35189754 0.04031806054 0.6462291085 nan nan
17 61863 433 433 0 -0.9164183082 0.0452177765 -0.9758918583 -0.8152603716 0.1606314868 -1.020173947 -0.8065969142 0.2135770324 0.4224038952 0.1119287998 0.1205922571 nan nan
18 120454 12525 12524 1 -0.9445931518 0.02427478114 -0.9704465281 -0.9013843216 0.06906220649 -0.9770447709 -0.8073378234 0.1697069475 1.075421951 0.03726515075 0.1278118619 nan nan
19 30745 271 271 0 -0.9510333919 0.03264984788 -0.9800540338 -0.8936636719 0.08639036185 -0.9808685396 -0.8106322875 0.1702362521 1.376430976 0.04739441346 0.1304257979 nan nan
20 110203 1784 1784 0 -0.9110072888 0.03773877129 -0.9759986192 -0.8562243031 0.1197743161 -0.9819574797 -0.8199640942 0.1619933856 -0.09175583879 0.06291046378 0.09888977525 nan nan
21 78354 269 269 0 -0.8321040045 0.03618664475 -0.9219476569 -0.8149626998 0.1069849571 -1.019495257 -0.8066806263 0.2128146308 -1.923918987 0.09485949934 0.1924070995 nan nan
22 65262 717 717 0 -0.2511064301 0.01554451117 -0.256555283 -0.2073698822 0.04918540086 -0.2574162916 -0.1911870323 0.06622925934 1.409641156 0.04032482795 0.05650767787 nan nan
23 151422 3376 3371 5 -0.1699902672 0.03666649666 -0.2072979266 -0.107115413 0.1001825136 -0.2583674984 -0.06609019004 0.1922773084 0.08353934701 0.05408644409 0.09874413491 nan nan
24 69514 1548 1547 1 -0.1438223971 0.0445571992 -0.1872856401 -0.1220222278 0.06526341234 -0.834138799 -0.115472382 0.718666417 -11.03117312 0.04611496712 0.692968126 nan nan
25 168114 1774 1771 3 -0.887885826 0.1092404802 -0.9516925232 -0.8077161556 0.1439763676 -1.008423351 -0.1142070331 0.8942163174 5.570903524 0.09171550508 0.7518494687 nan nan
26 148588 6986 6983 3 -0.1672109557 0.03618323488 -0.2101152887 -0.1117568489 0.09835843985 -0.2582142253 -0.04380055914 0.2144136662 0.1895099112 0.05288439059 0.1199515453 nan nan
27 167957 1 1 0 -0.9711703432 0 -0.9711703432 -0.9711703432 0 -0.9711703432 -0.9711703432 0 nan 0 0 nan nan
28 12828 588 582 6 -0.8175830547 0.03427052057 -0.8506088975 -0.8123775224 0.03823137518 -0.9750423375 -0.2406471442 0.7343951933 6.794044009 0.03347812811 0.5770268584 nan nan
29 34556 417 417 0 -0.859404916 0.04291454539 -0.963091965 -0.8148666031 0.1482253619 -0.9771380359 -0.8067424946 0.1703955413 -0.6839842247 0.1185849812 0.1326310521 nan nan
30 48939 6961 6961 0 -0.2359728145 0.009300411984 -0.2483963204 -0.2185073461 0.02988897436 -0.259414077 -0.1915629832 0.06785109381 0.2468786367 0.01779176298 0.0441254078 nan nan
31 88569 2769 2766 3 -0.8689758219 0.02284414294 -0.9187929968 -0.848500046 0.0702929508 -0.9555768879 -0.8120495648 0.1435273231 -0.8829245761 0.04901456345 0.08391797445 nan nan
32 176015 15599 15597 2 -0.8676747076 0.02145470537 -0.9068791062 -0.840343873 0.06653523325 -1.016916367 -0.8067458812 0.2101704861 -0.992495023 0.03730923646 0.147043421 nan nan
33 116002 11190 11184 6 -0.8730942692 0.02675382178 -0.9287220019 -0.8413685779 0.08735342398 -1.019546536 -0.8068933437 0.2126531922 -0.6685356558 0.05931515315 0.1499416267 nan nan
34 29608 442 442 0 -0.1672275809 0.07369115192 -0.2156935897 -0.06550324905 0.1501903407 -0.8856622325 -0.04389160369 0.8417706288 -5.437978039 0.1113048993 0.7105106334 nan nan
35 52314 3885 3885 0 -0.9538278545 0.02912804397 -0.9851472904 -0.9040602695 0.08108702088 -0.9884443673 -0.8102890503 0.178155317 0.9003064193 0.04398610718 0.1377573264 nan nan
36 31348 165 164 1 -0.8224464091 0.04920801262 -0.834370046 -0.8118894854 0.02248056068 -0.9322294571 -0.2096074205 0.7226220366 11.65243738 0.01943188316 0.605671602 nan nan
37 165589 9558 9558 0 -0.9378667367 0.01827783697 -0.9573403492 -0.9092897699 0.04805057925 -1.020820046 -0.8095313121 0.2112887338 1.540425548 0.02701403084 0.1250293693 nan nan
38 35110 1164 1164 0 -0.09132875389 0.0886222548 -0.1694512941 -0.04616025675 0.1232910374 -0.8794541554 -0.04458452764 0.8348696278 -6.601852707 0.09345072937 0.8034535907 nan nan
39 80416 7244 7243 1 -0.2181981826 0.01086968832 -0.2326309074 -0.1990686731 0.03356223427 -0.2581306086 -0.1790868731 0.07904373543 0.08724516934 0.02191892004 0.04077081366 nan nan
40 37316 864 862 2 -0.9229247622 0.04915540023 -0.9767874532 -0.8248361175 0.1519513357 -1.020440955 -0.8064880706 0.2139528845 0.4734620888 0.1069052013 0.1252532482 nan nan
41 8157 2550 2550 0 -0.8799835944 0.0158890899 -0.8955965567 -0.8635088101 0.03208774653 -0.9819994091 -0.8585731128 0.1234262963 -3.082992829 0.01867989398 0.1050827464 nan nan
42 35310 320 320 0 -0.8702732675 0.02656526528 -0.934146268 -0.8468237494 0.08732251862 -0.9607537122 -0.8201840619 0.1405696504 -0.9209757934 0.06160728207 0.08821472633 nan nan
43 30636 801 800 1 -0.8954958376 0.04060321062 -0.9578148155 -0.8102106296 0.1476041859 -1.016039863 -0.8063625598 0.2096773036 0.147841472 0.09555804225 0.1112225026 nan nan
44 83559 808 806 2 -0.1777915086 0.05192432198 -0.2161072506 -0.07773333184 0.1383739188 -0.9752300855 -0.04398107964 0.9312490059 -4.099861078 0.1067914858 0.7928444422 nan nan
45 23915 4561 4560 1 -0.9924139501 0.009935011863 -1.005310834 -0.9729588466 0.03235198775 -1.008564402 -0.9677912489 0.04077315279 0.3412095493 0.02781073226 0.03297832997 nan nan
46 35907 884 883 1 -0.1765386792 0.0405870198 -0.2137949679 -0.115365004 0.09842996392 -0.2365596735 -0.04453695844 0.1920227151 0.7897919453 0.06121694222 0.1320449878 nan nan
47 170879 15630 15626 4 -0.08883214512 0.036643107 -0.175096048 -0.06557979625 0.1095162517 -0.8267214822 -0.04671985241 0.7800016298 -5.440638636 0.0993466451 0.7509720793 nan nan
48 179044 1231 1228 3 -0.8207536486 0.05208342695 -0.8319799908 -0.8113229425 0.02065704826 -0.8340430598 -0.1139546497 0.7200884102 12.89455717 0.013479183 0.7047083363 nan nan
49 222546 1310 1310 0 -0.8455908292 0.0466353262 -0.8685611245 -0.8077080165 0.06085310795 -1.019395578 -0.2538832025 0.7655123755 6.956919652 0.04329082226 0.596883258 nan nan

K=50, phase=forward, parameter=e [-]
cluster representative_source n_cluster n_valid n_missing median std p05 p95 width90 minimum maximum range skewness error95 error_max angle_origin_deg angle_resultant
0 155584 12184 12184 0 0.6781517216 0.06559649456 0.5720001117 0.7698004263 0.1978003146 0.4312426451 0.7877032675 0.3564606224 -0.5527190431 0.1216466838 0.2624041504 nan nan
1 24196 3715 3715 0 0.4823257614 0.04742232575 0.3846860201 0.5298630196 0.1451769995 0.3713704238 0.5347098093 0.1633393855 -0.5013731025 0.08693798748 0.1002535838 nan nan
2 23568 824 824 0 0.4042477322 0.04017874041 0.3634795243 0.4937546255 0.1302751012 0.3535949382 0.5792593629 0.2256644247 1.476556742 0.08406346681 0.1695682042 nan nan
3 171049 2417 2415 2 0.2515123968 0.08157249625 0.173909294 0.4448903427 0.2709810487 0.1710855758 0.5693291022 0.3982435264 1.075052376 0.1930204913 0.3174592508 nan nan
4 50148 5559 5559 0 0.6072272173 0.05917338866 0.5218304119 0.6927989127 0.1709685008 0.1919999945 0.7280740201 0.5360740256 -0.4769186908 0.09561909125 0.4221394842 nan nan
5 51611 1286 1280 6 0.2482463663 0.09534167236 0.1911831639 0.4893374914 0.2981543275 0.1700181651 0.7457509923 0.5757328272 1.784960995 0.2373992629 0.4938127638 nan nan
6 20504 378 376 2 0.233156751 0.07555800584 0.2224930871 0.358950749 0.1364576619 0.2012027718 0.8805307354 0.6793279636 3.856082488 0.1267027559 0.6482827423 nan nan
7 27924 1214 1214 0 0.410831939 0.0766479888 0.2773803633 0.5136439319 0.2362635686 0.1768984382 0.5727162374 0.3958177991 -0.373713159 0.1251527171 0.2142698026 nan nan
8 76903 285 285 0 0.5302447727 0.112060163 0.3772177508 0.7224051334 0.3451873826 0.2502763816 0.8772211912 0.6269448096 0.1587405788 0.2222324681 0.37679748 nan nan
9 78960 18817 18816 1 0.6157745541 0.08296665447 0.5199403288 0.7637552329 0.2438149041 0.1946760287 0.7816920234 0.5870159947 0.2607573163 0.1302015347 0.4551253755 nan nan
10 9905 4965 4965 0 0.4412733824 0.03976850148 0.3789310272 0.4949852917 0.1160542645 0.1835877395 0.5114374519 0.3278497124 -0.7352638161 0.0656881973 0.2461216424 nan nan
11 210447 3063 3058 5 0.2702403284 0.07838282655 0.2425304088 0.5047005688 0.2621701599 0.1700719612 0.5625278525 0.3924558913 1.872602234 0.231728907 0.2895561908 nan nan
12 22498 655 654 1 0.2319451619 0.05931820491 0.1878358161 0.3541100583 0.1662742422 0.1716030474 0.5650182522 0.3934152048 2.305637716 0.1300759785 0.3409841724 nan nan
13 152421 1773 1773 0 0.3927087334 0.04088932586 0.3556312449 0.4786479884 0.1230167435 0.3534727016 0.5440754703 0.1906027687 0.6373947477 0.07337582622 0.1388033081 nan nan
14 166474 8815 8814 1 0.3979082832 0.03964833492 0.3563894284 0.4562939642 0.09990453585 0.1786603785 0.5723949177 0.3937345392 -0.8559235407 0.08056442469 0.1999555595 nan nan
15 43359 2140 2140 0 0.3649512602 0.0425037311 0.3082776684 0.4495744829 0.1412968144 0.2239448188 0.5064513436 0.2825065248 0.5873141536 0.08296511316 0.1432670334 nan nan
16 41854 7409 7407 2 0.5603512188 0.0586801108 0.4814524075 0.6542942136 0.172841806 0.1988113311 0.7953491801 0.596537849 0.3923674756 0.1001425659 0.3556078478 nan nan
17 61863 433 433 0 0.4149047281 0.08508012928 0.1980522674 0.5095623506 0.3115100832 0.169493203 0.5721043294 0.4026111264 -0.8948043033 0.235029536 0.2635886004 nan nan
18 120454 12525 12524 1 0.4615347665 0.04116850693 0.3887300929 0.5014480415 0.1127179486 0.1724628902 0.5112590529 0.3387961627 -1.560764074 0.06001254912 0.2738538912 nan nan
19 30745 271 271 0 0.471556419 0.05684252349 0.3744999821 0.515698701 0.1411987189 0.1816681563 0.5168726041 0.3352044478 -1.856240675 0.08120682328 0.2740386491 nan nan
20 110203 1784 1784 0 0.4054910693 0.06651319702 0.3000619771 0.5096246399 0.2095626628 0.2092215476 0.518468962 0.3092474145 -0.0802354117 0.1189246038 0.2097650333 nan nan
21 78354 269 269 0 0.2445847659 0.07397456759 0.1970117946 0.4243127292 0.2273009346 0.1697258553 0.5711935452 0.4014676899 1.488832739 0.1926731941 0.3395540101 nan nan
22 65262 717 717 0 0.3777462464 0.04287818622 0.3616548835 0.4972529665 0.135598083 0.3590706997 0.5386737053 0.1796030056 1.341881194 0.1092679137 0.1506886525 nan nan
23 151422 3376 3371 5 0.5909985451 0.09110526827 0.496588483 0.7442052293 0.2476167463 0.3562089582 0.842575963 0.4863670048 0.02882950582 0.1321235904 0.2604572195 nan nan
24 69514 1548 1547 1 0.6553084575 0.06254743707 0.5474741777 0.7081946782 0.1607205005 0.1759040453 0.7240520803 0.548148035 -1.864412437 0.1142885908 0.4858587232 nan nan
25 168114 1774 1771 3 0.3671461848 0.09548298028 0.1776883507 0.4806497988 0.3029614481 0.1698141831 0.7270899802 0.5572757971 0.2237894989 0.1596652439 0.4061054253 nan nan
26 148588 6986 6983 3 0.5978534362 0.08965947586 0.4893971476 0.7330090098 0.2436118622 0.3567731364 0.8956399398 0.5388668034 0.152365027 0.1287090095 0.2892087487 nan nan
27 167957 1 1 0 0.5024789255 0 0.5024789255 0.5024789255 0 0.5024789255 0.5024789255 0 nan 0 0 nan nan
28 12828 588 582 6 0.2049506229 0.05149876212 0.1881029132 0.2889488182 0.100845905 0.1722257304 0.5082509295 0.336025199 3.87489333 0.08392615521 0.3032282665 nan nan
29 34556 417 417 0 0.3080842079 0.08452757743 0.1944882869 0.4904262106 0.2959379237 0.1698731259 0.5113890039 0.341515878 0.3336073971 0.2166792555 0.2376420488 nan nan
30 48939 6961 6961 0 0.4201120604 0.0255200129 0.3853723574 0.4673207989 0.0819484415 0.3532132518 0.5377153252 0.1845020733 0.2024954995 0.04847567752 0.1172111912 nan nan
31 88569 2769 2766 3 0.3267461293 0.04442944454 0.282767593 0.4188620432 0.1360944502 0.1885850058 0.4789896043 0.2904045985 0.631234942 0.09164127852 0.1468169064 nan nan
32 176015 15599 15597 2 0.3247884389 0.04238872209 0.2644420883 0.3988314515 0.1343893632 0.1700666531 0.5677142686 0.3976476155 0.6093607571 0.07530470663 0.2385671264 nan nan
33 116002 11190 11184 6 0.3354409941 0.05187891545 0.2666196629 0.4357365709 0.169116908 0.1707323136 0.5711940404 0.4004617267 0.3828460195 0.110687636 0.2427848196 nan nan
34 29608 442 442 0 0.5977675166 0.1170442198 0.474874336 0.8439734965 0.3690991605 0.258702033 0.8954250633 0.6367230303 0.4657011035 0.268045283 0.3193497306 nan nan
35 52314 3885 3885 0 0.4759264768 0.04824187048 0.3930860837 0.5230876778 0.1300015942 0.180601501 0.5278521997 0.3472506986 -1.280468112 0.07367909841 0.2861636811 nan nan
36 31348 165 164 1 0.2200524855 0.034432805 0.1881980158 0.2517779797 0.06357996391 0.1808318697 0.490918675 0.3100868053 4.639045759 0.05304041533 0.2921811106 nan nan
37 165589 9558 9558 0 0.4508977463 0.03180825384 0.4028438175 0.4816160333 0.07877221583 0.1800685981 0.5729557573 0.3928871592 -2.58831712 0.04571405366 0.2654178503 nan nan
38 35110 1164 1164 0 0.7821903571 0.1101739507 0.5922671527 0.890026434 0.2977592813 0.1705568463 0.893771873 0.7232150267 -1.349326375 0.2266748271 0.6483851334 nan nan
39 80416 7244 7243 1 0.468045024 0.02873019555 0.4292572112 0.5178009884 0.08854377714 0.3569379297 0.5681964972 0.2112585675 0.004348293221 0.05713884925 0.107172749 nan nan
40 37316 864 862 2 0.4259419195 0.09214095463 0.2254551134 0.5108989708 0.2854438574 0.1690549787 0.5724196201 0.4033646414 -0.7960014002 0.2151447864 0.2715449211 nan nan
41 8157 2550 2550 0 0.3480884237 0.02872498513 0.3148497679 0.3773310886 0.06248132073 0.3044766543 0.5185090086 0.2140323543 2.580614221 0.03596735135 0.1763814254 nan nan
42 35310 320 320 0 0.329478283 0.05074328048 0.2791079389 0.4450503241 0.1659423852 0.2132005794 0.4869251522 0.2737245728 0.6779828186 0.1133025374 0.152889502 nan nan
43 30636 801 800 1 0.3777741707 0.07928677946 0.1804381713 0.4823616509 0.3019234797 0.1685723685 0.5665258078 0.3979534394 -0.5962625767 0.214227839 0.2260936418 nan nan
44 83559 808 806 2 0.5715639683 0.1073486081 0.4736929104 0.8148156053 0.341122695 0.3622189952 0.8952125964 0.5329936012 0.8089902488 0.2548908848 0.3352878759 nan nan
45 23915 4561 4560 1 0.5334762233 0.014343357 0.5049500994 0.5517027582 0.0467526588 0.4976087052 0.5562090262 0.05860032094 -0.3747119764 0.04043536432 0.04777675853 nan nan
46 35907 884 883 1 0.57449606 0.1002222914 0.479846629 0.7242924462 0.2444458172 0.4175505415 0.8938855077 0.4763349662 0.7423340376 0.1500384217 0.3193894477 nan nan
47 170879 15630 15626 4 0.7881311284 0.07963610277 0.5781121535 0.8436983707 0.2655862172 0.2067652114 0.8887012719 0.6819360605 -1.690404932 0.2413098827 0.6126568248 nan nan
48 179044 1231 1228 3 0.2150200524 0.03995595796 0.1862744009 0.2452518463 0.05897744531 0.1792024833 0.7277029202 0.5485004369 9.498769279 0.036524575 0.5189756489 nan nan
49 222546 1310 1310 0 0.2781485442 0.05996236397 0.1733739337 0.3296203623 0.1562464286 0.1721673516 0.5709867871 0.3988194355 1.460671116 0.1166522464 0.2816754246 nan nan

K=50, phase=forward, parameter=w [deg]
cluster representative_source n_cluster n_valid n_missing median std p05 p95 width90 minimum maximum range skewness error95 error_max angle_origin_deg angle_resultant
0 155584 12184 12184 0 -4.874812212 16.65396765 -10.41220604 30.58807723 41.00028327 -178.2792812 179.1881588 357.46744 3.998718436 41.17257069 179.9346481 161.7353972 0.9661796759
1 24196 3715 3715 0 -3.16299686 12.35442367 -12.74893094 32.74630957 45.49524052 -13.75208882 48.22678764 61.97887646 1.720383785 37.50249809 52.98297615 303.5322321 0.9773245338
2 23568 824 824 0 -5.731503248 24.77369488 -25.72646202 46.70828202 72.43474404 -26.67217881 167.9038449 194.5760237 1.468640872 69.94166958 177.4142743 207.5867299 0.9154914895
3 171049 2417 2415 2 -2.279332547 33.24894442 -34.81629373 61.71957148 96.53586521 -177.9005038 168.5234957 346.4239995 0.8567003183 61.18959703 179.819708 65.56123463 0.8510629821
4 50148 5559 5559 0 -5.720824263 24.19563353 -18.42186829 41.10978989 59.53165818 -177.7090874 179.4233351 357.1324225 1.548011906 55.40129815 179.0386939 181.3194398 0.9286487377
5 51611 1286 1280 6 -6.069538446 35.01381908 -39.18750174 65.57454456 104.7620463 -170.7908398 157.1271123 327.9179521 0.505481439 57.9077496 177.7054385 104.7388847 0.8364153364
6 20504 378 376 2 1.157307129 21.30484534 -17.88911673 13.56445558 31.45357231 -146.8899311 112.0519067 258.9418377 -0.8833150115 26.72878296 154.8517771 151.6530127 0.9451796709
7 27924 1214 1214 0 -12.92233416 37.38097315 -30.00494044 74.12246136 104.1274018 -177.3244888 173.1948213 350.5193101 1.265734533 101.5620478 165.3050706 346.4424684 0.8197130902
8 76903 285 285 0 1.856921645 40.42832846 -65.7696515 55.95902827 121.7286798 -169.8663042 153.9137398 323.780044 0.4541632259 83.83435265 174.1441763 318.1050658 0.8030270791
9 78960 18817 18816 1 -2.374433329 21.35804431 -24.41692306 34.13480699 58.55173005 -170.045806 176.3171035 346.3629096 -0.5972270476 48.91810049 179.6476051 179.8688033 0.9395452321
10 9905 4965 4965 0 -1.201203295 11.51144108 -6.920374084 14.82238708 21.74276116 -127.8729069 150.070101 277.9430079 4.479982679 17.5822773 152.6974762 297.9294105 0.9850359796
11 210447 3063 3058 5 -8.272440351 34.03148691 -23.53842829 85.70116589 109.2395942 -97.87225999 131.5825491 229.4548091 1.679694782 103.4386636 149.3200468 61.47840873 0.8492551532
12 22498 655 654 1 -3.775061957 25.06928945 -22.20357697 58.16384795 80.36742491 -147.0883513 178.5018416 325.5901929 2.476059626 67.86663942 173.0278603 160.1740077 0.9234594105
13 152421 1773 1773 0 -5.520251298 38.03929913 -38.7545847 79.40684865 118.1614334 -44.47352717 157.5506137 202.0241409 1.423913733 106.4902717 178.6003677 245.4830776 0.8183819428
14 166474 8815 8814 1 -8.500531229 25.85784846 -18.0004111 40.82962386 58.83003496 -179.5087203 157.6545276 337.1632478 1.049928496 60.16174815 173.0316029 8.798624478 0.9131334344
15 43359 2140 2140 0 -4.421006426 12.74546644 -9.161843941 25.72760644 34.88945039 -133.3377683 59.41464782 192.7524161 -0.5296076 30.96039533 128.6707026 300.1631315 0.9771243597
16 41854 7409 7407 2 -11.6522143 30.84287646 -29.36894224 54.30502278 83.67396502 -178.5829785 176.2567008 354.8396794 0.7235696957 81.61141722 169.2652224 192.2229047 0.8675275195
17 61863 433 433 0 -0.4899640615 35.7161828 -65.09037704 37.61578481 102.7061618 -176.4038728 176.0318808 352.4357535 -0.3057965843 69.11874191 179.2366103 60.75372126 0.8670965276
18 120454 12525 12524 1 -3.082608263 20.99750283 -19.14184621 34.35160584 53.49345205 -174.6285029 176.3878768 351.0163797 1.951830915 46.82966966 178.2912669 11.74845964 0.9452471747
19 30745 271 271 0 -4.132910404 31.22190761 -24.78262482 92.29419408 117.0768189 -29.04836875 139.9546914 169.0030601 2.484202763 105.1093773 152.7698746 27.98667778 0.8834088688
20 110203 1784 1784 0 -1.669505574 21.40089291 -38.70013979 29.88140017 68.58153996 -177.8719922 178.0974814 355.9694736 0.310042401 38.49860383 179.3183755 334.403163 0.9425104734
21 78354 269 269 0 -4.295169892 26.63387444 -20.33907432 51.23514251 71.57421683 -56.42794744 143.7055577 200.1335051 2.221865513 62.83945037 155.3098655 154.8740715 0.910345679
22 65262 717 717 0 -2.483839719 19.63445372 -25.4540481 38.20788306 63.66193117 -29.23343412 96.79374441 126.0271785 0.9119707333 34.0517646 92.63762594 212.4199553 0.9435820292
23 151422 3376 3371 5 -4.525752334 50.38046729 -37.92646291 125.4741914 163.4006543 -179.9136774 178.5316843 358.4453617 0.9749104137 151.2819134 179.8629109 248.9733788 0.7387192654
24 69514 1548 1547 1 -4.30134125 22.07926225 -17.7902545 35.25222015 53.04247464 -171.6334475 171.1109197 342.7443671 0.170882751 48.3994593 178.9084473 200.2455396 0.9418353731
25 168114 1774 1771 3 -5.191133016 29.08529076 -37.16460066 52.34005027 89.50465093 -178.5379282 161.3384757 339.8764039 0.6380615509 68.19300111 174.4958812 133.3553994 0.8921099569
26 148588 6986 6983 3 -4.160067681 29.14640542 -25.73731461 46.67828327 72.41559788 -179.7312423 175.7813464 355.5125886 1.629406209 75.12105855 178.9921723 292.1385769 0.8978939675
27 167957 1 1 0 0 0 0 0 0 0 0 0 nan 0 0 100.6542635 1
28 12828 588 582 6 -4.185084888 19.14115594 -15.40481401 34.60156139 50.0063754 -46.27915535 114.6936505 160.9728058 2.340115803 45.47010292 125.562192 168.9001557 0.9495388114
29 34556 417 417 0 -5.705402223 43.621574 -40.8836361 89.14961671 130.0332528 -173.3878163 145.9762314 319.3640477 0.4346210887 128.484275 175.9743409 84.76992026 0.7692540994
30 48939 6961 6961 0 -2.62367307 20.87836709 -24.89548498 33.35918097 58.25466595 -178.6755324 176.8733848 355.5489172 0.8675411497 52.78876815 171.1463614 193.0003977 0.9401158789
31 88569 2769 2766 3 -2.703446184 16.66490153 -15.55619974 30.41252882 45.96872856 -150.3565753 66.45110298 216.8076783 -1.486257658 36.29359475 145.1683751 312.8959994 0.9633390664
32 176015 15599 15597 2 -2.08208515 18.87834451 -18.46465553 35.16196734 53.62662288 -173.2806898 176.7625198 350.0432096 2.013985124 52.48941407 179.5835932 15.29414867 0.9533957235
33 116002 11190 11184 6 -4.625396256 28.7287966 -23.56514486 37.03697895 60.60212381 -177.4632452 179.4117993 356.8750445 -1.957839662 61.27404224 176.3207774 16.35341551 0.9061238054
34 29608 442 442 0 -5.114409776 45.78368972 -30.96066549 131.8339776 162.7946431 -172.5602597 179.7461455 352.3064052 1.714239269 157.0207595 178.3088197 279.6521558 0.7821472111
35 52314 3885 3885 0 -0.9223620607 21.20231887 -19.35046808 21.90358523 41.25405331 -177.8372864 154.8133198 332.6506062 2.855727363 28.57461535 171.495504 314.7406888 0.9466880086
36 31348 165 164 1 -1.162464105 15.24607083 -11.95885602 22.81915369 34.77800971 -83.38842685 48.73880435 132.1272312 -1.567573318 27.49486326 84.57164519 347.7807949 0.9674972598
37 165589 9558 9558 0 -2.073165513 16.79664784 -17.18020404 21.99119161 39.17139565 -179.6936509 179.5481284 359.2417793 1.964723376 30.26678226 178.525479 8.627592208 0.9630583611
38 35110 1164 1164 0 -3.239309678 39.41067692 -25.70817875 68.37211449 94.08029323 -177.1440531 179.0094994 356.1535525 1.312257739 133.2113095 179.4162666 269.2756739 0.846201564
39 80416 7244 7243 1 -2.318284556 22.3860937 -28.61195703 37.82812047 66.44007751 -172.5474285 172.3039682 344.8513967 0.7861193737 42.66102389 176.6962054 194.2257869 0.9290354141
40 37316 864 862 2 -0.1128387929 41.01317661 -65.83493137 53.37138379 119.2063152 -176.2073373 161.771302 337.9786393 -0.6951667314 68.58485638 176.4049706 44.12353994 0.8069312364
41 8157 2550 2550 0 -1.709824098 7.713518809 -4.043500607 5.41744022 9.460940827 -4.172471586 70.48825157 74.66072315 6.057827418 8.669797596 73.74060894 293.5819637 0.991569613
42 35310 320 320 0 -4.123191184 22.12644664 -25.77618596 38.71871875 64.49490471 -30.39290827 161.0260443 191.4189526 1.746408053 50.3320651 172.6393906 15.56022812 0.9335850439
43 30636 801 800 1 -2.387355249 33.71333024 -42.74321663 30.80749851 73.55071514 -177.7843178 156.9412761 334.7255939 -2.108847376 68.07995273 172.3192809 42.17650258 0.8907672916
44 83559 808 806 2 -3.769526893 35.43568691 -26.1429625 59.89539929 86.03836179 -175.6390086 179.9403662 355.5793749 1.348452045 83.27119094 179.2785098 249.6382402 0.8738888675
45 23915 4561 4560 1 -0.4083011185 4.39799598 -6.383943696 8.139357852 14.52330155 -7.658997203 15.08200606 22.74100326 0.546725753 8.402183252 15.34483146 306.148734 0.9970582687
46 35907 884 883 1 -6.338550324 26.04746773 -19.67531213 46.63937305 66.31468518 -36.42157665 171.4550586 207.8766352 2.716118194 66.66383458 177.6124647 307.9334936 0.9172959166
47 170879 15630 15626 4 -2.99807345 27.78246103 -20.66851705 36.93653292 57.60504996 -171.3679327 178.3449782 349.7129109 -1.44449679 58.26171024 179.7502186 177.9647757 0.9156890144
48 179044 1231 1228 3 -3.262114907 13.37085477 -12.86162692 24.49101445 37.35264137 -130.0196286 91.59236984 221.6119985 0.09279192002 22.41353033 132.4503159 11.90182433 0.9745678333
49 222546 1310 1310 0 -1.77349487 39.23139 -16.94973736 23.7202118 40.66994916 -177.3141115 179.0436486 356.3577601 -0.2311853658 88.05187256 178.7550419 16.4682656 0.865685098
