K,cluster,representative_source,phase,parameter,unit,n_cluster,n_valid,n_missing,median,std,p05,p95,width90,minimum,maximum,range,skewness,error95,error_max,angle_origin_deg,angle_resultant
10,0,147032,backward,eps,km^2/s^2,56047,56047.0,0.0,-0.13032036729048202,0.04077437159953424,-0.19779696165997965,-0.07136204160938435,0.1264349200505953,-0.24710430454984245,-0.04380722131250103,0.2032970832373414,-0.13413811848502322,0.0759834506752527,0.12488985419634258,nan,nan
10,1,33467,backward,eps,km^2/s^2,11708,11708.0,0.0,-0.9796362633430562,0.03456434057033951,-1.0025972327616817,-0.9019120401220481,0.1006851926396336,-1.020754723273971,-0.8065371397178525,0.21421758355611864,2.029335733571084,0.08013174664571643,0.17550664704991203,nan,nan
10,2,52405,backward,eps,km^2/s^2,8936,8936.0,0.0,-0.8620953033756029,0.02547139000160824,-0.9000775871331902,-0.8131807054856971,0.0868968816474931,-0.9754363726151322,-0.8069849026698955,0.16845146994523663,0.1713746739220712,0.05897773334370021,0.10337857996430644,nan,nan
10,3,156649,backward,eps,km^2/s^2,34130,34130.0,0.0,-0.22405058057323912,0.029559738125833554,-0.2500913884229353,-0.1566768412013847,0.09341454722155063,-0.2595672674968075,-0.10550431107199165,0.15406295642481582,0.8694684061361695,0.06551552241097226,0.1166880525403653,nan,nan
10,4,40474,backward,eps,km^2/s^2,10599,10599.0,0.0,-0.8630115026636376,0.025065417826090678,-0.9038935307761046,-0.8280536200276318,0.07583991074847274,-0.9182613158571666,-0.8062327657692095,0.11202855008795709,-0.01848804847027012,0.05179663263428998,0.0736174868927123,nan,nan
10,5,138247,backward,eps,km^2/s^2,28418,28418.0,0.0,-0.1847596587427245,0.034289092699976605,-0.2271129774406003,-0.12678430280946434,0.10032867463113596,-0.24666042427620471,-0.043879077490019736,0.20278134678618498,0.3221808226517652,0.06145485345632556,0.14436007877577017,nan,nan
10,6,32694,backward,eps,km^2/s^2,5549,5549.0,0.0,-0.8737805917179264,0.04912541326425091,-0.9671668909730999,-0.8133124724352341,0.15385441853786586,-1.0207437552380227,-0.8063623697289342,0.21438138550908858,-0.3683451656325558,0.08193090046299764,0.12931089366630721,nan,nan
10,7,16324,backward,eps,km^2/s^2,15123,15123.0,0.0,-0.8976937316475642,0.03420399709677041,-0.963633478681537,-0.8554563467007645,0.1081771319807725,-0.9875089652965954,-0.806208472304013,0.18130049299258233,-0.3716399991309257,0.06004297716145718,0.09797543395614627,nan,nan
10,8,57507,backward,eps,km^2/s^2,14674,14674.0,0.0,-0.9378858612179548,0.019751012392194234,-0.9686344991841497,-0.9081805023740154,0.0604539968101343,-1.020836128343177,-0.8382630086029146,0.18257311974026247,0.24532718841545847,0.03428765367511232,0.096997534051815,nan,nan
10,9,221423,backward,eps,km^2/s^2,8940,8940.0,0.0,-0.20817151297205738,0.043869627026427924,-0.25646222621833914,-0.11646668547028301,0.13999554074805615,-0.2591430175985322,-0.04391779137377705,0.21522522622475515,0.8579370279592724,0.09865475555154139,0.17120364964804735,nan,nan
10,0,147032,backward,e,-,56047,56047.0,0.0,0.6882746471190202,0.09963689078959466,0.5210786247410627,0.8298944488285503,0.30881582408748764,0.38814933447671646,0.8956261106421681,0.5074767761654517,-0.17170774277560347,0.18694814261113185,0.3197992387406879,nan,nan
10,1,33467,backward,e,-,11708,11708.0,0.0,0.5149763009931242,0.05886816754655816,0.38924354901605546,0.547927418873473,0.1586838698574175,0.16931918759634287,0.5728758045889726,0.4035566169926297,-2.612129339648944,0.12911809868067592,0.34904246010038853,nan,nan
10,2,52405,backward,e,-,8936,8936.0,0.0,0.3131901768303684,0.056341722734248596,0.19089100791655933,0.38663709658116424,0.1957460886646049,0.17059170470547644,0.5088916188652927,0.3382999141598162,-0.5112076882486802,0.14316052374636803,0.1752006257870099,nan,nan
10,3,156649,backward,e,-,34130,34130.0,0.0,0.4524458706847708,0.07682690381732644,0.3803066332705825,0.623586765899373,0.2432801326287905,0.35264176551903914,0.7484095421825292,0.39576777666349006,0.7891475028195934,0.1667567991472094,0.2915795754303656,nan,nan
10,4,40474,backward,e,-,10599,10599.0,0.0,0.31507567369505923,0.053087864087862965,0.23420652851852192,0.39324241616157996,0.15903588764305804,0.168344493093901,0.4170856067459366,0.24874111365203558,-0.2112536834873481,0.11448862611919869,0.1803506615438196,nan,nan
10,5,138247,backward,e,-,28418,28418.0,0.0,0.5537955552083426,0.08613356108600086,0.4442333402823655,0.6966820972027252,0.25244875692035973,0.38958138560541716,0.8954556794646302,0.5058742938592131,0.2801375027806772,0.15172543945752712,0.3504697807398399,nan,nan
10,6,32694,backward,e,-,5549,5549.0,0.0,0.3369034383087707,0.09757308346200881,0.19153111388344587,0.49641589379506185,0.304884779911616,0.1685914010438332,0.5728380058839121,0.4042466048400789,0.10026939195663083,0.17901651174889996,0.20241397872000882,nan,nan
10,7,16324,backward,e,-,15123,15123.0,0.0,0.3815436335875631,0.06096849344365194,0.29814262945881403,0.49098365746990874,0.1928410280110947,0.16819393098549065,0.5264969803318068,0.3583030493463162,0.19833833996034259,0.10460737215551459,0.225033621859853,nan,nan
10,8,57507,backward,e,-,14674,14674.0,0.0,0.4508926895130776,0.03232880823911984,0.40100682370727586,0.49872946426781334,0.09772264056053748,0.26042650390703437,0.5729713754320799,0.3125448715250455,-0.5056561541974587,0.054468992250291316,0.186147740266925,nan,nan
10,9,221423,backward,e,-,8940,8940.0,0.0,0.4945398780592386,0.11235264802703404,0.3618036156695838,0.7216780093528442,0.3598743936832604,0.35377803044103806,0.8953605839444655,0.5415825535034274,0.7434248244173405,0.24470314655313422,0.4183857211447555,nan,nan
10,0,147032,backward,w,deg,56047,56047.0,0.0,-0.6626052228598667,5.081901109936601,-6.656138642158586,11.58824241706646,18.24438105922505,-10.786086327529375,15.565409696228784,26.35149602375816,1.0159922066203901,14.113933110772912,18.091100389935207,21.37375814138917,0.9960771402704782
10,1,33467,backward,w,deg,11708,11708.0,0.0,-1.458022470266215,8.969531725203788,-10.845222159315552,18.37747801398999,29.22270017330554,-16.03509858652822,27.76546306067428,43.8005616472025,0.8742970827349374,25.83504506035641,35.2230301070407,192.10907216390578,0.9878276705984107
10,2,52405,backward,w,deg,8936,8936.0,0.0,0.9790760770221709,8.04898443656916,-16.94853482323257,11.003781647764718,27.95231647099729,-35.24500028638249,13.456266588777453,48.701266875159945,-2.342764652988766,20.256847283756095,38.553312746906016,206.79080188148515,0.990298379527128
10,3,156649,backward,w,deg,34130,34130.0,0.0,1.5255731351492585,5.403286859611105,-9.856891037943154,7.200304138574465,17.057195176517617,-16.120686397311175,9.481846609760225,25.6025330070714,-0.5483269567062159,14.879152917488993,21.142948276857,27.575942784097407,0.9955606251701321
10,4,40474,backward,w,deg,10599,10599.0,0.0,-1.778569059467543,6.8194407238148,-7.865191659049546,11.455416704445293,19.320608363494838,-34.00868192846184,14.846398627093947,48.85508055555579,-0.4747092060068809,14.69418131954658,31.300012747712714,205.5082432934783,0.9929628464212801
10,5,138247,backward,w,deg,28418,28418.0,0.0,0.16715612938756408,2.6965731870060976,-3.9951798024952536,3.6099737629058786,7.605153565401132,-16.912478818514614,9.532541867861312,26.445020686375926,-1.057612562872863,6.051008141197831,18.856439527712354,27.52894934987279,0.9988941760398763
10,6,32694,backward,w,deg,5549,5549.0,0.0,-2.928603560984982,9.671995678885297,-11.144551458750517,16.47360070423586,27.618152162986377,-31.129784027794187,17.646428656831063,48.77621268462525,0.039787367522688556,22.211604142294817,25.72267724320878,202.58218967979312,0.9858465650105357
10,7,16324,backward,w,deg,15123,15123.0,0.0,-0.6379608013660061,4.831227874970477,-6.15101983216312,6.952043774392797,13.103063606555917,-18.399931963171326,29.580049451433382,47.97998141460471,1.5673019346859116,8.540028495486512,31.142486891991126,189.89668001023983,0.9964623945541304
10,8,57507,backward,w,deg,14674,14674.0,0.0,-0.23089830949697898,5.267022521058448,-7.470168367023132,8.795434872303236,16.265603239326367,-27.905963943123993,18.367993984658057,46.27395792778205,0.11596251745412436,11.054214296493475,25.821164975095883,200.9797065752926,0.9957868963371879
10,9,221423,backward,w,deg,8940,8940.0,0.0,0.5218774266806321,7.135939651165134,-11.367458036163452,11.918123674848628,23.285581711012078,-13.046624972005503,13.401404296228037,26.44802926823354,0.031922741071973355,18.171524246062006,19.65480486744144,23.661731673312335,0.9922654670728162
10,0,147032,forward,eps,km^2/s^2,56047,56027.0,20.0,-0.135748111407634,0.09261707924246275,-0.21156021828147245,-0.07395650109322151,0.13760371718825093,-0.958884068777272,-0.04380055913553149,0.9150835096417405,-5.621537874922354,0.10202841817059682,0.8493522686663963,nan,nan
10,1,33467,forward,eps,km^2/s^2,11708,11705.0,3.0,-0.8950919905493135,0.07144091196913456,-0.9816120861256409,-0.852199294650575,0.1294127914750659,-1.0201739466041788,-0.11499580378777352,0.9051781428164053,6.791071563070591,0.09369232723090443,0.7736517739356641,nan,nan
10,2,52405,forward,eps,km^2/s^2,8936,8934.0,2.0,-0.2367190684391366,0.07565886459740971,-0.25524857519057415,-0.21795086624093118,0.03729770894964296,-0.9811627074953309,-0.17500889418263887,0.806153813312692,-7.35447772204496,0.02507231299403834,0.7402401207126427,nan,nan
10,3,156649,forward,eps,km^2/s^2,34130,34123.0,7.0,-0.8704404617823711,0.13291118187915935,-0.9262553810155596,-0.8119530322094406,0.114302348806119,-1.0207028886856082,-0.10542712702726975,0.9152757616583385,4.614884491915254,0.06853901932949132,0.7668646087354443,nan,nan
10,4,40474,forward,eps,km^2/s^2,10599,10587.0,12.0,-0.1757928457346687,0.09390226384581572,-0.21511599168548587,-0.0749134154145945,0.1402025762708914,-0.9752300854924874,-0.04389160369217371,0.9313384818003136,-5.469707088523235,0.11399746974306618,0.8012257996273775,nan,nan
10,5,138247,forward,eps,km^2/s^2,28418,28416.0,2.0,-0.9338082279484594,0.05298389730475877,-0.9674127551626835,-0.8753988500593106,0.09201390510337293,-1.020820045950525,-0.11420703314564817,0.9066130128048768,10.049737301184479,0.05533606264681218,0.812413430843482,nan,nan
10,6,32694,forward,eps,km^2/s^2,5549,5546.0,3.0,-0.8832487057618748,0.05199076009135616,-0.9742275696477406,-0.8147464550174849,0.15948111463025572,-1.0206562915180895,-0.20960742047084435,0.8110488710472451,0.18310385878332372,0.13001050234554792,0.7351495368921884,nan,nan
10,7,16324,forward,eps,km^2/s^2,15123,15122.0,1.0,-0.9579643899363486,0.03889221923961976,-1.0011579170697567,-0.8869587838352551,0.11419913323450159,-1.0194952570673936,-0.8073260955590305,0.21216916150836318,0.5673198719134815,0.06279520947555187,0.14240968069684024,nan,nan
10,8,57507,forward,eps,km^2/s^2,14674,14671.0,3.0,-0.198322149576467,0.06749643375879295,-0.2301197539473931,-0.12810666974337398,0.10201308420401911,-0.9732429375063548,-0.051543237175719625,0.9216997003306352,-6.836873086668068,0.06709510719650863,0.7793342289563888,nan,nan
10,9,221423,forward,eps,km^2/s^2,8940,8927.0,13.0,-0.83705349038629,0.309647887369861,-0.9603818934151578,-0.11647930759470676,0.843902585820451,-1.0181865681958364,-0.0492313316940125,0.9689552365018239,1.1098123651444676,0.7209020460959191,0.7881500219966134,nan,nan
10,0,147032,forward,e,-,56047,56027.0,20.0,0.6751042342336842,0.11873476838171972,0.48556281127243006,0.8237100478663223,0.33814723659389223,0.17527359651091184,0.8956399397956282,0.7203663432847163,-0.7753592376245219,0.25294841390807443,0.5632376286695928,nan,nan
10,1,33467,forward,e,-,11708,11705.0,3.0,0.37853490792211403,0.0760376255750643,0.2928099989603015,0.5189731226736718,0.22616312371337027,0.16949320295763892,0.7251866044830467,0.5556934015254078,0.41477423525807905,0.15463890467163804,0.36024020018064906,nan,nan
10,2,52405,forward,e,-,8936,8934.0,2.0,0.41818885488656166,0.04100081776212514,0.3656285277954367,0.4690709843676785,0.10344245657224183,0.17222573043226008,0.5792593628985503,0.4070336324662902,-2.029096062884811,0.06792642656621573,0.23453483740503228,nan,nan
10,3,156649,forward,e,-,34130,34123.0,7.0,0.3357442734416287,0.07312482019558741,0.2540842915918228,0.45214404382733864,0.19805975223551586,0.17006665311222163,0.7482513906873838,0.5781847375751621,1.4251218734451614,0.1496776467621455,0.4142947661841383,nan,nan
10,4,40474,forward,e,-,10599,10587.0,12.0,0.5762866351233726,0.1074316265534603,0.4757273045254442,0.8215187896786391,0.3457914851531949,0.16987312589813894,0.8954250633070769,0.725551937408938,0.4150411438960308,0.2749823936709605,0.41079021570242913,nan,nan
10,5,138247,forward,e,-,28418,28416.0,2.0,0.4445923416516687,0.05544250895654778,0.35547822549495406,0.49746501882174204,0.14198679332678799,0.1698141830836259,0.7270899802107073,0.5572757971270814,-1.5612119308872805,0.09757810073855358,0.29474110398540465,nan,nan
10,6,32694,forward,e,-,5549,5546.0,3.0,0.3550990973996242,0.09988457353292342,0.19617741982633174,0.5070559182039802,0.31087849837764847,0.16857236846964585,0.572716237374,0.40414386890435416,-0.04684264429856768,0.26546525106301905,0.29307030241970494,nan,nan
10,7,16324,forward,e,-,15123,15122.0,1.0,0.4822266356148706,0.06396021511923881,0.3613889848495127,0.5459013943588114,0.18451240950929865,0.17160304738794754,0.5711935451900068,0.39959049780205924,-0.8334855477301514,0.10789774140324404,0.2976836788648093,nan,nan
10,8,57507,forward,e,-,14674,14671.0,3.0,0.519573566670889,0.09040144081281916,0.43616329436765056,0.6934886613914452,0.2573253670237946,0.16921864629264677,0.8772211912241045,0.7080025449314578,0.07319027992828701,0.16650717831771605,0.3613974733578899,nan,nan
10,9,221423,forward,e,-,8940,8927.0,13.0,0.30486812580646105,0.16784570877126584,0.18526242933449133,0.7216151586709572,0.5363527293364658,0.17007196115669213,0.882724553596542,0.7126525924398499,0.7730652299564427,0.4641704907005449,0.6252798856261297,nan,nan
10,0,147032,forward,w,deg,56047,56027.0,20.0,-7.337761744469049,45.11485493884792,-30.573818126112904,103.08951104904824,133.66332917516115,-179.9139919608388,179.89480771589217,359.808799676731,0.8477200536662935,132.6644355100061,179.99397314345993,182.47154265221744,0.7676409024825397
10,1,33467,forward,w,deg,11708,11705.0,3.0,-3.9704958520291598,28.731731062094788,-21.495453096039,43.01227111441703,64.50772421045603,-178.98427775706514,179.96342083091656,358.9476985879817,0.8785915837816067,66.21600686378125,179.9322514483921,311.78626418758193,0.9066259779646586
10,2,52405,forward,w,deg,8936,8934.0,2.0,-2.892110371606279,23.506373815650218,-27.100016945547353,40.289138432161764,67.38915537770912,-179.898113901909,179.07184685731988,358.9699607592289,1.1477822559074708,42.31570024453145,179.52140786105485,196.41872790039983,0.9261962511513675
10,3,156649,forward,w,deg,34130,34123.0,7.0,-2.205788591111485,31.533518099411015,-21.67806866546498,37.113927042744436,58.79199570820941,-179.95472080135545,178.62375280190827,358.5784736032637,-1.4215432693084624,83.05985219659698,179.91136592181783,13.432915680811114,0.886824102851734
10,4,40474,forward,w,deg,10599,10587.0,12.0,-9.942679539289998,50.759276066560986,-46.34201151855703,91.98138699681813,138.32339851537517,-179.71882025390553,179.00898289437316,358.72780314827867,0.3062673800863773,134.18921396305788,179.8996141318787,209.1368460062835,0.6835377046659009
10,5,138247,forward,w,deg,28418,28416.0,2.0,-4.447700763467267,33.02380237279274,-20.678503499554324,61.19691829559826,81.87542179515259,-179.97037580529366,179.87785297710684,359.8482287824005,1.7134316419941746,95.07628322960612,179.8635108872253,11.896025022376099,0.882408032933678
10,6,32694,forward,w,deg,5549,5546.0,3.0,-0.7863069415082293,75.0181808347117,-85.13404928221848,121.09621360342624,206.23026288564472,-179.62478501814655,179.59517670544284,359.2199617235894,0.19397714907630637,123.8889808366888,179.69685301926177,44.797008090085065,0.3545789777409964
10,7,16324,forward,w,deg,15123,15122.0,1.0,-2.1904414248913326,24.684863017327515,-12.475698491255946,17.201937909738525,29.677636400994473,-179.28011839118756,179.71855319296168,358.99867158414924,2.596663825946547,39.63116210261716,178.24692391648398,303.2775440708622,0.9360989163379324
10,8,57507,forward,w,deg,14674,14671.0,3.0,-4.510164822596948,35.73910190691628,-28.55740443106673,63.706111607806434,92.26351603887316,-179.61965141133047,178.99484690344843,358.61449831477887,1.503269484483902,95.788958178124,179.73315641951854,192.36161233693406,0.8567271109688034
10,9,221423,forward,w,deg,8940,8927.0,13.0,-3.3238101645283677,71.35790513157322,-133.78202309926746,96.99940744624566,230.7814305455131,-179.4036086363485,178.25052108707098,357.6541297234195,-0.3332380404637243,129.43794050834282,179.82356148478823,52.505642290290446,0.4442210928628446
14,0,128398,backward,eps,km^2/s^2,31854,31854.0,0.0,-0.10414555237804302,0.02725523959818286,-0.15385626975447037,-0.06646155513368117,0.0873947146207892,-0.20078984199425498,-0.04380722131250103,0.15698262068175395,-0.4721419826107932,0.05921260498596441,0.10614617722574904,nan,nan
14,1,39208,backward,eps,km^2/s^2,8671,8671.0,0.0,-0.9852620499833663,0.020020237946628622,-1.0037535844808212,-0.9659760052937169,0.03777757918710434,-1.020754723273971,-0.8066104959393747,0.21414422733459637,5.694068798753992,0.02198775654712032,0.18127793006086224,nan,nan
14,2,49624,backward,eps,km^2/s^2,8687,8687.0,0.0,-0.8698062190801115,0.021073069282649202,-0.9040535168436389,-0.8377596541864105,0.06629386265722836,-0.9754363726151322,-0.8178989602266247,0.1575374123885075,-0.16859442166038072,0.04229023494419295,0.09564886793544614,nan,nan
14,3,171855,backward,eps,km^2/s^2,22666,22666.0,0.0,-0.23051547187241678,0.013793387028364822,-0.24697079494074065,-0.20296341198541998,0.04400738295532067,-0.2595672674968075,-0.1882043666753258,0.07136290082148167,0.41834639352739333,0.028947822563862885,0.043706867873957056,nan,nan
14,4,40478,backward,eps,km^2/s^2,9300,9300.0,0.0,-0.864683686968345,0.024371859345440252,-0.9059465179701522,-0.8319169304691933,0.0740295875009589,-0.9182613158571666,-0.8096339904777683,0.10862732537939834,-0.16605564711045379,0.050640258436469944,0.07292319842789496,nan,nan
14,5,140920,backward,eps,km^2/s^2,27743,27743.0,0.0,-0.18779078121531034,0.03332618442575389,-0.22686592943906203,-0.12814912995901448,0.09871679948004755,-0.23969727608708147,-0.04394829849427828,0.19574897759280319,0.35698936173067786,0.06280957954039981,0.147010411005136,nan,nan
14,6,28932,backward,eps,km^2/s^2,2844,2844.0,0.0,-0.8174700142164486,0.014116616081215332,-0.8564514207488102,-0.8074342623894454,0.04901715835936482,-0.8706160659309,-0.806208472304013,0.06440759362688697,-1.445359126909962,0.03744605480198962,0.05161069998407941,nan,nan
14,7,5959,backward,eps,km^2/s^2,5526,5526.0,0.0,-0.9168305633736619,0.03475478731246655,-0.9583924928389131,-0.8455227719643377,0.11286972087457547,-0.9678043714759038,-0.8170591536948899,0.1507452177810139,0.5911451120621427,0.07760475130652802,0.10606836957597576,nan,nan
14,8,57825,backward,eps,km^2/s^2,14071,14071.0,0.0,-0.9388067095145617,0.019104260618571865,-0.9688332824001652,-0.9104257084657734,0.05840757393439178,-1.020836128343177,-0.8382630086029146,0.18257311974026247,0.22634887982753396,0.03285218734405193,0.09904726392082197,nan,nan
14,9,221020,backward,eps,km^2/s^2,5971,5971.0,0.0,-0.24969983094113946,0.010973797353433862,-0.2579336890206859,-0.2269776686364532,0.03095602038423273,-0.259539648287166,-0.16853554582094188,0.09100410246622415,1.8167714642236747,0.017611169770214485,0.0760532925857258,nan,nan
14,10,16751,backward,eps,km^2/s^2,14024,14024.0,0.0,-0.8967168114919863,0.03403968574425646,-0.9625804348710671,-0.855345553967764,0.10723488090330313,-0.9873660162337607,-0.8188357319271802,0.16853028430658057,-0.3918167338754041,0.05902931174977623,0.08492991858266641,nan,nan
14,11,101915,backward,eps,km^2/s^2,13142,13142.0,0.0,-0.16873773069635334,0.027141120737371953,-0.20274001982684514,-0.11770889927679665,0.0850311205500485,-0.2203051251977608,-0.043879077490019736,0.17642604770774106,0.9996898976170835,0.05286678788290486,0.12669660966968177,nan,nan
14,12,34081,backward,eps,km^2/s^2,3466,3466.0,0.0,-0.8907113870373596,0.051409422943551976,-0.9755410853916029,-0.8254802103610774,0.15006087503052545,-1.0207437552380227,-0.8078433335590846,0.2129004216789382,-0.14762339047474388,0.0834346778130067,0.11192824902432386,nan,nan
14,13,161766,backward,eps,km^2/s^2,26159,26159.0,0.0,-0.17359388008296084,0.027139492175405722,-0.2108409904874141,-0.12282920769081727,0.08801178279659681,-0.24980866179344796,-0.10707468529620823,0.14273397649723973,0.17352989230287713,0.054886365687091994,0.07514321311208172,nan,nan
14,0,128398,backward,e,-,31854,31854.0,0.0,0.7513721446382156,0.0658626252549433,0.6308430201330915,0.8416156673555877,0.21077264722249622,0.5125146788550233,0.8956261106421681,0.3831114317871448,-0.5041967452017244,0.14339460624701628,0.2617229475250844,nan,nan
14,1,39208,backward,e,-,8671,8671.0,0.0,0.5232026091183415,0.03578607081430494,0.4946001629671807,0.5495023455623462,0.05490218259516555,0.16943473771526985,0.5728758045889726,0.40344106687370274,-7.134124740179496,0.03242219382881245,0.35745916063238825,nan,nan
14,2,49624,backward,e,-,8687,8687.0,0.0,0.3291310550400552,0.042747222027765625,0.25829299560979896,0.3937050714861804,0.13541207587638143,0.20333873330774258,0.5088916188652927,0.3055528855575501,-0.015763978427762736,0.09083538916990593,0.16012235393646496,nan,nan
14,3,171855,backward,e,-,22666,22666.0,0.0,0.4350212606959498,0.03719466991576279,0.38937077432502476,0.5081639790275927,0.11879320470256793,0.35264176551903914,0.5462144328054643,0.1935726672864252,0.37380170328973183,0.07742805972294123,0.1154590902109876,nan,nan
14,4,40478,backward,e,-,9300,9300.0,0.0,0.3185412466481986,0.050264386967517005,0.2440550224485452,0.39685190353820704,0.15279688108966183,0.180593582616516,0.4170346165478668,0.23644103393135077,0.027659701543246328,0.10983834383153751,0.17329978366356671,nan,nan
14,5,140920,backward,e,-,27743,27743.0,0.0,0.5461886330356563,0.08377726516173227,0.4448990507590375,0.6933730537020703,0.24847400294303273,0.4088853037702387,0.8952915352991448,0.48640623152890616,0.3187089484285166,0.1552768174882594,0.357195299085334,nan,nan
14,6,28932,backward,e,-,2844,2844.0,0.0,0.2044364753815705,0.037224052573835424,0.17226230728124822,0.3014217838802118,0.12915947659896357,0.16819393098549065,0.3311178944539688,0.16292396346847812,1.156405835727195,0.09179179044879282,0.1214879010225498,nan,nan
14,7,5959,backward,e,-,5526,5526.0,0.0,0.41556045349005577,0.0636637238729058,0.27645350434685567,0.4829657797153651,0.2065122753685094,0.20408277895257998,0.49735100309882785,0.29326822414624787,-0.8345057817186227,0.14926464326872813,0.22163536866300382,nan,nan
14,8,57825,backward,e,-,14071,14071.0,0.0,0.4523938271729016,0.031150266617238295,0.40489107634368304,0.4990466619666326,0.09415558562294957,0.26042650390703437,0.5729713754320799,0.3125448715250455,-0.48629312126000834,0.0522207976822307,0.18947066610855096,nan,nan
14,9,221020,backward,e,-,5971,5971.0,0.0,0.38139022971156483,0.030489175875304454,0.357524416393588,0.4442655567356406,0.0867411403420526,0.3526634877925289,0.5953270063658862,0.24266351857335733,1.6878976948344195,0.047442195745658194,0.19850364537590381,nan,nan
14,10,16751,backward,e,-,14024,14024.0,0.0,0.3797677511270944,0.06068651797554656,0.2978296718238406,0.48929713627161153,0.1914674644477709,0.2093090934602574,0.5262844357346602,0.3169753422744028,0.23858503239574272,0.10353510505296594,0.18318283410549902,nan,nan
14,11,101915,backward,e,-,13142,13142.0,0.0,0.5939039564966748,0.06700711769349901,0.5079283398731899,0.7186856057491863,0.2107572658759964,0.461524352095437,0.8954556794646302,0.4339313273691932,0.9365727731999876,0.12954870564400953,0.3063187793594535,nan,nan
14,12,34081,backward,e,-,3466,3466.0,0.0,0.36913756890972366,0.09724458668655046,0.22698714849843105,0.5089869891236835,0.2819998406252524,0.1743351205822614,0.5728380058839121,0.3985028853016507,-0.04616792642826167,0.17473572083107664,0.2273877487472463,nan,nan
14,13,161766,backward,e,-,26159,26159.0,0.0,0.5822128266977777,0.06776225526477725,0.4873232204569892,0.7063209227079629,0.21899770225097365,0.38049793139763216,0.7442977461210382,0.363799814723406,0.10710273605742134,0.13632306916647804,0.19891564686792923,nan,nan
14,0,128398,backward,w,deg,31854,31854.0,0.0,-1.2283453993750726,5.020341284494261,-5.912516312790278,10.955417012884471,16.86793332567475,-9.50492180987871,15.838448418229461,25.34337022810817,1.0351594748004995,13.703139022689857,18.586170428034848,20.09259362373851,0.9961700473003312
14,1,39208,backward,w,deg,8671,8671.0,0.0,-0.7218091625609304,6.28617906056005,-8.975871429167526,11.058405060565647,20.034276489733173,-15.838468079297513,27.782511824679716,43.62097990397723,0.5439354526388509,17.34476954983488,34.06887631394895,191.91244165667507,0.9940002699580784
14,2,49624,backward,w,deg,8687,8687.0,0.0,0.2884153015930053,5.048427888070194,-6.305986333706948,5.13812738528385,11.444113718990799,-35.63360520311329,13.067661672046654,48.701266875159945,-3.5581075978717176,7.839094042193314,35.399017382909136,207.17940679821595,0.9961833994595756
14,3,171855,backward,w,deg,22666,22666.0,0.0,0.2326364563194261,5.392414682783937,-8.523453743415516,7.276164939848499,15.799618683264015,-11.627834030493261,10.718662973539978,22.34649700403324,-0.10724378147775457,13.977179042460747,17.081559329538464,26.339126420317648,0.9955770370472957
14,4,40478,backward,w,deg,9300,9300.0,0.0,-2.050527342165722,6.667554470138711,-7.5065385912280105,11.415592625796995,18.922131217025004,-33.68280248321028,15.172278072345506,48.85508055555579,-0.33120554680745545,14.809489285613594,30.733158441032373,205.18236384822674,0.9932716413409708
14,5,140920,backward,w,deg,27743,27743.0,0.0,0.08951272924690556,2.6007388436160346,-3.8985599274058016,3.608946249912657,7.507506177318458,-16.970095109396425,9.47481691802966,26.444912027426085,-0.7650387609302238,5.962820151906143,18.916869087761512,27.58831905151071,0.9989710779271995
14,6,28932,backward,w,deg,2844,2844.0,0.0,2.4252083063361596,13.22182279066578,-27.631421103443714,14.252283926744992,41.88370503018871,-32.52759712137171,15.796965476447326,48.32456259781904,-0.8177875883594349,37.045667775013285,41.941843792941285,204.1426672205303,0.9736855351176071
14,7,5959,backward,w,deg,5526,5526.0,0.0,-3.8126247034887513,14.107624215262733,-14.67082137299576,23.233090799072727,37.90391217206849,-23.96420952718799,24.583394691312606,48.547604218500595,0.42029186944525365,38.50978327142724,39.86008716366712,195.46789914455735,0.9699264656978447
14,8,57825,backward,w,deg,14071,14071.0,0.0,-0.2626106533035397,5.184089303150067,-7.330769439271563,8.810990653333135,16.1417600926047,-27.654269918292613,18.435204572035786,46.0894744903284,0.16488385313211998,11.27338612830107,25.369800179994996,200.91249598791487,0.9959180686910885
14,9,221020,backward,w,deg,5971,5971.0,0.0,1.3553579675738376,5.638021433761457,-10.510465358572546,6.352661535707512,16.863126894280057,-15.743489646257046,7.326023676567843,23.06951332282489,-0.6259736778190889,13.962978349514046,14.936340490374391,29.39294153825503,0.9951673113024265
14,10,16751,backward,w,deg,14024,14024.0,0.0,-0.6424882797135325,4.4212987787263085,-5.6028717421581336,6.61077888592051,12.213650628078643,-18.521395352372082,29.458586062232627,47.97998141460471,1.5225990304056483,8.071711203795854,30.906509181029747,190.0181433994406,0.9970349394695407
14,11,101915,backward,w,deg,13142,13142.0,0.0,2.8958231648887676,7.000867641763878,-13.945999189426216,7.185715006120355,21.13171419554657,-15.907876823390524,9.601739368834188,25.509616192224712,-0.9898724598346353,18.72443123457695,20.68630886854129,26.522983524697356,0.9925589976678892
14,12,34081,backward,w,deg,3466,3466.0,0.0,-2.0261990144252735,8.993617268087947,-9.304645845432987,17.700539438873378,27.005185284306364,-29.253685400788754,19.522527283836496,48.77621268462525,0.25082829113011956,23.622470182884157,25.444458027847276,200.70609105278768,0.9877659296428593
14,13,161766,backward,w,deg,26159,26159.0,0.0,-0.8267646762259062,4.62055833916621,-5.586227175138853,12.665200638547049,18.2514278136859,-11.2690807733496,13.768662948185465,25.037743721535065,1.5337872773194343,11.851816285671315,12.952429444028468,23.187509664766324,0.9967576576880961
14,0,128398,forward,eps,km^2/s^2,31854,31848.0,6.0,-0.15139988389748926,0.10706330790131964,-0.211378968889374,-0.09764786252910641,0.11373110636026758,-0.958884068777272,-0.07470591120036008,0.8841781575769119,-5.386437438135613,0.07506346507858459,0.8225685649664826,nan,nan
14,1,39208,forward,eps,km^2/s^2,8671,8668.0,3.0,-0.9023801428965241,0.07946814472802662,-0.9831017253407123,-0.8504808353864943,0.13262088995421795,-1.0201739466041788,-0.11499580378777352,0.9051781428164053,6.587642387132721,0.09043894096281681,0.7781834496456738,nan,nan
14,2,49624,forward,eps,km^2/s^2,8687,8686.0,1.0,-0.23381807371616403,0.02431632981317429,-0.2485400249890215,-0.21219256406419038,0.036347460924831126,-0.9510333918801304,-0.17105030458536186,0.7799830872947685,-19.356596787204616,0.022367669762437342,0.7172672841755466,nan,nan
14,3,171855,forward,eps,km^2/s^2,22666,22662.0,4.0,-0.8758380959119193,0.032809252427337426,-0.9323232739382933,-0.839310885979874,0.09301238795841926,-1.0195542132081998,-0.13207863108977524,0.8874755821184246,4.295475524505993,0.05729123715174454,0.7438719945005926,nan,nan
14,4,40478,forward,eps,km^2/s^2,9300,9290.0,10.0,-0.17097398400963948,0.08099130749742654,-0.20854807578707613,-0.07133006861695049,0.13721800717012564,-0.9780247679213742,-0.043981079635574294,0.9340436882857999,-6.178383098270494,0.10526074278047842,0.811104074972712,nan,nan
14,5,140920,forward,eps,km^2/s^2,27743,27741.0,2.0,-0.9345673304553368,0.029131768858310023,-0.9675536850063281,-0.8878696712387345,0.0796840137675936,-1.020820045950525,-0.25796616825056096,0.762853877699964,2.025500256724909,0.04530832233284221,0.6704987862719524,nan,nan
14,6,28932,forward,eps,km^2/s^2,2844,2839.0,5.0,-0.2518370086510122,0.2995790960273049,-0.8918111016384349,-0.14371278490817677,0.7480983167302582,-0.9840399596112792,-0.04389160369217371,0.9401483559191055,-0.6105983860043814,0.679118745040991,0.7713476030138353,nan,nan
14,7,5959,forward,eps,km^2/s^2,5526,5526.0,0.0,-0.8848020869547094,0.035508170051986684,-0.9685667056161539,-0.8478187087285914,0.12074799688756244,-1.0194952570673936,-0.8106322875081445,0.2088629695592491,-0.7011975132811048,0.10591912166801634,0.15684767311925607,nan,nan
14,8,57825,forward,eps,km^2/s^2,14071,14069.0,2.0,-0.1971136131432003,0.04580821384888778,-0.22878752981378186,-0.1278406759667736,0.10094685384700827,-0.8827561980116676,-0.051543237175719625,0.831212960835948,-6.061354223553249,0.06531164965727607,0.6900246866426908,nan,nan
14,9,221020,forward,eps,km^2/s^2,5971,5964.0,7.0,-0.8201229690983619,0.29535611245961296,-0.8843369340660272,-0.12089323579288222,0.763443698273145,-1.0207028886856082,-0.06609019004209948,0.9546126986435087,1.10924884638874,0.6877279669232962,0.742531012674079,nan,nan
14,10,16751,forward,eps,km^2/s^2,14024,14023.0,1.0,-0.9623018995478358,0.03543072059247099,-1.001504485365595,-0.8972277330102476,0.10427675235534739,-1.0085644016778017,-0.8083122659415304,0.20025213573627132,0.594507994347604,0.055823254027307076,0.14473872109602426,nan,nan
14,11,101915,forward,eps,km^2/s^2,13142,13131.0,11.0,-0.8665101168306353,0.04336570439408282,-0.9416539467572037,-0.8347353840066662,0.10691856275053746,-1.0205829238249695,-0.21037132486747934,0.8102115989574902,5.362876551083324,0.10286834952014845,0.6298286754898889,nan,nan
14,12,34081,forward,eps,km^2/s^2,3466,3464.0,2.0,-0.883530464290343,0.05672020226582884,-0.9757321399553252,-0.8132763345842304,0.16245580537109472,-1.0206562915180895,-0.20902786019331088,0.8116284313247786,0.8061823305705529,0.10680698365791302,0.7110554580488326,nan,nan
14,13,161766,forward,eps,km^2/s^2,26159,26147.0,12.0,-0.11168482500053778,0.056226933654631474,-0.21176055372671532,-0.06801810546016468,0.14374244826655064,-0.9528603308340776,-0.04380055913553149,0.9090597716985461,-3.3719038845102216,0.0779174532985877,0.8134412932011592,nan,nan
14,0,128398,forward,e,-,31854,31848.0,6.0,0.6370320945970773,0.10497103512990953,0.48599633567632905,0.7669754544536305,0.2809791187773014,0.17527359651091184,0.8220376829880282,0.6467640864771163,-1.1807335628977207,0.18778947832222798,0.49851221748764524,nan,nan
14,1,39208,forward,e,-,8671,8668.0,3.0,0.39208721474212876,0.07917244610549455,0.28962324642238996,0.5208837116371113,0.23126046521472138,0.16949320295763892,0.7251866044830467,0.5556934015254078,0.26185610853635954,0.14822201548229494,0.35178522752407987,nan,nan
14,2,49624,forward,e,-,8687,8686.0,1.0,0.42615734187702436,0.03192887081900588,0.3849618982288019,0.4837411730005401,0.0987792747717382,0.19577492245078365,0.5890949098633753,0.39331998741259167,-0.017253385206124645,0.06065453246744512,0.22997752726294496,nan,nan
14,3,171855,forward,e,-,22666,22662.0,4.0,0.341166984251724,0.054790277811102225,0.26223527508500444,0.441969589453036,0.17973431436803156,0.17006665311222163,0.6839207812347965,0.5138541281225748,0.3542407355928151,0.10394664697506453,0.34265917719609895,nan,nan
14,4,40478,forward,e,-,9300,9290.0,10.0,0.5882667129844515,0.10109971219490602,0.49310248900185855,0.8300778430246002,0.33697535402274165,0.16987312589813894,0.8952125964134294,0.7253394705152905,0.5801204411420513,0.25256560562715713,0.4284334370834456,nan,nan
14,5,140920,forward,e,-,27743,27741.0,2.0,0.44548215386323586,0.05113653537693356,0.36394549300781665,0.4971150628494627,0.13316956984164607,0.17032427099550282,0.572955757279698,0.4026314862841952,-1.7927439462581127,0.07295961805970308,0.26509213532894915,nan,nan
14,6,28932,forward,e,-,2844,2839.0,5.0,0.3840793650090589,0.13451429702503526,0.19288064889386422,0.6556550946424368,0.4627744457485725,0.17222573043226008,0.8954250633070769,0.7231993328748169,0.7337363473914724,0.2930953729555048,0.4120347891660623,nan,nan
14,7,5959,forward,e,-,5526,5526.0,0.0,0.35757332543962433,0.06433181892754108,0.2822762954810348,0.4986343137616924,0.21635801828065765,0.1816681563092763,0.5711935451900068,0.38952538888073046,0.3817470547644069,0.1856116991003094,0.2581709305286237,nan,nan
14,8,57825,forward,e,-,14071,14069.0,2.0,0.5227219678109635,0.08665908188273772,0.4397745879727914,0.6941113859169962,0.2543367979442048,0.17015982740479887,0.8772211912241045,0.7070613638193056,0.32097846692477294,0.16216076303988264,0.36346006852718116,nan,nan
14,9,221020,forward,e,-,5971,5964.0,7.0,0.26390591375975253,0.1723920172555393,0.17497273577576308,0.7109969719486484,0.5360242361728853,0.17108557576733655,0.8425759630388887,0.6714903872715522,1.0558486966196245,0.5352174759631804,0.6667964670534205,nan,nan
14,10,16751,forward,e,-,14024,14023.0,1.0,0.48885535803370617,0.05739117765337729,0.38050191012934814,0.5463830356994022,0.16588112557005402,0.17440121974359496,0.5562090261526239,0.38180780640902895,-0.8701644538489991,0.09398941867475935,0.30009010906051253,nan,nan
14,11,101915,forward,e,-,13142,13131.0,11.0,0.32252745114359244,0.06372682389306498,0.251865051135882,0.4570521009251841,0.20518704978930213,0.1698141830836259,0.572619520313711,0.4028053372300851,0.699598417642524,0.19332789034777711,0.30889530973630397,nan,nan
14,12,34081,forward,e,-,3466,3464.0,2.0,0.35587815985944354,0.10533754479885994,0.19143457043347106,0.5092697597010495,0.3178351892675784,0.16857236846964585,0.572716237374,0.40414386890435416,-0.053744705092539216,0.22970044348670357,0.2525626454505288,nan,nan
14,13,161766,forward,e,-,26159,26147.0,12.0,0.7332682081524691,0.12286494845071431,0.48507767152183023,0.8378786808392787,0.3528010093174485,0.2062286491345052,0.8956399397956282,0.6894112906611229,-0.8343922345809287,0.18937952000694974,0.4596068996165191,nan,nan
14,0,128398,forward,w,deg,31854,31848.0,6.0,-4.233114727525077,31.607692134859118,-22.054069652056288,48.200431004171115,70.2545006562274,-179.85468354952343,179.7963955934099,359.6510791429333,0.664735100971385,76.43776043334694,179.9764905910555,173.44120184957367,0.8806982565748858
14,1,39208,forward,w,deg,8671,8668.0,3.0,-2.5714748931079328,25.342640771417276,-19.57000235889761,31.641961474562585,51.211963833460196,-179.04256744573945,178.14349024864254,357.186057694382,2.1926622206056643,50.70153012086245,178.97609886846885,311.8576873411598,0.926572408818361
14,2,49624,forward,w,deg,8687,8686.0,1.0,-3.04156388878107,22.968797276985228,-27.024046972907826,37.22886604782836,64.25291302073619,-179.3889563188232,179.92610456879834,359.31506088762154,0.8569042536872481,58.926648698315624,173.7375083725533,193.71382161680367,0.9278500182125774
14,3,171855,forward,w,deg,22666,22662.0,4.0,-3.641840940798531,26.834110828642622,-22.580715023515815,48.329759004899174,70.910474028415,-176.55570844002705,179.45521113999473,356.0109195800218,1.597822312063503,70.61466055168293,179.40581259480012,16.167903869613955,0.9137628242187075
14,4,40478,forward,w,deg,9300,9290.0,10.0,-13.548519968010396,50.08546917554634,-45.35639277180592,92.03602116415107,137.392413935957,-179.9668166692043,178.31155401114648,358.2783706803508,0.3562030072475282,132.42403302309606,179.93065621938808,208.11264556986094,0.690303854348706
14,5,140920,forward,w,deg,27743,27741.0,2.0,-4.689429335940048,34.140700341154,-20.912376962186954,103.22522349958905,124.137600461776,-179.86239726405427,179.7820453515302,359.64444261558447,2.2655509019960594,121.1398813747258,179.89910203775514,12.143603865552226,0.8724595850953457
14,6,28932,forward,w,deg,2844,2839.0,5.0,-4.973744101487654,63.36713649602979,-75.14562492788407,105.31776125873208,180.46338618661616,-179.9733678408546,179.99614291719018,359.96951075804475,0.11624127411775718,148.01889138205402,179.84572813362024,202.9757165300762,0.6157760742551831
14,7,5959,forward,w,deg,5526,5526.0,0.0,-0.24840309839120778,47.104819891495374,-25.954968463395986,50.83374477327459,76.78871323667057,-179.74496163803875,179.92972606868204,359.67468770672076,-1.1064467219166096,138.54199100647688,179.8941088331324,315.3724226264715,0.791017646281912
14,8,57825,forward,w,deg,14071,14069.0,2.0,-4.388880113571901,34.14939159382902,-28.569729665158224,58.28558419349337,86.8553138586516,-179.7788016372795,178.83569667749936,358.61449831477887,1.6192451310013432,88.5239256054517,179.8977154506506,192.5207625628831,0.8656078882368836
14,9,221020,forward,w,deg,5971,5964.0,7.0,-3.059529683514313,67.6996549302335,-137.1454993341777,85.33740802197659,222.4829073561543,-179.05578985038267,176.98795575769032,356.043745608073,-0.5142525987766245,173.6424436727615,179.99475513872454,18.447388068482503,0.49235834043554294
14,10,16751,forward,w,deg,14024,14023.0,1.0,-1.47735240107869,18.969950205912333,-11.597781895840786,14.05878994887756,25.656571844718346,-176.98882577488283,179.78205640716624,356.77088218204904,3.3482925405825794,20.945576409154555,178.6417491766859,302.838943957158,0.9617549425281696
14,11,101915,forward,w,deg,13142,13131.0,11.0,-1.6283581158216407,43.26972990363646,-34.612594170791766,103.12657303522886,137.73916720602062,-179.85174864884198,179.2018834099121,359.0536320587541,0.5051142009779623,116.41644544374827,179.8127258006797,28.38043655091558,0.795428223522203
14,12,34081,forward,w,deg,3466,3464.0,2.0,-10.011571090180936,62.0261844440652,-82.34070163547604,104.61393682323757,186.9546384587136,-179.96574080314298,179.9446222955189,359.9103630986619,0.312194018574791,131.39785252930102,179.88293828607368,62.478113505308,0.5613209733636214
14,13,161766,forward,w,deg,26159,26147.0,12.0,-16.130793210761908,58.53656407673393,-48.038006657809575,107.08323704790425,155.12124370571382,-179.99052405329738,179.95618818093635,359.9467122342337,0.3813257918019131,132.38019079275125,179.9382250171388,204.4090009859698,0.5983083260580353
18,0,128398,backward,eps,km^2/s^2,31228,31228.0,0.0,-0.10470572681704476,0.026673257524453504,-0.15415072712208272,-0.06835953307085589,0.08579119405122683,-0.20078984199425498,-0.04380722131250103,0.15698262068175395,-0.5380375162658676,0.059507062353576765,0.10614617722574904,nan,nan
18,1,21987,backward,eps,km^2/s^2,4740,4740.0,0.0,-0.9375824471830776,0.01548895685845888,-0.9622355489755865,-0.9153525053435895,0.04688304363199702,-0.9706525248558503,-0.8950564185428324,0.07559610631301794,-0.09420093443178086,0.02717631193618579,0.04052742042137225,nan,nan
18,2,49166,backward,eps,km^2/s^2,7431,7431.0,0.0,-0.8674659582668549,0.0194106381991879,-0.8990833265213474,-0.8373358997508824,0.061747426770464964,-0.9315565874687408,-0.8243049701965104,0.10725161727223043,-0.07562805518146445,0.04051299183446999,0.053809665469304546,nan,nan
18,3,208293,backward,eps,km^2/s^2,6000,6000.0,0.0,-0.16829597956065556,0.05194753247392328,-0.23054366007206567,-0.05627612794628735,0.17426753212577833,-0.2462223976886948,-0.043879077490019736,0.20234332019867507,0.5475065235149345,0.1039958524403387,0.11639290289660631,nan,nan
18,4,48796,backward,eps,km^2/s^2,7234,7234.0,0.0,-0.9453730680195468,0.031040276421425716,-0.9716193973455721,-0.8419808786139936,0.1296385187315785,-1.0205536257856416,-0.8295403722523153,0.19101325353332632,1.8267844157597901,0.09787224283559501,0.11031274919727341,nan,nan
18,5,122456,backward,eps,km^2/s^2,16862,16862.0,0.0,-0.1585662447614864,0.025372148073824877,-0.199470896245221,-0.12378869799341188,0.07568219825180911,-0.2088919210075597,-0.04394829849427828,0.16494362251328143,0.338681502031414,0.04141613437667762,0.11841091707521889,nan,nan
18,6,28932,backward,eps,km^2/s^2,2738,2738.0,0.0,-0.8177172224147113,0.013900443975964993,-0.8494949327348156,-0.8075051613085449,0.041989771426270694,-0.8708893103218969,-0.806208472304013,0.06468083801788382,-1.4629024298000355,0.030489566787994957,0.05188394437507626,nan,nan
18,7,5959,backward,eps,km^2/s^2,5138,5138.0,0.0,-0.9170774581859422,0.03254319711457083,-0.9587213680681859,-0.8535898021303147,0.10513156593787121,-0.9681332894836193,-0.8197018449202758,0.14843144456334356,0.5084771606414802,0.06953772114055104,0.10342567835058991,nan,nan
18,8,81619,backward,eps,km^2/s^2,8172,8172.0,0.0,-0.9310559118216883,0.018655503553063255,-0.9572325019455004,-0.9038008038172095,0.05343169812829085,-1.020836128343177,-0.8337092538578212,0.1871268744853558,0.4257272034173385,0.03269610058365447,0.09551994760129245,nan,nan
18,9,219846,backward,eps,km^2/s^2,5600,5600.0,0.0,-0.2507270773950171,0.009450521849076667,-0.25804749581156705,-0.2319425026659379,0.02610499314562914,-0.2595672674968075,-0.17572000140753996,0.08384726608926751,2.070088070548882,0.0157966476166515,0.07201914887504945,nan,nan
18,10,13960,backward,eps,km^2/s^2,9062,9062.0,0.0,-0.8794619958807339,0.017787009754019575,-0.9093003757898124,-0.8528381995636747,0.056462176226137695,-0.9156646803595127,-0.8066952124091532,0.10896946795035944,-0.013550099929496486,0.030597049896615252,0.07518190175725836,nan,nan
18,11,154309,backward,eps,km^2/s^2,27447,27447.0,0.0,-0.2178586048151102,0.029681853603004633,-0.24608579385537688,-0.155021621875985,0.09106417197939187,-0.2564271707139748,-0.11282221552310912,0.1436049551908657,0.7191917016583786,0.06614148557204856,0.10834089192492447,nan,nan
18,12,34080,backward,eps,km^2/s^2,3292,3292.0,0.0,-0.8852194793445851,0.049120776588735225,-0.9703039485805984,-0.8249939820990326,0.1453099664815658,-1.0207437552380227,-0.806851787890357,0.2138919673476657,-0.2210228671298711,0.08302230067765673,0.11277343840827736,nan,nan
18,13,161766,backward,eps,km^2/s^2,26156,26156.0,0.0,-0.17362061444033489,0.027141515294544217,-0.21087388514221353,-0.12288506971632618,0.08798881542588735,-0.24945953010521105,-0.10707468529620823,0.14238484480900282,0.1713432499351769,0.05492712445856801,0.0747940814238448,nan,nan
18,14,168732,backward,eps,km^2/s^2,14242,14242.0,0.0,-0.21915558703192006,0.01184758105755019,-0.23331102969743708,-0.1941255275069315,0.039185502190505594,-0.2539871644780122,-0.17466691178095572,0.07932025269705645,0.7336159095979998,0.02670159182583688,0.04592858469284511,nan,nan
18,15,74960,backward,eps,km^2/s^2,5227,5227.0,0.0,-0.9883778501290663,0.04011246347843128,-1.0051599268626075,-0.8423081661371373,0.16285176072547014,-1.020754723273971,-0.8065266032009923,0.21422812007297876,3.2847919237710625,0.15740183333522803,0.19318339627137304,nan,nan
18,16,41395,backward,eps,km^2/s^2,9307,9307.0,0.0,-0.865665956576039,0.022958948278979544,-0.9038390570960037,-0.8322515347495669,0.07158752234643673,-0.9182613158571666,-0.8096339904777683,0.10862732537939834,-0.10267812700024923,0.04837497174727119,0.07099251601906986,nan,nan
18,17,50657,backward,eps,km^2/s^2,4248,4248.0,0.0,-0.9817487113912073,0.01143020124199394,-0.9935088932076506,-0.9653804388643985,0.028128454343252063,-1.0201349727623945,-0.8325358431657018,0.18759912959669267,5.366268604995536,0.021905667409845644,0.15468068606479646,nan,nan
18,0,128398,backward,e,-,31228,31228.0,0.0,0.7499887981144899,0.06448734124022497,0.630095626562283,0.8370667771425826,0.20697115058029958,0.5125146788550233,0.8956261106421681,0.3831114317871448,-0.5698566414395468,0.14414199981782477,0.2617229475250844,nan,nan
18,1,21987,backward,e,-,4740,4740.0,0.0,0.4499220437821224,0.025108482160126604,0.4127919698131136,0.4889159467274194,0.07612397691430578,0.3778650560280571,0.5015846715364717,0.1237196155084146,0.042246591308483766,0.04329552692009138,0.0688117531460794,nan,nan
18,2,49166,backward,e,-,7431,7431.0,0.0,0.3243132889201313,0.03993135190191443,0.2571745450150174,0.38482277897860134,0.12764823396358393,0.22127479764824046,0.4394687349284241,0.21819393728018363,-0.07421617828635686,0.08765197782233011,0.1235333803225809,nan,nan
18,3,208293,backward,e,-,6000,6000.0,0.0,0.5955240359361764,0.12835331776778347,0.43487750056462776,0.8658756548316073,0.43099815426697957,0.3906839973578159,0.8954556794646302,0.5047716821068143,0.4883525654908128,0.2502384017609364,0.27981842639395926,nan,nan
18,4,48796,backward,e,-,7234,7234.0,0.0,0.4627923844878827,0.05572233859773197,0.2692543337099733,0.5032175524628081,0.23396321875283477,0.23753096142010835,0.5726100256578895,0.3350790642377812,-2.222058857697117,0.18465180833708614,0.2163751806269514,nan,nan
18,5,122456,backward,e,-,16862,16862.0,0.0,0.6190673101262856,0.0626230981881566,0.5164554680437545,0.7038948404289747,0.18743937238522013,0.4922151283516908,0.8952915352991448,0.40307640694745406,0.2877566354677584,0.10261557137337206,0.28559276668989253,nan,nan
18,6,28932,backward,e,-,2738,2738.0,0.0,0.20508129363735195,0.03666831460889895,0.17253688170788278,0.28566347754123095,0.11312659583334816,0.16819393098549065,0.33167325636093886,0.1634793253754482,1.1624061133620422,0.07603348410981198,0.12204326292951989,nan,nan
18,7,5959,backward,e,-,5138,5138.0,0.0,0.41593902612078554,0.05873043370320336,0.29505061765655016,0.48347564394411435,0.1884250262875642,0.20847800497888097,0.49765004862222445,0.2891720436433435,-0.7449138620453495,0.13066752995903358,0.21724014263670283,nan,nan
18,8,81619,backward,e,-,8172,8172.0,0.0,0.4397731145809921,0.03135055140925881,0.3933939667129226,0.4814595019575766,0.08806553524465399,0.24864812177682707,0.5729713754320799,0.32432325365525283,-0.8008427790950706,0.05254089044577833,0.18173801046239044,nan,nan
18,9,219846,backward,e,-,5600,5600.0,0.0,0.3784265909541133,0.026368766450315072,0.35715735546805144,0.43080845479081487,0.07365109932276342,0.35264176551903914,0.5774913853403996,0.22484961982136042,1.924872178065235,0.043003616281782675,0.18968654683136738,nan,nan
18,10,13960,backward,e,-,9062,9062.0,0.0,0.34728845160213795,0.03474918896500009,0.29241782582568054,0.4022756512571033,0.10985782543142275,0.169824732674945,0.4134082930618207,0.2435835603868757,-0.13868792928632467,0.05981378749575723,0.18214175293048954,nan,nan
18,11,154309,backward,e,-,27447,27447.0,0.0,0.4690060160477148,0.0767470714780234,0.39187638956696447,0.6276874190868265,0.235811029519862,0.36163342309283875,0.7308438265777399,0.3692104034849012,0.6557505910572721,0.16813754855816357,0.2712939560490771,nan,nan
18,12,34080,backward,e,-,3292,3292.0,0.0,0.3588414264844042,0.09401072154919099,0.22588375203538133,0.5011777987470639,0.27529404671168256,0.17062127080742276,0.5728380058839121,0.40221673507648936,0.01695028922090071,0.17435805197477647,0.22962053320273504,nan,nan
18,13,161766,backward,e,-,26156,26156.0,0.0,0.5821289007595422,0.06777275584976418,0.4872240771527036,0.7062103627500994,0.2189862855973958,0.3814883409852677,0.7442977461210382,0.3628094051357705,0.10467113218505385,0.13642577576673404,0.1979252372802937,nan,nan
18,14,168732,backward,e,-,14242,14242.0,0.0,0.46542342390637165,0.0310001872266182,0.4274087749048218,0.5299624769311502,0.10255370202632835,0.3685913824659192,0.5801137771448902,0.211522394678971,0.6716709046294612,0.0695404041565804,0.11880632488429105,nan,nan
18,15,74960,backward,e,-,5227,5227.0,0.0,0.527690889706546,0.07384637101213287,0.2700864513780028,0.5514655973149964,0.28137914593699365,0.16915703389195855,0.5728758045889726,0.403718770697014,-3.551223723463882,0.27381808615676834,0.3747475036428126,nan,nan
18,16,41395,backward,e,-,9307,9307.0,0.0,0.3204961537907925,0.047429513804987146,0.24487799873321256,0.39308223778879925,0.1482042390555867,0.180593582616516,0.4170346165478668,0.23644103393135077,-0.04095096294163519,0.10533307680654372,0.16961749292324027,nan,nan
18,17,50657,backward,e,-,4248,4248.0,0.0,0.5181032150341673,0.01845927639669433,0.4937019726396483,0.5350801306362066,0.04137815799655831,0.24631079413695406,0.5719985499113021,0.325687755774348,-7.160190338254445,0.03241801765815899,0.279687995300082,nan,nan
18,0,128398,backward,w,deg,31228,31228.0,0.0,-1.2883401376113568,4.959838635266689,-5.828153860072008,10.89737426071338,16.725528120785388,-9.627846659291947,15.715523568816252,25.3433702281082,1.0938913101953012,13.768021119932005,18.586170428034848,20.215518473151747,0.9962616212368617
18,1,21987,backward,w,deg,4740,4740.0,0.0,-0.8453914373544364,5.322285328763793,-4.829906177645638,16.567350206795115,21.39725638444075,-14.308953329897008,27.474661996657062,41.78361532655407,2.699805196361275,18.669743282448824,29.57705507231077,188.56964374649158,0.9957191999424561
18,2,49166,backward,w,deg,7431,7431.0,0.0,0.43022761584222735,5.190729980861244,-6.383055533374062,4.854254393352207,11.237309926726269,-35.590841514079415,13.11042536108053,48.701266875159945,-3.864572696819563,7.556534053796696,35.66599998544325,207.13664310918207,0.9959720348762953
18,3,208293,backward,w,deg,6000,6000.0,0.0,-0.44828015967220836,7.438849813917258,-9.41154279618557,15.002117055665664,24.413659851851236,-9.896996989000513,16.14725780813899,26.0442547971395,0.48364371420856234,21.19737119614804,22.342511948621365,20.512103690307335,0.9915983250727797
18,4,48796,backward,w,deg,7234,7234.0,0.0,-1.2965699294692286,5.127248012666109,-5.274892465216359,12.24055910693499,17.51545157215135,-24.573789095876748,21.329428532791496,45.903217628668244,1.5545064426101192,15.362397130589642,24.415908693992378,198.367646828145,0.9960110210605684
18,5,122456,backward,w,deg,16862,16862.0,0.0,0.2503756591470676,2.3380623110819547,-3.1587029066289602,2.810887303179459,5.96959020980842,-16.5652625760454,8.792557453130826,25.357820029176224,-1.8313054193229072,3.841220221300541,16.93635362871433,27.183486518159686,0.9991690150199506
18,6,28932,backward,w,deg,2738,2738.0,0.0,2.397420003940951,13.195906683735169,-27.64628760121162,14.246738053072066,41.89302565428368,-32.38972511275736,15.78446857779582,48.17419369055318,-0.8248747090430611,37.048037374129684,41.79147488567543,204.15516411918182,0.9737895943407251
18,7,5959,backward,w,deg,5138,5138.0,0.0,-3.9192887083514734,13.808975360051425,-13.874215012886243,23.137565949938885,37.01178096282513,-23.14175358916023,25.37977135658116,48.52152494574139,0.4965206915090319,37.591802484265635,39.83400789090791,194.6454432065296,0.9711869247574615
18,8,81619,backward,w,deg,8172,8172.0,0.0,-0.24101569020659497,4.398185709483145,-5.178482012643826,6.9492992913258735,12.1277813039697,-30.86962509425689,15.68815928992538,46.55778438418227,-0.7297471858416372,8.005497914204216,33.24767372304615,204.00778865214264,0.9970692037473056
18,9,219846,backward,w,deg,5600,5600.0,0.0,1.1003019760446051,5.248995533191586,-9.582669166313527,6.160736191709188,15.743405358022716,-15.421044521885477,7.165758752257062,22.58680327414254,-0.6012964865646894,12.86402804761144,13.869050608159341,29.490917029743947,0.995810411546523
18,10,13960,backward,w,deg,9062,9062.0,0.0,0.012728431089229275,4.036051436386689,-6.057355486855163,5.766822719924993,11.824178206780156,-19.439354049882354,28.540627364722354,47.97998141460471,0.9462007890801171,6.47105292919623,29.078937369155682,190.93610209695086,0.9975280589993418
18,11,154309,backward,w,deg,27447,27447.0,0.0,1.731217278177212,5.430399636869203,-9.874920210366133,6.299577232583345,16.174497442949477,-15.675550133364482,9.731598267931531,25.407148401296013,-0.5769334439380768,15.34124697740623,21.141876900404583,27.32619112592609,0.9955157709957182
18,12,34080,backward,w,deg,3292,3292.0,0.0,-2.1834612285390165,9.184043951778575,-9.59826003212444,17.42795937288891,27.02621940501335,-29.597296297452942,19.178916387172308,48.77621268462525,0.15672348544511006,23.556833962713643,25.30779097699704,201.04970194945187,0.9872445124122763
18,13,161766,backward,w,deg,26156,26156.0,0.0,-0.8299056861136762,4.626697343224699,-5.589842336618311,12.6763658380452,18.26620817466351,-11.272451015001394,13.765292706533643,25.037743721535037,1.5347770762546742,11.872967916912899,12.952429444028468,23.190879906418125,0.9967490496501117
18,14,168732,backward,w,deg,14242,14242.0,0.0,0.5840082429566706,3.3787253640463137,-6.428474263418051,3.721421190244726,10.149895453662777,-13.978565771578644,9.089780030655561,23.068345802234205,-0.7009937259077904,8.693915535773408,16.244007043934005,27.973355938884826,0.9982632091948962
18,15,74960,backward,w,deg,5227,5227.0,0.0,-1.2114956886794346,8.498070121104831,-10.5039275017498,13.004667534141522,23.50859503589132,-14.875415563843717,27.18517736341829,42.06059292726201,0.9597158684126759,13.704339764427077,27.865484821917534,192.86611647245167,0.9890798841934347
18,16,41395,backward,w,deg,9307,9307.0,0.0,-1.9990586848603868,6.502202850773057,-7.153689269171136,11.341936070196635,18.49562533936777,-33.79325646695821,15.061824088597575,48.85508055555579,-0.3142544087236266,13.963231387834028,31.54491453034595,205.29281783197467,0.9936009308455462
18,17,50657,backward,w,deg,4248,4248.0,0.0,-1.035386523137447,5.138159819516214,-6.6070723968735505,9.795684526488598,16.402756923362148,-15.762082131640767,27.852455304862644,43.61453743650341,0.9941705415606364,12.59127363034136,30.644749484729346,191.83605570901832,0.9959918762993476
18,0,128398,forward,eps,km^2/s^2,31228,31222.0,6.0,-0.15017754417756235,0.05047273639306649,-0.2018913102089503,-0.09750876799802391,0.10438254221092638,-0.8722826577599074,-0.07470591120036008,0.7975767465595474,-6.801095926325424,0.06557580639816085,0.735967153949118,nan,nan
18,1,21987,forward,eps,km^2/s^2,4740,4740.0,0.0,-0.9574623315456302,0.036381977335812554,-0.9922779609047891,-0.8918811815445548,0.10039677936023439,-0.996149841044156,-0.8067662245683739,0.18938361647578217,0.6943857457827838,0.0520563530350606,0.13708626510244593,nan,nan
18,2,49166,forward,eps,km^2/s^2,7431,7430.0,1.0,-0.23568644342915462,0.02478280178532256,-0.24892390878679413,-0.2169832008126472,0.03194070797414694,-0.8328770221393367,-0.17986128539895985,0.6530157367403768,-19.775031677508238,0.019747539904898564,0.5970803927719492,nan,nan
18,3,208293,forward,eps,km^2/s^2,6000,5989.0,11.0,-0.8437963894028855,0.0474929534184104,-0.9697051501792185,-0.8184018567452969,0.15130329343392168,-1.0205829238249695,-0.18427403313659396,0.8363088906883756,-0.14186604330621172,0.12016565350384854,0.6653877542874697,nan,nan
18,4,48796,forward,eps,km^2/s^2,7234,7234.0,0.0,-0.15271790129611057,0.06333888842649886,-0.19620766941067666,-0.11570828893333931,0.08049938047733735,-0.8406275334571225,-0.044584527638278915,0.7960430058188436,-7.9376249711782405,0.0691590037477603,0.6971236790516854,nan,nan
18,5,122456,forward,eps,km^2/s^2,16862,16861.0,1.0,-0.9407838264397788,0.03245696650635795,-0.9693729499090626,-0.8870155956083496,0.082357354300713,-0.9770447708625187,-0.25762916807942315,0.7194156027830956,2.9019431609390587,0.04434580463965454,0.6723586458977076,nan,nan
18,6,28932,forward,eps,km^2/s^2,2738,2732.0,6.0,-0.2507763324840411,0.2918315656609608,-0.8703099370390104,-0.13790856543868318,0.7324013716003273,-0.9840399596112792,-0.04389160369217371,0.9401483559191055,-0.6856923790128499,0.6576175804415664,0.7713476030138353,nan,nan
18,7,5959,forward,eps,km^2/s^2,5138,5138.0,0.0,-0.883809191882239,0.03442565035038383,-0.9673508786911229,-0.8475212548115741,0.11982962387954876,-0.9819994090634598,-0.8129505283252367,0.1690488807382231,-0.7644187544026715,0.10470329474298533,0.11935182511532227,nan,nan
18,8,81619,forward,eps,km^2/s^2,8172,8170.0,2.0,-0.21659054251138088,0.020710277443982232,-0.23239828573230867,-0.193143241789401,0.03925504394290766,-0.928908058853442,-0.14053272205790124,0.7883753367955407,-18.493160672835998,0.02541100796035726,0.7125836576040937,nan,nan
18,9,219846,forward,eps,km^2/s^2,5600,5593.0,7.0,-0.8183450610965839,0.3017375300084052,-0.9006393352331694,-0.11952904782519083,0.7811102874079786,-1.0203921731849346,-0.06609019004209948,0.9543019831428351,1.0167986247494312,0.6885275874009471,0.7419664451840384,nan,nan
18,10,13960,forward,eps,km^2/s^2,9062,9060.0,2.0,-0.9632261267127877,0.03667260992433163,-1.003371379936366,-0.8974615172186292,0.10590986271773672,-1.0194952570673936,-0.8079093284031995,0.21158592866419412,0.5869399295636653,0.05637194881231091,0.14591807538087598,nan,nan
18,11,154309,forward,eps,km^2/s^2,27447,27440.0,7.0,-0.8706767511091942,0.030797030973701525,-0.9202743839567061,-0.841031434227119,0.07924294972958712,-1.0195465359042162,-0.13207863108977524,0.8874679048144409,7.8525663786673725,0.05293652369890709,0.7359327204736539,nan,nan
18,12,34080,forward,eps,km^2/s^2,3292,3289.0,3.0,-0.8830290452376638,0.055813230207920894,-0.9757289240966275,-0.8135497363685714,0.16217918772805606,-1.0206562915180895,-0.20960742047084435,0.8110488710472451,0.3639583150595456,0.11137869902902675,0.7153210149267538,nan,nan
18,13,161766,forward,eps,km^2/s^2,26156,26146.0,10.0,-0.11168441193121142,0.05282424946000048,-0.2116330984759616,-0.06801792988892075,0.14361516858704085,-0.8267214821822352,-0.04380055913553149,0.7829209230467037,-2.239701196797706,0.07784469610549255,0.6873024445493168,nan,nan
18,14,168732,forward,eps,km^2/s^2,14242,14242.0,0.0,-0.9227726022448506,0.024259425778271712,-0.9526803633936517,-0.887913389165664,0.06476697422798772,-1.020820045950525,-0.8088001609040333,0.21201988504649172,0.6756584764223684,0.0449616388804055,0.10732119101300497,nan,nan
18,15,74960,forward,eps,km^2/s^2,5227,5224.0,3.0,-0.8799240333343996,0.035023511892032365,-0.9496414276193418,-0.8499394249097314,0.09970200270961038,-1.0201739466041788,-0.12803036499366593,0.8921435816105129,4.248836066875415,0.06582248043458035,0.7588383180780349,nan,nan
18,16,41395,forward,eps,km^2/s^2,9307,9300.0,7.0,-0.1768972574740335,0.07373878832535108,-0.21273397981554065,-0.10176503573392646,0.11096894408161419,-0.9780247679213742,-0.043981079635574294,0.9340436882857999,-6.771364747953248,0.08925959398126268,0.7989105827242124,nan,nan
18,17,50657,forward,eps,km^2/s^2,4248,4248.0,0.0,-0.9507846089559568,0.033819123962737334,-0.9850341737045125,-0.891791647998463,0.09324252570604952,-1.0177613353840123,-0.806596914213894,0.21116442117011824,1.032641046445748,0.05271757814864264,0.13784403145447222,nan,nan
18,0,128398,forward,e,-,31228,31222.0,6.0,0.6400307585059049,0.09045610297368561,0.5107263849692155,0.767299518624349,0.25657313365513346,0.19467602866574538,0.8220376829880282,0.6273616543222827,-0.5698156338601895,0.16305942902934153,0.4791097853328117,nan,nan
18,1,21987,forward,e,-,4740,4740.0,0.0,0.4814549964142093,0.060364443790269916,0.37079875957224445,0.5333511960288853,0.1625524364566408,0.17020378480203383,0.5388564165170615,0.3686526317150277,-0.9822224227116584,0.08921222343629133,0.2898071982065019,nan,nan
18,2,49166,forward,e,-,7431,7430.0,1.0,0.4208875699466307,0.028613553982181145,0.38383915477301045,0.47123151397923246,0.08739235920622201,0.19577492245078365,0.5671631892703867,0.371388266819603,-0.25597175648966075,0.053803644315502,0.22443765763364965,nan,nan
18,3,208293,forward,e,-,6000,5989.0,11.0,0.2728860816020836,0.08841401262401201,0.20641617703047074,0.5002786912641218,0.29386251423365106,0.1698141830836259,0.572619520313711,0.4028053372300851,0.9403305132529145,0.2136500892935446,0.2859909183431338,nan,nan
18,4,48796,forward,e,-,7234,7234.0,0.0,0.6334018582849648,0.0815481560666754,0.5249764084197378,0.7234617011213215,0.19848529270158366,0.16990241824138758,0.8937718730301397,0.7238694547887521,-0.3546989173002114,0.17278585183442957,0.4861272236825744,nan,nan
18,5,122456,forward,e,-,16862,16861.0,1.0,0.4554323829799489,0.056214610834357866,0.3623600943010545,0.49986114404637905,0.13750104974532457,0.17049289640178886,0.5112590529177172,0.34076615651592834,-1.9551350064191835,0.07550976323973307,0.26737696113899867,nan,nan
18,6,28932,forward,e,-,2738,2732.0,6.0,0.38291756410822086,0.13884044278923593,0.19224916049941604,0.6698430518924554,0.47759389139303937,0.17222573043226008,0.8954250633070769,0.7231993328748169,0.8182584580323263,0.2936098234339342,0.4120347891660623,nan,nan
18,7,5959,forward,e,-,5138,5138.0,0.0,0.35570067095527214,0.06251866952424913,0.28204289970272917,0.49672916361017067,0.2146862639074415,0.1914905577863406,0.5185090086168794,0.3270184508305388,0.4360971132632724,0.18370654894878763,0.2054863939554964,nan,nan
18,8,81619,forward,e,-,8172,8170.0,2.0,0.47229756120789024,0.034870962723664294,0.4299985995767561,0.5326983440859738,0.1026997445092177,0.21530385870088578,0.6639248231250512,0.44862096442416544,0.2156769075996938,0.06507788041333268,0.258185632104744,nan,nan
18,9,219846,forward,e,-,5600,5593.0,7.0,0.2652889553141796,0.17649045886402456,0.1747544027636442,0.7143112347727643,0.5395568320091201,0.17112378451425372,0.8425759630388887,0.671452178524635,0.9447755470767861,0.5399872251156678,0.6682519533817922,nan,nan
18,10,13960,forward,e,-,9062,9060.0,2.0,0.49023262237291443,0.05924151684329321,0.38088174342922665,0.5489720720301474,0.16809032860092077,0.17315159178777115,0.5711935451900068,0.3980419534022356,-0.8642638183028127,0.09479433976478518,0.3025009132789741,nan,nan
18,11,154309,forward,e,-,27447,27440.0,7.0,0.33089718130807544,0.04656790263520083,0.266191172022938,0.4218895295480925,0.15569835752515448,0.17006665311222163,0.6839207812347965,0.5138541281225748,0.4800840883335374,0.09847513168934274,0.3586176435022686,nan,nan
18,12,34080,forward,e,-,3292,3289.0,3.0,0.3546921911000495,0.10585587997522357,0.19250946868326638,0.5092694161901665,0.3167599475069002,0.16857236846964585,0.572716237374,0.40414386890435416,-0.047644179342744536,0.23678662478468634,0.26072372499830687,nan,nan
18,13,161766,forward,e,-,26156,26146.0,10.0,0.7332721740790318,0.12254403362830696,0.48536350510239595,0.8378795454238351,0.3525160403214392,0.2062286491345052,0.8956399397956282,0.6894112906611229,-0.8224935804830182,0.18908807495973115,0.4596068996165191,nan,nan
18,14,168732,forward,e,-,14242,14242.0,0.0,0.425980694162459,0.04295070978513159,0.36414238605143906,0.47440026695400467,0.11025788090256561,0.176276510994901,0.572955757279698,0.39667924628479706,-1.2102599734821364,0.07386576059431942,0.23844959396089638,nan,nan
18,15,74960,forward,e,-,5227,5224.0,3.0,0.3484657861647652,0.05670869237774387,0.28628556762845175,0.4699401124813855,0.18365454485293375,0.1816681563092763,0.6937205123762392,0.512052356066963,0.7232752029181403,0.11684050512971361,0.3319949392109026,nan,nan
18,16,41395,forward,e,-,9307,9300.0,7.0,0.5736281622022206,0.09146640614818119,0.48228330264176983,0.7573671297245508,0.27508382708278095,0.16987312589813894,0.8952125964134294,0.7253394705152905,0.5726774072837247,0.21577461871596698,0.3979977924145921,nan,nan
18,17,50657,forward,e,-,4248,4248.0,0.0,0.4710964345564923,0.05799355720735438,0.3708104490227636,0.5229157925221413,0.15210534349937765,0.16949320295763892,0.5688579777800702,0.39936477482243127,-1.5047202847861867,0.09047931483823356,0.29154602258218015,nan,nan
18,0,128398,forward,w,deg,31228,31222.0,6.0,-4.847221308180451,29.260213352806772,-22.844180513032285,47.57996406996498,70.42414458299726,-179.89261837614197,179.7005181819494,359.5931365580914,1.2695613689391583,72.41938837185737,179.9764905910555,174.6697779486084,0.8974583203534257
18,1,21987,forward,w,deg,4740,4740.0,0.0,-2.786352923455894,26.742876953787903,-13.991292931877812,40.25546642465353,54.24675935653134,-178.31955241033265,177.91850147489333,356.238053885226,3.1220770558486284,48.09799093379173,177.93452371711467,304.1696705926078,0.924828253525499
18,2,49166,forward,w,deg,7431,7430.0,1.0,-2.6330680624784293,21.626325522377694,-25.71027988282718,34.36369923587369,60.07397911870087,-179.30335951339254,176.2455576881128,355.54891720150533,0.812643739356805,54.53993703527203,175.21189968393628,193.628224811373,0.9359878703525736
18,3,208293,forward,w,deg,6000,5989.0,11.0,-13.075567587715398,42.59766194019583,-43.57803946234089,75.93855621741318,119.51659567975406,-179.46252794368996,178.76323253680272,358.2257604804927,0.6023541534869961,119.98349340141526,179.37293278306504,82.13488192644552,0.7568101337250829
18,4,48796,forward,w,deg,7234,7234.0,0.0,-8.093611130835413,47.829546646133686,-30.604967244819207,116.55203021361676,147.15699745843597,-178.79803162022708,179.9402741939328,358.73830581415984,1.1403534091617584,138.2412448803495,179.9296863924426,194.52885584498142,0.7497452874487246
18,5,122456,forward,w,deg,16862,16861.0,1.0,-4.1738898370457775,31.394808577261117,-20.484436192675275,48.278595240051686,68.76303143272696,-178.50744714943102,179.54759163231193,358.05503878174295,1.3296883640917418,71.31478492081112,179.79210785792785,12.733614969186007,0.8934949118929085
18,6,28932,forward,w,deg,2738,2732.0,6.0,-4.892066083214843,57.85715516007178,-66.31282232193614,95.44028769277229,161.75311001470843,-179.80811786165515,179.81228227894172,359.62040014059687,0.28227832981149575,140.217592108777,179.84572813362024,203.40962158716036,0.657941573286725
18,7,5959,forward,w,deg,5138,5138.0,0.0,-15.3644061341611,45.50453025864232,-121.71293195759175,45.68945322224755,167.4023851798393,-179.73845357317498,179.9766326261497,359.7150861993247,-1.6349842028032748,137.39744830792708,179.8941088331324,313.2799668281739,0.805733301375367
18,8,81619,forward,w,deg,8172,8170.0,2.0,-2.9834179793454325,25.244068279501086,-29.832515030511875,43.35649431705424,73.18900934756611,-172.4635773581639,178.94372057325495,351.40729793141884,0.9680558476396413,47.72375281831596,177.4244340572992,194.1419357735182,0.9128537606101711
18,9,219846,forward,w,deg,5600,5593.0,7.0,-0.8029348938147791,68.49937373804482,-132.9343121210115,92.55719353899039,225.49150566000188,-178.36416228238159,179.6786887709012,358.0428510532828,-0.4042148275182436,166.28195670503123,179.09962568437055,13.799506108554413,0.47762879727012
18,10,13960,forward,w,deg,9062,9060.0,2.0,-1.0811247472273635,19.638554245177602,-10.357207731780937,12.595794702930341,22.95300243471128,-179.60473031011898,177.7895492159115,357.39427952603046,2.0541987110808355,17.953482393077625,179.65388276723513,302.22573067444324,0.9612665293351289
18,11,154309,forward,w,deg,27447,27440.0,7.0,-2.8802246778269875,22.20724771954984,-21.575199361507003,35.32847410694232,56.90367346844933,-179.93355982330314,179.95523933029153,359.8887991535947,-0.2952830351456262,56.63602374630081,178.87840983223248,15.556674832911856,0.9381214459028591
18,12,34080,forward,w,deg,3292,3289.0,3.0,-10.675027885172995,63.53589350489882,-83.22993106400463,104.99856097864549,188.22849204265012,-179.07578661546893,179.88163094707437,358.9574175625433,0.30021372354123377,130.81649294576295,179.80803020128388,62.630741755090654,0.5386073668290887
18,13,161766,forward,w,deg,26156,26146.0,10.0,-16.155835178016602,58.47066742420475,-48.06124138009751,106.96859700324654,155.02983838334404,-179.95634487888552,179.9854878423905,359.941832721276,0.38530773869063456,132.23681197617788,179.9382250171388,204.4863422389371,0.5989247151535699
18,14,168732,forward,w,deg,14242,14242.0,0.0,-4.907733137931544,27.799201848361047,-18.084057631800437,32.692560127803304,50.77661775960374,-179.66650942173533,179.9775276605979,359.6440370823332,2.2033861872905516,47.24171134221031,179.99219493549958,8.956413631303457,0.9138614981662883
18,15,74960,forward,w,deg,5227,5224.0,3.0,-5.508352793427576,27.5180982774745,-20.14637790887746,57.962673711803426,78.10905162068089,-179.22090102657802,177.96515666780397,357.186057694382,1.5164786437418813,69.00273100771408,178.32499185631423,312.0360209219984,0.9069641048573494
18,16,41395,forward,w,deg,9307,9300.0,7.0,-13.353710969384665,47.442597694105665,-41.93334012440523,92.3691682171682,134.30250834157343,-178.26942552090483,179.40245312101752,357.6718786419224,0.5289220594236966,131.2528818770828,179.972752893279,204.69362510191226,0.7207249219252236
18,17,50657,forward,w,deg,4248,4248.0,0.0,-2.3202469078793513,30.592214768729907,-21.506501445579563,94.39778557655546,115.90428702213502,-179.39936507043222,156.60165656223205,336.0010216326643,2.4684641190954344,105.24220912911333,170.20157289177644,316.3027674337448,0.8944303764643227
23,0,128106,backward,eps,km^2/s^2,30980,30980.0,0.0,-0.10466732161938402,0.026500953001429472,-0.15401804741627184,-0.06867971812889141,0.08533832928738043,-0.20050663962899862,-0.04380722131250103,0.15669941831649759,-0.5679639485299792,0.059750436972841485,0.10623902918556827,nan,nan
23,1,22427,backward,eps,km^2/s^2,4532,4532.0,0.0,-0.9380084033112831,0.015386498723898426,-0.9627286196042997,-0.9158567137212003,0.04687190588309942,-0.9706821246471251,-0.9023694217643137,0.06831270288281144,-0.10874462329892838,0.026960276507952213,0.03449313219880368,nan,nan
23,2,30751,backward,eps,km^2/s^2,1720,1720.0,0.0,-0.8219019508659133,0.016383293794951074,-0.8585513045289903,-0.8075257452328425,0.05102555929614783,-0.8830369260445747,-0.8062327657692095,0.07680416027536519,-0.7730549471518607,0.03820382452221194,0.06268944603779636,nan,nan
23,3,221317,backward,eps,km^2/s^2,4362,4362.0,0.0,-0.21555203984309607,0.03851087111142201,-0.2548418073132371,-0.1341227762891012,0.12071903102413589,-0.2582250091029896,-0.1074113674471664,0.15081364165582323,0.6430897625297526,0.08503653448241755,0.11174794332435234,nan,nan
23,4,58136,backward,eps,km^2/s^2,12619,12619.0,0.0,-0.9346298845765557,0.016808350210103077,-0.9590367184900228,-0.9082678242180428,0.05076889427198006,-1.0207392989867343,-0.8385846080099195,0.1821546909768148,0.3996266540037741,0.02802062337795812,0.09355327077413178,nan,nan
23,5,127595,backward,eps,km^2/s^2,3652,3652.0,0.0,-0.12822819754313486,0.05160166791590499,-0.2109752990092077,-0.04709770951415102,0.16387758949505668,-0.21982453357834364,-0.043879077490019736,0.1759454560883239,0.06174711827212545,0.09470210836758809,0.09792074039171939,nan,nan
23,6,22050,backward,eps,km^2/s^2,1731,1731.0,0.0,-0.8250342060681324,0.013864015943191976,-0.8554096850584132,-0.8125141895715735,0.042895495486839685,-1.017355824091562,-0.8072311716118334,0.21012465247972867,-3.491432692955271,0.0311223915063909,0.19306853053953987,nan,nan
23,7,8822,backward,eps,km^2/s^2,3027,3027.0,0.0,-0.9213450049016217,0.024918309046845003,-0.9593317018430367,-0.8809213666293346,0.07841033521370211,-0.9699743335828579,-0.8483053375806746,0.12166899600218328,0.07936555181829602,0.043612810696283276,0.07589399300657795,nan,nan
23,8,67258,backward,eps,km^2/s^2,1766,1766.0,0.0,-0.9674559892974903,0.005838956577165789,-0.9745641901281784,-0.9626543504643117,0.011909839663866717,-1.020836128343177,-0.9595309194667115,0.06130520887646551,-4.5128845719157535,0.007226521538132025,0.053490682511039056,nan,nan
23,9,172743,backward,eps,km^2/s^2,4515,4515.0,0.0,-0.24901277386899068,0.014232289462692917,-0.2582311019829668,-0.2135769757927241,0.04465412619024267,-0.2595672674968075,-0.18457780186170314,0.07498946563510434,1.1429863930161739,0.03473320765006065,0.06373238158108163,nan,nan
23,10,14142,backward,eps,km^2/s^2,8910,8910.0,0.0,-0.8793267645234384,0.017737422169855865,-0.9095890891731545,-0.8529387287883571,0.05665036038479743,-0.9156646803595127,-0.8201521690456712,0.09551251131384142,-0.08045753682585632,0.03064948887720587,0.061963380051285544,nan,nan
23,11,154309,backward,eps,km^2/s^2,27438,27438.0,0.0,-0.21785199242983555,0.029808349999535633,-0.24619819119433423,-0.15493112336213638,0.09126706783219785,-0.25819055416029335,-0.10586809319886892,0.15232246096142443,0.7154259513438372,0.0662319840858972,0.11529501424916466,nan,nan
23,12,99245,backward,eps,km^2/s^2,2857,2857.0,0.0,-0.9104369371960801,0.03515210319182446,-0.958776962659129,-0.8504128117500056,0.10836415090912344,-0.9716124779556511,-0.8332703898265645,0.13834208812908655,0.17510963099747245,0.05759704609518483,0.07005701435399125,nan,nan
23,13,161476,backward,eps,km^2/s^2,25184,25184.0,0.0,-0.17178962326707342,0.025427942285170774,-0.2059023342681872,-0.12195056177676963,0.08395177249141755,-0.23621960829967303,-0.10707468529620823,0.1291449230034648,0.36210967130239297,0.05266663504330844,0.06727175809781605,nan,nan
23,14,168732,backward,eps,km^2/s^2,15039,15039.0,0.0,-0.21987291367206385,0.01320700123261242,-0.23597435175219472,-0.1944039432547615,0.04157040849743321,-0.25825551256313173,-0.16988142669578588,0.08837408586734585,0.2549902637060529,0.029860077491964895,0.05071406977801496,nan,nan
23,15,76537,backward,eps,km^2/s^2,4877,4877.0,0.0,-0.9901299754320524,0.01240152127451511,-1.0052693788989768,-0.9665064035734986,0.03876297532547823,-1.020754723273971,-0.9620409644423636,0.058713758831607454,0.30295922032860134,0.03293607162722836,0.03740151075836329,nan,nan
23,16,42086,backward,eps,km^2/s^2,8720,8720.0,0.0,-0.8695510182757252,0.021785818621150622,-0.9044853787620923,-0.8383419852945921,0.0661433934675002,-0.9182613158571666,-0.8074104993932392,0.11085081646392747,-0.048988736590191664,0.04270926849690226,0.07364075439825524,nan,nan
23,17,49752,backward,eps,km^2/s^2,4179,4179.0,0.0,-0.9819786349201619,0.008485160986393684,-0.9935694193241015,-0.9656258050936192,0.027943614230482305,-1.0201349727623945,-0.9622137060821228,0.057921266680271755,0.243327488392856,0.02122351966742929,0.033333467563933405,nan,nan
23,18,122456,backward,eps,km^2/s^2,16365,16365.0,0.0,-0.1593471276417029,0.023608341891006888,-0.19962725786671226,-0.12540294341366273,0.07422431445304953,-0.2088919210075597,-0.04394829849427828,0.16494362251328143,-0.0915856066841116,0.0403548485078383,0.11841091707521889,nan,nan
23,19,30062,backward,eps,km^2/s^2,578,578.0,0.0,-0.8149969981489033,0.013105862012400328,-0.8477994684549154,-0.8066494616175292,0.04115000683738623,-0.8730865002439999,-0.806208472304013,0.06687802793998687,-1.4882043088593522,0.03092250706757606,0.05620953885666058,nan,nan
23,20,34315,backward,eps,km^2/s^2,1955,1955.0,0.0,-0.9132329934547276,0.04094667359137741,-0.9760454758296855,-0.848694164065874,0.12735131176381154,-1.0207437552380227,-0.8261789952345342,0.19456476000348855,0.040048302744197364,0.06563711575336165,0.10813905884841246,nan,nan
23,21,34650,backward,eps,km^2/s^2,1529,1529.0,0.0,-0.8360154062182263,0.03657138249522795,-0.949836587248364,-0.824617723037101,0.12521886421126294,-1.0020294531141347,-0.8097828514389317,0.19224660167520302,-2.4755374561215056,0.11601163940636507,0.16820450527213582,nan,nan
23,22,49623,backward,eps,km^2/s^2,7589,7589.0,0.0,-0.8692767902564998,0.020343178545956547,-0.9021545016647576,-0.8376209010629181,0.06453360060183955,-0.9754363726151322,-0.8303599539967863,0.14507641861834586,-0.08997582551338705,0.04167517915048571,0.09628518458844659,nan,nan
23,0,128106,backward,e,-,30980,30980.0,0.0,0.7501649326881219,0.0640785583007692,0.6303600763051912,0.8362997089341994,0.20593963262900816,0.5132441295367379,0.8956261106421681,0.3823819811054302,-0.5996427764626925,0.14477839561266959,0.26189434238112286,nan,nan
23,1,22427,backward,e,-,4532,4532.0,0.0,0.45060084634443853,0.024908568750125103,0.4136444123276849,0.48956456838218554,0.07592015605450064,0.3910460556731668,0.5016345195628941,0.11058846388972726,0.05857134494432641,0.042728368298703835,0.05662085921947474,nan,nan
23,2,30751,backward,e,-,1720,1720.0,0.0,0.21719031972591385,0.04305212621763422,0.17256316657245124,0.3060170605598683,0.13345389398741708,0.168344493093901,0.3529563712613796,0.18461187816747857,0.5587579971802727,0.09250856050506098,0.13944787120657223,nan,nan
23,3,221317,backward,e,-,4362,4362.0,0.0,0.4751291503394852,0.09969951219354685,0.36666258297729937,0.6794510297365606,0.3127884467592612,0.3566637372686819,0.7438227877631978,0.3871590504945159,0.5664130863447046,0.2131408618357971,0.27751261986243436,nan,nan
23,4,58136,backward,e,-,12619,12619.0,0.0,0.4456308618734698,0.027825951275567255,0.40117565702242536,0.4841547801005048,0.08297912307807942,0.2612016163393248,0.57285141266025,0.31164979632092515,-0.6601677270365517,0.04514537990835662,0.18028584736952608,nan,nan
23,5,127595,backward,e,-,3652,3652.0,0.0,0.6931845398539357,0.12589501593302035,0.4869484030520202,0.8877841046369027,0.4008357015848825,0.46277543762859824,0.8954556794646302,0.432680241836032,0.028699043446307602,0.22751049827381264,0.23518207310154016,nan,nan
23,6,22050,backward,e,-,1731,1731.0,0.0,0.22606500267919818,0.03327413151370732,0.1885726395415624,0.29842596412090405,0.10985332457934166,0.17206498836055237,0.5683087456411934,0.396243757280641,2.2938146909011317,0.07452756070369612,0.3444103422239855,nan,nan
23,7,8822,backward,e,-,3027,3027.0,0.0,0.4229296655476007,0.042691460953272295,0.34980269783727447,0.48424595310826735,0.13444325527099288,0.2824158144338258,0.5004312289167241,0.2180154144828983,-0.18718879205196334,0.07781300265149067,0.14519988605493933,nan,nan
23,8,67258,backward,e,-,1766,1766.0,0.0,0.4969792273202119,0.008536770299160163,0.4896695579339744,0.5075963695873815,0.01792681165340715,0.4850437433288472,0.5729713754320799,0.08792763210323268,4.244644257343768,0.010825059730275866,0.0761960634085489,nan,nan
23,9,172743,backward,e,-,4515,4515.0,0.0,0.38307733658528825,0.03916692504046815,0.35659137326832907,0.4794815650083376,0.12289019174000854,0.35264176551903914,0.5553494640083365,0.20270769848929737,1.096367592884471,0.09475484342148874,0.17062274242148767,nan,nan
23,10,14142,backward,e,-,8910,8910.0,0.0,0.34705344075678557,0.03451772438500119,0.29261579677991334,0.40278216189756877,0.11016636511765543,0.20975303495303843,0.4134082930618207,0.20365525810878227,-0.03221358457225658,0.059937447602437896,0.1426771515595333,nan,nan
23,11,154309,backward,e,-,27438,27438.0,0.0,0.4690377111472268,0.07708399200738336,0.39156467013040036,0.627923533170092,0.2363588630396916,0.35678920511849294,0.7475373127371864,0.39074810761869344,0.6511745451079137,0.1683736626414291,0.2879874422085235,nan,nan
23,12,99245,backward,e,-,2857,2857.0,0.0,0.40496157065030064,0.06325960241226747,0.28775428425976624,0.48387023260006384,0.1961159483402976,0.24817223996886442,0.5033271554393174,0.255154915470453,-0.32602506708918116,0.10576426205868535,0.14459513621752415,nan,nan
23,13,161476,backward,e,-,25184,25184.0,0.0,0.5866881300794755,0.0630802249796345,0.5002040465503477,0.7084551830609475,0.2082511365105998,0.41848026971848384,0.7442977461210382,0.3258174764025543,0.32129230457841,0.12927315353915483,0.1640896773811783,nan,nan
23,14,168732,backward,e,-,15039,15039.0,0.0,0.4635657134466557,0.034889288777117396,0.4200044552872917,0.529325680178215,0.10932122489092333,0.3565500023883035,0.5919951165122047,0.23544511412390123,0.14791958252230158,0.07841585253188435,0.13068766425160555,nan,nan
23,15,76537,backward,e,-,4877,4877.0,0.0,0.5302466343121519,0.017970342572037258,0.49545036459225894,0.5516247788791696,0.05617441428691067,0.48828440468421264,0.5728758045889726,0.08459139990475995,-0.33679247551962677,0.0480814603002076,0.055247420208253906,nan,nan
23,16,42086,backward,e,-,8720,8720.0,0.0,0.3283589795177463,0.04445310277666907,0.25971105829581226,0.3942440873127196,0.13453302901690734,0.1717112538576742,0.4170346165478668,0.2453233626901926,-0.09704910364936067,0.09133137179019798,0.17933117622833608,nan,nan
23,17,49752,backward,e,-,4179,4179.0,0.0,0.5184413404593947,0.012481228370944977,0.4940953693362932,0.535193054540966,0.041097685204672774,0.48865813687464693,0.5719985499113021,0.08334041303665513,-0.28346293396587474,0.03139032573783228,0.046605409071277415,nan,nan
23,18,122456,backward,e,-,16365,16365.0,0.0,0.6171377548727484,0.05845077273866836,0.516073963902854,0.6999870782548042,0.18391311435195024,0.4922151283516908,0.8952915352991448,0.40307640694745406,-0.11895947667405576,0.09990781463394845,0.28559276668989253,nan,nan
23,19,30062,backward,e,-,578,578.0,0.0,0.1971740903294939,0.035504495331993624,0.16962421342076592,0.280800700431501,0.1111764870107351,0.16819393098549065,0.3361355798546813,0.16794164886919064,1.1447025718001478,0.07723605434816372,0.132570933771344,nan,nan
23,20,34315,backward,e,-,1955,1955.0,0.0,0.4094512563256185,0.07234964209329804,0.2836934934816492,0.5097609720718892,0.22606747859024,0.22621774428384717,0.5728380058839121,0.3466202616000649,-0.2106428819511723,0.12496519176891566,0.18210291172768972,nan,nan
23,21,34650,backward,e,-,1529,1529.0,0.0,0.25441733363853436,0.06990964295478264,0.22505690766808767,0.46970381076462603,0.24464690309653836,0.1810878115290134,0.5472175968348836,0.36612978530587015,2.298287746869493,0.2206324412725682,0.29814622734282575,nan,nan
23,22,49623,backward,e,-,7589,7589.0,0.0,0.3280456553881769,0.04151909523212768,0.25782736471041534,0.3903426512193233,0.13251528650890798,0.2394988459555765,0.5088916188652927,0.2693927729097162,-0.07144495424684588,0.08981260037386635,0.16135109740701653,nan,nan
23,0,128106,backward,w,deg,30980,30980.0,0.0,-1.3083889813102445,4.959621315097988,-5.814278406316572,10.901027564657019,16.715305970973592,-9.644004725601832,15.687981181488226,25.331985907090058,1.0997434032194482,13.806424246302772,18.59337786313398,20.231676539461642,0.9962619289060503
23,1,22427,backward,w,deg,4532,4532.0,0.0,-0.7859808412936502,5.096635424491761,-4.599790102726392,16.294629268374145,20.894419371100536,-14.326720669683567,26.522615339576618,40.849336009260185,2.799370606250378,18.330776316180653,28.558762387383126,188.58741108627814,0.9960736769888239
23,2,30751,backward,w,deg,1720,1720.0,0.0,7.58754334599567,15.259152858525315,-30.90185237828292,13.105481330560183,44.007333708843106,-33.78208688691626,13.450924725486288,47.23301161240255,-0.9285507574145268,39.74031055179851,42.62054506043185,205.39715698607486,0.9650361916271247
23,3,221317,backward,w,deg,4362,4362.0,0.0,-1.6476606736104031,8.358635385449178,-10.173033155158542,12.7766931563077,22.949726311466243,-11.102318847937227,13.435570599873643,24.53788944781087,0.33622438962184636,17.734247029951618,18.393124473517588,22.93683445261244,0.9893892378570718
23,4,58136,backward,w,deg,12619,12619.0,0.0,-0.04340200165725605,5.166967351993721,-7.699678096529783,8.52204188934559,16.221719985875374,-28.374968800985584,17.83456820107932,46.209537002064906,0.03910489022430916,10.567257447447785,26.464627154301184,201.51313235887133,0.9959448865266554
23,5,127595,backward,w,deg,3652,3652.0,0.0,2.503754030084977,6.472316335938481,-9.98366400700381,7.542977720178305,17.526641727182117,-10.325599693424664,15.728121570853233,26.053721264277897,-0.41394861020955975,12.892829226186066,13.234764912606948,20.940706394731507,0.9936326573629479
23,6,22050,backward,w,deg,1731,1731.0,0.0,1.1057166424661204,6.887357635709658,-12.964296285181163,11.607467407935829,24.571763693116992,-33.20266615145158,14.57626473464967,47.77893088610125,-1.3319810972127244,15.197219978412718,35.435589844683136,204.94205419713717,0.9928377771895518
23,7,8822,backward,w,deg,3027,3027.0,0.0,-1.8250943520358476,6.876345847064578,-3.8303252957261207,20.763479453092597,24.593804748818716,-4.291889426165284,35.03506014677251,39.32694957293779,3.2629268010696517,23.12952758012639,37.4011082738063,184.41734849740712,0.9929110545289159
23,8,67258,backward,w,deg,1766,1766.0,0.0,0.010821182639887184,3.197774771932831,-4.112910341850437,4.670815652569068,8.783725994419505,-21.845385886202592,6.6950259047234795,28.540411790926072,-1.5931707130636699,6.214296186066335,20.55124338545977,197.1280632220668,0.9984472704208033
23,9,172743,backward,w,deg,4515,4515.0,0.0,1.6888051649337399,5.340826461096294,-11.043286920996072,5.413902603948327,16.4571895249444,-16.873771566496373,5.653129939460285,22.52690150595666,-1.027710462953517,14.774592646104685,20.60507729160497,31.303042673491497,0.9956655988996717
23,10,14142,backward,w,deg,8910,8910.0,0.0,0.024049645584966584,3.858518842054276,-5.865022813866065,5.6773578077826015,11.542380621648666,-19.482245379094394,28.497736035510314,47.97998141460471,0.7272870358788022,6.333439998385519,29.01651529045793,190.9789934261629,0.9977391593839787
23,11,154309,backward,w,deg,27438,27438.0,0.0,1.7403525492410665,5.430126482800786,-9.896728883831951,6.285751574248965,16.182480458080917,-15.865351698036335,9.732352869928718,25.597704567965053,-0.5911029221602926,15.363810252869209,21.332433067073595,27.325436523928914,0.9955163096163507
23,12,99245,backward,w,deg,2857,2857.0,0.0,2.074216902547363,9.88719634928999,-15.382994463868641,13.456758493263697,28.83975295713234,-34.65674909756527,13.890855120935328,48.547604218500595,-0.26144976683124743,24.80435947934117,44.0781141130378,206.16043871493463,0.9851761464618859
23,13,161476,backward,w,deg,25184,25184.0,0.0,-0.44396257211096213,3.8573122664001254,-5.057703342137844,10.105642176435097,15.163345518572942,-10.76097203046919,13.813749730268029,24.57472176073722,1.5492817561213903,9.160333176663631,12.493204504868913,22.679400921885918,0.9977394028883063
23,14,168732,backward,w,deg,15039,15039.0,0.0,0.5624664199987421,3.6360706293930973,-6.770213334884571,3.980286433176873,10.750499768061443,-14.245257169923065,9.10277672075074,23.348033890673804,-0.6277854934432903,9.048651297335107,16.523695132373604,27.960359248789654,0.9979888713986494
23,15,76537,backward,w,deg,4877,4877.0,0.0,-0.5454477215369025,6.728530942707402,-9.28886189636437,11.728502057463578,21.017363953827946,-10.88483137451803,14.288776562642,25.17360793716003,0.28758018189138596,11.191031426266454,13.403227053240812,191.6042738348394,0.9931199405218837
23,16,42086,backward,w,deg,8720,8720.0,0.0,-1.8033697983534722,6.509399142671287,-6.890325227009666,12.020820097189148,18.911145324198813,-33.27900924085159,15.576071314704194,48.85508055555579,-0.23360417353738752,13.959948338791335,31.761180955274142,204.77857060586805,0.9935893833819475
23,17,49752,backward,w,deg,4179,4179.0,0.0,-0.9843233639700202,4.9101239311317855,-6.499137977479603,9.75125251969136,16.25039049717096,-15.684296955744173,13.401362640946644,29.085659596690817,0.6474673620201382,12.689066107448468,16.327866811036273,191.75827053312173,0.9963340081730744
23,18,122456,backward,w,deg,16365,16365.0,0.0,0.17776271152160916,2.0703722300803302,-3.0658588880587843,2.6793971232264195,5.745256011285203,-16.69416740067342,8.663652628502803,25.357820029176224,-1.2620292806410864,3.5872621726573852,16.93635362871433,27.312391342787706,0.9993480475599471
23,19,30062,backward,w,deg,578,578.0,0.0,3.859213917696266,13.77043174205696,-26.5626486894264,14.98896161472356,41.55161030414996,-32.53166535972164,15.442006754482861,47.973672114204504,-0.6982362026805894,37.21900660194203,43.188023272237274,204.507730731301,0.9714355223249416
23,20,34315,backward,w,deg,1955,1955.0,0.0,-1.2734540383771673,7.818947864013898,-6.091681850504199,19.21387290664396,25.30555475714816,-25.93849141114879,22.83772127347646,48.77621268462525,0.9411359481487442,22.790179428947347,25.960804811004294,197.39089706314772,0.990772823729644
23,21,34650,backward,w,deg,1529,1529.0,0.0,1.6014006323752028,6.491446184956911,-15.399701819374155,9.1202387502203,24.519940569594453,-31.96661732558576,9.889590523974135,41.856207849559894,-1.3483055377798896,17.431754160456368,33.99866966666798,209.80748483696237,0.9936134192226584
23,22,49623,backward,w,deg,7589,7589.0,0.0,0.42617312989122524,4.858904999900431,-6.147142599642564,4.717665278963864,10.864807878606427,-35.54786981773967,13.153397057420278,48.701266875159945,-4.186150669451929,6.573001712240781,35.54693063385534,207.09367141284233,0.9964699392142495
23,0,128106,forward,eps,km^2/s^2,30980,30976.0,4.0,-0.15008318328623416,0.03565695378527949,-0.20120906621550738,-0.09755349900170338,0.103655567213804,-0.8608176893382692,-0.07470591120036008,0.7861117781379091,-0.5444094735229826,0.06436552625619407,0.7239741493789559,nan,nan
23,1,22427,forward,eps,km^2/s^2,4532,4532.0,0.0,-0.9601567563696889,0.03454234543378016,-0.9923756868116654,-0.8962155346875786,0.0961601521240868,-0.996149841044156,-0.8088296768258294,0.18732016421832665,0.757837262076123,0.04990309961834806,0.13701882329780057,nan,nan
23,2,30751,forward,eps,km^2/s^2,1720,1720.0,0.0,-0.2419923665805459,0.03220450129397463,-0.2563958532130654,-0.15267678508373408,0.10371906812933132,-0.25918437217042745,-0.07278445935046873,0.1863999128199587,2.147800314628997,0.08350090806094532,0.16339323379421067,nan,nan
23,3,221317,forward,eps,km^2/s^2,4362,4360.0,2.0,-0.8417089933447182,0.0369510369282044,-0.9511573202055906,-0.810963314423244,0.14019400578234664,-1.0181865681958364,-0.18427403313659396,0.8339125350592425,-0.5212377261936766,0.10947020727587405,0.6574400558285783,nan,nan
23,4,58136,forward,eps,km^2/s^2,12619,12618.0,1.0,-0.20285749747384024,0.037776953852074115,-0.22970483708579129,-0.13334701038530591,0.09635782670048537,-0.837361965690643,-0.060086332099685946,0.7772756335909571,-4.681837375453032,0.06600879292114746,0.6382474921197097,nan,nan
23,5,127595,forward,eps,km^2/s^2,3652,3640.0,12.0,-0.8589393978574096,0.061727605373453516,-0.970095444989101,-0.8166690592029158,0.15342638578618528,-1.0205829238249695,-0.10646503045023847,0.914117893374731,3.635938868703544,0.09832999639419684,0.8078964603339687,nan,nan
23,6,22050,forward,eps,km^2/s^2,1731,1724.0,7.0,-0.824763074909306,0.1141166869583575,-0.8816228100368887,-0.8120889641964886,0.06953384584040012,-1.0150456054286332,-0.04389160369217371,0.9711540017364595,5.669400499623521,0.08851108212564164,0.7777653047252737,nan,nan
23,7,8822,forward,eps,km^2/s^2,3027,3027.0,0.0,-0.8800271150936764,0.02569322200112899,-0.9403196572559678,-0.8589752917811712,0.08134436547479662,-0.9819994090634598,-0.8129505283252367,0.1690488807382231,-1.8745556715397387,0.06410065790778631,0.10578040971527836,nan,nan
23,8,67258,forward,eps,km^2/s^2,1766,1765.0,1.0,-0.1472436279895596,0.08119245832430598,-0.21331609635123017,-0.12173920048428903,0.09157689586694114,-0.8827561980116676,-0.051543237175719625,0.831212960835948,-7.138570024891262,0.07230965555375675,0.7417188223596701,nan,nan
23,9,172743,forward,eps,km^2/s^2,4515,4506.0,9.0,-0.2028092071341978,0.32882967526153933,-0.8402709682485305,-0.10852219979465916,0.7317487684538714,-0.8920715892168103,-0.05348394015975977,0.8385876490570505,-0.31312807288682,0.7337218635581251,0.7855224845264048,nan,nan
23,10,14142,forward,eps,km^2/s^2,8910,8908.0,2.0,-0.9642578808631392,0.03575952575215838,-1.0034171472773086,-0.9000788647814671,0.10333828249584143,-1.0194952570673936,-0.8083122659415304,0.21118299112586325,0.5916531937894253,0.05482821056097509,0.14658949163684332,nan,nan
23,11,154309,forward,eps,km^2/s^2,27438,27432.0,6.0,-0.8706858950291199,0.03076766184231531,-0.9207540704183521,-0.8408995337710378,0.07985453664731434,-1.0195465359042162,-0.20899974813016542,0.8105467877740508,7.353002542159337,0.05412594777788359,0.6590116034332637,nan,nan
23,12,99245,forward,eps,km^2/s^2,2857,2857.0,0.0,-0.9081953962446878,0.0412680893032315,-0.9769010516164313,-0.845261797561145,0.13163925405528631,-0.9814862737065534,-0.8085486977147093,0.17293757599184412,-0.003848092067130718,0.07134537370168068,0.09940555151766306,nan,nan
23,13,161476,forward,eps,km^2/s^2,25184,25176.0,8.0,-0.11024952591117149,0.05250106301550635,-0.21195664486585616,-0.06778476366551323,0.14417188120034294,-0.8267214821822352,-0.04380055913553149,0.7829209230467037,-2.130629445723204,0.07914583101012657,0.6856944413826003,nan,nan
23,14,168732,forward,eps,km^2/s^2,15039,15039.0,0.0,-0.9211936099101042,0.031041087577073377,-0.9527977344835934,-0.8524022329084652,0.10039550157512822,-1.020820045950525,-0.8072575607210861,0.21356248522943888,1.1875538807542878,0.06625306498640336,0.10886379119595213,nan,nan
23,15,76537,forward,eps,km^2/s^2,4877,4874.0,3.0,-0.8782055043960808,0.031131672570204324,-0.933713068962121,-0.8500389500993342,0.08367411886278686,-1.0201739466041788,-0.25793664000816996,0.7622373065960089,4.310143871045326,0.05110134256314859,0.6284593043462198,nan,nan
23,16,42086,forward,eps,km^2/s^2,8720,8714.0,6.0,-0.18086002209478885,0.07041721015915135,-0.2136385850839585,-0.13706031396027432,0.07657827112368418,-0.9752300854924874,-0.043981079635574294,0.9312490058569131,-7.651726647253767,0.054532114941786156,0.7918856447207259,nan,nan
23,17,49752,forward,eps,km^2/s^2,4179,4179.0,0.0,-0.9511963531043998,0.03337735869213928,-0.9850457595718595,-0.8948186332011505,0.09022712637070895,-1.0177613353840123,-0.806596914213894,0.21116442117011824,1.066359725933467,0.04808674609913284,0.13627610833893522,nan,nan
23,18,122456,forward,eps,km^2/s^2,16365,16364.0,1.0,-0.9419422347461894,0.028542923252674973,-0.96948014364065,-0.8937019516444824,0.07577819199616764,-0.9770447708625187,-0.25762916807942315,0.7194156027830956,3.529091011584221,0.04190624706948784,0.6723586458977076,nan,nan
23,19,30062,forward,eps,km^2/s^2,578,576.0,2.0,-0.9106667709952201,0.07726254833564505,-0.9791586705377893,-0.8317637608519377,0.14739490968585156,-0.9807716408007237,-0.13357559819892317,0.8471960426018005,5.796894990960693,0.07706641746097326,0.7690337039798337,nan,nan
23,20,34315,forward,eps,km^2/s^2,1955,1953.0,2.0,-0.9075795651963054,0.04692418866205568,-0.9693082425028079,-0.8208522896219124,0.14845595288089553,-1.0206562915180895,-0.20960742047084435,0.8110488710472451,1.892577118949553,0.0972832340501653,0.7027574481811727,nan,nan
23,21,34650,forward,eps,km^2/s^2,1529,1529.0,0.0,-0.11007087544676175,0.1371365182069512,-0.1986559279666486,-0.04639751542583324,0.15225841254081537,-0.928908058853442,-0.04437929460744894,0.884528764245993,-4.6659869189624565,0.1297538845717432,0.8600060154585366,nan,nan
23,22,49623,forward,eps,km^2/s^2,7589,7589.0,0.0,-0.23516272700095076,0.009963824284829302,-0.24834719121993926,-0.21721829037154516,0.031128900848394092,-0.25941407703174046,-0.17972299893466037,0.07969107809708009,0.5095781903316884,0.01851255688440836,0.055184096994507326,nan,nan
23,0,128106,forward,e,-,30980,30976.0,4.0,0.6402919879352127,0.08776829993752258,0.512472660212673,0.7671966884160137,0.2547240282033407,0.3099506679314076,0.8220376829880282,0.5120870150566206,-0.3836679141762575,0.1600298559260191,0.3625518482072846,nan,nan
23,1,22427,forward,e,-,4532,4532.0,0.0,0.48568014665182724,0.05694486003980049,0.37884807708319,0.5334798581512468,0.15463178106805675,0.1760689075127438,0.5388564165170615,0.3627875090043177,-1.0629185996869548,0.08434602304700263,0.28712519261744884,nan,nan
23,2,30751,forward,e,-,1720,1720.0,0.0,0.4035718540413723,0.08385024755610676,0.3619932534491218,0.6336577013194743,0.2716644478703525,0.3535949382275066,0.826618228390844,0.4730232901633374,2.014205593591056,0.21326101775033515,0.40622154482170486,nan,nan
23,3,221317,forward,e,-,4362,4360.0,2.0,0.26790286169090516,0.070919920653816,0.18290450460924662,0.4721483338561432,0.28924382924689657,0.17032427099550282,0.56932910221214,0.3990048312166371,1.558809244568197,0.20420793544072008,0.30138870379671684,nan,nan
23,4,58136,forward,e,-,12619,12618.0,1.0,0.5078080100123041,0.08011591835155979,0.4372314482884388,0.6807553683702711,0.24352392008183227,0.17015982740479887,0.8568787149132043,0.6867188875084055,0.5616242362411489,0.16401620620160248,0.3471412274800897,nan,nan
23,5,127595,forward,e,-,3652,3640.0,12.0,0.3072985435429905,0.09763360929417465,0.20574650290940927,0.5018679003531601,0.2961213974437508,0.1698141830836259,0.745750992301869,0.5759368092182431,0.4502391338421981,0.20724186184065868,0.3343595996270156,nan,nan
23,6,22050,forward,e,-,1731,1724.0,7.0,0.2272978342182017,0.0956645590556518,0.18836793950512315,0.4040878726875298,0.21571993318240668,0.16971236327555636,0.8954250633070769,0.7257127000315206,4.195565674741202,0.18746813471543036,0.6788053253349775,nan,nan
23,7,8822,forward,e,-,3027,3027.0,0.0,0.3481717568827132,0.046771788144781445,0.30548263330396713,0.45502546256834503,0.1495428292643779,0.1914905577863406,0.5185090086168794,0.3270184508305388,1.2674726616930414,0.1303463568708791,0.17772872305083903,nan,nan
23,8,67258,forward,e,-,1766,1765.0,1.0,0.6467340456671085,0.08357162284728062,0.48104856195554485,0.7089059232230239,0.22785736126747907,0.16990241824138758,0.8772211912241045,0.7073187729827168,-1.9718608352907265,0.1810807723487849,0.4921834438062111,nan,nan
23,9,172743,forward,e,-,4515,4506.0,9.0,0.5082964019931754,0.20476959845125137,0.18545443054316674,0.7407850649044946,0.5553306343613278,0.17117027507337262,0.8726010775688735,0.7014308024955009,-0.029098378254353154,0.5601123906039803,0.5743965460737745,nan,nan
23,10,14142,forward,e,-,8910,8908.0,2.0,0.49185911702766766,0.057544552155679635,0.38558066594044615,0.5490424297571681,0.16346176381672195,0.17440121974359496,0.5711935451900068,0.3967923254464118,-0.8724587429316002,0.09179037628683216,0.3029278332409161,nan,nan
23,11,154309,forward,e,-,27438,27432.0,6.0,0.330911343193835,0.04733708226027856,0.26592395307855204,0.422748428584135,0.15682447550558298,0.17006665311222163,0.5711940403640638,0.4011273872518422,0.4248659284896255,0.10031925091923848,0.24589090263153596,nan,nan
23,12,99245,forward,e,-,2857,2857.0,0.0,0.4009186355350929,0.07417459782945167,0.27600381841490845,0.511001526043545,0.23499770762863653,0.17689843824555226,0.5177719141701281,0.34087347592457584,-0.256682898681489,0.12414965118924488,0.2232550313586011,nan,nan
23,13,161476,forward,e,-,25184,25176.0,8.0,0.7366919092133835,0.12274268351631942,0.4843080460570507,0.8384691753836817,0.354161129326631,0.2062286491345052,0.8956399397956282,0.6894112906611229,-0.8770131662111346,0.19224220002408138,0.4556803347958215,nan,nan
23,14,168732,forward,e,-,15039,15039.0,0.0,0.4233798999145151,0.058896817613150514,0.29284200956331463,0.4745641129550707,0.1817221033917561,0.1716128968919359,0.572955757279698,0.4013428603877621,-1.8154163521074875,0.12634814508260558,0.24311320806386147,nan,nan
23,15,76537,forward,e,-,4877,4874.0,3.0,0.34526173411232525,0.05060522751102298,0.28636055541421157,0.44402538286735366,0.1576648274531421,0.18433377763711412,0.5721043294030014,0.38777055176588726,0.6227222448693778,0.0924159040910444,0.21126889657397202,nan,nan
23,16,42086,forward,e,-,8720,8714.0,6.0,0.5638784154691823,0.07479867710880923,0.48009257201814765,0.6722785439460834,0.1921859719279358,0.17717376521115666,0.8952125964134294,0.7180388312022727,-0.26314779952023776,0.13486699110945483,0.3800583047575926,nan,nan
23,17,49752,forward,e,-,4179,4179.0,0.0,0.4718224988135587,0.057200341813826716,0.3763459957546045,0.5229299736424295,0.14658397788782507,0.16949320295763892,0.5688579777800702,0.39936477482243127,-1.5502272614147015,0.08223101945088723,0.28903988268308495,nan,nan
23,18,122456,forward,e,-,16365,16364.0,1.0,0.4572716682704636,0.04718073895510169,0.37477919961013656,0.5000188211160899,0.1252396215059533,0.17049289640178886,0.5112590529177172,0.34076615651592834,-1.8025497321253927,0.0676439574410271,0.26737696113899867,nan,nan
23,19,30062,forward,e,-,578,576.0,2.0,0.40829954688714915,0.08730120995962763,0.2441601632530299,0.5145689363655809,0.27040877311255096,0.1816681563092763,0.680287634668515,0.49861947835923875,-0.25940556735182174,0.14672249899510986,0.2895830852522215,nan,nan
23,20,34315,forward,e,-,1955,1953.0,2.0,0.3996554921229646,0.0841541903778648,0.21625101437138214,0.49983478031615025,0.2835837659447681,0.16857236846964585,0.572716237374,0.40414386890435416,-0.6886234830834574,0.1916541702414613,0.2393328161431978,nan,nan
23,21,34650,forward,e,-,1529,1529.0,0.0,0.737249417944343,0.12688173116477838,0.5185045974622323,0.889460553263926,0.3709559558016937,0.1705568463462666,0.8942666422086608,0.7237097958623941,-1.3994712916599346,0.3173635327048432,0.6653112838208091,nan,nan
23,22,49623,forward,e,-,7589,7589.0,0.0,0.4224393314626844,0.027240726171427372,0.3855335261198222,0.47068249512389865,0.08514896900407642,0.35321325181105695,0.5675076137281847,0.21429436191712775,0.4392023552930141,0.05023731450462543,0.14486125376197678,nan,nan
23,0,128106,forward,w,deg,30980,30976.0,4.0,-4.911939910485643,28.605922862642835,-22.90722266453158,46.78020853761507,69.68743120214666,-179.86717558606313,179.98604787920067,359.8532234652638,1.367525906724385,71.12531627960226,179.9567487417293,174.7911116932658,0.9016969305183383
23,1,22427,forward,w,deg,4532,4532.0,0.0,-2.473144278803545,24.241377679101703,-13.740012329114483,37.930849961559026,51.67086229067351,-178.43918341368047,176.6601119851877,355.0992953988682,3.393192330796325,45.584232620600936,178.30799543269765,304.28930159595564,0.9375489574126816
23,2,30751,forward,w,deg,1720,1720.0,0.0,-7.420146388188982,33.176633850126365,-34.714872944735895,64.4284205407206,99.1432934854565,-177.64818610807257,176.7709885278657,354.41917463593825,0.9987760379032705,62.04638256913916,179.20278868498474,217.6747988582569,0.8517772879366253
23,3,221317,forward,w,deg,4362,4360.0,2.0,-8.919004451638358,33.26881291298637,-27.39446240509437,78.81401750629489,106.20847991138926,-177.09655276533516,171.34662119843148,348.44317396376664,1.465690432113882,103.6414182937696,178.8892237607834,62.73810916770758,0.8584265514367274
23,4,58136,forward,w,deg,12619,12618.0,1.0,-5.7982248164296095,29.90655819792999,-26.64723071471904,49.27695547213479,75.92418618685383,-179.66422672829148,179.1444366040231,358.8086633323146,1.5348760498910248,74.80880325414881,179.21478616558596,190.371129191997,0.8898119891893392
23,5,127595,forward,w,deg,3652,3640.0,12.0,6.456540332358244,41.762190915946434,-56.84874522013897,69.1631136147048,126.01185883484376,-165.84280766875548,174.40264307721804,340.2454507459735,0.4230674767551595,73.4726090960698,174.885781985074,112.3357391316265,0.7762419253968721
23,6,22050,forward,w,deg,1731,1724.0,7.0,-3.3275226515707175,30.48026576391478,-26.342615770999245,69.4754270351454,95.81804280614465,-175.57773840322824,179.9884914850781,355.56622988830634,1.4991801211174653,87.1522487276244,173.14637036765453,161.80567119202175,0.8936965223614131
23,7,8822,forward,w,deg,3027,3027.0,0.0,-3.952669233598556,23.810821729863722,-6.8292811354284195,49.30353939713186,56.132820532560274,-174.2671052118531,174.37354094249707,348.6406461543502,0.38078411530028544,59.25770989703824,179.38898749931553,296.35527727935425,0.939733236742959
23,8,67258,forward,w,deg,1766,1765.0,1.0,-7.524879750656879,46.20455295177638,-23.507302566560565,121.73372413390372,145.2410267004643,-178.3610852485675,178.9436088288802,357.3046940774477,1.2590356485240237,141.73336938363343,179.9667238194209,205.71863368984435,0.7795589773962652
23,9,172743,forward,w,deg,4515,4506.0,9.0,-14.343724562279135,66.4625842481775,-85.40252111532598,94.55050983167249,179.95303094699847,-163.03999283821074,177.34209867482917,340.3820915130399,0.06482994252515639,153.93440841986353,179.91977062777062,307.3750694201066,0.4287985461400798
23,10,14142,forward,w,deg,8910,8908.0,2.0,-0.9824631956676058,17.957910313280557,-10.247014298483517,12.399426841068284,22.6464411395518,-171.29724792696177,171.1741108887215,342.4713588156833,2.8027022387676612,17.57309545342687,175.9004140773053,302.2450956636236,0.966818418565726
23,11,154309,forward,w,deg,27438,27432.0,6.0,-2.8746965316140205,22.03101074689847,-21.56908422945761,35.114934239355925,56.684018468813534,-179.9661259944798,179.92267315911488,359.8887991535947,0.001595556294926715,56.172502825971286,178.3173414499265,15.5892410040885,0.9386821268455503
23,12,99245,forward,w,deg,2857,2857.0,0.0,-6.812341225629666,44.04520905874206,-24.427970210200737,79.90804555168536,104.3360157618861,-179.3547049645681,179.45723965677155,358.81194462133965,1.8001442401397498,87.2727715340264,179.93620896436082,342.3220608192304,0.8140365433437498
23,13,161476,forward,w,deg,25184,25176.0,8.0,-16.346018802044796,58.50316194912953,-46.21001618015254,108.30618616322721,154.51620234337975,-179.9466328962351,179.95609609943722,359.9027289956723,0.3969543623293018,130.85717201165235,179.93040158093496,202.4665274055043,0.598424484692567
23,14,168732,forward,w,deg,15039,15039.0,0.0,-4.331413658835345,27.330497529411108,-18.831588381257507,32.66203426251247,51.49362264376998,-179.97078176400828,179.5565864000597,359.527368164068,2.061604469125168,48.56267986444038,179.99219493549958,9.733317809508451,0.915009611286122
23,15,76537,forward,w,deg,4877,4874.0,3.0,-3.498080104796543,22.839257520523844,-16.789352479717202,34.76869993203782,51.55805241175502,-178.5823087265918,178.70106771685096,357.28337644344276,1.6847996022031617,40.93638368623303,177.25818987171345,308.58348631639416,0.9393847930545106
23,16,42086,forward,w,deg,8720,8714.0,6.0,-13.900026137513322,44.46741625388545,-37.072189162016244,95.33655716129127,132.40874632330753,-175.93265335620217,176.7911476689734,352.7238010251756,0.9249495909198394,130.21365178514128,179.9238816895637,200.02873157913191,0.7561694369048141
23,17,49752,forward,w,deg,4179,4179.0,0.0,-1.9855166265901403,28.387376455279426,-20.92974910781208,27.75260627211046,48.68235537992254,-178.91971030142122,157.0813113312431,336.00102163266433,2.5192041410800208,83.84830973972363,169.56739004842188,315.8231126647338,0.9080642277689552
23,18,122456,forward,w,deg,16365,16364.0,1.0,-3.425887904985686,23.74024116538664,-19.219676703823914,37.13139380952393,56.35107051334784,-175.14597386138814,176.58518743805234,351.7311612994405,1.3512523100561935,53.114059282827114,179.1433025147559,11.551148954450998,0.9339475867471578
23,19,30062,forward,w,deg,578,576.0,2.0,-5.558553454000474,44.9117439057366,-31.69103547074515,123.57742236479241,155.26845783553756,-57.092565764340236,176.9359142494402,234.02848001378044,1.8153507565207918,147.35921162092882,174.4098973178718,31.222327497237654,0.7753630545929767
23,20,34315,forward,w,deg,1955,1953.0,2.0,-2.6718034725231803,34.70310832061119,-55.0217632364846,46.47807042707223,101.49983366355684,-178.66437304489426,179.78287828452238,358.44725132941664,-0.9846613241901256,63.99347248104705,171.65298984732078,46.58057570734257,0.8648803617109495
23,21,34650,forward,w,deg,1529,1529.0,0.0,-5.223604053114002,47.14693636760972,-33.35839284164412,95.80252397175582,129.16091681339992,-176.12919963815682,178.4976638555354,354.6268634936922,0.2266849231828493,133.34509498186313,178.5186946318687,275.93610063326383,0.7721798501637613
23,22,49623,forward,w,deg,7589,7589.0,0.0,-2.7868786472732268,21.580012011668668,-25.39530850593191,35.425275293959665,60.82058379989158,-178.98872070931208,176.56019649219326,355.54891720150533,0.7705101387468878,55.854009078993016,171.7654420003658,193.31358600729254,0.9361455115255564
27,0,144351,backward,eps,km^2/s^2,45542,45542.0,0.0,-0.12373741509278008,0.03763019977632635,-0.1898866558168249,-0.07167182733314324,0.11821482848368166,-0.20319970068880977,-0.043834796693581146,0.15936490399522862,-0.17544955806199167,0.071789791243713,0.08509725961090864,nan,nan
27,1,22427,backward,eps,km^2/s^2,4532,4532.0,0.0,-0.9380084033112831,0.015386498723898426,-0.9627286196042997,-0.9158567137212003,0.04687190588309942,-0.9706821246471251,-0.9023694217643137,0.06831270288281144,-0.10874462329892838,0.026960276507952213,0.03449313219880368,nan,nan
27,2,30751,backward,eps,km^2/s^2,1717,1717.0,0.0,-0.8218948351356327,0.016377827196556973,-0.8585741495282683,-0.8075252614825074,0.05104888804576091,-0.8830369260445747,-0.8062327657692095,0.07680416027536519,-0.7759368340231453,0.03822666952148989,0.06268944603779636,nan,nan
27,3,221195,backward,eps,km^2/s^2,4355,4355.0,0.0,-0.21417712425085533,0.03806004562158261,-0.254701044646337,-0.13401796739071944,0.12068307725561758,-0.2582250091029896,-0.11102215498852552,0.1472028541144641,0.6035723563073863,0.08234158931879945,0.10533740172099337,nan,nan
27,4,50147,backward,eps,km^2/s^2,6044,6044.0,0.0,-0.9369687751793019,0.0165784130417963,-0.9605185234360057,-0.9095904505671236,0.050928072868882124,-0.9622160199056999,-0.8957849805520551,0.0664310393536448,0.13502274781925813,0.02789718722771661,0.03703086324348115,nan,nan
27,5,127305,backward,eps,km^2/s^2,3336,3336.0,0.0,-0.1295332898824526,0.053352907493044215,-0.21136945479280067,-0.04678009172942485,0.16458936306337582,-0.21982453357834364,-0.043879077490019736,0.1759454560883239,0.07375441842359803,0.09467091148782616,0.09757192572723128,nan,nan
27,6,22050,backward,eps,km^2/s^2,1731,1731.0,0.0,-0.8250342060681324,0.013864015943191976,-0.8554096850584132,-0.8125141895715735,0.042895495486839685,-1.017355824091562,-0.8072311716118334,0.21012465247972867,-3.491432692955271,0.0311223915063909,0.19306853053953987,nan,nan
27,7,8822,backward,eps,km^2/s^2,3015,3015.0,0.0,-0.9211940811897934,0.024896363126565447,-0.9593463316548305,-0.8808915677204833,0.07845476393434725,-0.9699743335828579,-0.8483053375806746,0.12166899600218328,0.07248320212805084,0.04361868719652333,0.07589399300657795,nan,nan
27,8,80416,backward,eps,km^2/s^2,7406,7406.0,0.0,-0.9302955582436765,0.01822591704615223,-0.9556423626649959,-0.9031083303560806,0.05253403230891529,-1.0207392989867343,-0.8363612138256434,0.1843780851610909,0.5161583999118149,0.03168947841065936,0.09613250793063155,nan,nan
27,9,175498,backward,eps,km^2/s^2,2919,2919.0,0.0,-0.2502408514805916,0.011815986294108393,-0.25658331549764957,-0.22774562653340683,0.02883768896424274,-0.2595672674968075,-0.1678097530070919,0.09175751448971559,2.3733952280960504,0.01799416764681303,0.07793004117312796,nan,nan
27,10,14142,backward,eps,km^2/s^2,8910,8910.0,0.0,-0.8793267645234384,0.017737422169855865,-0.9095890891731545,-0.8529387287883571,0.05665036038479743,-0.9156646803595127,-0.8201521690456712,0.09551251131384142,-0.08045753682585632,0.03064948887720587,0.061963380051285544,nan,nan
27,11,176287,backward,eps,km^2/s^2,17402,17402.0,0.0,-0.23365284336548275,0.01329324424216041,-0.24760881997992132,-0.20457334648887496,0.04303547349104636,-0.25862126209174097,-0.19250205558958144,0.06611920650215952,0.656090249671662,0.030421460338731908,0.04249275123802543,nan,nan
27,12,99245,backward,eps,km^2/s^2,2846,2846.0,0.0,-0.9102565017773387,0.03514246895055328,-0.9587248329376334,-0.8503397237200644,0.10838510921756905,-0.9716124779556511,-0.8332703898265645,0.13834208812908655,0.17023884480788432,0.057602219984715486,0.07005701435399125,nan,nan
27,13,156237,backward,eps,km^2/s^2,2360,2360.0,0.0,-0.17727095800660092,0.03353302319455247,-0.20468826476152013,-0.10777325620812865,0.09691500855339148,-0.23396340960576145,-0.1051201269881269,0.12884328261763456,0.4950604540537504,0.0630125351376864,0.06560024518824403,nan,nan
27,14,168732,backward,eps,km^2/s^2,13781,13781.0,0.0,-0.21905084790444762,0.011701308818479384,-0.23267326604248117,-0.1938483035550822,0.03882496248739897,-0.2512478078802216,-0.17470905287053562,0.07653875500968599,0.8137584694072527,0.026864667446534374,0.045886443603265215,nan,nan
27,15,76537,backward,eps,km^2/s^2,4874,4874.0,0.0,-0.9901437238630135,0.01240055231049709,-1.0052718028130547,-0.9665057393142114,0.03876606349884337,-1.020754723273971,-0.9620409644423636,0.058713758831607454,0.3044069158496111,0.03293673588651553,0.03740151075836329,nan,nan
27,16,41854,backward,eps,km^2/s^2,8536,8536.0,0.0,-0.8683045131397834,0.02102476602225792,-0.9022933390124639,-0.8382598613060946,0.06403347770636925,-0.9182613158571666,-0.8074104993932392,0.11085081646392747,-0.04301817802732872,0.04175798633811309,0.0726073482509686,nan,nan
27,17,49752,backward,eps,km^2/s^2,4179,4179.0,0.0,-0.9819786349201619,0.008485160986393684,-0.9935694193241015,-0.9656258050936192,0.027943614230482305,-1.0201349727623945,-0.9622137060821228,0.057921266680271755,0.243327488392856,0.02122351966742929,0.033333467563933405,nan,nan
27,18,125038,backward,eps,km^2/s^2,14730,14730.0,0.0,-0.16103164126865177,0.024545068538154,-0.2022401352938105,-0.12568573138203767,0.07655440391177282,-0.21157358041934793,-0.04394829849427828,0.16762528192506965,-0.08336274869794008,0.04144515109742395,0.11989401232941244,nan,nan
27,19,30062,backward,eps,km^2/s^2,578,578.0,0.0,-0.8149969981489033,0.013105862012400328,-0.8477994684549154,-0.8066494616175292,0.04115000683738623,-0.8730865002439999,-0.806208472304013,0.06687802793998687,-1.4882043088593522,0.03092250706757606,0.05620953885666058,nan,nan
27,20,34315,backward,eps,km^2/s^2,1949,1949.0,0.0,-0.91310539672336,0.04097415747093693,-0.9760515561983848,-0.8486649241440696,0.12738663205431522,-1.0207437552380227,-0.8261789952345342,0.19456476000348855,0.035844305766719965,0.06563939952224003,0.10813905884841246,nan,nan
27,21,34650,backward,eps,km^2/s^2,1433,1433.0,0.0,-0.8355564450431349,0.03013647352470042,-0.9062085120135107,-0.8243968402326822,0.08181167178082849,-1.0020294531141347,-0.8097828514389317,0.19224660167520302,-3.6767154106192863,0.07238356417151166,0.16820450527213582,nan,nan
27,22,48939,backward,eps,km^2/s^2,7080,7080.0,0.0,-0.8676067738142053,0.019147161629314253,-0.8982483176752244,-0.8373296203205333,0.06091869735469113,-0.9225686439359054,-0.8303599539967863,0.09220868993911913,-0.04478644941760161,0.04011247047806534,0.0470034351290487,nan,nan
27,23,151127,backward,eps,km^2/s^2,3687,3687.0,0.0,-0.2300413068061239,0.02291865536922928,-0.25834957692296034,-0.1897905574079942,0.06855901951496615,-0.2593276385082858,-0.17558576060658349,0.08374187790170229,0.2272438241409806,0.04688361008479817,0.06108840688620887,nan,nan
27,24,67258,backward,eps,km^2/s^2,1759,1759.0,0.0,-0.9674824080663036,0.0056919449265536385,-0.9745521975727836,-0.9626740771454984,0.0118781204272852,-1.020836128343177,-0.9622035491243005,0.058632579218876546,-4.549179242946111,0.007206751740645534,0.053490682511039056,nan,nan
27,25,117692,backward,eps,km^2/s^2,12103,12103.0,0.0,-0.17436456995852057,0.02246652443484347,-0.20831111241959063,-0.13929037843171163,0.069020733987879,-0.2165461215879867,-0.05073280374710809,0.1658133178408786,0.33871879605857735,0.03956061235322308,0.12811818703782663,nan,nan
27,26,149482,backward,eps,km^2/s^2,7320,7320.0,0.0,-0.16547231591469547,0.0353979844936458,-0.20944152075489936,-0.11119505556452701,0.09824646519037235,-0.23203998749279275,-0.04380722131250103,0.18823276618029172,0.1890677949244344,0.05799815001163444,0.12532842312977488,nan,nan
27,0,144351,backward,e,-,45542,45542.0,0.0,0.7042067772874913,0.09151832130058812,0.5413877343155162,0.8291311253863631,0.2877433910708469,0.5074307804972428,0.8955575813930169,0.3881268008957741,-0.19765136462828206,0.1764856454771862,0.2104393541735715,nan,nan
27,1,22427,backward,e,-,4532,4532.0,0.0,0.45060084634443853,0.024908568750125103,0.4136444123276849,0.48956456838218554,0.07592015605450064,0.3910460556731668,0.5016345195628941,0.11058846388972726,0.05857134494432641,0.042728368298703835,0.05662085921947474,nan,nan
27,2,30751,backward,e,-,1717,1717.0,0.0,0.2171699154707593,0.04303787014327358,0.17256021202905766,0.3060449719949432,0.13348475996588552,0.168344493093901,0.3529563712613796,0.18461187816747857,0.5610643832297767,0.09253647194013587,0.13944787120657223,nan,nan
27,3,221195,backward,e,-,4355,4355.0,0.0,0.4789111745567698,0.09850467892503391,0.36709073247049007,0.6796979226877073,0.3126071902172173,0.3566637372686819,0.7351570109847458,0.37849327371606395,0.5266219763668393,0.2059920874854626,0.26145117578250116,nan,nan
27,4,50147,backward,e,-,6044,6044.0,0.0,0.4493062003225382,0.027044022124805882,0.4032795177266753,0.4864229072381634,0.08314338951148809,0.3791861292218341,0.48911617240255295,0.10993004318071886,-0.18476821310917568,0.04446912535749157,0.06332988764354192,nan,nan
27,5,127305,backward,e,-,3336,3336.0,0.0,0.6900497605387588,0.13015881499854934,0.48624239956522525,0.888555541445462,0.40231314188023676,0.46277543762859824,0.8954556794646302,0.432680241836032,0.043449713855616495,0.22743190793344764,0.2343320459526158,nan,nan
27,6,22050,backward,e,-,1731,1731.0,0.0,0.22606500267919818,0.03327413151370732,0.1885726395415624,0.29842596412090405,0.10985332457934166,0.17206498836055237,0.5683087456411934,0.396243757280641,2.2938146909011317,0.07452756070369612,0.3444103422239855,nan,nan
27,7,8822,backward,e,-,3015,3015.0,0.0,0.4226568474679632,0.042658161587171166,0.34973685615242023,0.4842387642540662,0.13450190810164597,0.2824158144338258,0.5004312289167241,0.2180154144828983,-0.18065426793741263,0.07787884433634486,0.14519988605493933,nan,nan
27,8,80416,backward,e,-,7406,7406.0,0.0,0.43860571703152074,0.03075608762259282,0.392133345472905,0.4789895331983044,0.08685618772539938,0.25580453194154495,0.57285141266025,0.317046880718705,-0.8732737482310157,0.051124801030128564,0.1733919030911268,nan,nan
27,9,175498,backward,e,-,2919,2919.0,0.0,0.3799203144190292,0.032590598943787276,0.3615442625874541,0.44343445723270286,0.08189019464524877,0.35264176551903914,0.5971167559741114,0.24447499045507226,2.2178399525721093,0.05126581049874353,0.20494810924015205,nan,nan
27,10,14142,backward,e,-,8910,8910.0,0.0,0.34705344075678557,0.03451772438500119,0.29261579677991334,0.40278216189756877,0.11016636511765543,0.20975303495303843,0.4134082930618207,0.20365525810878227,-0.03221358457225658,0.059937447602437896,0.1426771515595333,nan,nan
27,11,176287,backward,e,-,17402,17402.0,0.0,0.42647521449091974,0.035996674250908384,0.38756148216943853,0.5043159688767765,0.11675448670733801,0.3557329461804299,0.5352004769591056,0.17946753077867567,0.6092130323633931,0.0819575293365437,0.11284203741887272,nan,nan
27,12,99245,backward,e,-,2846,2846.0,0.0,0.4045543868138168,0.06325200952064226,0.2875827759651453,0.4838323615340039,0.19624958556885858,0.24817223996886442,0.5033271554393174,0.255154915470453,-0.3213249147056492,0.10576851614576042,0.14459513621752415,nan,nan
27,13,156237,backward,e,-,2360,2360.0,0.0,0.5729728041488957,0.08282181428133738,0.503539483922835,0.7426239378143931,0.23908445389155808,0.4246648141608949,0.7489920441628781,0.3243272300019832,0.47386852945464,0.15363169564442622,0.16454116329956742,nan,nan
27,14,168732,backward,e,-,13781,13781.0,0.0,0.4656873304290722,0.030584960514211057,0.4291139256994872,0.5306900372647202,0.101576111565233,0.3764783542442591,0.5789293429124965,0.20245098866823746,0.7544225902760591,0.06996926985502433,0.11762189065189738,nan,nan
27,15,76537,backward,e,-,4874,4874.0,0.0,0.5302629902894542,0.017968994059615037,0.4954494917391857,0.5516309670309918,0.056181475291806116,0.48828440468421264,0.5728758045889726,0.08459139990475995,-0.338266894496882,0.04808233315328088,0.055247420208253906,nan,nan
27,16,41854,backward,e,-,8536,8536.0,0.0,0.32578581813973373,0.043130684931089354,0.25957810980064644,0.39033404832802976,0.13075593852738332,0.1717112538576742,0.4170346165478668,0.2453233626901926,-0.10324170403935194,0.08947020658052113,0.17733706252349338,nan,nan
27,17,49752,backward,e,-,4179,4179.0,0.0,0.5184413404593947,0.012481228370944977,0.4940953693362932,0.535193054540966,0.041097685204672774,0.48865813687464693,0.5719985499113021,0.08334041303665513,-0.28346293396587474,0.03139032573783228,0.046605409071277415,nan,nan
27,18,125038,backward,e,-,14730,14730.0,0.0,0.6129941334888833,0.060831057256954146,0.5093342798717901,0.6993221002107949,0.18998782033900474,0.4852508660159725,0.8952915352991448,0.41004066928317234,-0.11159540737688443,0.10273997036271973,0.28924871957811604,nan,nan
27,19,30062,backward,e,-,578,578.0,0.0,0.1971740903294939,0.035504495331993624,0.16962421342076592,0.280800700431501,0.1111764870107351,0.16819393098549065,0.3361355798546813,0.16794164886919064,1.1447025718001478,0.07723605434816372,0.132570933771344,nan,nan
27,20,34315,backward,e,-,1949,1949.0,0.0,0.4091416658918675,0.07239799041601029,0.2836119543183889,0.5097957709371862,0.22618381661879727,0.22621774428384717,0.5728380058839121,0.3466202616000649,-0.20641731231128685,0.12500610991994776,0.18210291172768972,nan,nan
27,21,34650,backward,e,-,1433,1433.0,0.0,0.2533380224100861,0.05704359806024158,0.22445691464150447,0.39732644906892933,0.17286953442742486,0.1810878115290134,0.5472175968348836,0.36612978530587015,3.379132914067725,0.1482550795768715,0.29814622734282575,nan,nan
27,22,48939,backward,e,-,7080,7080.0,0.0,0.32457455992101053,0.03946736195170112,0.2571645720370649,0.3833803738708749,0.12621580183381004,0.2394988459555765,0.42538991028245926,0.18589106432688277,-0.1011109591554405,0.08689242043956953,0.10455814652105797,nan,nan
27,23,151127,backward,e,-,3687,3687.0,0.0,0.43561624949915206,0.0617853341674751,0.35628388341589673,0.5406709117039181,0.1843870282880214,0.35333869863390605,0.5778355597384837,0.22449686110457762,0.18032169503358167,0.12347113185207337,0.16063577988663885,nan,nan
27,24,67258,backward,e,-,1759,1759.0,0.0,0.4970060069823395,0.008327868045202422,0.4897160761582825,0.5075712989685947,0.017855222810312155,0.48889963909577183,0.5729713754320799,0.08407173633630804,4.268909418183733,0.010795986945063684,0.0761960634085489,nan,nan
27,25,117692,backward,e,-,12103,12103.0,0.0,0.579817097760017,0.056071265877146274,0.49334732405767184,0.6662403265578403,0.17289300250016842,0.47146936591473815,0.879149594032258,0.40768022811751986,0.2943591347117218,0.09772787761399107,0.3106371450884088,nan,nan
27,26,149482,backward,e,-,7320,7320.0,0.0,0.6021044106739224,0.08754950977139514,0.49118665286492985,0.7343526165436859,0.24316596367875604,0.4299217108690757,0.8956261106421681,0.4657043997730924,0.16337188971174127,0.14162544473720562,0.3025345462308817,nan,nan
27,0,144351,backward,w,deg,45542,45542.0,0.0,-0.5301785308194837,4.243627359687806,-5.660456333598842,9.378698613274448,15.039154946873289,-9.700381878903755,15.00651467566226,24.706896554566015,1.0685553263643044,11.180954824203408,16.80877088659122,20.432539083258728,0.9972625426045306
27,1,22427,backward,w,deg,4532,4532.0,0.0,-0.7859808412936502,5.096635424491761,-4.599790102726392,16.294629268374145,20.894419371100536,-14.326720669683567,26.522615339576618,40.849336009260185,2.799370606250378,18.330776316180653,28.558762387383126,188.58741108627814,0.9960736769888239
27,2,30751,backward,w,deg,1717,1717.0,0.0,7.581582137900256,15.24854333682112,-30.90155904266324,13.092936228417818,43.99449527108106,-33.79145629025612,13.441555322146428,47.23301161240255,-0.9287390885385411,39.73064781283897,42.62054506043185,205.40652638941472,0.9650842279859398
27,3,221195,backward,w,deg,4355,4355.0,0.0,-1.6097845651824514,8.340568178678362,-10.117086020269625,12.839222455779517,22.95630847604914,-11.000836563102979,13.493561491116651,24.49439805421963,0.34680162145890947,18.055399065260623,18.709738100597747,22.878843561369454,0.9894351957531474
27,4,50147,backward,w,deg,6044,6044.0,0.0,-0.9014940425264655,4.640751450870133,-5.166023003659554,10.75815260298029,15.924175606639844,-24.632482622077987,17.48451287057992,42.11699549265791,1.3491510588624411,12.252146020192248,23.261357228752956,198.2680323149291,0.9967306419701377
27,5,127305,backward,w,deg,3336,3336.0,0.0,2.440833915822509,6.492994382249289,-10.094725376120195,7.83841579764605,17.933141173766245,-10.425200696608982,15.628520567668915,26.053721264277897,-0.4110432498035989,12.8907732236094,13.221248544098188,21.04030739791582,0.9935922932093062
27,6,22050,backward,w,deg,1731,1731.0,0.0,1.1057166424661204,6.887357635709658,-12.964296285181163,11.607467407935829,24.571763693116992,-33.20266615145158,14.57626473464967,47.77893088610125,-1.3319810972127244,15.197219978412718,35.435589844683136,204.94205419713717,0.9928377771895518
27,7,8822,backward,w,deg,3015,3015.0,0.0,-1.806333117130123,6.880525012253607,-3.8084292530056727,20.80867819022689,24.617107443232563,-4.268052015726681,35.05889755721111,39.32694957293779,3.2782993209237805,23.15088890682208,37.4011082738063,184.39351108696852,0.9929031272584081
27,8,80416,backward,w,deg,7406,7406.0,0.0,-0.2233774844516887,4.1527650612875435,-4.964163318778468,6.437615529674886,11.401778848453354,-31.309336100356234,14.964621827425816,46.27395792778205,-0.7470244493547188,7.412548435268128,33.185616842127075,204.38307873252484,0.9973868979908778
27,9,175498,backward,w,deg,2919,2919.0,0.0,1.1740330236365253,5.644634141721311,-10.354611061904535,6.669777177784226,17.02438823968876,-14.98052386297772,6.921693374370193,21.902217237347912,-0.6053042265806389,15.600923051421573,20.22683585249476,28.67254283994638,0.9951560762139917
27,10,14142,backward,w,deg,8910,8910.0,0.0,0.024049645584966584,3.858518842054276,-5.865022813866065,5.6773578077826015,11.542380621648666,-19.482245379094394,28.497736035510314,47.97998141460471,0.7272870358788022,6.333439998385519,29.01651529045793,190.9789934261629,0.9977391593839787
27,11,176287,backward,w,deg,17402,17402.0,0.0,0.13896064122795337,5.342589800503579,-8.467804616350731,7.304796599282733,15.772601215633465,-10.694708676153851,10.861248410839607,21.55595708699346,-0.08984504733750902,13.827611320804962,16.05451538060808,26.19654098301803,0.9956582265318575
27,12,99245,backward,w,deg,2846,2846.0,0.0,2.0751101099193363,9.88236031101807,-15.369023645186253,13.43950665662043,28.808530301806684,-34.67515996752914,13.872444250971455,48.547604218500595,-0.26209132051191114,24.771977790694912,44.0781141130378,206.1788495848985,0.9851906335648302
27,13,156237,backward,w,deg,2360,2360.0,0.0,-0.02585611452724379,2.6998614212380163,-3.5542095351954686,4.56740280193596,8.121612337131427,-6.289271842511255,12.872020756507425,19.16129259901868,1.7987549518431099,5.976554484428943,12.238967180527737,23.5952556349075,0.9988916965577718
27,14,168732,backward,w,deg,13781,13781.0,0.0,0.6593278816835664,3.356158569116973,-6.421117601432087,3.7118599274781445,10.132977528910232,-13.78834191995108,9.090325442107456,22.878667362058536,-0.6951844049466347,8.687104285239343,16.054328603758336,27.972810527432937,0.9982862484389851
27,15,76537,backward,w,deg,4874,4874.0,0.0,-0.548985288251572,6.730090198005875,-9.287189516116834,11.731420649192337,21.01861016530917,-10.88279620906792,14.290811728092109,25.17360793716003,0.28837843887092823,11.191469837065343,13.403227053240812,191.6022386693893,0.993116756169836
27,16,41854,backward,w,deg,8536,8536.0,0.0,-1.803202638108175,6.432375593042417,-6.669304857395488,11.9241518763531,18.59345673374859,-33.415755034322956,15.439325521232831,48.85508055555579,-0.30428721602317027,13.852673281902987,31.879692029287952,204.91531639933942,0.9937416333109597
27,17,49752,backward,w,deg,4179,4179.0,0.0,-0.9843233639700202,4.9101239311317855,-6.499137977479603,9.75125251969136,16.25039049717096,-15.684296955744173,13.401362640946644,29.085659596690817,0.6474673620201382,12.689066107448468,16.327866811036273,191.75827053312173,0.9963340081730744
27,18,125038,backward,w,deg,14730,14730.0,0.0,0.1319206613348598,1.8985114378009365,-2.8918943534720527,2.5017737615071938,5.3936681149792465,-16.602435752770646,8.250837824905915,24.85327357767656,-1.0199717165882536,3.3196075614746903,16.81866490980039,27.220659694884937,0.9994516411809523
27,19,30062,backward,w,deg,578,578.0,0.0,3.859213917696266,13.77043174205696,-26.5626486894264,14.98896161472356,41.55161030414996,-32.53166535972164,15.442006754482861,47.973672114204504,-0.6982362026805894,37.21900660194203,43.188023272237274,204.507730731301,0.9714355223249416
27,20,34315,backward,w,deg,1949,1949.0,0.0,-1.2692565859249783,7.811817142719111,-6.079556150078668,19.21625930671781,25.295815456796475,-25.93642323389534,22.83978945072991,48.77621268462525,0.9414951748090421,22.792213858567624,25.960804811004294,197.38882888589427,0.9907898577840639
27,21,34650,backward,w,deg,1433,1433.0,0.0,0.9407578366984808,5.48678184571185,-13.48125085591805,8.498098805308468,21.979349661226518,-32.792675441637584,9.06353240792231,41.856207849559894,-1.4503442023874933,14.687245080948435,33.99866966666798,210.6335429530142,0.9954361849415322
27,22,48939,backward,w,deg,7080,7080.0,0.0,0.47003904571366206,4.936208852927742,-6.273337535278565,4.700537425952672,10.973874961231237,-35.55110828668319,13.150158588476756,48.701266875159945,-4.186082841021739,6.736869126728825,35.65099833083366,207.09690988178585,0.9963579007136399
27,23,151127,backward,w,deg,3687,3687.0,0.0,2.6128173923286226,5.47318913823396,-12.514162840544861,3.984330005910118,16.49849284645498,-18.832655078418554,4.192650541577677,23.02530561999623,-1.6148636931164422,16.21944174486478,22.53793398273848,32.763522071374105,0.9954532323873053
27,24,67258,backward,w,deg,1759,1759.0,0.0,0.002781196972989619,3.1252155551226495,-4.094614414151192,4.568071448175609,8.662685862326802,-21.835969627731544,6.662557174089756,28.4985268018213,-1.5222605851940205,6.092557976169649,20.55124338545977,197.11864696359575,0.9985166756811374
27,25,117692,backward,w,deg,12103,12103.0,0.0,1.3388604832460942,4.735479907975724,-13.004576908420702,4.585042789758075,17.58961969817878,-18.44215495652574,7.595300158893991,26.037455115419732,-1.7596619750747167,14.756410024017738,20.193988072122806,29.0922510876017,0.9965956865611092
27,26,149482,backward,w,deg,7320,7320.0,0.0,-0.027010226089245748,3.560964607145521,-4.920042353931626,7.037130663479531,11.957173017411158,-13.753922022356988,12.094409729926184,25.848331752283173,0.15208859004966363,9.069238819884783,14.353893758848812,24.341593836216777,0.9980732011071551
27,0,144351,forward,eps,km^2/s^2,45542,45536.0,6.0,-0.1259037422478526,0.03961775980245171,-0.1939263895080003,-0.07212559979238126,0.12180078971561906,-0.8238947527169365,-0.05885393284037144,0.765040819876565,-0.7504306261578956,0.08203005623264589,0.711998419441582,nan,nan
27,1,22427,forward,eps,km^2/s^2,4532,4532.0,0.0,-0.9601567563696889,0.03454234543378016,-0.9923756868116654,-0.8962155346875786,0.0961601521240868,-0.996149841044156,-0.8088296768258294,0.18732016421832665,0.757837262076123,0.04990309961834806,0.13701882329780057,nan,nan
27,2,30751,forward,eps,km^2/s^2,1717,1717.0,0.0,-0.242040376902678,0.03211168062513218,-0.25639615486498113,-0.153175760751018,0.10322039411396314,-0.25918437217042745,-0.07278445935046873,0.1863999128199587,2.1521300178105656,0.0830019323936614,0.16339323379421067,nan,nan
27,3,221195,forward,eps,km^2/s^2,4355,4353.0,2.0,-0.8418838770259185,0.03669611256126548,-0.952558930097583,-0.8125060513486634,0.14005287874891958,-1.0181865681958364,-0.18427403313659396,0.8339125350592425,-0.5201549080371549,0.11047171027821326,0.6582362082067044,nan,nan
27,4,50147,forward,eps,km^2/s^2,6044,6044.0,0.0,-0.16403600403203783,0.060194040818738824,-0.19976855071573726,-0.12740644126394055,0.07236210945179672,-0.837361965690643,-0.060086332099685946,0.7772756335909571,-9.025071921565107,0.0417432764968154,0.6757724776916306,nan,nan
27,5,127305,forward,eps,km^2/s^2,3336,3326.0,10.0,-0.8655115393760904,0.05296482731564486,-0.9707987033780994,-0.8168078677033696,0.15399083567472982,-1.0205829238249695,-0.10646503045023847,0.914117893374731,0.9259083965970198,0.09348397522399055,0.8022954882162454,nan,nan
27,6,22050,forward,eps,km^2/s^2,1731,1724.0,7.0,-0.824763074909306,0.1141166869583575,-0.8816228100368887,-0.8120889641964886,0.06953384584040012,-1.0150456054286332,-0.04389160369217371,0.9711540017364595,5.669400499623521,0.08851108212564164,0.7777653047252737,nan,nan
27,7,8822,forward,eps,km^2/s^2,3015,3015.0,0.0,-0.8800648393957403,0.02541242459626177,-0.9403257632394474,-0.8593570781334432,0.08096868510600419,-0.9819994090634598,-0.8129505283252367,0.1690488807382231,-1.982195667860505,0.06410676389126592,0.10578040971527836,nan,nan
27,8,80416,forward,eps,km^2/s^2,7406,7405.0,1.0,-0.21803438939362596,0.013566020302432159,-0.23286728709216648,-0.19849665649084428,0.0343706306013222,-0.8671964417434563,-0.1717437184543149,0.6954527232891414,-14.79268414515288,0.02320102708161482,0.6473387549347647,nan,nan
27,9,175498,forward,eps,km^2/s^2,2919,2917.0,2.0,-0.8252643868077507,0.028520511917533204,-0.8607659460483943,-0.8076941164368859,0.05307182961150836,-1.0193955780484538,-0.23456264984899688,0.7848329281994569,0.3311196480347867,0.05140694397561516,0.5748952220670536,nan,nan
27,10,14142,forward,eps,km^2/s^2,8910,8908.0,2.0,-0.9642578808631392,0.03575952575215838,-1.0034171472773086,-0.9000788647814671,0.10333828249584143,-1.0194952570673936,-0.8083122659415304,0.21118299112586325,0.5916531937894253,0.05482821056097509,0.14658949163684332,nan,nan
27,11,176287,forward,eps,km^2/s^2,17402,17399.0,3.0,-0.8710589845663823,0.024418082474062987,-0.9161839529591078,-0.8406653736811298,0.075518579277978,-1.0169163672704298,-0.13207863108977524,0.8848377361806545,0.8648533095732556,0.04409594625057153,0.7408383223271475,nan,nan
27,12,99245,forward,eps,km^2/s^2,2846,2846.0,0.0,-0.9084205181002124,0.04097038364042928,-0.9769051077993652,-0.8458127177321191,0.13109239006724616,-0.9814862737065534,-0.8085486977147093,0.17293757599184412,-0.019730689532109855,0.0710594363356338,0.09940555151766306,nan,nan
27,13,156237,forward,eps,km^2/s^2,2360,2360.0,0.0,-0.23654395225660474,0.02512591779481108,-0.25842440380878257,-0.18197458474430747,0.0764498190644751,-0.25930099629598635,-0.16545823608675614,0.09384276020923021,0.7103146177325197,0.05286281658227612,0.06937916523982746,nan,nan
27,14,168732,forward,eps,km^2/s^2,13781,13781.0,0.0,-0.9231894253677304,0.023160247545181745,-0.9516272990858636,-0.8909566875597672,0.06067061152609643,-1.020820045950525,-0.808880401663415,0.21193964428710999,0.6637443672116821,0.03857857367485917,0.10724095025362324,nan,nan
27,15,76537,forward,eps,km^2/s^2,4874,4871.0,3.0,-0.8782184519793915,0.027013036875834888,-0.9337166742980421,-0.8500464592796063,0.08367021501843575,-1.0201739466041788,-0.8107469807880905,0.20942696581608833,-0.955112992521313,0.050892032959590106,0.13377800224978909,nan,nan
27,16,41854,forward,eps,km^2/s^2,8536,8530.0,6.0,-0.18230312691180456,0.07061032352629676,-0.21415051688119877,-0.1372778196412276,0.07687269723997117,-0.9752300854924874,-0.043981079635574294,0.9312490058569131,-7.61948674446999,0.05587700655653392,0.7907711899274544,nan,nan
27,17,49752,forward,eps,km^2/s^2,4179,4179.0,0.0,-0.9511963531043998,0.03337735869213928,-0.9850457595718595,-0.8948186332011505,0.09022712637070895,-1.0177613353840123,-0.806596914213894,0.21116442117011824,1.066359725933467,0.04808674609913284,0.13627610833893522,nan,nan
27,18,125038,forward,eps,km^2/s^2,14730,14729.0,1.0,-0.9461225399698364,0.023926573997243517,-0.9698995331707683,-0.902959456256663,0.0669400769141053,-0.9770447708625187,-0.8068388271316619,0.17020594373085685,1.4719943930205532,0.03631500617163937,0.12978870969221912,nan,nan
27,19,30062,forward,eps,km^2/s^2,578,576.0,2.0,-0.9106667709952201,0.07726254833564505,-0.9791586705377893,-0.8317637608519377,0.14739490968585156,-0.9807716408007237,-0.13357559819892317,0.8471960426018005,5.796894990960693,0.07706641746097326,0.7690337039798337,nan,nan
27,20,34315,forward,eps,km^2/s^2,1949,1947.0,2.0,-0.9076644165931422,0.04678481164534153,-0.9693174609950452,-0.8219920249186942,0.14732543607635107,-1.0206562915180895,-0.20960742047084435,0.8110488710472451,1.9139795798154546,0.09427758934953931,0.7027574481811727,nan,nan
27,21,34650,forward,eps,km^2/s^2,1433,1433.0,0.0,-0.10438681222038515,0.1415861037105402,-0.19984669360535556,-0.04634161223266033,0.15350508137269522,-0.928908058853442,-0.04437929460744894,0.884528764245993,-4.530157413179766,0.13094465021045015,0.8600060154585366,nan,nan
27,22,48939,forward,eps,km^2/s^2,7080,7080.0,0.0,-0.2358693280435884,0.009811571214710792,-0.24843730306917228,-0.21808894764181566,0.030348355427356616,-0.25941407703174046,-0.17972299893466037,0.07969107809708009,0.5425541840368794,0.018251547161139917,0.05596539207893425,nan,nan
27,23,151127,forward,eps,km^2/s^2,3687,3679.0,8.0,-0.16694292898629615,0.03694030154543937,-0.20593203807663507,-0.10686924053166164,0.09906279754497344,-0.2576181628370806,-0.046719852405381124,0.2108983104316995,0.05519065695539856,0.050994283330993866,0.10829134605985102,nan,nan
27,24,67258,forward,eps,km^2/s^2,1759,1758.0,1.0,-0.14739339071154717,0.0813174836591665,-0.21336911265918837,-0.12191980379058426,0.09144930886860411,-0.8827561980116676,-0.051543237175719625,0.831212960835948,-7.126660823438954,0.07241789109833006,0.7417188223596701,nan,nan
27,25,117692,forward,eps,km^2/s^2,12103,12098.0,5.0,-0.8748970894089396,0.027620095816643275,-0.9321641133294402,-0.8414066681673151,0.09075744516212503,-1.0195465359042162,-0.8068933437207682,0.21265319218344803,-0.6411182922966389,0.06163742630967471,0.14883711549677991,nan,nan
27,26,149482,forward,eps,km^2/s^2,7320,7315.0,5.0,-0.16806637222867915,0.0828186835800866,-0.210756786362167,-0.11188152991360278,0.09887525644856421,-0.8664613228231999,-0.04380055913553149,0.8226607636876684,-6.371207218837011,0.051596072130233574,0.7047649690970661,nan,nan
27,0,144351,forward,e,-,45542,45536.0,6.0,0.6989897070339164,0.09502080833863231,0.5311810503174372,0.828054536062538,0.29687348574510075,0.19467602866574538,0.8597500074356198,0.6650739787698744,-0.22020758557798178,0.2016397696907038,0.5381447913423956,nan,nan
27,1,22427,forward,e,-,4532,4532.0,0.0,0.48568014665182724,0.05694486003980049,0.37884807708319,0.5334798581512468,0.15463178106805675,0.1760689075127438,0.5388564165170615,0.3627875090043177,-1.0629185996869548,0.08434602304700263,0.28712519261744884,nan,nan
27,2,30751,forward,e,-,1717,1717.0,0.0,0.4034333957280692,0.08362161211567631,0.36198990568763006,0.6324337984289027,0.2704438927412726,0.3535949382275066,0.826618228390844,0.4730232901633374,2.0180421206110717,0.2120371148597636,0.40622154482170486,nan,nan
27,3,221195,forward,e,-,4355,4353.0,2.0,0.2683153553618745,0.07002611951085315,0.18788597699629203,0.4746329810491684,0.28674700405287634,0.17032427099550282,0.56932910221214,0.3990048312166371,1.6159197313461562,0.20479351893090916,0.29948964009388074,nan,nan
27,4,50147,forward,e,-,6044,6044.0,0.0,0.6055614143429253,0.06809017195549948,0.5155882563112439,0.6951464814226912,0.17955822511144726,0.17015982740479887,0.8568787149132043,0.6867188875084055,-1.3212145776214517,0.10218467449724918,0.4414469126846362,nan,nan
27,5,127305,forward,e,-,3336,3326.0,10.0,0.3210470463821816,0.0978433973462859,0.20252711344329621,0.5020076250167751,0.2994805115734789,0.1698141830836259,0.745750992301869,0.5759368092182431,0.33032586861526836,0.19977636002347465,0.34408885324709904,nan,nan
27,6,22050,forward,e,-,1731,1724.0,7.0,0.2272978342182017,0.0956645590556518,0.18836793950512315,0.4040878726875298,0.21571993318240668,0.16971236327555636,0.8954250633070769,0.7257127000315206,4.195565674741202,0.18746813471543036,0.6788053253349775,nan,nan
27,7,8822,forward,e,-,3015,3015.0,0.0,0.34827683244486046,0.04595084227184501,0.30625063493754684,0.4550331208319015,0.14878248589435467,0.1914905577863406,0.5185090086168794,0.3270184508305388,1.4325956627579974,0.1269264709949029,0.17772872305083903,nan,nan
27,8,80416,forward,e,-,7406,7405.0,1.0,0.4685429556225337,0.029853570774395433,0.42866416410405017,0.5195690881906652,0.09090492408661499,0.32426264342036515,0.5865382836953447,0.2622756402749795,-0.03297746193415806,0.06019203269296359,0.13984803528375694,nan,nan
27,9,175498,forward,e,-,2919,2917.0,2.0,0.2272750867535185,0.05774959917962649,0.17319911521176795,0.31111122886376613,0.13791211365199818,0.17117027507337262,0.5709867870567714,0.3998165119833988,2.1053781985601003,0.13137093859473625,0.39124649678774154,nan,nan
27,10,14142,forward,e,-,8910,8908.0,2.0,0.49185911702766766,0.057544552155679635,0.38558066594044615,0.5490424297571681,0.16346176381672195,0.17440121974359496,0.5711935451900068,0.3967923254464118,-0.8724587429316002,0.09179037628683216,0.3029278332409161,nan,nan
27,11,176287,forward,e,-,17402,17399.0,3.0,0.33166773225381063,0.04650926176447585,0.2652235874935273,0.4148921541036492,0.1496685666101219,0.17006665311222163,0.6839207812347965,0.5138541281225748,0.49227980166304247,0.08381203568262977,0.3486583939950796,nan,nan
27,12,99245,forward,e,-,2846,2846.0,0.0,0.40119000497859336,0.07338600809212514,0.277615016248986,0.5110140497773892,0.2333990335284032,0.17689843824555226,0.5177719141701281,0.34087347592457584,-0.22812894460431926,0.1225384533551674,0.2232550313586011,nan,nan
27,13,156237,forward,e,-,2360,2360.0,0.0,0.41781082950998916,0.06728924748186005,0.3560439096270736,0.5604567811174842,0.2044128714904106,0.3534727015855489,0.6017595388155494,0.24828683723000056,0.6495014202908956,0.13821578098409548,0.17951853868216078,nan,nan
27,14,168732,forward,e,-,13781,13781.0,0.0,0.4267469470304689,0.040921732367943685,0.3698625208879872,0.47279567593482774,0.10293315504684053,0.176276510994901,0.572955757279698,0.39667924628479706,-1.2750968682673105,0.06290503320339647,0.23844959396089638,nan,nan
27,15,76537,forward,e,-,4874,4871.0,3.0,0.3451919735487476,0.05062057712263393,0.2863554919059532,0.44404307126442233,0.1576875793584691,0.18433377763711412,0.5721043294030014,0.38777055176588726,0.6227632449840234,0.09242341165373488,0.21126889657397202,nan,nan
27,16,41854,forward,e,-,8536,8530.0,6.0,0.5602019136776997,0.0747807906262104,0.4787319208068784,0.6715325159763696,0.19280059516949127,0.17717376521115666,0.8952125964134294,0.7180388312022727,-0.20498653326840283,0.13770825110403212,0.37724541369452835,nan,nan
27,17,49752,forward,e,-,4179,4179.0,0.0,0.4718224988135587,0.057200341813826716,0.3763459957546045,0.5229299736424295,0.14658397788782507,0.16949320295763892,0.5688579777800702,0.39936477482243127,-1.5502272614147015,0.08223101945088723,0.28903988268308495,nan,nan
27,18,125038,forward,e,-,14730,14729.0,1.0,0.46398549237312,0.0413137550128286,0.391577411945567,0.5006581707742892,0.1090807588287222,0.17049289640178886,0.5112590529177172,0.34076615651592834,-2.1060723829926538,0.058394048824234004,0.2782388696179078,nan,nan
27,19,30062,forward,e,-,578,576.0,2.0,0.40829954688714915,0.08730120995962763,0.2441601632530299,0.5145689363655809,0.27040877311255096,0.1816681563092763,0.680287634668515,0.49861947835923875,-0.25940556735182174,0.14672249899510986,0.2895830852522215,nan,nan
27,20,34315,forward,e,-,1949,1947.0,2.0,0.3999614173018405,0.08375441308486155,0.22060935584827968,0.4998491197453,0.2792397638970203,0.16857236846964585,0.572716237374,0.40414386890435416,-0.6898957726039051,0.18729582876456297,0.2393328161431978,nan,nan
27,21,34650,forward,e,-,1433,1433.0,0.0,0.7510711385167774,0.12988014501694295,0.515307123053033,0.889582145911024,0.3742750228579911,0.1705568463462666,0.8942666422086608,0.7237097958623941,-1.4590679842028613,0.3205610071140427,0.6653112838208091,nan,nan
27,22,48939,forward,e,-,7080,7080.0,0.0,0.4204241055214524,0.026847890965149866,0.3852975174911391,0.4684777447259707,0.0831802272348316,0.35321325181105695,0.5675076137281847,0.21429436191712775,0.473601484080063,0.04978142653952286,0.14700347972701872,nan,nan
27,23,151127,forward,e,-,3687,3679.0,8.0,0.5984387582237938,0.09169960934759566,0.5002921177112216,0.7447651413171631,0.24447302360594148,0.3583023129665651,0.8887012718543874,0.5303989588878223,0.0028463443241110425,0.12796710631152683,0.26971220546739616,nan,nan
27,24,67258,forward,e,-,1759,1758.0,1.0,0.6465033304531523,0.08362646954857476,0.48095109887959997,0.708452285089882,0.22750118621028204,0.16990241824138758,0.8772211912241045,0.7073187729827168,-1.9661704675484963,0.18138532821437053,0.4921834438062111,nan,nan
27,25,117692,forward,e,-,12103,12098.0,5.0,0.3390210927874787,0.05333080437565939,0.2667026475711205,0.4416409590598071,0.1749383114886866,0.17073231361406763,0.5711940403640638,0.40046172674999625,0.3474805420456428,0.11404811738932288,0.24054637338903206,nan,nan
27,26,149482,forward,e,-,7320,7315.0,5.0,0.5957210102915882,0.096835502919296,0.48775087011533336,0.7326956304635718,0.24494476034823842,0.24859648827842343,0.8956399397956282,0.6470434515172048,-0.3235519981225711,0.12690730336741626,0.36291386991836005,nan,nan
27,0,144351,forward,w,deg,45542,45536.0,6.0,-3.286434398996292,20.429314774886993,-21.43437158585302,34.672374541695795,56.10674612754882,-177.66964696954096,176.95920977054482,354.6288567400858,-0.05715525234473433,55.97895534229307,179.2103103411779,173.85555376241632,0.9439808044637933
27,1,22427,forward,w,deg,4532,4532.0,0.0,-2.473144278803545,24.241377679101703,-13.740012329114483,37.930849961559026,51.67086229067351,-178.43918341368047,176.6601119851877,355.0992953988682,3.393192330796325,45.584232620600936,178.30799543269765,304.28930159595564,0.9375489574126816
27,2,30751,forward,w,deg,1717,1717.0,0.0,-7.41510539915717,33.16067018008102,-34.66627977311735,64.16268211811892,98.82896189123628,-177.5984721798009,176.82070245613738,354.41917463593825,1.0017895992066248,62.029075056004274,179.20278868498474,217.62508492998523,0.8519589570238665
27,3,221195,forward,w,deg,4355,4353.0,2.0,-9.056634807786992,33.187990132571045,-27.405844042035405,80.46698945576043,107.87283349779582,-177.1782941385045,171.26487982526214,348.44317396376664,1.4264491166255933,105.78793041690773,178.67071377333377,62.819850540876914,0.8581141538235305
27,4,50147,forward,w,deg,6044,6044.0,0.0,-7.709053053000403,40.406690093528574,-21.654453781840374,111.90551635329516,133.55997013513553,-178.38813520102175,179.76906021223635,358.15719541325814,1.6986631167162476,130.42788426208494,179.97550054150713,184.5012883323809,0.8288017390954207
27,5,127305,forward,w,deg,3336,3326.0,10.0,5.350858617143643,37.119127098854094,-54.646747703543966,57.94926708189454,112.59601478543851,-168.2635181761031,179.19159526470366,347.45511344080677,0.06654461334545315,65.84552953865075,173.81798446351922,114.75644963897412,0.8175955962714638
27,6,22050,forward,w,deg,1731,1724.0,7.0,-3.3275226515707175,30.48026576391478,-26.342615770999245,69.4754270351454,95.81804280614465,-175.57773840322824,179.9884914850781,355.56622988830634,1.4991801211174653,87.1522487276244,173.14637036765453,161.80567119202175,0.8936965223614131
27,7,8822,forward,w,deg,3015,3015.0,0.0,-3.7651089189488403,23.588984048686168,-6.6268308693792335,46.645254545309406,53.27208541468864,-174.06445852710704,174.57618762724314,348.6406461543502,0.3669166734049539,58.40052874950443,179.38898749931553,296.1526305946082,0.9412989284765861
27,8,80416,forward,w,deg,7406,7405.0,1.0,-2.6257444197339055,23.834922122645327,-29.63861075375282,41.18018545724966,70.81879621100248,-173.7658378221507,166.80630759331547,340.57214541546614,0.8106983753820747,43.06320473336354,176.69620544270845,195.44419623750503,0.92027114440698
27,9,175498,forward,w,deg,2919,2917.0,2.0,-4.224191024928757,25.882593550107515,-18.789829945815335,36.87163435830395,55.661464304119285,-178.71892773918796,177.1006975248033,355.81962526399127,-0.14171885837130732,44.168036843378026,179.48094064394644,18.334646301369492,0.9258251678378691
27,10,14142,forward,w,deg,8910,8908.0,2.0,-0.9824631956676058,17.957910313280557,-10.247014298483517,12.399426841068284,22.6464411395518,-171.29724792696177,171.1741108887215,342.4713588156833,2.8027022387676612,17.57309545342687,175.9004140773053,302.2450956636236,0.966818418565726
27,11,176287,forward,w,deg,17402,17399.0,3.0,-2.318735126498183,21.014274670431956,-19.23683780994859,35.60843380294075,54.84527161288934,-179.4096575270517,177.1350967924643,356.544754319516,1.600176292798839,54.27740751411855,179.94222970496955,14.92157169025505,0.944594739565354
27,12,99245,forward,w,deg,2846,2846.0,0.0,-6.777116718060427,44.084743313220464,-24.32433007383692,80.05830476151897,104.38263483535589,-179.20781009189136,179.6041345294483,358.81194462133965,1.8075910025273534,88.51833494441249,179.93620896436082,342.17516594655365,0.8141290117438548
27,13,156237,forward,w,deg,2360,2360.0,0.0,-6.725214652668058,39.00274641268895,-36.52405310677239,81.02797222481792,117.5520253315903,-40.894072514131295,165.28176699356743,206.17583950769873,1.4889599356066798,103.65262854601355,179.47530229569247,237.75192431739526,0.8113825100680423
27,14,168732,forward,w,deg,13781,13781.0,0.0,-5.0863520339635215,26.38128089100778,-17.83047053207565,32.34815809986034,50.17862863193599,-179.74666081620325,179.49511847450947,359.2417792907127,2.1707831221601412,46.16380586491317,179.99219493549958,8.6806021081046,0.9203819939788075
27,15,76537,forward,w,deg,4874,4871.0,3.0,-3.508451017324944,22.8388524276932,-16.77234530956622,34.760457617792866,51.532802927359086,-178.59671299114711,178.68666345229565,357.28337644344276,1.684706226983636,40.93943410986617,177.25818987171345,308.59789058094947,0.9393948494172798
27,16,41854,forward,w,deg,8536,8530.0,6.0,-13.804843703415003,44.391558540289125,-37.158976980525864,95.21998143024975,132.37895841077562,-175.97685394876774,176.74694707640788,352.7238010251756,0.922629423561789,130.11391831731453,179.98449275648454,200.0729321716975,0.7566992465930549
27,17,49752,forward,w,deg,4179,4179.0,0.0,-1.9855166265901403,28.387376455279426,-20.92974910781208,27.75260627211046,48.68235537992254,-178.91971030142122,157.0813113312431,336.00102163266433,2.5192041410800208,83.84830973972363,169.56739004842188,315.8231126647338,0.9080642277689552
27,18,125038,forward,w,deg,14730,14729.0,1.0,-2.9013488737119815,21.692783712566584,-18.61836887544755,33.505065387496394,52.123434262943945,-174.29586952887053,176.72051015700043,351.01637968587096,2.4070579886854526,46.93902512708625,179.45154091763175,11.415826235502962,0.9434725976155818
27,19,30062,forward,w,deg,578,576.0,2.0,-5.558553454000474,44.9117439057366,-31.69103547074515,123.57742236479241,155.26845783553756,-57.092565764340236,176.9359142494402,234.02848001378044,1.8153507565207918,147.35921162092882,174.4098973178718,31.222327497237654,0.7753630545929767
27,20,34315,forward,w,deg,1949,1947.0,2.0,-2.774085664147151,34.63073501388841,-54.73925965858672,46.40615256347645,101.14541222206316,-178.7759753779177,179.67127595149896,358.44725132941664,-0.9901386585787881,63.93711751042696,171.65298984732078,46.69217804036604,0.8656819496234816
27,21,34650,forward,w,deg,1433,1433.0,0.0,-4.784449701547317,47.392396242769394,-30.79403609085051,104.1642014204099,134.9582375112604,-178.8211870794569,178.87666920642425,357.69785628588113,0.2577255155288885,134.3254092379494,178.5186946318687,273.25495156825616,0.7752825631731297
27,22,48939,forward,w,deg,7080,7080.0,0.0,-2.73204771164923,21.534945805545746,-25.485027975558577,35.26886941612911,60.75389739168769,-179.31314492232968,176.23577227917565,355.54891720150533,0.7745929498670462,55.65362659004163,171.1463613864376,193.63801022031015,0.93644126241342
27,23,151127,forward,w,deg,3687,3679.0,8.0,-4.569395910786483,52.76701812413234,-37.620642465561666,137.2106490778519,174.83129154341358,-179.70655542365807,179.3409759021667,359.04753132582476,0.9501117746570477,157.82200780823845,179.9202144107286,247.21161855041257,0.7220597267806209
27,24,67258,forward,w,deg,1759,1758.0,1.0,-7.5100284767576255,46.27857145035139,-23.461145951916706,121.8283985080467,145.2895444599634,-178.30577651817543,178.9989175592723,357.3046940774477,1.2582900403444108,141.82160162615568,179.9667238194209,205.6633249594523,0.7789555005876064
27,25,117692,forward,w,deg,12103,12098.0,5.0,-4.841732090642935,29.303849465047712,-24.28816540309399,38.19875860565367,62.486924008747664,-177.40577869181487,179.4692657981625,356.87504448997737,-1.6746650744653857,64.19565212861532,179.82521103773405,16.295948985916205,0.9011895736244665
27,26,149482,forward,w,deg,7320,7315.0,5.0,-5.223873112282604,36.28131939939617,-28.091167597012745,90.01839944659373,118.10956704360648,-178.13488757588053,177.93645381592796,356.07134139180846,1.483400127852787,120.00783961765822,178.83631436499093,294.470880818351,0.8470981247965095
32,0,144351,backward,eps,km^2/s^2,45542,45542.0,0.0,-0.12373741509278008,0.03763019977632635,-0.1898866558168249,-0.07167182733314324,0.11821482848368166,-0.20319970068880977,-0.043834796693581146,0.15936490399522862,-0.17544955806199167,0.071789791243713,0.08509725961090864,nan,nan
32,1,23915,backward,eps,km^2/s^2,4584,4584.0,0.0,-0.8800709866407646,0.0231130707375356,-0.9244061451647485,-0.8512819722020248,0.07312417296272367,-0.9349853685568718,-0.8457326256389384,0.08925274291793339,-0.3614666530874138,0.04012346977089645,0.050702693163019674,nan,nan
32,2,19832,backward,eps,km^2/s^2,1037,1037.0,0.0,-0.8130078668255891,0.006579961725212592,-0.8272824720713348,-0.8073163497226066,0.019966122348728188,-0.8379492354512879,-0.8062327657692095,0.03171646968207831,-0.8695529353266709,0.014179966391437053,0.02484672977139013,nan,nan
32,3,221195,backward,eps,km^2/s^2,4355,4355.0,0.0,-0.21417712425085533,0.03806004562158261,-0.254701044646337,-0.13401796739071944,0.12068307725561758,-0.2582250091029896,-0.11102215498852552,0.1472028541144641,0.6035723563073863,0.08234158931879945,0.10533740172099337,nan,nan
32,4,57501,backward,eps,km^2/s^2,12952,12952.0,0.0,-0.9332244203247397,0.01736808956707325,-0.9588192721533888,-0.9061237964270881,0.05269547572630073,-1.0207392989867343,-0.8398842292900484,0.18085506969668597,0.27470740408928435,0.029091934482282932,0.09059503149137171,nan,nan
32,5,127305,backward,eps,km^2/s^2,3336,3336.0,0.0,-0.1295332898824526,0.053352907493044215,-0.21136945479280067,-0.04678009172942485,0.16458936306337582,-0.21982453357834364,-0.043879077490019736,0.1759454560883239,0.07375441842359803,0.09467091148782616,0.09757192572723128,nan,nan
32,6,30062,backward,eps,km^2/s^2,489,489.0,0.0,-0.814792992966304,0.010755139363193684,-0.835970316136644,-0.8066216873919442,0.02934862874469979,-0.8726509481037283,-0.8063623697289342,0.06628857837479418,-1.3868931598652003,0.019093354749304618,0.055773986716389,nan,nan
32,7,8552,backward,eps,km^2/s^2,2732,2732.0,0.0,-0.9201567549352833,0.023988359101499514,-0.9584340357147383,-0.8817746139908157,0.0766594217239226,-0.9699743335828579,-0.8618716837989973,0.10810264978386064,0.003620557541916546,0.042024565806670626,0.06073987891863619,nan,nan
32,8,36833,backward,eps,km^2/s^2,1166,1166.0,0.0,-0.9062029793813333,0.04261302995471536,-0.9749477017193529,-0.8435696698178106,0.1313780319015423,-0.9766986509237002,-0.8280285242318471,0.1486701266918531,-0.018359041480856157,0.06878484877571878,0.0843259943616822,nan,nan
32,9,175498,backward,eps,km^2/s^2,2918,2918.0,0.0,-0.250247069203107,0.011817992398200389,-0.25658341663746237,-0.22774387979076285,0.028839536846699515,-0.2595672674968075,-0.1678097530070919,0.09175751448971559,2.3730978730854226,0.017995914389456993,0.07793004117312796,nan,nan
32,10,9615,backward,eps,km^2/s^2,5112,5112.0,0.0,-0.883051895731193,0.017264806214527927,-0.9126096732502468,-0.8582531319394708,0.05435654131077594,-0.9201638678499378,-0.8201521690456712,0.10001169880426652,-0.08657773070659934,0.03364687379452529,0.059105071712641344,nan,nan
32,11,176287,backward,eps,km^2/s^2,17401,17401.0,0.0,-0.23365260497979135,0.013292103425636682,-0.24760877963621086,-0.20457315523891384,0.04303562439729702,-0.25862126209174097,-0.19250205558958144,0.06611920650215952,0.6564101795835622,0.030421651588693033,0.04249275123802543,nan,nan
32,12,31323,backward,eps,km^2/s^2,1001,1001.0,0.0,-0.8783952566131494,0.021880987556284134,-0.9125351483040006,-0.8454063984208333,0.0671287498831673,-0.9184312580207078,-0.8226048578410228,0.09582640017968502,0.04788471156708803,0.04025082735588126,0.0630523679356918,nan,nan
32,13,156237,backward,eps,km^2/s^2,2360,2360.0,0.0,-0.17727095800660092,0.03353302319455247,-0.20468826476152013,-0.10777325620812865,0.09691500855339148,-0.23396340960576145,-0.1051201269881269,0.12884328261763456,0.4950604540537504,0.0630125351376864,0.06560024518824403,nan,nan
32,14,168732,backward,eps,km^2/s^2,13781,13781.0,0.0,-0.21905084790444762,0.011701308818479384,-0.23267326604248117,-0.1938483035550822,0.03882496248739897,-0.2512478078802216,-0.17470905287053562,0.07653875500968599,0.8137584694072527,0.026864667446534374,0.045886443603265215,nan,nan
32,15,71849,backward,eps,km^2/s^2,4669,4669.0,0.0,-0.9911442490722037,0.011897696128133739,-1.0053449216292873,-0.967788921991848,0.037555999637439386,-1.020754723273971,-0.9622180907592089,0.058536632514762155,0.36105538756723693,0.03254586840694541,0.03811669963958442,nan,nan
32,16,35338,backward,eps,km^2/s^2,1353,1353.0,0.0,-0.8351782871863552,0.007947141960861541,-0.8432548762413405,-0.8241664175022428,0.019088458739097702,-0.9750163668296393,-0.8068393667227801,0.1681770001068592,-7.877215303160628,0.011661198257474425,0.14133524639757455,nan,nan
32,17,49752,backward,eps,km^2/s^2,4091,4091.0,0.0,-0.9822289688026529,0.00841746860186912,-0.9935821067444208,-0.9657702553688007,0.027811851375620145,-1.0201349727623945,-0.9622137060821228,0.057921266680271755,0.26434039647497454,0.021067560126187157,0.033333467563933405,nan,nan
32,18,125038,backward,eps,km^2/s^2,14730,14730.0,0.0,-0.16103164126865177,0.024545068538154,-0.2022401352938105,-0.12568573138203767,0.07655440391177282,-0.21157358041934793,-0.04394829849427828,0.16762528192506965,-0.08336274869794008,0.04144515109742395,0.11989401232941244,nan,nan
32,19,28151,backward,eps,km^2/s^2,1511,1511.0,0.0,-0.8777016370041422,0.020748489476597326,-0.9161708844515697,-0.8483260650812263,0.06784481937034337,-0.9275787755996452,-0.8261229694281379,0.10145580617150729,-0.2617251985627145,0.03784556801524058,0.05795458834415279,nan,nan
32,20,110896,backward,eps,km^2/s^2,1936,1936.0,0.0,-0.9416263088109467,0.02690660847935337,-0.9673609514972855,-0.8942886238941404,0.07307232760314508,-0.9720003458590097,-0.8368242907629007,0.13517605509610908,1.5295165506168238,0.04670174477806077,0.10416607790930055,nan,nan
32,21,22279,backward,eps,km^2/s^2,837,837.0,0.0,-0.8285328518862979,0.019279279102763357,-0.8664559002133051,-0.8249255954244654,0.04153030478883968,-1.017355824091562,-0.8227577141319229,0.19459810995963922,-5.712748546781712,0.03792012058268543,0.18882004446094247,nan,nan
32,22,66366,backward,eps,km^2/s^2,884,884.0,0.0,-0.8443584717771307,0.017243261002532463,-0.8752120082721809,-0.8255123440840834,0.04969966418809757,-0.9358815166318448,-0.8200055217867395,0.11587599484510536,-1.1965979725279645,0.03775427418931245,0.07364332624401815,nan,nan
32,23,151127,backward,eps,km^2/s^2,3687,3687.0,0.0,-0.2300413068061239,0.02291865536922928,-0.25834957692296034,-0.1897905574079942,0.06855901951496615,-0.2593276385082858,-0.17558576060658349,0.08374187790170229,0.2272438241409806,0.04688361008479817,0.06108840688620887,nan,nan
32,24,68757,backward,eps,km^2/s^2,1657,1657.0,0.0,-0.9673273483307756,0.005958963280994941,-0.9741369021653081,-0.9626174679579517,0.01151943420735646,-1.020836128343177,-0.9586285844427541,0.062207543900422935,-4.666180732821999,0.0068503804308041255,0.0534901777792991,nan,nan
32,25,117692,backward,eps,km^2/s^2,12103,12103.0,0.0,-0.17436456995852057,0.02246652443484347,-0.20831111241959063,-0.13929037843171163,0.069020733987879,-0.2165461215879867,-0.05073280374710809,0.1658133178408786,0.33871879605857735,0.03956061235322308,0.12811818703782663,nan,nan
32,26,149482,backward,eps,km^2/s^2,7320,7320.0,0.0,-0.16547231591469547,0.0353979844936458,-0.20944152075489936,-0.11119505556452701,0.09824646519037235,-0.23203998749279275,-0.04380722131250103,0.18823276618029172,0.1890677949244344,0.05799815001163444,0.12532842312977488,nan,nan
32,27,167957,backward,eps,km^2/s^2,2,2.0,0.0,-0.2511158157849137,0.005881131901134817,-0.25640883449593505,-0.24582279707389237,0.010586037422042671,-0.2569969476860485,-0.2452346838837789,0.011762263802269635,nan,0.011174150612156153,0.011762263802269635,nan,nan
32,28,14797,backward,eps,km^2/s^2,923,923.0,0.0,-0.8168823160681866,0.004909455985281468,-0.8250731128389878,-0.8112756085802574,0.013797504258730386,-0.8456064287653722,-0.806208472304013,0.03939795646135913,-0.7150182033583001,0.008864157954676067,0.02832447843994823,nan,nan
32,29,24197,backward,eps,km^2/s^2,3808,3808.0,0.0,-0.9426750522244471,0.014435935559954021,-0.9646761404902086,-0.9189941863111208,0.045681954179087714,-0.9706821246471251,-0.9089267169821496,0.06175540766497556,0.08397469359192479,0.025544156875918583,0.032034781188164496,nan,nan
32,30,45752,backward,eps,km^2/s^2,14799,14799.0,0.0,-0.8680965198907785,0.01995566275917098,-0.9002571751795786,-0.838245424276582,0.0620117509029966,-0.9209025190378906,-0.8254999296435742,0.09540258939431634,-0.04582188626756722,0.040844506349689655,0.05358314955929688,nan,nan
32,31,45851,backward,eps,km^2/s^2,1048,1048.0,0.0,-0.9545789280858576,0.02009969916477413,-0.977987721088449,-0.9191634014070336,0.05882431968141544,-1.0207437552380227,-0.9056474479481661,0.11509630728985665,0.2279984268710058,0.04033873930690279,0.06159702791224808,nan,nan
32,0,144351,backward,e,-,45542,45542.0,0.0,0.7042067772874913,0.09151832130058812,0.5413877343155162,0.8291311253863631,0.2877433910708469,0.5074307804972428,0.8955575813930169,0.3881268008957741,-0.19765136462828206,0.1764856454771862,0.2104393541735715,nan,nan
32,1,23915,backward,e,-,4584,4584.0,0.0,0.3487248843373042,0.04408480191857065,0.288978932279076,0.42830368628538146,0.13932475400630545,0.27643237903283735,0.4457902298291895,0.16935785079635213,0.23826254434474936,0.07493887914698523,0.08897172664515746,nan,nan
32,2,19832,backward,e,-,1037,1037.0,0.0,0.19035236556850949,0.019805455685672803,0.17179437139320447,0.23155772929107674,0.059763357897872266,0.168344493093901,0.2596445072915917,0.09130001419769071,0.7268896191732905,0.03985127608339588,0.06793805408391088,nan,nan
32,3,221195,backward,e,-,4355,4355.0,0.0,0.4789111745567698,0.09850467892503391,0.36709073247049007,0.6796979226877073,0.3126071902172173,0.3566637372686819,0.7351570109847458,0.37849327371606395,0.5266219763668393,0.2059920874854626,0.26145117578250116,nan,nan
32,4,57501,backward,e,-,12952,12952.0,0.0,0.44327424851396235,0.028764198440321236,0.3973176554501921,0.48380115387884526,0.08648349842865316,0.2643154621093626,0.57285141266025,0.3085359505508874,-0.48235701565010025,0.04668316551513252,0.17444566319240712,nan,nan
32,5,127305,backward,e,-,3336,3336.0,0.0,0.6900497605387588,0.13015881499854934,0.48624239956522525,0.888555541445462,0.40231314188023676,0.46277543762859824,0.8954556794646302,0.432680241836032,0.043449713855616495,0.22743190793344764,0.2343320459526158,nan,nan
32,6,30062,backward,e,-,489,489.0,0.0,0.19664255517512422,0.030371344350998277,0.16950320735117383,0.25489066839493163,0.0853874610437578,0.1685914010438332,0.33526948218571934,0.16667808114188615,0.965653014414613,0.051326022311594305,0.13170483610238204,nan,nan
32,7,8552,backward,e,-,2732,2732.0,0.0,0.4208147620583633,0.041064395414580526,0.3513529256753492,0.4828193123562151,0.1314663866808659,0.3132744137419974,0.5004312289167241,0.1871568151747267,-0.1069937412079939,0.07389936513530589,0.11166142609933793,nan,nan
32,8,36833,backward,e,-,1166,1166.0,0.0,0.3969747228594863,0.07676993434587952,0.2713206439951193,0.5081251188061199,0.2368044748110006,0.23342018312673227,0.5107605156418258,0.2773403325150935,-0.1798090904020511,0.13660639105215966,0.17450685192054669,nan,nan
32,9,175498,backward,e,-,2918,2918.0,0.0,0.37991393305744325,0.03259613651861518,0.36154375471134054,0.4434384158016977,0.08189466109035715,0.35264176551903914,0.5971167559741114,0.24447499045507226,2.217563306562044,0.05126976906773835,0.20494810924015205,nan,nan
32,10,9615,backward,e,-,5112,5112.0,0.0,0.354145986029316,0.033092453309686964,0.30404599015569345,0.407965370201083,0.10391938004538953,0.20975303495303843,0.42086452465797697,0.21111148970493854,-0.030781848716297917,0.06262546553899598,0.13699337485544927,nan,nan
32,11,176287,backward,e,-,17401,17401.0,0.0,0.42647557330699987,0.03599332122476119,0.3875746154262724,0.5043167498704093,0.11674213444413689,0.3557329461804299,0.5352004769591056,0.17946753077867567,0.6095653653137068,0.08195831033017648,0.11284203741887272,nan,nan
32,12,31323,backward,e,-,1001,1001.0,0.0,0.3456235345356283,0.0434016771888723,0.2758219190962874,0.40825741062855936,0.13243549153227197,0.21655333588664194,0.41831283459263063,0.2017594987059887,-0.20874953457586795,0.08376858049691505,0.1430371637065605,nan,nan
32,13,156237,backward,e,-,2360,2360.0,0.0,0.5729728041488957,0.08282181428133738,0.503539483922835,0.7426239378143931,0.23908445389155808,0.4246648141608949,0.7489920441628781,0.3243272300019832,0.47386852945464,0.15363169564442622,0.16454116329956742,nan,nan
32,14,168732,backward,e,-,13781,13781.0,0.0,0.4656873304290722,0.030584960514211057,0.4291139256994872,0.5306900372647202,0.101576111565233,0.3764783542442591,0.5789293429124965,0.20245098866823746,0.7544225902760591,0.06996926985502433,0.11762189065189738,nan,nan
32,15,71849,backward,e,-,4669,4669.0,0.0,0.5316352111414401,0.01723568460376446,0.49735018528368563,0.5517673278770886,0.05441714259340297,0.48859018423341977,0.5728758045889726,0.08428562035555281,-0.39902559962569284,0.047425301483204715,0.056185302533470594,nan,nan
32,16,35338,backward,e,-,1353,1353.0,0.0,0.25234409191646023,0.017837681282067724,0.22380398086491798,0.27210839009227455,0.04830440922735657,0.17006358404121355,0.5082403437531668,0.33817675971195327,4.018673683981629,0.02956521929578305,0.25949816855358115,nan,nan
32,17,49752,backward,e,-,4091,4091.0,0.0,0.5188111828837251,0.01237860578210482,0.49427878707043865,0.5352243277899015,0.040945540719462825,0.48865813687464693,0.5719985499113021,0.08334041303665513,-0.3048132264777119,0.03118972018265112,0.046605409071277415,nan,nan
32,18,125038,backward,e,-,14730,14730.0,0.0,0.6129941334888833,0.060831057256954146,0.5093342798717901,0.6993221002107949,0.18998782033900474,0.4852508660159725,0.8952915352991448,0.41004066928317234,-0.11159540737688443,0.10273997036271973,0.28924871957811604,nan,nan
32,19,28151,backward,e,-,1511,1511.0,0.0,0.34469601333703553,0.04034075655868171,0.2823012375942707,0.41444240450750414,0.1321411669132334,0.22608100500498152,0.43367888844988667,0.20759788344490515,0.08105149048755031,0.07495613312181096,0.13044417224229654,nan,nan
32,20,110896,backward,e,-,1936,1936.0,0.0,0.4569446811255794,0.046988391161891026,0.3764829036260371,0.4969600418326543,0.12047713820661721,0.256972530700845,0.5039025528484515,0.2469300221476065,-1.888616641887381,0.0796192106186772,0.19912958354386928,nan,nan
32,21,22279,backward,e,-,837,837.0,0.0,0.23508112862269856,0.03847746660666928,0.22562997737500146,0.3226633868941888,0.09703340951918732,0.2197531228206078,0.5683087456411934,0.3485556228205856,4.76057956053391,0.08752079559129149,0.3331661543382961,nan,nan
32,22,66366,backward,e,-,884,884.0,0.0,0.27402771380351226,0.03788123740531989,0.2271006645444463,0.33839803312699346,0.11129736858254716,0.2094078419250101,0.4465931479657688,0.23718530604075871,0.8035592296595422,0.08839060500264626,0.1326118301769884,nan,nan
32,23,151127,backward,e,-,3687,3687.0,0.0,0.43561624949915206,0.0617853341674751,0.35628388341589673,0.5406709117039181,0.1843870282880214,0.35333869863390605,0.5778355597384837,0.22449686110457762,0.18032169503358167,0.12347113185207337,0.16063577988663885,nan,nan
32,24,68757,backward,e,-,1657,1657.0,0.0,0.4967825051475519,0.008700667683981977,0.48965221003376214,0.5069653047441084,0.017313094710346255,0.4836628352161139,0.5729713754320799,0.08930854021596596,4.4110927412980825,0.010269553514782124,0.07618887028452798,nan,nan
32,25,117692,backward,e,-,12103,12103.0,0.0,0.579817097760017,0.056071265877146274,0.49334732405767184,0.6662403265578403,0.17289300250016842,0.47146936591473815,0.879149594032258,0.40768022811751986,0.2943591347117218,0.09772787761399107,0.3106371450884088,nan,nan
32,26,149482,backward,e,-,7320,7320.0,0.0,0.6021044106739224,0.08754950977139514,0.49118665286492985,0.7343526165436859,0.24316596367875604,0.4299217108690757,0.8956261106421681,0.4657043997730924,0.16337188971174127,0.14162544473720562,0.3025345462308817,nan,nan
32,27,167957,backward,e,-,2,2.0,0.0,0.3770180319505057,0.01641729502880168,0.3622424664245842,0.3917935974764272,0.029551131051843038,0.360600736921704,0.3934353269793074,0.03283459005760336,nan,0.031192860554723194,0.03283459005760336,nan,nan
32,28,14797,backward,e,-,923,923.0,0.0,0.20264455304807585,0.014479682491191533,0.1855199543178107,0.2259340360896993,0.0404140817718886,0.16819393098549065,0.27429234479969977,0.10609841381420912,0.40471346543926723,0.02650942297950396,0.07041694960252956,nan,nan
32,29,24197,backward,e,-,3808,3808.0,0.0,0.4582347634798879,0.023241326561707184,0.41905112822738605,0.49254450892539986,0.07349338069801381,0.40183380528415885,0.5016345195628941,0.09980071427873521,-0.1380942465556803,0.04086692980550735,0.05356379781695769,nan,nan
32,30,45752,backward,e,-,14799,14799.0,0.0,0.32568301682009126,0.040954948099428096,0.2594072899444396,0.3868240471011903,0.12741675715675066,0.22742780091602316,0.4215543484557122,0.19412654753968905,-0.08256035678154483,0.0879189094472055,0.119898398475622,nan,nan
32,31,45851,backward,e,-,1048,1048.0,0.0,0.47726734085630684,0.031653724512326245,0.4195885096851575,0.512621116098921,0.09303260641376354,0.39688076780868864,0.5728380058839121,0.17595723807522345,-0.29549461963508045,0.06486600876079143,0.08866749156750814,nan,nan
32,0,144351,backward,w,deg,45542,45542.0,0.0,-0.5301785308194837,4.243627359687806,-5.660456333598842,9.378698613274448,15.039154946873289,-9.700381878903755,15.00651467566226,24.706896554566015,1.0685553263643044,11.180954824203408,16.80877088659122,20.432539083258728,0.9972625426045306
32,1,23915,backward,w,deg,4584,4584.0,0.0,0.030229579180215183,2.129836944574039,-3.6297213635342516,3.4077714804391204,7.0374928439733715,-4.735983747733314,4.289400643302571,9.025384391035885,-0.09736487190533837,5.1385123329687215,6.244774717167786,193.1253723427939,0.9993092681100618
32,2,19832,backward,w,deg,1037,1037.0,0.0,3.6704944329519265,13.20953587191162,-23.652100872346516,15.351595211459044,39.00369608380556,-27.296731197769248,17.077419798289526,44.37415099605877,-0.5263099262112094,31.40222611829136,35.04685644371409,201.6525070250088,0.9736481671819551
32,3,221195,backward,w,deg,4355,4355.0,0.0,-1.6097845651824514,8.340568178678362,-10.117086020269625,12.839222455779517,22.95630847604914,-11.000836563102979,13.493561491116651,24.49439805421963,0.34680162145890947,18.055399065260623,18.709738100597747,22.878843561369454,0.9894351957531474
32,4,57501,backward,w,deg,12952,12952.0,0.0,-0.17244181930257696,5.06666100070104,-7.4417799393688995,8.436107796199893,15.877887735568793,-28.559157741656207,17.714800186125842,46.27395792778205,0.11728568753485771,10.48547962135433,26.650408060800032,201.6329003738248,0.9961005957797391
32,5,127305,backward,w,deg,3336,3336.0,0.0,2.440833915822509,6.492994382249289,-10.094725376120195,7.83841579764605,17.933141173766245,-10.425200696608982,15.628520567668915,26.053721264277897,-0.4110432498035989,12.8907732236094,13.221248544098188,21.04030739791582,0.9935922932093062
32,6,30062,backward,w,deg,489,489.0,0.0,5.333705012877886,13.758098616972795,-27.394229298817073,13.537860711185226,40.9320900100023,-33.883529638306385,13.909455785290874,47.79298542359726,-0.8415674453659394,36.50055600600729,42.989856345496605,206.0577619366264,0.971502142610656
32,7,8552,backward,w,deg,2732,2732.0,0.0,-1.213786186474465,6.007172543122596,-3.1148967793887437,9.166301996405798,12.281198775794541,-3.5949155570768028,35.459815440378094,39.0547309974549,4.2405005266361915,10.827797695742936,37.12131113971523,183.72037462831864,0.9946083295759529
32,8,36833,backward,w,deg,1166,1166.0,0.0,-0.19213702715512682,7.219997689143347,-5.373361759817627,15.845112634822932,21.21847439464056,-26.035580797886894,21.946901392791773,47.98248219067867,-0.12427067444294805,21.2989948265626,24.206168554906213,197.53514216290336,0.9921350722793796
32,9,175498,backward,w,deg,2918,2918.0,0.0,1.1710841453246275,5.6442717248892915,-10.353191945095478,6.672063082496156,17.025255027591633,-14.978252118461853,6.923965118886059,21.902217237347912,-0.6049749735200415,15.60177567912841,20.22683585249476,28.670271095430508,0.995156696055348
32,10,9615,backward,w,deg,5112,5112.0,0.0,-0.5051784564772106,3.771048073341653,-4.171188181389823,7.897899353231213,12.069087534621037,-17.157119287776823,30.822862126827886,47.97998141460471,2.7272734674295056,8.481478312241899,31.366188641975214,188.65386733484533,0.9978490722450681
32,11,176287,backward,w,deg,17401,17401.0,0.0,0.13854272934793244,5.342742801699186,-8.467831600933664,7.304814788289633,15.772646389223297,-10.694690934795034,10.861266152198397,21.55595708699343,-0.08983256096594397,13.82765604674671,16.05451538060808,26.196523241659218,0.9956579778460165
32,12,31323,backward,w,deg,1001,1001.0,0.0,-1.0964946732227077,9.166141470261124,-5.621232284334241,20.031300384557028,25.65253266889127,-27.707259647188664,21.068623202243685,48.77588284943235,0.2294049437506326,22.56464824767275,26.18428182904114,199.1596652991876,0.9873545312662317
32,13,156237,backward,w,deg,2360,2360.0,0.0,-0.02585611452724379,2.6998614212380163,-3.5542095351954686,4.56740280193596,8.121612337131427,-6.289271842511255,12.872020756507425,19.16129259901868,1.7987549518431099,5.976554484428943,12.238967180527737,23.5952556349075,0.9988916965577718
32,14,168732,backward,w,deg,13781,13781.0,0.0,0.6593278816835664,3.356158569116973,-6.421117601432087,3.7118599274781445,10.132977528910232,-13.78834191995108,9.090325442107456,22.878667362058536,-0.6951844049466347,8.687104285239343,16.054328603758336,27.972810527432937,0.9982862484389851
32,15,71849,backward,w,deg,4669,4669.0,0.0,-0.4035261208449299,6.37153804500791,-8.791675441392016,11.102576512556542,19.894251953948558,-10.349908079952627,14.129274718819062,24.47918279877169,0.28695234781416185,10.639830343712205,13.630665990218432,191.069350540274,0.9938292227415257
32,16,35338,backward,w,deg,1353,1353.0,0.0,-0.11361060293819492,4.117915614122089,-5.7274420837191995,7.305994131737927,13.033436215457126,-39.77099757713307,8.42723966320915,48.19823724034222,-2.580082028788533,7.235634732945295,40.13066008544084,211.9274022573631,0.9974452671225018
32,17,49752,backward,w,deg,4091,4091.0,0.0,-0.9816767992424786,4.917637258565407,-6.519214287525685,9.762720396049247,16.28193468357493,-15.677723244489783,13.1032948398977,28.781018084387483,0.6470929585417678,12.690256292186916,16.02322529873294,191.75169682186734,0.9963227993193892
32,18,125038,backward,w,deg,14730,14730.0,0.0,0.1319206613348598,1.8985114378009365,-2.8918943534720527,2.5017737615071938,5.3936681149792465,-16.602435752770646,8.250837824905915,24.85327357767656,-1.0199717165882536,3.3196075614746903,16.81866490980039,27.220659694884937,0.9994516411809523
32,19,28151,backward,w,deg,1511,1511.0,0.0,-5.1848264219167675,10.559863023213897,-10.440488388033899,16.445620056214736,26.886108444248634,-31.53664431920174,16.98488062653965,48.52152494574139,0.5347945803493129,23.024266208369113,25.038552697514774,203.0403339365711,0.9831132359120215
32,20,110896,backward,w,deg,1936,1936.0,0.0,2.4155929714140285,9.630578215716028,-15.637909741587592,10.847578268886046,26.485488010473638,-25.598377531607525,14.225792574813198,39.82417010642072,-0.9802885990177624,19.700061645113507,29.66052943513344,205.82550126105676,0.9859762679553953
32,21,22279,backward,w,deg,837,837.0,0.0,-0.3643586244938035,4.723634313013393,-5.933466938891251,9.972925550356813,15.906392489248063,-34.16790294642348,12.553782232189462,46.721685178612944,0.24805379344022682,11.779235624396305,32.52672346896168,207.67483610443472,0.9966155364172282
32,22,66366,backward,w,deg,884,884.0,0.0,9.488661848830247,18.320864379346048,-36.37181220052528,10.409813578816237,46.78162577934151,-36.694245533332605,10.596704886546974,47.29095041987958,-1.3282128289530928,46.03454591041659,46.35697924322392,208.24004712843526,0.9501194069283582
32,23,151127,backward,w,deg,3687,3687.0,0.0,2.6128173923286226,5.47318913823396,-12.514162840544861,3.984330005910118,16.49849284645498,-18.832655078418554,4.192650541577677,23.02530561999623,-1.6148636931164422,16.21944174486478,22.53793398273848,32.763522071374105,0.9954532323873053
32,24,68757,backward,w,deg,1657,1657.0,0.0,-0.0007296636386513455,3.1633185326991016,-3.834879073204814,4.583989179315601,8.418868252520415,-22.047718934573595,6.746799787380411,28.794518721954006,-1.8146714002241846,6.021699743896348,20.848969700844265,197.3303962704378,0.9984810783920404
32,25,117692,backward,w,deg,12103,12103.0,0.0,1.3388604832460942,4.735479907975724,-13.004576908420702,4.585042789758075,17.58961969817878,-18.44215495652574,7.595300158893991,26.037455115419732,-1.7596619750747167,14.756410024017738,20.193988072122806,29.0922510876017,0.9965956865611092
32,26,149482,backward,w,deg,7320,7320.0,0.0,-0.027010226089245748,3.560964607145521,-4.920042353931626,7.037130663479531,11.957173017411158,-13.753922022356988,12.094409729926184,25.848331752283173,0.15208859004966363,9.069238819884783,14.353893758848812,24.341593836216777,0.9980732011071551
32,27,167957,backward,w,deg,2,2.0,0.0,0.0,4.390065345316202,-3.951058810784582,3.9510588107845814,7.902117621569163,-4.390065345316202,4.390065345316202,8.780130690632404,nan,8.341124156100785,8.780130690632404,30.893984729652757,0.9970660397377324
32,28,14797,backward,w,deg,923,923.0,0.0,2.3633953709689592,8.047294382233863,-15.90131865108703,10.931253794172338,26.832572445259366,-29.86918146951919,16.120553714646434,45.989735184165625,-1.1954242830660917,17.784172677083692,31.752035495515855,202.39477662717673,0.9902159501317372
32,29,24197,backward,w,deg,3808,3808.0,0.0,-0.9714145073532876,5.318128758375961,-4.484582364255869,16.92063592350586,21.405218287761727,-14.202525437144317,24.45163168488486,38.654157122029176,2.7916414309526036,18.793025336550347,26.324021097929347,188.4632158537389,0.9957257988233373
32,30,45752,backward,w,deg,14799,14799.0,0.0,-0.21069399382099618,4.912278049799847,-6.666966914059557,7.43264472164762,14.099611635707177,-34.90878789977489,13.823799411671132,48.732587311446025,-0.5805413806941362,8.686678004380607,33.82422830224448,206.42326905859147,0.9963432022302445
32,31,45851,backward,w,deg,1048,1048.0,0.0,-2.993278154567335,6.39340435540203,-4.502779864835359,15.306935002021078,19.80971486685644,-20.498884003913474,19.90433173857855,40.40321574249202,1.513543835404022,19.59336211304307,24.19075884960054,195.70616578112782,0.9938031348948904
32,0,144351,forward,eps,km^2/s^2,45542,45536.0,6.0,-0.1259037422478526,0.03961775980245171,-0.1939263895080003,-0.07212559979238126,0.12180078971561906,-0.8238947527169365,-0.05885393284037144,0.765040819876565,-0.7504306261578956,0.08203005623264589,0.711998419441582,nan,nan
32,1,23915,forward,eps,km^2/s^2,4584,4583.0,1.0,-0.9923532250608178,0.009921263362518553,-1.0053092186864847,-0.9729995587841952,0.03230965990228951,-1.0085644016778017,-0.9679343953911241,0.04063000628667757,0.3356410157338714,0.027770020073049205,0.032835183466120244,nan,nan
32,2,19832,forward,eps,km^2/s^2,1037,1037.0,0.0,-0.23186933628511852,0.03837125455003253,-0.2543889786116464,-0.12711975007594398,0.1272692285357024,-0.25918437217042745,-0.07278445935046873,0.1863999128199587,1.4337998257079123,0.09175605267607594,0.14609134340155117,nan,nan
32,3,221195,forward,eps,km^2/s^2,4355,4353.0,2.0,-0.8418838770259185,0.03669611256126548,-0.952558930097583,-0.8125060513486634,0.14005287874891958,-1.0181865681958364,-0.18427403313659396,0.8339125350592425,-0.5201549080371549,0.11047171027821326,0.6582362082067044,nan,nan
32,4,57501,forward,eps,km^2/s^2,12952,12951.0,1.0,-0.20179120366188308,0.033523419765083426,-0.23034803504754875,-0.13346974105877701,0.09687829398877174,-0.8671964417434563,-0.11789214584333219,0.7493042959001242,-1.1209362533362424,0.06521840672339407,0.6685335370088834,nan,nan
32,5,127305,forward,eps,km^2/s^2,3336,3326.0,10.0,-0.8655115393760904,0.05296482731564486,-0.9707987033780994,-0.8168078677033696,0.15399083567472982,-1.0205829238249695,-0.10646503045023847,0.914117893374731,0.9259083965970198,0.09348397522399055,0.8022954882162454,nan,nan
32,6,30062,forward,eps,km^2/s^2,489,489.0,0.0,-0.9120769704535293,0.04411037008245778,-0.9786343312660986,-0.8463845449850098,0.13224978628108874,-0.9807716408007237,-0.8106322875081445,0.17013935329257912,0.069563029438406,0.07677721208937967,0.09197701467061237,nan,nan
32,7,8552,forward,eps,km^2/s^2,2732,2732.0,0.0,-0.879888232788699,0.022634876158839176,-0.9357772694082462,-0.8618840186514833,0.0738932507567629,-0.9819994090634598,-0.8161631434959516,0.1658362655675082,-2.514392845549327,0.05970868169049694,0.10571432201270314,nan,nan
32,8,36833,forward,eps,km^2/s^2,1166,1165.0,1.0,-0.17663144627326643,0.11481397030814683,-0.21429618057254873,-0.08338892990337751,0.13090725066917122,-0.9051618694116652,-0.043981079635574294,0.8611807897760909,-4.913395185238921,0.11770289904767975,0.7318418749301988,nan,nan
32,9,175498,forward,eps,km^2/s^2,2918,2916.0,2.0,-0.8252580106530844,0.028406036039746282,-0.860737488553913,-0.807694093935853,0.05304339461805996,-1.0193955780484538,-0.23456264984899688,0.7848329281994569,0.3718898033474161,0.051312807431045354,0.5748952220670536,nan,nan
32,10,9615,forward,eps,km^2/s^2,5112,5112.0,0.0,-0.9317835360391757,0.025334706275833636,-0.966406636636399,-0.8947319571958275,0.07167467944057149,-0.9771607957760384,-0.8090194229146322,0.16814137286140618,0.6634956977492504,0.042963929407536766,0.11564889194401684,nan,nan
32,11,176287,forward,eps,km^2/s^2,17401,17398.0,3.0,-0.8710684179420959,0.024416920604723044,-0.9161843774405948,-0.8406851576660801,0.07549921977451468,-1.0169163672704298,-0.13207863108977524,0.8848377361806545,0.8650587473270185,0.04409643853238806,0.7408383223271475,nan,nan
32,12,31323,forward,eps,km^2/s^2,1001,999.0,2.0,-0.8941050500263519,0.04256125516049741,-0.9585467700990997,-0.8103815598126226,0.1481652102864771,-1.0160398633790297,-0.8063625597697947,0.2096773036092351,0.09283262159759323,0.0948996978343608,0.11094846079923504,nan,nan
32,13,156237,forward,eps,km^2/s^2,2360,2360.0,0.0,-0.23654395225660474,0.02512591779481108,-0.25842440380878257,-0.18197458474430747,0.0764498190644751,-0.25930099629598635,-0.16545823608675614,0.09384276020923021,0.7103146177325197,0.05286281658227612,0.06937916523982746,nan,nan
32,14,168732,forward,eps,km^2/s^2,13781,13781.0,0.0,-0.9231894253677304,0.023160247545181745,-0.9516272990858636,-0.8909566875597672,0.06067061152609643,-1.020820045950525,-0.808880401663415,0.21193964428710999,0.6637443672116821,0.03857857367485917,0.10724095025362324,nan,nan
32,15,71849,forward,eps,km^2/s^2,4669,4666.0,3.0,-0.877712851420619,0.030672666188440178,-0.9319394049353535,-0.8499599304273568,0.0819794745079967,-1.0201739466041788,-0.25793664000816996,0.7622373065960089,4.810052464553335,0.04946945291856317,0.6285376787541518,nan,nan
32,16,35338,forward,eps,km^2/s^2,1353,1353.0,0.0,-0.09927081951058936,0.12209702729881855,-0.18711863128837317,-0.0463699226508125,0.14074870863756067,-0.8929770889638025,-0.04437929460744894,0.8485977943563535,-5.271339996199088,0.10045655351521192,0.8063150111906413,nan,nan
32,17,49752,forward,eps,km^2/s^2,4091,4091.0,0.0,-0.9513520767979847,0.0328917514631319,-0.9850728254243711,-0.8967144656818573,0.08835835974251383,-0.988444367298666,-0.806596914213894,0.18184745308477201,1.0848456333317558,0.04615855687097198,0.13627610833893522,nan,nan
32,18,125038,forward,eps,km^2/s^2,14730,14729.0,1.0,-0.9461225399698364,0.023926573997243517,-0.9698995331707683,-0.902959456256663,0.0669400769141053,-0.9770447708625187,-0.8068388271316619,0.17020594373085685,1.4719943930205532,0.03631500617163937,0.12978870969221912,nan,nan
32,19,28151,forward,eps,km^2/s^2,1511,1511.0,0.0,-0.9066932946159951,0.0504492922321872,-0.9785349673263322,-0.823973043765307,0.15456192356102516,-1.0206562915180895,-0.8069177135241954,0.21373857799389406,0.10398732295277625,0.0827600556795412,0.11498956467998589,nan,nan
32,20,110896,forward,eps,km^2/s^2,1936,1936.0,0.0,-0.9034748324652895,0.03955128246343035,-0.9720960481536046,-0.849736700126705,0.12235934802689963,-0.9807580380695554,-0.8087099880279455,0.17204805004160995,-0.08853395327378961,0.07185858806162995,0.09569551936154441,nan,nan
32,21,22279,forward,eps,km^2/s^2,837,836.0,1.0,-0.8276866222122881,0.03455121681337078,-0.8822904788725261,-0.8126090535574413,0.06968142531508481,-1.0150456054286332,-0.20902786019331088,0.8060177452353223,5.67999054411949,0.0568242662596776,0.6165016620608201,nan,nan
32,22,66366,forward,eps,km^2/s^2,884,884.0,0.0,-0.2511588916352614,0.017419901482293203,-0.25679848522689125,-0.2032181955435788,0.05358028968331244,-0.2580195742203977,-0.17222696358405276,0.08579261063634491,1.7645117845137503,0.04280050412979107,0.0737917360893171,nan,nan
32,23,151127,forward,eps,km^2/s^2,3687,3679.0,8.0,-0.16694292898629615,0.03694030154543937,-0.20593203807663507,-0.10686924053166164,0.09906279754497344,-0.2576181628370806,-0.046719852405381124,0.2108983104316995,0.05519065695539856,0.050994283330993866,0.10829134605985102,nan,nan
32,24,68757,forward,eps,km^2/s^2,1657,1656.0,1.0,-0.1453988855509608,0.06938640226439788,-0.21233210591874951,-0.12169459420746809,0.09063751171128143,-0.8827561980116676,-0.051543237175719625,0.831212960835948,-8.215809524296413,0.06840147878761696,0.7380802535767463,nan,nan
32,25,117692,forward,eps,km^2/s^2,12103,12098.0,5.0,-0.8748970894089396,0.027620095816643275,-0.9321641133294402,-0.8414066681673151,0.09075744516212503,-1.0195465359042162,-0.8068933437207682,0.21265319218344803,-0.6411182922966389,0.06163742630967471,0.14883711549677991,nan,nan
32,26,149482,forward,eps,km^2/s^2,7320,7315.0,5.0,-0.16806637222867915,0.0828186835800866,-0.210756786362167,-0.11188152991360278,0.09887525644856421,-0.8664613228231999,-0.04380055913553149,0.8226607636876684,-6.371207218837011,0.051596072130233574,0.7047649690970661,nan,nan
32,27,167957,forward,eps,km^2/s^2,2,2.0,0.0,-0.9024841880166579,0.06868615515510096,-0.9643017276562487,-0.840666648377067,0.12363507927918171,-0.9711703431717588,-0.8337980328615568,0.13737231031020192,nan,0.13050369479469182,0.13737231031020192,nan,nan
32,28,14797,forward,eps,km^2/s^2,923,915.0,8.0,-0.8216643099815608,0.15840598701020148,-0.8818428119772761,-0.6373182221973035,0.2445245897799726,-0.9840399596112792,-0.04389160369217371,0.9401483559191055,3.992983939307013,0.2886210981398674,0.7761402221399106,nan,nan
32,29,24197,forward,eps,km^2/s^2,3808,3808.0,0.0,-0.9563929823296655,0.032374991431299203,-0.9896347824781797,-0.8967090743256161,0.09292570815256362,-0.993082269741796,-0.812573471468557,0.18050879827323907,0.7414285908534612,0.05180532560151985,0.13594092845857897,nan,nan
32,30,45752,forward,eps,km^2/s^2,14799,14795.0,4.0,-0.2147121189695177,0.03306297118153939,-0.2461250017954023,-0.15029613300958244,0.09582886878581987,-0.9752300854924874,-0.04551777689807879,0.9297123085944086,-0.16769687530963417,0.06521264110496475,0.7597302031634964,nan,nan
32,31,45851,forward,eps,km^2/s^2,1048,1046.0,2.0,-0.913784131081441,0.04430675730820659,-0.9738357283033519,-0.8317630164546606,0.1420727118486913,-1.020440955040417,-0.8064880705613207,0.21395288447909633,0.4227099111752548,0.08838317792388409,0.11121156734862425,nan,nan
32,0,144351,forward,e,-,45542,45536.0,6.0,0.6989897070339164,0.09502080833863231,0.5311810503174372,0.828054536062538,0.29687348574510075,0.19467602866574538,0.8597500074356198,0.6650739787698744,-0.22020758557798178,0.2016397696907038,0.5381447913423956,nan,nan
32,1,23915,forward,e,-,4584,4583.0,1.0,0.5334293805433181,0.014323608208582573,0.504987863101513,0.551695717621255,0.04670785451974202,0.4978177640943982,0.5562090261526239,0.0583912620582257,-0.36926864029824596,0.040397600643205495,0.047567699650320316,nan,nan
32,2,19832,forward,e,-,1037,1037.0,0.0,0.4305973927859636,0.09882022901185201,0.36797846293822334,0.6963104049406182,0.3283319420023949,0.3535949382275066,0.826618228390844,0.4730232901633374,1.3430886301202292,0.22918705376430454,0.3594948772145303,nan,nan
32,3,221195,forward,e,-,4355,4353.0,2.0,0.2683153553618745,0.07002611951085315,0.18788597699629203,0.4746329810491684,0.28674700405287634,0.17032427099550282,0.56932910221214,0.3990048312166371,1.6159197313461562,0.20479351893090916,0.29948964009388074,nan,nan
32,4,57501,forward,e,-,12952,12951.0,1.0,0.5108296515640298,0.08113270611931257,0.4355556303963424,0.6804101993771052,0.24485456898076285,0.1885344455193741,0.7181904323221006,0.5296559868027264,0.5374829791872952,0.16206020974643903,0.32991765425501857,nan,nan
32,5,127305,forward,e,-,3336,3326.0,10.0,0.3210470463821816,0.0978433973462859,0.20252711344329621,0.5020076250167751,0.2994805115734789,0.1698141830836259,0.745750992301869,0.5759368092182431,0.33032586861526836,0.19977636002347465,0.34408885324709904,nan,nan
32,6,30062,forward,e,-,489,489.0,0.0,0.407371352241854,0.07878163204182626,0.27846726762401847,0.5135803567581028,0.2351130891340843,0.1816681563092763,0.5167290046545291,0.3350608483452528,-0.2709350974414264,0.1254686472407507,0.20903639310701727,nan,nan
32,7,8552,forward,e,-,2732,2732.0,0.0,0.3479358911227719,0.04059594299978861,0.3115609557468363,0.447712576841454,0.1361516210946177,0.2014168178658124,0.5185090086168794,0.31709219075106704,1.9137834160078686,0.11045598196524078,0.177608256239826,nan,nan
32,8,36833,forward,e,-,1166,1165.0,1.0,0.5743739504327767,0.11364729234354154,0.47848251389753327,0.8013177936351488,0.3228352797376155,0.16987312589813894,0.8952125964134294,0.7253394705152905,0.3188792665807703,0.26217539897295733,0.4127649804315754,nan,nan
32,9,175498,forward,e,-,2918,2916.0,2.0,0.22725977853635582,0.05754787925835019,0.17319856202159822,0.3109023011579464,0.1377037391363482,0.17117027507337262,0.5709867870567714,0.3998165119833988,2.098942831506192,0.13116201088891655,0.39124649678774154,nan,nan
32,10,9615,forward,e,-,5112,5112.0,0.0,0.4402428441075322,0.043725105267550704,0.3758974988383312,0.49515461647384307,0.11925711763551189,0.1766112200207938,0.5114374519043574,0.33482623188356364,-1.0956930424736402,0.06863039784501544,0.25180790803239594,nan,nan
32,11,176287,forward,e,-,17401,17398.0,3.0,0.33167874360885646,0.04650614079638559,0.2652393600490107,0.4148947888790749,0.14965542883006416,0.17006665311222163,0.6839207812347965,0.5138541281225748,0.49244240212609736,0.08380047518556248,0.3486583939950796,nan,nan
32,12,31323,forward,e,-,1001,999.0,2.0,0.375405817428462,0.08315736446032068,0.18086623024910292,0.48323658031735883,0.3023703500682559,0.16857236846964585,0.5665258078421068,0.39795343937246097,-0.47922788573044534,0.2142866117195161,0.2265804734989732,nan,nan
32,13,156237,forward,e,-,2360,2360.0,0.0,0.41781082950998916,0.06728924748186005,0.3560439096270736,0.5604567811174842,0.2044128714904106,0.3534727015855489,0.6017595388155494,0.24828683723000056,0.6495014202908956,0.13821578098409548,0.17951853868216078,nan,nan
32,14,168732,forward,e,-,13781,13781.0,0.0,0.4267469470304689,0.040921732367943685,0.3698625208879872,0.47279567593482774,0.10293315504684053,0.176276510994901,0.572955757279698,0.39667924628479706,-1.2750968682673105,0.06290503320339647,0.23844959396089638,nan,nan
32,15,71849,forward,e,-,4669,4666.0,3.0,0.34429377450017407,0.04949407087437734,0.286327770285008,0.44105870291393956,0.15473093262893156,0.18433377763711412,0.5721043294030014,0.38777055176588726,0.5795240154981389,0.08836760960271446,0.2111279047904288,nan,nan
32,16,35338,forward,e,-,1353,1353.0,0.0,0.7633355574508512,0.11950243710065313,0.5477773124645762,0.8895281656473631,0.341750853182787,0.1705568463462666,0.8942666422086608,0.7237097958623941,-1.4020722570891313,0.24571376496467653,0.6229342310829864,nan,nan
32,17,49752,forward,e,-,4091,4091.0,0.0,0.47214514024520504,0.056316596126565845,0.3798507666425927,0.5229774866241468,0.14312671998155407,0.16949320295763892,0.5278521996736902,0.3583589967160513,-1.5861697156635035,0.07868231899813116,0.28903988268308495,nan,nan
32,18,125038,forward,e,-,14730,14729.0,1.0,0.46398549237312,0.0413137550128286,0.391577411945567,0.5006581707742892,0.1090807588287222,0.17049289640178886,0.5112590529177172,0.34076615651592834,-2.1060723829926538,0.058394048824234004,0.2782388696179078,nan,nan
32,19,28151,forward,e,-,1511,1511.0,0.0,0.39872034977498855,0.0940010924167271,0.22360548964861648,0.513475574736042,0.2898700850874255,0.1708617994619956,0.572716237374,0.4018544379120044,-0.385366092554912,0.17483336832314816,0.2260475725359568,nan,nan
32,20,110896,forward,e,-,1936,1936.0,0.0,0.3922293817735483,0.07164063505316522,0.2856639978186775,0.5039529403925329,0.2182889425738554,0.1760689075127438,0.5167355572993455,0.3406666497866017,-0.1705949218332838,0.11757003555501819,0.21780269033181088,nan,nan
32,21,22279,forward,e,-,837,836.0,1.0,0.23289817442625682,0.05797520770970412,0.18929903533323883,0.35409842741573344,0.1647993920824946,0.17160304738794754,0.5650182522356815,0.39341520484773396,2.2135215931379806,0.12675877542775493,0.3376786002477029,nan,nan
32,22,66366,forward,e,-,884,884.0,0.0,0.37766296856088116,0.04759628203526031,0.3609519557607782,0.5079696806963162,0.147017724935538,0.35730328703092606,0.586177008170733,0.22887372113980697,1.6750315246373453,0.1151807243507243,0.19338805182514107,nan,nan
32,23,151127,forward,e,-,3687,3679.0,8.0,0.5984387582237938,0.09169960934759566,0.5002921177112216,0.7447651413171631,0.24447302360594148,0.3583023129665651,0.8887012718543874,0.5303989588878223,0.0028463443241110425,0.12796710631152683,0.26971220546739616,nan,nan
32,24,68757,forward,e,-,1657,1656.0,1.0,0.6514521571368308,0.07677649725486073,0.48284106056521964,0.7089800034685885,0.22613894290336883,0.1759040453018719,0.8772211912241045,0.7013171459222326,-2.0239689389925797,0.17146706053142924,0.47730356193111656,nan,nan
32,25,117692,forward,e,-,12103,12098.0,5.0,0.3390210927874787,0.05333080437565939,0.2667026475711205,0.4416409590598071,0.1749383114886866,0.17073231361406763,0.5711940403640638,0.40046172674999625,0.3474805420456428,0.11404811738932288,0.24054637338903206,nan,nan
32,26,149482,forward,e,-,7320,7315.0,5.0,0.5957210102915882,0.096835502919296,0.48775087011533336,0.7326956304635718,0.24494476034823842,0.24859648827842343,0.8956399397956282,0.6470434515172048,-0.3235519981225711,0.12690730336741626,0.36291386991836005,nan,nan
32,27,167957,forward,e,-,2,2.0,0.0,0.3759789030646464,0.12650002244080666,0.26212888286792035,0.48982892326137234,0.22770004039345199,0.24947888062383972,0.502478925505453,0.2530000448816133,nan,0.24035004263753265,0.2530000448816133,nan,nan
32,28,14797,forward,e,-,923,915.0,8.0,0.22173173979646513,0.12548161834571936,0.188371403242957,0.4999725278252147,0.31160112458225764,0.17222573043226008,0.8954250633070769,0.7231993328748169,3.561396849179681,0.2880289380916987,0.683481473573561,nan,nan
32,29,24197,forward,e,-,3808,3808.0,0.0,0.47979427228619653,0.053477359679299126,0.37977519987741293,0.5295819758574843,0.14980677598007142,0.18759880399363957,0.5344854551542831,0.34688665116064354,-1.045403386832076,0.08765286562863821,0.2798292615124116,nan,nan
32,30,45752,forward,e,-,14799,14795.0,4.0,0.47702392787906367,0.08357046470247416,0.3918148264945101,0.6394286211933955,0.2476137946988854,0.35321325181105695,0.8915607213151449,0.538347469504088,0.6394300454804042,0.16486692628195743,0.4169990264037068,nan,nan
32,31,45851,forward,e,-,1048,1046.0,2.0,0.41037045690990365,0.0832551814911353,0.24420677881666153,0.5064894690764976,0.2622826902598361,0.1690549787012258,0.5724196200563394,0.40336464135511363,-0.8249657218968584,0.1728842770570312,0.24803607717246692,nan,nan
32,0,144351,forward,w,deg,45542,45536.0,6.0,-3.286434398996292,20.429314774886993,-21.43437158585302,34.672374541695795,56.10674612754882,-177.66964696954096,176.95920977054482,354.6288567400858,-0.05715525234473433,55.97895534229307,179.2103103411779,173.85555376241632,0.9439808044637933
32,1,23915,forward,w,deg,4584,4583.0,1.0,-0.4001393250176193,4.390745889548711,-6.374366805919175,8.088198186491711,14.462564992410886,-7.646172926797817,15.094830336385996,22.741003263183813,0.5457500438932261,8.338199310263137,15.344831460157422,306.13590967751884,0.9970679521837825
32,2,19832,forward,w,deg,1037,1037.0,0.0,-4.814359398508543,40.56225019249847,-46.14693454998965,63.75178625455419,109.89872080454384,-170.6897681770896,175.9041141796178,346.5938823567074,0.5260920527517998,59.70229804172104,175.67609558937818,228.22623896382146,0.784786755316484
32,3,221195,forward,w,deg,4355,4353.0,2.0,-9.056634807786992,33.187990132571045,-27.405844042035405,80.46698945576043,107.87283349779582,-177.1782941385045,171.26487982526214,348.44317396376664,1.4264491166255933,105.78793041690773,178.67071377333377,62.819850540876914,0.8581141538235305
32,4,57501,forward,w,deg,12952,12951.0,1.0,-5.644607325822136,23.82378370302289,-25.465304160075164,42.890945521814146,68.35624968188931,-167.38388223124215,177.4675144333458,344.8513966645879,1.1475360535069001,66.10071804584028,175.5317023198138,189.06224064659648,0.9209655636559402
32,5,127305,forward,w,deg,3336,3326.0,10.0,5.350858617143643,37.119127098854094,-54.646747703543966,57.94926708189454,112.59601478543851,-168.2635181761031,179.19159526470366,347.45511344080677,0.06654461334545315,65.84552953865075,173.81798446351922,114.75644963897412,0.8175955962714638
32,6,30062,forward,w,deg,489,489.0,0.0,-2.4152472318745595,27.853135682577857,-24.483061145890314,39.293755873272794,63.776817019163104,-36.21074013792918,146.0518038528799,182.2625439908091,2.8488373666515248,55.41487545120845,162.17292343081556,23.561657819036906,0.9098868120377791
32,7,8552,forward,w,deg,2732,2732.0,0.0,-2.9554484371904834,16.58687730203286,-5.4734738867082315,21.64854416435933,27.12201805106756,-165.04290184299748,175.72459038735133,340.7674922303488,-0.5391680027358087,43.91327741528709,179.48069561725578,295.0042278345,0.9666680873968095
32,8,36833,forward,w,deg,1166,1165.0,1.0,-5.664887681985363,36.70507970055092,-24.224670011023797,97.53948250770826,121.76415251873206,-177.24139614835727,175.3136895775222,352.5550857258795,2.026194215163275,122.14389468609997,177.82891985219453,312.4190322954173,0.8519716714715665
32,9,175498,forward,w,deg,2918,2916.0,2.0,-4.221881044990198,25.842212975085275,-18.77002519288041,36.83814934994906,55.608174542829474,-178.69790133230327,177.12172393168805,355.8196252639913,-0.15020425430623296,43.95114183291007,179.48094064394644,18.313619894484784,0.926096896278192
32,10,9615,forward,w,deg,5112,5112.0,0.0,-1.5650805557108356,22.579763573555006,-7.440230491316493,15.795613213436626,23.23584370475312,-178.3276034563293,175.07632320566103,353.40392666199034,2.5503366478229825,19.97688449672129,177.91280241264496,298.34288334668406,0.9506385703126813
32,11,176287,forward,w,deg,17401,17398.0,3.0,-2.317884108414816,20.98394224139216,-19.235203590534393,35.60391490633476,54.83911849686915,-179.4079695844947,177.13678473502125,356.54475431951596,1.5873113870370852,54.265509798789076,179.94222970496955,14.919883747698094,0.944699323842838
32,12,31323,forward,w,deg,1001,999.0,2.0,-0.47331053781667265,39.875550147156915,-52.99060577089831,46.86316047765383,99.85376624855215,-176.03617260816242,172.1085903256768,348.1447629338392,-1.06234029418302,96.90884576119106,176.19880172374576,40.42835740369033,0.840700947804482
32,13,156237,forward,w,deg,2360,2360.0,0.0,-6.725214652668058,39.00274641268895,-36.52405310677239,81.02797222481792,117.5520253315903,-40.894072514131295,165.28176699356743,206.17583950769873,1.4889599356066798,103.65262854601355,179.47530229569247,237.75192431739526,0.8113825100680423
32,14,168732,forward,w,deg,13781,13781.0,0.0,-5.0863520339635215,26.38128089100778,-17.83047053207565,32.34815809986034,50.17862863193599,-179.74666081620325,179.49511847450947,359.2417792907127,2.1707831221601412,46.16380586491317,179.99219493549958,8.6806021081046,0.9203819939788075
32,15,71849,forward,w,deg,4669,4666.0,3.0,-3.37411917268642,19.901572722771142,-15.90652821180906,32.982110108748316,48.88863832055738,-174.65538856984827,179.65192926673922,354.30731783658746,1.3629140909243722,39.01155092771134,176.0330729042086,307.6326247665059,0.9516079159539247
32,16,35338,forward,w,deg,1353,1353.0,0.0,-3.7191150370177866,44.67540441209231,-25.692597724220008,113.28383829950633,138.97643602372634,-179.68843326824097,179.65919199528406,359.34762526352506,0.6808052103834231,141.3146021090475,178.46993618761275,268.6259812820704,0.8092560386778452
32,17,49752,forward,w,deg,4091,4091.0,0.0,-1.6216425222318094,26.778654663623943,-20.48054670903369,24.507345141548655,44.98789185058234,-178.42900259208358,157.5720190405807,336.0010216326643,2.70378454644671,34.27329597819951,169.56739004842188,315.33240495539616,0.9188127889109012
32,18,125038,forward,w,deg,14730,14729.0,1.0,-2.9013488737119815,21.692783712566584,-18.61836887544755,33.505065387496394,52.123434262943945,-174.29586952887053,176.72051015700043,351.01637968587096,2.4070579886854526,46.93902512708625,179.45154091763175,11.415826235502962,0.9434725976155818
32,19,28151,forward,w,deg,1511,1511.0,0.0,-4.636434538783362,60.80398537688895,-33.663216382558375,160.9723506140392,194.63556699659756,-173.82173138129411,179.6176954788216,353.4394268601157,1.190810169097368,167.92953999561968,179.6007024670747,350.0574577668171,0.635222932117804
32,20,110896,forward,w,deg,1936,1936.0,0.0,-3.727247888800747,29.601166862644448,-19.66262405461613,47.44333460174468,67.10595865636081,-179.38944685241677,179.3984629741326,358.78790982654937,0.6846325103016259,83.48001229821627,178.13943103646895,337.3030614379426,0.9041378735947191
32,21,22279,forward,w,deg,837,836.0,1.0,-3.161590348401674,34.11907671250649,-24.06512327655704,57.670463947639874,81.7355872241969,-179.6503140857866,135.00409177524648,314.65440586103307,-1.312966917894175,95.22163732844223,173.14450729292082,158.3261633696421,0.8824955672387468
32,22,66366,forward,w,deg,884,884.0,0.0,-2.7667433674770052,21.40835379307124,-27.91201352477169,45.24181480658978,73.15382833136147,-30.877200049385806,96.60321470125609,127.4804147506419,0.8289367786284373,41.74394645652904,93.10534635119541,212.61048497895794,0.932937637072868
32,23,151127,forward,w,deg,3687,3679.0,8.0,-4.569395910786483,52.76701812413234,-37.620642465561666,137.2106490778519,174.83129154341358,-179.70655542365807,179.3409759021667,359.04753132582476,0.9501117746570477,157.82200780823845,179.9202144107286,247.21161855041257,0.7220597267806209
32,24,68757,forward,w,deg,1657,1656.0,1.0,-5.1966406630847075,36.28076396431411,-19.912061635147666,55.572595608619906,75.48465724376757,-174.70732949234298,174.4308338889714,349.13816338131437,1.3657003105524808,90.97056155278109,179.81769078408885,202.06487793361984,0.8668783455472846
32,25,117692,forward,w,deg,12103,12098.0,5.0,-4.841732090642935,29.303849465047712,-24.28816540309399,38.19875860565367,62.486924008747664,-177.40577869181487,179.4692657981625,356.87504448997737,-1.6746650744653857,64.19565212861532,179.82521103773405,16.295948985916205,0.9011895736244665
32,26,149482,forward,w,deg,7320,7315.0,5.0,-5.223873112282604,36.28131939939617,-28.091167597012745,90.01839944659373,118.10956704360648,-178.13488757588053,177.93645381592796,356.07134139180846,1.483400127852787,120.00783961765822,178.83631436499093,294.470880818351,0.8470981247965095
32,27,167957,forward,w,deg,2,2.0,0.0,1.4210854715202004e-14,32.65350219809896,-29.388151978289052,29.388151978289077,58.77630395657813,-32.65350219809895,32.65350219809898,65.30700439619793,nan,62.04165417638803,65.30700439619793,133.3077657150381,0.841948931277264
32,28,14797,forward,w,deg,923,915.0,8.0,-2.3659799365617573,34.49308703725268,-28.89240659267612,61.7960009172897,90.68840750996583,-176.9013923077287,178.66483758057763,355.56622988830634,0.7856956165252263,91.7447614295291,173.14077090014757,163.12932509652222,0.87340849366256
32,29,24197,forward,w,deg,3808,3808.0,0.0,-3.741856486308933,23.410138524817082,-13.66500138265036,38.22503068853609,51.89003207118645,-178.52120405052418,176.578091348344,355.0992953988682,3.0938292261652993,44.99502862554384,179.2436933099003,304.37132223279934,0.940150311465574
32,30,45752,forward,w,deg,14799,14795.0,4.0,-6.5529568811437855,27.87230254447509,-30.133595465047723,50.33112569929381,80.46472116434153,-179.95210148945262,179.36295939816898,359.3150608876216,0.779811850031165,79.03595064325688,178.74815453276778,194.27696678743308,0.89306726718844
32,31,45851,forward,w,deg,1048,1046.0,2.0,-2.932229882585787,36.13551357718297,-58.47178338182749,42.16446031512901,100.63624369695651,-178.76999502573005,179.88270932469243,358.6527043504225,-0.7097685953620896,64.10012293874678,177.268227940894,54.25892817263007,0.8591042239348067
36,0,144351,backward,eps,km^2/s^2,45608,45608.0,0.0,-0.12387034721713358,0.03767627801800432,-0.18991535896602477,-0.07170545953847156,0.11820989942755321,-0.21020590239370707,-0.058817793307683885,0.15138810908602318,-0.1737455767185646,0.07181291788812363,0.09210346131580593,nan,nan
36,1,22426,backward,eps,km^2/s^2,4437,4437.0,0.0,-0.937122073708922,0.015409135980338872,-0.9619476582290946,-0.9151100994744894,0.04683755875460516,-0.9704032762234998,-0.9066367012668154,0.06376657495668436,-0.12385102957791254,0.026973809453162745,0.03535228002465318,nan,nan
36,2,23568,backward,eps,km^2/s^2,924,924.0,0.0,-0.8136221755560458,0.006935201704081371,-0.8282491390785096,-0.8074206901016284,0.020828448976881186,-0.8323072944303032,-0.8062327657692095,0.02607452866109361,-0.5813200949192314,0.014027314827090213,0.018085470178883734,nan,nan
36,3,167952,backward,eps,km^2/s^2,2151,2151.0,0.0,-0.24183409908882636,0.013109855778825208,-0.25712076757948416,-0.213467135352287,0.04365363222719715,-0.2583797228347101,-0.1902849437085592,0.06809477912615092,0.6524432774311495,0.030376925318859826,0.05355911696258764,nan,nan
36,4,57501,backward,eps,km^2/s^2,12856,12856.0,0.0,-0.9334098227461312,0.01670225695905685,-0.9588246570970906,-0.9064782899210728,0.052346367176017816,-1.0207392989867343,-0.8981377756018354,0.12260152338489894,-0.01519980537168678,0.028580356630200504,0.09026003820531425,nan,nan
36,5,51611,backward,eps,km^2/s^2,1265,1265.0,0.0,-0.06674970532454771,0.034165991531360525,-0.13929053291423113,-0.04535152543017644,0.09393900748405469,-0.18222249655723388,-0.043834796693581146,0.13838769986365274,-0.7292584252397756,0.05033735477366487,0.087573094879705,nan,nan
36,6,30062,backward,eps,km^2/s^2,484,484.0,0.0,-0.8145803039174954,0.009996298513218696,-0.8353817365723571,-0.8066204844871971,0.028761252085160005,-0.8686476469238458,-0.8063623697289342,0.062285277194911615,-1.0162293243572849,0.018504775185017804,0.05177068553650643,nan,nan
36,7,8156,backward,eps,km^2/s^2,2692,2692.0,0.0,-0.9165927834301254,0.023743393836680744,-0.9560393187940893,-0.8798368073135475,0.0762025114805418,-0.9621316990027167,-0.8618716837989973,0.10026001520371941,-0.04057362596100866,0.041209897481029836,0.05658869575168346,nan,nan
36,8,36833,backward,eps,km^2/s^2,1049,1049.0,0.0,-0.9104000995037335,0.04128590675745961,-0.9750948754452753,-0.8464110130203601,0.12868386242491514,-0.9766986509237002,-0.8280285242318471,0.1486701266918531,0.02974297147318699,0.06594350557316923,0.0843259943616822,nan,nan
36,9,175498,backward,eps,km^2/s^2,2784,2784.0,0.0,-0.2501733288894193,0.011832850819526881,-0.2565227271808619,-0.22818929948259095,0.028333427698270935,-0.2595672674968075,-0.1678097530070919,0.09175751448971559,2.4251997267459946,0.017550494697628906,0.07793004117312796,nan,nan
36,10,14141,backward,eps,km^2/s^2,8611,8611.0,0.0,-0.8792239419412047,0.017442030172160134,-0.9089547172318477,-0.8531625813275291,0.05579213590431864,-0.9144455058797335,-0.8266489635356632,0.0877965423440703,-0.08957898877413027,0.03015663063042756,0.05466169027215939,nan,nan
36,11,210090,backward,eps,km^2/s^2,3056,3056.0,0.0,-0.164735752064674,0.03795606247480859,-0.21616153743739222,-0.0934244756391443,0.12273706179824792,-0.23082458601177636,-0.06893817448948147,0.16188641152229488,0.3253939870948909,0.06669265911934183,0.08955369186435536,nan,nan
36,12,31322,backward,eps,km^2/s^2,1011,1011.0,0.0,-0.8771192958020453,0.021912272874154936,-0.9120678133087221,-0.8448565956128864,0.06721121769583571,-0.9175307502425742,-0.8211411879985766,0.09638956224399764,0.0144333266146347,0.04006419560599617,0.06377960322030596,nan,nan
36,13,156237,backward,eps,km^2/s^2,2361,2361.0,0.0,-0.17730653953519881,0.0335371062026476,-0.20468998622606338,-0.10777669200439632,0.09691329422166706,-0.23396340960576145,-0.1051201269881269,0.12884328261763456,0.4954277831437968,0.06301239609732845,0.06560024518824403,nan,nan
36,14,169016,backward,eps,km^2/s^2,13583,13583.0,0.0,-0.21926055353214557,0.0116479878883862,-0.232753242309588,-0.19408232866049915,0.03867091364908884,-0.2512478078802216,-0.1750244582065702,0.07622334967365141,0.8294903790402988,0.026885879497072926,0.04582569219926402,nan,nan
36,15,43359,backward,eps,km^2/s^2,2169,2169.0,0.0,-0.9875424748835874,0.011334126294759266,-0.9995581162785091,-0.9651926539332601,0.034365462345248954,-1.020754723273971,-0.962106439474604,0.05864828379936715,0.40714726866854295,0.02772569010214345,0.03079324436457287,nan,nan
36,16,35110,backward,eps,km^2/s^2,1280,1280.0,0.0,-0.8350078373961392,0.015374979514574864,-0.8426529584211531,-0.8241686244812451,0.018484333939908004,-1.0020294531141347,-0.8068393667227801,0.1951900863913546,-7.868410169242994,0.011715330398521571,0.16766706044530455,nan,nan
36,17,46767,backward,eps,km^2/s^2,998,998.0,0.0,-0.9541692093189849,0.019921824863716325,-0.9779606631143698,-0.9191327073001154,0.058827955814254373,-1.0207437552380227,-0.9056474479481661,0.11509630728985665,0.2422285218894563,0.041912168989825443,0.06000645354621603,nan,nan
36,18,125038,backward,eps,km^2/s^2,14677,14677.0,0.0,-0.1612054349271821,0.024461865673069263,-0.20250422100919838,-0.12582256097852715,0.07668166003067123,-0.2118247676794177,-0.08366161185971288,0.12816315581970483,-0.13324209681158128,0.04146018050908102,0.08018069896397784,nan,nan
36,19,28151,backward,eps,km^2/s^2,1463,1463.0,0.0,-0.8775704569958265,0.020752331794831543,-0.916293837516369,-0.8483094830807849,0.06798435443558404,-0.9275787755996452,-0.8261229694281379,0.10145580617150729,-0.27714112543221747,0.03778270817476811,0.05795458834415279,nan,nan
36,20,109846,backward,eps,km^2/s^2,1878,1878.0,0.0,-0.9392389926324605,0.02626244337095079,-0.9614230102577949,-0.892996586443756,0.06842642381403885,-0.9682933158790161,-0.8365072856294222,0.1317860302495939,1.591209336020214,0.04272705693119182,0.09921635774552562,nan,nan
36,21,22279,backward,eps,km^2/s^2,816,816.0,0.0,-0.8284118893861642,0.01679287477258136,-0.8634387360924278,-0.8248979262243319,0.03854080986809594,-1.017355824091562,-0.8227577141319229,0.19459810995963922,-5.957826949338315,0.034902956461808216,0.18882004446094247,nan,nan
36,22,65627,backward,eps,km^2/s^2,754,754.0,0.0,-0.8466889225136051,0.01625209328395566,-0.8784649792210111,-0.830209168094914,0.048255811126097115,-0.9358815166318448,-0.8223662086084083,0.11351530802343657,-1.438222927956292,0.03248864751877951,0.07498613038468971,nan,nan
36,23,153188,backward,eps,km^2/s^2,3577,3577.0,0.0,-0.23133668482416792,0.022413199018737385,-0.258362085607487,-0.19157714526704783,0.06678494034043919,-0.2593276385082858,-0.17558576060658349,0.08374187790170229,0.25548896850601754,0.04643996518070127,0.062431349841165606,nan,nan
36,24,68757,backward,eps,km^2/s^2,1651,1651.0,0.0,-0.9673190715665848,0.005908948308106184,-0.9741311234962959,-0.9626158679504326,0.011515255545863301,-1.020836128343177,-0.9586285844427541,0.062207543900422935,-4.70050268077556,0.006843667013545163,0.0534901777792991,nan,nan
36,25,167830,backward,eps,km^2/s^2,1819,1819.0,0.0,-0.1933729546064048,0.02963411171010069,-0.21433429023132589,-0.1257418367657427,0.0885924534655832,-0.2537412176739521,-0.11586798314570224,0.13787323452824984,0.7280349790023951,0.07347367031123031,0.08334752393127076,nan,nan
36,26,148588,backward,eps,km^2/s^2,7200,7200.0,0.0,-0.1660126978628348,0.0350218299191339,-0.20944983394559002,-0.11174593238086786,0.09770390156472217,-0.23203998749279275,-0.04380722131250103,0.18823276618029172,0.1913020752452648,0.05599586784538407,0.1238116728163624,nan,nan
36,27,167957,backward,eps,km^2/s^2,2,2.0,0.0,-0.2511158157849137,0.005881131901134817,-0.25640883449593505,-0.24582279707389237,0.010586037422042671,-0.2569969476860485,-0.2452346838837789,0.011762263802269635,nan,0.011174150612156153,0.011762263802269635,nan,nan
36,28,14797,backward,eps,km^2/s^2,918,918.0,0.0,-0.8168232957529545,0.005191743643426978,-0.8250454918910269,-0.8112300707454347,0.0138154211455922,-0.8533952571216736,-0.806208472304013,0.04718678481766059,-1.2900891505577923,0.008868436763679604,0.03611330679624969,nan,nan
36,29,34556,backward,eps,km^2/s^2,459,459.0,0.0,-0.9227704259534892,0.040988091391599514,-0.9697397370467722,-0.845300103855877,0.12443963319089524,-0.9774505656485535,-0.8283933776437372,0.14905718800481627,0.3174574171108744,0.07843265272749941,0.09533937893963917,nan,nan
36,30,45751,backward,eps,km^2/s^2,14092,14092.0,0.0,-0.8679842876807465,0.020082735899070645,-0.9001006694833994,-0.8381356216024212,0.06196504788097823,-0.9209025190378906,-0.8211920085078407,0.09971051053004987,-0.044824809194204444,0.040316547068395804,0.0572443406711699,nan,nan
36,31,88569,backward,eps,km^2/s^2,2863,2863.0,0.0,-0.9925956640178228,0.012712474000461698,-1.0062762128823513,-0.9680191886761835,0.03825702420616772,-1.020599717396067,-0.9621646573746935,0.05843506002137355,0.3725847934312907,0.02949171521513954,0.03534624651662954,nan,nan
36,32,176287,backward,eps,km^2/s^2,17501,17501.0,0.0,-0.23346491586163687,0.01344316564738423,-0.2475235598814467,-0.2040940791269863,0.0434294807544604,-0.25862126209174097,-0.19161468035025142,0.06700658174148955,0.6598023508157207,0.03090072770062058,0.04338012647735545,nan,nan
36,33,117130,backward,eps,km^2/s^2,11951,11951.0,0.0,-0.1740207451703898,0.022191018663143196,-0.20800580711423106,-0.1394583374457981,0.06854746966843295,-0.21628056776278826,-0.07692565609414981,0.13935491166863845,0.27466838421172535,0.038347613540855696,0.10087653342527547,nan,nan
36,34,72822,backward,eps,km^2/s^2,1214,1214.0,0.0,-0.8602176465540479,0.027191637155596898,-0.899972777528029,-0.8104865204077216,0.08948625712030733,-0.9107907831994035,-0.8067739194775032,0.10401686372190033,0.18446439795212632,0.0559070681636607,0.05961966909387906,nan,nan
36,35,51108,backward,eps,km^2/s^2,3970,3970.0,0.0,-0.9819818444351502,0.008405269791779054,-0.9931800911058678,-0.9655068850249812,0.027673206080886636,-1.0201349727623945,-0.9622137060821228,0.057921266680271755,0.27251545523072657,0.021468400571859957,0.033241838746268515,nan,nan
36,0,144351,backward,e,-,45608,45608.0,0.0,0.7038729313383513,0.09163614799198991,0.5412742640687032,0.8290728775309488,0.28779861346224567,0.4881113724207721,0.8598376401626954,0.37172626774192324,-0.1959677107637638,0.17659587060211115,0.22975876225004216,nan,nan
36,1,22426,backward,e,-,4437,4437.0,0.0,0.4493378088887974,0.02498371226167767,0.4123701058716681,0.488398744067039,0.07602863819537087,0.3978153456810005,0.5012262178531868,0.10341087217218625,0.07430736584218661,0.04277752041171418,0.05541087695394381,nan,nan
36,2,23568,backward,e,-,924,924.0,0.0,0.19253222966530328,0.020951447755580135,0.17225647608112715,0.2352054181242191,0.06294894204309195,0.168344493093901,0.2456082515210426,0.07726375842714159,0.5051012490123701,0.03987059634683384,0.05027342974365734,nan,nan
36,3,167952,backward,e,-,2151,2151.0,0.0,0.4037585779447402,0.036242677675016585,0.3599222091538987,0.48072811200404064,0.12080590285014192,0.35614850937728304,0.5409611130283094,0.18481260365102636,0.5900798215395808,0.08333406090165693,0.14356706192592572,nan,nan
36,4,57501,backward,e,-,12856,12856.0,0.0,0.4436152290349836,0.027373672928156602,0.39797955968493953,0.48382265919428075,0.08584309950934121,0.3832948342940452,0.57285141266025,0.18955657836620476,-0.05409150465372504,0.04628000517242861,0.13409028735848028,nan,nan
36,5,51611,backward,e,-,1265,1265.0,0.0,0.8409961300368745,0.08213343375301319,0.666130691572867,0.8919478670918949,0.2258171755190279,0.559813992961426,0.8955575813930169,0.3357435884315909,-0.7420535092751998,0.12034380691501503,0.2142585317501049,nan,nan
36,6,30062,backward,e,-,484,484.0,0.0,0.1959754370239114,0.02882644535053709,0.16949668858507003,0.2534459625209251,0.08394927393585508,0.1685914010438332,0.3272371857201606,0.1586457846763274,0.7338341355396416,0.0498813164375878,0.12367253963682329,nan,nan
36,7,8156,backward,e,-,2692,2692.0,0.0,0.41472883919321457,0.040938913719540324,0.3476264021570612,0.47908290766768685,0.13145650551062565,0.3132744137419974,0.489040283951622,0.17576587020962464,-0.06121174994036043,0.0704796397343315,0.10460694146786959,nan,nan
36,8,36833,backward,e,-,1049,1049.0,0.0,0.40438332044673286,0.07359819107316498,0.27824901159493887,0.5083783440078898,0.23012933241295097,0.23342018312673227,0.5107605156418258,0.2773403325150935,-0.2124390224178221,0.12967802345234006,0.17450685192054669,nan,nan
36,9,175498,backward,e,-,2784,2784.0,0.0,0.37999201170381214,0.03261138119950181,0.3617032892382391,0.4422247339425884,0.0805214447043493,0.35264176551903914,0.5971167559741114,0.24447499045507226,2.2678236661430984,0.05005608720862902,0.20494810924015205,nan,nan
36,10,14141,backward,e,-,8611,8611.0,0.0,0.3468160797900128,0.0339376959936204,0.2931093484380659,0.401626535167933,0.1085171867298671,0.22747868580108035,0.41129599148388607,0.18381730568280572,-0.01324254517896945,0.05835031967633211,0.12340337534565829,nan,nan
36,11,210090,backward,e,-,3056,3056.0,0.0,0.6044861221837421,0.09386593774226498,0.4735480214531344,0.7773254489343254,0.303777427481191,0.4332311191346169,0.8357881902141068,0.40255707107948985,0.27763733356463566,0.1659253616427314,0.21574271129193145,nan,nan
36,12,31322,backward,e,-,1011,1011.0,0.0,0.3431741568706219,0.043559296505428474,0.2748214098577375,0.4073853904570123,0.13256398059927477,0.21250497126338158,0.416781196131434,0.20427622486805241,-0.1755706166365095,0.08337491216299653,0.14569135075735246,nan,nan
36,13,156237,backward,e,-,2361,2361.0,0.0,0.5729700707998324,0.08283323675698599,0.5035083948568725,0.7426176176999061,0.2391092228430336,0.4246648141608949,0.7489920441628781,0.3243272300019832,0.47420622396585815,0.15363166547315477,0.16454116329956742,nan,nan
36,14,169016,backward,e,-,13583,13583.0,0.0,0.4651217637988234,0.030448249953129194,0.42884855358853874,0.5300761736736828,0.10122762008514402,0.3764783542442591,0.5781417858241161,0.20166343157985706,0.769981884694951,0.06997827154636065,0.11750981292932755,nan,nan
36,15,43359,backward,e,-,2169,2169.0,0.0,0.5263926923869128,0.016600745234419897,0.49323129492371276,0.5436197368332161,0.05038844190950331,0.4884466059664154,0.5728758045889726,0.08442919862255716,-0.4357010804847826,0.04088655906991731,0.04567124802721467,nan,nan
36,16,35110,backward,e,-,1280,1280.0,0.0,0.25195230266696333,0.029837992478960414,0.22381750026710112,0.2705445071624715,0.046727006895370404,0.17006358404121355,0.5472175968348836,0.37715401279367,6.506025829635196,0.02991117673034485,0.29680049927923424,nan,nan
36,17,46767,backward,e,-,998,998.0,0.0,0.47646875904070735,0.031395387145150146,0.419526571047072,0.512616340094359,0.09308976904728694,0.39688076780868864,0.5728380058839121,0.17595723807522345,-0.304376883871977,0.0672761807443163,0.08973536105409924,nan,nan
36,18,125038,backward,e,-,14677,14677.0,0.0,0.6125557832941146,0.060651335220132205,0.5087089073654932,0.6990040337950312,0.19029512642953794,0.4846093695164593,0.800665988566538,0.31605661905007876,-0.15820714237818853,0.10278891653221067,0.19462317284550923,nan,nan
36,19,28151,backward,e,-,1463,1463.0,0.0,0.34444267114217314,0.04033509562574896,0.28220957612262665,0.4146345871443257,0.13242501102169907,0.22608100500498152,0.43367888844988667,0.20759788344490515,0.09518029507223037,0.07495615253263149,0.13044417224229654,nan,nan
36,20,109846,backward,e,-,1878,1878.0,0.0,0.4531826287639395,0.046237657465893735,0.37411045562930834,0.4877574267990547,0.11364697116974637,0.25619860880699846,0.49834880907721474,0.24215020027021628,-1.9377678533009792,0.07351697776746559,0.1914288245897755,nan,nan
36,21,22279,backward,e,-,816,816.0,0.0,0.23489685214261308,0.03425512858186751,0.2255801472644072,0.3164585487010703,0.09087840143666312,0.2197531228206078,0.5683087456411934,0.3485556228205856,4.877267835080543,0.08131595739817304,0.3331661543382961,nan,nan
36,22,65627,backward,e,-,754,754.0,0.0,0.279533928590937,0.035005770009677875,0.2386234593631,0.344442762617763,0.10581930325466302,0.2159748283418935,0.4465931479657688,0.23061831962387533,1.0119535524129462,0.07562903917228517,0.1354198790257859,nan,nan
36,23,153188,backward,e,-,3577,3577.0,0.0,0.43208841082014204,0.06050452912735297,0.3562138211308131,0.5362515815189137,0.1800377603881006,0.35333869863390605,0.5778355597384837,0.22449686110457762,0.2093739926370002,0.12275580564579941,0.1643397838653694,nan,nan
36,24,68757,backward,e,-,1651,1651.0,0.0,0.49677455636928874,0.008628187418307058,0.48964343469128746,0.5069540968612424,0.017310662169954916,0.4836628352161139,0.5729713754320799,0.08930854021596596,4.4385353051061625,0.010248750677268215,0.07618887028452798,nan,nan
36,25,167830,backward,e,-,1819,1819.0,0.0,0.5323352109267646,0.07405020034259542,0.4783414580986705,0.6992648329601538,0.22092337486148333,0.36928534714252087,0.7230820826849543,0.35379673554243346,0.6938111309545387,0.18198439878628844,0.20580164851108895,nan,nan
36,26,148588,backward,e,-,7200,7200.0,0.0,0.6008347955915934,0.08664118791240695,0.49113042170726806,0.7330345149827077,0.2419040932754396,0.4299217108690757,0.8956261106421681,0.4657043997730924,0.1652471604662827,0.1366899959051272,0.2987704293761887,nan,nan
36,27,167957,backward,e,-,2,2.0,0.0,0.3770180319505057,0.01641729502880168,0.3622424664245842,0.3917935974764272,0.029551131051843038,0.360600736921704,0.3934353269793074,0.03283459005760336,nan,0.031192860554723194,0.03283459005760336,nan,nan
36,28,14797,backward,e,-,918,918.0,0.0,0.20246389099946502,0.015094265313735016,0.18545622498237513,0.22597538117544336,0.04051915619306823,0.16819393098549065,0.29404093690181543,0.12584700591632478,0.8075990447183707,0.027056139934146985,0.09016554170464522,nan,nan
36,29,34556,backward,e,-,459,459.0,0.0,0.4257701633863578,0.07302866092624377,0.27700809785638525,0.5003045711406426,0.2232964732842574,0.23565160452924774,0.5118555793700175,0.27620397484076975,-0.46800878080838065,0.15026992730877728,0.1916264206359148,nan,nan
36,30,45751,backward,e,-,14092,14092.0,0.0,0.3253061463203825,0.04123869290037875,0.25911507829077207,0.3866210116246867,0.12750593333391463,0.21606093114851493,0.4215543484557122,0.20549341730719728,-0.08067209234456467,0.0869581839588279,0.13001233110108507,nan,nan
36,31,88569,backward,e,-,2863,2863.0,0.0,0.5338091387768467,0.018312098250022425,0.49793841795608373,0.5530402778188783,0.05510185986279459,0.48877218871128936,0.5726383910271284,0.08386620231583908,-0.4020900863588015,0.042896852033790005,0.05206308127858439,nan,nan
36,32,176287,backward,e,-,17501,17501.0,0.0,0.42699732671392954,0.03637529466094298,0.3878205853771435,0.5054403359081174,0.11761975053097395,0.3557329461804299,0.537450814891719,0.1817178687112891,0.6131954435596908,0.0830818963678846,0.11509237535148614,nan,nan
36,33,117130,backward,e,-,11951,11951.0,0.0,0.5806530441532062,0.055398887199489134,0.4941323919243076,0.6658248207700336,0.171692428845726,0.472170453774545,0.8167420041262122,0.34457155035166726,0.23427146429052922,0.09536065317970405,0.24559809303425273,nan,nan
36,34,72822,backward,e,-,1214,1214.0,0.0,0.30961714884196256,0.06130444850114808,0.18288950440134435,0.3866480718054436,0.20375856740409923,0.17000004480164355,0.4058388586190759,0.23583881381743238,-0.4578615220531571,0.13972347324028872,0.15261293283998956,nan,nan
36,35,51108,backward,e,-,3970,3970.0,0.0,0.518444842968899,0.012374663589652024,0.49380644947375085,0.5346072408961366,0.040800791422385796,0.48865813687464693,0.5719985499113021,0.08334041303665513,-0.31393092639296155,0.03177172425638707,0.04646429885394476,nan,nan
36,0,144351,backward,w,deg,45608,45608.0,0.0,-0.5465108140741108,4.279034193865769,-5.680701583881361,9.497097996210073,15.177799580091435,-9.723952080818975,15.552228757539922,25.276180838358897,1.086097954307462,11.322924409054252,17.3780551703841,20.456109285173937,0.9972168075076416
36,1,22426,backward,w,deg,4437,4437.0,0.0,-0.612780037366349,4.675094557421526,-4.350890581431332,4.257547299510663,8.608437880941995,-4.947430035804416,23.38602322794017,28.333453263744588,2.989002209778255,5.925407416626116,25.053883345055624,188.36034437887054,0.9966952433201023
36,2,23568,backward,w,deg,924,924.0,0.0,3.907511184782919,13.327870842539118,-24.037413047622536,14.89981616441421,38.93722921203675,-26.975378871632728,15.8018762602523,42.77725513188503,-0.5419814668544642,33.54238146222279,36.480347286232984,202.18986241520778,0.9731759864204481
36,3,167952,backward,w,deg,2151,2151.0,0.0,0.11954586921129362,6.392264158758006,-9.697305243658036,7.681151623353685,17.37845686701172,-13.212482953941674,8.24662856626179,21.459111520203464,-0.19144095823192606,16.644893949182162,20.160071659465814,28.031848766962177,0.9937867228914475
36,4,57501,backward,w,deg,12856,12856.0,0.0,-0.11833408591455452,4.833190310171548,-7.268608024067511,7.990733481888633,15.259341505956144,-28.379857603106302,13.882485615047273,42.262343218153575,-0.07695838115505436,9.831904318528501,26.650408060800032,201.4536002352749,0.9964505501375177
36,5,51611,backward,w,deg,1265,1265.0,0.0,-2.302985899078152,6.669304096933693,-6.865731076986549,11.757864274586783,18.623595351573332,-7.064636866093821,17.073103064482154,24.137739930575975,0.5409010286757665,13.144177517318269,13.343083306425513,17.679743567400646,0.9932406297216206
36,6,30062,backward,w,deg,484,484.0,0.0,5.247743753643775,13.673415143011272,-27.06602885793855,13.566067048909522,40.63209590684807,-33.850162606626185,13.942822816971074,47.79298542359726,-0.832065632311257,36.20572259680896,42.989856345496605,206.0243949049462,0.9718464457733793
36,7,8156,backward,w,deg,2692,2692.0,0.0,-0.6617416557147635,4.3896506714081065,-2.5700004945193555,1.4916333638617507,4.061633858381106,-3.1038257268157565,35.95090527063914,39.0547309974549,5.620224743624894,2.458636138866779,36.91790804564417,183.2292847980576,0.9971200870754827
36,8,36833,backward,w,deg,1049,1049.0,0.0,-0.17282935128338295,5.171128958169742,-4.883822326791568,9.388580345339454,14.272402672131022,-25.182427763218385,22.36407261271819,47.546500375936574,0.48100925285675555,12.79875206275641,24.206168554906213,197.11797094297694,0.995952268029193
36,9,175498,backward,w,deg,2784,2784.0,0.0,1.1863326332243247,5.6309101944457485,-10.366882255393243,6.634328245230587,17.00121050062383,-15.016185198472272,6.886032038875641,21.902217237347912,-0.6165665913198844,15.577532909415728,20.22683585249476,28.708204175440923,0.9951796636471534
36,10,14141,backward,w,deg,8611,8611.0,0.0,0.08937091110306028,3.4948549631568717,-5.679207137165761,5.523691893267269,11.20289903043303,-16.24046687872149,7.54747102840625,23.78793790712774,-0.06238634268011783,6.0831150453588805,15.931551932606766,190.8910789044062,0.9981408919161645
36,11,210090,backward,w,deg,3056,3056.0,0.0,-3.4228511325436983,7.168888219743746,-6.7425419805621445,16.922808289670193,23.665350270232338,-7.483515690864579,18.200687642617567,25.684203333482145,1.183776985356635,21.363288609295537,22.64116796224289,18.1597063772324,0.9922054434421475
36,12,31322,backward,w,deg,1011,1011.0,0.0,-1.475447897927836,9.43245576339131,-5.991734889428486,19.925002885455,25.916737774883487,-28.182044276830055,20.594168407795195,48.77621268462525,0.31195379993017175,22.44611537502955,26.319766338983044,199.63444992882899,0.986604657161753
36,13,156237,backward,w,deg,2361,2361.0,0.0,-0.030554591923021235,2.7112912558867666,-3.5587991575036426,4.616913052866494,8.175712210370136,-6.2944831541983035,12.866809444820376,19.16129259901868,1.809933850266605,5.988546383481889,12.238967180527737,23.60046694659454,0.9988823112300788
36,14,169016,backward,w,deg,13583,13583.0,0.0,0.6631220252085086,3.317151077563745,-6.366044816832854,3.6746549214240845,10.040699738256938,-13.824165209293284,9.038205322538488,22.862370531831772,-0.721957478723583,8.592576075683878,16.05069646814428,28.008633816775127,0.9983258341756218
36,15,43359,backward,w,deg,2169,2169.0,0.0,-1.9421902197171619,5.64426908765647,-6.10925049959153,12.289853923571323,18.399104423162854,-7.233361945087296,17.01448914360745,24.247851088694745,1.0926059777801127,14.055302525312564,18.77993774534869,187.95280440540867,0.9951609811497094
36,16,35110,backward,w,deg,1280,1280.0,0.0,0.3315689610861341,3.5966470938610904,-6.238845106318224,6.333064581415598,12.571909687733822,-33.415308745741896,8.440899103817998,41.856207849559894,-1.845960503534359,7.636676492226983,34.08901545907824,211.2561762571185,0.9980394142885215
36,17,46767,backward,w,deg,998,998.0,0.0,-3.1131122594134837,6.54640213762299,-4.592404806774383,15.604542705644201,20.196947512418582,-20.593410168079743,19.80980557441228,40.40321574249202,1.493698410420046,19.91279738000733,24.118060248775407,195.8006919452941,0.9935032935763033
36,18,125038,backward,w,deg,14677,14677.0,0.0,0.13013318990419975,1.8492309214544218,-2.8950188611979173,2.492665950157959,5.387684811355877,-16.290834972261166,8.739854315243804,25.03068928750497,-0.73025583914739,3.2972731449348367,16.491534168129107,27.23618965604673,0.999479610638155
36,19,28151,backward,w,deg,1463,1463.0,0.0,-5.265094600500333,10.593095688862341,-10.47896893812532,16.407605059102167,26.886573997227487,-31.59000995373549,16.9315149920059,48.52152494574139,0.535328357456691,23.027857974976655,25.038552697514774,203.09369957110485,0.983005369184494
36,20,109846,backward,w,deg,1878,1878.0,0.0,3.445327189794696,10.826844940494789,-24.36595100193659,11.438735938174933,35.80468694011152,-25.185622617219508,14.680945963132501,39.86656858035201,-0.9774725015435641,29.745399007820136,30.565070623103054,205.37034787273745,0.9822937864947884
36,21,22279,backward,w,deg,816,816.0,0.0,-0.19229352460632754,4.322861889551023,-5.672126475891474,9.7252522438259,15.397378719717373,-33.957273836625944,12.729088205067256,46.6863620416932,0.12231024054689951,11.452872415321337,32.52672346896168,207.46420699463718,0.9971655343512715
36,22,65627,backward,w,deg,754,754.0,0.0,10.80257428246506,19.293109377359237,-35.297753349789886,11.580018553586749,46.87777190337663,-35.550494599742564,11.751785516715927,47.30228011645849,-1.145243439208863,46.2849180321807,46.537659282133376,207.09629619484522,0.9445818086157117
36,23,153188,backward,w,deg,3577,3577.0,0.0,2.638854617779117,5.484752761508136,-12.65415290861202,3.9516724397292933,16.605825348341313,-18.870051771729123,4.15525384826708,23.025305619996203,-1.635630729982868,16.253996088412205,22.46989495152934,32.80091876468468,0.9954343182692177
36,24,68757,backward,w,deg,1651,1651.0,0.0,-0.002314533008274111,3.1571358500930957,-3.825750101655302,4.532989318435668,8.35873942009097,-22.049303803943218,6.745214918010788,28.794518721954006,-1.828401929391179,5.977185124750889,20.848969700844265,197.33198113980743,0.9984870409359056
36,25,167830,backward,w,deg,1819,1819.0,0.0,0.27521367762960836,3.3400976246396956,-5.611406538890518,6.583061540497559,12.194468079388077,-13.31307429055056,11.952169028214428,25.265243318764988,0.6914132058072413,8.4619815903145,14.980749826503711,25.11096694132594,0.9983038946159265
36,26,148588,backward,w,deg,7200,7200.0,0.0,-0.14841842918541204,3.301006156971021,-4.345303243268237,6.9634806790756425,11.30878392234388,-13.89835419192542,11.949977560357752,25.848331752283173,0.7357829482821785,7.836707043377148,14.254347757284677,24.486026005785213,0.998343714720957
36,27,167957,backward,w,deg,2,2.0,0.0,0.0,4.390065345316202,-3.951058810784582,3.9510588107845814,7.902117621569163,-4.390065345316202,4.390065345316202,8.780130690632404,nan,8.341124156100785,8.780130690632404,30.893984729652757,0.9970660397377324
36,28,14797,backward,w,deg,918,918.0,0.0,2.3229859743967722,7.864872666459769,-15.593344396968785,10.073116773262903,25.66646117023169,-29.871289999370305,16.11844518479532,45.989735184165625,-1.189577058766555,17.474089893114332,31.752035495515855,202.39688515702784,0.9906514120561776
36,29,34556,backward,w,deg,459,459.0,0.0,-2.0764214454258365,9.22328873735989,-8.751656547633289,19.007031930830635,27.758688478463924,-28.176970537488643,20.017318097161876,48.19428863465052,0.5525634705934326,26.032358111338255,27.042644277669496,199.67371858455715,0.9871339112205312
36,30,45751,backward,w,deg,14092,14092.0,0.0,-0.08152863657477383,4.26861295414285,-6.2456369891997205,6.692759735596572,12.938396724796291,-34.49048977010449,14.301264337530199,48.79175410763469,-0.5556157015829161,7.502317728831575,33.92151614749952,206.05337758304205,0.997233516322489
36,31,88569,backward,w,deg,2863,2863.0,0.0,-0.09587182838882313,6.1981868121864325,-10.39524138199275,9.826177508674872,20.22141889066762,-12.96653260014304,12.302936466325832,25.269469066468872,-0.05739277762300767,11.294364439022734,13.837044804109041,193.9330349147416,0.9941605640106674
36,32,176287,backward,w,deg,17501,17501.0,0.0,0.1381272973128489,5.365508508332025,-8.499183747873303,7.339451435897729,15.838635183771032,-10.668937100067666,10.887019986925793,21.55595708699346,-0.08647421853261339,13.884762028413718,16.05451538060808,26.17076940693184,0.9956209463561476
36,33,117130,backward,w,deg,11951,11951.0,0.0,1.2624320944524072,4.5945298493786115,-12.984329740054676,4.487063407934542,17.471393147989218,-18.370232933818414,7.50628196145783,25.876514895276244,-1.7913013138674918,14.553195827127666,19.939099020891405,29.18126928503786,0.9967951024947257
36,34,72822,backward,w,deg,1214,1214.0,0.0,3.9140505162447425,11.626837188652189,-36.21545927453123,6.76376927765561,42.97922855218684,-41.07115479452338,7.368916537437798,48.44007133196118,-2.542337266750222,42.24118631339903,47.09688183339122,212.57071615953984,0.9799988936861996
36,35,51108,backward,w,deg,3970,3970.0,0.0,-1.0513243104638264,4.831506903845285,-6.312620807544357,9.648261301273351,15.960882108817707,-15.08412998179432,13.136257251251095,28.220387233045415,0.6867106020138473,12.148228834720163,15.633139302398831,191.71873441051395,0.996450356617631
36,0,144351,forward,eps,km^2/s^2,45608,45605.0,3.0,-0.12593858405449265,0.03961951838749456,-0.1939543085233107,-0.0721405546268824,0.12181375389642829,-0.8238947527169365,-0.05885393284037144,0.765040819876565,-0.7487816793263709,0.08205797524795629,0.711998419441582,nan,nan
36,1,22426,forward,eps,km^2/s^2,4437,4437.0,0.0,-0.9617362756218213,0.03145022802250936,-0.9925510471783668,-0.8991460992578121,0.09340494792055476,-0.9962540956494214,-0.8919840090370368,0.10427008661238457,0.4503028588772958,0.04906271424279826,0.056224804463573586,nan,nan
36,2,23568,forward,eps,km^2/s^2,924,924.0,0.0,-0.2394229693519862,0.02629885196467208,-0.2556379727962443,-0.1797321468150358,0.07590582598120849,-0.25918437217042745,-0.08427765103091878,0.17490672113950867,2.619984356007564,0.05970793360946735,0.15516242939358438,nan,nan
36,3,167952,forward,eps,km^2/s^2,2151,2149.0,2.0,-0.8372121061872905,0.03964922562331378,-0.949219104893877,-0.8088479452174737,0.14037115967640323,-1.0181865681958364,-0.8070918060031312,0.21109476219270518,-1.5000102602126162,0.1066720176974222,0.17563948099938176,nan,nan
36,4,57501,forward,eps,km^2/s^2,12856,12855.0,1.0,-0.20177824600654992,0.03290865727840916,-0.23032065170151195,-0.13377997534559907,0.09654067635591287,-0.8312982018099232,-0.11826032251542584,0.7130378792944974,-0.5407840680777785,0.06492395764073149,0.6326352970753503,nan,nan
36,5,51611,forward,eps,km^2/s^2,1265,1259.0,6.0,-0.8333088973085206,0.05956758735890166,-0.9576311630100818,-0.8117987880195321,0.14583237499054968,-1.0205829238249695,-0.10646503045023847,0.914117893374731,4.892345381158313,0.1247487160558516,0.7285644707577438,nan,nan
36,6,30062,forward,eps,km^2/s^2,484,484.0,0.0,-0.9126130259571588,0.055844454921462394,-0.9786973896080293,-0.8462323174478836,0.1324650721601457,-0.9807716408007237,-0.15811924292261448,0.8226523978781092,5.077837452014895,0.07688519335106991,0.7444900592561424,nan,nan
36,7,8156,forward,eps,km^2/s^2,2692,2692.0,0.0,-0.8805095102461995,0.01811106542242523,-0.8981928380401916,-0.8631770248376099,0.035015813202581625,-0.9819994090634598,-0.8161631434959516,0.1658362655675082,-2.3472973845017147,0.022769146078493032,0.10390132594513235,nan,nan
36,8,36833,forward,eps,km^2/s^2,1049,1048.0,1.0,-0.1801027425889351,0.054571907291032354,-0.21374622466673046,-0.11619342281153369,0.09755280185519677,-0.8347692436017682,-0.04492689432768027,0.7898423492740879,-6.349651479660357,0.05730590835988548,0.6614492491203018,nan,nan
36,9,175498,forward,eps,km^2/s^2,2784,2783.0,1.0,-0.8263748316405464,0.028295228780586042,-0.8609457956158328,-0.8078229487044206,0.053122846911412225,-1.0193955780484538,-0.23456264984899688,0.7848329281994569,0.6091658109822496,0.05152872023396352,0.5748952220670536,nan,nan
36,10,14141,forward,eps,km^2/s^2,8611,8610.0,1.0,-0.965481048535386,0.03358473025959852,-1.0035397876501577,-0.9026431904818126,0.10089659716834509,-1.0085644016778017,-0.8118393385542769,0.19672506312352478,0.36472087736997655,0.053107135560688704,0.1439109874882244,nan,nan
36,11,210090,forward,eps,km^2/s^2,3056,3051.0,5.0,-0.8426000923353025,0.04493205279591925,-0.9724833605789438,-0.8313538026051277,0.1411295579738161,-1.0132395932764513,-0.18427403313659396,0.8289655601398573,0.4096901581937594,0.1289958198157679,0.6592806132966837,nan,nan
36,12,31322,forward,eps,km^2/s^2,1011,1011.0,0.0,-0.8959276548639638,0.04339470647659828,-0.9649420379506347,-0.8109464812132681,0.15399555673736665,-1.0206562915180895,-0.8063625597697947,0.2142937317482948,0.04892001053644817,0.10294280812420248,0.10727933533797185,nan,nan
36,13,156237,forward,eps,km^2/s^2,2361,2361.0,0.0,-0.23652356627337168,0.02512107241920158,-0.2584242751031224,-0.18197924523329512,0.07644502986982726,-0.25930099629598635,-0.16545823608675614,0.09384276020923021,0.7100553677516506,0.05285815609328848,0.06937916523982746,nan,nan
36,14,169016,forward,eps,km^2/s^2,13583,13583.0,0.0,-0.9234677929116728,0.02172573486853287,-0.9516256175742899,-0.8921341707409461,0.05949144683334373,-1.020820045950525,-0.8157640504093728,0.20505599554115217,0.3431091658617021,0.03726869664814598,0.10494988921753423,nan,nan
36,15,43359,forward,eps,km^2/s^2,2169,2169.0,0.0,-0.8887056146879446,0.0238176236374041,-0.9373074999007887,-0.85979290070618,0.07751459919460868,-0.9737461236000942,-0.8188663247626564,0.15487979883743774,-0.691758614607649,0.05030508940359819,0.08391211288232248,nan,nan
36,16,35110,forward,eps,km^2/s^2,1280,1280.0,0.0,-0.09393188572672062,0.10468549640929482,-0.17881120860603317,-0.046188721412012655,0.1326224871940205,-0.8794541554444945,-0.04453695843987415,0.8349171970046203,-5.85542593666322,0.10281064385511077,0.8034535906935721,nan,nan
36,17,46767,forward,eps,km^2/s^2,998,996.0,2.0,-0.9168275084293607,0.043384153096581696,-0.9732523281741967,-0.8333666721230855,0.13988565605111125,-1.020440955040417,-0.8064880705613207,0.21395288447909633,0.4857083463585108,0.09104443663894174,0.11784839129262847,nan,nan
36,18,125038,forward,eps,km^2/s^2,14677,14676.0,1.0,-0.9463008786793489,0.022740421837641606,-0.9699123206883921,-0.9039340840873532,0.06597823660103885,-0.9770447708625187,-0.8084794114617603,0.16856535940075845,1.246778390022081,0.0359124458377553,0.12814812536212072,nan,nan
36,19,28151,forward,eps,km^2/s^2,1463,1463.0,0.0,-0.9044979470316872,0.05004881881654322,-0.9785187255217096,-0.8243417386375922,0.1541769868841174,-1.0194952570673936,-0.8069177135241954,0.21257754354319824,0.07499682463665808,0.08197052015408382,0.11382853022929007,nan,nan
36,20,109846,forward,eps,km^2/s^2,1878,1878.0,0.0,-0.9084205181002124,0.040627277406402804,-0.9763293165332193,-0.8519871750686022,0.12434214146461708,-0.9819574797448467,-0.8088726934098383,0.17308478633500846,-0.025995942734679974,0.06632086366730909,0.10354817049422071,nan,nan
36,21,22279,forward,eps,km^2/s^2,816,815.0,1.0,-0.8276063698588989,0.03475094974579769,-0.8822936289569686,-0.812693856333282,0.06959977262368666,-1.0150456054286332,-0.20902786019331088,0.8060177452353223,5.705459393408112,0.056827477934606484,0.6165016620608201,nan,nan
36,22,65627,forward,eps,km^2/s^2,754,754.0,0.0,-0.2507355694749386,0.016360482135075047,-0.2567447449696015,-0.20605496878900392,0.05068977618059756,-0.2580195742203977,-0.18930382218131803,0.06871575203907965,1.347910492670679,0.03973083043075205,0.056481977038437936,nan,nan
36,23,153188,forward,eps,km^2/s^2,3577,3570.0,7.0,-0.16815859687459173,0.03688367796055258,-0.20596062389438494,-0.10689642570618683,0.0990641981881981,-0.2576181628370806,-0.05348394015975977,0.20413422267732084,0.06326617711235384,0.05353163431072178,0.10528834626807948,nan,nan
36,24,68757,forward,eps,km^2/s^2,1651,1650.0,1.0,-0.14532154064439107,0.06070735962139346,-0.21145748097494457,-0.12168325019312687,0.0897742307818177,-0.834138798996539,-0.051543237175719625,0.7825955618208194,-8.873601718580607,0.06682609212855535,0.6894628545616177,nan,nan
36,25,167830,forward,eps,km^2/s^2,1819,1816.0,3.0,-0.8877273420297592,0.1455608517066347,-0.9497332729919042,-0.807036850136402,0.14269642285550221,-1.0084233505739606,-0.046719852405381124,0.9617034981685795,4.371279409161887,0.10249893099403223,0.8209689523652086,nan,nan
36,26,148588,forward,eps,km^2/s^2,7200,7195.0,5.0,-0.16724841886106911,0.03605885749546007,-0.21011024426750155,-0.11182833653240098,0.09828190773510057,-0.25806587489234245,-0.04380055913553149,0.21426531575681096,0.19419066763361634,0.052776631186067624,0.11995154529561769,nan,nan
36,27,167957,forward,eps,km^2/s^2,2,2.0,0.0,-0.9024841880166579,0.06868615515510096,-0.9643017276562487,-0.840666648377067,0.12363507927918171,-0.9711703431717588,-0.8337980328615568,0.13737231031020192,nan,0.13050369479469182,0.13737231031020192,nan,nan
36,28,14797,forward,eps,km^2/s^2,918,910.0,8.0,-0.8218925160833739,0.14338328862397623,-0.8819592829643669,-0.8090805803655077,0.0728787025988592,-0.9840399596112792,-0.04389160369217371,0.9401483559191055,4.401223723752089,0.14006029776341844,0.7761402221399106,nan,nan
36,29,34556,forward,eps,km^2/s^2,459,459.0,0.0,-0.8583794543247575,0.045534046955809544,-0.9667561969939169,-0.8126679286651456,0.15408826832877132,-1.0177613353840123,-0.8067424945822104,0.2110188408018019,-0.7476643351996869,0.1222492131906785,0.17325435158077385,nan,nan
36,30,45751,forward,eps,km^2/s^2,14092,14091.0,1.0,-0.21694485138486475,0.0312952751718987,-0.2462980637481929,-0.15226454701710618,0.09403351673108673,-0.25941407703174046,-0.10209216652271147,0.157321910509029,0.6366020569040597,0.0649918865500499,0.1151642670444446,nan,nan
36,31,88569,forward,eps,km^2/s^2,2863,2860.0,3.0,-0.8694366974250365,0.03497722388734879,-0.9265414879699762,-0.8482677948066861,0.07827369316329003,-1.0201739466041788,-0.25757842973118084,0.762595516872998,7.0796817485238455,0.05688579555080225,0.6140804837324,nan,nan
36,32,176287,forward,eps,km^2/s^2,17501,17498.0,3.0,-0.8708884859337078,0.02433905173846077,-0.9159875213279903,-0.8406482540202209,0.07533926730776941,-1.0169163672704298,-0.13207863108977524,0.8848377361806545,0.8635431057757434,0.04377151920541322,0.7408383223271475,nan,nan
36,33,117130,forward,eps,km^2/s^2,11951,11945.0,6.0,-0.8752901009083236,0.027506465876840875,-0.9322803676356585,-0.8415753843420916,0.09070498329356691,-1.0195465359042162,-0.8068933437207682,0.21265319218344803,-0.6338899746248898,0.06114816290151154,0.14833510332117417,nan,nan
36,34,72822,forward,eps,km^2/s^2,1214,1209.0,5.0,-0.17264013564456293,0.05882453516855794,-0.21597696225408775,-0.08961915083226969,0.12635781142181807,-0.9752300854924874,-0.043981079635574294,0.9312490058569131,-6.126553388062402,0.09675133684699186,0.7937124566878954,nan,nan
36,35,51108,forward,eps,km^2/s^2,3970,3970.0,0.0,-0.9541500971361576,0.030490067340864672,-0.9851227617384313,-0.9025321849637153,0.08259057677471593,-0.988444367298666,-0.806596914213894,0.18184745308477201,1.123025513600204,0.04581936961711518,0.14175464036693652,nan,nan
36,0,144351,forward,e,-,45608,45605.0,3.0,0.6988896243862843,0.09502861921724483,0.531034012030927,0.8280014146451101,0.2969674026141831,0.19467602866574538,0.8597500074356198,0.6650739787698744,-0.21952078627643495,0.20178680797721382,0.5381447913423956,nan,nan
36,1,22426,forward,e,-,4437,4437.0,0.0,0.4880786287232109,0.050149239152312494,0.38407472030896506,0.5337358253819644,0.14966110507299935,0.37092070296199164,0.5389969430736717,0.1680762401116801,-0.5270629118426041,0.08286050488985153,0.09601452223682494,nan,nan
36,2,23568,forward,e,-,924,924.0,0.0,0.4098347735637253,0.06878118115416068,0.36435930470138017,0.5674802617500678,0.20312095704868766,0.3535949382275066,0.7991960764417296,0.44560113821422304,2.4308972805622506,0.15778910309113225,0.389504917782794,nan,nan
36,3,167952,forward,e,-,2151,2149.0,2.0,0.256777805090044,0.08192440992991637,0.17682286460372046,0.4688767713388357,0.2920539067351152,0.17108557576733655,0.56932910221214,0.39824352644480343,1.0528560399294966,0.2017483859624919,0.30220071683579613,nan,nan
36,4,57501,forward,e,-,12856,12855.0,1.0,0.5108619284688976,0.08088012381432011,0.43563910443722464,0.6797161665374577,0.24407706210023306,0.1885344455193741,0.717303409218294,0.5287689636989199,0.534689095605064,0.1614137653930173,0.32991765425501857,nan,nan
36,5,51611,forward,e,-,1265,1259.0,6.0,0.24788575067139876,0.08843968089476434,0.19014387924315507,0.4852949447628931,0.295151065519738,0.17001816509090778,0.745750992301869,0.5757328272109612,1.725716502202703,0.23335671630619717,0.4938127638451731,nan,nan
36,6,30062,forward,e,-,484,484.0,0.0,0.4090079196320154,0.07936222165707049,0.2784004521280094,0.5138559676692069,0.23545551554119754,0.1816681563092763,0.6202971949524888,0.4386290386432125,-0.25920666186680746,0.12554772364193995,0.22959264553619524,nan,nan
36,7,8156,forward,e,-,2692,2692.0,0.0,0.3491698726804129,0.03331535211185397,0.31422143147337595,0.382044081245271,0.06782264977189506,0.2014168178658124,0.5185090086168794,0.31709219075106704,1.551813368180937,0.042437145627974626,0.17406714258734063,nan,nan
36,8,36833,forward,e,-,1049,1048.0,1.0,0.5654440127189063,0.0932710807563318,0.47993494907704815,0.7222952019952851,0.24236025291823693,0.2013018344223475,0.892947970469117,0.6916461360467695,0.33476370099925845,0.14010382513897654,0.38133627190736685,nan,nan
36,9,175498,forward,e,-,2784,2783.0,1.0,0.2302025247243164,0.05674639392776041,0.17352758769019055,0.31135755044244423,0.13782996275225368,0.17158521713978328,0.5709867870567714,0.39940156991698816,2.1041893396269074,0.13161726017341435,0.39124649678774154,nan,nan
36,10,14141,forward,e,-,8611,8610.0,1.0,0.4938231796674153,0.05277043587141784,0.39019506978735935,0.5492443842977605,0.1590493145104011,0.1853454897904013,0.5562090261526239,0.3708635363622226,-0.4648921793401939,0.08845261313084236,0.2933021931278005,nan,nan
36,11,210090,forward,e,-,3056,3051.0,5.0,0.27015664268506323,0.07761685475533187,0.24225844139000383,0.5045611246394872,0.26230268324948336,0.17007196115669213,0.5625278524918813,0.3924558913351892,1.9024103109083168,0.23205474540230475,0.29002147325469885,nan,nan
36,12,31322,forward,e,-,1011,1011.0,0.0,0.3790643645745763,0.08369465368650345,0.18496878912599446,0.4930276658189278,0.30805887669293336,0.16857236846964585,0.572716237374,0.40414386890435416,-0.4555013697002988,0.2246807478283892,0.2410771684847378,nan,nan
36,13,156237,forward,e,-,2361,2361.0,0.0,0.4179392902294031,0.06727647531382018,0.35604400604939235,0.5604449170538472,0.2044009110044549,0.3534727015855489,0.6017595388155494,0.24828683723000056,0.6492003623082166,0.13820391692045858,0.17951853868216078,nan,nan
36,14,169016,forward,e,-,13583,13583.0,0.0,0.4271887297992392,0.0375944727623879,0.3720567378942049,0.4727765266902077,0.1007197887960028,0.20015434278617222,0.572955757279698,0.37280141449352583,-0.8717086806100914,0.060849211161238,0.21414242162594266,nan,nan
36,15,43359,forward,e,-,2169,2169.0,0.0,0.3651060929083702,0.04368571950186834,0.3073710281826745,0.44995134722693403,0.14258031904425955,0.20940867877977737,0.506451343596895,0.29704266481711766,0.4317851408333471,0.08751671444764078,0.15780317338259203,nan,nan
36,16,35110,forward,e,-,1280,1280.0,0.0,0.77610963934799,0.11697933843924196,0.5694488864070099,0.8899424494265883,0.32049356301957843,0.1705568463462666,0.8938855077288688,0.7233286613826022,-1.5768949732015443,0.2494930933846912,0.6483851334454347,nan,nan
36,17,46767,forward,e,-,998,996.0,2.0,0.415592504191351,0.08129565561677571,0.24823936242623237,0.505698124255364,0.25745876182913163,0.1690549787012258,0.5724196200563394,0.40336464135511363,-0.8942163259365049,0.1800762294418651,0.25926061316687166,nan,nan
36,18,125038,forward,e,-,14677,14676.0,1.0,0.46425992419955975,0.03856267040752203,0.3933038450912596,0.5006752614896398,0.10737141639838022,0.1749967883555125,0.5112590529177172,0.33626226456220476,-1.776991429263334,0.05768041920954681,0.2737349776641842,nan,nan
36,19,28151,forward,e,-,1463,1463.0,0.0,0.39456758086570265,0.0933937163825117,0.22478945920875304,0.5134606399135969,0.2886711807048439,0.1708617994619956,0.5711935451900068,0.40033174572801117,-0.35528677224813476,0.1740677998797372,0.2260475725359568,nan,nan
36,20,109846,forward,e,-,1878,1878.0,0.0,0.4009806699541121,0.07296637746095094,0.2913546865623291,0.5101323565334536,0.21877766997112447,0.17801916001630622,0.5184689620320352,0.34044980201572894,-0.21334517768018244,0.11658296378774018,0.22991849033376313,nan,nan
36,21,22279,forward,e,-,816,815.0,1.0,0.23264977713337312,0.05791129746131479,0.18970097124733784,0.35410424286438785,0.16440327161705,0.17160304738794754,0.5650182522356815,0.39341520484773396,2.2973160114651603,0.12676459087640932,0.3376786002477029,nan,nan
36,22,65627,forward,e,-,754,754.0,0.0,0.37887361558683985,0.0450249983502134,0.36105828397153283,0.5006585062509465,0.1396002222794137,0.35730328703092606,0.5434348864182154,0.1861315993872893,1.2813190955997036,0.1072012448375508,0.14997762500481965,nan,nan
36,23,153188,forward,e,-,3577,3570.0,7.0,0.5955701593964329,0.09158155484268939,0.5001977477004983,0.7447191535272565,0.2445214058267582,0.3583023129665651,0.8726010775688735,0.5142987646023084,0.010356778480696648,0.13107742675738895,0.2604604577841343,nan,nan
36,24,68757,forward,e,-,1651,1650.0,1.0,0.6516406744313783,0.07469052242424488,0.4856869291374589,0.7090117305555222,0.22332480141806332,0.1759040453018719,0.8772211912241045,0.7013171459222326,-1.9337053622983709,0.16800306142031377,0.47730356193111656,nan,nan
36,25,167830,forward,e,-,1819,1816.0,3.0,0.3708196023870405,0.1039587133842396,0.1777711266795492,0.5002617315687987,0.3224906048892495,0.1698141830836259,0.8887012718543874,0.7188870887707615,0.5812752489652917,0.17592775337794003,0.5643672936635287,nan,nan
36,26,148588,forward,e,-,7200,7195.0,5.0,0.5977640207037352,0.0893406744220681,0.4894011950908165,0.7328600729970048,0.24345887790618836,0.3570046691330681,0.8956399397956282,0.5386352706625601,0.15816659092720595,0.1284683743677026,0.2892087486538234,nan,nan
36,27,167957,forward,e,-,2,2.0,0.0,0.3759789030646464,0.12650002244080666,0.26212888286792035,0.48982892326137234,0.22770004039345199,0.24947888062383972,0.502478925505453,0.2530000448816133,nan,0.24035004263753265,0.2530000448816133,nan,nan
36,28,14797,forward,e,-,918,910.0,8.0,0.2213435749387106,0.11318678162773296,0.1883698288166689,0.47578117285692245,0.2874113440402536,0.17222573043226008,0.8954250633070769,0.7231993328748169,3.7804231664656616,0.2638375831234065,0.683481473573561,nan,nan
36,29,34556,forward,e,-,459,459.0,0.0,0.30482856871916075,0.08950997730679049,0.18788383639537537,0.4958226549767505,0.3079388185813751,0.16987312589813894,0.5688579777800702,0.3989848518819312,0.3884075276236038,0.22207569992977602,0.29511102273309575,nan,nan
36,30,45751,forward,e,-,14092,14091.0,1.0,0.4712315512012028,0.08081875577053499,0.39141771681823967,0.6345737326083591,0.24315601579011947,0.35321325181105695,0.7565838101009909,0.4033705582899339,0.5774023421360972,0.16464134663289343,0.28665142412552513,nan,nan
36,31,88569,forward,e,-,2863,2860.0,3.0,0.32793890269521575,0.04990412632250506,0.2824942397344866,0.43256457636192613,0.15007033662743952,0.18433377763711412,0.5721043294030014,0.38777055176588726,0.9060451316277658,0.10536467379461836,0.23993163150788627,nan,nan
36,32,176287,forward,e,-,17501,17498.0,3.0,0.33125278185993,0.04636482687972081,0.26517404579859194,0.41471545414607075,0.1495414083474788,0.17006665311222163,0.6839207812347965,0.5138541281225748,0.5058739413383466,0.08369837713768871,0.3486583939950796,nan,nan
36,33,117130,forward,e,-,11951,11945.0,6.0,0.3398898231933746,0.05304394567023565,0.26710506731979633,0.4417364121498679,0.1746313448300716,0.17073231361406763,0.5711940403640638,0.40046172674999625,0.3497656558452902,0.11303434192966182,0.2395385763734864,nan,nan
36,34,72822,forward,e,-,1214,1209.0,5.0,0.5843855605396151,0.10185473299850047,0.47408375084581694,0.7862620755180582,0.3121783246722412,0.2843787610700433,0.8952125964134294,0.6108338353433862,0.718485632268268,0.23005814176374098,0.333104954780038,nan,nan
36,35,51108,forward,e,-,3970,3970.0,0.0,0.4764731210120855,0.051553866895082186,0.39035383464595547,0.5230520078125789,0.1326981731666234,0.16949320295763892,0.5278521996736902,0.3583589967160513,-1.6507050501967184,0.07689164765542449,0.29775227934374104,nan,nan
36,0,144351,forward,w,deg,45608,45605.0,3.0,-3.314974830456663,20.49254293615176,-21.50161482174743,34.85200658535387,56.3536214071013,-177.73944929144454,176.88940744864124,354.6288567400858,-0.04768249762695218,56.274625070103234,179.2103103411779,173.92535608431993,0.943630754204389
36,1,22426,forward,w,deg,4437,4437.0,0.0,-1.8719816870606678,11.632868454490296,-12.585627403608658,16.06192833236367,28.64755573597233,-13.42892095324487,48.54995550528787,61.97887645853274,1.7584298249849635,21.479077372099887,53.967104545024085,303.2090642302128,0.9798849236810463
36,2,23568,forward,w,deg,924,924.0,0.0,-7.91838736549866,33.61641938523862,-31.609197970684914,65.79040369368687,97.39960166437179,-179.06140137910864,161.98338599248848,341.0447873715971,0.7398545532524063,95.82256743445876,177.41427431620622,213.50718876523123,0.8531860273536571
36,3,167952,forward,w,deg,2151,2149.0,2.0,-2.4118070510824055,34.26981795889273,-37.34269269453186,69.69078930884594,107.0334820033778,-43.326199001454995,177.6445788568613,220.9707778583163,1.2072638800881763,64.04066555246811,152.33981469827233,70.48065938341536,0.8450227725584785
36,4,57501,forward,w,deg,12856,12855.0,1.0,-5.495983842348636,23.243188084028876,-24.89462614565606,41.28065236354084,66.1752785091969,-166.74431226384957,178.10708440073836,344.8513966645879,1.1677258080946462,63.923324201184,175.5317023198138,188.4226706792039,0.9248088010196206
36,5,51611,forward,w,deg,1265,1259.0,6.0,-6.175049577032553,35.08985243074251,-38.78644482601457,67.6720681801972,106.45851300621177,-170.9432017486895,156.9747503598701,327.9179521085596,0.5348237907699982,57.8223698831737,177.70543849837873,104.89124665236726,0.8362074411679794
36,6,30062,forward,w,deg,484,484.0,0.0,-2.5435682314266614,27.816957019531277,-24.178703770209985,39.09999818981588,63.27870196002586,-35.91301469030935,145.8096338671545,181.72264855746386,2.8779084992738975,55.463287753476905,162.17292343081556,23.803827804762292,0.9102454676496224
36,7,8156,forward,w,deg,2692,2692.0,0.0,-2.277474740961253,10.753985728964194,-4.703265136213662,6.102704574419674,10.805969710633335,-147.63617756130773,176.47927407609723,324.11545163740493,4.3406806396203725,10.161661772656853,179.52355819093287,294.2495441457541,0.984953484380642
36,8,36833,forward,w,deg,1049,1048.0,1.0,-5.1064122463870945,28.77696475668619,-22.81747827183247,46.46584940752951,69.28332767936197,-176.3478530070877,167.86306305124026,344.21091605832794,1.7486782090289597,69.9894707698558,177.12958321024132,311.52548915414775,0.9018703595716072
36,9,175498,forward,w,deg,2784,2783.0,1.0,-3.3535069052911126,24.516922389688894,-17.20569750927971,30.3026035382895,47.508301047569205,-177.09317213351358,178.72645313047775,355.8196252639913,-0.14732666170638445,35.62126979300747,179.48094064394644,16.708890695695086,0.9349972284790757
36,10,14141,forward,w,deg,8611,8610.0,1.0,-0.6313959019780384,7.64412738291237,-9.702029771768053,11.86245251725554,21.564482289023594,-131.8117505947282,146.13125727438955,277.94300786911776,2.577408312050111,16.056215107783007,150.29977667641327,301.86825421865944,0.991973480308689
36,11,210090,forward,w,deg,3056,3051.0,5.0,-8.05554531121902,33.70994423313485,-23.237855891571115,85.3845163397238,108.62237223129492,-152.1532098858446,131.89076076688866,284.04397065273326,1.6161395084704189,102.31604791744888,148.72392196383436,61.17019703897166,0.8527690453346327
36,12,31322,forward,w,deg,1011,1011.0,0.0,0.8661251102686265,38.508897289775625,-51.51209467258545,36.035630747132785,87.54772541971823,-174.47088151098262,173.6738814228566,348.1447629338392,-1.0283429637647785,81.64626219686929,174.58944782829644,38.863066306510525,0.8478230500921188
36,13,156237,forward,w,deg,2361,2361.0,0.0,-6.734959828506504,38.9985181254414,-36.53970493423665,81.00858314130232,117.54828807553898,-40.909733831836206,165.2661056758625,206.1758395076987,1.4880691208381822,103.6489007802029,179.47530229569247,237.76758563510018,0.8113997171687033
36,14,169016,forward,w,deg,13583,13583.0,0.0,-4.896452509074322,21.344153149891618,-17.396840611289235,30.23026645610212,47.62710706739136,-179.31737944446456,179.92439984624815,359.2417792907127,1.57134543927993,43.15404832721992,179.19726202435243,8.251320736365903,0.941253976103801
36,15,43359,forward,w,deg,2169,2169.0,0.0,-4.642726466993622,13.771932524323155,-9.519545824375019,26.693243604072954,36.21278942844798,-133.69761665610224,169.09414997915252,302.79176663525476,0.6419636479977193,32.29476383600512,174.1210640470291,300.52297990219813,0.9741929118790196
36,16,35110,forward,w,deg,1280,1280.0,0.0,-4.119087803927442,42.86729132370305,-27.61947913020976,115.65831418470965,143.27779331491942,-178.78395593018575,177.36959657248832,356.1535525026741,1.0731824938519448,134.83117280509646,179.41626656295256,270.91557670486617,0.8148313940341186
36,17,46767,forward,w,deg,998,996.0,2.0,-1.8565049278226269,35.94080167804224,-68.58895497648349,43.08227209990585,111.67122707638934,-179.16259583814406,178.63896735876335,357.8015631969074,-1.2134804215989496,67.45263068836701,178.2170912130416,52.33177902836096,0.857411309006982
36,18,125038,forward,w,deg,14677,14676.0,1.0,-2.767871325034889,19.684841666326555,-18.403698660514493,32.0704783216911,50.47417698220559,-174.06074192863167,176.9556377572393,351.01637968587096,2.0707078963933068,44.876635399910256,179.41489492131575,11.180698635264116,0.9513653873542157
36,19,28151,forward,w,deg,1463,1463.0,0.0,-4.51574682476911,60.0600809968895,-32.13658926427628,161.4080297768723,193.54461904114856,-179.2974958015478,179.6373273182009,358.93482311974867,1.1824493229857869,167.96044602932602,179.6007024670747,348.41547540625675,0.6503768648993584
36,20,109846,forward,w,deg,1878,1878.0,0.0,-2.4811617005757682,26.73553516713282,-40.7966164502419,33.83824220637179,74.63485865661369,-178.72618654770645,179.89136969547985,358.6175562431863,1.0616641645994214,41.01046849338019,179.52397359033228,336.63980113323225,0.9145100867593842
36,21,22279,forward,w,deg,816,815.0,1.0,-3.426647363165557,26.31004885052073,-22.738470670206347,57.74724729114581,80.48571796135215,-155.26568458729275,179.76592514849523,335.031609735788,1.4056900014185167,68.57564931956128,173.14450729292082,158.9099241353603,0.9191851414284262
36,22,65627,forward,w,deg,754,754.0,0.0,-2.7324105346051226,20.921446875715056,-27.055053873480198,44.84363442371123,71.89868829719143,-30.946296365777386,95.04861384031562,125.99491020609301,0.8914304118074338,40.00343536958528,90.20841478618968,214.16508583989847,0.9359948601475175
36,23,153188,forward,w,deg,3577,3570.0,7.0,-4.635316188594501,50.89544909551045,-37.36885709232815,129.80731827305834,167.17617536538648,-178.78757139370566,179.65779031948324,358.4453617131889,1.0370374754334706,154.57519615533474,179.99702860138595,247.84727280727125,0.7351907914587961
36,24,68757,forward,w,deg,1651,1650.0,1.0,-5.159382306133466,35.49461256746424,-19.812756303750028,54.22338889240731,74.03614519615734,-174.62501526858642,174.51314811272795,349.13816338131437,1.3196750330387745,85.52243142165237,179.73778540356915,201.98256370986329,0.8719861140999163
36,25,167830,forward,w,deg,1819,1816.0,3.0,-4.277762931267901,31.07228646477577,-46.588903032599696,52.890022342170425,99.47892537477011,-177.43083664993503,162.44556721084996,339.876403860785,0.20565396993668206,73.3442649326426,174.81345573515637,132.24830789303425,0.8778565663190608
36,26,148588,forward,w,deg,7200,7195.0,5.0,-4.857041336128816,33.22278814124395,-27.20942433450914,63.48139010270802,90.69081443721716,-177.23273357868678,178.8386078131217,356.07134139180846,1.441500217924399,99.3001155043852,178.99217234988635,293.56872682115727,0.8695497403706122
36,27,167957,forward,w,deg,2,2.0,0.0,1.4210854715202004e-14,32.65350219809896,-29.388151978289052,29.388151978289077,58.77630395657813,-32.65350219809895,32.65350219809898,65.30700439619793,nan,62.04165417638803,65.30700439619793,133.3077657150381,0.841948931277264
36,28,14797,forward,w,deg,918,910.0,8.0,-2.3183642587105595,32.387460049975765,-28.690471873820172,52.853265330828904,81.54373720464908,-176.86295161739804,178.7032782709083,355.56622988830634,0.8968326784124493,86.07887324322701,173.14077090014757,163.09088440619152,0.8854041448913651
36,29,34556,forward,w,deg,459,459.0,0.0,-8.020805517153264,44.84833860918803,-43.49654610835616,89.5403633845412,133.03690949289737,-170.94522690540578,143.35080505296196,314.29603195836773,0.5716621405266489,130.28912699897253,176.87445387693356,87.39534658730925,0.7489656427920072
36,30,45751,forward,w,deg,14092,14091.0,1.0,-6.06121999077601,25.45290689423738,-28.178874069478937,46.974675253736265,75.1535493232152,-178.68424070379905,177.54961561008474,356.2338563138838,0.8560564199087846,72.91555245450489,178.64908451858037,192.32416688940108,0.9095094573183371
36,31,88569,forward,w,deg,2863,2860.0,3.0,-3.2749517161475126,23.519954855703773,-16.597802554545495,34.07034815438563,50.66815070893112,-151.3948042876128,179.04300787005116,330.437812157664,2.1249810612742785,41.4207681596312,179.57675494209224,313.93422832660644,0.9372815745495614
36,32,176287,forward,w,deg,17501,17498.0,3.0,-2.3352167968381394,20.727903407409528,-19.316142902518997,36.29340500374582,55.609547906264815,-179.5098810664697,177.03487325304627,356.54475431951596,1.593084313195283,54.72516958057725,179.94222970496955,15.021795229673065,0.9456038106360034
36,33,117130,forward,w,deg,11951,11945.0,6.0,-4.813997961794655,29.009803179055837,-23.898569703149654,37.69144846341284,61.590018166562494,-176.99907944386894,179.87596504610838,356.8750444899773,-1.8309850738408209,62.659181969168195,177.11212040686416,15.889249737970292,0.9031641635365304
36,34,72822,forward,w,deg,1214,1209.0,5.0,-4.266450227894836,37.54475727264573,-27.975856858711182,57.63220642758436,85.60806328629553,-179.08555065288817,175.9082664467166,354.99381709960477,0.5529155436711819,85.3944985303533,179.93184032188987,253.67033999107443,0.8573859795570951
36,35,51108,forward,w,deg,3970,3970.0,0.0,-1.2318372538699123,22.611329670146883,-19.66183813461629,22.423140689792415,42.08497882440871,-178.23626222252432,154.41434396015165,332.650606182676,2.820278993549198,29.779001946207096,171.11199141519194,315.1396645858369,0.9392429241869589
41,0,144351,backward,eps,km^2/s^2,45608,45608.0,0.0,-0.12387034721713358,0.03767627801800432,-0.18991535896602477,-0.07170545953847156,0.11820989942755321,-0.21020590239370707,-0.058817793307683885,0.15138810908602318,-0.1737455767185646,0.07181291788812363,0.09210346131580593,nan,nan
41,1,22426,backward,eps,km^2/s^2,4427,4427.0,0.0,-0.937199993421075,0.015391991625147065,-0.9619478931632551,-0.9151317658197521,0.046816127343503045,-0.9704032762234998,-0.9066367012668154,0.06376657495668436,-0.12345184879968961,0.02696442108269272,0.03535228002465318,nan,nan
41,2,24011,backward,eps,km^2/s^2,832,832.0,0.0,-0.814565514466491,0.0070876809705340636,-0.828886449526438,-0.8075005132097536,0.021385936316684395,-0.8317350387480615,-0.8071063254947568,0.024628713253304735,-0.4812431379481602,0.01429317016234408,0.01714175938396767,nan,nan
41,3,167952,backward,eps,km^2/s^2,2141,2141.0,0.0,-0.24175505763839467,0.013132353943495288,-0.25711880873823667,-0.21343775130922427,0.043681057429012404,-0.2583797228347101,-0.1902849437085592,0.06809477912615092,0.6550187071537127,0.030406309361922568,0.05355911696258764,nan,nan
41,4,48782,backward,eps,km^2/s^2,6034,6034.0,0.0,-0.9316720658906028,0.01869267865315695,-0.9598830913003793,-0.9020867238547288,0.05779636744565053,-0.9622160199056999,-0.8951840274175241,0.06703199248817582,0.053522758789803615,0.032174584385819355,0.03441789054014743,nan,nan
41,5,51611,backward,eps,km^2/s^2,1255,1255.0,0.0,-0.0664964012564061,0.03407702478833078,-0.13873148881868672,-0.04534386188006959,0.09338762693861713,-0.18222249655723388,-0.043834796693581146,0.13838769986365274,-0.7525818162414308,0.05036562909803952,0.087573094879705,nan,nan
41,6,35310,backward,eps,km^2/s^2,324,324.0,0.0,-0.8209593359047438,0.020316198528848677,-0.870293175644428,-0.8066211851978303,0.06367199044659766,-0.8867821247525358,-0.8063623697289342,0.08041975502360166,-1.0352014027401282,0.04945312087022943,0.06594206997833729,nan,nan
41,7,28151,backward,eps,km^2/s^2,1477,1477.0,0.0,-0.8781307405771321,0.020441544920532618,-0.9167949172649567,-0.8490380302501055,0.06775688701485116,-0.9315799941079881,-0.8399109990669222,0.09166899504106585,-0.3465271944370278,0.03773341161249655,0.047502436335697396,nan,nan
41,8,40315,backward,eps,km^2/s^2,899,899.0,0.0,-0.9290098674351365,0.034870197560083846,-0.9757669922134754,-0.8717468604701836,0.10402013174329183,-1.0205536257856416,-0.8549341409332273,0.1656194848524143,0.1013913303966258,0.06528988540714971,0.08456315757614463,nan,nan
41,9,175498,backward,eps,km^2/s^2,2764,2764.0,0.0,-0.2503069458504981,0.011612115980747769,-0.25653768089130796,-0.22915470618329742,0.027382974708010543,-0.259539648287166,-0.1678097530070919,0.09172989528007414,2.4848546355264385,0.01658508799692242,0.07793004117312796,nan,nan
41,10,14141,backward,eps,km^2/s^2,8568,8568.0,0.0,-0.8792085903507046,0.017427574890186457,-0.9089621871449879,-0.853174099312784,0.0557880878322039,-0.9144455058797335,-0.8455281706683686,0.0689173352113649,-0.09579601677978536,0.030155100747968233,0.03578248313945398,nan,nan
41,11,210090,backward,eps,km^2/s^2,3039,3039.0,0.0,-0.1646104373750661,0.037920644402079935,-0.21612255136612357,-0.09334797204684749,0.12277457931927609,-0.23082458601177636,-0.06893817448948147,0.16188641152229488,0.324828647373373,0.0666912056356948,0.08955369186435536,nan,nan
41,12,31323,backward,eps,km^2/s^2,851,851.0,0.0,-0.8780047619949904,0.022042174358832534,-0.9155215173541497,-0.8461589702158114,0.06936254713833823,-0.9280162610345399,-0.8226048578410228,0.10541140319351716,-0.14007107204003305,0.03991714176470146,0.0630523679356918,nan,nan
41,13,156237,backward,eps,km^2/s^2,2361,2361.0,0.0,-0.17730653953519881,0.0335371062026476,-0.20468998622606338,-0.10777669200439632,0.09691329422166706,-0.23396340960576145,-0.1051201269881269,0.12884328261763456,0.4954277831437968,0.06301239609732845,0.06560024518824403,nan,nan
41,14,165903,backward,eps,km^2/s^2,8837,8837.0,0.0,-0.22178664601127152,0.013531688444280678,-0.2356670599877611,-0.1929662518028736,0.0427008081848875,-0.25484718862849065,-0.1726814825698717,0.08216570605861895,0.7980104843070461,0.031138761728156036,0.051423530961157926,nan,nan
41,15,43359,backward,eps,km^2/s^2,2143,2143.0,0.0,-0.9877895275650522,0.011228711172663542,-0.9995724415808258,-0.9654214370553266,0.03415100452549924,-1.020754723273971,-0.962106439474604,0.05864828379936715,0.42945483545037944,0.027508136813857872,0.03079324436457287,nan,nan
41,16,50026,backward,eps,km^2/s^2,1254,1254.0,0.0,-0.8541194100215516,0.017461829723490436,-0.889308205407999,-0.8305454992528983,0.05876270615510071,-0.9182613158571666,-0.8258646600734283,0.09239665578373835,-0.4352378197229686,0.037886916537854184,0.06684002698702174,nan,nan
41,17,61172,backward,eps,km^2/s^2,452,452.0,0.0,-0.9753789782178217,0.007675742784494287,-0.9791985243561705,-0.9628593227017359,0.016339201654434587,-1.0207437552380227,-0.942111185150972,0.07863257008705071,-1.2751611004788785,0.0138115218915186,0.04450160314818574,nan,nan
41,18,120454,backward,eps,km^2/s^2,12566,12566.0,0.0,-0.15453942737977044,0.019934017490162444,-0.1865899592706788,-0.12502375848335456,0.06156620078732425,-0.19456730144515944,-0.08366161185971288,0.11090568958544655,-0.06462328847969802,0.03335597361004258,0.07289613175813603,nan,nan
41,19,32794,backward,eps,km^2/s^2,303,303.0,0.0,-0.8174852592860312,0.009768594502880947,-0.836021617852734,-0.8067029006083839,0.02931871724435009,-0.8395804715013931,-0.8065266032009923,0.0330538683004008,-0.3730988740933889,0.016915836584626493,0.02047469023328563,nan,nan
41,20,110558,backward,eps,km^2/s^2,1907,1907.0,0.0,-0.943173519300267,0.02536649901542125,-0.9630529757040354,-0.8966206185388299,0.06643235716520546,-0.9718435322293205,-0.8394081502441763,0.13243538198514426,1.6328518961616652,0.04767690421948737,0.10488937251414099,nan,nan
41,21,22279,backward,eps,km^2/s^2,803,803.0,0.0,-0.8283875138710655,0.011439559494467089,-0.8556368516234129,-0.8248825910324036,0.030754260591009275,-0.930119919795011,-0.8227577141319229,0.10736220566308807,-3.8603639960654363,0.027101071992793192,0.10158414016439132,nan,nan
41,22,65627,backward,eps,km^2/s^2,743,743.0,0.0,-0.8470132757826437,0.015404121381853432,-0.8752287248764401,-0.8305543169136748,0.04467440796276534,-0.9315565874687408,-0.823364122375434,0.10819246509330682,-1.253469032142554,0.031708061184215174,0.0706612012215857,nan,nan
41,23,153188,backward,eps,km^2/s^2,3577,3577.0,0.0,-0.23133668482416792,0.022413199018737385,-0.258362085607487,-0.19157714526704783,0.06678494034043919,-0.2593276385082858,-0.17558576060658349,0.08374187790170229,0.25548896850601754,0.04643996518070127,0.062431349841165606,nan,nan
41,24,69136,backward,eps,km^2/s^2,1600,1600.0,0.0,-0.9673144312066613,0.0051373707099406155,-0.974107205937338,-0.962663412968656,0.011443792968682032,-1.020836128343177,-0.9622035491243005,0.058632579218876546,-4.507133972958687,0.006335572292193897,0.05306449469803298,nan,nan
41,25,167830,backward,eps,km^2/s^2,1814,1814.0,0.0,-0.19338440075378255,0.02964209444731309,-0.21435451751454454,-0.1256794458722319,0.08867507164231264,-0.2537412176739521,-0.11586798314570224,0.13787323452824984,0.7285792657434615,0.0735360612047411,0.08334752393127076,nan,nan
41,26,148588,backward,eps,km^2/s^2,7200,7200.0,0.0,-0.1660126978628348,0.0350218299191339,-0.20944983394559002,-0.11174593238086786,0.09770390156472217,-0.23203998749279275,-0.04380722131250103,0.18823276618029172,0.1913020752452648,0.05599586784538407,0.1238116728163624,nan,nan
41,27,167957,backward,eps,km^2/s^2,2,2.0,0.0,-0.2511158157849137,0.005881131901134817,-0.25640883449593505,-0.24582279707389237,0.010586037422042671,-0.2569969476860485,-0.2452346838837789,0.011762263802269635,nan,0.011174150612156153,0.011762263802269635,nan,nan
41,28,14797,backward,eps,km^2/s^2,846,846.0,0.0,-0.8167355462458643,0.004853202587660903,-0.8248670099432829,-0.8119712542934209,0.012895755649862006,-0.8456064287653722,-0.8066952124091532,0.03891121635621897,-0.8280284478556271,0.008455219227510913,0.02832447843994823,nan,nan
41,29,32944,backward,eps,km^2/s^2,457,457.0,0.0,-0.9117246800489651,0.04095468815647837,-0.9656240257238958,-0.8442714211325826,0.12135260459131325,-0.9716211645944601,-0.8253323811976936,0.14628878339676654,0.18039621839852696,0.06531866727899245,0.08425770721388148,nan,nan
41,30,45291,backward,eps,km^2/s^2,13142,13142.0,0.0,-0.8673423852582279,0.01892233717846593,-0.8972424323039708,-0.8385612044788682,0.058681227825102655,-0.922171260324896,-0.8303599539967863,0.09181130632810974,-0.04041763199278549,0.03849319541287548,0.04668639900894678,nan,nan
41,31,88569,backward,eps,km^2/s^2,2774,2774.0,0.0,-0.9933837047722522,0.012545103084539318,-1.0062958069279937,-0.9680152498269929,0.038280557101000756,-1.0086547271271056,-0.9621646573746935,0.0464900697524121,0.44731189799086457,0.029495654064330114,0.03534624651662954,nan,nan
41,32,176015,backward,eps,km^2/s^2,15556,15556.0,0.0,-0.23436298379031234,0.013671324284339021,-0.24775383414637359,-0.2035898989763209,0.04416393517005268,-0.2595672674968075,-0.19138464943884914,0.06818261805795833,0.7201322337378437,0.0318145277940875,0.04401977733155926,nan,nan
41,33,116002,backward,eps,km^2/s^2,11138,11138.0,0.0,-0.17230675244853788,0.02175343975713316,-0.20694024779323172,-0.13909919992639344,0.06784104786683828,-0.21450103004357424,-0.07692565609414981,0.13757537394942443,0.2521689442052029,0.03758527025023542,0.09962954124837187,nan,nan
41,34,31657,backward,eps,km^2/s^2,487,487.0,0.0,-0.8180990678931329,0.009727086800679395,-0.8366844451751322,-0.8070363648792147,0.02964808029591748,-0.8465824369544123,-0.806208472304013,0.04037396465039922,-0.5079517683936939,0.017890600678049706,0.027788592457329786,nan,nan
41,35,51108,backward,eps,km^2/s^2,3933,3933.0,0.0,-0.9820894142564089,0.008439654406254224,-0.9931874260819201,-0.9654720241815667,0.027715401900353376,-1.0201349727623945,-0.9622137060821228,0.057921266680271755,0.28212197224062574,0.021498150782442656,0.033241838746268515,nan,nan
41,36,8025,backward,eps,km^2/s^2,2574,2574.0,0.0,-0.9142144886145838,0.023146084150769738,-0.9537241082488631,-0.8789396929530329,0.07478441529583024,-0.9620932547813699,-0.848097917906325,0.11399533687504482,-0.08139319227968522,0.04096774995911537,0.06783134016964831,nan,nan
41,37,165874,backward,eps,km^2/s^2,9677,9677.0,0.0,-0.21370284539925932,0.011581482996645106,-0.22736988074677614,-0.19173449455224187,0.03563538619453427,-0.24581618855013865,-0.17050092019965069,0.07531526835048796,0.37887612344832255,0.021847172665341787,0.04298985274556444,nan,nan
41,38,35110,backward,eps,km^2/s^2,1219,1219.0,0.0,-0.835202753980959,0.007970612227841296,-0.8428666436660114,-0.8248662959316067,0.01800034773440473,-0.9750163668296393,-0.8205726761491832,0.15444369068045616,-9.038007731368515,0.01128477712786537,0.14065397416080916,nan,nan
41,39,80819,backward,eps,km^2/s^2,7678,7678.0,0.0,-0.9316060127491543,0.01813290475182187,-0.9569779592472073,-0.9029603881896368,0.054017571057570546,-1.0207392989867343,-0.8392317749129372,0.1815075240737971,0.37924258807778566,0.031727912369007176,0.09497961574656466,nan,nan
41,40,38011,backward,eps,km^2/s^2,862,862.0,0.0,-0.9373132476687227,0.01933360995704357,-0.9661418817144305,-0.9034654167772294,0.06267646493720114,-0.9715854693185693,-0.8507364104483786,0.1208490588701907,0.3029915311217071,0.03490450164994748,0.08427125583422279,nan,nan
41,0,144351,backward,e,-,45608,45608.0,0.0,0.7038729313383513,0.09163614799198991,0.5412742640687032,0.8290728775309488,0.28779861346224567,0.4881113724207721,0.8598376401626954,0.37172626774192324,-0.1959677107637638,0.17659587060211115,0.22975876225004216,nan,nan
41,1,22426,backward,e,-,4427,4427.0,0.0,0.4493658443028898,0.0249533389385376,0.4124059025440233,0.48840161121958764,0.07599570867556432,0.3978153456810005,0.5012262178531868,0.10341087217218625,0.07400007741035959,0.0427604460400593,0.05541087695394381,nan,nan
41,2,24011,backward,e,-,832,832.0,0.0,0.19537164451918562,0.02134294159194009,0.1725305128611535,0.23686908075120236,0.06433856789004885,0.17112689483884924,0.24415586926651145,0.07302897442766221,0.408056564773708,0.040390752826689365,0.04767754134199845,nan,nan
41,3,167952,backward,e,-,2141,2141.0,0.0,0.4040529979942461,0.03629792806160829,0.35992778798060127,0.48079083794881733,0.12086304996821606,0.35614850937728304,0.5409611130283094,0.18481260365102636,0.5922412867085005,0.08339678684643365,0.14356706192592572,nan,nan
41,4,48782,backward,e,-,6034,6034.0,0.0,0.4406606057509347,0.03084090700027163,0.3900831309308049,0.4854440640698225,0.09536093313901761,0.3777807410972785,0.48911617240255295,0.11133543130527446,-0.1130775636382057,0.05210022822650487,0.0564601878845557,nan,nan
41,5,51611,backward,e,-,1255,1255.0,0.0,0.8414752035106957,0.08192103813229962,0.6676758193516773,0.8919685046663341,0.22429268531465685,0.559813992961426,0.8955575813930169,0.3357435884315909,-0.7655180958869775,0.12043522032680284,0.2142585317501049,nan,nan
41,6,35310,backward,e,-,324,324.0,0.0,0.2139358058424763,0.05169896922521192,0.16950406834583007,0.3305584880107273,0.16105441966489722,0.1685914010438332,0.36257135203349217,0.19397995098965898,0.7791239494423298,0.11545321370942924,0.1474660777321941,nan,nan
41,7,28151,backward,e,-,1477,1477.0,0.0,0.3454766598520791,0.03951203339623277,0.2841324068273698,0.4155435486142687,0.1314111417868989,0.26429889616954017,0.44029446100095015,0.17599556483141,0.18082491428511963,0.07485294187310187,0.09222628107773789,nan,nan
41,8,40315,backward,e,-,899,899.0,0.0,0.43628077276911864,0.058890894482337475,0.33253896925498244,0.5093953671147448,0.17685639785976232,0.29738351717274475,0.5726100256578895,0.2752265084851448,-0.23275041268234006,0.11574161875099673,0.15018893538533878,nan,nan
41,9,175498,backward,e,-,2764,2764.0,0.0,0.3797227751237849,0.032003016493381733,0.3616560027363451,0.43854226520329537,0.0768862624669503,0.3526634877925289,0.5971167559741114,0.24445326818158253,2.323864518010892,0.04637361846933602,0.20494810924015205,nan,nan
41,10,14141,backward,e,-,8568,8568.0,0.0,0.3467815672363004,0.033898006799144315,0.29315117051301,0.4016349917819709,0.10848382126896089,0.2759808255270147,0.41129599148388607,0.13531516595687137,-0.004345711265447602,0.05828503286333127,0.07490123561972395,nan,nan
41,11,210090,backward,e,-,3039,3039.0,0.0,0.6047990028965685,0.0937714953567235,0.4736475825436861,0.7775119836278773,0.3038644010841912,0.4332311191346169,0.8357881902141068,0.40255707107948985,0.27698219666857676,0.16589156473030145,0.21574271129193145,nan,nan
41,12,31323,backward,e,-,851,851.0,0.0,0.3450683217256537,0.04325045581774896,0.27758717579216585,0.41360061280316085,0.136013437010995,0.21655333588664194,0.4344322576996923,0.21787892181305035,-0.017708163593312422,0.08200332380103662,0.1430371637065605,nan,nan
41,13,156237,backward,e,-,2361,2361.0,0.0,0.5729700707998324,0.08283323675698599,0.5035083948568725,0.7426176176999061,0.2391092228430336,0.4246648141608949,0.7489920441628781,0.3243272300019832,0.47420622396585815,0.15363166547315477,0.16454116329956742,nan,nan
41,14,165903,backward,e,-,8837,8837.0,0.0,0.4583394570198626,0.03556892746379419,0.4209328026890859,0.532848031617219,0.11191522892813316,0.3661309769048179,0.5839901982203182,0.21785922131550028,0.7362830539047551,0.08115394812658394,0.13214237257413441,nan,nan
41,15,43359,backward,e,-,2143,2143.0,0.0,0.5267681495591502,0.01645027316506771,0.49355414352596155,0.5436549175028247,0.05010077397686313,0.4884466059664154,0.5728758045889726,0.08442919862255716,-0.45943478355852485,0.04056371046766853,0.04567124802721467,nan,nan
41,16,50026,backward,e,-,1254,1254.0,0.0,0.29627958605101307,0.03747109981559052,0.24010277395586505,0.3670521589157262,0.12694938495986113,0.22545498294582936,0.4170346165478668,0.19157963360203742,0.26082315551022434,0.07650458069352344,0.12648703832566405,nan,nan
41,17,61172,backward,e,-,452,452.0,0.0,0.5087474644589589,0.011301835819973557,0.4899703371201846,0.5144167028319472,0.024446365711762563,0.4578691074660097,0.5728380058839121,0.11496889841790242,0.96559733264509,0.020813199793732324,0.06281814945063435,nan,nan
41,18,120454,backward,e,-,12566,12566.0,0.0,0.6289749323196343,0.04910815949283338,0.5492425611416913,0.7009384639375907,0.1516959027958994,0.5285301802305017,0.800665988566538,0.27213580833603634,-0.08122987230468298,0.08209943310309956,0.1766446214597499,nan,nan
41,19,32794,backward,e,-,303,303.0,0.0,0.20462839916537437,0.028428632690511647,0.16991683592673026,0.25461620584300165,0.08469936991627139,0.16915703389195855,0.2636358171913646,0.09447878329940604,0.24740597821872182,0.04450552110575407,0.053525132454117025,nan,nan
41,20,110558,backward,e,-,1907,1907.0,0.0,0.45928373423300756,0.044148590874752744,0.38072701383411145,0.49043770584723384,0.10971069201312239,0.2632125549534146,0.5036553621654318,0.24044280721201722,-1.9916586208767535,0.08063587094423948,0.19815032982493636,nan,nan
41,21,22279,backward,e,-,803,803.0,0.0,0.2346603231589707,0.02576940655989833,0.22555694595353673,0.2999236693584789,0.07436672340494219,0.2197531228206078,0.43708511624288027,0.21733199342227247,3.5260265230097287,0.06478107805558164,0.201942524939983,nan,nan
41,22,65627,backward,e,-,743,743.0,0.0,0.28033172630933484,0.03346737035882494,0.2398466412308688,0.33847843375109393,0.09863179252022514,0.21870225090466192,0.4394687349284241,0.22076648402376217,0.8604321120041774,0.07426062487576267,0.12829546598844116,nan,nan
41,23,153188,backward,e,-,3577,3577.0,0.0,0.43208841082014204,0.06050452912735297,0.3562138211308131,0.5362515815189137,0.1800377603881006,0.35333869863390605,0.5778355597384837,0.22449686110457762,0.2093739926370002,0.12275580564579941,0.1643397838653694,nan,nan
41,24,69136,backward,e,-,1600,1600.0,0.0,0.4967631375513245,0.0075405159260253435,0.4896929038676606,0.5069042901457281,0.01721138627806751,0.48889963909577183,0.5729713754320799,0.08407173633630804,4.191530137687694,0.009479479670921198,0.07554656495727297,nan,nan
41,25,167830,backward,e,-,1814,1814.0,0.0,0.5322633663120282,0.07407497124626082,0.4783338623253847,0.6994163275170436,0.22108246519165892,0.36928534714252087,0.7230820826849543,0.35379673554243346,0.6939856277389289,0.18213589334317828,0.20580164851108895,nan,nan
41,26,148588,backward,e,-,7200,7200.0,0.0,0.6008347955915934,0.08664118791240695,0.49113042170726806,0.7330345149827077,0.2419040932754396,0.4299217108690757,0.8956261106421681,0.4657043997730924,0.1652471604662827,0.1366899959051272,0.2987704293761887,nan,nan
41,27,167957,backward,e,-,2,2.0,0.0,0.3770180319505057,0.01641729502880168,0.3622424664245842,0.3917935974764272,0.029551131051843038,0.360600736921704,0.3934353269793074,0.03283459005760336,nan,0.031192860554723194,0.03283459005760336,nan,nan
41,28,14797,backward,e,-,846,846.0,0.0,0.2022282309317428,0.01427743159198252,0.18695893928811136,0.22539337642119073,0.03843443713307937,0.169824732674945,0.27429234479969977,0.10446761212475478,0.5073313933190451,0.02579299082450212,0.07041694960252956,nan,nan
41,29,32944,backward,e,-,457,457.0,0.0,0.4068211732989391,0.07415539101723317,0.27379522883636714,0.4941832726987475,0.22038804386238037,0.22469275578387676,0.5032872385839928,0.27859448280011606,-0.3348035622711082,0.12926299539756125,0.17836546845005163,nan,nan
41,30,45291,backward,e,-,13142,13142.0,0.0,0.32393491192995666,0.038995771383718174,0.2601699141531581,0.38141016689367097,0.12124025274051287,0.2394988459555765,0.4237159538321657,0.1842171078765892,-0.08552853297529801,0.08318952047741696,0.10386058867499856,nan,nan
41,31,88569,backward,e,-,2774,2774.0,0.0,0.5349384875092003,0.01806905263997003,0.49792884352862843,0.553073473701581,0.05514463017295257,0.48877218871128936,0.5563450703171937,0.06757288160590436,-0.4781488939730351,0.04290642646124532,0.05206308127858439,nan,nan
41,32,176015,backward,e,-,15556,15556.0,0.0,0.42459720300597964,0.03700380809633269,0.38714423489899835,0.5069065116220329,0.11976227672303458,0.35264176551903914,0.5380310523999356,0.1853892868808965,0.6733762938021949,0.08568651744931385,0.1168110582272166,nan,nan
41,33,116002,backward,e,-,11138,11138.0,0.0,0.5849084367920798,0.05426463154796477,0.4969312572622424,0.6668100492740106,0.16987879201176814,0.47717542132193425,0.8167420041262122,0.339566582804278,0.21007811879029886,0.09355580128703629,0.2424768203836719,nan,nan
41,34,31657,backward,e,-,487,487.0,0.0,0.20648950280234646,0.02799230510960271,0.17100471887555974,0.2564563296007107,0.08545161072515095,0.16819393098549065,0.2765120292109008,0.10831809822541014,0.34875532993404534,0.04728945621644677,0.06734515582663686,nan,nan
41,35,51108,backward,e,-,3933,3933.0,0.0,0.5186111216325999,0.012426264358633966,0.49378812306989933,0.5346230233384649,0.040834900268565566,0.48865813687464693,0.5719985499113021,0.08334041303665513,-0.3227777120559898,0.03181145002829015,0.04646429885394476,nan,nan
41,36,8025,backward,e,-,2574,2574.0,0.0,0.4105254679053689,0.040130697351307906,0.34583882535527016,0.47548783214741375,0.12964900679214358,0.2819396020293357,0.4884624284977328,0.2065228264683971,-0.02922254614086302,0.07099517504371516,0.13160260380623306,nan,nan
41,37,165874,backward,e,-,9677,9677.0,0.0,0.4796058467617128,0.030073441545795953,0.44355578278030455,0.5361389154531214,0.09258313267281687,0.3919964047296709,0.59045455966297,0.1984581549332991,0.3557745768956715,0.05626127718890129,0.11035060333088981,nan,nan
41,38,35110,backward,e,-,1219,1219.0,0.0,0.25239416979363954,0.01737485560068836,0.2257658821870538,0.27121654795287725,0.04545066576582346,0.21379599571394928,0.5082403437531668,0.2944443480392176,5.353618345902072,0.028651191925469596,0.2578232461975175,nan,nan
41,39,80819,backward,e,-,7678,7678.0,0.0,0.44075746113022923,0.030331409195507315,0.39190118246529937,0.48101651864638056,0.0891153361810812,0.2627558748987882,0.57285141266025,0.31009553776146176,-0.6585010139261186,0.05097713080820773,0.16836312201920528,nan,nan
41,40,38011,backward,e,-,862,862.0,0.0,0.4497825447342779,0.031671424551829815,0.3927699444939289,0.49486358368327016,0.10209363918934128,0.2892944998021676,0.5032275586726771,0.2139330588705095,-0.4220017213280093,0.05560250513849885,0.15665296471441265,nan,nan
41,0,144351,backward,w,deg,45608,45608.0,0.0,-0.5465108140741108,4.279034193865769,-5.680701583881361,9.497097996210073,15.177799580091435,-9.723952080818975,15.552228757539922,25.276180838358897,1.086097954307462,11.322924409054252,17.3780551703841,20.456109285173937,0.9972168075076416
41,1,22426,backward,w,deg,4427,4427.0,0.0,-0.6157640798778061,4.675591621506542,-4.3406145914107155,4.204306973020895,8.544921564431611,-4.931036414070746,23.382577347563995,28.31361376163474,2.9933763709213554,5.875612970512524,25.053883345055624,188.3637902592467,0.9966945698953817
41,2,24011,backward,w,deg,832,832.0,0.0,4.438559256310711,13.623253378529903,-24.70254977930105,14.667538670922204,39.37008845022326,-27.3371396366783,15.468377205243797,42.8055168419221,-0.5883978612248169,34.01915233150956,36.65374218888681,202.55162318025336,0.9719864177880473
41,3,167952,backward,w,deg,2141,2141.0,0.0,0.10671432080465593,6.3999436294391625,-9.702879992500954,7.689729802434414,17.392609794935368,-13.204490573310125,8.25462094689334,21.459111520203464,-0.1899018663397969,16.658461078656615,20.160071659465814,28.023856386330642,0.9937718041735102
41,4,48782,backward,w,deg,6034,6034.0,0.0,-0.8178355604983238,4.2596344208479815,-4.881735576794888,9.70620926435527,14.587944841150158,-24.07995353906722,17.392603588456268,41.47255712752349,1.5303888839663407,11.033604667906078,22.78788067234447,198.5148359101263,0.9972446534188251
41,5,51611,backward,w,deg,1255,1255.0,0.0,-2.3751248790689203,6.660642622964075,-6.807837923222934,11.855120507387552,18.662958430610487,-7.0059730742015915,17.131766856374384,24.137739930575975,0.5599221433709124,13.144948155446846,13.343083306425513,17.62107977550843,0.9932583347688969
41,6,35310,backward,w,deg,324,324.0,0.0,7.556921741898151,15.243371484676235,-31.934019650745363,13.105477070562966,45.039496721308325,-35.13423951689413,13.118313448150701,48.25255296504483,-0.9648047552339503,41.83189065837644,45.03211052452522,207.11030488847348,0.9651309332039588
41,7,28151,backward,w,deg,1477,1477.0,0.0,-5.334837668042411,10.540533005695957,-10.6997680150828,16.30873211452866,27.00850012961146,-31.712938891381697,16.808586054359694,48.52152494574139,0.5306464010998613,23.055566332611455,25.038552697514774,203.21662850875106,0.9831698912606036
41,8,40315,backward,w,deg,899,899.0,0.0,-0.8114794339138882,5.173617692084966,-4.435601345398345,10.692101614421638,15.127702959819983,-24.19990169881831,19.500689711702677,43.700591410520985,0.5013177767790935,15.47328298533141,23.1909038968019,196.58031455397247,0.9959458193386272
41,9,175498,backward,w,deg,2764,2764.0,0.0,1.171592706216586,5.557815104594082,-10.1884136330467,6.534416626444693,16.722830259491392,-15.116290661350035,6.785926575997877,21.902217237347912,-0.6307503367752642,15.29895882419145,20.22683585249476,28.808309638318676,0.9953039397253655
41,10,14141,backward,w,deg,8568,8568.0,0.0,0.08395392357238052,3.467253695694799,-5.641544348539652,5.495729585216979,11.137273933756632,-7.036269813746856,6.818966878465972,13.855236692212827,-0.04287852357526659,6.052474150854516,7.146289484468582,190.9094865642941,0.9981700750399004
41,11,210090,backward,w,deg,3039,3039.0,0.0,-3.3847933139176973,7.126552948470596,-6.693204692406619,16.88927834448696,23.582483036893578,-7.4290339081225625,18.255169425359583,25.684203333482145,1.19535492991401,21.275276881370267,22.64116796224289,18.105224594490373,0.9922972313287574
41,12,31323,backward,w,deg,851,851.0,0.0,-0.19654374490897908,7.247275906462013,-5.104679251285759,19.035235445554306,24.139914696840066,-26.782621769068726,21.956995930235934,48.73961769930466,0.18713463653817416,21.009075844082474,26.18428182904114,198.23502742106766,0.9920957970500079
41,13,156237,backward,w,deg,2361,2361.0,0.0,-0.030554591923021235,2.7112912558867666,-3.5587991575036426,4.616913052866494,8.175712210370136,-6.2944831541983035,12.866809444820376,19.16129259901868,1.809933850266605,5.988546383481889,12.238967180527737,23.60046694659454,0.9988823112300788
41,14,165903,backward,w,deg,8837,8837.0,0.0,1.3591334217912276,4.4324628384044376,-8.021298633728884,4.566650742576438,12.587949376305321,-13.328681560338055,9.365414062971865,22.69409562330992,-0.5489157457715839,11.706984936538918,17.014367863148095,27.69237533088576,0.9970112309583021
41,15,43359,backward,w,deg,2143,2143.0,0.0,-1.850318303581247,5.422928347057953,-5.934378467846983,11.5632174574305,17.497595925277484,-7.054421563700572,17.07323295557299,24.127654519273563,1.0696361582619036,13.149725677785018,18.659741175927508,187.77386402402195,0.9955319928001082
41,16,50026,backward,w,deg,1254,1254.0,0.0,3.856503620348846,9.81333956898477,-12.212573600983319,8.918814408683135,21.131388009666452,-38.594382265352294,9.423611464324267,48.01799372967656,-1.9628009121786645,16.842879607455753,43.22468827182473,210.09394363036876,0.9856078745342547
41,17,61172,backward,w,deg,452,452.0,0.0,-0.9059560123129415,3.975213903961995,-3.8918000630285037,7.265964463445386,11.15776452647389,-20.06706884038823,13.297243451499128,33.36431229188736,0.09015336060303089,9.615806650186691,18.02049967928656,195.27435061760258,0.997599347421684
41,18,120454,backward,w,deg,12566,12566.0,0.0,0.015901732985682315,1.8361106285560218,-2.7350285058853387,2.672137916992803,5.4071664228781415,-16.044581114246256,7.914264567118352,23.958845681364608,-0.4661530421244493,3.056099506557878,15.989451158545506,26.989935798031812,0.9994869550048054
41,19,32794,backward,w,deg,303,303.0,0.0,5.562198113308824,12.771031159363133,-28.446179533336604,11.21290909166241,39.659088624999015,-35.24069028036604,11.607550158787092,46.84824043915313,-1.2067942650607235,36.171764148176464,42.96627489520591,208.35114566948042,0.9754951535425704
41,20,110558,backward,w,deg,1907,1907.0,0.0,4.229872895898495,11.898362320626463,-23.129936213256393,12.378781766279257,35.508717979535646,-23.76971731903072,16.139770720812606,39.909488039843325,-0.8774347842901804,28.314971660727217,28.954752766501542,203.91152311505735,0.9786217840803928
41,21,22279,backward,w,deg,803,803.0,0.0,-0.20993974390114545,4.078034249933527,-5.52317192531614,9.52753533505594,15.05070726037208,-33.976895445103565,11.496436605173017,45.47333205027658,0.25023510796969717,11.045837788369406,32.52672346896168,207.4838286031148,0.9974773213179436
41,22,65627,backward,w,deg,743,743.0,0.0,10.612476559947424,19.305147474000727,-35.50209406986788,11.378512377472026,46.88060644733991,-35.75699753894608,11.54528257751241,47.30228011645849,-1.1702221877265377,46.282755813055175,46.537659282133376,207.30279913404874,0.9445375397831937
41,23,153188,backward,w,deg,3577,3577.0,0.0,2.638854617779117,5.484752761508136,-12.65415290861202,3.9516724397292933,16.605825348341313,-18.870051771729123,4.15525384826708,23.025305619996203,-1.635630729982868,16.253996088412205,22.46989495152934,32.80091876468468,0.9954343182692177
41,24,69136,backward,w,deg,1600,1600.0,0.0,0.0019235404669615264,3.0167019352982725,-3.7372210545965174,4.418167624200231,8.155388678796747,-21.963536488273803,6.534990313547496,28.4985268018213,-1.8657174317194394,5.661678744166009,20.85542980157939,197.246213824138,0.9986185241331996
41,25,167830,backward,w,deg,1814,1814.0,0.0,0.2757705369861867,3.3341927926343247,-5.5916333975163095,6.597597047912503,12.189230445428812,-13.320073131667584,11.945170187097403,25.265243318764988,0.6986285768102218,8.441108034033514,14.980749826503711,25.11796578244298,0.9983098887904601
41,26,148588,backward,w,deg,7200,7200.0,0.0,-0.14841842918541204,3.301006156971021,-4.345303243268237,6.9634806790756425,11.30878392234388,-13.89835419192542,11.949977560357752,25.848331752283173,0.7357829482821785,7.836707043377148,14.254347757284677,24.486026005785213,0.998343714720957
41,27,167957,backward,w,deg,2,2.0,0.0,0.0,4.390065345316202,-3.951058810784582,3.9510588107845814,7.902117621569163,-4.390065345316202,4.390065345316202,8.780130690632404,nan,8.341124156100785,8.780130690632404,30.893984729652757,0.9970660397377324
41,28,14797,backward,w,deg,846,846.0,0.0,2.404129258342479,7.5957555170142035,-15.114141873843217,7.81088646046107,22.925028334304287,-29.459835097817233,16.52990008634839,45.989735184165625,-1.2931106842568645,17.40634227154184,31.752035495515855,201.98543025547477,0.9912797868459398
41,29,32944,backward,w,deg,457,457.0,0.0,-2.1563656183192563,9.760365540071833,-9.03482694129267,18.944521796207436,27.979348737500104,-28.40375265905209,19.79053597559843,48.19428863465052,0.3530493680411334,24.6296806832227,25.475694862613693,199.9005007061206,0.9856020218943563
41,30,45291,backward,w,deg,13142,13142.0,0.0,-0.16218767715925253,4.231207401669212,-6.010066528550949,6.621643587597476,12.631710116148426,-34.5505928599496,14.241161247685085,48.79175410763469,-0.5674411346356947,7.354368072338541,34.027880106447356,206.11348067288716,0.9972824778007043
41,31,88569,backward,w,deg,2774,2774.0,0.0,-0.13876317849141628,6.207034310063299,-10.307026484024725,9.964980187678508,20.27200667170323,-12.8374708643166,12.31465597374563,25.15212683806223,-0.03214636299188604,11.317027757433175,13.837044804109041,193.80397317891516,0.9941438882194388
41,32,176015,backward,w,deg,15556,15556.0,0.0,0.09516912437064207,5.442985549033217,-8.524540191765233,7.448874668003754,15.973414859768987,-10.582493133452715,10.951471423296255,21.53396455674897,-0.0699937853227112,14.12942083958422,16.187373781271674,26.084325440316896,0.9954936428767445
41,33,116002,backward,w,deg,11138,11138.0,0.0,1.1967175038052744,4.5617300954274835,-13.130722052077209,4.429017890053589,17.559739942130797,-18.40379226783591,6.909894274476187,25.313686542312098,-1.8537632354416307,14.61849425967674,19.891564475435416,29.21482861905536,0.9968410771486538
41,34,31657,backward,w,deg,487,487.0,0.0,4.348260769153768,13.506297948079851,-28.56114236006575,13.139016172302775,41.700158532368526,-33.80033905175884,14.001610239614138,47.80194929137298,-1.0053767709067434,38.073104976955605,43.3123016686487,205.9380224573635,0.9725726896810857
41,35,51108,backward,w,deg,3933,3933.0,0.0,-1.0813189623034134,4.843287913401353,-6.296663182611178,9.679722318942252,15.97638550155343,-15.064399747018541,13.155987486026874,28.220387233045415,0.706130280979747,12.159852430731313,15.633139302398831,191.69900417573817,0.9964330572499843
41,36,8025,backward,w,deg,2574,2574.0,0.0,-0.4039093551901374,3.263142615124619,-2.3408317859889562,1.6190154682208655,3.959847254209822,-2.927319080817938,36.12741191663696,39.0547309974549,6.260282232026692,2.2588028931569695,36.72332512627753,183.05277815205977,0.9984025303000796
41,37,165874,backward,w,deg,9677,9677.0,0.0,0.3039876043644085,2.2111448491725914,-4.144125724985594,2.5078947051286264,6.65202043011422,-14.422695942300805,8.12257959796733,22.545275540268136,-0.8666226532886361,5.633831092092251,15.64766236642933,28.246500071207297,0.9992559803042925
41,38,35110,backward,w,deg,1219,1219.0,0.0,-0.04137292891209654,3.0502741589093105,-5.3702595464242595,6.104825611881454,11.475085158305713,-16.70671797730199,7.9270026945739005,24.633720671875892,0.0715253535436686,7.487879808044399,16.86575243660019,211.77084851115666,0.998584595317613
41,39,80819,backward,w,deg,7678,7678.0,0.0,-0.15002340676254278,4.139053203068409,-5.2367528600689495,6.387971857585033,11.624724717653983,-31.206979185959455,15.134287297998355,46.34126648395781,-0.7362259942568701,7.626939483716933,33.10896657068372,204.2134132619523,0.9974029549228227
41,40,38011,backward,w,deg,862,862.0,0.0,-4.305984220214739,8.172713579707704,-5.806751117695678,17.336060025048337,23.142811142744016,-24.75150350139046,22.66299114606292,47.41449464745338,1.193672793852857,22.136230733128766,27.46316185414335,197.02749497286328,0.9898793364427074
41,0,144351,forward,eps,km^2/s^2,45608,45605.0,3.0,-0.12593858405449265,0.03961951838749456,-0.1939543085233107,-0.0721405546268824,0.12181375389642829,-0.8238947527169365,-0.05885393284037144,0.765040819876565,-0.7487816793263709,0.08205797524795629,0.711998419441582,nan,nan
41,1,22426,forward,eps,km^2/s^2,4427,4427.0,0.0,-0.9619663796530795,0.031398658475980626,-0.9925613990052178,-0.8992589672193764,0.09330243178584141,-0.9962540956494214,-0.8924148262559856,0.1038392693934358,0.4513150471358939,0.04894984628123398,0.05579398724462481,nan,nan
41,2,24011,forward,eps,km^2/s^2,832,832.0,0.0,-0.24217263084259577,0.014274272894552905,-0.25583410390181216,-0.2102228042471959,0.04561129965461627,-0.25918437217042745,-0.17500889418263887,0.08417547798778857,1.5700148889738679,0.0295815684292303,0.0647954784937873,nan,nan
41,3,167952,forward,eps,km^2/s^2,2141,2139.0,2.0,-0.8371626270170524,0.03951023354591098,-0.9478279568988274,-0.8088356536044261,0.13899230329440126,-1.0181865681958364,-0.8070918060031312,0.21109476219270518,-1.512293493683355,0.10528086970237262,0.17563948099938176,nan,nan
41,4,48782,forward,eps,km^2/s^2,6034,6034.0,0.0,-0.16062823294006473,0.04224950118263714,-0.19739510446334382,-0.12847836028458023,0.06891674417876359,-0.832586808386703,-0.11815122666057387,0.7144355817261291,-11.169608397581484,0.03940302823496418,0.6734760749105467,nan,nan
41,5,51611,forward,eps,km^2/s^2,1255,1249.0,6.0,-0.8332960252701047,0.05975803107356893,-0.9581497902047205,-0.8118812521847811,0.14626853801993933,-1.0205829238249695,-0.10646503045023847,0.914117893374731,4.885985526720443,0.1247929625743819,0.7285644707577438,nan,nan
41,6,35310,forward,eps,km^2/s^2,324,324.0,0.0,-0.8714250083378445,0.026754924991861374,-0.9335713142848197,-0.846843039819025,0.08672827446579467,-0.9607537122324092,-0.8201840618752965,0.14056965035711277,-0.9064927199441193,0.061032328381306546,0.08821472632889626,nan,nan
41,7,28151,forward,eps,km^2/s^2,1477,1477.0,0.0,-0.9030148363670616,0.04952399221839949,-0.9783811929837777,-0.8245002782823249,0.15388091470145282,-1.0206562915180895,-0.8069177135241954,0.21373857799389406,0.04579707823869162,0.08207421502718669,0.11498956467998589,nan,nan
41,8,40315,forward,eps,km^2/s^2,899,899.0,0.0,-0.1785218476090049,0.09491519950663686,-0.21369978418811192,-0.11640134894309924,0.09729843524501268,-0.8406275334571225,-0.04635061993123435,0.7942769135258881,-5.633241832971652,0.05407711910497113,0.6707232321158186,nan,nan
41,9,175498,forward,eps,km^2/s^2,2764,2763.0,1.0,-0.8262094562779607,0.029441630079458228,-0.8602660559391861,-0.8078142222131262,0.05245183372605999,-1.0193955780484538,-0.23456264984899688,0.7848329281994569,0.1233265315774776,0.050815470725542745,0.5748952220670536,nan,nan
41,10,14141,forward,eps,km^2/s^2,8568,8567.0,1.0,-0.9657314956285639,0.033345083106795376,-1.0035593696211902,-0.9032262661800827,0.10033310344110746,-1.0085644016778017,-0.8925753733928354,0.11598902828496627,0.3545034172679333,0.05265333930901582,0.06317495264966588,nan,nan
41,11,210090,forward,eps,km^2/s^2,3039,3034.0,5.0,-0.842538852894667,0.04501667858979625,-0.9725185454105508,-0.8313316581231168,0.141186887287434,-1.0132395932764513,-0.18427403313659396,0.8289655601398573,0.4077368803113643,0.129026869286218,0.6592806132966837,nan,nan
41,12,31323,forward,eps,km^2/s^2,851,851.0,0.0,-0.8954288939831165,0.04071385373140868,-0.9572174541872833,-0.8099841153768449,0.14723333881043843,-1.0160398633790297,-0.8063625597697947,0.2096773036092351,0.1683133397385263,0.09584609696803575,0.11094846079923504,nan,nan
41,13,156237,forward,eps,km^2/s^2,2361,2361.0,0.0,-0.23652356627337168,0.02512107241920158,-0.2584242751031224,-0.18197924523329512,0.07644502986982726,-0.25930099629598635,-0.16545823608675614,0.09384276020923021,0.7100553677516506,0.05285815609328848,0.06937916523982746,nan,nan
41,14,165903,forward,eps,km^2/s^2,8837,8836.0,1.0,-0.9057309535518749,0.021705957953185456,-0.9408683580614862,-0.8824999538259943,0.05836840423549183,-1.0203921731849346,-0.8105872036636582,0.20980496952127636,-0.045603981891974135,0.0477135599693769,0.12569315372521161,nan,nan
41,15,43359,forward,eps,km^2/s^2,2143,2143.0,0.0,-0.8886038261690372,0.023318155700189275,-0.9368206473068067,-0.8599243404442045,0.07689630686260218,-0.9737461236000942,-0.8188663247626564,0.15487979883743774,-0.7316718565457888,0.04838053377314406,0.08391211288232248,nan,nan
41,16,50026,forward,eps,km^2/s^2,1254,1249.0,5.0,-0.16134569165272405,0.049686178493604745,-0.21282652623781265,-0.07683592276837976,0.13599060346943287,-0.9752300854924874,-0.043981079635574294,0.9312490058569131,-5.050785715732075,0.08800368079869107,0.8117578155001396,nan,nan
41,17,61172,forward,eps,km^2/s^2,452,452.0,0.0,-0.910271389424604,0.06573439815663468,-0.9751884636087553,-0.8109268954873673,0.16426156812138804,-1.0201739466041788,-0.1338025914974117,0.8863713551067671,5.789438105154623,0.09725065654832273,0.7719403198058543,nan,nan
41,18,120454,forward,eps,km^2/s^2,12566,12565.0,1.0,-0.9445822716512111,0.024302230210173525,-0.9704331426879392,-0.9013113234074548,0.06912181928048444,-0.9770447708625187,-0.807337823383714,0.16970694747880477,1.0816015610194227,0.037271027002281444,0.12781186189853366,nan,nan
41,19,32794,forward,eps,km^2/s^2,303,303.0,0.0,-0.9454598771627765,0.04443079998439684,-0.9799818397929075,-0.8318420548345526,0.1481397849583549,-0.9808685395888803,-0.8106322875081445,0.17023625208073578,1.2057780424341458,0.11524121444565107,0.13645098177205917,nan,nan
41,20,110558,forward,eps,km^2/s^2,1907,1907.0,0.0,-0.9080969329394599,0.03899268887748219,-0.9750037421832496,-0.8560903830053366,0.11891335917791301,-0.9819994090634598,-0.8147662524990285,0.16723315656443138,-0.12027352625478559,0.06763263912955367,0.10895676963586176,nan,nan
41,21,22279,forward,eps,km^2/s^2,803,802.0,1.0,-0.827519117122878,0.03434715205425845,-0.8820542486831071,-0.8126491183087465,0.06940513037436058,-1.0150456054286332,-0.20902786019331088,0.8060177452353223,6.104035322973223,0.0566071474752081,0.6165016620608201,nan,nan
41,22,65627,forward,eps,km^2/s^2,743,743.0,0.0,-0.24985999473620457,0.017420377548410696,-0.2566747994747101,-0.20146768034335594,0.055207119131354176,-0.2579895405119418,-0.1829473033523702,0.07504223715957159,1.3682410777226592,0.04431811887640003,0.06283849586738577,nan,nan
41,23,153188,forward,eps,km^2/s^2,3577,3570.0,7.0,-0.16815859687459173,0.03688367796055258,-0.20596062389438494,-0.10689642570618683,0.0990641981881981,-0.2576181628370806,-0.05348394015975977,0.20413422267732084,0.06326617711235384,0.05353163431072178,0.10528834626807948,nan,nan
41,24,69136,forward,eps,km^2/s^2,1600,1599.0,1.0,-0.1449940682252262,0.06336124478436926,-0.20683015234647703,-0.12202429423505243,0.0848058581114246,-0.834138798996539,-0.11547238202482468,0.7186664169717143,-8.817243036263932,0.06386012002513902,0.691168766675201,nan,nan
41,25,167830,forward,eps,km^2/s^2,1814,1811.0,3.0,-0.8878858260089338,0.14575357579102907,-0.9498363751259056,-0.8070290166280268,0.14280735849787873,-1.0084233505739606,-0.046719852405381124,0.9617034981685795,4.367336765800423,0.10252955411634279,0.8209689523652086,nan,nan
41,26,148588,forward,eps,km^2/s^2,7200,7195.0,5.0,-0.16724841886106911,0.03605885749546007,-0.21011024426750155,-0.11182833653240098,0.09828190773510057,-0.25806587489234245,-0.04380055913553149,0.21426531575681096,0.19419066763361634,0.052776631186067624,0.11995154529561769,nan,nan
41,27,167957,forward,eps,km^2/s^2,2,2.0,0.0,-0.9024841880166579,0.06868615515510096,-0.9643017276562487,-0.840666648377067,0.12363507927918171,-0.9711703431717588,-0.8337980328615568,0.13737231031020192,nan,0.13050369479469182,0.13737231031020192,nan,nan
41,28,14797,forward,eps,km^2/s^2,846,839.0,7.0,-0.821921124584813,0.041892202745863125,-0.8775246666273783,-0.812424949498101,0.06509971712927731,-0.9840399596112792,-0.05015293496594231,0.9338870246453369,10.062179074572647,0.05956841424840648,0.769878890866142,nan,nan
41,29,32944,forward,eps,km^2/s^2,457,456.0,1.0,-0.8592419849876695,0.04567960971029577,-0.9674681899902504,-0.8146737979677977,0.1527943920224527,-1.0194952570673936,-0.8067823050624554,0.21271295200493823,-0.7395408384518196,0.12343429715818144,0.17546136423532466,nan,nan
41,30,45291,forward,eps,km^2/s^2,13142,13141.0,1.0,-0.21838306390114282,0.028992381600712824,-0.24655219539650708,-0.1573102677834296,0.08924192761307748,-0.25941407703174046,-0.1402799421134553,0.11913413491828517,0.5799043574367586,0.06092151175811866,0.07795183742809297,nan,nan
41,31,88569,forward,eps,km^2/s^2,2774,2771.0,3.0,-0.8689729169063171,0.02292879471395198,-0.9187723548995904,-0.8484940943658458,0.07027826053374464,-0.9773670027850303,-0.8120495647689636,0.1653174380160667,-0.899876998788067,0.04915600645327073,0.10570808932144948,nan,nan
41,32,176015,forward,eps,km^2/s^2,15556,15554.0,2.0,-0.8675014286989182,0.02217224584476425,-0.9064402306325252,-0.8401969356891187,0.06624329494340653,-1.0169163672704298,-0.13207863108977524,0.8848377361806545,1.4952533017128529,0.0372604402636439,0.7377943151476912,nan,nan
41,33,116002,forward,eps,km^2/s^2,11138,11132.0,6.0,-0.8729819818123002,0.02669910044566078,-0.928449621542684,-0.8413861154733212,0.08706350606936275,-1.0195465359042162,-0.8068933437207682,0.21265319218344803,-0.6725755770901571,0.05911456037258213,0.14994162665586863,nan,nan
41,34,31657,forward,eps,km^2/s^2,487,486.0,1.0,-0.17218974925484554,0.06389146792417685,-0.2157642757376975,-0.07116023470337737,0.14460404103432012,-0.8856622325304457,-0.04389160369217371,0.841770628838272,-5.01510271556719,0.11351416442646334,0.7054681155320256,nan,nan
41,35,51108,forward,eps,km^2/s^2,3933,3933.0,0.0,-0.9545912652659881,0.02914873993684623,-0.9851443814210559,-0.9042668947005487,0.08087748672050721,-0.988444367298666,-0.8086422741529731,0.17980209314569295,0.9780703748248615,0.044084659880281915,0.13970928042785746,nan,nan
41,36,8025,forward,eps,km^2/s^2,2574,2574.0,0.0,-0.8813714957565306,0.01546580350137129,-0.8977660822885936,-0.8644433077991732,0.03332277448942034,-0.9814862737065534,-0.8161631434959516,0.16532313021060174,-1.8956731574692856,0.019626317100795387,0.10171824511715155,nan,nan
41,37,165874,forward,eps,km^2/s^2,9677,9677.0,0.0,-0.9376197753570327,0.017349265550090875,-0.9572387859073012,-0.90920668674962,0.04803209915768114,-1.020820045950525,-0.8147709750314187,0.2060490709191063,0.9326595063501364,0.026856631785472342,0.11961097978502,nan,nan
41,38,35110,forward,eps,km^2/s^2,1219,1219.0,0.0,-0.09248449614784027,0.10277017928168436,-0.17388295608915927,-0.04618860304284249,0.12769435304631677,-0.8794541554444945,-0.04453695843987415,0.8349171970046203,-5.9467370716106736,0.09788239133823691,0.8034535906935721,nan,nan
41,39,80819,forward,eps,km^2/s^2,7678,7677.0,1.0,-0.21777797834959,0.01433581992390968,-0.23331493600668038,-0.19550736280610867,0.03780757320057171,-0.8671964417434563,-0.17683244442931279,0.6903639973141436,-12.045049614507022,0.025724797602756783,0.6476823690976703,nan,nan
41,40,38011,forward,eps,km^2/s^2,862,860.0,2.0,-0.9262943407791786,0.04989945657885332,-0.9770139101391266,-0.8322939873893251,0.1447199227498015,-1.020440955040417,-0.8064880705613207,0.21395288447909633,0.47913840020334253,0.10391183528509632,0.12971775211310077,nan,nan
41,0,144351,forward,e,-,45608,45605.0,3.0,0.6988896243862843,0.09502861921724483,0.531034012030927,0.8280014146451101,0.2969674026141831,0.19467602866574538,0.8597500074356198,0.6650739787698744,-0.21952078627643495,0.20178680797721382,0.5381447913423956,nan,nan
41,1,22426,forward,e,-,4427,4427.0,0.0,0.4883888600302319,0.05005578580223,0.3843926418716121,0.5337519975410757,0.14935935566946362,0.3717351302901192,0.5389969430736717,0.16726181278355257,-0.5278007615632662,0.08254258332720449,0.09520009490869741,nan,nan
41,2,24011,forward,e,-,832,832.0,0.0,0.4021778466785164,0.03899738050431923,0.36400511063832963,0.4898321758546175,0.1258270652162879,0.3535949382275066,0.5792593628985503,0.2256644246710437,1.4632869579702774,0.08114044036996361,0.17056762741389636,nan,nan
41,3,167952,forward,e,-,2141,2139.0,2.0,0.25655818386280593,0.08168802056222092,0.17680840537084855,0.4669544285409569,0.2901460231701084,0.17108557576733655,0.56932910221214,0.39824352644480343,1.06084222905511,0.1998260431646131,0.30220071683579613,nan,nan
41,4,48782,forward,e,-,6034,6034.0,0.0,0.6140162301718854,0.05941359041117827,0.5216550519867923,0.6925939163127263,0.17093886432593397,0.1874282338484579,0.7175698908386217,0.5301416569901638,-1.0063627837140472,0.09764554156077702,0.4302886586205973,nan,nan
41,5,51611,forward,e,-,1255,1249.0,6.0,0.24781668266964638,0.0886185630295996,0.1905357104228532,0.48536219811704234,0.2948264876941892,0.17001816509090778,0.745750992301869,0.5757328272109612,1.7270959260853902,0.2334239696603464,0.4938127638451731,nan,nan
41,6,35310,forward,e,-,324,324.0,0.0,0.3318006548318887,0.05104339490953096,0.2791253099923587,0.444111695007954,0.16498638501559532,0.21320057943695322,0.48692515219686106,0.2737245727599078,0.6619028880315531,0.11319679251494268,0.15288950202461238,nan,nan
41,7,28151,forward,e,-,1477,1477.0,0.0,0.3918585837719652,0.09240155806571076,0.2247931501665564,0.5131990310702546,0.2884058809036981,0.1708617994619956,0.572716237374,0.4018544379120044,-0.33529578554249323,0.1725938169810658,0.2260475725359568,nan,nan
41,8,40315,forward,e,-,899,899.0,0.0,0.5691928782033259,0.10061656712075931,0.4801499328917599,0.7217778441701164,0.24162791127835648,0.17015982740479887,0.8895796999805268,0.7194198725757279,-0.597142518959752,0.1320393929637801,0.42098067111813553,nan,nan
41,9,175498,forward,e,-,2764,2763.0,1.0,0.22985124070611046,0.05849866115547985,0.17351642950916654,0.30985320475533545,0.1363367752461689,0.17158521713978328,0.5709867870567714,0.39940156991698816,2.253268253527236,0.1301129144863056,0.39124649678774154,nan,nan
41,10,14141,forward,e,-,8568,8567.0,1.0,0.4941439959565071,0.05229977899584445,0.39125536077235973,0.5492703380693111,0.1580149772969514,0.37194058979903455,0.5562090261526239,0.18426843635358936,-0.4421319711539917,0.08739232214584203,0.1067070931191672,nan,nan
41,11,210090,forward,e,-,3039,3034.0,5.0,0.27003212373290847,0.07773363735022404,0.24222410057540875,0.5046093546002076,0.26238525402479884,0.17007196115669213,0.5625278524918813,0.3924558913351892,1.90679735942397,0.23210297536302513,0.29002147325469885,nan,nan
41,12,31323,forward,e,-,851,851.0,0.0,0.377590900674111,0.07978381591762856,0.18068016622144922,0.481183681205806,0.3005035149843568,0.16857236846964585,0.5665258078421068,0.39795343937246097,-0.6020181984199895,0.21447267574716983,0.2265804734989732,nan,nan
41,13,156237,forward,e,-,2361,2361.0,0.0,0.4179392902294031,0.06727647531382018,0.35604400604939235,0.5604449170538472,0.2044009110044549,0.3534727015855489,0.6017595388155494,0.24828683723000056,0.6492003623082166,0.13820391692045858,0.17951853868216078,nan,nan
41,14,165903,forward,e,-,8837,8836.0,1.0,0.3966773858316319,0.03889007296979177,0.35395697607230575,0.45580887012755733,0.10185189405525158,0.18348856211826728,0.5723949176684211,0.38890635555015385,-0.56685625111702,0.08147484424501619,0.19557835021416436,nan,nan
41,15,43359,forward,e,-,2143,2143.0,0.0,0.36488079882100194,0.04276363490206886,0.3076469278355708,0.44883231247168215,0.14118538463611136,0.20940867877977737,0.506451343596895,0.29704266481711766,0.4787707231910545,0.08393297331732312,0.15780317338259203,nan,nan
41,16,50026,forward,e,-,1254,1249.0,5.0,0.6127007227601774,0.098575962095996,0.482363630826774,0.8169546744252473,0.33459104359847325,0.1988113310901953,0.8952125964134294,0.6964012653232341,0.5327598879916435,0.21081298180985594,0.4089440701487883,nan,nan
41,17,61172,forward,e,-,452,452.0,0.0,0.404758512814655,0.08683670949390647,0.18663468316530052,0.5086833634125362,0.32204868024723565,0.16949320295763892,0.679737315913825,0.5102441129561861,-0.7152990692290573,0.2106333015450739,0.28340752185608753,nan,nan
41,18,120454,forward,e,-,12566,12565.0,1.0,0.46152531553136084,0.04123365270877197,0.38857451800086995,0.5014432578090413,0.11286873980817136,0.17246289018799887,0.5112590529177172,0.33879616272971835,-1.5684140805201112,0.06003381420866309,0.2738538911800603,nan,nan
41,19,32794,forward,e,-,303,303.0,0.0,0.46274274417371924,0.08098201215091516,0.24382407674433046,0.51554204392833,0.27171796718399954,0.1816681563092763,0.5168726041016974,0.33520444779242115,-1.4518971453156997,0.2214908260200855,0.28364674645513965,nan,nan
41,20,110558,forward,e,-,1907,1907.0,0.0,0.4004260217271832,0.06951448854489316,0.2996416645657866,0.5082600831683903,0.20861841860260372,0.19714938148263436,0.5185090086168794,0.32135962713424504,-0.07876177065962284,0.1275758746286486,0.23006815771180086,nan,nan
41,21,22279,forward,e,-,803,802.0,1.0,0.23247121498981863,0.05680848175392795,0.18965609742189463,0.35367551308498774,0.1640194156630931,0.17160304738794754,0.5650182522356815,0.39341520484773396,2.3107870857301642,0.12633586109700923,0.3376786002477029,nan,nan
41,22,65627,forward,e,-,743,743.0,0.0,0.38147599099438184,0.04775737272445198,0.3612427846754886,0.5124757670900795,0.15123298241459088,0.35737832241848155,0.559433957908004,0.20205563548952243,1.2973113906113445,0.1190185056766837,0.16597669649460828,nan,nan
41,23,153188,forward,e,-,3577,3570.0,7.0,0.5955701593964329,0.09158155484268939,0.5001977477004983,0.7447191535272565,0.2445214058267582,0.3583023129665651,0.8726010775688735,0.5142987646023084,0.010356778480696648,0.13107742675738895,0.2604604577841343,nan,nan
41,24,69136,forward,e,-,1600,1599.0,1.0,0.6524344725966814,0.07302753542035892,0.497177344417147,0.7081937979075369,0.2110164534903899,0.1759040453018719,0.7240520802989122,0.5481480349970403,-2.115413849804483,0.16019595373555132,0.48146925285082653,nan,nan
41,25,167830,forward,e,-,1814,1811.0,3.0,0.37096161853147464,0.10390748705286723,0.1777523746778785,0.5002678250048284,0.32251545032694984,0.1698141830836259,0.8887012718543874,0.7188870887707615,0.5794288604747045,0.17593384681396962,0.5643672936635287,nan,nan
41,26,148588,forward,e,-,7200,7195.0,5.0,0.5977640207037352,0.0893406744220681,0.4894011950908165,0.7328600729970048,0.24345887790618836,0.3570046691330681,0.8956399397956282,0.5386352706625601,0.15816659092720595,0.1284683743677026,0.2892087486538234,nan,nan
41,27,167957,forward,e,-,2,2.0,0.0,0.3759789030646464,0.12650002244080666,0.26212888286792035,0.48982892326137234,0.22770004039345199,0.24947888062383972,0.502478925505453,0.2530000448816133,nan,0.24035004263753265,0.2530000448816133,nan,nan
41,28,14797,forward,e,-,846,839.0,7.0,0.21743379701118493,0.058638271672575334,0.18824361967623884,0.3487920488625852,0.16054842918634635,0.17222573043226008,0.8805307353897781,0.708305004957518,3.8229324679034784,0.13684845912906923,0.6685871456562622,nan,nan
41,29,32944,forward,e,-,457,456.0,1.0,0.30636503122286085,0.08895590361569931,0.19390642014689285,0.497076280703322,0.30316986055642914,0.16987312589813894,0.5711935451900068,0.4013204192918678,0.40386352432654504,0.22444930557378603,0.29856657006047077,nan,nan
41,30,45291,forward,e,-,13142,13141.0,1.0,0.46753124035706445,0.07520045376582511,0.39062541571735093,0.6220876944172231,0.23146227869987218,0.35321325181105695,0.6645258333710417,0.3113125815599847,0.5251241874403686,0.15473585065141637,0.1971739896052349,nan,nan
41,31,88569,forward,e,-,2774,2771.0,3.0,0.3267369558901328,0.04459729402279769,0.2827418352260127,0.4188266291989967,0.136084793972984,0.1885850058045523,0.511710459113614,0.3231254533090617,0.6294698184917459,0.09171593299017666,0.1795377612184989,nan,nan
41,32,176015,forward,e,-,15556,15554.0,2.0,0.324418059018108,0.042396865681543446,0.2640813862880494,0.3980973317754729,0.13401594548742352,0.17006665311222163,0.6839207812347965,0.5138541281225748,0.6193223246845581,0.07535857326726085,0.35477363899072195,nan,nan
41,33,116002,forward,e,-,11138,11132.0,6.0,0.3352593247546545,0.05177755954574343,0.26666311349005895,0.435360883446419,0.16869776995636004,0.17073231361406763,0.5711940403640638,0.40046172674999625,0.38750749132248713,0.1103648653257287,0.24278481958449355,nan,nan
41,34,31657,forward,e,-,487,486.0,1.0,0.5854367702531582,0.11453069819070331,0.4745995630834273,0.8303693748613235,0.35576981177789613,0.2587020329784887,0.8954250633070769,0.6367230303285882,0.5006364593050714,0.2727732850623348,0.32999076211668943,nan,nan
41,35,51108,forward,e,-,3933,3933.0,0.0,0.47701882576546706,0.048495984607699785,0.39343852042235666,0.5230797279921071,0.12964120756975045,0.1754842183394262,0.5278521996736902,0.35236798133426406,-1.4095400677775063,0.0738069618790233,0.2917612639619538,nan,nan
41,36,8025,forward,e,-,2574,2574.0,0.0,0.3508005438340048,0.028913628810020593,0.3168245771093206,0.3812912774164275,0.06446670030710688,0.2014168178658124,0.5177719141701281,0.31635509630431574,1.1657685619244968,0.0382218974115764,0.17008354286144628,nan,nan
41,37,165874,forward,e,-,9677,9677.0,0.0,0.45047432447664765,0.029325347089423286,0.4027046909395364,0.4814712659593021,0.0787665750197657,0.1969318777373442,0.572955757279698,0.37602387954235383,-1.6568228516085302,0.045434248439512166,0.24826417094660916,nan,nan
41,38,35110,forward,e,-,1219,1219.0,0.0,0.7795747916473716,0.11595839937826187,0.5819973541234963,0.8899428301692349,0.30794547604573863,0.1705568463462666,0.8938855077288688,0.7233286613826022,-1.5350662534777424,0.23694462566820476,0.6483851334454347,nan,nan
41,39,80819,forward,e,-,7678,7677.0,1.0,0.46913238199702784,0.032391623202211374,0.4273737230232661,0.5271454498177363,0.09977172679447016,0.32426264342036515,0.5738339932516346,0.2495713498312695,0.0790263360996863,0.06672543667595637,0.14075854219824818,nan,nan
41,40,38011,forward,e,-,862,860.0,2.0,0.43158589558027893,0.09311088180133355,0.24507905392789459,0.5112372132341426,0.26615815930624803,0.1690549787012258,0.5724196200563394,0.40336464135511363,-0.7762102917035832,0.20281845708450003,0.27884253231116896,nan,nan
41,0,144351,forward,w,deg,45608,45605.0,3.0,-3.314974830456663,20.49254293615176,-21.50161482174743,34.85200658535387,56.3536214071013,-177.73944929144454,176.88940744864124,354.6288567400858,-0.04768249762695218,56.274625070103234,179.2103103411779,173.92535608431993,0.943630754204389
41,1,22426,forward,w,deg,4427,4427.0,0.0,-1.8724062242419564,11.632151083294984,-12.572738921261982,16.06077193307201,28.63351085433399,-13.439345373949493,48.539531084583246,61.97887645853274,1.76155399815162,21.48834539351285,53.967104545024085,303.2194886509174,0.9798879397342108
41,2,24011,forward,w,deg,832,832.0,0.0,-5.997707802722033,24.048508457290513,-25.218624053863724,46.40325153121282,71.62187558507654,-26.168446980573606,168.40757672480748,194.5760237053811,1.2944214523906599,71.37373290174796,166.62194190465738,207.08299803291226,0.9185954447267448
41,3,167952,forward,w,deg,2141,2139.0,2.0,-2.4721736186770613,34.26725556576228,-37.29217218617591,70.19473020336845,107.48690238954435,-43.300751355540626,177.6700265027756,220.97077785831624,1.2142702192865034,63.98307541534446,152.33981469827233,70.455211737501,0.8451356480208115
41,4,48782,forward,w,deg,6034,6034.0,0.0,-5.949756362774849,23.286958020808452,-17.89824712715974,42.64376094824685,60.542008075406585,-179.7208220111083,179.5234910224026,359.24431303351093,0.8716870099683557,56.847430292702114,178.42188458282533,180.46359688880406,0.9314044290658267
41,5,51611,forward,w,deg,1255,1249.0,6.0,-6.139708377371164,34.85808668677914,-38.441661943986176,67.19954222021848,105.64120416420465,-170.57841237045983,157.33953973809975,327.9179521085596,0.5347274131097686,56.6345923837785,177.70543849837873,104.52645727413763,0.838335548263988
41,6,35310,forward,w,deg,324,324.0,0.0,-4.087564635736456,22.22569879537791,-26.02261035619072,38.826581547533344,64.84919190372406,-30.6597563355117,160.75919622873357,191.41895256424527,1.7239118753603575,50.706775959213466,172.63939064041375,15.827076179816508,0.9328579759284884
41,7,28151,forward,w,deg,1477,1477.0,0.0,-4.895556701802889,58.60922674911812,-31.486954805342283,160.6778345669577,192.1647893723,-179.7714650675191,178.88177921269335,358.65324428021245,1.2212254131197446,167.177971312672,178.66319548987286,347.82426779197675,0.66636302344377
41,8,40315,forward,w,deg,899,899.0,0.0,-4.933207685408661,28.1515147429925,-24.38897231575968,45.62168377905572,70.0106560948154,-159.02571505114634,174.61851280204655,333.6442278531929,1.1830607736460215,66.60618839227214,173.45677403172152,313.11420907089297,0.9028530551185561
41,9,175498,forward,w,deg,2764,2763.0,1.0,-3.5944682931007605,24.67452764419724,-17.24122840571713,31.329608686086043,48.57083709180317,-175.27349709810318,178.69092223404033,353.9644193321435,0.026198980271566627,36.34183212317402,178.5619104093364,16.74442159213252,0.933034492491095
41,10,14141,forward,w,deg,8568,8567.0,1.0,-0.6075251527780097,6.617233264762491,-9.67915366307476,11.814378555187034,21.493532218261794,-11.676619213085132,21.246664784252403,32.923283997337535,0.44763060550935513,15.987265394311294,25.419551623376663,301.87262165576,0.993350226880531
41,11,210090,forward,w,deg,3039,3034.0,5.0,-8.08964029337399,33.787273620873144,-23.25238760859139,85.42317609494633,108.67556370353772,-152.168256997453,131.8757136552802,284.0439706527332,1.6115300838574336,102.34252630673258,148.72392196383436,61.18524415058006,0.8520949874679016
41,12,31323,forward,w,deg,851,851.0,0.0,-2.2349479340870744,39.333327631605904,-50.62873096102709,32.04450110648432,82.6732320675114,-177.25461284689175,170.89015008694753,348.1447629338393,-1.3690070011365751,116.82684425233984,176.19880172374576,41.64679764241961,0.857061889804625
41,13,156237,forward,w,deg,2361,2361.0,0.0,-6.734959828506504,38.9985181254414,-36.53970493423665,81.00858314130232,117.54828807553898,-40.909733831836206,165.2661056758625,206.1758395076987,1.4880691208381822,103.6489007802029,179.47530229569247,237.76758563510018,0.8113997171687033
41,14,165903,forward,w,deg,8837,8836.0,1.0,-8.61891009059346,26.58552658466905,-18.163726297685088,40.9594039307784,59.12313022846349,-179.67362761369975,168.34132282892108,348.01495044262083,0.9192662795946566,71.7601620447294,179.95932891494658,8.96353182326792,0.9101347356933386
41,15,43359,forward,w,deg,2143,2143.0,0.0,-4.360671019897893,13.11760268305899,-9.090810046755422,25.422782268206976,34.513592314962395,-133.2530852705022,59.499330849159776,192.75241611966197,-0.6692501240304145,30.92187131481589,128.67070258822565,300.0784485165981,0.9759421870971978
41,16,50026,forward,w,deg,1254,1249.0,5.0,-7.597829758861849,41.37600932951236,-30.738452696899323,75.17296862194722,105.91142131884655,-178.76199123291275,179.93098756762134,358.6929788005341,1.0458022500936643,103.46675101676738,178.6145320074565,258.73672555132976,0.8137453535615369
41,17,61172,forward,w,deg,452,452.0,0.0,-1.2133744623838112,36.36320735682666,-56.05312756444566,41.976030745949146,98.0291583103948,-177.992740530476,175.14265930511505,353.13539983559104,-0.23124112074909245,73.85859235095859,175.8269114579457,62.34258902474427,0.8675403037807853
41,18,120454,forward,w,deg,12566,12565.0,1.0,-3.091380718634383,21.07246550978766,-19.140606336760946,34.36887643519312,53.50948277195407,-174.6097327652506,176.40664692062035,351.01637968587096,1.9839466794634388,46.828938377255035,178.29126688496774,11.729689471883065,0.9449787436928576
41,19,32794,forward,w,deg,303,303.0,0.0,-7.9103173812785315,48.018408684897935,-31.46504376694653,119.96566320447577,151.4307069714223,-150.59959155260304,133.39358399378142,283.99317554638446,1.3925292578569024,138.82731275349317,152.2552335427988,34.54778513897183,0.7331263925607381
41,20,110558,forward,w,deg,1907,1907.0,0.0,0.4018740054194154,23.16668993301438,-38.9936766099362,29.349512770735476,68.34318938067167,-179.24196293030334,158.70836450441095,337.95032743471427,-1.5211062428309994,40.71559381477439,179.7721113713917,331.25296148709157,0.9322678258974046
41,21,22279,forward,w,deg,803,802.0,1.0,-3.1680594837583556,23.622706266608624,-22.268637866680592,54.78068498843688,77.04932285511748,-179.90387888514124,129.78049229081444,309.6843711759557,1.5989077132781093,61.95092017661018,173.14450729292082,158.57972816899675,0.9318394595500048
41,22,65627,forward,w,deg,743,743.0,0.0,-2.90866823937597,20.620002495134248,-27.14135827644942,43.91465672242712,71.05601499887653,-31.02733881197031,94.83586909869825,125.86320791066856,0.8725683369366498,39.287202409918486,90.20841478618968,214.37783058151578,0.9377588747421606
41,23,153188,forward,w,deg,3577,3570.0,7.0,-4.635316188594501,50.89544909551045,-37.36885709232815,129.80731827305834,167.17617536538648,-178.78757139370566,179.65779031948324,358.4453617131889,1.0370374754334706,154.57519615533474,179.99702860138595,247.84727280727125,0.7351907914587961
41,24,69136,forward,w,deg,1600,1599.0,1.0,-4.701532345226269,29.008194876715034,-18.78921931449819,41.76651969469541,60.5557390091936,-172.38023453598302,175.5033851779806,347.88361971396364,1.3059741495715569,60.800885933767525,179.78598121990592,200.9923266446106,0.908689074471972
41,25,167830,forward,w,deg,1814,1811.0,3.0,-4.277900236965394,31.058526373590475,-46.624224529264254,53.02196761283602,99.64619214210028,-177.377192455893,162.49921140489187,339.8764038607849,0.1998482082107874,73.4126507375817,174.81345573515637,132.1946636989923,0.877909153183465
41,26,148588,forward,w,deg,7200,7195.0,5.0,-4.857041336128816,33.22278814124395,-27.20942433450914,63.48139010270802,90.69081443721716,-177.23273357868678,178.8386078131217,356.07134139180846,1.441500217924399,99.3001155043852,178.99217234988635,293.56872682115727,0.8695497403706122
41,27,167957,forward,w,deg,2,2.0,0.0,1.4210854715202004e-14,32.65350219809896,-29.388151978289052,29.388151978289077,58.77630395657813,-32.65350219809895,32.65350219809898,65.30700439619793,nan,62.04165417638803,65.30700439619793,133.3077657150381,0.841948931277264
41,28,14797,forward,w,deg,846,839.0,7.0,-2.850859082098907,20.02679296558466,-26.68067537633497,31.381566261800288,58.06224163813526,-159.20986992475846,119.62085457737987,278.8307245021383,1.3575437573694829,41.96126273882988,150.17185190583447,163.9729515961714,0.9466900731201977
41,29,32944,forward,w,deg,457,456.0,1.0,-7.734521033809244,44.24758407548027,-44.40208921050764,87.53063968562353,131.93272889613115,-171.63717475962414,163.7321999321017,335.36937469172585,0.6617283941450176,129.66218840540463,175.2095940814753,88.0872944415276,0.7513811103063258
41,30,45291,forward,w,deg,13142,13141.0,1.0,-5.72138861769966,24.570662711770368,-27.587833384594717,43.93025394363522,71.51808732822994,-178.0648009636464,178.1690553502374,356.2338563138838,0.7900500544769679,68.8100036862628,177.89762301533187,191.70472714924844,0.9156939077027111
41,31,88569,forward,w,deg,2774,2771.0,3.0,-2.780591001818891,17.0391868631522,-15.648203874865487,30.878434680832925,46.52663855569841,-150.45032676346037,118.96507031204732,269.4153970755077,-1.141739925595495,36.97160280377176,145.16837505215923,312.989750802454,0.9619148659614549
41,32,176015,forward,w,deg,15556,15554.0,2.0,-2.089332825401968,19.786494202989704,-18.48333883814401,35.66735702238364,54.15069586052765,-179.84302366963936,178.12325704661293,357.9662807162523,1.7403161586616338,53.75677741691947,179.85458155412624,15.354937832842754,0.9506725288101529
41,33,116002,forward,w,deg,11138,11132.0,6.0,-4.613780732455908,28.566146788590355,-23.572575143867518,37.01292537061625,60.58550051448377,-177.52198173978127,179.35306275019605,356.8750444899773,-1.9569991160146187,61.12264352529956,175.83915535249412,16.412152033882627,0.9070291031206459
41,34,31657,forward,w,deg,487,486.0,1.0,-5.400863483113767,45.80754623067679,-31.15625283562317,130.7605379788054,161.91679081442857,-179.61364415496303,175.4218191071459,355.0354632621089,1.5115394205883783,156.78300572340936,179.39593430401925,279.0119453816534,0.7822751509522835
41,35,51108,forward,w,deg,3933,3933.0,0.0,-0.9380979301866432,20.78793718694362,-19.13136810675902,21.940369043685926,41.071737150444946,-129.5490856502629,158.29590094295656,287.84498659321946,3.159612495030369,28.666653193545304,164.8890302174724,314.6085230530203,0.9485681731307526
41,36,8025,forward,w,deg,2574,2574.0,0.0,-1.7911501157853706,8.736497276021845,-4.216404517175337,5.985282862643728,10.201687379819065,-147.14214706825,176.97330456915495,324.11545163740493,4.658786500858825,9.503099971356956,179.52122167313627,293.7555136526964,0.9904707288434209
41,37,165874,forward,w,deg,9677,9677.0,0.0,-2.100960017713504,16.918228885832672,-17.09956898189364,22.032322629573137,39.13189161146678,-179.59957856359028,179.64220072712237,359.24177929071266,1.9277078359153526,30.22497494503216,178.52591409025746,8.533519855491674,0.9629185186870531
41,38,35110,forward,w,deg,1219,1219.0,0.0,-3.2225414077423125,40.43641828302186,-25.24735181993885,71.02568375036041,96.27303557029927,-176.67635324919365,179.47719925348042,356.1535525026741,1.0880889203635207,132.92578909446257,179.41626656295256,268.80797402387407,0.8372798763087909
41,39,80819,forward,w,deg,7678,7677.0,1.0,-2.9890281200165987,23.33996872351105,-28.618931644000845,41.05238253915114,69.67131418315199,-173.52089899990597,171.33049766468196,344.8513966645879,0.8913506385287031,42.75918635462808,176.24685940207155,195.1992574152603,0.9232367340441908
41,40,38011,forward,w,deg,862,860.0,2.0,1.6935106079714615,41.35836220462558,-66.46509675584268,53.8303686157099,120.29546537155258,-173.26643826870895,162.78236501532945,336.0488032840384,-0.6455942451421085,71.41815971607768,176.14020080534806,43.112476948941826,0.799120703030896
45,0,144351,backward,eps,km^2/s^2,45608,45608.0,0.0,-0.12387034721713358,0.03767627801800432,-0.18991535896602477,-0.07170545953847156,0.11820989942755321,-0.21020590239370707,-0.058817793307683885,0.15138810908602318,-0.1737455767185646,0.07181291788812363,0.09210346131580593,nan,nan
45,1,23915,backward,eps,km^2/s^2,4561,4561.0,0.0,-0.8798153061136286,0.022911951184100134,-0.9237933339020888,-0.8512777642475431,0.07251556965454575,-0.9342678856785827,-0.8457326256389384,0.08853526003964429,-0.36060468833361836,0.03951065850823676,0.049985210284730575,nan,nan
45,2,23568,backward,eps,km^2/s^2,825,825.0,0.0,-0.8145436515815101,0.00697363023371131,-0.8284226045780881,-0.8074966780857045,0.020925926492383673,-0.8320205096332347,-0.8071063254947568,0.0249141841384779,-0.4825573466192416,0.014200780326668693,0.017798685381815282,nan,nan
45,3,167952,backward,eps,km^2/s^2,2141,2141.0,0.0,-0.24175505763839467,0.013132353943495288,-0.25711880873823667,-0.21343775130922427,0.043681057429012404,-0.2583797228347101,-0.1902849437085592,0.06809477912615092,0.6550187071537127,0.030406309361922568,0.05355911696258764,nan,nan
45,4,48782,backward,eps,km^2/s^2,6026,6026.0,0.0,-0.9316720658906028,0.01870542907033416,-0.9598947963745659,-0.9020649314229675,0.057829864951598364,-0.9622160199056999,-0.8951840274175241,0.06703199248817582,0.05314769766802044,0.03217824248393045,0.03441789054014743,nan,nan
45,5,51611,backward,eps,km^2/s^2,1255,1255.0,0.0,-0.0664964012564061,0.03407702478833078,-0.13873148881868672,-0.04534386188006959,0.09338762693861713,-0.18222249655723388,-0.043834796693581146,0.13838769986365274,-0.7525818162414308,0.05036562909803952,0.087573094879705,nan,nan
45,6,34556,backward,eps,km^2/s^2,417,417.0,0.0,-0.9315394289062782,0.03870246627451549,-0.969357299634315,-0.8449468091924291,0.1244104904418859,-0.9771211451188989,-0.8283933776437372,0.1487277674751617,0.6259197585672461,0.07878594739094721,0.09533937893963917,nan,nan
45,7,28151,backward,eps,km^2/s^2,1230,1230.0,0.0,-0.8788458357043087,0.02070885179972244,-0.917398395614554,-0.8494175726120677,0.06798082300248631,-0.9302392698751958,-0.8413565178042418,0.08888275207095397,-0.3131520478794812,0.03730471310537854,0.046161712102905095,nan,nan
45,8,40083,backward,eps,km^2/s^2,898,898.0,0.0,-0.9268710312114541,0.03586883676337348,-0.9757690158703932,-0.8690902848484409,0.10667873102195236,-1.0205536257856416,-0.8333101626123407,0.18724346317330087,0.09431598192417913,0.06653223665010852,0.10134936315196508,nan,nan
45,9,175498,backward,eps,km^2/s^2,2764,2764.0,0.0,-0.2503069458504981,0.011612115980747769,-0.25653768089130796,-0.22915470618329742,0.027382974708010543,-0.259539648287166,-0.1678097530070919,0.09172989528007414,2.4848546355264385,0.01658508799692242,0.07793004117312796,nan,nan
45,10,9905,backward,eps,km^2/s^2,4957,4957.0,0.0,-0.8832227250641682,0.017080372007871183,-0.9127815969721756,-0.8588315191713098,0.0539500778008658,-0.9203782000921739,-0.8266489635356632,0.09372923655651066,-0.12434939729050778,0.03258695232227608,0.05382898216595955,nan,nan
45,11,210090,backward,eps,km^2/s^2,3039,3039.0,0.0,-0.1646104373750661,0.037920644402079935,-0.21612255136612357,-0.09334797204684749,0.12277457931927609,-0.23082458601177636,-0.06893817448948147,0.16188641152229488,0.324828647373373,0.0666912056356948,0.08955369186435536,nan,nan
45,12,22717,backward,eps,km^2/s^2,781,781.0,0.0,-0.8279414895075432,0.004936603155421773,-0.8335481422436675,-0.8237784725167848,0.009769669726882646,-0.930119919795011,-0.8217358294589623,0.10838409033604868,-11.636592902711646,0.005715153072200718,0.102074513640795,nan,nan
45,13,156237,backward,eps,km^2/s^2,2361,2361.0,0.0,-0.17730653953519881,0.0335371062026476,-0.20468998622606338,-0.10777669200439632,0.09691329422166706,-0.23396340960576145,-0.1051201269881269,0.12884328261763456,0.4954277831437968,0.06301239609732845,0.06560024518824403,nan,nan
45,14,165903,backward,eps,km^2/s^2,8837,8837.0,0.0,-0.22178664601127152,0.013531688444280678,-0.2356670599877611,-0.1929662518028736,0.0427008081848875,-0.25484718862849065,-0.1726814825698717,0.08216570605861895,0.7980104843070461,0.031138761728156036,0.051423530961157926,nan,nan
45,15,43359,backward,eps,km^2/s^2,2140,2140.0,0.0,-0.9877201901012103,0.011298912513710017,-0.9995728211448692,-0.9652154561354721,0.03435736500939712,-1.020754723273971,-0.962106439474604,0.05864828379936715,0.42305424508747563,0.027723786390410187,0.03079324436457287,nan,nan
45,16,50026,backward,eps,km^2/s^2,1248,1248.0,0.0,-0.8535418937987013,0.017496777255545434,-0.889311296742435,-0.8309855053844499,0.0583257913579851,-0.9023542799630768,-0.8258646600734283,0.07648961988964853,-0.45611732797911486,0.037890007872290084,0.05093299109293192,nan,nan
45,17,61863,backward,eps,km^2/s^2,434,434.0,0.0,-0.9752892303995335,0.0067971788662117396,-0.9791668570817132,-0.9637084183867278,0.015458438694985421,-1.0207437552380227,-0.9621434813573366,0.058600273880686116,-2.7689508516093375,0.012862694944292584,0.044606558678868424,nan,nan
45,18,120454,backward,eps,km^2/s^2,12566,12566.0,0.0,-0.15453942737977044,0.019934017490162444,-0.1865899592706788,-0.12502375848335456,0.06156620078732425,-0.19456730144515944,-0.08366161185971288,0.11090568958544655,-0.06462328847969802,0.03335597361004258,0.07289613175813603,nan,nan
45,19,32794,backward,eps,km^2/s^2,286,286.0,0.0,-0.8169535696040506,0.009780671743994019,-0.8361531216895255,-0.8066962647728374,0.02945685691668809,-0.839251270827414,-0.8065266032009923,0.03272466762642168,-0.4326850203964454,0.017047340421418034,0.020145489559306506,nan,nan
45,20,110203,backward,eps,km^2/s^2,1784,1784.0,0.0,-0.9406110650256083,0.026372684967186474,-0.9623161480778267,-0.8937683784988303,0.06854776957899644,-0.9718347483467081,-0.8394081502441763,0.13242659810253188,1.5146930150518685,0.045601170870955395,0.09996139912560942,nan,nan
45,21,59987,backward,eps,km^2/s^2,335,335.0,0.0,-0.8608759735024647,0.02256569082761589,-0.884573935018278,-0.8209417879797946,0.06363214703848341,-0.9192816696138304,-0.8150147801266523,0.1042668894871781,0.2450245413256462,0.036351376960015634,0.06242033421300497,nan,nan
45,22,65627,backward,eps,km^2/s^2,751,751.0,0.0,-0.8466222415938562,0.015509719048871308,-0.8750949920423665,-0.830195886674945,0.04489910536742148,-0.9315565874687408,-0.8223662086084083,0.10919037886033256,-1.2369736187381235,0.03216271569268647,0.0706612012215857,nan,nan
45,23,153188,backward,eps,km^2/s^2,3577,3577.0,0.0,-0.23133668482416792,0.022413199018737385,-0.258362085607487,-0.19157714526704783,0.06678494034043919,-0.2593276385082858,-0.17558576060658349,0.08374187790170229,0.25548896850601754,0.04643996518070127,0.062431349841165606,nan,nan
45,24,69136,backward,eps,km^2/s^2,1596,1596.0,0.0,-0.967300618219312,0.005149691344295912,-0.9741156811210137,-0.9626632955204987,0.01145238560051498,-1.020836128343177,-0.9622035491243005,0.058632579218876546,-4.487005871277191,0.006344047475869641,0.05306449469803298,nan,nan
45,25,167830,backward,eps,km^2/s^2,1814,1814.0,0.0,-0.19338440075378255,0.02964209444731309,-0.21435451751454454,-0.1256794458722319,0.08867507164231264,-0.2537412176739521,-0.11586798314570224,0.13787323452824984,0.7285792657434615,0.0735360612047411,0.08334752393127076,nan,nan
45,26,148588,backward,eps,km^2/s^2,7200,7200.0,0.0,-0.1660126978628348,0.0350218299191339,-0.20944983394559002,-0.11174593238086786,0.09770390156472217,-0.23203998749279275,-0.04380722131250103,0.18823276618029172,0.1913020752452648,0.05599586784538407,0.1238116728163624,nan,nan
45,27,167957,backward,eps,km^2/s^2,2,2.0,0.0,-0.2511158157849137,0.005881131901134817,-0.25640883449593505,-0.24582279707389237,0.010586037422042671,-0.2569969476860485,-0.2452346838837789,0.011762263802269635,nan,0.011174150612156153,0.011762263802269635,nan,nan
45,28,12157,backward,eps,km^2/s^2,744,744.0,0.0,-0.8158269217814447,0.004302037336013419,-0.8235125027216907,-0.8115384373363163,0.011974065385374488,-0.8456064287653722,-0.8066952124091532,0.03891121635621897,-0.8760044990976429,0.008236382682344763,0.030191325908277444,nan,nan
45,29,24196,backward,eps,km^2/s^2,3709,3709.0,0.0,-0.9423600859218171,0.014409816810939242,-0.9643429826265306,-0.9188061802129082,0.04553680241362246,-0.9706821246471251,-0.907708795197663,0.0629733294494621,0.07796580450007137,0.0257034851300286,0.03209845322054061,nan,nan
45,30,45291,backward,eps,km^2/s^2,13141,13141.0,0.0,-0.8673425674975558,0.01892291665777993,-0.8972427325994249,-0.8385609082180343,0.05868182438139058,-0.922171260324896,-0.8254999296435742,0.09667133068132183,-0.039993108094265116,0.03849332510648451,0.051546423362158866,nan,nan
45,31,88569,backward,eps,km^2/s^2,2769,2769.0,0.0,-0.993433941652412,0.012534769846854697,-1.0063038089395036,-0.9680656531060337,0.0382381558334699,-1.0086547271271056,-0.9621646573746935,0.0464900697524121,0.44964594506759037,0.02944525078528932,0.03534624651662954,nan,nan
45,32,176015,backward,eps,km^2/s^2,15556,15556.0,0.0,-0.23436298379031234,0.013671324284339021,-0.24775383414637359,-0.2035898989763209,0.04416393517005268,-0.2595672674968075,-0.19138464943884914,0.06818261805795833,0.7201322337378437,0.0318145277940875,0.04401977733155926,nan,nan
45,33,116002,backward,eps,km^2/s^2,11138,11138.0,0.0,-0.17230675244853788,0.02175343975713316,-0.20694024779323172,-0.13909919992639344,0.06784104786683828,-0.21450103004357424,-0.07692565609414981,0.13757537394942443,0.2521689442052029,0.03758527025023542,0.09962954124837187,nan,nan
45,34,29608,backward,eps,km^2/s^2,452,452.0,0.0,-0.8166640937777481,0.009332556908645599,-0.8355057901070632,-0.807009608054979,0.02849618205208415,-0.8439162139377757,-0.806208472304013,0.03770774163376267,-0.5555014122745278,0.018263270580426077,0.02667369441113865,nan,nan
45,35,52314,backward,eps,km^2/s^2,3886,3886.0,0.0,-0.9822953548636543,0.008300520897085556,-0.9932680642010168,-0.9658529981617792,0.0274150660392376,-1.0201349727623945,-0.9622137060821228,0.057921266680271755,0.29149420843587565,0.021894432634958494,0.03241886331105004,nan,nan
45,36,31348,backward,eps,km^2/s^2,168,168.0,0.0,-0.9048328637724972,0.037794189929252306,-0.970794916144911,-0.8464220401029496,0.12437287604196134,-0.9776830572067532,-0.8445660283444962,0.13311702886225696,-0.15669260934054352,0.0653668417567984,0.07225498281864062,nan,nan
45,37,165874,backward,eps,km^2/s^2,9677,9677.0,0.0,-0.21370284539925932,0.011581482996645106,-0.22736988074677614,-0.19173449455224187,0.03563538619453427,-0.24581618855013865,-0.17050092019965069,0.07531526835048796,0.37887612344832255,0.021847172665341787,0.04298985274556444,nan,nan
45,38,33505,backward,eps,km^2/s^2,629,629.0,0.0,-0.8318837065321667,0.005443007762583328,-0.8371338209092233,-0.8228753040362938,0.01425851687292945,-0.8835067675778661,-0.8192115265176463,0.06429524106021978,-2.291480811208236,0.00956445130034096,0.05147152652118936,nan,nan
45,39,80819,backward,eps,km^2/s^2,7644,7644.0,0.0,-0.9317572925438362,0.01727292929020658,-0.9569959488488111,-0.9033134609739972,0.05368248787481389,-1.0207392989867343,-0.8905052967964968,0.1302340021902375,-0.02519698130852856,0.03142120039306498,0.09497961574656466,nan,nan
45,40,37316,backward,eps,km^2/s^2,871,871.0,0.0,-0.9355763670476952,0.02057945237826226,-0.9640473310804856,-0.9005465358530688,0.0635007952274168,-0.9715854693185693,-0.8495531472658844,0.12203232205268488,0.6198575729655603,0.036002191791712546,0.08240461943164523,nan,nan
45,41,8287,backward,eps,km^2/s^2,2550,2550.0,0.0,-0.9179923678869313,0.023449524826211834,-0.9561848491971892,-0.8809282364078039,0.07525661278938522,-0.9620932547813699,-0.8717516531579642,0.09034160162340565,-0.01516435173010834,0.04061960183281064,0.04807897507992909,nan,nan
45,42,33249,backward,eps,km^2/s^2,308,308.0,0.0,-0.8192054863943782,0.01904731392345183,-0.8680085043748205,-0.8065949694152516,0.061413534959568916,-0.8819389360370067,-0.8063623697289342,0.07557656630807252,-1.127592856337501,0.048853920129753765,0.06278435179193997,nan,nan
45,43,30636,backward,eps,km^2/s^2,813,813.0,0.0,-0.8763570862791935,0.020748725744574564,-0.9110776759424063,-0.8458503841931752,0.06522729174923114,-0.9228072050259855,-0.8226048578410228,0.10020234718496268,-0.11167292706536198,0.03666621456046024,0.05914725339327931,nan,nan
45,44,39017,backward,eps,km^2/s^2,636,636.0,0.0,-0.8384987894244359,0.0041907838543893405,-0.8462556516070946,-0.8315881648325351,0.014667486774559535,-0.8505173187426425,-0.8287646270535299,0.021752691689112535,-0.2661635763162132,0.009077062113084122,0.013338729248631997,nan,nan
45,0,144351,backward,e,-,45608,45608.0,0.0,0.7038729313383513,0.09163614799198991,0.5412742640687032,0.8290728775309488,0.28779861346224567,0.4881113724207721,0.8598376401626954,0.37172626774192324,-0.1959677107637638,0.17659587060211115,0.22975876225004216,nan,nan
45,1,23915,backward,e,-,4561,4561.0,0.0,0.34817476896022337,0.04375076455373181,0.28896345717454847,0.42725077541363893,0.13828731823909046,0.27643237903283735,0.44462346133338787,0.16819108230055052,0.23810250349227066,0.07439932256242976,0.08780495814935585,nan,nan
45,2,23568,backward,e,-,825,825.0,0.0,0.19488459743237888,0.02103393122695391,0.17252870806598933,0.2356421814743234,0.06311347340833406,0.17112689483884924,0.2448812763232057,0.07375438148435645,0.40922304036378904,0.040307359696938126,0.049546454545820434,nan,nan
45,3,167952,backward,e,-,2141,2141.0,0.0,0.4040529979942461,0.03629792806160829,0.35992778798060127,0.48079083794881733,0.12086304996821606,0.35614850937728304,0.5409611130283094,0.18481260365102636,0.5922412867085005,0.08339678684643365,0.14356706192592572,nan,nan
45,4,48782,backward,e,-,6026,6026.0,0.0,0.4406606057509347,0.03086140968326091,0.39007696491626165,0.48546367051144984,0.09538670559518819,0.3777807410972785,0.48911617240255295,0.11133543130527446,-0.11264819852139744,0.05210333687859653,0.0564601878845557,nan,nan
45,5,51611,backward,e,-,1255,1255.0,0.0,0.8414752035106957,0.08192103813229962,0.6676758193516773,0.8919685046663341,0.22429268531465685,0.559813992961426,0.8955575813930169,0.3357435884315909,-0.7655180958869775,0.12043522032680284,0.2142585317501049,nan,nan
45,6,34556,backward,e,-,417,417.0,0.0,0.44038315201867634,0.06890167088911262,0.27612333035140363,0.499912062057511,0.22378873170610736,0.23565160452924774,0.5113810567359197,0.275729452206672,-0.7995629854496481,0.1511546948137589,0.1916264206359148,nan,nan
45,7,28151,backward,e,-,1230,1230.0,0.0,0.3469845755624512,0.03993729842772107,0.28502837521089824,0.41652744990025725,0.131499074689359,0.26429889616954017,0.43808554285286727,0.1737866466833271,0.15886528651377937,0.07357414898337471,0.09222628107773789,nan,nan
45,8,40083,backward,e,-,898,898.0,0.0,0.4325706915756242,0.060857761869221705,0.3271862595748843,0.509396379266778,0.18221011969189377,0.2474417898525615,0.5726100256578895,0.32516823580532805,-0.23279610546848736,0.11891040781732588,0.19796386396317356,nan,nan
45,9,175498,backward,e,-,2764,2764.0,0.0,0.3797227751237849,0.032003016493381733,0.3616560027363451,0.43854226520329537,0.0768862624669503,0.3526634877925289,0.5971167559741114,0.24445326818158253,2.323864518010892,0.04637361846933602,0.20494810924015205,nan,nan
45,10,9905,backward,e,-,4957,4957.0,0.0,0.35439465599105513,0.03266557549257699,0.3051679464414944,0.40823908770184714,0.10307114126035272,0.22747868580108035,0.42123212978778546,0.1937534439867051,0.01872831941031447,0.06024175192273674,0.12164645789558612,nan,nan
45,11,210090,backward,e,-,3039,3039.0,0.0,0.6047990028965685,0.0937714953567235,0.4736475825436861,0.7775119836278773,0.3038644010841912,0.4332311191346169,0.8357881902141068,0.40255707107948985,0.27698219666857676,0.16589156473030145,0.21574271129193145,nan,nan
45,12,22717,backward,e,-,781,781.0,0.0,0.2335626766701274,0.01128745900291213,0.22258919607354516,0.2481833860016985,0.02559418992815335,0.21690609159077215,0.43708511624288027,0.22017902465210812,7.964827803379094,0.014976848063205095,0.203196292318946,nan,nan
45,13,156237,backward,e,-,2361,2361.0,0.0,0.5729700707998324,0.08283323675698599,0.5035083948568725,0.7426176176999061,0.2391092228430336,0.4246648141608949,0.7489920441628781,0.3243272300019832,0.47420622396585815,0.15363166547315477,0.16454116329956742,nan,nan
45,14,165903,backward,e,-,8837,8837.0,0.0,0.4583394570198626,0.03556892746379419,0.4209328026890859,0.532848031617219,0.11191522892813316,0.3661309769048179,0.5839901982203182,0.21785922131550028,0.7362830539047551,0.08115394812658394,0.13214237257413441,nan,nan
45,15,43359,backward,e,-,2140,2140.0,0.0,0.5266774856941777,0.01655190573174867,0.4932688740843144,0.5436559048460949,0.05038703076178053,0.4884466059664154,0.5728758045889726,0.08442919862255716,-0.45224230767857787,0.040848979909315686,0.04567124802721467,nan,nan
45,16,50026,backward,e,-,1248,1248.0,0.0,0.2948517120520676,0.0375718965519353,0.24119505778929823,0.36706874558782004,0.12587368779852182,0.22545498294582936,0.3903223611052602,0.16486737815943084,0.29507497106465425,0.07652116736561732,0.09977478288305747,nan,nan
45,17,61863,backward,e,-,434,434.0,0.0,0.5086553853485993,0.009918687470085917,0.4912850226103343,0.5143731731067621,0.023088150496427817,0.48876571890134446,0.5728380058839121,0.08407228698256763,2.4962311834146598,0.019372727298566154,0.06297025963628722,nan,nan
45,18,120454,backward,e,-,12566,12566.0,0.0,0.6289749323196343,0.04910815949283338,0.5492425611416913,0.7009384639375907,0.1516959027958994,0.5285301802305017,0.800665988566538,0.27213580833603634,-0.08122987230468298,0.08209943310309956,0.1766446214597499,nan,nan
45,19,32794,backward,e,-,286,286.0,0.0,0.20339748600549584,0.028456893395746703,0.16983240774376496,0.2549409554702289,0.08510854772646392,0.16915703389195855,0.26284844604083335,0.0936914121488748,0.30447100611570294,0.04483027073298132,0.05273776130358579,nan,nan
45,20,110203,backward,e,-,1784,1784.0,0.0,0.4553744507527544,0.04612046075074057,0.37552061236607515,0.4893295519340665,0.11380893956799137,0.2632125549534146,0.5036387604314908,0.2404262054780762,-1.8589028779306178,0.07798329226515166,0.19029134967781225,nan,nan
45,21,59987,backward,e,-,335,335.0,0.0,0.31109343298504255,0.05042608975450359,0.2149182113692968,0.3580266502998421,0.14310843893054528,0.19766326615850902,0.41980122795015934,0.22213796179165032,-0.4126299982991192,0.08857503798629737,0.1172376098242785,nan,nan
45,22,65627,backward,e,-,751,751.0,0.0,0.27953230370158866,0.03375519154229412,0.23859900005187643,0.33783522875829086,0.09923622870641444,0.2159748283418935,0.4394687349284241,0.2234939065865306,0.8481851139772674,0.07528702597718642,0.12829546598844116,nan,nan
45,23,153188,backward,e,-,3577,3577.0,0.0,0.43208841082014204,0.06050452912735297,0.3562138211308131,0.5362515815189137,0.1800377603881006,0.35333869863390605,0.5778355597384837,0.22449686110457762,0.2093739926370002,0.12275580564579941,0.1643397838653694,nan,nan
45,24,69136,backward,e,-,1596,1596.0,0.0,0.49670792682685966,0.0075589848227705205,0.48969169870384,0.5069169776838065,0.017225278979966507,0.48889963909577183,0.5729713754320799,0.08407173633630804,4.17239286255969,0.009492167208999647,0.07554656495727297,nan,nan
45,25,167830,backward,e,-,1814,1814.0,0.0,0.5322633663120282,0.07407497124626082,0.4783338623253847,0.6994163275170436,0.22108246519165892,0.36928534714252087,0.7230820826849543,0.35379673554243346,0.6939856277389289,0.18213589334317828,0.20580164851108895,nan,nan
45,26,148588,backward,e,-,7200,7200.0,0.0,0.6008347955915934,0.08664118791240695,0.49113042170726806,0.7330345149827077,0.2419040932754396,0.4299217108690757,0.8956261106421681,0.4657043997730924,0.1652471604662827,0.1366899959051272,0.2987704293761887,nan,nan
45,27,167957,backward,e,-,2,2.0,0.0,0.3770180319505057,0.01641729502880168,0.3622424664245842,0.3917935974764272,0.029551131051843038,0.360600736921704,0.3934353269793074,0.03283459005760336,nan,0.031192860554723194,0.03283459005760336,nan,nan
45,28,12157,backward,e,-,744,744.0,0.0,0.19932311611806725,0.012811618257749938,0.18578713651317214,0.2216363091405912,0.035849172627419074,0.169824732674945,0.27429234479969977,0.10446761212475478,0.5427403333417369,0.024640537860902718,0.07611872694409016,nan,nan
45,29,24196,backward,e,-,3709,3709.0,0.0,0.4576711888362966,0.023212540735101848,0.4186753522639213,0.4920215172223123,0.07334616495839102,0.3996941114378747,0.5016345195628941,0.10194040812501937,-0.13261134459135726,0.041239925714182966,0.05384809000497992,nan,nan
45,30,45291,backward,e,-,13141,13141.0,0.0,0.3239382393441637,0.03899781079535106,0.26016923962331645,0.3814102412871251,0.12124100166380863,0.22742780091602316,0.4237159538321657,0.19628815291614254,-0.08610874744217376,0.0831901950072586,0.1159316337145519,nan,nan
45,31,88569,backward,e,-,2769,2769.0,0.0,0.5350096649839616,0.018053233708748395,0.4979430242969371,0.5530807729597405,0.055137748662803354,0.48877218871128936,0.5563450703171937,0.06757288160590436,-0.48040913429330645,0.042892245692936655,0.05206308127858439,nan,nan
45,32,176015,backward,e,-,15556,15556.0,0.0,0.42459720300597964,0.03700380809633269,0.38714423489899835,0.5069065116220329,0.11976227672303458,0.35264176551903914,0.5380310523999356,0.1853892868808965,0.6733762938021949,0.08568651744931385,0.1168110582272166,nan,nan
45,33,116002,backward,e,-,11138,11138.0,0.0,0.5849084367920798,0.05426463154796477,0.4969312572622424,0.6668100492740106,0.16987879201176814,0.47717542132193425,0.8167420041262122,0.339566582804278,0.21007811879029886,0.09355580128703629,0.2424768203836719,nan,nan
45,34,29608,backward,e,-,452,452.0,0.0,0.20218844885735682,0.027053309752132725,0.17087138844309283,0.25352399143764887,0.08265260299455604,0.16819393098549065,0.27033287400677436,0.1021389430212837,0.40391290936102076,0.04892075159338946,0.06572963416251498,nan,nan
45,35,52314,backward,e,-,3886,3886.0,0.0,0.5188816453974515,0.01221319285077994,0.49434678391839815,0.534753488683916,0.04040670476551789,0.48865813687464693,0.5719985499113021,0.08334041303665513,-0.3333110888219217,0.032433152294016526,0.045268484598699255,nan,nan
45,36,31348,backward,e,-,168,168.0,0.0,0.39489937669335257,0.06763395312460516,0.27813987629414616,0.5019861249495542,0.22384624865540803,0.2738012696943552,0.512133881551919,0.23833261185756377,-0.0276690931436477,0.11757692624221083,0.1219155328420018,nan,nan
45,37,165874,backward,e,-,9677,9677.0,0.0,0.4796058467617128,0.030073441545795953,0.44355578278030455,0.5361389154531214,0.09258313267281687,0.3919964047296709,0.59045455966297,0.1984581549332991,0.3557745768956715,0.05626127718890129,0.11035060333088981,nan,nan
45,38,33505,backward,e,-,629,629.0,0.0,0.24405183354226148,0.013460929599903524,0.22029576072701623,0.2571415822366457,0.03684582150962945,0.2098502277444101,0.35557315689110475,0.14572292914669466,1.3895027405121498,0.02490070044375983,0.11101026945602543,nan,nan
45,39,80819,backward,e,-,7644,7644.0,0.0,0.4409695906619146,0.028447491815284356,0.3924738714903698,0.4810295825801419,0.08855571108977212,0.3694776548147461,0.57285141266025,0.20337375784550388,-0.06474262612222573,0.050471338697758106,0.14173241574225648,nan,nan
45,40,37316,backward,e,-,871,871.0,0.0,0.44689559959989084,0.03433957098458557,0.3874369368530727,0.4916835657509848,0.10424662889791214,0.2866832441204673,0.5032275586726771,0.2165443145522098,-0.8693650267136329,0.05854325898703164,0.1542723082750232,nan,nan
45,41,8287,backward,e,-,2550,2550.0,0.0,0.4170814496200914,0.04035439841140901,0.34970217391603003,0.47930966260078745,0.1296074886847574,0.33161079558485995,0.4884624284977328,0.15685163291287285,-0.08258120582766183,0.07051699128185171,0.08860836961302182,nan,nan
45,42,33249,backward,e,-,308,308.0,0.0,0.2097248602054829,0.04899732908290107,0.16945964142268333,0.3259391925200008,0.15647955109731748,0.1685914010438332,0.35338638873237577,0.18479498768854258,0.8633339742530777,0.11566738438480337,0.14311458059717833,nan,nan
45,43,30636,backward,e,-,813,813.0,0.0,0.34173188300339546,0.041075700379954096,0.2768716506693132,0.405661934064165,0.12879028339485182,0.21655333588664194,0.42572394210281395,0.209170606216172,-0.041691125944092744,0.07526660016021365,0.13558491494288488,nan,nan
45,44,39017,backward,e,-,636,636.0,0.0,0.2605821484331996,0.01017335022501912,0.24351722546523466,0.27912840636818714,0.03561118090295248,0.23621733650066074,0.2887982437203462,0.05258090721968545,0.1934972482504214,0.021696528384213404,0.03136636573637247,nan,nan
45,0,144351,backward,w,deg,45608,45608.0,0.0,-0.5465108140741108,4.279034193865769,-5.680701583881361,9.497097996210073,15.177799580091435,-9.723952080818975,15.552228757539922,25.276180838358897,1.086097954307462,11.322924409054252,17.3780551703841,20.456109285173937,0.9972168075076416
45,1,23915,backward,w,deg,4561,4561.0,0.0,0.023613730046434966,2.1165741714995994,-3.595468092122985,3.387488135813385,6.98295622793637,-4.7610654223003905,4.275619490688143,9.036684912988534,-0.09079639541825257,5.079177386990381,6.244774717167786,193.15045401736097,0.9993178419368125
45,2,23568,backward,w,deg,825,825.0,0.0,4.41977759088752,13.578392920596183,-24.57705378495329,14.674553771048295,39.25160755600159,-27.242235119089912,15.535020012795115,42.77725513188503,-0.5833019099572561,33.81516595209636,36.480347286232984,202.45671866266497,0.9721684555078772
45,3,167952,backward,w,deg,2141,2141.0,0.0,0.10671432080465593,6.3999436294391625,-9.702879992500954,7.689729802434414,17.392609794935368,-13.204490573310125,8.25462094689334,21.459111520203464,-0.1899018663397969,16.658461078656615,20.160071659465814,28.023856386330642,0.9937718041735102
45,4,48782,backward,w,deg,6026,6026.0,0.0,-0.8197277247136725,4.235149289985908,-4.872304391756636,9.620236645361189,14.492541037117824,-23.690644100152213,17.39020428497261,41.080848385124824,1.574271759982803,10.991168670220347,22.396171929945808,198.51723521360995,0.9972760383994775
45,5,51611,backward,w,deg,1255,1255.0,0.0,-2.3751248790689203,6.660642622964075,-6.807837923222934,11.855120507387552,18.662958430610487,-7.0059730742015915,17.131766856374384,24.137739930575975,0.5599221433709124,13.144948155446846,13.343083306425513,17.62107977550843,0.9932583347688969
45,6,34556,backward,w,deg,417,417.0,0.0,-2.605634885328101,9.223758377255601,-8.691005610844467,18.886830187625147,27.577835798469614,-28.092725448348574,20.09994685247264,48.192672300821215,0.5172673182605628,25.83167405791087,27.044790722758364,199.59323627433525,0.9871259545032157
45,7,28151,backward,w,deg,1230,1230.0,0.0,-4.683303731725076,10.418153530211812,-9.975402411496514,17.196890469170484,27.172292880666998,-30.89997252737757,17.62155241836382,48.52152494574139,0.7084261983307119,23.088602307406504,25.038552697514774,202.40366214474693,0.9835692192772113
45,8,40083,backward,w,deg,898,898.0,0.0,-0.6493835404808266,5.183312207389902,-4.39555840626759,10.038721867108723,14.434280273376313,-24.208744587728575,19.49184682279241,43.700591410520985,0.2197519955674329,15.196444023909365,23.074908353093633,196.58915744288274,0.9959320483198972
45,9,175498,backward,w,deg,2764,2764.0,0.0,1.171592706216586,5.557815104594082,-10.1884136330467,6.534416626444693,16.722830259491392,-15.116290661350035,6.785926575997877,21.902217237347912,-0.6307503367752642,15.29895882419145,20.22683585249476,28.808309638318676,0.9953039397253655
45,10,9905,backward,w,deg,4957,4957.0,0.0,-0.3098557693062389,3.002615820214086,-3.8795181096359044,6.8699568998975264,10.74947500953343,-16.900402818946503,11.459092603948221,28.359495422894724,0.9945618103935969,7.205868748441433,16.64023238775519,188.397150866015,0.9986283129266462
45,11,210090,backward,w,deg,3039,3039.0,0.0,-3.3847933139176973,7.126552948470596,-6.693204692406619,16.88927834448696,23.582483036893578,-7.4290339081225625,18.255169425359583,25.684203333482145,1.19535492991401,21.275276881370267,22.64116796224289,18.105224594490373,0.9922972313287574
45,12,22717,backward,w,deg,781,781.0,0.0,0.26182768495439745,3.1521992893162922,-4.767139934608423,3.507069753716877,8.2742096883253,-33.24529508561645,12.228036964660134,45.47333205027658,-0.696604394272953,5.079854849329706,32.947773473713426,206.75222824362768,0.9984944773434264
45,13,156237,backward,w,deg,2361,2361.0,0.0,-0.030554591923021235,2.7112912558867666,-3.5587991575036426,4.616913052866494,8.175712210370136,-6.2944831541983035,12.866809444820376,19.16129259901868,1.809933850266605,5.988546383481889,12.238967180527737,23.60046694659454,0.9988823112300788
45,14,165903,backward,w,deg,8837,8837.0,0.0,1.3591334217912276,4.4324628384044376,-8.021298633728884,4.566650742576438,12.587949376305321,-13.328681560338055,9.365414062971865,22.69409562330992,-0.5489157457715839,11.706984936538918,17.014367863148095,27.69237533088576,0.9970112309583021
45,15,43359,backward,w,deg,2140,2140.0,0.0,-1.9183647880155519,5.546148696194111,-5.998455466067253,12.015649684043257,18.01410515011051,-7.118218062169888,17.129633026524857,24.247851088694745,1.1001225116363424,13.66595440286709,18.77993774534869,187.83766052249126,0.9953274162686834
45,16,50026,backward,w,deg,1248,1248.0,0.0,3.658061744532077,9.776435814630005,-12.358102876507534,8.82201945491705,21.180122331424585,-38.6940739201691,9.323919809507458,48.01799372967656,-2.044094613746173,16.88871722816316,43.22468827182473,210.19363528518556,0.9857265184559438
45,17,61863,backward,w,deg,434,434.0,0.0,-0.8984986096734815,3.4921014284302605,-3.685943706453216,6.686274900871023,10.372218607324239,-19.927536307660773,10.024815089193254,29.952351396854027,0.14662557907037266,8.689504650318602,18.178455072040947,195.13481808487512,0.9981455831543621
45,18,120454,backward,w,deg,12566,12566.0,0.0,0.015901732985682315,1.8361106285560218,-2.7350285058853387,2.672137916992803,5.4071664228781415,-16.044581114246256,7.914264567118352,23.958845681364608,-0.4661530421244493,3.056099506557878,15.989451158545506,26.989935798031812,0.9994869550048054
45,19,32794,backward,w,deg,286,286.0,0.0,5.359191759862426,12.768337447082141,-28.344969721382448,11.256328377188723,39.60129809857117,-35.21127386344628,11.628008233223198,46.83928209666948,-1.184762136840632,36.09997075314208,42.96627489520591,208.32172925256066,0.9755013666130984
45,20,110203,backward,w,deg,1784,1784.0,0.0,3.190515322940726,10.708606327321506,-24.705659313370866,10.982198955584616,35.68785826895548,-25.479445929731042,14.387122650620967,39.86656858035201,-1.1096061675376407,29.094507667528976,29.868294283889156,205.664171185249,0.9826922847411467
45,21,59987,backward,w,deg,335,335.0,0.0,4.224664063985216,8.760560281453305,-13.906609246584589,6.6821323537611805,20.58874160034577,-40.21200362716735,7.88301279937113,48.09501642653848,-2.1350789151234086,19.54940601454194,45.8548003951247,211.81483840635943,0.9885011764020581
45,22,65627,backward,w,deg,751,751.0,0.0,10.544377570649232,19.25759986936958,-35.555387223308614,11.305915032796321,46.861302256104935,-35.81185684261098,11.467322196091516,47.279179038702495,-1.1784991334911104,46.28118966283101,46.537659282133376,207.35765843771364,0.9448145942520988
45,23,153188,backward,w,deg,3577,3577.0,0.0,2.638854617779117,5.484752761508136,-12.65415290861202,3.9516724397292933,16.605825348341313,-18.870051771729123,4.15525384826708,23.025305619996203,-1.635630729982868,16.253996088412205,22.46989495152934,32.80091876468468,0.9954343182692177
45,24,69136,backward,w,deg,1596,1596.0,0.0,-0.0011746215555348272,3.000798950730769,-3.7221133888849636,4.334083328204905,8.056196717089868,-21.971776421279344,6.526750380541955,28.4985268018213,-1.8916767445085554,5.659256489358604,20.85542980157939,197.25445375714355,0.9986331022912216
45,25,167830,backward,w,deg,1814,1814.0,0.0,0.2757705369861867,3.3341927926343247,-5.5916333975163095,6.597597047912503,12.189230445428812,-13.320073131667584,11.945170187097403,25.265243318764988,0.6986285768102218,8.441108034033514,14.980749826503711,25.11796578244298,0.9983098887904601
45,26,148588,backward,w,deg,7200,7200.0,0.0,-0.14841842918541204,3.301006156971021,-4.345303243268237,6.9634806790756425,11.30878392234388,-13.89835419192542,11.949977560357752,25.848331752283173,0.7357829482821785,7.836707043377148,14.254347757284677,24.486026005785213,0.998343714720957
45,27,167957,backward,w,deg,2,2.0,0.0,0.0,4.390065345316202,-3.951058810784582,3.9510588107845814,7.902117621569163,-4.390065345316202,4.390065345316202,8.780130690632404,nan,8.341124156100785,8.780130690632404,30.893984729652757,0.9970660397377324
45,28,12157,backward,w,deg,744,744.0,0.0,2.247859074578386,7.407997219219459,-14.657910960812567,7.952834151431828,22.610745112244395,-28.629587202713225,17.3601479814524,45.989735184165625,-1.2028132306728243,16.022425069554732,29.964020630373966,201.15518236037076,0.9916983335391764
45,29,24196,backward,w,deg,3709,3709.0,0.0,-0.8152185404924808,4.9860130846902475,-4.271321467176096,16.616576700496086,20.887898167672184,-4.841658393480145,23.471955368154596,28.31361376163474,3.0046110606769214,18.157259245912616,25.012637913571126,188.2744122386561,0.996242901667929
45,30,45291,backward,w,deg,13141,13141.0,0.0,-0.16137212669971746,4.229682420501023,-6.009179929514886,6.620842324220263,12.630022253735149,-34.54970387068789,14.134476786637151,48.684180657325044,-0.5702908928442146,7.35127656914608,34.027880106447356,206.11259168362545,0.997284431138533
45,31,88569,backward,w,deg,2769,2769.0,0.0,-0.1401456402620056,6.214173266218174,-10.317240383681963,9.917801003496493,20.235041387178455,-12.8422844485589,12.427184617909973,25.269469066468872,-0.034040019864564765,11.3223294561741,13.837044804109041,193.80878676315746,0.9941303989435666
45,32,176015,backward,w,deg,15556,15556.0,0.0,0.09516912437064207,5.442985549033217,-8.524540191765233,7.448874668003754,15.973414859768987,-10.582493133452715,10.951471423296255,21.53396455674897,-0.0699937853227112,14.12942083958422,16.187373781271674,26.084325440316896,0.9954936428767445
45,33,116002,backward,w,deg,11138,11138.0,0.0,1.1967175038052744,4.5617300954274835,-13.130722052077209,4.429017890053589,17.559739942130797,-18.40379226783591,6.909894274476187,25.313686542312098,-1.8537632354416307,14.61849425967674,19.891564475435416,29.21482861905536,0.9968410771486538
45,34,29608,backward,w,deg,452,452.0,0.0,4.589448777858848,13.60204740110086,-27.98347932561957,13.421450897394942,41.40493022301451,-33.14119329846642,14.466920872227632,47.60811417069405,-0.9324297479589833,37.219038738325885,42.37675271117274,205.47271182475,0.9721646294564567
45,35,52314,backward,w,deg,3886,3886.0,0.0,-1.0412583306448226,4.8584926689687356,-6.365878791837638,9.629976047929937,15.995854839767574,-15.118160453793593,13.102226779251822,28.220387233045415,0.6750233531429997,12.013224204381004,15.410519226022274,191.75276488251322,0.996410609141606
45,36,31348,backward,w,deg,168,168.0,0.0,-0.4873930045042414,4.8881528640957095,-4.87235436954396,6.441708572861425,11.314062942405386,-4.944500628055522,22.385603802198204,27.330104430253726,2.4049188056817967,7.720338234734991,23.66423346407177,195.53108472025824,0.9963843263474609
45,37,165874,backward,w,deg,9677,9677.0,0.0,0.3039876043644085,2.2111448491725914,-4.144125724985594,2.5078947051286264,6.65202043011422,-14.422695942300805,8.12257959796733,22.545275540268136,-0.8666226532886361,5.633831092092251,15.64766236642933,28.246500071207297,0.9992559803042925
45,38,33505,backward,w,deg,629,629.0,0.0,0.6443811640172612,2.832621637170813,-5.809238081499836,2.2086673351339696,8.017905416633806,-10.740532784839559,9.624634626566603,20.365167411406162,-0.4658125093951527,7.837079154740741,12.42824871034236,210.07031885478818,0.9987794787436837
45,39,80819,backward,w,deg,7644,7644.0,0.0,-0.09752698297322127,4.025612372250492,-5.173705267798309,6.219359605475073,11.393064873273381,-31.143909368069274,11.93206864364069,43.075978011709964,-0.9807547400513158,7.517547431945808,33.10896657068372,204.15034344406212,0.9975431460521038
45,40,37316,backward,w,deg,871,871.0,0.0,-4.337772568066356,8.400137059832371,-5.9268533751797605,17.7661064504408,23.692959825620562,-24.871952869926417,23.068026953057313,47.93997982298373,1.2316305160154044,22.48564478353144,27.787565286147952,197.14794434139924,0.989313166408684
45,41,8287,backward,w,deg,2550,2550.0,0.0,-0.38383383490837275,3.510954296717982,-2.2292854008444394,1.4055974033317455,3.634882804176185,-2.7412390954345938,33.87779088370851,36.61902997914311,6.917522425054755,2.0764178301884386,34.54861131056521,182.86669816667643,0.9981571345788861
45,42,33249,backward,w,deg,308,308.0,0.0,7.165483380952182,15.38001922748879,-31.377998510369533,13.86016353413115,45.23816204450068,-34.380484615407596,13.872068349637232,48.25255296504483,-0.8777978689230214,41.37912992402632,44.38161602906439,206.35654998698695,0.9644773595685063
45,43,30636,backward,w,deg,813,813.0,0.0,-0.2179878137912965,7.36627025604116,-4.750060383162219,19.58715607794923,24.33721646111145,-26.867683989785803,21.871933709518856,48.73961769930466,0.12666998601158547,21.22821879322956,26.610764973965956,198.32008964178473,0.9918386422687592
45,44,39017,backward,w,deg,636,636.0,0.0,-0.7718008356677473,2.6990264547541747,-3.088771943861744,5.4378564748692,8.526628418730944,-7.365796657323102,6.382767407689698,13.7485640650128,0.9023259741601317,6.183811939334603,7.110370500395447,213.97187451288255,0.9988911014671149
45,0,144351,forward,eps,km^2/s^2,45608,45605.0,3.0,-0.12593858405449265,0.03961951838749456,-0.1939543085233107,-0.0721405546268824,0.12181375389642829,-0.8238947527169365,-0.05885393284037144,0.765040819876565,-0.7487816793263709,0.08205797524795629,0.711998419441582,nan,nan
45,1,23915,forward,eps,km^2/s^2,4561,4560.0,1.0,-0.9924139501194471,0.00993501186341648,-1.0053108343463768,-0.9729588465980299,0.03235198774834691,-1.0085644016778017,-0.9677912488896288,0.04077315278817295,0.34120954925308805,0.027810732259214477,0.03297832996761563,nan,nan
45,2,23568,forward,eps,km^2/s^2,825,825.0,0.0,-0.24193589212657896,0.014662529720921675,-0.25585673977354073,-0.20915923003689219,0.046697509736648546,-0.25918437217042745,-0.17500889418263887,0.08417547798778857,1.608191682003198,0.030280850387610983,0.06443118624186428,nan,nan
45,3,167952,forward,eps,km^2/s^2,2141,2139.0,2.0,-0.8371626270170524,0.03951023354591098,-0.9478279568988274,-0.8088356536044261,0.13899230329440126,-1.0181865681958364,-0.8070918060031312,0.21109476219270518,-1.512293493683355,0.10528086970237262,0.17563948099938176,nan,nan
45,4,48782,forward,eps,km^2/s^2,6026,6026.0,0.0,-0.16051977909969134,0.03278084178686292,-0.1971839952295175,-0.1284723969664209,0.06871159826309658,-0.832586808386703,-0.11815122666057387,0.7144355817261291,-10.807564448461239,0.03929569601703564,0.6734760749105467,nan,nan
45,5,51611,forward,eps,km^2/s^2,1255,1249.0,6.0,-0.8332960252701047,0.05975803107356893,-0.9581497902047205,-0.8118812521847811,0.14626853801993933,-1.0205829238249695,-0.10646503045023847,0.914117893374731,4.885985526720443,0.1247929625743819,0.7285644707577438,nan,nan
45,6,34556,forward,eps,km^2/s^2,417,417.0,0.0,-0.8594049159799286,0.042461385507895466,-0.9630919650124712,-0.8148666030747631,0.14822536193770808,-0.97713803586008,-0.8067424945822104,0.1703955412778696,-0.6981205014024953,0.11858498120923278,0.13263105205684156,nan,nan
45,7,28151,forward,eps,km^2/s^2,1230,1230.0,0.0,-0.9139096977545484,0.04312155621705155,-0.9786648498540821,-0.8455910332995351,0.13307381655454698,-1.0206562915180895,-0.8085486977147093,0.21210759380338018,0.07752220802478507,0.07334242973754718,0.11498956467998589,nan,nan
45,8,40083,forward,eps,km^2/s^2,898,898.0,0.0,-0.17783756053364586,0.04594838643687776,-0.21345526675032755,-0.11651236865810352,0.09694289809222403,-0.8135013783358097,-0.051543237175719625,0.7619581411600901,-5.738697877445115,0.06111290326752823,0.636023007855726,nan,nan
45,9,175498,forward,eps,km^2/s^2,2764,2763.0,1.0,-0.8262094562779607,0.029441630079458228,-0.8602660559391861,-0.8078142222131262,0.05245183372605999,-1.0193955780484538,-0.23456264984899688,0.7848329281994569,0.1233265315774776,0.050815470725542745,0.5748952220670536,nan,nan
45,10,9905,forward,eps,km^2/s^2,4957,4957.0,0.0,-0.9324236008673915,0.023448290333199555,-0.9662967821618328,-0.8964954050484807,0.0698013771133521,-0.9742178770619768,-0.8112641613846572,0.16295371567731964,0.3885420171498233,0.041201610502725285,0.11416895320748,nan,nan
45,11,210090,forward,eps,km^2/s^2,3039,3034.0,5.0,-0.842538852894667,0.04501667858979625,-0.9725185454105508,-0.8313316581231168,0.141186887287434,-1.0132395932764513,-0.18427403313659396,0.8289655601398573,0.4077368803113643,0.129026869286218,0.6592806132966837,nan,nan
45,12,22717,forward,eps,km^2/s^2,781,780.0,1.0,-0.8272748711459506,0.0260343565826982,-0.8818541781683974,-0.8123378236664827,0.06951635450191473,-1.0150456054286332,-0.8073260955590305,0.20771950986960275,-3.1884672548669366,0.05834566341599242,0.19153709067622826,nan,nan
45,13,156237,forward,eps,km^2/s^2,2361,2361.0,0.0,-0.23652356627337168,0.02512107241920158,-0.2584242751031224,-0.18197924523329512,0.07644502986982726,-0.25930099629598635,-0.16545823608675614,0.09384276020923021,0.7100553677516506,0.05285815609328848,0.06937916523982746,nan,nan
45,14,165903,forward,eps,km^2/s^2,8837,8836.0,1.0,-0.9057309535518749,0.021705957953185456,-0.9408683580614862,-0.8824999538259943,0.05836840423549183,-1.0203921731849346,-0.8105872036636582,0.20980496952127636,-0.045603981891974135,0.0477135599693769,0.12569315372521161,nan,nan
45,15,43359,forward,eps,km^2/s^2,2140,2140.0,0.0,-0.8886510606361353,0.0232963944645472,-0.9372774603758356,-0.860205706406546,0.07707175396928956,-0.9737461236000942,-0.8240200317347267,0.14972609186536745,-0.8030630074111835,0.0474851609819744,0.08391211288232248,nan,nan
45,16,50026,forward,eps,km^2/s^2,1248,1244.0,4.0,-0.1607503207600181,0.049759226031120984,-0.21258561448642418,-0.08175582708757781,0.13082978739884638,-0.9752300854924874,-0.043981079635574294,0.9312490058569131,-5.143705389745815,0.08232154806119428,0.8117578155001396,nan,nan
45,17,61863,forward,eps,km^2/s^2,434,434.0,0.0,-0.916157900598549,0.058617000999873776,-0.9758721410562634,-0.8117080173967709,0.1641641236594925,-1.0201739466041788,-0.1338025914974117,0.8863713551067671,5.533936348333227,0.1154811539221395,0.7933865798214987,nan,nan
45,18,120454,forward,eps,km^2/s^2,12566,12565.0,1.0,-0.9445822716512111,0.024302230210173525,-0.9704331426879392,-0.9013113234074548,0.06912181928048444,-0.9770447708625187,-0.807337823383714,0.16970694747880477,1.0816015610194227,0.037271027002281444,0.12781186189853366,nan,nan
45,19,32794,forward,eps,km^2/s^2,286,286.0,0.0,-0.9474108853109741,0.0395107237658967,-0.9799898808331218,-0.8328665481208833,0.14712333271223843,-0.9808685395888803,-0.8106322875081445,0.17023625208073578,1.3499902535268167,0.11421672115932033,0.13645098177205917,nan,nan
45,20,110203,forward,eps,km^2/s^2,1784,1784.0,0.0,-0.9105853950046163,0.03783966891257081,-0.9759986192456368,-0.8562243031459938,0.11977431609964295,-0.9819574797448467,-0.8199640941600719,0.16199338558477483,-0.10248096079772101,0.06291046378004846,0.09888977524553066,nan,nan
45,21,59987,forward,eps,km^2/s^2,335,334.0,1.0,-0.833088690715033,0.03601566819869741,-0.92407977681,-0.8161131446068336,0.10796663220316638,-1.0194952570673936,-0.8066804979910285,0.21281475907636516,-1.7528024492502017,0.09698148403280023,0.19239696429019393,nan,nan
45,22,65627,forward,eps,km^2/s^2,751,751.0,0.0,-0.25035876602073004,0.01714413889624397,-0.2566729478475427,-0.20388911908953156,0.05278382875801113,-0.2579895405119418,-0.1829473033523702,0.07504223715957159,1.4030356860515123,0.041896680130224406,0.06283849586738577,nan,nan
45,23,153188,forward,eps,km^2/s^2,3577,3570.0,7.0,-0.16815859687459173,0.03688367796055258,-0.20596062389438494,-0.10689642570618683,0.0990641981881981,-0.2576181628370806,-0.05348394015975977,0.20413422267732084,0.06326617711235384,0.05353163431072178,0.10528834626807948,nan,nan
45,24,69136,forward,eps,km^2/s^2,1596,1595.0,1.0,-0.14454987922032203,0.045363677406267115,-0.2039761093013847,-0.12198936294855964,0.08198674635282507,-0.834138798996539,-0.08486866037502272,0.7492701386215163,-10.138836630533199,0.0610060769800467,0.691168766675201,nan,nan
45,25,167830,forward,eps,km^2/s^2,1814,1811.0,3.0,-0.8878858260089338,0.14575357579102907,-0.9498363751259056,-0.8070290166280268,0.14280735849787873,-1.0084233505739606,-0.046719852405381124,0.9617034981685795,4.367336765800423,0.10252955411634279,0.8209689523652086,nan,nan
45,26,148588,forward,eps,km^2/s^2,7200,7195.0,5.0,-0.16724841886106911,0.03605885749546007,-0.21011024426750155,-0.11182833653240098,0.09828190773510057,-0.25806587489234245,-0.04380055913553149,0.21426531575681096,0.19419066763361634,0.052776631186067624,0.11995154529561769,nan,nan
45,27,167957,forward,eps,km^2/s^2,2,2.0,0.0,-0.9024841880166579,0.06868615515510096,-0.9643017276562487,-0.840666648377067,0.12363507927918171,-0.9711703431717588,-0.8337980328615568,0.13737231031020192,nan,0.13050369479469182,0.13737231031020192,nan,nan
45,28,12157,forward,eps,km^2/s^2,744,737.0,7.0,-0.8207910042061354,0.043820332634235654,-0.8772036800094465,-0.812430845199834,0.06477283480961249,-0.9840399596112792,-0.05015293496594231,0.9338870246453369,9.974811364081424,0.060250458871954064,0.7694779576536234,nan,nan
45,29,24196,forward,eps,km^2/s^2,3709,3709.0,0.0,-0.9580747014485893,0.029552857420692136,-0.98983838497202,-0.8996486908569771,0.09018969411504296,-0.9932323842007013,-0.8924148262559856,0.1008175579447157,0.42113213238283864,0.051530807413207855,0.058764672014199326,nan,nan
45,30,45291,forward,eps,km^2/s^2,13141,13140.0,1.0,-0.21837817629992,0.02899314747705064,-0.2465522021334614,-0.15730982183796624,0.08924238029549517,-0.25941407703174046,-0.1402799421134553,0.11913413491828517,0.5798210070120146,0.06092195770358203,0.07795183742809297,nan,nan
45,31,88569,forward,eps,km^2/s^2,2769,2766.0,3.0,-0.8689758219342916,0.02284414294086912,-0.9187929967560184,-0.8485000459575447,0.07029295079847375,-0.9555768879107476,-0.8120495647689636,0.14352732314178396,-0.8829245760871377,0.049014563454946924,0.08391797444716675,nan,nan
45,32,176015,forward,eps,km^2/s^2,15556,15554.0,2.0,-0.8675014286989182,0.02217224584476425,-0.9064402306325252,-0.8401969356891187,0.06624329494340653,-1.0169163672704298,-0.13207863108977524,0.8848377361806545,1.4952533017128529,0.0372604402636439,0.7377943151476912,nan,nan
45,33,116002,forward,eps,km^2/s^2,11138,11132.0,6.0,-0.8729819818123002,0.02669910044566078,-0.928449621542684,-0.8413861154733212,0.08706350606936275,-1.0195465359042162,-0.8068933437207682,0.21265319218344803,-0.6725755770901571,0.05911456037258213,0.14994162665586863,nan,nan
45,34,29608,forward,eps,km^2/s^2,452,451.0,1.0,-0.172158841407681,0.06456647166339373,-0.2155442089425776,-0.0688100816647228,0.1467341272778548,-0.8856622325304457,-0.04389160369217371,0.841770628838272,-5.245967484452197,0.10914170907273446,0.7105106334147168,nan,nan
45,35,52314,forward,eps,km^2/s^2,3886,3886.0,0.0,-0.9538259147369008,0.029183157249604904,-0.9851469267368593,-0.9039409912847232,0.08120593545213617,-0.988444367298666,-0.8102890502685777,0.17815531703008836,0.9078877937930647,0.044105385377933265,0.13775732639407878,nan,nan
45,36,31348,forward,eps,km^2/s^2,168,167.0,1.0,-0.8226621769200749,0.04878749352371686,-0.8343597681118998,-0.8118911883738894,0.02246857973801042,-0.9322294570881836,-0.20960742047084435,0.7226220366173393,11.751808777032178,0.019373545217031135,0.6056716020216978,nan,nan
45,37,165874,forward,eps,km^2/s^2,9677,9677.0,0.0,-0.9376197753570327,0.017349265550090875,-0.9572387859073012,-0.90920668674962,0.04803209915768114,-1.020820045950525,-0.8147709750314187,0.2060490709191063,0.9326595063501364,0.026856631785472342,0.11961097978502,nan,nan
45,38,33505,forward,eps,km^2/s^2,629,629.0,0.0,-0.06176224351243187,0.10087565426579848,-0.19827304384430444,-0.04546108462143552,0.15281195922286891,-0.8884989247298686,-0.04453695843987415,0.8439619662899944,-6.346103870146275,0.14065190245927672,0.8308777833448409,nan,nan
45,39,80819,forward,eps,km^2/s^2,7644,7643.0,1.0,-0.21783870991169174,0.012286768928711028,-0.23333179774770474,-0.19542612266364334,0.037905675084061397,-0.2581545765448341,-0.17683244442931279,0.0813221321155213,0.1886254469361315,0.02574287777648976,0.042681628216473255,nan,nan
45,40,37316,forward,eps,km^2/s^2,871,869.0,2.0,-0.9225212759775189,0.049172374753116345,-0.9767698947429908,-0.8288088681743271,0.14796102656866372,-1.020440955040417,-0.8064880705613207,0.21395288447909633,0.44857699788775585,0.10293245058216899,0.12525324819517536,nan,nan
45,41,8287,forward,eps,km^2/s^2,2550,2550.0,0.0,-0.8800328619482523,0.01550206223400932,-0.895484512375801,-0.8635854652381771,0.031899047137623815,-0.9819994090634598,-0.8588310482644335,0.12316836079902638,-3.0428589639003714,0.01822127649934821,0.10447184838068735,nan,nan
45,42,33249,forward,eps,km^2/s^2,308,308.0,0.0,-0.8724900672622791,0.026948804007256605,-0.9348434912731686,-0.8467030532071789,0.0881404380659897,-0.9607537122324092,-0.8201840618752965,0.14056965035711277,-0.8738265297305206,0.06229861352558152,0.0882088344848222,nan,nan
45,43,30636,forward,eps,km^2/s^2,813,813.0,0.0,-0.8951394296123848,0.04081710536544526,-0.9581881802382008,-0.8121879501554892,0.14600023008271168,-1.0160398633790297,-0.8063625597697947,0.2096773036092351,0.11360917635163136,0.09510599088385897,0.11122250256550459,nan,nan
45,44,39017,forward,eps,km^2/s^2,636,636.0,0.0,-0.1258390508907235,0.052761354770213924,-0.21543419959938342,-0.08060198403857088,0.13483221556081254,-0.8393415862779499,-0.04477593560856841,0.7945656506693815,-7.442133213293973,0.08763515034814956,0.711542537026716,nan,nan
45,0,144351,forward,e,-,45608,45605.0,3.0,0.6988896243862843,0.09502861921724483,0.531034012030927,0.8280014146451101,0.2969674026141831,0.19467602866574538,0.8597500074356198,0.6650739787698744,-0.21952078627643495,0.20178680797721382,0.5381447913423956,nan,nan
45,1,23915,forward,e,-,4561,4560.0,1.0,0.5334762233217301,0.014343356995509465,0.5049500994269244,0.5517027582300084,0.04675265880308399,0.4976087052151129,0.5562090261526239,0.058600320937511,-0.37471197635269715,0.04043536431779416,0.04777675852960561,nan,nan
45,2,23568,forward,e,-,825,825.0,0.0,0.4034333957280692,0.03998866105487398,0.36350763764886157,0.492601246632863,0.1290936089840014,0.3535949382275066,0.5792593628985503,0.2256644246710437,1.5000376254411487,0.08291008797392733,0.16956820423961466,nan,nan
45,3,167952,forward,e,-,2141,2139.0,2.0,0.25655818386280593,0.08168802056222092,0.17680840537084855,0.4669544285409569,0.2901460231701084,0.17108557576733655,0.56932910221214,0.39824352644480343,1.06084222905511,0.1998260431646131,0.30220071683579613,nan,nan
45,4,48782,forward,e,-,6026,6026.0,0.0,0.6142514555102047,0.05713591151775911,0.522121887736241,0.6926026111775687,0.1704807234413277,0.19199999451565247,0.7175698908386217,0.5255698963229691,-0.5816074735557376,0.09729630701539846,0.4257168979534027,nan,nan
45,5,51611,forward,e,-,1255,1249.0,6.0,0.24781668266964638,0.0886185630295996,0.1905357104228532,0.48536219811704234,0.2948264876941892,0.17001816509090778,0.745750992301869,0.5757328272109612,1.7270959260853902,0.2334239696603464,0.4938127638451731,nan,nan
45,6,34556,forward,e,-,417,417.0,0.0,0.3080842079053202,0.08376171163339957,0.19448828685026623,0.49042621058101576,0.29593792373074956,0.16987312589813894,0.5113890038622692,0.3415158779641302,0.3388976402397098,0.2166792555340413,0.23764204881529472,nan,nan
45,7,28151,forward,e,-,1230,1230.0,0.0,0.41083193898008163,0.076547410756615,0.2777009280128368,0.5136450290061344,0.2359441009932976,0.17689843824555226,0.572716237374,0.3958177991284477,-0.3696260292672685,0.12052912720064757,0.22001093375240013,nan,nan
45,8,40083,forward,e,-,898,898.0,0.0,0.5713616879969394,0.08832728465118861,0.48068695981097537,0.7215394746698258,0.24085251485885045,0.17020378480203383,0.8772211912241045,0.7070174064220707,0.12490236411075746,0.14969234831594092,0.4020544782347939,nan,nan
45,9,175498,forward,e,-,2764,2763.0,1.0,0.22985124070611046,0.05849866115547985,0.17351642950916654,0.30985320475533545,0.1363367752461689,0.17158521713978328,0.5709867870567714,0.39940156991698816,2.253268253527236,0.1301129144863056,0.39124649678774154,nan,nan
45,10,9905,forward,e,-,4957,4957.0,0.0,0.4413292994945532,0.03971707020462544,0.37913022897433335,0.49498371963135696,0.1158534906570236,0.183587739531971,0.507021331978988,0.323433592447017,-0.7393298952025446,0.06568013436116073,0.2461216423838976,nan,nan
45,11,210090,forward,e,-,3039,3034.0,5.0,0.27003212373290847,0.07773363735022404,0.24222410057540875,0.5046093546002076,0.26238525402479884,0.17007196115669213,0.5625278524918813,0.3924558913351892,1.90679735942397,0.23210297536302513,0.29002147325469885,nan,nan
45,12,22717,forward,e,-,781,780.0,1.0,0.23188702521554305,0.05527281771181845,0.18817364310878404,0.35314531754978606,0.16497167444100203,0.17160304738794754,0.5650182522356815,0.39341520484773396,2.4806628798959376,0.13132375411821276,0.34319668880410814,nan,nan
45,13,156237,forward,e,-,2361,2361.0,0.0,0.4179392902294031,0.06727647531382018,0.35604400604939235,0.5604449170538472,0.2044009110044549,0.3534727015855489,0.6017595388155494,0.24828683723000056,0.6492003623082166,0.13820391692045858,0.17951853868216078,nan,nan
45,14,165903,forward,e,-,8837,8836.0,1.0,0.3966773858316319,0.03889007296979177,0.35395697607230575,0.45580887012755733,0.10185189405525158,0.18348856211826728,0.5723949176684211,0.38890635555015385,-0.56685625111702,0.08147484424501619,0.19557835021416436,nan,nan
45,15,43359,forward,e,-,2140,2140.0,0.0,0.36495126020689495,0.04250373110049628,0.30827766842808113,0.4495744828672434,0.14129681443916225,0.22394481879656414,0.506451343596895,0.2825065248003309,0.5873141536044405,0.0829651131559853,0.14326703336580526,nan,nan
45,16,50026,forward,e,-,1248,1244.0,4.0,0.6143405940637152,0.09862184179936366,0.48290252190156224,0.80521153248713,0.3223090105855677,0.1988113310901953,0.8952125964134294,0.6964012653232341,0.4145432193634458,0.19856334395469769,0.4089440701487883,nan,nan
45,17,61863,forward,e,-,434,434.0,0.0,0.4149106169943004,0.08601389614393173,0.19891692185396997,0.5100110348646717,0.3110941130107017,0.16949320295763892,0.679737315913825,0.5102441129561861,-0.8090588864675542,0.24560823150341027,0.2635886004294982,nan,nan
45,18,120454,forward,e,-,12566,12565.0,1.0,0.46152531553136084,0.04123365270877197,0.38857451800086995,0.5014432578090413,0.11286873980817136,0.17246289018799887,0.5112590529177172,0.33879616272971835,-1.5684140805201112,0.06003381420866309,0.2738538911800603,nan,nan
45,19,32794,forward,e,-,286,286.0,0.0,0.46583296069460606,0.07085555973191418,0.24644991505811525,0.5155946530260395,0.2691447379679242,0.1816681563092763,0.5168726041016974,0.33520444779242115,-1.6793535675923115,0.2188649877063007,0.28364674645513965,nan,nan
45,20,110203,forward,e,-,1784,1784.0,0.0,0.40491652166043074,0.06671053776575588,0.3000619771023982,0.5096246398968377,0.20956266279443952,0.20922154755111183,0.5184689620320352,0.30924741448092335,-0.06844476620026582,0.11892460376095507,0.20976503331224144,nan,nan
45,21,59987,forward,e,-,335,334.0,1.0,0.2470292556816246,0.07358235902928087,0.2009966363928943,0.42790226144079135,0.22690562504789705,0.16971236327555636,0.5711935451900068,0.40148118191445037,1.2885148104296027,0.1962450795876214,0.33953636333683684,nan,nan
45,22,65627,forward,e,-,751,751.0,0.0,0.37955502039529676,0.047027136735878244,0.361264941423582,0.5062485508846155,0.1449836094610335,0.35737832241848155,0.559433957908004,0.20205563548952243,1.3304466440922171,0.11279128947121975,0.16597669649460828,nan,nan
45,23,153188,forward,e,-,3577,3570.0,7.0,0.5955701593964329,0.09158155484268939,0.5001977477004983,0.7447191535272565,0.2445214058267582,0.3583023129665651,0.8726010775688735,0.5142987646023084,0.010356778480696648,0.13107742675738895,0.2604604577841343,nan,nan
45,24,69136,forward,e,-,1596,1595.0,1.0,0.6535165474054944,0.06842142619040495,0.5043291795465868,0.7082912784993737,0.20396209895278683,0.1759040453018719,0.7977850458000278,0.621881000498156,-1.7467220727297907,0.1530441186061115,0.48146925285082653,nan,nan
45,25,167830,forward,e,-,1814,1811.0,3.0,0.37096161853147464,0.10390748705286723,0.1777523746778785,0.5002678250048284,0.32251545032694984,0.1698141830836259,0.8887012718543874,0.7188870887707615,0.5794288604747045,0.17593384681396962,0.5643672936635287,nan,nan
45,26,148588,forward,e,-,7200,7195.0,5.0,0.5977640207037352,0.0893406744220681,0.4894011950908165,0.7328600729970048,0.24345887790618836,0.3570046691330681,0.8956399397956282,0.5386352706625601,0.15816659092720595,0.1284683743677026,0.2892087486538234,nan,nan
45,27,167957,forward,e,-,2,2.0,0.0,0.3759789030646464,0.12650002244080666,0.26212888286792035,0.48982892326137234,0.22770004039345199,0.24947888062383972,0.502478925505453,0.2530000448816133,nan,0.24035004263753265,0.2530000448816133,nan,nan
45,28,12157,forward,e,-,744,737.0,7.0,0.21470107656801132,0.059168509105479945,0.18834571112100618,0.3493322375416165,0.16098652642061034,0.17222573043226008,0.8805307353897781,0.708305004957518,4.186196074932093,0.13855953001496393,0.6697580278631255,nan,nan
45,29,24196,forward,e,-,3709,3709.0,0.0,0.4824504071124711,0.04730064054265825,0.3850084922905202,0.5298688821502028,0.14486038985968258,0.3717351302901192,0.5347098092684178,0.16297467897829865,-0.5021334417257209,0.08661551523599594,0.09988887723639694,nan,nan
45,30,45291,forward,e,-,13141,13140.0,1.0,0.467534412531146,0.07520223869504172,0.39062481709996755,0.6220881993792694,0.23146338227930185,0.35321325181105695,0.6645258333710417,0.3113125815599847,0.5250529436203206,0.1547363556134627,0.1971739896052349,nan,nan
45,31,88569,forward,e,-,2769,2766.0,3.0,0.32674612928475927,0.04442944453614724,0.28276759295547776,0.4188620431562147,0.13609445020073696,0.1885850058045523,0.47898960426842624,0.2904045984638739,0.6312349419674615,0.09164127852083623,0.14681690637331113,nan,nan
45,32,176015,forward,e,-,15556,15554.0,2.0,0.324418059018108,0.042396865681543446,0.2640813862880494,0.3980973317754729,0.13401594548742352,0.17006665311222163,0.6839207812347965,0.5138541281225748,0.6193223246845581,0.07535857326726085,0.35477363899072195,nan,nan
45,33,116002,forward,e,-,11138,11132.0,6.0,0.3352593247546545,0.05177755954574343,0.26666311349005895,0.435360883446419,0.16869776995636004,0.17073231361406763,0.5711940403640638,0.40046172674999625,0.38750749132248713,0.1103648653257287,0.24278481958449355,nan,nan
45,34,29608,forward,e,-,452,451.0,1.0,0.5855120239009662,0.11279874208092394,0.475217949816558,0.8360116431745315,0.36079369335797346,0.2587020329784887,0.8954250633070769,0.6367230303285882,0.5291555208591394,0.26286243014213234,0.3193497306139127,nan,nan
45,35,52314,forward,e,-,3886,3886.0,0.0,0.4758982579162615,0.0483618168492321,0.39286647272470887,0.5230866841127569,0.13022021138804807,0.18060150104343092,0.5278521996736902,0.3472506986302593,-1.2906243120257794,0.07389870937404873,0.2861636810553267,nan,nan
45,36,31348,forward,e,-,168,167.0,1.0,0.2207024561673497,0.03422746966744681,0.18825738574667158,0.2516323377877963,0.06337495204112473,0.18083186966763734,0.4909186749852805,0.3100868053176432,4.610861891372687,0.05289477341218114,0.29218111060966534,nan,nan
45,37,165874,forward,e,-,9677,9677.0,0.0,0.45047432447664765,0.029325347089423286,0.4027046909395364,0.4814712659593021,0.0787665750197657,0.1969318777373442,0.572955757279698,0.37602387954235383,-1.6568228516085302,0.045434248439512166,0.24826417094660916,nan,nan
45,38,33505,forward,e,-,629,629.0,0.0,0.8528791453771809,0.1180869340936197,0.51951875955222,0.8916808371728775,0.37216207762065745,0.1705568463462666,0.8938855077288688,0.7233286613826022,-2.3882428101724145,0.3432254800255823,0.6921873932315357,nan,nan
45,39,80819,forward,e,-,7644,7643.0,1.0,0.4689919416013986,0.03241027294021808,0.42736936658773517,0.5272140258624538,0.09984465927471864,0.35681153740641086,0.5738339932516346,0.21702245584522378,0.09228890787207746,0.06680879294048603,0.10881280763302131,nan,nan
45,40,37316,forward,e,-,871,869.0,2.0,0.42532003660404527,0.09204142360225338,0.23433729549866197,0.5108525297546924,0.2765152342560304,0.1690549787012258,0.5724196200563394,0.40336464135511363,-0.7656321190740729,0.20626260428396923,0.2715449210814064,nan,nan
45,41,8287,forward,e,-,2550,2550.0,0.0,0.34823135859869914,0.028100539846192943,0.3150950014155207,0.3771711918857759,0.0620761904702552,0.3050131719848517,0.5185090086168794,0.2134958366320277,2.5329390439752535,0.03553846335330805,0.17517814952162047,nan,nan
45,42,33249,forward,e,-,308,308.0,0.0,0.33393383892054007,0.051331104970284064,0.27909891643764184,0.44618248732211585,0.167083570884474,0.21320057943695322,0.48692515219686106,0.2737245727599078,0.6252452196544179,0.1137502353421386,0.15287736811426855,nan,nan
45,43,30636,forward,e,-,813,813.0,0.0,0.3772244764623769,0.07952933759205688,0.1863960483140761,0.48271604642610344,0.29631999811202736,0.16857236846964585,0.5665258078421068,0.39795343937246097,-0.5506111559995689,0.2082699619281584,0.22609364177258884,nan,nan
45,44,39017,forward,e,-,636,636.0,0.0,0.6994717910726511,0.09072423026055451,0.47541102752700765,0.8079631520376739,0.33255212451066624,0.19421885160693464,0.8933250748032786,0.699106223196344,-1.1346590554371723,0.21933099598446576,0.5005231719045388,nan,nan
45,0,144351,forward,w,deg,45608,45605.0,3.0,-3.314974830456663,20.49254293615176,-21.50161482174743,34.85200658535387,56.3536214071013,-177.73944929144454,176.88940744864124,354.6288567400858,-0.04768249762695218,56.274625070103234,179.2103103411779,173.92535608431993,0.943630754204389
45,1,23915,forward,w,deg,4561,4560.0,1.0,-0.4083011184536076,4.3979959803905375,-6.383943696318553,8.139357851549113,14.523301547867666,-7.65899720346647,15.082006059717344,22.741003263183813,0.5467257529522966,8.402183251989191,15.344831460157422,306.1487339541875,0.9970582687205634
45,2,23568,forward,w,deg,825,825.0,0.0,-6.050891500473199,24.751747433405026,-25.55394638639841,46.58888955984706,72.14283594624547,-26.500176446655587,168.0758472587255,194.5760237053811,1.4741592473876712,69.65027476005984,177.41427431620622,207.41472749899424,0.9156582823136156
45,3,167952,forward,w,deg,2141,2139.0,2.0,-2.4721736186770613,34.26725556576228,-37.29217218617591,70.19473020336845,107.48690238954435,-43.300751355540626,177.6700265027756,220.97077785831624,1.2142702192865034,63.98307541534446,152.33981469827233,70.455211737501,0.8451356480208115
45,4,48782,forward,w,deg,6026,6026.0,0.0,-5.956722415681796,22.386923776771116,-17.866774732950766,42.304484678398495,60.17125941134926,-179.69184326093415,160.30223155407697,339.9940748150111,0.6925827034483839,56.33093983729285,173.14721287609058,180.4346181386299,0.934073801201656
45,5,51611,forward,w,deg,1255,1249.0,6.0,-6.139708377371164,34.85808668677914,-38.441661943986176,67.19954222021848,105.64120416420465,-170.57841237045983,157.33953973809975,327.9179521085596,0.5347274131097686,56.6345923837785,177.70543849837873,104.52645727413763,0.838335548263988
45,6,34556,forward,w,deg,417,417.0,0.0,-5.413120687172324,43.09643434278618,-40.59135456205877,87.90460757235552,128.4959621344143,-173.09553479840747,146.26851291892467,319.36404771733214,0.4299353613258381,128.48427504237847,175.9743409168952,84.47763872134654,0.7751259713085009
45,7,28151,forward,w,deg,1230,1230.0,0.0,-12.813392800609392,39.23414117632435,-29.84344416392169,74.9998243908268,104.84326855474849,-144.14141103909546,174.09672467745304,318.2381357165485,1.4930509472184823,102.69887308272801,169.37049050141914,346.26296067694466,0.8093741245103993
45,8,40083,forward,w,deg,898,898.0,0.0,-4.834580355861107,25.480712648242168,-23.30763830758668,43.09376600059424,66.40140430818093,-157.98938505550223,154.4546303019223,312.4440153574245,1.17206570121221,63.69779011539354,173.61174091335675,312.07787907524886,0.9176366575469181
45,9,175498,forward,w,deg,2764,2763.0,1.0,-3.5944682931007605,24.67452764419724,-17.24122840571713,31.329608686086043,48.57083709180317,-175.27349709810318,178.69092223404033,353.9644193321435,0.026198980271566627,36.34183212317402,178.5619104093364,16.74442159213252,0.933034492491095
45,10,9905,forward,w,deg,4957,4957.0,0.0,-1.2097996069582564,11.40139523730793,-6.933060405209654,14.788256177433407,21.721316582643063,-127.88608836619085,150.05691950292692,277.94300786911776,4.8160039491194295,17.52057600982557,152.69747615067098,297.9425919901221,0.9853095030444079
45,11,210090,forward,w,deg,3039,3034.0,5.0,-8.08964029337399,33.787273620873144,-23.25238760859139,85.42317609494633,108.67556370353772,-152.168256997453,131.8757136552802,284.0439706527332,1.6115300838574336,102.34252630673258,148.72392196383436,61.18524415058006,0.8520949874679016
45,12,22717,forward,w,deg,781,780.0,1.0,-3.761289119834643,24.441988238810165,-21.43675063336761,55.66709131956454,77.10384195293216,-154.97833563797295,178.93443197446965,333.9127676124426,2.107623700456202,64.65973945494386,172.95344454927897,159.7414173093859,0.9281823930120775
45,13,156237,forward,w,deg,2361,2361.0,0.0,-6.734959828506504,38.9985181254414,-36.53970493423665,81.00858314130232,117.54828807553898,-40.909733831836206,165.2661056758625,206.1758395076987,1.4880691208381822,103.6489007802029,179.47530229569247,237.76758563510018,0.8113997171687033
45,14,165903,forward,w,deg,8837,8836.0,1.0,-8.61891009059346,26.58552658466905,-18.163726297685088,40.9594039307784,59.12313022846349,-179.67362761369975,168.34132282892108,348.01495044262083,0.9192662795946566,71.7601620447294,179.95932891494658,8.96353182326792,0.9101347356933386
45,15,43359,forward,w,deg,2140,2140.0,0.0,-4.421006425875987,12.745466442461087,-9.161843941222,25.727606444746783,34.889450385968786,-133.3377682978852,59.41464782177678,192.75241611966197,-0.5296075999647817,30.960395327184216,128.67070258822565,300.1631315439811,0.9771243597287379
45,16,50026,forward,w,deg,1248,1244.0,4.0,-6.465352248710147,40.88260886249828,-30.12625067716858,73.95449095139065,104.08074162855924,-179.44751648515722,179.95889970048506,359.4064161856423,0.9803138607699861,103.44687151283401,178.6145320074565,258.1152296041083,0.8202748068591454
45,17,61863,forward,w,deg,434,434.0,0.0,-0.48697281633054956,36.67451447230814,-65.08539276378634,40.27379770228287,105.35919046606921,-176.4125966553707,176.72280318022035,353.13539983559104,-0.05382821409250642,69.35100634366934,179.9362566592041,60.762445149638964,0.8627982198994438
45,18,120454,forward,w,deg,12566,12565.0,1.0,-3.091380718634383,21.07246550978766,-19.140606336760946,34.36887643519312,53.50948277195407,-174.6097327652506,176.40664692062035,351.01637968587096,1.9839466794634388,46.828938377255035,178.29126688496774,11.729689471883065,0.9449787436928576
45,19,32794,forward,w,deg,286,286.0,0.0,-5.0010098539138,41.447490498117055,-27.61661755861708,121.46774274668407,149.08436030530115,-34.26319349319414,143.9419680632957,178.20516155648983,2.0168767807258345,136.27487202036912,158.74909733698075,30.493264863639528,0.8046619506635372
45,20,110203,forward,w,deg,1784,1784.0,0.0,-1.5091698731851295,21.75827883709714,-38.77280291703592,29.93294927043853,68.70575218747445,-177.71003441064826,178.25943915916582,355.9694735698141,0.18875519571864527,38.7723154261799,179.31837546620426,334.2412052393604,0.9406819998483661
45,21,59987,forward,w,deg,335,334.0,1.0,-3.3856691415333415,25.701522698129626,-18.481449143433487,43.38204925219253,61.86349839562602,-73.26616529101796,147.40146043013726,220.66762572115522,2.2800444488799414,56.39219331419816,158.48398919960704,151.17816868472246,0.9170318936293508
45,22,65627,forward,w,deg,751,751.0,0.0,-2.7064444391223788,20.64319972751832,-26.870568673479312,43.96728448665681,70.83785316013612,-30.750126118715087,95.24478408737787,125.99491020609295,0.8802848547638571,38.930915185468564,90.20841478618968,213.96891559283617,0.9376446522916292
45,23,153188,forward,w,deg,3577,3570.0,7.0,-4.635316188594501,50.89544909551045,-37.36885709232815,129.80731827305834,167.17617536538648,-178.78757139370566,179.65779031948324,358.4453617131889,1.0370374754334706,154.57519615533474,179.99702860138595,247.84727280727125,0.7351907914587961
45,24,69136,forward,w,deg,1596,1595.0,1.0,-4.629976645440422,27.89030820244842,-18.709076755292685,40.041415484935264,58.75049224022795,-172.27319245963776,173.58384547064884,345.8570379302866,0.6137544567338208,59.477318069166905,179.78598121990592,200.88528456826535,0.9133122864802052
45,25,167830,forward,w,deg,1814,1811.0,3.0,-4.277900236965394,31.058526373590475,-46.624224529264254,53.02196761283602,99.64619214210028,-177.377192455893,162.49921140489187,339.8764038607849,0.1998482082107874,73.4126507375817,174.81345573515637,132.1946636989923,0.877909153183465
45,26,148588,forward,w,deg,7200,7195.0,5.0,-4.857041336128816,33.22278814124395,-27.20942433450914,63.48139010270802,90.69081443721716,-177.23273357868678,178.8386078131217,356.07134139180846,1.441500217924399,99.3001155043852,178.99217234988635,293.56872682115727,0.8695497403706122
45,27,167957,forward,w,deg,2,2.0,0.0,1.4210854715202004e-14,32.65350219809896,-29.388151978289052,29.388151978289077,58.77630395657813,-32.65350219809895,32.65350219809898,65.30700439619793,nan,62.04165417638803,65.30700439619793,133.3077657150381,0.841948931277264
45,28,12157,forward,w,deg,744,737.0,7.0,-3.698995196351518,19.030625644024177,-21.714843048431128,32.01341790296475,53.728260951395875,-42.69077224249244,118.28203356673458,160.97280580922703,2.331992165891784,40.75604223421486,127.0246578979847,165.3117726068167,0.9503271264914018
45,29,24196,forward,w,deg,3709,3709.0,0.0,-3.157224109407082,12.353018057519014,-12.74849126279771,32.80089358623239,45.549384849030105,-13.773423800684554,48.205452657848184,61.97887645853274,1.720557229555737,37.57841708108087,52.982976152696665,303.5535670776525,0.9773295085584339
45,30,45291,forward,w,deg,13141,13140.0,1.0,-5.7207496803791,24.540542405109342,-27.584588689763443,43.92093926913013,71.50552795889357,-178.0575795583497,178.1762767555341,356.2338563138838,0.7452826693897968,68.80752434109722,177.89762301533187,191.69750574395172,0.9158148163211294
45,31,88569,forward,w,deg,2769,2766.0,3.0,-2.703446183985619,16.664901526808528,-15.556199736561297,30.412528824617638,45.968728561178935,-150.35657534290502,66.45110297668174,216.80767831958676,-1.4862576581311413,36.293594749729294,145.16837505215923,312.89599938189866,0.9633390664253233
45,32,176015,forward,w,deg,15556,15554.0,2.0,-2.089332825401968,19.786494202989704,-18.48333883814401,35.66735702238364,54.15069586052765,-179.84302366963936,178.12325704661293,357.9662807162523,1.7403161586616338,53.75677741691947,179.85458155412624,15.354937832842754,0.9506725288101529
45,33,116002,forward,w,deg,11138,11132.0,6.0,-4.613780732455908,28.566146788590355,-23.572575143867518,37.01292537061625,60.58550051448377,-177.52198173978127,179.35306275019605,356.8750444899773,-1.9569991160146187,61.12264352529956,175.83915535249412,16.412152033882627,0.9070291031206459
45,34,29608,forward,w,deg,452,451.0,1.0,-4.883204669109205,45.132539019985835,-29.744164650283892,132.6949865732172,162.43915122350109,-178.9452516832905,176.0902115788184,355.0354632621089,1.5673628164082274,156.93843122319146,178.30881966809847,278.3435529099809,0.7923272848824369
45,35,52314,forward,w,deg,3886,3886.0,0.0,-0.9303384768313379,21.218973651884546,-19.362734405849764,21.95746923355337,41.32020363940313,-177.8504528592332,154.80015332344277,332.650606182676,2.851085559446799,28.585919407141972,171.49550398701933,314.7538552225458,0.946581913265578
45,36,31348,forward,w,deg,168,167.0,1.0,-1.6234284415706384,16.186297697092815,-12.466067111258315,27.606833667231715,40.07290077849003,-83.86880884512328,52.70715720246369,136.57596604758697,-0.9800053282149153,36.14952261042637,84.57164519190087,348.26117690476303,0.9633104581671645
45,37,165874,forward,w,deg,9677,9677.0,0.0,-2.100960017713504,16.918228885832672,-17.09956898189364,22.032322629573137,39.13189161146678,-179.59957856359028,179.64220072712237,359.24177929071266,1.9277078359153526,30.22497494503216,178.52591409025746,8.533519855491674,0.9629185186870531
45,38,33505,forward,w,deg,629,629.0,0.0,-6.246911357029774,43.14250853070395,-23.369619805921094,114.31583622841768,137.68545603433878,-179.62558943469048,178.27656223368024,357.9021516683707,1.0477648902048158,135.53609238559017,174.19545509521902,288.0928016314774,0.811976175828244
45,39,80819,forward,w,deg,7644,7643.0,1.0,-2.8964518979632032,23.00127111647435,-28.404959651854007,39.528966786916435,67.93392643877044,-173.28187835674646,171.56951830784146,344.8513966645879,0.8692130244205143,42.55998709515396,176.24685940207155,194.96023677210079,0.925353645247316
45,40,37316,forward,w,deg,871,869.0,2.0,0.339281789596555,40.82371491354116,-65.29413087735692,53.73146823753775,119.02559911489467,-175.67270582652418,162.30593347529873,337.9786393018229,-0.711541703994638,68.47926889729881,176.40497062874397,43.588908488972514,0.8074701177431823
45,41,8287,forward,w,deg,2550,2550.0,0.0,-1.6562272371141944,7.349251963795778,-3.9628800254090577,5.456769765660845,9.419649791069903,-4.091851004165733,70.56887214722974,74.66072315139547,6.137676839831456,8.732867920215021,73.84497030178392,293.5013431550426,0.9923198347057393
45,42,33249,forward,w,deg,308,308.0,0.0,-3.9188951427610164,22.23007151253909,-26.426178154027873,39.19232681220918,65.61850496623705,-30.700818295276576,159.62215871977241,190.322977015049,1.7144229539635163,51.303365196460696,171.73319710402393,16.964113688777697,0.9329238079141096
45,43,30636,forward,w,deg,813,813.0,0.0,-1.7465165259470723,35.910254545309044,-48.680803016306356,31.14460382819372,79.82540684450008,-177.0729123452346,157.65268157591333,334.72559392114795,-1.8615561061619337,77.09638522713675,172.31928087574357,41.46509714076253,0.8780723722766265
45,44,39017,forward,w,deg,636,636.0,0.0,-0.9671743469498892,23.05196043875867,-10.92324919680641,12.952713241068864,23.875962437875273,-174.87091153933312,169.8074305741075,344.67834211344064,2.2817461902661305,18.562175422666286,173.44101045499798,253.46898273321128,0.9515231271881497
50,0,155584,backward,eps,km^2/s^2,12184,12184.0,0.0,-0.12146207841268375,0.020295599572531343,-0.1576378806237415,-0.09133589928476879,0.06630198133897272,-0.18278424171518703,-0.08135474934452647,0.10142949237066057,-0.15285696726869205,0.036600214957060936,0.057438363531064685,nan,nan
50,1,24196,backward,eps,km^2/s^2,3715,3715.0,0.0,-0.9423631063863116,0.014405396021471084,-0.9643427949489503,-0.9188064603024976,0.04553633464645268,-0.9706821246471251,-0.907708795197663,0.0629733294494621,0.07857917809423734,0.02569695390364694,0.03209845322054061,nan,nan
50,2,23568,backward,eps,km^2/s^2,824,824.0,0.0,-0.8144963801518759,0.006969210619866607,-0.8283992488670489,-0.8074961302108403,0.02090311865620853,-0.8370017383849269,-0.8071063254947568,0.02989541289017006,-0.4940331378755619,0.014177424615629389,0.02277991413350744,nan,nan
50,3,171049,backward,eps,km^2/s^2,2417,2417.0,0.0,-0.24196429837443867,0.012885423071874185,-0.2570077789653632,-0.2170902972865908,0.039917481678772404,-0.2583797228347101,-0.18414683527103926,0.07423288756367086,0.7812230135345567,0.025760003278402985,0.05870346529395454,nan,nan
50,4,50148,backward,eps,km^2/s^2,5559,5559.0,0.0,-0.9376402835172045,0.01624818616905505,-0.9605696068583891,-0.9103884750254669,0.050181131832922166,-0.9622160199056999,-0.9024964387710649,0.05971958113463505,0.13541508002367347,0.026956779890844582,0.031167255322341103,nan,nan
50,5,51611,backward,eps,km^2/s^2,1286,1286.0,0.0,-0.06743545196384748,0.034254475232183064,-0.13842113391667654,-0.04536693693335053,0.09305419698332601,-0.18222249655723388,-0.043834796693581146,0.13838769986365274,-0.6869471677227126,0.05020256537409412,0.087573094879705,nan,nan
50,6,20504,backward,eps,km^2/s^2,378,378.0,0.0,-0.8212919432155759,0.004393796819488981,-0.827191775419958,-0.8143138606207523,0.012877914799205747,-0.8334337095572709,-0.8084343517730258,0.024999357784245113,0.3685751901396406,0.007710124920642225,0.012663527679055986,nan,nan
50,7,27924,backward,eps,km^2/s^2,1214,1214.0,0.0,-0.8780803063288141,0.020498239261855105,-0.9162163065047837,-0.8489695078242059,0.06724679868057781,-0.9289055232849311,-0.8395804715013931,0.089325051783538,-0.3146238028039901,0.03647172678755657,0.04662523413842978,nan,nan
50,8,76903,backward,eps,km^2/s^2,285,285.0,0.0,-0.973942660589807,0.014493667726201366,-1.0083787943141778,-0.9641504406337686,0.044228353680409116,-1.020836128343177,-0.8345324115587243,0.1863037167844528,1.800657719447807,0.03576751054275677,0.1416978567837882,nan,nan
50,9,78960,backward,eps,km^2/s^2,18817,18817.0,0.0,-0.09374641244116722,0.027829113306837325,-0.16004101265521437,-0.06587403755221086,0.09416697510300351,-0.1890364581202334,-0.04380722131250103,0.14522923680773236,-1.0815496087665109,0.0732730434271715,0.10226848889219053,nan,nan
50,10,9905,backward,eps,km^2/s^2,4965,4965.0,0.0,-0.8832401760358202,0.017080810328360695,-0.91277404124753,-0.8587993074866651,0.053974733760864924,-0.9203782000921739,-0.8266489635356632,0.09372923655651066,-0.12220548080273035,0.03258496767606058,0.05382898216595955,nan,nan
50,11,210447,backward,eps,km^2/s^2,3063,3063.0,0.0,-0.16519749440671305,0.03803730523131245,-0.21632772520202628,-0.09374690465924805,0.12258082054277823,-0.23082458601177636,-0.06893817448948147,0.16188641152229488,0.32685983753376485,0.06735269460913902,0.09099601325196383,nan,nan
50,12,22498,backward,eps,km^2/s^2,655,655.0,0.0,-0.8284949846619181,0.005016123485575148,-0.8336562788526369,-0.8256767680944633,0.007979510758173602,-0.930119919795011,-0.82388260283877,0.10623731695624095,-12.912652950144984,0.0053666302913955004,0.10183027123376953,nan,nan
50,13,152421,backward,eps,km^2/s^2,1773,1773.0,0.0,-0.1659137089186058,0.03415013536309462,-0.20485722130533124,-0.10713425112825219,0.09772297017707905,-0.23396340960576145,-0.10516774570996834,0.1287956638957931,0.22477071354379805,0.057842534085795975,0.06916216066544179,nan,nan
50,14,166474,backward,eps,km^2/s^2,8815,8815.0,0.0,-0.22197714182110562,0.013502716194862655,-0.23566885197357107,-0.19304109546649303,0.042627756507078035,-0.25578963945942146,-0.1726814825698717,0.08310815688954976,0.8054738771646278,0.031236316142469123,0.05157748600914791,nan,nan
50,15,43359,backward,eps,km^2/s^2,2140,2140.0,0.0,-0.9877201901012103,0.011298912513710017,-0.9995728211448692,-0.9652154561354721,0.03435736500939712,-1.020754723273971,-0.962106439474604,0.05864828379936715,0.42305424508747563,0.027723786390410187,0.03079324436457287,nan,nan
50,16,41854,backward,eps,km^2/s^2,7409,7409.0,0.0,-0.8678999843922165,0.021232360330192844,-0.902704689683868,-0.8388298017567716,0.06387488792709639,-0.9111615241045403,-0.8271810990468699,0.08398042505767045,-0.10439434630657293,0.041188045887436193,0.05283674859733789,nan,nan
50,17,61863,backward,eps,km^2/s^2,433,433.0,0.0,-0.9752572448791391,0.006476759853699701,-0.9791454508480764,-0.9637043442467099,0.015441106601366439,-1.0207437552380227,-0.9621434813573366,0.058600273880686116,-2.5573230328607734,0.012731731830725132,0.044606558678868424,nan,nan
50,18,120454,backward,eps,km^2/s^2,12525,12525.0,0.0,-0.15442019862480139,0.01987096470884587,-0.18639826592390046,-0.12500892024021606,0.0613893456836844,-0.19456730144515944,-0.08366161185971288,0.11090568958544655,-0.06399668122349719,0.03323804900437077,0.07289613175813603,nan,nan
50,19,30745,backward,eps,km^2/s^2,271,271.0,0.0,-0.8164294102101977,0.00973836507734644,-0.8358010662812118,-0.8066936405080409,0.029107425773170825,-0.8384292465047128,-0.8065266032009923,0.0319026433037205,-0.4474222050784338,0.01828254418442199,0.020910724407923076,nan,nan
50,20,110203,backward,eps,km^2/s^2,1784,1784.0,0.0,-0.9403934334559172,0.02651887471041186,-0.9623161480778267,-0.8931904821609559,0.06912566591687086,-0.9718347483467081,-0.8387542211187415,0.1330805272279666,1.5141180699777934,0.04617906720882984,0.10061532825104413,nan,nan
50,21,78354,backward,eps,km^2/s^2,269,269.0,0.0,-0.8718008025747919,0.018945420536418373,-0.9024363468036533,-0.8320249189538649,0.07041142784978838,-0.9409783243448833,-0.8261229694281379,0.11485535491674537,-0.1521581649684975,0.04981833508574653,0.059419536085221325,nan,nan
50,22,65262,backward,eps,km^2/s^2,717,717.0,0.0,-0.8457134248281781,0.014523110818805241,-0.8696820126408746,-0.8301166766217908,0.03956533601908385,-0.9315565874687408,-0.8223662086084083,0.10919037886033256,-1.2536270655986999,0.03139449411456964,0.07105634606334121,nan,nan
50,23,151422,backward,eps,km^2/s^2,3376,3376.0,0.0,-0.23345247655462376,0.021463014955898675,-0.2584199743994776,-0.1939079500556716,0.06451202434380601,-0.2593276385082858,-0.17558576060658349,0.08374187790170229,0.3165750866726198,0.043000114109118,0.061322303558206115,nan,nan
50,24,69514,backward,eps,km^2/s^2,1548,1548.0,0.0,-0.9670686416366132,0.0034284933084751225,-0.9734727954289112,-0.96265996021546,0.010812835213451222,-0.9750811766453065,-0.9622035491243005,0.012877627521005963,-0.31885190778995903,0.005847931489560282,0.006884050333608949,nan,nan
50,25,168114,backward,eps,km^2/s^2,1774,1774.0,0.0,-0.19386253077899462,0.0294959959644962,-0.2144448499670695,-0.1263105447403954,0.08813430522667409,-0.25699386180809547,-0.11586798314570224,0.14112587866239323,0.7119750000022702,0.07319016479280913,0.0836327263875023,nan,nan
50,26,148588,backward,eps,km^2/s^2,6986,6986.0,0.0,-0.16441173730345066,0.03491953517752195,-0.20945004609873855,-0.11178695563792096,0.09766309046081759,-0.23203998749279275,-0.05346711916811764,0.17857286832467512,0.10435285157344007,0.05591861301896364,0.1141517749607458,nan,nan
50,27,167957,backward,eps,km^2/s^2,1,1.0,0.0,-0.2452346838837789,0.0,-0.2452346838837789,-0.2452346838837789,0.0,-0.2452346838837789,-0.2452346838837789,0.0,nan,0.0,0.0,nan,nan
50,28,12828,backward,eps,km^2/s^2,588,588.0,0.0,-0.8149052999811732,0.005248199761266546,-0.824620573355495,-0.810820397292446,0.013800176063048952,-0.8533952571216736,-0.8066952124091532,0.04670004471252043,-1.9094070946704138,0.008814853322317,0.03740170422870426,nan,nan
50,29,34556,backward,eps,km^2/s^2,417,417.0,0.0,-0.9315394289062782,0.03850724088849353,-0.969357299634315,-0.8456142679504677,0.12374303168384737,-0.9771211451188989,-0.8328338051921877,0.14428733992671117,0.6118605402778791,0.07811848863290871,0.09089895139118864,nan,nan
50,30,48939,backward,eps,km^2/s^2,6961,6961.0,0.0,-0.8676764188207118,0.019214012008069107,-0.8982476555465262,-0.8372510562271982,0.06099659931932799,-0.9225686439359054,-0.8254999296435742,0.09706871429233122,-0.03357703805648821,0.040201575547302526,0.05186345948226079,nan,nan
50,31,88569,backward,eps,km^2/s^2,2769,2769.0,0.0,-0.993433941652412,0.012534769846854697,-1.0063038089395036,-0.9680656531060337,0.0382381558334699,-1.0086547271271056,-0.9621646573746935,0.0464900697524121,0.44964594506759037,0.02944525078528932,0.03534624651662954,nan,nan
50,32,176015,backward,eps,km^2/s^2,15599,15599.0,0.0,-0.23428767123225114,0.013653841200154818,-0.2477241437000902,-0.2036190924565897,0.044105051243500476,-0.25819055416029335,-0.19138464943884914,0.06680590472144421,0.7167970483338427,0.03178533431381869,0.04401977733155926,nan,nan
50,33,116002,backward,eps,km^2/s^2,11190,11190.0,0.0,-0.17244972078348692,0.021791906544470215,-0.20701211003042155,-0.13912993074929866,0.06788217928112289,-0.21468020639613195,-0.07692565609414981,0.13775455030198214,0.2550579395467627,0.03758562657448619,0.09962954124837187,nan,nan
50,34,29608,backward,eps,km^2/s^2,442,442.0,0.0,-0.8162832319177775,0.008462568277710148,-0.8334590777227701,-0.806988651478613,0.026470426244157075,-0.8365128555260903,-0.806208472304013,0.03030438322207729,-0.5064155260252151,0.016216558196132984,0.01927033599945327,nan,nan
50,35,52314,backward,eps,km^2/s^2,3885,3885.0,0.0,-0.9822969201615532,0.00830033624381275,-0.9932681634585091,-0.9658509535167839,0.02741720994172525,-1.0201349727623945,-0.9622137060821228,0.057921266680271755,0.29209827595039534,0.021894657795478167,0.03241886331105004,nan,nan
50,36,31348,backward,eps,km^2/s^2,165,165.0,0.0,-0.9054280743881126,0.038022865033458766,-0.9709887620576058,-0.8463912657782461,0.12459749627935968,-0.9776830572067532,-0.8445660283444962,0.13311702886225696,-0.13254493310863372,0.06556068766949316,0.07225498281864062,nan,nan
50,37,165589,backward,eps,km^2/s^2,9558,9558.0,0.0,-0.21336011317671705,0.011618065723455445,-0.22717746874698866,-0.1915583922329988,0.03561907651398985,-0.24581618855013865,-0.17050092019965069,0.07531526835048796,0.36859075244082934,0.021815416880627797,0.04272330766476051,nan,nan
50,38,35110,backward,eps,km^2/s^2,1164,1164.0,0.0,-0.8350602592271132,0.005122890120640759,-0.8420628402849778,-0.8248532221363085,0.01720961814866928,-0.849632485569814,-0.82038548510675,0.029247000463063944,0.39986822914767445,0.010181920909938696,0.0152700929009838,nan,nan
50,39,80416,backward,eps,km^2/s^2,7244,7244.0,0.0,-0.9306320021091945,0.016295836556630926,-0.9553058804829213,-0.904187431264157,0.051118449218764295,-0.9714455194110542,-0.8949366535123047,0.0765088658987495,0.04289195287957178,0.030699089426818572,0.0468387283549514,nan,nan
50,40,37316,backward,eps,km^2/s^2,864,864.0,0.0,-0.9357876295279867,0.01935902391188614,-0.9641119257758826,-0.9020134705235993,0.0620984552522833,-0.9715854693185693,-0.8507364104483786,0.1208490588701907,0.26550233269529017,0.03511491308929669,0.08122135624915106,nan,nan
50,41,8157,backward,eps,km^2/s^2,2550,2550.0,0.0,-0.9180514618980015,0.023481588147282587,-0.9561848491971892,-0.8809282364078039,0.07525661278938522,-0.9620932547813699,-0.8712303484148273,0.0908629063665426,-0.01209804894883838,0.04060177749239627,0.048428918224104,nan,nan
50,42,35310,backward,eps,km^2/s^2,320,320.0,0.0,-0.8214390388426233,0.020517592053557902,-0.8708810439217846,-0.8066178555651876,0.06426318835659695,-0.8867821247525358,-0.8063623697289342,0.08041975502360166,-1.010720875595434,0.0500409891475861,0.06594206997833729,nan,nan
50,43,30636,backward,eps,km^2/s^2,801,801.0,0.0,-0.8762853652125863,0.020870110514330246,-0.9111654052652571,-0.8458178111876126,0.06534759407764457,-0.9228072050259855,-0.8226048578410228,0.10020234718496268,-0.10496052832854333,0.036677496420213784,0.05914725339327931,nan,nan
50,44,83559,backward,eps,km^2/s^2,808,808.0,0.0,-0.8732998668172056,0.020278567354253287,-0.9061198984616812,-0.8402720833400148,0.06584781512166638,-0.9147344112159452,-0.8282834719189582,0.086450939296987,0.02380918808312515,0.04121821217209814,0.05320682359315465,nan,nan
50,45,23915,backward,eps,km^2/s^2,4561,4561.0,0.0,-0.8798153061136286,0.022911951184100134,-0.9237933339020888,-0.8512777642475431,0.07251556965454575,-0.9342678856785827,-0.8457326256389384,0.08853526003964429,-0.36060468833361836,0.03951065850823676,0.049985210284730575,nan,nan
50,46,35907,backward,eps,km^2/s^2,884,884.0,0.0,-0.8970005100378633,0.036053675677228746,-0.9556188036371417,-0.8431575953194025,0.1124612083177392,-0.9620497148006023,-0.8280285242318471,0.13402119056875517,-0.0019093818942392483,0.05947767892752616,0.07460675001508155,nan,nan
50,47,170879,backward,eps,km^2/s^2,15630,15630.0,0.0,-0.17246397848708483,0.022585330833717977,-0.1990919332345076,-0.12360525469522776,0.07548667853927984,-0.2303919647627799,-0.10626219074615639,0.1241297740166235,0.6639140411717879,0.04848791243560681,0.06570363050350192,nan,nan
50,48,179044,backward,eps,km^2/s^2,1231,1231.0,0.0,-0.24981202828538984,0.008602052672123345,-0.2562000498441182,-0.23580459800625642,0.02039545183786179,-0.25828212442421483,-0.18250828575553768,0.07577383866867715,2.727090597387273,0.013211463460941264,0.06650777571166,nan,nan
50,49,222546,backward,eps,km^2/s^2,1310,1310.0,0.0,-0.2522369209891233,0.013249707824443322,-0.2566628897290057,-0.21810000853588016,0.03856288119312554,-0.2595672674968075,-0.18051015255528824,0.07905711494151924,1.6545414961775147,0.02207037183996132,0.05966022782055325,nan,nan
50,0,155584,backward,e,-,12184,12184.0,0.0,0.7097680400541486,0.04908186082010604,0.6218583523460092,0.7822004210552708,0.1603420687092616,0.5584411734589673,0.8060751233128846,0.2476339498539173,-0.16535252415479937,0.08858089096425374,0.1419747188450906,nan,nan
50,1,24196,backward,e,-,3715,3715.0,0.0,0.4576836253040318,0.02320512374136087,0.41867608806719225,0.4920165384545697,0.07334045038737746,0.3996941114378747,0.5016345195628941,0.10194040812501937,-0.13323286305132384,0.04123938742578555,0.05384809000497992,nan,nan
50,2,23568,backward,e,-,824,824.0,0.0,0.1948334761241983,0.02098193690770752,0.17252845023810873,0.23517830189730016,0.06264985165919143,0.17112689483884924,0.25734414214195,0.08621724730310076,0.414287182091313,0.039843480119914884,0.062009320364564746,nan,nan
50,3,171049,backward,e,-,2417,2417.0,0.0,0.4033889899419967,0.0355902449102723,0.3602986522979285,0.47184276410048376,0.11154411180255525,0.35614850937728304,0.5564270256153617,0.20027851623807869,0.7087010739917475,0.07156185552582625,0.1561461170407042,nan,nan
50,4,50148,backward,e,-,5559,5559.0,0.0,0.4504232250806021,0.02646744645443995,0.4046622833593023,0.4864893103731379,0.0818270270138356,0.3912686762525595,0.48911617240255295,0.09784749614999344,-0.18351689304728167,0.0434491732079698,0.052632186309840234,nan,nan
50,5,51611,backward,e,-,1286,1286.0,0.0,0.8392970674394309,0.08234167900208934,0.6682910666156028,0.8919010062143088,0.223609939598706,0.559813992961426,0.8955575813930169,0.3357435884315909,-0.6995361319433127,0.12003322575392109,0.2142585317501049,nan,nan
50,6,20504,backward,e,-,378,378.0,0.0,0.2158393592658202,0.012769800739447782,0.19479314955501972,0.23195773510989728,0.03716458555487756,0.1755663810080307,0.24856844016144405,0.07300205915341335,-0.5283055572962682,0.02223898951924748,0.03859525864052346,nan,nan
50,7,27924,backward,e,-,1214,1214.0,0.0,0.34530930708216073,0.03966653582471525,0.2839506371404869,0.4144889689691797,0.1305383318286928,0.2636358171913646,0.435880329354969,0.17224451216360442,0.16027419457886902,0.07258928538306686,0.08945338477998976,nan,nan
50,8,76903,backward,e,-,285,285.0,0.0,0.5066319440458386,0.022858681396761105,0.4920311994731429,0.5560355604130809,0.064004360939938,0.25057334561574773,0.5729713754320799,0.32239802981633214,-3.9920024650540142,0.05094698078245773,0.25948902820075725,nan,nan
50,9,78960,backward,e,-,18817,18817.0,0.0,0.7762761979931407,0.0673804334655425,0.6152028920773274,0.8430077948501326,0.22780490277280518,0.5425852262030548,0.8956261106421681,0.3530408844391133,-1.1065650506434195,0.17781079078588194,0.25042845666015445,nan,nan
50,10,9905,backward,e,-,4965,4965.0,0.0,0.3544222801856065,0.032667950786830977,0.3051494560989206,0.40822393801524787,0.10307448191632729,0.22747868580108035,0.42123212978778546,0.1937534439867051,0.016484991995540346,0.06025370327012985,0.12164645789558612,nan,nan
50,11,210447,backward,e,-,3063,3063.0,0.0,0.6034907603686859,0.09410781140999552,0.4732229059034208,0.7765564059652671,0.3033335000618463,0.4332311191346169,0.8357881902141068,0.40255707107948985,0.2786816952237001,0.16657195584836954,0.21928742509590138,nan,nan
50,12,22498,backward,e,-,655,655.0,0.0,0.23502952761843243,0.011195381807574217,0.22749136373768444,0.24857863581503342,0.02108727207734898,0.22278251489782272,0.43708511624288027,0.21430260134505755,9.429489154373314,0.014064728470601133,0.20257120889844799,nan,nan
50,13,152421,backward,e,-,1773,1773.0,0.0,0.6011221909411532,0.08429384981280719,0.5030104939202344,0.744144568711709,0.24113407479147453,0.4246648141608949,0.7488716582657408,0.32420684410484585,0.20275170476484008,0.14076806652327006,0.17921622048730773,nan,nan
50,14,166474,backward,e,-,8815,8815.0,0.0,0.45782938148157853,0.03550054174109561,0.4208735337812903,0.5327309997188805,0.11185746593759022,0.363433902119843,0.5839901982203182,0.22055629610047517,0.7421721329916662,0.0816044810227029,0.13254680794335422,nan,nan
50,15,43359,backward,e,-,2140,2140.0,0.0,0.5266774856941777,0.01655190573174867,0.4932688740843144,0.5436559048460949,0.05038703076178053,0.4884466059664154,0.5728758045889726,0.08442919862255716,-0.45224230767857787,0.040848979909315686,0.04567124802721467,nan,nan
50,16,41854,backward,e,-,7409,7409.0,0.0,0.32505813974084463,0.043326796094237105,0.26090233985028555,0.39114593386199487,0.13024359401170932,0.22888594880575935,0.40588664341290376,0.1770006946071444,-0.011888484481360036,0.08814597653088203,0.12016236757540821,nan,nan
50,17,61863,backward,e,-,433,433.0,0.0,0.5086530691584313,0.009476384615177854,0.49127839535325646,0.5143442899763028,0.023065894623046312,0.48876571890134446,0.5728380058839121,0.08407228698256763,2.275264180868626,0.019096492593756613,0.06297025963628722,nan,nan
50,18,120454,backward,e,-,12525,12525.0,0.0,0.6292565559784729,0.04894875733896803,0.549677373078538,0.7009729842234427,0.15129561114490464,0.5285301802305017,0.800665988566538,0.27213580833603634,-0.08051254098035189,0.08190294538820769,0.1766446214597499,nan,nan
50,19,30745,backward,e,-,271,271.0,0.0,0.20158878661249746,0.028400552570796097,0.16980105928972872,0.25407654536065427,0.08427548607092555,0.16915703389195855,0.26086252037256047,0.09170548648060192,0.3253449681073515,0.048614844162570475,0.05540081917447667,nan,nan
50,20,110203,backward,e,-,1784,1784.0,0.0,0.4550256348680257,0.04642659077287079,0.37446268476743116,0.4893295519340665,0.11486686716663536,0.2616445431779236,0.5036387604314908,0.24199421725356718,-1.8568587569331705,0.07904121986379564,0.19185936145330323,nan,nan
50,21,78354,backward,e,-,269,269.0,0.0,0.33308161209461185,0.03887668383576029,0.24487784729105308,0.3907448166530164,0.14586696936196333,0.22608100500498152,0.45605951741337447,0.22997851240839295,-0.22350828114635396,0.10768778948769106,0.12648463177376262,nan,nan
50,22,65262,backward,e,-,717,717.0,0.0,0.2771542586929019,0.0318788237597394,0.23848565053669166,0.3289076584971715,0.09042200796047986,0.2159748283418935,0.4394687349284241,0.2234939065865306,0.8384155325285723,0.07332016911936619,0.129127635687542,nan,nan
50,23,151422,backward,e,-,3376,3376.0,0.0,0.4262565500124698,0.058080625891388134,0.3560588462991421,0.53032117366277,0.1742623273636279,0.35333869863390605,0.5778355597384837,0.22449686110457762,0.2697944293666492,0.11376679355439462,0.16128117963010835,nan,nan
50,24,69514,backward,e,-,1548,1548.0,0.0,0.49639545769194204,0.005157930113142822,0.48967924419970027,0.5059657401257635,0.016286495926063183,0.48889963909577183,0.5083700710941071,0.019470431998335314,0.30778531455712865,0.00883270440747967,0.010303857176749698,nan,nan
50,25,168114,backward,e,-,1774,1774.0,0.0,0.5312905639984211,0.07378264049437376,0.47810056286791464,0.6980145619292065,0.2199139990612919,0.3599944368064265,0.7230820826849543,0.3630876458785278,0.6723941265274755,0.18146427498433002,0.20653179574007785,nan,nan
50,26,148588,backward,e,-,6986,6986.0,0.0,0.6047744067526375,0.08641500693077005,0.49111482174772325,0.7329301015728562,0.24181527982513296,0.4299217108690757,0.8726411837828053,0.4427194729137296,0.08221096829033256,0.13648680123682305,0.2757855025168259,nan,nan
50,27,167957,backward,e,-,1,1.0,0.0,0.3934353269793074,0.0,0.3934353269793074,0.3934353269793074,0.0,0.3934353269793074,0.3934353269793074,0.0,nan,0.0,0.0,nan,nan
50,28,12828,backward,e,-,588,588.0,0.0,0.1962120775183907,0.015134773332411316,0.18300394825273508,0.22473272012921716,0.04172877187648208,0.169824732674945,0.29404093690181543,0.12421620422687044,1.3846230541877507,0.026682873794524185,0.09409403804039254,nan,nan
50,29,34556,backward,e,-,417,417.0,0.0,0.44038315201867634,0.06843451160624273,0.2772625459518487,0.499912062057511,0.2226495161056623,0.24706186929190868,0.5113810567359197,0.26431918744401106,-0.7803028961616093,0.15001547921331387,0.18021615587325387,nan,nan
50,30,48939,backward,e,-,6961,6961.0,0.0,0.3248099892063298,0.03962363686472526,0.25695071460224145,0.38339072187009077,0.12644000726784932,0.22742780091602316,0.42538991028245926,0.1979621093664361,-0.11098607706583376,0.08710627787439301,0.1166291915606113,nan,nan
50,31,88569,backward,e,-,2769,2769.0,0.0,0.5350096649839616,0.018053233708748395,0.4979430242969371,0.5530807729597405,0.055137748662803354,0.48877218871128936,0.5563450703171937,0.06757288160590436,-0.48040913429330645,0.042892245692936655,0.05206308127858439,nan,nan
50,32,176015,backward,e,-,15599,15599.0,0.0,0.4247547003667973,0.03695450088674932,0.3872182219669626,0.5067797467904634,0.11956152482350085,0.35674926462937173,0.5380310523999356,0.18128178777056392,0.6702061797081487,0.08555975261774444,0.1168110582272166,nan,nan
50,33,116002,backward,e,-,11190,11190.0,0.0,0.5845455011463727,0.05436383010061717,0.49670405832321857,0.6666150827348506,0.16991102441163203,0.47671054135385815,0.8167420041262122,0.3400314627723541,0.21308429570121626,0.09360386440887007,0.2424768203836719,nan,nan
50,34,29608,backward,e,-,442,442.0,0.0,0.20070915726188115,0.024999949590426108,0.17079823555257753,0.24851579409392435,0.07771755854134682,0.16819393098549065,0.25618781640035454,0.08799388541486389,0.3806448347279977,0.04391255424966497,0.05158457655609516,nan,nan
50,35,52314,backward,e,-,3885,3885.0,0.0,0.518901371438266,0.012212941256585624,0.49434532563152406,0.5347540640431925,0.04040873841166842,0.48865813687464693,0.5719985499113021,0.08334041303665513,-0.33392782975555646,0.03243348640132386,0.045268484598699255,nan,nan
50,36,31348,backward,e,-,165,165.0,0.0,0.395716802536357,0.06807441956760887,0.27806843997752434,0.502306963613029,0.22423852363550462,0.2738012696943552,0.512133881551919,0.23833261185756377,-0.04966226216538419,0.11764836255883264,0.1219155328420018,nan,nan
50,37,165589,backward,e,-,9558,9558.0,0.0,0.48046757256138506,0.030162737547026124,0.44407294330870545,0.5366166444863947,0.09254370117768923,0.3919964047296709,0.59045455966297,0.1984581549332991,0.34566201577111594,0.05621560569596911,0.10965306608100989,nan,nan
50,38,35110,backward,e,-,1164,1164.0,0.0,0.2521070500979212,0.012942968109691236,0.22571495413616305,0.2691572004726344,0.04344224633647137,0.21323649811605933,0.2868332705481282,0.07359677243206886,-0.494028243824523,0.026402747871107364,0.03718059943959001,nan,nan
50,39,80416,backward,e,-,7244,7244.0,0.0,0.43917794667068805,0.026928944606592092,0.39400692562063644,0.4784526910086002,0.08444576538796378,0.37745441506756655,0.5030096622037168,0.12555524713615024,-0.10382121050759349,0.04939402992047826,0.07381322717104505,nan,nan
50,40,37316,backward,e,-,864,864.0,0.0,0.44732510172328716,0.03180663796626014,0.3898796175470248,0.49178031125283317,0.10190069370580834,0.2892944998021676,0.5032275586726771,0.2139330588705095,-0.38220139924063423,0.05766621298122039,0.1516610525933229,nan,nan
50,41,8157,backward,e,-,2550,2550.0,0.0,0.4172268710919721,0.040406513026041035,0.34970217391603003,0.47930966260078745,0.1296074886847574,0.33137602351843126,0.4884624284977328,0.15708640497930154,-0.0854191875621682,0.07022158866115322,0.08854773905875202,nan,nan
50,42,35310,backward,e,-,320,320.0,0.0,0.2161168444917782,0.05208405489434648,0.16949022840981356,0.33173822724957736,0.1622479988397638,0.1685914010438332,0.36257135203349217,0.19397995098965898,0.7535989483945779,0.11663295294827927,0.1474660777321941,nan,nan
50,43,30636,backward,e,-,801,801.0,0.0,0.3416335758144202,0.04133794280203229,0.27678187523081277,0.40581002667113003,0.12902815144031726,0.21655333588664194,0.42572394210281395,0.209170606216172,-0.05027063752154141,0.07535637559871405,0.13558491494288488,nan,nan
50,44,83559,backward,e,-,808,808.0,0.0,0.3363573542751578,0.04083188066634816,0.2648470376030805,0.39767133517465714,0.13282429757157665,0.23412829495111986,0.4126394979962577,0.17851120304513785,-0.18626970949188754,0.0876419521233592,0.11836069477531985,nan,nan
50,45,23915,backward,e,-,4561,4561.0,0.0,0.34817476896022337,0.04375076455373181,0.28896345717454847,0.42725077541363893,0.13828731823909046,0.27643237903283735,0.44462346133338787,0.16819108230055052,0.23810250349227066,0.07439932256242976,0.08780495814935585,nan,nan
50,46,35907,backward,e,-,884,884.0,0.0,0.3806842453789314,0.06710525943063336,0.27062787903056323,0.4789216530668475,0.20829377403628424,0.23342018312673227,0.4888892717027585,0.25546908857602624,-0.19717959423126857,0.12020781685351073,0.1574155127573417,nan,nan
50,47,170879,backward,e,-,15630,15630.0,0.0,0.58508016930011,0.05582142822425207,0.5179638530449491,0.7045206245120889,0.18655677146713978,0.4344006326941113,0.7462877132302957,0.31188708053618447,0.6277139397985139,0.11860421315215319,0.16004581249105898,nan,nan
50,48,179044,backward,e,-,1231,1231.0,0.0,0.38079109878880835,0.023938299793806465,0.36260627161271497,0.4214273385552764,0.05882106694256145,0.3564478309634146,0.5605318668984304,0.20408403593501578,2.5658473885586286,0.038581493810634415,0.17768602215378837,nan,nan
50,49,222546,backward,e,-,1310,1310.0,0.0,0.3743058525394176,0.036760762426606405,0.3613220993486009,0.4691820833509307,0.10785998400232982,0.35264176551903914,0.5655378145877745,0.21289604906873538,1.5592532811687843,0.0598563720262118,0.15621210326305562,nan,nan
50,0,155584,backward,w,deg,12184,12184.0,0.0,0.001254290344931519,2.0260989999236307,-3.053530880739325,3.3298986732354265,6.383429553974752,-4.03395198136846,16.439308133339665,20.473260114708125,0.8189448306413885,3.838208793766991,15.816090340320471,17.597556775500347,0.9993751856670064
50,1,24196,backward,w,deg,3715,3715.0,0.0,-0.8108132571318833,4.985548803218763,-4.273900460691317,16.62180741023979,20.895707870931105,-4.85804769180163,23.479516566800157,28.337564258601788,3.003799898289616,18.154928757010758,25.012637913571126,188.26685104001055,0.9962436057578955
50,2,23568,backward,w,deg,824,824.0,0.0,4.393579048762959,13.693242186863088,-24.488174167628653,14.908731314309938,39.39690548193859,-27.534777230464243,16.49841595466995,44.033193185134195,-0.5670267528028211,33.9992009382061,37.04580400104169,202.1838040592306,0.9716970991294657
50,3,171049,backward,w,deg,2417,2417.0,0.0,0.4252038396653006,6.408693010355914,-9.973329710023858,7.335305327189996,17.308635037213854,-13.874150766719993,7.938764954099099,21.812915720819092,-0.27750859818464135,15.805307442069086,19.706128498765224,28.339712379124865,0.9937550864984315
50,4,50148,backward,w,deg,5559,5559.0,0.0,-0.7976823609224653,4.137583427303645,-4.726592811825833,9.454636208793213,14.181229020619046,-23.937558344728103,16.694536035138242,40.632094379866345,1.3534218713499262,11.057104220758399,22.413606747387178,198.28229387981767,0.9973992713597917
50,5,51611,backward,w,deg,1286,1286.0,0.0,-2.1614569925993123,6.660982499859702,-6.932499454444574,11.637306611304915,18.56980606574949,-7.131501477134094,17.00623845344188,24.137739930575975,0.5132631272350989,13.144081283735986,13.343083306425513,17.746608178440937,0.9932572303868005
50,6,20504,backward,w,deg,378,378.0,0.0,0.206847544353721,4.3450260659798445,-4.5451693432575935,7.416276059694982,11.961445402952576,-26.96958226720747,11.613554544769812,38.58313681197728,-2.0549231412676816,8.652939615511777,26.76654786600642,207.4683788484489,0.9971447570496432
50,7,27924,backward,w,deg,1214,1214.0,0.0,-4.758643647735909,10.418785182816121,-9.978230321491846,17.088203615747048,27.066433937238894,-31.012325594824887,17.509199350916504,48.52152494574139,0.6924165389902841,22.86800717665787,25.263024656610952,202.51601521219425,0.9835665102086465
50,8,76903,backward,w,deg,285,285.0,0.0,0.1885255668064758,5.2256030242656015,-12.885171327461501,6.914415831610133,19.799587159071635,-18.94427812344503,13.31852425874709,32.26280238219212,-1.6053318446586058,14.416094638496359,20.475201434479885,194.71863279350438,0.9958606715788852
50,9,78960,backward,w,deg,18817,18817.0,0.0,-1.1973419876458138,5.381184470734061,-7.289826184359481,10.511877981620831,17.80170416598031,-11.009037238933558,13.475365064779965,24.484402303713523,0.6185169539951734,11.673452297719747,14.636939380878857,21.596709052793365,0.9955976526395848
50,10,9905,backward,w,deg,4965,4965.0,0.0,-0.31387433441071266,3.0082055239827348,-3.885688730022082,6.896759242836954,10.782447972859035,-16.89833556753419,11.461159855360535,28.359495422894724,0.9953852350839405,7.211520292477572,16.64023238775519,188.3950836146027,0.9986232052902303
50,11,210447,backward,w,deg,3063,3063.0,0.0,-3.420287637228938,7.155714451346082,-6.7567658824951735,16.90846123386299,23.665227116358164,-7.504424746613324,18.17977858686882,25.684203333482145,1.178517970213373,21.291687612611604,22.563004965617438,18.18061543298113,0.9922339168972154
50,12,22498,backward,w,deg,655,655.0,0.0,0.05854589962018508,3.3434408366624035,-4.705878755902191,3.7837591365522085,8.4896378924544,-33.02531082283002,12.44802122744656,45.47333205027658,-0.5486911743080124,5.065520334009144,32.73710417652353,206.53224398084126,0.9983066406650655
50,13,152421,backward,w,deg,1773,1773.0,0.0,-0.1814151255366312,2.8222402317621325,-3.1936456985955712,5.669413249411431,8.863058948007001,-6.345375485830402,12.75023084736631,19.095606333196713,1.8681718326503223,6.133093939700966,12.5565702771149,23.717045544048588,0.9987889985799917
50,14,166474,backward,w,deg,8815,8815.0,0.0,1.3165454769997496,4.311891973285745,-7.8184896619134285,4.4545064556365945,12.272996117550022,-13.430774316051043,9.263321307258877,22.69409562330992,-0.5340029630339227,11.330933850173244,16.94321850431089,27.794468086598755,0.9971714359505771
50,15,43359,backward,w,deg,2140,2140.0,0.0,-1.9183647880155519,5.546148696194111,-5.998455466067253,12.015649684043257,18.01410515011051,-7.118218062169888,17.129633026524857,24.247851088694745,1.1001225116363424,13.66595440286709,18.77993774534869,187.83766052249126,0.9953274162686834
50,16,41854,backward,w,deg,7409,7409.0,0.0,-1.5634585647349866,4.866198819211144,-5.6978968775375725,8.977696605679233,14.675593483216804,-32.51964604565015,15.678591194692075,48.19823724034222,0.6839555346496947,10.2823424138586,31.222848714074388,204.67605072588017,0.9963997050231168
50,17,61863,backward,w,deg,433,433.0,0.0,-0.8978898505957886,3.482417007555932,-3.684767762415163,6.677178545358314,10.361946307773476,-19.94238186168053,10.009969535173497,29.952351396854027,0.14994647576852446,8.695754832296595,18.178455072040947,195.14966363889488,0.9981558607500621
50,18,120454,backward,w,deg,12525,12525.0,0.0,0.01530283151612366,1.8366063517021862,-2.731142954021601,2.6723931218311745,5.4035360758527755,-16.039834445200455,7.919011236164124,23.95884568136458,-0.4588157752451882,3.0562762638055605,15.989451158545506,26.985189128986022,0.999486679490133
50,19,30745,backward,w,deg,271,271.0,0.0,5.4232794536462166,12.95473381543494,-28.3243229324886,11.517397915985825,39.841720848474424,-34.912278001057444,11.708411964033473,46.62068996509092,-1.141245619850488,35.66294983300085,42.2509049015697,208.02273339017182,0.9747761484569953
50,20,110203,backward,w,deg,1784,1784.0,0.0,3.1376846300744177,10.628873889265892,-24.71303675347895,10.9898004447701,35.70283719824905,-25.52033594220518,14.334291957754658,39.85462789995984,-1.1023750559500116,29.049054414770755,29.856353603496984,205.7170018781153,0.9829469393084883
50,21,78354,backward,w,deg,269,269.0,0.0,4.736656066636385,10.277029688083617,-16.873122173695844,6.9327087233457805,23.805830897041623,-40.086886087106876,8.008130339431602,48.09501642653848,-1.9781910913637624,20.994297229142045,44.20806114255308,211.68972086629896,0.984201451781665
50,22,65262,backward,w,deg,717,717.0,0.0,9.709010767051211,18.91172189756995,-36.3467335614224,10.443955594509633,46.79068915593203,-36.67429716485097,10.61665325502861,47.29095041987958,-1.2969433678274607,46.21568210470507,46.54324570813364,208.22009875995363,0.9468680010253759
50,23,151422,backward,w,deg,3376,3376.0,0.0,2.7878717732896092,5.571652015084582,-12.697565438387201,4.035171597579492,16.732737035966693,-18.794962808911407,4.2303428110848245,23.02530561999623,-1.5784707044712607,16.43999060589529,22.537387976419495,32.72582980186696,0.995288218224369
50,24,69514,backward,w,deg,1548,1548.0,0.0,-0.10430220686630776,2.594005102195536,-3.7741410454245736,4.260620652397831,8.034761697822404,-22.125744729731423,6.372782072089876,28.4985268018213,-0.614367051592265,5.530247426779194,20.861797731614757,197.40842206559563,0.9989766197290665
50,25,168114,backward,w,deg,1774,1774.0,0.0,0.24855434003181642,3.4051831202662077,-5.7211523676081555,7.007076447226398,12.728228814834553,-13.313474160484418,11.95176915828057,25.265243318764988,0.6943790203610639,8.532195317782236,14.979994405908855,25.1113668112598,0.9982371740293757
50,26,148588,backward,w,deg,6986,6986.0,0.0,-0.19964581657227143,3.2295122453499157,-4.147096213736951,6.844867880129627,10.991964093866578,-13.880612850987546,11.96175795472439,25.842370805711937,0.8509439640368848,7.4488823899840355,14.24838681071347,24.47424561141858,0.9984145479658064
50,27,167957,backward,w,deg,1,1.0,0.0,0.0,0.0,0.0,0.0,0.0,0.0,0.0,0.0,nan,0.0,0.0,35.28405007496897,1.0
50,28,12828,backward,w,deg,588,588.0,0.0,1.429640119442567,7.599981259963023,-14.244465371762915,9.126259685448604,23.37072505721152,-27.480032162467836,17.799615094690438,45.279647257158274,-0.9966253158214219,17.190833758587242,30.42640054929217,200.00562732012537,0.9912598297314562
50,29,34556,backward,w,deg,417,417.0,0.0,-2.461521110302101,9.071105652486125,-8.546891835818467,18.33035325012112,26.877245085939588,-27.948611673322574,20.241914182409772,48.190525855732346,0.5184994488835234,25.131083345380844,27.042644277669496,199.44912249930925,0.9875479895604455
50,30,48939,backward,w,deg,6961,6961.0,0.0,0.31801747931569935,3.822629585938913,-5.996670845481731,4.41785991197338,10.414530757455111,-35.677239462193256,13.006941195131787,48.684180657325044,-3.811245842869961,5.987447028079117,35.63391211299876,207.24012727513082,0.9978019902298794
50,31,88569,backward,w,deg,2769,2769.0,0.0,-0.1401456402620056,6.214173266218174,-10.317240383681963,9.917801003496493,20.235041387178455,-12.8422844485589,12.427184617909973,25.269469066468872,-0.034040019864564765,11.3223294561741,13.837044804109041,193.80878676315746,0.9941303989435666
50,32,176015,backward,w,deg,15599,15599.0,0.0,0.10259362985971165,5.432747453930787,-8.519746003085837,7.427078128898289,15.946824131984126,-10.58159111659046,10.818593990299888,21.400185106890348,-0.07351923601382679,14.125528667767075,16.187373781271674,26.08342342345462,0.9955105540672946
50,33,116002,backward,w,deg,11190,11190.0,0.0,1.2051103496825846,4.567243321872769,-13.122603550082253,4.433883435591526,17.55648698567378,-18.398373309823256,7.245135943988828,25.643509253812084,-1.846720748423038,14.615794715694427,19.891564475435416,29.2094096610427,0.9968333995129374
50,34,29608,backward,w,deg,442,442.0,0.0,4.105672444419625,12.767059008365877,-26.401551048794968,12.900651140038642,39.30220218883361,-31.01036007303111,14.138460383022021,45.14882045605313,-0.9260717368048154,35.308649972295676,39.91745899653182,205.80117231395562,0.9754426929757442
50,35,52314,backward,w,deg,3885,3885.0,0.0,-1.0410927658710136,4.859068598556089,-6.365529542881973,9.630477510610733,15.996007053492706,-15.11780701116217,13.102580221883244,28.220387233045415,0.6751683243224195,12.018171911676559,15.410519226022274,191.7524114398818,0.996409758649662
50,36,31348,backward,w,deg,165,165.0,0.0,-0.2764015403026576,4.27210268527558,-4.612867349978211,5.474379052009317,10.087246401987528,-4.684047274889707,21.76049462101352,26.444541895903228,2.12765727985353,6.492555360717068,22.778670929721272,195.27063136709242,0.9972334388999714
50,37,165589,backward,w,deg,9558,9558.0,0.0,0.3039435511652897,2.2348977083348625,-4.119491996018422,2.4923588078159664,6.611850803834389,-14.422992296761379,8.122283243506757,22.545275540268136,-1.0083707583194546,5.6201595715564725,15.649483835127342,28.246796425667874,0.9992400203225663
50,38,35110,backward,w,deg,1164,1164.0,0.0,0.045399815040582325,2.653533203257649,-4.828582652026967,5.768262018897287,10.596844670924254,-9.833748295887744,7.9965379972287565,17.8302862931165,0.01772800855270318,6.401647245655795,10.063093902634847,211.70053736370775,0.9989284985259678
50,39,80416,backward,w,deg,7244,7244.0,0.0,-0.13692158294105639,3.6844168007520506,-4.737823903682137,5.836053317377463,10.5738772210596,-31.12769216106392,11.134651057089656,42.262343218153575,-1.1663209390151545,6.953592121962602,33.185616842127075,204.20143479323252,0.9979417322578867
50,40,37316,backward,w,deg,864,864.0,0.0,-4.197585272477355,8.188775808553121,-5.751599802379376,17.52445134253832,23.276051144917695,-24.696429321863462,22.71806532558992,47.41449464745338,1.2370826845001792,22.068466127566005,27.262080110617603,196.97242079333628,0.9898413562491903
50,41,8157,backward,w,deg,2550,2550.0,0.0,-0.43054769904969703,3.7149930769642316,-2.2773413716343454,1.3909344655894125,3.668275837223758,-2.7752358252745353,34.05769258810665,36.83292841338118,6.74023301067141,2.1605152302338575,34.82727335275109,182.90069489651637,0.9979384522096785
50,42,35310,backward,w,deg,320,320.0,0.0,7.758184126590848,15.296316174598257,-32.19489497195586,12.958456596001483,45.153351567957344,-35.28154040451483,12.97101256053,48.25255296504483,-0.9844246022365835,41.945465091966255,45.03211052452522,207.25760577609418,0.964897373527536
50,43,30636,backward,w,deg,801,801.0,0.0,-0.0246164137489302,6.979073595756575,-4.521389070532706,19.334175991356688,23.855565061889394,-26.651173909591307,22.088443789713352,48.73961769930466,0.024676432503140888,21.08605603642073,26.610764973965956,198.10357956159024,0.992674317289845
50,44,83559,backward,w,deg,808,808.0,0.0,2.6569159544939254,10.418680795716845,-40.2321212719955,4.8542968637752395,45.08641813577074,-43.00700645903572,5.0161456415343935,48.023152100570115,-3.4599000979173105,42.95989411275951,45.734779299799726,214.50656782405218,0.9840925946779148
50,45,23915,backward,w,deg,4561,4561.0,0.0,0.023613730046434966,2.1165741714995994,-3.595468092122985,3.387488135813385,6.98295622793637,-4.7610654223003905,4.275619490688143,9.036684912988534,-0.09079639541825257,5.079177386990381,6.244774717167786,193.15045401736097,0.9993178419368125
50,46,35907,backward,w,deg,884,884.0,0.0,0.37427196185872447,5.5802615719373465,-5.1457224171040465,8.498563126277672,13.644285543381718,-25.756740728981526,22.144062027814982,47.90080275679651,-0.29772956125450356,13.394227854606813,24.952412807359906,197.33798152788015,0.9952948016336193
50,47,170879,backward,w,deg,15630,15630.0,0.0,-0.2818756783255765,3.099777819299723,-4.327075321706164,3.0741559954358966,7.40123131714206,-9.163246687679617,14.784082948773772,23.94732963645339,1.9946218984900115,6.040623206862077,14.166649530963667,21.655899261810706,0.9985401572600237
50,48,179044,backward,w,deg,1231,1231.0,0.0,2.0407516198177404,4.893178247503732,-10.782491080443549,4.649952994483215,15.432444074926764,-15.94907649691001,5.380575527150484,21.329652024060493,-1.2256924198875343,14.29162727138285,19.45821268784931,30.399604015068213,0.9963611046217606
50,49,222546,backward,w,deg,1310,1310.0,0.0,0.33993304589672846,5.628103889174085,-9.304620244399212,8.915442063227335,18.22006230762655,-12.115875081947792,10.60912211926231,22.7249972012101,-0.09373725615421569,15.042619674060152,16.736299730095112,26.42667474435085,0.9951834645838307
50,0,155584,forward,eps,km^2/s^2,12184,12184.0,0.0,-0.13455526560345465,0.026774290690165705,-0.17771461884559994,-0.09650779077396239,0.08120682807163755,-0.23155084623127564,-0.08900056373672138,0.14255028249455426,-0.49383949039602193,0.049570691187754624,0.10340691857343032,nan,nan
50,1,24196,forward,eps,km^2/s^2,3715,3715.0,0.0,-0.9580034159620535,0.02962127607882583,-0.9898368241167957,-0.8994532600051851,0.09038356411161064,-0.9932323842007013,-0.8921911756844533,0.10104120851624798,0.4202849361088009,0.05172623826499979,0.05898832258573161,nan,nan
50,2,23568,forward,eps,km^2/s^2,824,824.0,0.0,-0.2415423292082287,0.014737594529413369,-0.2558571279591989,-0.20871946821341217,0.047137659745786736,-0.25918437217042745,-0.17500889418263887,0.08417547798778857,1.5830760615090302,0.030720612211090993,0.06443118624186428,nan,nan
50,3,171049,forward,eps,km^2/s^2,2417,2415.0,2.0,-0.8351308319711919,0.03839875177711736,-0.9343069496122294,-0.8079972016152956,0.12630974799693373,-1.0181865681958364,-0.8070918060031312,0.21109476219270518,-1.5623359000262782,0.09810694860350551,0.1819865671871126,nan,nan
50,4,50148,forward,eps,km^2/s^2,5559,5559.0,0.0,-0.16337291046050273,0.035139142695103966,-0.19736351602696597,-0.12836840726502058,0.0689951087619454,-0.837361965690643,-0.11397525945677589,0.7233867062338671,-10.665321536431005,0.038144607470131875,0.6767972241991043,nan,nan
50,5,51611,forward,eps,km^2/s^2,1286,1280.0,6.0,-0.8333824310715029,0.080466338702374,-0.9586026593786682,-0.8109219493041181,0.14768071007455008,-1.0205829238249695,-0.10646503045023847,0.914117893374731,5.838000338865675,0.12747468592015793,0.7285644707577438,nan,nan
50,6,20504,forward,eps,km^2/s^2,378,376.0,2.0,-0.8276502565082695,0.09219743890037366,-0.884083347873162,-0.8226873500867002,0.061395997786461765,-0.9840399596112792,-0.05015293496594231,0.9338870246453369,6.923153979762664,0.057465866019966144,0.7773395188114952,nan,nan
50,7,27924,forward,eps,km^2/s^2,1214,1214.0,0.0,-0.9138817725285737,0.04317326979675029,-0.9786629666759735,-0.8454471707997727,0.1332157958762008,-1.0206562915180895,-0.8085486977147093,0.21210759380338018,0.07966560237829398,0.07657901616727429,0.11823068010206839,nan,nan
50,8,76903,forward,eps,km^2/s^2,285,285.0,0.0,-0.19389614399521837,0.05804603125919231,-0.25093490354806003,-0.11614115685433324,0.1347937466937268,-0.834381320563222,-0.051543237175719625,0.7828380833875024,-4.6828306166080615,0.08974105334177332,0.6285921214221959,nan,nan
50,9,78960,forward,eps,km^2/s^2,18817,18816.0,1.0,-0.1600009096858095,0.034151562933455434,-0.19831269462286177,-0.09898880806390792,0.09932388655895386,-0.8140495661176453,-0.09150487178794975,0.7225446943296956,-0.10147163780017478,0.052706313206708766,0.6679098041001841,nan,nan
50,10,9905,forward,eps,km^2/s^2,4965,4965.0,0.0,-0.932355465365136,0.023478575402531926,-0.9662973643231642,-0.8963902036305503,0.06990716069261382,-0.9771607957760384,-0.8112641613846572,0.16589663439138125,0.38606732833569773,0.04120380028721362,0.11416895320748,nan,nan
50,11,210447,forward,eps,km^2/s^2,3063,3058.0,5.0,-0.8426440144730754,0.04218732968396056,-0.972659529439666,-0.8314051141672795,0.14125441527238658,-1.0132395932764513,-0.8067932352844152,0.20644635799203614,-2.0508271493433257,0.12890785226856707,0.1694879161053523,nan,nan
50,12,22498,forward,eps,km^2/s^2,655,654.0,1.0,-0.8272613007279339,0.03684331716073257,-0.8822967790414111,-0.812221651662116,0.07007512737929511,-1.0150456054286332,-0.20902786019331088,0.8060177452353223,6.143837619703333,0.05804735817160075,0.6152849934987548,nan,nan
50,13,152421,forward,eps,km^2/s^2,1773,1773.0,0.0,-0.24564829580190084,0.014830882681461426,-0.2585646012450009,-0.2138068224359557,0.04475777880904522,-0.25930099629598635,-0.18905486577016373,0.07024613052582263,0.6799413431240684,0.02717666506544227,0.05192862173123425,nan,nan
50,14,166474,forward,eps,km^2/s^2,8815,8814.0,1.0,-0.9064017255194674,0.021931722908399842,-0.9411703120833241,-0.8837893049037198,0.05738100717960437,-1.0203921731849346,-0.8091131928517981,0.21127898033313652,0.06626773029394852,0.04726231770471263,0.12471017724837541,nan,nan
50,15,43359,forward,eps,km^2/s^2,2140,2140.0,0.0,-0.8886510606361353,0.0232963944645472,-0.9372774603758356,-0.860205706406546,0.07707175396928956,-0.9737461236000942,-0.8240200317347267,0.14972609186536745,-0.8030630074111835,0.0474851609819744,0.08391211288232248,nan,nan
50,16,41854,forward,eps,km^2/s^2,7409,7407.0,2.0,-0.18221709216567306,0.026643751209841724,-0.21309323055215595,-0.14421213250143405,0.0688810980507219,-0.8306880040161052,-0.08588686418566283,0.7448011398304424,-5.351897539643716,0.040318060537484164,0.6462291084510723,nan,nan
50,17,61863,forward,eps,km^2/s^2,433,433.0,0.0,-0.91641830817511,0.04521777649817225,-0.9758918583249805,-0.8152603715628228,0.16063148676215766,-1.0201739466041788,-0.806596914213894,0.2135770323902848,0.4224038952471046,0.11192879975608758,0.12059225710501642,nan,nan
50,18,120454,forward,eps,km^2/s^2,12525,12524.0,1.0,-0.9445931517736216,0.02427478114144199,-0.9704465281333696,-0.901384321647863,0.06906220648550665,-0.9770447708625187,-0.807337823383714,0.16970694747880477,1.0754219511979295,0.037265150751363926,0.12781186189853366,nan,nan
50,19,30745,forward,eps,km^2/s^2,271,271.0,0.0,-0.9510333918801304,0.03264984788170377,-0.9800540337855319,-0.893663671937313,0.08639036184821891,-0.9808685395888803,-0.8106322875081445,0.17023625208073578,1.3764309763237257,0.04739441345569728,0.13042579788486575,nan,nan
50,20,110203,forward,eps,km^2/s^2,1784,1784.0,0.0,-0.911007288832236,0.03773877128680261,-0.9759986192456368,-0.8562243031459938,0.11977431609964295,-0.9819574797448467,-0.8199640941600719,0.16199338558477483,-0.09175583878631167,0.06291046378004846,0.09888977524553066,nan,nan
50,21,78354,forward,eps,km^2/s^2,269,269.0,0.0,-0.8321040044587829,0.036186644748384296,-0.9219476569231273,-0.8149626998179615,0.10698495710516576,-1.0194952570673936,-0.8066806263009065,0.2128146307664871,-1.9239189865059458,0.09485949934222764,0.19240709948649393,nan,nan
50,22,65262,forward,eps,km^2/s^2,717,717.0,0.0,-0.251106430109339,0.01554451117435144,-0.25655528304964437,-0.20736988218964283,0.04918540086000153,-0.2574162916054966,-0.1911870322661362,0.06622925933936041,1.4096411557927893,0.04032482794914845,0.05650767787265509,nan,nan
50,23,151422,forward,eps,km^2/s^2,3376,3371.0,5.0,-0.16999026723717536,0.03666649666399696,-0.2072979265772874,-0.10711541300017502,0.10018251357711239,-0.25836749841118056,-0.06609019004209948,0.19227730836908108,0.08353934700886693,0.054086444091146546,0.0987441349095114,nan,nan
50,24,69514,forward,eps,km^2/s^2,1548,1547.0,1.0,-0.14382239712445033,0.04455719919806611,-0.18728564011085308,-0.12202222777160394,0.06526341233924914,-0.834138798996539,-0.11547238202482468,0.7186664169717143,-11.03117312479291,0.04611496712449452,0.6929681260101804,nan,nan
50,25,168114,forward,eps,km^2/s^2,1774,1771.0,3.0,-0.8878858260089338,0.10924048022305248,-0.9516925231552155,-0.807716155580851,0.1439763675743645,-1.0084233505739606,-0.11420703314564817,0.8942163174283124,5.570903524210654,0.09171550508453497,0.7518494687168897,nan,nan
50,26,148588,forward,eps,km^2/s^2,6986,6983.0,3.0,-0.16721095566841426,0.03618323487507208,-0.21011528873038604,-0.11175684888301404,0.098358439847372,-0.25821422529699,-0.04380055913553149,0.21441366616145852,0.18950991118446003,0.05288439058603865,0.11995154529561769,nan,nan
50,27,167957,forward,eps,km^2/s^2,1,1.0,0.0,-0.9711703431717588,0.0,-0.9711703431717588,-0.9711703431717588,0.0,-0.9711703431717588,-0.9711703431717588,0.0,nan,0.0,0.0,nan,nan
50,28,12828,forward,eps,km^2/s^2,588,582.0,6.0,-0.8175830546831464,0.03427052057494886,-0.8506088975338276,-0.8123775223572614,0.038231375176566273,-0.9750423374714099,-0.24064714418391808,0.7343951932874918,6.79404400920132,0.033478128106850795,0.5770268584231494,nan,nan
50,29,34556,forward,eps,km^2/s^2,417,417.0,0.0,-0.8594049159799286,0.04291454538533327,-0.9630919650124712,-0.8148666030747631,0.14822536193770808,-0.97713803586008,-0.8067424945822104,0.1703955412778696,-0.6839842246551746,0.11858498120923278,0.13263105205684156,nan,nan
50,30,48939,forward,eps,km^2/s^2,6961,6961.0,0.0,-0.23597281445288754,0.009300411984162588,-0.2483963204377876,-0.21850734607794575,0.029888974359841836,-0.25941407703174046,-0.19156298321794263,0.06785109381379784,0.2468786367196366,0.01779176298481755,0.044125407795651994,nan,nan
50,31,88569,forward,eps,km^2/s^2,2769,2766.0,3.0,-0.8689758219342916,0.02284414294086912,-0.9187929967560184,-0.8485000459575447,0.07029295079847375,-0.9555768879107476,-0.8120495647689636,0.14352732314178396,-0.8829245760871377,0.049014563454946924,0.08391797444716675,nan,nan
50,32,176015,forward,eps,km^2/s^2,15599,15597.0,2.0,-0.8676747075888158,0.021454705372732502,-0.9068791062280681,-0.8403438729772571,0.06653523325081101,-1.0169163672704298,-0.8067458812098439,0.21017048606058586,-0.9924950230203863,0.037309236463067816,0.1470434210329633,nan,nan
50,33,116002,forward,eps,km^2/s^2,11190,11184.0,6.0,-0.8730942692265702,0.02675382178393665,-0.9287220018603672,-0.8413685778853616,0.08735342397500567,-1.0195465359042162,-0.8068933437207682,0.21265319218344803,-0.6685356558046586,0.05931515314583665,0.14994162665586863,nan,nan
50,34,29608,forward,eps,km^2/s^2,442,442.0,0.0,-0.1672275808678631,0.07369115192357231,-0.21569358973024783,-0.06550324904787103,0.1501903406823768,-0.8856622325304457,-0.04389160369217371,0.841770628838272,-5.437978039182213,0.11130489926946778,0.7105106334147168,nan,nan
50,35,52314,forward,eps,km^2/s^2,3885,3885.0,0.0,-0.9538278545241294,0.029128043967194487,-0.9851472903534028,-0.9040602694782076,0.08108702087519515,-0.988444367298666,-0.8102890502685777,0.17815531703008836,0.9003064193361698,0.04398610718444888,0.13775732639407878,nan,nan
50,36,31348,forward,eps,km^2/s^2,165,164.0,1.0,-0.8224464091160056,0.04920801262472595,-0.8343700460365092,-0.8118894853602314,0.022480560676277794,-0.9322294570881836,-0.20960742047084435,0.7226220366173393,11.652437381589776,0.01943188316312859,0.6056716020216978,nan,nan
50,37,165589,forward,eps,km^2/s^2,9558,9558.0,0.0,-0.9378667367380986,0.01827783697225668,-0.9573403491724436,-0.9092897699260031,0.04805057924644052,-1.020820045950525,-0.8095313121446963,0.2112887338058287,1.5404255483776146,0.027014030836410848,0.1250293692877551,nan,nan
50,38,35110,forward,eps,km^2/s^2,1164,1164.0,0.0,-0.09132875388508455,0.08862225480497406,-0.16945129412048252,-0.04616025675207127,0.12329103736841124,-0.8794541554444945,-0.044584527638278915,0.8348696278062155,-6.601852706879462,0.09345072936956017,0.8034535906935721,nan,nan
50,39,80416,forward,eps,km^2/s^2,7244,7243.0,1.0,-0.21819818260910562,0.010869688315773394,-0.232630907351502,-0.19906867308177909,0.03356223426972291,-0.25813060857751946,-0.17908687314461547,0.079043735432904,0.08724516933570017,0.021918920037307967,0.0407708136640762,nan,nan
50,40,37316,forward,eps,km^2/s^2,864,862.0,2.0,-0.9229247622313773,0.049155400226002066,-0.9767874531826704,-0.8248361174652324,0.1519513357174379,-1.020440955040417,-0.8064880705613207,0.21395288447909633,0.47346208875059764,0.10690520129126356,0.12525324819517536,nan,nan
50,41,8157,forward,eps,km^2/s^2,2550,2550.0,0.0,-0.8799835943753278,0.015889089903366634,-0.8955965566645603,-0.8635088101329642,0.03208774653159607,-0.9819994090634598,-0.858573112791224,0.12342629627223589,-3.082992828814323,0.01867989398412922,0.10508274638302884,nan,nan
50,42,35310,forward,eps,km^2/s^2,320,320.0,0.0,-0.8702732675076248,0.026565265280314967,-0.9341462679699358,-0.8468237493520733,0.08732251861786255,-0.9607537122324092,-0.8201840618752965,0.14056965035711277,-0.9209757934319834,0.06160728206642282,0.08821472632889626,nan,nan
50,43,30636,forward,eps,km^2/s^2,801,800.0,1.0,-0.8954958375693454,0.040603210623247996,-0.9578148154961302,-0.8102106296240814,0.14760418587204882,-1.0160398633790297,-0.8063625597697947,0.2096773036092351,0.14784147195341485,0.09555804224783124,0.11122250256550459,nan,nan
50,44,83559,forward,eps,km^2/s^2,808,806.0,2.0,-0.17779150855866005,0.05192432198238165,-0.21610725060846603,-0.07773333183616449,0.13837391877230154,-0.9752300854924874,-0.043981079635574294,0.9312490058569131,-4.099861078231716,0.10679148582429232,0.7928444421526372,nan,nan
50,45,23915,forward,eps,km^2/s^2,4561,4560.0,1.0,-0.9924139501194471,0.00993501186341648,-1.0053108343463768,-0.9729588465980299,0.03235198774834691,-1.0085644016778017,-0.9677912488896288,0.04077315278817295,0.34120954925308805,0.027810732259214477,0.03297832996761563,nan,nan
50,46,35907,forward,eps,km^2/s^2,884,883.0,1.0,-0.17653867924545696,0.040587019796237175,-0.21379496789594105,-0.11536500397538206,0.09842996392055899,-0.23655967349291407,-0.04453695843987415,0.19202271505303992,0.789791945288847,0.06121694222442676,0.13204498775993467,nan,nan
50,47,170879,forward,eps,km^2/s^2,15630,15626.0,4.0,-0.08883214512290682,0.036643107004143874,-0.17509604797668019,-0.06557979624644364,0.10951625173023655,-0.8267214821822352,-0.046719852405381124,0.780001629776854,-5.440638635767227,0.09934664510479316,0.7509720793103482,nan,nan
50,48,179044,forward,eps,km^2/s^2,1231,1228.0,3.0,-0.8207536486391798,0.052083426947065505,-0.8319799907811075,-0.8113229425236915,0.02065704825741599,-0.8340430598311345,-0.11395464965332391,0.7200884101778106,12.894557170499235,0.013479182998777697,0.7047083363250068,nan,nan
50,49,222546,forward,eps,km^2/s^2,1310,1310.0,0.0,-0.8455908292489194,0.046635326195199465,-0.8685611244765314,-0.8077080165262597,0.06085310795027177,-1.0193955780484538,-0.2538832025261496,0.7655123755223042,6.956919652404304,0.04329082226084216,0.5968832579718851,nan,nan
50,0,155584,forward,e,-,12184,12184.0,0.0,0.6781517216289125,0.0655964945568999,0.5720001116595329,0.7698004262943511,0.19780031463481818,0.4312426450615727,0.7877032674553864,0.3564606223938137,-0.5527190431424021,0.12164668381873171,0.26240415041669185,nan,nan
50,1,24196,forward,e,-,3715,3715.0,0.0,0.48232576141570754,0.04742232574863687,0.3846860200500591,0.5298630195856616,0.14517699953560254,0.37137042377216645,0.5347098092684178,0.16333938549625138,-0.5013731025391599,0.08693798747645703,0.10025358375434967,nan,nan
50,2,23568,forward,e,-,824,824.0,0.0,0.4042477322388677,0.04017874040622002,0.36347952431315195,0.49375462547184695,0.130275101158695,0.3535949382275066,0.5792593628985503,0.2256644246710437,1.4765567423888393,0.08406346681291131,0.16956820423961466,nan,nan
50,3,171049,forward,e,-,2417,2415.0,2.0,0.2515123967513194,0.0815724962510112,0.17390929402771255,0.44489034272476585,0.2709810486970533,0.17108557576733655,0.56932910221214,0.39824352644480343,1.0750523759262554,0.19302049132253166,0.3174592508099058,nan,nan
50,4,50148,forward,e,-,5559,5559.0,0.0,0.6072272173214109,0.059173388655656835,0.5218304119137505,0.6927989127464931,0.17096850083274262,0.19199999451565247,0.7280740200717323,0.5360740255560799,-0.47691869075608334,0.09561909124924088,0.4221394842313471,nan,nan
50,5,51611,forward,e,-,1286,1280.0,6.0,0.24824636634835362,0.0953416723600541,0.19118316388579976,0.4893374913963626,0.29815432751056287,0.17001816509090778,0.745750992301869,0.5757328272109612,1.7849609949688647,0.23739926293966665,0.4938127638451731,nan,nan
50,6,20504,forward,e,-,378,376.0,2.0,0.23315675103722122,0.07555800584381875,0.22249308706295476,0.35895074897791573,0.13645766191496098,0.20120277178477217,0.8805307353897781,0.6793279636050059,3.8560824876854136,0.12670275585419055,0.6482827422660529,nan,nan
50,7,27924,forward,e,-,1214,1214.0,0.0,0.41083193898008163,0.0766479887995483,0.27738036326745813,0.51364393186999,0.2362635686025319,0.17689843824555226,0.572716237374,0.3958177991284477,-0.37371315901756064,0.12515271709793327,0.2142698026082139,nan,nan
50,8,76903,forward,e,-,285,285.0,0.0,0.530244772716656,0.11206016296869137,0.3772177508012808,0.7224051333581856,0.3451873825569048,0.2502763816063585,0.8772211912241045,0.6269448096177459,0.15874057877924713,0.2222324680650215,0.3767974799917704,nan,nan
50,9,78960,forward,e,-,18817,18816.0,1.0,0.6157745540846854,0.08296665447343803,0.5199403288108726,0.7637552328755606,0.24381490406468798,0.19467602866574538,0.7816920234021807,0.5870159947364353,0.2607573162977813,0.130201534653413,0.4551253754819269,nan,nan
50,10,9905,forward,e,-,4965,4965.0,0.0,0.4412733824287487,0.03976850147879734,0.37893102719372296,0.49498529170742883,0.11605426451370587,0.183587739531971,0.5114374519043574,0.3278497123723864,-0.7352638161213032,0.06568819730482049,0.2461216423838976,nan,nan
50,11,210447,forward,e,-,3063,3058.0,5.0,0.27024032840470286,0.07838282654758422,0.2425304088442681,0.5047005687667985,0.26217015992253034,0.17007196115669213,0.5625278524918813,0.3924558913351892,1.8726022338310044,0.23172890704376914,0.289556190768852,nan,nan
50,12,22498,forward,e,-,655,654.0,1.0,0.23194516187872122,0.05931820491196847,0.1878358160683125,0.35411005831304226,0.16627424224472975,0.17160304738794754,0.5650182522356815,0.39341520484773396,2.305637716239169,0.13007597850996566,0.34098417243260487,nan,nan
50,13,152421,forward,e,-,1773,1773.0,0.0,0.39270873335122236,0.04088932585545702,0.35563124494357845,0.4786479884174029,0.12301674347382446,0.3534727015855489,0.544075470334349,0.1906027687488001,0.6373947476949017,0.07337582621597372,0.1388033081329198,nan,nan
50,14,166474,forward,e,-,8815,8814.0,1.0,0.3979082831836701,0.03964833491798179,0.3563894283931497,0.45629396424186014,0.09990453584871045,0.1786603784825785,0.5723949176684211,0.39373453918584256,-0.8559235406800242,0.08056442469288486,0.19995555949331859,nan,nan
50,15,43359,forward,e,-,2140,2140.0,0.0,0.36495126020689495,0.04250373110049628,0.30827766842808113,0.4495744828672434,0.14129681443916225,0.22394481879656414,0.506451343596895,0.2825065248003309,0.5873141536044405,0.0829651131559853,0.14326703336580526,nan,nan
50,16,41854,forward,e,-,7409,7407.0,2.0,0.5603512187908685,0.05868011079982914,0.48145240753518764,0.6542942135832963,0.17284180604810867,0.1988113310901953,0.7953491800919326,0.5965378490017372,0.39236747557601787,0.1001425658715287,0.3556078478154897,nan,nan
50,17,61863,forward,e,-,433,433.0,0.0,0.41490472811561124,0.08508012927696218,0.1980522674081597,0.5095623505942024,0.3115100831860427,0.16949320295763892,0.5721043294030014,0.40261112644536245,-0.8948043032576369,0.23502953597897708,0.2635886004294982,nan,nan
50,18,120454,forward,e,-,12525,12524.0,1.0,0.4615347665109591,0.041168506929825426,0.3887300929279009,0.5014480415026522,0.11271794857475131,0.17246289018799887,0.5112590529177172,0.33879616272971835,-1.5607640737831272,0.06001254911891868,0.2738538911800603,nan,nan
50,19,30745,forward,e,-,271,271.0,0.0,0.47155641901705153,0.05684252348641,0.37449998212058205,0.5156987009715066,0.14119871885092455,0.1816681563092763,0.5168726041016974,0.33520444779242115,-1.8562406748282656,0.08120682328227574,0.2740386490935815,nan,nan
50,20,110203,forward,e,-,1784,1784.0,0.0,0.4054910693190905,0.06651319702359643,0.3000619771023982,0.5096246398968377,0.20956266279443952,0.20922154755111183,0.5184689620320352,0.30924741448092335,-0.08023541170056807,0.11892460376095507,0.20976503331224144,nan,nan
50,21,78354,forward,e,-,269,269.0,0.0,0.24458476586545796,0.07397456759301602,0.1970117946226563,0.42431272924182045,0.22730093461916415,0.16972585532011825,0.5711935451900068,0.4014676898698885,1.4888327391556369,0.1926731941471381,0.33955401009532443,nan,nan
50,22,65262,forward,e,-,717,717.0,0.0,0.3777462464301072,0.04287818621751229,0.36165488349952224,0.49725296653157147,0.13559808303204923,0.35907069968116695,0.5386737053151543,0.1796030056339874,1.3418811940064632,0.1092679136683984,0.15068865245198126,nan,nan
50,23,151422,forward,e,-,3376,3371.0,5.0,0.5909985451011253,0.09110526826854454,0.4965884830134795,0.7442052293280834,0.2476167463146039,0.3562089582089487,0.8425759630388887,0.48636700482994,0.02882950581812655,0.13212359040077432,0.2604572194803696,nan,nan
50,24,69514,forward,e,-,1548,1547.0,1.0,0.6553084575214584,0.06254743706805323,0.5474741777112473,0.7081946782161375,0.16072050050489017,0.1759040453018719,0.7240520802989122,0.5481480349970403,-1.8644124366008368,0.11428859078093692,0.4858587231903123,nan,nan
50,25,168114,forward,e,-,1774,1771.0,3.0,0.3671461848421245,0.09548298027742583,0.17768835068994102,0.480649798824317,0.302961448134376,0.1698141830836259,0.7270899802107073,0.5572757971270814,0.22378949888290225,0.15966524392284007,0.40610542530923033,nan,nan
50,26,148588,forward,e,-,6986,6983.0,3.0,0.5978534361890948,0.08965947585880865,0.48939714763694037,0.7330090098146047,0.24361186217766434,0.3567731363998195,0.8956399397956282,0.5388668033958086,0.15236502703873,0.12870900948320171,0.2892087486538234,nan,nan
50,27,167957,forward,e,-,1,1.0,0.0,0.502478925505453,0.0,0.502478925505453,0.502478925505453,0.0,0.502478925505453,0.502478925505453,0.0,nan,0.0,0.0,nan,nan
50,28,12828,forward,e,-,588,582.0,6.0,0.20495062289961108,0.051498762117078524,0.18810291317541836,0.28894881815147555,0.1008459049760572,0.17222573043226008,0.5082509294508964,0.33602519901863637,3.874893330478161,0.08392615520902977,0.30322826650845064,nan,nan
50,29,34556,forward,e,-,417,417.0,0.0,0.3080842079053202,0.08452757742695313,0.19448828685026623,0.49042621058101576,0.29593792373074956,0.16987312589813894,0.5113890038622692,0.3415158779641302,0.3336073970512204,0.2166792555340413,0.23764204881529472,nan,nan
50,30,48939,forward,e,-,6961,6961.0,0.0,0.4201120603920644,0.025520012896187258,0.38537235741659065,0.4673207989215638,0.08194844150497316,0.35321325181105695,0.5377153251540268,0.1845020733429698,0.20249549947244275,0.048475677520438964,0.11721119115286077,nan,nan
50,31,88569,forward,e,-,2769,2766.0,3.0,0.32674612928475927,0.04442944453614724,0.28276759295547776,0.4188620431562147,0.13609445020073696,0.1885850058045523,0.47898960426842624,0.2904045984638739,0.6312349419674615,0.09164127852083623,0.14681690637331113,nan,nan
50,32,176015,forward,e,-,15599,15597.0,2.0,0.32478843894460857,0.04238872208632337,0.2644420882654534,0.3988314514525987,0.13438936318714528,0.17006665311222163,0.5677142685961701,0.3976476154839485,0.6093607571441904,0.07530470663333319,0.2385671263520956,nan,nan
50,33,116002,forward,e,-,11190,11184.0,6.0,0.33544099407920236,0.051878915446835296,0.2666196629258681,0.43573657091697776,0.16911690799110968,0.17073231361406763,0.5711940403640638,0.40046172674999625,0.3828460195488874,0.11068763599282046,0.24278481958449355,nan,nan
50,34,29608,forward,e,-,442,442.0,0.0,0.5977675165636516,0.11704421977840329,0.47487433602626,0.8439734965117982,0.3690991604855382,0.2587020329784887,0.8954250633070769,0.6367230303285882,0.4657011035219704,0.26804528304077707,0.3193497306139127,nan,nan
50,35,52314,forward,e,-,3885,3885.0,0.0,0.47592647678927946,0.04824187048001416,0.39308608368887726,0.5230876778442783,0.13000159415540108,0.18060150104343092,0.5278521996736902,0.3472506986302593,-1.2804681122226118,0.07367909840988036,0.2861636810553267,nan,nan
50,36,31348,forward,e,-,165,164.0,1.0,0.22005248546901943,0.03443280499944308,0.1881980157953782,0.25177797970932037,0.06357996391394216,0.18083186966763734,0.4909186749852805,0.3100868053176432,4.639045758735813,0.0530404153337052,0.29218111060966534,nan,nan
50,37,165589,forward,e,-,9558,9558.0,0.0,0.4508977462653677,0.0318082538360504,0.40284381747822473,0.48161603331044694,0.07877221583222221,0.18006859812466913,0.572955757279698,0.3928871591550289,-2.5883171197790302,0.04571405366084213,0.2654178502970127,nan,nan
50,38,35110,forward,e,-,1164,1164.0,0.0,0.7821903571310448,0.11017395073507888,0.5922671526947657,0.8900264339810868,0.2977592812863211,0.1705568463462666,0.8937718730301397,0.723215026683873,-1.3493263749166922,0.22667482709693554,0.6483851334454347,nan,nan
50,39,80416,forward,e,-,7244,7243.0,1.0,0.46804502403042014,0.0287301955472128,0.4292572112086962,0.5178009883527974,0.08854377714410122,0.3569379296820441,0.5681964971586094,0.21125856747656535,0.00434829322096072,0.057138849252072924,0.10717274902207802,nan,nan
50,40,37316,forward,e,-,864,862.0,2.0,0.42594191951600174,0.09214095463168623,0.225455113374311,0.5108989707727263,0.28544385739841527,0.1690549787012258,0.5724196200563394,0.40336464135511363,-0.7960014001587327,0.2151447864083209,0.2715449210814064,nan,nan
50,41,8157,forward,e,-,2550,2550.0,0.0,0.3480884237342456,0.02872498512656948,0.31484976785012403,0.3773310885808028,0.06248132073067875,0.3044766543443892,0.5185090086168794,0.21403235427249023,2.5806142212401135,0.03596735134631673,0.17638142544652974,nan,nan
50,42,35310,forward,e,-,320,320.0,0.0,0.32947828295877585,0.05074328048157772,0.2791079388981766,0.44505032409260875,0.16594238519443216,0.21320057943695322,0.48692515219686106,0.2737245727599078,0.6779828185820037,0.11330253735857458,0.15288950202461238,nan,nan
50,43,30636,forward,e,-,801,800.0,1.0,0.37777417074426245,0.079286779464428,0.18043817128193607,0.4823616509341598,0.3019234796522237,0.16857236846964585,0.5665258078421068,0.39795343937246097,-0.5962625766806205,0.2142278389602986,0.22609364177258884,nan,nan
50,44,83559,forward,e,-,808,806.0,2.0,0.5715639682679017,0.10734860810677502,0.4736929103639136,0.814815605321922,0.3411226949580084,0.36221899519714357,0.8952125964134294,0.5329936012162859,0.8089902487582254,0.2548908848292943,0.33528787592080167,nan,nan
50,45,23915,forward,e,-,4561,4560.0,1.0,0.5334762233217301,0.014343356995509465,0.5049500994269244,0.5517027582300084,0.04675265880308399,0.4976087052151129,0.5562090261526239,0.058600320937511,-0.37471197635269715,0.04043536431779416,0.04777675852960561,nan,nan
50,46,35907,forward,e,-,884,883.0,1.0,0.5744960599899147,0.10022229139664275,0.4798466289526209,0.7242924461810305,0.24444581722840958,0.41755054149254484,0.8938855077288688,0.47633496623632393,0.7423340375763514,0.1500384216854123,0.31938944773895406,nan,nan
50,47,170879,forward,e,-,15630,15626.0,4.0,0.788131128441519,0.07963610276657712,0.578112153475626,0.8436983707069149,0.26558621723128895,0.20676521138336054,0.8887012718543874,0.6819360604710268,-1.690404931896898,0.24130988274658924,0.6126568248388546,nan,nan
50,48,179044,forward,e,-,1231,1228.0,3.0,0.21502005242907574,0.0399559579567343,0.18627440094844344,0.245251846262572,0.058977445314128546,0.17920248327938595,0.7277029201605212,0.5485004368811353,9.498769279448949,0.03652457500441376,0.5189756489023629,nan,nan
50,49,222546,forward,e,-,1310,1310.0,0.0,0.2781485442117009,0.059962363969103885,0.1733739337396,0.32962036230108943,0.15624642856148943,0.17216735158438884,0.5709867870567714,0.3988194354723826,1.4606711164751756,0.116652246359491,0.2816754246309989,nan,nan
50,0,155584,forward,w,deg,12184,12184.0,0.0,-4.874812212171079,16.653967646167185,-10.412206035319254,30.588077233596607,41.000283268915865,-178.27928121128036,179.18815878196386,357.4674399932442,3.9987184362034602,41.17257068967895,179.93464808969577,161.7353972081786,0.9661796759296984
50,1,24196,forward,w,deg,3715,3715.0,0.0,-3.1629968599204403,12.354423666044388,-12.748930941046126,32.74630957470668,45.495240515752805,-13.75208881639918,48.22678764213356,61.97887645853274,1.720383785340063,37.502498085269785,52.982976152696665,303.5322320933671,0.977324533846962
50,2,23568,forward,w,deg,824,824.0,0.0,-5.731503247680607,24.773694878837567,-25.726462021205805,46.70828201560919,72.434744036815,-26.67217881482688,167.90384489055418,194.57602370538106,1.468640871936419,69.94166958399326,177.41427431620622,207.58672986716553,0.9154914895182579
50,3,171049,forward,w,deg,2417,2415.0,2.0,-2.279332546611215,33.24894441565933,-34.816293730424675,61.71957148280755,96.53586521323223,-177.90050377577444,168.52349573496724,346.4239995107417,0.8567003182671773,61.18959703432988,179.8197080480171,65.56123463117181,0.8510629820630572
50,4,50148,forward,w,deg,5559,5559.0,0.0,-5.720824263063037,24.195633528429568,-18.421868290821983,41.10978988611604,59.53165817693802,-177.70908742793844,179.42333507636863,357.1324225043071,1.5480119062197362,55.401298152651286,179.03869392594652,181.31943980132715,0.9286487377297058
50,5,51611,forward,w,deg,1286,1280.0,6.0,-6.069538445601509,35.01381908154308,-39.18750173656135,65.574544559817,104.76204629637834,-170.7908398172333,157.12711229132628,327.9179521085596,0.5054814390118576,57.907749600015826,177.70543849837873,104.7388847209111,0.8364153363920696
50,6,20504,forward,w,deg,378,376.0,2.0,1.1573071287877355,21.30484534212604,-17.889116728191482,13.564455584624447,31.45357231281593,-146.88993105102756,112.05190665753412,258.9418377085617,-0.8833150115403534,26.72878296390634,154.85177711811528,151.6530127224405,0.9451796709488942
50,7,27924,forward,w,deg,1214,1214.0,0.0,-12.922334161670221,37.38097314945115,-30.004940438514588,74.12246135795515,104.12740179646974,-177.32448881450253,173.19482133181754,350.5193101463201,1.2657345334869203,101.56204781737527,165.30507060929634,346.4424684192115,0.8197130902244376
50,8,76903,forward,w,deg,285,285.0,0.0,1.8569216448121324,40.428328462743835,-65.7696514977905,55.95902827029356,121.72867976808406,-169.86630415629713,153.91373983628222,323.78004399257935,0.4541632258921292,83.83435265151132,174.14417632994366,318.1050657531608,0.8030270791364585
50,9,78960,forward,w,deg,18817,18816.0,1.0,-2.3744333293466866,21.358044314825175,-24.41692305688811,34.13480698963199,58.5517300465201,-170.0458060426112,176.3171035343239,346.36290957693507,-0.5972270475818082,48.91810048657936,179.64760506754692,179.86880325855148,0.9395452320701811
50,10,9905,forward,w,deg,4965,4965.0,0.0,-1.2012032949676836,11.511441077636963,-6.9203740844816135,14.822387077620835,21.742761162102447,-127.87290686699521,150.07010100212256,277.94300786911776,4.479982678870613,17.58227730173004,152.69747615067098,297.92941049092644,0.9850359796241964
50,11,210447,forward,w,deg,3063,3058.0,5.0,-8.272440350637211,34.031486911898924,-23.538428285746022,85.70116589116971,109.23959417691573,-97.87225998658766,131.58254908036565,229.45480906695332,1.6796947819885844,103.43866357385242,149.3200467630483,61.47840872549467,0.8492551532104305
50,12,22498,forward,w,deg,655,654.0,1.0,-3.775061957149717,25.06928945489387,-22.203576967199446,58.16384794525583,80.36742491245528,-147.08835133472553,178.50184160235688,325.5901929370824,2.47605962620148,67.86663941903387,173.02786028412544,160.1740076814987,0.9234594104618624
50,13,152421,forward,w,deg,1773,1773.0,0.0,-5.520251298187361,38.039299132194365,-38.754584704256736,79.40684865488882,118.16143335914555,-44.47352717375969,157.55061369405132,202.024140867811,1.4239137330987908,106.49027166527702,178.60036768450598,245.48307761691137,0.8183819428008366
50,14,166474,forward,w,deg,8815,8814.0,1.0,-8.500531229167791,25.85784846458516,-18.00041110089315,40.82962385730187,58.830034958195014,-179.50872026814386,157.65452755748197,337.16324782562583,1.0499284956200778,60.161748148950444,173.0316028511379,8.798624477712046,0.9131334343773486
50,15,43359,forward,w,deg,2140,2140.0,0.0,-4.421006425875987,12.745466442461087,-9.161843941222,25.727606444746783,34.889450385968786,-133.3377682978852,59.41464782177678,192.75241611966197,-0.5296075999647817,30.960395327184216,128.67070258822565,300.1631315439811,0.9771243597287379
50,16,41854,forward,w,deg,7409,7407.0,2.0,-11.652214302379718,30.842876462275868,-29.368942241272922,54.30502278249888,83.6739650237718,-178.58297850696005,176.25670084472586,354.8396793516859,0.7235696956528013,81.61141722427254,169.26522235810978,192.22290469256208,0.8675275195202241
50,17,61863,forward,w,deg,433,433.0,0.0,-0.489964061526166,35.7161828004371,-65.09037703991714,37.61578480667413,102.70616184659127,-176.403872761951,176.03188076396384,352.43575352591483,-0.3057965842558983,69.11874190747572,179.2366103495279,60.75372125621923,0.8670965275657379
50,18,120454,forward,w,deg,12525,12524.0,1.0,-3.082608262746632,20.99750282805573,-19.14184620934544,34.35160583733349,53.493452046678925,-174.62850293024758,176.38787675562332,351.0163796858709,1.9518309154256437,46.82966966258987,178.29126688496774,11.74845963688007,0.9452471747441843
50,19,30745,forward,w,deg,271,271.0,0.0,-4.1329104039458,31.221907611568337,-24.782624821002173,92.29419407798886,117.07681889899104,-29.048368749222277,139.95469135122755,169.00306010044983,2.484202762523363,105.10937729950845,152.7698745727472,27.986677781525703,0.8834088687556758
50,20,110203,forward,w,deg,1784,1784.0,0.0,-1.669505574087566,21.400892905583042,-38.70013978630381,29.881400168821944,68.58153995512575,-177.87199218973754,178.09748138007654,355.9694735698141,0.31004240099341945,38.49860382562135,179.31837546620426,334.4031630184497,0.9425104733884141
50,21,78354,forward,w,deg,269,269.0,0.0,-4.295169891719041,26.63387443547623,-20.339074324898608,51.23514250761936,71.57421683251796,-56.42794743737963,143.70555766015445,200.13350509753408,2.221865513296888,62.83945037433942,155.30986552687455,154.87407145470527,0.9103456790013583
50,22,65262,forward,w,deg,717,717.0,0.0,-2.4838397192311845,19.63445371699683,-25.45404810290408,38.20788306449296,63.66193116739704,-29.233434120497577,96.79374440650895,126.02717852700653,0.9119707332961162,34.05176460298034,92.63762594499633,212.4199552737051,0.9435820292173901
50,23,151422,forward,w,deg,3376,3371.0,5.0,-4.52575233357328,50.38046728891289,-37.926462908205906,125.47419137683622,163.40065428504212,-179.91367739857986,178.53168431460904,358.4453617131889,0.974910413687757,151.28191336861133,179.86291090236568,248.97337881214543,0.7387192653528728
50,24,69514,forward,w,deg,1548,1547.0,1.0,-4.3013412501830715,22.07926225236533,-17.79025449716204,35.2522201472683,53.042474644430335,-171.63344745309638,171.1109196786585,342.74436713175487,0.17088275100265354,48.399459297257565,178.9084472970585,200.24553956172397,0.9418353730824987
50,25,168114,forward,w,deg,1774,1771.0,3.0,-5.191133015810408,29.085290755924955,-37.16460065761271,52.340050271676844,89.50465092928955,-178.5379281951673,161.33847566561764,339.87640386078493,0.6380615508745812,68.19300111450843,174.4958811893199,133.35539943826655,0.8921099569112997
50,26,148588,forward,w,deg,6986,6983.0,3.0,-4.16006768107178,29.146405422000118,-25.73731460538706,46.67828327405374,72.4155978794408,-179.73124227728334,175.78134635788325,355.5125886351666,1.629406208740606,75.1210585486081,178.99217234988635,292.1385769115623,0.897893967480155
50,27,167957,forward,w,deg,1,1.0,0.0,0.0,0.0,0.0,0.0,0.0,0.0,0.0,0.0,nan,0.0,0.0,100.65426351693915,1.0
50,28,12828,forward,w,deg,588,582.0,6.0,-4.1850848882300795,19.14115593640058,-15.404814010114103,34.601561389732055,50.006375399846156,-46.27915535285706,114.69365045636994,160.972805809227,2.340115802854304,45.47010292319068,125.56219198982859,168.90015571718132,0.9495388113600178
50,29,34556,forward,w,deg,417,417.0,0.0,-5.705402222576993,43.62157400051326,-40.88363609746344,89.14961671238083,130.03325280984427,-173.38781633381217,145.97623138352003,319.3640477173322,0.4346210886569239,128.48427504237847,175.9743409168952,84.76992025675122,0.7692540993684717
50,30,48939,forward,w,deg,6961,6961.0,0.0,-2.6236730703259354,20.878367090516846,-24.89548497669668,33.35918097341019,58.25466595010687,-178.6755323920912,176.87338480941412,355.54891720150533,0.8675411497423714,52.78876814964045,171.1463613864376,193.00039769007168,0.9401158789337969
50,31,88569,forward,w,deg,2769,2766.0,3.0,-2.703446183985619,16.664901526808528,-15.556199736561297,30.412528824617638,45.968728561178935,-150.35657534290502,66.45110297668174,216.80767831958676,-1.4862576581311413,36.293594749729294,145.16837505215923,312.89599938189866,0.9633390664253233
50,32,176015,forward,w,deg,15599,15597.0,2.0,-2.0820851504741427,18.87834451089225,-18.464655533507333,35.16196734188768,53.626622875395014,-173.2806897925783,176.76251981548728,350.0432096080656,2.0139851242850515,52.48941406971703,179.58359315982125,15.294148667232045,0.9533957235385202
50,33,116002,forward,w,deg,11190,11184.0,6.0,-4.6253962557782415,28.728796595779254,-23.56514486273634,37.03697894972309,60.60212381245943,-177.46324521329376,179.4117992766836,356.87504448997737,-1.9578396615249707,61.27404223555563,176.32077735810492,16.353415507395074,0.9061238053867754
50,34,29608,forward,w,deg,442,442.0,0.0,-5.1144097763231,45.78368971547762,-30.960665490737302,131.83397764573215,162.79464313646946,-172.56025970932487,179.7461454718897,352.3064051812146,1.7142392687429717,157.0207595335271,178.30881966809847,279.6521557548007,0.7821472111168744
50,35,52314,forward,w,deg,3885,3885.0,0.0,-0.9223620606595659,21.20231887495312,-19.35046808168846,21.9035852322871,41.25405331397556,-177.83728641441485,154.81331976826112,332.650606182676,2.8557273632997937,28.574615353727847,171.49550398701933,314.7406887777274,0.9466880086458954
50,36,31348,forward,w,deg,165,164.0,1.0,-1.1624641045328303,15.246070834922612,-11.958856024656347,22.819153687996785,34.77800971265313,-83.38842684512178,48.73880435308695,132.12723119820873,-1.5675733181601654,27.49486326164492,84.57164519190087,347.78079490476154,0.9674972598309785
50,37,165589,forward,w,deg,9558,9558.0,0.0,-2.0731655125238717,16.796647839218416,-17.180204037037118,21.991191614491274,39.17139565152839,-179.69365091634228,179.54812837437044,359.2417792907127,1.9647233764565866,30.266782264344517,178.52547895803934,8.627592208243636,0.9630583610987239
50,38,35110,forward,w,deg,1164,1164.0,0.0,-3.2393096777685457,39.41067691932476,-25.70817874725994,68.37211448652606,94.080293233786,-177.14405308121036,179.00949942146372,356.1535525026741,1.3122577393061725,133.21130946365875,179.41626656295256,269.2756738558908,0.8462015639929803
50,39,80416,forward,w,deg,7244,7243.0,1.0,-2.3182845556309246,22.38609369561118,-28.611957033771596,37.828120474547106,66.4400775083187,-172.54742846560814,172.30396819897982,344.8513966645879,0.7861193737049704,42.66102389253531,176.69620544270845,194.22578688096246,0.9290354141342049
50,40,37316,forward,w,deg,864,862.0,2.0,-0.11283879290000698,41.013176605924116,-65.8349313722545,53.37138378525901,119.20631515751352,-176.20733727902854,161.77130202279443,337.97863930182297,-0.6951667313986041,68.58485637603606,176.40497062874397,44.12353994147684,0.806931236422521
50,41,8157,forward,w,deg,2550,2550.0,0.0,-1.709824098078201,7.713518808603671,-4.043500607063388,5.417440219930122,9.460940826993511,-4.1724715858200625,70.48825156557541,74.66072315139547,6.057827417998718,8.669797596171955,73.74060894181724,293.58196373669693,0.9915696129541242
50,42,35310,forward,w,deg,320,320.0,0.0,-4.1231911843941305,22.12644663634433,-25.776185962099255,38.718718746183406,64.49490470828266,-30.39290827437776,161.02604428986757,191.41895256424533,1.746408053378448,50.332065096729586,172.63939064041375,15.560228118682554,0.9335850438780212
50,43,30636,forward,w,deg,801,800.0,1.0,-2.3873552486386416,33.71333024041414,-42.74321663115017,30.80749850955544,73.5507151407056,-177.78431777950829,156.94127614163972,334.725593921148,-2.1088473761393463,68.07995273441054,172.31928087574357,42.176502575036174,0.8907672915537056
50,44,83559,forward,w,deg,808,806.0,2.0,-3.7695268931261126,35.4356869125375,-26.1429624976316,59.89539929448598,86.03836179211758,-175.6390086442848,179.94036624630792,355.5793748905927,1.3484520454534517,83.27119093520314,179.27850981990304,249.6382401914831,0.8738888675443828
50,45,23915,forward,w,deg,4561,4560.0,1.0,-0.4083011184536076,4.3979959803905375,-6.383943696318553,8.139357851549113,14.523301547867666,-7.65899720346647,15.082006059717344,22.741003263183813,0.5467257529522966,8.402183251989191,15.344831460157422,306.1487339541875,0.9970582687205634
50,46,35907,forward,w,deg,884,883.0,1.0,-6.338550324156586,26.047467729009036,-19.675312131131182,46.639373052119716,66.3146851832509,-36.42157664959717,171.4550585711649,207.87663522076207,2.7161181935531618,66.66383457899151,177.61246468754723,307.9334936342231,0.9172959165646181
50,47,170879,forward,w,deg,15630,15626.0,4.0,-2.9980734498153225,27.782461032146067,-20.66851704551629,36.936532915552704,57.60504996106899,-171.36793268919135,178.3449781974843,349.7129108866757,-1.4444967896591212,58.261710235298494,179.7502186087462,177.9647756689206,0.9156890144089181
50,48,179044,forward,w,deg,1231,1228.0,3.0,-3.2621149066229265,13.370854767493098,-12.861626916245331,24.491014449479906,37.35264136572523,-130.01962863856977,91.59236984155802,221.6119984801278,0.09279192002261752,22.41353033213916,132.45031594969612,11.901824328872724,0.9745678333222867
50,49,222546,forward,w,deg,1310,1310.0,0.0,-1.7734948702326818,39.231389997763394,-16.94973736217015,23.720211798953656,40.66994916112381,-177.31411150704758,179.04364856318955,356.35776007023713,-0.23118536575714282,88.05187255841997,178.75504191074924,16.46826560001384,0.8656850979583947
